1403715528712143104.000000 -0.011302767 -0.037865203 -0.001460077 0.002368847 0.000547356 0.001473931 0.999995947
1403715528762143232.000000 -0.023847969 -0.080048956 -0.003174996 0.004077782 0.001044823 0.002573269 0.999987841
1403715528812143104.000000 -0.038261324 -0.125431314 -0.005513301 0.005520664 0.002294322 0.002543665 0.999978900
1403715528862142976.000000 -0.051767964 -0.174925461 -0.008116003 0.007724646 0.002774129 0.002436450 0.999963343
1403715528912143104.000000 -0.067928962 -0.225104794 -0.012575756 0.008710809 0.003676815 0.002646328 0.999951780
1403715528962142976.000000 -0.084996410 -0.273742020 -0.016907673 0.009019318 0.004498806 0.001844043 0.999947488
1403715529012143104.000000 -0.107552625 -0.327690184 -0.023936082 0.007479552 0.004273845 -0.000454167 0.999962807
1403715529062142976.000000 -0.128521115 -0.372439355 -0.029231269 0.005744222 0.001632117 0.000548145 0.999981999
1403715529112143360.000000 -0.155177832 -0.431885034 -0.040484551 0.005547979 -0.003395576 0.000757791 0.999978602
1403715529162142976.000000 -0.184252992 -0.497556031 -0.052413605 0.005211498 -0.009488028 -0.000937812 0.999940991
1403715529212143104.000000 -0.212899387 -0.570770264 -0.069314934 0.003329320 -0.017249873 -0.002817374 0.999841750
1403715529262143232.000000 -0.244962916 -0.649537683 -0.089319244 0.000484316 -0.025302190 -0.005948441 0.999662042
1403715529312143104.000000 -0.278384566 -0.727805376 -0.108076088 -0.002770964 -0.034088857 -0.009581248 0.999369025
1403715529362142976.000000 -0.310683250 -0.800680459 -0.121632196 -0.006032350 -0.043393798 -0.014901847 0.998928726
1403715529412143104.000000 -0.344776183 -0.864150822 -0.125402972 -0.006836213 -0.052622832 -0.019551629 0.998399675
1403715529462142976.000000 -0.381146818 -0.923343241 -0.127201304 -0.006210739 -0.060907464 -0.023909286 0.997837782
1403715529512143104.000000 -0.415464014 -0.972944736 -0.119962528 -0.004959942 -0.068113908 -0.027548989 0.997284770
1403715529562142976.000000 -0.454892725 -1.025486588 -0.115750574 -0.004759422 -0.074073583 -0.030211132 0.996783733
1403715529612143360.000000 -0.491091281 -1.061622858 -0.097291820 -0.003291212 -0.079021730 -0.033082135 0.996318460
1403715529662142976.000000 -0.533654988 -1.100904346 -0.085368931 -0.001223975 -0.083212793 -0.034900304 0.995919764
1403715529712143104.000000 -0.545403600 -1.114755869 -0.072147794 0.001948150 -0.087855317 -0.037159678 0.995438039
1403715529762143232.000000 -0.611734331 -1.187989712 -0.043631759 0.000769874 -0.090277456 -0.040797792 0.995080352
1403715529812143104.000000 -0.656200349 -1.231641173 -0.029610492 0.001956208 -0.093308516 -0.041121796 0.994785786
1403715529862142976.000000 -0.700430751 -1.232496619 0.004387931 0.004860980 -0.095774412 -0.041871198 0.994510174
1403715529912143104.000000 -0.740522385 -1.340806603 0.010735958 0.003887226 -0.098723076 -0.041271184 0.994251192
1403715529962142976.000000 -0.781675398 -1.366193175 0.033771634 0.008098138 -0.100930423 -0.039973978 0.994057178
1403715530012143104.000000 -0.861270726 -1.452498674 0.041600183 0.010377806 -0.100186400 -0.041748829 0.994038343
1403715530062142976.000000 -0.915529788 -1.497719646 0.058722354 0.016903736 -0.100107290 -0.044239517 0.993848920
1403715530112143360.000000 -0.959111869 -1.573108673 0.081314668 0.022190223 -0.100086294 -0.048053835 0.993569911
1403715530162142976.000000 -1.021441340 -1.614550471 0.085995711 0.024940003 -0.098283648 -0.051635146 0.993505001
1403715530212143104.000000 -1.084519982 -1.699969292 0.083102226 0.022964364 -0.096923731 -0.055192728 0.993494987
1403715530262143232.000000 -1.132988214 -1.765512586 0.077794649 0.020503119 -0.095802687 -0.058997009 0.993438900
1403715530312143104.000000 -1.210538387 -1.881880999 0.063873395 0.016749904 -0.094322905 -0.061326157 0.993509829
1403715530362142976.000000 -1.296091557 -1.979254961 0.041606925 0.014533006 -0.093942553 -0.059205875 0.993709385
1403715530412143104.000000 -1.364154816 -2.083071470 0.003355877 0.013371678 -0.095947795 -0.055472411 0.993749499
1403715530462142976.000000 -1.454187512 -2.183502674 -0.035517540 0.012904932 -0.098871492 -0.051870860 0.993663549
1403715530512143104.000000 -1.564924359 -2.349197149 -0.070486650 0.010014164 -0.102099285 -0.051455330 0.993392110
1403715530562142976.000000 -1.643648267 -2.459805965 -0.101912677 0.009534181 -0.107317559 -0.050168734 0.992912471
1403715530612143360.000000 -1.742857933 -2.575538397 -0.133044794 0.009493245 -0.111392893 -0.050074823 0.992468715
1403715530662142976.000000 -1.824380279 -2.660665989 -0.155857846 0.011011693 -0.115982778 -0.048978273 0.991981864
1403715530712143104.000000 -1.940456510 -2.761016130 -0.192079157 0.010937135 -0.119581051 -0.048714723 0.991568327
1403715530762143232.000000 -2.036420107 -2.825847626 -0.206644356 0.011101985 -0.125079334 -0.049418472 0.990853071
1403715530812143104.000000 -2.158982515 -2.902668476 -0.235946715 0.010742967 -0.132134497 -0.050802030 0.989870846
1403715530862142976.000000 -2.242046833 -2.934361696 -0.260962546 0.013023421 -0.141398072 -0.051895455 0.988505900
1403715530912143104.000000 -2.389014006 -3.082620621 -0.290122271 0.009110291 -0.147116497 -0.054243892 0.987588704
1403715530962142976.000000 -2.477393627 -3.153390646 -0.304791003 0.008244226 -0.153608859 -0.058208272 0.986381412
1403715531012143104.000000 -2.632253647 -3.266131878 -0.323028743 0.001189934 -0.157870114 -0.060031835 0.985632718
1403715531062142976.000000 -2.721172571 -3.322646856 -0.342407227 -0.007354941 -0.163134307 -0.063161142 0.984552622
1403715531112143360.000000 -2.808703423 -3.347883463 -0.357073188 -0.017039206 -0.167463824 -0.064875759 0.983593822
1403715531162142976.000000 -2.932430744 -3.421341419 -0.371885657 -0.028279737 -0.170139566 -0.066619873 0.982758701
1403715531212143104.000000 -3.033228159 -3.489748478 -0.381304622 -0.037348688 -0.175687790 -0.061352484 0.981822193
1403715531262143232.000000 -3.168893099 -3.573698044 -0.379861653 -0.036994267 -0.180573866 -0.053035624 0.981433570
1403715531312143104.000000 -3.257117510 -3.625796080 -0.371186733 -0.029888853 -0.186500162 -0.044967800 0.980970085
1403715531362142976.000000 -3.406671524 -3.710491657 -0.348435819 -0.022413930 -0.188293636 -0.039484207 0.981062770
1403715531412143104.000000 -3.530668736 -3.799018383 -0.312376291 -0.015586686 -0.190361157 -0.036347896 0.980917215
1403715531462142976.000000 -3.631249189 -3.865078449 -0.288495481 -0.008301197 -0.191284478 -0.034851722 0.980880618
1403715531512143104.000000 -3.711445332 -3.908518076 -0.243038595 -0.002541116 -0.192973092 -0.034423195 0.980596840
1403715531562142976.000000 -3.827914715 -3.978883743 -0.195378259 -0.001086652 -0.192674428 -0.034447089 0.980657339
1403715531612143360.000000 -3.902141333 -3.973406792 -0.153826982 0.001551634 -0.193924859 -0.032122981 0.980489075
1403715531662142976.000000 -3.981408596 -4.047652721 -0.089636505 -0.002363753 -0.195754677 -0.031550754 0.980142355
1403715531712143104.000000 -4.038922310 -4.082499027 -0.009013921 -0.002164170 -0.196172178 -0.034931097 0.979944766
1403715531762143232.000000 -4.118681431 -4.081222057 0.053132057 0.001702251 -0.193171218 -0.039628007 0.980363011
1403715531812143104.000000 -4.170341969 -4.088154316 0.111660957 0.009041888 -0.191240236 -0.044133026 0.980508924
1403715531862142976.000000 -4.248180866 -4.121902466 0.188339427 0.015488685 -0.188283741 -0.048397563 0.980799198
1403715531912143104.000000 -4.312995434 -4.151137829 0.246963397 0.021634199 -0.186399788 -0.050433319 0.980940163
1403715531962142976.000000 -4.374944210 -4.157552242 0.312689990 0.028633609 -0.184108481 -0.052169904 0.981102765
1403715532012143104.000000 -4.413863659 -4.181932449 0.362763554 0.031292737 -0.183632806 -0.053511821 0.981038392
1403715532062142976.000000 -4.503421783 -4.220283031 0.430516779 0.033117779 -0.180972904 -0.055179831 0.981380284
1403715532112143360.000000 -4.553452969 -4.257126331 0.486724228 0.033995684 -0.179650694 -0.057480186 0.981461227
1403715532162142976.000000 -4.617585182 -4.258060455 0.527447522 0.036168195 -0.178416848 -0.058081042 0.981573164
1403715532212143104.000000 -4.659861565 -4.270418167 0.569171786 0.036744580 -0.178941742 -0.057653174 0.981481433
1403715532262143232.000000 -4.724617481 -4.284873962 0.613246739 0.037522770 -0.180264845 -0.057581693 0.981214046
1403715532312143104.000000 -4.771146774 -4.264485359 0.636612833 0.038202759 -0.183348477 -0.055267151 0.980749488
1403715532362142976.000000 -4.805032253 -4.303380013 0.662945688 0.032239001 -0.187577158 -0.054177150 0.980224669
1403715532412143104.000000 -4.826632977 -4.314784050 0.692322969 0.029213475 -0.192338169 -0.050109722 0.979613006
1403715532462142976.000000 -4.881161213 -4.333834648 0.707241654 0.025323164 -0.194723621 -0.048247728 0.979343474
1403715532512143104.000000 -4.909365654 -4.312989235 0.715210736 0.023968542 -0.197813615 -0.044027016 0.978957117
1403715532562142976.000000 -4.950975418 -4.281330585 0.721476912 0.023945613 -0.200759619 -0.037495155 0.978629887
1403715532612143360.000000 -4.987620831 -4.301436424 0.740123749 0.022035601 -0.204151705 -0.030355232 0.978220403
1403715532662142976.000000 -4.966891766 -4.298257351 0.754077077 0.022416035 -0.210402563 -0.022479082 0.977099299
1403715532712143104.000000 -5.007763386 -4.287840843 0.771626949 0.024494642 -0.212220684 -0.014969919 0.976800025
1403715532762143232.000000 -4.986148834 -4.309286594 0.787552476 0.023757624 -0.216542900 -0.010308890 0.975929618
1403715532812143104.000000 -4.982568264 -4.285649776 0.796499252 0.025655301 -0.217299983 -0.005572643 0.975751817
1403715532862142976.000000 -4.989230156 -4.293357372 0.808053017 0.025279125 -0.215237081 -0.002450040 0.976231515
1403715532912143104.000000 -4.912317276 -4.268907070 0.839463770 0.024906904 -0.214765549 0.000651042 0.976347864
1403715532962142976.000000 -4.881691933 -4.216397762 0.858730316 0.025261955 -0.209124580 0.005332325 0.977548122
1403715533012143104.000000 -4.834604263 -4.192983150 0.889554381 0.022961790 -0.201333165 0.009855950 0.979204059
1403715533062142976.000000 -4.757194996 -4.141648769 0.923873365 0.021237897 -0.192505077 0.014769396 0.980955005
1403715533112143360.000000 -4.660451889 -4.127593994 0.954183519 0.018090282 -0.181902722 0.018230574 0.982981086
1403715533162142976.000000 -4.581775665 -4.090789795 0.997113287 0.019626826 -0.167542949 0.021039641 0.985444844
1403715533212143104.000000 -4.464211464 -4.026263714 1.035196066 0.028509211 -0.152761772 0.022546889 0.987594426
1403715533262143232.000000 -4.281101704 -3.973036766 1.055470705 0.035402186 -0.141093999 0.024203848 0.989066899
1403715533312143104.000000 -4.146704674 -3.952487946 1.081779480 0.039246850 -0.127096847 0.023891514 0.990825593
1403715533362142976.000000 -3.988755465 -3.949703455 1.088298082 0.038639639 -0.115954049 0.023133749 0.992233157
1403715533412143104.000000 -3.842855692 -3.920259953 1.099577665 0.037990738 -0.104828767 0.022711027 0.993504822
1403715533462142976.000000 -3.712882042 -3.937347174 1.092516661 0.032411452 -0.094534941 0.022711579 0.994734585
1403715533512143104.000000 -3.527472973 -3.936046124 1.059206128 0.027488131 -0.089680843 0.026471242 0.995239198
1403715533562142976.000000 -3.309102535 -3.977659702 1.037803054 0.020644689 -0.087818876 0.034088399 0.995338976
1403715533612143360.000000 -3.115934610 -3.987838030 0.999445498 0.016347485 -0.085951902 0.041938338 0.995281994
1403715533662142976.000000 -2.948284388 -3.999135256 0.953237951 0.012041580 -0.083183989 0.050277647 0.995192289
1403715533712143104.000000 -2.703253031 -4.098883152 0.905305743 0.004946231 -0.082839347 0.056263581 0.994961143
1403715533762143232.000000 -2.493351698 -4.151325226 0.845506847 0.002402156 -0.081063293 0.060989801 0.994838357
1403715533812143104.000000 -2.218521357 -4.205607414 0.792212725 0.000491888 -0.080176324 0.060513269 0.994942129
1403715533862142976.000000 -1.960830331 -4.281025887 0.733482838 -0.000884297 -0.076749608 0.057210315 0.995407343
1403715533912143104.000000 -1.701109409 -4.334051132 0.690689385 -0.001672227 -0.072898105 0.049521361 0.996107817
1403715533962142976.000000 -1.438292861 -4.404447079 0.646049619 -0.002019958 -0.069180526 0.043031409 0.996673584
1403715534012143104.000000 -1.146926403 -4.425073624 0.606403172 -0.001342214 -0.065663531 0.036216777 0.997183502
1403715534062142976.000000 -0.869081020 -4.434995174 0.568067968 0.000012808 -0.062867366 0.029961655 0.997572064
1403715534112143360.000000 -0.662640810 -4.475346565 0.551658273 0.000471513 -0.056601156 0.021588044 0.998163402
1403715534162142976.000000 -0.273214489 -4.479340553 0.536929429 0.000921342 -0.058356617 0.013954917 0.998197854
1403715534212143104.000000 0.007061354 -4.468622684 0.518205404 0.001823982 -0.055170067 0.005842095 0.998458266
1403715534262143232.000000 0.297444731 -4.456591606 0.494514048 0.001976849 -0.053344537 -0.000363863 0.998574197
1403715534312143104.000000 0.620270550 -4.431961536 0.499484241 0.002501784 -0.054035939 -0.006120189 0.998517156
1403715534362142976.000000 0.954301894 -4.420832634 0.485328168 0.002024428 -0.054882418 -0.009443999 0.998446167
1403715534412143104.000000 1.187497377 -4.363461971 0.495310664 0.002414971 -0.050459690 -0.011099701 0.998661578
1403715534462142976.000000 1.479688644 -4.321547985 0.502846718 0.001826904 -0.047475908 -0.011800222 0.998801053
1403715534512143104.000000 1.765511513 -4.279787540 0.520546138 0.001197420 -0.042807121 -0.011716411 0.999014020
1403715534562142976.000000 2.016004801 -4.220300674 0.531979918 0.001356481 -0.035751231 -0.010046808 0.999309301
1403715534612143360.000000 2.310611010 -4.181679249 0.561272442 -0.000531179 -0.029057123 -0.006656001 0.999555469
1403715534662142976.000000 2.545452833 -4.152204514 0.584915221 -0.002933830 -0.018986490 -0.004260530 0.999806404
1403715534712143104.000000 2.805907488 -4.111670017 0.609221637 -0.005212475 -0.009005357 -0.000838891 0.999945581
1403715534762143232.000000 3.099456787 -3.990953922 0.636981189 -0.007229180 0.001927424 0.004441551 0.999962151
1403715534812143104.000000 3.344455957 -3.928150415 0.663936734 -0.012444899 0.016435090 0.008039249 0.999755204
1403715534862142976.000000 3.603018045 -3.866671801 0.704126179 -0.017949369 0.030503640 0.012284686 0.999297976
1403715534912143104.000000 3.856682777 -3.833510637 0.738686204 -0.024218790 0.045530781 0.016333025 0.998535752
1403715534962142976.000000 4.133674622 -3.766958475 0.783957541 -0.028192135 0.059432849 0.020690911 0.997619569
1403715535012143104.000000 4.386661530 -3.697159290 0.829803050 -0.030181976 0.072593942 0.024498099 0.996603727
1403715535062142976.000000 4.631953239 -3.681170702 0.883397579 -0.035485581 0.083968371 0.027975615 0.995443344
1403715535112143360.000000 4.911172390 -3.605589151 0.939279497 -0.039436050 0.093296759 0.032503836 0.994325936
1403715535162142976.000000 5.123105526 -3.580814362 1.001059175 -0.045901548 0.102447435 0.036409110 0.993011594
1403715535212143104.000000 5.367412090 -3.521234035 1.058514953 -0.051424421 0.108184814 0.040644899 0.991967559
1403715535262143232.000000 5.614024162 -3.502871513 1.146979213 -0.057198066 0.113209344 0.044726968 0.990914524
1403715535312143104.000000 5.800387383 -3.463405848 1.251922011 -0.060670059 0.118814692 0.047624480 0.989916205
1403715535362142976.000000 6.002768993 -3.434617043 1.370736003 -0.062682107 0.122781172 0.052014504 0.989085555
1403715535412143104.000000 6.232743740 -3.425313473 1.469101787 -0.061538655 0.122301437 0.062103678 0.988634706
1403715535462142976.000000 6.452508450 -3.413606644 1.585291147 -0.055858381 0.122183479 0.071714662 0.988336027
1403715535512143104.000000 6.701514244 -3.429305077 1.703853369 -0.048198100 0.121221863 0.079644598 0.988250434
1403715535562142976.000000 6.932413578 -3.426436901 1.845371485 -0.038608570 0.121336706 0.082484111 0.988424599
1403715535612143360.000000 7.137781143 -3.439345360 1.987540007 -0.027834887 0.121930577 0.082127184 0.988743365
1403715535662142976.000000 7.386456966 -3.446212053 2.129806042 -0.020448217 0.121179499 0.079524688 0.989228606
1403715535712143104.000000 7.620892048 -3.471598148 2.273800850 -0.016529374 0.118800044 0.075240150 0.989925444
1403715535762143232.000000 7.827890396 -3.470913410 2.435140371 -0.013237434 0.115478866 0.069232054 0.990805924
1403715535812143104.000000 8.076217651 -3.467475653 2.578032732 -0.010339769 0.109942093 0.060467262 0.992043138
1403715535862142976.000000 8.295597076 -3.485467196 2.732384682 -0.010667693 0.104735546 0.048286885 0.993269920
1403715535912143104.000000 8.503454208 -3.472059011 2.888311625 -0.013136827 0.098325856 0.038657565 0.994316399
1403715535962142976.000000 8.774130821 -3.450613737 3.036111355 -0.015535536 0.087951109 0.030172536 0.995546520
1403715536012143104.000000 9.020021439 -3.486674547 3.188683987 -0.022061838 0.079075679 0.025143934 0.996307254
1403715536062142976.000000 9.221408844 -3.473731518 3.358160257 -0.027040746 0.072317511 0.019506728 0.996824265
1403715536112143360.000000 9.434000969 -3.481001616 3.514449596 -0.032313697 0.065057844 0.015268575 0.997241318
1403715536162142976.000000 9.664093018 -3.524711132 3.674055338 -0.037892889 0.057839841 0.012116525 0.997532964
1403715536212143104.000000 9.900915146 -3.546713352 3.838304281 -0.041916352 0.051660910 0.006792284 0.997761548
1403715536262143232.000000 10.103454590 -3.568555832 4.012333393 -0.044617880 0.047584862 0.000597779 0.997870088
1403715536312143104.000000 10.287520409 -3.602397680 4.198718548 -0.045663185 0.044593025 -0.005357265 0.997946739
1403715536362142976.000000 10.496544838 -3.642366648 4.392619133 -0.043891586 0.040813625 -0.012026232 0.998129845
1403715536412143104.000000 10.664824486 -3.675940037 4.583823681 -0.039098181 0.039797846 -0.021459788 0.998211861
1403715536462142976.000000 10.832144737 -3.747396708 4.793458462 -0.035216041 0.039779842 -0.030106893 0.998133779
1403715536512143104.000000 11.005072594 -3.823943377 4.997989178 -0.031158563 0.038974687 -0.038161092 0.998025060
1403715536562142976.000000 11.143625259 -3.856454134 5.211584091 -0.023810845 0.039273348 -0.044601738 0.997948587
1403715536612143360.000000 11.253416061 -3.917486668 5.427200317 -0.017858947 0.040165212 -0.048891872 0.997836351
1403715536662142976.000000 11.377722740 -3.977033138 5.636820793 -0.010258683 0.039847340 -0.052862093 0.997753739
1403715536712143104.000000 11.450055122 -4.018679142 5.857725620 0.000185050 0.041269433 -0.055183273 0.997623026
1403715536762143232.000000 11.585387230 -4.151058674 6.069916248 0.009712494 0.036739279 -0.054173548 0.997808158
1403715536812143104.000000 11.628811836 -4.228415489 6.275607109 0.021202255 0.035916332 -0.055498760 0.997587264
1403715536862142976.000000 11.695039749 -4.289515018 6.483531475 0.033092514 0.033917874 -0.059400190 0.997108877
1403715536912143104.000000 11.775500298 -4.380960941 6.684680939 0.042844690 0.031733152 -0.064665817 0.996481657
1403715536962142976.000000 11.801510811 -4.448815346 6.878024101 0.053834431 0.033462714 -0.072416283 0.995358288
1403715537012143104.000000 11.823931694 -4.532164097 7.056032658 0.063434094 0.034478988 -0.079540528 0.994213641
1403715537062142976.000000 11.807034492 -4.615149975 7.213158607 0.075106218 0.036345635 -0.084040873 0.992962897
1403715537112143360.000000 11.791004181 -4.685716629 7.370320320 0.090011641 0.036946457 -0.088435598 0.991318345
1403715537162142976.000000 11.761067390 -4.763066769 7.498666763 0.105294190 0.037078019 -0.090624571 0.989608824
1403715537212143104.000000 11.672393799 -4.836207390 7.603950024 0.119106032 0.038423721 -0.091098867 0.987946570
1403715537262143232.000000 11.595332146 -4.890841484 7.682348728 0.132441565 0.037107028 -0.089081541 0.986482084
1403715537312143104.000000 11.478073120 -4.971420288 7.735746384 0.138941064 0.032450199 -0.076114431 0.986837864
1403715537362142976.000000 11.358894348 -5.026794910 7.758537769 0.138224110 0.025543075 -0.059691533 0.988270521
1403715537412143104.000000 11.207775116 -5.068908215 7.760929108 0.127852708 0.020201175 -0.043454714 0.990634799
1403715537462142976.000000 11.073656082 -5.095708370 7.737433434 0.112239748 0.013216393 -0.026597532 0.993237197
1403715537512143104.000000 10.898652077 -5.129628658 7.686944962 0.090246849 0.009253583 -0.011406001 0.995811105
1403715537562142976.000000 10.742399216 -5.150693893 7.629888535 0.067688718 0.005506592 0.000250014 0.997691333
1403715537612143360.000000 10.560805321 -5.172737598 7.550388336 0.047713265 0.003886041 0.010671059 0.998796523
1403715537662142976.000000 10.405596733 -5.177102089 7.467716217 0.034684125 0.002627789 0.017592866 0.999240041
1403715537712143104.000000 10.222929001 -5.205534458 7.383171082 0.031420436 0.003700004 0.024098247 0.999208868
1403715537762143232.000000 10.090658188 -5.233167171 7.291932106 0.035446342 0.003617795 0.027178373 0.998995423
1403715537812143104.000000 9.931690216 -5.259166718 7.203180313 0.044223778 0.004499326 0.030460253 0.998547077
1403715537862142976.000000 9.773207664 -5.279038429 7.092183113 0.052180134 0.006933601 0.030310955 0.998153508
1403715537912143104.000000 9.650233269 -5.286595345 6.983184338 0.057518110 0.006592081 0.031460740 0.997826874
1403715537962142976.000000 9.492746353 -5.296445847 6.871654034 0.055554315 0.008649432 0.029988887 0.997967720
1403715538012143104.000000 9.385893822 -5.284429550 6.740275383 0.050521426 0.006371928 0.032117713 0.998186111
1403715538062142976.000000 9.264801025 -5.297132969 6.610791683 0.044482931 0.006876092 0.034409054 0.998393714
1403715538112143360.000000 9.125135422 -5.294058800 6.471493244 0.037789762 0.008028033 0.039179344 0.998485088
1403715538162142976.000000 9.012764931 -5.275319099 6.337522507 0.032021772 0.010316446 0.043957520 0.998466790
1403715538212143104.000000 8.924977303 -5.245464325 6.195648670 0.026909649 0.013683590 0.047731202 0.998403966
1403715538262143232.000000 8.794781685 -5.224683285 6.062203884 0.022919903 0.021277478 0.051279478 0.998194516
1403715538312143104.000000 8.707809448 -5.174301147 5.930678368 0.022826377 0.028418442 0.054040752 0.997873247
1403715538362142976.000000 8.649359703 -5.120953083 5.779308796 0.024199147 0.035511266 0.056233697 0.997492492
1403715538412143104.000000 8.526219368 -5.064228535 5.666473389 0.031822063 0.048747633 0.056573611 0.996699810
1403715538462142976.000000 8.458078384 -4.993987560 5.521498680 0.040288482 0.061046630 0.052896924 0.995917678
1403715538512143104.000000 8.422390938 -4.909668922 5.364185810 0.050303653 0.072744079 0.049339294 0.994858563
1403715538562142976.000000 8.340956688 -4.826291084 5.217965603 0.057859946 0.087792031 0.045461949 0.993417382
1403715538612143360.000000 8.255709648 -4.759969711 5.056586266 0.062193494 0.102036178 0.045904461 0.991772830
1403715538662142976.000000 8.215897560 -4.677640915 4.870867729 0.063178353 0.114082471 0.047513179 0.990321279
1403715538712143104.000000 8.117326736 -4.608929157 4.706464767 0.060420841 0.129934505 0.051179394 0.988355756
1403715538762143232.000000 8.052899361 -4.497673512 4.529151917 0.054268491 0.144654036 0.055344354 0.986441672
1403715538812143104.000000 7.964232445 -4.416745663 4.346475124 0.043598071 0.160893306 0.061743498 0.984073341
1403715538862142976.000000 7.921721458 -4.313688755 4.130673409 0.034540348 0.176465675 0.067167252 0.981404841
1403715538912143104.000000 7.847471237 -4.215279102 3.933695793 0.026301755 0.194232032 0.073513158 0.977843523
1403715538962142976.000000 7.771726608 -4.121520996 3.750031710 0.019840905 0.213550135 0.080488138 0.973408639
1403715539012143104.000000 7.709649563 -4.023377419 3.542239666 0.015295006 0.233229175 0.087341905 0.968370616
1403715539062142976.000000 7.648862362 -3.863569260 3.337982416 0.013526656 0.252795696 0.094594486 0.962789357
1403715539112143360.000000 7.588764668 -3.717523098 3.156362057 0.010892720 0.273310065 0.102060825 0.956434309
1403715539162142976.000000 7.543116570 -3.553026199 2.962584496 0.010152440 0.293093920 0.110337257 0.949641287
1403715539212143104.000000 7.435852528 -3.432254314 2.770888329 0.007097695 0.314115465 0.119304717 0.941832006
1403715539262143232.000000 7.365848541 -3.275389671 2.586557150 0.003293782 0.333077013 0.127407566 0.934246361
1403715539312143104.000000 7.274135590 -3.115176916 2.422842503 -0.002981722 0.352329552 0.135439247 0.926019073
1403715539362142976.000000 7.188424587 -2.875121355 2.261254549 -0.006315811 0.369524419 0.143016025 0.918127596
1403715539412143104.000000 7.104871273 -2.698096752 2.082196712 -0.011651021 0.385179430 0.149375007 0.910597682
1403715539462142976.000000 7.024164200 -2.502051353 1.915730476 -0.012455225 0.399510324 0.154195905 0.903581798
1403715539512143104.000000 6.926575184 -2.316092253 1.775515795 -0.013515819 0.411200911 0.160131544 0.897267580
1403715539562142976.000000 6.870959759 -2.198250294 1.578110695 -0.014915434 0.417473316 0.170066804 0.892508209
1403715539612143360.000000 6.779991627 -2.072563648 1.418946028 -0.013150307 0.424052060 0.178821161 0.887710512
1403715539662142976.000000 6.717431068 -1.969961643 1.237632990 -0.010456950 0.428206772 0.185875416 0.884296298
1403715539712143104.000000 6.644504547 -1.881948709 1.077798605 -0.005699113 0.433032840 0.190449312 0.881010354
1403715539762143232.000000 6.573823452 -1.807660818 0.899190903 -0.003208599 0.436892986 0.192248613 0.878723323
1403715539812143104.000000 6.511371613 -1.739377379 0.714555740 -0.000775252 0.439330131 0.192401052 0.877479553
1403715539862142976.000000 6.441176891 -1.699249983 0.533155203 -0.003368192 0.440531343 0.191505253 0.877067029
1403715539912143104.000000 6.375813484 -1.661253691 0.342858553 -0.009064050 0.438774526 0.193361908 0.877499878
1403715539962142976.000000 6.324540138 -1.645280480 0.147012234 -0.013061413 0.435068548 0.197934717 0.878274798
1403715540012143104.000000 6.288546562 -1.619167686 -0.042953491 -0.020691210 0.430890501 0.202229083 0.879209101
1403715540062142976.000000 6.255043507 -1.598620772 -0.249374270 -0.027013678 0.424967170 0.210453153 0.879990160
1403715540112143360.000000 6.223004818 -1.595124006 -0.420042634 -0.034885805 0.419925988 0.218350530 0.880209267
1403715540162142976.000000 6.222458363 -1.601427794 -0.621805549 -0.038450621 0.413966656 0.226115286 0.880922794
1403715540212143104.000000 6.217771530 -1.597108722 -0.811799526 -0.040867928 0.410324484 0.230830014 0.881295145
1403715540262143232.000000 6.247836590 -1.603770971 -1.001382828 -0.039264910 0.408518732 0.231449649 0.882044137
1403715540312143104.000000 6.270154953 -1.610143900 -1.178945541 -0.038797989 0.408920765 0.227386996 0.882934690
1403715540362142976.000000 6.318953514 -1.624578714 -1.364678383 -0.040649742 0.410502940 0.219678774 0.884068012
1403715540412143104.000000 6.377621174 -1.611198425 -1.547482610 -0.043201324 0.411282867 0.212715045 0.885286629
1403715540462142976.000000 6.454720497 -1.610347986 -1.727629542 -0.046911716 0.412300587 0.205980092 0.886216581
1403715540512143104.000000 6.514416218 -1.596486092 -1.881640792 -0.055547845 0.414110422 0.199576005 0.886338770
1403715540562142976.000000 6.615705967 -1.597832918 -2.052636385 -0.063618086 0.414220512 0.198296010 0.886032045
1403715540612143360.000000 6.708934307 -1.582435369 -2.196463108 -0.070892386 0.415191174 0.196833447 0.885351419
1403715540662142976.000000 6.820950508 -1.595818639 -2.344560146 -0.076183923 0.414494067 0.201307386 0.884231925
1403715540712143104.000000 6.922041893 -1.581440449 -2.454234838 -0.075755246 0.414151341 0.209113434 0.882616282
1403715540762143232.000000 7.069407463 -1.572429299 -2.574477196 -0.074106596 0.413106680 0.216895059 0.881366968
1403715540812143104.000000 7.213784218 -1.585400343 -2.691498756 -0.068562418 0.414091557 0.220933229 0.880349934
1403715540862142976.000000 7.363717556 -1.585667372 -2.779849529 -0.062582508 0.416538090 0.221554175 0.879484653
1403715540912143104.000000 7.547102928 -1.566702485 -2.878292561 -0.055264089 0.418207824 0.221515119 0.879192352
1403715540962142976.000000 7.745161057 -1.593153834 -2.997814894 -0.050570682 0.420201004 0.218348101 0.879316688
1403715541012143104.000000 7.933155537 -1.588375092 -3.083574057 -0.046422049 0.423283190 0.213406652 0.879280448
1403715541062142976.000000 8.143754959 -1.585708618 -3.161422729 -0.043473188 0.425152987 0.209215686 0.879536211
1403715541112143360.000000 8.365371704 -1.578859806 -3.261284828 -0.043463022 0.425696880 0.205961481 0.880041480
1403715541162142976.000000 8.576230049 -1.575977564 -3.323514223 -0.040887211 0.425861955 0.206374973 0.879988253
1403715541212143104.000000 8.799627304 -1.576164246 -3.405349731 -0.032256462 0.423797816 0.211759657 0.880064070
1403715541262143232.000000 9.043924332 -1.586489797 -3.480745316 -0.021694059 0.422342747 0.216499552 0.879934072
1403715541312143104.000000 9.290158272 -1.588647366 -3.554367781 -0.012343484 0.423594177 0.217570245 0.879249036
1403715541362142976.000000 9.526148796 -1.563708305 -3.610001802 -0.007635011 0.427804470 0.211949021 0.878636837
1403715541412143104.000000 9.788404465 -1.572376370 -3.682320118 -0.007601953 0.431003571 0.207302555 0.878182113
1403715541462142976.000000 10.032562256 -1.549716234 -3.735611916 -0.014422847 0.434501797 0.202927992 0.877394140
1403715541512143104.000000 10.296272278 -1.521271229 -3.812176228 -0.023130277 0.435472637 0.201240584 0.877115130
1403715541562142976.000000 10.601499557 -1.503764391 -3.911374569 -0.033974189 0.434897333 0.200678840 0.877176285
1403715541612143360.000000 10.861012459 -1.489854455 -3.968900681 -0.041852247 0.434545845 0.201854751 0.876740038
1403715541662142976.000000 11.111954689 -1.466469049 -4.024172306 -0.048884746 0.436246604 0.198481798 0.876301408
1403715541712143104.000000 11.415589333 -1.436816216 -4.096423149 -0.054705717 0.437246025 0.192450792 0.876804411
1403715541762143232.000000 11.699245453 -1.429654479 -4.131000996 -0.058237363 0.441642940 0.180181161 0.876980484
1403715541812143104.000000 11.989538193 -1.397721648 -4.171089649 -0.059841618 0.446229637 0.166064620 0.877337337
1403715541862142976.000000 12.312124252 -1.411667466 -4.222051620 -0.060102101 0.449454457 0.151538163 0.878302097
1403715541912143104.000000 12.600460052 -1.398082614 -4.225701332 -0.059830785 0.453068882 0.137735382 0.878736496
1403715541962142976.000000 12.884683609 -1.391932487 -4.240534306 -0.059957385 0.453665733 0.126367658 0.880127132
1403715542012143104.000000 13.133476257 -1.399031639 -4.213719368 -0.061328229 0.453816235 0.116061226 0.881373644
1403715542062142976.000000 13.412585258 -1.386990428 -4.191761494 -0.058212049 0.451332241 0.103312261 0.884441733
1403715542112143360.000000 13.658218384 -1.419414043 -4.134358406 -0.052361198 0.447461605 0.095217057 0.887676835
1403715542162142976.000000 13.903705597 -1.471129298 -4.111348629 -0.046166323 0.441313714 0.087124683 0.891919434
1403715542212143104.000000 14.123678207 -1.490464926 -4.029531956 -0.034216564 0.434446126 0.079988711 0.896486223
1403715542262143232.000000 14.344066620 -1.496881127 -3.944294930 -0.021457134 0.425593525 0.073568948 0.901663721
1403715542312143104.000000 14.580351830 -1.625434637 -3.899446011 -0.012988525 0.411543906 0.075972646 0.908125043
1403715542362142976.000000 14.756530762 -1.681341410 -3.812994242 -0.001362310 0.399211049 0.075417139 0.913751006
1403715542412143104.000000 14.896942139 -1.739830732 -3.686227798 0.012329444 0.385925978 0.078518197 0.919099569
1403715542462142976.000000 15.077643394 -1.797684669 -3.619492531 0.027977807 0.368861765 0.083004296 0.925347805
1403715542512143104.000000 15.205665588 -1.847553492 -3.523994207 0.041370831 0.354949415 0.086129360 0.929989874
1403715542562142976.000000 15.336991310 -1.921801805 -3.431052923 0.048404865 0.343024820 0.088512763 0.933893263
1403715542612143360.000000 15.460412979 -1.973520994 -3.354645252 0.047720090 0.331928343 0.091376327 0.937654972
1403715542662142976.000000 15.549006462 -2.016857862 -3.266716480 0.044031303 0.323538601 0.093029745 0.940600634
1403715542712143104.000000 15.626319885 -2.056045771 -3.185056210 0.042321481 0.316357464 0.094702341 0.942951977
1403715542762143232.000000 15.713417053 -2.091978788 -3.125362396 0.038366221 0.310246468 0.095126279 0.945106447
1403715542812143104.000000 15.789464951 -2.126269817 -3.055559635 0.032966707 0.305534691 0.095139958 0.946842253
1403715542862142976.000000 15.860374451 -2.135815620 -2.992599964 0.028143343 0.300966829 0.096837893 0.948287666
1403715542912143104.000000 15.929267883 -2.174757481 -2.935719967 0.023728307 0.296591401 0.100457571 0.949409723
1403715542962142976.000000 15.988636017 -2.188756466 -2.891073704 0.022371868 0.292052895 0.106099151 0.950235605
1403715543012143104.000000 16.035097122 -2.203449011 -2.829479933 0.022709135 0.288909942 0.111456186 0.950574994
1403715543062142976.000000 16.104442596 -2.177989244 -2.758214474 0.025905889 0.286026061 0.114275239 0.951030612
1403715543112143360.000000 16.141801834 -2.170935631 -2.710845947 0.027216323 0.284751117 0.118296854 0.950884879
1403715543162142976.000000 16.197822571 -2.159426689 -2.661633015 0.029110173 0.284373790 0.119245127 0.950823247
1403715543212143104.000000 16.229486465 -2.146416903 -2.612723112 0.032232232 0.285515934 0.120824195 0.950180650
1403715543262143232.000000 16.283792496 -2.120486259 -2.573068619 0.036811102 0.285547078 0.122294255 0.949816823
1403715543312143104.000000 16.329135895 -2.086806059 -2.550376177 0.039772268 0.285740435 0.124145411 0.949399054
1403715543362142976.000000 16.368585587 -2.075370550 -2.524766922 0.039234240 0.287154496 0.123954475 0.949019670
1403715543412143104.000000 16.405593872 -2.045589447 -2.507050514 0.040622603 0.289030850 0.122782484 0.948543906
1403715543462142976.000000 16.447452545 -2.009673595 -2.497708321 0.039754342 0.291083723 0.119209975 0.948408604
1403715543512143104.000000 16.473873138 -1.978398323 -2.497465611 0.038723458 0.293941379 0.115610868 0.948015392
1403715543562142976.000000 16.511863708 -1.943564892 -2.504071712 0.040537283 0.295996696 0.111656286 0.947773993
1403715543612143360.000000 16.529615402 -1.907201171 -2.509013891 0.044407286 0.298788100 0.107450090 0.947210789
1403715543662142976.000000 16.543491364 -1.868822575 -2.526531696 0.048979867 0.302321792 0.100591183 0.946617126
1403715543712143104.000000 16.559223175 -1.832165122 -2.558405161 0.051586263 0.306877017 0.094098702 0.945680082
1403715543762143232.000000 16.576038361 -1.775887012 -2.584334612 0.053644154 0.314445645 0.085258618 0.943915904
1403715543812143104.000000 16.561506271 -1.719131947 -2.609839201 0.053693436 0.324727982 0.076808162 0.941153169
1403715543862142976.000000 16.564868927 -1.670399547 -2.661837816 0.050769396 0.334582955 0.071103513 0.938307583
1403715543912143104.000000 16.529029846 -1.607753277 -2.702139616 0.047264028 0.347076088 0.066980153 0.934247315
1403715543962142976.000000 16.480009079 -1.529790878 -2.749186516 0.042221878 0.360349387 0.065284953 0.929571688
1403715544012143104.000000 16.431955338 -1.458375692 -2.793946743 0.035719533 0.374254674 0.064609721 0.924382627
1403715544062142976.000000 16.361724854 -1.382051229 -2.838206768 0.029343247 0.389583796 0.066724904 0.918102026
1403715544112143360.000000 16.267494202 -1.309122682 -2.883000851 0.024170272 0.403729409 0.078767985 0.911160767
1403715544162142976.000000 16.166908264 -1.213004231 -2.924471855 0.020282645 0.418475598 0.093344659 0.903190792
1403715544212143104.000000 16.071035385 -1.123153329 -2.966707230 0.016354954 0.433947086 0.109792806 0.894073844
1403715544262143232.000000 15.933785439 -1.008885980 -2.987870455 0.013657786 0.452787548 0.124358319 0.882797778
1403715544312143104.000000 15.815256119 -0.871265650 -3.020296812 0.011999884 0.470414817 0.140206203 0.871153355
1403715544362142976.000000 15.707914352 -0.748711824 -3.051073074 0.009542516 0.487541437 0.156887099 0.858835697
1403715544412143104.000000 15.587558746 -0.596422911 -3.088057995 0.009024746 0.503874362 0.172640502 0.846300483
1403715544462142976.000000 15.442403793 -0.432161570 -3.093371391 0.010214915 0.521802545 0.185122877 0.832674801
1403715544512143104.000000 15.293972015 -0.321088076 -3.102939606 0.007872776 0.538849831 0.196372211 0.819156229
1403715544562142976.000000 15.136598587 -0.146240711 -3.115598679 0.009722920 0.553960145 0.204504028 0.806976974
1403715544612143360.000000 14.971549988 0.008261681 -3.134747505 0.011414924 0.566915154 0.209838331 0.796520472
1403715544662142976.000000 14.841063499 0.047085524 -3.169948578 0.007242074 0.576452374 0.217239171 0.787691236
1403715544712143104.000000 14.683347702 0.137760401 -3.205331326 0.009252059 0.585829437 0.215840966 0.781108856
1403715544762143232.000000 14.488572121 0.288309574 -3.239658356 0.016764831 0.593587220 0.211121067 0.776402712
1403715544812143104.000000 14.329751968 0.302089930 -3.297345638 0.018111559 0.598716557 0.209372714 0.772899449
1403715544862142976.000000 14.161478996 0.265747309 -3.362708569 0.017382350 0.602333486 0.208396778 0.770365536
1403715544912143104.000000 13.983137131 0.252847910 -3.437378883 0.016678495 0.603408873 0.208562687 0.769494236
1403715544962142976.000000 13.756708145 0.332328796 -3.500878811 0.018180806 0.604076028 0.206985712 0.769362450
1403715545012143104.000000 13.547060013 0.304276943 -3.559056282 0.012845756 0.604903936 0.209356740 0.768177092
1403715545062142976.000000 13.357131004 0.284699202 -3.637603760 0.009306488 0.605469048 0.212550819 0.766904771
1403715545112143360.000000 13.138457298 0.264217377 -3.709580898 0.005467404 0.608064771 0.214855373 0.764241219
1403715545162142976.000000 12.943784714 0.235857964 -3.762795925 0.000877262 0.611903191 0.217958018 0.760307848
1403715545212143104.000000 12.726182938 0.225177765 -3.825770378 -0.001445026 0.616554797 0.221481681 0.755515754
1403715545262143232.000000 12.527389526 0.263041973 -3.902204990 -0.003941227 0.620783210 0.224232092 0.751220763
1403715545312143104.000000 12.319309235 0.281587601 -3.956964970 -0.005796767 0.626208663 0.228205800 0.745487332
1403715545362142976.000000 12.117987633 0.305647373 -4.007556915 -0.005562772 0.630763173 0.233319461 0.740046620
1403715545412143104.000000 11.896504402 0.322674036 -4.044513226 -0.001154757 0.634457231 0.240471154 0.734599411
1403715545462142976.000000 11.696776390 0.341824532 -4.095632553 0.004307939 0.635940075 0.249182045 0.730390251
1403715545512143104.000000 11.476646423 0.346512556 -4.139890194 0.010398171 0.637222350 0.258404374 0.725993633
1403715545562142976.000000 11.269649506 0.368706226 -4.196266174 0.016514245 0.637974679 0.265824795 0.722532213
1403715545612143360.000000 11.072099686 0.372802734 -4.253301144 0.021964030 0.638305783 0.272560358 0.719579220
1403715545662142976.000000 10.863393784 0.384776592 -4.334644794 0.026130268 0.638021171 0.277295083 0.717881441
1403715545712143104.000000 10.658980370 0.390589237 -4.400520325 0.028094452 0.637378991 0.279499710 0.717522562
1403715545762143232.000000 10.447383881 0.400086164 -4.483771324 0.027268670 0.636433125 0.279617846 0.718347549
1403715545812143104.000000 10.255508423 0.422029495 -4.570961952 0.024972670 0.634857059 0.277434677 0.720668435
1403715545862142976.000000 10.054687500 0.463568926 -4.665296555 0.023599252 0.632244289 0.272933066 0.724719107
1403715545912143104.000000 9.842653275 0.468613863 -4.764771461 0.018313754 0.628763974 0.266902119 0.730125844
1403715545962142976.000000 9.620040894 0.482095003 -4.859107971 0.013272660 0.624502420 0.258447707 0.736902535
1403715546012143104.000000 9.438556671 0.519374847 -4.970957756 0.008163954 0.617128193 0.249505371 0.746212602
1403715546062142976.000000 9.231460571 0.555407524 -5.080801964 0.004436519 0.608288109 0.239514172 0.756702721
1403715546112143360.000000 9.023577690 0.579894662 -5.194097042 0.001462379 0.596917510 0.230752245 0.768401384
1403715546162142976.000000 8.818983078 0.587397695 -5.288245678 0.000424288 0.583287060 0.223717630 0.780849814
1403715546212143104.000000 8.612646103 0.602147818 -5.395894051 -0.001143081 0.567976058 0.215760782 0.794260204
1403715546262143232.000000 8.387390137 0.611891329 -5.493947983 -0.001601699 0.551048934 0.208976850 0.807880700
1403715546312143104.000000 8.203992844 0.625818789 -5.612848282 -0.001389562 0.531779885 0.203629076 0.822036147
1403715546362142976.000000 7.999869823 0.642731965 -5.725515842 -0.000731203 0.512420297 0.196470276 0.835957170
1403715546412143104.000000 7.790952682 0.653272629 -5.832926273 -0.001731044 0.492548585 0.190409631 0.849197924
1403715546462142976.000000 7.584118843 0.650354147 -5.950085640 -0.002052947 0.471615076 0.184220374 0.862344384
1403715546512143104.000000 7.380519390 0.668598056 -6.065495491 -0.002482843 0.450398356 0.177361980 0.875030220
1403715546562142976.000000 7.176331520 0.677154779 -6.171587944 -0.002478866 0.429135740 0.169608831 0.887169302
1403715546612143360.000000 6.981446743 0.670344949 -6.293534756 -0.005387858 0.407570422 0.161362350 0.898787856
1403715546662142976.000000 6.770511627 0.688736916 -6.404479027 -0.009725569 0.385897607 0.152430102 0.909809649
1403715546712143104.000000 6.577381134 0.686622679 -6.533891201 -0.016388688 0.362524718 0.145206586 0.920446813
1403715546762143232.000000 6.363085747 0.696146429 -6.586762905 -0.026899066 0.341253191 0.137629852 0.929451883
1403715546812143104.000000 6.158167839 0.702952981 -6.703945160 -0.037256900 0.316679358 0.133174673 0.938397884
1403715546862142976.000000 5.985666752 0.722726583 -6.799746037 -0.043939967 0.292598963 0.128629252 0.946525037
1403715546912143104.000000 5.821452141 0.734547973 -6.894501686 -0.047241036 0.268963367 0.123787634 0.953993559
1403715546962142976.000000 5.642373085 0.717540920 -7.004118919 -0.051840585 0.247217283 0.112978160 0.960953772
1403715547012143104.000000 5.458209038 0.713036656 -7.062103271 -0.055050392 0.228657469 0.098587319 0.966936290
1403715547062142976.000000 5.322367668 0.731379271 -7.126376152 -0.056767225 0.208318725 0.085644551 0.972648859
1403715547112143360.000000 5.165654659 0.738912761 -7.159784317 -0.057554148 0.188526317 0.073594883 0.977614045
1403715547162142976.000000 5.013299465 0.727241755 -7.214673042 -0.057887021 0.168220609 0.061771832 0.982107520
1403715547212143104.000000 4.851076603 0.709928632 -7.231392384 -0.057862960 0.148560464 0.050539680 0.985914469
1403715547262143232.000000 4.699645519 0.677486777 -7.273221016 -0.057871521 0.128753841 0.038895622 0.989222169
1403715547312143104.000000 4.561180592 0.659944594 -7.320784092 -0.057604115 0.108897097 0.027545325 0.992000222
1403715547362142976.000000 4.395813465 0.633779943 -7.336404324 -0.058450185 0.091273136 0.018227631 0.993941963
1403715547412143104.000000 4.260448456 0.622993290 -7.304172039 -0.060708039 0.073697828 0.010662517 0.995374084
1403715547462142976.000000 4.119549274 0.614394724 -7.265660763 -0.064158030 0.056399960 0.004485014 0.996334612
1403715547512143104.000000 3.985171795 0.587441027 -7.243351936 -0.067545705 0.037948962 -0.001143525 0.996993601
1403715547562142976.000000 3.811248541 0.545021951 -7.215855122 -0.070483685 0.020159760 -0.008139866 0.997276008
1403715547612143360.000000 3.618702173 0.498781145 -7.170260906 -0.072584011 0.002320789 -0.016965512 0.997215331
1403715547662142976.000000 3.455369234 0.440836877 -7.138615608 -0.074784219 -0.016114360 -0.026065473 0.996728778
1403715547712143104.000000 3.309537888 0.435924858 -7.005975723 -0.074531630 -0.033777189 -0.035652801 0.996008635
1403715547762143232.000000 3.148241997 0.388762236 -6.896526337 -0.074612819 -0.051729925 -0.044259027 0.994885981
1403715547812143104.000000 3.024619818 0.374323189 -6.766923904 -0.073290117 -0.070383258 -0.052415736 0.993442237
1403715547862142976.000000 2.856211185 0.296735197 -6.710937977 -0.073186219 -0.089409083 -0.059963413 0.991490901
1403715547912143104.000000 2.762641430 0.274511695 -6.592730045 -0.067135826 -0.108103685 -0.067237899 0.989588559
1403715547962142976.000000 2.441532373 0.138928890 -6.425639629 -0.061938554 -0.121885084 -0.070585579 0.988091767
1403715548012143104.000000 2.258116961 0.093251362 -6.244246483 -0.051894628 -0.136934966 -0.071667150 0.986620307
1403715548062142976.000000 2.095380306 0.018230513 -6.072953224 -0.040078398 -0.148881540 -0.073568106 0.985299885
1403715548112143360.000000 1.886747122 -0.042177424 -5.886147499 -0.026546720 -0.157938823 -0.076142296 0.984150946
1403715548162142976.000000 1.754396677 -0.064976178 -5.697412968 -0.014039877 -0.166525736 -0.077673942 0.982872784
1403715548212143104.000000 1.550999522 -0.124440186 -5.529763222 -0.003665489 -0.170455799 -0.079159036 0.982173800
1403715548262143232.000000 1.419490933 -0.219134182 -5.326986313 0.003763820 -0.175080582 -0.083409093 0.981007397
1403715548312143104.000000 1.093134642 -0.399228156 -5.204340458 0.006942268 -0.174133331 -0.084149532 0.981095433
1403715548362142976.000000 0.886377335 -0.454849303 -5.039606571 0.009694465 -0.174578786 -0.084157988 0.980992198
1403715548412143104.000000 0.763400435 -0.451065898 -4.849548817 0.013662902 -0.176300049 -0.084944755 0.980569243
1403715548462142976.000000 0.412738651 -0.661904037 -4.696896076 0.007488673 -0.171925038 -0.084863812 0.981419325
1403715548512143104.000000 0.139050394 -0.597468138 -4.477269650 0.009960819 -0.169517204 -0.082872912 0.981986165
1403715548562142976.000000 -0.104265705 -0.789905608 -4.292181969 0.003561320 -0.168847069 -0.079684533 0.982409537
1403715548612143360.000000 -0.296966970 -0.856973171 -4.102757931 0.000666140 -0.169299498 -0.076202676 0.982614100
1403715548662142976.000000 -0.465795398 -0.730185628 -3.916662455 0.004765532 -0.169403285 -0.072361492 0.982875168
1403715548712143104.000000 -0.750626743 -0.707680166 -3.751714706 0.006107819 -0.165982321 -0.068620607 0.983719349
1403715548762143232.000000 -0.976667285 -0.786320508 -3.576133728 0.004866258 -0.164915293 -0.065820351 0.984097004
1403715548812143104.000000 -1.210167170 -0.806457818 -3.390422344 0.004207715 -0.163208053 -0.062819831 0.984580696
1403715548862142976.000000 -1.382237196 -0.885392547 -3.220030785 0.003026852 -0.163230300 -0.061723508 0.984650671
1403715548912143104.000000 -1.638651490 -0.887299657 -3.050105572 0.004824680 -0.160763726 -0.059124034 0.985208690
1403715548962142976.000000 -1.921121716 -0.929308414 -2.870748281 0.005100066 -0.159369931 -0.058583602 0.985466003
1403715549012143104.000000 -2.115316629 -0.958615959 -2.723846436 0.006385626 -0.162534565 -0.058699422 0.984934568
1403715549062142976.000000 -2.331352949 -1.002755880 -2.551174402 0.008461501 -0.167014718 -0.059727289 0.984107316
1403715549112143360.000000 -2.576025724 -1.034370065 -2.395976782 0.013521053 -0.171965346 -0.059141014 0.983233154
1403715549162142976.000000 -2.820564985 -1.091531754 -2.233096600 0.020022223 -0.176750124 -0.060613304 0.982183576
1403715549212143104.000000 -3.010977507 -1.084400773 -2.096544266 0.029799081 -0.182550415 -0.060804464 0.980862021
1403715549262143232.000000 -3.288249493 -1.130643010 -1.927533388 0.037906654 -0.185868844 -0.060413778 0.979982674
1403715549312143104.000000 -3.488187790 -1.146876693 -1.797930837 0.045724958 -0.190836594 -0.060551830 0.978684902
1403715549362142976.000000 -3.734284878 -1.202001333 -1.657119870 0.048375946 -0.195953324 -0.055409156 0.977850616
1403715549412143104.000000 -3.968289614 -1.228860617 -1.524048328 0.047817390 -0.201237872 -0.049186807 0.977137446
1403715549462142976.000000 -4.182500839 -1.264952898 -1.395965576 0.043749154 -0.206995055 -0.042811699 0.976425290
1403715549512143104.000000 -4.360966206 -1.286194563 -1.292333961 0.038826685 -0.212592885 -0.038065296 0.975626945
1403715549562142976.000000 -4.586808681 -1.335770845 -1.173680544 0.028214876 -0.215349317 -0.034922089 0.975504518
1403715549612143360.000000 -4.748276711 -1.343455791 -1.053819776 0.020714598 -0.218898132 -0.028880069 0.975100219
1403715549662142976.000000 -4.917883873 -1.344583035 -0.943262577 0.012464147 -0.219274178 -0.023471270 0.975301266
1403715549712143104.000000 -5.058241844 -1.366757631 -0.833042860 0.007484294 -0.217852101 -0.016339924 0.975816369
1403715549762143232.000000 -5.215737343 -1.364529610 -0.711366713 0.006906920 -0.212914094 -0.008244796 0.977011800
1403715549812143104.000000 -5.351693153 -1.433886051 -0.597390831 0.005369048 -0.205853209 -0.001539087 0.978566945
1403715549862142976.000000 -5.483299732 -1.462763548 -0.475943655 0.006484733 -0.196443707 0.006586568 0.980471551
1403715549912143104.000000 -5.580043793 -1.490861654 -0.354518533 0.005897568 -0.187345505 0.017177787 0.982126176
1403715549962142976.000000 -5.679168224 -1.531127691 -0.224024564 0.004577174 -0.176268294 0.029861951 0.983878493
1403715550012143104.000000 -5.778624535 -1.587988019 -0.099437706 0.001344715 -0.162193045 0.042968553 0.985822201
1403715550062142976.000000 -5.838986874 -1.624944568 0.033953320 -0.002231058 -0.146647528 0.053506073 0.987738132
1403715550112143360.000000 -5.884452820 -1.670000434 0.171682239 -0.005465526 -0.127300873 0.059184875 0.990081728
1403715550162142976.000000 -5.880962372 -1.707429886 0.297198266 -0.007121553 -0.108338013 0.061081681 0.992210329
1403715550212143104.000000 -5.880261898 -1.787232518 0.426774591 -0.009412322 -0.087635919 0.062173638 0.994165897
1403715550262143232.000000 -5.859975338 -1.832249522 0.552557647 -0.010038331 -0.067953385 0.062732562 0.995663702
1403715550312143104.000000 -5.810608387 -1.921890259 0.683041751 -0.012315354 -0.048203822 0.064188011 0.996696889
1403715550362142976.000000 -5.742352009 -2.012505293 0.793641865 -0.011249169 -0.029621765 0.065493099 0.997349858
1403715550412143104.000000 -5.675375462 -2.150696516 0.923187435 -0.011295961 -0.009303671 0.065878950 0.997720361
1403715550462142976.000000 -5.566171169 -2.247822285 1.027957678 -0.008473877 0.009823034 0.066235803 0.997719705
1403715550512143104.000000 -5.498895168 -2.382092953 1.161512017 -0.007576694 0.031536788 0.067037232 0.997223198
1403715550562142976.000000 -5.400581360 -2.486672163 1.286315322 -0.006647395 0.050836548 0.070377812 0.996201992
1403715550612143360.000000 -5.307655811 -2.576046944 1.424001098 -0.005025263 0.070915140 0.076985203 0.994494379
1403715550662142976.000000 -5.204127312 -2.680142641 1.542221189 -0.004367475 0.089055650 0.086808674 0.992226958
1403715550712143104.000000 -5.090814114 -2.771729708 1.679466844 -0.003679925 0.107206471 0.097768910 0.989411175
1403715550762143232.000000 -4.991528988 -2.829320908 1.818689466 -0.002029766 0.124002792 0.110015005 0.986162245
1403715550812143104.000000 -4.858643532 -2.886046886 1.965923309 -0.000998637 0.139255360 0.123323701 0.982546806
1403715550862142976.000000 -4.737872601 -2.947582483 2.121784449 -0.000739489 0.156414673 0.136952281 0.978150308
1403715550912143104.000000 -4.576824188 -2.948566198 2.231547594 0.002072145 0.169725686 0.150416151 0.973942518
1403715550962142976.000000 -4.456013680 -2.976548910 2.387850285 0.003332780 0.187782794 0.161037639 0.968913555
1403715551012143104.000000 -4.295712948 -3.012328863 2.526008368 0.003156040 0.205232188 0.169627756 0.963896394
1403715551062142976.000000 -4.098062992 -3.028425217 2.648743868 0.003781791 0.223291561 0.172755837 0.959313333
1403715551112143360.000000 -3.925429821 -3.061861038 2.769525290 0.005188081 0.243105277 0.176162124 0.953855276
1403715551162142976.000000 -3.720543385 -3.129258394 2.870243549 0.004438293 0.262839317 0.178101376 0.948248804
1403715551212143104.000000 -3.501017094 -3.176692486 2.948983431 0.006131724 0.278891772 0.184569448 0.942399085
1403715551262143232.000000 -3.269223690 -3.232248068 3.025248051 0.009929424 0.295975357 0.192552149 0.935533941
1403715551312143104.000000 -3.047102451 -3.303725243 3.114403248 0.012017181 0.313331544 0.201846406 0.927866936
1403715551362142976.000000 -2.779302597 -3.357151508 3.153882980 0.014807981 0.328333348 0.212050453 0.920332849
1403715551412143104.000000 -2.503486633 -3.400940180 3.205134869 0.018302200 0.344359815 0.221725702 0.912095964
1403715551462142976.000000 -2.262443781 -3.466104984 3.268806219 0.021466509 0.363649160 0.228865683 0.902728677
1403715551512143104.000000 -1.965124965 -3.482796192 3.297709465 0.025874039 0.380696774 0.235351428 0.893873751
1403715551562142976.000000 -1.677428484 -3.507541656 3.313262224 0.029377248 0.399518341 0.237294972 0.884993374
1403715551612143360.000000 -1.396933556 -3.569281816 3.322521687 0.029243525 0.419129521 0.236298323 0.876149833
1403715551662142976.000000 -1.069330454 -3.598860979 3.340818167 0.032204527 0.441368163 0.231857091 0.866255939
1403715551712143104.000000 -0.771559000 -3.596726418 3.303995609 0.036870554 0.461575538 0.226701766 0.856851816
1403715551762143232.000000 -0.464716911 -3.663088083 3.282422304 0.040212005 0.481589139 0.224752650 0.846133113
1403715551812143104.000000 -0.138643980 -3.664926052 3.195139885 0.047812603 0.498045027 0.224868625 0.836121619
1403715551862142976.000000 0.180168867 -3.649483919 3.208585739 0.055628709 0.517200232 0.224021226 0.824150443
1403715551912143104.000000 0.469610453 -3.613016367 3.090283632 0.066047840 0.532212019 0.223341852 0.813944995
1403715551962142976.000000 0.736930847 -3.681042671 3.026115179 0.070244424 0.551486194 0.221830517 0.801074266
1403715552012143104.000000 1.002196431 -3.694711447 2.945525169 0.071199529 0.569842994 0.218886763 0.788858831
1403715552062142976.000000 1.254108310 -3.698165417 2.884480476 0.065024890 0.588518023 0.214954317 0.776667893
1403715552112143360.000000 1.511948705 -3.674794436 2.799948692 0.062036227 0.603794813 0.216202438 0.764748275
1403715552162142976.000000 1.734405518 -3.660797596 2.687041759 0.057011835 0.618552566 0.217332512 0.752933621
1403715552212143104.000000 1.961375117 -3.647409678 2.586282253 0.055659447 0.633983970 0.216843009 0.740233421
1403715552262143232.000000 2.206678391 -3.648626328 2.474932432 0.053987004 0.649991035 0.214077413 0.727164328
1403715552312143104.000000 2.432732582 -3.623478413 2.326937675 0.056024458 0.665001392 0.211954311 0.713939667
1403715552362142976.000000 2.605142355 -3.573126793 2.280458450 0.057397187 0.681835532 0.210402369 0.698238373
1403715552412143104.000000 2.766030788 -3.550579309 2.105296373 0.055844124 0.696114779 0.211483881 0.683798373
1403715552462142976.000000 2.945594311 -3.536271811 1.985685587 0.054617569 0.711332679 0.213844121 0.667303205
1403715552512143104.000000 3.076155424 -3.563007355 1.839288712 0.054207899 0.725535035 0.217621177 0.650616229
1403715552562142976.000000 3.181342602 -3.544239998 1.778907776 0.056621924 0.741044223 0.221392214 0.631373942
1403715552612143360.000000 3.273873806 -3.554636240 1.656584024 0.059608534 0.755162716 0.225816175 0.612522066
1403715552662142976.000000 3.361036539 -3.520941019 1.558314800 0.065016352 0.768867373 0.231859669 0.592331827
1403715552712143104.000000 3.441485882 -3.493817329 1.425141573 0.068352871 0.781595051 0.239552215 0.571884513
1403715552762143232.000000 3.488961935 -3.448757172 1.328561783 0.070575006 0.794218361 0.247574776 0.550402701
1403715552812143104.000000 3.516440868 -3.433524370 1.235908031 0.071906231 0.806761086 0.255824149 0.527749956
1403715552862142976.000000 3.525187016 -3.379410267 1.098433495 0.072748557 0.817909658 0.264908195 0.505524695
1403715552912143104.000000 3.518962622 -3.352121830 0.997525454 0.074735500 0.828041136 0.275980145 0.482283682
1403715552962142976.000000 3.483330488 -3.308542728 0.873333216 0.077463225 0.836060703 0.288484603 0.460194051
1403715553012143104.000000 3.443150043 -3.268954754 0.771295309 0.081334829 0.843923390 0.300527513 0.436876655
1403715553062142976.000000 3.370440245 -3.204015017 0.655564308 0.086019561 0.851399660 0.310468823 0.413918346
1403715553112143360.000000 3.291639090 -3.184501410 0.524498463 0.087122455 0.858669639 0.319363654 0.391283870
1403715553162142976.000000 3.168774366 -3.116915703 0.367232084 0.087311484 0.866908848 0.322859347 0.369604707
1403715553212143104.000000 3.043134212 -3.067196369 0.220870972 0.087031469 0.875769675 0.323742270 0.347338557
1403715553262143232.000000 2.923252106 -2.995942354 0.102524757 0.089640923 0.884672046 0.322222024 0.324796617
1403715553312143104.000000 2.750320435 -2.959081650 -0.058188558 0.089847617 0.893472254 0.318692565 0.303430229
1403715553362142976.000000 2.599911451 -2.900970936 -0.200965524 0.088651285 0.904100716 0.310184956 0.280229002
1403715553412143104.000000 2.413356304 -2.840060234 -0.329154611 0.084296241 0.914394319 0.300381094 0.257969648
1403715553462142976.000000 2.190973282 -2.793617725 -0.491444588 0.075721711 0.925188124 0.287882328 0.235408217
1403715553512143104.000000 1.986121058 -2.708958387 -0.596627414 0.068214647 0.935052574 0.275452316 0.212484300
1403715553562142976.000000 1.718202949 -2.649299383 -0.729216278 0.059990983 0.942616403 0.266590804 0.191845924
1403715553612143360.000000 1.463661075 -2.508240700 -0.805585384 0.052283771 0.948941171 0.258735716 0.172722057
1403715553662142976.000000 1.227450728 -2.453216314 -0.887844920 0.042243499 0.953365922 0.255349100 0.155260488
1403715553712143104.000000 0.897331893 -2.396611214 -0.972203374 0.034807604 0.954836726 0.258170933 0.142909616
1403715553762143232.000000 0.670959473 -2.318596840 -0.998778164 0.023266202 0.954215229 0.268045217 0.130705029
1403715553812143104.000000 0.339693755 -2.227228165 -1.020224810 0.013741009 0.951322317 0.282171696 0.123191550
1403715553862142976.000000 0.102438226 -2.159509897 -1.009636402 0.001771559 0.948268533 0.295844793 0.115150064
1403715553912143104.000000 -0.234889656 -2.169723749 -1.053803802 -0.008917872 0.943810701 0.310904354 0.111715265
1403715553962142976.000000 -0.481337965 -2.140064001 -1.044262409 -0.016838595 0.939330280 0.325374097 0.107270136
1403715554012143104.000000 -0.840132058 -2.088405848 -1.054858804 -0.020184625 0.933764696 0.341043144 0.106609903
1403715554062142976.000000 -1.125935555 -2.044860125 -1.045869946 -0.021830039 0.927417636 0.358121723 0.105683252
1403715554112143360.000000 -1.396609783 -2.050595045 -1.067847490 -0.023786899 0.919775426 0.377426565 0.104864702
1403715554162142976.000000 -1.674001932 -2.025796890 -1.072769642 -0.027111417 0.912423551 0.394639641 0.104918338
1403715554212143104.000000 -1.970692873 -1.974177480 -1.091515422 -0.027726488 0.906641603 0.407370508 0.106214419
1403715554262143232.000000 -2.232288361 -1.955789924 -1.125184298 -0.031346127 0.901530862 0.418114245 0.106957860
1403715554312143104.000000 -2.488513947 -1.890888691 -1.153293014 -0.038617712 0.898295999 0.424158186 0.107994668
1403715554362142976.000000 -2.737097502 -1.855482817 -1.196641803 -0.051563237 0.896373272 0.426250160 0.110304467
1403715554412143104.000000 -2.971015453 -1.774986863 -1.266301394 -0.071197025 0.897459030 0.419736981 0.115408331
1403715554462142976.000000 -3.201988220 -1.714160919 -1.335531354 -0.103229605 0.901824236 0.400958627 0.123648480
1403715554512143104.000000 -3.412415266 -1.607485414 -1.409872174 -0.136960581 0.906086981 0.377317816 0.133714452
1403715554562142976.000000 -3.603759766 -1.506069064 -1.485170603 -0.172638193 0.908621430 0.352488965 0.142669797
1403715554612143360.000000 -3.769304752 -1.402078986 -1.550488472 -0.204920456 0.910312951 0.326807916 0.150115177
1403715554662142976.000000 -3.898653507 -1.287183523 -1.618028283 -0.231736720 0.910248339 0.305727661 0.155809730
1403715554712143104.000000 -3.992202282 -1.172209978 -1.664315462 -0.251517773 0.909977019 0.288515359 0.159497947
1403715554762143232.000000 -4.040813446 -1.059039593 -1.695554256 -0.266023517 0.909841418 0.274187207 0.161992326
1403715554812143104.000000 -4.033047199 -0.962481022 -1.706724405 -0.277767032 0.910301387 0.259407669 0.164025992
1403715554862142976.000000 -3.967483044 -0.894513130 -1.696809769 -0.277910948 0.912931919 0.248901218 0.165436104
1403715554912143104.000000 -3.842185020 -0.838976264 -1.671391726 -0.272318065 0.916581571 0.241684631 0.165256113
1403715554962142976.000000 -3.644737959 -0.830813885 -1.615390897 -0.260623872 0.922239959 0.233602822 0.164250746
1403715555012143104.000000 -3.416980743 -0.869790971 -1.542855263 -0.233455807 0.929045856 0.237030849 0.161829129
1403715555062142976.000000 -3.132125854 -0.936582446 -1.446753383 -0.195522502 0.934859812 0.250161260 0.158831522
1403715555112143360.000000 -2.786659479 -1.042624950 -1.322150230 -0.149521545 0.938524008 0.269682586 0.155201077
1403715555162142976.000000 -2.429655790 -1.155350089 -1.167758226 -0.101785094 0.938461185 0.293430537 0.151092723
1403715555212143104.000000 -2.096174002 -1.315635204 -1.022632122 -0.055025794 0.934913397 0.317869991 0.147877797
1403715555262143232.000000 -1.762721419 -1.410118222 -0.897408068 -0.001882708 0.927430809 0.344194859 0.146282077
1403715555312143104.000000 -1.367283463 -1.495415926 -0.709910214 0.044563048 0.919171333 0.364394754 0.142669976
1403715555362142976.000000 -1.012643218 -1.557666659 -0.544535995 0.072580278 0.913175046 0.375483364 0.140910402
1403715555412143104.000000 -0.692787170 -1.603144765 -0.382693529 0.090409219 0.910180867 0.379432410 0.139384717
1403715555462142976.000000 -0.400135577 -1.679368258 -0.257445574 0.091262043 0.911815882 0.375504702 0.138778061
1403715555512143104.000000 -0.123228729 -1.750820637 -0.115784228 0.086920887 0.915156186 0.368728608 0.137743354
1403715555562142976.000000 0.130346775 -1.812214732 -0.002182245 0.075716257 0.919416606 0.360257238 0.138401479
1403715555612143360.000000 0.364628255 -1.872138143 0.105288565 0.065103136 0.922842443 0.352984965 0.139732331
1403715555662142976.000000 0.573890090 -1.994098544 0.172406435 0.053679515 0.924110949 0.350889057 0.141472057
1403715555712143104.000000 0.771038175 -2.081156254 0.258027911 0.044521093 0.924361408 0.350660473 0.143566087
1403715555762143232.000000 0.945509434 -2.190479755 0.324388444 0.045248371 0.922315300 0.354747236 0.146429107
1403715555812143104.000000 1.123963475 -2.311180592 0.382074118 0.049798511 0.919319987 0.360834390 0.148894101
1403715555862142976.000000 1.285450935 -2.433934450 0.415424466 0.057793763 0.916057944 0.367022276 0.150971353
1403715555912143104.000000 1.419701338 -2.579887867 0.441205621 0.061708238 0.913955748 0.370660841 0.153256357
1403715555962142976.000000 1.531924725 -2.717009544 0.475916862 0.065224700 0.911791444 0.374461085 0.155438215
1403715556012143104.000000 1.622669935 -2.838776112 0.484638333 0.072611965 0.908687651 0.379785329 0.157408327
1403715556062142976.000000 1.708103418 -2.989654541 0.489599466 0.083148040 0.904198468 0.387722224 0.158691972
1403715556112143360.000000 1.771008253 -3.096980095 0.493465185 0.090966903 0.901751280 0.391300619 0.159541473
1403715556162142976.000000 1.820590496 -3.201653481 0.490630507 0.094457455 0.902361929 0.388915747 0.159891590
1403715556212143104.000000 1.844810009 -3.304863453 0.472018719 0.096563809 0.904116392 0.384037793 0.160511732
1403715556262143232.000000 1.849839926 -3.379267693 0.442328572 0.095292412 0.907102525 0.376883805 0.161378846
1403715556312143104.000000 1.855597734 -3.456667662 0.399703622 0.091887608 0.909655988 0.371077836 0.162431628
1403715556362142976.000000 1.817962408 -3.532433987 0.350538135 0.088159949 0.911130607 0.367395341 0.164588779
1403715556412143104.000000 1.758018494 -3.584874392 0.310008168 0.083627328 0.912733376 0.363418847 0.166886687
1403715556462142976.000000 1.698064804 -3.643549919 0.254929423 0.072972052 0.914117754 0.361096352 0.169331700
1403715556512143104.000000 1.606270313 -3.687499762 0.192235470 0.054681771 0.915438771 0.359647393 0.172149971
1403715556562142976.000000 1.514745235 -3.702578068 0.142984390 0.036304936 0.916596949 0.357751280 0.174774304
1403715556612143360.000000 1.402915955 -3.733803034 0.089191675 0.020900646 0.916667879 0.357541054 0.177334875
1403715556662142976.000000 1.285688162 -3.713201761 0.042464733 0.008885490 0.915673435 0.359419376 0.179668859
1403715556712143104.000000 1.181660414 -3.686290503 -0.002520084 -0.000469427 0.913583517 0.363945663 0.181407154
1403715556762143232.000000 1.066936016 -3.672259808 -0.068809628 -0.009773637 0.911479354 0.367963761 0.183609903
1403715556812143104.000000 0.976420522 -3.623530388 -0.107873201 -0.019914333 0.911992311 0.365626812 0.184906811
1403715556862142976.000000 0.873799324 -3.571966410 -0.157487392 -0.027489746 0.912590623 0.363070160 0.186018035
1403715556912143104.000000 0.758984089 -3.530933142 -0.229813576 -0.035718750 0.913058221 0.360165626 0.187961683
1403715556962142976.000000 0.662234724 -3.476557970 -0.278097987 -0.041243739 0.913521647 0.358000606 0.188713446
1403715557012143104.000000 0.559375584 -3.426828146 -0.334972143 -0.042317849 0.911699653 0.362121820 0.189422220
1403715557062142976.000000 0.482561409 -3.370153189 -0.401073098 -0.040540323 0.908585906 0.370242298 0.189073488
1403715557112143360.000000 0.411747932 -3.315469980 -0.469960451 -0.037484914 0.904724658 0.380020291 0.188819408
1403715557162142976.000000 0.331332088 -3.264437675 -0.544011593 -0.033718370 0.900443852 0.390770912 0.188048065
1403715557212143104.000000 0.253374398 -3.214136600 -0.634696007 -0.029778477 0.896386743 0.400545657 0.187529430
1403715557262143232.000000 0.197533339 -3.154668808 -0.730634689 -0.027296394 0.892841935 0.409114212 0.186316431
1403715557312143104.000000 0.148865849 -3.100920916 -0.824860394 -0.027020289 0.890994966 0.413727760 0.185006142
1403715557362142976.000000 0.087940156 -3.023634672 -0.940436482 -0.025970357 0.889285982 0.417753100 0.184332266
1403715557412143104.000000 0.036494732 -2.960222244 -1.081788301 -0.024733696 0.889731646 0.417369366 0.183217615
1403715557462142976.000000 -0.002633750 -2.874933481 -1.220204234 -0.024874097 0.892403185 0.412131160 0.182060048
1403715557512143104.000000 -0.042631984 -2.790559053 -1.394639254 -0.026625888 0.897033751 0.402002364 0.181702211
1403715557562142976.000000 -0.063001245 -2.705146074 -1.554920197 -0.029174335 0.902278960 0.390415877 0.180601880
1403715557612143360.000000 -0.107558548 -2.610550404 -1.729991317 -0.032786611 0.906615615 0.380089968 0.180291101
1403715557662142976.000000 -0.131125391 -2.502015591 -1.909244776 -0.036443442 0.911020577 0.369520068 0.179355189
1403715557712143104.000000 -0.107529044 -2.400388718 -2.075430870 -0.041112266 0.915036917 0.360086292 0.177073643
1403715557762143232.000000 -0.154082775 -2.304930449 -2.282592297 -0.041726213 0.917053580 0.355099410 0.176567271
1403715557812143104.000000 -0.186021924 -2.222339392 -2.498208284 -0.039181612 0.917892694 0.353877962 0.175237656
1403715557862142976.000000 -0.201904416 -2.134626865 -2.692642450 -0.036023919 0.918344915 0.354091823 0.173100755
1403715557912143104.000000 -0.192927241 -2.070249081 -2.889957905 -0.033566087 0.918557465 0.355395108 0.169764206
1403715557962142976.000000 -0.178465724 -2.045722008 -3.108945131 -0.031456962 0.918379486 0.357521325 0.166637883
1403715558012143104.000000 -0.161168456 -1.987673998 -3.311430931 -0.028758261 0.919095218 0.357341379 0.163536251
1403715558062142976.000000 -0.151249528 -1.951489210 -3.525485039 -0.028759168 0.919524312 0.357260287 0.161285758
1403715558112143360.000000 -0.138659954 -1.926823616 -3.739728689 -0.028191648 0.919216394 0.359158367 0.158907995
1403715558162142976.000000 -0.152367592 -1.920558095 -3.987493753 -0.028205527 0.918217421 0.362095952 0.158011794
1403715558212143104.000000 -0.080078602 -1.882954597 -4.174723625 -0.033359386 0.918487310 0.362329274 0.154873699
1403715558262143232.000000 -0.095404387 -1.818667650 -4.411721706 -0.036591541 0.918660343 0.361585349 0.154855609
1403715558312143104.000000 -0.073083162 -1.809704065 -4.655303955 -0.044746708 0.919171929 0.359573245 0.154362351
1403715558362142976.000000 -0.045680285 -1.785353661 -4.880264282 -0.050150793 0.921315193 0.353580266 0.153767094
1403715558412143104.000000 0.000566244 -1.728853941 -5.083258152 -0.053527277 0.924532771 0.344664335 0.153560072
1403715558462142976.000000 0.032451868 -1.723416567 -5.343063354 -0.048998032 0.927535415 0.336903840 0.154185370
1403715558512143104.000000 0.105569363 -1.689262629 -5.543120384 -0.043017562 0.932179272 0.324981809 0.153552175
1403715558562142976.000000 0.137741089 -1.644076586 -5.768930912 -0.035259828 0.935890436 0.314524859 0.154725716
1403715558612143360.000000 0.184557438 -1.569918871 -5.945517540 -0.028916089 0.939654112 0.303825498 0.154609874
1403715558662142976.000000 0.231138229 -1.490288258 -6.111473083 -0.023469759 0.941496491 0.298628807 0.154448867
1403715558712143104.000000 0.271198750 -1.446365833 -6.325655937 -0.020306418 0.941717029 0.297410429 0.155896783
1403715558762143232.000000 0.347543240 -1.363269329 -6.470333099 -0.020923112 0.941813886 0.296035975 0.157833770
1403715558812143104.000000 0.385821581 -1.296837807 -6.614925385 -0.022279438 0.941339195 0.294714600 0.162872687
1403715558862142976.000000 0.434982061 -1.208923817 -6.746383667 -0.025103917 0.940602720 0.293271661 0.169198349
1403715558912143104.000000 0.479463339 -1.155078888 -6.868171692 -0.031035583 0.939371645 0.291919768 0.177202180
1403715558962142976.000000 0.534286022 -1.097307205 -6.980270863 -0.034997523 0.938323617 0.289456278 0.185846835
1403715559012143104.000000 0.596570253 -1.041609764 -7.080497742 -0.040955354 0.937010765 0.286811680 0.195122316
1403715559062142976.000000 0.624220848 -1.001271963 -7.170019627 -0.043727040 0.934813440 0.285357028 0.206841305
1403715559112143360.000000 0.693293095 -0.973429918 -7.246570110 -0.043839391 0.932780147 0.283526778 0.218201488
1403715559162142976.000000 0.756418228 -0.938854218 -7.314025879 -0.043381333 0.930504918 0.281636089 0.230129853
1403715559212143104.000000 0.792855740 -0.921082497 -7.371002674 -0.043608781 0.927801967 0.278949946 0.243862256
1403715559262143232.000000 0.854192257 -0.915660381 -7.420969009 -0.044667777 0.924903631 0.276928931 0.256648749
1403715559312143104.000000 0.903149128 -0.890642881 -7.437396049 -0.046122283 0.921973407 0.273225665 0.270528585
1403715559362142976.000000 0.982387066 -0.862277985 -7.440783501 -0.048641134 0.918680847 0.271330804 0.282912076
1403715559412143104.000000 1.037844658 -0.858336210 -7.449778557 -0.050957233 0.913846016 0.272712499 0.296507686
1403715559462142976.000000 1.090993404 -0.862284184 -7.457413197 -0.056113467 0.907619298 0.278391987 0.309154302
1403715559512143104.000000 1.163161755 -0.848150253 -7.422658920 -0.056461569 0.901167810 0.288055003 0.318956137
1403715559562142976.000000 1.235331059 -0.836579800 -7.390143394 -0.052728869 0.894724488 0.298796088 0.327732652
1403715559612143360.000000 1.293790340 -0.810750961 -7.356480598 -0.047314674 0.888918936 0.307692200 0.336020857
1403715559662142976.000000 1.367249966 -0.791450977 -7.321225643 -0.045371603 0.884235740 0.313940257 0.342797548
1403715559712143104.000000 1.446300983 -0.747045517 -7.266188622 -0.046844192 0.880706191 0.316406250 0.349355727
1403715559762143232.000000 1.520473480 -0.691934347 -7.198768616 -0.049532279 0.878139019 0.315304935 0.356372446
1403715559812143104.000000 1.591914654 -0.640100241 -7.138687134 -0.051814955 0.875030339 0.314248949 0.364533573
1403715559862142976.000000 1.668005466 -0.605327129 -7.093093872 -0.053562682 0.871023893 0.314371765 0.373656064
1403715559912143104.000000 1.748065948 -0.563062191 -7.040328503 -0.057268806 0.867026865 0.312609464 0.383744866
1403715559962142976.000000 1.861406326 -0.500422239 -6.930238724 -0.062118776 0.863927245 0.308758467 0.392987549
1403715560012143104.000000 1.939448833 -0.454708815 -6.869174480 -0.066028945 0.859257460 0.306083530 0.404511839
1403715560062142976.000000 2.054479599 -0.411852360 -6.775969028 -0.067800812 0.854922771 0.303399354 0.415281773
1403715560112143360.000000 2.174969196 -0.420197248 -6.696862698 -0.071821228 0.849214971 0.303004920 0.426454782
1403715560162142976.000000 2.292495251 -0.404024601 -6.596749783 -0.070131660 0.843863785 0.301759571 0.438082993
1403715560212143104.000000 2.426729202 -0.425551653 -6.509445667 -0.065095149 0.837298810 0.304430932 0.449461102
1403715560262143232.000000 2.559484959 -0.436538935 -6.446125984 -0.057191029 0.830226362 0.306686431 0.461948991
1403715560312143104.000000 2.722255230 -0.466261625 -6.335865974 -0.052396167 0.823925376 0.308663785 0.472364575
1403715560362142976.000000 2.872729301 -0.522524595 -6.255298138 -0.047592357 0.816986144 0.310274333 0.483734012
1403715560412143104.000000 3.018715382 -0.543981552 -6.166715622 -0.042705424 0.810771883 0.309046239 0.495293528
1403715560462142976.000000 3.196152687 -0.601272345 -6.053158283 -0.042674929 0.804778993 0.308673263 0.505203426
1403715560512143104.000000 3.358998775 -0.645000219 -5.955176353 -0.041157544 0.798998952 0.306820571 0.515526891
1403715560562142976.000000 3.509716988 -0.657302618 -5.870948315 -0.037652187 0.792412817 0.304762781 0.527052045
1403715560612143360.000000 3.682171345 -0.690469742 -5.770224571 -0.037664931 0.785992026 0.302144647 0.538058221
1403715560662142976.000000 3.848420143 -0.723856211 -5.681654453 -0.036441606 0.779342115 0.299078733 0.549408615
1403715560712143104.000000 4.028918266 -0.752376795 -5.571593285 -0.036089357 0.772545874 0.295947403 0.560611904
1403715560762143232.000000 4.193722248 -0.794985056 -5.473733902 -0.037046205 0.765732050 0.291228056 0.572248459
1403715560812143104.000000 4.375760555 -0.833208799 -5.396903992 -0.037978582 0.757862806 0.287020624 0.584654391
1403715560862142976.000000 4.556870461 -0.868558407 -5.285758972 -0.041869871 0.751171291 0.279892623 0.596362948
1403715560912143104.000000 4.740471363 -0.907977581 -5.199205875 -0.044783104 0.742591560 0.275382251 0.608865261
1403715560962142976.000000 4.922924995 -0.944542885 -5.079755783 -0.046654064 0.734548688 0.269397140 0.621036887
1403715561012143104.000000 5.112822533 -0.998132944 -4.978224277 -0.047383212 0.724868774 0.265383005 0.633949578
1403715561062142976.000000 5.295836926 -1.054667234 -4.873648167 -0.047019269 0.714497685 0.262284398 0.646907449
1403715561112143360.000000 5.493730545 -1.081336975 -4.756816387 -0.044723313 0.703749895 0.259593040 0.659808576
1403715561162142976.000000 5.700021744 -1.125843525 -4.633307457 -0.041719455 0.692666233 0.258114785 0.672197640
1403715561212143104.000000 5.899750233 -1.178886414 -4.509567261 -0.039259158 0.682242274 0.257197976 0.683266819
1403715561262143232.000000 6.100416183 -1.209809303 -4.381823063 -0.030857084 0.672533810 0.259199709 0.692503929
1403715561312143104.000000 6.299672604 -1.275665283 -4.271689892 -0.022727692 0.662358761 0.264179796 0.700694978
1403715561362142976.000000 6.506133080 -1.326470613 -4.154763222 -0.015265414 0.652853072 0.268513322 0.708131731
1403715561412143104.000000 6.687500954 -1.377236366 -4.029535294 -0.008421005 0.644567847 0.270847350 0.714914858
1403715561462142976.000000 6.896613121 -1.427570820 -3.914725542 -0.006119751 0.637404144 0.269547939 0.721818924
1403715561512143104.000000 7.096755028 -1.478535652 -3.794799566 -0.006534204 0.632404268 0.262938350 0.728619039
1403715561562142976.000000 7.300484657 -1.508210421 -3.693884373 -0.007119419 0.627131224 0.254955828 0.735971093
1403715561612143360.000000 7.511227608 -1.531614304 -3.614786148 -0.009186954 0.621917963 0.245768055 0.743459404
1403715561662142976.000000 7.716946602 -1.564048529 -3.512458086 -0.012549117 0.617376208 0.235292926 0.750550807
1403715561712143104.000000 7.928589821 -1.610906601 -3.434823751 -0.010996841 0.611901641 0.225461051 0.758038759
1403715561762143232.000000 8.117475510 -1.646432161 -3.331230640 -0.010465746 0.606805265 0.214596748 0.765262187
1403715561812143104.000000 8.320608139 -1.684725761 -3.239471436 -0.006606492 0.599721968 0.206102788 0.773182809
1403715561862142976.000000 8.510606766 -1.705355644 -3.130218744 -0.003394326 0.592541277 0.196630403 0.781165719
1403715561912143104.000000 8.696321487 -1.780050039 -3.029627800 0.000674701 0.583637297 0.190009862 0.789470315
1403715561962142976.000000 8.874278069 -1.813965797 -2.923644781 0.006947010 0.575728595 0.179662287 0.797627568
1403715562012143104.000000 9.042238235 -1.874894619 -2.812284470 0.013496367 0.567796886 0.170584902 0.805186510
1403715562062142976.000000 9.195337296 -1.936030149 -2.724208355 0.021028234 0.560251236 0.162923649 0.811869681
1403715562112143360.000000 9.341856956 -1.978801727 -2.612550259 0.027654396 0.555208325 0.153126478 0.817025900
1403715562162142976.000000 9.484102249 -2.042370319 -2.515457153 0.032604560 0.550849617 0.145210236 0.821228147
1403715562212143104.000000 9.601845741 -2.096849442 -2.416453362 0.035077106 0.547893584 0.137542039 0.824417651
1403715562262143232.000000 9.702547073 -2.153355837 -2.320864916 0.031453371 0.545669079 0.131099686 0.827084541
1403715562312143104.000000 9.796932220 -2.193413019 -2.226265192 0.025918091 0.544007778 0.126592278 0.829070747
1403715562362142976.000000 9.866405487 -2.241817951 -2.118611336 0.015958475 0.542929709 0.124492854 0.830345869
1403715562412143104.000000 9.925505638 -2.299188137 -2.015597343 0.002432555 0.541250587 0.124923579 0.831526399
1403715562462142976.000000 9.962944031 -2.353077173 -1.906170845 -0.011015936 0.539534628 0.125226304 0.832525909
1403715562512143104.000000 9.986846924 -2.394590616 -1.786273718 -0.022428576 0.536565304 0.124261871 0.834358215
1403715562562142976.000000 10.013518333 -2.448692322 -1.646791458 -0.029670421 0.533793986 0.118117802 0.836798608
1403715562612143360.000000 10.015211105 -2.514993429 -1.508491278 -0.032349166 0.529090106 0.113411851 0.840330243
1403715562662142976.000000 10.013420105 -2.599404812 -1.375011444 -0.033183258 0.520512223 0.118601754 0.844925761
1403715562712143104.000000 9.997332573 -2.691614151 -1.203495264 -0.029918082 0.510856092 0.131533906 0.849016964
1403715562762143232.000000 9.974356651 -2.766134501 -1.033115625 -0.025184851 0.501871824 0.143745825 0.852541804
1403715562812143104.000000 9.942222595 -2.840712070 -0.868591547 -0.020186124 0.492923439 0.154527992 0.856002390
1403715562862142976.000000 9.915719986 -2.913455963 -0.683472395 -0.015709231 0.483394831 0.163826555 0.859792769
1403715562912143104.000000 9.873746872 -3.001709461 -0.503695250 -0.011690730 0.473448336 0.170482978 0.864086628
1403715562962142976.000000 9.827664375 -3.090369701 -0.322777510 -0.008912344 0.463836998 0.174178109 0.868583798
1403715563012143104.000000 9.798191071 -3.156366825 -0.137515068 -0.005490720 0.453440189 0.175283581 0.873863578
1403715563062142976.000000 9.752585411 -3.246517897 0.040033102 -0.001947788 0.443746746 0.172400549 0.879410744
1403715563112143360.000000 9.721940041 -3.302268744 0.207093716 0.002385262 0.433833867 0.163874671 0.885961413
1403715563162142976.000000 9.654128075 -3.389089108 0.393055677 0.006750610 0.425092936 0.155489221 0.891668975
1403715563212143104.000000 9.632531166 -3.466673851 0.552400589 0.012992701 0.411278844 0.144206092 0.899936378
1403715563262143232.000000 9.583542824 -3.533150673 0.729169130 0.021071605 0.396581322 0.133730128 0.907962263
1403715563312143104.000000 9.546197891 -3.618553162 0.883220434 0.026379269 0.378681540 0.122807197 0.916963935
1403715563362142976.000000 9.457219124 -3.681577444 1.083971262 0.031817634 0.361370564 0.112406373 0.925074995
1403715563412143104.000000 9.394810677 -3.715280533 1.239741802 0.036597796 0.340156198 0.101764992 0.934129715
1403715563462142976.000000 9.323183060 -3.819205046 1.385330796 0.035976607 0.320546716 0.091479473 0.942118406
1403715563512143104.000000 9.258287430 -3.889899015 1.537040591 0.035822257 0.298837662 0.080444701 0.950232327
1403715563562142976.000000 9.167129517 -3.909069777 1.682985902 0.038277272 0.278882593 0.068469703 0.957116127
1403715563612143360.000000 9.055918694 -3.950997591 1.843695641 0.038932648 0.260722876 0.056596190 0.962966681
1403715563662142976.000000 8.949865341 -3.958433390 1.994346619 0.041595992 0.243022040 0.046135325 0.968029737
1403715563712143104.000000 8.838069916 -3.963102579 2.146365643 0.044478204 0.226109073 0.034642801 0.972469211
1403715563762143232.000000 8.711976051 -3.961288929 2.279905796 0.048083439 0.208763808 0.024315119 0.976480722
1403715563812143104.000000 8.576478004 -3.959130764 2.422954559 0.051954716 0.190090492 0.018404137 0.980218172
1403715563862142976.000000 8.443593025 -3.954995632 2.548020124 0.056870949 0.167564288 0.018694714 0.984041929
1403715563912143104.000000 8.292528152 -3.900958061 2.680428267 0.060323268 0.145619631 0.017369045 0.987347126
1403715563962142976.000000 8.122793198 -3.909573078 2.793263435 0.060823854 0.122285247 0.020116832 0.990425229
1403715564012143104.000000 7.944959641 -3.783959866 2.907051563 0.062912002 0.097871497 0.022656353 0.992950201
1403715564062142976.000000 7.774980545 -3.733686924 3.025464058 0.061013158 0.072228506 0.026899027 0.995156705
1403715564112143360.000000 7.597699642 -3.638921976 3.117151499 0.061136957 0.047536708 0.028251866 0.996596456
1403715564162142976.000000 7.412165642 -3.615918159 3.201679707 0.059647098 0.023968160 0.028804284 0.997515976
1403715564212143104.000000 7.242537498 -3.526633263 3.257444143 0.058339633 -0.000442472 0.027325716 0.997922659
1403715564262143232.000000 7.076449394 -3.431903839 3.321456671 0.058109667 -0.023709534 0.023443799 0.997753263
1403715564312143104.000000 6.908597946 -3.370775461 3.336088896 0.056511864 -0.046135239 0.014441038 0.997230887
1403715564362142976.000000 6.753709316 -3.298682213 3.365107536 0.055929102 -0.069969185 0.005152931 0.995966792
1403715564412143104.000000 6.641070843 -3.225705385 3.384159565 0.049136803 -0.095492110 -0.006152621 0.994197726
1403715564462142976.000000 6.487874031 -3.217849016 3.367741108 0.037358020 -0.118698761 -0.019491168 0.992035866
1403715564512143104.000000 6.347880363 -3.165512085 3.343924046 0.030099038 -0.142717898 -0.031978287 0.988788664
1403715564562142976.000000 6.250155926 -3.179685354 3.308109283 0.022437822 -0.167598724 -0.045211013 0.984562457
1403715564612143360.000000 6.138247490 -3.162141085 3.282395124 0.018515566 -0.190527827 -0.058264334 0.979776323
1403715564662142976.000000 6.056774139 -3.168351889 3.261321068 0.016656850 -0.214903429 -0.071602680 0.973864615
1403715564712143104.000000 5.942396164 -3.163887739 3.220490217 0.017869361 -0.235920265 -0.085443296 0.967843890
1403715564762143232.000000 5.813773155 -3.169167519 3.156617880 0.019318599 -0.256622732 -0.098379239 0.961297631
1403715564812143104.000000 5.687322617 -3.269137621 3.087348223 0.018390013 -0.276631236 -0.111222580 0.954340935
1403715564862142976.000000 5.593884468 -3.256664991 3.012468815 0.023415785 -0.297067255 -0.120567828 0.946924627
1403715564912143104.000000 5.457253456 -3.269719124 2.926091671 0.030961998 -0.315703899 -0.130904198 0.939274549
1403715564962142976.000000 5.398768425 -3.400991678 2.883965969 0.034608301 -0.337426245 -0.139775306 0.930273473
1403715565012143104.000000 5.259489059 -3.482961893 2.807150126 0.039464723 -0.359122425 -0.148778647 0.920509934
1403715565062142976.000000 5.179853439 -3.650592566 2.694982529 0.039468363 -0.377785325 -0.157673329 0.911514997
1403715565112143360.000000 5.089858532 -3.753107548 2.580630302 0.040362477 -0.399095327 -0.162461087 0.901498854
1403715565162142976.000000 4.943319321 -3.730597734 2.430473566 0.043878321 -0.417680144 -0.165655062 0.892287254
1403715565212143104.000000 4.844539165 -3.871742964 2.329980612 0.039597739 -0.439451188 -0.169927403 0.881158054
1403715565262143232.000000 4.740080833 -4.003338814 2.215280294 0.036304474 -0.460009784 -0.173439726 0.870052695
1403715565312143104.000000 4.644868851 -4.044199467 2.156557560 0.038825855 -0.481230587 -0.174216494 0.858229816
1403715565362142976.000000 4.552868366 -4.122958183 2.050373077 0.041495457 -0.500112593 -0.175195068 0.847037375
1403715565412143104.000000 4.466023922 -4.136145592 1.957119465 0.046942212 -0.518561900 -0.174721569 0.835680842
1403715565462142976.000000 4.367107391 -4.160628319 1.805854678 0.050226692 -0.535563827 -0.174432233 0.824755847
1403715565512143104.000000 4.248813629 -4.158277512 1.718518734 0.054301184 -0.552852333 -0.175608724 0.812752962
1403715565562142976.000000 4.185365200 -4.171607971 1.657048702 0.057045545 -0.571613431 -0.178436697 0.798851848
1403715565612143360.000000 4.092884064 -4.202001572 1.533691406 0.057557523 -0.588824391 -0.183136955 0.785133004
1403715565662142976.000000 4.034547329 -4.192231655 1.411306381 0.058636121 -0.606955826 -0.186777711 0.770247161
1403715565712143104.000000 4.000909805 -4.233752728 1.327699900 0.057227343 -0.626396060 -0.192521676 0.753185511
1403715565762143232.000000 3.951223850 -4.233125687 1.197659850 0.056289647 -0.644379675 -0.200014338 0.735935211
1403715565812143104.000000 3.929356337 -4.236873150 1.077289820 0.054533917 -0.662534475 -0.210265324 0.716842175
1403715565862142976.000000 3.920596600 -4.255531311 0.991445065 0.050554391 -0.682585180 -0.218173712 0.695645034
1403715565912143104.000000 3.927408457 -4.280360222 0.820252895 0.049716916 -0.700884581 -0.228028342 0.674012065
1403715565962142976.000000 3.929258823 -4.308229446 0.729905844 0.048244715 -0.720990717 -0.235542357 0.649895906
1403715566012143104.000000 3.969891548 -4.341912270 0.697911739 0.047697697 -0.742725074 -0.240525678 0.623082519
1403715566062142976.000000 3.983386517 -4.324538708 0.506302834 0.047127359 -0.759192646 -0.247099027 0.600289702
1403715566112143360.000000 4.004541874 -4.339140892 0.352549553 0.047495276 -0.775313079 -0.255712450 0.575538874
1403715566162142976.000000 4.024636745 -4.379516125 0.227029324 0.047223169 -0.791441858 -0.262423217 0.550021648
1403715566212143104.000000 4.082204819 -4.370502472 0.138743877 0.048000939 -0.806659043 -0.267516226 0.524816334
1403715566262143232.000000 4.126124382 -4.379726887 0.080634117 0.047598541 -0.822359622 -0.270937085 0.498048395
1403715566312143104.000000 4.233668804 -4.397685528 -0.053330421 0.047639403 -0.835365772 -0.275985032 0.472997665
1403715566362142976.000000 4.310500145 -4.412447929 -0.134351254 0.048126318 -0.847906709 -0.280744284 0.447125077
1403715566412143104.000000 4.365659237 -4.394011497 -0.200085163 0.048764240 -0.859872580 -0.284453452 0.421102494
1403715566462142976.000000 4.458117962 -4.389228821 -0.279268742 0.049238857 -0.870892227 -0.287232012 0.395752579
1403715566512143104.000000 4.547379971 -4.420268059 -0.367615223 0.049449529 -0.880877554 -0.289862901 0.370930016
1403715566562142976.000000 4.632910252 -4.412199974 -0.417618275 0.049372625 -0.890336037 -0.291282028 0.346437544
1403715566612143360.000000 4.695682049 -4.415940285 -0.458971977 0.048880994 -0.899207652 -0.292690784 0.321509629
1403715566662142976.000000 4.766401768 -4.359581470 -0.474616051 0.050593399 -0.907559991 -0.293190837 0.296334952
1403715566712143104.000000 4.876340866 -4.320502281 -0.496829510 0.052297261 -0.914815664 -0.295199126 0.270619184
1403715566762143232.000000 5.055193901 -4.289402485 -0.575664997 0.052145351 -0.920663178 -0.297910839 0.246798173
1403715566812143104.000000 5.142004967 -4.264984131 -0.597731113 0.049920749 -0.926879466 -0.301122636 0.218466491
1403715566862142976.000000 5.275181770 -4.243994713 -0.614098072 0.047776621 -0.932838142 -0.302454859 0.189872384
1403715566912143104.000000 5.400368690 -4.238539696 -0.623825550 0.045131400 -0.938528776 -0.302918822 0.159270510
1403715566962142976.000000 5.565462589 -4.215836048 -0.623876810 0.043447334 -0.943168342 -0.303402275 0.128424585
1403715567012143104.000000 5.630028248 -4.209179878 -0.627164364 0.039674003 -0.946439922 -0.306270003 0.094213501
1403715567062142976.000000 5.671545506 -4.280481815 -0.610828638 0.033423573 -0.948007882 -0.311166465 0.057787225
1403715567112143360.000000 6.017638206 -4.191334724 -0.564102173 0.028901480 -0.949248850 -0.311974525 0.027626762
1403715567162142976.000000 6.113106251 -4.227334499 -0.527206302 -0.023744008 0.948906362 0.314520776 0.009473888
1403715567212143104.000000 6.354179859 -4.189623356 -0.505765975 -0.020843279 0.947356761 0.316551000 0.043315116
1403715567262143232.000000 6.491990089 -4.175102234 -0.448918641 -0.017974555 0.943282187 0.321633011 0.080298491
1403715567312143104.000000 6.759863377 -4.115535736 -0.409048021 0.017705875 -0.938813150 -0.324555755 -0.113929778
1403715567362142976.000000 7.010427475 -4.091021538 -0.426247597 0.022237653 -0.932117403 -0.329462320 -0.148718670
1403715567412143104.000000 7.310380459 -4.131082535 -0.427983522 0.029929865 -0.923608303 -0.335872829 -0.182322428
1403715567462142976.000000 7.146763802 -4.196877956 -0.223149061 -0.026285892 0.914534390 0.333854884 0.226885095
1403715567512143104.000000 7.291828632 -4.171135426 -0.164418697 -0.032691360 0.904145598 0.334779471 0.263391078
1403715567562142976.000000 7.459965706 -4.090567589 -0.090516090 -0.040804375 0.894082367 0.330044687 0.300037146
1403715567612143360.000000 7.868106842 -4.108146191 0.126108646 -0.054222066 0.885520577 0.326268137 0.326285809
1403715567662142976.000000 7.730097294 -3.975226402 0.175901413 -0.031818662 0.875743330 0.322714806 0.357654005
1403715567712143104.000000 7.882367134 -3.971440315 0.270291805 -0.031473543 0.864276767 0.317928791 0.388530999
1403715567762143232.000000 8.097227097 -3.896478653 0.343526840 -0.032177556 0.852587700 0.308095455 0.420875430
1403715567812143104.000000 8.292840958 -3.871980190 0.520319939 -0.028764609 0.842338502 0.300799042 0.446271628
1403715567862142976.000000 8.327276230 -3.771875858 0.582914352 -0.026032653 0.828139424 0.291329205 0.478157610
1403715567912143104.000000 8.433795929 -3.732192993 0.645196915 -0.025305364 0.812654793 0.283939451 0.508261979
1403715567962142976.000000 8.554078102 -3.695283890 0.740723610 -0.026288567 0.796999454 0.275850028 0.536663413
1403715568012143104.000000 8.706318855 -3.651489258 0.830617905 -0.027018080 0.781744957 0.265995532 0.563374877
1403715568062142976.000000 8.798962593 -3.600732088 0.942877769 -0.024551280 0.766096294 0.254853219 0.589528203
1403715568112143360.000000 8.925734520 -3.603492498 1.028118134 -0.023257880 0.749429286 0.245389208 0.614490867
1403715568162142976.000000 9.048533440 -3.573819637 1.186616898 -0.018930236 0.734029412 0.236030266 0.636500001
1403715568212143104.000000 9.157842636 -3.574256897 1.296042442 -0.018389670 0.716508448 0.227085263 0.659325361
1403715568262143232.000000 9.310220718 -3.482991695 1.514093399 -0.010291821 0.701526880 0.219654381 0.677868783
1403715568312143104.000000 9.395729065 -3.480741262 1.641965866 -0.008062740 0.682605267 0.214279771 0.698619604
1403715568362142976.000000 9.494472504 -3.470656157 1.780213356 -0.004891204 0.663573802 0.207920030 0.718620300
1403715568412143104.000000 9.556161880 -3.472368956 1.922952652 -0.003018657 0.644618630 0.202314019 0.737242699
1403715568462142976.000000 9.643381119 -3.454061985 2.054303169 -0.000441163 0.624498785 0.193836808 0.756590068
1403715568512143104.000000 9.699263573 -3.329473972 2.264193058 0.006292352 0.606352627 0.183552474 0.773696005
1403715568562142976.000000 9.784549713 -3.454914808 2.375510216 0.002601419 0.584453464 0.178992555 0.791434765
1403715568612143360.000000 9.841784477 -3.486325979 2.506128788 0.001890729 0.563177228 0.171785310 0.808280706
1403715568662142976.000000 9.909757614 -3.476812124 2.638164520 0.002886121 0.540996969 0.163011983 0.825070381
1403715568712143104.000000 9.948830605 -3.427873373 2.767064095 0.006820419 0.517947674 0.154309928 0.841351449
1403715568762143232.000000 9.954394341 -3.531253815 2.935083389 0.004177618 0.497592866 0.148910999 0.854522943
1403715568812143104.000000 9.977815628 -3.595950365 3.062698841 0.002403605 0.474014580 0.142865881 0.868846238
1403715568862142976.000000 9.978078842 -3.561261177 3.196442604 0.004358740 0.452123642 0.133484110 0.881899774
1403715568912143104.000000 9.986358643 -3.582296848 3.332898617 0.004318157 0.429165334 0.126395002 0.894328117
1403715568962142976.000000 9.959190369 -3.640825033 3.494687796 0.000182518 0.408303171 0.123613968 0.904438019
1403715569012143104.000000 9.986127853 -3.682334423 3.601118565 -0.003560053 0.385575712 0.119178936 0.914939940
1403715569062142976.000000 9.958680153 -3.694937229 3.747348547 -0.004344869 0.365666896 0.112741575 0.923882186
1403715569112143360.000000 9.931122780 -3.738480806 3.891416550 -0.006315306 0.345752120 0.108280770 0.932035923
1403715569162142976.000000 9.879737854 -3.761567354 4.041071892 -0.006548263 0.326492846 0.104074635 0.939429641
1403715569212143104.000000 9.824403763 -3.746286392 4.214289665 -0.003712886 0.308880001 0.099162854 0.945910275
1403715569262143232.000000 9.780906677 -3.804916382 4.351688862 -0.000568130 0.292099357 0.096350595 0.951522052
1403715569312143104.000000 9.753244400 -3.832045794 4.479163647 0.007777539 0.276720613 0.090518802 0.956646025
1403715569362142976.000000 9.722352982 -3.897874832 4.615164280 0.014977735 0.262649417 0.084860541 0.961035788
1403715569412143104.000000 9.682109833 -3.922692299 4.744481564 0.024043761 0.249668121 0.078915566 0.964810967
1403715569462142976.000000 9.641017914 -3.955083132 4.866662979 0.030356161 0.237584621 0.072807722 0.968158603
1403715569512143104.000000 9.593622208 -3.997644424 4.995329380 0.033965465 0.225277767 0.064463586 0.971566200
1403715569562142976.000000 9.521789551 -4.022583008 5.123336315 0.036729995 0.213531792 0.057344764 0.974559784
1403715569612143360.000000 9.470277786 -4.075960159 5.226375103 0.036382146 0.200361118 0.049947638 0.977771461
1403715569662142976.000000 9.377148628 -4.080946922 5.332432270 0.036353249 0.187283039 0.043012191 0.980690300
1403715569712143104.000000 9.279293060 -4.111297131 5.431777000 0.033840183 0.173201501 0.037047803 0.983607411
1403715569762143232.000000 9.229402542 -4.149767399 5.511114120 0.031520970 0.154588908 0.032653131 0.986935973
1403715569812143104.000000 9.119732857 -4.182575703 5.600709915 0.029738400 0.137137994 0.027431097 0.989725411
1403715569862142976.000000 9.005538940 -4.230378628 5.685077667 0.028231082 0.117731333 0.024507040 0.992341578
1403715569912143104.000000 8.896253586 -4.239735126 5.763846397 0.031827323 0.098150246 0.017615529 0.994506538
1403715569962142976.000000 8.820139885 -4.269033909 5.813778400 0.035158459 0.076409794 0.010790173 0.996398032
1403715570012143104.000000 8.686075211 -4.321873188 5.886709690 0.036684602 0.056956511 0.004537360 0.997692168
1403715570062142976.000000 8.540029526 -4.314209938 5.955947399 0.040958703 0.037729800 -0.003093078 0.998443425
1403715570112143360.000000 8.423871994 -4.290176392 6.006353855 0.045554552 0.016443728 -0.010623042 0.998770058
1403715570162142976.000000 8.255746841 -4.331837654 6.058074474 0.046175972 -0.003239033 -0.016920311 0.998784781
1403715570212143104.000000 8.174702644 -4.375825882 6.060842037 0.046200823 -0.027878445 -0.024673779 0.998238206
1403715570262143232.000000 8.063682556 -4.363545895 6.058540821 0.048583884 -0.052020591 -0.031704538 0.996959567
1403715570312143104.000000 7.902840137 -4.323309422 6.092446327 0.053498596 -0.073581204 -0.039289474 0.995077968
1403715570362142976.000000 7.806362152 -4.381666183 6.070623398 0.053579867 -0.099759184 -0.046918906 0.992459536
1403715570412143104.000000 7.613214970 -4.403231144 6.063216209 0.054867111 -0.120905019 -0.054643545 0.989639163
1403715570462142976.000000 7.463057041 -4.284558773 6.029463768 0.062989160 -0.145887703 -0.061377097 0.985384226
1403715570512143104.000000 7.244302750 -4.241005898 6.092266083 0.067494743 -0.166405708 -0.068142489 0.981381774
1403715570562142976.000000 7.067142963 -4.232953072 6.066602230 0.070547029 -0.188325822 -0.077374801 0.976508915
1403715570612143360.000000 6.980550766 -4.179851055 6.025222301 0.074245676 -0.216513783 -0.086571716 0.969595194
1403715570662142976.000000 6.831956863 -4.183441162 5.951955795 0.068534076 -0.241620392 -0.095059916 0.963268578
1403715570712143104.000000 6.712155819 -4.139236450 5.900502682 0.063993104 -0.266839325 -0.103521071 0.956025660
1403715570762143232.000000 6.593506336 -4.142973900 5.866730213 0.058472559 -0.293810487 -0.112590708 0.947406888
1403715570812143104.000000 6.466763496 -4.076313019 5.763821602 0.057153910 -0.318091512 -0.121999033 0.938438892
1403715570862142976.000000 6.353855133 -4.021191120 5.691720963 0.052952819 -0.342556536 -0.127739489 0.929265141
1403715570912143104.000000 6.212569237 -3.963064432 5.620259762 0.052266143 -0.367604643 -0.137304574 0.918304205
1403715570962142976.000000 6.115520477 -3.926317930 5.508242130 0.046556596 -0.389817476 -0.146186084 0.908022285
1403715571012143104.000000 5.987497807 -3.828307152 5.440548897 0.045082849 -0.411064416 -0.152846709 0.897569776
1403715571062142976.000000 5.812242508 -3.770072460 5.274402618 0.040952846 -0.425292581 -0.158291042 0.890164673
1403715571112143360.000000 5.689840794 -3.707286358 5.171533108 0.037775163 -0.440815061 -0.159998134 0.882414758
1403715571162142976.000000 5.559370041 -3.663331032 5.076607227 0.036271207 -0.454684258 -0.159729585 0.875461698
1403715571212143104.000000 5.443031311 -3.638599873 4.965722561 0.038451590 -0.465851039 -0.157410771 0.869900107
1403715571262143232.000000 5.323510647 -3.563067436 4.850694656 0.046699595 -0.473352432 -0.155374929 0.865803301
1403715571312143104.000000 5.227174759 -3.488030672 4.747032642 0.055595614 -0.479651600 -0.154139414 0.862023592
1403715571362142976.000000 5.121007442 -3.467116117 4.642030716 0.060326617 -0.483845890 -0.153482199 0.859474897
1403715571412143104.000000 5.042840958 -3.395584345 4.506027222 0.061495479 -0.486022145 -0.154658437 0.857951999
1403715571462142976.000000 4.962675095 -3.366916656 4.403800011 0.055890888 -0.487195373 -0.159035131 0.856869102
1403715571512143104.000000 4.875259399 -3.215597391 4.269662857 0.052664157 -0.486320317 -0.161192238 0.857167542
1403715571562142976.000000 4.815990925 -3.213016033 4.155346870 0.038218092 -0.488183856 -0.162081912 0.856706142
1403715571612143360.000000 4.759761810 -3.116056442 4.027106285 0.022279475 -0.490705580 -0.158677593 0.856465518
1403715571662142976.000000 4.702071667 -3.034972906 3.915850639 0.002282824 -0.494353801 -0.150052890 0.856208682
1403715571712143104.000000 4.645476341 -2.904648066 3.789692402 -0.019939687 -0.497250855 -0.139668807 0.856058776
1403715571762143232.000000 4.594017029 -2.841024399 3.696008205 -0.045410659 -0.499881804 -0.130842105 0.854948223
1403715571812143104.000000 4.531880379 -2.722598791 3.638331890 -0.068273485 -0.501418293 -0.124830410 0.853425920
1403715571862142976.000000 4.476193428 -2.636381149 3.560167313 -0.088416986 -0.500770926 -0.121239156 0.852474093
1403715571912143104.000000 4.429932117 -2.565357924 3.502165794 -0.106944755 -0.499148369 -0.119548373 0.851540923
1403715571962142976.000000 4.369254589 -2.489416361 3.477982521 -0.123088241 -0.496160209 -0.121500127 0.850830257
1403715572012143104.000000 4.312100410 -2.447177887 3.495272160 -0.136549890 -0.492908806 -0.127111629 0.849845767
1403715572062142976.000000 4.266432762 -2.363380671 3.538929939 -0.141641721 -0.489184499 -0.136834815 0.849654257
1403715572112143360.000000 4.178266525 -2.347545147 3.583446980 -0.142694294 -0.482242376 -0.153491288 0.850600481
1403715572162142976.000000 4.082001686 -2.287889481 3.666302681 -0.131535918 -0.477698773 -0.172748715 0.851269662
1403715572212143104.000000 3.977851868 -2.272201538 3.775718689 -0.115566760 -0.476126522 -0.189595789 0.850882649
1403715572262143232.000000 3.852366447 -2.279705524 3.904991150 -0.089037910 -0.477581859 -0.206333756 0.849361122
1403715572312143104.000000 3.739777088 -2.278070450 4.018859386 -0.055971179 -0.482080936 -0.221313760 0.845863700
1403715572362142976.000000 3.584509611 -2.263498545 4.150548935 -0.022980295 -0.489101648 -0.230226487 0.840979934
1403715572412143104.000000 3.421979427 -2.259777308 4.278364658 0.008276127 -0.498047918 -0.236208335 0.834317386
1403715572462142976.000000 3.252307653 -2.278328657 4.409518242 0.030104693 -0.508941948 -0.238707200 0.826493025
1403715572512143104.000000 3.074315548 -2.276751995 4.513292789 0.045229405 -0.520329893 -0.238741890 0.818665624
1403715572562142976.000000 2.890766382 -2.253820658 4.621354103 0.054436058 -0.532698631 -0.237016752 0.810612082
1403715572612143360.000000 2.723709583 -2.272258759 4.693292141 0.059300616 -0.544521391 -0.238627389 0.801895797
1403715572662142976.000000 2.545450687 -2.262216330 4.760251999 0.063679174 -0.556952775 -0.239896610 0.792589545
1403715572712143104.000000 2.381412983 -2.224222422 4.823975563 0.066483676 -0.569393396 -0.243503883 0.782353520
1403715572762143232.000000 2.200559616 -2.216825485 4.866982460 0.064960189 -0.580825090 -0.249036729 0.772271395
1403715572812143104.000000 2.041753292 -2.232949257 4.919836521 0.058903929 -0.594712734 -0.252527863 0.760971010
1403715572862142976.000000 1.873931408 -2.205184221 4.931859970 0.056063138 -0.607472301 -0.254593790 0.750344157
1403715572912143104.000000 1.717509747 -2.186276913 4.922191143 0.052755941 -0.620088577 -0.253885061 0.740438700
1403715572962142976.000000 1.546343803 -2.181100845 4.897686958 0.051346272 -0.633339822 -0.253836155 0.729254067
1403715573012143104.000000 1.368656158 -2.207636118 4.869448185 0.049855024 -0.646247327 -0.254265010 0.717794001
1403715573062142976.000000 1.224583149 -2.236223459 4.866423607 0.047724757 -0.661158919 -0.253512859 0.704501569
1403715573112143360.000000 1.067369938 -2.267014503 4.818038464 0.045934256 -0.673968434 -0.253483266 0.692389309
1403715573162142976.000000 0.918292522 -2.320271254 4.778614998 0.040989589 -0.687504828 -0.253080279 0.679416955
1403715573212143104.000000 0.788711548 -2.337250948 4.728662968 0.040634327 -0.698909938 -0.255139917 0.666916370
1403715573262143232.000000 0.659409523 -2.384931087 4.656765938 0.035993330 -0.710862935 -0.257192612 0.653628647
1403715573312143104.000000 0.509412766 -2.402748585 4.590984344 0.032681465 -0.722012579 -0.260660261 0.640067220
1403715573362142976.000000 0.384271145 -2.442105055 4.520279884 0.027962370 -0.732590497 -0.264554024 0.626530528
1403715573412143104.000000 0.257976532 -2.456002712 4.481520653 0.023625970 -0.743554413 -0.267180383 0.612522185
1403715573462142976.000000 0.135391712 -2.479070663 4.415027142 0.015544684 -0.754397571 -0.268616021 0.598738909
1403715573512143104.000000 0.030111790 -2.538742065 4.368630409 0.007337274 -0.765245020 -0.270277619 0.584205747
1403715573562142976.000000 -0.079524517 -2.558980227 4.314147949 0.001778079 -0.774520099 -0.272603333 0.570791483
1403715573612143360.000000 -0.213453770 -2.590204000 4.265878677 -0.000481594 -0.782868505 -0.277384192 0.556933343
1403715573662142976.000000 -0.336397648 -2.601942778 4.235687256 0.000668755 -0.790835202 -0.283150643 0.542590976
1403715573712143104.000000 -0.473189831 -2.644687176 4.210018158 0.003077958 -0.796811163 -0.293402344 0.528202176
1403715573762143232.000000 -0.594089508 -2.656566858 4.185979843 0.005559710 -0.802301288 -0.303501219 0.513973534
1403715573812143104.000000 -0.720868111 -2.684642076 4.158376694 0.008818170 -0.807422519 -0.314957321 0.498791575
1403715573862142976.000000 -0.865247726 -2.724798918 4.117381096 0.010053629 -0.812446833 -0.326665163 0.482823879
1403715573912143104.000000 -0.983343124 -2.750492573 4.066368103 0.010885820 -0.817731202 -0.336434752 0.466914296
1403715573962142976.000000 -1.121120930 -2.764165640 4.028961658 0.009623791 -0.824755251 -0.343387961 0.449189156
1403715574012143104.000000 -1.251461506 -2.796832561 3.951665401 0.007320659 -0.830718398 -0.351887226 0.431310445
1403715574062142976.000000 -1.388601780 -2.791944981 3.886333942 0.005942110 -0.837663710 -0.358791083 0.411768436
1403715574112143360.000000 -1.531527996 -2.833935261 3.849484682 0.002893247 -0.845858514 -0.363230079 0.390613526
1403715574162142976.000000 -1.673572540 -2.860516548 3.753074408 0.002514327 -0.853535473 -0.366348892 0.370485365
1403715574212143104.000000 -1.833023548 -2.874251366 3.688973427 0.005467801 -0.862601817 -0.366607964 0.348549515
1403715574262143232.000000 -1.979313374 -2.891702652 3.595346212 0.012022696 -0.871842921 -0.363124609 0.328459859
1403715574312143104.000000 -2.154382229 -2.883782864 3.526645660 0.024408048 -0.881197929 -0.358952343 0.306671977
1403715574362142976.000000 -2.305155754 -2.897049665 3.427343369 0.037580512 -0.888146996 -0.356100112 0.288054645
1403715574412143104.000000 -2.452382088 -2.880538702 3.342689991 0.051959492 -0.893596113 -0.353596449 0.271580130
1403715574462142976.000000 -2.623214245 -2.862494469 3.235736847 0.063751742 -0.897240698 -0.353403509 0.256906420
1403715574512143104.000000 -2.788545132 -2.879221678 3.144727945 0.072314702 -0.899972260 -0.353653580 0.244437486
1403715574562142976.000000 -2.969608784 -2.886575222 3.017748356 0.077336989 -0.901688397 -0.356100261 0.232743785
1403715574612143360.000000 -3.097433567 -2.867415667 2.911798239 0.082105145 -0.902353942 -0.359275013 0.223467037
1403715574662142976.000000 -3.242265701 -2.850186825 2.790068388 0.084492683 -0.903209269 -0.362773091 0.213236496
1403715574712143104.000000 -3.361334324 -2.823152542 2.684501171 0.085027963 -0.904491782 -0.364684045 0.204133198
1403715574762143232.000000 -3.449658394 -2.810415268 2.546973705 0.083327211 -0.905203342 -0.367849022 0.195833057
1403715574812143104.000000 -3.546368599 -2.773131132 2.413491726 0.076112561 -0.907238185 -0.368165046 0.188627183
1403715574862142976.000000 -3.632181644 -2.760476589 2.259700060 0.064350009 -0.909249127 -0.368256539 0.183063835
1403715574912143104.000000 -3.692032814 -2.728230000 2.116144896 0.055305675 -0.911601484 -0.365695238 0.179418936
1403715574962142976.000000 -3.760802269 -2.691985846 1.960222006 0.049463525 -0.914925992 -0.359733194 0.176226735
1403715575012143104.000000 -3.827311993 -2.687326670 1.799929142 0.043788373 -0.917160988 -0.355594128 0.174502537
1403715575062142976.000000 -3.901238918 -2.657925844 1.635802507 0.042653296 -0.920072854 -0.348738432 0.173286468
1403715575112143360.000000 -3.949610710 -2.624306679 1.460612774 0.044184964 -0.922555387 -0.341726363 0.173673332
1403715575162142976.000000 -4.009806156 -2.612184286 1.294798255 0.046522766 -0.926453352 -0.330519050 0.174003184
1403715575212143104.000000 -4.042917728 -2.592020512 1.129932642 0.051506124 -0.930659115 -0.316799074 0.175667539
1403715575262143232.000000 -4.087290764 -2.569889784 0.970643282 0.057347283 -0.933479607 -0.306250751 0.177588493
1403715575312143104.000000 -4.127253056 -2.544501066 0.809476793 0.061989814 -0.934031427 -0.302070946 0.180265829
1403715575362142976.000000 -4.144022465 -2.521915674 0.655877531 0.061640091 -0.931545675 -0.307438403 0.184132546
1403715575412143104.000000 -4.157599449 -2.508471012 0.530788600 0.058677621 -0.928826988 -0.313895196 0.187902257
1403715575462142976.000000 -4.158685684 -2.476453304 0.391158581 0.058718823 -0.925476789 -0.321103960 0.192190364
1403715575512143104.000000 -4.159575462 -2.462591171 0.263795972 0.061535507 -0.922615290 -0.326154858 0.196513087
1403715575562142976.000000 -4.152018070 -2.441704988 0.128167152 0.070823818 -0.920891702 -0.326795191 0.200368360
1403715575612143360.000000 -4.132366657 -2.439753532 -0.010934353 0.083179511 -0.919629157 -0.324870110 0.204506233
1403715575662142976.000000 -4.107388496 -2.431760073 -0.139685869 0.093494080 -0.918692052 -0.322587967 0.207848176
1403715575712143104.000000 -4.068461418 -2.418833733 -0.272451639 0.104295045 -0.917654276 -0.320313781 0.210789859
1403715575762143232.000000 -4.004434109 -2.406478643 -0.410775661 0.111116827 -0.916151762 -0.320127249 0.214097142
1403715575812143104.000000 -3.926267385 -2.399724245 -0.550111294 0.112941355 -0.914327085 -0.322765201 0.216962859
1403715575862142976.000000 -3.836341381 -2.393715143 -0.695535421 0.111482814 -0.913357675 -0.324526012 0.219162390
1403715575912143104.000000 -3.728281736 -2.370043278 -0.835200310 0.106759250 -0.913534701 -0.324407667 0.220944569
1403715575962142976.000000 -3.597719193 -2.364864111 -0.971001625 0.094660863 -0.913776696 -0.325877577 0.223282948
1403715576012143104.000000 -3.454868793 -2.349082470 -1.108187199 0.082171455 -0.914706945 -0.325761378 0.224585399
1403715576062142976.000000 -3.304384708 -2.330023289 -1.242003918 0.071862295 -0.915510476 -0.325426310 0.225331217
1403715576112143360.000000 -3.155848742 -2.312734842 -1.398055553 0.063540876 -0.915940106 -0.325746983 0.225621790
1403715576162142976.000000 -3.002054453 -2.274741173 -1.527032137 0.056044590 -0.917259336 -0.323189348 0.225926906
1403715576212143104.000000 -2.823194027 -2.265990019 -1.665973902 0.048589535 -0.917872548 -0.322447002 0.226223275
1403715576262143232.000000 -2.648340225 -2.240513802 -1.795926094 0.046125650 -0.918603301 -0.321025163 0.225794658
1403715576312143104.000000 -2.475932598 -2.230014563 -1.924718857 0.044725820 -0.920086145 -0.317279905 0.225332186
1403715576362142976.000000 -2.306923389 -2.211363316 -2.073205471 0.046818994 -0.922088563 -0.311979443 0.224119306
1403715576412143104.000000 -2.117850780 -2.206783772 -2.202421188 0.047939297 -0.925370753 -0.302724004 0.223044768
1403715576462142976.000000 -1.928396702 -2.194078922 -2.321839809 0.050319020 -0.928484082 -0.293478847 0.221935585
1403715576512143104.000000 -1.739945650 -2.201489449 -2.453318119 0.052225024 -0.930971801 -0.285499632 0.221481249
1403715576562142976.000000 -1.543316126 -2.202631950 -2.568379402 0.054962929 -0.933078349 -0.277438253 0.222198114
1403715576612143360.000000 -1.337484121 -2.201989651 -2.662289858 0.059467368 -0.934868872 -0.269120038 0.223737016
1403715576662142976.000000 -1.138527751 -2.210330486 -2.754809141 0.061471716 -0.934735596 -0.267247289 0.225985646
1403715576712143104.000000 -0.906094611 -2.210312366 -2.825773716 0.065139644 -0.933679819 -0.266775370 0.229847535
1403715576762143232.000000 -0.674026370 -2.229028225 -2.886058569 0.064558767 -0.931548893 -0.270037532 0.234794840
1403715576812143104.000000 -0.457873404 -2.256140709 -2.957112789 0.061746597 -0.928120732 -0.277722597 0.240103155
1403715576862142976.000000 -0.231184602 -2.273266315 -3.002395153 0.058888931 -0.924060822 -0.287344933 0.245105356
1403715576912143104.000000 0.042002320 -2.281425953 -3.031096458 0.056869246 -0.919595122 -0.296153337 0.251801282
1403715576962142976.000000 0.280789495 -2.306419373 -3.065619946 0.053858172 -0.915832043 -0.304273635 0.256453872
1403715577012143104.000000 0.549681425 -2.328392029 -3.086053133 0.048659310 -0.913419604 -0.307423681 0.262274057
1403715577062142976.000000 0.795630455 -2.357122183 -3.121085405 0.039354563 -0.911725640 -0.309106231 0.267695665
1403715577112143360.000000 1.106052160 -2.402691603 -3.146114588 0.030699270 -0.909412801 -0.309774876 0.275799662
1403715577162142976.000000 1.344161749 -2.415597916 -3.166300297 0.022377232 -0.907914758 -0.309320003 0.281977326
1403715577212143104.000000 1.592807055 -2.434541464 -3.178340912 0.015046417 -0.906662703 -0.308215618 0.287644744
1403715577262143232.000000 1.849505186 -2.435705185 -3.174905777 0.010687992 -0.905575156 -0.306527615 0.293019325
1403715577312143104.000000 2.135657787 -2.414045811 -3.175624847 0.010125762 -0.903798461 -0.306208938 0.298800766
1403715577362142976.000000 2.387906313 -2.371887207 -3.155611992 0.012423727 -0.902497530 -0.306055576 0.302776903
1403715577412143104.000000 2.662680149 -2.319060802 -3.142890692 0.015672617 -0.901094258 -0.306312412 0.306522757
1403715577462142976.000000 2.926381826 -2.264261007 -3.119869232 0.018743662 -0.899845719 -0.307043970 0.309274018
1403715577512143104.000000 3.181545734 -2.226402283 -3.100629330 0.019884862 -0.898830891 -0.307827234 0.311368108
1403715577562142976.000000 3.456419945 -2.147856951 -3.066672087 0.022266386 -0.898254275 -0.307410806 0.313276470
1403715577612143360.000000 3.668369293 -2.135188341 -3.015061378 0.021847183 -0.897957623 -0.308380365 0.313203394
1403715577662142976.000000 3.895286322 -2.102306366 -2.961630106 0.021807840 -0.898219287 -0.308062017 0.312768787
1403715577712143104.000000 4.154943466 -2.113972902 -2.949879408 0.018477621 -0.897520781 -0.309517980 0.313550055
1403715577762143232.000000 4.390823364 -2.126928091 -2.919534683 0.013537196 -0.897758126 -0.309314370 0.313323647
1403715577812143104.000000 4.658819675 -2.139458656 -2.901469231 0.007480028 -0.897592187 -0.307424188 0.315852344
1403715577862142976.000000 4.894128323 -2.143928289 -2.860498428 0.000547141 -0.897194684 -0.305838376 0.318597555
1403715577912143104.000000 5.135512829 -2.149689674 -2.821190834 -0.005362614 -0.896014690 -0.304434478 0.323185176
1403715577962142976.000000 5.369707584 -2.137048244 -2.786484241 -0.011706607 -0.893678546 -0.304083258 0.329750031
1403715578012143104.000000 5.599492073 -2.097719669 -2.715346575 -0.019460414 -0.890933871 -0.303349108 0.337398112
1403715578062142976.000000 5.829101562 -2.037086725 -2.617748976 -0.027908286 -0.887363732 -0.303178370 0.346250772
1403715578112143360.000000 6.030848026 -1.994686365 -2.528787613 -0.041995861 -0.881942749 -0.306128651 0.355947614
1403715578162142976.000000 6.215750694 -1.932402730 -2.434079170 -0.060241964 -0.875144482 -0.309577823 0.366953313
1403715578212143104.000000 6.431500435 -1.874754906 -2.342871666 -0.070610449 -0.867997766 -0.310600758 0.380947828
1403715578262143232.000000 6.619241238 -1.808973432 -2.230581760 -0.071569756 -0.861568511 -0.309846640 0.395692587
1403715578312143104.000000 6.773014069 -1.744047999 -2.141680241 -0.068664044 -0.854727685 -0.308254033 0.411953151
1403715578362142976.000000 6.910894871 -1.680845737 -2.036001682 -0.063229993 -0.847702920 -0.306056947 0.428638518
1403715578412143104.000000 7.022952080 -1.630992174 -1.894894123 -0.056571778 -0.840184450 -0.304973245 0.444838285
1403715578462142976.000000 7.157766342 -1.584170938 -1.794801235 -0.049341407 -0.830595851 -0.306842685 0.462086111
1403715578512143104.000000 7.211091518 -1.590566278 -1.629209995 -0.043275543 -0.820130944 -0.314046621 0.476326764
1403715578562142976.000000 7.254273415 -1.544062853 -1.486471176 -0.035961170 -0.807158887 -0.326360732 0.490601778
1403715578612143360.000000 7.334522247 -1.445898056 -1.344531059 -0.033369638 -0.793230355 -0.341100305 0.503311813
1403715578662142976.000000 7.401431561 -1.438279867 -1.225539207 -0.033027336 -0.778682113 -0.359188110 0.513368666
1403715578712143104.000000 7.451395988 -1.341401815 -1.108938217 -0.034545872 -0.766326308 -0.371792406 0.522801161
1403715578762143232.000000 7.467317581 -1.280129433 -0.964478493 -0.036738347 -0.756886542 -0.381828308 0.529131711
1403715578812143104.000000 7.517227173 -1.173854113 -0.783278465 -0.038411979 -0.751451373 -0.385361046 0.534174383
1403715578862142976.000000 7.495017052 -1.148660421 -0.764093399 -0.039278477 -0.744716823 -0.389895201 0.540218294
1403715578912143104.000000 7.428904057 -1.098057508 -0.695902824 -0.034481976 -0.742251039 -0.389428169 0.544261098
1403715578962142976.000000 7.387837410 -1.018093348 -0.615117073 -0.021382591 -0.743366241 -0.384946913 0.546594322
1403715579012143104.000000 7.325509548 -0.972624063 -0.574350357 -0.005880660 -0.745287478 -0.378535241 0.548837900
1403715579062142976.000000 7.247531891 -0.931874990 -0.544694901 0.013340483 -0.746781528 -0.375317365 0.548886359
1403715579112143360.000000 7.137900352 -0.876699924 -0.529813766 0.036797766 -0.747667015 -0.370795935 0.549682081
1403715579162142976.000000 7.021665573 -0.835373163 -0.539759636 0.059949599 -0.749121368 -0.366101950 0.548810244
1403715579212143104.000000 6.923012733 -0.796105862 -0.585167885 0.085100681 -0.750011384 -0.361249954 0.547484398
1403715579262143232.000000 6.822116852 -0.776038647 -0.650511265 0.100332759 -0.751602650 -0.354872197 0.546893597
1403715579312143104.000000 6.731019974 -0.740277529 -0.731820107 0.109134182 -0.753466368 -0.348947614 0.546455622
1403715579362142976.000000 6.646887302 -0.697854996 -0.837970734 0.112797283 -0.753517151 -0.347435623 0.546605170
1403715579412143104.000000 6.580345154 -0.647748470 -0.945576191 0.110614471 -0.754309893 -0.345617265 0.547110379
1403715579462142976.000000 6.505104065 -0.579650164 -1.092500687 0.106760353 -0.754691064 -0.344467014 0.548074961
1403715579512143104.000000 6.436534405 -0.498736143 -1.262774467 0.096864112 -0.755130529 -0.343791872 0.549729347
1403715579562142976.000000 6.383568287 -0.428738356 -1.426679611 0.082284816 -0.757541358 -0.341574848 0.550169945
1403715579612143360.000000 6.337676525 -0.355334759 -1.600147247 0.075929552 -0.759108186 -0.340098202 0.549838781
1403715579662142976.000000 6.296449661 -0.281570673 -1.768740177 0.071347862 -0.763045192 -0.334768087 0.548271716
1403715579712143104.000000 6.247400761 -0.187768221 -2.000799179 0.068559058 -0.765825152 -0.329659820 0.547846615
1403715579762143232.000000 6.247529984 -0.119826317 -2.225800037 0.066645958 -0.769014776 -0.323718667 0.547157049
1403715579812143104.000000 6.202805042 -0.075342536 -2.464533806 0.067512885 -0.771010518 -0.322462827 0.544979334
1403715579862142976.000000 6.182745457 -0.009053946 -2.694440365 0.070984289 -0.772780240 -0.319359928 0.543857813
1403715579912143104.000000 6.165698051 0.064032912 -2.954079628 0.072584063 -0.772939742 -0.317254603 0.544651628
1403715579962142976.000000 6.115491867 0.164494634 -3.242812157 0.070228994 -0.773285508 -0.311847568 0.547584295
1403715580012143104.000000 6.121181011 0.209275961 -3.518280506 0.065484270 -0.772352457 -0.306756496 0.552344203
1403715580062142976.000000 6.105134964 0.283170462 -3.802864075 0.060744487 -0.769958436 -0.300546259 0.559594631
1403715580112143360.000000 6.094703674 0.384315252 -4.074252605 0.056593001 -0.766534507 -0.293871313 0.568209350
1403715580162142976.000000 6.065002918 0.506522894 -4.321416855 0.053141266 -0.762324154 -0.286546767 0.577865779
1403715580212143104.000000 6.088449955 0.588186026 -4.613422394 0.049364023 -0.755473137 -0.281885922 0.589375794
1403715580262143232.000000 6.074246407 0.734259129 -4.871590137 0.046245370 -0.748763442 -0.275881261 0.600919485
1403715580312143104.000000 6.088399887 0.879660726 -5.138573170 0.042946614 -0.741895735 -0.268023580 0.613114834
1403715580362142976.000000 6.098209858 0.926211953 -5.425406933 0.034420270 -0.734205663 -0.261278033 0.625692546
1403715580412143104.000000 6.105633736 1.071732044 -5.721544266 0.028812818 -0.725839138 -0.252276063 0.639284134
1403715580462142976.000000 6.111381054 1.218221545 -5.951570034 0.022333283 -0.718881249 -0.242007270 0.651262999
1403715580512143104.000000 6.133801460 1.315538764 -6.225373745 0.014951825 -0.711107194 -0.234771311 0.662559748
1403715580562142976.000000 6.160006523 1.433958650 -6.482498169 0.007956731 -0.704382777 -0.228011474 0.672155082
1403715580612143360.000000 6.173032284 1.553751826 -6.712180138 -0.002133595 -0.699525476 -0.220986396 0.679576755
1403715580662142976.000000 6.201381683 1.640427470 -6.959747791 -0.013330277 -0.694393158 -0.216267914 0.686198771
1403715580712143104.000000 6.200233459 1.737170696 -7.178563118 -0.025139948 -0.690580249 -0.210694611 0.691429555
1403715580762143232.000000 6.201060772 1.835156202 -7.412427902 -0.035125569 -0.686522841 -0.206432775 0.696303189
1403715580812143104.000000 6.235376358 1.925867796 -7.623995781 -0.045646839 -0.684158564 -0.200156644 0.699843407
1403715580862142976.000000 6.253265381 1.996309519 -7.816202164 -0.058564518 -0.682157874 -0.193737745 0.702635527
1403715580912143104.000000 6.258402348 2.069577217 -8.007268906 -0.073505893 -0.680681944 -0.186956614 0.704497218
1403715580962142976.000000 6.275804520 2.124259233 -8.130939484 -0.087682299 -0.680427313 -0.180981770 0.704681575
1403715581012143104.000000 6.286913872 2.188280582 -8.263311386 -0.092739426 -0.677944064 -0.182553008 0.706021011
1403715581062142976.000000 6.271010399 2.232461452 -8.345056534 -0.097503394 -0.675715864 -0.188073054 0.706066430
1403715581112143360.000000 6.237996578 2.247763157 -8.429401398 -0.099498920 -0.671902299 -0.196672782 0.707083523
1403715581162142976.000000 6.235741615 2.259866238 -8.491086960 -0.096128933 -0.668968678 -0.204440892 0.708127260
1403715581212143104.000000 6.201578140 2.276083946 -8.541022301 -0.086637594 -0.665751517 -0.211883128 0.710193276
1403715581262143232.000000 6.140179157 2.262253761 -8.591817856 -0.078158095 -0.664628327 -0.214328229 0.711494207
1403715581312143104.000000 6.084701538 2.233601809 -8.616391182 -0.071904279 -0.666054606 -0.214338958 0.710816324
1403715581362142976.000000 6.036329746 2.263979435 -8.612508774 -0.064365543 -0.669838011 -0.213026360 0.708374083
1403715581412143104.000000 5.966909409 2.236974239 -8.611033440 -0.058293428 -0.673933327 -0.215637743 0.704213142
1403715581462142976.000000 5.887115955 2.213207483 -8.612737656 -0.049800709 -0.678195775 -0.221833467 0.698827803
1403715581512143104.000000 5.801026821 2.206349611 -8.579751968 -0.035304539 -0.683628976 -0.230359420 0.691621006
1403715581562142976.000000 5.713435173 2.189979076 -8.544768333 -0.019957462 -0.689914048 -0.240160540 0.682600379
1403715581612143360.000000 5.633339405 2.190465927 -8.495169640 -0.005529978 -0.696402371 -0.250594854 0.672454715
1403715581662142976.000000 5.553368092 2.189321280 -8.484342575 0.007455213 -0.702575266 -0.261597037 0.661739767
1403715581712143104.000000 5.445795536 2.220577955 -8.392265320 0.019705836 -0.710901618 -0.271566689 0.648445904
1403715581762143232.000000 5.361819744 2.243375778 -8.359666824 0.031428397 -0.718316078 -0.282602727 0.634956658
1403715581812143104.000000 5.263002872 2.241749287 -8.315332413 0.042372067 -0.726657689 -0.294186026 0.619376957
1403715581862142976.000000 5.174428463 2.266052723 -8.304653168 0.051151741 -0.734642327 -0.303516239 0.604617357
1403715581912143104.000000 5.092800617 2.302319765 -8.280545235 0.054738477 -0.744863629 -0.307241112 0.589732826
1403715581962142976.000000 4.995397091 2.258087397 -8.250366211 0.050477158 -0.756989539 -0.309247971 0.573397398
1403715582012143104.000000 4.934812546 2.292490721 -8.271383286 0.052104842 -0.768950105 -0.303382039 0.560321569
1403715582062142976.000000 4.860997200 2.282310486 -8.265680313 0.052315883 -0.782960117 -0.294333011 0.545531511
1403715582112143360.000000 4.804300308 2.313667297 -8.259308815 0.056805700 -0.795503914 -0.283691376 0.532415092
1403715582162142976.000000 4.717849731 2.282701492 -8.305378914 0.059246078 -0.805142224 -0.276567519 0.521292984
1403715582212143104.000000 4.607627869 2.130499363 -8.343242645 0.057911698 -0.813158154 -0.275874764 0.509227991
1403715582262143232.000000 4.567949295 2.146690130 -8.359100342 0.058928706 -0.817730963 -0.275074720 0.502172649
1403715582312143104.000000 4.540476799 2.200191736 -8.395583153 0.057433870 -0.818839371 -0.278900564 0.498415381
1403715582362142976.000000 4.491209984 2.201485157 -8.406461716 0.053895675 -0.818715334 -0.287270725 0.494242936
1403715582412143104.000000 4.418475151 2.177964211 -8.396924973 0.049771421 -0.818259537 -0.296965301 0.489679277
1403715582462142976.000000 4.379766464 2.246658564 -8.405969620 0.046335325 -0.816488147 -0.303919822 0.488705367
1403715582512143104.000000 4.339817047 2.265384912 -8.385942459 0.042282701 -0.814691544 -0.312149644 0.486880422
1403715582562142976.000000 4.313748360 2.288702011 -8.412804604 0.038444102 -0.812356234 -0.318065494 0.487271756
1403715582612143360.000000 4.281529427 2.293730974 -8.424326897 0.035514388 -0.810381472 -0.323102802 0.487468153
1403715582662142976.000000 4.249004364 2.311614037 -8.479092598 0.033147458 -0.807684422 -0.326711088 0.489700973
1403715582712143104.000000 4.200591087 2.292498589 -8.541143417 0.030033635 -0.804680824 -0.330695957 0.492165685
1403715582762143232.000000 4.175682068 2.312397003 -8.584739685 0.028413415 -0.802383482 -0.331563383 0.495418310
1403715582812143104.000000 4.127685547 2.325323105 -8.637170792 0.025858970 -0.799517989 -0.334787190 0.498015970
1403715582862142976.000000 4.072098732 2.326092720 -8.682928085 0.021603046 -0.796030283 -0.339772344 0.500423789
1403715582912143104.000000 4.009598732 2.325487137 -8.760645866 0.017183471 -0.791069210 -0.347218961 0.503342211
1403715582962142976.000000 3.961826324 2.380005360 -8.827175140 0.013765220 -0.786805153 -0.352105051 0.506725073
1403715583012143104.000000 3.887420654 2.443510532 -8.863094330 0.010142277 -0.784147561 -0.355688632 0.508424401
1403715583062142976.000000 3.826618195 2.514644623 -8.934599876 0.008081065 -0.781142533 -0.358181357 0.511328936
1403715583112143360.000000 3.724630356 2.563518763 -9.021917343 0.006235373 -0.779888451 -0.357796669 0.513533652
1403715583162142976.000000 3.655654907 2.675558329 -9.116012573 0.012271706 -0.782946348 -0.345757395 0.517007053
1403715583212143104.000000 3.558615685 2.746132374 -9.221508980 0.017581085 -0.787076414 -0.332189739 0.519472420
1403715583262143232.000000 3.439588547 2.797853708 -9.327775955 0.021997793 -0.793151200 -0.315964431 0.520186305
1403715583312143104.000000 3.351064682 2.902293682 -9.450843811 0.027475838 -0.798480272 -0.297575980 0.522611678
1403715583362142976.000000 3.212759972 2.899066925 -9.532173157 0.029429609 -0.805362284 -0.283237010 0.519906223
1403715583412143104.000000 3.129956245 3.041199207 -9.639014244 0.034258287 -0.810805023 -0.263135374 0.521710157
1403715583462142976.000000 3.036182404 3.129684448 -9.712564468 0.038847744 -0.816379428 -0.247613072 0.520291686
1403715583512143104.000000 2.936391830 3.167817354 -9.822639465 0.042394232 -0.820045650 -0.237333477 0.519038320
1403715583562142976.000000 2.847295761 3.234359264 -9.896888733 0.047475625 -0.824657798 -0.224652588 0.516930163
1403715583612143360.000000 2.792406082 3.329157352 -9.981124878 0.057413798 -0.829969585 -0.204887867 0.515630960
1403715583662142976.000000 2.749674797 3.406851053 -10.055656433 0.070188001 -0.834505320 -0.185674936 0.514003277
1403715583712143104.000000 2.719314575 3.470880985 -10.116897583 0.082885474 -0.838771045 -0.167428493 0.511430204
1403715583762143232.000000 2.701221466 3.501359701 -10.144957542 0.093909472 -0.842732847 -0.152917430 0.507541895
1403715583812143104.000000 2.734270096 3.552711010 -10.193699837 0.104013123 -0.844592512 -0.139836803 0.506251454
1403715583862142976.000000 2.789751053 3.584461927 -10.187216759 0.109471999 -0.847280025 -0.129675865 0.503305733
1403715583912143104.000000 2.909727097 3.645566702 -10.171074867 0.110865459 -0.848383248 -0.122645639 0.502904475
1403715583962142976.000000 3.029771805 3.608965635 -10.130481720 0.104515851 -0.850169241 -0.123277113 0.501090288
1403715584012143104.000000 3.200454712 3.583520889 -10.074173927 0.094892964 -0.851445556 -0.125055581 0.500396788
1403715584062142976.000000 3.414196014 3.565818310 -10.010534286 0.083274215 -0.851089895 -0.129660025 0.501896203
1403715584112143360.000000 3.627293587 3.403096676 -9.923925400 0.065130316 -0.850335360 -0.145928442 0.501390874
1403715584162142976.000000 3.860792160 3.267490149 -9.797494888 0.047939517 -0.848385334 -0.163398102 0.501243651
1403715584212143104.000000 4.139238358 3.141762257 -9.660400391 0.029217850 -0.845058143 -0.181726873 0.501994491
1403715584262143232.000000 4.452307701 3.062088966 -9.583397865 0.012237526 -0.837599695 -0.203576609 0.506787539
1403715584312143104.000000 4.742330551 2.917988062 -9.392189026 -0.003987869 -0.832180679 -0.226931915 0.505926311
1403715584362142976.000000 5.060572624 2.808840990 -9.237709999 -0.016500905 -0.826175153 -0.245059848 0.507058322
1403715584412143104.000000 5.312224388 2.642080545 -9.051486969 -0.027057476 -0.820510626 -0.265117526 0.505710423
1403715584462142976.000000 5.630139351 2.590434551 -8.840818405 -0.030811666 -0.816047311 -0.276989281 0.506354034
1403715584512143104.000000 5.887539864 2.484977484 -8.657211304 -0.034184024 -0.812188327 -0.287772506 0.506328523
1403715584562142976.000000 6.159349442 2.383044720 -8.463626862 -0.037081715 -0.808862805 -0.296459019 0.506436527
1403715584612143360.000000 6.394877434 2.293890715 -8.217089653 -0.036563963 -0.807146907 -0.302786678 0.505467296
1403715584662142976.000000 6.632613182 2.213105679 -8.002989769 -0.032231856 -0.804390192 -0.310461104 0.505501270
1403715584712143104.000000 6.848090172 2.116271019 -7.778477192 -0.024157863 -0.800998509 -0.320640773 0.504982531
1403715584762143232.000000 7.075630188 2.030277252 -7.598531723 -0.016633423 -0.796468973 -0.329854369 0.506514251
1403715584812143104.000000 7.266273022 1.927760124 -7.372924805 -0.010305334 -0.793949783 -0.336257160 0.506427467
1403715584862142976.000000 7.468099117 1.855656266 -7.164392948 -0.004668486 -0.791540444 -0.340492576 0.507451117
1403715584912143104.000000 7.638506889 1.729898334 -7.007644653 -0.001582153 -0.787138999 -0.349051416 0.508500516
1403715584962142976.000000 7.800710201 1.623799801 -6.820632935 0.003556755 -0.782491088 -0.359263122 0.508552015
1403715585012143104.000000 7.942078114 1.526157856 -6.609551430 0.003908206 -0.778107107 -0.369741172 0.507765293
1403715585062142976.000000 8.092000961 1.448860407 -6.448959351 -0.000257969 -0.773412108 -0.378192067 0.508728206
1403715585112143360.000000 8.229122162 1.374163628 -6.286455154 -0.006019015 -0.769562900 -0.384701401 0.509648502
1403715585162142976.000000 8.356479645 1.295287848 -6.172158718 -0.010616577 -0.765568078 -0.391328692 0.510543466
1403715585212143104.000000 8.477357864 1.227358103 -6.099119186 -0.014685826 -0.763095975 -0.393791109 0.512247384
1403715585262143232.000000 8.568832397 1.168934584 -6.004574299 -0.013298104 -0.763714969 -0.392273873 0.512526989
1403715585312143104.000000 8.633483887 1.067759275 -5.940808296 -0.011248434 -0.766394019 -0.387100726 0.512510240
1403715585362142976.000000 8.684171677 1.007981062 -5.872332573 -0.004252151 -0.770372868 -0.380541325 0.511562347
1403715585412143104.000000 8.735035896 0.944502354 -5.833036423 0.002306564 -0.774063945 -0.373541713 0.511161745
1403715585462142976.000000 8.760620117 0.880551338 -5.806396008 0.006788707 -0.777194977 -0.368290186 0.510180593
1403715585512143104.000000 8.781638145 0.852582216 -5.754213810 0.014021046 -0.781380534 -0.360902071 0.508918047
1403715585562142976.000000 8.789708138 0.801396132 -5.739165306 0.021043003 -0.785163581 -0.354163975 0.507585704
1403715585612143360.000000 8.795677185 0.768689632 -5.736802101 0.026427042 -0.787797153 -0.349351078 0.506587803
1403715585662142976.000000 8.798547745 0.728418589 -5.729130745 0.029967712 -0.790335655 -0.345551670 0.505040228
1403715585712143104.000000 8.803981781 0.715631962 -5.737525940 0.031682331 -0.791043758 -0.344735175 0.504384577
1403715585762143232.000000 8.800251961 0.702661991 -5.749107838 0.031949077 -0.791586041 -0.344690233 0.503546894
1403715585812143104.000000 8.796857834 0.724930525 -5.760283947 0.028296027 -0.792672038 -0.342372924 0.503637969
1403715585862142976.000000 8.804536819 0.759303808 -5.768796921 0.023051620 -0.793903351 -0.340281546 0.503383100
1403715585912143104.000000 8.795499802 0.812953234 -5.780867577 0.012839173 -0.795787156 -0.336260110 0.503475070
1403715585962142976.000000 8.777812004 0.878084421 -5.790628910 0.000390446 -0.797996163 -0.330601543 0.503889561
1403715586012143104.000000 8.762710571 0.947520256 -5.814163685 -0.013219184 -0.800402582 -0.323056042 0.504792869
1403715586062142976.000000 8.730219841 0.997508764 -5.842869282 -0.024785319 -0.803704739 -0.312521189 0.505741894
1403715586112143360.000000 8.688278198 1.030881643 -5.863664150 -0.027096454 -0.808759212 -0.297552168 0.506593645
1403715586162142976.000000 8.637409210 1.062517166 -5.880603313 -0.022213921 -0.813119233 -0.285008073 0.507064223
1403715586212143104.000000 8.587522507 1.092608929 -5.910987854 -0.011646699 -0.815843821 -0.276256531 0.507883489
1403715586262143232.000000 8.523426056 1.085456848 -5.915288448 0.002234597 -0.817228734 -0.272629619 0.507745326
1403715586312143104.000000 8.455577850 1.063355923 -5.911793232 0.017295428 -0.817219198 -0.273294687 0.507113099
1403715586362142976.000000 8.406517029 1.087952018 -5.925441742 0.034996305 -0.816583455 -0.272883385 0.507446110
1403715586412143104.000000 8.355676651 1.085904241 -5.935171604 0.049847659 -0.815964520 -0.272592455 0.507356286
1403715586462142976.000000 8.320016861 1.077084780 -5.944931030 0.060982339 -0.816075206 -0.270926803 0.506854296
1403715586512143104.000000 8.289594650 1.087112904 -5.940816402 0.069004692 -0.816601098 -0.268633485 0.506198764
1403715586562142976.000000 8.265460014 1.088104129 -5.940445900 0.072832234 -0.817380190 -0.266315013 0.505629838
1403715586612143360.000000 8.258901596 1.088930011 -5.943006516 0.075118899 -0.817766309 -0.264710665 0.505513251
1403715586662142976.000000 8.257999420 1.079545021 -5.936823845 0.073407248 -0.817417383 -0.266306072 0.505491138
1403715586712143104.000000 8.269622803 1.078959465 -5.936695099 0.068033621 -0.817120433 -0.267882586 0.505889833
1403715586762143232.000000 8.294260979 1.073228478 -5.944410801 0.058695354 -0.816019356 -0.271791995 0.506750882
1403715586812143104.000000 8.330012321 1.074818015 -5.942346573 0.046471912 -0.814195395 -0.277510345 0.507852614
1403715586862142976.000000 8.374654770 1.078195572 -5.946672440 0.033871558 -0.811498821 -0.284723341 0.509171009
1403715586912143104.000000 8.415440559 1.075219274 -5.945436001 0.023835361 -0.808672249 -0.291878283 0.510184407
1403715586962142976.000000 8.464424133 1.081092834 -5.960834980 0.017593537 -0.805789649 -0.297278553 0.511877954
1403715587012143104.000000 8.503536224 1.061180115 -5.948505402 0.013012267 -0.804337204 -0.300505072 0.512414992
1403715587062142976.000000 8.546140671 1.052431822 -5.947874546 0.010462799 -0.803418279 -0.301460117 0.513353169
1403715587112143360.000000 8.585058212 1.048156738 -5.957791328 0.011032961 -0.803224564 -0.300215781 0.514372528
1403715587162142976.000000 8.622474670 1.031413317 -5.966136456 0.017316585 -0.804085076 -0.297520965 0.514420688
1403715587212143104.000000 8.663562775 1.024961948 -5.987234116 0.025443774 -0.805867672 -0.292729437 0.514042199
1403715587262143232.000000 8.699844360 1.010180354 -5.998318195 0.031785227 -0.807739079 -0.288720608 0.513018250
1403715587312143104.000000 8.740967751 0.981458902 -6.011786461 0.035990924 -0.809602141 -0.285771936 0.511452436
1403715587362142976.000000 8.782983780 0.954074025 -6.014786243 0.034105297 -0.812503159 -0.281858474 0.509147644
1403715587412143104.000000 8.833303452 0.927542686 -6.036809444 0.029841438 -0.815431774 -0.276948661 0.507424891
1403715587462142976.000000 8.876845360 0.891411424 -6.044184685 0.022943497 -0.817821383 -0.273243636 0.505944490
1403715587512143104.000000 8.931686401 0.862969875 -6.057428360 0.015018180 -0.818539619 -0.270533890 0.506536186
1403715587562142976.000000 8.985569954 0.835409403 -6.064789295 0.005934468 -0.818440497 -0.266809911 0.508854032
1403715587612143360.000000 9.034355164 0.794371843 -6.062262535 -0.004034179 -0.816935062 -0.263557285 0.512970209
1403715587662142976.000000 9.078120232 0.755349636 -6.042118549 -0.012765850 -0.814036965 -0.261088878 0.518665195
1403715587712143104.000000 9.136600494 0.723628044 -6.044656754 -0.019469395 -0.808385968 -0.260934144 0.527301133
1403715587762143232.000000 9.175786018 0.686150551 -6.010093689 -0.024357310 -0.802036941 -0.259615481 0.537348509
1403715587812143104.000000 9.203826904 0.648343801 -5.970646858 -0.027140703 -0.794583082 -0.257022351 0.549400330
1403715587862142976.000000 9.228582382 0.588224888 -5.916684151 -0.027447738 -0.786042333 -0.253539354 0.563118041
1403715587912143104.000000 9.241373062 0.545379162 -5.843658447 -0.023380293 -0.776388943 -0.250073642 0.578045726
1403715587962142976.000000 9.257699013 0.492263794 -5.775907516 -0.015629167 -0.765621006 -0.245500416 0.594398737
1403715588012143104.000000 9.279672623 0.431565285 -5.716141701 -0.006774263 -0.753924429 -0.240292534 0.611401379
1403715588062142976.000000 9.287157059 0.383800745 -5.623912811 0.003489199 -0.742643595 -0.233656481 0.627593100
1403715588112143360.000000 9.315773964 0.303529263 -5.522113800 0.012147481 -0.730881810 -0.227457747 0.643371701
1403715588162142976.000000 9.299878120 0.275082827 -5.401695251 0.020765372 -0.719205320 -0.219600782 0.658853590
1403715588212143104.000000 9.338319778 0.240535021 -5.348958969 0.028375698 -0.705392718 -0.212764144 0.675534964
1403715588262143232.000000 9.334283829 0.278825760 -5.177116394 0.033412397 -0.693931997 -0.203242198 0.689952612
1403715588312143104.000000 9.371614456 0.250566959 -5.033977509 0.034466643 -0.681189954 -0.196520373 0.704394937
1403715588362142976.000000 9.425487518 0.273086786 -4.859402657 0.036272548 -0.669208407 -0.189747125 0.717523932
1403715588412143104.000000 9.476686478 0.281873465 -4.712660789 0.037402254 -0.655463278 -0.184749678 0.731325269
1403715588462142976.000000 9.538592339 0.328224182 -4.578930855 0.040261310 -0.641925335 -0.179859236 0.744286001
1403715588512143104.000000 9.622918129 0.335010767 -4.429343224 0.039241023 -0.628831983 -0.175969601 0.756349981
1403715588562142976.000000 9.697121620 0.353204489 -4.286709785 0.038907230 -0.615465045 -0.171897963 0.768205881
1403715588612143360.000000 9.784780502 0.363214254 -4.148925781 0.035922360 -0.601690173 -0.169508398 0.779708624
1403715588662142976.000000 9.899323463 0.373641729 -3.985439777 0.030763168 -0.588501751 -0.167951718 0.790260494
1403715588712143104.000000 10.003504753 0.390658855 -3.835076332 0.025004575 -0.573945343 -0.169731289 0.800720274
1403715588762143232.000000 10.156089783 0.426838875 -3.631073952 0.019314647 -0.560551167 -0.171426162 0.809952080
1403715588812143104.000000 10.265878677 0.427218914 -3.497429848 0.010960793 -0.544070005 -0.176361755 0.820222080
1403715588862142976.000000 10.357742310 0.489628553 -3.361899853 0.002278340 -0.526226580 -0.182471201 0.830532789
1403715588912143104.000000 10.508627892 0.472971201 -3.159520626 -0.008780761 -0.510049045 -0.190788060 0.838673234
1403715588962142976.000000 10.656216621 0.466981888 -2.978279114 -0.019617092 -0.492984444 -0.199965522 0.846519589
1403715589012143104.000000 10.727359772 0.512320995 -2.834960461 -0.028359482 -0.475784570 -0.204302013 0.855035484
1403715589062142976.000000 10.769556999 0.558585882 -2.742339134 -0.037418146 -0.458407611 -0.204336151 0.864123285
1403715589112143360.000000 10.797065735 0.519884825 -2.534913540 -0.043312568 -0.443676621 -0.205900699 0.871137202
1403715589162142976.000000 10.820909500 0.524485230 -2.385486603 -0.047155228 -0.430349976 -0.204608008 0.877901435
1403715589212143104.000000 10.927238464 0.478295207 -2.228172302 -0.050187688 -0.420618564 -0.202335194 0.882961929
1403715589262143232.000000 10.953230858 0.466385961 -2.043659210 -0.051442791 -0.409724981 -0.199013308 0.888747931
1403715589312143104.000000 10.941621780 0.439071536 -1.876112223 -0.054139767 -0.398310930 -0.196801960 0.894251823
1403715589362142976.000000 10.997273445 0.348074675 -1.764785767 -0.060866307 -0.387411863 -0.195262536 0.898932636
1403715589412143104.000000 10.973783493 0.284825087 -1.601074219 -0.065872461 -0.376457363 -0.192730024 0.903767645
1403715589462142976.000000 10.960443497 0.179916501 -1.419431210 -0.072666220 -0.366652846 -0.188938946 0.908067942
1403715589512143104.000000 10.920727730 0.095234752 -1.246542215 -0.076849967 -0.356019944 -0.186837882 0.912379086
1403715589562142976.000000 10.849955559 -0.006336629 -1.078497410 -0.080292366 -0.346679658 -0.187242672 0.915590882
1403715589612143360.000000 10.791027069 -0.128115535 -0.881396294 -0.083521947 -0.340170354 -0.185569182 0.918080807
1403715589662142976.000000 10.663352966 -0.271692306 -0.691548824 -0.084136821 -0.334560007 -0.183745965 0.920449972
1403715589712143104.000000 10.544311523 -0.424266607 -0.500481844 -0.080033049 -0.331081659 -0.181280538 0.922560096
1403715589762143232.000000 10.388519287 -0.603302658 -0.311438084 -0.067791253 -0.329448164 -0.176602095 0.925029755
1403715589812143104.000000 10.245067596 -0.818736911 -0.063225389 -0.047897480 -0.332170725 -0.169847667 0.926563740
1403715589862142976.000000 10.040031433 -1.020963430 0.128415108 -0.026134349 -0.333757550 -0.162167490 0.928237438
1403715589912143104.000000 9.857715607 -1.232887030 0.348462701 -0.007452788 -0.337476343 -0.153423265 0.928717136
1403715589962142976.000000 9.700653076 -1.436913490 0.564105809 0.006958771 -0.341514945 -0.145025626 0.928593993
1403715590012143104.000000 9.520706177 -1.652588844 0.788140297 0.016552662 -0.345235020 -0.139062598 0.928008854
1403715590062142976.000000 9.330171585 -1.829627752 0.989085615 0.023667078 -0.347196877 -0.136148378 0.927554786
1403715590112143360.000000 9.136594772 -1.994667172 1.201788902 0.028372614 -0.348395914 -0.136530474 0.926916778
1403715590162142976.000000 8.953892708 -2.184566975 1.396057010 0.028745709 -0.349238604 -0.138986632 0.926222920
1403715590212143104.000000 8.746161461 -2.342922449 1.583996773 0.026806563 -0.350014180 -0.142810747 0.925406218
1403715590262143232.000000 8.549583435 -2.520973682 1.783027411 0.025144519 -0.352577358 -0.148577556 0.923570096
1403715590312143104.000000 8.350869179 -2.701338768 1.962638855 0.024183203 -0.355857521 -0.156386763 0.921044946
1403715590362142976.000000 8.165990829 -2.832834721 2.135710478 0.027494863 -0.360100955 -0.166897073 0.917451203
1403715590412143104.000000 7.954222679 -3.005201817 2.279325485 0.028535515 -0.365133017 -0.178802103 0.913177669
1403715590462142976.000000 7.744957447 -3.120077610 2.458186865 0.033536132 -0.373888582 -0.188586429 0.907478869
1403715590512143104.000000 7.538317680 -3.290664911 2.584624290 0.035006262 -0.383272111 -0.199728414 0.901102483
1403715590562142976.000000 7.317749977 -3.414204597 2.716677666 0.038939092 -0.394055456 -0.211049259 0.893679142
1403715590612143360.000000 7.093223572 -3.544716835 2.855575323 0.038978990 -0.407352984 -0.221024871 0.885263979
1403715590662142976.000000 6.863593102 -3.650619984 2.989561558 0.035317730 -0.422817558 -0.225787923 0.876925230
1403715590712143104.000000 6.616527557 -3.762607574 3.082707405 0.028265590 -0.440019131 -0.227240264 0.868300796
1403715590762143232.000000 6.380003929 -3.912165165 3.179312944 0.021615114 -0.459403157 -0.225829214 0.858768165
1403715590812143104.000000 6.117672920 -4.008236408 3.265840530 0.019930702 -0.478609025 -0.223022774 0.848997712
1403715590862142976.000000 5.844259739 -4.114120007 3.344773531 0.021080744 -0.497853428 -0.221310005 0.838283718
1403715590912143104.000000 5.591108799 -4.256751060 3.413565636 0.021973956 -0.516244173 -0.221290827 0.827066839
1403715590962142976.000000 5.310389996 -4.358660221 3.487416744 0.024417801 -0.535167277 -0.224560603 0.813985467
1403715591012143104.000000 5.057047367 -4.464876175 3.546141624 0.024852302 -0.552332699 -0.230022445 0.800874949
1403715591062142976.000000 4.787789345 -4.582957268 3.611875296 0.023615438 -0.569703162 -0.237240806 0.786509633
1403715591112143360.000000 4.516605854 -4.646865845 3.651279211 0.025100037 -0.585530102 -0.244862199 0.772377551
1403715591162142976.000000 4.241829395 -4.762578964 3.718155861 0.026150344 -0.601964533 -0.255739391 0.756010711
1403715591212143104.000000 3.962803364 -4.858353615 3.759708405 0.028095804 -0.616905034 -0.267431974 0.739674866
1403715591262143232.000000 3.691527367 -4.946358681 3.807202339 0.032631103 -0.631684840 -0.279538244 0.722335041
1403715591312143104.000000 3.423542976 -5.024768829 3.837424755 0.038283370 -0.645761013 -0.291421235 0.704699159
1403715591362142976.000000 3.146280289 -5.112298489 3.877761364 0.040818956 -0.660784602 -0.300018579 0.686794341
1403715591412143104.000000 2.861555576 -5.172383308 3.908369541 0.044572353 -0.675699353 -0.308186561 0.668180168
1403715591462142976.000000 2.600265503 -5.246440887 3.871504784 0.047331952 -0.688950300 -0.315507203 0.650816739
1403715591512143104.000000 2.314977646 -5.298938751 3.894486427 0.047061246 -0.703128397 -0.321506560 0.632478654
1403715591562142976.000000 2.031354904 -5.343888283 3.893813610 0.046294454 -0.717295706 -0.326889902 0.613585055
1403715591612143360.000000 1.761735439 -5.380195141 3.862196207 0.042842112 -0.730527699 -0.330698729 0.595929682
1403715591662142976.000000 1.502689362 -5.405660629 3.786594868 0.040909775 -0.742339551 -0.333747774 0.579543591
1403715591712143104.000000 1.197550774 -5.387647629 3.805348635 0.043636464 -0.755755603 -0.335602760 0.560624838
1403715591762143232.000000 0.935676098 -5.378260612 3.765261650 0.046847630 -0.766444862 -0.338036031 0.544150114
1403715591812143104.000000 0.687192440 -5.309152603 3.731421947 0.051528554 -0.776592970 -0.339871615 0.527954102
1403715591862142976.000000 0.407816887 -5.276950836 3.688618660 0.052993897 -0.785737336 -0.342963517 0.512039661
1403715591912143104.000000 0.134776592 -5.209162235 3.628408670 0.056285702 -0.794159114 -0.346495867 0.496068448
1403715591962142976.000000 -0.140329361 -5.179958344 3.577869177 0.061144803 -0.802232623 -0.351300597 0.478823632
1403715592012143104.000000 -0.412599564 -5.063199043 3.545911551 0.068880349 -0.809735656 -0.355691284 0.461592376
1403715592062142976.000000 -0.663298607 -4.929746628 3.511147022 0.076146916 -0.817326188 -0.359000176 0.444182903
1403715592112143360.000000 -0.912334442 -4.810651302 3.422805071 0.082909755 -0.824326038 -0.362668365 0.426713347
1403715592162142976.000000 -1.166203499 -4.719308376 3.344734669 0.088555627 -0.833085299 -0.363483787 0.407438815
1403715592212143104.000000 -1.380086899 -4.586924553 3.220741987 0.096592546 -0.842618942 -0.359832555 0.388823539
1403715592262143232.000000 -1.592101574 -4.471487522 3.126827717 0.102835879 -0.852511883 -0.356316209 0.368357420
1403715592312143104.000000 -1.789019108 -4.359964371 2.985767841 0.108354427 -0.861171901 -0.353973180 0.348346472
1403715592362142976.000000 -1.962236881 -4.285912514 2.797977924 0.113680452 -0.867636204 -0.355754554 0.328211665
1403715592412143104.000000 -2.138805866 -4.208346367 2.637922287 0.117290825 -0.874784291 -0.356054664 0.306953400
1403715592462142976.000000 -2.315708637 -4.142507553 2.472077847 0.120448172 -0.881054759 -0.357920289 0.284829378
1403715592512143104.000000 -2.430654526 -4.044742584 2.272552967 0.125460774 -0.886735678 -0.357737660 0.264543325
1403715592562142976.000000 -2.551604748 -3.953788280 2.065855026 0.130406410 -0.892210245 -0.357606351 0.243049055
1403715592612143360.000000 -2.648171425 -3.891776800 1.852115989 0.134285644 -0.897028208 -0.357594997 0.222336605
1403715592662142976.000000 -2.741062164 -3.801930428 1.630637884 0.139750406 -0.901409090 -0.357671201 0.200007141
1403715592712143104.000000 -2.758386612 -3.701293945 1.410718679 0.143973202 -0.905321717 -0.356876463 0.179731771
1403715592762143232.000000 -2.796504498 -3.607548237 1.172322273 0.144197285 -0.909376860 -0.357241184 0.156906784
1403715592812143104.000000 -2.789448738 -3.524966002 0.941939294 0.136301249 -0.913900793 -0.357619911 0.135334596
1403715592862142976.000000 -2.762564421 -3.445473194 0.689680934 0.119556479 -0.918330669 -0.359520435 0.114543252
1403715592912143104.000000 -2.722140074 -3.364048719 0.445726395 0.100350909 -0.922549903 -0.360670447 0.093532406
1403715592962142976.000000 -2.663431644 -3.269041061 0.207810044 0.080526680 -0.926267922 -0.360983878 0.072345681
1403715593012143104.000000 -2.574337959 -3.183765411 -0.042342663 0.062685721 -0.929443181 -0.359997422 0.051066879
1403715593062142976.000000 -2.512634516 -3.081112623 -0.286677122 0.047129795 -0.932111382 -0.357973099 0.028328499
1403715593112143360.000000 -2.439979315 -2.986648560 -0.507284105 0.037145641 -0.934123814 -0.354979813 0.004723966
1403715593162142976.000000 -2.361101627 -2.891626596 -0.744358003 -0.031123297 0.934924066 0.352992833 0.018558700
1403715593212143104.000000 -2.279061317 -2.796813965 -0.985246897 -0.027961599 0.935491920 0.349766195 0.041674081
1403715593262143232.000000 -2.201221228 -2.689752579 -1.237546086 -0.026988525 0.935098708 0.347503752 0.064056240
1403715593312143104.000000 -2.110782862 -2.610739470 -1.468833923 -0.030637456 0.933625519 0.346764624 0.084611639
1403715593362142976.000000 -2.033041239 -2.505425930 -1.712253809 -0.039818354 0.932211995 0.343895644 0.105504408
1403715593412143104.000000 -1.942796469 -2.404323339 -1.940209150 -0.049816519 0.929947793 0.342013508 0.125468105
1403715593462142976.000000 -1.876404524 -2.329501629 -2.187370539 -0.059813000 0.927002013 0.340018183 0.146551684
1403715593512143104.000000 -1.795606375 -2.236893177 -2.418027163 -0.068625309 0.923715889 0.337855339 0.167012826
1403715593562142976.000000 -1.702442408 -2.145384550 -2.666286469 -0.071982406 0.920793831 0.334427685 0.187391043
1403715593612143360.000000 -1.580354691 -2.016324043 -2.857337475 -0.075275145 0.919270217 0.326077223 0.207243070
1403715593662142976.000000 -1.452294111 -1.966921329 -3.071798325 -0.073766403 0.917361915 0.319014519 0.226352692
1403715593712143104.000000 -1.348419428 -1.879625201 -3.284961700 -0.072009712 0.916072965 0.308068782 0.246411502
1403715593762143232.000000 -1.216006994 -1.812838435 -3.494241953 -0.069711819 0.913482845 0.299991786 0.265884250
1403715593812143104.000000 -1.066317081 -1.706549644 -3.674769878 -0.067687213 0.910239220 0.291779488 0.285915583
1403715593862142976.000000 -0.931478024 -1.627746582 -3.835350990 -0.068876967 0.905386448 0.286101818 0.306067318
1403715593912143104.000000 -0.770490646 -1.574917674 -3.985058784 -0.068263978 0.898961127 0.283723891 0.326664567
1403715593962142976.000000 -0.621902466 -1.502154112 -4.142180920 -0.068272807 0.890858710 0.283132225 0.348634124
1403715594012143104.000000 -0.458821297 -1.459699631 -4.250977516 -0.069695175 0.882129252 0.283886164 0.369322658
1403715594062142976.000000 -0.294380188 -1.397178888 -4.371088982 -0.068508632 0.872383058 0.285937428 0.390505046
1403715594112143360.000000 -0.115805626 -1.342840672 -4.487656116 -0.067139216 0.862356126 0.288936704 0.410304695
1403715594162142976.000000 0.049321651 -1.297372222 -4.587601662 -0.065434538 0.852704346 0.289964467 0.429574549
1403715594212143104.000000 0.241604328 -1.282125115 -4.677206993 -0.064410172 0.843224704 0.290602952 0.447630942
1403715594262143232.000000 0.421220779 -1.229187250 -4.758659363 -0.062830724 0.834265649 0.289238036 0.465182215
1403715594312143104.000000 0.600046635 -1.182443380 -4.825236797 -0.062052038 0.825367332 0.286736250 0.482390672
1403715594362142976.000000 0.788208008 -1.165367126 -4.900206566 -0.062135730 0.816572011 0.282683343 0.499439240
1403715594412143104.000000 0.984466553 -1.130849838 -4.968808651 -0.063867517 0.807435930 0.277294695 0.516793668
1403715594462142976.000000 1.172504425 -1.096060276 -4.999879360 -0.066147000 0.798189282 0.270639867 0.534109235
1403715594512143104.000000 1.374022961 -1.063218117 -5.046345234 -0.069912493 0.788122118 0.262905896 0.552137911
1403715594562142976.000000 1.573209286 -1.059889317 -5.068718433 -0.073688582 0.777365804 0.256097347 0.569812775
1403715594612143360.000000 1.783918858 -1.043342233 -5.087031364 -0.076623708 0.765473664 0.249538675 0.588140607
1403715594662142976.000000 1.996407986 -1.031245232 -5.088513374 -0.080289908 0.752371550 0.245790333 0.605869412
1403715594712143104.000000 2.198384762 -1.042791843 -5.074089050 -0.083651669 0.736924469 0.247458950 0.623465240
1403715594762143232.000000 2.418235302 -1.024329662 -5.061851025 -0.083065495 0.718998849 0.253756166 0.641676366
1403715594812143104.000000 2.643959999 -1.049363375 -5.023468018 -0.080714859 0.701247692 0.260672987 0.658624709
1403715594862142976.000000 2.870869160 -1.028490782 -5.001543045 -0.076560684 0.683473945 0.264738619 0.675955176
1403715594912143104.000000 3.099774837 -1.062669039 -4.951834679 -0.074702285 0.665975094 0.268466443 0.691970050
1403715594962142976.000000 3.344165802 -1.067160010 -4.869621277 -0.072980575 0.649926603 0.268714726 0.707150459
1403715595012143104.000000 3.597754240 -1.101627350 -4.802132130 -0.072623841 0.634169400 0.267157733 0.721929133
1403715595062142976.000000 3.850153923 -1.091365218 -4.738860130 -0.071869642 0.618784606 0.263289511 0.736626744
1403715595112143360.000000 4.126308441 -1.082794428 -4.690713882 -0.068703748 0.602615833 0.259133518 0.751654029
1403715595162142976.000000 4.403264999 -1.096589327 -4.617952347 -0.061468903 0.587089539 0.255941212 0.765533566
1403715595212143104.000000 4.703504562 -1.113148928 -4.547806740 -0.056355312 0.571635067 0.250400454 0.779331207
1403715595262143232.000000 4.987436295 -1.133176327 -4.470714569 -0.050828308 0.555906475 0.243896708 0.793031454
1403715595312143104.000000 5.298252583 -1.148763061 -4.402041912 -0.044895597 0.540292323 0.235810757 0.806512237
1403715595362142976.000000 5.605589390 -1.137575626 -4.328281879 -0.037815891 0.524651110 0.225579128 0.820015490
1403715595412143104.000000 5.897773743 -1.165789366 -4.250617504 -0.031802945 0.508328855 0.218537629 0.832365155
1403715595462142976.000000 6.215973854 -1.169173717 -4.170623779 -0.024031157 0.492044389 0.208669931 0.844850123
1403715595512143104.000000 6.541081429 -1.171376944 -4.102481842 -0.018399857 0.475564808 0.195922270 0.857387960
1403715595562142976.000000 6.845548630 -1.173150539 -4.019010067 -0.013917685 0.460471094 0.181120217 0.868889034
1403715595612143360.000000 7.149529457 -1.175677299 -3.947905779 -0.010453824 0.446842968 0.159703404 0.880180120
1403715595662142976.000000 7.440701485 -1.177967429 -3.870112896 -0.005630131 0.434372544 0.135198697 0.890511215
1403715595712143104.000000 7.764074802 -1.194100857 -3.802144527 -0.001292610 0.421540231 0.108001985 0.900354266
1403715595762143232.000000 8.057540894 -1.190649033 -3.703031063 0.005896136 0.408905923 0.080941245 0.908960819
1403715595812143104.000000 8.323724747 -1.218911648 -3.620033741 0.011558386 0.396930486 0.053914458 0.916190982
1403715595862142976.000000 8.566057205 -1.235358596 -3.540579796 0.021055948 0.384539723 0.032815069 0.922284722
1403715595912143104.000000 8.801949501 -1.252627373 -3.449830532 0.033608817 0.372865111 0.010529796 0.927216947
1403715595962142976.000000 9.006404877 -1.286726356 -3.365747452 0.050044905 0.360958517 -0.005610932 0.931221247
1403715596012143104.000000 9.175357819 -1.330018878 -3.286504984 0.070436828 0.348411918 -0.016058588 0.934553385
1403715596062142976.000000 9.289991379 -1.389465213 -3.226673126 0.092519231 0.335440040 -0.020882141 0.937274873
1403715596112143360.000000 9.364655495 -1.448920608 -3.167533636 0.111721188 0.323297858 -0.021229984 0.939439297
1403715596162142976.000000 9.425290108 -1.517751336 -3.129761934 0.120272912 0.313702404 -0.020763973 0.941644430
1403715596212143104.000000 9.442213058 -1.585132599 -3.107381582 0.118081406 0.304971606 -0.017594766 0.944849014
1403715596262143232.000000 9.423533440 -1.637104154 -3.106814146 0.102873437 0.297731757 -0.012024811 0.949014425
1403715596312143104.000000 9.397980690 -1.702605486 -3.121236324 0.075412631 0.288710445 -0.001222281 0.954441071
1403715596362142976.000000 9.324580193 -1.746746898 -3.138453484 0.045194499 0.279624492 0.009571217 0.958997428
1403715596412143104.000000 9.237376213 -1.792805791 -3.163973093 0.016046522 0.267860115 0.023787921 0.963030517
1403715596462142976.000000 9.124251366 -1.840386510 -3.196531057 -0.009864858 0.255343169 0.036864005 0.966097116
1403715596512143104.000000 9.026762962 -1.896125197 -3.222426414 -0.033441670 0.242367566 0.048645899 0.968386889
1403715596562142976.000000 8.894661903 -1.942949891 -3.237020969 -0.052067719 0.229820043 0.057661258 0.970127285
1403715596612143360.000000 8.771867752 -2.015243530 -3.241994143 -0.070027553 0.216464996 0.065029196 0.971601903
1403715596662142976.000000 8.638421059 -2.084196329 -3.228274107 -0.085054927 0.204461232 0.070198685 0.972642481
1403715596712143104.000000 8.517350197 -2.155046701 -3.208855391 -0.096530147 0.191982135 0.072479300 0.973946452
1403715596762143232.000000 8.405277252 -2.250670433 -3.179792643 -0.106434986 0.179435819 0.072902165 0.975274205
1403715596812143104.000000 8.271475792 -2.332457542 -3.115999699 -0.115228198 0.167714804 0.073934674 0.976282716
1403715596862142976.000000 8.171127319 -2.414706945 -3.048270941 -0.123622224 0.155591726 0.075777754 0.977121532
1403715596912143104.000000 8.073304176 -2.507750750 -2.942294836 -0.131697193 0.145378381 0.076956779 0.977547288
1403715596962142976.000000 7.964214325 -2.613451481 -2.813670635 -0.139871150 0.137441739 0.076454416 0.977599382
1403715597012143104.000000 7.895864010 -2.717642307 -2.663908720 -0.144482598 0.130277500 0.074929170 0.978027761
1403715597062142976.000000 7.813937664 -2.835564375 -2.496203661 -0.146234393 0.125277206 0.073317818 0.978542626
1403715597112143360.000000 7.757696629 -2.988322496 -2.301614046 -0.142706409 0.121277563 0.072862715 0.979600847
1403715597162142976.000000 7.704465866 -3.096323729 -2.088597536 -0.130858019 0.117460705 0.071384534 0.981826603
1403715597212143104.000000 7.632176399 -3.256776810 -1.852047920 -0.114714436 0.113559954 0.072829127 0.984195411
1403715597262143232.000000 7.620779991 -3.390115738 -1.609894872 -0.095400669 0.107628785 0.072172754 0.986968040
1403715597312143104.000000 7.555907726 -3.547220707 -1.297252417 -0.074687876 0.102707461 0.073067814 0.989208817
1403715597362142976.000000 7.532389641 -3.720540047 -1.008721709 -0.057805404 0.095780216 0.073089615 0.991031110
1403715597412143104.000000 7.515571117 -3.873508930 -0.713840246 -0.036558464 0.086801760 0.073550381 0.992833972
1403715597462142976.000000 7.490265369 -4.026271343 -0.428437263 -0.015861411 0.078976206 0.068340331 0.994404733
1403715597512143104.000000 7.503928185 -4.188255787 -0.134969920 0.000546831 0.069028020 0.061737057 0.995702505
1403715597562142976.000000 7.493343830 -4.354413986 0.161031514 0.011903706 0.058559291 0.053871274 0.996758282
1403715597612143360.000000 7.467489243 -4.478940964 0.453786910 0.019512653 0.047539316 0.045670487 0.997633934
1403715597662142976.000000 7.483502865 -4.642075062 0.736955523 0.022607708 0.034518816 0.038825706 0.998393714
1403715597712143104.000000 7.470965385 -4.741464615 1.036146998 0.022843700 0.022615727 0.031120894 0.998998582
1403715597762143232.000000 7.468131065 -4.866314411 1.306050897 0.021721438 0.011134042 0.024125108 0.999410927
1403715597812143104.000000 7.479854584 -5.014167309 1.576777935 0.019366268 0.000469921 0.020601613 0.999600112
1403715597862142976.000000 7.504536152 -5.139770985 1.850884318 0.020443773 -0.008381358 0.015755342 0.999631763
1403715597912143104.000000 7.502571583 -5.247212410 2.115180254 0.025075458 -0.014814735 0.011112532 0.999514043
1403715597962142976.000000 7.555001259 -5.374581337 2.354159117 0.031866074 -0.021659860 0.007821495 0.999226809
1403715598012143104.000000 7.562176704 -5.495873928 2.605435371 0.036917832 -0.025423845 0.005502614 0.998979747
1403715598062142976.000000 7.605445862 -5.622700691 2.844256878 0.040045120 -0.028884126 0.002063457 0.998778224
1403715598112143360.000000 7.624956131 -5.716814995 3.092253208 0.042966899 -0.029524993 -0.002836143 0.998636127
1403715598162142976.000000 7.643108845 -5.820164680 3.347068787 0.047378302 -0.029563639 -0.006304820 0.998419523
1403715598212143104.000000 7.657431602 -5.908226013 3.578311920 0.054163411 -0.030089431 -0.007413840 0.998051107
1403715598262143232.000000 7.662719250 -6.005570412 3.803864956 0.063089162 -0.029876497 -0.006640221 0.997538507
1403715598312143104.000000 7.699121475 -6.089209080 4.020097256 0.072616778 -0.030161096 -0.005756768 0.996887147
1403715598362142976.000000 7.711560726 -6.152151108 4.233305931 0.084704354 -0.029844223 -0.003464759 0.995953083
1403715598412143104.000000 7.719971180 -6.189558983 4.428460598 0.100651734 -0.029361045 0.000155095 0.994488418
1403715598462142976.000000 7.766656876 -6.245364666 4.600372314 0.114737242 -0.030748220 0.004843490 0.992908120
1403715598512143104.000000 7.797488213 -6.271702766 4.761507988 0.126983166 -0.031554841 0.009712476 0.991355300
1403715598562142976.000000 7.807897091 -6.264427185 4.905750751 0.136129543 -0.030498236 0.013240013 0.990133047
1403715598612143360.000000 7.838869572 -6.269919872 5.014274120 0.138461441 -0.029856754 0.014380623 0.989813209
1403715598662142976.000000 7.873096466 -6.247058392 5.101439476 0.132053092 -0.028053138 0.013194557 0.990757763
1403715598712143104.000000 7.920507908 -6.218123913 5.165808201 0.119853720 -0.025907392 0.010993492 0.992392600
1403715598762143232.000000 7.965018272 -6.211596012 5.192675591 0.101352714 -0.024289995 0.007798520 0.994523406
1403715598812143104.000000 7.993909836 -6.147778988 5.227511883 0.084367976 -0.022051666 0.005201204 0.996177077
1403715598862142976.000000 8.042663574 -6.122374535 5.238349438 0.068088733 -0.020839088 0.002867714 0.997457504
1403715598912143104.000000 8.080902100 -6.057796001 5.256091118 0.055236630 -0.018903477 -0.000751182 0.998294055
1403715598962142976.000000 8.093753815 -6.001912594 5.269487858 0.045878779 -0.016331399 -0.002717882 0.998809874
1403715599012143104.000000 8.129036903 -5.924310684 5.261162281 0.039593130 -0.015155505 -0.004946377 0.999088705
1403715599062142976.000000 8.175353050 -5.856751442 5.255898476 0.036367301 -0.015140344 -0.005754936 0.999207199
1403715599112143360.000000 8.205522537 -5.779864311 5.224364281 0.035625219 -0.014645836 -0.007724769 0.999228060
1403715599162142976.000000 8.238388062 -5.697795391 5.203855991 0.034862366 -0.015057421 -0.006944058 0.999254584
1403715599212143104.000000 8.239361763 -5.613611221 5.190381527 0.030121349 -0.014939446 -0.003589540 0.999428213
1403715599262143232.000000 8.279107094 -5.510330200 5.168970108 0.025414992 -0.017146274 0.000399489 0.999529898
1403715599312143104.000000 8.324241638 -5.409189701 5.144154549 0.020863727 -0.020052155 0.006692039 0.999558866
1403715599362142976.000000 8.316178322 -5.319470882 5.139529705 0.016786035 -0.020690849 0.013733688 0.999550700
1403715599412143104.000000 8.372170448 -5.197221279 5.099423885 0.016335201 -0.025040386 0.022527633 0.999299109
1403715599462142976.000000 8.397326469 -5.103991985 5.070209980 0.015590049 -0.028113371 0.031557336 0.998984933
1403715599512143104.000000 8.428815842 -5.017139912 5.052095413 0.015923847 -0.030065905 0.038850449 0.998665750
1403715599562142976.000000 8.491406441 -4.893667698 5.011351109 0.017240573 -0.032905988 0.043995086 0.998340845
1403715599612143360.000000 8.551279068 -4.788386345 4.977538586 0.021432959 -0.034979459 0.049042117 0.997953951
1403715599662142976.000000 8.600277901 -4.690515041 4.950185776 0.025278034 -0.036012575 0.053850692 0.997579217
1403715599712143104.000000 8.674770355 -4.580889225 4.914100647 0.031089079 -0.035444107 0.053293269 0.997465312
1403715599762143232.000000 8.767980576 -4.466228485 4.873749733 0.037432671 -0.034517393 0.050631713 0.997418582
1403715599812143104.000000 8.860841751 -4.369359016 4.840471268 0.041088946 -0.031581823 0.044821370 0.997649908
1403715599862142976.000000 8.937073708 -4.281912327 4.804666996 0.042274583 -0.026139090 0.035894506 0.998118877
1403715599912143104.000000 9.083145142 -4.161338806 4.741511345 0.038942263 -0.023972878 0.025634935 0.998624921
1403715599962142976.000000 9.191576004 -4.068215847 4.676914215 0.031422652 -0.020207554 0.017123817 0.999155223
1403715600012143104.000000 9.302824974 -3.947876692 4.626881123 0.025592297 -0.016751356 0.009467132 0.999487281
1403715600062142976.000000 9.411302567 -3.816003561 4.566903114 0.021385022 -0.013811438 -0.001021360 0.999675393
1403715600112143360.000000 9.517980576 -3.721733093 4.504032135 0.017611766 -0.012069939 -0.014290600 0.999669969
1403715600162142976.000000 9.632339478 -3.596388102 4.432816982 0.016239425 -0.012556145 -0.031555537 0.999291241
1403715600212143104.000000 9.736756325 -3.498889923 4.359208107 0.014144041 -0.015131480 -0.049073607 0.998580456
1403715600262143232.000000 9.798048019 -3.353303432 4.297823906 0.014826455 -0.019584877 -0.065172002 0.997571707
1403715600312143104.000000 9.861033440 -3.243465662 4.226579189 0.013996295 -0.028543208 -0.077655464 0.996473312
1403715600362142976.000000 9.924734116 -3.135746717 4.155094147 0.013396096 -0.040654473 -0.090062216 0.995015860
1403715600412143104.000000 9.952905655 -3.023736715 4.078258514 0.011645433 -0.056472741 -0.095592573 0.993749142
1403715600462142976.000000 9.940904617 -2.918035269 3.997854233 0.006587524 -0.072868988 -0.100264020 0.992267072
1403715600512143104.000000 9.981745720 -2.832320929 3.897434950 -0.003511470 -0.096379876 -0.097738333 0.990528047
1403715600562142976.000000 9.921936989 -2.732487917 3.830561638 -0.013724569 -0.117014952 -0.093923502 0.988583624
1403715600612143360.000000 9.896578789 -2.613902092 3.748893738 -0.021047501 -0.139667317 -0.092252821 0.985667050
1403715600662142976.000000 9.840175629 -2.502482653 3.658391237 -0.025940983 -0.160334900 -0.092415355 0.982384503
1403715600712143104.000000 9.838183403 -2.433741570 3.608368635 -0.028466957 -0.183318913 -0.094662286 0.978071034
1403715600762143232.000000 9.783899307 -2.341805458 3.525843143 -0.025765309 -0.203244016 -0.099738508 0.973694146
1403715600812143104.000000 9.722789764 -2.287726164 3.460994244 -0.025368318 -0.222751737 -0.105095483 0.968861759
1403715600862142976.000000 9.667409897 -2.247225523 3.385101318 -0.020816777 -0.241386488 -0.112967446 0.963606596
1403715600912143104.000000 9.586730957 -2.213365316 3.313313007 -0.018253520 -0.258418590 -0.119226500 0.958473682
1403715600962142976.000000 9.529674530 -2.210273981 3.249089003 -0.014881544 -0.274967402 -0.125695795 0.953085601
1403715601012143104.000000 9.436937332 -2.202823400 3.176665783 -0.011032755 -0.288329750 -0.131084293 0.948451996
1403715601062142976.000000 9.353674889 -2.220188618 3.109726429 -0.006124451 -0.299988002 -0.134756729 0.944357097
1403715601112143360.000000 9.273885727 -2.260619164 3.047684669 -0.003377102 -0.309512883 -0.138843954 0.940698087
1403715601162142976.000000 9.197368622 -2.303325891 2.992027998 -0.000436119 -0.316641927 -0.142912030 0.937717438
1403715601212143104.000000 9.073884964 -2.345656395 2.899834394 0.003398252 -0.319790930 -0.147042215 0.936002612
1403715601262143232.000000 8.990272522 -2.402318954 2.851980925 0.006793956 -0.323310196 -0.151266307 0.934100032
1403715601312143104.000000 8.882265091 -2.460836649 2.777691126 0.010509158 -0.325017422 -0.155980110 0.932696879
1403715601362142976.000000 8.762899399 -2.537579298 2.697962284 0.012287646 -0.326647222 -0.160005942 0.931423008
1403715601412143104.000000 8.639698029 -2.593024492 2.623673916 0.013482318 -0.328885317 -0.160896063 0.930465043
1403715601462142976.000000 8.516762733 -2.640533209 2.557556152 0.014355993 -0.331402361 -0.160078987 0.929699481
1403715601512143104.000000 8.388769150 -2.681919813 2.483808279 0.014125916 -0.333148718 -0.158160150 0.929407239
1403715601562142976.000000 8.255638123 -2.726996183 2.402613878 0.014601389 -0.334597975 -0.155627027 0.929306924
1403715601612143360.000000 8.108026505 -2.778530598 2.332561493 0.013495307 -0.335886091 -0.153110623 0.929276943
1403715601662142976.000000 7.958281994 -2.840470314 2.256213188 0.010949314 -0.336893111 -0.149962306 0.929459274
1403715601712143104.000000 7.807945728 -2.889541149 2.168138266 0.011792412 -0.337698162 -0.146409154 0.929723263
1403715601762143232.000000 7.657117844 -2.928711653 2.078048944 0.016032560 -0.338680804 -0.143397421 0.929771781
1403715601812143104.000000 7.491153717 -2.962998867 2.012916565 0.018604375 -0.339245200 -0.141789570 0.929764688
1403715601862142976.000000 7.343547344 -2.996928692 1.929814816 0.022825737 -0.338785738 -0.138918415 0.930271447
1403715601912143104.000000 7.172040939 -3.037570715 1.852694750 0.027412098 -0.335887909 -0.135128036 0.931755483
1403715601962142976.000000 7.026157379 -3.057928801 1.759011507 0.036586110 -0.331633985 -0.129200906 0.933802724
1403715602012143104.000000 6.874803543 -3.082601547 1.674898863 0.050170537 -0.326915443 -0.122102275 0.935788572
1403715602062142976.000000 6.708310604 -3.096336365 1.582706451 0.062949836 -0.320783079 -0.114425205 0.938105762
1403715602112143360.000000 6.556673527 -3.151442766 1.479653835 0.071559742 -0.313479483 -0.106705584 0.940863371
1403715602162142976.000000 6.424934864 -3.181782246 1.397446871 0.075777419 -0.306037158 -0.098607413 0.943862081
1403715602212143104.000000 6.290797234 -3.203684807 1.292722106 0.075122111 -0.296803087 -0.091583282 0.947563827
1403715602262143232.000000 6.165260792 -3.180071354 1.188682795 0.073880732 -0.287172616 -0.083266243 0.951388657
1403715602312143104.000000 6.060289860 -3.174461126 1.087356329 0.069357365 -0.276185870 -0.079365529 0.955307305
1403715602362142976.000000 5.944537640 -3.149659634 0.968485534 0.059049793 -0.262957484 -0.078321561 0.959808469
1403715602412143104.000000 5.825916767 -3.128573418 0.831853569 0.048015408 -0.248587042 -0.078324325 0.964242876
1403715602462142976.000000 5.726159096 -3.125669241 0.701678693 0.035403464 -0.235033721 -0.076789320 0.968302190
1403715602512143104.000000 5.615491390 -3.106566191 0.563826978 0.025982382 -0.220908761 -0.075389728 0.972029150
1403715602562142976.000000 5.511097431 -3.076482534 0.427944809 0.018743576 -0.207053915 -0.073604748 0.975376785
1403715602612143360.000000 5.441124916 -3.038521051 0.302298069 0.015851732 -0.193681762 -0.072264425 0.978270948
1403715602662142976.000000 5.334229469 -3.010301590 0.173395842 0.015994309 -0.177822560 -0.073163509 0.981208682
1403715602712143104.000000 5.230154514 -2.945510626 0.038345531 0.016747002 -0.162613004 -0.070974439 0.983991444
1403715602762143232.000000 5.136960030 -2.891387939 -0.079464160 0.014653359 -0.147626773 -0.069223970 0.986508846
1403715602812143104.000000 5.060605526 -2.801905870 -0.184412703 0.012609217 -0.134000465 -0.066452026 0.988670349
1403715602862142976.000000 4.965622425 -2.713491440 -0.287489891 0.010993453 -0.121359803 -0.060733225 0.990687847
1403715602912143104.000000 4.860391617 -2.629831314 -0.396954834 0.007688579 -0.108264007 -0.056053471 0.992510915
1403715602962142976.000000 4.753061295 -2.529079676 -0.502143621 0.004008125 -0.095530167 -0.052497227 0.994033217
1403715603012143104.000000 4.653811455 -2.409243107 -0.584442079 0.002879085 -0.083249554 -0.047853339 0.995374978
1403715603062142976.000000 4.532281399 -2.313387871 -0.681742847 0.002839221 -0.070554353 -0.043037344 0.996575058
1403715603112143360.000000 4.426624775 -2.178135872 -0.769421816 0.004846008 -0.058381569 -0.037254494 0.997587204
1403715603162142976.000000 4.317850590 -2.059857368 -0.847419798 0.003524408 -0.045365859 -0.032919023 0.998421729
1403715603212143104.000000 4.186502934 -1.948629379 -0.944288969 0.001379258 -0.033084974 -0.027780300 0.999065459
1403715603262143232.000000 4.065375328 -1.829503655 -1.027812481 -0.003754403 -0.021395586 -0.023254151 0.999493599
1403715603312143104.000000 3.955931902 -1.708132148 -1.114866853 -0.007980358 -0.011264631 -0.020114049 0.999702454
1403715603362142976.000000 3.808944464 -1.577910185 -1.186432481 -0.011831889 -0.001830857 -0.016190916 0.999797285
1403715603412143104.000000 3.665882111 -1.446431518 -1.259984970 -0.012563313 0.005273452 -0.010761481 0.999849319
1403715603462142976.000000 3.534666300 -1.355931401 -1.342880249 -0.012510663 0.009713769 -0.003994634 0.999866664
1403715603512143104.000000 3.373815775 -1.288219452 -1.415659785 -0.012969150 0.013401317 0.003821212 0.999818802
1403715603562142976.000000 3.233616114 -1.218878984 -1.494567156 -0.013280623 0.015036940 0.012398208 0.999721885
1403715603612143360.000000 3.108870506 -1.113962173 -1.545697570 -0.012466940 0.015844403 0.020773122 0.999580979
1403715603662142976.000000 2.964760780 -1.002820969 -1.606106639 -0.011308304 0.015807213 0.032454632 0.999284208
1403715603712143104.000000 2.856498718 -0.948139548 -1.678059340 -0.010116481 0.015269275 0.041158747 0.998984754
1403715603762143232.000000 2.718255043 -0.911648512 -1.742685080 -0.008629538 0.015119999 0.049519505 0.998621464
1403715603812143104.000000 2.606719255 -0.836173534 -1.808130622 -0.005042559 0.014018258 0.056596883 0.998286009
1403715603862142976.000000 2.489644766 -0.800811648 -1.863747478 -0.007485798 0.013087207 0.063791245 0.997849405
1403715603912143104.000000 2.388224840 -0.784005821 -1.925011158 -0.018416390 0.011643980 0.068260178 0.997429609
1403715603962142976.000000 2.315042257 -0.734872460 -1.993832111 -0.027961047 0.009896299 0.071081743 0.997029483
1403715604012143104.000000 2.266733885 -0.688967824 -2.057553530 -0.037778668 0.008979538 0.068836980 0.996871948
1403715604062142976.000000 2.183415890 -0.661901891 -2.099129438 -0.042295396 0.012502695 0.060096256 0.997217715
1403715604112143360.000000 2.118457556 -0.691588402 -2.141461611 -0.044610824 0.016794113 0.049932320 0.997614503
1403715604162142976.000000 2.067273140 -0.663805068 -2.179988146 -0.042572469 0.020504050 0.039584786 0.998098314
1403715604212143104.000000 2.046682358 -0.633156061 -2.203095913 -0.037345465 0.023148296 0.031692978 0.998531461
1403715604262143232.000000 1.971372485 -0.630778909 -2.208180666 -0.032894369 0.026477667 0.026040656 0.998768628
1403715604312143104.000000 1.932692051 -0.607562304 -2.207883835 -0.028973054 0.028061649 0.022283247 0.998937726
1403715604362142976.000000 1.913393140 -0.579256237 -2.216583014 -0.027188478 0.028330572 0.019423863 0.999040008
1403715604412143104.000000 1.878120184 -0.542767048 -2.216581821 -0.027203709 0.028873418 0.018988717 0.999032438
1403715604462142976.000000 1.870739579 -0.541728318 -2.199432850 -0.027372848 0.028541027 0.017534185 0.999063909
1403715604512143104.000000 1.843264937 -0.524845481 -2.181496143 -0.022882218 0.028688116 0.018241297 0.999159992
1403715604562142976.000000 1.803615689 -0.530129135 -2.153605700 -0.016829416 0.029277477 0.017252343 0.999280751
1403715604612143360.000000 1.767818928 -0.531398237 -2.129355907 -0.009882354 0.029355794 0.017326146 0.999370039
1403715604662142976.000000 1.727775574 -0.521897376 -2.096240044 -0.003869656 0.030546624 0.015492924 0.999405801
1403715604712143104.000000 1.695566893 -0.519842625 -2.062393188 -0.000397037 0.030924911 0.014263199 0.999419928
1403715604762143232.000000 1.659218907 -0.511676967 -2.035956144 0.001570500 0.031706020 0.012440281 0.999418616
1403715604812143104.000000 1.625949740 -0.504456341 -2.007339239 0.001828087 0.031527080 0.012988597 0.999416888
1403715604862142976.000000 1.600520253 -0.490189284 -2.014829397 0.002068369 0.030571833 0.013028974 0.999445498
1403715604912143104.000000 1.541487336 -0.511932850 -1.934101701 0.001352506 0.032048006 0.011839197 0.999415338
1403715604962142976.000000 1.496140361 -0.498164743 -1.896571279 -0.000650656 0.031969376 0.011270206 0.999425113
1403715605012143104.000000 1.440696359 -0.507421374 -1.864364028 -0.003973606 0.031869136 0.010863775 0.999425173
1403715605062142976.000000 1.412595153 -0.498564780 -1.822780967 -0.004302402 0.030929457 0.010974943 0.999452055
1403715605112143360.000000 1.367200732 -0.514410734 -1.800488710 -0.003789621 0.030391812 0.010847330 0.999472082
1403715605162142976.000000 1.314724207 -0.533211708 -1.772182345 -0.002174593 0.030219216 0.010035624 0.999490619
1403715605212143104.000000 1.271386385 -0.548851132 -1.718539357 -0.000091316 0.029091589 0.010039845 0.999526381
1403715605262143232.000000 1.242018461 -0.562652886 -1.689216375 0.001497738 0.027058659 0.011443431 0.999567211
1403715605312143104.000000 1.184453964 -0.583494782 -1.664814234 0.003447766 0.024829134 0.014244760 0.999584317
1403715605362142976.000000 1.116619468 -0.613877416 -1.620677948 0.004600306 0.023127340 0.018089857 0.999558270
1403715605412143104.000000 1.070518136 -0.620022714 -1.580138922 0.007000049 0.020258481 0.021889599 0.999530673
1403715605462142976.000000 1.026435018 -0.631813824 -1.530164599 0.005845624 0.018278619 0.023436299 0.999541163
1403715605512143104.000000 0.982264280 -0.625973225 -1.488015652 0.004934202 0.016082240 0.026504783 0.999507129
1403715605562142976.000000 0.948066235 -0.618223608 -1.432434440 0.001952112 0.013983594 0.028248956 0.999501228
1403715605612143360.000000 0.902096510 -0.594087124 -1.387943983 0.000599893 0.012416046 0.030379755 0.999461174
1403715605662142976.000000 0.869747758 -0.573554099 -1.335157275 0.000420115 0.011941195 0.029605664 0.999490321
1403715605712143104.000000 0.823196471 -0.554318845 -1.274692297 0.000557627 0.013336187 0.024720112 0.999605298
1403715605762143232.000000 0.836364090 -0.523857296 -1.205389380 0.003274817 0.013650556 0.019229447 0.999716640
1403715605812143104.000000 0.788341463 -0.506944180 -1.152655125 0.003844736 0.015762659 0.014985608 0.999756098
1403715605862142976.000000 0.755484641 -0.506557107 -1.106193542 0.004369171 0.016489837 0.012360035 0.999778152
1403715605912143104.000000 0.728053629 -0.494179577 -1.039472580 0.005639872 0.016523067 0.010339156 0.999794185
1403715605962142976.000000 0.712484837 -0.469582409 -0.995432198 0.008292181 0.016468553 0.008261576 0.999795914
1403715606012143104.000000 0.671173155 -0.457327753 -0.929003239 0.009364750 0.016871760 0.007229284 0.999787688
1403715606062142976.000000 0.635075212 -0.436262429 -0.869737864 0.010166528 0.016674692 0.006338739 0.999789238
1403715606112143360.000000 0.615560710 -0.407732934 -0.812942803 0.010972171 0.015686583 0.004975615 0.999804378
1403715606162142976.000000 0.612768054 -0.376733959 -0.751672149 0.011025053 0.013778554 0.004434057 0.999834478
1403715606212143104.000000 0.594762206 -0.348721534 -0.709768951 0.010064047 0.012282822 0.005285036 0.999859989
1403715606262143232.000000 0.550611973 -0.315678000 -0.643138349 0.010584973 0.010563498 0.008609375 0.999851167
1403715606312143104.000000 0.510579228 -0.293958932 -0.579382598 0.010203780 0.007583811 0.012351722 0.999842942
1403715606362142976.000000 0.473036557 -0.278235316 -0.526306689 0.009849631 0.005051110 0.015236702 0.999822617
1403715606412143104.000000 0.430862486 -0.269631088 -0.468435019 0.009690482 0.003511016 0.017777976 0.999788821
1403715606462142976.000000 0.394865751 -0.285669148 -0.422461748 0.010067904 0.002817855 0.018260330 0.999778628
1403715606512143104.000000 0.366003901 -0.297824830 -0.390927166 0.011684972 0.000797615 0.019848151 0.999734402
1403715606562142976.000000 0.334794670 -0.310216635 -0.348323703 0.012378137 -0.001482445 0.021807546 0.999684453
1403715606612143360.000000 0.301220566 -0.321424693 -0.299595833 0.013322855 -0.003950406 0.024919894 0.999592841
1403715606662142976.000000 0.275652289 -0.329386711 -0.261893868 0.014126549 -0.006090506 0.025801552 0.999548733
1403715606712143104.000000 0.252537698 -0.334638596 -0.221653819 0.015111019 -0.008909052 0.029606836 0.999407709
1403715606762143232.000000 0.234422699 -0.332687706 -0.185273960 0.016035382 -0.011381267 0.033794440 0.999235392
1403715606812143104.000000 0.223858938 -0.332498223 -0.147179231 0.018912222 -0.014107551 0.036241099 0.999064565
1403715606862142976.000000 0.212809235 -0.324654669 -0.108530827 0.023263747 -0.013847006 0.033446722 0.999073803
1403715606912143104.000000 0.217534989 -0.312880099 -0.072155580 0.028282601 -0.013009755 0.029196216 0.999088824
1403715606962142976.000000 0.219740778 -0.299183398 -0.036906790 0.032465834 -0.011128995 0.022209480 0.999164104
1403715607012143104.000000 0.217871770 -0.275116920 -0.003824436 0.031392131 -0.009104535 0.015829729 0.999340355
1403715607062142976.000000 0.226072356 -0.250553697 0.023156855 0.029283822 -0.007222982 0.009311900 0.999501705
1403715607112143360.000000 0.229373589 -0.224705577 0.050501686 0.026292810 -0.005845405 0.004012942 0.999629200
1403715607162142976.000000 0.231525496 -0.198905095 0.066787459 0.024173880 -0.005671206 0.001054111 0.999691129
1403715607212143104.000000 0.233007893 -0.174984008 0.085812263 0.021605730 -0.005282868 -0.000878701 0.999752223
1403715607262143232.000000 0.230336770 -0.152069882 0.096143052 0.020017255 -0.004962630 -0.002220186 0.999784887
1403715607312143104.000000 0.229236558 -0.131695777 0.106933087 0.019038090 -0.005184166 -0.002170089 0.999803007
1403715607362142976.000000 0.222608894 -0.114421204 0.116587661 0.019521169 -0.005395093 -0.002127238 0.999792695
1403715607412143104.000000 0.215618789 -0.100438200 0.117181823 0.019897491 -0.005347023 -0.002059020 0.999785602
1403715607462142976.000000 0.205706343 -0.086404592 0.117027447 0.020695359 -0.004324337 -0.002762587 0.999772668
1403715607512143104.000000 0.194949940 -0.071776897 0.114768989 0.019673517 -0.003603236 -0.002975378 0.999795556
1403715607562142976.000000 0.183096558 -0.058563899 0.110366382 0.018930947 -0.002857211 -0.003578977 0.999810278
1403715607612143360.000000 0.169011265 -0.046078917 0.101628780 0.018278278 -0.002452574 -0.002819515 0.999825954
1403715607662142976.000000 0.155039713 -0.037106406 0.093594976 0.017343948 -0.001651114 -0.003171732 0.999843240
1403715607712143104.000000 0.134151742 -0.028525781 0.078324579 0.018005021 -0.000507920 -0.003325390 0.999832273
1403715607762143232.000000 0.113605596 -0.012548633 0.067630552 0.017488953 -0.000391860 -0.002730320 0.999843240
1403715607812143104.000000 0.090160944 0.010326802 0.056263342 0.016625969 -0.000071010 -0.000592850 0.999861658
1403715607862142976.000000 0.064793609 0.041651826 0.047849566 0.015595244 -0.000818347 0.002846675 0.999874055
1403715607912143104.000000 0.038714208 0.081072614 0.042514876 0.013964142 -0.001057261 -0.003590705 0.999895513
1403715607962142976.000000 0.035693306 0.075866260 0.041908663 0.018350525 -0.000956764 -0.007992181 0.999799252
1403715608012143104.000000 0.037543032 0.073258653 0.041244399 0.014110082 -0.001032313 -0.009034595 0.999859154
1403715608062142976.000000 0.036999393 0.076308265 0.043197040 0.014598734 -0.001345473 -0.009350359 0.999848843
1403715608112143360.000000 0.039153699 0.079114832 0.045918826 0.011214842 -0.001550600 -0.007980314 0.999904156
1403715608162142976.000000 0.036851142 0.078601032 0.046046838 0.010135601 -0.001641362 -0.007747651 0.999917269
1403715608212143104.000000 0.037586074 0.080130339 0.045638148 0.012239041 -0.001680911 -0.008515147 0.999887466
1403715608262143232.000000 0.039187975 0.082084462 0.043671314 0.013977161 -0.001956166 -0.007356388 0.999873400
1403715608312143104.000000 0.037403058 0.081936970 0.046689257 0.012374521 -0.001786294 -0.007758149 0.999891758
1403715608362142976.000000 0.037112366 0.081628814 0.046187773 0.011472748 -0.001860842 -0.007949528 0.999900877
1403715608412143104.000000 0.038615346 0.082297355 0.046220589 0.012241043 -0.001958828 -0.008603469 0.999886155
1403715608462142976.000000 0.036933593 0.082515910 0.047048986 0.011900375 -0.002139634 -0.007741718 0.999897003
1403715608512143104.000000 0.037792072 0.082951374 0.045881856 0.012595187 -0.002170532 -0.007527588 0.999890029
1403715608562142976.000000 0.037936684 0.083407871 0.046570390 0.012551129 -0.001826716 -0.007802847 0.999889135
1403715608612143360.000000 0.038548362 0.083490089 0.047431640 0.012307367 -0.002246712 -0.007572006 0.999893129
1403715608662142976.000000 0.037887834 0.083419397 0.047513675 0.012198124 -0.001835719 -0.007734171 0.999894023
1403715608712143104.000000 0.037437331 0.083760656 0.046754036 0.012187548 -0.002112365 -0.007695007 0.999893904
1403715608762143232.000000 0.038186457 0.083970897 0.047245890 0.012717201 -0.002073090 -0.007749783 0.999886990
1403715608812143104.000000 0.037549175 0.083964862 0.047017895 0.012532859 -0.002225047 -0.007369630 0.999891877
1403715608862142976.000000 0.037601374 0.083862960 0.047543447 0.012016360 -0.001932612 -0.008069882 0.999893427
1403715608912143104.000000 0.037968744 0.083975144 0.047490954 0.012268330 -0.002006517 -0.007471978 0.999894798
1403715608962142976.000000 0.037895661 0.083852805 0.046710230 0.012562914 -0.001954740 -0.007649623 0.999889970
1403715609012143104.000000 0.037514664 0.084158339 0.047185421 0.012633247 -0.001965237 -0.007761110 0.999888182
1403715609062142976.000000 0.038063221 0.083917215 0.046814121 0.012191537 -0.002243517 -0.007480540 0.999895275
1403715609112143360.000000 0.038258065 0.084092721 0.046624810 0.012361996 -0.002296449 -0.007264810 0.999894619
1403715609162142976.000000 0.037865940 0.083878838 0.046821631 0.012098687 -0.002167044 -0.007319313 0.999897718
1403715609212143104.000000 0.037889119 0.083877005 0.046310578 0.012251741 -0.002254090 -0.007705004 0.999892771
1403715609262143232.000000 0.037824836 0.084087037 0.047295287 0.012454421 -0.001988691 -0.007560336 0.999891937
1403715609312143104.000000 0.037632942 0.084200032 0.047539569 0.012356469 -0.001976944 -0.007496959 0.999893606
1403715609362142976.000000 0.038002428 0.084286876 0.047846578 0.012361692 -0.002073336 -0.007392293 0.999894142
