1403715528.712143182755 -0.017762012780 -0.061812564731 -0.002386238892 0.001142670517 0.000636220851 0.001619617688 0.999997854233
1403715528.762143135071 -0.035832472146 -0.127576753497 -0.006005731411 0.002795069478 0.000881315151 0.004065455403 0.999987483025
1403715528.812143087387 -0.052197955549 -0.181925117970 -0.009106742218 0.004913107958 0.002142237034 0.006103984546 0.999967038631
1403715528.862143039703 -0.068808034062 -0.244649276137 -0.013013128191 0.006834586617 0.002614651341 0.006119111087 0.999954521656
1403715528.912143230438 -0.102779656649 -0.346454709768 -0.017619252205 0.005280547775 0.004679895937 0.005370467436 0.999960720539
1403715528.962142944336 -0.101718738675 -0.332029104233 -0.019339058548 0.007636006456 0.004727404565 0.003215467557 0.999954521656
1403715529.012143135071 -0.116230316460 -0.357206583023 -0.024058641866 0.006841228809 0.004362622276 0.000040286024 0.999967098236
1403715529.062143087387 -0.141957178712 -0.411979585886 -0.030156355351 0.005108579993 0.001690215082 0.000969336834 0.999985039234
1403715529.112143278122 -0.177296206355 -0.494753360748 -0.043436441571 0.004022351466 -0.003038077382 0.000367315981 0.999987244606
1403715529.162142992020 -0.229714646935 -0.615701019764 -0.060075093061 0.000965839368 -0.008016709238 -0.001906904974 0.999965608120
1403715529.212143182755 -0.258776247501 -0.684304237366 -0.074088454247 -0.000972154958 -0.015667049214 -0.004085842054 0.999868452549
1403715529.262143135071 -0.291616380215 -0.761559426785 -0.093310162425 -0.003852400696 -0.023445520550 -0.007521170657 0.999689400196
1403715529.312143087387 -0.307958424091 -0.800502836704 -0.110668927431 -0.006110399030 -0.033026147634 -0.010355709121 0.999382197857
1403715529.362143039703 -0.336618393660 -0.862808167934 -0.122225709260 -0.008648733608 -0.042478132993 -0.015896990895 0.998933494091
1403715529.412143230438 -0.350837886333 -0.882152855396 -0.120569124818 -0.007700370159 -0.052605502307 -0.020341450348 0.998378515244
1403715529.462142944336 -0.381860762835 -0.929638803005 -0.121667958796 -0.006781902630 -0.060905031860 -0.024008922279 0.997831702232
1403715529.512143135071 -0.405085265636 -0.952447772026 -0.114814095199 -0.004617298488 -0.068404331803 -0.027704978362 0.997262239456
1403715529.562143087387 -0.443320691586 -1.001237511635 -0.112282276154 -0.004097859841 -0.074348226190 -0.030582537875 0.996754884720
1403715529.612143278122 -0.475733399391 -1.028535246849 -0.093215338886 -0.002470364328 -0.079337313771 -0.033243898302 0.996290266514
1403715529.662142992020 -0.521097779274 -1.067553877831 -0.081788063049 -0.000440359174 -0.083334550261 -0.035199180245 0.995899677277
1403715529.712143182755 -0.520232141018 -1.065220952034 -0.062192630023 0.003068855032 -0.088476121426 -0.037488535047 0.995367884636
1403715529.762143135071 -0.590681731701 -1.124714374542 -0.031857028604 0.002329132985 -0.090456478298 -0.040967103094 0.995054781437
1403715529.812143087387 -0.613509535789 -1.146350383759 -0.020652528852 0.004400305916 -0.094489745796 -0.040789440274 0.994680166245
1403715529.862143039703 -0.657826185226 -1.147414207458 0.013227488846 0.007306744345 -0.096951916814 -0.041541051120 0.994394958019
1403715529.912143230438 -0.691173732281 -1.224205493927 0.021218838170 0.007729166653 -0.100059688091 -0.040822871029 0.994113564491
1403715529.962142944336 -0.732353925705 -1.249829411507 0.043940976262 0.011939168908 -0.102268122137 -0.039527721703 0.993899524212
1403715530.012143135071 -0.798213601112 -1.305788755417 0.053627472371 0.015821758658 -0.102125860751 -0.041219409555 0.993791222572
1403715530.062143087387 -0.852451384068 -1.351299762726 0.070033401251 0.022351944819 -0.102026402950 -0.043695576489 0.993570208549
1403715530.112143278122 -0.904710173607 -1.445479631424 0.083165228367 0.026603199542 -0.101364500821 -0.047829162329 0.993342757225
1403715530.162142992020 -0.967001020908 -1.487037301064 0.087300822139 0.029356950894 -0.099544636905 -0.051398564130 0.993270993233
1403715530.212143182755 -1.033511400223 -1.576284289360 0.082171976566 0.027006676421 -0.097891665995 -0.055015411228 0.993308246136
1403715530.262143135071 -1.081895709038 -1.641835212708 0.076229669154 0.024549223483 -0.096756853163 -0.058818228543 0.993265271187
1403715530.312143087387 -1.167552947998 -1.765662670135 0.064500719309 0.020399035886 -0.094992130995 -0.061271499842 0.993381202221
1403715530.362143039703 -1.252991318703 -1.862939000130 0.041382897645 0.018180811778 -0.094620399177 -0.059151794761 0.993588209152
1403715530.412143230438 -1.328652620316 -1.972122430801 -0.000800658017 0.016450207680 -0.095948018134 -0.055183578283 0.993719339371
1403715530.462142944336 -1.418555021286 -2.072420597076 -0.040314763784 0.015984261408 -0.098882891238 -0.051591049880 0.993632256985
1403715530.512143135071 -1.532225131989 -2.274991035461 -0.073274835944 0.011511812918 -0.102152831852 -0.051265235990 0.993380188942
1403715530.562143087387 -1.610865235329 -2.385560989380 -0.105046004057 0.011032733135 -0.107373081148 -0.049986518919 0.992900133133
1403715530.612143278122 -1.744923114777 -2.578854560852 -0.135401189327 0.006724583451 -0.109862804413 -0.050721760839 0.992628991604
1403715530.662142992020 -1.826678752899 -2.663947343826 -0.157496973872 0.008241873235 -0.114452034235 -0.049615379423 0.992154777050
1403715530.712143182755 -1.922953724861 -2.710783958435 -0.181049063802 0.010612054728 -0.118910148740 -0.048536706716 0.991661190987
1403715530.762143135071 -2.018918037415 -2.775653362274 -0.195441335440 0.010777466930 -0.124409131706 -0.049238961190 0.990949928761
1403715530.812143087387 -2.157208204269 -2.881145477295 -0.217050626874 0.009191974998 -0.130838915706 -0.050777725875 0.990059733391
1403715530.862143039703 -2.240351438522 -2.912885904312 -0.241742610931 0.011471464299 -0.140106335282 -0.051860433072 0.988710880280
1403715530.912143230438 -2.363550901413 -3.053978443146 -0.279059231281 0.008351161145 -0.147209882736 -0.053457796574 0.987624287605
1403715530.962142944336 -2.451834678650 -3.124891519547 -0.293613970280 0.007490680087 -0.153706222773 -0.057417370379 0.986418545246
1403715531.012143135071 -2.593348503113 -3.206153392792 -0.318247884512 0.001491087838 -0.157771795988 -0.059399228543 0.985686361790
1403715531.062143087387 -2.682194471359 -3.262780427933 -0.337633877993 -0.007050724234 -0.163041204214 -0.062529593706 0.984610557556
1403715531.112143278122 -2.814585447311 -3.310535907745 -0.353216320276 -0.018179735169 -0.165457233787 -0.064863972366 0.983913660049
1403715531.162142992020 -2.924411535263 -3.378505945206 -0.358782827854 -0.028610864654 -0.168968498707 -0.066141106188 0.982983469963
1403715531.212143182755 -3.025177240372 -3.446998834610 -0.367910653353 -0.037670854479 -0.174519747496 -0.060861196369 0.982048749924
1403715531.262143135071 -3.152704238892 -3.497989177704 -0.366574347019 -0.036207091063 -0.179143562913 -0.052749481052 0.981740355492
1403715531.312143087387 -3.240863323212 -3.550169467926 -0.357732027769 -0.029088253155 -0.185074284673 -0.044696785510 0.981276512146
1403715531.362143039703 -3.358278036118 -3.627920866013 -0.325729936361 -0.021395428106 -0.188030421734 -0.038795173168 0.981163442135
1403715531.412143230438 -3.482103824615 -3.716725587845 -0.289764225483 -0.014565737918 -0.190094843507 -0.035662539303 0.981009721756
1403715531.462142944336 -3.585607051849 -3.807964801788 -0.262979805470 -0.008905068040 -0.190985009074 -0.035214845091 0.980920672417
1403715531.512143135071 -3.665815114975 -3.851282119751 -0.217427104712 -0.003145505441 -0.192676216364 -0.034787155688 0.980640530586
1403715531.562143087387 -3.796446800232 -3.904240846634 -0.167012900114 -0.000973890536 -0.191721767187 -0.034685336053 0.980835735798
1403715531.612143278122 -3.870590925217 -3.898748636246 -0.125316426158 0.001666345983 -0.192973375320 -0.032363973558 0.980668723583
1403715531.662142992020 -3.940296888351 -3.968890190125 -0.067485876381 -0.002336163307 -0.194574192166 -0.031793929636 0.980369627476
1403715531.712143182755 -3.997632503510 -4.003728866577 0.013266831636 -0.002140754135 -0.194991573691 -0.035174511373 0.980171680450
1403715531.762143135071 -4.079327583313 -4.013682365417 0.077956855297 0.000764362339 -0.192087009549 -0.040443263948 0.980543911457
1403715531.812143087387 -4.130868434906 -4.020430564880 0.136612623930 0.008100640029 -0.190166220069 -0.044958148152 0.980688512325
1403715531.862143039703 -4.212568759918 -4.086678981781 0.214945524931 0.012700888328 -0.187027066946 -0.049540553242 0.981022596359
1403715531.912143230438 -4.267439842224 -4.116682529449 0.270599782467 0.018778979778 -0.185656219721 -0.051821783185 0.981067597866
1403715531.962142944336 -4.329289913177 -4.122535228729 0.336472094059 0.025780623779 -0.183382213116 -0.053570900112 0.981242358685
1403715532.012143135071 -4.368037223816 -4.146801471710 0.391936063766 0.028499539942 -0.182857900858 -0.054535850883 0.981211841106
1403715532.062143087387 -4.417885780334 -4.149262905121 0.443016409874 0.031989682466 -0.181465417147 -0.056309700012 0.981262564659
1403715532.112143278122 -4.468060493469 -4.185867786407 0.499251306057 0.032870206982 -0.180146545172 -0.058611027896 0.981341719627
1403715532.162142992020 -4.524996280670 -4.200802326202 0.544205248356 0.034036412835 -0.179129749537 -0.058891031891 0.981471300125
1403715532.212143182755 -4.557172775269 -4.227882862091 0.586827516556 0.033869214356 -0.180195197463 -0.059179116040 0.981264710426
1403715532.262143135071 -4.622079849243 -4.241840362549 0.630841135979 0.034645285457 -0.181519433856 -0.059102807194 0.980998098850
1403715532.312143087387 -4.669106960297 -4.234155654907 0.656010866165 0.034414079040 -0.184474721551 -0.056713595986 0.980595886707
1403715532.362143039703 -4.700739860535 -4.246189594269 0.677452087402 0.030163956806 -0.188494652510 -0.054724358022 0.980084300041
1403715532.412143230438 -4.722408771515 -4.257436275482 0.706839323044 0.027131827548 -0.193244203925 -0.050649348646 0.979466795921
1403715532.462142944336 -4.776997566223 -4.276322364807 0.721746504307 0.023238282651 -0.195622012019 -0.048785481602 0.979189455509
1403715532.512143135071 -4.777930259705 -4.272648334503 0.735889077187 0.020797692239 -0.200310647488 -0.044731862843 0.978489756584
1403715532.562143087387 -4.819480895996 -4.240836143494 0.741762876511 0.020756099373 -0.203235805035 -0.038190629333 0.978164553642
1403715532.612143278122 -4.856270313263 -4.260725498199 0.760357618332 0.018825622275 -0.206602349877 -0.031044352800 0.977751195431
1403715532.662142992020 -4.859177589417 -4.253532886505 0.769777655602 0.019455453381 -0.211324244738 -0.022815331817 0.976956009865
1403715532.712143182755 -4.900058269501 -4.242937088013 0.787197828293 0.021526696160 -0.213122814894 -0.015298970044 0.976668477058
1403715532.762143135071 -4.897795200348 -4.273208618164 0.806642174721 0.020058266819 -0.216439008713 -0.010834456421 0.976029932499
1403715532.812143087387 -4.900491237640 -4.288841724396 0.822561860085 0.019373953342 -0.217319682240 -0.006936883554 0.975883543491
1403715532.862143039703 -4.907192230225 -4.296378135681 0.834205210209 0.019000798464 -0.215237557888 -0.003827647772 0.976369380951
1403715532.912143230438 -4.821611881256 -4.214317798615 0.856700181961 0.022196728736 -0.214674994349 0.000226250399 0.976433277130
1403715532.962142944336 -4.780951023102 -4.184668064117 0.866220712662 0.021186739206 -0.209266230464 0.004321258981 0.977619647980
1403715533.012143135071 -4.733784675598 -4.161194801331 0.896878659725 0.018894176930 -0.201453775167 0.008812115528 0.979276180267
1403715533.062143087387 -4.649052619934 -4.097878932953 0.930645704269 0.017785221338 -0.192792341113 0.013971915469 0.980978906155
1403715533.112143278122 -4.564881324768 -4.056924819946 0.965070366859 0.016231395304 -0.181861296296 0.018010256812 0.983025252819
1403715533.162142992020 -4.486163139343 -4.020053863525 1.007865548134 0.017771547660 -0.167497321963 0.020792236552 0.985493004322
1403715533.212143182755 -4.368525981903 -3.955522775650 1.045713067055 0.026658304036 -0.152718365192 0.022271683440 0.987659096718
1403715533.262143135071 -4.206105709076 -3.923854351044 1.059574007988 0.032872438431 -0.140267789364 0.023670706898 0.989284634590
1403715533.312143087387 -4.071631431580 -3.903409242630 1.085565924644 0.036724552512 -0.126273319125 0.023319402710 0.991041123867
1403715533.362143039703 -3.913667678833 -3.900865077972 1.091816782951 0.036122869700 -0.115130774677 0.022533567622 0.992437541485
1403715533.412143230438 -3.767174482346 -3.846188545227 1.100238680840 0.036964893341 -0.104215741158 0.022407684475 0.993614912033
1403715533.462142944336 -3.637223243713 -3.863391160965 1.093053817749 0.031388368458 -0.093919001520 0.022400803864 0.994832754135
1403715533.512143135071 -3.451853513718 -3.862301588058 1.059515357018 0.026468718424 -0.089058913291 0.026158386841 0.995330929756
1403715533.562143087387 -3.284985065460 -3.908438205719 1.037509441376 0.019184956327 -0.085016302764 0.033521033823 0.995630741119
1403715533.612143278122 -3.092046737671 -3.918982505798 0.998110771179 0.014910862781 -0.083134911954 0.041380092502 0.995567142963
1403715533.662142992020 -2.924670219421 -3.930636644363 0.951007544994 0.010630059987 -0.080351933837 0.049727208912 0.995468676090
1403715533.712143182755 -2.700611114502 -3.996587991714 0.902942240238 0.005548474379 -0.079729974270 0.056336253881 0.995207786560
1403715533.762143135071 -2.491077899933 -4.048927307129 0.841779410839 0.003019018797 -0.077956609428 0.061071183532 0.995079874992
1403715533.812143087387 -2.216574668884 -4.103096485138 0.786710917950 0.001107194577 -0.077069349587 0.060601044446 0.995181679726
1403715533.862143039703 -1.950492978096 -4.172517776489 0.729842305183 -0.000291333126 -0.074396319687 0.057852983475 0.995549201965
1403715533.912143230438 -1.690908193588 -4.225156784058 0.685765922070 -0.001099936431 -0.070540554821 0.050167974085 0.996245980263
1403715533.962142944336 -1.428213119507 -4.295162200928 0.639814317226 -0.001465442823 -0.066819235682 0.043680764735 0.996807456017
1403715534.012143135071 -1.149235844612 -4.322138786316 0.599212706089 -0.001132119447 -0.064208202064 0.036495264620 0.997268378735
1403715534.062143087387 -0.871498286724 -4.331890583038 0.560060858727 0.000212991406 -0.061410214752 0.030238665640 0.997654497623
1403715534.112143278122 -0.665084004402 -4.372118949890 0.543035268784 0.000657717639 -0.055141855031 0.021865427494 0.998238921165
1403715534.162142992020 -0.371143847704 -4.342367172241 0.508767485619 0.003082905663 -0.053483050317 0.013862467371 0.998467803001
1403715534.212143182755 -0.091065913439 -4.331545829773 0.487336844206 0.003946127836 -0.050278238952 0.005752011668 0.998710930347
1403715534.262143135071 0.199070200324 -4.319389343262 0.460845351219 0.004068695940 -0.048439159989 -0.000450779073 0.998817801476
1403715534.312143087387 0.522549629211 -4.341134071350 0.474671065807 0.002758215880 -0.049627434462 -0.005057273898 0.998751223087
1403715534.362143039703 0.856418132782 -4.329272270203 0.457574397326 0.002267109929 -0.050473984331 -0.008379211649 0.998687684536
1403715534.412143230438 1.089567422867 -4.271397590637 0.465526103973 0.002645584755 -0.046049557626 -0.010035390034 0.998885273933
1403715534.462142944336 1.393491268158 -4.249182701111 0.491334110498 0.002093274379 -0.044030673802 -0.011071390472 0.998966634274
1403715534.512143135071 1.679366469383 -4.207004070282 0.507087171078 0.001460644649 -0.039361678064 -0.010983983055 0.999163568020
1403715534.562143087387 1.929843187332 -4.147146701813 0.516827702522 0.001620251802 -0.032305151224 -0.009312800132 0.999433398247
1403715534.612143278122 2.208184957504 -4.165870666504 0.551490366459 -0.002263869625 -0.025265851989 -0.006464743055 0.999657332897
1403715534.662142992020 2.443191051483 -4.136252403259 0.573244631290 -0.004659220576 -0.015190583654 -0.004077360034 0.999865472317
1403715534.712143182755 2.703811883926 -4.095565319061 0.595429599285 -0.006926459260 -0.005203467794 -0.000664152671 0.999962270260
1403715534.762143135071 3.031466484070 -4.000991821289 0.640497326851 -0.009266365319 0.003938833252 0.003999480046 0.999941349030
1403715534.812143087387 3.276628017426 -3.938302040100 0.666216075420 -0.014467880130 0.018455749378 0.007577984594 0.999696254730
1403715534.862143039703 3.535403490067 -3.876895904541 0.705119729042 -0.019956534728 0.032534506172 0.011805814691 0.999201595783
1403715534.912143230438 3.789171934128 -3.843436241150 0.734840095043 -0.025944147259 0.047589674592 0.015338771977 0.998412191868
1403715534.962142944336 4.026000499725 -3.782412290573 0.777438879013 -0.029848523438 0.062900669873 0.019568216056 0.997381389141
1403715535.012143135071 4.279448032379 -3.713016033173 0.821308553219 -0.031808879226 0.076067253947 0.023359626532 0.996321380138
1403715535.062143087387 4.525134563446 -3.697385311127 0.873172938824 -0.037085834891 0.087449803948 0.026836039498 0.995116591454
1403715535.112143278122 4.841859340668 -3.611122369766 0.924397110939 -0.040313661098 0.095324315131 0.031709570438 0.994124054909
1403715535.162142992020 5.058332443237 -3.614614248276 0.982149839401 -0.047954980284 0.103942446411 0.034665614367 0.992821514606
1403715535.212143182755 5.302980899811 -3.555548191071 1.038675427437 -0.053460650146 0.109696790576 0.038897398859 0.991763889790
1403715535.262143135071 5.549888134003 -3.537564754486 1.126390933990 -0.059218410403 0.114738330245 0.042977448553 0.990697383881
1403715535.312143087387 5.745069503784 -3.445056676865 1.237199306488 -0.060572504997 0.120060555637 0.047350134701 0.989785015583
1403715535.362143039703 5.947764873505 -3.416409492493 1.355512261391 -0.062577731907 0.124026745558 0.051742933691 0.988951027393
1403715535.412143230438 6.177988529205 -3.407267570496 1.453308939934 -0.061421964318 0.123546063900 0.061830833554 0.988504290581
1403715535.462142944336 6.398047924042 -3.395714759827 1.568954110146 -0.055729843676 0.123425766826 0.071434885263 0.988209187984
1403715535.512143135071 6.611662387848 -3.397568941116 1.694246768951 -0.047618623823 0.123189702630 0.078515358269 0.988125562668
1403715535.562143087387 6.843119144440 -3.395365238190 1.834863901138 -0.038023386151 0.123291924596 0.081335969269 0.988300502300
1403715535.612143278122 7.079483032227 -3.392617702484 1.966809511185 -0.026392854750 0.123172104359 0.082324199378 0.988612532616
1403715535.662142992020 7.306008815765 -3.371511936188 2.104733467102 -0.017849929631 0.122364722192 0.079638682306 0.989123821259
1403715535.712143182755 7.540833473206 -3.397714853287 2.247945547104 -0.013935859315 0.119996055961 0.075342625380 0.989813268185
1403715535.762143135071 7.770992755890 -3.410784721375 2.398401737213 -0.011138265952 0.115945242345 0.069434359670 0.990763127804
1403715535.812143087387 8.019496917725 -3.407960653305 2.541001319885 -0.008243685588 0.110427252948 0.060656290501 0.991997361183
1403715535.862143039703 8.239063262939 -3.426610231400 2.695007562637 -0.008576795459 0.105246707797 0.048465311527 0.993227422237
1403715535.912143230438 8.447113990784 -3.413866281509 2.850733041763 -0.011049970053 0.098857730627 0.038824211806 0.994282543659
1403715535.962142944336 8.717974662781 -3.393056869507 2.998286485672 -0.013451812789 0.088501438498 0.030319141224 0.995523631573
1403715536.012143135071 8.892313957214 -3.383199214935 3.159113883972 -0.017817283049 0.082041181624 0.024345939979 0.996172249317
1403715536.062143087387 9.181353569031 -3.432194471359 3.305925369263 -0.025432292372 0.071815893054 0.019763145596 0.996897757053
1403715536.112143278122 9.393801689148 -3.439910888672 3.462389230728 -0.030701477081 0.064562171698 0.015510739759 0.997320711613
1403715536.162142992020 9.623758316040 -3.484071969986 3.622066020966 -0.036277614534 0.057348351926 0.012344343588 0.997618556023
1403715536.212143182755 9.840522766113 -3.486771106720 3.797877550125 -0.039672300220 0.052128165960 0.006612227764 0.997830212116
1403715536.262143135071 10.071916580200 -3.530808925629 3.956532239914 -0.043021239340 0.046790841967 0.000899253180 0.997977435589
1403715536.312143087387 10.255707740784 -3.565156936646 4.143095016479 -0.044060975313 0.043808285147 -0.005061403383 0.998055040836
1403715536.362143039703 10.449984550476 -3.601534128189 4.344014644623 -0.041908826679 0.040865447372 -0.012079660781 0.998212277889
1403715536.412143230438 10.632446289062 -3.639745473862 4.528551578522 -0.037481706589 0.039040591568 -0.021166428924 0.998310089111
1403715536.462142944336 10.803934097290 -3.683129787445 4.734255313873 -0.032253988087 0.038664575666 -0.030367208645 0.998269796371
1403715536.512143135071 11.025810241699 -3.803156614304 4.929845809937 -0.030296858400 0.035478141159 -0.038114786148 0.998183727264
1403715536.562143087387 11.170625686646 -3.845210552216 5.145650386810 -0.023682892323 0.035431928933 -0.044685930014 0.998091638088
1403715536.612143278122 11.292097091675 -3.904780149460 5.367890834808 -0.017623426393 0.036265086383 -0.049362272024 0.997966766357
1403715536.662142992020 11.425800323486 -3.982854604721 5.580615043640 -0.010739091784 0.035395815969 -0.052903592587 0.997914314270
1403715536.712143182755 11.496176719666 -4.024180412292 5.802211284637 -0.000285149232 0.036817144603 -0.055179573596 0.997797429562
1403715536.762143135071 11.646435737610 -4.116958618164 6.019579410553 0.011410908774 0.031593792140 -0.054919958115 0.997925579548
1403715536.812143087387 11.684875488281 -4.191059112549 6.223914623260 0.023022938520 0.031238297001 -0.056528374553 0.997646570206
1403715536.862143039703 11.748980522156 -4.252945899963 6.432271003723 0.034928463399 0.029233923182 -0.060375764966 0.997135996819
1403715536.912143230438 11.792094230652 -4.344974994659 6.623785495758 0.044523637742 0.028802558780 -0.065799623728 0.996422827244
1403715536.962142944336 11.816772460938 -4.413456916809 6.817081451416 0.055537033826 0.030532272533 -0.073513329029 0.995278477669
1403715537.012143135071 11.858125686646 -4.488267421722 7.009948253632 0.065660484135 0.030301088467 -0.081246435642 0.994067192078
1403715537.062143087387 11.839564323425 -4.571755409241 7.166619300842 0.077352970839 0.032157305628 -0.085691511631 0.992793738842
1403715537.112143278122 11.815151214600 -4.652683258057 7.311517238617 0.091297946870 0.033042974770 -0.089833408594 0.991212844849
1403715537.162142992020 11.783947944641 -4.730149745941 7.439489841461 0.106587491930 0.033155649900 -0.091960266232 0.989486277103
1403715537.212143182755 11.708687782288 -4.802273273468 7.549076080322 0.120675586164 0.033806398511 -0.092111438513 0.987830996513
1403715537.262143135071 11.630736351013 -4.856829166412 7.626644134521 0.133997961879 0.032472580671 -0.090032137930 0.986348986626
1403715537.312143087387 11.524207115173 -4.933905124664 7.683326244354 0.140386879444 0.027355620638 -0.077407754958 0.986687004566
1403715537.362143039703 11.404582023621 -4.988837242126 7.704823493958 0.139575943351 0.020426247269 -0.060998611152 0.988119661808
1403715537.412143230438 11.247008323669 -5.046407699585 7.712650775909 0.128180265427 0.015401347540 -0.044345214963 0.990639269352
1403715537.462142944336 11.113034248352 -5.072799682617 7.687901973724 0.112478770316 0.008426347747 -0.027565507218 0.993235945702
1403715537.512143135071 10.934871673584 -5.091217041016 7.643852710724 0.091198012233 0.004934758414 -0.013018486090 0.995735466480
1403715537.562143087387 10.779016494751 -5.111554145813 7.585460662842 0.068585738540 0.001214837539 -0.001463666093 0.997643411160
1403715537.612143278122 10.600069046021 -5.129533767700 7.507311820984 0.048669729382 -0.000213668463 0.008614305407 0.998777747154
1403715537.662142992020 10.445507049561 -5.133034706116 7.423396587372 0.035610742867 -0.001451181015 0.015481849201 0.999244749546
1403715537.712143182755 10.268847465515 -5.150313377380 7.338127136230 0.032989695668 -0.000635095465 0.021794291213 0.999217867851
1403715537.762143135071 10.137218475342 -5.176995277405 7.245684146881 0.037001986057 -0.000731367501 0.024891756475 0.999004840851
1403715537.812143087387 9.940994262695 -5.207794666290 7.152204036713 0.045526158065 0.001998307416 0.028678577393 0.998549401760
1403715537.862143039703 9.810355186462 -5.234460830688 7.044028759003 0.053003307432 0.003138381522 0.028754616156 0.998175323009
1403715537.912143230438 9.688161849976 -5.241384029388 6.934113979340 0.058336090297 0.002787619829 0.029924297705 0.997844517231
1403715537.962142944336 9.549068450928 -5.242179393768 6.815406799316 0.056714087725 0.004224216100 0.028581121936 0.997972369194
1403715538.012143135071 9.443392753601 -5.229472160339 6.683144092560 0.051668591797 0.001951437909 0.030684996396 0.998190879822
1403715538.062143087387 9.325130462646 -5.219874858856 6.557548522949 0.046883605421 0.002481307369 0.032425507903 0.998370885849
1403715538.112143278122 9.186660766602 -5.215481281281 6.417097091675 0.040173172951 0.003635419765 0.037170227617 0.998494505882
1403715538.162142992020 9.058509826660 -5.215229988098 6.272963047028 0.033683918417 0.006355337333 0.042675465345 0.998500764370
1403715538.212143182755 8.971899986267 -5.184608459473 6.130529403687 0.028562035412 0.009723110124 0.046435683966 0.998465538025
1403715538.262143135071 8.844358444214 -5.158496856689 5.996671199799 0.024764934555 0.017437942326 0.049611393362 0.998309254646
1403715538.312143087387 8.746667861938 -5.118411064148 5.867928981781 0.024079771712 0.025156371295 0.052729815245 0.998001456261
1403715538.362143039703 8.689328193665 -5.064477920532 5.716342449188 0.025455178693 0.032245352864 0.054937459528 0.997644305229
1403715538.412143230438 8.549498558044 -5.014108181000 5.604153633118 0.032980617136 0.046031061560 0.055953171104 0.996826291084
1403715538.462142944336 8.469847679138 -4.957200527191 5.467124462128 0.040943291038 0.058977317065 0.052336279303 0.996045291424
1403715538.512143135071 8.434908866882 -4.872605800629 5.309792518616 0.050972878933 0.070672541857 0.048807978630 0.995000004768
1403715538.562143087387 8.329508781433 -4.821972846985 5.159619331360 0.057307459414 0.086668051779 0.045193400234 0.993560314178
1403715538.612143278122 8.246933937073 -4.746303558350 5.009110450745 0.062157262117 0.100990980864 0.045119907707 0.991918087006
1403715538.662142992020 8.207633972168 -4.663935661316 4.823299884796 0.063150800765 0.113038003445 0.046729911119 0.990480065346
1403715538.712143182755 8.095890998840 -4.596516132355 4.652472019196 0.060306929052 0.129219308496 0.050770968199 0.988477528095
1403715538.762143135071 8.038954734802 -4.469333171844 4.467001438141 0.054738219827 0.143388479948 0.054490573704 0.986648023129
1403715538.812143087387 7.950889110565 -4.388084411621 4.284175872803 0.044075231999 0.159638598561 0.060885660350 0.984309852123
1403715538.862143039703 7.909102916718 -4.284771919250 4.068355560303 0.035025339574 0.175220951438 0.066307328641 0.981669068336
1403715538.912143230438 7.839863777161 -4.185968399048 3.876493453979 0.026846338063 0.192915365100 0.072488918900 0.978165805340
1403715538.962142944336 7.764808177948 -4.091879367828 3.692716121674 0.020397195593 0.212243705988 0.079468913376 0.973766565323
1403715539.012143135071 7.703495025635 -3.993416309357 3.484848260880 0.015863323584 0.231931596994 0.086331009865 0.968763709068
1403715539.062143087387 7.596822738647 -3.879467487335 3.298403024673 0.012470908463 0.253435492516 0.094173520803 0.962676644325
1403715539.112143278122 7.536558151245 -3.733836650848 3.116504669189 0.009851038456 0.273955464363 0.101617813110 0.956308126450
1403715539.162142992020 7.490736961365 -3.569787502289 2.922388315201 0.009125697426 0.293745428324 0.109872072935 0.949504315853
1403715539.212143182755 7.428819656372 -3.410006523132 2.730089664459 0.007376115769 0.313507288694 0.118600070477 0.942121446133
1403715539.262143135071 7.359294414520 -3.252990961075 2.545706510544 0.003581273835 0.332475662231 0.126708641648 0.934554457664
1403715539.312143087387 7.268038272858 -3.092597246170 2.381912708282 -0.002684956649 0.351737409830 0.134745016694 0.926346242428
1403715539.362143039703 7.179693222046 -2.880375146866 2.228139400482 -0.007020894904 0.368851572275 0.142457619309 0.918479740620
1403715539.412143230438 7.096551895142 -2.703571081161 2.048672437668 -0.012351160869 0.384519428015 0.148802503943 0.910961091518
1403715539.462142944336 7.016244888306 -2.507730007172 1.881772756577 -0.013149899431 0.398860126734 0.153613939881 0.903958261013
1403715539.512143135071 6.912621021271 -2.339703798294 1.734050273895 -0.014836011454 0.410738110542 0.159441322088 0.897581577301
1403715539.562143087387 6.852021217346 -2.191538810730 1.556006431580 -0.015124851838 0.417398214340 0.169305309653 0.892684519291
1403715539.612143278122 6.761269569397 -2.065895795822 1.396685600281 -0.013354939409 0.423981040716 0.178059756756 0.887894392014
1403715539.662142992020 6.698903560638 -1.963393568993 1.215248584747 -0.010658650659 0.428138166666 0.185114592314 0.884486675262
1403715539.712143182755 6.627603054047 -1.858801603317 1.050728559494 -0.005303981248 0.432842075825 0.189642891288 0.881280422211
1403715539.762143135071 6.557138442993 -1.784368753433 0.872095584869 -0.002810342005 0.436700403690 0.191445022821 0.878995895386
1403715539.812143087387 6.494891166687 -1.715955734253 0.687439203262 -0.000374801952 0.439135462046 0.191599220037 0.877752602100
1403715539.862143039703 6.436342239380 -1.650350809097 0.517287254333 -0.001835498493 0.440130919218 0.190510943532 0.877489030361
1403715539.912143230438 6.371197700500 -1.611767530441 0.327033281326 -0.007534232922 0.438381433487 0.192363739014 0.877930045128
1403715539.962142944336 6.320073604584 -1.595242261887 0.131193399429 -0.011537975632 0.434677273035 0.196930661798 0.878715455532
1403715540.012143135071 6.283758640289 -1.577397942543 -0.076514005661 -0.019459545612 0.430228710175 0.201379448175 0.879756212234
1403715540.062143087387 6.250554084778 -1.556403875351 -0.282938003540 -0.025794290006 0.424306511879 0.209593594074 0.880550503731
1403715540.112143278122 6.218724250793 -1.552525043488 -0.453636646271 -0.033677775413 0.419269174337 0.217481687665 0.880784213543
1403715540.162142992020 6.209506988525 -1.571067929268 -0.642249226570 -0.037634082139 0.413745611906 0.225310057402 0.881268262863
1403715540.212143182755 6.204899311066 -1.566567301750 -0.832240819931 -0.040056154132 0.410103946924 0.230022281408 0.881646215916
1403715540.262143135071 6.235020160675 -1.573126792908 -1.021818637848 -0.038454923779 0.408295959234 0.230640545487 0.882394850254
1403715540.312143087387 6.257496356964 -1.567214965820 -1.195446252823 -0.037566903979 0.408555418253 0.226650506258 0.883346319199
1403715540.362143039703 6.306348323822 -1.581442356110 -1.381180524826 -0.039413854480 0.410146445036 0.218941867352 0.884472131729
1403715540.412143230438 6.357308387756 -1.578700542450 -1.544067621231 -0.042334541678 0.411503881216 0.211563274264 0.885501742363
1403715540.462142944336 6.434323310852 -1.577978134155 -1.724251151085 -0.046044860035 0.412528842688 0.204828172922 0.886422753334
1403715540.512143135071 6.493984222412 -1.564207911491 -1.878285288811 -0.054679911584 0.414352774620 0.198426485062 0.886537611485
1403715540.562143087387 6.612977981567 -1.557733178139 -2.069724559784 -0.062594540417 0.413672298193 0.197459697723 0.886547684669
1403715540.612143278122 6.700224876404 -1.536231517792 -2.214846611023 -0.069584906101 0.414675027132 0.196087568998 0.885862469673
1403715540.662142992020 6.812343597412 -1.549607276917 -2.362865209579 -0.074880503118 0.413980722427 0.200559750199 0.884753465652
1403715540.712143182755 6.913574695587 -1.535269975662 -2.472416639328 -0.074457466602 0.413630485535 0.208367705345 0.883147120476
1403715540.762143135071 7.081576824188 -1.520771265030 -2.604521989822 -0.072819262743 0.411877810955 0.216213017702 0.882216513157
1403715540.812143087387 7.226204395294 -1.533820152283 -2.721225738525 -0.067279964685 0.412852346897 0.220260277390 0.881199061871
1403715540.862143039703 7.376348495483 -1.534245967865 -2.809216260910 -0.061298839748 0.415291875601 0.220892384648 0.880330443382
1403715540.912143230438 7.567517757416 -1.517400741577 -2.906111001968 -0.054040342569 0.416823476553 0.220665574074 0.880138993263
1403715540.962142944336 7.767340660095 -1.529054760933 -3.013557195663 -0.048823010176 0.418780982494 0.217383950949 0.880331218243
1403715541.012143135071 7.955581188202 -1.524672508240 -3.098797321320 -0.044662471861 0.421863377094 0.212452739477 0.880284309387
1403715541.062143087387 8.166397094727 -1.522505044937 -3.176072120667 -0.041704375297 0.423733949661 0.208268076181 0.880530893803
1403715541.112143278122 8.365585327148 -1.546470046043 -3.252639532089 -0.042580813169 0.425318688154 0.205140069127 0.880459308624
1403715541.162142992020 8.576495170593 -1.544016003609 -3.314712524414 -0.040004994720 0.425480574369 0.205554619431 0.880405187607
1403715541.212143182755 8.799949645996 -1.544638872147 -3.396384716034 -0.031378582120 0.423403471708 0.210941299796 0.880482077599
1403715541.262143135071 9.028532028198 -1.536409020424 -3.471585988998 -0.020147820935 0.422386378050 0.215306758881 0.880242466927
1403715541.312143087387 9.274725914001 -1.539312243462 -3.545320034027 -0.010795407929 0.423620194197 0.216377690434 0.879551053047
1403715541.362143039703 9.510780334473 -1.515113711357 -3.601014137268 -0.006081220694 0.427826792002 0.210760161281 0.878924012184
1403715541.412143230438 9.766187667847 -1.499186635017 -3.671850919724 -0.005134164821 0.431049615145 0.205704510212 0.878553092480
1403715541.462142944336 10.010416984558 -1.477611899376 -3.725262641907 -0.011948938482 0.434571295977 0.201339706779 0.877762675285
1403715541.512143135071 10.274211883545 -1.450283885002 -3.801946163177 -0.020654918626 0.435566693544 0.199657753110 0.877491831779
1403715541.562143087387 10.567973136902 -1.427103638649 -3.898354053497 -0.031250834465 0.435352832079 0.198950991035 0.877445042133
1403715541.612143278122 10.827469825745 -1.414452195168 -3.956237792969 -0.039129592478 0.435021013021 0.200133636594 0.877024590969
1403715541.662142992020 11.078454971313 -1.392283439636 -4.011827945709 -0.046160634607 0.436746209860 0.196769982576 0.876586318016
1403715541.712143182755 11.396803855896 -1.385886430740 -4.096591949463 -0.052824221551 0.437043696642 0.191807672381 0.877161443233
1403715541.762143135071 11.680480003357 -1.379445195198 -4.131147384644 -0.056349169463 0.441463232040 0.179544046521 0.877324879169
1403715541.812143087387 11.992203712463 -1.354373931885 -4.185449600220 -0.058363527060 0.445585936308 0.165331169963 0.877902388573
1403715541.862143039703 12.291236877441 -1.352871656418 -4.213899612427 -0.057824984193 0.449896365404 0.150423765182 0.878420293331
1403715541.912143230438 12.579620361328 -1.340456008911 -4.217865467072 -0.057554107159 0.453530341387 0.136625185609 0.878823876381
1403715541.962142944336 12.864496231079 -1.349001646042 -4.236542701721 -0.058226048946 0.454000085592 0.125440046191 0.880203664303
1403715542.012143135071 13.113287925720 -1.356970071793 -4.209953784943 -0.059599671513 0.454164355993 0.115132339299 0.881434738636
1403715542.062143087387 13.390246391296 -1.350329518318 -4.193436145782 -0.056630417705 0.451646268368 0.102319099009 0.884499549866
1403715542.112143278122 13.635813713074 -1.383652448654 -4.136267185211 -0.050785746425 0.447774767876 0.094213031232 0.887717545033
1403715542.162142992020 13.878667831421 -1.400003433228 -4.110156536102 -0.043202474713 0.441714048386 0.085390120745 0.892037451267
1403715542.212143182755 14.098603248596 -1.420909047127 -4.028631210327 -0.031267598271 0.434827506542 0.078222557902 0.896564900875
1403715542.262143135071 14.329094886780 -1.442096829414 -3.943749427795 -0.019101835787 0.425704598427 0.072195462883 0.901775181293
1403715542.312143087387 14.543687820435 -1.539113402367 -3.880694627762 -0.009131611325 0.412842273712 0.073319755495 0.907800674438
1403715542.362143039703 14.719682693481 -1.596822500229 -3.795056819916 0.002457382856 0.400473326445 0.072695083916 0.913416922092
1403715542.412143230438 14.896876335144 -1.672642946243 -3.716205596924 0.015086183324 0.384368300438 0.076273366809 0.919899880886
1403715542.462142944336 15.048980712891 -1.743876695633 -3.629425764084 0.030350860208 0.368918538094 0.080335967243 0.925485908985
1403715542.512143135071 15.176715850830 -1.794833898544 -3.534114837646 0.043703563511 0.354958832264 0.083425045013 0.930126070976
1403715542.562143087387 15.315578460693 -1.871664524078 -3.441131591797 0.050642069429 0.342857539654 0.086153477430 0.934056580067
1403715542.612143278122 15.438700675964 -1.924317717552 -3.364884853363 0.049929209054 0.331759929657 0.088991567492 0.937828898430
1403715542.662142992020 15.527050018311 -1.968410611153 -3.277088165283 0.046219289303 0.323379397392 0.090625718236 0.940785050392
1403715542.712143182755 15.604145050049 -2.008270740509 -3.195544004440 0.044491175562 0.316201478243 0.092282190919 0.943144261837
1403715542.762143135071 15.691036224365 -2.044877767563 -3.135961532593 0.040520451963 0.310102045536 0.092692211270 0.945305764675
1403715542.812143087387 15.766891479492 -2.079802989960 -3.066262722015 0.035109102726 0.305406630039 0.092695184052 0.947049021721
1403715542.862143039703 15.837754249573 -2.089936017990 -3.003341197968 0.030274122953 0.300851166248 0.094383381307 0.948506116867
1403715542.912143230438 15.903551101685 -2.108743190765 -2.925973415375 0.027079731226 0.296945571899 0.096700705588 0.949599385262
1403715542.962142944336 15.962852478027 -2.123465538025 -2.881467819214 0.025708217174 0.292402476072 0.102330192924 0.950456976891
1403715543.012143135071 16.009263992310 -2.138831138611 -2.820001125336 0.026035584509 0.289247393608 0.107679001987 0.950822472572
1403715543.062143087387 16.086462020874 -2.129822254181 -2.760284423828 0.028404831886 0.286213934422 0.111367866397 0.951247572899
1403715543.112143278122 16.123916625977 -2.123174190521 -2.712931394577 0.029712488875 0.284928262234 0.115387402475 0.951114535332
1403715543.162142992020 16.180061340332 -2.112207889557 -2.663738250732 0.031605362892 0.284542858601 0.116334401071 0.951053559780
1403715543.212143182755 16.211862564087 -2.099567413330 -2.614819765091 0.034731175750 0.285671353340 0.117915950716 0.950411200523
1403715543.262143135071 16.266386032104 -2.074139118195 -2.575137376785 0.039310269058 0.285684049129 0.119385123253 0.950045526028
1403715543.312143087387 16.311985015869 -2.040845870972 -2.552386522293 0.042272344232 0.285864025354 0.121236622334 0.949629664421
1403715543.362143039703 16.351537704468 -2.029764652252 -2.526780128479 0.041738599539 0.287280082703 0.121049411595 0.949249744415
1403715543.412143230438 16.388771057129 -2.000296592712 -2.509010791779 0.043132234365 0.289153099060 0.119881279767 0.948766887188
1403715543.462142944336 16.430889129639 -1.964703798294 -2.499601364136 0.042269255966 0.291214406490 0.116312794387 0.948619425297
1403715543.512143135071 16.457529067993 -1.933614253998 -2.499287366867 0.041246060282 0.294080913067 0.112719930708 0.948213815689
1403715543.562143087387 16.495756149292 -1.899026870728 -2.505827188492 0.043064821512 0.296135753393 0.108768485487 0.947954893112
1403715543.612143278122 16.513755798340 -1.862774610519 -2.510674238205 0.046941697598 0.298919707537 0.104566670954 0.947369694710
1403715543.662142992020 16.527885437012 -1.824441194534 -2.528088808060 0.051522430032 0.302447468042 0.097713068128 0.946743428707
1403715543.712143182755 16.543842315674 -1.787797808647 -2.559867382050 0.054140225053 0.307002991438 0.091229595244 0.945777595043
1403715543.762143135071 16.551097869873 -1.737788915634 -2.585242271423 0.055863581598 0.314969211817 0.082851126790 0.943827033043
1403715543.812143087387 16.536855697632 -1.680884003639 -2.610574245453 0.055932350457 0.325259983540 0.074422135949 0.941030800343
1403715543.862143039703 16.531270980835 -1.622844457626 -2.648398876190 0.053698450327 0.335442066193 0.068708837032 0.938016116619
1403715543.912143230438 16.495731353760 -1.559820055962 -2.688375234604 0.050219818950 0.347949028015 0.064626425505 0.933934092522
1403715543.962142944336 16.447090148926 -1.481369495392 -2.735006570816 0.045208703727 0.361235648394 0.062977477908 0.929246366024
1403715544.012143135071 16.403184890747 -1.409851312637 -2.787271499634 0.038667183369 0.374750703573 0.062560901046 0.924203932285
1403715544.062143087387 16.333339691162 -1.332940578461 -2.831126213074 0.032325968146 0.390089571476 0.064729355276 0.917929887772
1403715544.112143278122 16.264717102051 -1.244168281555 -2.879522085190 0.027778796852 0.403229147196 0.076589614153 0.911465108395
1403715544.162142992020 16.143497467041 -1.153522610664 -2.913150072098 0.023722812533 0.419041961432 0.091163322330 0.903067171574
1403715544.212143182755 16.048156738281 -1.062844872475 -2.954819679260 0.019843278453 0.434482872486 0.107679016888 0.894000053406
1403715544.262143135071 15.917881965637 -0.940135359764 -2.978190183640 0.017542552203 0.452942490578 0.122035630047 0.882973790169
1403715544.312143087387 15.800374984741 -0.801460027695 -3.009829998016 0.015933793038 0.470531940460 0.137970402837 0.871383965015
1403715544.362143039703 15.668353080750 -0.687230587006 -3.027207374573 0.013167141937 0.488944530487 0.154803112149 0.858368158340
1403715544.412143230438 15.548908233643 -0.533972501755 -3.063133716583 0.012714317068 0.505224168301 0.170631632209 0.845855653286
1403715544.462142944336 15.432795524597 -0.378209829330 -3.088170528412 0.012886128388 0.521566987038 0.184181138873 0.832994103432
1403715544.512143135071 15.284862518311 -0.266440153122 -3.097297191620 0.010559796356 0.538597583771 0.195491254330 0.819502532482
1403715544.562143087387 15.130928993225 -0.082012653351 -3.108078002930 0.012870339677 0.553671538830 0.203150287271 0.807472765446
1403715544.612143278122 14.966325759888 0.067842245102 -3.132328510284 0.014105890878 0.566375792027 0.208682805300 0.797164261341
1403715544.662142992020 14.836053848267 0.107453823090 -3.167465209961 0.009942058474 0.575913906097 0.216120749712 0.788362920284
1403715544.712143182755 14.690000534058 0.201231479645 -3.203163146973 0.011925037950 0.584876418114 0.214883640409 0.782050132751
1403715544.762143135071 14.522739410400 0.259688377380 -3.245668888092 0.015003362671 0.592380642891 0.212531819940 0.776975095272
1403715544.812143087387 14.364057540894 0.272800683975 -3.303894042969 0.016343740746 0.597518026829 0.210777252913 0.773484349251
1403715544.862143039703 14.185979843140 0.282577037811 -3.369123935699 0.017883285880 0.601108372211 0.208525002003 0.771275699139
1403715544.912143230438 14.007836341858 0.269930124283 -3.444309711456 0.017179042101 0.602185189724 0.208691045642 0.770406365395
1403715544.962142944336 13.789388656616 0.359140872955 -3.521983623505 0.018802786246 0.602238595486 0.207197517157 0.770729660988
1403715545.012143135071 13.579956054688 0.331424236298 -3.581102848053 0.013462045230 0.603069603443 0.209558680654 0.769552469254
1403715545.062143087387 13.392634391785 0.348957300186 -3.668970584869 0.011383056641 0.603268861771 0.211643218994 0.768859088421
1403715545.112143278122 13.184861183167 0.303843021393 -3.723529815674 0.006525258068 0.606261789799 0.214469194412 0.765772163868
1403715545.162142992020 12.990345001221 0.276085138321 -3.777611255646 0.001929826336 0.610111296177 0.217570990324 0.761855244637
1403715545.212143182755 12.770412445068 0.265300750732 -3.845044136047 -0.000388058805 0.614623308182 0.221195623279 0.757172703743
1403715545.262143135071 12.576021194458 0.281598091125 -3.904495239258 -0.003565827385 0.619460642338 0.224573418498 0.752211809158
1403715545.312143087387 12.368114471436 0.300310611725 -3.959856510162 -0.005430923309 0.624891936779 0.228549703956 0.746488869190
1403715545.362143039703 12.166959762573 0.324529170990 -4.011024475098 -0.005208153743 0.629450738430 0.233668386936 0.741055905819
1403715545.412143230438 11.953762054443 0.386891365051 -4.063970088959 0.000651231443 0.632580041885 0.239412605762 0.736562073231
1403715545.462142944336 11.754355430603 0.407111167908 -4.115920543671 0.006093692500 0.634049355984 0.248147144914 0.732370972633
1403715545.512143135071 11.526807785034 0.426516294479 -4.166583538055 0.012664762326 0.635288596153 0.257037311792 0.728134512901
1403715545.562143087387 11.318832397461 0.443907737732 -4.225669860840 0.018293101341 0.635875761509 0.264608412981 0.724782645702
1403715545.612143278122 11.121587753296 0.449166774750 -4.283663749695 0.023724114522 0.636192679405 0.271365463734 0.721842646599
1403715545.662142992020 10.913352966309 0.462413787842 -4.366006374359 0.027876168489 0.635896325111 0.276114612818 0.720152437687
1403715545.712143182755 10.716473579407 0.470286130905 -4.437698841095 0.029956022277 0.635159134865 0.278364479542 0.719853281975
1403715545.762143135071 10.505353927612 0.481125116348 -4.521993637085 0.029128337279 0.634213268757 0.278477162123 0.720677137375
1403715545.812143087387 10.310435295105 0.495042800903 -4.605798244476 0.026604674757 0.632662534714 0.276914477348 0.722737014294
1403715545.862143039703 10.102499008179 0.525340318680 -4.696034431458 0.024902176112 0.630263864994 0.272541284561 0.726545631886
1403715545.912143230438 9.890928268433 0.531323671341 -4.796440124512 0.019630830735 0.626787483692 0.266485542059 0.731940925121
1403715545.962142944336 9.668783187866 0.545766353607 -4.891732692719 0.014609620906 0.622529268265 0.258003622293 0.738700211048
1403715546.012143135071 9.448925018311 0.579796314240 -5.006999015808 0.009885478765 0.615575969219 0.249588400126 0.747445166111
1403715546.062143087387 9.242253303528 0.616752147675 -5.117331504822 0.006179242861 0.606742203236 0.239562660456 0.757915198803
1403715546.112143278122 9.034774780273 0.642178058624 -5.231163024902 0.003223188221 0.595373213291 0.230761438608 0.769590497017
1403715546.162142992020 8.848173141479 0.677884340286 -5.340520381927 0.003018858377 0.581084012985 0.223480537534 0.782552719116
1403715546.212143182755 8.642359733582 0.694005131721 -5.448974132538 0.001468533068 0.565766692162 0.215456038713 0.795917451382
1403715546.262143135071 8.417568206787 0.705153703690 -5.547935485840 0.001021587872 0.548827707767 0.208602562547 0.809488773346
1403715546.312143087387 8.213016510010 0.718661487103 -5.656767845154 0.001105197705 0.529988229275 0.202886983752 0.823375999928
1403715546.362143039703 8.009348869324 0.736932277679 -5.770047664642 0.001761005842 0.510618448257 0.195659458637 0.837247312069
1403715546.412143230438 7.800842761993 0.748829722404 -5.878113746643 0.000754263136 0.490739077330 0.189527735114 0.850443303585
1403715546.462142944336 7.599326610565 0.751141309738 -5.978655815125 0.000560283021 0.470205515623 0.182838812470 0.863409757614
1403715546.512143135071 7.391371726990 0.759447991848 -6.096141815186 -0.000205420976 0.449239373207 0.176308482885 0.875842034817
1403715546.562143087387 7.187430381775 0.769223093987 -6.202601432800 -0.000217313631 0.427978307009 0.168493300676 0.887943983078
1403715546.612143278122 6.992759704590 0.763649046421 -6.324951648712 -0.003143218346 0.406422048807 0.160182535648 0.899529218674
1403715546.662142992020 6.782119750977 0.783304929733 -6.436242103577 -0.007498414721 0.384763032198 0.151185646653 0.910518586636
1403715546.712143182755 6.589406967163 0.772583186626 -6.548926830292 -0.014456530102 0.361851632595 0.143700584769 0.920980215073
1403715546.762143135071 6.388979911804 0.784060239792 -6.623719215393 -0.025012083352 0.339590996504 0.136505097151 0.930278837681
1403715546.812143087387 6.184465408325 0.791967749596 -6.741533279419 -0.035391461104 0.315028399229 0.131977811456 0.939194560051
1403715546.862143039703 6.012340068817 0.812658667564 -6.837818622589 -0.042096409947 0.290954262018 0.127368420362 0.947286009789
1403715546.912143230438 5.848472595215 0.825364947319 -6.933057785034 -0.045419182628 0.267320483923 0.122470095754 0.954713523388
1403715546.962142944336 5.655069351196 0.808787107468 -7.020105361938 -0.050084374845 0.246641501784 0.111210934818 0.961400926113
1403715547.012143135071 5.492809772491 0.802629530430 -7.058568000793 -0.053104396909 0.227399393916 0.096866101027 0.967515587807
1403715547.062143087387 5.347278118134 0.797226846218 -7.163249015808 -0.055353429168 0.206390663981 0.084505707026 0.973240852356
1403715547.112143278122 5.190717220306 0.805271387100 -7.197244167328 -0.056136898696 0.186605840921 0.072421416640 0.978152394295
1403715547.162142992020 5.038545608521 0.794156908989 -7.252755165100 -0.056468084455 0.166307717562 0.060564592481 0.982590973377
1403715547.212143182755 4.876342296600 0.777325153351 -7.270150184631 -0.056443542242 0.146655246615 0.049301143736 0.986344695091
1403715547.262143135071 4.693322658539 0.731398701668 -7.329020500183 -0.056832570583 0.127551108599 0.037781972438 0.989481329918
1403715547.312143087387 4.589766979218 0.719103395939 -7.355890274048 -0.056061252952 0.107210054994 0.027246324345 0.992280602455
1403715547.362143039703 4.424434185028 0.693112552166 -7.372146606445 -0.056895256042 0.089597724378 0.017899001017 0.994190573692
1403715547.412143230438 4.288954257965 0.682327508926 -7.340403556824 -0.059144765139 0.072032727301 0.010302157141 0.995593845844
1403715547.462142944336 4.147919654846 0.673715472221 -7.302392005920 -0.062589362264 0.054744232446 0.004091522656 0.996528446674
1403715547.512143135071 4.013447761536 0.646794080734 -7.280617713928 -0.065973475575 0.036302234977 -0.001571732340 0.997159600258
1403715547.562143087387 3.808130025864 0.592773377895 -7.248144626617 -0.069540590048 0.019340256229 -0.008692050353 0.997353792191
1403715547.612143278122 3.668672800064 0.583175003529 -7.167170524597 -0.070161931217 0.000733292196 -0.016976300627 0.997390925884
1403715547.662142992020 3.505249977112 0.525047898293 -7.136334896088 -0.072346627712 -0.017679361627 -0.026124112308 0.996880650520
1403715547.712143182755 3.358989238739 0.519470036030 -7.004194736481 -0.072078384459 -0.035317901522 -0.035753473639 0.996132075787
1403715547.762143135071 3.197348594666 0.471750587225 -6.895498275757 -0.072146460414 -0.053248081356 -0.044403016567 0.994981348515
1403715547.812143087387 3.073308706284 0.456665694714 -6.766369342804 -0.070812053978 -0.071879260242 -0.052602473646 0.993504881859
1403715547.862143039703 2.904735326767 0.378776311874 -6.711304187775 -0.070698656142 -0.090883709490 -0.060195840895 0.991523265839
1403715547.912143230438 2.806478500366 0.351354986429 -6.594519615173 -0.064815834165 -0.109400801361 -0.067355133593 0.989592671394
1403715547.962142944336 2.632224559784 0.273380041122 -6.433245182037 -0.057990942150 -0.126098200679 -0.071465209126 0.987739384174
1403715548.012143135071 2.447157382965 0.226427778602 -6.253866195679 -0.047949988395 -0.141138657928 -0.072556458414 0.986162364483
1403715548.062143087387 2.282851696014 0.150200560689 -6.084614753723 -0.036132015288 -0.153073847294 -0.074447609484 0.984743833542
1403715548.112143278122 2.072514772415 0.088486701250 -5.900160789490 -0.022594500333 -0.162118300796 -0.076993569732 0.983503520489
1403715548.162142992020 1.938450217247 0.064341261983 -5.712809085846 -0.010086939670 -0.170695513487 -0.078499898314 0.982140064240
1403715548.212143182755 1.733523130417 0.003710865974 -5.547455310822 0.000290840311 -0.174618437886 -0.079952269793 0.981384694576
1403715548.262143135071 1.469094395638 -0.133915677667 -5.329661846161 0.006425829604 -0.176277592778 -0.083770073950 0.980748414993
1403715548.312143087387 1.300417184830 -0.150388494134 -5.144207477570 0.014572225511 -0.179563030601 -0.084762811661 0.979979634285
1403715548.362143039703 1.091718912125 -0.208586543798 -4.982845306396 0.017323877662 -0.180006116629 -0.084757559001 0.979853987694
1403715548.412143230438 0.966407179832 -0.207655742764 -4.794283390045 0.021294988692 -0.181716710329 -0.085532397032 0.979392528534
1403715548.462142944336 0.614162683487 -0.421040773392 -4.648990631104 0.015124003403 -0.177351385355 -0.085457719862 0.980313599110
1403715548.512143135071 0.257319599390 -0.437360644341 -4.450592517853 0.014748060144 -0.172575801611 -0.083464436233 0.981342852116
1403715548.562143087387 0.012775354087 -0.631539762020 -4.268974304199 0.008339326829 -0.171922609210 -0.080295421183 0.981797218323
1403715548.612143278122 -0.181226074696 -0.700380563736 -4.081524372101 0.005432993639 -0.172392040491 -0.076825790107 0.982012867928
1403715548.662142992020 -0.422399401665 -0.731688439846 -3.903628826141 0.004533831496 -0.170878499746 -0.072732068598 0.982593536377
1403715548.712143182755 -0.707697749138 -0.708848476410 -3.739537000656 0.005871827714 -0.167458370328 -0.068990491331 0.983444750309
1403715548.762143135071 -0.934324383736 -0.787198901176 -3.564582824707 0.004626485519 -0.166390612721 -0.066192522645 0.983824849129
1403715548.812143087387 -1.168390035629 -0.807034611702 -3.379552364349 0.003964109346 -0.164682969451 -0.063193649054 0.984312176704
1403715548.862143039703 -1.360961437225 -0.874072372913 -3.205494642258 0.003189627547 -0.163789540529 -0.061844047159 0.984549701214
1403715548.912143230438 -1.617572307587 -0.875977694988 -3.035865783691 0.004986282438 -0.161323845387 -0.059243235737 0.985109150410
1403715548.962142944336 -1.900257349014 -0.917982101440 -2.856846809387 0.005261533894 -0.159930318594 -0.058702465147 0.985367298126
1403715549.012143135071 -2.124878883362 -0.947895407677 -2.701962232590 0.006358713377 -0.161944180727 -0.058749035001 0.985029041767
1403715549.062143087387 -2.340712308884 -0.992021739483 -2.529033184052 0.008433762938 -0.166424885392 -0.059778172523 0.984204351902
1403715549.112143278122 -2.585201263428 -1.023619294167 -2.373543739319 0.013493434526 -0.171376273036 -0.059194970876 0.983333170414
1403715549.162142992020 -2.829550504684 -1.080764532089 -2.210372447968 0.019993495196 -0.176161944866 -0.060671184212 0.982286274433
1403715549.212143182755 -3.009974002838 -1.062678217888 -2.058674097061 0.030091121793 -0.182292833924 -0.060899753124 0.980895042419
1403715549.262143135071 -3.287165880203 -1.109011292458 -1.889557361603 0.038198407739 -0.185611844063 -0.060512077063 0.980013966560
1403715549.312143087387 -3.487041950226 -1.125315427780 -1.759867787361 0.046016115695 -0.190580114722 -0.060653574765 0.978714942932
1403715549.362143039703 -3.733073949814 -1.180514812469 -1.618972063065 0.048667937517 -0.195698797703 -0.055513162166 0.977881252766
1403715549.412143230438 -3.951962471008 -1.217699885368 -1.498801469803 0.047748379409 -0.200953066349 -0.049004424363 0.977208554745
1403715549.462142944336 -4.166087627411 -1.253845810890 -1.370589017868 0.043683081865 -0.206710606813 -0.042627736926 0.976496517658
1403715549.512143135071 -4.344484806061 -1.275132775307 -1.266850590706 0.038763072342 -0.212309092283 -0.037879541516 0.975698411465
1403715549.562143087387 -4.570240974426 -1.324768900871 -1.148058176041 0.028152676299 -0.215067192912 -0.034733053297 0.975575268269
1403715549.612143278122 -4.730928421021 -1.330246090889 -1.037925004959 0.020890086889 -0.218670904636 -0.028672860935 0.975153625011
1403715549.662142992020 -4.900485038757 -1.331485867500 -0.927291810513 0.012640965171 -0.219049632549 -0.023262213916 0.975354492664
1403715549.712143182755 -5.040782928467 -1.353758811951 -0.817015290260 0.007662425749 -0.217629596591 -0.016129435971 0.975868105888
1403715549.762143135071 -5.198225021362 -1.351640462875 -0.695267617702 0.007085803896 -0.212692528963 -0.008033237420 0.977060496807
1403715549.812143087387 -5.327819347382 -1.438884496689 -0.584300875664 0.004492195789 -0.205898717046 -0.001469830517 0.978561878204
1403715549.862143039703 -5.459443569183 -1.467520356178 -0.462815344334 0.005606918130 -0.196482345462 0.006647446658 0.980468809605
1403715549.912143230438 -5.556204319000 -1.495384693146 -0.341350018978 0.005018866621 -0.187374919653 0.017230512574 0.982124507427
1403715549.962142944336 -5.655349254608 -1.535400509834 -0.210794389248 0.003697630716 -0.176286563277 0.029904754832 0.983877599239
1403715550.012143135071 -5.724227428436 -1.563431262970 -0.089163407683 0.001929647056 -0.163472399116 0.043211877346 0.985599219799
1403715550.062143087387 -5.784904479980 -1.600587487221 0.044029142708 -0.001663723029 -0.147936820984 0.053754702210 0.987533509731
1403715550.112143278122 -5.830689907074 -1.645837426186 0.181588500738 -0.004910654388 -0.128597617149 0.059441640973 0.989901602268
1403715550.162142992020 -5.827493190765 -1.683413267136 0.307068794966 -0.006574328523 -0.109639182687 0.061348300427 0.992054641247
1403715550.212143182755 -5.841271877289 -1.774557352066 0.428882569075 -0.009742460214 -0.088316582143 0.061925258487 0.994117975235
1403715550.262143135071 -5.821185588837 -1.819518566132 0.554717838764 -0.010364013724 -0.068634800613 0.062478132546 0.995629668236
1403715550.312143087387 -5.772050857544 -1.909116506577 0.685318827629 -0.012637071311 -0.048884976655 0.063926480711 0.996676504612
1403715550.362143039703 -5.703998565674 -1.999709248543 0.796062707901 -0.011567026377 -0.030303314328 0.065227225423 0.997343182564
1403715550.412143230438 -5.650424480438 -2.113804101944 0.929770529270 -0.010175609030 -0.009064583108 0.065779656172 0.997741103172
1403715550.462142944336 -5.541173458099 -2.211180925369 1.034258246422 -0.007351642009 0.010061451234 0.066156730056 0.997731447220
1403715550.512143135071 -5.473839282990 -2.345758438110 1.167473912239 -0.006452745758 0.031774070114 0.066981874406 0.997227251530
1403715550.562143087387 -5.375468254089 -2.450631141663 1.291985154152 -0.005521744490 0.051069729030 0.070343554020 0.996199369431
1403715550.612143278122 -5.282303333282 -2.533223152161 1.427807092667 -0.003860800061 0.070680744946 0.076010242105 0.994591295719
1403715550.662142992020 -5.179031848907 -2.637799024582 1.545827984810 -0.003187846858 0.088810004294 0.085856288671 0.992336332798
1403715550.712143182755 -5.065956592560 -2.729930162430 1.682905554771 -0.002485906240 0.106948375702 0.096839696169 0.989534199238
1403715550.762143135071 -4.966836452484 -2.788039445877 1.822030663490 -0.000823470706 0.123729869723 0.109108068049 0.986298978329
1403715550.812143087387 -4.844925403595 -2.852512359619 1.964681029320 0.000109861176 0.139464944601 0.123504199088 0.982494890690
1403715550.862143039703 -4.724042415619 -2.914380073547 2.120323419571 0.000368491659 0.156607866287 0.137151226401 0.978091716766
1403715550.912143230438 -4.562917709351 -2.915593147278 2.229971408844 0.003179868450 0.169902831316 0.150628462434 0.973875761032
1403715550.962142944336 -4.441996097565 -2.943908691406 2.386128187180 0.004438220989 0.187946662307 0.161269009113 0.968838870525
1403715551.012143135071 -4.281596183777 -2.979979753494 2.524095773697 0.004258518107 0.205384925008 0.169878035784 0.963815510273
1403715551.062143087387 -4.101813793182 -2.996068239212 2.655917644501 0.005274319556 0.224539339542 0.173086717725 0.958955287933
1403715551.112143278122 -3.920083045959 -3.032953262329 2.776170015335 0.006153806578 0.243922948837 0.176215395331 0.953630864620
1403715551.162142992020 -3.715013980865 -3.100567102432 2.876369714737 0.005404299591 0.263649880886 0.178171798587 0.948005497456
1403715551.212143182755 -3.495344161987 -3.148186922073 2.954593658447 0.007101842202 0.279691129923 0.184651687741 0.942139208317
1403715551.262143135071 -3.263413429260 -3.203927516937 3.030304193497 0.010904525407 0.296760916710 0.192645028234 0.935254991055
1403715551.312143087387 -3.041132688522 -3.275607824326 3.118899345398 0.012997979298 0.314101785421 0.201952010393 0.927570223808
1403715551.362143039703 -2.773269176483 -3.329171419144 3.157757520676 0.015795169398 0.329087525606 0.212166205049 0.920020341873
1403715551.412143230438 -2.502698898315 -3.368746042252 3.215935945511 0.019621441141 0.345381915569 0.221819728613 0.911659121513
1403715551.462142944336 -2.246745586395 -3.437552690506 3.261062145233 0.021929873154 0.363322407007 0.228495135903 0.902942895889
1403715551.512143135071 -1.949461102486 -3.454596996307 3.290107965469 0.026342127472 0.380367547274 0.234993010759 0.894094526768
1403715551.562143087387 -1.661800384521 -3.479675054550 3.305792093277 0.029852213338 0.399188756943 0.236949071288 0.885218858719
1403715551.612143278122 -1.381379127502 -3.541735172272 3.315152406693 0.029726576060 0.418802648783 0.235964268446 0.876379787922
1403715551.662142992020 -1.053818702698 -3.571693420410 3.333597421646 0.032697658986 0.441043794155 0.231537222862 0.866488158703
1403715551.712143182755 -0.756026268005 -3.569865703583 3.296931028366 0.037372998893 0.461252808571 0.226395502687 0.857084751129
1403715551.762143135071 -0.478952169418 -3.673473119736 3.265284061432 0.039039403200 0.482005745173 0.224305316806 0.846069455147
1403715551.812143087387 -0.152902841568 -3.675396203995 3.177917003632 0.046649437398 0.498462021351 0.224396705627 0.836065590382
1403715551.862143039703 0.165907621384 -3.659780502319 3.191234111786 0.054476805031 0.517616212368 0.223520755768 0.824102044106
1403715551.912143230438 0.455299854279 -3.623495817184 3.072759151459 0.064905829728 0.532627940178 0.222818255424 0.813908398151
1403715551.962142944336 0.750638365746 -3.669902801514 3.017008781433 0.069887593389 0.551281630993 0.221833825111 0.801245391369
1403715552.012143135071 1.015962839127 -3.683533668518 2.936603069305 0.070844061673 0.569641947746 0.218883976340 0.789036750793
1403715552.062143087387 1.267916202545 -3.686944007874 2.875731229782 0.064671054482 0.588319182396 0.214942961931 0.776851177216
1403715552.112143278122 1.525806665421 -3.663539409637 2.791362762451 0.061682701111 0.603599846363 0.216184496880 0.764935791492
1403715552.162142992020 1.748335599899 -3.649533510208 2.678597927094 0.056658711284 0.618361175060 0.217307433486 0.753124654293
1403715552.212143182755 1.975370407104 -3.636129617691 2.577984333038 0.055307414383 0.633796572685 0.216811746359 0.740429401398
1403715552.262143135071 2.193986415863 -3.616259574890 2.482056856155 0.054524477571 0.650280714035 0.213528111577 0.727026700974
1403715552.312143087387 2.419944286346 -3.591435909271 2.333860635757 0.056571826339 0.665283679962 0.211413085461 0.713793933392
1403715552.362143039703 2.592383384705 -3.541328668594 2.287224292755 0.057956032455 0.682109892368 0.209871232510 0.698083996773
1403715552.412143230438 2.753148555756 -3.519015073776 2.111919164658 0.056413803250 0.696383774281 0.210963308811 0.683638513088
1403715552.462142944336 2.932623624802 -3.504964828491 1.992147684097 0.055199339986 0.711595177650 0.213335379958 0.667138159275
1403715552.512143135071 3.066894054413 -3.505885601044 1.849417686462 0.055570978671 0.725742936134 0.216955006123 0.650491893291
1403715552.562143087387 3.178714275360 -3.454154968262 1.773892641068 0.058775316924 0.740675210953 0.220163613558 0.632039308548
1403715552.612143278122 3.271235466003 -3.464900970459 1.651591777802 0.061787683517 0.754787266254 0.224642932415 0.613199830055
1403715552.662142992020 3.358604669571 -3.431552648544 1.553387403488 0.067219249904 0.768478870392 0.230745419860 0.593024849892
1403715552.712143182755 3.439239025116 -3.404706478119 1.420269727707 0.070576608181 0.781197905540 0.238496750593 0.572597742081
1403715552.762143135071 3.476146697998 -3.372160434723 1.307931661606 0.072601534426 0.793886661530 0.246944963932 0.550900340080
1403715552.812143087387 3.503696441650 -3.356920480728 1.215300083160 0.073943875730 0.806421816349 0.255250275135 0.528264582157
1403715552.862143039703 3.512678384781 -3.302661180496 1.077898025513 0.074794605374 0.817563235760 0.264388442039 0.506058156490
1403715552.912143230438 3.490254878998 -3.275588035583 0.981265306473 0.076858162880 0.827749729156 0.275334596634 0.482818841934
1403715552.962142944336 3.459680080414 -3.235337972641 0.832634925842 0.079671159387 0.835330307484 0.288462400436 0.461156427860
1403715553.012143135071 3.419775724411 -3.195343255997 0.730646371841 0.083527483046 0.843182504177 0.300567179918 0.437865018845
1403715553.062143087387 3.347469329834 -3.129823923111 0.614991188049 0.088197566569 0.850648760796 0.310569584370 0.414927035570
1403715553.112143278122 3.257618188858 -3.130629539490 0.495310306549 0.088875293732 0.858345746994 0.319300204515 0.391651839018
1403715553.162142992020 3.134319305420 -3.055040597916 0.360396862030 0.088379919529 0.867101192474 0.321578472853 0.370015949011
1403715553.212143182755 3.008778810501 -3.005178689957 0.213997602463 0.088131599128 0.875959277153 0.322487980127 0.347749412060
1403715553.262143135071 2.889073610306 -2.933754444122 0.095576286316 0.090772621334 0.884852647781 0.320994228125 0.325205802917
1403715553.312143087387 2.738370418549 -2.876689195633 -0.025546789169 0.091459982097 0.894105672836 0.316839039326 0.303023427725
1403715553.362143039703 2.587819576263 -2.818412065506 -0.168106555939 0.090303331614 0.904696226120 0.308360904455 0.279792100191
1403715553.412143230438 2.401169776917 -2.757164478302 -0.295997381210 0.085984557867 0.914957225323 0.298589169979 0.257496476173
1403715553.462142944336 2.234057664871 -2.722744941711 -0.416858792305 0.076743654907 0.926157712936 0.286073684692 0.233461335301
1403715553.512143135071 2.028815269470 -2.638111352921 -0.521297216415 0.069249175489 0.935951828957 0.273663669825 0.210492327809
1403715553.562143087387 1.674019455910 -2.547768115997 -0.727993905544 0.061978779733 0.942697525024 0.264942139387 0.193095043302
1403715553.612143278122 1.436334848404 -2.488010883331 -0.806734502316 0.053222361952 0.948685646057 0.259326070547 0.172953531146
1403715553.662142992020 1.168131828308 -2.393661975861 -0.925458073616 0.043946150690 0.952923655510 0.255611032248 0.157061412930
1403715553.712143182755 0.900100171566 -2.336375713348 -0.996195614338 0.036073110998 0.954664707184 0.258285343647 0.143536508083
1403715553.762143135071 0.639814734459 -2.263971567154 -1.008215904236 0.024606965482 0.954065382481 0.267914503813 0.131816744804
1403715553.812143087387 0.355099201202 -2.192148447037 -1.036955952644 0.014148163609 0.951175212860 0.282603859901 0.123290665448
1403715553.862143039703 0.055437929928 -2.136331796646 -1.036880850792 0.002580437809 0.947811841965 0.296703457832 0.116675369442
1403715553.912143230438 -0.251188695431 -2.114950418472 -1.056527972221 -0.007861493155 0.943884432316 0.310516685247 0.112248763442
1403715553.962142944336 -0.551218986511 -2.080201148987 -1.055560588837 -0.015310361981 0.939332723618 0.324854284525 0.109037980437
1403715554.012143135071 -0.865676403046 -2.080056667328 -1.073226451874 -0.019371293485 0.933267116547 0.342244446278 0.107266046107
1403715554.062143087387 -1.157345056534 -2.026715517044 -1.074012756348 -0.021317094564 0.926972985268 0.359008401632 0.106675207615
1403715554.112143278122 -1.432261705399 -1.993965625763 -1.073056459427 -0.023291671649 0.919887244701 0.376859396696 0.106027871370
1403715554.162142992020 -1.766463279724 -1.971643686295 -1.086767911911 -0.026389721781 0.912392675877 0.394090265036 0.107406035066
1403715554.212143182755 -2.050482034683 -1.934123992920 -1.092670798302 -0.027357945219 0.906614005566 0.406981855631 0.108020566404
1403715554.262143135071 -2.306877851486 -1.910539627075 -1.105148315430 -0.030883383006 0.901740729809 0.417372763157 0.108212515712
1403715554.312143087387 -2.576162815094 -1.870995283127 -1.144828796387 -0.037729129195 0.897919714451 0.424675732851 0.109395198524
1403715554.362143039703 -2.824431657791 -1.826189517975 -1.182088136673 -0.050362695009 0.896203398705 0.426363915205 0.111789435148
1403715554.412143230438 -3.079136133194 -1.753324389458 -1.251197814941 -0.069519072771 0.897055327892 0.420465469360 0.116908773780
1403715554.462142944336 -3.333029270172 -1.714807510376 -1.327063441277 -0.101759001613 0.901280879974 0.402150034904 0.124952964485
1403715554.512143135071 -3.545715808868 -1.618449807167 -1.398951411247 -0.136110275984 0.905575990677 0.378407090902 0.134960308671
1403715554.562143087387 -3.749592304230 -1.501566529274 -1.483808159828 -0.170891314745 0.908307313919 0.353614538908 0.143981873989
1403715554.612143278122 -3.895874500275 -1.388047933578 -1.567801117897 -0.203814342618 0.910003185272 0.327892690897 0.151129975915
1403715554.662142992020 -4.035644054413 -1.269888877869 -1.635915875435 -0.230160340667 0.910071849823 0.306857079268 0.156952664256
1403715554.712143182755 -4.155612945557 -1.161821842194 -1.692338466644 -0.249935656786 0.909645318985 0.289853781462 0.161438226700
1403715554.762143135071 -4.203775405884 -1.048359036446 -1.723211646080 -0.264421761036 0.909561336040 0.275506287813 0.163937851787
1403715554.812143087387 -4.200401782990 -0.938122987747 -1.737858295441 -0.275976449251 0.910216271877 0.260420411825 0.165905579925
1403715554.862143039703 -4.134593009949 -0.870443105698 -1.727575421333 -0.276102483273 0.912864089012 0.249915719032 0.167298257351
1403715554.912143230438 -4.002182483673 -0.805755376816 -1.713375091553 -0.270192474127 0.916579544544 0.242505997419 0.167537823319
1403715554.962142944336 -3.804851531982 -0.798721075058 -1.656813144684 -0.258475780487 0.922225534916 0.234452202916 0.166500851512
1403715555.012143135071 -3.554287195206 -0.834325730801 -1.573957085609 -0.232025653124 0.928887963295 0.237717613578 0.163773015141
1403715555.062143087387 -3.269911289215 -0.902313828468 -1.477280497551 -0.194104507565 0.934625804424 0.250911355019 0.160753101110
1403715555.112143278122 -2.924412488937 -1.033369183540 -1.325797557831 -0.148104697466 0.938171982765 0.271112859249 0.156192705035
1403715555.162142992020 -2.567829608917 -1.147595286369 -1.171537995338 -0.100385136902 0.938004732132 0.294884681702 0.152029559016
1403715555.212143182755 -2.211175441742 -1.326411366463 -1.032743930817 -0.054152950644 0.934210896492 0.319409430027 0.149315387011
1403715555.262143135071 -1.878186464310 -1.422034621239 -0.907151758671 -0.001049113227 0.926627337933 0.345779508352 0.147638633847
1403715555.312143087387 -1.507333993912 -1.461458921432 -0.713287353516 0.046586561948 0.918468832970 0.365039378405 0.144882380962
1403715555.362143039703 -1.153496503830 -1.525900125504 -0.547034919262 0.074570387602 0.912390589714 0.376166224480 0.143114045262
1403715555.412143230438 -0.799710154533 -1.565851330757 -0.390263020992 0.092374250293 0.909428358078 0.380034506321 0.141353905201
1403715555.462142944336 -0.507749676704 -1.643781185150 -0.264453232288 0.093235358596 0.911065578461 0.376110851765 0.140738502145
1403715555.512143135071 -0.212051630020 -1.737819671631 -0.123744130135 0.087962612510 0.914343476295 0.369873821735 0.139398634434
1403715555.562143087387 0.041035413742 -1.800268530846 -0.009628891945 0.076776571572 0.918630957603 0.361392199993 0.140065059066
1403715555.612143278122 0.319865465164 -1.827022790909 0.105070352554 0.066401407123 0.922572553158 0.353104203939 0.140599191189
1403715555.662142992020 0.540992259979 -1.967078924179 0.172708630562 0.054596900940 0.923832535744 0.351296424866 0.141927450895
1403715555.712143182755 0.737944126129 -2.054616212845 0.258291780949 0.045439973474 0.924091577530 0.351064503193 0.144026592374
1403715555.762143135071 0.946073651314 -2.136355400085 0.337897181511 0.046203244478 0.922431349754 0.354368895292 0.146316200495
1403715555.812143087387 1.124367117882 -2.257345676422 0.395471513271 0.050753008574 0.919434607029 0.360452413559 0.148789152503
1403715555.862143039703 1.279414176941 -2.375178575516 0.448815345764 0.058380268514 0.916446805000 0.365961819887 0.150960355997
1403715555.912143230438 1.413486719131 -2.521258831024 0.474802672863 0.062292244285 0.914346456528 0.369599670172 0.153252542019
1403715555.962142944336 1.532725572586 -2.656869411469 0.492185771465 0.065587855875 0.912097692490 0.373631209135 0.155485585332
1403715556.012143135071 1.623363018036 -2.778704643250 0.501071512699 0.072973124683 0.908995270729 0.378955662251 0.157464787364
1403715556.062143087387 1.721806526184 -2.908189773560 0.497613728046 0.084577403963 0.904517591000 0.386752396822 0.158484026790
1403715556.112143278122 1.784430027008 -3.015676975250 0.501532435417 0.092395462096 0.902063429356 0.390324681997 0.159346371889
1403715556.162142992020 1.833726644516 -3.120486974716 0.498769640923 0.095884479582 0.902667880058 0.387935817242 0.159695401788
1403715556.212143182755 1.836463212967 -3.255176067352 0.474917411804 0.097572892904 0.904202580452 0.383658021688 0.160323843360
1403715556.262143135071 1.841322898865 -3.329600811005 0.445249557495 0.096299640834 0.907188892365 0.376503467560 0.161182492971
1403715556.312143087387 1.839103698730 -3.408231735229 0.408622980118 0.093237012625 0.909686625004 0.370713531971 0.162322521210
1403715556.362143039703 1.801217556000 -3.483915328979 0.359523057938 0.089508593082 0.911166906357 0.367030590773 0.164473727345
1403715556.412143230438 1.741092205048 -3.536215782166 0.319081425667 0.084975160658 0.912776231766 0.363053917885 0.166765153408
1403715556.462142944336 1.689625978470 -3.596601724625 0.266675829887 0.074173718691 0.914206147194 0.360758811235 0.169051721692
1403715556.512143135071 1.597647666931 -3.640373229980 0.204126477242 0.055883444846 0.915548205376 0.359320014715 0.171865358949
1403715556.562143087387 1.506019353867 -3.655271291733 0.155012845993 0.037506151944 0.916727364063 0.357434451580 0.174484744668
1403715556.612143278122 1.394046783447 -3.686274528503 0.101390242577 0.022101499140 0.916816234589 0.357232779264 0.177043229342
1403715556.662142992020 1.276794195175 -3.665438175201 0.054829359055 0.010086416267 0.915836334229 0.359117537737 0.179378509521
1403715556.712143182755 1.172756552696 -3.638319015503 0.009989857674 0.000732416112 0.913757979870 0.363649040461 0.181121960282
1403715556.762143135071 1.057966113091 -3.624063491821 -0.056135416031 -0.008571323939 0.911665678024 0.367671877146 0.183329373598
1403715556.812143087387 0.967495799065 -3.575153350830 -0.095078587532 -0.018713334575 0.912189900875 0.365340888500 0.184622272849
1403715556.862143039703 0.864294886589 -3.514011621475 -0.131424784660 -0.026345482096 0.913004934788 0.362256854773 0.185736179352
1403715556.912143230438 0.749464988708 -3.472823619843 -0.203640937805 -0.034577403218 0.913480997086 0.359355837107 0.187670603395
1403715556.962142944336 0.644341766834 -3.411786317825 -0.265682220459 -0.039792675525 0.913727223873 0.357591956854 0.188804462552
1403715557.012143135071 0.541574656963 -3.361778974533 -0.322478890419 -0.040867637843 0.911907851696 0.361712932587 0.189519867301
1403715557.062143087387 0.443120419979 -3.314796686172 -0.385783910751 -0.039323743433 0.908794701099 0.369697093964 0.189393550158
1403715557.112143278122 0.372428834438 -3.259970664978 -0.454681754112 -0.036271687597 0.904932618141 0.379476130009 0.189154222608
1403715557.162142992020 0.281510472298 -3.223604202271 -0.539321780205 -0.032386776060 0.900396287441 0.390685111284 0.188686862588
1403715557.212143182755 0.203712463379 -3.173036575317 -0.629994988441 -0.028453584760 0.896331369877 0.400459975004 0.188181430101
1403715557.262143135071 0.150991886854 -3.090900421143 -0.727712333202 -0.025993762538 0.893003821373 0.408458024263 0.187164425850
1403715557.312143087387 0.095083057880 -3.037557363510 -0.832527160645 -0.025443550199 0.890929102898 0.413522303104 0.186003491282
1403715557.362143039703 0.034502983093 -2.960008382797 -0.948108553886 -0.024397917092 0.889217674732 0.417548865080 0.185336455703
1403715557.412143230438 -0.031872779131 -2.901612997055 -1.095849871635 -0.023098696023 0.889543950558 0.417310744524 0.184471458197
1403715557.462142944336 -0.070532485843 -2.816071271896 -1.234241127968 -0.023231744766 0.892218172550 0.412075698376 0.183304816484
1403715557.512143135071 -0.124693304300 -2.727796554565 -1.416412353516 -0.024657946080 0.896725177765 0.402111470699 0.183254778385
1403715557.562143087387 -0.144448637962 -2.642089605331 -1.576613426208 -0.027187090367 0.901984333992 0.390529185534 0.182132095098
1403715557.612143278122 -0.149534404278 -2.534035682678 -1.729651927948 -0.030973795801 0.906651675701 0.379814594984 0.181009009480
1403715557.662142992020 -0.194522082806 -2.441493034363 -1.925133943558 -0.034618504345 0.910720109940 0.369759470224 0.180744096637
1403715557.712143182755 -0.170282721519 -2.339732885361 -2.091145753860 -0.039274405688 0.914754450321 0.360330432653 0.178448393941
1403715557.762143135071 -0.204893708229 -2.247221946716 -2.296644449234 -0.040040750057 0.916795074940 0.355373442173 0.177745029330
1403715557.812143087387 -0.213808298111 -2.156751394272 -2.499041557312 -0.037596341223 0.917877376080 0.353828996420 0.175763264298
1403715557.862143039703 -0.229430079460 -2.068886041641 -2.693427324295 -0.034438442439 0.918324172497 0.354046255350 0.173625856638
1403715557.912143230438 -0.242817401886 -2.008171081543 -2.909879684448 -0.031628418714 0.918162584305 0.355958938599 0.171085864305
1403715557.962142944336 -0.234619617462 -1.944093704224 -3.110598325729 -0.029468394816 0.918631970882 0.356330454350 0.168153569102
1403715558.012143135071 -0.216750621796 -1.886462092400 -3.313153743744 -0.026765247807 0.919342756271 0.356159746647 0.165054142475
1403715558.062143087387 -0.182232260704 -1.837008595467 -3.498799800873 -0.026763238013 0.920185089111 0.355435460806 0.161891162395
1403715558.112143278122 -0.140749454498 -1.805915951729 -3.701117038727 -0.026186162606 0.920151054859 0.357020407915 0.158659338951
1403715558.162142992020 -0.154945850372 -1.800577044487 -3.948875904083 -0.026197338477 0.919157028198 0.359961867332 0.157770395279
1403715558.212143182755 -0.105808973312 -1.774747610092 -4.160855293274 -0.031126096845 0.918920278549 0.361223459244 0.155352473259
1403715558.262143135071 -0.093390226364 -1.714592695236 -4.376425743103 -0.035066623241 0.919447302818 0.359960466623 0.154322534800
1403715558.312143087387 -0.071581602097 -1.706454992294 -4.620082855225 -0.043222457170 0.919967353344 0.357957303524 0.153812989593
1403715558.362143039703 -0.061192274094 -1.697150468826 -4.853848934174 -0.048572391272 0.921888291836 0.352402389050 0.153542503715
1403715558.412143230438 -0.015089988708 -1.641226291656 -5.057034015656 -0.051950626075 0.925101578236 0.343486070633 0.153315231204
1403715558.462142944336 -0.008130311966 -1.633810043335 -5.336113452911 -0.047171089798 0.927923977375 0.335886061192 0.154636874795
1403715558.512143135071 0.065041065216 -1.600261211395 -5.536250114441 -0.041183210909 0.932546377182 0.323960512877 0.153983220458
1403715558.562143087387 0.088176727295 -1.566745996475 -5.767272949219 -0.033296819776 0.936043024063 0.314023524523 0.155254691839
1403715558.612143278122 0.158781290054 -1.503756523132 -5.949187278748 -0.027500947937 0.939636051655 0.304028898478 0.154577448964
1403715558.662142992020 0.205413103104 -1.424108743668 -6.115121841431 -0.022054731846 0.941473543644 0.298830658197 0.154406651855
1403715558.712143182755 0.225316047668 -1.366007328033 -6.321204662323 -0.018130753189 0.941976368427 0.296481490135 0.156366527081
1403715558.762143135071 0.301981925964 -1.283443212509 -6.466017723083 -0.018748698756 0.942074358463 0.295102626085 0.158299922943
1403715558.812143087387 0.364997148514 -1.214429616928 -6.604679584503 -0.020590558648 0.941702723503 0.293968796730 0.162340238690
1403715558.862143039703 0.385901212692 -1.139275074005 -6.749254703522 -0.023355569690 0.940626025200 0.292886942625 0.169983744621
1403715558.912143230438 0.430647850037 -1.085615873337 -6.871025562286 -0.029289720580 0.939404487610 0.291518181562 0.177984341979
1403715558.962142944336 0.508739233017 -1.028119564056 -6.977525711060 -0.033854249865 0.938540518284 0.288828343153 0.185940325260
1403715559.012143135071 0.571107149124 -0.972663640976 -7.077828884125 -0.039818417281 0.937236130238 0.286174535751 0.195210292935
1403715559.062143087387 0.586628437042 -0.941470623016 -7.184933185577 -0.042428065091 0.934835374355 0.285230576992 0.207186356187
1403715559.112143278122 0.655766487122 -0.913789510727 -7.261483669281 -0.042541414499 0.932803153992 0.283384799957 0.218544214964
1403715559.162142992020 0.718979358673 -0.879360198975 -7.328937053680 -0.042084597051 0.930528223515 0.281477779150 0.230470076203
1403715559.212143182755 0.760127544403 -0.854052543640 -7.382745742798 -0.042209334671 0.927933156490 0.278428733349 0.244204640388
1403715559.262143135071 0.821473598480 -0.848832607269 -7.432723999023 -0.043275017291 0.925037145615 0.276388794184 0.256988108158
1403715559.312143087387 0.883072853088 -0.831712722778 -7.466471672058 -0.045008875430 0.922027647495 0.273392826319 0.270362198353
1403715559.362143039703 0.935022354126 -0.822816133499 -7.493410110474 -0.047593429685 0.918036043644 0.272190034389 0.284354150295
1403715559.412143230438 0.990509986877 -0.818970203400 -7.502263069153 -0.049898277968 0.913185834885 0.273547887802 0.297948569059
1403715559.462142944336 1.043667793274 -0.823012113571 -7.509788513184 -0.055051095784 0.906942307949 0.279199361801 0.310600876808
1403715559.512143135071 1.116574764252 -0.808516740799 -7.470735549927 -0.055040545762 0.900327205658 0.289131224155 0.320600420237
1403715559.562143087387 1.188690662384 -0.797258853912 -7.437996387482 -0.051314957440 0.893848717213 0.299853712320 0.329376727343
1403715559.612143278122 1.247133255005 -0.771708011627 -7.404093265533 -0.045905511826 0.888009548187 0.308735251427 0.337660074234
1403715559.662142992020 1.316152095795 -0.753746032715 -7.368868827820 -0.043877162039 0.883119821548 0.315072834492 0.344823539257
1403715559.712143182755 1.395155429840 -0.709796905518 -7.313396930695 -0.045346349478 0.879576861858 0.317519485950 0.351382464170
1403715559.762143135071 1.469271183014 -0.655175685883 -7.245517253876 -0.048022776842 0.877004325390 0.316398054361 0.358398497105
1403715559.812143087387 1.562699794769 -0.594909429550 -7.156211853027 -0.050530683249 0.874574482441 0.314640641212 0.365468859673
1403715559.862143039703 1.638824939728 -0.560418605804 -7.110463142395 -0.052274335176 0.870564937592 0.314747035503 0.374590992928
1403715559.912143230438 1.718930721283 -0.518460750580 -7.057521820068 -0.055974349380 0.866568624973 0.312966048717 0.384679049253
1403715559.962142944336 1.841635227203 -0.464773654938 -6.933736801147 -0.061077613384 0.863319337368 0.309216946363 0.394124507904
1403715560.012143135071 1.919666290283 -0.419352054596 -6.872439861298 -0.064978025854 0.858646392822 0.306521713734 0.405646145344
1403715560.062143087387 2.034621238708 -0.376931428909 -6.778942108154 -0.066740565002 0.854307055473 0.303820282221 0.416411370039
1403715560.112143278122 2.140515804291 -0.379187822342 -6.728449821472 -0.070246517658 0.848334431648 0.303851753473 0.427864700556
1403715560.162142992020 2.257877349854 -0.363682031631 -6.628037929535 -0.068542368710 0.842971146107 0.302583158016 0.439482688904
1403715560.212143182755 2.391872406006 -0.385876893997 -6.540534019470 -0.063497439027 0.836382985115 0.305232912302 0.450848698616
1403715560.262143135071 2.539966583252 -0.400721311569 -6.451056003571 -0.055875584483 0.829722166061 0.307230770588 0.462653577328
1403715560.312143087387 2.691165924072 -0.410620689392 -6.347851276398 -0.050509840250 0.823283672333 0.308625996113 0.473711699247
1403715560.362143039703 2.841284751892 -0.467654228210 -6.267157554626 -0.045708127320 0.816323697567 0.310210466385 0.485073029995
1403715560.412143230438 2.987036228180 -0.489881515503 -6.178382873535 -0.040819272399 0.810091733932 0.308956831694 0.496619403362
1403715560.462142944336 3.164060115814 -0.548120260239 -6.064663410187 -0.040789000690 0.804091036320 0.308557778597 0.506523549557
1403715560.512143135071 3.329931259155 -0.602282047272 -5.946418762207 -0.039790634066 0.798625051975 0.306458264589 0.516428291798
1403715560.562143087387 3.483489990234 -0.619062662125 -5.855093955994 -0.036591921002 0.792353391647 0.304258108139 0.527507603168
1403715560.612143278122 3.655842304230 -0.652698516846 -5.754349708557 -0.036610271782 0.785932064056 0.301625013351 0.538509845734
1403715560.662142992020 3.821992874146 -0.686531782150 -5.665766239166 -0.035392742604 0.779280304909 0.298543840647 0.549855709076
1403715560.712143182755 4.002399921417 -0.715544939041 -5.555681228638 -0.035046484321 0.772483110428 0.295397251844 0.561054289341
1403715560.762143135071 4.167078495026 -0.758600711823 -5.457809448242 -0.036009121686 0.765670478344 0.290662080050 0.572684586048
1403715560.812143087387 4.351200580597 -0.793528079987 -5.373794555664 -0.037000145763 0.758094251156 0.286039680243 0.584897756577
1403715560.862143039703 4.528125762939 -0.825776815414 -5.267481803894 -0.040896944702 0.751368820667 0.278886139393 0.596653163433
1403715560.912143230438 4.711636066437 -0.865680694580 -5.180957794189 -0.043825674802 0.742793798447 0.274360239506 0.609149515629
1403715560.962142944336 4.894017219543 -0.902711153030 -5.061539649963 -0.045711509883 0.734753906727 0.268359839916 0.621313273907
1403715561.012143135071 5.083787918091 -0.956796407700 -4.960032463074 -0.046457756311 0.725075781345 0.264329612255 0.634221315384
1403715561.062143087387 5.266667366028 -1.013804912567 -4.855478286743 -0.046111792326 0.714705169201 0.261214822531 0.647176206112
1403715561.112143278122 5.464513301849 -1.040985584259 -4.738688468933 -0.043834283948 0.703955352306 0.258507192135 0.660075366497
1403715561.162142992020 5.657783508301 -1.107258796692 -4.614089012146 -0.040941648185 0.692922890186 0.257663577795 0.672154128551
1403715561.212143182755 5.857515335083 -1.160674571991 -4.490514755249 -0.038488909602 0.682501196861 0.256734997034 0.683226048946
1403715561.262143135071 6.058226585388 -1.191971302032 -4.362933635712 -0.030092924833 0.672788977623 0.258724331856 0.692467451096
1403715561.312143087387 6.257457733154 -1.258193731308 -4.252974987030 -0.021969025955 0.662609517574 0.263692945242 0.700665414333
1403715561.362143039703 6.463921546936 -1.309379577637 -4.136220932007 -0.014512019232 0.653099834919 0.268015980721 0.708108365536
1403715561.412143230438 6.652662277222 -1.342111349106 -4.022557258606 -0.007195494138 0.644497752190 0.270137637854 0.715259790421
1403715561.462142944336 6.861647605896 -1.393128395081 -3.907813072205 -0.004901229404 0.637331783772 0.268825352192 0.722161412239
1403715561.512143135071 7.061657905579 -1.444755077362 -3.787954568863 -0.005319993943 0.632335782051 0.262204140425 0.728952765465
1403715561.562143087387 7.265314102173 -1.475085496902 -3.687086582184 -0.005909732543 0.627067387104 0.254209071398 0.736294269562
1403715561.612143278122 7.476002693176 -1.499144792557 -3.608032941818 -0.007981702685 0.621861577034 0.245008766651 0.743771016598
1403715561.662142992020 7.680802345276 -1.539394617081 -3.496677398682 -0.011650036089 0.617720246315 0.234530568123 0.750520765781
1403715561.712143182755 7.885535717010 -1.585484743118 -3.415608882904 -0.010070807301 0.612388551235 0.224720403552 0.757878422737
1403715561.762143135071 8.074478149414 -1.621453523636 -3.312276840210 -0.009551571682 0.607297837734 0.213847100735 0.765093147755
1403715561.812143087387 8.277651786804 -1.660217285156 -3.220799207687 -0.005704669282 0.600216805935 0.205340921879 0.773008704185
1403715561.862143039703 8.467749595642 -1.681294441223 -3.111805915833 -0.002505616983 0.593039214611 0.195856660604 0.780985534191
1403715561.912143230438 8.653431892395 -1.756424307823 -3.011483430862 0.001550353132 0.584137201309 0.189223036170 0.789288282394
1403715561.962142944336 8.829790115356 -1.792282462120 -2.905730247498 0.007775788661 0.576255559921 0.179008945823 0.797386288643
1403715562.012143135071 8.998867988586 -1.843311548233 -2.788648128510 0.014739847742 0.568582653999 0.169773325324 0.804781675339
1403715562.062143087387 9.152000427246 -1.904911875725 -2.700952529907 0.022256484255 0.561037719250 0.162092238665 0.811460077763
1403715562.112143278122 9.298652648926 -1.948150634766 -2.589647293091 0.028867673129 0.555995941162 0.152279213071 0.816606462002
1403715562.162142992020 9.440944671631 -2.012163162231 -2.492915391922 0.033805374056 0.551638782024 0.144350424409 0.820801317692
1403715562.212143182755 9.558762550354 -2.067024469376 -2.394214153290 0.036267127842 0.548686206341 0.136674270034 0.823983192444
1403715562.262143135071 9.652189254761 -2.125815629959 -2.302848339081 0.032670103014 0.546465218067 0.130358949304 0.826628684998
1403715562.312143087387 9.743431091309 -2.170446872711 -2.213315010071 0.026938548312 0.544925689697 0.125675678253 0.828574657440
1403715562.362143039703 9.813039779663 -2.219074249268 -2.105849266052 0.016975451261 0.543861925602 0.123586237431 0.829850971699
1403715562.412143230438 9.872241973877 -2.276640892029 -2.003002882004 0.003448282136 0.542200684547 0.124031089246 0.831037223339
1403715562.462142944336 9.909807205200 -2.330673694611 -1.893693208694 -0.010001691058 0.540502369404 0.124348104000 0.832042515278
1403715562.512143135071 9.933893203735 -2.372305393219 -1.773874282837 -0.021418662742 0.537549495697 0.123394206166 0.833879947662
1403715562.562143087387 9.955122947693 -2.421766757965 -1.628360271454 -0.028360225260 0.534929990768 0.117332383990 0.836228847504
1403715562.612143278122 9.956077575684 -2.489043712616 -1.497513532639 -0.031198589131 0.530054569244 0.112640820444 0.839869558811
1403715562.662142992020 9.954386711121 -2.573567390442 -1.364104270935 -0.032035265118 0.521480798721 0.117822274566 0.844481766224
1403715562.712143182755 9.938470840454 -2.665884971619 -1.192630767822 -0.028765248135 0.511819779873 0.130741357803 0.848598718643
1403715562.762143135071 9.915706634521 -2.740497350693 -1.022262811661 -0.024027431384 0.502828419209 0.142939522862 0.852147042751
1403715562.812143087387 9.883767127991 -2.815139293671 -0.857728242874 -0.019025754184 0.493873208761 0.153707697988 0.855629146099
1403715562.862143039703 9.858127593994 -2.890122890472 -0.682471513748 -0.014768159017 0.484126299620 0.163052201271 0.859544992447
1403715562.912143230438 9.826545715332 -2.971820592880 -0.508635759354 -0.010603006929 0.473919600248 0.169831037521 0.863970637321
1403715562.962142944336 9.780505180359 -3.060580730438 -0.327756166458 -0.007830011658 0.464306145906 0.173514306545 0.868476390839
1403715563.012143135071 9.751129150391 -3.126718997955 -0.142530441284 -0.004415845964 0.453908532858 0.174606263638 0.873762071133
1403715563.062143087387 9.705557823181 -3.216968536377 0.034978151321 -0.000882024469 0.444216430187 0.171709746122 0.879310369492
1403715563.112143278122 9.675007820129 -3.272837638855 0.202016592026 0.003438617568 0.434307813644 0.163168668747 0.885856032372
1403715563.162142992020 9.591804504395 -3.359325170517 0.400354385376 0.007905171253 0.426223635674 0.154583677649 0.891277074814
1403715563.212143182755 9.570451736450 -3.437007904053 0.559685230255 0.014118809253 0.412418484688 0.143275409937 0.899546504021
1403715563.262143135071 9.521779060364 -3.503531455994 0.736522674561 0.022169154137 0.397726923227 0.132771670818 0.907575607300
1403715563.312143087387 9.484644889832 -3.588986635208 0.890594005585 0.027444187552 0.379838079214 0.121822066605 0.916585683823
1403715563.362143039703 9.402213096619 -3.677419424057 1.078984260559 0.031693723053 0.362520277500 0.112137787044 0.924661934376
1403715563.412143230438 9.340172767639 -3.711005449295 1.234928250313 0.036455504596 0.341312736273 0.101496495306 0.933742523193
1403715563.462142944336 9.268871307373 -3.814817428589 1.380757808685 0.035816907883 0.321709662676 0.091217190027 0.941753387451
1403715563.512143135071 9.204325675964 -3.885396480560 1.532669544220 0.035643961281 0.300006866455 0.080188758671 0.949892222881
1403715563.562143087387 9.113515853882 -3.904449462891 1.678847789764 0.038079846650 0.280055850744 0.068216517568 0.956799447536
1403715563.612143278122 9.002853393555 -3.934263467789 1.842290759087 0.039170674980 0.261819064617 0.056166119874 0.962684690952
1403715563.662142992020 8.897143363953 -3.941631317139 1.993185639381 0.041814837605 0.244123727083 0.045698888600 0.967763841152
1403715563.712143182755 8.785510063171 -3.948740005493 2.133641242981 0.044405497611 0.226749613881 0.034275408834 0.972336351871
1403715563.762143135071 8.659595489502 -3.946803092957 2.267349004745 0.047997824848 0.209404185414 0.023947043344 0.976356863976
1403715563.812143087387 8.524291038513 -3.944513082504 2.410577535629 0.051858779043 0.190731167793 0.018035508692 0.980105638504
1403715563.862143039703 8.391572952271 -3.940253496170 2.535818576813 0.056767620146 0.168206021190 0.018325459212 0.983945310116
1403715563.912143230438 8.240719795227 -3.886078357697 2.668409824371 0.060211740434 0.146262332797 0.017000205815 0.987265348434
1403715563.962142944336 8.071129798889 -3.894550085068 2.781473398209 0.060706458986 0.122930303216 0.019750677049 0.990359961987
1403715564.012143135071 7.896754264832 -3.770402908325 2.902868509293 0.062648057938 0.098620481789 0.022246116772 0.992901980877
1403715564.062143087387 7.732576370239 -3.741638898849 2.997638702393 0.060111254454 0.072567448020 0.027086758986 0.995181918144
1403715564.112143278122 7.555298328400 -3.646806240082 3.089263677597 0.060240879655 0.047877330333 0.028462039307 0.996628701687
1403715564.162142992020 7.369803428650 -3.623752355576 3.173861503601 0.058756779879 0.024309150875 0.029036240652 0.997553825378
1403715564.212143182755 7.200160503387 -3.534460306168 3.229567766190 0.057455137372 -0.000103019469 0.027580015361 0.997967064381
1403715564.262143135071 7.034059047699 -3.439706087112 3.293510437012 0.057230491191 -0.023373644799 0.023718934506 0.997805476189
1403715564.312143087387 6.877953529358 -3.372856855392 3.313589096069 0.055768124759 -0.045993745327 0.014290817082 0.997281432152
1403715564.362143039703 6.723098278046 -3.300665855408 3.342544317245 0.055180769414 -0.069834619761 0.005020646844 0.996018588543
1403715564.412143230438 6.610491752625 -3.227621078491 3.361520767212 0.048383671790 -0.095364958048 -0.006264749449 0.994246125221
1403715564.462142944336 6.457293033600 -3.219735145569 3.345133543015 0.036600507796 -0.118579700589 -0.019584083930 0.992076516151
1403715564.512143135071 6.317310810089 -3.167383909225 3.321278572083 0.029337918386 -0.142607212067 -0.032051831484 0.988825142384
1403715564.562143087387 6.222068309784 -3.158818721771 3.301514387131 0.022545540705 -0.166666626930 -0.045635268092 0.984698653221
1403715564.612143278122 6.109304428101 -3.141398429871 3.268937110901 0.018795700744 -0.190196037292 -0.058511398733 0.979820728302
1403715564.662142992020 6.027814865112 -3.147566080093 3.247911691666 0.016926294193 -0.214568659663 -0.071856372058 0.973915040493
1403715564.712143182755 5.913412570953 -3.143032789230 3.207156896591 0.018128523603 -0.235582947731 -0.085703447461 0.967898249626
1403715564.762143135071 5.784746170044 -3.148222684860 3.143363952637 0.019567647949 -0.256283342838 -0.098645702004 0.961355805397
1403715564.812143087387 5.658215045929 -3.248100042343 3.074107646942 0.018628960475 -0.276289582253 -0.111494295299 0.954403519630
1403715564.862143039703 5.564733982086 -3.235543012619 2.999297142029 0.023645525798 -0.296725720167 -0.120846778154 0.946990430355
1403715564.912143230438 5.428042411804 -3.248489141464 2.912999391556 0.031182449311 -0.315362632275 -0.131190508604 0.939341902733
1403715564.962142944336 5.369482994080 -3.379712104797 2.870821237564 0.034818932414 -0.337085515261 -0.140068575740 0.930344998837
1403715565.012143135071 5.269237041473 -3.474821090698 2.817833423615 0.039206080139 -0.358795285225 -0.148756787181 0.920652091503
1403715565.062143087387 5.165666580200 -3.543693542480 2.729031801224 0.043610285968 -0.378699988127 -0.157336354256 0.911004841328
1403715565.112143278122 5.076418876648 -3.645713090897 2.613654613495 0.044514603913 -0.399974346161 -0.162215217948 0.900957942009
1403715565.162142992020 4.930309295654 -3.622657299042 2.463161945343 0.048035982996 -0.418525964022 -0.165484875441 0.891708076000
1403715565.212143182755 4.832366466522 -3.763434886932 2.361342668533 0.043761663139 -0.440270423889 -0.169860675931 0.880564689636
1403715565.262143135071 4.728759765625 -3.894583225250 2.245364427567 0.040471330285 -0.460803478956 -0.173470497131 0.869442462921
1403715565.312143087387 4.619897842407 -3.882188796997 2.142266750336 0.044858407229 -0.479754209518 -0.173668608069 0.858873009682
1403715565.362143039703 4.528346061707 -3.960501194000 2.035367012024 0.047536775470 -0.498627007008 -0.174785345793 0.847680091858
1403715565.412143230438 4.441500186920 -3.973343849182 1.942067623138 0.052990574390 -0.517064809799 -0.174449771643 0.836303412914
1403715565.462142944336 4.342600822449 -3.996969938278 1.790654778481 0.056279148906 -0.534061789513 -0.174288272858 0.825369179249
1403715565.512143135071 4.242507934570 -3.988195896149 1.703315496445 0.060606215149 -0.551748931408 -0.175540506840 0.813071668148
1403715565.562143087387 4.179161071777 -4.001342773438 1.641701579094 0.063346073031 -0.570484220982 -0.178517907858 0.799166142941
1403715565.612143278122 4.086909294128 -4.031111240387 1.518020272255 0.063848949969 -0.587667644024 -0.183358788490 0.785461306572
1403715565.662142992020 4.028507232666 -4.020480155945 1.395737648010 0.064915627241 -0.605774998665 -0.187149286270 0.770582675934
1403715565.712143182755 3.990970849991 -4.101070880890 1.352622866631 0.062216926366 -0.626395821571 -0.193208128214 0.752614080906
1403715565.762143135071 3.941612482071 -4.099592208862 1.222464323044 0.061260949820 -0.644327819347 -0.200820893049 0.735363662243
1403715565.812143087387 3.920070409775 -4.102431774139 1.102010965347 0.059483114630 -0.662419080734 -0.211198300123 0.716280639172
1403715565.862143039703 3.900715351105 -4.118496894836 1.000962972641 0.055231697857 -0.681735515594 -0.219138875604 0.695819258690
1403715565.912143230438 3.915791034698 -4.164273262024 0.890777587891 0.053543888032 -0.701626837254 -0.228586062789 0.672756493092
1403715565.962142944336 3.918152809143 -4.191616535187 0.800281524658 0.052059225738 -0.721660554409 -0.236208677292 0.648614943027
1403715566.012143135071 3.950606107712 -4.202217102051 0.706760644913 0.052240662277 -0.741771757603 -0.241926059127 0.623311638832
1403715566.062143087387 3.962728500366 -4.232102870941 0.557558059692 0.049757491797 -0.759578824043 -0.247995972633 0.599218010902
1403715566.112143278122 3.998975276947 -4.185399532318 0.427093029022 0.051738098264 -0.775853991508 -0.255290061235 0.574631094933
1403715566.162142992020 4.019864082336 -4.225133419037 0.301496505737 0.051481511444 -0.791915774345 -0.262117445469 0.549102365971
1403715566.212143182755 4.047769546509 -4.234257221222 0.143023967743 0.051635880023 -0.805396556854 -0.268850535154 0.525727570057
1403715566.262143135071 4.091677188873 -4.242877006531 0.084812164307 0.051183886826 -0.821099877357 -0.272390544415 0.498977571726
1403715566.312143087387 4.173794746399 -4.208679199219 0.000099182129 0.051679514349 -0.835262596607 -0.275092333555 0.473275780678
1403715566.362143039703 4.266430377960 -4.280081748962 -0.174785137177 0.050897110254 -0.846564650536 -0.282000213861 0.448568463326
1403715566.412143230438 4.321359634399 -4.261054515839 -0.240541458130 0.051489975303 -0.858548223972 -0.285800069571 0.422566026449
1403715566.462142944336 4.413619041443 -4.255440711975 -0.319903850555 0.051920216531 -0.869587421417 -0.288665115833 0.397233515978
1403715566.512143135071 4.492619037628 -4.246966362000 -0.405357360840 0.052613966167 -0.879646718502 -0.290313690901 0.373056828976
1403715566.562143087387 4.591633796692 -4.203464508057 -0.442462921143 0.053714178503 -0.889090418816 -0.291622072458 0.348696976900
1403715566.612143278122 4.654337882996 -4.206474304199 -0.483979701996 0.053209204227 -0.897991061211 -0.293159872293 0.323787331581
1403715566.662142992020 4.724512100220 -4.149421691895 -0.499560356140 0.054906483740 -0.906364679337 -0.293791621923 0.298621624708
1403715566.712143182755 4.834045410156 -4.109271049500 -0.521871089935 0.056587409228 -0.913639307022 -0.295931756496 0.272920340300
1403715566.762143135071 4.928739070892 -4.092364311218 -0.523380756378 0.056462503970 -0.920726835728 -0.298151433468 0.245315685868
1403715566.812143087387 5.083883285522 -4.066708564758 -0.601063728333 0.054364528507 -0.925903141499 -0.302310556173 0.219900488853
1403715566.862143039703 5.216861724854 -4.044488906860 -0.617401599884 0.052180320024 -0.931875526905 -0.303779929876 0.191318973899
1403715566.912143230438 5.341992378235 -4.037902832031 -0.627168178558 0.049489501864 -0.937584578991 -0.304389089346 0.160727053881
1403715566.962142944336 5.443975448608 -3.985138416290 -0.598402261734 0.048367742449 -0.942619025707 -0.304355829954 0.128442585468
1403715567.012143135071 5.550018787384 -4.029067516327 -0.647136926651 0.043412886560 -0.945393204689 -0.308469980955 0.095882020891
1403715567.062143087387 5.592105865479 -4.100131034851 -0.631235837936 0.037067644298 -0.946994841099 -0.313508182764 0.059492964298
1403715567.112143278122 5.682343959808 -4.141207218170 -0.579897642136 0.028507152572 -0.947843551636 -0.316633641720 0.022872580215
1403715567.162142992020 5.875267028809 -4.143735408783 -0.542737603188 -0.024762056768 0.947398722172 0.318884938955 0.011613277718
1403715567.212143182755 5.933979988098 -4.177399635315 -0.494551897049 -0.018854143098 0.945445775986 0.321319073439 0.050307463855
1403715567.262143135071 6.083044052124 -4.214461803436 -0.444173336029 -0.015840349719 0.940698444843 0.327507734299 0.087030164897
1403715567.312143087387 5.874361515045 -3.854722499847 -0.076505541801 0.006071546115 0.942028641701 0.307078719139 0.135084688663
1403715567.362143039703 6.126301765442 -3.846328496933 -0.088100314140 0.000774483371 0.935128927231 0.310936778784 0.169857695699
1403715567.412143230438 6.423107147217 -3.904969453812 -0.081199884415 -0.007738701068 0.926551699638 0.316322684288 0.203426018357
1403715567.462142944336 6.904381275177 -4.141505718231 -0.365748882294 -0.005466730800 0.912151575089 0.340945065022 0.227389812469
1403715567.512143135071 7.050947666168 -4.122274398804 -0.308268070221 -0.011608471163 0.902090430260 0.341143697500 0.264043748379
1403715567.562143087387 7.222680091858 -4.049442291260 -0.234606266022 -0.019484668970 0.892453670502 0.335696220398 0.300757050514
1403715567.612143278122 7.632489681244 -4.086507797241 -0.023657321930 -0.032756984234 0.884335756302 0.331439763308 0.327146828175
1403715567.662142992020 7.786503791809 -3.962015390396 0.127463340759 -0.032515306026 0.875548660755 0.323348701000 0.357495337725
1403715567.712143182755 7.938743591309 -3.958025932312 0.221896648407 -0.032148044556 0.864080011845 0.318586200476 0.388374924660
1403715567.762143135071 8.057969093323 -3.726350069046 0.530691623688 -0.018031936139 0.856888234615 0.308497071266 0.412610054016
1403715567.812143087387 8.268340110779 -3.692248344421 0.680942535400 -0.017239348963 0.846281170845 0.299920886755 0.439952909946
1403715567.862143039703 8.402090072632 -3.620776653290 0.753588676453 -0.016734072939 0.832777380943 0.291217237711 0.470525741577
1403715567.912143230438 8.510424613953 -3.582651138306 0.813673973083 -0.016093039885 0.817649126053 0.283606350422 0.500757932663
1403715567.962142944336 8.633228302002 -3.547645092010 0.906668663025 -0.017175968736 0.802342593670 0.275324225426 0.529290020466
1403715568.012143135071 8.787940025330 -3.506080389023 0.993350028992 -0.018027557060 0.787421524525 0.265285044909 0.556117177010
1403715568.062143087387 8.883651733398 -3.457012653351 1.103773117065 -0.015701353550 0.772085487843 0.253924220800 0.582374334335
1403715568.112143278122 9.012266159058 -3.461685180664 1.186120986938 -0.014538681135 0.755719780922 0.244258716702 0.607465267181
1403715568.162142992020 9.096857070923 -3.423048496246 1.348082542419 -0.009589191526 0.740660369396 0.234219878912 0.629659712315
1403715568.212143182755 9.208614349365 -3.425559520721 1.454976081848 -0.009198289365 0.723424077034 0.225069493055 0.652622997761
1403715568.262143135071 9.304050445557 -3.392153739929 1.615133285522 -0.004532383289 0.705816209316 0.217970594764 0.674011707306
1403715568.312143087387 9.391317367554 -3.391102075577 1.741824150085 -0.002386985347 0.687037169933 0.212457060814 0.694864153862
1403715568.362143039703 9.492032051086 -3.382369518280 1.878736495972 0.000692296773 0.668140828609 0.205955103040 0.714961409569
1403715568.412143230438 9.555657386780 -3.385127067566 2.020608901978 0.002475740621 0.649315655231 0.200221851468 0.733685493469
1403715568.462142944336 9.644824028015 -3.368048191071 2.150811195374 0.004940569866 0.629332661629 0.191607505083 0.753128528595
1403715568.512143135071 9.686058998108 -3.327272415161 2.264130115509 0.009334797040 0.609365224838 0.180958464742 0.771907329559
1403715568.562143087387 9.774653434753 -3.437843799591 2.396395206451 0.003786651883 0.585193037987 0.178252145648 0.791050553322
1403715568.612143278122 9.832077980042 -3.469491243362 2.526873588562 0.003049181076 0.563937544823 0.171017333865 0.807909786701
1403715568.662142992020 9.900343894958 -3.460240364075 2.658777236938 0.004015070386 0.541776597500 0.162214398384 0.824711143970
1403715568.712143182755 9.939800262451 -3.411492824554 2.787631988525 0.007918698713 0.518742561340 0.153480038047 0.841003775597
1403715568.762143135071 9.945458412170 -3.515012979507 2.955561637878 0.005250710063 0.498406469822 0.148060321808 0.854190647602
1403715568.812143087387 9.968981742859 -3.579861164093 3.083079814911 0.003447377821 0.474847316742 0.141990900040 0.868531346321
1403715568.862143039703 9.979414939880 -3.568008899689 3.194674491882 0.004295574501 0.451990157366 0.134224727750 0.881856083870
1403715568.912143230438 9.979563713074 -3.571262359619 3.334267139435 0.005086906720 0.429446101189 0.126483142376 0.894176840782
1403715568.962142944336 9.952501296997 -3.630000591278 3.495998620987 0.000952287461 0.408591002226 0.123687081039 0.904297530651
1403715569.012143135071 9.979509353638 -3.671669721603 3.602350473404 -0.002790103201 0.385871767998 0.119235470891 0.914810419083
1403715569.062143087387 9.952174186707 -3.684462070465 3.748584508896 -0.003576000687 0.365971297026 0.112782627344 0.923759877682
1403715569.112143278122 9.924715042114 -3.728191852570 3.892616271973 -0.005547238979 0.346063375473 0.108306989074 0.931922197342
1403715569.162142992020 9.873442649841 -3.751460790634 4.042281150818 -0.005781268701 0.326810151339 0.104085959494 0.939323067665
1403715569.212143182755 9.829562187195 -3.742372274399 4.200420856476 -0.003374102991 0.308328688145 0.099637977779 0.946041405201
1403715569.262143135071 9.785959243774 -3.801174163818 4.337711334229 -0.000219333626 0.291547626257 0.096820488572 0.951643705368
1403715569.312143087387 9.765139579773 -3.821624279022 4.479569435120 0.008404166438 0.276214540005 0.090293094516 0.956808328629
1403715569.362143039703 9.734065055847 -3.887585639954 4.615465641022 0.015603830107 0.262141615152 0.084628231823 0.961184859276
1403715569.412143230438 9.693679809570 -3.912520647049 4.744715213776 0.024669554085 0.249158293009 0.078678444028 0.964946269989
1403715569.462142944336 9.652448654175 -3.945020198822 4.866819858551 0.030981846154 0.237074255943 0.072565190494 0.968282103539
1403715569.512143135071 9.604895591736 -3.987692117691 4.995391368866 0.034592028707 0.224769145250 0.064214199781 0.971678316593
1403715569.562143087387 9.516124725342 -4.013838768005 5.125548839569 0.037256632000 0.213646665215 0.057231172919 0.974521279335
1403715569.612143278122 9.474356651306 -4.063510894775 5.229121208191 0.037035938352 0.200125947595 0.049738310277 0.977805733681
1403715569.662142992020 9.395723342896 -4.078437328339 5.331748485565 0.036564715207 0.186442375183 0.043038602918 0.980841457844
1403715569.712143182755 9.297697067261 -4.108825683594 5.430912017822 0.034056682140 0.172359973192 0.037068527192 0.983747005463
1403715569.762143135071 9.247669219971 -4.147328853607 5.510146141052 0.031741041690 0.153745740652 0.032667201012 0.987060070038
1403715569.812143087387 9.137845993042 -4.180169105530 5.599541664124 0.029962675646 0.136293843389 0.027439285070 0.989834964275
1403715569.862143039703 9.023504257202 -4.228002071381 5.683692455292 0.028457481414 0.116885766387 0.024509105831 0.992434978485
1403715569.912143230438 8.900797843933 -4.237006664276 5.767391204834 0.032301116735 0.097949221730 0.017654657364 0.994510412216
1403715569.962142944336 8.863713264465 -4.238152980804 5.802804946899 0.036870710552 0.074256889522 0.010378163308 0.996503293514
1403715570.012143135071 8.729277610779 -4.291071414948 5.874987125397 0.038400270045 0.054810583591 0.004094853997 0.997749686241
1403715570.062143087387 8.582947731018 -4.283461570740 5.943630695343 0.042679924518 0.035592649132 -0.003559528617 0.998448252678
1403715570.112143278122 8.466609001160 -4.259454250336 5.993626117706 0.047279115766 0.014315866865 -0.011115984060 0.998717308044
1403715570.162142992020 8.284844398499 -4.292667865753 6.046792030334 0.047980595380 -0.004628148861 -0.017855500802 0.998677968979
1403715570.212143182755 8.156512260437 -4.382701396942 6.075710773468 0.045911759138 -0.026760717854 -0.024659056216 0.998282492161
1403715570.262143135071 8.045486450195 -4.370435714722 6.073652267456 0.048288684338 -0.050905995071 -0.031686205417 0.997031986713
1403715570.312143087387 7.884714603424 -4.330200672150 6.107898235321 0.053196657449 -0.072470411658 -0.039271086454 0.995176374912
1403715570.362143039703 7.788195133209 -4.388580322266 6.086322784424 0.053271591663 -0.098653309047 -0.046893864870 0.992587864399
1403715570.412143230438 7.631999969482 -4.389658451080 6.046026706696 0.055328536779 -0.121793225408 -0.054968763143 0.989486575127
1403715570.462142944336 7.504326343536 -4.317679405212 6.004427909851 0.061239585280 -0.148212686181 -0.061952676624 0.985111474991
1403715570.512143135071 7.285386085510 -4.273476123810 6.066119194031 0.065746791661 -0.168738245964 -0.068668015301 0.981065511703
1403715570.562143087387 7.108355998993 -4.265166282654 6.039650917053 0.068806260824 -0.190666913986 -0.077850110829 0.976140975952
1403715570.612143278122 6.995661735535 -4.201862812042 6.022709846497 0.073130860925 -0.217529833317 -0.086656294763 0.969444870949
1403715570.662142992020 6.814949989319 -4.132634639740 5.951650142670 0.071337617934 -0.241177707911 -0.094667062163 0.963214635849
1403715570.712143182755 6.695041179657 -4.088416576385 5.900459289551 0.066803701222 -0.266379863024 -0.103202328086 0.955995976925
1403715570.762143135071 6.576391220093 -4.092231750488 5.866695404053 0.061288401484 -0.293333888054 -0.112352095544 0.947404861450
1403715570.812143087387 6.449479579926 -4.025300979614 5.764171123505 0.059971101582 -0.317592352629 -0.121834300458 0.938453495502
1403715570.862143039703 6.351892471313 -4.008386135101 5.704571723938 0.053939320147 -0.342464715242 -0.127886280417 0.929222047329
1403715570.912143230438 6.210589408875 -3.950176000595 5.633210659027 0.053247388452 -0.367503017187 -0.137478172779 0.918262481689
1403715570.962142944336 6.110170364380 -3.939537286758 5.535693645477 0.046156767756 -0.390203833580 -0.146693408489 0.907794952393
1403715571.012143135071 5.975041866302 -3.808424472809 5.453356266022 0.046068724245 -0.410690963268 -0.152751892805 0.897706806660
1403715571.062143087387 5.805774688721 -3.736909866333 5.272088050842 0.042739406228 -0.424737870693 -0.158249765635 0.890352785587
1403715571.112143278122 5.683207511902 -3.673991918564 5.169496536255 0.039561599493 -0.440262436867 -0.159988164902 0.882614076138
1403715571.162142992020 5.552608013153 -3.629945039749 5.074791431427 0.038058012724 -0.454135358334 -0.159748017788 0.875667393208
1403715571.212143182755 5.436161994934 -3.605045080185 4.964056968689 0.040239356458 -0.465305715799 -0.157453015447 0.870103418827
1403715571.262143135071 5.332540512085 -3.536990165710 4.850940704346 0.048298604786 -0.473410397768 -0.155520781875 0.865657627583
1403715571.312143087387 5.236187934875 -3.461769580841 4.747426986694 0.057192496955 -0.479704618454 -0.154293492436 0.861861944199
1403715571.362143039703 5.130070686340 -3.440679311752 4.642411231995 0.061922099441 -0.483896106482 -0.153642207384 0.859304547310
1403715571.412143230438 5.051916122437 -3.368846654892 4.506556510925 0.063090488315 -0.486069321632 -0.154822081327 0.857779860497
1403715571.462142944336 4.971788406372 -3.339980363846 4.404356956482 0.057486627251 -0.487239241600 -0.159203186631 0.856707394123
1403715571.512143135071 4.884284973145 -3.188377380371 4.270595550537 0.054260578007 -0.486363112926 -0.161359995604 0.857012033463
1403715571.562143087387 4.825096130371 -3.185535907745 4.156245708466 0.039815310389 -0.488233953714 -0.162257865071 0.856571555138
1403715571.612143278122 4.756215572357 -3.074312686920 4.029277801514 0.024691129103 -0.490441560745 -0.158800080419 0.856527864933
1403715571.662142992020 4.698375701904 -2.992873668671 3.918360471725 0.004696913064 -0.494130313396 -0.150186032057 0.856304466724
1403715571.712143182755 4.641526222229 -2.862128734589 3.792753696442 -0.017523966730 -0.497074186802 -0.139811202884 0.856191039085
1403715571.762143135071 4.589949607849 -2.798212051392 3.699334144592 -0.042995471507 -0.499751955271 -0.130994543433 0.855125606060
1403715571.812143087387 4.527568817139 -2.679674148560 3.642155170441 -0.065860584378 -0.501326262951 -0.124990701675 0.853646099567
1403715571.862143039703 4.483655452728 -2.591433048248 3.566610336304 -0.085860639811 -0.500890135765 -0.120747111738 0.852735102177
1403715571.912143230438 4.434991836548 -2.509940385818 3.516160488129 -0.103825800121 -0.499460041523 -0.119484364986 0.851753115654
1403715571.962142944336 4.374085903168 -2.434076547623 3.492310047150 -0.119975037873 -0.496493428946 -0.121437996626 0.851089417934
1403715572.012143135071 4.316772937775 -2.392119646072 3.509757757187 -0.133441656828 -0.493249297142 -0.127049699426 0.850151062012
1403715572.062143087387 4.270780086517 -2.308704614639 3.553804397583 -0.138535067439 -0.489508062601 -0.136766090989 0.849991142750
1403715572.112143278122 4.192869186401 -2.285700321198 3.609382152557 -0.138947471976 -0.483365416527 -0.153148397803 0.850645065308
1403715572.162142992020 4.106534957886 -2.240264654160 3.688298225403 -0.128254950047 -0.478963553905 -0.172913417220 0.851026177406
1403715572.212143182755 4.001948356628 -2.225473165512 3.797422647476 -0.112259335816 -0.477321684361 -0.189728409052 0.850626230240
1403715572.262143135071 3.876028776169 -2.234043836594 3.926204204559 -0.085702560842 -0.478689253330 -0.206425204873 0.849058508873
1403715572.312143087387 3.752805233002 -2.220700263977 4.043896675110 -0.052139900625 -0.482806921005 -0.220853999257 0.845814645290
1403715572.362143039703 3.592082023621 -2.241722822189 4.171921730042 -0.021655101329 -0.489653944969 -0.229619905353 0.840859532356
1403715572.412143230438 3.429335832596 -2.238548994064 4.299477577209 0.009611783549 -0.498554944992 -0.235590040684 0.834174990654
1403715572.462142944336 3.259493589401 -2.257668733597 4.430328845978 0.031449440867 -0.509415864944 -0.238087564707 0.826329648495
1403715572.512143135071 3.081330776215 -2.256641387939 4.533814907074 0.046581793576 -0.520780146122 -0.238126724958 0.818482577801
1403715572.562143087387 2.901862382889 -2.230314970016 4.632769584656 0.056588351727 -0.532651841640 -0.236912384629 0.810525953770
1403715572.612143278122 2.728921890259 -2.232033729553 4.721780776978 0.062209479511 -0.545019507408 -0.237971544266 0.801531791687
1403715572.662142992020 2.550447463989 -2.222953081131 4.788300991058 0.066597007215 -0.557427346706 -0.239276856184 0.792203366756
1403715572.712143182755 2.386091232300 -2.185853004456 4.851729393005 0.069411881268 -0.569841921329 -0.242924138904 0.781952738762
1403715572.762143135071 2.205096721649 -2.179337739944 4.894279956818 0.067899607122 -0.581252753735 -0.248500555754 0.771869361401
1403715572.812143087387 2.046216487885 -2.196291923523 4.946649551392 0.061854477972 -0.595130801201 -0.252048313618 0.760568857193
1403715572.862143039703 1.887130260468 -2.186657190323 4.959313869476 0.057782907039 -0.608481466770 -0.253969907761 0.749607086182
1403715572.912143230438 1.730695724487 -2.168132066727 4.949145793915 0.054483633488 -0.621085703373 -0.253288030624 0.739681839943
1403715572.962142944336 1.559599399567 -2.163356304169 4.924074649811 0.053082924336 -0.634320020676 -0.253264933825 0.728475928307
1403715573.012143135071 1.382074356079 -2.190302371979 4.895203590393 0.051600780338 -0.647209882736 -0.253719806671 0.716995835304
1403715573.062143087387 1.231071949005 -2.211514949799 4.893594741821 0.049763217568 -0.661977350712 -0.252886652946 0.703816711903
1403715573.112143278122 1.069056510925 -2.240767717361 4.851329326630 0.047749910504 -0.675130844116 -0.252969563007 0.691321074963
1403715573.162142992020 0.920272350311 -2.294344902039 4.811234951019 0.042812801898 -0.688647568226 -0.252601772547 0.678324341774
1403715573.212143182755 0.790935993195 -2.311582803726 4.760739326477 0.042467691004 -0.700026571751 -0.254685401917 0.665803730488
1403715573.262143135071 0.662043571472 -2.359491825104 4.688260078430 0.037836987525 -0.711957335472 -0.256772071123 0.652497649193
1403715573.312143087387 0.524746894836 -2.372738599777 4.633170604706 0.034815870225 -0.723458766937 -0.259709715843 0.638706624508
1403715573.362143039703 0.400095939636 -2.412482023239 4.561814785004 0.030120307580 -0.734009742737 -0.263642579317 0.625152051449
1403715573.412143230438 0.274045467377 -2.426793575287 4.522416114807 0.025804774836 -0.744945347309 -0.266308009624 0.611122488976
1403715573.462142944336 0.151876449585 -2.450242519379 4.455295562744 0.017741264775 -0.755767643452 -0.267791658640 0.597317576408
1403715573.512143135071 0.031126022339 -2.487214088440 4.414262294769 0.010201224126 -0.766721487045 -0.269382387400 0.582638204098
1403715573.562143087387 -0.078106403351 -2.507885456085 4.359134674072 0.004661769141 -0.775969743729 -0.271760046482 0.569206297398
1403715573.612143278122 -0.211613178253 -2.539660930634 4.310066223145 0.002426416613 -0.784280836582 -0.276583909988 0.555336773396
1403715573.662142992020 -0.334330558777 -2.551922321320 4.279160976410 0.003602700308 -0.792200684547 -0.282384514809 0.540984332561
1403715573.712143182755 -0.450089454651 -2.590937852859 4.243711471558 0.006319845561 -0.797987222672 -0.292543083429 0.526872873306
1403715573.762143135071 -0.570795536041 -2.603422403336 4.219018936157 0.008832930587 -0.803426265717 -0.302676737309 0.512654840946
1403715573.812143087387 -0.697278022766 -2.632129669189 4.190711021423 0.012124659494 -0.808491051197 -0.314167827368 0.497487545013
1403715573.862143039703 -0.824614048004 -2.674068450928 4.137967586517 0.013022090308 -0.813100099564 -0.325955897570 0.482132166624
1403715573.912143230438 -0.942386627197 -2.700290203094 4.086482048035 0.013875359669 -0.818346381187 -0.335767447948 0.466236978769
1403715573.962142944336 -1.079954624176 -2.714608669281 4.048546791077 0.012632423081 -0.825336217880 -0.342772245407 0.448517262936
1403715574.012143135071 -1.220340251923 -2.746056318283 3.985954523087 0.010073311627 -0.831623494625 -0.350806742907 0.430390000343
1403715574.062143087387 -1.357222557068 -2.741834640503 3.920037746429 0.008726737462 -0.838530540466 -0.357760637999 0.410849928856
1403715574.112143278122 -1.496072292328 -2.773172378540 3.863249778748 0.006437049713 -0.846204996109 -0.362535029650 0.390466541052
1403715574.162142992020 -1.661371707916 -2.837030410767 3.759809970856 0.003655372886 -0.853840768337 -0.366274416447 0.369845420122
1403715574.212143182755 -1.820662975311 -2.850977420807 3.695359468460 0.006610614713 -0.862881183624 -0.366549372673 0.347899287939
1403715574.262143135071 -1.966724395752 -2.868606567383 3.601409196854 0.013163836673 -0.872096478939 -0.363076657057 0.327795386314
1403715574.312143087387 -2.172616481781 -2.857230663300 3.512926101685 0.024540882558 -0.881002187729 -0.358963459730 0.307210236788
1403715574.362143039703 -2.323478221893 -2.870570898056 3.413770198822 0.037714891136 -0.887956500053 -0.356124222279 0.288594007492
1403715574.412143230438 -2.470798969269 -2.854133367538 3.329263925552 0.052095018327 -0.893409490585 -0.353633254766 0.272119820118
1403715574.462142944336 -2.641743659973 -2.836171865463 3.222478389740 0.063886903226 -0.897057473660 -0.353451013565 0.257446497679
1403715574.512143135071 -2.795742034912 -2.878497123718 3.117447614670 0.071841932833 -0.899331450462 -0.354671984911 0.245457887650
1403715574.562143087387 -2.963008403778 -2.853592872620 3.005193948746 0.077381394804 -0.901444613934 -0.355513721704 0.234562918544
1403715574.612143278122 -3.091212749481 -2.834769964218 2.899641275406 0.082150220871 -0.902123153210 -0.358703702688 0.225292682648
1403715574.662142992020 -3.236470699310 -2.817924976349 2.778366565704 0.084538616240 -0.902995169163 -0.362213820219 0.215067878366
1403715574.712143182755 -3.355929851532 -2.791212081909 2.673158884048 0.085077054799 -0.904293239117 -0.364132612944 0.205968633294
1403715574.762143135071 -3.451312065125 -2.793548583984 2.545623064041 0.082680553198 -0.905257940292 -0.367236614227 0.197000592947
1403715574.812143087387 -3.536364078522 -2.759209632874 2.411176681519 0.076234936714 -0.907082140446 -0.367854863405 0.189929261804
1403715574.862143039703 -3.622543334961 -2.746760368347 2.257572889328 0.064475275576 -0.909107148647 -0.367935955524 0.184364721179
1403715574.912143230438 -3.682762145996 -2.714678764343 2.114134311676 0.055436532944 -0.911468803883 -0.365366011858 0.180718123913
1403715574.962142944336 -3.768985271454 -2.686627626419 1.943978309631 0.048930179328 -0.914725065231 -0.359947592020 0.176979303360
1403715575.012143135071 -3.822361469269 -2.681274414062 1.797178149223 0.043896790594 -0.917066872120 -0.355279296637 0.175607725978
1403715575.062143087387 -3.896641254425 -2.652049064636 1.633179903030 0.042770374566 -0.919978559017 -0.348422318697 0.174390405416
1403715575.112143278122 -3.945392608643 -2.618583202362 1.458066105843 0.044310152531 -0.922457873821 -0.341410845518 0.174776256084
1403715575.162142992020 -4.005924701691 -2.606621265411 1.292362451553 0.046660967171 -0.926351010799 -0.330204486847 0.175104394555
1403715575.212143182755 -4.045038700104 -2.581474542618 1.127500057220 0.051650524139 -0.930628180504 -0.316367089748 0.176565289497
1403715575.262143135071 -4.089680671692 -2.559519767761 0.968261778355 0.057500440627 -0.933439910412 -0.305821120739 0.178485602140
1403715575.312143087387 -4.129918575287 -2.534303903580 0.807136654854 0.062145374715 -0.933985650539 -0.301643401384 0.181163221598
1403715575.362143039703 -4.146946907043 -2.511861801147 0.653544485569 0.061788663268 -0.931499302387 -0.307009667158 0.185030534863
1403715575.412143230438 -4.154569625854 -2.498347759247 0.524754822254 0.058482155204 -0.928675115108 -0.313643604517 0.189129829407
1403715575.462142944336 -4.156013488770 -2.466413021088 0.385109663010 0.058512456715 -0.925321817398 -0.320852279663 0.193415760994
1403715575.512143135071 -4.157218933105 -2.452625989914 0.257740616798 0.061320982873 -0.922455847263 -0.325906336308 0.197737127542
1403715575.562143087387 -4.150001049042 -2.431816101074 0.122081637383 0.070606917143 -0.920725286007 -0.326557457447 0.201593190432
1403715575.612143278122 -4.131595134735 -2.428356885910 -0.011042356491 0.083626739681 -0.919545471668 -0.324422419071 0.205408856273
1403715575.662142992020 -4.106802463531 -2.420418024063 -0.139832258224 0.093940831721 -0.918597042561 -0.322144776583 0.208752155304
1403715575.712143182755 -4.068072319031 -2.407527685165 -0.272659063339 0.104741387069 -0.917547762394 -0.319875806570 0.211695283651
1403715575.762143135071 -4.004249095917 -2.395171165466 -0.411077260971 0.111560866237 -0.916037559509 -0.319691717625 0.215003952384
1403715575.812143087387 -3.935902595520 -2.381799697876 -0.546582460403 0.113295555115 -0.914495766163 -0.321696400642 0.217653736472
1403715575.862143039703 -3.846088886261 -2.375954866409 -0.692084074020 0.111833371222 -0.913528501987 -0.323455989361 0.219852745533
1403715575.912143230438 -3.738166570663 -2.352407455444 -0.831875085831 0.107108168304 -0.913708329201 -0.323334425688 0.221630021930
1403715575.962142944336 -3.599144697189 -2.339864730835 -0.973107337952 0.094998508692 -0.914146602154 -0.324151635170 0.224135980010
1403715576.012143135071 -3.461266994476 -2.331062316895 -1.111555337906 0.082609742880 -0.914868950844 -0.324760526419 0.225213423371
1403715576.062143087387 -3.310897827148 -2.312004327774 -1.245501518250 0.072300665081 -0.915680348873 -0.324420869350 0.225949704647
1403715576.112143278122 -3.162486076355 -2.294760942459 -1.401677131653 0.063979230821 -0.916116952896 -0.324738293886 0.226233005524
1403715576.162142992020 -3.003992080688 -2.264749288559 -1.532625198364 0.055917013437 -0.917362630367 -0.322354674339 0.226730093360
1403715576.212143182755 -2.827383756638 -2.259528160095 -1.674490213394 0.048656970263 -0.917847156525 -0.321972191334 0.226986736059
1403715576.262143135071 -2.652724981308 -2.234023094177 -1.804697036743 0.046194531024 -0.918578624725 -0.320548593998 0.226556912065
1403715576.312143087387 -2.480497837067 -2.223496437073 -1.933726906776 0.044798001647 -0.920060694218 -0.316801875830 0.226093232632
1403715576.362143039703 -2.304134368896 -2.213141441345 -2.081142187119 0.046368546784 -0.921943187714 -0.311746537685 0.225133135915
1403715576.412143230438 -2.114224672318 -2.207372188568 -2.208907127380 0.047756984830 -0.925330877304 -0.302266538143 0.223868280649
1403715576.462142944336 -1.924967885017 -2.194715023041 -2.328642368317 0.050145260990 -0.928440153599 -0.293021976948 0.222761049867
1403715576.512143135071 -1.736725449562 -2.202185630798 -2.460416555405 0.052058357745 -0.930923938751 -0.285043150187 0.222308203578
1403715576.562143087387 -1.540280580521 -2.203369140625 -2.575790882111 0.054802779108 -0.933025360107 -0.276982814074 0.223026603460
1403715576.612143278122 -1.340783715248 -2.200763225555 -2.680076122284 0.058771476150 -0.934895038605 -0.268778651953 0.224221318960
1403715576.662142992020 -1.141948699951 -2.209376335144 -2.772830963135 0.060775879771 -0.934760332108 -0.266908198595 0.226471722126
1403715576.712143182755 -0.909603416920 -2.209637641907 -2.844080448151 0.064442597330 -0.933703541756 -0.266440808773 0.230335041881
1403715576.762143135071 -0.677626013756 -2.228621959686 -2.904631614685 0.063858136535 -0.931571006775 -0.269705921412 0.235279291868
1403715576.812143087387 -0.454786181450 -2.250844955444 -2.962866306305 0.061785042286 -0.928117513657 -0.277038544416 0.240894481540
1403715576.862143039703 -0.228144645691 -2.267841815948 -3.008435726166 0.058915730566 -0.924061894417 -0.286659538746 0.245896011591
1403715576.912143230438 0.039449810982 -2.282406330109 -3.047523021698 0.056412529200 -0.919534802437 -0.295864105225 0.252463489771
1403715576.962142944336 0.278178334236 -2.307497978210 -3.082381010056 0.053394109011 -0.915771067142 -0.303984314203 0.257110834122
1403715577.012143135071 0.547032356262 -2.329566478729 -3.103196144104 0.048190940171 -0.913354754448 -0.307132363319 0.262926697731
1403715577.062143087387 0.792920589447 -2.358397245407 -3.138571739197 0.038883022964 -0.911656081676 -0.308809489012 0.268343091011
1403715577.112143278122 1.090173244476 -2.398663997650 -3.151084184647 0.030260387808 -0.909521520138 -0.309358268976 0.275957196951
1403715577.162142992020 1.326102018356 -2.425777435303 -3.166481018066 0.021940428764 -0.907937109470 -0.309157788754 0.282117456198
1403715577.212143182755 1.574730157852 -2.444880962372 -3.178636550903 0.014608684927 -0.906681060791 -0.308053672314 0.287782847881
1403715577.262143135071 1.831428289413 -2.446201324463 -3.175330162048 0.010249508545 -0.905590295792 -0.306366533041 0.293156445026
1403715577.312143087387 2.117594718933 -2.424718379974 -3.176205873489 0.009686295874 -0.903811931610 -0.306049972773 0.298937380314
1403715577.362143039703 2.391932010651 -2.369130373001 -3.162170648575 0.012726509012 -0.902489900589 -0.305453002453 0.303395062685
1403715577.412143230438 2.625840187073 -2.334127426147 -3.137055873871 0.015200217254 -0.901371359825 -0.306274622679 0.305768728256
1403715577.462142944336 2.889583587646 -2.279658555984 -3.113734960556 0.018271837384 -0.900126636028 -0.307006359100 0.308521091938
1403715577.512143135071 3.144772768021 -2.242121696472 -3.094196796417 0.019413644448 -0.899114072323 -0.307790517807 0.310615509748
1403715577.562143087387 3.419705629349 -2.163916587830 -3.059938192368 0.021794809029 -0.898540079594 -0.307373970747 0.312525123358
1403715577.612143278122 3.673712253571 -2.137530088425 -3.028738021851 0.021729489788 -0.897782444954 -0.308124989271 0.313964128494
1403715577.662142992020 3.900697946548 -2.104527235031 -2.975671291351 0.021690541878 -0.898044407368 -0.307806670666 0.313529640436
1403715577.712143182755 4.160377502441 -2.116077899933 -2.964314937592 0.018358873203 -0.897346317768 -0.309260070324 0.314309924841
1403715577.762143135071 4.396308898926 -2.128918886185 -2.934326648712 0.013418715447 -0.897584855556 -0.309052646160 0.314082533121
1403715577.812143087387 4.645123958588 -2.136145353317 -2.900317907333 0.007671109401 -0.897867619991 -0.306924134493 0.315550982952
1403715577.862143039703 4.880399227142 -2.140465497971 -2.859145402908 0.000736165443 -0.897472143173 -0.305340766907 0.318292707205
1403715577.912143230438 5.121755123138 -2.146075725555 -2.819630622864 -0.005176613573 -0.896294832230 -0.303938865662 0.322877734900
1403715577.962142944336 5.355914592743 -2.133292198181 -2.784739494324 -0.011524393223 -0.893962740898 -0.303589850664 0.329440504313
1403715578.012143135071 5.585619449615 -2.093788623810 -2.713445425034 -0.019282754511 -0.891222774982 -0.302858471870 0.337085902691
1403715578.062143087387 5.810827732086 -2.042096614838 -2.637943267822 -0.027702922001 -0.887453556061 -0.303553372622 0.345708221197
1403715578.112143278122 6.012480258942 -1.999804973602 -2.548715114594 -0.041784662753 -0.882035613060 -0.306510984898 0.355412960052
1403715578.162142992020 6.197281837463 -1.937630414963 -2.453744411469 -0.060024019331 -0.875240504742 -0.309969544411 0.366428852081
1403715578.212143182755 6.412939071655 -1.880095839500 -2.362243652344 -0.070386067033 -0.868100523949 -0.310997545719 0.380431234837
1403715578.262143135071 6.600563049316 -1.814436674118 -2.249686717987 -0.071339778602 -0.861680030823 -0.310243248940 0.395180135965
1403715578.312143087387 6.749589920044 -1.754304051399 -2.143158435822 -0.069044508040 -0.854976952076 -0.308507025242 0.411182016134
1403715578.362143039703 6.887415409088 -1.691266059875 -2.037307262421 -0.063608519733 -0.847966670990 -0.306317716837 0.427873790264
1403715578.412143230438 6.999349594116 -1.641538381577 -1.896057128906 -0.056947257370 -0.840463161469 -0.305240631104 0.444079756737
1403715578.462142944336 7.134092807770 -1.594878792763 -1.795793056488 -0.049710653722 -0.830890834332 -0.307117164135 0.461333215237
1403715578.512143135071 7.187190055847 -1.601319670677 -1.630129814148 -0.043634224683 -0.820439815521 -0.314327090979 0.475576519966
1403715578.562143087387 7.218002319336 -1.571729898453 -1.487533569336 -0.036316968501 -0.807438552380 -0.327417671680 0.489409536123
1403715578.612143278122 7.306204319000 -1.492882490158 -1.344519615173 -0.034327547997 -0.793225526810 -0.342406988144 0.502366721630
1403715578.662142992020 7.373030662537 -1.485621929169 -1.225458145142 -0.033946242183 -0.778673112392 -0.360504448414 0.512398660183
1403715578.712143182755 7.423223972321 -1.389039516449 -1.108710289001 -0.035432495177 -0.766312420368 -0.373119384050 0.521815717220
1403715578.762143135071 7.439221858978 -1.327974796295 -0.964168548584 -0.037600558251 -0.756866514683 -0.383162319660 0.528134346008
1403715578.812143087387 7.511904716492 -1.217060327530 -0.815879821777 -0.039346404374 -0.750745058060 -0.386615961790 0.534192681313
1403715578.862143039703 7.492712974548 -1.139545917511 -0.754333496094 -0.038863323629 -0.745151698589 -0.389814287424 0.539706826210
1403715578.912143230438 7.426474571228 -1.088962316513 -0.686249732971 -0.034067701548 -0.742688179016 -0.389342904091 0.543751537800
1403715578.962142944336 7.386981964111 -1.011297225952 -0.608407020569 -0.021030610427 -0.743585944176 -0.385123968124 0.546184241772
1403715579.012143135071 7.318454742432 -0.957169771194 -0.561122894287 -0.005685529206 -0.745643317699 -0.378063827753 0.548681557178
1403715579.062143087387 7.240426063538 -0.916451931000 -0.531558990479 0.013534886762 -0.747129499912 -0.374838024378 0.548735618591
1403715579.112143278122 7.132185935974 -0.896215438843 -0.519320487976 0.036789871752 -0.747678697109 -0.371876478195 0.548936188221
1403715579.162142992020 7.016034126282 -0.854669094086 -0.529318809509 0.059937220067 -0.749156773090 -0.367170900106 0.548048555851
1403715579.212143182755 6.917499542236 -0.815153360367 -0.574764251709 0.085083879530 -0.750072240829 -0.362305372953 0.546705782413
1403715579.262143135071 6.816704750061 -0.794800519943 -0.640181064606 0.100310765207 -0.751681745052 -0.355920433998 0.546107113361
1403715579.312143087387 6.734155178070 -0.763159751892 -0.721855640411 0.108858160675 -0.753706336021 -0.349039465189 0.546120941639
1403715579.362143039703 6.650115966797 -0.720696926117 -0.828063964844 0.112520799041 -0.753758430481 -0.347526520491 0.546271562576
1403715579.412143230438 6.583673954010 -0.670564889908 -0.935719490051 0.110337123275 -0.754550218582 -0.345708876848 0.546777009964
1403715579.462142944336 6.508566856384 -0.602443933487 -1.082703113556 0.106482394040 -0.754929959774 -0.344559997320 0.547741413116
1403715579.512143135071 6.442092418671 -0.501034259796 -1.264531612396 0.097349539399 -0.754784524441 -0.344301730394 0.549799740314
1403715579.562143087387 6.389063358307 -0.430801153183 -1.428318500519 0.082771226764 -0.757198989391 -0.342084646225 0.550251483917
1403715579.612143278122 6.343108177185 -0.357146024704 -1.601659297943 0.076416127384 -0.758767962456 -0.340608417988 0.549925148487
1403715579.662142992020 6.301817417145 -0.283136606216 -1.770128726959 0.071834489703 -0.762709915638 -0.335280984640 0.548361241817
1403715579.712143182755 6.226019382477 -0.183383464813 -2.014630794525 0.068677812815 -0.765807807446 -0.330197542906 0.547532081604
1403715579.762143135071 6.226293563843 -0.115215063095 -2.239563465118 0.066761992872 -0.768999636173 -0.324258238077 0.546844601631
1403715579.812143087387 6.181708812714 -0.070464015007 -2.478271484375 0.067626915872 -0.770995855331 -0.323002547026 0.544666290283
1403715579.862143039703 6.161795139313 -0.003930807114 -2.708120822906 0.071096472442 -0.772767841816 -0.319899320602 0.543543577194
1403715579.912143230438 6.144913673401 0.069427967072 -2.967695236206 0.072696119547 -0.772929072380 -0.317793965340 0.544337153435
1403715579.962142944336 6.115070819855 0.175014495850 -3.259470462799 0.070371463895 -0.773053765297 -0.311822593212 0.547907292843
1403715580.012143135071 6.120553970337 0.219858169556 -3.534933090210 0.065628714859 -0.772120773792 -0.306728661060 0.552666127682
1403715580.062143087387 6.104284286499 0.293806552887 -3.819489955902 0.060891184956 -0.769726216793 -0.300514876842 0.559914827347
1403715580.112143278122 6.093624114990 0.395005106926 -4.090850353241 0.056742023677 -0.766301095486 -0.293836146593 0.568527281284
1403715580.162142992020 6.069673538208 0.509242296219 -4.324026584625 0.053512904793 -0.762251853943 -0.286921650171 0.577740788460
1403715580.212143182755 6.106662750244 0.568315625191 -4.702840805054 0.048323359340 -0.753743112087 -0.283505022526 0.590898513794
1403715580.262143135071 6.091505527496 0.714951992035 -4.960634708405 0.045240011066 -0.747006416321 -0.277499735355 0.602435648441
1403715580.312143087387 6.104655265808 0.860865473747 -5.227388381958 0.041982125491 -0.740111649036 -0.269641608000 0.614626407623
1403715580.362143039703 6.113122940063 0.907981395721 -5.514174461365 0.033495284617 -0.732386052608 -0.262881994247 0.627201557159
1403715580.412143230438 6.120619773865 1.062973737717 -5.733926296234 0.028586192057 -0.725552976131 -0.253038167953 0.639317929745
1403715580.462142944336 6.118797302246 1.250064849854 -5.936175823212 0.023090206087 -0.719324648380 -0.241340428591 0.650994479656
1403715580.512143135071 6.141413688660 1.347374677658 -6.209965229034 0.015695817769 -0.711564302444 -0.234099954367 0.662289321423
1403715580.562143087387 6.167753219604 1.465796351433 -6.467074871063 0.008689204231 -0.704852104187 -0.227336809039 0.671882450581
1403715580.612143278122 6.180876255035 1.585572361946 -6.696759700775 -0.001410932047 -0.700008392334 -0.220312327147 0.679300189018
1403715580.662142992020 6.207581996918 1.682077407837 -6.958910465240 -0.012762545608 -0.694713234901 -0.214892446995 0.686317622662
1403715580.712143182755 6.243034839630 1.791122436523 -7.172655582428 -0.024177011102 -0.691177845001 -0.208740085363 0.691459476948
1403715580.762143135071 6.243721008301 1.888732671738 -7.406677722931 -0.034177143127 -0.687140107155 -0.204477101564 0.696318566799
1403715580.812143087387 6.277898311615 1.979241847992 -7.618356227875 -0.044709496200 -0.684794127941 -0.198201432824 0.699838757515
1403715580.862143039703 6.295709609985 2.049445152283 -7.810656547546 -0.057636972517 -0.682816028595 -0.191785499454 0.702608406544
1403715580.912143230438 6.278640747070 2.143761157990 -8.011455535889 -0.072245933115 -0.681226015091 -0.184359699488 0.704785883427
1403715580.962142944336 6.297000885010 2.200389146805 -8.145448684692 -0.086127467453 -0.680668056011 -0.178761050105 0.705207467079
1403715581.012143135071 6.307733535767 2.264361381531 -8.277879714966 -0.091192089021 -0.678199172020 -0.180329129100 0.706548869610
1403715581.062143087387 6.291571140289 2.308386564255 -8.359655380249 -0.095962710679 -0.675986289978 -0.185849457979 0.706607162952
1403715581.112143278122 6.258457183838 2.323436975479 -8.444006919861 -0.097969986498 -0.672181665897 -0.194447755814 0.707646667957
1403715581.162142992020 6.248515129089 2.348838329315 -8.527815818787 -0.094112373888 -0.668474793434 -0.201769977808 0.709628999233
1403715581.212143182755 6.214119911194 2.364804267883 -8.577669143677 -0.084641516209 -0.665222764015 -0.209216684103 0.711718261242
1403715581.262143135071 6.152695655823 2.350533962250 -8.628317832947 -0.076169088483 -0.664068579674 -0.211667507887 0.713027417660
1403715581.312143087387 6.097361564636 2.321488142014 -8.652748107910 -0.069910258055 -0.665473818779 -0.211687967181 0.712351977825
1403715581.362143039703 6.040859699249 2.348381280899 -8.618419647217 -0.062561303377 -0.670315682888 -0.210018575191 0.708981812000
1403715581.412143230438 5.971630096436 2.320893049240 -8.616914749146 -0.056471250951 -0.674391269684 -0.212640479207 0.704834342003
1403715581.462142944336 5.892004966736 2.296566486359 -8.618600845337 -0.047958601266 -0.678628265858 -0.218850553036 0.699477016926
1403715581.512143135071 5.805956363678 2.289158105850 -8.585623741150 -0.033436715603 -0.684016585350 -0.227395549417 0.692310988903
1403715581.562143087387 5.726116657257 2.253555059433 -8.581512451172 -0.018490158021 -0.689292788506 -0.238531455398 0.683839499950
1403715581.612143278122 5.646113395691 2.253649473190 -8.531757354736 -0.004057616927 -0.695755481720 -0.249004334211 0.673724472523
1403715581.662142992020 5.554111957550 2.267563819885 -8.501916885376 0.009549010545 -0.702505052090 -0.259334832430 0.662677168846
1403715581.712143182755 5.462131977081 2.289677858353 -8.399479866028 0.021329406649 -0.711210846901 -0.269366860390 0.648972809315
1403715581.762143135071 5.378011703491 2.312058448792 -8.366962432861 0.033083654940 -0.718595921993 -0.280431360006 0.635518372059
1403715581.812143087387 5.279178619385 2.309948205948 -8.322684288025 0.044062975794 -0.726909935474 -0.292048513889 0.619974255562
1403715581.862143039703 5.190465927124 2.333782434464 -8.312088012695 0.052876148373 -0.734871745110 -0.301411241293 0.605242848396
1403715581.912143230438 5.108628749847 2.369634151459 -8.288074493408 0.056500822306 -0.745080888271 -0.305169254541 0.590367555618
1403715581.962142944336 5.012785434723 2.296622276306 -8.292196273804 0.051156703383 -0.756256103516 -0.308329939842 0.574797689915
1403715582.012143135071 4.952044487000 2.330836534500 -8.313074111938 0.052811577916 -0.768229246140 -0.302483975887 0.561727881432
1403715582.062143087387 4.878274917603 2.320434093475 -8.307187080383 0.053057059646 -0.782255709171 -0.293455481529 0.546941339970
1403715582.112143278122 4.821500778198 2.351621627808 -8.300685882568 0.057580798864 -0.794807195663 -0.282837301493 0.533824920654
1403715582.162142992020 4.738278388977 2.312768459320 -8.342257499695 0.060027025640 -0.804420888424 -0.276274293661 0.522471368313
1403715582.212143182755 4.652638435364 2.237056970596 -8.389569282532 0.060247618705 -0.812312662601 -0.272350430489 0.512194931507
1403715582.262143135071 4.612751007080 2.252833366394 -8.405320167542 0.061298456043 -0.816893517971 -0.271577239037 0.505146801472
1403715582.312143087387 4.584648132324 2.305962562561 -8.441864013672 0.059807125479 -0.818022429943 -0.275415360928 0.501406788826
1403715582.362143039703 4.535324096680 2.306770801544 -8.452546119690 0.056258458644 -0.817936301231 -0.283797562122 0.497266650200
1403715582.412143230438 4.461893081665 2.264150142670 -8.432909011841 0.051638185978 -0.817705631256 -0.293736159801 0.492351561785
1403715582.462142944336 4.405675888062 2.280294418335 -8.470034599304 0.047040537000 -0.814916729927 -0.303982704878 0.491215229034
1403715582.512143135071 4.365782737732 2.298880100250 -8.449773788452 0.042962610722 -0.813124299049 -0.312203109264 0.489400058985
1403715582.562143087387 4.339510917664 2.322165489197 -8.476463317871 0.039105679840 -0.810788810253 -0.318106591702 0.489796370268
1403715582.612143278122 4.307215690613 2.327122688293 -8.487810134888 0.036160282791 -0.808813750744 -0.323134452105 0.489996820688
1403715582.662142992020 4.269191741943 2.341065645218 -8.518969535828 0.033492427319 -0.806865155697 -0.326116800308 0.491421222687
1403715582.712143182755 4.242224693298 2.352423906326 -8.569855690002 0.031075198203 -0.804291486740 -0.328492730856 0.494208544493
1403715582.762143135071 4.217086791992 2.372087240219 -8.613427162170 0.029443865642 -0.801994740963 -0.329352110624 0.497458189726
1403715582.812143087387 4.168876647949 2.384636640549 -8.665752410889 0.026874279603 -0.799136102200 -0.332568883896 0.500057160854
1403715582.862143039703 4.116273880005 2.381375312805 -8.703351974487 0.022598981857 -0.795915603638 -0.337542772293 0.502068221569
1403715582.912143230438 4.056542396545 2.377583026886 -8.777513504028 0.018157185987 -0.791019678116 -0.344955593348 0.504939436913
1403715582.962142944336 4.008383750916 2.431689500809 -8.844096183777 0.014719546773 -0.786767423153 -0.349835783243 0.508325934410
1403715583.012143135071 3.933599472046 2.494734525681 -8.880050659180 0.011084580794 -0.784121990204 -0.353415369987 0.510026991367
1403715583.062143087387 3.872316360474 2.565379142761 -8.951627731323 0.009009878151 -0.781122624874 -0.355902969837 0.512932121754
1403715583.112143278122 3.773348808289 2.628463268280 -9.040069580078 0.007671459578 -0.779962897301 -0.354805171490 0.515472888947
1403715583.162142992020 3.709099769592 2.721479415894 -9.134925842285 0.013178206049 -0.782715737820 -0.343404144049 0.518898844719
1403715583.212143182755 3.611433982849 2.791271924973 -9.240364074707 0.018512055278 -0.786811113358 -0.329831391573 0.521341383457
1403715583.262143135071 3.491874694824 2.842097759247 -9.346466064453 0.022963909432 -0.792852222919 -0.313601911068 0.522026777267
1403715583.312143087387 3.402502059937 2.945754051208 -9.469583511353 0.028475629166 -0.798139750957 -0.295207172632 0.524418532848
1403715583.362143039703 3.246273994446 2.939900398254 -9.556241035461 0.030492167920 -0.805100679398 -0.281584084034 0.521146416664
1403715583.412143230438 3.171553611755 3.075429439545 -9.660523414612 0.035001710057 -0.810529887676 -0.261290937662 0.523013591766
1403715583.462142944336 3.077302932739 3.163395881653 -9.734086036682 0.039617985487 -0.816080033779 -0.245769724250 0.521575570107
1403715583.512143135071 2.977163314819 3.200907707214 -9.844057083130 0.043182525784 -0.819729566574 -0.235491916537 0.520309805870
1403715583.562143087387 2.887673377991 3.266947269440 -9.918281555176 0.048286966980 -0.824320316315 -0.222814932466 0.518187165260
1403715583.612143278122 2.833474159241 3.368161678314 -10.009279251099 0.058505620807 -0.829275906086 -0.202879011631 0.517415285110
1403715583.662142992020 2.778973579407 3.427801370621 -10.068409919739 0.070833653212 -0.834319412708 -0.184387162328 0.514679610729
1403715583.712143182755 2.748387336731 3.491657257080 -10.129720687866 0.083546958864 -0.838555455208 -0.166146680713 0.512093663216
1403715583.762143135071 2.730186462402 3.522045373917 -10.157810211182 0.094585724175 -0.842493236065 -0.151642814279 0.508195996284
1403715583.812143087387 2.763056755066 3.573410272598 -10.206659317017 0.104698717594 -0.844330132008 -0.138567045331 0.506896436214
1403715583.862143039703 2.809218406677 3.611245155334 -10.195306777954 0.110082998872 -0.847254872322 -0.128140851855 0.503607809544
1403715583.912143230438 2.912294387817 3.631292343140 -10.186214447021 0.110520817339 -0.848567128181 -0.123741775751 0.502401232719
1403715583.962142944336 3.032242774963 3.594405651093 -10.145597457886 0.104168362916 -0.850346207619 -0.124375239015 0.500590860844
1403715584.012143135071 3.202838897705 3.568555831909 -10.089207649231 0.094544388354 -0.851611912251 -0.126157492399 0.499902874231
1403715584.062143087387 3.416499137878 3.550356388092 -10.025444030762 0.082928784192 -0.851242363453 -0.130767166615 0.501407265663
1403715584.112143278122 3.649164199829 3.439169645309 -9.949668884277 0.065920762718 -0.850009620190 -0.144488126040 0.502256214619
1403715584.162142992020 3.883255958557 3.304496288300 -9.823335647583 0.048715062439 -0.848100841045 -0.161947771907 0.502120256424
1403715584.212143182755 4.162277221680 3.179857254028 -9.686414718628 0.029975030571 -0.844817340374 -0.180265218019 0.502881348133
1403715584.262143135071 4.475694656372 3.101278781891 -9.609711647034 0.012964144349 -0.837400078773 -0.202102050185 0.507688701153
1403715584.312143087387 4.746779441833 2.924331665039 -9.421224594116 -0.004130493850 -0.832031011581 -0.226972520351 0.506152987480
1403715584.362143039703 5.065098762512 2.815128564835 -9.266933441162 -0.016648372635 -0.826024115086 -0.245096847415 0.507281541824
1403715584.412143230438 5.316826820374 2.648324728012 -9.080857276917 -0.027210386470 -0.820359110832 -0.265151292086 0.505930125713
1403715584.462142944336 5.634860038757 2.596623659134 -8.870375633240 -0.030967704952 -0.815895378590 -0.277022004128 0.506571352482
1403715584.512143135071 5.892351150513 2.491123199463 -8.686921119690 -0.034342922270 -0.812036097050 -0.287804245949 0.506543815136
1403715584.562143087387 6.169194221497 2.388098001480 -8.495080947876 -0.037283211946 -0.808491945267 -0.296580821276 0.506942331791
1403715584.612143278122 6.406946182251 2.308912515640 -8.237636566162 -0.036683391780 -0.807111978531 -0.302354812622 0.505772829056
1403715584.662142992020 6.644851684570 2.228394985199 -8.023626327515 -0.032354313880 -0.804357290268 -0.310031652451 0.505809247494
1403715584.712143182755 6.860508918762 2.131825447083 -7.799175262451 -0.024284057319 -0.800967931747 -0.320215284824 0.505294680595
1403715584.762143135071 7.088202476501 2.046068191528 -7.619307518005 -0.016764095053 -0.796439886093 -0.329432666302 0.506829857826
1403715584.812143087387 7.279028892517 1.943806886673 -7.393739223480 -0.010438540950 -0.793921887875 -0.335838496685 0.506746113300
1403715584.862143039703 7.473474025726 1.849733948708 -7.191335678101 -0.005294764880 -0.791157782078 -0.340838134289 0.507809698582
1403715584.912143230438 7.675769329071 1.749974012375 -7.051195621490 -0.001294652116 -0.786369323730 -0.348674029112 0.509949028492
1403715584.962142944336 7.838703155518 1.644131422043 -6.864676952362 0.003825331107 -0.781715393066 -0.358892470598 0.510002672672
1403715585.012143135071 7.980851650238 1.546700000763 -6.654022693634 0.004157638643 -0.777330935001 -0.369371205568 0.509219288826
1403715585.062143087387 8.131380081177 1.469639301300 -6.493879795074 -0.000024840456 -0.772637426853 -0.377814650536 0.510183811188
1403715585.112143278122 8.269103050232 1.395158529282 -6.331786632538 -0.005798629485 -0.768791437149 -0.384314447641 0.511105239391
1403715585.162142992020 8.396930694580 1.316490173340 -6.217875003815 -0.010409268551 -0.764798760414 -0.390933841467 0.512001216412
1403715585.212143182755 8.485219955444 1.234679698944 -6.093134403229 -0.014764363877 -0.763657450676 -0.393157213926 0.511895239353
1403715585.262143135071 8.576613426208 1.176422119141 -5.998407840729 -0.013377558440 -0.764275252819 -0.391638785601 0.512175321579
1403715585.312143087387 8.641223907471 1.075359821320 -5.934422492981 -0.011330176145 -0.766950130463 -0.386462539434 0.512158036232
1403715585.362143039703 8.691856384277 1.015698909760 -5.865806579590 -0.004336020909 -0.770922601223 -0.379896670580 0.511212468147
1403715585.412143230438 8.742700576782 0.952293634415 -5.826361656189 0.002219852060 -0.774607419968 -0.372890949249 0.510813951492
1403715585.462142944336 8.768270492554 0.888389110565 -5.799600124359 0.006700443104 -0.777733266354 -0.367634892464 0.509833812714
1403715585.512143135071 8.792292594910 0.855622768402 -5.762239933014 0.014112617821 -0.781518757343 -0.360824793577 0.508758068085
1403715585.562143087387 8.805412292480 0.799199581146 -5.754938602448 0.021053547040 -0.785020232201 -0.354353964329 0.507674336433
1403715585.612143278122 8.811376571655 0.766491889954 -5.752589225769 0.026437925175 -0.787655174732 -0.349542349577 0.506675958633
1403715585.662142992020 8.814245223999 0.726216793060 -5.744935512543 0.029978692532 -0.790194869041 -0.345743834972 0.505128264427
1403715585.712143182755 8.819679260254 0.713433980942 -5.753339767456 0.031693257391 -0.790903389454 -0.344927728176 0.504472374916
1403715585.762143135071 8.815944671631 0.700469255447 -5.764924049377 0.031959809363 -0.791445791721 -0.344882875681 0.503634750843
1403715585.812143087387 8.812545776367 0.722741365433 -5.776088714600 0.028307041153 -0.792532026768 -0.342565238476 0.503726840019
1403715585.862143039703 8.803821563721 0.756180763245 -5.778388500214 0.022562842816 -0.793915808201 -0.340542674065 0.503209114075
1403715585.912143230438 8.794842720032 0.809838533401 -5.790459632874 0.012349405326 -0.795793473721 -0.336520910263 0.503302991390
1403715585.962142944336 8.777227401733 0.874988794327 -5.800224304199 -0.000100455218 -0.797995030880 -0.330862134695 0.503720343113
1403715586.012143135071 8.762207031250 0.944441080093 -5.823765754700 -0.013711302541 -0.800393223763 -0.323316693306 0.504627585411
1403715586.062143087387 8.729772567749 0.994465589523 -5.852475166321 -0.025279100984 -0.803688287735 -0.312781929970 0.505582392216
1403715586.112143278122 8.687867164612 1.027884483337 -5.873268604279 -0.027592770755 -0.808740794659 -0.297813147306 0.506442785263
1403715586.162142992020 8.633862495422 1.053911924362 -5.885433197021 -0.022861745209 -0.813145577908 -0.285325855017 0.506814360619
1403715586.212143182755 8.584022521973 1.084075927734 -5.915829181671 -0.012297006324 -0.815877497196 -0.276574343443 0.507641077042
1403715586.262143135071 8.519914627075 1.077018976212 -5.920130729675 0.001583107049 -0.817272603512 -0.272946655750 0.507506728172
1403715586.312143087387 8.455867767334 1.057363986969 -5.916089534760 0.016839554533 -0.817280709743 -0.273457407951 0.506941497326
1403715586.362143039703 8.406829833984 1.082007527351 -5.929749488831 0.034540694207 -0.816653847694 -0.273045569658 0.507276713848
1403715586.412143230438 8.355990409851 1.080008506775 -5.939483642578 0.049392350018 -0.816042363644 -0.272754013538 0.507188796997
1403715586.462142944336 8.320319175720 1.071221947670 -5.949243068695 0.060526963323 -0.816158354282 -0.271087616682 0.506688773632
1403715586.512143135071 8.289911270142 1.081282377243 -5.945135116577 0.068549007177 -0.816688120365 -0.268793523312 0.506035327911
1403715586.562143087387 8.265775680542 1.082297801971 -5.944766044617 0.072376124561 -0.817468762398 -0.266474545002 0.505467951298
1403715586.612143278122 8.255140304565 1.080222368240 -5.946050167084 0.074392281473 -0.817865371704 -0.264972656965 0.505323290825
1403715586.662142992020 8.266999244690 1.086195945740 -5.956498622894 0.073444671929 -0.817142784595 -0.266147911549 0.506012678146
1403715586.712143182755 8.278630256653 1.085617065430 -5.956384181976 0.068070083857 -0.816847264767 -0.267721444368 0.506411254406
1403715586.762143135071 8.303257942200 1.079897880554 -5.964124202728 0.058729343116 -0.815748453140 -0.271625608206 0.507272005081
1403715586.812143087387 8.339007377625 1.081506848335 -5.962099075317 0.046502210200 -0.813927590847 -0.277337133884 0.508373379707
1403715586.862143039703 8.383647918701 1.084908723831 -5.966478347778 0.033897120506 -0.811234295368 -0.284543156624 0.509691298008
1403715586.912143230438 8.424434661865 1.081954121590 -5.965281009674 0.023856189102 -0.808410406113 -0.291692584753 0.510704338551
1403715586.962142944336 8.461296081543 1.074935197830 -5.965114593506 0.017129728571 -0.805789291859 -0.297350078821 0.511852622032
1403715587.012143135071 8.507323265076 1.068676471710 -5.965721607208 0.013095317408 -0.804125189781 -0.300382971764 0.512817025185
1403715587.062143087387 8.549929618835 1.059950828552 -5.965126514435 0.010545226745 -0.803206503391 -0.301336735487 0.513754963875
1403715587.112143278122 8.588844299316 1.055693864822 -5.975072860718 0.011115847155 -0.803012311459 -0.300092399120 0.514773964882
1403715587.162142992020 8.626266479492 1.038970470428 -5.983448028564 0.017400790006 -0.803871273994 -0.297400116920 0.514821827412
1403715587.212143182755 8.660383224487 1.018628597260 -5.991541862488 0.024980075657 -0.805869579315 -0.292802780867 0.514020204544
1403715587.262143135071 8.696647644043 1.003812432289 -6.002625942230 0.031321406364 -0.807743012905 -0.288793981075 0.512999236584
1403715587.312143087387 8.742041587830 0.985078573227 -6.022671222687 0.035817880183 -0.809510052204 -0.285600364208 0.511705994606
1403715587.362143039703 8.784062385559 0.957695484161 -6.025689125061 0.033933959901 -0.812411010265 -0.281685799360 0.509401679039
1403715587.412143230438 8.834367752075 0.931155323982 -6.047726631165 0.029671987519 -0.815339207649 -0.276774138212 0.507678687572
1403715587.462142944336 8.877904891968 0.895023107529 -6.055112361908 0.022775501013 -0.817728579044 -0.273066610098 0.506197452545
1403715587.512143135071 8.932737350464 0.866578817368 -6.068375587463 0.014850884676 -0.818446278572 -0.270354330540 0.506787598133
1403715587.562143087387 8.986621856689 0.839018344879 -6.075757980347 0.005767785478 -0.818345963955 -0.266627669334 0.509103477001
1403715587.612143278122 9.035412788391 0.797984838486 -6.073245525360 -0.004200794734 -0.816838860512 -0.263372302055 0.513217091560
1403715587.662142992020 9.079189300537 0.758972406387 -6.053107261658 -0.012933004647 -0.813938736916 -0.260901808739 0.518909215927
1403715587.712143182755 9.137497901917 0.728000640869 -6.054399490356 -0.019698550925 -0.808322250843 -0.260788112879 0.527462601662
1403715587.762143135071 9.179424285889 0.681143999100 -6.021766662598 -0.024781001732 -0.801858007908 -0.259736806154 0.537537395954
1403715587.812143087387 9.207466125488 0.643323659897 -5.982336997986 -0.027561731637 -0.794398665428 -0.257147610188 0.549587309361
1403715587.862143039703 9.232215881348 0.583195209503 -5.928380012512 -0.027865543962 -0.785852670670 -0.253670126200 0.563303232193
1403715587.912143230438 9.245030403137 0.540351629257 -5.855356216431 -0.023794580251 -0.776195228100 -0.250212013721 0.578229010105
1403715587.962142944336 9.261364936829 0.487235546112 -5.787610054016 -0.016039250419 -0.765423893929 -0.245648279786 0.594580471516
1403715588.012143135071 9.283335685730 0.426530838013 -5.727849960327 -0.007179636974 -0.753724038601 -0.240450590849 0.611581563950
1403715588.062143087387 9.290852546692 0.378776073456 -5.635620117188 0.003088954836 -0.742440640926 -0.233824923635 0.627772450447
1403715588.112143278122 9.322097778320 0.304375171661 -5.533778190613 0.011959338561 -0.730734348297 -0.227310255170 0.643594861031
1403715588.162142992020 9.317222595215 0.278671026230 -5.407445907593 0.021146671847 -0.719073653221 -0.219634622335 0.658973932266
1403715588.212143182755 9.355688095093 0.244113206863 -5.354735374451 0.028758773580 -0.705259382725 -0.212789773941 0.675649762154
1403715588.262143135071 9.351666450500 0.282297611237 -5.182868957520 0.033797457814 -0.693798899651 -0.203260824084 0.690062224865
1403715588.312143087387 9.389036178589 0.253974676132 -5.039757728577 0.034853089601 -0.681057214737 -0.196531161666 0.704501211643
1403715588.362143039703 9.442928314209 0.276418685913 -4.865178108215 0.036660209298 -0.669076025486 -0.189750745893 0.717626631260
1403715588.412143230438 9.494149208069 0.285144805908 -4.718438148499 0.037790659815 -0.655330896378 -0.184745386243 0.731424927711
1403715588.462142944336 9.547204971313 0.330415010452 -4.586407661438 0.040314588696 -0.641880750656 -0.179729819298 0.744352757931
1403715588.512143135071 9.609916687012 0.364306211472 -4.454434394836 0.039679706097 -0.628198862076 -0.175612166524 0.756936013699
1403715588.562143087387 9.684309959412 0.382544517517 -4.311904907227 0.039342295378 -0.614823937416 -0.171529665589 0.768779098988
1403715588.612143278122 9.772162437439 0.392618656158 -4.174250125885 0.036352191120 -0.601042866707 -0.169127389789 0.780270397663
1403715588.662142992020 9.886940956116 0.403136730194 -4.010932445526 0.031187361106 -0.587850272655 -0.167557120323 0.790812253952
1403715588.712143182755 9.991324424744 0.420236587524 -3.860723495483 0.025419652462 -0.573289453983 -0.169322431087 0.801263272762
1403715588.762143135071 10.144170761108 0.456541776657 -3.656934261322 0.019721221179 -0.559891879559 -0.171004176140 0.810487329960
1403715588.812143087387 10.254162788391 0.457018136978 -3.523457527161 0.011354537681 -0.543407678604 -0.175923317671 0.820749819279
1403715588.862143039703 10.362752914429 0.487292766571 -3.360354900360 0.002300301101 -0.526240408421 -0.182502344251 0.830517172813
1403715588.912143230438 10.497360229492 0.502965688705 -3.185895919800 -0.008417248726 -0.509383261204 -0.190315604210 0.839188814163
1403715588.962142944336 10.658381462097 0.451067924500 -2.972526550293 -0.019950203598 -0.493092685938 -0.199918836355 0.846459746361
1403715589.012143135071 10.729523658752 0.496481895447 -2.829226970673 -0.028692843392 -0.475893586874 -0.204262569547 0.854973077774
1403715589.062143087387 10.754740715027 0.587602376938 -2.738505840302 -0.036706667393 -0.458016306162 -0.204299882054 0.864369869232
1403715589.112143278122 10.782405853271 0.548637866974 -2.531150341034 -0.042602535337 -0.443284392357 -0.205849722028 0.871383905411
1403715589.162142992020 10.806338310242 0.553052067757 -2.381733417511 -0.046445380896 -0.429958015680 -0.204544007778 0.878146171570
1403715589.212143182755 10.912797927856 0.506730079651 -2.224547386169 -0.049477495253 -0.420227855444 -0.202261596918 0.883204817772
1403715589.262143135071 10.966999053955 0.461091876030 -2.039837837219 -0.051516316831 -0.409716576338 -0.199394196272 0.888662099838
1403715589.312143087387 10.955358505249 0.433755636215 -1.872297286987 -0.054208476096 -0.398301869631 -0.197184085846 0.894167482853
1403715589.362143039703 10.995355606079 0.334357380867 -1.755897045135 -0.061079844832 -0.387546122074 -0.195255428553 0.898861825466
1403715589.412143230438 10.971819877625 0.271185994148 -1.592162132263 -0.066086471081 -0.376591145992 -0.192726299167 0.903697013855
1403715589.462142944336 10.958424568176 0.166360974312 -1.410474538803 -0.072880789638 -0.366785675287 -0.188938513398 0.907997190952
1403715589.512143135071 10.918656349182 0.081763982773 -1.237556219101 -0.077064849436 -0.356152385473 -0.186840608716 0.912308633327
1403715589.562143087387 10.847831726074 -0.019720375538 -1.069480657578 -0.080507166684 -0.346812278032 -0.187248155475 0.915520608425
1403715589.612143278122 10.784067153931 -0.126872360706 -0.887077569962 -0.083381898701 -0.339795708656 -0.186041548848 0.918136656284
1403715589.662142992020 10.656387329102 -0.270483344793 -0.697257995605 -0.083993092179 -0.334185093641 -0.184217065573 0.920505046844
1403715589.712143182755 10.537336349487 -0.423098593950 -0.506231546402 -0.079886391759 -0.330708652735 -0.181752443314 0.922613680363
1403715589.762143135071 10.381511688232 -0.602145791054 -0.317226171494 -0.067641660571 -0.329081118107 -0.177078068256 0.925080358982
1403715589.812143087387 10.238032341003 -0.817643404007 -0.069084048271 -0.047746427357 -0.331813782454 -0.170331180096 0.926610589027
1403715589.862143039703 10.032943725586 -1.019842147827 0.122531414032 -0.025981057435 -0.333411723375 -0.162658736110 0.928279995918
1403715589.912143230438 9.835620880127 -1.228523492813 0.335391998291 -0.007162410766 -0.336744785309 -0.153833985329 0.928916990757
1403715589.962142944336 9.678754806519 -1.432693839073 0.551040589809 0.007253907621 -0.340791583061 -0.145448505878 0.928791284561
1403715590.012143135071 9.499009132385 -1.648510456085 0.775100052357 0.016850696877 -0.344517618418 -0.139493972063 0.928205311298
1403715590.062143087387 9.308665275574 -1.825660467148 0.976127266884 0.023966405541 -0.346483170986 -0.136585637927 0.927749693394
1403715590.112143278122 9.115299224854 -1.990822672844 1.188929557800 0.028671031818 -0.347683668137 -0.136971488595 0.927109956741
1403715590.162142992020 8.932772636414 -2.180830717087 1.383254170418 0.029041823000 -0.348525673151 -0.139428168535 0.926415860653
1403715590.212143182755 8.725221633911 -2.339274883270 1.571319580078 0.027099385858 -0.349299311638 -0.143251106143 0.925599694252
1403715590.262143135071 8.552932739258 -2.532310962677 1.789965152740 0.024839889258 -0.352725267410 -0.148549512029 0.923526346684
1403715590.312143087387 8.354147911072 -2.712527751923 1.969647407532 0.023879900575 -0.356007546186 -0.156357556581 0.920999884605
1403715590.362143039703 8.166979789734 -2.837551355362 2.139115095139 0.027367966250 -0.360145151615 -0.166799888015 0.917455375195
1403715590.412143230438 7.960825920105 -3.004543542862 2.290096044540 0.029023589566 -0.365575283766 -0.179065838456 0.912933588028
1403715590.462142944336 7.751328468323 -3.119537353516 2.468609571457 0.034026090056 -0.374323576689 -0.188850730658 0.907226264477
1403715590.512143135071 7.544503211975 -3.290194988251 2.594650268555 0.035498496145 -0.383698403835 -0.199995547533 0.900842487812
1403715590.562143087387 7.323755741119 -3.413805484772 2.726333618164 0.039433024824 -0.394472628832 -0.211318299174 0.893409729004
1403715590.612143278122 7.099038600922 -3.544394254684 2.864851236343 0.039473108947 -0.407760649920 -0.221299141645 0.884985804558
1403715590.662142992020 6.869230270386 -3.650368690491 2.998476266861 0.035808824003 -0.423217773438 -0.226070567966 0.876639366150
1403715590.712143182755 6.622604370117 -3.755005598068 3.078879356384 0.028837865219 -0.439835280180 -0.227263852954 0.868368864059
1403715590.762143135071 6.382041931152 -3.908638954163 3.172435283661 0.022054484114 -0.459162503481 -0.225959524512 0.858851432800
1403715590.812143087387 6.118556022644 -4.025593757629 3.280603647232 0.019400164485 -0.479061990976 -0.223227679729 0.848700582981
1403715590.862143039703 5.844971179962 -4.131130695343 3.359408617020 0.020544627681 -0.498301863670 -0.221500441432 0.837980151176
1403715590.912143230438 5.591621398926 -4.273445606232 3.428124666214 0.021433597431 -0.516688466072 -0.221467018127 0.826756298542
1403715590.962142944336 5.310741424561 -4.375006675720 3.501841068268 0.023875096813 -0.535609066486 -0.224720776081 0.813666760921
1403715591.012143135071 5.050824165344 -4.475594997406 3.549825191498 0.024455681443 -0.552320122719 -0.230043798685 0.800889670849
1403715591.062143087387 4.781525611877 -4.593510150909 3.615689516068 0.023218339309 -0.569694101810 -0.237253412604 0.786524236202
1403715591.112143278122 4.510321617126 -4.657268524170 3.655190229416 0.024702707306 -0.585525155067 -0.244866877794 0.772392570972
1403715591.162142992020 4.234300136566 -4.767527580261 3.715791702271 0.025925574824 -0.601711571217 -0.255761712790 0.756212294102
1403715591.212143182755 3.964283466339 -4.856534004211 3.761045455933 0.028550682589 -0.616966903210 -0.267566502094 0.739557206631
1403715591.262143135071 3.693009376526 -4.944657802582 3.808338880539 0.033083990216 -0.631736993790 -0.279680281878 0.722213804722
1403715591.312143087387 3.425033092499 -5.023171424866 3.838370084763 0.038733974099 -0.645803332329 -0.291570216417 0.704573988914
1403715591.362143039703 3.147778987885 -5.110816478729 3.878505468369 0.041266549379 -0.660818815231 -0.300175756216 0.686665952206
1403715591.412143230438 2.863056659698 -5.171010017395 3.908931255341 0.045016512275 -0.675725340843 -0.308351665735 0.668047964573
1403715591.462142944336 2.601806163788 -5.245115280151 3.871883869171 0.047772746533 -0.688968837261 -0.315679609776 0.650681376457
1403715591.512143135071 2.316523075104 -5.297715663910 3.894685745239 0.047498106956 -0.703140139580 -0.321687489748 0.632340908051
1403715591.562143087387 2.034154415131 -5.339698791504 3.893600702286 0.046513382345 -0.717299520969 -0.326708644629 0.613660633564
1403715591.612143278122 1.765465259552 -5.372944831848 3.886545896530 0.043195225298 -0.731195151806 -0.330134153366 0.595398426056
1403715591.662142992020 1.506578922272 -5.398673057556 3.810484647751 0.041276872158 -0.742993772030 -0.333186686039 0.579001843929
1403715591.712143182755 1.201392173767 -5.380882740021 3.828656673431 0.044018074870 -0.756391942501 -0.335041105747 0.560072362423
1403715591.762143135071 0.939585685730 -5.371731758118 3.788077592850 0.047242254019 -0.767065584660 -0.337473571301 0.543590068817
1403715591.812143087387 0.691111564636 -5.302846431732 3.753723382950 0.051935322583 -0.777197659016 -0.339307099581 0.527387261391
1403715591.862143039703 0.411789417267 -5.270895957947 3.710374832153 0.053413465619 -0.786327898502 -0.342400133610 0.511466085911
1403715591.912143230438 0.138809680939 -5.203368186951 3.649604558945 0.056718215346 -0.794735014439 -0.345932304859 0.495489805937
1403715591.962142944336 -0.139630317688 -5.182711601257 3.584805250168 0.061138126999 -0.802374422550 -0.351390987635 0.478520452976
1403715592.012143135071 -0.400752544403 -5.060699462891 3.535302162170 0.069145031273 -0.809462845325 -0.355874359608 0.461889952421
1403715592.062143087387 -0.651539802551 -4.927350997925 3.500774621964 0.076406531036 -0.817055404186 -0.359192401171 0.444480985403
1403715592.112143278122 -0.900686264038 -4.808320999146 3.412657976151 0.083164043725 -0.824057221413 -0.362869381905 0.427012056112
1403715592.162142992020 -1.154646396637 -4.717052459717 3.334794044495 0.088805221021 -0.832820236683 -0.363694369793 0.407738238573
1403715592.212143182755 -1.368668079376 -4.584692955017 3.211016416550 0.096839182079 -0.842358469963 -0.360053479671 0.389121979475
1403715592.262143135071 -1.580793380737 -4.469297409058 3.117301464081 0.103078901768 -0.852256774902 -0.356547564268 0.368655622005
1403715592.312143087387 -1.777849197388 -4.357777595520 2.976433753967 0.108593404293 -0.860922038555 -0.354214191437 0.348644614220
1403715592.362143039703 -1.960809230804 -4.293699741364 2.809164524078 0.113390393555 -0.867951691151 -0.355468660593 0.327787309885
1403715592.412143230438 -2.135266780853 -4.200524330139 2.627001285553 0.117400459945 -0.874658226967 -0.356066167355 0.307257294655
1403715592.462142944336 -2.312287807465 -4.134745121002 2.461259603500 0.120557494462 -0.880933880806 -0.357937783003 0.285135209560
1403715592.512143135071 -2.427381038666 -4.037007808685 2.261806011200 0.125570282340 -0.886619091034 -0.357761085033 0.264850348234
1403715592.562143087387 -2.548480033875 -3.946082830429 2.055179357529 0.130515992641 -0.892098248005 -0.357636034489 0.243357211351
1403715592.612143278122 -2.645188331604 -3.884090900421 1.841499686241 0.134395182133 -0.896920979023 -0.357630431652 0.222645878792
1403715592.662142992020 -2.738233566284 -3.794260501862 1.620080471039 0.139859676361 -0.901306569576 -0.357713133097 0.200317293406
1403715592.712143182755 -2.755719661713 -3.693608760834 1.400180816650 0.144082456827 -0.905223786831 -0.356924116611 0.180042579770
1403715592.762143135071 -2.794004917145 -3.599854469299 1.161814570427 0.144306093454 -0.909284889698 -0.357293993235 0.157218739390
1403715592.812143087387 -2.787108421326 -3.517244815826 0.931437969208 0.136409804225 -0.913816273212 -0.357675462961 0.135648235679
1403715592.862143039703 -2.761873960495 -3.442808628082 0.692098140717 0.119605407119 -0.918482065201 -0.359148025513 0.114445991814
1403715592.912143230438 -2.721372842789 -3.361566066742 0.448095083237 0.100408144295 -0.922698855400 -0.360300391912 0.093427188694
1403715592.962142944336 -2.662590026855 -3.266735076904 0.210127234459 0.080592110753 -0.926414132118 -0.360616475344 0.072232291102
1403715593.012143135071 -2.576005220413 -3.180565357208 -0.049409151077 0.062631629407 -0.929430425167 -0.360023766756 0.051178790629
1403715593.062143087387 -2.512897729874 -3.084887266159 -0.307246923447 0.046837437898 -0.931870400906 -0.358616024256 0.028606411070
1403715593.112143278122 -2.440385580063 -2.990156412125 -0.527786493301 0.036838445812 -0.933892488480 -0.355615854263 0.005009862129
1403715593.162142992020 -2.361663103104 -2.894847631454 -0.764796912670 -0.030801296234 0.934702336788 0.353622794151 0.018268115819
1403715593.212143182755 -2.279782056808 -2.799744844437 -1.005625724792 -0.027625432238 0.935280978680 0.350391119719 0.041380580515
1403715593.262143135071 -2.202105998993 -2.692376613617 -1.257844328880 -0.026638481766 0.934898138046 0.348123967648 0.063761830330
1403715593.312143087387 -2.119728565216 -2.598644495010 -1.478010535240 -0.030496455729 0.933710992336 0.346517294645 0.084732614458
1403715593.362143039703 -2.041913747787 -2.493480682373 -1.721472024918 -0.039682563394 0.932297229767 0.343643933535 0.105622492731
1403715593.412143230438 -1.951600551605 -2.392525911331 -1.949465274811 -0.049685936421 0.930033266544 0.341757774353 0.125583216548
1403715593.462142944336 -1.885146617889 -2.317851066589 -2.196654558182 -0.059688035399 0.927087605000 0.339758366346 0.146663770080
1403715593.512143135071 -1.803275585175 -2.226315021515 -2.426002979279 -0.068581216037 0.923839390278 0.337482780218 0.167101189494
1403715593.562143087387 -1.715601205826 -2.143914461136 -2.689196825027 -0.072082988918 0.920678317547 0.334473252296 0.187838286161
1403715593.612143278122 -1.593325376511 -2.014827966690 -2.880110502243 -0.075370043516 0.919146358967 0.326120316982 0.207689553499
1403715593.662142992020 -1.465061903000 -1.965395569801 -3.094442844391 -0.073856316507 0.917229771614 0.319057375193 0.226797878742
1403715593.712143182755 -1.360981464386 -1.878067493439 -3.307492256165 -0.072092719376 0.915932476521 0.308111488819 0.246855467558
1403715593.762143135071 -1.228369474411 -1.811252117157 -3.516637325287 -0.069789350033 0.913333952427 0.300034552813 0.266326457262
1403715593.812143087387 -1.078504085541 -1.704941272736 -3.697006940842 -0.067759186029 0.910081803799 0.291822105646 0.286355793476
1403715593.862143039703 -0.943509578705 -1.626119136810 -3.857448101044 -0.068944610655 0.905220270157 0.286142617464 0.306505143642
1403715593.912143230438 -0.766752719879 -1.579801082611 -3.989595890045 -0.068339265883 0.898902714252 0.283899366856 0.326657176018
1403715593.962142944336 -0.618175506592 -1.506951689720 -4.146688938141 -0.068343736231 0.890799880028 0.283309370279 0.348626643419
1403715594.012143135071 -0.455101013184 -1.464421987534 -4.255465984344 -0.069761879742 0.882069647312 0.284064680338 0.369315087795
1403715594.062143087387 -0.292039871216 -1.396914958954 -4.366477489471 -0.068559437990 0.872465312481 0.285906523466 0.390334874392
1403715594.112143278122 -0.115413188934 -1.349316596985 -4.495820999146 -0.067246131599 0.862170279026 0.289262682199 0.410448014736
1403715594.162142992020 0.049735546112 -1.303723931313 -4.595669746399 -0.065533988178 0.852514505386 0.290291696787 0.429715126753
1403715594.212143182755 0.242049694061 -1.288347244263 -4.685184001923 -0.064502455294 0.843031048775 0.290931105614 0.447769105434
1403715594.262143135071 0.421677589417 -1.235290288925 -4.766529560089 -0.062915675342 0.834069132805 0.289567261934 0.465318292379
1403715594.312143087387 0.600513935089 -1.188435316086 -4.833003997803 -0.062129542232 0.825168073177 0.287066340446 0.482525140047
1403715594.362143039703 0.788699626923 -1.171240091324 -4.907885551453 -0.062205526978 0.816370368004 0.283014148474 0.499572694302
1403715594.412143230438 0.988896369934 -1.134178400040 -4.970576286316 -0.063969880342 0.807385444641 0.277500689030 0.516749441624
1403715594.462142944336 1.176920890808 -1.099304676056 -5.001635074615 -0.066245280206 0.798139035702 0.270848184824 0.534066498280
1403715594.512143135071 1.378426551819 -1.066368699074 -5.048090934753 -0.070006437600 0.788071930408 0.263116657734 0.552097260952
1403715594.562143087387 1.577612400055 -1.062952637672 -5.070460319519 -0.073778092861 0.777315557003 0.256310373545 0.569773912430
1403715594.612143278122 1.788316249847 -1.046314835548 -5.088766574860 -0.076708443463 0.765423476696 0.249753922224 0.588103353977
1403715594.662142992020 1.998455047607 -1.032441616058 -5.084322452545 -0.080452322960 0.752443969250 0.245856210589 0.605731070042
1403715594.712143182755 2.200438022614 -1.043909072876 -5.069942951202 -0.083812341094 0.736998498440 0.247529760003 0.623328030109
1403715594.762143135071 2.420283794403 -1.025361061096 -5.057757377625 -0.083223447204 0.719075500965 0.253831744194 0.641540110111
1403715594.812143087387 2.646026611328 -1.050303578377 -5.019420146942 -0.080869957805 0.701327204704 0.260752886534 0.658489286900
1403715594.862143039703 2.872932910919 -1.029340744019 -4.997551441193 -0.076713293791 0.683556556702 0.264822751284 0.675821304321
1403715594.912143230438 3.101861953735 -1.063424110413 -4.947890281677 -0.074852399528 0.666060209274 0.268554806709 0.691837608814
1403715594.962142944336 3.348134040833 -1.070306062698 -4.875916481018 -0.073011837900 0.649780571461 0.269101291895 0.707134366035
1403715595.012143135071 3.601734161377 -1.104652404785 -4.808409690857 -0.072646193206 0.634022891521 0.267544686794 0.721912324429
1403715595.062143087387 3.849552154541 -1.111708641052 -4.737635135651 -0.072283141315 0.618757784367 0.263913989067 0.736385345459
1403715595.112143278122 4.125699043274 -1.102713704109 -4.689522743225 -0.069103814662 0.602592766285 0.259768366814 0.751416683197
1403715595.162142992020 4.402686119080 -1.116086602211 -4.616798400879 -0.061856053770 0.587073206902 0.256585299969 0.765299201012
1403715595.212143182755 4.702961921692 -1.132186174393 -4.546696662903 -0.056729767472 0.571624100208 0.251053899527 0.779101848602
1403715595.262143135071 4.986933708191 -1.151781558990 -4.469644069672 -0.051189914346 0.555901169777 0.244559377432 0.792807757854
1403715595.312143087387 5.297782897949 -1.166892290115 -4.401013851166 -0.045244574547 0.540293097496 0.236482456326 0.806295454502
1403715595.362143039703 5.605113029480 -1.155235290527 -4.327290534973 -0.038152363151 0.524659037590 0.226259782910 0.819807112217
1403715595.412143230438 5.906088829041 -1.171905755997 -4.257295608521 -0.031984720379 0.507982492447 0.219094857574 0.832423090935
1403715595.462142944336 6.224237442017 -1.174970269203 -4.177089214325 -0.024197930470 0.491700202227 0.209233298898 0.844906389713
1403715595.512143135071 6.540452003479 -1.182418107986 -4.104004859924 -0.018665874377 0.475502252579 0.196348637342 0.857319295406
1403715595.562143087387 6.844909667969 -1.183880805969 -4.020493507385 -0.014175265096 0.460409849882 0.181552946568 0.868826985359
1403715595.612143278122 7.148882865906 -1.186097621918 -3.949348926544 -0.010703265667 0.446782439947 0.160142257810 0.880128026009
1403715595.662142992020 7.440048694611 -1.188089370728 -3.871518135071 -0.005871789996 0.434313446283 0.135643288493 0.890470862389
1403715595.712143182755 7.763843059540 -1.205474019051 -3.803160190582 -0.001624389668 0.421514868736 0.108413524926 0.900316119194
1403715595.762143135071 8.057295799255 -1.201695919037 -3.704022884369 0.005570939276 0.408880561590 0.081359043717 0.908936917782
1403715595.812143087387 8.323503494263 -1.229664206505 -3.620997667313 0.011239593849 0.396904468536 0.054337702692 0.916181147099
1403715595.862143039703 8.565844535828 -1.245842456818 -3.541519165039 0.020743688568 0.384515762329 0.033243376762 0.922286450863
1403715595.912143230438 8.801746368408 -1.262845635414 -3.450746059418 0.033302873373 0.372844666243 0.010962601751 0.927231132984
1403715595.962142944336 9.008487701416 -1.292463660240 -3.369124412537 0.049953248352 0.360860019922 -0.005315307528 0.931266069412
1403715596.012143135071 9.177446365356 -1.335656762123 -3.289841651917 0.070350319147 0.348319411278 -0.015759695321 0.934599459171
1403715596.062143087387 9.292102813721 -1.395035505295 -3.229984045029 0.092437304556 0.335353940725 -0.020579962060 0.937320411205
1403715596.112143278122 9.366787910461 -1.454447627068 -3.170829296112 0.111643016338 0.323217362165 -0.020925020799 0.939483106136
1403715596.162142992020 9.427455902100 -1.523242950439 -3.133044958115 0.120197646320 0.313624233007 -0.020457476377 0.941686749458
1403715596.212143182755 9.444414138794 -1.590614795685 -3.110662937164 0.118008464575 0.304892301559 -0.017287729308 0.944889307022
1403715596.262143135071 9.425766944885 -1.642597675323 -3.110101222992 0.102802090347 0.297647207975 -0.011718497612 0.949052453041
1403715596.312143087387 9.404035568237 -1.700293302536 -3.124767780304 0.075530014932 0.288515716791 -0.001108884811 0.954490780830
1403715596.362143039703 9.330646514893 -1.744438886642 -3.142026901245 0.045310817659 0.279425472021 0.009677290916 0.959048867226
1403715596.412143230438 9.243459701538 -1.790500879288 -3.167596101761 0.016161143780 0.267656534910 0.023886490613 0.963082730770
1403715596.462142944336 9.130354881287 -1.838085770607 -3.200214385986 -0.009751786478 0.255135536194 0.036955580115 0.966149628162
1403715596.512143135071 9.025026321411 -1.908391118050 -3.230537891388 -0.033776465803 0.242243170738 0.049032617360 0.968386948109
1403715596.562143087387 8.892972946167 -1.955343961716 -3.245143890381 -0.052398249507 0.229688882828 0.058049280196 0.970117390156
1403715596.612143278122 8.770245552063 -2.027752637863 -3.250115156174 -0.070353180170 0.216327041388 0.065418660641 0.971582949162
1403715596.662142992020 8.636858940125 -2.096822023392 -3.236396551132 -0.085375912488 0.204317405820 0.070589467883 0.972616314888
1403715596.712143182755 8.515849113464 -2.167775154114 -3.216975688934 -0.096845969558 0.191833376884 0.072872065008 0.973915040493
1403715596.762143135071 8.403857231140 -2.263488531113 -3.187897920609 -0.106745377183 0.179282441735 0.073297120631 0.975238859653
1403715596.812143087387 8.270114898682 -2.345370054245 -3.124101400375 -0.115533538163 0.167557477951 0.074331626296 0.976243436337
1403715596.862143039703 8.174171447754 -2.426258563995 -3.051460742950 -0.123898334801 0.155432149768 0.076084323227 0.977088153362
1403715596.912143230438 8.069785118103 -2.520587682724 -2.947255611420 -0.132017359138 0.145369693637 0.077282942832 0.977479636669
1403715596.962142944336 7.960780143738 -2.626298904419 -2.818569660187 -0.140188395977 0.137429893017 0.076782941818 0.977529883385
1403715597.012143135071 7.892512321472 -2.730458259583 -2.668747663498 -0.144797310233 0.130263522267 0.075259901583 0.977957665920
1403715597.062143087387 7.810680389404 -2.848349809647 -2.500974416733 -0.146547421813 0.125262126327 0.073650136590 0.978472769260
1403715597.112143278122 7.754561901093 -3.001043319702 -2.306299448013 -0.143018260598 0.121263705194 0.073196455836 0.979532122612
1403715597.162142992020 7.701418876648 -3.108967065811 -2.093221426010 -0.131169110537 0.117450900376 0.071719922125 0.981761813164
1403715597.212143182755 7.629256725311 -3.269344806671 -1.856581091881 -0.115024685860 0.113556593657 0.073166139424 0.984134614468
1403715597.262143135071 7.617969036102 -3.402559041977 -1.614354610443 -0.095709487796 0.107632465661 0.072512030602 0.986912846565
1403715597.312143087387 7.564670562744 -3.549804449081 -1.305978059769 -0.074442632496 0.102369204164 0.073498129845 0.989230453968
1403715597.362143039703 7.541134357452 -3.723324537277 -1.017569661140 -0.057556666434 0.095448590815 0.073523364961 0.991045475006
1403715597.412143230438 7.502337932587 -3.889438390732 -0.716947555542 -0.037081219256 0.087159931660 0.073629960418 0.992777347565
1403715597.462142944336 7.493213176727 -4.042858600616 -0.437978774309 -0.016351273283 0.078792124987 0.068685278296 0.994387686253
1403715597.512143135071 7.506877899170 -4.204569816589 -0.144360929728 0.000061604675 0.068847037852 0.062090400606 0.995693147182
1403715597.562143087387 7.518473148346 -4.380922317505 0.151655152440 0.011331532151 0.057733654976 0.054755691439 0.996764898300
1403715597.612143278122 7.492337226868 -4.505219936371 0.444483369589 0.018957121298 0.046715937555 0.046567507088 0.997642099857
1403715597.662142992020 7.508155822754 -4.668056011200 0.727834105492 0.022069511935 0.033694341779 0.039732273668 0.998398244381
1403715597.712143182755 7.495280265808 -4.767185211182 1.027097702026 0.022322650999 0.021787304431 0.032033868134 0.998999953270
1403715597.762143135071 7.492204666138 -4.891785144806 1.297114849091 0.021216632798 0.010300935246 0.025042925030 0.999408125877
1403715597.812143087387 7.503727912903 -5.039358615875 1.568002223969 0.018874071538 -0.000367137691 0.021522628143 0.999590158463
1403715597.862143039703 7.514155387878 -5.143204212189 1.840002894402 0.020437644795 -0.008834077977 0.016110185534 0.999622344971
1403715597.912143230438 7.510707378387 -5.252598285675 2.103872537613 0.024976085871 -0.015274542384 0.011436522007 0.999505937099
1403715597.962142944336 7.544563770294 -5.400130271912 2.353267669678 0.031212989241 -0.021326009184 0.008493271656 0.999249160290
1403715598.012143135071 7.552055835724 -5.521075725555 2.604701757431 0.036266706884 -0.025088246912 0.006175196730 0.999008119106
1403715598.062143087387 7.595640659332 -5.647524833679 2.843666553497 0.039395380765 -0.028548806906 0.002737265080 0.998812019825
1403715598.112143278122 7.615429401398 -5.741279602051 3.091776371002 0.042316175997 -0.029191052541 -0.002162896097 0.998675405979
1403715598.162142992020 7.633875846863 -5.844263553619 3.346719503403 0.046726681292 -0.029229145497 -0.005633047316 0.998464107513
1403715598.212143182755 7.648458957672 -5.931994915009 3.578071355820 0.053512044251 -0.029751267284 -0.006744047627 0.998101174831
1403715598.262143135071 7.671043872833 -6.023971557617 3.796244859695 0.062959551811 -0.030085442588 -0.005577637348 0.997546911240
1403715598.312143087387 7.728958606720 -6.068353652954 4.009160995483 0.073630236089 -0.031377274543 -0.005563430954 0.996776401997
1403715598.362143039703 7.740888118744 -6.131720542908 4.222272872925 0.085713982582 -0.031059924513 -0.003256295808 0.995830237865
1403715598.412143230438 7.748825073242 -6.169518947601 4.417372703552 0.101655334234 -0.030576433986 0.000383547042 0.994349598885
1403715598.462142944336 7.795102119446 -6.225657463074 4.589285850525 0.115733623505 -0.031964477152 0.005087733734 0.992752790451
1403715598.512143135071 7.825542449951 -6.252312183380 4.750444889069 0.127972051501 -0.032772429287 0.009970824234 0.991186022758
1403715598.562143087387 7.829260349274 -6.243217468262 4.881926059723 0.136990070343 -0.031786877662 0.013431374915 0.989971160889
1403715598.612143278122 7.863977432251 -6.255781173706 4.982634544373 0.139305800200 -0.031381163746 0.014701184817 0.989642858505
1403715598.662142992020 7.897927761078 -6.233063220978 5.069945335388 0.132899895310 -0.029578836635 0.013506911695 0.990595936775
1403715598.712143182755 7.945132255554 -6.204228401184 5.134510040283 0.120705068111 -0.027435334399 0.011289076880 0.992245018482
1403715598.762143135071 7.989556789398 -6.197735786438 5.161526203156 0.102210670710 -0.025820927694 0.008067198098 0.994394898415
1403715598.812143087387 8.007472038269 -6.155448436737 5.218809127808 0.084303922951 -0.022682934999 0.005757342093 0.996165275574
1403715598.862143039703 8.035256385803 -6.133227825165 5.224361419678 0.068052455783 -0.020860258490 0.003705508076 0.997456729412
1403715598.912143230438 8.073385238647 -6.068583965302 5.242102146149 0.055198986083 -0.018935620785 0.000086200773 0.998295783997
1403715598.962142944336 8.086140632629 -6.012677192688 5.255494594574 0.045839115977 -0.016371488571 -0.001880938536 0.998812913895
1403715599.012143135071 8.121294975281 -5.935018062592 5.247165679932 0.039552655071 -0.015200975351 -0.004109754693 0.999093413353
1403715599.062143087387 8.192194938660 -5.859621524811 5.229562282562 0.036497473717 -0.016343869269 -0.005384904332 0.999185562134
1403715599.112143278122 8.228771209717 -5.777979850769 5.211724758148 0.035919141024 -0.015785792843 -0.007575064898 0.999201297760
1403715599.162142992020 8.261664390564 -5.695891857147 5.191337585449 0.035155441612 -0.016197714955 -0.006795342080 0.999227464199
1403715599.212143182755 8.262651443481 -5.611699104309 5.177913665771 0.030410619453 -0.016081426293 -0.003446212271 0.999402165413
1403715599.262143135071 8.302422523499 -5.508397579193 5.156651973724 0.025699969381 -0.018290035427 0.000536799664 0.999502241611
1403715599.312143087387 8.347590446472 -5.407232761383 5.131997108459 0.021141828969 -0.021198246628 0.006823303178 0.999528467655
1403715599.362143039703 8.344756126404 -5.303645610809 5.119539737701 0.017762359232 -0.022212505341 0.013956559822 0.999498069286
1403715599.412143230438 8.380697250366 -5.201243877411 5.090135574341 0.016485016793 -0.025589419529 0.022894712165 0.999274373055
1403715599.462142944336 8.405817985535 -5.107986927032 5.060977458954 0.015735946596 -0.028663884848 0.031923417002 0.998955309391
1403715599.512143135071 8.437263488770 -5.021107196808 5.042923927307 0.016066377982 -0.030617238954 0.039216294885 0.998632371426
1403715599.562143087387 8.499809265137 -4.897576808929 5.002286911011 0.017381243408 -0.033457458019 0.044361107051 0.998303890228
1403715599.612143278122 8.559645652771 -4.792241573334 4.968572139740 0.021571533754 -0.035529963672 0.049409989268 0.997913300991
1403715599.662142992020 8.590915679932 -4.682057857513 4.952181816101 0.026016138494 -0.035604059696 0.054052673280 0.997563958168
1403715599.712143182755 8.660569190979 -4.599359512329 4.918251514435 0.030733831227 -0.034822478890 0.053942069411 0.997463345528
1403715599.762143135071 8.753582000732 -4.484609127045 4.877698898315 0.037075284868 -0.033892739564 0.051276419312 0.997420430183
1403715599.812143087387 8.846277236938 -4.387646675110 4.844232082367 0.040726173669 -0.030957026407 0.045462902635 0.997655391693
1403715599.862143039703 8.922354698181 -4.300129413605 4.808268547058 0.041902869940 -0.025516910478 0.036533419043 0.998127400875
1403715599.912143230438 9.068192481995 -4.179416656494 4.744843482971 0.038562968373 -0.023356795311 0.026275236160 0.998637557030
1403715599.962142944336 9.181593894958 -4.075046062469 4.681680202484 0.031423073262 -0.019770635292 0.017620867118 0.999155282974
1403715600.012143135071 9.292675971985 -3.954595088959 4.631549835205 0.025587728247 -0.016317406669 0.009966753423 0.999489724636
1403715600.062143087387 9.408030509949 -3.821384668350 4.570904254913 0.021404571831 -0.013610452414 -0.000603368913 0.999678075314
1403715600.112143278122 9.514604568481 -3.727022409439 4.507993698120 0.017628032714 -0.011870362796 -0.013871859759 0.999677896500
1403715600.162142992020 9.628829956055 -3.601578235626 4.436738491058 0.016252579167 -0.012356980704 -0.031136697158 0.999306619167
1403715600.212143182755 9.733136177063 -3.503989934921 4.363092899323 0.014154907316 -0.014933092520 -0.048654705286 0.998603701591
1403715600.262143135071 9.794281005859 -3.358350515366 4.301688671112 0.014836097136 -0.019386172295 -0.064753718674 0.997602701187
1403715600.312143087387 9.857146263123 -3.248457431793 4.230423450470 0.014007311314 -0.028344888240 -0.077237591147 0.996511280537
1403715600.362143039703 9.921283721924 -3.147985696793 4.149321556091 0.013177800924 -0.040689487010 -0.089377820492 0.995079100132
1403715600.412143230438 9.951460838318 -3.010810136795 4.073637008667 0.012319768779 -0.056341290474 -0.095486484468 0.993758618832
1403715600.462142944336 9.939417839050 -2.905003070831 3.993377447128 0.007262944244 -0.072735205293 -0.100168921053 0.992281794548
1403715600.512143135071 9.980221748352 -2.819141149521 3.893068790436 -0.002833625535 -0.096249379218 -0.097658716142 0.990550756454
1403715600.562143087387 9.920375823975 -2.719235181808 3.826338529587 -0.013044775464 -0.116888649762 -0.093857467175 0.988614022732
1403715600.612143278122 9.894972801208 -2.600546360016 3.744833946228 -0.020366258919 -0.139543384314 -0.092202052474 0.985703647137
1403715600.662142992020 9.843174934387 -2.502181053162 3.655234813690 -0.025785000995 -0.160469174385 -0.092338427901 0.982373893261
1403715600.712143182755 9.844250679016 -2.434269189835 3.607504844666 -0.028299424797 -0.183492720127 -0.094513557851 0.978057622910
1403715600.762143135071 9.771888732910 -2.350013732910 3.517055511475 -0.026215793565 -0.202620357275 -0.099470950663 0.973839461803
1403715600.812143087387 9.710673332214 -2.296010017395 3.452244997025 -0.025817163289 -0.222133621573 -0.104820668697 0.969021558762
1403715600.862143039703 9.655175209045 -2.255593299866 3.376393079758 -0.021265679970 -0.240774586797 -0.112688682973 0.963782489300
1403715600.912143230438 9.574385643005 -2.221821308136 3.304687261581 -0.018701691180 -0.257812440395 -0.118943095207 0.958663463593
1403715600.962142944336 9.517238616943 -2.218803167343 3.240538597107 -0.015329098329 -0.274367153645 -0.125408530235 0.953289270401
1403715601.012143135071 9.424399375916 -2.211446285248 3.168237686157 -0.011479808949 -0.287734389305 -0.130794763565 0.948667407036
1403715601.062143087387 9.341052055359 -2.228895664215 3.101427316666 -0.006570333149 -0.299396157265 -0.134466260672 0.944583296776
1403715601.112143278122 9.261191368103 -2.269406318665 3.039530038834 -0.003822642611 -0.308924853802 -0.138551920652 0.940932631493
1403715601.162142992020 9.184610366821 -2.312185764313 2.984014749527 -0.000881995424 -0.316057205200 -0.142619475722 0.937958836555
1403715601.212143182755 9.070835113525 -2.352118730545 2.899651050568 0.003320198273 -0.319614350796 -0.146892726421 0.936086654663
1403715601.262143135071 8.990531921387 -2.397487640381 2.856677532196 0.006965678651 -0.323418259621 -0.151017427444 0.934101641178
1403715601.312143087387 8.882577896118 -2.456058263779 2.782354116440 0.010681887157 -0.325123935938 -0.155731260777 0.932699382305
1403715601.362143039703 8.763276100159 -2.532858848572 2.702583074570 0.012461277656 -0.326752781868 -0.159757331014 0.931426346302
1403715601.412143230438 8.640126228333 -2.588365793228 2.628256082535 0.013656646013 -0.328990370035 -0.160647720098 0.930468261242
1403715601.462142944336 8.517234802246 -2.635936737061 2.562101840973 0.014530886896 -0.331507116556 -0.159830912948 0.929702103138
1403715601.512143135071 8.389284133911 -2.677387475967 2.488315105438 0.014301056042 -0.333253622055 -0.157912313938 0.929409086704
1403715601.562143087387 8.256196975708 -2.722529411316 2.407080411911 0.014776608907 -0.334702879190 -0.155379220843 0.929307758808
1403715601.612143278122 8.108634948730 -2.774140357971 2.336984634399 0.013670577668 -0.335991472006 -0.152863070369 0.929277002811
1403715601.662142992020 7.964339733124 -2.838407993317 2.269152402878 0.011154270731 -0.337312936783 -0.149998322129 0.929298698902
1403715601.712143182755 7.814088821411 -2.887455463409 2.180920362473 0.011995722540 -0.338118612766 -0.146444857121 0.929562151432
1403715601.762143135071 7.663348197937 -2.926602363586 2.090677738190 0.016234453768 -0.339101642370 -0.143431231380 0.929609596729
1403715601.812143087387 7.497443675995 -2.960873603821 2.025376319885 0.018805513158 -0.339666277170 -0.141822278500 0.929601907730
1403715601.862143039703 7.349918365479 -2.994782209396 1.942126512527 0.023025579751 -0.339207410812 -0.138949036598 0.930108249187
1403715601.912143230438 7.178483963013 -3.035404920578 1.864832639694 0.027610324323 -0.336310833693 -0.135156080127 0.931593000889
1403715601.962142944336 7.032691001892 -3.055737972260 1.771004557610 0.036781784147 -0.332058638334 -0.129223957658 0.933640897274
1403715602.012143135071 6.878420352936 -3.089058876038 1.694553494453 0.049982983619 -0.327587425709 -0.122229143977 0.935546994209
1403715602.062143087387 6.712046146393 -3.102750539780 1.602141618729 0.062758095562 -0.321458220482 -0.114545226097 0.937872827053
1403715602.112143278122 6.560522079468 -3.157824993134 1.498904824257 0.071363978088 -0.314156979322 -0.106821924448 0.940639019012
1403715602.162142992020 6.428880214691 -3.188133955002 1.416532158852 0.075577348471 -0.306716084480 -0.098723143339 0.943645656109
1403715602.212143182755 6.294874668121 -3.210014104843 1.311634302139 0.074918761849 -0.297482937574 -0.091702237725 0.947355151176
1403715602.262143135071 6.169490814209 -3.186382293701 1.207414627075 0.073673307896 -0.287853062153 -0.083388939500 0.951188325882
1403715602.312143087387 6.064660549164 -3.180762290955 1.105944395065 0.069149166346 -0.276867091656 -0.079494483769 0.955114483833
1403715602.362143039703 5.940810680389 -3.154329776764 0.968268156052 0.058963924646 -0.262938648462 -0.078454457223 0.959807991982
1403715602.412143230438 5.833403587341 -3.106172084808 0.843847513199 0.049092885107 -0.249035015702 -0.078072831035 0.964093387127
1403715602.462142944336 5.733791351318 -3.103116035461 0.713565766811 0.036477468908 -0.235491499305 -0.076530165970 0.968171656132
1403715602.512143135071 5.623260498047 -3.083856582642 0.575625181198 0.027052396908 -0.221374467015 -0.075120732188 0.971914827824
1403715602.562143087387 5.518991947174 -3.053614616394 0.439681529999 0.019809147343 -0.207526654005 -0.073325105011 0.975276231766
1403715602.612143278122 5.449125289917 -3.015481710434 0.314028501511 0.016912914813 -0.194158807397 -0.071972347796 0.978180110455
1403715602.662142992020 5.342348575592 -2.987119436264 0.185059309006 0.017051219940 -0.178300365806 -0.072854906321 0.981127083302
1403715602.712143182755 5.238364219666 -2.922171592712 0.050014358014 0.017798053101 -0.163094103336 -0.070649668574 0.983916759491
1403715602.762143135071 5.145251274109 -2.867914438248 -0.067798756063 0.015698658302 -0.148111939430 -0.068884961307 0.986443758011
1403715602.812143087387 5.069016933441 -2.792547225952 -0.174727559090 0.013226824813 -0.134484931827 -0.066295363009 0.988606989384
1403715602.862143039703 4.953052997589 -2.701618909836 -0.281647235155 0.011562854052 -0.120888523757 -0.060852769762 0.990731656551
1403715602.912143230438 4.847733497620 -2.617817163467 -0.390918165445 0.008261685260 -0.107794627547 -0.056163694710 0.992551088333
1403715602.962142944336 4.740318298340 -2.516929626465 -0.495890498161 0.004584245384 -0.095062129200 -0.052598174661 0.994070231915
1403715603.012143135071 4.641006469727 -2.396984815598 -0.577956259251 0.003458567662 -0.082783713937 -0.047946393490 0.995407462120
1403715603.062143087387 4.519399166107 -2.301001548767 -0.675033688545 0.003422072623 -0.070090904832 -0.043122731149 0.996602237225
1403715603.112143278122 4.413677215576 -2.165634632111 -0.762455582619 0.005432517268 -0.057921271771 -0.037333421409 0.997608065605
1403715603.162142992020 4.304843425751 -2.047252416611 -0.840214729309 0.004113866482 -0.044907774776 -0.032989513129 0.998437821865
1403715603.212143182755 4.173421382904 -1.935896158218 -0.936833441257 0.001971872058 -0.032629635185 -0.027842419222 0.999077677727
1403715603.262143135071 4.052229404449 -1.816659212112 -1.020106077194 -0.003159053158 -0.020942592993 -0.023306947201 0.999504029751
1403715603.312143087387 3.942720174789 -1.695172905922 -1.106916904449 -0.007383086253 -0.010813283734 -0.020158847794 0.999711096287
1403715603.362143039703 3.795681238174 -1.564851999283 -1.178195595741 -0.011232439429 -0.001381699927 -0.016228307039 0.999804258347
1403715603.412143230438 3.645250558853 -1.461217999458 -1.260370373726 -0.013117056340 0.005921483506 -0.011085527018 0.999835014343
1403715603.462142944336 3.513986587524 -1.370722293854 -1.343194603920 -0.013058556244 0.010365488939 -0.004321154673 0.999851703644
1403715603.512143135071 3.382382631302 -1.283139705658 -1.418543219566 -0.012731015682 0.013060631230 0.003599702846 0.999827206135
1403715603.562143087387 3.242267847061 -1.213700413704 -1.497513771057 -0.013045088388 0.014694325626 0.012176999822 0.999732792377
1403715603.612143278122 3.117603540421 -1.108704447746 -1.548680186272 -0.012234132737 0.015499676578 0.020552413538 0.999593734741
1403715603.662142992020 2.973584175110 -0.997471153736 -1.609135389328 -0.011079579592 0.015459571034 0.032234374434 0.999299347401
1403715603.712143182755 2.865395545959 -0.942707955837 -1.681136250496 -0.009890927933 0.014919415116 0.040938839316 0.999001324177
1403715603.762143135071 2.727212190628 -0.906125485897 -1.745839357376 -0.008406967856 0.014767955989 0.049300141633 0.998639464378
1403715603.812143087387 2.615754604340 -0.830570340157 -1.811325550079 -0.004822738469 0.013663867489 0.056378565729 0.998304367065
1403715603.862143039703 2.498733520508 -0.795130610466 -1.867005944252 -0.007268750109 0.012731800787 0.063571959734 0.997869551182
1403715603.912143230438 2.397363185883 -0.778251111507 -1.928331136703 -0.018201289698 0.011290069669 0.068036898971 0.997452855110
1403715603.962142944336 2.324249505997 -0.729052901268 -1.997178912163 -0.027747390792 0.009543960914 0.070854865015 0.997054934502
1403715604.012143135071 2.268862247467 -0.696923255920 -2.061252832413 -0.037916738540 0.008895236067 0.069007821381 0.996855616570
1403715604.062143087387 2.187711000443 -0.669405460358 -2.095308542252 -0.042391892523 0.012291007675 0.060004729778 0.997221827507
1403715604.112143278122 2.122766733170 -0.699088573456 -2.137664794922 -0.044704753906 0.016581665725 0.049839884043 0.997618436813
1403715604.162142992020 2.071603536606 -0.671303451061 -2.176218509674 -0.042663853616 0.020290456712 0.039492443204 0.998102426529
1403715604.212143182755 2.051028251648 -0.640655040741 -2.199340343475 -0.037434928119 0.022933514789 0.031601529568 0.998535931110
1403715604.262143135071 1.975720763206 -0.638266444206 -2.204458951950 -0.032982338220 0.026261994615 0.025949893519 0.998773813248
1403715604.312143087387 1.937043905258 -0.615043461323 -2.204182863235 -0.029060078785 0.027845300734 0.022193208337 0.998943269253
1403715604.362143039703 1.915510535240 -0.587377548218 -2.220372438431 -0.027325939387 0.028241474181 0.019593469799 0.999035418034
1403715604.412143230438 1.882486343384 -0.550240874290 -2.212916135788 -0.027289949358 0.028656624258 0.018898986280 0.999037981033
1403715604.462142944336 1.867573022842 -0.545390307903 -2.194756269455 -0.027331501245 0.028619563207 0.017759820446 0.999058842659
1403715604.512143135071 1.840701937675 -0.523339629173 -2.182776212692 -0.022775849327 0.028670536354 0.018294448033 0.999161958694
1403715604.562143087387 1.802978634834 -0.529067456722 -2.157591342926 -0.016721813008 0.029228325933 0.017398629338 0.999281406403
1403715604.612143278122 1.767179965973 -0.530352234840 -2.133344888687 -0.009774755687 0.029307631776 0.017472766340 0.999369919300
1403715604.662142992020 1.727131128311 -0.520870327950 -2.100230693817 -0.003762144363 0.030499530956 0.015639953315 0.999405324459
1403715604.712143182755 1.694918751717 -0.518832504749 -2.066386222839 -0.000289524149 0.030878454447 0.014410426840 0.999419212341
1403715604.762143135071 1.658566236496 -0.510683298111 -2.039950609207 0.001677979948 0.031660050154 0.012587686069 0.999418020248
1403715604.812143087387 1.625291943550 -0.503478705883 -2.011335134506 0.001935568755 0.031481087208 0.013135993853 0.999416172504
1403715604.862143039703 1.599859118462 -0.489217340946 -2.018824100494 0.002175991191 0.030525872484 0.013176277280 0.999444782734
1403715604.912143230438 1.540825486183 -0.510995984077 -1.938106775284 0.001459963736 0.032002072781 0.011986630969 0.999414861202
1403715604.962142944336 1.495471119881 -0.497249394655 -1.900577068329 -0.000543157395 0.031923215836 0.011417542584 0.999424934387
1403715605.012143135071 1.440026879311 -0.506529271603 -1.868376970291 -0.003866073210 0.031822543591 0.011010950431 0.999425411224
1403715605.062143087387 1.411919355392 -0.497690141201 -1.826794147491 -0.004194736015 0.030882809311 0.011122003198 0.999452352524
1403715605.112143278122 1.366527438164 -0.513554155827 -1.804509878159 -0.003681871807 0.030345251784 0.010994355194 0.999472260475
1403715605.162142992020 1.314053773880 -0.532376587391 -1.776212573051 -0.002066779882 0.030172977597 0.010182703845 0.999490737915
1403715605.212143182755 1.270715475082 -0.548040509224 -1.722576975822 0.000016665655 0.029045648873 0.010186896659 0.999526202679
1403715605.262143135071 1.224310278893 -0.566745638847 -1.685955286026 0.001405474613 0.027687409893 0.011454752646 0.999550044537
1403715605.312143087387 1.166777133942 -0.587584316730 -1.661476969719 0.003357290756 0.025458199903 0.014255077578 0.999568641186
1403715605.362143039703 1.115310549736 -0.612341046333 -1.621093869209 0.004747079685 0.023188147694 0.017977442592 0.999558210373
1403715605.412143230438 1.069212913513 -0.618487358093 -1.580550670624 0.007146730088 0.020318463445 0.021776622161 0.999530851841
1403715605.462142944336 1.025133490562 -0.630282521248 -1.530574202538 0.005992177874 0.018338518217 0.023323111236 0.999541819096
1403715605.512143135071 0.980969429016 -0.624443888664 -1.488417863846 0.005080693401 0.016141803935 0.026391347870 0.999508500099
1403715605.562143087387 0.946780443192 -0.616702198982 -1.432830095291 0.002098471858 0.014043251984 0.028135409579 0.999503254890
1403715605.612143278122 0.900821864605 -0.592567801476 -1.388326883316 0.000746202189 0.012475552969 0.030266074464 0.999463737011
1403715605.662142992020 0.868484675884 -0.572042405605 -1.335530161858 0.000566323579 0.012000833638 0.029491927475 0.999492824078
1403715605.712143182755 0.821945607662 -0.552813768387 -1.275053501129 0.000703700818 0.013396518305 0.024606551975 0.999607205391
1403715605.762143135071 0.835129022598 -0.522374987602 -1.205743670464 0.003420591587 0.013711362146 0.019115744159 0.999717414379
1403715605.812143087387 0.787117123604 -0.505465924740 -1.152998566628 0.003990488593 0.015824008733 0.014872165397 0.999756217003
1403715605.862143039703 0.754266381264 -0.505084574223 -1.106532692909 0.004514843691 0.016551505774 0.012246659957 0.999777853489
1403715605.912143230438 0.726846694946 -0.492719769478 -1.039804697037 0.005785421003 0.016584878787 0.010225703940 0.999793410301
1403715605.962142944336 0.710703492165 -0.474861115217 -0.997395515442 0.008020699024 0.016492182389 0.008046869189 0.999799430370
1403715606.012143135071 0.677279889584 -0.468081176281 -0.938656628132 0.008947480470 0.016672428697 0.007132679224 0.999795556068
1403715606.062143087387 0.641161859035 -0.446959704161 -0.879423320293 0.009749418125 0.016474913806 0.006242378149 0.999797284603
1403715606.112143278122 0.621629714966 -0.418379247189 -0.822660088539 0.010555239394 0.015486162156 0.004879826680 0.999812483788
1403715606.162142992020 0.618817985058 -0.387328654528 -0.761416375637 0.010608044453 0.013577895239 0.004339073785 0.999842166901
1403715606.212143182755 0.600800395012 -0.359277963638 -0.719543814659 0.009646718390 0.012082600966 0.005190480966 0.999867022038
1403715606.262143135071 0.556629359722 -0.326170712709 -0.652958691120 0.010166821070 0.010364619084 0.008515642956 0.999858379364
1403715606.312143087387 0.516574978828 -0.304391086102 -0.589237213135 0.009784604423 0.007386532146 0.012259158306 0.999849736691
1403715606.362143039703 0.479013741016 -0.288616329432 -0.536189556122 0.009429652244 0.004855071660 0.015145125799 0.999829113483
1403715606.412143230438 0.436817973852 -0.279956102371 -0.478342145681 0.009269863367 0.003316059243 0.017687011510 0.999795138836
1403715606.462142944336 0.402414351702 -0.289636075497 -0.440334171057 0.010005497374 0.002328024479 0.018264064565 0.999780416489
1403715606.512143135071 0.371348202229 -0.303868740797 -0.395715922117 0.011537575163 0.000838451029 0.019425401464 0.999744415283
1403715606.562143087387 0.340132117271 -0.316221535206 -0.353106081486 0.012229866348 -0.001441612141 0.021385123953 0.999695479870
1403715606.612143278122 0.306552767754 -0.327386796474 -0.304372042418 0.013173692860 -0.003909513354 0.024497838691 0.999605476856
1403715606.662142992020 0.280981063843 -0.335315942764 -0.266665488482 0.013976527378 -0.006049823947 0.025379801169 0.999561905861
1403715606.712143182755 0.257865428925 -0.340536355972 -0.226421907544 0.014959989116 -0.008868224919 0.029185518622 0.999422729015
1403715606.762143135071 0.239755213261 -0.338559389114 -0.190041080117 0.015883510932 -0.011340213940 0.033373519778 0.999252378941
1403715606.812143087387 0.229194894433 -0.338349640369 -0.151945546269 0.018759332597 -0.014067357406 0.035820536315 0.999083161354
1403715606.862143039703 0.218155130744 -0.330485314131 -0.113298490644 0.023110844195 -0.013809064403 0.033025927842 0.999091863632
1403715606.912143230438 0.216293171048 -0.317601114511 -0.072169743478 0.028085075319 -0.013096216135 0.029095955193 0.999096155167
1403715606.962142944336 0.218495562673 -0.303891241550 -0.036925882101 0.032269120216 -0.011217257008 0.022109223530 0.999171674252
1403715607.012143135071 0.221512183547 -0.280202299356 -0.008040604182 0.031202189624 -0.009175606072 0.015541639179 0.999350130558
1403715607.062143087387 0.228214681149 -0.253906935453 0.021607629955 0.028965771198 -0.007465146482 0.009439931251 0.999507963657
1403715607.112143278122 0.231496199965 -0.228040724993 0.048937715590 0.025975877419 -0.006089634728 0.004139808472 0.999635457993
1403715607.162142992020 0.233633890748 -0.202229440212 0.065208218992 0.023857643828 -0.005916639697 0.001180402818 0.999697148800
1403715607.212143182755 0.235101163387 -0.178295940161 0.084218591452 0.021289905533 -0.005529232323 -0.000753164466 0.999757766724
1403715607.262143135071 0.232419461012 -0.155375868082 0.094533525407 0.019701717421 -0.005209616851 -0.002095140051 0.999790132046
1403715607.312143087387 0.231309071183 -0.134995207191 0.105310104787 0.018722560257 -0.005431257188 -0.002045215573 0.999807894230
1403715607.362143039703 0.224672511220 -0.117716118693 0.114950433373 0.019205655903 -0.005642109551 -0.002002178691 0.999797642231
1403715607.412143230438 0.215331315994 -0.101480156183 0.116849355400 0.019879231229 -0.005364838988 -0.002097968943 0.999785780907
1403715607.462142944336 0.205157369375 -0.087070852518 0.115721508861 0.020612398162 -0.004283279181 -0.003080385737 0.999773621559
1403715607.512143135071 0.194410026073 -0.072436712682 0.113461695611 0.019590772688 -0.003561870893 -0.003293194342 0.999796330929
1403715607.562143087387 0.182564616203 -0.059216909111 0.109058059752 0.018848413602 -0.002815658227 -0.003896823619 0.999810814857
1403715607.612143278122 0.168728590012 -0.047117784619 0.101292759180 0.018260141835 -0.002470341511 -0.002858544933 0.999826133251
1403715607.662142992020 0.154519766569 -0.037744350731 0.092285841703 0.017261810601 -0.001609022729 -0.003489611438 0.999843657017
1403715607.712143182755 0.134167760611 -0.028679480776 0.078290447593 0.017992129549 -0.000577750965 -0.003239910817 0.999832749367
1403715607.762143135071 0.113736085594 -0.012943655252 0.068290233612 0.017432196066 -0.000298918429 -0.002827927936 0.999844074249
1403715607.812143087387 0.090293660760 0.009934998117 0.056924883276 0.016569441184 0.000022136788 -0.000690395827 0.999862492085
1403715607.862143039703 0.064930766821 0.041263945401 0.048512376845 0.015538972802 -0.000724905753 0.002749268431 0.999875247478
1403715607.912143230438 0.038857907057 0.080689139664 0.043178174645 0.013907235116 -0.000964024628 -0.003687945427 0.999896049500
1403715607.962142944336 0.035835899413 0.075483284891 0.042573120445 0.018293213099 -0.000864205824 -0.008089832962 0.999799549580
1403715608.012143135071 0.037540599704 0.073068030179 0.041278831661 0.014053061604 -0.001051966567 -0.009035646915 0.999859869480
1403715608.062143087387 0.037041254342 0.077847778797 0.042712230235 0.014911803417 -0.001360919676 -0.009365173057 0.999844074249
1403715608.112143278122 0.039195548743 0.080652572215 0.045435845852 0.011527900584 -0.001566427178 -0.007995255291 0.999900400639
1403715608.162142992020 0.036892969161 0.080138765275 0.045563455671 0.010448658839 -0.001657246728 -0.007762639783 0.999913930893
1403715608.212143182755 0.037627957761 0.081668309867 0.045155748725 0.012552102096 -0.001696585328 -0.008530109189 0.999883413315
1403715608.262143135071 0.039393920451 0.081805013120 0.043798003346 0.013811467215 -0.002148960484 -0.007394718472 0.999875009060
1403715608.312143087387 0.037607844919 0.081658683717 0.046815317124 0.012208907865 -0.001979092835 -0.007796814665 0.999893128872
1403715608.362143039703 0.037927601486 0.081731498241 0.046558931470 0.011725608259 -0.002118499484 -0.007106639445 0.999903798103
1403715608.412143230438 0.039429437369 0.082402549684 0.046592891216 0.012494158931 -0.002215672983 -0.007760410663 0.999889433384
1403715608.462142944336 0.037746872753 0.082617856562 0.047420497984 0.012153410353 -0.002396983095 -0.006898785941 0.999899506569
1403715608.512143135071 0.037792071700 0.082951374352 0.045881856233 0.012595186941 -0.002170532010 -0.007527587470 0.999890029430
1403715608.562143087387 0.037936683744 0.083407878876 0.046570386738 0.012551127933 -0.001826715772 -0.007802846842 0.999889135361
1403715608.612143278122 0.038548357785 0.083490096033 0.047431640327 0.012307367288 -0.002246711636 -0.007572005969 0.999893069267
1403715608.662142992020 0.037887830287 0.083419397473 0.047513671219 0.012198123150 -0.001835718518 -0.007734171115 0.999894022942
1403715608.712143182755 0.037437330931 0.083760656416 0.046754039824 0.012187546119 -0.002112365328 -0.007695006207 0.999893903732
1403715608.762143135071 0.038186453283 0.083970896900 0.047245893627 0.012717202306 -0.002073089825 -0.007749783807 0.999886989594
1403715608.812143087387 0.037549175322 0.083964869380 0.047017894685 0.012532860041 -0.002225047210 -0.007369630039 0.999891877174
1403715608.862143039703 0.037601374090 0.083862960339 0.047543447465 0.012016359717 -0.001932612038 -0.008069882169 0.999893367290
1403715608.912143230438 0.037968739867 0.083975143731 0.047490958124 0.012268330902 -0.002006516559 -0.007471978199 0.999894797802
1403715608.962142944336 0.037895660847 0.083852812648 0.046710230410 0.012562911958 -0.001954740146 -0.007649622392 0.999889910221
1403715609.012143135071 0.037514664233 0.084158346057 0.047185424715 0.012633247301 -0.001965236850 -0.007761109620 0.999888181686
1403715609.062143087387 0.038063224405 0.083917222917 0.046814121306 0.012191535905 -0.002243516501 -0.007480539382 0.999895215034
1403715609.112143278122 0.038258060813 0.084092721343 0.046624809504 0.012361997738 -0.002296449151 -0.007264809683 0.999894618988
1403715609.162142992020 0.037865936756 0.083878837526 0.046821635216 0.012098686770 -0.002167043975 -0.007319313008 0.999897658825
1403715609.212143182755 0.037889115512 0.083877004683 0.046310581267 0.012251742184 -0.002254090272 -0.007705004420 0.999892771244
1403715609.262143135071 0.037824835628 0.084087044001 0.047295287251 0.012454422191 -0.001988690812 -0.007560336497 0.999891936779
1403715609.312143087387 0.037632942200 0.084200032055 0.047539569438 0.012356469408 -0.001976944041 -0.007496959530 0.999893605709
1403715609.362143039703 0.038002423942 0.084286883473 0.047846578062 0.012361692265 -0.002073336393 -0.007392292842 0.999894142151
