1413393889605760512.000000 0.000001037 -0.000000030 -0.000001368 -0.000000010 0.000000034 -0.000000011 1.000000000
1413393889655760384.000000 0.002466833 0.002686578 -0.002621410 -0.001847442 -0.006803240 -0.001398292 0.999974191
1413393889705760512.000000 0.006703616 0.002869052 -0.004454187 -0.004589083 -0.011156073 -0.005533908 0.999911964
1413393889755760384.000000 0.015347448 0.003103502 -0.006908475 -0.007332483 -0.016760968 -0.009635844 0.999786258
1413393889805760512.000000 0.027632240 0.005559549 -0.012144306 -0.009336173 -0.019769469 -0.012885413 0.999678016
1413393889855760384.000000 0.043944389 0.005824702 -0.014177646 -0.012049362 -0.022535365 -0.018691070 0.999498725
1413393889905760512.000000 0.064986989 0.007292199 -0.018189481 -0.014581763 -0.023128817 -0.026303897 0.999280035
1413393889955760384.000000 0.090381056 0.006057119 -0.022353072 -0.017351242 -0.019157192 -0.032897055 0.999124467
1413393890005760512.000000 0.121462606 0.005103760 -0.028397247 -0.018923240 -0.013456799 -0.039201010 0.998961568
1413393890055760384.000000 0.152486831 -0.001361660 -0.030900389 -0.019723095 -0.007777136 -0.039153636 0.999008298
1413393890105760512.000000 0.189173222 -0.009977972 -0.032727983 -0.018634843 -0.003795089 -0.034833092 0.999212205
1413393890155760384.000000 0.224724486 -0.014722394 -0.036051612 -0.016509393 0.000361982 -0.029919706 0.999415934
1413393890205760512.000000 0.246757835 -0.027137555 -0.031926524 -0.015382262 0.004518119 -0.025391944 0.999549091
1413393890255760384.000000 0.269506693 -0.035964992 -0.030981522 -0.013666878 0.007582603 -0.020563964 0.999666393
1413393890305760512.000000 0.287867635 -0.046998993 -0.027190948 -0.012467449 0.009181414 -0.015963560 0.999752700
1413393890355760384.000000 0.302776366 -0.058195502 -0.022389490 -0.011481090 0.009510177 -0.012630237 0.999809146
1413393890405760512.000000 0.314732462 -0.069348283 -0.015205232 -0.010420353 0.009557211 -0.009620157 0.999853790
1413393890455760384.000000 0.316440821 -0.083981030 -0.002910042 -0.009928111 0.013291367 -0.006888246 0.999838650
1413393890505760512.000000 0.318176359 -0.093581535 0.004653719 -0.008357159 0.021525951 -0.003674266 0.999726653
1413393890555760384.000000 0.321395457 -0.104933590 0.011905104 -0.006991846 0.032761775 -0.001183505 0.999438047
1413393890605760512.000000 0.324623495 -0.117012203 0.020916626 -0.007189024 0.041983921 -0.001018966 0.999091983
1413393890655760384.000000 0.327650160 -0.129089698 0.026721971 -0.007581666 0.043501250 -0.002165424 0.999022305
1413393890705760512.000000 0.331086785 -0.144352853 0.035462417 -0.008607970 0.038547751 -0.003943360 0.999211907
1413393890755760384.000000 0.333536685 -0.155035272 0.036345109 -0.008979366 0.032344814 -0.005356930 0.999422133
1413393890805760512.000000 0.336500466 -0.167150885 0.037847154 -0.009379814 0.025600987 -0.006219599 0.999608934
1413393890855760384.000000 0.342782319 -0.178433940 0.036422800 -0.009906452 0.019496068 -0.007691132 0.999731362
1413393890905760512.000000 0.346383393 -0.190956622 0.036951616 -0.010101459 0.015723757 -0.007768353 0.999795198
1413393890955760384.000000 0.350940764 -0.205284059 0.038772926 -0.010877744 0.012890104 -0.009307507 0.999814391
1413393891005760512.000000 0.359503567 -0.215343669 0.035215493 -0.010705244 0.010273073 -0.009845872 0.999841511
1413393891055760384.000000 0.366193622 -0.228489369 0.032512631 -0.010762176 0.008754065 -0.011145970 0.999841690
1413393891105760512.000000 0.373046428 -0.242692292 0.032862395 -0.010778729 0.009372924 -0.011045828 0.999837041
1413393891155760384.000000 0.384077638 -0.255457282 0.028582109 -0.009855004 0.008428857 -0.010144664 0.999864519
1413393891205760512.000000 0.391796738 -0.271757126 0.029570946 -0.009947308 0.009803746 -0.009937068 0.999853134
1413393891255760384.000000 0.397949964 -0.285479307 0.028593417 -0.009184180 0.011846032 -0.009344976 0.999844015
1413393891305760512.000000 0.403735608 -0.300267547 0.025522564 -0.008644618 0.019930962 -0.009325148 0.999720514
1413393891355760384.000000 0.401099920 -0.315818727 0.028517457 -0.007920137 0.042457800 -0.008974358 0.999026597
1413393891405760512.000000 0.397896141 -0.332761586 0.024308154 -0.006913424 0.072115168 -0.006688545 0.997349977
1413393891455760384.000000 0.397324145 -0.344504565 0.025970332 -0.004022664 0.102032356 -0.005981011 0.994755030
1413393891505760512.000000 0.394593239 -0.353398532 0.016045459 -0.001828161 0.124047250 -0.005146550 0.992261291
1413393891555760384.000000 0.384435922 -0.364713460 0.002181935 0.000538671 0.137382522 -0.004327559 0.990508556
1413393891605760512.000000 0.372244567 -0.381981343 -0.015986910 -0.000940644 0.142352521 -0.007260827 0.989789009
1413393891655760384.000000 0.357823581 -0.398021013 -0.039469853 -0.000670866 0.143126890 -0.007260354 0.989677489
1413393891705760512.000000 0.339291096 -0.419434369 -0.067005485 -0.002203553 0.144074276 -0.006383745 0.989543855
1413393891755760384.000000 0.327265084 -0.430853695 -0.105264693 -0.001567116 0.142389014 -0.006752347 0.989786506
1413393891805760512.000000 0.315189362 -0.443586439 -0.151354820 -0.001888710 0.139270529 -0.007526347 0.990224004
1413393891855760384.000000 0.298859477 -0.456005931 -0.202199176 -0.002359038 0.133273080 -0.008000414 0.991044283
1413393891905760512.000000 0.279728323 -0.472761452 -0.260687709 -0.003516896 0.120577939 -0.008268592 0.992663264
1413393891955760384.000000 0.256023884 -0.494587153 -0.323579520 -0.005464342 0.101331778 -0.007625114 0.994808495
1413393892005760512.000000 0.235585973 -0.510569692 -0.391252637 0.006331157 -0.076637737 0.007296166 -0.997012198
1413393892055760384.000000 0.217359960 -0.523602903 -0.464887530 0.007097908 -0.053507704 0.007524480 -0.998513877
1413393892105760512.000000 0.197978228 -0.539093018 -0.536381006 -0.008128052 0.035138201 -0.007625852 0.999320328
1413393892155760384.000000 0.181777179 -0.554417968 -0.611796319 0.009411025 -0.021192191 0.008391757 -0.999695897
1413393892205760512.000000 0.166114524 -0.570154190 -0.687366545 0.010236247 -0.011684104 0.008871937 -0.999840021
1413393892255760384.000000 0.146608919 -0.585883498 -0.761761546 -0.011830231 0.006000482 -0.010264861 0.999859393
1413393892305760512.000000 0.128487661 -0.602023602 -0.834631801 0.012839166 -0.002983468 0.009673824 -0.999866366
1413393892355760384.000000 0.108694419 -0.618314505 -0.905185223 0.013945908 0.001112463 0.009789823 -0.999854207
1413393892405760512.000000 0.082423955 -0.646351933 -0.960735500 -0.016146835 -0.005035698 -0.009716308 0.999809802
1413393892455760384.000000 0.058122803 -0.662980974 -1.026432157 0.017273262 0.008012794 0.009598414 -0.999772668
1413393892505760512.000000 0.032195210 -0.679902554 -1.089756608 0.018541094 0.009616816 0.010394263 -0.999727845
1413393892555760384.000000 0.001994105 -0.697073460 -1.150616646 -0.019407842 -0.012205905 -0.009352726 0.999693394
1413393892605760512.000000 -0.028233031 -0.714798868 -1.210145950 0.020190004 0.016687647 0.009306822 -0.999613583
1413393892655760384.000000 -0.059504129 -0.732762277 -1.267207503 0.021002408 0.024185143 0.009398130 -0.999442697
1413393892705760512.000000 -0.091127098 -0.751239240 -1.321569681 -0.022432849 -0.034939166 -0.009828871 0.999089360
1413393892755760384.000000 -0.121479280 -0.769830704 -1.374103308 0.022844903 0.048619002 0.009633435 -0.998509645
1413393892805760512.000000 -0.150252014 -0.788888395 -1.423667312 0.023400892 0.063363492 0.010826220 -0.997657478
1413393892855760384.000000 -0.176113635 -0.808398962 -1.469578624 0.024134826 0.075807013 0.011109168 -0.996768475
1413393892905760512.000000 -0.198091209 -0.827643096 -1.509291768 -0.024150470 -0.087868564 -0.010895409 0.995779693
1413393892955760384.000000 -0.217913702 -0.848443806 -1.546072125 0.023596456 0.098373398 0.011310172 -0.994805515
1413393893005760512.000000 -0.234214276 -0.869732976 -1.577715516 0.023704618 0.106606409 0.012455869 -0.993940711
1413393893055760384.000000 -0.246799394 -0.891840160 -1.603742242 0.022915876 0.110883966 0.012987710 -0.993484259
1413393893105760512.000000 -0.255765945 -0.914379358 -1.623723149 0.022175275 0.112436533 0.013062877 -0.993325591
1413393893155760384.000000 -0.260389149 -0.937402129 -1.637988448 0.021153677 0.108997121 0.012657887 -0.993736386
1413393893205760512.000000 -0.260973364 -0.960660994 -1.646608949 0.020287693 0.102777444 0.014063460 -0.994398057
1413393893255760384.000000 -0.258053005 -0.984381080 -1.649779558 0.019828813 0.096511513 0.013873709 -0.995037675
1413393893305760512.000000 -0.250533223 -1.006539702 -1.645487189 -0.018943291 -0.090463609 -0.010412643 0.995665133
1413393893355760384.000000 -0.242301047 -1.030908585 -1.639071941 0.017412689 0.087149076 0.004724030 -0.996031940
1413393893405760512.000000 -0.231291160 -1.055025101 -1.627960920 0.016131338 0.082511306 -0.001312202 -0.996458769
1413393893455760384.000000 -0.218478903 -1.078834653 -1.612513065 0.014563435 0.079338036 -0.007067097 -0.996716380
1413393893505760512.000000 -0.203974634 -1.102216005 -1.592959762 0.012418946 0.077960849 -0.012086642 -0.996805847
1413393893555760384.000000 -0.187644631 -1.124623537 -1.569506526 0.010661528 0.075870469 -0.016053034 -0.996931434
1413393893605760512.000000 -0.169676825 -1.145828843 -1.542070866 0.008820097 0.073344879 -0.020059736 -0.997065902
1413393893655760384.000000 -0.150508970 -1.165738225 -1.510725379 0.006721184 0.073516667 -0.024353234 -0.996973932
1413393893705760512.000000 -0.131131604 -1.182491899 -1.477120996 -0.005303345 -0.072428674 0.028819373 0.996943057
1413393893755760384.000000 -0.107917458 -1.198666930 -1.438501954 0.003885494 0.068944924 -0.032376450 -0.997087419
1413393893805760512.000000 -0.082715310 -1.212805748 -1.396555305 0.003356694 0.064970948 -0.033444747 -0.997320950
1413393893855760384.000000 -0.055048577 -1.225062132 -1.351631165 0.003837132 0.055919122 -0.033854526 -0.997853816
1413393893905760512.000000 -0.027725872 -1.235905766 -1.305544853 -0.004154019 -0.045773763 0.031770434 0.998437881
1413393893955760384.000000 0.002509388 -1.244198561 -1.255605578 -0.004569188 -0.033669028 0.029881820 0.998975813
1413393894005760512.000000 0.033314966 -1.250403166 -1.204280257 0.005118942 0.025132379 -0.028748803 -0.999257565
1413393894055760384.000000 0.064623460 -1.255522370 -1.151429892 0.004798128 0.019318944 -0.027038494 -0.999436200
1413393894105760512.000000 0.096828908 -1.259243727 -1.097553134 0.004742684 0.015060326 -0.026641922 -0.999520361
1413393894155760384.000000 0.128509536 -1.262910247 -1.043576598 -0.004120632 -0.013518817 0.027415255 0.999524295
1413393894205760512.000000 0.161583453 -1.263724923 -0.988253593 -0.003207882 -0.012782491 0.028502397 0.999506891
1413393894255760384.000000 0.195008352 -1.262713790 -0.932499647 0.003099377 0.012103663 -0.029347749 -0.999491215
1413393894305760512.000000 0.227734938 -1.260113239 -0.875717700 0.002488911 0.011715977 -0.031468250 -0.999432981
1413393894355760384.000000 0.251087129 -1.260351181 -0.820591986 -0.002714929 -0.010659749 0.031867594 0.999431610
1413393894405760512.000000 0.277331561 -1.254749298 -0.760255694 -0.003048313 -0.010618529 0.030507676 0.999473512
1413393894455760384.000000 0.298971951 -1.248048782 -0.697218060 0.003534299 0.009983052 -0.028269211 -0.999544263
1413393894505760512.000000 0.314637512 -1.241317749 -0.634659767 -0.004184471 -0.008470928 0.025982626 0.999617815
1413393894555760384.000000 0.330956221 -1.231847048 -0.568467617 -0.005615290 -0.006294791 0.022950400 0.999701083
1413393894605760512.000000 0.345104277 -1.221386313 -0.501609385 0.006684487 0.005480988 -0.019980075 -0.999763012
1413393894655760384.000000 0.354339242 -1.211925149 -0.436638862 -0.007671080 -0.002942991 0.017403590 0.999814808
1413393894705760512.000000 0.368294924 -1.199226141 -0.368631333 -0.008305836 -0.001569521 0.015594682 0.999842763
1413393894755760384.000000 0.382645786 -1.185713768 -0.301564902 0.008110007 0.000013576 -0.013828939 -0.999871492
1413393894805760512.000000 0.394502908 -1.175289750 -0.235713869 -0.007575881 0.000129520 0.014241810 0.999869943
1413393894855760384.000000 0.410361618 -1.160668612 -0.169389620 -0.007150976 0.001876076 0.013781990 0.999877691
1413393894905760512.000000 0.425900161 -1.145630240 -0.103558011 0.006569123 -0.005059487 -0.012459814 -0.999888003
1413393894955760384.000000 0.441864848 -1.131628633 -0.040095937 -0.006445566 0.010253797 0.010963424 0.999866605
1413393895005760512.000000 0.459751546 -1.115695715 0.024347994 -0.006135464 0.016123846 0.009709132 0.999804080
1413393895055760384.000000 0.475858837 -1.100944519 0.085407592 -0.005342180 0.022203185 0.008962375 0.999699056
1413393895105760512.000000 0.493762612 -1.084640145 0.147667304 -0.005275944 0.023875182 0.007277538 0.999674559
1413393895155760384.000000 0.511214077 -1.070077062 0.206989959 -0.005205630 0.022747012 0.005840716 0.999710679
1413393895205760512.000000 0.529304206 -1.053471804 0.266644925 -0.004573212 0.019525850 0.005527311 0.999783635
1413393895255760384.000000 0.550668180 -1.036766291 0.331321418 -0.004831237 0.017484281 0.004898957 0.999823511
1413393895305760512.000000 0.567884684 -1.020148277 0.389350653 -0.004333362 0.018417576 0.004676621 0.999810100
1413393895355760384.000000 0.583672643 -1.004706502 0.445675015 -0.004490182 0.020752788 0.003760168 0.999767482
1413393895405760512.000000 0.596472979 -0.988131762 0.501924574 -0.004500033 0.024000589 0.003853875 0.999694467
1413393895455760384.000000 0.606528759 -0.972119629 0.557830215 -0.005389547 0.025139879 0.002986048 0.999664962
1413393895505760512.000000 0.614047945 -0.954922974 0.612503171 -0.007445899 0.026995962 0.003629142 0.999601245
1413393895555760384.000000 0.621741533 -0.937758327 0.667602956 -0.011153426 0.026258191 0.005360194 0.999578655
1413393895605760512.000000 0.627710998 -0.920261145 0.719527185 -0.015444982 0.026121262 0.008758436 0.999501109
1413393895655760384.000000 0.637065768 -0.901010334 0.777481258 -0.022198854 0.025779804 0.009760481 0.999373496
1413393895705760512.000000 0.645332873 -0.882722735 0.825407684 -0.030436056 0.029757071 0.009785512 0.999045789
1413393895755760384.000000 0.655016720 -0.864108264 0.875102818 -0.039438698 0.031550262 0.012354442 0.998647392
1413393895805760512.000000 0.664113820 -0.845863760 0.920138836 -0.049923319 0.034903158 0.015347813 0.998025000
1413393895855760384.000000 0.674295962 -0.827017903 0.964728773 -0.062521338 0.036599200 0.018836953 0.997194469
1413393895905760512.000000 0.683594108 -0.808528423 1.004724741 -0.077539958 0.037390701 0.022009511 0.996044755
1413393895955760384.000000 0.693116724 -0.789967537 1.043588400 -0.093094625 0.037343699 0.028222721 0.994556367
1413393896005760512.000000 0.702347219 -0.771952212 1.078802943 -0.111300953 0.035054360 0.031381033 0.992672443
1413393896055760384.000000 0.711561739 -0.753303945 1.114838123 -0.130722046 0.033944320 0.036385454 0.990169585
1413393896105760512.000000 0.719998002 -0.736660004 1.146483064 -0.151895329 0.033633616 0.040499058 0.986993670
1413393896155760384.000000 0.733285427 -0.715426147 1.187579274 -0.172004640 0.034779321 0.046778731 0.983370006
1413393896205760512.000000 0.742354274 -0.700730145 1.216392517 -0.193211481 0.037012212 0.051268406 0.979117453
1413393896255760384.000000 0.751430869 -0.687229753 1.242570043 0.215131015 -0.043164514 -0.055080578 -0.974074781
1413393896305760512.000000 0.763704181 -0.671159387 1.272732258 -0.236339122 0.047966748 0.058877986 0.968698382
1413393896355760384.000000 0.772202849 -0.661379218 1.294315338 -0.257638693 0.053014383 0.063710071 0.962680042
1413393896405760512.000000 0.781612456 -0.653214574 1.313606143 0.278093934 -0.058491755 -0.072460234 -0.956029356
1413393896455760384.000000 0.794928432 -0.638468862 1.343049288 -0.296064228 0.064432994 0.087391071 0.948976934
1413393896505760512.000000 0.803376019 -0.635697722 1.355553150 -0.313733786 0.065974899 0.102420427 0.941662610
1413393896555760384.000000 0.811532974 -0.634523690 1.365051746 0.331005812 -0.064991757 -0.120204262 -0.933682084
1413393896605760512.000000 0.818741798 -0.634372711 1.371548772 0.348133802 -0.062003545 -0.136344075 -0.925401986
1413393896655760384.000000 0.826047778 -0.634487391 1.375547290 0.364648551 -0.058609143 -0.151468128 -0.916871786
1413393896705760512.000000 0.839143097 -0.620878994 1.391252160 -0.380708009 0.055830382 0.167496577 0.907683492
1413393896755760384.000000 0.845776558 -0.620625257 1.389753342 -0.395604879 0.053658824 0.184002057 0.898198664
1413393896805760512.000000 0.853115201 -0.617983460 1.386942506 0.409970969 -0.052341778 -0.199524909 -0.888467252
1413393896855760384.000000 0.858596742 -0.615207553 1.380314827 0.423582077 -0.049077395 -0.215667605 -0.878440261
1413393896905760512.000000 0.869116724 -0.595309615 1.388708949 -0.437032908 0.042479135 0.232341066 0.867879868
1413393896955760384.000000 0.872519493 -0.588999450 1.375774145 -0.450231969 0.032810062 0.245250568 0.857943356
1413393897005760512.000000 0.874547958 -0.578512371 1.362282634 0.462500572 -0.016067205 -0.254063964 -0.849286020
1413393897055760384.000000 0.876327634 -0.560048878 1.354299784 -0.474917591 -0.006707310 0.256332427 0.841844440
1413393897105760512.000000 0.875312626 -0.543310642 1.337988615 -0.487688690 -0.027988533 0.250753552 0.835762560
1413393897155760384.000000 0.873879075 -0.521348715 1.323637486 0.500030816 0.045518894 -0.239671111 -0.830936253
1413393897205760512.000000 0.867795587 -0.489779830 1.316231370 -0.512927890 -0.056794591 0.222788855 0.827069879
1413393897255760384.000000 0.867452085 -0.462347269 1.304392576 -0.525266647 -0.062532052 0.200373530 0.824642539
1413393897305760512.000000 0.869783223 -0.428475976 1.300442338 -0.536546648 -0.062344905 0.175312161 0.823101819
1413393897355760384.000000 0.873115957 -0.397609293 1.296589136 0.544840395 0.058049042 -0.155452132 -0.821957409
1413393897405760512.000000 0.885113299 -0.372620106 1.278939962 -0.549313605 -0.049256489 0.146164730 0.821257770
1413393897455760384.000000 0.890340507 -0.341418803 1.283565998 -0.550408065 -0.037246246 0.145331204 0.821305394
1413393897505760512.000000 0.896579146 -0.310012937 1.292983055 0.549510539 0.025573289 -0.147887930 -0.821896195
1413393897555760384.000000 0.904987574 -0.271503627 1.306650281 -0.548035920 -0.016615337 0.150863469 0.822569668
1413393897605760512.000000 0.912379026 -0.241581500 1.320939779 0.545614123 0.011463419 -0.156580448 -0.823198915
1413393897655760384.000000 0.920754433 -0.212801039 1.337019682 0.543110609 0.008769911 -0.160605356 -0.824111640
1413393897705760512.000000 0.932124615 -0.176874220 1.356689572 -0.540653944 -0.008300171 0.163929194 0.825076818
1413393897755760384.000000 0.942943633 -0.149176598 1.375366211 -0.539436162 -0.008659332 0.165070772 0.825642347
1413393897805760512.000000 0.955766916 -0.118951142 1.395594835 0.538135827 0.009804634 -0.164245278 -0.826642156
1413393897855760384.000000 0.973325431 -0.081624627 1.420253992 -0.539077282 -0.010837199 0.162809551 0.826299787
1413393897905760512.000000 0.987503529 -0.053298235 1.441882253 -0.541550457 -0.012698600 0.161765561 0.824859917
1413393897955760384.000000 1.003760934 -0.022787452 1.465627432 -0.546592832 -0.015646808 0.159082532 0.822000206
1413393898005760512.000000 1.020217299 0.005620360 1.489788532 0.553953409 0.018263960 -0.155905724 -0.817615807
1413393898055760384.000000 1.039147854 0.034762621 1.515641451 -0.564043641 -0.020541469 0.151628330 0.811444223
1413393898105760512.000000 1.059268355 0.061517954 1.542526603 0.575749815 0.017140916 -0.145278022 -0.804433167
1413393898155760384.000000 1.081546783 0.085943937 1.571806908 -0.588393807 -0.006214997 0.139979720 0.796341598
1413393898205760512.000000 1.103747606 0.107695222 1.602124691 -0.601203561 0.009699184 0.136960611 0.787211597
1413393898255760384.000000 1.129540324 0.134453177 1.637542963 -0.612970769 0.029322451 0.133342266 0.778220415
1413393898305760512.000000 1.154751182 0.149351835 1.671398520 -0.622164190 0.049546096 0.131297737 0.770206392
1413393898355760384.000000 1.180830836 0.160784841 1.706868052 -0.628858566 0.072556496 0.132294804 0.762738883
1413393898405760512.000000 1.207088590 0.166405678 1.742414951 -0.633882284 0.096466452 0.132082984 0.755937576
1413393898455760384.000000 1.233873844 0.168589950 1.777843714 -0.636298776 0.121346444 0.132956564 0.750147641
1413393898505760512.000000 1.257499218 0.161734462 1.812436342 0.636812508 -0.139471024 -0.138349637 -0.745571673
1413393898555760384.000000 1.274657488 0.154647708 1.849313974 -0.632020116 0.144674569 0.157564431 0.744844556
1413393898605760512.000000 1.288607836 0.136343837 1.882980108 -0.626965344 0.132910386 0.181114271 0.745953798
1413393898655760384.000000 1.298910022 0.114853501 1.914728880 -0.620597780 0.116966479 0.207899272 0.746963978
1413393898705760512.000000 1.305736184 0.086925507 1.944084287 -0.614416480 0.094589926 0.233589530 0.747650445
1413393898755760384.000000 1.308977723 0.061136127 1.972124577 -0.607188702 0.068998896 0.260412425 0.747493446
1413393898805760512.000000 1.309591413 0.030529022 1.996222258 -0.599573016 0.039817356 0.286314398 0.746291399
1413393898855760384.000000 1.309823513 0.007948875 2.016564846 -0.592566669 0.010680636 0.309689224 0.743534327
1413393898905760512.000000 1.312163591 -0.016807318 2.032581091 -0.587208271 -0.013840952 0.328314185 0.739732862
1413393898955760384.000000 1.314966798 -0.026637316 2.049386263 0.583620787 0.037603840 -0.341125339 -0.735939085
1413393899005760512.000000 1.320136666 -0.037700653 2.057623148 -0.581940651 -0.060061615 0.348066509 0.732521296
1413393899055760384.000000 1.327452660 -0.036726475 2.062900305 0.585404873 0.077789724 -0.343267083 -0.730354428
1413393899105760512.000000 1.339496613 -0.028331995 2.064843178 0.593412280 0.087178573 -0.326263368 -0.730625749
1413393899155760384.000000 1.357465029 -0.007730007 2.066235304 0.606361687 0.080153823 -0.298170120 -0.732799828
1413393899205760512.000000 1.378453970 0.017798185 2.066636324 0.621764183 0.058694161 -0.263415962 -0.735239029
1413393899255760384.000000 1.402816296 0.047008514 2.064928532 0.635564685 0.027862193 -0.227313876 -0.737298965
1413393899305760512.000000 1.427593589 0.077374697 2.067565680 0.647246301 -0.010516466 -0.192158297 -0.737588644
1413393899355760384.000000 1.461305976 0.101194143 2.069148302 -0.655326664 0.047864206 0.161715791 0.736277163
1413393899405760512.000000 1.485804319 0.125649452 2.074182749 -0.659247637 0.081047527 0.137995169 0.734698057
1413393899455760384.000000 1.511067510 0.143506289 2.079090118 -0.660835087 0.109415568 0.120111518 0.732733607
1413393899505760512.000000 1.535869360 0.153802514 2.084504128 0.659239829 -0.140366152 -0.106885500 -0.730941713
1413393899555760384.000000 1.560690522 0.144762278 2.083899260 -0.655849040 0.167289168 0.097664766 0.729615033
1413393899605760512.000000 1.581627846 0.137110591 2.087857246 0.651101887 -0.187286511 -0.095635615 -0.729276299
1413393899655760384.000000 1.598471642 0.119820714 2.090938807 0.643896520 -0.197371319 -0.104042247 -0.731858671
1413393899705760512.000000 1.611201763 0.092969537 2.092598915 0.635424554 -0.194904104 -0.121280082 -0.737251103
1413393899755760384.000000 1.619307280 0.057606101 2.092415571 0.625520289 -0.178949788 -0.150325909 -0.744381309
1413393899805760512.000000 1.625903010 0.022719383 2.095126867 -0.615255892 0.156854779 0.181722447 0.750888705
1413393899855760384.000000 1.627778411 -0.026786804 2.088818312 0.602890313 -0.130896300 -0.218126565 -0.756181359
1413393899905760512.000000 1.624544978 -0.078919888 2.079946995 -0.589893639 0.099556349 0.255931318 0.759350538
1413393899955760384.000000 1.619395018 -0.133299112 2.066935539 -0.576483846 0.064275265 0.293706268 0.759784043
1413393900005760512.000000 1.608289480 -0.187392473 2.049929380 0.566013634 -0.033339921 -0.324772000 -0.756994188
1413393900055760384.000000 1.600960255 -0.236738920 2.027864218 0.559518814 -0.007634878 -0.346854597 -0.752709985
1413393900105760512.000000 1.589739323 -0.279827118 2.002479792 0.556873679 0.013688115 -0.360752702 -0.748038709
1413393900155760384.000000 1.579354286 -0.315527439 1.972637296 0.558421373 0.033799887 -0.364870429 -0.744239748
1413393900205760512.000000 1.566610456 -0.342903614 1.940520525 -0.561842263 -0.052062448 0.364250392 0.740907848
1413393900255760384.000000 1.551428318 -0.362906456 1.905666828 0.568163216 0.068921551 -0.355116576 -0.739143133
1413393900305760512.000000 1.537503004 -0.372382164 1.870116234 0.577233195 0.082654528 -0.338726401 -0.738400042
1413393900355760384.000000 1.522338390 -0.374124527 1.833214164 0.587739944 0.089565217 -0.317468286 -0.738751471
1413393900405760512.000000 1.508703232 -0.366761208 1.799107075 0.600229144 0.085508093 -0.291465908 -0.739906132
1413393900455760384.000000 1.491676569 -0.352654696 1.766377211 -0.612926304 -0.074752860 0.264738679 0.740707040
1413393900505760512.000000 1.476887465 -0.336364627 1.737787724 -0.624479949 -0.056694053 0.237942576 0.741750598
1413393900555760384.000000 1.461522341 -0.317016602 1.710289240 -0.635167480 -0.033900537 0.210783273 0.742282629
1413393900605760512.000000 1.444494724 -0.297710657 1.687376618 -0.644856572 -0.004009932 0.182774633 0.742116868
1413393900655760384.000000 1.425530314 -0.277327776 1.665734172 -0.652194262 0.026235057 0.157506868 0.741043866
1413393900705760512.000000 1.404593825 -0.262276411 1.647691488 -0.657332003 0.056739125 0.136211753 0.739014030
1413393900755760384.000000 1.381355166 -0.251903057 1.631417394 -0.659495234 0.081926942 0.121882930 0.737223625
1413393900805760512.000000 1.357266903 -0.247782111 1.617210627 -0.659274399 0.102123134 0.115764856 0.735884964
1413393900855760384.000000 1.330812097 -0.256966472 1.607940674 -0.656697094 0.116204552 0.119365804 0.735525250
1413393900905760512.000000 1.305369496 -0.267072558 1.594638467 -0.652157605 0.119583465 0.131680399 0.736919701
1413393900955760384.000000 1.279051781 -0.284676433 1.582039833 -0.645036340 0.114522889 0.153503567 0.739762962
1413393901005760512.000000 1.253158450 -0.307558417 1.567281961 -0.637065113 0.104838550 0.179021686 0.742366612
1413393901055760384.000000 1.227995157 -0.337727547 1.551822782 -0.628093600 0.091522247 0.205900088 0.744800270
1413393901105760512.000000 1.202882886 -0.369320869 1.532689214 -0.621468723 0.067765951 0.227990180 0.746461570
1413393901155760384.000000 1.177433968 -0.403663754 1.512770534 -0.615111530 0.038183298 0.249265000 0.747025371
1413393901205760512.000000 1.153867364 -0.436966538 1.489355803 -0.610951543 0.006616537 0.262639821 0.746803164
1413393901255760384.000000 1.127867341 -0.463462234 1.468552947 0.608025432 0.020702884 -0.271572351 -0.745737910
1413393901305760512.000000 1.107896328 -0.490738153 1.442872882 0.605924249 0.043644935 -0.277849525 -0.744144261
1413393901355760384.000000 1.090229511 -0.513694167 1.417035341 -0.604758918 -0.060001813 0.281546533 0.742561758
1413393901405760512.000000 1.072803736 -0.530028701 1.392256737 0.603434741 0.072910339 -0.285166502 -0.741101027
1413393901455760384.000000 1.058176160 -0.541320443 1.367986083 0.602487862 0.083330691 -0.288852781 -0.739343345
1413393901505760512.000000 1.045410991 -0.546051264 1.344949365 -0.602586567 -0.092341505 0.289005429 0.738131702
1413393901555760384.000000 1.034511447 -0.543865681 1.323410749 -0.603050590 -0.099916428 0.287408710 0.737389266
1413393901605760512.000000 1.023608088 -0.529032826 1.305314183 0.605234504 0.104288928 -0.281611294 -0.737231433
1413393901655760384.000000 1.019098878 -0.512037635 1.287332058 0.610597789 0.103201240 -0.267219454 -0.738318145
1413393901705760512.000000 1.017679095 -0.487094164 1.271818399 0.618019342 0.093816295 -0.246643305 -0.740552306
1413393901755760384.000000 1.019444585 -0.458111525 1.259147286 0.625647187 0.080055565 -0.226136491 -0.742306590
1413393901805760512.000000 1.022700787 -0.425381422 1.250065327 0.631925285 0.060461868 -0.208615437 -0.743972063
1413393901855760384.000000 1.026263714 -0.391790628 1.244564295 0.636091471 0.042565845 -0.198485851 -0.744432092
1413393901905760512.000000 1.029366970 -0.356671095 1.242370725 -0.637425125 -0.029655682 0.196519762 0.744439244
1413393901955760384.000000 1.036543131 -0.318147063 1.233813882 0.637030661 0.024088284 -0.198079631 -0.744564414
1413393902005760512.000000 1.035230041 -0.283641100 1.244131446 0.637822807 0.018682785 -0.200129926 -0.743492484
1413393902055760384.000000 1.040759206 -0.247904658 1.248655200 0.637479603 0.016900623 -0.202866897 -0.743087649
1413393902105760512.000000 1.047944546 -0.211415410 1.254770875 -0.637549937 -0.017186720 0.204429358 0.742592394
1413393902155760384.000000 1.056295633 -0.174901247 1.262524366 -0.638152182 -0.016572123 0.203301147 0.742398679
1413393902205760512.000000 1.065177202 -0.138428211 1.272053957 -0.638440549 -0.017609971 0.203116730 0.742177308
1413393902255760384.000000 1.073614120 -0.103149891 1.281472206 0.639095962 0.017654698 -0.202262044 -0.741845548
1413393902305760512.000000 1.084093809 -0.066357970 1.294496775 0.639434695 0.018123442 -0.202062905 -0.741596580
1413393902355760384.000000 1.094538927 -0.029498458 1.309411764 -0.639836252 -0.018595152 0.201206356 0.741471469
1413393902405760512.000000 1.099740624 0.012285352 1.324376345 0.640563548 0.017102307 -0.198789179 -0.741531372
1413393902455760384.000000 1.107990503 0.049705744 1.343930244 0.641499698 0.015254148 -0.196084470 -0.741482615
1413393902505760512.000000 1.115314603 0.085994363 1.365698338 -0.642635167 -0.011982574 0.193020061 0.741363466
1413393902555760384.000000 1.122001171 0.121914268 1.388001442 0.642954946 0.010976825 -0.192401797 -0.741262496
1413393902605760512.000000 1.132975221 0.157376766 1.413016915 0.642845273 0.010741374 -0.192934707 -0.741222560
1413393902655760384.000000 1.146870732 0.192127109 1.438888431 -0.642801464 -0.011733037 0.194113567 0.740937650
1413393902705760512.000000 1.163020372 0.228577971 1.463336825 0.642777205 0.012283419 -0.194927081 -0.740736246
1413393902755760384.000000 1.184670448 0.262319446 1.490826845 0.642136753 0.012622003 -0.197211280 -0.740681350
1413393902805760512.000000 1.202839494 0.296888590 1.517074943 0.639813602 0.010671593 -0.204882354 -0.740640223
1413393902855760384.000000 1.229844809 0.330285430 1.546246290 0.636343837 0.007331493 -0.215715855 -0.740594029
1413393902905760512.000000 1.257158160 0.364788532 1.576070905 -0.630983770 -0.004810081 0.231720760 0.740366101
1413393902955760384.000000 1.283348799 0.399905086 1.603975296 0.625981987 0.003639724 -0.246712342 -0.739774585
1413393903005760512.000000 1.311275840 0.436446786 1.633328438 0.621547163 0.001605974 -0.259810686 -0.739036560
1413393903055760384.000000 1.338526607 0.473986387 1.659532785 0.618615329 -0.001317694 -0.268976361 -0.738217533
1413393903105760512.000000 1.367361665 0.514856935 1.685561895 0.619046390 -0.002451475 -0.269416422 -0.737692654
1413393903155760384.000000 1.395814776 0.557106495 1.709437966 -0.621618092 0.005834985 0.263486236 0.737653017
1413393903205760512.000000 1.423298597 0.602611780 1.733631134 0.625340104 -0.007618390 -0.255674273 -0.737239778
1413393903255760384.000000 1.450398922 0.648142457 1.755403042 0.629848599 -0.009436963 -0.248040169 -0.735987663
1413393903305760512.000000 1.476296186 0.694098353 1.775822401 0.635353744 -0.010788645 -0.241548285 -0.733391881
1413393903355760384.000000 1.499760628 0.740806818 1.796113253 0.642098129 -0.010191789 -0.238003895 -0.728670180
1413393903405760512.000000 1.520303726 0.787843108 1.816264510 0.650619090 -0.011606066 -0.237112597 -0.721344411
1413393903455760384.000000 1.535730243 0.834664464 1.837236762 0.659861326 -0.014327452 -0.239454672 -0.712066889
1413393903505760512.000000 1.545938253 0.882281184 1.859381676 -0.669678807 0.018848006 0.244048491 0.701152980
1413393903555760384.000000 1.550656080 0.928372025 1.882834792 -0.680073023 0.024771268 0.248502687 0.689299345
1413393903605760512.000000 1.555926681 0.977054954 1.909805536 -0.690712452 0.035327055 0.250988007 0.677254319
1413393903655760384.000000 1.558332562 1.021518707 1.932418823 -0.701130211 0.046594001 0.252432257 0.665224373
1413393903705760512.000000 1.560736179 1.065350294 1.954185367 -0.710232854 0.055948749 0.255558997 0.653550804
1413393903755760384.000000 1.562628031 1.107464790 1.973708987 -0.718788028 0.063915282 0.258308500 0.642289162
1413393903805760512.000000 1.565247416 1.148253322 1.992020130 -0.724833429 0.069016069 0.264040530 0.632562995
1413393903855760384.000000 1.566724777 1.187017918 2.007714748 -0.728556931 0.074026704 0.272355765 0.624137282
1413393903905760512.000000 1.571168423 1.225316525 2.022097588 -0.730946720 0.078527898 0.280966669 0.616934478
1413393903955760384.000000 1.573312044 1.260437012 2.032415390 -0.732879579 0.083044797 0.288037241 0.610758364
1413393904005760512.000000 1.583839178 1.305323601 2.043547153 0.735091865 -0.086526409 -0.293525785 -0.604975820
1413393904055760384.000000 1.584801197 1.336757183 2.047617197 0.736653984 -0.086197384 -0.297081232 -0.601376593
1413393904105760512.000000 1.583136201 1.366156340 2.049540520 0.739465714 -0.084368564 -0.296432137 -0.598498464
1413393904155760384.000000 1.578101277 1.393806934 2.049528599 0.741664410 -0.078188732 -0.295713872 -0.596970499
1413393904205760512.000000 1.575360894 1.422199249 2.047348738 0.743642986 -0.071083039 -0.294858307 -0.595819533
1413393904255760384.000000 1.567116141 1.446400404 2.043054819 0.745160401 -0.064054839 -0.293820620 -0.595233023
1413393904305760512.000000 1.564491510 1.470812559 2.035051584 0.747028947 -0.058983557 -0.291080981 -0.594761014
1413393904355760384.000000 1.562075138 1.492439985 2.023261070 0.748262703 -0.057015218 -0.288689435 -0.594567537
1413393904405760512.000000 1.563537955 1.517865181 2.009258747 0.749835253 -0.055656828 -0.287641466 -0.593221605
1413393904455760384.000000 1.567512870 1.537749767 1.989206433 0.752031446 -0.054787815 -0.287248582 -0.590707541
1413393904505760512.000000 1.576103926 1.558184624 1.965660095 0.755153239 -0.053615574 -0.286873311 -0.587003171
1413393904555760384.000000 1.586211324 1.576944828 1.937889934 0.760228157 -0.049760018 -0.284995556 -0.581682622
1413393904605760512.000000 1.594171762 1.595267534 1.910245776 0.766023457 -0.036343262 -0.285286725 -0.574890256
1413393904655760384.000000 1.600461602 1.612056017 1.880803823 0.771694005 -0.016869752 -0.288006544 -0.566794574
1413393904705760512.000000 1.603390455 1.628332138 1.852602482 0.776617229 0.000306641 -0.294106871 -0.557105780
1413393904755760384.000000 1.604012966 1.645124197 1.824791312 0.781767130 0.016366800 -0.300729156 -0.546016812
1413393904805760512.000000 1.608119130 1.665636778 1.796865940 0.787144244 0.028160034 -0.306621343 -0.534410357
1413393904855760384.000000 1.606373191 1.686629057 1.770165443 0.793488920 0.036684580 -0.310275674 -0.522263110
1413393904905760512.000000 1.603230238 1.709875107 1.744705677 0.801097810 0.039963812 -0.310756028 -0.509976447
1413393904955760384.000000 1.599584341 1.736258030 1.719525814 0.811133742 0.038623501 -0.305337071 -0.497332573
1413393905005760512.000000 1.591989398 1.769911289 1.694612861 0.822409391 0.032870941 -0.297352403 -0.483884186
1413393905055760384.000000 1.585090756 1.801427364 1.672212124 0.833134890 0.027145416 -0.289609253 -0.470399737
1413393905105760512.000000 1.574947715 1.834389925 1.652569771 0.842775404 0.021990908 -0.284151375 -0.456622362
1413393905155760384.000000 1.565402865 1.867612362 1.634873390 0.851572275 0.016454197 -0.280903161 -0.442320466
1413393905205760512.000000 1.549185753 1.901579857 1.620961428 0.858950913 0.009428691 -0.280744433 -0.428132087
1413393905255760384.000000 1.531369805 1.935395241 1.609479070 0.865720570 0.002628818 -0.281771511 -0.413673550
1413393905305760512.000000 1.512851954 1.969595194 1.599908590 0.871842504 -0.004637639 -0.284212917 -0.398863524
1413393905355760384.000000 1.500378847 2.007246017 1.590037704 0.877137363 -0.010815964 -0.287642568 -0.384414852
1413393905405760512.000000 1.483867407 2.040975094 1.582781076 0.882118165 -0.014913547 -0.290973991 -0.370107174
1413393905455760384.000000 1.470197082 2.074379683 1.576635480 0.887041688 -0.018917691 -0.294049263 -0.355435371
1413393905505760512.000000 1.457149029 2.106909513 1.570914507 0.891488194 -0.021844467 -0.297885209 -0.340640664
1413393905555760384.000000 1.444940448 2.138434410 1.566018343 0.894993305 -0.027616108 -0.303721994 -0.325541705
1413393905605760512.000000 1.433507681 2.175101519 1.556733370 0.897493243 -0.034543421 -0.311740637 -0.310049087
1413393905655760384.000000 1.422861695 2.203922272 1.552162409 0.900302351 -0.041644938 -0.317952991 -0.294325262
1413393905705760512.000000 1.413132906 2.232056856 1.546770573 0.903200984 -0.049269889 -0.322718412 -0.278663576
1413393905755760384.000000 1.404560089 2.257541895 1.540766478 0.906423807 -0.057593241 -0.325791389 -0.262562275
1413393905805760512.000000 1.396598339 2.280995369 1.534066200 0.908481300 -0.066210270 -0.330371588 -0.247250184
1413393905855760384.000000 1.388785958 2.302040577 1.526455522 0.908527613 -0.074800663 -0.338980258 -0.232540086
1413393905905760512.000000 1.377254248 2.326923370 1.511712909 0.907483041 -0.080692962 -0.349790066 -0.218197525
1413393905955760384.000000 1.370037913 2.342313766 1.500000477 0.905958056 -0.083646715 -0.361131191 -0.204517663
1413393906005760512.000000 1.363752127 2.354918242 1.484586596 0.905658126 -0.084105581 -0.369194031 -0.190802008
1413393906055760384.000000 1.358546019 2.364152193 1.464990377 0.907020271 -0.075353600 -0.374101669 -0.177999943
1413393906105760512.000000 1.353808403 2.370394945 1.442253470 0.910493493 -0.061228994 -0.373904705 -0.165674418
1413393906155760384.000000 1.348377228 2.374851227 1.417206764 0.915302217 -0.047418069 -0.369044274 -0.154206708
1413393906205760512.000000 1.332665443 2.383096695 1.387120128 0.921301484 -0.032611281 -0.360022783 -0.143261105
1413393906255760384.000000 1.323285699 2.386328697 1.360569239 0.927629828 -0.020697013 -0.348365158 -0.133102849
1413393906305760512.000000 1.311206698 2.389972687 1.333423376 0.933137894 -0.010998635 -0.337403566 -0.123659253
1413393906355760384.000000 1.296147108 2.394148588 1.306994557 0.937199414 -0.003796483 -0.329330891 -0.114821941
1413393906405760512.000000 1.278421640 2.399078131 1.282150745 0.939801693 -0.000184224 -0.324585050 -0.106852189
1413393906455760384.000000 1.258534431 2.404707432 1.260156155 0.942354321 0.001788028 -0.319569916 -0.099198341
1413393906505760512.000000 1.235576391 2.411060095 1.240654945 0.944034815 0.001394253 -0.317005754 -0.091125034
1413393906555760384.000000 1.209995270 2.418525219 1.222948790 0.945452690 -0.001963305 -0.314854175 -0.083560295
1413393906605760512.000000 1.181610703 2.426503181 1.207641125 0.946333110 -0.008814152 -0.314074367 -0.075718783
1413393906655760384.000000 1.151679039 2.434549332 1.194482088 0.947084665 -0.018302526 -0.313285947 -0.067435548
1413393906705760512.000000 1.109291911 2.448024988 1.170138955 0.947039664 -0.031900305 -0.313770801 -0.060383175
1413393906755760384.000000 1.079952955 2.455628872 1.159103155 0.946715593 -0.045870308 -0.314016253 -0.054949388
1413393906805760512.000000 1.051520228 2.462312937 1.148563147 0.947111785 -0.057729427 -0.311640322 -0.050268169
1413393906855760384.000000 1.024930716 2.466464281 1.139082909 -0.947787046 0.063220881 0.309137076 0.046229418
1413393906905760512.000000 0.999379039 2.468351841 1.130747080 -0.948985219 0.065526225 0.305366665 0.043411884
1413393906955760384.000000 0.974713206 2.467889547 1.123444557 -0.950277269 0.065643184 0.301627010 0.041053414
1413393907005760512.000000 0.950956106 2.465149879 1.117212296 -0.951185763 0.063686065 0.299362779 0.039645676
1413393907055760384.000000 0.928108394 2.460215569 1.112407446 -0.951771200 0.052847508 0.299705714 0.038927935
1413393907105760512.000000 0.905892611 2.453558922 1.109177113 0.951934159 -0.041260760 -0.301073909 -0.038385805
1413393907155760384.000000 0.884514928 2.445624113 1.107214212 0.951475859 -0.030817436 -0.303804159 -0.038040593
1413393907205760512.000000 0.861332417 2.433208466 1.096989393 0.951079786 -0.018395931 -0.306120396 -0.037406392
1413393907255760384.000000 0.842537105 2.424029589 1.095957279 0.950664341 -0.001811458 -0.307990134 -0.037096240
1413393907305760512.000000 0.823493838 2.416747808 1.098525763 0.949841797 0.017989958 -0.310047805 -0.036705788
1413393907355760384.000000 0.806686044 2.410660505 1.100692153 0.949212670 0.036612432 -0.310392767 -0.036212347
1413393907405760512.000000 0.791071057 2.407220602 1.103972554 0.947875500 0.046281565 -0.313310564 -0.035022691
1413393907455760384.000000 0.778041244 2.407540798 1.107102633 0.946939766 0.042190623 -0.316750914 -0.034552962
1413393907505760512.000000 0.769288480 2.411104202 1.110418439 0.946535707 0.033047788 -0.319063425 -0.034302309
1413393907555760384.000000 0.765259266 2.417452574 1.111607671 0.946614563 0.015496019 -0.320211172 -0.033847228
1413393907605760512.000000 0.765720904 2.425115108 1.111309767 0.947052658 0.002857930 -0.319263816 -0.033966262
1413393907655760384.000000 0.766052306 2.433341265 1.111205578 0.946559072 -0.007229661 -0.320674807 -0.033785064
1413393907705760512.000000 0.753229678 2.448418856 1.105704546 0.945318520 -0.014625380 -0.324127942 -0.033169266
1413393907755760384.000000 0.749301195 2.456351757 1.107681751 0.944463432 -0.019168571 -0.326376438 -0.033165038
1413393907805760512.000000 0.742449343 2.465617418 1.111122012 0.944787741 -0.022336394 -0.325250596 -0.033004612
1413393907855760384.000000 0.730169535 2.473640442 1.116911888 0.945405066 -0.024784770 -0.323331267 -0.032432918
1413393907905760512.000000 0.712649882 2.481202364 1.124968171 0.946546018 -0.027128033 -0.319802612 -0.032265522
1413393907955760384.000000 0.690597951 2.488045931 1.135229826 0.947782755 -0.024535086 -0.316373587 -0.031838153
1413393908005760512.000000 0.666135728 2.494180441 1.147655368 0.948776424 -0.020904031 -0.313728184 -0.031001333
1413393908055760384.000000 0.642788887 2.500045538 1.160838127 0.949462712 -0.015849382 -0.311990410 -0.030519033
1413393908105760512.000000 0.621743321 2.506527901 1.179196000 0.949095368 -0.012045524 -0.313317120 -0.030088289
1413393908155760384.000000 0.602287948 2.512246370 1.195091009 0.947405577 -0.009644659 -0.318534374 -0.029419493
1413393908205760512.000000 0.586864293 2.517086267 1.211323738 0.946252048 -0.006651651 -0.322072566 -0.028846873
1413393908255760384.000000 0.575210214 2.522636652 1.226965308 0.945844769 -0.006006710 -0.323319197 -0.028397648
1413393908305760512.000000 0.566885412 2.528648615 1.243033767 0.947233677 -0.005341558 -0.319257289 -0.028191449
1413393908355760384.000000 0.560984075 2.535056591 1.258731604 0.950081944 -0.006786863 -0.310685456 -0.027801773
1413393908405760512.000000 0.555389166 2.542064667 1.275229335 0.951122642 -0.007558415 -0.307501495 -0.027415024
1413393908455760384.000000 0.550374329 2.549490213 1.292359352 0.950993598 -0.009216803 -0.307905078 -0.026846062
1413393908505760512.000000 0.545628607 2.556782007 1.309761763 0.950022161 -0.010393464 -0.310919642 -0.026056936
1413393908555760384.000000 0.543810487 2.569313049 1.325467348 0.948424935 -0.010097574 -0.315870702 -0.024778694
1413393908605760512.000000 0.540387869 2.577394009 1.343240857 0.947013974 -0.013433543 -0.320019126 -0.023913650
1413393908655760384.000000 0.535346389 2.585044861 1.366560817 -0.945168555 0.019011552 0.325228602 0.022833332
1413393908705760512.000000 0.531799197 2.592593431 1.387649655 -0.943597317 0.037443958 0.328246027 0.021832639
1413393908755760384.000000 0.529769659 2.598982096 1.408086181 -0.942748725 0.057079077 0.327917129 0.020908082
1413393908805760512.000000 0.530559361 2.602954149 1.427486777 -0.943300426 0.072793230 0.323257715 0.019748045
1413393908855760384.000000 0.536716402 2.603145599 1.444215059 -0.945774138 0.079587884 0.314374685 0.018591210
1413393908905760512.000000 0.547652721 2.599257231 1.460150480 -0.948877215 0.072553590 0.306694806 0.017501878
1413393908955760384.000000 0.560721695 2.592224836 1.474716544 -0.950348258 0.055886608 0.305667788 0.016798154
1413393909005760512.000000 0.576306701 2.583050489 1.489188910 -0.950171292 0.040335994 0.308693349 0.016000789
1413393909055760384.000000 0.593172193 2.577477455 1.512370586 0.949348748 -0.024705317 -0.312919468 -0.014426126
1413393909105760512.000000 0.612468660 2.567058563 1.528427839 0.948258340 -0.013231606 -0.316955149 -0.013059996
1413393909155760384.000000 0.633837044 2.555779219 1.544261575 -0.947419763 0.004966671 0.319748670 0.011489091
1413393909205760512.000000 0.654419422 2.545741558 1.560994744 -0.946914434 -0.000197635 0.321339190 0.009701163
1413393909255760384.000000 0.673333764 2.536811352 1.579233170 -0.947211802 -0.002854655 0.320495337 0.008028425
1413393909305760512.000000 0.690354168 2.528896570 1.599228859 0.947522342 0.005954212 -0.319573641 -0.006229484
1413393909355760384.000000 0.704702854 2.522230625 1.620458961 0.947608054 0.008326484 -0.319296122 -0.004438900
1413393909405760512.000000 0.716467381 2.516813993 1.643450141 -0.947453737 -0.009520008 0.319740832 0.002561980
1413393909455760384.000000 0.725762606 2.512733459 1.668356061 -0.947134495 -0.009553219 0.320693254 0.000988582
1413393909505760512.000000 0.732924342 2.510164976 1.695072174 -0.946919382 -0.008853471 0.321349144 -0.000332466
1413393909555760384.000000 0.736287832 2.507722378 1.733209968 0.945951283 0.008412026 -0.324195057 0.001752485
1413393909605760512.000000 0.737842441 2.507182598 1.764000416 0.943725049 0.008206942 -0.330612659 0.003314636
1413393909655760384.000000 0.736788988 2.507849455 1.795196652 -0.940233767 -0.008235327 0.340390921 -0.005165725
1413393909705760512.000000 0.733430386 2.508298159 1.827095985 0.936296463 0.008321206 -0.351031691 0.007512834
1413393909755760384.000000 0.728349447 2.511063576 1.858379960 0.931938112 0.008695501 -0.362370878 0.010158705
1413393909805760512.000000 0.721564591 2.515392065 1.889099121 -0.928521693 -0.008078807 0.370961040 -0.013043064
1413393909855760384.000000 0.710157692 2.518016577 1.914834261 0.925258875 0.008257941 -0.378921866 0.015689449
1413393909905760512.000000 0.698270202 2.524231911 1.942604065 0.922125101 0.008175880 -0.386346191 0.018847844
1413393909955760384.000000 0.684032798 2.531327248 1.969440937 -0.919788182 -0.008236726 0.391731143 -0.021646943
1413393910005760512.000000 0.667895079 2.539873600 1.993926048 -0.917560101 -0.008417574 0.396754503 -0.024464710
1413393910055760384.000000 0.649364710 2.547276497 2.007605791 0.915262163 0.008161488 -0.401886791 0.026752429
1413393910105760512.000000 0.634348631 2.558516026 2.023918629 0.913508296 0.005965483 -0.405705631 0.029496493
1413393910155760384.000000 0.621207237 2.570648909 2.034569979 -0.911487639 -0.002928396 0.410055786 -0.032187477
1413393910205760512.000000 0.610679388 2.583701849 2.039186478 -0.910340369 -0.001225529 0.412428319 -0.034377910
1413393910255760384.000000 0.602646589 2.597356796 2.037782431 -0.908823907 -0.000412310 0.415605515 -0.036210194
1413393910305760512.000000 0.592334032 2.608997822 2.020924568 0.907369435 -0.001321213 -0.418606520 0.038047720
1413393910355760384.000000 0.587302804 2.623050690 2.005748272 0.904264331 -0.006094327 -0.425051332 0.040004291
1413393910405760512.000000 0.582667232 2.638142824 1.984475613 -0.900777102 0.014707129 0.432021856 -0.041731678
1413393910455760384.000000 0.579693317 2.652500868 1.957440138 -0.898511708 0.025239944 0.436113983 -0.042946711
1413393910505760512.000000 0.575520277 2.665913105 1.924780607 -0.896393776 0.033203583 0.439923882 -0.042926781
1413393910555760384.000000 0.568096876 2.677942038 1.887141466 -0.895293415 0.039127357 0.441764235 -0.041989964
1413393910605760512.000000 0.557495594 2.688282490 1.845066547 -0.896466315 0.041885685 0.439318806 -0.039909624
1413393910655760384.000000 0.539611220 2.695577145 1.794057965 0.899262190 -0.042686448 -0.433762699 0.036815565
1413393910705760512.000000 0.520897985 2.702748775 1.744639993 0.902747929 -0.046106201 -0.426351458 0.033836752
1413393910755760384.000000 0.499066591 2.708248377 1.692959785 -0.907024920 0.047704764 0.417273909 -0.030209616
1413393910805760512.000000 0.472867131 2.712275743 1.638309002 -0.910790026 0.046560939 0.409420133 -0.025863731
1413393910855760384.000000 0.441920877 2.715612173 1.578674436 0.914340198 -0.044147938 -0.401998073 0.020750238
1413393910905760512.000000 0.409598112 2.716962814 1.519662619 0.918367445 -0.041074671 -0.393297613 0.015206464
1413393910955760384.000000 0.375285685 2.717121601 1.458940148 -0.923882484 0.036659375 0.380804956 -0.009215451
1413393911005760512.000000 0.338410378 2.716539145 1.396995425 -0.928803384 0.033556651 0.369039834 -0.002799168
1413393911055760384.000000 0.299091995 2.715482712 1.334912539 -0.932841063 0.030896422 0.358936995 0.004152299
1413393911105760512.000000 0.258747578 2.713899612 1.272716284 -0.935955346 0.029999051 0.350669771 0.010887859
1413393911155760384.000000 0.216774344 2.713298798 1.209903955 0.937797606 -0.029292325 -0.345523387 -0.017069535
1413393911205760512.000000 0.176097631 2.710624218 1.147495270 0.939512253 -0.027190087 -0.340692133 -0.022504605
1413393911255760384.000000 0.135586560 2.707614660 1.085920930 -0.940499187 0.025401978 0.337796539 0.026639022
1413393911305760512.000000 0.094391525 2.705350876 1.015578628 0.941556811 -0.024088876 -0.334657282 -0.029918317
1413393911355760384.000000 0.055778563 2.701172352 0.954120278 0.944757581 -0.021194458 -0.325518131 -0.031966861
1413393911405760512.000000 0.017906576 2.696930885 0.893183231 0.948153377 -0.017441476 -0.315644085 -0.032710053
1413393911455760384.000000 -0.015646130 2.693456888 0.830971360 0.951598525 -0.013897452 -0.305245519 -0.033050586
1413393911505760512.000000 -0.049879581 2.689386845 0.774235010 0.953927100 -0.010336631 -0.298072040 -0.032701313
1413393911555760384.000000 -0.082284182 2.685796499 0.719469011 0.955160081 -0.006560770 -0.294353634 -0.031340115
1413393911605760512.000000 -0.107532650 2.683443069 0.654683828 0.956400037 -0.004578399 -0.290491551 -0.029877158
1413393911655760384.000000 -0.128629297 2.681483746 0.603753746 0.958345473 -0.003322930 -0.284165949 -0.028507190
1413393911705760512.000000 -0.145759031 2.680281878 0.554856777 0.959072351 -0.001063117 -0.281948507 -0.026157720
1413393911755760384.000000 -0.158807695 2.680098057 0.510531843 0.957323432 -0.000947408 -0.288055211 -0.023565097
1413393911805760512.000000 -0.165349483 2.681462765 0.459869981 0.954097331 -0.000023238 -0.298732460 -0.021384269
1413393911855760384.000000 -0.168618619 2.683659077 0.419051230 0.950160146 -0.000283304 -0.311168492 -0.019232119
1413393911905760512.000000 -0.169505194 2.686820507 0.375268251 0.945396543 -0.008926920 -0.325363487 -0.016863635
1413393911955760384.000000 -0.166002452 2.691110134 0.335998535 -0.939369202 0.022448821 0.341853261 0.014765797
1413393912005760512.000000 -0.163040996 2.694568634 0.284049332 0.931791842 -0.034881230 -0.361093462 -0.012599955
1413393912055760384.000000 -0.152649641 2.698187351 0.238981515 0.923688531 -0.044933937 -0.380363405 -0.010203151
1413393912105760512.000000 -0.141218901 2.700089693 0.187333688 0.917273939 -0.051562790 -0.394825637 -0.007912338
1413393912155760384.000000 -0.127688527 2.700419188 0.134094566 0.911616623 -0.056182336 -0.407150626 -0.005212215
1413393912205760512.000000 -0.115017027 2.698838472 0.076470979 -0.907276213 0.058667131 0.416413635 0.002808886
1413393912255760384.000000 -0.107673019 2.695063114 0.013975173 0.904572010 -0.059092183 -0.422205210 -0.000688477
1413393912305760512.000000 -0.097086504 2.689476728 -0.052142382 0.903005600 -0.059698448 -0.425457805 0.001612208
1413393912355760384.000000 -0.089900076 2.682050228 -0.123087913 0.903817236 -0.059312239 -0.423772663 0.003640298
1413393912405760512.000000 -0.080398262 2.672303438 -0.199921876 0.907491744 -0.058898788 -0.415885299 0.005395563
1413393912455760384.000000 -0.074101686 2.660825968 -0.280013800 0.913515091 -0.057563771 -0.402648896 0.007113100
1413393912505760512.000000 -0.066744722 2.647216797 -0.364832908 0.920472980 -0.055287171 -0.386796296 0.007841968
1413393912555760384.000000 -0.064140663 2.632864714 -0.448403835 0.926111996 -0.054562014 -0.373192310 0.008195207
1413393912605760512.000000 -0.063239485 2.616487265 -0.534333646 0.930369139 -0.052940980 -0.362694085 0.007968928
1413393912655760384.000000 -0.067167394 2.599925518 -0.616710544 0.934299231 -0.049654331 -0.352946371 0.006951888
1413393912705760512.000000 -0.072590277 2.581581831 -0.700324118 0.937847018 -0.045761369 -0.343965620 0.006041421
1413393912755760384.000000 -0.081375822 2.562486410 -0.782744586 -0.941214859 0.041482326 0.335215330 -0.004952698
1413393912805760512.000000 -0.094185054 2.543126345 -0.861364782 0.943946540 -0.036567479 -0.328022629 0.005392081
1413393912855760384.000000 -0.107921362 2.521844864 -0.941403747 0.945978165 -0.031977274 -0.322554827 0.007824784
1413393912905760512.000000 -0.124700516 2.499570847 -1.019530296 -0.947221398 0.028269798 0.319085866 -0.012520550
1413393912955760384.000000 -0.143959463 2.476825953 -1.094948530 -0.947568595 0.026681602 0.317856759 -0.019211806
1413393913005760512.000000 -0.165079623 2.453444004 -1.168355465 -0.947534561 0.029945383 0.316984504 -0.028326346
1413393913055760384.000000 -0.191499412 2.434131145 -1.230432510 0.947385967 -0.035331957 -0.315763414 0.038795575
1413393913105760512.000000 -0.215320155 2.409234285 -1.299593210 0.947467327 -0.041846164 -0.312994659 0.050881859
1413393913155760384.000000 -0.240043864 2.383862734 -1.366023421 -0.948248625 0.049434889 0.306908846 -0.064712115
1413393913205760512.000000 -0.265984416 2.356910706 -1.430143118 -0.948479295 0.056248769 0.301499128 -0.079506963
1413393913255760384.000000 -0.292964995 2.328450203 -1.491255403 -0.947753131 0.064267389 0.297517031 -0.095484897
1413393913305760512.000000 -0.321220458 2.298297882 -1.548922062 -0.946054637 0.069980457 0.295637310 -0.112614639
1413393913355760384.000000 -0.350746989 2.266170025 -1.602895975 -0.943108678 0.074182697 0.296684295 -0.130465969
1413393913405760512.000000 -0.386848539 2.239724398 -1.638982177 0.940598130 -0.079486638 -0.294504493 0.149077922
1413393913455760384.000000 -0.414078325 2.202259779 -1.688317537 0.937610030 -0.085267462 -0.291859508 0.168626621
1413393913505760512.000000 -0.438172162 2.161760092 -1.735062838 -0.935071647 0.088149332 0.286827058 -0.188682124
1413393913555760384.000000 -0.459234297 2.117812157 -1.779529214 -0.932734072 0.087700441 0.279882401 -0.209718198
1413393913605760512.000000 -0.477144361 2.070322514 -1.822315454 -0.930135787 0.084852226 0.272865444 -0.230634078
1413393913655760384.000000 -0.502669096 2.030338287 -1.846984863 0.927825212 -0.079901598 -0.263416350 0.251729995
1413393913705760512.000000 -0.513938069 1.977597237 -1.883335829 -0.924341023 0.073945217 0.256583422 -0.272563249
1413393913755760384.000000 -0.519916117 1.923263788 -1.916597128 0.920561492 -0.069120161 -0.248825461 0.293044418
1413393913805760512.000000 -0.531258404 1.874098778 -1.935402393 0.915897906 -0.065197907 -0.242717013 0.312999487
1413393913855760384.000000 -0.532908082 1.817687035 -1.960196137 0.910405755 -0.061598331 -0.238292143 0.332541704
1413393913905760512.000000 -0.535886407 1.765299559 -1.973515987 0.904551327 -0.060327664 -0.233788460 0.351412147
1413393913955760384.000000 -0.532431960 1.709336996 -1.988229275 0.897847354 -0.056123074 -0.232128292 0.369914681
1413393914005760512.000000 -0.527812660 1.656921148 -1.993488312 0.891229987 -0.046643265 -0.228682280 0.388893306
1413393914055760384.000000 -0.518495560 1.602191448 -1.998858094 0.884288847 -0.036215682 -0.224900886 0.407604456
1413393914105760512.000000 -0.509485781 1.551473856 -1.995031714 0.875603318 -0.023726968 -0.225036547 0.426748723
1413393914155760384.000000 -0.496963322 1.500167608 -1.991400838 0.864942610 -0.011866711 -0.230034992 0.445889413
1413393914205760512.000000 -0.485931545 1.449757814 -1.984272242 0.851514697 -0.004388039 -0.242152199 0.465043992
1413393914255760384.000000 -0.472055912 1.403555393 -1.974308014 0.838362873 -0.000047391 -0.251839817 0.483450562
1413393914305760512.000000 -0.461442441 1.360820532 -1.961658835 0.825258255 0.001992163 -0.259461015 0.501622200
1413393914355760384.000000 -0.445103645 1.319620609 -1.949358225 0.812948942 0.002871674 -0.264471561 0.518806994
1413393914405760512.000000 -0.428073049 1.278971434 -1.936387181 0.800979197 0.002506448 -0.267594576 0.535555065
1413393914455760384.000000 -0.410357773 1.238281846 -1.925089359 0.789833128 -0.002323283 -0.267832547 0.551746428
1413393914505760512.000000 -0.392783403 1.201166153 -1.912142634 0.779235542 -0.007053725 -0.267521799 0.566722512
1413393914555760384.000000 -0.374601573 1.166152716 -1.898150682 0.770271480 -0.011523413 -0.262358278 0.581134439
1413393914605760512.000000 -0.356558263 1.129441977 -1.888328671 0.761644423 -0.015219696 -0.256593645 0.594832599
1413393914655760384.000000 -0.337546051 1.095180392 -1.874246359 0.753259063 -0.018154170 -0.251161456 0.607609451
1413393914705760512.000000 -0.318526328 1.060423851 -1.859648347 0.744181395 -0.023090674 -0.245581910 0.620766044
1413393914755760384.000000 -0.299269199 1.026651263 -1.843857288 0.735481620 -0.029756842 -0.238841802 0.633352935
1413393914805760512.000000 -0.277571917 0.987493753 -1.831994057 0.725911558 -0.036030009 -0.234676763 0.645508409
1413393914855760384.000000 -0.257865250 0.953995466 -1.813240767 0.715812087 -0.041478917 -0.231706023 0.657422960
1413393914905760512.000000 -0.237143129 0.919866681 -1.793397188 0.705872715 -0.042303491 -0.232959226 0.667595744
1413393914955760384.000000 -0.216233641 0.885580301 -1.772157550 0.696145356 -0.040171579 -0.238913789 0.675787032
1413393915005760512.000000 -0.195222467 0.850710392 -1.749894619 0.686670542 -0.038908429 -0.246930093 0.682638526
1413393915055760384.000000 -0.173411369 0.811526656 -1.736220956 0.678742826 -0.037018552 -0.253709197 0.688163817
1413393915105760512.000000 -0.152066231 0.774569988 -1.713595152 0.672829390 -0.036025457 -0.259283274 0.691935658
1413393915155760384.000000 -0.130996138 0.734901249 -1.692505836 0.667728364 -0.035321929 -0.264262825 0.695022583
1413393915205760512.000000 -0.110720515 0.694490492 -1.670939088 0.664473832 -0.034955706 -0.267343462 0.696979284
1413393915255760384.000000 -0.089726567 0.649563015 -1.653239489 0.662072957 -0.033377215 -0.269547969 0.698490679
1413393915305760512.000000 -0.073735625 0.606056094 -1.631543636 0.661945701 -0.031535786 -0.270088136 0.698488235
1413393915355760384.000000 -0.060509533 0.560398340 -1.610899448 0.664258301 -0.025639819 -0.270861357 0.696231008
1413393915405760512.000000 -0.049555525 0.514018416 -1.590119600 0.668375790 -0.015945831 -0.272239894 0.692029655
1413393915455760384.000000 -0.035638645 0.464502811 -1.573268890 0.673321128 -0.002255990 -0.275027186 0.686289787
1413393915505760512.000000 -0.025741033 0.416287422 -1.555262327 0.678530633 0.010402780 -0.276884228 0.680311084
1413393915555760384.000000 -0.015888177 0.367213845 -1.539156199 0.683426440 0.018136641 -0.277935386 0.674797177
1413393915605760512.000000 -0.007057216 0.318771362 -1.525000095 0.689344585 0.021777319 -0.275686204 0.669572294
1413393915655760384.000000 0.004043096 0.268366218 -1.515568376 0.694372535 0.021362916 -0.273333669 0.665341377
1413393915705760512.000000 0.011683609 0.221271873 -1.505090594 0.698355198 0.022465520 -0.272608995 0.661422491
1413393915755760384.000000 0.019284531 0.174306750 -1.496057987 0.701758206 0.024415733 -0.272631347 0.657732129
1413393915805760512.000000 0.026049346 0.128688097 -1.488750577 0.703991115 0.027268266 -0.274214655 0.654568017
1413393915855760384.000000 0.031918742 0.084224343 -1.483137846 0.705615640 0.028957523 -0.276784688 0.651658177
1413393915905760512.000000 0.040365040 0.039417267 -1.484689951 0.706770122 0.029563053 -0.279322952 0.649292469
1413393915955760384.000000 0.045389354 -0.003224611 -1.483197689 0.708212554 0.031420600 -0.280200481 0.647252262
1413393916005760512.000000 0.050499141 -0.045431376 -1.484610558 0.709430277 0.035426464 -0.280935377 0.645390511
1413393916055760384.000000 0.054733738 -0.086293817 -1.488058090 0.710582674 0.038627215 -0.281365901 0.643749595
1413393916105760512.000000 0.058711261 -0.126089334 -1.494129777 0.711161852 0.043186989 -0.281951487 0.642562985
1413393916155760384.000000 0.063684434 -0.163649082 -1.505599976 0.711547256 0.047205038 -0.281558275 0.642025888
1413393916205760512.000000 0.066744328 -0.200587392 -1.516931057 0.711275697 0.050265621 -0.279809058 0.642858624
1413393916255760384.000000 0.068979651 -0.236299634 -1.531181097 0.711462975 0.046517428 -0.272743851 0.645962417
1413393916305760512.000000 0.069677472 -0.270607948 -1.546714783 0.709881246 0.041136872 -0.265791923 0.650946319
1413393916355760384.000000 0.070674896 -0.304500937 -1.564219713 0.706202686 0.034016974 -0.259734660 0.657767892
1413393916405760512.000000 0.072197884 -0.337657332 -1.583166718 0.700283408 0.026276445 -0.255004495 0.666247308
1413393916455760384.000000 0.074550748 -0.370073199 -1.603259921 0.692310572 0.020765845 -0.251096666 0.676184416
1413393916505760512.000000 0.078311205 -0.395814061 -1.622892380 0.682934701 0.015045565 -0.246651992 0.687413037
1413393916555760384.000000 0.081404790 -0.423754215 -1.643582106 0.671467662 0.011511179 -0.243057042 0.699944317
1413393916605760512.000000 0.085361928 -0.451287746 -1.665410280 0.657236695 0.007185332 -0.241755068 0.713822663
1413393916655760384.000000 0.089161351 -0.477540731 -1.687536716 0.641848147 0.001950711 -0.240123048 0.728263736
1413393916705760512.000000 0.094425708 -0.502539992 -1.708804250 0.624860287 -0.004097258 -0.238209680 0.743497849
1413393916755760384.000000 0.097955719 -0.526944280 -1.731656551 0.607391715 -0.008590840 -0.235377744 0.758682311
1413393916805760512.000000 0.099629596 -0.548755169 -1.754451871 0.590595782 -0.010247412 -0.229312658 0.773632526
1413393916855760384.000000 0.101762950 -0.572130442 -1.776915789 0.573109567 -0.008823575 -0.222284555 0.788706064
1413393916905760512.000000 0.107986622 -0.601250768 -1.800909996 0.556346714 -0.009041408 -0.212632537 0.803233564
1413393916955760384.000000 0.110453151 -0.624468446 -1.823675752 0.540118515 -0.009870819 -0.200579762 0.817277431
1413393917005760512.000000 0.113748044 -0.647644162 -1.845843196 0.524823666 -0.010591365 -0.183569252 0.831113875
1413393917055760384.000000 0.120484516 -0.674764276 -1.869015694 0.509164453 -0.011726884 -0.166881442 0.844253957
1413393917105760512.000000 0.124511883 -0.696360469 -1.890122771 0.492943913 -0.011980384 -0.151564702 0.856674433
1413393917155760384.000000 0.129961371 -0.717216432 -1.910094500 0.475455493 -0.011295389 -0.138415471 0.868709266
1413393917205760512.000000 0.137984931 -0.741383433 -1.929544568 0.457435459 -0.011228971 -0.126655638 0.880105197
1413393917255760384.000000 0.143711418 -0.758406639 -1.946993113 0.439752668 -0.014267000 -0.115586743 0.890535653
1413393917305760512.000000 0.150553137 -0.774226069 -1.963122010 0.420182317 -0.018811924 -0.109058343 0.900666058
1413393917355760384.000000 0.159661651 -0.795211017 -1.979310751 0.399750948 -0.023762723 -0.103124894 0.910494208
1413393917405760512.000000 0.165121496 -0.806528747 -1.991331816 0.379558057 -0.028461739 -0.094492637 0.919889569
1413393917455760384.000000 0.169495225 -0.816913724 -2.001008272 0.357623041 -0.032587022 -0.087345436 0.929201066
1413393917505760512.000000 0.174138337 -0.831438959 -2.007920980 0.334876180 -0.035697035 -0.080554627 0.938133657
1413393917555760384.000000 0.174827889 -0.837920308 -2.012214661 0.311889052 -0.039985955 -0.071981400 0.946543753
1413393917605760512.000000 0.174297422 -0.843631506 -2.013568878 0.286686867 -0.042141978 -0.067289732 0.954728723
1413393917655760384.000000 0.175196767 -0.853588164 -2.011482716 0.260368645 -0.043587323 -0.064067028 0.962394893
1413393917705760512.000000 0.172558591 -0.856433809 -2.007172346 0.233556539 -0.041554462 -0.061349504 0.969515800
1413393917755760384.000000 0.169051528 -0.860099256 -1.999708295 -0.207048684 0.035979722 0.057322700 -0.975986958
1413393917805760512.000000 0.169552848 -0.865753770 -1.991529465 0.180888683 -0.026593857 -0.052805152 0.981724918
1413393917855760384.000000 0.167663202 -0.867149949 -1.981647968 0.156091452 -0.017344035 -0.044443659 0.986589789
1413393917905760512.000000 0.167011768 -0.868350506 -1.971368432 -0.132522658 0.010932779 0.033092249 -0.990567088
1413393917955760384.000000 0.166180998 -0.868426204 -1.960389018 -0.109592721 0.008023132 0.021560339 -0.993710399
1413393918005760512.000000 0.166385159 -0.867597520 -1.949022532 -0.087508872 0.005369500 0.008825462 -0.996110201
1413393918055760384.000000 0.167455345 -0.865674853 -1.937673450 -0.065823212 0.003924801 -0.003730762 -0.997816622
1413393918105760512.000000 0.175548688 -0.868961394 -1.926331758 0.044022176 -0.003480996 0.015841091 0.998898983
1413393918155760384.000000 0.177796617 -0.864364386 -1.915022850 0.022689003 -0.004398715 0.027152590 0.999364138
1413393918205760512.000000 0.180188358 -0.859105706 -1.902304173 -0.002359257 0.006552874 -0.041069172 -0.999132097
1413393918255760384.000000 0.183306739 -0.851272702 -1.889623642 0.019119196 0.007896375 -0.050588455 -0.998505354
1413393918305760512.000000 0.187313259 -0.841059983 -1.876690984 0.039919734 0.008804020 -0.062086526 -0.997233272
1413393918355760384.000000 0.192531347 -0.828361750 -1.863297105 0.061179362 0.009043972 -0.072294742 -0.995464146
1413393918405760512.000000 0.198455453 -0.813190818 -1.849819183 0.082767017 0.009473421 -0.081599787 -0.993177414
1413393918455760384.000000 0.211331874 -0.794533432 -1.839523911 -0.105331481 -0.010695607 0.090355374 0.990266085
1413393918505760512.000000 0.218837827 -0.773561239 -1.825935841 -0.128208399 -0.010931398 0.099738620 0.986658752
1413393918555760384.000000 0.227688879 -0.749741018 -1.811353326 0.151262209 0.011182916 -0.109854192 -0.982306898
1413393918605760512.000000 0.237382650 -0.722829103 -1.797272563 0.175894320 0.008246218 -0.118673787 -0.977194846
1413393918655760384.000000 0.248797238 -0.691974163 -1.785670996 -0.201755092 -0.003069022 0.125378996 0.971373081
1413393918705760512.000000 0.259248644 -0.659310997 -1.771923900 -0.227289543 0.003958077 0.135034204 0.964411557
1413393918755760384.000000 0.269671232 -0.623686433 -1.760099649 -0.253039747 0.009292190 0.147488117 0.956102431
1413393918805760512.000000 0.278693914 -0.586352885 -1.748140931 -0.279195905 0.017557392 0.160757676 0.946519077
1413393918855760384.000000 0.289224237 -0.544987500 -1.738754988 -0.305332094 0.028114401 0.175815791 0.935452223
1413393918905760512.000000 0.297879577 -0.502203703 -1.730774641 -0.335030556 0.040400751 0.183984309 0.923185885
1413393918955760384.000000 0.307019413 -0.458157420 -1.726612568 -0.365953475 0.050999835 0.188732699 0.909866512
1413393919005760512.000000 0.313849956 -0.412346482 -1.724525928 -0.397604018 0.059238803 0.190552920 0.895595551
1413393919055760384.000000 0.321414292 -0.363470972 -1.725129604 -0.429195642 0.066258684 0.192853987 0.879891038
1413393919105760512.000000 0.326361686 -0.317091703 -1.728734136 -0.459456235 0.071096733 0.194700181 0.863676488
1413393919155760384.000000 0.330651253 -0.271137089 -1.735286474 0.487627000 -0.075297751 -0.199533060 -0.846603036
1413393919205760512.000000 0.335169911 -0.224331498 -1.745116711 -0.514644682 0.082176752 0.203416139 0.828860462
1413393919255760384.000000 0.337641090 -0.181204319 -1.757441640 -0.540355682 0.089414090 0.207016036 0.810657322
1413393919305760512.000000 0.339727491 -0.140382469 -1.772699833 0.565123498 -0.100269176 -0.209105432 -0.791742623
1413393919355760384.000000 0.337945789 -0.099442720 -1.790314674 -0.587402046 0.111261405 0.211605653 0.773177147
1413393919405760512.000000 0.333543181 -0.065169573 -1.809309006 -0.606491983 0.122952364 0.215690762 0.755332887
1413393919455760384.000000 0.324559361 -0.033045650 -1.829786777 -0.621482909 0.130649999 0.224049330 0.739250720
1413393919505760512.000000 0.312723428 -0.004643679 -1.852678657 -0.634617031 0.133874863 0.233118504 0.724565148
1413393919555760384.000000 0.298082888 0.019993782 -1.878930926 0.646207809 -0.135887519 -0.242975920 -0.710572124
1413393919605760512.000000 0.279411763 0.040997505 -1.907268882 0.657253563 -0.135728896 -0.251385003 -0.697424650
1413393919655760384.000000 0.252563357 0.065046668 -1.936659098 0.668550670 -0.135164678 -0.255269796 -0.685279429
1413393919705760512.000000 0.228456467 0.080291390 -1.970242858 0.678743780 -0.134054601 -0.255538195 -0.675304770
1413393919755760384.000000 0.199839383 0.095319748 -2.005887032 0.690033793 -0.130133837 -0.248148993 -0.667338550
1413393919805760512.000000 0.171890348 0.104547977 -2.044483423 0.701205492 -0.124338023 -0.236254379 -0.661086082
1413393919855760384.000000 0.138354629 0.112053156 -2.083378315 0.711444914 -0.116419323 -0.222515702 -0.656337976
1413393919905760512.000000 0.104773730 0.113389969 -2.123056173 0.719308674 -0.106883846 -0.210797518 -0.653249919
1413393919955760384.000000 0.066227525 0.111756325 -2.160877466 0.724684238 -0.096089251 -0.202975497 -0.651460350
1413393920005760512.000000 0.026549757 0.105088472 -2.198069096 0.727132738 -0.085342050 -0.200315386 -0.651051879
1413393920055760384.000000 -0.015007854 0.095036983 -2.233309269 0.727803230 -0.077120639 -0.199966773 -0.651435494
1413393920105760512.000000 -0.063386172 0.082683802 -2.269500971 0.727594852 -0.071219705 -0.200300336 -0.652237117
1413393920155760384.000000 -0.108088210 0.066434860 -2.301844358 0.726694465 -0.065219350 -0.201316655 -0.653554320
1413393920205760512.000000 -0.154289842 0.048137188 -2.332515240 0.725320220 -0.061405230 -0.202709988 -0.655018032
1413393920255760384.000000 -0.205137208 0.027267218 -2.363893032 0.724247515 -0.058358349 -0.203230888 -0.656320870
1413393920305760512.000000 -0.251146078 0.003040791 -2.392150402 0.722505271 -0.055871196 -0.204730839 -0.657989323
1413393920355760384.000000 -0.297314614 -0.023221254 -2.419829607 0.721107602 -0.052208688 -0.205702096 -0.659518600
1413393920405760512.000000 -0.345103234 -0.052541971 -2.448795795 0.718549490 -0.046018045 -0.210638598 -0.661211371
1413393920455760384.000000 -0.388931662 -0.083292484 -2.474653721 0.715227365 -0.038542178 -0.217932180 -0.662925243
1413393920505760512.000000 -0.432495654 -0.115016460 -2.501092911 0.712165534 -0.030677628 -0.223692238 -0.664711237
1413393920555760384.000000 -0.474996388 -0.151468277 -2.527369499 0.709560692 -0.025087545 -0.228417635 -0.666122854
1413393920605760512.000000 -0.514814079 -0.184270144 -2.552278519 0.707389891 -0.020021610 -0.230739951 -0.667800665
1413393920655760384.000000 -0.554061949 -0.217293739 -2.576617479 0.705596983 -0.016193604 -0.232271999 -0.669268608
1413393920705760512.000000 -0.594844460 -0.252915382 -2.601711988 0.704410911 -0.013346681 -0.232419476 -0.670528471
1413393920755760384.000000 -0.631561816 -0.285169125 -2.624474049 0.703578770 -0.011723392 -0.231221393 -0.671845436
1413393920805760512.000000 -0.667931616 -0.317393541 -2.646411896 0.702337921 -0.010604030 -0.232090145 -0.672861993
1413393920855760384.000000 -0.703374028 -0.349057913 -2.667379379 0.702071428 -0.007919135 -0.230790436 -0.673623741
1413393920905760512.000000 -0.740068614 -0.384387255 -2.686403990 0.700911641 -0.002185888 -0.232451171 -0.674303055
1413393920955760384.000000 -0.774695337 -0.415172100 -2.704881907 0.699158907 0.004293565 -0.235078096 -0.675201237
1413393921005760512.000000 -0.809843242 -0.446098566 -2.722603083 0.696976006 0.012625792 -0.241185084 -0.675199926
1413393921055760384.000000 -0.844101429 -0.475165606 -2.738703728 0.694083691 0.022368338 -0.247511193 -0.675637364
1413393921105760512.000000 -0.875114679 -0.504619122 -2.749061823 0.691529155 0.030724145 -0.253421664 -0.675737381
1413393921155760384.000000 -0.906041265 -0.528967142 -2.763049841 0.689760923 0.036485065 -0.257549018 -0.675697565
1413393921205760512.000000 -0.935330391 -0.550743818 -2.776096344 0.688794911 0.042617414 -0.259354532 -0.675633550
1413393921255760384.000000 -0.962731957 -0.569066763 -2.787768602 0.687857151 0.046229575 -0.260746777 -0.675815523
1413393921305760512.000000 -0.988376021 -0.583825350 -2.798206329 0.687593043 0.047950935 -0.261759281 -0.675572813
1413393921355760384.000000 -1.012356043 -0.595104218 -2.807212353 0.686542988 0.047854155 -0.263998389 -0.675776362
1413393921405760512.000000 -1.034080863 -0.602782965 -2.815295219 0.686597943 0.044834733 -0.263996005 -0.675928473
1413393921455760384.000000 -1.053331256 -0.607063055 -2.822562456 0.688214958 0.037718389 -0.260891229 -0.675924003
1413393921505760512.000000 -1.070613861 -0.608375788 -2.828860521 0.690402210 0.029158333 -0.254646003 -0.676498353
1413393921555760384.000000 -1.086686492 -0.607410669 -2.834303141 0.693181515 0.018726662 -0.247477859 -0.676685631
1413393921605760512.000000 -1.103652477 -0.608713150 -2.839235306 0.696490169 0.011298871 -0.240215600 -0.676069736
1413393921655760384.000000 -1.120010853 -0.605690479 -2.842000723 0.698041499 0.005435461 -0.236434788 -0.675875127
1413393921705760512.000000 -1.139128804 -0.600947142 -2.842841387 0.699705184 0.001771191 -0.233323604 -0.675255239
1413393921755760384.000000 -1.160730600 -0.596970558 -2.841382027 0.701093078 -0.001460716 -0.231257990 -0.674526572
1413393921805760512.000000 -1.184310317 -0.592806339 -2.838041782 0.702495635 -0.004317946 -0.228294358 -0.674064517
1413393921855760384.000000 -1.209202290 -0.588391542 -2.833184958 0.704257667 -0.007710623 -0.224491507 -0.673472583
1413393921905760512.000000 -1.234791875 -0.583883286 -2.826847315 0.706790149 -0.014251818 -0.218893915 -0.672554910
1413393921955760384.000000 -1.260150552 -0.579622984 -2.819480181 0.709555268 -0.020296913 -0.212004706 -0.671694398
1413393922005760512.000000 -1.285292745 -0.576392412 -2.811096907 0.711171806 -0.024743123 -0.208368734 -0.670973122
1413393922055760384.000000 -1.311378717 -0.574562550 -2.801391602 0.711358249 -0.022882540 -0.210300818 -0.670238316
1413393922105760512.000000 -1.340931058 -0.570812941 -2.791733503 0.710877776 -0.019412305 -0.214379758 -0.669565082
1413393922155760384.000000 -1.366643667 -0.570979118 -2.779488325 0.709378660 -0.012126890 -0.221432328 -0.669031084
1413393922205760512.000000 -1.392882466 -0.572189808 -2.766153574 0.706031740 -0.000570966 -0.234294429 -0.668300033
1413393922255760384.000000 -1.419569135 -0.572231054 -2.752038717 0.703150094 0.010686274 -0.245480716 -0.667236805
1413393922305760512.000000 -1.445055127 -0.572273493 -2.736943960 0.699394524 0.020895435 -0.258314669 -0.666096330
1413393922355760384.000000 -1.470021963 -0.570558548 -2.721552610 0.695830047 0.030106902 -0.269646317 -0.664985061
1413393922405760512.000000 -1.493101358 -0.565967083 -2.706079483 0.693104267 0.037024926 -0.278826445 -0.663695276
1413393922455760384.000000 -1.514696836 -0.555999756 -2.689951897 0.690401018 0.036705077 -0.288190931 -0.662529409
1413393922505760512.000000 -1.534647703 -0.543663263 -2.675000668 0.688768208 0.029764684 -0.294582516 -0.661765575
1413393922555760384.000000 -1.553208590 -0.526882887 -2.660886765 0.688801765 0.017556537 -0.297286689 -0.660957396
1413393922605760512.000000 -1.570259452 -0.506586075 -2.648224592 0.689409792 0.002626522 -0.297619253 -0.660401523
1413393922655760384.000000 -1.587182760 -0.483297586 -2.637235403 0.689612210 -0.009701899 -0.297857672 -0.660016537
1413393922705760512.000000 -1.603716969 -0.457358599 -2.628592968 0.690525472 -0.019448256 -0.295994312 -0.659684658
1413393922755760384.000000 -1.619366765 -0.429109097 -2.620461226 0.690351129 -0.024560768 -0.295295179 -0.660009861
1413393922805760512.000000 -1.636412024 -0.399692059 -2.616283178 0.690369606 -0.025218358 -0.294364512 -0.660381258
1413393922855760384.000000 -1.653746247 -0.368303537 -2.614701509 0.690486610 -0.019016301 -0.293741554 -0.660744011
1413393922905760512.000000 -1.669841528 -0.335487843 -2.615748167 0.690232515 -0.010581252 -0.293930024 -0.661114514
1413393922955760384.000000 -1.683481455 -0.300632000 -2.619581461 0.690773129 0.000721945 -0.292266011 -0.661371827
1413393923005760512.000000 -1.692336440 -0.264881849 -2.623777390 0.692357242 0.014731667 -0.288909942 -0.661026120
1413393923055760384.000000 -1.699363112 -0.225756645 -2.631746531 0.693784773 0.026547372 -0.285399169 -0.660685420
1413393923105760512.000000 -1.703871012 -0.182855368 -2.641118526 0.695014775 0.034265276 -0.283362716 -0.659913599
1413393923155760384.000000 -1.704552412 -0.136973143 -2.650630951 0.695742905 0.040920652 -0.282452732 -0.659156919
1413393923205760512.000000 -1.702388167 -0.086665630 -2.661056519 0.696472168 0.044039387 -0.281365424 -0.658650637
1413393923255760384.000000 -1.698109150 -0.033187866 -2.671114683 0.697740734 0.043673698 -0.279665917 -0.658055961
1413393923305760512.000000 -1.693123102 0.023966789 -2.680596113 0.698104680 0.036550857 -0.280354530 -0.657810926
1413393923355760384.000000 -1.688657045 0.084111214 -2.689562321 0.696780026 0.022549294 -0.283147722 -0.658647597
1413393923405760512.000000 -1.682630301 0.147476673 -2.698385239 0.692554176 0.005980191 -0.288768917 -0.661018610
1413393923455760384.000000 -1.675564408 0.213006496 -2.707504749 0.686263561 -0.010466517 -0.291756123 -0.666191578
1413393923505760512.000000 -1.671350002 0.279776096 -2.718017578 0.678629100 -0.025444373 -0.291553080 -0.673655689
1413393923555760384.000000 -1.664490819 0.347872019 -2.730614185 0.669647276 -0.037547544 -0.287710935 -0.683655679
1413393923605760512.000000 -1.660234809 0.416227341 -2.744853020 0.658097208 -0.044961523 -0.282525659 -0.696466684
1413393923655760384.000000 -1.654383898 0.485144615 -2.761837959 0.646850586 -0.044418063 -0.272151709 -0.711016774
1413393923705760512.000000 -1.650636077 0.553875446 -2.781141520 0.634720922 -0.039639730 -0.258956492 -0.726979792
1413393923755760384.000000 -1.646217227 0.622605085 -2.801877737 0.620853424 -0.028898552 -0.246292129 -0.743670702
1413393923805760512.000000 -1.644738317 0.691803455 -2.822676420 -0.605175614 0.018685263 0.235738337 0.760158420
1413393923855760384.000000 -1.642419815 0.760243654 -2.845297098 -0.588570595 0.010592052 0.225665957 0.776239276
1413393923905760512.000000 -1.640572309 0.829635859 -2.867763519 -0.571501374 0.003679552 0.216030762 0.791646004
1413393923955760384.000000 -1.638686538 0.898019314 -2.891483307 -0.553562582 -0.001080194 0.208507940 0.806282640
1413393924005760512.000000 -1.637439728 0.966428757 -2.914766788 0.535478950 0.006389924 -0.202350363 -0.819924295
1413393924055760384.000000 -1.635280132 1.036799669 -2.936430931 -0.518482268 -0.011235595 0.196054280 0.832233489
1413393924105760512.000000 -1.633729339 1.106768847 -2.959395409 -0.502695322 -0.018103851 0.186999485 0.843801498
1413393924155760384.000000 -1.631391644 1.178048849 -2.981204271 0.489415973 0.025957873 -0.173016310 -0.854320526
1413393924205760512.000000 -1.626832128 1.250786543 -3.000817537 -0.478033751 -0.033544321 0.154303029 0.864030778
1413393924255760384.000000 -1.621852398 1.322406173 -3.019588947 -0.467936873 -0.040192876 0.131519064 0.872996271
1413393924305760512.000000 -1.614763498 1.394436717 -3.033040047 -0.458892673 -0.046541005 0.110723756 0.880336165
1413393924355760384.000000 -1.607642889 1.464281678 -3.046225548 -0.451082766 -0.052957572 0.090674818 0.886283278
1413393924405760512.000000 -1.597220182 1.533400059 -3.053211451 -0.445075274 -0.058666267 0.071274370 0.890722334
1413393924455760384.000000 -1.585953236 1.599624872 -3.058290720 -0.441167355 -0.064878061 0.052969623 0.893507957
1413393924505760512.000000 -1.570240617 1.663398623 -3.055587530 -0.437975526 -0.068586610 0.037502434 0.895581961
1413393924555760384.000000 -1.552899241 1.722146749 -3.050814390 -0.435405731 -0.070361122 0.024166094 0.897155046
1413393924605760512.000000 -1.530996799 1.776900530 -3.038404703 -0.434538901 -0.067875847 0.010404491 0.898031533
1413393924655760384.000000 -1.506571054 1.825549960 -3.022668123 -0.434639275 -0.063586377 -0.002628982 0.898353338
1413393924705760512.000000 -1.476011992 1.868740678 -2.998490095 -0.435765147 -0.057604779 -0.015411468 0.898082912
1413393924755760384.000000 -1.440705419 1.903386950 -2.971178770 -0.437404066 -0.050567016 -0.024573490 0.897505879
1413393924805760512.000000 -1.400297046 1.931729794 -2.936175346 -0.439908534 -0.045938175 -0.028780634 0.896404982
1413393924855760384.000000 -1.353732705 1.950865388 -2.897508383 -0.440195173 -0.040355954 -0.020621177 0.896757722
1413393924905760512.000000 -1.302877665 1.963868737 -2.852906942 -0.438389927 -0.034459341 -0.002545863 0.898120522
1413393924955760384.000000 -1.244153500 1.968571544 -2.804012060 -0.433118135 -0.030231150 0.024993796 0.900483310
1413393925005760512.000000 -1.183415413 1.969180584 -2.751852751 -0.425903171 -0.024697725 0.050854195 0.903000712
1413393925055760384.000000 -1.114171505 1.962328315 -2.697517872 -0.417845815 -0.020573443 0.074002124 0.905265391
1413393925105760512.000000 -1.046013951 1.955826283 -2.641345501 -0.408344537 -0.016720088 0.094113037 0.907809496
1413393925155760384.000000 -0.970161974 1.944791079 -2.582627296 -0.396359950 -0.014156992 0.113631077 0.910926163
1413393925205760512.000000 -0.894883275 1.934585690 -2.523863792 -0.381021082 -0.012707233 0.133816585 0.914742947
1413393925255760384.000000 -0.817616999 1.923307180 -2.462292433 -0.364299566 -0.013236478 0.150270954 0.918982804
1413393925305760512.000000 -0.743499160 1.916285038 -2.402547121 -0.347796917 -0.013631823 0.161764219 0.923408866
1413393925355760384.000000 -0.664941669 1.910285234 -2.341149330 -0.334457040 -0.015437494 0.164972544 0.927730739
1413393925405760512.000000 -0.588767231 1.908862829 -2.281734943 -0.325534552 -0.016367050 0.160299674 0.931699216
1413393925455760384.000000 -0.509339273 1.909196377 -2.221700668 -0.318468392 -0.014421797 0.154652253 0.935121715
1413393925505760512.000000 -0.441065609 1.917710662 -2.162617922 -0.313626617 -0.011939426 0.146882147 0.938041270
1413393925555760384.000000 -0.362757415 1.923509598 -2.102966070 -0.309010476 -0.009964834 0.141240299 0.940459669
1413393925605760512.000000 -0.292587340 1.933126569 -2.044211864 -0.304452062 -0.007132986 0.138330147 0.942402780
1413393925655760384.000000 -0.219382882 1.943428993 -1.982649446 -0.301070243 -0.005185560 0.135020137 0.943980634
1413393925705760512.000000 -0.158506319 1.957356811 -1.920337200 -0.298414469 -0.004696688 0.131305337 0.945349574
1413393925755760384.000000 -0.098668441 1.971054554 -1.854146957 -0.297214001 -0.003370139 0.127242073 0.946288526
1413393925805760512.000000 -0.047058299 1.986926794 -1.784724593 0.296100497 0.001025596 -0.123904228 -0.947085679
1413393925855760384.000000 -0.009217797 2.004278660 -1.717184186 -0.295674115 0.001960461 0.120769411 0.947622240
1413393925905760512.000000 0.030509295 2.021908283 -1.644475222 -0.296186209 0.006268262 0.116332449 0.947998583
1413393925955760384.000000 0.064577468 2.040549040 -1.570671916 0.296324849 -0.013784850 -0.112938575 -0.948286116
1413393926005760512.000000 0.090407453 2.058709145 -1.498656511 -0.297279984 0.022414785 0.109270200 0.948252201
1413393926055760384.000000 0.117894486 2.078041792 -1.423844934 -0.297675341 0.034252457 0.107247874 0.948005319
1413393926105760512.000000 0.143270642 2.096796274 -1.351342201 0.297633380 -0.045650728 -0.106210545 -0.947654843
1413393926155760384.000000 0.161100060 2.114519596 -1.284591198 -0.297402978 0.053247444 0.106450312 0.947303832
1413393926205760512.000000 0.185210660 2.132766485 -1.216336966 -0.296960175 0.057152741 0.108504385 0.946982086
1413393926255760384.000000 0.207636803 2.150305510 -1.151680946 0.296745270 -0.057994280 -0.110863157 -0.946725070
1413393926305760512.000000 0.229373276 2.167103767 -1.090493560 -0.296328813 0.055241972 0.114493094 0.946588039
1413393926355760384.000000 0.251617581 2.184257984 -1.030802131 -0.295706332 0.049757458 0.118250653 0.946624994
1413393926405760512.000000 0.273397863 2.201214075 -0.973908782 0.294338316 -0.042878646 -0.119735084 -0.947201133
1413393926455760384.000000 0.296010494 2.218399763 -0.919211030 0.292299330 -0.040555555 -0.118626684 -0.948073924
1413393926505760512.000000 0.315539896 2.233336449 -0.871379077 -0.289530605 0.042412270 0.115772054 0.949194491
1413393926555760384.000000 0.333216965 2.250502110 -0.819014966 -0.286310971 0.045635641 0.110050231 0.950701058
1413393926605760512.000000 0.346908867 2.267795086 -0.766397953 0.282080382 -0.049312133 -0.103439480 -0.952522635
1413393926655760384.000000 0.355772018 2.284314394 -0.715281665 -0.276218325 0.051236693 0.097348705 0.954778254
1413393926705760512.000000 0.364419580 2.301094770 -0.664582908 -0.269543022 0.051101688 0.089987732 0.957411826
1413393926755760384.000000 0.374220848 2.316788197 -0.616679192 0.260712296 -0.050032046 -0.085341930 -0.960334718
1413393926805760512.000000 0.387258977 2.329757452 -0.577390254 -0.251234680 0.047766995 0.081236437 0.963327706
1413393926855760384.000000 0.402114630 2.343899012 -0.535510063 -0.240139648 0.044330172 0.077541627 0.966620445
1413393926905760512.000000 0.418965816 2.356784582 -0.497169971 0.228353038 -0.037567813 -0.074903294 -0.969965577
1413393926955760384.000000 0.438658357 2.369011879 -0.461701274 0.215888351 -0.030445788 -0.073881760 -0.973142684
1413393927005760512.000000 0.463769019 2.381534338 -0.431685746 -0.204394460 0.020826016 0.073123641 0.975931466
1413393927055760384.000000 0.488913476 2.393711567 -0.401452243 -0.193495765 0.011146649 0.075894289 0.978097737
1413393927105760512.000000 0.516941130 2.406821489 -0.372911423 0.183394104 -0.004262611 -0.079501882 -0.979810119
1413393927155760384.000000 0.552234769 2.416343689 -0.351317048 -0.173747614 -0.000173938 0.085535422 0.981068552
1413393927205760512.000000 0.581865907 2.432334423 -0.323558450 -0.165508628 -0.002489141 0.091261744 0.981973529
1413393927255760384.000000 0.613603175 2.449996948 -0.296455592 -0.157738790 -0.007200012 0.098006435 0.982578933
1413393927305760512.000000 0.643468797 2.470369577 -0.268538266 -0.151155695 -0.014634318 0.101366475 0.983190060
1413393927355760384.000000 0.676344752 2.492284536 -0.240573913 -0.146002576 -0.023202661 0.098682396 0.984076560
1413393927405760512.000000 0.708307266 2.518220425 -0.211726889 -0.142388687 -0.029269932 0.090562753 0.985224366
1413393927455760384.000000 0.745756269 2.541975498 -0.192242146 -0.140804842 -0.031140765 0.075195335 0.986686349
1413393927505760512.000000 0.781513155 2.571972609 -0.161125556 -0.140551701 -0.029451815 0.057473056 0.987964928
1413393927555760384.000000 0.820050478 2.601399422 -0.128955200 -0.140405342 -0.027905282 0.040085096 0.988888741
1413393927605760512.000000 0.858544528 2.631509781 -0.094698951 -0.138760865 -0.025745600 0.022121537 0.989744067
1413393927655760384.000000 0.899302542 2.658264875 -0.059921771 -0.136018917 -0.021965437 0.004413113 0.990452945
1413393927705760512.000000 0.940474570 2.685181618 -0.022810880 -0.132204771 -0.015374346 -0.012930248 0.991018832
1413393927755760384.000000 0.983640134 2.707910776 0.014490345 -0.129549354 -0.007892380 -0.030861897 0.991061151
1413393927805760512.000000 1.027513027 2.728716850 0.053303208 -0.127459899 0.000450934 -0.046655998 0.990745723
1413393927855760384.000000 1.069361806 2.742061615 0.084942810 -0.125319198 0.007903455 -0.057409726 0.990422547
1413393927905760512.000000 1.114789605 2.753982544 0.124269404 -0.122050703 0.014035623 -0.062005684 0.990485728
1413393927955760384.000000 1.159757495 2.759510040 0.161750734 -0.120012805 0.018325005 -0.065591261 0.990433753
1413393928005760512.000000 1.203930974 2.762008905 0.201033860 -0.118566126 0.022245277 -0.067764692 0.990381360
1413393928055760384.000000 1.245406032 2.759631395 0.240593731 0.118200868 -0.024489766 0.070660658 -0.990169704
1413393928105760512.000000 1.286074281 2.750259876 0.275394559 -0.118402846 0.027282042 -0.072742470 0.989921808
1413393928155760384.000000 1.322912097 2.738941908 0.314832181 -0.118329026 0.029430939 -0.073649973 0.989801943
1413393928205760512.000000 1.357252955 2.722625017 0.353367329 0.118790053 -0.029720483 0.073633529 -0.989739299
1413393928255760384.000000 1.388514042 2.701333761 0.390304595 -0.117766552 0.027812162 -0.068314135 0.990298390
1413393928305760512.000000 1.417300105 2.676519871 0.429870784 -0.113981791 0.024870453 -0.055061977 0.991644025
1413393928355760384.000000 1.444640398 2.646652222 0.465533495 -0.108169414 0.025968358 -0.036900178 0.993107975
1413393928405760512.000000 1.469322920 2.614925861 0.504380286 -0.102666117 0.029664271 -0.019374665 0.994084716
1413393928455760384.000000 1.491007566 2.580509186 0.540986240 -0.097945176 0.032729845 -0.003336147 0.994647920
1413393928505760512.000000 1.509335876 2.545563698 0.578671455 -0.094121739 0.037211686 0.010158027 0.994813204
1413393928555760384.000000 1.528137207 2.508166790 0.614641786 -0.091841139 0.043857928 0.020013500 0.994606078
1413393928605760512.000000 1.543269157 2.472706079 0.650341868 -0.090593353 0.054075088 0.026132986 0.994075358
1413393928655760384.000000 1.559245706 2.435161114 0.684939861 -0.090062082 0.062049605 0.031057026 0.993516088
1413393928705760512.000000 1.572494149 2.399987698 0.715563595 -0.091382340 0.066105820 0.031737179 0.993112385
1413393928755760384.000000 1.585355282 2.364334822 0.742103994 -0.093330406 0.066985637 0.031699501 0.992873430
1413393928805760512.000000 1.597478390 2.329518557 0.765864611 0.098205052 -0.066895336 -0.025377486 -0.992590964
1413393928855760384.000000 1.609774351 2.293687105 0.787926495 -0.102999799 0.065416783 0.019344185 0.992339373
1413393928905760512.000000 1.620734692 2.258579969 0.805933297 -0.109602064 0.064771786 0.011076326 0.991801083
1413393928955760384.000000 1.631740212 2.221943140 0.820848584 -0.118236087 0.063230857 0.003568423 0.990963876
1413393929005760512.000000 1.641413212 2.185228348 0.833147526 -0.128298685 0.061057542 -0.001804683 0.989852607
1413393929055760384.000000 1.652514219 2.146503448 0.844537735 -0.138937995 0.058233906 -0.002517166 0.988584280
1413393929105760512.000000 1.666200757 2.106641769 0.858594835 -0.151176184 0.056128282 -0.002896440 0.986907840
1413393929155760384.000000 1.675898552 2.064217329 0.864096403 -0.163626447 0.054732319 -0.001555743 0.985001743
1413393929205760512.000000 1.685085416 2.019947052 0.868625641 -0.177034974 0.050693154 0.001780544 0.982896626
1413393929255760384.000000 1.693526030 1.973833680 0.869965672 -0.191049829 0.046587653 0.008574352 0.980436683
1413393929305760512.000000 1.702769756 1.925244570 0.870797276 -0.204707235 0.041992832 0.018461999 0.977747858
1413393929355760384.000000 1.711039305 1.875044703 0.869419336 -0.219007611 0.037763938 0.030692983 0.974508882
1413393929405760512.000000 1.719159484 1.824412107 0.866778910 -0.233674988 0.034774359 0.044031683 0.970694661
1413393929455760384.000000 1.728057504 1.771291256 0.864083409 -0.249155805 0.032323066 0.055714738 0.966319084
1413393929505760512.000000 1.737201214 1.717355371 0.861380279 0.266200632 -0.028463814 -0.065749586 -0.961251318
1413393929555760384.000000 1.746541858 1.662497640 0.857487202 0.283326805 -0.024867741 -0.075518399 -0.955722034
1413393929605760512.000000 1.756424069 1.606980681 0.852950454 0.301405162 -0.022025578 -0.083440714 -0.949582815
1413393929655760384.000000 1.767897487 1.550444007 0.847294569 -0.319902956 0.019172011 0.090604760 0.942913234
1413393929705760512.000000 1.778562546 1.493995905 0.842392564 -0.337761402 0.017912200 0.097530998 0.935993671
1413393929755760384.000000 1.789873838 1.436958909 0.837382197 0.355057210 -0.016732933 -0.105961137 -0.928669333
1413393929805760512.000000 1.801131368 1.379795909 0.832623959 0.370871156 -0.017416215 -0.117278375 -0.921084762
1413393929855760384.000000 1.812256813 1.322616816 0.827939749 0.385041714 -0.019791394 -0.132074714 -0.913185358
1413393929905760512.000000 1.823855042 1.265738010 0.822967470 0.397640377 -0.024954319 -0.149090067 -0.905003667
1413393929955760384.000000 1.835538983 1.209625959 0.817367613 0.409420580 -0.029860230 -0.165608704 -0.896692276
1413393930005760512.000000 1.846643448 1.154789686 0.810885727 0.421229601 -0.034259040 -0.180225670 -0.888206482
1413393930055760384.000000 1.855857372 1.101628304 0.803732336 0.432835817 -0.037712324 -0.193198279 -0.879718900
1413393930105760512.000000 1.862912059 1.050034881 0.795773804 0.443722367 -0.040367182 -0.203966886 -0.871710062
1413393930155760384.000000 1.865274429 1.007315159 0.783369243 -0.453436166 0.042296439 0.210908473 0.864941835
1413393930205760512.000000 1.867430449 0.959375024 0.773585141 -0.461900681 0.043898553 0.215951368 0.859119177
1413393930255760384.000000 1.866926670 0.913082838 0.763889313 0.469210804 -0.043514859 -0.217087820 -0.854880452
1413393930305760512.000000 1.863600850 0.868671417 0.752918780 0.476259142 -0.041577090 -0.215059638 -0.851585567
1413393930355760384.000000 1.857663751 0.825974703 0.740989029 0.484654367 -0.034735847 -0.205410466 -0.849535227
1413393930405760512.000000 1.849026442 0.784367025 0.728764713 0.491238683 -0.027524211 -0.195565239 -0.848340273
1413393930455760384.000000 1.836908817 0.743900001 0.717119277 0.496953756 -0.019990170 -0.185553730 -0.847471058
1413393930505760512.000000 1.820011497 0.704333723 0.707215130 0.500994265 -0.014028727 -0.177613109 -0.846912980
1413393930555760384.000000 1.797811508 0.665294051 0.699502289 0.502491534 -0.012442854 -0.173848048 -0.846831977
1413393930605760512.000000 1.770435810 0.626918852 0.694035470 0.501982629 -0.015414958 -0.174153700 -0.847022057
1413393930655760384.000000 1.730853915 0.595603228 0.687232137 -0.499914408 0.020816892 0.176126644 0.847721517
1413393930705760512.000000 1.693905354 0.558697402 0.685677588 -0.497819483 0.026946926 0.178209618 0.848345995
1413393930755760384.000000 1.654653788 0.520720840 0.682999790 0.495468974 -0.034040868 -0.179736987 -0.849144459
1413393930805760512.000000 1.615382910 0.484550357 0.680772960 0.493334323 -0.039156612 -0.179706544 -0.850172639
1413393930855760384.000000 1.577022910 0.448777109 0.677280962 0.490961790 -0.043200891 -0.180308864 -0.851222038
1413393930905760512.000000 1.540917635 0.413427711 0.671546102 0.489378691 -0.043555453 -0.179678187 -0.852248311
1413393930955760384.000000 1.502279639 0.379677534 0.667473972 -0.487538755 0.041269690 0.178188071 0.853728175
1413393931005760512.000000 1.472622156 0.344901741 0.657039106 -0.485209912 0.040482253 0.178814352 0.854960799
1413393931055760384.000000 1.446115851 0.311317861 0.644066930 0.484157324 -0.037443582 -0.177973211 -0.855871022
1413393931105760512.000000 1.424074411 0.277698636 0.628793240 0.481900185 -0.037683960 -0.178607211 -0.857001543
1413393931155760384.000000 1.404961586 0.244228154 0.611236632 0.480001181 -0.034847137 -0.180288240 -0.857834935
1413393931205760512.000000 1.388814330 0.211400568 0.591833949 0.478327453 -0.032219902 -0.182118490 -0.858485699
1413393931255760384.000000 1.370462537 0.177638113 0.573419511 -0.475629807 0.030035937 0.185369894 0.859367371
1413393931305760512.000000 1.354498744 0.146496296 0.553052306 -0.473297834 0.028677762 0.188990414 0.859912455
1413393931355760384.000000 1.335214019 0.116134703 0.532818854 0.470896900 -0.028348673 -0.193042815 -0.860341191
1413393931405760512.000000 1.313563585 0.087239146 0.513205230 0.467445284 -0.028429450 -0.198503569 -0.860978007
1413393931455760384.000000 1.287374854 0.060220897 0.495200962 -0.465061247 0.029734602 0.203081578 0.861157298
1413393931505760512.000000 1.261341214 0.034189522 0.474946707 -0.462465346 0.031076571 0.207499936 0.861454487
1413393931555760384.000000 1.231660843 0.008532465 0.454208374 0.460497320 -0.032269582 -0.210009441 -0.861856699
1413393931605760512.000000 1.199014544 -0.017407894 0.430809826 -0.458552897 0.031763844 0.212582663 0.862281322
1413393931655760384.000000 1.164082766 -0.039457500 0.408944815 -0.457413733 0.032657441 0.212839425 0.862789452
1413393931705760512.000000 1.126114726 -0.058965504 0.387178838 0.456681430 -0.032801479 -0.212891340 -0.863159001
1413393931755760384.000000 1.088494658 -0.077280581 0.363635540 -0.455736637 0.032731224 0.212186933 0.863834202
1413393931805760512.000000 1.047153115 -0.092207521 0.340671927 -0.455439299 0.032330189 0.211057693 0.864282668
1413393931855760384.000000 1.005030632 -0.104569584 0.316955388 0.455158949 -0.031545494 -0.209852979 -0.864752591
1413393931905760512.000000 0.962712049 -0.115002066 0.291527927 0.454820156 -0.030751197 -0.208947748 -0.865178525
1413393931955760384.000000 0.925179839 -0.126047969 0.261016726 -0.454726428 0.030162236 0.207447618 0.865609467
1413393932005760512.000000 0.885019302 -0.132014364 0.231992662 -0.455067545 0.028961590 0.205316231 0.865979254
1413393932055760384.000000 0.845914602 -0.136336982 0.200899243 0.455562532 -0.026114715 -0.202326164 -0.866513133
1413393932105760512.000000 0.807835340 -0.138267756 0.168632030 0.456489980 -0.022600189 -0.198822975 -0.866934657
1413393932155760384.000000 0.771773398 -0.142333344 0.132441878 -0.458105832 0.017664462 0.193608165 0.867377043
1413393932205760512.000000 0.735512793 -0.140792280 0.098039910 -0.460348189 0.012665166 0.187365204 0.867648184
1413393932255760384.000000 0.701088786 -0.138717771 0.063419491 0.463195890 -0.007202445 -0.179514855 -0.867854953
1413393932305760512.000000 0.667399645 -0.134944037 0.028944187 0.465490550 -0.002133507 -0.173075408 -0.867962599
1413393932355760384.000000 0.636460841 -0.131582737 -0.009051032 -0.467605770 -0.002305172 0.167688668 0.867882550
1413393932405760512.000000 0.605046988 -0.126162350 -0.042389236 -0.469231129 -0.005624005 0.164108872 0.867674410
1413393932455760384.000000 0.574386954 -0.120398551 -0.074794553 0.470967323 0.008707952 -0.161126137 -0.867267191
1413393932505760512.000000 0.544778883 -0.113681287 -0.105758116 0.472777814 0.010847236 -0.158857197 -0.866676390
1413393932555760384.000000 0.517098367 -0.107726052 -0.136974424 -0.474422157 -0.011650731 0.156235367 0.866243899
1413393932605760512.000000 0.490616918 -0.100011982 -0.165233374 -0.476312727 -0.009954683 0.153709531 0.865679204
1413393932655760384.000000 0.465625077 -0.092553549 -0.192386031 0.478393644 0.007145600 -0.151261166 -0.864990473
1413393932705760512.000000 0.441906959 -0.084996544 -0.217939407 0.479800791 0.004689455 -0.150071710 -0.864434898
1413393932755760384.000000 0.419596225 -0.077638358 -0.242307290 0.481344640 0.002120667 -0.149250433 -0.863728642
1413393932805760512.000000 0.398822486 -0.069060065 -0.264920980 -0.483088762 0.000402366 0.147953480 0.862980187
1413393932855760384.000000 0.378896296 -0.062050823 -0.287129521 -0.485014230 0.000395060 0.145821542 0.862262785
1413393932905760512.000000 0.360531747 -0.056447119 -0.308347970 0.487206459 -0.001090248 -0.143261790 -0.861455023
1413393932955760384.000000 0.344505966 -0.050947662 -0.328564852 0.489780635 -0.006526757 -0.138985246 -0.860671461
1413393933005760512.000000 0.330772042 -0.043376260 -0.346944809 -0.491677731 0.015847439 0.133059695 0.860405207
1413393933055760384.000000 0.317286074 -0.040632576 -0.364884496 -0.492798656 0.024255827 0.127268195 0.860444129
1413393933105760512.000000 0.305046499 -0.040343955 -0.382189095 0.493516952 -0.033697672 -0.121866934 -0.860496342
1413393933155760384.000000 0.293098032 -0.042452097 -0.399081469 0.493469208 -0.040400535 -0.119985580 -0.860499561
1413393933205760512.000000 0.281718373 -0.043026261 -0.414395958 -0.492556125 0.046198312 0.121202283 0.860560417
1413393933255760384.000000 0.271601915 -0.050647229 -0.431359649 -0.489952147 0.051153313 0.126812771 0.860958099
1413393933305760512.000000 0.262768924 -0.059660979 -0.448626995 0.486542881 -0.057735726 -0.135521755 -0.861148417
1413393933355760384.000000 0.254354626 -0.071747281 -0.466964424 0.482946217 -0.063004635 -0.144276872 -0.861381233
1413393933405760512.000000 0.245624408 -0.084320404 -0.486432463 -0.478510708 0.067313984 0.155631155 0.861554086
1413393933455760384.000000 0.237301975 -0.099916570 -0.507973731 -0.473749429 0.068225406 0.169065922 0.861581981
1413393933505760512.000000 0.228395388 -0.116560273 -0.531325817 0.467992842 -0.066759221 -0.183823481 -0.861820638
1413393933555760384.000000 0.215932459 -0.132994220 -0.555826187 -0.462976396 0.063910641 0.197167203 0.861796677
1413393933605760512.000000 0.203457817 -0.148825124 -0.582532763 -0.459601372 0.060060505 0.207562014 0.861439109
1413393933655760384.000000 0.188515514 -0.161399394 -0.610390425 -0.458707094 0.055374730 0.212324753 0.861068964
1413393933705760512.000000 0.172679394 -0.174320087 -0.640859306 -0.460197359 0.048351046 0.210175112 0.861224115
1413393933755760384.000000 0.153323025 -0.186288938 -0.672215402 -0.464023590 0.039917376 0.202648133 0.861407280
1413393933805760512.000000 0.133190662 -0.196985483 -0.705071867 -0.468179911 0.031299628 0.193772122 0.861556888
1413393933855760384.000000 0.108995974 -0.207107544 -0.737235427 -0.470991731 0.024192918 0.187086895 0.861730874
1413393933905760512.000000 0.084547579 -0.216651976 -0.769453406 -0.473191887 0.019652929 0.182005167 0.861729264
1413393933955760384.000000 0.059996989 -0.225772619 -0.801534891 0.475860953 -0.018151924 -0.175796553 -0.861581326
1413393934005760512.000000 0.036518667 -0.231408924 -0.831615567 -0.479462922 0.022794817 0.164173290 0.861767232
1413393934055760384.000000 0.018215638 -0.240525097 -0.865212917 -0.483252048 0.028120352 0.153221726 0.861510158
1413393934105760512.000000 0.003646225 -0.250753343 -0.899589956 0.485846668 -0.034178525 -0.143719301 -0.861469448
1413393934155760384.000000 -0.008797169 -0.260485202 -0.934933484 -0.487251908 0.036096010 0.137693927 0.861581743
1413393934205760512.000000 -0.018859245 -0.274783999 -0.970413744 -0.487996906 0.037158053 0.133945048 0.861705899
1413393934255760384.000000 -0.028269023 -0.288655847 -1.003807187 -0.486020595 0.037091151 0.136172384 0.862476349
1413393934305760512.000000 -0.038535252 -0.306394815 -1.037865877 -0.483493984 0.036641575 0.140558332 0.863211691
1413393934355760384.000000 -0.051101454 -0.323548615 -1.070573211 -0.479496330 0.034376945 0.149361759 0.864055932
1413393934405760512.000000 -0.067396730 -0.342518359 -1.101969361 -0.474997342 0.032382280 0.159773454 0.864755094
1413393934455760384.000000 -0.086945392 -0.361601889 -1.132618785 0.471098453 -0.030705404 -0.168862835 -0.865221798
1413393934505760512.000000 -0.108638227 -0.379159749 -1.161879539 -0.467556655 0.029430913 0.177259594 0.865507722
1413393934555760384.000000 -0.134543777 -0.398045480 -1.190909386 -0.464086264 0.029361743 0.185168430 0.865722001
1413393934605760512.000000 -0.162542120 -0.415750116 -1.219730616 0.461387336 -0.029871309 -0.191827372 -0.865697265
1413393934655760384.000000 -0.192468271 -0.432849675 -1.248813748 0.458543450 -0.032578114 -0.198909327 -0.865512431
1413393934705760512.000000 -0.222724944 -0.446786582 -1.276411176 -0.455990195 0.035245083 0.205161318 0.865297437
1413393934755760384.000000 -0.257618964 -0.461482346 -1.305560827 -0.450263083 0.038201939 0.214494005 0.865907788
1413393934805760512.000000 -0.295250803 -0.474822700 -1.334889293 0.442030907 -0.040356573 -0.225243360 -0.867320895
1413393934855760384.000000 -0.333960474 -0.484372199 -1.364196777 -0.432227403 0.039595518 0.233383402 0.870140135
1413393934905760512.000000 -0.375855535 -0.493183285 -1.395671368 -0.421305388 0.034487329 0.238083139 0.874430597
1413393934955760384.000000 -0.419156849 -0.497143567 -1.428379297 -0.410627335 0.024486810 0.235877231 0.880424678
1413393935005760512.000000 -0.463941932 -0.498930901 -1.462271214 -0.402008653 0.011001717 0.222678065 0.888077974
1413393935055760384.000000 -0.511250794 -0.497990310 -1.495406866 -0.393380940 -0.004803937 0.202526465 0.896778405
1413393935105760512.000000 -0.556828201 -0.493020833 -1.529043436 -0.382795870 -0.018878609 0.182086006 0.905514061
1413393935155760384.000000 -0.599421918 -0.485379577 -1.561955333 0.369650215 0.029968929 -0.163751096 -0.914136887
1413393935205760512.000000 -0.639799178 -0.477495492 -1.592481256 -0.354074389 -0.038305085 0.147835881 0.922663867
1413393935255760384.000000 -0.672633529 -0.465447307 -1.622955322 -0.336539984 -0.043744504 0.135031790 0.930910170
1413393935305760512.000000 -0.700663984 -0.451340675 -1.650759578 0.318064451 0.047314674 -0.124240808 -0.938701570
1413393935355760384.000000 -0.726105094 -0.438819051 -1.677069783 -0.298681080 -0.048457563 0.116408505 0.945986569
1413393935405760512.000000 -0.744055510 -0.422186583 -1.701413035 -0.280027270 -0.048837997 0.105049014 0.952976525
1413393935455760384.000000 -0.756949902 -0.405014277 -1.724334955 0.261874437 0.047886889 -0.092450224 -0.959469438
1413393935505760512.000000 -0.764872670 -0.387298524 -1.745273948 0.244010940 0.045722544 -0.078280777 -0.965525866
1413393935555760384.000000 -0.769014239 -0.369955391 -1.763976336 0.225750521 0.045814764 -0.065064386 -0.970929623
1413393935605760512.000000 -0.773017406 -0.355391353 -1.780287743 -0.210475802 -0.046098311 0.048954278 0.975283802
1413393935655760384.000000 -0.771949112 -0.338603348 -1.793977499 -0.197329119 -0.048291810 0.034311488 0.978545845
1413393935705760512.000000 -0.769284725 -0.322403342 -1.804986596 0.187050834 0.049645022 -0.017128406 -0.980945528
1413393935755760384.000000 -0.765515208 -0.307943463 -1.812872410 0.178746313 0.050699480 -0.000438967 -0.982587993
1413393935805760512.000000 -0.760156870 -0.296097308 -1.817350984 0.171536461 0.050641287 0.018045915 -0.983709872
1413393935855760384.000000 -0.753071547 -0.287831038 -1.818320870 0.163831607 0.049373705 0.035918962 -0.984597087
1413393935905760512.000000 -0.742433965 -0.284722745 -1.815360308 -0.154030949 -0.047339462 -0.047950331 0.985765874
1413393935955760384.000000 -0.733588994 -0.285828590 -1.809305072 -0.138440341 -0.043639250 -0.045495395 0.988362312
1413393936005760512.000000 -0.722781777 -0.291303098 -1.799717665 -0.118978426 -0.038605571 -0.036317650 0.991481125
1413393936055760384.000000 -0.711521029 -0.300920814 -1.788133979 -0.097998768 -0.033958405 -0.027091069 0.994238019
1413393936105760512.000000 -0.697407067 -0.312494278 -1.775014997 -0.074576169 -0.028629079 -0.017850515 0.996644437
1413393936155760384.000000 -0.683613658 -0.327638775 -1.759462595 -0.050195698 -0.023583680 -0.008730426 0.998422801
1413393936205760512.000000 -0.667807281 -0.343644798 -1.743470073 -0.024128510 -0.020748343 0.000593155 0.999493420
1413393936255760384.000000 -0.651899695 -0.360163182 -1.724966526 0.001648503 -0.019074190 0.006765172 0.999793887
1413393936305760512.000000 -0.634542525 -0.376213908 -1.705055833 -0.027454676 0.019219980 -0.010872361 -0.999379158
1413393936355760384.000000 -0.616484463 -0.391672373 -1.686375260 0.053192735 -0.020140609 0.011694876 0.998312652
1413393936405760512.000000 -0.598439813 -0.405262172 -1.664265037 0.077600017 -0.020619148 0.009584390 0.996725321
1413393936455760384.000000 -0.579352736 -0.417109221 -1.640439391 -0.100704901 0.020670420 -0.003897917 -0.994694054
1413393936505760512.000000 -0.557998478 -0.426395893 -1.618390203 0.122171864 -0.016533690 -0.007322932 0.992344260
1413393936555760384.000000 -0.536132336 -0.434257329 -1.593000770 0.142334163 -0.010091486 -0.020038251 0.989564419
1413393936605760512.000000 -0.513586402 -0.440166444 -1.569657683 0.161761761 -0.001337065 -0.031870082 0.986314178
1413393936655760384.000000 -0.490407258 -0.444895625 -1.544255972 0.180544510 0.009447976 -0.042120021 0.982619166
1413393936705760512.000000 -0.466036260 -0.450150847 -1.523045301 0.197930321 0.019991757 -0.050938498 0.978687465
1413393936755760384.000000 -0.442792714 -0.452285141 -1.498905063 -0.214802235 -0.028332409 0.058568884 -0.974488080
1413393936805760512.000000 -0.419755638 -0.453846872 -1.477256179 0.230876699 0.034686640 -0.066250272 0.970105052
1413393936855760384.000000 -0.396960586 -0.453498602 -1.455711603 0.246979743 0.039877258 -0.074057780 0.965363324
1413393936905760512.000000 -0.374208242 -0.453280985 -1.438063622 0.262644142 0.045566149 -0.082789771 0.960254014
1413393936955760384.000000 -0.351874232 -0.450597852 -1.420575142 0.279133648 0.049300577 -0.091670126 0.954594433
1413393937005760512.000000 -0.327767879 -0.449910700 -1.408008695 0.295055300 0.054842744 -0.102349989 0.948398292
1413393937055760384.000000 -0.305821657 -0.445383996 -1.396383524 0.311643362 0.059038699 -0.112874262 0.941622138
1413393937105760512.000000 -0.283500522 -0.441788644 -1.389005423 0.328597307 0.062097616 -0.122378804 0.934446990
1413393937155760384.000000 -0.262601197 -0.435539514 -1.384085894 0.345664084 0.064273730 -0.130185962 0.927058160
1413393937205760512.000000 -0.242421314 -0.428627878 -1.383066893 0.362960577 0.066509508 -0.137068570 0.919265151
1413393937255760384.000000 -0.220523715 -0.422777712 -1.386118889 0.379280508 0.067228027 -0.143487483 0.911612928
1413393937305760512.000000 -0.201036274 -0.413657576 -1.391702175 0.395447195 0.067217797 -0.148288667 0.903943479
1413393937355760384.000000 -0.182021528 -0.403658152 -1.400308371 0.409789860 0.065617681 -0.153633103 0.896751702
1413393937405760512.000000 -0.163505018 -0.392051578 -1.411616206 0.421748519 0.063782476 -0.157666072 0.890618563
1413393937455760384.000000 -0.147065252 -0.378882527 -1.424720407 0.430999160 0.058293518 -0.162744701 0.885638654
1413393937505760512.000000 -0.135137200 -0.364416897 -1.438278675 0.437598467 0.046440016 -0.168221056 0.882072926
1413393937555760384.000000 -0.128020078 -0.349356830 -1.451880813 0.443606734 0.033492435 -0.169963107 0.879320145
1413393937605760512.000000 -0.126342520 -0.333976746 -1.464600801 0.448078603 0.022191906 -0.171031415 0.877200902
1413393937655760384.000000 -0.128333911 -0.321970880 -1.479003429 0.452093571 0.010121945 -0.170503706 0.875464141
1413393937705760512.000000 -0.134291887 -0.306636810 -1.490156889 0.454418510 -0.000685115 -0.170326963 0.874352396
1413393937755760384.000000 -0.142557204 -0.290161073 -1.499634027 0.455152512 -0.011508719 -0.172083393 0.873550892
1413393937805760512.000000 -0.149306759 -0.275026739 -1.509388924 0.455433816 -0.021820888 -0.173537970 0.872919559
1413393937855760384.000000 -0.154250443 -0.261004984 -1.518591404 0.455234617 -0.030005366 -0.173820883 0.872724175
1413393937905760512.000000 -0.156021073 -0.248641193 -1.527351499 0.454754353 -0.031347662 -0.175219089 0.872647762
1413393937955760384.000000 -0.156124622 -0.237081766 -1.535684466 0.454296350 -0.025751418 -0.176971883 0.872715652
1413393938005760512.000000 -0.155004323 -0.227289259 -1.543685675 0.452915132 -0.018805381 -0.179679364 0.873057663
1413393938055760384.000000 -0.153050482 -0.218908191 -1.551708579 0.451014131 -0.009386713 -0.184305504 0.873229504
1413393938105760512.000000 -0.150237381 -0.212140918 -1.560388803 0.449271083 0.002913916 -0.190780416 0.872782826
1413393938155760384.000000 -0.146914661 -0.208387971 -1.571084857 0.447913021 0.018210586 -0.199027851 0.871452987
1413393938205760512.000000 -0.143343568 -0.204623640 -1.583599806 0.448277473 0.034541946 -0.208295316 0.868600726
1413393938255760384.000000 -0.139477730 -0.201496422 -1.598110676 0.450588942 0.048019391 -0.215634003 0.864965796
1413393938305760512.000000 -0.137158439 -0.199946880 -1.616650820 0.455690682 0.056250729 -0.218716368 0.861014009
1413393938355760384.000000 -0.135876358 -0.199472010 -1.639174938 0.464531302 0.059345111 -0.216404557 0.856655061
1413393938405760512.000000 -0.135749295 -0.199789584 -1.665418148 0.476108700 0.057048023 -0.210211471 0.851984322
1413393938455760384.000000 -0.133568943 -0.200846910 -1.691987514 0.490713567 0.050358035 -0.199708864 0.846629083
1413393938505760512.000000 -0.135110244 -0.201139331 -1.724339962 0.505322933 0.042616609 -0.191674933 0.840293586
1413393938555760384.000000 -0.137530044 -0.200758576 -1.758669734 0.519169748 0.035186660 -0.186170533 0.833405852
1413393938605760512.000000 -0.141549513 -0.199766994 -1.793685436 0.532606423 0.029047143 -0.183179051 0.825791836
1413393938655760384.000000 -0.148637220 -0.197276473 -1.828474045 0.545466244 0.022206342 -0.181500450 0.817943275
1413393938705760512.000000 -0.155403182 -0.193681836 -1.856992483 0.557221293 0.014903411 -0.181412712 0.810167789
1413393938755760384.000000 -0.168341815 -0.188243985 -1.890225887 0.568834305 0.010795209 -0.181151956 0.802181482
1413393938805760512.000000 -0.183047324 -0.180052519 -1.922158837 0.579935074 0.010930680 -0.181517765 0.794107795
1413393938855760384.000000 -0.198263973 -0.170486569 -1.953846455 0.589959383 0.015049944 -0.183949485 0.786056042
1413393938905760512.000000 -0.213340789 -0.159357309 -1.985332608 0.599473298 0.018286780 -0.187654540 0.777871013
1413393938955760384.000000 -0.227645963 -0.146436572 -2.016750574 0.608332515 0.020416040 -0.192571357 0.769695461
1413393939005760512.000000 -0.241132647 -0.131911278 -2.048306465 0.617047429 0.020809174 -0.197581351 0.761433601
1413393939055760384.000000 -0.252252400 -0.116166949 -2.079942703 0.625271320 0.023299135 -0.201428354 0.753604352
1413393939105760512.000000 -0.260668486 -0.102172017 -2.109435081 0.636340022 0.033732984 -0.197206169 0.745012224
1413393939155760384.000000 -0.267505139 -0.082945585 -2.142976761 0.647316337 0.045001097 -0.191948533 0.736282766
1413393939205760512.000000 -0.276317835 -0.060779333 -2.176250458 0.655664742 0.047007691 -0.193086445 0.728430986
1413393939255760384.000000 -0.286478549 -0.035457134 -2.208714008 0.660186887 0.041121237 -0.201376989 0.722433150
1413393939305760512.000000 -0.298923016 -0.008390665 -2.238451242 0.661899924 0.028621797 -0.213728234 0.717906415
1413393939355760384.000000 -0.311811745 0.022245884 -2.269116163 0.660013556 0.009857076 -0.231723621 0.714555264
1413393939405760512.000000 -0.328294575 0.053685904 -2.298516750 0.656274855 -0.016231546 -0.249792367 0.711789131
1413393939455760384.000000 -0.345183551 0.084726095 -2.326826096 0.651068866 -0.045661718 -0.266481429 0.709233463
1413393939505760512.000000 -0.364156097 0.113753080 -2.353557348 0.645025730 -0.075354375 -0.279906392 0.707047462
1413393939555760384.000000 -0.387556195 0.140760183 -2.377027988 0.639369547 -0.101756476 -0.289917648 0.704840362
1413393939605760512.000000 -0.408329457 0.161249876 -2.400197983 0.633119643 -0.124206319 -0.298148304 0.703448653
1413393939655760384.000000 -0.430253029 0.175430059 -2.422101021 0.626847804 -0.142575294 -0.305478364 0.702436566
1413393939705760512.000000 -0.450648427 0.181923151 -2.440439224 0.621126175 -0.149823844 -0.314563274 0.702000737
1413393939755760384.000000 -0.470412731 0.179726362 -2.457556009 0.618161142 -0.146567658 -0.320207626 0.702753067
1413393939805760512.000000 -0.487858713 0.168090343 -2.472063541 0.620158672 -0.130527541 -0.317922950 0.705188572
1413393939855760384.000000 -0.502666116 0.148169279 -2.486588717 0.627772331 -0.103131346 -0.303118616 0.709496260
1413393939905760512.000000 -0.515159130 0.121371746 -2.499677658 -0.638883352 0.069093883 0.276656002 -0.714503825
1413393939955760384.000000 -0.524712920 0.092159033 -2.514353514 0.650799036 -0.030459553 -0.245034203 0.717977107
1413393940005760512.000000 -0.534411788 0.062205076 -2.527321815 0.661179483 0.004767825 -0.212921411 0.719363213
1413393940055760384.000000 -0.543081462 0.035182714 -2.540823460 0.670803845 0.034048028 -0.179282084 0.718833029
1413393940105760512.000000 -0.550491929 0.011446953 -2.554573536 0.678232312 0.057636343 -0.150366798 0.716986001
1413393940155760384.000000 -0.559332728 -0.005695105 -2.566148043 0.684442759 0.072405510 -0.125836700 0.714465380
1413393940205760512.000000 -0.565320253 -0.014100790 -2.577112198 0.688940108 0.084669493 -0.107382104 0.711801767
1413393940255760384.000000 -0.573422432 -0.015012980 -2.586312771 0.691137373 0.088078573 -0.098587431 0.710529268
1413393940305760512.000000 -0.581290841 -0.008145809 -2.593805552 0.690453231 0.080095075 -0.103560269 0.711431205
1413393940355760384.000000 -0.589515686 0.007591248 -2.599292278 0.686058223 0.063837990 -0.123040043 0.714219928
1413393940405760512.000000 -0.595435619 0.027607918 -2.604890585 0.678477228 0.041910745 -0.150264174 0.717866898
1413393940455760384.000000 -0.601861238 0.056299210 -2.607063055 0.669286668 0.013499502 -0.179383188 0.720898688
1413393940505760512.000000 -0.607191920 0.086605072 -2.608270884 0.657691061 -0.021450024 -0.211021602 0.722808719
1413393940555760384.000000 -0.612664223 0.119389534 -2.607954264 0.646323323 -0.057904106 -0.236700565 0.723108649
1413393940605760512.000000 -0.613568425 0.149359226 -2.605927229 0.636350393 -0.090667471 -0.253675729 0.722832084
1413393940655760384.000000 -0.613509774 0.175679207 -2.603638411 -0.628026009 0.116378643 0.264343768 -0.722607672
1413393940705760512.000000 -0.609268308 0.194536209 -2.599352121 0.622066617 -0.137755603 -0.268126935 0.722609580
1413393940755760384.000000 -0.603249192 0.207092285 -2.592557430 0.618117273 -0.156098917 -0.264936686 0.723445117
1413393940805760512.000000 -0.591707528 0.211303473 -2.582028866 0.617500365 -0.162303060 -0.257750183 0.725200593
1413393940855760384.000000 -0.575639963 0.207084179 -2.568260193 0.620419562 -0.148998022 -0.248731434 0.728705585
1413393940905760512.000000 -0.556271791 0.195800304 -2.550973415 -0.624664485 0.123911284 0.241522700 -0.732193351
1413393940955760384.000000 -0.534311652 0.180123806 -2.530784845 0.630872965 -0.093473330 -0.230633318 0.734894753
1413393941005760512.000000 -0.508870602 0.161287308 -2.508106947 0.638148367 -0.058793414 -0.215804651 0.736707807
1413393941055760384.000000 -0.482725143 0.141254902 -2.484446049 0.646490097 -0.024778193 -0.194878295 0.737196743
1413393941105760512.000000 -0.455197781 0.121888638 -2.459815502 0.653893292 0.007975468 -0.175018892 0.736022055
1413393941155760384.000000 -0.427767277 0.105316639 -2.434189081 0.660354853 0.034502406 -0.157120004 0.733521938
1413393941205760512.000000 -0.403399587 0.095435143 -2.405541658 0.665341914 0.054800250 -0.143162683 0.730630994
1413393941255760384.000000 -0.377868503 0.088411570 -2.378021717 0.667980015 0.065348431 -0.137616172 0.728418887
1413393941305760512.000000 -0.354364365 0.087569952 -2.349012613 0.667803168 0.061491765 -0.144904077 0.727503002
1413393941355760384.000000 -0.332197011 0.091993570 -2.319513321 0.665835857 0.047810044 -0.159326971 0.727318227
1413393941405760512.000000 -0.310962677 0.101080418 -2.289572954 0.662030160 0.027563859 -0.178837076 0.727305710
1413393941455760384.000000 -0.296470016 0.115516305 -2.256633520 0.656777084 0.004849806 -0.199994728 0.727064312
1413393941505760512.000000 -0.276244164 0.130069733 -2.225483894 0.649731457 -0.020598207 -0.224145025 0.726074219
1413393941555760384.000000 -0.255255997 0.144593120 -2.194014788 0.642335415 -0.044378765 -0.246216655 0.724439859
1413393941605760512.000000 -0.235227495 0.158535242 -2.160949945 0.635314047 -0.065608874 -0.265371829 0.722253025
1413393941655760384.000000 -0.211860776 0.167858839 -2.129230499 0.629415154 -0.081619598 -0.280388266 0.720109224
1413393941705760512.000000 -0.190145165 0.174145103 -2.095426321 0.623680472 -0.093803383 -0.291492820 0.719204783
1413393941755760384.000000 -0.168864965 0.174105525 -2.061325073 0.617451489 -0.102944441 -0.300822079 0.719487488
1413393941805760512.000000 -0.153811425 0.172342300 -2.024327040 0.612386942 -0.107624076 -0.307427049 0.720338821
1413393941855760384.000000 -0.134925187 0.159903407 -1.988146424 0.610295951 -0.105156623 -0.307347387 0.722508550
1413393941905760512.000000 -0.116429538 0.140775919 -1.951186061 0.613465190 -0.092251100 -0.297305793 0.725782037
1413393941955760384.000000 -0.097428828 0.115667343 -1.914476991 -0.618583858 0.073457025 0.282432318 -0.729513586
1413393942005760512.000000 -0.078648880 0.086928010 -1.877256155 0.625777006 -0.049182612 -0.262194425 0.732965410
1413393942055760384.000000 -0.057703003 0.054794908 -1.841367364 0.633786142 -0.020008102 -0.237777770 0.735783041
1413393942105760512.000000 -0.037930842 0.024006724 -1.804677129 0.640571892 0.009254659 -0.213817507 0.737471461
1413393942155760384.000000 -0.016983323 -0.006843328 -1.769640684 0.645741343 0.035513293 -0.192480192 0.738043606
1413393942205760512.000000 0.003637746 -0.034362078 -1.735447288 0.649420500 0.058037832 -0.174504027 0.737857103
1413393942255760384.000000 0.019593626 -0.054776907 -1.699167252 0.650756180 0.074662499 -0.164030224 0.737587988
1413393942305760512.000000 0.039735302 -0.072601914 -1.666970491 0.651627898 0.085303724 -0.156101629 0.737385094
1413393942355760384.000000 0.059696794 -0.084344029 -1.636093616 0.651352704 0.090137996 -0.153751910 0.737546742
1413393942405760512.000000 0.076596484 -0.087087989 -1.604998350 0.649809837 0.088200569 -0.157900482 0.738265038
1413393942455760384.000000 0.094893843 -0.085961819 -1.576495767 0.646556973 0.078792028 -0.168111637 0.739928663
1413393942505760512.000000 0.112762220 -0.079483747 -1.549649239 0.642673671 0.065231875 -0.182155713 0.741306067
1413393942555760384.000000 0.125925004 -0.065801740 -1.522690296 0.637333512 0.046304747 -0.200350761 0.742644966
1413393942605760512.000000 0.140335783 -0.051822543 -1.497220516 0.630316615 0.022286700 -0.221169829 0.743833482
1413393942655760384.000000 0.153106451 -0.035961628 -1.472156167 0.623213649 -0.002408516 -0.240538538 0.744137287
1413393942705760512.000000 0.158731550 -0.022781014 -1.449093461 0.615727901 -0.024180990 -0.259452879 0.743625343
1413393942755760384.000000 0.168799549 -0.008944035 -1.425205469 0.609524548 -0.043456063 -0.274386793 0.742498040
1413393942805760512.000000 0.176535606 0.001630545 -1.401043177 0.604074419 -0.058354720 -0.287876487 0.740821183
1413393942855760384.000000 0.179838881 0.007762671 -1.376432180 0.600115836 -0.069129534 -0.297167897 0.739441276
1413393942905760512.000000 0.182648614 0.010299981 -1.351414680 0.597056508 -0.077597566 -0.304894626 0.737930596
1413393942955760384.000000 0.182584628 0.008819163 -1.325672626 -0.595575154 0.083840594 0.309001923 -0.736735284
1413393943005760512.000000 0.181949362 0.001123369 -1.299904943 -0.596602380 0.082043067 0.308527291 -0.736305237
1413393943055760384.000000 0.182204217 -0.013087809 -1.274889469 -0.603127539 0.068331741 0.297747135 -0.736827433
1413393943105760512.000000 0.183018297 -0.036353528 -1.252758861 0.611525297 -0.046754811 -0.282060117 0.737762153
1413393943155760384.000000 0.185900450 -0.059297502 -1.230023265 0.621837378 -0.021258056 -0.260172755 0.738360703
1413393943205760512.000000 0.188978970 -0.084685445 -1.208119035 0.631444752 0.005027079 -0.238515079 0.737809479
1413393943255760384.000000 0.192363545 -0.108914077 -1.187446356 0.639197052 0.031116616 -0.217557400 0.736971974
1413393943305760512.000000 0.195011079 -0.131138146 -1.167755008 0.645620406 0.050545394 -0.197957397 0.735820889
1413393943355760384.000000 0.199773282 -0.152178049 -1.152071834 0.651413679 0.068247020 -0.180636749 0.733739018
1413393943405760512.000000 0.202299669 -0.166040063 -1.135048628 0.655043542 0.080277257 -0.167345405 0.732440531
1413393943455760384.000000 0.205093116 -0.175724387 -1.119577527 0.657081783 0.087661974 -0.159236148 0.731575608
1413393943505760512.000000 0.209139273 -0.179110527 -1.106073380 0.655765831 0.085095592 -0.162869781 0.732259095
1413393943555760384.000000 0.207982555 -0.177198172 -1.091470361 0.650705159 0.071623974 -0.177505508 0.734809279
1413393943605760512.000000 0.202990949 -0.170753002 -1.076390624 0.644853055 0.055650923 -0.194529578 0.737038553
1413393943655760384.000000 0.203898653 -0.160744965 -1.064353824 0.637137890 0.032956824 -0.216286629 0.739046156
1413393943705760512.000000 0.201307669 -0.148594260 -1.053024173 0.628516674 0.009860790 -0.237541229 0.740569949
1413393943755760384.000000 0.199408412 -0.136360466 -1.043536901 0.620122790 -0.013645512 -0.256256878 0.741346061
1413393943805760512.000000 0.199103311 -0.126077414 -1.034345031 0.611650109 -0.034404606 -0.273219854 0.741654575
1413393943855760384.000000 0.199236989 -0.117918730 -1.026638150 0.603344202 -0.049169045 -0.284713954 0.743300855
1413393943905760512.000000 0.201577172 -0.114129663 -1.019763350 0.595411301 -0.059897155 -0.291189402 0.746395648
1413393943955760384.000000 0.209969893 -0.113259196 -1.015510321 0.588563859 -0.062533163 -0.293662280 0.750629544
1413393944005760512.000000 0.217681199 -0.121380687 -1.010733008 -0.585181177 0.058361288 0.285392731 -0.756774783
1413393944055760384.000000 0.225985199 -0.133377254 -1.006102920 0.583355188 -0.048832398 -0.271433145 0.763960898
1413393944105760512.000000 0.234390885 -0.150832772 -1.001276970 0.583090544 -0.038453367 -0.251606286 0.771505773
1413393944155760384.000000 0.244507998 -0.169424236 -0.997415066 0.583669186 -0.027564706 -0.226247102 0.779347658
1413393944205760512.000000 0.255369872 -0.188793004 -0.993179858 0.583826721 -0.015483568 -0.199377894 0.786864102
1413393944255760384.000000 0.267604470 -0.207791805 -0.988560796 0.582736015 0.000636252 -0.174613714 0.793680370
1413393944305760512.000000 0.284137428 -0.222806990 -0.984968543 0.580294728 0.016930766 -0.151615262 0.799990177
1413393944355760384.000000 0.296926320 -0.236852527 -0.978482604 0.575856328 0.032707285 -0.133364961 0.805936456
1413393944405760512.000000 0.310145706 -0.246836483 -0.971985996 0.569797158 0.045884050 -0.121411487 0.811471045
1413393944455760384.000000 0.322399795 -0.252544343 -0.965541661 0.563752055 0.053193748 -0.113086149 0.816434681
1413393944505760512.000000 0.333951592 -0.253389060 -0.958694816 0.554998577 0.056889985 -0.116342433 0.821708322
1413393944555760384.000000 0.344183505 -0.249286592 -0.951663852 0.544389904 0.051839668 -0.129497841 0.827153325
1413393944605760512.000000 0.351230621 -0.241884649 -0.944308043 0.532570422 0.040971152 -0.147888526 0.832357526
1413393944655760384.000000 0.359360933 -0.230931312 -0.938172519 0.521446168 0.023232341 -0.166639581 0.836531818
1413393944705760512.000000 0.366871357 -0.218011469 -0.933176994 0.510845900 0.002118506 -0.185534760 0.839409888
1413393944755760384.000000 0.374944299 -0.205286354 -0.928804994 0.501034796 -0.018192448 -0.201945141 0.841339052
1413393944805760512.000000 0.382507086 -0.194391817 -0.925456345 0.492958516 -0.037482154 -0.215056673 0.842221856
1413393944855760384.000000 0.392715454 -0.185539305 -0.921599865 0.486204773 -0.053128246 -0.225289404 0.842630982
1413393944905760512.000000 0.404241443 -0.180312634 -0.917509973 -0.480933487 0.065346226 0.232673898 -0.842790484
1413393944955760384.000000 0.414323896 -0.180801243 -0.910826802 0.476992756 -0.075097747 -0.235778451 0.843354464
1413393945005760512.000000 0.430495679 -0.184895545 -0.904870629 0.474310219 -0.076613523 -0.234582141 0.845062971
1413393945055760384.000000 0.449766338 -0.194332331 -0.897679806 -0.474012345 0.064574197 0.227021292 -0.848294675
1413393945105760512.000000 0.472298145 -0.204485893 -0.891949296 0.475067854 -0.042512815 -0.214171827 0.852428079
1413393945155760384.000000 0.491944045 -0.219579667 -0.882580757 0.475733876 -0.015440607 -0.197500616 0.856990337
1413393945205760512.000000 0.508958220 -0.235038757 -0.873078287 0.475281775 0.014791658 -0.178856075 0.861335576
1413393945255760384.000000 0.523068547 -0.253136039 -0.861572564 0.473052233 0.044045031 -0.159889907 0.865284324
1413393945305760512.000000 0.532476008 -0.265407622 -0.851802945 0.468993187 0.068105958 -0.142939955 0.868893087
1413393945355760384.000000 0.531980574 -0.277224541 -0.836555660 0.462013930 0.085334845 -0.130923718 0.872994959
1413393945405760512.000000 0.531475842 -0.282731771 -0.827935457 0.452853441 0.092371203 -0.122895457 0.878230095
1413393945455760384.000000 0.526280999 -0.284583658 -0.820438266 0.442494929 0.091523044 -0.118043259 0.884244084
1413393945505760512.000000 0.516003728 -0.283016831 -0.813922763 0.431283057 0.080074370 -0.115387648 0.891217589
1413393945555760384.000000 0.502569854 -0.277881682 -0.808909953 0.418522805 0.063439265 -0.116394222 0.898480117
1413393945605760512.000000 0.488534451 -0.269892216 -0.805846870 0.404684961 0.046736877 -0.120144777 0.905323744
1413393945655760384.000000 0.474216461 -0.259066254 -0.804744005 0.389719397 0.030936630 -0.125286177 0.911847115
1413393945705760512.000000 0.463173717 -0.254374087 -0.803763032 0.373845637 0.014503928 -0.131481349 0.918009698
1413393945755760384.000000 0.449642479 -0.241440609 -0.804616213 0.357533872 -0.002738313 -0.137546301 0.923711538
1413393945805760512.000000 0.435360849 -0.229499981 -0.805369556 -0.341015011 0.020155776 0.143289804 -0.928854465
1413393945855760384.000000 0.422620267 -0.218824163 -0.805961847 -0.324626774 0.036374334 0.147137225 -0.933619320
1413393945905760512.000000 0.412017494 -0.210433275 -0.805654883 -0.308999687 0.047011450 0.150154367 -0.937956691
1413393945955760384.000000 0.410302073 -0.204426259 -0.805591762 0.297006607 -0.045817818 -0.145555332 0.942603588
1413393946005760512.000000 0.407001972 -0.201917589 -0.803258717 0.285985082 -0.032739606 -0.138973087 0.947537482
1413393946055760384.000000 0.408075660 -0.201888949 -0.798150539 0.276888669 -0.012014188 -0.129122406 0.952111185
1413393946105760512.000000 0.408348083 -0.203225717 -0.794838190 0.267670423 0.011876672 -0.118365712 0.956138611
1413393946155760384.000000 0.410080850 -0.205332071 -0.791991651 0.258409172 0.037242454 -0.106680363 0.959404528
1413393946205760512.000000 0.410318166 -0.207347304 -0.791330874 0.248177156 0.061461557 -0.095014535 0.962082624
1413393946255760384.000000 0.408762157 -0.208540142 -0.793058455 0.236864626 0.078479439 -0.084812686 0.964646578
1413393946305760512.000000 0.404200375 -0.208686903 -0.796991765 0.223519504 0.085322395 -0.077906758 0.967827260
1413393946355760384.000000 0.397448927 -0.207775682 -0.804039657 0.211386755 0.083087355 -0.067322381 0.971534848
1413393946405760512.000000 0.387781918 -0.205492958 -0.814001322 0.197694734 0.071196489 -0.058201373 0.975940883
1413393946455760384.000000 0.377081662 -0.202052355 -0.826363266 0.184059307 0.055980552 -0.048081018 0.980141103
1413393946505760512.000000 0.365060896 -0.193420932 -0.837748826 0.167981401 0.039200261 -0.040762343 0.984166682
1413393946555760384.000000 0.353944749 -0.186964497 -0.853344083 0.150242016 0.019439647 -0.035581030 0.987817585
1413393946605760512.000000 0.341912925 -0.179086328 -0.868133664 0.130795300 -0.001661468 -0.034002274 0.990824819
1413393946655760384.000000 0.331705898 -0.171221852 -0.882716596 0.109347895 -0.023492295 -0.033792548 0.993151188
1413393946705760512.000000 0.323284835 -0.163072094 -0.895100296 -0.086423568 0.043043524 0.035496399 -0.994695127
1413393946755760384.000000 0.314129025 -0.152094379 -0.907592356 0.063372359 -0.057588823 -0.037186757 0.995632827
1413393946805760512.000000 0.312417358 -0.145252421 -0.915567756 0.041247778 -0.064278856 -0.035947178 0.996430933
1413393946855760384.000000 0.311678976 -0.137043521 -0.921850145 0.020587806 -0.063974045 -0.032989621 0.997193694
1413393946905760512.000000 0.316913813 -0.133094445 -0.923815787 0.001895663 -0.053442888 -0.029105434 0.998144925
1413393946955760384.000000 0.322153181 -0.127177238 -0.930162370 -0.015062602 -0.033433679 -0.023642045 0.999047756
1413393947005760512.000000 0.331465811 -0.126412556 -0.927805364 -0.030882278 -0.004233768 -0.017821660 0.999355197
1413393947055760384.000000 0.338247180 -0.125599876 -0.924884319 0.046426877 -0.024629205 0.012090733 -0.998544812
1413393947105760512.000000 0.340093225 -0.125333339 -0.922879338 -0.061977301 0.049478736 -0.006541924 0.996828973
1413393947155760384.000000 0.338711739 -0.126955375 -0.918581128 -0.078081936 0.066313878 -0.000217591 0.994738996
1413393947205760512.000000 0.331831336 -0.129434183 -0.915175200 0.094393469 -0.073703296 -0.006380995 -0.992782474
1413393947255760384.000000 0.320469379 -0.133406132 -0.913634300 0.110773824 -0.076747604 -0.012887860 -0.990794063
1413393947305760512.000000 0.301018625 -0.137793258 -0.919935763 -0.127307251 0.076738656 0.019989109 0.988688290
1413393947355760384.000000 0.282214135 -0.144133002 -0.921711266 -0.144045770 0.076533869 0.027762767 0.986216307
1413393947405760512.000000 0.259103149 -0.152112931 -0.925463796 0.159632325 -0.074075907 -0.038704962 -0.983632207
1413393947455760384.000000 0.232304603 -0.160890788 -0.929977417 0.172767133 -0.067845576 -0.057089772 -0.980963469
1413393947505760512.000000 0.203286558 -0.170120925 -0.936198771 0.185262218 -0.059832763 -0.077767476 -0.977778196
1413393947555760384.000000 0.171512321 -0.177168325 -0.948520124 -0.197220549 0.052730370 0.098327555 0.973989367
1413393947605760512.000000 0.142350167 -0.185287729 -0.959259570 -0.209846914 0.045296509 0.118648849 0.969450891
1413393947655760384.000000 0.111726090 -0.191649973 -0.973291814 0.222625956 -0.034565978 -0.138150558 -0.964446664
1413393947705760512.000000 0.082676470 -0.194090158 -0.988362312 -0.236645594 0.019284202 0.152366698 0.959380746
1413393947755760384.000000 0.054101657 -0.194421411 -1.005739689 -0.254232615 0.002399716 0.159055158 0.953971446
1413393947805760512.000000 0.028174970 -0.191007286 -1.023233175 -0.273544520 -0.013647633 0.158049241 0.948687375
1413393947855760384.000000 0.004544087 -0.184713334 -1.042387962 -0.294304192 -0.025697544 0.152027830 0.943192601
1413393947905760512.000000 -0.016253076 -0.175157532 -1.061093330 0.314484715 0.032539014 -0.145282552 -0.937514544
1413393947955760384.000000 -0.032272190 -0.162448183 -1.078291416 -0.333629876 -0.033413913 0.137438357 0.932032943
1413393948005760512.000000 -0.046328038 -0.149064839 -1.094305754 -0.353985369 -0.028262757 0.120527945 0.927021444
1413393948055760384.000000 -0.057913601 -0.135192126 -1.107025504 0.372542232 0.021175399 -0.103817023 -0.921946824
1413393948105760512.000000 -0.068368055 -0.122184485 -1.117851973 0.388487637 0.014410814 -0.090977788 -0.916838467
1413393948155760384.000000 -0.077549323 -0.110885188 -1.126446009 0.401392996 0.005763348 -0.084895805 -0.911944747
1413393948205760512.000000 -0.080197856 -0.100250676 -1.133412242 -0.411883563 0.005561753 0.083033420 0.907428563
1413393948255760384.000000 -0.086620040 -0.093598381 -1.138167024 -0.420533121 0.018828407 0.083598144 0.903221309
1413393948305760512.000000 -0.092512853 -0.089880899 -1.141826630 0.427122474 -0.034110233 -0.087771140 -0.899277091
1413393948355760384.000000 -0.097355574 -0.089250267 -1.145550370 0.433504462 -0.050671685 -0.091098621 -0.895101905
1413393948405760512.000000 -0.101754569 -0.091938674 -1.149841905 0.440429479 -0.065691069 -0.092835456 -0.890555024
1413393948455760384.000000 -0.106409483 -0.098095447 -1.154770255 0.446638852 -0.076495998 -0.096034326 -0.886250317
1413393948505760512.000000 -0.111514948 -0.107710779 -1.160753489 0.452846557 -0.082007810 -0.100599192 -0.882091045
1413393948555760384.000000 -0.117669605 -0.120759934 -1.167809844 0.457348168 -0.079390027 -0.110328503 -0.878838778
1413393948605760512.000000 -0.125402987 -0.136349887 -1.175630808 0.462107062 -0.066740222 -0.121053480 -0.875984550
1413393948655760384.000000 -0.134045780 -0.153435558 -1.184045076 0.466941357 -0.046641722 -0.133908659 -0.872845232
1413393948705760512.000000 -0.142560795 -0.172598451 -1.198841572 -0.471602499 0.025201082 0.146600440 0.869174540
1413393948755760384.000000 -0.151173860 -0.193135500 -1.208412528 -0.476859361 0.004605464 0.158854499 0.864493608
1413393948805760512.000000 -0.159371018 -0.213893622 -1.217973709 0.482161015 0.013309220 -0.171487853 -0.859031796
1413393948855760384.000000 -0.165925607 -0.232855707 -1.226309299 0.487350762 0.027072618 -0.185091898 -0.852934539
1413393948905760512.000000 -0.169052809 -0.249187499 -1.234115958 0.493940502 0.034920987 -0.196246490 -0.846339643
1413393948955760384.000000 -0.170547217 -0.263701439 -1.241362333 0.502074718 0.036857896 -0.204656854 -0.839451134
1413393949005760512.000000 -0.169879586 -0.275660902 -1.248294592 0.513386428 0.029911580 -0.206807673 -0.832328200
1413393949055760384.000000 -0.167493686 -0.285553873 -1.254903555 0.526712775 0.020890091 -0.203053445 -0.825170696
1413393949105760512.000000 -0.162856460 -0.292511582 -1.260974884 0.540912688 0.008699715 -0.197601065 -0.817491055
1413393949155760384.000000 -0.156624749 -0.298668712 -1.267208099 0.555259466 -0.003687408 -0.190198347 -0.809628308
1413393949205760512.000000 -0.148151249 -0.304798752 -1.272329688 -0.568763554 0.017105207 0.182858810 0.801734507
1413393949255760384.000000 -0.141588643 -0.312245727 -1.277574062 -0.581428051 0.029403137 0.177176923 0.793527126
1413393949305760512.000000 -0.133564711 -0.320367634 -1.282489061 -0.594172060 0.042206571 0.169477075 0.785146952
1413393949355760384.000000 -0.126493439 -0.331315577 -1.288632393 0.605540037 -0.053881727 -0.164197877 -0.776825070
1413393949405760512.000000 -0.119045064 -0.344957113 -1.293667316 0.616330624 -0.066412233 -0.159294903 -0.768343091
1413393949455760384.000000 -0.112034589 -0.361881733 -1.298312545 0.625268161 -0.078574538 -0.157688156 -0.760263324
1413393949505760512.000000 -0.106743976 -0.382602036 -1.302481890 0.630737841 -0.087333485 -0.163964927 -0.753430963
1413393949555760384.000000 -0.103921369 -0.406926334 -1.306063294 0.631951690 -0.088217787 -0.180296615 -0.748563886
1413393949605760512.000000 -0.102312542 -0.434410691 -1.309751987 0.631017447 -0.085458092 -0.199466631 -0.744800031
1413393949655760384.000000 -0.101941459 -0.464287162 -1.314705729 0.628461123 -0.081480786 -0.218485132 -0.742065907
1413393949705760512.000000 -0.101185836 -0.492151976 -1.323426962 0.625073731 -0.079445995 -0.238817006 -0.738875926
1413393949755760384.000000 -0.101984888 -0.524877846 -1.333206654 0.622102439 -0.079759903 -0.257943541 -0.734909594
1413393949805760512.000000 -0.102981932 -0.557117760 -1.345994711 0.619645417 -0.082264148 -0.276156843 -0.730075061
1413393949855760384.000000 -0.107200578 -0.593105495 -1.365527153 0.617519259 -0.088220708 -0.294088751 -0.724153936
1413393949905760512.000000 -0.111333460 -0.626291573 -1.388432384 0.615608990 -0.092631131 -0.310151309 -0.718506277
1413393949955760384.000000 -0.116222166 -0.658371449 -1.417008638 0.613796771 -0.096452512 -0.323277384 -0.713752210
1413393950005760512.000000 -0.121503368 -0.682188094 -1.450658083 0.614330649 -0.095555678 -0.331254989 -0.709744394
1413393950055760384.000000 -0.127288550 -0.708215892 -1.493232846 0.618794203 -0.084292926 -0.328987271 -0.708347261
1413393950105760512.000000 -0.133869827 -0.733621776 -1.542160988 0.627207100 -0.063633434 -0.316385120 -0.708845913
1413393950155760384.000000 -0.141995624 -0.757180810 -1.595413804 0.633853376 -0.039025258 -0.305900842 -0.709317684
1413393950205760512.000000 -0.150312483 -0.778290272 -1.651940227 0.639736235 -0.014452162 -0.294314355 -0.709864676
1413393950255760384.000000 -0.162934303 -0.794044495 -1.706178188 0.644617558 0.008928475 -0.283037335 -0.710125685
1413393950305760512.000000 -0.171585530 -0.809418261 -1.764752150 0.648008168 0.026612189 -0.275432944 -0.709587157
1413393950355760384.000000 -0.181894243 -0.821661651 -1.821436644 0.649122953 0.036286872 -0.274288267 -0.708582222
1413393950405760512.000000 -0.193552464 -0.830706239 -1.876863241 0.649441540 0.040887978 -0.275408000 -0.707604647
1413393950455760384.000000 -0.206024349 -0.836513162 -1.930771232 0.650094688 0.041647762 -0.276113063 -0.706685185
1413393950505760512.000000 -0.223428220 -0.835409403 -1.981296062 0.651706040 0.036678102 -0.275093079 -0.705873728
1413393950555760384.000000 -0.238965750 -0.833596110 -2.032034636 0.654228210 0.029236669 -0.272086322 -0.705052972
1413393950605760512.000000 -0.255807072 -0.828348160 -2.081331968 0.657613516 0.020023054 -0.266010463 -0.704543829
1413393950655760384.000000 -0.274214476 -0.820790172 -2.129553556 0.661583304 0.009303443 -0.258554161 -0.703825891
1413393950705760512.000000 -0.295830756 -0.809400797 -2.175527573 0.665373206 -0.000441164 -0.250694752 -0.703157485
1413393950755760384.000000 -0.318447053 -0.798320413 -2.220572472 0.668414772 -0.006479852 -0.244012058 -0.702593684
1413393950805760512.000000 -0.343651354 -0.787232995 -2.264013529 0.671400189 -0.010555504 -0.238397568 -0.701624513
1413393950855760384.000000 -0.371836543 -0.775334716 -2.305276871 0.673467517 -0.013147323 -0.234194517 -0.701014757
1413393950905760512.000000 -0.405372739 -0.759871721 -2.345029593 0.675589561 -0.011280121 -0.229677945 -0.700499594
1413393950955760384.000000 -0.437116861 -0.747479677 -2.383091927 0.678800762 -0.004965931 -0.223205850 -0.699559927
1413393951005760512.000000 -0.468767941 -0.734850407 -2.419345140 0.681197703 0.003532207 -0.217711940 -0.698969841
1413393951055760384.000000 -0.499322772 -0.722205520 -2.453397751 0.682925045 0.010375530 -0.214522675 -0.698201895
1413393951105760512.000000 -0.529901743 -0.707818747 -2.487124920 0.682660937 0.012017669 -0.216785088 -0.697734892
1413393951155760384.000000 -0.556767106 -0.694050193 -2.517719746 0.682036042 0.008702421 -0.219700366 -0.697483361
1413393951205760512.000000 -0.581871152 -0.679622889 -2.546609163 0.681665301 0.004596128 -0.222687602 -0.696937263
1413393951255760384.000000 -0.605545819 -0.664594889 -2.574150562 0.681467116 0.000241098 -0.225320473 -0.696299613
1413393951305760512.000000 -0.627269983 -0.649432898 -2.600607872 0.681755602 -0.002499907 -0.227643728 -0.695256412
1413393951355760384.000000 -0.647334099 -0.634108305 -2.626222849 0.682148695 -0.003683011 -0.230136409 -0.694043875
1413393951405760512.000000 -0.665909410 -0.618651628 -2.651068211 0.682510793 -0.002444266 -0.233261257 -0.692648828
1413393951455760384.000000 -0.683732927 -0.602912903 -2.674835205 0.682649255 0.001634198 -0.236986458 -0.691248715
1413393951505760512.000000 -0.702134252 -0.586555481 -2.697102308 0.682422519 0.006256491 -0.240822509 -0.690119505
1413393951555760384.000000 -0.720790446 -0.570644855 -2.720362186 0.682187676 0.010401876 -0.243894443 -0.689222217
1413393951605760512.000000 -0.741570592 -0.551574230 -2.739223003 0.682857275 0.013652223 -0.245226234 -0.688028932
1413393951655760384.000000 -0.763333559 -0.531486511 -2.756511927 0.684379697 0.014358335 -0.244585335 -0.686728776
1413393951705760512.000000 -0.787753820 -0.510494709 -2.771087885 0.686537683 0.014203757 -0.241674393 -0.685607672
1413393951755760384.000000 -0.812249064 -0.489064217 -2.784388781 0.689063311 0.013955098 -0.238256752 -0.684273958
1413393951805760512.000000 -0.836527765 -0.466295958 -2.796005726 0.691302240 0.011199205 -0.236150742 -0.682794750
1413393951855760384.000000 -0.859187186 -0.442213774 -2.806386471 0.693418980 0.007269914 -0.234742671 -0.681185186
1413393951905760512.000000 -0.880879283 -0.417381048 -2.815536261 0.695384979 0.004419220 -0.234132305 -0.679413259
1413393951955760384.000000 -0.900961697 -0.391589880 -2.823515654 0.697048008 0.002085968 -0.234508395 -0.677588046
1413393952005760512.000000 -0.919312894 -0.365142822 -2.830491781 0.698894680 0.000070546 -0.234298512 -0.675759256
1413393952055760384.000000 -0.930688918 -0.341050148 -2.838753223 0.700781822 -0.001222399 -0.234455675 -0.673746169
1413393952105760512.000000 -0.944030464 -0.314150095 -2.844446421 0.702002883 -0.004335920 -0.235266462 -0.672177732
1413393952155760384.000000 -0.954059362 -0.287369490 -2.850271940 0.703864872 -0.005223259 -0.234673917 -0.670429051
1413393952205760512.000000 -0.961397469 -0.259551764 -2.855333567 0.704848468 -0.007757312 -0.236371160 -0.668772876
1413393952255760384.000000 -0.964868188 -0.232871294 -2.860749245 0.705721915 -0.010696815 -0.237880498 -0.667274475
1413393952305760512.000000 -0.965043485 -0.206591129 -2.866245747 0.705850542 -0.012554646 -0.239136830 -0.666656554
1413393952355760384.000000 -0.962238014 -0.180841684 -2.871487141 0.704544067 -0.014561460 -0.239310086 -0.667934358
1413393952405760512.000000 -0.952516913 -0.153829813 -2.882276773 0.701851130 -0.015050724 -0.238455087 -0.671057224
1413393952455760384.000000 -0.947861850 -0.127362967 -2.886679173 0.698960364 -0.014349588 -0.234912857 -0.675325513
1413393952505760512.000000 -0.943225682 -0.100876808 -2.890252829 0.694386184 -0.012861168 -0.231957346 -0.681071460
1413393952555760384.000000 -0.939632118 -0.075226068 -2.892878294 0.688880324 -0.010878877 -0.228892654 -0.687701762
1413393952605760512.000000 -0.934537411 -0.049274921 -2.895023823 0.683111131 -0.009078511 -0.224461630 -0.694905639
1413393952655760384.000000 -0.928979278 -0.023115635 -2.896242619 0.675993621 -0.007668522 -0.221152082 -0.702898026
1413393952705760512.000000 -0.922852933 0.002666235 -2.896406651 0.668534279 -0.006745900 -0.217490271 -0.711136043
1413393952755760384.000000 -0.908838332 0.027625799 -2.897079229 0.660207152 -0.006067311 -0.215794653 -0.719390333
1413393952805760512.000000 -0.902328193 0.052763462 -2.895399094 0.652730584 -0.005989683 -0.213716000 -0.726796031
1413393952855760384.000000 -0.896095276 0.077998400 -2.893405914 0.645839691 -0.006184230 -0.212927356 -0.733154058
1413393952905760512.000000 -0.889200449 0.102590561 -2.891036987 0.639038086 -0.010034068 -0.215178028 -0.738395691
1413393952955760384.000000 -0.881791770 0.127157211 -2.888385773 0.632172346 -0.014477272 -0.219338849 -0.742993355
1413393953005760512.000000 -0.873660982 0.151884794 -2.885834217 0.626222730 -0.019001976 -0.224045455 -0.746517062
1413393953055760384.000000 -0.863817871 0.175592899 -2.882852077 0.621043563 -0.022486912 -0.228784561 -0.749304295
1413393953105760512.000000 -0.856550395 0.200937271 -2.881089687 0.616888642 -0.025785005 -0.232514396 -0.751478910
1413393953155760384.000000 -0.852957726 0.226505756 -2.878778696 0.613768458 -0.028225010 -0.235631347 -0.752973795
1413393953205760512.000000 -0.853485823 0.253702641 -2.876499414 0.611148000 -0.030470824 -0.237996921 -0.754272640
1413393953255760384.000000 -0.858828783 0.280803680 -2.873309851 0.609074533 -0.033048466 -0.240423486 -0.755071282
1413393953305760512.000000 -0.866349936 0.308493614 -2.870517254 0.606425524 -0.036992345 -0.244817540 -0.755608439
1413393953355760384.000000 -0.873931885 0.335700035 -2.869442225 0.604871988 -0.041376598 -0.247480080 -0.755758941
1413393953405760512.000000 -0.879447818 0.363300085 -2.871539116 0.604710758 -0.046416249 -0.247724608 -0.755515099
1413393953455760384.000000 -0.885724187 0.382134914 -2.875145197 0.605561912 -0.050745305 -0.246535018 -0.754943848
1413393953505760512.000000 -0.885620475 0.409218311 -2.884704113 0.608392715 -0.052493900 -0.240348205 -0.754543245
1413393953555760384.000000 -0.883269966 0.435037613 -2.897442579 0.612785518 -0.051220018 -0.231450573 -0.753857434
1413393953605760512.000000 -0.878646076 0.462216854 -2.913801193 0.618656218 -0.046407361 -0.218944535 -0.753109694
1413393953655760384.000000 -0.873305440 0.487936735 -2.930922031 0.623408258 -0.041692745 -0.208713233 -0.752371430
1413393953705760512.000000 -0.867781878 0.512219906 -2.948741198 0.628013074 -0.038485255 -0.199006140 -0.751342177
1413393953755760384.000000 -0.866575360 0.529473782 -2.964437246 -0.631802976 0.037532888 0.191228777 0.750231922
1413393953805760512.000000 -0.865165114 0.550220728 -2.979989052 -0.633409917 0.036594797 0.186587349 0.750091970
1413393953855760384.000000 -0.866036832 0.568817854 -2.993911982 -0.633338988 0.036290579 0.182668447 0.751130521
1413393953905760512.000000 -0.869451225 0.584672451 -3.005859137 0.631339252 -0.037390292 -0.180102587 -0.753376245
1413393953955760384.000000 -0.875299931 0.598830938 -3.016276598 0.627606332 -0.034700762 -0.179951504 -0.756652951
1413393954005760512.000000 -0.882887721 0.610910892 -3.025335789 0.621883154 -0.027329706 -0.183745027 -0.760757744
1413393954055760384.000000 -0.889959753 0.620810747 -3.033481121 0.615268290 -0.020292815 -0.186867177 -0.765580773
1413393954105760512.000000 -0.896600008 0.629439354 -3.040722609 0.607287705 -0.012768175 -0.193117365 -0.770548046
1413393954155760384.000000 -0.904349685 0.636983633 -3.047475815 -0.598740816 0.003122454 0.198992953 0.775823176
1413393954205760512.000000 -0.908922732 0.644737720 -3.053381681 -0.589027584 -0.007067398 0.205680743 0.781467855
1413393954255760384.000000 -0.911674380 0.652948380 -3.058910131 -0.578347564 -0.016726341 0.211881772 0.787616968
1413393954305760512.000000 -0.912152469 0.662042379 -3.063747883 0.567467928 0.024621598 -0.215736657 -0.794249117
1413393954355760384.000000 -0.911098599 0.673409224 -3.067538500 0.556297779 0.031147324 -0.218108341 -0.801243663
1413393954405760512.000000 -0.908710003 0.686969757 -3.070212603 0.544953942 0.036395840 -0.217961133 -0.808822274
1413393954455760384.000000 -0.905209720 0.706674576 -3.071532726 -0.533138335 -0.040078644 0.216097623 0.816981673
1413393954505760512.000000 -0.900243044 0.724808693 -3.071915150 -0.521409512 -0.042920537 0.212276548 0.825365841
1413393954555760384.000000 -0.894122481 0.745596170 -3.070661783 -0.509123862 -0.046231028 0.208319262 0.833821714
1413393954605760512.000000 -0.887083173 0.768293381 -3.068165302 0.497260362 0.048206955 -0.204578996 -0.841757476
1413393954655760384.000000 -0.878812909 0.794256687 -3.064374447 0.486684948 0.049108200 -0.199640498 -0.849040568
1413393954705760512.000000 -0.869970918 0.823582411 -3.058793783 0.477054715 0.051286168 -0.195771590 -0.855255544
1413393954755760384.000000 -0.860356092 0.855972648 -3.052081108 0.469153404 0.052985448 -0.192818984 -0.860179365
1413393954805760512.000000 -0.850598216 0.897131085 -3.040122747 -0.462083280 -0.054501381 0.190659314 0.864382863
1413393954855760384.000000 -0.839740753 0.934983850 -3.029801369 -0.456617951 -0.055891104 0.188400373 0.867687523
1413393954905760512.000000 -0.828042328 0.975930810 -3.017642021 -0.452336460 -0.057108242 0.186028078 0.870358586
1413393954955760384.000000 -0.815653622 1.019094706 -3.003948450 0.449751168 0.055712372 -0.182461649 -0.872541010
1413393955005760512.000000 -0.800329089 1.065676451 -2.987073898 -0.448674560 -0.049870353 0.177137807 0.874543488
1413393955055760384.000000 -0.783715248 1.113795280 -2.969315052 -0.448023260 -0.040513810 0.168965816 0.876974523
1413393955105760512.000000 -0.766963482 1.163353086 -2.949379921 -0.446473241 -0.032234658 0.161617622 0.879489839
1413393955155760384.000000 -0.750738084 1.216801405 -2.922811508 -0.444412440 -0.024853455 0.154055506 0.882126331
1413393955205760512.000000 -0.733545721 1.267714739 -2.899187088 -0.440285236 -0.016653579 0.151185453 0.884881139
1413393955255760384.000000 -0.715999782 1.318569183 -2.874128342 -0.434222788 -0.009501861 0.151168674 0.887979925
1413393955305760512.000000 -0.699100077 1.370237708 -2.847531319 -0.427574873 -0.002376359 0.152172163 0.891076684
1413393955355760384.000000 -0.681078076 1.421122909 -2.821070433 -0.419778824 0.001317247 0.151882291 0.894827247
1413393955405760512.000000 -0.662775755 1.471781611 -2.794340372 -0.411250412 0.003648082 0.149670184 0.899143338
1413393955455760384.000000 -0.644218266 1.524737477 -2.764923096 -0.401800990 0.008227067 0.142999828 0.904455245
1413393955505760512.000000 -0.623327851 1.574886441 -2.738011599 -0.390551597 0.014945252 0.134077147 0.910642385
1413393955555760384.000000 -0.603379309 1.624144316 -2.711207151 -0.377727330 0.022675134 0.123459309 0.917368948
1413393955605760512.000000 -0.588367999 1.674405694 -2.679808378 -0.364131689 0.030237371 0.108574346 0.924502850
1413393955655760384.000000 -0.573252797 1.721001029 -2.652615309 -0.350610197 0.034741521 0.092156202 0.931328475
1413393955705760512.000000 -0.561173379 1.766156316 -2.625197649 -0.339477867 0.032964513 0.073884636 0.937128186
1413393955755760384.000000 -0.552578270 1.809088230 -2.597910643 0.330749303 -0.028039521 -0.054193679 -0.941744030
1413393955805760512.000000 -0.546626151 1.849722147 -2.566111088 -0.323485225 0.021288518 0.036020659 0.945307732
1413393955855760384.000000 -0.543333530 1.886303902 -2.537588120 -0.316861302 0.011668793 0.022600614 0.948130786
1413393955905760512.000000 -0.541440129 1.918954968 -2.507912874 -0.308567077 0.001637946 0.019092919 0.951009572
1413393955955760384.000000 -0.540035725 1.947783709 -2.476238489 0.297010571 0.004625321 -0.027594656 -0.954464197
1413393956005760512.000000 -0.536693215 1.972585678 -2.443713903 0.284882039 0.008883012 -0.040550236 -0.957663298
1413393956055760384.000000 -0.531138778 1.994701982 -2.410135746 0.272566587 0.010085549 -0.053574637 -0.960591197
1413393956105760512.000000 -0.523703516 2.015063286 -2.375627279 0.260817677 0.009274490 -0.064546436 -0.963183224
1413393956155760384.000000 -0.509778023 2.035611868 -2.336639166 -0.249175161 -0.008577757 0.072414979 0.965709269
1413393956205760512.000000 -0.499227166 2.053534031 -2.300394297 -0.237059474 -0.006903522 0.076298364 0.968469799
1413393956255760384.000000 -0.486489713 2.071285725 -2.263732433 -0.225548521 -0.000723389 0.074490078 0.971379817
1413393956305760512.000000 -0.473056018 2.088835239 -2.226556778 0.213769794 -0.006988555 -0.068817750 -0.974432051
1413393956355760384.000000 -0.457756490 2.106291056 -2.191592693 -0.200737700 0.016206600 0.061922673 0.977551758
1413393956405760512.000000 -0.442541182 2.122410297 -2.155357838 -0.187198386 0.024813646 0.054083746 0.980518281
1413393956455760384.000000 -0.427369028 2.137815237 -2.119194508 0.172687396 -0.032257795 -0.045930445 -0.983376265
1413393956505760512.000000 -0.413382053 2.151914835 -2.083694696 0.156451717 -0.035781961 -0.039008189 -0.986266196
1413393956555760384.000000 -0.398050755 2.161571980 -2.055697918 -0.139148146 0.035148565 0.033779074 0.989071012
1413393956605760512.000000 -0.385793149 2.173483133 -2.021646500 -0.120754495 0.032413371 0.029020134 0.991728544
1413393956655760384.000000 -0.374201357 2.184747696 -1.988382339 0.101499304 -0.026853789 -0.023979438 -0.994184017
1413393956705760512.000000 -0.363713056 2.195151329 -1.955280662 0.082432762 -0.019280290 -0.019343460 -0.996222377
1413393956755760384.000000 -0.351844847 2.202894688 -1.928621054 -0.063564584 0.010484187 0.014788510 0.997813165
1413393956805760512.000000 -0.341736436 2.211886406 -1.897050500 -0.044424780 0.004156192 0.010338149 0.998950660
1413393956855760384.000000 -0.331083924 2.220117331 -1.866759062 0.025170349 0.000551031 -0.008061355 -0.999650598
1413393956905760512.000000 -0.320045620 2.228420258 -1.835857987 0.005605971 0.003109214 -0.006288182 -0.999959767
1413393956955760384.000000 -0.306677580 2.232331276 -1.814069033 0.013463446 -0.004772801 0.004999841 0.999885499
1413393957005760512.000000 -0.295237780 2.241164446 -1.783107400 0.031487953 -0.005922712 0.001357077 0.999485731
1413393957055760384.000000 -0.283196151 2.250319481 -1.753038883 -0.049519725 0.007590187 0.003171569 -0.998739302
1413393957105760512.000000 -0.270927101 2.259991169 -1.722049952 -0.066942587 0.008813795 0.011992526 -0.997645915
1413393957155760384.000000 -0.257333905 2.268739939 -1.692824006 0.084395215 -0.009562713 -0.021658642 0.996151030
1413393957205760512.000000 -0.243671596 2.278157473 -1.660128832 0.103238724 -0.009325668 -0.031117277 0.994126022
1413393957255760384.000000 -0.229668841 2.287577868 -1.627494216 0.122931302 -0.009482605 -0.040395051 0.991547406
1413393957305760512.000000 -0.214283481 2.297204733 -1.594001770 -0.143203288 0.010255021 0.049149353 -0.988418996
1413393957355760384.000000 -0.201866120 2.306458950 -1.565534115 0.163610622 -0.009850672 -0.057686832 0.984787703
1413393957405760512.000000 -0.186684102 2.315758705 -1.531750202 0.183037534 -0.009142981 -0.065816633 0.980857730
1413393957455760384.000000 -0.171624810 2.325005531 -1.497252703 -0.202306256 0.006308986 0.072977722 -0.976579070
1413393957505760512.000000 -0.159368008 2.335546970 -1.464804292 0.220208928 -0.003189570 -0.079996765 0.972161710
1413393957555760384.000000 -0.147903830 2.344306707 -1.429032087 0.238033831 -0.000109119 -0.085996456 0.967442274
1413393957605760512.000000 -0.139308482 2.353237152 -1.393563986 -0.256160408 -0.003755886 0.091760807 -0.962261796
1413393957655760384.000000 -0.126649916 2.361390591 -1.359520912 0.274630815 0.008643137 -0.096345477 0.956671715
1413393957705760512.000000 -0.123219058 2.370302439 -1.323189020 0.293342769 0.017079527 -0.101078674 0.950495362
1413393957755760384.000000 -0.123255849 2.380209923 -1.287229776 0.311885417 0.023840699 -0.106462441 0.943835199
1413393957805760512.000000 -0.126332849 2.392367601 -1.252196312 0.328507841 0.029950224 -0.116067804 0.936863899
1413393957855760384.000000 -0.131295323 2.403133154 -1.217065454 0.343778193 0.033820596 -0.127894342 0.929685891
1413393957905760512.000000 -0.137318224 2.414893866 -1.183959365 0.356792182 0.036153369 -0.141622037 0.922678471
1413393957955760384.000000 -0.143004626 2.430798054 -1.155772090 0.368128687 0.037092179 -0.157507569 0.915585577
1413393958005760512.000000 -0.148426116 2.443265676 -1.128229380 0.377002776 0.034801017 -0.172259971 0.909386814
1413393958055760384.000000 -0.151690662 2.455052376 -1.103823662 0.384596467 0.030752383 -0.184513494 0.903932929
1413393958105760512.000000 -0.151447237 2.465479612 -1.083652496 0.391554505 0.026689997 -0.191901058 0.899525881
1413393958155760384.000000 -0.147908837 2.473550081 -1.066868067 0.398263544 0.022052184 -0.195229560 0.895982862
1413393958205760512.000000 -0.140306324 2.478335142 -1.053032160 0.403953373 0.018976165 -0.196877271 0.893141091
1413393958255760384.000000 -0.127495915 2.487208843 -1.047008395 0.410331696 0.015540114 -0.193235800 0.891092777
1413393958305760512.000000 -0.115249127 2.486421585 -1.038224697 0.416032463 0.010041537 -0.187074155 0.889842331
1413393958355760384.000000 -0.101340264 2.484114170 -1.030152798 0.421511710 0.003631888 -0.178099141 0.889154315
1413393958405760512.000000 -0.088680595 2.480849743 -1.023149729 0.424970180 -0.003352592 -0.171805590 0.888747394
1413393958455760384.000000 -0.078365922 2.477035284 -1.015951037 0.427004665 -0.009098470 -0.167873025 0.888483524
1413393958505760512.000000 -0.070409089 2.472599506 -1.007894158 0.427570164 -0.016365111 -0.166283846 0.888406217
1413393958555760384.000000 -0.065497220 2.468017340 -0.998907089 0.426980346 -0.024540395 -0.166963130 0.888374329
1413393958605760512.000000 -0.062672049 2.469790697 -0.994350553 0.425457537 -0.032658122 -0.168678269 0.888519585
1413393958655760384.000000 -0.062276959 2.469109058 -0.986525297 0.423590124 -0.039140966 -0.170810059 0.888742626
1413393958705760512.000000 -0.064456910 2.465925932 -0.976026177 0.421749234 -0.043823246 -0.172707066 0.889032900
1413393958755760384.000000 -0.061137319 2.452622175 -0.954849243 0.420769453 -0.042954568 -0.172089517 0.889659047
1413393958805760512.000000 -0.064713836 2.446791410 -0.941175401 0.420201302 -0.036843952 -0.169938684 0.890614510
1413393958855760384.000000 -0.072627634 2.438053370 -0.922980368 0.419898093 -0.028782679 -0.167010486 0.891607940
1413393958905760512.000000 -0.081545025 2.429294109 -0.905088365 0.419358104 -0.020567324 -0.164472461 0.892560661
1413393958955760384.000000 -0.093211383 2.419700384 -0.885799050 0.419002801 -0.014349887 -0.161068872 0.893469393
1413393959005760512.000000 -0.100241065 2.398543358 -0.859789908 0.419309258 -0.009808631 -0.155947596 0.894295275
1413393959055760384.000000 -0.115261585 2.387662649 -0.839346051 0.420950204 -0.006553376 -0.146423846 0.895163715
1413393959105760512.000000 -0.132199019 2.377558708 -0.818517327 0.423081279 -0.004293998 -0.135689259 0.895864010
1413393959155760384.000000 -0.144881964 2.364138603 -0.794950664 0.425071180 -0.000418144 -0.125748023 0.896382630
1413393959205760512.000000 -0.158773988 2.356152773 -0.774317980 0.425485313 0.005399343 -0.120613113 0.896875501
1413393959255760384.000000 -0.171844363 2.349363327 -0.753944933 0.423643887 0.011653727 -0.122057423 0.897492111
1413393959305760512.000000 -0.183770031 2.334111691 -0.726735890 0.420884490 0.012770602 -0.126239449 0.898196459
1413393959355760384.000000 -0.195892066 2.330537081 -0.706985474 0.417761356 0.011237550 -0.131802186 0.898875594
1413393959405760512.000000 -0.206079185 2.326943159 -0.686990023 0.415119022 0.009297954 -0.137002438 0.899344265
1413393959455760384.000000 -0.216160446 2.320680141 -0.665503561 0.412952393 0.007219075 -0.140842319 0.899767578
1413393959505760512.000000 -0.223977029 2.319053650 -0.647801936 0.411079615 0.008832335 -0.143690437 0.900160372
1413393959555760384.000000 -0.230735093 2.316516399 -0.630394697 0.410477161 0.011627074 -0.144365564 0.900295496
1413393959605760512.000000 -0.234914303 2.315114975 -0.615067065 0.411452979 0.023844685 -0.140894249 0.900159299
1413393959655760384.000000 -0.242292911 2.307906151 -0.597435415 0.413106769 0.040664662 -0.135488495 0.899628878
1413393959705760512.000000 -0.245290726 2.309144497 -0.585892498 0.414854288 0.053923756 -0.129567146 0.898999751
1413393959755760384.000000 -0.248660684 2.312231302 -0.577101588 0.415706843 0.064261414 -0.125502124 0.898502946
1413393959805760512.000000 -0.253846020 2.317873478 -0.570064604 0.414773732 0.063658386 -0.126883715 0.898783028
1413393959855760384.000000 -0.261031926 2.325797558 -0.564813733 0.412608147 0.051295564 -0.131825089 0.899858594
1413393959905760512.000000 -0.267976105 2.335710526 -0.561707258 0.409590840 0.038261350 -0.138420358 0.900894701
1413393959955760384.000000 -0.274522364 2.346588135 -0.560460746 0.406439990 0.024893273 -0.145921320 0.901606262
1413393960005760512.000000 -0.280878425 2.357818842 -0.560408294 0.403881520 0.012538890 -0.151592746 0.902076602
1413393960055760384.000000 -0.286792189 2.367198467 -0.561054349 0.401557207 0.001833834 -0.156665832 0.902332723
1413393960105760512.000000 -0.291401267 2.376746178 -0.563041210 0.399527371 -0.006937123 -0.161201879 0.902410030
1413393960155760384.000000 -0.306404978 2.392239809 -0.570063591 0.398077101 -0.015125304 -0.164748043 0.902310371
1413393960205760512.000000 -0.310240865 2.399259329 -0.571911931 0.395874590 -0.024924945 -0.168991387 0.902277112
1413393960255760384.000000 -0.313534439 2.407036304 -0.574720919 -0.393544137 0.037335727 0.174062327 -0.901904345
1413393960305760512.000000 -0.315987468 2.411293268 -0.576258659 -0.392050743 0.045099188 0.177297294 -0.901569784
1413393960355760384.000000 -0.316860735 2.412726641 -0.576958895 -0.392054647 0.047128726 0.178004131 -0.901324928
1413393960405760512.000000 -0.315511286 2.410957813 -0.577065766 -0.394990861 0.040133193 0.176045612 -0.900766075
1413393960455760384.000000 -0.313964665 2.406245232 -0.576425850 0.399988204 -0.030731397 -0.173460007 0.899431288
1413393960505760512.000000 -0.314136952 2.399395943 -0.574634731 0.407002568 -0.020965150 -0.171446607 0.896947920
1413393960555760384.000000 -0.318746984 2.391346931 -0.571312010 0.415567845 -0.014255323 -0.171710178 0.893093407
1413393960605760512.000000 -0.328840286 2.382241726 -0.566437185 0.426400006 -0.008660748 -0.172920793 0.887809992
1413393960655760384.000000 -0.347472847 2.371253729 -0.556758404 0.438744932 -0.004561647 -0.174838185 0.881427109
1413393960705760512.000000 -0.369246185 2.361176014 -0.549090743 0.451786846 -0.002493765 -0.178539798 0.874074459
1413393960755760384.000000 -0.394919395 2.351561785 -0.541728497 0.465059608 -0.002355181 -0.183336258 0.866084218
1413393960805760512.000000 -0.423478246 2.339163065 -0.531345963 0.478564769 -0.003813210 -0.188515559 0.857568204
1413393960855760384.000000 -0.456059098 2.329133034 -0.521961808 0.489218056 -0.010458495 -0.195881903 0.849815726
1413393960905760512.000000 -0.488842964 2.318420410 -0.512312412 0.497624695 -0.020066861 -0.204178333 0.842780054
1413393960955760384.000000 -0.524302721 2.302943230 -0.499525428 0.505947888 -0.028538324 -0.208034530 0.836614549
1413393961005760512.000000 -0.551193953 2.289336443 -0.490872860 0.512132466 -0.037499078 -0.210941076 0.831756055
1413393961055760384.000000 -0.574975252 2.273883581 -0.482279420 0.517577648 -0.040865634 -0.212837532 0.827733994
1413393961105760512.000000 -0.594269812 2.256649733 -0.474032640 0.522354305 -0.036446135 -0.212359950 0.825058103
1413393961155760384.000000 -0.608336866 2.236784935 -0.465760589 0.526405632 -0.028016387 -0.209876716 0.823446453
1413393961205760512.000000 -0.617774725 2.215281248 -0.458376408 0.531368613 -0.017384386 -0.202490896 0.822400630
1413393961255760384.000000 -0.609626770 2.192429543 -0.455774665 0.538896859 -0.001848887 -0.184768140 0.821856201
1413393961305760512.000000 -0.610676050 2.172006130 -0.450943351 0.546867907 0.015693711 -0.163058147 0.821036756
1413393961355760384.000000 -0.606690347 2.152702093 -0.447154999 0.554994881 0.034002509 -0.138840780 0.819480240
1413393961405760512.000000 -0.591030717 2.134969473 -0.445690632 0.560297668 0.050838400 -0.121828295 0.817704082
1413393961455760384.000000 -0.580963016 2.122143269 -0.442888021 0.562224567 0.062498115 -0.114300892 0.816659570
1413393961505760512.000000 -0.570875645 2.113775730 -0.440278649 0.560169160 0.061457444 -0.121126331 0.817167044
1413393961555760384.000000 -0.557386339 2.111656666 -0.439601779 0.555133879 0.057682537 -0.135433182 0.818631232
1413393961605760512.000000 -0.541274905 2.115601778 -0.441914678 0.549996078 0.048204537 -0.150634140 0.820054948
1413393961655760384.000000 -0.521445751 2.121650219 -0.446122408 0.543818831 0.036202203 -0.167912796 0.821435213
1413393961705760512.000000 -0.485099673 2.148189306 -0.465383053 0.539041638 0.027426722 -0.179781660 0.822411418
1413393961755760384.000000 -0.453961939 2.158122540 -0.476138949 0.537003815 0.026925322 -0.184900016 0.822626293
1413393961805760512.000000 -0.421418756 2.166580677 -0.487103581 0.534996927 0.022192771 -0.189313561 0.823071241
1413393961855760384.000000 -0.384938776 2.177103043 -0.501696587 0.533414543 0.017781919 -0.193128437 0.823318958
1413393961905760512.000000 -0.344734907 2.198306799 -0.522994876 0.531567037 0.012050472 -0.197141811 0.823666513
1413393961955760384.000000 -0.302873671 2.209494591 -0.541925550 0.530303299 0.007293979 -0.200756952 0.823663712
1413393962005760512.000000 -0.259229004 2.222423553 -0.562979102 0.528753936 0.001699496 -0.204428419 0.823787332
1413393962055760384.000000 -0.212286234 2.233205795 -0.585505128 0.527918160 -0.004373642 -0.207136109 0.823637068
1413393962105760512.000000 -0.156240582 2.259387016 -0.618540287 0.526777208 -0.009265226 -0.210783929 0.823401570
1413393962155760384.000000 -0.101787806 2.266506910 -0.644239902 0.525677443 -0.015222192 -0.213365421 0.823350906
1413393962205760512.000000 -0.042898715 2.273884058 -0.672396541 0.525293827 -0.020186955 -0.215598702 0.822907090
1413393962255760384.000000 0.015991807 2.283599138 -0.702252030 0.524979830 -0.023629399 -0.217644095 0.822477341
1413393962305760512.000000 0.078397870 2.286186218 -0.731133103 0.524096310 -0.027921269 -0.220013902 0.822275817
1413393962355760384.000000 0.140028507 2.288573503 -0.760177851 0.522344649 -0.034007516 -0.224509358 0.821945965
1413393962405760512.000000 0.194227248 2.292989492 -0.787760854 0.519791067 -0.041490443 -0.230088800 0.821678221
1413393962455760384.000000 0.247326165 2.291282177 -0.812866092 0.515107214 -0.052218176 -0.237382531 0.821941257
1413393962505760512.000000 0.294932216 2.288441181 -0.835533500 -0.508948922 0.062686309 0.243637025 -0.823214769
1413393962555760384.000000 0.329749912 2.287924290 -0.854703188 0.501196563 -0.071653210 -0.248407111 0.825809836
1413393962605760512.000000 0.368116170 2.278997898 -0.871275306 0.492341101 -0.076169625 -0.251389980 0.829820216
1413393962655760384.000000 0.402986676 2.267617464 -0.885452390 -0.482150137 0.074919254 0.252872050 -0.835448444
1413393962705760512.000000 0.432303071 2.251961231 -0.896181107 0.470749080 -0.068479858 -0.252418339 0.842609465
1413393962755760384.000000 0.464397997 2.231665850 -0.906505704 0.458660632 -0.057541650 -0.249319866 0.850975394
1413393962805760512.000000 0.494545192 2.207732439 -0.915776134 -0.445098281 0.042761937 0.245548040 -0.860096037
1413393962855760384.000000 0.519486070 2.179607391 -0.923022032 0.429464251 -0.027523305 -0.241521657 0.869753003
1413393962905760512.000000 0.545910120 2.148478985 -0.931470871 0.413164645 -0.011331662 -0.236396313 0.879365325
1413393962955760384.000000 0.568321764 2.115220308 -0.940293372 -0.395411849 -0.002432428 0.230247974 -0.889173448
1413393963005760512.000000 0.583809078 2.078482628 -0.948012888 0.376850605 0.013231738 -0.222650245 0.899019182
1413393963055760384.000000 0.599224210 2.040038586 -0.958607793 0.358123094 0.022008557 -0.213617548 0.908642411
1413393963105760512.000000 0.610576391 1.998489141 -0.970407248 -0.338770211 -0.031041550 0.204532579 -0.917844057
1413393963155760384.000000 0.618950844 1.954946995 -0.983708024 -0.320436180 -0.037655279 0.192781672 -0.926681221
1413393963205760512.000000 0.620772481 1.909361482 -0.996122122 0.303815961 0.041455325 -0.177083760 0.935210586
1413393963255760384.000000 0.621648729 1.862429023 -1.012959599 -0.287949145 -0.044617001 0.159674108 -0.943185449
1413393963305760512.000000 0.619073629 1.814127207 -1.031643510 0.272040576 0.046205364 -0.143744707 0.950366557
1413393963355760384.000000 0.610355079 1.765079737 -1.047590613 0.255097955 0.047428817 -0.129739240 0.956997097
1413393963405760512.000000 0.601406753 1.715478063 -1.067911148 0.237563238 0.046747625 -0.118309081 0.963006437
1413393963455760384.000000 0.589653552 1.665676475 -1.088887691 -0.219276235 -0.045586873 0.109190471 -0.968461275
1413393963505760512.000000 0.571018875 1.615760326 -1.108696461 0.202288121 0.044637419 -0.099225409 0.973263264
1413393963555760384.000000 0.554043233 1.564992309 -1.131395578 0.185889721 0.043488406 -0.090274006 0.977447867
1413393963605760512.000000 0.534335911 1.513892531 -1.154203176 -0.170074716 -0.044236634 0.081756681 -0.981037021
1413393963655760384.000000 0.508287549 1.462769866 -1.176945329 0.154715315 0.045562346 -0.074961707 0.984057009
1413393963705760512.000000 0.483347476 1.411714554 -1.201636314 0.139540136 0.047018483 -0.068842232 0.986700892
1413393963755760384.000000 0.455123007 1.360691786 -1.227061152 -0.124170817 -0.048513182 0.064289376 -0.988986850
1413393963805760512.000000 0.421714574 1.306492567 -1.249522448 0.108634725 0.049384080 -0.061060328 0.990975022
1413393963855760384.000000 0.388757378 1.255292773 -1.277402878 0.093156219 0.048260380 -0.058292843 0.992771327
1413393963905760512.000000 0.352461994 1.204055905 -1.306642532 -0.077509701 -0.046086341 0.055853926 -0.994358420
1413393963955760384.000000 0.311085910 1.150225997 -1.331402421 0.061353993 0.042388152 -0.053796504 0.995763481
1413393964005760512.000000 0.269443214 1.098045468 -1.361753702 0.045928512 0.038107369 -0.051264241 0.996900439
1413393964055760384.000000 0.225561157 1.044549227 -1.392676950 -0.030595213 -0.035208486 0.047776446 -0.997768402
1413393964105760512.000000 0.179245517 0.988391757 -1.418568969 0.015545764 0.033649411 -0.042533092 0.998407245
1413393964155760384.000000 0.131461322 0.933119535 -1.449945331 0.001989523 0.032091338 -0.034078859 0.998901904
1413393964205760512.000000 0.082102790 0.876855910 -1.480558872 0.010726145 -0.031740338 0.023704566 -0.999157488
1413393964255760384.000000 0.033346526 0.818776429 -1.507667184 -0.023177819 0.030832049 -0.011512469 0.999189556
1413393964305760512.000000 -0.015708389 0.761826158 -1.540521264 -0.034951985 0.028481120 0.000994366 0.998982608
1413393964355760384.000000 -0.063671157 0.704812944 -1.574223280 -0.046914432 0.026276775 0.010736010 0.998495519
1413393964405760512.000000 -0.109902054 0.647245347 -1.604817033 -0.058828779 0.024257729 0.021444656 0.997742951
1413393964455760384.000000 -0.155521125 0.590985000 -1.640179276 -0.070366077 0.022850510 0.030695960 0.996787012
1413393964505760512.000000 -0.199821994 0.535461426 -1.676202416 -0.081598669 0.021241887 0.039350860 0.995661557
1413393964555760384.000000 -0.242639020 0.481692344 -1.709097266 -0.092461206 0.021696990 0.048919883 0.994277179
1413393964605760512.000000 -0.284486324 0.428411394 -1.746544003 -0.102591291 0.021650339 0.058753751 0.992750883
1413393964655760384.000000 -0.325509727 0.376809180 -1.784918189 -0.112378694 0.022709280 0.068642460 0.991031647
1413393964705760512.000000 -0.364422292 0.329346508 -1.819483519 -0.123166710 0.025179189 0.076493166 0.989113152
1413393964755760384.000000 -0.402935237 0.282330036 -1.859497309 -0.132996976 0.025213283 0.085908704 0.987064302
1413393964805760512.000000 -0.441039890 0.237996221 -1.899838209 0.142551854 -0.023080198 -0.095767647 -0.984872997
1413393964855760384.000000 -0.477859616 0.198478222 -1.939342260 -0.152182639 0.018694159 0.104120217 0.982674956
1413393964905760512.000000 -0.514509857 0.159975886 -1.982045770 -0.162107974 0.011639307 0.113728866 0.980128229
1413393964955760384.000000 -0.550514996 0.124722064 -2.025288343 -0.170590922 0.001260866 0.125439689 0.977323949
1413393965005760512.000000 -0.585725605 0.094959781 -2.066969872 -0.177518934 -0.009250391 0.141182929 0.973893702
1413393965055760384.000000 -0.619264543 0.067877106 -2.110002518 -0.184106693 -0.018790362 0.158162400 0.969915628
1413393965105760512.000000 -0.651319325 0.046003044 -2.152603149 -0.190000907 -0.028291451 0.176563412 0.965362489
1413393965155760384.000000 -0.681120157 0.030901939 -2.194760084 0.196667761 0.036210548 -0.193152755 -0.960574150
1413393965205760512.000000 -0.708786964 0.022467136 -2.236383915 0.204954296 0.044509787 -0.205016121 -0.956023574
1413393965255760384.000000 -0.733062506 0.025051877 -2.277017117 -0.214539424 -0.056573793 0.210816547 0.952012956
1413393965305760512.000000 -0.754055738 0.032585427 -2.316862106 -0.224648491 -0.068390496 0.210161999 0.949045777
1413393965355760384.000000 -0.772380114 0.048189521 -2.354160070 0.235606283 0.081210740 -0.201434225 -0.947269142
1413393965405760512.000000 -0.785373211 0.071187198 -2.388415337 -0.247840255 -0.092218108 0.183237463 0.946834266
1413393965455760384.000000 -0.795450747 0.100593269 -2.419618368 -0.259847164 -0.100529149 0.159414470 0.947080016
1413393965505760512.000000 -0.801379979 0.134615958 -2.446912527 0.272124887 0.105137959 -0.127734095 -0.947933614
1413393965555760384.000000 -0.801715612 0.171791524 -2.467950106 -0.283061266 -0.108672477 0.094786517 0.948199451
1413393965605760512.000000 -0.801352382 0.210255533 -2.483518600 -0.291199833 -0.108574614 0.068214223 0.948030174
1413393965655760384.000000 -0.798187733 0.249120206 -2.492630720 0.297057778 0.106569238 -0.047075305 -0.947725534
1413393965705760512.000000 -0.789961159 0.285838157 -2.495307922 -0.299883813 -0.098619767 0.036892116 0.948147118
1413393965755760384.000000 -0.780992150 0.321248412 -2.491524458 -0.299225241 -0.085312024 0.039376304 0.949544966
1413393965805760512.000000 -0.768430710 0.354987115 -2.481469393 0.297806293 0.066407837 -0.043198466 -0.951333463
1413393965855760384.000000 -0.754046023 0.387071311 -2.467372656 0.296037674 0.045067918 -0.047028750 -0.952952802
1413393965905760512.000000 -0.740967870 0.417599201 -2.449481010 0.295602560 0.031152403 -0.047459539 -0.953622758
1413393965955760384.000000 -0.729316056 0.446711034 -2.428114414 0.297560036 0.023421742 -0.040845275 -0.953541398
1413393966005760512.000000 -0.719047427 0.474064231 -2.403611183 0.300049126 0.019473501 -0.032478843 -0.953171849
1413393966055760384.000000 -0.707725286 0.498847187 -2.376316309 0.301922381 0.018006517 -0.026225530 -0.952801585
1413393966105760512.000000 -0.694049776 0.520123482 -2.347316742 0.300919235 0.015665384 -0.028219119 -0.953103364
1413393966155760384.000000 -0.677312255 0.537781656 -2.317243576 0.299236447 0.014973843 -0.033903271 -0.953458965
1413393966205760512.000000 -0.655483365 0.547803044 -2.290645838 -0.298081040 -0.014420767 0.037726656 0.953685760
1413393966255760384.000000 -0.630405903 0.559486747 -2.258382320 -0.297041506 -0.014721482 0.040285837 0.953900814
1413393966305760512.000000 -0.600969076 0.568854928 -2.224363804 0.298625112 0.017113348 -0.035353992 -0.953561902
1413393966355760384.000000 -0.566911638 0.575632691 -2.189287424 0.301021039 0.017283944 -0.026174974 -0.953101516
1413393966405760512.000000 -0.527789652 0.578537047 -2.153737068 0.303729355 0.012398509 -0.014330940 -0.952569902
1413393966455760384.000000 -0.486106485 0.577085972 -2.117164612 0.304619461 0.003553396 -0.007923007 -0.952434540
1413393966505760512.000000 -0.442757040 0.571376681 -2.079121828 0.303619564 -0.009595472 -0.006423852 -0.952723384
1413393966555760384.000000 -0.401245266 0.558795810 -2.039585352 -0.301073432 0.024517044 0.008428701 0.953248501
1413393966605760512.000000 -0.362120360 0.545216918 -1.999073505 -0.298515528 0.037682474 0.010880648 0.953598559
1413393966655760384.000000 -0.326015294 0.528616309 -1.957117677 0.296472907 -0.048154641 -0.013582718 -0.953729749
1413393966705760512.000000 -0.293740153 0.507770061 -1.915492415 0.294782639 -0.057164680 -0.016029537 -0.953718245
1413393966755760384.000000 -0.264772028 0.482042104 -1.874384880 -0.293671817 0.063968852 0.018423107 0.953585625
1413393966805760512.000000 -0.239079818 0.453847259 -1.833534122 -0.292954922 0.068466544 0.019749071 0.953467250
1413393966855760384.000000 -0.217147082 0.422299922 -1.793462873 0.291955292 -0.068727829 -0.024158955 -0.953653514
1413393966905760512.000000 -0.198902458 0.387614131 -1.753803253 0.290011346 -0.063226551 -0.033195850 -0.954355240
1413393966955760384.000000 -0.191214919 0.352933705 -1.713268518 -0.287257761 0.058406234 0.046617899 0.954933822
1413393967005760512.000000 -0.179029897 0.313073814 -1.675616145 -0.285153121 0.050761931 0.064547546 0.954957962
1413393967055760384.000000 -0.168552086 0.271986663 -1.638724566 -0.284174144 0.044699069 0.080472521 0.954343319
1413393967105760512.000000 -0.161490738 0.230020732 -1.602406621 -0.284138441 0.039848324 0.093482986 0.953382671
1413393967155760384.000000 -0.154406026 0.188008353 -1.567347527 -0.285993606 0.036472134 0.102512814 0.952033997
1413393967205760512.000000 -0.149129733 0.146522790 -1.532942772 0.288529754 -0.034423973 -0.110120066 -0.950494230
1413393967255760384.000000 -0.147520021 0.107447580 -1.498628259 -0.293659657 0.035603728 0.113879487 0.948434472
1413393967305760512.000000 -0.145586178 0.067385778 -1.466884613 -0.300475687 0.037084807 0.116817698 0.945882022
1413393967355760384.000000 -0.145537436 0.028586030 -1.436527967 0.309927613 -0.039352626 -0.117341012 -0.942670286
1413393967405760512.000000 -0.149344504 -0.005567119 -1.405382872 -0.321089327 0.042867288 0.118376747 0.938643157
1413393967455760384.000000 -0.153924555 -0.043150529 -1.376910448 -0.333064467 0.047311060 0.121456720 0.933851242
1413393967505760512.000000 -0.160918221 -0.080673411 -1.349610329 0.344493896 -0.051444672 -0.127504289 -0.928665817
1413393967555760384.000000 -0.168429255 -0.117913246 -1.324214458 0.357618183 -0.052761808 -0.132071987 -0.922974825
1413393967605760512.000000 -0.175922185 -0.149896488 -1.299799919 -0.370212674 0.053307138 0.139199480 0.916910350
1413393967655760384.000000 -0.183973163 -0.186997488 -1.278733969 -0.383171827 0.052967213 0.146040067 0.910519779
1413393967705760512.000000 -0.191558495 -0.223212183 -1.259674072 0.397767365 -0.051755287 -0.150218621 -0.903624356
1413393967755760384.000000 -0.198438823 -0.259508580 -1.243234634 0.411954552 -0.049829423 -0.154988840 -0.896542847
1413393967805760512.000000 -0.201083541 -0.291406602 -1.230572939 -0.425796509 0.047577161 0.159504876 0.889377356
1413393967855760384.000000 -0.205101088 -0.328531951 -1.220089912 -0.438518882 0.043501865 0.164614603 0.882445991
1413393967905760512.000000 -0.208255500 -0.365631014 -1.211864352 0.448408931 -0.033523809 -0.173560306 -0.876174927
1413393967955760384.000000 -0.205528423 -0.397166014 -1.206400275 -0.455838352 0.020978795 0.183220312 0.870747805
1413393968005760512.000000 -0.200480044 -0.431050956 -1.202043653 -0.461367011 0.008394442 0.193074420 0.865905523
1413393968055760384.000000 -0.191355094 -0.462864339 -1.199332714 0.467794389 0.000925039 -0.196454823 -0.861726820
1413393968105760512.000000 -0.176714137 -0.491179138 -1.199676991 -0.473059982 -0.005684287 0.198383465 0.858385742
1413393968155760384.000000 -0.158284426 -0.518153131 -1.199821353 -0.477287889 -0.006555718 0.199888885 0.855685532
1413393968205760512.000000 -0.137536570 -0.542311192 -1.200290203 0.479667336 0.004940198 -0.203878343 -0.853421688
1413393968255760384.000000 -0.117006898 -0.564731181 -1.200335979 0.480233580 0.003690051 -0.209233180 -0.851811945
1413393968305760512.000000 -0.097680286 -0.584945977 -1.199868679 0.480548650 0.005093146 -0.212135419 -0.850908697
1413393968355760384.000000 -0.079728752 -0.602384210 -1.198927522 0.482822686 0.011419903 -0.208101138 -0.850556195
1413393968405760512.000000 -0.063113004 -0.617223680 -1.197093964 0.485733569 0.019971255 -0.199908406 -0.850705981
1413393968455760384.000000 -0.047949284 -0.629887223 -1.193791628 0.488428682 0.026702991 -0.191263676 -0.850965679
1413393968505760512.000000 -0.033903882 -0.640913129 -1.188438416 0.491103411 0.027918035 -0.181134105 -0.851603568
1413393968555760384.000000 -0.021748394 -0.650460839 -1.180996895 0.493331403 0.027216988 -0.172605515 -0.852109611
1413393968605760512.000000 -0.021771342 -0.661220312 -1.171805620 -0.495049715 -0.027949357 0.166845068 0.852236688
1413393968655760384.000000 -0.014336586 -0.667898118 -1.158801675 -0.496778727 -0.029258830 0.164751604 0.851593614
1413393968705760512.000000 -0.006880999 -0.672655582 -1.143515587 0.498581499 0.030450953 -0.166591629 -0.850139141
1413393968755760384.000000 -0.001641035 -0.677002430 -1.125623226 0.500890791 0.030858029 -0.168984771 -0.848292649
1413393968805760512.000000 0.001532316 -0.680111706 -1.105338573 0.505133390 0.027190587 -0.169972375 -0.845701098
1413393968855760384.000000 -0.000218034 -0.682772934 -1.082805276 -0.511594057 -0.019024273 0.169064850 0.842215359
1413393968905760512.000000 -0.000142857 -0.683794498 -1.058384061 -0.519354105 -0.007870751 0.168817669 0.837681353
1413393968955760384.000000 -0.001489833 -0.684331536 -1.032176256 0.527005494 -0.005366972 -0.172709078 -0.832110584
1413393969005760512.000000 -0.008399770 -0.692542136 -1.008141518 -0.535029888 0.018150358 0.178972483 0.825459003
1413393969055760384.000000 -0.015557796 -0.693215370 -0.979784548 -0.544214189 0.028986637 0.184210911 0.817959130
1413393969105760512.000000 -0.024305448 -0.694657266 -0.951695085 0.554666638 -0.037667837 -0.187898397 -0.809703887
1413393969155760384.000000 -0.033130035 -0.697966576 -0.924759567 -0.567037582 0.041982915 0.188497350 0.800733805
1413393969205760512.000000 -0.042743146 -0.700249076 -0.898124695 -0.579750538 0.042743653 0.189710006 0.791247427
1413393969255760384.000000 -0.051903382 -0.703498721 -0.873086333 0.592578530 -0.043190975 -0.191221684 -0.781293511
1413393969305760512.000000 -0.059563935 -0.710039914 -0.848388076 -0.604371130 0.041223679 0.196495816 0.770989954
1413393969355760384.000000 -0.067819819 -0.715149164 -0.824179590 -0.615114093 0.040767685 0.203030527 0.760757089
1413393969405760512.000000 -0.075247645 -0.721301317 -0.800573707 -0.624355555 0.042501081 0.212196887 0.750564039
1413393969455760384.000000 -0.081656694 -0.740986764 -0.781671882 0.632016242 -0.048349325 -0.223399147 -0.740480125
1413393969505760512.000000 -0.088040993 -0.748929739 -0.760092735 0.637772083 -0.057822619 -0.237032786 -0.730560660
1413393969555760384.000000 -0.093980789 -0.758510113 -0.740716457 0.644484520 -0.064957790 -0.247943476 -0.720377862
1413393969605760512.000000 -0.100825697 -0.772338688 -0.724503636 0.650091290 -0.067886278 -0.260186315 -0.710686982
1413393969655760384.000000 -0.106928259 -0.782044768 -0.710845351 0.656912267 -0.069069564 -0.269913256 -0.700601518
1413393969705760512.000000 -0.110962495 -0.791047335 -0.701554060 0.663419068 -0.068160169 -0.278117478 -0.691288769
1413393969755760384.000000 -0.113922238 -0.799580634 -0.696217716 0.668350995 -0.066979684 -0.286024839 -0.683381677
1413393969805760512.000000 -0.112501115 -0.807808280 -0.696253717 0.672455072 -0.066287674 -0.292817831 -0.676511586
1413393969855760384.000000 -0.099166989 -0.817888081 -0.701676130 0.676111758 -0.065195777 -0.297580540 -0.670871258
1413393969905760512.000000 -0.091750890 -0.827700377 -0.711565316 0.680279136 -0.064523675 -0.298750043 -0.666187286
1413393969955760384.000000 -0.081676543 -0.835118711 -0.727988064 0.685620427 -0.061154362 -0.294861615 -0.662752986
1413393970005760512.000000 -0.069098830 -0.843327403 -0.748344064 0.691012919 -0.051436208 -0.289388865 -0.660385907
1413393970055760384.000000 -0.054084629 -0.850867689 -0.772598743 0.697597921 -0.036831919 -0.278357446 -0.659179568
1413393970105760512.000000 -0.039206386 -0.858334959 -0.798469126 0.702986836 -0.020019669 -0.268543214 -0.658250272
1413393970155760384.000000 -0.025627702 -0.868856788 -0.823733687 0.706791282 -0.005740895 -0.261629969 -0.657238901
1413393970205760512.000000 -0.014227033 -0.876292706 -0.848135769 0.708522201 0.004777034 -0.257982790 -0.656824529
1413393970255760384.000000 -0.005286902 -0.882997215 -0.871060371 0.709458947 0.010965301 -0.255752951 -0.656611204
1413393970305760512.000000 0.001152009 -0.888514638 -0.892140865 0.709807813 0.014386460 -0.254315525 -0.656726360
1413393970355760384.000000 0.007693619 -0.887746572 -0.916385412 0.708934367 0.016607558 -0.254178792 -0.657669663
1413393970405760512.000000 0.011724889 -0.889762938 -0.934532225 0.708529711 0.018257411 -0.253567398 -0.658297837
1413393970455760384.000000 0.016256154 -0.889792025 -0.951672018 0.708528399 0.018684503 -0.251610190 -0.659037769
1413393970505760512.000000 0.021727711 -0.888450980 -0.965834618 0.709925234 0.015516099 -0.246225119 -0.659650445
1413393970555760384.000000 0.028456092 -0.885636926 -0.980490148 0.711278021 0.010116047 -0.240469649 -0.660420895
1413393970605760512.000000 0.035510153 -0.881613016 -0.993886054 0.712788761 0.006988201 -0.233870521 -0.661201894
1413393970655760384.000000 0.042573646 -0.876724720 -1.005904794 0.715298533 0.004840817 -0.224928945 -0.661612928
1413393970705760512.000000 0.047353193 -0.871178329 -1.015739679 0.718257964 0.005441563 -0.215092957 -0.661672890
1413393970755760384.000000 0.048883900 -0.865550280 -1.022882342 0.721921682 0.011613685 -0.204097286 -0.661088943
1413393970805760512.000000 0.047865361 -0.859850168 -1.026586413 0.725314438 0.022454754 -0.193358675 -0.660323679
1413393970855760384.000000 0.052784294 -0.839780092 -1.028364420 0.728074253 0.034231242 -0.185298741 -0.659090757
1413393970905760512.000000 0.049171224 -0.832796097 -1.023765683 0.730256319 0.043341391 -0.178484038 -0.658020377
1413393970955760384.000000 0.047166973 -0.825887918 -1.014230847 0.731571138 0.047418725 -0.174220666 -0.657421052
1413393971005760512.000000 0.044488147 -0.827174425 -0.998862922 0.731897771 0.045488127 -0.172933191 -0.657533824
1413393971055760384.000000 0.046891481 -0.822177887 -0.979611933 0.730703950 0.034911107 -0.175051704 -0.658946037
1413393971105760512.000000 0.052460030 -0.817423940 -0.956451416 0.728852928 0.020221243 -0.178163528 -0.660774112
1413393971155760384.000000 0.068237953 -0.807889163 -0.930059850 0.728447974 0.004671406 -0.175483987 -0.662228942
1413393971205760512.000000 0.083685309 -0.806133986 -0.901751578 0.728033900 -0.014116620 -0.170095429 -0.663954020
1413393971255760384.000000 0.104028523 -0.806069434 -0.871786833 0.728134513 -0.030590357 -0.162403852 -0.665213823
1413393971305760512.000000 0.128340736 -0.802110672 -0.839926660 0.728758991 -0.045534007 -0.152572230 -0.666002035
1413393971355760384.000000 0.150700524 -0.810269356 -0.805102766 0.729493141 -0.057766374 -0.142743170 -0.666428804
1413393971405760512.000000 0.170505077 -0.823007524 -0.767164052 0.729711771 -0.066546991 -0.136217833 -0.666736007
1413393971455760384.000000 0.186452135 -0.836670399 -0.726259828 0.727595329 -0.070465177 -0.139224023 -0.668024302
1413393971505760512.000000 0.198906451 -0.857745528 -0.682164848 0.723463416 -0.069560230 -0.151361138 -0.669964194
1413393971555760384.000000 0.208686069 -0.883480787 -0.635750592 0.717428982 -0.067070015 -0.170954213 -0.671991050
1413393971605760512.000000 0.215720952 -0.909941316 -0.588306546 0.709078312 -0.070364416 -0.196333095 -0.673580170
1413393971655760384.000000 0.225324735 -0.942789555 -0.540953994 0.699795365 -0.077713199 -0.222474247 -0.674353361
1413393971705760512.000000 0.236186683 -0.978332043 -0.495753348 0.691491783 -0.090015955 -0.245474070 -0.673408270
1413393971755760384.000000 0.240626052 -1.013390303 -0.454355597 0.683435619 -0.105037317 -0.267408222 -0.671100497
1413393971805760512.000000 0.253022403 -1.053280711 -0.417698324 0.677011132 -0.117218390 -0.285649002 -0.668072283
1413393971855760384.000000 0.264940113 -1.094052076 -0.387002110 0.672748029 -0.124971703 -0.299310178 -0.664985478
1413393971905760512.000000 0.273972452 -1.134577036 -0.362438679 0.672549486 -0.124870434 -0.304862708 -0.662678897
1413393971955760384.000000 0.286473811 -1.178305745 -0.345757961 0.675712705 -0.116682775 -0.304584891 -0.661079049
1413393972005760512.000000 0.298571080 -1.221953630 -0.335041761 0.680440247 -0.106363162 -0.301405340 -0.659426212
1413393972055760384.000000 0.310524762 -1.266324282 -0.329951167 0.685637534 -0.093600489 -0.296210378 -0.658330917
1413393972105760512.000000 0.311609805 -1.309163570 -0.328305006 0.688574433 -0.084401406 -0.295325428 -0.656905293
1413393972155760384.000000 0.315835714 -1.353871584 -0.327796340 0.688337982 -0.076073490 -0.301316321 -0.655448020
1413393972205760512.000000 0.313890308 -1.397778988 -0.328360200 0.686868727 -0.067204557 -0.308949947 -0.654404223
1413393972255760384.000000 0.307225525 -1.440954804 -0.330105424 0.686347663 -0.056934237 -0.313456625 -0.653781652
1413393972305760512.000000 0.294426322 -1.482655525 -0.332720876 0.691206396 -0.043756258 -0.305269063 -0.653551757
1413393972355760384.000000 0.284406304 -1.522356272 -0.339716315 0.697987080 -0.031765927 -0.290097803 -0.653948247
1413393972405760512.000000 0.274250448 -1.561099052 -0.348252296 0.703476548 -0.020591844 -0.276538312 -0.654387772
1413393972455760384.000000 0.265615523 -1.598490000 -0.357829213 0.708323240 -0.011074172 -0.263040960 -0.654954195
1413393972505760512.000000 0.255740196 -1.635111809 -0.366891384 0.710260987 0.001249955 -0.256319344 -0.655612886
1413393972555760384.000000 0.240429431 -1.675609589 -0.378136039 0.709619522 0.014045488 -0.256360590 -0.656141818
1413393972605760512.000000 0.231845766 -1.708315372 -0.385753512 0.709046960 0.024035759 -0.257607132 -0.655982733
1413393972655760384.000000 0.223614931 -1.739319086 -0.392172694 0.708957613 0.028904689 -0.258488059 -0.655536175
1413393972705760512.000000 0.216380239 -1.767352104 -0.397281528 0.709511220 0.031511448 -0.258001059 -0.655008733
1413393972755760384.000000 0.208798081 -1.793359518 -0.400493622 0.710302711 0.032642905 -0.257483810 -0.654298663
1413393972805760512.000000 0.201489806 -1.816963911 -0.402025342 0.711982071 0.031597432 -0.255057156 -0.653474569
1413393972855760384.000000 0.194303215 -1.838435292 -0.401930094 0.713980913 0.030209996 -0.252757519 -0.652251780
1413393972905760512.000000 0.187094271 -1.857458591 -0.400035381 0.715923727 0.030276539 -0.250086933 -0.651147604
1413393972955760384.000000 0.184475422 -1.873983502 -0.395682335 0.718633175 0.030565148 -0.246742323 -0.649423182
1413393973005760512.000000 0.179446280 -1.887658596 -0.390477180 0.721108496 0.032139957 -0.242734492 -0.648112297
1413393973055760384.000000 0.174640954 -1.899688959 -0.382797956 0.723590672 0.030272309 -0.237253129 -0.647465110
1413393973105760512.000000 0.170929790 -1.910089493 -0.372819662 0.726068556 0.026132192 -0.231457114 -0.646969259
1413393973155760384.000000 0.168442547 -1.919034243 -0.360579967 0.728326440 0.020144483 -0.224712938 -0.647023201
1413393973205760512.000000 0.166706294 -1.927727938 -0.345716238 0.730489016 0.012926952 -0.216885969 -0.647440493
1413393973255760384.000000 0.166468769 -1.936739922 -0.328567266 0.733006060 0.003982657 -0.207280055 -0.647859097
1413393973305760512.000000 0.167030931 -1.946162820 -0.308845043 0.735418677 -0.006776767 -0.196790040 -0.648372769
1413393973355760384.000000 0.168417096 -1.956354022 -0.286939383 0.737242281 -0.016736690 -0.187299371 -0.648931980
1413393973405760512.000000 0.171226889 -1.967815399 -0.262669563 0.738598824 -0.027127009 -0.177967012 -0.649664283
1413393973455760384.000000 0.177746087 -1.980654001 -0.240483761 0.739402175 -0.034883920 -0.169444799 -0.650658131
1413393973505760512.000000 0.182373613 -1.997617722 -0.211306810 0.740700543 -0.042723164 -0.159922421 -0.651123941
1413393973555760384.000000 0.187056750 -2.018604517 -0.179693460 0.740948975 -0.048844215 -0.154492378 -0.651721597
1413393973605760512.000000 0.191695452 -2.043590546 -0.144979715 0.740141392 -0.054279789 -0.152673572 -0.652637124
1413393973655760384.000000 0.197440445 -2.072498322 -0.108144522 0.737119138 -0.062359411 -0.157670394 -0.654145777
1413393973705760512.000000 0.202954888 -2.105570078 -0.076709747 0.730877936 -0.070174344 -0.172898978 -0.656505167
1413393973755760384.000000 0.208517462 -2.143133640 -0.036431551 0.722214878 -0.077492423 -0.194854274 -0.659114957
1413393973805760512.000000 0.213794678 -2.184869766 0.003479004 0.712243497 -0.084438853 -0.219729617 -0.661285281
1413393973855760384.000000 0.220563531 -2.227764130 0.038760185 0.699816465 -0.093246453 -0.249794841 -0.662694931
1413393973905760512.000000 0.225832403 -2.274857283 0.074579954 0.686388552 -0.102639139 -0.279871374 -0.663331032
1413393973955760384.000000 0.229904294 -2.323375225 0.105393648 0.673416674 -0.105470158 -0.309053719 -0.663228393
1413393974005760512.000000 0.235124290 -2.372482777 0.126464844 0.661166131 -0.095326282 -0.337073028 -0.663441181
1413393974055760384.000000 0.236695886 -2.422030687 0.144870520 0.650203288 -0.077851228 -0.363175094 -0.662781179
1413393974105760512.000000 0.236657858 -2.471404552 0.155353069 0.639553487 -0.054956082 -0.387140304 -0.661871374
1413393974155760384.000000 0.240165472 -2.512022257 0.153223038 0.630939245 -0.029454933 -0.406510830 -0.660149217
1413393974205760512.000000 0.239908814 -2.550923347 0.146165371 0.626750529 0.002054668 -0.415029764 -0.659492135
1413393974255760384.000000 0.241254091 -2.581424952 0.128852129 0.626946747 0.036789056 -0.412358403 -0.659958243
1413393974305760512.000000 0.243477821 -2.602656364 0.105398417 0.629766762 0.068677686 -0.403628528 -0.660122097
1413393974355760384.000000 0.247599483 -2.612745047 0.077017069 0.632384419 0.095687956 -0.393807918 -0.660188735
1413393974405760512.000000 0.256837726 -2.602428436 0.043504238 0.635515511 0.118664064 -0.382366151 -0.660178065
1413393974455760384.000000 0.263598561 -2.589502573 0.011001348 0.640216649 0.137913883 -0.365776777 -0.661294103
1413393974505760512.000000 0.273793578 -2.562352419 -0.022451162 0.645796537 0.152719826 -0.345132768 -0.663706899
1413393974555760384.000000 0.288564861 -2.521637440 -0.053321838 0.652615011 0.161443755 -0.321143955 -0.667005360
1413393974605760512.000000 0.304344714 -2.473828077 -0.082085371 0.660040379 0.161963597 -0.296956927 -0.670769095
1413393974655760384.000000 0.323253095 -2.415652037 -0.106940031 0.667942762 0.155421436 -0.271881819 -0.675112545
1413393974705760512.000000 0.344646752 -2.348927498 -0.125631809 0.676571727 0.142331213 -0.245506510 -0.679499209
1413393974755760384.000000 0.366959095 -2.279049873 -0.140223026 0.683848381 0.126279742 -0.223153442 -0.683086753
1413393974805760512.000000 0.389831364 -2.205233574 -0.148419857 0.690126061 0.110029690 -0.203506097 -0.685714900
1413393974855760384.000000 0.410788953 -2.130351543 -0.150979519 0.694451332 0.088148840 -0.192012846 -0.687821388
1413393974905760512.000000 0.430076718 -2.053439379 -0.147443771 0.696750343 0.064208053 -0.187660739 -0.689347446
1413393974955760384.000000 0.447066098 -1.975938916 -0.138981581 0.698735476 0.041923817 -0.184602544 -0.689879060
1413393975005760512.000000 0.461043835 -1.899487019 -0.126254797 0.699888051 0.020355815 -0.183413431 -0.690001428
1413393975055760384.000000 0.472400337 -1.823750138 -0.109111667 0.699897707 0.002008174 -0.185456619 -0.689742744
1413393975105760512.000000 0.481153250 -1.749251246 -0.088634968 0.699620545 -0.013041191 -0.188270003 -0.689141095
1413393975155760384.000000 0.478512049 -1.672621131 -0.063686252 0.698148251 -0.026235916 -0.193621933 -0.688775241
1413393975205760512.000000 0.483862787 -1.602316976 -0.038888693 0.696806133 -0.033024095 -0.199672624 -0.688114524
1413393975255760384.000000 0.489316583 -1.535273671 -0.013289809 0.695132554 -0.037157167 -0.206097156 -0.687702000
1413393975305760512.000000 0.494341195 -1.470100880 0.014019489 0.693840742 -0.038648810 -0.210962161 -0.687449157
1413393975355760384.000000 0.504161835 -1.407179952 0.038963318 0.695011020 -0.038391992 -0.208320782 -0.687086761
1413393975405760512.000000 0.514661789 -1.347043753 0.064217925 0.696927011 -0.038262337 -0.203232035 -0.686677217
1413393975455760384.000000 0.524961770 -1.287762761 0.091002703 0.699313283 -0.036531016 -0.195268974 -0.686655998
1413393975505760512.000000 0.537914634 -1.233178258 0.117326260 0.701340914 -0.036558505 -0.188035056 -0.686605632
1413393975555760384.000000 0.551188171 -1.182435036 0.145339847 0.703187943 -0.036175050 -0.181517482 -0.686490715
1413393975605760512.000000 0.563037872 -1.130064964 0.173594236 0.704285145 -0.037035741 -0.177081570 -0.686478734
1413393975655760384.000000 0.577722430 -1.086145639 0.204297900 0.704274714 -0.039113849 -0.175878197 -0.686683416
1413393975705760512.000000 0.592165589 -1.045798302 0.236797035 0.702450156 -0.044306248 -0.181301668 -0.686826408
1413393975755760384.000000 0.605237663 -1.006737947 0.270393431 0.700305641 -0.050403677 -0.189371407 -0.686418295
1413393975805760512.000000 0.620035708 -0.973158598 0.304962575 0.698520303 -0.055958789 -0.197578043 -0.685493231
1413393975855760384.000000 0.635488570 -0.942272067 0.339203894 0.697252870 -0.064097300 -0.204792827 -0.683951676
1413393975905760512.000000 0.649091721 -0.912950039 0.372142553 0.696194172 -0.072135925 -0.212427631 -0.681897819
1413393975955760384.000000 0.664673507 -0.887930393 0.405082881 0.696319461 -0.073282786 -0.217740044 -0.679969192
1413393976005760512.000000 0.679453373 -0.865580320 0.436861247 0.697054446 -0.069930024 -0.223028585 -0.677851975
1413393976055760384.000000 0.686828971 -0.846251845 0.466953695 0.698521435 -0.062688865 -0.226472542 -0.675905406
1413393976105760512.000000 0.696602285 -0.828103602 0.498364627 0.700158715 -0.055482842 -0.229619861 -0.673776150
1413393976155760384.000000 0.704308569 -0.811401367 0.529905438 0.701564372 -0.051316790 -0.232214868 -0.671751738
1413393976205760512.000000 0.704309046 -0.797918200 0.560586691 0.702095985 -0.049430612 -0.236407429 -0.669872701
1413393976255760384.000000 0.706777513 -0.784136653 0.592692018 0.702001154 -0.051155213 -0.240589365 -0.668351948
1413393976305760512.000000 0.707026362 -0.771058500 0.624603152 0.701745927 -0.055641074 -0.244076088 -0.666996002
1413393976355760384.000000 0.705287278 -0.760420382 0.654435396 0.701787412 -0.063000575 -0.245267123 -0.665859997
1413393976405760512.000000 0.707223892 -0.750280023 0.683019519 0.701419890 -0.069789574 -0.244843617 -0.665726125
1413393976455760384.000000 0.710351110 -0.741747081 0.708973229 0.699114799 -0.075052895 -0.245293766 -0.667410374
1413393976505760512.000000 0.715300083 -0.735889077 0.732555747 0.694761217 -0.075839654 -0.248035222 -0.670845628
1413393976555760384.000000 0.715895832 -0.737931132 0.753031552 0.689846933 -0.074082844 -0.249150917 -0.675682485
1413393976605760512.000000 0.721879482 -0.734529912 0.771373272 0.684775531 -0.070663482 -0.251049906 -0.680487394
1413393976655760384.000000 0.725070119 -0.731874228 0.788227677 0.679876804 -0.067854300 -0.252482980 -0.685139179
1413393976705760512.000000 0.726171196 -0.730177402 0.803963959 0.674577951 -0.069261216 -0.254682869 -0.689408541
1413393976755760384.000000 0.724364281 -0.729071498 0.818361044 0.669596970 -0.070331685 -0.256764799 -0.693372369
1413393976805760512.000000 0.719137311 -0.728412509 0.831294537 0.664782882 -0.069709986 -0.260370970 -0.696714580
1413393976855760384.000000 0.711580276 -0.728351593 0.841995597 0.660397708 -0.063960254 -0.265047133 -0.699667096
1413393976905760512.000000 0.696219444 -0.744857073 0.850560308 0.656175673 -0.053244624 -0.269725382 -0.702742398
1413393976955760384.000000 0.687553287 -0.747365236 0.854774535 0.653243542 -0.042203836 -0.273631841 -0.704710841
1413393977005760512.000000 0.679894805 -0.747285008 0.856976867 0.652200460 -0.028246781 -0.273627818 -0.706374288
1413393977055760384.000000 0.672374725 -0.747010469 0.856403887 0.653372109 -0.015876319 -0.269485682 -0.707269669
1413393977105760512.000000 0.666572928 -0.744648099 0.853875160 0.655437768 -0.005797844 -0.263553828 -0.707747996
1413393977155760384.000000 0.664650023 -0.739537120 0.849485457 0.657772303 -0.001272863 -0.256286949 -0.708273292
1413393977205760512.000000 0.666613579 -0.732422948 0.843697309 0.660773039 0.001375092 -0.248285219 -0.708330095
1413393977255760384.000000 0.672122061 -0.724336386 0.837092578 0.663268447 0.000867971 -0.241496965 -0.708345592
1413393977305760512.000000 0.681202054 -0.714033127 0.829941511 0.665551901 -0.000838172 -0.235049471 -0.708372593
1413393977355760384.000000 0.691182375 -0.707813859 0.823457539 0.667667925 -0.002040653 -0.230530083 -0.707863867
1413393977405760512.000000 0.704019070 -0.708568573 0.821446061 0.670409024 -0.003289036 -0.225465924 -0.706898987
1413393977455760384.000000 0.719749689 -0.698791146 0.814905345 0.671884298 -0.004019351 -0.223651946 -0.706070304
1413393977505760512.000000 0.736627698 -0.688756704 0.809293151 0.673935890 -0.001886608 -0.221026570 -0.704949796
1413393977555760384.000000 0.756204724 -0.673792958 0.804491580 0.675523877 -0.000577872 -0.220454380 -0.703610003
1413393977605760512.000000 0.772269368 -0.661927104 0.801803112 0.676789463 0.000575471 -0.220552474 -0.702361941
1413393977655760384.000000 0.785811365 -0.650076866 0.801285267 0.677944005 0.001305408 -0.220698789 -0.701200664
1413393977705760512.000000 0.796448946 -0.637733817 0.803044677 0.679280937 0.002054048 -0.220644727 -0.699920774
1413393977755760384.000000 0.805149496 -0.625085950 0.806710005 0.680314958 0.002267302 -0.221842036 -0.698536038
1413393977805760512.000000 0.819533169 -0.617955685 0.812103093 0.681543410 0.001443931 -0.222395793 -0.697163284
1413393977855760384.000000 0.826900721 -0.604915619 0.819298387 0.682828009 0.001516589 -0.222309902 -0.695932448
1413393977905760512.000000 0.835004032 -0.592193484 0.827948213 0.684194684 0.000921723 -0.222470418 -0.694538593
1413393977955760384.000000 0.841916025 -0.577722669 0.838622928 0.685497999 0.000356610 -0.223608389 -0.692886472
1413393978005760512.000000 0.850921273 -0.564087391 0.849626601 0.686505973 -0.000638159 -0.225576416 -0.691248536
1413393978055760384.000000 0.860734582 -0.550398707 0.861606240 0.687432468 -0.002223709 -0.228593007 -0.689330816
1413393978105760512.000000 0.887441397 -0.527278423 0.870872259 0.687763453 -0.003201358 -0.233356863 -0.687397897
1413393978155760384.000000 0.899065614 -0.513362527 0.884349763 0.688190818 -0.006454054 -0.236735091 -0.685790241
1413393978205760512.000000 0.911157250 -0.499191046 0.898263216 0.689075708 -0.010294652 -0.239686653 -0.683826745
1413393978255760384.000000 0.922808409 -0.483852506 0.912927687 0.690879345 -0.014683074 -0.242596954 -0.680894256
1413393978305760512.000000 0.935206175 -0.469207883 0.926783681 0.693657398 -0.019091738 -0.244860664 -0.677139819
1413393978355760384.000000 0.952334762 -0.453648090 0.938777089 0.697518945 -0.025710832 -0.247325569 -0.672039032
1413393978405760512.000000 0.965105951 -0.439309120 0.951103210 0.702171028 -0.030728482 -0.249512419 -0.666149616
1413393978455760384.000000 0.978304267 -0.425618768 0.962250352 0.708177745 -0.037697010 -0.251324832 -0.658710182
1413393978505760512.000000 0.991377115 -0.412342906 0.972241759 0.714686036 -0.043391362 -0.253897518 -0.650290012
1413393978555760384.000000 1.009757161 -0.398579240 0.980914116 0.722683430 -0.048300650 -0.254993975 -0.640604258
1413393978605760512.000000 1.021703005 -0.387904644 0.988535821 0.730783999 -0.050102375 -0.258767247 -0.629669785
1413393978655760384.000000 1.033490181 -0.378742218 0.994949043 0.739142716 -0.051410057 -0.262533009 -0.618143618
1413393978705760512.000000 1.045725346 -0.369184494 1.000304103 0.747312009 -0.050650232 -0.267959535 -0.605934858
1413393978755760384.000000 1.056098938 -0.362593770 1.004675508 0.755346596 -0.049372617 -0.274465710 -0.593028307
1413393978805760512.000000 1.066752315 -0.356811166 1.008133411 0.762774646 -0.048650075 -0.280606091 -0.580575824
1413393978855760384.000000 1.078826070 -0.345434904 1.010052800 0.770875216 -0.049007177 -0.286505878 -0.566801727
1413393978905760512.000000 1.089891911 -0.341294050 1.010632038 0.779190600 -0.049912091 -0.290292501 -0.553264081
1413393978955760384.000000 1.100847006 -0.337739110 1.009804249 0.787147999 -0.052020952 -0.294001549 -0.539680481
1413393979005760512.000000 1.110914946 -0.334161758 1.007186174 0.794502914 -0.055169556 -0.298938930 -0.525696695
1413393979055760384.000000 1.121445417 -0.330981851 1.000993967 0.802009583 -0.057949401 -0.303195268 -0.511365950
1413393979105760512.000000 1.130443692 -0.330370069 0.995393574 0.809533417 -0.061440423 -0.307038307 -0.496596694
1413393979155760384.000000 1.138622999 -0.331201077 0.988049030 0.817588151 -0.062771291 -0.310380578 -0.480908781
1413393979205760512.000000 1.145402908 -0.333122849 0.979762256 0.826082468 -0.062635228 -0.312414050 -0.464824915
1413393979255760384.000000 1.148775101 -0.335512042 0.968528450 0.834132314 -0.062776066 -0.314549565 -0.448710442
1413393979305760512.000000 1.148678780 -0.340381503 0.959516048 0.841922164 -0.064185649 -0.316665322 -0.432169378
1413393979355760384.000000 1.145242095 -0.347204447 0.950367093 0.849237263 -0.067057602 -0.318770200 -0.415553838
1413393979405760512.000000 1.137788773 -0.355797887 0.940888882 0.855655670 -0.070671804 -0.321765989 -0.399156183
1413393979455760384.000000 1.127507210 -0.366474986 0.931634903 0.862033367 -0.074521288 -0.324023962 -0.382561952
1413393979505760512.000000 1.114493728 -0.379350424 0.922158122 0.867623031 -0.079375699 -0.326852977 -0.366192490
1413393979555760384.000000 1.099230647 -0.386820555 0.906201780 0.873063445 -0.083536945 -0.329880655 -0.349228650
1413393979605760512.000000 1.081572056 -0.403542936 0.893868923 0.878487647 -0.085951589 -0.332411349 -0.332226783
1413393979655760384.000000 1.062099814 -0.422065794 0.879214406 0.884248793 -0.085362069 -0.333837807 -0.315229714
1413393979705760512.000000 1.043276787 -0.443793356 0.863087773 0.890362799 -0.083443262 -0.333933294 -0.297959745
1413393979755760384.000000 1.025172949 -0.467965662 0.845012546 0.895844579 -0.080189645 -0.334401041 -0.281439573
1413393979805760512.000000 1.005589724 -0.491276413 0.826339245 0.901650131 -0.073670432 -0.333943963 -0.264728636
1413393979855760384.000000 0.989561737 -0.520678639 0.804667830 0.906400084 -0.066387825 -0.335324138 -0.248172134
1413393979905760512.000000 0.974302471 -0.551906347 0.781635761 0.910361528 -0.060069367 -0.337426335 -0.231898889
1413393979955760384.000000 0.959623039 -0.584202290 0.756877184 0.913694680 -0.054355171 -0.340193987 -0.215582177
1413393980005760512.000000 0.943066001 -0.614849806 0.733059764 0.916515350 -0.050025579 -0.343317211 -0.199073941
1413393980055760384.000000 0.928575099 -0.650031507 0.707143784 0.918242097 -0.042806908 -0.348630279 -0.182909638
1413393980105760512.000000 0.914206445 -0.685899556 0.680200338 0.919280529 -0.033899143 -0.354719847 -0.167176902
1413393980155760384.000000 0.898619831 -0.718160212 0.653367400 0.920155346 -0.022687368 -0.360143512 -0.151974142
1413393980205760512.000000 0.883886099 -0.753169298 0.624059558 0.919753134 -0.011612678 -0.367246300 -0.138019994
1413393980255760384.000000 0.869022012 -0.786757827 0.593428850 0.919144988 -0.001981733 -0.373126864 -0.126273766
1413393980305760512.000000 0.852319598 -0.815328121 0.562370777 0.918466926 0.005423242 -0.377908021 -0.116510473
1413393980355760384.000000 0.836907089 -0.845142961 0.528726339 0.917984247 0.010674696 -0.381152093 -0.109151818
1413393980405760512.000000 0.821077824 -0.872504473 0.492597342 0.918590248 0.014848878 -0.381049424 -0.103792332
1413393980455760384.000000 0.804545164 -0.894644201 0.454940915 0.920045137 0.016479315 -0.378564894 -0.099669963
1413393980505760512.000000 0.788008690 -0.916389108 0.415300369 0.922958136 0.017655334 -0.372076541 -0.096931748
1413393980555760384.000000 0.771375418 -0.935621619 0.374068379 0.926862180 0.017102534 -0.362674475 -0.095400535
1413393980605760512.000000 0.752050161 -0.949997306 0.327291489 0.931050777 0.017237363 -0.352072090 -0.094300821
1413393980655760384.000000 0.734786928 -0.964469314 0.284125149 0.934344232 0.017833527 -0.343315572 -0.093900472
1413393980705760512.000000 0.717446923 -0.976574719 0.240790129 0.936377943 0.017347643 -0.337716311 -0.094037749
1413393980755760384.000000 0.700097501 -0.986074865 0.197931826 0.936474383 0.017516004 -0.337461740 -0.093960203
1413393980805760512.000000 0.683942080 -0.994615316 0.154145956 0.934867799 0.015632171 -0.341917664 -0.094181947
1413393980855760384.000000 0.667232871 -1.000343561 0.111799479 0.932488739 0.012369933 -0.348408222 -0.094464697
1413393980905760512.000000 0.650230348 -1.003515959 0.068753183 0.928977370 0.008243132 -0.357751995 -0.094586894
1413393980955760384.000000 0.634179950 -1.005243540 0.024923205 0.926228881 0.001710128 -0.364837348 -0.094820082
1413393981005760512.000000 0.618356705 -1.005862474 -0.020353079 0.923920512 -0.006596847 -0.370638937 -0.094627298
1413393981055760384.000000 0.603414476 -1.005513430 -0.067837715 0.922868371 -0.014734712 -0.372977197 -0.094788544
1413393981105760512.000000 0.590695977 -1.008495569 -0.119296014 0.922690094 -0.023022296 -0.372950315 -0.094979443
1413393981155760384.000000 0.579437137 -1.008189559 -0.171789825 0.924030185 -0.029614558 -0.369211584 -0.094731182
1413393981205760512.000000 0.570846617 -1.008303404 -0.227051765 0.925754666 -0.035702351 -0.364332885 -0.094685063
1413393981255760384.000000 0.565182209 -1.008942723 -0.285134941 0.926460862 -0.039683715 -0.361946195 -0.095344156
1413393981305760512.000000 0.561931849 -1.010755301 -0.345936745 0.926338255 -0.041516710 -0.361802310 -0.096296407
1413393981355760384.000000 0.560192466 -1.016691923 -0.408898115 0.925474167 -0.043661140 -0.363467664 -0.097379066
1413393981405760512.000000 0.557429492 -1.020785093 -0.471842766 0.924520195 -0.042267229 -0.365676671 -0.098774627
1413393981455760384.000000 0.553528905 -1.026180267 -0.535081089 0.924094200 -0.036885448 -0.366969228 -0.100115463
1413393981505760512.000000 0.547513247 -1.033525944 -0.599544287 0.924158216 -0.029782863 -0.366977602 -0.101843312
1413393981555760384.000000 0.538343132 -1.040597320 -0.663318932 0.924528718 -0.021083260 -0.366148829 -0.103620827
1413393981605760512.000000 0.525820076 -1.047535896 -0.726785302 0.924860954 -0.014780129 -0.365114957 -0.105379418
1413393981655760384.000000 0.509817302 -1.053710222 -0.790349662 0.924786627 -0.009704903 -0.365033239 -0.106893398
1413393981705760512.000000 0.482217163 -1.055542231 -0.855867386 0.924804747 -0.005451353 -0.364601225 -0.108501576
1413393981755760384.000000 0.460134923 -1.059419990 -0.920040488 0.925065339 -0.000634382 -0.363569826 -0.109866790
1413393981805760512.000000 0.435264617 -1.061617613 -0.984286666 0.926035583 0.003284971 -0.360618055 -0.111364476
1413393981855760384.000000 0.409266800 -1.062394738 -1.047793388 0.926805437 0.008101259 -0.357469767 -0.114810593
1413393981905760512.000000 0.380370170 -1.060898304 -1.111743450 0.927637100 0.012365318 -0.353401780 -0.120182298
1413393981955760384.000000 0.350834757 -1.056946278 -1.176266432 0.928459525 0.015898606 -0.348495185 -0.127519965
1413393982005760512.000000 0.315020800 -1.050781727 -1.243504643 0.929108143 0.017680518 -0.343129873 -0.136775151
1413393982055760384.000000 0.286191285 -1.042241335 -1.307315469 0.928727329 0.018878918 -0.339639455 -0.147492871
1413393982105760512.000000 0.258046061 -1.031047106 -1.371164560 0.928084791 0.019586978 -0.335396081 -0.160575792
1413393982155760384.000000 0.230793595 -1.017429113 -1.433730125 0.927117467 0.019195352 -0.330654979 -0.175362960
1413393982205760512.000000 0.204315424 -1.001205087 -1.496293783 0.924977481 0.018032832 -0.327585816 -0.191778660
1413393982255760384.000000 0.175824404 -0.983690858 -1.562187195 0.922210038 0.016047038 -0.323930174 -0.210571840
1413393982305760512.000000 0.151357055 -0.962897539 -1.623479962 0.918691337 0.014690007 -0.320513725 -0.230350792
1413393982355760384.000000 0.127489984 -0.940375090 -1.683197737 0.913271725 0.013727230 -0.319913089 -0.251797557
1413393982405760512.000000 0.104553491 -0.916141272 -1.741914749 0.906878114 0.013839918 -0.319324523 -0.274613261
1413393982455760384.000000 0.082659900 -0.891082287 -1.803121328 0.899584293 0.014338256 -0.318533689 -0.298460722
1413393982505760512.000000 0.061258972 -0.864098310 -1.857718468 0.891376555 0.015180668 -0.317299515 -0.323324174
1413393982555760384.000000 0.040343761 -0.835838318 -1.911891699 0.882263303 0.015325294 -0.315208584 -0.349313974
1413393982605760512.000000 0.022102505 -0.805531979 -1.967736483 0.872381687 0.016365819 -0.311617494 -0.376267076
1413393982655760384.000000 0.002351403 -0.773337841 -2.019551992 0.861864388 0.018029893 -0.306313723 -0.403778076
1413393982705760512.000000 -0.017344624 -0.739467144 -2.070006371 0.850496709 0.020834213 -0.300057709 -0.431493729
1413393982755760384.000000 -0.033343405 -0.703637600 -2.122229815 0.837879419 0.023977600 -0.292510480 -0.460239977
1413393982805760512.000000 -0.051689513 -0.666269302 -2.170183659 0.824990153 0.027537083 -0.283233166 -0.488274574
1413393982855760384.000000 -0.069209859 -0.627334356 -2.216451645 0.811419249 0.030534023 -0.272914231 -0.515930593
1413393982905760512.000000 -0.082322240 -0.588827610 -2.255964518 0.796640873 0.033905808 -0.262339473 -0.543499529
1413393982955760384.000000 -0.098950386 -0.547567844 -2.297138929 0.780854166 0.036813065 -0.253296733 -0.569870472
1413393983005760512.000000 -0.115116902 -0.505400896 -2.335322618 0.764338672 0.038638249 -0.244837523 -0.595271468
1413393983055760384.000000 -0.124743700 -0.462545156 -2.370378017 0.747055650 0.041340154 -0.236081496 -0.620051920
1413393983105760512.000000 -0.138372779 -0.418534279 -2.402468681 0.729819775 0.043655571 -0.225921839 -0.643752098
1413393983155760384.000000 -0.150766358 -0.373379707 -2.431414843 0.712237895 0.047341816 -0.215140671 -0.666476130
1413393983205760512.000000 -0.158436880 -0.327434778 -2.456251383 0.694235146 0.051075954 -0.204222471 -0.688274682
1413393983255760384.000000 -0.168302357 -0.280933142 -2.477808237 0.676205993 0.053760223 -0.192422390 -0.709104359
1413393983305760512.000000 -0.176739961 -0.234093904 -2.495131493 0.657307148 0.056431592 -0.181278333 -0.729315519
1413393983355760384.000000 -0.179750681 -0.187846780 -2.507106543 -0.638939440 -0.058023464 0.168340668 0.748365641
1413393983405760512.000000 -0.183707297 -0.140610099 -2.515930176 -0.620300829 -0.057659961 0.154953167 0.766741037
1413393983455760384.000000 -0.185388267 -0.093822837 -2.519895315 -0.601122797 -0.056009430 0.142597765 0.784334242
1413393983505760512.000000 -0.178659201 -0.050934911 -2.517736435 -0.582284272 -0.052406594 0.129572883 0.800880432
1413393983555760384.000000 -0.174395218 -0.006614089 -2.512008190 -0.562724352 -0.048772179 0.117358968 0.816816747
1413393983605760512.000000 -0.167318180 0.035787225 -2.501666307 -0.543116033 -0.044479884 0.104424588 0.831950784
1413393983655760384.000000 -0.157382682 0.076110959 -2.486486197 0.523173809 0.041108232 -0.093086608 -0.846129000
1413393983705760512.000000 -0.144951239 0.109998703 -2.467981339 -0.502882600 -0.035811458 0.082853109 0.859629035
1413393983755760384.000000 -0.131538108 0.144458771 -2.444564819 -0.482196808 -0.032101791 0.074514896 0.872297704
1413393983805760512.000000 -0.116510704 0.175518215 -2.417440414 -0.461413711 -0.028279865 0.068410113 0.884091437
1413393983855760384.000000 -0.099535212 0.202619970 -2.387455463 0.440790474 0.024418265 -0.062600806 -0.895091474
1413393983905760512.000000 -0.080661751 0.226733804 -2.353925228 0.420682460 0.020694336 -0.057328537 -0.905158281
1413393983955760384.000000 -0.060451366 0.242938280 -2.318484306 -0.401949137 -0.017432725 0.048685785 0.914200604
1413393984005760512.000000 -0.038526401 0.260019124 -2.279319048 -0.383010477 -0.014852548 0.041006561 0.922713876
1413393984055760384.000000 -0.014996476 0.273450762 -2.237450600 -0.364374876 -0.012383101 0.031635813 0.930632532
1413393984105760512.000000 0.009744870 0.282661259 -2.193394184 0.345324039 0.009749734 -0.022022199 -0.938174427
1413393984155760384.000000 0.036280937 0.284321010 -2.148653984 -0.326306701 -0.007466741 0.012151616 0.945156395
1413393984205760512.000000 0.063862152 0.284818172 -2.100034952 -0.306845129 -0.004868273 0.002603001 0.951743424
1413393984255760384.000000 0.092770606 0.280576646 -2.049660683 -0.287347227 -0.002325052 -0.006268605 0.957803130
1413393984305760512.000000 0.125710115 0.267792493 -2.000283480 -0.267791659 0.000631715 -0.012003926 0.963401914
1413393984355760384.000000 0.156297177 0.254679173 -1.947220564 -0.248746529 0.003625521 -0.016368030 0.968423545
1413393984405760512.000000 0.188049436 0.237052053 -1.893414497 -0.231067926 0.007593189 -0.021252092 0.972675920
1413393984455760384.000000 0.219711974 0.212055758 -1.840881824 -0.214971215 0.010376354 -0.026455658 0.976206839
1413393984505760512.000000 0.252495617 0.185509980 -1.786849499 -0.200233668 0.014146170 -0.031064263 0.979153454
1413393984555760384.000000 0.285413504 0.154591143 -1.732724905 -0.186421245 0.018283399 -0.036015239 0.981639326
1413393984605760512.000000 0.320619524 0.117162913 -1.682406306 -0.173072472 0.019582339 -0.037367824 0.984005153
1413393984655760384.000000 0.350217313 0.078105070 -1.627899766 -0.158947483 0.019370988 -0.032122441 0.986574233
1413393984705760512.000000 0.376940787 0.035943963 -1.573058844 -0.144825324 0.019571306 -0.020390386 0.989053547
1413393984755760384.000000 0.401139200 -0.008469431 -1.517711043 -0.133566469 0.020157959 -0.009441279 0.990789890
1413393984805760512.000000 0.422708511 -0.054311715 -1.461441994 -0.124406159 0.020443628 0.001502005 0.992019653
1413393984855760384.000000 0.441114962 -0.100757599 -1.404868126 -0.116827153 0.017710466 0.015926871 0.992866635
1413393984905760512.000000 0.456063241 -0.146197647 -1.348248720 -0.112642154 0.013129562 0.032677855 0.993011415
1413393984955760384.000000 0.468546599 -0.191685364 -1.291248560 -0.112037465 0.008617575 0.049749251 0.992420495
1413393985005760512.000000 0.479027808 -0.235585898 -1.234560251 -0.115618125 0.005507620 0.064740710 0.991166353
1413393985055760384.000000 0.483868152 -0.279537052 -1.176654100 -0.124505736 0.002999339 0.074359573 0.989424109
1413393985105760512.000000 0.490989089 -0.318566084 -1.119876385 -0.136994809 0.003648211 0.080427594 0.987294555
1413393985155760384.000000 0.497335523 -0.354974180 -1.062973142 -0.153449118 0.006718953 0.080973335 0.984810472
1413393985205760512.000000 0.501259267 -0.390182465 -1.006653190 -0.171475261 0.010950701 0.080456205 0.981836617
1413393985255760384.000000 0.503676355 -0.423037171 -0.950265169 -0.190893188 0.014511722 0.079211406 0.978302002
1413393985305760512.000000 0.505372643 -0.454962313 -0.894540191 -0.211275905 0.017629698 0.077396028 0.974197924
1413393985355760384.000000 0.506270647 -0.487254947 -0.840040743 -0.232212543 0.018756490 0.075740315 0.969530284
1413393985405760512.000000 0.508403063 -0.518631935 -0.786074698 -0.252783567 0.020145545 0.075608023 0.964353740
1413393985455760384.000000 0.510373116 -0.550464511 -0.733070731 -0.273058206 0.020367211 0.077806465 0.958629489
1413393985505760512.000000 0.512638032 -0.583697379 -0.681425214 0.292702168 -0.021413887 -0.080636092 -0.952556968
1413393985555760384.000000 0.509894550 -0.618882477 -0.628624320 -0.310615569 0.021100819 0.087714031 0.946244717
1413393985605760512.000000 0.512306809 -0.653194726 -0.577395976 -0.326959968 0.018780349 0.098253973 0.939729095
1413393985655760384.000000 0.514567554 -0.688120604 -0.526534915 -0.341648996 0.014100802 0.111456372 0.933088839
1413393985705760512.000000 0.517116666 -0.724008858 -0.477116942 0.355178922 -0.009139948 -0.126504943 -0.926153839
1413393985755760384.000000 0.510263979 -0.761851132 -0.423591197 -0.368883818 0.003306902 0.140743971 0.918751836
1413393985805760512.000000 0.514016330 -0.795820892 -0.374359846 -0.381967545 -0.001878838 0.153893262 0.911270678
1413393985855760384.000000 0.519521236 -0.828135848 -0.325517595 -0.394568294 -0.006279432 0.167013168 0.903539181
1413393985905760512.000000 0.526675224 -0.858028173 -0.276728809 0.407025009 0.008135184 -0.180519387 -0.895364344
1413393985955760384.000000 0.530072272 -0.884859860 -0.227908701 -0.419850916 -0.009555734 0.192051813 0.886989295
1413393986005760512.000000 0.542129219 -0.907795191 -0.180899978 -0.432906747 -0.008564902 0.202475086 0.878363431
1413393986055760384.000000 0.554786861 -0.927580059 -0.134618014 -0.445946485 -0.007398704 0.211104676 0.869776964
1413393986105760512.000000 0.555512071 -0.951686859 -0.086179048 -0.458990723 -0.003935496 0.220812276 0.860554457
1413393986155760384.000000 0.569927990 -0.965696454 -0.043532372 -0.471483946 -0.000328368 0.230122074 0.851320565
1413393986205760512.000000 0.583574057 -0.976769686 -0.002343297 -0.483072847 0.005311307 0.241560817 0.841582417
1413393986255760384.000000 0.591592312 -0.988306999 0.038688034 -0.495226860 0.013641058 0.251515716 0.831447065
1413393986305760512.000000 0.605627537 -0.992540121 0.074745744 -0.507215917 0.019273242 0.262378156 0.820681632
1413393986355760384.000000 0.619328082 -0.993439496 0.107731640 -0.519562542 0.024631290 0.271687955 0.809712172
1413393986405760512.000000 0.627167940 -0.994079947 0.140482932 -0.532874107 0.032047298 0.279185802 0.798168778
1413393986455760384.000000 0.638983488 -0.988018811 0.166853756 -0.545783758 0.034988925 0.286647052 0.786593556
1413393986505760512.000000 0.650842071 -0.978991568 0.188433617 -0.560971320 0.036611922 0.287790716 0.775336862
1413393986555760384.000000 0.660003126 -0.975794792 0.208816707 0.579465449 -0.036457669 -0.280514479 -0.764331281
1413393986605760512.000000 0.672174811 -0.961990178 0.222240299 0.598961413 -0.032195803 -0.269046158 -0.753540277
1413393986655760384.000000 0.683160245 -0.945962071 0.234199971 0.617904305 -0.025660528 -0.256856948 -0.742671132
1413393986705760512.000000 0.696009576 -0.928954840 0.242831409 0.636622429 -0.024572685 -0.244226366 -0.731068790
1413393986755760384.000000 0.703379631 -0.914883077 0.254357874 0.653739214 -0.022918167 -0.233382002 -0.719466925
1413393986805760512.000000 0.715514183 -0.897831440 0.262839556 0.670254707 -0.022076027 -0.223046422 -0.707475603
1413393986855760384.000000 0.727457047 -0.882064819 0.271862388 0.685158789 -0.021035939 -0.213892534 -0.695963383
1413393986905760512.000000 0.738436580 -0.868650079 0.283388853 0.697281957 -0.020435030 -0.207285151 -0.685866833
1413393986955760384.000000 0.750901878 -0.858428836 0.296503663 0.705800354 -0.019057186 -0.206996948 -0.677225947
1413393987005760512.000000 0.761184335 -0.846905112 0.311131835 0.711158335 -0.016611561 -0.212170884 -0.670045853
1413393987055760384.000000 0.770229816 -0.836699963 0.327843308 0.715165913 -0.014040238 -0.217904121 -0.663971663
1413393987105760512.000000 0.777935386 -0.828674197 0.346952856 0.717845857 -0.011527915 -0.223504201 -0.659249902
1413393987155760384.000000 0.783611298 -0.819942176 0.368050218 0.719756544 -0.009506363 -0.228495836 -0.655476868
1413393987205760512.000000 0.797638595 -0.807933867 0.387987971 0.721234143 -0.007971854 -0.233115673 -0.652238369
1413393987255760384.000000 0.802307308 -0.798800170 0.412008941 0.721812069 -0.005623773 -0.237196296 -0.650148928
1413393987305760512.000000 0.808592677 -0.789355218 0.436535776 0.722360969 -0.004334342 -0.240218356 -0.648437381
1413393987355760384.000000 0.815324903 -0.779931724 0.462555707 0.722266376 -0.003377443 -0.242792323 -0.647589207
1413393987405760512.000000 0.824105620 -0.769898415 0.488401026 0.722075999 -0.002199598 -0.244310036 -0.647235692
1413393987455760384.000000 0.839437723 -0.757915974 0.510767698 0.721229970 -0.002467938 -0.245739251 -0.647636831
1413393987505760512.000000 0.850896776 -0.747322917 0.537466705 0.721251845 -0.002553633 -0.245989352 -0.647517264
1413393987555760384.000000 0.864200830 -0.736226261 0.564003587 0.722537875 -0.003022708 -0.243996888 -0.646834910
1413393987605760512.000000 0.876068234 -0.725188076 0.591303229 0.724734426 -0.002678240 -0.242402419 -0.644975960
1413393987655760384.000000 0.900412083 -0.706922710 0.606675148 0.727353990 -0.003157800 -0.241298571 -0.642433882
1413393987705760512.000000 0.913930058 -0.695263147 0.634551048 0.730713964 -0.003651288 -0.241398573 -0.638569117
1413393987755760384.000000 0.927541494 -0.683604181 0.662978172 0.734347403 -0.005993196 -0.242243111 -0.634047568
1413393987805760512.000000 0.944285154 -0.669749320 0.690874934 0.736634851 -0.007110069 -0.245238751 -0.630219460
1413393987855760384.000000 0.956459463 -0.658396363 0.721253753 0.738521993 -0.010615903 -0.248569623 -0.626646519
1413393987905760512.000000 0.966735125 -0.646811724 0.752831817 0.739647567 -0.012847309 -0.252502531 -0.623697817
1413393987955760384.000000 0.978737831 -0.631885409 0.783966601 0.740858555 -0.014164734 -0.255664855 -0.620937526
1413393988005760512.000000 0.982950151 -0.619946003 0.818166733 0.742437959 -0.016079258 -0.256518543 -0.618648171
1413393988055760384.000000 0.984449387 -0.607778430 0.853532434 0.743838608 -0.016811518 -0.257502109 -0.616534114
1413393988105760512.000000 0.994422436 -0.587661982 0.884012938 0.745559871 -0.016456539 -0.257693619 -0.614380836
1413393988155760384.000000 0.991331458 -0.574885845 0.921209276 0.748053133 -0.016722154 -0.254401505 -0.612712741
1413393988205760512.000000 0.985622227 -0.562656760 0.959639668 0.750805616 -0.015779149 -0.250731796 -0.610881031
1413393988255760384.000000 0.978702366 -0.549704432 0.999346197 0.753246844 -0.014442052 -0.246667951 -0.609561741
1413393988305760512.000000 0.974377513 -0.534231663 1.037111044 0.755208611 -0.013113210 -0.243176073 -0.608566761
1413393988355760384.000000 0.967210650 -0.522544742 1.078509927 0.757354140 -0.011659572 -0.238459572 -0.607795894
1413393988405760512.000000 0.960889935 -0.511085749 1.120767713 0.759420335 -0.008058951 -0.233927071 -0.607037127
1413393988455760384.000000 0.956269860 -0.498903275 1.163422108 0.761536956 -0.000967152 -0.229086995 -0.606283486
1413393988505760512.000000 0.954952121 -0.487431765 1.203926921 0.763756335 0.009554642 -0.224185243 -0.605248809
1413393988555760384.000000 0.953106225 -0.476526737 1.250457764 0.765864372 0.018751886 -0.218828693 -0.604329526
1413393988605760512.000000 0.953502238 -0.465454698 1.299187660 0.767867267 0.025258454 -0.213675618 -0.603394270
1413393988655760384.000000 0.955866456 -0.453111410 1.347760677 0.767663002 0.023229588 -0.216228053 -0.602826238
1413393988705760512.000000 0.959204316 -0.441645145 1.401770115 0.766666889 0.020016361 -0.221730143 -0.602210164
1413393988755760384.000000 0.964078248 -0.430289865 1.458169222 0.764318049 0.010500683 -0.232437253 -0.601398945
1413393988805760512.000000 0.970421672 -0.417905569 1.515448093 0.762074709 0.001665818 -0.246184513 -0.598859489
1413393988855760384.000000 0.976551294 -0.408891439 1.570694208 0.758341849 -0.008798600 -0.266175151 -0.594971418
1413393988905760512.000000 0.988395870 -0.395901442 1.626409888 0.754664421 -0.020245468 -0.287570596 -0.589385211
1413393988955760384.000000 1.003549576 -0.382118225 1.678919792 0.752535403 -0.029160736 -0.306675553 -0.582056940
1413393989005760512.000000 1.021858335 -0.366690874 1.726213455 0.750933826 -0.037239790 -0.324381471 -0.574010670
1413393989055760384.000000 1.040071964 -0.354519606 1.768590450 0.749671102 -0.043357234 -0.340504944 -0.565835536
1413393989105760512.000000 1.063326955 -0.338313818 1.805933833 0.748044908 -0.049071070 -0.356583118 -0.557556689
1413393989155760384.000000 1.088700414 -0.321249485 1.836388707 0.747102797 -0.051874958 -0.370446831 -0.549468458
1413393989205760512.000000 1.116553307 -0.303832054 1.857820272 0.747355342 -0.051390819 -0.380526751 -0.542234600
1413393989255760384.000000 1.145101666 -0.287575006 1.870622873 0.750358522 -0.046534378 -0.384016335 -0.536029994
1413393989305760512.000000 1.177616835 -0.265211582 1.876048326 0.762332976 -0.034214932 -0.366918147 -0.532023311
1413393989355760384.000000 1.210815191 -0.240952015 1.876441002 0.776570082 -0.023250796 -0.341879547 -0.528693378
1413393989405760512.000000 1.242918968 -0.215897322 1.875077009 0.790752947 -0.016477708 -0.314067394 -0.525166512
1413393989455760384.000000 1.274345756 -0.188994884 1.871706724 0.803446472 -0.012842189 -0.286704004 -0.521641433
1413393989505760512.000000 1.303090453 -0.161608696 1.869661808 0.812750936 -0.011635153 -0.264612168 -0.518923044
1413393989555760384.000000 1.327573538 -0.135346174 1.870729208 0.819302082 -0.012437097 -0.248344257 -0.516637743
1413393989605760512.000000 1.350257277 -0.111259937 1.877151012 0.822837889 -0.012299920 -0.240194127 -0.514872253
1413393989655760384.000000 1.368502617 -0.086128473 1.883876085 0.824837804 -0.011441986 -0.236305878 -0.513489187
1413393989705760512.000000 1.383647084 -0.061548948 1.893375158 0.825724661 -0.009925553 -0.238362998 -0.511139214
1413393989755760384.000000 1.396417618 -0.037132263 1.905270219 0.826497495 -0.009485503 -0.242565453 -0.507911265
1413393989805760512.000000 1.407016516 -0.013943195 1.919771791 0.827317834 -0.011219667 -0.248500720 -0.503653467
1413393989855760384.000000 1.415724754 0.008307219 1.936295986 0.828510940 -0.017753247 -0.255255312 -0.498095632
1413393989905760512.000000 1.425155878 0.026118994 1.957495213 0.830044031 -0.025618132 -0.262839556 -0.491208881
1413393989955760384.000000 1.430172563 0.046349764 1.976819158 0.832437575 -0.036204692 -0.269439042 -0.482845187
1413393990005760512.000000 1.433053970 0.064927340 1.997281909 0.835855424 -0.048139915 -0.275849909 -0.472160161
1413393990055760384.000000 1.435439348 0.081370354 2.018646717 0.841494739 -0.055342659 -0.279319227 -0.459134758
1413393990105760512.000000 1.434553981 0.095968008 2.039480209 0.848273158 -0.059621003 -0.281920314 -0.444296032
1413393990155760384.000000 1.431432962 0.107945681 2.060607910 0.855823219 -0.062079232 -0.284312874 -0.427643567
1413393990205760512.000000 1.423973560 0.114081860 2.079253912 0.863349557 -0.063838102 -0.287108362 -0.410025746
1413393990255760384.000000 1.416335940 0.121361256 2.101470470 0.870499372 -0.064471222 -0.291584909 -0.391219348
1413393990305760512.000000 1.406675577 0.125909567 2.124250650 0.876729012 -0.065751992 -0.298262358 -0.371567756
1413393990355760384.000000 1.395825863 0.128177166 2.147263288 0.881911099 -0.066673443 -0.306956798 -0.351518184
1413393990405760512.000000 1.386014581 0.127805471 2.169276714 0.886978149 -0.068155549 -0.314742059 -0.331001610
1413393990455760384.000000 1.379641891 0.123903990 2.188255787 0.891362429 -0.072190851 -0.322418243 -0.310335487
1413393990505760512.000000 1.371408701 0.118729591 2.207655430 0.894749522 -0.076120406 -0.330870926 -0.290092379
1413393990555760384.000000 1.363685727 0.111412764 2.225569248 0.896568835 -0.079304285 -0.341369301 -0.270817518
1413393990605760512.000000 1.355960488 0.101709366 2.242029190 0.895913005 -0.079701006 -0.356793851 -0.252360672
1413393990655760384.000000 1.347759247 0.088281631 2.252254486 0.893350959 -0.075312182 -0.375317812 -0.235348195
1413393990705760512.000000 1.339000583 0.074607611 2.262972355 0.888694167 -0.061958447 -0.397060066 -0.220742345
1413393990755760384.000000 1.330612540 0.059713364 2.268630505 0.884999156 -0.041794486 -0.414267391 -0.208356261
1413393990805760512.000000 1.322478533 0.043958902 2.269451141 0.881350040 -0.020181973 -0.428398937 -0.198215067
1413393990855760384.000000 1.312984109 0.030833602 2.260936022 0.877947330 0.000840366 -0.439363509 -0.190177605
1413393990905760512.000000 1.304873943 0.019792199 2.249427557 0.877114773 0.018015612 -0.443316370 -0.183890730
1413393990955760384.000000 1.297716141 0.012286305 2.230642319 0.881379545 0.034320556 -0.435486168 -0.179844543
1413393991005760512.000000 1.291567326 0.008911729 2.205899715 0.889930427 0.045692861 -0.417208016 -0.178531855
1413393991055760384.000000 1.282777667 0.012745261 2.170377970 0.900876701 0.052458279 -0.392282665 -0.178279966
1413393991105760512.000000 1.277526975 0.019647956 2.136895418 0.913318336 0.052234013 -0.362151295 -0.178795338
1413393991155760384.000000 1.273419857 0.030814409 2.102432251 0.926051080 0.046821173 -0.328214824 -0.180311546
1413393991205760512.000000 1.267922997 0.046632886 2.065145016 0.937482536 0.035726544 -0.294743061 -0.181594983
1413393991255760384.000000 1.265215993 0.063292265 2.033596754 0.947165728 0.023861144 -0.261878312 -0.183650628
1413393991305760512.000000 1.263304114 0.081094146 2.006423950 0.954775274 0.012007235 -0.231989205 -0.185583204
1413393991355760384.000000 1.259999037 0.099169731 1.981631637 0.958488107 -0.003480296 -0.214246973 -0.188113734
1413393991405760512.000000 1.259319901 0.117299676 1.966019750 0.959621787 -0.017559012 -0.206068620 -0.190665841
1413393991455760384.000000 1.257650614 0.134493351 1.955495954 0.956397593 -0.029284958 -0.216529652 -0.193806812
1413393991505760512.000000 1.257130623 0.149819493 1.951415062 0.949912846 -0.040458623 -0.239244074 -0.196954638
1413393991555760384.000000 1.255836487 0.164654851 1.952211976 0.942176163 -0.052631535 -0.263729990 -0.199951440
1413393991605760512.000000 1.258123994 0.175305486 1.955580115 0.932688534 -0.064043209 -0.291471243 -0.202571422
1413393991655760384.000000 1.261446953 0.182860970 1.960307598 0.922286689 -0.073560923 -0.319651812 -0.204447761
1413393991705760512.000000 1.265119553 0.186363459 1.965116620 0.912805736 -0.078428075 -0.344174594 -0.205374494
1413393991755760384.000000 1.270948529 0.187307715 1.967172265 0.905388355 -0.080791265 -0.362782657 -0.205264241
1413393991805760512.000000 1.270951509 0.185554624 1.963262796 0.900792122 -0.079911172 -0.374669671 -0.204476267
1413393991855760384.000000 1.280258179 0.180562973 1.956234455 0.902702212 -0.073809907 -0.372043759 -0.203136414
1413393991905760512.000000 1.290970802 0.173114657 1.944836378 0.909868300 -0.059327394 -0.357502192 -0.202020407
1413393991955760384.000000 1.309509397 0.168866634 1.928859472 0.920190156 -0.042012446 -0.333527833 -0.200609714
1413393992005760512.000000 1.321979165 0.159450293 1.913569450 0.929962814 -0.030935751 -0.306900710 -0.200060487
1413393992055760384.000000 1.334174991 0.149514198 1.899654627 0.937850893 -0.021763887 -0.283024073 -0.199648470
1413393992105760512.000000 1.345165730 0.138609409 1.887912154 0.943233788 -0.015776085 -0.265377134 -0.199088514
1413393992155760384.000000 1.354712367 0.127894044 1.880888343 0.944400728 -0.011915993 -0.261532634 -0.198912188
1413393992205760512.000000 1.362425327 0.117103577 1.877928376 0.940806270 -0.006175654 -0.274539053 -0.198680371
1413393992255760384.000000 1.369803548 0.106402397 1.878284693 0.934967399 -0.000925302 -0.294041395 -0.198430896
1413393992305760512.000000 1.377558947 0.096198797 1.880673289 0.928015232 0.001258761 -0.315630674 -0.197897747
1413393992355760384.000000 1.385451198 0.087300658 1.883967519 0.919991970 -0.007296246 -0.338647723 -0.197178498
1413393992405760512.000000 1.393905878 0.080017209 1.887590528 0.912383735 -0.018915698 -0.358552933 -0.196565524
1413393992455760384.000000 1.400388479 0.072766423 1.889403105 0.906482220 -0.033434086 -0.372639835 -0.195734158
1413393992505760512.000000 1.400935411 0.064924598 1.886051655 0.903869689 -0.046212725 -0.378075540 -0.194789514
1413393992555760384.000000 1.404505968 0.057374835 1.882467508 0.905204475 -0.054057203 -0.374198884 -0.194056436
1413393992605760512.000000 1.405102253 0.048671842 1.877190113 0.909747183 -0.057002991 -0.362878859 -0.193467602
1413393992655760384.000000 1.404654622 0.038630128 1.869442105 0.918132544 -0.052038308 -0.342107832 -0.193098158
1413393992705760512.000000 1.403678536 0.027605414 1.860776424 0.927966475 -0.044448998 -0.315585852 -0.193153024
1413393992755760384.000000 1.405577898 0.014934897 1.852531791 0.937017977 -0.035830945 -0.288557470 -0.193515211
1413393992805760512.000000 1.404329777 0.002240062 1.846304178 0.943907976 -0.027359433 -0.266075760 -0.193630889
1413393992855760384.000000 1.402215242 -0.011829257 1.843677163 0.947819173 -0.018729996 -0.252394229 -0.193869144
1413393992905760512.000000 1.401010036 -0.026061177 1.844846368 0.948566496 -0.012065802 -0.249662369 -0.194280088
1413393992955760384.000000 1.400141597 -0.040690184 1.850122571 0.946065068 -0.005715455 -0.259311110 -0.194129005
1413393993005760512.000000 1.400437117 -0.055322528 1.858957648 0.941444576 0.000554307 -0.275733054 -0.194044247
1413393993055760384.000000 1.402344942 -0.069625497 1.870439887 0.935960889 0.006385439 -0.293735683 -0.194051161
1413393993105760512.000000 1.405939221 -0.082688332 1.883269548 0.930856824 0.008484622 -0.309831053 -0.193490058
1413393993155760384.000000 1.409972906 -0.094561338 1.897442818 0.923719347 0.007607420 -0.330694377 -0.193199456
1413393993205760512.000000 1.413868189 -0.104954600 1.911766887 0.915062129 0.004874835 -0.354299247 -0.192638800
1413393993255760384.000000 1.427730560 -0.115763545 1.929287672 0.904760659 0.004552524 -0.380435258 -0.191458896
1413393993305760512.000000 1.431322932 -0.122289896 1.939090610 0.894449294 0.004457137 -0.404499829 -0.190579608
1413393993355760384.000000 1.435203195 -0.127830148 1.944258332 0.886708796 0.006859160 -0.421528190 -0.189774826
1413393993405760512.000000 1.439264059 -0.130512714 1.943882585 0.882039905 0.012213928 -0.431362122 -0.189164430
1413393993455760384.000000 1.443431854 -0.130163789 1.937199593 0.881236970 0.018432140 -0.432698220 -0.189351410
1413393993505760512.000000 1.447835922 -0.126514554 1.923597455 0.885546267 0.021729302 -0.423446596 -0.189812407
1413393993555760384.000000 1.453014135 -0.119635224 1.904450297 0.894156694 0.021763096 -0.404735982 -0.190260470
1413393993605760512.000000 1.472997069 -0.111753583 1.892567396 0.905205309 0.019164376 -0.379136741 -0.191027641
1413393993655760384.000000 1.479469657 -0.099283338 1.867001534 0.917531550 0.015075435 -0.347920835 -0.191989034
1413393993705760512.000000 1.485912561 -0.085194111 1.841153860 0.929174006 0.010116498 -0.315498322 -0.192338824
1413393993755760384.000000 1.493144393 -0.070496321 1.818313479 0.939336479 0.005287189 -0.283800602 -0.192552134
1413393993805760512.000000 1.494042873 -0.054568172 1.798010230 0.946906328 0.001471796 -0.257466286 -0.192554951
1413393993855760384.000000 1.490420580 -0.038633108 1.782707453 0.952669740 -0.001741713 -0.235583693 -0.192139849
1413393993905760512.000000 1.482553840 -0.025495410 1.776669025 0.956902564 -0.004708936 -0.218093231 -0.191704661
1413393993955760384.000000 1.472328782 -0.009940267 1.773021936 0.960523248 -0.008360623 -0.202018976 -0.191085264
1413393994005760512.000000 1.461920977 0.004910827 1.775779963 0.962936521 -0.013953347 -0.190183327 -0.190758839
1413393994055760384.000000 1.453986645 0.012426734 1.798513055 0.964112818 -0.023257012 -0.182914436 -0.191018358
1413393994105760512.000000 1.453759909 0.023495317 1.814331412 0.963840127 -0.033061128 -0.182953432 -0.190911993
1413393994155760384.000000 1.461130857 0.031748652 1.837337971 0.962446749 -0.043718595 -0.187237144 -0.191643745
1413393994205760512.000000 1.475225210 0.036789298 1.867254376 0.960046053 -0.054576904 -0.195686147 -0.192457840
1413393994255760384.000000 1.495524883 0.038744211 1.900766492 0.956339777 -0.061650626 -0.210533231 -0.193104446
1413393994305760512.000000 1.518190622 0.033883810 1.941646218 0.950458705 -0.068271138 -0.232601628 -0.194586620
1413393994355760384.000000 1.547920942 0.028657079 1.981413484 0.943182766 -0.065142266 -0.261040092 -0.194989309
1413393994405760512.000000 1.576633573 0.019483566 2.025288105 0.933969378 -0.061019853 -0.292944163 -0.195349917
1413393994455760384.000000 1.597031593 0.005522847 2.083190918 0.922297895 -0.054215156 -0.328837812 -0.195686325
1413393994505760512.000000 1.617152452 -0.006588817 2.130608797 0.909235835 -0.045835227 -0.364905566 -0.195021346
1413393994555760384.000000 1.631453991 -0.019778252 2.179793835 0.895662487 -0.037722994 -0.398524761 -0.193762183
1413393994605760512.000000 1.637554526 -0.034123302 2.232371092 0.882025898 -0.030168317 -0.429469347 -0.191510767
1413393994655760384.000000 1.639971495 -0.047216177 2.278198242 0.869429529 -0.024184749 -0.456140369 -0.188264057
1413393994705760512.000000 1.637784719 -0.058909893 2.318945169 0.858606935 -0.018636929 -0.477786362 -0.184843436
1413393994755760384.000000 1.629866719 -0.069349289 2.352352858 0.852824986 -0.010539977 -0.489564061 -0.181398630
1413393994805760512.000000 1.623352766 -0.077263594 2.375104904 0.853615642 0.000447359 -0.489141762 -0.179110378
1413393994855760384.000000 1.617092371 -0.082003117 2.387134552 0.862662852 0.008747672 -0.473371923 -0.177919492
1413393994905760512.000000 1.611510515 -0.082835674 2.392126083 0.875903726 0.014340666 -0.448544055 -0.177187145
1413393994955760384.000000 1.603476763 -0.080857992 2.390962601 0.888558805 0.014391555 -0.423221499 -0.176464722
1413393995005760512.000000 1.593472481 -0.076189518 2.385663986 0.899435222 0.009940429 -0.400253296 -0.175256342
1413393995055760384.000000 1.581524491 -0.069537163 2.378673315 0.908329308 0.001403892 -0.380267113 -0.174163207
1413393995105760512.000000 1.567611337 -0.061459541 2.370525599 0.915364623 -0.010525024 -0.362992078 -0.173878253
1413393995155760384.000000 1.551643133 -0.052249432 2.361823797 0.919507742 -0.022259101 -0.351091355 -0.175342381
1413393995205760512.000000 1.533260822 -0.042559505 2.353388071 0.920949697 -0.039415862 -0.343872607 -0.179024309
1413393995255760384.000000 1.506471634 -0.029342771 2.329538345 0.920877397 -0.053091805 -0.338582277 -0.185817555
1413393995305760512.000000 1.484985232 -0.021259546 2.321129799 0.918862224 -0.063550577 -0.337265551 -0.194693476
1413393995355760384.000000 1.463186502 -0.015038013 2.311751842 0.915998638 -0.071878292 -0.336417466 -0.206405789
1413393995405760512.000000 1.441212893 -0.012348652 2.305990219 0.912663341 -0.076591358 -0.335710526 -0.220176905
1413393995455760384.000000 1.420684338 -0.007746696 2.288321018 0.909101844 -0.079356872 -0.334384233 -0.235422134
1413393995505760512.000000 1.400295973 -0.009021521 2.277066708 0.905254245 -0.078815445 -0.332676739 -0.252248138
1413393995555760384.000000 1.380750895 -0.012249231 2.262670040 0.901651978 -0.076448843 -0.328934520 -0.270150810
1413393995605760512.000000 1.362125278 -0.014362812 2.240965843 0.898002744 -0.071906850 -0.323770314 -0.289125115
1413393995655760384.000000 1.343683004 -0.022147417 2.225142002 0.894030333 -0.065797150 -0.316874743 -0.309791833
1413393995705760512.000000 1.326117158 -0.031816244 2.208657026 0.890416205 -0.058132999 -0.306759804 -0.331176758
1413393995755760384.000000 1.310081482 -0.039679050 2.186517000 0.885868490 -0.051069610 -0.296270907 -0.353344828
1413393995805760512.000000 1.294303179 -0.051608324 2.169572830 0.880102456 -0.045984436 -0.286070406 -0.376123518
1413393995855760384.000000 1.279251337 -0.064950705 2.153466463 0.873222589 -0.043907959 -0.276380122 -0.398959279
1413393995905760512.000000 1.265188098 -0.078123093 2.134026289 0.864901900 -0.043793257 -0.268511027 -0.421816021
1413393995955760384.000000 1.251003265 -0.094536304 2.119624376 0.856592596 -0.043589540 -0.260124415 -0.443491220
1413393996005760512.000000 1.236856580 -0.113178730 2.106583357 0.848145902 -0.044294681 -0.252949476 -0.463360697
1413393996055760384.000000 1.224375844 -0.132314205 2.093015671 0.840001643 -0.044915192 -0.247618780 -0.480692148
1413393996105760512.000000 1.210536003 -0.155271053 2.082384825 0.832886457 -0.046634704 -0.243052274 -0.495026261
1413393996155760384.000000 1.197086692 -0.180415154 2.072752953 0.825888813 -0.051241349 -0.241370603 -0.506973743
1413393996205760512.000000 1.183902264 -0.206809521 2.063409090 0.818302274 -0.055217728 -0.244282559 -0.517357230
1413393996255760384.000000 1.169476509 -0.236615896 2.054354668 0.810338080 -0.054504603 -0.252335787 -0.526030481
1413393996305760512.000000 1.154712677 -0.268444300 2.046718597 0.803914428 -0.050816625 -0.259373814 -0.532789350
1413393996355760384.000000 1.138936877 -0.302078962 2.039378643 0.798382163 -0.044678669 -0.266574740 -0.538077712
1413393996405760512.000000 1.124701858 -0.336325884 2.031918287 0.794577420 -0.037608121 -0.271330178 -0.541860104
1413393996455760384.000000 1.104783893 -0.371716022 2.025417089 0.791225255 -0.030833932 -0.276218355 -0.544715822
1413393996505760512.000000 1.082215190 -0.407403708 2.019754887 0.788426936 -0.025253711 -0.281050265 -0.546585798
1413393996555760384.000000 1.056249738 -0.442377329 2.014639139 0.786213517 -0.019299913 -0.286341369 -0.547270060
1413393996605760512.000000 1.032485485 -0.477682114 2.009970427 0.784391761 -0.013940865 -0.290931702 -0.547625840
1413393996655760384.000000 1.005237341 -0.511349440 2.005404711 0.782112658 -0.009646812 -0.294782400 -0.548917115
1413393996705760512.000000 0.979037285 -0.543684721 2.000447512 0.779969513 -0.006560780 -0.296863168 -0.550887406
1413393996755760384.000000 0.954201758 -0.574526787 1.994328976 0.777745664 -0.004447798 -0.297575593 -0.553661168
1413393996805760512.000000 0.934949696 -0.602344036 1.988205791 0.776140690 -0.002301458 -0.294600308 -0.557504356
1413393996855760384.000000 0.913156450 -0.629341602 1.981080413 0.773956954 -0.000455096 -0.290981680 -0.562423468
1413393996905760512.000000 0.893251121 -0.654767036 1.973598242 0.771388650 0.001386243 -0.287291884 -0.567821264
1413393996955760384.000000 0.874191523 -0.678558826 1.966192365 0.767999947 0.003879793 -0.284010828 -0.574020028
1413393997005760512.000000 0.858578205 -0.699777126 1.959222436 0.764406681 0.005928342 -0.281282008 -0.580110073
1413393997055760384.000000 0.842135191 -0.720299959 1.951396942 0.760628223 0.006873033 -0.279930502 -0.585693121
1413393997105760512.000000 0.826827705 -0.738906145 1.943436623 0.757546484 0.008889764 -0.277893066 -0.590609729
1413393997155760384.000000 0.813258290 -0.755823374 1.935449839 0.754921436 0.008808549 -0.276225537 -0.594739854
1413393997205760512.000000 0.801015854 -0.770891666 1.927245855 0.753433704 0.006622988 -0.272633135 -0.598301828
1413393997255760384.000000 0.789743543 -0.784447908 1.919190645 0.752376199 0.004030656 -0.268521667 -0.601506472
1413393997305760512.000000 0.779017508 -0.796725988 1.911514282 0.751557231 0.002109543 -0.264294952 -0.604405046
1413393997355760384.000000 0.767385185 -0.808063507 1.904957771 0.750894010 0.000107130 -0.260517180 -0.606868207
1413393997405760512.000000 0.752684116 -0.818349361 1.900053144 0.750173569 -0.001875848 -0.258110166 -0.608781755
1413393997455760384.000000 0.734847009 -0.826686144 1.898436427 0.749633431 -0.002598150 -0.256349206 -0.610186994
1413393997505760512.000000 0.712967515 -0.835746050 1.897425413 0.748961806 -0.003494574 -0.255469650 -0.611374915
1413393997555760384.000000 0.689184070 -0.845250607 1.898138285 0.749087036 -0.004749363 -0.253259271 -0.612132192
1413393997605760512.000000 0.666397929 -0.854254961 1.899561405 0.748898208 -0.006462947 -0.251644343 -0.613012910
1413393997655760384.000000 0.645417094 -0.862951756 1.901278019 0.749498546 -0.007876102 -0.249248683 -0.613241374
1413393997705760512.000000 0.626741469 -0.869611740 1.902971148 0.749252617 -0.008404068 -0.249493614 -0.613435388
1413393997755760384.000000 0.609741986 -0.877714872 1.905080557 0.748986781 -0.007919211 -0.250041783 -0.613543212
1413393997805760512.000000 0.594366431 -0.885586739 1.907531857 0.749071598 -0.006302345 -0.251174301 -0.612995505
1413393997855760384.000000 0.580649018 -0.893518925 1.911218643 0.749007940 -0.004941136 -0.252261281 -0.612639368
1413393997905760512.000000 0.568858922 -0.900907278 1.914557219 0.749156177 -0.003560704 -0.253307253 -0.612035751
1413393997955760384.000000 0.558742642 -0.907469988 1.918276429 0.749552488 -0.002317892 -0.254313946 -0.611138344
1413393998005760512.000000 0.549837172 -0.913546562 1.922595501 0.749931455 -0.001267320 -0.254717618 -0.610508144
1413393998055760384.000000 0.541739881 -0.918977976 1.927620292 0.750225365 0.000287386 -0.255965054 -0.609625876
1413393998105760512.000000 0.533500731 -0.924294472 1.935041070 0.751049876 0.001231050 -0.256593049 -0.608344197
1413393998155760384.000000 0.526985824 -0.928337574 1.941544652 0.752183080 0.001671012 -0.257053882 -0.606746376
1413393998205760512.000000 0.522145808 -0.931468725 1.948317289 0.753836691 0.001457635 -0.256529421 -0.604913950
1413393998255760384.000000 0.517929971 -0.934303284 1.955902696 0.755171835 0.001387628 -0.256819159 -0.603123248
1413393998305760512.000000 0.515093446 -0.936597824 1.964165211 0.756577373 -0.000180019 -0.256791115 -0.601372540
1413393998355760384.000000 0.513559520 -0.938298941 1.973161459 0.757505834 -0.001071156 -0.257471472 -0.599910259
1413393998405760512.000000 0.513057828 -0.939414024 1.983003378 0.757328451 -0.000249706 -0.261244714 -0.598502040
1413393998455760384.000000 0.514179587 -0.939695120 1.993369341 0.756298006 -0.000712254 -0.267084241 -0.597226024
1413393998505760512.000000 0.516251862 -0.938452244 2.004984379 0.755414665 -0.004217815 -0.272978187 -0.595662653
1413393998555760384.000000 0.520245671 -0.936830521 2.015304089 0.754744887 -0.008238171 -0.277304143 -0.594470203
1413393998605760512.000000 0.524753630 -0.934497833 2.025398493 0.753915608 -0.016164081 -0.281382233 -0.593442619
1413393998655760384.000000 0.528083384 -0.931610346 2.035809040 0.753439724 -0.024245653 -0.283819020 -0.592610836
1413393998705760512.000000 0.530084670 -0.928563118 2.046153784 0.752439439 -0.032857668 -0.286625296 -0.592115879
1413393998755760384.000000 0.530875027 -0.925400972 2.055671930 0.751347840 -0.039971992 -0.289118618 -0.591852367
1413393998805760512.000000 0.531062722 -0.922450304 2.063780308 0.750948310 -0.045208685 -0.289416343 -0.591837049
1413393998855760384.000000 0.529918313 -0.919788122 2.071039438 0.751116157 -0.046775755 -0.288382888 -0.592006743
1413393998905760512.000000 0.527683854 -0.917791843 2.076974630 0.751704276 -0.044750940 -0.286524862 -0.592318833
1413393998955760384.000000 0.524903536 -0.916092157 2.081673145 0.753646195 -0.038987756 -0.281452984 -0.592690229
1413393999005760512.000000 0.520743489 -0.909573078 2.084035397 0.756368339 -0.032750659 -0.274148971 -0.593023300
1413393999055760384.000000 0.516847253 -0.908055782 2.087359905 0.759406447 -0.026064467 -0.266228378 -0.593081057
1413393999105760512.000000 0.512264132 -0.908255339 2.090965986 0.761659801 -0.017453669 -0.260125667 -0.593215406
1413393999155760384.000000 0.506628990 -0.908105850 2.095633507 0.762291908 -0.009013996 -0.258676589 -0.593225360
1413393999205760512.000000 0.500989199 -0.904705524 2.099205971 0.762155175 -0.002926198 -0.259755909 -0.592990577
1413393999255760384.000000 0.494634151 -0.903772116 2.105922461 0.760992348 0.000453370 -0.263346881 -0.592907250
1413393999305760512.000000 0.487904966 -0.901720762 2.113308668 0.758707047 -0.000713173 -0.270182401 -0.592760146
1413393999355760384.000000 0.481953293 -0.897259951 2.119106054 0.756185591 -0.006256063 -0.277371734 -0.592629075
1413393999405760512.000000 0.476115227 -0.893305063 2.127016068 0.753969789 -0.012334364 -0.283522218 -0.592446387
1413393999455760384.000000 0.470258713 -0.888126850 2.134424925 0.752114177 -0.016489323 -0.288645595 -0.592229784
1413393999505760512.000000 0.465107709 -0.881997824 2.139160633 0.751226842 -0.021448191 -0.291445136 -0.591826022
1413393999555760384.000000 0.460128933 -0.875539303 2.144476414 0.750591397 -0.026410522 -0.293756992 -0.591288388
1413393999605760512.000000 0.454502463 -0.868055344 2.147924662 0.750571370 -0.032471713 -0.294288427 -0.590747595
1413393999655760384.000000 0.449692309 -0.859574556 2.149869442 0.750543535 -0.036402822 -0.294410288 -0.590492845
1413393999705760512.000000 0.442873955 -0.850757599 2.150466681 0.750457585 -0.039860889 -0.294579595 -0.590294361
1413393999755760384.000000 0.435293317 -0.842432976 2.150020123 0.750167787 -0.042382617 -0.294961214 -0.590296566
1413393999805760512.000000 0.424442112 -0.835813999 2.151281595 0.750158787 -0.044665109 -0.294249833 -0.590494633
1413393999855760384.000000 0.411714405 -0.827534199 2.149582386 0.749442637 -0.045893971 -0.295462251 -0.590704381
1413393999905760512.000000 0.396571070 -0.819510937 2.147791862 0.748993635 -0.046949804 -0.295475066 -0.591184318
1413393999955760384.000000 0.380036652 -0.811748266 2.144284010 0.749777198 -0.044374973 -0.292519957 -0.591859043
1413394000005760512.000000 0.363020033 -0.804696560 2.140026093 0.754258811 -0.037333760 -0.281504840 -0.591992319
1413394000055760384.000000 0.357483923 -0.800516844 2.135947704 0.762649357 -0.023208342 -0.263658851 -0.590179145
1413394000105760512.000000 0.365373701 -0.802304983 2.136086464 0.760163188 -0.029029315 -0.269101292 -0.590672255
1413394000155760384.000000 0.376055330 -0.803207874 2.133348942 0.765873313 -0.024983246 -0.256597668 -0.589043021
1413394000205760512.000000 0.380755305 -0.804905653 2.134820223 0.770696104 -0.017964344 -0.246631533 -0.587262928
1413394000255760384.000000 0.377969354 -0.806653023 2.138021231 0.773905396 -0.008295070 -0.241423443 -0.585419774
1413394000305760512.000000 0.367878795 -0.809096098 2.142231941 0.775918603 -0.008758541 -0.245760575 -0.580926418
1413394000355760384.000000 0.359566987 -0.811256647 2.140188456 0.770865381 -0.038336709 -0.263591290 -0.578633308
1413394000405760512.000000 0.364372402 -0.812664986 2.134445667 0.773083925 -0.029882384 -0.255477428 -0.579810023
1413394000455760384.000000 0.363202631 -0.811650515 2.138047218 0.772887468 -0.026896864 -0.256581843 -0.579730451
1413394000505760512.000000 0.357949466 -0.811342716 2.140606880 0.772172987 -0.026254859 -0.259181350 -0.579555631
1413394000555760384.000000 0.359433472 -0.811643362 2.138554573 0.772707641 -0.028417557 -0.257264704 -0.579595029
1413394000605760512.000000 0.360510439 -0.810332298 2.138305426 0.772342026 -0.032910101 -0.258239448 -0.579411089
1413394000655760384.000000 0.359074324 -0.809222698 2.138868809 0.773131311 -0.027467497 -0.256132901 -0.579577088
1413394000705760512.000000 0.359567314 -0.808142662 2.138735771 0.772244573 -0.030293055 -0.258788705 -0.579438686
1413394000755760384.000000 0.359018773 -0.807720184 2.138124704 0.772627771 -0.028434416 -0.257619679 -0.579542816
1413394000805760512.000000 0.359261543 -0.807201624 2.138525009 0.772607327 -0.031011926 -0.257792801 -0.579360843
1413394000855760384.000000 0.359143823 -0.806852579 2.138222218 0.772857308 -0.029127484 -0.257030338 -0.579464078
1413394000905760512.000000 0.358751088 -0.806528807 2.138073206 0.772436440 -0.030476326 -0.258400708 -0.579346478
1413394000955760384.000000 0.358625382 -0.810454607 2.139172316 0.772666872 -0.029548334 -0.257388324 -0.579537749
1413394001005760512.000000 0.358515710 -0.810068369 2.139124632 0.772541881 -0.030656198 -0.257737815 -0.579491556
1413394001055760384.000000 0.358437300 -0.809626341 2.138678312 0.772668242 -0.029925877 -0.257473499 -0.579478741
1413394001105760512.000000 0.358330607 -0.809147120 2.138761282 0.772419989 -0.030400706 -0.258196294 -0.579463422
1413394001155760384.000000 0.358342230 -0.809032679 2.138523579 0.772654533 -0.030132491 -0.257450223 -0.579496741
1413394001205760512.000000 0.358274728 -0.808825731 2.138524055 0.772532344 -0.030574992 -0.258000284 -0.579391837
1413394001255760384.000000 0.358216584 -0.808929205 2.138554096 0.772522867 -0.030130383 -0.257791013 -0.579520881
1413394001305760512.000000 0.358272374 -0.809222698 2.138609886 0.772503555 -0.030526048 -0.257929057 -0.579464376
1413394001355760384.000000 0.358383626 -0.809834242 2.138784170 0.772631645 -0.030279662 -0.257688075 -0.579413772
1413394001405760512.000000 0.358472675 -0.810251713 2.139077187 0.772491813 -0.030545363 -0.257862866 -0.579508543
1413394001455760384.000000 0.358235866 -0.809842110 2.138830662 0.772560298 -0.030334940 -0.257757068 -0.579475462
1413394001505760512.000000 0.358348668 -0.810145378 2.139049053 0.772563219 -0.030589966 -0.257796198 -0.579440713
1413394001555760384.000000 0.358269662 -0.810018778 2.138867378 0.772534192 -0.030397031 -0.257888556 -0.579448462
1413394001605760512.000000 0.358349383 -0.810214281 2.138911009 0.772499800 -0.030600077 -0.257976562 -0.579444349
1413394001655760384.000000 0.358441681 -0.810452700 2.138993740 0.772515476 -0.030597197 -0.257886499 -0.579463840
1413394001705760512.000000 0.358520508 -0.810579538 2.139049768 0.772438288 -0.030650102 -0.257987857 -0.579518855
1413394001755760384.000000 0.358560443 -0.810709238 2.139109373 0.772433043 -0.030682674 -0.257954448 -0.579538822
1413394001805760512.000000 0.358496070 -0.810669661 2.139079094 0.772380948 -0.030733690 -0.257995605 -0.579587340
1413394001855760384.000000 0.358491778 -0.810714722 2.139038324 0.772368014 -0.030732663 -0.258033574 -0.579587638
1413394001905760512.000000 0.358481705 -0.810609818 2.139056206 0.772354066 -0.030796176 -0.258086979 -0.579579055
1413394001955760384.000000 0.358163893 -0.810969353 2.139433384 0.772365570 -0.030889966 -0.258102834 -0.579551756
1413394002005760512.000000 0.358113110 -0.810746193 2.139305830 0.772412360 -0.030887775 -0.258123517 -0.579480290
1413394002055760384.000000 0.358374387 -0.810496807 2.139069557 0.772455633 -0.030902112 -0.258143932 -0.579412758
1413394002105760512.000000 0.358566076 -0.810373306 2.138874054 0.772474945 -0.030940233 -0.258146673 -0.579383731
1413394002155760384.000000 0.358589798 -0.810218096 2.138799906 0.772437871 -0.030946339 -0.258234292 -0.579393864
1413394002205760512.000000 0.358558893 -0.810102224 2.138781071 0.772415042 -0.030959208 -0.258279353 -0.579403520
1413394002255760384.000000 0.358436882 -0.810105801 2.138846159 0.772433579 -0.031009560 -0.258176684 -0.579421818
1413394002305760512.000000 0.358319879 -0.810255766 2.138971329 0.772410333 -0.030988960 -0.258213550 -0.579437494
1413394002355760384.000000 0.358222365 -0.810436487 2.139083862 0.772426426 -0.031080652 -0.258216381 -0.579409897
1413394002405760512.000000 0.358144730 -0.810600281 2.139225006 0.772432685 -0.031048860 -0.258169323 -0.579424202
1413394002455760384.000000 0.358162582 -0.810866356 2.139426708 0.772381604 -0.031176744 -0.258273005 -0.579439163
1413394002505760512.000000 0.358173430 -0.810999870 2.139458895 0.772389710 -0.031170150 -0.258269101 -0.579430461
1413394002555760384.000000 0.358367652 -0.810936451 2.139224768 0.772384226 -0.031176083 -0.258296221 -0.579425454
1413394002605760512.000000 0.358444840 -0.810950518 2.139175415 0.772363544 -0.031249685 -0.258336693 -0.579430878
1413394002655760384.000000 0.358453751 -0.810938835 2.139201164 0.772361755 -0.031189686 -0.258339942 -0.579434931
1413394002705760512.000000 0.358411133 -0.810903788 2.139275074 0.772352874 -0.031276688 -0.258378893 -0.579424858
1413394002755760384.000000 0.358295977 -0.810857296 2.139342785 0.772337496 -0.031188350 -0.258404344 -0.579438746
1413394002805760512.000000 0.358210593 -0.810884953 2.139388561 0.772357583 -0.031336021 -0.258357733 -0.579424858
1413394002855760384.000000 0.358158410 -0.810836554 2.139265776 0.772285879 -0.031260032 -0.258590430 -0.579420805
1413394002905760512.000000 0.358040869 -0.810797453 2.139388800 0.772309303 -0.031203598 -0.258465439 -0.579448283
1413394002955760384.000000 0.358409733 -0.811137438 2.139524221 0.772336304 -0.031347804 -0.258588195 -0.579349756
1413394003005760512.000000 0.358430207 -0.811143160 2.139548540 0.772302032 -0.031285450 -0.258666337 -0.579363883
1413394003055760384.000000 0.358242720 -0.811205626 2.139515400 0.772295058 -0.031428296 -0.258710325 -0.579345882
1413394003105760512.000000 0.358148724 -0.811176538 2.139511347 0.772294939 -0.031337973 -0.258678406 -0.579365194
1413394003155760384.000000 0.358102441 -0.811109781 2.139505625 0.772259951 -0.031472210 -0.258764863 -0.579365909
1413394003205760512.000000 0.358108968 -0.811011076 2.139443636 0.772292972 -0.031414937 -0.258656323 -0.579373419
1413394003255760384.000000 0.358121127 -0.810958624 2.139397860 0.772231698 -0.031489108 -0.258773834 -0.579398692
1413394003305760512.000000 0.358105749 -0.810878277 2.139268875 0.772260308 -0.031464458 -0.258688509 -0.579400003
1413394003355760384.000000 0.358157188 -0.810872078 2.139234304 0.772257984 -0.031601876 -0.258706838 -0.579387367
