input_id,ts,state,px,py,pz,qx,qy,qz,qw,api_ms
0,1413393886.005760431290,1,0.000000000000,0.000000000000,0.000000000000,-0.000000000000,-0.000000000000,-0.000000000000,1.000000000000,14.340332000000
1,1413393886.055760383606,1,0.000000000000,0.000000000000,0.000000000000,-0.000000000000,-0.000000000000,-0.000000000000,1.000000000000,10.821126000000
2,1413393886.105760574341,1,0.000000000000,0.000000000000,0.000000000000,-0.000000000000,-0.000000000000,-0.000000000000,1.000000000000,11.406281000000
3,1413393886.155760288239,1,0.000000000000,0.000000000000,0.000000000000,-0.000000000000,-0.000000000000,-0.000000000000,1.000000000000,10.745040000000
4,1413393886.205760478973,1,0.000000000000,0.000000000000,0.000000000000,-0.000000000000,-0.000000000000,-0.000000000000,1.000000000000,9.619758000000
5,1413393886.255760431290,1,0.000000000000,0.000000000000,0.000000000000,-0.000000000000,-0.000000000000,-0.000000000000,1.000000000000,9.800560000000
6,1413393886.305760622025,1,0.000000000000,0.000000000000,0.000000000000,-0.000000000000,-0.000000000000,-0.000000000000,1.000000000000,9.972580000000
7,1413393886.355760335922,1,0.000000000000,0.000000000000,0.000000000000,-0.000000000000,-0.000000000000,-0.000000000000,1.000000000000,9.335313000000
8,1413393886.405760526657,1,0.000000000000,0.000000000000,0.000000000000,-0.000000000000,-0.000000000000,-0.000000000000,1.000000000000,9.827244000000
9,1413393886.455760478973,1,0.000000000000,0.000000000000,0.000000000000,-0.000000000000,-0.000000000000,-0.000000000000,1.000000000000,9.314086000000
10,1413393886.505760431290,1,0.000000000000,0.000000000000,0.000000000000,-0.000000000000,-0.000000000000,-0.000000000000,1.000000000000,9.985726000000
11,1413393886.555760383606,1,0.000000000000,0.000000000000,0.000000000000,-0.000000000000,-0.000000000000,-0.000000000000,1.000000000000,12.285877000000
12,1413393886.605760574341,1,0.000000000000,0.000000000000,0.000000000000,-0.000000000000,-0.000000000000,-0.000000000000,1.000000000000,9.481953000000
13,1413393886.655760288239,1,0.000000000000,0.000000000000,0.000000000000,-0.000000000000,-0.000000000000,-0.000000000000,1.000000000000,9.998008000000
14,1413393886.705760478973,1,0.000000000000,0.000000000000,0.000000000000,-0.000000000000,-0.000000000000,-0.000000000000,1.000000000000,9.983770000000
15,1413393886.755760431290,1,0.000000000000,0.000000000000,0.000000000000,-0.000000000000,-0.000000000000,-0.000000000000,1.000000000000,9.941170000000
16,1413393886.805760622025,1,0.000000000000,0.000000000000,0.000000000000,-0.000000000000,-0.000000000000,-0.000000000000,1.000000000000,9.424901000000
17,1413393886.855760335922,1,0.000000000000,0.000000000000,0.000000000000,-0.000000000000,-0.000000000000,-0.000000000000,1.000000000000,12.691905000000
18,1413393886.905760526657,1,0.000000000000,0.000000000000,0.000000000000,-0.000000000000,-0.000000000000,-0.000000000000,1.000000000000,10.549095000000
19,1413393886.955760478973,1,0.000000000000,0.000000000000,0.000000000000,-0.000000000000,-0.000000000000,-0.000000000000,1.000000000000,9.640107000000
20,1413393887.005760431290,1,0.000000000000,0.000000000000,0.000000000000,-0.000000000000,-0.000000000000,-0.000000000000,1.000000000000,9.489679000000
21,1413393887.055760383606,1,0.000000000000,0.000000000000,0.000000000000,-0.000000000000,-0.000000000000,-0.000000000000,1.000000000000,10.338215000000
22,1413393887.105760574341,1,0.000000000000,0.000000000000,0.000000000000,-0.000000000000,-0.000000000000,-0.000000000000,1.000000000000,9.699460000000
23,1413393887.155760288239,1,0.000000000000,0.000000000000,0.000000000000,-0.000000000000,-0.000000000000,-0.000000000000,1.000000000000,10.244691000000
24,1413393887.205760478973,1,0.000000000000,0.000000000000,0.000000000000,-0.000000000000,-0.000000000000,-0.000000000000,1.000000000000,10.697559000000
25,1413393887.255760431290,1,0.000000000000,0.000000000000,0.000000000000,-0.000000000000,-0.000000000000,-0.000000000000,1.000000000000,10.360995000000
26,1413393887.305760622025,1,0.000000000000,0.000000000000,0.000000000000,-0.000000000000,-0.000000000000,-0.000000000000,1.000000000000,9.798616000000
27,1413393887.355760335922,1,0.000000000000,0.000000000000,0.000000000000,-0.000000000000,-0.000000000000,-0.000000000000,1.000000000000,9.942145000000
28,1413393887.405760526657,1,0.000000000000,0.000000000000,0.000000000000,-0.000000000000,-0.000000000000,-0.000000000000,1.000000000000,14.091887000000
29,1413393887.455760478973,1,0.000000000000,0.000000000000,0.000000000000,-0.000000000000,-0.000000000000,-0.000000000000,1.000000000000,10.292195000000
30,1413393887.505760431290,1,0.000000000000,0.000000000000,0.000000000000,-0.000000000000,-0.000000000000,-0.000000000000,1.000000000000,9.585771000000
31,1413393887.555760383606,1,0.000000000000,0.000000000000,0.000000000000,-0.000000000000,-0.000000000000,-0.000000000000,1.000000000000,9.126494000000
32,1413393887.605760574341,1,0.000000000000,0.000000000000,0.000000000000,-0.000000000000,-0.000000000000,-0.000000000000,1.000000000000,10.758793000000
33,1413393887.655760288239,1,0.000000000000,0.000000000000,0.000000000000,-0.000000000000,-0.000000000000,-0.000000000000,1.000000000000,12.671683000000
34,1413393887.705760478973,1,0.000000000000,0.000000000000,0.000000000000,-0.000000000000,-0.000000000000,-0.000000000000,1.000000000000,9.816072000000
35,1413393887.755760431290,1,0.000000000000,0.000000000000,0.000000000000,-0.000000000000,-0.000000000000,-0.000000000000,1.000000000000,9.902140000000
36,1413393887.805760622025,1,0.000000000000,0.000000000000,0.000000000000,-0.000000000000,-0.000000000000,-0.000000000000,1.000000000000,10.600868000000
37,1413393887.855760335922,1,0.000000000000,0.000000000000,0.000000000000,-0.000000000000,-0.000000000000,-0.000000000000,1.000000000000,9.606217000000
38,1413393887.905760526657,1,0.000000000000,0.000000000000,0.000000000000,-0.000000000000,-0.000000000000,-0.000000000000,1.000000000000,10.784466000000
39,1413393887.955760478973,1,0.000000000000,0.000000000000,0.000000000000,-0.000000000000,-0.000000000000,-0.000000000000,1.000000000000,9.690814000000
40,1413393888.005760431290,1,0.000000000000,0.000000000000,0.000000000000,-0.000000000000,-0.000000000000,-0.000000000000,1.000000000000,9.794363000000
41,1413393888.055760383606,1,0.000000000000,0.000000000000,0.000000000000,-0.000000000000,-0.000000000000,-0.000000000000,1.000000000000,10.431238000000
42,1413393888.105760574341,1,0.000000000000,0.000000000000,0.000000000000,-0.000000000000,-0.000000000000,-0.000000000000,1.000000000000,9.777402000000
43,1413393888.155760288239,1,0.000000000000,0.000000000000,0.000000000000,-0.000000000000,-0.000000000000,-0.000000000000,1.000000000000,9.600041000000
44,1413393888.205760478973,1,0.000000000000,0.000000000000,0.000000000000,-0.000000000000,-0.000000000000,-0.000000000000,1.000000000000,11.884515000000
45,1413393888.255760431290,1,0.000000000000,0.000000000000,0.000000000000,-0.000000000000,-0.000000000000,-0.000000000000,1.000000000000,13.707361000000
46,1413393888.305760622025,1,0.000000000000,0.000000000000,0.000000000000,-0.000000000000,-0.000000000000,-0.000000000000,1.000000000000,10.138268000000
47,1413393888.355760335922,1,0.000000000000,0.000000000000,0.000000000000,-0.000000000000,-0.000000000000,-0.000000000000,1.000000000000,10.065503000000
48,1413393888.405760526657,1,0.000000000000,0.000000000000,0.000000000000,-0.000000000000,-0.000000000000,-0.000000000000,1.000000000000,10.270692000000
49,1413393888.455760478973,1,0.000000000000,0.000000000000,0.000000000000,-0.000000000000,-0.000000000000,-0.000000000000,1.000000000000,9.703312000000
50,1413393888.505760431290,1,0.000000000000,0.000000000000,0.000000000000,-0.000000000000,-0.000000000000,-0.000000000000,1.000000000000,9.135631000000
51,1413393888.555760383606,1,0.000000000000,0.000000000000,0.000000000000,-0.000000000000,-0.000000000000,-0.000000000000,1.000000000000,10.218587000000
52,1413393888.605760574341,1,0.000000000000,0.000000000000,0.000000000000,-0.000000000000,-0.000000000000,-0.000000000000,1.000000000000,10.653149000000
53,1413393888.655760288239,1,0.000000000000,0.000000000000,0.000000000000,-0.000000000000,-0.000000000000,-0.000000000000,1.000000000000,9.990322000000
54,1413393888.705760478973,1,0.000000000000,0.000000000000,0.000000000000,-0.000000000000,-0.000000000000,-0.000000000000,1.000000000000,9.798834000000
55,1413393888.755760431290,1,0.000000000000,0.000000000000,0.000000000000,-0.000000000000,-0.000000000000,-0.000000000000,1.000000000000,11.113499000000
56,1413393888.805760622025,1,0.000000000000,0.000000000000,0.000000000000,-0.000000000000,-0.000000000000,-0.000000000000,1.000000000000,10.575537000000
57,1413393888.855760335922,1,0.000000000000,0.000000000000,0.000000000000,-0.000000000000,-0.000000000000,-0.000000000000,1.000000000000,9.324612000000
58,1413393888.905760526657,1,0.000000000000,0.000000000000,0.000000000000,-0.000000000000,-0.000000000000,-0.000000000000,1.000000000000,10.260627000000
59,1413393888.955760478973,1,0.000000000000,0.000000000000,0.000000000000,-0.000000000000,-0.000000000000,-0.000000000000,1.000000000000,9.681030000000
60,1413393889.005760431290,1,0.000000000000,0.000000000000,0.000000000000,-0.000000000000,-0.000000000000,-0.000000000000,1.000000000000,9.961112000000
61,1413393889.055760383606,1,0.000000000000,0.000000000000,0.000000000000,-0.000000000000,-0.000000000000,-0.000000000000,1.000000000000,9.689378000000
62,1413393889.105760574341,1,0.000000000000,0.000000000000,0.000000000000,-0.000000000000,-0.000000000000,-0.000000000000,1.000000000000,9.761878000000
63,1413393889.155760288239,1,0.000000000000,0.000000000000,0.000000000000,-0.000000000000,-0.000000000000,-0.000000000000,1.000000000000,10.004243000000
64,1413393889.205760478973,1,0.000000000000,0.000000000000,0.000000000000,-0.000000000000,-0.000000000000,-0.000000000000,1.000000000000,10.181661000000
65,1413393889.255760431290,1,0.000000000000,0.000000000000,0.000000000000,-0.000000000000,-0.000000000000,-0.000000000000,1.000000000000,10.476610000000
66,1413393889.305760622025,1,0.000000000000,0.000000000000,0.000000000000,-0.000000000000,-0.000000000000,-0.000000000000,1.000000000000,9.770477000000
67,1413393889.355760335922,1,0.000000000000,0.000000000000,0.000000000000,-0.000000000000,-0.000000000000,-0.000000000000,1.000000000000,10.676713000000
68,1413393889.405760526657,1,0.000000000000,0.000000000000,0.000000000000,-0.000000000000,-0.000000000000,-0.000000000000,1.000000000000,9.351737000000
69,1413393889.455760478973,1,0.000000000000,0.000000000000,0.000000000000,-0.000000000000,-0.000000000000,-0.000000000000,1.000000000000,10.717918000000
70,1413393889.505760431290,1,0.000000000000,0.000000000000,0.000000000000,-0.000000000000,-0.000000000000,-0.000000000000,1.000000000000,14.440277000000
71,1413393889.555760383606,1,0.000000000000,0.000000000000,0.000000000000,-0.000000000000,-0.000000000000,-0.000000000000,1.000000000000,9.956512000000
72,1413393889.605760574341,2,0.000000022352,0.000000003725,0.000000000000,-0.000000000057,-0.000000001326,-0.000000091627,1.000000000000,11.981858000000
73,1413393889.655760288239,2,0.002865446266,-0.002134418814,-0.002604671754,-0.006806699559,0.001719660941,-0.001537804957,0.999974191189,23.489276000000
74,1413393889.705760478973,2,0.003374598688,-0.005761383567,-0.004233090207,-0.011129809543,0.004344332498,-0.005779001396,0.999911904335,12.387709000000
75,1413393889.755760431290,2,0.004023741465,-0.013781970367,-0.006496284623,-0.016705239192,0.006950448267,-0.010008654557,0.999786198139,13.535750000000
76,1413393889.805760622025,2,0.006955208257,-0.025597807020,-0.011442087591,-0.019688047469,0.008869059384,-0.013332409784,0.999677956104,12.680588000000
77,1413393889.855760335922,2,0.007840723731,-0.041116084903,-0.013091344386,-0.022394649684,0.011473494582,-0.019215313718,0.999498665333,14.440090000000
78,1413393889.905760526657,2,0.009787065908,-0.060866132379,-0.017401395366,-0.022352363914,0.013854335062,-0.025596631691,0.999326407909,12.713528000000
79,1413393889.955760478973,2,0.009483141825,-0.085545741022,-0.020813718438,-0.018313663080,0.016626594588,-0.032147921622,0.999177038670,16.161272000000
80,1413393890.005760431290,2,0.009573053569,-0.116008110344,-0.026106800884,-0.012530815788,0.018235279247,-0.038367088884,0.999018728733,16.568580000000
81,1413393890.055760383606,2,0.003751913551,-0.147293835878,-0.028035037220,-0.006867803168,0.019136350602,-0.038228161633,0.999062180519,15.421419000000
82,1413393890.105760574341,2,-0.004381100647,-0.184785306454,-0.029586164281,-0.002944491804,0.018163099885,-0.033826921135,0.999258339405,14.251719000000
83,1413393890.155760288239,2,-0.008684234694,-0.221165224910,-0.032704971731,0.001161500462,0.016162021086,-0.028818873689,0.999453306198,14.312375000000
84,1413393890.205760478973,2,-0.018324853852,-0.254692703485,-0.032635949552,0.003251096699,0.014761205763,-0.023431599140,0.999611198902,14.975918000000
85,1413393890.255760431290,2,-0.036578971893,-0.284977823496,-0.024026669562,0.005108424928,0.014714211226,-0.018912721425,0.999699831009,15.547261000000
86,1413393890.305760622025,2,-0.047538772225,-0.304119378328,-0.020183615386,0.006652105134,0.013605625369,-0.014270858839,0.999783456326,16.521324000000
87,1413393890.355760335922,2,-0.058679066598,-0.319608360529,-0.015420773067,0.006943307817,0.012669958174,-0.010919368826,0.999836027622,16.598979000000
88,1413393890.405760526657,2,-0.069855250418,-0.332060396671,-0.008345616981,0.006959584076,0.011650466360,-0.007894669659,0.999876797199,15.245801000000
89,1413393890.455760478973,2,-0.085013329983,-0.334916919470,0.002140054945,0.010633515194,0.011364856735,-0.004339122213,0.999869465828,15.565626000000
90,1413393890.505760431290,2,-0.094543166459,-0.336418390274,0.008849071339,0.018851635978,0.009927154519,-0.001485114335,0.999771952629,15.074790000000
91,1413393890.555760383606,2,-0.106066137552,-0.340326249599,0.016280960292,0.030068624765,0.008802991360,0.001205683802,0.999508380890,15.640214000000
92,1413393890.605760574341,2,-0.118214733899,-0.343892365694,0.025575764477,0.039282508194,0.009172590449,0.001516800141,0.999184906483,15.156586000000
93,1413393890.655760288239,2,-0.130261287093,-0.346961557865,0.031366538256,0.040811292827,0.009577861987,0.000389789115,0.999120891094,16.420139000000
94,1413393890.705760478973,2,-0.140768453479,-0.351841747761,0.034230917692,0.035896353424,0.009957766160,-0.001306677819,0.999305069447,15.386649000000
95,1413393890.755760431290,2,-0.152344137430,-0.347855061293,0.038078393787,0.030659040436,0.010363790207,-0.003262317507,0.999470829964,16.342351000000
96,1413393890.805760622025,2,-0.164377495646,-0.350774198771,0.039194386452,0.023924302310,0.010630838573,-0.004241719376,0.999648272991,15.816742000000
97,1413393890.855760335922,2,-0.175437673926,-0.356972992420,0.037486322224,0.017836378887,0.011028106324,-0.005820964463,0.999763190746,14.567129000000
98,1413393890.905760526657,2,-0.187886595726,-0.360722601414,0.037728995085,0.014062904753,0.011153466068,-0.005963209551,0.999821126461,14.652644000000
99,1413393890.955760478973,2,-0.200511649251,-0.367568314075,0.035218931735,0.011036883108,0.011510876939,-0.007250310853,0.999846577644,16.403762000000
100,1413393891.005760431290,2,-0.213876172900,-0.372282385826,0.034599348903,0.009148708545,0.011873331852,-0.007596825249,0.999858856201,18.078519000000
101,1413393891.055760383606,2,-0.226779296994,-0.379080682993,0.031723648310,0.007650741376,0.011886415072,-0.008922233246,0.999860286713,15.639852000000
102,1413393891.105760574341,2,-0.240844577551,-0.386250615120,0.031976342201,0.008267440833,0.011915738694,-0.008812176995,0.999855995178,15.572479000000
103,1413393891.155760288239,2,-0.253367543221,-0.397698372602,0.027486504987,0.007325776387,0.010985233821,-0.007915455848,0.999881505966,15.808951000000
104,1413393891.205760478973,2,-0.266566127539,-0.407477706671,0.023896012455,0.008054731414,0.010498887859,-0.007574689109,0.999883770943,14.994164000000
105,1413393891.255760431290,2,-0.285113334656,-0.414377480745,0.026628833264,0.009565435350,0.010845773853,-0.007063058671,0.999870479107,15.892132000000
106,1413393891.305760622025,2,-0.299743562937,-0.420694977045,0.023724308237,0.017657866701,0.010458137840,-0.006907589268,0.999765515327,15.885939000000
107,1413393891.355760335922,2,-0.315418243408,-0.418897449970,0.027340617031,0.040187161416,0.010160055012,-0.006190167740,0.999121367931,14.690174000000
108,1413393891.405760526657,2,-0.328344315290,-0.420143842697,0.022187180817,0.069600172341,0.009008336812,-0.003738329979,0.997527301311,15.402819000000
109,1413393891.455760478973,2,-0.343264579773,-0.418157279491,0.020764268935,0.099228747189,0.006949107628,-0.002189155435,0.995037972927,14.499631000000
110,1413393891.505760431290,2,-0.354133069515,-0.404574602842,0.013799253851,0.123386800289,0.005714395083,-0.000662724429,0.992341995239,14.796450000000
111,1413393891.555760383606,2,-0.365547716618,-0.395304203033,-0.000159708085,0.136750608683,0.003609042615,0.000391674199,0.990598857403,16.473748000000
112,1413393891.605760574341,2,-0.382657736540,-0.383508533239,-0.018296083435,0.141738951206,0.005148184486,-0.002480987925,0.989887595177,14.283332000000
113,1413393891.655760288239,2,-0.398665636778,-0.369741529226,-0.042188093066,0.142518281937,0.004893077537,-0.002465372207,0.989777028561,14.144508000000
114,1413393891.705760478973,2,-0.413086235523,-0.359471708536,-0.074383698404,0.141658395529,0.005189631600,-0.003600595985,0.989895462990,16.969813000000
115,1413393891.755760431290,2,-0.435714095831,-0.339182555676,-0.106646962464,0.140887483954,0.006264368538,-0.004234299995,0.989996790886,15.785068000000
116,1413393891.805760622025,2,-0.448016792536,-0.327779144049,-0.153124049306,0.137775570154,0.006524599157,-0.005059112795,0.990429103374,15.058462000000
117,1413393891.855760335922,2,-0.460025817156,-0.312136083841,-0.204507574439,0.131777793169,0.006889401004,-0.005629250780,0.991239368916,15.746121000000
118,1413393891.905760526657,2,-0.476310282946,-0.293711990118,-0.263806134462,0.119068145752,0.007832632400,-0.006103019696,0.992836475372,16.472658000000
119,1413393891.955760478973,2,-0.488324344158,-0.279289692640,-0.332389235497,0.098862648010,0.008052579127,-0.005685189273,0.995052278042,15.508514000000
120,1413393892.005760431290,2,-0.504204750061,-0.304250001907,0.366659611464,0.767919421196,0.010298835114,0.011885747313,-0.640353381634,17.711887000000
121,1413393892.055760383606,2,-0.668656527996,-0.459162175655,0.375871002674,0.783922374249,0.004957136232,0.016268773004,-0.620625913143,15.591180000000
122,1413393892.105760574341,2,-0.682637453079,-0.536536812782,0.384363204241,0.795242190361,0.004892732482,0.017069885507,-0.606031775475,15.802347000000
123,1413393892.155760288239,2,-0.699398100376,-0.608691513538,0.399260580540,0.803820908070,0.005268059671,0.018632330000,-0.594556272030,14.781088000000
124,1413393892.205760478973,2,-0.714206457138,-0.685589969158,0.410454630852,0.809423506260,0.005362938158,0.019592015073,-0.586874008179,16.414069000000
125,1413393892.255760431290,2,-0.729184567928,-0.761762976646,0.420632779598,0.812788903713,0.005754138809,0.021630441770,-0.582128107548,15.805944000000
126,1413393892.305760622025,2,-0.745199620724,-0.834009110928,0.420806646347,0.814281761646,0.004817424808,0.022282758728,-0.580022037029,15.749535000000
127,1413393892.355760335922,2,-0.760640203953,-0.907315909863,0.426419615746,0.816639363766,0.004355579615,0.023262487724,-0.576662898064,15.188458000000
128,1413393892.405760526657,2,-0.776231706142,-0.979361295700,0.429368972778,0.818861544132,0.003565536113,0.023826258257,-0.573485255241,15.578855000000
129,1413393892.455760478973,2,-0.791382968426,-1.045608520508,0.427047371864,0.820569574833,0.002811270067,0.024783326313,-0.571002244949,15.861513000000
130,1413393892.505760431290,2,-0.807395458221,-1.114154934883,0.424364924431,0.821453094482,0.002774626482,0.026280529797,-0.569663524628,15.783173000000
131,1413393892.555760383606,2,-0.823958814144,-1.181105136871,0.418964982033,0.823040843010,0.001504384796,0.026359258220,-0.567368268967,15.768516000000
132,1413393892.605760574341,2,-0.841874241829,-1.253219723701,0.405889391899,0.825306117535,0.001158541185,0.027022242546,-0.564037442207,15.125089000000
133,1413393892.655760288239,2,-0.859067022800,-1.318041205406,0.396094202995,0.829500854015,0.000911146402,0.027751393616,-0.557814836502,14.980562000000
134,1413393892.705760478973,2,-0.876545608044,-1.380700588226,0.385890841484,0.835519015789,0.000800249749,0.029141863808,-0.548687577248,15.710989000000
135,1413393892.755760431290,2,-0.895759463310,-1.444458603859,0.372038125992,0.842788755894,0.000616803940,0.029394993559,-0.537440896034,15.640842000000
136,1413393892.805760622025,2,-0.914092659950,-1.501849174500,0.361916899681,0.850598871708,0.001553893904,0.030547967181,-0.524924814701,18.361334000000
137,1413393892.855760335922,2,-0.932963788509,-1.554639220238,0.353400230408,0.857063710690,0.001598326373,0.031325962394,-0.514254808426,15.944162000000
138,1413393892.905760526657,2,-0.952467024326,-1.602486610413,0.346246004105,0.863302409649,0.001722576562,0.031191226095,-0.503719329834,16.541208000000
139,1413393892.955760478973,2,-0.972207009792,-1.644649982452,0.340362787247,0.868591606617,0.002491199179,0.031021663919,-0.494550406933,15.686737000000
140,1413393893.005760431290,2,-0.993013024330,-1.680701017380,0.335936307907,0.872625827789,0.003522195155,0.031769961119,-0.487342298031,15.046276000000
141,1413393893.055760383606,2,-1.014755487442,-1.710084676743,0.333193063736,0.874713420868,0.004486259073,0.031427722424,-0.483599811792,16.089570000000
142,1413393893.105760574341,2,-1.037030100822,-1.732386112213,0.331820011139,0.875476539135,0.004997731186,0.030862858519,-0.482248276472,15.874305000000
143,1413393893.155760288239,2,-1.059889316559,-1.747592926025,0.332620620728,0.873826324940,0.005183327477,0.029789466411,-0.485297203064,14.974416000000
144,1413393893.205760478973,2,-1.082966804504,-1.756061315536,0.335056543350,0.870748043060,0.006717965007,0.029871318489,-0.490775346756,15.609534000000
145,1413393893.255760431290,2,-1.106647014618,-1.758077859879,0.339086055756,0.867650747299,0.006708370056,0.029380183667,-0.496260136366,14.883145000000
146,1413393893.305760622025,2,-1.130985379219,-1.754320144653,0.344479560852,0.864757716656,0.004379181657,0.026627702639,-0.501463890076,19.502070000000
147,1413393893.355760335922,2,-1.153839468956,-1.741227149963,0.356343746185,0.863467514515,0.000482763833,0.021894352511,-0.503928899765,16.045937000000
148,1413393893.405760526657,2,-1.178386449814,-1.726931214333,0.363825321198,0.861223340034,-0.003840152873,0.017404003069,-0.507914006710,15.740763000000
149,1413393893.455760478973,2,-1.202671170235,-1.708065271378,0.371500730515,0.859681069851,-0.007741726004,0.012839189731,-0.510611176491,15.308866000000
150,1413393893.505760431290,2,-1.226556301117,-1.684952855110,0.379303932190,0.859024643898,-0.010677306913,0.008219902404,-0.511757016182,16.119066000000
151,1413393893.555760383606,2,-1.249465465546,-1.657516598701,0.387329816818,0.857971906662,-0.012980103493,0.004516817629,-0.513512730598,15.977015000000
152,1413393893.605760574341,2,-1.271227478981,-1.625753521919,0.395528078079,0.856675386429,-0.015276486054,0.000721152464,-0.515629172325,15.813709000000
153,1413393893.655760288239,2,-1.291760206223,-1.590028285980,0.403554677963,0.856754362583,-0.017612121999,-0.003446483985,-0.515412449837,14.253370000000
154,1413393893.705760478973,2,-1.310511946678,-1.549935102463,0.412044644356,0.856280207634,-0.020498285070,-0.007282520179,-0.516053378582,15.796379000000
155,1413393893.755760431290,2,-1.323473095894,-1.507408499718,0.421698093414,0.854427814484,-0.022572016343,-0.010479193181,-0.518973886967,16.159631000000
156,1413393893.805760622025,2,-1.338242530823,-1.459384918213,0.431214332581,0.852338671684,-0.023225605488,-0.011526660994,-0.522347152233,16.484862000000
157,1413393893.855760335922,2,-1.351129055023,-1.407385587692,0.441875338554,0.847558319569,-0.024006918073,-0.011376108974,-0.530036985874,15.959204000000
158,1413393893.905760526657,2,-1.362028002739,-1.352358222008,0.452530264854,0.842201590538,-0.022577749565,-0.010043067858,-0.538596212864,17.179427000000
159,1413393893.955760478973,2,-1.370954871178,-1.294698357582,0.463583827019,0.835629224777,-0.021491032094,-0.008646105416,-0.548805296421,17.019874000000
160,1413393894.005760431290,2,-1.375746130943,-1.236894130707,0.475113034248,0.830883920193,-0.020999079570,-0.007528071757,-0.555998563766,17.125916000000
161,1413393894.055760383606,2,-1.381565093994,-1.176440477371,0.486208915710,0.827647268772,-0.019521048293,-0.006829292048,-0.560867547989,15.700520000000
162,1413393894.105760574341,2,-1.386043190956,-1.114668846130,0.497927665710,0.825252056122,-0.019244953990,-0.006656419486,-0.564397454262,16.316655000000
163,1413393894.155760288239,2,-1.389185667038,-1.052144527435,0.509865164757,0.824340820312,-0.019448278472,-0.007737731561,-0.565706789494,15.709403000000
164,1413393894.205760478973,2,-1.390866637230,-0.988869309425,0.522097229958,0.823913872242,-0.019838254899,-0.009107973427,-0.566294550896,16.364486000000
165,1413393894.255760431290,2,-1.393064498901,-0.926098287106,0.534995257854,0.823509037495,-0.020598426461,-0.009493079968,-0.566849589348,17.219562000000
166,1413393894.305760622025,2,-1.391361713409,-0.861456155777,0.546486496925,0.823267221451,-0.022003628314,-0.011201451533,-0.567116856575,15.991767000000
167,1413393894.355760335922,2,-1.388027906418,-0.796370029449,0.555126070976,0.822887003422,-0.022216545418,-0.011492365971,-0.567654311657,16.620755000000
168,1413393894.405760526657,2,-1.383307218552,-0.730631113052,0.558758258820,0.822878003120,-0.021287523210,-0.010445442982,-0.567723155022,20.034686000000
169,1413393894.455760478973,2,-1.379040360451,-0.661449909210,0.554382801056,0.822506129742,-0.019775884226,-0.008686875924,-0.568346023560,15.833528000000
170,1413393894.505760431290,2,-1.371823787689,-0.594233632088,0.548931241035,0.821738779545,-0.018257834017,-0.006932951976,-0.569529712200,17.248484000000
171,1413393894.555760383606,2,-1.363271832466,-0.526208281517,0.540939986706,0.820511817932,-0.016617231071,-0.004037082195,-0.571373879910,17.820917000000
172,1413393894.605760574341,2,-1.355301618576,-0.459415495396,0.530163645744,0.820004701614,-0.014830995351,-0.001257953933,-0.572163283825,16.703077000000
173,1413393894.655760288239,2,-1.344517111778,-0.390599101782,0.519381046295,0.818671345711,-0.013285822235,0.000925482425,-0.574108004570,16.939090000000
174,1413393894.705760478973,2,-1.332816839218,-0.321715056896,0.508689403534,0.817877113819,-0.012183997780,0.002472592518,-0.575258672237,19.536652000000
175,1413393894.755760431290,2,-1.319051504135,-0.253404200077,0.495292305946,0.817763984203,-0.010462513193,0.003748309333,-0.575446486473,16.323313000000
176,1413393894.805760622025,2,-1.321368932724,-0.163903057575,0.490726083517,0.818957388401,-0.011148888618,0.004604964983,-0.573727667332,18.648265000000
177,1413393894.855760335922,2,-1.307562351227,-0.096066772938,0.482145428658,0.817953586578,-0.010559939779,0.004511650186,-0.575169682503,18.327875000000
178,1413393894.905760526657,2,-1.292281508446,-0.033331215382,0.468204468489,0.815774679184,-0.008924274705,0.004773195833,-0.578281462193,16.017371000000
179,1413393894.955760478973,2,-1.277612924576,0.034018754959,0.461287587881,0.812808275223,-0.007658976596,0.005407433026,-0.582455873489,16.814777000000
180,1413393895.005760431290,2,-1.262476563454,0.101010143757,0.455250501633,0.809366822243,-0.006552429404,0.005849943031,-0.587237834930,17.968207000000
181,1413393895.055760383606,2,-1.247710824013,0.162671923637,0.445543676615,0.805667459965,-0.005652713124,0.005592322443,-0.592314660549,15.986555000000
182,1413393895.105760574341,2,-1.232146739960,0.227447926998,0.440222322941,0.804661333561,-0.004255343229,0.006487297360,-0.593683362007,18.520084000000
183,1413393895.155760288239,2,-1.217013120651,0.289217412472,0.435037434101,0.805334568024,-0.002904251451,0.007350105327,-0.592768013477,16.423847000000
184,1413393895.205760478973,2,-1.201181411743,0.351383984089,0.430965185165,0.807237386703,-0.002231776249,0.007011910900,-0.590181112289,17.188343000000
185,1413393895.255760431290,2,-1.188699722290,0.411845296621,0.427723467350,0.808279335499,-0.001692527556,0.007602072787,-0.588747799397,15.956477000000
186,1413393895.305760622025,2,-1.172847151756,0.472403556108,0.423467397690,0.807727336884,-0.001243963838,0.007315339521,-0.589509665966,17.431569000000
187,1413393895.355760335922,2,-1.158819556236,0.527177095413,0.415021359921,0.806204795837,-0.000821842579,0.008065062575,-0.591580986977,15.788734000000
188,1413393895.405760526657,2,-1.142965555191,0.584703028202,0.407307147980,0.804280161858,-0.000961233571,0.008014057763,-0.594195604324,16.358692000000
189,1413393895.455760478973,2,-1.127616167068,0.641134619713,0.399852812290,0.803664147854,-0.000632349344,0.009201929905,-0.595011770725,15.782678000000
190,1413393895.505760431290,2,-1.111115336418,0.695554375648,0.387700319290,0.802561283112,-0.002358248923,0.010529925115,-0.596472144127,16.729030000000
191,1413393895.555760383606,2,-1.095529198647,0.746344387531,0.371183276176,0.802975118160,-0.005811872892,0.012615793385,-0.595850765705,15.780628000000
192,1413393895.605760574341,2,-1.078753232956,0.797949373722,0.358775019646,0.803055047989,-0.011039149016,0.014231893234,-0.595632672310,16.895740000000
193,1413393895.655760288239,2,-1.060922384262,0.849717140198,0.349784255028,0.803133964539,-0.015462541953,0.019237501547,-0.595287084579,14.200500000000
194,1413393895.705760478973,2,-1.043059945107,0.898928284645,0.340396404266,0.800603747368,-0.020214006305,0.026004560292,-0.598288238049,16.679381000000
195,1413393895.755760431290,2,-1.027418851852,0.951074600220,0.333722114563,0.799483239651,-0.027248835191,0.032151311636,-0.599208176136,14.520887000000
196,1413393895.805760622025,2,-1.009565591812,0.998230874538,0.326384902000,0.797123014927,-0.035707194358,0.039093196392,-0.601491272449,15.840529000000
197,1413393895.855760335922,2,-0.990042567253,1.043365001678,0.323273658752,0.795525550842,-0.045757647604,0.047455575317,-0.602323293686,14.316850000000
198,1413393895.905760526657,2,-0.971643924713,1.086296796799,0.317706823349,0.794220328331,-0.056887470186,0.058037273586,-0.602170765400,15.977285000000
199,1413393895.955760478973,2,-0.952777504921,1.132976770401,0.313823819160,0.793277561665,-0.070777714252,0.067332275212,-0.600972294807,13.563840000000
200,1413393896.005760431290,2,-0.934526801109,1.171604156494,0.309665679932,0.793149411678,-0.083647668362,0.080555461347,-0.597852826118,16.508044000000
201,1413393896.055760383606,2,-0.916082441807,1.206776380539,0.304757237434,0.791830480099,-0.098599024117,0.093704916537,-0.595400869846,15.798950000000
202,1413393896.105760574341,2,-0.898834228516,1.242197632790,0.301155209541,0.789532780647,-0.113977432251,0.108820773661,-0.593131780624,15.908082000000
203,1413393896.155760288239,2,-0.882810950279,1.280726432800,0.297855496407,0.786052346230,-0.130396410823,0.122019961476,-0.591802060604,14.301349000000
204,1413393896.205760478973,2,-0.867225050926,1.313758134842,0.295985698700,0.781415104866,-0.146154001355,0.136936545372,-0.590997397900,15.581600000000
205,1413393896.255760431290,2,-0.854275107384,1.346830129623,0.295947551727,0.773737490177,-0.161927819252,0.152879014611,-0.593074738979,14.754619000000
206,1413393896.305760622025,2,-0.841452836990,1.375110268593,0.295451521873,0.766601681709,-0.177161216736,0.168232172728,-0.593829751015,14.956051000000
207,1413393896.355760335922,2,-0.830264747143,1.401107430458,0.295848727226,0.758904039860,-0.193315520883,0.183006376028,-0.594308435917,15.106473000000
208,1413393896.405760526657,2,-0.817205607891,1.430088758469,0.300368189812,0.750616908073,-0.212209537625,0.194751188159,-0.594654023647,15.054909000000
209,1413393896.455760478973,2,-0.810737907887,1.450785160065,0.304682612419,0.741649150848,-0.234678596258,0.201099783182,-0.595349907875,15.114253000000
210,1413393896.505760431290,2,-0.806623220444,1.467912912369,0.309434890747,0.735065698624,-0.257136315107,0.207113102078,-0.592168569565,15.950569000000
211,1413393896.555760383606,2,-0.801860213280,1.490791440010,0.316127538681,0.729643583298,-0.281535059214,0.211087211967,-0.586345016956,15.451749000000
212,1413393896.605760574341,2,-0.800125479698,1.501523017883,0.321694850922,0.724892497063,-0.304529786110,0.216038987041,-0.578895270824,15.431327000000
213,1413393896.655760288239,2,-0.798556268215,1.509776830673,0.328080415726,0.720151722431,-0.326334923506,0.221058785915,-0.570981621742,14.727685000000
214,1413393896.705760478973,2,-0.797005593777,1.515293717384,0.335408926010,0.714348673820,-0.348408758640,0.225116431713,-0.563595533371,16.390694000000
215,1413393896.755760431290,2,-0.794893503189,1.518017292023,0.343317925930,0.708149850368,-0.370469391346,0.228002995253,-0.556139349937,17.168090000000
216,1413393896.805760622025,2,-0.780130207539,1.535348296165,0.355964422226,0.701413094997,-0.391929566860,0.230826452374,-0.548753142357,16.494307000000
217,1413393896.855760335922,2,-0.775348246098,1.532630801201,0.364448368549,0.695382237434,-0.412940800190,0.232864737511,-0.540090382099,15.660859000000
218,1413393896.905760526657,2,-0.769172430038,1.526165723801,0.372826516628,0.690596818924,-0.433680981398,0.234692901373,-0.529070973396,16.402761000000
219,1413393896.955760478973,2,-0.760835647583,1.516407608986,0.380687654018,0.688274204731,-0.451694786549,0.238233134151,-0.515262603760,18.768844000000
220,1413393897.005760431290,2,-0.736034512520,1.521278142929,0.387102127075,0.691281974316,-0.465793401003,0.243262991309,-0.495972782373,15.313836000000
221,1413393897.055760383606,2,-0.722108364105,1.506764292717,0.390417158604,0.698366701603,-0.474269390106,0.252147436142,-0.473047733307,15.342988000000
222,1413393897.105760574341,2,-0.704049944878,1.491120696068,0.392428845167,0.705558419228,-0.476565301418,0.265862405300,-0.452095121145,16.390685000000
223,1413393897.155760288239,2,-0.668365478516,1.492970824242,0.393021732569,0.711924076080,-0.474156707525,0.282107472420,-0.434459447861,16.746967000000
224,1413393897.205760478973,2,-0.642410635948,1.479074239731,0.393133699894,0.715752482414,-0.467087000608,0.302060008049,-0.422241628170,16.209320000000
225,1413393897.255760431290,2,-0.613523244858,1.467440009117,0.393691360950,0.716735541821,-0.455464959145,0.324902892113,-0.416269212961,15.831923000000
226,1413393897.305760622025,2,-0.568666577339,1.473148822784,0.392500877380,0.715401172638,-0.441131472588,0.348329246044,-0.415055334568,14.214395000000
227,1413393897.355760335922,2,-0.533673405647,1.476580858231,0.397265464067,0.712019681931,-0.429408311844,0.366432040930,-0.417569369078,16.132825000000
228,1413393897.405760526657,2,-0.501486897469,1.479093790054,0.400486707687,0.706397473812,-0.424267321825,0.375195473433,-0.424533009529,15.000745000000
229,1413393897.455760478973,2,-0.469878077507,1.486369967461,0.404252052307,0.699552297592,-0.424427330494,0.376537352800,-0.434405028820,15.934210000000
230,1413393897.505760431290,2,-0.432862997055,1.503707766533,0.406572461128,0.693426489830,-0.426420688629,0.374377191067,-0.444034814835,15.462154000000
231,1413393897.555760383606,2,-0.403199911118,1.518081188202,0.409899830818,0.688843131065,-0.428194433451,0.371493756771,-0.451815307140,15.743001000000
232,1413393897.605760574341,2,-0.361581325531,1.539325714111,0.410645544529,0.686330854893,-0.432306319475,0.365847051144,-0.456308156252,17.862146000000
233,1413393897.655760288239,2,-0.333343744278,1.557967662811,0.413222670555,0.685585737228,-0.434265226126,0.361508727074,-0.459017813206,14.880780000000
234,1413393897.705760478973,2,-0.305844187737,1.578243494034,0.415931880474,0.686069786549,-0.435588330030,0.357680499554,-0.460038930178,16.377624000000
235,1413393897.755760431290,2,-0.278621196747,1.599931120872,0.419352769852,0.686750829220,-0.435834079981,0.356034308672,-0.460067033768,15.880791000000
236,1413393897.805760622025,2,-0.232778906822,1.628745436668,0.426206827164,0.688283741474,-0.434913367033,0.354935407639,-0.459496289492,15.487060000000
237,1413393897.855760335922,2,-0.204456686974,1.653260350227,0.430805981159,0.688655078411,-0.434068679810,0.356635183096,-0.458421140909,15.169149000000
238,1413393897.905760526657,2,-0.176125407219,1.678873300552,0.435840427876,0.688538789749,-0.434571981430,0.359263300896,-0.456060916185,17.884268000000
239,1413393897.955760478973,2,-0.139645338058,1.711355805397,0.441903233528,0.688009917736,-0.435411334038,0.364690423012,-0.451730400324,15.887278000000
240,1413393898.005760431290,2,-0.105133056641,1.744731903076,0.448327779770,0.685657799244,-0.437663435936,0.372305959463,-0.446891993284,18.162909000000
241,1413393898.055760383606,2,-0.076383829117,1.775031685829,0.454263567924,0.681869685650,-0.439802080393,0.383065909147,-0.441461652517,15.849888000000
242,1413393898.105760574341,2,-0.047591209412,1.809619188309,0.464979529381,0.674251258373,-0.441199064255,0.396152079105,-0.440218418837,19.692531000000
243,1413393898.155760288239,2,-0.021271228790,1.844716906548,0.474307060242,0.661355614662,-0.444188416004,0.409549206495,-0.444493889809,15.165576000000
244,1413393898.205760478973,2,0.002666711807,1.882114648819,0.484825313091,0.644784808159,-0.449284762144,0.421786278486,-0.452208161354,15.737315000000
245,1413393898.255760431290,2,0.025424361229,1.925366759300,0.495926499367,0.626379787922,-0.453308343887,0.433594763279,-0.462769418955,16.481580000000
246,1413393898.305760622025,2,0.042079210281,1.967090606689,0.508792281151,0.608250796795,-0.457249164581,0.442302018404,-0.474682182074,15.392023000000
247,1413393898.355760335922,2,0.058724641800,2.007519960403,0.527167677879,0.588997185230,-0.462835490704,0.446943521500,-0.488985776901,14.714749000000
248,1413393898.405760526657,2,0.065544366837,2.051080703735,0.541290283203,0.569748997688,-0.466011971235,0.451189041138,-0.504626035690,16.057679000000
249,1413393898.455760478973,2,0.062394618988,2.095869302750,0.557006597519,0.550827682018,-0.468568891287,0.452624142170,-0.521692991257,14.571802000000
250,1413393898.505760431290,2,0.054183244705,2.133155822754,0.572892546654,0.536779880524,-0.473674029112,0.450014233589,-0.533842265606,15.675150000000
251,1413393898.555760383606,2,0.040538549423,2.172575950623,0.580368518829,0.533571064472,-0.486882746220,0.435258895159,-0.537398338318,15.480617000000
252,1413393898.605760574341,2,0.020838975906,2.208967447281,0.582756161690,0.541510403156,-0.503224492073,0.417804688215,-0.528176844120,15.894155000000
253,1413393898.655760288239,2,-0.002491712570,2.241703033447,0.582316637039,0.551851511002,-0.521400749683,0.397416502237,-0.515423417091,14.980647000000
254,1413393898.705760478973,2,-0.031964063644,2.271200895309,0.579016447067,0.565546214581,-0.538654804230,0.377824634314,-0.497249543667,17.279363000000
255,1413393898.755760431290,2,-0.058851957321,2.300636529922,0.567745566368,0.580486059189,-0.556136310101,0.356777846813,-0.475875914097,15.558873000000
256,1413393898.805760622025,2,-0.091066837311,2.322849035263,0.560148954391,0.596522450447,-0.572623312473,0.335879474878,-0.451052784920,17.014668000000
257,1413393898.855760335922,2,-0.117108106613,2.347419500351,0.554619014263,0.611033737659,-0.587601304054,0.316682010889,-0.425529062748,17.004862000000
258,1413393898.905760526657,2,-0.142837762833,2.362758398056,0.551254868507,0.622190594673,-0.599453270435,0.301735490561,-0.403100937605,20.836016000000
259,1413393898.955760478973,2,-0.149482011795,2.372308731079,0.548591136932,0.632790267467,-0.607661485672,0.291216939688,-0.381466656923,16.112770000000
260,1413393899.005760431290,2,-0.162796258926,2.378746509552,0.554530143738,0.642902672291,-0.612219691277,0.285578131676,-0.360982567072,23.593934000000
261,1413393899.055760383606,2,-0.164602994919,2.385401487350,0.558143138885,0.651264488697,-0.609843194485,0.291123449802,-0.345243573189,17.552467000000
262,1413393899.105760574341,2,-0.156072139740,2.390738487244,0.565923511982,0.656700968742,-0.600135028362,0.307331681252,-0.337830036879,17.862009000000
263,1413393899.155760288239,2,-0.118142127991,2.406024217606,0.573091149330,0.654063045979,-0.584620893002,0.333926886320,-0.344837307930,16.031093000000
264,1413393899.205760478973,2,-0.090525150299,2.413609027863,0.590293169022,0.643406331539,-0.565088987350,0.366285800934,-0.364057004452,17.246024000000
265,1413393899.255760431290,2,-0.048125743866,2.421202898026,0.604106605053,0.627076506615,-0.543723225594,0.397927254438,-0.390888899565,14.771750000000
266,1413393899.305760622025,2,-0.015048503876,2.432965278625,0.625965654850,0.604918897152,-0.522132217884,0.427447259426,-0.422776579857,17.497458000000
267,1413393899.355760335922,2,0.016083478928,2.443779945374,0.651439964771,0.582373023033,-0.502409160137,0.451116085052,-0.452682077885,16.045081000000
268,1413393899.405760526657,2,0.042257070541,2.457889080048,0.673346877098,0.561768949032,-0.485774904490,0.467767268419,-0.479199647903,16.874348000000
269,1413393899.455760478973,2,0.062456846237,2.478851795197,0.698935389519,0.543849229813,-0.472483485937,0.479124188423,-0.501425504684,13.087690000000
270,1413393899.505760431290,2,0.067226409912,2.488981485367,0.726001143456,0.524576425552,-0.461248219013,0.485145598650,-0.526026070118,12.875436000000
271,1413393899.555760383606,2,0.069213151932,2.502757787704,0.748148798943,0.508414745331,-0.452238917351,0.487584501505,-0.547042846680,10.822105000000
272,1413393899.605760574341,2,0.060554504395,2.506600618362,0.769014954567,0.496520727873,-0.448412239552,0.484745383263,-0.563396573067,13.701066000000
273,1413393899.655760288239,2,0.042338848114,2.515667200089,0.785710573196,0.492908537388,-0.451503723860,0.474063485861,-0.573105096817,13.348060000000
274,1413393899.705760478973,2,0.013997793198,2.521633625031,0.798666119576,0.498897194862,-0.460880935192,0.457347899675,-0.574041247368,12.983162000000
275,1413393899.755760431290,2,-0.023336648941,2.523994445801,0.807815194130,0.514181077480,-0.478889346123,0.432779669762,-0.564787328243,13.874557000000
276,1413393899.805760622025,2,-0.068327188492,2.522174119949,0.815341830254,0.532103717327,-0.498540908098,0.406514376402,-0.550516784191,14.176816000000
277,1413393899.855760335922,2,-0.124762773514,2.519994258881,0.823064565659,0.551596522331,-0.520953118801,0.375965297222,-0.531976699829,17.646874000000
278,1413393899.905760526657,2,-0.179711103439,2.509723424911,0.826577067375,0.572598278522,-0.544082760811,0.343854963779,-0.507808029652,14.073269000000
279,1413393899.955760478973,2,-0.235726833344,2.494864225388,0.827948629856,0.593583345413,-0.566908061504,0.311441630125,-0.478830099106,16.086314000000
280,1413393900.005760431290,2,-0.292955875397,2.477533817291,0.835654437542,0.609768569469,-0.585707664490,0.285286158323,-0.451376467943,15.651644000000
281,1413393900.055760383606,2,-0.342569112778,2.453516483307,0.837469339371,0.621234953403,-0.599713802338,0.267447918653,-0.427647262812,18.108428000000
282,1413393900.105760574341,2,-0.380791664124,2.422492027283,0.835416674614,0.629702091217,-0.609367072582,0.257367372513,-0.407319575548,17.145880000000
283,1413393900.155760288239,2,-0.416167736053,2.390151977539,0.835355281830,0.638183474541,-0.613205015659,0.256305575371,-0.388598561287,19.752812000000
284,1413393900.205760478973,2,-0.446573972702,2.351028680801,0.830807507038,0.645936906338,-0.614245295525,0.259445279837,-0.371694177389,17.666091000000
285,1413393900.255760431290,2,-0.464771986008,2.313127279282,0.828278243542,0.654094576836,-0.609936177731,0.269825607538,-0.356836616993,17.031132000000
286,1413393900.305760622025,2,-0.473673343658,2.273996114731,0.824843883514,0.661211907864,-0.601223528385,0.286554217339,-0.345276504755,18.085161000000
287,1413393900.355760335922,2,-0.461359500885,2.241424322128,0.819697856903,0.664978504181,-0.589941680431,0.307165265083,-0.339738100767,17.078267000000
288,1413393900.405760526657,2,-0.452568054199,2.204017639160,0.816239953041,0.663368701935,-0.575616717339,0.332158178091,-0.343916177750,19.234175000000
289,1413393900.455760478973,2,-0.437025308609,2.173583030701,0.802926063538,0.657771289349,-0.560792088509,0.357744991779,-0.353366434574,21.599929000000
290,1413393900.505760431290,2,-0.418689250946,2.141494750977,0.797583878040,0.648026168346,-0.545592069626,0.382424503565,-0.368975520134,17.325969000000
291,1413393900.555760383606,2,-0.395061492920,2.111886978149,0.788112819195,0.634966313839,-0.529651582241,0.406738668680,-0.388394951820,15.994252000000
292,1413393900.605760574341,2,-0.373362779617,2.084839582443,0.779864788055,0.617410242558,-0.512659132481,0.430569916964,-0.413031339645,17.100565000000
293,1413393900.655760288239,2,-0.353533983231,2.056608676910,0.770373046398,0.599039793015,-0.496488064528,0.450725883245,-0.437603861094,14.984400000000
294,1413393900.705760478973,2,-0.336603164673,2.033021450043,0.757858633995,0.579650938511,-0.482494086027,0.467002451420,-0.461641579866,16.509254000000
295,1413393900.755760431290,2,-0.328338861465,2.010294437408,0.746208727360,0.563694536686,-0.472247093916,0.476919502020,-0.481434315443,14.864375000000
296,1413393900.805760622025,2,-0.323601961136,1.989148259163,0.730083227158,0.550939559937,-0.467524439096,0.480196267366,-0.497290730476,17.009455000000
297,1413393900.855760335922,2,-0.327335834503,1.963989496231,0.714657545090,0.543401181698,-0.469446390867,0.475336104631,-0.508321523666,15.346347000000
298,1413393900.905760526657,2,-0.338135957718,1.942906379700,0.697133064270,0.542729616165,-0.477124840021,0.464642703533,-0.511765241623,17.570869000000
299,1413393900.955760478973,2,-0.352613568306,1.917634963989,0.679853439331,0.548125028610,-0.491008251905,0.446476578712,-0.509046792984,15.323135000000
300,1413393901.005760431290,2,-0.376881718636,1.894727468491,0.662629365921,0.556073307991,-0.507342100143,0.425493776798,-0.502336204052,15.838708000000
301,1413393901.055760383606,2,-0.410519242287,1.870315074921,0.648184061050,0.565843224525,-0.524239182472,0.402955561876,-0.492566227913,14.583339000000
302,1413393901.105760574341,2,-0.443363428116,1.842964768410,0.631879210472,0.581050634384,-0.538180947304,0.385007679462,-0.473825395107,15.853176000000
303,1413393901.155760288239,2,-0.483344316483,1.819755077362,0.612946629524,0.598489463329,-0.551493287086,0.368013024330,-0.449702113867,15.233042000000
304,1413393901.205760478973,2,-0.517716526985,1.788477897644,0.598234236240,0.616536796093,-0.559468805790,0.357010304928,-0.423580765724,15.965558000000
305,1413393901.255760431290,2,-0.549519300461,1.756547212601,0.582099795341,0.631427884102,-0.564495861530,0.349535048008,-0.400585353374,15.306368000000
306,1413393901.305760622025,2,-0.577357769012,1.724506258965,0.571620643139,0.643334865570,-0.567974865437,0.344243854284,-0.380816191435,16.772834000000
307,1413393901.355760335922,2,-0.605316638947,1.692212343216,0.563909351826,0.651570618153,-0.569964110851,0.341166347265,-0.366336137056,16.078015000000
308,1413393901.405760526657,2,-0.622752308846,1.662183642387,0.557269096375,0.657804250717,-0.571920335293,0.338046133518,-0.354859828949,15.883618000000
309,1413393901.455760478973,2,-0.634066939354,1.633901834488,0.551863968372,0.662374556065,-0.574196279049,0.335176736116,-0.345275610685,17.975590000000
310,1413393901.505760431290,2,-0.634580731392,1.611873984337,0.547967076302,0.666446685791,-0.574450016022,0.335038363934,-0.337054044008,15.711635000000
311,1413393901.555760383606,2,-0.632341980934,1.587543725967,0.544569909573,0.670162737370,-0.573222398758,0.336314767599,-0.330439656973,15.787531000000
312,1413393901.605760574341,2,-0.622514724731,1.565766096115,0.542730748653,0.672561824322,-0.569526076317,0.341399967670,-0.326721221209,16.192675000000
313,1413393901.655760288239,2,-0.604846835136,1.547019720078,0.543160855770,0.672691762447,-0.560693264008,0.353949457407,-0.328372895718,18.089914000000
314,1413393901.705760478973,2,-0.571017384529,1.534598231316,0.542687773705,0.668762862682,-0.548213720322,0.371737331152,-0.337682276964,14.054407000000
315,1413393901.755760431290,2,-0.540610194206,1.523467183113,0.547346949577,0.662117362022,-0.535899937153,0.389621734619,-0.350152462721,14.663891000000
316,1413393901.805760622025,2,-0.507113575935,1.517159223557,0.547714829445,0.652023315430,-0.525424957275,0.404723614454,-0.367414027452,13.934300000000
317,1413393901.855760335922,2,-0.472283840179,1.514110326767,0.552900791168,0.642048418522,-0.519820332527,0.413896560669,-0.382427036762,17.435729000000
318,1413393901.905760526657,2,-0.432985663414,1.513244152069,0.554926276207,0.634621322155,-0.519254326820,0.415999114513,-0.393160820007,15.593721000000
319,1413393901.955760478973,2,-0.397530078888,1.515606522560,0.557880640030,0.630186736584,-0.520778656006,0.415591627359,-0.398670345545,19.534353000000
320,1413393902.005760431290,2,-0.361892580986,1.520334005356,0.560787618160,0.627645194530,-0.522688448429,0.414362490177,-0.401450097561,17.884356000000
321,1413393902.055760383606,2,-0.326139330864,1.527197480202,0.564164400101,0.626324057579,-0.524795114994,0.412535548210,-0.402644783258,17.200764000000
322,1413393902.105760574341,2,-0.287361264229,1.533974647522,0.571840107441,0.626059651375,-0.526262283325,0.411733508110,-0.401961416006,16.598634000000
323,1413393902.155760288239,2,-0.250803947449,1.544648289680,0.576237618923,0.625539481640,-0.525685489178,0.412867844105,-0.402362287045,18.564542000000
324,1413393902.205760478973,2,-0.214404940605,1.557138204575,0.580453395844,0.625953078270,-0.525672852993,0.413208663464,-0.401384532452,17.337256000000
325,1413393902.255760431290,2,-0.177774071693,1.571523308754,0.585212230682,0.625622808933,-0.525388181210,0.414335995913,-0.401109933853,16.567748000000
326,1413393902.305760622025,2,-0.141072392464,1.587863564491,0.589733839035,0.625687718391,-0.525404870510,0.414727091789,-0.400582104921,18.708687000000
327,1413393902.355760335922,2,-0.104343652725,1.602188229561,0.592566251755,0.625876605511,-0.524828732014,0.415552318096,-0.400187075138,16.546075000000
328,1413393902.405760526657,2,-0.066651463509,1.622104167938,0.594486355782,0.624811887741,-0.523872673512,0.417311251163,-0.401271551847,16.932379000000
329,1413393902.455760478973,2,-0.029314041138,1.643742084503,0.594568371773,0.623687505722,-0.522211134434,0.419613987207,-0.402782231569,18.511776000000
330,1413393902.505760431290,2,0.006463885307,1.670828223228,0.591707229614,0.621737539768,-0.520190954208,0.422177314758,-0.405721873045,16.404646000000
331,1413393902.555760383606,2,0.042224168777,1.696419835091,0.590553224087,0.621035814285,-0.519921839237,0.422866314650,-0.406423330307,16.917520000000
332,1413393902.605760574341,2,0.077351212502,1.724182248116,0.591479659081,0.620873630047,-0.520305097103,0.422475129366,-0.406587421894,18.449207000000
333,1413393902.655760288239,2,0.112498641014,1.753390073776,0.591829895973,0.621088325977,-0.521226465702,0.422085285187,-0.405482977629,16.676857000000
334,1413393902.705760478973,2,0.147257924080,1.785239934921,0.599145174026,0.621225357056,-0.521935224533,0.421689093113,-0.404772728682,17.322398000000
335,1413393902.755760431290,2,0.180685639381,1.819082260132,0.609329044819,0.621396958828,-0.523451507092,0.419870495796,-0.404441803694,17.790958000000
336,1413393902.805760622025,2,0.209708690643,1.849163651466,0.622416555882,0.620254158974,-0.528783321381,0.413292527199,-0.406032472849,16.850116000000
337,1413393902.855760335922,2,0.242655992508,1.886920452118,0.638185381889,0.618401050568,-0.535837650299,0.404316604137,-0.408639550209,18.211319000000
338,1413393902.905760526657,2,0.280177593231,1.917629837990,0.654288947582,0.617077648640,-0.546004712582,0.390854120255,-0.410276919603,16.884424000000
339,1413393902.955760478973,2,0.314744949341,1.956439495087,0.670755922794,0.616022288799,-0.555614054203,0.378330826759,-0.410701036453,17.234065000000
340,1413393903.005760431290,2,0.350852251053,1.994675636292,0.687410295010,0.614369928837,-0.563966691494,0.367278248072,-0.411822766066,18.166606000000
341,1413393903.055760383606,2,0.393241882324,2.026759624481,0.702850520611,0.612130463123,-0.569915175438,0.359446197748,-0.413873732090,17.539999000000
342,1413393903.105760574341,2,0.434118747711,2.061827421188,0.720088005066,0.611059010029,-0.570548295975,0.359554737806,-0.414490103722,20.353084000000
343,1413393903.155760288239,2,0.474593162537,2.090713500977,0.733521938324,0.608939230442,-0.567154288292,0.364978373051,-0.417516231537,16.292001000000
344,1413393903.205760478973,2,0.518980979919,2.122348785400,0.750338077545,0.607675254345,-0.562798500061,0.372373849154,-0.418719917536,23.214023000000
345,1413393903.255760431290,2,0.565019369125,2.152671337128,0.766579151154,0.605551779270,-0.559090316296,0.380407959223,-0.419541358948,18.779285000000
346,1413393903.305760622025,2,0.610234260559,2.174286842346,0.783647894859,0.602936863899,-0.556877970695,0.388471633196,-0.418860197067,17.135324000000
347,1413393903.355760335922,2,0.657915115356,2.202003002167,0.797014355659,0.599427759647,-0.557755351067,0.396035164595,-0.415633797646,18.931273000000
348,1413393903.405760526657,2,0.702354669571,2.226769685745,0.809218406677,0.592698991299,-0.561723947525,0.403613090515,-0.412638574839,16.548347000000
349,1413393903.455760478973,2,0.750800848007,2.252529621124,0.815580129623,0.583647370338,-0.568955063820,0.409915894270,-0.409407883883,18.366680000000
350,1413393903.505760431290,2,0.801435470581,2.278617858887,0.818374395370,0.572259128094,-0.578533113003,0.415367633104,-0.406557261944,16.872697000000
351,1413393903.555760383606,2,0.849433422089,2.302925109863,0.814308643341,0.559296965599,-0.588234961033,0.421433001757,-0.404426455498,19.841046000000
352,1413393903.605760574341,2,0.897621870041,2.325554132462,0.807166814804,0.543454349041,-0.596749007702,0.428848266602,-0.405755072832,16.430513000000
353,1413393903.655760288239,2,0.944154977798,2.348119497299,0.801598787308,0.527247190475,-0.604100883007,0.436645269394,-0.407938063145,18.641535000000
354,1413393903.705760478973,2,0.991873741150,2.374265432358,0.795063734055,0.512423098087,-0.611948549747,0.442307710648,-0.409029841423,15.403608000000
355,1413393903.755760431290,2,1.035731077194,2.393587589264,0.790047764778,0.498737484217,-0.619252085686,0.447821080685,-0.408954888582,16.900216000000
356,1413393903.805760622025,2,1.078824043274,2.409549713135,0.785625576973,0.487965047359,-0.627643942833,0.449527204037,-0.407281845808,16.253184000000
357,1413393903.855760335922,2,1.118608474731,2.425217151642,0.781856894493,0.478320926428,-0.636736929417,0.447907894850,-0.406391054392,17.635349000000
358,1413393903.905760526657,2,1.158084869385,2.441368818283,0.779928088188,0.469987422228,-0.645259857178,0.445134371519,-0.405717819929,16.913359000000
359,1413393903.955760478973,2,1.193948268890,2.452194213867,0.778631329536,0.462438404560,-0.652299821377,0.442741692066,-0.405753046274,17.425177000000
360,1413393904.005760431290,2,1.227489709854,2.458630323410,0.780264973640,0.456600785255,-0.657477498055,0.441955000162,-0.404864102602,16.834995000000
361,1413393904.055760383606,2,1.259340524673,2.463096857071,0.779321312904,0.453895956278,-0.661293089390,0.441239356995,-0.402464628220,16.468140000000
362,1413393904.105760574341,2,1.291088581085,2.468838691711,0.777656793594,0.452905833721,-0.662195742130,0.443704396486,-0.399373948574,16.120606000000
363,1413393904.155760288239,2,1.318836212158,2.467215538025,0.771630644798,0.455203324556,-0.662697553635,0.445917546749,-0.393420249224,15.737425000000
364,1413393904.205760478973,2,1.344673633575,2.463044166565,0.763635993004,0.458310037851,-0.662787854671,0.448109656572,-0.387120187283,15.537538000000
365,1413393904.255760431290,2,1.368833541870,2.456248044968,0.756105184555,0.461854040623,-0.662620663643,0.449940532446,-0.381022781134,17.815702000000
366,1413393904.305760622025,2,1.397888422012,2.452120304108,0.757841467857,0.464418649673,-0.661531388760,0.452862769365,-0.376306980848,16.970609000000
367,1413393904.355760335922,2,1.419773101807,2.440419435501,0.758917689323,0.465369552374,-0.660205245018,0.455227404833,-0.374604254961,18.255623000000
368,1413393904.405760526657,2,1.444324970245,2.426135301590,0.771037340164,0.465373188257,-0.660362303257,0.456478923559,-0.372795343399,16.850693000000
369,1413393904.455760478973,2,1.465086460114,2.408904790878,0.781255602837,0.463828146458,-0.661260604858,0.458514779806,-0.370624005795,17.538619000000
370,1413393904.505760431290,2,1.486427783966,2.388666629791,0.799238085747,0.461371719837,-0.663023471832,0.461172699928,-0.367227077484,17.032908000000
371,1413393904.555760383606,2,1.506716728210,2.366045236588,0.817420363426,0.459250807762,-0.664250254631,0.466419905424,-0.360988646746,17.234600000000
372,1413393904.605760574341,2,1.527633428574,2.343616724014,0.838211894035,0.461820721626,-0.667453587055,0.470676094294,-0.345964461565,16.543401000000
373,1413393904.655760288239,2,1.545680522919,2.317607164383,0.852015674114,0.466440588236,-0.672420799732,0.473800659180,-0.325263500214,16.817495000000
374,1413393904.705760478973,2,1.568451642990,2.290734529495,0.861214637756,0.468813329935,-0.680747747421,0.473008751869,-0.305056333542,15.529017000000
375,1413393904.755760431290,2,1.586646795273,2.264236927032,0.869660377502,0.469087928534,-0.688706576824,0.473502546549,-0.285368561745,14.901497000000
376,1413393904.805760622025,2,5.104300975800,3.132612228394,-3.176230430603,0.446842253208,-0.710054576397,0.478946030140,-0.258389681578,15.094664000000
377,1413393904.855760335922,2,5.125640392303,3.105133533478,-3.170132637024,0.441794127226,-0.716325879097,0.481726735830,-0.244202151895,19.099913000000
378,1413393904.905760526657,2,5.151621341705,3.083034038544,-3.170703887939,0.433422178030,-0.720876157284,0.487649381161,-0.233839467168,16.042188000000
379,1413393904.955760478973,2,5.178991794586,3.055784225464,-3.166604518890,0.422350645065,-0.721873998642,0.498849838972,-0.227303177118,15.324656000000
380,1413393905.005760431290,2,5.209661006927,3.028701305389,-3.163852691650,0.408228397369,-0.721485853195,0.512465894222,-0.224023550749,15.492945000000
381,1413393905.055760383606,2,5.242395877838,3.002589941025,-3.163451194763,0.393961012363,-0.720998883247,0.525650143623,-0.220561549067,20.265774000000
382,1413393905.105760574341,2,5.274392127991,2.970485925674,-3.162887573242,0.380145907402,-0.721320688725,0.536974787712,-0.216434165835,14.899585000000
383,1413393905.155760288239,2,5.308674812317,2.947466373444,-3.169866561890,0.365225940943,-0.723415195942,0.546048879623,-0.212394088507,14.642494000000
384,1413393905.205760478973,2,5.343560218811,2.926269054413,-3.180423736572,0.349564194679,-0.727264761925,0.552193582058,-0.209697678685,17.025643000000
385,1413393905.255760431290,2,5.377799034119,2.909933090210,-3.193085193634,0.333801299334,-0.731562256813,0.557374477386,-0.206705480814,15.214676000000
386,1413393905.305760622025,2,5.412846565247,2.891986370087,-3.207070350647,0.317469298840,-0.736827909946,0.561005473137,-0.203889325261,15.952805000000
387,1413393905.355760335922,2,5.447721004486,2.875597953796,-3.220653057098,0.301950603724,-0.742374360561,0.563530325890,-0.200349301100,14.935733000000
388,1413393905.405760526657,2,5.482091426849,2.860469818115,-3.233841180801,0.287850022316,-0.747698128223,0.565648138523,-0.195274531841,17.579387000000
389,1413393905.455760478973,2,5.519550323486,2.855191707611,-3.241242170334,0.273632973433,-0.752955019474,0.567666232586,-0.189575493336,22.453491000000
390,1413393905.505760431290,2,5.552743911743,2.842617988586,-3.251824378967,0.259807348251,-0.758364319801,0.569028377533,-0.183276966214,16.134676000000
391,1413393905.555760383606,2,5.585037708282,2.831215620041,-3.261445522308,0.244073837996,-0.764911592007,0.568543970585,-0.179153650999,15.272954000000
392,1413393905.605760574341,2,5.616200447083,2.820533752441,-3.270559310913,0.227194964886,-0.772567272186,0.566248357296,-0.175741672516,16.457915000000
393,1413393905.655760288239,2,5.645823001862,2.809943675995,-3.278571128845,0.210180610418,-0.779029011726,0.565000951290,-0.172371610999,23.755148000000
394,1413393905.705760478973,2,5.683641433716,2.801044464111,-3.282961606979,0.193133443594,-0.784575700760,0.564262747765,-0.169552564621,15.949155000000
395,1413393905.755760431290,2,5.709924221039,2.789724588394,-3.288414478302,0.175139993429,-0.788697838783,0.565164327621,-0.166946336627,15.887127000000
396,1413393905.805760622025,2,5.734047412872,2.778167009354,-3.292907953262,0.157609403133,-0.793418228626,0.564267992973,-0.165071278811,14.871192000000
397,1413393905.855760335922,2,5.755595684052,2.766094207764,-3.296771287918,0.140549629927,-0.800323963165,0.559435963631,-0.163581430912,15.352915000000
398,1413393905.905760526657,2,5.774349212646,2.752564191818,-3.300078153610,0.125417277217,-0.808245599270,0.552547812462,-0.160313650966,16.439643000000
399,1413393905.955760478973,2,5.789825916290,2.737197637558,-3.302525520325,0.112428911030,-0.816470026970,0.544750213623,-0.154866725206,18.414451000000
400,1413393906.005760431290,2,5.806588172913,2.716974258423,-3.297868967056,0.100840307772,-0.822902560234,0.539440393448,-0.147196531296,16.143534000000
401,1413393906.055760383606,2,5.815370082855,2.694951295853,-3.297357082367,0.095383703709,-0.827353239059,0.537403523922,-0.132612347603,16.570247000000
402,1413393906.105760574341,2,5.820875167847,2.670111656189,-3.296091556549,0.093464046717,-0.828751385212,0.539881646633,-0.113857537508,17.775008000000
403,1413393906.155760288239,2,5.824427604675,2.642846822739,-3.294673919678,0.092108316720,-0.827092051506,0.546126186848,-0.095818340778,16.868102000000
404,1413393906.205760478973,2,5.826750755310,2.613797664642,-3.294776678085,0.091684393585,-0.822744309902,0.555604577065,-0.077390573919,16.598770000000
405,1413393906.255760431290,2,5.828785896301,2.583629608154,-3.296303272247,0.090369321406,-0.816407620907,0.567023336887,-0.061616685241,18.669408000000
406,1413393906.305760622025,2,5.834792613983,2.550689220428,-3.299424886703,0.088411256671,-0.810210645199,0.577448010445,-0.047917284071,14.913357000000
407,1413393906.355760335922,2,5.837613105774,2.518973827362,-3.305586576462,0.085425585508,-0.805613160133,0.585093319416,-0.036820836365,15.607444000000
408,1413393906.405760526657,2,5.841248989105,2.488093852997,-3.314295053482,0.081045471132,-0.802982389927,0.589744448662,-0.029197121039,15.490063000000
409,1413393906.455760478973,2,5.845634937286,2.459155797958,-3.325809240341,0.075979538262,-0.800126910210,0.594550848007,-0.023096343502,16.808619000000
410,1413393906.505760431290,2,5.850801467896,2.431560039520,-3.340747833252,0.069182291627,-0.798810780048,0.597298324108,-0.018708929420,15.473649000000
411,1413393906.555760383606,2,5.857153415680,2.404812335968,-3.358406543732,0.061085894704,-0.797728836536,0.599672317505,-0.017041740939,15.211949000000
412,1413393906.605760574341,2,5.864131927490,2.379386425018,-3.379071235657,0.050734195858,-0.797504127026,0.600904643536,-0.018081163988,15.126854000000
413,1413393906.655760288239,2,5.871277332306,2.355398654938,-3.401578187943,0.038499787450,-0.797219932079,0.602093279362,-0.021022712812,14.988939000000
414,1413393906.705760478973,2,5.878687381744,2.332747936249,-3.424553871155,0.024991985410,-0.797859191895,0.601659417152,-0.028322616592,19.197325000000
415,1413393906.755760431290,2,5.885556221008,2.311436414719,-3.446635246277,0.012485680170,-0.797925591469,0.601514637470,-0.036594238132,16.162447000000
416,1413393906.805760622025,2,5.901978015900,2.281821489334,-3.479552984238,0.001824104344,-0.795951485634,0.603803336620,-0.043352231383,15.130448000000
417,1413393906.855760335922,2,5.905137062073,2.263037919998,-3.500596046448,0.004619563464,0.794255435467,-0.605861425400,0.045487087220,15.849380000000
418,1413393906.905760526657,2,5.905976295471,2.245861291885,-3.521428346634,0.008215271868,0.791802406311,-0.609009087086,0.045711047947,16.825846000000
419,1413393906.955760478973,2,5.904450416565,2.230094432831,-3.542019367218,0.010173536837,0.789412438869,-0.612170159817,0.044410537928,16.187376000000
420,1413393907.005760431290,2,5.900635242462,2.215898036957,-3.562352180481,0.010172419250,0.788014471531,-0.614139914513,0.041975378990,15.896108000000
421,1413393907.055760383606,2,5.894381046295,2.203567981720,-3.583461761475,0.004507330712,0.788491249084,-0.614159882069,0.032694920897,16.992841000000
422,1413393907.105760574341,2,5.886411666870,2.193062067032,-3.604570865631,0.001723754918,-0.789566814899,0.613234221935,-0.022917089984,15.672163000000
423,1413393907.155760288239,2,5.877239704132,2.184182167053,-3.625141620636,0.007443268783,-0.791427195072,0.611053168774,-0.014204104431,16.738320000000
424,1413393907.205760478973,2,5.867050170898,2.176077604294,-3.645211219788,0.014165258035,-0.792757213116,0.609361767769,-0.003693382954,16.362756000000
425,1413393907.255760431290,2,5.856389045715,2.168943405151,-3.664409399033,0.023462561890,-0.793864011765,0.607560157776,0.010014220141,16.887231000000
426,1413393907.305760622025,2,5.852829933167,2.148457050323,-3.687739133835,0.034194692969,-0.795257985592,0.604743599892,0.026090826839,19.035049000000
427,1413393907.355760335922,2,5.845147609711,2.144840717316,-3.706449031830,0.044544979930,-0.794968903065,0.603584110737,0.041550502181,16.099377000000
428,1413393907.405760526657,2,5.840660572052,2.142676115036,-3.723351001740,0.049132321030,-0.796478629112,0.600582301617,0.050087135285,16.573527000000
429,1413393907.455760478973,2,5.840858936310,2.141279935837,-3.736167430878,0.046354372054,-0.798812568188,0.597947537899,0.046995002776,15.544200000000
430,1413393907.505760431290,2,5.844748020172,2.141377925873,-3.744477987289,0.040847506374,-0.800580978394,0.596513152122,0.039670027792,15.679299000000
431,1413393907.555760383606,2,5.851974487305,2.140924453735,-3.746616125107,0.030327875167,-0.801754236221,0.596334040165,0.025615690276,16.489283000000
432,1413393907.605760574341,2,5.860305786133,2.140523433685,-3.744653224945,0.023134781048,-0.801365673542,0.597532749176,0.015247689560,16.696876000000
433,1413393907.655760288239,2,5.869037151337,2.140313148499,-3.743209362030,0.017148435116,-0.802353441715,0.596560537815,0.007107017562,16.623498000000
434,1413393907.705760478973,2,5.877404212952,2.140725851059,-3.743887901306,0.012823495083,-0.804426431656,0.593912601471,0.001265732222,16.100574000000
435,1413393907.755760431290,2,5.885451793671,2.141068458557,-3.747860670090,0.010177308694,-0.805842459202,0.592037439346,-0.002462980570,17.790360000000
436,1413393907.805760622025,2,5.892195701599,2.129189252853,-3.759862422943,0.007238925435,-0.805478334427,0.592559039593,-0.005116543733,17.621804000000
437,1413393907.855760335922,2,5.900055408478,2.129970312119,-3.773239135742,0.005374630913,-0.804264962673,0.594208061695,-0.006765473168,16.779220000000
438,1413393907.905760526657,2,5.907330036163,2.131084203720,-3.792315006256,0.003915254958,-0.802032828331,0.597205996513,-0.008546582423,15.859508000000
439,1413393907.955760478973,2,5.913576602936,2.132699489594,-3.817029237747,0.005094602238,-0.799880206585,0.600106537342,-0.006147444714,15.622444000000
440,1413393908.005760431290,2,5.919044494629,2.135526418686,-3.844867229462,0.006532676052,-0.798214733601,0.602331697941,-0.002672203351,19.734567000000
441,1413393908.055760383606,2,5.924232006073,2.139536857605,-3.872097015381,0.009074633010,-0.797113180161,0.603759229183,0.001750454656,16.109328000000
442,1413393908.105760574341,2,5.929574012756,2.146238088608,-3.898427009583,0.010731867515,-0.798313200474,0.602124094963,0.005239093211,17.313997000000
443,1413393908.155760288239,2,5.934944152832,2.154479742050,-3.922589778900,0.011527716182,-0.801602065563,0.597699403763,0.007532271557,17.780536000000
444,1413393908.205760478973,2,5.943723678589,2.173842906952,-3.950978517532,0.013198142871,-0.803115606308,0.595594048500,0.009949536063,16.284506000000
445,1413393908.255760431290,2,5.949254989624,2.184323787689,-3.967509269714,0.013192991726,-0.803893983364,0.594529628754,0.010723307729,17.827457000000
446,1413393908.305760622025,2,5.955369949341,2.196102857590,-3.981062650681,0.013443539850,-0.801330029964,0.597962319851,0.011425412260,16.815450000000
447,1413393908.355760335922,2,5.962058544159,2.208112239838,-3.991935729980,0.012364754453,-0.795903623104,0.605205178261,0.010552966036,16.021509000000
448,1413393908.405760526657,2,5.969339847565,2.221220493317,-4.002908229828,0.011631055735,-0.793875813484,0.607883512974,0.010176436044,15.876285000000
449,1413393908.455760478973,2,5.977125167847,2.235258817673,-4.013462066650,0.010205519386,-0.794140994549,0.607579112053,0.009147603065,16.492635000000
450,1413393908.505760431290,2,5.984762668610,2.249746561050,-4.023923397064,0.008855792694,-0.796066045761,0.605083703995,0.008614708669,14.809557000000
451,1413393908.555760383606,2,5.992707729340,2.265324115753,-4.034567356110,0.008243540302,-0.798700869083,0.601602792740,0.009122091345,15.867508000000
452,1413393908.605760574341,2,6.001280784607,2.280629396439,-4.043677330017,0.005579396151,-0.801334440708,0.598151326180,0.006856981199,19.332814000000
453,1413393908.655760288239,2,6.011610507965,2.295610904694,-4.048396587372,-0.000924116175,0.805253624916,-0.592921435833,-0.003160794033,16.283647000000
454,1413393908.705760478973,2,6.020393371582,2.313962459564,-4.056730270386,0.010562056676,0.807015061378,-0.590327441692,0.011350036599,16.426075000000
455,1413393908.755760431290,2,6.027998924255,2.332126855850,-4.063191890717,0.022650947794,0.806448578835,-0.590259194374,0.026866288856,17.197568000000
456,1413393908.805760622025,2,6.033032894135,2.350164413452,-4.067083835602,0.032630633563,0.803070187569,-0.593710541725,0.039006173611,15.903356000000
457,1413393908.855760335922,2,6.034071922302,2.367495775223,-4.066103935242,0.037422165275,0.797216951847,-0.600937068462,0.043811295182,15.698350000000
458,1413393908.905760526657,2,6.030758857727,2.385864496231,-4.062130928040,0.034185677767,0.792568206787,-0.607677578926,0.037349358201,16.032536000000
459,1413393908.955760478973,2,6.023999214172,2.404048681259,-4.056927680969,0.025129361078,0.792371749878,-0.609075427055,0.023296086118,16.046380000000
460,1413393909.005760431290,2,6.015158176422,2.423257350922,-4.049132823944,0.016827497631,0.794582068920,-0.606838762760,0.010149530135,16.477107000000
461,1413393909.055760383606,2,6.005215644836,2.443805932999,-4.039060115814,0.008872569539,0.797075748444,-0.603805840015,-0.003193668090,16.135332000000
462,1413393909.105760574341,2,5.995343685150,2.465854644775,-4.027756214142,0.003400215413,0.799629688263,-0.600336194038,-0.013316911645,18.175847000000
463,1413393909.155760288239,2,5.991549491882,2.485107898712,-4.014037609100,0.000287193921,0.801636695862,-0.597432076931,-0.021296851337,16.004524000000
464,1413393909.205760478973,2,5.982404232025,2.508077144623,-4.000902652740,-0.001222277409,0.802568972111,-0.595968127251,-0.026527622715,16.030640000000
465,1413393909.255760431290,2,5.974462032318,2.531746625900,-3.989540100098,-0.001398536377,0.801982998848,-0.596607923508,-0.029670016840,15.622570000000
466,1413393909.305760622025,2,5.967493534088,2.556358575821,-3.980637550354,0.001728038187,-0.801333427429,0.597290933132,0.033246636391,16.171171000000
467,1413393909.355760335922,2,5.961760520935,2.581202507019,-3.974605560303,0.001638877904,-0.801093757153,0.597439885139,0.036218274385,20.331163000000
468,1413393909.405760526657,2,5.957293033600,2.606796026230,-3.971485137939,-0.000792307605,0.801322281361,-0.597007095814,-0.038270752877,15.808782000000
469,1413393909.455760478973,2,5.954185962677,2.633358955383,-3.971227169037,0.000481024734,0.801892518997,-0.596180975437,-0.039196338505,16.068257000000
470,1413393909.505760431290,2,5.952611923218,2.660850524902,-3.973534822464,0.001969083678,0.802290856838,-0.595629692078,-0.039381433278,15.998144000000
471,1413393909.555760383606,2,5.952103614807,2.689617633820,-3.979300022125,0.003276417265,0.804302752018,-0.592881262302,-0.039727687836,16.302275000000
472,1413393909.605760574341,2,5.952450752258,2.719210147858,-3.988389253616,0.004723588470,0.808285713196,-0.587384104729,-0.040396519005,17.521974000000
473,1413393909.655760288239,2,5.958440303802,2.754903793335,-4.006659030914,0.006258596200,0.813885390759,-0.579476058483,-0.041939143091,15.168816000000
474,1413393909.705760478973,2,5.960764884949,2.783782005310,-4.020580291748,0.008224435151,0.820362508297,-0.570144176483,-0.043283380568,18.369075000000
475,1413393909.755760431290,2,5.964174270630,2.811547756195,-4.036270141602,0.010269236751,0.827158153057,-0.560071706772,-0.044985175133,16.768229000000
476,1413393909.805760622025,2,5.969229698181,2.838732242584,-4.053350448608,0.013143111020,0.832259953022,-0.552317380905,-0.046002425253,15.783947000000
477,1413393909.855760335922,2,5.974893093109,2.862816095352,-4.072276115417,0.015410826541,0.836781084538,-0.545233309269,-0.047756854445,16.779739000000
478,1413393909.905760526657,2,5.981436252594,2.884545326233,-4.093159675598,0.018103171140,0.841046333313,-0.538397192955,-0.049415133893,17.507759000000
479,1413393909.955760478973,2,5.986203670502,2.907250881195,-4.118622303009,0.020481919870,0.843996465206,-0.533536911011,-0.050882294774,17.740289000000
480,1413393910.005760431290,2,5.994827270508,2.924263477325,-4.142452239990,0.022722354159,0.846805870533,-0.528808474541,-0.052585359663,16.376981000000
481,1413393910.055760383606,2,6.004698276520,2.937849521637,-4.165492057800,0.024867085740,0.849620103836,-0.524054527283,-0.053797654808,15.870204000000
482,1413393910.105760574341,2,6.015950202942,2.947387933731,-4.185217380524,0.028408838436,0.851733624935,-0.520458638668,-0.053531922400,17.170391000000
483,1413393910.155760288239,2,6.024177551270,2.946504592896,-4.201644897461,0.032484170049,0.854194521904,-0.516296386719,-0.052293360233,15.862282000000
484,1413393910.205760478973,2,6.037049293518,2.946543216705,-4.213217735291,0.035275578499,0.855468273163,-0.514015674591,-0.052129916847,16.394488000000
485,1413393910.255760431290,2,6.050404071808,2.941864967346,-4.220500469208,0.037268050015,0.857192873955,-0.510957896709,-0.052474521101,17.084679000000
486,1413393910.305760622025,2,6.064103126526,2.931848526001,-4.223758697510,0.039945375174,0.858680605888,-0.508280992508,-0.052177645266,16.515622000000
487,1413393910.355760335922,2,6.077766418457,2.915355205536,-4.222974777222,0.044351991266,0.862231075764,-0.502154469490,-0.049308829010,16.738065000000
488,1413393910.405760526657,2,6.085175037384,2.880112648010,-4.216233253479,0.050540838391,0.866375207901,-0.494968950748,-0.042958483100,16.682740000000
489,1413393910.455760478973,2,6.099137306213,2.853055000305,-4.208702087402,0.057646717876,0.868538320065,-0.491012960672,-0.034991536289,17.249131000000
490,1413393910.505760431290,2,6.111838817596,2.820521593094,-4.200649738312,0.062258739024,0.870551824570,-0.487294703722,-0.028413480148,16.784153000000
491,1413393910.555760383606,2,6.122818470001,2.782303333282,-4.194154739380,0.064928352833,0.871520578861,-0.485496729612,-0.023003473878,16.084115000000
492,1413393910.605760574341,2,6.131745815277,2.738893747330,-4.189477920532,0.064801983535,0.870245337486,-0.487944692373,-0.019589178264,16.383325000000
493,1413393910.655760288239,2,6.138714313507,2.690323829651,-4.187107086182,0.062886901200,0.867210268974,-0.493647783995,-0.017421560362,16.288373000000
494,1413393910.705760478973,2,6.143986701965,2.637241363525,-4.187330245972,0.062364626676,0.863187253475,-0.500848174095,-0.013023599051,17.853879000000
495,1413393910.755760431290,2,6.142144680023,2.576159238815,-4.191148281097,0.060010310262,0.858482778072,-0.509238541126,-0.009066487662,16.190350000000
496,1413393910.805760622025,2,6.143780708313,2.515950679779,-4.197157859802,0.055741239339,0.854235947132,-0.516832649708,-0.007610028144,19.787409000000
497,1413393910.855760335922,2,6.143933773041,2.452608585358,-4.205757617950,0.050119694322,0.850216686726,-0.523999452591,-0.006655149627,16.153151000000
498,1413393910.905760526657,2,6.142509460449,2.386437177658,-4.216208934784,0.043752077967,0.845426082611,-0.532262563705,-0.006089972798,17.291543000000
499,1413393910.955760478973,2,6.139357089996,2.317355871201,-4.228217124939,0.036248896271,0.838471114635,-0.543701291084,-0.006418973673,16.666411000000
500,1413393911.005760431290,2,6.135751724243,2.246907949448,-4.241930007935,0.029126340523,0.831686675549,-0.554454445839,-0.005400259979,17.526121000000
501,1413393911.055760383606,2,6.131615161896,2.175649166107,-4.257829189301,0.021834928542,0.825782537460,-0.563553869724,-0.003683629446,16.523186000000
502,1413393911.105760574341,2,6.126974105835,2.104002714157,-4.274421215057,0.015751933679,0.820876657963,-0.570887982845,-0.000624224311,16.458541000000
503,1413393911.155760288239,2,6.121730804443,2.032268524170,-4.291404724121,0.010131275281,0.817874312401,-0.575302720070,0.002414037939,16.413983000000
504,1413393911.205760478973,2,6.115950107574,1.960339546204,-4.308408260345,0.004441909958,0.814961016178,-0.579486548901,0.003784677479,18.574983000000
505,1413393911.255760431290,2,6.112010002136,1.885362863541,-4.328906536102,-0.000030726915,0.813104152679,-0.582100391388,0.004574913997,16.505965000000
506,1413393911.305760622025,2,6.105166435242,1.814589023590,-4.346162796021,0.003375361674,-0.810965299606,0.585058748722,-0.005504560657,15.627107000000
507,1413393911.355760335922,2,6.097916603088,1.743644714355,-4.361550331116,0.006792548113,-0.805275440216,0.592846989632,-0.004225899000,17.946597000000
508,1413393911.405760526657,2,6.090094566345,1.669949054718,-4.377146720886,0.009968078695,-0.798883497715,0.601399958134,-0.001964214025,16.189497000000
509,1413393911.455760478973,2,6.082941055298,1.601562976837,-4.390747547150,0.012400851585,-0.792216479778,0.610113620758,0.000796698558,15.702789000000
510,1413393911.505760431290,2,6.076112270355,1.536290645599,-4.403668880463,0.014225008897,-0.787592351437,0.616019606590,0.003973403014,16.813517000000
511,1413393911.555760383606,2,6.069971084595,1.473247766495,-4.416317939758,0.015618382022,-0.785068035126,0.619163453579,0.007799389306,15.856394000000
512,1413393911.605760574341,2,6.064652442932,1.414848566055,-4.423649311066,0.015543399379,-0.782262206078,0.622671425343,0.010221133940,16.191737000000
513,1413393911.655760288239,2,6.060644149780,1.359375238419,-4.425902843475,0.015195448883,-0.778119325638,0.627816319466,0.012091016397,17.279688000000
514,1413393911.705760478973,2,6.059986591339,1.304553985596,-4.420833587646,0.014607376419,-0.776715278625,0.629492282867,0.015475858934,15.776222000000
515,1413393911.755760431290,2,6.058221817017,1.258444070816,-4.417786598206,0.012508627959,-0.780699908733,0.624549210072,0.017015257850,16.297546000000
516,1413393911.805760622025,2,6.057930469513,1.215976476669,-4.410657882690,0.011388950981,-0.787074029446,0.616466224194,0.018817448989,16.241876000000
517,1413393911.855760335922,2,6.058999061584,1.176837205887,-4.399618625641,0.009386586957,-0.795049250126,0.606151163578,0.019734457135,16.000465000000
518,1413393911.905760526657,2,6.066092014313,1.133083581924,-4.379070281982,0.002104106126,-0.804585874081,0.593663394451,0.014177923091,14.814808000000
519,1413393911.955760478973,2,6.070097923279,1.097835540771,-4.360589027405,0.007532541174,0.814842164516,-0.579618990421,-0.004168721382,17.205879000000
520,1413393912.005760431290,2,6.076150417328,1.051523208618,-4.335816383362,0.016891950741,0.826719522476,-0.562340557575,0.004766966216,14.923443000000
521,1413393912.055760383606,2,6.079312801361,1.013201713562,-4.309273242950,0.024796508253,0.838034451008,-0.544925034046,0.011837149970,16.058730000000
522,1413393912.105760574341,2,6.080913543701,0.960061311722,-4.278851985931,0.030492458493,0.846470057964,-0.531316459179,0.016171507537,15.431040000000
523,1413393912.155760288239,2,6.080451965332,0.914879560471,-4.247201919556,0.035455010831,0.853394031525,-0.519728124142,0.018555523828,16.966056000000
524,1413393912.205760478973,2,6.077772140503,0.860537290573,-4.214719772339,0.038967218250,0.858556210995,-0.510874450207,0.019236395136,14.324803000000
525,1413393912.255760431290,2,6.072954654694,0.806901693344,-4.182208061218,0.041040744632,0.861810564995,-0.505230069160,0.018462473527,15.975904000000
526,1413393912.305760622025,2,6.065974712372,0.748510122299,-4.149340152740,0.043293133378,0.863558411598,-0.502075791359,0.017677670345,16.247656000000
527,1413393912.355760335922,2,6.056800842285,0.681193113327,-4.117499828339,0.044671513140,0.862623512745,-0.503609359264,0.016213463619,14.851110000000
528,1413393912.405760526657,2,6.045294761658,0.612112045288,-4.082054138184,0.045807361603,0.858184158802,-0.511081278324,0.014751540497,16.660811000000
529,1413393912.455760478973,2,6.029961109161,0.534483194351,-4.049693584442,0.046477101743,0.850653946400,-0.523520469666,0.012413760647,14.652434000000
530,1413393912.505760431290,2,6.014209747314,0.457117557526,-4.013644695282,0.045637298375,0.841527760029,-0.538191318512,0.009922520258,16.210116000000
531,1413393912.555760383606,2,5.997522830963,0.380611181259,-3.981393098831,0.045278094709,0.833518028259,-0.550559937954,0.009026058018,14.936070000000
532,1413393912.605760574341,2,5.978826999664,0.300435543060,-3.950833559036,0.044077079743,0.827287316322,-0.559994280338,0.007705705240,17.268129000000
533,1413393912.655760288239,2,5.958331108093,0.225335836411,-3.925740242004,0.041166551411,0.821449697018,-0.568767011166,0.005462226924,14.590130000000
534,1413393912.705760478973,2,5.937466621399,0.145387649536,-3.902145862579,0.038106322289,0.816053271294,-0.576712846756,0.002704964718,14.527769000000
535,1413393912.755760431290,2,5.914573669434,0.067272663116,-3.882655382156,0.034465316683,0.810718834400,-0.584420382977,-0.000038534967,13.204059000000
536,1413393912.805760622025,2,5.891644477844,-0.012928485870,-3.865475893021,0.031933233142,0.806318402290,-0.590602934361,-0.004371731076,13.926821000000
537,1413393912.855760335922,2,5.867643356323,-0.092584133148,-3.850934505463,0.031228084117,0.802879273891,-0.595246136189,-0.009580184706,16.208065000000
538,1413393912.905760526657,2,5.844987869263,-0.177551984787,-3.843098640442,0.032948631793,0.800569832325,-0.598136305809,-0.015337972902,14.817833000000
539,1413393912.955760478973,2,5.819521903992,-0.255068778992,-3.834907531738,0.037485469133,0.799611866474,-0.598995268345,-0.020504023880,15.255592000000
540,1413393913.005760431290,2,5.793569087982,-0.331600904465,-3.828498363495,0.046803697944,0.798735678196,-0.599414229393,-0.023095872253,14.738936000000
541,1413393913.055760383606,2,5.767108440399,-0.407028675079,-3.823825359344,0.058507401496,0.797857880592,-0.599501609802,-0.024444404989,15.186779000000
542,1413393913.105760574341,2,5.739682197571,-0.480916023254,-3.821010589600,0.072111651301,0.795467555523,-0.601123750210,-0.026107214391,16.342374000000
543,1413393913.155760288239,2,5.716089248657,-0.546554565430,-3.825026750565,0.087588712573,0.790482521057,-0.605543076992,-0.027985444292,15.864413000000
544,1413393913.205760478973,2,5.686481475830,-0.616796970367,-3.825696706772,0.103555388749,0.785956442356,-0.608761131763,-0.030961953104,15.823494000000
545,1413393913.255760431290,2,5.655339717865,-0.684593200684,-3.828189849854,0.121192343533,0.782051682472,-0.610391736031,-0.033609017730,17.767750000000
546,1413393913.305760622025,2,5.622366428375,-0.749583721161,-3.833365917206,0.138453170657,0.779278337955,-0.609961211681,-0.038773540407,14.547501000000
547,1413393913.355760335922,2,5.587330818176,-0.811439037323,-3.841234207153,0.155451670289,0.778174698353,-0.606798231602,-0.045550912619,15.825116000000
548,1413393913.405760526657,2,5.550032615662,-0.870780944824,-3.849791765213,0.173884347081,0.775545239449,-0.604684531689,-0.051483135670,15.710028000000
549,1413393913.455760478973,2,5.509630203247,-0.927598476410,-3.856894969940,0.193138942122,0.771371304989,-0.603591561317,-0.057974603027,17.588559000000
550,1413393913.505760431290,2,5.469266414642,-0.967997074127,-3.867349624634,0.210843607783,0.765171945095,-0.604635238647,-0.066882058978,15.219374000000
551,1413393913.555760383606,2,5.422210693359,-1.018189907074,-3.870777606964,0.227684259415,0.757747888565,-0.606371760368,-0.079318769276,14.985848000000
552,1413393913.605760574341,2,5.371575832367,-1.065537929535,-3.872033357620,0.243038266897,0.750093579292,-0.607885420322,-0.093634821475,15.476046000000
553,1413393913.655760288239,2,5.318156719208,-1.109069824219,-3.871777057648,0.257453083992,0.741265833378,-0.610109448433,-0.109586991370,15.121571000000
554,1413393913.705760478973,2,5.262322425842,-1.147795200348,-3.869367122650,-0.270925372839,-0.733239114285,0.610727310181,0.126380413771,15.417760000000
555,1413393913.755760431290,2,5.213488578796,-1.173758029938,-3.874821186066,-0.284733802080,-0.724099814892,0.611835122108,0.142351433635,15.728372000000
556,1413393913.805760622025,2,5.154937267303,-1.202708721161,-3.867130994797,-0.298792064190,-0.716257691383,0.610805630684,0.156891122460,14.515918000000
557,1413393913.855760335922,2,5.095880508423,-1.226722002029,-3.859301090240,-0.312581509352,-0.709107160568,0.608468234539,0.170957252383,16.299643000000
558,1413393913.905760526657,2,5.049607753754,-1.224850893021,-3.860154867172,-0.326711773872,-0.701421141624,0.606365680695,0.183271750808,14.915910000000
559,1413393913.955760478973,2,4.991374492645,-1.237331867218,-3.851088285446,-0.339326858521,-0.695853114128,0.601467967033,0.197185426950,16.393815000000
560,1413393914.005760431290,2,4.938191890717,-1.226760625839,-3.846265316010,-0.349146813154,-0.688561260700,0.597794651985,0.215920209885,14.365800000000
561,1413393914.055760383606,2,4.881163597107,-1.228380203247,-3.835443496704,-0.358316272497,-0.681038320065,0.593772709370,0.235011294484,15.534055000000
562,1413393914.105760574341,2,4.832453250885,-1.211534738541,-3.827725648880,-0.366506338120,-0.675455868244,0.586251258850,0.256401926279,14.237521000000
563,1413393914.155760288239,2,4.779055118561,-1.203201055527,-3.817723274231,-0.375268369913,-0.672996163368,0.574135720730,0.276799470186,15.675178000000
564,1413393914.205760478973,2,4.730154037476,-1.185673475266,-3.814118385315,-0.386189311743,-0.674832105637,0.555946111679,0.293910533190,14.154436000000
565,1413393914.255760431290,2,4.682430744171,-1.170738697052,-3.804623126984,-0.398745268583,-0.674897670746,0.539300739765,0.307685047388,14.763833000000
566,1413393914.305760622025,2,4.644912719727,-1.148240566254,-3.797262430191,-0.412185579538,-0.673545062542,0.523769378662,0.319539964199,14.617117000000
567,1413393914.355760335922,2,4.602414131165,-1.130440711975,-3.785712242126,-0.425704330206,-0.670307815075,0.510577499866,0.329809010029,16.185469000000
568,1413393914.405760526657,2,4.559129714966,-1.124236106873,-3.777394771576,-0.439789652824,-0.665497720242,0.498969465494,0.338714361191,14.066420000000
569,1413393914.455760478973,2,4.519635677338,-1.105765342712,-3.764284133911,-0.455709844828,-0.659098207951,0.489661335945,0.343729496002,14.025892000000
570,1413393914.505760431290,2,4.481512546539,-1.087073087692,-3.750975131989,-0.470632314682,-0.652575671673,0.481059253216,0.348184227943,14.859032000000
571,1413393914.555760383606,2,4.449612617493,-1.059429407120,-3.737190246582,-0.484530866146,-0.642943680286,0.476717889309,0.352977931499,14.026865000000
572,1413393914.605760574341,2,4.413682937622,-1.039679288864,-3.722697257996,-0.497700244188,-0.633129477501,0.472902506590,0.357498049736,15.224813000000
573,1413393914.655760288239,2,4.378453731537,-1.019412517548,-3.708220720291,-0.509751081467,-0.623678028584,0.469029843807,0.362202525139,16.648321000000
574,1413393914.705760478973,2,4.337181091309,-1.004530668259,-3.691581964493,-0.523415029049,-0.613807082176,0.464628398418,0.365236997604,14.093072000000
575,1413393914.755760431290,2,4.302499771118,-0.982579231262,-3.677026271820,-0.537457227707,-0.603152811527,0.461325138807,0.366777360439,14.252211000000
576,1413393914.805760622025,2,4.268328666687,-0.959130048752,-3.663130760193,-0.550792694092,-0.594073832035,0.456047385931,0.368408113718,13.950123000000
577,1413393914.855760335922,2,4.234095573425,-0.933970689774,-3.649655580521,-0.563616633415,-0.585719943047,0.449429750443,0.370515048504,15.467135000000
578,1413393914.905760526657,2,4.193660259247,-0.918697595596,-3.630532264709,-0.572206199169,-0.580636978149,0.440114617348,0.376483619213,16.375025000000
579,1413393914.955760478973,2,4.159447193146,-0.890208482742,-3.618195056915,-0.577692151070,-0.579792082310,0.428589254618,0.382654249668,14.405027000000
580,1413393915.005760431290,2,4.124991416931,-0.860630750656,-3.606192588806,-0.582610368729,-0.580822587013,0.416131049395,0.387356847525,14.583399000000
581,1413393915.055760383606,2,4.089924335480,-0.830711126328,-3.593707561493,-0.585804164410,-0.581814587116,0.406084477901,0.391689687967,15.461863000000
582,1413393915.105760574341,2,4.053830146790,-0.800687313080,-3.581110477448,-0.588351845741,-0.582936465740,0.397986441851,0.394504696131,17.297577000000
583,1413393915.155760288239,2,4.002375602722,-0.776704549789,-3.565029382706,-0.591087341309,-0.584412693977,0.389909952879,0.396292686462,14.782029000000
584,1413393915.205760478973,2,3.962999820709,-0.748006105423,-3.552708387375,-0.592491447926,-0.585045456886,0.385448962450,0.397624105215,14.786376000000
585,1413393915.255760431290,2,3.922110557556,-0.719736576080,-3.542038679123,-0.592694818974,-0.585429787636,0.382414460182,0.399679988623,15.360045000000
586,1413393915.305760622025,2,3.879693031311,-0.692338228226,-3.533521175385,-0.591631174088,-0.585778892040,0.381959855556,0.401176303625,18.067877000000
587,1413393915.355760335922,2,3.822449684143,-0.679138660431,-3.526523113251,-0.586176156998,-0.588501572609,0.382711231709,0.404469609261,15.367576000000
588,1413393915.405760526657,2,3.777426481247,-0.654010057449,-3.523047924042,-0.577156007290,-0.591947555542,0.385141342878,0.410067468882,14.863856000000
589,1413393915.455760478973,2,3.731729030609,-0.630008459091,-3.520216464996,-0.564474046230,-0.596960902214,0.387557774782,0.418097734451,15.016585000000
590,1413393915.505760431290,2,3.684893608093,-0.607628107071,-3.517017126083,-0.552293539047,-0.601418673992,0.390566051006,0.425118386745,17.599837000000
591,1413393915.555760383606,2,3.633855342865,-0.583690404892,-3.505954980850,-0.543490231037,-0.605208396912,0.393706947565,0.428177684546,14.593677000000
592,1413393915.605760574341,2,3.586700439453,-0.565764427185,-3.501316547394,-0.537118792534,-0.606791317463,0.399832367897,0.428301095963,15.031813000000
593,1413393915.655760288239,2,3.540097236633,-0.549938678741,-3.496388435364,-0.533779919147,-0.607757866383,0.405550807714,0.425720632076,15.016038000000
594,1413393915.705760478973,2,3.494099617004,-0.535937786102,-3.491592407227,-0.529950618744,-0.609493792057,0.409256398678,0.424474924803,15.859392000000
595,1413393915.755760431290,2,3.441442489624,-0.522628784180,-3.483044862747,-0.525887072086,-0.611702919006,0.411917686462,0.423776119947,14.900377000000
596,1413393915.805760622025,2,3.396683692932,-0.511789083481,-3.478463172913,-0.521674275398,-0.614301323891,0.412824153900,0.424341976643,14.795135000000
597,1413393915.855760335922,2,3.353048324585,-0.502879142761,-3.474164962769,-0.518349349499,-0.617371857166,0.412690252066,0.424090504646,14.281411000000
598,1413393915.905760526657,2,3.310227394104,-0.496095180511,-3.469803810120,-0.515872955322,-0.620131492615,0.412507563829,0.423260569572,15.113740000000
599,1413393915.955760478973,2,3.268085241318,-0.491491556168,-3.464804172516,-0.513144254684,-0.621689617634,0.413175225258,0.423640549183,17.853162000000
600,1413393916.005760431290,2,3.226558446884,-0.491235256195,-3.450909614563,-0.509647727013,-0.623157024384,0.413212001324,0.425664603710,14.978180000000
601,1413393916.055760383606,2,3.185906410217,-0.491548538208,-3.445161104202,-0.506462275982,-0.624161124229,0.413864165545,0.427358686924,14.624319000000
602,1413393916.105760574341,2,3.146116256714,-0.494388580322,-3.438938140869,-0.502859055996,-0.624941885471,0.413922488689,0.430405199528,14.046631000000
603,1413393916.155760288239,2,3.107379436493,-0.500014305115,-3.432195186615,-0.500015258789,-0.624817192554,0.414498269558,0.433335214853,14.556336000000
604,1413393916.205760478973,2,3.069968938828,-0.508389949799,-3.424798965454,-0.498905599117,-0.623175740242,0.415197640657,0.436298161745,16.167831000000
605,1413393916.255760431290,2,3.034441947937,-0.527535676956,-3.412068843842,-0.503660440445,-0.617710590363,0.418932765722,0.435034692287,14.175423000000
606,1413393916.305760622025,2,2.999057531357,-0.541317701340,-3.404387474060,-0.510781049728,-0.611070632935,0.421654015779,0.433478176594,14.837785000000
607,1413393916.355760335922,2,2.963848590851,-0.556865215302,-3.395722627640,-0.520407736301,-0.603955090046,0.422157257795,0.431505799294,15.089989000000
608,1413393916.405760526657,2,2.929131984711,-0.573541879654,-3.386200189590,-0.531748473644,-0.596627771854,0.420056134462,0.429920643568,13.969814000000
609,1413393916.455760478973,2,2.894815444946,-0.590872764587,-3.375852108002,-0.542983889580,-0.588753104210,0.415734112263,0.430933326483,13.881347000000
610,1413393916.505760431290,2,2.862808227539,-0.608571767807,-3.364650249481,-0.555273890495,-0.579579651356,0.410678386688,0.432552516460,14.218193000000
611,1413393916.555760383606,2,2.832408905029,-0.626121282578,-3.353800535202,-0.567470431328,-0.569899797440,0.403237432241,0.436567395926,18.658158000000
612,1413393916.605760574341,2,2.809937477112,-0.646512746811,-3.338975667953,-0.581210017204,-0.560511529446,0.392136394978,0.440739035606,14.418134000000
613,1413393916.655760288239,2,2.780930519104,-0.664980649948,-3.327200412750,-0.595951437950,-0.550188302994,0.380370050669,0.444357365370,14.687653000000
614,1413393916.705760478973,2,2.751757383347,-0.683716297150,-3.314486026764,-0.611881911755,-0.538729190826,0.367340862751,0.447696566582,14.344808000000
615,1413393916.755760431290,2,2.724267005920,-0.702733516693,-3.302845716476,-0.626780867577,-0.526211380959,0.354525566101,0.452281951904,16.127639000000
616,1413393916.805760622025,2,2.706382274628,-0.724796533585,-3.298593997955,-0.639499604702,-0.511256039143,0.344417273998,0.459384649992,14.543405000000
617,1413393916.855760335922,2,2.679510354996,-0.743554353714,-3.288492202759,-0.650850176811,-0.495214641094,0.333868086338,0.468709528446,14.963918000000
618,1413393916.905760526657,2,2.652730226517,-0.762593507767,-3.277948379517,-0.662396192551,-0.477310240269,0.325826883316,0.476700186729,14.967601000000
619,1413393916.955760478973,2,2.626021623611,-0.781480789185,-3.266671657562,-0.674182355404,-0.457904189825,0.319250255823,0.483612626791,16.279804000000
620,1413393917.005760431290,2,2.602024078369,-0.797296762466,-3.252335786819,-0.685761749744,-0.435024917126,0.316339045763,0.490320175886,14.564050000000
621,1413393917.055760383606,2,2.575821638107,-0.814805269241,-3.239735603333,-0.696840882301,-0.412079244852,0.313026696444,0.496606409550,15.079838000000
622,1413393917.105760574341,2,2.550907135010,-0.831231117249,-3.227189302444,-0.706947147846,-0.390022367239,0.308327049017,0.503033638000,15.784412000000
623,1413393917.155760288239,2,2.526744604111,-0.849070787430,-3.210993051529,-0.716265082359,-0.369137614965,0.301218479872,0.509871780872,15.011692000000
624,1413393917.205760478973,2,2.504647016525,-0.862331628799,-3.197893619537,-0.725291967392,-0.348960578442,0.293143391609,0.515989422798,14.479002000000
625,1413393917.255760431290,2,2.485014438629,-0.874585151672,-3.185421943665,-0.735426664352,-0.329628169537,0.284901976585,0.518964171410,17.059524000000
626,1413393917.305760622025,2,2.463590621948,-0.888390302658,-3.169644355774,-0.746579885483,-0.312918633223,0.272422075272,0.520083427429,15.207757000000
627,1413393917.355760335922,2,2.448245048523,-0.897256612778,-3.158325195312,-0.757296562195,-0.296383589506,0.259242236614,0.521010756493,14.657489000000
628,1413393917.405760526657,2,2.434719085693,-0.904284954071,-3.148433446884,-0.767567634583,-0.277665615082,0.247586131096,0.521960675716,17.451573000000
629,1413393917.455760478973,2,2.413343429565,-0.914373397827,-3.138034582138,-0.777680158615,-0.259317100048,0.233476936817,0.522930920124,14.624091000000
630,1413393917.505760431290,2,2.402916908264,-0.917131900787,-3.133235454559,-0.786563873291,-0.240743592381,0.218854099512,0.524845361710,15.691012000000
631,1413393917.555760383606,2,2.394434452057,-0.918123960495,-3.130800247192,-0.795792162418,-0.220500066876,0.204865783453,0.525475621223,15.682240000000
632,1413393917.605760574341,2,2.381783485413,-0.914819955826,-3.128867149353,-0.803834915161,-0.202137261629,0.186594158411,0.527420759201,15.017973000000
633,1413393917.655760288239,2,2.376114606857,-0.910588502884,-3.131784439087,0.810724020004,0.184474438429,-0.166994348168,-0.529913842678,15.963056000000
634,1413393917.705760478973,2,2.371904373169,-0.904067516327,-3.136662006378,0.815277755260,0.166809543967,-0.146403625607,-0.534848392010,17.466318000000
635,1413393917.755760431290,2,2.355739593506,-0.891080617905,-3.142681121826,0.817575693130,0.148459687829,-0.126686364412,-0.541738212109,15.488560000000
636,1413393917.805760622025,2,2.352874994278,-0.880053520203,-3.149208068848,0.816638410091,0.129724904895,-0.107683852315,-0.551975965500,15.328151000000
637,1413393917.855760335922,2,2.350561380386,-0.867642879486,-3.154628515244,0.815143227577,0.108533158898,-0.091833837330,-0.561541259289,17.885346000000
638,1413393917.905760526657,2,2.346093654633,-0.854557991028,-3.152747154236,0.814746856689,0.085728347301,-0.078554071486,-0.568038344383,15.667046000000
639,1413393917.955760478973,2,2.345456838608,-0.841116428375,-3.156923294067,0.815495312214,0.063107438385,-0.066188208759,-0.571492850780,23.293840000000
640,1413393918.005760431290,2,2.345895051956,-0.827025651932,-3.160070657730,0.815778851509,0.039995405823,-0.055216796696,-0.574331223965,14.519335000000
641,1413393918.055760383606,2,2.347635269165,-0.812782287598,-3.162409067154,0.816198527813,0.017283476889,-0.044503666461,-0.575795829296,18.766490000000
642,1413393918.105760574341,2,2.350763082504,-0.798636913300,-3.164026021957,0.816442489624,-0.004911484197,-0.033811718225,-0.576415121555,14.922003000000
643,1413393918.155760288239,2,2.355565071106,-0.784288883209,-3.165425777435,0.817236006260,-0.026354277506,-0.022751206532,-0.575250625610,16.819118000000
644,1413393918.205760478973,2,2.347673654556,-0.760320663452,-3.163537979126,0.818808019161,-0.049283996224,-0.013217781670,-0.571795284748,15.196787000000
645,1413393918.255760431290,2,2.356127738953,-0.744577407837,-3.164943218231,0.818951725960,-0.069300614297,-0.001015282469,-0.569661676884,16.249584000000
646,1413393918.305760622025,2,2.367065906525,-0.728346347809,-3.165383815765,0.818305194378,-0.090552918613,0.009504909627,-0.567526698112,14.093509000000
647,1413393918.355760335922,2,2.380726337433,-0.711338520050,-3.165080070496,0.816874623299,-0.111004926264,0.021143985912,-0.565638303757,16.173195000000
648,1413393918.405760526657,2,2.397053718567,-0.694121837616,-3.164334774017,0.815136671066,-0.130889937282,0.033556390554,-0.563288569450,14.350759000000
649,1413393918.455760478973,2,2.416501760483,-0.676652908325,-3.163106679916,0.813041687012,-0.150776684284,0.047047939152,-0.560371339321,13.925571000000
650,1413393918.505760431290,2,2.439032077789,-0.658876180649,-3.161082744598,0.810111343861,-0.171447008848,0.060451775789,-0.557378888130,16.907630000000
651,1413393918.555760383606,2,2.464034318924,-0.641391277313,-3.148500919342,0.807075321674,-0.192654252052,0.073422558606,-0.553283810616,15.014857000000
652,1413393918.605760574341,2,2.493043899536,-0.622372865677,-3.144835948944,0.801088988781,-0.213860929012,0.088653251529,-0.551960706711,15.193148000000
653,1413393918.655760288239,2,2.525265693665,-0.603235483170,-3.141194105148,0.793171405792,-0.234052181244,0.106280647218,-0.552089810371,14.338468000000
654,1413393918.705760478973,2,2.560540437698,-0.584307909012,-3.136571645737,0.783300161362,-0.256476372480,0.121835291386,-0.553007304668,16.101000000000
655,1413393918.755760431290,2,2.596092700958,-0.567230939865,-3.133507251740,0.773373544216,-0.281099259853,0.135645985603,-0.551794230938,13.841332000000
656,1413393918.805760622025,2,2.636465549469,-0.550524950027,-3.129184722900,0.760631442070,-0.306824505329,0.149648755789,-0.552181005478,17.258278000000
657,1413393918.855760335922,2,2.682291030884,-0.538207530975,-3.120036125183,0.745259344578,-0.334047377110,0.162386134267,-0.553743243217,14.404361000000
658,1413393918.905760526657,2,2.728915214539,-0.525600910187,-3.115244626999,0.728033900261,-0.357603281736,0.182247251272,-0.555763065815,15.847076000000
659,1413393918.955760478973,2,2.776416778564,-0.520198583603,-3.107445716858,0.710871338844,-0.378978669643,0.205156058073,-0.555831134319,13.644413000000
660,1413393919.005760431290,2,2.826477527618,-0.514498233795,-3.103243112564,0.694381475449,-0.398342698812,0.230127707124,-0.553352236748,14.772971000000
661,1413393919.055760383606,2,2.876386165619,-0.510373353958,-3.099651813507,0.677604913712,-0.418019264936,0.254769414663,-0.548820614815,14.105819000000
662,1413393919.105760574341,2,2.927081108093,-0.511358976364,-3.095294475555,0.661499381065,-0.436534166336,0.278500199318,-0.542488873005,15.326309000000
663,1413393919.155760288239,2,2.976143360138,-0.519709825516,-3.088591814041,0.645172238350,-0.456423640251,0.298805147409,-0.534926056862,14.094099000000
664,1413393919.205760478973,2,3.025063991547,-0.527140855789,-3.082996845245,0.626668393612,-0.474778145552,0.318707853556,-0.529431641102,13.734085000000
665,1413393919.255760431290,2,3.072285413742,-0.537904977798,-3.077199935913,0.607554197311,-0.492136418819,0.337733924389,-0.524037718773,15.478544000000
666,1413393919.305760622025,2,3.120094299316,-0.554970741272,-3.069029092789,0.585872650146,-0.507717609406,0.356998562813,-0.521083652973,14.970374000000
667,1413393919.355760335922,2,3.161919116974,-0.571881055832,-3.064237356186,0.564371287823,-0.522249698639,0.373824447393,-0.518647909164,15.564355000000
668,1413393919.405760526657,2,3.199425458908,-0.591719388962,-3.061531543732,0.542988836765,-0.536302387714,0.387229681015,-0.517296910286,15.757482000000
669,1413393919.455760478973,2,3.236252307892,-0.619929075241,-3.063039779663,0.525407195091,-0.551427841187,0.394650369883,-0.513931751251,13.955585000000
670,1413393919.505760431290,2,3.266576766968,-0.646198987961,-3.066023826599,0.511473774910,-0.566147625446,0.400189906359,-0.507660865784,17.163493000000
671,1413393919.555760383606,2,3.289983749390,-0.679924488068,-3.067767381668,0.498876541853,-0.580555677414,0.403916001320,-0.500928461552,13.928530000000
672,1413393919.605760574341,2,3.312202692032,-0.713673353195,-3.075520992279,0.488163083792,-0.593530952930,0.408064216375,-0.492850273848,14.653661000000
673,1413393919.655760288239,2,3.330989360809,-0.751038551331,-3.085473537445,0.478664487600,-0.602984011173,0.414865821600,-0.484950572252,14.340247000000
674,1413393919.705760478973,2,3.346735000610,-0.791605710983,-3.097211122513,0.471146225929,-0.608818650246,0.422961533070,-0.477979868650,17.451383000000
675,1413393919.755760431290,2,3.366371631622,-0.834512710571,-3.112113714218,0.466956466436,-0.609033226967,0.436218500137,-0.469833642244,13.805293000000
676,1413393919.805760622025,2,3.375483036041,-0.881223678589,-3.127109527588,0.465261727571,-0.605421364307,0.451983898878,-0.461201846600,15.383732000000
677,1413393919.855760335922,2,3.382640123367,-0.928024291992,-3.150083541870,0.465976357460,-0.599777340889,0.468058884144,-0.451723575592,13.261829000000
678,1413393919.905760526657,2,3.382985591888,-0.977531194687,-3.170093536377,0.469028145075,-0.594435632229,0.480963706970,-0.441964775324,14.304511000000
679,1413393919.955760478973,2,3.379932165146,-1.024562835693,-3.195963859558,0.473607629538,-0.590968132019,0.489867329597,-0.431836277246,13.931972000000
680,1413393920.005760431290,2,3.371288776398,-1.073308467865,-3.221694946289,0.479494810104,-0.590031206608,0.493171185255,-0.422764927149,15.944564000000
681,1413393920.055760383606,2,3.361598968506,-1.118887424469,-3.251570463181,0.484441816807,-0.590135812759,0.493943184614,-0.416024148464,15.434050000000
682,1413393920.105760574341,2,3.345762968063,-1.165211677551,-3.280695676804,0.488583683968,-0.590274453163,0.493329763412,-0.411689072847,16.051111000000
683,1413393920.155760288239,2,3.327071666718,-1.210503101349,-3.311736583710,0.493118792772,-0.590546965599,0.491903543472,-0.407577157021,16.812581000000
684,1413393920.205760478973,2,3.312053680420,-1.256046772003,-3.346463203430,0.496482819319,-0.591023683548,0.489834338427,-0.405287802219,15.611045000000
685,1413393920.255760431290,2,3.288222074509,-1.299010276794,-3.379838228226,0.499332189560,-0.590873301029,0.488583296537,-0.403512626886,17.612249000000
686,1413393920.305760622025,2,3.261563301086,-1.340517520905,-3.412897348404,0.502122819424,-0.591114819050,0.486265182495,-0.402494996786,17.426974000000
687,1413393920.355760335922,2,3.242999315262,-1.381549358368,-3.455037832260,0.505575895309,-0.590963721275,0.484319418669,-0.400736361742,15.366060000000
688,1413393920.405760526657,2,3.211488962173,-1.420961618423,-3.487555265427,0.510483145714,-0.593568682671,0.479360640049,-0.396606355906,18.976620000000
689,1413393920.455760478973,2,3.178125143051,-1.459227800369,-3.519271850586,0.516154766083,-0.597614526749,0.472347259521,-0.391572892666,22.829724000000
690,1413393920.505760431290,2,3.151716232300,-1.504633903503,-3.556863784790,0.522059261799,-0.600535333157,0.466228187084,-0.386578232050,15.903609000000
691,1413393920.555760383606,2,3.116731643677,-1.541695833206,-3.586402416229,0.526467621326,-0.602863550186,0.461295127869,-0.382876425982,16.438155000000
692,1413393920.605760574341,2,3.081670761108,-1.577744245529,-3.614786863327,0.530751943588,-0.603503108025,0.458105504513,-0.379770547152,17.903647000000
693,1413393920.655760288239,2,3.044342041016,-1.614493370056,-3.644889354706,0.534156620502,-0.603694021702,0.455655783415,-0.377634733915,14.702898000000
694,1413393920.705760478973,2,3.009950637817,-1.648719787598,-3.671745538712,0.536829292774,-0.603166103363,0.454590708017,-0.375968545675,15.328917000000
695,1413393920.755760431290,2,2.975852727890,-1.681750774384,-3.697925806046,0.538851559162,-0.601709365845,0.454570055008,-0.375434279442,17.100285000000
696,1413393920.805760622025,2,2.939661026001,-1.716572046280,-3.724035739899,0.540255665779,-0.601716876030,0.453032165766,-0.375263184309,14.929638000000
697,1413393920.855760335922,2,2.906298637390,-1.747557640076,-3.749788522720,0.542438209057,-0.600475549698,0.453507006168,-0.373525530100,15.215556000000
698,1413393920.905760526657,2,2.873024225235,-1.777275800705,-3.775980710983,0.546406328678,-0.601141452789,0.451409995556,-0.369185864925,15.204619000000
699,1413393920.955760478973,2,2.840311050415,-1.805642843246,-3.801840066910,0.550868630409,-0.602237343788,0.448353290558,-0.364462971687,16.782717000000
700,1413393921.005760431290,2,2.802320003510,-1.836107254028,-3.831518411636,0.555441379547,-0.605860710144,0.443149417639,-0.357821643353,15.659926000000
701,1413393921.055760383606,2,2.771193265915,-1.862132310867,-3.857872486115,0.561391353607,-0.609304308891,0.436980903149,-0.350193887949,15.091846000000
702,1413393921.105760574341,2,2.742151737213,-1.886693954468,-3.883250951767,0.566528141499,-0.612559020519,0.431009173393,-0.343581855297,15.958179000000
703,1413393921.155760288239,2,2.716191768646,-1.909716606140,-3.907113075256,0.569801032543,-0.614872455597,0.427091121674,-0.338898152113,17.611103000000
704,1413393921.205760478973,2,2.692307949066,-1.930804491043,-3.930081367493,0.573108136654,-0.615786790848,0.425345182419,-0.333819299936,15.559727000000
705,1413393921.255760431290,2,2.672653198242,-1.950651168823,-3.951599836349,0.575336575508,-0.616355836391,0.423711419106,-0.331001579762,15.658666000000
706,1413393921.305760622025,2,2.656823396683,-1.968809127808,-3.971850395203,0.576127111912,-0.617012500763,0.422880828381,-0.329461812973,15.478279000000
707,1413393921.355760335922,2,2.644525289536,-1.985025167465,-3.990812063217,0.576223969460,-0.618261098862,0.420747756958,-0.329682469368,15.881222000000
708,1413393921.405760526657,2,2.636139392853,-1.999709844589,-4.007999897003,0.574602901936,-0.618330955505,0.420856833458,-0.332231700420,15.357591000000
709,1413393921.455760478973,2,2.631567001343,-2.012887239456,-4.023142814636,0.570504426956,-0.616787135601,0.424096018076,-0.337995648384,16.049483000000
710,1413393921.505760431290,2,2.630084991455,-2.024627685547,-4.036954879761,0.566063761711,-0.613013088703,0.429626524448,-0.345264971256,16.020475000000
711,1413393921.555760383606,2,2.631093025208,-2.035204410553,-4.049880981445,0.560230791569,-0.608833909035,0.436202228069,-0.353822559118,17.218653000000
712,1413393921.605760574341,2,2.633436203003,-2.044772624969,-4.063078880310,0.555711567402,-0.604761362076,0.443031102419,-0.359404742718,15.519815000000
713,1413393921.655760288239,2,2.636279106140,-2.053014278412,-4.077346801758,0.552187085152,-0.602606773376,0.446573227644,-0.364042431116,16.948186000000
714,1413393921.705760478973,2,2.629438877106,-2.060429096222,-4.096506118774,0.549238204956,-0.601031243801,0.450104683638,-0.366748780012,16.283767000000
715,1413393921.755760431290,2,2.633096218109,-2.066562652588,-4.117271423340,0.546786904335,-0.600149750710,0.452477425337,-0.368928998709,16.504751000000
716,1413393921.805760622025,2,2.636879920959,-2.071648120880,-4.140646457672,0.544775485992,-0.598537981510,0.455368638039,-0.370959937572,15.793734000000
717,1413393921.855760335922,2,2.640968561172,-2.075787067413,-4.165799140930,0.542353689671,-0.596444964409,0.459042221308,-0.373344510794,15.905780000000
718,1413393921.905760526657,2,2.645378351212,-2.078752040863,-4.191962242126,0.537856757641,-0.593347907066,0.464429765940,-0.378091752529,15.409653000000
719,1413393921.955760478973,2,2.649566411972,-2.080728054047,-4.218399047852,0.533701419830,-0.589315772057,0.470734179020,-0.382464408875,17.466677000000
720,1413393922.005760431290,2,2.652570724487,-2.081563949585,-4.244832992554,0.530564308167,-0.587288200855,0.474212884903,-0.385637521744,15.890269000000
721,1413393922.055760383606,2,2.653808116913,-2.081439018250,-4.272738933563,0.531026840210,-0.588947653770,0.473221004009,-0.383683592081,15.583966000000
722,1413393922.105760574341,2,2.654064178467,-2.080123901367,-4.300794601440,0.532640874386,-0.591876149178,0.470521718264,-0.380244284868,17.705574000000
723,1413393922.155760288239,2,2.652984619141,-2.077414989471,-4.329278469086,0.536369323730,-0.596724569798,0.465125203133,-0.374013870955,16.905619000000
724,1413393922.205760478973,2,2.651752948761,-2.074217319489,-4.357069969177,0.542180120945,-0.605376422405,0.454599112272,-0.364554226398,15.448163000000
725,1413393922.255760431290,2,2.649572372437,-2.069620609283,-4.386220455170,0.547723472118,-0.612811565399,0.445616185665,-0.354805946350,16.883412000000
726,1413393922.305760622025,2,2.648426055908,-2.063992977142,-4.415194988251,0.552616655827,-0.621081531048,0.435007184744,-0.345892071724,17.162542000000
727,1413393922.355760335922,2,2.647713184357,-2.058523654938,-4.444602966309,0.556890726089,-0.628302574158,0.425393283367,-0.337859630585,16.249785000000
728,1413393922.405760526657,2,2.651521205902,-2.051886081696,-4.471524238586,0.559782445431,-0.634192049503,0.417773842812,-0.331525415182,16.111255000000
729,1413393922.455760478973,2,2.659405469894,-2.044585704803,-4.496379852295,0.558581650257,-0.640366911888,0.410154670477,-0.331194818020,15.476876000000
730,1413393922.505760431290,2,2.671690940857,-2.037290096283,-4.519285202026,0.553905963898,-0.644765734673,0.405304789543,-0.336442440748,17.861595000000
731,1413393922.555760383606,2,2.692771196365,-2.029020786285,-4.542389869690,0.546275377274,-0.647045850754,0.403943747282,-0.346041053534,16.723820000000
732,1413393922.605760574341,2,2.713490724564,-2.023159027100,-4.561724662781,0.537185251713,-0.647842645645,0.404544919729,-0.357876092196,15.743270000000
733,1413393922.655760288239,2,2.736988544464,-2.018995285034,-4.580665588379,0.529740333557,-0.648301601410,0.404816567898,-0.367700755596,16.375386000000
734,1413393922.705760478973,2,2.763028860092,-2.017115592957,-4.598931312561,0.523844122887,-0.647405743599,0.406818151474,-0.375435948372,16.357739000000
735,1413393922.755760431290,2,2.790698289871,-2.017309665680,-4.617119312286,0.521110534668,-0.646791040897,0.407108157873,-0.379958182573,15.921658000000
736,1413393922.805760622025,2,2.819640398026,-2.020043849945,-4.635210990906,0.521039068699,-0.646050930023,0.407670527697,-0.380711615086,18.358468000000
737,1413393922.855760335922,2,2.850104331970,-2.023670673370,-4.651413440704,0.524949431419,-0.645618855953,0.407915413380,-0.375778406858,16.315850000000
738,1413393922.905760526657,2,2.882021665573,-2.031269073486,-4.667726516724,0.530129730701,-0.645529270172,0.407435595989,-0.369121581316,15.812821000000
739,1413393922.955760478973,2,2.915945053101,-2.040853500366,-4.681274414062,0.536887228489,-0.644331336021,0.408605337143,-0.360042870045,16.877565000000
740,1413393923.005760431290,2,2.951650857925,-2.051865577698,-4.691604614258,0.544840514660,-0.642241537571,0.411345511675,-0.348524689674,16.212926000000
741,1413393923.055760383606,2,2.990027904510,-2.063342094421,-4.697830200195,0.551418125629,-0.640012621880,0.414281070232,-0.338663697243,16.703139000000
742,1413393923.105760574341,2,3.034486770630,-2.071978092194,-4.701810836792,0.555205941200,-0.638825118542,0.416541755199,-0.331876367331,14.595339000000
743,1413393923.155760288239,2,3.080398559570,-2.083281517029,-4.701362609863,0.558482587337,-0.638358175755,0.417473465204,-0.326055079699,15.142550000000
744,1413393923.205760478973,2,3.130504608154,-2.093937397003,-4.697278976440,0.559878945351,-0.637831985950,0.418625026941,-0.323201268911,15.814536000000
745,1413393923.255760431290,2,3.184806585312,-2.104161739349,-4.688714981079,0.558979988098,-0.637285709381,0.420893937349,-0.322887957096,15.730280000000
746,1413393923.305760622025,2,3.242259502411,-2.112810134888,-4.681318283081,0.554656207561,-0.638142704964,0.420940041542,-0.328542172909,14.731895000000
747,1413393923.355760335922,2,3.303314685822,-2.120475769043,-4.672606945038,0.547226965427,-0.639948010445,0.418464541435,-0.340435862541,15.306858000000
748,1413393923.405760526657,2,3.366752624512,-2.127809047699,-4.663107395172,0.539550304413,-0.642409026623,0.412149876356,-0.355427503586,16.120296000000
749,1413393923.455760478973,2,3.432840347290,-2.134582042694,-4.652935028076,0.534221112728,-0.641779422760,0.405622035265,-0.371749609709,15.376421000000
750,1413393923.505760431290,2,3.499222040176,-2.143585681915,-4.642535209656,0.531620681286,-0.637644708157,0.399841248989,-0.388478815556,14.680712000000
751,1413393923.555760383606,2,3.565822839737,-2.154636383057,-4.632107257843,0.532821536064,-0.629696667194,0.395008891821,-0.404414802790,15.910926000000
752,1413393923.605760574341,2,3.631040573120,-2.171983718872,-4.623849868774,0.538847565651,-0.619192302227,0.388941943645,-0.418292313814,14.551925000000
753,1413393923.655760288239,2,3.697203636169,-2.188012599945,-4.614622116089,0.551126599312,-0.604506671429,0.385765552521,-0.426633447409,15.847312000000
754,1413393923.705760478973,2,3.761618137360,-2.207507133484,-4.607772827148,0.567066013813,-0.586868345737,0.383456170559,-0.432415336370,14.180863000000
755,1413393923.755760431290,2,3.826721668243,-2.228091716766,-4.599679946899,0.587009608746,-0.568719506264,0.379247367382,-0.433761745691,15.519233000000
756,1413393923.805760622025,2,3.888408184052,-2.256283760071,-4.590705394745,0.606280684471,-0.551315784454,0.372595608234,-0.435485154390,14.601276000000
757,1413393923.855760335922,2,3.953026294708,-2.279599666595,-4.583281517029,0.624188721180,-0.533765494823,0.364712238312,-0.438711673021,15.269093000000
758,1413393923.905760526657,2,4.014957427979,-2.307492256165,-4.576838493347,0.640771389008,-0.516506254673,0.356354415417,-0.442317664623,14.496781000000
759,1413393923.955760478973,2,4.079635620117,-2.332161426544,-4.568838119507,0.655563890934,-0.500313818455,0.345973014832,-0.447464883327,16.449153000000
760,1413393924.005760431290,2,4.145689487457,-2.359275817871,-4.563249111176,0.669995486736,-0.485199451447,0.334440112114,-0.451483637094,15.364446000000
761,1413393924.055760383606,2,4.211322784424,-2.384082317352,-4.555848121643,0.682928383350,-0.470456153154,0.324064314365,-0.455260664225,15.388109000000
762,1413393924.105760574341,2,4.278126716614,-2.408631801605,-4.548818588257,0.696437180042,-0.454148024321,0.316239804029,-0.456855922937,17.201627000000
763,1413393924.155760288239,2,4.347469329834,-2.432681083679,-4.540520191193,0.709791481495,-0.435209095478,0.313319802284,-0.456749200821,16.167832000000
764,1413393924.205760478973,2,4.416879653931,-2.455065250397,-4.533502578735,0.722215771675,-0.413414150476,0.314583480358,-0.456651419401,15.114850000000
765,1413393924.255760431290,2,4.486595153809,-2.475275993347,-4.526268959045,0.733562946320,-0.389014184475,0.319220215082,-0.456784248352,15.832738000000
766,1413393924.305760622025,2,4.558739185333,-2.493284225464,-4.516311168671,0.743688225746,-0.366301625967,0.323411107063,-0.456241458654,14.997178000000
767,1413393924.355760335922,2,4.627497196198,-2.507262229919,-4.508692741394,0.752400755882,-0.345395326614,0.328337073326,-0.454741656780,17.229765000000
768,1413393924.405760526657,2,4.701719760895,-2.514118671417,-4.500249862671,0.759453177452,-0.325992316008,0.334412932396,-0.452910572290,15.436890000000
769,1413393924.455760478973,2,4.767868041992,-2.518723011017,-4.491339683533,0.765447437763,-0.308688312769,0.341522097588,-0.449626982212,16.267936000000
770,1413393924.505760431290,2,4.829220771790,-2.516766548157,-4.480301856995,0.769365489483,-0.294401705265,0.347823709249,-0.447686374187,15.287280000000
771,1413393924.555760383606,2,4.888585090637,-2.509257793427,-4.468208312988,0.771774709225,-0.281978487968,0.353279531002,-0.447264581919,16.035081000000
772,1413393924.605760574341,2,4.944737434387,-2.493182659149,-4.454994201660,0.771190941334,-0.270193725824,0.360546588898,-0.449740022421,13.929689000000
773,1413393924.655760288239,2,4.995018482208,-2.472076892853,-4.439538955688,0.769068241119,-0.259588092566,0.368133753538,-0.453459620476,16.568141000000
774,1413393924.705760478973,2,5.039017200470,-2.439450263977,-4.418392181396,0.765395343304,-0.249701336026,0.376662194729,-0.458197385073,13.955132000000
775,1413393924.755760431290,2,5.076051712036,-2.402782917023,-4.395902633667,0.760919392109,-0.243170335889,0.383357465267,-0.463580518961,15.950422000000
776,1413393924.805760622025,2,5.114552974701,-2.353527545929,-4.370752811432,0.757378101349,-0.241010129452,0.388274192810,-0.466407209635,15.048957000000
777,1413393924.855760335922,2,5.135761260986,-2.300947666168,-4.339729309082,0.754385292530,-0.247955918312,0.383990317583,-0.471139341593,15.468819000000
778,1413393924.905760526657,2,5.153473377228,-2.236738204956,-4.304159164429,0.752366483212,-0.261527299881,0.372920751572,-0.475897401571,15.184954000000
779,1413393924.955760478973,2,5.159564971924,-2.169176101685,-4.263073444366,0.751682102680,-0.281299084425,0.353069454432,-0.480818897486,16.428589000000
780,1413393925.005760431290,2,5.159016132355,-2.093746662140,-4.217408180237,0.750581443310,-0.298814415932,0.332546889782,-0.486569821835,15.310086000000
781,1413393925.055760383606,2,5.154165744781,-2.017635345459,-4.168292999268,0.749908328056,-0.313394814730,0.312897592783,-0.491443186998,15.830081000000
782,1413393925.105760574341,2,5.149850845337,-1.940330982208,-4.119264125824,0.749708354473,-0.324765175581,0.293794751167,-0.496134817600,14.152977000000
783,1413393925.155760288239,2,5.140951156616,-1.858350753784,-4.065570831299,0.750666558743,-0.334130495787,0.272951543331,-0.500353872776,22.433217000000
784,1413393925.205760478973,2,5.136196136475,-1.779125690460,-4.014438629150,0.752876460552,-0.341902673244,0.249007105827,-0.504257023335,14.336828000000
785,1413393925.255760431290,2,5.126765251160,-1.694760799408,-3.960573196411,0.756576240063,-0.346044152975,0.225951224566,-0.506746470928,15.861572000000
786,1413393925.305760622025,2,5.124852657318,-1.611782550812,-3.904418230057,0.760311245918,-0.346528172493,0.205796658993,-0.509404361248,14.454644000000
787,1413393925.355760335922,2,5.121263504028,-1.527865886688,-3.850992679596,0.764898002148,-0.341664165258,0.193011268973,-0.510826170444,16.741319000000
788,1413393925.405760526657,2,5.121068954468,-1.449715614319,-3.801499605179,0.769036769867,-0.332221955061,0.188072517514,-0.512679040432,15.256679000000
789,1413393925.455760478973,2,5.124422073364,-1.366766452789,-3.748064756393,0.770771086216,-0.323646962643,0.185538738966,-0.516468822956,18.921628000000
790,1413393925.505760431290,2,5.135077476501,-1.286426067352,-3.696499586105,0.771959245205,-0.314438700676,0.185883238912,-0.520244836807,16.745473000000
791,1413393925.555760383606,2,5.144106388092,-1.204167842865,-3.644246816635,0.772848367691,-0.307240307331,0.185350045562,-0.523406267166,16.690661000000
792,1413393925.605760574341,2,5.154036521912,-1.126617908478,-3.597160339355,0.772895395756,-0.302547425032,0.183165892959,-0.526828348637,15.441161000000
793,1413393925.655760288239,2,5.167629718781,-1.044244289398,-3.550271511078,0.773094594479,-0.297955483198,0.182316258550,-0.529441297054,16.617188000000
794,1413393925.705760478973,2,5.183015823364,-0.965168476105,-3.512413263321,0.773913383484,-0.293878585100,0.182313710451,-0.530523478985,15.852565000000
795,1413393925.755760431290,2,5.199981689453,-0.883070468903,-3.479974269867,0.773950755596,-0.289883941412,0.183667555451,-0.532197177410,17.252281000000
796,1413393925.805760622025,2,5.223796844482,-0.798521518707,-3.460353851318,0.773201048374,-0.286803692579,0.184755533934,-0.534573912621,14.786392000000
797,1413393925.855760335922,2,5.243443012238,-0.716708660126,-3.443108081818,0.771901130676,-0.284103602171,0.186368942261,-0.537327289581,16.187470000000
798,1413393925.905760526657,2,5.264131546021,-0.635340213776,-3.431859016418,0.769762217999,-0.280796706676,0.189402744174,-0.541060030460,16.758215000000
799,1413393925.955760478973,2,5.286818981171,-0.557017326355,-3.431160926819,0.765707731247,-0.278156250715,0.191648378968,-0.547349810600,15.400578000000
800,1413393926.005760431290,2,5.308900356293,-0.476668834686,-3.429468393326,0.760796070099,-0.275808960199,0.194703117013,-0.554264903069,15.808959000000
801,1413393926.055760383606,2,5.331056594849,-0.397185802460,-3.429844856262,0.753794074059,-0.274502903223,0.196426212788,-0.563790321350,16.376921000000
802,1413393926.105760574341,2,5.348378658295,-0.327838420868,-3.434431076050,0.746794044971,-0.273739933968,0.197153955698,-0.573145329952,13.958835000000
803,1413393926.155760288239,2,5.369394302368,-0.253179550171,-3.435657739639,0.742213070393,-0.273947238922,0.196925297379,-0.579044997692,14.780166000000
804,1413393926.205760478973,2,5.389945983887,-0.181213378906,-3.436726570129,0.739685595036,-0.275429219007,0.195476293564,-0.582059323788,16.636974000000
805,1413393926.255760431290,2,5.405405044556,-0.121553421021,-3.442433118820,0.738769471645,-0.277239322662,0.193925365806,-0.582881748676,17.535681000000
806,1413393926.305760622025,2,5.424737930298,-0.055923938751,-3.442987918854,0.740231454372,-0.279985725880,0.191458374262,-0.580524981022,15.193130000000
807,1413393926.355760335922,2,5.443758010864,0.007077217102,-3.443018674850,0.743392944336,-0.282662570477,0.188697606325,-0.576074659824,22.797621000000
808,1413393926.405760526657,2,5.461288452148,0.063102722168,-3.445666313171,0.747825562954,-0.283022373915,0.186728879809,-0.570778191090,15.690439000000
809,1413393926.455760478973,2,5.480192184448,0.121321678162,-3.443980693817,0.749890983105,-0.280942201614,0.185639560223,-0.569449782372,15.273842000000
810,1413393926.505760431290,2,5.498867988586,0.177401065826,-3.442758560181,0.749747872353,-0.277065455914,0.184968009591,-0.571751534939,14.902165000000
811,1413393926.555760383606,2,5.517551898956,0.231631278992,-3.445115804672,0.749175250530,-0.270593583584,0.185649886727,-0.575369179249,16.288343000000
812,1413393926.605760574341,2,5.537351131439,0.284521579742,-3.449699401855,0.748603403568,-0.262937903404,0.186087563634,-0.579506754875,15.148516000000
813,1413393926.655760288239,2,5.555594444275,0.335784435272,-3.459700107574,0.749397575855,-0.254663556814,0.184785827994,-0.582583904266,14.482951000000
814,1413393926.705760478973,2,5.573257923126,0.384781837463,-3.470170021057,0.751703679562,-0.244863927364,0.183493897319,-0.584220290184,16.508975000000
815,1413393926.755760431290,2,5.588837146759,0.429170608521,-3.479245424271,0.754731476307,-0.236133843660,0.178898900747,-0.585334420204,14.550895000000
816,1413393926.805760622025,2,5.604179859161,0.473538398743,-3.484410524368,0.758494794369,-0.227369561791,0.173336371779,-0.585613548756,14.845814000000
817,1413393926.855760335922,2,5.618793964386,0.516045570374,-3.485462903976,0.763222992420,-0.218056187034,0.166264802217,-0.585062682629,16.392778000000
818,1413393926.905760526657,2,5.631405830383,0.554135799408,-3.484576702118,0.769846975803,-0.209176823497,0.157988771796,-0.581910848618,14.713038000000
819,1413393926.955760478973,2,5.643993854523,0.592139720917,-3.478548526764,0.776586771011,-0.201242387295,0.148193359375,-0.578319370747,14.756318000000
820,1413393927.005760431290,2,5.656251430511,0.627976417542,-3.469040393829,0.784395217896,-0.194059774280,0.139054358006,-0.572476148605,15.523538000000
821,1413393927.055760383606,2,5.668952465057,0.663160324097,-3.455710411072,0.791749298573,-0.190087631345,0.128329560161,-0.566154837608,16.953724000000
822,1413393927.105760574341,2,5.683183670044,0.694987297058,-3.436599731445,0.797148585320,-0.187259763479,0.117615386844,-0.561831414700,16.014310000000
823,1413393927.155760288239,2,5.698092937469,0.730097770691,-3.418339490891,0.800629794598,-0.186617180705,0.106026217341,-0.559396505356,17.321493000000
824,1413393927.205760478973,2,5.714996337891,0.765137672424,-3.399499893188,0.802676796913,-0.186646968126,0.095956951380,-0.558269858360,17.319704000000
825,1413393927.255760431290,2,5.736516475677,0.801937580109,-3.376749038696,0.805987477303,-0.187660694122,0.085476048291,-0.554852664471,16.932479000000
826,1413393927.305760622025,2,5.757932186127,0.836926937103,-3.358333826065,0.810758531094,-0.186614423990,0.077999800444,-0.549328446388,17.390495000000
827,1413393927.355760335922,2,5.779565334320,0.868526935577,-3.336594820023,0.816406428814,-0.181439235806,0.075051367283,-0.543072402477,16.433460000000
828,1413393927.405760526657,2,5.806999206543,0.904705524445,-3.318139791489,0.820912837982,-0.172650694847,0.076568476856,-0.538916766644,17.182754000000
829,1413393927.455760478973,2,5.837147235870,0.945030689240,-3.295897483826,0.823232352734,-0.159188330173,0.084051154554,-0.538407921791,16.198118000000
830,1413393927.505760431290,2,5.869362354279,0.984688520432,-3.275884628296,0.823444843292,-0.144497841597,0.093952454627,-0.540584862232,18.012799000000
831,1413393927.555760383606,2,5.899036884308,1.026387214661,-3.251152992249,0.823485493660,-0.129963368177,0.103800624609,-0.542408168316,16.420092000000
832,1413393927.605760574341,2,5.931604862213,1.069814205170,-3.229581594467,0.823082864285,-0.114282317460,0.112697571516,-0.544769287109,17.505930000000
833,1413393927.655760288239,2,5.962256908417,1.116151809692,-3.204705715179,0.821629285812,-0.098241008818,0.120563820004,-0.548396170139,15.347935000000
834,1413393927.705760478973,2,5.991838455200,1.163340568542,-3.181262493134,0.818436026573,-0.081888698041,0.127414152026,-0.554276525974,17.218771000000
835,1413393927.755760431290,2,6.017001628876,1.213233470917,-3.157418251038,0.814330101013,-0.065709628165,0.135653972626,-0.560488045216,15.306055000000
836,1413393927.805760622025,2,6.040783405304,1.263577938080,-3.131738662720,0.809391498566,-0.051615171134,0.143070623279,-0.567232012749,16.831526000000
837,1413393927.855760335922,2,6.058752536774,1.312817096710,-3.102004528046,0.804998815060,-0.041487526149,0.147599413991,-0.573123157024,15.443195000000
838,1413393927.905760526657,2,6.073099136353,1.364801406860,-3.073577165604,0.801559329033,-0.035924643278,0.147646993399,-0.578284084797,16.711810000000
839,1413393927.955760478973,2,6.079179763794,1.414889812469,-3.042295694351,0.799051702023,-0.031860303134,0.148121058941,-0.581860423088,14.854880000000
840,1413393928.005760431290,2,6.084028244019,1.466888904572,-3.014649152756,0.796769559383,-0.029296405613,0.148245736957,-0.585083901882,16.596797000000
841,1413393928.055760383606,2,6.082138061523,1.518022537231,-2.990346431732,0.795291125774,-0.026747820899,0.149766758084,-0.586827635765,14.338113000000
842,1413393928.105760574341,2,6.077784538269,1.568945407867,-2.967305898666,0.793493092060,-0.025086352602,0.150995045900,-0.589016139507,14.412389000000
843,1413393928.155760288239,2,6.068576812744,1.619095802307,-2.946214437485,0.792163670063,-0.024320950732,0.151493117213,-0.590707302094,15.682085000000
844,1413393928.205760478973,2,6.050524234772,1.659736633301,-2.928463935852,0.791848182678,-0.024567523971,0.152030527592,-0.590981960297,14.733454000000
845,1413393928.255760431290,2,6.031493186951,1.708291530609,-2.911328554153,0.793407320976,-0.028340568766,0.148087099195,-0.589721858501,14.459940000000
846,1413393928.305760622025,2,6.007549285889,1.756137371063,-2.895882606506,0.796111106873,-0.037094231695,0.137406244874,-0.588175833225,15.609947000000
847,1413393928.355760335922,2,5.977363109589,1.795575618744,-2.881925106049,0.796441137791,-0.048861678690,0.122354194522,-0.590189456940,13.046257000000
848,1413393928.405760526657,2,5.946249008179,1.841909885406,-2.869162797928,0.794987499714,-0.060229159892,0.107967235148,-0.593894302845,15.359104000000
849,1413393928.455760478973,2,5.912307739258,1.881088495255,-2.859479427338,0.793557584286,-0.070780299604,0.095070719719,-0.596840083599,10.631081000000
850,1413393928.505760431290,2,5.878139019012,1.924255132675,-2.852676153183,0.791014969349,-0.079776652157,0.084361054003,-0.600678086281,13.198141000000
851,1413393928.555760383606,2,5.843822479248,1.965516090393,-2.844437837601,0.787061691284,-0.086759924889,0.077007196844,-0.605868458748,9.779703000000
852,1413393928.605760574341,2,5.809470176697,2.005954027176,-2.840800285339,0.780694484711,-0.091203264892,0.072717502713,-0.613930225372,10.405204000000
853,1413393928.655760288239,2,5.772951602936,2.040228843689,-2.836518764496,0.775565087795,-0.095037400723,0.069794014096,-0.620157659054,9.020894000000
854,1413393928.705760478973,2,5.738981723785,2.075020313263,-2.833782672882,0.772888481617,-0.096386723220,0.070575639606,-0.623195052147,10.294077000000
855,1413393928.755760431290,2,5.708381652832,2.104356288910,-2.828745841980,0.772152602673,-0.097736835480,0.072238162160,-0.623706400394,9.438732000000
856,1413393928.805760622025,2,5.672351837158,2.124994277954,-2.828959703445,0.772026360035,-0.094923704863,0.079987645149,-0.623351335526,8.440122000000
857,1413393928.855760335922,2,5.638698577881,2.149698257446,-2.825804710388,0.772704243660,-0.092639833689,0.087291955948,-0.621873140335,8.914809000000
858,1413393928.905760526657,2,5.604990482330,2.171890497208,-2.822249174118,0.772681772709,-0.089560106397,0.097397536039,-0.620850801468,8.826437000000
859,1413393928.955760478973,2,5.571220874786,2.198199987411,-2.812127590179,0.772901594639,-0.088571891189,0.108654856682,-0.618847608566,8.522305000000
860,1413393929.005760431290,2,5.535880565643,2.215081453323,-2.807544231415,0.773263692856,-0.089810073376,0.119925700128,-0.616129338741,9.130743000000
861,1413393929.055760383606,2,5.501104831696,2.231784343719,-2.799601078033,0.773849844933,-0.095369793475,0.129119306803,-0.612690210342,9.571942000000
862,1413393929.105760574341,2,5.460013389587,2.252250671387,-2.793228864670,0.773738443851,-0.101438827813,0.139634102583,-0.609541893005,8.195347000000
863,1413393929.155760288239,2,5.417627811432,2.260396242142,-2.785027742386,0.772881448269,-0.109576657414,0.149121358991,-0.606967985630,8.723740000000
864,1413393929.205760478973,2,5.374714851379,2.273913145065,-2.775705337524,0.773471415043,-0.119849011302,0.158154964447,-0.601967811584,8.455881000000
865,1413393929.255760431290,2,5.329639434814,2.281192302704,-2.767107963562,0.773733139038,-0.133299842477,0.165719002485,-0.596745789051,8.464529000000
866,1413393929.305760622025,2,5.284933090210,2.288390159607,-2.756051301956,0.774070620537,-0.149421289563,0.170898184180,-0.591000735760,8.919068000000
867,1413393929.355760335922,2,5.235686779022,2.293451070786,-2.745958089828,0.773725688457,-0.167494043708,0.175597980618,-0.585200607777,9.501056000000
868,1413393929.405760526657,2,5.188192844391,2.307438373566,-2.733304977417,0.772160649300,-0.186986222863,0.180258020759,-0.579923450947,10.200057000000
869,1413393929.455760478973,2,5.136334419250,2.311767816544,-2.722183227539,0.769855558872,-0.205275759101,0.186264127493,-0.574882686138,12.800435000000
870,1413393929.505760431290,2,5.084887027740,2.324673414230,-2.711151361465,0.767855286598,-0.223026469350,0.194544419646,-0.568163752556,9.600613000000
871,1413393929.555760383606,2,5.031632900238,2.328043699265,-2.699537038803,0.765276372433,-0.240637794137,0.202953219414,-0.561476290226,9.984159000000
872,1413393929.605760574341,2,4.977948665619,2.331009387970,-2.687412261963,0.761777162552,-0.257265567780,0.213202014565,-0.555027067661,10.248861000000
873,1413393929.655760288239,2,4.923834323883,2.333746910095,-2.675080299377,0.757957220078,-0.273545324802,0.224126875401,-0.548125028610,10.859530000000
874,1413393929.705760478973,2,4.869441509247,2.336566686630,-2.662113666534,0.752918601036,-0.289229661226,0.234786868095,-0.542526543140,11.654994000000
875,1413393929.755760431290,2,4.813959121704,2.338400602341,-2.645448207855,0.747531890869,-0.305875122547,0.244055673480,-0.536724686623,10.815797000000
876,1413393929.805760622025,2,4.758832931519,2.341606616974,-2.631293296814,0.740799903870,-0.324026226997,0.250577598810,-0.532384574413,11.188525000000
877,1413393929.855760335922,2,4.703624248505,2.344891071320,-2.616752624512,0.732811212540,-0.344124943018,0.253806769848,-0.529290139675,11.885261000000
878,1413393929.905760526657,2,4.648715972900,2.348096609116,-2.601203441620,0.722971320152,-0.365186929703,0.254540979862,-0.528355836868,12.167524000000
879,1413393929.955760478973,2,4.594578266144,2.350547552109,-2.585404396057,0.713180005550,-0.385370641947,0.254875898361,-0.527164220810,12.860972000000
880,1413393930.005760431290,2,4.541763305664,2.351754665375,-2.570106029510,0.703554153442,-0.403995543718,0.256299614906,-0.525461375713,13.270466000000
881,1413393930.055760383606,2,4.490569591522,2.351438045502,-2.556618213654,0.694486141205,-0.421140253544,0.258468359709,-0.522995352745,13.634155000000
882,1413393930.105760574341,2,4.440778255463,2.349346399307,-2.545176029205,0.686289846897,-0.436061650515,0.261282831430,-0.520180642605,14.040338000000
883,1413393930.155760288239,2,4.392779827118,2.345393896103,-2.536017417908,0.679344654083,-0.447259187698,0.265514731407,-0.517640769482,13.667844000000
884,1413393930.205760478973,2,4.346040725708,2.339315176010,-2.529232978821,0.673594117165,-0.456120103598,0.269583702087,-0.515315532684,16.193172000000
885,1413393930.255760431290,2,4.301162719727,2.326966762543,-2.527182579041,0.670411527157,-0.461059421301,0.274562299252,-0.512433707714,16.046521000000
886,1413393930.305760622025,2,4.257317543030,2.317246437073,-2.526139259338,0.668833255768,-0.463302642107,0.281431406736,-0.508732855320,16.061511000000
887,1413393930.355760335922,2,4.214984893799,2.305268764496,-2.528458595276,0.671158075333,-0.460000902414,0.293641179800,-0.501718044281,16.267543000000
888,1413393930.405760526657,2,4.173403739929,2.291894197464,-2.533195018768,0.674401938915,-0.455522477627,0.304474085569,-0.494951486588,16.442432000000
889,1413393930.455760478973,2,4.132754802704,2.277718782425,-2.541412353516,0.678101599216,-0.450416505337,0.314682841301,-0.488137304783,15.628683000000
890,1413393930.505760431290,2,4.092746734619,2.263531208038,-2.554332256317,0.681136488914,-0.446090072393,0.322376549244,-0.482835561037,16.796456000000
891,1413393930.555760383606,2,4.052959442139,2.249771833420,-2.572154045105,0.682011604309,-0.443819046021,0.325709313154,-0.481454342604,16.100348000000
892,1413393930.605760574341,2,4.013606071472,2.236577033997,-2.594807624817,0.680453002453,-0.443819791079,0.325184345245,-0.484007179737,15.784625000000
893,1413393930.655760288239,2,3.974678516388,2.223326444626,-2.622867107391,0.677886128426,-0.444431751966,0.322895944118,-0.488558083773,16.654702000000
894,1413393930.705760478973,2,3.936448574066,2.210566282272,-2.655412197113,0.674854159355,-0.445040374994,0.320133447647,-0.493989437819,18.327525000000
895,1413393930.755760431290,2,3.885660171509,2.187350988388,-2.686464309692,0.671317875385,-0.444496661425,0.316958636045,-0.501290678978,23.396682000000
896,1413393930.805760622025,2,3.848063468933,2.172974348068,-2.721305370331,0.669214308262,-0.443337082863,0.315340131521,-0.506127655506,18.283551000000
897,1413393930.855760335922,2,3.810806035995,2.157680273056,-2.754868030548,0.667741596699,-0.442551612854,0.313144266605,-0.510107755661,15.563817000000
898,1413393930.905760526657,2,3.773990631104,2.140904664993,-2.785979270935,0.668384850025,-0.441156595945,0.312219768763,-0.511039555073,16.170980000000
899,1413393930.955760478973,2,3.737231492996,2.122675657272,-2.813966274261,0.671101033688,-0.438869744539,0.311538487673,-0.509863257408,15.893995000000
900,1413393931.005760431290,2,3.700957536697,2.103652477264,-2.837324857712,0.672563612461,-0.438077569008,0.309264928102,-0.510001540184,20.965675000000
901,1413393931.055760383606,2,3.629770994186,2.170173883438,-2.922362804413,0.666938602924,-0.448832333088,0.318143427372,-0.502520978451,17.705535000000
902,1413393931.105760574341,2,3.595828056335,2.149824142456,-2.936267137527,0.667827665806,-0.447978794575,0.315862268209,-0.503539860249,19.632397000000
903,1413393931.155760288239,2,3.560286045074,2.128971338272,-2.947367429733,0.670131146908,-0.448309689760,0.313264608383,-0.501804709435,19.649204000000
904,1413393931.205760478973,2,3.525453090668,2.107386827469,-2.955036878586,0.672158360481,-0.448885589838,0.310770779848,-0.500126361847,19.403920000000
905,1413393931.255760431290,2,3.491390705109,2.085505247116,-2.961063385010,0.674093008041,-0.449839949608,0.306570678949,-0.499256670475,18.855572000000
906,1413393931.305760622025,2,3.458181858063,2.063035726547,-2.967972278595,0.675272047520,-0.451513111591,0.302562713623,-0.498597413301,20.474900000000
907,1413393931.355760335922,2,3.446638822556,2.004028081894,-2.967946052551,0.678480982780,-0.449157714844,0.296120136976,-0.500233829021,19.912453000000
908,1413393931.405760526657,2,3.415682554245,1.979853391647,-2.980157375336,0.678897500038,-0.451715886593,0.290198445320,-0.500835120678,19.138140000000
909,1413393931.455760478973,2,3.386303186417,1.954687118530,-2.994592905045,0.678336501122,-0.454113811255,0.285535305738,-0.502105534077,23.968798000000
910,1413393931.505760431290,2,3.358163595200,1.928264141083,-3.010791301727,0.677757561207,-0.456294447184,0.280940353870,-0.503500461578,21.045627000000
911,1413393931.555760383606,2,3.329261064529,1.897303104401,-3.036803007126,0.677059948444,-0.457101613283,0.277912110090,-0.505383908749,19.304075000000
912,1413393931.605760574341,2,3.390552997589,2.023861408234,-2.913723468781,0.663473010063,-0.478308737278,0.289227128029,-0.497365146875,17.732131000000
913,1413393931.655760288239,2,3.364294290543,1.994087457657,-2.938407182693,0.663391888142,-0.477887690067,0.288213908672,-0.498465090990,21.787794000000
914,1413393931.705760478973,2,3.337073564529,1.960600852966,-2.974563360214,0.663345098495,-0.477423161268,0.287736207247,-0.499247759581,17.389613000000
915,1413393931.755760431290,2,3.315116167068,1.928222179413,-3.003777980804,0.663952648640,-0.476307153702,0.287406593561,-0.499695867300,18.436966000000
916,1413393931.805760622025,2,3.295526027679,1.894393682480,-3.034556865692,0.664603948593,-0.475238651037,0.287799239159,-0.499621331692,19.922340000000
917,1413393931.855760335922,2,3.280987501144,1.860352993011,-3.064725875854,0.665629208088,-0.473960280418,0.288300573826,-0.499181509018,17.633301000000
918,1413393931.905760526657,2,3.265558481216,1.823356151581,-3.095651388168,0.666481137276,-0.473056405783,0.288509875536,-0.498781204224,18.128833000000
919,1413393931.955760478973,2,3.252283096313,1.784725904465,-3.125025272369,0.667162477970,-0.471643507481,0.289464324713,-0.498655259609,18.368408000000
920,1413393932.005760431290,2,3.241124153137,1.744564294815,-3.152961730957,0.668233990669,-0.470120698214,0.290904074907,-0.497820019722,19.371454000000
921,1413393932.055760383606,2,3.229523658752,1.699745655060,-3.178059577942,0.670447409153,-0.467922836542,0.292752563953,-0.495827078819,17.123249000000
922,1413393932.105760574341,2,3.222166061401,1.656699180603,-3.203336238861,0.672935962677,-0.465639740229,0.295330882072,-0.493068575859,18.627349000000
923,1413393932.155760288239,2,3.216512680054,1.612592220306,-3.227673053741,0.676267445087,-0.462375432253,0.299413055182,-0.489104539156,18.721580000000
924,1413393932.205760478973,2,3.212587594986,1.567651748657,-3.251009941101,0.679565131664,-0.458600431681,0.304541140795,-0.484903752804,20.811958000000
925,1413393932.255760431290,2,3.202568054199,1.521401166916,-3.267760038376,0.683207571507,-0.453789472580,0.311059355736,-0.480150729418,17.465331000000
926,1413393932.305760622025,2,3.201028823853,1.476967096329,-3.288703203201,0.686417996883,-0.449874669313,0.316331803799,-0.475791275501,18.956090000000
927,1413393932.355760335922,2,3.200586557388,1.433149814606,-3.308536052704,0.688819468021,-0.446732372046,0.321313768625,-0.471927314997,18.014565000000
928,1413393932.405760526657,2,3.200921058655,1.390506029129,-3.327314138412,0.690664708614,-0.444749593735,0.324494659901,-0.468917220831,23.944366000000
929,1413393932.455760478973,2,3.197107553482,1.345904111862,-3.344802856445,0.692126512527,-0.443322539330,0.327501296997,-0.466013967991,17.589768000000
930,1413393932.505760431290,2,3.199148893356,1.306049585342,-3.362513542175,0.692920625210,-0.442486256361,0.330138117075,-0.463762581348,17.564786000000
931,1413393932.555760383606,2,3.202030420303,1.267994642258,-3.379279851913,0.692983448505,-0.441277176142,0.333101689816,-0.462700515985,17.037503000000
932,1413393932.605760574341,2,3.205632209778,1.231754779816,-3.394773960114,0.691592693329,-0.440221220255,0.336156517267,-0.463577091694,21.309976000000
933,1413393932.655760288239,2,3.206688404083,1.194227218628,-3.410774230957,0.689284741879,-0.439662605524,0.338947862387,-0.465508162975,17.509202000000
934,1413393932.705760478973,2,3.210522174835,1.161560297012,-3.424428939819,0.687421977520,-0.439421355724,0.340888947248,-0.467070281506,18.121567000000
935,1413393932.755760431290,2,3.214385509491,1.130527496338,-3.437125205994,0.685352623463,-0.439551025629,0.342733234167,-0.468637079000,18.040715000000
936,1413393932.805760622025,2,3.218271255493,1.100882530212,-3.448918819427,0.683301448822,-0.439396500587,0.344956070185,-0.470143765211,18.466377000000
937,1413393932.855760335922,2,3.222115278244,1.072561264038,-3.460431337357,0.682753801346,-0.438702553511,0.347719252110,-0.469551652670,20.277946000000
938,1413393932.905760526657,2,3.220380783081,1.044705629349,-3.471025466919,0.681660175323,-0.437537819147,0.351334601641,-0.469536036253,16.825247000000
939,1413393932.955760478973,2,3.223403692245,1.019885063171,-3.479382753372,0.677981138229,-0.435367435217,0.356137126684,-0.473247438669,17.822422000000
940,1413393933.005760431290,2,3.225527763367,0.996923446655,-3.486463785172,0.672546625137,-0.431444972754,0.361668139696,-0.480346143246,18.481804000000
941,1413393933.055760383606,2,3.226066827774,0.975409984589,-3.493044137955,0.667924463749,-0.427201598883,0.366330355406,-0.487008988857,20.457618000000
942,1413393933.105760574341,2,3.223584890366,0.957856178284,-3.495319843292,0.662937402725,-0.423104763031,0.370558053255,-0.494148880243,17.641934000000
943,1413393933.155760288239,2,3.219283103943,0.938467025757,-3.500398874283,0.659148931503,-0.421434044838,0.371948212385,-0.499570488930,18.050054000000
944,1413393933.205760478973,2,3.212176084518,0.919753551483,-3.504179239273,0.655860006809,-0.421805083752,0.370933622122,-0.504317760468,18.459995000000
945,1413393933.255760431290,2,3.202070474625,0.901708126068,-3.506704092026,0.653170347214,-0.424886494875,0.365893870592,-0.508882761002,20.753003000000
946,1413393933.305760622025,2,3.200442314148,0.884723663330,-3.507434606552,0.649364531040,-0.429914683104,0.358419477940,-0.514815092087,18.046238000000
947,1413393933.355760335922,2,3.185764551163,0.866548538208,-3.507418870926,0.646260380745,-0.435005456209,0.350789815187,-0.519677221775,18.030429000000
948,1413393933.405760526657,2,3.168847799301,0.847383975983,-3.506111383438,0.643606066704,-0.441787570715,0.340926915407,-0.523797631264,19.597572000000
949,1413393933.455760478973,2,3.150170564651,0.826581478119,-3.504613399506,0.642692029476,-0.450117200613,0.329443067312,-0.525174975395,20.247739000000
950,1413393933.505760431290,2,3.130142211914,0.804210186005,-3.503339052200,0.643203139305,-0.458999723196,0.316387623549,-0.524888515472,18.587402000000
951,1413393933.555760383606,2,3.109911441803,0.779348850250,-3.502641201019,0.644423484802,-0.467199057341,0.304563373327,-0.523148715496,19.210424000000
952,1413393933.605760574341,2,3.090384721756,0.752109050751,-3.503937482834,0.646027445793,-0.473866522312,0.295671850443,-0.520266592503,19.977101000000
953,1413393933.655760288239,2,3.077302217484,0.724674224854,-3.504324436188,0.648512244225,-0.477144688368,0.291915476322,-0.516285121441,17.620689000000
954,1413393933.705760478973,2,3.060432672501,0.692131996155,-3.509260177612,0.652735471725,-0.476332217455,0.293987601995,-0.510505020618,19.274321000000
955,1413393933.755760431290,2,3.049638032913,0.657755851746,-3.515294551849,0.658168852329,-0.472518056631,0.300676316023,-0.503124415874,17.736607000000
956,1413393933.805760622025,2,3.034701347351,0.621035099030,-3.524376869202,0.663505792618,-0.467706590891,0.308666706085,-0.495717138052,20.608221000000
957,1413393933.855760335922,2,3.017342567444,0.584708690643,-3.540051937103,0.667794227600,-0.464063614607,0.314475655556,-0.489694654942,18.328008000000
958,1413393933.905760526657,2,3.003293752670,0.547143459320,-3.552654981613,0.670557320118,-0.461198300123,0.318920463324,-0.485735386610,19.078256000000
959,1413393933.955760478973,2,2.989977359772,0.504031658173,-3.565934658051,0.671640157700,-0.457495659590,0.324139714241,-0.484283655882,18.513524000000
960,1413393934.005760431290,2,2.977616310120,0.466967582703,-3.575615882874,0.669442594051,-0.450052082539,0.333952337503,-0.487622529268,18.630687000000
961,1413393934.055760383606,2,2.964711666107,0.430306911469,-3.581941366196,0.666500568390,-0.443112790585,0.343555629253,-0.491322398186,23.439782000000
962,1413393934.105760574341,2,2.955780506134,0.388480663300,-3.583749294281,0.663587749004,-0.436450123787,0.350741267204,-0.496128171682,18.254061000000
963,1413393934.155760288239,2,2.939924478531,0.352814197540,-3.583355426788,0.662785172462,-0.432317286730,0.355468213558,-0.497453600168,17.760584000000
964,1413393934.205760478973,2,2.921721935272,0.317799568176,-3.580646991730,0.662404537201,-0.429650992155,0.358269602060,-0.498260229826,20.585242000000
965,1413393934.255760431290,2,2.902885675430,0.283998489380,-3.580982208252,0.662816464901,-0.430495530367,0.355381488800,-0.499051004648,18.931788000000
966,1413393934.305760622025,2,2.880908727646,0.250799179077,-3.578088045120,0.663567066193,-0.432708323002,0.350820392370,-0.499366879463,19.824938000000
967,1413393934.355760335922,2,2.861875534058,0.216996669769,-3.579452037811,0.665366411209,-0.437668710947,0.342413127422,-0.498484700918,20.530908000000
968,1413393934.405760526657,2,2.838355779648,0.184480667114,-3.582515478134,0.666790783405,-0.443732231855,0.332727044821,-0.497779577971,19.729778000000
969,1413393934.455760478973,2,2.815038204193,0.150500297546,-3.589274883270,0.667904734612,-0.448991030455,0.324093043804,-0.497266530991,18.991719000000
970,1413393934.505760431290,2,2.791450977325,0.117391586304,-3.599445581436,0.668561995029,-0.453861534595,0.316459983587,-0.496877968311,18.915634000000
971,1413393934.555760383606,2,2.767966747284,0.083794593811,-3.612494468689,0.668553471565,-0.458401024342,0.309123516083,-0.497340321541,19.880789000000
972,1413393934.605760574341,2,2.747808456421,0.051754474640,-3.626602649689,0.668000638485,-0.462474107742,0.303319662809,-0.497885644436,19.663605000000
973,1413393934.655760288239,2,2.726035356522,0.016617298126,-3.643339872360,0.666078984737,-0.466633647680,0.297101199627,-0.500322759151,18.898533000000
974,1413393934.705760478973,2,2.705110073090,-0.019773483276,-3.662100791931,0.664167463779,-0.470409125090,0.291263163090,-0.502755165100,18.931677000000
975,1413393934.755760431290,2,2.685116767883,-0.056994915009,-3.683146953583,0.662734448910,-0.474816381931,0.281442582607,-0.506085574627,20.593278000000
976,1413393934.805760622025,2,2.667640447617,-0.094059944153,-3.704959869385,0.662478983402,-0.479127526283,0.268615096807,-0.509317517281,19.449116000000
977,1413393934.855760335922,2,2.650015830994,-0.134750366211,-3.730140686035,0.665124356747,-0.480361104012,0.256039142609,-0.511181771755,20.340887000000
978,1413393934.905760526657,2,2.634248971939,-0.177896976471,-3.757869243622,0.671674072742,-0.478302538395,0.244293630123,-0.510295212269,21.986075000000
979,1413393934.955760478973,2,2.626544475555,-0.218513965607,-3.786278724670,0.682656168938,-0.471362501383,0.236323431134,-0.505914211273,19.067689000000
980,1413393935.005760431290,2,2.616900444031,-0.266534805298,-3.818582773209,0.697452604771,-0.456187546253,0.236304342747,-0.499613016844,19.627255000000
981,1413393935.055760383606,2,2.611285209656,-0.317829132080,-3.851813793182,0.714852809906,-0.435561835766,0.239831298590,-0.491683244705,18.430465000000
982,1413393935.105760574341,2,2.608110904694,-0.367372035980,-3.885718822479,0.731221377850,-0.413380831480,0.242314845324,-0.485505044460,20.178612000000
983,1413393935.155760288239,2,2.607603073120,-0.416303634644,-3.913203716278,0.745855033398,-0.391506850719,0.241401523352,-0.481817334890,17.987573000000
984,1413393935.205760478973,2,2.609732627869,-0.462414741516,-3.939838409424,0.758754432201,-0.370110809803,0.237387686968,-0.480579644442,18.949693000000
985,1413393935.255760431290,2,2.614544868469,-0.505588054657,-3.961277008057,0.769597828388,-0.350124597549,0.230278745294,-0.481771439314,20.331503000000
986,1413393935.305760622025,2,2.624796390533,-0.541181564331,-3.980806589127,0.778867423534,-0.331366151571,0.221444189548,-0.484277337790,18.283029000000
987,1413393935.355760335922,2,2.634141445160,-0.577181339264,-3.993774175644,0.786248266697,-0.314360171556,0.210153654218,-0.488699167967,18.714376000000
988,1413393935.405760526657,2,2.645334959030,-0.610131263733,-4.003001213074,0.793119072914,-0.294801175594,0.201538860798,-0.493392884731,20.018263000000
989,1413393935.455760478973,2,2.656173944473,-0.640517234802,-4.010303974152,0.798744559288,-0.274277269840,0.194217622280,-0.499057769775,18.341562000000
990,1413393935.505760431290,2,2.669780731201,-0.667109489441,-4.011608600616,0.803479492664,-0.252776563168,0.187957882881,-0.505169987679,20.620339000000
991,1413393935.555760383606,2,2.683501482010,-0.690429210663,-4.010077476501,0.808957338333,-0.231827661395,0.180684432387,-0.509114205837,19.086549000000
992,1413393935.605760574341,2,2.697491884232,-0.710682392120,-4.007180213928,0.814001321793,-0.210165843368,0.176960080862,-0.511778652668,18.555664000000
993,1413393935.655760288239,2,2.712136268616,-0.727262496948,-4.002942085266,0.818867862225,-0.190865278244,0.174492403865,-0.512424051762,20.528974000000
994,1413393935.705760478973,2,2.724528789520,-0.742860794067,-4.002576828003,0.822279334068,-0.170820519328,0.176192775369,-0.513452172279,20.153629000000
995,1413393935.755760431290,2,2.738235950470,-0.752472400665,-3.998155117035,0.825127124786,-0.152491882443,0.178873628378,-0.513727307320,19.061996000000
996,1413393935.805760622025,2,2.750033617020,-0.758012771606,-3.993566036224,0.826952993870,-0.133270338178,0.183514684439,-0.514499902725,18.612219000000
997,1413393935.855760335922,2,2.758782625198,-0.759232044220,-3.988353729248,0.827876508236,-0.114243656397,0.187458992004,-0.516166687012,19.074790000000
998,1413393935.905760526657,2,2.763498783112,-0.756147861481,-3.982441902161,0.828430652618,-0.099030144513,0.186080098152,-0.518912315369,19.889613000000
999,1413393935.955760478973,2,2.762437343597,-0.748604774475,-3.975156784058,0.828705251217,-0.092278711498,0.172193273902,-0.524482369423,23.008366000000
1000,1413393936.005760431290,2,2.755278825760,-0.735050201416,-3.966459751129,0.828460514545,-0.088981695473,0.151785135269,-0.531692385674,21.226279000000
1001,1413393936.055760383606,2,2.746002435684,-0.720788478851,-3.957578420639,0.828184843063,-0.084728486836,0.129687502980,-0.538620650768,21.789310000000
1002,1413393936.105760574341,2,2.733611583710,-0.700989723206,-3.946185112000,0.827354669571,-0.079663999379,0.105681821704,-0.545865714550,18.000981000000
1003,1413393936.155760288239,2,2.719519853592,-0.682041645050,-3.935976028442,0.826141893864,-0.073341600597,0.080845527351,-0.552788019180,20.119102000000
1004,1413393936.205760478973,2,2.704138755798,-0.661406993866,-3.923264026642,0.825662970543,-0.066178508103,0.054255001247,-0.557635605335,18.343720000000
1005,1413393936.255760431290,2,2.689464092255,-0.639467716217,-3.912331104279,0.825351417065,-0.056605942547,0.029709804803,-0.560988605022,19.714062000000
1006,1413393936.305760622025,2,2.676058769226,-0.618335247040,-3.898504257202,0.825726747513,-0.045065477490,0.005995247979,-0.562235355377,17.439644000000
1007,1413393936.355760335922,2,2.663555383682,-0.594011306763,-3.887732744217,0.825945913792,-0.031211659312,-0.015695089474,-0.562665939331,21.306642000000
1008,1413393936.405760526657,2,2.653066158295,-0.568790435791,-3.877162218094,0.825645983219,-0.015543797985,-0.034597083926,-0.562912285328,21.079756000000
1009,1413393936.455760478973,2,2.646486043930,-0.538722038269,-3.868789196014,0.824972450733,0.002585623646,-0.050343472511,-0.562920451164,18.294968000000
1010,1413393936.505760431290,2,2.640686750412,-0.510717391968,-3.857781887054,0.821657001972,0.024160472676,-0.061403397471,-0.566149890423,18.423310000000
1011,1413393936.555760383606,2,2.637258529663,-0.481478214264,-3.846536159515,0.816720843315,0.046272896230,-0.070463411510,-0.570842146873,19.892270000000
1012,1413393936.605760574341,2,2.637079954147,-0.458825588226,-3.832461357117,0.809993684292,0.067378826439,-0.079616643488,-0.577088832855,16.815180000000
1013,1413393936.655760288239,2,2.636943340302,-0.428962230682,-3.819973945618,0.801659047604,0.086778156459,-0.088741734624,-0.584754049778,18.351999000000
1014,1413393936.705760478973,2,2.638208389282,-0.403986930847,-3.804562330246,0.793040335178,0.104546345770,-0.097948238254,-0.592083871365,17.215601000000
1015,1413393936.755760431290,2,2.640532255173,-0.375297069550,-3.791421890259,-0.785538852215,-0.120702639222,0.107145577669,0.597393929958,21.512512000000
1016,1413393936.805760622025,2,2.641944169998,-0.347637653351,-3.776999235153,-0.779068350792,-0.136131316423,0.115687377751,0.600947022438,17.017332000000
1017,1413393936.855760335922,2,2.646634340286,-0.321812391281,-3.763483524323,-0.772936284542,-0.151989802718,0.124342858791,0.603330373764,17.730173000000
1018,1413393936.905760526657,2,2.652162551880,-0.300976037979,-3.748951196671,-0.766206443310,-0.168540373445,0.132124170661,0.605858922005,17.176901000000
1019,1413393936.955760478973,2,2.658982515335,-0.279447078705,-3.734645605087,-0.760219931602,-0.185529738665,0.140598714352,0.606528222561,17.186181000000
1020,1413393937.005760431290,2,2.663387775421,-0.262655973434,-3.717888832092,-0.752796709538,-0.203739076853,0.147567525506,0.608285665512,16.322121000000
1021,1413393937.055760383606,2,2.671720743179,-0.246890068054,-3.702216625214,-0.745702862740,-0.222196817398,0.155202552676,0.608660876751,18.234980000000
1022,1413393937.105760574341,2,2.677823781967,-0.238628387451,-3.683799266815,-0.738911151886,-0.239977434278,0.163752421737,0.607952594757,16.302209000000
1023,1413393937.155760288239,2,2.687209129333,-0.229677200317,-3.666459798813,-0.732385635376,-0.256483912468,0.173455581069,0.606416106224,19.275763000000
1024,1413393937.205760478973,2,2.694356441498,-0.225501060486,-3.647982358932,-0.725503742695,-0.272395431995,0.183783516288,0.604705452919,15.958190000000
1025,1413393937.255760431290,2,2.704878330231,-0.223603010178,-3.629175424576,-0.719439506531,-0.287397950888,0.193892315030,0.601843059063,16.418975000000
1026,1413393937.305760622025,2,2.716024398804,-0.225090503693,-3.609231472015,-0.713800251484,-0.300913363695,0.204693734646,0.598365247250,17.928375000000
1027,1413393937.355760335922,2,2.725322484970,-0.228696346283,-3.587810993195,-0.709470450878,-0.313779294491,0.213662236929,0.593753159046,17.038019000000
1028,1413393937.405760526657,2,2.738109827042,-0.235700368881,-3.566821098328,-0.706001222134,-0.324175357819,0.221494451165,0.589417338371,16.306761000000
1029,1413393937.455760478973,2,2.752116918564,-0.245143651962,-3.547214031219,-0.705557346344,-0.333792239428,0.226669743657,0.582574069500,16.660880000000
1030,1413393937.505760431290,2,2.767055034637,-0.256706237793,-3.531491756439,-0.709891915321,-0.342085599899,0.229741230607,0.571182906628,16.504528000000
1031,1413393937.555760383606,2,2.781994819641,-0.269939422607,-3.519792556763,-0.715351879597,-0.346921682358,0.234481453896,0.559406518936,16.498255000000
1032,1413393937.605760574341,2,2.796811580658,-0.283971071243,-3.513544321060,-0.720309972763,-0.350318163633,0.238232389092,0.549250483513,16.634886000000
1033,1413393937.655760288239,2,2.811059713364,-0.298431634903,-3.511855125427,-0.725685358047,-0.351834446192,0.242905184627,0.539064347744,17.072081000000
1034,1413393937.705760478973,2,2.825242519379,-0.313303947449,-3.513262033463,-0.731074213982,-0.352949380875,0.245543658733,0.529778838158,18.758427000000
1035,1413393937.755760431290,2,2.836617469788,-0.325894832611,-3.512932538986,-0.737085700035,-0.354978322983,0.245291262865,0.520122289658,16.346844000000
1036,1413393937.805760622025,2,2.850629329681,-0.339504957199,-3.515785932541,-0.742595613003,-0.356246560812,0.245279610157,0.511349260807,16.956292000000
1037,1413393937.855760335922,2,2.863519668579,-0.351698875427,-3.517121315002,-0.747170984745,-0.356281697750,0.245408400893,0.504552841187,16.909190000000
1038,1413393937.905760526657,2,2.874925136566,-0.361918926239,-3.516147136688,-0.747929811478,-0.357146054506,0.244295731187,0.503356158733,16.065480000000
1039,1413393937.955760478973,2,2.885567188263,-0.370791673660,-3.514202833176,-0.744813203812,-0.358386814594,0.242616415024,0.507887303829,16.370024000000
1040,1413393938.005760431290,2,2.894527196884,-0.378606081009,-3.511402130127,-0.741156220436,-0.359889119864,0.239554062486,0.513596415520,16.400758000000
1041,1413393938.055760383606,2,2.902198791504,-0.385857343674,-3.508147239685,-0.735998332500,-0.362709671259,0.234846040606,0.521148324013,16.651696000000
1042,1413393938.105760574341,2,2.908376216888,-0.393133878708,-3.504174232483,-0.728752076626,-0.367203474045,0.229081615806,0.530663430691,15.646345000000
1043,1413393938.155760288239,2,2.913183212280,-0.401262760162,-3.499153375626,-0.719051420689,-0.373418778181,0.222786545753,0.542115926743,15.796317000000
1044,1413393938.205760478973,2,2.916436195374,-0.411469936371,-3.493496894836,-0.707686185837,-0.381568372250,0.217028215528,0.553610563278,17.961945000000
1045,1413393938.255760431290,2,2.914764404297,-0.425314426422,-3.488915681839,-0.697217583656,-0.389130383730,0.213687673211,0.562852382660,16.937177000000
1046,1413393938.305760622025,2,2.915182113647,-0.442088127136,-3.481043815613,-0.689498245716,-0.394858002663,0.215806692839,0.567544519901,16.237390000000
1047,1413393938.355760335922,2,2.914034605026,-0.463410377502,-3.471794366837,-0.684286594391,-0.398241728544,0.224354818463,0.568172812462,15.799786000000
1048,1413393938.405760526657,2,2.911709785461,-0.489025354385,-3.461544513702,-0.681844770908,-0.399946838617,0.237660527229,0.564488947392,15.621231000000
1049,1413393938.455760478973,2,2.908800601959,-0.518714189529,-3.450132369995,-0.681217730045,-0.399795323610,0.256192088127,0.557199954987,15.590430000000
1050,1413393938.505760431290,2,2.906207323074,-0.551075458527,-3.438725471497,-0.680566012859,-0.401736289263,0.273387521505,0.548358678818,18.859385000000
1051,1413393938.555760383606,2,2.905861616135,-0.587710142136,-3.424840927124,-0.679501593113,-0.405332535505,0.288403481245,0.539264857769,19.267617000000
1052,1413393938.605760574341,2,2.904535770416,-0.623283147812,-3.415516614914,-0.677064657211,-0.410830050707,0.301728516817,0.530812621117,15.365972000000
1053,1413393938.655760288239,2,2.904657840729,-0.659789562225,-3.409283161163,-0.674881935120,-0.417081981897,0.313880801201,0.521589696407,15.033482000000
1054,1413393938.705760478973,2,2.906150579453,-0.696718215942,-3.406823158264,-0.673156738281,-0.423955768347,0.324072331190,0.511955678463,16.815429000000
1055,1413393938.755760431290,2,2.908994913101,-0.733790636063,-3.407043695450,-0.669312298298,-0.430702835321,0.334252417088,0.504768729210,17.470453000000
1056,1413393938.805760622025,2,2.918237924576,-0.768964529037,-3.407326936722,-0.662951171398,-0.437818378210,0.343627244234,0.500730693340,15.049145000000
1057,1413393938.855760335922,2,2.925091505051,-0.805334091187,-3.411240100861,-0.654367566109,-0.445970952511,0.350525587797,0.500044882298,15.671441000000
1058,1413393938.905760526657,2,2.933614015579,-0.841609001160,-3.415217876434,-0.646225154400,-0.454876005650,0.356334388256,0.498504400253,14.598587000000
1059,1413393938.955760478973,2,2.944037675858,-0.877724647522,-3.418601274490,-0.638764262199,-0.464391142130,0.360977709293,0.496000289917,14.852042000000
1060,1413393939.005760431290,2,2.956155776978,-0.913893699646,-3.421083450317,-0.632236361504,-0.473884999752,0.365547686815,0.492021441460,14.635412000000
1061,1413393939.055760383606,2,2.969420909882,-0.949342966080,-3.421406984329,-0.624788522720,-0.482147037983,0.370246142149,0.489991247654,14.715346000000
1062,1413393939.105760574341,2,2.983662605286,-0.985412836075,-3.418315410614,-0.612019062042,-0.485309422016,0.381556421518,0.494289636612,15.809976000000
1063,1413393939.155760288239,2,2.999892234802,-1.021459817886,-3.413787841797,-0.598457813263,-0.487803876400,0.393238782883,0.499258399010,16.982790000000
1064,1413393939.205760478973,2,3.014851093292,-1.055240869522,-3.406148433685,-0.591538429260,-0.494184046984,0.399476766586,0.496268928051,15.026102000000
1065,1413393939.255760431290,2,3.037737369537,-1.092184305191,-3.405318498611,-0.590507626534,-0.503796994686,0.399012804031,0.488137453794,14.889754000000
1066,1413393939.305760622025,2,3.063497066498,-1.129056215286,-3.405693054199,-0.594629883766,-0.514921009541,0.394160389900,0.475299090147,16.217786000000
1067,1413393939.355760335922,2,3.092005729675,-1.165873050690,-3.408063888550,-0.603428006172,-0.528578400612,0.383532792330,0.457582980394,26.509866000000
1068,1413393939.405760526657,2,3.120560646057,-1.197616338730,-3.413015604019,-0.616787195206,-0.541228413582,0.371895611286,0.433980494738,15.264418000000
1069,1413393939.455760478973,2,3.149362564087,-1.233907461166,-3.418768167496,-0.632246851921,-0.551762938499,0.359834134579,0.407849311829,16.760835000000
1070,1413393939.505760431290,2,3.176196336746,-1.267909526825,-3.429050922394,-0.647983253002,-0.559136092663,0.348956227303,0.381725192070,14.629242000000
1071,1413393939.555760383606,2,3.198601484299,-1.301748752594,-3.438046216965,0.661860942841,0.563838541508,-0.339942038059,-0.358421146870,15.990702000000
1072,1413393939.605760574341,2,3.216070890427,-1.333176136017,-3.448726415634,0.673864960670,0.566849708557,-0.331410765648,-0.338754147291,17.438685000000
1073,1413393939.655760288239,2,3.226377964020,-1.362132072449,-3.461292266846,0.683847725391,0.569052815437,-0.323214203119,-0.322589397430,17.096938000000
1074,1413393939.705760478973,2,3.230181455612,-1.386888504028,-3.474483489990,0.687902390957,0.573204994202,-0.313770562410,-0.315870761871,22.470679000000
1075,1413393939.755760431290,2,3.221544265747,-1.408723354340,-3.490253925323,0.686774849892,0.576151013374,-0.307891637087,-0.318736732006,15.970542000000
1076,1413393939.805760622025,2,3.207033634186,-1.426452636719,-3.502753496170,0.679456949234,0.575479686260,-0.309865832329,-0.333383530378,16.798604000000
1077,1413393939.855760335922,2,3.179306030273,-1.441415309906,-3.515017509460,0.666822314262,0.567588686943,-0.323051810265,-0.358927190304,16.381565000000
1078,1413393939.905760526657,2,3.148396492004,-1.454372644424,-3.522314310074,-0.650452017784,-0.552303969860,0.345154702663,0.390820801258,17.951468000000
1079,1413393939.955760478973,2,3.115054130554,-1.467159748077,-3.528903484344,-0.629896283150,-0.533449113369,0.370665848255,0.425757676363,16.616719000000
1080,1413393940.005760431290,2,3.081013679504,-1.478766202927,-3.532705783844,-0.609633028507,-0.513306021690,0.395447105169,0.456602782011,16.876750000000
1081,1413393940.055760383606,2,3.054313898087,-1.493349552155,-3.532797813416,-0.591047048569,-0.491437643766,0.420911788940,0.481649041176,15.402474000000
1082,1413393940.105760574341,2,3.027643680573,-1.505352258682,-3.534823417664,-0.574901580811,-0.472256898880,0.442232102156,0.500891506672,15.990347000000
1083,1413393940.155760288239,2,3.007874965668,-1.517341732979,-3.537293195724,-0.563462615013,-0.455930024385,0.460541546345,0.512385904789,17.541747000000
1084,1413393940.205760478973,2,2.997469425201,-1.530269861221,-3.537910461426,-0.553712964058,-0.443653136492,0.473794192076,0.521625280380,16.003921000000
1085,1413393940.255760431290,2,2.994925022125,-1.541613459587,-3.541635513306,-0.550398886204,-0.437781631947,0.480452030897,0.523998320103,16.677287000000
1086,1413393940.305760622025,2,3.000601530075,-1.552644014359,-3.544409990311,-0.555867135525,-0.441452801228,0.477413386106,0.517887711525,17.223283000000
1087,1413393940.355760335922,2,3.016108989716,-1.562403678894,-3.551413297653,-0.568222939968,-0.454617798328,0.463528811932,0.505555510521,16.369766000000
1088,1413393940.405760526657,2,3.039488077164,-1.571013212204,-3.558075428009,-0.584461867809,-0.472092509270,0.443339377642,0.488859027624,17.015695000000
1089,1413393940.455760478973,2,3.068929195404,-1.578648328781,-3.564771175385,-0.604317188263,-0.490308970213,0.420706152916,0.466266185045,18.024604000000
1090,1413393940.505760431290,2,3.101438045502,-1.585761547089,-3.572417974472,-0.627025842667,-0.509338855743,0.395065933466,0.437419146299,15.828042000000
1091,1413393940.555760383606,2,3.135397672653,-1.591513156891,-3.577885389328,-0.649097621441,-0.523539185524,0.373133450747,0.406633198261,19.653890000000
1092,1413393940.605760574341,2,3.166385889053,-1.597621917725,-3.578947782516,-0.668424367905,-0.531644165516,0.356511473656,0.378765136003,16.816988000000
1093,1413393940.655760288239,2,3.193368434906,-1.598855972290,-3.579060077667,0.683320343494,0.535374283791,-0.345030248165,-0.356934040785,18.300817000000
1094,1413393940.705760478973,2,3.210614442825,-1.593995094299,-3.574152231216,0.695739269257,0.534907042980,-0.339137285948,-0.338832408190,15.366079000000
1095,1413393940.755760431290,2,3.223772287369,-1.587374687195,-3.569225311279,0.706781208515,0.529773354530,-0.338677763939,-0.324188023806,16.931930000000
1096,1413393940.805760622025,2,3.227609157562,-1.574600219727,-3.560606718063,0.711480081081,0.523422122002,-0.342384696007,-0.320309549570,14.973085000000
1097,1413393940.855760335922,2,3.224863529205,-1.555607795715,-3.550572633743,0.706354141235,0.517659723759,-0.349055796862,-0.333545297384,17.360348000000
1098,1413393940.905760526657,2,3.215475797653,-1.529841423035,-3.538814544678,0.694505512714,0.514247953892,-0.355288505554,-0.356344431639,15.107696000000
1099,1413393940.955760478973,2,3.202128887177,-1.501077890396,-3.525997638702,-0.678839206696,-0.509072721004,0.364810764790,0.383321583271,19.003715000000
1100,1413393941.005760431290,2,3.185751914978,-1.469110727310,-3.511801719666,-0.659972071648,-0.501366198063,0.377204120159,0.413262575865,16.473940000000
1101,1413393941.055760383606,2,3.168184041977,-1.435322523117,-3.495668411255,-0.640083968639,-0.489312499762,0.394075810909,0.442233115435,17.741318000000
1102,1413393941.105760574341,2,3.151982545853,-1.398978710175,-3.475031137466,-0.619568824768,-0.477750509977,0.409724026918,0.469057708979,15.617075000000
1103,1413393941.155760288239,2,3.138550758362,-1.363491296768,-3.457937240601,-0.601647138596,-0.467173755169,0.423850685358,0.490020424128,15.147907000000
1104,1413393941.205760478973,2,3.129825830460,-1.328001737595,-3.441617488861,-0.587187409401,-0.458930343390,0.434750109911,0.505555450916,16.373672000000
1105,1413393941.255760431290,2,3.126822710037,-1.292705774307,-3.427153348923,-0.579134345055,-0.456117719412,0.439575314522,0.513160407543,17.178900000000
1106,1413393941.305760622025,2,3.133820295334,-1.255145549774,-3.416489601135,-0.580771088600,-0.462079763412,0.435720860958,0.509249031544,15.787921000000
1107,1413393941.355760335922,2,3.143555641174,-1.220771551132,-3.406332015991,-0.589061081409,-0.472650825977,0.426656901836,0.497566282749,15.646188000000
1108,1413393941.405760526657,2,3.158278942108,-1.186912536621,-3.397266387939,-0.601442813873,-0.486266940832,0.413542449474,0.480409979820,15.868285000000
1109,1413393941.455760478973,2,3.176427364349,-1.153304100037,-3.388660430908,-0.615219175816,-0.500510215759,0.398436099291,0.460699170828,17.378249000000
1110,1413393941.505760431290,2,3.196946859360,-1.119288206100,-3.380970001221,-0.629902958870,-0.516083121300,0.380340158939,0.438431084156,17.978789000000
1111,1413393941.555760383606,2,3.218776226044,-1.083776712418,-3.378306388855,-0.642942607403,-0.529678404331,0.363249748945,0.417271137238,17.658184000000
1112,1413393941.605760574341,2,3.237423896790,-1.048525810242,-3.368731021881,-0.654100418091,-0.541307687759,0.347706317902,0.397792696953,17.521380000000
1113,1413393941.655760288239,2,3.252360820770,-1.012195110321,-3.357888221741,-0.662054181099,-0.550205230713,0.335276931524,0.382815688848,20.922389000000
1114,1413393941.705760478973,2,3.266190052032,-0.974179983139,-3.355327844620,0.668520092964,0.555918991566,-0.325145214796,-0.371908068657,17.331823000000
1115,1413393941.755760431290,2,3.271160364151,-0.935108184814,-3.347213029861,0.674246907234,0.559922277927,-0.315218299627,-0.364027112722,19.942775000000
1116,1413393941.805760622025,2,3.271420717239,-0.892756938934,-3.344313383102,0.677930831909,0.562316417694,-0.307624280453,-0.359968543053,17.015969000000
1117,1413393941.855760335922,2,3.263368606567,-0.850996971130,-3.339118480682,0.678217232227,0.560985624790,-0.305742114782,-0.363095641136,18.129295000000
1118,1413393941.905760526657,2,3.249407052994,-0.808133602142,-3.333949089050,0.673166453838,0.554463505745,-0.313280940056,-0.375861972570,17.397287000000
1119,1413393941.955760478973,2,3.227787017822,-0.764237165451,-3.328564167023,-0.664890050888,-0.545187652111,0.324776679277,0.393969148397,18.391237000000
1120,1413393942.005760431290,2,3.202856063843,-0.719526052475,-3.323191642761,-0.653081178665,-0.532714664936,0.340818047523,0.416585177183,17.817879000000
1121,1413393942.055760383606,2,3.173646688461,-0.674801349640,-3.315322160721,-0.637757480145,-0.517407357693,0.359575092793,0.443013429642,17.986819000000
1122,1413393942.105760574341,2,3.144117832184,-0.628414392471,-3.307854890823,-0.621488153934,-0.501905977726,0.377114146948,0.468644648790,17.364050000000
1123,1413393942.155760288239,2,3.116357326508,-0.584625720978,-3.299564123154,-0.606071889400,-0.487596690655,0.392033606768,0.491157799959,19.234198000000
1124,1413393942.205760478973,2,3.092821121216,-0.542237043381,-3.292522907257,-0.592142164707,-0.475382983685,0.404015481472,0.510049164295,17.738686000000
1125,1413393942.255760431290,2,3.073161840439,-0.501161336899,-3.284832000732,-0.582118690014,-0.467704355717,0.410209238529,0.523563683033,19.879301000000
1126,1413393942.305760622025,2,3.059060335159,-0.461996197701,-3.276637315750,-0.575515866280,-0.461824446917,0.414861321449,0.532343626022,21.975512000000
1127,1413393942.355760335922,2,3.051262855530,-0.424888849258,-3.268434286118,-0.572756290436,-0.459789276123,0.415703922510,0.536408841610,23.063102000000
1128,1413393942.405760526657,2,3.054920434952,-0.387365102768,-3.265162944794,-0.574474871159,-0.462204664946,0.412425816059,0.535023868084,21.118826000000
1129,1413393942.455760478973,2,3.060440778732,-0.354683637619,-3.258261203766,-0.581587016582,-0.468556076288,0.404405534267,0.527890145779,21.711001000000
1130,1413393942.505760431290,2,3.071449279785,-0.324378490448,-3.251373291016,-0.590999245644,-0.477664619684,0.393925577402,0.517087101936,20.567800000000
1131,1413393942.555760383606,2,3.091377973557,-0.296310186386,-3.249963998795,-0.603513956070,-0.489251911640,0.380214005709,0.501837432384,19.692484000000
1132,1413393942.605760574341,2,3.110090494156,-0.269515037537,-3.245819091797,-0.619001507759,-0.502035915852,0.363886147738,0.482062309980,19.798914000000
1133,1413393942.655760288239,2,3.133865118027,-0.243836164474,-3.241710901260,-0.634116768837,-0.513742864132,0.348259478807,0.461172014475,22.825257000000
1134,1413393942.705760478973,2,3.154275417328,-0.219375848770,-3.240011453629,-0.646669209003,-0.524816691875,0.332824438810,0.442283183336,19.806838000000
1135,1413393942.755760431290,2,3.172158241272,-0.195511341095,-3.238970518112,-0.657313108444,-0.533401668072,0.320329308510,0.425219208002,22.188036000000
1136,1413393942.805760622025,2,3.186579465866,-0.171706914902,-3.240314960480,-0.664945185184,-0.541306495667,0.309057384729,0.411483645439,20.642802000000
1137,1413393942.855760335922,2,3.194173336029,-0.147716760635,-3.246644735336,0.670294404030,0.546729564667,-0.301225095987,-0.401317477226,18.223214000000
1138,1413393942.905760526657,2,3.199983835220,-0.123811721802,-3.252680301666,0.674179136753,0.551321685314,-0.294835150242,-0.393190920353,20.877059000000
1139,1413393942.955760478973,2,3.206227064133,-0.101358413696,-3.267550468445,0.676848471165,0.553743839264,-0.291806101799,-0.387418657541,20.116573000000
1140,1413393943.005760431290,2,3.201098918915,-0.076635837555,-3.276953935623,0.675468027592,0.553978800774,-0.292837649584,-0.388711601496,17.557404000000
1141,1413393943.055760383606,2,3.188747882843,-0.051454305649,-3.285140991211,0.667715609074,0.548950970173,-0.303558558226,-0.400825411081,18.024199000000
1142,1413393943.105760574341,2,3.170695304871,-0.025992870331,-3.291745424271,-0.655590236187,-0.541132211685,0.318247556686,0.419637888670,18.626167000000
1143,1413393943.155760288239,2,3.148751735687,-0.000944137573,-3.296337604523,-0.640755772591,-0.529251813889,0.337750196457,0.441870301962,22.264397000000
1144,1413393943.205760478973,2,3.119388103485,0.024291992188,-3.303155422211,-0.624520838261,-0.517118871212,0.356601029634,0.464109331369,17.897245000000
1145,1413393943.255760431290,2,3.095988512039,0.047814130783,-3.306539058685,-0.608142852783,-0.504628479481,0.373490214348,0.485816299915,20.269646000000
1146,1413393943.305760622025,2,3.074689149857,0.069734811783,-3.309858798981,-0.595371603966,-0.492439091206,0.388885796070,0.501801073551,18.135690000000
1147,1413393943.355760335922,2,3.056950569153,0.089854001999,-3.312352895737,-0.582751452923,-0.481733918190,0.402816325426,0.515821754932,18.717139000000
1148,1413393943.405760526657,2,3.044168233871,0.108215570450,-3.315057516098,-0.574309110641,-0.473065376282,0.412739247084,0.525380432606,19.661874000000
1149,1413393943.455760478973,2,3.029283285141,0.121156692505,-3.314152717590,-0.569145739079,-0.467739731073,0.418224483728,0.531395316124,19.157034000000
1150,1413393943.505760431290,2,3.026466131210,0.135899543762,-3.318247318268,-0.571301460266,-0.469926238060,0.415301710367,0.529441773891,17.992847000000
1151,1413393943.555760383606,2,3.030447006226,0.148903608322,-3.324973106384,-0.581615507603,-0.478803247213,0.403472959995,0.519307553768,21.753467000000
1152,1413393943.605760574341,2,3.038934469223,0.159868001938,-3.332902908325,-0.593006432056,-0.489289104939,0.389674931765,0.507043361664,22.810348000000
1153,1413393943.655760288239,2,3.051722526550,0.169330596924,-3.340781688690,-0.608360886574,-0.502351045609,0.372208893299,0.488877326250,18.784852000000
1154,1413393943.705760478973,2,3.066096544266,0.177467584610,-3.347765922546,-0.623577237129,-0.514587879181,0.354252427816,0.469953268766,19.031801000000
1155,1413393943.755760431290,2,3.078993320465,0.181648015976,-3.350338935852,-0.638625085354,-0.524779081345,0.337850660086,0.450135439634,19.615280000000
1156,1413393943.805760622025,2,3.091756582260,0.187677383423,-3.354914903641,-0.651314377785,-0.533635437489,0.322382599115,0.432541638613,18.801663000000
1157,1413393943.855760335922,2,3.101095914841,0.193912029266,-3.357646703720,-0.661430180073,-0.538116574287,0.309777170420,0.420688629150,19.873704000000
1158,1413393943.905760526657,2,3.107477188110,0.202485561371,-3.354053497314,-0.670163273811,-0.538934350014,0.299880772829,0.412919521332,25.929566000000
1159,1413393943.955760478973,2,3.105437040329,0.210135459900,-3.352063179016,0.675147473812,0.536856353283,-0.292925506830,-0.412499636412,18.685524000000
1160,1413393944.005760431290,2,3.096811294556,0.218393325806,-3.346127033234,-0.677331805229,-0.527882397175,0.294400066137,0.419393002987,20.784057000000
1161,1413393944.055760383606,2,3.083878040314,0.228672742844,-3.340406179428,-0.677080869675,-0.515130579472,0.300094664097,0.431445449591,19.470204000000
1162,1413393944.105760574341,2,3.066229820251,0.237726688385,-3.331935882568,-0.676400780678,-0.498280405998,0.310365706682,0.444827973843,18.661894000000
1163,1413393944.155760288239,2,3.046088457108,0.247177362442,-3.321864366531,-0.675503313541,-0.477496564388,0.324371516705,0.458775997162,20.373920000000
1164,1413393944.205760478973,2,3.024880886078,0.257118463516,-3.311625242233,-0.673582971096,-0.455140769482,0.338926911354,0.473562598228,21.993180000000
1165,1413393944.255760431290,2,3.004577875137,0.268422603607,-3.300061702728,-0.668810427189,-0.434009939432,0.350978225470,0.491062372923,21.051401000000
1166,1413393944.305760622025,2,2.986533641815,0.280547380447,-3.288358926773,-0.663615703583,-0.413706034422,0.360902518034,0.508144557476,20.386983000000
1167,1413393944.355760335922,2,2.971710205078,0.293479442596,-3.277546644211,-0.658514022827,-0.396073490381,0.366559565067,0.524518132210,22.657706000000
1168,1413393944.405760526657,2,2.963122844696,0.304313898087,-3.261506319046,-0.654660046101,-0.382910043001,0.367037624121,0.538594126701,18.446389000000
1169,1413393944.455760478973,2,2.957331657410,0.316341876984,-3.251890420914,-0.653991222382,-0.372469544411,0.366236239672,0.547204613686,18.483965000000
1170,1413393944.505760431290,2,2.956882476807,0.327612161636,-3.244200229645,-0.656061172485,-0.369958937168,0.356817185879,0.552626192570,20.837665000000
1171,1413393944.555760383606,2,2.961884498596,0.337663888931,-3.238324642181,-0.663432598114,-0.374603986740,0.340748906136,0.550835072994,21.605125000000
1172,1413393944.605760574341,2,2.971260070801,0.346649885178,-3.233947753906,-0.674397170544,-0.382689386606,0.320887178183,0.543846189976,18.701459000000
1173,1413393944.655760288239,2,2.983759164810,0.354043006897,-3.229894638062,-0.688510060310,-0.391359388828,0.301904052496,0.530703067780,20.039024000000
1174,1413393944.705760478973,2,2.999080181122,0.358217000961,-3.224714040756,-0.703706622124,-0.400205314159,0.283498495817,0.514063537121,20.572615000000
1175,1413393944.755760431290,2,3.013404846191,0.363418102264,-3.219611883163,-0.717415153980,-0.407780021429,0.267146766186,0.497658133507,17.547993000000
1176,1413393944.805760622025,2,3.026314735413,0.368461847305,-3.213082551956,-0.729597151279,-0.413719803095,0.254145234823,0.481595396996,20.482345000000
1177,1413393944.855760335922,2,3.036658763885,0.374280691147,-3.205216169357,-0.739201724529,-0.418087482452,0.243615180254,0.468439340591,19.405177000000
1178,1413393944.905760526657,2,3.044259071350,0.377588033676,-3.194613218307,0.746719181538,0.420953691006,-0.235332950950,-0.458068728447,18.383258000000
1179,1413393944.955760478973,2,3.046580314636,0.386481285095,-3.183460712433,0.752843558788,0.421165049076,-0.230809465051,-0.450081884861,17.860108000000
1180,1413393945.005760431290,2,3.043677806854,0.398161649704,-3.170145750046,0.754992187023,0.418554842472,-0.229307204485,-0.449685364962,18.331171000000
1181,1413393945.055760383606,2,3.032232046127,0.413673400879,-3.155943393707,0.750427067280,0.412019789219,-0.232611805201,-0.461509108543,18.103371000000
1182,1413393945.105760574341,2,3.019620895386,0.430898427963,-3.139546394348,-0.740653038025,-0.402040123940,0.239453688264,0.482139736414,17.920364000000
1183,1413393945.155760288239,2,3.004723072052,0.449403047562,-3.124084234238,-0.728086471558,-0.388828009367,0.247845798731,0.507223308086,20.539959000000
1184,1413393945.205760478973,2,2.990146398544,0.464784622192,-3.112196207047,-0.713360726833,-0.373373776674,0.256271481514,0.534820973873,18.432221000000
1185,1413393945.255760431290,2,2.975219726562,0.482223272324,-3.102036476135,-0.698868334293,-0.356673181057,0.263517320156,0.561182618141,14.618105000000
1186,1413393945.305760622025,2,2.962456226349,0.497552156448,-3.095848798752,-0.687124073505,-0.340560257435,0.268386572599,0.582964837551,16.945323000000
1187,1413393945.355760335922,2,2.954173088074,0.510143995285,-3.094288587570,-0.680424571037,-0.326789319515,0.268301546574,0.598536193371,14.776904000000
1188,1413393945.405760526657,2,2.948060512543,0.519967079163,-3.097275733948,-0.680065691471,-0.314824521542,0.264766663313,0.606873035431,18.260862000000
1189,1413393945.455760478973,2,2.945580959320,0.527172088623,-3.104304313660,-0.684947311878,-0.304806530476,0.258952409029,0.609002351761,16.662100000000
1190,1413393945.505760431290,2,2.946298122406,0.530300378799,-3.115671396255,-0.696829915047,-0.295771300793,0.251610368490,0.603025436401,14.513472000000
1191,1413393945.555760383606,2,2.950455665588,0.530456066132,-3.129814624786,-0.712045073509,-0.288788229227,0.241185918450,0.592809021473,14.816219000000
1192,1413393945.605760574341,2,2.957351207733,0.528332471848,-3.144294023514,-0.727038979530,-0.283470571041,0.228339105844,0.582168459892,14.207161000000
1193,1413393945.655760288239,2,2.966893196106,0.524084091187,-3.158694028854,-0.741277277470,-0.278684973717,0.213740900159,0.571976900101,15.718996000000
1194,1413393945.705760478973,2,2.977847814560,0.518510580063,-3.172688007355,-0.755570232868,-0.274383246899,0.198156893253,0.560857772827,17.955676000000
1195,1413393945.755760431290,2,2.989442348480,0.512481689453,-3.185878276825,-0.769973278046,-0.269624710083,0.182034522295,0.548914492130,17.332417000000
1196,1413393945.805760622025,2,2.990730285645,0.511970043182,-3.199567794800,0.784157156944,0.264505922794,-0.165814265609,-0.536320686340,15.811463000000
1197,1413393945.855760335922,2,3.000095129013,0.506764411926,-3.211930274963,0.797109425068,0.257939696312,-0.150864094496,-0.524713039398,16.186896000000
1198,1413393945.905760526657,2,3.007367134094,0.503577947617,-3.222714900970,0.806482851505,0.251214742661,-0.136728376150,-0.517476618290,16.774366000000
1199,1413393945.955760478973,2,3.011455535889,0.503240823746,-3.229919910431,0.809016883373,0.240365415812,-0.129297316074,-0.520575046539,15.941038000000
1200,1413393946.005760431290,2,3.012852191925,0.506105899811,-3.234197616577,0.804944574833,0.228627696633,-0.123103864491,-0.533515930176,17.113261000000
1201,1413393946.055760383606,2,3.010637044907,0.512670516968,-3.228264093399,0.796662688255,0.215428665280,-0.119736127555,-0.551889836788,14.834446000000
1202,1413393946.105760574341,2,3.008334159851,0.518603324890,-3.229119300842,0.785514175892,0.201476126909,-0.116837158799,-0.573344647884,17.062295000000
1203,1413393946.155760288239,2,3.004864215851,0.522994041443,-3.226478576660,-0.772799551487,-0.186700284481,0.114349320531,0.595691382885,15.904860000000
1204,1413393946.205760478973,2,3.001703262329,0.526678800583,-3.226076602936,-0.760293364525,-0.171496883035,0.111164033413,0.616591811180,17.084264000000
1205,1413393946.255760431290,2,2.999808549881,0.527158975601,-3.223605394363,-0.751971423626,-0.156879484653,0.106550544500,0.631327867508,17.540502000000
1206,1413393946.305760622025,2,2.998259782791,0.524109840393,-3.226244449615,-0.749988138676,-0.143577754498,0.099016495049,0.638043165207,16.064618000000
1207,1413393946.355760335922,2,2.997274398804,0.516818284988,-3.229189395905,-0.753547549248,-0.127787828445,0.095025002956,0.637813925743,16.487277000000
1208,1413393946.405760526657,2,2.997356414795,0.505378723145,-3.233963966370,-0.763252794743,-0.112156070769,0.089410945773,0.629977703094,15.856822000000
1209,1413393946.455760478973,2,2.998312473297,0.491122484207,-3.238747119904,-0.774666190147,-0.095699749887,0.084593884647,0.619336485863,15.478459000000
1210,1413393946.505760431290,2,3.000817298889,0.475090265274,-3.243634700775,0.786818861961,0.080217026174,-0.076088443398,-0.607200086117,15.799236000000
1211,1413393946.555760383606,2,3.004735231400,0.457511663437,-3.248545885086,0.800485551357,0.065464049578,-0.065364792943,-0.592169582844,17.583284000000
1212,1413393946.605760574341,2,3.008610963821,0.452309370041,-3.255545616150,0.814595758915,0.052972823381,-0.051597412676,-0.575295984745,15.976311000000
1213,1413393946.655760288239,2,3.014432907104,0.435938119888,-3.260851860046,0.828473389149,0.040259718895,-0.035162176937,-0.557471752167,16.987532000000
1214,1413393946.705760478973,2,3.021231412888,0.425170660019,-3.267457008362,0.840426743031,0.028335345909,-0.016591416672,-0.540929615498,15.795074000000
1215,1413393946.755760431290,2,3.027911901474,0.414261817932,-3.270322322845,0.849062144756,0.016405686736,0.002664628206,-0.528031587601,17.852516000000
1216,1413393946.805760622025,2,3.034098386765,0.407799720764,-3.270207643509,0.852919042110,0.002740604104,0.019817370921,-0.521659791470,18.302923000000
1217,1413393946.855760335922,2,3.044501304626,0.405725002289,-3.272516965866,0.852631151676,-0.011317864992,0.034806251526,-0.521229922771,15.961715000000
1218,1413393946.905760526657,2,3.048892974854,0.408153533936,-3.267558097839,0.846693217754,-0.025005070493,0.048555310816,-0.529270946980,18.692808000000
1219,1413393946.955760478973,2,3.051153421402,0.409710407257,-3.263327121735,0.834694206715,-0.038791257888,0.060834866017,-0.545967042446,17.728668000000
1220,1413393947.005760431290,2,3.053195476532,0.418614387512,-3.255358457565,0.817454159260,-0.052176740021,0.072072207928,-0.569079816341,16.019822000000
1221,1413393947.055760383606,2,3.057634353638,0.422639369965,-3.253443717957,0.799311995506,-0.065416410565,0.083024099469,-0.591547191143,15.377535000000
1222,1413393947.105760574341,2,3.058293104172,0.430957317352,-3.251451492310,0.782954514027,-0.078417614102,0.093947432935,-0.609923660755,14.987867000000
1223,1413393947.155760288239,2,3.057797670364,0.437633037567,-3.253732919693,0.770855665207,-0.092424452305,0.104391232133,-0.621564030647,18.082768000000
1224,1413393947.205760478973,2,3.058598518372,0.439618587494,-3.263355731964,0.764226973057,-0.106836341321,0.114174820483,-0.625705480576,15.446946000000
1225,1413393947.255760431290,2,3.054998636246,0.439893245697,-3.274177789688,0.760153710842,-0.121336907148,0.124014541507,-0.626150190830,17.055155000000
1226,1413393947.305760622025,2,3.049884796143,0.437398910522,-3.288306951523,0.757786333561,-0.136483922601,0.133616164327,-0.623922169209,17.383799000000
1227,1413393947.355760335922,2,3.043306112289,0.432190895081,-3.304861783981,0.755130708218,-0.152245596051,0.142843574286,-0.621445655823,17.465515000000
1228,1413393947.405760526657,2,3.034595012665,0.416790962219,-3.325315713882,0.753447949886,-0.169862315059,0.149356797338,-0.617378056049,18.139084000000
1229,1413393947.455760478973,2,3.024467229843,0.406345367432,-3.347191810608,0.753784894943,-0.192375227809,0.149275615811,-0.610341727734,17.853929000000
1230,1413393947.505760431290,2,3.013609886169,0.393559455872,-3.370336294174,0.754655718803,-0.216408476233,0.147254765034,-0.601646184921,16.766095000000
1231,1413393947.555760383606,2,3.002800464630,0.378388881683,-3.393112897873,0.754492342472,-0.240087822080,0.145126670599,-0.593327343464,17.205098000000
1232,1413393947.605760574341,2,2.992892980576,0.361239910126,-3.414947509766,0.753930687904,-0.263829171658,0.143395751715,-0.584311962128,17.858921000000
1233,1413393947.655760288239,2,2.982764244080,0.330097675323,-3.437674045563,0.754665732384,-0.287080883980,0.142235428095,-0.572567403316,17.460669000000
1234,1413393947.705760478973,2,2.976770877838,0.307759284973,-3.459581136703,0.758395552635,-0.306797802448,0.144751787186,-0.556559324265,17.290954000000
1235,1413393947.755760431290,2,2.974503040314,0.283220767975,-3.481123924255,0.762977898121,-0.322235554457,0.154289603233,-0.538724184036,19.382542000000
1236,1413393947.805760622025,2,2.974838733673,0.252800464630,-3.504403591156,0.767299532890,-0.332553893328,0.169376105070,-0.521508574486,18.161453000000
1237,1413393947.855760335922,2,2.979664087296,0.227194786072,-3.522355794907,0.769450068474,-0.339276552200,0.188982903957,-0.507073581219,19.015315000000
1238,1413393947.905760526657,2,2.989942789078,0.201107501984,-3.538751125336,0.768461287022,-0.345291852951,0.208478942513,-0.496766865253,17.703083000000
1239,1413393947.955760478973,2,3.000698328018,0.178439617157,-3.551480531693,0.764266788960,-0.349423110485,0.228389903903,-0.491566747427,18.865315000000
1240,1413393948.005760431290,2,3.014021158218,0.158002853394,-3.562007904053,0.757336497307,-0.346764534712,0.254785507917,-0.491202831268,21.377010000000
1241,1413393948.055760383606,2,3.030547618866,0.143527507782,-3.570425033569,0.749422073364,-0.343191504478,0.279485791922,-0.492416471243,26.302846000000
1242,1413393948.105760574341,2,3.044000625610,0.129071712494,-3.578449249268,0.741440951824,-0.341348260641,0.300034493208,-0.493686228991,18.015968000000
1243,1413393948.155760288239,2,3.055740356445,0.117553234100,-3.585008144379,0.732357144356,-0.343318074942,0.314358770847,-0.496955007315,19.236280000000
1244,1413393948.205760478973,2,3.065432071686,0.108917236328,-3.590066432953,0.721827268600,-0.347297340631,0.324514269829,-0.503031313419,19.152182000000
1245,1413393948.255760431290,2,3.072677850723,0.102715015411,-3.594054460526,0.710480570793,-0.352287471294,0.331840395927,-0.510874748230,23.727016000000
1246,1413393948.305760622025,2,3.078862905502,0.099621772766,-3.597623825073,0.698123455048,-0.359156876802,0.335498362780,-0.520644664764,21.857768000000
1247,1413393948.355760335922,2,3.080120801926,0.095684528351,-3.599699258804,0.684850633144,-0.365088224411,0.339573591948,-0.531394481659,18.895184000000
1248,1413393948.405760526657,2,3.078113317490,0.091591358185,-3.601327896118,0.672214806080,-0.370022475719,0.344902038574,-0.540604591370,20.652397000000
1249,1413393948.455760478973,2,3.072376728058,0.087021350861,-3.602981090546,0.662170708179,-0.375818967819,0.348596483469,-0.546599149704,20.887951000000
1250,1413393948.505760431290,2,3.062939882278,0.081516742706,-3.604830026627,0.655247151852,-0.382813245058,0.351236134768,-0.548396170139,21.018096000000
1251,1413393948.555760383606,2,3.049462318420,0.074827194214,-3.607218742371,0.653595924377,-0.393233984709,0.349141120911,-0.544316112995,18.094056000000
1252,1413393948.605760574341,2,3.033080816269,0.066832542419,-3.611403465271,0.658015787601,-0.404769867659,0.346170306206,-0.532299518585,19.541000000000
1253,1413393948.655760288239,2,3.014934301376,0.057951450348,-3.616522312164,0.666417419910,-0.418181866407,0.341642677784,-0.514093399048,18.677136000000
1254,1413393948.705760478973,2,2.995040655136,0.048338413239,-3.621270895004,0.674963176250,-0.431317269802,0.337099134922,-0.494726538658,19.619237000000
1255,1413393948.755760431290,2,2.973458290100,0.038770198822,-3.626038551331,0.682412624359,-0.444409549236,0.333174794912,-0.475192308426,21.702977000000
1256,1413393948.805760622025,2,2.955619812012,0.030445575714,-3.627862691879,0.687878251076,-0.458027601242,0.328744024038,-0.457123190165,21.156081000000
1257,1413393948.855760335922,2,2.936122894287,0.022884368896,-3.630555868149,0.690172016621,-0.472019791603,0.324307918549,-0.442362129688,20.922167000000
1258,1413393948.905760526657,2,2.919872760773,0.016839504242,-3.630197286606,0.688705146313,-0.484693974257,0.322711229324,-0.431988954544,21.293462000000
1259,1413393948.955760478973,2,2.905965566635,0.011791706085,-3.628495931625,0.683654129505,-0.495900392532,0.324247270823,-0.426102757454,20.661028000000
1260,1413393949.005760431290,2,2.895391464233,0.007583618164,-3.625069141388,0.673449337482,-0.503643393517,0.332414984703,-0.426977455616,19.949551000000
1261,1413393949.055760383606,2,2.887271881104,0.003845691681,-3.620664119720,0.662202775478,-0.507650852203,0.345701158047,-0.429265588522,20.829610000000
1262,1413393949.105760574341,2,2.882499694824,0.001048564911,-3.614289999008,0.648745715618,-0.510692536831,0.360819786787,-0.433740973473,20.111740000000
1263,1413393949.155760288239,2,2.878647089005,-0.001581668854,-3.606477737427,0.635100841522,-0.512203633785,0.377171248198,-0.438219487667,19.707163000000
1264,1413393949.205760478973,2,2.873823165894,-0.003867149353,-3.598021984100,0.620642423630,-0.513594567776,0.392930090427,-0.443429440260,20.215713000000
1265,1413393949.255760431290,2,2.868676900864,-0.005383491516,-3.589830160141,0.606743335724,-0.515544056892,0.406908959150,-0.447774559259,22.771185000000
1266,1413393949.305760622025,2,2.863021850586,-0.006133556366,-3.580434322357,0.592491805553,-0.515865683556,0.422121107578,-0.452382594347,28.204636000000
1267,1413393949.355760335922,2,2.849785089493,-0.011909008026,-3.573340415955,0.578682005405,-0.517236232758,0.434718281031,-0.456742674112,22.535142000000
1268,1413393949.405760526657,2,2.838374853134,-0.012366771698,-3.563910484314,0.564437448978,-0.518750071526,0.446712940931,-0.461255222559,20.739850000000
1269,1413393949.455760478973,2,2.823455810547,-0.012176513672,-3.554600954056,0.550649940968,-0.521943032742,0.455308645964,-0.465890824795,20.310564000000
1270,1413393949.505760431290,2,2.804117202759,-0.011562824249,-3.546511650085,0.539620459080,-0.529747426510,0.456441253424,-0.468869745731,20.911540000000
1271,1413393949.555760383606,2,2.780287742615,-0.010748386383,-3.540642499924,0.534451723099,-0.543593525887,0.448016643524,-0.467063724995,19.494904000000
1272,1413393949.605760574341,2,2.752869129181,-0.010115623474,-3.535865783691,0.532230973244,-0.558653473854,0.436062008142,-0.463126838207,22.319792000000
1273,1413393949.655760288239,2,2.722635507584,-0.010851860046,-3.531854152679,0.531602680683,-0.572735071182,0.422836214304,-0.458892881870,21.114911000000
1274,1413393949.705760478973,2,2.690225124359,-0.013528347015,-3.527711391449,0.529788315296,-0.586998760700,0.408226817846,-0.456188350916,21.882003000000
1275,1413393949.755760431290,2,2.656896114349,-0.018869876862,-3.522634267807,0.525690078735,-0.600820004940,0.394787043333,-0.454762130976,23.117221000000
1276,1413393949.805760622025,2,2.623967170715,-0.027192592621,-3.516602039337,0.519641518593,-0.614111721516,0.382372796535,-0.454566448927,25.230959000000
1277,1413393949.855760335922,2,2.595314264297,-0.037602663040,-3.510715484619,0.510619699955,-0.627609550953,0.370735019445,-0.455992609262,20.498383000000
1278,1413393949.905760526657,2,2.560476303101,-0.056449413300,-3.504132986069,0.502868711948,-0.639378726482,0.360069245100,-0.456802040339,20.272966000000
1279,1413393949.955760478973,2,2.526023864746,-0.081051111221,-3.496661901474,0.496302843094,-0.648843765259,0.351153910160,-0.457576453686,21.597738000000
1280,1413393950.005760431290,2,2.493760585785,-0.112711191177,-3.488337039948,0.493322134018,-0.655326545238,0.346901923418,-0.454796224833,21.754973000000
1281,1413393950.055760383606,2,2.463575363159,-0.151640892029,-3.480131387711,0.498660862446,-0.656073451042,0.351197451353,-0.444483280182,22.187854000000
1282,1413393950.105760574341,2,2.438078403473,-0.196938276291,-3.470704078674,0.511404514313,-0.651006281376,0.363870769739,-0.426912665367,22.508135000000
1283,1413393950.155760288239,2,2.408605337143,-0.247347116470,-3.463135957718,0.526254236698,-0.646500885487,0.373974353075,-0.406492561102,21.515107000000
1284,1413393950.205760478973,2,2.381059169769,-0.301337718964,-3.454690217972,0.541210174561,-0.640659749508,0.384082853794,-0.386169701815,21.411364000000
1285,1413393950.255760431290,2,2.355756044388,-0.357366800308,-3.445757627487,0.555345356464,-0.634551763535,0.393022626638,-0.366700023413,21.717453000000
1286,1413393950.305760622025,2,2.333742380142,-0.414026260376,-3.435871124268,0.565343856812,-0.630422294140,0.399154573679,-0.351610153913,22.495016000000
1287,1413393950.355760335922,2,2.318887233734,-0.466623544693,-3.429537773132,0.570158064365,-0.630191147327,0.400315105915,-0.342821925879,25.117359000000
1288,1413393950.405760526657,2,2.303641796112,-0.521433353424,-3.421596765518,0.571964681149,-0.631299614906,0.399656385183,-0.338514477015,21.461895000000
1289,1413393950.455760478973,2,2.291907787323,-0.575375080109,-3.414715290070,0.571608364582,-0.632212519646,0.399717181921,-0.337338805199,23.531829000000
1290,1413393950.505760431290,2,2.284120082855,-0.628478765488,-3.409519672394,0.568036735058,-0.632416605949,0.401607990265,-0.340726673603,23.181089000000
1291,1413393950.555760383606,2,2.280570507050,-0.681283473969,-3.406429529190,0.563126564026,-0.631245970726,0.405759483576,-0.346087187529,22.612766000000
1292,1413393950.605760574341,2,2.280594348907,-0.733634948730,-3.405247449875,0.557549774647,-0.628038585186,0.412470579147,-0.352950096130,21.559731000000
1293,1413393950.655760288239,2,2.284549236298,-0.786171197891,-3.408215761185,0.550899088383,-0.623974263668,0.420519262552,-0.361012309790,20.926434000000
1294,1413393950.705760478973,2,2.289308547974,-0.837805986404,-3.411284208298,0.544952988625,-0.619527339935,0.428567916155,-0.368160009384,21.419619000000
1295,1413393950.755760431290,2,2.295049667358,-0.888903856277,-3.417408227921,0.541198313236,-0.615662872791,0.435167789459,-0.372414737940,21.992187000000
1296,1413393950.805760622025,2,2.301931142807,-0.939394235611,-3.427890777588,0.538190722466,-0.612676203251,0.440994650126,-0.374836415052,28.751690000000
1297,1413393950.855760335922,2,2.308326721191,-0.988940954208,-3.440636157990,0.536314487457,-0.610335171223,0.445197850466,-0.376373112202,21.962833000000
1298,1413393950.905760526657,2,2.314969778061,-1.037960290909,-3.456784009933,0.536963105202,-0.607985675335,0.449393361807,-0.374258995056,21.320115000000
1299,1413393950.955760478973,2,2.321739912033,-1.086159706116,-3.475046396255,0.540028750896,-0.604524552822,0.455329537392,-0.368231058121,22.040869000000
1300,1413393951.005760431290,2,2.328735589981,-1.132698774338,-3.493939638138,0.544622480869,-0.601449131966,0.459935814142,-0.360699951649,22.925341000000
1301,1413393951.055760383606,2,2.338472843170,-1.176296234131,-3.512766599655,0.548178017139,-0.599823474884,0.462647616863,-0.354499340057,20.365868000000
1302,1413393951.105760574341,2,2.346506595612,-1.217703580856,-3.529278993607,0.548520505428,-0.601613879204,0.461132913828,-0.352905899286,21.305802000000
1303,1413393951.155760288239,2,2.355651378632,-1.256711244583,-3.543762683868,0.546295821667,-0.603599369526,0.459134131670,-0.355562388897,21.425203000000
1304,1413393951.205760478973,2,2.365805864334,-1.293593883514,-3.557116270065,0.543364465237,-0.605763554573,0.457335293293,-0.358678221703,22.055011000000
1305,1413393951.255760431290,2,2.379938602448,-1.331132173538,-3.571963787079,0.540242969990,-0.607621252537,0.455949634314,-0.361999809742,21.409550000000
1306,1413393951.305760622025,2,2.391323089600,-1.364786624908,-3.583186864853,0.537706077099,-0.609606146812,0.454976379871,-0.363660842180,21.127707000000
1307,1413393951.355760335922,2,2.403011798859,-1.397161960602,-3.593274354935,0.535921752453,-0.611800312996,0.453901737928,-0.363952636719,21.142862000000
1308,1413393951.405760526657,2,2.414918661118,-1.428386926651,-3.602410793304,0.535363137722,-0.614516794682,0.452304303646,-0.362182676792,22.248180000000
1309,1413393951.455760478973,2,2.427125692368,-1.458443880081,-3.611432790756,0.536422550678,-0.617634534836,0.450027853251,-0.358124881983,20.095022000000
1310,1413393951.505760431290,2,2.439982891083,-1.487362146378,-3.621554851532,0.538021922112,-0.620656371117,0.447369128466,-0.353806436062,19.635040000000
1311,1413393951.555760383606,2,2.454177379608,-1.515287399292,-3.633385658264,0.539380073547,-0.623126447201,0.445523113012,-0.349702328444,21.501590000000
1312,1413393951.605760574341,2,2.470041751862,-1.542223453522,-3.647051572800,0.540212392807,-0.624580919743,0.445094466209,-0.346352905035,20.877001000000
1313,1413393951.655760288239,2,2.487197637558,-1.568153381348,-3.662144422531,0.539547026157,-0.624861180782,0.446621388197,-0.344915896654,22.501343000000
1314,1413393951.705760478973,2,2.505180597305,-1.595491886139,-3.677742958069,0.538706004620,-0.623703181744,0.449646890163,-0.344394892454,20.612613000000
1315,1413393951.755760431290,2,2.524040699005,-1.618851661682,-3.696981906891,0.537550628185,-0.622259676456,0.453626364470,-0.343591988087,20.448922000000
1316,1413393951.805760622025,2,2.544508457184,-1.640592098236,-3.716266632080,0.534781098366,-0.621691823006,0.456756234169,-0.344792991877,22.261996000000
1317,1413393951.855760335922,2,2.566550970078,-1.660721778870,-3.734308958054,0.531201601028,-0.621606588364,0.459448218346,-0.346896946430,19.696971000000
1318,1413393951.905760526657,2,2.589477300644,-1.679469108582,-3.751913070679,0.528084218502,-0.622096002102,0.461498409510,-0.348055869341,20.191506000000
1319,1413393951.955760478973,2,2.613526582718,-1.696666955948,-3.768388271332,0.525189816952,-0.623227238655,0.462709188461,-0.348803430796,20.408961000000
1320,1413393952.005760431290,2,2.638430595398,-1.712452173233,-3.783674001694,0.522495329380,-0.623985230923,0.464386224747,-0.349265784025,21.229502000000
1321,1413393952.055760383606,2,2.663704633713,-1.726856231689,-3.797673702240,0.520007312298,-0.624804198742,0.466065078974,-0.349278420210,19.882721000000
1322,1413393952.105760574341,2,2.689460754395,-1.739710092545,-3.808473110199,0.516864836216,-0.626044571400,0.466716766357,-0.350848168135,21.591803000000
1323,1413393952.155760288239,2,2.715256929398,-1.751689195633,-3.816458702087,0.514902353287,-0.626515328884,0.468564867973,-0.350429743528,21.391449000000
1324,1413393952.205760478973,2,2.738896608353,-1.760123252869,-3.817523956299,0.511955440044,-0.628843665123,0.468136757612,-0.351148664951,18.520477000000
1325,1413393952.255760431290,2,2.764983654022,-1.769346237183,-3.819125652313,0.508950173855,-0.630465865135,0.468101084232,-0.352652698755,20.517427000000
1326,1413393952.305760622025,2,2.790667057037,-1.777480602264,-3.817700624466,0.507317483425,-0.631515979767,0.467571377754,-0.353827148676,20.324088000000
1327,1413393952.355760335922,2,2.815728425980,-1.784240245819,-3.813580513000,0.507225334644,-0.630956768990,0.466557681561,-0.356286495924,19.121565000000
1328,1413393952.405760526657,2,2.840960502625,-1.790703773499,-3.808244705200,0.509357571602,-0.628697693348,0.465446710587,-0.358682930470,20.628882000000
1329,1413393952.455760478973,2,2.866385459900,-1.796210289001,-3.803178787231,0.513464093208,-0.624374330044,0.465208232403,-0.360683500767,21.114128000000
1330,1413393952.505760431290,2,2.891595125198,-1.800881147385,-3.798400640488,0.519249916077,-0.619662761688,0.463266909122,-0.363017082214,24.302637000000
1331,1413393952.555760383606,2,2.918477296829,-1.809689283371,-3.790732860565,0.526519179344,-0.614470481873,0.460026144981,-0.365485519171,18.662564000000
1332,1413393952.605760574341,2,2.943070411682,-1.812820672989,-3.786140441895,0.533761322498,-0.607945024967,0.457976102829,-0.368455648422,20.000181000000
1333,1413393952.655760288239,2,2.967805385590,-1.814886331558,-3.781269788742,0.541408836842,-0.601610422134,0.454232513905,-0.372309416533,19.236164000000
1334,1413393952.705760478973,2,2.992267847061,-1.815747976303,-3.776190519333,0.548998117447,-0.594798922539,0.450444370508,-0.376716434956,18.595036000000
1335,1413393952.755760431290,2,3.016684532166,-1.815220594406,-3.770667552948,0.556222677231,-0.588676393032,0.445271730423,-0.381850212812,21.155892000000
1336,1413393952.805760622025,2,3.040804386139,-1.814144611359,-3.765593290329,0.562583684921,-0.583098530769,0.440588504076,-0.386493772268,19.935436000000
1337,1413393952.855760335922,2,3.064234495163,-1.811630964279,-3.752477407455,0.568134665489,-0.579330742359,0.435098558664,-0.390241265297,22.947577000000
1338,1413393952.905760526657,2,3.088321685791,-1.809535026550,-3.746600627899,0.570261776447,-0.577538073063,0.428639709949,-0.396887153387,19.698734000000
1339,1413393952.955760478973,2,3.112516880035,-1.806946277618,-3.740112304688,0.571443736553,-0.577237486839,0.421051532030,-0.403688818216,19.821297000000
1340,1413393953.005760431290,2,3.137090206146,-1.804248809814,-3.732880592346,0.571657359600,-0.577849566936,0.413870066404,-0.409889400005,18.925771000000
1341,1413393953.055760383606,2,3.162077426910,-1.802017211914,-3.725468158722,0.571817696095,-0.578539848328,0.407429754734,-0.415111184120,19.347475000000
1342,1413393953.105760574341,2,3.187376022339,-1.800534248352,-3.719011545181,0.571638524532,-0.579313039780,0.402158945799,-0.419397234917,20.592496000000
1343,1413393953.155760288239,2,3.212867736816,-1.799872159958,-3.716366529465,0.571399688721,-0.580146551132,0.398014158010,-0.422513008118,20.815120000000
1344,1413393953.205760478973,2,3.240712165833,-1.799475431442,-3.716581821442,0.571084856987,-0.580849826336,0.394707202911,-0.425066769123,20.835140000000
1345,1413393953.255760431290,2,3.267451763153,-1.801239252090,-3.722755432129,0.570199668407,-0.581674337387,0.391796529293,-0.427811563015,19.382077000000
1346,1413393953.305760622025,2,3.294631958008,-1.804093599319,-3.730530023575,0.568245589733,-0.583757758141,0.387360364199,-0.431596904993,19.136722000000
1347,1413393953.355760335922,2,3.321299076080,-1.808569192886,-3.737915039062,0.565764963627,-0.585016191006,0.384816974401,-0.435410231352,18.699504000000
1348,1413393953.405760526657,2,3.348338365555,-1.815414428711,-3.742491006851,0.562648057938,-0.585051178932,0.384811699390,-0.439388513565,20.071734000000
1349,1413393953.455760478973,2,3.374757528305,-1.824465036392,-3.743814945221,0.560055077076,-0.584483861923,0.386024266481,-0.442382544279,19.169154000000
1350,1413393953.505760431290,2,3.401050806046,-1.836559057236,-3.741554498672,0.558901607990,-0.580969214439,0.391944289207,-0.443264603615,22.986344000000
1351,1413393953.555760383606,2,3.425990581512,-1.850882053375,-3.736636400223,0.559334576130,-0.576136171818,0.400511741638,-0.441364288330,19.708578000000
1352,1413393953.605760574341,2,3.448257207870,-1.867652177811,-3.732392549515,0.561284244061,-0.568885326385,0.412885814905,-0.436869293451,19.459526000000
1353,1413393953.655760288239,2,3.472771644592,-1.885248661041,-3.723525762558,0.563699901104,-0.563204109669,0.422317922115,-0.432077735662,20.808478000000
1354,1413393953.705760478973,2,3.495868206024,-1.903244018555,-3.714016675949,0.564989924431,-0.557835936546,0.431402146816,-0.428366392851,20.692587000000
1355,1413393953.755760431290,2,3.512945175171,-1.918721199036,-3.709175109863,0.564766705036,-0.553374290466,0.439168810844,-0.426551431417,18.937015000000
1356,1413393953.805760622025,2,3.532217502594,-1.935340404510,-3.703462839127,0.565340876579,-0.550479471684,0.443069189787,-0.425501883030,20.543705000000
1357,1413393953.855760335922,2,3.549139022827,-1.950895309448,-3.700243234634,0.566524744034,-0.547276496887,0.445260405540,-0.425771504641,20.867249000000
1358,1413393953.905760526657,2,3.559644699097,-1.963755607605,-3.703380346298,0.567732334137,-0.544060587883,0.445335358381,-0.428199023008,18.559153000000
1359,1413393953.955760478973,2,3.571574211121,-1.977118968964,-3.705738782883,0.572063326836,-0.542017519474,0.442336648703,-0.428134202957,22.301233000000
1360,1413393954.005760431290,2,3.581043243408,-1.989569664001,-3.710163831711,0.579667329788,-0.542188286781,0.435241848230,-0.424949705601,19.321544000000
1361,1413393954.055760383606,2,3.588323593140,-2.000761508942,-3.714357852936,0.587714970112,-0.541332840919,0.427842170000,-0.422493696213,20.878537000000
1362,1413393954.105760574341,2,3.594288349152,-2.010733127594,-3.718127489090,0.596071779728,-0.542285025120,0.417523294687,-0.419880628586,22.549815000000
1363,1413393954.155760288239,2,3.599455356598,-2.019916057587,-3.721330642700,0.606237053871,-0.542729318142,0.406695246696,-0.415355950594,20.421074000000
1364,1413393954.205760478973,2,3.604477405548,-2.027960538864,-3.723643779755,0.616708278656,-0.543127238750,0.394583731890,-0.411080956459,21.232965000000
1365,1413393954.255760431290,2,3.609978675842,-2.035118341446,-3.724299192429,0.627329587936,-0.542594969273,0.382002949715,-0.407580733299,22.492121000000
1366,1413393954.305760622025,2,3.613105058670,-2.041972398758,-3.727887392044,0.637264132500,-0.539511382580,0.371050745249,-0.406378269196,20.587825000000
1367,1413393954.355760335922,2,3.622127056122,-2.046695947647,-3.725620031357,0.646942019463,-0.535553812981,0.360452950001,-0.405859500170,19.203630000000
1368,1413393954.405760526657,2,3.633492946625,-2.050279617310,-3.722624540329,0.656463921070,-0.529440402985,0.351234257221,-0.406672596931,19.439423000000
1369,1413393954.455760478973,2,3.647572994232,-2.052613496780,-3.718920230865,0.665663778782,-0.521609544754,0.342814683914,-0.409015208483,22.082483000000
1370,1413393954.505760431290,2,3.663842678070,-2.053883075714,-3.714494705200,0.674610733986,-0.512268543243,0.335525810719,-0.412194013596,20.403344000000
1371,1413393954.555760383606,2,3.682911872864,-2.053627729416,-3.709605693817,0.683907568455,-0.502509355545,0.327835261822,-0.415064990520,23.044898000000
1372,1413393954.605760574341,2,3.706108570099,-2.054147005081,-3.703684806824,0.692130327225,-0.493143200874,0.319974571466,-0.418785989285,19.810323000000
1373,1413393954.655760288239,2,3.731072902679,-2.051371812820,-3.697758197784,0.699067234993,-0.483456015587,0.314328134060,-0.422815680504,20.337768000000
1374,1413393954.705760478973,2,3.759738445282,-2.047111272812,-3.691996097565,0.705803334713,-0.475147515535,0.308741569519,-0.425153195858,20.265794000000
1375,1413393954.755760431290,2,3.791902542114,-2.041773557663,-3.685905456543,0.711127519608,-0.468502849340,0.304030120373,-0.427046149969,19.349193000000
1376,1413393954.805760622025,2,3.827037572861,-2.034763336182,-3.680046319962,0.715681433678,-0.462842106819,0.299656242132,-0.428699791431,19.815104000000
1377,1413393954.855760335922,2,3.865443706512,-2.026127815247,-3.674143314362,0.719414770603,-0.458065599203,0.296505779028,-0.429770559072,20.362984000000
1378,1413393954.905760526657,2,3.907327175140,-2.015794754028,-3.668194770813,0.722504734993,-0.453834414482,0.294376462698,-0.430538922548,22.090472000000
1379,1413393954.955760478973,2,3.957179307938,-2.004142284393,-3.662436485291,0.723915338516,-0.449461281300,0.293987989426,-0.433015376329,19.761523000000
1380,1413393955.005760431290,2,4.005186080933,-1.989682912827,-3.654989719391,0.722379863262,-0.444473773241,0.296529680490,-0.438954055309,20.218486000000
1381,1413393955.055760383606,2,4.055754184723,-1.972932815552,-3.646645545959,0.719297230244,-0.437393546104,0.301226556301,-0.447840392590,20.709960000000
1382,1413393955.105760574341,2,4.107845783234,-1.954304218292,-3.638883590698,0.716896772385,-0.430497258902,0.304663926363,-0.455972641706,20.629761000000
1383,1413393955.155760288239,2,4.163363933563,-1.932363986969,-3.631261348724,0.715274870396,-0.423210471869,0.307477980852,-0.463391870260,20.234795000000
1384,1413393955.205760478973,2,4.216897964478,-1.910180568695,-3.623844146729,0.713003873825,-0.418544650078,0.306259989738,-0.471858710051,20.908910000000
1385,1413393955.255760431290,2,4.270268917084,-1.886540889740,-3.616275310516,0.711555600166,-0.415153324604,0.301789581776,-0.479853630066,24.206524000000
1386,1413393955.305760622025,2,4.323960781097,-1.861656665802,-3.608441829681,0.710212469101,-0.412153184414,0.296213626862,-0.487837672234,19.552765000000
1387,1413393955.355760335922,2,4.377201557159,-1.836812496185,-3.601087093353,0.711349427700,-0.407628655434,0.290315032005,-0.493495792150,19.617632000000
1388,1413393955.405760526657,2,4.430125236511,-1.811803340912,-3.593820810318,0.713830351830,-0.401153922081,0.284856498241,-0.498376011848,22.233113000000
1389,1413393955.455760478973,2,4.482055187225,-1.784663200378,-3.585874319077,0.715960204601,-0.390551686287,0.281464785337,-0.505616426468,19.011822000000
1390,1413393955.505760431290,2,4.534419059753,-1.758920669556,-3.576602935791,0.717771470547,-0.377057582140,0.277890235186,-0.515178263187,19.001031000000
1391,1413393955.555760383606,2,4.585705757141,-1.733669757843,-3.568257093430,0.719546914101,-0.361290901899,0.274060815573,-0.525938987732,19.494102000000
1392,1413393955.605760574341,2,4.638357162476,-1.708277702332,-3.562251567841,0.722129762173,-0.341650635004,0.272005349398,-0.536485433578,18.415929000000
1393,1413393955.655760288239,2,4.686782836914,-1.684538841248,-3.559418201447,0.726102054119,-0.320769935846,0.270727127790,-0.544600129128,20.745529000000
1394,1413393955.705760478973,2,4.733895301819,-1.661695480347,-3.560123682022,0.732877433300,-0.299748659134,0.272090733051,-0.546816349030,21.500694000000
1395,1413393955.755760431290,2,4.779670715332,-1.640923976898,-3.568371295929,0.740419089794,-0.278845667839,0.276045709848,-0.545732021332,17.946128000000
1396,1413393955.805760622025,2,4.821909427643,-1.619490623474,-3.574863672256,0.748257458210,-0.259952962399,0.280083447695,-0.542299330235,18.054599000000
1397,1413393955.855760335922,2,4.860646247864,-1.597565650940,-3.583954334259,0.756821393967,-0.245423704386,0.281865805387,-0.536227762699,19.429635000000
1398,1413393955.905760526657,2,4.895100593567,-1.574250221252,-3.593529462814,0.765316486359,-0.238098517060,0.276625931263,-0.530167877674,19.835951000000
1399,1413393955.955760478973,2,4.928263187408,-1.545905590057,-3.607117176056,0.771608650684,-0.238798439503,0.262100189924,-0.528108894825,18.307958000000
1400,1413393956.005760431290,2,4.954644203186,-1.517677307129,-3.613894224167,0.776474833488,-0.242766350508,0.244677573442,-0.527526557446,19.044611000000
1401,1413393956.055760383606,2,4.978702545166,-1.487298488617,-3.618724822998,0.779357373714,-0.246633812785,0.227214843035,-0.529289484024,18.476937000000
1402,1413393956.105760574341,2,5.001417636871,-1.455212116241,-3.622215986252,0.780869960785,-0.249095335603,0.211477980018,-0.532419621944,17.004762000000
1403,1413393956.155760288239,2,5.022921562195,-1.421542644501,-3.624740600586,0.782402634621,-0.248782336712,0.197545304894,-0.535657882690,18.160236000000
1404,1413393956.205760478973,2,5.043728828430,-1.386934280396,-3.626554727554,0.783846795559,-0.245205581188,0.185588270426,-0.539458453655,19.932792000000
1405,1413393956.255760431290,2,5.064777374268,-1.351243972778,-3.626990795135,0.783017933369,-0.237249314785,0.177606031299,-0.546856343746,19.116403000000
1406,1413393956.305760622025,2,5.089023113251,-1.309733867645,-3.623785495758,0.781827330589,-0.225959777832,0.171564474702,-0.555206120014,17.454983000000
1407,1413393956.355760335922,2,5.109411716461,-1.273379325867,-3.622842073441,0.779617726803,-0.213013604283,0.165536239743,-0.565171778202,17.776185000000
1408,1413393956.405760526657,2,5.129014968872,-1.237527370453,-3.621413946152,0.777727484703,-0.198927924037,0.159445017576,-0.574582457542,18.785268000000
1409,1413393956.455760478973,2,5.152417182922,-1.199254035950,-3.620146274567,0.776511371136,-0.184042364359,0.152317523956,-0.583059132099,18.356806000000
1410,1413393956.505760431290,2,5.169672966003,-1.164782047272,-3.619569778442,0.777522206306,-0.169237896800,0.143221452832,-0.588477194309,18.020353000000
1411,1413393956.555760383606,2,5.185562133789,-1.131392955780,-3.619436740875,0.780760109425,-0.154965251684,0.132192999125,-0.590698301792,17.149023000000
1412,1413393956.605760574341,2,5.200270175934,-1.099100589752,-3.619746685028,0.785168230534,-0.140773758292,0.119760878384,-0.591059148312,18.830102000000
1413,1413393956.655760288239,2,5.216112136841,-1.071272373199,-3.618345260620,0.791060686111,-0.125955149531,0.106174394488,-0.589139521122,20.969106000000
1414,1413393956.705760478973,2,5.229225635529,-1.040661334991,-3.619964122772,0.797764122486,-0.111505277455,0.092844560742,-0.585251271725,17.227667000000
1415,1413393956.755760431290,2,5.241578578949,-1.011068344116,-3.622043609619,0.804768383503,-0.097223274410,0.079520419240,-0.580148279667,17.536238000000
1416,1413393956.805760622025,2,5.253341197968,-0.981858730316,-3.623332023621,0.810012340546,-0.082824498415,0.066059507430,-0.576763629913,18.338321000000
1417,1413393956.855760335922,2,5.259702205658,-0.960821628571,-3.618828296661,0.813949048519,-0.070169404149,0.051241770387,-0.574401915073,19.733713000000
1418,1413393956.905760526657,2,5.270899772644,-0.931632518768,-3.618582725525,0.816243052483,-0.057646140456,0.036077652127,-0.573692202568,17.629913000000
1419,1413393956.955760478973,2,5.282409667969,-0.902379512787,-3.618261814117,0.817613363266,-0.045681577176,0.020952662453,-0.573570013046,18.239544000000
1420,1413393957.005760431290,2,5.294465541840,-0.872932910919,-3.617942333221,0.818548381329,-0.032444130629,0.008165202104,-0.573462605476,19.437205000000
1421,1413393957.055760383606,2,5.304962635040,-0.850706577301,-3.612055301666,0.819513201714,-0.018446305767,-0.004005202092,-0.572749376297,19.658743000000
1422,1413393957.105760574341,2,5.318292617798,-0.821241378784,-3.611633539200,0.820116817951,-0.001263456419,-0.013382723555,-0.572038233280,18.514798000000
1423,1413393957.155760288239,2,5.332010746002,-0.790834426880,-3.611129283905,0.820089161396,0.016754951328,-0.022407174110,-0.571551382542,31.793473000000
1424,1413393957.205760478973,2,5.345548629761,-0.759402751923,-3.609993934631,0.819147527218,0.035332076252,-0.032541498542,-0.571568012238,23.819229000000
1425,1413393957.255760431290,2,5.359210968018,-0.728018999100,-3.608454942703,0.817996859550,0.054265704006,-0.043515153229,-0.571001529694,20.204684000000
1426,1413393957.305760622025,2,5.371900081635,-0.694767475128,-3.601498603821,0.816971302032,0.073195680976,-0.054923377931,-0.569371402264,17.331479000000
1427,1413393957.355760335922,2,5.385796546936,-0.662279844284,-3.598847389221,0.814650774002,0.092016242445,-0.066881552339,-0.568686187267,18.805847000000
1428,1413393957.405760526657,2,5.399835586548,-0.629248142242,-3.596497297287,0.811855375767,0.109928227961,-0.078299991786,-0.568045616150,19.153828000000
1429,1413393957.455760478973,2,5.412157535553,-0.597295761108,-3.595324516296,0.807538330555,0.126649677753,-0.089815348387,-0.569012343884,18.207058000000
1430,1413393957.505760431290,2,5.425966262817,-0.562861204147,-3.594801187515,0.802910208702,0.142874121666,-0.100497849286,-0.569931983948,17.424690000000
1431,1413393957.555760383606,2,5.439620018005,-0.528734207153,-3.596523523331,0.797982513905,0.158194586635,-0.111717127264,-0.570716857910,20.619383000000
1432,1413393957.605760574341,2,5.453829288483,-0.498738765717,-3.601060390472,0.792149424553,0.173291355371,-0.123322829604,-0.572067141533,18.985405000000
1433,1413393957.655760288239,2,5.467390060425,-0.465991497040,-3.607878208160,-0.784788906574,-0.187806442380,0.136073842645,0.574733972549,17.800945000000
1434,1413393957.705760478973,2,5.480966567993,-0.433808088303,-3.617347478867,-0.775540709496,-0.202737674117,0.148488000035,0.579124689102,21.905673000000
1435,1413393957.755760431290,2,5.498192310333,-0.405509948730,-3.630128860474,-0.766836464405,-0.217769145966,0.160537332296,0.582036316395,16.949618000000
1436,1413393957.805760622025,2,5.513261318207,-0.375813245773,-3.645805358887,-0.758465230465,-0.235525786877,0.168549090624,0.583823025227,17.240496000000
1437,1413393957.855760335922,2,5.528682231903,-0.347676753998,-3.663675785065,-0.751243352890,-0.254323244095,0.174378797412,0.583562552929,20.140767000000
1438,1413393957.905760526657,2,5.544943332672,-0.321706533432,-3.682113885880,-0.745069444180,-0.273371905088,0.177352905273,0.581966817379,20.492152000000
1439,1413393957.955760478973,2,5.559391975403,-0.304253578186,-3.700064659119,-0.739499926567,-0.293147504330,0.178013786674,0.579237043858,17.565573000000
1440,1413393958.005760431290,2,5.575893402100,-0.283043384552,-3.716073513031,-0.736596226692,-0.310590475798,0.177225470543,0.574065148830,19.833217000000
1441,1413393958.055760383606,2,5.593231678009,-0.259637117386,-3.730808496475,-0.735155761242,-0.325453102589,0.176879063249,0.567750155926,18.968298000000
1442,1413393958.105760574341,2,5.606729507446,-0.242895126343,-3.738042354584,-0.734388709068,-0.335649907589,0.178745537996,0.562194287777,16.903375000000
1443,1413393958.155760288239,2,5.617425441742,-0.227882146835,-3.740499019623,-0.734489321709,-0.342323839664,0.182719677687,0.556734681129,16.916140000000
1444,1413393958.205760478973,2,5.624579429626,-0.213675498962,-3.737984180450,-0.734164059162,-0.347020715475,0.186707824469,0.552919566631,18.340547000000
1445,1413393958.255760431290,2,5.628113746643,-0.200569391251,-3.731385946274,-0.734386384487,-0.347570329905,0.194192737341,0.549691557884,18.219452000000
1446,1413393958.305760622025,2,5.628930091858,-0.188905477524,-3.721674203873,-0.736445665359,-0.345759302378,0.202711597085,0.544982850552,18.778748000000
1447,1413393958.355760335922,2,5.628129005432,-0.170505762100,-3.711219787598,-0.739558100700,-0.341381758451,0.212729781866,0.539683580399,19.424088000000
1448,1413393958.405760526657,2,5.626214981079,-0.159899950027,-3.700429439545,-0.743101358414,-0.338125258684,0.219535633922,0.534112274647,17.625359000000
1449,1413393958.455760478973,2,5.623693943024,-0.149667978287,-3.692272186279,-0.746103763580,-0.336003363132,0.223758831620,0.529493093491,17.743180000000
1450,1413393958.505760431290,2,5.620590686798,-0.139316558838,-3.686832189560,-0.750195980072,-0.334943085909,0.225518614054,0.523603439331,17.777319000000
1451,1413393958.555760383606,2,5.617349624634,-0.129070281982,-3.684804439545,-0.754913449287,-0.335075169802,0.225086867809,0.516881287098,17.769049000000
1452,1413393958.605760574341,2,5.619873046875,-0.124303102493,-3.683520555496,-0.759760379791,-0.335518538952,0.223291441798,0.510227978230,18.205919000000
1453,1413393958.655760288239,2,5.620104312897,-0.116926193237,-3.685729742050,-0.763732612133,-0.336122334003,0.220886111259,0.504919528961,17.810415000000
1454,1413393958.705760478973,2,5.617912292480,-0.107557296753,-3.691291570663,-0.766708910465,-0.336565226316,0.218537598848,0.501121461391,17.644154000000
1455,1413393958.755760431290,2,5.614439964294,-0.096286296844,-3.698434591293,-0.766589164734,-0.335331141949,0.218017235398,0.502357065678,17.633947000000
1456,1413393958.805760622025,2,5.609433174133,-0.083677768707,-3.706472396851,-0.763728797436,-0.333262562752,0.218415021896,0.507887184620,19.549661000000
1457,1413393958.855760335922,2,5.612565994263,-0.076583385468,-3.717063426971,-0.759409844875,-0.330476254225,0.219941481948,0.515468597412,18.599224000000
1458,1413393958.905760526657,2,5.604657173157,-0.061393976212,-3.731532573700,-0.755312144756,-0.328123509884,0.220468223095,0.522716283798,19.130431000000
1459,1413393958.955760478973,2,5.595875740051,-0.045818090439,-3.748818159103,-0.752304434776,-0.325146853924,0.221748888493,0.528341770172,17.551313000000
1460,1413393959.005760431290,2,5.586015701294,-0.029999732971,-3.767500877380,-0.749834716320,-0.320892125368,0.224851459265,0.533120989799,17.487291000000
1461,1413393959.055760383606,2,5.575623512268,-0.014523983002,-3.787337303162,-0.748302161694,-0.314001590014,0.231417641044,0.536556422710,20.401773000000
1462,1413393959.105760574341,2,5.561738014221,0.000907421112,-3.803572177887,-0.747521162033,-0.306641668081,0.238782718778,0.538670480251,17.595745000000
1463,1413393959.155760288239,2,5.552958011627,0.016150474548,-3.823905467987,-0.745288074017,-0.299524128437,0.245833918452,0.542583405972,17.391357000000
1464,1413393959.205760478973,2,5.545767784119,0.031985282898,-3.843486070633,-0.742119789124,-0.295582711697,0.248766854405,0.547726333141,18.159409000000
1465,1413393959.255760431290,2,5.537676334381,0.052336454391,-3.859284400940,-0.739148378372,-0.295847147703,0.245928347111,0.552859306335,17.316189000000
1466,1413393959.305760622025,2,5.534063339233,0.067661046982,-3.878754615784,-0.739167571068,-0.297537356615,0.241117566824,0.554044485092,17.082209000000
1467,1413393959.355760335922,2,5.531849861145,0.082621097565,-3.897454261780,-0.740759730339,-0.300272911787,0.235449030995,0.552878856659,36.876961000000
1468,1413393959.405760526657,2,5.524348735809,0.105132818222,-3.912456035614,-0.742564499378,-0.303192973137,0.230446726084,0.550968468189,17.839956000000
1469,1413393959.455760478973,2,5.523507118225,0.119794607162,-3.928081512451,-0.744203031063,-0.305021017790,0.226569101214,0.549354732037,18.490032000000
1470,1413393959.505760431290,2,5.523167610168,0.134115695953,-3.941894531250,-0.743658959866,-0.306290358305,0.223311468959,0.550717353821,19.043877000000
1471,1413393959.555760383606,2,5.515898227692,0.152015447617,-3.954491138458,-0.742248117924,-0.306700587273,0.222157552838,0.552855014801,18.873876000000
1472,1413393959.605760574341,2,5.515367507935,0.165613889694,-3.963795661926,-0.734948813915,-0.304548472166,0.224281549454,0.562848389149,17.229448000000
1473,1413393959.655760288239,2,5.515569686890,0.178058385849,-3.971065521240,-0.724599599838,-0.301303446293,0.227712094784,0.576471090317,17.781266000000
1474,1413393959.705760478973,2,5.517253875732,0.188212871552,-3.977733135223,-0.716215372086,-0.297617614269,0.231825605035,0.587125420570,18.417985000000
1475,1413393959.755760431290,2,5.518881797791,0.196704626083,-3.985420465469,-0.709689378738,-0.294830411673,0.234360456467,0.595391750336,16.768215000000
1476,1413393959.805760622025,2,5.524892807007,0.200968742371,-3.992980957031,-0.710299372673,-0.295412480831,0.232831656933,0.594975352287,17.029501000000
1477,1413393959.855760335922,2,5.533218860626,0.202180624008,-4.001770973206,-0.718478083611,-0.298044383526,0.228871002793,0.585300743580,16.822092000000
1478,1413393959.905760526657,2,5.543395996094,0.201269865036,-4.009821891785,-0.727059364319,-0.301543533802,0.223308041692,0.574969410896,17.234765000000
1479,1413393959.955760478973,2,5.554448604584,0.198613882065,-4.016960144043,-0.735603153706,-0.305722802877,0.217149004340,0.564152359962,18.458710000000
1480,1413393960.005760431290,2,5.565656661987,0.194866895676,-4.023326873779,-0.743304252625,-0.308760941029,0.212471306324,0.554095268250,17.357654000000
1481,1413393960.055760383606,2,5.574938774109,0.190876960754,-4.028988838196,-0.749857664108,-0.311470359564,0.208244875073,0.545283257961,17.728077000000
1482,1413393960.105760574341,2,5.584293365479,0.186112880707,-4.032991409302,-0.755131483078,-0.313937097788,0.204467728734,0.537971198559,17.284243000000
1483,1413393960.155760288239,2,5.591133117676,0.182306766510,-4.037299156189,-0.760756731033,-0.316437870264,0.200858861208,0.529879271984,17.954289000000
1484,1413393960.205760478973,2,5.598035812378,0.178171634674,-4.040437698364,-0.766506373882,-0.318551421165,0.197160676122,0.521651923656,19.479843000000
1485,1413393960.255760431290,2,5.603059291840,0.177174091339,-4.046462059021,0.773448586464,0.321256101131,-0.193467140198,-0.511020839214,23.632857000000
1486,1413393960.305760622025,2,5.607274532318,0.174143314362,-4.048306465149,0.777753472328,0.322988301516,-0.190826848149,-0.504344463348,18.963307000000
1487,1413393960.355760335922,2,5.608672142029,0.172922134399,-4.048876762390,0.778755307198,0.323558956385,-0.190544545650,-0.502536237240,18.585927000000
1488,1413393960.405760526657,2,5.606930255890,0.173555850983,-4.047588348389,0.774254560471,0.323730111122,-0.193715035915,-0.508137047291,18.653761000000
1489,1413393960.455760478973,2,5.602417945862,0.175197124481,-4.046288490295,-0.767759203911,-0.324624419212,0.198832586408,0.515393435955,21.835055000000
1490,1413393960.505760431290,2,5.596000671387,0.177367687225,-4.046951293945,-0.760192334652,-0.327196180820,0.205300569534,0.522400200367,19.168307000000
1491,1413393960.555760383606,2,5.588654518127,0.179257392883,-4.052305221558,-0.753405809402,-0.332550853491,0.211956948042,0.526178538799,18.921158000000
1492,1413393960.605760574341,2,5.580398559570,0.180572509766,-4.063283443451,-0.746195971966,-0.340028941631,0.220044165850,0.528348743916,17.641699000000
1493,1413393960.655760288239,2,5.571702003479,0.180858612061,-4.080028533936,-0.739084064960,-0.349168092012,0.228864163160,0.528637468815,17.984982000000
1494,1413393960.705760478973,2,5.562630653381,0.180563926697,-4.102930545807,-0.732385754585,-0.360007554293,0.237610295415,0.526827454567,19.365782000000
1495,1413393960.755760431290,2,5.552700042725,0.178644657135,-4.132288932800,-0.726203978062,-0.371789813042,0.245983824134,0.523347139359,20.447901000000
1496,1413393960.805760622025,2,5.543617248535,0.176548480988,-4.162958621979,-0.720666885376,-0.384069174528,0.254456281662,0.518056094646,17.268697000000
1497,1413393960.855760335922,2,5.534551620483,0.174121856689,-4.196520805359,-0.718766689301,-0.396478295326,0.259632170200,0.508695065975,18.979381000000
1498,1413393960.905760526657,2,5.524145126343,0.173543930054,-4.231315135956,-0.719179749489,-0.408395290375,0.262690544128,0.496978312731,16.961745000000
1499,1413393960.955760478973,2,5.512874603271,0.171791076660,-4.261657238007,-0.720227003098,-0.416314423084,0.267988264561,0.485940009356,17.836541000000
1500,1413393961.005760431290,2,5.499846458435,0.171339035034,-4.289030075073,-0.721717536449,-0.422337442636,0.272063851357,0.476168245077,19.726300000000
1501,1413393961.055760383606,2,5.482262611389,0.173709869385,-4.315962791443,-0.720518290997,-0.427121937275,0.276029527187,0.471410661936,20.943834000000
1502,1413393961.105760574341,2,5.465259552002,0.176583290100,-4.336664199829,-0.715893387794,-0.429626435041,0.280084937811,0.473783016205,19.419185000000
1503,1413393961.155760288239,2,5.445585250854,0.181791782379,-4.352540493011,-0.709723174572,-0.430068582296,0.284433335066,0.480033069849,20.546628000000
1504,1413393961.205760478973,2,5.424085140228,0.187977313995,-4.363363265991,-0.702573478222,-0.426997631788,0.292176693678,0.488565742970,18.227752000000
1505,1413393961.255760431290,2,5.402204036713,0.194731235504,-4.367386817932,-0.692068755627,-0.416230767965,0.308201611042,0.502796769142,18.110991000000
1506,1413393961.305760622025,2,5.381138801575,0.201350450516,-4.368234157562,-0.680591642857,-0.403160154819,0.326161026955,0.517567276955,20.514016000000
1507,1413393961.355760335922,2,5.361352920532,0.208553552628,-4.363726615906,-0.667973577976,-0.388163775206,0.345657765865,0.532598376274,18.772238000000
1508,1413393961.405760526657,2,5.337240219116,0.216336727142,-4.352651596069,-0.656984388828,-0.378269016743,0.358391165733,0.544830143452,17.883304000000
1509,1413393961.455760478973,2,5.324817180634,0.224088430405,-4.343790054321,-0.649159431458,-0.373370796442,0.363669991493,0.554013073444,18.905238000000
1510,1413393961.505760431290,2,5.315995216370,0.234187364578,-4.325723648071,-0.650545597076,-0.377630203962,0.358062267303,0.553152203560,19.772059000000
1511,1413393961.555760383606,2,5.315138339996,0.239895820618,-4.314746379852,-0.654349982738,-0.386417180300,0.345955312252,0.550293505192,18.166235000000
1512,1413393961.605760574341,2,5.320411205292,0.242810487747,-4.300105571747,-0.661443829536,-0.395811080933,0.333559125662,0.542737603188,18.401016000000
1513,1413393961.655760288239,2,5.327962875366,0.244949579239,-4.281420707703,-0.670013129711,-0.406293928623,0.319265305996,0.532989025116,17.912032000000
1514,1413393961.705760478973,2,5.337820053101,0.245886564255,-4.255951404572,-0.675172805786,-0.412668466568,0.310300171375,0.526839971542,19.527684000000
1515,1413393961.755760431290,2,5.348688125610,0.245458126068,-4.223821163177,-0.675793230534,-0.415702760220,0.305740475655,0.526324510574,19.117497000000
1516,1413393961.805760622025,2,5.363621234894,0.242170572281,-4.179399967194,-0.679838836193,-0.418738454580,0.300558149815,0.521672427654,18.753758000000
1517,1413393961.855760335922,2,5.374934196472,0.239719390869,-4.140483379364,-0.682695329189,-0.420909285545,0.297317147255,0.518039524555,18.848096000000
1518,1413393961.905760526657,2,5.386773586273,0.236076354980,-4.098654747009,-0.686339676380,-0.423071950674,0.293932497501,0.513372957706,18.375893000000
1519,1413393961.955760478973,2,5.398671627045,0.231290817261,-4.053148269653,-0.689191937447,-0.425268113613,0.291093677282,0.509338915348,21.279187000000
1520,1413393962.005760431290,2,5.429373741150,0.218792676926,-3.998333692551,-0.692574143410,-0.427309423685,0.288131952286,0.504705548286,19.426159000000
1521,1413393962.055760383606,2,5.440823554993,0.212337255478,-3.946605205536,-0.696041345596,-0.428994148970,0.286234468222,0.499560147524,18.731509000000
1522,1413393962.105760574341,2,5.450560569763,0.205950737000,-3.890019893646,-0.698658943176,-0.431289255619,0.283672899008,0.495373636484,18.154774000000
1523,1413393962.155760288239,2,5.458471775055,0.199516296387,-3.830076694489,-0.702128887177,-0.432718366385,0.281620681286,0.490366876125,21.149895000000
1524,1413393962.205760478973,2,5.479016304016,0.186853170395,-3.759251832962,-0.704705417156,-0.434126734734,0.280402868986,0.486105531454,19.526789000000
1525,1413393962.255760431290,2,5.484388351440,0.180326700211,-3.692265510559,-0.706440567970,-0.435643315315,0.279172927141,0.482927680016,18.680621000000
1526,1413393962.305760622025,2,5.487926483154,0.174190282822,-3.623754739761,-0.708824038506,-0.437048941851,0.277336716652,0.479208976030,20.940382000000
1527,1413393962.355760335922,2,5.500483989716,0.164312839508,-3.554980278015,-0.712113201618,-0.439646780491,0.273820400238,0.473949223757,21.428840000000
1528,1413393962.405760526657,2,5.501521110535,0.158405542374,-3.490681648254,-0.716391563416,-0.442798376083,0.268941134214,0.467315077782,18.194189000000
1529,1413393962.455760478973,2,5.500840663910,0.153068065643,-3.432262897491,-0.722964942455,-0.445997893810,0.261513739824,0.458277493715,19.468051000000
1530,1413393962.505760431290,2,5.508407592773,0.146952152252,-3.383304357529,0.729873239994,0.447442680597,-0.253892868757,-0.450131684542,18.540670000000
1531,1413393962.555760383606,2,5.503001213074,0.144069671631,-3.336337327957,0.737305283546,0.446745008230,-0.245147138834,-0.443511933088,17.145920000000
1532,1413393962.605760574341,2,5.494183540344,0.143093109131,-3.294782161713,0.743075251579,0.443926423788,-0.236282035708,-0.441519320011,18.694533000000
1533,1413393962.655760288239,2,5.487886428833,0.141096591949,-3.261495590210,0.746693611145,0.438972860575,-0.226825773716,-0.445310622454,18.371606000000
1534,1413393962.705760478973,2,5.471094131470,0.144417285919,-3.226458549500,0.748618662357,0.431917190552,-0.216990441084,-0.453798264265,17.495409000000
1535,1413393962.755760431290,2,5.450050354004,0.149500608444,-3.193405151367,0.748700559139,0.422227382660,-0.207951396704,-0.466827452183,19.715935000000
1536,1413393962.805760622025,2,5.428750991821,0.152539491653,-3.167434692383,0.747139692307,0.410923063755,-0.197978228331,-0.483455568552,17.422490000000
1537,1413393962.855760335922,2,5.399812221527,0.159640073776,-3.138467788696,0.745748758316,0.398478209972,-0.186238527298,-0.500389039516,17.086056000000
1538,1413393962.905760526657,2,5.367450714111,0.166643381119,-3.111260890961,0.743631124496,0.384732782841,-0.174566239119,-0.518189311028,19.078570000000
1539,1413393962.955760478973,2,5.333284378052,0.169637680054,-3.091973304749,0.742967486382,0.369077503681,-0.162396594882,-0.534236371517,18.543139000000
1540,1413393963.005760431290,2,5.295538902283,0.174019098282,-3.070589780807,0.744097650051,0.351990401745,-0.150550052524,-0.547499895096,17.395372000000
1541,1413393963.055760383606,2,5.255026340485,0.176227331161,-3.051859140396,0.746046602726,0.333569377661,-0.139492213726,-0.559185028076,20.150596000000
1542,1413393963.105760574341,2,5.208159446716,0.173196077347,-3.041862487793,0.747462272644,0.314527839422,-0.127845093608,-0.570988714695,20.519665000000
1543,1413393963.155760288239,2,5.162006378174,0.171092987061,-3.028158187866,0.749912798405,0.294105798006,-0.118796586990,-0.580534219742,17.091995000000
1544,1413393963.205760478973,2,5.113200187683,0.166048049927,-3.016856193542,0.753693401814,0.271404027939,-0.113615982234,-0.587688326836,17.052442000000
1545,1413393963.255760431290,2,5.062879562378,0.158251047134,-3.007941007614,-0.757268249989,-0.247732266784,0.110016353428,0.594196915627,20.490579000000
1546,1413393963.305760622025,2,5.012430191040,0.147711277008,-3.004516124725,-0.760910212994,-0.225318461657,0.105686880648,0.599230766296,16.704857000000
1547,1413393963.355760335922,2,4.959737300873,0.135609626770,-3.000827550888,0.764702260494,0.203886926174,-0.099335782230,-0.603152573109,17.917238000000
1548,1413393963.405760526657,2,4.906657218933,0.121503591537,-3.000427961349,0.769088625908,0.184238135815,-0.091254755855,-0.605170845985,18.342510000000
1549,1413393963.455760478973,2,4.854402065277,0.109476566315,-3.007371425629,0.773116528988,0.166221171618,-0.081570535898,-0.606636345387,21.382873000000
1550,1413393963.505760431290,2,4.800379276276,0.091866970062,-3.011565208435,0.776853621006,0.148074254394,-0.073094248772,-0.607642829418,17.635416000000
1551,1413393963.555760383606,2,4.745941638947,0.072775602341,-3.018085956573,0.780155181885,0.131192564964,-0.064632259309,-0.608250916004,20.353136000000
1552,1413393963.605760574341,2,4.691039085388,0.054214954376,-3.031483650208,0.781762599945,0.115110039711,-0.056384302676,-0.610260486603,18.018404000000
1553,1413393963.655760288239,2,4.636116981506,0.032232046127,-3.042544603348,0.782883346081,0.100649714470,-0.047401547432,-0.612140834332,18.129337000000
1554,1413393963.705760478973,2,4.581143379211,0.008527755737,-3.056184053421,0.783570408821,0.086895495653,-0.038251969963,-0.614006042480,19.693161000000
1555,1413393963.755760431290,2,4.526964664459,-0.016601085663,-3.077278137207,0.783846318722,0.074562273920,-0.028136389330,-0.615819633007,18.889823000000
1556,1413393963.805760622025,2,4.471720218658,-0.043923616409,-3.095016479492,0.784403383732,0.062906496227,-0.017084734514,-0.616816282272,18.169399000000
1557,1413393963.855760335922,2,4.416216373444,-0.073530197144,-3.115490436554,0.786017060280,0.051745291799,-0.005953667220,-0.616006612778,19.197246000000
1558,1413393963.905760526657,2,4.359764099121,-0.107095956802,-3.142318010330,0.788035035133,0.040614578873,0.005489143543,-0.614264786243,20.051717000000
1559,1413393963.955760478973,2,4.303752422333,-0.140687704086,-3.167639017105,0.790888667107,0.029815720394,0.017394661903,-0.610985815525,18.863024000000
1560,1413393964.005760431290,2,4.246718406677,-0.175642490387,-3.195444583893,0.793798148632,0.018875585869,0.028424996883,-0.607223391533,21.793461000000
1561,1413393964.055760383606,2,4.185456275940,-0.208786964417,-3.229012012482,0.795620679855,0.007466102950,0.038954168558,-0.604495406151,20.998202000000
1562,1413393964.105760574341,2,4.126006126404,-0.245989799500,-3.259616374969,0.796552419662,-0.005192724522,0.048243902624,-0.602619171143,21.204588000000
1563,1413393964.155760288239,2,4.065346240997,-0.283542633057,-3.292031049728,0.797178983688,-0.019875241444,0.054501704872,-0.600949347019,20.812526000000
1564,1413393964.205760478973,2,4.001283168793,-0.315380573273,-3.328659772873,0.796910703182,-0.035719651729,0.058992654085,-0.600147783756,21.752312000000
1565,1413393964.255760431290,2,3.939111948013,-0.353779315948,-3.361802577972,0.796759426594,-0.052632980049,0.062271658331,-0.598770797253,20.539837000000
1566,1413393964.305760622025,2,3.876550197601,-0.393047809601,-3.394306421280,0.797156929970,-0.069608680904,0.064703144133,-0.596245765686,27.691986000000
1567,1413393964.355760335922,2,3.814078330994,-0.432827949524,-3.425841569901,0.797345936298,-0.084402866662,0.068856962025,-0.593611299992,23.762187000000
1568,1413393964.405760526657,2,3.748580932617,-0.466444492340,-3.455902099609,0.797259330750,-0.099927172065,0.072674341500,-0.590855896473,19.516479000000
1569,1413393964.455760478973,2,3.686952114105,-0.507095813751,-3.484735488892,0.796633005142,-0.114044457674,0.076785482466,-0.588620245457,21.125038000000
1570,1413393964.505760431290,2,3.626117467880,-0.548073768616,-3.512189865112,0.796016037464,-0.127492696047,0.080968394876,-0.586129963398,20.519044000000
1571,1413393964.555760383606,2,3.557372570038,-0.585452556610,-3.537025690079,0.794028222561,-0.141776278615,0.084755428135,-0.585008800030,23.048740000000
1572,1413393964.605760574341,2,3.498763561249,-0.627140522003,-3.561501502991,0.792157828808,-0.155529230833,0.087434567511,-0.583653807640,24.247299000000
1573,1413393964.655760288239,2,3.441821575165,-0.669598579407,-3.584876298904,0.789499044418,-0.169110283256,0.089853048325,-0.583111822605,26.115798000000
1574,1413393964.705760478973,2,3.386101484299,-0.708003520966,-3.608749389648,0.785848677158,-0.181514978409,0.094370633364,-0.583599627018,22.017806000000
1575,1413393964.755760431290,2,3.333800792694,-0.751724720001,-3.629393815994,0.783529758453,-0.194727465510,0.097025036812,-0.582020998001,24.007492000000
1576,1413393964.805760622025,2,3.283917188644,-0.791612625122,-3.652941703796,0.782234489918,-0.208304986358,0.099050782621,-0.578711688519,22.809103000000
1577,1413393964.855760335922,2,3.236800670624,-0.837423801422,-3.672132253647,0.782393336296,-0.220552146435,0.101939849555,-0.573433220387,21.833632000000
1578,1413393964.905760526657,2,3.192837238312,-0.884233951569,-3.690494060516,0.783747434616,-0.234037399292,0.104166567326,-0.565787911415,23.375473000000
1579,1413393964.955760478973,2,3.151966571808,-0.931860923767,-3.707924365997,0.786762297153,-0.248459637165,0.103830412030,-0.555420815945,26.918140000000
1580,1413393965.005760431290,2,3.117628574371,-0.975666999817,-3.725551605225,0.789191365242,-0.265294015408,0.099947817624,-0.544799625874,23.940650000000
1581,1413393965.055760383606,2,3.085038185120,-1.023035049438,-3.740198135376,0.790603756905,-0.282904535532,0.095067135990,-0.534670889378,22.945617000000
1582,1413393965.105760574341,2,3.057796478271,-1.070053100586,-3.753521680832,0.791485965252,-0.301261156797,0.088791742921,-0.524316370487,27.066043000000
1583,1413393965.155760288239,2,3.040207386017,-1.114522695541,-3.765437602997,0.791356325150,-0.318521887064,0.084133028984,-0.514995753765,21.437016000000
1584,1413393965.205760478973,2,3.026929378510,-1.160678625107,-3.776188850403,0.791747510433,-0.332845777273,0.083597198129,-0.505332648754,20.386114000000
1585,1413393965.255760431290,2,3.022413492203,-1.205471038818,-3.785525083542,0.794919013977,-0.343014448881,0.087646402419,-0.492709845304,20.629740000000
1586,1413393965.305760622025,2,3.025424480438,-1.250088214874,-3.792717456818,0.799080312252,-0.348204910755,0.095581211150,-0.480716407299,21.903714000000
1587,1413393965.355760335922,2,3.039567470551,-1.289864540100,-3.800866842270,0.805133759975,-0.347440153360,0.108431912959,-0.468281507492,21.118814000000
1588,1413393965.405760526657,2,3.058704376221,-1.330172061920,-3.805923938751,0.811450183392,-0.339518725872,0.128117144108,-0.458106666803,19.699412000000
1589,1413393965.455760478973,2,3.084955215454,-1.366703033447,-3.808976888657,0.817093849182,-0.326859712601,0.151064097881,-0.450222164392,22.260026000000
1590,1413393965.505760431290,2,3.115234136581,-1.398597717285,-3.812152147293,0.821195900440,-0.308190762997,0.178781047463,-0.445750147104,20.875721000000
1591,1413393965.555760383606,2,3.151260375977,-1.425182342529,-3.812198638916,0.824511051178,-0.287524938583,0.206280395389,-0.441542029381,20.437979000000
1592,1413393965.605760574341,2,3.189089536667,-1.445000648499,-3.810646772385,0.825184285641,-0.270298898220,0.228051751852,-0.440456420183,20.637341000000
1593,1413393965.655760288239,2,3.230077266693,-1.457373619080,-3.808770895004,0.824498772621,-0.256242632866,0.244733870029,-0.441188067198,21.358032000000
1594,1413393965.705760478973,2,3.268023014069,-1.461737155914,-3.803727865219,0.820562422276,-0.249387353659,0.253258496523,-0.447597354650,20.493221000000
1595,1413393965.755760431290,2,3.304256439209,-1.458267688751,-3.796663522720,0.813932061195,-0.250971436501,0.252070069313,-0.459334939718,21.034570000000
1596,1413393965.805760622025,2,3.339823961258,-1.442272663116,-3.786485671997,0.804485797882,-0.253260642290,0.249891936779,-0.475621283054,22.674704000000
1597,1413393965.855760335922,2,3.374109268188,-1.426589012146,-3.777287960052,0.793375968933,-0.255239874125,0.247471064329,-0.494130909443,20.847960000000
1598,1413393965.905760526657,2,3.407192707062,-1.408141136169,-3.771251678467,0.785882472992,-0.255219966173,0.247641980648,-0.505890309811,20.710068000000
1599,1413393965.955760478973,2,3.439393043518,-1.387311458588,-3.768815040588,0.781572520733,-0.250801682472,0.253417998552,-0.511881172657,20.131814000000
1600,1413393966.005760431290,2,3.470104217529,-1.364075660706,-3.769069433212,0.779268860817,-0.245274230838,0.260411679745,-0.514554679394,21.543932000000
1601,1413393966.055760383606,2,3.498444318771,-1.337646484375,-3.769068717957,0.778326690197,-0.241162627935,0.265566200018,-0.515288949013,19.906305000000
1602,1413393966.105760574341,2,3.523115396500,-1.308145523071,-3.766327619553,0.777165651321,-0.242219880223,0.263747483492,-0.517475008965,20.041464000000
1603,1413393966.155760288239,2,3.544284343719,-1.276130676270,-3.760641098022,0.776868104935,-0.245946198702,0.259188145399,-0.518467068672,19.931060000000
1604,1413393966.205760478973,2,3.562985897064,-1.241060256958,-3.751702308655,0.776385605335,-0.248435288668,0.256212234497,-0.519481003284,19.996998000000
1605,1413393966.255760431290,2,3.579052686691,-1.203688144684,-3.739180088043,0.776657402515,-0.249962195754,0.253896802664,-0.519479274750,21.699774000000
1606,1413393966.305760622025,2,3.591633081436,-1.168438911438,-3.721619367599,0.778091251850,-0.246841117740,0.257517725229,-0.517037928104,20.904656000000
1607,1413393966.355760335922,2,3.604271411896,-1.125219345093,-3.702949285507,0.778126895428,-0.240637615323,0.264673143625,-0.516294777393,21.283562000000
1608,1413393966.405760526657,2,3.613644123077,-1.079259872437,-3.679692745209,0.775285124779,-0.232360690832,0.273868352175,-0.519555270672,20.603472000000
1609,1413393966.455760478973,2,3.618698120117,-1.030598163605,-3.653464317322,0.770304858685,-0.227493420243,0.278710305691,-0.526495754719,20.140456000000
1610,1413393966.505760431290,2,3.619506835938,-0.979154586792,-3.625302791595,0.763033330441,-0.225559264421,0.279459089041,-0.537406623363,21.553581000000
1611,1413393966.555760383606,2,3.616016387939,-0.926147460938,-3.598163127899,0.754882812500,-0.225473761559,0.276980042458,-0.550086975098,21.478611000000
1612,1413393966.605760574341,2,3.608689546585,-0.872891426086,-3.574135303497,0.747530937195,-0.225905880332,0.274206876755,-0.561226010323,20.588194000000
1613,1413393966.655760288239,2,3.594951152802,-0.820359230042,-3.552571058273,0.741506040096,-0.226815670729,0.271695852280,-0.570004224777,24.205511000000
1614,1413393966.705760478973,2,3.580117464066,-0.767753601074,-3.535393714905,0.736237883568,-0.227763533592,0.269401639700,-0.577494859695,20.553161000000
1615,1413393966.755760431290,2,3.561465263367,-0.716231822968,-3.521227121353,0.732157349586,-0.228946685791,0.267441749573,-0.583098590374,19.964907000000
1616,1413393966.805760622025,2,3.538906097412,-0.665985107422,-3.510155677795,0.729428470135,-0.229572340846,0.266336947680,-0.586766898632,21.152214000000
1617,1413393966.855760335922,2,3.510430335999,-0.617851734161,-3.502180337906,0.729204833508,-0.232689633965,0.263261675835,-0.587204575539,20.446274000000
1618,1413393966.905760526657,2,3.480371236801,-0.570755004883,-3.497118949890,0.732637226582,-0.239111259580,0.256262958050,-0.583436310291,21.155587000000
1619,1413393966.955760478973,2,3.446898698807,-0.525269508362,-3.493978500366,0.736088156700,-0.249166727066,0.245820820332,-0.579363644123,21.283971000000
1620,1413393967.005760431290,2,3.411012172699,-0.481184482574,-3.492863655090,0.739830374718,-0.262801706791,0.233506530523,-0.573638379574,22.004519000000
1621,1413393967.055760383606,2,3.373981952667,-0.438167095184,-3.493235826492,0.742194294930,-0.275376439095,0.223317369819,-0.568722188473,21.329740000000
1622,1413393967.105760574341,2,3.334310054779,-0.396623134613,-3.494933605194,0.743686497211,-0.285999655724,0.215691566467,-0.564457118511,18.985802000000
1623,1413393967.155760288239,2,3.296478033066,-0.356319427490,-3.498615980148,0.744115710258,-0.294444710016,0.211861819029,-0.560989081860,19.708967000000
1624,1413393967.205760478973,2,3.260065078735,-0.317358493805,-3.505358219147,0.743629157543,-0.302234619856,0.209155738354,-0.558501482010,19.298622000000
1625,1413393967.255760431290,2,3.223467350006,-0.280053138733,-3.511560201645,0.741037070751,-0.308176755905,0.211245492101,-0.557912647724,18.175791000000
1626,1413393967.305760622025,2,3.187621593475,-0.244492053986,-3.519627332687,0.737811923027,-0.314309328794,0.215166389942,-0.557267248631,19.945227000000
1627,1413393967.355760335922,2,3.153595447540,-0.211450576782,-3.528566837311,0.733617424965,-0.320023924112,0.222461149096,-0.556687831879,19.283392000000
1628,1413393967.405760526657,2,3.119733095169,-0.179472923279,-3.539914608002,0.728032112122,-0.326969563961,0.231116801500,-0.556457698345,19.683111000000
1629,1413393967.455760478973,2,3.086334705353,-0.148975849152,-3.553017139435,0.721140444279,-0.335996389389,0.239277720451,-0.556604981422,18.974225000000
1630,1413393967.505760431290,2,3.051401615143,-0.120366096497,-3.570519924164,0.713829994202,-0.347169399261,0.245418161154,-0.556498169899,17.739401000000
1631,1413393967.555760383606,2,3.018027067184,-0.093806266785,-3.585342884064,0.707916080952,-0.358058929443,0.253473639488,-0.553534030914,17.992642000000
1632,1413393967.605760574341,2,2.984411001205,-0.069273471832,-3.599624872208,0.702142775059,-0.370766401291,0.259522110224,-0.549705445766,18.631596000000
1633,1413393967.655760288239,2,2.950760841370,-0.047018527985,-3.613295078278,0.696524739265,-0.383411943913,0.266039431095,-0.545042812824,18.546962000000
1634,1413393967.705760478973,2,2.920806407928,-0.024351596832,-3.632187843323,0.690864384174,-0.394594699144,0.275609850883,-0.539481759071,17.630644000000
1635,1413393967.755760431290,2,2.887788772583,-0.006265640259,-3.643592357635,0.685650050640,-0.406219631433,0.284195423126,-0.533012866974,17.957917000000
1636,1413393967.805760622025,2,2.854114532471,0.009296894073,-3.652558803558,0.680486559868,-0.417433977127,0.292744517326,-0.526296198368,18.105343000000
1637,1413393967.855760335922,2,2.819703578949,0.022652149200,-3.659277677536,0.676655352116,-0.428539991379,0.299821734428,-0.518264412880,18.935156000000
1638,1413393967.905760526657,2,2.789417982101,0.034045696259,-3.664955139160,0.676712214947,-0.441249877214,0.301945298910,-0.506150364876,18.693411000000
1639,1413393967.955760478973,2,2.755033969879,0.044531822205,-3.665996789932,0.678902566433,-0.453231602907,0.301827549934,-0.492516666651,17.930956000000
1640,1413393968.005760431290,2,2.722697257996,0.054366588593,-3.662031173706,0.681670010090,-0.464362174273,0.299918532372,-0.479314744473,19.284587000000
1641,1413393968.055760383606,2,2.699761867523,0.065073966980,-3.650601148605,0.683415591717,-0.470921486616,0.302265524864,-0.468840867281,17.771650000000
1642,1413393968.105760574341,2,2.671941280365,0.074237823486,-3.637239933014,0.683166861534,-0.475372493267,0.305262953043,-0.462729573250,19.446175000000
1643,1413393968.155760288239,2,2.646867036819,0.083621025085,-3.619351148605,0.681300401688,-0.478878855705,0.307736545801,-0.460220605135,19.730940000000
1644,1413393968.205760478973,2,2.628052711487,0.093067169189,-3.596152305603,0.678321659565,-0.483495444059,0.307422280312,-0.460003793240,19.186705000000
1645,1413393968.255760431290,2,2.607281684875,0.102836608887,-3.575728416443,0.676051199436,-0.488121896982,0.304860144854,-0.460165381432,22.672715000000
1646,1413393968.305760622025,2,2.588505268097,0.112221717834,-3.557086467743,0.675995588303,-0.490655332804,0.303363174200,-0.458539128304,19.304785000000
1647,1413393968.355760335922,2,2.572410583496,0.120883464813,-3.541107892990,0.679469168186,-0.488679975271,0.307160645723,-0.452952414751,18.263231000000
1648,1413393968.405760526657,2,2.558838605881,0.129374504089,-3.527352809906,0.684792816639,-0.483697831631,0.313736617565,-0.445718199015,19.032571000000
1649,1413393968.455760478973,2,2.547513723373,0.138503551483,-3.515417098999,0.689180493355,-0.478207200766,0.320495545864,-0.440035045147,21.011942000000
1650,1413393968.505760431290,2,2.538111209869,0.149098873138,-3.505041837692,0.690756201744,-0.471443116665,0.328395813704,-0.439037054777,18.781342000000
1651,1413393968.555760383606,2,2.530310630798,0.160957813263,-3.496879339218,0.691063642502,-0.465713977814,0.335121065378,-0.439585536718,18.962873000000
1652,1413393968.605760574341,2,2.524212360382,0.174676418304,-3.491755008698,0.691878139973,-0.462072521448,0.339759200811,-0.438585668802,18.408922000000
1653,1413393968.655760288239,2,2.519497394562,0.190006256104,-3.489481687546,0.692153632641,-0.461312681437,0.342272043228,-0.436994224787,20.191968000000
1654,1413393968.705760478973,2,2.517991304398,0.204601764679,-3.490266799927,0.691490709782,-0.463795989752,0.342301428318,-0.435389071703,19.732144000000
1655,1413393968.755760431290,2,2.516102075577,0.223756790161,-3.491303205490,0.690063774586,-0.466982007027,0.342751890421,-0.433890670538,22.004603000000
1656,1413393968.805760622025,2,2.515942811966,0.244460105896,-3.495074033737,0.685689270496,-0.470027029514,0.345784574747,-0.435129821301,19.916677000000
1657,1413393968.855760335922,2,2.517483234406,0.266740322113,-3.500622749329,0.678300857544,-0.472818195820,0.351661384106,-0.438959151506,18.330716000000
1658,1413393968.905760526657,2,2.520373344421,0.290336608887,-3.508501768112,0.667993068695,-0.476664632559,0.358631283045,-0.444926768541,19.735877000000
1659,1413393968.955760478973,2,2.522483110428,0.315811157227,-3.522809982300,0.655195116997,-0.483474701643,0.363712579012,-0.452421098948,19.063299000000
1660,1413393969.005760431290,2,2.526423215866,0.341125965118,-3.535523891449,0.642189025879,-0.492767363787,0.366952180862,-0.458388179541,19.803324000000
1661,1413393969.055760383606,2,2.529965162277,0.366006374359,-3.550979852676,0.629380941391,-0.501780033112,0.371855795383,-0.462406367064,20.995410000000
1662,1413393969.105760574341,2,2.533710718155,0.389476299286,-3.571450710297,0.617073118687,-0.510170161724,0.378625273705,-0.464316844940,23.726027000000
1663,1413393969.155760288239,2,2.535973310471,0.412377357483,-3.589915990829,0.606944203377,-0.517180383205,0.388380408287,-0.461848229170,19.770494000000
1664,1413393969.205760478973,2,2.537856101990,0.434387207031,-3.608289718628,0.598407447338,-0.524889409542,0.397840946913,-0.456204324961,19.981777000000
1665,1413393969.255760431290,2,2.539030075073,0.452805042267,-3.626266002655,0.589740097523,-0.532804667950,0.406951218843,-0.450240641832,19.652208000000
1666,1413393969.305760622025,2,2.538987398148,0.473451614380,-3.643190860748,0.581944406033,-0.543267488480,0.413204133511,-0.442112684250,22.684564000000
1667,1413393969.355760335922,2,2.537736415863,0.493925571442,-3.658921957016,0.573332250118,-0.554213166237,0.417934179306,-0.435280233622,19.698199000000
1668,1413393969.405760526657,2,2.535366058350,0.514330863953,-3.673173904419,0.563417315483,-0.566449403763,0.420058697462,-0.430403113365,20.411256000000
1669,1413393969.455760478973,2,2.531161546707,0.536247730255,-3.684488534927,0.551250934601,-0.579515874386,0.420104324818,-0.428714632988,18.304747000000
1670,1413393969.505760431290,2,2.526792526245,0.555531501770,-3.695806026459,0.536990463734,-0.593377172947,0.417270451784,-0.430616140366,20.596117000000
1671,1413393969.555760383606,2,2.515133619308,0.572945594788,-3.703959703445,0.523819804192,-0.605655491352,0.416618376970,-0.430375874043,18.751598000000
1672,1413393969.605760574341,2,2.508172273636,0.587986230850,-3.714741468430,0.513600528240,-0.618377089500,0.414117276669,-0.427002608776,19.751102000000
1673,1413393969.655760288239,2,2.501178979874,0.599663496017,-3.724195480347,0.504121482372,-0.629708170891,0.413913279772,-0.421906471252,21.392545000000
1674,1413393969.705760478973,2,2.494415521622,0.607797861099,-3.730560779572,0.496550768614,-0.639671146870,0.414227247238,-0.415540516376,20.295783000000
1675,1413393969.755760431290,2,2.485738515854,0.612672567368,-3.734572172165,0.490310907364,-0.648615181446,0.413467615843,-0.409802585840,18.804923000000
1676,1413393969.805760622025,2,2.478717327118,0.613897323608,-3.732662677765,0.484723716974,-0.656178951263,0.412706375122,-0.405148804188,18.597278000000
1677,1413393969.855760335922,2,2.470944166183,0.611461162567,-3.726730823517,0.479743331671,-0.661694228649,0.413119107485,-0.401671141386,18.858875000000
1678,1413393969.905760526657,2,2.461475849152,0.605638027191,-3.716255664825,0.476158559322,-0.664787650108,0.415672004223,-0.398179858923,22.620009000000
1679,1413393969.955760478973,2,2.442615509033,0.594033479691,-3.700198173523,0.475335836411,-0.664322733879,0.422118842602,-0.393124610186,20.577152000000
1680,1413393970.005760431290,2,2.433550834656,0.579768896103,-3.682814598083,0.479101628065,-0.662876784801,0.429038822651,-0.383382081985,20.274053000000
1681,1413393970.055760383606,2,2.424679756165,0.562364101410,-3.662782192230,0.486831724644,-0.657655060291,0.439868986607,-0.370135098696,21.259635000000
1682,1413393970.105760574341,2,2.415481090546,0.543325901031,-3.642385721207,0.496042281389,-0.652795374393,0.448916465044,-0.355351030827,20.523534000000
1683,1413393970.155760288239,2,2.403175115585,0.524860382080,-3.622788667679,0.503645002842,-0.649387419224,0.455151319504,-0.342746198177,19.013053000000
1684,1413393970.205760478973,2,2.393800735474,0.506343126297,-3.604895353317,0.509482800961,-0.647473990917,0.458056032658,-0.333750665188,19.730324000000
1685,1413393970.255760431290,2,2.385238647461,0.488461732864,-3.589264869690,0.512947797775,-0.646234452724,0.459746748209,-0.328479200602,19.646429000000
1686,1413393970.305760622025,2,2.377928018570,0.471443414688,-3.576292037964,0.515066266060,-0.645296990871,0.460667282343,-0.325705856085,19.854542000000
1687,1413393970.355760335922,2,2.372185945511,0.455084085464,-3.565494775772,0.516580462456,-0.645111799240,0.460254997015,-0.324254333973,20.853857000000
1688,1413393970.405760526657,2,2.368437290192,0.439709901810,-3.555608272552,0.518080711365,-0.644432425499,0.460202157497,-0.323285222054,22.979821000000
1689,1413393970.455760478973,2,2.366868019104,0.425199747086,-3.545639753342,0.519012033939,-0.642866492271,0.461315602064,-0.323321998119,21.930145000000
1690,1413393970.505760431290,2,2.362004995346,0.409896612167,-3.533954620361,0.518074393272,-0.638949215412,0.465466797352,-0.326624572277,20.885363000000
1691,1413393970.555760383606,2,2.364005088806,0.398127079010,-3.522610425949,0.515786111355,-0.634961068630,0.470166414976,-0.331259429455,21.195107000000
1692,1413393970.605760574341,2,2.367263317108,0.387405872345,-3.511704683304,0.514848768711,-0.630397439003,0.475351929665,-0.334021508694,21.358124000000
1693,1413393970.655760288239,2,2.371599197388,0.377719163895,-3.501581668854,0.514246225357,-0.624468803406,0.482621163130,-0.335658103228,21.991417000000
1694,1413393970.705760478973,2,2.376634597778,0.369067907333,-3.494709253311,0.514969170094,-0.618075907230,0.490605592728,-0.334806114435,21.247939000000
1695,1413393970.755760431290,2,2.381716489792,0.361521482468,-3.492446899414,0.518413007259,-0.611164510250,0.499501198530,-0.328974813223,20.999273000000
1696,1413393970.805760622025,2,2.386850595474,0.356111288071,-3.494168281555,0.524401068687,-0.604358017445,0.507768690586,-0.319258570671,22.131110000000
1697,1413393970.855760335922,2,2.393781661987,0.353090286255,-3.498867273331,0.530192971230,-0.599184036255,0.514285445213,-0.308843702078,21.240680000000
1698,1413393970.905760526657,2,2.400836467743,0.354578971863,-3.505374670029,0.534799873829,-0.594882369041,0.519415378571,-0.300519108772,23.110901000000
1699,1413393970.955760478973,2,2.408515214920,0.361583709717,-3.511387109756,0.536804258823,-0.592145800591,0.522673547268,-0.296676456928,22.628617000000
1700,1413393971.005760431290,2,2.413814544678,0.373195648193,-3.518621444702,0.536011993885,-0.591359734535,0.523469626904,-0.298269033432,22.600869000000
1701,1413393971.055760383606,2,2.421098232269,0.392050504684,-3.521921873093,0.531000494957,-0.592364966869,0.521909117699,-0.307819962502,21.082607000000
1702,1413393971.105760574341,2,2.428783655167,0.415881872177,-3.523098945618,0.523929655552,-0.593784034252,0.519482374191,-0.321023851633,20.674733000000
1703,1413393971.155760288239,2,2.436015367508,0.443872451782,-3.520848989487,0.515995204449,-0.590538084507,0.522015273571,-0.335430860519,20.226802000000
1704,1413393971.205760478973,2,2.442016601562,0.475923299789,-3.514645814896,0.506778061390,-0.585718631744,0.525794267654,-0.351639181376,21.168213000000
1705,1413393971.255760431290,2,2.446737051010,0.511158466339,-3.504764556885,0.498595803976,-0.579305589199,0.531164288521,-0.365611582994,20.930432000000
1706,1413393971.305760622025,2,2.454752922058,0.554393291473,-3.484975337982,0.491540402174,-0.572035372257,0.537622034550,-0.376996129751,19.331990000000
1707,1413393971.355760335922,2,2.451892852783,0.595500469208,-3.475271701813,0.485208988190,-0.564249098301,0.544481992722,-0.386955589056,21.060301000000
1708,1413393971.405760526657,2,2.444458007812,0.639176368713,-3.469036102295,0.480651348829,-0.558920800686,0.548852205276,-0.394136071205,21.827147000000
1709,1413393971.455760478973,2,2.438979625702,0.681675434113,-3.463087558746,0.479627102613,-0.560176312923,0.545530259609,-0.398192405701,19.316182000000
1710,1413393971.505760431290,2,2.422450065613,0.730027675629,-3.465286016464,0.481341540813,-0.567915916443,0.535267531872,-0.399087160826,21.429703000000
1711,1413393971.555760383606,2,2.401111364365,0.780392646790,-3.470241546631,0.483786463737,-0.580726981163,0.519127309322,-0.399015963078,21.435714000000
1712,1413393971.605760574341,2,2.378169059753,0.834501743317,-3.475805997849,0.482289254665,-0.596885740757,0.498318284750,-0.403488963842,19.244112000000
1713,1413393971.655760288239,2,2.350073337555,0.886843681335,-3.479393959045,0.477848023176,-0.613059699535,0.476285010576,-0.411061704159,20.791775000000
1714,1413393971.705760478973,2,2.319759130478,0.937224626541,-3.481078386307,0.469155460596,-0.627161860466,0.457044512033,-0.421510934830,21.129846000000
1715,1413393971.755760431290,2,2.286911964417,0.985128164291,-3.479828357697,0.457927405834,-0.640372276306,0.438644528389,-0.433378547430,19.775678000000
1716,1413393971.805760622025,2,2.251749038696,1.028518676758,-3.476970911026,0.447844564915,-0.651421189308,0.423568636179,-0.442352116108,22.790917000000
1717,1413393971.855760335922,2,2.220596313477,1.064340353012,-3.474726915359,0.440334051847,-0.660070896149,0.412601053715,-0.447406798601,21.888791000000
1718,1413393971.905760526657,2,2.181613922119,1.095566511154,-3.469718456268,0.438313752413,-0.664433836937,0.409187138081,-0.446065783501,20.626050000000
1719,1413393971.955760478973,2,2.140840291977,1.120171308517,-3.463749647141,0.441665172577,-0.666015148163,0.411437988281,-0.438263148069,21.614346000000
1720,1413393972.005760431290,2,2.104774951935,1.141082048416,-3.459179878235,0.446043521166,-0.666320681572,0.416593521833,-0.428382694721,22.292780000000
1721,1413393972.055760383606,2,2.062139987946,1.154609918594,-3.450658559799,0.452598631382,-0.665096759796,0.423070281744,-0.416908055544,21.031576000000
1722,1413393972.105760574341,2,2.018701314926,1.164321422577,-3.442289590836,0.456724166870,-0.666223824024,0.425315886736,-0.408234506845,20.663057000000
1723,1413393972.155760288239,2,1.974544048309,1.171281814575,-3.437867164612,0.460099220276,-0.671036481857,0.421210259199,-0.400750100613,23.742393000000
1724,1413393972.205760478973,2,1.933172702789,1.170173645020,-3.442746400833,0.464009284973,-0.676460564137,0.414998799562,-0.393538445234,20.746929000000
1725,1413393972.255760431290,2,1.889463067055,1.171132564545,-3.448131084442,0.469259053469,-0.679958164692,0.411427557468,-0.384941786528,20.560879000000
1726,1413393972.305760622025,2,1.847064495087,1.168014526367,-3.456364631653,0.476956874132,-0.676249563694,0.419163167477,-0.373498380184,21.669145000000
1727,1413393972.355760335922,2,1.806330442429,1.161914587021,-3.465122461319,0.484661996365,-0.667795300484,0.432703256607,-0.363207966089,22.626938000000
1728,1413393972.405760526657,2,1.766312837601,1.154214620590,-3.473222017288,0.491896927357,-0.659924983978,0.444314599037,-0.353724449873,28.906318000000
1729,1413393972.455760478973,2,1.730163097382,1.142350912094,-3.484132289886,0.498266905546,-0.651619195938,0.455331534147,-0.346115291119,20.444081000000
1730,1413393972.505760431290,2,1.691875696182,1.134133338928,-3.491286277771,0.506151139736,-0.647376835346,0.460094690323,-0.336195170879,20.492513000000
1731,1413393972.555760383606,2,1.654916048050,1.126589059830,-3.498339653015,0.514066457748,-0.647524774075,0.458963274956,-0.325269341469,21.026060000000
1732,1413393972.605760574341,2,1.620678305626,1.120068311691,-3.503868818283,0.519667148590,-0.648331522942,0.457228511572,-0.317103266716,22.883086000000
1733,1413393972.655760288239,2,1.587661027908,1.117446184158,-3.515189647675,0.521853625774,-0.648905575275,0.456887632608,-0.312800496817,22.645705000000
1734,1413393972.705760478973,2,1.558841824532,1.113310813904,-3.519890308380,0.522934079170,-0.648823440075,0.457455545664,-0.310326546431,22.090278000000
1735,1413393972.755760431290,2,1.532308578491,1.110624313354,-3.525485754013,0.523009479046,-0.648824095726,0.458310723305,-0.308933287859,20.515032000000
1736,1413393972.805760622025,2,1.508524894714,1.109291076660,-3.531420946121,0.521792888641,-0.647726953030,0.461094677448,-0.309149861336,20.529592000000
1737,1413393972.855760335922,2,1.487111687660,1.109263181686,-3.537819862366,0.520040333271,-0.646890580654,0.464073270559,-0.309397250414,21.152610000000
1738,1413393972.905760526657,2,1.468223214149,1.110572576523,-3.545077085495,0.519240617752,-0.645741283894,0.467140406370,-0.308524221182,21.600846000000
1739,1413393972.955760478973,2,1.452297687531,1.113305568695,-3.552356243134,0.518145680428,-0.644454777241,0.471065789461,-0.307083249092,20.509504000000
1740,1413393973.005760431290,2,1.439172267914,1.117703676224,-3.559084653854,0.518090665340,-0.642516076565,0.475238919258,-0.304800152779,24.617165000000
1741,1413393973.055760383606,2,1.432308435440,1.126040697098,-3.564233303070,0.516726672649,-0.639448106289,0.480504065752,-0.305312156677,22.717205000000
1742,1413393973.105760574341,2,1.423184037209,1.135107517242,-3.571009874344,0.514115273952,-0.636014699936,0.486039549112,-0.308117479086,20.190520000000
1743,1413393973.155760288239,2,1.415822029114,1.146586894989,-3.577325820923,0.510931909084,-0.631683886051,0.492054909468,-0.312739521265,27.660416000000
1744,1413393973.205760478973,2,1.409030795097,1.160760641098,-3.583796024323,0.507383406162,-0.626413583755,0.498687922955,-0.318556785583,21.816459000000
1745,1413393973.255760431290,2,1.402349591255,1.177595138550,-3.589597702026,0.502905964851,-0.619861662388,0.506717503071,-0.325721651316,23.810449000000
1746,1413393973.305760622025,2,1.395622014999,1.197190761566,-3.595390796661,0.497498720884,-0.612507462502,0.515267312527,-0.334408968687,21.433677000000
1747,1413393973.355760335922,2,1.388304948807,1.219228982925,-3.601124763489,0.492562800646,-0.605652451515,0.522723734379,-0.342530429363,20.628455000000
1748,1413393973.405760526657,2,1.380002975464,1.244152069092,-3.606229305267,0.487524867058,-0.598666608334,0.529737055302,-0.351136147976,20.597098000000
1749,1413393973.455760478973,2,1.369465947151,1.271737813950,-3.611283779144,0.483808606863,-0.591901361942,0.535993158817,-0.358180582523,20.495740000000
1750,1413393973.505760431290,2,1.356230139732,1.302398443222,-3.616513729095,0.480030417442,-0.584738731384,0.542913854122,-0.364549130201,23.941966000000
1751,1413393973.555760383606,2,1.339057803154,1.335947036743,-3.622305393219,0.477206915617,-0.580372035503,0.546559691429,-0.369749069214,21.866888000000
1752,1413393973.605760574341,2,1.314724564552,1.370678901672,-3.626717567444,0.474989861250,-0.578452289104,0.547065079212,-0.374829769135,21.503785000000
1753,1413393973.655760288239,2,1.289885520935,1.410945892334,-3.632131338120,0.471425414085,-0.580823600292,0.542247235775,-0.382583379745,20.686327000000
1754,1413393973.705760478973,2,1.260517716408,1.454078197479,-3.637635707855,0.468158572912,-0.589666008949,0.529321193695,-0.391076296568,21.942294000000
1755,1413393973.755760431290,2,1.226750016212,1.499118566513,-3.642945289612,0.465373367071,-0.602839767933,0.510245382786,-0.399576783180,21.494617000000
1756,1413393973.805760622025,2,1.184345960617,1.541482448578,-3.648628711700,0.462497502565,-0.617557525635,0.488296240568,-0.407781392336,21.957985000000
1757,1413393973.855760335922,2,1.143182992935,1.586020946503,-3.652506113052,0.457594484091,-0.635137617588,0.461612284184,-0.417278945446,21.185196000000
1758,1413393973.905760526657,2,1.099458932877,1.627652168274,-3.655125141144,0.451795518398,-0.652155637741,0.434055358171,-0.426813632250,22.799851000000
1759,1413393973.955760478973,2,1.054651379585,1.662117958069,-3.657141923904,0.449047029018,-0.668911337852,0.406815499067,-0.430599212646,20.527522000000
1760,1413393974.005760431290,2,1.007061481476,1.692809581757,-3.660323858261,0.454456031322,-0.684970796108,0.380366593599,-0.423799604177,20.474541000000
1761,1413393974.055760383606,2,0.958834409714,1.716496706009,-3.663341045380,0.463206082582,-0.700386703014,0.355570077896,-0.410449177027,22.264951000000
1762,1413393974.105760574341,2,0.908150315285,1.730496883392,-3.666186332703,0.474961787462,-0.714251995087,0.332019984722,-0.392451465130,21.398133000000
1763,1413393974.155760288239,2,0.862682700157,1.737614870071,-3.667054653168,0.487891584635,-0.725416243076,0.312543898821,-0.371550142765,20.725861000000
1764,1413393974.205760478973,2,0.822088658810,1.735392808914,-3.666174888611,0.505289971828,-0.730397939682,0.302525073290,-0.345947325230,20.490875000000
1765,1413393974.255760431290,2,0.787639498711,1.715687990189,-3.657615184784,0.525952160358,-0.728705823421,0.302109479904,-0.317949950695,23.127115000000
1766,1413393974.305760622025,2,0.762897670269,1.696410655975,-3.650779008865,0.544773876667,-0.723524987698,0.307647496462,-0.291695296764,17.935662000000
1767,1413393974.355760335922,2,0.748925089836,1.671773195267,-3.640262842178,0.560751736164,-0.717268586159,0.313901126385,-0.269349902868,19.569722000000
1768,1413393974.405760526657,2,0.746356606483,1.643404245377,-3.628209352493,0.574401378632,-0.709844827652,0.321891307831,-0.250138700008,18.450535000000
1769,1413393974.455760478973,2,0.755209803581,1.612835168839,-3.614131450653,0.586978733540,-0.699165642262,0.334157079458,-0.234440743923,19.470306000000
1770,1413393974.505760431290,2,0.791878819466,1.576388239861,-3.587578535080,0.598492324352,-0.685772597790,0.349204838276,-0.222663074732,18.162468000000
1771,1413393974.555760383606,2,0.825894236565,1.545535326004,-3.568417072296,0.607090353966,-0.670198857784,0.368034929037,-0.216390967369,19.141303000000
1772,1413393974.605760574341,2,0.871441841125,1.517427206039,-3.547053098679,0.611277341843,-0.654727041721,0.387961953878,-0.217159122229,21.036967000000
1773,1413393974.655760288239,2,0.935891866684,1.491200089455,-3.519151926041,0.611955165863,-0.638830244541,0.409092426300,-0.223718896508,18.580406000000
1774,1413393974.705760478973,2,1.000454664230,1.471433758736,-3.495407342911,0.608951151371,-0.622268021107,0.431821733713,-0.235565438867,19.229505000000
1775,1413393974.755760431290,2,1.070986866951,1.456902265549,-3.471807718277,0.603377223015,-0.608026444912,0.451492816210,-0.249788165092,22.470996000000
1776,1413393974.805760622025,2,1.147531747818,1.451036453247,-3.447869062424,0.596765458584,-0.595319569111,0.468987971544,-0.263658821583,20.037792000000
1777,1413393974.855760335922,2,1.225079655647,1.447849035263,-3.428320884705,0.586257457733,-0.588212966919,0.480310410261,-0.282151818275,20.257250000000
1778,1413393974.905760526657,2,1.304331541061,1.449758529663,-3.411636114120,0.573821485043,-0.585748612881,0.486045181751,-0.302303820848,21.541183000000
1779,1413393974.955760478973,2,1.384412646294,1.455359935760,-3.398799896240,0.561483204365,-0.584137082100,0.490661770105,-0.320580035448,20.044127000000
1780,1413393975.005760431290,2,1.462051510811,1.464895009995,-3.388941764832,0.549133896828,-0.583617687225,0.493456721306,-0.338146299124,19.341398000000
1781,1413393975.055760383606,2,1.540469169617,1.476894617081,-3.384163856506,0.538254916668,-0.585083365440,0.493312031031,-0.352990776300,21.078189000000
1782,1413393975.105760574341,2,1.620088815689,1.490801334381,-3.383553504944,0.529016673565,-0.587034642696,0.492305189371,-0.364921003580,20.735528000000
1783,1413393975.155760288239,2,1.695012807846,1.507091522217,-3.385302305222,0.521011412144,-0.590849578381,0.488465964794,-0.375293254852,21.498432000000
1784,1413393975.205760478973,2,1.767799615860,1.524438619614,-3.389458179474,0.516331911087,-0.594954371452,0.484287470579,-0.380652517080,21.501885000000
1785,1413393975.255760431290,2,1.834103703499,1.542899370193,-3.395086050034,0.513238847256,-0.599146008492,0.479606389999,-0.384171515703,20.016667000000
1786,1413393975.305760622025,2,1.901663899422,1.561956644058,-3.398730993271,0.512026906013,-0.602367699146,0.475833386183,-0.385440468788,20.303790000000
1787,1413393975.355760335922,2,1.967366933823,1.581238985062,-3.399960994720,0.511962950230,-0.600843608379,0.478265911341,-0.384892910719,20.400070000000
1788,1413393975.405760526657,2,2.030924320221,1.600951194763,-3.401046037674,0.511803567410,-0.597764849663,0.482634097338,-0.384446024895,20.066859000000
1789,1413393975.455760478973,2,2.091225624084,1.621907234192,-3.400974273682,0.513115048409,-0.592609584332,0.488960266113,-0.382681041956,18.977922000000
1790,1413393975.505760431290,2,2.149054288864,1.644335746765,-3.399875640869,0.513315677643,-0.587810516357,0.494730293751,-0.382397502661,22.385518000000
1791,1413393975.555760383606,2,2.202409505844,1.668661355972,-3.401156187057,0.513585269451,-0.583260357380,0.500163555145,-0.381934642792,20.075449000000
1792,1413393975.605760574341,2,2.253544330597,1.695004224777,-3.399285793304,0.513308584690,-0.580302059650,0.503485739231,-0.382447302341,18.772095000000
1793,1413393975.655760288239,2,2.301171302795,1.723673105240,-3.397069454193,0.512327849865,-0.579294741154,0.504282832146,-0.384235292673,20.447727000000
1794,1413393975.705760478973,2,2.345337867737,1.754724264145,-3.394750118256,0.509264647961,-0.582668066025,0.500000357628,-0.388776451349,21.423020000000
1795,1413393975.755760431290,2,2.387060165405,1.788575172424,-3.395630121231,0.504935920238,-0.588029205799,0.494027137756,-0.393952637911,22.101508000000
1796,1413393975.805760622025,2,2.424845218658,1.822479009628,-3.393229246140,0.500674009323,-0.593650817871,0.488178879023,-0.398228287697,23.299285000000
1797,1413393975.855760335922,2,2.462885379791,1.855919122696,-3.391256570816,0.494436055422,-0.598658025265,0.483556479216,-0.404122084379,21.255649000000
1798,1413393975.905760526657,2,2.494741439819,1.890228986740,-3.387627601624,0.487868040800,-0.604136407375,0.478726267815,-0.409664809704,20.099985000000
1799,1413393975.955760478973,2,2.524054765701,1.923518657684,-3.384432077408,0.485405743122,-0.608460485935,0.475809901953,-0.409587740898,20.334626000000
1800,1413393976.005760431290,2,2.550498008728,1.955621480942,-3.382002830505,0.485371083021,-0.613151609898,0.473150730133,-0.405694961548,23.932897000000
1801,1413393976.055760383606,2,2.575326442719,1.983083724976,-3.381945848465,0.487764716148,-0.616903185844,0.471656441689,-0.398818701506,18.332538000000
1802,1413393976.105760574341,2,2.597191810608,2.013453006744,-3.384559631348,0.490013867617,-0.620387792587,0.470738351345,-0.391677051783,40.514381000000
1803,1413393976.155760288239,2,2.617566108704,2.043475866318,-3.388850927353,0.490623235703,-0.623258650303,0.470116198063,-0.387076646090,20.852750000000
1804,1413393976.205760478973,2,2.638580083847,2.071349143982,-3.397289037704,0.489875674248,-0.627048492432,0.467962622643,-0.384503573179,19.266770000000
1805,1413393976.255760431290,2,2.655809402466,2.100691556931,-3.405851602554,0.487465679646,-0.630332350731,0.465552419424,-0.385122537613,21.361301000000
1806,1413393976.305760622025,2,2.673769712448,2.127552986145,-3.418540239334,0.483622699976,-0.632857024670,0.463638067245,-0.388124883175,18.916401000000
1807,1413393976.355760335922,2,2.688871383667,2.155060529709,-3.428042411804,0.478409916162,-0.633783936501,0.463338136673,-0.393395125866,18.825680000000
1808,1413393976.405760526657,2,2.702085733414,2.181383609772,-3.435635805130,0.474409371614,-0.633144319057,0.463650047779,-0.398864358664,19.961923000000
1809,1413393976.455760478973,2,2.713415145874,2.202863216400,-3.444388389587,0.472703427076,-0.632099628448,0.461984485388,-0.404440313578,21.203416000000
1810,1413393976.505760431290,2,2.721201419830,2.226183652878,-3.447599649429,0.475043416023,-0.632052719593,0.457020163536,-0.407401233912,19.483596000000
1811,1413393976.555760383606,2,2.727454900742,2.247459173203,-3.448620557785,0.480157673359,-0.630741178989,0.452196776867,-0.408818215132,19.230110000000
1812,1413393976.605760574341,2,2.732025861740,2.266453266144,-3.449470758438,0.486093282700,-0.629714369774,0.446934401989,-0.409173309803,20.292851000000
1813,1413393976.655760288239,2,2.737981081009,2.281233072281,-3.454889535904,0.491590619087,-0.628310918808,0.442040592432,-0.410078436136,19.707927000000
1814,1413393976.705760478973,2,2.740458011627,2.296405076981,-3.458842277527,0.494296640158,-0.627319455147,0.436671137810,-0.414076775312,18.416332000000
1815,1413393976.755760431290,2,2.742077350616,2.309370994568,-3.465096950531,0.496945023537,-0.626399099827,0.431600034237,-0.417601764202,18.120969000000
1816,1413393976.805760622025,2,2.742929935455,2.319832563400,-3.474090814590,0.499994844198,-0.626812279224,0.425684273243,-0.419409751892,19.067953000000
1817,1413393976.855760335922,2,2.742753744125,2.327388286591,-3.484911203384,0.505631268024,-0.628384470940,0.419213682413,-0.416809141636,19.988710000000
1818,1413393976.905760526657,2,2.741014480591,2.331796646118,-3.496124982834,0.514158546925,-0.630637049675,0.412409484386,-0.409702897072,19.085385000000
1819,1413393976.955760478973,2,2.737606287003,2.333040475845,-3.506284236908,0.522040843964,-0.632406890392,0.407231092453,-0.402116566896,20.223802000000
1820,1413393977.005760431290,2,2.723490953445,2.329877376556,-3.515691995621,0.531443417072,-0.631709814072,0.405712574720,-0.392311185598,23.077956000000
1821,1413393977.055760383606,2,2.722781896591,2.326371192932,-3.524130105972,0.539464116096,-0.629155576229,0.408368408680,-0.382592588663,23.161306000000
1822,1413393977.105760574341,2,2.724236249924,2.321331977844,-3.530290365219,0.545875310898,-0.625591218472,0.412887752056,-0.374405682087,21.244399000000
1823,1413393977.155760288239,2,2.728696346283,2.315627813339,-3.531830310822,0.549167871475,-0.621023714542,0.418697535992,-0.370724409819,24.599454000000
1824,1413393977.205760478973,2,2.735429525375,2.309696197510,-3.529197692871,0.551009535789,-0.616185247898,0.425559699535,-0.368243306875,18.817737000000
1825,1413393977.255760431290,2,2.743367195129,2.304217100143,-3.522565841675,0.550956428051,-0.612019896507,0.431492388248,-0.368365466595,18.467123000000
1826,1413393977.305760622025,2,2.753708124161,2.299230813980,-3.512294530869,0.550210893154,-0.608001530170,0.437124878168,-0.369491487741,18.645692000000
1827,1413393977.355760335922,2,2.760141849518,2.295679092407,-3.501183748245,0.549241781235,-0.605449676514,0.441477745771,-0.369948059320,18.052462000000
1828,1413393977.405760526657,2,2.768999099731,2.293001174927,-3.485858678818,0.548245489597,-0.603204786777,0.445803284645,-0.369905769825,20.787606000000
1829,1413393977.455760478973,2,2.779316186905,2.291006326675,-3.469236135483,0.547190904617,-0.602501571178,0.448057144880,-0.369890242815,20.547600000000
1830,1413393977.505760431290,2,2.790019273758,2.290100574493,-3.452212333679,0.547573924065,-0.601472854614,0.451074272394,-0.367321610451,21.022753000000
1831,1413393977.555760383606,2,2.796441555023,2.294931650162,-3.441726207733,0.546692311764,-0.601164102554,0.453804761171,-0.365773797035,19.487858000000
1832,1413393977.605760574341,2,2.809138298035,2.296423196793,-3.426146268845,0.546304821968,-0.601911127567,0.454679250717,-0.364034175873,20.193704000000
1833,1413393977.655760288239,2,2.821876764297,2.299105167389,-3.413632154465,0.545744419098,-0.602634251118,0.455461800098,-0.362697601318,20.549347000000
1834,1413393977.705760478973,2,2.835179090500,2.302857875824,-3.404664516449,0.545102059841,-0.603290438652,0.456502556801,-0.361261546612,21.837167000000
1835,1413393977.755760431290,2,2.848857402802,2.307762145996,-3.398015260696,0.544019758701,-0.604791164398,0.456610023975,-0.360246330500,21.255761000000
1836,1413393977.805760622025,2,2.862949609756,2.314118385315,-3.393176555634,0.542486608028,-0.605880916119,0.457222819328,-0.359949886799,21.643276000000
1837,1413393977.855760335922,2,2.877301692963,2.321779251099,-3.389107227325,0.541496694088,-0.606475889683,0.458278238773,-0.359095394611,21.971654000000
1838,1413393977.905760526657,2,2.891575098038,2.331106901169,-3.384758710861,0.539976060390,-0.607303738594,0.459292322397,-0.358690291643,23.962281000000
1839,1413393977.955760478973,2,2.900027513504,2.342540502548,-3.384929656982,0.538105547428,-0.608409762383,0.460104733706,-0.358585536480,20.937536000000
1840,1413393978.005760431290,2,2.915496826172,2.354353189468,-3.380354881287,0.536088168621,-0.610502660275,0.459810554981,-0.358427405357,20.974689000000
1841,1413393978.055760383606,2,2.931211471558,2.367392778397,-3.375219106674,0.533460140228,-0.613389730453,0.458876580000,-0.358616411686,21.196964000000
1842,1413393978.105760574341,2,2.947140693665,2.381536722183,-3.369319677353,0.530559241772,-0.616494894028,0.457536786795,-0.359306544065,21.444444000000
1843,1413393978.155760288239,2,2.963304758072,2.396646261215,-3.362752437592,0.527222990990,-0.619390308857,0.456085622311,-0.361078351736,22.654894000000
1844,1413393978.205760478973,2,2.979888677597,2.412269353867,-3.355891227722,0.523262381554,-0.622168779373,0.455270588398,-0.363085716963,22.923501000000
1845,1413393978.255760431290,2,2.997385025024,2.429822444916,-3.343595027924,0.518233895302,-0.625599801540,0.455005258322,-0.364731043577,21.213312000000
1846,1413393978.305760622025,2,3.014812469482,2.445320606232,-3.336494207382,0.512462198734,-0.628788888454,0.456100553274,-0.366031974554,22.591209000000
1847,1413393978.355760335922,2,3.032460689545,2.460256099701,-3.328594446182,0.504172027111,-0.632468402386,0.458276957273,-0.368478834629,21.897376000000
1848,1413393978.405760526657,2,3.049823760986,2.474359989166,-3.320583820343,0.496260643005,-0.636540770531,0.460905909538,-0.368926733732,21.580634000000
1849,1413393978.455760478973,2,3.066773176193,2.487510204315,-3.311612844467,0.485938608646,-0.640969812870,0.464906930923,-0.369976848364,25.271975000000
1850,1413393978.505760431290,2,3.082461118698,2.495974779129,-3.295903682709,0.475788652897,-0.646346330643,0.468367934227,-0.369449883699,20.625146000000
1851,1413393978.555760383606,2,3.097738981247,2.506665468216,-3.286456108093,0.464857518673,-0.650968849659,0.474377006292,-0.367577880621,20.610654000000
1852,1413393978.605760574341,2,3.111558914185,2.516078472137,-3.277793169022,0.454535037279,-0.658093988895,0.478578686714,-0.362315684557,20.710517000000
1853,1413393978.655760288239,2,3.123793125153,2.524386167526,-3.268892049789,0.444008708000,-0.665336012840,0.482948511839,-0.356293648481,20.896450000000
1854,1413393978.705760478973,2,3.135331153870,2.531327247620,-3.258538484573,0.434133678675,-0.673871636391,0.486021608114,-0.348149359226,20.121932000000
1855,1413393978.755760431290,2,3.144711256027,2.537391424179,-3.250298500061,0.423872292042,-0.683145165443,0.488382428885,-0.339304625988,21.483739000000
1856,1413393978.805760622025,2,3.153121232986,2.542784214020,-3.241430044174,0.413691759109,-0.691789805889,0.490499466658,-0.331204473972,23.144455000000
1857,1413393978.855760335922,2,3.163497924805,2.547505378723,-3.228165626526,0.401961445808,-0.700453281403,0.493132799864,-0.323438256979,21.567369000000
1858,1413393978.905760526657,2,3.170168876648,2.550303936005,-3.217898368835,0.390031665564,-0.707596421242,0.497362524271,-0.315932422876,23.594288000000
1859,1413393978.955760478973,2,3.176097869873,2.551787376404,-3.207098722458,0.377382189035,-0.714455187321,0.501404941082,-0.309402197599,22.411451000000
1860,1413393979.005760431290,2,3.186656475067,2.548688888550,-3.193651199341,0.363927632570,-0.722169220448,0.504046559334,-0.303257942200,21.152349000000
1861,1413393979.055760383606,2,3.190422534943,2.546881675720,-3.182983875275,0.350260317326,-0.729081213474,0.507517397404,-0.296958625317,21.288926000000
1862,1413393979.105760574341,2,3.192862510681,2.543348312378,-3.172138929367,0.335853964090,-0.735725820065,0.511162638664,-0.290899306536,23.101777000000
1863,1413393979.155760288239,2,3.193643331528,2.537878036499,-3.161728620529,0.321951925755,-0.742240667343,0.515379428864,-0.282506495714,23.465506000000
1864,1413393979.205760478973,2,3.193140029907,2.530469894409,-3.149800300598,0.308703511953,-0.748003602028,0.520465850830,-0.272595137358,20.950907000000
1865,1413393979.255760431290,2,3.190937757492,2.521912097931,-3.143403053284,0.295145601034,-0.753485679626,0.525291562080,-0.263091653585,22.085704000000
1866,1413393979.305760622025,2,3.186951160431,2.512249946594,-3.140151977539,0.280560702085,-0.758800506592,0.529961109161,-0.254261046648,23.032544000000
1867,1413393979.355760335922,2,3.180788516998,2.501512527466,-3.139758586884,0.265083611012,-0.763815522194,0.534322619438,-0.246609002352,21.910695000000
1868,1413393979.405760526657,2,3.172582387924,2.485239028931,-3.142945528030,0.249360650778,-0.769037902355,0.537430167198,-0.239934951067,20.847845000000
1869,1413393979.455760478973,2,3.162050962448,2.472448348999,-3.148709535599,0.233355626464,-0.773638904095,0.540987133980,-0.233154222369,21.275757000000
1870,1413393979.505760431290,2,3.149075984955,2.458789110184,-3.156748771667,0.216951295733,-0.778260946274,0.543634772301,-0.227383777499,21.304364000000
1871,1413393979.555760383606,2,3.133653640747,2.443392992020,-3.166667699814,0.200539812446,-0.782735586166,0.546157240868,-0.220955044031,21.271859000000
1872,1413393979.605760574341,2,3.116149187088,2.425725460052,-3.178326129913,0.185043469071,-0.787021040916,0.548685073853,-0.212841629982,23.175401000000
1873,1413393979.655760288239,2,3.103377580643,2.398139238358,-3.188490152359,0.171199679375,-0.790955066681,0.551543176174,-0.202190205455,25.131160000000
1874,1413393979.705760478973,2,3.080224037170,2.376895189285,-3.200513839722,0.158071160316,-0.793670177460,0.555779993534,-0.190288797021,23.394403000000
1875,1413393979.755760431290,2,3.054317712784,2.354427337646,-3.211295604706,0.146326243877,-0.796385765076,0.559242844582,-0.177780315280,21.329922000000
1876,1413393979.805760622025,2,3.025181770325,2.330637454987,-3.220716476440,0.136453181505,-0.798543274403,0.563261032104,-0.162623152137,21.756434000000
1877,1413393979.855760335922,2,2.993553400040,2.306064128876,-3.228706598282,0.126989781857,-0.801643311977,0.565392315388,-0.146877899766,24.748107000000
1878,1413393979.905760526657,2,2.959945201874,2.280753135681,-3.235323429108,0.117192037404,-0.804891169071,0.566527664661,-0.132146283984,22.097624000000
1879,1413393979.955760478973,2,2.929360151291,2.253909349442,-3.241234779358,0.106939651072,-0.808462440968,0.566652595997,-0.117716938257,22.834805000000
1880,1413393980.005760431290,2,2.892686367035,2.227130413055,-3.245684623718,0.095921330154,-0.811894953251,0.566291332245,-0.104594014585,28.906420000000
1881,1413393980.055760383606,2,2.854611635208,2.199988365173,-3.250565290451,0.086666315794,-0.816523671150,0.563725352287,-0.089397296309,22.312179000000
1882,1413393980.105760574341,2,2.815601110458,2.172109603882,-3.255182266235,0.078725725412,-0.821440815926,0.560079157352,-0.073133789003,20.994171000000
1883,1413393980.155760288239,2,2.779861927032,2.143340587616,-3.260538339615,0.072555258870,-0.825786232948,0.556592822075,-0.054931309074,19.637761000000
1884,1413393980.205760478973,2,2.741137742996,2.113393783569,-3.264959096909,0.067309595644,-0.830825924873,0.551135718822,-0.038040988147,21.153909000000
1885,1413393980.255760431290,2,2.703654527664,2.082268953323,-3.268911838531,0.063083127141,-0.834838032722,0.546360433102,-0.023587044328,22.567673000000
1886,1413393980.305760622025,2,2.670778512955,2.051759004593,-3.275474786758,0.058946415782,-0.837963819504,0.542400956154,-0.011966601945,21.876926000000
1887,1413393980.355760335922,2,2.636780500412,2.017690896988,-3.278455972672,0.055866111070,-0.840048730373,0.539615213871,-0.003547020955,23.996234000000
1888,1413393980.405760526657,2,2.604965209961,1.980972290039,-3.280930042267,0.053899284452,-0.840089976788,0.539754390717,0.002982607344,23.859729000000
1889,1413393980.455760478973,2,2.582649946213,1.942193746567,-3.283417940140,0.051785662770,-0.838737368584,0.542019426823,0.007271528710,20.899515000000
1890,1413393980.505760431290,2,2.556137323380,1.901310682297,-3.285138845444,0.050423901528,-0.834937512875,0.547936379910,0.010128350928,21.424459000000
1891,1413393980.555760383606,2,2.532032251358,1.858619689941,-3.286260128021,0.049139935523,-0.829347908497,0.556458711624,0.011005120352,20.098052000000
1892,1413393980.605760574341,2,2.514430046082,1.812463641167,-3.289217710495,0.048678770661,-0.822764813900,0.566162884235,0.012170783244,20.615143000000
1893,1413393980.655760288239,2,2.494764089584,1.767401576042,-3.290449142456,0.048968225718,-0.817426681519,0.573793888092,0.013278471306,21.384298000000
1894,1413393980.705760478973,2,2.477488279343,1.722126126289,-3.291572809219,0.048974957317,-0.813981950283,0.578674852848,0.013049311005,20.591072000000
1895,1413393980.755760431290,2,2.464587688446,1.677562594414,-3.293502330780,0.049107447267,-0.813821434975,0.578879714012,0.013471331447,19.877000000000
1896,1413393980.805760622025,2,2.451922655106,1.632923841476,-3.294344186783,0.048147931695,-0.816576898098,0.575108468533,0.011589310132,19.744521000000
1897,1413393980.855760335922,2,2.441280603409,1.588718056679,-3.294883489609,0.046290069818,-0.820535719395,0.569654583931,0.008484375663,23.676417000000
1898,1413393980.905760526657,2,2.435271739960,1.539632916451,-3.295031309128,0.043675582856,-0.826221942902,0.561628639698,0.004807124846,24.616332000000
1899,1413393980.955760478973,2,2.428645372391,1.493815660477,-3.294096231461,0.039871785790,-0.830419421196,0.555709362030,-0.000969151617,20.181997000000
1900,1413393981.005760431290,2,2.423072099686,1.446458578110,-3.292258262634,0.034737661481,-0.833770096302,0.550961554050,-0.007890303619,19.776103000000
1901,1413393981.055760383606,2,2.418259382248,1.397097826004,-3.288909196854,0.030099645257,-0.835008502007,0.549215793610,-0.014726457186,18.725148000000
1902,1413393981.105760574341,2,2.413506746292,1.345960378647,-3.283806085587,0.025350773707,-0.834798812866,0.549553453922,-0.021433249116,19.849522000000
1903,1413393981.155760288239,2,2.408258676529,1.292842626572,-3.275542497635,0.021460767835,-0.832399189472,0.553126454353,-0.026496462524,23.063112000000
1904,1413393981.205760478973,2,2.402450561523,1.238073348999,-3.263890028000,0.018063947558,-0.829297423363,0.557642400265,-0.031217267737,23.553137000000
1905,1413393981.255760431290,2,2.391123294830,1.183946609497,-3.244448900223,0.016576144844,-0.827761471272,0.559744298458,-0.034964248538,21.724077000000
1906,1413393981.305760622025,2,2.383246660233,1.126367330551,-3.226346254349,0.016302259639,-0.827600955963,0.559858143330,-0.037010893226,21.054086000000
1907,1413393981.355760335922,2,2.374183893204,1.068034172058,-3.207121849060,0.015910871327,-0.828569471836,0.558289170265,-0.039150480181,20.894362000000
1908,1413393981.405760526657,2,2.363721132278,1.009047508240,-3.188174724579,0.017786309123,-0.829929471016,0.556224465370,-0.038925886154,21.165886000000
1909,1413393981.455760478973,2,2.351708412170,0.949514150620,-3.170699119568,0.021945413202,-0.830878436565,0.554894983768,-0.035369504243,23.530532000000
1910,1413393981.505760431290,2,2.330966949463,0.885226726532,-3.153625726700,0.027722027153,-0.831147909164,0.554496407509,-0.030957927927,21.071721000000
1911,1413393981.555760383606,2,2.316798686981,0.823553562164,-3.141348838806,0.034221541137,-0.830864608288,0.554864883423,-0.024858148769,19.886220000000
1912,1413393981.605760574341,2,2.302685737610,0.760995864868,-3.132016181946,0.039330173284,-0.830363452435,0.555447041988,-0.020697301254,19.232779000000
1913,1413393981.655760288239,2,2.289164304733,0.697093486786,-3.125760078430,0.043501477689,-0.830387353897,0.555212020874,-0.017440464348,20.022492000000
1914,1413393981.705760478973,2,2.276549100876,0.631737709045,-3.122178554535,0.047236140817,-0.830274105072,0.555148839951,-0.014948478900,19.583538000000
1915,1413393981.755760431290,2,2.264887571335,0.564883232117,-3.121478080750,0.051167786121,-0.829698204994,0.555737495422,-0.011776382104,20.684517000000
1916,1413393981.805760622025,2,2.254758358002,0.496746063232,-3.123317480087,0.054748948663,-0.827944636345,0.558053016663,-0.009327392094,20.130862000000
1917,1413393981.855760335922,2,2.248898029327,0.428850650787,-3.129471302032,0.060215394944,-0.826044976711,0.560331821442,-0.007212037686,17.475149000000
1918,1413393981.905760526657,2,2.242120265961,0.359662294388,-3.135325908661,0.067201018333,-0.823497414589,0.563286125660,-0.006702197716,19.133175000000
1919,1413393981.955760478973,2,2.237684726715,0.289654493332,-3.141554355621,0.075400330126,-0.820347070694,0.566818416119,-0.007904653437,18.686555000000
1920,1413393982.005760431290,2,2.235592126846,0.219990730286,-3.147352218628,0.084059394896,-0.816898286343,0.570506751537,-0.011545885354,18.187548000000
1921,1413393982.055760383606,2,2.235835313797,0.150882244110,-3.152974128723,0.093634925783,-0.814373970032,0.572493195534,-0.016705861315,21.420835000000
1922,1413393982.105760574341,2,2.238699197769,0.081939697266,-3.157952547073,0.104890935123,-0.811197102070,0.574803233147,-0.023630881682,21.611900000000
1923,1413393982.155760288239,2,2.242472171783,0.011914491653,-3.166665077209,0.116988368332,-0.807360708714,0.577426433563,-0.032574053854,17.637392000000
1924,1413393982.205760478973,2,2.250483989716,-0.055330991745,-3.170356750488,0.129869326949,-0.804442405701,0.578058958054,-0.043061684817,17.483166000000
1925,1413393982.255760431290,2,2.260949850082,-0.121567726135,-3.173165559769,0.144108280540,-0.800844371319,0.578626692295,-0.055428627878,19.509463000000
1926,1413393982.305760622025,2,2.273437023163,-0.187052011490,-3.175498962402,0.159666389227,-0.797030150890,0.578457057476,-0.068096287549,21.134915000000
1927,1413393982.355760335922,2,2.287610054016,-0.250708818436,-3.177811145782,0.176743775606,-0.794538080692,0.575165092945,-0.081584759057,20.438546000000
1928,1413393982.405760526657,2,2.302513360977,-0.318477153778,-3.183475017548,0.195660427213,-0.791489005089,0.571167945862,-0.095023050904,18.208414000000
1929,1413393982.455760478973,2,2.319667339325,-0.378784894943,-3.185407876968,0.215498119593,-0.787911891937,0.566513717175,-0.108709253371,17.230698000000
1930,1413393982.505760431290,2,2.338178396225,-0.437038421631,-3.187399625778,0.236502170563,-0.783514022827,0.561317741871,-0.122861310840,18.758199000000
1931,1413393982.555760383606,2,2.356308937073,-0.499963045120,-3.189901828766,0.258027374744,-0.777971208096,0.555872201920,-0.138523727655,22.148589000000
1932,1413393982.605760574341,2,2.377916336060,-0.556529521942,-3.191122770309,0.280927807093,-0.770761430264,0.550794363022,-0.153726890683,17.963140000000
1933,1413393982.655760288239,2,2.401196479797,-0.612310647964,-3.192821502686,0.304789870977,-0.761849403381,0.546072006226,-0.168801605701,19.669191000000
1934,1413393982.705760478973,2,2.425999879837,-0.667131900787,-3.195131778717,0.329538285732,-0.751696050167,0.541139125824,-0.183101072907,18.666108000000
1935,1413393982.755760431290,2,2.450817346573,-0.725639581680,-3.194452524185,0.355415284634,-0.739873290062,0.535791039467,-0.197978436947,17.213905000000
1936,1413393982.805760622025,2,2.478965759277,-0.778436660767,-3.196660757065,0.381018579006,-0.726393699646,0.531301498413,-0.211886212230,19.832782000000
1937,1413393982.855760335922,2,2.508760690689,-0.829782724380,-3.198698759079,0.406048268080,-0.711645662785,0.526862382889,-0.226056173444,20.375318000000
1938,1413393982.905760526657,2,2.542659044266,-0.885313272476,-3.198022365570,0.431572020054,-0.696081399918,0.521227896214,-0.239870280027,18.336418000000
1939,1413393982.955760478973,2,2.575056076050,-0.932221174240,-3.200935602188,0.455499380827,-0.681055068970,0.514195799828,-0.253549009562,19.149649000000
1940,1413393983.005760431290,2,2.608660221100,-0.976469516754,-3.204293251038,0.478005647659,-0.666032314301,0.506258547306,-0.267607778311,19.278334000000
1941,1413393983.055760383606,2,2.640508651733,-1.016192197800,-3.203035354614,0.500738739967,-0.650150120258,0.497802495956,-0.280639111996,17.974934000000
1942,1413393983.105760574341,2,2.676608800888,-1.054663419724,-3.206274509430,0.522228538990,-0.633238136768,0.490149676800,-0.293326139450,19.235591000000
1943,1413393983.155760288239,2,2.714160203934,-1.090228319168,-3.209620237350,0.543749451637,-0.615585088730,0.482458561659,-0.304344028234,19.116381000000
1944,1413393983.205760478973,2,2.752986431122,-1.121903419495,-3.208113431931,0.564667642117,-0.597498774529,0.474337309599,-0.314880758524,19.183524000000
1945,1413393983.255760431290,2,2.792870044708,-1.150336980820,-3.211627483368,0.584114670753,-0.578644990921,0.466844767332,-0.325631707907,20.586664000000
1946,1413393983.305760622025,2,2.833546876907,-1.174549102783,-3.215178489685,0.603045344353,-0.559804439545,0.458245128393,-0.336105227470,20.941052000000
1947,1413393983.355760335922,2,2.876536607742,-1.194665193558,-3.214321136475,0.620528519154,-0.539686560631,0.451063036919,-0.346734881401,17.641804000000
1948,1413393983.405760526657,2,2.919044494629,-1.209863424301,-3.216550111771,0.636292159557,-0.519024491310,0.444050580263,-0.358559668064,18.571037000000
1949,1413393983.455760478973,2,2.961792945862,-1.219776868820,-3.218110084534,0.650646090508,-0.498850136995,0.436050981283,-0.371036112309,19.386977000000
1950,1413393983.505760431290,2,3.001461744308,-1.218189239502,-3.213302135468,0.663000166416,-0.478109449148,0.428976893425,-0.384475052357,18.279578000000
1951,1413393983.555760383606,2,3.043283462524,-1.217000007629,-3.212409019470,0.674864649773,-0.457727372646,0.420632481575,-0.397632598877,18.890818000000
1952,1413393983.605760574341,2,3.083938121796,-1.210497856140,-3.210459232330,0.685725748539,-0.436678409576,0.412665456533,-0.410851985216,19.596979000000
1953,1413393983.655760288239,2,3.123655796051,-1.197040081024,-3.205340385437,0.696454763412,-0.416544169188,0.403378635645,-0.422761648893,18.511337000000
1954,1413393983.705760478973,2,3.160711288452,-1.180224895477,-3.201644182205,0.705336391926,-0.397203803062,0.393210828304,-0.436021864414,19.885272000000
1955,1413393983.755760431290,2,3.195222854614,-1.158675193787,-3.197704792023,0.714361250401,-0.379199802876,0.381623297930,-0.447503298521,19.960090000000
1956,1413393983.805760622025,2,3.226869106293,-1.132733821869,-3.193230152130,0.722520768642,-0.362929999828,0.368661910295,-0.458621829748,20.173250000000
1957,1413393983.855760335922,2,3.252657413483,-1.103103160858,-3.188369512558,0.729928612709,-0.346835106611,0.355646520853,-0.469494760036,19.030303000000
1958,1413393983.905760526657,2,3.278493881226,-1.069249153137,-3.182268142700,0.736686289310,-0.331543177366,0.342701882124,-0.479507982731,18.750309000000
1959,1413393983.955760478973,2,3.301583290100,-1.032002449036,-3.175625801086,0.743185520172,-0.314094096422,0.332677811384,-0.488206595182,19.022920000000
1960,1413393984.005760431290,2,3.321484804153,-0.991374015808,-3.168827056885,0.749405145645,-0.297427415848,0.321939945221,-0.496269702911,20.673471000000
1961,1413393984.055760383606,2,3.338277816772,-0.947433471680,-3.161568641663,0.755264520645,-0.279514729977,0.312385797501,-0.503847420216,18.745673000000
1962,1413393984.105760574341,2,3.350919246674,-0.900728702545,-3.152382135391,0.760818004608,-0.261258751154,0.302573859692,-0.511223018169,19.073622000000
1963,1413393984.155760288239,2,3.360125064850,-0.850624084473,-3.143940925598,0.766047239304,-0.242626935244,0.292853862047,-0.518208861351,21.537394000000
1964,1413393984.205760478973,2,3.365173816681,-0.797852039337,-3.134926319122,0.770772337914,-0.224032610655,0.282682746649,-0.525176107883,19.689248000000
1965,1413393984.255760431290,2,3.365839242935,-0.742497444153,-3.125099182129,0.775073289871,-0.205948069692,0.272075831890,-0.531809747219,19.633503000000
1966,1413393984.305760622025,2,3.362582445145,-0.685449123383,-3.113424777985,0.778772354126,-0.190331473947,0.259320586920,-0.538554012775,19.035969000000
1967,1413393984.355760335922,2,3.354846239090,-0.625838756561,-3.102275609970,0.781768679619,-0.176151931286,0.246508345008,-0.545015633106,20.928823000000
1968,1413393984.405760526657,2,3.343003749847,-0.564542770386,-3.090262651443,0.783563315868,-0.162272825837,0.235138311982,-0.551730096340,21.070731000000
1969,1413393984.455760478973,2,3.319721460342,-0.505461215973,-3.076392173767,0.785261869431,-0.149222582579,0.225399434566,-0.557038247585,19.102778000000
1970,1413393984.505760431290,2,3.299499988556,-0.442404270172,-3.063371181488,0.786028802395,-0.137174591422,0.216234385967,-0.562658607960,19.168525000000
1971,1413393984.555760383606,2,3.275093078613,-0.378664016724,-3.050224065781,0.786199331284,-0.125343754888,0.208026692271,-0.568246781826,20.725078000000
1972,1413393984.605760574341,2,3.241545200348,-0.315822601318,-3.037923097610,0.787649810314,-0.116999238729,0.198260068893,-0.571499824524,17.798596000000
1973,1413393984.655760288239,2,3.208497285843,-0.251728534698,-3.026785373688,0.789999723434,-0.113415934145,0.183770656586,-0.573816776276,20.314845000000
1974,1413393984.705760478973,2,3.172022581100,-0.187625408173,-3.017615318298,0.791775524616,-0.115153439343,0.165614306927,-0.576544165611,21.701216000000
1975,1413393984.755760431290,2,3.130723714828,-0.122892379761,-3.012237071991,0.792676091194,-0.117703773081,0.150437384844,-0.578946650028,19.050813000000
1976,1413393984.805760622025,2,3.090910196304,-0.058349609375,-3.008563756943,0.793297529221,-0.121548205614,0.136760637164,-0.580690622330,20.153610000000
1977,1413393984.855760335922,2,3.050345420837,0.005656242371,-3.007642507553,0.795171678066,-0.129164516926,0.122226186097,-0.579723536968,20.830439000000
1978,1413393984.905760526657,2,3.009175777435,0.071223258972,-3.010973930359,0.797260105610,-0.140718266368,0.109252728522,-0.576748192310,17.737170000000
1979,1413393984.955760478973,2,2.969759941101,0.134360551834,-3.015744686127,0.798709392548,-0.154416948557,0.098786279559,-0.573114275932,20.710066000000
1980,1413393985.005760431290,2,2.932155132294,0.196783781052,-3.022724628448,0.798787653446,-0.168735757470,0.092987090349,-0.569929718971,20.264738000000
1981,1413393985.055760383606,2,2.899129152298,0.257370233536,-3.031432390213,0.798202216625,-0.181889936328,0.094253979623,-0.566485106945,20.644836000000
1982,1413393985.105760574341,2,2.867011785507,0.318881988525,-3.043096542358,0.795536756516,-0.193854153156,0.101006150246,-0.565101444721,20.245267000000
1983,1413393985.155760288239,2,2.837892770767,0.380185365677,-3.056383609772,0.791310131550,-0.203491449356,0.114268898964,-0.565121471882,21.149007000000
1984,1413393985.205760478973,2,2.810886859894,0.440484285355,-3.071843385696,0.785968899727,-0.212995022535,0.129511415958,-0.565785050392,20.099773000000
1985,1413393985.255760431290,2,2.785422801971,0.499747514725,-3.089014053345,0.780601739883,-0.222788780928,0.146211341023,-0.565374612808,19.733769000000
1986,1413393985.305760622025,2,2.760953187943,0.558040380478,-3.106748104095,0.775026082993,-0.232638165355,0.163983270526,-0.564201772213,21.445589000000
1987,1413393985.355760335922,2,2.737941741943,0.614884614944,-3.124056339264,0.770214021206,-0.242965951562,0.181926250458,-0.560928523540,23.556315000000
1988,1413393985.405760526657,2,2.714037895203,0.671516180038,-3.140621423721,0.764692723751,-0.254266798496,0.198767080903,-0.557750105858,20.437956000000
1989,1413393985.455760478973,2,2.689595699310,0.727213621140,-3.156744718552,0.759312272072,-0.267298638821,0.213957503438,-0.553370177746,22.686217000000
1990,1413393985.505760431290,2,2.662047386169,0.779372930527,-3.172601699829,0.753164350986,-0.280336558819,0.228236302733,-0.549602746964,19.271818000000
1991,1413393985.555760383606,2,2.635459423065,0.833962678909,-3.187137126923,0.747637569904,-0.296030998230,0.238540753722,-0.544520020485,20.873927000000
1992,1413393985.605760574341,2,2.608095645905,0.888193130493,-3.201192855835,0.742842674255,-0.313667714596,0.245604619384,-0.538029551506,21.052230000000
1993,1413393985.655760288239,2,2.579910516739,0.941946744919,-3.215022563934,0.739241540432,-0.332569807768,0.249665707350,-0.529704093933,21.372533000000
1994,1413393985.705760478973,2,2.548602581024,0.993335723877,-3.227503776550,0.735393941402,-0.352357983589,0.251728445292,-0.521222054958,19.854230000000
1995,1413393985.755760431290,2,2.520229816437,1.045889139175,-3.240334749222,0.732013404369,-0.371512949467,0.254118412733,-0.511427879333,20.710955000000
1996,1413393985.805760622025,2,2.492978096008,1.098251342773,-3.252279758453,0.728062748909,-0.389421194792,0.256838351488,-0.502304553986,20.638912000000
1997,1413393985.855760335922,2,2.467478036880,1.150614261627,-3.262456655502,0.723467409611,-0.407010376453,0.259212553501,-0.493706822395,25.141598000000
1998,1413393985.905760526657,2,2.445199966431,1.206381082535,-3.272578477859,0.716982841492,-0.424867570400,0.261461883783,-0.486889004707,19.441160000000
1999,1413393985.955760478973,2,2.425725460052,1.258372783661,-3.278915643692,0.710264086723,-0.441250741482,0.265033692122,-0.480187267065,20.130921000000
2000,1413393986.005760431290,2,2.410166978836,1.310139894485,-3.282601356506,0.701920807362,-0.456779837608,0.269576132298,-0.475382059813,20.328958000000
2001,1413393986.055760383606,2,2.397734165192,1.360943078995,-3.285737276077,0.693581998348,-0.470826476812,0.275135755539,-0.470708906651,21.219969000000
2002,1413393986.105760574341,2,2.391316413879,1.408461093903,-3.288858413696,0.683566331863,-0.485711187124,0.279832154512,-0.467456728220,18.446454000000
2003,1413393986.155760288239,2,2.384495496750,1.455762624741,-3.288972139359,0.673280239105,-0.499949455261,0.284670859575,-0.464442491531,20.895023000000
2004,1413393986.205760478973,2,2.380469799042,1.501146554947,-3.288972616196,0.661343634129,-0.515377223492,0.287650495768,-0.462891042233,20.362782000000
2005,1413393986.255760431290,2,2.377121925354,1.542488813400,-3.291415929794,0.647608697414,-0.529919683933,0.292094528675,-0.463107913733,19.892973000000
2006,1413393986.305760622025,2,2.379616022110,1.582264423370,-3.289530754089,0.634852409363,-0.545047879219,0.295697301626,-0.460921287537,20.144098000000
2007,1413393986.355760335922,2,2.385159969330,1.618547916412,-3.287176847458,0.622143268585,-0.559095799923,0.300454080105,-0.458341568708,22.980071000000
2008,1413393986.405760526657,2,2.391665458679,1.652282953262,-3.293810367584,0.607757806778,-0.572188615799,0.307230859995,-0.456990003586,19.244841000000
2009,1413393986.455760478973,2,2.403434038162,1.680695295334,-3.291523933411,0.596011161804,-0.585029542446,0.313347935677,-0.452022522688,21.512660000000
2010,1413393986.505760431290,2,2.417768478394,1.704081058502,-3.288442611694,0.585490465164,-0.594002902508,0.324863344431,-0.445898324251,20.664568000000
2011,1413393986.555760383606,2,2.426955699921,1.723134040833,-3.292391777039,0.576204895973,-0.598007619381,0.343941211700,-0.438268482685,19.406095000000
2012,1413393986.605760574341,2,2.445338964462,1.737845182419,-3.288139343262,0.569872856140,-0.599153101444,0.365851372480,-0.427098810673,20.783872000000
2013,1413393986.655760288239,2,2.465599060059,1.750307083130,-3.284741401672,0.564833521843,-0.599411964417,0.387591779232,-0.414054542780,22.744680000000
2014,1413393986.705760478973,2,2.481960296631,1.760157346725,-3.284864425659,0.556045413017,-0.598926484585,0.409835547209,-0.405136406422,19.414766000000
2015,1413393986.755760431290,2,2.503308296204,1.769980907440,-3.279435873032,0.547722756863,-0.599437773228,0.429174304008,-0.395579993725,19.455639000000
2016,1413393986.805760622025,2,2.524410724640,1.779264688492,-3.272831916809,0.538468360901,-0.599724113941,0.448143213987,-0.386717557907,21.479892000000
2017,1413393986.855760335922,2,2.544069290161,1.789093494415,-3.266371488571,0.529708862305,-0.600092470646,0.465124189854,-0.378096729517,22.057487000000
2018,1413393986.905760526657,2,2.555826663971,1.806240558624,-3.271039009094,0.521253764629,-0.600748419762,0.479264497757,-0.371081382036,19.005518000000
2019,1413393986.955760478973,2,2.571976661682,1.819793224335,-3.265550851822,0.514852166176,-0.604926466942,0.485994428396,-0.364418119192,20.581264000000
2020,1413393987.005760431290,2,2.586513280869,1.835392475128,-3.261154651642,0.510068237782,-0.611881673336,0.487066954374,-0.358046144247,21.032652000000
2021,1413393987.055760383606,2,2.599637985229,1.852734565735,-3.258549451828,0.506268978119,-0.618587195873,0.486745625734,-0.352307200432,21.950218000000
2022,1413393987.105760574341,2,2.600021362305,1.874166011810,-3.259639263153,0.503350019455,-0.624329030514,0.485842943192,-0.347575366497,21.101206000000
2023,1413393987.155760288239,2,2.611537933350,1.894737005234,-3.261629343033,0.501190185547,-0.629347205162,0.484332382679,-0.343733429909,22.612100000000
2024,1413393987.205760478973,2,2.622868061066,1.916584491730,-3.265338182449,0.499175935984,-0.633535802364,0.482991665602,-0.340844392776,19.931110000000
2025,1413393987.255760431290,2,2.634721994400,1.939554452896,-3.269358873367,0.498648494482,-0.637139678001,0.480947941542,-0.337774902582,22.516268000000
2026,1413393987.305760622025,2,2.647030830383,1.963519811630,-3.272015810013,0.497861415148,-0.639863729477,0.479551821947,-0.335765630007,22.623883000000
2027,1413393987.355760335922,2,2.659704208374,1.992769718170,-3.272487401962,0.497574090958,-0.642061471939,0.477987080812,-0.334223866463,19.117287000000
2028,1413393987.405760526657,2,2.672700405121,2.018765687943,-3.273360252380,0.497908651829,-0.643196702003,0.476892799139,-0.333104074001,20.283080000000
2029,1413393987.455760478973,2,2.686053276062,2.045798301697,-3.272702932358,0.497888803482,-0.643732488155,0.475721448660,-0.333772838116,20.591144000000
2030,1413393987.505760431290,2,2.699896335602,2.073433876038,-3.271342039108,0.497731149197,-0.643943369389,0.475597649813,-0.333777666092,21.687804000000
2031,1413393987.555760383606,2,2.714498996735,2.101368427277,-3.268368482590,0.496951848269,-0.642995178699,0.477785110474,-0.333642870188,22.982892000000
2032,1413393987.605760574341,2,2.729240894318,2.127418041229,-3.262265205383,0.495667546988,-0.642993807793,0.480123847723,-0.332195550203,20.303663000000
2033,1413393987.655760288239,2,2.744698047638,2.156084299088,-3.259788036346,0.493049383163,-0.643258035183,0.483346790075,-0.330903768539,20.174810000000
2034,1413393987.705760478973,2,2.760488986969,2.185150623322,-3.256977796555,0.489521592855,-0.645044982433,0.485934108496,-0.328867405653,20.853630000000
2035,1413393987.755760431290,2,2.776495695114,2.214797258377,-3.254030704498,0.484354227781,-0.647542774677,0.488398790359,-0.327957302332,22.409884000000
2036,1413393987.805760622025,2,2.794946670532,2.240969419479,-3.246168375015,0.480666130781,-0.651255011559,0.488084375858,-0.326497703791,19.875799000000
2037,1413393987.855760335922,2,2.810566902161,2.272181034088,-3.244887590408,0.475545614958,-0.654840588570,0.487802624702,-0.327244162560,21.461500000000
2038,1413393987.905760526657,2,2.826255321503,2.303870677948,-3.245874643326,0.471664756536,-0.658535778522,0.486507803202,-0.327373296022,22.617978000000
2039,1413393987.955760478973,2,2.843818664551,2.334809780121,-3.244910717010,0.468496352434,-0.661656856537,0.485691934824,-0.326840639114,20.716061000000
2040,1413393988.005760431290,2,2.859713077545,2.366748332977,-3.252766609192,0.465449661016,-0.663115918636,0.486524581909,-0.326998293400,22.276524000000
2041,1413393988.055760383606,2,2.875708103180,2.398812294006,-3.263681888580,0.463227361441,-0.664603233337,0.487079203129,-0.326307833195,21.409565000000
2042,1413393988.105760574341,2,2.897073745728,2.430283069611,-3.272446155548,0.461563438177,-0.665463328362,0.488509327173,-0.324771434069,21.925005000000
2043,1413393988.155760288239,2,2.913606166840,2.462263822556,-3.288696527481,0.460118979216,-0.664084434509,0.492378801107,-0.323798656464,22.050315000000
2044,1413393988.205760478973,2,2.929552078247,2.494504451752,-3.307976007462,0.459247261286,-0.662548542023,0.496604710817,-0.321722298861,24.037965000000
2045,1413393988.255760431290,2,2.949215650558,2.529489278793,-3.323192358017,0.458935528994,-0.660681247711,0.500800848007,-0.319494962692,22.484528000000
2046,1413393988.305760622025,2,2.965035915375,2.563019275665,-3.345112562180,0.458834111691,-0.658619821072,0.504658281803,-0.317822784185,22.713250000000
2047,1413393988.355760335922,2,2.980514526367,2.597591876984,-3.366877079010,0.459178626537,-0.655938863754,0.508990228176,-0.315956145525,28.855191000000
2048,1413393988.405760526657,2,2.995803594589,2.633222579956,-3.388345718384,0.460766285658,-0.653391718864,0.513037681580,-0.312355846167,24.302501000000
2049,1413393988.455760478973,2,3.016260147095,2.669847965240,-3.401031494141,0.464453130960,-0.651066958904,0.516711175442,-0.305621802807,21.570238000000
2050,1413393988.505760431290,2,3.031163692474,2.708222150803,-3.421697139740,0.469804584980,-0.648220658302,0.520908117294,-0.296223580837,23.566894000000
2051,1413393988.555760383606,2,3.046333074570,2.749165534973,-3.441041946411,0.474525600672,-0.645080387592,0.525148689747,-0.287950813770,21.348201000000
2052,1413393988.605760574341,2,3.062128305435,2.792987108231,-3.458742618561,0.477675467730,-0.642013669014,0.529332280159,-0.281872421503,22.112161000000
2053,1413393988.655760288239,2,3.082332611084,2.835644245148,-3.469879388809,0.476163178682,-0.644038617611,0.527530610561,-0.283186346292,20.030695000000
2054,1413393988.705760478973,2,3.099383354187,2.886236190796,-3.484883785248,0.473607033491,-0.647925972939,0.523741126060,-0.285628557205,20.553503000000
2055,1413393988.755760431290,2,3.116856813431,2.940016031265,-3.498234033585,0.467076569796,-0.655238449574,0.516220450401,-0.293289214373,22.258139000000
2056,1413393988.805760622025,2,3.137858152390,2.993183612823,-3.508223533630,0.459516882896,-0.665018975735,0.506889700890,-0.299427717924,19.524040000000
2057,1413393988.855760335922,2,3.156683921814,3.049251079559,-3.518203020096,0.449565410614,-0.678963482380,0.492974728346,-0.306391179562,19.092428000000
2058,1413393988.905760526657,2,3.176571369171,3.104529857635,-3.523767471313,0.437625527382,-0.694043695927,0.478229582310,-0.313183158636,21.810878000000
2059,1413393988.955760478973,2,3.197312355042,3.157472372055,-3.525594472885,0.425779998302,-0.708061456680,0.465856432915,-0.316762179136,21.306655000000
2060,1413393989.005760431290,2,3.220877170563,3.201069831848,-3.517678737640,0.413918167353,-0.721432983875,0.454186826944,-0.319250196218,18.892448000000
2061,1413393989.055760383606,2,3.242480039597,3.246861934662,-3.511610507965,0.403097420931,-0.733556091785,0.443997204304,-0.319803565741,19.346560000000
2062,1413393989.105760574341,2,3.264636039734,3.287682533264,-3.501218080521,0.392431437969,-0.745356917381,0.433546572924,-0.320121943951,21.656787000000
2063,1413393989.155760288239,2,3.287012815475,3.322567939758,-3.486997127533,0.383674651384,-0.755769789219,0.424763947725,-0.318090349436,20.736241000000
2064,1413393989.205760478973,2,3.300413131714,3.345534324646,-3.469035863876,0.377652168274,-0.763720989227,0.419008612633,-0.313912421465,18.655769000000
2065,1413393989.255760431290,2,3.324417591095,3.365857124329,-3.446755886078,0.375069737434,-0.768069386482,0.419089317322,-0.306196600199,19.017481000000
2066,1413393989.305760622025,2,3.349640369415,3.378429651260,-3.421544075012,0.379310846329,-0.760756373405,0.437816292048,-0.292728453875,19.640406000000
2067,1413393989.355760335922,2,3.376351833344,3.385987520218,-3.394371986389,0.383588582277,-0.748220980167,0.463007569313,-0.280444562435,22.124962000000
2068,1413393989.405760526657,2,3.403795480728,3.389425754547,-3.367867946625,0.385225802660,-0.733356654644,0.489882797003,-0.271668851376,19.509785000000
2069,1413393989.455760478973,2,3.432898283005,3.392312765121,-3.340183973312,0.385243296623,-0.717945754528,0.515521585941,-0.265290528536,20.434768000000
2070,1413393989.505760431290,2,3.462318420410,3.395771980286,-3.314723730087,0.384387582541,-0.704953908920,0.535544812679,-0.261682808399,21.706184000000
2071,1413393989.555760383606,2,3.488606929779,3.403601408005,-3.298062801361,0.382433861494,-0.695073306561,0.550328016281,-0.260300934315,19.606970000000
2072,1413393989.605760574341,2,3.516426563263,3.410803794861,-3.280498743057,0.381324887276,-0.690284311771,0.557811558247,-0.258737623692,20.849292000000
2073,1413393989.655760288239,2,3.543333292007,3.420092105865,-3.266555070877,0.380799740553,-0.688164889812,0.561565160751,-0.257031738758,21.737182000000
2074,1413393989.705760478973,2,3.569760799408,3.431143283844,-3.256182670593,0.379652976990,-0.690257966518,0.560957729816,-0.254428803921,21.200085000000
2075,1413393989.755760431290,2,3.598013162613,3.443549633026,-3.248979091644,0.377195894718,-0.693879961967,0.559091687202,-0.252329856157,20.608417000000
2076,1413393989.805760622025,2,3.623581647873,3.457966566086,-3.243980169296,0.372461557388,-0.698986768723,0.556333839893,-0.251361638308,19.040537000000
2077,1413393989.855760335922,2,3.648641109467,3.473748922348,-3.240840911865,0.363853722811,-0.704854547977,0.553628206253,-0.253547549248,19.084382000000
2078,1413393989.905760526657,2,3.672833681107,3.490638256073,-3.239917278290,0.353388458490,-0.711426079273,0.550814747810,-0.256110668182,18.909117000000
2079,1413393989.955760478973,2,3.696386337280,3.507750988007,-3.240700960159,0.340129762888,-0.717657864094,0.549298942089,-0.259903162718,19.436528000000
2080,1413393990.005760431290,2,3.718552112579,3.525118827820,-3.243694543839,0.324181348085,-0.724182426929,0.548719704151,-0.263387769461,22.663768000000
2081,1413393990.055760383606,2,3.739810943604,3.543487548828,-3.248816013336,0.309181421995,-0.729440093040,0.551353573799,-0.261406511068,18.823123000000
2082,1413393990.105760574341,2,3.757983684540,3.559527397156,-3.256529808044,0.294334322214,-0.734623849392,0.555136084557,-0.255966931581,21.372444000000
2083,1413393990.155760288239,2,3.773515462875,3.575089931488,-3.266618728638,0.279047667980,-0.740004599094,0.559507250786,-0.247946113348,20.074262000000
2084,1413393990.205760478973,2,3.784474611282,3.591116189957,-3.280486345291,0.263170421124,-0.745710790157,0.563604056835,-0.238762006164,18.778000000000
2085,1413393990.255760431290,2,3.795129299164,3.606398105621,-3.295203208923,0.247105941176,-0.752488493919,0.566284596920,-0.228082522750,19.720533000000
2086,1413393990.305760622025,2,3.802971363068,3.621781110764,-3.311774969101,0.229913026094,-0.760502159595,0.566964447498,-0.217549473047,21.042745000000
2087,1413393990.355760335922,2,3.808160543442,3.637768745422,-3.330641269684,0.212538242340,-0.769564330578,0.565629422665,-0.206546902657,19.674386000000
2088,1413393990.405760526657,2,3.810881376266,3.652792453766,-3.346950769424,0.194508671761,-0.777781665325,0.564706265926,-0.195778012276,19.862390000000
2089,1413393990.455760478973,2,3.811085462570,3.667113780975,-3.361538171768,0.174905613065,-0.785377800465,0.563559770584,-0.187056839466,20.752501000000
2090,1413393990.505760431290,2,3.808697938919,3.680774688721,-3.375063419342,0.155701577663,-0.793175101280,0.561021208763,-0.178565174341,21.261140000000
2091,1413393990.555760383606,2,3.803867340088,3.693625450134,-3.387597799301,0.137674987316,-0.801822841167,0.556029498577,-0.170167326927,21.408499000000
2092,1413393990.605760574341,2,3.794699668884,3.711085319519,-3.393454074860,0.121614404023,-0.813330352306,0.546021163464,-0.159889757633,19.793189000000
2093,1413393990.655760288239,2,3.784333229065,3.721004009247,-3.405663013458,0.109551727772,-0.826234579086,0.532646417618,-0.147046476603,18.515006000000
2094,1413393990.705760478973,2,3.771411418915,3.728541851044,-3.418456315994,0.104577198625,-0.840884625912,0.515227735043,-0.128518596292,19.907426000000
2095,1413393990.755760431290,2,3.756403446198,3.731848239899,-3.430168628693,0.105503603816,-0.852550208569,0.500883102417,-0.105561330914,20.340957000000
2096,1413393990.805760622025,2,3.735465526581,3.731509447098,-3.438851833344,0.109342999756,-0.861880302429,0.488198965788,-0.082874879241,18.406119000000
2097,1413393990.855760335922,2,3.720197200775,3.724913120270,-3.447355747223,0.114507824183,-0.868785858154,0.477822065353,-0.061524573714,19.207840000000
2098,1413393990.905760526657,2,3.706949234009,3.712244510651,-3.452891111374,0.119154416025,-0.871455669403,0.473737210035,-0.044048108160,20.084160000000
2099,1413393990.955760478973,2,3.696469783783,3.692376852036,-3.455330848694,0.125474557281,-0.867435693741,0.480653643608,-0.027992464602,19.258705000000
2100,1413393991.005760431290,2,3.687954902649,3.667176485062,-3.455171346664,0.131418213248,-0.857310533524,0.497444510460,-0.017232500017,21.978159000000
2101,1413393991.055760383606,2,3.686129570007,3.635396242142,-3.451692104340,0.135802969337,-0.843093276024,0.520235776901,-0.010299229063,18.748831000000
2102,1413393991.105760574341,2,3.689413547516,3.599906444550,-3.445979595184,0.136996284127,-0.825407683849,0.547583043575,-0.009333645925,20.673429000000
2103,1413393991.155760288239,2,3.697204589844,3.563333749771,-3.438277482986,0.136159241199,-0.804745137691,0.577646136284,-0.013071945868,22.714272000000
2104,1413393991.205760478973,2,3.710962295532,3.522225856781,-3.429323673248,0.131818711758,-0.783787250519,0.606509685516,-0.021149603650,18.999290000000
2105,1413393991.255760431290,2,3.724925518036,3.488573074341,-3.420386791229,0.127742618322,-0.762228250504,0.633836805820,-0.030673015863,19.932734000000
2106,1413393991.305760622025,2,3.740477561951,3.459403038025,-3.412096977234,0.123504944146,-0.741932153702,0.657767534256,-0.040313806385,19.877120000000
2107,1413393991.355760335922,2,3.757470130920,3.435501575470,-3.399862289429,0.117436133325,-0.729442656040,0.671743512154,-0.053692463785,17.874960000000
2108,1413393991.405760526657,2,3.774525165558,3.418869256973,-3.393846750259,0.111696772277,-0.723321855068,0.678175806999,-0.066385515034,18.450209000000
2109,1413393991.455760478973,2,3.791302680969,3.397817134857,-3.393056392670,0.107138097286,-0.730105936527,0.670324981213,-0.078302592039,19.043151000000
2110,1413393991.505760431290,2,3.806382656097,3.393736362457,-3.390791893005,0.102490678430,-0.745114684105,0.652823626995,-0.090117670596,18.122328000000
2111,1413393991.555760383606,2,3.819845199585,3.394745826721,-3.388001203537,0.097090646625,-0.760843396187,0.633338034153,-0.102828979492,21.516740000000
2112,1413393991.605760574341,2,3.831085681915,3.399124145508,-3.385249376297,0.091749161482,-0.778248846531,0.610511124134,-0.114834599197,19.447431000000
2113,1413393991.655760288239,2,3.839365720749,3.405296802521,-3.382055759430,0.086900852621,-0.795482277870,0.586555182934,-0.124937281013,19.327729000000
2114,1413393991.705760478973,2,3.842147588730,3.410683155060,-3.384757041931,0.084099441767,-0.810106933117,0.565313279629,-0.130671501160,18.927798000000
2115,1413393991.755760431290,2,3.843602657318,3.415194034576,-3.379200696945,0.082079470158,-0.821158111095,0.548785030842,-0.133406773210,18.913208000000
2116,1413393991.805760622025,2,3.841557264328,3.416760921478,-3.371966123581,0.081780634820,-0.828506529331,0.537949562073,-0.132284522057,21.177007000000
2117,1413393991.855760335922,2,3.836344718933,3.413645267487,-3.361601591110,0.084269814193,-0.827437281609,0.540627777576,-0.126364022493,21.531820000000
2118,1413393991.905760526657,2,3.828105688095,3.406731128693,-3.349790811539,0.092136159539,-0.819670736790,0.553937375546,-0.113155916333,21.471965000000
2119,1413393991.955760478973,2,3.824131965637,3.389892578125,-3.335994243622,0.101401127875,-0.805780410767,0.575265765190,-0.097494244576,19.572053000000
2120,1413393992.005760431290,2,3.813670635223,3.379574775696,-3.320863008499,0.108180411160,-0.789550483227,0.597784101963,-0.086955711246,20.486350000000
2121,1413393992.055760383606,2,3.803883552551,3.370368003845,-3.303965806961,0.113993056118,-0.774571955204,0.617202937603,-0.078131951392,22.173984000000
2122,1413393992.105760574341,2,3.792822837830,3.364104747772,-3.290311098099,0.117679856718,-0.763134479523,0.631340742111,-0.072014875710,19.002885000000
2123,1413393992.155760288239,2,3.781884670258,3.361748933792,-3.279253482819,0.119892001152,-0.760674953461,0.634264945984,-0.068611942232,20.688249000000
2124,1413393992.205760478973,2,3.771740436554,3.363095283508,-3.270598411560,0.122593924403,-0.769400358200,0.623594939709,-0.064211778343,22.506047000000
2125,1413393992.255760431290,2,3.761259555817,3.368030548096,-3.263878822327,0.124766938388,-0.782167494297,0.607435166836,-0.060578107834,19.172059000000
2126,1413393992.305760622025,2,3.751650333405,3.375054836273,-3.257042646408,0.124881625175,-0.795966386795,0.589333713055,-0.059395395219,18.779365000000
2127,1413393992.355760335922,2,3.743968009949,3.382922887802,-3.248974084854,0.118615768850,-0.810190916061,0.570121109486,-0.066954396665,19.226611000000
2128,1413393992.405760526657,2,3.737339019775,3.390098094940,-3.240377426147,0.110722146928,-0.822085320950,0.553132355213,-0.077206633985,19.997912000000
2129,1413393992.455760478973,2,3.731290340424,3.395365715027,-3.232513904572,0.101238980889,-0.830092906952,0.541048526764,-0.089234828949,18.397547000000
2130,1413393992.505760431290,2,3.724849700928,3.397532463074,-3.225416421890,0.093267790973,-0.832960724831,0.536383330822,-0.098845489323,19.193150000000
2131,1413393992.555760383606,2,3.717540502548,3.395986080170,-3.219743967056,0.088269039989,-0.830402255058,0.540082991123,-0.104647390544,20.715901000000
2132,1413393992.605760574341,2,3.710120201111,3.387615203857,-3.214008331299,0.086384743452,-0.823842585087,0.550107240677,-0.105844624341,21.922035000000
2133,1413393992.655760288239,2,3.699276208878,3.380429506302,-3.212705135345,0.089606553316,-0.811575293541,0.568500638008,-0.100614935160,19.086067000000
2134,1413393992.705760478973,2,3.687226772308,3.372073650360,-3.211974620819,0.094893530011,-0.795457601547,0.591220319271,-0.093279704452,19.573398000000
2135,1413393992.755760431290,2,3.674282073975,3.364012956619,-3.211790084839,0.101013816893,-0.778534352779,0.613536536694,-0.085166573524,18.901274000000
2136,1413393992.805760622025,2,3.660698413849,3.358110666275,-3.211997985840,0.106769479811,-0.764078915119,0.631497919559,-0.077421814203,19.639720000000
2137,1413393992.855760335922,2,3.644364833832,3.353612661362,-3.218119621277,0.112426780164,-0.755205631256,0.641941726208,-0.070253252983,18.972567000000
2138,1413393992.905760526657,2,3.629959583282,3.355740070343,-3.220217227936,0.116705656052,-0.753484785557,0.643755435944,-0.064957857132,18.889270000000
2139,1413393992.955760478973,2,3.615561485291,3.362395524979,-3.223174571991,0.119910925627,-0.760058045387,0.635866343975,-0.060060229152,23.888835000000
2140,1413393993.005760431290,2,3.601556777954,3.373137474060,-3.226132154465,0.122894637287,-0.770995318890,0.622397065163,-0.055543866009,21.638269000000
2141,1413393993.055760383606,2,3.588242053986,3.386988401413,-3.228376865387,0.125655710697,-0.782740771770,0.607348859310,-0.051526296884,19.414446000000
2142,1413393993.105760574341,2,3.576611518860,3.402410268784,-3.229062557220,0.125868588686,-0.793061792850,0.593880772591,-0.050156783313,19.636962000000
2143,1413393993.155760288239,2,3.566456317902,3.419405698776,-3.229317188263,0.124435402453,-0.806124746799,0.576208651066,-0.051597826183,19.779480000000
2144,1413393993.205760478973,2,3.557869434357,3.436427593231,-3.229437828064,0.121634848416,-0.820541560650,0.555824398994,-0.054549742490,18.975220000000
2145,1413393993.255760431290,2,3.550422191620,3.451672077179,-3.229370355606,0.119630791247,-0.835748553276,0.533058464527,-0.055330391973,21.837441000000
2146,1413393993.305760622025,2,3.545085906982,3.463891506195,-3.228518962860,0.118118986487,-0.849632918835,0.510908961296,-0.056071035564,19.590561000000
2147,1413393993.355760335922,2,3.540853977203,3.470769643784,-3.217162847519,0.118128836155,-0.859674334526,0.494007647038,-0.054425057024,23.391091000000
2148,1413393993.405760526657,2,3.538114547729,3.472570896149,-3.213505744934,0.120431944728,-0.865132749081,0.484271913767,-0.050221875310,19.637619000000
2149,1413393993.455760478973,2,3.537711620331,3.467857360840,-3.208029985428,0.124141089618,-0.865857720375,0.482517600060,-0.045346423984,19.062602000000
2150,1413393993.505760431290,2,3.540080547333,3.455833911896,-3.200027465820,0.126699358225,-0.860768079758,0.491144955158,-0.042453914881,20.332682000000
2151,1413393993.555760383606,2,3.545358181000,3.437987327576,-3.189358234406,0.127648666501,-0.850311696529,0.508855819702,-0.041734073311,20.259086000000
2152,1413393993.605760574341,2,3.553454875946,3.416130065918,-3.176593065262,0.127425968647,-0.835532903671,0.532707750797,-0.043242257088,20.097467000000
2153,1413393993.655760288239,2,3.563965320587,3.391498565674,-3.162322998047,0.126834601164,-0.816890239716,0.560818791389,-0.045668806881,20.130300000000
2154,1413393993.705760478973,2,3.576123714447,3.366305112839,-3.147825241089,0.125310510397,-0.796826124191,0.589080691338,-0.048470806330,19.610803000000
2155,1413393993.755760431290,2,3.589675426483,3.350862741470,-3.132514476776,0.123788133264,-0.776369154453,0.615880668163,-0.051170453429,20.124505000000
2156,1413393993.805760622025,2,3.603806018829,3.329103946686,-3.124984264374,0.122493021190,-0.758984625340,0.637262761593,-0.053235378116,21.795304000000
2157,1413393993.855760335922,2,3.618133544922,3.310671329498,-3.123361587524,0.121065482497,-0.744217813015,0.654585540295,-0.054780196398,20.609373000000
2158,1413393993.905760526657,2,3.631470203400,3.299737691879,-3.122309446335,0.119915060699,-0.732224225998,0.668065726757,-0.056182023138,19.494083000000
2159,1413393993.955760478973,2,3.646182537079,3.290308475494,-3.130695104599,0.117882408202,-0.720998644829,0.680348277092,-0.058232158422,20.564384000000
2160,1413393994.005760431290,2,3.660892009735,3.287183761597,-3.141139268875,0.114820718765,-0.712562382221,0.689349353313,-0.062198001891,21.816318000000
2161,1413393994.055760383606,2,3.671148777008,3.296390771866,-3.151454210281,0.109955854714,-0.707008063793,0.695091009140,-0.069984197617,19.376542000000
2162,1413393994.105760574341,2,3.684130668640,3.310055494308,-3.156102180481,0.104213587940,-0.706764400005,0.695378303528,-0.077927283943,20.385096000000
2163,1413393994.155760288239,2,3.695463180542,3.333646774292,-3.155890941620,0.098513819277,-0.709405481815,0.692411482334,-0.087208658457,19.631096000000
2164,1413393994.205760478973,2,3.702774047852,3.370261669159,-3.149206876755,0.092678949237,-0.714970648289,0.686169385910,-0.096949547529,18.826231000000
2165,1413393994.255760431290,2,3.709436893463,3.409077644348,-3.140648365021,0.088599376380,-0.725015401840,0.675102829933,-0.103629246354,19.204102000000
2166,1413393994.305760622025,2,3.713447570801,3.453772544861,-3.128584384918,0.085082255304,-0.740001142025,0.657991349697,-0.110484443605,19.290322000000
2167,1413393994.355760335922,2,3.713779449463,3.502734184265,-3.114202260971,0.086216054857,-0.759287953377,0.635702550411,-0.109228730202,22.085643000000
2168,1413393994.405760526657,2,3.710487365723,3.555794715881,-3.102082014084,0.087794296443,-0.780330955982,0.609798729420,-0.107337459922,20.279787000000
2169,1413393994.455760478973,2,3.700760364532,3.616145133972,-3.098978042603,0.090925320983,-0.803021788597,0.579775750637,-0.103676296771,19.719645000000
2170,1413393994.505760431290,2,3.694202423096,3.670073032379,-3.096338510513,0.094058454037,-0.825309634209,0.548088967800,-0.098059117794,20.991397000000
2171,1413393994.555760383606,2,3.684340000153,3.729713201523,-3.104281902313,0.096818789840,-0.845241308212,0.517402231693,-0.092131435871,22.281885000000
2172,1413393994.605760574341,2,3.676163673401,3.779939174652,-3.112588167191,0.098409205675,-0.862937808037,0.488079577684,-0.086211159825,20.292005000000
2173,1413393994.655760288239,2,3.667596340179,3.825888633728,-3.125659942627,0.098427958786,-0.877606868744,0.462152242661,-0.080830536783,20.264810000000
2174,1413393994.705760478973,2,3.659678459167,3.865145683289,-3.141411542892,0.098217353225,-0.889139354229,0.440552324057,-0.075486741960,19.611808000000
2175,1413393994.755760431290,2,3.648978233337,3.908324718475,-3.163756370544,0.099770344794,-0.895304143429,0.428810030222,-0.067811422050,19.739568000000
2176,1413393994.805760622025,2,3.642552852631,3.928136348724,-3.178982257843,0.104243747890,-0.895417332649,0.429018557072,-0.057482186705,21.279749000000
2177,1413393994.855760335922,2,3.638344287872,3.936992645264,-3.190580129623,0.108484089375,-0.887625932693,0.444902598858,-0.049123670906,22.547353000000
2178,1413393994.905760526657,2,3.637810707092,3.946561813354,-3.205994129181,0.111659042537,-0.874648392200,0.469762265682,-0.042962864041,20.243496000000
2179,1413393994.955760478973,2,3.639273166656,3.941118478775,-3.214031934738,0.111816123128,-0.860975146294,0.494494378567,-0.041160553694,23.119382000000
2180,1413393995.005760431290,2,3.643126487732,3.930860042572,-3.221838474274,0.108928240836,-0.848149836063,0.516657769680,-0.042910944670,20.161349000000
2181,1413393995.055760383606,2,3.648851871490,3.918313741684,-3.230254888535,0.103705279529,-0.836608290672,0.535727679729,-0.048246916384,20.982469000000
2182,1413393995.105760574341,2,3.655873298645,3.904141187668,-3.239582061768,0.097120143473,-0.826241552830,0.551946401596,-0.056988921016,22.104390000000
2183,1413393995.155760288239,2,3.663738250732,3.889168262482,-3.250521659851,0.091926641762,-0.818743705750,0.562792718410,-0.066877938807,20.968479000000
2184,1413393995.205760478973,2,3.672071456909,3.874135971069,-3.262993812561,0.085289217532,-0.813610553741,0.569138526917,-0.082734405994,20.266743000000
2185,1413393995.255760431290,2,3.679468631744,3.859004974365,-3.277334213257,0.083093196154,-0.809625089169,0.572774827480,-0.097631305456,20.322152000000
2186,1413393995.305760622025,2,3.685464859009,3.844114303589,-3.293423175812,0.084396332502,-0.807728350163,0.572756230831,-0.111366905272,21.732954000000
2187,1413393995.355760335922,2,3.689273357391,3.828819274902,-3.309695243835,0.089244186878,-0.805905699730,0.571760654449,-0.125064834952,22.873673000000
2188,1413393995.405760526657,2,3.687775373459,3.813138008118,-3.332691669464,0.097704261541,-0.803888261318,0.570372164249,-0.137452110648,22.331857000000
2189,1413393995.455760478973,2,3.686313390732,3.798611879349,-3.348594427109,0.108721219003,-0.801391124725,0.569066405296,-0.148712858558,22.195662000000
2190,1413393995.505760431290,2,3.681937456131,3.783463954926,-3.363918542862,0.122922383249,-0.798665165901,0.567456126213,-0.158169582486,21.568961000000
2191,1413393995.555760383606,2,3.675590991974,3.755294084549,-3.370126962662,0.139221444726,-0.794915139675,0.566501438618,-0.166743934155,23.702976000000
2192,1413393995.605760574341,2,3.666113376617,3.737692356110,-3.383392810822,0.157564014196,-0.789497971535,0.567031502724,-0.174189180136,20.943566000000
2193,1413393995.655760288239,2,3.654321193695,3.719856977463,-3.396114349365,0.178319767118,-0.782697856426,0.568103611469,-0.181230366230,21.158895000000
2194,1413393995.705760478973,2,3.640456199646,3.701802015305,-3.408082962036,0.200680539012,-0.773511171341,0.571240603924,-0.187328621745,20.151589000000
2195,1413393995.755760431290,2,3.631554603577,3.676276683807,-3.416283845901,0.223246634007,-0.763716280460,0.573745846748,-0.194201529026,20.416825000000
2196,1413393995.805760622025,2,3.615210056305,3.658733844757,-3.426073789597,0.245314404368,-0.753284096718,0.575356006622,-0.203345686197,21.726045000000
2197,1413393995.855760335922,2,3.597552299500,3.642392635345,-3.435060024261,0.265698820353,-0.742605090141,0.575927913189,-0.215055763721,21.753025000000
2198,1413393995.905760526657,2,3.581254720688,3.620574712753,-3.441688060760,0.284690886736,-0.732682466507,0.574414134026,-0.228420495987,20.708217000000
2199,1413393995.955760478973,2,3.560645818710,3.606305122375,-3.450125217438,0.303033322096,-0.722185015678,0.573137700558,-0.241107687354,20.297157000000
2200,1413393996.005760431290,2,3.538038492203,3.593380928040,-3.458787441254,0.319333016872,-0.712501466274,0.571044027805,-0.253528803587,22.164003000000
2201,1413393996.055760383606,2,3.516445398331,3.576079368591,-3.466277599335,0.333589285612,-0.704296648502,0.568082928658,-0.264511525631,19.559160000000
2202,1413393996.105760574341,2,3.490247726440,3.565438985825,-3.475149869919,0.344650208950,-0.697215080261,0.565453231335,-0.274536192417,20.605098000000
2203,1413393996.155760288239,2,3.462268114090,3.556027412415,-3.483451128006,0.351976901293,-0.692412912846,0.561351060867,-0.285590171814,21.108673000000
2204,1413393996.205760478973,2,3.434726238251,3.544546127319,-3.487932205200,0.358336985111,-0.691077649593,0.553933501244,-0.295235633850,18.956249000000
2205,1413393996.255760431290,2,3.402501106262,3.536804676056,-3.497953891754,0.365639448166,-0.693617820740,0.543174684048,-0.300272345543,19.597399000000
2206,1413393996.305760622025,2,3.368116378784,3.529152154922,-3.508415937424,0.373153269291,-0.696143567562,0.533948421478,-0.301728367805,21.561715000000
2207,1413393996.355760335922,2,3.331994771957,3.521443367004,-3.520146608353,0.380853980780,-0.699263811111,0.525174200535,-0.300287306309,20.238176000000
2208,1413393996.405760526657,2,3.290318012238,3.507911205292,-3.531961679459,0.388288229704,-0.701076209545,0.518905997276,-0.297424018383,19.214354000000
2209,1413393996.455760478973,2,3.252617597580,3.499402046204,-3.548054695129,0.394415080547,-0.703413724899,0.513114333153,-0.293869972229,19.344065000000
2210,1413393996.505760431290,2,3.214714765549,3.490747451782,-3.566790103912,0.399036943913,-0.705955386162,0.507838249207,-0.290683418512,19.461340000000
2211,1413393996.555760383606,2,3.178438663483,3.480983257294,-3.588322162628,0.402937889099,-0.709245622158,0.502547502518,-0.286457210779,19.140655000000
2212,1413393996.605760574341,2,3.141443729401,3.471590518951,-3.611792087555,0.406228274107,-0.711992919445,0.498180091381,-0.282597362995,23.303752000000
2213,1413393996.655760288239,2,3.105507612228,3.462084531784,-3.635247707367,0.409662693739,-0.713977575302,0.493936270475,-0.280070662498,22.712781000000
2214,1413393996.705760478973,2,3.070907115936,3.452425479889,-3.657591342926,0.413020968437,-0.714605569839,0.490899205208,-0.278873890638,19.768098000000
2215,1413393996.755760431290,2,3.037291288376,3.443897724152,-3.675433874130,0.416422784328,-0.714298844337,0.488525807858,-0.278768509626,18.863011000000
2216,1413393996.805760622025,2,3.005996227264,3.433086395264,-3.694748163223,0.420950233936,-0.711083829403,0.488971769810,-0.279405236244,18.192832000000
2217,1413393996.855760335922,2,2.976496219635,3.422337293625,-3.712551355362,0.426228642464,-0.707142472267,0.489313662052,-0.280804067850,20.364304000000
2218,1413393996.905760526657,2,2.948289394379,3.413796901703,-3.724503278732,0.431805968285,-0.703041434288,0.489396244287,-0.282431960106,19.744970000000
2219,1413393996.955760478973,2,2.921864509583,3.403450250626,-3.739724636078,0.438518464565,-0.698766291142,0.488568633795,-0.284126669168,18.544854000000
2220,1413393997.005760431290,2,2.897127866745,3.393237590790,-3.753530502319,0.444886565208,-0.694698333740,0.487340986729,-0.286302387714,18.443211000000
2221,1413393997.055760383606,2,2.874163627625,3.383054733276,-3.765923261642,0.450133293867,-0.691735923290,0.485159069300,-0.288967281580,19.709400000000
2222,1413393997.105760574341,2,2.853216409683,3.372796058655,-3.777424812317,0.455466717482,-0.688584983349,0.483856886625,-0.290316015482,20.088904000000
2223,1413393997.155760288239,2,2.833324193954,3.363855600357,-3.785031318665,0.458921343088,-0.685932457447,0.482835203409,-0.292844921350,19.442027000000
2224,1413393997.205760478973,2,2.816466569901,3.353920459747,-3.793362855911,0.460745453835,-0.682291209698,0.483902722597,-0.296699434519,17.768903000000
2225,1413393997.255760431290,2,2.801263093948,3.344240665436,-3.800874710083,0.462053596973,-0.678444981575,0.485627472401,-0.300640702248,18.047940000000
2226,1413393997.305760622025,2,2.787416458130,3.334909677505,-3.808120727539,0.463498771191,-0.674632191658,0.487566173077,-0.303841233253,17.622977000000
2227,1413393997.355760335922,2,2.774617671967,3.326201200485,-3.816588640213,0.464519798756,-0.671253561974,0.489366143942,-0.306856244802,18.246399000000
2228,1413393997.405760526657,2,2.762898921967,3.317897796631,-3.828434944153,0.465049952269,-0.668940722942,0.490319311619,-0.309570610523,17.761569000000
2229,1413393997.455760478973,2,2.752035140991,3.310091972351,-3.844990968704,0.465890258551,-0.667135834694,0.490952908993,-0.311193317175,18.198957000000
2230,1413393997.505760431290,2,2.741531848907,3.302839756012,-3.864952802658,0.466393142939,-0.666081190109,0.490992933512,-0.312633007765,20.769046000000
2231,1413393997.555760383606,2,2.731554031372,3.301301956177,-3.887997865677,0.466148525476,-0.664519846439,0.492542773485,-0.313879847527,20.350836000000
2232,1413393997.605760574341,2,2.721385002136,3.295985221863,-3.909625053406,0.465946674347,-0.663110077381,0.493430435658,-0.315761238337,18.303819000000
2233,1413393997.655760288239,2,2.711763858795,3.291426658630,-3.929769754410,0.465398520231,-0.661477923393,0.495369404554,-0.316954731941,19.272676000000
2234,1413393997.705760478973,2,2.702396869659,3.288033485413,-3.948488473892,0.465228497982,-0.661517322063,0.495103061199,-0.317537933588,18.330513000000
2235,1413393997.755760431290,2,2.693510770798,3.285189390182,-3.965010404587,0.465581059456,-0.661827862263,0.494551092386,-0.317233979702,21.387269000000
2236,1413393997.805760622025,2,2.687833786011,3.280468463898,-3.977975130081,0.466155707836,-0.662852466106,0.493701606989,-0.315569639206,19.840984000000
2237,1413393997.855760335922,2,2.679637193680,3.279409885406,-3.991212844849,0.466575175524,-0.663740515709,0.492926388979,-0.314292609692,19.524185000000
2238,1413393997.905760526657,2,2.671944379807,3.279341220856,-4.003343105316,0.466834723949,-0.664669632912,0.492356896400,-0.312832742929,20.485496000000
2239,1413393997.955760478973,2,2.667699337006,3.281459331512,-4.012387275696,0.466780602932,-0.665787756443,0.492013990879,-0.311070501804,19.465685000000
2240,1413393998.005760431290,2,2.661604166031,3.283113002777,-4.022187232971,0.466847956181,-0.666314840317,0.492015630007,-0.309835612774,21.702449000000
2241,1413393998.055760383606,2,2.656267404556,3.285633087158,-4.031477451324,0.466968804598,-0.667479932308,0.491431444883,-0.308067917824,18.080626000000
2242,1413393998.105760574341,2,2.651820659637,3.289027690887,-4.040111064911,0.466501951218,-0.668412089348,0.491543561220,-0.306571692228,18.355823000000
2243,1413393998.155760288239,2,2.648275852203,3.293246269226,-4.048412322998,0.465406656265,-0.669358134270,0.492130041122,-0.305228382349,19.754999000000
2244,1413393998.205760478973,2,2.646750688553,3.299656629562,-4.056424140930,0.463664084673,-0.669697582722,0.493963479996,-0.304172486067,22.208792000000
2245,1413393998.255760431290,2,2.644708156586,3.305513620377,-4.062929630280,0.462118327618,-0.670601785183,0.494833409786,-0.303116887808,18.946985000000
2246,1413393998.305760622025,2,2.643415927887,3.312436103821,-4.068251609802,0.459751099348,-0.671269118786,0.496024519205,-0.303292661905,18.253851000000
2247,1413393998.355760335922,2,2.642774343491,3.320452213287,-4.072624683380,0.457992911339,-0.672270059586,0.496395200491,-0.303129404783,17.615983000000
2248,1413393998.405760526657,2,2.642700195312,3.329638481140,-4.076266288757,0.457169711590,-0.675206720829,0.494009613991,-0.301738709211,18.787048000000
2249,1413393998.455760478973,2,2.643592834473,3.339901924133,-4.078282356262,0.455649316311,-0.679347455502,0.489824116230,-0.301567882299,18.907343000000
2250,1413393998.505760431290,2,2.645576477051,3.350709915161,-4.078371047974,0.452255934477,-0.683511018753,0.485784709454,-0.303793489933,18.045100000000
2251,1413393998.555760383606,2,2.648690938950,3.361702442169,-4.077450752258,0.448801189661,-0.686575591564,0.482951134443,-0.306512296200,21.748619000000
2252,1413393998.605760574341,2,2.651700735092,3.372507095337,-4.078086376190,0.443196952343,-0.689114451408,0.480583161116,-0.312630265951,19.463341000000
2253,1413393998.655760288239,2,2.656163692474,3.383239507675,-4.077540397644,0.437763333321,-0.690706253052,0.479213953018,-0.318813651800,18.483222000000
2254,1413393998.705760478973,2,2.660640239716,3.393484115601,-4.078120231628,0.432296156883,-0.692314565182,0.477245360613,-0.325664609671,18.534607000000
2255,1413393998.755760431290,2,2.664982080460,3.402499437332,-4.079731464386,0.427897930145,-0.693643689156,0.475307196379,-0.331428676844,18.161887000000
2256,1413393998.805760622025,2,2.668884754181,3.409916400909,-4.081795692444,0.424858301878,-0.693597435951,0.475092291832,-0.335716307163,16.854886000000
2257,1413393998.855760335922,2,2.672224044800,3.416014671326,-4.085322380066,0.424129039049,-0.692833423615,0.475907951593,-0.337057888508,17.677040000000
2258,1413393998.905760526657,2,2.674599647522,3.420495748520,-4.089867115021,0.425613671541,-0.691681325436,0.477348446846,-0.335512220860,17.022721000000
2259,1413393998.955760478973,2,2.676475524902,3.423476219177,-4.095164775848,0.429402410984,-0.688706040382,0.481526404619,-0.330802112818,16.945607000000
2260,1413393999.005760431290,2,2.678490638733,3.425143957138,-4.101066589355,0.433482646942,-0.684398829937,0.487594008446,-0.325489133596,16.988866000000
2261,1413393999.055760383606,2,2.680043220520,3.426293611526,-4.107248783112,0.437637597322,-0.679700970650,0.494228303432,-0.319716244936,18.099401000000
2262,1413393999.105760574341,2,2.680105209351,3.427282810211,-4.115257263184,0.442875921726,-0.676058351994,0.499087125063,-0.312598913908,17.483935000000
2263,1413393999.155760288239,2,2.680082559586,3.429445266724,-4.123169422150,0.447802752256,-0.675329744816,0.499973922968,-0.305660873652,17.558714000000
2264,1413393999.205760478973,2,2.680087804794,3.432527303696,-4.131410598755,0.451137661934,-0.676151275635,0.498912602663,-0.300633639097,17.538805000000
2265,1413393999.255760431290,2,2.681091547012,3.436611890793,-4.139783382416,0.452905952930,-0.678477406502,0.495732456446,-0.297983258963,20.090772000000
2266,1413393999.305760622025,2,2.686403989792,3.440517187119,-4.147832870483,0.451847285032,-0.682875096798,0.490035235882,-0.298966884613,16.404099000000
2267,1413393999.355760335922,2,2.689722299576,3.445995807648,-4.155198097229,0.448279023170,-0.687324345112,0.484146416187,-0.303699702024,17.341074000000
2268,1413393999.405760526657,2,2.694220066071,3.451339244843,-4.162343978882,0.444423675537,-0.691035628319,0.479155808687,-0.308815777302,17.729159000000
2269,1413393999.455760478973,2,2.702651739120,3.453272581100,-4.167922973633,0.441677004099,-0.694186687469,0.474822968245,-0.312361210585,17.208258000000
2270,1413393999.505760431290,2,2.708616256714,3.457226514816,-4.174499988556,0.438365966082,-0.695904612541,0.472793757915,-0.316256493330,16.488335000000
2271,1413393999.555760383606,2,2.715470314026,3.459921598434,-4.180421829224,0.434982180595,-0.697355389595,0.471207946539,-0.320076555014,17.656224000000
2272,1413393999.605760574341,2,2.724930047989,3.457433700562,-4.181312561035,0.431130528450,-0.697910487652,0.470780730247,-0.324673771858,15.866566000000
2273,1413393999.655760288239,2,2.733428478241,3.456727266312,-4.186249256134,0.428646147251,-0.697935819626,0.470893085003,-0.327731430531,15.973162000000
2274,1413393999.705760478973,2,2.741706848145,3.452557086945,-4.191474914551,0.426535665989,-0.697928369045,0.470911443233,-0.330463051796,16.185940000000
2275,1413393999.755760431290,2,2.749549388885,3.448699235916,-4.198318004608,0.425071418285,-0.698047697544,0.470593631268,-0.332543820143,18.296041000000
2276,1413393999.805760622025,2,2.756518363953,3.442861080170,-4.207990646362,0.423918187618,-0.697434008121,0.471036314964,-0.334670156240,15.867301000000
2277,1413393999.855760335922,2,2.763797044754,3.436125755310,-4.219307899475,0.423347115517,-0.698018789291,0.469833403826,-0.335862487555,18.253033000000
2278,1413393999.905760526657,2,2.768826961517,3.428024291992,-4.233622550964,0.423301309347,-0.697727918625,0.469507098198,-0.336979031563,17.390798000000
2279,1413393999.955760478973,2,2.775103569031,3.418190479279,-4.248640060425,0.425440490246,-0.695810496807,0.471715033054,-0.335161387920,18.405171000000
2280,1413394000.005760431290,2,2.783720254898,3.404849290848,-4.264970779419,0.429915666580,-0.689444959164,0.481179654598,-0.329096376896,14.952568000000
2281,1413394000.055760383606,2,2.785410404205,3.400000810623,-4.272459506989,0.437249630690,-0.679591894150,0.497372835875,-0.315575540066,16.219107000000
2282,1413394000.105760574341,2,2.785820007324,3.402562379837,-4.264347076416,0.434170246124,-0.682552218437,0.492653369904,-0.320797979832,17.742385000000
2283,1413394000.155760288239,2,2.785461425781,3.405356407166,-4.254821777344,0.435432732105,-0.675570785999,0.504226803780,-0.315844655037,17.374134000000
2284,1413394000.205760478973,2,2.784732341766,3.406094074249,-4.250638008118,0.438282370567,-0.670233130455,0.513238072395,-0.308679312468,16.390409000000
2285,1413394000.255760431290,2,2.781675338745,3.407688856125,-4.256751537323,0.442621409893,-0.667704880238,0.518322050571,-0.299330741167,15.741969000000
2286,1413394000.305760622025,2,2.780537843704,3.408736228943,-4.269599914551,0.438290566206,-0.672009706497,0.517736673355,-0.297074198723,16.183745000000
2287,1413394000.355760335922,2,2.778161764145,3.407031059265,-4.272365570068,0.418796300888,-0.683277070522,0.505005180836,-0.320487052202,14.940012000000
2288,1413394000.405760526657,2,2.776626348495,3.403071165085,-4.266633033752,0.424912333488,-0.678087174892,0.510949134827,-0.313971877098,15.692801000000
2289,1413394000.455760478973,2,2.776376247406,3.403521060944,-4.268357276917,0.426868021488,-0.678946375847,0.509674787521,-0.311523854733,15.980604000000
2290,1413394000.505760431290,2,2.776949167252,3.402855157852,-4.272369384766,0.427111953497,-0.680753290653,0.507414698601,-0.310935229063,14.979674000000
2291,1413394000.555760383606,2,2.776803493500,3.402706146240,-4.270149230957,0.425961196423,-0.679520130157,0.508951604366,-0.312694430351,15.850546000000
2292,1413394000.605760574341,2,2.777529716492,3.403136968613,-4.268962860107,0.423220872879,-0.679981648922,0.508407056332,-0.316277474165,15.936079000000
2293,1413394000.655760288239,2,2.778427839279,3.402848005295,-4.271283149719,0.426568716764,-0.678768277168,0.509963393211,-0.311849445105,16.601485000000
2294,1413394000.705760478973,2,2.779580593109,3.402936458588,-4.270294189453,0.424735963345,-0.680407524109,0.507874011993,-0.314179897308,17.391396000000
2295,1413394000.755760431290,2,2.779852390289,3.402049303055,-4.270899772644,0.425933539867,-0.679690957069,0.508756101131,-0.312678873539,17.153854000000
2296,1413394000.805760622025,2,2.780538082123,3.402501583099,-4.270527362823,0.424288928509,-0.679783940315,0.508774161339,-0.314677119255,16.921905000000
2297,1413394000.855760335922,2,2.780782222748,3.402071475983,-4.270804405212,0.425487250090,-0.679325759411,0.509314239025,-0.313171267509,17.098203000000
2298,1413394000.905760526657,2,2.781099319458,3.401842117310,-4.270881652832,0.424566090107,-0.680191159248,0.508258700371,-0.314255863428,16.422197000000
2299,1413394000.955760478973,2,2.781121969223,3.401671409607,-4.270879745483,0.425184667110,-0.679715454578,0.508863210678,-0.313469499350,17.072016000000
2300,1413394001.005760431290,2,2.779373407364,3.401804924011,-4.271608352661,0.424572497606,-0.679813146591,0.508628666401,-0.314466446638,17.121631000000
2301,1413394001.055760383606,2,2.779747486115,3.401282787323,-4.271639347076,0.424991965294,-0.679675281048,0.508842587471,-0.313851177692,17.353978000000
2302,1413394001.105760574341,2,2.780228853226,3.401309728622,-4.271676063538,0.424681484699,-0.680121779442,0.508253157139,-0.314259231091,16.773363000000
2303,1413394001.155760288239,2,2.780321359634,3.401044130325,-4.271668434143,0.424888432026,-0.679646968842,0.508856356144,-0.314030200243,16.581919000000
2304,1413394001.205760478973,2,2.780541181564,3.401022911072,-4.271649360657,0.424527585506,-0.680019080639,0.508463621140,-0.314348697662,17.452944000000
2305,1413394001.255760431290,2,2.780407667160,3.401034832001,-4.271774291992,0.424898624420,-0.679853260517,0.508555293083,-0.314057648182,16.845424000000
2306,1413394001.305760622025,2,2.780144691467,3.401149034500,-4.271681785583,0.424618691206,-0.679948508739,0.508480489254,-0.314351141453,16.632171000000
2307,1413394001.355760335922,2,2.779567480087,3.401399374008,-4.271669387817,0.424726635218,-0.679823577404,0.508707463741,-0.314108371735,16.794062000000
2308,1413394001.405760526657,2,2.779176473618,3.401770830154,-4.271631717682,0.424646526575,-0.679889500141,0.508511066437,-0.314391821623,16.117315000000
2309,1413394001.455760478973,2,2.778794527054,3.401864290237,-4.271716594696,0.424730807543,-0.679861843586,0.508633196354,-0.314139991999,16.746057000000
2310,1413394001.505760431290,2,2.778534173965,3.402144193649,-4.271648406982,0.424553394318,-0.679891109467,0.508626043797,-0.314328163862,28.849827000000
2311,1413394001.555760383606,2,2.778148412704,3.405576229095,-4.274131774902,0.424239397049,-0.680054545403,0.508759856224,-0.314181774855,15.849391000000
2312,1413394001.605760574341,2,2.777969837189,3.405674457550,-4.274038791656,0.424116015434,-0.680104732513,0.508692562580,-0.314348697662,18.133568000000
2313,1413394001.655760288239,2,2.777746200562,3.405807256699,-4.273981571198,0.424136847258,-0.680040657520,0.508757174015,-0.314354747534,16.776663000000
2314,1413394001.705760478973,2,2.777622222900,3.405910968781,-4.273910045624,0.424148797989,-0.680082261562,0.508641004562,-0.314436614513,16.605612000000
2315,1413394001.755760431290,2,2.777499198914,3.405996084213,-4.273886680603,0.424147754908,-0.680052518845,0.508658230305,-0.314474284649,18.242718000000
2316,1413394001.805760622025,2,2.777526140213,3.405949115753,-4.273927688599,0.424157351255,-0.680058538914,0.508596479893,-0.314548015594,16.263163000000
2317,1413394001.855760335922,2,2.777476549149,3.405915260315,-4.273916721344,0.424156993628,-0.680082499981,0.508564352989,-0.314548999071,16.369687000000
2318,1413394001.905760526657,2,2.777584314346,3.405920505524,-4.273922443390,0.424111425877,-0.680117249489,0.508525669575,-0.314597725868,16.043726000000
2319,1413394001.955760478973,2,2.777790069580,3.405818462372,-4.273994445801,0.424084365368,-0.680131316185,0.508524954319,-0.314604967833,16.654622000000
2320,1413394002.005760431290,2,2.778005599976,3.405650854111,-4.274003505707,0.424025416374,-0.680171310902,0.508548915386,-0.314559370279,17.746398000000
2321,1413394002.055760383606,2,2.778017997742,3.404553174973,-4.273568153381,0.423987358809,-0.680100798607,0.508605659008,-0.314671128988,15.957771000000
2322,1413394002.105760574341,2,2.778139591217,3.404419422150,-4.273320198059,0.423941105604,-0.680112123489,0.508621037006,-0.314684212208,17.698079000000
2323,1413394002.155760288239,2,2.778283119202,3.404345273972,-4.273269176483,0.423943132162,-0.680163383484,0.508541464806,-0.314699143171,16.224126000000
2324,1413394002.205760478973,2,2.778395414352,3.404307603836,-4.273289680481,0.423942238092,-0.680187880993,0.508498132229,-0.314717680216,19.872955000000
2325,1413394002.255760431290,2,2.778391838074,3.404326200485,-4.273427963257,0.423931837082,-0.680114448071,0.508575141430,-0.314765900373,16.132585000000
2326,1413394002.305760622025,2,2.778243303299,3.404422521591,-4.273576736450,0.423955589533,-0.680132508278,0.508534550667,-0.314760386944,16.469249000000
2327,1413394002.355760335922,2,2.778075456619,3.404514789581,-4.273693084717,0.423879563808,-0.680141508579,0.508550107479,-0.314818143845,17.075743000000
2328,1413394002.405760526657,2,2.777919769287,3.404637098312,-4.273817062378,0.423911422491,-0.680107533932,0.508580803871,-0.314799219370,17.021264000000
2329,1413394002.455760478973,2,2.777787446976,3.404688119888,-4.273872375488,0.423911005259,-0.680112600327,0.508551418781,-0.314836204052,17.065648000000
2330,1413394002.505760431290,2,2.777660369873,3.404735565186,-4.273871421814,0.423907667398,-0.680113673210,0.508559644222,-0.314825236797,19.755423000000
2331,1413394002.555760383606,2,2.776680707932,3.404966592789,-4.274266719818,0.423719584942,-0.680085301399,0.508613765240,-0.315052032471,16.692589000000
2332,1413394002.605760574341,2,2.776666164398,3.404952287674,-4.274165153503,0.423680365086,-0.680106222630,0.508578002453,-0.315117210150,17.587956000000
2333,1413394002.655760288239,2,2.776681423187,3.404978036880,-4.274173736572,0.423718273640,-0.680108904839,0.508571684361,-0.315070956945,16.163039000000
2334,1413394002.705760478973,2,2.776720762253,3.405030965805,-4.274226188660,0.423658370972,-0.680134177208,0.508546471596,-0.315137326717,16.481523000000
2335,1413394002.755760431290,2,2.776762485504,3.405050754547,-4.274367332458,0.423720121384,-0.680148124695,0.508515119553,-0.315074920654,16.533094000000
2336,1413394002.805760622025,2,2.776742935181,3.405067205429,-4.274448394775,0.423624813557,-0.680118799210,0.508565604687,-0.315184831619,16.909984000000
2337,1413394002.855760335922,2,2.776756525040,3.405072450638,-4.274594306946,0.423720061779,-0.680197417736,0.508435964584,-0.315096229315,16.869163000000
2338,1413394002.905760526657,2,2.776810169220,3.405003786087,-4.274617671967,0.423717260361,-0.680182576180,0.508458495140,-0.315095871687,16.684193000000
2339,1413394002.955760478973,2,2.776772975922,3.405036449432,-4.274637222290,0.423641145229,-0.680145978928,0.508527576923,-0.315165728331,17.342855000000
2340,1413394003.005760431290,2,2.776763200760,3.405069112778,-4.274626255035,0.423686355352,-0.680192112923,0.508452177048,-0.315126866102,16.999144000000
2341,1413394003.055760383606,2,2.776163578033,3.404965400696,-4.276918411255,0.423612475395,-0.680048823357,0.508603751659,-0.315290957689,16.086766000000
2342,1413394003.105760574341,2,2.776180982590,3.404924631119,-4.277018547058,0.423681706190,-0.680024564266,0.508617639542,-0.315227836370,16.917667000000
2343,1413394003.155760288239,2,2.776243686676,3.404902935028,-4.277038097382,0.423602044582,-0.680074155331,0.508547008038,-0.315341681242,16.867599000000
2344,1413394003.205760478973,2,2.776337623596,3.404830932617,-4.277027130127,0.423644870520,-0.680004835129,0.508633017540,-0.315295010805,18.271178000000
2345,1413394003.255760431290,2,2.776384115219,3.404795169830,-4.276984691620,0.423619389534,-0.680067002773,0.508520841599,-0.315376251936,17.776756000000
2346,1413394003.305760622025,2,2.776448011398,3.404655456543,-4.276964187622,0.423637360334,-0.680013477802,0.508591473103,-0.315353393555,17.056318000000
2347,1413394003.355760335922,2,2.776461124420,3.404644489288,-4.276888847351,0.423547059298,-0.680024981499,0.508586168289,-0.315458565950,16.479408000000
