kf_id,ts,n_inertial_edges,n_vis_edges,err_R_mean,err_R_std,err_R_max,err_V_mean,err_V_std,err_V_max,err_P_mean,err_P_std,err_P_max,chi2_inertial_mean,chi2_inertial_max,rel_robust_chi2,n_gyro_rw,n_acc_rw,bg_x,bg_y,bg_z,ba_x,ba_y,ba_z,vel_x,vel_y,vel_z
10,1413393892.11,9,5853,0.000328080137705,0.00010327073174,0.000492722377091,0.00760305081623,0.00881135520808,0.0307132153516,0.000669808083961,0.000510760566678,0.00156207895793,49.3452386912,161.723233179,0.868235945702,9,9,-0.0029607352335,0.0265852492303,0.0794000029564,-0.0380791127682,0.00299991620705,0.0592696964741,-0.279027819633,-1.5430495739,0.185128763318
11,1413393892.26,10,6226,0.000312066923201,8.94810522172e-05,0.00045346948163,0.00676668888756,0.00890990152445,0.0310950667644,0.000581332898431,0.000538940102406,0.00164296059109,45.9260086067,175.208503325,0.84829211235,10,10,-0.00296559906565,0.0265793502331,0.0794106274843,-0.0567467659712,0.0109021356329,0.0466903969646,-0.303084969521,-1.50857019424,0.195445567369
12,1413393892.41,11,6612,0.000309549337296,0.000133409055455,0.000516761907045,0.00631255825306,0.00864563617791,0.0305899384342,0.000572775320868,0.000603688555333,0.00170751500031,47.0626429079,192.436223675,0.863487839699,11,11,-0.00296856462955,0.0265778414905,0.0794089585543,-0.0453739874065,0.00700552156195,0.0458526611328,-0.31478279829,-1.43002212048,0.025982549414
13,1413393892.56,12,7098,0.000335121463274,0.000198444680775,0.000689075361607,0.00617488526363,0.00857196102794,0.0309724539776,0.000568470092617,0.000627798853346,0.00177431699888,51.8772521974,247.289984299,0.892154157162,12,12,-0.00296409986913,0.0265807248652,0.0794121921062,-0.0402461029589,0.00675573572516,0.0426223613322,-0.333851397038,-1.32598245144,-0.13280646503
14,1413393892.71,13,7465,0.000334103790074,0.000252707817202,0.000890890041704,0.00600065957065,0.00852794150776,0.0308567582437,0.000572840915419,0.000690731883458,0.00221276000397,55.9327902937,368.438156857,0.890400290489,13,13,-0.00296408729628,0.0265778005123,0.079414203763,-0.0328791998327,0.00708940858021,0.0468276254833,-0.353213101625,-1.21845090389,-0.194766432047
15,1413393892.91,14,7731,0.000318186365801,0.000263868577894,0.000972775876456,0.00567191643499,0.00861163964767,0.0312199645234,0.000553393381707,0.000741650273292,0.00246467778176,55.2632047203,450.161838724,0.912862956524,14,14,-0.0029652134981,0.0265760011971,0.0794136673212,-0.024871731177,0.00682070013136,0.0466962978244,-0.403026014566,-0.88761562109,-0.126992151141
16,1413393893.31,15,7953,0.000282298212707,0.000227112007951,0.000810546437782,0.00521717410092,0.00827180194738,0.0309847444716,0.00049923764104,0.000676210186939,0.00230302523144,47.54635217,396.339897201,0.883505821228,15,15,-0.0029560374096,0.0265746023506,0.0794123411179,-0.026542564854,0.00529701495543,0.045712120831,-0.492368340492,0.114954315126,0.101826190948
17,1413393893.71,16,8354,0.000288128093178,0.000223528361711,0.000804758618348,0.00500029850704,0.00801720296933,0.0307383723224,0.000494001164449,0.00067197724469,0.00230425321073,45.9621852609,401.284736162,0.845261216164,16,16,-0.0029577605892,0.0265744589269,0.0794051066041,-0.0327945798635,0.00393730215728,0.0464385412633,-0.355402141809,0.841999173164,0.160218805075
18,1413393893.91,17,8796,0.000289163804333,0.000224403743534,0.000821084977298,0.00495330278177,0.00772339295666,0.0306026879079,0.000489571473256,0.000637821040744,0.00229745205314,44.7057241242,400.885920748,0.865270555019,17,17,-0.00294894631952,0.026558008045,0.0793989226222,-0.0338492952287,7.52433697926e-05,0.0460363067687,-0.20611409843,1.1212990284,0.214165449142
19,1413393894.16,18,9138,0.0002816297464,0.000233048755681,0.000814178849356,0.00473997537916,0.00767450640323,0.0306759315062,0.000461393654401,0.000628406707782,0.00236066747317,46.2029467037,435.464533133,0.807979643345,18,18,-0.00294443615712,0.0265464130789,0.0793963447213,-0.0353353247046,-0.00649820500985,0.0500676557422,-0.0568211935461,1.26122748852,0.241963684559
20,1413393894.36,19,9501,0.000280357165856,0.000228317743213,0.000799548586721,0.00440428464647,0.00758495722318,0.0309861928529,0.000440454252484,0.000638541433528,0.0023398506041,41.9610123069,420.210919526,0.849373281002,19,19,-0.00294320238754,0.0265386849642,0.0793995931745,-0.0349278412759,-0.00836051162332,0.0509892776608,0.0826518386602,1.3089761734,0.126582458615
21,1413393894.51,20,10021,0.000286233599913,0.000241982206645,0.000865884417047,0.00442467734175,0.0078446771734,0.0327313323534,0.00043932475291,0.000651788643877,0.00257822765849,43.7978530616,503.214261775,0.854230344296,20,20,-0.00293203233741,0.0265348982066,0.0793985128403,-0.0309457238764,-0.00709467381239,0.0473996438086,0.155322045088,1.35180473328,-0.131703734398
22,1413393894.66,20,9869,0.000302030080152,0.00025548128733,0.000920189771964,0.00464955589587,0.008053751005,0.0330004018965,0.00047966387461,0.000691183630361,0.00280246488424,51.0281438682,609.031620158,0.86426192522,20,20,-0.00291614374146,0.0265372879803,0.07940107584,-0.0294495411217,-0.00847428385168,0.0507831498981,0.226279973984,1.37824511528,-0.207977592945
23,1413393894.81,20,9878,0.000259829691827,0.000218014247751,0.000796861740692,0.00446571081923,0.00692264969712,0.0281631137233,0.000451520579238,0.000564500836544,0.00252714845621,41.3482201664,438.618098066,0.937043309212,20,20,-0.00209129741415,0.0252968370914,0.0795230194926,-0.000270010699751,-0.022763395682,0.133402004838,0.276306033134,1.35836851597,-0.186256453395
24,1413393894.96,20,9765,0.000264806092851,0.000215639748717,0.000871248524149,0.00460912101255,0.0071952685636,0.0288606971521,0.000492420231408,0.000627065903495,0.00272541282889,43.4535024766,501.304834625,0.847796797752,20,20,-0.002086679684,0.0252706762403,0.0795291885734,0.0168954338878,-0.025998737663,0.123989000916,0.303242534399,1.34177112579,-0.132259219885
25,1413393895.06,20,9678,0.000261052448361,0.000222669686687,0.000932467325384,0.00474811128428,0.00755466925078,0.0295638549437,0.000532934228448,0.000696018524639,0.00297539778997,46.8233299262,599.425985354,0.837039470673,20,20,-0.00209162035026,0.025259995833,0.079528324306,0.0240798722953,-0.0207952037454,0.12762747705,0.306262820959,1.30548429489,-0.100746713579
26,1413393895.16,20,9715,0.000255267748461,0.000227066855622,0.000932675571893,0.00456634798418,0.00746483948896,0.030156136473,0.000521367685639,0.000679098128662,0.00277711469553,40.7499370463,520.025381858,0.866337418556,20,20,-0.00208146241494,0.0252605006099,0.0795336440206,0.0240727458149,-0.0205604024231,0.131591945887,0.311649143696,1.25767338276,-0.0825126543641
27,1413393895.26,20,9540,0.000265765194907,0.000202855452775,0.000748561788218,0.0046604711768,0.00731703041269,0.0297039780611,0.000522496460066,0.000642725192069,0.00272769220579,41.3565663891,510.992179901,0.86902987957,20,20,-0.00207263976336,0.025247681886,0.0795361399651,0.0245791357011,-0.0201512854546,0.132866457105,0.319471806288,1.22221255302,-0.0668095052242
28,1413393895.36,20,9400,0.000257219025391,0.000207487158981,0.000807586034645,0.00458111639407,0.00734449040706,0.0298930746837,0.000513722649301,0.000623544385054,0.00271938815171,39.8833562687,506.61124473,0.860706090927,20,20,-0.00207100599073,0.0252293348312,0.0795348882675,0.0314636677504,-0.0167572442442,0.136603340507,0.317068785429,1.16202068329,-0.12601159513
29,1413393895.46,20,9450,0.000266608724317,0.000213177016,0.000830944380909,0.00465566848252,0.00744644241662,0.0303721111972,0.000527080141791,0.000647916268099,0.0027645531981,41.2665129151,517.557064627,0.879395604134,20,20,-0.0020694762934,0.025236427784,0.0795431062579,0.0291841160506,-0.0158014334738,0.137176260352,0.327225416899,1.09458255768,-0.229093164206
30,1413393895.56,20,9254,0.000266741087653,0.000224779209882,0.000923149177954,0.0045725052261,0.00743444461711,0.0301284085853,0.000537565836365,0.000654398149233,0.00277525753651,40.5344903041,525.213928956,0.883374273777,20,20,-0.00206632725894,0.0252277813852,0.0795488208532,0.0355059728026,-0.0116633335128,0.142380088568,0.334597319365,1.02296376228,-0.269214212894
31,1413393895.66,21,9791,0.000261426791419,0.00022508880457,0.000928028683971,0.00441953707117,0.00734888114891,0.0302457456681,0.000528088431054,0.000674366023809,0.00282333437717,39.6206699567,540.407621013,0.884682357311,21,21,-0.00206247903407,0.0252250563353,0.0795457139611,0.0303479619324,-0.0144990049303,0.138131439686,0.354433953762,0.980246603489,-0.203381583095
32,1413393895.76,21,9690,0.000262606653537,0.000226835638296,0.000952297855714,0.00443215666482,0.00743734965753,0.0307268403227,0.000531035421073,0.000684212729916,0.00284975999292,39.8393127778,552.883756829,0.878843545914,21,21,-0.00205592787825,0.0252419281751,0.07956174016,0.0267244391143,-0.00933886412531,0.135612338781,0.34877076745,0.922540426254,-0.149138331413
33,1413393895.86,21,9592,0.000261372316376,0.000238777384862,0.00103734369624,0.00438217528237,0.00735848563367,0.030470401486,0.000527594061733,0.000675088297342,0.00281836962624,38.6627916987,537.105687639,0.89090359211,21,21,-0.00206100498326,0.0252367500216,0.0795613452792,0.0229475013912,-0.00745143089443,0.137431159616,0.361789405346,0.852964401245,-0.102383218706
34,1413393895.96,21,9480,0.000275498927038,0.000249700116176,0.00110718239266,0.0044183246266,0.00741347779371,0.0308051079282,0.000527888667928,0.000679814827857,0.00283000256023,39.7017196789,548.012157982,0.880946516991,21,21,-0.00205732462928,0.0252519957721,0.0795602872968,0.024949323386,-0.00786918122321,0.134836018085,0.360257267952,0.749990880489,-0.0683331489563
35,1413393896.06,22,9915,0.000268948019527,0.000265401476888,0.00120461721432,0.00418047440518,0.00715882299726,0.0305980131714,0.000503110894779,0.000664088186431,0.00271667356902,36.1354064539,498.585615519,0.877390861511,22,22,-0.00206729397178,0.0252455808222,0.0795681849122,0.0302397627383,-0.00640690559521,0.136024162173,0.333800375462,0.670829474926,-0.0844314619899
36,1413393896.16,21,9405,0.000202613186029,0.000152452415269,0.000563164519558,0.00316692950436,0.00466731997613,0.0211128573407,0.000508810758449,0.000718950505469,0.00268944541843,34.3128769369,483.37546263,0.874083518982,21,21,-0.00205923453905,0.0252505280077,0.079573020339,0.0322957932949,-0.0108088273555,0.132599174976,0.287164181471,0.623722970486,-0.0490019619465
37,1413393896.31,21,9434,0.000205748837945,0.000145446966304,0.000547175760008,0.00318205917433,0.00464325464831,0.0209640427499,0.000524883897814,0.000726109696638,0.00267515753118,33.6560819033,472.790133346,0.873596251011,21,21,-0.0020519560203,0.02524744533,0.0795714557171,0.0301892887801,-0.0130952810869,0.128923386335,0.204157993197,0.497464060783,-0.00855502020568
38,1413393896.46,21,9514,0.000198149871495,0.000140127367858,0.000525704177926,0.00318501142553,0.00458398869451,0.0206870553603,0.000539651392102,0.000743119213073,0.00279456257396,32.6558471842,458.460281482,0.879579782486,21,21,-0.00205204659142,0.0252562202513,0.0795626565814,0.0245044697076,-0.0163139421493,0.123276427388,0.065308354795,0.333357959986,0.050383541733
39,1413393896.71,22,9958,0.000216326447764,0.000140288483916,0.000495623958175,0.00350709420454,0.00437727655362,0.0204061592681,0.000576993853436,0.000694285262473,0.00260817589433,32.0949629996,442.419196477,0.884503960609,22,22,-0.00206999504007,0.0252649895847,0.0795650333166,0.0217871684581,-0.0154935857281,0.118243604898,-0.00153755326755,0.0402839817107,0.13772508502
40,1413393896.91,22,9790,0.000235089398739,0.000166489491127,0.000719087567632,0.00356830028342,0.00431040854719,0.020546609898,0.000573906946128,0.000667785756666,0.00263247745172,33.5006129422,454.391970287,0.894973635674,22,22,-0.00208643847145,0.0252820178866,0.0795411765575,0.00963776931167,-0.018821483478,0.0967550575733,0.0961945354939,-0.191042333841,0.132935151458
41,1413393897.06,21,9354,0.000268983042825,0.000232133498958,0.00110527013201,0.00374334648053,0.00381068431788,0.0141421366755,0.000588013219846,0.000658010893717,0.00289614882817,26.1584075877,221.214498131,0.882892370224,21,21,-0.00210273242556,0.0252984650433,0.0795135274529,0.00440281769261,-0.0216360483319,0.0837419629097,0.295268893242,-0.310878902674,0.101390823722
42,1413393897.21,22,9883,0.000306581444057,0.000303077701019,0.00124309994593,0.00419895580186,0.00424415928001,0.0154498499494,0.000661020511602,0.000756692175348,0.00333461976616,35.0023353571,192.775675701,0.883753120899,22,22,-0.00211090850644,0.0253098160028,0.0794853717089,0.0039598881267,-0.0197777822614,0.0806010514498,0.527912318707,-0.244925290346,0.0638087391853
43,1413393897.31,21,9103,0.000295463058545,0.000274433150897,0.0012928270962,0.00440555093348,0.00517315844006,0.0184662217524,0.000744244321354,0.000891856245238,0.00292965644797,31.9167661608,203.691742145,0.885153055191,21,21,-0.00211933325045,0.0253267511725,0.0794920027256,0.00724108703434,-0.0102200964466,0.0715432018042,0.610247194767,-0.0923316478729,0.0829913541675
44,1413393897.41,22,9696,0.000300267270987,0.000307665517768,0.00130241034371,0.00476871663345,0.0065353334464,0.0260241535666,0.000848585935287,0.00130511926985,0.00575001825292,42.9693535171,406.70946004,0.893935441971,22,22,-0.00210781837814,0.0253279004246,0.079490609467,0.0079239429906,-0.0071975630708,0.0808000043035,0.626703500748,0.0911079496145,0.0667776241899
45,1413393897.56,21,9269,0.00033214666995,0.000372916975952,0.00144066088294,0.00475281318157,0.00794684761364,0.0371811439832,0.000939368742668,0.00174768775444,0.00811909399132,59.4638126356,813.861029718,0.865118920803,21,21,-0.00209760130383,0.0253236610442,0.0794921144843,0.00990045722574,-0.00491668982431,0.0754409581423,0.582079768181,0.299718230963,0.034494984895
46,1413393897.71,21,9206,0.00038894678889,0.000488892332508,0.00209197708131,0.00535452783809,0.00985002874432,0.0464569700927,0.00106336579382,0.00213476800075,0.00993708996911,85.438426265,1334.1168481,0.878332018852,21,21,-0.00209232140332,0.0253215748817,0.0794789865613,0.00625044247136,-0.00457356730476,0.060058105737,0.552843093872,0.415187269449,0.0696762874722
47,1413393897.86,22,9737,0.000399002923625,0.00056550864337,0.00257073545549,0.00531871992528,0.0105230261021,0.0506268695796,0.00105222299778,0.00227328858485,0.0108081598323,97.7291337455,1674.27724052,0.88283354044,22,22,-0.00208864873275,0.0253192298114,0.0794718116522,-0.00677663367242,-0.00423073256388,0.048354819417,0.567653059959,0.501190662384,0.106548190117
48,1413393897.96,21,9196,0.00041911422832,0.000608562787333,0.00243623860723,0.00514287829305,0.00908988106951,0.0419555324188,0.000956622468192,0.00191854963359,0.00885943166913,77.776079133,1227.50275874,0.871679365635,21,21,-0.00208676396869,0.0253233518451,0.0794666707516,-0.00726887956262,-0.00178966124076,0.047085262835,0.549171984196,0.558899462223,0.123901031911
49,1413393898.06,21,9044,0.000413428832334,0.000607267272811,0.00238692167413,0.00514445090008,0.00886517504787,0.0408946155778,0.000965429549285,0.00186764268413,0.00862591056781,74.9877216636,1171.75927166,0.872134923935,21,21,-0.00208352133632,0.0253318306059,0.0794599428773,-0.00921655911952,0.010661737062,0.0375167876482,0.543635904789,0.628431379795,0.160331457853
50,1413393898.16,22,9600,0.000408709957927,0.000597112447732,0.00233545813616,0.00485548205928,0.00826896724112,0.0384840515863,0.000902735096095,0.00173621359282,0.00811540788996,67.4080488352,1059.36631582,0.878081798553,22,22,-0.00209312746301,0.0253368411213,0.0794660449028,-0.0161816235632,0.0102587984875,0.0370515063405,0.461464732885,0.710239708424,0.208412021399
51,1413393898.26,21,9122,0.000377593637222,0.000550628636695,0.00219298215725,0.00469650602885,0.00744196115027,0.0341426537423,0.000864651926196,0.00158426971016,0.00723246307585,59.7478265258,861.174856769,0.850133776665,21,21,-0.00208522262983,0.0253333933651,0.0794645994902,-0.0163129270077,0.0140609694645,0.0357308499515,0.327876508236,0.803087294102,0.225456804037
52,1413393898.36,21,9142,0.000375980824965,0.000529557383207,0.00199818422719,0.00447635790062,0.00655122410761,0.0296760145447,0.000822142779968,0.00138862429432,0.00630345444296,50.770666913,670.890775764,0.877462506294,21,21,-0.00209096493199,0.0253446176648,0.0794669687748,-0.0217960160226,0.0237356461585,0.0345506072044,0.161655902863,0.849557638168,0.233231663704
53,1413393898.46,21,9040,0.000375613531907,0.00052318985035,0.00195871285556,0.0045579088893,0.00661225786196,0.0300440386734,0.000841282270485,0.00140310351919,0.00640197537662,51.1585961105,670.866492667,0.874095261097,21,21,-0.00208975118585,0.0253450404853,0.0794608667493,-0.0233304649591,0.0269258581102,0.0345403142273,-0.0819521248341,0.831766545773,0.234348490834
54,1413393898.56,22,9463,0.00037087699681,0.000532203182462,0.00206105226132,0.00436372576797,0.00644258824887,0.0296947368393,0.000802496593549,0.001371022694,0.00636273608104,49.7709330265,683.902146868,0.881805002689,22,22,-0.00209204549901,0.0253497641534,0.0794634148479,-0.0236822478473,0.0254975240678,0.0361807644367,-0.320835798979,0.758098006248,0.0545030683279
55,1413393898.66,23,9861,0.000367148516699,0.000533568329484,0.00214151022548,0.00413630931877,0.00618179626003,0.0288659504196,0.000758132013656,0.00131601377975,0.0061908199692,47.9776806856,681.457393438,0.844595074654,23,23,-0.00209269160405,0.0253501515836,0.0794650316238,-0.0202578119934,0.0264002326876,0.0354703776538,-0.526323318481,0.621235907078,-0.046135943383
56,1413393898.76,21,9051,0.00031966978579,0.000429177556821,0.00183953760043,0.00369492012739,0.005398699368,0.0251232415127,0.000735380014037,0.0011730463978,0.00540415619656,39.892772411,514.201358799,0.84821087122,21,21,-0.002085742075,0.0253531783819,0.0794696733356,-0.0155077399686,0.0255824159831,0.0341365151107,-0.62498062849,0.481051772833,-0.143637776375
57,1413393898.86,22,9572,0.000310313992561,0.000434672162371,0.00184426600969,0.00346562967119,0.00522104395623,0.0249891066196,0.000686595022335,0.00113058133694,0.00533005154999,37.4523814088,512.599403108,0.844288051128,22,22,-0.00208150269464,0.0253526400775,0.0794571638107,-0.0251428354532,0.0323305390775,0.0324618257582,-0.546384990215,0.339225798845,-0.0899783968925
58,1413393898.96,22,9473,0.000332351700032,0.000428072437598,0.00182252324553,0.00343286523081,0.00482095315125,0.0230288016093,0.000675703027315,0.00104607449517,0.00491157350219,36.3921669296,466.579993841,0.862671732903,22,22,-0.00209742016159,0.0253665931523,0.0794644579291,-0.0262646134943,0.0309209208935,0.025578379631,-0.293680638075,0.220013260841,0.0201529338956
59,1413393899.06,22,9546,0.000351736975563,0.000440842129389,0.00185904902423,0.00344906785277,0.00449151767314,0.0212947192312,0.00067521330579,0.000970019967919,0.00450101242667,36.4231270089,436.592888396,0.870814144611,22,22,-0.00209362083115,0.0253800880164,0.0794267654419,-0.025795949623,0.0333093106747,0.0250518228859,0.0797297507524,0.127912834287,0.161600604653
60,1413393899.16,22,9481,0.000358363484307,0.000443879490158,0.00181074171951,0.00338791146732,0.00422161994009,0.0199057178926,0.000666286313189,0.000918909079907,0.00419860780852,35.3676964371,400.988677185,0.893585324287,22,22,-0.00206990586594,0.025383528322,0.0794125795364,-0.022037031129,0.0304088983685,0.0224779807031,0.448385953903,0.14007692039,0.335086941719
61,1413393899.26,23,9690,0.000350498068198,0.000446920881263,0.00186571925297,0.00333720220605,0.00438886624761,0.0209355414505,0.000653249079814,0.00096353446989,0.00446835569436,35.6261126119,436.253920971,0.91140794754,23,23,-0.00208185939118,0.0253685247153,0.0794117003679,-0.0234158430248,0.0334998704493,0.0145348599181,0.612434923649,0.216786190867,0.427674561739
62,1413393899.36,22,9034,0.000371026146357,0.000459961887384,0.00190866436396,0.00343454749203,0.00435434801369,0.0206899323592,0.000674277226933,0.000955352946382,0.00441776891782,37.8600460094,443.379168248,0.86825042963,22,22,-0.00206761853769,0.0253674425185,0.0794063359499,-0.0278289578855,0.0326165370643,0.0140955271199,0.539996683598,0.272951602936,0.423604786396
63,1413393899.46,22,8844,0.000358045432871,0.000467213973977,0.00199787874159,0.00354030607354,0.00481819338937,0.0231683025206,0.000704134428775,0.00105925453421,0.00498222204771,39.8309698139,517.297730238,0.88881611824,22,22,-0.00207090866752,0.0253662262112,0.079416051507,-0.0332571864128,0.0384769327939,0.0180314071476,0.293221026659,0.282608449459,0.422289907932
64,1413393899.56,23,9021,0.000344870120616,0.000445363766988,0.00192360204362,0.00339141984156,0.00463021033971,0.0224733879,0.000672264178818,0.00102033707817,0.00483570403844,36.4602161557,485.013370431,0.919485092163,23,23,-0.00209038052708,0.0253810398281,0.0794240683317,-0.0362417586148,0.0346503444016,0.0213789455593,-0.0565290898085,0.247983157635,0.384905010462
65,1413393899.81,23,9018,0.000338984731168,0.00044373344549,0.00191947779466,0.00340628556873,0.00480278434162,0.023358878545,0.0006864118992,0.00105233231935,0.0050251116049,36.9919727944,502.746574213,0.874897897243,23,23,-0.00209709326737,0.0253795050085,0.0794127434492,-0.0376315936446,0.0307585317641,0.0194540582597,-0.924512684345,-0.0806206017733,0.121452510357
66,1413393899.91,24,9352,0.000319939687913,0.000434403902405,0.001876383739,0.00335105008928,0.00470520493147,0.0232529692195,0.000667130645696,0.0010375694875,0.00501067463984,34.8337778349,489.474119661,0.897590398788,24,24,-0.00208064867184,0.0253747608513,0.0794205516577,-0.0381749384105,0.0333089344203,0.0237156469375,-1.07875347137,-0.244935140014,0.023510158062
67,1413393900.01,25,9675,0.000312990330211,0.00043313184595,0.0018710199383,0.00318180998936,0.00460977667161,0.022694936292,0.000638619699036,0.00101052815629,0.00489074857888,33.5869061083,476.031365853,0.863147437572,25,25,-0.00208817538805,0.0253852158785,0.0794394388795,-0.0457758195698,0.0346701219678,0.0240362621844,-1.02473306656,-0.433827221394,0.0312318131328
68,1413393900.11,25,9815,0.000325138972073,0.000434133377289,0.00182775912796,0.0032073925926,0.00438084947557,0.021456318859,0.000642522937438,0.000967366836638,0.004657891924,33.6517297782,443.289234923,0.864606678486,25,25,-0.0020837795455,0.0253868736327,0.0794189125299,-0.0391319878399,0.0331042744219,0.0256850682199,-0.785126805305,-0.600729882717,0.025962959975
69,1413393900.26,25,9951,0.000352529215856,0.000431006987652,0.00186222384556,0.00325633248513,0.00432818785064,0.0209777964784,0.000650655814893,0.000943921459187,0.00449286317537,34.7118888071,437.819721592,0.810510754585,25,25,-0.00207682163455,0.0253872592002,0.0794149786234,-0.0339428707957,0.0331285223365,0.0238289777189,-0.26702144742,-0.761175990105,0.00539788743481
70,1413393900.36,25,10340,0.000347063462998,0.000421863172396,0.00201061961056,0.0034402777782,0.0045647910253,0.0234919907263,0.000672185151291,0.00100655871341,0.00504452974999,39.8064808646,529.054833669,0.859103381634,25,25,-0.00202010734938,0.025412004441,0.0793622881174,-0.0305785052478,0.0291297845542,0.0265488121659,0.0757702365518,-0.751045823097,-0.0209882427007
71,1413393900.46,25,10135,0.000340075227114,0.000426571645404,0.00205947659905,0.00349730285883,0.00470681520286,0.0242531363898,0.000687894868305,0.00104019445655,0.00524158099677,39.9410493661,560.587136208,0.871563613415,25,25,-0.0020170356147,0.0254016779363,0.0793660953641,-0.0172414015979,0.0360572375357,0.0307241417468,0.298694938421,-0.660763263702,-0.0640053600073
72,1413393900.56,25,9585,0.000369353805589,0.000461703395422,0.00212261254954,0.00349403759763,0.00475487185381,0.0239981877821,0.000696769694555,0.00104280153232,0.00515139699607,40.8392106449,569.585064115,0.873171985149,25,25,-0.00201547495089,0.0253636091948,0.0793583393097,-0.0183132458478,0.0310058742762,0.0341125279665,0.396025180817,-0.56416362524,-0.133698776364
73,1413393900.66,25,9450,0.000357923597866,0.000468738693603,0.00218499546981,0.00340183236602,0.00485086877904,0.0245302664815,0.000686503451695,0.00106421103811,0.00527964400762,40.8386417844,603.012248171,0.899710774422,25,25,-0.0020484784618,0.0253611374646,0.0793331637979,-0.0249121449888,0.0254009682685,0.0338987633586,0.339094668627,-0.495875835419,-0.227235719562
74,1413393900.76,25,9893,0.000329310811256,0.000435752608066,0.00205253432708,0.00316868471589,0.00457853097563,0.0234896811109,0.000633104229708,0.00100524155139,0.00506854632846,37.3758184996,541.713962185,0.901877045631,25,25,-0.00205437326804,0.0253600887954,0.0793542489409,-0.0289289895445,0.0237872041762,0.0304810013622,0.149793848395,-0.442727506161,-0.358040899038
75,1413393900.86,25,9907,0.000330689503985,0.000427342873894,0.00203651010169,0.0031453496772,0.00453973463539,0.0232824867547,0.000625093796232,0.0010023128105,0.0050608017323,36.5831572167,531.901419537,0.914122402668,25,25,-0.00208339351229,0.0253752283752,0.0793407559395,-0.0281293466687,0.0249962527305,0.0316116958857,-0.132212460041,-0.431023955345,-0.386599183083
76,1413393900.96,25,10011,0.000338800141846,0.00042536539932,0.00202351807208,0.00315984472703,0.00454121258302,0.0232872268896,0.00063051832474,0.00100293685928,0.00507435798794,37.0008527527,529.492497492,0.916133344173,25,25,-0.0020729075186,0.0253768693656,0.0793396830559,-0.0271957125515,0.021980991587,0.023561835289,-0.402351945639,-0.450574278831,-0.374534577131
77,1413393901.06,25,9804,0.000346133465832,0.000426386600604,0.00203797102938,0.00316312702816,0.00431612028817,0.0221542175986,0.000633248138215,0.000953846377801,0.00482897432323,36.5496483049,510.224486169,0.909370005131,25,25,-0.00206256983802,0.0253685489297,0.0793227404356,-0.0275995843112,0.0234146639705,0.0275821108371,-0.603815674782,-0.515893757343,-0.328896015882
78,1413393901.16,25,10084,0.000342188067385,0.000405344947706,0.00186943292087,0.00305454070278,0.0039985103353,0.020197891227,0.000631017527523,0.000914401608561,0.00438879145046,31.8145165669,425.839142566,0.909202873707,25,25,-0.00202955212444,0.0253376532346,0.0793228372931,-0.0276758857071,0.0286356881261,0.0327942632139,-0.668981969357,-0.597014009953,-0.290898054838
79,1413393901.26,25,9925,0.00033581212477,0.000419828543936,0.00195187222813,0.00315793095785,0.00424329792473,0.0215683681211,0.000653289814461,0.000959371595319,0.00465905596655,33.4900724769,476.438943467,0.902852296829,25,25,-0.00203760992736,0.0253262072802,0.079322680831,-0.0243962761015,0.0366182327271,0.0296347681433,-0.58113861084,-0.637223958969,-0.207654997706
80,1413393901.41,25,10037,0.000350536728251,0.000427027634657,0.0020249825847,0.00322894039575,0.00446763966309,0.0228775916927,0.000668056287525,0.00100362246045,0.00492787439821,35.790927418,520.432837732,0.90139567852,25,25,-0.00204850011505,0.0253443364054,0.0793376341462,-0.0224107299,0.0356291532516,0.0343606434762,-0.281189501286,-0.580671966076,-0.107261814177
81,1413393901.61,25,9911,0.000356245678556,0.000409817062568,0.00195141245287,0.00317412883838,0.00452920152133,0.0231664625366,0.00066105595465,0.0010183208247,0.0050183844191,35.0733331179,505.473862521,0.894978165627,25,25,-0.00202058022842,0.0253653842956,0.0793023109436,-0.0200340375304,0.0371164903045,0.0381453186274,0.268547207117,-0.40179336071,0.0156659800559
82,1413393901.71,25,10182,0.000327702223138,0.00037868680222,0.00183132465058,0.0030324652692,0.00413703887017,0.0212831493448,0.000619208545201,0.000924804152969,0.00461345500284,31.8857343432,434.222183868,0.911398291588,25,25,-0.00200598686934,0.0253456812352,0.0792745128274,-0.0225279219449,0.0363708771765,0.0305792521685,0.541325926781,-0.256182104349,0.094899110496
83,1413393901.81,25,9908,0.000336896452588,0.000376454276585,0.00179925772512,0.0029641410984,0.00408443021875,0.0207409230771,0.000613443095312,0.000912858173789,0.00451020159275,31.9778136799,417.101941479,0.916456282139,25,25,-0.00200905930251,0.0253567639738,0.0792692601681,-0.0116835907102,0.039762634784,0.0319849401712,0.664792835712,-0.0962695479393,0.10781814903
84,1413393902.01,25,10030,0.000344273994939,0.000383935988999,0.00183661833218,0.00285647216711,0.00415995875484,0.0213589886319,0.000545624203425,0.000903253033457,0.00462248519828,33.2518820959,439.706767153,0.913842976093,25,25,-0.00201827473938,0.0253394823521,0.0792557895184,-0.0158299580216,0.0400601550937,0.0272534377873,0.712585031986,0.112816929817,0.0522625371814
85,1413393902.26,25,10240,0.00035523838596,0.000377187022658,0.00178346194706,0.00299598789699,0.00421886193358,0.0191607903491,0.000618431457093,0.0010099321536,0.00409222083239,30.520957124,385.233351798,0.896394908428,25,25,-0.00200158264488,0.0253376569599,0.0792453214526,-0.0232573784888,0.0390487015247,0.0259569194168,0.732110321522,0.313210129738,0.0991548374295
86,1413393902.41,25,10314,0.000342454853225,0.00038930137922,0.00184007247726,0.00276130759768,0.00417155838606,0.0214685850731,0.000538606627773,0.000890863560698,0.00461814904746,32.9328016638,441.305023792,0.90142595768,25,25,-0.00200467393734,0.0253146626055,0.0792262554169,-0.0249407179654,0.0324173308909,0.0271597467363,0.75332057476,0.416785001755,0.0179752595723
87,1413393902.56,25,10447,0.000360097818139,0.000377846436524,0.00177884262406,0.00293316449331,0.00414932051608,0.0184553524973,0.000608775328691,0.000986578985716,0.00398097331363,30.2398359281,371.41367315,0.900630474091,25,25,-0.00201656902209,0.0252919960767,0.0792471691966,-0.0195752661675,0.0341009832919,0.0246169548482,0.707682430744,0.535642206669,-0.0166938900948
88,1413393902.71,25,10439,0.00037237846296,0.000350378931313,0.00163179574873,0.00309687022334,0.00402729332431,0.0178345377461,0.000636472436678,0.000955442568734,0.00386225864688,29.8358560979,326.534268259,0.904415786266,25,25,-0.00198051892221,0.0252671781927,0.0792415514588,-0.0180318001658,0.0250453054905,0.0237975064665,0.677724123001,0.658652663231,0.177536264062
89,1413393902.81,25,10474,0.000374086362242,0.000362107618634,0.00153274850291,0.00302236922485,0.00430032998909,0.018449623752,0.000612117293706,0.00103441541375,0.00463724205726,24.997702016,266.29796047,0.920720338821,25,25,-0.0019926817622,0.0252816155553,0.0792192444205,-0.011479546316,0.023274468258,0.0284347925335,0.652855455875,0.719902038574,0.267550349236
90,1413393902.96,25,10412,0.000379564583896,0.000354894056598,0.00151375307915,0.00306082945216,0.00426447832921,0.0186808744569,0.000625641680064,0.00103295801254,0.00472722354204,24.6887365428,256.013110493,0.895178258419,25,25,-0.00200577126816,0.0252870786935,0.0792061313987,-0.00874942261726,0.0136405965313,0.0272536166012,0.711130976677,0.761530697346,0.303459018469
91,1413393903.06,25,10379,0.000391776052541,0.000355770118633,0.00145841254104,0.00322302238005,0.00424830940303,0.0190217938838,0.000658798988508,0.00103200490492,0.00480949433328,25.5731333839,237.265620691,0.909192383289,25,25,-0.00202244822867,0.025289112702,0.0791856646538,-0.0101620899513,0.0106607694179,0.0244843903929,0.792402982712,0.714648485184,0.32092449069
92,1413393903.21,25,10466,0.000386341706372,0.0003826712593,0.00174775695406,0.00291244412024,0.00314938256544,0.0134713133492,0.000583430795724,0.000791160050429,0.00364511362003,21.3298024007,166.381142473,0.888575673103,25,25,-0.00202900590375,0.0252753570676,0.079176530242,-0.00538200838491,0.00775949889794,0.0255913753062,0.894777774811,0.621922433376,0.347092449665
93,1413393903.31,25,10357,0.000385073022384,0.000381147321219,0.00173515231608,0.00296425006436,0.00315509718516,0.0135836170896,0.000598725433533,0.00080689833721,0.00379709478052,21.3796121304,155.519041223,0.916320919991,25,25,-0.00203407532535,0.0252884011716,0.0791784748435,-0.00226565054618,-0.000733505643439,0.0340428464115,0.927775681019,0.57006162405,0.303223639727
94,1413393903.41,25,10346,0.000383119217124,0.000381879290006,0.00174731122558,0.0029634512579,0.00313662556051,0.0134213877575,0.000606691847964,0.000797837538714,0.00374466602028,21.0498676147,164.133042373,0.881548762321,25,25,-0.00203014281578,0.025282336399,0.0791868343949,-0.00316718360409,-0.00275364820845,0.035862442106,0.935344696045,0.522543549538,0.171832039952
95,1413393903.51,25,10523,0.000349386105712,0.000340664566515,0.00161937505228,0.00256389812834,0.00271565587263,0.0118135828527,0.000526482400714,0.000709905348098,0.00342271642216,16.762781418,92.4989538398,0.904464781284,25,25,-0.00202814373188,0.0252913311124,0.0791761502624,-0.00440863147378,-0.00302154826932,0.0364441126585,0.9232224226,0.488630652428,-0.0433925800025
96,1413393903.61,25,10456,0.000393468944483,0.000417675600391,0.00199120915349,0.00282206616058,0.00280902869077,0.0111875559997,0.000633976739285,0.000841354440438,0.00370191044495,19.3451054179,102.047072814,0.894944190979,25,25,-0.00201952620409,0.0252715200186,0.0791724100709,-0.000471714389278,-0.00248170201667,0.0400934405625,0.900675356388,0.462157249451,-0.129706501961
97,1413393903.71,25,10398,0.000405817826135,0.00042397410372,0.00192481574676,0.00287176872666,0.00306540598365,0.0113112685625,0.000647541981357,0.000892152649149,0.00347788114557,21.0740347872,100.054358601,0.88577902317,25,25,-0.00202655070461,0.0252726655453,0.0791720747948,-0.0029182548169,0.000840474618599,0.0349327102304,0.859053730965,0.406463861465,-0.118975542486
98,1413393903.81,25,10430,0.000408016921756,0.000431024645976,0.0019314275133,0.00293728350394,0.0031450903596,0.0114705045164,0.000660740242313,0.000921894795895,0.0035698999222,21.4243077856,125.396238515,0.887091577053,25,25,-0.00202560634352,0.0252798739821,0.0791584476829,-0.00323784560896,9.8895507108e-05,0.0354421138763,0.785142302513,0.331809997559,-0.100315697491
99,1413393903.91,25,10597,0.000361435929829,0.000354080722477,0.00174688625811,0.00261244049235,0.00276847463774,0.011224609088,0.000542419377513,0.000643721503692,0.0028407848495,16.9923639648,103.765698039,0.903108537197,25,25,-0.00201498391107,0.025283485651,0.0791677683592,-0.00313131837174,0.00266568735242,0.0363651253283,0.717207491398,0.247251689434,-0.0596093870699
100,1413393904.01,25,10450,0.000448459630944,0.000658943452316,0.0031493678227,0.00341632936425,0.00600085384737,0.0300276329588,0.000977053006109,0.00253084787572,0.0129657865327,29.5678970108,379.454295442,0.905050098896,25,25,-0.00201627379283,0.0252820290625,0.0791585817933,-0.00555882696062,0.00539331976324,0.0410526953638,0.646227061749,0.126418665051,-0.00475957104936
101,1413393904.21,25,10347,0.000460973832013,0.000698254901456,0.00347047587615,0.00370413623429,0.0068073099941,0.0343223826466,0.00105248413969,0.00284512351983,0.0146522195188,34.4698157192,469.239217443,0.883606731892,25,25,-0.00201686611399,0.0252773519605,0.0791537836194,-0.00504096923396,0.00724551873282,0.0445361174643,0.494281083345,-0.106510959566,-0.156728580594
102,1413393904.31,25,10335,0.000466315593726,0.000684169887653,0.00341269138746,0.00386771922586,0.00696296896647,0.0346874305632,0.00108562253715,0.0028880934934,0.0148835991149,36.7970176067,462.132779124,0.898894071579,25,25,-0.00200400874019,0.0252869706601,0.07915494591,-0.0153702264652,0.0137566486374,0.0462824366987,0.441328853369,-0.200642645359,-0.0195365827531
103,1413393904.41,25,10497,0.000429240316839,0.000505251601837,0.00209930938634,0.0035750123757,0.00525384930734,0.023138284535,0.000880361571978,0.00194560881276,0.00989493728122,28.1707805274,257.569389232,0.898757994175,25,25,-0.00201725633815,0.0252926405519,0.0791494101286,-0.0259430091828,0.0184900611639,0.0432153865695,0.3947481215,-0.314235121012,0.159395188093
104,1413393904.51,25,10334,0.00051006241769,0.000863755203283,0.00441695576117,0.00468587726259,0.0102916922907,0.0520434011903,0.00163037330925,0.00534077628919,0.0275533328691,46.1769520721,590.191607218,0.896598339081,25,25,-0.0020198430866,0.0253039039671,0.0791379958391,-0.029418097809,0.0253799315542,0.0456168204546,0.414787709713,-0.416199207306,0.356122583151
105,1413393904.61,25,10213,0.000526398912957,0.00090847601883,0.00466525264825,0.004808514913,0.0106567740485,0.0543182242389,0.00168962996357,0.00555022173114,0.0286576010133,48.8055296755,647.31018305,0.906526148319,25,25,-0.00202082213946,0.0253058504313,0.0791316181421,-0.0273113306612,0.0281660892069,0.0513312220573,0.356146812439,-0.493226796389,0.344897717237
106,1413393904.81,25,10239,0.000203644592125,0.00015286727296,0.000667679936622,0.00264998077683,0.00248635915983,0.0124892325735,0.000623021489321,0.000860084618633,0.00404757450866,8.64840615324,31.4471848332,0.913527846336,25,25,-0.00165586930234,0.02473770082,0.0784062594175,-0.00845940876752,0.12031326443,0.0867024213076,0.384210467339,-0.531710088253,0.158004194498
107,1413393905.01,25,10335,0.000245471833948,0.000258939378693,0.00137281885635,0.00270619642747,0.00210535811145,0.00916938896072,0.000833622032152,0.00146902147046,0.00648699292377,8.91228126561,31.0354428187,0.83957016468,25,25,-0.00166656333022,0.024725753814,0.0783988684416,0.00122629699763,0.11913920939,0.0931006297469,0.592890381813,-0.505449771881,0.0284767746925
108,1413393905.16,25,10416,0.000250815375657,0.000272143437813,0.00144751617027,0.00279186247941,0.00217678458868,0.00947142555182,0.000859377190813,0.00146924917253,0.00648512495825,9.12500489226,34.1583497726,0.891126453876,25,25,-0.00166486448143,0.024738272652,0.078413978219,0.00662854127586,0.111591301858,0.0897503271699,0.653596401215,-0.413630187511,-0.18953961134
109,1413393905.36,25,10574,0.000210916264248,0.000155027137782,0.00074055255626,0.00267922078723,0.00232318565229,0.0113608142132,0.000608152986762,0.000888592525462,0.0047130934449,8.2471003553,28.926782209,0.878172814846,25,25,-0.00165231036954,0.0247189309448,0.0784325227141,0.00617742398754,0.10725826025,0.0936234742403,0.665765345097,-0.286155760288,-0.280400246382
110,1413393905.61,25,11011,0.000194940904256,0.0001016603709,0.000480676642245,0.0024319697949,0.00154250805274,0.00639800136961,0.000520959164562,0.000661192199257,0.00350602018851,7.92586590351,25.0502969108,0.858460307121,25,25,-0.00164624396712,0.0247230343521,0.0784571543336,-0.0043609761633,0.11112909019,0.107118405402,0.581527888775,-0.182834103703,-0.216004252434
111,1413393905.91,25,11151,0.000194987673867,9.94148352535e-05,0.000463822537788,0.00250281304609,0.00162703145947,0.00674196489566,0.000565375360653,0.000749489184899,0.00390048539658,7.90241564486,23.7191853508,0.843804478645,25,25,-0.00164953398053,0.0247263386846,0.0784555450082,-0.0136514147744,0.113178096712,0.106345571578,0.3300101161,-0.262456387281,-0.0822995081544
112,1413393906.21,25,11202,0.000200174777305,9.49044480375e-05,0.000421039946357,0.00256733740228,0.00173228431807,0.00771300547831,0.000597875583067,0.000794730841479,0.00379658002724,7.92672459662,20.9274281858,0.903756737709,25,25,-0.00165147916414,0.0247362703085,0.0784530043602,-0.02142730169,0.114829041064,0.103372059762,0.0404722616076,-0.551276504993,0.0313950255513
113,1413393906.71,25,11296,0.00021922442358,0.000106854388671,0.000513374678963,0.00296987040041,0.00228774500906,0.0106981417451,0.000706684641116,0.00100281544249,0.004572494654,9.20293273836,21.2229207422,0.86470502615,25,25,-0.00164173298981,0.024769384414,0.0784384906292,-0.00993064232171,0.117150709033,0.100348472595,0.132318079472,-0.427541643381,-0.478700608015
114,1413393907.21,25,11202,0.000225549651924,0.000128642957879,0.000545877863995,0.00296719791239,0.00246707171216,0.0116614061556,0.000723678274837,0.000997124653109,0.00466721416663,8.95768511568,23.0688952429,0.868276178837,25,25,-0.00164901209064,0.0247666481882,0.0784574374557,-0.00943015888333,0.119159817696,0.0851392671466,-0.194653525949,-0.128837421536,-0.37872633338
115,1413393907.71,25,10389,0.000294915866817,0.000473630241041,0.0025599313923,0.0029622025937,0.0027546626733,0.0145286785256,0.000807671023376,0.00124527928827,0.00580564807677,8.84245661894,21.7398691762,0.895343899727,25,25,-0.00163769943174,0.0247617140412,0.0784463956952,-0.0137838236988,0.116882376373,0.073083281517,0.178672328591,0.0193504858762,-0.0559299364686
116,1413393908.11,25,10886,0.000242121619186,0.000168245681641,0.000829531148705,0.00310860013001,0.00358201188285,0.0197135094297,0.000682909737452,0.00102905699341,0.00552654753677,9.89356825616,24.2740405414,0.850806891918,25,25,-0.00161161937285,0.0247512571514,0.0784321725368,-0.00958348903805,0.126081869006,0.0787112340331,0.103475548327,0.130076751113,-0.486736059189
117,1413393908.56,25,11337,0.000250940354196,0.00018106341678,0.000754380709168,0.00251340019831,0.00133200773422,0.00574868708581,0.000531347108353,0.000426665948177,0.00198117634765,11.3479283587,52.8968458012,0.82924759388,25,25,-0.00162556464784,0.0247121620923,0.0784202069044,-0.00629737973213,0.121677264571,0.0794236063957,0.159688919783,0.343437105417,-0.219406068325
118,1413393909.06,25,11830,0.000240356198511,0.000150859940801,0.000784544878239,0.00258384714749,0.00139084008252,0.00615503144565,0.000507704084765,0.000369259884221,0.0015383329806,12.2111367708,62.5717970074,0.887000024319,25,25,-0.0016267989995,0.0247579216957,0.0784506127238,-0.0203640591353,0.13671939075,0.0720401182771,-0.201992928982,0.426903694868,0.256118386984
119,1413393909.56,25,12344,0.000265009802113,0.00015509550175,0.000755175189099,0.00266646070283,0.00138430696958,0.00643122783969,0.000593521550937,0.00042517691989,0.0016781403904,13.0605205626,61.7300086839,0.881921231747,25,25,-0.00160304922611,0.0247787982225,0.0784618481994,-0.0190793070942,0.146475747228,0.0793463811278,-0.00572293670848,0.566811680794,-0.147692099214
120,1413393909.71,25,12948,0.000252246577557,0.000144516475615,0.000734802195038,0.00273333273689,0.00144586121971,0.0062812988339,0.000550759595537,0.000386491165575,0.00165979523011,12.640734063,59.4885465316,0.928939700127,25,25,-0.00161516934168,0.0247649848461,0.0785229429603,-0.0128223681822,0.143306821585,0.0845443680882,0.0558594912291,0.559400558472,-0.292057842016
121,1413393909.86,25,13217,0.00025920666632,0.000165678551281,0.000728954340744,0.00295130931997,0.00209368318088,0.0102948275166,0.000570256627963,0.000442069824141,0.0017749584437,12.8249373038,59.2788723165,0.918415307999,25,25,-0.00163217773661,0.0247785616666,0.0785114169121,-0.0117461886257,0.145349472761,0.0875720232725,0.124283470213,0.456415772438,-0.393079012632
122,1413393910.06,25,13360,0.000270273558301,0.00017988863451,0.000790362534653,0.00295012203143,0.00207301961414,0.0102993653062,0.000581089251427,0.000446890986467,0.00170919061026,13.0163760209,56.8661735034,0.904621303082,25,25,-0.00163883436471,0.0247746407986,0.0785214751959,-0.00751739414409,0.140146508813,0.0897430032492,0.214004814625,0.23979523778,-0.455278456211
123,1413393910.31,25,12465,0.000280459477815,0.000200731085752,0.000875593437012,0.00323537944037,0.00175658011779,0.00721901634247,0.000652636475019,0.000477231070237,0.00157899472961,15.2027257526,54.1302760033,0.856049239635,25,25,-0.00164176640101,0.0247690584511,0.0785025283694,-0.0137082859874,0.135867670178,0.0828914865851,0.276557922363,-0.242896482348,-0.0415387749672
124,1413393910.66,25,12432,0.000291196615399,0.00025165469251,0.00118149894699,0.00377087672931,0.00412987843925,0.0224100063774,0.000756277607103,0.000849652972187,0.00422085665891,15.077176516,52.3379776171,0.859080672264,25,25,-0.00163887662347,0.0248180292547,0.0784871354699,-0.0263302680105,0.127908349037,0.0650641098619,0.126496717334,-1.00135838985,0.0118675185367
125,1413393910.86,25,12864,0.000271643067353,0.000207222836999,0.000814609027078,0.00315378058409,0.00183403125693,0.00788292595408,0.000665098117919,0.000542052413602,0.00183487392806,15.4342925176,52.266563901,0.902214765549,25,25,-0.00165047543123,0.0248286407441,0.0784758627415,-0.0272428281605,0.126783281565,0.0594089441001,-0.00571162439883,-1.30529761314,-0.181879654527
126,1413393911.16,25,12786,0.000277763606442,0.000204601086727,0.000819876180507,0.00316406251536,0.00198291346625,0.00790315643742,0.000698370970543,0.000571938891893,0.00186233376628,15.4213325947,53.3812089964,0.881095528603,25,25,-0.00167807168327,0.0248306449503,0.0784895122051,-0.0290622487664,0.12606972456,0.0605665929615,-0.105526179075,-1.43950521946,-0.336065173149
127,1413393911.31,25,13247,0.000287196650511,0.000317539883438,0.0015882770123,0.00318678344078,0.00291179964699,0.0138608756871,0.000646165579327,0.000643359365232,0.00248795915903,14.3357291787,53.0640100109,0.902264893055,25,25,-0.00169942807406,0.0248113833368,0.0785215422511,-0.0285357888788,0.129659414291,0.0597503557801,-0.137815862894,-1.42521595955,-0.322579264641
128,1413393911.46,25,13527,0.000243185100339,0.000193048948488,0.000692497205045,0.00276014297835,0.0021308896353,0.00804768848748,0.000549920076068,0.000535983963154,0.00187619712604,14.1670182558,52.5580753147,0.905427396297,25,25,-0.00169215095229,0.0248066224158,0.0785169154406,-0.0316685587168,0.133317440748,0.0528250969946,-0.134451776743,-1.33114647865,-0.246130794287
129,1413393911.61,25,13273,0.000255218846452,0.000182929528386,0.000684420503182,0.00290682959619,0.00201353175993,0.00804161790764,0.000570077078096,0.000522830229378,0.00186741008727,14.684984645,51.5451460988,0.886293232441,25,25,-0.00170257152058,0.0248030591756,0.0785422325134,-0.0313996002078,0.132213950157,0.0498418696225,-0.0925969034433,-1.11596739292,-0.0905926972628
130,1413393911.81,25,13555,0.000269132211589,0.000159421479813,0.000678411319682,0.0031451893067,0.00183311132698,0.00822026946216,0.000626973332216,0.000535044631798,0.00189676737942,17.8877541531,51.0575674801,0.868830025196,25,25,-0.00169295468368,0.0247986130416,0.0785662308335,-0.0482491180301,0.133326426148,0.0487891659141,0.0113756777719,-0.81117272377,0.171209678054
131,1413393911.91,25,13489,0.000264931509124,0.000160382657088,0.000684382808876,0.00317181812476,0.00204283064908,0.00825853268714,0.00064812031534,0.000544607352502,0.00189108472726,17.5666828961,51.8510466024,0.90933406353,25,25,-0.00168258720078,0.0248198416084,0.0785834640265,-0.0746198371053,0.13653999567,0.0419673919678,0.0643071755767,-0.713554382324,0.287803024054
132,1413393912.01,25,13535,0.000267107038914,0.000161244282027,0.000692093271481,0.0032357421906,0.00208867088858,0.0083074893802,0.000642746341405,0.000557879207143,0.00189680670533,18.5836226374,53.4349040677,0.911434531212,25,25,-0.00167287979275,0.0248377099633,0.078576952219,-0.0790258124471,0.135718435049,0.0347410999238,0.062256295234,-0.769134163857,0.462146669626
133,1413393912.11,25,13421,0.000269976708052,0.000164556216159,0.000694372937363,0.00322338765455,0.0021550427702,0.00839050219974,0.000653959771252,0.000558573553288,0.00191371165725,18.5928049062,53.3487171341,0.909392952919,25,25,-0.00168651796412,0.0248732883483,0.0785828605294,-0.0875549837947,0.129974737763,0.0259154904634,0.0059053581208,-0.877923846245,0.612253367901
134,1413393912.26,25,13368,0.000270558001192,0.000170967369274,0.000698748496049,0.00320743056394,0.00217420728858,0.00853968984116,0.000672429333662,0.000575471957348,0.00194883094341,18.5497784732,53.9552101027,0.901502430439,25,25,-0.00167690857779,0.0248775761575,0.0785835012794,-0.0871869698167,0.128585875034,0.0210829935968,-0.117139063776,-1.11445820332,0.648365795612
135,1413393912.36,25,13513,0.000281967867284,0.000175152148383,0.000698208035587,0.00331208055857,0.00229913859983,0.00856859445055,0.000707239845195,0.000655791318655,0.00232825668191,19.2173416622,54.0087293994,0.910149037838,25,25,-0.00168204808142,0.0248913262039,0.0785854831338,-0.0829426422715,0.129645377398,0.0193063709885,-0.201823562384,-1.31995308399,0.694522976875
136,1413393912.46,25,13461,0.000288829111404,0.000181294616352,0.000700968551471,0.00331169604322,0.00241035583949,0.00850842656904,0.000706754037152,0.000643254558145,0.00218864847438,19.7446739268,54.1542215555,0.889311492443,25,25,-0.00168877386022,0.0248979944736,0.0785854011774,-0.0767895504832,0.12674883008,0.0116254361346,-0.296600162983,-1.50276613235,0.735156059265
137,1413393912.56,25,13446,0.00028877445351,0.000179103209826,0.000690401816187,0.0032976278873,0.00239724091722,0.00852631363564,0.000708866353046,0.000635711333411,0.00219114480696,19.3574433078,52.7417490882,0.892178654671,25,25,-0.00169909757096,0.0248979199678,0.0785897895694,-0.0707487016916,0.126013249159,0.011727550067,-0.361330807209,-1.58525836468,0.648557424545
138,1413393912.66,25,13453,0.000286358764371,0.000184156765978,0.000692207622835,0.00348505273588,0.0025872619609,0.00955888456182,0.00070172092452,0.000628422016507,0.0020359850965,20.0955413361,52.721616642,0.907622873783,25,25,-0.00170491798781,0.0248903501779,0.0786066204309,-0.0675673633814,0.124510630965,0.0100593846291,-0.400825530291,-1.58392560482,0.508356273174
139,1413393912.81,25,13236,0.000286980127215,0.000178142559927,0.000681005551502,0.00339513232657,0.0024867036464,0.00846951454177,0.000722468049712,0.000648150659222,0.00212714087216,20.0311330941,51.8725286542,0.900074779987,25,25,-0.00173318502493,0.0249106418341,0.0786008909345,-0.0609324388206,0.126024231315,0.00856474041939,-0.466046720743,-1.59133458138,0.331341415644
140,1413393913.06,25,13182,0.000294043087408,0.000187561457062,0.000683137651408,0.00350204052664,0.00245828253797,0.00846521395502,0.000766125403723,0.00067688979692,0.00218813985217,21.5596214214,60.0076904576,0.89672845602,25,25,-0.00173163646832,0.0249134581536,0.0785997882485,-0.0596067607403,0.125645846128,0.0047433427535,-0.538313210011,-1.46580839157,0.0690726488829
141,1413393913.41,25,13116,0.000282400497544,0.00019143094236,0.000681288269805,0.0036884778354,0.00258799827471,0.00894832896868,0.000828293288771,0.000756609954148,0.00250524953368,22.1587700777,67.8202342988,0.891040921211,25,25,-0.00172867544461,0.0249005015939,0.0786147117615,-0.0451353751123,0.128374114633,0.00822376273572,-0.765003681183,-1.11793732643,-0.170984253287
142,1413393913.66,25,12848,0.000280372362827,0.000195530982945,0.000727808418338,0.00385713960294,0.00261300232666,0.00951599212218,0.000914960484507,0.000821937270217,0.00343475201439,23.7915823707,76.9841750781,0.847914993763,25,25,-0.00174453854561,0.0248812567443,0.0786153227091,-0.0327595956624,0.131473332644,0.0141626736149,-1.06112170219,-0.777481436729,0.05005716905
143,1413393913.81,25,13113,0.000300846156103,0.000193817431748,0.000763541056107,0.00432179602211,0.00316778155465,0.0108315719165,0.00100674500914,0.00102850108687,0.00454695231122,28.6360352566,90.1298497371,0.859617710114,25,25,-0.00173049478326,0.0248659737408,0.0786401480436,-0.0150866732001,0.135485768318,0.0223859921098,-1.13100326061,-0.479895085096,0.151673465967
144,1413393913.91,25,12993,0.000321027333833,0.000198088311317,0.000749648911506,0.00442869200244,0.00324241222794,0.0106931217516,0.00111093927621,0.00148573091978,0.00735424871868,32.6298735485,97.9123624443,0.905222594738,25,25,-0.00169519230258,0.0248570907861,0.0787118822336,0.0119043933228,0.132662281394,0.0304613839835,-1.123041749,-0.264134079218,0.197714343667
145,1413393914.01,25,12892,0.000339077499892,0.000201395278659,0.000730535034395,0.00444464436334,0.00347920493205,0.0108921754604,0.00120702765228,0.00199465632599,0.0100955995725,35.3304667869,102.041092184,0.910485982895,25,25,-0.00167646224145,0.0248430706561,0.0787488669157,0.0291676744819,0.129282966256,0.0344258099794,-1.09991717339,-0.046563141048,0.215066105127
146,1413393914.11,25,12530,0.00036798770806,0.00024891755014,0.00102613291037,0.00496467557364,0.00407012984277,0.0147849787886,0.00115270507977,0.0019354515369,0.00992972266183,37.7419691373,106.124718585,0.888905227184,25,25,-0.00164955039509,0.0248260982335,0.0787843242288,0.0408385246992,0.121614150703,0.041318975389,-1.0313000679,0.15615670383,0.246102362871
147,1413393914.21,25,12352,0.000364594759627,0.000274379165606,0.00113672184637,0.00464010377332,0.00389470181128,0.0139793335402,0.0010383877427,0.00169090903581,0.00862294065367,35.1137137992,106.997646028,0.891693711281,25,25,-0.00164461869281,0.0248245131224,0.0788001716137,0.0561812482774,0.112553596497,0.0459798537195,-0.942360162735,0.287554860115,0.221892118454
148,1413393914.31,25,12490,0.000352355909001,0.00024436962036,0.000969374012498,0.00418251849386,0.00376572427128,0.0115231135954,0.00119203458759,0.00190077130815,0.00855199876905,33.4821750518,101.719660172,0.87608397007,25,25,-0.00163715647068,0.0248351227492,0.0788135305047,0.0639558434486,0.115184172988,0.0572363734245,-0.826336085796,0.361964851618,0.233699157834
149,1413393914.46,25,12174,0.000379605140615,0.000313848150234,0.0012763702291,0.00447406603288,0.00389088865154,0.0123295594689,0.00101626180518,0.00159968328976,0.0072357371935,33.7015072116,103.271407298,0.900871038437,25,25,-0.00162831437774,0.0248226225376,0.0788165554404,0.0652439668775,0.108937814832,0.051100641489,-0.731665015221,0.384999096394,0.249595284462
150,1413393914.61,25,12183,0.000374721223225,0.000291445422802,0.0011784401179,0.00442416955279,0.00387252802479,0.0117842388946,0.00102393468546,0.00157920767084,0.00713164337104,33.1983751296,101.90156805,0.895985841751,25,25,-0.00162354006898,0.0248242467642,0.0788285806775,0.0721980780363,0.0990761891007,0.0588308498263,-0.670051574707,0.408015936613,0.2796626091
151,1413393914.81,25,11822,0.000464726085237,0.000851295115669,0.00453455691585,0.00445780754675,0.00435177806293,0.0178704849435,0.00100973845516,0.00161217894691,0.00717708375689,32.1616128801,98.9636013018,0.881158530712,25,25,-0.00163121253718,0.0248246975243,0.0788153260946,0.0669973790646,0.101316161454,0.0536762550473,-0.646948099136,0.493578255177,0.267820447683
152,1413393915.06,25,11879,0.000439327070828,0.000684452815626,0.00364676344606,0.00461202525912,0.00420781408912,0.0168219624429,0.000989210569141,0.00138150394431,0.00543946274839,34.1033062271,98.3153790134,0.857092320919,25,25,-0.00167620286811,0.0248251017183,0.078767567873,0.0566688999534,0.0816385224462,0.0516937933862,-0.698029458523,0.595506608486,0.263685524464
153,1413393915.26,25,12329,0.000380220107054,0.000549956418226,0.00287477442766,0.00469003824993,0.00599754782664,0.0295307151883,0.000876382598102,0.00162820083871,0.00829005569227,33.1353423423,102.237598994,0.877256035805,25,25,-0.00168000429403,0.0248402263969,0.0787497311831,0.04977023229,0.10180016607,0.0512102246284,-0.822209954262,0.561252593994,0.199753403664
154,1413393915.46,25,12241,0.000381830834164,0.000549457049571,0.00288290803454,0.00475327224088,0.00595400746718,0.0294191736124,0.000899079496333,0.00166200537406,0.00850078637144,32.7505814659,100.73718258,0.895513832569,25,25,-0.00167949544266,0.0248170103878,0.0787248164415,0.0467437505722,0.10374366492,0.0582255460322,-0.933286249638,0.452672064304,0.0718642994761
155,1413393915.66,25,12660,0.000282881804864,0.000226469713282,0.000744335522314,0.00379611532155,0.00327982188962,0.010408253327,0.000663325558681,0.000772797742974,0.00304012535909,32.2119331034,104.326673154,0.907664418221,25,25,-0.00168067123741,0.0248162038624,0.0787233263254,0.0396400541067,0.106472551823,0.0601759701967,-0.93609213829,0.306148737669,0.0919526144862
156,1413393915.91,25,12552,0.000287626298735,0.000228667348949,0.000747446874824,0.00394649647889,0.00329516755251,0.0103901441461,0.000704165333445,0.000788425453785,0.0031635563585,33.2963175627,110.924536611,0.895347714424,25,25,-0.00167805410456,0.0248229075223,0.0787199065089,0.0333502441645,0.107330523431,0.0584572963417,-0.856370091438,0.11608286202,0.0899442136288
157,1413393916.16,25,12852,0.000286299069066,0.00021517613894,0.000759248471991,0.00395096346968,0.00328511734999,0.0104419877842,0.000632567508979,0.000631739693977,0.00210570679279,34.4356073963,115.053024946,0.918015539646,25,25,-0.0016711296048,0.0248327646405,0.0787215307355,0.0205459725112,0.114934980869,0.0581746250391,-0.760127186775,-0.140277966857,0.149689391255
158,1413393916.51,25,12849,0.000280076191085,0.00022026925997,0.000737303398429,0.0040071705408,0.0033258811098,0.0104468226633,0.000665975608119,0.000640679653904,0.00210891066269,33.9658564003,114.536089604,0.892166078091,25,25,-0.00166419509333,0.0248453710228,0.0787325948477,0.0113875092939,0.119777828455,0.0590682141483,-0.591764032841,-0.35640257597,0.217927962542
159,1413393916.71,25,13302,0.000292015619765,0.000219393688375,0.000753245566503,0.00431844355,0.00339941058441,0.0103007676536,0.000722842080456,0.00071176006361,0.00228422990117,34.9835922871,111.74909439,0.886908590794,25,25,-0.00166829850059,0.0248394981027,0.0787365660071,0.0115957073867,0.115853399038,0.0660283342004,-0.528245747089,-0.380009382963,0.250550955534
160,1413393916.91,25,13801,0.000287942977357,0.000211858119938,0.000752519279002,0.00403234490073,0.00319425979006,0.0100876480268,0.000654087155393,0.000622517827879,0.00206445845728,34.3186825134,112.153065961,0.887518763542,25,25,-0.00166682363488,0.0248253811151,0.0787301808596,0.0262483805418,0.112321048975,0.069970458746,-0.47443985939,-0.405607521534,0.198520407081
161,1413393917.06,25,14037,0.000284374955029,0.000206845603103,0.00074336781438,0.00390090808018,0.00303940812982,0.0100889881704,0.000595327122759,0.000587104958116,0.00201262127117,33.5187725611,112.903189945,0.893166363239,25,25,-0.00167724688072,0.0248231124133,0.0787130370736,0.0185079835355,0.102200970054,0.0670547559857,-0.443758666515,-0.375690549612,0.219150960445
162,1413393917.21,25,13805,0.000274091871874,0.000224807439195,0.000876072040328,0.00441484180323,0.00618956127254,0.0321815345115,0.00078862844372,0.00159450525718,0.00825693535161,29.4976890577,107.839757311,0.896702826023,25,25,-0.00167630554643,0.0248243398964,0.07870618999,0.00711777154356,0.0989693850279,0.0659227594733,-0.362232387066,-0.294377565384,0.234625503421
163,1413393917.36,25,13776,0.000253247633695,0.000214784468114,0.000761583641475,0.00376910081339,0.00466815023109,0.0232684941425,0.000682797961494,0.00138981021371,0.00715277662986,29.2313021894,131.386703171,0.904452621937,25,25,-0.00167814758606,0.0248359665275,0.0786920934916,-0.00307320873253,0.107504338026,0.0642813146114,-0.243062332273,-0.198499754071,0.213459253311
164,1413393917.51,25,13685,0.000262248164509,0.000247868350421,0.000999891312819,0.00384302377344,0.00483325376686,0.0242683566186,0.000720119629778,0.00151453311018,0.00782972862795,29.6868753578,152.77976401,0.906089365482,25,25,-0.00168455787934,0.0248452536762,0.0786916017532,-0.00913751870394,0.1164573282,0.064508639276,-0.146216422319,-0.0892041251063,0.0708711147308
165,1413393917.66,25,13756,0.000263465020995,0.000298627789942,0.00130391171006,0.00327205060253,0.00259277904518,0.00972536850128,0.000463046874449,0.00047393283289,0.00176192053138,24.3650006046,107.734306953,0.904300510883,25,25,-0.00168474949896,0.0248479880393,0.0786840096116,-0.0131138730794,0.125165119767,0.0610643550754,-0.0704002007842,0.0454342290759,-0.0604289285839
166,1413393917.81,25,13640,0.000271315110697,0.000327245236348,0.0014648702855,0.00336667296392,0.00263352689905,0.00974251369139,0.000485175646684,0.000477764961358,0.00177854700615,25.0538168224,109.313650054,0.916080594063,25,25,-0.00168609106913,0.0248612519354,0.0786742642522,-0.0169313773513,0.137305125594,0.0512693412602,-0.0294176004827,0.161549881101,-0.105855733156
167,1413393918.11,25,13473,0.000314437017547,0.00038437536339,0.00185898272941,0.00359050663074,0.0027062040123,0.009772033142,0.000556567409715,0.000546847022259,0.00191624003556,27.1208219042,114.312632056,0.88332349062,25,25,-0.00168672855943,0.0248691625893,0.0786671042442,-0.0270866174251,0.146207660437,0.0520538650453,0.0893771126866,0.213352322578,-0.0552050545812
168,1413393918.46,25,13689,0.00025364568345,0.000211731344623,0.000774739478525,0.00335381648322,0.00238194078868,0.00974697525328,0.000532869476491,0.000466387544008,0.00181276917628,26.4558126214,113.852931228,0.916203677654,25,25,-0.00169010995887,0.024880271405,0.0786466374993,-0.0373933799565,0.164945438504,0.0475579053164,0.397327959538,0.289276301861,0.0134404450655
169,1413393918.66,25,13710,0.00024238762829,0.000210235988151,0.000764354090878,0.00322282518523,0.00245418320532,0.00972269743235,0.000482792915852,0.000457457441966,0.0017997810884,25.9994951406,113.013279594,0.933229863644,25,25,-0.0017015041085,0.0248828232288,0.078646838665,-0.05242857337,0.166667878628,0.0486583337188,0.636356949806,0.324176371098,0.0853667706251
170,1413393918.76,25,13888,0.000255320145276,0.000201298683595,0.000737939943181,0.00332652069976,0.00240103228241,0.0097195950777,0.00049101349031,0.000453834766825,0.0017898925518,26.3864105311,111.391952569,0.891490936279,25,25,-0.00170662789606,0.0248842835426,0.0786497220397,-0.0502667948604,0.166101783514,0.0492993071675,0.724931955338,0.275046020746,0.0573203489184
171,1413393918.86,25,13941,0.000246580464567,0.000196806994648,0.000712529881669,0.00334693219292,0.00240598206,0.00969874717106,0.000496755262462,0.000452998565221,0.00176932487424,26.3852581916,109.800579507,0.915935754776,25,25,-0.00170131400228,0.0248831901699,0.0786482021213,-0.0545620657504,0.159227892756,0.049247879535,0.8501060009,0.216801464558,0.0973854362965
172,1413393918.96,25,13833,0.000250909849876,0.000191808786258,0.000706715889102,0.00332604802157,0.00240091354895,0.00967783810971,0.000492296775855,0.000453429548096,0.00176234773975,26.1785284827,109.28749243,0.93131929636,25,25,-0.00168938725255,0.0248904731125,0.0786509290338,-0.054954007268,0.158203542233,0.0551296435297,0.91602152586,0.0981564670801,0.108562089503
173,1413393919.06,25,13654,0.000283040905825,0.000385642212162,0.0019636624021,0.00335506566651,0.00235592862215,0.00894341583365,0.000571651109057,0.000663614685075,0.00309880477528,21.5283479369,80.7087281332,0.911213934422,25,25,-0.00169206620194,0.0248912032694,0.0786478742957,-0.0514924116433,0.162764251232,0.0553479753435,0.926219582558,-0.0313174724579,0.0971486195922
174,1413393919.21,25,13774,0.000192439556676,0.000166835012641,0.000640983929183,0.00346215390427,0.00507704217436,0.0273059724818,0.000735966569319,0.00179442421018,0.00935521188819,18.4262445425,143.268591669,0.892040550709,25,25,-0.00169167376589,0.0248803142458,0.0786644071341,-0.0573837757111,0.163563802838,0.0599245093763,0.875088214874,-0.212163671851,0.110576480627
175,1413393919.36,25,13798,0.00015880422691,0.000141715970397,0.000611497991735,0.00277522966152,0.00387168282439,0.0205559826753,0.000519698748696,0.00104716255866,0.0054153482343,13.945137956,126.917525775,0.889702618122,25,25,-0.0016904497752,0.0248754359782,0.0786608234048,-0.0614736229181,0.167297273874,0.06364005059,0.713736891747,-0.381322771311,0.0597589313984
176,1413393919.46,25,13848,0.00015060623449,0.000134473084816,0.000622900592495,0.00208101543668,0.00144800454121,0.00533313174241,0.000309965836412,0.000311943103668,0.00101123717126,8.83358036993,43.6002097619,0.92941147089,25,25,-0.00169218576048,0.0248703788966,0.0786655843258,-0.0645006969571,0.165106609464,0.0667464286089,0.586930274963,-0.491987645626,-0.0536678694189
177,1413393919.66,25,13785,0.000156442583226,0.000134573779485,0.000611853922086,0.00215484381885,0.00148148108876,0.00533187936666,0.000320936840922,0.000311913172937,0.00101908274389,9.21862131523,42.3177731226,0.893709778786,25,25,-0.00169000879396,0.0248726252466,0.0786678865552,-0.0675550028682,0.165203884244,0.0692509934306,0.304036170244,-0.775351107121,-0.211865380406
178,1413393919.76,25,13899,0.000153082033538,0.000131264680932,0.000606836336942,0.00202097650196,0.00139092511554,0.00531900805035,0.000304663852593,0.000308913264807,0.00103138767863,9.14664084185,41.4435272264,0.918431460857,25,25,-0.00169050053228,0.0248707979918,0.0786680132151,-0.064283773303,0.163194745779,0.0653821825981,0.189554512501,-0.898570597172,-0.247103348374
179,1413393919.86,25,13262,0.000169394037053,0.000192057893074,0.000909493221082,0.00210537036655,0.00141365209703,0.00529756822446,0.000390436842191,0.000540505865709,0.0025742192694,9.54018246712,40.1849834837,0.921741843224,25,25,-0.00169138342608,0.0248713977635,0.0786641687155,-0.0582192204893,0.16108186543,0.0620352365077,0.0330476686358,-0.968880355358,-0.333663970232
180,1413393919.96,25,13355,0.000156336517311,0.000141077702735,0.000581767639614,0.00213588638743,0.00146714017026,0.00518458429988,0.000311855330417,0.000326142140494,0.00105220772264,9.86026147221,37.9112642658,0.903120934963,25,25,-0.00169290334452,0.0248723216355,0.078658670187,-0.0527974665165,0.16082058847,0.0622221417725,-0.143901586533,-0.97238278389,-0.461175203323
181,1413393920.11,25,13363,0.000164604173305,0.000137166415027,0.000568165347199,0.00223905167275,0.00146772347393,0.00520882382275,0.000330773449193,0.000334313794337,0.00107115272237,10.5676584757,36.9458003453,0.832515895367,25,25,-0.00169494806323,0.024871814996,0.0786591842771,-0.0482105761766,0.163112699986,0.061879824847,-0.339544743299,-0.909337580204,-0.591268897057
182,1413393920.26,25,13578,0.000166195540258,0.000140151040389,0.000591506364747,0.0022865315587,0.00150401341791,0.00510861980246,0.000382123388545,0.000491043220352,0.00221725270906,11.088035528,37.2908391861,0.834840536118,25,25,-0.00169727997854,0.0248757153749,0.0786534026265,-0.0453691259027,0.164441078901,0.0571182779968,-0.500817716122,-0.842763125896,-0.657782018185
183,1413393920.41,25,13458,0.000177265186086,0.000152231815192,0.000688576067329,0.00239769520369,0.00151166877845,0.00518079668335,0.000399688572953,0.000495372490376,0.00226264863462,11.871953588,38.6305919182,0.856698513031,25,25,-0.00170126871672,0.0248734746128,0.0786539763212,-0.0388898178935,0.157074734569,0.0511066615582,-0.63599306345,-0.774427831173,-0.636739552021
184,1413393920.56,25,13393,0.000180334436507,0.000150341406219,0.000689963481035,0.00243737002174,0.00149978268985,0.00519041519854,0.000402996958621,0.000473103696688,0.00214405236286,11.9577048727,39.2829728107,0.873626232147,25,25,-0.00170315708965,0.0248697232455,0.0786525756121,-0.0361920371652,0.148057922721,0.0447730757296,-0.693019092083,-0.734436154366,-0.575326502323
185,1413393920.71,25,13398,0.00017958165901,0.000156994853795,0.000685141048994,0.00244793471268,0.00165484270241,0.00518967011516,0.000422990422547,0.000485824903782,0.00202114348101,11.94048896,39.7586341206,0.881492078304,25,25,-0.00170870334841,0.024875137955,0.0786567404866,-0.0325141251087,0.145103350282,0.0437064915895,-0.677210867405,-0.670802772045,-0.527034342289
186,1413393920.91,25,13555,0.000162846106782,0.000120350058704,0.000604847980448,0.00245503984779,0.00156160967676,0.00513228141791,0.000348754183161,0.000351955725804,0.00115799754772,12.0911587149,39.4403282778,0.897613227367,25,25,-0.00170561438426,0.0248731300235,0.0786514207721,-0.0329704470932,0.14294719696,0.0456276796758,-0.650201559067,-0.574534595013,-0.50751054287
187,1413393921.11,25,13729,0.000162331668562,0.000112896049133,0.000601063786105,0.0024672621825,0.00149353162867,0.00515368668831,0.000350766774918,0.000338267381588,0.0010959056375,12.163439909,38.8842402089,0.905513584614,25,25,-0.00170755665749,0.0248668733984,0.0786523669958,-0.0261831767857,0.139528751373,0.0503823645413,-0.542291581631,-0.478972911835,-0.489813476801
188,1413393921.61,25,13419,0.000173118284209,0.000112538763087,0.000608592859482,0.00259237365995,0.00139920862555,0.00518231138632,0.000378118378346,0.000324315227954,0.00110959242426,12.7689309839,39.3678359884,0.886996686459,25,25,-0.00170673907269,0.0248693302274,0.0786615237594,-0.0211234036833,0.14358356595,0.0572528503835,0.0619034022093,-0.175592541695,-0.278573960066
189,1413393922.11,25,13541,0.000185281309387,0.000125024775637,0.000535949634843,0.00275999904366,0.00219581063869,0.0113279510988,0.00049995322097,0.000781670780814,0.00403556491856,12.2096209567,33.4115324655,0.88807374239,25,25,-0.00170619064011,0.0248599462211,0.0786764398217,-0.0169509425759,0.139581620693,0.0576827377081,-0.00882188696414,0.0438682064414,-0.559075832367
190,1413393922.26,25,13657,0.000180474664652,0.000125289191193,0.000551438575984,0.00276171095729,0.00225049690719,0.0116017831707,0.000515724060126,0.000782640373377,0.00404963198419,11.8089026109,32.8942148916,0.897245168686,25,25,-0.0017097677337,0.0248683001846,0.0786741375923,-0.019187387079,0.139239937067,0.0533919557929,-0.0231840629131,0.0979219302535,-0.59203261137
191,1413393922.46,25,13688,0.000166263147542,0.000105378278925,0.0004685677319,0.00267165610905,0.00228851353227,0.0118963908249,0.000446237478024,0.000578519214628,0.00285800364787,11.7324883632,37.3134063946,0.908941924572,25,25,-0.00169926777016,0.0248716287315,0.0786610990763,-0.0157144572586,0.136721462011,0.0508937239647,0.197063550353,0.142048195004,-0.496683955193
192,1413393922.76,25,13518,0.000170730502062,0.000107490938418,0.00046182831511,0.00271493098969,0.00233439694217,0.0123064010901,0.000470585237825,0.000618682321607,0.00312457646437,11.9592974731,42.9176384347,0.915907621384,25,25,-0.00170535605866,0.0248728320003,0.0786627680063,-0.0157167315483,0.139997914433,0.0450293049216,0.566563129425,-0.024709187448,-0.38071808219
193,1413393923.01,25,13609,0.000188411479816,0.00016627287953,0.000882645264171,0.00265373382791,0.00178035113697,0.00895017922568,0.000425236203057,0.00041794772989,0.00178856667817,10.4045141531,31.1308157766,0.919224441051,25,25,-0.00170385628007,0.0248816274107,0.0786608606577,-0.0188887547702,0.140148386359,0.0425574332476,0.742656111717,-0.225389331579,-0.146352246404
194,1413393923.16,25,13421,0.000178662903017,0.000154615392253,0.000830199886656,0.00258386925536,0.0019352288496,0.00972828763782,0.000436133857013,0.000559339787899,0.00273888039729,10.2084187145,31.2197503485,0.928900897503,25,25,-0.00170241005253,0.0248733330518,0.0786685869098,-0.0190645512193,0.14980314672,0.0428367108107,0.965625822544,-0.214269503951,0.0595644898713
195,1413393923.36,25,12997,0.000176974022644,0.000158011790584,0.00084944701187,0.00232939359911,0.00144425980314,0.00522668423781,0.000384255823621,0.000413415609409,0.00171090009512,9.61910470759,28.1777469926,0.915545403957,25,25,-0.00170343450736,0.0248735770583,0.0786731541157,-0.0219617374241,0.154733106494,0.04524371773,1.24272489548,-0.165465727448,0.14238576591
196,1413393923.51,25,13126,0.000175091173489,0.00014576827618,0.000796826357097,0.00222788867661,0.00134956558001,0.00509417583919,0.000312243364786,0.000291809020614,0.00108022707779,8.92282127144,22.4082554863,0.889455139637,25,25,-0.00170093833003,0.0248747058213,0.078678406775,-0.0234686359763,0.153810560703,0.0505414009094,1.35542345047,-0.21291424334,0.171239227057
197,1413393923.61,25,13103,0.000180053633138,0.000146194118837,0.000796656013166,0.00229176135568,0.00129048426484,0.00513198684886,0.000316468372097,0.000281269023132,0.00102388752196,9.25570085553,22.4871122038,0.901319563389,25,25,-0.00170714221895,0.0248723234981,0.0786681473255,-0.0155805749819,0.148501709104,0.0475140735507,1.37408399582,-0.2958150208,0.193992376328
198,1413393923.71,25,13213,0.00019210078327,0.000197465327509,0.00105723037226,0.00243675141472,0.00160739625725,0.00835775019969,0.00031610008344,0.000259662854544,0.00099690883306,9.78070640359,24.1162219328,0.90149307251,25,25,-0.0017102449201,0.0248670410365,0.0786803141236,-0.0112633164972,0.145499780774,0.0468449629843,1.37140524387,-0.383968114853,0.202233150601
199,1413393923.81,25,13120,0.000184912146362,0.000152071380294,0.000771074491737,0.00237338124428,0.00144716632348,0.0072291285767,0.000295959188246,0.00024518343892,0.000913073172468,10.2766175831,29.2054859632,0.8566147089,25,25,-0.00171864207368,0.024864602834,0.078673556447,-0.00254667969421,0.135477259755,0.0481139682233,1.36167955399,-0.43985119462,0.169763013721
200,1413393923.91,25,13011,0.000180834344446,0.000161679842295,0.000806733981967,0.00220947372188,0.00139430439489,0.00646556022439,0.000322619934273,0.000349937339388,0.00152964711482,9.89791789948,31.1663436251,0.870493471622,25,25,-0.00171126401983,0.0248666629195,0.0786734670401,0.00322661059909,0.127016425133,0.0438161455095,1.36003804207,-0.473267525434,0.172766447067
201,1413393924.06,25,12746,0.000160705304301,0.000112265268896,0.000415163200999,0.0020642778811,0.00162184947545,0.00764445742655,0.000300104039208,0.00035082610552,0.00146638662349,8.90267424102,27.8044666516,0.865835726261,25,25,-0.00171725719701,0.0248710047454,0.0786739587784,0.00987500045449,0.127439081669,0.0481021180749,1.37862491608,-0.474645793438,0.154948413372
202,1413393924.21,25,12739,0.00018407202596,0.000224538198991,0.00116467896094,0.00197030107815,0.0017198438148,0.00773471445515,0.000258861172632,0.000271433005155,0.000948831647571,8.44156195117,28.6464803383,0.862354755402,25,25,-0.0017111892812,0.0248754117638,0.0786835476756,0.00839275866747,0.127357721329,0.0453303828835,1.42654764652,-0.387944042683,0.181572318077
203,1413393924.31,25,12675,0.000186791092979,0.000236677322886,0.00123633938895,0.00202014188077,0.0018296390957,0.0087333658799,0.000263900398012,0.000266183697106,0.00094070783629,8.20133740658,25.5994487472,0.852758646011,25,25,-0.00170732673723,0.0248730257154,0.0786805897951,0.00686414726079,0.122828111053,0.0462264865637,1.40870821476,-0.283838570118,0.193758130074
204,1413393924.41,25,12939,0.000168336426285,0.000173640535087,0.000867452719919,0.00183714628838,0.00123603915339,0.00400580781496,0.00025043648846,0.000256353211175,0.000921250260576,8.04009580058,26.2145178687,0.866144180298,25,25,-0.00170168292243,0.0248707998544,0.0786783695221,0.00310624856502,0.126273214817,0.0422771424055,1.35534083843,-0.104232430458,0.21235089004
205,1413393924.51,25,12960,0.000148371604649,0.000101361915073,0.000380657131335,0.00183526797738,0.00117354876354,0.00400060444582,0.000255419922936,0.000255323296738,0.000906380425973,8.55764495097,28.9133060282,0.873191654682,25,25,-0.00169665459543,0.0248742382973,0.0786864608526,-5.37126179552e-05,0.129364147782,0.0406400896609,1.24012339115,0.123673029244,0.259105324745
206,1413393924.61,25,12767,0.000152357548722,9.60467124741e-05,0.000399293549397,0.00195503667515,0.00120323184388,0.00416089188361,0.000270190848618,0.000254145913244,0.000933267606547,9.56987449139,32.949130466,0.873002052307,25,25,-0.00169329310302,0.0248677711934,0.0786974430084,-0.00280501903035,0.131946027279,0.0377363860607,1.05891513824,0.367797195911,0.311450660229
207,1413393924.71,25,12377,0.000194244270978,0.000225818338397,0.00118738060927,0.00221203649752,0.00149458098934,0.00664716865321,0.00029101631955,0.000264244101979,0.000935779525632,10.5817550517,36.4768116372,0.894433617592,25,25,-0.00168786686845,0.0248565934598,0.0786953121424,-0.00913564581424,0.136864930391,0.0354101732373,0.807131946087,0.66323196888,0.414757937193
208,1413393924.81,25,12348,0.000173474672905,0.000148126165708,0.000695035945013,0.00216216124458,0.00140917835089,0.00598732025533,0.000259925881705,0.000228366024172,0.000967128711469,10.5319825905,37.1652346778,0.887340724468,25,25,-0.00168245681562,0.0248577669263,0.0787027925253,-0.0190694890916,0.142049267888,0.0216472949833,0.507203042507,0.95813369751,0.550503671169
209,1413393924.91,25,12309,0.000181762808318,0.000157371064217,0.000741638076074,0.00220273986068,0.00142121766018,0.00573914039386,0.000269106250774,0.000227726326205,0.000968153584442,11.2488687068,39.8988042076,0.874676346779,25,25,-0.00167959334794,0.0248541422188,0.0787139460444,-0.0234668496996,0.142643779516,0.0146634560078,0.209011003375,1.24626636505,0.720027685165
210,1413393925.01,25,12424,0.000175604732754,0.000145840740357,0.00066214854603,0.0021006242764,0.00140751554552,0.00542854363681,0.000247487552946,0.000225521855437,0.00100411274513,10.8241025601,37.9681212779,0.860132217407,25,25,-0.00167482811958,0.0248538795859,0.0787174329162,-0.0257932059467,0.14350490272,0.0112544987351,-0.0270075183362,1.46428215504,0.885579109192
211,1413393925.11,25,12351,0.000174079931036,0.000155151295493,0.000723375747793,0.00200974891077,0.00140548152116,0.00538055372445,0.00026297267738,0.000270571631447,0.00103322563174,10.2888599604,35.4388679892,0.848076403141,25,25,-0.00167243380565,0.024864891544,0.0787191092968,-0.0244299918413,0.143861889839,0.00963216740638,-0.136742264032,1.61310982704,1.02532494068
212,1413393925.21,25,12252,0.000180930920705,0.000142062122459,0.000632042406612,0.0020389284082,0.00116405616048,0.00433538051399,0.000291782613424,0.000291358191049,0.00122279673259,11.4713190721,32.5700879407,0.831043601036,25,25,-0.00167097849771,0.0248673968017,0.0787198916078,-0.0235067270696,0.141923636198,0.00595399737358,-0.161223962903,1.68583679199,1.02673077583
213,1413393925.31,25,12210,0.000192582458467,0.000247710353238,0.00128834907504,0.00231325042476,0.00220864216598,0.0113267667376,0.000274992727681,0.000296127895742,0.00113802035646,10.7788637678,31.4713653191,0.827220141888,25,25,-0.00166356610134,0.0248718019575,0.0786990448833,-0.0244007110596,0.13534617424,0.00444823876023,-0.0791015177965,1.70510053635,1.04304289818
214,1413393925.41,25,12233,0.000202615251633,0.000293304513869,0.00153462496099,0.00225685584287,0.00207149338985,0.0105901733877,0.00027158133939,0.000308421042528,0.00129026601301,11.2485771299,29.4727145988,0.804640829563,25,25,-0.00167336966842,0.0248667877167,0.0786977335811,-0.0184202361852,0.12888225913,0.00728040654212,0.0515525154769,1.67984831333,1.06339418888
215,1413393925.51,25,12576,0.000156654616004,0.000121307963645,0.000427225262626,0.00200854897046,0.00115660081462,0.00460742684911,0.000243513919879,0.000239416385466,0.00102273954879,11.5286373499,28.8186865613,0.849083006382,25,25,-0.00167704350315,0.0248705651611,0.0787066668272,-0.0137626370415,0.121007345617,0.00880255270749,0.166844666004,1.65743041039,1.06407368183
216,1413393925.61,25,12538,0.000170424758173,0.000153715175621,0.00066474620992,0.00213034161769,0.00141417146301,0.00567106952064,0.000337128415816,0.000596403738629,0.00301374505065,12.3794275744,33.4708610958,0.851285517216,25,25,-0.00167792895809,0.0248701106757,0.0787026956677,-0.00719573907554,0.119799420238,0.0135632427409,0.255273997784,1.65152466297,0.982692539692
217,1413393925.71,25,12713,0.000190557568792,0.000210917107004,0.00105882664474,0.00219231861168,0.00143048302726,0.0056708982201,0.000422535354175,0.000939811251177,0.00487228783096,12.9168561032,34.4465967516,0.867790162563,25,25,-0.00167371262796,0.0248658321798,0.0786975696683,-0.00174275494646,0.116297610104,0.016127102077,0.328442007303,1.64769983292,0.728799879551
218,1413393925.86,25,13247,0.000171876600032,0.000222762246514,0.00110982828078,0.00231624520394,0.00212305506137,0.0109709885108,0.000311907111452,0.000602463274429,0.00314928851846,12.827036221,41.3465423775,0.867363929749,25,25,-0.00166832911782,0.0248682647943,0.0786890983582,0.00165112491231,0.113563366234,0.00911348685622,0.403829097748,1.63198971748,0.296653598547
219,1413393926.01,25,13132,0.000176624603835,0.000212932577917,0.00105403500109,0.00246707108131,0.00203904351842,0.0106597517468,0.000337845333151,0.000636878410399,0.0033424238325,14.0367402465,47.4621368939,0.874596238136,25,25,-0.0016694891965,0.0248630549759,0.0786727741361,0.0113177308813,0.104211971164,0.011213792488,0.43871101737,1.59264957905,0.00597760174423
220,1413393926.16,25,13231,0.000181248912943,0.000197414186483,0.000962117921896,0.00262282631039,0.00213359003433,0.0103362765617,0.000381030034805,0.000681410951216,0.00342972753251,15.4350370229,54.5752354625,0.861356317997,25,25,-0.00167227408383,0.0248572565615,0.0786660388112,0.0212539453059,0.100502617657,0.0151079427451,0.414851874113,1.46402287483,-0.0267598442733
221,1413393926.31,25,13632,0.000174924874171,0.000175153869133,0.000798310632414,0.0024013584825,0.00165133669556,0.00655444457336,0.000287012207697,0.000357631240485,0.00137648812002,15.5039127155,59.0716466847,0.900530099869,25,25,-0.00167229108047,0.0248491801322,0.0786559581757,0.0312954299152,0.0972965061665,0.0173386316746,0.387154430151,1.28581011295,-0.0209391228855
222,1413393926.51,25,13561,0.000179560203392,0.000189702086083,0.000884133748584,0.00238162149222,0.00169577510139,0.00656584253092,0.000309972706589,0.000408174446308,0.00171316328079,15.4768915843,58.2539583531,0.882572412491,25,25,-0.00167429761495,0.0248462911695,0.0786510035396,0.037478081882,0.0925020724535,0.0204722620547,0.378390520811,1.11156582832,-0.00221476051956
223,1413393926.66,25,14032,0.000158569871248,0.000129977034057,0.000616802238333,0.00222325945183,0.001562550691,0.00660565852794,0.000247214169837,0.000289227264053,0.00131035700251,15.5105534803,60.607027964,0.915584683418,25,25,-0.00166971050203,0.0248463638127,0.0786494910717,0.0336076840758,0.0934333354235,0.0221494883299,0.370435804129,1.02092325687,-0.200514003634
224,1413393926.81,25,13916,0.000158550814689,0.000129202683731,0.000614778121841,0.00225349727801,0.00150468119488,0.00663785781263,0.000253473151732,0.000280889987385,0.00126481269824,15.3522528162,61.0314630075,0.916867434978,25,25,-0.00166623562109,0.0248410478234,0.078651688993,0.0368478298187,0.0945443883538,0.0265375431627,0.315725535154,0.899721026421,-0.0660822689533
225,1413393927.01,25,14240,0.000162836915754,0.000130951424826,0.000622049415708,0.00231850003838,0.00164122562831,0.0067373919966,0.000282673553087,0.000331063343072,0.00128306441951,15.8222570008,62.7521862477,0.898309767246,25,25,-0.00166588148568,0.0248362589628,0.0786505267024,0.0404352806509,0.0941845998168,0.0293650068343,0.263315141201,0.73017770052,0.219228282571
226,1413393927.16,25,14179,0.000179876517146,0.000133099036938,0.000634979551654,0.002541025273,0.00159934753698,0.00704077705843,0.000310151742394,0.000340473351555,0.00140422184101,17.607482767,64.3269649539,0.890921354294,25,25,-0.00166644761339,0.0248396378011,0.078649751842,0.0364370271564,0.0926718115807,0.0323133319616,0.332750469446,0.717711031437,0.356457173824
227,1413393927.26,25,14529,0.000181598298506,0.000136225984424,0.000634638095312,0.00269565499214,0.0019511677096,0.00765020825358,0.000319123915428,0.000373046432034,0.00147168746184,18.4191096997,64.9072616247,0.917851507664,25,25,-0.00167110632174,0.0248465687037,0.078650854528,0.0245525091887,0.0898381322622,0.0331384465098,0.411254435778,0.713425755501,0.348348796368
228,1413393927.36,25,14399,0.000182844495276,0.00013877527087,0.000643620210434,0.00269464592939,0.0020159937533,0.00782638035171,0.00033266304457,0.000384786838989,0.00147270751256,18.1359407053,65.619563601,0.909204602242,25,25,-0.00166777253617,0.0248468499631,0.0786512941122,0.0183560401201,0.0911603942513,0.0354344807565,0.52185177803,0.735431790352,0.380247235298
229,1413393927.46,25,14765,0.000182100040641,0.000130486215356,0.000655053645234,0.00259709936262,0.00173789959977,0.00788510651293,0.000321258480493,0.000358647547191,0.00156462034764,18.8823205933,66.8689889719,0.8932543993,25,25,-0.00166648160666,0.0248417649418,0.0786508023739,0.016380019486,0.0938510298729,0.0356028750539,0.617715656757,0.79341673851,0.423101723194
230,1413393927.56,25,14657,0.000183323643208,0.000131238715321,0.000660333994594,0.00265868989718,0.00177549171938,0.00815522475045,0.000331576494216,0.000365163072714,0.00161584498947,19.2778916834,67.53788615,0.920829832554,25,25,-0.00166863354389,0.0248430650681,0.0786571800709,0.00854642875493,0.0971219092607,0.0357434377074,0.64802056551,0.869844317436,0.470470994711
231,1413393927.66,25,14534,0.000185349454868,0.000128945591316,0.000653984485506,0.00270225935493,0.00178945340062,0.00826638825163,0.000343456287572,0.000369552927961,0.00163995545588,19.4623333198,66.4595704723,0.920399129391,25,25,-0.00166815996636,0.0248420666903,0.078655384481,0.00526627432555,0.0999521240592,0.0371041670442,0.606097221375,0.944532930851,0.489739388227
232,1413393927.76,25,14635,0.000183150936024,0.000156833136632,0.000674980771562,0.00292729681669,0.00295139594631,0.0137448424008,0.000388219763387,0.00056526148604,0.00240574376688,18.5694495166,67.9670404536,0.923388838768,25,25,-0.00166602339596,0.0248376764357,0.0786568745971,0.00450598634779,0.101428702474,0.0389148890972,0.498141497374,1.00301456451,0.525676488876
233,1413393927.86,25,14393,0.00018698518142,0.000150718392028,0.000682594370088,0.00301861529389,0.00299821900788,0.014138411403,0.000401461864802,0.000576901345187,0.00248952794561,19.2166512811,69.1638900559,0.924532711506,25,25,-0.00166669546161,0.0248307678849,0.0786565989256,0.00212364899926,0.102195844054,0.0455577410758,0.330877691507,1.04072582722,0.566359341145
234,1413393927.96,25,14429,0.000172705295975,0.000131321391847,0.000688899298564,0.00258153508573,0.00194916394463,0.00896231601072,0.000320509985375,0.000390451529893,0.00177495145,18.850521546,70.0139097114,0.934878051281,25,25,-0.00166540697683,0.0248270370066,0.0786569043994,-0.000482446281239,0.106190763414,0.0471636243165,0.142562150955,1.04071950912,0.569483339787
235,1413393928.11,25,14188,0.000190724620907,0.000151949962032,0.000691517132228,0.00311177695531,0.00299605890166,0.0143183139277,0.000426514022482,0.000585527681021,0.0025481590422,19.6420358841,71.445197157,0.919821560383,25,25,-0.00166379462462,0.0248214807361,0.078657746315,0.00117844482884,0.110488764942,0.0480663068593,-0.136820733547,1.00929367542,0.443790525198
236,1413393928.26,25,14051,0.000180820769868,0.000137103945216,0.0007015203014,0.00269105650739,0.00194649008285,0.00904392491986,0.000348212172836,0.000398740915981,0.00179514948731,19.6087285937,73.2411349845,0.940836966038,25,25,-0.00166268611792,0.0248169731349,0.0786645039916,0.00204664259218,0.111000016332,0.0532408058643,-0.418572634459,0.967642128468,0.298635780811
237,1413393928.36,25,13733,0.000175694704288,0.000137172420895,0.000702383052957,0.00267246168803,0.00194604736995,0.00906590299308,0.000349069226151,0.000395959719012,0.00180150370249,19.2840791868,73.7820570283,0.950046002865,25,25,-0.00166450976394,0.0248098634183,0.078661493957,0.00662699434906,0.113470859826,0.0588701069355,-0.573349058628,0.928131520748,0.233728826046
238,1413393928.46,25,13496,0.000180713191208,0.000144280646996,0.000716063793728,0.00260461857962,0.0019733671924,0.00910027650034,0.000334265340192,0.000399101869811,0.00180177274188,19.1073158081,75.7946058474,0.950546205044,25,25,-0.00166299869306,0.0248090047389,0.0786636397243,0.00503390608355,0.111959241331,0.0611046440899,-0.661625981331,0.868802845478,0.12198676914
239,1413393928.56,25,13155,0.000180321111607,0.000145863435182,0.00071932624731,0.00261295326066,0.00195028490195,0.00911992683787,0.000336185095202,0.000395211204978,0.0018045019114,19.1552740481,76.4995600663,0.901528120041,25,25,-0.00166079110932,0.0248056259006,0.0786644741893,0.00234956294298,0.114627070725,0.064793728292,-0.680402934551,0.815011918545,0.0563716441393
240,1413393928.66,25,12504,0.000198471480475,0.000206444223574,0.000915565726668,0.00265294194749,0.00190521244379,0.00892388873411,0.000344067281936,0.000386463843542,0.00175981984307,18.1648809327,74.9457713793,0.963597595692,25,25,-0.00165833812207,0.0248015634716,0.0786681994796,0.000376501993742,0.114872515202,0.066833242774,-0.680836319923,0.71986925602,0.044789083302
241,1413393928.76,10,5261,0.000229870830291,0.000268504573815,0.000964166105629,0.00287110476249,0.00266539479549,0.00956352235598,0.00067108547992,0.000965710401646,0.00345297678823,8.61430470044,26.5595636998,0.909654676914,10,10,-0.00166010728572,0.0247998293489,0.0786745399237,-0.000682205311023,0.118490338326,0.0727574080229,-0.677093029022,0.586770713329,0.0716687142849
242,1413393928.86,25,12154,0.000205084880534,0.000208806058367,0.00094591445627,0.00270596021805,0.00190135655744,0.00895198007723,0.000362452071069,0.00038891536616,0.00176394522122,18.4518370185,75.3718840657,0.940056562424,25,25,-0.00166009622626,0.0247982535511,0.0786740556359,0.000650445988867,0.112423636019,0.0727903470397,-0.684306561947,0.456575244665,0.087225086987
243,1413393928.96,25,11923,0.000189109464961,0.000164372121719,0.000701620570709,0.00256813523719,0.00184016047943,0.00888602803198,0.000340210273358,0.000386918662478,0.00174683751568,17.6204949924,73.3954055936,0.971018612385,25,25,-0.00165906059556,0.0247991420329,0.0786837488413,-0.00174180511385,0.121586509049,0.0728887468576,-0.706077337265,0.343487113714,0.112331010401
244,1413393929.06,10,4627,0.000225276971303,0.000379121799216,0.00134317205861,0.00257026592976,0.00401179841017,0.0143526709189,0.000666611993927,0.00139342565231,0.00481423270105,8.80486930237,58.2653364746,0.922054588795,10,10,-0.00165952998213,0.0247987508774,0.0786873102188,-0.00427610613406,0.122939027846,0.0755033269525,-0.770969390869,0.254484802485,0.124394908547
245,1413393929.11,10,4588,0.00022879222521,0.000388829778366,0.001374253371,0.0026219022981,0.00414235054332,0.0148041985209,0.000711089738221,0.00150579227982,0.00519951457782,9.56630110808,65.9043607318,0.939651250839,10,10,-0.00165919796564,0.024800747633,0.0786865875125,-0.0022287114989,0.117552921176,0.072128906846,-0.812190294266,0.21400244534,0.150773733854
246,1413393929.16,10,4582,0.000229927153106,0.000377240214146,0.00134110816442,0.00258521825052,0.00393262271461,0.0141475373383,0.000689839252716,0.00140497425118,0.00487491037663,8.93234091487,58.8263990933,0.935390353203,10,10,-0.00165899493732,0.024800280109,0.0786863788962,-0.00266038067639,0.117880798876,0.0730820521712,-0.861576199532,0.167041942477,0.155669346452
247,1413393929.21,25,11856,0.000192501189318,0.000162121392334,0.000701356888384,0.00258431696317,0.00178544730859,0.00890775670109,0.000349342337627,0.000377071350151,0.00175009946258,17.5724181214,73.0775806478,0.694301486015,25,25,-0.00165903742891,0.0248011741787,0.078687466681,-0.00645102001727,0.11841095984,0.0721172690392,-0.890746176243,0.135356038809,0.169097885489
248,1413393929.31,25,11594,0.000203040497525,0.000215032433612,0.00101858615554,0.00258832534885,0.00179904151733,0.00864455820687,0.000352180834999,0.000368922131942,0.00169787942894,15.8527411426,62.3186801428,0.968762755394,25,25,-0.00165764230769,0.0248019322753,0.0786948874593,-0.00988806411624,0.126148328185,0.0728707835078,-0.978966057301,0.0792331397533,0.185227140784
249,1413393929.41,25,11645,0.000207390077336,0.000213790969104,0.0010265037385,0.00262325485605,0.00181025464212,0.00861824944827,0.000356253442917,0.000370528741194,0.00169166929639,16.0009086269,61.3226298583,0.961631000042,25,25,-0.00165692076553,0.0248064976186,0.0786988139153,-0.0111233042553,0.129804551601,0.0695205330849,-1.04862320423,0.0533593483269,0.200474396348
250,1413393929.66,25,11830,0.00020577557011,0.000214513558553,0.00102454845657,0.00262039825727,0.0017858098371,0.00865739248559,0.00035705555645,0.000366311202958,0.00170116036801,15.8808939872,61.9452412478,0.928835809231,25,25,-0.00165559386369,0.024813387543,0.0787060260773,-0.00979275163263,0.130684301257,0.0650834143162,-1.12012529373,0.0203961711377,0.252490311861
251,1413393930.16,25,12319,0.000215273148018,0.000216787210026,0.00105528363939,0.00268852781936,0.00169929281152,0.00865872481003,0.00037748284507,0.000354995690575,0.00169967495808,16.1891630513,62.8657225369,0.852120578289,25,25,-0.0016501173377,0.0248082950711,0.0787024721503,-0.0168328750879,0.12541334331,0.0671186819673,-0.974493503571,-0.104393146932,0.152922555804
252,1413393930.66,25,12245,0.000223139073031,0.0002856698011,0.00152183934048,0.00300529173894,0.00317754137539,0.0165907736085,0.000547402123287,0.000906296319802,0.00463254941239,16.0209498273,92.3172318948,0.837493240833,25,25,-0.00163945544045,0.0247891172767,0.0787003338337,-0.016541980207,0.11695369333,0.0686558634043,-0.778504550457,-0.258392512798,-0.619839668274
253,1413393930.96,25,12256,0.000187181276867,0.000124257373531,0.000570838980481,0.00255573457382,0.00160803700011,0.00836820368068,0.000376191701997,0.000359324254907,0.00167631428846,12.2771482761,49.5931118692,0.850714921951,25,25,-0.00164689018857,0.0247772056609,0.0787029191852,-0.0160340331495,0.111628718674,0.0622307658195,-0.727722287178,-0.365847945213,-0.520354688168
254,1413393931.26,25,13915,0.000231205741196,0.000215938417914,0.00118216171145,0.00339704804851,0.00482453913102,0.0258168549259,0.000454417886768,0.000506098946194,0.00223798081266,15.0484341267,59.9643419015,0.0765834450722,25,25,-0.00164133135695,0.0247821379453,0.0787064582109,-0.00734772067517,0.109914302826,0.0588185600936,-0.665285408497,-0.444797337055,-0.137579888105
255,1413393931.46,25,12661,0.00024730845971,0.000435514386763,0.00232209121343,0.00272078279803,0.0032754337717,0.0176431849206,0.000407522082501,0.000460049522426,0.00221598730715,9.9088578195,28.9939771392,0.8375390172,25,25,-0.00166847812943,0.0247983783484,0.078757815063,-0.00337960803881,0.101912476122,0.0612388253212,-0.565316200256,-0.51676607132,-0.320705205202
256,1413393931.61,25,12749,0.000210819926007,0.000381646422606,0.00202465397856,0.00300292538103,0.00458436802662,0.0247832904532,0.000360675536868,0.000289597383836,0.00104643482694,8.63490942191,31.0475354834,0.611941158772,25,25,-0.0016427426599,0.0248064417392,0.0787466317415,0.000383759295801,0.108507290483,0.0509284622967,-0.542119503021,-0.578795135021,-0.481880813837
257,1413393931.76,25,12597,0.00016256763752,0.000159873381509,0.000818550815956,0.00207513548895,0.00132982542372,0.00640190417444,0.00029822597771,0.000223102790767,0.000759647020268,6.61487720389,16.1495204493,0.880915939808,25,25,-0.00117589277215,0.0245189461857,0.0788870751858,0.00598872639239,0.125568494201,0.0364281050861,-0.417715191841,-0.658757805824,-0.598388910294
258,1413393931.96,25,12353,0.000171553693983,0.000172779715903,0.000878637614382,0.00204834486674,0.00134557804337,0.00659168255806,0.000293160126815,0.000212322358105,0.000650459627133,6.677569749,16.3180477429,0.883571028709,25,25,-0.00116200500634,0.0245380531996,0.0789003372192,-0.000966218824033,0.12455265224,0.0301350057125,-0.243668735027,-0.788287818432,-0.574186265469
259,1413393932.16,25,12714,0.000151014521679,0.000115185896435,0.00042836567955,0.00193231482258,0.000949191574513,0.00396400375921,0.000287268323329,0.000195517578216,0.00064869762599,6.3892248457,16.8688032042,0.856162667274,25,25,-0.0011714764405,0.0245187617838,0.078889220953,-0.00601057661697,0.121747620404,0.0352770537138,-0.0929779782891,-0.88092559576,-0.457585722208
260,1413393932.36,25,12598,0.00015490597731,0.00011554540056,0.000440793755498,0.00201362789868,0.000975912462764,0.0043224711631,0.000303686882097,0.000190980479689,0.000650392680849,6.57101356395,18.2858280503,0.865272343159,25,25,-0.00117005303036,0.024524146691,0.078884780407,-0.0118728261441,0.123116463423,0.0458418652415,-0.00210540974513,-0.858285367489,-0.361320436001
261,1413393932.56,25,12384,0.000154283315522,0.000104897195556,0.000436219286807,0.00201701750551,0.00157667315098,0.0083289780892,0.000396228422013,0.000562973486856,0.00298166180463,6.44252592374,20.4891414325,0.820347070694,25,25,-0.00116416532546,0.0245117414743,0.0788801461458,-0.0127259893343,0.119736641645,0.0512404106557,0.0609505996108,-0.737059414387,-0.321404963732
262,1413393932.81,25,12763,0.000160384878655,0.000119118771649,0.000479091842251,0.00174333172749,0.000914124893032,0.00356389247784,0.000270914059816,0.000193074605464,0.00070389203149,5.80405294085,21.0338131229,0.857297062874,25,25,-0.00118707655929,0.0245007574558,0.0788246318698,-0.0113209644333,0.126738131046,0.0586282722652,0.0717858150601,-0.577398538589,-0.229127377272
263,1413393933.01,25,12647,0.000157483700985,0.000121042100814,0.000470760054003,0.00171712667399,0.000968354814416,0.00337992787772,0.000282703697748,0.000207307867693,0.000663926083679,5.63446861984,19.4893767549,0.871040701866,25,25,-0.00119064305909,0.0244866479188,0.0788459330797,-0.0111647490412,0.121532030404,0.0588060803711,0.0168051775545,-0.448443561792,-0.138957411051
264,1413393933.21,25,12655,0.000160014219929,0.000121205661749,0.000467950581836,0.00175850452942,0.000965769885285,0.00352224073738,0.000285347583085,0.000200907967082,0.000635628074526,5.7887172395,19.2522530591,0.886745274067,25,25,-0.0011833292665,0.024519411847,0.0788499340415,-0.00923668127507,0.11782476306,0.0615713298321,-0.177669450641,-0.372446209192,-0.0740329772234
265,1413393933.41,25,12570,0.000165988824971,0.000119855488473,0.000454629674706,0.00178836912792,0.000997181062105,0.00355225514801,0.000304511357338,0.000228484812635,0.000783359705676,6.02535287204,20.5941620997,0.877105236053,25,25,-0.00118976831436,0.0245440956205,0.0788507312536,-0.0112952264026,0.115520186722,0.0494468510151,-0.351153939962,-0.408024311066,-0.00902417674661
266,1413393933.56,25,12454,0.000175531643555,0.000148517254336,0.000624198346158,0.0019319000288,0.00134432952437,0.00571732251649,0.00034152590609,0.00035584729422,0.00175622559272,6.19145589328,23.2958622903,0.870115160942,25,25,-0.00118645001203,0.0245363824069,0.0788468644023,-0.0121621694416,0.112649932504,0.0451863519847,-0.388216286898,-0.522486925125,-0.0242595151067
267,1413393933.66,25,12577,0.000179813586501,0.000147647190884,0.000691978980225,0.0019070360053,0.00143883709261,0.00701266714994,0.000353146307624,0.000414249296866,0.00209291767724,6.65823097145,27.0375549662,0.876129984856,25,25,-0.00120974425226,0.0245538018644,0.0788347870111,-0.012830240652,0.111399888992,0.0474089719355,-0.347051233053,-0.621574938297,-0.0701548159122
268,1413393933.76,25,12630,0.000180340705211,0.000164279574584,0.000830971411193,0.00211694106326,0.00186783917518,0.0100389446094,0.00043989994425,0.000762356628692,0.00402071828033,7.18459912222,32.8934332829,0.873940825462,25,25,-0.0012175142765,0.0245950818062,0.0788153409958,-0.00809845514596,0.110767811537,0.0491373948753,-0.302770197392,-0.715856254101,-0.123147211969
269,1413393933.86,25,12390,0.000174101942672,0.000161648024097,0.000780459868547,0.00212883232692,0.00171228924154,0.00903268877004,0.000471475649472,0.000833032706747,0.00439472816937,6.70974366238,22.2653658383,0.869511187077,25,25,-0.00121771765407,0.0245951600373,0.0787982046604,0.00274034636095,0.113635711372,0.0498135611415,-0.289551705122,-0.746036589146,-0.217785894871
270,1413393934.01,25,12722,0.000178674612575,0.00015880251428,0.000811355702414,0.00227573669318,0.00196356337776,0.0105952219233,0.000514209641934,0.00101134788121,0.00532974640256,7.47894488344,22.4191252476,0.872376143932,25,25,-0.0012539481977,0.0245919618756,0.0787801742554,0.00996215548366,0.121763296425,0.0559138320386,-0.263648331165,-0.736967504025,-0.144250109792
271,1413393934.16,25,12654,0.000186771850757,0.000166105442847,0.000824014071347,0.00237397190323,0.00233486173895,0.0122670316311,0.000610104693112,0.00140882884141,0.00738838309134,7.70326815841,24.6011432142,0.844508826733,25,25,-0.00131034490187,0.0246126633137,0.0787664577365,0.0139660304412,0.131357356906,0.0579146817327,-0.346275746822,-0.705201148987,0.0462484136224
272,1413393934.26,25,12690,0.000198544772083,0.000166057231176,0.000814388965908,0.00240046466188,0.00231581417119,0.012106679306,0.000618995363526,0.00140469224432,0.00737554793678,8.26260810857,24.8031980665,0.872925758362,25,25,-0.0013139534276,0.0246042106301,0.0787517428398,0.0153971593827,0.12918484211,0.0511359572411,-0.425504773855,-0.66835808754,0.05385671556
273,1413393934.36,25,12941,0.000201056502615,0.00016102749979,0.000797676466987,0.00247127404606,0.002562669248,0.013680202312,0.000675179252284,0.0017069508897,0.00893070561383,8.99727054468,24.6945336527,0.897573947906,25,25,-0.00131978734862,0.0246185641736,0.0787481814623,0.0136169139296,0.125404536724,0.0482887588441,-0.458840101957,-0.654562652111,-0.0535490885377
274,1413393934.51,25,13036,0.000200477055811,0.000174608495459,0.000811629178989,0.00248900418087,0.00260283028345,0.0138213466072,0.000695222560642,0.00173407444689,0.00907570019112,9.014442988,35.1345760358,0.8797301054,25,25,-0.00133361713961,0.0246231388301,0.0787314921618,0.00924979150295,0.12213075906,0.0448618419468,-0.465089887381,-0.669184744358,-0.254594147205
275,1413393934.71,25,12993,0.000204379653497,0.000171573458534,0.000819930734703,0.00254993923201,0.00259038809492,0.0138265885501,0.000706328355701,0.00173013228241,0.00906809715426,9.0991376868,33.0094268336,0.862815320492,25,25,-0.00130927434657,0.0246261116117,0.0787262320518,0.0047561135143,0.118029378355,0.0451460592449,-0.405061811209,-0.743245840073,-0.429393827915
276,1413393934.86,25,13142,0.00021266772186,0.000150312310467,0.000654473840749,0.00257490754566,0.00224737252851,0.0119638205233,0.000670474523462,0.00147313060155,0.00775098376736,10.2122805792,39.0469672981,0.958129525185,25,25,-0.00131310231518,0.0246354136616,0.0787087380886,0.000904622138478,0.121209174395,0.0455499626696,-0.315221369267,-0.82924079895,-0.563111186028
277,1413393934.96,25,12970,0.00022021297711,0.000158870062153,0.000656460695212,0.00261225535858,0.00225614869658,0.0119023450585,0.000677093426927,0.00145995383278,0.00769308746358,10.8035712509,43.5211742914,0.874106943607,25,25,-0.00128121196758,0.0246702022851,0.078681871295,-0.00622339779511,0.121648050845,0.0416076928377,-0.189530700445,-0.914957225323,-0.5927272439
278,1413393935.06,25,12795,0.000227001374255,0.000191998160033,0.000900017880705,0.0027654769999,0.00353969903229,0.0188770183796,0.000693503767354,0.00166090249438,0.00870144333885,10.4282100681,46.129144192,0.898046016693,25,25,-0.00129036861472,0.0246971063316,0.078669436276,-0.00770249916241,0.118667110801,0.042175129056,-0.0537839718163,-0.953725039959,-0.632793903351
279,1413393935.21,25,12773,0.000232855860427,0.000197499480217,0.000928447166582,0.00277946021013,0.00355470664441,0.0188459524588,0.000720879831212,0.00169102763558,0.00885510532433,10.2303160531,43.9191878972,0.863830029964,25,25,-0.00131133780815,0.0247092675418,0.0786539837718,-0.0089796744287,0.123851642013,0.0460986867547,0.118008196354,-0.848846614361,-0.461529761553
280,1413393935.36,25,13256,0.000205100025854,0.000130865020605,0.000586374838162,0.0021876450145,0.00132684644107,0.00582345494986,0.000387638918843,0.000328962569456,0.00136310534586,10.775139082,41.8624764673,0.872886776924,25,25,-0.00129040260799,0.0247163809836,0.0786450356245,-0.00158767774701,0.129688903689,0.0459649115801,0.248303622007,-0.646629154682,-0.22044532001
281,1413393935.61,25,13213,0.000216452656225,0.000124981540403,0.000576859143695,0.0024280834939,0.00141524715253,0.00731380279203,0.000422310742774,0.000348255099761,0.00171218867801,12.7555341248,39.3532526948,0.854811131954,25,25,-0.00131347449496,0.0246998518705,0.0786470994353,0.010205341503,0.135531574488,0.0487931109965,0.313978672028,-0.317210763693,0.104783132672
282,1413393935.91,25,13656,0.000211212528296,0.000128476670387,0.000552836041119,0.00259362156474,0.00181482401843,0.0080976012172,0.000526465340008,0.000687487811224,0.00345344380297,12.2863600808,37.3092382775,0.894837200642,25,25,-0.00134795939084,0.0246923360974,0.07865691185,0.0249513629824,0.140757337213,0.0523829050362,0.0535397008061,0.130681172013,0.12377178669
283,1413393936.01,25,14294,0.000207774001341,0.000121776798354,0.00053598934552,0.00251215503411,0.00139346489157,0.00654298229125,0.000432665045913,0.000379160664377,0.0015527805669,12.1526818343,36.208426832,0.891665160656,25,25,-0.00131751701701,0.0246796123683,0.0786667689681,0.0201467666775,0.144634321332,0.0540414825082,-0.123676769435,0.286631643772,0.132469117641
284,1413393936.11,25,14313,0.000235728562164,0.00018469895642,0.000946733001944,0.00322018366542,0.0041686213003,0.022269594063,0.000812957840754,0.00165414173305,0.00853242001136,11.3536629399,34.3522468319,0.899076581001,25,25,-0.00130261515733,0.0246775392443,0.0786748379469,0.0154176000506,0.144502222538,0.0550525337458,-0.237624883652,0.394642978907,0.160192474723
285,1413393936.21,25,14876,0.000211531930996,0.00011099548023,0.000527271419286,0.0023693238029,0.0014507074128,0.00536477399396,0.000457394686229,0.000456109136879,0.0020802031352,11.284445121,34.4850522365,0.907842159271,25,25,-0.00132615829352,0.0246518813074,0.078706599772,0.00930769089609,0.142143204808,0.0514270439744,-0.282211095095,0.47790029645,0.177378088236
286,1413393936.36,25,15583,0.000208482598002,0.000118652508359,0.000513708564439,0.00249741957937,0.00191586571546,0.00825985861487,0.000543831080013,0.000739800784985,0.00371479553681,11.0604023225,33.100694626,0.884924888611,25,25,-0.00135500181932,0.0246554166079,0.0787344351411,0.00786381680518,0.138910591602,0.0551946535707,-0.22841027379,0.552694380283,0.187700301409
287,1413393936.51,25,15476,0.000219643433718,0.000113411466322,0.00052118939579,0.00254252230819,0.00187495177272,0.00863419081661,0.000554081804256,0.000772637652089,0.00395193168183,11.4079733846,33.9987291751,0.895575225353,25,25,-0.00135247735307,0.0246650855988,0.078770853579,0.00874236412346,0.135966137052,0.0505490377545,-0.102738879621,0.632874190807,0.234205633402
288,1413393936.61,25,15833,0.000223735873782,0.000135321937562,0.000626242501863,0.00247908558677,0.00200201127553,0.00926213598342,0.000430245360394,0.000473585454797,0.00212410455055,11.7094339112,35.9222641375,0.929784834385,25,25,-0.00138921721373,0.0246678385884,0.0787789598107,0.00988687109202,0.132909312844,0.0615574605763,-0.0317687913775,0.640825033188,0.254156529903
289,1413393936.71,25,16219,0.000197903646901,0.000114394793056,0.000541818019265,0.00213548091138,0.00145972464314,0.00536792883215,0.000372613971519,0.000356984452287,0.00128411757021,10.8606597079,36.2170617922,0.912880003452,25,25,-0.00141701824032,0.024684401229,0.0787919983268,0.00779264327139,0.13329936564,0.0666214376688,0.0214256606996,0.625150561333,0.2695710361
290,1413393936.81,25,16340,0.000199641406338,0.000113087040462,0.000547909182351,0.00221393241148,0.00143201428484,0.00542016927532,0.000382943790305,0.000351528148687,0.00130633586804,11.1945223676,37.0092809117,0.911969006062,25,25,-0.00139653822407,0.0246932152659,0.0787716656923,0.00551967509091,0.133733958006,0.0656707808375,0.0665866062045,0.574235975742,0.272693663836
291,1413393936.91,25,16337,0.000202699353788,0.000111885716068,0.000558051471033,0.00228070090953,0.00140573668513,0.00548034460893,0.000399025187282,0.000357081897297,0.00133868805235,11.6051830123,38.0416606761,0.929590821266,25,25,-0.00140433106571,0.0246873162687,0.0787849277258,0.00736387632787,0.132869005203,0.0709661468863,0.109234444797,0.498698115349,0.303526222706
292,1413393937.01,25,16786,0.0002047795745,0.000138221686623,0.000563863335968,0.00250819832247,0.00215403600821,0.010153530705,0.000444929299312,0.000596050189686,0.00286585697957,11.7207683779,38.0293934567,0.941226482391,25,25,-0.00140008691233,0.0246987920254,0.0787872374058,0.00726446835324,0.14019061625,0.0743128880858,0.134909406304,0.387349873781,0.320846527815
293,1413393937.11,25,16792,0.000212472337064,0.000140967301172,0.000609724116568,0.00259657597849,0.00217450693826,0.0103533506212,0.000461301362332,0.000613051740365,0.00298934368394,12.2785782817,38.2079122072,0.953466415405,25,25,-0.0013953151647,0.0247034337372,0.0787962302566,0.00571732409298,0.146595284343,0.0772987604141,0.150236040354,0.255306482315,0.348902910948
294,1413393937.26,25,16938,0.000216270723895,0.000143092090922,0.00062908435957,0.00264333389411,0.00218080507086,0.0104008092423,0.000470334013238,0.000596326204429,0.00290347012622,12.450097475,37.7871080564,0.934411287308,25,25,-0.00139354669955,0.0247065816075,0.0788035467267,0.00613632705063,0.151599258184,0.0796548202634,0.189449548721,0.0410881079733,0.39416667819
295,1413393937.66,25,17485,0.000206550798403,0.00012079294091,0.000544724620677,0.0024778431799,0.00140331147173,0.00570300302811,0.000404261100731,0.000325984998519,0.00128210791766,13.1078018076,36.5883114916,0.916676104069,25,25,-0.00139311410021,0.0246989335865,0.078788228333,-0.00413304427639,0.156821414828,0.0747277587652,0.288486093283,-0.280878484249,-0.0365715101361
296,1413393938.16,25,17530,0.000215347169958,0.000122049010171,0.000556589698797,0.00253654248669,0.00127998783224,0.0056511713105,0.000436990181462,0.000315954388669,0.0012680033129,12.9530119164,37.6243503184,0.929194450378,25,25,-0.00137310835999,0.0247103758156,0.0787876620889,-0.0119000254199,0.171018972993,0.0708072260022,0.0834001526237,-0.181358888745,0.156992733479
297,1413393938.46,25,17623,0.000204595400317,0.000118872717811,0.000547925341993,0.00253368370746,0.00128917425619,0.00569214860715,0.000444931250048,0.000334064270003,0.00126141637252,12.5148177644,36.6498730857,0.929311692715,25,25,-0.00136256555561,0.0246910247952,0.078774176538,-0.0144784124568,0.175478219986,0.0667938813567,-0.0747612714767,-0.592544674873,0.191631376743
298,1413393938.71,25,17849,0.000216180795435,0.00012774885472,0.000534513490068,0.00264029452919,0.00160072237034,0.00749727756143,0.000465416802665,0.000425757932491,0.00194837308121,12.4774905579,34.5105888968,0.920704305172,25,25,-0.00136131653562,0.0247064325958,0.0787835121155,-0.0148281883448,0.176101014018,0.0678265616298,0.0137779703364,-0.718550384045,0.00300556560978
299,1413393939.11,25,18027,0.00021980284766,0.000104767877842,0.00051067028835,0.00270207915285,0.00182750276832,0.00933193132881,0.00051526901704,0.000624658061879,0.00317273153889,13.0343672048,31.5390578323,0.894046723843,25,25,-0.00137913017534,0.0247023776174,0.0787843689322,-0.0206864345819,0.168345361948,0.0703722909093,0.286466896534,-0.725343763828,0.0818393677473
300,1413393939.31,25,17936,0.000222593210956,0.000163163195184,0.000863291157502,0.00251402383985,0.00142188196662,0.00577182268941,0.00046057112653,0.000453541692815,0.00195735073612,11.9697055214,29.4397291435,0.914391875267,25,25,-0.00137002440169,0.0247114244848,0.0787867084146,-0.0315120518208,0.162433564663,0.0677556544542,0.507876574993,-0.732556581497,-0.0225093197078
301,1413393939.41,25,17625,0.000202572903421,0.00011371368623,0.000468348494517,0.00238539692094,0.00133143440668,0.00577160857283,0.000404793835482,0.000326331806764,0.00119393930514,11.8045011463,29.0637298389,0.924985408783,25,25,-0.00136287859641,0.0247089117765,0.0787873119116,-0.0312475152314,0.156772062182,0.0647975131869,0.55075019598,-0.719855248928,-0.111243754625
302,1413393939.56,25,17490,0.000202832332056,0.00012431649172,0.000527977086069,0.00241394453866,0.00128537136005,0.00579295220774,0.000406108600733,0.000325151843386,0.00115822706536,11.7914143809,29.1385847536,0.90775758028,25,25,-0.00136146938894,0.0247066915035,0.0787873342633,-0.0267844386399,0.155510753393,0.0641996338964,0.385098397732,-0.647221207619,-0.222843632102
303,1413393939.66,25,17593,0.000194331203104,0.000113381383236,0.000431131541354,0.00236635797547,0.00120947237165,0.00582152642072,0.000386389028078,0.0002986619867,0.00111574361004,11.91152286,29.4710871767,0.92392885685,25,25,-0.00135043170303,0.0247187428176,0.0787791088223,-0.0244590938091,0.159808084369,0.0641586109996,0.14417719841,-0.53505808115,-0.262748003006
304,1413393939.76,25,17383,0.000194176131597,0.000113480129047,0.000433603602497,0.00234584759914,0.00120254187935,0.00581623724091,0.000386267033028,0.00029154601285,0.00111865381193,11.7367123231,29.7058538347,0.919939100742,25,25,-0.00134468008764,0.0247168056667,0.0787856355309,-0.0221583545208,0.163453504443,0.0598479956388,-0.195798665285,-0.390571027994,-0.239478141069
305,1413393939.86,25,17096,0.000207791461043,0.000173202950199,0.000859682425582,0.00262381195876,0.00208871137648,0.0109610659923,0.000414948070525,0.00042554700787,0.00195591839967,11.7109674679,33.4563824663,0.921774983406,25,25,-0.00135054148268,0.0247216112912,0.078774496913,-0.02161860466,0.166446387768,0.0567720159888,-0.52679246664,-0.285585582256,-0.148731008172
306,1413393939.96,25,16936,0.000184790927832,0.000132594579966,0.000467790003917,0.00230805442293,0.00138237294549,0.00593912553725,0.000349445301832,0.000291458045046,0.00091104323131,11.0511119731,31.4208198447,0.928013265133,25,25,-0.00135693326592,0.0247277263552,0.078795671463,-0.02084229514,0.169845059514,0.0559910647571,-0.638536155224,-0.241503402591,-0.0823034495115
307,1413393940.11,25,16989,0.000190876672378,0.000133495027505,0.000485299454802,0.0023454999575,0.00136133857252,0.00593764392393,0.000357905313375,0.000287179178569,0.000911194466455,11.3448283461,31.4100789228,0.909871339798,25,25,-0.00134847080335,0.0247103758156,0.0788044929504,-0.0216726455837,0.174319714308,0.0622092299163,-0.445189535618,-0.235720902681,-0.0776352137327
308,1413393940.21,25,17008,0.000194270121101,0.00012614360204,0.000484382942541,0.00234402128721,0.00133982832912,0.00594757107767,0.000360810364587,0.000282968852053,0.000912756513304,11.3440077723,31.4288988511,0.916763424873,25,25,-0.00134221487679,0.0247037950903,0.0788126811385,-0.0267861448228,0.176590397954,0.063158608973,-0.116132870317,-0.234235346317,-0.0839171260595
309,1413393940.41,25,16638,0.000178483265088,0.000107777778929,0.000427735621413,0.00229564503109,0.00128613910262,0.00591195900303,0.000344806870279,0.000271539680175,0.00091122389057,11.3279741478,30.8070482453,0.921533107758,25,25,-0.00134501373395,0.0246967971325,0.0788287520409,-0.0309526901692,0.174544870853,0.0648659840226,0.507106184959,-0.159909591079,-0.106293976307
310,1413393940.51,25,16489,0.000183032516383,0.000107111769274,0.000431943604422,0.00233618337303,0.00125657185666,0.00591019133263,0.000352711411962,0.000265295300439,0.000911182153279,11.4740955379,30.8071447752,0.91911315918,25,25,-0.00136240886059,0.0246906522661,0.0788397789001,-0.0348662212491,0.177439138293,0.0639300197363,0.643678426743,-0.119543895125,-0.143151625991
311,1413393940.61,25,16508,0.000185334523155,0.000107107128968,0.000430802186141,0.00243588535162,0.00127439453089,0.00592183557819,0.000372637469176,0.000273228133124,0.000912829291059,11.7475544681,30.9593121575,0.910874426365,25,25,-0.00136154983193,0.0246909745038,0.0788357108831,-0.0385753698647,0.179885178804,0.0620012655854,0.577727437019,-0.0459638647735,-0.0585211254656
312,1413393940.71,25,16326,0.00018558264977,0.000107362319348,0.000419720507563,0.00248299615346,0.00129235543494,0.00592193198804,0.00038669334485,0.000277663480936,0.000912777476144,11.9374714127,30.8828942011,0.927854776382,25,25,-0.00136900239158,0.0247137844563,0.0788253620267,-0.0440186224878,0.180971503258,0.0596381351352,0.339236587286,0.0978688821197,0.037617649883
313,1413393940.81,25,16008,0.000203240077457,0.000121977008032,0.000526452310054,0.00256983294236,0.00129347631426,0.00595344916548,0.000425176251532,0.000288808372249,0.000993148982779,11.7622486435,31.4607482312,0.920574426651,25,25,-0.00137477915268,0.0247143283486,0.0788358822465,-0.0472690239549,0.180352196097,0.0591933764517,0.031934145838,0.30744946003,0.160776466131
314,1413393941.01,25,16005,0.000185085590275,0.000107273287371,0.000408888943426,0.0025526787805,0.00129428659199,0.00591475702239,0.000407617208088,0.00028422747985,0.000912093436451,11.8442649641,30.8182391964,0.936145603657,25,25,-0.0013759972062,0.0247107017785,0.0788074582815,-0.0488657094538,0.17763531208,0.0577434711158,-0.315457552671,0.649579823017,0.317384541035
315,1413393941.21,25,16126,0.000193486747504,0.000101726559726,0.000411461530788,0.00259824307709,0.00122481940543,0.00591759588433,0.000415626435755,0.000274594905261,0.00091232036405,12.1465777368,30.8462659759,0.922277927399,25,25,-0.00138186197728,0.0247103534639,0.0788119584322,-0.0552975647151,0.177823752165,0.0579584427178,-0.107221975923,0.703967988491,0.316821098328
316,1413393941.46,25,15944,0.000210183412768,0.000111084294189,0.000407594748007,0.00275294767442,0.00118618534553,0.00591413668887,0.00044867421307,0.000273023476527,0.000989897715795,13.7082223228,30.6554661744,0.897313892841,25,25,-0.00139936804771,0.0246983300894,0.0788237601519,-0.0533622391522,0.171937137842,0.061995819211,0.354174345732,0.679949462414,0.176890298724
317,1413393941.61,25,15840,0.000227567498119,0.000121575164469,0.000548322206673,0.00288400473896,0.00128713932917,0.00591173352911,0.000461940527953,0.000294693827679,0.00121573344678,15.2031455301,31.139339205,0.913816392422,25,25,-0.00140346854459,0.0247182268649,0.0788083150983,-0.0389635935426,0.169388204813,0.0615411065519,0.3145160079,0.714654803276,0.204426705837
318,1413393941.71,25,15687,0.00021946864708,0.000129005892405,0.000546174086813,0.00288451965274,0.00140817981001,0.00583174750647,0.000488320443575,0.000342472020194,0.00129626283622,14.4910608247,30.5398944499,0.913530886173,25,25,-0.00141106534284,0.0246996004134,0.0788053944707,-0.0241088252515,0.166492015123,0.0619165487587,0.148376882076,0.767738759518,0.187918007374
319,1413393941.81,25,15501,0.000201106238964,0.000124090205547,0.000549507483392,0.00279962035488,0.00192791729,0.00907785909294,0.000484250333081,0.000416416717617,0.00173379413553,13.0863025214,30.1445140978,0.930354177952,25,25,-0.00141208723653,0.0246892180294,0.0788033306599,-0.0246206689626,0.162430971861,0.0624508969486,-0.080267496407,0.817214608192,0.110454395413
320,1413393941.91,25,15483,0.000203020380497,0.000124187169833,0.000551038373662,0.00288325114435,0.0019464639444,0.00905825842474,0.000505085437905,0.000425035382089,0.00182929093366,13.6219504224,30.3836603669,0.910401344299,25,25,-0.00141055881977,0.0246863700449,0.0787861123681,-0.0228732917458,0.161442905664,0.0633377432823,-0.351950675249,0.859031319618,0.119356192648
321,1413393942.01,25,15335,0.000206254447953,0.00012611672376,0.000550084040671,0.00292766976562,0.00196764498214,0.00904477748234,0.000517968938742,0.00042081562827,0.00174186253942,13.7447725844,31.2302620126,0.92575109005,25,25,-0.00141212332528,0.0246890503913,0.0787832960486,-0.0181736666709,0.162699818611,0.0643077343702,-0.525083184242,0.883220732212,0.143319949508
322,1413393942.11,25,15377,0.000210261442212,0.000130901743024,0.000569241325738,0.00295097481868,0.00202929389947,0.00908874537465,0.000534953980246,0.000439425316867,0.00170893506337,14.0427824222,32.4309728703,0.921518445015,25,25,-0.00142388581298,0.0246947780252,0.0787776336074,-0.0167478341609,0.160812556744,0.0628234893084,-0.54210704565,0.875572621822,0.176456138492
323,1413393942.26,25,15659,0.000215084841346,0.000143457834173,0.000613871770666,0.00274129569496,0.00162012762864,0.00644079326324,0.000473088220649,0.000382160079575,0.00133504818177,13.9494209104,38.8162595744,0.906469106674,25,25,-0.00143109913915,0.0246971473098,0.0788036733866,-0.0152655933052,0.158411979675,0.0643241330981,-0.324205070734,0.798882842064,0.145681604743
324,1413393942.41,25,15560,0.00022372817994,0.000140221747963,0.000606934983398,0.00288804870169,0.00159992756799,0.00675943780328,0.00048826818701,0.000377467361272,0.00141965266438,14.8775399276,40.5953154661,0.924858272076,25,25,-0.00145638373215,0.0246764291078,0.0787981376052,-0.00518531259149,0.156835645437,0.0654852241278,0.042022805661,0.676892459393,0.171299159527
325,1413393942.56,25,15646,0.000228038866886,0.000133644342374,0.000591870133079,0.00292363116877,0.00167361542072,0.00691346237276,0.000507778771474,0.000381035131338,0.00145692831058,15.1446106979,42.0758293525,0.898687362671,25,25,-0.00145324191544,0.0246563591063,0.0788065046072,0.00453329831362,0.153428152204,0.0671845525503,0.319621503353,0.555965065956,0.120671078563
326,1413393942.71,25,15483,0.000236963755842,0.000133677324462,0.000572295149411,0.00310776521444,0.00170534252715,0.00726364710056,0.000574213344861,0.000432305769151,0.00154802598225,16.0453050713,45.839035629,0.911850452423,25,25,-0.0014581985306,0.024678889662,0.0788146033883,0.00751669285819,0.150431856513,0.0723493248224,0.361843973398,0.48968744278,0.0289941132069
327,1413393942.86,25,15250,0.000240713354878,0.000123037261244,0.000551289424045,0.00324656280417,0.00165116552519,0.00768982446577,0.000583475945415,0.000401248825611,0.00159431694336,16.7961665006,49.2975053148,0.910769164562,25,25,-0.00147296197247,0.0247006267309,0.0788250416517,0.0163471195847,0.155955657363,0.0708630979061,0.152139052749,0.479500234127,-0.0953567177057
328,1413393943.11,25,15093,0.000240644601852,0.000131911976517,0.000562558074475,0.00333298787278,0.00181772912269,0.00769604122224,0.000628671520656,0.000456853747479,0.00159716719833,16.9554825706,51.2082577148,0.898153960705,25,25,-0.00147385452874,0.0246847327799,0.0788246244192,0.0316098332405,0.155581563711,0.0740781351924,-0.379820436239,0.504360318184,-0.100449115038
329,1413393943.36,25,15198,0.000247200451178,0.000123673632241,0.000566193228705,0.00345455322053,0.0019008054662,0.007542680029,0.000628507395041,0.00044805454878,0.00157885623162,18.3130846695,48.830820147,0.901370644569,25,25,-0.00147021387238,0.024681834504,0.0788231790066,0.0289010629058,0.159209355712,0.0638866424561,-0.288801789284,0.38074144721,-0.0621298737824
330,1413393943.51,25,15256,0.000245657184022,0.000123393933391,0.000571605439323,0.00327825352453,0.00187470915716,0.00743863249902,0.000607083966632,0.000426451134628,0.00156317448207,17.0798190538,47.4983504755,0.921194672585,25,25,-0.00144164997619,0.0246737487614,0.0788511484861,0.0150640616193,0.160870820284,0.05937872082,0.000367960543372,0.278508394957,-0.113421618938
331,1413393943.66,25,15366,0.000246446561482,0.000151309372163,0.000591888049056,0.0032731367841,0.00200081467455,0.0072858605643,0.000600810500229,0.000450840340374,0.00155434754728,16.58123782,45.5853034522,0.927253425121,25,25,-0.00145365996286,0.0246591400355,0.0788763388991,0.0183740686625,0.157273799181,0.0602835901082,0.249202117324,0.177933976054,-0.14073728025
332,1413393943.81,25,14962,0.000253983054891,0.00015225439038,0.000653046620887,0.00336085988118,0.00205366785385,0.00733984680211,0.000628148552542,0.000457224764036,0.0016339578086,17.1847336726,46.0633211527,0.906700253487,25,25,-0.00143887265585,0.0246674772352,0.0788363665342,0.0106861880049,0.162021785975,0.061072807759,0.213669478893,0.122576847672,-0.0775218382478
333,1413393943.96,25,14626,0.000238176313554,0.000140951673308,0.000570205624565,0.00314309186391,0.00213839267094,0.00733722894759,0.000597720286206,0.000460382960094,0.00160411375058,16.089069972,47.0050373815,0.922852873802,25,25,-0.00144901475869,0.0246813222766,0.0788489580154,0.00682650972158,0.157975122333,0.0632541701198,-0.0980323776603,0.154488325119,0.0875044465065
334,1413393944.11,25,14480,0.000235945589536,0.00014314602797,0.000578910335368,0.00315699868792,0.00211730818925,0.0072594185407,0.000606467988102,0.000452162437511,0.00156111559274,15.933412318,46.4293892578,0.916079282761,25,25,-0.00144619180355,0.0246790032834,0.0788443759084,0.00675118388608,0.155265986919,0.0633458420634,-0.33045527339,0.176245301962,0.151198297739
335,1413393944.31,25,14328,0.000244811716794,0.000136605501273,0.000563469527405,0.00332158526555,0.00211952129822,0.00737974851338,0.000639157593861,0.000461634007844,0.00176424533358,16.6152188766,45.2229179669,0.902015030384,25,25,-0.00144353159703,0.0246593449265,0.0788369327784,0.00519265327603,0.155486777425,0.0616103596985,-0.281771749258,0.234650790691,0.204055309296
336,1413393944.46,25,14218,0.000240629386469,0.000124063635559,0.00055714218667,0.00317327016329,0.00210230094405,0.00731969750302,0.000606166550707,0.000470174532,0.00177585115271,16.4479178626,44.9483790271,0.911130845547,25,25,-0.00140447553713,0.0246582478285,0.0788916647434,-0.00270427833311,0.147614136338,0.0679641366005,-0.0373462736607,0.221981957555,0.202297538519
337,1413393944.61,25,14327,0.000247396476927,0.000144398100097,0.000564306828421,0.00332261578246,0.00214549059147,0.00728450625599,0.000666457906074,0.000471425134967,0.0017470993936,16.6051128209,44.3465263717,0.895418584347,25,25,-0.00141077546868,0.0246404465288,0.0789142325521,-0.00480152387172,0.141555353999,0.0670344755054,0.215691804886,0.163864403963,0.108491003513
338,1413393944.81,25,14137,0.000250687149686,0.000133949734132,0.000554659761032,0.00321808471411,0.00210968005436,0.00728715176341,0.000633692837837,0.000471262982622,0.00168879557542,16.7784772795,44.2373686884,0.912835121155,25,25,-0.00140939524863,0.024642162025,0.0788890942931,-0.00308971921913,0.149175167084,0.0676242113113,0.222052499652,0.112362369895,0.150715813041
339,1413393944.96,25,14183,0.000259763418076,0.000159716019373,0.000700233354035,0.00332396219557,0.00219825585594,0.00731314925197,0.000703010632385,0.000545811430709,0.0021006730356,16.9662091685,44.111696965,0.901184856892,25,25,-0.00138308305759,0.0246763955802,0.0788812562823,0.000299999635899,0.149568364024,0.0692655071616,0.0019842684269,0.203146621585,0.23265171051
340,1413393945.11,25,14162,0.000252296190962,0.000153536137796,0.000686794633261,0.0032963513427,0.00210011656887,0.00734714100459,0.000671999071223,0.000507523598929,0.00165383605404,16.9172237704,45.1350697062,0.900236308575,25,25,-0.00138845562469,0.0246737450361,0.0788631141186,0.00324207940139,0.150453820825,0.0683267712593,-0.242225021124,0.338035017252,0.321908414364
341,1413393945.26,25,14079,0.000254809501451,0.000182971033537,0.000851079708092,0.00337388012842,0.00258640839336,0.0102824155774,0.000833210512269,0.0010667507638,0.00550961761583,16.7608421294,45.2611425475,0.91416311264,25,25,-0.00137955683749,0.0246602799743,0.078867636621,0.00702261412516,0.155796125531,0.0727211534977,-0.238731369376,0.293511986732,0.1598059237
342,1413393945.36,25,14104,0.000251922651729,0.000179303955012,0.000869175333413,0.0032862139284,0.00246361251964,0.00875824998507,0.000747819293461,0.000889505345651,0.00441305652466,16.5494320417,44.9567294881,0.928220808506,25,25,-0.00140529708005,0.0246594976634,0.0789042785764,0.00709033524618,0.151431158185,0.0739364102483,-0.12219645828,0.20159047842,-0.0240826830268
343,1413393945.71,25,14528,0.000265681291549,0.000198166823867,0.000955940461884,0.00343089395568,0.00250465054555,0.00967206905451,0.00087484865108,0.00138225238704,0.00725116114856,16.3605097336,44.4136647305,0.88465076685,25,25,-0.00143372511957,0.0246547888964,0.0789119005203,0.00673368526623,0.15196031332,0.0737637132406,0.248038679361,-0.138920173049,-0.259756177664
344,1413393945.96,25,14470,0.000267386251866,0.000195740960311,0.000915111648239,0.00343985790817,0.00243608100637,0.00930238004874,0.000879126422975,0.0014013487869,0.00738385470932,16.0655690964,44.6153954269,0.90618032217,25,25,-0.00147121597547,0.0246598217636,0.0789036303759,0.00615803198889,0.163364559412,0.0662124305964,0.0755430236459,-0.0141559429467,-0.119582526386
345,1413393946.06,25,14376,0.000252856279935,0.000167246067563,0.000845950422318,0.00326621657937,0.00225135985292,0.00765412342882,0.000766737193287,0.00102029008507,0.00523719638079,15.5540019807,44.604502322,0.923571288586,25,25,-0.00146123929881,0.024665305391,0.0788695514202,-0.00591158401221,0.16206035018,0.0683754980564,-0.0127324033529,0.0638870149851,-0.0257531050593
346,1413393946.16,25,14383,0.000256563493161,0.000187720318905,0.000938337420337,0.00349044637236,0.0029279208196,0.0133536102006,0.000837888074816,0.00143725691733,0.00750112378371,15.5310026206,43.1172668532,0.926883339882,25,25,-0.0014434150653,0.0246397666633,0.0788707435131,-0.0114416936412,0.162663966417,0.0690990239382,-0.039338901639,0.0385041534901,0.00408207252622
347,1413393946.51,25,14931,0.000279249845034,0.000225266303482,0.000942587724356,0.00366966272102,0.00344404726018,0.0165803065434,0.00102998564741,0.00218297320034,0.0114934251949,16.050179186,42.691943528,0.884309351444,25,25,-0.0014316617744,0.0246390104294,0.0788725987077,-0.0157301835716,0.162593275309,0.0747021064162,0.0759533196688,-0.371371895075,-0.107219561934
348,1413393946.61,25,14600,0.000260707512996,0.000178850823142,0.000879353080445,0.00343371728637,0.00328985478946,0.0155615176111,0.000916082389093,0.00179961938138,0.00943183460227,15.5458919261,42.5451472627,0.92349588871,25,25,-0.00147875002585,0.0246385931969,0.0788741633296,-0.0190441142768,0.162719339132,0.0661681368947,0.104603558779,-0.366072356701,-0.0891846045852
349,1413393946.76,25,14924,0.000273123894126,0.000219645484142,0.00104293538436,0.00342631165847,0.00274583275109,0.0120221184447,0.00116771118071,0.00288295631983,0.0151138392195,15.249361733,38.3224423479,0.89699691534,25,25,-0.00149072089698,0.0246195271611,0.0788536146283,-0.0175019335002,0.16328535974,0.0636313557625,0.119598373771,-0.221625208855,-0.00681109260768
350,1413393946.86,25,14644,0.000252839156299,0.000153212096643,0.000575140446724,0.00344000973445,0.00238205866264,0.00989457441041,0.000960185615147,0.0019667966933,0.010333711634,15.9028808245,36.6252725119,0.923716664314,25,25,-0.00152045325376,0.0245966501534,0.0788451656699,-0.0118829468265,0.158992171288,0.0649260953069,0.0912094637752,-0.0513411648571,0.0976581275463
351,1413393946.96,25,14713,0.000257649855053,0.000157314363123,0.000683778694701,0.0036232549278,0.00236334603428,0.0102026796236,0.00100406900133,0.00202886014817,0.010702878233,17.1562796758,42.2678138292,0.92034471035,25,25,-0.00150386244059,0.0245933160186,0.0788293033838,0.000478825619211,0.158368572593,0.0716413185,0.0428439639509,0.0849185734987,0.160922348499
352,1413393947.11,25,14332,0.000260444004911,0.000158418267841,0.000672895241742,0.00363430652089,0.00243232761489,0.0106077929656,0.00102303426254,0.00206046399386,0.0108805023335,16.957486303,40.1536165583,0.934661984444,25,25,-0.00149132392835,0.0245652720332,0.0788345336914,0.00565673504025,0.149631232023,0.0756070464849,-0.0163720920682,0.0932200849056,-0.00445311283693
353,1413393947.31,25,14524,0.000253480504917,0.000159816116592,0.000652087723614,0.0037105998438,0.00242336201863,0.0105747754191,0.00104920822517,0.00206033988253,0.0108945529974,16.7827328623,37.9654078137,0.93098962307,25,25,-0.00149768264964,0.0245549716055,0.0788492485881,0.00588344922289,0.146159127355,0.0741084963083,-0.131639972329,-0.116116024554,-0.310999035835
354,1413393947.56,25,14878,0.000246907426794,0.000152659385698,0.000685790432032,0.00368825189948,0.00203852372092,0.00676937828338,0.000876613337446,0.00115899632371,0.00612426585962,17.1250399256,40.9674365426,0.903791606426,25,25,-0.00147174939048,0.0245660673827,0.0788665637374,0.0121263805777,0.144610568881,0.0805598199368,-0.221847087145,-0.362463533878,-0.484565705061
355,1413393947.71,25,15615,0.000255816257291,0.000151415265046,0.000710965740625,0.00373831339171,0.00201077203015,0.00680866612636,0.00089647177388,0.00116101992438,0.00618228128654,17.5890423332,42.8894827949,0.911642074585,25,25,-0.00140040274709,0.0245529189706,0.0788800790906,0.0150694167241,0.135948941112,0.0849529951811,-0.1167377159,-0.493987351656,-0.433569073677
356,1413393947.81,25,15260,0.000281886982163,0.00020687209439,0.000966602136688,0.00376439730607,0.00248207916759,0.0110015738394,0.000769010880994,0.000660785955278,0.00320883693024,17.8372964731,44.2750278138,0.920835256577,25,25,-0.00138894747943,0.0245213657618,0.0788461789489,0.0178462583572,0.135882779956,0.0841577798128,0.0212267301977,-0.53382140398,-0.340338677168
357,1413393947.96,25,15535,0.000291559004889,0.000233028928136,0.00114094852753,0.00386766581335,0.00247369846695,0.0110320560898,0.000769958992248,0.000567136168412,0.00257325596298,18.2469998676,46.9929365441,0.888590574265,25,25,-0.00139916792978,0.0245237965137,0.0788148790598,0.0184541195631,0.137917011976,0.0815971046686,0.19487953186,-0.45593059063,-0.186397448182
358,1413393948.21,25,16236,0.000257263981651,0.000160572601033,0.000725458583742,0.00358968788847,0.00214101722337,0.00757506685254,0.000751761088939,0.000601617403068,0.00278035989321,17.7060142054,46.8923753909,0.910726487637,25,25,-0.00142500048969,0.0245314333588,0.0788253992796,0.0148996319622,0.143412530422,0.0719069465995,0.134454846382,-0.171347767115,-0.0956619530916
359,1413393948.71,25,16327,0.000285945418426,0.000149744558448,0.000758749305794,0.00377267697193,0.00198741898115,0.00767950124189,0.000807765528678,0.000604704367167,0.00298759425821,19.2490218325,51.1342692193,0.903287172318,25,25,-0.00141208898276,0.0245312713087,0.078820489347,0.00568995019421,0.139572232962,0.059914380312,-0.44193136692,-0.196568921208,-0.0949115157127
360,1413393949.21,25,17128,0.000282341915278,0.000147960837769,0.000750316443244,0.00356163042978,0.00197244119091,0.00901814772458,0.000727074074159,0.000460854862769,0.00209429757762,17.4356349911,49.4248906298,0.915692448616,25,25,-0.00141992210411,0.0245520025492,0.0787739530206,0.00535398721695,0.137943744659,0.0665450543165,-0.140618443489,-0.0397221818566,0.167648926377
361,1413393949.71,25,17332,0.000302009633919,0.000184273521907,0.000846700516591,0.00344384435403,0.00236335868733,0.0118158952733,0.000774330934433,0.000782622434152,0.00415996482098,17.0297465447,52.8058489162,0.853469252586,25,25,-0.00141432776581,0.0245214253664,0.078741364181,0.00188489886932,0.142028078437,0.06429874897,-0.677238583565,-0.100171864033,0.0457679890096
362,1413393950.01,25,17933,0.000300231327224,0.000168620527586,0.000801079072049,0.00323564521934,0.00197237504984,0.00829681556421,0.000668294495092,0.000468151011445,0.00201304944808,16.1403431216,55.5503281806,0.495454847813,25,25,-0.00138859148137,0.0245755873621,0.0787726715207,-0.00204865727574,0.146322906017,0.0566492937505,-0.632453858852,-0.70737940073,0.175987675786
363,1413393950.26,25,18946,0.000291503860938,0.0001653873372,0.000804238971359,0.00298890047727,0.00171766763402,0.00625929011427,0.000597008848882,0.000383753827652,0.00153285886364,15.6745287,55.8529561941,0.88959133625,25,25,-0.00140642735641,0.0245875529945,0.0787624940276,-0.00936087593436,0.14948104322,0.0535672642291,-0.464242041111,-1.11768960953,0.252198278904
364,1413393950.51,25,19415,0.000278711714225,0.000158177868009,0.000804772437025,0.00294913535248,0.00185743222674,0.00717678939682,0.000615885154031,0.000470513749925,0.00200086160156,15.0126372157,55.9718642906,0.887820720673,25,25,-0.0013996596681,0.0246235523373,0.0787632465363,0.000696094648447,0.151492893696,0.0542693212628,-0.125874191523,-1.06206870079,0.0799802392721
365,1413393950.71,25,19494,0.000271478283586,0.000170738905813,0.000798397925298,0.00283569130082,0.0020595319489,0.00961668405937,0.000571862913163,0.000466272973881,0.00206291690146,13.3810316969,55.1236196431,0.898800671101,25,25,-0.00142313737888,0.0246146395802,0.0787521451712,0.00256320112385,0.153754919767,0.048932120204,0.0957289114594,-1.02408874035,-0.0866498351097
366,1413393950.91,25,19818,0.000258487227543,0.000165651550856,0.000796889058534,0.00273142928725,0.00216757762362,0.0104642352093,0.000537174685682,0.000476346166949,0.00216577446624,12.8189065298,54.8511681078,0.895055532455,25,25,-0.00143401732203,0.0246326811612,0.0787571668625,0.00582149531692,0.154339849949,0.0478674173355,0.126235231757,-0.970949172974,-0.334779471159
367,1413393951.11,25,20375,0.000260488982589,0.000201363596506,0.000812919098665,0.00244025239949,0.00155388827048,0.00621575081046,0.000519081152069,0.000471339905855,0.00207087192002,12.2650274053,56.0049896985,0.928805470467,25,25,-0.00146899186075,0.024662123993,0.0787637010217,0.00997045822442,0.157445326447,0.0471138358116,0.172141298652,-0.805588781834,-0.31654754281
368,1413393951.56,25,20430,0.000268485422314,0.000200941340886,0.00081261151561,0.00253206479586,0.00144315761437,0.00622294321153,0.000540832019598,0.000447721353118,0.00207081211169,12.6649312767,56.100018452,0.914500355721,25,25,-0.00147542858031,0.0246534217149,0.0787722915411,0.00783615931869,0.151503384113,0.0406091697514,0.306730508804,-0.542656540871,-0.26121532917
369,1413393952.06,25,20814,0.000255664238643,0.000165354681163,0.000800492321859,0.00286866690728,0.00146855175271,0.00622124744954,0.000580662334092,0.000381886835905,0.00151536489179,13.5660571968,55.3082508295,0.914800465107,25,25,-0.00149935949594,0.0246461965144,0.0787805989385,-0.00293132150546,0.148650318384,0.0442507117987,0.507177352905,-0.274319529533,-0.277048587799
370,1413393952.41,25,20967,0.000258543725668,0.000159282909091,0.000787625925937,0.00302671053886,0.00158341208568,0.00654629824385,0.00059868416033,0.000401891578371,0.00165118207941,15.0606212818,53.7650464676,0.925646960735,25,25,-0.00149411847815,0.0246348660439,0.0788042992353,-0.0188625752926,0.146854817867,0.0477051027119,0.513617396355,-0.114205025136,0.0854425132275
371,1413393952.76,25,20854,0.000254386574764,0.000157252443013,0.000769185914074,0.00322181420261,0.00165778541406,0.00671570568969,0.000609124449629,0.000389822719214,0.00153287509812,15.9858722405,51.4659917358,0.911492049694,25,25,-0.00152610254008,0.0246327258646,0.0788261592388,-0.0337982177734,0.137534320354,0.0492542907596,0.517589151859,0.0120220854878,0.0927122011781
372,1413393953.06,25,20687,0.000241888277546,0.000151076537596,0.000747583973529,0.00318266485532,0.0016934049635,0.00616081161242,0.000610990315119,0.000382852009405,0.00137316194675,15.4935031493,49.0216701916,0.927574336529,25,25,-0.00152894831263,0.0246421173215,0.0788334831595,-0.0505736358464,0.137432143092,0.0572443976998,0.515403032303,0.0313668958843,0.120566308498
373,1413393953.46,25,20344,0.000291329230332,0.000154023467511,0.000743677867366,0.00370228519313,0.00186679950381,0.00905538030242,0.000721997334398,0.000452386673493,0.00204626629264,20.9706040719,51.5427675462,0.89492726326,25,25,-0.00152876018547,0.0246441625059,0.0788362026215,-0.0477763786912,0.143892720342,0.0613926537335,0.564647674561,-0.216920569539,0.034365337342
374,1413393953.61,25,19973,0.000289901841342,0.000165782336332,0.000740950243495,0.00397074713357,0.0023365592195,0.0100105087188,0.000763278492136,0.000557778308989,0.00226385167893,23.4502078414,60.5723728966,0.914173662663,25,25,-0.0015391005436,0.024590337649,0.0788341164589,-0.0288640633225,0.150688916445,0.0694397091866,0.497283279896,-0.338560909033,0.212503582239
375,1413393953.76,25,19383,0.000312905949115,0.000228880270528,0.00114833274144,0.0041136350365,0.00291566286971,0.0112141784693,0.000884015527893,0.00104891013804,0.00518069993756,24.5897498233,69.5148881941,0.919341981411,25,25,-0.00153072364628,0.024573309347,0.0788434818387,-0.0162486378103,0.150428280234,0.0747998356819,0.408813208342,-0.337271660566,0.162568151951
376,1413393954.16,25,19452,0.000273888509502,0.000153083957419,0.000671721772008,0.00419334204556,0.00302174491285,0.0113896676473,0.000806086665525,0.000714545706837,0.00264929898776,25.4483019841,80.5234023371,0.897402346134,25,25,-0.00152119016275,0.0245623681694,0.078852981329,-0.00105608697049,0.154749214649,0.0800986364484,0.139418318868,-0.171500474215,-0.0501710027456
377,1413393954.46,25,19318,0.000283245904363,0.000148374102005,0.00065271449837,0.00425088977337,0.00306402084031,0.0114689404494,0.000836832664742,0.000709560333088,0.00264566577196,25.6378551499,80.4990847793,0.92453289032,25,25,-0.00155566621106,0.0245353151113,0.0788734257221,0.00929465144873,0.151897847652,0.0766271799803,0.337041854858,-0.0259487219155,0.0757537633181
378,1413393954.81,25,19570,0.00030137390342,0.000209409623948,0.00101090849405,0.00408078769315,0.00278030089539,0.0113879239433,0.00079084706825,0.000599946259719,0.00256651013674,25.4787268339,80.1350637338,0.911240696907,25,25,-0.00157128029969,0.0245657730848,0.0788434743881,0.00916990730911,0.149125739932,0.0749851167202,0.743773698807,0.160561457276,0.118317320943
379,1413393955.01,25,19763,0.000272038349052,0.000158459789023,0.000632775136555,0.00427099820209,0.00333274668528,0.0119525729683,0.000865362090043,0.000882492160738,0.00394750044846,25.931767469,79.8777549563,0.904212653637,25,25,-0.00158811488654,0.0245907027274,0.0788355395198,0.00569966481999,0.146032989025,0.0649946853518,0.988691806793,0.314140737057,0.165592640638
380,1413393955.16,25,19198,0.000266725407089,0.000173647659033,0.000634232586646,0.00395329843322,0.00307835545973,0.0114294023955,0.000757982804685,0.000671193268376,0.00257282435422,24.8523202433,79.7318129325,0.906181097031,25,25,-0.00160507450346,0.0246002338827,0.0788193866611,0.00240775733255,0.150211706758,0.0640234425664,1.07624149323,0.427801549435,0.142905279994
381,1413393955.31,25,19254,0.00026138188893,0.000172854727799,0.000629945016196,0.0038499186366,0.00312147694258,0.0114263104508,0.0007732797788,0.000723637193271,0.00257388064505,24.4726464735,80.2014776662,0.913688361645,25,25,-0.00162025820464,0.0245946869254,0.078834682703,0.00290320720524,0.150929480791,0.0645316019654,1.08945858479,0.49523499608,0.136339232326
382,1413393955.46,25,19530,0.000327301771542,0.000270687574442,0.00133120684826,0.00401245631499,0.00292460812208,0.0114574240382,0.000870984065597,0.000779293459485,0.00291315018235,25.3872399538,80.5028624724,0.849706530571,25,25,-0.00161345198285,0.0245918147266,0.0788331180811,0.00304927653633,0.152583494782,0.0631589889526,1.0795853138,0.533945322037,0.18431648612
383,1413393955.61,25,19937,0.000280906000642,0.000171722050881,0.000640244887735,0.00404450724847,0.00324133343161,0.0114688093725,0.000860102424725,0.000842756523852,0.00334747569856,25.0549905622,81.4817028332,0.914796948433,25,25,-0.00160421140026,0.0246063433588,0.0788665041327,0.00515251699835,0.146812736988,0.0618940331042,1.00896120071,0.515062391758,0.112038820982
384,1413393955.81,25,19164,0.000323561476968,0.000290780872724,0.00134390317546,0.00427745247519,0.00295982147759,0.0115065513398,0.00100975381349,0.00126783585248,0.00626915522209,25.108477825,81.1383244511,0.862942516804,25,25,-0.00159294996411,0.0245956126601,0.0788569673896,0.0118954256177,0.144123181701,0.058522388339,0.821991026402,0.465218275785,-0.11502636224
385,1413393956.16,25,19063,0.000279213450683,0.000188497356479,0.000720803788951,0.00411199173377,0.003114127149,0.0114544152687,0.000941949701669,0.00107861959052,0.00473317302843,24.4834518073,81.1217455963,0.904415130615,25,25,-0.00158450962044,0.0245939195156,0.0788482949138,0.0155976358801,0.145469307899,0.0531294047832,0.44249433279,0.690988481045,-0.072176836431
386,1413393956.36,25,18814,0.00028799654116,0.000239648398549,0.00113650696887,0.00442247372603,0.00384764481181,0.0140117033376,0.000910294359055,0.00108674063677,0.00483241632898,24.5600680436,80.9738858617,0.910833775997,25,25,-0.00155660242308,0.0246084816754,0.0788471028209,0.00551240332425,0.146262586117,0.0463905707002,0.418500989676,0.747247934341,0.0298359598964
387,1413393956.56,25,18374,0.000357472941068,0.000387777075875,0.0016594743107,0.00461270915799,0.0049552530609,0.0241724087488,0.00146476890676,0.00356016776977,0.0185505489283,25.3084011736,80.7017239083,0.889319121838,25,25,-0.00157466018572,0.0246135201305,0.0788376256824,0.00533431116492,0.147699266672,0.0439257957041,0.327938228846,0.696472883224,-0.0165711026639
388,1413393956.76,25,18573,0.000297864954239,0.000287772377391,0.0014286762973,0.00467351328664,0.00436839317897,0.0189683229274,0.00121186942992,0.00225597322054,0.0115032089231,24.5741712409,80.3934470921,0.94154548645,25,25,-0.00159671669826,0.0246243402362,0.0788128525019,0.00586529448628,0.147204488516,0.0500656925142,0.253714323044,0.642540454865,-0.0471613518894
389,1413393956.96,25,17702,0.000410162344242,0.000517874760128,0.00233179110795,0.00562406792674,0.00538806591894,0.024774445744,0.00188067559594,0.00395005625094,0.0199329307783,27.6149601936,79.6692148672,0.919324636459,25,25,-0.00158557062969,0.0246349237859,0.0788237899542,0.0057380432263,0.145353034139,0.0649678111076,0.249896705151,0.635183572769,-0.00282754097134
390,1413393957.16,25,17045,0.000325163115195,0.000393905465247,0.00208231847783,0.00540319716111,0.00614307416757,0.0323336602716,0.00111067497488,0.0013988291956,0.00559831247098,25.030722896,79.5796784647,0.918747127056,25,25,-0.00158464140259,0.024629611522,0.0788195431232,-0.0027946010232,0.144745007157,0.0734158083797,0.270312219858,0.677563548088,0.018027426675
391,1413393957.36,25,17012,0.000331691790188,0.000391185729741,0.00207664988861,0.00543722490482,0.00620188332865,0.0325941024872,0.00114580390134,0.00144384015293,0.00565817462948,24.9204238105,79.6743913718,0.916146934032,25,25,-0.00155187351629,0.0245707128197,0.078843228519,-0.0130138136446,0.143597885966,0.079303689301,0.274350941181,0.716020524502,0.0591983236372
392,1413393957.51,25,16491,0.000280707554117,0.000213958985415,0.000998669973714,0.00428456191288,0.00286576831244,0.0113031064974,0.000910973686834,0.00103377252408,0.00498951903553,25.0238997021,79.6091856748,0.916535437107,25,25,-0.00150155345909,0.0245627630502,0.0788290426135,-0.00818930007517,0.144853904843,0.0829538032413,0.260943204165,0.732997059822,-0.00601890031248
393,1413393957.66,25,16852,0.000259467054382,0.000156751303524,0.000591353991946,0.00416814730683,0.00297407288773,0.0109605950277,0.000768687410359,0.000676961049363,0.00243184760061,24.9001425381,76.6010730638,0.918073654175,25,25,-0.00148354412522,0.02455095388,0.0788185894489,-0.00281900097616,0.149323016405,0.0905703529716,0.252615302801,0.693858146667,-0.157353013754
394,1413393957.81,25,16630,0.000259068670376,0.000162448067753,0.000580665940771,0.0041525759923,0.00296978272907,0.0109679551032,0.00078244574543,0.000687172895467,0.00243133143682,24.564657757,76.2078740158,0.924638450146,25,25,-0.00146231905092,0.0245641823858,0.0788079425693,0.00291154393926,0.150422900915,0.0971800237894,0.270118802786,0.611373126507,-0.316129803658
395,1413393957.96,25,16768,0.000245886275304,0.000159458175774,0.000588963345738,0.00385531049211,0.00286089120259,0.010855173563,0.000704396528027,0.000611429405089,0.00240477957099,23.6544023892,75.3019597968,0.924638211727,25,25,-0.00148253084626,0.024570774287,0.0788031443954,0.0059124357067,0.153444573283,0.0964366048574,0.297561645508,0.475999087095,-0.324660122395
396,1413393958.26,25,16753,0.000256660097925,0.000163796696022,0.000574424878121,0.0037988150021,0.00290970835348,0.0108254541013,0.000681055279,0.000613867438061,0.00240944102198,23.0222489157,72.9241088887,0.915819168091,25,25,-0.00149392546155,0.0245636664331,0.0788183882833,0.00566054135561,0.147436976433,0.0951619893312,0.0363508984447,0.264755785465,0.130860686302
397,1413393958.76,25,16542,0.000271666085425,0.000196597027361,0.000808731607195,0.00398142217974,0.00272010805422,0.0108982942184,0.00077407324749,0.000629554911691,0.00243144364334,24.2225763981,71.0238545369,0.76806473732,25,25,-0.00146087014582,0.0245796311647,0.0787994265556,0.00254082656465,0.14506188035,0.1287830621,-0.0976541489363,0.245124921203,-0.169015109539
398,1413393959.01,25,16823,0.000266263392341,0.000152643092321,0.000556999407655,0.00408130064205,0.00264044300094,0.010716841863,0.000742742018726,0.000589452335408,0.00237404317496,25.4479132671,71.0556122634,0.916329324245,25,25,-0.00145019439515,0.0245585311204,0.0787679702044,-0.00154242967255,0.145196303725,0.132610991597,-0.184374183416,0.299002289772,-0.413087725639
399,1413393959.16,25,16911,0.000283241153932,0.000145450520338,0.000561211326736,0.00428937262477,0.0025964308539,0.0107228133144,0.000770863029175,0.000565630808663,0.00237682651782,27.6059183795,71.0899644626,0.887529909611,25,25,-0.00144339748658,0.0245653279126,0.0787700712681,-0.0165516957641,0.144410192966,0.127389967442,-0.150160267949,0.298384517431,-0.420683711767
400,1413393959.31,25,17071,0.000290279167442,0.000176478340097,0.000642441604634,0.00471026123427,0.00263049646183,0.0123583911829,0.000820346304974,0.000629866704693,0.00299474540901,28.1816297984,65.6608966102,0.929487287998,25,25,-0.00141994003206,0.0245707985014,0.0787660703063,-0.0296119526029,0.141285657883,0.120944008231,-0.0557838827372,0.295140057802,-0.36952522397
401,1413393959.46,25,17138,0.000288266195754,0.00021941595809,0.000994126741312,0.0046862000528,0.00414661474986,0.0231974940893,0.000780966392509,0.000872597646465,0.00465461785068,25.1920735503,69.7088939592,0.832293391228,25,25,-0.00142317300197,0.0245989169925,0.0787540078163,-0.0414736941457,0.136820137501,0.11106518656,-0.00895032659173,0.287017285824,-0.285798102617
402,1413393959.66,25,17097,0.000293620102142,0.000217627851815,0.000953539354243,0.0047245061509,0.00416781459465,0.0231513906046,0.000802219973239,0.000852238750504,0.00455647794568,25.5721236665,73.4779090183,0.936202704906,25,25,-0.00142596871592,0.0246170852333,0.0787414833903,-0.0470143966377,0.134618505836,0.0979905426502,0.0298922173679,0.211081847548,-0.131993383169
403,1413393960.16,25,17233,0.000265770265811,0.000181489772171,0.000904758103751,0.0044201516071,0.00265926819429,0.0134025958725,0.000774718529291,0.000629304737807,0.003053933274,26.2229426087,100.904878672,0.873756468296,25,25,-0.00141958415043,0.0246297772974,0.0787442550063,-0.0359978787601,0.141689121723,0.0715687125921,0.158352151513,-0.0931554436684,-0.056336786598
404,1413393960.66,25,17254,0.000279294222109,0.000175953279951,0.000912337151639,0.00455287296088,0.0026723228971,0.0134081966258,0.000823343423896,0.000622496134137,0.00308235122793,27.3423739625,106.814185927,0.922814548016,25,25,-0.00144993816502,0.0246634297073,0.0787580087781,-0.0231887586415,0.134982079268,0.0698082819581,-0.204061955214,0.018751623109,-0.383131116629
405,1413393960.81,25,17180,0.000272935584736,0.000180452999516,0.000928429107714,0.00412733671156,0.00198757948249,0.00849464558248,0.000726824903775,0.000423317187204,0.00180831530012,26.3583552454,112.112476509,0.932426154613,25,25,-0.00144619320054,0.0246355142444,0.0787996575236,-0.0239629466087,0.132736131549,0.0701308250427,-0.219299063087,-0.0197383798659,-0.648975908756
406,1413393960.96,25,17245,0.000271741295029,0.000179843506825,0.000927926954974,0.00409155881457,0.00209962789607,0.00848029963001,0.000736944106463,0.000425257008707,0.00182221613464,25.7180542087,112.167265376,0.92410838604,25,25,-0.00145452085417,0.0246715564281,0.0788025483489,-0.0195140596479,0.132027179003,0.0680702403188,-0.262166917324,-0.00245971162803,-0.5969632864
407,1413393961.26,25,17181,0.000306463308047,0.000195265032455,0.000921646951201,0.00481907450092,0.00285834680085,0.0157691658272,0.000932638866518,0.000894774529234,0.00465477954115,31.225521561,104.928005845,0.836763679981,25,25,-0.00147039780859,0.0246625673026,0.078789152205,-0.0247738957405,0.132659554482,0.059194214642,-0.394430398941,0.118460208178,-0.0904629379511
408,1413393961.41,25,17166,0.000322269163136,0.000199921527361,0.000928896075096,0.00525485916059,0.00326070510647,0.0158704888042,0.00102557535037,0.000947355593229,0.00465567566315,36.7177727726,103.864013488,0.910723984241,25,25,-0.00147430179641,0.0247225593776,0.0788114964962,-0.0593904666603,0.13046091795,0.0555028617382,-0.278650611639,0.131186231971,0.0791712999344
409,1413393961.71,25,17019,0.000335450274201,0.000261192911744,0.00108305226851,0.00575951226199,0.00394878668594,0.0157862933879,0.00110057228864,0.00105242202875,0.00420095858183,43.8159004086,134.959155446,0.741194009781,25,25,-0.0014621000737,0.0246982946992,0.0787826105952,-0.0883037596941,0.128610730171,0.0602285377681,0.187507018447,0.0180539600551,0.549483478069
410,1413393961.91,25,16921,0.000337906109127,0.00026469263472,0.00116994420651,0.00587220745669,0.00435589768947,0.0160141864115,0.0011900063191,0.0011901027776,0.0044820147497,42.7440883993,163.418519139,0.905422031879,25,25,-0.00145026668906,0.0246825348586,0.0788148790598,-0.120460107923,0.138213813305,0.0835184454918,0.234594732523,-0.0754432380199,0.861210823059
411,1413393962.11,25,17202,0.000311400114899,0.000217382824675,0.00101763386394,0.00563673126143,0.0042850638741,0.0175652270215,0.00109076523201,0.0010667119805,0.00428020989527,46.0187076137,173.605798203,0.920685529709,25,25,-0.00146968325134,0.0246540307999,0.0788241252303,-0.117686219513,0.146668434143,0.100106447935,0.179021760821,-0.122011907399,1.16397917271
412,1413393962.26,25,17340,0.00030716687949,0.000219707873959,0.00104572771123,0.00585735934136,0.00437803921966,0.0178872489882,0.00111015107173,0.00110050756318,0.00434767339689,49.1453118049,188.248433589,0.903436839581,25,25,-0.00146831257734,0.024610798806,0.0788168758154,-0.124399341643,0.151269748807,0.120575465262,0.0852162241936,-0.120709687471,1.36890387535
413,1413393962.41,25,17211,0.000327894643472,0.00021998069541,0.00100514551374,0.00609586660561,0.00448629987298,0.0176297117285,0.00117435033091,0.00111811476258,0.00430099060813,52.2514915705,201.569112818,0.914902448654,25,25,-0.00148635101505,0.024605864659,0.0788232907653,-0.118902564049,0.154655516148,0.134147644043,-0.00483301375061,-0.108757711947,1.23627007008
414,1413393962.56,25,16707,0.000344160757142,0.000237439954771,0.00102610488181,0.0063623230069,0.00459084374325,0.0177260628577,0.00122058013252,0.00114544590782,0.0042998150824,56.4740528086,227.471379916,0.923639059067,25,25,-0.00154534133617,0.0245754439384,0.0788006037474,-0.108556911349,0.159870401025,0.138682961464,-0.133361339569,-0.044521741569,0.894898116589
415,1413393962.71,25,16521,0.000344034962314,0.000250159867976,0.00106070140589,0.00649126641155,0.00463172591491,0.0182573798231,0.00125297459118,0.00113734943466,0.00428428850549,58.0401120907,242.580284565,0.915082991123,25,25,-0.00154552841559,0.024573687464,0.0788047462702,-0.0943456068635,0.157382845879,0.145433202386,-0.34768524766,0.0576935037971,0.705621123314
416,1413393962.86,25,16512,0.000342333181238,0.000257672182966,0.00105618491268,0.00659421584033,0.00467415631753,0.0187436957411,0.00129857273361,0.00114905722441,0.00433630307663,58.8496107417,255.143042375,0.915007710457,25,25,-0.00152791885193,0.0245630163699,0.0787892490625,-0.0837921500206,0.158984750509,0.146638303995,-0.574135661125,0.0992737784982,0.584257483482
417,1413393963.01,25,15929,0.000335899951921,0.000270240445597,0.00106696524733,0.00678540869239,0.00484422117814,0.0198909667648,0.00128600312812,0.00118829334973,0.00456961482821,60.4273452964,276.186228684,0.916120409966,25,25,-0.00150442216545,0.0245431158692,0.0787753388286,-0.0778323486447,0.158092752099,0.144419565797,-0.739488840103,0.0160870905966,0.406772047281
418,1413393963.21,25,14957,0.000323099076367,0.000273039181144,0.00106646925215,0.00679380049518,0.00496988585547,0.020474974557,0.00129881728466,0.00121745377981,0.0046777526801,61.7216681212,290.191344732,0.884102880955,25,25,-0.00148902833462,0.0245360471308,0.0787744596601,-0.06675914675,0.16388463974,0.135074928403,-0.951998710632,-0.17793546617,0.176743537188
419,1413393963.36,25,14385,0.000316189266814,0.000275670581921,0.00104996952828,0.0067395565352,0.00501225131607,0.0208033268848,0.00130107604652,0.00123272931731,0.00473562711943,61.9942622212,298.698831056,0.891574680805,25,25,-0.00147961813491,0.0245140288025,0.0787958204746,-0.058806207031,0.160971298814,0.132602095604,-1.03474128246,-0.309015542269,0.0286375321448
420,1413393963.51,25,14183,0.00032590500104,0.000261708654894,0.00104339440358,0.00687759009446,0.00507545665303,0.021298410693,0.00130820355571,0.00125667743055,0.004832920193,62.5707877719,308.695800972,0.884220421314,25,25,-0.00148273864761,0.0244809687138,0.078802138567,-0.0525957532227,0.153284966946,0.127936527133,-1.07257914543,-0.414875537157,-0.121257640421
421,1413393963.66,25,14449,0.000352032852759,0.000281308173311,0.00105402373919,0.00667240195441,0.00507111520932,0.0217380287601,0.00125981456491,0.00124317018266,0.00491915222724,64.5045495609,316.039331343,0.884773075581,25,25,-0.0014965722803,0.0244702659547,0.0788089632988,-0.0373624525964,0.148974493146,0.125418290496,-1.09271359444,-0.501465916634,-0.253361821175
422,1413393963.81,25,14366,0.000347671640576,0.000271464405053,0.00105541897063,0.00674832240414,0.00506896926153,0.0217986296747,0.00123109158035,0.00124737241813,0.00493667941394,65.2506115267,315.947146025,0.844116866589,25,25,-0.001523635583,0.0244676824659,0.078836157918,-0.0187916234136,0.147370606661,0.129966467619,-1.1070933342,-0.611813247204,-0.372764319181
423,1413393963.96,25,14367,0.000352554880166,0.000281926323623,0.00111002298371,0.00672909281053,0.0051776350885,0.0219784894553,0.00125889073867,0.00127058942001,0.00496937433126,65.984620612,318.252591102,0.856256306171,25,25,-0.0015272453893,0.0244695227593,0.0788407102227,-0.00768826995045,0.149616464972,0.13339304924,-1.13060367107,-0.72498601675,-0.522671103477
424,1413393964.11,25,14312,0.000335928844961,0.000267046946928,0.00112270003815,0.00670286692775,0.00518490742513,0.0219712503119,0.00122673659408,0.00127013639318,0.00495580759643,66.3643510503,317.254017016,0.875292420387,25,25,-0.00154642225243,0.0244932249188,0.078861489892,0.00372067047283,0.153636083007,0.131890758872,-1.20389080048,-0.78910189867,-0.636786401272
425,1413393964.26,25,14585,0.000349778950463,0.000293069039714,0.00107370654356,0.00681094528953,0.00541608692892,0.0219774025794,0.00133602366498,0.00134502756125,0.00495994357355,64.6995618816,316.498287448,0.84678286314,25,25,-0.0015597816091,0.0245098918676,0.0788545534015,0.0104672973976,0.155658885837,0.122641094029,-1.24254703522,-0.816334962845,-0.677995204926
426,1413393964.41,25,14791,0.000346298870544,0.000311477548248,0.0011592739288,0.00682520217595,0.0056194657448,0.0220023235424,0.00141713300933,0.00138875742107,0.00495457543856,63.2827569115,315.86758988,0.854337871075,25,25,-0.00155648472719,0.0245278980583,0.0788557231426,0.00926715508103,0.157163158059,0.11723651737,-1.24107789993,-0.841850936413,-0.603607952595
427,1413393964.56,25,14654,0.00032388464984,0.000282226323055,0.00108289478394,0.00664038613848,0.00560230234198,0.0219634666341,0.00138002609763,0.00137484764508,0.00494380381816,62.9542781258,313.806854599,0.858266592026,25,25,-0.00152973108925,0.0245377570391,0.0788438990712,0.00413133995607,0.161352291703,0.113625362515,-1.191416502,-0.860221683979,-0.515896260738
428,1413393964.71,25,14929,0.000300143474224,0.000317826592416,0.00141739822718,0.00624269754037,0.00561782898651,0.0216710766299,0.00130510901334,0.00137148255204,0.00488496284061,58.048264403,309.283729342,0.874688088894,25,25,-0.00153978622984,0.0245394334197,0.0788576975465,0.00544552272186,0.160828083754,0.107758268714,-1.08073306084,-0.896203517914,-0.4232018888
429,1413393964.86,25,15345,0.000301734643387,0.000327595516396,0.00149143538488,0.00627087863083,0.0056011169522,0.0213100384571,0.00122891946157,0.001325919164,0.00479267549918,54.9538312128,301.663517565,0.888157069683,25,25,-0.00152011483442,0.0245229974389,0.0788497105241,0.0083867367357,0.158151343465,0.0995673313737,-0.925093173981,-0.950456619263,-0.384616911411
430,1413393965.01,25,15809,0.000279853062367,0.000305902003464,0.0013366905006,0.00590647806072,0.00545639854168,0.0205870374684,0.00114421805781,0.00127390699653,0.00461950238151,48.6375048655,285.266019613,0.897034108639,25,25,-0.00151971552987,0.024510608986,0.0788546353579,0.00782786682248,0.154077842832,0.092422939837,-0.707843899727,-0.979726135731,-0.339873611927
431,1413393965.26,25,15867,0.00029398690696,0.000313250661825,0.00137258093336,0.0060474778016,0.00558185866743,0.0191836775048,0.00106620531592,0.00117540268033,0.00429217737487,44.5748532867,255.372007017,0.87907910347,25,25,-0.00151789130177,0.0245114900172,0.0788424089551,0.00710056954995,0.149892583489,0.0900009050965,-0.0253939554095,-0.907563447952,-0.141435593367
432,1413393965.41,25,15840,0.000282607987672,0.000277922948534,0.0012190252117,0.00556666116542,0.00528436675868,0.01917595312,0.00106189917879,0.0011832454496,0.00429147164286,44.0413830599,256.183509666,0.911443591118,25,25,-0.00149526062887,0.0245075281709,0.0787938162684,0.00450246501714,0.14851012826,0.0841235369444,0.446250110865,-0.764138281345,-0.00899674836546
433,1413393965.56,25,16293,0.000280148526357,0.00030377630197,0.00141765590445,0.00550551401403,0.00611483105037,0.0258265293239,0.00110730244262,0.0015299834139,0.00655424862005,39.4373583935,207.673321511,0.912793517113,25,25,-0.00148582737893,0.0244656912982,0.0787743330002,0.00457166321576,0.152748882771,0.08109023422,0.724033355713,-0.43858730793,0.0980480611324
434,1413393965.71,25,15994,0.000300068959028,0.000405683911071,0.00201870138288,0.00614800669438,0.0081238040319,0.0379481823655,0.00163471315794,0.00318066599565,0.0131052737147,37.7203116393,211.050270058,0.912959873676,25,25,-0.00150601495989,0.0244432874024,0.0787572711706,0.00204940303229,0.153478249907,0.0781544819474,0.732437670231,-0.0218532085419,0.112724334002
435,1413393966.21,25,16011,0.000279322290669,0.00027602019549,0.00124826854157,0.00554676271162,0.0062416983607,0.0256294611022,0.00122561234256,0.00180023829226,0.00666450854289,37.7878968344,192.691997488,0.767403960228,25,25,-0.00148873636499,0.0244185067713,0.0787544697523,-0.00523095950484,0.155487388372,0.0785101205111,0.353979259729,0.73808324337,0.210221141577
436,1413393966.56,25,16202,0.000299852985928,0.000396573782398,0.00196381384603,0.00619918624868,0.00838219171865,0.0381662715194,0.0017843420141,0.00349835466509,0.0151552528741,36.2516914788,198.430898554,0.886208713055,25,25,-0.00153041351587,0.0244324039668,0.0787297636271,-0.00748860742897,0.156521454453,0.0856843367219,-0.0998423397541,1.0549826622,0.489153802395
437,1413393966.76,25,16246,0.000302079432689,0.000406133794382,0.002022304059,0.00624458586041,0.00842415195314,0.0384595477967,0.00179768287894,0.00347648243396,0.0151590178592,35.9619660803,197.028906133,0.906979680061,25,25,-0.00154197227675,0.0243830829859,0.078762486577,-0.0074927569367,0.157834619284,0.0887268260121,-0.41210231185,1.01011025906,0.237087771297
438,1413393966.96,25,16544,0.0002588644787,0.000267172180919,0.00124404885419,0.00547822134395,0.00811243933065,0.0385855453417,0.00126491813676,0.00252944414456,0.0122886695905,29.0892662198,176.291707056,0.91081649065,25,25,-0.00153514079284,0.0243658665568,0.0787727087736,-0.0088425418362,0.158729061484,0.0906586796045,-0.681968748569,0.88962250948,-0.00100376212504
439,1413393967.11,25,16938,0.000246025613872,0.000456802674473,0.0024364716609,0.00460214691957,0.00897354595416,0.04675056315,0.000755291880368,0.00150178477752,0.00747966728217,16.6209310452,75.6910900647,0.883087277412,25,25,-0.00153704883996,0.0243969354779,0.0787871107459,-0.00994220096618,0.161450281739,0.0929727628827,-0.751937925816,0.815198779106,-0.0735465437174
440,1413393967.26,25,16880,0.000255245271959,0.000461772251498,0.00246616132033,0.00472225792444,0.00902023780216,0.0472229665318,0.000785982987062,0.00154747732146,0.00777406526257,17.2413616319,74.3970067693,0.904196798801,25,25,-0.00154303642921,0.0244506970048,0.0787475854158,-0.00418355874717,0.166923463345,0.0904742181301,-0.741148233414,0.712254047394,-0.14728794992
441,1413393967.41,25,17207,0.000158948268824,0.000100941906351,0.000390326463888,0.0034851576037,0.00603440569152,0.0314930877657,0.000812643300417,0.0022272463566,0.0114195955965,15.2916581445,113.269733659,0.910337567329,25,25,-0.00155167281628,0.0244657006115,0.078722730279,-0.000415470887674,0.165555685759,0.0932222902775,-0.697478234768,0.602151989937,-0.241169735789
442,1413393967.61,25,16958,0.000157581440291,0.000111020355679,0.00045357463023,0.00364579884166,0.00609502792679,0.0319332202022,0.000852081535601,0.00227397444352,0.0116888004826,15.8409811455,117.758571019,0.908757328987,25,25,-0.00153809110634,0.0244573876262,0.0787165537477,0.00956651940942,0.16526299715,0.0932448804379,-0.708444535732,0.443600922823,-0.296662062407
443,1413393967.81,25,17318,0.000152140531337,9.1711964901e-05,0.000444603684849,0.00260924604839,0.00209178396108,0.0103408851169,0.00042552733914,0.000543106600512,0.00256047052724,11.5665258379,64.4530454158,0.917162418365,25,25,-0.00153730763122,0.0244397316128,0.0787388384342,0.0185126550496,0.162347882986,0.084740281105,-0.725033819675,0.266209691763,-0.168254688382
444,1413393967.96,25,17198,0.000172716380964,9.63866545674e-05,0.000419938316656,0.00273157121627,0.00213114511556,0.0103212554049,0.000458995619996,0.000565500428165,0.00255455700877,12.9318216362,64.0270709526,0.903580665588,25,25,-0.00154556822963,0.0244308803231,0.0787307992578,0.016006205231,0.153718724847,0.0805031955242,-0.703723609447,0.194572523236,0.015096642077
445,1413393968.11,25,17440,0.000175821640366,9.53662810424e-05,0.000417193997338,0.00296280436845,0.00236017586297,0.0106024770124,0.00049666237137,0.000645940550698,0.0026244263724,14.8014827325,67.5598604238,0.912083923817,25,25,-0.00154814287089,0.0244270879775,0.0787019208074,-0.00345740723424,0.152416929603,0.0723159387708,-0.543439269066,0.188451588154,0.316766798496
446,1413393968.61,25,17511,0.000175933448201,0.000102672485143,0.000449199127705,0.00282042464488,0.00230979904891,0.0106551789881,0.000502663483359,0.000629061996523,0.00261769105327,13.1252098734,67.389289948,0.91649222374,25,25,-0.00152492686175,0.0244300067425,0.0786977335811,-0.00959969125688,0.142519176006,0.0735873878002,-0.1113197878,0.301055341959,0.088385976851
447,1413393968.86,25,17246,0.000194464576514,0.000112380171922,0.000426884071849,0.00295377479108,0.00218351676996,0.0103582692852,0.000512721382483,0.000578922008414,0.00255843840617,14.9832967848,65.0572367761,0.894041061401,25,25,-0.00154500326607,0.024403296411,0.0786690190434,-0.00890689063817,0.142745420337,0.0713955536485,0.0262312144041,0.448305368423,-0.116959072649
448,1413393969.01,25,17190,0.000190178644851,0.00011571042245,0.000540518500396,0.0029027482738,0.00222243622826,0.0102579898969,0.000479753986146,0.000542473165164,0.00254105679637,16.1088466406,64.313715102,0.911429822445,25,25,-0.00154801399913,0.0244051031768,0.0786875784397,0.0102250063792,0.138505965471,0.0720755904913,0.0399167947471,0.48436960578,-0.301656454802
449,1413393969.16,25,17151,0.000194236815595,0.000122070654936,0.000577206263564,0.00289996378363,0.00220688667344,0.0101603371543,0.000466072456519,0.000540148235442,0.00251130496304,16.3155511804,63.6126051674,0.920254468918,25,25,-0.0015434200177,0.0243963506073,0.0786877200007,0.0196537021548,0.134485393763,0.068987749517,-0.00245217024349,0.443562984467,-0.373192727566
450,1413393969.31,25,17057,0.000194061681633,0.000124226910979,0.000592528891017,0.00286450899163,0.00223449308382,0.0102402278945,0.000497423301929,0.000572098259757,0.00252508686733,15.9112227867,64.5475975319,0.917140483856,25,25,-0.00156565732323,0.0243925917894,0.0786865055561,0.0200521666557,0.132080733776,0.0685645490885,-0.0533274896443,0.409596115351,-0.326557964087
451,1413393969.46,25,17171,0.000197327236972,0.000132969708212,0.000637789978874,0.00299693846285,0.00208915305699,0.0097604612196,0.000512452778102,0.00055252895363,0.00238139603857,16.1165442539,59.9655877017,0.910631895065,25,25,-0.00154021184426,0.0243797320873,0.078697450459,0.0144707020372,0.136315628886,0.0730313509703,-0.110830508173,0.392855226994,-0.277527838945
452,1413393969.61,25,16966,0.000192515246255,0.000128272468514,0.000621318141544,0.00290684792989,0.00206522791813,0.00975923806435,0.000502685373738,0.000537739435998,0.00239128302156,15.2362893474,60.4080468784,0.577630937099,25,25,-0.00153063586913,0.0243739578873,0.0786844566464,0.0127799706534,0.142515674233,0.083663508296,-0.182586356997,0.279968798161,-0.234893471003
453,1413393969.86,25,16872,0.00020104557655,0.000123607687198,0.000639627784965,0.00315714453639,0.00198626135914,0.00971265467885,0.000550191650562,0.000535645846686,0.00238134565771,16.5428714761,60.0155793846,0.922499716282,25,25,-0.00151977129281,0.0243820697069,0.0786767378449,0.0160909183323,0.139056891203,0.0850558578968,-0.163811251521,-0.0867170542479,0.163764253259
454,1413393970.36,25,17245,0.000208299830281,0.000137852329543,0.000703935455212,0.00344373388121,0.00201896199775,0.00853476548606,0.000630257894033,0.000520540110566,0.00181653297615,17.6328091799,63.1797647509,0.868479967117,25,25,-0.00148626742885,0.0243715271354,0.0786797851324,0.0231373440474,0.135684520006,0.114707276225,-0.0906954035163,-0.305002689362,0.196455135942
455,1413393970.86,25,17342,0.000219120461482,0.000141020321302,0.000713543854587,0.00357968783736,0.0021981269493,0.00874226496092,0.000687819137476,0.000549472562396,0.00185472272614,18.3914462542,61.0024417396,0.822111964226,25,25,-0.00149791373406,0.0243485402316,0.0786440819502,0.0196984745562,0.137531921268,0.112289488316,0.0823914781213,0.0131507422775,-0.100094251335
456,1413393971.16,25,17500,0.00024157544356,0.000164646907026,0.000718791171132,0.00388291532167,0.00239801268113,0.00865946426088,0.000736527433277,0.000562619463331,0.00190582409268,22.5638373438,64.2758804615,0.886165201664,25,25,-0.00150483625475,0.024364175275,0.0786390677094,0.0140504278243,0.133402377367,0.104768835008,0.118216507137,0.591947972775,0.0457466393709
457,1413393971.31,25,17484,0.000262728712996,0.000185254208687,0.000703850431936,0.00387335445536,0.00295167616902,0.0097943485447,0.000766044412021,0.000694956045129,0.00237154252291,22.4906626291,62.6902669435,0.921769857407,25,25,-0.00151942367665,0.0243739783764,0.0786709338427,-0.0138254771009,0.143130704761,0.0990382879972,-0.0307927448303,0.79972243309,0.20406024158
458,1413393971.46,25,17126,0.000241623249594,0.000167936544723,0.000711516647207,0.00354657260968,0.00274574283915,0.0094630463288,0.00068406042434,0.00061967008251,0.00204522286266,22.1089711219,63.6183611455,0.910403013229,25,25,-0.00152488437016,0.0243846382946,0.0786865204573,-0.0205640494823,0.137186035514,0.0925153940916,-0.272164106369,0.936836063862,-0.0111300200224
459,1413393971.61,25,16872,0.000247292995208,0.000179435227128,0.000720605111353,0.00354527098976,0.00276355854011,0.00947771483775,0.00070905443274,0.000647232754969,0.00205867760273,22.1105347861,64.4233379585,0.902359545231,25,25,-0.00150045112241,0.0243749804795,0.0786903426051,-0.0220385715365,0.137533828616,0.0908107608557,-0.518000006676,1.02353525162,-0.142542183399
460,1413393971.76,25,16527,0.000257541572444,0.000182391686433,0.000711667471056,0.00362147201773,0.00280876426336,0.00974817525461,0.000725318601329,0.000658678748267,0.00206641547447,22.8726414066,63.7175480675,0.885095238686,25,25,-0.00149545737077,0.0243822094053,0.0786778777838,-0.0200524553657,0.138869717717,0.0896653831005,-0.680397093296,0.905809164047,-0.0246977191418
461,1413393971.91,25,16316,0.000272770149707,0.000189939823302,0.000724401720817,0.00362882572659,0.00286102265179,0.0104239857638,0.000735672433827,0.000674170833744,0.0022239440724,23.4695264352,72.2123740889,0.896476984024,25,25,-0.00148117390927,0.0243894774467,0.0786739215255,-0.0181675944477,0.13652035594,0.0826052203774,-0.803824722767,0.564076721668,0.112398728728
462,1413393972.11,25,16309,0.000274963024584,0.000201123182723,0.000763755066155,0.00369026444577,0.00291656265863,0.0110590278978,0.000786596717583,0.000747737624807,0.00236930820524,24.2473238887,80.7066352153,0.902207195759,25,25,-0.00144682475366,0.0244148299098,0.0786574706435,-0.0110213570297,0.13946980238,0.0769207775593,-0.878477275372,0.167472362518,0.152914136648
463,1413393972.31,25,16229,0.000290033043372,0.000205980630184,0.000804498468402,0.0038998189816,0.00301096287449,0.0121732403909,0.000822292679329,0.000765946630362,0.00262377973862,26.5014854319,94.2115900837,0.85323369503,25,25,-0.00146740232594,0.0244210325181,0.0786163583398,-0.00123895227443,0.138065606356,0.0727429986,-0.823118150234,-0.084847830236,-0.112194932997
464,1413393972.56,25,16114,0.000294374952727,0.000205600188442,0.000811462156398,0.0041120699815,0.00302334451917,0.0131041744327,0.000830995160124,0.000782556971999,0.00283506282328,27.6083836551,109.161868969,0.90176486969,25,25,-0.00150849646889,0.0244362838566,0.0785817280412,0.0110977208242,0.138806790113,0.0716302394867,-0.703463077545,-0.139957025647,-0.0992044135928
465,1413393972.96,25,15910,0.000295990988549,0.000199721291015,0.000831410763008,0.00415388504757,0.0029151684402,0.0129545367502,0.000823424115939,0.000733696618199,0.00281141530744,28.1705353868,109.856284975,0.917686343193,25,25,-0.00148462073412,0.024445803836,0.0786023661494,0.0239423923194,0.138057634234,0.0701441317797,-0.300118327141,0.0670168325305,-0.141479492188
466,1413393973.46,25,15901,0.000311740449251,0.000191467210868,0.000813440520775,0.0043026768323,0.00289810099249,0.0126502774426,0.000882604788958,0.000701452183118,0.00275992676015,28.7232092955,101.480707931,0.904193937778,25,25,-0.00148273922969,0.0244794301689,0.078629873693,0.0153996990994,0.14109814167,0.0709262117743,-0.242184728384,0.586232364178,-0.107190452516
467,1413393973.71,25,15570,0.000322873196884,0.00021339561117,0.000799086915413,0.00456739381295,0.00309972078863,0.0125984009622,0.000875949157894,0.000691317092348,0.00275545503203,29.1306232578,99.085670774,0.880847930908,25,25,-0.00152629159857,0.0244388524443,0.0786463916302,0.0101604880765,0.142380803823,0.0699946209788,-0.617940425873,0.864763617516,-0.159975796938
468,1413393973.86,25,16002,0.000310938492744,0.000194307488686,0.000796200411373,0.00427159676763,0.00294639495491,0.0126128924186,0.000841389194827,0.000699231808559,0.00276018857419,29.2821881296,98.9106216436,0.91664481163,25,25,-0.00154011044651,0.024430686608,0.0786667019129,0.0109545337036,0.132879853249,0.0706147029996,-0.835143089294,0.849659264088,-0.145066276193
469,1413393974.01,25,16039,0.000317108227498,0.000206096119971,0.000796501932262,0.00432686832907,0.00290329375052,0.0126481486095,0.000861599931521,0.000692725206292,0.00276406772378,29.466341585,99.586172531,0.905636489391,25,25,-0.00154418312013,0.0244446676224,0.0786240771413,0.0103806275874,0.130576387048,0.0695021599531,-0.944367587566,0.539488136768,-0.0857448652387
470,1413393974.16,25,15957,0.000331831364196,0.000213834895092,0.00079035654791,0.004579244738,0.00283368496093,0.0125805667705,0.000918052759348,0.000742280193434,0.0027485596408,31.1783103107,98.2612164038,0.908737897873,25,25,-0.00153144996148,0.0244415588677,0.0786257907748,0.00985880382359,0.122035838664,0.0719257295132,-0.843487620354,0.050025343895,0.0207890830934
471,1413393974.41,25,15520,0.000340411047641,0.000220154324653,0.00077972276516,0.00473509245513,0.00288776105452,0.0123964041727,0.00092981818432,0.000873497097373,0.00351094072655,31.5726839297,95.4363761196,0.913648962975,25,25,-0.00155954051297,0.0244399271905,0.0786203816533,-0.00318590458483,0.111632272601,0.0720222070813,0.0793493017554,-0.576363563538,0.31541210413
472,1413393974.56,25,15875,0.000329619065722,0.000204533744541,0.000780467150156,0.00459633222264,0.00286091930797,0.0123688366478,0.000938501473695,0.00086435287847,0.00348942777063,32.3998696843,94.9382482025,0.915939986706,25,25,-0.00157028681133,0.0244988631457,0.0786281377077,-0.0180519931018,0.111426986754,0.064936093986,0.817233741283,-0.571032583714,0.460162997246
473,1413393974.71,25,15974,0.000336951923863,0.000202082151416,0.000779398252415,0.00465497893644,0.00288422249012,0.0123381478856,0.000963001480785,0.000866772502365,0.00347084273808,32.8028144448,94.02936752,0.906487047672,25,25,-0.00154136377387,0.0245136748999,0.07863561064,-0.0253356266767,0.112994015217,0.0595917664468,1.33726406097,-0.328754097223,0.497590124607
474,1413393974.86,25,15903,0.000319764058463,0.000209752921538,0.000763304744815,0.00443054684859,0.00305680710302,0.0123552661098,0.000953696547224,0.000959771159851,0.00344403655215,30.417179481,94.0530981054,0.817060351372,25,25,-0.00153267756104,0.0244890414178,0.0786556899548,-0.0294219497591,0.118511162698,0.0580940283835,1.54096233845,-0.0235009584576,0.330680549145
475,1413393975.01,25,15613,0.000330261786137,0.000221910618294,0.000749709484053,0.00438712074029,0.00314199276762,0.0121745859144,0.000958066391927,0.000998387770799,0.00414855401438,28.7096387148,92.237440094,0.88930773735,25,25,-0.00153840146959,0.0244967974722,0.0786380544305,-0.0288733504713,0.116187259555,0.059846803546,1.56406891346,0.199903205037,0.0988134890795
476,1413393975.16,25,15730,0.000325633924625,0.000217447169072,0.000750246249151,0.0042935817351,0.00320867812074,0.0120465099363,0.00097297797624,0.00100361354314,0.00411261832392,27.311713321,90.2613269092,0.900130629539,25,25,-0.00154712342191,0.024495748803,0.0786395967007,-0.0289113800973,0.114916980267,0.0574101544917,1.47606658936,0.328454971313,-0.093874424696
477,1413393975.31,25,15606,0.000327630784231,0.000209767812027,0.000744416476618,0.00430383835333,0.00318059416069,0.0119658711024,0.000972186533751,0.000994947858844,0.0041215136849,27.2288006192,89.4207748633,0.810508370399,25,25,-0.00154241907876,0.024456338957,0.0786237120628,-0.0278716590255,0.113997742534,0.0591281726956,1.34022963047,0.384169578552,-0.0478907488286
478,1413393975.46,25,15512,0.000337448431591,0.000209607310659,0.000734742765003,0.00445927715909,0.00311220200377,0.012055349695,0.00100410429474,0.00098268535794,0.00403020937486,28.510754569,89.4432642557,0.852868795395,25,25,-0.00155907252338,0.0244449246675,0.0786017179489,-0.024185564369,0.116870455444,0.0583604350686,1.1765730381,0.439500033855,0.0190879702568
479,1413393975.61,25,15768,0.000330461128092,0.000198934025426,0.000735826925244,0.00438122463904,0.00297445288185,0.0120029881541,0.000998018958792,0.000931642237518,0.00386339617964,29.3383884721,89.177542487,0.897067844868,25,25,-0.00156302959658,0.0244141239673,0.0786248221993,-0.0206909906119,0.122916437685,0.0525160208344,0.980313062668,0.549032747746,0.0391850247979
480,1413393975.76,25,15557,0.000341693792322,0.000244190532401,0.00107327563416,0.00416263890937,0.00320372815595,0.0115138000662,0.000987089946417,0.00117266938484,0.00560286173532,26.0485197844,83.6599028411,0.852739870548,25,25,-0.00156831601635,0.0244001224637,0.0785970836878,-0.0143803851679,0.130681827664,0.0486234389246,0.779654979706,0.656901657581,0.0296513270587
481,1413393975.91,25,15865,0.00032663294673,0.000238023641126,0.00108370908592,0.00390691301228,0.00323697870037,0.0114765910221,0.000909428482621,0.00110764627833,0.00523330818336,25.3538685144,82.8999067787,0.860907912254,25,25,-0.00155918532982,0.0243901498616,0.0786070674658,-0.015973361209,0.128751009703,0.0421401634812,0.59939032793,0.673694431782,0.0298938117921
482,1413393976.06,25,15552,0.000354310366172,0.000281240842796,0.00133139804604,0.00411003978938,0.00337139913639,0.0132635916891,0.000949995666111,0.00143388886931,0.00722141883477,24.7477331969,79.4760674246,0.876335859299,25,25,-0.00158475432545,0.0243829209358,0.0785836055875,-0.0197516679764,0.129789665341,0.0375987589359,0.453490585089,0.616373598576,-0.0242490712553
483,1413393976.21,25,15757,0.000346142088615,0.000269963527099,0.00131799798318,0.00405281782184,0.00327910664731,0.0130803070396,0.000971447008559,0.00133369251021,0.00665955863238,25.1239983528,80.4335547835,0.894094049931,25,25,-0.00156743242405,0.0243735108525,0.0785637646914,-0.0165786799043,0.129030793905,0.0347742177546,0.349952846766,0.587600767612,-0.158003181219
484,1413393976.36,25,15635,0.000367629366356,0.000362563098739,0.00188343447379,0.00474713919342,0.00555952215239,0.0288944041783,0.00121799946935,0.00262653915056,0.0137041903974,25.1863213868,99.0005124166,0.878676354885,25,25,-0.00156883138698,0.0243640653789,0.0785708576441,-0.00999336037785,0.130233347416,0.0312529839575,0.282690912485,0.533755600452,-0.197163909674
485,1413393976.56,25,15877,0.000357665634598,0.000359230388869,0.00190108365392,0.00471041283953,0.00559357111908,0.0295873597198,0.00127541790304,0.00268353399293,0.0139780315994,25.780544748,99.3740469945,0.889138221741,25,25,-0.0015660666395,0.0243555568159,0.0785677805543,-0.00374613562599,0.126786753535,0.0260216575116,0.128510311246,0.401114821434,-0.00989846140146
486,1413393976.91,25,16004,0.000380986271494,0.000383488624173,0.00203978720271,0.0051827288628,0.00703849051797,0.0379786972871,0.00157569640262,0.00433758826701,0.0226587583648,25.4891716313,106.53507056,0.817148864269,25,25,-0.00157143047545,0.0243698190898,0.0785586610436,0.00529304658994,0.122999861836,0.0254090819508,-0.00773702189326,0.0647712722421,-0.213361725211
487,1413393977.41,25,15885,0.00040576369737,0.00036981273971,0.00202164937276,0.00551728236082,0.00691845515574,0.0377974783639,0.00167938043104,0.00431491285489,0.0226549107131,27.8748799056,105.127087035,0.853820443153,25,25,-0.00158523127902,0.0243809595704,0.0785224288702,0.0366371907294,0.117603391409,0.0571255534887,0.232978597283,-0.0544556751847,0.359165459871
488,1413393977.81,25,16138,0.000402852795913,0.0003702360069,0.00205674527957,0.00550613916267,0.00704201745391,0.0386956412726,0.001772672411,0.0044624136474,0.0234418433163,28.7642208326,106.788301794,0.889104187489,25,25,-0.0016045543598,0.0242930911481,0.0785483419895,0.0399945378304,0.117957279086,0.0527114421129,0.298005580902,0.138222664595,0.0786114260554
489,1413393978.11,25,16193,0.000464288841868,0.00059258221518,0.00326684447208,0.00614203184796,0.00816699227238,0.0433842687827,0.00166769226759,0.00309753065933,0.0146051455411,26.8676221164,53.0700044263,0.90631377697,25,25,-0.0016434568679,0.0242335349321,0.0785910487175,0.0443811453879,0.117600694299,0.0603894963861,0.318766862154,0.292762130499,0.107643358409
490,1413393978.36,25,16275,0.000471778997031,0.000593789863392,0.00321344384476,0.00624755171491,0.00759924800956,0.0404645834396,0.00169176897402,0.00307510883362,0.0145599959209,28.1469194916,71.3536149584,0.876245260239,25,25,-0.00162278639618,0.0242792032659,0.0786368772388,0.0296702310443,0.119368165731,0.0646789520979,0.330170214176,0.294232577085,0.141912832856
491,1413393978.56,25,16199,0.000432866562568,0.000592285077694,0.00321489991953,0.00532176715098,0.00670394368454,0.0361775644156,0.00141651099033,0.00250452488692,0.0103849263006,22.0789622557,48.4940446085,0.885464906693,25,25,-0.00167719414458,0.0242687705904,0.0786475539207,0.0155665706843,0.119186967611,0.0689958482981,0.252237737179,0.208369553089,0.175182253122
492,1413393978.71,25,16382,0.000422435053341,0.000625439764503,0.00337708127711,0.00516751689791,0.00684060284167,0.0368388308695,0.00137607787741,0.0024613982878,0.00961924014012,21.1099534331,52.6591642108,0.903888583183,25,25,-0.00167565280572,0.0242906156927,0.0786621049047,0.0121219614521,0.121308490634,0.0692942664027,0.167041301727,0.14034883678,0.168039217591
493,1413393978.86,25,16621,0.00038269266637,0.00031390843266,0.00160806954673,0.00460005256586,0.00500487863019,0.0273059858129,0.00201625484933,0.00456903803242,0.0214365324736,25.3029524706,68.6895982081,0.842472910881,25,25,-0.00168059580028,0.0243125613779,0.0786801427603,0.00723110791296,0.128124892712,0.0697582364082,0.099020704627,0.0835019275546,0.193363979459
494,1413393979.06,25,16315,0.000410457664487,0.000570134303533,0.00308309331659,0.0051544704384,0.00699021627687,0.0372140243768,0.00139795636993,0.00248345548083,0.00971015012673,20.9176928726,53.5289214869,0.880158424377,25,25,-0.00169862702023,0.02431964688,0.0786409974098,0.00599969318137,0.127654209733,0.0715366527438,0.0272079538554,-0.0254858210683,0.202767461538
495,1413393979.26,25,16633,0.000388577012808,0.000327427123087,0.00166738281524,0.00448092759053,0.00532993871961,0.028989589013,0.00197685247789,0.00465513701274,0.021911224551,24.2097851222,61.2405305465,0.844839096069,25,25,-0.0016829300439,0.0243692863733,0.0786770731211,0.00387238385156,0.129611477256,0.0732003524899,-0.0941277593374,-0.148371815681,0.0958835855126
496,1413393979.56,25,16809,0.00042162092604,0.000598214050443,0.0032469277813,0.00517281889998,0.00675994718637,0.0358249478724,0.00137388699671,0.00254342681298,0.0103430370383,20.9198679384,58.8665978848,0.884922385216,25,25,-0.00169578299392,0.0243152603507,0.0786098092794,0.00181604688987,0.121711030602,0.0738062784076,-0.363948643208,-0.289553165436,-0.231904834509
497,1413393979.81,25,16812,0.000429284974799,0.0006013396333,0.00327822695274,0.00519761221808,0.00661577055827,0.0351002906651,0.00141798119778,0.00252777144484,0.0103652638554,21.3382378551,58.3731205818,0.866824030876,25,25,-0.00164193485398,0.024361802265,0.0786218941212,-0.0156468097121,0.123216032982,0.0593939870596,-0.626060605049,-0.441778659821,-0.15559618175
498,1413393980.01,25,16296,0.000321686134768,0.000204455971795,0.00102244550097,0.00430122850482,0.00435055602462,0.023401506557,0.00113032958791,0.00189210700573,0.00923997426371,20.6865871555,58.4164915085,0.895547866821,25,25,-0.00161889346782,0.0244077295065,0.0785994529724,-0.0115830441937,0.128218233585,0.056354932487,-0.75610268116,-0.500488042831,-0.0735795944929
499,1413393980.16,25,16661,0.000324870956199,0.000215788886346,0.000942844008405,0.00438410986015,0.00452272279318,0.0241899095748,0.00117787019536,0.00197444684996,0.00935661849489,20.9448660705,59.5314509095,0.878586828709,25,25,-0.00160346750636,0.0244158729911,0.0786032602191,-0.0050791320391,0.127278119326,0.0571708343923,-0.77592676878,-0.555024862289,-0.0600301958621
500,1413393980.31,25,16789,0.000331712729114,0.000297776273857,0.0015891144001,0.00377597228329,0.00256650441905,0.011715308968,0.000751248836463,0.00077959664157,0.00345055406652,20.807194967,59.562527444,0.705604851246,25,25,-0.00154634285718,0.0244142692536,0.0785948485136,-0.00162453285884,0.129566475749,0.0553031116724,-0.69991838932,-0.648618996143,-0.0529947504401
501,1413393980.46,25,16716,0.000340260264216,0.000319661500503,0.00171373820046,0.00385439282718,0.00247836389816,0.0111898091532,0.000767251196818,0.000736580809852,0.00316149526734,21.1168183937,58.6903116376,0.884109973907,25,25,-0.00150789087638,0.0244359746575,0.0786347165704,0.00609827274457,0.133619248867,0.058557420969,-0.557675182819,-0.782261013985,-0.0314508490264
502,1413393980.61,25,17179,0.00030234177081,0.000207654416774,0.000973812454591,0.00374466208044,0.00283957287844,0.0132743061625,0.00064910951334,0.000592838642433,0.00255898447762,20.7884766911,58.6498686417,0.898393929005,25,25,-0.00152587494813,0.0244195312262,0.0786265879869,0.00558223482221,0.142603605986,0.0553517267108,-0.416248291731,-0.88230150938,-0.0186816193163
503,1413393980.81,25,17640,0.000285748985215,0.000182362742216,0.000691452707325,0.00329652800836,0.00218509779842,0.00877454584162,0.000596978932915,0.00056474388365,0.00255790400042,20.0271351184,59.0134555616,0.905079543591,25,25,-0.00151911238208,0.0244214255363,0.0786295086145,0.00895407889038,0.144950643182,0.0559307709336,-0.234513729811,-0.893376767635,-0.0247275847942
504,1413393981.11,25,17727,0.000292625302986,0.000175924218476,0.000715070891961,0.00329317959095,0.00216439840607,0.0087965962945,0.000607840518128,0.000556383867674,0.00255998372362,19.90612697,58.7994790718,0.884791731834,25,25,-0.00151422363706,0.024425059557,0.0786264538765,0.00876851379871,0.145409032702,0.0532372519374,-0.0987267792225,-1.04384100437,0.108150094748
505,1413393981.36,25,17682,0.000300508527968,0.000173581931863,0.000714297714662,0.00337673956127,0.00211664310686,0.00882738635132,0.000626910742516,0.000547875955682,0.00256578863018,20.2438347843,58.9051179414,0.90277826786,25,25,-0.00151964556426,0.0244220439345,0.0786308124661,0.00368321756832,0.139508143067,0.0573670379817,-0.193462267518,-1.18171036243,0.392055869102
506,1413393981.71,25,18169,0.000291498327084,0.000174819047119,0.000684519052935,0.00315076095248,0.00238972868224,0.008774329688,0.00065531736437,0.000682258712224,0.00263481788061,19.1024234174,58.6631580088,0.899988353252,25,25,-0.00154123129323,0.0244155917317,0.0786293745041,-0.000460917450255,0.131904140115,0.0574325695634,-0.242431968451,-1.31943321228,0.0635681822896
507,1413393982.01,25,18782,0.000285981798005,0.00017006528176,0.000667419501203,0.00302025833504,0.00211584738311,0.00876669881256,0.000568043471854,0.000542672404683,0.00254765979516,18.319304719,58.3711231866,0.915811300278,25,25,-0.00153870228678,0.0244027171284,0.0786152929068,0.00347781996243,0.140510544181,0.0538359843194,-0.0159832779318,-1.40552699566,-0.100176483393
508,1413393982.26,25,19192,0.000271656269699,0.000153036338272,0.0006393469523,0.00310388967737,0.00221553746028,0.008726216373,0.000624899764635,0.000578356325508,0.00253489381478,18.2828501892,57.4662065892,0.91356998682,25,25,-0.00154969305731,0.0244016107172,0.0786183997989,0.01104274299,0.141199216247,0.047662306577,0.247290506959,-1.36481022835,-0.0485205687582
509,1413393982.46,25,19349,0.000270160956221,0.000143039140428,0.000618093637199,0.00303576458103,0.00203761126191,0.0086955905797,0.000577694808851,0.00052456053012,0.00252574238294,18.0292846324,56.8437934895,0.933336734772,25,25,-0.00152773293667,0.0244034454226,0.0786357671022,0.015245847404,0.136401414871,0.039226166904,0.38208001852,-1.23627078533,-0.0492265857756
510,1413393982.61,25,19510,0.000272046499243,0.000140426271494,0.000600709634104,0.00302633227498,0.00201147505874,0.00866487209995,0.000578400904527,0.000520964301202,0.00251972447353,17.9995227715,56.394272184,0.927660226822,25,25,-0.00152180134319,0.0244212578982,0.0786177888513,0.0171456057578,0.130856797099,0.0353439599276,0.495461076498,-1.18362164497,-0.022503728047
511,1413393982.76,25,19419,0.000279883576328,0.000179470400833,0.000918013205884,0.003118102057,0.00204798871079,0.0084270057251,0.000605293144142,0.000570557068838,0.00244952346237,17.8785166412,53.4846047452,0.906518101692,25,25,-0.00153005344328,0.0244360454381,0.078612819314,0.0114160794765,0.128453090787,0.0322927497327,0.613189041615,-1.11128556728,-0.0363918542862
512,1413393982.91,25,19668,0.000283438481766,0.0001734628154,0.000854541587675,0.00311902107431,0.00199272294065,0.00832601084751,0.000617108426069,0.000566496713365,0.00242331616349,18.3200759623,52.148224078,0.913152873516,25,25,-0.00152687216178,0.0244323350489,0.0786277204752,0.00254886574112,0.125968709588,0.0272121019661,0.709747433662,-0.999760508537,-0.0331823192537
513,1413393983.06,25,19695,0.000293057072688,0.000209439695253,0.00109949946359,0.00335818526651,0.00216070732777,0.0082312515579,0.000642397120881,0.00057569385799,0.00241747503656,18.9943044947,53.8546815013,0.881539046764,25,25,-0.00152536726091,0.0244313944131,0.0786392763257,-0.00458197668195,0.120769068599,0.031751062721,0.778851211071,-0.82098531723,-0.0577402561903
514,1413393983.21,25,19509,0.000292218308553,0.000207197636484,0.00109112773985,0.00340825872485,0.00221419633807,0.00827767858718,0.000670636829911,0.000598076872225,0.00242846877598,19.0510143559,53.119754686,0.906739890575,25,25,-0.00154229660984,0.0244362037629,0.078647993505,-0.0119673851877,0.120437279344,0.0341789014637,0.858847737312,-0.613276004791,-0.0627737119794
515,1413393983.36,25,20030,0.000297515480122,0.000192801776356,0.00102344938765,0.0034218137909,0.00212035111868,0.00825191252458,0.000686870098662,0.000588640472601,0.00242029488432,19.7920641897,52.3500188843,0.916780591011,25,25,-0.00154228322208,0.0244282744825,0.0786575675011,-0.0176851544529,0.121039308608,0.0340115912259,0.91518509388,-0.353343218565,-0.0399936176836
516,1413393983.51,25,20328,0.000306165499994,0.000279208880945,0.00153364463258,0.00391050049021,0.00329766090251,0.0158060847629,0.000817493398697,0.00112016220864,0.0055793867457,21.2349373394,95.9891066772,0.922414064407,25,25,-0.00153857970145,0.0244069378823,0.0786463916302,-0.0258577708155,0.127647578716,0.0404179804027,0.909763753414,-0.0198308266699,0.0158088058233
517,1413393983.71,25,20154,0.000325568008119,0.000405441498764,0.00221808266719,0.00439383373465,0.00577962045381,0.0298179586336,0.00109412891386,0.00249258694084,0.0129742157209,23.4900696436,192.425914597,0.904605150223,25,25,-0.00155401229858,0.024407081306,0.0786703154445,-0.0321775972843,0.131001293659,0.0403449349105,0.772378981113,0.400756210089,0.0716694295406
518,1413393983.96,25,20416,0.00032005088032,0.00038414451316,0.00209974155794,0.00406977332886,0.00553850866631,0.0292890711824,0.0011009111601,0.00254457853459,0.0132570764998,22.5560387107,179.124928132,0.929880857468,25,25,-0.00158465944696,0.0244120229036,0.0786573514342,-0.0298542119563,0.13398642838,0.0448017530143,0.471552997828,0.810715019703,0.139384120703
519,1413393984.16,25,20537,0.000328997232003,0.00039360429665,0.00214068637032,0.00443969742866,0.00747525067845,0.039196316664,0.00142606872883,0.00448560649599,0.0233164714373,20.2424795005,158.188752423,0.905377030373,25,25,-0.00157481536735,0.0244209375232,0.0786680951715,-0.0306010935456,0.133069828153,0.0503104776144,0.182726442814,1.06719970703,0.17419783771
520,1413393984.31,25,21095,0.000317003780798,0.000361775852836,0.00195018530427,0.00411118456478,0.00694330844165,0.0371713440573,0.00137568983366,0.00429344942603,0.0223254131911,19.4397033234,142.766079821,0.922079265118,25,25,-0.00158875517081,0.0244308430701,0.0786800608039,-0.0325945392251,0.133047014475,0.0538153015077,-0.0762325674295,1.21248960495,0.209990143776
521,1413393984.46,25,21447,0.000305205133954,0.000289661532816,0.00151317132452,0.00395991345684,0.0063677428134,0.0339260716584,0.00151113084258,0.00512776241266,0.026569735361,16.3686142043,81.5724210059,0.910611927509,25,25,-0.00154509476852,0.0244229156524,0.078643091023,-0.0319621413946,0.133045211434,0.061734225601,-0.339529156685,1.28115332127,0.262011110783
522,1413393984.61,25,21547,0.000297033474752,0.000248518260166,0.00120764815523,0.00387602510179,0.00596973884262,0.0315860050195,0.0016331315117,0.00572437341442,0.0296152194626,15.2248649384,56.9692749539,0.904635131359,25,25,-0.0014942411799,0.0244272239506,0.0786477103829,-0.0284181144089,0.136298671365,0.07026373595,-0.593035817146,1.30724358559,0.223459690809
523,1413393984.76,25,21628,0.000302529042832,0.000251916602136,0.0012227985938,0.00384708779695,0.0060021743341,0.0316769009685,0.00163333455987,0.00570242001131,0.0295082973611,15.2713876611,57.6217237564,0.906894505024,25,25,-0.00149073381908,0.0244017243385,0.0786630138755,-0.0287996958941,0.139209479094,0.0705232098699,-0.765017092228,1.29857599735,0.0700603872538
524,1413393984.91,25,21740,0.000295175579615,0.000239247167257,0.00114731625801,0.00381496118082,0.00591712819954,0.0312004465811,0.00162868632347,0.00566219811225,0.0293063341854,14.9592373838,55.2229115166,0.919853806496,25,25,-0.00146275572479,0.0243878196925,0.0786453336477,-0.0303262881935,0.139229595661,0.0682105049491,-0.784192085266,1.26561367512,-0.115349672735
525,1413393985.06,25,21320,0.000293834533008,0.000263034538702,0.00132196088449,0.00356431792675,0.00467964813987,0.0208241489624,0.00129561203685,0.00375447141688,0.0194132365768,14.1223271435,30.4716949277,0.923750817776,25,25,-0.00145166856237,0.0243939980865,0.0786372125149,-0.027719983831,0.13455042243,0.0700046047568,-0.681692361832,1.20574021339,-0.225593522191
526,1413393985.21,25,21380,0.000291605277708,0.000262788409935,0.00131752135727,0.00359192476562,0.0047053595589,0.0210647413145,0.00130535015652,0.0038020839028,0.0196749672944,14.0333607786,30.414714518,0.882765412331,25,25,-0.00144302390981,0.0243853703141,0.0786283388734,-0.0294085331261,0.132461249828,0.067414470017,-0.554467380047,1.15064287186,-0.314711421728
527,1413393985.36,25,21263,0.000302553153906,0.00027916668406,0.00139930584228,0.00368197856908,0.00481351351947,0.02152181554,0.00132906121058,0.00384774881063,0.0199035568955,14.2506266718,31.8890681786,0.911425471306,25,25,-0.00144454638939,0.0244085527956,0.0786409601569,-0.0271860398352,0.133186817169,0.0690703243017,-0.513423681259,1.10208106041,-0.318259716034
528,1413393985.56,25,21327,0.000251048438918,0.000264588504082,0.00139065823711,0.00359661293892,0.00708830442956,0.0374454867344,0.000919408652459,0.00259041727892,0.0134874878596,10.7156306027,26.6744492774,0.886875927448,25,25,-0.00145964883268,0.0244127735496,0.0786569938064,-0.0247157197446,0.135800510645,0.0719179138541,-0.577156484127,1.05282831192,-0.283189594746
529,1413393985.76,25,20906,0.000249762662608,0.000256677902597,0.00136572516867,0.00355175828221,0.00663570871324,0.0351560220409,0.000917142469698,0.00250038908132,0.0130385276305,10.5394254323,26.9199937977,0.886531949043,25,25,-0.00145178695675,0.0243603698909,0.0786253958941,-0.0232640169561,0.136997714639,0.0748254582286,-0.593805074692,1.01753878593,-0.266803622246
530,1413393985.96,25,20963,0.000256097039488,0.000261133880713,0.0014083722244,0.00364205606705,0.00661014341548,0.0351816079303,0.000929345065579,0.00246976598241,0.0129069696994,10.8067926079,27.2478381113,0.91175287962,25,25,-0.0014430138981,0.024377791211,0.0786201730371,-0.0199984069914,0.136178478599,0.0704143196344,-0.390019267797,1.00967359543,-0.113006420434
531,1413393986.11,25,21104,0.000221838601577,0.000194682809241,0.00103454304108,0.00276284068306,0.00228313514752,0.0113469735799,0.000568942600427,0.000837867689986,0.0043099987559,10.9692071301,27.8913382948,0.89169126749,25,25,-0.00145503447857,0.0243794135749,0.078610368073,-0.0165011007339,0.132395073771,0.069192789495,-0.199469178915,0.946261405945,-0.0156357064843
532,1413393986.26,25,21495,0.000217401596472,0.000111712394993,0.000481256147099,0.00299633717594,0.00156631507924,0.00558041039282,0.000498372419262,0.000381089041516,0.00121944204016,15.5338971825,38.1265580483,0.903197705746,25,25,-0.00145077926572,0.0243752412498,0.078608609736,0.00309580890462,0.130370289087,0.0731075182557,-0.0321746766567,0.803482830524,0.040786832571
533,1413393986.41,25,21130,0.000265447477026,0.000195158848516,0.00109652847292,0.00359482668463,0.00267091277976,0.0111664111241,0.000722772088021,0.000916515127015,0.00456185132685,19.1503819922,92.680437291,0.908481836319,25,25,-0.00142460782081,0.0243771094829,0.0786093473434,0.0287899654359,0.129210665822,0.0652199015021,0.1704877913,0.597654402256,0.0619879923761
534,1413393986.56,25,21489,0.000245532813469,0.000114843496799,0.000555008709578,0.00365416894534,0.00238862884535,0.0109458020829,0.000629198824289,0.000522504262791,0.00178286577018,22.970133366,117.371642657,0.915134966373,25,25,-0.00138769240584,0.0243501830846,0.0786128491163,0.0481650792062,0.131967544556,0.0618880726397,0.296021491289,0.333497196436,0.13035954535
535,1413393986.76,25,21542,0.00025157760669,0.000144149359428,0.000772756435138,0.00415492299755,0.00243437319211,0.0103808020203,0.000759447043836,0.00071825322184,0.00301054466349,28.726313523,139.687743809,0.893550276756,25,25,-0.00139205250889,0.0243510715663,0.0786310434341,0.0692347288132,0.134852677584,0.0613258630037,0.377687901258,0.201427310705,0.156491696835
536,1413393986.96,25,20953,0.000283453369714,0.000174850464339,0.000804502283503,0.00442753792854,0.00344610154966,0.0154286847491,0.000942122833862,0.0010274108411,0.00359066962767,27.8656902552,146.723114231,0.903943896294,25,25,-0.00136533216573,0.0243413895369,0.0786472037435,0.0978576913476,0.140839576721,0.0606192722917,0.284859359264,0.298256039619,0.107427202165
537,1413393987.21,25,21388,0.00026843631348,0.000156732446001,0.000763179203221,0.00421941641082,0.00332329533042,0.0152098030936,0.000865561591773,0.000915422080371,0.00356095198147,27.8094304493,149.816494888,0.905054807663,25,25,-0.00132883526385,0.0243268292397,0.0786781981587,0.101551234722,0.140916079283,0.0660210773349,0.228429421782,0.447194814682,-0.0859115123749
538,1413393987.46,25,21785,0.000269039171703,0.000157741953904,0.000789683930554,0.0042674962576,0.00355308731668,0.0164625987803,0.000784686579518,0.00082560282881,0.00384717707961,29.9110037345,170.904637892,0.912710785866,25,25,-0.00131153175607,0.0243370700628,0.0786842778325,0.0980292707682,0.146127030253,0.0672524049878,0.271689265966,0.551757991314,0.0146227357909
539,1413393987.66,25,21743,0.000280221109662,0.00015037628354,0.000753694519178,0.00440401684438,0.00360522983208,0.0169791192975,0.000805951229789,0.000842465136441,0.00398277601416,31.5070847992,180.508417684,0.90342271328,25,25,-0.00131953402888,0.0243068169802,0.0786800757051,0.0838779062033,0.144342422485,0.0667048171163,0.305571228266,0.585260391235,0.0519519709051
540,1413393987.81,25,21771,0.000300021152078,0.000202327291099,0.000912518455842,0.00438725724827,0.00376735777932,0.0181440127206,0.000823411119955,0.000908269466492,0.00421444773423,34.1906153794,206.837223474,0.91264128685,25,25,-0.00132820510771,0.0243252683431,0.0786866918206,0.0724535956979,0.139548867941,0.067456394434,0.297443687916,0.618494093418,0.0283576138318
541,1413393987.96,25,21289,0.000301400806834,0.000165575878702,0.00074551214357,0.00477268873642,0.00396791819877,0.0188054104382,0.000894792585311,0.000917417087354,0.00435009968573,36.6788222617,217.252252482,0.911263287067,25,25,-0.00131054013036,0.0243178531528,0.0786964222789,0.0592547282577,0.13729339838,0.0685329586267,0.29952287674,0.637302577496,-0.146776467562
542,1413393988.11,25,20472,0.000366211876418,0.000292651785835,0.00152090385129,0.00670555310429,0.0086049926315,0.0437225553535,0.00160188077553,0.00267296699908,0.0132261047599,40.5006632893,240.166688659,0.908016443253,25,25,-0.00133206462488,0.0243208091706,0.0786921828985,0.04719575122,0.142389327288,0.0637429952621,0.324760019779,0.641196370125,-0.302867382765
543,1413393988.31,25,20435,0.000379772719999,0.000302139040431,0.00157646546386,0.00702279630545,0.00878702108822,0.0447406892495,0.00161738588466,0.00255068042802,0.0127558727128,43.8775839311,260.664631838,0.909654438496,25,25,-0.0012659674976,0.0242885965854,0.0787134319544,0.0289198514074,0.144708275795,0.0608240589499,0.305327475071,0.686829507351,-0.435219317675
544,1413393988.51,25,20345,0.000381213139317,0.000293410319161,0.00149849830543,0.00718188411726,0.00869732996258,0.0439579992075,0.00174577653037,0.00272348167869,0.0134751775366,44.7761650989,270.894663749,0.908604383469,25,25,-0.0012431590585,0.0242984034121,0.0787106156349,0.0116152297705,0.143708080053,0.0588384717703,0.298445910215,0.80700802803,-0.373943269253
545,1413393988.66,25,20848,0.000353005827813,0.00026272276333,0.00127723325644,0.00553750774648,0.00454824300858,0.0216964880699,0.00131733925544,0.00170119299093,0.00795568313933,45.4149770874,281.912421527,0.915513634682,25,25,-0.00126750487834,0.0243275053799,0.0787164494395,0.00448401318863,0.142620414495,0.0557177998126,0.33455607295,0.975297570229,-0.316547840834
546,1413393988.86,25,20771,0.000356478738438,0.000262889241207,0.00126972091123,0.00562180726196,0.00454804841018,0.0219291114878,0.00135246901331,0.00169373531559,0.0079602075975,45.9443004112,285.279534212,0.914901971817,25,25,-0.00129521044437,0.0243174694479,0.0787485539913,-0.00225191772915,0.143059104681,0.0516478568316,0.364970505238,1.10730981827,-0.216818526387
547,1413393989.06,25,21182,0.000325901654421,0.000182525336741,0.000787101920873,0.0054191685491,0.0045660614225,0.0218152064104,0.00105280418713,0.00103447256488,0.00496316853262,47.1887387649,283.67106935,0.910934925079,25,25,-0.00132248841692,0.0243486706167,0.0786927193403,-0.00721325678751,0.139250934124,0.052188012749,0.420859515667,0.867120862007,0.151038005948
548,1413393989.26,25,21043,0.00033217825601,0.000178973301336,0.000784378849998,0.00550749727224,0.00458699329583,0.0217442399144,0.00107651771464,0.00103868570865,0.00495743966131,47.8606005282,280.818207229,0.917403161526,25,25,-0.0013215567451,0.0243422482163,0.0786849111319,-0.00293676694855,0.127363219857,0.0561019554734,0.482534557581,0.339741408825,0.514621257782
549,1413393989.41,25,21321,0.000336342603255,0.000213658171477,0.000892525576084,0.00579080696649,0.00515656031805,0.0216098426225,0.0011569606114,0.00121181985191,0.0049188315362,45.8971730597,277.105749828,0.920654952526,25,25,-0.00131998979487,0.024337509647,0.0786386877298,0.00417977618054,0.128682732582,0.0551501512527,0.558506727219,0.097187153995,0.641115963459
550,1413393989.61,25,20860,0.000328324326942,0.000228774164246,0.000912281273604,0.00573298120292,0.00534436162226,0.0215710189087,0.00112844130296,0.00115272468123,0.00490157358864,44.6401576676,276.867622196,0.917366921902,25,25,-0.00131059612613,0.0243150535971,0.0786410942674,0.0110655045137,0.127728924155,0.0544341281056,0.54700756073,0.17256256938,0.330144733191
551,1413393989.91,25,20893,0.000305821847401,0.00019747615062,0.000787089835993,0.00535937838011,0.00475973244575,0.0215209486218,0.00107173405905,0.0010825795418,0.00489610300391,44.5759781761,275.126482479,0.895170331001,25,25,-0.00133007171098,0.0243145879358,0.0786608234048,0.0109167266637,0.128810837865,0.0536657609046,0.459508001804,0.344453424215,-0.0260348264128
552,1413393990.06,25,20664,0.000306549868378,0.000200553255881,0.000786549397961,0.00533851970684,0.00479261991705,0.0215715670731,0.00108156109915,0.00107944888964,0.00490378002585,44.6077665572,276.425892397,0.929510951042,25,25,-0.00134121370502,0.0243125967681,0.0786599069834,0.0137135097757,0.136597782373,0.0556652620435,0.35617145896,0.35337767005,-0.14230518043
553,1413393990.21,25,20530,0.000307134163242,0.000205336488292,0.00077563593367,0.00543964776932,0.00496954594916,0.0215995638451,0.00113842989647,0.00123802063638,0.00491248103646,44.7911395682,276.28470761,0.924961030483,25,25,-0.00134643411729,0.0243052151054,0.0786490887403,0.0138958040625,0.136737957597,0.0577435046434,0.206929460168,0.342891722918,-0.272273004055
554,1413393990.46,25,20649,0.000314616910862,0.000195016078663,0.00078361547454,0.00548935644794,0.00489742204323,0.021600030339,0.00115131179005,0.00122432212879,0.00491326262454,44.7407087848,276.25147265,0.922766208649,25,25,-0.00133674452081,0.0243040248752,0.0786497667432,0.0155141865835,0.136305361986,0.055052369833,-0.0479360073805,0.325366854668,-0.294183492661
555,1413393990.66,25,19747,0.000282545635853,0.000213793565652,0.000789381917058,0.00563254785302,0.00632343699765,0.0248925746031,0.000998984363245,0.00112473616566,0.00488756763088,42.5888805158,273.253576697,0.937110841274,25,25,-0.00130243436433,0.0243201702833,0.0786432847381,0.00859207380563,0.137563899159,0.0578820370138,-0.237512797117,0.206713587046,-0.246743008494
556,1413393990.86,25,19717,0.00028912038258,0.00021694462484,0.000782323482661,0.00572895927659,0.00628551356979,0.0247631014486,0.00106010386993,0.00116596645385,0.00487272352683,42.7438360112,271.835651016,0.907988250256,25,25,-0.00133237871341,0.024317452684,0.0786247551441,0.00753443269059,0.137804955244,0.0630862638354,-0.275407671928,-0.174499347806,-0.0973866432905
557,1413393991.06,25,19859,0.000276657034565,0.000199004021901,0.000789733231018,0.00475301027439,0.00499659245252,0.0214444290967,0.000952722482018,0.00112575335976,0.00487171163077,42.4682796329,272.078363653,0.935219526291,25,25,-0.00133256195113,0.024290734902,0.0786107331514,0.00362709863111,0.135809391737,0.0633064433932,0.013172077015,-0.653231799603,0.119721367955
558,1413393991.21,25,20043,0.000281755468187,0.00019520262651,0.00078865652528,0.00477206151063,0.00497452490532,0.0213785367205,0.000955509601002,0.00112207241085,0.00486155034633,42.5092334427,270.408499269,0.927641272545,25,25,-0.00130685488693,0.0243267994374,0.0785930901766,0.00317494687624,0.131921410561,0.061043407768,0.240683883429,-0.685440659523,0.168027609587
559,1413393991.36,25,19207,0.00029091950736,0.00020354542038,0.000779256114427,0.00504300374303,0.00559405629102,0.0210324632089,0.000961049204332,0.00118391065757,0.00477303755868,40.2498968402,262.152052959,0.941388726234,25,25,-0.00131222046912,0.0243369620293,0.0785997286439,-0.00016812166723,0.136688709259,0.0608182549477,0.330933690071,-0.395324975252,0.107790790498
560,1413393991.56,25,19270,0.000279156377056,0.00019799179831,0.000775322018815,0.00445340586353,0.0048755159875,0.0207617755506,0.000866075106941,0.00109312348432,0.00470546699695,38.5089116109,254.760676818,0.937095463276,25,25,-0.00132438610308,0.024342879653,0.0786032527685,-0.00237672287039,0.134284242988,0.0518545210361,0.245658919215,0.0281819030643,0.0213837325573
561,1413393991.81,25,19252,0.000284575014038,0.000194633475296,0.000765400031515,0.00444880999192,0.00486755675438,0.0207278598833,0.000877409177275,0.0010876563981,0.00469963445593,38.440040692,253.611014604,0.931386470795,25,25,-0.00133879471105,0.0243442617357,0.0786006003618,0.0072985496372,0.128586798906,0.049365837127,-0.0754252821207,-0.0125323142856,0.177935093641
562,1413393991.96,25,19015,0.000284357827732,0.000196976904459,0.000766809161298,0.00428472946971,0.00487351818143,0.0202759205039,0.000814626262806,0.00104606670358,0.00458729119319,36.5643792413,245.149152978,0.916839241982,25,25,-0.00131172768306,0.0243683122098,0.0785963982344,0.00679681682959,0.132001206279,0.0440755784512,-0.203483387828,-0.183270454407,0.344318270683
563,1413393992.11,25,18767,0.000295950495621,0.000191388715083,0.000765285162613,0.00497465019383,0.00592170830072,0.0225393638644,0.000986252329889,0.00117402939117,0.00454188623176,36.9522771878,240.895158931,0.905846297741,25,25,-0.00130689132493,0.0243890788406,0.0785870105028,0.00656616920605,0.129774048924,0.0461259149015,-0.220448032022,-0.0760448798537,0.256565362215
564,1413393992.51,25,18595,0.000297332965304,0.000196350067098,0.000769994599266,0.00429728880315,0.00461676181646,0.0198220139276,0.000874836227985,0.00102054173922,0.00446964681418,35.9899606514,232.645041269,0.934407711029,25,25,-0.00129643571563,0.024387948215,0.0785894393921,0.00536160357296,0.132044404745,0.0450154729187,-0.150842785835,0.0195869766176,0.104903772473
565,1413393992.76,25,18426,0.000323547081663,0.00020920341177,0.000801648350495,0.00520012094354,0.00612569448036,0.0254902907195,0.000990221129924,0.00112933514294,0.00431589872838,36.3489215739,219.930118078,0.914602339268,25,25,-0.00129773328081,0.024426786229,0.0785742178559,0.00178218237124,0.136793240905,0.0428432226181,-0.262723445892,-0.115252308547,0.0329090431333
566,1413393993.26,25,18400,0.0003414536049,0.000195792447229,0.000808244375431,0.00544760900645,0.00597259424394,0.025535825555,0.00104718315464,0.00109171978092,0.0043085237666,37.3968264456,218.112136861,0.901658415794,25,25,-0.00131132197566,0.0244493875653,0.0785488560796,-0.00175581907388,0.133345022798,0.0407301671803,-0.134138464928,0.260056376457,-0.0197757594287
567,1413393993.61,25,18567,0.000325840907901,0.000199413564967,0.000770289321637,0.00463674434885,0.00432665387723,0.0186666442362,0.000956779129542,0.000964913040723,0.00419245915464,35.331887455,207.705396637,0.928977608681,25,25,-0.00128777639475,0.0244440492243,0.0785168483853,-0.013454192318,0.135471358895,0.0418299585581,0.18216226995,-0.451135843992,0.283936828375
568,1413393993.76,25,18605,0.000324430951357,0.000193431888223,0.000766943756579,0.0046787713165,0.00433809644164,0.0186689742739,0.000971439923027,0.00096095966138,0.00419641605378,35.1807536152,207.21730278,0.917629539967,25,25,-0.0013002329506,0.0244254115969,0.0785235092044,-0.0120317908004,0.139404565096,0.0487815365195,0.275039166212,-0.435883909464,0.207216918468
569,1413393993.91,25,18277,0.000323595058702,0.000211281343379,0.000907791049346,0.00475553361359,0.00455720212559,0.0182797966854,0.000994946601465,0.00103666695008,0.00411749795185,33.8580763111,199.509234424,0.92248749733,25,25,-0.00131077086553,0.0244382340461,0.0785702243447,-0.0142530901358,0.136469081044,0.0521208755672,0.288998007774,-0.227425292134,-0.134285792708
570,1413393994.06,25,18178,0.000317719807951,0.000232184718324,0.000863705608377,0.00465624633869,0.00527960974237,0.0258146087164,0.00112424468707,0.00178579216606,0.00904435750302,31.0453092047,241.221047297,0.941068947315,25,25,-0.00134033558425,0.0244255885482,0.0785745158792,-0.0134126842022,0.135903656483,0.0522182062268,0.264138579369,0.177329391241,-0.169263675809
571,1413393994.31,25,18223,0.000320118162166,0.000186307783642,0.000711123459713,0.0045975686218,0.00505622577891,0.0263585570598,0.00124996802882,0.00238346841489,0.0124804663033,26.8201561315,185.825162983,0.916247725487,25,25,-0.00135051563848,0.0244437754154,0.0785574540496,-0.00963397789747,0.136986508965,0.0590151585639,0.0595165938139,0.906996011734,0.254437893629
572,1413393994.46,25,18243,0.000334395683044,0.000182217485579,0.00070985229927,0.00480811638528,0.00499386776905,0.0263280907101,0.00129749454313,0.00236754119227,0.0124587510202,28.3348839698,185.824616536,0.931741118431,25,25,-0.00134791724849,0.0244254507124,0.0785546898842,0.00262890919112,0.127719551325,0.0654154345393,-0.1040372774,1.05399942398,0.107569500804
573,1413393994.61,25,18178,0.000360850714102,0.000250191438683,0.00116572990198,0.00516881482448,0.00614911114388,0.0325572256604,0.00143466500792,0.00309308797023,0.0162160259841,31.6337218099,219.393091526,0.895891487598,25,25,-0.00133723102044,0.0244396924973,0.0785819888115,0.0127026056871,0.123849488795,0.0731218382716,-0.164810851216,0.944277942181,-0.215929210186
574,1413393994.76,25,17993,0.000372378708271,0.000247899125519,0.00116790071407,0.00537259419502,0.00613136608946,0.0324574891691,0.00148763757734,0.00310661790637,0.0163317979539,33.0811063179,215.722116003,0.90636152029,25,25,-0.00135178479832,0.0244612228125,0.0785521194339,0.0265369508415,0.125731185079,0.0838701054454,-0.138770237565,0.507189869881,-0.305172741413
575,1413393995.26,25,17392,0.000391189948228,0.000273062655783,0.00135485135955,0.00543286889357,0.00596183754848,0.0314667716981,0.00157051906458,0.00336104019228,0.0176165378581,32.9890466484,190.26709565,0.500087380409,25,25,-0.00136113073677,0.0244486462325,0.0785253271461,0.0369088426232,0.132676512003,0.0847256928682,0.130559697747,-0.303487420082,-0.327102333307
576,1413393995.46,25,17416,0.00034015390419,0.000201949894926,0.000839209493915,0.00469628204515,0.00484294736154,0.021958717611,0.00179886050824,0.00538918320556,0.0280850420229,20.1968953375,73.5115982384,0.853699088097,25,25,-0.00137679139152,0.0245491713285,0.0784724652767,0.0455946400762,0.131805300713,0.0812126994133,-0.0437455624342,-0.336039364338,-0.318023979664
577,1413393995.61,25,17516,0.000338073646513,0.000213262458458,0.000902545322902,0.0042948923859,0.00330755789053,0.0175103829874,0.00181707609358,0.00535190607574,0.0279307151994,23.4422077228,92.7864806584,0.93010365963,25,25,-0.00140505062882,0.0245684143156,0.0784271582961,0.0370619036257,0.132409274578,0.0803836584091,-0.188248261809,-0.400528371334,-0.235355913639
578,1413393995.76,25,17106,0.000331642189302,0.000243674060398,0.00105213271941,0.0047307710942,0.00482293827948,0.0248671583266,0.00120346719541,0.00212654354767,0.0107858960683,24.5213700262,100.824831282,0.921539187431,25,25,-0.0013841210166,0.0246124714613,0.0784264951944,0.0257316865027,0.136852100492,0.0696969330311,-0.274030745029,-0.408555626869,-0.178329065442
579,1413393995.91,25,17381,0.000344344806965,0.00023046406054,0.00104530570276,0.00439689869921,0.00335613735583,0.0167197998523,0.0018457708196,0.0052605273721,0.0274870806833,25.6295402126,95.6966307285,0.886959135532,25,25,-0.00136432540603,0.0246317926794,0.0784082040191,0.0147147700191,0.136277124286,0.0617249943316,-0.352363079786,-0.336959093809,-0.167072206736
580,1413393996.06,25,16871,0.000330165646506,0.000253649509961,0.00111091246667,0.00489733704554,0.00505694742772,0.026055477552,0.0012096733664,0.00197757511631,0.00992275965894,26.0157174519,103.481797485,0.923779904842,25,25,-0.00137126154732,0.024596741423,0.0784102901816,0.0112447710708,0.13894315064,0.0569799169898,-0.469347178936,-0.252916634083,-0.176119923592
581,1413393996.26,25,16787,0.000325454100498,0.000255467940013,0.00111079857878,0.00498388679814,0.00507616995328,0.026272807066,0.0012195540178,0.00192810672546,0.00972905716739,26.1185606292,103.088612426,0.890257894993,25,25,-0.00134704005904,0.0246291160583,0.0784286260605,0.00137947185431,0.136202052236,0.0530845038593,-0.642142236233,-0.172955736518,-0.217103004456
582,1413393996.41,25,16800,0.000327879987555,0.000265814913734,0.00115467743277,0.00491106094588,0.00508874519747,0.026242986832,0.00122770055609,0.00192866864582,0.00975747980963,25.940470078,104.534277448,0.901858568192,25,25,-0.00138673908077,0.0246335715055,0.078446149826,-0.00423283223063,0.131361439824,0.0516255833209,-0.732971787453,-0.176988214254,-0.284883201122
583,1413393996.61,25,15774,0.000313220527174,0.000262339267115,0.00114639646942,0.00415178154154,0.00331365113673,0.0152528777145,0.000965863794814,0.00137417393694,0.00716538723375,24.5644697459,106.620249266,0.895928561687,25,25,-0.00140611198731,0.0246709100902,0.0784597992897,3.48368230334e-05,0.132445752621,0.0512933023274,-0.722914874554,-0.19212217629,-0.471078008413
584,1413393996.81,25,17002,0.000323354907121,0.000249585361297,0.00112161499674,0.00440555032218,0.00312934720436,0.0146049213585,0.00191232081135,0.00518379532231,0.0271271690745,25.954890262,105.513519849,0.869865477085,25,25,-0.00140523526352,0.0246709790081,0.0784446299076,-0.00495598232374,0.131670355797,0.056826710701,-0.59215515852,-0.219639122486,-0.360396772623
585,1413393997.01,25,16566,0.000303685496064,0.000254223098982,0.00110185887856,0.0048291103054,0.00514335549821,0.0269037511597,0.00121537109154,0.00166322756829,0.00810037739599,24.8040723408,107.950675716,0.912734389305,25,25,-0.00139469315764,0.0246562808752,0.078433573246,-0.0143557311967,0.134537920356,0.0596152730286,-0.463017225266,-0.211472123861,-0.257002025843
586,1413393997.46,25,17182,0.000327980417119,0.000240533447336,0.00107689373932,0.00453620628811,0.00317973158354,0.0152453135154,0.00196709513415,0.0051526038506,0.0269616434106,25.6664741967,106.678790354,0.862240374088,25,25,-0.00140342640225,0.0246521644294,0.0784296318889,-0.0233187470585,0.139755889773,0.0579949878156,-0.211484953761,-0.154663920403,-0.374759852886
587,1413393997.71,25,16758,0.000296905083792,0.000251143157424,0.00107968586287,0.00480233893641,0.00513698167208,0.0265783370439,0.00128756699106,0.00178802314079,0.00869004430152,24.215476048,106.410098853,0.915619134903,25,25,-0.00139869831037,0.0246258713305,0.0784079357982,-0.0239955987781,0.144847691059,0.0597461871803,-0.182116866112,-0.0566226430237,-0.359175562859
588,1413393997.86,25,16849,0.000299138326751,0.00026633668039,0.00107568109442,0.00486843436169,0.00504718709262,0.0260171750729,0.00135056097199,0.0019778929939,0.00941979408429,24.0837980732,106.522668993,0.933132827282,25,25,-0.00141094112769,0.0246595405042,0.0784212425351,-0.0262649375945,0.142721876502,0.057966735214,-0.157143726945,-0.00896451435983,-0.251242309809
589,1413393998.11,25,16618,0.000306909771368,0.000277014410205,0.00107685045168,0.00493150693355,0.00506879808748,0.0257010985247,0.00142691462135,0.00215057873316,0.00964142522134,23.9902223842,107.046621613,0.944159209728,25,25,-0.00138609774876,0.0246633961797,0.0784392356873,-0.0301258563995,0.141158148646,0.0581534430385,-0.0832000151277,0.0756167769432,-0.159627661109
590,1413393998.51,25,16362,0.000323148219617,0.00027104623756,0.00110091147061,0.00509881660963,0.0049406110729,0.025725472305,0.00145449103723,0.00209942636051,0.00953385459567,24.9156346299,108.954888335,0.9380864501,25,25,-0.00139807723463,0.0246404502541,0.078461587429,-0.0250653587282,0.144683972001,0.0560779981315,0.0454323627055,0.209245741367,0.0026966012083
591,1413393999.01,25,15007,0.000302733692071,0.000259582365545,0.00108926367242,0.0044962843468,0.00390363663,0.0196220599492,0.00111768423646,0.00142405495927,0.00696155678021,23.7861998859,108.687478624,0.946206927299,25,25,-0.00143062183633,0.024605197832,0.0784915089607,-0.0208348091692,0.155664116144,0.0515986159444,0.0270833466202,0.0340652130544,-0.0897077918053
592,1413393999.21,25,14906,0.000308148116718,0.000258710079206,0.00108442199706,0.00470782209948,0.00384915190438,0.0201060625626,0.0011693543034,0.00144029979397,0.00707346909366,24.1632203811,107.360430883,0.948836147785,25,25,-0.00143170682713,0.0246141888201,0.0784882605076,-0.0195516496897,0.155319899321,0.0544022731483,0.00718346284702,0.0705685317516,-0.159610360861
593,1413393999.36,25,14745,0.000309383724216,0.000258851736298,0.00108472173027,0.00496578431241,0.00395710947318,0.0212445749044,0.00123158105672,0.00148826071431,0.00710650326162,25.2714400419,108.280769601,0.941839694977,25,25,-0.00143205572385,0.0246324874461,0.0785034894943,-0.0239333175123,0.157912030816,0.0475273095071,0.0795943439007,0.10109680891,-0.170922145247
594,1413393999.51,25,14216,0.000306841582273,0.000270350248365,0.00107493061425,0.00458869644237,0.00227281684301,0.0100898255917,0.0010584948329,0.00114597821723,0.0059601614885,27.2897110862,106.522425429,0.955794095993,25,25,-0.00144670333248,0.0246436130255,0.0784917995334,-0.0344434604049,0.158403396606,0.0415886640549,0.123675219715,0.0655638203025,-0.142367959023
595,1413393999.61,25,14105,0.000314312571693,0.000268256196773,0.00107330141639,0.00522004040373,0.00395709209627,0.0211370666808,0.0013133784326,0.00145696352975,0.0069454437621,26.8324074582,105.891283081,0.966178655624,25,25,-0.00145364773925,0.0246740542352,0.0784652456641,-0.0457774884999,0.152019739151,0.0415293350816,0.167697817087,0.00503865256906,-0.12123580277
596,1413393999.71,25,13745,0.000303351469986,0.000268068799008,0.00106592819784,0.00457153089143,0.00249459638454,0.0100089534098,0.00108594944728,0.00106305707462,0.00532058651897,26.8063853892,103.978751258,0.975221991539,25,25,-0.0014728641836,0.0246954727918,0.0784720703959,-0.0447558239102,0.149428710341,0.0413679406047,0.162928372622,-0.0637162402272,-0.116951808333
597,1413393999.81,25,13589,0.00031020854913,0.000275653701544,0.00106754785497,0.00458240149332,0.00247469752851,0.00998496933564,0.00112983643381,0.00121827496865,0.00629292603525,26.8855594832,103.278338708,0.960459291935,25,25,-0.00147784780711,0.0246640983969,0.0784628912807,-0.0401861555874,0.145782589912,0.0421651937068,0.150722652674,-0.122390694916,-0.202629730105
598,1413393999.91,25,13376,0.000310438760017,0.000275561470783,0.00107031577068,0.00453910818683,0.00245519866226,0.00999350413795,0.00112610250294,0.00117742431624,0.00609218029847,26.3986666138,103.944127111,0.971944332123,25,25,-0.00147732207552,0.0246730167419,0.0784822925925,-0.0339565426111,0.14434030652,0.0444046892226,0.132381021976,-0.17766302824,-0.272263020277
599,1413394000.01,10,6255,0.00015457655081,0.00010425117473,0.000374761292034,0.00281851689734,0.0019308563692,0.00587950408067,0.000522240902231,0.000427676377114,0.00120892970808,11.0581045225,31.7549914875,0.941776990891,10,10,-0.00149685505312,0.0246721021831,0.0784650370479,-0.0347195342183,0.145308643579,0.0403414256871,0.0987181439996,-0.219120383263,-0.203601866961
600,1413394000.11,10,6085,0.00016615392256,0.000136027772451,0.000442969533434,0.00273401946607,0.0018833527326,0.00582713989541,0.000634741933631,0.000554982942321,0.00172822903472,11.0251301716,32.2707372795,0.943675279617,10,10,-0.00149798847269,0.0246759206057,0.0784699395299,-0.0305090360343,0.147873356938,0.0421729795635,-0.0031856817659,0.0256368201226,0.249129727483
601,1413394000.21,10,6062,0.000171889698811,0.000138071278196,0.000477200248153,0.00298602720204,0.00197143640917,0.00638194431445,0.000626575305375,0.000486323803058,0.00136704649693,12.4259392756,35.5556940124,0.935120344162,10,10,-0.00149642524775,0.0246708896011,0.0784658119082,-0.0266157053411,0.148575350642,0.0446334183216,-0.0249014347792,0.0358657129109,0.034373447299
602,1413394000.31,10,6053,0.000185541850908,0.000140058263812,0.000526116666804,0.003107283834,0.00195087163009,0.00637418481992,0.000671710741625,0.000494956437017,0.00150972575655,12.5583190547,35.7078403511,0.940552055836,10,10,-0.00149355898611,0.0246689729393,0.0784724205732,-0.0205969773233,0.145792394876,0.0453892759979,-0.0413338951766,-0.0330379419029,-0.275613158941
603,1413394000.41,10,5944,0.000182880331292,0.00012249459931,0.000447193881137,0.00305655455712,0.00198720251645,0.00628275963141,0.000596889518641,0.000420321671364,0.00119196611375,12.1925457216,34.7629226546,0.960379481316,10,10,-0.00149489275645,0.0246685761958,0.0784776881337,-0.019166411832,0.149019315839,0.0470467247069,0.00473293056712,-0.0119115617126,0.09501285851
604,1413394000.46,10,5546,0.000176274144267,0.000195222548728,0.000700128005343,0.00294635777475,0.00221867494443,0.00607916354765,0.000701464127808,0.000668126352098,0.00224836545919,10.6113248915,32.3952088753,0.958048701286,10,10,-0.00149354687892,0.0246726926416,0.0784805268049,-0.0189866051078,0.149245917797,0.0473551750183,0.0411773175001,0.0308845881373,-0.105688586831
605,1413394000.51,10,5322,0.000116305657953,0.00010093514579,0.000294267604281,0.00280652786907,0.00234181877935,0.0061200262764,0.000556042782054,0.000496352126283,0.00115313170719,10.1491117515,32.4234810909,0.937191128731,10,10,-0.0014916267246,0.0246725473553,0.0784771293402,-0.0177256092429,0.147828355432,0.0512261614203,-0.00451657688245,-0.0351438634098,-0.0331288203597
606,1413394000.96,10,5196,0.000128719085278,0.000102033204869,0.000306594085877,0.00302580363672,0.0023283789585,0.00651551477236,0.000606394569213,0.000468138398072,0.0012213957142,10.9122697752,36.5938073558,0.953634977341,10,10,-0.00149135652464,0.0246735457331,0.0784742087126,-0.0126547627151,0.150850653648,0.0554885491729,0.00923206936568,-0.00257511460222,-0.00188514019828
607,1413394001.46,25,12063,0.000303733831317,0.000302576115088,0.00101641589619,0.00499907902101,0.00417126229564,0.0197400313906,0.00198036496851,0.00363468508513,0.0174782860548,21.0775056652,84.24311555,0.876746356487,25,25,-0.00149240787141,0.0246710255742,0.0784782990813,-0.00693534594029,0.151928037405,0.0661100819707,-0.00529151316732,5.69574913243e-05,0.000339834135957
608,1413394001.96,25,11577,0.000286383254749,0.00028895000352,0.00100896530559,0.00469006336599,0.0041520645879,0.0174974176817,0.00161511908007,0.00314096310236,0.0153045104142,20.1659953567,81.1139180245,0.985193967819,25,25,-0.0014573072549,0.0246528368443,0.0785643234849,-0.00499000307173,0.153539150953,0.0594578534365,0.00453911768273,0.00118300912436,0.000437711074483
609,1413394002.46,25,11615,0.00030019147325,0.000285366887245,0.001014688326,0.00479541147814,0.00407552505262,0.0175704372912,0.00164830844641,0.00315567179464,0.0153676901404,20.7190902268,81.9768551596,0.977138698101,25,25,-0.00146166211925,0.0246051736176,0.0785893425345,0.000796691980213,0.154733374715,0.0585227124393,-0.000698034185916,-0.000454158085631,0.000495352549478
610,1413394002.96,25,11651,0.000302055235631,0.000380698881855,0.00186540067872,0.0045164736834,0.00495143500675,0.0266695279074,0.00123209974055,0.00240643918715,0.0128309578621,18.6434104604,76.8452826301,0.985635817051,25,25,-0.00146713678259,0.0245510507375,0.0785936936736,0.00505292695016,0.158236563206,0.0559675171971,6.53654497e-05,-0.000233421975281,-0.00289063458331
