1413393889605760512.000000 0.000000345 0.000000015 0.000000248 -0.000000012 0.000000005 0.000000032 1.000000000
1413393889655760384.000000 0.002466141 0.002686623 -0.002619793 -0.001847443 -0.006803269 -0.001398249 0.999974191
1413393889705760512.000000 0.006702916 0.002869090 -0.004452570 -0.004589084 -0.011156102 -0.005533865 0.999911964
1413393889755760384.000000 0.015346753 0.003103541 -0.006906858 -0.007332483 -0.016760996 -0.009635800 0.999786198
1413393889805760512.000000 0.027631542 0.005559585 -0.012142687 -0.009336172 -0.019769497 -0.012885368 0.999677956
1413393889855760384.000000 0.043943696 0.005824747 -0.014176024 -0.012049362 -0.022535393 -0.018691029 0.999498725
1413393889905760512.000000 0.065857500 0.008232374 -0.018613299 -0.014502126 -0.023168091 -0.026295956 0.999280512
1413393889955760384.000000 0.091220230 0.007376857 -0.022645758 -0.017229665 -0.019174667 -0.032832287 0.999128401
1413393890005760512.000000 0.121828720 0.006040683 -0.027887641 -0.018894393 -0.013487069 -0.039281610 0.998958528
1413393890055760384.000000 0.153322428 -0.000767183 -0.030933233 -0.019729292 -0.007915300 -0.039142825 0.999007523
1413393890105760512.000000 0.190333337 -0.007634093 -0.033636361 -0.018375617 -0.003928508 -0.035001066 0.999210656
1413393890155760384.000000 0.223523617 -0.014299237 -0.035452686 -0.016513202 0.000551186 -0.029948285 0.999414921
1413393890205760512.000000 0.248492062 -0.026060242 -0.032808289 -0.015370585 0.004180206 -0.025358859 0.999551535
1413393890255760384.000000 0.270931661 -0.034344435 -0.032180946 -0.013530795 0.007317143 -0.020490257 0.999671698
1413393890305760512.000000 0.289192945 -0.045864888 -0.027930725 -0.012403373 0.008998490 -0.015907845 0.999756038
1413393890355760384.000000 0.303495437 -0.056477897 -0.023642955 -0.011363391 0.009406117 -0.012489543 0.999813259
1413393890405760512.000000 0.314807773 -0.068304241 -0.015745334 -0.010390164 0.009492645 -0.009447896 0.999856412
1413393890455760384.000000 0.317669898 -0.083059169 -0.004382010 -0.009943507 0.012949560 -0.006878367 0.999843061
1413393890505760512.000000 0.320208579 -0.092303485 0.003234830 -0.008291267 0.021013467 -0.003687345 0.999738038
1413393890555760384.000000 0.323194593 -0.103528179 0.010924464 -0.006923531 0.032308657 -0.001240171 0.999453187
1413393890605760512.000000 0.326008677 -0.116415150 0.020394901 -0.007217763 0.041620780 -0.000998998 0.999106944
1413393890655760384.000000 0.329198331 -0.128528997 0.026458632 -0.007599457 0.043095414 -0.002211740 0.999039650
1413393890705760512.000000 0.332743973 -0.143065557 0.033558600 -0.008610186 0.038164046 -0.003906400 0.999226809
1413393890755760384.000000 0.335097551 -0.153601885 0.034536306 -0.008933175 0.031975474 -0.005337798 0.999434471
1413393890805760512.000000 0.337692589 -0.166246340 0.036585156 -0.009432792 0.025331976 -0.006106413 0.999616027
1413393890855760384.000000 0.342725337 -0.177314073 0.035778951 -0.009978241 0.019435151 -0.007545465 0.999732912
1413393890905760512.000000 0.346984684 -0.189593047 0.035639327 -0.010072500 0.015543434 -0.007664648 0.999799132
1413393890955760384.000000 0.353105128 -0.203662276 0.036676005 -0.010774285 0.012418282 -0.009289019 0.999821723
1413393891005760512.000000 0.360215038 -0.214939892 0.033411454 -0.010722404 0.010029474 -0.009712324 0.999845088
1413393891055760384.000000 0.367331147 -0.227154434 0.030873662 -0.010642716 0.008449386 -0.011036837 0.999846756
1413393891105760512.000000 0.374280453 -0.241676793 0.031070752 -0.010716977 0.009078717 -0.010857285 0.999842405
1413393891155760384.000000 0.385210246 -0.254111379 0.026372014 -0.009781766 0.008070934 -0.010021555 0.999869406
1413393891205760512.000000 0.394296497 -0.270485431 0.027316824 -0.009846042 0.009216974 -0.009879508 0.999860287
1413393891255760384.000000 0.401411086 -0.282768101 0.025291799 -0.008888739 0.011153454 -0.009076077 0.999857187
1413393891305760512.000000 0.405248344 -0.297819287 0.024240714 -0.008369649 0.019566989 -0.009210295 0.999731183
1413393891355760384.000000 0.407033086 -0.314122915 0.027961697 -0.007666075 0.041222844 -0.009133474 0.999078810
1413393891405760512.000000 0.402037650 -0.326894850 0.022976298 -0.005792107 0.071712092 -0.006666327 0.997386277
1413393891455760384.000000 0.399920613 -0.343367130 0.023761576 -0.003879881 0.101486087 -0.005874402 0.994812012
1413393891505760512.000000 0.394712687 -0.351148427 0.014109409 -0.001549725 0.123987213 -0.004824807 0.992270887
1413393891555760384.000000 0.381837428 -0.359186053 -0.001068111 0.001257707 0.137766540 -0.003645089 0.990457296
1413393891605760512.000000 0.368731201 -0.373641938 -0.018982593 0.000117531 0.142925799 -0.006674386 0.989710927
1413393891655760384.000000 0.355421633 -0.393259466 -0.042498928 -0.000086204 0.143540949 -0.006573156 0.989622593
1413393891705760512.000000 0.342264175 -0.417692602 -0.069284603 -0.001843222 0.143468246 -0.006563409 0.989631414
1413393891755760384.000000 0.332832366 -0.431990236 -0.108688250 -0.001484884 0.141453221 -0.006838502 0.989920199
1413393891805760512.000000 0.321359247 -0.444998652 -0.155154914 -0.001926830 0.138157979 -0.007576535 0.990379393
1413393891855760384.000000 0.307675570 -0.455386013 -0.210095540 -0.002051932 0.131697729 -0.008203153 0.991253912
1413393891905760512.000000 0.288281977 -0.473018110 -0.266710341 -0.003278050 0.119245179 -0.008490611 0.992823184
1413393891955760384.000000 0.258855402 -0.488116026 -0.325568259 -0.004615443 0.099537626 -0.009581761 0.994976997
1413393892005760512.000000 0.238694966 -0.503957748 -0.392584801 0.005526933 -0.074851416 0.009269904 -0.997136354
1413393892055760384.000000 0.220267713 -0.516595364 -0.467049390 0.006353490 -0.051740926 0.009521374 -0.998594940
1413393892105760512.000000 0.203660935 -0.535338879 -0.539932311 -0.007529731 0.034585558 -0.008076886 0.999340773
1413393892155760384.000000 0.187359929 -0.550355911 -0.615309238 0.008810628 -0.020656707 0.008851557 -0.999708712
1413393892205760512.000000 0.169669971 -0.566026032 -0.690152645 -0.009710530 0.011253279 -0.009340866 0.999845982
1413393892255760384.000000 0.152867556 -0.581787765 -0.764670491 0.011257450 -0.005514024 0.010735888 -0.999863863
1413393892305760512.000000 0.134903982 -0.597791255 -0.837288737 0.012273612 -0.002513728 0.010147907 -0.999870062
1413393892355760384.000000 0.113095708 -0.614042401 -0.908128619 -0.013391788 -0.001551396 -0.010274255 0.999856353
1413393892405760512.000000 0.091253631 -0.630421042 -0.976121187 0.014321710 0.005370772 0.009889249 -0.999834120
1413393892455760384.000000 0.065378644 -0.646048903 -1.040804029 -0.015508149 -0.008250023 -0.009773578 0.999798000
1413393892505760512.000000 0.039226260 -0.662792563 -1.104301810 0.016778363 0.009830580 0.010568050 -0.999755144
1413393892555760384.000000 0.001390786 -0.692413092 -1.153691888 -0.019291485 -0.012031815 -0.009181814 0.999699354
1413393892605760512.000000 -0.028920712 -0.710038662 -1.213108540 0.020065095 0.016500713 0.009137839 -0.999620795
1413393892655760384.000000 -0.060279083 -0.727899611 -1.270068645 0.020865008 0.023975004 0.009233275 -0.999452174
1413393892705760512.000000 -0.091710992 -0.746042371 -1.324086428 -0.022274891 -0.034754854 -0.009702021 0.999100566
1413393892755760384.000000 -0.122069120 -0.764603496 -1.376377463 0.022689475 0.048428297 0.009509262 -0.998523653
1413393892805760512.000000 -0.150846303 -0.783631504 -1.425704598 0.023249995 0.063149944 0.010706812 -0.997675776
1413393892855760384.000000 -0.176727593 -0.803104758 -1.471395493 0.023991145 0.075589769 0.010986833 -0.996789873
1413393892905760512.000000 -0.198891848 -0.822513103 -1.511684775 -0.024003394 -0.087671421 -0.010756175 0.995802164
1413393892955760384.000000 -0.218893170 -0.843273818 -1.548613787 0.023445047 0.098161109 0.011174688 -0.994831562
1413393893005760512.000000 -0.235376120 -0.864518821 -1.580434918 0.023557810 0.106369480 0.012325427 -0.993971229
1413393893055760384.000000 -0.248139784 -0.886592925 -1.606664419 0.022753702 0.110622644 0.012864297 -0.993518770
1413393893105760512.000000 -0.257282108 -0.909128249 -1.626855135 0.021997195 0.112160780 0.012941142 -0.993362367
1413393893155760384.000000 -0.262087911 -0.932187736 -1.641315579 0.020950353 0.108724497 0.012546552 -0.993771911
1413393893205760512.000000 -0.262825370 -0.955496073 -1.650199294 0.020079654 0.102482341 0.013960991 -0.994434178
1413393893255760384.000000 -0.259973198 -0.979320228 -1.653605461 0.019605953 0.096201688 0.013784899 -0.995073318
1413393893305760512.000000 -0.254200757 -1.003554344 -1.651919246 0.018610178 0.090212986 0.010406003 -0.995694280
1413393893355760384.000000 -0.246032268 -1.028181791 -1.645683646 0.017063651 0.086868048 0.004724704 -0.996062458
1413393893405760512.000000 -0.232685044 -1.050358415 -1.630703688 -0.016022488 -0.082166567 0.001515444 0.996488690
1413393893455760384.000000 -0.220056579 -1.074173093 -1.615570188 0.014474946 0.079000190 -0.007253642 -0.996743202
1413393893505760512.000000 -0.205756396 -1.097562909 -1.596372485 0.012337087 0.077610388 -0.012249966 -0.996832252
1413393893555760384.000000 -0.189615533 -1.119976163 -1.573318839 0.010585507 0.075487562 -0.016206428 -0.996958852
1413393893605760512.000000 -0.171720386 -1.141293168 -1.546244860 0.008746010 0.072896741 -0.020193283 -0.997096717
1413393893655760384.000000 -0.152745217 -1.161197066 -1.515282989 0.006676016 0.073053896 -0.024479676 -0.997005224
1413393893705760512.000000 -0.131829113 -1.179435015 -1.480397224 0.005152587 0.072199099 -0.029010825 -0.996954918
1413393893755760384.000000 -0.109680288 -1.195230365 -1.442308068 -0.003770581 -0.068638071 0.032606039 0.997101545
1413393893805760512.000000 -0.084316388 -1.209409475 -1.400535345 0.003236227 0.064677835 -0.033675801 -0.997332633
1413393893855760384.000000 -0.056488242 -1.221697330 -1.355801463 0.003730583 0.055640440 -0.034092974 -0.997861683
1413393893905760512.000000 -0.027327789 -1.232032061 -1.308235407 0.003914122 0.045600500 -0.031981383 -0.998440027
1413393893955760384.000000 0.002018680 -1.239677787 -1.259900928 -0.004332703 -0.033513535 0.030101229 0.998975515
1413393894005760512.000000 0.032807257 -1.246408463 -1.208424211 -0.004941067 -0.024889749 0.028970499 0.999258220
1413393894055760384.000000 0.063952297 -1.251139045 -1.156028509 0.004637236 0.019128395 -0.027268516 -0.999434412
1413393894105760512.000000 0.092460364 -1.257992029 -1.102734804 -0.004851863 -0.014665850 0.026949914 0.999517441
1413393894155760384.000000 0.124942742 -1.260198712 -1.048340201 -0.004045733 -0.013082940 0.027702468 0.999522448
1413393894205760512.000000 0.157512769 -1.261389613 -0.993744373 0.003128657 0.012364940 -0.028803336 -0.999503791
1413393894255760384.000000 0.190334246 -1.260449529 -0.937852204 -0.003067588 -0.011650251 0.029637970 0.999488175
1413393894305760512.000000 0.222706094 -1.257983804 -0.881481349 -0.002464062 -0.011260054 0.031769197 0.999428868
1413393894355760384.000000 0.251686811 -1.254260898 -0.823807478 -0.002388363 -0.010529417 0.032100368 0.999426365
1413393894405760512.000000 0.277584195 -1.248685598 -0.763933718 -0.002695041 -0.010462856 0.030746674 0.999468863
1413393894455760384.000000 0.298065752 -1.242183208 -0.702266335 -0.003273931 -0.009817715 0.028500279 0.999540210
1413393894505760512.000000 0.316128671 -1.234049559 -0.638126254 -0.003806726 -0.008439652 0.026231937 0.999612987
1413393894555760384.000000 0.327544332 -1.229867220 -0.573326886 -0.005565407 -0.005904961 0.023262242 0.999696493
1413393894605760512.000000 0.341425568 -1.219116092 -0.506513834 -0.006634633 -0.005122740 0.020287145 0.999759078
1413393894655760384.000000 0.352757841 -1.208944082 -0.440205902 -0.007604363 -0.002667945 0.017741229 0.999810219
1413393894705760512.000000 0.366193026 -1.196114182 -0.372717232 -0.008249659 -0.001241394 0.015946569 0.999838054
1413393894755760384.000000 0.380331546 -1.182443857 -0.305693120 0.008033198 -0.000297947 -0.014168359 -0.999867380
1413393894805760512.000000 0.394987643 -1.167939425 -0.238759443 0.007169236 -0.000272064 -0.014453220 -0.999869883
1413393894855760384.000000 0.406233639 -1.156444192 -0.174425468 -0.006917519 0.002268347 0.014005936 0.999875426
1413393894905760512.000000 0.422910005 -1.141122580 -0.108559251 -0.006245035 0.005255136 0.012692594 0.999886155
1413393894955760384.000000 0.439084649 -1.125847936 -0.044209152 0.006100914 -0.010498662 -0.011207179 -0.999863505
1413393895005760512.000000 0.456279278 -1.112904429 0.021762533 -0.006115700 0.016590040 0.010077710 0.999792874
1413393895055760384.000000 0.474376708 -1.096648693 0.084930837 -0.005235228 0.022539070 0.009342463 0.999688625
1413393895105760512.000000 0.491499692 -1.081435800 0.145317450 -0.005240717 0.024284527 0.007646967 0.999662101
1413393895155760384.000000 0.509701729 -1.064967036 0.206213787 -0.005058121 0.023089297 0.006245873 0.999701202
1413393895205760512.000000 0.527603030 -1.048347473 0.265783787 0.004441412 -0.019891316 -0.005930368 -0.999774754
1413393895255760384.000000 0.546530485 -1.032711029 0.324066103 -0.004589540 0.018011503 0.005156375 0.999813974
1413393895305760512.000000 0.563734651 -1.016025543 0.382047713 -0.004093227 0.018948959 0.004937041 0.999799907
1413393895355760384.000000 0.579210281 -0.999559760 0.437896609 0.004184816 -0.021260533 -0.004035602 -0.999757111
1413393895405760512.000000 0.594326854 -0.982810259 0.503593802 -0.004406196 0.024652971 0.004317752 0.999677062
1413393895455760384.000000 0.603939176 -0.965802312 0.558945477 -0.005225793 0.025785586 0.003481466 0.999647796
1413393895505760512.000000 0.612358749 -0.949432492 0.614457011 -0.007318871 0.027641656 0.004092946 0.999582767
1413393895555760384.000000 0.618496895 -0.931801736 0.667543113 -0.010935649 0.026963159 0.005840929 0.999559581
1413393895605760512.000000 0.625024140 -0.913874865 0.720091164 0.015254349 -0.026719676 -0.009239893 -0.999483883
1413393895655760384.000000 0.634190798 -0.895003319 0.777474463 -0.021979397 0.026421053 0.010197910 0.999357224
1413393895705760512.000000 0.642731547 -0.876641750 0.825552821 -0.030205579 0.030374873 0.010238171 0.999029636
1413393895755760384.000000 0.652325392 -0.857747674 0.875716329 -0.039203219 0.032190841 0.012819926 0.998630404
1413393895805760512.000000 0.661772490 -0.839309275 0.920580328 -0.049671303 0.035518333 0.015836880 0.998008251
1413393895855760384.000000 0.671847522 -0.820750237 0.964968324 -0.062257193 0.037220083 0.019320384 0.997178733
1413393895905760512.000000 0.681438923 -0.802113891 1.005339861 -0.077266999 0.037975419 0.022510190 0.996032655
1413393895955760384.000000 0.691280842 -0.783321798 1.044454455 -0.092783511 0.037927851 0.028719796 0.994549155
1413393896005760512.000000 0.700741410 -0.765233457 1.079714656 -0.110993169 0.035615359 0.031889372 0.992670715
1413393896055760384.000000 0.709827542 -0.746433496 1.115484595 -0.130383879 0.034520887 0.036908075 0.990174890
1413393896105760512.000000 0.718499899 -0.729734540 1.147252202 -0.151551127 0.034188677 0.041040067 0.987005174
1413393896155760384.000000 0.730695426 -0.709320486 1.186335087 -0.171629190 0.035290726 0.047302905 0.983392358
1413393896205760512.000000 0.739952087 -0.694545388 1.214989543 -0.192794815 0.037494656 0.051813390 0.979152560
1413393896255760384.000000 0.749575496 -0.680539310 1.241641879 0.214730725 -0.043621782 -0.055638433 -0.974111021
1413393896305760512.000000 0.761302948 -0.665085912 1.270971894 -0.235937789 0.048417233 0.059434809 0.968739688
1413393896355760384.000000 0.770185173 -0.654884696 1.292740583 -0.257219702 0.053421147 0.064291522 0.962731004
1413393896405760512.000000 0.779697835 -0.646329284 1.311915278 0.277661115 -0.058895364 -0.073048405 -0.956085622
1413393896455760384.000000 0.788987756 -0.640603662 1.327724099 0.295549333 -0.064953521 -0.087849885 -0.949059546
1413393896505760512.000000 0.802218437 -0.628021240 1.356017828 -0.313301951 0.066252813 0.103042662 0.941719055
1413393896555760384.000000 0.810428619 -0.626627386 1.364603400 -0.330497444 0.065345310 0.120810010 0.933759332
1413393896605760512.000000 0.817870378 -0.625788033 1.371053219 0.347646743 -0.062219378 -0.136994496 -0.925474524
1413393896655760384.000000 0.825348973 -0.625283062 1.374830484 0.364100635 -0.058771372 -0.152142897 -0.916967452
1413393896705760512.000000 0.832590222 -0.624884367 1.375812769 0.379901588 -0.056379441 -0.168037951 -0.907887399
1413393896755760384.000000 0.839473844 -0.624111056 1.374061227 0.394731790 -0.054203358 -0.184563771 -0.898434758
1413393896805760512.000000 0.854484320 -0.605879843 1.392780185 -0.409522891 0.052247010 0.200360984 0.888491273
1413393896855760384.000000 0.860011101 -0.603158951 1.385214329 -0.423093259 0.048978802 0.216503128 0.878475726
1413393896905760512.000000 0.864859462 -0.596802771 1.376899958 0.436489105 -0.042944334 -0.232582510 -0.868065953
1413393896955760384.000000 0.868457198 -0.589358747 1.364301085 0.449655354 -0.033229522 -0.245515794 -0.858153760
1413393897005760512.000000 0.874830186 -0.569261134 1.363111377 -0.461978942 0.016307529 0.254434526 0.849454343
1413393897055760384.000000 0.874635577 -0.556376576 1.346976519 -0.474218607 -0.006396892 0.256699026 0.842129111
1413393897105760512.000000 0.874190927 -0.538243413 1.331324458 0.487094790 0.027768679 -0.251114696 -0.836007774
1413393897155760384.000000 0.872642815 -0.516856313 1.315623045 0.499289572 0.045239057 -0.240054056 -0.831286609
1413393897205760512.000000 0.872760355 -0.487025619 1.311025262 -0.511999547 -0.057696477 0.223115027 0.827494562
1413393897255760384.000000 0.872516513 -0.459179759 1.298637033 -0.524328172 -0.063422725 0.200674906 0.825098336
1413393897305760512.000000 0.875548601 -0.423220515 1.295321465 -0.535586476 -0.063234657 0.175625175 0.823592305
1413393897355760384.000000 0.878743172 -0.392239809 1.290764809 -0.543883801 -0.058885306 0.155750394 0.822474837
1413393897405760512.000000 0.878798187 -0.355909526 1.292052627 -0.548784137 -0.048840515 0.146880746 0.821508825
1413393897455760384.000000 0.883743227 -0.323745370 1.296503425 -0.549844205 -0.036818754 0.146049336 0.821574926
1413393897505760512.000000 0.890265107 -0.292027473 1.305755854 0.548958838 0.025159894 -0.148621500 -0.822145283
1413393897555760384.000000 0.898887992 -0.254741549 1.319116950 -0.547457576 -0.016200906 0.151610121 0.822825670
1413393897605760512.000000 0.906420410 -0.225292087 1.333006620 -0.545001447 -0.011002349 0.157304659 0.823472977
1413393897655760384.000000 0.915088117 -0.194812119 1.349138975 0.542475998 0.008395115 -0.161376804 -0.824382782
1413393897705760512.000000 0.925976515 -0.159056306 1.368787050 -0.540010273 -0.007899048 0.164665461 0.825355589
1413393897755760384.000000 0.937040031 -0.130557418 1.387348175 -0.538757920 -0.008267914 0.165818602 0.825939357
1413393897805760512.000000 0.950063527 -0.100504160 1.407581687 0.537471771 0.009405610 -0.164985687 -0.826931298
1413393897855760384.000000 0.970567405 -0.071992934 1.423820496 -0.538519919 -0.010419373 0.163554102 0.826521516
1413393897905760512.000000 0.984958649 -0.043218851 1.445471525 -0.540968835 -0.012307096 0.162519053 0.825099349
1413393897955760384.000000 1.001097083 -0.012363911 1.469245434 -0.546002150 -0.015237221 0.159826055 0.822256207
1413393898005760512.000000 1.017644286 0.016063094 1.493139982 -0.553345382 -0.017826682 0.156642377 0.817896247
1413393898055760384.000000 1.036585808 0.045443296 1.519446969 -0.563445032 -0.020136183 0.152377889 0.811729729
1413393898105760512.000000 1.056739211 0.073052645 1.546580553 0.575150132 0.016747881 -0.146041214 -0.804732144
1413393898155760384.000000 1.079096079 0.098693490 1.576275468 -0.587809324 -0.005835894 0.140763268 0.796637893
1413393898205760512.000000 1.101335526 0.121431589 1.606895447 -0.600605905 0.010071585 0.137763306 0.787522912
1413393898255760384.000000 1.128711104 0.138394833 1.634783506 -0.612464786 0.029666111 0.134215444 0.778455615
1413393898305760512.000000 1.153979659 0.154102802 1.668763161 -0.621645033 0.049885184 0.132190004 0.770451009
1413393898355760384.000000 1.180217147 0.165945053 1.704324603 -0.628342509 0.072885990 0.133204296 0.762974501
1413393898405760512.000000 1.206582189 0.172219634 1.739995122 -0.633362710 0.096785948 0.133012831 0.756169200
1413393898455760384.000000 1.233209968 0.172223449 1.775159597 -0.635801435 0.121679097 0.133857816 0.750355244
1413393898505760512.000000 1.256902337 0.166453958 1.810023785 0.636318028 -0.139786288 -0.139265969 -0.745764136
1413393898555760384.000000 1.274542570 0.159410477 1.847902775 -0.631610930 0.145255968 0.158899099 0.744794965
1413393898605760512.000000 1.288646698 0.142326236 1.881820440 -0.626520097 0.133483663 0.182431415 0.745904505
1413393898655760384.000000 1.298985958 0.121475339 1.913855553 -0.620097697 0.117536679 0.209247410 0.746913373
1413393898705760512.000000 1.305901527 0.094563484 1.943261147 -0.613861620 0.095142819 0.234932691 0.747615218
1413393898755760384.000000 1.309688807 0.066204906 1.970117688 -0.606562853 0.069547705 0.261696309 0.747502267
1413393898805760512.000000 1.310639739 0.036693573 1.994215488 -0.598899543 0.040342927 0.287593871 0.746311963
1413393898855760384.000000 1.310291529 0.013613224 2.014439344 -0.591796994 0.011217360 0.310944885 0.743615389
1413393898905760512.000000 1.312807322 -0.010273695 2.030283213 -0.586387873 -0.013320379 0.329555660 0.739841104
1413393898955760384.000000 1.314432144 -0.026259184 2.042421341 0.582647443 0.036824897 -0.342716128 -0.736010671
1413393899005760512.000000 1.319839478 -0.037045002 2.050527334 0.580922842 0.059280239 -0.349644601 -0.732641280
1413393899055760384.000000 1.327570200 -0.035930872 2.055848360 0.584391236 0.077032275 -0.344843656 -0.730503798
1413393899105760512.000000 1.339673996 -0.027023077 2.057687283 0.592447340 0.086426675 -0.327852637 -0.730786681
1413393899155760384.000000 1.358931184 -0.008013248 2.056771040 -0.605556667 -0.079182915 0.299736172 0.732932150
1413393899205760512.000000 1.379970312 0.018371344 2.057099819 -0.621036053 -0.057739127 0.265035927 0.735347867
1413393899255760384.000000 1.404181242 0.047871113 2.057561159 -0.634969175 -0.026875248 0.228932515 0.737347841
1413393899305760512.000000 1.428992867 0.078643799 2.060050488 -0.646737814 0.011510431 0.193801254 0.737589896
1413393899355760384.000000 1.456205368 0.105225325 2.062770367 -0.654587865 0.048485361 0.163482234 0.736503661
1413393899405760512.000000 1.480671644 0.130297542 2.067419529 -0.658568323 0.081667341 0.139805213 0.734896421
1413393899455760384.000000 1.505311728 0.148394465 2.072113991 -0.660228729 0.110092409 0.121920004 0.732880056
1413393899505760512.000000 1.529863834 0.159472466 2.077615499 -0.658688605 0.141062751 0.108699471 0.731036961
1413393899555760384.000000 1.553698301 0.157554030 2.085790634 -0.655481577 0.167707577 0.099221438 0.729639113
1413393899605760512.000000 1.574727178 0.150049329 2.089787722 -0.650754452 0.187698796 0.097195357 0.729274213
1413393899655760384.000000 1.591793776 0.133109570 2.092138767 0.643521905 -0.197800532 -0.105605192 -0.731848478
1413393899705760512.000000 1.604704142 0.106507897 2.093436003 0.635006487 -0.195320576 -0.122853816 -0.737240493
1413393899755760384.000000 1.613012552 0.071393132 2.092879295 0.625034034 -0.179352373 -0.151880950 -0.744377196
1413393899805760512.000000 1.620019794 0.027637720 2.086895466 -0.614497840 0.157538146 0.183488861 0.750936806
1413393899855760384.000000 1.621897459 -0.021135807 2.080129623 -0.602005184 0.131583914 0.219850779 0.756267905
1413393899905760512.000000 1.613792419 -0.075047970 2.077848673 -0.589271307 0.100903101 0.257423550 0.759151578
1413393899955760384.000000 1.608904362 -0.129445076 2.064797401 -0.575765789 0.065610468 0.295187712 0.759640276
1413393900005760512.000000 1.602911592 -0.182038307 2.046694040 0.565115750 -0.034368925 -0.326062202 -0.757064283
1413393900055760384.000000 1.595448971 -0.231046438 2.024298429 0.558565259 -0.008642762 -0.348131597 -0.752817810
1413393900105760512.000000 1.587185383 -0.273424387 1.992510796 0.555376172 0.013489837 -0.362310767 -0.748402476
1413393900155760384.000000 1.577049732 -0.308703423 1.962348938 0.556841612 0.033621274 -0.366429210 -0.744665504
1413393900205760512.000000 1.564654708 -0.336503029 1.930047989 -0.560274780 -0.051883176 0.365772039 0.741357684
1413393900255760384.000000 1.551653981 -0.355099678 1.895220280 -0.566649139 -0.068818152 0.356647402 0.739577949
1413393900305760512.000000 1.534892321 -0.362677097 1.861511230 -0.576334119 -0.081830546 0.340530366 0.738364398
1413393900355760384.000000 1.520961285 -0.363635540 1.826222539 -0.586861014 -0.088820152 0.319378585 0.738716722
1413393900405760512.000000 1.506261468 -0.356773138 1.791892290 -0.599482417 -0.084665798 0.293285966 0.739889145
1413393900455760384.000000 1.492202163 -0.344035387 1.760022998 -0.611980259 -0.074204952 0.266567647 0.740888357
1413393900505760512.000000 1.477637172 -0.327436447 1.729947686 -0.623521209 -0.056076184 0.239800632 0.742005646
1413393900555760384.000000 1.462042093 -0.308117390 1.703878880 -0.634368241 -0.033272583 0.212645411 0.742463350
1413393900605760512.000000 1.444021583 -0.287273288 1.679748893 -0.644074440 -0.003364599 0.184655011 0.742333829
1413393900655760384.000000 1.425598860 -0.268610358 1.659575939 -0.651518703 0.026858717 0.159420773 0.741206527
1413393900705760512.000000 1.404919624 -0.256560445 1.643105030 -0.656908572 0.057652202 0.138138816 0.738962114
1413393900755760384.000000 1.381367683 -0.246202469 1.627830029 -0.659187913 0.082879595 0.123735137 0.737083435
1413393900805760512.000000 1.357071996 -0.242834091 1.612992525 -0.658888161 0.103049338 0.117670290 0.735799551
1413393900855760384.000000 1.332422018 -0.245559692 1.599732757 -0.656106472 0.116340801 0.121431127 0.735692620
1413393900905760512.000000 1.306348562 -0.255170465 1.586557865 0.651498795 -0.119723067 -0.133758977 -0.737105310
1413393900955760384.000000 1.280628204 -0.274842143 1.573928952 -0.644351423 0.114635348 0.155556500 0.739913702
1413393901005760512.000000 1.254769444 -0.297894955 1.559448361 -0.636327267 0.104931861 0.181069613 0.742489576
1413393901055760384.000000 1.229205608 -0.326712728 1.544251204 -0.627264142 0.091641106 0.207914740 0.744924843
1413393901105760512.000000 1.203914404 -0.358456373 1.524649739 -0.620566964 0.067871265 0.229982212 0.746591210
1413393901155760384.000000 1.173491716 -0.389037490 1.511273146 0.614381850 -0.038754366 -0.251630455 -0.746803343
1413393901205760512.000000 1.149718761 -0.422578454 1.487760425 0.610128939 -0.007186611 -0.264977187 -0.746644616
1413393901255760384.000000 1.127452970 -0.453523874 1.463467717 0.607141793 0.020351870 -0.273782253 -0.745659471
1413393901305760512.000000 1.107551098 -0.481177568 1.437664151 0.604992628 0.043316562 -0.280058026 -0.744093478
1413393901355760384.000000 1.088066459 -0.503784895 1.412113309 0.603779972 0.059640594 -0.283738256 -0.742553234
1413393901405760512.000000 1.071750879 -0.520985007 1.386748075 0.602422416 0.072585449 -0.287360549 -0.741109014
1413393901455760384.000000 1.056458116 -0.532832742 1.362161875 -0.601450026 -0.082980826 0.290999860 0.739385724
1413393901505760512.000000 1.033795238 -0.529450655 1.344436526 -0.601615012 -0.091717087 0.290257186 0.738510787
1413393901555760384.000000 1.022551656 -0.527443647 1.322656512 -0.602106273 -0.099252656 0.288654923 0.737763822
1413393901605760512.000000 1.014060616 -0.517412424 1.302921772 0.604244113 0.103820406 -0.282823294 -0.737645805
1413393901655760384.000000 1.009253740 -0.500275850 1.284894466 0.609596550 0.102708451 -0.268436521 -0.738772511
1413393901705760512.000000 1.007379413 -0.475802064 1.269263625 -0.617063999 -0.093314633 0.247895211 0.740994215
1413393901755760384.000000 1.008964777 -0.446994662 1.256605506 -0.624724865 -0.079532519 0.227395445 0.742754817
1413393901805760512.000000 1.010935664 -0.411470413 1.247662783 -0.631108224 -0.059743993 0.209898859 0.744362593
1413393901855760384.000000 1.014179587 -0.378217340 1.241870403 -0.635289609 -0.041823190 0.199788600 0.744810462
1413393901905760512.000000 1.017384052 -0.343434095 1.239394546 0.636626720 0.028931050 -0.197834015 -0.744802773
1413393901955760384.000000 1.028656244 -0.304036975 1.241526127 0.636044025 0.024012012 -0.198857084 -0.745202899
1413393902005760512.000000 1.039231062 -0.268681169 1.234449744 -0.636097252 -0.019936513 0.201161250 0.744659007
1413393902055760384.000000 1.044614553 -0.233288646 1.238833189 -0.635738850 -0.018139388 0.203895614 0.744267285
1413393902105760512.000000 1.051113605 -0.197403789 1.244830132 0.635812879 0.018422298 -0.205452830 -0.743768692
1413393902155760384.000000 1.059046745 -0.161369205 1.252425432 0.636435211 0.017762646 -0.204303041 -0.743569195
1413393902205760512.000000 1.067523599 -0.125387669 1.261816382 0.636711299 0.018768640 -0.204102963 -0.743362963
1413393902255760384.000000 1.059962749 -0.088490844 1.278210282 -0.638303697 -0.016877118 0.203652456 0.742165267
1413393902305760512.000000 1.070264935 -0.052110672 1.291088939 -0.638608217 -0.017290952 0.203437135 0.741952777
1413393902355760384.000000 1.080381751 -0.015450120 1.305838108 -0.639081895 -0.017733499 0.202563539 0.741773546
1413393902405760512.000000 1.088152051 0.022015214 1.322199464 -0.639893889 -0.016310357 0.200802043 0.741585016
1413393902455760384.000000 1.096279502 0.059094310 1.341535926 -0.640817046 -0.014453895 0.198100492 0.741552949
1413393902505760512.000000 1.103885174 0.095243931 1.362805605 0.641947985 0.011191210 -0.195050105 -0.741439819
1413393902555760384.000000 1.109108210 0.133867383 1.385877490 -0.642259657 -0.010187838 0.194419622 0.741349995
1413393902605760512.000000 1.120173454 0.169084072 1.410524726 -0.642123163 -0.009953454 0.194953635 0.741331220
1413393902655760384.000000 1.134200811 0.204560876 1.436526299 0.642064631 0.010960941 -0.196147457 -0.741052747
1413393902705760512.000000 1.149452090 0.240365267 1.461228132 -0.642153740 -0.011249086 0.196943849 0.740759909
1413393902755760384.000000 1.171216130 0.274446845 1.488547802 -0.641504467 -0.011600113 0.199239448 0.740703166
1413393902805760512.000000 1.196096659 0.308568239 1.516821384 -0.639293373 -0.009837074 0.207256377 0.740440488
1413393902855760384.000000 1.220689058 0.342880011 1.544058561 -0.635645449 -0.006297520 0.217990756 0.740537167
1413393902905760512.000000 1.248272061 0.377089620 1.573896885 -0.630335152 -0.003819640 0.234008357 0.740204811
1413393902955760384.000000 1.275518298 0.413307786 1.603875399 0.625284493 0.002652812 -0.248965517 -0.739613771
1413393903005760512.000000 1.302850008 0.449264526 1.630097389 -0.620693147 -0.000589652 0.262060404 0.738961518
1413393903055760384.000000 1.330847740 0.488231540 1.658129215 -0.617863953 0.002318514 0.271241844 0.738015354
1413393903105760512.000000 1.360229731 0.529452324 1.685743809 -0.618317842 0.003652434 0.271627933 0.737487614
1413393903155760384.000000 1.389255881 0.572447538 1.709695339 -0.620972335 0.007012304 0.265709788 0.737389028
1413393903205760512.000000 1.417336106 0.616555095 1.731973886 -0.624508679 0.008652024 0.257949620 0.737140536
1413393903255760384.000000 1.444498777 0.662641048 1.753875732 -0.629029334 0.010459984 0.250332564 0.735898376
1413393903305760512.000000 1.470469832 0.709210396 1.774003267 0.634552836 -0.011793265 -0.243849218 -0.733308494
1413393903355760384.000000 1.494588494 0.754996777 1.794221163 -0.641272664 0.011173999 0.240333050 0.728618324
1413393903405760512.000000 1.515047550 0.802770019 1.814296007 -0.649856925 0.012578996 0.239432961 0.721248627
1413393903455760384.000000 1.531800508 0.850542545 1.836261988 -0.659183443 0.015319346 0.241791517 0.711884499
1413393903505760512.000000 1.541950464 0.898125052 1.858537912 -0.668977499 0.019833565 0.246373922 0.700981975
1413393903555760384.000000 1.546681166 0.944427371 1.882180929 0.679363668 -0.025703698 -0.250856221 -0.689112186
1413393903605760512.000000 1.550180197 0.989828348 1.905909300 0.689886987 -0.036188222 -0.253408909 -0.677148759
1413393903655760384.000000 1.552688360 1.034816980 1.928554058 0.700321913 -0.047396153 -0.254891366 -0.665081382
1413393903705760512.000000 1.555423021 1.078306913 1.950695157 0.709405959 -0.056735955 -0.258025229 -0.653412044
1413393903755760384.000000 1.557625175 1.120680213 1.970328093 0.717959702 -0.064660788 -0.260791838 -0.642137408
1413393903805760512.000000 1.563220739 1.162593961 1.989341736 -0.724098921 0.069781855 0.266507715 0.632285535
1413393903855760384.000000 1.564743161 1.201301813 2.005063295 -0.727808177 0.074763358 0.274830759 0.623837888
1413393903905760512.000000 1.566763759 1.238657951 2.018739939 -0.730167389 0.079307921 0.283380359 0.616653442
1413393903955760384.000000 1.570642710 1.274026155 2.029135704 -0.732083678 0.083760299 0.290483892 0.610456288
1413393904005760512.000000 1.573215008 1.307298183 2.036025524 -0.734162450 0.086685739 0.294911653 0.605407476
1413393904055760384.000000 1.577019453 1.339773655 2.039837360 -0.735685527 0.086298428 0.298517883 0.601835966
1413393904105760512.000000 1.575299621 1.369444847 2.041702271 -0.738506973 0.084502645 0.297831565 0.598968446
1413393904155760384.000000 1.570382357 1.397227764 2.041588783 -0.740686119 0.078263268 0.297183633 0.597445369
1413393904205760512.000000 1.568446994 1.431171656 2.043952465 0.742885649 -0.071373492 -0.296164602 -0.596081734
1413393904255760384.000000 1.559928775 1.455510378 2.039708138 0.744374037 -0.064273730 -0.295187443 -0.595517159
1413393904305760512.000000 1.556615829 1.479726553 2.031499386 0.746250808 -0.059263431 -0.292398900 -0.595063448
1413393904355760384.000000 1.553987026 1.501398802 2.019531488 0.747464061 -0.057317924 -0.290000975 -0.594904780
1413393904405760512.000000 1.556125522 1.522639036 2.004443645 0.748830914 -0.055702992 -0.289242476 -0.593707263
1413393904455760384.000000 1.559926867 1.542522192 1.984331727 0.751018107 -0.054835606 -0.288834929 -0.591218531
1413393904505760512.000000 1.568408132 1.563623190 1.961040854 0.754211128 -0.053737413 -0.288444728 -0.587433040
1413393904555760384.000000 1.578196764 1.582576990 1.933266759 0.759298027 -0.049872831 -0.286567897 -0.582115173
1413393904605760512.000000 1.585912585 1.603081703 1.904980183 0.765137911 -0.036382541 -0.286822736 -0.575302601
1413393904655760384.000000 1.591950893 1.620087862 1.875435114 0.770788372 -0.016900849 -0.289517730 -0.567255855
1413393904705760512.000000 1.594890594 1.636879444 1.847146630 0.775712967 0.000329669 -0.295617580 -0.557565808
1413393904755760384.000000 1.595386982 1.654052019 1.819238424 0.780833602 0.016415183 -0.302238494 -0.546517491
1413393904805760512.000000 1.595650554 1.672760487 1.792927504 0.786239505 0.028051689 -0.308032453 -0.534936130
1413393904855760384.000000 1.593675017 1.694070101 1.766172647 0.792587161 0.036603391 -0.311694801 -0.522792757
1413393904905760512.000000 1.590398073 1.717591524 1.740523696 0.800191879 0.039898593 -0.312170058 -0.510539949
1413393904955760384.000000 1.586548805 1.744274855 1.715212345 0.810249805 0.038585238 -0.306763351 -0.497898430
1413393905005760512.000000 1.581373692 1.777018547 1.690350294 0.821490824 0.032818694 -0.298774570 -0.484571636
1413393905055760384.000000 1.574259281 1.808878899 1.667749286 0.832251310 0.027111104 -0.291032463 -0.471086919
1413393905105760512.000000 1.564211965 1.842090368 1.647950053 0.841904998 0.021967566 -0.285597712 -0.457326412
1413393905155760384.000000 1.552488804 1.876302481 1.630640984 0.850748956 0.016422607 -0.282314807 -0.443006694
1413393905205760512.000000 1.536231637 1.910585165 1.616539001 0.858143210 0.009415718 -0.282170892 -0.428813815
1413393905255760384.000000 1.518139482 1.944765329 1.605043054 0.864929616 0.002648155 -0.283205003 -0.414348483
1413393905305760512.000000 1.503192186 1.979680300 1.594781518 0.871012986 -0.004566676 -0.285734534 -0.399588883
1413393905355760384.000000 1.485467434 2.014134407 1.586393118 0.876426458 -0.010710423 -0.289040983 -0.384990156
1413393905405760512.000000 1.469537377 2.048132658 1.579318643 0.881333113 -0.014766451 -0.292523414 -0.370761365
1413393905455760384.000000 1.454622269 2.081765890 1.572722077 0.886346698 -0.018771069 -0.295451880 -0.356013060
1413393905505760512.000000 1.441060901 2.114617348 1.566752553 0.890805721 -0.021691864 -0.299255490 -0.341234505
1413393905555760384.000000 1.433697939 2.150103331 1.558679104 0.894158304 -0.027400510 -0.305396676 -0.326286703
1413393905605760512.000000 1.421414495 2.180656195 1.554044008 0.896797240 -0.034340333 -0.313192338 -0.310622066
1413393905655760384.000000 1.410643101 2.210212231 1.549319148 0.899544358 -0.041363474 -0.319532812 -0.294971019
1413393905705760512.000000 1.400569916 2.237869740 1.544148922 0.902524173 -0.048993964 -0.324153274 -0.279238999
1413393905755760384.000000 1.391657114 2.263393402 1.538117290 0.905763328 -0.057297375 -0.327212065 -0.263138920
1413393905805760512.000000 1.383781433 2.291128635 1.527975321 0.907744884 -0.065874033 -0.332053721 -0.247790664
1413393905855760384.000000 1.375708103 2.312207460 1.520257235 0.907806873 -0.074438475 -0.340652138 -0.233027279
1413393905905760512.000000 1.367972851 2.331259251 1.510569572 0.906775713 -0.080331653 -0.351344049 -0.218773916
1413393905955760384.000000 1.360459566 2.346993685 1.498728752 0.905248344 -0.083238967 -0.362683356 -0.205079451
1413393906005760512.000000 1.353890538 2.359571934 1.483498335 0.904966533 -0.083724380 -0.370679110 -0.191370845
1413393906055760384.000000 1.344169497 2.372194529 1.461325884 0.906313062 -0.074857667 -0.375643492 -0.178563565
1413393906105760512.000000 1.339161396 2.378677607 1.438605428 0.909806490 -0.060736220 -0.375388563 -0.166273192
1413393906155760384.000000 1.333681107 2.383230209 1.413511157 0.914635360 -0.046833329 -0.370500088 -0.154849857
1413393906205760512.000000 1.326206446 2.386832952 1.387379885 0.920610368 -0.032191996 -0.361567616 -0.143906757
1413393906255760384.000000 1.316723943 2.390122175 1.360824227 0.926956058 -0.020286081 -0.349916875 -0.133787885
1413393906305760512.000000 1.304722786 2.393829823 1.333777070 0.932463944 -0.010614201 -0.339007795 -0.124387115
1413393906355760384.000000 1.289513350 2.398211241 1.307473183 0.936535656 -0.003428507 -0.330951184 -0.115588352
1413393906405760512.000000 1.271481514 2.403413057 1.282906532 0.939145744 0.000186932 -0.326225042 -0.107622549
1413393906455760384.000000 1.241783738 2.412297964 1.255975127 0.941856444 0.002407102 -0.320858091 -0.099753760
1413393906505760512.000000 1.218326807 2.418974638 1.236764431 0.943557084 0.002007403 -0.318272084 -0.091645166
1413393906555760384.000000 1.192363501 2.426902533 1.218873382 0.945029974 -0.001307235 -0.315997571 -0.084036738
1413393906605760512.000000 1.163808465 2.435223103 1.203510404 0.945938945 -0.008155640 -0.315171719 -0.076156795
1413393906655760384.000000 1.133762956 2.443597794 1.190306425 0.946722090 -0.017618807 -0.314341307 -0.067796640
1413393906705760512.000000 1.103267550 2.452138901 1.178508639 0.946542561 -0.031367902 -0.315216303 -0.060926940
1413393906755760384.000000 1.073938608 2.459970474 1.167668104 0.946241975 -0.045327667 -0.315435559 -0.055425454
1413393906805760512.000000 1.046096087 2.466315508 1.157291651 -0.946647584 0.057175480 0.313069880 0.050760005
1413393906855760384.000000 1.019712329 2.470299244 1.147698402 -0.947322726 0.062661469 0.310597271 0.046718370
1413393906905760512.000000 0.994425654 2.472027779 1.138887644 -0.948526680 0.064963035 0.306839377 0.043892100
1413393906955760384.000000 0.965227962 2.470058441 1.118551135 0.949777901 -0.065111637 -0.303222656 -0.041696787
1413393907005760512.000000 0.941674352 2.467262745 1.111104250 0.950673878 -0.063149072 -0.301009685 -0.040307574
1413393907055760384.000000 0.917971373 2.462443829 1.107662201 -0.951239169 0.052323900 0.301396519 0.039578117
1413393907105760512.000000 0.895365477 2.455847979 1.104917049 -0.951404870 0.040736344 0.302731067 0.039031200
1413393907155760384.000000 0.873626113 2.447957993 1.103704095 -0.950970709 0.030265842 0.305357814 0.038670022
1413393907205760512.000000 0.853046536 2.439236403 1.103471875 0.950691223 -0.017771613 -0.307274073 -0.038119048
1413393907255760384.000000 0.833962977 2.430362225 1.103900552 0.950298131 -0.001173331 -0.309034020 -0.037817255
1413393907305760512.000000 0.815801263 2.422370911 1.105397463 0.949468017 0.018592799 -0.311056763 -0.037530821
1413393907355760384.000000 0.799340546 2.416132689 1.107369184 0.948825479 0.037194654 -0.311400950 -0.037098184
1413393907405760512.000000 0.784061074 2.412451744 1.110043049 0.947469711 0.046847623 -0.314346164 -0.035958435
1413393907455760384.000000 0.767879486 2.408218145 1.107854724 0.946352601 0.042768210 -0.318324089 -0.035460956
1413393907505760512.000000 0.759331703 2.411568642 1.109644651 0.945921957 0.033592477 -0.320719898 -0.035242029
1413393907555760384.000000 0.754791439 2.418637037 1.112035632 0.946001709 0.016090173 -0.321894586 -0.034725592
1413393907605760512.000000 0.755239606 2.426926136 1.111797929 0.946446776 0.003473582 -0.320961326 -0.034790173
1413393907655760384.000000 0.755738318 2.435773611 1.111901402 0.945951343 -0.006579230 -0.322403133 -0.034483097
1413393907705760512.000000 0.754900217 2.444687128 1.113091946 0.944762528 -0.013772985 -0.325672090 -0.034233693
1413393907755760384.000000 0.750910997 2.453150034 1.115077257 -0.943879962 0.018238991 0.328013986 0.034130424
1413393907805760512.000000 0.742629349 2.461081028 1.118960857 -0.944150984 0.021434028 0.327059835 0.033931412
1413393907855760384.000000 0.729240775 2.468585491 1.125448465 -0.944780648 0.023876669 0.325121671 0.033396482
1413393907905760512.000000 0.710956991 2.475943565 1.133869290 -0.945979774 0.026274554 0.321438998 0.033299401
1413393907955760384.000000 0.674883902 2.487576008 1.142671585 0.947447836 -0.023919346 -0.317291796 -0.033112634
1413393908005760512.000000 0.649756491 2.493575096 1.155920625 0.948470891 -0.020286979 -0.314559221 -0.032310423
1413393908055760384.000000 0.626873255 2.498826265 1.168684959 -0.949186981 0.015280946 0.312724292 0.031846885
1413393908105760512.000000 0.605293274 2.504006147 1.183413744 0.948631585 -0.011510041 -0.314628482 -0.031219140
1413393908155760384.000000 0.585776627 2.509186506 1.199171782 0.946921170 -0.009121355 -0.319877237 -0.030591272
1413393908205760512.000000 0.570237875 2.514496803 1.214921951 0.945743978 -0.006091534 -0.323464900 -0.030029688
1413393908255760384.000000 0.558506131 2.520077229 1.230373383 0.945323169 -0.005414015 -0.324748278 -0.029553767
1413393908305760512.000000 0.556889534 2.530678034 1.239874840 0.946723580 -0.004631917 -0.320699126 -0.029071914
1413393908355760384.000000 0.551045716 2.537263632 1.255217433 0.949558079 -0.006076608 -0.312222183 -0.028635236
1413393908405760512.000000 0.544261694 2.544104338 1.272552490 0.950541675 -0.006856469 -0.309243619 -0.028142380
1413393908455760384.000000 0.538242280 2.551470995 1.290715098 -0.950448334 0.008493804 0.309540600 0.027577480
1413393908505760512.000000 0.532562077 2.558947086 1.309760451 -0.949502349 0.009655518 0.312464356 0.026799368
1413393908555760384.000000 0.527785540 2.566506624 1.329145312 -0.948222399 0.009528201 0.316395670 0.026024895
1413393908605760512.000000 0.523897707 2.574227095 1.348838687 -0.946858466 0.012870585 0.320404589 0.025187327
1413393908655760384.000000 0.520537913 2.581863642 1.368751884 -0.945036769 0.018486673 0.325549275 0.024112964
1413393908705760512.000000 0.519700348 2.593332291 1.388408780 0.943118870 -0.036954276 -0.329616755 -0.022670437
1413393908755760384.000000 0.518253446 2.599662066 1.408093452 0.942234457 -0.056613147 -0.329422891 -0.021676131
1413393908805760512.000000 0.518811166 2.603653193 1.427370787 -0.942778528 0.072296947 0.324846029 0.020420177
1413393908855760384.000000 0.525049984 2.603754997 1.443855405 -0.945254982 0.079092920 0.316017777 0.019240435
1413393908905760512.000000 0.536162555 2.599793673 1.459625363 -0.948363066 0.072068803 0.308356196 0.018168550
1413393908955760384.000000 0.549487352 2.592530966 1.474029541 -0.949821770 0.055403616 0.307348281 0.017496286
1413393909005760512.000000 0.565376163 2.583176374 1.488721251 -0.949624062 0.039855946 0.310394496 0.016759714
1413393909055760384.000000 0.583632410 2.572684288 1.503681421 -0.948939979 0.024330650 0.314129233 0.015616816
1413393909105760512.000000 0.602915168 2.562887669 1.520285726 -0.947831571 0.012846529 0.318191677 0.014298956
1413393909155760384.000000 0.623118937 2.553078651 1.537420630 -0.946969032 0.004560258 0.321040392 0.012725659
1413393909205760512.000000 0.642708659 2.545568943 1.563638449 0.946529925 0.000622208 -0.322438955 -0.010673158
1413393909255760384.000000 0.661378622 2.537402391 1.583362818 0.946854472 0.003316094 -0.321521521 -0.008922928
1413393909305760512.000000 0.678809583 2.529063225 1.602757454 -0.947191715 -0.006410589 0.320525080 0.007108278
1413393909355760384.000000 0.693379283 2.522386074 1.624198914 -0.947287321 -0.008780673 0.320221484 0.005284162
1413393909405760512.000000 0.705444336 2.516883850 1.647257209 -0.947136164 -0.009971933 0.320658863 0.003401131
1413393909455760384.000000 0.714936137 2.512733459 1.672091126 -0.946813226 -0.010000102 0.321623266 0.001821335
1413393909505760512.000000 0.722383976 2.509909153 1.698549271 -0.946585417 -0.009302933 0.322318792 0.000498730
1413393909555760384.000000 0.727012753 2.508218527 1.727002978 -0.945471346 -0.008866294 0.325583696 -0.000755283
1413393909605760512.000000 0.727345109 2.505934715 1.759748697 0.943303883 0.008590356 -0.331811279 0.002296026
1413393909655760384.000000 0.725968003 2.506127357 1.790891886 0.939806700 0.008658819 -0.341571361 0.004179576
1413393909705760512.000000 0.723213255 2.507766724 1.823310733 -0.935865700 -0.008772480 0.352187037 -0.006541070
1413393909755760384.000000 0.717572987 2.509287357 1.853187442 0.931505501 0.009107120 -0.363498002 0.009158013
1413393909805760512.000000 0.710622668 2.513188601 1.883972645 0.928052604 0.008533821 -0.372156620 0.012046041
1413393909855760384.000000 0.701551616 2.518152237 1.913212061 -0.924903512 -0.008743897 0.379811436 -0.014847715
1413393909905760512.000000 0.689711869 2.524171591 1.941120863 -0.921756446 -0.008660471 0.387256384 -0.017962180
1413393909955760384.000000 0.673533380 2.528462648 1.962247133 0.919287443 0.008782784 -0.392948747 0.020612769
1413393910005760512.000000 0.657436609 2.536886215 1.986356497 0.917052031 0.008962806 -0.397976786 0.023447325
1413393910055760384.000000 0.640567780 2.546525478 2.007276058 -0.914791405 -0.008784030 0.403004289 -0.025830233
1413393910105760512.000000 0.625453591 2.557706833 2.023502350 -0.913049281 -0.006587435 0.406792730 -0.028590430
1413393910155760384.000000 0.612366319 2.569929600 2.034477949 -0.911045492 -0.003621644 0.411095083 -0.031367186
1413393910205760512.000000 0.599456072 2.579909086 2.030317545 0.909810007 0.001858912 -0.413676769 0.033375159
1413393910255760384.000000 0.591407895 2.593553543 2.028541803 0.908291578 0.001047785 -0.416851223 0.035218589
1413393910305760512.000000 0.584547400 2.607368708 2.020049572 -0.906894386 0.000733103 0.419711471 -0.037208747
1413393910355760384.000000 0.579090118 2.621874809 2.005635738 -0.903774440 0.005524236 0.426179647 -0.039144780
1413393910405760512.000000 0.575199366 2.636530638 1.984495163 -0.900346279 0.014090930 0.433013082 -0.040960174
1413393910455760384.000000 0.572314858 2.650651455 1.957474470 -0.898085654 0.024614530 0.437098026 -0.042209644
1413393910505760512.000000 0.568144083 2.663964987 1.924725652 -0.895952821 0.032592312 0.440938801 -0.042182438
1413393910555760384.000000 0.560645938 2.675857544 1.887047410 -0.894839048 0.038518779 0.442807585 -0.041243024
1413393910605760512.000000 0.545981169 2.684758902 1.838361740 0.895871878 -0.041304480 -0.440680325 0.038839824
1413393910655760384.000000 0.531188965 2.693293571 1.792415738 0.898739636 -0.042092234 -0.434972167 0.035981305
1413393910705760512.000000 0.513299823 2.700729132 1.743705511 -0.902275085 0.045511432 0.427483797 -0.032956179
1413393910755760384.000000 0.491316319 2.706481695 1.691835523 -0.906533062 0.047142010 0.418466419 -0.029347569
1413393910805760512.000000 0.465169311 2.710650921 1.637361169 -0.910293341 0.046015646 0.410637498 -0.025010506
1413393910855760384.000000 0.433701634 2.714071751 1.577755451 0.913857222 -0.043604732 -0.403198570 0.019861024
1413393910905760512.000000 0.401411772 2.715566635 1.518938541 0.917891324 -0.040552162 -0.394494742 0.014319245
1413393910955760384.000000 0.366886735 2.715847492 1.458501697 -0.923415422 0.036154099 0.382005274 -0.008298502
1413393911005760512.000000 0.329936385 2.715426683 1.396801591 -0.928350449 0.033078447 0.370227009 -0.001841343
1413393911055760384.000000 0.290549457 2.714544773 1.334985614 -0.932395637 0.030436091 0.360119343 0.005116994
1413393911105760512.000000 0.250148833 2.713177204 1.273100257 -0.935512304 0.029562257 0.351854950 0.011872733
1413393911155760384.000000 0.209302545 2.711177349 1.211147785 -0.937313974 0.028875783 0.346810460 0.018200709
1413393911205760512.000000 0.166903615 2.711111546 1.143914461 0.939006209 -0.026688412 -0.342068195 -0.023334512
1413393911255760384.000000 0.125750601 2.707861662 1.082288265 0.939988196 -0.024927391 -0.339178175 -0.027549077
1413393911305760512.000000 0.085442781 2.704453468 1.021592021 -0.941171408 0.023817420 0.335678160 0.030812541
1413393911355760384.000000 0.047838092 2.700984716 0.958146930 0.944367886 -0.020926286 -0.326574653 -0.032870788
1413393911405760512.000000 0.010056555 2.696867704 0.897769690 0.947767675 -0.017158577 -0.316712499 -0.033693627
1413393911455760384.000000 -0.026035786 2.692435265 0.838705897 0.951248586 -0.013655904 -0.306241274 -0.033999965
1413393911505760512.000000 -0.060307741 2.688395977 0.782338917 0.953588784 -0.010125008 -0.299051434 -0.033679020
1413393911555760384.000000 -0.091089457 2.686491966 0.715646565 0.954672456 -0.006089938 -0.295835793 -0.032322582
1413393911605760512.000000 -0.117341071 2.683623314 0.663505375 0.956071913 -0.004220880 -0.291468889 -0.030898456
1413393911655760384.000000 -0.138905764 2.681934118 0.613121510 0.957907736 -0.002967688 -0.285552591 -0.029389931
1413393911705760512.000000 -0.154088005 2.681264400 0.557566047 0.958677530 -0.000698737 -0.283203334 -0.027071487
1413393911755760384.000000 -0.167250216 2.681273699 0.513588607 0.956913114 -0.000564684 -0.289342374 -0.024454758
1413393911805760512.000000 -0.175663888 2.682385683 0.471094936 0.953738928 0.000368522 -0.299804330 -0.022347055
1413393911855760384.000000 -0.179704636 2.684269428 0.422928333 0.949697673 0.000156754 -0.312524796 -0.020063171
1413393911905760512.000000 -0.179788470 2.687773466 0.384059578 0.945024908 -0.008541083 -0.326400161 -0.017832713
1413393911955760384.000000 -0.179459125 2.692701578 0.335268497 0.939166486 -0.021728344 -0.342409372 -0.015814940
1413393912005760512.000000 -0.173034608 2.697166681 0.293317378 0.931550324 -0.034143541 -0.361755818 -0.013454297
1413393912055760384.000000 -0.162621111 2.700725317 0.246502072 -0.923383713 0.044197276 0.381165594 0.011044038
1413393912105760512.000000 -0.152515888 2.702689886 0.195153087 0.916989148 -0.050781734 -0.395570427 -0.008728744
1413393912155760384.000000 -0.139001220 2.703244925 0.142027900 0.911331177 -0.055390824 -0.407886237 -0.006013383
1413393912205760512.000000 -0.130821049 2.701158047 0.081949651 0.907066882 -0.057753220 -0.416990489 -0.003637760
1413393912255760384.000000 -0.118984073 2.697625637 0.020208538 0.904312193 -0.058215082 -0.422881067 -0.001470458
1413393912305760512.000000 -0.108715564 2.692319632 -0.045815602 -0.902783632 0.058820777 0.426053047 -0.000826946
1413393912355760384.000000 -0.103225410 2.685354710 -0.116315961 0.903581142 -0.058310676 -0.424420983 0.002816798
1413393912405760512.000000 -0.093812749 2.675763130 -0.193027377 0.907260478 -0.057906125 -0.416539043 0.004543965
1413393912455760384.000000 -0.087337263 2.664474249 -0.273396283 0.913287520 -0.056614324 -0.403313398 0.006256184
1413393912505760512.000000 -0.080034547 2.651039124 -0.358100742 0.920260847 -0.054361343 -0.387449086 0.006940390
1413393912555760384.000000 -0.076212987 2.636501789 -0.443504304 -0.925889373 0.053671982 0.373891473 -0.007308041
1413393912605760512.000000 -0.077561826 2.621021271 -0.526133418 0.930189848 -0.052070722 -0.363298953 0.007036333
1413393912655760384.000000 -0.079995602 2.603900909 -0.610764682 0.934069455 -0.048833188 -0.353686005 0.005986442
1413393912705760512.000000 -0.091205224 2.590292931 -0.689357817 0.937828124 -0.044622123 -0.344176054 0.005502767
1413393912755760384.000000 -0.099764630 2.571267843 -0.772248268 0.941171527 -0.040360350 -0.335481763 0.004392999
1413393912805760512.000000 -0.112343043 2.552268982 -0.850373089 0.944041610 -0.035278026 -0.327896714 0.004985437
1413393912855760384.000000 -0.126163006 2.531233072 -0.930509627 0.946070671 -0.030675765 -0.322418362 0.007470047
1413393912905760512.000000 -0.142831296 2.509205818 -1.008502483 -0.947313428 0.026983602 0.318939894 -0.012104772
1413393912955760384.000000 -0.163450986 2.488266945 -1.077933311 0.947701871 -0.025349882 -0.317592174 0.018811431
1413393913005760512.000000 -0.184553802 2.465073824 -1.151286602 0.947676003 -0.028607732 -0.316716850 0.027968239
1413393913055760384.000000 -0.207452148 2.441612482 -1.222059965 -0.947392583 0.034232639 0.315923125 -0.038315512
1413393913105760512.000000 -0.231350973 2.417051554 -1.290938616 -0.947497249 0.040735040 0.313122451 -0.050438620
1413393913155760384.000000 -0.256094158 2.391373158 -1.358040810 -0.948244870 0.048331834 0.307176650 -0.064329587
1413393913205760512.000000 -0.284473538 2.370596886 -1.410079241 0.948719382 -0.055093296 -0.300995290 0.079360962
1413393913255760384.000000 -0.311540812 2.342215538 -1.471205950 0.948006094 -0.063115567 -0.297007412 0.095328972
1413393913305760512.000000 -0.339819372 2.311802387 -1.528261542 -0.946368933 0.068825737 0.294960231 -0.112460688
1413393913355760384.000000 -0.369287282 2.279570818 -1.582083941 -0.943446279 0.073040470 0.295961618 -0.130311653
1413393913405760512.000000 -0.398750544 2.245030642 -1.633162022 -0.940492392 0.078776568 0.295132399 -0.148879707
1413393913455760384.000000 -0.427270830 2.216181993 -1.669781208 0.937674582 -0.084579349 -0.291899532 0.168545380
1413393913505760512.000000 -0.451826990 2.175557852 -1.717000127 0.935108006 -0.087461688 -0.286976725 0.188594490
1413393913555760384.000000 -0.472440720 2.131938457 -1.760116220 -0.932817459 0.087001301 0.279885203 -0.209634557
1413393913605760512.000000 -0.490167081 2.084636688 -1.802366495 -0.930240333 0.084153019 0.272823095 -0.230518728
1413393913655760384.000000 -0.511771023 2.043000937 -1.830070496 0.927721620 -0.079333432 -0.264045656 0.251632243
1413393913705760512.000000 -0.522495925 1.990277290 -1.866266251 0.924284756 -0.073370248 -0.257110775 0.272412658
1413393913755760384.000000 -0.529138148 1.936400175 -1.898710489 0.920482576 -0.068519905 -0.249406531 0.292939037
1413393913805760512.000000 -0.537307024 1.890247822 -1.916549921 0.915671647 -0.064711437 -0.243794948 0.312924951
1413393913855760384.000000 -0.538759589 1.833996296 -1.941008687 0.910239339 -0.061071228 -0.239217028 0.332430422
1413393913905760512.000000 -0.537742853 1.778869867 -1.959332228 0.904331446 -0.059815597 -0.234919846 0.351311177
1413393913955760384.000000 -0.537802100 1.727366686 -1.966817856 0.897715926 -0.055556029 -0.233007163 0.369766533
1413393914005760512.000000 -0.530741155 1.671411753 -1.977060080 0.891011834 -0.046109959 -0.229829133 0.388780743
1413393914055760384.000000 -0.523287177 1.619764328 -1.978111386 0.884158492 -0.035603143 -0.225801483 0.407443225
1413393914105760512.000000 -0.512106061 1.566734791 -1.978784442 0.875415862 -0.023139708 -0.226124942 0.426590264
1413393914155760384.000000 -0.506192148 1.519309044 -1.969824791 0.864731371 -0.011328811 -0.230943248 0.445843726
1413393914205760512.000000 -0.493847132 1.470462561 -1.962427855 0.851301193 -0.003826251 -0.243076548 0.464957446
1413393914255760384.000000 -0.480220616 1.424327135 -1.951742411 0.838147283 0.000551537 -0.252722561 0.483363450
1413393914305760512.000000 -0.465292633 1.380803585 -1.940251827 0.825120449 0.002474042 -0.260482758 0.501317203
1413393914355760384.000000 -0.451499969 1.340452909 -1.927170515 0.812799990 0.003394003 -0.265403509 0.518561244
1413393914405760512.000000 -0.434119999 1.300546169 -1.914778948 0.800812244 0.003040017 -0.268567502 0.535314977
1413393914455760384.000000 -0.416626334 1.262599111 -1.901830196 0.789742053 -0.001755966 -0.268704206 0.551454902
1413393914505760512.000000 -0.400052011 1.225003123 -1.890080452 0.779064238 -0.006502605 -0.268370122 0.566563487
1413393914555760384.000000 -0.381411552 1.189078689 -1.877434969 0.770087421 -0.010951594 -0.263250828 0.580985844
1413393914605760512.000000 -0.362415224 1.153684497 -1.864120603 0.761541903 -0.014689992 -0.257496417 0.594587147
1413393914655760384.000000 -0.343155891 1.118973970 -1.850627065 0.753143370 -0.017641744 -0.252082586 0.607386410
1413393914705760512.000000 -0.322423875 1.080039501 -1.839695692 0.744014621 -0.022599917 -0.246583074 0.620587051
1413393914755760384.000000 -0.302935302 1.046227932 -1.824356914 0.735307753 -0.029237418 -0.239833534 0.633204281
1413393914805760512.000000 -0.283368528 1.012556314 -1.807918072 0.725837290 -0.035441741 -0.235547066 0.645307541
1413393914855760384.000000 -0.263453066 0.978897572 -1.789697289 0.715710461 -0.040892031 -0.232566133 0.657266617
1413393914905760512.000000 -0.245172769 0.944574833 -1.773483992 0.705866337 -0.041584667 -0.233580291 0.667430699
1413393914955760384.000000 -0.224301785 0.910222411 -1.752783060 0.696086466 -0.039452597 -0.239539519 0.675668538
1413393915005760512.000000 -0.203313202 0.873961210 -1.731391668 0.686487734 -0.038213681 -0.247643620 0.682603061
1413393915055760384.000000 -0.181941748 0.837425530 -1.709499598 0.678894401 -0.036292233 -0.254263639 0.687848330
1413393915105760512.000000 -0.160680056 0.799702227 -1.687454700 0.672971725 -0.035312921 -0.259858221 0.691618264
1413393915155760384.000000 -0.137620866 0.759220481 -1.671649456 0.667772412 -0.034673069 -0.264917135 0.694763780
1413393915205760512.000000 -0.117417753 0.718587220 -1.650101900 0.664536893 -0.034306694 -0.267989486 0.696703315
1413393915255760384.000000 -0.098756582 0.675810099 -1.629220247 0.662233531 -0.032740392 -0.270138979 0.698140204
1413393915305760512.000000 -0.082775414 0.631769955 -1.607905149 0.662079811 -0.030924490 -0.270699650 0.698151708
1413393915355760384.000000 -0.069495469 0.586315811 -1.586705685 0.664475381 -0.024979176 -0.271401733 0.695837438
1413393915405760512.000000 -0.054599926 0.538913250 -1.569900274 0.668438911 -0.015426670 -0.272966117 0.691694260
1413393915455760384.000000 -0.044150904 0.491380095 -1.550392628 0.673510790 -0.001654332 -0.275610894 0.685871124
1413393915505760512.000000 -0.034067668 0.443199039 -1.532871127 0.678649545 0.010913077 -0.277557999 0.679909766
1413393915555760384.000000 -0.024732634 0.394270420 -1.516904235 0.683576524 0.018709507 -0.278540224 0.674380064
1413393915605760512.000000 -0.012523560 0.343376994 -1.504739881 0.689466655 0.022164669 -0.276392281 0.669142604
1413393915655760384.000000 -0.004528957 0.295473814 -1.492577314 0.694611967 0.021884436 -0.273882896 0.664848447
1413393915705760512.000000 0.003395936 0.247297049 -1.482138753 0.698545635 0.022873661 -0.273245215 0.660944700
1413393915755760384.000000 0.010775033 0.200496793 -1.473344922 0.701986372 0.024893584 -0.273194432 0.657236934
1413393915805760512.000000 0.020528458 0.154110312 -1.469868660 0.704131782 0.027638886 -0.274942189 0.654095829
1413393915855760384.000000 0.026302703 0.109385371 -1.464450836 0.705746651 0.029324748 -0.277521372 0.651186347
1413393915905760512.000000 0.031659126 0.064965725 -1.460950732 0.707029045 0.029964270 -0.279988289 0.648705363
1413393915955760384.000000 0.036588162 0.021763444 -1.459535003 0.708449721 0.031793896 -0.280903876 0.646669209
1413393916005760512.000000 0.041204110 -0.020452499 -1.460488319 0.709763825 0.035882261 -0.281509101 0.644748330
1413393916055760384.000000 0.050458252 -0.056205869 -1.470644712 0.710737169 0.038870014 -0.282091051 0.643246830
1413393916105760512.000000 0.054186076 -0.096314669 -1.476738453 0.711327612 0.043442018 -0.282679647 0.642042160
1413393916155760384.000000 0.057972133 -0.134563208 -1.485937595 0.711711586 0.047400985 -0.282344729 0.641483665
1413393916205760512.000000 0.061015785 -0.171535134 -1.497339964 0.711423695 0.050446894 -0.280633628 0.642320991
1413393916255760384.000000 0.062985837 -0.206850767 -1.511039257 0.711703956 0.046755567 -0.273484141 0.645366430
1413393916305760512.000000 0.064153224 -0.236869693 -1.527840853 0.709999561 0.041361522 -0.266630471 0.650459945
1413393916355760384.000000 0.065068752 -0.270516157 -1.545066476 0.706331313 0.034250304 -0.260574013 0.657285452
1413393916405760512.000000 0.066885680 -0.303903341 -1.564644098 0.700359702 0.026469404 -0.255904883 0.665814102
1413393916455760384.000000 0.069378734 -0.336495519 -1.584943771 0.692365408 0.020954167 -0.252032012 0.675774395
1413393916505760512.000000 0.072637066 -0.366757512 -1.606003761 0.683066010 0.015339891 -0.247497290 0.686972082
1413393916555760384.000000 0.073239729 -0.388692737 -1.623385072 0.671528697 0.011696257 -0.244023740 0.699546218
1413393916605760512.000000 0.076233402 -0.416278720 -1.644700050 0.657238603 0.007302595 -0.242783174 0.713470757
1413393916655760384.000000 0.079716690 -0.442131519 -1.666823030 0.641922593 0.002223259 -0.241045296 0.727892637
1413393916705760512.000000 0.083928913 -0.468351007 -1.689624667 0.624844015 -0.003840555 -0.239207327 0.743192554
1413393916755760384.000000 0.087257683 -0.492848039 -1.712650418 0.607400656 -0.008273052 -0.236352131 0.758375764
1413393916805760512.000000 0.089779735 -0.514794230 -1.732942462 0.590574324 -0.009922843 -0.230217099 0.773384571
1413393916855760384.000000 0.092115179 -0.538813829 -1.755281687 0.573046207 -0.008526793 -0.223224074 0.788489938
1413393916905760512.000000 0.093544327 -0.561176419 -1.777606606 0.556619227 -0.008350942 -0.213239342 0.802891254
1413393916955760384.000000 0.095584825 -0.584226608 -1.800188661 0.540413260 -0.009193538 -0.201175287 0.816944063
1413393917005760512.000000 0.104087651 -0.612613320 -1.824237108 0.525088072 -0.010028726 -0.184276089 0.830797374
1413393917055760384.000000 0.107309133 -0.635102868 -1.846267819 0.509496987 -0.010953954 -0.167422324 0.843956530
1413393917105760512.000000 0.111777693 -0.657133758 -1.867503762 0.493269235 -0.011375231 -0.152218163 0.856379449
1413393917155760384.000000 0.119373649 -0.683420897 -1.887676477 0.475905210 -0.010424455 -0.138660416 0.868434727
1413393917205760512.000000 0.125099719 -0.702561975 -1.906515241 0.457990676 -0.010241867 -0.126776859 0.879810989
1413393917255760384.000000 0.131373018 -0.720281005 -1.924270153 0.440257341 -0.013419130 -0.115796573 0.890272200
1413393917305760512.000000 0.137719363 -0.735467136 -1.940422773 0.420795649 -0.017867658 -0.109156139 0.900387049
1413393917355760384.000000 0.146750435 -0.756950974 -1.955277205 0.400365740 -0.023072941 -0.103280060 0.910224199
1413393917405760512.000000 0.152074054 -0.768185914 -1.967365026 0.380176544 -0.027758811 -0.094620578 0.919642448
1413393917455760384.000000 0.156341553 -0.778237581 -1.977447391 0.358254462 -0.031886946 -0.087473534 0.928970098
1413393917505760512.000000 0.158711523 -0.786429644 -1.984456062 0.335763365 -0.034939013 -0.080615006 0.937839806
1413393917555760384.000000 0.162495688 -0.801370502 -1.988072872 0.312498659 -0.039420199 -0.072140895 0.946354210
1413393917605760512.000000 0.161808237 -0.806127667 -1.989744067 0.287459940 -0.041481256 -0.067371637 0.954519391
1413393917655760384.000000 0.160647601 -0.811632276 -1.987992525 -0.261261612 0.042885546 0.064135991 -0.962179780
1413393917705760512.000000 0.158206135 -0.814883590 -1.983825326 -0.234460682 0.040883310 0.061408978 -0.969322324
1413393917755760384.000000 0.154861912 -0.816928864 -1.977359056 -0.208010823 0.035245255 0.057309236 -0.975809932
1413393917805760512.000000 0.156613231 -0.825791478 -1.966744065 0.181797832 -0.025887676 -0.052515853 0.981591344
1413393917855760384.000000 0.155026421 -0.826724052 -1.957513690 0.157020584 -0.016663207 -0.044124022 0.986468494
1413393917905760512.000000 0.154350489 -0.827690780 -1.946837187 -0.133448571 0.010266298 0.032755934 -0.990461111
1413393917955760384.000000 0.153645590 -0.827425897 -1.936014891 -0.110569157 0.007393202 0.021203322 -0.993614733
1413393918005760512.000000 0.153949812 -0.826219141 -1.924822092 -0.088495329 0.004791331 0.008460158 -0.996029139
1413393918055760384.000000 0.155107230 -0.824006259 -1.913678169 -0.066840984 0.003373304 -0.004100919 -0.997749507
1413393918105760512.000000 0.163539067 -0.829822779 -1.902561188 0.044996124 -0.002955023 0.016383460 0.998848498
1413393918155760384.000000 0.165749103 -0.824988365 -1.891429186 0.023662888 -0.003923535 0.027698111 0.999328554
1413393918205760512.000000 0.194208220 -0.821086824 -1.878111243 -0.006823211 0.006309567 -0.040346157 -0.999142587
1413393918255760384.000000 0.171439648 -0.811696827 -1.865787983 0.018154331 0.007567814 -0.051136978 -0.998497963
1413393918305760512.000000 0.175369650 -0.801293910 -1.852873087 0.038932621 0.008557310 -0.062639095 -0.997239888
1413393918355760384.000000 0.180412516 -0.788436830 -1.839483738 0.060180344 0.008873045 -0.072853155 -0.995485842
1413393918405760512.000000 0.193887189 -0.774547935 -1.830379963 -0.081839532 -0.009681530 0.082273483 0.993196666
1413393918455760384.000000 0.200050294 -0.756314695 -1.816868067 -0.104340255 -0.010421715 0.090964377 0.990318120
1413393918505760512.000000 0.208139256 -0.735684574 -1.802127719 0.127180845 0.010727415 -0.100374967 -0.986729324
1413393918555760384.000000 0.217083260 -0.711453140 -1.789442897 -0.150204673 -0.010968818 0.110501610 0.982398927
1413393918605760512.000000 0.226668119 -0.684649467 -1.774935842 -0.174826786 -0.008019120 0.119334035 0.977307916
1413393918655760384.000000 0.239234000 -0.654066682 -1.765319824 -0.200629786 -0.003120412 0.126036212 0.971520901
1413393918705760512.000000 0.249574900 -0.621692955 -1.751429796 -0.226126358 0.003847077 0.135725975 0.964588284
1413393918755760384.000000 0.260903716 -0.586158991 -1.740856886 -0.252130181 0.009223104 0.148435935 0.956196666
1413393918805760512.000000 0.269980550 -0.549165428 -1.728765726 -0.278294891 0.017464073 0.161706343 0.946624577
1413393918855760384.000000 0.281180590 -0.508317351 -1.720383286 -0.304448724 0.027935514 0.176975280 0.935526788
1413393918905760512.000000 0.289868534 -0.465547442 -1.711941361 -0.334209800 0.040177159 0.185150787 0.923259914
1413393918955760384.000000 0.298738003 -0.421144396 -1.707828045 -0.365131676 0.050755467 0.189905971 0.909966290
1413393919005760512.000000 0.305533081 -0.375458032 -1.705211878 -0.396834433 0.058957528 0.191733927 0.895703375
1413393919055760384.000000 0.314361691 -0.328257412 -1.707947731 -0.428454578 0.066231735 0.194037274 0.879994154
1413393919105760512.000000 0.319269598 -0.282131374 -1.711195350 -0.458749533 0.071027830 0.195893973 0.863787949
1413393919155760384.000000 0.323354572 -0.235916257 -1.717495441 0.486929357 -0.075201295 -0.200724557 -0.846731484
1413393919205760512.000000 0.328397214 -0.189911485 -1.728323936 -0.513907373 0.082114041 0.204483330 0.829061627
1413393919255760384.000000 0.330736518 -0.146802604 -1.740346909 -0.539669633 0.089308947 0.208088890 0.810851157
1413393919305760512.000000 0.332612932 -0.105895936 -1.755164623 0.564442456 -0.100158639 -0.210181937 -0.791957378
1413393919355760384.000000 0.331056952 -0.065670371 -1.773656964 -0.586755693 0.111201972 0.212549552 0.773417532
1413393919405760512.000000 0.326513529 -0.031434894 -1.792255640 -0.605880558 0.122873701 0.216639072 0.755564928
1413393919455760384.000000 0.316838652 0.001971841 -1.813131928 -0.620767951 0.130660504 0.224907577 0.739588857
1413393919505760512.000000 0.305001378 0.030128479 -1.835670710 -0.633934200 0.133868471 0.233966768 0.724890530
1413393919555760384.000000 0.290527880 0.054937482 -1.861610889 0.645527899 -0.135856077 -0.243842468 -0.710899234
1413393919605760512.000000 0.271949291 0.075868607 -1.889609933 0.656602919 -0.135676846 -0.252243459 -0.697737575
1413393919655760384.000000 0.247218072 0.095935702 -1.918922067 -0.667861760 0.135009870 0.256202847 0.685633421
1413393919705760512.000000 0.223219603 0.111046195 -1.952152967 -0.678076446 0.133889198 0.256464869 0.675656557
1413393919755760384.000000 0.197319597 0.123259544 -1.988889813 0.689366341 -0.129940242 -0.249090865 -0.667715013
1413393919805760512.000000 0.162603021 0.136738300 -2.027770042 0.700338125 -0.124215700 -0.237010941 -0.661757410
1413393919855760384.000000 0.132322371 0.141789436 -2.067314386 0.710546613 -0.116211466 -0.223340422 -0.657067418
1413393919905760512.000000 0.098389298 0.142369509 -2.106561422 0.718466938 -0.106752604 -0.211549982 -0.653954029
1413393919955760384.000000 0.058603197 0.142362595 -2.144591808 0.723830402 -0.095961608 -0.203721985 -0.652195036
1413393920005760512.000000 0.019221514 0.135104179 -2.181662083 0.726278305 -0.085230529 -0.201058269 -0.651790738
1413393920055760384.000000 -0.025376618 0.128592968 -2.218171120 0.726934195 -0.077014491 -0.200698495 -0.652193010
1413393920105760512.000000 -0.068366617 0.114561319 -2.251927853 0.726652384 -0.071050555 -0.201146379 -0.653045416
1413393920155760384.000000 -0.117020950 0.098886728 -2.286083221 0.725561619 -0.065070152 -0.201920569 -0.654640675
1413393920205760512.000000 -0.163030967 0.079694033 -2.316632509 0.724232495 -0.061176918 -0.203343451 -0.656045854
1413393920255760384.000000 -0.209993601 0.057781219 -2.346149921 0.723150015 -0.058130987 -0.203861892 -0.657354653
1413393920305760512.000000 -0.260442942 0.035479784 -2.377113581 0.721381426 -0.055791695 -0.205237389 -0.659070373
1413393920355760384.000000 -0.305711359 0.007958412 -2.404575109 0.720042825 -0.052023802 -0.206249535 -0.660524905
1413393920405760512.000000 -0.352377713 -0.020250797 -2.432558537 0.717473269 -0.045843150 -0.211146608 -0.662229359
1413393920455760384.000000 -0.396278024 -0.051428080 -2.458712816 0.714132905 -0.038374882 -0.218426377 -0.663951457
1413393920505760512.000000 -0.439644784 -0.083336115 -2.485031366 0.711083591 -0.030490894 -0.224176913 -0.665714025
1413393920555760384.000000 -0.482967556 -0.118261337 -2.511487246 0.708423257 -0.024937393 -0.228857547 -0.667187274
1413393920605760512.000000 -0.522767842 -0.151355982 -2.536495686 0.706254363 -0.019854844 -0.231173500 -0.668856859
1413393920655760384.000000 -0.561741769 -0.184062243 -2.560871840 0.704450965 -0.016047141 -0.232702732 -0.670328856
1413393920705760512.000000 -0.600147963 -0.218168736 -2.584352255 0.703301668 -0.013156452 -0.232846677 -0.671547592
1413393920755760384.000000 -0.636742353 -0.250440598 -2.607168913 0.702468634 -0.011529070 -0.231665075 -0.672856748
1413393920805760512.000000 -0.672772527 -0.282697201 -2.628644943 0.701245129 -0.010412708 -0.232512563 -0.673858225
1413393920855760384.000000 -0.707987964 -0.314383984 -2.649401665 0.701001704 -0.007729033 -0.231216013 -0.674593270
1413393920905760512.000000 -0.745867014 -0.350578070 -2.668793678 0.699792504 -0.002035974 -0.232833937 -0.675333023
1413393920955760384.000000 -0.780301392 -0.381358147 -2.687107325 0.698055089 0.004446467 -0.235453188 -0.676210880
1413393921005760512.000000 -0.815153182 -0.411903620 -2.704340219 0.695880830 0.012782652 -0.241536170 -0.676200271
1413393921055760384.000000 -0.849232078 -0.443075418 -2.719852448 -0.693022847 -0.022459935 0.247832343 0.676604867
1413393921105760512.000000 -0.881862283 -0.469951630 -2.734544754 -0.690179706 -0.030895844 0.253862262 0.676942766
1413393921155760384.000000 -0.912865400 -0.494476795 -2.748570919 0.688475370 0.036616772 -0.257986039 -0.676833868
1413393921205760512.000000 -0.941872060 -0.515975952 -2.761462927 0.687445104 0.042763263 -0.259759158 -0.676842511
1413393921255760384.000000 -0.966562748 -0.533199787 -2.772423267 -0.686436176 -0.047036860 0.261209071 0.677024961
1413393921305760512.000000 -0.992015719 -0.547852993 -2.782758236 -0.686193585 -0.048761707 0.262200654 0.676765442
1413393921355760384.000000 -1.015950084 -0.558880329 -2.791508436 0.685215831 0.048618358 -0.264428586 -0.676899672
1413393921405760512.000000 -1.037523746 -0.566241264 -2.799459457 0.685301781 0.045578972 -0.264423877 -0.677025974
1413393921455760384.000000 -1.056737304 -0.570124865 -2.806600332 0.686925054 0.038468406 -0.261336088 -0.677021265
1413393921505760512.000000 -1.074042559 -0.571013212 -2.812729359 0.689126849 0.029875711 -0.255112320 -0.677590907
1413393921555760384.000000 -1.090181470 -0.569625378 -2.818139315 0.691936016 0.019453567 -0.247955933 -0.677763999
1413393921605760512.000000 -1.106015682 -0.566844702 -2.822466850 0.695092142 0.012187007 -0.240759388 -0.677298546
1413393921655760384.000000 -1.122429729 -0.563111544 -2.825233221 0.696662724 0.006319924 -0.237004548 -0.677089393
1413393921705760512.000000 -1.141453505 -0.559651852 -2.826073885 0.698339581 0.002723927 -0.233851925 -0.676481903
1413393921755760384.000000 -1.163905859 -0.561079741 -2.825792313 0.699834526 -0.000555954 -0.231609553 -0.675713360
1413393921805760512.000000 -1.186897755 -0.557235956 -2.822986603 0.701243162 -0.003409758 -0.228663862 -0.675247550
1413393921855760384.000000 -1.212412238 -0.553054571 -2.817486286 0.702996671 -0.006861625 -0.224922806 -0.674654365
1413393921905760512.000000 -1.238054276 -0.548960924 -2.811006546 0.705540359 -0.013471965 -0.219338298 -0.673737407
1413393921955760384.000000 -1.263457298 -0.545235872 -2.803461075 0.708332181 -0.019594446 -0.212475002 -0.672856629
1413393922005760512.000000 -1.288661480 -0.542461395 -2.794962406 0.709968388 -0.024085956 -0.208864480 -0.672116399
1413393922055760384.000000 -1.314491749 -0.540930033 -2.785215855 0.710178196 -0.022239158 -0.210790336 -0.671356797
1413393922105760512.000000 -1.339931607 -0.540371656 -2.774416208 0.709731281 -0.018494699 -0.214720756 -0.670697093
1413393922155760384.000000 -1.369678020 -0.535794497 -2.762857437 0.708161175 -0.011247379 -0.221710548 -0.670243084
1413393922205760512.000000 -1.396033287 -0.536962748 -2.749425411 0.704810679 0.000403846 -0.234522730 -0.669507980
1413393922255760384.000000 -1.421750426 -0.538342953 -2.735400200 0.701918364 0.011615047 -0.245724559 -0.668427408
1413393922305760512.000000 -1.447267056 -0.538648605 -2.720354557 0.698156059 0.021857755 -0.258554131 -0.667270660
1413393922355760384.000000 -1.472784877 -0.534385204 -2.705170393 0.694597960 0.031009085 -0.269968182 -0.666100085
1413393922405760512.000000 -1.495804071 -0.529973745 -2.689724684 0.691888750 0.037961688 -0.279151142 -0.664773285
1413393922455760384.000000 -1.517288685 -0.521653652 -2.674557924 0.689149618 0.037572004 -0.288537234 -0.663632095
1413393922505760512.000000 -1.537268758 -0.509568214 -2.659737110 0.687515557 0.030629762 -0.294943184 -0.662867010
1413393922555760384.000000 -1.555274963 -0.490965128 -2.644984961 0.687584579 0.018462136 -0.297726691 -0.662001133
1413393922605760512.000000 -1.572219968 -0.470793962 -2.632465601 0.688177824 0.003527631 -0.298097908 -0.661465526
1413393922655760384.000000 -1.589228272 -0.447144985 -2.621710539 0.688385189 -0.008792061 -0.298358709 -0.661082923
1413393922705760512.000000 -1.605884552 -0.421201229 -2.613120794 0.689259648 -0.018518919 -0.296539009 -0.660789609
1413393922755760384.000000 -1.622908592 -0.393359184 -2.606439590 0.688979566 -0.023768805 -0.295894414 -0.661202550
1413393922805760512.000000 -1.640190721 -0.363773346 -2.602179289 0.688977659 -0.024414962 -0.294977307 -0.661590636
1413393922855760384.000000 -1.657471657 -0.332937002 -2.600186348 0.689060569 -0.018206114 -0.294329792 -0.661992550
1413393922905760512.000000 -1.671330094 -0.302652836 -2.599029541 0.688841581 -0.009821609 -0.294466376 -0.662337065
1413393922955760384.000000 -1.685015678 -0.268110275 -2.602454662 0.689440548 0.001499767 -0.292739838 -0.662550330
1413393923005760512.000000 -1.695927382 -0.231564045 -2.608989000 0.690876245 0.015441756 -0.289425045 -0.662332833
1413393923055760384.000000 -1.703397870 -0.192454100 -2.617014408 0.692295611 0.027234426 -0.285874099 -0.662012935
1413393923105760512.000000 -1.706274033 -0.150111437 -2.625153780 0.693566799 0.034959674 -0.283820063 -0.661202848
1413393923155760384.000000 -1.707456589 -0.103911400 -2.634822845 0.694236696 0.041563272 -0.282870054 -0.660524428
1413393923205760512.000000 -1.705300450 -0.053994179 -2.645122528 0.695019305 0.044751395 -0.281818688 -0.659942210
1413393923255760384.000000 -1.699104428 -0.000073433 -2.654832602 0.696236134 0.044532854 -0.280020714 -0.659439623
1413393923305760512.000000 -1.694196105 0.056941509 -2.664122581 0.696576476 0.037402228 -0.280720502 -0.659225643
1413393923355760384.000000 -1.688507199 0.117692232 -2.672862768 0.695259988 0.023451991 -0.283677816 -0.659992754
1413393923405760512.000000 -1.684894323 0.180407763 -2.681366920 0.691074610 0.006919972 -0.289284319 -0.662331164
1413393923455760384.000000 -1.678368688 0.245781898 -2.690331221 0.684779882 -0.009547261 -0.292291164 -0.667496264
1413393923505760512.000000 -1.673980474 0.312497377 -2.700464964 0.677157462 -0.024464775 -0.292216122 -0.674884498
1413393923555760384.000000 -1.667191029 0.380424261 -2.712821007 0.668142140 -0.036609091 -0.288383871 -0.684894621
1413393923605760512.000000 -1.663096189 0.448637962 -2.726736069 0.656556070 -0.044105139 -0.283231467 -0.697688282
1413393923655760384.000000 -1.657411933 0.517371893 -2.743466377 0.645267010 -0.043598440 -0.272864223 -0.712232292
1413393923705760512.000000 -1.653775215 0.585841417 -2.762413979 -0.633112431 0.038872670 0.259654731 0.728173792
1413393923755760384.000000 -1.649472237 0.654297113 -2.782960892 -0.619216025 0.028176008 0.246969640 0.744837999
1413393923805760512.000000 -1.648459911 0.723983288 -2.802557230 -0.603547335 0.018055717 0.236619711 0.761193633
1413393923855760384.000000 -1.646179199 0.792229414 -2.824922085 -0.586900830 0.010008945 0.226527497 0.777259588
1413393923905760512.000000 -1.644158721 0.861416817 -2.847037792 -0.569891214 0.003051132 0.216977105 0.792550147
1413393923955760384.000000 -1.642351985 0.929475069 -2.870349169 -0.551923931 -0.001659517 0.209444061 0.807161987
1413393924005760512.000000 -1.640303493 0.998486280 -2.892259598 -0.534085453 -0.006905271 0.203491107 0.820546448
1413393924055760384.000000 -1.639176846 1.067229033 -2.915325165 -0.517015457 -0.011644029 0.197163194 0.832878172
1413393924105760512.000000 -1.636622190 1.137670994 -2.936347485 -0.501351118 -0.018401917 0.188220575 0.844323099
1413393924155760384.000000 -1.634481311 1.208460569 -2.958270073 -0.488085866 -0.026141657 0.174208567 0.854833484
1413393924205760512.000000 -1.630350113 1.280505657 -2.978204489 -0.476703912 -0.033684567 0.155487716 0.864547491
1413393924255760384.000000 -1.625611424 1.351938725 -2.996859550 -0.466621965 -0.040297281 0.132695273 0.873517036
1413393924305760512.000000 -1.618483543 1.424291372 -3.010339022 -0.457430393 -0.046578847 0.111836366 0.880954325
1413393924355760384.000000 -1.611482143 1.494171262 -3.023202658 -0.449612081 -0.052954689 0.091775499 0.886917174
1413393924405760512.000000 -1.602495432 1.562359810 -3.032563925 0.443556726 0.058552433 -0.072333880 -0.891401649
1413393924455760384.000000 -1.589668274 1.629134417 -3.034634113 -0.439664304 -0.064858466 0.054028958 0.894186616
1413393924505760512.000000 -1.575364947 1.691999078 -3.034547329 -0.436443806 -0.068443254 0.038514737 0.896297336
1413393924555760384.000000 -1.559441924 1.751702309 -3.028784037 -0.433617443 -0.069197230 0.025106989 0.898085356
1413393924605760512.000000 -1.538843870 1.805600524 -3.018421888 -0.432700694 -0.066594087 0.011330535 0.899003386
1413393924655760384.000000 -1.513400912 1.854148030 -3.000790358 -0.432917506 -0.062403675 -0.001666173 0.899269462
1413393924705760512.000000 -1.484195709 1.896198630 -2.979079485 -0.433980584 -0.056246191 -0.014476181 0.899048269
1413393924755760384.000000 -1.448059559 1.932752848 -2.947851419 -0.435615808 -0.048773732 -0.023804406 0.898495078
1413393924805760512.000000 -1.407149315 1.959660530 -2.915020943 -0.438132703 -0.044389065 -0.028039621 0.897375703
1413393924855760384.000000 -1.362069488 1.980218172 -2.874650717 -0.438189447 -0.038586508 -0.020142520 0.897828162
1413393924905760512.000000 -1.309500337 1.991380930 -2.831068754 -0.436508209 -0.033638194 -0.002310925 0.899068236
1413393924955760384.000000 -1.253635764 1.998269439 -2.781491756 -0.431031018 -0.029300781 0.025002357 0.901514649
1413393925005760512.000000 -1.189196825 1.995731235 -2.729995251 -0.423829079 -0.024192184 0.051186990 0.903971016
1413393925055760384.000000 -1.124064326 1.991742492 -2.675806761 -0.415647894 -0.019970454 0.074151881 0.906277895
1413393925105760512.000000 -1.051399827 1.980834723 -2.619708300 -0.406136006 -0.016339317 0.094403371 0.908776402
1413393925155760384.000000 -0.980131149 1.973828793 -2.562040091 -0.394084841 -0.013707055 0.113739021 0.911906123
1413393925205760512.000000 -0.903683543 1.961285830 -2.502351284 -0.378757626 -0.012268852 0.133899420 0.915676296
1413393925255760384.000000 -0.831302583 1.953721523 -2.442177296 -0.361973852 -0.012808356 0.150326565 0.919898331
1413393925305760512.000000 -0.753413558 1.943318844 -2.381209850 -0.345552355 -0.013282535 0.161783591 0.924252808
1413393925355760384.000000 -0.678447008 1.938903332 -2.321256876 -0.332165837 -0.015028492 0.164992988 0.928556621
1413393925405760512.000000 -0.599636734 1.935426235 -2.261368036 -0.323289096 -0.015971052 0.160287380 0.932489693
1413393925455760384.000000 -0.527722657 1.939835429 -2.202443361 -0.316332489 -0.013971215 0.154686123 0.935847640
1413393925505760512.000000 -0.448808670 1.942278624 -2.143578291 -0.311509728 -0.011428985 0.146887317 0.938751936
1413393925555760384.000000 -0.374756068 1.949101448 -2.085564852 -0.306871206 -0.009384186 0.141254738 0.941163778
1413393925605760512.000000 -0.298827857 1.956521749 -2.026204348 -0.302411705 -0.006609649 0.138531178 0.943033695
1413393925655760384.000000 -0.227240428 1.966420770 -1.965718031 0.298982292 0.004667624 -0.135238230 -0.944615543
1413393925705760512.000000 -0.167895705 1.981459618 -1.902772546 -0.296461344 -0.004361587 0.131661147 0.945915997
1413393925755760384.000000 -0.108723380 1.994648337 -1.837226629 -0.295270741 -0.002972473 0.127608120 0.946848750
1413393925805760512.000000 -0.057879146 2.010142088 -1.768325806 0.294147700 0.000644366 -0.124265611 -0.947646976
1413393925855760384.000000 -0.018796362 2.026857853 -1.700778842 -0.293808043 0.002261892 0.121135265 0.948155046
1413393925905760512.000000 0.020230211 2.044046164 -1.628653288 -0.294308275 0.006635330 0.116685763 0.948537350
1413393925955760384.000000 0.053410113 2.062381744 -1.555166483 0.294465691 -0.014145153 -0.113319911 -0.948814273
1413393926005760512.000000 0.079710186 2.081048965 -1.482953072 -0.295417398 0.022766432 0.109675251 0.948779047
1413393926055760384.000000 0.106411316 2.100000620 -1.408588767 -0.295794368 0.034647971 0.107662186 0.948532641
1413393926105760512.000000 0.131242096 2.118525982 -1.336347461 0.295780957 -0.046034850 -0.106653929 -0.948166311
1413393926155760384.000000 0.151670843 2.134962797 -1.269451022 -0.295538604 0.053612672 0.106956564 0.947809517
1413393926205760512.000000 0.175117418 2.152952433 -1.201604724 -0.295101762 0.057564583 0.109011613 0.947479725
1413393926255760384.000000 0.197230041 2.169873476 -1.137779355 -0.294883460 0.058369882 0.111379504 0.947223008
1413393926305760512.000000 0.219213173 2.187235594 -1.075794101 -0.294462681 0.055588681 0.115017474 0.947086453
1413393926355760384.000000 0.240939528 2.204446077 -1.016353250 -0.293826699 0.050114982 0.118749402 0.947128832
1413393926405760512.000000 0.262787521 2.219727993 -0.960812092 -0.292488188 0.043261606 0.120218940 0.947695374
1413393926455760384.000000 0.285059571 2.237018824 -0.906358242 -0.290378541 0.040988889 0.119097941 0.948586285
1413393926505760512.000000 0.305889398 2.253656149 -0.854196489 0.287582487 -0.042872898 -0.116289660 -0.949702561
1413393926555760384.000000 0.323236674 2.268020153 -0.807278156 -0.284427851 0.046003647 0.110600427 0.951184571
1413393926605760512.000000 0.336029887 2.285173416 -0.755173028 -0.280144036 0.049777575 0.103976101 0.953011274
1413393926655760384.000000 0.345728993 2.301810026 -0.703125894 0.274330169 -0.051720224 -0.097887933 -0.955241323
1413393926705760512.000000 0.353685141 2.317976952 -0.653881967 -0.267656237 0.051599454 0.090525724 0.957863629
1413393926755760384.000000 0.363413930 2.333618641 -0.606151998 -0.258813232 0.050485849 0.085890830 0.960775614
1413393926805760512.000000 0.374700248 2.347891331 -0.561804712 0.249256492 -0.048390206 -0.081757754 -0.963766158
1413393926855760384.000000 0.389358401 2.361672163 -0.520344734 0.238160297 -0.045004658 -0.078028217 -0.967039824
1413393926905760512.000000 0.410449922 2.372434378 -0.489497483 -0.226426259 0.038111515 0.075404234 0.970357120
1413393926955760384.000000 0.430063576 2.384386301 -0.454415143 -0.213915229 0.031009009 0.074353687 0.973524690
1413393927005760512.000000 0.451756120 2.395800352 -0.422852218 0.202489763 -0.021462368 -0.073545940 -0.976282954
1413393927055760384.000000 0.479687184 2.408162117 -0.394740969 -0.191521585 0.011673730 0.076324761 0.978446603
1413393927105760512.000000 0.507356822 2.420876980 -0.366402328 -0.181497797 0.004938854 0.079872780 0.980129898
1413393927155760384.000000 0.536588788 2.435325146 -0.338678718 0.171579868 -0.000529962 -0.085923798 -0.981415927
1413393927205760512.000000 0.570393443 2.448643208 -0.313449621 -0.163404047 -0.001998189 0.091659248 0.982290089
1413393927255760384.000000 0.599538743 2.466430426 -0.286160827 -0.155609310 -0.006491472 0.098374903 0.982886612
1413393927305760512.000000 0.629687905 2.486439228 -0.259181768 0.149062037 0.014067034 -0.101721220 -0.983481288
1413393927355760384.000000 0.665545583 2.504315615 -0.237745106 -0.144034535 -0.022658627 0.099025242 0.984344780
1413393927405760512.000000 0.697111428 2.529916048 -0.209325880 -0.140420377 -0.028707461 0.090909101 0.985491633
1413393927455760384.000000 0.731456637 2.557960987 -0.180366784 0.138915405 0.030444568 -0.075557001 -0.986948311
1413393927505760512.000000 0.769147336 2.584663868 -0.151713252 -0.138819695 -0.028811391 0.057814967 0.988208711
1413393927555760384.000000 0.805922270 2.615053892 -0.119811431 -0.138554126 -0.027078666 0.040455069 0.989157736
1413393927605760512.000000 0.844611108 2.644815683 -0.086602807 0.137004629 0.025021680 -0.022471834 -0.989999354
1413393927655760384.000000 0.885419965 2.670927525 -0.052533686 -0.134258479 -0.021141017 0.004786994 0.990709305
1413393927705760512.000000 0.926283002 2.697645903 -0.016369868 -0.130422100 -0.014484405 -0.012542278 0.991273463
1413393927755760384.000000 0.968778372 2.720905066 0.020739868 0.127802506 0.006984884 0.030459734 -0.991307199
1413393927805760512.000000 1.012817502 2.732294083 0.052031018 -0.126855329 0.001305108 -0.046103008 0.990848422
1413393927855760384.000000 1.057430863 2.748573065 0.090353504 -0.124540433 0.008807702 -0.056961302 0.990539014
1413393927905760512.000000 1.102446795 2.760150194 0.128876179 -0.121286795 0.014991639 -0.061546553 0.990594149
1413393927955760384.000000 1.147888780 2.766659021 0.166757897 0.119234823 -0.019195316 0.065127574 -0.990541756
1413393928005760512.000000 1.192713737 2.766247034 0.202905014 -0.118076317 0.023065584 -0.067323342 0.990451157
1413393928055760384.000000 1.233937263 2.764149904 0.241617888 -0.117638268 0.025368370 -0.070185460 0.990248382
1413393928105760512.000000 1.273084879 2.757134676 0.279840857 0.117729641 -0.028186962 0.072268404 -0.990011394
1413393928155760384.000000 1.309768438 2.745604992 0.318167388 0.117658272 -0.030378940 0.073172644 -0.989888668
1413393928205760512.000000 1.343174219 2.728341341 0.354295164 -0.118178546 0.030685151 -0.073167332 0.989817560
1413393928255760384.000000 1.374765277 2.707765579 0.392967224 -0.117090516 0.028748285 -0.067823686 0.990385413
1413393928305760512.000000 1.405811787 2.681065798 0.431171864 -0.113427006 0.025828544 -0.054681595 0.991704226
1413393928355760384.000000 1.432788134 2.652191877 0.469172090 -0.107536703 0.026899464 -0.036491558 0.993167043
1413393928405760512.000000 1.459554911 2.618895292 0.507465243 -0.102043390 0.030540073 -0.018915564 0.994131148
1413393928455760384.000000 1.480680108 2.584935427 0.545265913 -0.097260773 0.033642884 -0.002867019 0.994686007
1413393928505760512.000000 1.499698281 2.549437761 0.581606090 -0.093458451 0.038086809 0.010632224 0.994837701
1413393928555760384.000000 1.516037226 2.514120102 0.618183255 -0.091156952 0.044546325 0.020508265 0.994628370
1413393928605760512.000000 1.532200694 2.477653742 0.652629077 -0.089948907 0.054744661 0.026647799 0.994083583
1413393928655760384.000000 1.545791030 2.442290306 0.685669065 -0.089459255 0.062747344 0.031527497 0.993511856
1413393928705760512.000000 1.559675694 2.406463861 0.716588438 -0.090795994 0.066776738 0.032222629 0.993105650
1413393928755760384.000000 1.571909189 2.371557474 0.743704617 -0.092721924 0.067688346 0.032178659 0.992867351
1413393928805760512.000000 1.584148645 2.334056377 0.769200802 -0.097426169 0.067895181 0.025911933 0.992586076
1413393928855760384.000000 1.595993519 2.298833847 0.790068686 -0.102212228 0.066427067 0.019886944 0.992343068
1413393928905760512.000000 1.607311964 2.263620615 0.808021724 -0.108851947 0.065768130 0.011634923 0.991811693
1413393928955760384.000000 1.618499756 2.227484465 0.823239982 -0.117470227 0.064250976 0.004114292 0.990987241
1413393929005760512.000000 1.628859401 2.190118313 0.835707486 -0.127564535 0.062049247 -0.001246255 0.989886761
1413393929055760384.000000 1.638326406 2.152027130 0.845778704 -0.138176844 0.059262149 -0.001953567 0.988631129
1413393929105760512.000000 1.648306489 2.111537218 0.855316341 -0.150329039 0.057114635 -0.002362682 0.986982107
1413393929155760384.000000 1.657706380 2.069476128 0.860327065 -0.162768304 0.055732332 -0.001019899 0.985088587
1413393929205760512.000000 1.669406891 2.025881529 0.866098046 -0.176183119 0.051693466 0.002401472 0.982996285
1413393929255760384.000000 1.677899361 1.979938507 0.867160559 -0.190191984 0.047583517 0.009199030 0.980549932
1413393929305760512.000000 1.686928272 1.931705236 0.867962480 -0.203841865 0.042982642 0.019094277 0.977873445
1413393929355760384.000000 1.695238113 1.881492972 0.866899133 0.218180269 -0.038739394 -0.031345032 -0.974635422
1413393929405760512.000000 1.704404235 1.829772949 0.864510357 -0.232757702 0.035663269 0.044681326 0.970853031
1413393929455760384.000000 1.713202715 1.776811242 0.861866832 -0.248236820 0.033202499 0.056377426 0.966487288
1413393929505760512.000000 1.722672462 1.723233581 0.858484089 0.265279830 -0.029312331 -0.066431597 -0.961433470
1413393929555760384.000000 1.732143998 1.668662429 0.854290903 0.282400161 -0.025698675 -0.076216057 -0.955918908
1413393929605760512.000000 1.742167950 1.613460660 0.849456072 0.300486028 -0.022838019 -0.084146738 -0.949792564
1413393929655760384.000000 1.756899953 1.555874228 0.844440460 -0.319022477 0.019834209 0.091234401 0.943137109
1413393929705760512.000000 1.767754316 1.499786496 0.839239001 -0.336894840 0.018564204 0.098167248 0.936226666
1413393929755760384.000000 1.779261351 1.443170428 0.834120989 0.354168028 -0.017372463 -0.106618933 -0.928921759
1413393929805760512.000000 1.790731311 1.386422634 0.829186916 0.369965404 -0.018034667 -0.117954388 -0.921350718
1413393929855760384.000000 1.802074790 1.329683304 0.824346721 0.384120226 -0.020390894 -0.132781893 -0.913457632
1413393929905760512.000000 1.813908696 1.273270369 0.819258690 0.396703243 -0.025531223 -0.149812952 -0.905279398
1413393929955760384.000000 1.825726748 1.217640996 0.813567936 0.408475488 -0.030380618 -0.166376933 -0.896963537
1413393930005760512.000000 1.836964130 1.163189769 0.807040513 0.420258433 -0.034722574 -0.181020692 -0.888486743
1413393930055760384.000000 1.846274018 1.110575199 0.799817622 0.431872010 -0.038132377 -0.194013745 -0.879995048
1413393930105760512.000000 1.853203773 1.059577465 0.791671872 0.442785561 -0.040728901 -0.204812601 -0.871971309
1413393930155760384.000000 1.854108691 1.015203834 0.779344022 -0.452456057 0.042854153 0.211734504 0.865225732
1413393930205760512.000000 1.856184721 0.967686236 0.769534171 -0.460914254 0.044434790 0.216765404 0.859416366
1413393930255760384.000000 1.855947614 0.922007918 0.759699047 0.468266308 -0.044053387 -0.217921004 -0.855158746
1413393930305760512.000000 1.852726817 0.878154218 0.748679459 0.475310087 -0.042116199 -0.215896577 -0.851877511
1413393930355760384.000000 1.846899867 0.836036801 0.736723423 0.483713567 -0.035282310 -0.206256390 -0.849843979
1413393930405760512.000000 1.836266994 0.795288086 0.721979260 -0.490117162 0.028145393 0.196420133 0.848770976
1413393930455760384.000000 1.824288726 0.755451918 0.710376501 -0.495827109 0.020637801 0.186429515 0.847923100
1413393930505760512.000000 1.807156920 0.716006041 0.699918032 0.499812990 -0.014669287 -0.178461522 -0.847421587
1413393930555760384.000000 1.781400323 0.679449320 0.693040431 -0.501248896 0.013257917 0.174873114 0.847344756
1413393930605760512.000000 1.754130840 0.641239047 0.687546313 -0.500721931 0.016210785 0.175171047 0.847543538
1413393930655760384.000000 1.720592499 0.604392469 0.683818221 -0.499001414 0.021439701 0.176925033 0.848077595
1413393930705760512.000000 1.683557153 0.567006648 0.681697845 -0.496897519 0.027614392 0.178918511 0.848715842
1413393930755760384.000000 1.643319249 0.531003714 0.680744410 -0.494556189 0.034703325 0.180529371 0.849481642
1413393930805760512.000000 1.604023218 0.495675862 0.678888977 -0.492387474 0.039844055 0.180503875 0.850520670
1413393930855760384.000000 1.564080358 0.459891021 0.676453471 -0.490035266 0.043969654 0.181063056 0.851556361
1413393930905760512.000000 1.527859211 0.425590008 0.670920730 -0.488424093 0.044368308 0.180430993 0.852594912
1413393930955760384.000000 1.491455555 0.390443057 0.665321171 -0.486524314 0.041881956 0.178956777 0.854116201
1413393931005760512.000000 1.461754084 0.356807470 0.654903531 -0.484154910 0.041146826 0.179568723 0.855368972
1413393931055760384.000000 1.435449719 0.323228717 0.642142296 0.483124852 -0.038014393 -0.178772762 -0.856262565
1413393931105760512.000000 1.412175298 0.288495064 0.627696872 -0.480932176 0.038281534 0.179389074 0.857355416
1413393931155760384.000000 1.393013120 0.255640686 0.610283673 -0.479029059 0.035355255 0.181125373 0.858181119
1413393931205760512.000000 1.376457334 0.222965673 0.591007710 0.477430284 -0.032725517 -0.182936311 -0.858791947
1413393931255760384.000000 1.361355662 0.191424221 0.571021318 0.474490255 -0.030725466 -0.186067909 -0.859821856
1413393931305760512.000000 1.343609571 0.158751577 0.551863432 -0.472264469 0.029210338 0.189662039 0.860314727
1413393931355760384.000000 1.324734330 0.129000723 0.531917334 -0.469800711 0.028899388 0.193724260 0.860768914
1413393931405760512.000000 1.302875876 0.099986523 0.512469292 0.466409743 -0.029043721 -0.199134633 -0.861373305
1413393931455760384.000000 1.277798057 0.073268235 0.493529201 -0.463936180 0.030355204 0.203757226 0.861582696
1413393931505760512.000000 1.251766443 0.047467709 0.473444372 -0.461347371 0.031716663 0.208162725 0.861870587
1413393931555760384.000000 1.221945643 0.022047371 0.452743798 0.459367067 -0.032897677 -0.210687280 -0.862270653
1413393931605760512.000000 1.188899636 -0.001686603 0.431864977 0.457453281 -0.032478709 -0.213181198 -0.862690866
1413393931655760384.000000 1.153852463 -0.023520797 0.410211921 0.456362039 -0.033373430 -0.213441908 -0.863170087
1413393931705760512.000000 1.117817283 -0.043355286 0.386123836 -0.455508769 0.033384033 0.213601172 0.863580823
1413393931755760384.000000 1.078739285 -0.060466081 0.363798916 -0.454567581 0.033371110 0.212883905 0.864254117
1413393931805760512.000000 1.037162542 -0.074548423 0.341223300 0.454230964 -0.032896817 -0.211788833 -0.864718199
1413393931855760384.000000 0.995576978 -0.089335710 0.315253079 -0.453946233 0.032142721 0.210597068 0.865187049
1413393931905760512.000000 0.953198791 -0.099485099 0.289787054 -0.453591198 0.031347964 0.209705830 0.865618765
1413393931955760384.000000 0.912010849 -0.107206732 0.262348324 0.453511417 -0.030843774 -0.208015308 -0.866086423
1413393932005760512.000000 0.871725202 -0.112750977 0.233305469 0.453822643 -0.029642588 -0.205908686 -0.866468668
1413393932055760384.000000 0.835259795 -0.121042907 0.200769573 -0.454296529 0.026661364 0.203068972 0.866987228
1413393932105760512.000000 0.797078907 -0.122403651 0.168595254 -0.455202252 0.023126408 0.199565291 0.867427111
1413393932155760384.000000 0.759237945 -0.122870341 0.134981915 0.456860393 -0.018246930 -0.194329634 -0.867860436
1413393932205760512.000000 0.722501636 -0.121168017 0.100708172 0.459108323 -0.013277484 -0.188071653 -0.868143082
1413393932255760384.000000 0.689793825 -0.121366829 0.064720340 -0.461911589 0.007753289 0.180261686 0.868379712
1413393932305760512.000000 0.655487597 -0.116923138 0.030099738 -0.464178920 0.002751963 0.173782527 0.868521750
1413393932355760384.000000 0.622731507 -0.112714663 -0.004336767 0.466695845 0.001530953 -0.168210953 -0.868272901
1413393932405760512.000000 0.590886176 -0.107193455 -0.037733056 0.468312055 0.004813639 -0.164610729 -0.868080676
1413393932455760384.000000 0.563894212 -0.102619529 -0.071069330 -0.469686180 -0.008126463 0.161637753 0.867872238
1413393932505760512.000000 0.534021437 -0.095676944 -0.102111042 -0.471471161 -0.010229644 0.159372315 0.867300868
1413393932555760384.000000 0.506086111 -0.088559732 -0.131256342 0.473335683 0.010986275 -0.156674236 -0.866767466
1413393932605760512.000000 0.479632109 -0.080833957 -0.159239620 0.475254029 0.009299210 -0.154132828 -0.866192937
1413393932655760384.000000 0.454752713 -0.072856538 -0.185877651 0.477327704 0.006476048 -0.151725575 -0.865503132
1413393932705760512.000000 0.431805402 -0.065114267 -0.212374240 -0.478487819 -0.004029959 0.150525570 0.865086913
1413393932755760384.000000 0.409494966 -0.057486467 -0.236537606 -0.480058521 -0.001483245 0.149746671 0.864359677
1413393932805760512.000000 0.388726771 -0.050424870 -0.259529918 0.481803298 -0.001055208 -0.148446158 -0.863613427
1413393932855760384.000000 0.368900627 -0.043470260 -0.281449497 0.483741850 -0.001050470 -0.146302685 -0.862895310
1413393932905760512.000000 0.350698024 -0.037068043 -0.302280903 0.485910326 -0.001795919 -0.143776312 -0.862099946
1413393932955760384.000000 0.334790915 -0.028580777 -0.321140915 -0.488471270 0.007182018 0.139511824 0.861325026
1413393933005760512.000000 0.320503682 -0.023785777 -0.339970589 -0.490467340 0.016454592 0.133546889 0.861008942
1413393933055760384.000000 0.307715476 -0.020676911 -0.357630998 0.491628677 -0.024845850 -0.127771646 -0.861021757
1413393933105760512.000000 0.295756876 -0.019910574 -0.374727756 0.492306739 -0.034266341 -0.122425467 -0.861087620
1413393933155760384.000000 0.283077419 -0.018937513 -0.390669525 -0.492163658 0.041131061 0.120540790 0.861134827
1413393933205760512.000000 0.272372723 -0.023365140 -0.407451212 -0.491326600 0.046816934 0.121690877 0.861160696
1413393933255760384.000000 0.262267113 -0.030379578 -0.424018085 0.488715947 -0.051786747 -0.127269596 -0.861555219
1413393933305760512.000000 0.253272265 -0.040117718 -0.441361010 0.485315323 -0.058352698 -0.136020884 -0.861720562
1413393933355760384.000000 0.244751945 -0.052301176 -0.459691137 0.481729984 -0.063608214 -0.144786850 -0.861932099
1413393933405760512.000000 0.235668585 -0.062687516 -0.478405118 -0.477273077 0.068083927 0.156299025 0.862058997
1413393933455760384.000000 0.227226093 -0.078340217 -0.500044525 -0.472491354 0.068981729 0.169722930 0.862083375
1413393933505760512.000000 0.218169436 -0.094784670 -0.523236156 0.466718733 -0.067508273 -0.184483290 -0.862312138
1413393933555760384.000000 0.206572726 -0.110156134 -0.547269881 -0.461709082 0.064629816 0.197809085 0.862275660
1413393933605760512.000000 0.193926424 -0.125912607 -0.573966324 -0.458320528 0.060771208 0.208197147 0.861918271
1413393933655760384.000000 0.177955046 -0.138698876 -0.601388037 -0.457389534 0.056146555 0.212834433 0.861593843
1413393933705760512.000000 0.161901429 -0.151650146 -0.631842017 -0.458859146 0.049144685 0.210663244 0.861773849
1413393933755760384.000000 0.143952340 -0.163206547 -0.664099693 0.462693185 -0.040682662 -0.203154922 -0.861967504
1413393933805760512.000000 0.121637337 -0.173497915 -0.695118189 -0.466926664 0.032150496 0.194227532 0.862102926
1413393933855760384.000000 0.098988496 -0.183653086 -0.727862000 -0.469659477 0.024958767 0.187628776 0.862318099
1413393933905760512.000000 0.074071743 -0.193165690 -0.759879470 0.471965253 -0.020494279 -0.182451472 -0.862287819
1413393933955760384.000000 0.048937697 -0.200183630 -0.790546715 -0.474564999 0.018957801 0.176354229 0.862164617
1413393934005760512.000000 0.027497515 -0.208233237 -0.823089063 -0.478210002 0.023580354 0.164858952 0.862311304
1413393934055760384.000000 0.008918501 -0.216664299 -0.856314182 0.482104629 -0.028968882 -0.153863117 -0.862010479
1413393934105760512.000000 -0.008163229 -0.223567158 -0.887511432 -0.484635025 0.035095800 0.144295782 0.862018585
1413393934155760384.000000 -0.020448141 -0.235032544 -0.922398686 -0.486092567 0.036981087 0.138271213 0.862106442
1413393934205760512.000000 -0.030998535 -0.248974025 -0.957668126 0.486822844 -0.038112771 -0.134457394 -0.862248302
1413393934255760384.000000 -0.039515890 -0.262432992 -0.992446899 -0.484789193 0.038011830 0.136759341 0.863036215
1413393934305760512.000000 -0.049950145 -0.279817134 -1.026471853 -0.482249379 0.037560001 0.141140103 0.863773286
1413393934355760384.000000 -0.062972933 -0.297826737 -1.058838248 0.478251100 -0.035324167 -0.149893105 -0.864615679
1413393934405760512.000000 -0.079228677 -0.316507399 -1.090051532 0.473729312 -0.033301588 -0.160323441 -0.865313828
1413393934455760384.000000 -0.097459361 -0.333684564 -1.120315433 -0.469788820 0.031562805 0.169480637 0.865782082
1413393934505760512.000000 -0.120401189 -0.352533847 -1.149619460 -0.466287732 0.030388542 0.177788585 0.866050541
1413393934555760384.000000 -0.146311894 -0.370973945 -1.178257227 0.462804765 -0.030259911 -0.185697228 -0.866263628
1413393934605760512.000000 -0.174436972 -0.388506949 -1.206650972 0.460131526 -0.030805361 -0.192358226 -0.866214991
1413393934655760384.000000 -0.202729687 -0.403882504 -1.235109925 -0.457451254 0.033346105 0.199273780 0.865977168
1413393934705760512.000000 -0.234860927 -0.419672489 -1.264197588 -0.454695374 0.036071338 0.205816925 0.865788937
1413393934755760384.000000 -0.270090342 -0.434179813 -1.293345332 0.448939294 -0.038954854 -0.215144247 -0.866400063
1413393934805760512.000000 -0.307582885 -0.447229356 -1.322637200 0.440696657 -0.041202217 -0.225875124 -0.867795706
1413393934855760384.000000 -0.347114891 -0.457203776 -1.351837993 -0.430869877 0.040391043 0.233962581 0.870621264
1413393934905760512.000000 -0.389010072 -0.465679586 -1.383255839 -0.419924378 0.035284922 0.238644868 0.874909878
1413393934955760384.000000 -0.432322741 -0.470530987 -1.415286541 0.409297377 -0.025300819 -0.236573622 -0.880833983
1413393935005760512.000000 -0.477295995 -0.471621811 -1.449162364 -0.400609672 0.011795501 0.223268956 0.888551533
1413393935055760384.000000 -0.523274362 -0.469861954 -1.482915640 -0.392011046 -0.004033144 0.203269362 0.897213876
1413393935105760512.000000 -0.569010735 -0.465023100 -1.516364098 0.381470501 0.018103259 -0.182805136 -0.905944169
1413393935155760384.000000 -0.614432454 -0.459092617 -1.547848463 -0.368379772 -0.028993208 0.164311871 0.914580464
1413393935205760512.000000 -0.652983248 -0.449391246 -1.579504132 -0.352711618 -0.037331987 0.148427606 0.923130631
1413393935255760384.000000 -0.686196029 -0.437453270 -1.610078573 0.335229903 0.042669978 -0.135569453 -0.931354463
1413393935305760512.000000 -0.717103124 -0.425177872 -1.636795640 -0.316781580 -0.046361383 0.124669552 0.939126015
1413393935355760384.000000 -0.740437388 -0.409896374 -1.663249612 -0.297412097 -0.047395661 0.116887003 0.946381092
1413393935405760512.000000 -0.758376658 -0.393272638 -1.687401056 0.278842449 0.047567766 -0.105381273 -0.953351498
1413393935455760384.000000 -0.771597028 -0.376017630 -1.710439920 0.260583729 0.046815552 -0.092887215 -0.959831476
1413393935505760512.000000 -0.779805481 -0.358373702 -1.731526256 0.242708564 0.044635739 -0.078699857 -0.965870917
1413393935555760384.000000 -0.784422576 -0.341145158 -1.750395179 0.224477530 0.044687323 -0.065472595 -0.971249878
1413393935605760512.000000 -0.788813949 -0.326594800 -1.765731931 -0.209332153 -0.044742357 0.049272526 0.975576997
1413393935655760384.000000 -0.787907541 -0.309847891 -1.779597878 -0.196182787 -0.046917625 0.034604691 0.978832841
1413393935705760512.000000 -0.785432994 -0.293494403 -1.790718913 0.185933709 0.048228245 -0.017414438 -0.981223464
1413393935755760384.000000 -0.781817973 -0.279009074 -1.798764348 0.177616909 0.049247690 -0.000706415 -0.982866466
1413393935805760512.000000 -0.776602328 -0.267085910 -1.803464413 0.170459986 0.049171463 0.017785143 -0.983976245
1413393935855760384.000000 -0.769579470 -0.258737594 -1.804638863 0.162778974 0.047846891 0.035653066 -0.984856606
1413393935905760512.000000 -0.761433482 -0.254615605 -1.802349806 0.152794287 0.045793153 0.047364630 -0.986059666
1413393935955760384.000000 -0.749335408 -0.256237715 -1.793315530 -0.137525067 -0.042082094 -0.045538194 0.988555670
1413393936005760512.000000 -0.738842964 -0.261859864 -1.783959270 -0.118026875 -0.036980897 -0.036419224 0.991653025
1413393936055760384.000000 -0.727963626 -0.271455497 -1.772596121 0.097034410 0.032433219 0.027165839 -0.994381428
1413393936105760512.000000 -0.715317845 -0.284156263 -1.758989573 0.073836178 0.027036212 0.017548444 -0.996749461
1413393936155760384.000000 -0.699229240 -0.298681706 -1.744794369 -0.049458478 -0.021993339 -0.008625149 0.998496771
1413393936205760512.000000 -0.684168279 -0.314797789 -1.727644324 -0.023451490 -0.019077415 0.000833648 0.999542654
1413393936255760384.000000 -0.667951882 -0.331320703 -1.709313750 -0.002360009 0.017445434 -0.007008199 -0.999820471
1413393936305760512.000000 -0.650232553 -0.347419292 -1.691139460 0.028023565 -0.017727189 0.011231207 0.999387026
1413393936355760384.000000 -0.632742405 -0.362587869 -1.670026660 0.053728011 -0.018502254 0.012140316 0.998310447
1413393936405760512.000000 -0.614635706 -0.375768304 -1.647780895 -0.078141324 0.018978946 -0.010026496 -0.996711254
1413393936455760384.000000 -0.594918072 -0.387569219 -1.626145601 0.101266228 -0.019030709 0.004303167 0.994668067
1413393936505760512.000000 -0.573948145 -0.397226512 -1.602164626 0.122732781 -0.014823687 -0.006948875 0.992304742
1413393936555760384.000000 -0.551335037 -0.405451536 -1.578705072 0.142846674 -0.008431873 -0.019699069 0.989512861
1413393936605760512.000000 -0.528742135 -0.411559492 -1.553477645 0.162236392 0.000386731 -0.031527419 0.986248076
1413393936655760384.000000 -0.504627287 -0.417801261 -1.529757023 0.180877194 0.011111455 -0.041764118 0.982555747
1413393936705760512.000000 -0.480976641 -0.421323419 -1.504787087 0.198413625 0.021795522 -0.050618548 0.978567779
1413393936755760384.000000 -0.457334816 -0.423469603 -1.480932474 0.215277031 0.030099116 -0.058276605 0.974347830
1413393936805760512.000000 -0.433462173 -0.426619411 -1.459571242 0.231243655 0.036462411 -0.065957464 0.969972432
1413393936855760384.000000 -0.410521477 -0.426440597 -1.438219666 0.247396946 0.041665144 -0.073800847 0.965200603
1413393936905760512.000000 -0.387254000 -0.424759120 -1.418712616 0.263018310 0.047375549 -0.082519919 0.960087180
1413393936955760384.000000 -0.364135832 -0.424901485 -1.402151465 0.279386431 0.051071156 -0.091438055 0.954449654
1413393937005760512.000000 -0.341274947 -0.421500921 -1.387443900 0.295570463 0.056699838 -0.102152511 0.948149860
1413393937055760384.000000 -0.319007039 -0.417316556 -1.375947356 0.312026650 0.060886987 -0.112724446 0.941395462
1413393937105760512.000000 -0.297252238 -0.412207991 -1.367406726 0.329102099 0.064033337 -0.122226477 0.934158564
1413393937155760384.000000 -0.274869442 -0.411766768 -1.363777399 0.345921278 0.066110320 -0.130083531 0.926847458
1413393937205760512.000000 -0.254114300 -0.404751390 -1.362126350 0.363308728 0.068397723 -0.136941165 0.919007957
1413393937255760384.000000 -0.233951882 -0.397473603 -1.363890290 0.379672885 0.069130138 -0.143408194 0.911319792
1413393937305760512.000000 -0.214126006 -0.388810635 -1.369053602 0.395835340 0.069091149 -0.148264021 0.903636336
1413393937355760384.000000 -0.194902286 -0.378843427 -1.377243757 0.410201043 0.067537062 -0.153572500 0.896431506
1413393937405760512.000000 -0.176047787 -0.367584407 -1.388141274 0.422155291 0.065674029 -0.157618299 0.890296817
1413393937455760384.000000 -0.159410655 -0.354830742 -1.400863767 0.431428492 0.060110308 -0.162744954 0.885308087
1413393937505760512.000000 -0.146171123 -0.343996584 -1.417922497 0.437877148 0.048030004 -0.168447793 0.881806135
1413393937555760384.000000 -0.138771608 -0.329501390 -1.430900335 0.443861306 0.035027154 -0.170234516 0.879079342
1413393937605760512.000000 -0.138056740 -0.314044416 -1.443077087 0.448367923 0.023665098 -0.171417072 0.876939178
1413393937655760384.000000 -0.141692132 -0.298837423 -1.454030871 0.452565312 0.012015781 -0.170469493 0.875203133
1413393937705760512.000000 -0.148447916 -0.283195198 -1.464283824 0.454970419 0.001233356 -0.170322865 0.874065578
1413393937755760384.000000 -0.156268358 -0.267736077 -1.474041224 0.455761909 -0.009566567 -0.171977490 0.873277366
1413393937805760512.000000 -0.163040578 -0.253015578 -1.483614445 0.456045151 -0.019884882 -0.173429757 0.872668087
1413393937855760384.000000 -0.167964011 -0.239505410 -1.492755055 0.455850333 -0.028084759 -0.173737451 0.872483253
1413393937905760512.000000 -0.170195535 -0.228499532 -1.504918814 0.455063939 -0.029631348 -0.175443903 0.872501194
1413393937955760384.000000 -0.170491681 -0.217128754 -1.513307333 0.454566032 -0.024021920 -0.177210286 0.872576237
1413393938005760512.000000 -0.169269636 -0.207849681 -1.520401239 0.453167379 -0.017069103 -0.179917634 0.872913361
1413393938055760384.000000 -0.167180151 -0.199524581 -1.527844429 0.451302469 -0.007677202 -0.184537366 0.873048246
1413393938105760512.000000 -0.164264143 -0.192662299 -1.536028981 0.449606001 0.004599335 -0.191010386 0.872552812
1413393938155760384.000000 -0.160473287 -0.187246203 -1.545728922 0.448500633 0.019929938 -0.199056864 0.871106446
1413393938205760512.000000 -0.156677157 -0.183317006 -1.557954788 0.448909283 0.036242202 -0.208316475 0.868200004
1413393938255760384.000000 -0.153655827 -0.180571020 -1.573058724 0.451204240 0.049722206 -0.215662405 0.864541650
1413393938305760512.000000 -0.151727006 -0.179057658 -1.591825247 0.456272870 0.057968829 -0.218759894 0.860580504
1413393938355760384.000000 -0.150666147 -0.178176522 -1.614550233 0.465107471 0.061078582 -0.216451630 0.856208622
1413393938405760512.000000 -0.146366060 -0.178303242 -1.638059139 0.476426870 0.058794636 -0.210157007 0.851701081
1413393938455760384.000000 -0.147188187 -0.178364217 -1.667957306 0.491055608 0.052207280 -0.199628443 0.846337557
1413393938505760512.000000 -0.149316326 -0.178959608 -1.700186491 0.505680740 0.044444025 -0.191681787 0.839982033
1413393938555760384.000000 -0.151907533 -0.178436935 -1.734462738 0.519525051 0.037027661 -0.186168894 0.833104968
1413393938605760512.000000 -0.153513670 -0.177780032 -1.767854929 0.532988310 0.030778000 -0.183226913 0.825472057
1413393938655760384.000000 -0.160804480 -0.175034881 -1.802541971 0.545806766 0.023934705 -0.181555361 0.817655027
1413393938705760512.000000 -0.171604246 -0.170976520 -1.836135149 0.557467163 0.016599938 -0.181535557 0.809938073
1413393938755760384.000000 -0.184814185 -0.165267229 -1.869089484 0.569052696 0.012494096 -0.181283116 0.801972151
1413393938805760512.000000 -0.193612963 -0.156944275 -1.896226883 0.580242753 0.012708201 -0.181749776 0.793803513
1413393938855760384.000000 -0.208996758 -0.147417784 -1.927818775 0.590257943 0.016845874 -0.184156761 0.785746872
1413393938905760512.000000 -0.224381581 -0.136979938 -1.959007263 0.599774599 0.019954802 -0.187942222 0.777528167
1413393938955760384.000000 -0.239116445 -0.124346733 -1.990242958 0.608600140 0.022064630 -0.192866072 0.769364536
1413393939005760512.000000 -0.252861381 -0.110039234 -2.021543026 0.617270410 0.022562085 -0.197812811 0.761142850
1413393939055760384.000000 -0.264856786 -0.094087243 -2.053281307 0.625509858 0.025013275 -0.201661155 0.753289223
1413393939105760512.000000 -0.270596266 -0.079308629 -2.084930658 0.636470616 0.035104774 -0.197979406 0.744632125
1413393939155760384.000000 -0.277886897 -0.059662104 -2.118448257 0.647467732 0.046379704 -0.192703158 0.735866904
1413393939205760512.000000 -0.286058009 -0.037867546 -2.151269436 0.655816734 0.048323244 -0.193880200 0.727997124
1413393939255760384.000000 -0.296119988 -0.012482643 -2.183490038 0.660326540 0.042393889 -0.202178508 0.722007930
1413393939305760512.000000 -0.308497190 0.015712500 -2.213112354 0.662027180 0.029915418 -0.214515001 0.717501581
1413393939355760384.000000 -0.321291327 0.046425581 -2.243509054 0.660115898 0.011141031 -0.232532829 0.714178920
1413393939405760512.000000 -0.339391649 0.079272032 -2.271091700 0.656378269 -0.014995155 -0.250693232 0.711403966
1413393939455760384.000000 -0.356159627 0.110758543 -2.298999310 0.651165962 -0.044427630 -0.267387897 0.708881438
1413393939505760512.000000 -0.375947118 0.139788866 -2.326225281 0.645081818 -0.074104004 -0.280838102 0.706758857
1413393939555760384.000000 -0.395766050 0.165179014 -2.351238012 -0.639218211 0.100561954 0.290871769 -0.704756081
1413393939605760512.000000 -0.417223006 0.186421156 -2.375252724 0.632911444 -0.122968793 -0.299100339 0.703449190
1413393939655760384.000000 -0.438442886 0.201030970 -2.395931721 0.626677752 -0.141377255 -0.306400299 0.702428937
1413393939705760512.000000 -0.461323023 0.206714392 -2.413564682 0.621110976 -0.148372367 -0.315423995 0.701936245
1413393939755760384.000000 -0.480361700 0.204795122 -2.429283619 0.618188858 -0.145147517 -0.321030676 0.702647924
1413393939805760512.000000 -0.497695804 0.193543196 -2.443500042 -0.620175362 0.129122809 0.318748802 -0.705059588
1413393939855760384.000000 -0.512470841 0.173213243 -2.458896160 0.627805412 -0.101760484 -0.303846747 0.709353566
1413393939905760512.000000 -0.524564147 0.147179842 -2.471707821 -0.638950050 0.067771345 0.277383506 -0.714288712
1413393939955760384.000000 -0.534263372 0.117776632 -2.486375570 0.650889874 -0.029132344 -0.245736495 0.717709780
1413393940005760512.000000 -0.543741286 0.088446617 -2.499315500 0.661311269 0.006081809 -0.213619620 0.719025135
1413393940055760384.000000 -0.552173138 0.061565876 -2.512513876 0.670986891 0.035309546 -0.179973051 0.718428612
1413393940105760512.000000 -0.559671581 0.038507938 -2.526074886 0.678424597 0.058858328 -0.151039332 0.716563344
1413393940155760384.000000 -0.568277180 0.021785975 -2.537459373 0.684668660 0.073595397 -0.126509503 0.714008451
1413393940205760512.000000 -0.573349297 0.010997057 -2.547791481 -0.689133763 -0.085830003 0.108119354 -0.711363673
1413393940255760384.000000 -0.581256628 0.010667324 -2.556726456 -0.691363573 -0.089217439 0.099318020 -0.710065305
1413393940305760512.000000 -0.589249134 0.018170834 -2.563895941 0.690687656 0.081249066 -0.104273476 0.710968494
1413393940355760384.000000 -0.597435832 0.034526587 -2.569079161 0.686303258 0.065000199 -0.123748347 0.713757098
1413393940405760512.000000 -0.604150534 0.058204412 -2.572656631 0.678983271 0.043380015 -0.150577813 0.717235208
1413393940455760384.000000 -0.606921613 0.081029654 -2.577743053 0.669679999 0.014768887 -0.179683805 0.720433474
1413393940505760512.000000 -0.613685608 0.113431454 -2.577826262 0.658130884 -0.020117735 -0.211273938 0.722372830
1413393940555760384.000000 -0.617621422 0.144798756 -2.578063011 0.646750450 -0.056600824 -0.236983374 0.722737312
1413393940605760512.000000 -0.620562315 0.176203728 -2.576631069 0.636511326 -0.089407630 -0.254474938 0.722566366
1413393940655760384.000000 -0.620236993 0.202405453 -2.574229717 -0.628105223 0.115220748 0.265210152 -0.722406924
1413393940705760512.000000 -0.615788281 0.218995571 -2.570586205 0.622287929 -0.136515245 -0.268830031 0.722393095
1413393940755760384.000000 -0.609715104 0.232139349 -2.563642263 0.618411183 -0.154849648 -0.265601158 0.723218679
1413393940805760512.000000 -0.599188089 0.236246824 -2.553564787 -0.617714822 0.161068961 0.258437455 -0.725048542
1413393940855760384.000000 -0.583157301 0.232430458 -2.539630651 -0.620670021 0.147766188 0.249414459 -0.728509724
1413393940905760512.000000 -0.563303053 0.221996307 -2.522056818 -0.624980211 0.122590497 0.242091671 -0.731958330
1413393940955760384.000000 -0.540804803 0.206538677 -2.501999140 0.631226897 -0.092093147 -0.231115907 0.734613538
1413393941005760512.000000 -0.514149547 0.187046051 -2.479334116 0.638353884 -0.057806313 -0.216655523 0.736358106
1413393941055760384.000000 -0.487798393 0.167074919 -2.455879450 0.646748006 -0.023803767 -0.195700273 0.736784875
1413393941105760512.000000 -0.460187346 0.147662878 -2.431145906 0.654193819 0.008914849 -0.175839692 0.735548437
1413393941155760384.000000 -0.437215328 0.131435156 -2.403802395 0.660773635 0.035454810 -0.157769501 0.732959807
1413393941205760512.000000 -0.410208434 0.119189262 -2.377399445 0.665686786 0.055716842 -0.143850610 0.730112135
1413393941255760384.000000 -0.386410117 0.113068819 -2.349023819 0.668408930 0.066278309 -0.138240904 0.727822900
1413393941305760512.000000 -0.363022417 0.111646175 -2.320540428 0.668136239 0.062399130 -0.145589516 0.726982832
1413393941355760384.000000 -0.341278464 0.115787029 -2.291074038 0.666215181 0.048793640 -0.159944728 0.726769686
1413393941405760512.000000 -0.320196360 0.124542475 -2.261333466 0.662374735 0.028587986 -0.179461092 0.726798594
1413393941455760384.000000 -0.304135799 0.139233112 -2.228764057 0.657266080 0.005715673 -0.200571731 0.726456881
1413393941505760512.000000 -0.283782482 0.153220296 -2.197988510 0.650200903 -0.019683791 -0.224694490 0.725509346
1413393941555760384.000000 -0.263026953 0.167470932 -2.166545391 0.642787457 -0.043491509 -0.246818900 0.723887622
1413393941605760512.000000 -0.246720493 0.183645725 -2.132214069 0.635766804 -0.064446390 -0.266093254 0.721693635
1413393941655760384.000000 -0.223763943 0.192626834 -2.100623846 0.629804671 -0.080628842 -0.281197339 0.719564617
1413393941705760512.000000 -0.201295108 0.197886825 -2.067717791 -0.624104440 0.092674404 0.292252898 -0.718674779
1413393941755760384.000000 -0.180908054 0.198439598 -2.032670259 0.617938280 -0.101752006 -0.301536411 0.718940020
1413393941805760512.000000 -0.161427379 0.192522764 -1.997454643 0.612743676 -0.106913857 -0.308173805 0.719821870
1413393941855760384.000000 -0.143210053 0.180253744 -1.961458683 -0.610738397 0.104355603 0.308035702 -0.721957445
1413393941905760512.000000 -0.125795513 0.162132382 -1.923913002 0.613940001 -0.091418512 -0.297968686 0.725213826
1413393941955760384.000000 -0.107287169 0.136877894 -1.887448549 -0.619079113 0.072629921 0.283072263 -0.728928030
1413393942005760512.000000 -0.087690324 0.107193232 -1.851077080 0.626284838 -0.048396934 -0.262813061 0.732362211
1413393942055760384.000000 -0.069071315 0.078795671 -1.813017845 0.634460628 -0.018931326 -0.238650441 0.734947145
1413393942105760512.000000 -0.047955111 0.046157837 -1.777738929 0.641242504 0.010245750 -0.214711174 0.736615419
1413393942155760384.000000 -0.027233915 0.015140414 -1.743081331 0.646457255 0.036455911 -0.193363234 0.737139523
1413393942205760512.000000 -0.006738469 -0.012722731 -1.708550096 0.650150239 0.058943842 -0.175342068 0.736943424
1413393942255760384.000000 0.010772333 -0.032584548 -1.674290061 0.651543796 0.075389095 -0.164728343 0.736662567
1413393942305760512.000000 0.030639097 -0.050675750 -1.642140150 0.652435184 0.085996896 -0.156818584 0.736437976
1413393942355760384.000000 0.050365493 -0.062718391 -1.611335635 0.652184367 0.090850726 -0.154456377 0.736576498
1413393942405760512.000000 0.064213455 -0.063706994 -1.579143882 0.650627792 0.089000531 -0.158561841 0.737306297
1413393942455760384.000000 0.082300618 -0.062813640 -1.550853610 0.647383392 0.079582654 -0.168780282 0.738968670
1413393942505760512.000000 0.103733093 -0.058981538 -1.525797963 0.643470705 0.066092335 -0.182709679 0.740401566
1413393942555760384.000000 0.116678827 -0.043632030 -1.499481916 0.638098836 0.047104254 -0.201016441 0.741757095
1413393942605760512.000000 0.131039277 -0.030062914 -1.474192619 0.631045818 0.023139283 -0.221852496 0.742985368
1413393942655760384.000000 0.143383518 -0.014195561 -1.449452758 0.623928189 -0.001562974 -0.241245613 0.743311346
1413393942705760512.000000 0.150636464 0.001134515 -1.424661875 0.616578996 -0.023122193 -0.260014713 0.742757142
1413393942755760384.000000 0.160453409 0.014764071 -1.400948405 0.610326350 -0.042376112 -0.274969012 0.741686046
1413393942805760512.000000 0.168668687 0.025410414 -1.377112627 0.604948223 -0.057049394 -0.288248330 0.740064800
1413393942855760384.000000 0.167953283 0.031103313 -1.351400614 0.600995898 -0.068002872 -0.297902048 0.738535047
1413393942905760512.000000 0.170894861 0.033767939 -1.326606989 0.597940087 -0.076447375 -0.305620253 0.737034500
1413393942955760384.000000 0.171002135 0.031849682 -1.301176786 -0.596432626 0.082699083 0.309752911 -0.735854745
1413393943005760512.000000 0.170535088 0.023990929 -1.275689840 -0.597452164 0.080904193 0.309270591 -0.735429943
1413393943055760384.000000 0.170963764 0.009637773 -1.250919461 -0.603962719 0.067221485 0.298466384 -0.735953987
1413393943105760512.000000 0.172743171 -0.010019302 -1.227198124 0.612489820 -0.045816045 -0.282803178 0.736735761
1413393943155760384.000000 0.176941127 -0.039082170 -1.206842661 0.622845888 -0.020167394 -0.260775268 0.737328053
1413393943205760512.000000 0.180347234 -0.063787699 -1.185546994 0.632484138 0.006073555 -0.239098683 0.736721694
1413393943255760384.000000 0.183789954 -0.088313282 -1.165037036 0.640229225 0.032121409 -0.218107149 0.735869586
1413393943305760512.000000 0.186560959 -0.110569835 -1.145549059 0.646648526 0.051512185 -0.198504418 0.734702885
1413393943355760384.000000 0.191541612 -0.130785763 -1.129001856 0.652535200 0.069195248 -0.181127727 0.732531607
1413393943405760512.000000 0.194053456 -0.144617498 -1.112071514 0.656164229 0.081169091 -0.167835116 0.731226027
1413393943455760384.000000 0.197244003 -0.154020905 -1.096682310 0.658197403 0.088534459 -0.159726128 0.730359793
1413393943505760512.000000 0.199395120 -0.158890545 -1.083809614 0.656912923 0.086089812 -0.163365856 0.731003165
1413393943555760384.000000 0.198404491 -0.156777442 -1.069216967 0.651849568 0.072614692 -0.178046659 0.733565748
1413393943605760512.000000 0.198098123 -0.150511026 -1.056214094 0.645916700 0.056774478 -0.195113361 0.735866249
1413393943655760384.000000 0.195428729 -0.139899909 -1.043583155 0.638200283 0.034224782 -0.216787383 0.737924337
1413393943705760512.000000 0.193672940 -0.127880216 -1.032357454 0.629520476 0.011109102 -0.238159835 0.739500225
1413393943755760384.000000 0.192370459 -0.116560698 -1.022902846 0.621156633 -0.012355382 -0.256891102 0.740282953
1413393943805760512.000000 0.191288233 -0.105463266 -1.014253378 0.612687171 -0.033083688 -0.273868620 0.740618587
1413393943855760384.000000 0.192324281 -0.097238541 -1.005941153 0.604389012 -0.047900841 -0.285442144 0.742254913
1413393943905760512.000000 0.194810241 -0.093568802 -0.999128520 0.596448720 -0.058572497 -0.291900188 0.745394170
1413393943955760384.000000 0.198955253 -0.095516741 -0.993385553 0.589488685 -0.061373960 -0.294433534 0.749696791
1413393944005760512.000000 0.206984252 -0.103793740 -0.988616586 0.586135566 -0.057251684 -0.286181718 0.755822301
1413393944055760384.000000 0.215167403 -0.116158307 -0.984363437 0.584320068 -0.047718715 -0.272182882 0.763026595
1413393944105760512.000000 0.226760164 -0.131675899 -0.979392707 0.584264696 -0.037232284 -0.252184778 0.770487726
1413393944155760384.000000 0.236869007 -0.150478005 -0.975673437 0.584859073 -0.026430259 -0.226853177 0.778318107
1413393944205760512.000000 0.248261988 -0.169671476 -0.971178114 0.585077465 -0.014366569 -0.199918047 0.785818517
1413393944255760384.000000 0.260743022 -0.188680589 -0.966487288 0.584038973 0.001680933 -0.175144777 0.792603374
1413393944305760512.000000 0.273708999 -0.206094801 -0.963104010 0.581571281 0.017873205 -0.152266696 0.798918247
1413393944355760384.000000 0.286694497 -0.220240831 -0.956496418 0.577194691 0.033594523 -0.134018332 0.804833412
1413393944405760512.000000 0.298135996 -0.228730381 -0.950143993 0.571026742 0.046686746 -0.121961616 0.810477734
1413393944455760384.000000 0.310387015 -0.234808981 -0.942997992 0.565021038 0.053994462 -0.113630041 0.815428853
1413393944505760512.000000 0.322299659 -0.235547602 -0.935661435 0.556301653 0.057667300 -0.116893783 0.820694089
1413393944555760384.000000 0.331506550 -0.231999636 -0.929801524 0.545670927 0.052664507 -0.130038381 0.826171756
1413393944605760512.000000 0.340679079 -0.224093974 -0.922700167 0.533808112 0.041826781 -0.148547366 0.831404328
1413393944655760384.000000 0.348519593 -0.213546455 -0.916930795 0.522589207 0.024172498 -0.167310059 0.835657597
1413393944705760512.000000 0.355039060 -0.200586617 -0.912410378 0.511966586 0.003069537 -0.186245367 0.838566303
1413393944755760384.000000 0.363022625 -0.188228101 -0.907890618 0.502131999 -0.017220115 -0.202683449 0.840527415
1413393944805760512.000000 0.371615410 -0.177023530 -0.903809667 0.494097501 -0.036508076 -0.215833560 0.841398060
1413393944855760384.000000 0.379354209 -0.169439703 -0.901562452 0.487297952 -0.052146837 -0.226041883 0.841858983
1413393944905760512.000000 0.390843451 -0.164297283 -0.897103965 -0.482070297 0.064430289 0.233419195 -0.842005014
1413393944955760384.000000 0.404147297 -0.163751572 -0.892103016 -0.478111595 0.074150376 0.236577183 -0.842580736
1413393945005760512.000000 0.419896543 -0.167540640 -0.886963606 0.475408435 -0.075588234 -0.235373646 0.844317734
1413393945055760384.000000 0.439169973 -0.177079767 -0.879884660 -0.475144356 0.063626617 0.227807984 -0.847521722
1413393945105760512.000000 0.459609240 -0.189722866 -0.872362912 0.476194829 -0.041582342 -0.214838445 0.851677060
1413393945155760384.000000 0.479132712 -0.204955876 -0.863155782 0.476899862 -0.014536640 -0.198110253 0.856217086
1413393945205760512.000000 0.496449053 -0.220788479 -0.854221523 0.476454735 0.015719531 -0.179438949 0.860549569
1413393945255760384.000000 0.510361612 -0.235584289 -0.844159782 0.474266589 0.044932026 -0.160390064 0.864481032
1413393945305760512.000000 0.516833663 -0.246996552 -0.833809495 0.470352381 0.069226541 -0.143375993 0.867997527
1413393945355760384.000000 0.521588087 -0.256468564 -0.824348629 0.463212520 0.085455827 -0.131276384 0.872294724
1413393945405760512.000000 0.521777332 -0.262952566 -0.816018999 0.454048634 0.092449158 -0.123223953 0.877558470
1413393945455760384.000000 0.516594112 -0.264998406 -0.808546066 0.443734407 0.091590352 -0.118385032 0.883570015
1413393945505760512.000000 0.506560028 -0.263623595 -0.802237332 0.432443768 0.080161676 -0.115720838 0.890603840
1413393945555760384.000000 0.494015217 -0.260695994 -0.797287166 0.419638306 0.063508950 -0.116750896 0.897908509
1413393945605760512.000000 0.480133295 -0.252811462 -0.794230580 0.405797333 0.046799917 -0.120523617 0.904772043
1413393945655760384.000000 0.465700090 -0.242407069 -0.793516099 0.390734017 0.031029137 -0.125710607 0.911351204
1413393945705760512.000000 0.453508377 -0.232292652 -0.793862104 0.375115693 0.014704326 -0.131807610 0.917441428
1413393945755760384.000000 0.439644277 -0.219109282 -0.794989526 0.358801454 -0.002490359 -0.137878746 0.923171043
1413393945805760512.000000 0.426511586 -0.207447112 -0.795432806 0.342285216 -0.019931698 -0.143657476 0.928335190
1413393945855760384.000000 0.416504383 -0.196229488 -0.796640754 0.325931609 -0.036211975 -0.147561848 0.933103859
1413393945905760512.000000 0.406339467 -0.187893927 -0.796262503 0.310321301 -0.046835840 -0.150601983 0.937457263
1413393945955760384.000000 0.400144219 -0.182927638 -0.795151055 -0.298348874 0.045620468 0.145953879 -0.942127466
1413393946005760512.000000 0.399025112 -0.179575056 -0.793333054 0.287338227 -0.032179598 -0.139029413 0.947138965
1413393946055760384.000000 0.398419589 -0.179809704 -0.790218592 0.278078675 -0.011911429 -0.129395574 0.951728523
1413393946105760512.000000 0.399177194 -0.180497915 -0.787248313 0.268894017 0.011903639 -0.118611448 0.955764472
1413393946155760384.000000 0.399969250 -0.182269916 -0.784951806 0.259606957 0.037320584 -0.106872715 0.959056675
1413393946205760512.000000 0.400279433 -0.184111565 -0.784289539 0.249416336 0.061570067 -0.095162205 0.961740553
1413393946255760384.000000 0.398388535 -0.185207725 -0.785643697 0.238097101 0.078696072 -0.084907793 0.964317083
1413393946305760512.000000 0.393881261 -0.185284004 -0.789360583 0.224766359 0.085601084 -0.077981286 0.967507899
1413393946355760384.000000 0.387182683 -0.184417546 -0.796178877 0.212668955 0.083381355 -0.067368440 0.971226513
1413393946405760512.000000 0.377716035 -0.182176366 -0.805906534 0.198968276 0.071503051 -0.058226205 0.975658119
1413393946455760384.000000 0.367209643 -0.178776756 -0.817970097 0.185344309 0.056292940 -0.048110068 0.979879618
1413393946505760512.000000 0.355815440 -0.172776297 -0.831582189 0.169124112 0.039199416 -0.040737215 0.983972013
1413393946555760384.000000 0.344875008 -0.166008174 -0.846964955 -0.151372388 -0.019444477 0.035603758 -0.987644076
1413393946605760512.000000 0.334754407 -0.159250006 -0.862373650 -0.131939933 0.001682149 0.034034684 -0.990671873
1413393946655760384.000000 0.322037101 -0.150009051 -0.876770735 0.110521443 -0.023454653 -0.033814296 0.993021429
1413393946705760512.000000 0.314010322 -0.141882077 -0.889701366 0.087584019 -0.043107461 -0.035534505 0.994589448
1413393946755760384.000000 0.305560619 -0.131448969 -0.901834726 0.064526856 -0.057598066 -0.037263039 0.995555282
1413393946805760512.000000 0.304090381 -0.124627784 -0.909891963 0.042368464 -0.064308167 -0.036036830 0.996378839
1413393946855760384.000000 0.304091126 -0.116256818 -0.917267323 0.021730175 -0.064010620 -0.033053692 0.997164965
1413393946905760512.000000 0.309351057 -0.112304084 -0.919497192 0.003016385 -0.053478885 -0.029154476 0.998138726
1413393946955760384.000000 0.312731236 -0.106895335 -0.924183726 -0.013901038 -0.032479696 -0.023845820 0.999091268
1413393947005760512.000000 0.322252512 -0.106221154 -0.921633720 -0.029709583 -0.003276037 -0.017975654 0.999391615
1413393947055760384.000000 0.328291059 -0.104523122 -0.921119869 -0.045222279 0.025585139 -0.012181336 0.998575032
1413393947105760512.000000 0.331721902 -0.105337843 -0.916828215 -0.060810182 0.050380886 -0.006603434 0.996855259
1413393947155760384.000000 0.330852240 -0.106745832 -0.912899852 0.076795377 -0.067239612 0.000226369 -0.994777024
1413393947205760512.000000 0.324414253 -0.109489314 -0.909526408 0.093203709 -0.074589811 -0.006391853 -0.992828608
1413393947255760384.000000 0.307554603 -0.112193510 -0.913235307 -0.109440833 0.077750325 0.012957636 0.990863144
1413393947305760512.000000 0.292367578 -0.117451653 -0.913255513 -0.126155570 0.077569060 0.020018883 0.988770485
1413393947355760384.000000 0.273103654 -0.123993069 -0.916017532 0.142808571 -0.077442728 -0.027831970 -0.986323357
1413393947405760512.000000 0.250501215 -0.131722897 -0.919591486 0.158450469 -0.074916117 -0.038792841 -0.983756125
1413393947455760384.000000 0.221377298 -0.138522655 -0.926957011 -0.171390906 0.068739600 0.057222053 0.981134951
1413393947505760512.000000 0.192456990 -0.147657767 -0.933303714 -0.183859289 0.060656663 0.077930696 0.977979243
1413393947555760384.000000 0.162816927 -0.156538665 -0.943370938 0.195946723 -0.053526178 -0.098418988 -0.974193811
1413393947605760512.000000 0.132126004 -0.163238421 -0.953940451 -0.208495080 0.046059933 0.118799403 0.969688177
1413393947655760384.000000 0.102301210 -0.169585228 -0.967510939 -0.221291304 0.035316259 0.138262466 0.964710593
1413393947705760512.000000 0.072693571 -0.173480839 -0.982738614 0.235347345 -0.020021155 -0.152479574 -0.959667027
1413393947755760384.000000 0.043918818 -0.172517896 -0.998696566 -0.252743810 0.003249155 0.159072250 0.954361618
1413393947805760512.000000 0.017684862 -0.169721484 -1.017055750 -0.272280723 -0.012948985 0.158202201 0.949035168
1413393947855760384.000000 -0.006635450 -0.162630022 -1.036337733 0.293002993 0.024958191 -0.152144194 -0.943598747
1413393947905760512.000000 -0.025226273 -0.152114362 -1.055007100 -0.313218415 -0.031828701 0.145418242 0.937941790
1413393947955760384.000000 -0.043039918 -0.140537977 -1.072301865 -0.332320541 -0.032604605 0.137597233 0.932505846
1413393948005760512.000000 -0.056824498 -0.126903981 -1.087499857 0.352727264 0.027476022 -0.120720699 -0.927499354
1413393948055760384.000000 -0.068612710 -0.113123782 -1.100591540 0.371314287 0.020349322 -0.104021013 -0.922437727
1413393948105760512.000000 -0.076472595 -0.096547157 -1.111292243 -0.387221754 -0.013628139 0.091136321 0.917370081
1413393948155760384.000000 -0.085611984 -0.085194722 -1.119645238 -0.400141805 -0.004953723 0.085051760 0.912484646
1413393948205760512.000000 -0.093554452 -0.075893641 -1.125611782 0.410656840 -0.006535573 -0.083166264 -0.907965660
1413393948255760384.000000 -0.100206867 -0.069172919 -1.130062580 0.419369191 -0.019801967 -0.083741911 -0.903728187
1413393948305760512.000000 -0.105943963 -0.065485567 -1.133565068 0.425960302 -0.035088398 -0.087946802 -0.899773300
1413393948355760384.000000 -0.110754333 -0.064715922 -1.137129188 0.432353705 -0.051663674 -0.091301605 -0.895580947
1413393948405760512.000000 -0.109002598 -0.063973337 -1.143752813 -0.439054668 0.065789476 0.093388155 0.891168594
1413393948455760384.000000 -0.113552272 -0.069824040 -1.148576856 -0.445280015 0.076569751 0.096606165 0.886865318
1413393948505760512.000000 -0.119219489 -0.079561889 -1.154523253 0.451469779 -0.082068518 -0.101204492 -0.882721603
1413393948555760384.000000 -0.125803575 -0.092767537 -1.161595583 0.455984741 -0.079471424 -0.110918574 -0.879465342
1413393948605760512.000000 -0.134138867 -0.108654827 -1.169386864 0.460742533 -0.066847712 -0.121601678 -0.876618981
1413393948655760384.000000 -0.143231153 -0.126086533 -1.177780151 0.465590060 -0.046763185 -0.134365812 -0.873490095
1413393948705760512.000000 -0.151958197 -0.145795494 -1.187222719 0.470355421 -0.025653647 -0.146894097 -0.869787216
1413393948755760384.000000 -0.159943447 -0.167499542 -1.199559450 -0.475497663 0.004729587 0.159235924 0.865172625
1413393948805760512.000000 -0.167639434 -0.188009292 -1.209365129 -0.480792135 -0.013201636 0.171868876 0.859724283
1413393948855760384.000000 -0.173906788 -0.207085937 -1.217977881 -0.485947907 -0.026976805 0.185482755 0.853652775
1413393948905760512.000000 -0.176743552 -0.224130452 -1.225126743 0.492545098 0.034849700 -0.196591884 -0.847075284
1413393948955760384.000000 -0.177999437 -0.238893092 -1.232401371 0.500744462 0.036820102 -0.205011830 -0.840160429
1413393949005760512.000000 -0.177428707 -0.251053184 -1.239526153 0.512163758 0.029947052 -0.207232371 -0.832974315
1413393949055760384.000000 -0.174995124 -0.261272907 -1.246109962 0.525496662 0.020951837 -0.203503191 -0.825833321
1413393949105760512.000000 -0.170177236 -0.268478811 -1.252187252 0.539706349 0.008758914 -0.198075354 -0.818172693
1413393949155760384.000000 -0.163543165 -0.274645060 -1.258243322 0.554100275 -0.003593947 -0.190660879 -0.810313821
1413393949205760512.000000 -0.156861901 -0.281673729 -1.264308929 0.567874730 -0.016993245 -0.183554187 -0.802207887
1413393949255760384.000000 -0.150245428 -0.287735701 -1.270562649 -0.580178082 0.029517679 0.177787527 0.794300735
1413393949305760512.000000 -0.142253324 -0.295885205 -1.275786638 -0.592950404 0.042334747 0.170119449 0.785924315
1413393949355760384.000000 -0.135037601 -0.306747377 -1.281261921 0.604371727 -0.054009721 -0.164899856 -0.777576864
1413393949405760512.000000 -0.127592281 -0.320418775 -1.286398888 0.615249574 -0.066531792 -0.160024896 -0.769047201
1413393949455760384.000000 -0.120629206 -0.337420046 -1.291212320 0.624230623 -0.078688234 -0.158449963 -0.760945439
1413393949505760512.000000 -0.115421481 -0.358215094 -1.295640469 0.629733384 -0.087437570 -0.164764211 -0.754084468
1413393949555760384.000000 -0.112563230 -0.382739067 -1.299478769 0.630953074 -0.088329047 -0.181100473 -0.749198854
1413393949605760512.000000 -0.111236274 -0.410588861 -1.303733110 0.630018413 -0.085556775 -0.200269148 -0.745418787
1413393949655760384.000000 -0.110806085 -0.441135049 -1.309029698 0.627450585 -0.081543893 -0.219298556 -0.742673934
1413393949705760512.000000 -0.110477209 -0.463018119 -1.310775757 -0.623943210 0.079280823 0.239338204 0.739680171
1413393949755760384.000000 -0.111450918 -0.495887935 -1.320899725 -0.620981157 0.079588398 0.258466095 0.735692501
1413393949805760512.000000 -0.112505212 -0.527562082 -1.333698034 -0.618521512 0.082059935 0.276681095 0.730852246
1413393949855760384.000000 -0.116848126 -0.565093875 -1.353966951 0.616396010 -0.087998226 -0.294611186 -0.724925280
1413393949905760512.000000 -0.120488465 -0.595220208 -1.375659704 0.614509523 -0.092329837 -0.310717434 -0.719241321
1413393949955760384.000000 -0.125441417 -0.627634227 -1.404571772 0.612689972 -0.096146367 -0.323833585 -0.714491963
1413393950005760512.000000 -0.130862579 -0.657022417 -1.440330744 0.613115609 -0.095305689 -0.331631184 -0.710652411
1413393950055760384.000000 -0.136681706 -0.682691514 -1.482382298 0.617661715 -0.083896905 -0.329404354 -0.709188342
1413393950105760512.000000 -0.143524274 -0.708299875 -1.531136274 0.626052916 -0.063307613 -0.316789567 -0.709714293
1413393950155760384.000000 -0.153773010 -0.727761507 -1.583428979 0.632589340 -0.038798124 -0.306045890 -0.710395217
1413393950205760512.000000 -0.162297428 -0.748856544 -1.639834881 0.638478816 -0.014288645 -0.294403583 -0.710962176
1413393950255760384.000000 -0.171166718 -0.767305851 -1.697767973 0.643233120 0.009137725 -0.283262342 -0.711287677
1413393950305760512.000000 -0.180911839 -0.780267596 -1.754908800 -0.646729708 -0.026764616 0.275498092 0.710721612
1413393950355760384.000000 -0.191107035 -0.792615891 -1.812144518 -0.647762120 -0.036458310 0.274374902 0.709784150
1413393950405760512.000000 -0.202758431 -0.801566720 -1.867782116 -0.648016393 -0.041050117 0.275462389 0.708879471
1413393950455760384.000000 -0.219641358 -0.803117037 -1.918772817 -0.648793697 -0.041805033 0.275934637 0.707940161
1413393950505760512.000000 -0.233579278 -0.805242419 -1.970989943 -0.650317013 -0.036845069 0.275217921 0.707096457
1413393950555760384.000000 -0.249035299 -0.802872419 -2.021294355 0.652913213 0.029399076 -0.272224069 -0.706211090
1413393950605760512.000000 -0.265721321 -0.797463179 -2.070455313 0.656299770 0.020164326 -0.266145051 -0.705713093
1413393950655760384.000000 -0.287738025 -0.786967397 -2.117902994 -0.660106122 -0.009554196 0.258590758 0.705194712
1413393950705760512.000000 -0.308009744 -0.776492119 -2.164343834 -0.663895667 0.000169686 0.250781804 0.704521835
1413393950755760384.000000 -0.330680013 -0.764814615 -2.209035397 -0.666935563 0.006237862 0.244099960 0.703969657
1413393950805760512.000000 -0.356011808 -0.752431631 -2.251827240 0.669932306 -0.010351551 -0.238503382 -0.702993393
1413393950855760384.000000 -0.384261787 -0.739683867 -2.292665482 0.672028601 -0.012942157 -0.234287083 -0.702367187
1413393950905760512.000000 -0.415037036 -0.726610661 -2.331827641 0.674261212 -0.011104709 -0.229884669 -0.701713264
1413393950955760384.000000 -0.450185418 -0.714438677 -2.371129751 -0.677439094 0.004989264 0.223269090 0.700858355
1413393951005760512.000000 -0.481813550 -0.701012015 -2.407021999 -0.679851294 -0.003483438 0.217738569 0.700271428
1413393951055760384.000000 -0.512360692 -0.687274098 -2.441366196 -0.681512415 -0.010390207 0.214487791 0.699591279
1413393951105760512.000000 -0.542126775 -0.674602270 -2.472881317 0.681396782 0.011927477 -0.216793969 -0.698968232
1413393951155760384.000000 -0.569127202 -0.660458446 -2.503137112 0.680766940 0.008584088 -0.219686955 -0.698727667
1413393951205760512.000000 -0.594302416 -0.645757437 -2.531761169 0.680424929 0.004467430 -0.222639024 -0.698164701
1413393951255760384.000000 -0.617679715 -0.630716801 -2.558997631 0.680283904 0.000173264 -0.225231081 -0.697484612
1413393951305760512.000000 -0.638556600 -0.615888119 -2.589148521 -0.680229187 0.002544292 0.227781355 0.696704745
1413393951355760384.000000 -0.658403993 -0.600283861 -2.614615917 -0.680608273 0.003732676 0.230251580 0.695516169
1413393951405760512.000000 -0.676771879 -0.584865570 -2.639107704 0.680921316 -0.002517240 -0.233462125 -0.694143593
1413393951455760384.000000 -0.694461823 -0.568939686 -2.662698030 0.681082904 0.001569085 -0.237193972 -0.692721188
1413393951505760512.000000 -0.712689877 -0.552551746 -2.684708118 0.680861890 0.006185513 -0.241018057 -0.691591740
1413393951555760384.000000 -0.732152522 -0.534936190 -2.704913616 0.680977404 0.010407900 -0.243940711 -0.690401673
1413393951605760512.000000 -0.753032684 -0.515737534 -2.723318577 0.681663156 0.013646133 -0.245240718 -0.689206958
1413393951655760384.000000 -0.771984339 -0.497172356 -2.742790461 -0.682938397 -0.014478864 0.244778439 0.688090861
1413393951705760512.000000 -0.794675052 -0.476191998 -2.757721901 -0.685118675 -0.014355266 0.241769195 0.686989129
1413393951755760384.000000 -0.819258451 -0.455240965 -2.771056652 0.687602460 0.014139174 -0.238472760 -0.685662985
1413393951805760512.000000 -0.843472242 -0.432691574 -2.782556772 0.689833701 0.011379225 -0.236420631 -0.684182227
1413393951855760384.000000 -0.866446733 -0.408996105 -2.792699337 0.691937625 0.007447348 -0.235079437 -0.682572067
1413393951905760512.000000 -0.888273835 -0.384347200 -2.801581860 0.693900704 0.004550858 -0.234482333 -0.680807710
1413393951955760384.000000 -0.908357024 -0.358595133 -2.809523344 0.695579052 0.002183360 -0.234817162 -0.678988934
1413393952005760512.000000 -0.926868618 -0.331954479 -2.816362143 0.697432876 0.000142322 -0.234605923 -0.677161396
1413393952055760384.000000 -0.943303823 -0.305086851 -2.822483063 0.699347258 -0.001404597 -0.234401420 -0.675253630
1413393952105760512.000000 -0.956682265 -0.277829170 -2.828018427 0.700567424 -0.004506827 -0.235199660 -0.673695803
1413393952155760384.000000 -0.962875605 -0.253469944 -2.835480690 0.702530444 -0.005298019 -0.234793887 -0.671784759
1413393952205760512.000000 -0.969134748 -0.226489305 -2.841396570 0.703480184 -0.007790209 -0.236438498 -0.670187891
1413393952255760384.000000 -0.972320855 -0.200107574 -2.847411394 0.704284132 -0.010665638 -0.238007799 -0.668746889
1413393952305760512.000000 -0.972594798 -0.173804998 -2.851552963 0.704386890 -0.012555009 -0.239376128 -0.668117225
1413393952355760384.000000 -0.969756126 -0.148299217 -2.856609106 0.703084707 -0.014569487 -0.239552125 -0.669383585
1413393952405760512.000000 -0.966040015 -0.122473001 -2.861239433 0.700690389 -0.015233588 -0.238317445 -0.672313690
1413393952455760384.000000 -0.956076026 -0.093709469 -2.870294094 0.697577536 -0.014378331 -0.235184446 -0.676658809
1413393952505760512.000000 -0.951193452 -0.067390919 -2.873794556 0.693022311 -0.012947212 -0.232155979 -0.682389975
1413393952555760384.000000 -0.945942879 -0.040808201 -2.876859188 0.687589109 -0.011082294 -0.228969201 -0.688964128
1413393952605760512.000000 -0.941816866 -0.015728235 -2.878334522 0.681687534 -0.009077586 -0.224763110 -0.696204901
1413393952655760384.000000 -0.936329782 0.010447979 -2.879492283 0.674585581 -0.007647623 -0.221469656 -0.704149902
1413393952705760512.000000 -0.930449963 0.036404133 -2.879621267 0.667134762 -0.006730000 -0.217792138 -0.712357044
1413393952755760384.000000 -0.924390495 0.062187672 -2.878546238 0.658890009 -0.006505492 -0.215575829 -0.720658541
1413393952805760512.000000 -0.917648494 0.087314129 -2.876765728 0.651390433 -0.006486317 -0.213451058 -0.728070855
1413393952855760384.000000 -0.904173732 0.111064196 -2.875930548 -0.644409299 0.006260061 0.213181347 0.734337330
1413393952905760512.000000 -0.896812260 0.135321140 -2.873417616 -0.637594879 0.010081328 0.215425491 0.739569485
1413393952955760384.000000 -0.889021993 0.159512043 -2.870597363 -0.630731463 0.014476440 0.219594076 0.744141579
1413393953005760512.000000 -0.881453872 0.184765100 -2.868401527 0.624773204 -0.018901605 -0.224441022 -0.747614503
1413393953055760384.000000 -0.873141408 0.209836245 -2.866313696 0.619522214 -0.022696331 -0.228806511 -0.750549614
1413393953105760512.000000 -0.865807950 0.235349655 -2.864661217 0.615355015 -0.025983470 -0.232561484 -0.752713919
1413393953155760384.000000 -0.862130940 0.261158466 -2.862554550 0.612193227 -0.028397685 -0.235718071 -0.754221499
1413393953205760512.000000 -0.863249838 0.287223577 -2.859676838 0.609569252 -0.030674635 -0.238066167 -0.755518973
1413393953255760384.000000 -0.868970156 0.313777924 -2.856109619 0.607557654 -0.033296123 -0.240437716 -0.756276965
1413393953305760512.000000 -0.878814876 0.335166216 -2.849861145 -0.605103135 0.037117913 0.245109141 0.756567240
1413393953355760384.000000 -0.886911273 0.362123251 -2.848157883 -0.603681326 0.041684531 0.247650504 0.756637633
1413393953405760512.000000 -0.892570317 0.389676809 -2.850072145 -0.603577495 0.046828020 0.247806460 0.756368577
1413393953455760384.000000 -0.892071426 0.420982361 -2.857964039 0.604055464 -0.050852299 -0.246885359 -0.756028295
1413393953505760512.000000 -0.891185164 0.449226379 -2.867929697 0.606705546 -0.052104797 -0.241111070 -0.755684495
1413393953555760384.000000 -0.892634332 0.471202135 -2.878846645 -0.611289322 0.051544398 0.231720120 0.754966497
1413393953605760512.000000 -0.888156056 0.497498035 -2.894758940 -0.617199004 0.046611980 0.219307557 0.754186273
1413393953655760384.000000 -0.883412004 0.522041559 -2.911474943 -0.622019529 0.042077377 0.208996296 0.753420115
1413393953705760512.000000 -0.877617955 0.547742367 -2.929657221 0.626661360 -0.039111536 -0.199062914 -0.752422631
1413393953755760384.000000 -0.877212882 0.562006712 -2.944716454 -0.630395293 0.037908036 0.191455707 0.751338482
1413393953805760512.000000 -0.876077533 0.582611322 -2.960182190 -0.632020295 0.037035812 0.186802551 0.751188099
1413393953855760384.000000 -0.877123058 0.601188898 -2.974121332 -0.631961226 0.036772143 0.182877436 0.752215922
1413393953905760512.000000 -0.880291939 0.617081404 -2.986020088 0.629914701 -0.037794791 -0.180324227 -0.754494667
1413393953955760384.000000 -0.886155725 0.631173134 -2.996398211 0.626156926 -0.035138290 -0.180153877 -0.757784486
1413393954005760512.000000 -0.893801868 0.643230200 -3.005428553 0.620422959 -0.027761959 -0.183923602 -0.761890233
1413393954055760384.000000 -0.900879383 0.653086901 -3.013570070 0.613803327 -0.020726455 -0.187007025 -0.766710103
1413393954105760512.000000 -0.907522798 0.661913157 -3.020824432 0.605809808 -0.013205720 -0.193237767 -0.771673024
1413393954155760384.000000 -0.914740026 0.670045376 -3.027711630 -0.597261131 0.003482403 0.199160561 0.776918352
1413393954205760512.000000 -0.919203997 0.677882195 -3.033557653 -0.587531149 -0.006715806 0.205823228 0.782559216
1413393954255760384.000000 -0.921838820 0.686454058 -3.038856506 -0.576845646 -0.016363161 0.212028459 0.788685858
1413393954305760512.000000 -0.922347844 0.695554495 -3.043919802 0.565920174 0.024276340 -0.215846568 -0.795333445
1413393954355760384.000000 -0.921225786 0.707054615 -3.047639608 0.554712236 0.030813891 -0.218210444 -0.802327275
1413393954405760512.000000 -0.918899298 0.722526073 -3.050606728 -0.543359816 -0.036039948 0.218139663 0.809861958
1413393954455760384.000000 -0.915188789 0.738920450 -3.051903725 -0.531605303 -0.039791632 0.216154546 0.817979038
1413393954505760512.000000 -0.910277247 0.757458687 -3.052114010 -0.519870281 -0.042642787 0.212318361 0.826339841
1413393954555760384.000000 -0.904410005 0.777214646 -3.050940752 0.507558465 0.045955878 -0.208311379 -0.834792733
1413393954605760512.000000 -0.897106647 0.800137401 -3.048541069 0.495691419 0.047837052 -0.204560369 -0.842707932
1413393954655760384.000000 -0.888745844 0.826213121 -3.044678450 0.485096008 0.048728984 -0.199617565 -0.849976599
1413393954705760512.000000 -0.879854143 0.855718851 -3.038964987 0.475437015 0.050929345 -0.195726350 -0.856187522
1413393954755760384.000000 -0.870219529 0.888373017 -3.032110691 0.467502505 0.052616093 -0.192783311 -0.861108363
1413393954805760512.000000 -0.859657168 0.927883744 -3.021077871 -0.460367560 -0.054082535 0.190668568 0.865322053
1413393954855760384.000000 -0.848780513 0.965819955 -3.010487556 -0.454910666 -0.055495955 0.188421786 0.868604481
1413393954905760512.000000 -0.836896360 1.007310987 -2.997880697 -0.450610101 -0.056729354 0.186045066 0.871274650
1413393954955760384.000000 -0.824186265 1.050469160 -2.983181953 -0.447998554 -0.055301815 0.182487711 0.873462796
1413393955005760512.000000 -0.809392750 1.096372128 -2.967339277 -0.446931869 -0.049365494 0.177153677 0.875460744
1413393955055760384.000000 -0.792732894 1.144400835 -2.949444294 -0.446269393 -0.039989438 0.168999612 0.877885878
1413393955105760512.000000 -0.775752604 1.193775892 -2.928652048 -0.444707453 -0.031858455 0.161670357 0.880388081
1413393955155760384.000000 -0.758758426 1.244284749 -2.906394958 -0.442572534 -0.024407964 0.154142648 0.883048117
1413393955205760512.000000 -0.741520047 1.295337915 -2.882432222 -0.438433975 -0.016207904 0.151310563 0.885786772
1413393955255760384.000000 -0.724733174 1.347261190 -2.852269173 -0.432684243 -0.008997762 0.151356563 0.888703942
1413393955305760512.000000 -0.706843615 1.398168325 -2.826213121 -0.425997287 -0.001854135 0.152382925 0.891797245
1413393955355760384.000000 -0.688835740 1.448976755 -2.799612045 -0.418188661 0.001837527 0.152096048 0.895534277
1413393955405760512.000000 -0.672798038 1.501483560 -2.769161224 -0.409680754 0.004148067 0.150002077 0.899802148
1413393955455760384.000000 -0.652860880 1.552304387 -2.741743088 -0.400363833 0.008750881 0.143322065 0.905036509
1413393955505760512.000000 -0.631984770 1.602674842 -2.714429855 -0.389091730 0.015484990 0.134411320 0.911208808
1413393955555760384.000000 -0.613770366 1.652128220 -2.686705828 -0.376132160 0.023347719 0.123769186 0.917965531
1413393955605760512.000000 -0.595486760 1.700030327 -2.659601450 -0.362737119 0.030713944 0.108913228 0.924995303
1413393955655760384.000000 -0.580352545 1.746516943 -2.632271528 -0.349247962 0.035233118 0.092523053 0.931785405
1413393955705760512.000000 -0.571373880 1.792929769 -2.599546432 -0.338066667 0.033814736 0.074302375 0.937574923
1413393955755760384.000000 -0.562373877 1.835738182 -2.572003126 -0.329368860 0.028755551 0.054613356 0.942181885
1413393955805760512.000000 -0.556254327 1.875703335 -2.544241190 -0.321973175 0.021915663 0.036400918 0.945794940
1413393955855760384.000000 -0.553724766 1.912126541 -2.515011549 0.315313339 -0.012448153 -0.022919014 -0.948629200
1413393955905760512.000000 -0.552238762 1.944657326 -2.485013962 0.307011336 -0.002427252 -0.019392120 -0.951505184
1413393955955760384.000000 -0.550047696 1.972994208 -2.453576088 0.295481175 0.003897130 -0.027867334 -0.954934120
1413393956005760512.000000 -0.544155121 2.000263929 -2.418199062 -0.283317596 -0.008239703 0.040895078 0.958118439
1413393956055760384.000000 -0.538430333 2.022371769 -2.384564638 -0.270992488 -0.009528688 0.053913791 0.961023271
1413393956105760512.000000 -0.530727684 2.042811871 -2.349992275 -0.259220570 -0.008769611 0.064917199 0.963594139
1413393956155760384.000000 -0.523031712 2.060920477 -2.313717842 0.247280985 0.007758864 -0.072554015 -0.966192424
1413393956205760512.000000 -0.512914240 2.078743935 -2.277292013 0.235164732 0.006020100 -0.076427095 -0.968927443
1413393956255760384.000000 -0.500501037 2.096295118 -2.240584373 0.223654941 -0.000240790 -0.074614219 -0.971808195
1413393956305760512.000000 -0.481786489 2.112708092 -2.202589512 -0.212247312 0.007694964 0.069072723 0.974741459
1413393956355760384.000000 -0.467070878 2.129440308 -2.165720940 -0.199349537 0.016952010 0.062163502 0.977807820
1413393956405760512.000000 -0.451995879 2.145466328 -2.129591703 -0.185799643 0.025597934 0.054304581 0.980751872
1413393956455760384.000000 -0.436670333 2.161533356 -2.093647480 0.171209946 -0.032995544 -0.046184454 -0.983598232
1413393956505760512.000000 -0.421473145 2.174108982 -2.062690496 -0.154988989 0.036527146 0.039259557 0.986459792
1413393956555760384.000000 -0.408330858 2.187108278 -2.028033257 -0.137557432 0.036072526 0.033716194 0.989262402
1413393956605760512.000000 -0.396113783 2.199027538 -1.994238734 -0.119117312 0.033323623 0.028932067 0.991899014
1413393956655760384.000000 -0.384212375 2.210038185 -1.961223364 0.099912748 -0.027732598 -0.023875570 -0.994323075
1413393956705760512.000000 -0.373632967 2.220357180 -1.928217769 0.080812544 -0.020155832 -0.019221958 -0.996340156
1413393956755760384.000000 -0.363978237 2.224946737 -1.901582360 -0.061946891 0.011723164 0.014769428 0.997901380
1413393956805760512.000000 -0.353687316 2.233902931 -1.870224357 -0.042800378 0.005401356 0.010310100 0.999015868
1413393956855760384.000000 -0.342842788 2.242350817 -1.839493036 -0.023508310 0.000751902 0.008009824 0.999691308
1413393956905760512.000000 -0.331483722 2.250809669 -1.807613254 0.003917289 0.001880849 -0.006192197 -0.999971390
1413393956955760384.000000 -0.318358660 2.256700993 -1.782344103 0.015172006 -0.003437301 0.004878508 0.999867141
1413393957005760512.000000 -0.306670904 2.265666008 -1.750882626 0.033202261 -0.004590131 0.001213291 0.999437392
1413393957055760384.000000 -0.294363469 2.274800062 -1.721007943 -0.051248744 0.006259253 0.003333707 -0.998660803
1413393957105760512.000000 -0.281835347 2.284551382 -1.689831376 -0.068685018 0.007491948 0.012169610 -0.997536063
1413393957155760384.000000 -0.266227841 2.286934614 -1.659733295 0.085797451 -0.008594119 -0.021995964 0.996032774
1413393957205760512.000000 -0.252335459 2.296493053 -1.626813889 0.104643002 -0.008369527 -0.031466525 0.993976712
1413393957255760384.000000 -0.237662449 2.306055069 -1.594025135 -0.124287039 0.008628428 0.040748738 -0.991371751
1413393957305760512.000000 -0.222924083 2.315580606 -1.560693145 -0.144663259 0.009264606 0.049530841 -0.988197088
1413393957355760384.000000 -0.209716290 2.324803829 -1.530418873 0.164873779 -0.008808640 -0.058113340 0.984561801
1413393957405760512.000000 -0.194390386 2.334276915 -1.496515870 0.184265807 -0.008085757 -0.066255681 0.980607510
1413393957455760384.000000 -0.178869516 2.343617201 -1.461891055 -0.203571454 0.005273462 0.073432043 -0.976288199
1413393957505760512.000000 -0.165093288 2.354805708 -1.437705636 0.221499011 -0.002660051 -0.080844462 0.971800089
1413393957555760384.000000 -0.153331921 2.363682270 -1.401765347 0.239355728 0.000402803 -0.086848676 0.967039883
1413393957605760512.000000 -0.144546270 2.372702360 -1.366370320 0.257463962 0.004260780 -0.092608839 0.961830437
1413393957655760384.000000 -0.139832616 2.383088589 -1.332501173 0.276122600 0.010221987 -0.096874148 0.956173301
1413393957705760512.000000 -0.136078417 2.392087936 -1.296103358 0.294842005 0.018661860 -0.101616025 0.949944317
1413393957755760384.000000 -0.136068240 2.402041674 -1.260080218 0.313367784 0.025414422 -0.107015379 0.943240404
1413393957805760512.000000 -0.139686480 2.414300203 -1.226473570 0.329987526 0.031515066 -0.116654173 0.936219454
1413393957855760384.000000 -0.144452929 2.425176382 -1.191214800 0.345221519 0.035381518 -0.128484726 0.929011285
1413393957905760512.000000 -0.150610626 2.437017441 -1.158050656 0.358290493 0.037759800 -0.142211124 0.921942592
1413393957955760384.000000 -0.156729668 2.451549292 -1.128622174 0.369456589 0.038729761 -0.158091247 0.914882004
1413393958005760512.000000 -0.162047118 2.464128494 -1.100725889 0.378324807 0.036445335 -0.172854915 0.908660173
1413393958055760384.000000 -0.165026069 2.476420879 -1.076231718 0.385876596 0.032410603 -0.185123041 0.903204441
1413393958105760512.000000 -0.164607137 2.487197399 -1.055827498 0.392834723 0.028334707 -0.192528173 0.898783028
1413393958155760384.000000 -0.160909235 2.495620012 -1.038810849 0.399558127 0.023688028 -0.195869341 0.895224750
1413393958205760512.000000 -0.153203130 2.500688553 -1.024817824 0.405284852 0.020604189 -0.197522625 0.892359018
1413393958255760384.000000 -0.140969127 2.507990837 -1.021999598 0.411579251 0.017213508 -0.193882033 0.890346050
1413393958305760512.000000 -0.128583759 2.507635355 -1.013298035 0.417305291 0.011718995 -0.187732786 0.889086843
1413393958355760384.000000 -0.114383966 2.506122112 -1.005516171 0.422797233 0.005266447 -0.178772345 0.888400435
1413393958405760512.000000 -0.101500750 2.503483057 -0.998692870 0.426282495 -0.001719919 -0.172487602 0.887991190
1413393958455760384.000000 -0.090955436 2.500346422 -0.991596937 0.428303003 -0.007485198 -0.168552533 0.887744665
1413393958505760512.000000 -0.082772493 2.496576786 -0.983678818 0.428899199 -0.014762945 -0.166943476 0.887669683
1413393958555760384.000000 -0.077584773 2.492647171 -0.974731803 0.428318471 -0.022937808 -0.167617574 0.887649417
1413393958605760512.000000 -0.075438708 2.490187168 -0.966270685 0.426964968 -0.031016627 -0.169302762 0.887736201
1413393958655760384.000000 -0.075301915 2.490371227 -0.960903287 0.424942046 -0.037496388 -0.171343163 0.888065219
1413393958705760512.000000 -0.077797532 2.486921549 -0.949986100 0.423140138 -0.042185489 -0.173224241 0.888350308
1413393958755760384.000000 -0.074329287 2.475040436 -0.932952285 0.422032177 -0.041281290 -0.172829196 0.888996542
1413393958805760512.000000 -0.078516632 2.468674183 -0.918587387 0.421475798 -0.035191018 -0.170633361 0.889946043
1413393958855760384.000000 -0.085745811 2.460446835 -0.900800824 0.421191424 -0.027118826 -0.167711675 0.890918255
1413393958905760512.000000 -0.094624221 2.451669455 -0.882758379 0.420682073 -0.018913029 -0.165142775 0.891850233
1413393958955760384.000000 -0.106327444 2.442072392 -0.863320291 0.420342177 -0.012736906 -0.161734372 0.892744243
1413393959005760512.000000 -0.119530171 2.431466579 -0.843200743 0.420725256 -0.007653905 -0.156265780 0.893595397
1413393959055760384.000000 -0.127722323 2.408708334 -0.816817284 0.422232836 -0.005086931 -0.147202581 0.894441187
1413393959105760512.000000 -0.143429726 2.397911072 -0.795970857 0.424396843 -0.002615371 -0.136370242 0.895144522
1413393959155760384.000000 -0.159468502 2.388810158 -0.775311649 0.426405698 0.001227510 -0.126417026 0.895653665
1413393959205760512.000000 -0.171168596 2.376538515 -0.751942754 0.426972657 0.006735829 -0.121448025 0.896046579
1413393959255760384.000000 -0.184362054 2.370357037 -0.731632650 0.425018400 0.013354137 -0.122685455 0.896732628
1413393959305760512.000000 -0.196866781 2.364926100 -0.711079240 0.422176421 0.014388967 -0.126881585 0.897474825
1413393959355760384.000000 -0.208974808 2.361239433 -0.691209018 0.419078797 0.012854612 -0.132440656 0.898146570
1413393959405760512.000000 -0.218477994 2.346987247 -0.664660811 0.416465819 0.010856584 -0.137694627 0.898598135
1413393959455760384.000000 -0.228124112 2.345098972 -0.646096766 0.414254874 0.008879112 -0.141484573 0.899052978
1413393959505760512.000000 -0.235794008 2.342321873 -0.627992094 0.412415802 0.010375385 -0.144375131 0.899422824
1413393959555760384.000000 -0.242742091 2.340625763 -0.611245513 0.411795110 0.013264625 -0.145002812 0.899568260
1413393959605760512.000000 -0.247023672 2.339454651 -0.596126497 0.412744105 0.025494179 -0.141495317 0.899428487
1413393959655760384.000000 -0.252906948 2.330247879 -0.577251554 0.414483994 0.042254280 -0.136147782 0.898822308
1413393959705760512.000000 -0.255972534 2.331676006 -0.565793931 0.416252315 0.055530481 -0.130195498 0.898164570
1413393959755760384.000000 -0.258946687 2.335042477 -0.556870818 0.417108536 0.065829188 -0.126117021 0.897653401
1413393959805760512.000000 -0.263974339 2.340943575 -0.549788773 0.416176736 0.065214515 -0.127498403 0.897935510
1413393959855760384.000000 -0.270958602 2.349150896 -0.544511855 0.414015323 0.052855704 -0.132448211 0.899030149
1413393959905760512.000000 -0.277787358 2.359304190 -0.541365683 0.411007464 0.039829291 -0.139081493 0.900079429
1413393959955760384.000000 -0.284211487 2.370539188 -0.540122032 0.407852143 0.026487499 -0.146616340 0.900810063
1413393960005760512.000000 -0.290213138 2.382073879 -0.540364921 0.405293941 0.014131588 -0.152277738 0.901303828
1413393960055760384.000000 -0.296499401 2.390357256 -0.540409923 0.403014958 0.003411835 -0.157402664 0.901549697
1413393960105760512.000000 -0.301080018 2.400112629 -0.542312443 0.400984764 -0.005365841 -0.161938056 0.901642203
1413393960155760384.000000 -0.317263961 2.411641598 -0.544220626 0.399412245 -0.013466788 -0.165262341 0.901652336
1413393960205760512.000000 -0.321088821 2.418558121 -0.545980036 0.397210896 -0.023274940 -0.169531241 0.901632428
1413393960255760384.000000 -0.324250132 2.426711559 -0.548794389 0.394873559 -0.035674971 -0.174605265 0.901285291
1413393960305760512.000000 -0.326634467 2.431087732 -0.550321996 0.393408388 -0.043446518 -0.177862152 0.900948048
1413393960355760384.000000 -0.327465206 2.432631969 -0.551017225 0.393424302 -0.045494292 -0.178569704 0.900700033
1413393960405760512.000000 -0.326143384 2.430955172 -0.551079094 0.396356344 -0.038530022 -0.176601455 0.900127232
1413393960455760384.000000 -0.324562460 2.426232338 -0.550412238 0.401365131 -0.029134424 -0.174004540 0.898765683
1413393960505760512.000000 -0.324807465 2.419289112 -0.548617065 0.408384591 -0.019392442 -0.171989337 0.896250904
1413393960555760384.000000 -0.329404980 2.411125660 -0.545239985 0.416955143 -0.012699220 -0.172251195 0.892365813
1413393960605760512.000000 -0.339482158 2.401914597 -0.540328503 0.427775204 -0.007116291 -0.173458725 0.887056828
1413393960655760384.000000 -0.358971775 2.389559507 -0.530269325 0.440070212 -0.002893014 -0.175336331 0.880674243
1413393960705760512.000000 -0.380588382 2.379368782 -0.522405148 0.453101754 -0.000818069 -0.179050982 0.873291969
1413393960755760384.000000 -0.406375170 2.369640112 -0.514960408 0.466353983 -0.000675593 -0.183854491 0.865280867
1413393960805760512.000000 -0.436028659 2.357617378 -0.504346251 0.479843616 -0.002091331 -0.189018607 0.856748402
1413393960855760384.000000 -0.468573987 2.347455502 -0.494807005 0.490487307 -0.008732562 -0.196414739 0.848980129
1413393960905760512.000000 -0.501346111 2.336703777 -0.484990716 0.498870164 -0.018333841 -0.204738811 0.841946900
1413393960955760384.000000 -0.527734518 2.321108818 -0.474914312 0.507053316 -0.028248971 -0.208607376 0.835812211
1413393961005760512.000000 -0.554668605 2.307478905 -0.466202378 0.513234794 -0.037224930 -0.211523488 0.830940545
1413393961055760384.000000 -0.578223944 2.292213917 -0.457516670 0.518667519 -0.040596671 -0.213425517 0.826913238
1413393961105760512.000000 -0.598122656 2.269962072 -0.446678877 0.523516655 -0.035195392 -0.213242278 0.824147701
1413393961155760384.000000 -0.612532616 2.250426531 -0.438454032 0.527593374 -0.026887659 -0.210801378 0.822487175
1413393961205760512.000000 -0.624256015 2.229337931 -0.430750728 0.532492876 -0.016836595 -0.203923821 0.821330011
1413393961255760384.000000 -0.621442080 2.208082676 -0.427643776 0.540121794 -0.000480180 -0.185444057 0.820901155
1413393961305760512.000000 -0.623543262 2.187592983 -0.422694564 0.548112333 0.017093923 -0.163656786 0.820059299
1413393961355760384.000000 -0.619506598 2.168736219 -0.419231892 0.556313992 0.035913721 -0.139044032 0.818469167
1413393961405760512.000000 -0.600405753 2.155737877 -0.420467019 0.561671257 0.052032255 -0.122419931 0.816597521
1413393961455760384.000000 -0.590438664 2.142799854 -0.417779684 0.563711464 0.063694604 -0.114791989 0.815472424
1413393961505760512.000000 -0.581003904 2.134609699 -0.414759755 0.561561644 0.062670186 -0.121673644 0.816037118
1413393961555760384.000000 -0.567460656 2.132626534 -0.414226413 0.556631386 0.059163027 -0.135750353 0.817455292
1413393961605760512.000000 -0.551602602 2.136789083 -0.416373372 0.551487327 0.049655225 -0.150986433 0.818901181
1413393961655760384.000000 -0.531246185 2.143259287 -0.420907021 0.545339406 0.037774637 -0.168157101 0.820305645
1413393961705760512.000000 -0.494513482 2.167729855 -0.439995885 0.540336251 0.028734511 -0.180388838 0.821383595
1413393961755760384.000000 -0.463682771 2.177501917 -0.450437427 0.538299322 0.028178075 -0.185521767 0.821596980
1413393961805760512.000000 -0.430735558 2.186615705 -0.461746573 0.536304593 0.023506533 -0.189920157 0.822043359
1413393961855760384.000000 -0.394190252 2.197400808 -0.476385474 0.534746706 0.019109773 -0.193731293 0.822282791
1413393961905760512.000000 -0.355387032 2.208758354 -0.493080854 0.533016920 0.013403478 -0.197683513 0.822578073
1413393961955760384.000000 -0.311645150 2.233190536 -0.518296599 0.531526566 0.008584944 -0.201396644 0.822706103
1413393962005760512.000000 -0.267453134 2.244765759 -0.539574265 0.530048072 0.003114485 -0.204982951 0.822813094
1413393962055760384.000000 -0.220441103 2.256699085 -0.562001348 0.529157758 -0.003066251 -0.207793221 0.822681367
1413393962105760512.000000 -0.168630123 2.266019583 -0.586637139 0.528177142 -0.007849133 -0.211359665 0.822371244
1413393962155760384.000000 -0.112252057 2.289100409 -0.619801283 0.526879013 -0.013945546 -0.214027449 0.822433114
1413393962205760512.000000 -0.054136515 2.294847250 -0.647282124 0.526521981 -0.018873122 -0.216238752 0.821984947
1413393962255760384.000000 0.007528365 2.301055908 -0.676287651 0.526211023 -0.022364337 -0.218305528 0.821550071
1413393962305760512.000000 0.066902161 2.308679819 -0.706795335 0.525287569 -0.026555169 -0.220608577 0.821401060
1413393962355760384.000000 0.128591985 2.310072184 -0.735394359 0.523562491 -0.032735325 -0.225190878 0.821035862
1413393962405760512.000000 0.187238961 2.311339855 -0.763656616 0.521000504 -0.040216394 -0.230782464 0.820780516
1413393962455760384.000000 0.234423995 2.313498735 -0.788243651 0.516302645 -0.050746504 -0.237984538 0.821108878
1413393962505760512.000000 0.282520324 2.310090542 -0.810820818 0.510154486 -0.061382830 -0.244351029 0.822354674
1413393962555760384.000000 0.325175315 2.304642916 -0.830656290 -0.502346694 0.070434712 0.249072403 -0.825014949
1413393962605760512.000000 0.356702536 2.300707102 -0.845948219 0.493591279 -0.074630320 -0.252054274 0.829015493
1413393962655760384.000000 0.392297059 2.288386345 -0.860232353 0.483343959 -0.073495731 -0.253635287 0.834653318
1413393962705760512.000000 0.425056487 2.272945642 -0.872474194 -0.471918225 0.067134008 0.253193408 -0.841830969
1413393962755760384.000000 0.453195751 2.252966881 -0.881118417 0.459883362 -0.056056894 -0.249961257 0.850226104
1413393962805760512.000000 0.483921289 2.228783846 -0.890574574 0.446259201 -0.041357357 -0.246219635 0.859370828
1413393962855760384.000000 0.512168586 2.201064110 -0.899290264 0.430677086 -0.026220845 -0.242184073 0.869008958
1413393962905760512.000000 0.534730792 2.169789791 -0.906286657 0.414506495 -0.009892199 -0.236992255 0.878590465
1413393962955760384.000000 0.557487547 2.136542559 -0.915368140 0.396721393 0.003785651 -0.230848685 0.888429344
1413393963005760512.000000 0.575567245 2.100753069 -0.924865961 0.378261566 0.014457523 -0.223210305 0.898268521
1413393963055760384.000000 0.590663195 2.062419891 -0.935685277 0.359556884 0.023269281 -0.214143619 0.907920659
1413393963105760512.000000 0.599680901 2.020514011 -0.945347726 0.340280533 0.032454144 -0.204975858 0.917137325
1413393963155760384.000000 0.608035624 1.977499127 -0.958868861 0.321991235 0.039053697 -0.193179086 0.926001251
1413393963205760512.000000 0.611941278 1.931172729 -0.973466158 0.305450827 0.042741913 -0.177433670 0.934553504
1413393963255760384.000000 0.610699058 1.885582685 -0.988807619 0.289687216 0.045994837 -0.160038352 0.942525148
1413393963305760512.000000 0.608115911 1.837388515 -1.007022142 0.273733914 0.047500595 -0.144089803 0.949763954
1413393963355760384.000000 0.602392495 1.788146615 -1.026394844 0.256808311 0.048626225 -0.130116418 0.956428111
1413393963405760512.000000 0.589735091 1.739632726 -1.044354320 0.239345640 0.047988918 -0.118655503 0.962461293
1413393963455760384.000000 0.577891767 1.689758420 -1.065539479 0.221028179 0.046767790 -0.109527506 0.967968524
1413393963505760512.000000 0.563344955 1.639258504 -1.087502837 0.204012170 0.045727167 -0.099554256 0.972819090
1413393963555760384.000000 0.541774988 1.589616776 -1.108642697 0.187720418 0.044758756 -0.090556227 0.977014542
1413393963605760512.000000 0.522114694 1.538380384 -1.131963849 0.171879306 0.045236468 -0.082066149 0.980650961
1413393963655760384.000000 0.499862850 1.487357140 -1.155975819 0.156503022 0.046668846 -0.075220115 0.983702600
1413393963705760512.000000 0.470099151 1.435089827 -1.176965833 0.141385168 0.048266571 -0.069071934 0.986361802
1413393963755760384.000000 0.442668825 1.383864284 -1.202457070 0.125960097 0.049591511 -0.064534634 0.988691032
1413393963805760512.000000 0.410619706 1.332354546 -1.227666497 0.110397629 0.050686430 -0.061204065 0.990705490
1413393963855760384.000000 0.377474397 1.281000495 -1.255496383 0.094888791 0.049594976 -0.058412414 0.992534399
1413393963905760512.000000 0.340978920 1.229515672 -1.284244537 -0.079256035 -0.047403514 0.055962343 -0.994152725
1413393963955760384.000000 0.299973637 1.176433325 -1.311650276 0.063215613 0.043511182 -0.054041646 0.995585322
1413393964005760512.000000 0.258121580 1.124092102 -1.341742992 0.047776654 0.039247133 -0.051498353 0.996757269
1413393964055760384.000000 0.213941664 1.071137190 -1.372035742 -0.032456405 -0.036345918 0.047996819 -0.997658253
1413393964105760512.000000 0.168041945 1.015475512 -1.399778724 0.017438682 0.034617715 -0.042730428 0.998334467
1413393964155760384.000000 0.120035321 0.960380077 -1.430738211 0.003919586 0.033074465 -0.034264050 0.998857677
1413393964205760512.000000 0.070673868 0.904673576 -1.461034060 0.008827576 -0.032690279 0.023882510 -0.999141216
1413393964255760384.000000 0.021951426 0.846806705 -1.489737153 -0.021228472 0.031605195 -0.011703535 0.999206483
1413393964305760512.000000 -0.027162008 0.790273011 -1.522240996 -0.032962244 0.029253969 0.000806700 0.999028027
1413393964355760384.000000 -0.075017452 0.733003438 -1.555409789 0.045000244 -0.027002793 -0.010541395 -0.998566389
1413393964405760512.000000 -0.121537738 0.676457644 -1.587273955 -0.056843031 0.025009530 0.021292755 0.997842729
1413393964455760384.000000 -0.167187110 0.620452583 -1.622676253 -0.068374589 0.023587637 0.030551225 0.996912897
1413393964505760512.000000 -0.211000621 0.565147460 -1.658522248 0.079684086 -0.021962637 -0.039194506 -0.995807171
1413393964555760384.000000 -0.254153669 0.511376262 -1.693566799 -0.090471558 0.022360787 0.048723888 0.994455040
1413393964605760512.000000 -0.295965105 0.458628327 -1.731086493 -0.100620605 0.022309713 0.058579668 0.992948294
1413393964655760384.000000 -0.337271661 0.407536328 -1.769117475 0.110427625 -0.023394901 -0.068475157 -0.991246521
1413393964705760512.000000 -0.376524568 0.359813869 -1.803924680 -0.121210307 0.025791867 0.076358117 0.989349425
1413393964755760384.000000 -0.415107578 0.313267976 -1.843993306 -0.130996376 0.025823619 0.085786559 0.987326562
1413393964805760512.000000 -0.452993602 0.269159347 -1.884967446 0.140587211 -0.023672458 -0.095653497 -0.985152423
1413393964855760384.000000 -0.490506053 0.229338080 -1.924916387 -0.150160775 0.019246239 0.104008645 0.982987046
1413393964905760512.000000 -0.527130961 0.191162825 -1.967967391 -0.160084173 0.012158172 0.113617770 0.980467379
1413393964955760384.000000 -0.563049316 0.156274065 -2.011531353 -0.168562740 0.001756327 0.125316009 0.977690876
1413393965005760512.000000 -0.598755062 0.126371026 -2.053871870 -0.175676987 -0.008717478 0.140976936 0.974262416
1413393965055760384.000000 -0.632351398 0.099450700 -2.097414255 -0.182287484 -0.018297045 0.157949477 0.970303297
1413393965105760512.000000 -0.664890885 0.077986047 -2.140219688 0.188080817 0.027841665 -0.176338792 -0.965792537
1413393965155760384.000000 -0.694728673 0.062662765 -2.182696104 0.194790617 0.035726201 -0.192922339 -0.961020947
1413393965205760512.000000 -0.721522272 0.055989683 -2.222366810 -0.203028545 -0.044167187 0.204802722 0.956496000
1413393965255760384.000000 -0.746017933 0.056099921 -2.262639284 -0.212824091 -0.056214977 0.210461065 0.952497721
1413393965305760512.000000 -0.767073631 0.064069360 -2.301856756 0.222901821 0.068064302 -0.209775165 -0.949566483
1413393965355760384.000000 -0.785445452 0.079838350 -2.338298321 -0.234074324 -0.080677241 0.201349214 0.947712481
1413393965405760512.000000 -0.799782217 0.102845937 -2.373009443 -0.246226951 -0.091447599 0.183200538 0.947336912
1413393965455760384.000000 -0.810209513 0.132009476 -2.404330492 0.258208960 0.099676684 -0.159340248 -0.947630465
1413393965505760512.000000 -0.813099384 0.166228771 -2.430210114 -0.270556182 -0.104288027 0.127739727 0.948475659
1413393965555760384.000000 -0.815695822 0.203591704 -2.451666594 -0.281612426 -0.107843861 0.094937198 0.948710263
1413393965605760512.000000 -0.815549016 0.242240548 -2.466749668 0.289782107 0.107738368 -0.068333492 -0.948551238
1413393965655760384.000000 -0.808637977 0.281304359 -2.474825859 -0.295726717 -0.105463833 0.047160175 0.948261082
1413393965705760512.000000 -0.802362978 0.318515927 -2.476972342 -0.298560411 -0.097402111 0.036977489 0.948687136
1413393965755760384.000000 -0.792904735 0.353729188 -2.472572803 0.297908396 0.084202245 -0.039509781 -0.950052440
1413393965805760512.000000 -0.780443549 0.387168199 -2.462818146 0.296424538 0.065150738 -0.043310262 -0.951846719
1413393965855760384.000000 -0.765994787 0.418980449 -2.448670149 0.294654965 0.043809235 -0.047161132 -0.953433335
1413393965905760512.000000 -0.752804637 0.449238807 -2.430700779 0.294174880 0.029879432 -0.047624961 -0.954096615
1413393965955760384.000000 -0.740957558 0.478077352 -2.409170866 0.296123236 0.022138285 -0.041029815 -0.954011321
1413393966005760512.000000 -0.730544448 0.505318642 -2.384583235 0.298612535 0.018190267 -0.032679301 -0.953641355
1413393966055760384.000000 -0.719158411 0.529904008 -2.357127905 0.300512344 0.016740624 -0.026422795 -0.953264892
1413393966105760512.000000 -0.705449104 0.551064849 -2.327803135 0.299527705 0.014410192 -0.028415002 -0.953555524
1413393966155760384.000000 -0.687335670 0.564872026 -2.303164482 -0.297778785 -0.014170510 0.034196824 0.953917027
1413393966205760512.000000 -0.666507363 0.579885125 -2.271435976 -0.296714753 -0.013261353 0.037996002 0.954117894
1413393966255760384.000000 -0.640546739 0.591081619 -2.238126278 0.295719981 0.013620924 -0.040530246 -0.954317272
1413393966305760512.000000 -0.610952437 0.600451648 -2.203835726 0.297309309 0.016007738 -0.035606120 -0.953982830
1413393966355760384.000000 -0.576640606 0.607189119 -2.168342590 0.299761206 0.016188169 -0.026429994 -0.953510702
1413393966405760512.000000 -0.537359178 0.609929919 -2.132462978 0.302475959 0.011326701 -0.014589659 -0.952978075
1413393966455760384.000000 -0.495510191 0.608321369 -2.095595121 0.303392053 0.002480304 -0.008174813 -0.952827573
1413393966505760512.000000 -0.453517348 0.599013686 -2.061961889 -0.302436769 0.010733331 0.006792686 0.953084826
1413393966555760384.000000 -0.411269814 0.589194477 -2.022372723 -0.299762428 0.025601307 0.008723742 0.953630447
1413393966605760512.000000 -0.372202426 0.575404704 -1.982243776 0.297237933 -0.038751215 -0.011224093 -0.953950703
1413393966655760384.000000 -0.336211294 0.558340669 -1.940751195 0.295195878 -0.049252704 -0.013925155 -0.954064846
1413393966705760512.000000 -0.303388417 0.536245346 -1.900222182 -0.293551594 0.058228757 0.016396595 0.954027355
1413393966755760384.000000 -0.274410576 0.511629343 -1.859313369 -0.292419434 0.064998403 0.018770397 0.953894079
1413393966805760512.000000 -0.249117196 0.483332098 -1.819057703 0.291699141 -0.069489211 -0.020121954 -0.953770399
1413393966855760384.000000 -0.228135139 0.452098489 -1.776525497 -0.290707737 0.069858789 0.024556274 0.953942239
1413393966905760512.000000 -0.210012466 0.417328000 -1.737326860 -0.288772017 0.064363621 0.033575449 0.954641700
1413393966955760384.000000 -0.194826528 0.379177511 -1.699228287 0.286098838 -0.058294579 -0.047588333 -0.955240607
1413393967005760512.000000 -0.183389992 0.339660108 -1.661123991 -0.284004480 0.050642401 0.065523691 0.955240071
1413393967055760384.000000 -0.172870621 0.298415720 -1.624668002 -0.283032209 0.044561986 0.081427045 0.954608142
1413393967105760512.000000 -0.164062515 0.256405950 -1.588990688 0.282991648 -0.039659075 -0.094440483 -0.953637183
1413393967155760384.000000 -0.159555882 0.215687484 -1.552749872 -0.284820646 0.036410104 0.103439808 0.952287674
1413393967205760512.000000 -0.153878033 0.174041927 -1.519073367 -0.287363231 0.034274098 0.111096852 0.950739264
1413393967255760384.000000 -0.149740234 0.133139402 -1.486607909 0.292517722 -0.035372209 -0.114852354 -0.948678672
1413393967305760512.000000 -0.150660783 0.096914932 -1.451997519 -0.299259990 0.036887281 0.117816739 0.946151197
1413393967355760384.000000 -0.150551617 0.057911739 -1.421766162 -0.308748543 0.039054722 0.118379451 0.942939818
1413393967405760512.000000 -0.152968124 0.019993767 -1.392385960 0.319913775 -0.042585444 -0.119366996 -0.938931942
1413393967455760384.000000 -0.159046635 -0.016718626 -1.363291860 -0.331894159 0.047148384 0.122396164 0.934153438
1413393967505760512.000000 -0.165789992 -0.053995937 -1.335832119 -0.343315959 0.051100768 0.128521368 0.928980708
1413393967555760384.000000 -0.173815280 -0.090700924 -1.310456276 0.356461287 -0.052516297 -0.133025587 -0.923299313
1413393967605760512.000000 -0.181032598 -0.125465825 -1.286868095 -0.369084567 0.052925747 0.140194505 0.917235553
1413393967655760384.000000 -0.189148113 -0.162299857 -1.265869260 -0.382069170 0.052602023 0.147008017 0.910848439
1413393967705760512.000000 -0.196244746 -0.198544845 -1.247097373 0.396662116 -0.051304881 -0.151223347 -0.903968215
1413393967755760384.000000 -0.201225758 -0.227508947 -1.230494738 -0.410775334 0.049398679 0.155980751 0.896935582
1413393967805760512.000000 -0.206462741 -0.264112175 -1.217419028 -0.424715519 0.047215633 0.160445064 0.889744222
1413393967855760384.000000 -0.210316420 -0.301130652 -1.207046747 -0.437431723 0.043112211 0.165563643 0.882827044
1413393967905760512.000000 -0.210896835 -0.335110009 -1.199621201 -0.447284341 0.033075087 0.174518809 0.876576304
1413393967955760384.000000 -0.209750995 -0.370916486 -1.193564892 -0.454846352 0.020639451 0.184043512 0.871100962
1413393968005760512.000000 -0.205627412 -0.404929847 -1.189033270 0.460195512 -0.007459651 -0.194057569 -0.866317570
1413393968055760384.000000 -0.193672076 -0.431736290 -1.187651634 -0.466597229 -0.001465902 0.197359353 0.862168372
1413393968105760512.000000 -0.179182872 -0.461421430 -1.187190533 -0.472017109 -0.006101977 0.199179590 0.858772516
1413393968155760384.000000 -0.160806358 -0.487956494 -1.187123299 0.476069748 0.007231282 -0.200793773 -0.856146753
1413393968205760512.000000 -0.140281662 -0.512448907 -1.187490225 0.478616983 0.005471302 -0.204695314 -0.853812516
1413393968255760384.000000 -0.119741932 -0.534967721 -1.187595725 0.479247123 0.004198319 -0.210040808 -0.852166355
1413393968305760512.000000 -0.100380808 -0.555299640 -1.187237382 0.479586542 0.005592967 -0.212943062 -0.851246595
1413393968355760384.000000 -0.082298875 -0.572768092 -1.186369419 0.481863379 0.011889194 -0.208912849 -0.850894690
1413393968405760512.000000 -0.065569550 -0.587696314 -1.184537888 0.484774381 0.020408306 -0.200727224 -0.851049900
1413393968455760384.000000 -0.050343230 -0.600496054 -1.181177616 0.487472355 0.027125277 -0.192084417 -0.851315856
1413393968505760512.000000 -0.042319581 -0.617116392 -1.179309726 -0.490017414 -0.028153187 0.182056561 0.852024496
1413393968555760384.000000 -0.030235767 -0.626603842 -1.171839356 -0.492242873 -0.027446361 0.173529699 0.852543950
1413393968605760512.000000 -0.019048631 -0.633764625 -1.161098480 0.494059294 0.028487474 -0.167822212 -0.852601707
1413393968655760384.000000 -0.010480970 -0.639906049 -1.148044109 0.495810091 0.029880885 -0.165763959 -0.851940036
1413393968705760512.000000 -0.004209474 -0.645420551 -1.132639170 0.497583926 0.031232372 -0.167704150 -0.850476384
1413393968755760384.000000 -0.000606135 -0.650079668 -1.114737511 0.499861121 0.031769045 -0.170192286 -0.848624885
1413393968805760512.000000 0.001908034 -0.653211892 -1.094283819 0.504162192 0.027940461 -0.171119168 -0.846024871
1413393968855760384.000000 0.002458528 -0.655401468 -1.071646690 0.510525346 0.020207331 -0.170399949 -0.842567205
1413393968905760512.000000 0.002143517 -0.656376719 -1.047243118 0.518338978 0.008976561 -0.170092866 -0.838040888
1413393968955760384.000000 -0.003109336 -0.662547827 -1.024301648 -0.526153445 0.005009332 0.173552260 0.832476497
1413393969005760512.000000 -0.008969516 -0.662603557 -0.996435106 -0.534016967 0.017550295 0.179968879 0.825911105
1413393969055760384.000000 -0.016915455 -0.663202047 -0.967824399 -0.543227375 0.028519474 0.185158104 0.818417549
1413393969105760512.000000 -0.024046242 -0.664976001 -0.939803958 0.553726017 -0.036997505 -0.188931420 -0.810138106
1413393969155760384.000000 -0.033663586 -0.666982293 -0.912282646 0.566152096 -0.041288100 -0.189525142 -0.801153839
1413393969205760512.000000 -0.042129576 -0.671629131 -0.887213707 -0.578810334 0.042056359 0.190692514 0.791736305
1413393969255760384.000000 -0.050645873 -0.675129235 -0.861714482 -0.591677070 0.042493749 0.192186311 0.781778157
1413393969305760512.000000 -0.059183434 -0.679546833 -0.836602569 -0.603507638 0.040553201 0.197410002 0.771468222
1413393969355760384.000000 -0.068080887 -0.684256554 -0.812544525 0.614204884 -0.040031791 -0.203975335 -0.761277795
1413393969405760512.000000 -0.073628813 -0.701181293 -0.792815030 -0.623515725 0.041823212 0.213136241 0.751033962
1413393969455760384.000000 -0.080086350 -0.708410084 -0.769915819 -0.631126702 0.047476802 0.224344522 0.741009235
1413393969505760512.000000 -0.086354434 -0.716659248 -0.748238027 -0.636923790 0.056938909 0.237971634 0.731064677
1413393969555760384.000000 -0.092691287 -0.725451469 -0.729397357 0.643619776 -0.064006738 -0.248925373 -0.720897317
1413393969605760512.000000 -0.098995239 -0.744485497 -0.713617742 0.649238586 -0.066873036 -0.261184543 -0.711196065
1413393969655760384.000000 -0.105163887 -0.754058897 -0.699975669 0.656078756 -0.068045981 -0.270892501 -0.701104641
1413393969705760512.000000 -0.109185562 -0.762947559 -0.690675378 0.662589252 -0.067154177 -0.279075265 -0.691796780
1413393969755760384.000000 -0.112117991 -0.771814585 -0.685670674 0.667507827 -0.065911233 -0.286987215 -0.683906019
1413393969805760512.000000 -0.110707507 -0.780110955 -0.685756087 0.671607971 -0.065206565 -0.293774396 -0.677043140
1413393969855760384.000000 -0.106620312 -0.788968146 -0.690613091 0.675445855 -0.065213017 -0.298209995 -0.671260715
1413393969905760512.000000 -0.098979801 -0.800974846 -0.699861169 0.679724991 -0.064548194 -0.299377412 -0.666468799
1413393969955760384.000000 -0.087569848 -0.813926995 -0.715409875 0.685342014 -0.061223172 -0.295490831 -0.662754297
1413393970005760512.000000 -0.074654877 -0.824768364 -0.735801578 0.690738559 -0.051562354 -0.289963961 -0.660410881
1413393970055760384.000000 -0.059337109 -0.834547400 -0.760341406 0.697321236 -0.037001699 -0.278906912 -0.659230649
1413393970105760512.000000 -0.045798063 -0.842033327 -0.789896965 0.702016115 -0.020108694 -0.269073516 -0.659066439
1413393970155760384.000000 -0.032245010 -0.850513875 -0.816092610 0.705645144 -0.005919401 -0.262076914 -0.658289909
1413393970205760512.000000 -0.021158606 -0.858282626 -0.840969980 0.707333565 0.004569171 -0.258387446 -0.657947123
1413393970255760384.000000 -0.011349291 -0.861562610 -0.863647401 0.708288670 0.010907843 -0.256185770 -0.657705963
1413393970305760512.000000 -0.005016029 -0.866136491 -0.884601653 0.708618939 0.014383120 -0.254799187 -0.657822013
1413393970355760384.000000 -0.000786573 -0.869153202 -0.903602302 0.708246350 0.016482966 -0.254808605 -0.658170223
1413393970405760512.000000 0.003126740 -0.870862365 -0.921242893 0.707893491 0.018177817 -0.254222602 -0.658731580
1413393970455760384.000000 0.007403642 -0.870645761 -0.937820077 0.707928419 0.018626442 -0.252262771 -0.659434617
1413393970505760512.000000 0.012843996 -0.868721128 -0.953876376 0.709256351 0.015371145 -0.246960953 -0.660098135
1413393970555760384.000000 0.021065176 -0.855437398 -0.970699489 0.710363865 0.010139883 -0.241168231 -0.661149204
1413393970605760512.000000 0.028121382 -0.850687623 -0.984218657 0.711862326 0.007019003 -0.234605461 -0.661938906
1413393970655760384.000000 0.034963802 -0.845058978 -0.996361256 0.714382946 0.004884248 -0.225683331 -0.662344456
1413393970705760512.000000 0.039918467 -0.841428876 -1.004992843 0.717347801 0.005474273 -0.215861425 -0.662409306
1413393970755760384.000000 0.041454494 -0.836518049 -1.011565685 0.721058726 0.011637537 -0.204842031 -0.661799550
1413393970805760512.000000 0.040497944 -0.831829965 -1.014834642 0.724493384 0.022426574 -0.194053710 -0.661021709
1413393970855760384.000000 0.037357986 -0.827524364 -1.014148951 0.727487385 0.033804823 -0.185594782 -0.659677267
1413393970905760512.000000 0.033909693 -0.821406841 -1.009414434 0.729709744 0.042793289 -0.178622231 -0.658624768
1413393970955760384.000000 0.032028839 -0.813319564 -1.000528574 0.731000245 0.046734456 -0.174314111 -0.658079982
1413393971005760512.000000 0.032331765 -0.806065202 -0.985845685 0.731270611 0.044883259 -0.173088908 -0.658231795
1413393971055760384.000000 0.038484946 -0.790907979 -0.967000604 -0.729954481 -0.035339266 0.175939679 0.659517109
1413393971105760512.000000 0.044299349 -0.784803271 -0.943970621 -0.728129804 -0.020871069 0.179242462 0.661259115
1413393971155760384.000000 0.055455729 -0.779886484 -0.917568386 -0.727668166 -0.004507997 0.175863147 0.662986398
1413393971205760512.000000 0.071161404 -0.779349685 -0.889034092 -0.727292359 0.014216124 0.170560911 0.664644957
1413393971255760384.000000 0.091033585 -0.780077100 -0.858541548 -0.727427304 0.030726220 0.162835449 0.665875435
1413393971305760512.000000 0.113799252 -0.784577012 -0.826368392 -0.728022218 0.045941390 0.152711689 0.666747570
1413393971355760384.000000 0.136894107 -0.789504409 -0.792104900 -0.728729904 0.057935275 0.143118799 0.667168200
1413393971405760512.000000 0.156425774 -0.802000046 -0.754400790 -0.728957176 0.066715069 0.136620969 0.667461872
1413393971455760384.000000 0.172641218 -0.818961084 -0.713331044 -0.726876795 0.070762105 0.139463067 0.668724895
1413393971505760512.000000 0.184417874 -0.832105041 -0.670403659 -0.722800612 0.069852509 0.151994362 0.670505583
1413393971555760384.000000 0.194117755 -0.857964158 -0.624047220 -0.716742039 0.067368500 0.171541065 0.672544479
1413393971605760512.000000 0.203074113 -0.887731910 -0.576492071 -0.708315432 0.070619240 0.196923286 0.674183607
1413393971655760384.000000 0.211166933 -0.917714000 -0.529267550 0.699079752 -0.077983797 -0.223034129 -0.674879134
1413393971705760512.000000 0.222067654 -0.953607440 -0.484433532 0.690743685 -0.090270802 -0.246021315 -0.673942089
1413393971755760384.000000 0.233937934 -0.991779625 -0.443180203 0.682618737 -0.105255581 -0.268003017 -0.671660125
1413393971805760512.000000 0.242217556 -1.026969433 -0.405852914 0.676257074 -0.117490880 -0.286235005 -0.668537140
1413393971855760384.000000 0.254510969 -1.068429828 -0.375257134 0.672013998 -0.125209704 -0.299923539 -0.665406406
1413393971905760512.000000 0.267180085 -1.111256599 -0.351697087 0.671807110 -0.125026047 -0.305511683 -0.663103640
1413393971955760384.000000 0.274946868 -1.152102232 -0.335236549 0.674976170 -0.116916709 -0.305181473 -0.661514878
1413393972005760512.000000 0.287371397 -1.196149468 -0.325242639 0.679647744 -0.106544942 -0.302088976 -0.659901142
1413393972055760384.000000 0.299310625 -1.240585566 -0.320548654 0.684807420 -0.093766585 -0.296903074 -0.658859074
1413393972105760512.000000 0.308920860 -1.284018874 -0.319010735 0.687798440 -0.084520131 -0.296077907 -0.657364130
1413393972155760384.000000 0.313180864 -1.328369141 -0.318755984 0.687561989 -0.076123230 -0.302092135 -0.655899584
1413393972205760512.000000 0.305402935 -1.371967793 -0.317483187 0.686122656 -0.067481034 -0.309578449 -0.654861271
1413393972255760384.000000 0.298804641 -1.415102601 -0.319228053 0.685589850 -0.057187907 -0.314083189 -0.654253721
1413393972305760512.000000 0.289211899 -1.456646562 -0.323734522 0.690374315 -0.043863822 -0.306106806 -0.654032171
1413393972355760384.000000 0.279950887 -1.496573091 -0.330736637 0.697278023 -0.032159675 -0.290602386 -0.654461145
1413393972405760512.000000 0.270076543 -1.535475135 -0.339258671 0.702777028 -0.020937881 -0.277113199 -0.654885054
1413393972455760384.000000 0.260707319 -1.573280573 -0.348460078 0.707526863 -0.011129970 -0.263959855 -0.655444264
1413393972505760512.000000 0.250693649 -1.610000730 -0.357308269 0.709457755 0.001169022 -0.257218063 -0.656130493
1413393972555760384.000000 0.238419414 -1.642966032 -0.363876462 0.709309101 0.014228737 -0.256881803 -0.656269670
1413393972605760512.000000 0.230017871 -1.675564528 -0.371055722 0.708748937 0.024196014 -0.258112967 -0.656099975
1413393972655760384.000000 0.222122073 -1.705998421 -0.377360106 0.708617151 0.029143706 -0.259091675 -0.655655324
1413393972705760512.000000 0.214829922 -1.735420704 -0.382966518 0.709228635 0.031661041 -0.258466959 -0.655123770
1413393972755760384.000000 0.207401514 -1.761676073 -0.386211038 0.710052788 0.032784685 -0.257941425 -0.654382467
1413393972805760512.000000 0.200187534 -1.785526514 -0.387778521 0.711725473 0.031752035 -0.255539656 -0.653558135
1413393972855760384.000000 0.193095803 -1.807232141 -0.387752533 0.713716686 0.030357797 -0.253253698 -0.652341485
1413393972905760512.000000 0.185951889 -1.826469898 -0.385971904 0.715652764 0.030424969 -0.250592411 -0.651244164
1413393972955760384.000000 0.183082581 -1.837598443 -0.384459972 0.718100071 0.030837957 -0.247648016 -0.649655163
1413393973005760512.000000 0.178006768 -1.851283789 -0.379437804 0.720560551 0.032391686 -0.243627295 -0.648374200
1413393973055760384.000000 0.173697174 -1.863677740 -0.372063160 0.723038316 0.030543312 -0.238177106 -0.647730291
1413393973105760512.000000 0.170217186 -1.874278069 -0.362306714 0.725478530 0.026396250 -0.232399374 -0.647282541
1413393973155760384.000000 0.167937309 -1.883434296 -0.350256443 0.727711320 0.020414511 -0.225681379 -0.647369623
1413393973205760512.000000 0.166370839 -1.892314911 -0.335522413 0.729844451 0.013208090 -0.217877924 -0.647828579
1413393973255760384.000000 0.166260242 -1.901512861 -0.318483353 0.732354105 0.004280464 -0.208305046 -0.648265541
1413393973305760512.000000 0.167099535 -1.911127329 -0.298816681 0.734770358 -0.006497746 -0.197818220 -0.648797631
1413393973355760384.000000 0.168553203 -1.921402812 -0.276883602 0.736593723 -0.016434077 -0.188367292 -0.649366975
1413393973405760512.000000 0.171257615 -1.932992697 -0.252561569 0.737971544 -0.026812961 -0.179041892 -0.650094688
1413393973455760384.000000 0.175978988 -1.945294857 -0.229550600 0.739014864 -0.034829326 -0.170423076 -0.650845587
1413393973505760512.000000 0.180382252 -1.962223291 -0.200518131 0.740345895 -0.042659383 -0.160904720 -0.651289344
1413393973555760384.000000 0.185120076 -1.982955933 -0.168484211 0.740604460 -0.048812144 -0.155496061 -0.651876807
1413393973605760512.000000 0.190208897 -2.007758141 -0.134068727 0.739808738 -0.054214418 -0.153666928 -0.652786613
1413393973655760384.000000 0.196089610 -2.036518812 -0.097254038 0.736791849 -0.062315919 -0.158659160 -0.654279709
1413393973705760512.000000 0.201386124 -2.070078135 -0.066386223 0.730509937 -0.070089780 -0.173934564 -0.656650186
1413393973755760384.000000 0.207107842 -2.107538700 -0.026098728 0.721846044 -0.077398106 -0.195877925 -0.659226656
1413393973805760512.000000 0.212453365 -2.148914337 0.013614416 0.711855769 -0.084349960 -0.220765546 -0.661369026
1413393973855760384.000000 0.219309390 -2.192214489 0.048891544 0.699409783 -0.093143538 -0.250814378 -0.662753761
1413393973905760512.000000 0.224702060 -2.239069462 0.084625959 0.685965061 -0.102528006 -0.280868053 -0.663365006
1413393973955760384.000000 0.229193449 -2.287328482 0.115107536 0.672982454 -0.105367742 -0.310053557 -0.663218737
1413393974005760512.000000 0.233630598 -2.337076664 0.136014462 0.660604060 -0.095131628 -0.338154197 -0.663478792
1413393974055760384.000000 0.235452056 -2.386373043 0.154182434 0.649608850 -0.077662192 -0.364232272 -0.662806034
1413393974105760512.000000 0.235635519 -2.435471296 0.164462090 0.638920486 -0.054747548 -0.388182372 -0.661889553
1413393974155760384.000000 0.239224434 -2.476900339 0.162462234 0.630262434 -0.029101621 -0.407507449 -0.660197020
1413393974205760512.000000 0.239130378 -2.515501738 0.155209780 0.626034915 0.002416854 -0.416013390 -0.659550905
1413393974255760384.000000 0.240608454 -2.545959711 0.137761354 0.626222610 0.037146535 -0.413310021 -0.660030544
1413393974305760512.000000 0.242924452 -2.567003727 0.114178181 0.629019678 0.069037348 -0.404565901 -0.660223126
1413393974355760384.000000 0.251231313 -2.571009636 0.084251881 0.631570101 0.096016474 -0.394933373 -0.660248280
1413393974405760512.000000 0.256070971 -2.569241047 0.053131580 0.634774208 0.119015001 -0.383322328 -0.660273552
1413393974455760384.000000 0.262858033 -2.554210901 0.019951582 0.639411747 0.138340726 -0.366837144 -0.661396325
1413393974505760512.000000 0.275124431 -2.525638103 -0.012714624 -0.644965410 -0.153061256 0.346132040 0.663916111
1413393974555760384.000000 0.287666917 -2.488317013 -0.044299364 -0.651733100 -0.161887243 0.322174251 0.667263269
1413393974605760512.000000 0.303311527 -2.439454317 -0.073308468 0.659188569 0.162471965 -0.298025936 -0.671009600
1413393974655760384.000000 0.323059976 -2.379978895 -0.097077608 -0.667194486 -0.155633762 0.272712141 0.675468564
1413393974705760512.000000 0.343629122 -2.315430164 -0.117045403 -0.675796032 -0.142785504 0.246546745 0.679799080
1413393974755760384.000000 0.366168767 -2.244956970 -0.131166458 0.683126032 0.126772210 -0.224255025 -0.683357418
1413393974805760512.000000 0.388861477 -2.171405077 -0.139563560 -0.689408183 -0.110461526 0.204622999 0.686035037
1413393974855760384.000000 0.409548759 -2.095776320 -0.141806364 -0.693784058 -0.088591516 0.193154022 0.688118339
1413393974905760512.000000 0.428594708 -2.019078732 -0.137888193 0.696125865 0.064659022 -0.188789085 -0.689628005
1413393974955760384.000000 0.445618033 -1.942690849 -0.130175591 -0.698097467 -0.042311791 0.185727492 0.690199256
1413393975005760512.000000 0.459953099 -1.865561485 -0.116910815 -0.699269950 -0.020779090 0.184593156 0.690300822
1413393975055760384.000000 0.471100152 -1.789743185 -0.099428892 -0.699300766 -0.002406428 0.186624795 0.690031826
1413393975105760512.000000 0.470390022 -1.712653875 -0.077691674 -0.699092686 0.013281626 0.188863203 0.689509809
1413393975155760384.000000 0.476825982 -1.640535593 -0.054392338 -0.697611392 0.026085587 0.194716752 0.689016163
1413393975205760512.000000 0.481919527 -1.570473909 -0.029508233 -0.696281433 0.032901373 0.200731859 0.688343227
1413393975255760384.000000 0.486012280 -1.503941059 -0.002742290 -0.694623888 0.037004251 0.207202092 0.687892199
1413393975305760512.000000 0.492699176 -1.438576818 0.023103118 -0.693310261 0.038472738 0.212094113 0.687645972
1413393975355760384.000000 0.502467930 -1.376063824 0.047957778 0.694490671 -0.038220555 -0.209437028 -0.687283099
1413393975405760512.000000 0.513199449 -1.315940619 0.073093534 0.696384490 -0.038074024 -0.204382077 -0.686896622
1413393975455760384.000000 0.522085547 -1.254896998 0.098538041 -0.698793471 0.036391150 0.196345478 0.686885655
1413393975505760512.000000 0.535113156 -1.200356841 0.124881268 -0.700831771 0.036395706 0.189125195 0.686834693
1413393975555760384.000000 0.548137903 -1.150097966 0.153008580 0.702707171 -0.036033560 -0.182599127 -0.686703563
1413393975605760512.000000 0.561056018 -1.101863861 0.182130218 -0.703773022 0.036872640 0.178254604 0.686709106
1413393975655760384.000000 0.575668275 -1.058251143 0.212849438 -0.703803718 0.038950250 0.177051499 0.686874092
1413393975705760512.000000 0.590047836 -1.018209219 0.245347321 -0.701993227 0.044132281 0.182477102 0.686993420
1413393975755760384.000000 0.602525234 -0.979010165 0.278138220 -0.699836016 0.050281577 0.190539598 0.686582863
1413393975805760512.000000 0.617284417 -0.945785403 0.312568843 -0.698087752 0.055839114 0.198728159 0.685611188
1413393975855760384.000000 0.632674336 -0.915642440 0.346786976 0.696789920 -0.063974358 -0.205949187 -0.684087694
1413393975905760512.000000 0.644985735 -0.885099232 0.377569973 0.695701599 -0.072015129 -0.213518858 -0.682072520
1413393975955760384.000000 0.660546243 -0.860621512 0.410461396 0.695811272 -0.073170543 -0.218827218 -0.680152476
1413393976005760512.000000 0.675010085 -0.838747859 0.441664606 0.696470916 -0.069792390 -0.224147350 -0.678096890
1413393976055760384.000000 0.684903741 -0.818174124 0.472342968 0.698023319 -0.062515415 -0.227654964 -0.676038921
1413393976105760512.000000 0.694525838 -0.800682485 0.503589392 0.699649930 -0.055324078 -0.230770648 -0.673924387
1413393976155760384.000000 0.702152967 -0.784594178 0.534981728 0.701037049 -0.051175352 -0.233343884 -0.671921790
1413393976205760512.000000 0.702098131 -0.770463109 0.565274298 0.701584041 -0.049269430 -0.237518460 -0.670027852
1413393976255760384.000000 0.704462647 -0.757186711 0.597197175 0.701463699 -0.051014915 -0.241689831 -0.668529868
1413393976305760512.000000 0.704989433 -0.744705260 0.628931522 0.701192558 -0.055472180 -0.245265260 -0.667155802
1413393976355760384.000000 0.703194737 -0.733887434 0.658577144 0.701287031 -0.062820867 -0.246376216 -0.665994704
1413393976405760512.000000 0.704957545 -0.724293172 0.686905742 0.700901449 -0.069616847 -0.245949477 -0.665882528
1413393976455760384.000000 0.708468437 -0.716337562 0.712782621 0.698628306 -0.074834444 -0.246493652 -0.667502284
1413393976505760512.000000 0.713115931 -0.710655272 0.736096680 0.694243133 -0.075706288 -0.249124959 -0.670993149
1413393976555760384.000000 0.714060128 -0.711416125 0.756822050 0.689335585 -0.073966742 -0.250234753 -0.675816536
1413393976605760512.000000 0.720036507 -0.708403409 0.774979293 0.684256196 -0.070569806 -0.252118617 -0.680624366
1413393976655760384.000000 0.723502874 -0.706571937 0.791424274 0.679339886 -0.067753255 -0.253568053 -0.685281098
1413393976705760512.000000 0.724747539 -0.705475330 0.806901872 0.673989832 -0.069177561 -0.255774200 -0.689588189
1413393976755760384.000000 0.723097324 -0.704943895 0.821074128 0.668979287 -0.070258282 -0.257850021 -0.693573356
1413393976805760512.000000 0.718038082 -0.704751492 0.833865523 0.664133906 -0.069658294 -0.261455297 -0.696932614
1413393976855760384.000000 0.710559726 -0.705191612 0.844417572 0.659705460 -0.063900687 -0.266144454 -0.699908972
1413393976905760512.000000 0.694667578 -0.718435168 0.854459882 0.655598223 -0.053197294 -0.270769566 -0.702883244
1413393976955760384.000000 0.686157703 -0.720113873 0.859085917 0.652666807 -0.042158268 -0.274652421 -0.704850912
1413393977005760512.000000 0.677932024 -0.721887231 0.861090899 0.651585639 -0.028150007 -0.274771273 -0.706501663
1413393977055760384.000000 0.671403646 -0.721084118 0.860115767 0.652745724 -0.015877482 -0.270479113 -0.707468808
1413393977105760512.000000 0.665778875 -0.718858719 0.857560873 0.654795825 -0.005789394 -0.264564097 -0.707965314
1413393977155760384.000000 0.655970216 -0.726802826 0.857796669 -0.657290399 0.001496109 0.256847292 0.708517134
1413393977205760512.000000 0.657972157 -0.719709754 0.852217793 -0.660302579 -0.001181840 0.248913050 0.708548844
1413393977255760384.000000 0.663674116 -0.710969448 0.845587790 -0.662841082 -0.000689012 0.242101476 0.708539426
1413393977305760512.000000 0.681104898 -0.689134598 0.835290730 0.665291309 -0.001116394 -0.235598937 -0.708434463
1413393977355760384.000000 0.692502439 -0.678616643 0.828277469 0.667325258 -0.001968571 -0.231499851 -0.707870722
1413393977405760512.000000 0.707800031 -0.667498350 0.820840061 0.669580758 -0.002608661 -0.227401868 -0.707066596
1413393977455760384.000000 0.724023759 -0.656651378 0.813902378 0.670998931 -0.003214216 -0.225744799 -0.706250250
1413393977505760512.000000 0.735292077 -0.664871335 0.812220693 -0.673371971 0.001870154 0.222065523 0.705162108
1413393977555760384.000000 0.752353907 -0.654131532 0.807298243 -0.674883544 0.000625224 0.221410170 0.703924298
1413393977605760512.000000 0.768078208 -0.643055677 0.804518759 -0.676124752 -0.000445123 0.221462578 0.702715814
1413393977655760384.000000 0.781652927 -0.629605889 0.804769933 0.677366853 0.001147090 -0.221546635 -0.701491296
1413393977705760512.000000 0.792034268 -0.617198348 0.806680560 0.678712010 0.001867222 -0.221459016 -0.700216055
1413393977755760384.000000 0.800465584 -0.604161263 0.810610771 0.679749846 0.002063309 -0.222655609 -0.698827863
1413393977805760512.000000 0.819619536 -0.587366700 0.813482583 -0.680633962 -0.002306676 0.224199608 0.697471678
1413393977855760384.000000 0.826615572 -0.573989511 0.820918858 -0.681944013 -0.002381957 0.224112466 0.696218610
1413393977905760512.000000 0.834284306 -0.560924530 0.829550743 -0.683326364 -0.001791140 0.224261820 0.694815516
1413393977955760384.000000 0.841504991 -0.547586679 0.840041041 0.684592903 0.001218749 -0.225397214 -0.693200767
1413393978005760512.000000 0.850366950 -0.534108758 0.851053953 0.685607612 0.000204134 -0.227341056 -0.691562235
1413393978055760384.000000 0.860075653 -0.520619750 0.863043845 0.686547697 -0.001408950 -0.230328545 -0.689636946
1413393978105760512.000000 0.882040799 -0.504474282 0.872339129 -0.687081814 0.003146729 0.234354526 0.687740266
1413393978155760384.000000 0.893574417 -0.490796685 0.885852039 -0.687509120 0.006407073 0.237742737 0.686125755
1413393978205760512.000000 0.905778408 -0.476897120 0.899582565 -0.688378572 0.010266847 0.240671620 0.684183359
1413393978255760384.000000 0.917635620 -0.462248564 0.914525986 0.690205932 -0.014634079 -0.243582472 -0.681226313
1413393978305760512.000000 0.930100441 -0.447993875 0.928444266 0.692979217 -0.019029727 -0.245858490 -0.677474260
1413393978355760384.000000 0.946858644 -0.431869268 0.940275252 0.696865916 -0.025664752 -0.248340338 -0.672343910
1413393978405760512.000000 0.959754586 -0.417870164 0.952657461 0.701529622 -0.030678445 -0.250521421 -0.666448891
1413393978455760384.000000 0.972950280 -0.404442310 0.963958442 0.707537353 -0.037653066 -0.252352625 -0.659007847
1413393978505760512.000000 0.988839507 -0.391121745 0.974825442 0.714143038 -0.043085437 -0.255150497 -0.650416493
1413393978555760384.000000 1.001902819 -0.379316688 0.983502388 0.722143888 -0.048110723 -0.255931526 -0.640853167
1413393978605760512.000000 1.013911009 -0.368813276 0.991182327 0.730250418 -0.049917653 -0.259693623 -0.629922092
1413393978655760384.000000 1.027273059 -0.357552290 0.997292757 0.738604486 -0.051091827 -0.263663322 -0.618332326
1413393978705760512.000000 1.038041830 -0.349966288 1.002695680 0.746738255 -0.050466154 -0.268894613 -0.606243253
1413393978755760384.000000 1.048458338 -0.343729019 1.007034779 0.754783154 -0.049186077 -0.275395423 -0.593330085
1413393978805760512.000000 1.059582353 -0.337713599 1.010836601 0.762241483 -0.048335295 -0.281724691 -0.580760717
1413393978855760384.000000 1.074085712 -0.323058724 1.012040496 0.770404220 -0.048605967 -0.287664205 -0.566889942
1413393978905760512.000000 1.085168958 -0.319160581 1.012636304 0.778721213 -0.049512669 -0.291439652 -0.553357661
1413393978955760384.000000 1.096154213 -0.315821290 1.011862040 0.786678076 -0.051594365 -0.295135081 -0.539787829
1413393979005760512.000000 1.106638312 -0.311997533 1.009192467 0.794026196 -0.054719619 -0.300093621 -0.525806129
1413393979055760384.000000 1.116295338 -0.310297012 1.005311608 0.801550448 -0.057564620 -0.304222554 -0.511519253
1413393979105760512.000000 1.126222372 -0.308072567 0.997009873 0.809063792 -0.060920715 -0.308211476 -0.496699274
1413393979155760384.000000 1.134498358 -0.308936954 0.989643931 0.817114949 -0.062236771 -0.311539888 -0.481032819
1413393979205760512.000000 1.140865088 -0.311195493 0.981003404 0.825648904 -0.062089648 -0.313550651 -0.464902967
1413393979255760384.000000 1.144552469 -0.313784957 0.972177386 0.833639741 -0.062335525 -0.315676033 -0.448896199
1413393979305760512.000000 1.143600225 -0.313766360 0.959206641 0.841462553 -0.063648470 -0.317789495 -0.432318866
1413393979355760384.000000 1.140085340 -0.320427060 0.950258613 0.848794162 -0.066485301 -0.319896162 -0.415685833
1413393979405760512.000000 1.133244038 -0.328669071 0.941109598 0.855324388 -0.070056349 -0.322833657 -0.399112463
1413393979455760384.000000 1.122981787 -0.339737415 0.931792021 0.861601710 -0.073867403 -0.325207889 -0.382656574
1413393979505760512.000000 1.109943151 -0.352702260 0.922530890 0.867203116 -0.078694545 -0.328038871 -0.366273820
1413393979555760384.000000 1.094522834 -0.367772698 0.912128329 0.872668684 -0.082972273 -0.330778837 -0.349500149
1413393979605760512.000000 1.076855421 -0.384706676 0.900013804 0.878111184 -0.085351445 -0.333286524 -0.332499683
1413393979655760384.000000 1.053826928 -0.396488488 0.882035494 0.883817911 -0.084682062 -0.334982991 -0.315406471
1413393979705760512.000000 1.035077691 -0.418619692 0.866511941 0.889943480 -0.082747929 -0.335061908 -0.298139244
1413393979755760384.000000 1.017152429 -0.442842662 0.849147677 0.895435333 -0.079486988 -0.335507125 -0.281624764
1413393979805760512.000000 1.000724435 -0.470428884 0.828686476 0.901174903 -0.073031761 -0.335072905 -0.265096903
1413393979855760384.000000 0.985027432 -0.500169992 0.807277083 0.905927479 -0.065729953 -0.336448550 -0.248550698
1413393979905760512.000000 0.965535581 -0.524472058 0.784860969 0.909974575 -0.059395373 -0.338441908 -0.232111290
1413393979955760384.000000 0.951243877 -0.557672322 0.760933161 0.913263023 -0.053616375 -0.341289878 -0.215863898
1413393980005760512.000000 0.937342405 -0.592213631 0.735991240 0.916034043 -0.049213473 -0.344481528 -0.199480012
1413393980055760384.000000 0.922473252 -0.626752734 0.710159302 0.917833269 -0.042010836 -0.349652529 -0.183194861
1413393980105760512.000000 0.901625156 -0.657977521 0.680766940 0.918835402 -0.033542089 -0.355625808 -0.167770088
1413393980155760384.000000 0.887524545 -0.693993568 0.652899384 0.919642627 -0.022238059 -0.361166894 -0.152713314
1413393980205760512.000000 0.873012364 -0.729085684 0.623971581 0.919241250 -0.011159040 -0.368242085 -0.138812214
1413393980255760384.000000 0.857890785 -0.759577990 0.594392896 0.918622255 -0.001657288 -0.374168962 -0.126996368
1413393980305760512.000000 0.842630029 -0.791323960 0.562716007 0.917891979 0.005738694 -0.379034966 -0.117362894
1413393980355760384.000000 0.826916635 -0.820158422 0.529790401 0.917455733 0.010986850 -0.382186919 -0.109943382
1413393980405760512.000000 0.810165167 -0.845250726 0.493624091 0.918086529 0.015157101 -0.382050067 -0.104523495
1413393980455760384.000000 0.794058502 -0.869503081 0.455879807 0.919490814 0.016777676 -0.379666686 -0.100541174
1413393980505760512.000000 0.777538896 -0.891116738 0.416483641 0.922409236 0.017952165 -0.373191506 -0.097811766
1413393980555760384.000000 0.760066211 -0.908325911 0.375172615 0.926366210 0.017398527 -0.363735259 -0.096123502
1413393980605760512.000000 0.743104219 -0.925077438 0.333058000 0.930675328 0.017612103 -0.352814198 -0.095159568
1413393980655760384.000000 0.725826263 -0.939517736 0.290157497 0.933977723 0.018180886 -0.344055176 -0.094769217
1413393980705760512.000000 0.709087849 -0.948291898 0.245700598 0.936000943 0.017828928 -0.338576853 -0.094604917
1413393980755760384.000000 0.691715002 -0.958125949 0.202638507 0.936085820 0.017974474 -0.338321209 -0.094652489
1413393980805760512.000000 0.674509883 -0.965797842 0.159925401 0.934465349 0.016113408 -0.342781633 -0.094950810
1413393980855760384.000000 0.657801151 -0.970761061 0.118090212 0.932093382 0.012863320 -0.349262923 -0.095141657
1413393980905760512.000000 0.640952945 -0.974255204 0.075750649 0.928574026 0.008760585 -0.358610600 -0.095247746
1413393980955760384.000000 0.624980211 -0.976095498 0.032411516 0.925834298 0.002236759 -0.365668833 -0.095457658
1413393981005760512.000000 0.610852003 -0.978775382 -0.014817476 0.923489273 -0.006154271 -0.371538937 -0.095333435
1413393981055760384.000000 0.596059799 -0.978517890 -0.061828077 0.922436059 -0.014301839 -0.373880744 -0.095501035
1413393981105760512.000000 0.582418442 -0.978194177 -0.110982835 0.922289193 -0.022540122 -0.373839736 -0.095490940
1413393981155760384.000000 0.571054041 -0.977720559 -0.163312256 0.923578799 -0.029128300 -0.370218217 -0.095353141
1413393981205760512.000000 0.562298357 -0.977752686 -0.218047172 0.925299525 -0.035232071 -0.365376115 -0.095287710
1413393981255760384.000000 0.555153310 -0.978957951 -0.278369427 0.926040351 -0.039226819 -0.362903625 -0.095976688
1413393981305760512.000000 0.551820517 -0.980824471 -0.338729113 0.925914705 -0.041102134 -0.362756699 -0.096954577
1413393981355760384.000000 0.549117208 -0.983933806 -0.400401026 0.925048709 -0.042993929 -0.364505142 -0.097839169
1413393981405760512.000000 0.546429992 -0.988579869 -0.463532835 0.924020588 -0.041613452 -0.366833776 -0.099434473
1413393981455760384.000000 0.542439103 -0.994201481 -0.526584268 0.923590183 -0.036246415 -0.368113607 -0.100796148
1413393981505760512.000000 0.536363006 -1.000723720 -0.590048194 0.923717439 -0.029124731 -0.368000478 -0.102340162
1413393981555760384.000000 0.527132332 -1.007693410 -0.653365135 0.924088061 -0.020459019 -0.367158085 -0.104104146
1413393981605760512.000000 0.514528215 -1.014464259 -0.716447413 0.924423516 -0.014166307 -0.366109639 -0.105850197
1413393981655760384.000000 0.498427451 -1.020448685 -0.779655695 0.924355268 -0.009127878 -0.366005987 -0.107348628
1413393981705760512.000000 0.476375610 -1.026178837 -0.844964802 0.924283922 -0.005116207 -0.365713954 -0.109208390
1413393981755760384.000000 0.454225838 -1.030064940 -0.908532858 0.924554110 -0.000292031 -0.364662737 -0.110547714
1413393981805760512.000000 0.429236889 -1.031962514 -0.972448349 0.925539553 0.003602624 -0.361678332 -0.112037525
1413393981855760384.000000 0.403386056 -1.033374190 -1.035798907 0.926284909 0.008406471 -0.358571321 -0.115551792
1413393981905760512.000000 0.374473065 -1.032054901 -1.099372268 0.927118421 0.012664944 -0.354508102 -0.120893136
1413393981955760384.000000 0.344949871 -1.028233171 -1.163500667 0.927939177 0.016172521 -0.349595636 -0.128259003
1413393982005760512.000000 0.315799862 -1.022163391 -1.227372885 0.928551912 0.017942565 -0.344380379 -0.137373924
1413393982055760384.000000 0.286939383 -1.013710856 -1.290729761 0.928161263 0.019104902 -0.340896934 -0.148125067
1413393982105760512.000000 0.248083204 -1.001228333 -1.359866142 0.927584291 0.019809747 -0.336296290 -0.161554366
1413393982155760384.000000 0.220578969 -0.987514615 -1.423086405 0.926587939 0.019481957 -0.331655443 -0.176238522
1413393982205760512.000000 0.194311738 -0.971549153 -1.484809399 0.924438417 0.018246498 -0.328534067 -0.192733318
1413393982255760384.000000 0.169067323 -0.953011513 -1.546296716 0.921686649 0.016311843 -0.324918985 -0.211318076
1413393982305760512.000000 0.142427683 -0.933032632 -1.610227823 0.918138146 0.014845719 -0.321418166 -0.231284171
1413393982355760384.000000 0.118811190 -0.910636544 -1.669486165 0.912700057 0.013836497 -0.320805103 -0.252727598
1413393982405760512.000000 0.096456230 -0.886723042 -1.727542400 0.906279206 0.014010329 -0.320348591 -0.275387913
1413393982455760384.000000 0.074113339 -0.860426664 -1.788824916 0.898961425 0.014467238 -0.319464326 -0.299335390
1413393982505760512.000000 0.052728593 -0.833660364 -1.843176484 0.890743315 0.015283456 -0.318214506 -0.324164242
1413393982555760384.000000 0.032421589 -0.805202723 -1.896611691 0.881658316 0.015434574 -0.316088378 -0.350040972
1413393982605760512.000000 0.013440222 -0.775253773 -1.952056885 0.871688187 0.016392540 -0.312505275 -0.377136022
1413393982655760384.000000 -0.006221384 -0.743154526 -2.003491163 0.861149669 0.018019916 -0.307186663 -0.404639333
1413393982705760512.000000 -0.025823325 -0.709410429 -2.053603172 0.849772930 0.020776756 -0.300916880 -0.432323366
1413393982755760384.000000 -0.042075127 -0.673239470 -2.105058193 0.837125778 0.023892837 -0.293356091 -0.461076915
1413393982805760512.000000 -0.060226314 -0.635972977 -2.152435303 0.824208379 0.027421081 -0.284083277 -0.489106834
1413393982855760384.000000 -0.077538289 -0.597191334 -2.198199272 0.810645580 0.030381551 -0.273747087 -0.516713977
1413393982905760512.000000 -0.088573687 -0.557051897 -2.242484808 0.795596063 0.033909947 -0.263469040 -0.544482470
1413393982955760384.000000 -0.105136484 -0.515894651 -2.283297539 0.779810846 0.036763974 -0.254409969 -0.570805669
1413393983005760512.000000 -0.121278957 -0.473825455 -2.321113586 0.763286293 0.038555335 -0.245953515 -0.596166551
1413393983055760384.000000 -0.132817268 -0.431156635 -2.356148720 0.745918453 0.041251887 -0.237027392 -0.621065319
1413393983105760512.000000 -0.146503910 -0.387345791 -2.387695074 0.728679419 0.043506619 -0.226847053 -0.644727826
1413393983155760384.000000 -0.158917427 -0.342367887 -2.416139603 0.711107373 0.047137182 -0.216033831 -0.667408347
1413393983205760512.000000 -0.169668138 -0.296057940 -2.440865278 0.693037689 0.050794642 -0.205081239 -0.689246237
1413393983255760384.000000 -0.179265887 -0.252325773 -2.460820198 -0.675140917 -0.053317610 0.192959800 0.710006058
1413393983305760512.000000 -0.187637389 -0.205458164 -2.477596998 -0.656257331 -0.055946786 0.181787774 0.730170906
1413393983355760384.000000 -0.193766356 -0.158198714 -2.490164995 -0.637882173 -0.057273418 0.168665782 0.749251664
1413393983405760512.000000 -0.195298284 -0.112400532 -2.498492718 -0.619218528 -0.057165261 0.155442879 0.767553270
1413393983455760384.000000 -0.196879387 -0.065475225 -2.501956701 -0.600042582 -0.055511631 0.143081456 0.785108209
1413393983505760512.000000 -0.195269376 -0.019365311 -2.500828028 -0.581131995 -0.051551268 0.129782245 0.801738501
1413393983555760384.000000 -0.190297097 0.024253488 -2.494859457 0.561615527 0.048078652 -0.117647804 -0.817579031
1413393983605760512.000000 -0.180897847 0.064876795 -2.482144594 -0.542046309 -0.043763448 0.104787648 0.832640529
1413393983655760384.000000 -0.171663523 0.104981303 -2.467073441 -0.522092283 -0.040221181 0.093379699 0.846807063
1413393983705760512.000000 -0.160101086 0.142374158 -2.447674274 -0.501675844 -0.034855291 0.083130129 0.860346377
1413393983755760384.000000 -0.145718887 0.173372865 -2.425570488 -0.481155843 -0.031216409 0.074773140 0.872882366
1413393983805760512.000000 -0.130845144 0.204731822 -2.398410082 -0.460328788 -0.027347291 0.068649992 0.884667635
1413393983855760384.000000 -0.113792837 0.232641280 -2.367733955 -0.439517766 -0.023391075 0.062815912 0.895729423
1413393983905760512.000000 -0.094944805 0.256549597 -2.333442688 0.419576734 0.019732967 -0.057519868 -0.905680656
1413393983955760384.000000 -0.074101627 0.277437389 -2.296711922 0.400710195 0.016714664 -0.048763569 -0.914753616
1413393984005760512.000000 -0.049309239 0.287904680 -2.262539864 -0.381819189 -0.014301250 0.041151457 0.923209727
1413393984055760384.000000 -0.025856949 0.301526815 -2.220319033 -0.363113314 -0.011799687 0.031753737 0.931128979
1413393984105760512.000000 -0.000658892 0.310824126 -2.175627947 -0.344020993 -0.009044775 0.022109356 0.938658059
1413393984155760384.000000 0.025964294 0.315416157 -2.129635096 0.324936390 0.006822476 -0.012295628 -0.945631385
1413393984205760512.000000 0.054884996 0.309673965 -2.086163759 -0.305626035 -0.004509306 0.002511306 0.952137709
1413393984255760384.000000 0.083907150 0.305429816 -2.035740376 -0.286097407 -0.001974847 -0.006360042 0.958177388
1413393984305760512.000000 0.113807537 0.296485126 -1.983692050 -0.266267806 0.000981874 -0.012026826 0.963823557
1413393984355760384.000000 0.143557906 0.280484796 -1.932500124 -0.247384533 0.003958581 -0.016411897 0.968770325
1413393984405760512.000000 0.175334424 0.262639105 -1.878883839 -0.229675233 0.007865822 -0.021275951 0.973002970
1413393984455760384.000000 0.207652077 0.240555465 -1.824770927 -0.213444591 0.010671037 -0.026454274 0.976538658
1413393984505760512.000000 0.239686608 0.211832941 -1.772732377 -0.198791951 0.014539630 -0.031093853 0.979440391
1413393984555760384.000000 0.272530466 0.180985719 -1.718736768 -0.184967577 0.018665686 -0.036037024 0.981906295
1413393984605760512.000000 0.304236352 0.146209300 -1.664538026 -0.171537206 0.020031609 -0.037397955 0.984263837
1413393984655760384.000000 0.334945321 0.097397476 -1.614824533 -0.158271328 0.020001473 -0.032584447 0.986655176
1413393984705760512.000000 0.361591488 0.055322044 -1.560010076 -0.144116178 0.020187318 -0.020855775 0.989135087
1413393984755760384.000000 0.385729790 0.011184992 -1.504609346 -0.132765040 0.020752518 -0.009910883 0.990880787
1413393984805760512.000000 0.407249153 -0.035180978 -1.449582338 -0.123615935 0.020985877 0.001000748 0.992107689
1413393984855760384.000000 0.425465852 -0.081517778 -1.392763376 -0.116006449 0.018249774 0.015405871 0.992961347
1413393984905760512.000000 0.440347791 -0.127518952 -1.335853338 -0.111881375 0.013711342 0.032172039 0.993106067
1413393984955760384.000000 0.452731341 -0.172882482 -1.280991435 -0.111226201 0.009117462 0.049217395 0.992533743
1413393985005760512.000000 0.463134855 -0.216317818 -1.224384189 -0.114779882 0.005991719 0.064190544 0.991296828
1413393985055760384.000000 0.471642554 -0.257557362 -1.167847037 -0.123472430 0.003560883 0.074103735 0.989570856
1413393985105760512.000000 0.484434515 -0.297441691 -1.118226886 -0.136047781 0.004144878 0.079849608 0.987470508
1413393985155760384.000000 0.490734935 -0.333603054 -1.061572671 -0.152452558 0.007197970 0.080416620 0.985007465
1413393985205760512.000000 0.494963378 -0.367755741 -1.005023241 -0.170459300 0.011407440 0.079919733 0.982052207
1413393985255760384.000000 0.496928871 -0.401982933 -0.949299097 -0.189929023 0.015041251 0.078710951 0.978522062
1413393985305760512.000000 0.498628646 -0.434046865 -0.893939435 -0.210328907 0.018172992 0.076897219 0.974432349
1413393985355760384.000000 0.500058591 -0.465686738 -0.839460969 -0.231293857 0.019214356 0.075265512 0.969777882
1413393985405760512.000000 0.501680136 -0.497541159 -0.785494328 -0.251851588 0.020690609 0.075164147 0.964620709
1413393985455760384.000000 0.503448606 -0.529403865 -0.733074427 -0.272054046 0.020922014 0.077370062 0.958938360
1413393985505760512.000000 0.505820811 -0.561888576 -0.681356668 -0.291680485 0.021931086 0.080184251 0.952896714
1413393985555760384.000000 0.504678845 -0.597855866 -0.629618168 -0.309707671 0.021603590 0.087317683 0.946567535
1413393985605760512.000000 0.507136703 -0.632110536 -0.578670740 -0.326038837 0.019248594 0.097867295 0.940079868
1413393985655760384.000000 0.509431362 -0.666983247 -0.528159678 -0.340735197 0.014549325 0.111074358 0.933461547
1413393985705760512.000000 0.507289469 -0.703600287 -0.476713032 -0.354370832 0.009762469 0.126084596 0.926514268
1413393985755760384.000000 0.510112166 -0.738514543 -0.427096605 -0.367954254 0.003670318 0.140418261 0.919172943
1413393985805760512.000000 0.513845921 -0.772434473 -0.377808809 -0.381080925 -0.001547423 0.153589442 0.911693633
1413393985855760384.000000 0.516338289 -0.805365801 -0.329263806 -0.393705368 -0.005790255 0.166674823 0.903981328
1413393985905760512.000000 0.523667336 -0.835027277 -0.280662149 -0.406141281 -0.007749913 0.180187255 0.895835757
1413393985955760384.000000 0.533053458 -0.861581504 -0.232800454 -0.418954432 -0.009333841 0.191785976 0.887472987
1413393986005760512.000000 0.538132191 -0.885440648 -0.185490787 -0.432058245 -0.008115398 0.202131972 0.878864348
1413393986055760384.000000 0.550724506 -0.905194223 -0.139503241 -0.445174664 -0.007107426 0.210908979 0.870222032
1413393986105760512.000000 0.563304305 -0.922561646 -0.095171541 -0.458124936 -0.004320226 0.220993370 0.860967457
1413393986155760384.000000 0.563394189 -0.943849564 -0.045405775 -0.470613450 0.000630632 0.229548827 0.851956546
1413393986205760512.000000 0.577865124 -0.954844356 -0.004320264 -0.482307434 0.005964891 0.241090924 0.842151523
1413393986255760384.000000 0.591986239 -0.962311149 0.034719139 -0.494348913 0.012806702 0.252024978 0.831828415
1413393986305760512.000000 0.599878192 -0.970965028 0.072546750 -0.506467581 0.020526631 0.261693418 0.821331799
1413393986355760384.000000 0.613486052 -0.972242832 0.105210453 -0.518790722 0.025580157 0.271241754 0.810326993
1413393986405760512.000000 0.626661539 -0.968995094 0.135042548 -0.531830192 0.031391218 0.279744774 0.798695326
1413393986455760384.000000 0.634437621 -0.966146410 0.163892686 -0.545126736 0.036046561 0.286009997 0.787233055
1413393986505760512.000000 0.646687865 -0.957229555 0.185237795 -0.560248315 0.037450776 0.287360549 0.775978923
1413393986555760384.000000 0.659406543 -0.946070790 0.201685011 -0.578425467 0.036148906 0.281091243 0.764921606
1413393986605760512.000000 0.676283419 -0.929691434 0.218363851 -0.597891688 0.031932067 0.269945472 0.754079163
1413393986655760384.000000 0.687576056 -0.913674295 0.229738593 -0.616772771 0.025277155 0.257949620 0.743245840
1413393986705760512.000000 0.699120760 -0.896707296 0.239120513 -0.635200143 0.023334555 0.246123150 0.731710136
1413393986755760384.000000 0.708248973 -0.882815003 0.250749946 -0.652818561 0.022409154 0.234433904 0.719976783
1413393986805760512.000000 0.720215142 -0.865906239 0.259326100 -0.669214785 0.021305466 0.224305645 0.708085239
1413393986855760384.000000 0.732296824 -0.850045681 0.268362224 -0.684086144 0.020221500 0.215192631 0.696641445
1413393986905760512.000000 0.743426800 -0.836285233 0.279728770 0.696402490 -0.019880680 -0.208368763 -0.686447918
1413393986955760384.000000 0.755299330 -0.825569868 0.292449713 -0.704931259 0.018511880 0.208059371 0.677820444
1413393987005760512.000000 0.765623569 -0.813964963 0.307130873 -0.710291505 0.016063737 0.213243067 0.670638025
1413393987055760384.000000 0.774690032 -0.803678393 0.323988140 -0.714299977 0.013478460 0.218991011 0.664557695
1413393987105760512.000000 0.781711698 -0.794821918 0.343248487 0.716986954 -0.010943443 -0.224559277 -0.659835756
1413393987155760384.000000 0.790624499 -0.789060652 0.363537967 0.718955517 -0.008894708 -0.229567543 -0.655989826
1413393987205760512.000000 0.794894814 -0.780288219 0.386424720 0.720469654 -0.007611383 -0.233779714 -0.652849615
1413393987255760384.000000 0.799420595 -0.770936668 0.410381973 0.721072078 -0.005277130 -0.237855300 -0.650731981
1413393987305760512.000000 0.804831386 -0.761524200 0.434889317 0.721596599 -0.003885423 -0.240982607 -0.649007440
1413393987355760384.000000 0.816160083 -0.751422167 0.458046854 0.721443653 -0.002867514 -0.243604168 -0.648203671
1413393987405760512.000000 0.824883997 -0.741176963 0.483528972 0.721266448 -0.001692448 -0.245074585 -0.647850633
1413393987455760384.000000 0.835220158 -0.730716884 0.509581149 0.720531166 -0.002162881 -0.246209323 -0.648236990
1413393987505760512.000000 0.846504688 -0.720072806 0.536161184 0.720471323 -0.002121583 -0.246706381 -0.648114681
1413393987555760384.000000 0.868318439 -0.706390321 0.557669163 0.721600115 -0.002422555 -0.245077327 -0.647475600
1413393987605760512.000000 0.881092429 -0.695252359 0.584518790 0.723932862 -0.002256408 -0.243157372 -0.645593345
1413393987655760384.000000 0.894557238 -0.683380365 0.611645818 0.726865590 -0.002846912 -0.241653085 -0.642854750
1413393987705760512.000000 0.907032847 -0.671947658 0.640072346 0.730015635 -0.003125725 -0.242223501 -0.639058053
1413393987755760384.000000 0.926125765 -0.657789171 0.666022062 0.733530104 -0.005257805 -0.243290931 -0.634598672
1413393987805760512.000000 0.939418912 -0.646442354 0.695176005 0.736089230 -0.006709080 -0.245674983 -0.630691290
1413393987855760384.000000 0.951938510 -0.634936452 0.725431204 0.737970173 -0.010128899 -0.249078915 -0.627102137
1413393987905760512.000000 0.969329119 -0.617322087 0.750781298 0.738719821 -0.011830219 -0.254083633 -0.624175191
1413393987955760384.000000 0.976627588 -0.605813265 0.783557892 0.740261972 -0.013887100 -0.256019115 -0.621509254
1413393988005760512.000000 0.980379343 -0.594057322 0.817847729 0.741786778 -0.015624062 -0.257189900 -0.619162142
1413393988055760384.000000 0.985578835 -0.579327226 0.851713121 0.742973030 -0.015764289 -0.259056747 -0.616953969
1413393988105760512.000000 0.985061407 -0.566824198 0.887744844 0.745079458 -0.016290013 -0.257773519 -0.614934266
1413393988155760384.000000 0.981754780 -0.554254055 0.924985945 0.747530758 -0.016412888 -0.254655570 -0.613252759
1413393988205760512.000000 0.979469419 -0.538502336 0.960986018 0.750016391 -0.014930190 -0.251834929 -0.611417711
1413393988255760384.000000 0.972860098 -0.526299596 1.000380278 0.752755642 -0.014089239 -0.246858180 -0.610099673
1413393988305760512.000000 0.964835167 -0.514410973 1.041062713 0.754777789 -0.012905684 -0.243134022 -0.609122217
1413393988355760384.000000 0.961094737 -0.500816226 1.075378418 0.756598890 -0.011227407 -0.239329100 -0.608402610
1413393988405760512.000000 0.954758227 -0.489369512 1.117489100 0.758669376 -0.007685394 -0.234722912 -0.607673407
1413393988455760384.000000 0.949576735 -0.478440881 1.160616517 0.760863960 -0.000738473 -0.229548082 -0.606954098
1413393988505760512.000000 0.947592497 -0.464743137 1.202481866 0.763056278 0.009918802 -0.224820435 -0.605889916
1413393988555760384.000000 0.945838809 -0.453984380 1.248892188 0.765161633 0.019099733 -0.219445944 -0.604984701
1413393988605760512.000000 0.946294785 -0.443114996 1.297583580 0.767154455 0.025613857 -0.214291364 -0.604067206
1413393988655760384.000000 0.945746422 -0.432595015 1.345632792 0.766960979 0.023525493 -0.216831073 -0.603491366
1413393988705760512.000000 0.949272096 -0.421204090 1.399585485 0.765953779 0.020329824 -0.222351193 -0.602877736
1413393988755760384.000000 0.954284906 -0.409895897 1.455912828 0.763595700 0.010824121 -0.233097777 -0.602054775
1413393988805760512.000000 0.959859729 -0.398648858 1.510168672 0.761349201 0.001964427 -0.246835142 -0.599513233
1413393988855760384.000000 0.968018830 -0.386793852 1.567660928 0.757643759 -0.008486546 -0.266795874 -0.595587015
1413393988905760512.000000 0.979922771 -0.374031067 1.623218894 0.753956854 -0.019913156 -0.288234174 -0.589977682
1413393988955760384.000000 0.994886875 -0.363604784 1.671815753 0.751772344 -0.028694933 -0.307392031 -0.582687855
1413393989005760512.000000 1.013036847 -0.349156857 1.719850659 0.750248909 -0.036778148 -0.325094074 -0.574532688
1413393989055760384.000000 1.033880949 -0.334376335 1.763072610 0.749015450 -0.042772699 -0.341312617 -0.566261470
1413393989105760512.000000 1.056746483 -0.318537235 1.799788356 0.747321784 -0.048565589 -0.357288659 -0.558118582
1413393989155760384.000000 1.079169393 -0.303712130 1.829539061 0.746343851 -0.051482923 -0.371045828 -0.550132215
1413393989205760512.000000 1.107193589 -0.285151005 1.851721764 0.746669710 -0.050863687 -0.381269783 -0.542706668
1413393989255760384.000000 1.136847734 -0.264669895 1.865642309 0.749788284 -0.046033189 -0.384742081 -0.536350667
1413393989305760512.000000 1.167557001 -0.245959997 1.874044299 0.761753142 -0.033763327 -0.367409855 -0.532543063
1413393989355760384.000000 1.200517774 -0.221779108 1.874208212 0.775992632 -0.022804514 -0.342414588 -0.529214263
1413393989405760512.000000 1.233640909 -0.196091890 1.871203661 0.790142953 -0.015963439 -0.314749688 -0.525691807
1413393989455760384.000000 1.264078379 -0.169935942 1.869396091 0.802879810 -0.012449654 -0.287222862 -0.522237599
1413393989505760512.000000 1.292488456 -0.142757416 1.867311597 0.812183321 -0.011257575 -0.265148371 -0.519545972
1413393989555760384.000000 1.317377329 -0.116118908 1.867595434 0.818717718 -0.011988103 -0.248986751 -0.517265141
1413393989605760512.000000 1.342667580 -0.089882612 1.870275378 0.822068751 -0.011764058 -0.241427407 -0.515536010
1413393989655760384.000000 1.360659242 -0.064868450 1.876809716 0.824069083 -0.010893098 -0.237520918 -0.514174461
1413393989705760512.000000 1.375550985 -0.040385246 1.886107683 0.824944139 -0.009393205 -0.239552557 -0.511853039
1413393989755760384.000000 1.387893081 -0.016476870 1.897986889 0.825709939 -0.008945705 -0.243780717 -0.508619726
1413393989805760512.000000 1.398195982 0.006425858 1.912360668 0.826525092 -0.010672289 -0.249701247 -0.504372597
1413393989855760384.000000 1.407854080 0.028127432 1.930683613 0.827783167 -0.017112693 -0.256490737 -0.498693138
1413393989905760512.000000 1.414316416 0.049108744 1.948885560 0.829316080 -0.024996843 -0.263952315 -0.491873175
1413393989955760384.000000 1.419126630 0.069337845 1.968265772 0.831708550 -0.035600442 -0.270545989 -0.483527005
1413393990005760512.000000 1.425668240 0.085352898 1.989948988 0.835142910 -0.047540180 -0.277057946 -0.472773969
1413393990055760384.000000 1.426758766 0.101702690 2.010543108 0.840792835 -0.054664604 -0.280538976 -0.459757805
1413393990105760512.000000 1.425718069 0.115741014 2.031291962 0.847581744 -0.058943033 -0.283135533 -0.444932908
1413393990155760384.000000 1.423822403 0.128239632 2.052062035 0.855120122 -0.061410323 -0.285543799 -0.428325832
1413393990205760512.000000 1.418241262 0.137545109 2.073710918 0.862802982 -0.063054904 -0.288347095 -0.410428017
1413393990255760384.000000 1.410422206 0.144398928 2.095978498 0.869978368 -0.063678853 -0.292769343 -0.391623497
1413393990305760512.000000 1.403043389 0.148075581 2.117264032 0.876183569 -0.064937614 -0.299546242 -0.371964395
1413393990355760384.000000 1.392610312 0.149715662 2.140242100 0.881371140 -0.065840356 -0.308203846 -0.351937950
1413393990405760512.000000 1.382969975 0.148799419 2.162293196 0.886462033 -0.067302495 -0.315940648 -0.331416637
1413393990455760384.000000 1.374239683 0.146086216 2.182984829 0.890882134 -0.071278535 -0.323553324 -0.310743809
1413393990505760512.000000 1.365958929 0.140666962 2.202501059 0.894256115 -0.075185262 -0.332011670 -0.290553749
1413393990555760384.000000 1.360511422 0.133753777 2.218387127 0.896045148 -0.078302696 -0.342645705 -0.271230102
1413393990605760512.000000 1.352529287 0.123612404 2.234713554 0.895438313 -0.078789607 -0.357906461 -0.252755553
1413393990655760384.000000 1.344197512 0.111100912 2.248577356 0.892916739 -0.074348301 -0.376348197 -0.235656783
1413393990705760512.000000 1.335447550 0.097183466 2.255419493 0.888151705 -0.060957201 -0.398252219 -0.221056417
1413393990755760384.000000 1.327225566 0.082157135 2.261128902 0.884422600 -0.040760346 -0.415447742 -0.208659142
1413393990805760512.000000 1.319061399 0.067148924 2.261706352 0.880780160 -0.019150179 -0.429513723 -0.198437706
1413393990855760384.000000 1.311729431 0.053580403 2.256682873 0.877367616 0.001889889 -0.440393806 -0.190462276
1413393990905760512.000000 1.300407887 0.042482257 2.241133213 0.876458228 0.019092452 -0.444391042 -0.184318021
1413393990955760384.000000 1.293553472 0.035286427 2.222484827 0.880712748 0.035398196 -0.436569870 -0.180274114
1413393991005760512.000000 1.287592649 0.032639503 2.197729588 0.889303386 0.046789985 -0.418262780 -0.178903580
1413393991055760384.000000 1.279515266 0.035263300 2.164556026 0.900278926 0.053558521 -0.393309206 -0.178709939
1413393991105760512.000000 1.274506092 0.042463541 2.130866289 0.912736177 0.053316198 -0.363240302 -0.179238960
1413393991155760384.000000 1.270587921 0.053964853 2.096176624 0.925498128 0.047876738 -0.329360813 -0.180783033
1413393991205760512.000000 1.264162302 0.069201946 2.059770107 0.936992288 0.036767948 -0.295825511 -0.182156324
1413393991255760384.000000 1.261574745 0.085989714 2.028295755 0.946716249 0.024889842 -0.262999058 -0.184229314
1413393991305760512.000000 1.259787560 0.103886604 2.001211166 0.954358697 0.013012943 -0.233178526 -0.186166704
1413393991355760384.000000 1.254763365 0.123922467 1.976766706 0.958091855 -0.002427432 -0.215454563 -0.188768119
1413393991405760512.000000 1.253797531 0.142042279 1.961151838 0.959248424 -0.016506327 -0.207308471 -0.191293865
1413393991455760384.000000 1.252470374 0.159032702 1.951807261 0.956032217 -0.028210819 -0.217801556 -0.194342703
1413393991505760512.000000 1.251801729 0.174083948 1.947845101 0.949524879 -0.039408281 -0.240475729 -0.197537303
1413393991555760384.000000 1.253147244 0.187000513 1.948684692 0.941770256 -0.051617526 -0.264982820 -0.200471014
1413393991605760512.000000 1.255391479 0.197406292 1.952509999 0.932252765 -0.063015848 -0.292757899 -0.203043371
1413393991655760384.000000 1.258767247 0.204669833 1.957658887 0.921826661 -0.072524861 -0.320946842 -0.204863116
1413393991705760512.000000 1.258430719 0.211313009 1.958207846 0.912319541 -0.077316128 -0.345494241 -0.205740348
1413393991755760384.000000 1.264170647 0.212435007 1.960243464 0.904866993 -0.079660580 -0.364173025 -0.205543190
1413393991805760512.000000 1.270962000 0.210439205 1.958346248 0.900206387 -0.078223675 -0.376386523 -0.204555213
1413393991855760384.000000 1.280307770 0.204523802 1.952688694 0.902132034 -0.072089002 -0.373658508 -0.203323469
1413393991905760512.000000 1.290880561 0.199869275 1.938675761 0.909272730 -0.057555832 -0.359207273 -0.202189520
1413393991955760384.000000 1.302844167 0.190857649 1.924458861 0.919660985 -0.041006990 -0.334770352 -0.201174095
1413393992005760512.000000 1.315263033 0.181035161 1.909627676 0.929445624 -0.029946752 -0.308146030 -0.200699300
1413393992055760384.000000 1.327589154 0.171136141 1.895281911 0.937355459 -0.020780021 -0.284277916 -0.200297475
1413393992105760512.000000 1.336800575 0.158139586 1.889725566 0.942997456 -0.015528533 -0.265792370 -0.199672490
1413393992155760384.000000 1.346367121 0.147142172 1.882901430 0.944169223 -0.011667459 -0.261925101 -0.199508712
1413393992205760512.000000 1.353958845 0.136247754 1.880171061 0.940537393 -0.005952733 -0.274968624 -0.199364692
1413393992255760384.000000 1.361194611 0.125535607 1.881029606 0.934745371 -0.000636876 -0.294382989 -0.198970824
1413393992305760512.000000 1.368946910 0.115340233 1.883700132 0.927788675 0.001530250 -0.315906465 -0.198516890
1413393992355760384.000000 1.376859546 0.106388927 1.887274384 0.919773221 -0.007020847 -0.338880658 -0.197807729
1413393992405760512.000000 1.384687781 0.098432779 1.890387058 0.912121534 -0.018869238 -0.358841538 -0.197258949
1413393992455760384.000000 1.391158223 0.091182113 1.892365217 0.906215787 -0.033409670 -0.372925401 -0.196426615
1413393992505760512.000000 1.396613955 0.083838701 1.891884685 0.903598428 -0.045558210 -0.378470033 -0.195435256
1413393992555760384.000000 1.400164247 0.076516867 1.888295293 0.904933512 -0.053412016 -0.374613494 -0.194698244
1413393992605760512.000000 1.404475093 0.070845127 1.875136137 0.909418464 -0.056147039 -0.363654375 -0.193806902
1413393992655760384.000000 1.404106736 0.061068773 1.866845489 0.917812765 -0.051250774 -0.342888862 -0.193443432
1413393992705760512.000000 1.403290749 0.050323367 1.857393980 0.927642047 -0.043682452 -0.316415966 -0.193527997
1413393992755760384.000000 1.402433753 0.037987590 1.849171519 0.936730623 -0.034927394 -0.289349526 -0.193888634
1413393992805760512.000000 1.401112199 0.025133848 1.842918754 0.943626046 -0.026468487 -0.266868174 -0.194037974
1413393992855760384.000000 1.400200009 0.011623263 1.839766026 0.947543621 -0.017872969 -0.253143281 -0.194320053
1413393992905760512.000000 1.402487993 -0.002774954 1.841885328 0.948237717 -0.011231037 -0.250619143 -0.194702879
1413393992955760384.000000 1.401753426 -0.017261624 1.847018838 0.945716083 -0.004885051 -0.260282427 -0.194551736
1413393993005760512.000000 1.402188540 -0.031838536 1.855705976 0.941078484 0.001397344 -0.276712984 -0.194420666
1413393993055760384.000000 1.404469967 -0.045926452 1.866295934 0.935484648 0.007285996 -0.294999242 -0.194398671
1413393993105760512.000000 1.408023477 -0.059021711 1.879024982 0.930338740 0.009390706 -0.311132669 -0.193850964
1413393993155760384.000000 1.411827326 -0.070866942 1.893159270 0.923166215 0.008520375 -0.332019329 -0.193532512
1413393993205760512.000000 1.422604799 -0.084740639 1.914826632 0.914412975 0.005863960 -0.355729342 -0.193057552
1413393993255760384.000000 1.426040888 -0.093537450 1.927475810 0.904337347 0.005531377 -0.381240577 -0.191830650
1413393993305760512.000000 1.429396152 -0.100258470 1.937378526 0.893995523 0.005423844 -0.405326664 -0.190926298
1413393993355760384.000000 1.433499575 -0.105014682 1.942285419 0.886211216 0.007865828 -0.422416925 -0.190083653
1413393993405760512.000000 1.439413190 -0.108796716 1.944720507 0.881568193 0.013226499 -0.432150722 -0.189495072
1413393993455760384.000000 1.443436980 -0.108151674 1.938011050 0.880770326 0.019439872 -0.433484793 -0.189622805
1413393993505760512.000000 1.447677255 -0.104291081 1.924405932 0.885089219 0.022733562 -0.424240440 -0.190053672
1413393993555760384.000000 1.452892065 -0.097250223 1.905933022 0.893707097 0.022808049 -0.405510932 -0.190599993
1413393993605760512.000000 1.463213921 -0.085585117 1.878462911 0.904609501 0.020079276 -0.380339712 -0.191364005
1413393993655760384.000000 1.469315529 -0.072929382 1.852825642 0.916977406 0.015983731 -0.349145293 -0.192340136
1413393993705760512.000000 1.475516915 -0.058455110 1.826858759 0.928674936 0.010997125 -0.316714287 -0.192701802
1413393993755760384.000000 1.482460737 -0.045240760 1.805058122 0.938866496 0.006131011 -0.285024434 -0.193011075
1413393993805760512.000000 1.483106136 -0.029258609 1.784798861 0.946470737 0.002284996 -0.258700669 -0.193033487
1413393993855760384.000000 1.479279518 -0.013247371 1.769532204 0.952262640 -0.000957614 -0.236810058 -0.192654848
1413393993905760512.000000 1.472276330 0.001962543 1.760422349 0.956522465 -0.003871624 -0.219365597 -0.192168057
1413393993955760384.000000 1.466561079 0.012994885 1.763133526 0.960052907 -0.007383276 -0.203636527 -0.191770762
1413393994005760512.000000 1.456094742 0.027459383 1.766100883 0.962498069 -0.012968344 -0.191809937 -0.191411495
1413393994055760384.000000 1.449450254 0.040810227 1.775385976 0.963692665 -0.022328155 -0.184559971 -0.191665232
1413393994105760512.000000 1.449278831 0.051406026 1.791544199 0.963428199 -0.032147698 -0.184608713 -0.191552594
1413393994155760384.000000 1.456737399 0.059431553 1.814613700 0.962040424 -0.042825878 -0.188904658 -0.192247912
1413393994205760512.000000 1.470503330 0.064329028 1.843852520 0.959638298 -0.053615175 -0.197463930 -0.192945123
1413393994255760384.000000 1.490669489 0.065946221 1.877245784 0.955901384 -0.060682159 -0.212360680 -0.193580121
1413393994305760512.000000 1.508272290 0.055847883 1.936330080 0.950001717 -0.067318007 -0.234299272 -0.195112795
1413393994355760384.000000 1.537016630 0.048910379 1.977896810 0.942665517 -0.064178564 -0.262764245 -0.195494056
1413393994405760512.000000 1.565455794 0.038944125 2.023625851 0.933437467 -0.060074221 -0.294438571 -0.195937693
1413393994455760384.000000 1.592074513 0.029289484 2.071659088 0.921718240 -0.053286236 -0.330349863 -0.196125284
1413393994505760512.000000 1.612423658 0.016803861 2.119049072 0.908563375 -0.044894081 -0.366469204 -0.195441604
1413393994555760384.000000 1.626700640 0.003439426 2.167878866 0.894645631 -0.036788821 -0.400745302 -0.194059640
1413393994605760512.000000 1.632300377 -0.010840416 2.220186234 0.881263137 -0.029206406 -0.430932760 -0.191883251
1413393994655760384.000000 1.634904385 -0.024185419 2.266231537 0.868529141 -0.023213800 -0.457751364 -0.188632250
1413393994705760512.000000 1.633274555 -0.036250353 2.308072567 0.858076394 -0.017593196 -0.478644758 -0.185188219
1413393994755760384.000000 1.623207331 -0.047072053 2.343282938 0.852041245 -0.009562568 -0.490821809 -0.181736931
1413393994805760512.000000 1.616928101 -0.054985166 2.365869284 0.852890968 0.001417990 -0.490283340 -0.179435864
1413393994855760384.000000 1.610720754 -0.059797883 2.378025770 0.861914575 0.009730963 -0.474577993 -0.178281903
1413393994905760512.000000 1.605686784 -0.060820937 2.383781910 0.875149369 0.015305073 -0.449810892 -0.177621767
1413393994955760384.000000 1.597797632 -0.058915019 2.382938385 0.887798846 0.015326987 -0.424579799 -0.176947653
1413393995005760512.000000 1.587970972 -0.054327011 2.377943993 0.898702860 0.010882745 -0.401646167 -0.175770298
1413393995055760384.000000 1.576133847 -0.047760963 2.371189117 0.907634258 0.002340525 -0.381681144 -0.174683005
1413393995105760512.000000 1.562396765 -0.039816380 2.363181591 0.914721906 -0.009598223 -0.364388078 -0.174393639
1413393995155760384.000000 1.546533704 -0.030681014 2.354639530 0.918886423 -0.021346577 -0.352512062 -0.175861597
1413393995205760512.000000 1.528164268 -0.021116376 2.346421480 0.920341969 -0.038509805 -0.345338136 -0.179525018
1413393995255760384.000000 1.499770641 -0.007477164 2.321913719 0.920357168 -0.052258067 -0.339853913 -0.186309442
1413393995305760512.000000 1.478225708 0.000359774 2.313610554 0.918340027 -0.062749341 -0.338555008 -0.195178598
1413393995355760384.000000 1.455811143 0.006765842 2.303283691 0.915466011 -0.071091615 -0.337741137 -0.206878871
1413393995405760512.000000 1.434917212 0.009237051 2.298880816 0.912129879 -0.075812794 -0.337042511 -0.220621750
1413393995455760384.000000 1.414520383 0.014464617 2.281245232 0.908564627 -0.078583978 -0.335704952 -0.235875145
1413393995505760512.000000 1.394295096 0.013139725 2.270182371 0.904690981 -0.078066163 -0.334018528 -0.252728373
1413393995555760384.000000 1.375213623 0.009575129 2.256933689 0.901144922 -0.075791970 -0.330103934 -0.270601004
1413393995605760512.000000 1.355607390 0.007365704 2.233717918 0.897429526 -0.071243756 -0.325073302 -0.289606720
1413393995655760384.000000 1.337347627 -0.000271320 2.218046665 0.893441677 -0.065160006 -0.318170696 -0.310296059
1413393995705760512.000000 1.319924355 -0.009757757 2.201663971 0.889811397 -0.057518058 -0.308071852 -0.331691414
1413393995755760384.000000 1.303676724 -0.017873764 2.179230213 0.885236561 -0.050523233 -0.297584713 -0.353902489
1413393995805760512.000000 1.288114429 -0.029775143 2.162372112 0.879471302 -0.045457385 -0.287393034 -0.376655340
1413393995855760384.000000 1.273249388 -0.043078184 2.146326542 0.872585595 -0.043410737 -0.277724296 -0.399473637
1413393995905760512.000000 1.258861184 -0.056497812 2.127362490 0.864229620 -0.043352827 -0.269837111 -0.422392905
1413393995955760384.000000 1.244915724 -0.072614908 2.113074541 0.855904758 -0.043170743 -0.261478215 -0.444063723
1413393996005760512.000000 1.230984688 -0.090974808 2.100092411 0.847462714 -0.043877169 -0.254333168 -0.463892817
1413393996055760384.000000 1.218551874 -0.110751390 2.085980892 0.839289606 -0.044592571 -0.248970777 -0.481267184
1413393996105760512.000000 1.204990149 -0.133558750 2.075327635 0.832187414 -0.046321351 -0.244439155 -0.495548189
1413393996155760384.000000 1.191820860 -0.158460617 2.065658808 0.825181663 -0.050949972 -0.242777258 -0.507482588
1413393996205760512.000000 1.178287745 -0.185040474 2.056090355 0.817541897 -0.054975197 -0.245638907 -0.517942607
1413393996255760384.000000 1.164353848 -0.214887857 2.047086716 0.809584975 -0.054245815 -0.253689677 -0.526565492
1413393996305760512.000000 1.149670124 -0.246648073 2.039326429 0.803139567 -0.050563827 -0.260752201 -0.533308983
1413393996355760384.000000 1.133909464 -0.280163765 2.031891346 0.797581673 -0.044409167 -0.267956644 -0.538600624
1413393996405760512.000000 1.120023012 -0.315014839 2.024895906 0.793775976 -0.037374325 -0.272660553 -0.542382896
1413393996455760384.000000 1.100223541 -0.350368738 2.018484354 0.790435672 -0.030586546 -0.277511716 -0.545218468
1413393996505760512.000000 1.077758551 -0.385995626 2.012924433 0.787634194 -0.025005011 -0.282325208 -0.547082782
1413393996555760384.000000 1.054595947 -0.421360254 2.007499218 0.785390496 -0.019057889 -0.287664980 -0.547765970
1413393996605760512.000000 1.027531028 -0.455999374 2.002952337 0.783526957 -0.013730885 -0.292192906 -0.548197389
1413393996655760384.000000 1.000436425 -0.489500761 1.998344421 0.781250656 -0.009448567 -0.296026945 -0.549478173
1413393996705760512.000000 0.977708340 -0.522031784 1.993728399 0.779088855 -0.006198816 -0.298220843 -0.551404238
1413393996755760384.000000 0.953149736 -0.552578449 1.987783790 0.776885986 -0.004193480 -0.298833013 -0.554192543
1413393996805760512.000000 0.930193186 -0.581256866 1.980866075 0.775265038 -0.002173606 -0.295765907 -0.558105648
1413393996855760384.000000 0.909385920 -0.608165741 1.973532319 0.773050249 -0.000215114 -0.292310178 -0.562981367
1413393996905760512.000000 0.891329169 -0.633291483 1.967068315 0.770487487 0.001596616 -0.288575441 -0.568393111
1413393996955760384.000000 0.872497201 -0.656872034 1.959548950 0.767104149 0.004092767 -0.285290450 -0.574581504
1413393997005760512.000000 0.855054379 -0.678845167 1.951808572 0.763484180 0.006020186 -0.282433718 -0.580764055
1413393997055760384.000000 0.839236498 -0.699339628 1.944238663 0.759696364 0.007060970 -0.281242132 -0.586271703
1413393997105760512.000000 0.824146152 -0.717878103 1.936263680 0.756615281 0.009087211 -0.279221565 -0.591173530
1413393997155760384.000000 0.810299397 -0.734734535 1.928200841 0.754024208 0.008918957 -0.277419150 -0.595320523
1413393997205760512.000000 0.799404502 -0.749337196 1.920989633 0.752565265 0.006825341 -0.273916781 -0.598806024
1413393997255760384.000000 0.788201928 -0.762757063 1.912977338 0.751520514 0.004231208 -0.269794524 -0.602005005
1413393997305760512.000000 0.777368426 -0.774876595 1.905164957 0.750705242 0.002330653 -0.265562207 -0.604907453
1413393997355760384.000000 0.766371191 -0.786250114 1.898033381 0.750038207 0.000360826 -0.261856079 -0.607349932
1413393997405760512.000000 0.751740336 -0.796421289 1.892884970 0.749288023 -0.001613490 -0.259480625 -0.609290302
1413393997455760384.000000 0.733013391 -0.805913210 1.889806747 0.748650730 -0.002514477 -0.257661253 -0.610840857
1413393997505760512.000000 0.710952401 -0.814900637 1.888616681 0.747949302 -0.003423175 -0.256815881 -0.612050533
1413393997555760384.000000 0.687391698 -0.824106693 1.890959978 0.748150229 -0.004657749 -0.254523575 -0.612753987
1413393997605760512.000000 0.664778709 -0.832701683 1.892131686 0.747956574 -0.006346154 -0.252909273 -0.613642991
1413393997655760384.000000 0.644010782 -0.841126919 1.893535376 0.748559117 -0.007753783 -0.250527591 -0.613868952
1413393997705760512.000000 0.624683797 -0.849213600 1.895926595 0.748338223 -0.008345271 -0.250749260 -0.614040077
1413393997755760384.000000 0.607547164 -0.857240200 1.897947311 0.748063564 -0.007841756 -0.251293749 -0.614158750
1413393997805760512.000000 0.592406988 -0.865115643 1.900094271 0.748159111 -0.006223564 -0.252391636 -0.613610387
1413393997855760384.000000 0.579041600 -0.873504162 1.904243946 0.748092771 -0.004882033 -0.253541112 -0.613229513
1413393997905760512.000000 0.567200840 -0.880825758 1.907524228 0.748250306 -0.003507383 -0.254560858 -0.612623930
1413393997955760384.000000 0.556753695 -0.887595415 1.911360145 0.748639286 -0.002278052 -0.255541980 -0.611745417
1413393998005760512.000000 0.548210800 -0.893081427 1.915410399 0.749029279 -0.001215550 -0.255998164 -0.611079931
1413393998055760384.000000 0.540092885 -0.898416758 1.920394063 0.749323547 0.000344664 -0.257218391 -0.610207319
1413393998105760512.000000 0.532139182 -0.904638767 1.928033352 0.750127196 0.001283676 -0.257870495 -0.608941972
1413393998155760384.000000 0.525617719 -0.908709526 1.934566617 0.751263797 0.001739030 -0.258335084 -0.607340753
1413393998205760512.000000 0.520132661 -0.912236929 1.941582680 0.752898991 0.001519440 -0.257754564 -0.605560422
1413393998255760384.000000 0.516440749 -0.914545536 1.948767304 0.754240453 0.001435247 -0.258086056 -0.603747427
1413393998305760512.000000 0.513554037 -0.916836977 1.957013249 0.755645335 -0.000131514 -0.258061498 -0.602000296
1413393998355760384.000000 0.511991322 -0.918494463 1.965999007 0.756557226 -0.001019831 -0.258723646 -0.600568354
1413393998405760512.000000 0.511415720 -0.919663668 1.975808978 0.756382108 -0.000182191 -0.262510866 -0.599144578
1413393998455760384.000000 0.512486815 -0.919985771 1.986173511 0.755325437 -0.000641281 -0.268364221 -0.597882688
1413393998505760512.000000 0.515259027 -0.919316530 1.997775674 0.754489303 -0.004132109 -0.274276257 -0.596239388
1413393998555760384.000000 0.519363642 -0.917821169 2.008115768 0.753827929 -0.008164182 -0.278572053 -0.595041573
1413393998605760512.000000 0.523628116 -0.915336132 2.018070936 0.752997518 -0.016073536 -0.282688498 -0.593989551
1413393998655760384.000000 0.526908636 -0.912418365 2.028418541 0.752521992 -0.024163743 -0.285119385 -0.593155682
1413393998705760512.000000 0.528880298 -0.909333229 2.038708448 0.751539052 -0.032782514 -0.287920535 -0.592634857
1413393998755760384.000000 0.529623628 -0.906156778 2.048245430 0.750447154 -0.039897706 -0.290404946 -0.592369974
1413393998805760512.000000 0.529801786 -0.903165102 2.056383371 0.750047982 -0.045126263 -0.290693432 -0.592358828
1413393998855760384.000000 0.528690338 -0.900431395 2.063711643 0.750222564 -0.046684671 -0.289660364 -0.592523098
1413393998905760512.000000 0.526194692 -0.894596338 2.069127798 0.750824749 -0.044696618 -0.287831813 -0.592804551
1413393998955760384.000000 0.523568392 -0.892854452 2.073880911 0.752774596 -0.038930330 -0.282749951 -0.593184114
1413393999005760512.000000 0.520146966 -0.892331123 2.077004433 0.755508244 -0.032680243 -0.275451392 -0.593519926
1413393999055760384.000000 0.516449451 -0.891493559 2.080286026 0.758521795 -0.026027793 -0.267518312 -0.593634009
1413393999105760512.000000 0.511871755 -0.890937090 2.084118128 0.760757029 -0.017392125 -0.261425883 -0.593803763
1413393999155760384.000000 0.506436646 -0.889701843 2.089428186 0.761407018 -0.008924493 -0.259990960 -0.593788207
1413393999205760512.000000 0.499529392 -0.885956287 2.092339039 0.761271179 -0.002858053 -0.261099756 -0.593536019
1413393999255760384.000000 0.493417323 -0.884448051 2.098857403 0.760104775 0.000532074 -0.264710456 -0.593438268
1413393999305760512.000000 0.486296892 -0.882692814 2.106628180 0.757821143 -0.000640770 -0.271507829 -0.593287706
1413393999355760384.000000 0.481117904 -0.877842426 2.111758471 0.755350173 -0.006189483 -0.278656334 -0.593092382
1413393999405760512.000000 0.475222141 -0.873722553 2.119735479 0.753137767 -0.012263502 -0.284799904 -0.592893004
1413393999455760384.000000 0.469291300 -0.868449926 2.127225637 0.751277745 -0.016419403 -0.289929360 -0.592666090
1413393999505760512.000000 0.463987738 -0.862494469 2.131938457 0.750390351 -0.021379746 -0.292740941 -0.592250049
1413393999555760384.000000 0.458988279 -0.855908155 2.137252808 0.749764264 -0.026347015 -0.295037955 -0.591702759
1413393999605760512.000000 0.453914315 -0.847800970 2.140720367 0.749752700 -0.032390550 -0.295609385 -0.591131806
1413393999655760384.000000 0.447852880 -0.839642048 2.142548561 0.749695957 -0.036345530 -0.295735598 -0.590910733
1413393999705760512.000000 0.442045212 -0.831260204 2.143085957 0.749665678 -0.039761059 -0.295914263 -0.590639651
1413393999755760384.000000 0.434589863 -0.822424412 2.142749548 0.749355018 -0.042312797 -0.296273261 -0.590676725
1413393999805760512.000000 0.423198342 -0.816014528 2.144273281 0.749361694 -0.044610482 -0.295551687 -0.590860546
1413393999855760384.000000 0.410312891 -0.807463169 2.142684460 0.748645008 -0.045838710 -0.296758115 -0.591070354
1413393999905760512.000000 0.395507962 -0.799702644 2.140214682 0.748193562 -0.046891905 -0.296782643 -0.591546893
1413393999955760384.000000 0.378309399 -0.791907549 2.137807369 0.748986840 -0.044329744 -0.293805450 -0.592226386
1413394000005760512.000000 0.361913413 -0.784471750 2.132548094 0.753464937 -0.037293963 -0.282829672 -0.592374265
1413394000055760384.000000 0.355488718 -0.780941725 2.129467487 0.761774778 -0.023236269 -0.265075177 -0.590672910
1413394000105760512.000000 0.362841606 -0.780864477 2.129127026 0.759329915 -0.028979696 -0.270422161 -0.591143131
1413394000155760384.000000 0.373307765 -0.783084631 2.127436876 0.765138328 -0.024943382 -0.257885396 -0.589437366
1413394000205760512.000000 0.379098624 -0.784122229 2.126669407 0.769893467 -0.018025212 -0.248103753 -0.587693572
1413394000255760384.000000 0.376286268 -0.787003756 2.131566286 0.773179531 -0.008279284 -0.242700860 -0.585850835
1413394000305760512.000000 0.364356220 -0.788457870 2.137082815 0.775391459 -0.008854927 -0.246702492 -0.581229448
1413394000355760384.000000 0.355895758 -0.791414976 2.135686874 0.770346999 -0.038423598 -0.264522910 -0.578892648
1413394000405760512.000000 0.361383677 -0.792312622 2.129737377 0.772543609 -0.029972782 -0.256489038 -0.580078781
1413394000455760384.000000 0.361062646 -0.792070866 2.131355286 0.772177696 -0.026824558 -0.257803828 -0.580137372
1413394000505760512.000000 0.356047720 -0.790967941 2.133386135 0.771444499 -0.026210977 -0.260492921 -0.579939604
1413394000555760384.000000 0.357187092 -0.790433645 2.130816698 0.771969318 -0.028375182 -0.258609444 -0.579982221
1413394000605760512.000000 0.358002037 -0.790764332 2.131141186 0.771613538 -0.032831747 -0.259457439 -0.579841733
1413394000655760384.000000 0.356405079 -0.789686441 2.131629467 0.772394836 -0.027392786 -0.257345557 -0.580025196
1413394000705760512.000000 0.356828302 -0.788698435 2.131397009 0.771500230 -0.030230809 -0.259985983 -0.579897225
1413394000755760384.000000 0.356272757 -0.788283825 2.130856752 0.771874070 -0.028377334 -0.258803576 -0.580022335
1413394000805760512.000000 0.356604785 -0.787806511 2.131333828 0.771853387 -0.030962257 -0.258967817 -0.579844296
1413394000855760384.000000 0.357121736 -0.791006565 2.132217884 0.772119582 -0.029066427 -0.258139998 -0.579957187
1413394000905760512.000000 0.356828928 -0.790692806 2.132071257 0.771690071 -0.030423554 -0.259515971 -0.579845130
1413394000955760384.000000 0.357044816 -0.790489674 2.131914377 0.771936774 -0.029471619 -0.258744836 -0.579910457
1413394001005760512.000000 0.356963694 -0.790326118 2.131931067 0.771810353 -0.030574035 -0.259095103 -0.579865336
1413394001055760384.000000 0.356894851 -0.790190220 2.131637096 0.771929443 -0.029844474 -0.258821011 -0.579867244
1413394001105760512.000000 0.356838644 -0.790023804 2.131933689 0.771684945 -0.030321471 -0.259532928 -0.579849601
1413394001155760384.000000 0.356853753 -0.790318012 2.131866932 0.771915078 -0.030054636 -0.258773774 -0.579896629
1413394001205760512.000000 0.356815100 -0.790580273 2.132042885 0.771793604 -0.030496666 -0.259324670 -0.579789102
1413394001255760384.000000 0.356855899 -0.790708065 2.132140160 0.771782815 -0.030053543 -0.259117335 -0.579919279
1413394001305760512.000000 0.356890708 -0.791018724 2.132190943 0.771761477 -0.030452406 -0.259253621 -0.579865813
1413394001355760384.000000 0.356840551 -0.790405512 2.131844044 0.771905124 -0.030181408 -0.259026378 -0.579790533
1413394001405760512.000000 0.356884867 -0.790555000 2.131984472 0.771760762 -0.030450143 -0.259198278 -0.579891801
1413394001455760384.000000 0.356789559 -0.790518045 2.131814957 0.771839678 -0.030219126 -0.259134710 -0.579827130
1413394001505760512.000000 0.356815815 -0.790612459 2.131870031 0.771834791 -0.030487811 -0.259189695 -0.579795122
1413394001555760384.000000 0.356785148 -0.790723085 2.131887436 0.771811843 -0.030269571 -0.259272188 -0.579800248
1413394001605760512.000000 0.356845051 -0.790886641 2.131983042 0.771780014 -0.030469030 -0.259364665 -0.579790652
1413394001655760384.000000 0.356867850 -0.791067839 2.132106543 0.771798551 -0.030468345 -0.259274513 -0.579806387
1413394001705760512.000000 0.356900603 -0.791146994 2.132170200 0.771725416 -0.030518046 -0.259376526 -0.579855442
1413394001755760384.000000 0.356922001 -0.791229725 2.132238150 0.771725595 -0.030552285 -0.259341002 -0.579869390
1413394001805760512.000000 0.356883764 -0.791152477 2.132212400 0.771673143 -0.030605147 -0.259388298 -0.579915166
1413394001855760384.000000 0.356647283 -0.791353226 2.132323980 0.771687269 -0.030627085 -0.259369224 -0.579903841
1413394001905760512.000000 0.356731117 -0.791388512 2.132333994 0.771679580 -0.030701784 -0.259427398 -0.579883993
1413394001955760384.000000 0.356876433 -0.791270733 2.132226229 0.771659434 -0.030735986 -0.259491086 -0.579880595
1413394002005760512.000000 0.356914937 -0.791061401 2.132104874 0.771696389 -0.030741462 -0.259547055 -0.579805970
1413394002055760384.000000 0.356902599 -0.790867567 2.131990433 0.771743774 -0.030742118 -0.259513944 -0.579757690
1413394002105760512.000000 0.356900811 -0.790851355 2.131964922 0.771768987 -0.030789113 -0.259499758 -0.579728007
1413394002155760384.000000 0.356803566 -0.790841579 2.131991148 0.771727085 -0.030808343 -0.259569287 -0.579751611
1413394002205760512.000000 0.356746763 -0.790876150 2.131997824 0.771710157 -0.030831777 -0.259604096 -0.579757333
1413394002255760384.000000 0.356915385 -0.790510654 2.131747484 0.771712303 -0.030893585 -0.259612978 -0.579747200
1413394002305760512.000000 0.356646448 -0.790996790 2.132093668 0.771694601 -0.030875886 -0.259527445 -0.579809964
1413394002355760384.000000 0.356515020 -0.791189194 2.132267952 0.771730602 -0.030960489 -0.259586483 -0.579731226
1413394002405760512.000000 0.356449246 -0.791240215 2.132305622 0.771728516 -0.030932497 -0.259547710 -0.579752743
1413394002455760384.000000 0.356723905 -0.790955544 2.131943703 0.771694958 -0.030985149 -0.259630710 -0.579757452
1413394002505760512.000000 0.356804311 -0.790888786 2.131816149 0.771690130 -0.030981822 -0.259642959 -0.579758584
1413394002555760384.000000 0.356814027 -0.790862322 2.131784916 0.771697342 -0.030957889 -0.259649158 -0.579747498
1413394002605760512.000000 0.356767029 -0.790881395 2.131831408 0.771685481 -0.031027270 -0.259679466 -0.579746068
1413394002655760384.000000 0.356702775 -0.790945292 2.131934881 0.771693766 -0.030965924 -0.259672731 -0.579741359
1413394002705760512.000000 0.356630445 -0.791058779 2.132071733 0.771692038 -0.031055598 -0.259698123 -0.579727411
1413394002755760384.000000 0.356554240 -0.791182995 2.132188797 0.771682739 -0.030964164 -0.259711891 -0.579738498
1413394002805760512.000000 0.356513858 -0.791308641 2.132235527 0.771700561 -0.031110782 -0.259664357 -0.579728305
1413394002855760384.000000 0.356839329 -0.791085005 2.132107735 0.771639884 -0.030985348 -0.259912372 -0.579704523
1413394002905760512.000000 0.356836647 -0.791158199 2.132112026 0.771656752 -0.030973671 -0.259881824 -0.579696417
1413394002955760384.000000 0.356659591 -0.790725946 2.131899118 0.771656871 -0.031113470 -0.259944528 -0.579660773
1413394003005760512.000000 0.356576979 -0.790679455 2.131865978 0.771611214 -0.031057799 -0.260050803 -0.579676747
1413394003055760384.000000 0.356619805 -0.790990591 2.132026196 0.771639764 -0.031171579 -0.259997010 -0.579656899
1413394003105760512.000000 0.356429189 -0.790686846 2.131941557 0.771625638 -0.031095926 -0.260000020 -0.579678297
1413394003155760384.000000 0.356409311 -0.790738344 2.131998777 0.771594703 -0.031217705 -0.260081351 -0.579676449
1413394003205760512.000000 0.356445521 -0.790820837 2.132055759 0.771630228 -0.031159732 -0.259962618 -0.579685509
1413394003255760384.000000 0.356487364 -0.790905952 2.132060051 0.771571159 -0.031231554 -0.260081857 -0.579706788
1413394003305760512.000000 0.356499493 -0.791008472 2.132020473 0.771600604 -0.031209178 -0.259990185 -0.579709947
1413394003355760384.000000 0.356768787 -0.791114092 2.132218599 0.771583498 -0.031317972 -0.260199279 -0.579633117
