1403715893984058112.000000 -0.020182366 -0.040174518 -0.033953518 0.019075993 -0.008292667 0.013810007 0.999688268
1403715894034057984.000000 -0.017124247 -0.011021211 -0.018071288 0.022330819 -0.009241734 0.014641234 0.999600708
1403715894084058368.000000 -0.023273686 -0.041839737 -0.037627798 0.005153970 -0.008616698 0.012573219 0.999870539
1403715894134057984.000000 -0.028948817 -0.050324213 -0.047270041 0.000594296 -0.006015160 0.010026026 0.999931514
1403715894184058112.000000 -0.017165570 -0.009052095 -0.015692350 0.019564681 -0.008004505 0.002654772 0.999773026
1403715894234058240.000000 -0.015983183 -0.008394004 -0.015407277 0.027735082 -0.006761933 -0.001429003 0.999591410
1403715894284058112.000000 -0.038311895 -0.069901310 -0.059308287 0.014976258 0.001868444 -0.007565578 0.999857485
1403715894334057984.000000 -0.038925424 -0.070160605 -0.060831439 0.021424329 0.002978270 -0.011919478 0.999695003
1403715894384058112.000000 -0.029703727 -0.016694311 -0.023596104 0.044648118 0.003066329 -0.017684106 0.998841524
1403715894434058240.000000 -0.029224480 -0.014407841 -0.018101368 0.049314585 0.002250731 -0.019577669 0.998588920
1403715894484058112.000000 -0.033911742 -0.017370448 -0.021219291 0.048019499 0.001897775 -0.018280797 0.998677313
1403715894534057984.000000 -0.075318709 -0.115134530 -0.082565382 0.014534007 0.008385167 -0.015572539 0.999737918
1403715894584058368.000000 -0.055272337 -0.053801216 -0.045174919 0.032368969 0.002397434 -0.014217652 0.999372005
1403715894634057984.000000 -0.097162321 -0.129127339 -0.088419653 0.007174659 0.007765676 -0.011530326 0.999877632
1403715894684058112.000000 -0.110420577 -0.134390950 -0.090225153 0.004384301 0.006605308 -0.007664278 0.999939203
1403715894734058240.000000 -0.075848654 -0.058566883 -0.045012768 0.030190825 -0.005017571 -0.004119921 0.999523103
1403715894784058112.000000 -0.137727767 -0.148925334 -0.096165225 0.005951754 0.003940343 0.000431833 0.999974489
1403715894834057984.000000 -0.096809335 -0.061989568 -0.044665311 0.039011180 -0.009610176 0.003440150 0.999186695
1403715894884058112.000000 -0.168868572 -0.162380382 -0.100265585 0.013997297 0.002206160 0.006092450 0.999881029
1403715894934058240.000000 -0.109333083 -0.063566513 -0.041604608 0.050839975 -0.015167607 0.007295239 0.998565018
1403715894984058112.000000 -0.196149409 -0.178336889 -0.102347501 0.020321118 0.000656805 0.008499096 0.999757171
1403715895034057984.000000 -0.124796949 -0.068955824 -0.041147046 0.058514316 -0.019582076 0.009477204 0.998049498
1403715895084058368.000000 -0.132649779 -0.069452576 -0.041108131 0.061752461 -0.020987615 0.009454641 0.997826040
1403715895134057984.000000 -0.139860973 -0.072862118 -0.041531328 0.063211560 -0.023555126 0.010830289 0.997663379
1403715895184058112.000000 -0.158356309 -0.081653886 -0.045731835 0.063083611 -0.023457928 0.011160230 0.997670174
1403715895234058240.000000 -0.165311843 -0.082061619 -0.046630792 0.065234274 -0.026090495 0.013394724 0.997438967
1403715895284058112.000000 -0.301246822 -0.223937154 -0.104975112 0.024622826 0.002837776 0.011433146 0.999627411
1403715895334057984.000000 -0.308406830 -0.225062311 -0.104725242 0.026470790 0.000791518 0.012390921 0.999572456
1403715895384058112.000000 -0.315028667 -0.227314487 -0.105233543 0.028474025 -0.001381866 0.012117774 0.999520123
1403715895434058240.000000 -0.340965748 -0.255419105 -0.122844607 0.023065167 0.000857223 0.013672467 0.999640107
1403715895484058112.000000 -0.247310787 -0.118347779 -0.065083526 0.065068573 -0.025113357 0.012535240 0.997486055
1403715895534057984.000000 -0.254301906 -0.119297519 -0.065491349 0.066655293 -0.026930258 0.012777786 0.997330725
1403715895584058368.000000 -0.390688032 -0.278111279 -0.128410652 0.021140682 0.001762444 0.014868186 0.999664426
1403715895634057984.000000 -0.396956325 -0.278610826 -0.129136652 0.024277192 0.000065927 0.014975728 0.999593139
1403715895684058112.000000 -0.421609730 -0.291951895 -0.131459564 0.021719677 0.002268736 0.014259044 0.999659896
1403715895734058240.000000 -0.427896172 -0.296298236 -0.135074496 0.022187136 -0.000385737 0.014894145 0.999642849
1403715895784058112.000000 -0.450255185 -0.309956849 -0.138227880 0.020202614 0.001723891 0.015683867 0.999671400
1403715895834057984.000000 -0.464888871 -0.317983478 -0.140344128 0.020099286 0.001637189 0.015657123 0.999674082
1403715895884058112.000000 -0.482783973 -0.323919088 -0.145599037 0.020994380 0.000853279 0.015462054 0.999659657
1403715895934058240.000000 -0.501891792 -0.326876938 -0.146401033 0.022748841 0.001612065 0.015969869 0.999612331
1403715895984058112.000000 -0.515574038 -0.333036929 -0.144534796 0.021883640 0.001991597 0.017538846 0.999604702
1403715896034057984.000000 -0.529152274 -0.336862832 -0.148675010 0.022567680 0.000754774 0.019035714 0.999563813
1403715896084058368.000000 -0.546312451 -0.351042390 -0.154691488 0.020483818 -0.001665650 0.022362940 0.999538720
1403715896134057984.000000 -0.559782922 -0.357983857 -0.156757280 0.019561326 -0.003813884 0.026780847 0.999442697
1403715896184058112.000000 -0.576558828 -0.364244133 -0.157977730 0.020144038 -0.005167412 0.031422388 0.999289870
1403715896234058240.000000 -0.590152502 -0.378201962 -0.157769814 0.018398784 -0.007905453 0.039534297 0.999017537
1403715896284058112.000000 -0.604681134 -0.383099645 -0.160728499 0.021309890 -0.011046778 0.047877923 0.998564780
1403715896334057984.000000 -0.614014149 -0.385264814 -0.164321631 0.025190147 -0.015470255 0.057596616 0.997902215
1403715896384058112.000000 -0.627244234 -0.391062498 -0.165558517 0.026448151 -0.018399278 0.066400595 0.997272789
1403715896434058240.000000 -0.643108249 -0.414123565 -0.166253075 0.024574671 -0.019062197 0.073941275 0.996777534
1403715896484058112.000000 -0.641857028 -0.410406947 -0.170098618 0.027300172 -0.023518199 0.079115368 0.996214032
1403715896534057984.000000 -0.647232354 -0.411933124 -0.172892660 0.031108871 -0.025445623 0.083137453 0.995727420
1403715896584058368.000000 -0.652288735 -0.415791839 -0.175987750 0.034867853 -0.026570406 0.087811403 0.995172143
1403715896634057984.000000 -0.648720920 -0.428070694 -0.181132600 0.035893794 -0.028627925 0.090478882 0.994839489
1403715896684058112.000000 -0.657907188 -0.448631376 -0.183379665 0.035568614 -0.026556695 0.093979366 0.994584084
1403715896734058240.000000 -0.651182532 -0.453304738 -0.189135954 0.036672220 -0.028586343 0.096416466 0.994254470
1403715896784058112.000000 -0.640490234 -0.443811059 -0.193477824 0.036672931 -0.030858465 0.096189864 0.994208455
1403715896834057984.000000 -0.635055482 -0.459396124 -0.197635442 0.030934826 -0.032097925 0.099964753 0.993991852
1403715896884058112.000000 -0.626052678 -0.466053069 -0.203862041 0.027186198 -0.033230845 0.103995033 0.993650675
1403715896934058240.000000 -0.613506496 -0.449367434 -0.208084196 0.028441988 -0.035367064 0.107435450 0.993175685
1403715896984058112.000000 -0.596701682 -0.452932656 -0.214108124 0.025452461 -0.038639795 0.114520773 0.992342770
1403715897034057984.000000 -0.577520847 -0.468040198 -0.220264718 0.019213285 -0.041473065 0.121516243 0.991536558
1403715897084058368.000000 -0.546632409 -0.467076242 -0.229099691 0.019249834 -0.045849741 0.127571687 0.990582049
1403715897134057984.000000 -0.525409102 -0.485171407 -0.232260868 0.015278202 -0.044194739 0.130731076 0.990314484
1403715897184058112.000000 -0.495779693 -0.487439573 -0.238619372 0.015811274 -0.043316763 0.130470082 0.990379393
1403715897234058240.000000 -0.458440185 -0.494872928 -0.243356049 0.012527333 -0.041552182 0.123121388 0.991442204
1403715897284058112.000000 -0.424501866 -0.490843803 -0.248346969 0.013923045 -0.035874579 0.111561097 0.993012309
1403715897334057984.000000 -0.384928793 -0.481067866 -0.251702279 0.015843965 -0.029262105 0.095601007 0.994863391
1403715897384058112.000000 -0.342188239 -0.483139843 -0.256703407 0.014308623 -0.022252323 0.076589912 0.996711671
1403715897434058240.000000 -0.292708427 -0.484417111 -0.261277288 0.012648629 -0.017452724 0.063024387 0.997779250
1403715897484058112.000000 -0.250643343 -0.487042457 -0.267918915 0.012674144 -0.012575033 0.052745294 0.998448431
1403715897534057984.000000 -0.207909718 -0.485890776 -0.269356519 0.012683242 -0.010278614 0.044969067 0.998854995
1403715897584058368.000000 -0.163905635 -0.486507773 -0.277010947 0.013037379 -0.009114822 0.044259988 0.998893440
1403715897634057984.000000 -0.108115502 -0.498032093 -0.279434115 0.010750251 -0.011257387 0.046897478 0.998778462
1403715897684058112.000000 -0.065050922 -0.501651764 -0.280243635 0.010683906 -0.011565315 0.050588459 0.998595476
1403715897734058240.000000 -0.015329029 -0.501819491 -0.282457948 0.012017016 -0.014501478 0.058069911 0.998134911
1403715897784058112.000000 0.032166760 -0.490139723 -0.284374356 0.017130200 -0.016422547 0.063485317 0.997700632
1403715897834057984.000000 0.087589964 -0.499716014 -0.288053781 0.016905824 -0.019406481 0.066962712 0.997423530
1403715897884058112.000000 0.130402908 -0.500383914 -0.288797855 0.021097513 -0.018009150 0.068696879 0.997251928
1403715897934058240.000000 0.187035218 -0.510973334 -0.290076762 0.021818615 -0.018055700 0.064708807 0.997502267
1403715897984058112.000000 0.229831502 -0.515720367 -0.291350096 0.024090545 -0.014517585 0.062055446 0.997676373
1403715898034057984.000000 0.295189083 -0.503567934 -0.289550006 0.032564167 -0.015220512 0.057162222 0.997717619
1403715898084058368.000000 0.338419616 -0.511182666 -0.292406261 0.038581293 -0.009491029 0.053294584 0.997788131
1403715898134057984.000000 0.400147766 -0.514224529 -0.289733618 0.045206156 -0.007158261 0.047260512 0.997833431
1403715898184058112.000000 0.447543055 -0.512889862 -0.295726866 0.051899794 -0.000201023 0.045865893 0.997598469
1403715898234058240.000000 0.501515210 -0.521092892 -0.298764557 0.053740341 0.006584470 0.042280868 0.997637689
1403715898284058112.000000 0.546260357 -0.525139809 -0.303655297 0.052766453 0.016564574 0.040993195 0.997627676
1403715898334057984.000000 0.606036544 -0.527773201 -0.307685077 0.050629582 0.024034029 0.039709348 0.997638285
1403715898384058112.000000 0.654055417 -0.515082836 -0.312526196 0.049444091 0.034099605 0.041369431 0.997336984
1403715898434058240.000000 0.715313077 -0.524892271 -0.316920161 0.039206758 0.042914890 0.041967448 0.997426629
1403715898484058112.000000 0.757108331 -0.525965989 -0.322754830 0.031921949 0.054375146 0.044853225 0.997001767
1403715898534057984.000000 0.830470204 -0.511413813 -0.326080292 0.026754795 0.059181482 0.047470082 0.996758938
1403715898584058368.000000 0.875221014 -0.507610202 -0.330187768 0.021054517 0.071499370 0.049734637 0.995977461
1403715898634057984.000000 0.935443163 -0.500563860 -0.334368706 0.016120575 0.080504738 0.053535987 0.995184958
1403715898684058112.000000 0.993243814 -0.499421179 -0.342367947 0.015263883 0.090677954 0.056963310 0.994132698
1403715898734058240.000000 1.042371392 -0.484929323 -0.346514165 0.017788742 0.102074459 0.060677122 0.992765188
1403715898784058112.000000 1.084427357 -0.485604823 -0.346475273 0.013217207 0.114352703 0.063027404 0.991350830
1403715898834057984.000000 1.134931564 -0.469051212 -0.347771347 0.012571936 0.123033620 0.065993570 0.990126014
1403715898884058112.000000 1.179065943 -0.462548047 -0.348452449 0.009198496 0.132177129 0.067710496 0.988868058
1403715898934058240.000000 1.242684841 -0.430647373 -0.352823943 0.011212250 0.134618253 0.071403369 0.988258004
1403715898984058112.000000 1.284626484 -0.415915579 -0.349949360 0.008629457 0.141715318 0.071962625 0.987250566
1403715899034057984.000000 1.332085967 -0.405232728 -0.348622829 0.007007999 0.145631164 0.074333757 0.986517608
1403715899084058368.000000 1.378536344 -0.384214789 -0.348614901 0.004295170 0.148949280 0.075421318 0.985955060
1403715899134057984.000000 1.429346323 -0.365595967 -0.344951391 -0.001796471 0.149669349 0.076983869 0.985732913
1403715899184058112.000000 1.472254753 -0.347305119 -0.344140083 -0.008396143 0.152165040 0.077079825 0.985309124
1403715899234058240.000000 1.516285658 -0.326920360 -0.340020835 -0.015741982 0.154971167 0.073766649 0.985035360
1403715899284058112.000000 1.557690024 -0.316363096 -0.337546945 -0.024047077 0.157339647 0.070763893 0.984712362
1403715899334057984.000000 1.604931951 -0.294139981 -0.333581448 -0.031500641 0.157086238 0.068328261 0.984714627
1403715899384058112.000000 1.645436645 -0.283018023 -0.326737523 -0.039053686 0.159080029 0.064849593 0.984359205
1403715899434058240.000000 1.686393619 -0.275330573 -0.322279334 -0.044125043 0.160217047 0.060199767 0.984255850
1403715899484058112.000000 1.728292942 -0.270383209 -0.319000810 -0.045205805 0.159529313 0.058838118 0.984400868
1403715899534057984.000000 1.765271306 -0.263438046 -0.309084147 -0.044486899 0.159606740 0.058271915 0.984454751
1403715899584058368.000000 1.813228965 -0.261978716 -0.303848654 -0.043836065 0.156165645 0.059204206 0.984979987
1403715899634057984.000000 1.850697517 -0.262925118 -0.292974651 -0.045057505 0.154525176 0.060655672 0.985095263
1403715899684058112.000000 1.887574077 -0.261387110 -0.281077027 -0.043939356 0.153840035 0.060106087 0.985286713
1403715899734058240.000000 1.926909208 -0.262890518 -0.268804729 -0.043657362 0.152722180 0.057259765 0.985642612
1403715899784058112.000000 1.963816643 -0.260232985 -0.252100945 -0.039980024 0.153317317 0.053015709 0.985943615
1403715899834057984.000000 1.997101068 -0.259001464 -0.234262392 -0.034643535 0.155253574 0.046726249 0.986160696
1403715899884058112.000000 2.030177116 -0.261301368 -0.215259582 -0.029438626 0.157398373 0.038874850 0.986330569
1403715899934058240.000000 2.063013792 -0.262910455 -0.197006389 -0.025546782 0.159087196 0.030897420 0.986450255
1403715899984058112.000000 2.100713253 -0.271068841 -0.177844465 -0.024982387 0.159604415 0.023284262 0.986590207
1403715900034057984.000000 2.125225544 -0.272540331 -0.155021742 -0.021802299 0.162734255 0.016825883 0.986285508
1403715900084058368.000000 2.156902552 -0.276411355 -0.136305586 -0.020518875 0.161776438 0.012691298 0.986532450
1403715900134057984.000000 2.182712078 -0.280547023 -0.112232327 -0.019461824 0.163309067 0.009633831 0.986335993
1403715900184058112.000000 2.206799746 -0.285495371 -0.090429962 -0.018997580 0.163784757 0.005194776 0.986299515
1403715900234058240.000000 2.227169514 -0.290411353 -0.066097885 -0.017763136 0.164195359 0.002700803 0.986264229
1403715900284058112.000000 2.246413231 -0.298313677 -0.040665530 -0.018168956 0.164842591 0.000465160 0.986152411
1403715900334057984.000000 2.262784004 -0.305044889 -0.014394898 -0.018613653 0.164819703 -0.000084991 0.986148119
1403715900384058112.000000 2.275939226 -0.312685490 0.012324635 -0.018834628 0.165540084 -0.001749962 0.986021638
1403715900434058240.000000 2.289583445 -0.322828025 0.039545629 -0.019897647 0.163889423 0.000901778 0.986277640
1403715900484058112.000000 2.298442841 -0.329280168 0.068101078 -0.017058397 0.160160765 0.011722336 0.986873925
1403715900534057984.000000 2.303401470 -0.343627483 0.098037422 -0.011890437 0.157165021 0.023149682 0.987229407
1403715900584058368.000000 2.309166908 -0.354442567 0.127300531 -0.004119568 0.154303640 0.031641059 0.987508178
1403715900634057984.000000 2.317396402 -0.364612639 0.155917868 0.006360284 0.149700537 0.041263439 0.987849474
1403715900684058112.000000 2.322996378 -0.374258876 0.185496315 0.018242646 0.145233437 0.051709745 0.987876773
1403715900734058240.000000 2.319490194 -0.388616502 0.215187952 0.030324938 0.144672096 0.059890404 0.987199843
1403715900784058112.000000 2.319659948 -0.400225759 0.244825348 0.043106910 0.144942343 0.062479593 0.986524105
1403715900834057984.000000 2.324349880 -0.416794181 0.272130251 0.053665545 0.145721540 0.061003342 0.985983729
1403715900884058112.000000 2.327077627 -0.426848650 0.298123598 0.063437417 0.146720797 0.058350693 0.985415637
1403715900934058240.000000 2.326523304 -0.440527201 0.322805166 0.068877332 0.149409428 0.055439565 0.984814286
1403715900984058112.000000 2.324479580 -0.444332600 0.346039355 0.078215770 0.150970370 0.051818136 0.984075785
1403715901034057984.000000 2.326690197 -0.458534658 0.364777267 0.084853463 0.150886744 0.050861284 0.983588457
1403715901084058368.000000 2.327174902 -0.464653194 0.381373823 0.093241476 0.151183948 0.048024625 0.982925773
1403715901134057984.000000 2.320097685 -0.484455198 0.398407906 0.096688710 0.152670890 0.049443148 0.982292354
1403715901184058112.000000 2.316407681 -0.490406781 0.410016567 0.104561247 0.153427839 0.048799440 0.981399775
1403715901234058240.000000 2.308141232 -0.501137733 0.419886351 0.108511403 0.154009312 0.049829397 0.980827987
1403715901284058112.000000 2.305342197 -0.506950617 0.424635828 0.111583501 0.152816370 0.050463416 0.980637431
1403715901334057984.000000 2.299975872 -0.513273180 0.426544905 0.110978946 0.151339963 0.053756271 0.980760038
1403715901384058112.000000 2.296851158 -0.517295957 0.426264167 0.106634922 0.148494259 0.057207067 0.981481493
1403715901434058240.000000 2.274445534 -0.525581300 0.426844805 0.096007876 0.151453376 0.062119503 0.981827676
1403715901484058112.000000 2.271678448 -0.523572266 0.422004461 0.086551651 0.147876248 0.064172395 0.983119190
1403715901534057984.000000 2.239735842 -0.529582381 0.416519105 0.075667895 0.154421628 0.066741765 0.982839704
1403715901584058368.000000 2.231133938 -0.528336287 0.409161836 0.071258865 0.154192626 0.066111013 0.983247817
1403715901634057984.000000 2.206053495 -0.536582828 0.397431761 0.065865807 0.159650564 0.065067053 0.982822359
1403715901684058112.000000 2.208193064 -0.537778974 0.383993834 0.063861363 0.153905526 0.064627819 0.983899474
1403715901734058240.000000 2.182716131 -0.535088718 0.371130377 0.060227688 0.158309236 0.064963989 0.983407617
1403715901784058112.000000 2.182435989 -0.534822702 0.356228203 0.054273926 0.153322086 0.066069193 0.984470248
1403715901834057984.000000 2.167731285 -0.531434298 0.340039164 0.048644304 0.152691096 0.064786009 0.984947741
1403715901884058112.000000 2.173468590 -0.532201827 0.322793454 0.042539403 0.145454362 0.061960071 0.986506224
1403715901934058240.000000 2.134871006 -0.525724769 0.308548182 0.040983506 0.152420476 0.064535365 0.985354543
1403715901984058112.000000 2.134941101 -0.521918476 0.293678731 0.038867552 0.146428138 0.063315175 0.986427546
1403715902034057984.000000 2.100683689 -0.521932185 0.275278926 0.039171550 0.151785672 0.065306887 0.985475421
1403715902084058368.000000 2.100975037 -0.522578120 0.259780616 0.040140606 0.146594062 0.063739657 0.986324608
1403715902134057984.000000 2.061341047 -0.514915466 0.240282297 0.041374169 0.154880986 0.062085301 0.985111892
1403715902184058112.000000 2.044281960 -0.506097436 0.222220153 0.042870149 0.155352980 0.058603823 0.985186934
1403715902234058240.000000 2.028823137 -0.514832079 0.200427979 0.035952300 0.156274572 0.053824376 0.985590518
1403715902284058112.000000 2.011695862 -0.513148606 0.181258515 0.030704493 0.156428650 0.051755942 0.985854268
1403715902334057984.000000 1.993950486 -0.502954125 0.161144629 0.027138030 0.156241640 0.048360799 0.986160934
1403715902384058112.000000 1.964885473 -0.493469179 0.145022556 0.024075452 0.158879220 0.046604648 0.985903502
1403715902434058240.000000 1.947388887 -0.489053369 0.120343044 0.020226136 0.157582879 0.045222830 0.986262381
1403715902484058112.000000 1.924987555 -0.482817620 0.097697616 0.017244238 0.154553607 0.049952574 0.986570120
1403715902534057984.000000 1.896518230 -0.491052061 0.084793478 0.010504217 0.154789761 0.057430103 0.986220896
1403715902584058368.000000 1.882651210 -0.478360295 0.056860451 0.008581866 0.147978604 0.062357750 0.986985445
1403715902634057984.000000 1.855909109 -0.478971064 0.039004769 0.004206361 0.144300655 0.066341452 0.987298548
1403715902684058112.000000 1.833645701 -0.475634307 0.019417685 0.000686593 0.138453647 0.070057839 0.987887681
1403715902734058240.000000 1.804441452 -0.477373183 0.004554674 -0.006327991 0.133255377 0.071574174 0.988473654
1403715902784058112.000000 1.778728485 -0.472656041 -0.009786613 -0.011448773 0.126353487 0.070714489 0.989395380
1403715902834057984.000000 1.764355540 -0.464327216 -0.031884380 -0.015981009 0.114359833 0.070038654 0.990838587
1403715902884058112.000000 1.734888077 -0.455442190 -0.041371673 -0.021164408 0.107354790 0.066583365 0.991762936
1403715902934058240.000000 1.713397980 -0.444646448 -0.054298677 -0.023801507 0.097832724 0.062162682 0.992974401
1403715902984058112.000000 1.693025470 -0.436008006 -0.068485782 -0.025734747 0.088408247 0.054427326 0.994263232
1403715903034057984.000000 1.668949723 -0.424198002 -0.077299759 -0.023829153 0.078773163 0.048307650 0.995436311
1403715903084058368.000000 1.645489931 -0.423831850 -0.085064225 -0.026027532 0.069426388 0.039517093 0.996464252
1403715903134057984.000000 1.625834584 -0.412288874 -0.095728718 -0.023314856 0.058925088 0.030888533 0.997512043
1403715903184058112.000000 1.599431634 -0.405719280 -0.100496687 -0.022413937 0.051793266 0.021738298 0.998169661
1403715903234058240.000000 1.579251528 -0.397686303 -0.108550929 -0.021829614 0.042872317 0.017490726 0.998688936
1403715903284058112.000000 1.556233168 -0.390900135 -0.114735827 -0.024538845 0.034760866 0.015747275 0.998970330
1403715903334057984.000000 1.533608794 -0.387444466 -0.120633580 -0.028537529 0.027381307 0.015163763 0.999102592
1403715903384058112.000000 1.511767864 -0.382084846 -0.122699164 -0.033670746 0.019551827 0.015138281 0.999127090
1403715903434058240.000000 1.492977500 -0.369227260 -0.135636777 -0.033698361 0.009777579 0.015293675 0.999267280
1403715903484058112.000000 1.470266700 -0.368915737 -0.137526184 -0.035534855 0.001165884 0.013703953 0.999273777
1403715903534057984.000000 1.446036339 -0.374962360 -0.137230307 -0.037669096 -0.008581110 0.011774801 0.999184072
1403715903584058368.000000 1.427087903 -0.379343033 -0.138360873 -0.036203455 -0.020211799 0.008414036 0.999104619
1403715903634057984.000000 1.403882623 -0.393335015 -0.135386199 -0.037917968 -0.031997856 0.004221578 0.998759568
1403715903684058112.000000 1.380356312 -0.407373637 -0.133682251 -0.035893839 -0.044013351 -0.000425441 0.998385847
1403715903734058240.000000 1.359713912 -0.424550444 -0.128585622 -0.031667862 -0.057381675 -0.006065119 0.997831523
1403715903784058112.000000 1.341381550 -0.433631182 -0.126759604 -0.022359017 -0.073745847 -0.006111023 0.997007668
1403715903834057984.000000 1.317742586 -0.455142885 -0.122315675 -0.016202107 -0.089559674 -0.008182175 0.995816112
1403715903884058112.000000 1.295962691 -0.476752371 -0.119199537 -0.008058184 -0.106746137 -0.010496107 0.994198263
1403715903934058240.000000 1.263922334 -0.489235669 -0.119567499 0.002334540 -0.121706732 -0.015623317 0.992440403
1403715903984058112.000000 1.244406343 -0.510563612 -0.113625854 0.010215162 -0.140335172 -0.022142282 0.989803731
1403715904034057984.000000 1.224795103 -0.535625339 -0.108774416 0.015306124 -0.159949675 -0.026396818 0.986653447
1403715904084058368.000000 1.198092937 -0.564093173 -0.100865774 0.017650196 -0.178814158 -0.032239694 0.983196199
1403715904134057984.000000 1.178631902 -0.596060157 -0.093207397 0.017939629 -0.198869213 -0.036818657 0.979169905
1403715904184058112.000000 1.160786748 -0.615641534 -0.084952593 0.020641314 -0.218106344 -0.046186931 0.974612892
1403715904234058240.000000 1.141497493 -0.633919656 -0.084526420 0.023734922 -0.235754758 -0.056024332 0.969906032
1403715904284058112.000000 1.122634649 -0.649239063 -0.080380440 0.028251603 -0.251978785 -0.068901755 0.964863241
1403715904334057984.000000 1.104005337 -0.673906147 -0.072794482 0.032600489 -0.268687040 -0.082245924 0.959155977
1403715904384058112.000000 1.085856199 -0.690950274 -0.063045472 0.038297180 -0.284726262 -0.093457066 0.953273356
1403715904434058240.000000 1.072631836 -0.696076989 -0.055256620 0.045749120 -0.301370054 -0.101489976 0.946986258
1403715904484058112.000000 1.055936217 -0.727662623 -0.043170005 0.045337692 -0.316865355 -0.110118814 0.940964818
1403715904534057984.000000 1.037572026 -0.735844135 -0.037399903 0.051818177 -0.328671783 -0.121432923 0.935170531
1403715904584058368.000000 1.023157001 -0.747431338 -0.030995697 0.058086708 -0.341748476 -0.131766915 0.928693414
1403715904634057984.000000 1.005599976 -0.749517322 -0.023817688 0.065568656 -0.354105473 -0.140649348 0.922240734
1403715904684058112.000000 0.985768199 -0.762513041 -0.017472014 0.068555638 -0.367990971 -0.147843167 0.915437222
1403715904734058240.000000 0.972504020 -0.765990973 -0.010100171 0.070599400 -0.385730743 -0.149839506 0.907620907
1403715904784058112.000000 0.952226758 -0.774015546 0.001588941 0.067056827 -0.405177653 -0.150441989 0.899278402
1403715904834057984.000000 0.930004716 -0.777448177 0.003469914 0.063195311 -0.423422933 -0.152587369 0.890750527
1403715904884058112.000000 0.918202400 -0.772954345 0.011090696 0.062736437 -0.444700450 -0.152988508 0.880284131
1403715904934058240.000000 0.905769289 -0.769663930 0.012389660 0.063386545 -0.464350432 -0.154988006 0.869677842
1403715904984058112.000000 0.887176037 -0.770210743 0.021849334 0.063672021 -0.485631049 -0.159035042 0.857214272
1403715905034057984.000000 0.870909572 -0.769083142 0.026735187 0.066435568 -0.504920542 -0.163297936 0.844970644
1403715905084058368.000000 0.854148865 -0.765720546 0.026769727 0.069352187 -0.522330523 -0.167270154 0.833295822
1403715905134057984.000000 0.846218944 -0.743216157 0.038761973 0.078362174 -0.541859210 -0.168994009 0.819566369
1403715905184058112.000000 0.836788416 -0.742767155 0.040950596 0.082270406 -0.556946933 -0.174059689 0.807926357
1403715905234058240.000000 0.829476357 -0.740475893 0.043511182 0.084732838 -0.572023451 -0.180339634 0.795667827
1403715905284058112.000000 0.831873119 -0.739647508 0.045191288 0.080840848 -0.585936129 -0.188150212 0.784055591
1403715905334057984.000000 0.814504564 -0.691701472 0.049493849 0.086160764 -0.592455745 -0.200762600 0.775414109
1403715905384058112.000000 0.811066091 -0.693622291 0.049046636 0.078376755 -0.602362514 -0.213011697 0.765272915
1403715905434058240.000000 0.807727814 -0.656635344 0.044841468 0.080180794 -0.610825062 -0.221029401 0.756048799
1403715905484058112.000000 0.810253382 -0.656184435 0.044440150 0.071603045 -0.622001350 -0.229838982 0.745091617
1403715905534057984.000000 0.803990364 -0.629162729 0.048882246 0.070708446 -0.631600201 -0.238676131 0.734244645
1403715905584058368.000000 0.804194212 -0.628553391 0.048683286 0.061906889 -0.643606126 -0.244884357 0.722475171
1403715905634057984.000000 0.803346753 -0.628840387 0.048825324 0.050444264 -0.657532632 -0.249223351 0.709220707
1403715905684058112.000000 0.802478671 -0.627647758 0.048899710 0.038042493 -0.672089994 -0.249733180 0.696046889
1403715905734058240.000000 0.813448191 -0.572709441 0.045151293 0.036101475 -0.685327947 -0.247204214 0.684041262
1403715905784058112.000000 0.814525366 -0.574807823 0.042105794 0.031009875 -0.698225856 -0.256454796 0.667645097
1403715905834057984.000000 0.812968135 -0.532532275 0.024814904 0.024836829 -0.711932242 -0.253676713 0.654357493
1403715905884058112.000000 0.815372527 -0.537336528 0.023816884 0.014465626 -0.725275874 -0.265214086 0.635159194
1403715905934058240.000000 0.816765010 -0.535105467 0.026733220 0.007541371 -0.738575161 -0.277275175 0.614465952
1403715905984058112.000000 0.818251908 -0.535000980 0.026156783 0.001916881 -0.749597728 -0.292168260 0.593917012
1403715906034057984.000000 0.823243976 -0.486703485 0.002000928 0.003963036 -0.758001924 -0.300365537 0.578962803
1403715906084058368.000000 0.793887794 -0.477799505 0.019102573 0.006066526 -0.772016406 -0.311346859 0.554091156
1403715906134057984.000000 0.787872791 -0.479802161 0.014186263 0.011321553 -0.783495188 -0.321028769 0.531928241
1403715906184058112.000000 0.792022228 -0.477456272 0.017715335 0.023845306 -0.794792831 -0.330768555 0.508259833
1403715906234058240.000000 0.802599311 -0.478306055 0.023145318 0.032949753 -0.809112191 -0.332929373 0.483125031
1403715906284058112.000000 0.773158669 -0.454911083 -0.003198743 0.038246695 -0.819211543 -0.336477280 0.462831259
1403715906334057984.000000 0.765859723 -0.454385579 -0.006418467 0.042068064 -0.830664515 -0.342698365 0.436788917
1403715906384058112.000000 0.745705962 -0.448126256 -0.011430264 0.046806842 -0.840083003 -0.348159313 0.413345814
1403715906434058240.000000 0.747497797 -0.447648823 -0.011012554 0.049226314 -0.849785268 -0.351070702 0.390116960
1403715906484058112.000000 0.741006076 -0.447772443 -0.012577593 0.047893193 -0.861184001 -0.352477133 0.363081634
1403715906484058112.000000 0.741006076 -0.447772443 -0.012577593 0.047893193 -0.861184001 -0.352477133 0.363081634
1403715906484058112.000000 0.741006076 -0.447772443 -0.012577593 0.047893193 -0.861184001 -0.352477133 0.363081634
1403715906484058112.000000 0.741006076 -0.447772443 -0.012577593 0.047893193 -0.861184001 -0.352477133 0.363081634
1403715906484058112.000000 0.741006076 -0.447772443 -0.012577593 0.047893193 -0.861184001 -0.352477133 0.363081634
1403715906484058112.000000 0.741006076 -0.447772443 -0.012577593 0.047893193 -0.861184001 -0.352477133 0.363081634
1403715906484058112.000000 0.741006076 -0.447772443 -0.012577593 0.047893193 -0.861184001 -0.352477133 0.363081634
1403715906484058112.000000 0.741006076 -0.447772443 -0.012577593 0.047893193 -0.861184001 -0.352477133 0.363081634
1403715906484058112.000000 0.741006076 -0.447772443 -0.012577593 0.047893193 -0.861184001 -0.352477133 0.363081634
1403715906484058112.000000 0.741006076 -0.447772443 -0.012577593 0.047893193 -0.861184001 -0.352477133 0.363081634
1403715906484058112.000000 0.741006076 -0.447772443 -0.012577593 0.047893193 -0.861184001 -0.352477133 0.363081634
1403715906484058112.000000 0.741006076 -0.447772443 -0.012577593 0.047893193 -0.861184001 -0.352477133 0.363081634
1403715906484058112.000000 0.741006076 -0.447772443 -0.012577593 0.047893193 -0.861184001 -0.352477133 0.363081634
1403715906484058112.000000 0.741006076 -0.447772443 -0.012577593 0.047893193 -0.861184001 -0.352477133 0.363081634
1403715906484058112.000000 0.741006076 -0.447772443 -0.012577593 0.047893193 -0.861184001 -0.352477133 0.363081634
1403715906484058112.000000 0.741006076 -0.447772443 -0.012577593 0.047893193 -0.861184001 -0.352477133 0.363081634
1403715906484058112.000000 0.741006076 -0.447772443 -0.012577593 0.047893193 -0.861184001 -0.352477133 0.363081634
1403715906484058112.000000 0.741006076 -0.447772443 -0.012577593 0.047893193 -0.861184001 -0.352477133 0.363081634
1403715906484058112.000000 0.741006076 -0.447772443 -0.012577593 0.047893193 -0.861184001 -0.352477133 0.363081634
1403715906484058112.000000 0.741006076 -0.447772443 -0.012577593 0.047893193 -0.861184001 -0.352477133 0.363081634
1403715906484058112.000000 0.741006076 -0.447772443 -0.012577593 0.047893193 -0.861184001 -0.352477133 0.363081634
1403715906484058112.000000 0.741006076 -0.447772443 -0.012577593 0.047893193 -0.861184001 -0.352477133 0.363081634
1403715906484058112.000000 0.741006076 -0.447772443 -0.012577593 0.047893193 -0.861184001 -0.352477133 0.363081634
1403715906484058112.000000 0.741006076 -0.447772443 -0.012577593 0.047893193 -0.861184001 -0.352477133 0.363081634
1403715906484058112.000000 0.741006076 -0.447772443 -0.012577593 0.047893193 -0.861184001 -0.352477133 0.363081634
1403715906484058112.000000 0.741006076 -0.447772443 -0.012577593 0.047893193 -0.861184001 -0.352477133 0.363081634
1403715906484058112.000000 0.741006076 -0.447772443 -0.012577593 0.047893193 -0.861184001 -0.352477133 0.363081634
1403715906484058112.000000 0.741006076 -0.447772443 -0.012577593 0.047893193 -0.861184001 -0.352477133 0.363081634
1403715906484058112.000000 0.741006076 -0.447772443 -0.012577593 0.047893193 -0.861184001 -0.352477133 0.363081634
1403715906484058112.000000 0.741006076 -0.447772443 -0.012577593 0.047893193 -0.861184001 -0.352477133 0.363081634
1403715906484058112.000000 0.741006076 -0.447772443 -0.012577593 0.047893193 -0.861184001 -0.352477133 0.363081634
1403715906484058112.000000 0.741006076 -0.447772443 -0.012577593 0.047893193 -0.861184001 -0.352477133 0.363081634
1403715906484058112.000000 0.741006076 -0.447772443 -0.012577593 0.047893193 -0.861184001 -0.352477133 0.363081634
1403715906484058112.000000 0.741006076 -0.447772443 -0.012577593 0.047893193 -0.861184001 -0.352477133 0.363081634
1403715906484058112.000000 0.741006076 -0.447772443 -0.012577593 0.047893193 -0.861184001 -0.352477133 0.363081634
1403715906484058112.000000 0.741006076 -0.447772443 -0.012577593 0.047893193 -0.861184001 -0.352477133 0.363081634
1403715906484058112.000000 0.741006076 -0.447772443 -0.012577593 0.047893193 -0.861184001 -0.352477133 0.363081634
1403715906484058112.000000 0.741006076 -0.447772443 -0.012577593 0.047893193 -0.861184001 -0.352477133 0.363081634
1403715906484058112.000000 0.741006076 -0.447772443 -0.012577593 0.047893193 -0.861184001 -0.352477133 0.363081634
1403715906484058112.000000 0.741006076 -0.447772443 -0.012577593 0.047893193 -0.861184001 -0.352477133 0.363081634
1403715906484058112.000000 0.741006076 -0.447772443 -0.012577593 0.047893193 -0.861184001 -0.352477133 0.363081634
1403715906484058112.000000 0.741006076 -0.447772443 -0.012577593 0.047893193 -0.861184001 -0.352477133 0.363081634
1403715906484058112.000000 0.741006076 -0.447772443 -0.012577593 0.047893193 -0.861184001 -0.352477133 0.363081634
1403715906484058112.000000 0.741006076 -0.447772443 -0.012577593 0.047893193 -0.861184001 -0.352477133 0.363081634
1403715906484058112.000000 0.741006076 -0.447772443 -0.012577593 0.047893193 -0.861184001 -0.352477133 0.363081634
1403715906484058112.000000 0.741006076 -0.447772443 -0.012577593 0.047893193 -0.861184001 -0.352477133 0.363081634
1403715906484058112.000000 0.741006076 -0.447772443 -0.012577593 0.047893193 -0.861184001 -0.352477133 0.363081634
1403715908834057984.000000 1.051100254 -0.053870142 -0.309794784 -0.016476847 0.693412006 0.275350869 0.665650249
1403715908834057984.000000 1.051100254 -0.053870142 -0.309794784 -0.016476847 0.693412006 0.275350869 0.665650249
1403715908934058240.000000 1.145845294 -0.372013003 -0.299501240 0.010000149 0.646242023 0.228373826 0.728091180
1403715908984058112.000000 1.131855249 -0.377578616 -0.284766912 0.006362282 0.631370962 0.224423662 0.742269635
1403715909034057984.000000 1.123145103 -0.388891309 -0.277623117 0.000601520 0.614865422 0.219611302 0.757437229
1403715909084058368.000000 1.115471840 -0.389028251 -0.259676039 -0.002680146 0.599021971 0.215154871 0.771280706
1403715909134057984.000000 1.112120390 -0.395585686 -0.255473256 -0.007365963 0.581878304 0.207700312 0.786272228
1403715909184058112.000000 1.103702784 -0.402164251 -0.242702931 -0.009878680 0.565928817 0.204397410 0.798654377
1403715909234058240.000000 1.090698004 -0.405021191 -0.227819413 -0.011213989 0.551366985 0.197987109 0.810351670
1403715909284058112.000000 1.083258390 -0.406512141 -0.211611986 -0.010684895 0.535672247 0.193879679 0.821797907
1403715909334057984.000000 1.073557734 -0.412133873 -0.204412371 -0.010702588 0.520466983 0.188553393 0.832734823
1403715909384058112.000000 1.063273311 -0.416781604 -0.185975581 -0.011710146 0.506801426 0.182265267 0.842493117
1403715909434058240.000000 1.051827192 -0.418270171 -0.168165594 -0.011909388 0.493291408 0.174297497 0.852139831
1403715909484058112.000000 1.045639157 -0.423938453 -0.161746234 -0.012541411 0.478489876 0.165735602 0.862219214
1403715909534057984.000000 1.032936573 -0.421175659 -0.140453547 -0.012736768 0.465834260 0.154902354 0.871115148
1403715909584058368.000000 1.028985620 -0.430650979 -0.132616088 -0.015976708 0.448615551 0.147057042 0.881398380
1403715909634057984.000000 1.017134190 -0.428398490 -0.113765866 -0.014676156 0.431959927 0.136873022 0.891325414
1403715909684058112.000000 1.001333237 -0.440554380 -0.091297433 -0.013821730 0.414437771 0.129734755 0.900677085
1403715909734058240.000000 0.993427515 -0.433356225 -0.081891596 -0.010030164 0.391894698 0.123777397 0.911590457
1403715909784058112.000000 0.975293994 -0.437739313 -0.059474468 -0.006957454 0.370473504 0.117808007 0.921315551
1403715909834057984.000000 0.955954432 -0.437428266 -0.039577991 -0.002043687 0.347465038 0.111400113 0.931049883
1403715909884058112.000000 0.933854520 -0.446472585 -0.013518453 0.003215349 0.322621942 0.104473658 0.940739095
1403715909934058240.000000 0.916951895 -0.440543652 0.001638599 0.015927969 0.295088619 0.100564659 0.950029373
1403715909984058112.000000 0.898447335 -0.439283043 0.021578349 0.026652757 0.266952008 0.094440773 0.958700836
1403715910034057984.000000 0.881159663 -0.440811872 0.042796604 0.034460682 0.237091437 0.084854290 0.967160702
1403715910084058368.000000 0.857158422 -0.445988297 0.060724616 0.039346416 0.207905412 0.076695241 0.974343419
1403715910134057984.000000 0.838847637 -0.448978215 0.078515440 0.040020987 0.177534834 0.066557571 0.981045246
1403715910184058112.000000 0.815978646 -0.451155871 0.094582096 0.039274573 0.148120344 0.057582330 0.986510098
1403715910234058240.000000 0.792257190 -0.443149239 0.112612799 0.040555939 0.120643549 0.046137117 0.990793526
1403715910284058112.000000 0.766945779 -0.438273489 0.124867395 0.042305935 0.094550997 0.037343226 0.993919432
1403715910334057984.000000 0.740478456 -0.443781614 0.140106797 0.041195024 0.070912011 0.028729696 0.996217430
1403715910384058112.000000 0.735814691 -0.443620920 0.154839814 0.044444848 0.041397050 0.018646564 0.997979641
1403715910434058240.000000 0.709881306 -0.441040128 0.168250650 0.050076596 0.020308070 0.010910812 0.998479366
1403715910484058112.000000 0.692503512 -0.438527882 0.177158400 0.057072971 -0.002217654 0.002098151 0.998365343
1403715910534057984.000000 0.671091676 -0.435571104 0.186075062 0.063153110 -0.023158347 -0.006356547 0.997714877
1403715910584058368.000000 0.648149610 -0.434829563 0.193632022 0.066878825 -0.042880297 -0.012810720 0.996756971
1403715910634057984.000000 0.609195292 -0.426720262 0.195132703 0.070237845 -0.056401134 -0.018726969 0.995758414
1403715910684058112.000000 0.585144281 -0.410287410 0.202841341 0.075141169 -0.074912898 -0.024044191 0.994064271
1403715910734058240.000000 0.551772177 -0.412714154 0.205284625 0.072244227 -0.090318248 -0.028436679 0.992882073
1403715910784058112.000000 0.539030254 -0.427079141 0.202105522 0.066922724 -0.112678103 -0.035431560 0.990741968
1403715910834057984.000000 0.515751183 -0.405431658 0.202813178 0.073971808 -0.130165160 -0.039878722 0.987924576
1403715910884058112.000000 0.481332183 -0.411369205 0.202034444 0.070586525 -0.144508824 -0.044224791 0.985991359
1403715910934058240.000000 0.455258816 -0.407488644 0.198240086 0.069798924 -0.161831602 -0.049946096 0.983078897
1403715910984058112.000000 0.444701433 -0.408524930 0.196969569 0.066269062 -0.184089601 -0.052892663 0.979245543
1403715911034057984.000000 0.413129240 -0.390000999 0.184502408 0.071345553 -0.199055493 -0.058662061 0.975625753
1403715911084058368.000000 0.398243248 -0.384654641 0.177620187 0.074592195 -0.219508052 -0.062349338 0.970754802
1403715911134057984.000000 0.375248343 -0.363688856 0.166499734 0.083623014 -0.236489892 -0.065701276 0.965796649
1403715911184058112.000000 0.354791403 -0.381507367 0.158090532 0.078760639 -0.255558044 -0.069495492 0.961070895
1403715911234058240.000000 0.350324005 -0.377648294 0.152769551 0.080246128 -0.278886825 -0.073732495 0.954120696
1403715911284058112.000000 0.332950830 -0.363285512 0.139702365 0.082317203 -0.297349632 -0.080552310 0.947796643
1403715911334057984.000000 0.296833366 -0.362876713 0.115906626 0.077866688 -0.309477836 -0.085437708 0.943854153
1403715911384058112.000000 0.280173451 -0.362919539 0.098775059 0.072079226 -0.327199578 -0.090426542 0.937852919
1403715911434058240.000000 0.272081763 -0.345880330 0.085820273 0.071805663 -0.346950769 -0.097122669 0.930073321
1403715911484058112.000000 0.261891663 -0.346849710 0.070826344 0.062743947 -0.364218831 -0.101501927 0.923637033
1403715911534057984.000000 0.248599723 -0.324992329 0.050594993 0.059696186 -0.379438549 -0.106466979 0.917130113
1403715911584058368.000000 0.238552183 -0.316288203 0.028426932 0.051145855 -0.393720567 -0.114625439 0.910620272
1403715911634057984.000000 0.237968579 -0.312613547 0.024143578 0.044485435 -0.412488014 -0.123755880 0.901420653
1403715911684058112.000000 0.225129709 -0.291838050 0.001250107 0.042506713 -0.423319370 -0.133058429 0.895147741
1403715911734058240.000000 0.207797065 -0.279829741 -0.026464887 0.041703209 -0.432467222 -0.145387650 0.888873100
1403715911784058112.000000 0.211097270 -0.281649262 -0.029414870 0.039520290 -0.449612081 -0.156057596 0.878597319
1403715911834057984.000000 0.207788229 -0.294483095 -0.052690353 0.034137379 -0.463502795 -0.164143249 0.870090127
1403715911884058112.000000 0.185854390 -0.261879742 -0.087602153 0.042663395 -0.469692826 -0.170343414 0.865188777
1403715911934058240.000000 0.179532260 -0.251603782 -0.109054223 0.045438804 -0.481339663 -0.174833521 0.857718349
1403715911984058112.000000 0.174117625 -0.249905989 -0.131838605 0.045779485 -0.493031293 -0.178111166 0.850353360
1403715912034057984.000000 0.165538087 -0.253960907 -0.164124548 0.044457108 -0.502386272 -0.182120949 0.844075561
1403715912084058368.000000 0.159172311 -0.247271895 -0.189909399 0.046006814 -0.512752950 -0.182721630 0.837604105
1403715912134057984.000000 0.151752204 -0.249634951 -0.216183484 0.044404116 -0.522184134 -0.183116049 0.831757545
1403715912184058112.000000 0.146098822 -0.262164235 -0.243173361 0.039757304 -0.532025576 -0.185476214 0.825207114
1403715912234058240.000000 0.146709949 -0.262927979 -0.264397860 0.039126247 -0.543044269 -0.185611278 0.817997932
1403715912284058112.000000 0.138801038 -0.252077490 -0.288443089 0.041955251 -0.551600754 -0.185006410 0.812249422
1403715912334057984.000000 0.127326012 -0.265264004 -0.324943125 0.038357999 -0.558443069 -0.189545020 0.806686282
1403715912384058112.000000 0.121121168 -0.266950160 -0.349782139 0.037450764 -0.567098618 -0.192455187 0.799973547
1403715912434058240.000000 0.121017985 -0.272675842 -0.372242600 0.035391401 -0.576243281 -0.196493015 0.792515993
1403715912484058112.000000 0.114077225 -0.264308572 -0.407307029 0.036707122 -0.582696080 -0.198871046 0.787126482
1403715912534057984.000000 0.103974849 -0.268152714 -0.443037033 0.035088614 -0.589758039 -0.203334585 0.780774891
1403715912584058368.000000 0.108064592 -0.266549021 -0.453406930 0.034102350 -0.603655279 -0.205406547 0.769574881
1403715912634057984.000000 0.096126735 -0.261110991 -0.493319333 0.034951821 -0.610459924 -0.210290313 0.762820423
1403715912684058112.000000 0.093885422 -0.261742800 -0.513088465 0.034816835 -0.622857451 -0.215117440 0.751372695
1403715912734058240.000000 0.092972338 -0.253638208 -0.539450645 0.036056310 -0.634996593 -0.217572287 0.740365803
1403715912784058112.000000 0.092553824 -0.249181420 -0.560425997 0.037314411 -0.649400294 -0.220834777 0.726717889
1403715912834057984.000000 0.095466435 -0.242986515 -0.583779871 0.039036177 -0.662934959 -0.226288795 0.712591648
1403715912884058112.000000 0.100475222 -0.238982648 -0.600195467 0.039599158 -0.679384232 -0.230501771 0.695512712
1403715912934058240.000000 0.097301662 -0.228083402 -0.626316130 0.040376782 -0.692923546 -0.236061156 0.680074871
1403715912984058112.000000 0.099341989 -0.221129149 -0.648276210 0.041153163 -0.707234442 -0.241820216 0.663060308
1403715913034057984.000000 0.099206388 -0.210512504 -0.668829918 0.041478571 -0.721372306 -0.245945230 0.646074653
1403715913084058368.000000 0.099919438 -0.202078223 -0.688488960 0.041908268 -0.734724224 -0.251841158 0.628490269
1403715913134057984.000000 0.096797884 -0.192417666 -0.711839795 0.042063043 -0.746291518 -0.257848859 0.612203896
1403715913184058112.000000 0.094078481 -0.181944326 -0.729635179 0.042835318 -0.759192705 -0.262161940 0.594190717
1403715913234058240.000000 0.095527112 -0.170901597 -0.749661922 0.046182066 -0.771264136 -0.263986379 0.577347457
1403715913284058112.000000 0.094863176 -0.162603855 -0.766266346 0.050901361 -0.782605469 -0.267288208 0.559906006
1403715913334057984.000000 0.093438745 -0.150307253 -0.784213662 0.059510101 -0.791876554 -0.270508945 0.544256449
1403715913384058112.000000 0.092044771 -0.140517578 -0.798882127 0.067911200 -0.799327731 -0.274983555 0.529950440
1403715913434058240.000000 0.092689812 -0.132939622 -0.817308247 0.075273037 -0.805142462 -0.278600514 0.518132687
1403715913484058112.000000 0.093624234 -0.123787060 -0.832431674 0.083257288 -0.810368121 -0.279590547 0.508134842
1403715913534057984.000000 0.096727550 -0.114526451 -0.844899893 0.092736490 -0.814448416 -0.280614734 0.499328762
1403715913584058368.000000 0.100588679 -0.103667378 -0.863568544 0.105849601 -0.814837396 -0.284245580 0.494004488
1403715913634057984.000000 0.098816633 -0.099079669 -0.873943686 0.115322351 -0.816871762 -0.286974341 0.486895382
1403715913684058112.000000 0.112024248 -0.085520893 -0.893927634 0.125697181 -0.815910995 -0.288526028 0.485017747
1403715913734058240.000000 0.122258842 -0.076675147 -0.908974111 0.128397539 -0.816390097 -0.290669173 0.482216507
1403715913784058112.000000 0.142043233 -0.062098503 -0.931955099 0.126534164 -0.815757573 -0.292375356 0.482747734
1403715913834057984.000000 0.162452936 -0.050760537 -0.950942755 0.120186806 -0.815041184 -0.296536863 0.483041346
1403715913884058112.000000 0.184561849 -0.037403852 -0.976019323 0.112830848 -0.813341737 -0.300565183 0.485185623
1403715913934058240.000000 0.198991418 -0.031514227 -0.992814302 0.103748664 -0.813575804 -0.304042578 0.484653354
1403715913984058112.000000 0.227113605 -0.017554253 -1.020483851 0.098765664 -0.811978281 -0.305452108 0.487478822
1403715914034057984.000000 0.246250868 -0.008430451 -1.036315560 0.094724610 -0.812042236 -0.306922823 0.487250566
1403715914084058368.000000 0.281792283 0.007063538 -1.070965767 0.095283404 -0.808803678 -0.308179885 0.491714180
1403715914134057984.000000 0.307356954 0.015790254 -1.095419168 0.094132781 -0.807395637 -0.309427321 0.493463337
1403715914184058112.000000 0.340774417 0.030811280 -1.127597094 0.091271468 -0.805733144 -0.307338148 0.498002917
1403715914234058240.000000 0.365286350 0.039089575 -1.151388526 0.079115637 -0.804837704 -0.307205319 0.501599371
1403715914284058112.000000 0.400345564 0.050358012 -1.185046911 0.066718630 -0.801289141 -0.307955235 0.508574486
1403715914334057984.000000 0.431796908 0.063285530 -1.212173700 0.053835388 -0.796996653 -0.310061276 0.515519381
1403715914384058112.000000 0.466388822 0.073365033 -1.250697374 0.042450964 -0.789884269 -0.314631134 0.524679005
1403715914434058240.000000 0.490640283 0.083236121 -1.271678329 0.031574164 -0.784638107 -0.318447828 0.530977607
1403715914484058112.000000 0.526114106 0.099738277 -1.311575413 0.026812274 -0.776149631 -0.321216702 0.541934311
1403715914534057984.000000 0.548544765 0.104980662 -1.335714340 0.019176532 -0.770363390 -0.324612439 0.548451781
1403715914584058368.000000 0.580704689 0.121746078 -1.374334812 0.014823053 -0.763129532 -0.323969543 0.558978796
1403715914634057984.000000 0.606801987 0.130844131 -1.407205105 0.005929183 -0.756614745 -0.323200941 0.568366170
1403715914684058112.000000 0.628884673 0.142890126 -1.440067291 -0.005779527 -0.750044227 -0.319787234 0.578909636
1403715914734058240.000000 0.649665594 0.151560381 -1.470533490 -0.018977769 -0.744061649 -0.315439969 0.588650823
1403715914784058112.000000 0.668210864 0.162245348 -1.505291224 -0.037465192 -0.738322496 -0.308106840 0.598787487
1403715914834057984.000000 0.681800365 0.166524321 -1.534738064 -0.055614170 -0.733463526 -0.302418530 0.606202483
1403715914884058112.000000 0.700752139 0.185551196 -1.569171667 -0.068784177 -0.728451371 -0.294197828 0.614878118
1403715914934058240.000000 0.713099599 0.198082209 -1.600190163 -0.078733511 -0.724277377 -0.288601726 0.621234655
1403715914984058112.000000 0.718818426 0.205448806 -1.627238393 -0.085680641 -0.721187472 -0.284105003 0.625964701
1403715915034057984.000000 0.722427249 0.210944444 -1.649485111 -0.091399714 -0.719318509 -0.279644966 0.629305661
1403715915084058368.000000 0.722979546 0.221150368 -1.678210139 -0.095540561 -0.717211306 -0.275259644 0.633018196
1403715915134057984.000000 0.720451951 0.229165107 -1.698232889 -0.096265770 -0.716280699 -0.272444874 0.635176122
1403715915184058112.000000 0.712420583 0.231974691 -1.717803836 -0.095248692 -0.716268182 -0.269289136 0.636687517
1403715915234058240.000000 0.703601003 0.237346292 -1.736924529 -0.083640397 -0.717093647 -0.266116023 0.638720036
1403715915284058112.000000 0.689156771 0.236432105 -1.752352118 -0.067672908 -0.718284249 -0.265286416 0.639618039
1403715915334057984.000000 0.673856258 0.240299255 -1.765156627 -0.047642026 -0.719269753 -0.266517311 0.639804602
1403715915384058112.000000 0.655420065 0.242179245 -1.775635004 -0.028582228 -0.720268369 -0.268321872 0.639061749
1403715915434058240.000000 0.635691881 0.246198952 -1.781267643 -0.012922336 -0.720964313 -0.271503210 0.637439787
1403715915484058112.000000 0.617000937 0.252061248 -1.791944265 -0.000601421 -0.721266508 -0.272880465 0.636640131
1403715915534057984.000000 0.594516277 0.258387953 -1.799429417 0.007976915 -0.722093523 -0.273762196 0.635272920
1403715915584058368.000000 0.572904110 0.268720150 -1.808353662 0.015821354 -0.722478867 -0.274637908 0.634309173
1403715915634057984.000000 0.553037524 0.283023000 -1.814133525 0.024960028 -0.722278833 -0.276557654 0.633408427
1403715915684058112.000000 0.528866291 0.291917861 -1.818403244 0.031268142 -0.722461164 -0.279470265 0.631639659
1403715915734058240.000000 0.507947206 0.305133730 -1.825616121 0.032108888 -0.722164750 -0.282222778 0.630711854
1403715915784058112.000000 0.482471466 0.314324707 -1.832795143 0.028005034 -0.722367048 -0.285485238 0.629205644
1403715915834057984.000000 0.457978010 0.324537694 -1.836671352 0.022204004 -0.722832561 -0.288668275 0.627447844
1403715915884058112.000000 0.435524821 0.341543049 -1.848723054 0.017989125 -0.721936345 -0.291499019 0.627305865
1403715915934058240.000000 0.412902474 0.353989184 -1.852020502 0.013356888 -0.722586870 -0.293135405 0.625908494
1403715915984058112.000000 0.387795806 0.365984023 -1.862275004 0.012515899 -0.723408997 -0.292620957 0.625216603
1403715916034057984.000000 0.363027930 0.382390529 -1.870614529 0.014176658 -0.725269258 -0.288600445 0.624894738
1403715916084058368.000000 0.334034562 0.388546199 -1.875197887 0.016053734 -0.726829708 -0.285617888 0.624406338
1403715916134057984.000000 0.305938005 0.398990273 -1.883623362 0.018034946 -0.725628734 -0.283706695 0.626616538
1403715916184058112.000000 0.277000666 0.414709866 -1.891839027 0.022303920 -0.723716080 -0.277880162 0.631284535
1403715916234058240.000000 0.246998072 0.424134195 -1.896202803 0.023926141 -0.720500290 -0.273091674 0.636967659
1403715916284058112.000000 0.214852810 0.431251317 -1.902760386 0.024746535 -0.715172350 -0.269288749 0.644515038
1403715916334057984.000000 0.188844681 0.450536668 -1.912769318 0.028647419 -0.707638383 -0.262383223 0.655425370
1403715916384058112.000000 0.155303001 0.454727232 -1.917595267 0.027951906 -0.700651884 -0.258136779 0.664583385
1403715916434058240.000000 0.125846863 0.466877520 -1.921889424 0.027916124 -0.693484008 -0.250732183 0.674858630
1403715916484058112.000000 0.093946695 0.469251275 -1.927288055 0.024151348 -0.684369504 -0.246455207 0.685795128
1403715916534057984.000000 0.064720869 0.479188740 -1.932043910 0.020875499 -0.674380600 -0.241038099 0.697621465
1403715916584058368.000000 0.032960296 0.492562264 -1.940101743 0.019579010 -0.662805319 -0.235040799 0.710676908
1403715916634057984.000000 0.003346443 0.496808469 -1.945957899 0.015159842 -0.651758254 -0.229214415 0.722801566
1403715916684058112.000000 -0.023964286 0.506235659 -1.949320793 0.010484468 -0.641858339 -0.221027941 0.734203398
1403715916734058240.000000 -0.059485912 0.509318054 -1.958371878 0.004952572 -0.631728947 -0.215467840 0.744625866
1403715916784058112.000000 -0.085738897 0.519517004 -1.957405686 0.000471077 -0.625096262 -0.204743907 0.753216028
1403715916834057984.000000 -0.118767023 0.515774131 -1.959815383 -0.005964515 -0.617911398 -0.200008988 0.760359406
1403715916884058112.000000 -0.146268249 0.537084341 -1.962498188 -0.008496160 -0.612723708 -0.185153276 0.768255055
1403715916934058240.000000 -0.179819822 0.530335903 -1.966557622 -0.013916597 -0.607175648 -0.179132059 0.773986936
1403715916984058112.000000 -0.210446358 0.530181527 -1.965171933 -0.016521662 -0.603213072 -0.171867564 0.778667271
1403715917034057984.000000 -0.237196445 0.534613490 -1.962175846 -0.016412990 -0.600224793 -0.163088217 0.782855749
1403715917084058368.000000 -0.262899280 0.543522358 -1.957013011 -0.008119283 -0.597128928 -0.155303761 0.786925614
1403715917134057984.000000 -0.295183778 0.537207007 -1.952843308 0.006014414 -0.591855645 -0.151205748 0.791711807
1403715917184058112.000000 -0.316508055 0.535689175 -1.943835258 0.027287353 -0.585028529 -0.151848495 0.796202898
1403715917234058240.000000 -0.341583371 0.537197232 -1.936872959 0.049258459 -0.575412929 -0.152830184 0.801945508
1403715917284058112.000000 -0.360377669 0.535703421 -1.925300717 0.064638361 -0.566529334 -0.155138403 0.806720912
1403715917334057984.000000 -0.391537189 0.524742544 -1.915899634 0.074114211 -0.556687057 -0.158272043 0.812130928
1403715917384058112.000000 -0.410349011 0.521582127 -1.906741142 0.079926871 -0.549757957 -0.157768384 0.816386640
1403715917434058240.000000 -0.427755117 0.522724152 -1.898970127 0.083284535 -0.543817461 -0.156771004 0.820212960
1403715917484058112.000000 -0.442169785 0.520454228 -1.890101075 0.076641329 -0.541525185 -0.154836819 0.822740734
1403715917534057984.000000 -0.459152460 0.518230557 -1.886541843 0.065893337 -0.537252545 -0.156784773 0.826097071
1403715917584058368.000000 -0.473733902 0.521089673 -1.882234812 0.054448061 -0.535756946 -0.153381258 0.828537405
1403715917634057984.000000 -0.486743927 0.519799054 -1.875571012 0.045208775 -0.535566151 -0.151788563 0.829509139
1403715917684058112.000000 -0.493179083 0.523430824 -1.865458965 0.042199370 -0.538043797 -0.144841567 0.829306364
1403715917734058240.000000 -0.500861168 0.523726165 -1.857360721 0.042549100 -0.540604293 -0.138359740 0.828729868
1403715917784058112.000000 -0.514149189 0.524316609 -1.853721261 0.046105873 -0.540774882 -0.134150550 0.829120338
1403715917834057984.000000 -0.517149091 0.530390203 -1.840375900 0.053130820 -0.544288039 -0.127952784 0.827378869
1403715917884058112.000000 -0.520525455 0.531907678 -1.831306338 0.059286945 -0.546192527 -0.125568300 0.826069891
1403715917934058240.000000 -0.526188135 0.533250868 -1.825414896 0.065365128 -0.545806944 -0.125486523 0.825878501
1403715917984058112.000000 -0.524728417 0.532937467 -1.814660907 0.070596628 -0.546921849 -0.128086433 0.824309707
1403715918034057984.000000 -0.524451375 0.532108784 -1.808226466 0.075889766 -0.544785202 -0.133270919 0.824432373
1403715918084058368.000000 -0.520929813 0.531832099 -1.799892664 0.079998642 -0.540591180 -0.140326977 0.825632989
1403715918134057984.000000 -0.514313579 0.532160461 -1.792487621 0.081865758 -0.534520090 -0.147600755 0.828130662
1403715918184058112.000000 -0.509826541 0.533338070 -1.785279751 0.084903821 -0.526778102 -0.151745349 0.832027376
1403715918234058240.000000 -0.502650499 0.530724108 -1.778978109 0.084854767 -0.521101892 -0.150611669 0.835804224
1403715918284058112.000000 -0.493067980 0.528429329 -1.775601864 0.081559204 -0.515496671 -0.146880075 0.840260386
1403715918334057984.000000 -0.482185841 0.533090234 -1.771703720 0.073821068 -0.510245383 -0.139411494 0.845437527
1403715918384058112.000000 -0.462246180 0.544685245 -1.757628560 0.063166276 -0.507807374 -0.130099848 0.849244297
1403715918434058240.000000 -0.451103032 0.549034834 -1.755984545 0.048447400 -0.500489414 -0.125127301 0.855281472
1403715918484058112.000000 -0.432499528 0.558474183 -1.744503498 0.035234962 -0.495295703 -0.120358758 0.859624624
1403715918534057984.000000 -0.418913066 0.568936467 -1.734739900 0.025322339 -0.488190919 -0.116516046 0.864553332
1403715918584058368.000000 -0.398396075 0.573658228 -1.726838350 0.016396271 -0.481036067 -0.115098275 0.868957937
1403715918634057984.000000 -0.384956360 0.588727951 -1.719785929 0.013120105 -0.472909033 -0.113186777 0.873712599
1403715918684058112.000000 -0.367188931 0.598029673 -1.706945777 0.011471735 -0.465830654 -0.116351463 0.877116084
1403715918734058240.000000 -0.350072801 0.608707905 -1.700413704 0.012034233 -0.457197070 -0.122550882 0.880799294
1403715918784058112.000000 -0.329847038 0.614536524 -1.683685303 0.014611411 -0.450711071 -0.131283283 0.882842481
1403715918834057984.000000 -0.305740237 0.622316420 -1.674833536 0.014160655 -0.443485171 -0.141140655 0.884985685
1403715918884058112.000000 -0.288797379 0.623993933 -1.667148113 0.011060381 -0.435837388 -0.153926075 0.886696279
1403715918934058240.000000 -0.269144058 0.623301268 -1.658214331 0.004924458 -0.430591673 -0.163583741 0.887584925
1403715918984058112.000000 -0.251805484 0.621975720 -1.656824827 -0.002620381 -0.424599618 -0.171743125 0.888939083
1403715919034057984.000000 -0.230521977 0.617598772 -1.643251896 -0.009358462 -0.423267871 -0.178662494 0.888164639
1403715919084058368.000000 -0.212711215 0.612801552 -1.633820057 -0.013048894 -0.420890868 -0.186441585 0.887648702
1403715919134057984.000000 -0.208495319 0.602722526 -1.630903840 -0.012715735 -0.415557444 -0.194987968 0.888329923
1403715919184058112.000000 -0.184848070 0.597401619 -1.615534306 -0.005282987 -0.416088551 -0.202490523 0.886476159
1403715919234058240.000000 -0.176661253 0.587604761 -1.608639479 0.003178758 -0.413071901 -0.211435616 0.885808408
1403715919284058112.000000 -0.172024369 0.581116021 -1.602903366 0.015646318 -0.411397308 -0.217334911 0.885027170
1403715919334057984.000000 -0.167239010 0.572615385 -1.596292496 0.027725473 -0.410587192 -0.222878695 0.883727670
1403715919384058112.000000 -0.158087969 0.565632343 -1.583041787 0.035084944 -0.414044976 -0.220529780 0.882441223
1403715919434058240.000000 -0.155936122 0.560962677 -1.577805877 0.035685569 -0.417663038 -0.212859437 0.882595658
1403715919484058112.000000 -0.156010389 0.558925271 -1.570039034 0.035232782 -0.422145039 -0.203278542 0.882740140
1403715919534057984.000000 -0.157659829 0.557977140 -1.565411210 0.034459047 -0.425393492 -0.195569977 0.882952690
1403715919584058368.000000 -0.159959555 0.561553419 -1.558337331 0.034657028 -0.428106666 -0.188230202 0.883228779
1403715919634057984.000000 -0.163255751 0.564942598 -1.552788615 0.033822730 -0.429615647 -0.183145955 0.883597195
1403715919684058112.000000 -0.166885138 0.571338475 -1.544966578 0.033824779 -0.430454552 -0.180550352 0.883723021
1403715919734058240.000000 -0.170832396 0.578419447 -1.538185358 0.034276292 -0.430062592 -0.181149900 0.883773744
1403715919784058112.000000 -0.176553249 0.587196529 -1.530709505 0.035894964 -0.428650171 -0.182871982 0.884040952
1403715919834057984.000000 -0.180711389 0.598703802 -1.522284031 0.037834529 -0.428503394 -0.184201926 0.883755088
1403715919884058112.000000 -0.187020838 0.614689410 -1.515626907 0.039838944 -0.427389920 -0.185425684 0.883950293
1403715919934058240.000000 -0.195218503 0.625520468 -1.511016965 0.037270028 -0.426512748 -0.187722847 0.884001136
1403715919984058112.000000 -0.201263249 0.635294735 -1.506114841 0.030910546 -0.427143395 -0.189012706 0.883666992
1403715920034057984.000000 -0.210031450 0.646379769 -1.502048254 0.026859103 -0.427751005 -0.189398706 0.883422852
1403715920084058368.000000 -0.218484700 0.652335405 -1.497875214 0.021693733 -0.429537147 -0.190137312 0.882538974
1403715920134057984.000000 -0.231186807 0.659872293 -1.498034239 0.017405234 -0.429758102 -0.189640507 0.882633328
1403715920184058112.000000 -0.243057191 0.662509620 -1.499494672 0.014217875 -0.430748492 -0.189109907 0.882321417
1403715920234058240.000000 -0.255704701 0.663753211 -1.500931025 0.010963088 -0.433190018 -0.186223671 0.881786287
1403715920284058112.000000 -0.270612121 0.662173927 -1.503986955 0.011576320 -0.437004685 -0.181699350 0.880839586
1403715920334057984.000000 -0.286636591 0.658743083 -1.507052898 0.013144908 -0.442570388 -0.175998047 0.879194736
1403715920384058112.000000 -0.302381039 0.655746758 -1.510931253 0.015961304 -0.446888953 -0.172179729 0.877718508
1403715920434058240.000000 -0.318832755 0.648901641 -1.516367078 0.018895304 -0.451462120 -0.166278601 0.876456738
1403715920484058112.000000 -0.336313426 0.639648736 -1.520158291 0.020935392 -0.455796450 -0.161710396 0.875020623
1403715920534057984.000000 -0.352231145 0.635280132 -1.523452282 0.026609300 -0.460442126 -0.155751541 0.873513877
1403715920584058368.000000 -0.366810441 0.628416300 -1.521373868 0.031263839 -0.466027349 -0.149939418 0.871412218
1403715920634057984.000000 -0.381230056 0.622012377 -1.524259090 0.035506889 -0.469788700 -0.145184979 0.870034039
1403715920684058112.000000 -0.398677528 0.616669834 -1.529642224 0.040263202 -0.472468317 -0.141109660 0.869045913
1403715920734058240.000000 -0.413653553 0.609884322 -1.538049102 0.045661751 -0.474232674 -0.138088688 0.868302882
1403715920784058112.000000 -0.423405051 0.599927187 -1.537143826 0.049306434 -0.481550127 -0.135562420 0.864465892
1403715920834057984.000000 -0.434509754 0.589562058 -1.542206407 0.051639479 -0.486459136 -0.136593118 0.861413479
1403715920884058112.000000 -0.446275353 0.578450799 -1.551080227 0.051055931 -0.490545243 -0.138649300 0.858798623
1403715920934058240.000000 -0.453969419 0.565858066 -1.558696389 0.047186408 -0.496916503 -0.140530407 0.855043054
1403715920984058112.000000 -0.459783316 0.553871751 -1.566027761 0.039915543 -0.503565967 -0.143846080 0.850962043
1403715921034057984.000000 -0.468247116 0.537223101 -1.577015400 0.031460192 -0.509036958 -0.148886621 0.847186267
1403715921084058368.000000 -0.470992744 0.521758437 -1.585510969 0.025918495 -0.515540481 -0.154650733 0.842395067
1403715921134057984.000000 -0.469787598 0.505609214 -1.592401028 0.022433668 -0.521881104 -0.160502374 0.837481856
1403715921184058112.000000 -0.476037145 0.490528673 -1.601689100 0.021707719 -0.525921583 -0.165424377 0.834008455
1403715921234058240.000000 -0.480065465 0.470807433 -1.609235764 0.020387344 -0.529922366 -0.170223281 0.830536425
1403715921284058112.000000 -0.482702017 0.456928194 -1.611528754 0.022259902 -0.533529937 -0.174304113 0.827326059
1403715921334057984.000000 -0.484977365 0.441684067 -1.615829349 0.023594975 -0.535611093 -0.179150060 0.824905694
1403715921384058112.000000 -0.490807533 0.423090726 -1.623541236 0.024575511 -0.535317123 -0.187152296 0.823289573
1403715921434058240.000000 -0.498811483 0.400750965 -1.629283071 0.024340298 -0.534591258 -0.194459721 0.822073758
1403715921484058112.000000 -0.505275369 0.384961158 -1.636715412 0.024787754 -0.533715844 -0.198067248 0.821767747
1403715921534057984.000000 -0.510408759 0.366991580 -1.643455386 0.025934748 -0.533599913 -0.200113639 0.821311831
1403715921584058368.000000 -0.516258836 0.347875863 -1.649761915 0.026303610 -0.533389688 -0.202298626 0.820901155
1403715921634057984.000000 -0.522840023 0.330509007 -1.656551003 0.029201528 -0.533073664 -0.201806009 0.821129799
1403715921684058112.000000 -0.526286721 0.301467657 -1.661766768 0.025701897 -0.534287333 -0.201546207 0.820521533
1403715921734058240.000000 -0.540166616 0.278767258 -1.672265649 0.024282215 -0.532609761 -0.202495396 0.821421206
1403715921784058112.000000 -0.545832038 0.255116940 -1.680991888 0.022492817 -0.534363329 -0.197423518 0.821567953
1403715921834057984.000000 -0.553842306 0.229417831 -1.687160254 0.019814214 -0.535512865 -0.194323733 0.821627498
1403715921884058112.000000 -0.561674953 0.206795990 -1.695468545 0.018124951 -0.536084175 -0.190880537 0.822100937
1403715921934058240.000000 -0.568356276 0.197362080 -1.700324178 0.021840628 -0.536384702 -0.186331868 0.822857857
1403715921984058112.000000 -0.569998741 0.173758015 -1.700952649 0.020356189 -0.537989676 -0.184096470 0.822351098
1403715922034057984.000000 -0.579975963 0.155076891 -1.705490589 0.021014536 -0.537028849 -0.184509218 0.822869897
1403715922084058368.000000 -0.586666703 0.138119742 -1.709090471 0.023876077 -0.536491454 -0.183046341 0.823468924
1403715922134057984.000000 -0.594061852 0.118931107 -1.716534138 0.026931623 -0.535957456 -0.179654181 0.824468791
1403715922184058112.000000 -0.595490336 0.088935837 -1.713495135 0.029153744 -0.539496303 -0.177509964 0.822547317
1403715922234058240.000000 -0.600549459 0.066854961 -1.718897581 0.032986119 -0.540486455 -0.173340395 0.822641730
1403715922284058112.000000 -0.606990933 0.042763151 -1.726013899 0.037055839 -0.541073322 -0.170867220 0.822600126
1403715922334057984.000000 -0.602859259 0.016649619 -1.723837137 0.041518059 -0.544278383 -0.166594893 0.821147680
1403715922384058112.000000 -0.609433770 -0.020518303 -1.729086399 0.041945394 -0.544300497 -0.171231046 0.820157051
1403715922434058240.000000 -0.617369652 -0.031154200 -1.740582824 0.047941506 -0.540778875 -0.171855897 0.822025239
1403715922484058112.000000 -0.620324850 -0.052505031 -1.747111082 0.049546205 -0.541005492 -0.170419469 0.822080016
1403715922534057984.000000 -0.609837055 -0.081931897 -1.744807124 0.048333734 -0.545970380 -0.167263001 0.819514036
1403715922584058368.000000 -0.618578196 -0.109588787 -1.755623460 0.046267390 -0.546254396 -0.166516766 0.819596112
1403715922634057984.000000 -0.619254947 -0.139194846 -1.760157704 0.044385653 -0.548912585 -0.164425060 0.818345547
1403715922684058112.000000 -0.617913961 -0.161315143 -1.767099261 0.045016747 -0.549900711 -0.162082851 0.818114936
1403715922734058240.000000 -0.620751500 -0.178735763 -1.775703430 0.044972531 -0.549025297 -0.162491411 0.818624139
1403715922784058112.000000 -0.622668624 -0.190248340 -1.782814384 0.048249420 -0.547365606 -0.164843857 0.819078445
1403715922834057984.000000 -0.624176383 -0.202824742 -1.788064480 0.049829487 -0.545543134 -0.168595091 0.819436073
1403715922884058112.000000 -0.620416999 -0.224347308 -1.786657810 0.047492165 -0.546770275 -0.172351032 0.817974269
1403715922934058240.000000 -0.618829608 -0.233079493 -1.790365696 0.048852723 -0.545951486 -0.174859762 0.817908645
1403715922984058112.000000 -0.616398454 -0.242971554 -1.792470932 0.049429633 -0.546039760 -0.177040547 0.817345679
1403715923034057984.000000 -0.615407586 -0.252835482 -1.796310544 0.049295690 -0.545307279 -0.179276615 0.817355454
1403715923084058368.000000 -0.612451792 -0.258460611 -1.798951745 0.050076541 -0.544941366 -0.180940107 0.817185462
1403715923134057984.000000 -0.608135343 -0.267594218 -1.803855062 0.048307117 -0.544880152 -0.182812691 0.816915870
1403715923184058112.000000 -0.603902936 -0.276053846 -1.809704065 0.046136562 -0.544472277 -0.184758395 0.816875637
1403715923234058240.000000 -0.602639794 -0.288183898 -1.818339229 0.041888013 -0.542683601 -0.189248204 0.817266822
1403715923284058112.000000 -0.599404693 -0.298688769 -1.827093363 0.037575897 -0.542295337 -0.190988362 0.817329407
1403715923334057984.000000 -0.597803712 -0.315317333 -1.839909434 0.031221716 -0.542126238 -0.189774558 0.817991495
1403715923384058112.000000 -0.592793941 -0.330741704 -1.846643806 0.024836784 -0.544994712 -0.185940444 0.817184210
1403715923434058240.000000 -0.588552475 -0.342057824 -1.856747985 0.020460289 -0.547090530 -0.180672780 0.817086697
1403715923484058112.000000 -0.584592581 -0.354954571 -1.864952326 0.014290879 -0.549890339 -0.175347611 0.816498339
1403715923534057984.000000 -0.582084537 -0.367374301 -1.872853398 0.008687240 -0.552066028 -0.170072436 0.816224933
1403715923584058368.000000 -0.580058575 -0.373561203 -1.881149769 0.005377865 -0.553666890 -0.163962007 0.816419363
1403715923634057984.000000 -0.574762225 -0.377354622 -1.883462191 0.002925631 -0.556631863 -0.158714235 0.815452158
1403715923684058112.000000 -0.572226882 -0.377280146 -1.886379361 0.001831265 -0.557935894 -0.154335767 0.815404594
1403715923734058240.000000 -0.569061995 -0.376059622 -1.886881232 0.000906904 -0.559255898 -0.151464179 0.815040231
1403715923784058112.000000 -0.566912413 -0.370430350 -1.884395003 0.001451092 -0.560314953 -0.148183122 0.814915299
1403715923834057984.000000 -0.562610984 -0.360933125 -1.878990293 0.005745085 -0.561485350 -0.145875230 0.814506948
1403715923884058112.000000 -0.558952570 -0.354080349 -1.873720646 0.010741236 -0.561973512 -0.144057527 0.814443290
1403715923934058240.000000 -0.553964615 -0.340334952 -1.864582181 0.018675776 -0.563272178 -0.140438795 0.814034820
1403715923984058112.000000 -0.549908996 -0.326170981 -1.856714606 0.025979361 -0.563045800 -0.139092654 0.814222217
1403715924034057984.000000 -0.542171359 -0.311363339 -1.845035315 0.032142613 -0.563103855 -0.139499664 0.813892365
1403715924084058368.000000 -0.533798456 -0.295263678 -1.829431415 0.038695823 -0.563169539 -0.141885430 0.813148975
1403715924134057984.000000 -0.525779963 -0.278632820 -1.817098737 0.043198664 -0.561441958 -0.145313546 0.813511372
1403715924184058112.000000 -0.515563846 -0.260587513 -1.802770376 0.046073403 -0.560682833 -0.147799328 0.813429415
1403715924234058240.000000 -0.504510999 -0.242834836 -1.789973617 0.047197837 -0.558935821 -0.152621001 0.813676834
1403715924284058112.000000 -0.489865541 -0.223143324 -1.772960901 0.047748167 -0.559110224 -0.154552087 0.813160181
1403715924334057984.000000 -0.478427887 -0.208523348 -1.763496637 0.046435982 -0.556153417 -0.159939811 0.814221382
1403715924384058112.000000 -0.467655063 -0.190283284 -1.751534939 0.044770889 -0.553588867 -0.163708612 0.815312505
1403715924434058240.000000 -0.452808380 -0.174629048 -1.739207625 0.040264983 -0.552027047 -0.166949451 0.815949082
1403715924484058112.000000 -0.439875484 -0.159995437 -1.731213689 0.033949871 -0.548102140 -0.173699826 0.817471683
1403715924534057984.000000 -0.420727968 -0.133403108 -1.712358475 0.030389117 -0.548356831 -0.172099620 0.817779362
1403715924584058368.000000 -0.405421376 -0.117907904 -1.695240736 0.026562432 -0.547847807 -0.174597472 0.817724228
1403715924634057984.000000 -0.393431664 -0.105857641 -1.686204433 0.020996446 -0.546646178 -0.173323095 0.818960428
1403715924684058112.000000 -0.384835601 -0.089712068 -1.680404663 0.016597811 -0.542775393 -0.170531303 0.822215676
1403715924734058240.000000 -0.364965200 -0.077482633 -1.660667539 0.012627880 -0.541678786 -0.163512081 0.824432254
1403715924784058112.000000 -0.348098814 -0.063312232 -1.642261028 0.010318086 -0.538138449 -0.156730011 0.828091919
1403715924834057984.000000 -0.332696080 -0.047263235 -1.623074532 0.011106196 -0.532548606 -0.148968220 0.833112955
1403715924884058112.000000 -0.316485882 -0.039189514 -1.601380825 0.010448548 -0.525974989 -0.142326713 0.838441551
1403715924934058240.000000 -0.301183760 -0.025793869 -1.580675364 0.012497984 -0.516939878 -0.134678483 0.845268428
1403715924984058112.000000 -0.286472559 -0.019579083 -1.575250030 0.016814830 -0.503694236 -0.129862815 0.853899896
1403715925034057984.000000 -0.271078110 -0.004886201 -1.555507421 0.025789274 -0.491687417 -0.122198224 0.861769140
1403715925084058368.000000 -0.254939914 0.006711933 -1.527158618 0.036257420 -0.479163170 -0.114996694 0.869404316
1403715925134057984.000000 -0.236724913 0.013463307 -1.509531140 0.047362268 -0.465862006 -0.112001382 0.876461744
1403715925184058112.000000 -0.204785883 0.019598056 -1.502208114 0.055222075 -0.451144069 -0.107574366 0.884221375
1403715925234058240.000000 -0.190500379 0.024394441 -1.485724926 0.057047948 -0.436776012 -0.100255735 0.892144084
1403715925284058112.000000 -0.172404051 0.011394114 -1.468487978 0.052123021 -0.422806352 -0.096521422 0.899556398
1403715925334057984.000000 -0.147711933 0.009909631 -1.454389095 0.047106083 -0.410179973 -0.089913458 0.906338274
1403715925384058112.000000 -0.118640810 0.006797068 -1.437460661 0.040648267 -0.396925658 -0.083655104 0.913126349
1403715925434058240.000000 -0.105351448 0.001832465 -1.434517503 0.032869961 -0.380680412 -0.079603255 0.920687437
1403715925484058112.000000 -0.082170278 0.003922749 -1.413520813 0.024791466 -0.367198050 -0.073593289 0.926895380
1403715925534057984.000000 -0.050770670 -0.003435053 -1.398709416 0.017035842 -0.353597522 -0.067979038 0.932768703
1403715925584058368.000000 -0.026579335 -0.012706503 -1.388494730 0.011756470 -0.337072074 -0.066013448 0.939088106
1403715925634057984.000000 -0.001628101 -0.012320993 -1.373773336 0.009597309 -0.321240842 -0.059518378 0.945076644
1403715925684058112.000000 0.023610294 -0.018339356 -1.363417149 0.009403893 -0.303936362 -0.055562664 0.951024234
1403715925734058240.000000 0.050396733 -0.023287274 -1.349252224 0.009759424 -0.288019150 -0.049938828 0.956271887
1403715925784058112.000000 0.085499614 -0.028410550 -1.329961538 0.009124513 -0.273051590 -0.044135604 0.960943103
1403715925834057984.000000 0.113214359 -0.033714417 -1.317472219 0.010448073 -0.255599290 -0.038084257 0.965975940
1403715925884058112.000000 0.142160386 -0.039806329 -1.297284365 0.012121235 -0.238885045 -0.032650743 0.970423102
1403715925934058240.000000 0.171578869 -0.049741708 -1.279421091 0.012920145 -0.221404865 -0.030052807 0.974633157
1403715925984058112.000000 0.211647972 -0.036855340 -1.256549716 0.018147808 -0.206138447 -0.020654667 0.978136480
1403715926034057984.000000 0.216662526 -0.031222407 -1.241275072 0.024097215 -0.183822021 -0.013177055 0.982575774
1403715926084058368.000000 0.251195073 -0.046327978 -1.224235296 0.026725750 -0.166751713 -0.004776062 0.985625088
1403715926134057984.000000 0.292834133 -0.018168151 -1.200308442 0.038561292 -0.150962457 0.005116560 0.987773895
1403715926184058112.000000 0.334366769 -0.040659569 -1.175470829 0.039611131 -0.133445621 0.014653715 0.990155816
1403715926234058240.000000 0.352717191 0.000656142 -1.161446691 0.050433889 -0.111363798 0.025501350 0.992171466
1403715926284058112.000000 0.424824387 -0.022763494 -1.133907199 0.049243808 -0.098015241 0.030691870 0.993491888
1403715926334057984.000000 0.480021387 -0.030741448 -1.108049989 0.051042326 -0.080625027 0.036542032 0.994765759
1403715926384058112.000000 0.490228772 -0.021188507 -1.104496479 0.054764643 -0.054814678 0.041842092 0.996115148
1403715926434058240.000000 0.520243466 -0.025651028 -1.085255504 0.058168985 -0.031530701 0.044537265 0.996814311
1403715926484058112.000000 0.575317264 0.009420369 -1.063550830 0.069204763 -0.012567465 0.046663743 0.996431231
1403715926534057984.000000 0.635913789 0.024918055 -1.044910669 0.072267681 0.005635592 0.050597381 0.996085107
1403715926584058368.000000 0.678182065 0.044854812 -1.035487533 0.072602607 0.025413938 0.052566186 0.995650470
1403715926634057984.000000 0.723441958 0.053322997 -1.029791713 0.065949716 0.044164926 0.055954520 0.995273471
1403715926684058112.000000 0.755144238 0.058413949 -1.020486474 0.056877803 0.064573266 0.061322927 0.994401693
1403715926734058240.000000 0.803690434 0.086526029 -1.005233288 0.050691981 0.082085140 0.063766956 0.993290603
1403715926784058112.000000 0.856898308 0.096035860 -1.008831739 0.041232511 0.097262271 0.065200642 0.992264509
1403715926834057984.000000 0.896124065 0.106329091 -1.000061989 0.031102436 0.116270117 0.064555638 0.990629375
1403715926884058112.000000 0.941865981 0.122970998 -1.000954747 0.023750005 0.130976304 0.065567791 0.988929749
1403715926934058240.000000 0.978698850 0.131938681 -0.999106884 0.017369501 0.146336660 0.066881061 0.986818612
1403715926984058112.000000 1.018329501 0.140802369 -0.997384489 0.011225909 0.160101846 0.069723450 0.984570980
1403715927034057984.000000 1.056174040 0.146981373 -0.997318387 0.009409590 0.172781676 0.072144412 0.982269406
1403715927084058368.000000 1.098963022 0.158637002 -0.991672516 0.012814676 0.184967816 0.074055985 0.979866564
1403715927134057984.000000 1.137750864 0.160497040 -0.991540253 0.014291784 0.197512731 0.075578183 0.977278113
1403715927184058112.000000 1.172645330 0.164752394 -0.995695949 0.017382372 0.213110223 0.069879815 0.974370956
1403715927234058240.000000 1.210649252 0.173018709 -0.996105194 0.020884259 0.227220058 0.064249285 0.971497297
1403715927284058112.000000 1.246227026 0.178766668 -0.998263299 0.022761242 0.241722628 0.057225361 0.968389094
1403715927334057984.000000 1.280746102 0.189756453 -0.990381062 0.027520528 0.255734473 0.051640376 0.964974523
1403715927384058112.000000 1.305588722 0.193603978 -0.989780247 0.034650601 0.269641995 0.047500677 0.961164057
1403715927434058240.000000 1.337150574 0.196838856 -0.995458186 0.041241366 0.280883670 0.046729945 0.957715929
1403715927484058112.000000 1.360773444 0.201776937 -0.991222441 0.052512895 0.291338563 0.052088089 0.953756332
1403715927534057984.000000 1.385558009 0.202090889 -1.000533342 0.062592119 0.298872620 0.062402628 0.950191259
1403715927584058368.000000 1.400810599 0.210684597 -0.999868274 0.073731899 0.308837503 0.072857186 0.945449531
1403715927634057984.000000 1.416435957 0.213634491 -1.007428288 0.082757443 0.318480343 0.084546059 0.940517664
1403715927684058112.000000 1.431698084 0.220751166 -1.011408091 0.088612847 0.330808222 0.094152756 0.934798956
1403715927734058240.000000 1.445181847 0.229604319 -1.017462969 0.090625830 0.344877660 0.101402119 0.928743303
1403715927784058112.000000 1.456085324 0.237151071 -1.031906605 0.087875582 0.361289889 0.106079690 0.922222614
1403715927834057984.000000 1.464815140 0.242221445 -1.046292782 0.081951864 0.379498005 0.108848013 0.915105104
1403715927884058112.000000 1.468901396 0.249860197 -1.060503125 0.075894028 0.398421764 0.113155335 0.907025933
1403715927934058240.000000 1.473715544 0.264153540 -1.070417881 0.069007985 0.418887705 0.115444206 0.898022056
1403715927984058112.000000 1.477103710 0.276710689 -1.087489843 0.060798712 0.438047022 0.119718239 0.888867795
1403715928034057984.000000 1.474704504 0.289303958 -1.100011945 0.053694859 0.458471507 0.126027316 0.878087699
1403715928084058368.000000 1.465910196 0.299354941 -1.118398905 0.047617286 0.477252752 0.137322128 0.866663158
1403715928134057984.000000 1.457358599 0.318042576 -1.128801823 0.042771745 0.496206969 0.150476605 0.853994191
1403715928184058112.000000 1.452496290 0.331532627 -1.147763371 0.035974436 0.513368368 0.164668232 0.841453016
1403715928234058240.000000 1.444767118 0.354561716 -1.164207458 0.036132611 0.531074941 0.176507726 0.827948689
1403715928284058112.000000 1.433261633 0.377318621 -1.179891348 0.038120020 0.550126374 0.185509175 0.813322961
1403715928334057984.000000 1.419683337 0.395366073 -1.188044548 0.042568319 0.571085036 0.191832840 0.797025800
1403715928384058112.000000 1.410044074 0.417043030 -1.206090450 0.046676248 0.589091063 0.196921989 0.782313764
1403715928434058240.000000 1.392176390 0.442763746 -1.219692945 0.051574893 0.606315136 0.201274261 0.767600656
1403715928484058112.000000 1.374501109 0.460507840 -1.233793736 0.051568374 0.621242702 0.210874736 0.752947628
1403715928534057984.000000 1.354055524 0.484270632 -1.245279789 0.047984380 0.633896708 0.221915454 0.739341617
1403715928584058368.000000 1.331654787 0.506141603 -1.260174274 0.042824458 0.643603981 0.234215826 0.727380872
1403715928634057984.000000 1.304443359 0.533716440 -1.280784488 0.038741171 0.651526093 0.241889253 0.717985094
1403715928684058112.000000 1.277769327 0.553331614 -1.298301458 0.030404396 0.657685935 0.248715550 0.710398138
1403715928734058240.000000 1.249712229 0.572754622 -1.315087438 0.018177381 0.660900354 0.257229596 0.704778850
1403715928784058112.000000 1.222144842 0.587747693 -1.330778360 0.001924776 0.661199868 0.269091934 0.700286150
1403715928834057984.000000 1.192206860 0.602440596 -1.352347851 -0.013721760 0.657126784 0.280829042 0.699379146
1403715928884058112.000000 1.163928747 0.610082984 -1.374221921 -0.029551636 0.650196016 0.292229265 0.700695336
1403715928934058240.000000 1.137544155 0.616514504 -1.396278977 -0.041709539 0.641571760 0.300203443 0.704644620
1403715928984058112.000000 1.112882614 0.616126120 -1.420396328 -0.054414567 0.630744815 0.307570696 0.710352361
1403715929034057984.000000 1.099634290 0.608097672 -1.437634468 -0.063522734 0.619953930 0.313721001 0.716380596
1403715929084058368.000000 1.081313968 0.600017428 -1.462830782 -0.071929924 0.609724522 0.317989081 0.722457707
1403715929134057984.000000 1.069237471 0.591916263 -1.487824440 -0.080386996 0.600619435 0.319635212 0.728441894
1403715929184058112.000000 1.059452772 0.583923876 -1.513361573 -0.088155515 0.592078209 0.320213228 0.734258473
1403715929234058240.000000 1.052427649 0.574625015 -1.538912773 -0.096243374 0.585487604 0.316964388 0.739915550
1403715929284058112.000000 1.050793648 0.567542255 -1.562646627 -0.103008337 0.582616448 0.306806475 0.745531559
1403715929334057984.000000 1.053297162 0.560925841 -1.587538242 -0.106448151 0.583908319 0.287074268 0.751869917
1403715929384058112.000000 1.055604219 0.557185233 -1.605127215 -0.108865298 0.589326918 0.259352952 0.757349432
1403715929434058240.000000 1.061983585 0.552481115 -1.624754667 -0.109768853 0.595506549 0.229438320 0.762024164
1403715929484058112.000000 1.070582509 0.547483385 -1.640475750 -0.110256165 0.602291882 0.199884206 0.764940798
1403715929534057984.000000 1.080754995 0.543222427 -1.652669072 -0.111713804 0.608511388 0.171824187 0.766622782
1403715929584058368.000000 1.091722608 0.533264875 -1.661236763 -0.112385303 0.614542961 0.147951588 0.766692102
1403715929634057984.000000 1.101150155 0.525151849 -1.667623639 -0.113750175 0.618814588 0.131364748 0.766076267
1403715929684058112.000000 1.110158086 0.513623297 -1.667428374 -0.109574459 0.620809257 0.130940035 0.765143275
1403715929734058240.000000 1.118027210 0.497767866 -1.662946463 -0.101511441 0.619727135 0.145199820 0.764559150
1403715929784058112.000000 1.127020955 0.482989818 -1.654130340 -0.087573551 0.617395461 0.163360447 0.764504433
1403715929834057984.000000 1.134100318 0.465563864 -1.639544249 -0.071482383 0.615947664 0.179618225 0.763698995
1403715929884058112.000000 1.139345527 0.451038092 -1.623304605 -0.049026955 0.614236474 0.196552023 0.762677670
1403715929934058240.000000 1.145046473 0.435172915 -1.605825782 -0.027159510 0.611479700 0.213752061 0.761357367
1403715929984058112.000000 1.152223945 0.423794627 -1.583833575 -0.006138355 0.609393597 0.227249444 0.759578526
1403715930034057984.000000 1.158815622 0.412117988 -1.565144539 0.010799350 0.606469691 0.239454344 0.758115828
1403715930084058368.000000 1.162371755 0.401246905 -1.543634176 0.027657136 0.603995979 0.252052128 0.755575061
1403715930134057984.000000 1.167220354 0.390713304 -1.523447275 0.041015856 0.601944804 0.262054086 0.753198385
1403715930184058112.000000 1.170968056 0.382843256 -1.504228115 0.053519763 0.599791825 0.271280140 0.750861228
1403715930234058240.000000 1.173317671 0.378589243 -1.493354082 0.063502014 0.597406447 0.279797375 0.748856783
1403715930284058112.000000 1.173819900 0.370202869 -1.477735639 0.070115589 0.597117305 0.285691351 0.746267498
1403715930334057984.000000 1.178155780 0.367841601 -1.469738722 0.070596986 0.596769214 0.288213432 0.745530486
1403715930384058112.000000 1.179497361 0.364181578 -1.459006548 0.064351067 0.597720325 0.289999127 0.744640768
1403715930434058240.000000 1.178726315 0.360934883 -1.450932860 0.052499201 0.599128067 0.290218651 0.744353831
1403715930484058112.000000 1.179679632 0.363378704 -1.447969198 0.039978053 0.599609554 0.291623473 0.744194865
1403715930534057984.000000 1.179449677 0.365944088 -1.444713593 0.028176144 0.600289643 0.292950481 0.743665636
1403715930584058368.000000 1.180099845 0.370418429 -1.440395117 0.016065851 0.600162923 0.295890570 0.742963850
1403715930634057984.000000 1.179468870 0.376655042 -1.437713146 0.006252100 0.599941254 0.298816711 0.742118597
1403715930684058112.000000 1.182863474 0.381049097 -1.438485861 -0.000825392 0.598689973 0.303794205 0.741133511
1403715930734058240.000000 1.187917590 0.385281563 -1.441276789 -0.004349293 0.598062336 0.307003140 0.740305185
1403715930784058112.000000 1.193289280 0.387672782 -1.446214437 -0.007341775 0.598124087 0.309193224 0.739319503
1403715930834057984.000000 1.201621652 0.389436036 -1.453674078 -0.013137709 0.599426270 0.306761295 0.739197671
1403715930884058112.000000 1.210776448 0.389388442 -1.463797331 -0.022645248 0.601950586 0.300897241 0.739326477
1403715930934058240.000000 1.220641851 0.385818034 -1.472166777 -0.031227577 0.605677545 0.293406636 0.738980532
1403715930984058112.000000 1.235467792 0.384119093 -1.483846784 -0.039909545 0.607291102 0.288046747 0.739346981
1403715931034057984.000000 1.247106671 0.379067153 -1.492563725 -0.048975851 0.607785761 0.287600696 0.738568664
1403715931084058368.000000 1.263787985 0.379108489 -1.501806021 -0.056915380 0.607328236 0.288901091 0.737868130
1403715931134057984.000000 1.280468225 0.381313980 -1.512351990 -0.062612906 0.605710924 0.291569591 0.737686396
1403715931184058112.000000 1.299235702 0.380595565 -1.519424438 -0.067389809 0.604961753 0.293212742 0.737228751
1403715931234058240.000000 1.320448875 0.378586262 -1.526765108 -0.069164075 0.605105579 0.293921560 0.736663997
1403715931284058112.000000 1.344783664 0.376340181 -1.534535170 -0.069362558 0.605330527 0.294159830 0.736365318
1403715931334057984.000000 1.372785568 0.369386196 -1.542410851 -0.066180319 0.605608940 0.294532180 0.736280382
1403715931384058112.000000 1.402877927 0.362293303 -1.551207423 -0.061943900 0.606221199 0.293766379 0.736451089
1403715931434058240.000000 1.435673833 0.351706594 -1.559637427 -0.058781493 0.607073128 0.291338921 0.736972630
1403715931484058112.000000 1.470038533 0.342563093 -1.569066405 -0.055388268 0.607154310 0.290026635 0.737685859
1403715931534057984.000000 1.502410412 0.335672736 -1.573915720 -0.052922424 0.607946098 0.287050009 0.738378704
1403715931584058368.000000 1.539067149 0.330864787 -1.582218647 -0.050628357 0.608378708 0.282814175 0.739816427
1403715931634057984.000000 1.575421333 0.326314151 -1.586267710 -0.049917456 0.608664930 0.279310673 0.740959406
1403715931684058112.000000 1.614707947 0.323140651 -1.589585304 -0.049470916 0.609312177 0.274268419 0.742339671
1403715931734058240.000000 1.654519439 0.323830903 -1.591005921 -0.049581610 0.609806597 0.269337952 0.743730247
1403715931784058112.000000 1.696361542 0.323143989 -1.591796160 -0.049101114 0.609878719 0.265635848 0.745033324
1403715931834057984.000000 1.736836195 0.324627161 -1.592354536 -0.044844210 0.609516203 0.262087137 0.746852934
1403715931884058112.000000 1.778252125 0.322673440 -1.591355801 -0.039151952 0.610978603 0.255925119 0.748114049
1403715931934058240.000000 1.821427107 0.323871255 -1.592838526 -0.031595275 0.611704886 0.249857590 0.749926686
1403715931984058112.000000 1.864382029 0.324699670 -1.593001842 -0.023162816 0.613133252 0.242784888 0.751389861
1403715932034057984.000000 1.910318017 0.321988404 -1.591710567 -0.013888858 0.614087045 0.237105012 0.752652287
1403715932084058368.000000 1.953423738 0.321272194 -1.592426777 -0.003007112 0.615979612 0.227944672 0.754056633
1403715932134057984.000000 1.994910717 0.317613780 -1.591650844 0.009993651 0.619174302 0.217302561 0.754521728
1403715932184058112.000000 2.034634113 0.318575680 -1.589418292 0.023918012 0.623273492 0.204087690 0.754523993
1403715932234058240.000000 2.075083256 0.311742216 -1.588227510 0.037353743 0.627677619 0.189383477 0.754161477
1403715932284058112.000000 2.109948158 0.304875225 -1.585488915 0.052771829 0.631804228 0.176683024 0.752875686
1403715932334057984.000000 2.143513680 0.297982067 -1.586447597 0.067602679 0.634582281 0.165684968 0.751853466
1403715932384058112.000000 2.171608925 0.284816861 -1.580438852 0.078503512 0.638514578 0.155850276 0.749564528
1403715932434058240.000000 2.195875883 0.278181374 -1.575569868 0.088650741 0.641327620 0.147691175 0.747681320
1403715932484058112.000000 2.216275930 0.270087481 -1.575090885 0.098016270 0.642172933 0.142170101 0.746856391
1403715932534057984.000000 2.232005596 0.257151544 -1.576386333 0.105972901 0.643153727 0.137005404 0.745890439
1403715932584058368.000000 2.240300655 0.248135149 -1.573460579 0.116245985 0.645167351 0.130138025 0.743848205
1403715932634057984.000000 2.245929956 0.240877390 -1.575401306 0.127204180 0.645273507 0.123946801 0.743019760
1403715932684058112.000000 2.243677139 0.233768672 -1.575501323 0.136285529 0.646307886 0.118231013 0.741440415
1403715932734058240.000000 2.234995604 0.227171451 -1.575473070 0.144014597 0.647511721 0.111885481 0.739912271
1403715932784058112.000000 2.220700264 0.207311004 -1.582310915 0.144342676 0.648178637 0.112006165 0.739245832
1403715932834057984.000000 2.198878765 0.196360469 -1.585749507 0.141592041 0.648703992 0.113776356 0.739046574
1403715932884058112.000000 2.170503139 0.192294449 -1.591650605 0.130799949 0.648385286 0.120178394 0.740300715
1403715932934058240.000000 2.135155916 0.182412118 -1.593639970 0.112007566 0.647472501 0.135478064 0.741538584
1403715932984058112.000000 2.094086170 0.164213359 -1.596880078 0.086377420 0.644977152 0.157550380 0.742779434
1403715933034057984.000000 2.049953461 0.167177796 -1.604586244 0.065426677 0.640089452 0.176109806 0.744976699
1403715933084058368.000000 2.001328945 0.152044952 -1.606286526 0.041734591 0.637018442 0.195080593 0.744586647
1403715933134057984.000000 1.950925946 0.137127727 -1.611272216 0.018620929 0.632019103 0.215343997 0.744198978
1403715933184058112.000000 1.898792982 0.131293803 -1.614065409 -0.003525911 0.626759350 0.233171225 0.743499517
1403715933234058240.000000 1.853564620 0.126935929 -1.622164011 -0.023209171 0.620196402 0.248667791 0.743627667
1403715933284058112.000000 1.799311519 0.117762387 -1.623764634 -0.043560058 0.614000976 0.265854359 0.741907537
1403715933334057984.000000 1.748309851 0.113416761 -1.629303217 -0.060741529 0.606238306 0.283357948 0.740603745
1403715933384058112.000000 1.706774712 0.100623012 -1.634303093 -0.077986121 0.596879959 0.305530936 0.737769246
1403715933434058240.000000 1.666156769 0.089625478 -1.636834383 -0.093300007 0.587403536 0.328217089 0.733843207
1403715933484058112.000000 1.625765324 0.078316718 -1.641681433 -0.108303733 0.577401817 0.349243790 0.730004311
1403715933534057984.000000 1.589113116 0.067105055 -1.642784357 -0.121748343 0.569479048 0.366984367 0.725391924
1403715933584058368.000000 1.563669443 0.061135352 -1.645914078 -0.133716613 0.562520206 0.380194157 0.721902549
1403715933634057984.000000 1.543123007 0.050624639 -1.650402308 -0.145081908 0.556610286 0.391615838 0.718173623
1403715933684058112.000000 1.532679558 0.037168622 -1.653452396 -0.157177046 0.553537488 0.396566927 0.715280592
1403715933734058240.000000 1.525587559 0.028246820 -1.656791329 -0.165835604 0.552714646 0.397126228 0.713649690
1403715933784058112.000000 1.529006839 0.017662823 -1.660636187 -0.170905262 0.553304911 0.396007568 0.712617040
1403715933834057984.000000 1.541567087 0.001671255 -1.665746570 -0.172609121 0.555950105 0.391852140 0.712444782
1403715933884058112.000000 1.565252304 -0.014359653 -1.670157671 -0.167771503 0.561890543 0.382514954 0.714012742
1403715933934058240.000000 1.594484925 -0.028838873 -1.676483870 -0.150229797 0.572045684 0.369554222 0.716676056
1403715933984058112.000000 1.630171657 -0.047771692 -1.680344343 -0.124323197 0.587142766 0.346611470 0.720879793
1403715934034057984.000000 1.680587649 -0.076485991 -1.686852932 -0.097315319 0.601429343 0.322900116 0.724256992
1403715934084058368.000000 1.724938035 -0.094777703 -1.700591326 -0.064430892 0.615174115 0.294129133 0.728627264
1403715934134057984.000000 1.781682253 -0.127575278 -1.711040854 -0.033924814 0.627048910 0.269321591 0.730153978
1403715934184058112.000000 1.825410843 -0.145536363 -1.706222653 0.002472425 0.642056465 0.239660144 0.728231013
1403715934234058240.000000 1.868865013 -0.151091695 -1.703480363 0.032756560 0.652598083 0.212652743 0.726513386
1403715934284058112.000000 1.913357139 -0.158795655 -1.701131225 0.056515459 0.660520196 0.188932642 0.724447072
1403715934334057984.000000 1.953454018 -0.166906416 -1.694065094 0.076897115 0.666732311 0.171680167 0.721166253
1403715934384058112.000000 1.986902833 -0.162997365 -1.690176010 0.097979233 0.670759320 0.153840721 0.718898535
1403715934434058240.000000 2.020244598 -0.166962326 -1.686153054 0.114156716 0.674346924 0.137694418 0.716424942
1403715934484058112.000000 2.049671173 -0.183116674 -1.689444780 0.126015991 0.675889909 0.127452001 0.714876771
1403715934534057984.000000 2.070386171 -0.179554760 -1.685361147 0.140393063 0.677055359 0.114530548 0.713280201
1403715934584058368.000000 2.083350897 -0.181462765 -1.684506416 0.153496116 0.677471697 0.104161218 0.711773515
1403715934634057984.000000 2.091367722 -0.189269483 -1.679588795 0.162651539 0.677935660 0.096962705 0.710313976
1403715934684058112.000000 2.087609291 -0.193805695 -1.677376390 0.169972122 0.677227974 0.092442676 0.709877551
1403715934734058240.000000 2.076879025 -0.198065639 -1.675557137 0.176411763 0.675296426 0.090817884 0.710356116
1403715934784058112.000000 2.057970285 -0.205851495 -1.681786656 0.180240527 0.672130644 0.092780530 0.712141514
1403715934834057984.000000 2.029841900 -0.219277382 -1.678280473 0.174131304 0.670227349 0.102025218 0.714188039
1403715934884058112.000000 1.992321610 -0.215696633 -1.687522531 0.158447117 0.665562868 0.116129234 0.720023990
1403715934934058240.000000 1.948460817 -0.224200130 -1.696285605 0.133496150 0.660237610 0.138408154 0.726022243
1403715934984058112.000000 1.899011970 -0.225048959 -1.698699594 0.109849930 0.654660404 0.161460146 0.730262637
1403715935034057984.000000 1.844401240 -0.236402214 -1.701465368 0.081177041 0.648757994 0.187076956 0.733161390
1403715935084058368.000000 1.785131097 -0.231289089 -1.706339478 0.055540256 0.641507626 0.211172864 0.735383809
1403715935134057984.000000 1.724514842 -0.230248392 -1.712931514 0.028849859 0.634504139 0.232804179 0.736460745
1403715935184058112.000000 1.664112091 -0.230081677 -1.713565469 0.003660114 0.627907574 0.253753245 0.735749960
1403715935234058240.000000 1.602938890 -0.226267219 -1.723584771 -0.019013280 0.620353997 0.271073878 0.735743463
1403715935284058112.000000 1.538853526 -0.221125185 -1.726452827 -0.037806816 0.614391923 0.286002070 0.734367728
1403715935334057984.000000 1.481250882 -0.207072318 -1.723179221 -0.054417409 0.609710753 0.296744198 0.732962787
1403715935384058112.000000 1.425201893 -0.197607994 -1.724933386 -0.069465347 0.604732633 0.306679130 0.731724679
1403715935434058240.000000 1.372070789 -0.191152602 -1.727323771 -0.083481133 0.600003183 0.315851510 0.730250001
1403715935484058112.000000 1.322441101 -0.182469249 -1.725555182 -0.094829112 0.596241176 0.323139906 0.728755534
1403715935534057984.000000 1.281813860 -0.174882144 -1.726236463 -0.105143644 0.592848957 0.328637987 0.727648377
1403715935584058368.000000 1.240382671 -0.164127499 -1.722802997 -0.113524832 0.590593994 0.332771689 0.726342857
1403715935634057984.000000 1.202977657 -0.150992036 -1.721829891 -0.120412789 0.587319970 0.337767810 0.725581825
1403715935684058112.000000 1.171544671 -0.135587409 -1.718930721 -0.126381278 0.584380507 0.342631608 0.724659145
1403715935734058240.000000 1.144910574 -0.125571296 -1.715641975 -0.134583995 0.581262767 0.347600937 0.723321855
1403715935784058112.000000 1.122258186 -0.111186787 -1.711806774 -0.140673697 0.578470409 0.352313280 0.722120702
1403715935834057984.000000 1.110617995 -0.104024544 -1.707340121 -0.148025468 0.576113224 0.356421918 0.720517457
1403715935884058112.000000 1.102024674 -0.094155997 -1.703512430 -0.152826756 0.574511588 0.358754188 0.719635963
1403715935934058240.000000 1.101371527 -0.085233733 -1.697979808 -0.153269082 0.575216234 0.358924359 0.718893766
1403715935984058112.000000 1.108344913 -0.081833661 -1.694153666 -0.147753134 0.578895211 0.354065776 0.719504535
1403715936034057984.000000 1.120120287 -0.075476229 -1.686750770 -0.132395029 0.587378025 0.341995329 0.721455395
1403715936084058368.000000 1.137770534 -0.073510453 -1.684330940 -0.111621708 0.597684562 0.325644940 0.724064350
1403715936134057984.000000 1.163123965 -0.073807046 -1.679303646 -0.088669620 0.609533608 0.304662764 0.726489663
1403715936184058112.000000 1.186132550 -0.067531973 -1.671296954 -0.062632591 0.621892631 0.281720668 0.727983654
1403715936234058240.000000 1.214269280 -0.068733960 -1.667375326 -0.038096681 0.632600605 0.260746628 0.728269517
1403715936284058112.000000 1.244201899 -0.071820736 -1.658690214 -0.013988229 0.642544866 0.239650965 0.727672935
1403715936334057984.000000 1.270571470 -0.068788409 -1.651400566 0.008740538 0.650422513 0.222850770 0.726093471
1403715936384058112.000000 1.297480822 -0.071482658 -1.645181417 0.028424786 0.655673444 0.211471885 0.724267960
1403715936434058240.000000 1.320661068 -0.069758922 -1.635847926 0.042342607 0.659895062 0.202436134 0.722333193
1403715936484058112.000000 1.341960788 -0.067628711 -1.625155330 0.052563362 0.663020968 0.196804449 0.720352888
1403715936534057984.000000 1.360272646 -0.065293372 -1.616670132 0.062397670 0.664881647 0.193327084 0.718793213
1403715936584058368.000000 1.374233961 -0.061605811 -1.608914137 0.071743794 0.665979147 0.191017315 0.717521429
1403715936634057984.000000 1.384480000 -0.061487556 -1.601171613 0.079788707 0.666559279 0.190823629 0.716183484
1403715936684058112.000000 1.392482042 -0.060331523 -1.594747305 0.086759925 0.666517675 0.191508293 0.715228319
1403715936734058240.000000 1.395975351 -0.057348430 -1.587474585 0.086675704 0.666853368 0.192734510 0.714595973
1403715936784058112.000000 1.395397782 -0.055563092 -1.583132982 0.079892859 0.665643632 0.197928205 0.715094507
1403715936834057984.000000 1.392177582 -0.052442491 -1.576247692 0.069221176 0.665056646 0.202052355 0.715599775
1403715936884058112.000000 1.387120128 -0.051396668 -1.572665453 0.059177835 0.664041936 0.206974611 0.716036260
1403715936934058240.000000 1.379322529 -0.046780586 -1.566387773 0.051737331 0.662729800 0.212659121 0.716162384
1403715936984058112.000000 1.368430614 -0.044383466 -1.560317516 0.045468729 0.660579026 0.217060804 0.717253506
1403715937034057984.000000 1.355084896 -0.040208817 -1.556769371 0.039505716 0.656682491 0.221119419 0.719940007
1403715937084058368.000000 1.340733171 -0.037094533 -1.552096367 0.032462697 0.651357949 0.226381823 0.723484814
1403715937134057984.000000 1.324745417 -0.033868015 -1.547277570 0.024271874 0.643821955 0.232916698 0.728460073
1403715937184058112.000000 1.306667447 -0.030566663 -1.541853309 0.018281572 0.636108637 0.236615703 0.734196603
1403715937234058240.000000 1.288453937 -0.027503639 -1.536278963 0.011885760 0.627954125 0.238404423 0.740739942
1403715937284058112.000000 1.269207001 -0.022041053 -1.531331778 0.008394890 0.618156731 0.240156233 0.748422921
1403715937334057984.000000 1.249700785 -0.016469270 -1.522798538 0.005005715 0.609326899 0.237885848 0.756376863
1403715937384058112.000000 1.231036782 -0.008961350 -1.517746091 0.003668817 0.599254668 0.234779462 0.765348971
1403715937434058240.000000 1.211436391 -0.000375718 -1.511167288 0.002851656 0.589240253 0.232068449 0.773907065
1403715937484058112.000000 1.190443993 0.009862557 -1.505275011 -0.001077805 0.579176903 0.230907321 0.781815052
1403715937534057984.000000 1.169565201 0.024866834 -1.496532440 -0.008292164 0.567922473 0.235191032 0.788720846
1403715937584058368.000000 1.150186062 0.039360315 -1.488672256 -0.020659531 0.556607544 0.240367785 0.794974625
1403715937634057984.000000 1.129002571 0.052500345 -1.476825476 -0.032634869 0.545860350 0.245049059 0.800576329
1403715937684058112.000000 1.112488627 0.070583940 -1.471290112 -0.041971922 0.533535540 0.248554513 0.807340622
1403715937734058240.000000 1.097636700 0.080939241 -1.461346507 -0.050349548 0.523874760 0.250926942 0.812438190
1403715937784058112.000000 1.084574580 0.092314251 -1.454091787 -0.055859860 0.513508558 0.252604097 0.818156362
1403715937834057984.000000 1.071376443 0.108320326 -1.440979481 -0.060244054 0.504975617 0.250761151 0.823704541
1403715937884058112.000000 1.060863018 0.120109327 -1.431232929 -0.062596783 0.495522439 0.250483632 0.829335392
1403715937934058240.000000 1.053423643 0.130605713 -1.416764021 -0.066065952 0.487289667 0.248021632 0.834667206
1403715937984058112.000000 1.050832987 0.141177639 -1.409028530 -0.069826968 0.476851672 0.245651692 0.841065943
1403715938034057984.000000 1.046337843 0.151357293 -1.395665407 -0.071797103 0.467443794 0.242643446 0.847033441
1403715938084058368.000000 1.045743823 0.161027953 -1.381706119 -0.074276514 0.457394183 0.240304127 0.852952242
1403715938134057984.000000 1.046567202 0.168637127 -1.366295695 -0.076548748 0.447582662 0.236349419 0.859039605
1403715938184058112.000000 1.050375700 0.171803832 -1.351333499 -0.079296090 0.437068343 0.232392818 0.865261316
1403715938234058240.000000 1.061936378 0.175122768 -1.337778568 -0.078140981 0.426324219 0.226448968 0.872274339
1403715938284058112.000000 1.073767424 0.175694644 -1.322329521 -0.073663414 0.417850912 0.214161456 0.879834771
1403715938334057984.000000 1.086906672 0.171174571 -1.306578279 -0.064969532 0.411208242 0.197502509 0.887513101
1403715938384058112.000000 1.103221178 0.162674129 -1.290208697 -0.056782864 0.403964579 0.180654332 0.894959450
1403715938434058240.000000 1.118667364 0.151700035 -1.272038579 -0.047230572 0.395457178 0.169562355 0.901460767
1403715938484058112.000000 1.138095737 0.143606186 -1.251538277 -0.035324417 0.385901541 0.158217654 0.908184648
1403715938534057984.000000 1.157971025 0.131381825 -1.235258341 -0.026409095 0.374655753 0.151164189 0.914376915
1403715938584058368.000000 1.173899174 0.124092475 -1.214875817 -0.018318731 0.364995509 0.145771310 0.919344008
1403715938634057984.000000 1.189011574 0.113883905 -1.192574620 -0.014045124 0.357097685 0.142335385 0.923051834
1403715938684058112.000000 1.209050059 0.105801627 -1.170887947 -0.013102338 0.348883808 0.141272619 0.926364183
1403715938734058240.000000 1.226588011 0.094760001 -1.149827838 -0.018765792 0.341919869 0.142658845 0.928647995
1403715938784058112.000000 1.243663311 0.086875975 -1.128979683 -0.027643533 0.335815191 0.144873708 0.930309415
1403715938834057984.000000 1.265662313 0.077120118 -1.105586529 -0.040099073 0.329530180 0.149452254 0.931378543
1403715938884058112.000000 1.283419013 0.071153983 -1.078782558 -0.050972313 0.324621648 0.153414190 0.931926370
1403715938934058240.000000 1.301195145 0.065555915 -1.054088354 -0.060763050 0.320223212 0.156392500 0.932366014
1403715938984058112.000000 1.323577881 0.056740832 -1.030369043 -0.069949269 0.315457553 0.159729898 0.932780802
1403715939034057984.000000 1.342924118 0.047301281 -0.998492599 -0.077901907 0.312535822 0.162678793 0.932624459
1403715939084058368.000000 1.369229078 0.038701531 -0.971359789 -0.083397336 0.309219301 0.163845256 0.933050454
1403715939134057984.000000 1.397106290 0.027465351 -0.939723194 -0.082953207 0.307229906 0.162958249 0.933902204
1403715939184058112.000000 1.422840238 0.018235922 -0.899840117 -0.071087234 0.309346408 0.157590836 0.935102463
1403715939234058240.000000 1.454578757 0.004321415 -0.870050728 -0.051042862 0.310732096 0.150605619 0.937101007
1403715939284058112.000000 1.485016584 -0.009347226 -0.830606401 -0.028702633 0.313662380 0.142429322 0.938352823
1403715939334057984.000000 1.521051645 -0.026266843 -0.797015667 -0.006424039 0.315275699 0.135044590 0.939320505
1403715939384058112.000000 1.547528148 -0.037587229 -0.755929351 0.018274076 0.319182366 0.127371371 0.938917041
1403715939434058240.000000 1.573367357 -0.051780730 -0.714863300 0.038897999 0.323351085 0.119836979 0.937854111
1403715939484058112.000000 1.599714398 -0.067363344 -0.681671381 0.057246052 0.325879097 0.112919003 0.936896503
1403715939534057984.000000 1.622503161 -0.082787260 -0.643246233 0.073643781 0.330069363 0.106786616 0.935001314
1403715939584058368.000000 1.648453712 -0.096751541 -0.610088587 0.088826351 0.332773894 0.101056486 0.933359027
1403715939634057984.000000 1.671638608 -0.106016785 -0.583140850 0.109588847 0.336008549 0.092773028 0.930850029
1403715939684058112.000000 1.688906670 -0.120062262 -0.555073023 0.130770802 0.339894474 0.086752273 0.927278161
1403715939734058240.000000 1.702467203 -0.137488261 -0.529343188 0.147494331 0.343955636 0.080049142 0.923868001
1403715939784058112.000000 1.722672462 -0.146051183 -0.517439604 0.162150860 0.344277501 0.076563470 0.921584606
1403715939834057984.000000 1.734594464 -0.156781256 -0.507401407 0.173126847 0.345930099 0.072441392 0.919299662
1403715939884058112.000000 1.738380909 -0.163451374 -0.496463418 0.181664854 0.348346800 0.068902001 0.917008698
1403715939934058240.000000 1.735396862 -0.177221775 -0.493789077 0.182655573 0.350489825 0.068356335 0.916035652
1403715939984058112.000000 1.725650072 -0.190943688 -0.497953534 0.177168906 0.351888001 0.070429944 0.916420102
1403715940034057984.000000 1.716669559 -0.199413314 -0.505904555 0.158249214 0.351683825 0.075496532 0.919552088
1403715940084058368.000000 1.699199915 -0.213352844 -0.517586231 0.131573454 0.350931466 0.084971577 0.923209310
1403715940134057984.000000 1.678756118 -0.219344452 -0.530581176 0.102914080 0.349469781 0.094433136 0.926478326
1403715940184058112.000000 1.659298301 -0.233311638 -0.553950131 0.074025393 0.345539361 0.105430871 0.929519892
1403715940234058240.000000 1.635868788 -0.235920727 -0.570337415 0.046875466 0.342754841 0.114310674 0.931265235
1403715940284058112.000000 1.604502201 -0.251663327 -0.586464286 0.019113833 0.340494633 0.125749364 0.931603551
1403715940334057984.000000 1.580272198 -0.255526781 -0.608046770 -0.006893419 0.335302442 0.136078939 0.932205677
1403715940384058112.000000 1.555124640 -0.264796168 -0.628524363 -0.032107532 0.330472827 0.146464095 0.931828916
1403715940434058240.000000 1.526393414 -0.271343529 -0.646556973 -0.058017667 0.326208562 0.155613422 0.930594623
1403715940484058112.000000 1.502764702 -0.279201239 -0.660681307 -0.082194351 0.321565479 0.166070029 0.928579867
1403715940534057984.000000 1.478816032 -0.288611621 -0.676433146 -0.106772341 0.315524369 0.177444860 0.926043987
1403715940584058368.000000 1.459654331 -0.297913879 -0.686764538 -0.131024063 0.308932424 0.190621704 0.922527432
1403715940634057984.000000 1.445243120 -0.308088958 -0.698555171 -0.154641584 0.301470131 0.203349531 0.918613553
1403715940684058112.000000 1.433672547 -0.320011109 -0.704207420 -0.176068887 0.294613928 0.217164531 0.913806319
1403715940734058240.000000 1.429928064 -0.333829880 -0.705581963 -0.194134369 0.289074928 0.225349858 0.909925818
1403715940784058112.000000 1.421703100 -0.346535027 -0.696962655 -0.207630500 0.288006991 0.226613685 0.906966329
1403715940834057984.000000 1.421229482 -0.358363003 -0.690931797 -0.213088542 0.287799954 0.225211978 0.906114817
1403715940884058112.000000 1.432420015 -0.381671935 -0.676177084 -0.211605191 0.290048540 0.220629558 0.906872511
1403715940934058240.000000 1.441891909 -0.409105748 -0.652106404 -0.198919877 0.296796352 0.212102801 0.909590721
1403715940984058112.000000 1.460049033 -0.417654067 -0.629596472 -0.165168688 0.305057317 0.199837089 0.916364849
1403715941034057984.000000 1.492807031 -0.466172814 -0.600416660 -0.134790421 0.313372344 0.186896220 0.921248734
1403715941084058368.000000 1.523765802 -0.496371120 -0.585136771 -0.090950288 0.320607632 0.170176595 0.927350461
1403715941134057984.000000 1.564275384 -0.545241296 -0.554449499 -0.045347251 0.329438984 0.158114254 0.929738402
1403715941184058112.000000 1.591238618 -0.569717705 -0.504172921 0.003981318 0.341848701 0.139155045 0.929386675
1403715941234058240.000000 1.619319677 -0.577204287 -0.468751431 0.048307583 0.348053843 0.121929310 0.928255498
1403715941284058112.000000 1.640052795 -0.611755013 -0.427085370 0.082056679 0.354220659 0.112983622 0.924677908
1403715941334057984.000000 1.679400206 -0.645593047 -0.405331165 0.107927382 0.353613555 0.107505687 0.922903955
1403715941384058112.000000 1.706479311 -0.673769951 -0.384245276 0.131330848 0.353513509 0.103675842 0.920343339
1403715941434058240.000000 1.707344890 -0.713365197 -0.344937146 0.148451433 0.360047311 0.102387995 0.915338635
1403715941484058112.000000 1.734051228 -0.734158516 -0.327136517 0.161595479 0.357308209 0.102470808 0.914175928
1403715941534057984.000000 1.745206594 -0.749184072 -0.306124508 0.172907233 0.357490003 0.101873390 0.912099659
1403715941584058368.000000 1.744832158 -0.770026684 -0.279043674 0.180606186 0.360291392 0.102671899 0.909411907
1403715941634057984.000000 1.750071049 -0.778602242 -0.256816238 0.192195788 0.360875219 0.100038171 0.907095551
1403715941684058112.000000 1.768761158 -0.768994331 -0.246113926 0.208628789 0.356588423 0.098140970 0.905365705
1403715941734058240.000000 1.767735958 -0.769037127 -0.238286167 0.223139271 0.355271816 0.097502582 0.902487695
1403715941784058112.000000 1.778138399 -0.765015662 -0.244235948 0.236917451 0.350489885 0.095550418 0.901053369
1403715941834057984.000000 1.769991755 -0.764709353 -0.243913859 0.246370614 0.351006597 0.092992753 0.898581266
1403715941884058112.000000 1.759947419 -0.761274576 -0.255640864 0.251457274 0.349838316 0.093278334 0.897597671
1403715941934058240.000000 1.740333796 -0.743223488 -0.260923207 0.247437194 0.352996230 0.088132672 0.897998393
1403715941984058112.000000 1.721978426 -0.729087353 -0.279809713 0.232794538 0.353185683 0.091128692 0.901533246
1403715942034057984.000000 1.709544897 -0.703846812 -0.313739121 0.206346586 0.349673569 0.093436114 0.909076035
1403715942084058368.000000 1.660189748 -0.708607733 -0.327956140 0.170462191 0.355020493 0.104721852 0.913201213
1403715942134057984.000000 1.634929299 -0.681360722 -0.358421564 0.135263056 0.351402104 0.112862214 0.919501305
1403715942184058112.000000 1.618613005 -0.642706692 -0.403538287 0.100685202 0.343517214 0.122057073 0.925721705
1403715942234058240.000000 1.545124769 -0.617231190 -0.410255492 0.067329928 0.348455787 0.133174464 0.925370157
1403715942284058112.000000 1.534653425 -0.579726100 -0.468453258 0.026484909 0.335762560 0.146471605 0.930111885
1403715942334057984.000000 1.496133327 -0.534332514 -0.495848417 -0.005631423 0.331419647 0.157104328 0.930294394
1403715942384058112.000000 1.450217366 -0.489481986 -0.522730589 -0.032755036 0.327741385 0.166995794 0.929314315
1403715942434058240.000000 1.422846079 -0.452745736 -0.557376623 -0.054862417 0.321320057 0.176817626 0.928697586
1403715942484058112.000000 1.380147219 -0.401295573 -0.577030778 -0.073380694 0.318180054 0.185357392 0.926832974
1403715942534057984.000000 1.345052481 -0.354325533 -0.599326134 -0.090482883 0.313859195 0.192797825 0.925275207
1403715942584058368.000000 1.315167904 -0.320522040 -0.618775725 -0.110297717 0.310010314 0.199377716 0.923025727
1403715942634057984.000000 1.287144899 -0.279437870 -0.634827673 -0.128220171 0.307093233 0.201795056 0.921158016
1403715942684058112.000000 1.270164967 -0.241585582 -0.656860530 -0.143094867 0.302354872 0.203505665 0.920158088
1403715942734058240.000000 1.252251148 -0.203292668 -0.666827738 -0.152961418 0.299955994 0.204147324 0.919213355
1403715942784058112.000000 1.234763980 -0.161097929 -0.680381238 -0.157460585 0.298515081 0.202914700 0.919195652
1403715942834057984.000000 1.224155903 -0.127065510 -0.684242070 -0.159532711 0.297879249 0.201340988 0.919390619
1403715942884058112.000000 1.217238188 -0.099103302 -0.682087719 -0.159967080 0.298090845 0.198463976 0.919871986
1403715942934058240.000000 1.216968775 -0.076008044 -0.679829955 -0.159815565 0.297188014 0.196601287 0.920590162
1403715942984058112.000000 1.221202254 -0.049492788 -0.672113061 -0.156101957 0.297009856 0.193031386 0.922039151
1403715943034057984.000000 1.227460504 -0.029237697 -0.661049724 -0.152705088 0.298092604 0.186873481 0.923525989
1403715943084058368.000000 1.237642646 -0.011782646 -0.646107554 -0.148562938 0.299975097 0.177622274 0.925415814
1403715943134057984.000000 1.250607252 0.000457179 -0.625108004 -0.140651807 0.302566797 0.169196516 0.927385092
1403715943184058112.000000 1.266742468 0.010339767 -0.602655768 -0.123622052 0.305688769 0.160777062 0.930281043
1403715943234058240.000000 1.286276221 0.014749512 -0.577918887 -0.097007588 0.309187472 0.154940233 0.933266461
1403715943284058112.000000 1.311225414 0.010329046 -0.556386769 -0.064440764 0.311180651 0.148073450 0.936529934
1403715943334057984.000000 1.332519054 0.008791965 -0.522841811 -0.028633451 0.314718574 0.138816625 0.938542724
1403715943384058112.000000 1.353604078 0.008248456 -0.492231369 0.008437816 0.316141605 0.126571268 0.940193057
1403715943434058240.000000 1.380147457 0.002060853 -0.468743205 0.042885348 0.314690560 0.116105415 0.941089928
1403715943484058112.000000 1.399028301 -0.011558317 -0.440493315 0.067228459 0.314608335 0.107890271 0.940670848
1403715943534057984.000000 1.416789055 -0.018446945 -0.413900048 0.085319318 0.313750118 0.102070749 0.940139890
1403715943584058368.000000 1.432245851 -0.021921948 -0.388653606 0.099049322 0.313942999 0.096066549 0.939361691
1403715943634057984.000000 1.447274089 -0.025653213 -0.365321875 0.112042651 0.314263135 0.093094707 0.938093007
1403715943684058112.000000 1.461761236 -0.029707178 -0.349826157 0.122839153 0.314507753 0.091023140 0.936861932
1403715943734058240.000000 1.472674131 -0.034764469 -0.339723498 0.134602875 0.314386308 0.091768183 0.935212255
1403715943784058112.000000 1.475937128 -0.035370916 -0.327154815 0.147226661 0.317792028 0.089629523 0.932362080
1403715943834057984.000000 1.478695393 -0.040311322 -0.320209205 0.157462388 0.321540534 0.087953195 0.929559886
1403715943884058112.000000 1.479636669 -0.039546147 -0.319529235 0.166585356 0.323957413 0.086576521 0.927256942
1403715943934058240.000000 1.476400852 -0.039482445 -0.321745098 0.172931701 0.327877641 0.084148303 0.924937844
1403715943984058112.000000 1.468514919 -0.042314485 -0.333581507 0.170795038 0.329120725 0.086199448 0.924704432
1403715944034057984.000000 1.464151621 -0.046209261 -0.356375456 0.155663550 0.325482309 0.095724724 0.927721441
1403715944084058368.000000 1.453135490 -0.051009893 -0.385118902 0.127184406 0.318520725 0.110166810 0.932862222
1403715944134057984.000000 1.434757948 -0.050294355 -0.408179045 0.095218807 0.311816096 0.122983143 0.937325597
1403715944184058112.000000 1.415147424 -0.053070433 -0.435493976 0.061142523 0.302326530 0.136081487 0.941457510
1403715944234058240.000000 1.397621751 -0.043790333 -0.461173415 0.024044046 0.290015250 0.147741020 0.945243776
1403715944284058112.000000 1.376277804 -0.045870569 -0.490319371 -0.012932094 0.277736187 0.157109752 0.947634935
1403715944334057984.000000 1.354743481 -0.050817072 -0.516875923 -0.044294130 0.265321910 0.161997423 0.949420512
1403715944384058112.000000 1.340812683 -0.044919223 -0.548982561 -0.068699598 0.251655340 0.163402528 0.951446056
1403715944434058240.000000 1.321352243 -0.042264968 -0.570913911 -0.090865865 0.239150628 0.162626982 0.952944338
1403715944484058112.000000 1.309914351 -0.036376722 -0.597196281 -0.109098554 0.223968014 0.161225483 0.954956651
1403715944534057984.000000 1.297927618 -0.035810739 -0.614891291 -0.124645270 0.209981158 0.157736585 0.956812799
1403715944584058368.000000 1.289331794 -0.033094987 -0.628593326 -0.134994552 0.194880277 0.155313849 0.958997309
1403715944634057984.000000 1.280167103 -0.039918922 -0.636780024 -0.144715354 0.181770504 0.150238767 0.960960627
1403715944684058112.000000 1.278095007 -0.040426970 -0.644118309 -0.148828477 0.166909680 0.147332385 0.963475168
1403715944734058240.000000 1.277593851 -0.046406347 -0.646982610 -0.152684852 0.152897820 0.142081231 0.965982676
1403715944784058112.000000 1.280849934 -0.056081638 -0.645697236 -0.155015290 0.139341444 0.132757217 0.968983889
1403715944834057984.000000 1.289457202 -0.066362113 -0.638596714 -0.150422364 0.126570463 0.121877715 0.972881794
1403715944884058112.000000 1.300171018 -0.082867272 -0.629863679 -0.135627493 0.116969958 0.104369670 0.978279233
1403715944934058240.000000 1.311099410 -0.094135806 -0.615310907 -0.108241603 0.108539663 0.082328409 0.984746158
1403715944984058112.000000 1.321314216 -0.108253218 -0.598572254 -0.074748166 0.102186516 0.063298896 0.989931285
1403715945034057984.000000 1.333601713 -0.121015429 -0.580612004 -0.034816101 0.096181557 0.044505216 0.993758619
1403715945084058368.000000 1.345824838 -0.143889055 -0.557973504 0.003908516 0.091356359 0.028122896 0.995413423
1403715945134057984.000000 1.366637230 -0.169059426 -0.532968044 0.035991833 0.086289451 0.016586181 0.995481670
1403715945184058112.000000 1.375657678 -0.190763533 -0.513020158 0.062181663 0.084375657 0.006354613 0.994471669
1403715945234058240.000000 1.381510377 -0.203331277 -0.491340071 0.086149685 0.083256997 -0.001079490 0.992796719
1403715945284058112.000000 1.398453593 -0.229570717 -0.473127693 0.102934644 0.080648690 -0.005284278 0.991399169
1403715945334057984.000000 1.406021476 -0.243872330 -0.456952929 0.122412242 0.080653399 -0.008524016 0.989160120
1403715945384058112.000000 1.411165357 -0.262536049 -0.446500480 0.140552059 0.081663407 -0.011048739 0.986637831
1403715945434058240.000000 1.413211346 -0.276064157 -0.441206396 0.158538178 0.082949601 -0.011942690 0.983789861
1403715945484058112.000000 1.413061738 -0.294832826 -0.437552899 0.174481496 0.083388217 -0.010530869 0.981066644
1403715945534057984.000000 1.413583159 -0.302509367 -0.440271348 0.186928242 0.083479002 -0.007758866 0.978789508
1403715945584058368.000000 1.411052465 -0.313279659 -0.446559250 0.178522974 0.081846163 -0.000047444 0.980525732
1403715945634057984.000000 1.401017547 -0.324083149 -0.457909256 0.151094452 0.080509029 0.009564230 0.985188961
1403715945684058112.000000 1.395354629 -0.316344261 -0.476242423 0.123522915 0.077064298 0.019928953 0.989144146
1403715945734058240.000000 1.393425584 -0.317424119 -0.496381789 0.094322018 0.074533157 0.026384776 0.992397130
1403715945784058112.000000 1.385280371 -0.315045536 -0.517672002 0.064082980 0.073196568 0.032173194 0.994736433
1403715945834057984.000000 1.379265070 -0.308935761 -0.544355452 0.032783538 0.071941912 0.034804545 0.996262193
1403715945884058112.000000 1.360397100 -0.317766845 -0.565011203 -0.001626297 0.073250882 0.039578050 0.996526599
1403715945934058240.000000 1.342088699 -0.316362411 -0.591464400 -0.031907056 0.073847227 0.041847631 0.995880246
1403715945984058112.000000 1.337423086 -0.315673649 -0.607161641 -0.057854112 0.070543148 0.046178650 0.994758368
1403715946034057984.000000 1.331308126 -0.315359801 -0.626679540 -0.079539545 0.065975472 0.047907934 0.993491590
1403715946084058368.000000 1.320188046 -0.313424110 -0.641804934 -0.096496247 0.061424799 0.047637448 0.992293417
1403715946134057984.000000 1.310107112 -0.322776854 -0.653005123 -0.115060702 0.055261906 0.048262239 0.990645230
1403715946184058112.000000 1.304165125 -0.325479507 -0.662831664 -0.130086631 0.047349859 0.046722226 0.989268661
1403715946234058240.000000 1.293661594 -0.333202928 -0.667659819 -0.142825410 0.039847892 0.044810835 0.987929702
1403715946284058112.000000 1.284902453 -0.341034949 -0.667498350 -0.150505766 0.032190278 0.042028472 0.987190723
1403715946334057984.000000 1.278256416 -0.353566855 -0.663893938 -0.150561377 0.023908781 0.036352750 0.987642705
1403715946384058112.000000 1.263914108 -0.370527476 -0.651698411 -0.140472054 0.018667771 0.027627669 0.989523053
1403715946434058240.000000 1.255806804 -0.389124632 -0.637374580 -0.119687803 0.012497962 0.017877167 0.992571950
1403715946484058112.000000 1.247860193 -0.408033460 -0.618096411 -0.090564385 0.007185006 0.008666781 0.995827019
1403715946534057984.000000 1.244606137 -0.425453544 -0.596234679 -0.058668248 0.000727678 0.005638001 0.998261333
1403715946584058368.000000 1.238962293 -0.452923596 -0.572319090 -0.025911631 -0.005074029 0.003700466 0.999644578
1403715946634057984.000000 1.232649922 -0.487669230 -0.548051417 0.005026393 -0.009562584 0.003476494 0.999935627
1403715946684058112.000000 1.213014722 -0.522293150 -0.521138728 0.031880666 -0.011928719 0.002754368 0.999416769
1403715946734058240.000000 1.198844790 -0.532160878 -0.500229895 0.058685761 -0.013680699 0.002328329 0.998180032
1403715946784058112.000000 1.182505965 -0.555786133 -0.475510985 0.077525027 -0.015803486 0.003284685 0.996859789
1403715946834057984.000000 1.179684997 -0.573352337 -0.457106918 0.091198213 -0.019646646 0.003642228 0.995632291
1403715946884058112.000000 1.166892886 -0.592038333 -0.439446002 0.102458350 -0.020491576 0.004641696 0.994515419
1403715946934058240.000000 1.164665222 -0.615662932 -0.425814688 0.112167634 -0.022693887 0.004478259 0.993420064
1403715946984058112.000000 1.156594038 -0.622000933 -0.408173352 0.123428136 -0.022675691 0.003628544 0.992087841
1403715947034057984.000000 1.150388598 -0.648848057 -0.399330318 0.131702408 -0.022772297 0.004448689 0.991017759
1403715947084058368.000000 1.133592963 -0.649056673 -0.389043897 0.147297114 -0.021317491 0.006363689 0.988842070
1403715947134057984.000000 1.127338529 -0.648872793 -0.385961980 0.172066763 -0.021345375 0.008480997 0.984817505
1403715947184058112.000000 1.126738906 -0.657762110 -0.387957782 0.193963796 -0.020797797 0.010344770 0.980733693
1403715947234058240.000000 1.121524572 -0.655543208 -0.390439570 0.211333558 -0.019879924 0.012812186 0.977127790
1403715947284058112.000000 1.111203551 -0.663305283 -0.400972754 0.216404766 -0.017853200 0.016572502 0.975999773
1403715947334057984.000000 1.102404833 -0.656170547 -0.414698094 0.212318927 -0.016271858 0.019547069 0.976869404
1403715947384058112.000000 1.097132564 -0.656422138 -0.435778052 0.193117455 -0.014664728 0.021257397 0.980835736
1403715947434058240.000000 1.088681102 -0.643478751 -0.458632618 0.165098056 -0.012626955 0.020712039 0.985978842
1403715947484058112.000000 1.091643929 -0.632244766 -0.485392660 0.132977918 -0.014421224 0.020948453 0.990792692
1403715947534057984.000000 1.078040004 -0.619173467 -0.515306413 0.100676775 -0.014755603 0.024888434 0.994498372
1403715947584058368.000000 1.071349859 -0.597404301 -0.543288708 0.072591446 -0.017231479 0.029504601 0.996776402
1403715947634057984.000000 1.058185577 -0.570022702 -0.572458625 0.039911516 -0.018677600 0.033879295 0.998454034
1403715947684058112.000000 1.053208232 -0.542543411 -0.601049185 0.009447798 -0.022004038 0.038947009 0.998954356
1403715947734058240.000000 1.059478045 -0.517137051 -0.629825294 -0.019087706 -0.026321661 0.041672081 0.998602152
1403715947784058112.000000 1.054347038 -0.487117589 -0.656310380 -0.040742453 -0.026394863 0.040276971 0.998008609
1403715947834057984.000000 1.048611164 -0.466339082 -0.680232286 -0.061133124 -0.025449498 0.035605140 0.997169733
1403715947884058112.000000 1.045497894 -0.435345799 -0.700967073 -0.078519553 -0.024646860 0.029361436 0.996175289
1403715947934058240.000000 1.048786640 -0.410670519 -0.720652342 -0.095849447 -0.026336495 0.025535740 0.994719684
1403715947984058112.000000 1.042252898 -0.379064143 -0.734472156 -0.111346424 -0.026129561 0.019014264 0.993256152
1403715948034057984.000000 1.035014868 -0.357875943 -0.745340288 -0.127954260 -0.026182197 0.014974944 0.991321385
1403715948084058368.000000 1.033157110 -0.334241390 -0.751889467 -0.142454237 -0.028034624 0.011995167 0.989331603
1403715948134057984.000000 1.030823112 -0.316766679 -0.753189087 -0.153439999 -0.029061556 0.008580841 0.987693250
1403715948184058112.000000 1.025672436 -0.298802257 -0.749665558 -0.160814062 -0.029676834 0.005245153 0.986524522
1403715948234058240.000000 1.026053071 -0.292155892 -0.738968253 -0.161653668 -0.031569719 0.004991123 0.986329854
1403715948284058112.000000 1.022121549 -0.286912680 -0.722387910 -0.153509244 -0.031825460 0.005212503 0.987620890
1403715948334057984.000000 1.020055413 -0.286217988 -0.702773809 -0.136019394 -0.033163551 0.006506552 0.990129590
1403715948384058112.000000 1.016829252 -0.282753229 -0.676228583 -0.109776378 -0.033976950 0.008019438 0.993343055
1403715948434058240.000000 1.013294935 -0.292092651 -0.647978067 -0.082850665 -0.033783283 0.010669062 0.995932102
1403715948484058112.000000 1.007610917 -0.288530797 -0.616345763 -0.051399436 -0.031875797 0.009972468 0.998119533
1403715948534057984.000000 1.005109549 -0.297938168 -0.582927942 -0.024506893 -0.029542828 0.010049475 0.999212503
1403715948584058368.000000 0.999225020 -0.302359819 -0.548734546 0.004219066 -0.025874967 0.009035321 0.999615490
1403715948634057984.000000 0.995906949 -0.304558247 -0.514291942 0.027694311 -0.022956418 0.008704492 0.999314964
1403715948684058112.000000 0.991258264 -0.312794358 -0.479918331 0.048490811 -0.019497350 0.008022396 0.998601079
1403715948734058240.000000 0.990778029 -0.314638108 -0.446876287 0.070270486 -0.016580904 0.008362996 0.997355163
1403715948784058112.000000 0.985760629 -0.319346517 -0.417968541 0.086149499 -0.012881691 0.008195504 0.996165276
1403715948834057984.000000 0.983640969 -0.312381983 -0.388721615 0.101129211 -0.011495091 0.009222882 0.994764149
1403715948884058112.000000 0.983832598 -0.317486763 -0.362795144 0.111847833 -0.011381582 0.009641722 0.993613422
1403715948934058240.000000 0.973438859 -0.320042789 -0.339895070 0.121420212 -0.011645392 0.011603902 0.992465079
1403715948984058112.000000 0.978220880 -0.319806665 -0.321818680 0.131520808 -0.016704567 0.012336917 0.991095901
1403715949034057984.000000 0.973177671 -0.314839542 -0.308539748 0.141895518 -0.020824203 0.011976202 0.989590168
1403715949084058368.000000 0.968548894 -0.311698109 -0.297132552 0.147467554 -0.026585430 0.011497518 0.988642752
1403715949134057984.000000 0.969041348 -0.306902260 -0.291788936 0.147427857 -0.034964465 0.011299849 0.988390088
1403715949184058112.000000 0.962455809 -0.288300246 -0.282867014 0.141381785 -0.042972542 0.009014299 0.988980949
1403715949234058240.000000 0.949918389 -0.277034014 -0.288817286 0.121315591 -0.049620260 0.004789507 0.991361439
1403715949284058112.000000 0.941812277 -0.261679292 -0.294348955 0.098540254 -0.058155101 0.001282297 0.993431509
1403715949334057984.000000 0.949329853 -0.256536156 -0.301838696 0.068485789 -0.070015363 -0.006052466 0.995173872
1403715949384058112.000000 0.950859547 -0.259071708 -0.309426308 0.033930819 -0.079644963 -0.010635906 0.996188939
1403715949434058240.000000 0.956111193 -0.234337121 -0.324188679 0.005341597 -0.088993199 -0.015804606 0.995892525
1403715949484058112.000000 0.954552650 -0.238118753 -0.329234838 -0.024105949 -0.096572697 -0.021904116 0.994792938
1403715949534057984.000000 0.953475296 -0.219099998 -0.337621689 -0.043411668 -0.104528733 -0.027747992 0.993186414
1403715949584058368.000000 0.953271151 -0.220351413 -0.343841881 -0.062221289 -0.112508148 -0.034086753 0.991114795
1403715949634057984.000000 0.953154385 -0.220819890 -0.346595466 -0.078108683 -0.122511849 -0.038881276 0.988624394
1403715949684058112.000000 0.954307497 -0.200023070 -0.349857301 -0.086378865 -0.132390454 -0.045763247 0.986365676
1403715949734058240.000000 0.946779311 -0.197701648 -0.349681348 -0.098293215 -0.141055435 -0.052417535 0.983714521
1403715949784058112.000000 0.940538168 -0.198976025 -0.345086843 -0.108439974 -0.149348944 -0.060609229 0.980949700
1403715949834057984.000000 0.937794268 -0.200859115 -0.336940646 -0.112054363 -0.158537731 -0.069503598 0.978508532
1403715949884058112.000000 0.930806398 -0.202927992 -0.325303495 -0.112340711 -0.167139485 -0.080332980 0.976212382
1403715949934058240.000000 0.924744904 -0.205236718 -0.308485061 -0.107488878 -0.176209465 -0.091338575 0.974193871
1403715949984058112.000000 0.909461617 -0.215846151 -0.288567156 -0.100685753 -0.181898102 -0.104985289 0.972498655
1403715950034057984.000000 0.897468567 -0.227365285 -0.268887222 -0.091612577 -0.189738229 -0.117480420 0.970466316
1403715950084058368.000000 0.880383074 -0.239715114 -0.242783487 -0.075336732 -0.197693259 -0.127214015 0.969050229
1403715950134057984.000000 0.860974193 -0.244766414 -0.216025323 -0.046630643 -0.206532225 -0.132901520 0.968249619
1403715950184058112.000000 0.843557298 -0.267721802 -0.186299115 -0.021732064 -0.217055216 -0.131656796 0.966996074
1403715950234058240.000000 0.823126674 -0.283381134 -0.157023296 0.011325189 -0.226640612 -0.124035381 0.965981901
1403715950284058112.000000 0.798556864 -0.291922837 -0.131624013 0.041555341 -0.235350013 -0.111097507 0.964645505
1403715950334057984.000000 0.773201823 -0.302200288 -0.103660822 0.068791769 -0.242499441 -0.099544547 0.962576091
1403715950384058112.000000 0.737506509 -0.314140260 -0.083342627 0.092312455 -0.245466545 -0.088932306 0.960893214
1403715950434058240.000000 0.712254763 -0.346164048 -0.055379476 0.108464353 -0.250023365 -0.080551520 0.958767653
1403715950484058112.000000 0.691912174 -0.355015904 -0.033557493 0.130221426 -0.253089458 -0.072756425 0.955873847
1403715950534057984.000000 0.668268681 -0.374172509 -0.017382793 0.146415204 -0.253472179 -0.066190936 0.953904212
1403715950584058368.000000 0.645550549 -0.388086915 -0.008634096 0.157653585 -0.252189279 -0.062285982 0.952715278
1403715950634057984.000000 0.638468385 -0.401873380 0.015976278 0.165340096 -0.256816477 -0.057198986 0.950492680
1403715950684058112.000000 0.619436443 -0.392254680 0.018940542 0.179310888 -0.254816890 -0.053928453 0.948687375
1403715950734058240.000000 0.608832121 -0.398384035 0.021304568 0.188777879 -0.255144805 -0.049438551 0.947005749
1403715950784058112.000000 0.602955818 -0.415239841 0.021417700 0.194374338 -0.256841421 -0.047168348 0.945529640
1403715950834057984.000000 0.599357247 -0.426515430 0.016701054 0.199920535 -0.259481251 -0.045079488 0.943752706
1403715950884058112.000000 0.595512629 -0.419154465 0.008556471 0.206936479 -0.260350257 -0.044169571 0.942042530
1403715950934058240.000000 0.591886163 -0.427998990 -0.010621062 0.198684290 -0.261913925 -0.043914255 0.943396688
1403715950984058112.000000 0.596576095 -0.422950745 -0.028510723 0.182026759 -0.265756309 -0.044408586 0.945657313
1403715951034057984.000000 0.593924701 -0.419638515 -0.055385895 0.153542653 -0.266702741 -0.046728674 0.950321496
1403715951084058368.000000 0.588069856 -0.382443339 -0.088454872 0.130601048 -0.263584465 -0.053054344 0.954280853
1403715951134057984.000000 0.592850566 -0.374680072 -0.112680338 0.101192929 -0.265206277 -0.062117357 0.956852734
1403715951184058112.000000 0.598545194 -0.372121423 -0.147438392 0.067551270 -0.265723437 -0.073647596 0.958855510
1403715951234058240.000000 0.601611078 -0.371711671 -0.189817384 0.031890318 -0.265602082 -0.085739926 0.959732950
1403715951284058112.000000 0.615659535 -0.371516466 -0.218403518 -0.000555812 -0.269935101 -0.096183158 0.958062470
1403715951334057984.000000 0.611612856 -0.367753983 -0.256041855 -0.028675448 -0.271032095 -0.106285810 0.956254542
1403715951384058112.000000 0.645969510 -0.344851255 -0.280999810 -0.045353495 -0.281442463 -0.115408733 0.951532483
1403715951434058240.000000 0.647374928 -0.340541422 -0.309272587 -0.065992557 -0.285111338 -0.123590536 0.948199332
1403715951484058112.000000 0.654643476 -0.333423138 -0.332891703 -0.084112339 -0.290871203 -0.131071374 0.944001794
1403715951534057984.000000 0.652903855 -0.326767683 -0.360258818 -0.099725574 -0.295548201 -0.138120010 0.940015435
1403715951584058368.000000 0.653603256 -0.324358791 -0.381854236 -0.112450153 -0.301420897 -0.145846307 0.935536921
1403715951634057984.000000 0.648904085 -0.324104071 -0.399773329 -0.123859696 -0.307677984 -0.151991516 0.931070209
1403715951684058112.000000 0.639317989 -0.332528144 -0.412620902 -0.133360997 -0.313675284 -0.159249946 0.926532388
1403715951734058240.000000 0.635332286 -0.326010674 -0.420619726 -0.136694163 -0.321770549 -0.164228126 0.922392368
1403715951784058112.000000 0.620588183 -0.335364699 -0.429609001 -0.141345695 -0.328095973 -0.169504613 0.918500245
1403715951834057984.000000 0.605115950 -0.340423316 -0.428485900 -0.139681041 -0.336986542 -0.172260359 0.915016830
1403715951884058112.000000 0.578882992 -0.350794703 -0.431185186 -0.128810257 -0.345157474 -0.171897322 0.913633227
1403715951934058240.000000 0.560197830 -0.367256880 -0.418821990 -0.105526827 -0.359677315 -0.164284974 0.912418127
1403715951984058112.000000 0.534685433 -0.385650635 -0.412903786 -0.076056451 -0.374335051 -0.155950353 0.910916090
1403715952034057984.000000 0.515666902 -0.406159639 -0.403321594 -0.044875905 -0.389898360 -0.143836915 0.908447206
1403715952084058368.000000 0.484165996 -0.431666255 -0.383041263 -0.012605241 -0.406250089 -0.132701740 0.903986871
1403715952134057984.000000 0.427959889 -0.482160896 -0.384636998 0.010880944 -0.414952159 -0.124346532 0.901240468
1403715952184058112.000000 0.395940244 -0.506093979 -0.364651233 0.035670061 -0.428528070 -0.117520869 0.895142555
1403715952234058240.000000 0.379318744 -0.538764119 -0.344663322 0.054060865 -0.442539871 -0.109493457 0.888395786
1403715952284058112.000000 0.339226454 -0.522163808 -0.349019021 0.078759745 -0.447627991 -0.102983989 0.884771466
1403715952334057984.000000 0.296190083 -0.515482008 -0.347285688 0.097031467 -0.451881051 -0.096691728 0.881498277
1403715952384058112.000000 0.278965324 -0.519855261 -0.328278452 0.112302892 -0.460183948 -0.090472430 0.876032889
1403715952434058240.000000 0.266670555 -0.558230758 -0.317631692 0.119707599 -0.467998445 -0.090628520 0.870881259
1403715952484058112.000000 0.254026830 -0.566088021 -0.309170544 0.128599644 -0.474325538 -0.087659858 0.866483271
1403715952534057984.000000 0.237732887 -0.586705863 -0.306392670 0.134854004 -0.479032248 -0.088576637 0.862842321
1403715952584058368.000000 0.244640186 -0.599530399 -0.277004391 0.141676947 -0.491281927 -0.086191334 0.855067730
1403715952634057984.000000 0.249397874 -0.611897945 -0.260787129 0.150634319 -0.500797272 -0.081743918 0.848427653
1403715952684058112.000000 0.249542177 -0.621775568 -0.267868578 0.161876246 -0.504901588 -0.076673567 0.844388366
1403715952734058240.000000 0.250542462 -0.615869641 -0.267029017 0.179299116 -0.508286357 -0.068442740 0.839531064
1403715952784058112.000000 0.262466311 -0.640650272 -0.271228611 0.188330337 -0.512759387 -0.064512044 0.835133374
1403715952834057984.000000 0.277576923 -0.630951583 -0.278644204 0.201540753 -0.514168799 -0.058437396 0.831623077
1403715952884058112.000000 0.294735104 -0.632238686 -0.287309766 0.196119085 -0.514243543 -0.061205201 0.832673252
1403715952934058240.000000 0.334509969 -0.646480858 -0.288604766 0.173582494 -0.517090976 -0.076465681 0.834649086
1403715952984058112.000000 0.372817308 -0.648015976 -0.290308714 0.144899473 -0.517884552 -0.096462302 0.837552845
1403715953034057984.000000 0.411172390 -0.645839274 -0.297430933 0.113780275 -0.517665982 -0.116663769 0.839920044
1403715953084058368.000000 0.442830116 -0.632553995 -0.323846817 0.078372844 -0.512570798 -0.138588071 0.843754828
1403715953134057984.000000 0.496351779 -0.624402761 -0.319596887 0.046491202 -0.511511683 -0.160587892 0.842855752
1403715953184058112.000000 0.524564445 -0.601348519 -0.346915603 0.014365830 -0.503804922 -0.177888483 0.845180511
1403715953234058240.000000 0.559746683 -0.610734046 -0.365746707 -0.015695130 -0.497246891 -0.197403461 0.844707668
1403715953284058112.000000 0.595499754 -0.590641499 -0.372596502 -0.034703366 -0.493159086 -0.210029840 0.843491137
1403715953334057984.000000 0.643249750 -0.571801662 -0.365399420 -0.050202087 -0.493186831 -0.219208956 0.840353489
1403715953384058112.000000 0.671864033 -0.568396926 -0.374447763 -0.068137862 -0.490456462 -0.230866492 0.837562144
1403715953434058240.000000 0.704736710 -0.550562322 -0.377477676 -0.082165740 -0.490370899 -0.239962533 0.833788514
1403715953484058112.000000 0.731442750 -0.542618036 -0.380545974 -0.096026473 -0.491617262 -0.249158084 0.828861713
1403715953534057984.000000 0.758426547 -0.533293009 -0.373571783 -0.106415421 -0.495986044 -0.257991880 0.822261453
1403715953584058368.000000 0.773930907 -0.522680163 -0.376513600 -0.114860035 -0.498957902 -0.267897338 0.816136837
1403715953634057984.000000 0.786915064 -0.522195697 -0.369153559 -0.122898623 -0.504471362 -0.277780205 0.808234334
1403715953684058112.000000 0.793791354 -0.521331608 -0.363816500 -0.128820404 -0.510318518 -0.286501735 0.800560534
1403715953734058240.000000 0.796891510 -0.515883327 -0.358046174 -0.131535813 -0.515743375 -0.294418097 0.793741107
1403715953784058112.000000 0.785362422 -0.517010570 -0.353318930 -0.132396147 -0.518722117 -0.303090006 0.788375080
1403715953834057984.000000 0.775174618 -0.517972469 -0.340344667 -0.125605762 -0.524470687 -0.309773386 0.783067167
1403715953884058112.000000 0.753952503 -0.525598645 -0.336881340 -0.111936614 -0.527680457 -0.317514509 0.779876947
1403715953934058240.000000 0.730295956 -0.529350758 -0.319708705 -0.088756479 -0.533978641 -0.324505061 0.775683999
1403715953984058112.000000 0.709111929 -0.527969599 -0.286296606 -0.051753659 -0.544492126 -0.326933056 0.770691037
1403715954034057984.000000 0.670271456 -0.528687537 -0.281824946 -0.013276272 -0.548009038 -0.328734487 0.769053638
1403715954084058368.000000 0.635639012 -0.530275285 -0.256263852 0.020938732 -0.557638228 -0.320974797 0.765229702
1403715954134057984.000000 0.595439136 -0.527491152 -0.243376493 0.052775107 -0.565773547 -0.305768937 0.763950586
1403715954184058112.000000 0.553239763 -0.530716538 -0.236801505 0.079733305 -0.573454738 -0.288922369 0.762440979
1403715954234058240.000000 0.512647450 -0.539288640 -0.227956831 0.101131432 -0.581701815 -0.269131511 0.760896683
1403715954284058112.000000 0.458390534 -0.546649992 -0.239450723 0.118137442 -0.586201370 -0.251669109 0.760969281
1403715954334057984.000000 0.413040191 -0.548074901 -0.253913462 0.128563643 -0.591224015 -0.231199503 0.761887431
1403715954384058112.000000 0.369355321 -0.550158501 -0.250884324 0.132901847 -0.601221681 -0.205940783 0.760564327
1403715954434058240.000000 0.323355645 -0.520223796 -0.275575876 0.141171768 -0.605082154 -0.175987840 0.763527632
1403715954484058112.000000 0.290165693 -0.511162400 -0.287410587 0.149338618 -0.610315502 -0.151287109 0.763102353
1403715954534057984.000000 0.269460708 -0.527032197 -0.278681397 0.157898515 -0.618962824 -0.135611609 0.757339180
1403715954584058368.000000 0.250394762 -0.530131400 -0.282244086 0.168091610 -0.623735666 -0.120099857 0.753840268
1403715954634057984.000000 0.234604836 -0.529958427 -0.286058724 0.176499993 -0.628082812 -0.107773855 0.750163078
1403715954684058112.000000 0.223033145 -0.532356620 -0.287008345 0.182528630 -0.633049726 -0.099286415 0.745703459
1403715954734058240.000000 0.223480016 -0.532360792 -0.288139492 0.184690922 -0.636326849 -0.098791286 0.742440403
1403715954784058112.000000 0.225339770 -0.532526970 -0.286702037 0.180622324 -0.639360487 -0.103621662 0.740173161
1403715954834057984.000000 0.233280852 -0.528347969 -0.291695654 0.170066729 -0.640024543 -0.112745576 0.740766048
1403715954884058112.000000 0.253544271 -0.525366604 -0.290525019 0.157689646 -0.641090512 -0.124352388 0.740725040
1403715954934058240.000000 0.273333132 -0.533165812 -0.293673158 0.137477607 -0.640974760 -0.143820211 0.741327882
1403715954984058112.000000 0.300890744 -0.529394209 -0.293689966 0.117478311 -0.638749361 -0.164266348 0.742438376
1403715955034057984.000000 0.327976346 -0.497995347 -0.323041081 0.100919008 -0.630581141 -0.178339899 0.748583853
1403715955084058368.000000 0.359479666 -0.487441957 -0.330424845 0.079654530 -0.626952708 -0.193617344 0.750398517
1403715955134057984.000000 0.400199026 -0.478876710 -0.352364302 0.056482982 -0.621228278 -0.208663225 0.753223002
1403715955184058112.000000 0.426291406 -0.457317054 -0.392783493 0.031712599 -0.611283600 -0.220817953 0.759319603
1403715955234058240.000000 0.457811773 -0.423917323 -0.421576530 0.008484468 -0.603203356 -0.229918897 0.763682663
1403715955284058112.000000 0.446613699 -0.370015860 -0.492388129 -0.011195933 -0.587297440 -0.234458208 0.774587512
1403715955334057984.000000 0.466404080 -0.379238814 -0.510955095 -0.029892309 -0.580057919 -0.251441061 0.774220049
1403715955384058112.000000 0.493891120 -0.375425607 -0.521717489 -0.045838051 -0.575820088 -0.261419415 0.773298144
1403715955434058240.000000 0.520750999 -0.361565053 -0.536660314 -0.058385089 -0.571801305 -0.268242329 0.773098052
1403715955484058112.000000 0.541525185 -0.355562389 -0.548286915 -0.073345557 -0.569221079 -0.274962127 0.771364868
1403715955534057984.000000 0.559137225 -0.348487884 -0.561578989 -0.089686424 -0.567747235 -0.279552639 0.769070804
1403715955584058368.000000 0.568894565 -0.346960247 -0.575281680 -0.106519356 -0.566954195 -0.284016758 0.765866220
1403715955634057984.000000 0.573876441 -0.344032139 -0.587084889 -0.118138976 -0.567383468 -0.289546967 0.761762321
1403715955684058112.000000 0.567806363 -0.342437387 -0.602496445 -0.125895143 -0.568208635 -0.294965506 0.757815719
1403715955734058240.000000 0.567569792 -0.339903414 -0.611455977 -0.119726844 -0.573750436 -0.300361007 0.752501965
1403715955784058112.000000 0.564510226 -0.338677913 -0.604818821 -0.101748236 -0.586954057 -0.297747791 0.745974898
1403715955834057984.000000 0.540387809 -0.348175079 -0.614292622 -0.077049412 -0.602118969 -0.286155134 0.741371274
1403715955884058112.000000 0.521342635 -0.350199789 -0.619369268 -0.046831172 -0.618904769 -0.272451460 0.735210121
1403715955934058240.000000 0.489937544 -0.373622060 -0.626720667 -0.022896091 -0.635376513 -0.260893345 0.726434529
1403715955984058112.000000 0.464708865 -0.385523200 -0.629737735 0.004087164 -0.652847350 -0.245594427 0.716559231
1403715956034057984.000000 0.434389055 -0.397156626 -0.641724169 0.034253515 -0.667187452 -0.235540390 0.705838859
1403715956084058368.000000 0.416715115 -0.390178859 -0.639063835 0.063168481 -0.682839036 -0.222262070 0.693065822
1403715956134057984.000000 0.394464016 -0.395718843 -0.640300095 0.084451012 -0.695784628 -0.216597751 0.679586172
1403715956184058112.000000 0.368888080 -0.411474258 -0.655207932 0.101964720 -0.706494451 -0.215579122 0.666329086
1403715956234058240.000000 0.339379609 -0.421685517 -0.663864315 0.113730662 -0.717993200 -0.215565130 0.651983738
1403715956284058112.000000 0.325816005 -0.421149939 -0.665154696 0.123151265 -0.729907811 -0.214597434 0.637194157
1403715956334057984.000000 0.311741650 -0.435314983 -0.674015164 0.128129363 -0.742237508 -0.213339537 0.622215867
1403715956384058112.000000 0.306810677 -0.430789649 -0.676030993 0.137977436 -0.755978703 -0.204206347 0.606430769
1403715956434058240.000000 0.298461318 -0.441991150 -0.686660588 0.145284355 -0.769808531 -0.195093542 0.590106606
1403715956484058112.000000 0.295842975 -0.445422173 -0.690662622 0.155646279 -0.784106791 -0.181031689 0.572868586
1403715956534057984.000000 0.303539872 -0.445468247 -0.692749619 0.163191929 -0.796774149 -0.168381840 0.556926370
1403715956584058368.000000 0.305003762 -0.465140551 -0.710438550 0.165756404 -0.806039751 -0.164175734 0.543940425
1403715956634057984.000000 0.325423539 -0.472769380 -0.716915369 0.166904390 -0.813845873 -0.158929110 0.533422291
1403715956684058112.000000 0.346911728 -0.472286940 -0.720915020 0.163834304 -0.818532228 -0.161308154 0.526443779
1403715956734058240.000000 0.370791435 -0.476773739 -0.721361160 0.153509706 -0.822206080 -0.168724686 0.521482468
1403715956784058112.000000 0.397564054 -0.486006677 -0.719243467 0.139993966 -0.824211359 -0.181030303 0.517982006
1403715956834057984.000000 0.434785783 -0.494182706 -0.719326079 0.124497816 -0.824050665 -0.194305420 0.517384112
1403715956884058112.000000 0.471685767 -0.501116753 -0.718012214 0.107353553 -0.822253168 -0.210851356 0.517606735
1403715956934058240.000000 0.514802098 -0.513011694 -0.720752835 0.090233423 -0.817590594 -0.230790779 0.519749284
1403715956984058112.000000 0.554395318 -0.519472957 -0.714953780 0.072711222 -0.811954141 -0.252661526 0.521158099
1403715957034057984.000000 0.592890978 -0.534112215 -0.710329235 0.055038266 -0.804776430 -0.275740266 0.522755206
1403715957084058368.000000 0.636618614 -0.537955940 -0.698145986 0.040880904 -0.797860563 -0.295043379 0.524115205
1403715957134057984.000000 0.685783982 -0.529441833 -0.691997528 0.028353885 -0.790377736 -0.311686397 0.526640892
1403715957184058112.000000 0.726952076 -0.527202845 -0.683795571 0.013380024 -0.783104479 -0.328554422 0.527845025
1403715957234058240.000000 0.764311016 -0.537185729 -0.678629160 -0.003660588 -0.774738133 -0.346793503 0.528679192
1403715957284058112.000000 0.816279590 -0.515478075 -0.670035064 -0.017486222 -0.766881704 -0.360203356 0.530886352
1403715957334057984.000000 0.852357626 -0.515729308 -0.669287384 -0.036095913 -0.757100761 -0.377847224 0.531720757
1403715957384058112.000000 0.878190994 -0.512608409 -0.660325587 -0.050260026 -0.748096168 -0.394754797 0.531031847
1403715957434058240.000000 0.912992001 -0.491121978 -0.652200699 -0.060769867 -0.740024388 -0.407179266 0.531860888
1403715957484058112.000000 0.938370705 -0.472876608 -0.640510261 -0.070152111 -0.732986748 -0.419031709 0.531245232
1403715957534057984.000000 0.968855619 -0.459367573 -0.648606360 -0.077530898 -0.724706411 -0.429550260 0.533175528
1403715957584058368.000000 0.969869792 -0.454632044 -0.638869047 -0.084238939 -0.719273627 -0.441232234 0.529965580
1403715957634057984.000000 0.991095066 -0.424828619 -0.649552524 -0.087974742 -0.713825345 -0.446920633 0.531954765
1403715957684058112.000000 0.968853891 -0.431059629 -0.651165426 -0.089310177 -0.711242139 -0.455463260 0.527931452
1403715957734058240.000000 0.981027961 -0.402249455 -0.659561694 -0.081116483 -0.713680863 -0.450631708 0.530104518
1403715957784058112.000000 0.959703326 -0.398676783 -0.676783919 -0.072562307 -0.720221817 -0.442069232 0.529707611
1403715957834057984.000000 0.928297043 -0.392683357 -0.689555645 -0.055490091 -0.733497322 -0.423082054 0.529059649
1403715957884058112.000000 0.897344232 -0.380630970 -0.704591453 -0.036733106 -0.749928415 -0.397088379 0.527805746
1403715957934058240.000000 0.871458948 -0.363579690 -0.725112557 -0.015718782 -0.766268313 -0.369953841 0.525090456
1403715957984058112.000000 0.843854547 -0.347894847 -0.752932668 0.005254219 -0.781070292 -0.343908638 0.521179974
1403715958034057984.000000 0.803562403 -0.332877636 -0.757528543 0.024437224 -0.798221886 -0.316513658 0.511921704
1403715958084058368.000000 0.794735730 -0.301812291 -0.790641844 0.048116747 -0.810859740 -0.288660049 0.506820142
1403715958134057984.000000 0.755981982 -0.291377723 -0.811547101 0.063336439 -0.823834121 -0.266909063 0.496029645
1403715958184058112.000000 0.724050641 -0.287200361 -0.835420072 0.075025231 -0.835283577 -0.246417105 0.485748172
1403715958234058240.000000 0.704807460 -0.265626609 -0.860417008 0.088703990 -0.844747961 -0.227407619 0.476254553
1403715958284058112.000000 0.682638764 -0.250864029 -0.882213533 0.099170730 -0.852961063 -0.213921085 0.465682864
1403715958334057984.000000 0.665437579 -0.233633280 -0.900875449 0.107648477 -0.860756099 -0.201203585 0.455003202
1403715958384058112.000000 0.657336175 -0.217381552 -0.921713173 0.116224520 -0.867212355 -0.189821720 0.445423812
1403715958434058240.000000 0.645198345 -0.208733022 -0.934178591 0.120938845 -0.875642896 -0.175294548 0.433468789
1403715958484058112.000000 0.635079741 -0.187878907 -0.941506684 0.128192663 -0.883577824 -0.160083726 0.420987070
1403715958534057984.000000 0.635971427 -0.176416159 -0.950108588 0.129622728 -0.890205324 -0.150733724 0.409892499
1403715958584058368.000000 0.636628509 -0.167395979 -0.951397538 0.125756890 -0.896110654 -0.148929641 0.398736537
1403715958634057984.000000 0.652026415 -0.157707512 -0.957067490 0.119376615 -0.900304258 -0.151713476 0.390108436
1403715958684058112.000000 0.658670306 -0.156896949 -0.947442234 0.107223108 -0.905773342 -0.158685133 0.378017187
1403715958734058240.000000 0.676981688 -0.153257370 -0.934611917 0.093986474 -0.909440041 -0.170734242 0.367335171
1403715958784058112.000000 0.688931704 -0.161897525 -0.927259564 0.076436594 -0.911775231 -0.189977020 0.355994701
1403715958834057984.000000 0.711367011 -0.162207007 -0.914357066 0.052809339 -0.913184345 -0.209231988 0.345727533
1403715958884058112.000000 0.727958202 -0.167061046 -0.896094799 0.029382607 -0.913235784 -0.231910154 0.333698571
1403715958934058240.000000 0.785148740 -0.129373729 -0.877649546 0.012409850 -0.911603153 -0.247224629 0.328185618
1403715958984058112.000000 0.803219318 -0.131444812 -0.854890347 -0.007319523 -0.909856856 -0.268200666 0.316504866
1403715959034057984.000000 0.831397176 -0.143577561 -0.826550007 -0.022188051 -0.904910266 -0.295816988 0.305184394
1403715959084058368.000000 0.849177718 -0.142138243 -0.803017676 -0.028897472 -0.900378644 -0.319771916 0.293648064
1403715959134057984.000000 0.907388806 -0.114190429 -0.780844152 -0.025247080 -0.895697832 -0.337474078 0.288443059
1403715959184058112.000000 0.927420735 -0.117790356 -0.748417735 -0.018848624 -0.891268194 -0.359041154 0.276360989
1403715959234058240.000000 0.950825572 -0.114504166 -0.725932598 -0.011667198 -0.886771083 -0.377798796 0.266024709
1403715959284058112.000000 0.974880576 -0.112087876 -0.704859138 -0.005142262 -0.880945146 -0.397600085 0.256560922
1403715959334057984.000000 0.984153271 -0.118597738 -0.673514068 -0.003153565 -0.873983741 -0.420476526 0.243602067
1403715959384058112.000000 0.991001725 -0.122224607 -0.647849083 -0.002851676 -0.864957273 -0.444494605 0.232949272
1403715959434058240.000000 0.997644544 -0.116933048 -0.623469532 -0.004385562 -0.857689440 -0.462529927 0.224534348
1403715959484058112.000000 1.012184620 -0.112632036 -0.598741114 -0.003912758 -0.850710332 -0.478210837 0.218153849
1403715959534057984.000000 1.023315907 -0.116119437 -0.603023946 -0.005229722 -0.841992199 -0.495187908 0.214034632
1403715959584058368.000000 1.027561188 -0.109996036 -0.596050739 -0.003394276 -0.838936150 -0.503040910 0.207664266
1403715959634057984.000000 1.029318571 -0.107275829 -0.598460793 -0.001406895 -0.838490844 -0.506464899 0.201058358
1403715959684058112.000000 1.029386997 -0.103709027 -0.610195100 0.004789648 -0.842500150 -0.502608120 0.193793148
1403715959734058240.000000 1.025627971 -0.102205455 -0.631571829 0.009622534 -0.852899313 -0.487649083 0.186194867
1403715959784058112.000000 1.020346642 -0.101160660 -0.652484536 0.014119412 -0.869342685 -0.460747510 0.178201303
1403715959834057984.000000 1.014560699 -0.099392176 -0.681941748 0.019071035 -0.885916650 -0.430945784 0.170510039
1403715959884058112.000000 1.005930781 -0.099586815 -0.716885865 0.024564613 -0.902072132 -0.398796022 0.163169369
1403715959934058240.000000 0.993578076 -0.096509963 -0.746474385 0.029474230 -0.918488801 -0.362354547 0.155591860
1403715959984058112.000000 1.007333279 -0.080508530 -0.791050971 0.038117222 -0.931613028 -0.327776074 0.152339086
1403715960034057984.000000 1.003342271 -0.065936148 -0.822957516 0.044199526 -0.943163931 -0.294450253 0.147605360
1403715960084058368.000000 0.989833355 -0.062689722 -0.847767115 0.047234200 -0.952574372 -0.265269399 0.141433060
1403715960134057984.000000 0.987694263 -0.065234870 -0.882182360 0.051682569 -0.957994998 -0.245580494 0.138797939
1403715960184058112.000000 0.970278025 -0.077900589 -0.896631539 0.055122349 -0.963047028 -0.227828220 0.132651150
1403715960234058240.000000 0.963517547 -0.075560778 -0.913754761 0.059459377 -0.967069268 -0.210842773 0.129564539
1403715960284058112.000000 0.962823749 -0.080458850 -0.927351058 0.062937185 -0.969669938 -0.198507443 0.127960414
1403715960334057984.000000 0.966741323 -0.084001750 -0.939953983 0.066680908 -0.972010493 -0.185792491 0.127398744
1403715960384058112.000000 0.964847088 -0.085203946 -0.942870736 0.069417529 -0.974452794 -0.172886297 0.125432566
1403715960434058240.000000 0.970434785 -0.090599477 -0.941499829 0.070881508 -0.976162255 -0.162668467 0.124988794
1403715960484058112.000000 0.977846384 -0.100660235 -0.937701464 0.071476258 -0.976336300 -0.161147833 0.125259966
1403715960534057984.000000 0.989104033 -0.115473032 -0.930569768 0.070876993 -0.974707663 -0.169623628 0.127079710
1403715960584058368.000000 0.997952700 -0.128040045 -0.918437898 0.070040353 -0.970546305 -0.190704793 0.129483372
1403715960634057984.000000 1.006155729 -0.134354353 -0.895228028 0.065411888 -0.964811862 -0.217850998 0.131910041
1403715960684058112.000000 1.022685289 -0.153565496 -0.867980063 0.062515520 -0.956944525 -0.249464050 0.134598032
1403715960734058240.000000 1.040574074 -0.171061426 -0.841269791 0.060870774 -0.948412299 -0.278968483 0.137787983
1403715960784058112.000000 1.058782101 -0.178562820 -0.811694562 0.057942178 -0.938560843 -0.309429348 0.141420469
1403715960834057984.000000 1.070237875 -0.197042406 -0.773135781 0.053305909 -0.925304532 -0.346958160 0.143492505
1403715960884058112.000000 1.085190415 -0.211531550 -0.740252256 0.050393101 -0.911434174 -0.381246448 0.146285579
1403715960934058240.000000 1.102465153 -0.225025803 -0.706457376 0.045387108 -0.897379935 -0.412904352 0.148859650
1403715960984058112.000000 1.127673507 -0.242897674 -0.680002689 0.043204527 -0.884834528 -0.438105464 0.152528197
1403715961034057984.000000 1.142661929 -0.250279546 -0.657934189 0.041597765 -0.873349309 -0.460009784 0.154666081
1403715961084058368.000000 1.161287546 -0.255402327 -0.631022930 0.038445100 -0.863444149 -0.477858335 0.156963959
1403715961134057984.000000 1.178665161 -0.279184014 -0.617925763 0.035176452 -0.851414084 -0.498671323 0.158693656
1403715961184058112.000000 1.194741488 -0.292780370 -0.607650340 0.029583191 -0.841224194 -0.515397787 0.160722882
1403715961234058240.000000 1.209396482 -0.296208292 -0.607725859 0.021330602 -0.835095525 -0.524539888 0.164372593
1403715961284058112.000000 1.226518154 -0.306600064 -0.613673210 0.012531890 -0.832975984 -0.527146816 0.167661220
1403715961334057984.000000 1.239378929 -0.312719464 -0.623712122 0.004599450 -0.838139117 -0.518674135 0.168756753
1403715961384058112.000000 1.247064233 -0.319199830 -0.641391516 -0.001516614 -0.847814977 -0.503259957 0.167143360
1403715961434058240.000000 1.254109859 -0.325610727 -0.669397593 -0.006910903 -0.859683156 -0.483549803 0.164550334
1403715961484058112.000000 1.257014513 -0.325794548 -0.694063604 -0.006710622 -0.873207033 -0.461165369 0.157451868
1403715961534057984.000000 1.261609197 -0.330683470 -0.725735903 -0.005990785 -0.887185037 -0.436604977 0.149141252
1403715961584058368.000000 1.263767242 -0.325766087 -0.762818217 -0.000566447 -0.900748253 -0.411585689 0.138742566
1403715961634057984.000000 1.266881943 -0.328811705 -0.803442836 0.004983461 -0.913389683 -0.386875331 0.126577720
1403715961684058112.000000 1.269358158 -0.330345482 -0.838326871 0.010636143 -0.925779343 -0.360411972 0.113678396
1403715961734058240.000000 1.272719264 -0.331185132 -0.879293025 0.019947352 -0.936283171 -0.335919917 0.100666434
1403715961784058112.000000 1.272302151 -0.327035487 -0.913711071 0.030207314 -0.946345091 -0.309659809 0.087346613
1403715961834057984.000000 1.268855095 -0.327193618 -0.948608518 0.037013683 -0.954360545 -0.286891460 0.074292265
1403715961884058112.000000 1.269135594 -0.334300041 -0.982332110 0.043458473 -0.960196018 -0.268623948 0.063057259
1403715961934058240.000000 1.265015364 -0.326722503 -1.001749516 0.048970480 -0.965755045 -0.249388576 0.052196007
1403715961984058112.000000 1.263470411 -0.323356569 -1.025870085 0.051258016 -0.971664310 -0.226820990 0.042348359
1403715962034057984.000000 1.263929844 -0.318082809 -1.045530081 0.052017361 -0.977584660 -0.201544389 0.031661425
1403715962084058368.000000 1.271092057 -0.317566305 -1.066376448 0.049335543 -0.982464254 -0.178447172 0.022059608
1403715962134057984.000000 1.270572543 -0.318306059 -1.073960543 0.047363628 -0.985707641 -0.161316052 0.010694331
1403715962184058112.000000 1.275803447 -0.307566851 -1.074013948 -0.044090111 0.988063037 0.147604525 -0.000696938
1403715962234058240.000000 1.272297263 -0.312068164 -1.066117644 -0.039974745 0.988696933 0.144028023 0.011680610
1403715962284058112.000000 1.280824661 -0.315313697 -1.056891441 -0.034517333 0.988126874 0.148153454 0.021551995
1403715962334057984.000000 1.287377834 -0.323643893 -1.044092894 -0.025434455 0.986466527 0.158933893 0.031256124
1403715962384058112.000000 1.283568621 -0.322904080 -1.017995000 -0.015451865 0.984446406 0.170017183 0.041481033
1403715962434058240.000000 1.285936475 -0.327059507 -0.986148238 -0.004426878 0.981219649 0.186188117 0.050224155
1403715962484058112.000000 1.289841652 -0.326157957 -0.944596291 0.008494389 0.977212548 0.203701720 0.059068181
1403715962534057984.000000 1.281750202 -0.337659657 -0.911994159 0.022723541 0.970449984 0.230068833 0.069128908
1403715962584058368.000000 1.283157468 -0.337789953 -0.863165438 0.036303747 0.962262392 0.258374184 0.077304140
1403715962634057984.000000 1.287012815 -0.342657328 -0.815328956 0.046761300 0.953621745 0.285209954 0.084108867
1403715962684058112.000000 1.272691250 -0.357062250 -0.772646844 0.058220234 0.943845987 0.311571598 0.093211360
1403715962734058240.000000 1.266575813 -0.360373676 -0.719891548 0.065868609 0.935451031 0.332411796 0.100474745
1403715962784058112.000000 1.256289005 -0.362093568 -0.666097522 0.069044858 0.926462531 0.353873581 0.108043805
1403715962834057984.000000 1.239448905 -0.364681304 -0.617340624 0.066244319 0.917738080 0.373924792 0.116399609
1403715962884058112.000000 1.222001672 -0.356153995 -0.560921669 0.059066921 0.910557389 0.389652610 0.124768727
1403715962934058240.000000 1.205579758 -0.341790587 -0.505560458 0.043921590 0.902899802 0.406306744 0.133257985
1403715962984058112.000000 1.181926727 -0.337046325 -0.456295907 0.021179618 0.893823385 0.424370468 0.143321037
1403715963034057984.000000 1.157878637 -0.325770080 -0.408946931 -0.000919682 0.883240759 0.443083584 0.153499007
1403715963084058368.000000 1.132023811 -0.309497058 -0.359487414 -0.018921793 0.872431695 0.460069776 0.163831443
1403715963134057984.000000 1.110571861 -0.297442734 -0.318864495 -0.033248585 0.860120773 0.478545278 0.173439369
1403715963184058112.000000 1.086079121 -0.275936604 -0.276464224 -0.042895291 0.848689377 0.494181007 0.183497936
1403715963234058240.000000 1.067953706 -0.258530617 -0.241976291 -0.053031977 0.837181151 0.508749008 0.193622917
1403715963284058112.000000 1.049815416 -0.235145092 -0.209578842 -0.059651013 0.826286972 0.521585464 0.204059422
1403715963334057984.000000 1.034357548 -0.205185533 -0.182343423 -0.064839281 0.819565773 0.526916087 0.215562597
1403715963384058112.000000 1.020942926 -0.176351309 -0.162966311 -0.063474216 0.820827544 0.519730926 0.228238806
1403715963434058240.000000 1.012269258 -0.146703839 -0.150162399 -0.061984371 0.831679463 0.495036691 0.243733376
1403715963484058112.000000 1.008919477 -0.118557453 -0.139421165 -0.056836028 0.845734596 0.463432193 0.258327961
1403715963534057984.000000 1.005752444 -0.086018324 -0.133925557 -0.049365282 0.861479104 0.424774200 0.273831636
1403715963584058368.000000 1.005725861 -0.058583856 -0.135254383 -0.040094312 0.872722387 0.392646760 0.287361473
1403715963634057984.000000 1.004953623 -0.030254543 -0.132907748 -0.033957142 0.881675541 0.361729741 0.301076263
1403715963684058112.000000 1.001749158 -0.000384986 -0.133059263 -0.028372768 0.887851954 0.335283220 0.313845545
1403715963734058240.000000 0.999090195 0.028558880 -0.130630612 -0.023378592 0.891449034 0.315333188 0.324556619
1403715963784058112.000000 1.001439929 0.047542542 -0.131501555 -0.019541385 0.891768575 0.305571318 0.333156377
1403715963834057984.000000 1.002240419 0.069150120 -0.129241228 -0.015596971 0.891637802 0.298020929 0.340473682
1403715963884058112.000000 0.999870181 0.087460279 -0.127549767 -0.013165621 0.890052617 0.295441121 0.346911430
1403715963934058240.000000 0.997143030 0.103465766 -0.123597264 -0.012081858 0.887215018 0.298145175 0.351870686
1403715963984058112.000000 0.996491730 0.111498356 -0.121556878 -0.011196813 0.883003950 0.306076527 0.355662614
1403715964034057984.000000 0.993441522 0.123382151 -0.117570996 -0.016424943 0.878793716 0.313425839 0.359466434
1403715964084058368.000000 0.988026381 0.135152251 -0.112728357 -0.026516687 0.871626079 0.328508377 0.362832218
1403715964134057984.000000 0.987863004 0.138814002 -0.108353972 -0.047045864 0.864301264 0.342918426 0.364934385
1403715964184058112.000000 0.982846379 0.141674250 -0.105749488 -0.057188686 0.857264519 0.355927438 0.367617607
1403715964234058240.000000 0.985350013 0.139473468 -0.104767323 -0.063079759 0.854062974 0.361760765 0.368410856
1403715964284058112.000000 0.988380313 0.134114683 -0.109215856 -0.054963220 0.854164362 0.361571908 0.369659364
1403715964334057984.000000 0.993777812 0.122585237 -0.113054872 -0.048973173 0.855362117 0.359144330 0.370098174
1403715964384058112.000000 0.999949872 0.111761391 -0.116712928 -0.040670641 0.857797742 0.353998125 0.370424390
1403715964434058240.000000 1.006237149 0.102899283 -0.121344328 -0.035488769 0.858754575 0.351786494 0.370847046
1403715964484058112.000000 1.012100697 0.095455319 -0.126352191 -0.032478087 0.859364867 0.349629998 0.371747494
1403715964534057984.000000 1.021727443 0.087150216 -0.131479144 -0.034384437 0.860404909 0.346367657 0.372223914
1403715964584058368.000000 1.031701326 0.079338878 -0.134966612 -0.035129309 0.860362887 0.346874952 0.371778786
1403715964634057984.000000 1.040549278 0.072014570 -0.140282989 -0.029942147 0.860755086 0.345985949 0.372152984
1403715964684058112.000000 1.050104260 0.062265098 -0.146126509 -0.021905286 0.861078918 0.345766038 0.372168243
1403715964734058240.000000 1.063806653 0.050595701 -0.152794123 -0.014198481 0.861874461 0.344818145 0.371579349
1403715964784058112.000000 1.074484110 0.039249957 -0.160532117 -0.001920332 0.862821877 0.342522144 0.371770650
1403715964834057984.000000 1.084433198 0.023074746 -0.169039965 0.010918120 0.863645732 0.339824319 0.372177869
1403715964884058112.000000 1.094368577 0.007945657 -0.178954005 0.020017967 0.865325511 0.333800733 0.373347342
1403715964934058240.000000 1.103915334 -0.004675269 -0.187985301 0.024746768 0.867642105 0.325711310 0.374829262
1403715964984058112.000000 1.111083865 -0.017654777 -0.197097063 0.029457239 0.869668782 0.317521244 0.376814008
1403715965034057984.000000 1.116322160 -0.028523177 -0.205340147 0.032010891 0.872529984 0.306504846 0.379106373
1403715965084058368.000000 1.121165752 -0.036597311 -0.213026285 0.034247641 0.875683725 0.294052869 0.381494552
1403715965134057984.000000 1.123592019 -0.045573831 -0.218732595 0.036307946 0.878408670 0.283052206 0.383355558
1403715965184058112.000000 1.123139024 -0.049153030 -0.222933769 0.028993523 0.877047718 0.284978539 0.385660470
1403715965234058240.000000 1.124112248 -0.051007271 -0.222372770 0.014340010 0.872325480 0.298194051 0.387198925
1403715965284058112.000000 1.119561315 -0.054112792 -0.223749757 -0.004355645 0.864573836 0.318500161 0.388652593
1403715965334057984.000000 1.115206242 -0.053225160 -0.221301675 -0.023291219 0.854398787 0.344379067 0.388411492
1403715965384058112.000000 1.114066601 -0.059301794 -0.222341895 -0.040470514 0.842225134 0.373679996 0.386500031
1403715965434058240.000000 1.108169436 -0.061890125 -0.224360704 -0.053388726 0.831041515 0.398460299 0.384381503
1403715965484058112.000000 1.105648041 -0.063717425 -0.227063537 -0.065331317 0.821538448 0.418436289 0.381729782
1403715965534057984.000000 1.108910084 -0.067048907 -0.233031750 -0.075297527 0.814425707 0.433242142 0.378605872
1403715965584058368.000000 1.110567331 -0.070261478 -0.240831614 -0.080258757 0.810443640 0.441631526 0.376432300
1403715965634057984.000000 1.117777705 -0.073817134 -0.255120039 -0.080523759 0.811553299 0.440266371 0.375583172
1403715965684058112.000000 1.135181785 -0.078638971 -0.272780776 -0.076777540 0.820246577 0.424524754 0.375605464
1403715965734058240.000000 1.154369116 -0.082873404 -0.291143656 -0.067205474 0.833367407 0.399053156 0.376482159
1403715965784058112.000000 1.166192770 -0.084783912 -0.310196519 -0.052121695 0.847318590 0.368088573 0.379269660
1403715965834057984.000000 1.183009505 -0.090725899 -0.334156513 -0.035280053 0.860285997 0.336923987 0.380979747
1403715965884058112.000000 1.204682827 -0.095980108 -0.353676796 -0.021001404 0.871536553 0.307617813 0.381253749
1403715965934058240.000000 1.223427773 -0.098971665 -0.376657486 -0.007034584 0.880019069 0.281578690 0.382400870
1403715965984058112.000000 1.240696907 -0.103499293 -0.390816450 0.001922616 0.887050986 0.259271532 0.381988436
1403715966034057984.000000 1.257477522 -0.111232281 -0.405926466 0.008841462 0.891244352 0.243646652 0.382415593
1403715966084058368.000000 1.269030333 -0.111431062 -0.416968226 0.018234903 0.896179736 0.222583964 0.383387417
1403715966134057984.000000 1.279058456 -0.121795684 -0.427119136 0.028414274 0.900340378 0.202611730 0.384094208
1403715966184058112.000000 1.286118865 -0.129680008 -0.431957126 0.034395296 0.902610958 0.190112695 0.384665549
1403715966234058240.000000 1.287626743 -0.138786137 -0.435837865 0.034507159 0.902268052 0.189177915 0.385918826
1403715966284058112.000000 1.286598682 -0.148927927 -0.432982683 0.027797114 0.899570346 0.201694950 0.386419028
1403715966334057984.000000 1.281559944 -0.158691585 -0.426899195 0.017171845 0.893668890 0.226761431 0.386833668
1403715966384058112.000000 1.274555564 -0.170288742 -0.418843985 0.004634640 0.886791825 0.253760517 0.386243969
1403715966434058240.000000 1.269089222 -0.185262680 -0.409311414 -0.009827045 0.878975034 0.282619119 0.383969784
1403715966484058112.000000 1.255145788 -0.195011020 -0.394151092 -0.024741068 0.868948340 0.314398080 0.381406009
1403715966534057984.000000 1.243749857 -0.207744062 -0.381393433 -0.040239792 0.856261432 0.349856496 0.377885789
1403715966584058368.000000 1.234117627 -0.222639680 -0.371056318 -0.053520001 0.844523549 0.379823267 0.373697728
1403715966634057984.000000 1.232037306 -0.242170572 -0.365984917 -0.064903133 0.833758056 0.406375438 0.368095189
1403715966684058112.000000 1.223646045 -0.252146959 -0.353880048 -0.072087102 0.826198816 0.424106717 0.363775373
1403715966734058240.000000 1.221346974 -0.262993395 -0.344377995 -0.077440657 0.820683539 0.437544674 0.359216124
1403715966784058112.000000 1.225835919 -0.273804426 -0.339560807 -0.083914451 0.814522386 0.451296538 0.354743630
1403715966834057984.000000 1.230037928 -0.286059976 -0.340553701 -0.087761335 0.811113894 0.458650321 0.352181971
1403715966884058112.000000 1.238258362 -0.294772446 -0.344705522 -0.088496320 0.813464224 0.455265731 0.350966483
1403715966934058240.000000 1.250117540 -0.302903354 -0.348655462 -0.082304820 0.823405802 0.438244313 0.350956857
1403715966984058112.000000 1.265137196 -0.311152518 -0.356478453 -0.072999120 0.835825443 0.415531605 0.351284117
1403715967034057984.000000 1.284271717 -0.322927177 -0.370203972 -0.064002588 0.849406600 0.387439370 0.352566242
1403715967084058368.000000 1.307756901 -0.335728705 -0.383348584 -0.051262151 0.862563789 0.358618587 0.353197843
1403715967134057984.000000 1.331239462 -0.341266930 -0.396335125 -0.039301425 0.874921501 0.328470021 0.353659868
1403715967184058112.000000 1.342235923 -0.341150403 -0.406245947 -0.025605733 0.886070430 0.296977371 0.355004281
1403715967234058240.000000 1.365839005 -0.355616808 -0.416744351 -0.013818724 0.896320820 0.267349273 0.353471994
1403715967284058112.000000 1.383250356 -0.364850998 -0.427143693 -0.000398746 0.904766679 0.238540441 0.352839381
1403715967334057984.000000 1.395102382 -0.374602139 -0.430267811 0.011806274 0.912126005 0.210539609 0.351510823
1403715967384058112.000000 1.407520533 -0.380208135 -0.429548502 0.021643201 0.916206717 0.193139330 0.350419760
1403715967434058240.000000 1.415345788 -0.390868872 -0.428795934 0.025673114 0.918010175 0.185581565 0.349510610
1403715967484058112.000000 1.417644262 -0.399721712 -0.421700001 0.029137574 0.917287767 0.187615722 0.350049287
1403715967534057984.000000 1.424432516 -0.422617197 -0.410217524 0.031483356 0.914098024 0.198737994 0.352046669
1403715967584058368.000000 1.421546698 -0.437486708 -0.393756747 0.034121949 0.908512414 0.214719072 0.356842756
1403715967634057984.000000 1.420596123 -0.452858239 -0.373912930 0.034693837 0.900726259 0.236482456 0.362718374
1403715967684058112.000000 1.411192060 -0.472093582 -0.355183005 0.033398554 0.889974713 0.262164712 0.371616960
1403715967734058240.000000 1.401807308 -0.488994122 -0.330940843 0.035468712 0.878379345 0.287549973 0.380140483
1403715967784058112.000000 1.392269373 -0.510377288 -0.305551529 0.034207523 0.864815772 0.315533310 0.389053017
1403715967834057984.000000 1.377984047 -0.529031456 -0.284156442 0.032798160 0.849029779 0.344817162 0.398966074
1403715967884058112.000000 1.363064766 -0.544594646 -0.260972738 0.031307757 0.835427582 0.366741687 0.408143610
1403715967934058240.000000 1.347341061 -0.558142960 -0.238193870 0.027455168 0.822970629 0.385136127 0.416696310
1403715967984058112.000000 1.330702066 -0.575626373 -0.221405625 0.014906670 0.811423421 0.401406407 0.424550056
1403715968034057984.000000 1.314281940 -0.587729216 -0.202581406 -0.003324276 0.800952435 0.415112078 0.431446612
1403715968084058368.000000 1.297410369 -0.589708984 -0.186342955 -0.022898540 0.792343915 0.424606055 0.437466055
1403715968134057984.000000 1.287096977 -0.589547038 -0.171959043 -0.040534850 0.785114884 0.432129711 0.441831976
1403715968184058112.000000 1.274825692 -0.591129005 -0.161978126 -0.052946668 0.780426264 0.434937060 0.446050733
1403715968234058240.000000 1.263440371 -0.591199934 -0.153268576 -0.057201322 0.781426787 0.428861618 0.449642032
1403715968284058112.000000 1.259151101 -0.589134991 -0.146936774 -0.054579858 0.788241148 0.412862629 0.453035802
1403715968334057984.000000 1.254669785 -0.586073458 -0.142371893 -0.046800926 0.797121048 0.393601745 0.455505639
1403715968384058112.000000 1.251528263 -0.579771578 -0.140195251 -0.037854269 0.806392431 0.372790664 0.457520962
1403715968434058240.000000 1.248922586 -0.573078990 -0.136846185 -0.025657529 0.815537632 0.351691037 0.458861142
1403715968484058112.000000 1.247458816 -0.567573667 -0.137961745 -0.014825538 0.823404372 0.331970543 0.459979385
1403715968534057984.000000 1.249478698 -0.560142279 -0.135446429 -0.003774221 0.831138611 0.312879622 0.459674597
1403715968584058368.000000 1.249827981 -0.551036119 -0.133464813 0.005356855 0.838360012 0.293472856 0.459344715
1403715968634057984.000000 1.243732810 -0.538232863 -0.130350113 0.014859228 0.844576955 0.274678111 0.459370196
1403715968684058112.000000 1.238765597 -0.524850011 -0.126379132 0.023245858 0.850260615 0.256951720 0.458794475
1403715968734058240.000000 1.231762052 -0.511591256 -0.118684530 0.029501434 0.855306983 0.240537748 0.457953453
1403715968784058112.000000 1.223021150 -0.496090204 -0.110067606 0.036024854 0.859126747 0.226144090 0.457670599
1403715968834057984.000000 1.210319996 -0.483621240 -0.100718260 0.040760886 0.862255454 0.213588640 0.457421035
1403715968884058112.000000 1.193476677 -0.476721704 -0.090220928 0.044506941 0.863850296 0.206773639 0.457194179
1403715968934058240.000000 1.175653219 -0.467967480 -0.072823763 0.045803834 0.864680350 0.203916952 0.456779927
1403715968984058112.000000 1.150788069 -0.459420055 -0.059138298 0.043504052 0.862473667 0.210549608 0.458165228
1403715969034057984.000000 1.123187780 -0.455529332 -0.040087342 0.033660457 0.857548356 0.228280902 0.459745318
1403715969084058368.000000 1.092264295 -0.445619315 -0.018325090 0.019796455 0.850004673 0.253675342 0.461247295
1403715969134057984.000000 1.048669457 -0.425168484 0.007257581 0.002437642 0.839223385 0.286038131 0.462472051
1403715969184058112.000000 1.017202973 -0.420075923 0.027147055 -0.021298181 0.824934840 0.324345171 0.462416679
1403715969234058240.000000 0.984916508 -0.416708827 0.055592835 -0.043529708 0.810037315 0.361891806 0.459324569
1403715969284058112.000000 0.953826427 -0.416786075 0.072427869 -0.062507160 0.795581937 0.392939478 0.456881642
1403715969334057984.000000 0.928162694 -0.413071752 0.089354455 -0.076968789 0.784001946 0.416540325 0.453774095
1403715969384058112.000000 0.900962472 -0.403374672 0.108976066 -0.090970710 0.774299979 0.434837162 0.450666875
1403715969434058240.000000 0.875580311 -0.396266282 0.122692943 -0.101617403 0.765318274 0.450891227 0.447949648
1403715969484058112.000000 0.854471684 -0.389081240 0.132432044 -0.113183811 0.759098887 0.460591674 0.445885271
1403715969534057984.000000 0.841158628 -0.381283760 0.141421020 -0.126892522 0.755940676 0.463105947 0.444955021
1403715969584058368.000000 0.836938977 -0.370134950 0.144938588 -0.142587006 0.757532835 0.454567075 0.446297795
1403715969634057984.000000 0.837611318 -0.363613665 0.144429624 -0.155256793 0.761812389 0.440375596 0.449006021
1403715969684058112.000000 0.844703913 -0.353865266 0.141306460 -0.163749978 0.768016815 0.422958136 0.452153355
1403715969734058240.000000 0.859311700 -0.346350014 0.138469338 -0.169133410 0.776498318 0.401729017 0.455036372
1403715969784058112.000000 0.880474210 -0.339131951 0.135723591 -0.167884007 0.786315203 0.378830254 0.458269656
1403715969834057984.000000 0.903210402 -0.330939472 0.131695688 -0.156794831 0.797690988 0.354918569 0.461667955
1403715969884058112.000000 0.936089516 -0.325345039 0.126394451 -0.136879325 0.808023095 0.336103797 0.464108825
1403715969934058240.000000 0.966501415 -0.318296999 0.121885359 -0.107869066 0.817760825 0.318710566 0.466963738
1403715969984058112.000000 1.002142787 -0.320503652 0.119116902 -0.076869495 0.826911747 0.301389068 0.468479276
1403715970034057984.000000 1.035086513 -0.319358617 0.117977023 -0.051239561 0.833974123 0.284811199 0.469834268
1403715970084058368.000000 1.067921996 -0.316520542 0.117826343 -0.028488379 0.839599371 0.268854529 0.471146107
1403715970134057984.000000 1.104340792 -0.314531684 0.118971229 -0.010903135 0.844268203 0.252842426 0.472401440
1403715970184058112.000000 1.138223171 -0.311594158 0.126543880 0.006314017 0.849254310 0.236128807 0.472197503
1403715970234058240.000000 1.169692159 -0.313984722 0.134613633 0.024571707 0.853669822 0.218537778 0.472107381
1403715970284058112.000000 1.195311189 -0.315263480 0.142835855 0.041029938 0.857039392 0.202064410 0.472197086
1403715970334057984.000000 1.218085051 -0.327357203 0.146023273 0.055003282 0.858683109 0.190773442 0.472486436
1403715970384058112.000000 1.233922362 -0.331444323 0.154757380 0.064162515 0.860008657 0.180864498 0.472817421
1403715970434058240.000000 1.244717240 -0.336629987 0.170316696 0.074032597 0.859660089 0.177089691 0.473437488
1403715970484058112.000000 1.254811406 -0.344569981 0.189591885 0.078768291 0.857803702 0.181759909 0.474269629
1403715970534057984.000000 1.254655361 -0.350485563 0.205703855 0.081863135 0.852494836 0.196540833 0.477412581
1403715970584058368.000000 1.252173066 -0.356599092 0.231333971 0.081631117 0.845251679 0.220713109 0.479762137
1403715970634057984.000000 1.243378997 -0.367955804 0.252937078 0.073881604 0.836695552 0.249723658 0.481788486
1403715970684058112.000000 1.230666399 -0.378534138 0.270642638 0.062795185 0.826554239 0.281341612 0.483437568
1403715970734058240.000000 1.215719342 -0.397501349 0.290967703 0.049058389 0.814380765 0.317918479 0.483016729
1403715970784058112.000000 1.201093435 -0.399598986 0.320519805 0.034545623 0.802110672 0.353188992 0.480294406
1403715970834057984.000000 1.182498813 -0.411145747 0.336327076 0.020101374 0.786982000 0.390577555 0.477183938
1403715970884058112.000000 1.163904309 -0.422244608 0.350390196 0.005864841 0.772876561 0.422909826 0.473048449
1403715970934058240.000000 1.147104383 -0.435684025 0.358113110 -0.006959994 0.758686483 0.452285439 0.468811691
1403715970984058112.000000 1.132254601 -0.441350460 0.365818143 -0.020345392 0.747157991 0.473367959 0.466115803
1403715971034057984.000000 1.120767236 -0.446285069 0.373007298 -0.035944086 0.738909960 0.486718565 0.464569896
1403715971084058368.000000 1.111147404 -0.452608407 0.373198152 -0.054397408 0.732420444 0.493853986 0.465520710
1403715971134057984.000000 1.106049538 -0.455587387 0.360015094 -0.071869910 0.728557885 0.492606729 0.470506907
1403715971184058112.000000 1.108708620 -0.460839272 0.348020494 -0.087316163 0.729418755 0.482894570 0.476588935
1403715971234058240.000000 1.116938591 -0.466022074 0.327559769 -0.101405300 0.733673215 0.463023305 0.486877859
1403715971284058112.000000 1.129401207 -0.467513323 0.305320561 -0.107729822 0.741377711 0.435999811 0.498655766
1403715971334057984.000000 1.146183610 -0.468117833 0.280569971 -0.110802390 0.749793112 0.403800726 0.512326181
1403715971384058112.000000 1.166164398 -0.474060297 0.256881118 -0.110777162 0.757847846 0.369423896 0.526232898
1403715971434058240.000000 1.196502328 -0.479778945 0.228890777 -0.107075967 0.763693213 0.336383045 0.540512562
1403715971484058112.000000 1.226425409 -0.487758875 0.200297236 -0.101187252 0.767702520 0.303436726 0.555265844
1403715971534057984.000000 1.254853845 -0.490002632 0.175755620 -0.091987163 0.770020008 0.271925926 0.569792867
1403715971584058368.000000 1.291700959 -0.498484075 0.152113438 -0.083246045 0.769186556 0.245224506 0.584197819
1403715971634057984.000000 1.323222637 -0.505631864 0.130644202 -0.071704447 0.766242504 0.223723307 0.598062515
1403715971684058112.000000 1.354833126 -0.515061617 0.116973996 -0.059680287 0.762148321 0.207448512 0.610355139
1403715971734058240.000000 1.388318539 -0.521869898 0.107465267 -0.043163508 0.756481171 0.194937855 0.622794092
1403715971784058112.000000 1.418751240 -0.528991103 0.100677133 -0.025658945 0.749718249 0.186449140 0.634429574
1403715971834057984.000000 1.448921680 -0.544176459 0.100929856 -0.008558094 0.741294444 0.184992000 0.645125806
1403715971884058112.000000 1.474193454 -0.565762997 0.092498422 0.004646764 0.730125606 0.188507825 0.656779885
1403715971934058240.000000 1.495109558 -0.571302295 0.093373418 0.016627591 0.720394015 0.189014465 0.667105317
1403715971984058112.000000 1.517252326 -0.584887028 0.096954107 0.024375234 0.710430503 0.192945302 0.676362693
1403715972034057984.000000 1.532002091 -0.592998981 0.087390065 0.029300660 0.699088454 0.194227755 0.687526345
1403715972084058368.000000 1.541304469 -0.588220358 0.086308837 0.039069850 0.690625608 0.190438643 0.696593881
1403715972134057984.000000 1.556310415 -0.606705666 0.086504817 0.045945764 0.685072720 0.186574623 0.702676535
1403715972184058112.000000 1.565599442 -0.628568292 0.096163273 0.054257534 0.683364213 0.178447485 0.705851316
1403715972234058240.000000 1.571470737 -0.644004703 0.100196838 0.065717511 0.681981921 0.168170422 0.708731771
1403715972284058112.000000 1.569907188 -0.645699322 0.094652176 0.078261204 0.679358661 0.157120302 0.712502837
1403715972334057984.000000 1.568106771 -0.661988795 0.096313119 0.085797295 0.678696275 0.149689615 0.713864982
1403715972384058112.000000 1.560338974 -0.669303715 0.098389626 0.092779629 0.677441001 0.145139545 0.715122521
1403715972434058240.000000 1.545670748 -0.681979299 0.099122047 0.094239525 0.675973058 0.145217866 0.716303825
1403715972484058112.000000 1.529337764 -0.704831839 0.103672624 0.088539973 0.675271988 0.149725288 0.716764092
1403715972534057984.000000 1.507895470 -0.710286736 0.108179927 0.080450781 0.673215210 0.158001944 0.717874944
1403715972584058368.000000 1.477377772 -0.713379383 0.113602281 0.067555413 0.668747783 0.174426824 0.719574928
1403715972634057984.000000 1.447788239 -0.727845430 0.112776518 0.051252399 0.662970066 0.194738790 0.721055269
1403715972684058112.000000 1.413868427 -0.732250929 0.116698623 0.035793200 0.656787753 0.215824753 0.721642911
1403715972734058240.000000 1.376984119 -0.735758901 0.116031408 0.019720305 0.649177730 0.237930343 0.722196996
1403715972784058112.000000 1.345024824 -0.744290888 0.123964548 0.003198906 0.643517494 0.259234816 0.720189214
1403715972834057984.000000 1.307298899 -0.744805157 0.126517177 -0.008671709 0.637970090 0.275197983 0.719155788
1403715972884058112.000000 1.272757769 -0.751361370 0.127442718 -0.015653653 0.635335922 0.285201401 0.717470169
1403715972934058240.000000 1.239763737 -0.753659368 0.128653646 -0.013128165 0.636609852 0.286739618 0.715776563
1403715972984058112.000000 1.205507278 -0.755643606 0.131531596 -0.007008152 0.639142811 0.286475509 0.713708103
1403715973034057984.000000 1.173944950 -0.756424189 0.134687543 0.004226950 0.641586959 0.286814988 0.711396873
1403715973084058368.000000 1.141774893 -0.756542563 0.133453727 0.013622994 0.643472314 0.286866277 0.709553123
1403715973134057984.000000 1.110798717 -0.755914450 0.137928605 0.017938679 0.646992445 0.284413248 0.707239807
1403715973184058112.000000 1.080250144 -0.754422307 0.128854513 0.018643202 0.648282588 0.281969607 0.707018614
1403715973234058240.000000 1.049293160 -0.751191556 0.132376909 0.019512404 0.650765717 0.281401038 0.704937398
1403715973284058112.000000 1.018342495 -0.749785721 0.131686270 0.019272268 0.652034640 0.281946629 0.703552067
1403715973334057984.000000 0.986956835 -0.741303504 0.130253017 0.017636996 0.652035296 0.284875691 0.702413499
1403715973384058112.000000 0.957331896 -0.737945676 0.128216207 0.012255647 0.651233375 0.289794683 0.701258838
1403715973434058240.000000 0.924708843 -0.735416710 0.122255087 0.003763055 0.649791896 0.294936776 0.700548887
1403715973484058112.000000 0.893509269 -0.734039783 0.111507297 -0.004742785 0.647391438 0.300764799 0.700287461
1403715973534057984.000000 0.864526391 -0.732612610 0.107404649 -0.012459765 0.645492613 0.307490736 0.699023306
1403715973584058368.000000 0.835158110 -0.729165912 0.101392210 -0.017469278 0.642990112 0.314598680 0.698058903
1403715973634057984.000000 0.810724974 -0.727543890 0.085109711 -0.021161281 0.638383806 0.323033571 0.698332071
1403715973684058112.000000 0.785051465 -0.723707318 0.078191519 -0.023539411 0.635038733 0.331271946 0.697445810
1403715973734058240.000000 0.763384104 -0.723811805 0.062100053 -0.025912087 0.630642056 0.340112567 0.697095931
1403715973784058112.000000 0.742685318 -0.719983816 0.049070895 -0.026971852 0.627446234 0.346509159 0.696789265
1403715973834057984.000000 0.722911239 -0.710158706 0.035765707 -0.027436893 0.625694931 0.349160194 0.697022438
1403715973884058112.000000 0.705713272 -0.703819513 0.020594954 -0.029769415 0.624180317 0.351082683 0.697318912
1403715973934058240.000000 0.693944931 -0.698122680 0.000935316 -0.032007832 0.622421026 0.352799863 0.697925508
1403715973984058112.000000 0.683400631 -0.695631027 -0.015739322 -0.035244163 0.624132037 0.347825825 0.698737741
1403715974034057984.000000 0.676849902 -0.685151815 -0.031639278 -0.035790943 0.627865136 0.338006735 0.700182736
1403715974084058368.000000 0.670626402 -0.677523255 -0.055725515 -0.035129033 0.630848527 0.328141183 0.702224731
1403715974134057984.000000 0.667908907 -0.671234369 -0.075256616 -0.033007123 0.634959102 0.317361474 0.703576028
1403715974184058112.000000 0.666653752 -0.666550875 -0.099639446 -0.029698210 0.637614846 0.309595317 0.704780877
1403715974234058240.000000 0.667443931 -0.654917359 -0.121282011 -0.026071141 0.639845014 0.302248955 0.706090808
1403715974284058112.000000 0.668420672 -0.643896639 -0.140323490 -0.025367457 0.641751111 0.296385825 0.706871629
1403715974334057984.000000 0.670668542 -0.635067225 -0.164418191 -0.026858818 0.641596675 0.294124097 0.707900643
1403715974384058112.000000 0.673802257 -0.626098156 -0.186695367 -0.028575834 0.640763283 0.293889284 0.708685398
1403715974434058240.000000 0.676076531 -0.611297071 -0.205067992 -0.029919300 0.640674233 0.292916626 0.709113002
1403715974484058112.000000 0.681556582 -0.597754061 -0.226849973 -0.030083235 0.640369952 0.292150378 0.709696829
1403715974534057984.000000 0.688030660 -0.583968461 -0.248614490 -0.028372047 0.640900731 0.289466530 0.710387647
1403715974584058368.000000 0.694370627 -0.572109103 -0.267272830 -0.026028674 0.642348528 0.286069602 0.710545659
1403715974634057984.000000 0.701344073 -0.557239175 -0.290889829 -0.023481159 0.643106103 0.282103360 0.711534142
1403715974684058112.000000 0.708151221 -0.544598579 -0.311674476 -0.020192731 0.643845379 0.279877901 0.711845398
1403715974734058240.000000 0.718942285 -0.531209826 -0.329855502 -0.018739907 0.644944370 0.277169198 0.711950004
1403715974784058112.000000 0.727391481 -0.512818277 -0.351167053 -0.016842598 0.645395458 0.274698108 0.712546110
1403715974834057984.000000 0.736964583 -0.496781260 -0.375145823 -0.016166879 0.644436538 0.274751186 0.713408768
1403715974884058112.000000 0.746840894 -0.483435363 -0.396642208 -0.015653403 0.644329727 0.273630679 0.713947117
1403715974934058240.000000 0.757422447 -0.466454059 -0.418159485 -0.014749892 0.643728673 0.272308260 0.715013325
1403715974984058112.000000 0.768229604 -0.452412367 -0.434046209 -0.013906060 0.643899381 0.271021217 0.715365529
1403715975034057984.000000 0.780267537 -0.443354696 -0.455230236 -0.015578250 0.643446803 0.269136488 0.716448963
1403715975084058368.000000 0.790685415 -0.427153021 -0.470314175 -0.015548202 0.643503547 0.266679347 0.717316926
1403715975134057984.000000 0.801976204 -0.410153359 -0.490375817 -0.016638860 0.643206716 0.263626963 0.718685746
1403715975184058112.000000 0.813455224 -0.396582842 -0.512899518 -0.017545329 0.642421424 0.261684269 0.720075190
1403715975234058240.000000 0.824178100 -0.384180158 -0.531901300 -0.020170050 0.641927004 0.259572715 0.721210718
1403715975284058112.000000 0.835069060 -0.372153342 -0.544888020 -0.020956341 0.642326355 0.257089972 0.721721888
1403715975334057984.000000 0.846627295 -0.362134963 -0.565296412 -0.020014556 0.642057359 0.253791779 0.723153949
1403715975384058112.000000 0.859711707 -0.352287918 -0.586761057 -0.019243257 0.641794562 0.249913871 0.724756896
1403715975434058240.000000 0.872136712 -0.342533857 -0.604078948 -0.017303580 0.642706990 0.245045483 0.725659072
1403715975484058112.000000 0.886588454 -0.337153822 -0.623580754 -0.017139183 0.643429756 0.239785880 0.726778686
1403715975534057984.000000 0.895701468 -0.326171666 -0.637717247 -0.015706064 0.643557966 0.237231642 0.727535367
1403715975584058368.000000 0.908160388 -0.321437597 -0.654830635 -0.017181650 0.642200828 0.238268539 0.728361845
1403715975634057984.000000 0.916657329 -0.316708803 -0.671957314 -0.017858677 0.640213907 0.240943268 0.729214430
1403715975684058112.000000 0.926563382 -0.310354322 -0.685815096 -0.017903544 0.638959706 0.242950737 0.729647160
1403715975734058240.000000 0.936467946 -0.307156682 -0.699885130 -0.019037036 0.638451457 0.244044423 0.729698360
1403715975784058112.000000 0.946394742 -0.305673808 -0.717657685 -0.019307978 0.637168705 0.245867372 0.730200350
1403715975834057984.000000 0.957185149 -0.303410143 -0.727239549 -0.019613804 0.637647569 0.246229663 0.729651868
1403715975884058112.000000 0.969210804 -0.304184467 -0.740620136 -0.021742478 0.636955440 0.248026177 0.729587674
1403715975934058240.000000 0.979204237 -0.302122444 -0.754705071 -0.022670852 0.636527359 0.248837054 0.729656816
1403715975984058112.000000 0.990230381 -0.298901260 -0.764955521 -0.023400338 0.636521697 0.249751478 0.729326308
1403715976034057984.000000 1.000075698 -0.297065794 -0.776994884 -0.025692007 0.636451006 0.250125647 0.729182661
1403715976084058368.000000 1.010151863 -0.297224134 -0.787332237 -0.026092242 0.636502445 0.251109749 0.728785157
1403715976134057984.000000 1.021006584 -0.295141041 -0.796540320 -0.025641387 0.637362182 0.250651777 0.728207231
1403715976184058112.000000 1.032052636 -0.291962743 -0.803732038 -0.024810480 0.639168620 0.248708114 0.727318525
1403715976234058240.000000 1.043611526 -0.293977410 -0.815015316 -0.025064168 0.640388548 0.247159451 0.726764381
1403715976284058112.000000 1.055073023 -0.297575295 -0.819986820 -0.025040178 0.641554773 0.247352079 0.725670397
1403715976334057984.000000 1.066917658 -0.296773106 -0.826044440 -0.026257034 0.643484294 0.244453028 0.724900842
1403715976384058112.000000 1.079808235 -0.299670458 -0.833557785 -0.027258260 0.644876838 0.241746411 0.724534035
1403715976434058240.000000 1.092130899 -0.302205890 -0.838644028 -0.029992132 0.644913971 0.239134490 0.725259423
1403715976484058112.000000 1.102984667 -0.298697501 -0.841391206 -0.031134434 0.643858850 0.235561967 0.727315009
1403715976534057984.000000 1.114592075 -0.301427811 -0.842952430 -0.032576364 0.641886413 0.232297644 0.730040133
1403715976584058368.000000 1.125771046 -0.300329208 -0.843358755 -0.033285093 0.638526440 0.228338733 0.734191775
1403715976634057984.000000 1.137873411 -0.302132547 -0.842769086 -0.033498846 0.633077145 0.226706833 0.739388466
1403715976684058112.000000 1.146342516 -0.305023462 -0.842467546 -0.030927109 0.626599431 0.226601094 0.745029390
1403715976734058240.000000 1.156956553 -0.303726286 -0.837316811 -0.028692951 0.620235860 0.227511168 0.750148654
1403715976784058112.000000 1.169493079 -0.306960791 -0.834411323 -0.027033389 0.614560187 0.227863982 0.754760265
1403715976834057984.000000 1.178344011 -0.307610333 -0.826637626 -0.025776124 0.610318244 0.227096811 0.758468330
1403715976884058112.000000 1.191292048 -0.310644984 -0.821976542 -0.024460526 0.606119275 0.226462111 0.762060463
1403715976934058240.000000 1.200947285 -0.313870132 -0.815867066 -0.024382388 0.602661133 0.226257727 0.764861107
1403715976984058112.000000 1.212702751 -0.313186526 -0.809810102 -0.023079485 0.598507047 0.224947244 0.768541098
1403715977034057984.000000 1.223814011 -0.317327350 -0.800545871 -0.023199258 0.594384611 0.223229527 0.772228837
1403715977084058368.000000 1.233649492 -0.317705095 -0.793312490 -0.022116892 0.589240789 0.221114397 0.776797712
1403715977134057984.000000 1.242724657 -0.325127810 -0.781575620 -0.022925820 0.583530307 0.219289854 0.781587422
1403715977184058112.000000 1.250923395 -0.334625453 -0.763873279 -0.023899300 0.577628553 0.215660065 0.786933899
1403715977234058240.000000 1.263839006 -0.333700657 -0.756684780 -0.023076195 0.568457007 0.211871371 0.794628680
1403715977284058112.000000 1.272111297 -0.340464354 -0.742802382 -0.023622004 0.558806598 0.208446458 0.802326202
1403715977334057984.000000 1.283025503 -0.342252821 -0.733838260 -0.022894884 0.547236204 0.203049868 0.811652184
1403715977384058112.000000 1.289319038 -0.343980193 -0.715927184 -0.021871049 0.535566628 0.197644189 0.820747793
1403715977434058240.000000 1.296944737 -0.349603415 -0.704225183 -0.020339912 0.521362305 0.194496378 0.830625594
1403715977484058112.000000 1.300348639 -0.331007957 -0.685085416 -0.016188417 0.508320451 0.184561968 0.841002524
1403715977534057984.000000 1.310727119 -0.340727150 -0.674756765 -0.016486906 0.491914570 0.179823264 0.851711154
1403715977584058368.000000 1.312053323 -0.343191922 -0.650823832 -0.014527321 0.477760464 0.172012001 0.861362755
1403715977634057984.000000 1.320762634 -0.347360849 -0.637361169 -0.012009112 0.459838986 0.165859967 0.872292578
1403715977684058112.000000 1.320376396 -0.360838592 -0.613798916 -0.011887431 0.444087774 0.159923539 0.881515324
1403715977734058240.000000 1.323685169 -0.349757314 -0.595976233 -0.007033727 0.425408155 0.154405519 0.891704738
1403715977784058112.000000 1.319823623 -0.356331408 -0.568077207 -0.006279142 0.410024256 0.145806432 0.900322914
1403715977834057984.000000 1.338649392 -0.395586222 -0.545075655 -0.008516696 0.389734179 0.142219573 0.909839749
1403715977884058112.000000 1.344690561 -0.403388947 -0.530750751 -0.006544070 0.371177554 0.132611170 0.919020593
1403715977934058240.000000 1.349725246 -0.410069078 -0.511835098 -0.004407255 0.352915198 0.120708033 0.927825987
1403715977984058112.000000 1.341551065 -0.409997761 -0.481224388 -0.001241629 0.337829024 0.105774589 0.935244262
1403715978034057984.000000 1.343854189 -0.425229788 -0.463094532 -0.001026976 0.318616033 0.093283601 0.943282008
1403715978084058368.000000 1.347187519 -0.431824654 -0.447295189 0.002540026 0.297879130 0.078976691 0.951327682
1403715978134057984.000000 1.342623472 -0.439834505 -0.426378042 0.004441885 0.278741360 0.064018853 0.958219826
1403715978184058112.000000 1.346615195 -0.440990597 -0.408168405 0.007421168 0.258345991 0.049913254 0.964733660
1403715978234058240.000000 1.335488439 -0.442344785 -0.387631327 0.009946583 0.240885019 0.036242303 0.969825745
1403715978284058112.000000 1.323532343 -0.451044500 -0.365628272 0.012084038 0.222507834 0.023395831 0.974575281
1403715978334057984.000000 1.314182162 -0.455040693 -0.347901165 0.015907850 0.201454327 0.014945903 0.979254723
1403715978384058112.000000 1.308980465 -0.459753394 -0.326269537 0.021878723 0.178992584 0.010926387 0.983546436
1403715978434058240.000000 1.290687442 -0.469642609 -0.300894439 0.023974583 0.159249648 0.008640236 0.986909449
1403715978484058112.000000 1.268453717 -0.472321570 -0.277441233 0.027733957 0.138223499 0.009793768 0.989964247
1403715978534057984.000000 1.254729033 -0.484847873 -0.255718976 0.030441375 0.113331564 0.012461512 0.993012607
1403715978584058368.000000 1.234552622 -0.499263912 -0.232542396 0.033425637 0.089268081 0.014951312 0.995334387
1403715978634057984.000000 1.208557010 -0.496653914 -0.214577243 0.039603237 0.066460460 0.014207182 0.996901631
1403715978684058112.000000 1.183205128 -0.508468211 -0.191986024 0.039768986 0.043183565 0.012507516 0.998196959
1403715978734058240.000000 1.157669187 -0.512539506 -0.176501378 0.040798157 0.021450005 0.008169236 0.998903751
1403715978784058112.000000 1.135763049 -0.508903205 -0.156315833 0.043844018 -0.000664454 -0.001110002 0.999037564
1403715978834057984.000000 1.117574334 -0.515293896 -0.138381287 0.041149039 -0.023554748 -0.009051700 0.998834312
1403715978884058112.000000 1.096611381 -0.523120940 -0.121240497 0.038112573 -0.045800205 -0.020695921 0.998008728
1403715978934058240.000000 1.071354628 -0.529599011 -0.106946230 0.035475381 -0.067210913 -0.029128034 0.996682405
1403715978984058112.000000 1.027750731 -0.533495665 -0.106097415 0.033418383 -0.082810879 -0.040615439 0.995176375
1403715979034057984.000000 1.008210421 -0.530531824 -0.088990018 0.036260385 -0.106902614 -0.050899614 0.992303491
1403715979084058368.000000 0.993991017 -0.540558636 -0.067809060 0.038771711 -0.134257004 -0.060310695 0.988349438
1403715979134057984.000000 0.955633819 -0.541379154 -0.062225997 0.044508081 -0.155283943 -0.065516703 0.984689534
1403715979184058112.000000 0.933214366 -0.544509709 -0.054357484 0.053369086 -0.181041867 -0.072188713 0.979369402
1403715979234058240.000000 0.909926832 -0.560958266 -0.042735253 0.061714943 -0.208009109 -0.075040616 0.973289490
1403715979284058112.000000 0.878541172 -0.564319491 -0.039236382 0.074422926 -0.231607586 -0.080385827 0.966621578
1403715979334057984.000000 0.847203970 -0.577539384 -0.033933166 0.082457654 -0.252930105 -0.092313811 0.959533930
1403715979384058112.000000 0.826571107 -0.577869177 -0.026090128 0.091070086 -0.275792837 -0.103379302 0.951292455
1403715979434058240.000000 0.792770863 -0.578524530 -0.034552980 0.095244743 -0.292243332 -0.119611457 0.944042087
1403715979484058112.000000 0.768161237 -0.590452254 -0.037068248 0.095233791 -0.311442733 -0.132191196 0.936194181
1403715979534057984.000000 0.748573720 -0.589782655 -0.032789048 0.097378947 -0.331708491 -0.142589107 0.927445531
1403715979584058368.000000 0.725905120 -0.587465405 -0.037778117 0.097392432 -0.350623012 -0.150225759 0.919244528
1403715979634057984.000000 0.700273931 -0.594302297 -0.040053479 0.095258594 -0.369557738 -0.158977330 0.910537839
1403715979684058112.000000 0.673840046 -0.603524446 -0.048457898 0.092225023 -0.389147997 -0.166471705 0.901302159
1403715979734058240.000000 0.653548419 -0.595347047 -0.064974412 0.096444800 -0.408163369 -0.173432380 0.891079307
1403715979784058112.000000 0.622670233 -0.612222791 -0.081450157 0.094580896 -0.427710533 -0.181579113 0.880424500
1403715979834057984.000000 0.602000773 -0.603826761 -0.088014483 0.099504575 -0.449948490 -0.184793994 0.868041694
1403715979884058112.000000 0.577825487 -0.602176964 -0.116697416 0.101528466 -0.467518330 -0.188322753 0.857702315
1403715979934058240.000000 0.552187681 -0.604651272 -0.135339513 0.104572296 -0.488854140 -0.193113625 0.844270945
1403715979984058112.000000 0.530965984 -0.604749799 -0.150191709 0.108710967 -0.511091113 -0.196428984 0.829688787
1403715980034057984.000000 0.511105359 -0.593871415 -0.184348166 0.113410436 -0.530120432 -0.198064610 0.816627800
1403715980084058368.000000 0.494255364 -0.590437293 -0.187680081 0.117777757 -0.553447545 -0.200613722 0.799736440
1403715980134057984.000000 0.474966228 -0.580056667 -0.218180791 0.120938152 -0.571662784 -0.204708815 0.785283267
1403715980184058112.000000 0.458895683 -0.575964689 -0.248784930 0.120910726 -0.591477513 -0.210150301 0.769007027
1403715980234058240.000000 0.451751828 -0.564945281 -0.274272352 0.119654812 -0.611195207 -0.211983949 0.753117502
1403715980284058112.000000 0.449401766 -0.561994374 -0.298783183 0.113017879 -0.631795228 -0.214927748 0.736116707
1403715980334057984.000000 0.437306523 -0.560246348 -0.328112721 0.109665126 -0.651002765 -0.222657099 0.717351198
1403715980384058112.000000 0.430462480 -0.539766729 -0.352880031 0.108218111 -0.670203507 -0.223138481 0.699517965
1403715980434058240.000000 0.421694279 -0.525470555 -0.397844493 0.105346404 -0.686996400 -0.225169748 0.682815254
1403715980484058112.000000 0.413165331 -0.502329886 -0.446261644 0.105399288 -0.703442872 -0.224400759 0.666110814
1403715980534057984.000000 0.421710312 -0.487252206 -0.480021834 0.102697283 -0.723065317 -0.221651167 0.646142960
1403715980584058368.000000 0.411195695 -0.475582510 -0.526599646 0.097317740 -0.739574671 -0.223309815 0.627448320
1403715980634057984.000000 0.413409561 -0.466096342 -0.571698189 0.091676332 -0.755279839 -0.226975992 0.607971847
1403715980684058112.000000 0.414761275 -0.452333391 -0.608493149 0.089465737 -0.771431565 -0.230682373 0.586237907
1403715980734058240.000000 0.420132309 -0.443045050 -0.649083257 0.084963091 -0.786213875 -0.235391200 0.565013349
1403715980784058112.000000 0.427808553 -0.429975748 -0.688369691 0.079243302 -0.800485969 -0.240521044 0.543224096
1403715980834057984.000000 0.438019335 -0.418674886 -0.712193727 0.074257135 -0.815238893 -0.246249765 0.518876255
1403715980884058112.000000 0.446235240 -0.403109193 -0.742204726 0.069289006 -0.829170287 -0.249516830 0.495395839
1403715980934058240.000000 0.467808843 -0.385464251 -0.786791503 0.065922305 -0.840748429 -0.253335595 0.473938316
1403715980984058112.000000 0.476316631 -0.380690217 -0.819751680 0.060451284 -0.854388058 -0.257540345 0.447258115
1403715981034057984.000000 0.490765750 -0.367962122 -0.849275231 0.057076693 -0.866769135 -0.258682132 0.422536641
1403715981084058368.000000 0.508306503 -0.352884889 -0.880789220 0.055008132 -0.878863692 -0.259585291 0.396469623
1403715981134057984.000000 0.537269831 -0.344066858 -0.905829787 0.052960332 -0.889562547 -0.261577785 0.370743513
1403715981184058112.000000 0.552388906 -0.328227580 -0.925802648 0.053429980 -0.900491118 -0.262411267 0.342638910
1403715981234058240.000000 0.570339561 -0.325595051 -0.948057532 0.050128438 -0.910243690 -0.265594870 0.313692480
1403715981284058112.000000 0.586856842 -0.327555656 -0.962603569 0.046619326 -0.919543743 -0.268776506 0.282887310
1403715981334057984.000000 0.609850526 -0.324509591 -0.979631066 0.043723907 -0.927755773 -0.270904243 0.252919883
1403715981384058112.000000 0.636780024 -0.316034645 -0.998003542 0.040856570 -0.935108423 -0.272466421 0.222856626
1403715981434058240.000000 0.659685493 -0.299802810 -1.005619168 0.037387013 -0.942779064 -0.270595998 0.191174626
1403715981484058112.000000 0.689417481 -0.307467133 -1.024600148 0.032406829 -0.948267698 -0.271775573 0.160861149
1403715981534057984.000000 0.709458947 -0.304715037 -1.030509949 0.029307775 -0.954330921 -0.268172234 0.128363714
1403715981584058368.000000 0.742381573 -0.295492768 -1.036569595 0.027952624 -0.959404111 -0.262718171 0.098699540
1403715981634057984.000000 0.776536703 -0.297613025 -1.042121172 0.028631607 -0.962490857 -0.261055678 0.068130031
1403715981684058112.000000 0.794439256 -0.299482703 -1.042566061 0.027751628 -0.964577377 -0.259840459 0.036101114
1403715981734058240.000000 0.817745924 -0.295355320 -1.035142899 0.028797237 -0.965041816 -0.260474890 0.004225635
1403715981784058112.000000 0.856252193 -0.303151190 -1.035810471 -0.030177748 0.962194800 0.269681007 0.023294475
1403715981834057984.000000 0.883496284 -0.307198167 -1.026862144 -0.031353395 0.957238317 0.282831728 0.052135505
1403715981884058112.000000 0.900483847 -0.317852199 -1.020845771 -0.031346329 0.951119542 0.296182752 0.081638753
1403715981934058240.000000 0.929873586 -0.315708160 -1.004242659 -0.032113146 0.945947766 0.303838402 0.108783178
1403715981984058112.000000 0.955392122 -0.320231080 -0.982405007 -0.033504914 0.941200852 0.307819963 0.135149270
1403715982034057984.000000 0.973281503 -0.328284144 -0.967955709 -0.033141393 0.935740530 0.311593801 0.161866158
1403715982084058368.000000 1.003869176 -0.333888829 -0.945451498 -0.033346225 0.931571066 0.311453432 0.184553981
1403715982134057984.000000 1.023179770 -0.342538953 -0.926755190 -0.033173986 0.926231503 0.311774939 0.209263355
1403715982184058112.000000 1.041740060 -0.356225610 -0.908300638 -0.032575961 0.920636237 0.311644316 0.232906863
1403715982234058240.000000 1.063315272 -0.365849733 -0.879502773 -0.031953577 0.915533245 0.309326470 0.255137175
1403715982284058112.000000 1.082426071 -0.371895611 -0.860085130 -0.029792400 0.908925951 0.308999062 0.278362513
1403715982334057984.000000 1.101771832 -0.380222023 -0.838554621 -0.028734580 0.902347267 0.307293475 0.300856382
1403715982384058112.000000 1.130503893 -0.394404113 -0.809292316 -0.027510302 0.895762384 0.306597590 0.320703685
1403715982434058240.000000 1.143596649 -0.409907818 -0.782340169 -0.026736690 0.887666881 0.305003643 0.343955755
1403715982484058112.000000 1.164151549 -0.420282602 -0.751885533 -0.024738586 0.879861474 0.302899390 0.365354389
1403715982534057984.000000 1.176413059 -0.434910536 -0.724445343 -0.024959166 0.871502399 0.298563451 0.388227493
1403715982584058368.000000 1.200082302 -0.443472326 -0.690866709 -0.023934413 0.863232017 0.294187635 0.409525663
1403715982634057984.000000 1.216489792 -0.456515253 -0.660555959 -0.022458553 0.853406906 0.289961517 0.432567358
1403715982684058112.000000 1.223682046 -0.468987525 -0.632016897 -0.019747818 0.841684699 0.286865085 0.457039863
1403715982734058240.000000 1.251397848 -0.478958726 -0.596190095 -0.017944921 0.831438839 0.283274978 0.477642924
1403715982784058112.000000 1.258892298 -0.495736778 -0.566019654 -0.016667662 0.817861140 0.279294312 0.502812266
1403715982834057984.000000 1.269340634 -0.505184591 -0.531025648 -0.013576967 0.804682553 0.275607467 0.525682688
1403715982884058112.000000 1.278982759 -0.516176403 -0.495290995 -0.012313838 0.791290164 0.270710647 0.548109472
1403715982934058240.000000 1.281327486 -0.536327422 -0.460090518 -0.012780083 0.776886940 0.266424239 0.570352077
1403715982984058112.000000 1.292723894 -0.551820338 -0.422792673 -0.010312911 0.763041794 0.262899250 0.590376854
1403715983034057984.000000 1.304288387 -0.562759578 -0.387031317 -0.007726901 0.748670161 0.257934093 0.610658050
1403715983084058368.000000 1.306889772 -0.576178610 -0.351897836 -0.004998369 0.733151972 0.253204972 0.631150067
1403715983134057984.000000 1.312919617 -0.588267803 -0.317514658 -0.002003977 0.717350960 0.248691142 0.650812030
1403715983184058112.000000 1.318392634 -0.604576468 -0.274607062 0.000768589 0.701782525 0.243134469 0.669616640
1403715983234058240.000000 1.320973158 -0.610672832 -0.245589256 0.005412500 0.683119059 0.236949697 0.690777719
1403715983284058112.000000 1.317420006 -0.627568662 -0.200344443 0.008346223 0.666277170 0.231641561 0.708764613
1403715983334057984.000000 1.321656466 -0.653078020 -0.160654306 0.008437542 0.648972511 0.224790931 0.726796150
1403715983384058112.000000 1.316888809 -0.647808433 -0.115894556 0.013824113 0.630494297 0.215918168 0.745429635
1403715983434058240.000000 1.319936514 -0.675461173 -0.091661155 0.015881322 0.608086050 0.211317688 0.765064716
1403715983484058112.000000 1.312661171 -0.705690801 -0.034690380 0.021891290 0.591211617 0.204750210 0.779786587
1403715983534057984.000000 1.313523412 -0.714293718 -0.025516808 0.031886186 0.564705968 0.195830241 0.801087379
1403715983584058368.000000 1.306876183 -0.741174340 0.014840245 0.040656682 0.544517040 0.188253775 0.816338658
1403715983634057984.000000 1.294809699 -0.751366794 0.041935265 0.053280171 0.521991134 0.179917470 0.832055509
1403715983684058112.000000 1.290874004 -0.777257800 0.087808192 0.060203563 0.501102030 0.173603654 0.845655978
1403715983734058240.000000 1.291698098 -0.785814583 0.088084877 0.069470927 0.473184198 0.166550308 0.862282753
1403715983784058112.000000 1.270260215 -0.802440464 0.117886424 0.074579872 0.452828258 0.161075637 0.873750031
1403715983834057984.000000 1.258835316 -0.802415848 0.131573081 0.081507839 0.428413689 0.153585494 0.886695981
1403715983884058112.000000 1.244095206 -0.806906044 0.137326002 0.085704066 0.402899265 0.146563739 0.899358749
1403715983934058240.000000 1.228608966 -0.812443137 0.168993831 0.090691410 0.381817639 0.140175909 0.909033120
1403715983984058112.000000 1.218024373 -0.804347813 0.179498196 0.097414516 0.356049299 0.134618059 0.919574618
1403715984034057984.000000 1.171420336 -0.836434841 0.235125840 0.093822010 0.345635802 0.132268399 0.924250185
1403715984084058368.000000 1.131800771 -0.846047103 0.263855189 0.093899243 0.328413874 0.130107552 0.930805743
1403715984134057984.000000 1.106100082 -0.860669434 0.266017616 0.086704470 0.307071865 0.125546724 0.939375997
1403715984184058112.000000 1.077088594 -0.857398689 0.268523246 0.086532816 0.284329325 0.123004965 0.946857333
1403715984234058240.000000 1.047907591 -0.873444200 0.288568527 0.081776753 0.267519921 0.120156519 0.952527225
1403715984284058112.000000 1.022221208 -0.870661914 0.281987369 0.081023738 0.245839149 0.114012539 0.959166050
1403715984334057984.000000 0.992412269 -0.871174812 0.308467209 0.086358279 0.230297968 0.111845724 0.962806165
1403715984384058112.000000 0.964926481 -0.887470186 0.308474779 0.083749659 0.212238297 0.107663840 0.967651546
1403715984434058240.000000 0.937744975 -0.886566579 0.296114147 0.086435527 0.192289099 0.099490739 0.972448170
1403715984484058112.000000 0.915667534 -0.892293751 0.290050656 0.084150985 0.172704369 0.092261277 0.977025926
1403715984534057984.000000 0.886621833 -0.890376329 0.266143173 0.079027630 0.150974855 0.082986437 0.981872976
1403715984584058368.000000 0.849468887 -0.895622373 0.251824290 0.068207160 0.132375970 0.074617237 0.986030757
1403715984634057984.000000 0.828606784 -0.890737176 0.233833075 0.059116844 0.111973129 0.064214796 0.989870548
1403715984684058112.000000 0.800480247 -0.893364787 0.226409018 0.049350031 0.092443839 0.056778446 0.992872059
1403715984734058240.000000 0.778088033 -0.873369753 0.211777106 0.050860584 0.068890870 0.049898352 0.995076597
1403715984784058112.000000 0.754454911 -0.881545901 0.198339000 0.044585317 0.042573091 0.043529630 0.997148395
1403715984834057984.000000 0.708344638 -0.884865224 0.174008146 0.041521199 0.024289496 0.042126656 0.997953653
1403715984884058112.000000 0.644737005 -0.879608750 0.151047900 0.043712921 0.011494834 0.038858600 0.998221993
1403715984934058240.000000 0.613605201 -0.877903998 0.130784556 0.043192714 -0.010273203 0.032979999 0.998469412
1403715984984058112.000000 0.621067822 -0.864580691 0.126902089 0.049936425 -0.043738361 0.024730142 0.997487724
1403715985034057984.000000 0.608568132 -0.854404509 0.109132797 0.055002395 -0.064855658 0.015514161 0.996256888
1403715985084058368.000000 0.583440065 -0.850789964 0.085929424 0.055650476 -0.078389719 0.005123985 0.995355129
1403715985134057984.000000 0.576760650 -0.858363628 0.074192800 0.050654046 -0.095409460 -0.002917816 0.994144261
1403715985184058112.000000 0.534204602 -0.836457551 0.043573640 0.057837348 -0.097212717 -0.009937932 0.993532002
1403715985234058240.000000 0.516137660 -0.841710091 0.021751478 0.055562925 -0.103728056 -0.018541010 0.992879450
1403715985284058112.000000 0.493084699 -0.826018512 -0.003439138 0.059328791 -0.103460811 -0.029501993 0.992424130
1403715985334057984.000000 0.471926540 -0.816136897 -0.024637908 0.061380312 -0.102786995 -0.039778359 0.992010593
1403715985384058112.000000 0.456670225 -0.813210666 -0.050966628 0.061050255 -0.101822853 -0.044669297 0.991922259
1403715985434058240.000000 0.434244514 -0.809849441 -0.073001385 0.058866419 -0.099698633 -0.042383902 0.992370248
1403715985484058112.000000 0.414639771 -0.809000492 -0.099656872 0.052668240 -0.096419692 -0.036709819 0.993268192
1403715985534057984.000000 0.398733616 -0.798224568 -0.126469016 0.046124861 -0.092478268 -0.029676478 0.994202971
1403715985584058368.000000 0.385906309 -0.764900386 -0.156599671 0.042290483 -0.086778976 -0.021997590 0.995086491
1403715985634057984.000000 0.351930797 -0.763800085 -0.180703014 0.024913654 -0.075871758 -0.016381329 0.996671736
1403715985684058112.000000 0.341656446 -0.753627002 -0.209604502 0.010935663 -0.071238533 -0.009815212 0.997351110
1403715985734058240.000000 0.309979856 -0.771550655 -0.227511138 -0.012800859 -0.062791727 -0.004220589 0.997935653
1403715985784058112.000000 0.302108020 -0.737274706 -0.253989518 -0.019939139 -0.061717752 0.007178039 0.997868717
1403715985834057984.000000 0.276853204 -0.742320478 -0.278059870 -0.033231337 -0.056566302 0.016909976 0.997702360
1403715985884058112.000000 0.259027958 -0.727747202 -0.295709491 -0.037031006 -0.053262345 0.024998568 0.997580528
1403715985934058240.000000 0.236493289 -0.703016639 -0.313647956 -0.033372644 -0.048730168 0.032181684 0.997735441
1403715985984058112.000000 0.226332098 -0.703532159 -0.325477898 -0.033371791 -0.047773648 0.037183255 0.997607887
1403715986034057984.000000 0.189106241 -0.684965014 -0.344234347 -0.027659936 -0.039810363 0.042056270 0.997938573
1403715986084058368.000000 0.182668149 -0.667605817 -0.356022328 -0.021540251 -0.039921813 0.045884501 0.997916281
1403715986134057984.000000 0.161191329 -0.643815577 -0.370330185 -0.015238017 -0.037498828 0.049964432 0.997930527
1403715986184058112.000000 0.150750071 -0.615500510 -0.379170328 -0.008133274 -0.038137622 0.053027026 0.997831464
1403715986234058240.000000 0.126985818 -0.611963391 -0.386123449 -0.008096845 -0.034378856 0.054481179 0.997889996
1403715986284058112.000000 0.111437380 -0.569316804 -0.396846116 0.001107901 -0.032307193 0.052066784 0.998120308
1403715986334057984.000000 0.098611429 -0.561230123 -0.400243074 0.004900175 -0.028799977 0.045441229 0.998539746
1403715986384058112.000000 0.093805179 -0.547713637 -0.405983925 0.012732551 -0.027316952 0.038574461 0.998801172
1403715986434058240.000000 0.075932905 -0.533402026 -0.411500067 0.018681727 -0.023172410 0.032250445 0.999036491
1403715986484058112.000000 0.068290018 -0.518508196 -0.416945070 0.018275259 -0.022721145 0.027708726 0.999190688
1403715986534057984.000000 0.062098019 -0.489057004 -0.419493318 0.014219572 -0.023317125 0.023349430 0.999354303
1403715986584058368.000000 0.052967541 -0.478331923 -0.423368514 0.001036122 -0.022991283 0.020296415 0.999529123
1403715986634057984.000000 0.039606206 -0.457615435 -0.425498873 -0.012506551 -0.022758627 0.017441859 0.999510586
1403715986684058112.000000 0.035901684 -0.438297957 -0.430267274 -0.025307158 -0.024788572 0.015842931 0.999246776
1403715986734058240.000000 0.024389505 -0.423050165 -0.432132155 -0.035323434 -0.025079828 0.014216779 0.998960078
1403715986784058112.000000 0.011664877 -0.410455883 -0.430941850 -0.040671814 -0.024912026 0.012008439 0.998789787
1403715986834057984.000000 0.008264276 -0.400330424 -0.427485466 -0.040689263 -0.026411595 0.010874068 0.998763561
1403715986884058112.000000 -0.003531845 -0.386991650 -0.426117629 -0.036439430 -0.025851183 0.009778726 0.998953581
1403715986934058240.000000 -0.009034889 -0.376553595 -0.423616052 -0.029727928 -0.026278924 0.011613061 0.999145091
1403715986984058112.000000 -0.020523561 -0.358676046 -0.413960159 -0.017173950 -0.023392186 0.014053001 0.999480069
1403715987034057984.000000 -0.028753541 -0.346636176 -0.406324685 -0.003397902 -0.021100139 0.021973010 0.999530137
1403715987084058368.000000 -0.033589687 -0.338025272 -0.400075525 0.009052726 -0.017765235 0.028553227 0.999393404
1403715987134057984.000000 -0.032195952 -0.330129594 -0.394324392 0.018011045 -0.016805580 0.041347034 0.998841166
1403715987184058112.000000 -0.046765875 -0.319239318 -0.384542763 0.027246648 -0.010113802 0.051278479 0.998261452
1403715987234058240.000000 -0.045663141 -0.314273149 -0.379741818 0.033324789 -0.006388095 0.060207594 0.997609019
1403715987284058112.000000 -0.048645694 -0.292472661 -0.370857388 0.042603470 -0.000094754 0.067950748 0.996778667
1403715987334057984.000000 -0.052576859 -0.287805289 -0.364435613 0.043174032 0.006736050 0.071083754 0.996512830
1403715987384058112.000000 -0.058380090 -0.278288454 -0.360673755 0.043303102 0.015356400 0.067816079 0.996639431
1403715987434058240.000000 -0.060285706 -0.267349213 -0.356158763 0.041969378 0.022281555 0.062468637 0.996915162
1403715987484058112.000000 -0.058117356 -0.248896152 -0.353918999 0.041099392 0.027867695 0.055328503 0.997232735
1403715987534057984.000000 -0.058740195 -0.239407137 -0.352738947 0.035669591 0.032220330 0.050163172 0.997583747
1403715987584058368.000000 -0.058380481 -0.237239212 -0.350455076 0.028310813 0.035062667 0.045849163 0.997931361
1403715987634057984.000000 -0.059220057 -0.226511389 -0.349781007 0.024652477 0.037332129 0.043420829 0.998054743
1403715987684058112.000000 -0.057293579 -0.216347203 -0.350716949 0.023180060 0.038129661 0.040573932 0.998179674
1403715987734058240.000000 -0.056674987 -0.205298424 -0.350052476 0.020777101 0.038517062 0.037628841 0.998333097
1403715987784058112.000000 -0.051719863 -0.196288511 -0.349812508 0.016054409 0.037944078 0.035062164 0.998535514
1403715987834057984.000000 -0.052026562 -0.188838392 -0.349575013 0.006791152 0.037431754 0.033021115 0.998730421
1403715987884058112.000000 -0.050920673 -0.173984677 -0.348833889 -0.000152729 0.036634639 0.031330343 0.998837471
1403715987934058240.000000 -0.050458014 -0.165947825 -0.348128855 -0.008066263 0.035237037 0.031098295 0.998862505
1403715987984058112.000000 -0.048295502 -0.155132145 -0.346750617 -0.013772960 0.033760976 0.029374158 0.998903275
1403715988034057984.000000 -0.047561668 -0.144298360 -0.344997495 -0.014711178 0.032408439 0.029476948 0.998931706
1403715988084058368.000000 -0.045574032 -0.140357226 -0.340700001 -0.012697678 0.030420845 0.028483860 0.999050617
1403715988134057984.000000 -0.043970641 -0.125536263 -0.340532482 -0.003598671 0.029019730 0.028402962 0.999168754
1403715988184058112.000000 -0.043503746 -0.127389953 -0.338346004 0.001190275 0.028172305 0.025812538 0.999269068
1403715988234058240.000000 -0.044417985 -0.125295654 -0.334754258 0.007019617 0.027997201 0.023797426 0.999300063
1403715988284058112.000000 -0.040420566 -0.117878757 -0.330247372 0.015216245 0.026748180 0.023378028 0.999252975
1403715988334057984.000000 -0.041303016 -0.114314497 -0.328741789 0.021115877 0.026827920 0.021814557 0.999178946
1403715988384058112.000000 -0.045472689 -0.113884069 -0.323345989 0.025718091 0.026743202 0.022058669 0.999068022
1403715988434058240.000000 -0.043270763 -0.111507237 -0.320991993 0.028198110 0.024676843 0.024834456 0.998989105
1403715988484058112.000000 -0.039225340 -0.106995828 -0.318730861 0.031459142 0.021596450 0.029207220 0.998844802
1403715988534057984.000000 -0.043671895 -0.104093671 -0.317316175 0.032134820 0.020472435 0.035378259 0.998647392
1403715988584058368.000000 -0.049383331 -0.100780040 -0.313269913 0.032171618 0.020137660 0.040130496 0.998473346
1403715988634057984.000000 -0.042792078 -0.094386064 -0.314961314 0.032421112 0.015908096 0.047089417 0.998237669
1403715988684058112.000000 -0.043923095 -0.094416663 -0.315320730 0.029344171 0.013948722 0.053586509 0.998034477
1403715988734058240.000000 -0.044249102 -0.092438281 -0.313748747 0.025749454 0.013009428 0.057069950 0.997953296
1403715988784058112.000000 -0.044456225 -0.085121967 -0.313471198 0.021755287 0.013142763 0.059038315 0.997932076
1403715988834057984.000000 -0.039793752 -0.082862124 -0.316843480 0.016246552 0.013701037 0.057138436 0.998140037
1403715988884058112.000000 -0.036030307 -0.084620036 -0.316236198 0.009753814 0.015512639 0.052978959 0.998427510
1403715988934058240.000000 -0.036345318 -0.077862233 -0.319139242 0.007757051 0.018567692 0.049463786 0.998573184
1403715988984058112.000000 -0.030933749 -0.077340730 -0.320171714 0.005838889 0.020362861 0.045883607 0.998722196
1403715989034057984.000000 -0.025155302 -0.074384682 -0.321417391 0.005278294 0.022087106 0.042237010 0.998849511
1403715989084058368.000000 -0.023288846 -0.070994824 -0.321243107 0.004606237 0.024138253 0.040335871 0.998883963
1403715989134057984.000000 -0.018791366 -0.072340138 -0.324334145 0.004348813 0.026252963 0.038088560 0.998919964
1403715989184058112.000000 -0.015955476 -0.070017956 -0.323868990 0.004228805 0.027633164 0.038027737 0.998885632
1403715989234058240.000000 -0.010324054 -0.069231838 -0.323273391 0.003599728 0.028834492 0.037108582 0.998888731
1403715989284058112.000000 -0.000143610 -0.067451529 -0.322320670 0.004528185 0.028116096 0.037612144 0.998886526
1403715989334057984.000000 0.004198999 -0.068619065 -0.323025703 0.004946532 0.029100282 0.037853125 0.998847365
1403715989384058112.000000 0.011102566 -0.068226106 -0.319873691 0.006209052 0.029288869 0.037419792 0.998851061
1403715989434058240.000000 0.014288187 -0.068437971 -0.321119994 0.005136542 0.030773856 0.036774211 0.998836458
1403715989484058112.000000 0.019323578 -0.067549385 -0.319922507 0.005365117 0.030901989 0.036631607 0.998836517
1403715989534057984.000000 0.023898110 -0.067008398 -0.319387317 0.004828816 0.031359158 0.037036482 0.998810053
1403715989584058368.000000 0.033648681 -0.068146147 -0.315482944 0.006368687 0.031219255 0.036825124 0.998813629
1403715989634057984.000000 0.038727857 -0.068727687 -0.313109308 0.010843068 0.032375716 0.035840891 0.998774111
1403715989684058112.000000 0.046868172 -0.068108596 -0.309411287 0.016612200 0.032331876 0.034043435 0.998759091
1403715989734058240.000000 0.052326836 -0.069066070 -0.307980776 0.020868123 0.032674722 0.033359431 0.998691201
1403715989784058112.000000 0.059627064 -0.065147132 -0.303857863 0.025295787 0.032870959 0.032234486 0.998619378
1403715989834057984.000000 0.060131304 -0.069128014 -0.303155422 0.025920536 0.034274492 0.029352000 0.998645067
1403715989884058112.000000 0.067016453 -0.065811321 -0.299148560 0.027869780 0.034289613 0.028276255 0.998623073
1403715989934058240.000000 0.073205881 -0.064435296 -0.296667904 0.028609198 0.034835815 0.024884952 0.998673499
1403715989984058112.000000 0.081831194 -0.063952036 -0.297365665 0.027937436 0.033379909 0.024025526 0.998763263
1403715990034057984.000000 0.079691701 -0.059641875 -0.291915923 0.027992908 0.034883548 0.022604655 0.998743534
1403715990084058368.000000 0.083695680 -0.057309084 -0.291767091 0.027278313 0.034258507 0.022101246 0.998796225
1403715990134057984.000000 0.086278774 -0.054046307 -0.289803982 0.026170522 0.033815790 0.021013198 0.998864353
1403715990184058112.000000 0.088779189 -0.050489191 -0.288392693 0.025210574 0.033110283 0.020528704 0.998922765
1403715990234058240.000000 0.090873383 -0.046594482 -0.286208212 0.023510462 0.033126183 0.019519400 0.998983979
1403715990284058112.000000 0.091722593 -0.044221215 -0.285979867 0.022107348 0.033119954 0.019398646 0.999018550
1403715990334057984.000000 0.094112627 -0.038804770 -0.282183886 0.021985270 0.032270420 0.017565483 0.999082983
1403715990384058112.000000 0.094765164 -0.034023799 -0.281851292 0.021152262 0.032426890 0.016139418 0.999119937
1403715990434058240.000000 0.094750263 -0.028640453 -0.281313151 0.019433036 0.032282270 0.016249130 0.999157727
1403715990484058112.000000 0.094786644 -0.021244295 -0.278754562 0.018126972 0.032351952 0.014575522 0.999205887
1403715990534057984.000000 0.094195940 -0.013254007 -0.274409831 0.017736498 0.031672936 0.014063112 0.999241948
1403715990584058368.000000 0.092791446 -0.003773552 -0.271013737 0.015967583 0.031918518 0.013678376 0.999269307
1403715990634057984.000000 0.090257615 0.002348648 -0.270364821 0.012285734 0.031051893 0.013716358 0.999348164
1403715990684058112.000000 0.088843524 0.012615720 -0.265940040 0.009270587 0.031111484 0.011960956 0.999401391
1403715990734058240.000000 0.085839301 0.023941843 -0.259147227 0.006985302 0.030283675 0.012955240 0.999433041
1403715990784058112.000000 0.078885317 0.031949610 -0.262056708 0.004186367 0.030427244 0.012736279 0.999447048
1403715990834057984.000000 0.073427565 0.037771117 -0.260072231 0.000011301 0.030317960 0.012945330 0.999456465
1403715990884058112.000000 0.069264062 0.046831205 -0.254096121 -0.002151869 0.030434962 0.011068704 0.999473155
1403715990934058240.000000 0.063701972 0.056050334 -0.247271791 -0.002958900 0.030679453 0.011555365 0.999458134
1403715990984058112.000000 0.060299043 0.061302565 -0.235438809 -0.001766865 0.029577414 0.009290066 0.999517798
1403715991034057984.000000 0.033842877 0.062405396 -0.235299826 -0.000710974 0.032342624 0.011916115 0.999405563
1403715991084058368.000000 0.037268125 0.066416070 -0.229419649 0.003905670 0.028964180 0.010391949 0.999518812
1403715991134057984.000000 0.031153310 0.067298651 -0.227136031 0.011928608 0.027450657 0.017791437 0.999393702
1403715991184058112.000000 0.033913542 0.067946061 -0.219582185 0.013707458 0.028180270 0.011859380 0.999438524
1403715991234058240.000000 0.030218385 0.064364865 -0.226606309 0.010141137 0.029915109 0.004556897 0.999490678
1403715991284058112.000000 0.028595228 0.071578972 -0.222171217 0.014867031 0.031336632 0.002392399 0.999395490
1403715991334057984.000000 0.032667484 0.068967082 -0.222977385 0.017521214 0.030096943 0.007922179 0.999362051
1403715991384058112.000000 0.034157425 0.071059935 -0.221507296 0.016813096 0.024931313 0.018860629 0.999369860
1403715991434058240.000000 0.033397276 0.069713928 -0.220030695 0.015986718 0.026568158 0.016553408 0.999382138
1403715991484058112.000000 0.035050072 0.070367083 -0.221161157 0.017567931 0.025370108 0.017650660 0.999367893
1403715991534057984.000000 0.032134604 0.071021177 -0.223226786 0.016877847 0.025249247 0.019782059 0.999342978
1403715991584058368.000000 0.035519902 0.070725374 -0.222836226 0.018215017 0.024730764 0.018129969 0.999363780
1403715991634057984.000000 0.034757204 0.070105948 -0.221936896 0.016984891 0.025550066 0.018675148 0.999354839
1403715991684058112.000000 0.035658937 0.070623145 -0.221800089 0.016548030 0.024697840 0.018301157 0.999390483
1403715991734058240.000000 0.035206605 0.069924429 -0.222827420 0.016832817 0.025854794 0.017725324 0.999366820
1403715991784058112.000000 0.035088625 0.070885405 -0.221685916 0.016453240 0.026262626 0.016718989 0.999379873
1403715991834057984.000000 0.035033420 0.072379299 -0.218122527 0.017991280 0.025252461 0.017807527 0.999360621
1403715991884058112.000000 0.033892974 0.071865067 -0.220117927 0.017451210 0.026235813 0.017069820 0.999357760
1403715991934058240.000000 0.034190465 0.071101755 -0.219726399 0.016831703 0.025874645 0.017070087 0.999377787
1403715991984058112.000000 0.035195921 0.072141521 -0.219646811 0.017152311 0.025956675 0.017413246 0.999364197
1403715992034057984.000000 0.034685865 0.070181482 -0.221312225 0.016824368 0.025365343 0.018827252 0.999359369
1403715992084058368.000000 0.034382645 0.070446126 -0.224731565 0.016303191 0.025017457 0.017906167 0.999393702
1403715992134057984.000000 0.034930881 0.071871936 -0.221358925 0.017313238 0.025893051 0.017234612 0.999366224
1403715992184058112.000000 0.034412302 0.071677856 -0.220128849 0.017238308 0.025505418 0.018125303 0.999361753
1403715992234058240.000000 0.034412973 0.070545442 -0.220707119 0.017083365 0.025810137 0.017676588 0.999364555
1403715992284058112.000000 0.034670264 0.070930555 -0.220866889 0.017434761 0.025757959 0.016941141 0.999372602
1403715992334057984.000000 0.035567816 0.071764298 -0.221907109 0.017068639 0.025618959 0.017677924 0.999369740
1403715992384058112.000000 0.034497187 0.071635388 -0.219644234 0.017746078 0.026072938 0.017683653 0.999346137
1403715992434058240.000000 0.035319544 0.072324723 -0.219476551 0.018372923 0.025780005 0.018020594 0.999336362
1403715992484058112.000000 0.033634230 0.071371250 -0.220788121 0.016196314 0.026268633 0.017463896 0.999371171
1403715992534057984.000000 0.034433570 0.070771098 -0.220910475 0.016540663 0.025751445 0.016866205 0.999389291
1403715992584058368.000000 0.033559401 0.071367279 -0.222177207 0.017362684 0.026134672 0.018448550 0.999337435
1403715992634057984.000000 0.034368593 0.070806272 -0.220704257 0.017303474 0.025603363 0.018584015 0.999349654
1403715992684058112.000000 0.032930292 0.070757464 -0.221492842 0.016592259 0.026575282 0.018068854 0.999345779
1403715992734058240.000000 0.032356501 0.070226148 -0.220746338 0.016707743 0.026478345 0.018115893 0.999345601
1403715992784058112.000000 0.032044366 0.070611581 -0.219509602 0.017458033 0.026507892 0.018562499 0.999323785
1403715992834057984.000000 0.032378145 0.070633769 -0.220666379 0.016776422 0.026692715 0.018385138 0.999333858
1403715992884058112.000000 0.032544468 0.070829257 -0.220492527 0.017146578 0.026216619 0.018135717 0.999344766
1403715992934058240.000000 0.032860272 0.071248218 -0.220615461 0.017496813 0.026222020 0.018181441 0.999337673
1403715992984058112.000000 0.034072988 0.072406307 -0.220562562 0.017601727 0.026427113 0.017792629 0.999337435
1403715993034057984.000000 0.032817408 0.069564074 -0.220166475 0.016311193 0.026313866 0.018551022 0.999348521
1403715993084058368.000000 0.033360913 0.070817493 -0.220154360 0.017433815 0.025802325 0.018442152 0.999344945
1403715993134057984.000000 0.033800196 0.070516780 -0.220276222 0.016793935 0.025443073 0.018223654 0.999369025
1403715993184058112.000000 0.034984343 0.072367184 -0.221795887 0.017977091 0.025571465 0.017827475 0.999352336
1403715993234058240.000000 0.034258869 0.071938500 -0.221237198 0.017986787 0.025948111 0.018140195 0.999336839
1403715993284058112.000000 0.034597252 0.071743049 -0.222499415 0.017832465 0.025766710 0.017971775 0.999347329
1403715993334057984.000000 0.034972198 0.070963882 -0.222008467 0.017039007 0.025129784 0.018412141 0.999369442
1403715993384058112.000000 0.034363329 0.071874306 -0.221841961 0.017556109 0.025779936 0.017928818 0.999352694
1403715993434058240.000000 0.035569493 0.071047656 -0.221722856 0.017342811 0.024575640 0.018845394 0.999369919
1403715993484058112.000000 0.034631286 0.072525419 -0.221710801 0.017919710 0.025435628 0.018360430 0.999347270
1403715993534057984.000000 0.033529337 0.071596578 -0.221140563 0.017427187 0.026097288 0.017616533 0.999352276
1403715993584058368.000000 0.034097124 0.072553769 -0.221725687 0.018320780 0.025651492 0.018562935 0.999330699
1403715993634057984.000000 0.033972353 0.072303057 -0.223105997 0.017574161 0.026176784 0.018013796 0.999340534
1403715993684058112.000000 0.034909092 0.071937829 -0.222177699 0.017529089 0.025562832 0.018108696 0.999355555
1403715993734058240.000000 0.035191346 0.070832387 -0.221374124 0.017576938 0.025553513 0.018393176 0.999349713
1403715993784058112.000000 0.034722377 0.072139300 -0.221835479 0.017711528 0.025302237 0.018552184 0.999350786
1403715993834057984.000000 0.035207417 0.071187839 -0.221369609 0.018049741 0.025638236 0.018335223 0.999340177
1403715993884058112.000000 0.034164138 0.071991362 -0.221504122 0.018061772 0.026087895 0.017775306 0.999338448
1403715993934058240.000000 0.034561887 0.071059562 -0.222121358 0.016375730 0.025879038 0.018198729 0.999365330
1403715993984058112.000000 0.034599457 0.071514465 -0.221386954 0.018676758 0.025525067 0.018009428 0.999337435
