1403715893.984058141708 -0.014725927263 -0.009719223715 -0.012858904898 0.029849799350 -0.010523358360 0.012041272596 0.999426484108
1403715894.034058094025 -0.015593242832 -0.010469296016 -0.014910650440 0.023204373196 -0.011287964880 0.011588321067 0.999599874020
1403715894.084058284760 -0.017007935792 -0.010695521720 -0.015394827351 0.015906240791 -0.011094904505 0.010958903469 0.999751865864
1403715894.134057998657 -0.018040129915 -0.009795892052 -0.017388893291 0.014792912640 -0.010078081861 0.009025278501 0.999799072742
1403715894.184058189392 -0.020131146535 -0.010692196898 -0.020465208218 0.019220784307 -0.007320150733 0.004165776540 0.999779820442
1403715894.234058141708 -0.021857229993 -0.011809004471 -0.021151458845 0.026679271832 -0.005313786212 -0.000772473810 0.999629616737
1403715894.284058094025 -0.019508656114 -0.010367095470 -0.021072926000 0.035901177675 -0.004107229877 -0.006454247050 0.999326050282
1403715894.334058046341 -0.019746530801 -0.010362242348 -0.021950971335 0.042372193187 -0.002907825634 -0.011324713007 0.999033451080
1403715894.384058237076 -0.022654974833 -0.012513762340 -0.022642435506 0.047274567187 -0.001580565702 -0.015403800644 0.998761892319
1403715894.434058189392 -0.027238817886 -0.013687590137 -0.020684400573 0.050212789327 0.000089728470 -0.018103109673 0.998574495316
1403715894.484058141708 -0.029352113605 -0.015732273459 -0.021835628897 0.049211855978 -0.001382317278 -0.016610456631 0.998649299145
1403715894.534058094025 -0.033297628164 -0.016970839351 -0.023505892605 0.046959094703 -0.002932975534 -0.014690404758 0.998784482479
1403715894.584058284760 -0.034825991839 -0.015566657297 -0.019896857440 0.045781597495 -0.005089366809 -0.012923501432 0.998854935169
1403715894.634057998657 -0.040322933346 -0.017177034169 -0.019324945286 0.043720364571 -0.006654783618 -0.010771588422 0.998963594437
1403715894.684058189392 -0.044821262360 -0.016505789012 -0.017197221518 0.042671464384 -0.010106494650 -0.006114517804 0.999019324780
1403715894.734058141708 -0.053435340524 -0.019570996985 -0.019354093820 0.043422304094 -0.011722922325 -0.002895738231 0.998983860016
1403715894.784058094025 -0.064025878906 -0.021547872573 -0.018604734913 0.046893659979 -0.013499787077 0.000630851777 0.998808443546
1403715894.834058046341 -0.072485089302 -0.023445473984 -0.019813505933 0.051700901240 -0.016153782606 0.004867788870 0.998520076275
1403715894.884058237076 -0.083384610713 -0.026021637022 -0.020809710026 0.057246100157 -0.017690459266 0.007499388419 0.998175203800
1403715894.934058189392 -0.094387494028 -0.029911926016 -0.021114509553 0.061871871352 -0.018902225420 0.008563412353 0.997868359089
1403715894.984058141708 -0.105011478066 -0.033402949572 -0.022692985833 0.065979830921 -0.020305441692 0.009544230998 0.997568726540
1403715895.034058094025 -0.117922358215 -0.037378106266 -0.023045884445 0.069034121931 -0.020937008783 0.010064054281 0.997343838215
1403715895.084058284760 -0.125398904085 -0.037297833711 -0.023267427459 0.072685219347 -0.022536130622 0.010436468758 0.997045695782
1403715895.134057998657 -0.130983188748 -0.039728570729 -0.022659376264 0.074541047215 -0.025526423007 0.011893806979 0.996820211411
1403715895.184058189392 -0.140289470553 -0.042679309845 -0.022593345493 0.076096676290 -0.027286583558 0.012661019340 0.996646583080
1403715895.234058141708 -0.147372707725 -0.044036611915 -0.023962518200 0.077718839049 -0.029876533896 0.014611753635 0.996420443058
1403715895.284058094025 -0.155076533556 -0.045448601246 -0.023952599615 0.080081224442 -0.031607121229 0.015221076086 0.996170818806
1403715895.334058046341 -0.163148954511 -0.046965055168 -0.023925116286 0.081694103777 -0.033330116421 0.016123965383 0.995969474316
1403715895.384058237076 -0.170106053352 -0.049328334630 -0.025963820517 0.083468250930 -0.035254068673 0.015681179240 0.995763182640
1403715895.434058189392 -0.176308855414 -0.052209299058 -0.029115943238 0.084814436734 -0.037194810808 0.015919962898 0.995575010777
1403715895.484058141708 -0.190101459622 -0.057271521538 -0.032094627619 0.084608823061 -0.037683803588 0.015961416066 0.995573461056
1403715895.534058094025 -0.208007380366 -0.062865912914 -0.036407694221 0.084967344999 -0.037161715329 0.015979163349 0.995562314987
1403715895.584058284760 -0.215836331248 -0.066662296653 -0.039005104452 0.084548994899 -0.039166960865 0.016025725752 0.995520293713
1403715895.634057998657 -0.232967063785 -0.072066009045 -0.043869305402 0.086163900793 -0.038658339530 0.015741625801 0.995406210423
1403715895.684058189392 -0.239908188581 -0.073262758553 -0.046611655504 0.087403394282 -0.040490925312 0.016035882756 0.995220601559
1403715895.734058141708 -0.257344186306 -0.081649512053 -0.053292535245 0.086216069758 -0.040204931051 0.015853418037 0.995338678360
1403715895.784058094025 -0.267408996820 -0.083378247917 -0.055232431740 0.087618954480 -0.040979254991 0.016865614802 0.995167911053
1403715895.834058046341 -0.311004221439 -0.108585573733 -0.068233318627 0.081725791097 -0.034309986979 0.014731265604 0.995955169201
1403715895.884058237076 -0.463859111071 -0.262726366520 -0.117391638458 0.037426590919 -0.001453052158 0.012351161800 0.999222040176
1403715895.934058189392 -0.501592278481 -0.294758111238 -0.120148770511 0.030405346304 0.004140255973 0.012989383191 0.999444663525
1403715895.984058141708 -0.520813047886 -0.309491336346 -0.125217288733 0.028297595680 0.003886431223 0.015396448784 0.999473452568
1403715896.034058094025 -0.533649504185 -0.313620090485 -0.130399018526 0.028784614056 0.002677335171 0.017418848351 0.999430298805
1403715896.084058284760 -0.546328842640 -0.317960441113 -0.133430942893 0.028990861028 0.000527621305 0.020372031257 0.999371945858
1403715896.134057998657 -0.564739584923 -0.331553667784 -0.134681299329 0.025851851329 -0.000064584012 0.024832034484 0.999357342720
1403715896.184058189392 -0.577006816864 -0.332303613424 -0.135301917791 0.028230611235 -0.002585046226 0.029979184270 0.999148488045
1403715896.234058141708 -0.594412684441 -0.356435626745 -0.137846142054 0.022968070582 -0.004084797576 0.037710428238 0.999016404152
1403715896.284058094025 -0.607651412487 -0.366226941347 -0.141384944320 0.024833878502 -0.007815566845 0.046478658915 0.998579978943
1403715896.334058046341 -0.614554703236 -0.367834091187 -0.149091094732 0.028871143237 -0.013299561106 0.056405544281 0.997901797295
1403715896.384058237076 -0.627917826176 -0.377262115479 -0.150995582342 0.029108928517 -0.016362532973 0.065210834146 0.997312664986
1403715896.434058189392 -0.638630568981 -0.387307614088 -0.153220802546 0.030160287395 -0.018095813692 0.071776069701 0.996800422668
1403715896.484058141708 -0.646562039852 -0.403807789087 -0.155167534947 0.027751903981 -0.019927898422 0.078024774790 0.996365845203
1403715896.534058094025 -0.650131225586 -0.405707865953 -0.158887356520 0.031399209052 -0.022362319753 0.081975743175 0.995888531208
1403715896.584058284760 -0.656157076359 -0.407332479954 -0.160324960947 0.036127299070 -0.023060115054 0.087171621621 0.995270907879
1403715896.634057998657 -0.651714682579 -0.414016395807 -0.168389409781 0.038699328899 -0.025759136304 0.089706979692 0.994882702827
1403715896.684058189392 -0.651572465897 -0.419075220823 -0.172665685415 0.041381295770 -0.026302838698 0.091289132833 0.994616568089
1403715896.734058141708 -0.646497368813 -0.429931610823 -0.179676964879 0.040932778269 -0.027678281069 0.094228535891 0.994323611259
1403715896.784058094025 -0.641723632812 -0.431834578514 -0.183436647058 0.039304573089 -0.028639946133 0.095904149115 0.994201898575
1403715896.834058046341 -0.634232878685 -0.423197984695 -0.186859413981 0.039167881012 -0.030200751498 0.097958743572 0.993960738182
1403715896.884058237076 -0.620320737362 -0.425420939922 -0.192663148046 0.036175966263 -0.032381009310 0.101955577731 0.993603467941
1403715896.934058189392 -0.608961224556 -0.428723037243 -0.196308299899 0.032892595977 -0.034299723804 0.106846109033 0.993139207363
1403715896.984058141708 -0.592177927494 -0.432248979807 -0.202415093780 0.029909217730 -0.037603199482 0.113922178745 0.992327153683
1403715897.034058094025 -0.573028445244 -0.447317510843 -0.208761826158 0.023676371202 -0.040465511382 0.120915323496 0.991555094719
1403715897.084058284760 -0.545675277710 -0.445130795240 -0.215662509203 0.023497832939 -0.043867103755 0.126820698380 0.990676581860
1403715897.134057998657 -0.518588840961 -0.450547933578 -0.223380506039 0.022220667452 -0.044072140008 0.128868445754 0.990432679653
1403715897.184058189392 -0.488980054855 -0.452819108963 -0.229833453894 0.022755257785 -0.043193127960 0.128612875938 0.990492463112
1403715897.234058141708 -0.452495366335 -0.461702376604 -0.232394054532 0.019205307588 -0.040891207755 0.122660636902 0.991419911385
1403715897.284058094025 -0.418570488691 -0.457618832588 -0.237432345748 0.020595105365 -0.035135816783 0.111135512590 0.992970407009
1403715897.334058046341 -0.379917353392 -0.458986729383 -0.241920068860 0.019904129207 -0.028874650598 0.095310419798 0.994829654694
1403715897.384058237076 -0.332111001015 -0.466026484966 -0.248352095485 0.016574006528 -0.023042198271 0.075617954135 0.996732831001
1403715897.434058189392 -0.286251336336 -0.461993128061 -0.252329051495 0.016210172325 -0.018089402467 0.061828210950 0.997791230679
1403715897.484058141708 -0.244187027216 -0.464666426182 -0.258956611156 0.016247734427 -0.013174887747 0.051566075534 0.998450517654
1403715897.534058094025 -0.196647956967 -0.467984586954 -0.261300384998 0.015095315874 -0.010784920305 0.043664705008 0.998874008656
1403715897.584058284760 -0.151729270816 -0.472981512547 -0.268431663513 0.014364927076 -0.009913636371 0.042803689837 0.998931050301
1403715897.634057998657 -0.109328813851 -0.474880695343 -0.271132797003 0.015067427419 -0.010016211309 0.046051111072 0.998775243759
1403715897.684058189392 -0.062652528286 -0.483567357063 -0.271601051092 0.013396720402 -0.011209051125 0.049653422087 0.998613774776
1403715897.734058141708 -0.021056165919 -0.486729323864 -0.275609880686 0.013998433016 -0.012523224577 0.057484332472 0.998169720173
1403715897.784058094025 0.026443721727 -0.475092828274 -0.277681827545 0.019121114165 -0.014458062127 0.062885634601 0.997732818127
1403715897.834058046341 0.075617201626 -0.488928377628 -0.285159647465 0.020436087623 -0.015468958765 0.066990762949 0.997424364090
1403715897.884058237076 0.118422649801 -0.489576280117 -0.286264508963 0.024634152651 -0.014077327214 0.068711973727 0.997233033180
1403715897.934058189392 0.179771304131 -0.499017655849 -0.291327476501 0.026297954842 -0.015022822656 0.065745025873 0.997376739979
1403715897.984058141708 0.222569286823 -0.503650724888 -0.292922317982 0.028557654470 -0.011470193975 0.063099496067 0.997532665730
1403715898.034058094025 0.281907290220 -0.495242446661 -0.294958084822 0.036465235054 -0.010841171257 0.057395353913 0.997626423836
1403715898.084058284760 0.325116217136 -0.502796590328 -0.298265755177 0.042462270707 -0.005094735418 0.053521100432 0.997650504112
1403715898.134057998657 0.388985842466 -0.510114610195 -0.301810890436 0.048479098827 -0.002658318263 0.047809448093 0.997675776482
1403715898.184058189392 0.436321645975 -0.508667945862 -0.308233171701 0.055160034448 0.004307223484 0.046405013651 0.997389316559
1403715898.234058141708 0.469406992197 -0.489701628685 -0.297054171562 0.058824226260 0.012078708038 0.043383520097 0.997252047062
1403715898.284058094025 0.514104843140 -0.493574947119 -0.302487850189 0.057829298079 0.022063391283 0.042149934918 0.997192263603
1403715898.334058046341 0.566561758518 -0.488593459129 -0.308106839657 0.057527232915 0.030804935843 0.041698105633 0.996996998787
1403715898.384058237076 0.614453792572 -0.475625246763 -0.313442200422 0.056329298764 0.040854223073 0.043433044106 0.996630072594
1403715898.434058189392 0.677497565746 -0.487348049879 -0.320522278547 0.046145137399 0.049930114299 0.044766906649 0.996681272984
1403715898.484058141708 0.719209372997 -0.488104641438 -0.326971501112 0.038846544921 0.061346746981 0.047781523317 0.996215105057
1403715898.534058094025 0.794371247292 -0.492129594088 -0.332907259464 0.030366919935 0.067031644285 0.049909729511 0.996038973331
1403715898.584058284760 0.839031696320 -0.488075554371 -0.337701052427 0.024651953951 0.079321086407 0.052259493619 0.995173096657
1403715898.634057998657 0.905619859695 -0.486037224531 -0.335109680891 0.019991111010 0.087571948767 0.053575158119 0.994515538216
1403715898.684058189392 0.963298141956 -0.484850078821 -0.343943059444 0.019157027826 0.097725316882 0.057044230402 0.993392586708
1403715898.734058141708 0.995591819286 -0.471584916115 -0.348297476768 0.020971981809 0.112324170768 0.060734312981 0.991592109203
1403715898.784058094025 1.037639141083 -0.472259640694 -0.349144071341 0.016421914101 0.124580897391 0.063163906336 0.990060746670
1403715898.834058046341 1.104747295380 -0.455000102520 -0.357002466917 0.016322359443 0.129965901375 0.066269569099 0.989166736603
1403715898.884058237076 1.148867964745 -0.448493778706 -0.358278244734 0.012957622297 0.139094471931 0.068041048944 0.987853884697
1403715898.934058189392 1.199221134186 -0.430591434240 -0.360141128302 0.011725530960 0.144112884998 0.071065619588 0.986936509609
1403715898.984058141708 1.241216063499 -0.415875613689 -0.358078539371 0.009149864316 0.151200607419 0.071648433805 0.985860645771
1403715899.034058094025 1.302731990814 -0.402864485979 -0.356331974268 0.007712875027 0.151967659593 0.074001654983 0.985581099987
1403715899.084058284760 1.349191784859 -0.381875753403 -0.356914818287 0.005008054432 0.155282750726 0.075107447803 0.984997987747
1403715899.134057998657 1.394815802574 -0.361187100410 -0.356522738934 0.000116595787 0.156938016415 0.076562851667 0.984636306763
1403715899.184058189392 1.452966570854 -0.340496659279 -0.354201436043 -0.005944888573 0.156514078379 0.077153429389 0.984639704227
1403715899.234058141708 1.497045278549 -0.320153594017 -0.350400447845 -0.013305568136 0.159327924252 0.073879845440 0.984367489815
1403715899.284058094025 1.538476824760 -0.309629440308 -0.348261803389 -0.021624298766 0.161703541875 0.070920184255 0.984050154686
1403715899.334058046341 1.578552484512 -0.297159045935 -0.342972815037 -0.031643901020 0.163638189435 0.068562477827 0.983626186848
1403715899.384058237076 1.625835895538 -0.265878051519 -0.340637296438 -0.033598743379 0.162779882550 0.065805107355 0.983892023563
1403715899.434058189392 1.666829347610 -0.258239567280 -0.336435079575 -0.038689579815 0.163941144943 0.061182204634 0.983810544014
1403715899.484058141708 1.708754777908 -0.253328621387 -0.333448946476 -0.039775177836 0.163261219859 0.059821393341 0.983963966370
1403715899.534058094025 1.745814204216 -0.246489733458 -0.323763877153 -0.039058323950 0.163341835141 0.059252656996 0.984013736248
1403715899.584058284760 1.793813586235 -0.245087429881 -0.318907558918 -0.038401059806 0.159898042679 0.060164127499 0.984549820423
1403715899.634057998657 1.830991625786 -0.241289466619 -0.308802604675 -0.037962794304 0.158267095685 0.061598915607 0.984741568565
1403715899.684058189392 1.868747234344 -0.243198499084 -0.302236586809 -0.037518668920 0.157016843557 0.062296867371 0.984914839268
1403715899.734058141708 1.908174395561 -0.244775399566 -0.290273129940 -0.037243649364 0.155918985605 0.059442747384 0.985275983810
1403715899.784058094025 1.943195223808 -0.242011144757 -0.273328781128 -0.033615123481 0.156889736652 0.055138666183 0.985502600670
1403715899.834058046341 1.978749155998 -0.248121678829 -0.258421033621 -0.030347095802 0.158267661929 0.049055170268 0.985709905624
1403715899.884058237076 2.011957883835 -0.250486880541 -0.239659249783 -0.025170929730 0.160455897450 0.041196390986 0.985861659050
1403715899.934058189392 2.044920206070 -0.252155333757 -0.221639379859 -0.021307747811 0.162186577916 0.033213846385 0.985970795155
1403715899.984058141708 2.078598499298 -0.256174802780 -0.201041206717 -0.019632477313 0.164174020290 0.024970402941 0.985919892788
1403715900.034058094025 2.107078790665 -0.255415201187 -0.180758059025 -0.015667537227 0.165662378073 0.018808616325 0.985878646374
1403715900.084058284760 2.138907670975 -0.260542780161 -0.160245940089 -0.014862268232 0.165304496884 0.014493526891 0.986024081707
1403715900.134057998657 2.170776367188 -0.264415621758 -0.139968723059 -0.013974939473 0.164441615343 0.011181147769 0.986224472523
1403715900.184058189392 2.194939136505 -0.269400000572 -0.116690456867 -0.013329789042 0.165395677090 0.007164714858 0.986111223698
1403715900.234058141708 2.217296361923 -0.276133924723 -0.092072933912 -0.012306878343 0.165812551975 0.004695827607 0.986069321632
1403715900.284058094025 2.236507415771 -0.280486077070 -0.068260207772 -0.011568385176 0.166106969118 0.001831217436 0.986038208008
1403715900.334058046341 2.251746177673 -0.289737820625 -0.040740504861 -0.012842008844 0.166280224919 0.001798095880 0.985993325710
1403715900.384058237076 2.266894817352 -0.297844946384 -0.014632621780 -0.013104387559 0.166802823544 -0.000265400129 0.985903203487
1403715900.434058189392 2.284884214401 -0.306270718575 0.011986769736 -0.013458844274 0.163651570678 0.002141926903 0.986424088478
1403715900.484058141708 2.293417215347 -0.313613802195 0.040151339024 -0.010719563812 0.159872680902 0.012940114364 0.986994624138
1403715900.534058094025 2.299813985825 -0.327661663294 0.068630121648 -0.005349163432 0.156242430210 0.024106448516 0.987410068512
1403715900.584058284760 2.305531501770 -0.338864892721 0.097756266594 0.002416569274 0.153323993087 0.032584670931 0.987635672092
1403715900.634057998657 2.309739828110 -0.352821618319 0.128444433212 0.011531654745 0.150176927447 0.042877845466 0.987661600113
1403715900.684058189392 2.315397500992 -0.362773239613 0.157910555601 0.023425033316 0.145664095879 0.053291868418 0.987619996071
1403715900.734058141708 2.322427749634 -0.374558985233 0.184136539698 0.036585971713 0.141526311636 0.061046555638 0.987372875214
1403715900.784058094025 2.322435379028 -0.386554390192 0.213620260358 0.049355939031 0.141783192754 0.063673026860 0.986614048481
1403715900.834058046341 2.324399471283 -0.402925729752 0.242863118649 0.059956297278 0.143535688519 0.061783995479 0.985893249512
1403715900.884058237076 2.327028751373 -0.413316279650 0.268734008074 0.069729320705 0.144550547004 0.059155598283 0.985263228416
1403715900.934058189392 2.333092212677 -0.423873722553 0.291348099709 0.075756959617 0.144907444715 0.055366475135 0.984985947609
1403715900.984058141708 2.330848217010 -0.427997857332 0.314509302378 0.085106879473 0.146483436227 0.051795180887 0.984183311462
1403715901.034058094025 2.336358070374 -0.436698287725 0.331123411655 0.093401946127 0.144571959972 0.050649028271 0.983773231506
1403715901.084058284760 2.336625576019 -0.443105638027 0.347615629435 0.101800762117 0.144880458713 0.047864999622 0.983033716679
1403715901.134057998657 2.334148883820 -0.454894274473 0.364066541195 0.108076974750 0.145031794906 0.048659212887 0.982302129269
1403715901.184058189392 2.330261230469 -0.461084812880 0.375484287739 0.115945436060 0.145776599646 0.048081185669 0.981322646141
1403715901.234058141708 2.323810577393 -0.465198576450 0.386508226395 0.122348345816 0.145589202642 0.048844810575 0.980535030365
1403715901.284058094025 2.320895671844 -0.471117675304 0.391052514315 0.125407934189 0.144376769662 0.049485746771 0.980295598507
1403715901.334058046341 2.314351081848 -0.475213766098 0.392858862877 0.125447705388 0.143039241433 0.052483890206 0.980330586433
1403715901.384058237076 2.311196804047 -0.479198843241 0.392417013645 0.121077701449 0.140157595277 0.055858746171 0.981109499931
1403715901.434058189392 2.305320739746 -0.477637290955 0.391663998365 0.114204972982 0.136609777808 0.059925638139 0.982193410397
1403715901.484058141708 2.302709102631 -0.475415766239 0.386829882860 0.104725152254 0.133038818836 0.061778202653 0.983624339104
1403715901.534058094025 2.284099817276 -0.482851326466 0.383259296417 0.093424789608 0.135368257761 0.063698917627 0.984321951866
1403715901.584058284760 2.274421930313 -0.483237534761 0.374079763889 0.088086463511 0.135419473052 0.063635654747 0.984811067581
1403715901.634057998657 2.264660596848 -0.486618638039 0.362467020750 0.084463961422 0.136100038886 0.062114875764 0.985131680965
1403715901.684058189392 2.267378330231 -0.487337112427 0.349099963903 0.082447305322 0.130357399583 0.061513129622 0.986116409302
1403715901.734058141708 2.262439727783 -0.488603144884 0.340558558702 0.077338725328 0.127823352814 0.060195080936 0.986943006516
1403715901.784058094025 2.263037443161 -0.487808585167 0.325684607029 0.071328252554 0.122845008969 0.061027068645 0.987976312637
1403715901.834058046341 2.250342369080 -0.495359957218 0.308904260397 0.061482734978 0.122348181903 0.060340248048 0.988741576672
1403715901.884058237076 2.257075309753 -0.495758533478 0.292009562254 0.055427473038 0.115157715976 0.057224251330 0.990147411823
1403715901.934058189392 2.238404512405 -0.511521399021 0.275291323662 0.046334099025 0.115665875375 0.056497920305 0.990597069263
1403715901.984058141708 2.239635229111 -0.507544815540 0.260517477989 0.044207304716 0.109668910503 0.055153205991 0.991451740265
1403715902.034058094025 2.219383001328 -0.519377589226 0.241869017482 0.040519993752 0.111492328346 0.056878089905 0.991308510303
1403715902.084058284760 2.220904827118 -0.519966602325 0.226440489292 0.041498899460 0.106264784932 0.055329531431 0.991929590702
1403715902.134057998657 2.149163484573 -0.505290210247 0.206503272057 0.044831588864 0.125469580293 0.058085117489 0.989380478859
1403715902.184058189392 2.133294820786 -0.496111720800 0.187557473779 0.046431872994 0.125945687294 0.054650630802 0.989441812038
1403715902.234058141708 2.090978145599 -0.512160897255 0.167158365250 0.037227727473 0.136196628213 0.051825508475 0.988624691963
1403715902.284058094025 2.074646711349 -0.510300457478 0.147322326899 0.032023612410 0.136365339160 0.049651395530 0.988895237446
1403715902.334058046341 2.008204698563 -0.503489792347 0.131037145853 0.028180003166 0.151419997215 0.049528446048 0.986825644970
1403715902.384058237076 1.979281306267 -0.494006454945 0.114661321044 0.025123421103 0.154058769345 0.047761041671 0.986586868763
1403715902.434058189392 1.951523303986 -0.487133383751 0.094049572945 0.022325860336 0.155829235911 0.046696439385 0.986427009106
1403715902.484058141708 1.929185032845 -0.480838000774 0.071358367801 0.019339984283 0.152784988284 0.051414243877 0.986731588840
1403715902.534058094025 1.894535303116 -0.488005340099 0.059580832720 0.013094854541 0.153998643160 0.058494582772 0.986251175404
1403715902.584058284760 1.880688071251 -0.475176990032 0.031700436026 0.011175786145 0.147172167897 0.063402622938 0.987013459206
1403715902.634057998657 1.846532702446 -0.465766102076 0.012626510113 0.009275745600 0.144833549857 0.066844694316 0.987151980400
1403715902.684058189392 1.824236631393 -0.462222248316 -0.006886703894 0.005760968197 0.138969168067 0.070534512401 0.987764775753
1403715902.734058141708 1.800076603889 -0.464564353228 -0.025039285421 -0.001171650481 0.131968900561 0.072776712477 0.988577961922
1403715902.784058094025 1.774384737015 -0.459719687700 -0.039376061410 -0.006283177063 0.125068292022 0.071875922382 0.989521265030
1403715902.834058046341 1.753874540329 -0.450117975473 -0.056508071721 -0.010451596230 0.115070827305 0.070743098855 0.990779936314
1403715902.884058237076 1.724385380745 -0.441132694483 -0.065831452608 -0.015633247793 0.108085647225 0.067255087197 0.991740822792
1403715902.934058189392 1.701299190521 -0.427173137665 -0.079388715327 -0.017508007586 0.098630502820 0.062743149698 0.992989838123
1403715902.984058141708 1.680125713348 -0.418270826340 -0.089276842773 -0.019257051870 0.090304151177 0.054955035448 0.994210422039
1403715903.034058094025 1.656013011932 -0.406345427036 -0.097830638289 -0.017358720303 0.080710805953 0.048769589514 0.995392382145
1403715903.084058284760 1.633714437485 -0.402200669050 -0.105812393129 -0.018528677523 0.071608744562 0.039573177695 0.996475219727
1403715903.134057998657 1.614019036293 -0.390481591225 -0.116207696497 -0.015835147351 0.061172708869 0.030860021710 0.997524321079
1403715903.184058189392 1.587599992752 -0.383815556765 -0.120747238398 -0.014955737628 0.054109882563 0.021654786542 0.998188138008
1403715903.234058141708 1.567389130592 -0.375644028187 -0.128581941128 -0.014382750727 0.045221582055 0.017339706421 0.998722970486
1403715903.284058094025 1.544347882271 -0.368744075298 -0.134551823139 -0.017098359764 0.037125363946 0.015542908572 0.999043464661
1403715903.334058046341 1.521698355675 -0.365178793669 -0.140285804868 -0.021101234481 0.029752761126 0.014914694242 0.999223232269
1403715903.384058237076 1.499853253365 -0.359767198563 -0.142163768411 -0.026238266379 0.021926442161 0.014844024554 0.999305009842
1403715903.434058189392 1.476174950600 -0.358357250690 -0.145220637321 -0.030202055350 0.013489428908 0.014778787270 0.999343514442
1403715903.484058141708 1.453451275826 -0.358002692461 -0.146937623620 -0.032050270587 0.004884572234 0.013166383840 0.999387621880
1403715903.534058094025 1.429215312004 -0.364019155502 -0.146501705050 -0.034198597074 -0.004854565952 0.011211832985 0.999340415001
1403715903.584058284760 1.405807852745 -0.363768130541 -0.149025127292 -0.031709671021 -0.014901042916 0.008578296751 0.999349236488
1403715903.634057998657 1.384833335876 -0.374390184879 -0.148433253169 -0.032045904547 -0.026882341132 0.004655312281 0.999113976955
1403715903.684058189392 1.361337065697 -0.388469159603 -0.146650865674 -0.030042897910 -0.038871385157 -0.000072375369 0.998792529106
1403715903.734058141708 1.340761780739 -0.405723154545 -0.141542658210 -0.025843705982 -0.052207417786 -0.005812038668 0.998284935951
1403715903.784058094025 1.320945262909 -0.416675001383 -0.139211684465 -0.017341479659 -0.068175829947 -0.006916714367 0.997498631477
1403715903.834058046341 1.297331809998 -0.438206106424 -0.134725779295 -0.011211080477 -0.083988644183 -0.009102021344 0.996362090111
1403715903.884058237076 1.275562524796 -0.459823310375 -0.131589055061 -0.003098007757 -0.101176284254 -0.011547885835 0.994796693325
1403715903.934058189392 1.252747535706 -0.481191217899 -0.127234533429 0.004464980680 -0.118749901652 -0.015943823382 0.992786169052
1403715903.984058141708 1.233264684677 -0.502543568611 -0.121271923184 0.012319692411 -0.137371987104 -0.022526782006 0.990186691284
1403715904.034058094025 1.212695956230 -0.527874231339 -0.117411792278 0.017081042752 -0.156525254250 -0.026732530445 0.987164378166
1403715904.084058284760 1.196470022202 -0.550213277340 -0.105850920081 0.021426407620 -0.178198188543 -0.032660514116 0.983219027519
1403715904.134057998657 1.177034139633 -0.582248330116 -0.098417043686 0.021703718230 -0.198237583041 -0.037317045033 0.979202926159
1403715904.184058189392 1.157524704933 -0.605697035789 -0.091890715063 0.023546006531 -0.216807737947 -0.046765848994 0.974809229374
1403715904.234058141708 1.139679074287 -0.627029299736 -0.084746390581 0.025354608893 -0.235777154565 -0.056538507342 0.969829738140
1403715904.284058094025 1.120811462402 -0.642358064651 -0.080656766891 0.029862299562 -0.251979321241 -0.069442234933 0.964775860310
1403715904.334058046341 1.102174282074 -0.667046189308 -0.073158785701 0.034201055765 -0.268664807081 -0.082813449204 0.959057569504
1403715904.384058237076 1.081773161888 -0.676176965237 -0.075761280954 0.042855586857 -0.282615095377 -0.095207959414 0.953534245491
1403715904.434058189392 1.068572998047 -0.681375026703 -0.067978605628 0.050257477909 -0.299231082201 -0.103335700929 0.947236359119
1403715904.484058141708 1.051106452942 -0.711398303509 -0.056287489831 0.050253149122 -0.314456820488 -0.112218566239 0.941275000572
1403715904.534058094025 1.033408880234 -0.712506294250 -0.051982618868 0.058363676071 -0.325870543718 -0.122974224389 0.935563683510
1403715904.584058284760 1.019040822983 -0.724207758904 -0.045681759715 0.064577832818 -0.338882625103 -0.133417382836 0.929079174995
1403715904.634057998657 1.002494454384 -0.736056804657 -0.035290710628 0.069476984441 -0.352183043957 -0.142837867141 0.922354280949
1403715904.684058189392 0.976824641228 -0.749956429005 -0.035246767104 0.072605058551 -0.364192128181 -0.151014655828 0.916126191616
1403715904.734058141708 0.963602781296 -0.753486275673 -0.027823895216 0.074581332505 -0.381949156523 -0.153105184436 0.908356428146
1403715904.784058094025 0.953214883804 -0.758105576038 -0.005693376064 0.071901634336 -0.404312074184 -0.151835724711 0.899059414864
1403715904.834058046341 0.930998086929 -0.761589765549 -0.003845110536 0.068010255694 -0.422549515963 -0.154079556465 0.890553772449
1403715904.884058237076 0.920047163963 -0.760195910931 0.010026752949 0.066823385656 -0.444558024406 -0.154414042830 0.879806339741
1403715904.934058189392 0.907609105110 -0.756929099560 0.011338323355 0.067439094186 -0.464192330837 -0.156502559781 0.869186043739
1403715904.984058141708 0.891892731190 -0.755996823311 0.019796460867 0.067698307335 -0.485689222813 -0.160330444574 0.856631219387
1403715905.034058094025 0.877900302410 -0.749042868614 0.019453346729 0.071825601161 -0.504212677479 -0.164517775178 0.844715654850
1403715905.084058284760 0.861128330231 -0.745737671852 0.019512116909 0.074711121619 -0.521592497826 -0.168601095676 0.833026528358
1403715905.134057998657 0.845540523529 -0.742773473263 0.022373199463 0.078220561147 -0.538849830627 -0.171097740531 0.821126043797
1403715905.184058189392 0.836126804352 -0.742306351662 0.024629026651 0.082074977458 -0.553976118565 -0.176183179021 0.809526801109
1403715905.234058141708 0.824780344963 -0.741457104683 0.028299570084 0.084709569812 -0.569153308868 -0.183209940791 0.797071456909
1403715905.284058094025 0.827191114426 -0.740644156933 0.029967069626 0.080743044615 -0.583081781864 -0.191014707088 0.785499572754
1403715905.334058046341 0.830072283745 -0.737064957619 0.036706060171 0.074884951115 -0.595911920071 -0.202096104622 0.773588001728
1403715905.384058237076 0.826603293419 -0.738935351372 0.036281377077 0.067121542990 -0.605842709541 -0.214186012745 0.763265132904
1403715905.434058189392 0.823996961117 -0.734745860100 0.039587080479 0.062411025167 -0.617209196091 -0.224197492003 0.751593768597
1403715905.484058141708 0.826537489891 -0.734379649162 0.039192259312 0.053837329149 -0.628330469131 -0.232732355595 0.740363419056
1403715905.534058094025 0.823211550713 -0.733410835266 0.038650691509 0.047028347850 -0.638305723667 -0.242856293917 0.728954792023
1403715905.584058284760 0.823439955711 -0.732816696167 0.038433372974 0.038194771856 -0.650205612183 -0.248658508062 0.716898024082
1403715905.634057998657 0.822190463543 -0.731100320816 0.040613055229 0.027832999825 -0.663913488388 -0.253495693207 0.702982306480
1403715905.684058189392 0.820772469044 -0.730852842331 0.040745139122 0.015051301569 -0.678005397320 -0.253460228443 0.689811587334
1403715905.734058141708 0.822874903679 -0.733120501041 0.040720939636 0.003123955568 -0.692071557045 -0.257400691509 0.674367904663
1403715905.784058094025 0.823316872120 -0.735289454460 0.038549363613 -0.003005241510 -0.705127775669 -0.264968067408 0.657706379890
1403715905.834058046341 0.824308097363 -0.736080825329 0.036752521992 -0.010674795136 -0.718395531178 -0.272212415934 0.640073657036
1403715905.884058237076 0.821651637554 -0.736187756062 0.037290096283 -0.021156799048 -0.731829345226 -0.280505686998 0.620721161366
1403715905.934058189392 0.823819279671 -0.735902070999 0.038913846016 -0.028742009774 -0.744485914707 -0.292462736368 0.599483370781
1403715905.984058141708 0.825899660587 -0.736082315445 0.040080785751 -0.034932740033 -0.755897104740 -0.305581182241 0.577944040298
1403715906.034058094025 0.826050281525 -0.735528111458 0.040432095528 -0.037288103253 -0.766891300678 -0.319977790117 0.555069088936
1403715906.084058284760 0.763127446175 -0.713221549988 0.027097582817 -0.035364177078 -0.774950981140 -0.329567044973 0.538131892681
1403715906.134057998657 0.760107994080 -0.712992668152 0.024911284447 -0.026846487075 -0.784837722778 -0.344148188829 0.514656245708
1403715906.184058189392 0.760992765427 -0.712995409966 0.025016427040 -0.018806528300 -0.798626542091 -0.346913188696 0.491419613361
1403715906.234058141708 0.771436452866 -0.714744448662 0.030489206314 -0.010150928982 -0.813363671303 -0.347724109888 0.466287940741
1403715906.284058094025 0.765716910362 -0.713569045067 0.027793884277 -0.004997575656 -0.824959576130 -0.353499740362 0.440970152617
1403715906.334058046341 0.761631250381 -0.713356614113 0.025014519691 -0.001389097190 -0.836395263672 -0.358748078346 0.414416313171
1403715906.384058237076 0.759595155716 -0.712711691856 0.023613929749 0.001083873562 -0.846123993397 -0.363422453403 0.389868140221
1403715908.934058189392 1.126882672310 -0.351466387510 -0.308012902737 0.015207360499 0.648513138294 0.232017159462 0.724822402000
1403715908.984058141708 1.113039016724 -0.357200741768 -0.293205916882 0.011631271802 0.633734405041 0.228001683950 0.739094555378
1403715909.034058094025 1.104399561882 -0.368595033884 -0.286105155945 0.005933781620 0.617330789566 0.223125219345 0.754375636578
1403715909.084058284760 1.096903562546 -0.368936389685 -0.268086314201 0.002709535416 0.601580917835 0.218596145511 0.768315553665
1403715909.134057998657 1.093593716621 -0.375541478395 -0.263925135136 -0.001926989760 0.584553420544 0.211068704724 0.783417880535
1403715909.184058189392 1.085302710533 -0.382265746593 -0.251147747040 -0.004384897184 0.568683743477 0.207688644528 0.795892596245
1403715909.234058141708 1.072445154190 -0.385293036699 -0.236170530319 -0.005684667733 0.554216146469 0.201203346252 0.807669103146
1403715909.284058094025 1.065165400505 -0.386968702078 -0.219908624887 -0.005110117141 0.538601398468 0.197005242109 0.819189429283
1403715909.334058046341 1.055536270142 -0.392673194408 -0.212677925825 -0.005091237370 0.523480474949 0.191593766212 0.830201268196
1403715909.384058237076 1.045434117317 -0.397531092167 -0.194194436073 -0.006073697470 0.509898841381 0.185233980417 0.840032517910
1403715909.434058189392 1.034163832664 -0.399222970009 -0.176291018724 -0.006256758701 0.496481776237 0.177191495895 0.849746942520
1403715909.484058141708 1.028039693832 -0.404964685440 -0.169875681400 -0.006872986443 0.481778651476 0.168549746275 0.859902977943
1403715909.534058094025 1.015547037125 -0.402445256710 -0.148429155350 -0.007070555817 0.469228476286 0.157646656036 0.868862628937
1403715909.584058284760 1.011673808098 -0.412009298801 -0.140660971403 -0.010289817117 0.452105045319 0.149720624089 0.879249036312
1403715909.634057998657 1.000008344650 -0.409972310066 -0.121670722961 -0.008982260711 0.435556411743 0.139436781406 0.889250993729
1403715909.684058189392 0.984430015087 -0.422384381294 -0.099187165499 -0.008109049872 0.418121248484 0.132195875049 0.898684084415
1403715909.734058141708 0.976616621017 -0.415294498205 -0.089623227715 -0.004283841699 0.395666390657 0.126093059778 0.909686923027
1403715909.784058094025 0.958704829216 -0.419934213161 -0.067079693079 -0.001184322522 0.374327600002 0.119988039136 0.919500052929
1403715909.834058046341 0.939561843872 -0.419851511717 -0.046991571784 0.003754187375 0.351404190063 0.113426484168 0.929319858551
1403715909.884058237076 0.917719960213 -0.429194003344 -0.020819976926 0.009035256691 0.326648950577 0.106334298849 0.939101636410
1403715909.934058189392 0.900323450565 -0.435577780008 -0.002315141261 0.017845071852 0.299540936947 0.101359337568 0.948516249657
1403715909.984058141708 0.882012307644 -0.434397757053 0.017807506025 0.028565734625 0.271461188793 0.095141097903 0.957309246063
1403715910.034058094025 0.863495230675 -0.434147328138 0.039651595056 0.037645816803 0.242225959897 0.086451321840 0.965627074242
1403715910.084058284760 0.841411948204 -0.435723811388 0.055279549211 0.042956586927 0.212487608194 0.077188611031 0.973162710667
1403715910.134057998657 0.823278903961 -0.438832223415 0.073231220245 0.043603036553 0.182184487581 0.066947109997 0.980013132095
1403715910.184058189392 0.800570428371 -0.441117167473 0.089509442449 0.042830195278 0.152827411890 0.057878218591 0.985626459122
1403715910.234058141708 0.776513934135 -0.434169590473 0.107644021511 0.043618332595 0.125684306026 0.046326484531 0.990027666092
1403715910.284058094025 0.755503714085 -0.427436202765 0.118583850563 0.046013608575 0.098299361765 0.037436578423 0.993387401104
1403715910.334058046341 0.729155361652 -0.433049768209 0.133990049362 0.044875372201 0.074700586498 0.028742784634 0.995781064034
1403715910.384058237076 0.724606931210 -0.432993888855 0.148759827018 0.048089683056 0.045228738338 0.018541384488 0.997646212578
1403715910.434058189392 0.698170125484 -0.432699382305 0.162762328982 0.052945241332 0.024397410452 0.010995054618 0.998238801956
1403715910.484058141708 0.684493660927 -0.432558327913 0.172957852483 0.058904655278 0.000689948851 0.002253879327 0.998260855675
1403715910.534058094025 0.663131952286 -0.429648309946 0.182009190321 0.064965896308 -0.020235065371 -0.006256881170 0.997662663460
1403715910.584058284760 0.640233755112 -0.428949594498 0.189701601863 0.068677552044 -0.039946667850 -0.012758182362 0.996757209301
1403715910.634057998657 0.617165207863 -0.430876672268 0.192692488432 0.069145679474 -0.059181261808 -0.018653690815 0.995674908161
1403715910.684058189392 0.593078196049 -0.414417624474 0.200230941176 0.074062131345 -0.077695220709 -0.023935990408 0.993934273720
1403715910.734058141708 0.559692144394 -0.416826546192 0.202495634556 0.071175798774 -0.093101702631 -0.028318695724 0.992705464363
1403715910.784058094025 0.534205496311 -0.428119301796 0.200680434704 0.066600516438 -0.110774807632 -0.035026490688 0.990992665291
1403715910.834058046341 0.510907649994 -0.406494677067 0.201462894678 0.073650784791 -0.128265038133 -0.039482943714 0.988212943077
1403715910.884058237076 0.481403768063 -0.392872005701 0.199464783072 0.077061012387 -0.143840312958 -0.044679149985 0.985583782196
1403715910.934058189392 0.455323696136 -0.388969480991 0.195739150047 0.076261438429 -0.161126896739 -0.050514299423 0.982685446739
1403715910.984058141708 0.444766581059 -0.390000075102 0.194462478161 0.072717197239 -0.183368399739 -0.053606417030 0.978884398937
1403715911.034058094025 0.415680199862 -0.394076555967 0.186662107706 0.069937132299 -0.200099796057 -0.058790206909 0.975506365299
1403715911.084058284760 0.400812506676 -0.388735085726 0.179736584425 0.073184140027 -0.220554426312 -0.062443360686 0.970618724823
1403715911.134057998657 0.377859264612 -0.367778271437 0.168513700366 0.082216806710 -0.237540617585 -0.065760485828 0.965655446053
1403715911.184058189392 0.373413145542 -0.392030060291 0.165036395192 0.075220055878 -0.261883616447 -0.068978227675 0.959687948227
1403715911.234058141708 0.369020283222 -0.388203620911 0.159630507231 0.076735377312 -0.285186350346 -0.073108710349 0.952594101429
1403715911.284058094025 0.351840645075 -0.373908489943 0.146237328649 0.078854814172 -0.303637683392 -0.079837746918 0.946156442165
1403715911.334058046341 0.309684544802 -0.366883158684 0.120916575193 0.076724275947 -0.313738524914 -0.085043855011 0.942575812340
1403715911.384058237076 0.293174237013 -0.366962343454 0.103640884161 0.070959873497 -0.331438809633 -0.090029321611 0.936486959457
1403715911.434058189392 0.285210132599 -0.349954426289 0.090566381812 0.070718482137 -0.351165682077 -0.096694350243 0.928618192673
1403715911.484058141708 0.275150030851 -0.350959330797 0.075487248600 0.061678040773 -0.368408083916 -0.101084955037 0.922091722488
1403715911.534058094025 0.258728802204 -0.332760989666 0.052634004503 0.057411044836 -0.382537066936 -0.107763558626 0.915836453438
1403715911.584058284760 0.248856440187 -0.324091911316 0.030373716727 0.048863474280 -0.396794140339 -0.115905687213 0.909248411655
1403715911.634057998657 0.248316168785 -0.320430606604 0.026073386893 0.042203042656 -0.415534853935 -0.124999396503 0.899958312511
1403715911.684058189392 0.235714405775 -0.299679815769 0.003026172519 0.040238242596 -0.426359772682 -0.134272769094 0.893626928329
1403715911.734058141708 0.273051053286 -0.353207021952 0.006681390107 0.021755855531 -0.455202966928 -0.141028925776 0.878878712654
1403715911.784058094025 0.276447653770 -0.355202049017 0.003963433206 0.019915411249 -0.472339332104 -0.151281625032 0.868108749390
1403715911.834058046341 0.273953378201 -0.369031816721 -0.018838323653 0.014803741127 -0.486180782318 -0.159107074142 0.859124064445
1403715911.884058237076 0.244576096535 -0.328904151917 -0.061003886163 0.025990387425 -0.488993078470 -0.166789993644 0.855798661709
1403715911.934058189392 0.239197820425 -0.319370090961 -0.083047695458 0.028905641288 -0.500603139400 -0.170952573419 0.848136961460
1403715911.984058141708 0.234645783901 -0.318470388651 -0.106065049767 0.029362423345 -0.512219309807 -0.173947915435 0.840542316437
1403715912.034058094025 0.232610046864 -0.322941809893 -0.115881338716 0.028497371823 -0.525284111500 -0.177567422390 0.831705689430
1403715912.084058284760 0.227526783943 -0.317177116871 -0.142169207335 0.030108274892 -0.535521209240 -0.177883327007 0.825026094913
1403715912.134057998657 0.221269920468 -0.320461094379 -0.168646320701 0.028558440506 -0.544810056686 -0.178087875247 0.818932890892
1403715912.184058189392 0.190401852131 -0.295328736305 -0.204310819507 0.033119477332 -0.547121226788 -0.180282831192 0.816737115383
1403715912.234058141708 0.191686064005 -0.296549022198 -0.225483864546 0.032552246004 -0.558023512363 -0.180299758911 0.809346735477
1403715912.284058094025 0.184581279755 -0.286197066307 -0.249995425344 0.035420488566 -0.566484332085 -0.179550185800 0.803494036198
1403715912.334058046341 0.170625150204 -0.282032817602 -0.279752731323 0.036500576884 -0.572381854057 -0.183411017060 0.798377811909
1403715912.384058237076 0.165212869644 -0.284101158381 -0.304747641087 0.035703595728 -0.580952942371 -0.186284393072 0.791528284550
1403715912.434058189392 0.165837943554 -0.290150761604 -0.327114611864 0.033778738230 -0.590011715889 -0.190301269293 0.783920109272
1403715912.484058141708 0.149688035250 -0.283268272877 -0.369478940964 0.034018300474 -0.593758106232 -0.194635495543 0.780007123947
1403715912.534058094025 0.150007650256 -0.282724261284 -0.383892416954 0.034024611115 -0.605204463005 -0.196943625808 0.770573198795
1403715912.584058284760 0.154464885592 -0.281257808208 -0.394130468369 0.033182956278 -0.618913590908 -0.198950007558 0.759120464325
1403715912.634057998657 0.143863916397 -0.273044496775 -0.435066699982 0.033835988492 -0.626422166824 -0.203749462962 0.751622617245
1403715912.684058189392 0.132705628872 -0.268784821033 -0.472466588020 0.034616380930 -0.634165167809 -0.209710121155 0.743409633636
1403715912.734058141708 0.135484963655 -0.265617907047 -0.491319835186 0.035336244851 -0.648174881935 -0.212657347322 0.730340719223
1403715912.784058094025 0.135740101337 -0.261419981718 -0.512351036072 0.036738451570 -0.662375509739 -0.215817481279 0.716471791267
1403715912.834058046341 0.140899062157 -0.257256209850 -0.532132863998 0.038724306971 -0.676527500153 -0.221609964967 0.701213240623
1403715912.884058237076 0.145878493786 -0.251971930265 -0.549504458904 0.039773374796 -0.692611753941 -0.225215360522 0.684094369411
1403715912.934058189392 0.151883631945 -0.245093286037 -0.567075490952 0.040818374604 -0.707763373852 -0.230480283499 0.666546106339
1403715912.984058141708 0.153684824705 -0.238545492291 -0.593109607697 0.041270837188 -0.721487879753 -0.235701397061 0.649766743183
1403715913.034058094025 0.157695084810 -0.229957982898 -0.609425067902 0.041536588222 -0.736506760120 -0.240049257874 0.631037950516
1403715913.084058284760 0.159238815308 -0.221812978387 -0.629158139229 0.042211584747 -0.749531507492 -0.245828762650 0.613179326057
1403715913.134057998657 0.158106923103 -0.218300342560 -0.641582906246 0.042203783989 -0.763447821140 -0.251783549786 0.593271672726
1403715913.184058189392 0.156318902969 -0.208108395338 -0.659657597542 0.043205596507 -0.775931835175 -0.255939662457 0.574941694736
1403715913.234058141708 0.147585093975 -0.217628926039 -0.679134309292 0.041123162955 -0.788572549820 -0.258903712034 0.556265354156
1403715913.284058094025 0.147880494595 -0.209677070379 -0.695917725563 0.046022504568 -0.799539744854 -0.261839270592 0.538570642471
1403715913.334058046341 0.146686613560 -0.189661651850 -0.700719475746 0.057434845716 -0.809351682663 -0.263567537069 0.521711885929
1403715913.384058237076 0.146194636822 -0.180158957839 -0.715632438660 0.066060028970 -0.816497087479 -0.267665356398 0.507270991802
1403715913.434058189392 0.145261585712 -0.160934358835 -0.751753568649 0.074487380683 -0.819917201996 -0.269979208708 0.499298125505
1403715913.484058141708 0.142466783524 -0.154641672969 -0.775069236755 0.081364139915 -0.823652386665 -0.271505802870 0.491183608770
1403715913.534058094025 0.141917884350 -0.147771269083 -0.794238150120 0.089737832546 -0.826749920845 -0.272540509701 0.483893960714
1403715913.584058284760 0.141839742661 -0.142183393240 -0.809665083885 0.101250685751 -0.828106820583 -0.276315540075 0.477113276720
1403715913.634057998657 0.140537202358 -0.137801229954 -0.820197582245 0.110838904977 -0.830085933208 -0.278790801764 0.470050811768
1403715913.684058189392 0.148929893970 -0.132983952761 -0.841812729836 0.118562541902 -0.829518198967 -0.280977904797 0.467861026525
1403715913.734058141708 0.160721480846 -0.117861956358 -0.858720421791 0.123463548720 -0.828435122967 -0.283968538046 0.466705352068
1403715913.784058094025 0.171300232410 -0.110835224390 -0.876207470894 0.119743026793 -0.828868210316 -0.286725461483 0.465217828751
1403715913.834058046341 0.191209137440 -0.096532851458 -0.903554856777 0.114165700972 -0.826555490494 -0.291501969099 0.467759400606
1403715913.884058237076 0.213370561600 -0.086655676365 -0.924413144588 0.106308728456 -0.825451850891 -0.295778900385 0.468873709440
1403715913.934058189392 0.228491663933 -0.081333249807 -0.940783500671 0.097292892635 -0.825623154640 -0.299409419298 0.468224823475
1403715913.984058141708 0.256576895714 -0.066184550524 -0.974977970123 0.092477649450 -0.823115110397 -0.301511198282 0.472250312567
1403715914.034058094025 0.276378631592 -0.057663202286 -0.990320444107 0.088462635875 -0.823151230812 -0.303044766188 0.471974968910
1403715914.084058284760 0.307936429977 -0.045534461737 -1.023511052132 0.088261395693 -0.820396065712 -0.304761499166 0.475689679384
1403715914.134057998657 0.334477543831 -0.037729233503 -1.047224521637 0.087131701410 -0.819016516209 -0.306057184935 0.477440088987
1403715914.184058189392 0.367874503136 -0.025116741657 -1.082053184509 0.083929054439 -0.816945254803 -0.304805427790 0.482338070869
1403715914.234058141708 0.393309950829 -0.017724394798 -1.105157375336 0.071755349636 -0.815979659557 -0.304913938046 0.485855847597
1403715914.284058094025 0.421953916550 -0.009547188878 -1.126334428787 0.059409935027 -0.813912034035 -0.305821776390 0.490398555994
1403715914.334058046341 0.454687833786 0.002229094505 -1.152449846268 0.046561837196 -0.809624493122 -0.308283060789 0.497294545174
1403715914.384058237076 0.486057877541 0.001960620284 -1.185237646103 0.034219995141 -0.803054273129 -0.314602971077 0.504933416843
1403715914.434058189392 0.511377573013 0.010859780014 -1.205374598503 0.023444049060 -0.797820210457 -0.318758726120 0.511200726032
1403715914.484058141708 0.552639722824 0.030859328806 -1.248004913330 0.018670396879 -0.789319217205 -0.321226686239 0.522914946079
1403715914.534058094025 0.576107740402 0.035128891468 -1.271335721016 0.011123476550 -0.783590316772 -0.324899017811 0.529436588287
1403715914.584058284760 0.612893581390 0.053548846394 -1.309647798538 0.007465918083 -0.776684343815 -0.323896855116 0.540181934834
1403715914.634057998657 0.640460252762 0.061473093927 -1.341610312462 -0.001440783381 -0.770243048668 -0.323467582464 0.549629271030
1403715914.684058189392 0.667894959450 0.075148493052 -1.376590490341 -0.012858849019 -0.763615489006 -0.320189774036 0.560539543629
1403715914.734058141708 0.690028429031 0.082835376263 -1.406359910965 -0.026149991900 -0.757637798786 -0.316259235144 0.570334374905
1403715914.784058094025 0.713889122009 0.095690399408 -1.445839166641 -0.044599819928 -0.751315832138 -0.308915972710 0.581469058990
1403715914.834058046341 0.728637099266 0.099182307720 -1.474829912186 -0.062858968973 -0.746354818344 -0.303682178259 0.588880717754
1403715914.884058237076 0.751910686493 0.119557648897 -1.514177799225 -0.075767397881 -0.740714669228 -0.295870691538 0.598382532597
1403715914.934058189392 0.765592694283 0.131342232227 -1.544928193092 -0.085820399225 -0.736509203911 -0.290548175573 0.604790031910
1403715914.984058141708 0.773337960243 0.141613304615 -1.577136635780 -0.093210227787 -0.733029484749 -0.285685092211 0.610216081142
1403715915.034058094025 0.777796626091 0.146660745144 -1.599335432053 -0.099012024701 -0.731123566628 -0.281370431185 0.613584280014
1403715915.084058284760 0.782958030701 0.161086350679 -1.641454219818 -0.102052696049 -0.727369427681 -0.276715695858 0.619634985924
1403715915.134057998657 0.781139016151 0.168849378824 -1.661651849747 -0.102825947106 -0.726443707943 -0.273936361074 0.621824085712
1403715915.184058189392 0.774106264114 0.176234632730 -1.683957099915 -0.101416639984 -0.726318001747 -0.270128279924 0.623865008354
1403715915.234058141708 0.765905618668 0.181453347206 -1.703392982483 -0.089875429869 -0.727235257626 -0.266802281141 0.625993490219
1403715915.284058094025 0.751798629761 0.180327653885 -1.718589544296 -0.074088796973 -0.728748202324 -0.265758723021 0.626744925976
1403715915.334058046341 0.736929535866 0.184231340885 -1.731882452965 -0.054052419960 -0.729897916317 -0.266697704792 0.627056479454
1403715915.384058237076 0.717212080956 0.186365857720 -1.747009158134 -0.034624706954 -0.730528116226 -0.268806219101 0.626795828342
1403715915.434058189392 0.697710871696 0.190607428551 -1.753236532211 -0.018917854875 -0.731342613697 -0.271754205227 0.625243723392
1403715915.484058141708 0.680227994919 0.199686765671 -1.765295624733 -0.006098722108 -0.731476187706 -0.272342652082 0.625087916851
1403715915.534058094025 0.658038616180 0.206211268902 -1.773461937904 0.002493760316 -0.732348799706 -0.273095101118 0.623761236668
1403715915.584058284760 0.634104132652 0.217925012112 -1.783285856247 0.010196977295 -0.732704222202 -0.273509532213 0.623083651066
1403715915.634057998657 0.614586949348 0.232401221991 -1.789781570435 0.019367173314 -0.732566118240 -0.275305032730 0.622237026691
1403715915.684058189392 0.587863683701 0.240727305412 -1.792317748070 0.026382582262 -0.732658326626 -0.278437167406 0.620474398136
1403715915.734058141708 0.567312121391 0.254109352827 -1.800245761871 0.027267238125 -0.732372522354 -0.281174272299 0.619538545609
1403715915.784058094025 0.544448852539 0.270312279463 -1.813014030457 0.024425746873 -0.731804490089 -0.283074378967 0.619463086128
1403715915.834058046341 0.520141839981 0.280671477318 -1.817608714104 0.018672930077 -0.732245326042 -0.286316603422 0.617649495602
1403715915.884058237076 0.495757937431 0.295978903770 -1.825078845024 0.013728045858 -0.732377171516 -0.289292991161 0.616234362125
1403715915.934058189392 0.470100998878 0.307528316975 -1.832222223282 0.009063497186 -0.732606172562 -0.291912078857 0.614811658859
1403715915.984058141708 0.445410490036 0.319672733545 -1.843280434608 0.008215599693 -0.733411133289 -0.291399478912 0.614106714725
1403715916.034058094025 0.421024203300 0.336810469627 -1.853458642960 0.009858733974 -0.734948694706 -0.287258863449 0.614195168018
1403715916.084058284760 0.391311168671 0.346505701542 -1.860120415688 0.012077318504 -0.736415565014 -0.283720493317 0.614043116570
1403715916.134057998657 0.363534808159 0.357105374336 -1.869374394417 0.014026156627 -0.735239326954 -0.281803309917 0.616289913654
1403715916.184058189392 0.333987951279 0.368814677000 -1.874575734138 0.017168324441 -0.733846127987 -0.276617854834 0.620207786560
1403715916.234058141708 0.304122447968 0.379253923893 -1.882518887520 0.019309265539 -0.730301439762 -0.271939873695 0.626367032528
1403715916.284058094025 0.272238254547 0.386650592089 -1.889976382256 0.020065218210 -0.725050747395 -0.268203198910 0.634007751942
1403715916.334058046341 0.244626760483 0.400959253311 -1.901861310005 0.022787384689 -0.717631101608 -0.262986034155 0.644456923008
1403715916.384058237076 0.212065219879 0.410705327988 -1.911437511444 0.022761944681 -0.709961116314 -0.257945358753 0.654905617237
1403715916.434058189392 0.182872533798 0.423169374466 -1.916554331779 0.022626211867 -0.702870905399 -0.250647306442 0.665309309959
1403715916.484058141708 0.151252388954 0.424603044987 -1.921687006950 0.018496401608 -0.693799197674 -0.246368840337 0.676463544369
1403715916.534058094025 0.122272372246 0.434847295284 -1.927232027054 0.015150737949 -0.683893382549 -0.241125091910 0.688417732716
1403715916.584058284760 0.090878248215 0.448518574238 -1.936176896095 0.013780210167 -0.672424554825 -0.235295876861 0.701634645462
1403715916.634057998657 0.066274285316 0.456843137741 -1.934724092484 0.010269652121 -0.662876665592 -0.227387979627 0.713290810585
1403715916.684058189392 0.039143323898 0.466445773840 -1.938938140869 0.005447722506 -0.653049647808 -0.219382584095 0.724822580814
1403715916.734058141708 0.003899216652 0.469690382481 -1.948964595795 -0.000188189952 -0.642995536327 -0.214011996984 0.735360860825
1403715916.784058094025 -0.020253181458 0.496252924204 -1.953595638275 -0.002461403375 -0.636193573475 -0.199996635318 0.745153009892
1403715916.834058046341 -0.053209066391 0.492462575436 -1.956794142723 -0.009010699578 -0.629066228867 -0.195397481322 0.752339243889
1403715916.884058237076 -0.080980181694 0.506175160408 -1.960529327393 -0.013371679001 -0.624070405960 -0.183137208223 0.759485483170
1403715916.934058189392 -0.109164476395 0.509403347969 -1.962191820145 -0.015850117430 -0.619588553905 -0.173816651106 0.765275478363
1403715916.984058141708 -0.139818191528 0.509167253971 -1.961690306664 -0.018599253148 -0.615646958351 -0.166611567140 0.769982874393
1403715917.034058094025 -0.168357014656 0.511436283588 -1.955530524254 -0.019060302526 -0.612577259541 -0.158187061548 0.774185121059
1403715917.084058284760 -0.189603328705 0.514709651470 -1.947335720062 -0.011763295159 -0.610670030117 -0.152197644114 0.777032554150
1403715917.134057998657 -0.222019791603 0.508520245552 -1.944113492966 0.002275857143 -0.605462074280 -0.147916465998 0.782004594803
1403715917.184058189392 -0.240886569023 0.512967109680 -1.935882806778 0.025013158098 -0.599406063557 -0.146760761738 0.786478221416
1403715917.234058141708 -0.266185760498 0.514519989491 -1.929794788361 0.046950541437 -0.589877188206 -0.147429898381 0.792530834675
1403715917.284058094025 -0.292011022568 0.510906338692 -1.921287775040 0.061198808253 -0.579592049122 -0.150363519788 0.798572838306
1403715917.334058046341 -0.316316604614 0.513984382153 -1.912475824356 0.074248306453 -0.570442795753 -0.148592397571 0.804364681244
1403715917.384058237076 -0.335380434990 0.510730683804 -1.903887987137 0.079983092844 -0.563547432423 -0.148017942905 0.808769285679
1403715917.434058189392 -0.353041648865 0.511776208878 -1.896701693535 0.083263881505 -0.557644128799 -0.146985337138 0.812708795071
1403715917.484058141708 -0.366937875748 0.510550081730 -1.883793592453 0.076538681984 -0.556106865406 -0.144197031856 0.814919829369
1403715917.534058094025 -0.383511185646 0.508655428886 -1.880694389343 0.066595464945 -0.552056908607 -0.145914435387 0.818234205246
1403715917.584058284760 -0.398272037506 0.511361718178 -1.876933336258 0.055065736175 -0.550661504269 -0.142702504992 0.820594727993
1403715917.634057998657 -0.411485552788 0.509974598885 -1.870704293251 0.045792553574 -0.550542354584 -0.141264170408 0.821492969990
1403715917.684058189392 -0.420002222061 0.513677656651 -1.860179543495 0.042357716709 -0.553037822247 -0.134229004383 0.821180582047
1403715917.734058141708 -0.427964210510 0.513980150223 -1.852355599403 0.042617771775 -0.555537343025 -0.127727553248 0.820516645908
1403715917.784058094025 -0.441376805305 0.514432132244 -1.849185705185 0.046099420637 -0.555658280849 -0.123453728855 0.820900678635
1403715917.834058046341 -0.448716163635 0.511504352093 -1.840674877167 0.050695363432 -0.556981682777 -0.121406584978 0.820037722588
1403715917.884058237076 -0.452362179756 0.513127148151 -1.831728816032 0.056829646230 -0.558835327625 -0.118923217058 0.818737268448
1403715917.934058189392 -0.458199977875 0.514520943165 -1.826023459435 0.062906198204 -0.558431446552 -0.118756189942 0.818592727184
1403715917.984058141708 -0.458040118217 0.517322540283 -1.813671112061 0.069019056857 -0.559108018875 -0.119936235249 0.817465543747
1403715918.034058094025 -0.457939267159 0.516583561897 -1.807220339775 0.074375271797 -0.556987047195 -0.125059172511 0.817675948143
1403715918.084058284760 -0.454653501511 0.516449451447 -1.798787474632 0.078558057547 -0.552841842175 -0.132079824805 0.818992972374
1403715918.134057998657 -0.448288440704 0.516570270061 -1.792665719986 0.080459646881 -0.547010719776 -0.140359640121 0.821343243122
1403715918.184058189392 -0.445311784744 0.517111659050 -1.788432359695 0.083372972906 -0.538804769516 -0.144870072603 0.825682163239
1403715918.234058141708 -0.438297033310 0.514618396759 -1.781904459000 0.083268411458 -0.533174097538 -0.143761202693 0.829532682896
1403715918.284058094025 -0.428797721863 0.512423336506 -1.778239369392 0.079878143966 -0.527617216110 -0.140096798539 0.834033846855
1403715918.334058046341 -0.418578505516 0.514268159866 -1.769676446915 0.071072101593 -0.523002922535 -0.133260220289 0.838843524456
1403715918.384058237076 -0.401195526123 0.525249004364 -1.757260084152 0.059680067003 -0.519846916199 -0.124322384596 0.843054890633
1403715918.434058189392 -0.390112638474 0.529658317566 -1.755382657051 0.044842671603 -0.512597918510 -0.119588106871 0.849076688290
1403715918.484058141708 -0.371849119663 0.539320588112 -1.743547201157 0.031529560685 -0.507449507713 -0.115025468171 0.853387475014
1403715918.534058094025 -0.358557701111 0.549964606762 -1.733575940132 0.021521048620 -0.500399410725 -0.111357308924 0.858333826065
1403715918.584058284760 -0.339450120926 0.554505228996 -1.727738857269 0.012616099790 -0.492456704378 -0.110998250544 0.863137662411
1403715918.634057998657 -0.323696434498 0.560283899307 -1.720883131027 0.007758444175 -0.484521538019 -0.112391136587 0.867494642735
1403715918.684058189392 -0.306203365326 0.569654226303 -1.707719802856 0.006147434004 -0.477501839399 -0.115629807115 0.870967268944
1403715918.734058141708 -0.289196491241 0.580324470997 -1.700895786285 0.006787408609 -0.468955636024 -0.121885843575 0.874744772911
1403715918.784058094025 -0.268050312996 0.588269472122 -1.684713840485 0.009857058525 -0.462732583284 -0.129731491208 0.876898586750
1403715918.834058046341 -0.251150429249 0.598341941833 -1.681421041489 0.009881689213 -0.452890574932 -0.140146434307 0.880426883698
1403715918.884058237076 -0.234354734421 0.600044906139 -1.673424839973 0.006910671480 -0.445324599743 -0.153006345034 0.882171928883
1403715918.934058189392 -0.214881896973 0.599382340908 -1.664102077484 0.000873888028 -0.440129905939 -0.162753626704 0.883060693741
1403715918.984058141708 -0.192454695702 0.596692085266 -1.657305121422 -0.006184191909 -0.435318917036 -0.170680999756 0.883927166462
1403715919.034058094025 -0.177182495594 0.594239115715 -1.647373318672 -0.012363756076 -0.432168185711 -0.178123667836 0.883939921856
1403715919.084058284760 -0.159561693668 0.589477062225 -1.637573957443 -0.015976985916 -0.429816395044 -0.185946121812 0.883417606354
1403715919.134057998657 -0.153486073017 0.576368868351 -1.635010719299 -0.016338082030 -0.424748361111 -0.195462286472 0.883807897568
1403715919.184058189392 -0.140111923218 0.572542846203 -1.625849127769 -0.008925204165 -0.422630429268 -0.203553453088 0.883102416992
1403715919.234058141708 -0.132076442242 0.562753140926 -1.618768215179 -0.000393734284 -0.419672757387 -0.212453857064 0.882461309433
1403715919.284058094025 -0.123374640942 0.553444027901 -1.610699653625 0.011779037304 -0.418745666742 -0.218407511711 0.881369113922
1403715919.334058046341 -0.118743479252 0.544971525669 -1.603945016861 0.023906011134 -0.417993009090 -0.223863869905 0.880110979080
1403715919.384058237076 -0.115933656693 0.539243459702 -1.598238348961 0.030736422166 -0.419542074203 -0.222227349877 0.879576504230
1403715919.434058189392 -0.113873064518 0.534601092339 -1.592941403389 0.031282972544 -0.423130691051 -0.214539512992 0.879746913910
1403715919.484058141708 -0.114041805267 0.532630562782 -1.585158824921 0.030763011426 -0.427570730448 -0.204942718148 0.879906475544
1403715919.534058094025 -0.112358570099 0.531612694263 -1.579164862633 0.029508680105 -0.431641608477 -0.196108981967 0.879975020885
1403715919.584058284760 -0.114715337753 0.535278916359 -1.572156190872 0.029653489590 -0.434318363667 -0.188755020499 0.880261242390
1403715919.634057998657 -0.118052244186 0.538748383522 -1.566681981087 0.028782704845 -0.435799866915 -0.183669060469 0.880633711815
1403715919.684058189392 -0.121728301048 0.545250833035 -1.558970212936 0.028766207397 -0.436625808477 -0.181069597602 0.880763471127
1403715919.734058141708 -0.125705063343 0.552429139614 -1.552309870720 0.029222242534 -0.436238825321 -0.181668713689 0.880816817284
1403715919.784058094025 -0.131451904774 0.561322867870 -1.544993519783 0.030854206532 -0.434842556715 -0.183389708400 0.881094932556
1403715919.834058046341 -0.135628759861 0.572946131229 -1.536738157272 0.032803405076 -0.434707671404 -0.184708148241 0.880815625191
1403715919.884058237076 -0.141759097576 0.584030270576 -1.532359242439 0.033452130854 -0.433612167835 -0.186332181096 0.880989074707
1403715919.934058189392 -0.149912297726 0.594988703728 -1.527977228165 0.030899554491 -0.432738661766 -0.188649237156 0.881018698215
1403715919.984058141708 -0.155925273895 0.604875683784 -1.523265600204 0.024546874687 -0.433348029852 -0.189968883991 0.880635440350
1403715920.034058094025 -0.165923357010 0.616594910622 -1.518404841423 0.020929900929 -0.433308899403 -0.191013976932 0.880522012711
1403715920.084058284760 -0.174361288548 0.622674703598 -1.514382600784 0.015764968470 -0.435070604086 -0.191764339805 0.879597365856
1403715920.134057998657 -0.186990022659 0.630326509476 -1.514751434326 0.011472602375 -0.435269236565 -0.191288113594 0.879669189453
1403715920.184058189392 -0.196616888046 0.635235071182 -1.510747909546 0.009027471766 -0.437786608934 -0.190119132400 0.878701388836
1403715920.234058141708 -0.209233522415 0.636560857296 -1.512369036674 0.005746645387 -0.440196007490 -0.187239721417 0.878143370152
1403715920.284058094025 -0.224110603333 0.635063946247 -1.515609622002 0.006319416221 -0.443981945515 -0.182687059045 0.877191901207
1403715920.334058046341 -0.238502919674 0.632688403130 -1.518772244453 0.007735472172 -0.449603050947 -0.176235914230 0.875635862350
1403715920.384058237076 -0.254213333130 0.629750132561 -1.522829771042 0.010520036332 -0.453898429871 -0.172368466854 0.874159395695
1403715920.434058189392 -0.270635545254 0.622949957848 -1.528409957886 0.013405927457 -0.458438098431 -0.166416734457 0.872903406620
1403715920.484058141708 -0.289683103561 0.614350676537 -1.533151626587 0.016048060730 -0.462152153254 -0.162360996008 0.871663212776
1403715920.534058094025 -0.304671525955 0.609714686871 -1.536361813545 0.021201174706 -0.466962128878 -0.156194090843 0.870115101337
1403715920.584058284760 -0.319325387478 0.602977514267 -1.534396886826 0.025809731334 -0.472518682480 -0.150314465165 0.868023931980
1403715920.634057998657 -0.333752751350 0.596644818783 -1.537397503853 0.030016196892 -0.476260334253 -0.145507618785 0.866661787033
1403715920.684058189392 -0.351968288422 0.593076467514 -1.542360544205 0.035072542727 -0.478905737400 -0.140711188316 0.865805745125
1403715920.734058141708 -0.366867840290 0.586352288723 -1.550223827362 0.040582548827 -0.481066554785 -0.137975618243 0.864806830883
1403715920.784058094025 -0.376693189144 0.576465249062 -1.549349188805 0.044207062572 -0.488355278969 -0.135373994708 0.860946416855
1403715920.834058046341 -0.387792289257 0.566115856171 -1.554456710815 0.046547893435 -0.493255734444 -0.136353343725 0.857869446278
1403715920.884058237076 -0.396393775940 0.554437518120 -1.558685779572 0.046216364950 -0.498989492655 -0.137669697404 0.854353904724
1403715920.934058189392 -0.404018759727 0.541799426079 -1.566296100616 0.042368166149 -0.505327880383 -0.139539569616 0.850516021252
1403715920.984058141708 -0.409765660763 0.529761135578 -1.573595046997 0.035132545978 -0.511940658092 -0.142871454358 0.846327483654
1403715921.034058094025 -0.417199313641 0.512276649475 -1.585264325142 0.026585077867 -0.517440855503 -0.147836714983 0.842432498932
1403715921.084058284760 -0.420501351357 0.497467219830 -1.591199040413 0.020853627473 -0.524451136589 -0.153012946248 0.837319016457
1403715921.134057998657 -0.419241905212 0.481226295233 -1.597859978676 0.017440924421 -0.530774593353 -0.158845543861 0.832311391830
1403715921.184058189392 -0.425386190414 0.466055929661 -1.607072234154 0.016774198040 -0.534811854362 -0.163740530610 0.828784644604
1403715921.234058141708 -0.429363131523 0.446258068085 -1.614443063736 0.015512022190 -0.538807451725 -0.168518304825 0.825256109238
1403715921.284058094025 -0.427872538567 0.437402486801 -1.616309642792 0.019002785906 -0.542996466160 -0.170792967081 0.821963191032
1403715921.334058046341 -0.430060982704 0.422106623650 -1.620469570160 0.020402027294 -0.545082330704 -0.175612300634 0.819530010223
1403715921.384058237076 -0.435734272003 0.403419643641 -1.628071188927 0.021473985165 -0.544820606709 -0.183605790138 0.817923188210
1403715921.434058189392 -0.443620920181 0.381010174751 -1.633702516556 0.021320758387 -0.544126987457 -0.190919578075 0.816713571548
1403715921.484058141708 -0.451708555222 0.364699006081 -1.639930963516 0.022000813857 -0.543219149113 -0.194893911481 0.816361010075
1403715921.534058094025 -0.456712245941 0.346654444933 -1.646567344666 0.023171281442 -0.543110430241 -0.196928992867 0.815912425518
1403715921.584058284760 -0.462441682816 0.327469319105 -1.652773022652 0.023564847186 -0.542908608913 -0.199111223221 0.815505743027
1403715921.634057998657 -0.468891024590 0.310027331114 -1.659496068954 0.026456287131 -0.542592763901 -0.198590844870 0.815754234791
1403715921.684058189392 -0.470707893372 0.281154066324 -1.661915540695 0.022895731032 -0.544222176075 -0.197746172547 0.814981281757
1403715921.734058141708 -0.481102347374 0.253586500883 -1.673260450363 0.021081278101 -0.543041408062 -0.198427677155 0.815652012825
1403715921.784058094025 -0.486566424370 0.229816854000 -1.681788682938 0.019235150889 -0.544762432575 -0.193364143372 0.815766036510
1403715921.834058046341 -0.494430780411 0.204032003880 -1.687784671783 0.016522239894 -0.545892119408 -0.190286546946 0.815793991089
1403715921.884058237076 -0.502070903778 0.181295320392 -1.695957541466 0.014791845344 -0.546445727348 -0.186858415604 0.816248893738
1403715921.934058189392 -0.508640170097 0.171792641282 -1.700832247734 0.018451692536 -0.546723008156 -0.182266712189 0.817026615143
1403715921.984058141708 -0.517320990562 0.147861167789 -1.704694986343 0.016662707552 -0.546737611294 -0.180819973350 0.817376613617
1403715922.034058094025 -0.527229070663 0.129130735993 -1.709181070328 0.017321927473 -0.545784533024 -0.181232854724 0.817908287048
1403715922.084058284760 -0.533866882324 0.112133868039 -1.712690114975 0.020166181028 -0.545244574547 -0.179747208953 0.818530797958
1403715922.134057998657 -0.541140198708 0.092857711017 -1.720026850700 0.023184034973 -0.544699609280 -0.176330745220 0.819556176662
1403715922.184058189392 -0.544939279556 0.060949582607 -1.718564391136 0.024559604004 -0.547581017017 -0.175203979015 0.817835807800
1403715922.234058141708 -0.549788475037 0.045229710639 -1.721707582474 0.029889663681 -0.548752069473 -0.168801233172 0.818219959736
1403715922.284058094025 -0.556056857109 0.021036699414 -1.728632211685 0.033938243985 -0.549318850040 -0.166288733482 0.818196237087
1403715922.334058046341 -0.551913738251 -0.005038708448 -1.726054191589 0.038374997675 -0.552479505539 -0.161958709359 0.816739320755
1403715922.384058237076 -0.557948946953 -0.043336890638 -1.731267690659 0.038730643690 -0.552759826183 -0.167090877891 0.815498113632
1403715922.434058189392 -0.555829286575 -0.063677586615 -1.735866785049 0.043616283685 -0.552365303040 -0.167986646295 0.815334737301
1403715922.484058141708 -0.558660149574 -0.085117213428 -1.742154598236 0.045202143490 -0.552583456039 -0.166528582573 0.815399646759
1403715922.534058094025 -0.548289299011 -0.114523313940 -1.739157795906 0.043964568526 -0.557491481304 -0.163349151611 0.812765359879
1403715922.584058284760 -0.563023805618 -0.142499506474 -1.753293514252 0.041744936258 -0.555869102478 -0.161860287189 0.814289987087
1403715922.634057998657 -0.563611149788 -0.172171205282 -1.757389783859 0.039851490408 -0.558498382568 -0.159767821431 0.812997937202
1403715922.684058189392 -0.562435984612 -0.193287789822 -1.764193534851 0.040224913508 -0.559389054775 -0.157663211226 0.812778115273
1403715922.734058141708 -0.560777664185 -0.219885095954 -1.767367362976 0.038289431483 -0.560599565506 -0.158934161067 0.811789393425
1403715922.784058094025 -0.562577009201 -0.231515273452 -1.774315953255 0.041594736278 -0.558974683285 -0.161262035370 0.812287986279
1403715922.834058046341 -0.564018249512 -0.244177311659 -1.779375314713 0.043221898377 -0.557194352150 -0.165010645986 0.812673270702
1403715922.884058237076 -0.563369870186 -0.269203513861 -1.780277729034 0.040160156786 -0.557600736618 -0.170121788979 0.811496794224
1403715922.934058189392 -0.561768054962 -0.278011351824 -1.783795833588 0.041552469134 -0.556808531284 -0.172621905804 0.811442792416
1403715922.984058141708 -0.559367775917 -0.287956804037 -1.785672426224 0.042158436030 -0.556911766529 -0.174793019891 0.810875654221
1403715923.034058094025 -0.560430765152 -0.297239959240 -1.791706085205 0.041636619717 -0.555473923683 -0.176942110062 0.811422646046
1403715923.084058284760 -0.557465314865 -0.302934229374 -1.794183373451 0.042437441647 -0.555124342442 -0.178600057960 0.811257064342
1403715923.134057998657 -0.551622629166 -0.308621346951 -1.798869848251 0.041328098625 -0.554931163788 -0.179482519627 0.811251759529
1403715923.184058189392 -0.547317981720 -0.317207396030 -1.804476737976 0.039178982377 -0.554534912109 -0.181453734636 0.811190843582
1403715923.234058141708 -0.544373035431 -0.331840753555 -1.808335781097 0.034455996007 -0.554206192493 -0.185627564788 0.810685336590
1403715923.284058094025 -0.540995717049 -0.342535227537 -1.816801428795 0.030165290460 -0.553823888302 -0.187422156334 0.810704767704
1403715923.334058046341 -0.539192080498 -0.359424680471 -1.829243898392 0.023791531101 -0.553632676601 -0.186286568642 0.811308920383
1403715923.384058237076 -0.532889842987 -0.375942796469 -1.839136242867 0.017252415419 -0.555937528610 -0.182897493243 0.810669064522
1403715923.434058189392 -0.528498172760 -0.387479424477 -1.848921656609 0.012812023051 -0.557967066765 -0.177658557892 0.810522079468
1403715923.484058141708 -0.524320721626 -0.398227512836 -1.855543017387 0.007544373628 -0.561034083366 -0.172585174441 0.809566736221
1403715923.534058094025 -0.519379258156 -0.409991741180 -1.861725807190 0.002113835886 -0.564077317715 -0.167098641396 0.808634877205
1403715923.584058284760 -0.517174124718 -0.416337102652 -1.869855403900 -0.001279864111 -0.565617024899 -0.161017805338 0.808794796467
1403715923.634057998657 -0.513774514198 -0.420105963945 -1.873953342438 -0.003695880529 -0.567893981934 -0.155402898788 0.808290004730
1403715923.684058189392 -0.511169195175 -0.420094609261 -1.876808881760 -0.004845608026 -0.569155454636 -0.151026353240 0.808226227760
1403715923.734058141708 -0.507894277573 -0.417991966009 -1.878658771515 -0.005206494592 -0.570021450520 -0.148275017738 0.808123171329
1403715923.784058094025 -0.505781769753 -0.412329375744 -1.876217126846 -0.004701764323 -0.571052372456 -0.144978791475 0.807996511459
1403715923.834058046341 -0.500870227814 -0.399703115225 -1.870911240578 0.000386511616 -0.572190523148 -0.141531005502 0.807816088200
1403715923.884058237076 -0.497328162193 -0.392766535282 -1.865671873093 0.005361119285 -0.572665274143 -0.139650851488 0.807789206505
1403715923.934058189392 -0.493396997452 -0.382898688316 -1.856559395790 0.011797508225 -0.573726713657 -0.136565104127 0.807495236397
1403715923.984058141708 -0.489465236664 -0.368607342243 -1.848860859871 0.019083801657 -0.573503553867 -0.135138973594 0.807754278183
1403715924.034058094025 -0.481955528259 -0.353023111820 -1.838147997856 0.025354167446 -0.573481082916 -0.136009767652 0.807451546192
1403715924.084058284760 -0.473535299301 -0.336979538202 -1.822088003159 0.031642857939 -0.573692083359 -0.138510450721 0.806654214859
1403715924.134057998657 -0.465709805489 -0.320171296597 -1.809872150421 0.036185294390 -0.572010755539 -0.141903385520 0.807067394257
1403715924.184058189392 -0.455433249474 -0.302012234926 -1.794949769974 0.039043121040 -0.571514189243 -0.143990918994 0.806916236877
1403715924.234058141708 -0.444729804993 -0.282764732838 -1.781757235527 0.040297850966 -0.569432139397 -0.149150237441 0.807389199734
1403715924.284058094025 -0.430365324020 -0.262844145298 -1.764771819115 0.040873821825 -0.569619297981 -0.151072144508 0.806870758533
1403715924.334058046341 -0.419066190720 -0.248113214970 -1.755313396454 0.039619881660 -0.566719055176 -0.156502798200 0.807939767838
1403715924.384058237076 -0.410088419914 -0.227575376630 -1.743411779404 0.038517728448 -0.564176976681 -0.160027295351 0.809081017971
1403715924.434058189392 -0.395457983017 -0.211766406894 -1.731023788452 0.034046236426 -0.562641441822 -0.163333043456 0.809689998627
1403715924.484058141708 -0.382647156715 -0.197045624256 -1.722992658615 0.027802113444 -0.558779656887 -0.170190259814 0.811188995838
1403715924.534058094025 -0.363817811012 -0.170203745365 -1.704170703888 0.024220628664 -0.559017121792 -0.168628618121 0.811466336250
1403715924.584058284760 -0.349747896194 -0.155950739980 -1.687586426735 0.020214194432 -0.558308660984 -0.172111436725 0.811332523823
1403715924.634057998657 -0.335321068764 -0.138475358486 -1.674450874329 0.015042756684 -0.557918131351 -0.169276610017 0.812309384346
1403715924.684058189392 -0.326819896698 -0.122250072658 -1.668735027313 0.010587499477 -0.554055809975 -0.166576325893 0.815574824810
1403715924.734058141708 -0.307389736176 -0.109719283879 -1.648749828339 0.006516076159 -0.552917957306 -0.159617915750 0.817778348923
1403715924.784058094025 -0.290925860405 -0.095264151692 -1.630200982094 0.004097824916 -0.549358248711 -0.152900546789 0.821468293667
1403715924.834058046341 -0.275938570499 -0.078913360834 -1.610940337181 0.004756057635 -0.543760836124 -0.145186647773 0.826572597027
1403715924.884058237076 -0.260226070881 -0.070493668318 -1.589013218880 0.003980632406 -0.537191510201 -0.138619348407 0.831982076168
1403715924.934058189392 -0.247062265873 -0.055155757815 -1.572595596313 0.006673322991 -0.526874721050 -0.130889698863 0.839777588844
1403715924.984058141708 -0.231596827507 -0.049616392702 -1.564011335373 0.011168793775 -0.513618469238 -0.126649409533 0.848546624184
1403715925.034058094025 -0.216589391232 -0.034650411457 -1.544176220894 0.020013500005 -0.501645267010 -0.118990585208 0.856617093086
1403715925.084058284760 -0.201024770737 -0.022648518905 -1.515674829483 0.030358934775 -0.489157289267 -0.111782856286 0.864469885826
1403715925.134057998657 -0.183169484138 -0.015660539269 -1.497773647308 0.041390303522 -0.475919038057 -0.108779661357 0.871753931046
1403715925.184058189392 -0.151378273964 -0.009470785037 -1.489876270294 0.049157883972 -0.461257517338 -0.104390457273 0.879731595516
1403715925.234058141708 -0.137874066830 -0.004371714778 -1.470174908638 0.050931278616 -0.447711914778 -0.097285829484 0.887409448624
1403715925.284058094025 -0.115852773190 -0.015081678517 -1.453227996826 0.047402534634 -0.433650940657 -0.093793280423 0.894931674004
1403715925.334058046341 -0.091490119696 -0.016414687037 -1.438552618027 0.042275611311 -0.421059131622 -0.087325155735 0.901829421520
1403715925.384058237076 -0.062816351652 -0.019344795495 -1.420928478241 0.035712223500 -0.407840847969 -0.081226937473 0.908731341362
1403715925.434058189392 -0.049603462219 -0.024285241961 -1.417621850967 0.027850467712 -0.391653805971 -0.077369078994 0.916431009769
1403715925.484058141708 -0.026904225349 -0.021956667304 -1.396129608154 0.019673092291 -0.378201544285 -0.071538791060 0.922745287418
1403715925.534058094025 -0.006744682789 -0.025810934603 -1.385241150856 0.011915976182 -0.362457692623 -0.065717995167 0.929603993893
1403715925.584058284760 0.017254874110 -0.034957163036 -1.374476313591 0.006581502967 -0.345978170633 -0.063902042806 0.936040759087
1403715925.634057998657 0.041934937239 -0.034391984344 -1.359310269356 0.004327928182 -0.330162316561 -0.057524304837 0.942159771919
1403715925.684058189392 0.066979840398 -0.040283620358 -1.348424911499 0.004063377157 -0.312888592482 -0.053676951677 0.948263168335
1403715925.734058141708 0.093503639102 -0.045058343560 -1.333716750145 0.004336794373 -0.296985566616 -0.048148050904 0.953657507896
1403715925.784058094025 0.128249466419 -0.049945794046 -1.313730955124 0.003621668555 -0.282025694847 -0.042442902923 0.958460748196
1403715925.834058046341 0.155731618404 -0.055096954107 -1.300676703453 0.004860597197 -0.264583170414 -0.036487117410 0.963660120964
1403715925.884058237076 0.184305131435 -0.060941841453 -1.279893636703 0.006458250806 -0.247877106071 -0.031141394749 0.968269348145
1403715925.934058189392 0.218534842134 -0.073799483478 -1.267477035522 0.007632842287 -0.230440735817 -0.029575290158 0.972606897354
1403715925.984058141708 0.237741008401 -0.057734712958 -1.251647949219 0.014200789854 -0.210307076573 -0.021923618391 0.977286338806
1403715926.034058094025 0.242653295398 -0.052010994405 -1.236373901367 0.020150721073 -0.187994793057 -0.014512891881 0.981856048107
1403715926.084058284760 0.276977807283 -0.067137956619 -1.218937397003 0.022769836709 -0.170912250876 -0.006170338951 0.985003829002
1403715926.134057998657 0.318538814783 -0.038980733603 -1.194872260094 0.034590166062 -0.155121326447 0.003708644537 0.987282752991
1403715926.184058189392 0.359766632318 -0.061465732753 -1.169525980949 0.035629309714 -0.137581944466 0.013180587441 0.989761650562
1403715926.234058141708 0.380634039640 -0.023451372981 -1.152670383453 0.046359319240 -0.116193704307 0.023479646072 0.991866171360
1403715926.284058094025 0.418761253357 -0.004839929752 -1.130602359772 0.052623894066 -0.096895188093 0.031803622842 0.993393480778
1403715926.334058046341 0.474041461945 -0.012818764895 -1.104923963547 0.054407265037 -0.079519778490 0.037709567696 0.994632840157
1403715926.384058237076 0.484228581190 -0.003258337267 -1.101332306862 0.058101445436 -0.053719557822 0.043090417981 0.995932579041
1403715926.434058189392 0.514300823212 -0.007754718885 -1.082189321518 0.061476327479 -0.030438527465 0.045857653022 0.996589839458
1403715926.484058141708 0.569360196590 0.023878183216 -1.059362769127 0.071963682771 -0.011414584704 0.047763042152 0.996197581291
1403715926.534058094025 0.622138679028 0.039509981871 -1.041943311691 0.075661018491 0.007792229764 0.049925141037 0.995852470398
1403715926.584058284760 0.664472162724 0.059340979904 -1.032590031624 0.076009482145 0.027562741190 0.051958307624 0.995370864868
1403715926.634057998657 0.709767520428 0.067725092173 -1.027053475380 0.069373212755 0.046305019408 0.055424157530 0.994973063469
1403715926.684058189392 0.741518855095 0.072722233832 -1.017865419388 0.060321871191 0.066698223352 0.060881491750 0.994085550308
1403715926.734058141708 0.790166437626 0.100683607161 -1.002658486366 0.054147362709 0.084202513099 0.063398241997 0.992954552174
1403715926.784058094025 0.843069016933 0.107982419431 -1.005408883095 0.044035423547 0.100043982267 0.064870737493 0.991889059544
1403715926.834058046341 0.882356047630 0.118194594979 -0.996821224689 0.033908031881 0.119053110480 0.064305901527 0.990222871304
1403715926.884058237076 0.928107321262 0.134799465537 -0.997901976109 0.026561077684 0.133754864335 0.065378844738 0.988498747349
1403715926.934058189392 0.964959084988 0.143724098802 -0.996228337288 0.020186174661 0.149108335376 0.066751845181 0.986358702183
1403715926.984058141708 1.003551363945 0.146138593554 -0.996648073196 0.012848175131 0.163032993674 0.070075809956 0.984045028687
1403715927.034058094025 1.041393637657 0.152329564095 -0.996797144413 0.011033984832 0.175701856613 0.072520442307 0.981706619263
1403715927.084058284760 1.081181287766 0.163976773620 -0.995556533337 0.014463989995 0.188139706850 0.074479706585 0.979207336903
1403715927.134057998657 1.119968414307 0.165852278471 -0.995678246021 0.015939876437 0.200673922896 0.076014854014 0.976574420929
1403715927.184058189392 1.154832363129 0.170134067535 -1.000054836273 0.019003992900 0.216270580888 0.070328496397 0.973611712456
1403715927.234058141708 1.192829608917 0.178417116404 -1.000694155693 0.022479979321 0.230379655957 0.064706429839 0.970686852932
1403715927.284058094025 1.226982116699 0.183017224073 -1.005001187325 0.023986402899 0.244895055890 0.057929266244 0.967520177364
1403715927.334058046341 1.261255264282 0.189276114106 -1.004601120949 0.027465833351 0.258525907993 0.052479475737 0.964186668396
1403715927.384058237076 1.286093592644 0.193170309067 -1.004142165184 0.034570749849 0.272429257631 0.048316292465 0.960339903831
1403715927.434058189392 1.316494703293 0.203817337751 -1.002052783966 0.042992655188 0.284321814775 0.047599244863 0.956580936909
1403715927.484058141708 1.340142726898 0.208765670657 -0.997971892357 0.054270930588 0.294758439064 0.052932888269 0.952559888363
1403715927.534058094025 1.364858031273 0.209140092134 -1.007462620735 0.064377315342 0.302266180515 0.063222192228 0.948943495750
1403715927.584058284760 1.384467482567 0.215118020773 -1.010318040848 0.074669413269 0.311461597681 0.073109209538 0.944495201111
1403715927.634057998657 1.400048613548 0.218087285757 -1.017961025238 0.083721727133 0.321082472801 0.084779605269 0.939526021481
1403715927.684058189392 1.415285110474 0.225217238069 -1.022015213966 0.089596822858 0.333387315273 0.094378910959 0.933765470982
1403715927.734058141708 1.431107640266 0.233798846602 -1.030469655991 0.091500349343 0.346759974957 0.101869270205 0.927905082703
1403715927.784058094025 1.440057158470 0.246498838067 -1.038622140884 0.090249724686 0.364042222500 0.106465585530 0.920865535736
1403715927.834058046341 1.448695063591 0.251629233360 -1.053042531013 0.084321789443 0.382221788168 0.109293192625 0.913702011108
1403715927.884058237076 1.452690482140 0.259328365326 -1.067246079445 0.078262768686 0.401110619307 0.113661907613 0.905575096607
1403715927.934058189392 1.460497617722 0.271491944790 -1.083272933960 0.070497512817 0.420659899712 0.116602890193 0.896927595139
1403715927.984058141708 1.463796615601 0.284111320972 -1.100316643715 0.062269181013 0.439786791801 0.120920859277 0.887743413448
1403715928.034058094025 1.461326599121 0.296743631363 -1.112785220146 0.055147014558 0.460172712803 0.127272546291 0.876927375793
1403715928.084058284760 1.462291240692 0.309581756592 -1.134878277779 0.049146723002 0.476893365383 0.138709843159 0.866554617882
1403715928.134057998657 1.453724980354 0.328303724527 -1.145206928253 0.044264875352 0.495819866657 0.151896476746 0.853891551495
1403715928.184058189392 1.448863387108 0.343513429165 -1.164756655693 0.037632260472 0.512699782848 0.166268676519 0.841473400593
1403715928.234058141708 1.439740657806 0.368657767773 -1.179940223694 0.038219407201 0.530699372292 0.177901446819 0.827797412872
1403715928.284058094025 1.428229451180 0.391492545605 -1.195506095886 0.040169324726 0.549726724625 0.186950206757 0.813164532185
1403715928.334058046341 1.413702368736 0.407078742981 -1.204773426056 0.043633572757 0.570839703083 0.193159371614 0.796823382378
1403715928.384058237076 1.404039502144 0.428806662560 -1.222746491432 0.047708790749 0.588838219643 0.198271170259 0.782100975513
1403715928.434058189392 1.387037634850 0.460785001516 -1.238815069199 0.053939353675 0.605571746826 0.203449383378 0.767451405525
1403715928.484058141708 1.367827773094 0.477186679840 -1.249206542969 0.053553950042 0.621082723141 0.212860479951 0.752381980419
1403715928.534058094025 1.346336722374 0.499380737543 -1.263615369797 0.048594430089 0.633577764034 0.223585218191 0.739072024822
1403715928.584058284760 1.322562336922 0.524111509323 -1.280246019363 0.044314991683 0.643008410931 0.235898017883 0.727274715900
1403715928.634057998657 1.298374652863 0.545739352703 -1.294134855270 0.039360575378 0.651777684689 0.244207561016 0.716937422752
1403715928.684058189392 1.272183775902 0.568620443344 -1.314294815063 0.031794093549 0.657298207283 0.251192510128 0.709824264050
1403715928.734058141708 1.245963811874 0.586155772209 -1.328827619553 0.019120922312 0.660920917988 0.260077506304 0.703688621521
1403715928.784058094025 1.213633537292 0.605031311512 -1.348343849182 0.003569784574 0.660686969757 0.271915107965 0.699672996998
1403715928.834058046341 1.184287786484 0.618516623974 -1.368102073669 -0.012655264698 0.656846880913 0.283609211445 0.698539793491
1403715928.884058237076 1.153115391731 0.629861593246 -1.393494606018 -0.027564907447 0.649436414242 0.294623672962 0.700478017330
1403715928.934058189392 1.128352880478 0.636629104614 -1.416234374046 -0.039513844997 0.640722036362 0.302750527859 0.704454421997
1403715928.984058141708 1.100488185883 0.638206005096 -1.443037271500 -0.051833491772 0.629518568516 0.310203969479 0.710488021374
1403715929.034058094025 1.080223560333 0.632718920708 -1.469012260437 -0.062125924975 0.618573009968 0.316048532724 0.716673672199
1403715929.084058284760 1.063288092613 0.622967123985 -1.490924358368 -0.070741564035 0.608844339848 0.320323705673 0.722285926342
1403715929.134057998657 1.049603819847 0.614114165306 -1.519409179688 -0.079062744975 0.599305093288 0.322377860546 0.728460788727
1403715929.184058189392 1.038641333580 0.605026662350 -1.545044064522 -0.086549721658 0.590901792049 0.322902292013 0.734219551086
1403715929.234058141708 1.033094525337 0.596455335617 -1.570926308632 -0.094442762434 0.584104597569 0.319493830204 0.740152835846
1403715929.284058094025 1.031162738800 0.589039146900 -1.596789598465 -0.101186566055 0.580934584141 0.309367924929 0.746034801006
1403715929.334058046341 1.034068942070 0.583670556545 -1.621835708618 -0.104293465614 0.582334935665 0.289170295000 0.752588510513
1403715929.384058237076 1.037003755569 0.579325079918 -1.639600038528 -0.106988154352 0.588151991367 0.261578947306 0.757764637470
1403715929.434058189392 1.044144511223 0.575699448586 -1.663995504379 -0.107777714729 0.593448221684 0.232157856226 0.763089716434
1403715929.484058141708 1.052798151970 0.570833921432 -1.679728031158 -0.108217261732 0.600338876247 0.202631071210 0.766043603420
1403715929.534058094025 1.061207652092 0.564023792744 -1.692159414291 -0.110323257744 0.607254445553 0.174103960395 0.767306089401
1403715929.584058284760 1.072546839714 0.556406021118 -1.701259732246 -0.109842255712 0.613122403622 0.150635316968 0.767674803734
1403715929.634057998657 1.082634449005 0.547211647034 -1.706285953522 -0.111452117562 0.617773830891 0.134000346065 0.766797184944
1403715929.684058189392 1.092813014984 0.536420106888 -1.706173539162 -0.107081033289 0.619473159313 0.133508250117 0.766134619713
1403715929.734058141708 1.100686669350 0.520538091660 -1.701795816422 -0.099034510553 0.618341207504 0.147771880031 0.765512764454
1403715929.784058094025 1.109675645828 0.505701541901 -1.693073511124 -0.085114628077 0.615946888924 0.165937870741 0.765395045280
1403715929.834058046341 1.116739869118 0.488171428442 -1.678604483604 -0.069042749703 0.614445328712 0.182206228375 0.764520049095
1403715929.884058237076 1.123616576195 0.471221685410 -1.660991430283 -0.047144729644 0.612446784973 0.198653221130 0.763690531254
1403715929.934058189392 1.129275202751 0.455251097679 -1.643594980240 -0.025306666270 0.609645545483 0.215877190232 0.762291908264
1403715929.984058141708 1.136615514755 0.441921293736 -1.620104074478 -0.004565570038 0.607939481735 0.229666829109 0.760027647018
1403715930.034058094025 1.143187880516 0.430142819881 -1.601471900940 0.012357679196 0.604993641376 0.241878777742 0.758501589298
1403715930.084058284760 1.148891210556 0.423095107079 -1.582848310471 0.030087532476 0.601687490940 0.254589021206 0.756472945213
1403715930.134057998657 1.153673171997 0.412404745817 -1.562727689743 0.043419670314 0.599603354931 0.264605730772 0.754038691521
1403715930.184058189392 1.156182646751 0.403017699718 -1.540597200394 0.055703762919 0.598167896271 0.273746639490 0.751102566719
1403715930.234058141708 1.160979628563 0.395361006260 -1.526309847832 0.065069548786 0.595772922039 0.282589703798 0.748975038528
1403715930.284058094025 1.161467432976 0.386873275042 -1.510746121407 0.071668773890 0.595473766327 0.288486897945 0.746357738972
1403715930.334058046341 1.166485548019 0.383676409721 -1.499260425568 0.072055764496 0.595475733280 0.290880143642 0.745389401913
1403715930.384058237076 1.167820453644 0.379953682423 -1.488549470901 0.065804980695 0.596415340900 0.292663753033 0.744517564774
1403715930.434058189392 1.167045831680 0.376655876637 -1.480496644974 0.053950663656 0.597809970379 0.292879581451 0.744267523289
1403715930.484058141708 1.167990565300 0.379083573818 -1.477516651154 0.041427668184 0.598273813725 0.294277608395 0.744145750999
1403715930.534058094025 1.167581081390 0.381651520729 -1.473781585693 0.029924947768 0.598857879639 0.295304894447 0.743820428848
1403715930.584058284760 1.168219804764 0.386099457741 -1.469434022903 0.017810508609 0.598715007305 0.298235505819 0.743154585361
1403715930.634057998657 1.167433619499 0.391693919897 -1.465703964233 0.007998093031 0.598546862602 0.301244586706 0.742246210575
1403715930.684058189392 1.170823216438 0.396097511053 -1.466444492340 0.000915396784 0.597275316715 0.306213110685 0.741279304028
1403715930.734058141708 1.175874352455 0.400354593992 -1.469202518463 -0.002612603130 0.596635520458 0.309417277575 0.740459442139
1403715930.784058094025 1.181248784065 0.402784883976 -1.474118471146 -0.005609557498 0.596688866615 0.311605095863 0.739481806755
1403715930.834058046341 1.189247012138 0.403978675604 -1.480663537979 -0.011582986452 0.598150134087 0.309238970280 0.739224970341
1403715930.884058237076 1.198411107063 0.404009193182 -1.490778684616 -0.021089743823 0.600683450699 0.303378432989 0.739389061928
1403715930.934058189392 1.209070682526 0.402227401733 -1.498780488968 -0.029341392219 0.604358315468 0.295662224293 0.739238798618
1403715930.984058141708 1.223909616470 0.400616645813 -1.510455965996 -0.038020227104 0.605984330177 0.290303230286 0.739636063576
1403715931.034058094025 1.237180709839 0.397458672523 -1.521033763885 -0.047009907663 0.606413781643 0.289289951324 0.739164233208
1403715931.084058284760 1.253875613213 0.397551715374 -1.530250787735 -0.054952405393 0.605953335762 0.290583252907 0.738486409187
1403715931.134057998657 1.270719289780 0.398207843304 -1.540610551834 -0.060925103724 0.604325830936 0.293663531542 0.738132894039
1403715931.184058189392 1.289497137070 0.397549331188 -1.547662258148 -0.065704062581 0.603569865227 0.295301049948 0.737688064575
1403715931.234058141708 1.312011599541 0.397960662842 -1.554434061050 -0.066893897951 0.603819608688 0.295652747154 0.737235724926
1403715931.284058094025 1.336353898048 0.395754843950 -1.562193870544 -0.067093402147 0.604044079781 0.295891702175 0.736937880516
1403715931.334058046341 1.364389061928 0.388883799314 -1.568720817566 -0.063961647451 0.604387164116 0.296298921108 0.736771345139
1403715931.384058237076 1.394487261772 0.381838977337 -1.577535629272 -0.059724327177 0.605001270771 0.295536786318 0.736929118633
1403715931.434058189392 1.427327275276 0.371079534292 -1.585329532623 -0.056673582643 0.606092751026 0.292612105608 0.737440049648
1403715931.484058141708 1.461691260338 0.361957132816 -1.594784975052 -0.053278051317 0.606175780296 0.291300803423 0.738143801689
1403715931.534058094025 1.497223973274 0.353585630655 -1.598507523537 -0.050839133561 0.607168793678 0.288690000772 0.738525211811
1403715931.584058284760 1.533879756927 0.348819673061 -1.606838464737 -0.048541177064 0.607613027096 0.284455269575 0.739956319332
1403715931.634057998657 1.570705294609 0.344239294529 -1.609853386879 -0.047656852752 0.608263850212 0.280526280403 0.740978360176
1403715931.684058189392 1.609986662865 0.341046512127 -1.613216996193 -0.047208454460 0.608924150467 0.275484889746 0.742354929447
1403715931.734058141708 1.650344133377 0.341655045748 -1.615032792091 -0.046860478818 0.609299004078 0.270892769098 0.743757963181
1403715931.784058094025 1.692184686661 0.340932726860 -1.615862607956 -0.046377435327 0.609382987022 0.267190068960 0.745057702065
1403715931.834058046341 1.735277175903 0.340873777866 -1.617179155350 -0.042603436857 0.608760595322 0.263982981443 0.746932685375
1403715931.884058237076 1.776693463326 0.338919639587 -1.616197347641 -0.036907840520 0.610242068768 0.257825195789 0.748176872730
1403715931.934058189392 1.824029445648 0.339240193367 -1.618371486664 -0.029514966533 0.611021757126 0.251468986273 0.750029742718
1403715931.984058141708 1.866984844208 0.340063601732 -1.618529438972 -0.021078426391 0.612468779087 0.244400128722 0.751469492912
1403715932.034058094025 1.909825325012 0.338154435158 -1.617298126221 -0.011442033574 0.613274037838 0.239084765315 0.752730071545
1403715932.084058284760 1.952930808067 0.337441056967 -1.618014097214 -0.000555270584 0.615196049213 0.229931160808 0.754098892212
1403715932.134057998657 1.996712446213 0.332484811544 -1.617156982422 0.011553570628 0.618467569351 0.218938469887 0.754606187344
1403715932.184058189392 2.036433935165 0.333455473185 -1.614898681641 0.025480372831 0.622601032257 0.205736890435 0.754580080509
1403715932.234058141708 2.076513528824 0.325650036335 -1.613072872162 0.038782380521 0.627359747887 0.191202968359 0.753894627094
1403715932.284058094025 2.111483812332 0.317123502493 -1.606049060822 0.054388165474 0.632539808750 0.178384169936 0.751740992069
1403715932.334058046341 2.145053863525 0.310268521309 -1.607136964798 0.069199182093 0.635348200798 0.167370066047 0.750687301159
1403715932.384058237076 2.174054622650 0.308341234922 -1.608244895935 0.082838155329 0.637679040432 0.154966428876 0.749992430210
1403715932.434058189392 2.198272705078 0.301505923271 -1.603404879570 0.092991314828 0.640478789806 0.146823495626 0.748052358627
1403715932.484058141708 2.220082759857 0.292075634003 -1.602059602737 0.101938925683 0.641472995281 0.141355052590 0.747087419033
1403715932.534058094025 2.236154317856 0.287308394909 -1.600606203079 0.112071134150 0.642786622047 0.133730098605 0.745910048485
1403715932.584058284760 2.244338512421 0.278171688318 -1.597739219666 0.122345633805 0.644749581814 0.126871749759 0.743796467781
1403715932.634057998657 2.250732421875 0.267463713884 -1.597766637802 0.132639259100 0.645391881466 0.121325552464 0.742398977280
1403715932.684058189392 2.248402595520 0.260380148888 -1.597893476486 0.141713634133 0.646388888359 0.115607254207 0.740765571594
1403715932.734058141708 2.240711450577 0.248942941427 -1.599538803101 0.148275822401 0.647367477417 0.110690131783 0.739376306534
1403715932.784058094025 2.226952552795 0.234614700079 -1.608688950539 0.150233611465 0.647290110588 0.109415501356 0.739238619804
1403715932.834058046341 2.205001115799 0.223940014839 -1.612170934677 0.147486239672 0.647826611996 0.111189328134 0.739057123661
1403715932.884058237076 2.177012920380 0.215892463923 -1.617014169693 0.135490879416 0.647988021374 0.118442103267 0.740084588528
1403715932.934058189392 2.140836238861 0.206118524075 -1.618173599243 0.116823211312 0.647184789181 0.134012863040 0.741312861443
1403715932.984058141708 2.099610090256 0.188283562660 -1.621449470520 0.091202788055 0.644738972187 0.156092196703 0.742717266083
1403715933.034058094025 2.055391788483 0.184196144342 -1.629835247993 0.068342104554 0.639875590801 0.176151514053 0.744888722897
1403715933.084058284760 2.008615970612 0.170150458813 -1.637567520142 0.044340886176 0.635435223579 0.195849180222 0.745586395264
1403715933.134057998657 1.958186745644 0.155396670103 -1.642767786980 0.021192409098 0.630412936211 0.216068536043 0.745281696320
1403715933.184058189392 1.907340884209 0.148582279682 -1.649649381638 -0.001345116179 0.624193310738 0.234010532498 0.745399296284
1403715933.234058141708 1.857384562492 0.135527521372 -1.654006361961 -0.022460706532 0.618356645107 0.251619935036 0.744189500809
1403715933.284058094025 1.803166270256 0.126186519861 -1.655818462372 -0.042831376195 0.612081408501 0.268756121397 0.742490351200
1403715933.334058046341 1.752195954323 0.121706485748 -1.661531090736 -0.060029368848 0.604242563248 0.286210149527 0.741195797920
1403715933.384058237076 1.704252839088 0.112983703613 -1.661328315735 -0.076207563281 0.596255183220 0.305993378162 0.738268375397
1403715933.434058189392 1.663618087769 0.102062433958 -1.663914084435 -0.091540426016 0.586750864983 0.328662723303 0.734387218952
1403715933.484058141708 1.622506260872 0.089823454618 -1.666356682777 -0.106119483709 0.577171742916 0.350082486868 0.730105280876
1403715933.534058094025 1.585837841034 0.078664779663 -1.667462348938 -0.119568154216 0.569216489792 0.367817282677 0.725538790226
1403715933.584058284760 1.557321429253 0.070701658726 -1.671107411385 -0.132204785943 0.562110185623 0.380891799927 0.722132563591
1403715933.634057998657 1.536764860153 0.060221344233 -1.675620675087 -0.143575742841 0.556184589863 0.392307758331 0.718428373337
1403715933.684058189392 1.526309251785 0.046783894300 -1.678710937500 -0.155675679445 0.553107500076 0.397257745266 0.715558171272
1403715933.734058141708 1.520334839821 0.037674218416 -1.684262752533 -0.164592757821 0.551764547825 0.397961109877 0.714207291603
1403715933.784058094025 1.523753643036 0.027103036642 -1.688143491745 -0.169663801789 0.552358031273 0.396841853857 0.713183939457
1403715933.834058046341 1.536312460899 0.011126250029 -1.693302869797 -0.171366065741 0.555011034012 0.392690688372 0.713015019894
1403715933.884058237076 1.560391187668 -0.006060540676 -1.697623491287 -0.166610762477 0.561023056507 0.383679270744 0.714341878891
1403715933.934058189392 1.589631557465 -0.020504534245 -1.703994274139 -0.149063974619 0.571205377579 0.370740979910 0.716976583004
1403715933.984058141708 1.625326991081 -0.039408683777 -1.707913398743 -0.123148784041 0.586349844933 0.347831606865 0.721138954163
1403715934.034058094025 1.680783629417 -0.069232314825 -1.715967655182 -0.095688328147 0.600283384323 0.325677305460 0.724180817604
1403715934.084058284760 1.725176215172 -0.087331593037 -1.729824423790 -0.062806457281 0.614158987999 0.296955347061 0.728478968143
1403715934.134057998657 1.778919935226 -0.119741141796 -1.741448879242 -0.031653113663 0.626057922840 0.271433442831 0.730324208736
1403715934.184058189392 1.828808784485 -0.140374898911 -1.738812685013 0.002914144890 0.640368819237 0.241644933820 0.729058980942
1403715934.234058141708 1.872264504433 -0.145858049393 -1.735948443413 0.033229433000 0.650996267796 0.214707314968 0.727324247360
1403715934.284058094025 1.916763186455 -0.153486311436 -1.733482241631 0.057015895844 0.658991992474 0.191040590405 0.725246369839
1403715934.334058046341 1.957687854767 -0.161240577698 -1.722604870796 0.077334158123 0.665788590908 0.172964572906 0.721684336662
1403715934.384058237076 1.991124868393 -0.157310009003 -1.718635201454 0.098430126905 0.669851005077 0.155151426792 0.719401955605
1403715934.434058189392 2.023777961731 -0.162835419178 -1.718207955360 0.114492125809 0.672842919827 0.139467477798 0.717441856861
1403715934.484058141708 2.051809787750 -0.166574358940 -1.727433562279 0.129293665290 0.673187077045 0.126661732793 0.716979205608
1403715934.534058094025 2.072525024414 -0.163168489933 -1.723218798637 0.143708154559 0.674332678318 0.113788813353 0.715314984322
1403715934.584058284760 2.085960149765 -0.168022930622 -1.720062494278 0.156026974320 0.675262629986 0.103843472898 0.713367104530
1403715934.634057998657 2.093915462494 -0.175884246826 -1.715131282806 0.165198028088 0.675718903542 0.096670731902 0.711876630783
1403715934.684058189392 2.090155124664 -0.177221238613 -1.712960124016 0.173483356833 0.674877047539 0.091465584934 0.711391985416
1403715934.734058141708 2.079386472702 -0.181410193443 -1.711203336716 0.179920390248 0.672924160957 0.089849814773 0.711848855019
1403715934.784058094025 2.059632301331 -0.182851791382 -1.717905521393 0.184900954366 0.669325172901 0.090460754931 0.713885426521
1403715934.834058046341 2.031342506409 -0.195981860161 -1.714574694633 0.178763478994 0.667434632778 0.099676668644 0.715988278389
1403715934.884058237076 1.995843648911 -0.204785764217 -1.720151901245 0.160399585962 0.663901448250 0.116673924029 0.721036791801
1403715934.934058189392 1.951991796494 -0.213144302368 -1.729096770287 0.135414093733 0.658557832241 0.138892278075 0.727099418640
1403715934.984058141708 1.902298331261 -0.223469257355 -1.730292439461 0.109737478197 0.653545618057 0.163801848888 0.730756402016
1403715935.034058094025 1.847731947899 -0.234986066818 -1.733248233795 0.081042401493 0.647553384304 0.189373344183 0.733651459217
1403715935.084058284760 1.786354780197 -0.226205170155 -1.738334774971 0.056155841798 0.640128374100 0.212621852756 0.736120998859
1403715935.134057998657 1.721539020538 -0.220905482769 -1.738607645035 0.030799375847 0.634295940399 0.232971578836 0.736508190632
1403715935.184058189392 1.661136388779 -0.220600426197 -1.739208579063 0.005606649909 0.627694427967 0.253917604685 0.735862910748
1403715935.234058141708 1.599966526031 -0.216615676880 -1.749183416367 -0.017070651054 0.620139002800 0.271232247353 0.735913991928
1403715935.284058094025 1.539680957794 -0.214849710464 -1.753000855446 -0.036252390593 0.614085853100 0.286414563656 0.734541416168
1403715935.334058046341 1.477445006371 -0.205194771290 -1.751272320747 -0.053719218820 0.609219908714 0.297720849514 0.733026325703
1403715935.384058237076 1.421390652657 -0.195759564638 -1.753018140793 -0.068768590689 0.604224979877 0.307647049427 0.731803476810
1403715935.434058189392 1.368256092072 -0.189329802990 -1.755406856537 -0.082786075771 0.599480032921 0.316811114550 0.730342984200
1403715935.484058141708 1.318225979805 -0.179340183735 -1.755320549011 -0.094204694033 0.595236063004 0.324123084545 0.729221403599
1403715935.534058094025 1.272956371307 -0.170198678970 -1.754409551620 -0.103983759880 0.591971814632 0.330020785332 0.727903187275
1403715935.584058284760 1.231516122818 -0.159484833479 -1.750955820084 -0.112367875874 0.589706301689 0.334147393703 0.726612329483
1403715935.634057998657 1.194102644920 -0.146377518773 -1.749950289726 -0.119257561862 0.586420357227 0.339134991169 0.725862443447
1403715935.684058189392 1.161781072617 -0.128060221672 -1.747696399689 -0.125043749809 0.583452761173 0.343800157309 0.725085079670
1403715935.734058141708 1.135144352913 -0.118059590459 -1.744383811951 -0.133250609040 0.580325067043 0.348760515451 0.723763227463
1403715935.784058094025 1.112488031387 -0.103692501783 -1.740504741669 -0.139344125986 0.577523410320 0.353465229273 0.722573339939
1403715935.834058046341 1.098870873451 -0.097098276019 -1.734822988510 -0.146649688482 0.575341999531 0.357774168253 0.720744848251
1403715935.884058237076 1.090273261070 -0.087249636650 -1.730954170227 -0.151452437043 0.573734462261 0.360102951527 0.719872772694
1403715935.934058189392 1.089616060257 -0.078350678086 -1.725384235382 -0.151896432042 0.574438631535 0.360274404287 0.719131469727
1403715935.984058141708 1.096141219139 -0.073615878820 -1.721669197083 -0.146264672279 0.578124761581 0.355020284653 0.719957649708
1403715936.034058094025 1.107917666435 -0.067292675376 -1.714238047600 -0.130899101496 0.586627542973 0.342968374491 0.721876978874
1403715936.084058284760 1.125925183296 -0.064427360892 -1.712138175964 -0.109883807600 0.596932291985 0.326812207699 0.724424719810
1403715936.134057998657 1.151278138161 -0.064758077264 -1.707108616829 -0.086922302842 0.608822941780 0.305857539177 0.726794540882
1403715936.184058189392 1.174288272858 -0.058529436588 -1.699071407318 -0.060877718031 0.621227383614 0.282944530249 0.728225827217
1403715936.234058141708 1.202553987503 -0.057046413422 -1.695151090622 -0.035787682980 0.632010221481 0.261617004871 0.728586912155
1403715936.284058094025 1.232480764389 -0.060227811337 -1.686481595039 -0.011672018096 0.641983687878 0.240545704961 0.727913796902
1403715936.334058046341 1.258855700493 -0.057277262211 -1.679177761078 0.011059804820 0.649881422520 0.223765775561 0.726264894009
1403715936.384058237076 1.285719633102 -0.057811260223 -1.668284654617 0.030695652589 0.655452132225 0.212465673685 0.724084675312
1403715936.434058189392 1.311432957649 -0.058778285980 -1.660187244415 0.044243890792 0.659515559673 0.203760802746 0.722193360329
1403715936.484058141708 1.332737326622 -0.056710124016 -1.649491071701 0.054460074753 0.662651360035 0.198135495186 0.720187187195
1403715936.534058094025 1.351052761078 -0.054424762726 -1.641000390053 0.064290739596 0.664517045021 0.194661438465 0.718603312969
1403715936.584058284760 1.364594340324 -0.050203859806 -1.630916357040 0.073547154665 0.665569245815 0.192627027631 0.717288792133
1403715936.634057998657 1.375877141953 -0.050425469875 -1.623413205147 0.081222504377 0.666068196297 0.191959261894 0.716175734997
1403715936.684058189392 1.383877396584 -0.049296498299 -1.616981506348 0.088191799819 0.666024148464 0.192645147443 0.715207576752
1403715936.734058141708 1.387369751930 -0.046341955662 -1.609696865082 0.088106259704 0.666357696056 0.193872094154 0.714575707912
1403715936.784058094025 1.386791467667 -0.044572472572 -1.605348944664 0.081323303282 0.665139377117 0.199062347412 0.715087711811
1403715936.834058046341 1.382491111755 -0.040334701538 -1.596066951752 0.071046106517 0.664843976498 0.203113704920 0.715317964554
1403715936.884058237076 1.377436757088 -0.039299666882 -1.592476606369 0.061004895717 0.663823306561 0.208036974072 0.715777635574
1403715936.934058189392 1.369646906853 -0.034703135490 -1.586174964905 0.053566023707 0.662502527237 0.213721171021 0.715921998024
1403715936.984058141708 1.357885837555 -0.032169878483 -1.580549597740 0.047492165118 0.660287141800 0.218203917146 0.717044234276
1403715937.034058094025 1.344546556473 -0.027998477221 -1.576974391937 0.041534677148 0.656385123730 0.222254246473 0.719747543335
1403715937.084058284760 1.330200672150 -0.024891644716 -1.572278022766 0.034498833120 0.651053130627 0.227504983544 0.723312616348
1403715937.134057998657 1.314219355583 -0.021671742201 -1.567434430122 0.026317795739 0.643507838249 0.234022840858 0.728312075138
1403715937.184058189392 1.296148061752 -0.018377393484 -1.561983823776 0.020338019356 0.635790824890 0.237703397870 0.734066486359
1403715937.234058141708 1.277940750122 -0.015322506428 -1.556383848190 0.013953747228 0.627637386322 0.239472344518 0.740627825260
1403715937.284058094025 1.258702635765 -0.009863615036 -1.551398992538 0.010476215743 0.617840111256 0.241199225187 0.748322665691
1403715937.334058046341 1.239206790924 -0.004311949015 -1.542828679085 0.007100180257 0.609019696712 0.238905936480 0.756286025047
1403715937.384058237076 1.219314098358 0.002900213003 -1.536814928055 0.005715526175 0.599262535572 0.235808238387 0.765013873577
1403715937.434058189392 1.199729204178 0.011471182108 -1.530171632767 0.004911567550 0.589260160923 0.233072862029 0.773579597473
1403715937.484058141708 1.178781986237 0.021845579147 -1.521614551544 0.001119547174 0.579307675362 0.232068002224 0.781374394894
1403715937.534058094025 1.157926201820 0.036819294095 -1.512765049934 -0.006077759899 0.568050980568 0.236329540610 0.788308024406
1403715937.584058284760 1.138568162918 0.051285527647 -1.504802942276 -0.018428821117 0.556732594967 0.241488650441 0.794602036476
1403715937.634057998657 1.117412328720 0.064380526543 -1.492857336998 -0.030389687046 0.545982360840 0.246153429151 0.800242602825
1403715937.684058189392 1.102161645889 0.081079997122 -1.484493374825 -0.040064290166 0.533960163593 0.250095754862 0.806680560112
1403715937.734058141708 1.086483120918 0.096036836505 -1.476206302643 -0.047758005559 0.523776650429 0.251899003983 0.812357127666
1403715937.784058094025 1.073443055153 0.107387602329 -1.468874454498 -0.053257744759 0.513412833214 0.253549396992 0.818097531796
1403715937.834058046341 1.060279607773 0.123338505626 -1.455660462379 -0.057633142918 0.504890799522 0.251683831215 0.823661923409
1403715937.884058237076 1.049792289734 0.135087355971 -1.445837974548 -0.059976328164 0.495443373919 0.251379877329 0.829305052757
1403715937.934058189392 1.042382955551 0.145515471697 -1.431304097176 -0.063437543809 0.487222611904 0.248895660043 0.834650158882
1403715937.984058141708 1.038038253784 0.154465869069 -1.421691536903 -0.067202121019 0.477262347937 0.246605083346 0.840767800808
1403715938.034058094025 1.034729719162 0.162802994251 -1.408469557762 -0.069677144289 0.467661470175 0.244152486324 0.846656620502
1403715938.084058284760 1.034156322479 0.172405570745 -1.394462347031 -0.072140865028 0.457622468472 0.241793438792 0.852592110634
1403715938.134057998657 1.035004377365 0.179940521717 -1.379017114639 -0.074398681521 0.447825700045 0.237819403410 0.858696043491
1403715938.184058189392 1.038840055466 0.183037579060 -1.364046812057 -0.077131018043 0.437326103449 0.233842313290 0.864936113358
1403715938.234058141708 1.050425052643 0.186299324036 -1.350499272346 -0.075960874557 0.426603764296 0.227873906493 0.871959090233
1403715938.284058094025 1.060338854790 0.187035560608 -1.331638336182 -0.071316726506 0.418825894594 0.215349197388 0.879274427891
1403715938.334058046341 1.073971509933 0.183204203844 -1.315751314163 -0.062504373491 0.412138879299 0.198637843132 0.887004911900
1403715938.384058237076 1.090338706970 0.174625337124 -1.299475669861 -0.054326228797 0.404948502779 0.181759268045 0.894443392754
1403715938.434058189392 1.105843424797 0.163563877344 -1.281408667564 -0.044775538146 0.396478861570 0.170631572604 0.900935351849
1403715938.484058141708 1.125337600708 0.155371576548 -1.261010050774 -0.032870814204 0.386962056160 0.159244850278 0.907645821571
1403715938.534058094025 1.145961046219 0.143457710743 -1.244763970375 -0.024015584961 0.375611692667 0.152074784040 0.913899600506
1403715938.584058284760 1.162167549133 0.134684890509 -1.223485112190 -0.015956992283 0.366152286530 0.146754637361 0.918771445751
1403715938.634057998657 1.177355051041 0.124374754727 -1.201281428337 -0.011679477990 0.358269035816 0.143293544650 0.922482430935
1403715938.684058189392 1.197465777397 0.116194948554 -1.179698824883 -0.010729793459 0.350063234568 0.142210289836 0.925806105137
1403715938.734058141708 1.215074539185 0.105058193207 -1.158748388290 -0.016384854913 0.343099236488 0.143589645624 0.928114473820
1403715938.784058094025 1.232219696045 0.097080036998 -1.137993335724 -0.025254400447 0.336991131306 0.145804837346 0.929806530476
1403715938.834058046341 1.254297018051 0.087218850851 -1.114718317986 -0.037699230015 0.330695807934 0.150389015675 0.930914700031
1403715938.884058237076 1.272302150726 0.081180766225 -1.088095307350 -0.048654504120 0.325692802668 0.154412969947 0.931511461735
1403715938.934058189392 1.287869930267 0.076468989253 -1.060978770256 -0.057984363288 0.322068899870 0.157594621181 0.931704580784
1403715938.984058141708 1.310371637344 0.067538566887 -1.037415981293 -0.067160218954 0.317293405533 0.160941869020 0.932154536247
1403715939.034058094025 1.329877495766 0.057939335704 -1.005684852600 -0.075105369091 0.314361751080 0.163902401924 0.932025730610
1403715939.084058284760 1.356318473816 0.049208190292 -0.978726565838 -0.080596052110 0.311041951180 0.165073588490 0.932474076748
1403715939.134057998657 1.384354591370 0.037817534059 -0.947286427021 -0.080151401460 0.309057116508 0.164180427790 0.933329701424
1403715939.184058189392 1.412165522575 0.027146421373 -0.909177064896 -0.068675197661 0.310608237982 0.158702775836 0.934676229954
1403715939.234058141708 1.443841457367 0.010545853525 -0.881870210171 -0.049309674650 0.311940908432 0.151346951723 0.936672568321
1403715939.284058094025 1.474406838417 -0.003242988139 -0.842566668987 -0.026980698109 0.314890176058 0.143140763044 0.937884330750
1403715939.334058046341 1.510552048683 -0.020261719823 -0.809144973755 -0.004712383728 0.316520750523 0.135724008083 0.938813805580
1403715939.384058237076 1.537160515785 -0.031709156930 -0.768179178238 0.019972369075 0.320443391800 0.128018558025 0.938364744186
1403715939.434058189392 1.563132643700 -0.046029880643 -0.727241098881 0.040582034737 0.324626117945 0.120458602905 0.937262356281
1403715939.484058141708 1.588332653046 -0.054965771735 -0.690418183804 0.060623422265 0.327619224787 0.113009110093 0.936065912247
1403715939.534058094025 1.611270070076 -0.070660650730 -0.652191996574 0.077004730701 0.331810325384 0.106853738427 0.934106230736
1403715939.584058284760 1.637348532677 -0.084869027138 -0.619238615036 0.092171370983 0.334516048431 0.101098671556 0.932406842709
1403715939.634057998657 1.660640358925 -0.094336152077 -0.592453658581 0.112909883261 0.337753057480 0.092779904604 0.929820477962
1403715939.684058189392 1.678012371063 -0.108580544591 -0.564551055431 0.134070262313 0.341631770134 0.086725741625 0.926170408726
1403715939.734058141708 1.693441271782 -0.127721130848 -0.540014028549 0.150367841125 0.345261007547 0.080651320517 0.922864973545
1403715939.784058094025 1.705812215805 -0.138472601771 -0.525620698929 0.164656296372 0.347248286009 0.077390886843 0.919955253601
1403715939.834058046341 1.717812061310 -0.149243026972 -0.515719175339 0.175611481071 0.348909586668 0.073235191405 0.917637884617
1403715939.884058237076 1.721678614616 -0.155966609716 -0.504842400551 0.184130281210 0.351332217455 0.069672375917 0.915318250656
1403715939.934058189392 1.718726277351 -0.169753968716 -0.502220392227 0.185115501285 0.353473871946 0.069128528237 0.914335668087
1403715939.984058141708 1.708246707916 -0.183499872684 -0.506930708885 0.179709896445 0.354902207851 0.071533091366 0.914675772190
1403715940.034058094025 1.699225902557 -0.191938787699 -0.514868795872 0.160816401243 0.354679644108 0.076665043831 0.917857766151
1403715940.084058284760 1.681699633598 -0.205839797854 -0.526511549950 0.134183630347 0.353892266750 0.086230315268 0.921585261822
1403715940.134057998657 1.661177754402 -0.211790263653 -0.539402246475 0.105566628277 0.352392822504 0.095786496997 0.924932420254
1403715940.184058189392 1.641584873199 -0.225656285882 -0.562718331814 0.076726764441 0.348419368267 0.106872461736 0.928059935570
1403715940.234058141708 1.618049621582 -0.228209882975 -0.578962385654 0.049614008516 0.345594704151 0.115836896002 0.929884135723
1403715940.284058094025 1.589925050735 -0.238958671689 -0.597229480743 0.022359918803 0.342320561409 0.126161411405 0.930806100368
1403715940.334058046341 1.565588474274 -0.242666617036 -0.618718922138 -0.003623896977 0.337114602327 0.136536955833 0.931503295898
1403715940.384058237076 1.540332913399 -0.251785904169 -0.639131367207 -0.028817126527 0.332268297672 0.146967828274 0.931218504906
1403715940.434058189392 1.511508822441 -0.258193373680 -0.657065629959 -0.054711498320 0.327989310026 0.156166717410 0.930076122284
1403715940.484058141708 1.487804174423 -0.265940159559 -0.671123564243 -0.078871861100 0.323324799538 0.166668102145 0.928149819374
1403715940.534058094025 1.464478015900 -0.276417911053 -0.684516370296 -0.103575080633 0.317567795515 0.178176447749 0.925567984581
1403715940.584058284760 1.445872426033 -0.289906889200 -0.695076525211 -0.128821104765 0.311373144388 0.191905274987 0.921750664711
1403715940.634057998657 1.431395292282 -0.300047695637 -0.706815779209 -0.152404084802 0.303867310286 0.204690560699 0.917899489403
1403715940.684058189392 1.419798254967 -0.311956644058 -0.712441205978 -0.173795357347 0.296963512897 0.218557074666 0.913148760796
1403715940.734058141708 1.416054368019 -0.325772643089 -0.713844180107 -0.191840931773 0.291391372681 0.226786419749 0.909316241741
1403715940.784058094025 1.409227967262 -0.335364431143 -0.708286404610 -0.204587489367 0.289620786905 0.227871060371 0.906828880310
1403715940.834058046341 1.410692453384 -0.350836336613 -0.699766874313 -0.210644081235 0.289194196463 0.226261660457 0.905980944633
1403715940.884058237076 1.421942949295 -0.374209463596 -0.685160219669 -0.209168523550 0.291454255581 0.221681043506 0.906730651855
1403715940.934058189392 1.431513428688 -0.401748061180 -0.661248683929 -0.196494951844 0.298225998878 0.213142618537 0.909407079220
1403715940.984058141708 1.447897195816 -0.406852573156 -0.641498267651 -0.162165358663 0.306765407324 0.201036602259 0.916068613529
1403715941.034058094025 1.480793476105 -0.455532014370 -0.612744748592 -0.131805405021 0.315126448870 0.188043728471 0.920848667622
1403715941.084058284760 1.512017846107 -0.487962633371 -0.596820414066 -0.088687121868 0.322623282671 0.171320542693 0.926659703255
1403715941.134057998657 1.554461956024 -0.526167929173 -0.570612788200 -0.040628723800 0.329790830612 0.157750457525 0.929893612862
1403715941.184058189392 1.581430673599 -0.551171660423 -0.520599067211 0.008702731691 0.342184633017 0.138794898987 0.929284632206
1403715941.234058141708 1.605699181557 -0.570460438728 -0.479091882706 0.050996426493 0.350327134132 0.123248554766 0.927081525326
1403715941.284058094025 1.626700997353 -0.605215549469 -0.437731325626 0.084707230330 0.356526643038 0.114223919809 0.923399329185
1403715941.334058046341 1.666204929352 -0.639128684998 -0.416381984949 0.110557965934 0.355943650007 0.108671434224 0.921559333801
1403715941.384058237076 1.693275928497 -0.667927384377 -0.395843148232 0.133842751384 0.355949372053 0.104858167470 0.918907463551
1403715941.434058189392 1.710776686668 -0.696304798126 -0.366802990437 0.151744648814 0.357689172029 0.100247174501 0.915959894657
1403715941.484058141708 1.737272739410 -0.717372894287 -0.349010288715 0.164875864983 0.354905098677 0.100350268185 0.914761304855
1403715941.534058094025 1.748247861862 -0.732577562332 -0.328032702208 0.176184222102 0.355051696301 0.099780231714 0.912656247616
1403715941.584058284760 1.747631192207 -0.753545999527 -0.301053345203 0.183885261416 0.357828348875 0.100608289242 0.909957706928
1403715941.634057998657 1.751516580582 -0.768198728561 -0.277087509632 0.194718867540 0.359430730343 0.099719293416 0.907166004181
1403715941.684058189392 1.756945610046 -0.768316388130 -0.258083462715 0.209468901157 0.359119087458 0.098392613232 0.904143333435
1403715941.734058141708 1.755964279175 -0.768373847008 -0.250250190496 0.223975852132 0.357803493738 0.097711436450 0.901256918907
1403715941.784058094025 1.766328930855 -0.764330029488 -0.256250292063 0.237750113010 0.353027194738 0.095716357231 0.899825036526
1403715941.834058046341 1.756761074066 -0.765856325626 -0.256129682064 0.246290728450 0.353804856539 0.092831932008 0.897521734238
1403715941.884058237076 1.746643900871 -0.762438118458 -0.267798841000 0.251379102468 0.352637201548 0.093102157116 0.896542012691
1403715941.934058189392 1.729809761047 -0.752927362919 -0.279124647379 0.246356740594 0.354622989893 0.090810418129 0.897387504578
1403715941.984058141708 1.711328268051 -0.738911271095 -0.297977864742 0.231716245413 0.354768276215 0.093831330538 0.900912225246
1403715942.034058094025 1.698463678360 -0.712213277817 -0.332211464643 0.205689147115 0.351170033216 0.096046663821 0.908375799656
1403715942.084058284760 1.648818731308 -0.717877984047 -0.343798577785 0.168996363878 0.357120484114 0.107044450939 0.912385165691
1403715942.134057998657 1.623289823532 -0.690823853016 -0.374211996794 0.133818358183 0.353408783674 0.115264698863 0.918645143509
1403715942.184058189392 1.606585979462 -0.652325451374 -0.419319927692 0.099276602268 0.345433086157 0.124540708959 0.924829602242
1403715942.234058141708 1.540950536728 -0.622379302979 -0.427276521921 0.066314138472 0.348998606205 0.134418755770 0.925058960915
1403715942.284058094025 1.526566743851 -0.576394677162 -0.484016299248 0.028544764966 0.336558610201 0.147529587150 0.929595947266
1403715942.334058046341 1.487946748734 -0.530913114548 -0.511122465134 -0.003556757467 0.332180321217 0.158191040158 0.929849028587
1403715942.384058237076 1.441931962967 -0.485982298851 -0.537701070309 -0.030669232830 0.328468948603 0.168106332421 0.928928315639
1403715942.434058189392 1.411496758461 -0.442838340998 -0.569000065327 -0.052145153284 0.322854995728 0.177575454116 0.928176999092
1403715942.484058141708 1.368899703026 -0.391931116581 -0.587926685810 -0.070799998939 0.319732576609 0.186181709170 0.926334142685
1403715942.534058094025 1.338048219681 -0.342986047268 -0.615641117096 -0.087610974908 0.314387887716 0.193797290325 0.925163328648
1403715942.584058284760 1.308118581772 -0.309071898460 -0.634827077389 -0.107424482703 0.310517668724 0.200389325619 0.922975063324
1403715942.634057998657 1.280058622360 -0.267896711826 -0.650578260422 -0.125349357724 0.307591527700 0.202819228172 0.921161949635
1403715942.684058189392 1.258239865303 -0.233248651028 -0.666342616081 -0.140867471695 0.304319262505 0.204695269465 0.919590175152
1403715942.734058141708 1.240255236626 -0.194926977158 -0.676068603992 -0.150733500719 0.301914125681 0.205357715487 0.918670475483
1403715942.784058094025 1.226265192032 -0.154379099607 -0.689375042915 -0.155003771186 0.299614280462 0.204271167517 0.918955087662
1403715942.834058046341 1.215617060661 -0.120336994529 -0.693034172058 -0.157078012824 0.298981785774 0.202699750662 0.919156789780
1403715942.884058237076 1.208685636520 -0.092390835285 -0.690720677376 -0.157516464591 0.299200981855 0.199824213982 0.919639945030
1403715942.934058189392 1.206667184830 -0.066776700318 -0.687845826149 -0.156769096851 0.298597335815 0.197571545839 0.920450210571
1403715942.984058141708 1.210944652557 -0.040306668729 -0.679998636246 -0.153058961034 0.298431396484 0.193993091583 0.921888470650
1403715943.034058094025 1.217257857323 -0.020116262138 -0.668848574162 -0.149670630693 0.299533754587 0.187830820680 0.923362314701
1403715943.084058284760 1.227509975433 -0.002749182284 -0.653851866722 -0.145542174578 0.301445156336 0.178575873375 0.925234556198
1403715943.134057998657 1.241917967796 0.008342090994 -0.634040713310 -0.137946322560 0.303559660912 0.170616850257 0.927206695080
1403715943.184058189392 1.258118748665 0.018114041537 -0.611587405205 -0.120923645794 0.306716114283 0.162179350853 0.930054068565
1403715943.234058141708 1.277866244316 0.024309605360 -0.584741175175 -0.094419889152 0.310577929020 0.155747845769 0.932935655117
1403715943.284058094025 1.302894830704 0.019778851420 -0.563324630260 -0.061857968569 0.312589615583 0.148824289441 0.936115741730
1403715943.334058046341 1.324313879013 0.018074197695 -0.529867589474 -0.026062900200 0.316148966551 0.139508515596 0.938034057617
1403715943.384058237076 1.346592068672 0.016370207071 -0.505450546741 0.010639229789 0.317032217979 0.127784237266 0.939706683159
1403715943.434058189392 1.371890783310 0.010600253940 -0.479956805706 0.045075617731 0.316149145365 0.116952382028 0.940393567085
1403715943.484058141708 1.390197634697 -0.003355510533 -0.450503319502 0.069900378585 0.315790235996 0.108665481210 0.939990580082
1403715943.534058094025 1.408041954041 -0.010384663939 -0.424003124237 0.087980665267 0.314947545528 0.102815419436 0.939412832260
1403715943.584058284760 1.423577785492 -0.013993337750 -0.398823797703 0.101699128747 0.315155804157 0.096790283918 0.938597798347
1403715943.634057998657 1.438679218292 -0.017847999930 -0.375559508801 0.114684365690 0.315482467413 0.093798972666 0.937294065952
1403715943.684058189392 1.453214883804 -0.021983504295 -0.360131055117 0.125474259257 0.315731137991 0.091711141169 0.936033725739
1403715943.734058141708 1.463235616684 -0.026362329721 -0.348313271999 0.137162744999 0.316088825464 0.092118456960 0.934231460094
1403715943.784058094025 1.467620253563 -0.027443945408 -0.335079967976 0.149794325233 0.319306224585 0.090164035559 0.931383788586
1403715943.834058046341 1.470404386520 -0.032420009375 -0.328170090914 0.160019665956 0.323053687811 0.088478177786 0.928548157215
1403715943.884058237076 1.471348285675 -0.031658351421 -0.327489793301 0.169134095311 0.325469672680 0.087090648711 0.926217257977
1403715943.934058189392 1.468104124069 -0.031583204865 -0.329693078995 0.175469920039 0.329391747713 0.084660649300 0.923874437809
1403715943.984058141708 1.460173845291 -0.034354329109 -0.341514229774 0.173336520791 0.330629110336 0.086718998849 0.923644244671
1403715944.034058094025 1.455534100533 -0.035834118724 -0.363468825817 0.158694922924 0.326946198940 0.095743335783 0.926690518856
1403715944.084058284760 1.444779872894 -0.038363620639 -0.392016410828 0.130442813039 0.320028275251 0.109656840563 0.931956052780
1403715944.134057998657 1.426306724548 -0.037472888827 -0.414993792772 0.098509013653 0.313335955143 0.122516401112 0.936539530754
1403715944.184058189392 1.406574130058 -0.040046788752 -0.442240536213 0.064460791647 0.303859829903 0.135654971004 0.940803825855
1403715944.234058141708 1.387416124344 -0.034551046789 -0.469711542130 0.026717670262 0.291481494904 0.148101925850 0.944664239883
1403715944.284058094025 1.365957975388 -0.036476418376 -0.498784303665 -0.010238149203 0.279195994139 0.157511800528 0.947171986103
1403715944.334058046341 1.345975041389 -0.043889231980 -0.528789281845 -0.042484190315 0.266621351242 0.162979453802 0.948970973492
1403715944.384058237076 1.330921888351 -0.039834018797 -0.555144011974 -0.067186675966 0.253479987383 0.163957744837 0.950974106789
1403715944.434058189392 1.311367154121 -0.037128977478 -0.576984941959 -0.089351423085 0.240977287292 0.163214161992 0.952526867390
1403715944.484058141708 1.299815893173 -0.031177438796 -0.603203475475 -0.107583038509 0.225798964500 0.161832943559 0.954594612122
1403715944.534058094025 1.287753343582 -0.030569737777 -0.620845496655 -0.123133458197 0.211818903685 0.158360034227 0.956500411034
1403715944.584058284760 1.279098272324 -0.027821563184 -0.634503722191 -0.133483648300 0.196724772453 0.155940830708 0.958730399609
1403715944.634057998657 1.270993232727 -0.032480794936 -0.644855201244 -0.142194330692 0.183137834072 0.151308491826 0.960909485817
1403715944.684058189392 1.268374085426 -0.034294854850 -0.650826811790 -0.146818190813 0.168663874269 0.148104548454 0.963359713554
1403715944.734058141708 1.267862796783 -0.040264137089 -0.653710365295 -0.150678902864 0.154666155577 0.142836913466 0.965904712677
1403715944.784058094025 1.271127343178 -0.049942910671 -0.652473509312 -0.153021514416 0.141132503748 0.133494108915 0.968940317631
1403715944.834058046341 1.279767990112 -0.060245819390 -0.645446360111 -0.148442581296 0.128390058875 0.122582688928 0.972858846188
1403715944.884058237076 1.291268348694 -0.077252715826 -0.635125041008 -0.133974283934 0.118869923055 0.105269588530 0.978181540966
1403715944.934058189392 1.300078988075 -0.087619625032 -0.619859755039 -0.106413431466 0.110626176000 0.082097217441 0.984732508659
1403715944.984058141708 1.310348391533 -0.101803854108 -0.603211104870 -0.072957471013 0.104293055832 0.062981151044 0.989865422249
1403715945.034058094025 1.322697401047 -0.114639468491 -0.585345685482 -0.033064346761 0.098300591111 0.044088318944 0.993629693985
1403715945.084058284760 1.334989309311 -0.137601390481 -0.562834084034 0.005623894278 0.093480050564 0.027612769976 0.995222270489
1403715945.134057998657 1.355877518654 -0.162878751755 -0.538000345230 0.037678733468 0.088410906494 0.015997942537 0.995242655277
1403715945.184058189392 1.367470622063 -0.193288490176 -0.516236901283 0.061599221081 0.086208209395 0.005965244491 0.994353115559
1403715945.234058141708 1.373997926712 -0.204815685749 -0.494482487440 0.085798285902 0.085030652583 -0.001467108610 0.992676317692
1403715945.284058094025 1.385983824730 -0.220459759235 -0.477423906326 0.105085782707 0.083610422909 -0.005823789630 0.990925014019
1403715945.334058046341 1.393637537956 -0.234836995602 -0.461356818676 0.124548636377 0.083607427776 -0.009121380746 0.988642632961
1403715945.384058237076 1.398828864098 -0.253549695015 -0.451016038656 0.142675682902 0.084607891738 -0.011697647162 0.986077249050
1403715945.434058189392 1.400895595551 -0.267102092505 -0.445792734623 0.160653367639 0.085880108178 -0.012641959824 0.983186304569
1403715945.484058141708 1.400752425194 -0.285886228085 -0.442219227552 0.176595181227 0.086300991476 -0.011276225559 0.980428040028
1403715945.534058094025 1.401251435280 -0.293551445007 -0.444973766804 0.189045295119 0.086373865604 -0.008540694602 0.978125035763
1403715945.584058284760 1.397771239281 -0.308368563652 -0.451512396336 0.179613098502 0.084914587438 -0.000927242043 0.980065226555
1403715945.634057998657 1.392596125603 -0.317417293787 -0.463380277157 0.153102204204 0.082653760910 0.008351312950 0.984712302685
1403715945.684058189392 1.386862754822 -0.309596031904 -0.481656461954 0.125559315085 0.079226680100 0.018770158291 0.988739490509
1403715945.734058141708 1.379822373390 -0.312391161919 -0.501229763031 0.095507159829 0.077645152807 0.025761861354 0.992061495781
1403715945.784058094025 1.371542811394 -0.309960126877 -0.522462129593 0.065288826823 0.076322034001 0.031644716859 0.994440019131
1403715945.834058046341 1.365361809731 -0.303787887096 -0.549093246460 0.033999130130 0.075082086027 0.034374352545 0.996004581451
1403715945.884058237076 1.346354722977 -0.312559217215 -0.569646656513 -0.000394395494 0.076400645077 0.039259362966 0.996303915977
1403715945.934058189392 1.334695458412 -0.317753344774 -0.594102740288 -0.032118864357 0.075597919524 0.041726518422 0.995747089386
1403715945.984058141708 1.326880931854 -0.307824403048 -0.611725986004 -0.055763080716 0.073083743453 0.046180866659 0.994694232941
1403715946.034058094025 1.318719267845 -0.312943220139 -0.631553649902 -0.078808613122 0.068896934390 0.047667283565 0.993363082409
1403715946.084058284760 1.307512879372 -0.310979217291 -0.646611571312 -0.095769032836 0.064351633191 0.047444492579 0.992187559605
1403715946.134057998657 1.297356724739 -0.320308983326 -0.657763063908 -0.114335671067 0.058193132281 0.048121016473 0.990568220615
1403715946.184058189392 1.291354656219 -0.322994530201 -0.667557716370 -0.129370868206 0.050285667181 0.046621255577 0.989222407341
1403715946.234058141708 1.280815005302 -0.330701768398 -0.672332882881 -0.142119780183 0.042787425220 0.044743649662 0.987911522388
1403715946.284058094025 1.272048830986 -0.338524967432 -0.672128856182 -0.149812579155 0.035133194178 0.041979864240 0.987197816372
1403715946.334058046341 1.264474749565 -0.350411981344 -0.667638719082 -0.149697974324 0.027050113305 0.036606382579 0.987683534622
1403715946.384058237076 1.254603266716 -0.364061892033 -0.656124413013 -0.138951539993 0.020683603361 0.027653794736 0.989696919918
1403715946.434058189392 1.246543645859 -0.382696598768 -0.641822576523 -0.118184514344 0.014528358355 0.017851002514 0.992724895477
1403715946.484058141708 1.238664507866 -0.401657581329 -0.622567951679 -0.089076697826 0.009227163158 0.008572543971 0.995945155621
1403715946.534058094025 1.235489249229 -0.419140249491 -0.600744545460 -0.057185132056 0.002770013874 0.005468572024 0.998344779015
1403715946.584058284760 1.229926824570 -0.446677356958 -0.576887130737 -0.024432210252 -0.003035515314 0.003455361119 0.999690890312
1403715946.634057998657 1.219369173050 -0.479758262634 -0.552737355232 0.006785897538 -0.006514153909 0.002894298173 0.999951601028
1403715946.684058189392 1.200361013412 -0.513793885708 -0.526167035103 0.033833466470 -0.008996514603 0.002099037869 0.999384820461
1403715946.734058141708 1.194698929787 -0.529800415039 -0.505627453327 0.059349212795 -0.012319920585 0.001985906623 0.998159289360
1403715946.784058094025 1.178416371346 -0.553450345993 -0.480894982815 0.078188352287 -0.014449923299 0.002915190998 0.996829628944
1403715946.834058046341 1.175637245178 -0.571039617062 -0.462506592274 0.091860234737 -0.018298465759 0.003251624294 0.995598435402
1403715946.884058237076 1.162884473801 -0.589742600918 -0.444835275412 0.103120781481 -0.019148448482 0.004235276952 0.994475483894
1403715946.934058189392 1.160682439804 -0.613384306431 -0.431229293346 0.112828537822 -0.021354613826 0.004057256039 0.993376672268
1403715946.984058141708 1.152656674385 -0.619741678238 -0.413574129343 0.124086961150 -0.021340535954 0.003192355856 0.992036700249
1403715947.034058094025 1.142479538918 -0.644192159176 -0.406116753817 0.133173137903 -0.020628450438 0.003731211647 0.990871071815
1403715947.084058284760 1.125729441643 -0.644418120384 -0.395756423473 0.148769393563 -0.019187478349 0.005614564754 0.988669812679
1403715947.134057998657 1.113874554634 -0.652721762657 -0.391640931368 0.171352505684 -0.017810832709 0.008820543997 0.985009312630
1403715947.184058189392 1.113277792931 -0.661615312099 -0.393618851900 0.193258419633 -0.017255516723 0.010605202056 0.980938851833
1403715947.234058141708 1.108042597771 -0.659409821033 -0.396068423986 0.210638493299 -0.016331994906 0.013009142131 0.977341055870
1403715947.284058094025 1.097664237022 -0.667207241058 -0.406518727541 0.215721502900 -0.014301537536 0.016749473289 0.976206541061
1403715947.334058046341 1.088758468628 -0.660110175610 -0.420194536448 0.211643695831 -0.012718711048 0.019737578928 0.977064788342
1403715947.384058237076 1.086800336838 -0.656797766685 -0.438921779394 0.193770870566 -0.011837326922 0.020604388788 0.980759024620
1403715947.434058189392 1.075459122658 -0.643906712532 -0.460940301418 0.165986180305 -0.009542309679 0.020773546770 0.985863089561
1403715947.484058141708 1.078245759010 -0.632624983788 -0.487699151039 0.133871972561 -0.011340834200 0.021109186113 0.990708887577
1403715947.534058094025 1.064444422722 -0.619519948959 -0.517507672310 0.101586297154 -0.011686036363 0.025149494410 0.994440138340
1403715947.584058284760 1.057558536530 -0.597712397575 -0.545412361622 0.073518499732 -0.014175174758 0.029850516468 0.996746242046
1403715947.634057998657 1.048031568527 -0.571802914143 -0.575946271420 0.040307566524 -0.016169752926 0.034190434963 0.998471260071
1403715947.684058189392 1.042888283730 -0.544310450554 -0.604494810104 0.009858200327 -0.019509188831 0.039333648980 0.998987019062
1403715947.734058141708 1.048992753029 -0.518881499767 -0.633286297321 -0.018668675795 -0.023840425536 0.042128745466 0.998653233051
1403715947.784058094025 1.043532252312 -0.483245670795 -0.660755574703 -0.039504103363 -0.023954914883 0.040276993066 0.998119950294
1403715947.834058046341 1.037680745125 -0.462411761284 -0.684601128101 -0.059907209128 -0.023004854098 0.035657048225 0.997301638126
1403715947.884058237076 1.034468889236 -0.431370764971 -0.705249369144 -0.077310182154 -0.022196324542 0.029457610101 0.996324598789
1403715947.934058189392 1.036231160164 -0.406740456820 -0.723819494247 -0.094920478761 -0.023506743833 0.025551125407 0.994879245758
1403715947.984058141708 1.032513380051 -0.375018835068 -0.738490104675 -0.110479332507 -0.024038245901 0.019150814041 0.993403136730
1403715948.034058094025 1.025232791901 -0.353811472654 -0.749292194843 -0.127097293735 -0.024090316147 0.015146700665 0.991482019424
1403715948.084058284760 1.023351073265 -0.330165714025 -0.755794048309 -0.141605317593 -0.025943337008 0.012196175754 0.989508032799
1403715948.134057998657 1.021014094353 -0.312688589096 -0.757054686546 -0.152599722147 -0.026970028877 0.008804336190 0.987880825996
1403715948.184058189392 1.017002224922 -0.295443266630 -0.752774477005 -0.160023584962 -0.027678590268 0.005679997616 0.986708700657
1403715948.234058141708 1.015573740005 -0.286594301462 -0.742518961430 -0.160397142172 -0.029155179858 0.005144488066 0.986608445644
1403715948.284058094025 1.011724591255 -0.281391561031 -0.725906550884 -0.152250617743 -0.029409708455 0.005345563404 0.987889826298
1403715948.334058046341 1.009753823280 -0.280745863914 -0.706280946732 -0.134754806757 -0.030746877193 0.006595058832 0.990379869938
1403715948.384058237076 1.006657719612 -0.277347117662 -0.679711699486 -0.108504317701 -0.031559672207 0.008042718284 0.993562340736
1403715948.434058189392 1.003256320953 -0.286756753922 -0.651468157768 -0.081568971276 -0.031368505210 0.010626859032 0.996117293835
1403715948.484058141708 0.999299526215 -0.285471469164 -0.619481861591 -0.050604131073 -0.029792007059 0.010251168162 0.998221695423
1403715948.534058094025 0.998782575130 -0.289781540632 -0.587936401367 -0.022387711331 -0.027919232845 0.010271984152 0.999306678772
1403715948.584058284760 0.993013322353 -0.294349431992 -0.553742587566 0.006336420774 -0.024241575971 0.009218171239 0.999643564224
1403715948.634057998657 0.989810109138 -0.296693891287 -0.519298851490 0.029809689149 -0.021317109466 0.008854613639 0.999289035797
1403715948.684058189392 0.985279023647 -0.305076360703 -0.484944790602 0.050602655858 -0.017852723598 0.008145246655 0.998526096344
1403715948.734058141708 0.984908819199 -0.307058870792 -0.451909393072 0.072379477322 -0.014933740720 0.008455680683 0.997229516506
1403715948.784058094025 0.979989349842 -0.311890900135 -0.423005282879 0.088254764676 -0.011232277378 0.008269424550 0.996000289917
1403715948.834058046341 0.976909220219 -0.307095259428 -0.393133968115 0.102735251188 -0.009445457719 0.008704790846 0.994625806808
1403715948.884058237076 0.976002633572 -0.307804256678 -0.367164760828 0.114209540188 -0.009273349307 0.009382226504 0.993369102478
1403715948.934058189392 0.965707242489 -0.310468465090 -0.344232648611 0.123783372343 -0.009544174187 0.011323245242 0.992198765278
1403715948.984058141708 0.970566630363 -0.310317486525 -0.326176017523 0.133882313967 -0.014607911929 0.012022673152 0.990816652775
1403715949.034058094025 0.965580344200 -0.305413037539 -0.312852293253 0.144252657890 -0.018729833886 0.011629996821 0.989295244217
1403715949.084058284760 0.961000502110 -0.302325606346 -0.301410704851 0.149821445346 -0.024491891265 0.011125787161 0.988347053528
1403715949.134057998657 0.961515903473 -0.297554969788 -0.296046704054 0.149780780077 -0.032870959491 0.010908456519 0.988112449646
1403715949.184058189392 0.954613089561 -0.278872936964 -0.285391747952 0.143763199449 -0.041073609143 0.008653611876 0.988721489906
1403715949.234058141708 0.948003947735 -0.266786217690 -0.286919564009 0.123927950859 -0.048923779279 0.005100035574 0.991071283817
1403715949.284058094025 0.939874589443 -0.251411378384 -0.292360544205 0.101160287857 -0.057460024953 0.001586503000 0.993208169937
1403715949.334058046341 0.947377145290 -0.246221408248 -0.299833148718 0.071111902595 -0.069315716624 -0.005758668762 0.995040357113
1403715949.384058237076 0.948899507523 -0.248715713620 -0.307435840368 0.036561768502 -0.078950755298 -0.010344166309 0.996154129505
1403715949.434058189392 0.946921885014 -0.232383146882 -0.326744884253 0.006207983941 -0.086310282350 -0.015816735104 0.996123433113
1403715949.484058141708 0.947561085224 -0.232530638576 -0.332090944052 -0.022582912818 -0.094527132809 -0.021970847622 0.995023608208
1403715949.534058094025 0.947382330894 -0.217536062002 -0.342143118382 -0.042939525098 -0.102501191199 -0.028040396050 0.993409991264
1403715949.584058284760 0.947152316570 -0.218780308962 -0.348363816738 -0.061765599996 -0.110475093126 -0.034345149994 0.991363048553
1403715949.634057998657 0.947024285793 -0.219245582819 -0.351117461920 -0.077667243779 -0.120475955307 -0.039112564176 0.988900184631
1403715949.684058189392 0.948177576065 -0.198445811868 -0.354360371828 -0.085955709219 -0.130352497101 -0.045982740819 0.986663818359
1403715949.734058141708 0.940651774406 -0.196119815111 -0.354151576757 -0.097887724638 -0.139015197754 -0.052617102861 0.984034717083
1403715949.784058094025 0.937078952789 -0.195835441351 -0.349845647812 -0.107454739511 -0.147959992290 -0.060734301805 0.981260776520
1403715949.834058046341 0.932744443417 -0.198601961136 -0.339860528708 -0.111572034657 -0.156814202666 -0.069276213646 0.978857398033
1403715949.884058237076 0.925797581673 -0.200686469674 -0.328201740980 -0.111877404153 -0.165413513780 -0.080110497773 0.976577758789
1403715949.934058189392 0.919794976711 -0.203016787767 -0.311365127563 -0.107044674456 -0.174479812384 -0.091130137444 0.974573493004
1403715949.984058141708 0.904583692551 -0.213653936982 -0.291406989098 -0.100265502930 -0.180162370205 -0.104792237282 0.972885906696
1403715950.034058094025 0.892661809921 -0.225199580193 -0.271699279547 -0.091214194894 -0.187997415662 -0.117308005691 0.970863461494
1403715950.084058284760 0.875889778137 -0.238584294915 -0.245339944959 -0.075180791318 -0.196350499988 -0.127313375473 0.969322264194
1403715950.134057998657 0.852794110775 -0.241226285696 -0.221002876759 -0.045871920884 -0.203967064619 -0.134027838707 0.968674242496
1403715950.184058189392 0.835475206375 -0.264225959778 -0.191253706813 -0.020982597023 -0.214519500732 -0.132856041193 0.967414259911
1403715950.234058141708 0.815155088902 -0.279922574759 -0.161920964718 0.012082041241 -0.224150419235 -0.125326335430 0.966387093067
1403715950.284058094025 0.790691256523 -0.288482934237 -0.136425808072 0.042332880199 -0.232910349965 -0.112471848726 0.965044498444
1403715950.334058046341 0.765451133251 -0.298784315586 -0.108367651701 0.069587245584 -0.240107193589 -0.100992210209 0.962967693806
1403715950.384058237076 0.742308259010 -0.320461809635 -0.080904774368 0.090809337795 -0.246882051229 -0.089435696602 0.960626959801
1403715950.434058189392 0.709455788136 -0.341662347317 -0.060409937054 0.109839998186 -0.248411625624 -0.080808438361 0.959008276463
1403715950.484058141708 0.689184904099 -0.350591003895 -0.038552559912 0.131605476141 -0.251487374306 -0.073051892221 0.956084489822
1403715950.534058094025 0.665601909161 -0.369809538126 -0.022362977266 0.147806391120 -0.251878082752 -0.066512212157 0.954089522362
1403715950.584058284760 0.642918646336 -0.383763253689 -0.013586519286 0.159048557281 -0.250599563122 -0.062622830272 0.952880799770
1403715950.634057998657 0.635919451714 -0.397626936436 0.011004104279 0.166740834713 -0.255235433578 -0.057555064559 0.950652301311
1403715950.684058189392 0.623855173588 -0.397669076920 0.020908482373 0.178002610803 -0.256126344204 -0.054204676300 0.948565363884
1403715950.734058141708 0.602646529675 -0.394391387701 0.025286240503 0.190140247345 -0.254628598690 -0.050215691328 0.946831226349
1403715950.784058094025 0.596760213375 -0.411243975163 0.025353375822 0.195735096931 -0.256331175566 -0.047950599343 0.945348024368
1403715950.834058046341 0.593149900436 -0.422502726316 0.020605638623 0.201278835535 -0.258976817131 -0.045868199319 0.943564474583
1403715950.884058237076 0.591111779213 -0.419247567654 0.010198639706 0.206706792116 -0.259846448898 -0.045248378068 0.942180871964
1403715950.934058189392 0.591538071632 -0.433223307133 -0.006549363025 0.197945505381 -0.262560725212 -0.046606693417 0.943242967129
1403715950.984058141708 0.596259832382 -0.428201675415 -0.024438152090 0.181277066469 -0.266355484724 -0.047108929604 0.945502042770
1403715951.034058094025 0.593631982803 -0.424873739481 -0.051313698292 0.152790620923 -0.267220556736 -0.049444764853 0.950159668922
1403715951.084058284760 0.592046499252 -0.392383337021 -0.086850151420 0.128357335925 -0.264908254147 -0.055313549936 0.954090416431
1403715951.134057998657 0.608628451824 -0.370602518320 -0.105385616422 0.102633766830 -0.269427388906 -0.062162891030 0.955516099930
1403715951.184058189392 0.614635109901 -0.367958068848 -0.140084639192 0.069046549499 -0.269933164120 -0.073844663799 0.957557141781
1403715951.234058141708 0.618080615997 -0.367442339659 -0.182433366776 0.033441267908 -0.269794315100 -0.086096554995 0.958478033543
1403715951.284058094025 0.632384657860 -0.367179900408 -0.210891962051 0.001039416995 -0.274101048708 -0.096690155566 0.956827342510
1403715951.334058046341 0.628676414490 -0.363320946693 -0.248555392027 -0.027037156746 -0.275172352791 -0.106919720769 0.955048322678
1403715951.384058237076 0.640148699284 -0.341611832380 -0.282996863127 -0.044808614999 -0.279632031918 -0.115847945213 0.952038526535
1403715951.434058189392 0.643050909042 -0.341884493828 -0.312383085489 -0.066264830530 -0.283901810646 -0.124362781644 0.948442280293
1403715951.484058141708 0.650275051594 -0.334772646427 -0.336017787457 -0.084399051964 -0.289650171995 -0.131819024682 0.944247543812
1403715951.534058094025 0.648481249809 -0.328107118607 -0.363378971815 -0.100025251508 -0.294317603111 -0.138846114278 0.940262675285
1403715951.584058284760 0.649133086205 -0.325693905354 -0.384975343943 -0.112764686346 -0.300183743238 -0.146554023027 0.935786187649
1403715951.634057998657 0.644391238689 -0.325426459312 -0.402883052826 -0.124187529087 -0.306435555220 -0.152682498097 0.931323111057
1403715951.684058189392 0.637581706047 -0.326030910015 -0.416578501463 -0.131636649370 -0.312596678734 -0.159964278340 0.927020251751
1403715951.734058141708 0.629072248936 -0.324368655682 -0.425328016281 -0.136374741793 -0.320026010275 -0.165314823389 0.922852277756
1403715951.784058094025 0.614280462265 -0.333673477173 -0.434289872646 -0.141045078635 -0.326347321272 -0.170586213470 0.918969094753
1403715951.834058046341 0.598800897598 -0.338701367378 -0.433128654957 -0.139397606254 -0.335242271423 -0.173349678516 0.915494859219
1403715951.884058237076 0.572537720203 -0.349011749029 -0.435766786337 -0.128536358476 -0.343427240849 -0.173010200262 0.914113581181
1403715951.934058189392 0.553856015205 -0.365458786488 -0.423378109932 -0.105257749557 -0.357981264591 -0.165447235107 0.912906050682
1403715951.984058141708 0.532384574413 -0.382057547569 -0.416767865419 -0.075180985034 -0.373316526413 -0.156801044941 0.911260724068
1403715952.034058094025 0.516960978508 -0.402941375971 -0.404836654663 -0.043384008110 -0.390231609344 -0.143976837397 0.908354461193
1403715952.084058284760 0.485460728407 -0.428531646729 -0.384660899639 -0.011118210852 -0.406581223011 -0.132847830653 0.903836071491
1403715952.134057998657 0.429302632809 -0.479072958231 -0.386456727982 0.012363513932 -0.415282368660 -0.124492555857 0.901049017906
1403715952.184058189392 0.397282510996 -0.503089368343 -0.366571962833 0.037146694958 -0.428852796555 -0.117674246430 0.894906818867
1403715952.234058141708 0.380668580532 -0.535828828812 -0.346691429615 0.055530209094 -0.442863285542 -0.109658665955 0.888123571873
1403715952.284058094025 0.344887614250 -0.529560685158 -0.348594546318 0.076907813549 -0.448993325233 -0.102754279971 0.884269058704
1403715952.334058046341 0.306700229645 -0.533990263939 -0.346051722765 0.092223927379 -0.453862220049 -0.096428804100 0.881025135517
1403715952.384058237076 0.289399176836 -0.538117229939 -0.327058702707 0.107492208481 -0.462162017822 -0.090137086809 0.875629544258
1403715952.434058189392 0.276904612780 -0.576341509819 -0.316104829311 0.114903219044 -0.469985365868 -0.090235494077 0.870499074459
1403715952.484058141708 0.264201194048 -0.584067165852 -0.307612061501 0.123796641827 -0.476311683655 -0.087215282023 0.866138041019
1403715952.534058094025 0.252364128828 -0.609454214573 -0.294801265001 0.129650563002 -0.483417034149 -0.088501356542 0.861200451851
1403715952.584058284760 0.258948206902 -0.622044682503 -0.265238165855 0.136461243033 -0.495644837618 -0.086005941033 0.853415250778
1403715952.634057998657 0.261687397957 -0.637746989727 -0.246888816357 0.143658921123 -0.505632758141 -0.081676438451 0.846774220467
1403715952.684058189392 0.261807769537 -0.647711336613 -0.253848135471 0.154885247350 -0.509736657143 -0.076514758170 0.842807590961
1403715952.734058141708 0.262851864100 -0.641804337502 -0.253071635962 0.172286570072 -0.513124883175 -0.068166553974 0.838077306747
1403715952.784058094025 0.274596869946 -0.666735529900 -0.256864607334 0.181307852268 -0.517593324184 -0.064150340855 0.833732187748
1403715952.834058046341 0.289854645729 -0.657257735729 -0.264264494181 0.194506585598 -0.519007086754 -0.057994510978 0.830322504044
1403715952.884058237076 0.302812546492 -0.656301379204 -0.281568765640 0.189903870225 -0.517203032970 -0.061060089618 0.832291543484
1403715952.934058189392 0.329511284828 -0.663395702839 -0.295674443245 0.167918100953 -0.516832232475 -0.075947470963 0.836014330387
1403715952.984058141708 0.367806524038 -0.665128886700 -0.297458350658 0.139193266630 -0.517659008503 -0.095910139382 0.838722646236
1403715953.034058094025 0.406153023243 -0.663207054138 -0.304699033499 0.108037225902 -0.517469704151 -0.116078585386 0.840879797935
1403715953.084058284760 0.451066941023 -0.658094704151 -0.317410290241 0.072285875678 -0.515537261963 -0.138762682676 0.842461347580
1403715953.134057998657 0.491374969482 -0.642403900623 -0.327300667763 0.040692869574 -0.511382877827 -0.159955799580 0.843353867531
1403715953.184058189392 0.535272002220 -0.630481958389 -0.338560014963 0.008129546419 -0.507310211658 -0.178881749511 0.842954099178
1403715953.234058141708 0.565304219723 -0.634782195091 -0.363348960876 -0.021474830806 -0.499271631241 -0.197585448623 0.843342542648
1403715953.284058094025 0.601204693317 -0.614995539188 -0.370317012072 -0.040447201580 -0.495186120272 -0.210252702236 0.841990828514
1403715953.334058046341 0.649058997631 -0.596393287182 -0.363195568323 -0.055917870253 -0.495207130909 -0.219440624118 0.838742434978
1403715953.384058237076 0.677717268467 -0.593269705772 -0.372206240892 -0.073815256357 -0.492475599051 -0.231125488877 0.835822999477
1403715953.434058189392 0.710713386536 -0.575682282448 -0.375338494778 -0.087811507285 -0.492386907339 -0.240227013826 0.831946730614
1403715953.484058141708 0.737478256226 -0.567944705486 -0.378421574831 -0.101638846099 -0.493629723787 -0.249417126179 0.826916158199
1403715953.534058094025 0.764069855213 -0.552646517754 -0.370665013790 -0.110317654908 -0.497696965933 -0.258091419935 0.820680618286
1403715953.584058284760 0.779628634453 -0.542125582695 -0.373649418354 -0.118733942509 -0.500679850578 -0.267981886864 0.814498424530
1403715953.634057998657 0.791439056396 -0.531013548374 -0.368077158928 -0.124410189688 -0.505829989910 -0.277311831713 0.807314276695
1403715953.684058189392 0.798304378986 -0.530135095119 -0.362728774548 -0.130310311913 -0.511682927608 -0.286024719477 0.799618422985
1403715953.734058141708 0.801397502422 -0.524667501450 -0.356972992420 -0.133006393909 -0.517114579678 -0.293930232525 0.792784214020
1403715953.784058094025 0.789856910706 -0.525765240192 -0.352266490459 -0.133848264813 -0.520103931427 -0.302594691515 0.787409067154
1403715953.834058046341 0.779640197754 -0.526666998863 -0.339310586452 -0.127043023705 -0.525862991810 -0.309256970882 0.782105088234
1403715953.884058237076 0.758403420448 -0.534259796143 -0.335863709450 -0.113360822201 -0.529090821743 -0.316975504160 0.778934359550
1403715953.934058189392 0.734705984592 -0.537922561169 -0.318728148937 -0.090167954564 -0.535408973694 -0.323926627636 0.774776399136
1403715953.984058141708 0.714753627777 -0.538416624069 -0.285855054855 -0.053584858775 -0.546037137508 -0.326320052147 0.769731998444
1403715954.034058094025 0.680023431778 -0.543108403683 -0.274677723646 -0.016230894253 -0.551070392132 -0.328096807003 0.767079174519
1403715954.084058284760 0.645260930061 -0.544389307499 -0.249276787043 0.017961906269 -0.560721099377 -0.320211291313 0.763370156288
1403715954.134057998657 0.605008244514 -0.541372001171 -0.236608237028 0.049751114100 -0.568852961063 -0.304895460606 0.762213826180
1403715954.184058189392 0.562766194344 -0.544403374195 -0.230217814445 0.076659791172 -0.576515614986 -0.287952154875 0.760813117027
1403715954.234058141708 0.522101342678 -0.552770137787 -0.221510976553 0.098000369966 -0.584723651409 -0.268076151609 0.759361088276
1403715954.284058094025 0.467875987291 -0.560027897358 -0.233217775822 0.114955186844 -0.589189112186 -0.250555843115 0.759515166283
1403715954.334058046341 0.424192696810 -0.569936633110 -0.243094563484 0.124383620918 -0.595369040966 -0.230762019753 0.759482264519
1403715954.384058237076 0.380474358797 -0.571714580059 -0.240370407701 0.128602176905 -0.605272293091 -0.205442696810 0.758221685886
1403715954.434058189392 0.338177233934 -0.562887549400 -0.253117799759 0.135318920016 -0.611912131310 -0.180189639330 0.758145153522
1403715954.484058141708 0.305314242840 -0.553311169147 -0.265449047089 0.143271759152 -0.617154479027 -0.155418470502 0.757917284966
1403715954.534058094025 0.284219622612 -0.568778038025 -0.256931930780 0.151662513614 -0.625798761845 -0.139614954591 0.752251327038
1403715954.584058284760 0.265153229237 -0.571564376354 -0.260741829872 0.161715656519 -0.630598902702 -0.123992770910 0.748878419399
1403715954.634057998657 0.249422207475 -0.571137070656 -0.264773815870 0.170010164380 -0.634964168072 -0.111567817628 0.745298385620
1403715954.684058189392 0.237824693322 -0.573339343071 -0.265871286392 0.175947844982 -0.639932394028 -0.102989263833 0.740892887115
1403715954.734058141708 0.239808410406 -0.565574586391 -0.252422124147 0.179498910904 -0.645754277706 -0.099371403456 0.735463738441
1403715954.784058094025 0.242438450456 -0.565886735916 -0.250131160021 0.175322815776 -0.648986220360 -0.103918731213 0.732993662357
1403715954.834058046341 0.250538975000 -0.561839222908 -0.254974812269 0.164863422513 -0.649623870850 -0.113160483539 0.733487308025
1403715954.884058237076 0.270806431770 -0.559095263481 -0.253373414278 0.152610033751 -0.650653719902 -0.124899923801 0.733321249485
1403715954.934058189392 0.290563225746 -0.567155241966 -0.256027638912 0.132614716887 -0.650488376617 -0.144594743848 0.733737409115
1403715954.984058141708 0.317664891481 -0.561225354671 -0.266442865133 0.112399458885 -0.646190047264 -0.164556577802 0.736699342728
1403715955.034058094025 0.352112770081 -0.543885529041 -0.275142073631 0.094596162438 -0.642356395721 -0.181027784944 0.738687217236
1403715955.084058284760 0.383990466595 -0.533957481384 -0.281744927168 0.073568299413 -0.638626098633 -0.196624711156 0.740326344967
1403715955.134057998657 0.425439864397 -0.526305258274 -0.302629292011 0.050645079464 -0.632795870304 -0.212033897638 0.742998063564
1403715955.184058189392 0.453007638454 -0.505558490753 -0.342490702868 0.026107991114 -0.622764468193 -0.224620908499 0.749018192291
1403715955.234058141708 0.485896915197 -0.472971320152 -0.370677232742 0.003061731812 -0.614574611187 -0.234110265970 0.753313362598
1403715955.284058094025 0.477604538202 -0.419484615326 -0.442199617624 -0.016456628218 -0.598662555218 -0.239081189036 0.764311790466
1403715955.334058046341 0.491566598415 -0.401436507702 -0.476593792439 -0.033430948853 -0.589100420475 -0.249677166343 0.767791986465
1403715955.384058237076 0.517554402351 -0.393880754709 -0.493432879448 -0.049106102437 -0.583610177040 -0.259025603533 0.768045246601
1403715955.434058189392 0.544682383537 -0.380259811878 -0.508109211922 -0.061591878533 -0.579618990421 -0.265974223614 0.767792940140
1403715955.484058141708 0.565654754639 -0.374443054199 -0.519471347332 -0.076483808458 -0.577050745487 -0.272828787565 0.765981137753
1403715955.534058094025 0.583494663239 -0.367568731308 -0.532563030720 -0.092770986259 -0.575569748878 -0.277557849884 0.763593256474
1403715955.584058284760 0.593475639820 -0.366230368614 -0.546123981476 -0.109546311200 -0.574760854244 -0.282159388065 0.760286569595
1403715955.634057998657 0.598653793335 -0.363458573818 -0.557879984379 -0.121095679700 -0.575178921223 -0.287776261568 0.756101727486
1403715955.684058189392 0.592837095261 -0.362042665482 -0.573406338692 -0.128784105182 -0.575997531414 -0.293248027563 0.752095103264
1403715955.734058141708 0.592750966549 -0.359619408846 -0.582399070263 -0.122545458376 -0.581535935402 -0.298553556204 0.746769249439
1403715955.784058094025 0.588695585728 -0.359622418880 -0.580534458160 -0.104631900787 -0.594207406044 -0.295718878508 0.740621387959
1403715955.834058046341 0.572557866573 -0.367438495159 -0.579502165318 -0.078875482082 -0.611200094223 -0.283690035343 0.734665274620
1403715955.884058237076 0.553616285324 -0.369507074356 -0.584936559200 -0.048768695444 -0.627856016159 -0.269580394030 0.728522360325
1403715955.934058189392 0.522339642048 -0.392988145351 -0.592639207840 -0.024907367304 -0.644181311131 -0.257679969072 0.719729900360
1403715955.984058141708 0.497163593769 -0.404902696609 -0.596021413803 0.001970379381 -0.661473810673 -0.242001831532 0.709847629070
1403715956.034058094025 0.467078149319 -0.416651904583 -0.608476281166 0.032090328634 -0.675660073757 -0.231554433703 0.699168324471
1403715956.084058284760 0.447227478027 -0.415554970503 -0.604971170425 0.059525981545 -0.691343426704 -0.219153180718 0.685910165310
1403715956.134057998657 0.424369335175 -0.422548830509 -0.605274796486 0.080496639013 -0.704581737518 -0.213354468346 0.671985685825
1403715956.184058189392 0.398763000965 -0.436448842287 -0.623489737511 0.098425768316 -0.714550375938 -0.211943671107 0.659401237965
1403715956.234058141708 0.376190960407 -0.444862484932 -0.632475733757 0.111145310104 -0.725695669651 -0.210949167609 0.645378172398
1403715956.284058094025 0.362656265497 -0.444312751293 -0.634036183357 0.120629593730 -0.737470626831 -0.209802478552 0.630530357361
1403715956.334058046341 0.348722875118 -0.458550870419 -0.643001496792 0.125669509172 -0.749652028084 -0.208406209946 0.615463972092
1403715956.384058237076 0.343842953444 -0.454039186239 -0.645166039467 0.135505542159 -0.763196051121 -0.199078440666 0.599614739418
1403715956.434058189392 0.335674941540 -0.465347468853 -0.655823349953 0.142803892493 -0.776820659637 -0.189794704318 0.583210647106
1403715956.484058141708 0.333126693964 -0.468819856644 -0.659835159779 0.153113767505 -0.790878951550 -0.175528660417 0.565912067890
1403715956.534058094025 0.340862542391 -0.468907475471 -0.661770939827 0.160615473986 -0.803324222565 -0.162713080645 0.549906671047
1403715956.584058284760 0.342622876167 -0.488791048527 -0.679194808006 0.163204953074 -0.812440931797 -0.158412635326 0.536851286888
1403715956.634057998657 0.346409976482 -0.492049485445 -0.699679672718 0.164223656058 -0.817862749100 -0.155333012342 0.529152870178
1403715956.684058189392 0.368791162968 -0.493503630161 -0.702724874020 0.160722270608 -0.822588145733 -0.157510489225 0.522214174271
1403715956.734058141708 0.392656981945 -0.498083651066 -0.702855408192 0.150456756353 -0.826248884201 -0.164959132671 0.517169356346
1403715956.784058094025 0.419367730618 -0.507396221161 -0.700344622135 0.137024447322 -0.828266322613 -0.177325591445 0.513570547104
1403715956.834058046341 0.456556320190 -0.515711665154 -0.699923813343 0.121607780457 -0.828135371208 -0.190688520670 0.512875437737
1403715956.884058237076 0.493412017822 -0.522770762444 -0.698122560978 0.104560971260 -0.826384603977 -0.207340881228 0.512996315956
1403715956.934058189392 0.533989906311 -0.535318672657 -0.697285890579 0.087222173810 -0.822190523148 -0.227128431201 0.514594733715
1403715956.984058141708 0.573479175568 -0.541888356209 -0.690926074982 0.069842010736 -0.816637992859 -0.249139875174 0.515900969505
1403715957.034058094025 0.611849546432 -0.556642889977 -0.685670316219 0.052320994437 -0.809551239014 -0.272368580103 0.517401874065
1403715957.084058284760 0.655404686928 -0.560546875000 -0.672902345657 0.038292549551 -0.802712976933 -0.291797935963 0.518690168858
1403715957.134057998657 0.705357670784 -0.559595942497 -0.672222316265 0.024652730674 -0.794486403465 -0.309837192297 0.521713078022
1403715957.184058189392 0.746457755566 -0.557577192783 -0.663631916046 0.009783656336 -0.787242114544 -0.326816380024 0.522824227810
1403715957.234058141708 0.783690273762 -0.567779660225 -0.658003866673 -0.007139689755 -0.778901755810 -0.345180481672 0.523556590080
1403715957.284058094025 0.835727751255 -0.546367049217 -0.649090886116 -0.020880172029 -0.771067678928 -0.358702242374 0.525691449642
1403715957.334058046341 0.871793746948 -0.546869993210 -0.647981524467 -0.039370395243 -0.761304438114 -0.376485377550 0.526425957680
1403715957.384058237076 0.897558927536 -0.543852388859 -0.638791978359 -0.053414687514 -0.752322554588 -0.393501162529 0.525656282902
1403715957.434058189392 0.932433307171 -0.522542238235 -0.630516827106 -0.063837312162 -0.744273841381 -0.406017124653 0.526432752609
1403715957.484058141708 0.955014526844 -0.505025446415 -0.619700491428 -0.073269546032 -0.736982941628 -0.418580323458 0.525621771812
1403715957.534058094025 0.991675972939 -0.489165306091 -0.622205615044 -0.079773560166 -0.729487776756 -0.428086459637 0.527471065521
1403715957.584058284760 0.992609262466 -0.484343111515 -0.612502813339 -0.086384750903 -0.724073052406 -0.439822107553 0.524225652218
1403715957.634057998657 1.014128088951 -0.454766422510 -0.623229026794 -0.090082071722 -0.718652188778 -0.445562988520 0.526210904121
1403715957.684058189392 0.991869986057 -0.460883587599 -0.625032603741 -0.091342888772 -0.716083228588 -0.454113334417 0.522170841694
1403715957.734058141708 1.004307031631 -0.432225972414 -0.633563816547 -0.083194002509 -0.718535065651 -0.449230760336 0.524383306503
1403715957.784058094025 0.978855669498 -0.429023265839 -0.649975240231 -0.075371541083 -0.725238442421 -0.440647840500 0.523619949818
1403715957.834058046341 0.945367217064 -0.421698808670 -0.659371912479 -0.057785622776 -0.738739013672 -0.421926498413 0.522401690483
1403715957.884058237076 0.914704084396 -0.409566760063 -0.674928486347 -0.039254769683 -0.755107760429 -0.395728677511 0.521219730377
1403715957.934058189392 0.889216542244 -0.392523825169 -0.695948123932 -0.018467105925 -0.771378517151 -0.368370383978 0.518591761589
1403715957.984058141708 0.862096667290 -0.376903116703 -0.724276125431 0.002297525993 -0.786108434200 -0.342104464769 0.514774620533
1403715958.034058094025 0.823225796223 -0.362289160490 -0.740334510803 0.020973403007 -0.802069902420 -0.314757764339 0.507120847702
1403715958.084058284760 0.814930856228 -0.331448793411 -0.773793578148 0.044497884810 -0.814646542072 -0.286720663309 0.502157568932
1403715958.134057998657 0.776199162006 -0.323797523975 -0.796922266483 0.059034824371 -0.827364683151 -0.265199303627 0.491580992937
1403715958.184058189392 0.743125379086 -0.317183852196 -0.815120935440 0.070911623538 -0.839600086212 -0.243424162269 0.480403929949
1403715958.234058141708 0.724329054356 -0.295732498169 -0.840559720993 0.084494881332 -0.848960757256 -0.224253162742 0.470995515585
1403715958.284058094025 0.702521085739 -0.281037688255 -0.862761855125 0.094908192754 -0.857080876827 -0.210626021028 0.460479646921
1403715958.334058046341 0.685662388802 -0.263877987862 -0.881797909737 0.103339113295 -0.864779114723 -0.197781175375 0.449845254421
1403715958.384058237076 0.677919864655 -0.247785449028 -0.902894020081 0.111875191331 -0.871152162552 -0.186282187700 0.440314441919
1403715958.434058189392 0.666388154030 -0.236336871982 -0.919206202030 0.117015160620 -0.879063725471 -0.171657159925 0.429055094719
1403715958.484058141708 0.654067516327 -0.219086945057 -0.922129452229 0.123771257699 -0.887362420559 -0.157008424401 0.415472030640
1403715958.534058094025 0.655156612396 -0.207709491253 -0.930821716785 0.125167027116 -0.893885254860 -0.147576138377 0.404380708933
1403715958.584058284760 0.655902028084 -0.198706686497 -0.932182788849 0.121316716075 -0.899698317051 -0.145725071430 0.393178731203
1403715958.634057998657 0.671444773674 -0.189191877842 -0.937747716904 0.114975698292 -0.903825640678 -0.148494899273 0.384485423565
1403715958.684058189392 0.678054213524 -0.188391447067 -0.928521037102 0.102900333703 -0.909149289131 -0.155612334609 0.372349113226
1403715958.734058141708 0.676378369331 -0.196222946048 -0.909665822983 0.087272860110 -0.914013683796 -0.168823808432 0.358414560556
1403715958.784058094025 0.688067913055 -0.204974979162 -0.902032434940 0.069923952222 -0.916199207306 -0.188126921654 0.346839934587
1403715958.834058046341 0.710266351700 -0.205504104495 -0.888732552528 0.046500608325 -0.917423665524 -0.207507610321 0.336321502924
1403715958.884058237076 0.735324621201 -0.211400017142 -0.873817682266 0.023973546922 -0.916637420654 -0.230700060725 0.325543701649
1403715958.934058189392 0.762503504753 -0.208564281464 -0.852684259415 0.003236317309 -0.915193140507 -0.251258850098 0.315087378025
1403715958.984058141708 0.780019402504 -0.211094245315 -0.829540967941 -0.016240362078 -0.913066387177 -0.272293597460 0.303154021502
1403715959.034058094025 0.807253956795 -0.223942399025 -0.800600409508 -0.030743688345 -0.907806932926 -0.299920082092 0.291529536247
1403715959.084058284760 0.834377408028 -0.220370754600 -0.778285682201 -0.037014469504 -0.902702450752 -0.323404043913 0.281368076801
1403715959.134057998657 0.857994437218 -0.207624077797 -0.734665870667 -0.036595523357 -0.899796843529 -0.341305583715 0.269326716661
1403715959.184058189392 0.876935362816 -0.211798921227 -0.701658129692 -0.029785806313 -0.895341873169 -0.362568438053 0.256943315268
1403715959.234058141708 0.899778008461 -0.209249898791 -0.678508877754 -0.022236062214 -0.890853881836 -0.381042122841 0.246357098222
1403715959.284058094025 0.923280954361 -0.207598462701 -0.656749486923 -0.015305508859 -0.885040402412 -0.400586336851 0.236642986536
1403715959.334058046341 0.951971650124 -0.206281334162 -0.631202638149 -0.011274670251 -0.877272903919 -0.422941803932 0.226683452725
1403715959.384058237076 0.964903235435 -0.210294827819 -0.613668441772 -0.011970423162 -0.867660224438 -0.446969985962 0.217348337173
1403715959.434058189392 0.971214175224 -0.205142661929 -0.589171111584 -0.013200099580 -0.860307395458 -0.464897125959 0.208728626370
1403715959.484058141708 0.985379099846 -0.201222419739 -0.564163386822 -0.012454088777 -0.853291690350 -0.480480939150 0.202178776264
1403715959.534058094025 0.996481537819 -0.205062255263 -0.568213164806 -0.013460502960 -0.844534099102 -0.497415781021 0.197885200381
1403715959.584058284760 1.009334445000 -0.201173573732 -0.561633884907 -0.008349590003 -0.840347528458 -0.506925344467 0.191762894392
1403715959.634057998657 1.011214852333 -0.198493540287 -0.563995420933 -0.006328224204 -0.839849293232 -0.510240435600 0.185115635395
1403715959.684058189392 1.019327402115 -0.182910159230 -0.571843504906 -0.000298950035 -0.844974458218 -0.503826498985 0.179379463196
1403715959.734058141708 1.016035318375 -0.181372165680 -0.593294560909 0.004268981982 -0.855335950851 -0.488719344139 0.171859174967
1403715959.784058094025 1.014789938927 -0.179402887821 -0.614413142204 0.008637991734 -0.871562004089 -0.461780577898 0.164510786533
1403715959.834058046341 1.009621500969 -0.177564278245 -0.643980622292 0.013118174858 -0.888087987900 -0.431831985712 0.156999588013
1403715959.884058237076 1.008400917053 -0.170848742127 -0.680071949959 0.018394127488 -0.904421627522 -0.398599237204 0.151002824306
1403715959.934058189392 0.996642947197 -0.167628258467 -0.709886610508 0.022821206599 -0.920754134655 -0.362008512020 0.143669411540
1403715959.984058141708 0.990396261215 -0.164965361357 -0.741845190525 0.028475962579 -0.934535741806 -0.327096700668 0.137258514762
1403715960.034058094025 0.987537264824 -0.150456547737 -0.773901522160 0.034029491246 -0.946032881737 -0.293612629175 0.132873773575
1403715960.084058284760 0.974689126015 -0.146966904402 -0.799027442932 0.036616392434 -0.955341398716 -0.264292657375 0.127009704709
1403715960.134057998657 0.978817820549 -0.150952368975 -0.848298311234 0.042371764779 -0.959925234318 -0.246699005365 0.126047074795
1403715960.184058189392 0.974234700203 -0.150436878204 -0.868006527424 0.046219982207 -0.965063691139 -0.226896584034 0.122612632811
1403715960.234058141708 0.967798829079 -0.148022115231 -0.885244250298 0.050383925438 -0.969074308872 -0.209836721420 0.119687162340
1403715960.284058094025 0.967214822769 -0.152960360050 -0.898830890656 0.053738210350 -0.971675276756 -0.197452291846 0.118203192949
1403715960.334058046341 0.974273681641 -0.147311419249 -0.912220716476 0.058126728982 -0.974064052105 -0.183598875999 0.118793986738
1403715960.384058237076 0.972398519516 -0.148494482040 -0.915157377720 0.060752518475 -0.976479649544 -0.170647427440 0.116944804788
1403715960.434058189392 0.977859139442 -0.153989464045 -0.913673996925 0.062127642334 -0.978169083595 -0.160410344601 0.116593070328
1403715960.484058141708 0.989000558853 -0.159642249346 -0.912568926811 0.063854426146 -0.978193640709 -0.158924609423 0.117485553026
1403715960.534058094025 0.992720842361 -0.167948484421 -0.899115681648 0.063436470926 -0.977009892464 -0.165969297290 0.117820627987
1403715960.584058284760 1.001150965691 -0.180558860302 -0.886733353138 0.062800437212 -0.972951114178 -0.187093853951 0.120075479150
1403715960.634057998657 1.008859515190 -0.186810910702 -0.863337874413 0.058436628431 -0.967313051224 -0.214321419597 0.122298702598
1403715960.684058189392 1.033270120621 -0.209909498692 -0.847199022770 0.056192442775 -0.958870649338 -0.247640818357 0.126820802689
1403715960.734058141708 1.050547599792 -0.227542817593 -0.820178449154 0.054790690541 -0.950422227383 -0.277201116085 0.129827439785
1403715960.784058094025 1.068266391754 -0.235172957182 -0.790340006351 0.052120357752 -0.940649867058 -0.307732701302 0.133274018764
1403715960.834058046341 1.084608554840 -0.247162371874 -0.754369258881 0.047878272831 -0.927570998669 -0.344562947750 0.136367663741
1403715960.884058237076 1.099009633064 -0.261640578508 -0.721235573292 0.045233953744 -0.913811147213 -0.378932207823 0.138972967863
1403715960.934058189392 1.115738153458 -0.275150895119 -0.687173604965 0.040485061705 -0.899842202663 -0.410681098700 0.141372278333
1403715960.984058141708 1.135565161705 -0.293653130531 -0.655413568020 0.038998812437 -0.887580692768 -0.435875296593 0.143848642707
1403715961.034058094025 1.153336405754 -0.305393159389 -0.627598047256 0.036965679377 -0.876244068146 -0.457758873701 0.145899742842
1403715961.084058284760 1.171552538872 -0.310607880354 -0.600425362587 0.033990841359 -0.866393744946 -0.475679695606 0.148105964065
1403715961.134057998657 1.188394188881 -0.334561228752 -0.586946487427 0.030936768278 -0.854425132275 -0.496568828821 0.149733230472
1403715961.184058189392 1.204128861427 -0.348331272602 -0.576378107071 0.025517884642 -0.844265282154 -0.513381421566 0.151672422886
1403715961.234058141708 1.218610644341 -0.350863456726 -0.574061870575 0.017752489075 -0.838374674320 -0.522379815578 0.154699862003
1403715961.284058094025 1.235646605492 -0.361566126347 -0.579694986343 0.008975644596 -0.836219310760 -0.525080084801 0.157948032022
1403715961.334058046341 1.248545646667 -0.367963314056 -0.589510321617 0.000941755774 -0.841294884682 -0.516650140285 0.159043371677
1403715961.384058237076 1.257003068924 -0.374183118343 -0.612177371979 -0.005909765139 -0.850444316864 -0.501649796963 0.158294200897
1403715961.434058189392 1.264264583588 -0.380899101496 -0.640056431293 -0.011501586996 -0.862186551094 -0.481910347939 0.155770570040
1403715961.484058141708 1.266424179077 -0.380574017763 -0.664312899113 -0.012129787356 -0.875925421715 -0.458803147078 0.148684933782
1403715961.534058094025 1.271286487579 -0.385809689760 -0.695889711380 -0.011628814973 -0.889758527279 -0.434111416340 0.140505954623
1403715961.584058284760 1.273937225342 -0.381246268749 -0.732985436916 -0.006413875148 -0.903202772141 -0.408918887377 0.130265086889
1403715961.634057998657 1.277450442314 -0.384690761566 -0.773545861244 -0.001056449139 -0.915717780590 -0.384023696184 0.118261255324
1403715961.684058189392 1.277676224709 -0.396044880152 -0.811619281769 0.005100990180 -0.927200913429 -0.359616190195 0.104635909200
1403715961.734058141708 1.281557321548 -0.397090494633 -0.852534949780 0.014187248424 -0.937652707100 -0.334937781096 0.091776013374
1403715961.784058094025 1.281658649445 -0.393060952425 -0.886969506741 0.024214852601 -0.947665214539 -0.308483392000 0.078627534211
1403715961.834058046341 1.280399203300 -0.391481429338 -0.923318564892 0.030786823481 -0.955624580383 -0.285395562649 0.066206589341
1403715961.884058237076 1.284394145012 -0.399477064610 -0.964228153229 0.038026772439 -0.961036503315 -0.268036961555 0.055847875774
1403715961.934058189392 1.280598402023 -0.391874790192 -0.983702123165 0.043401081115 -0.966558814049 -0.248689591885 0.045098342001
1403715961.984058141708 1.279368996620 -0.388528436422 -1.007843494415 0.045529261231 -0.972411155701 -0.226035013795 0.035381622612
1403715962.034058094025 1.277572751045 -0.376502245665 -1.018036127090 0.045756582171 -0.978776276112 -0.198285475373 0.024212839082
1403715962.084058284760 1.278462529182 -0.371412754059 -1.031359195709 0.042567048222 -0.983881831169 -0.173155695200 0.013477846049
1403715962.134057998657 1.278044223785 -0.372223436832 -1.038941860199 0.040498986840 -0.986934781075 -0.155931442976 0.002218185226
1403715962.184058189392 1.283450722694 -0.361571520567 -1.039026260376 -0.037155266851 0.989117264748 0.142152011395 0.007701577619
1403715962.234058141708 1.288450717926 -0.362966150045 -1.034556150436 -0.033271584660 0.989598631859 0.138722136617 0.018540004268
1403715962.284058094025 1.296816110611 -0.366248667240 -1.025195837021 -0.027893312275 0.988947868347 0.142806872725 0.028466595337
1403715962.334058046341 1.303086161613 -0.374548375607 -1.012236595154 -0.018937418237 0.987213313580 0.153574839234 0.038288928568
1403715962.384058237076 1.299034237862 -0.379310727119 -0.992539644241 -0.009492354468 0.984808027744 0.166422858834 0.048647187650
1403715962.434058189392 1.300954937935 -0.383290559053 -0.960640192032 0.001382023911 0.981500804424 0.182607188821 0.057523064315
1403715962.484058141708 1.303397059441 -0.378977447748 -0.917831182480 0.013942543417 0.977474272251 0.199754253030 0.066692903638
1403715962.534058094025 1.294734001160 -0.390121996403 -0.885251700878 0.027920223773 0.970643937588 0.226162731647 0.076949961483
1403715962.584058284760 1.286701560020 -0.389954566956 -0.837140440941 0.043137751520 0.962123751640 0.254836678505 0.086691327393
1403715962.634057998657 1.289784073830 -0.394581824541 -0.789223909378 0.053300838917 0.953423380852 0.281709551811 0.093716070056
1403715962.684058189392 1.281520485878 -0.406425714493 -0.742043256760 0.062707550824 0.944042444229 0.307244181633 0.102238446474
1403715962.734058141708 1.274636864662 -0.409192025661 -0.689351022243 0.070119321346 0.935629904270 0.328117161989 0.109631441534
1403715962.784058094025 1.263593673706 -0.410296201706 -0.635691225529 0.073049277067 0.926657795906 0.349581390619 0.117311656475
1403715962.834058046341 1.246052861214 -0.412214279175 -0.587150752544 0.070011056960 0.917982697487 0.369587063789 0.125744432211
1403715962.884058237076 1.227967023849 -0.402944058180 -0.531051158905 0.062637321651 0.910865366459 0.385233074427 0.134150356054
1403715962.934058189392 1.214612841606 -0.398640096188 -0.480776786804 0.046933483332 0.902461588383 0.403897285461 0.142222806811
1403715962.984058141708 1.190356492996 -0.393379241228 -0.431859076023 0.023988496512 0.893505275249 0.421755582094 0.152299255133
1403715963.034058094025 1.169716715813 -0.376459538937 -0.382575273514 0.002589461626 0.883732616901 0.439278930426 0.161381602287
1403715963.084058284760 1.143574953079 -0.359514355659 -0.333494067192 -0.015611376613 0.873049676418 0.456126958132 0.171723231673
1403715963.134057998657 1.123954772949 -0.346361786127 -0.289337605238 -0.031834427267 0.860769510269 0.474675387144 0.180957585573
1403715963.184058189392 1.099212169647 -0.324319243431 -0.247360169888 -0.041666127741 0.849382460117 0.490235060453 0.191005185246
1403715963.234058141708 1.081478834152 -0.304482579231 -0.212313860655 -0.052853997797 0.838002979755 0.504434168339 0.201255306602
1403715963.284058094025 1.063161969185 -0.280686795712 -0.180318176746 -0.059645511210 0.827121317387 0.517215847969 0.211661279202
1403715963.334058046341 1.046382784843 -0.255520880222 -0.155639261007 -0.063502423465 0.820019602776 0.523143768311 0.223284497857
1403715963.384058237076 1.033094286919 -0.226428508759 -0.136563360691 -0.062120586634 0.821181714535 0.515887439251 0.235927835107
1403715963.434058189392 1.023372292519 -0.195033371449 -0.121906638145 -0.059942007065 0.832271277905 0.490493506193 0.251291930676
1403715963.484058141708 1.017921924591 -0.166004061699 -0.113772153854 -0.053461123258 0.846177577972 0.458391398191 0.266463458538
1403715963.534058094025 1.015214443207 -0.133384466171 -0.108512818813 -0.045701976866 0.861655652523 0.419603765011 0.281768769026
1403715963.584058284760 1.015597939491 -0.105478763580 -0.110394597054 -0.036465868354 0.872663974762 0.387152463198 0.295365482569
1403715963.634057998657 1.015246391296 -0.077125281096 -0.108247697353 -0.030125921592 0.881383299828 0.356133997440 0.308908551931
1403715963.684058189392 1.016005754471 -0.050278037786 -0.109117388725 -0.025579411536 0.886828899384 0.331776797771 0.320631116629
1403715963.734058141708 1.013658761978 -0.021297037601 -0.106814742088 -0.020472770557 0.890303909779 0.311786413193 0.331253916025
1403715963.784058094025 1.014328837395 0.002199739218 -0.106061339378 -0.016522813588 0.890817642212 0.300804942846 0.340128421783
1403715963.834058046341 1.015380740166 0.023807853460 -0.103912353516 -0.012556946836 0.890598654747 0.293231010437 0.347407609224
1403715963.884058237076 1.013226032257 0.042156159878 -0.102349996567 -0.010139251128 0.888953983784 0.290628463030 0.353826403618
1403715963.934058189392 1.010659456253 0.058217376471 -0.098518252373 -0.009103080258 0.886088907719 0.293314903975 0.358789563179
1403715963.984058141708 1.010087728500 0.066269099712 -0.096529722214 -0.008300910704 0.881873011589 0.301238596439 0.362610548735
1403715964.034058094025 1.007144689560 0.078213423491 -0.092645406723 -0.013608385809 0.877695381641 0.308545321226 0.366422414780
1403715964.084058284760 1.002024054527 0.089103549719 -0.087849974632 -0.023981053382 0.870660007000 0.323407858610 0.369842469692
1403715964.134057998657 1.001857280731 0.092793762684 -0.083499670029 -0.044645197690 0.863497078419 0.337707847357 0.371931612492
1403715964.184058189392 0.996256530285 0.095120906830 -0.079971909523 -0.054806504399 0.856573522091 0.350619196892 0.374625444412
1403715964.234058141708 0.997897326946 0.091700702906 -0.079071283340 -0.060938924551 0.853123486042 0.356958270073 0.375562936068
1403715964.284058094025 1.000914573669 0.086282581091 -0.083456516266 -0.052824102342 0.853167235851 0.356810063124 0.376831322908
1403715964.334058046341 1.007061123848 0.078893035650 -0.087424755096 -0.046136483550 0.854734122753 0.353502452374 0.377275794744
1403715964.384058237076 1.013120293617 0.067959874868 -0.090944409370 -0.037789203227 0.857092738152 0.348393172026 0.377605944872
1403715964.434058189392 1.019105434418 0.057584434748 -0.096393704414 -0.032430026680 0.857843935490 0.346623122692 0.378027170897
1403715964.484058141708 1.025435566902 0.048307776451 -0.101028203964 -0.029964001849 0.858360707760 0.344773292542 0.378748506308
1403715964.534058094025 1.033791422844 0.041017115116 -0.105237245560 -0.031076040119 0.859566926956 0.341043442488 0.379299759865
1403715964.584058284760 1.043688297272 0.033042609692 -0.108572483063 -0.031822688878 0.859534204006 0.341550022364 0.378856003284
1403715964.634057998657 1.052485704422 0.025560796261 -0.113751173019 -0.026629140601 0.859884262085 0.340685456991 0.379240512848
1403715964.684058189392 1.061960816383 0.015640914440 -0.119435906410 -0.018589138985 0.860149025917 0.340508222580 0.379278540611
1403715964.734058141708 1.073990941048 0.002242624760 -0.126038193703 -0.010635151528 0.860733747482 0.339892774820 0.378810286522
1403715964.784058094025 1.084583282471 -0.009297311306 -0.133603692055 0.001661594841 0.861583828926 0.337660640478 0.379019588232
1403715964.834058046341 1.095119833946 -0.024334669113 -0.141085863113 0.013796633109 0.862219631672 0.335009545088 0.379678279161
1403715964.884058237076 1.104964613914 -0.039651870728 -0.150799870491 0.022940434515 0.863813936710 0.329028099775 0.380840957165
1403715964.934058189392 1.112804889679 -0.052344650030 -0.159767389297 0.028164252639 0.865943193436 0.321004331112 0.382498890162
1403715964.984058141708 1.119893550873 -0.065471947193 -0.168729186058 0.032934039831 0.867903530598 0.312823832035 0.384447783232
1403715965.034058094025 1.128955006599 -0.078395932913 -0.176004528999 0.034148748964 0.870839774609 0.302327662706 0.386095762253
1403715965.084058284760 1.133798480034 -0.086563587189 -0.183592200279 0.036471251398 0.873935043812 0.289867937565 0.388438016176
1403715965.134057998657 1.135722994804 -0.092422962189 -0.188340783119 0.039267286658 0.876815974712 0.277976602316 0.390359938145
1403715965.184058189392 1.135270595551 -0.096022337675 -0.192524909973 0.031925950199 0.875496029854 0.279849916697 0.392646729946
1403715965.234058141708 1.135242104530 -0.097957193851 -0.191023230553 0.017033722252 0.870939850807 0.292939424515 0.394157499075
1403715965.284058094025 1.132464885712 -0.102951347828 -0.193675398827 -0.002175797243 0.863328278065 0.313511759043 0.395436376333
1403715965.334058046341 1.128093004227 -0.101997017860 -0.191282391548 -0.021317658946 0.853346824646 0.339314490557 0.395234644413
1403715965.384058237076 1.123577713966 -0.105313181877 -0.191523194313 -0.038079481572 0.841309845448 0.368054926395 0.394059985876
1403715965.434058189392 1.119461417198 -0.108192324638 -0.193458080292 -0.051803007722 0.830384254456 0.392859280109 0.391714185476
1403715965.484058141708 1.116949439049 -0.110006034374 -0.196178555489 -0.063916631043 0.821041226387 0.412811666727 0.389091879129
1403715965.534058094025 1.120343923569 -0.114130616188 -0.202216386795 -0.073470123112 0.814273655415 0.427477687597 0.385776370764
1403715965.584058284760 1.123826026917 -0.116459012032 -0.211090087891 -0.078956015408 0.810301959515 0.435754746199 0.383789777756
1403715965.634057998657 1.131156802177 -0.120212376118 -0.225266098976 -0.079202622175 0.811413347721 0.434389591217 0.382937401533
1403715965.684058189392 1.146284461021 -0.126219332218 -0.241554737091 -0.074786506593 0.819952845573 0.418814629316 0.382986575365
1403715965.734058141708 1.165620207787 -0.130837678909 -0.259666800499 -0.064980678260 0.832919359207 0.393350660801 0.383794367313
1403715965.784058094025 1.179233312607 -0.133782148361 -0.278816223145 -0.050171807408 0.846633017063 0.362701416016 0.386190414429
1403715965.834058046341 1.196566700935 -0.139072716236 -0.300594329834 -0.032747372985 0.859692394733 0.331278204918 0.387442052364
1403715965.884058237076 1.218367695808 -0.144743323326 -0.319853663445 -0.018246896565 0.870746910572 0.302005738020 0.387633115053
1403715965.934058189392 1.237306237221 -0.148137748241 -0.342618942261 -0.004095962737 0.879042446613 0.276002496481 0.388703256845
1403715965.984058141708 1.251257658005 -0.148433148861 -0.358201622963 0.005319919903 0.885839521885 0.252332597971 0.389343500137
1403715966.034058094025 1.268100619316 -0.156557321548 -0.373034596443 0.012363376096 0.889906406403 0.236728429794 0.389709353447
1403715966.084058284760 1.279719948769 -0.160640627146 -0.385055303574 0.021666467190 0.894445478916 0.216717138886 0.390552908182
1403715966.134057998657 1.289638996124 -0.168593615294 -0.394999623299 0.032155904919 0.898493647575 0.196172833443 0.391396701336
1403715966.184058189392 1.296642541885 -0.176621615887 -0.399681568146 0.038230221719 0.900663971901 0.183698698878 0.391915351152
1403715966.234058141708 1.300016403198 -0.187381565571 -0.404905676842 0.038292020559 0.900343000889 0.183174863458 0.392890959978
1403715966.284058094025 1.301341295242 -0.197263091803 -0.402175188065 0.031589910388 0.897892832756 0.195675134659 0.393067151308
1403715966.334058046341 1.296095371246 -0.206907272339 -0.396076679230 0.020778749138 0.892160236835 0.220699310303 0.393586456776
1403715966.384058237076 1.288887262344 -0.221993505955 -0.389519214630 0.007877356373 0.885300338268 0.248335093260 0.393078893423
1403715966.434058189392 1.283110022545 -0.236830651760 -0.379955768585 -0.006795924157 0.877686798573 0.277149051428 0.390906810760
1403715966.484058141708 1.271471738815 -0.251726686954 -0.367502331734 -0.022698068991 0.867374122143 0.310571491718 0.388191074133
1403715966.534058094025 1.259789347649 -0.264288902283 -0.354834318161 -0.038468182087 0.854857861996 0.345979154110 0.384755283594
1403715966.584058284760 1.249877214432 -0.279041409492 -0.344557642937 -0.051980871707 0.843272566795 0.375910371542 0.380632221699
1403715966.634057998657 1.245421171188 -0.292793810368 -0.334465026855 -0.063198618591 0.833170533180 0.401335626841 0.375183254480
1403715966.684058189392 1.236770629883 -0.302596449852 -0.322401285172 -0.070518270135 0.825731456280 0.419073015451 0.370907932520
1403715966.734058141708 1.234228968620 -0.313358485699 -0.312865018845 -0.075969658792 0.820313990116 0.432523339987 0.366383910179
1403715966.784058094025 1.236260414124 -0.324218392372 -0.308414995670 -0.081416867673 0.814792990685 0.445161789656 0.362373799086
1403715966.834058046341 1.240283250809 -0.336544096470 -0.309274256229 -0.085321001709 0.811454653740 0.452525854111 0.359836131334
1403715966.884058237076 1.248413562775 -0.345411121845 -0.313273012638 -0.086014904082 0.813805043697 0.449138283730 0.358605027199
1403715966.934058189392 1.261214256287 -0.355892479420 -0.317780733109 -0.080187201500 0.823264658451 0.432724386454 0.358545601368
1403715966.984058141708 1.276206016541 -0.364399909973 -0.325376510620 -0.070663794875 0.835545897484 0.410025924444 0.358815282583
1403715967.034058094025 1.294163703918 -0.372854828835 -0.336597919464 -0.061919249594 0.848911345005 0.381990104914 0.359998673201
1403715967.084058284760 1.313992261887 -0.383246064186 -0.350089907646 -0.047635484487 0.862485170364 0.351530164480 0.360938727856
1403715967.134057998657 1.337524890900 -0.389292478561 -0.362753987312 -0.035399798304 0.874606013298 0.321394085884 0.361271351576
1403715967.184058189392 1.348635196686 -0.389448583126 -0.372537136078 -0.021435551345 0.885492622852 0.289921939373 0.362475723028
1403715967.234058141708 1.372164845467 -0.404872655869 -0.383013129234 -0.009751107544 0.895259201527 0.260972976685 0.360983520746
1403715967.284058094025 1.389552474022 -0.414461404085 -0.393126249313 0.003913212568 0.903490364552 0.232219919562 0.360227346420
1403715967.334058046341 1.401285886765 -0.424422115088 -0.396029829979 0.016351843253 0.910652160645 0.204277113080 0.358770281076
1403715967.384058237076 1.415663838387 -0.436595916748 -0.397594213486 0.025652792305 0.914301097393 0.187993779778 0.357846021652
1403715967.434058189392 1.423329234123 -0.447359114885 -0.396673083305 0.029747633263 0.916059017181 0.180463656783 0.356908738613
1403715967.484058141708 1.425410747528 -0.456198245287 -0.389493346214 0.033191826195 0.915315330029 0.182519033551 0.357467532158
1403715967.534058094025 1.431819558144 -0.479230284691 -0.378229737282 0.035655405372 0.912130355835 0.193813741207 0.359420627356
1403715967.584058284760 1.428511261940 -0.493961215019 -0.361724019051 0.038137502968 0.906541287899 0.209793135524 0.364301055670
1403715967.634057998657 1.427087783813 -0.509201645851 -0.341807723045 0.038497045636 0.898776173592 0.231539934874 0.370281815529
1403715967.684058189392 1.422262668610 -0.527985811234 -0.322162270546 0.036194883287 0.888305008411 0.257366865873 0.378637671471
1403715967.734058141708 1.412380814552 -0.544620871544 -0.297933697701 0.038015943021 0.876723229885 0.282745927572 0.387254357338
1403715967.784058094025 1.402277708054 -0.565729022026 -0.272533059120 0.036476951092 0.863199472427 0.310706704855 0.396254301071
1403715967.834058046341 1.391397237778 -0.588754117489 -0.249589443207 0.034260772169 0.847621560097 0.340373039246 0.405598491430
1403715967.884058237076 1.376056432724 -0.604020059109 -0.226482987404 0.032549332827 0.834040939808 0.362279176712 0.414813220501
1403715967.934058189392 1.359937667847 -0.617265224457 -0.203802585602 0.028503311798 0.821611344814 0.380642354488 0.423383712769
1403715967.984058141708 1.342968106270 -0.629676103592 -0.185965657234 0.016232838854 0.810478031635 0.396358609200 0.431000828743
1403715968.034058094025 1.326219916344 -0.641463637352 -0.167230725288 -0.002149766311 0.800123393536 0.409966021776 0.437865048647
1403715968.084058284760 1.309164285660 -0.643140673637 -0.151150941849 -0.021840764210 0.791629731655 0.419354140759 0.443832665682
1403715968.134057998657 1.297200202942 -0.649031579494 -0.140629172325 -0.039881754667 0.783666133881 0.427984923124 0.448448151350
1403715968.184058189392 1.284800171852 -0.650445461273 -0.130783319473 -0.052342098206 0.779023170471 0.430709242821 0.452628701925
1403715968.234058141708 1.273315787315 -0.650363087654 -0.122204542160 -0.056564159691 0.780012428761 0.424589067698 0.456185549498
1403715968.284058094025 1.265974283218 -0.646985054016 -0.115051627159 -0.053713347763 0.786841809750 0.408024400473 0.459903150797
1403715968.334058046341 1.263225078583 -0.647497355938 -0.113709092140 -0.046186603606 0.794968008995 0.389881283045 0.462477296591
1403715968.384058237076 1.260116815567 -0.641158819199 -0.111592292786 -0.037063866854 0.804151415825 0.369105041027 0.464465588331
1403715968.434058189392 1.257533192635 -0.634431183338 -0.108296871185 -0.024688910693 0.813196837902 0.348064780235 0.465781480074
1403715968.484058141708 1.252989172935 -0.620010435581 -0.107143521309 -0.012609828264 0.821661174297 0.326339185238 0.467136770487
1403715968.534058094025 1.255078911781 -0.612592101097 -0.104646801949 -0.001390436315 0.829266130924 0.307295262814 0.466781973839
1403715968.584058284760 1.255527973175 -0.603479921818 -0.102713942528 0.007907322608 0.836370468140 0.287925630808 0.466391235590
1403715968.634057998657 1.249599456787 -0.590199530125 -0.099800586700 0.017522471026 0.842399239540 0.269163101912 0.466484427452
1403715968.684058189392 1.244765400887 -0.576727390289 -0.095969438553 0.026058711112 0.847977280617 0.251476675272 0.465848624706
1403715968.734058141708 1.237847924232 -0.563329637051 -0.088439583778 0.032452318817 0.852937936783 0.235093057156 0.464946180582
1403715968.784058094025 1.226403355598 -0.557060182095 -0.082866549492 0.038488253951 0.856013655663 0.222477704287 0.465040832758
1403715968.834058046341 1.213711261749 -0.544420361519 -0.073736548424 0.043330643326 0.859097719193 0.209952697158 0.464750945568
1403715968.884058237076 1.196799874306 -0.537299752235 -0.063500165939 0.047133963555 0.860662460327 0.203163206577 0.464503318071
1403715968.934058189392 1.178588151932 -0.525786340237 -0.045422196388 0.048741236329 0.861623346806 0.199935451150 0.463956177235
1403715968.984058141708 1.153367996216 -0.512244105339 -0.028796434402 0.046942416579 0.859762132168 0.205535143614 0.465146034956
1403715969.034058094025 1.125584959984 -0.507880330086 -0.010115861893 0.036949522793 0.854938387871 0.223204776645 0.466791898012
1403715969.084058284760 1.094529032707 -0.497438788414 0.011204123497 0.022870244458 0.847543656826 0.248518809676 0.468385696411
1403715969.134057998657 1.050161004066 -0.481139689684 0.036112546921 0.004725452513 0.836903512478 0.280927985907 0.469733625650
1403715969.184058189392 1.018506646156 -0.475543528795 0.055564045906 -0.019349124283 0.822866082191 0.319116294384 0.469767868519
1403715969.234058141708 0.985899686813 -0.471617400646 0.083569109440 -0.041910581291 0.808227896690 0.356574922800 0.466760635376
1403715969.284058094025 0.947405576706 -0.464730858803 0.100280880928 -0.058733657002 0.794036626816 0.387153744698 0.464938908815
1403715969.334058046341 0.921609997749 -0.460508853197 0.116884887218 -0.073431372643 0.782643675804 0.410714089870 0.461942225695
1403715969.384058237076 0.894350290298 -0.450268387794 0.136144757271 -0.087621226907 0.773115217686 0.428970158100 0.458911716938
1403715969.434058189392 0.873791456223 -0.443092525005 0.151033401489 -0.099972814322 0.764376223087 0.445051699877 0.455700993538
1403715969.484058141708 0.852671086788 -0.435552150011 0.160473406315 -0.111638896167 0.758278489113 0.454710572958 0.453639537096
1403715969.534058094025 0.841689229012 -0.428928852081 0.167747557163 -0.125692427158 0.755124986172 0.457569152117 0.452347397804
1403715969.584058284760 0.839104712009 -0.419432103634 0.171597272158 -0.141247525811 0.756729006767 0.449447929859 0.453218519688
1403715969.634057998657 0.839865326881 -0.412921786308 0.171071261168 -0.153813734651 0.761045753956 0.435159087181 0.455836862326
1403715969.684058189392 0.846219778061 -0.403111815453 0.169216096401 -0.162083148956 0.767397999763 0.417416870594 0.458903640509
1403715969.734058141708 0.859764695168 -0.394397437572 0.165488839149 -0.167322084308 0.775729715824 0.395903766155 0.462068110704
1403715969.784058094025 0.881054580212 -0.387477576733 0.162969470024 -0.165874615312 0.785467684269 0.372970193624 0.465208947659
1403715969.834058046341 0.903946697712 -0.379610359669 0.159183382988 -0.154571518302 0.796694874763 0.349078863859 0.468539118767
1403715969.884058237076 0.936960041523 -0.374483376741 0.154258012772 -0.134478330612 0.806835830212 0.330346524715 0.470959335566
1403715969.934058189392 0.967516899109 -0.367866188288 0.150088965893 -0.105304360390 0.816321611404 0.313089370728 0.473819643259
1403715969.984058141708 1.003156065941 -0.370565354824 0.147763788700 -0.074142590165 0.825215518475 0.295926362276 0.475341886282
1403715970.034058094025 1.038868904114 -0.370694905519 0.147404193878 -0.048743907362 0.832024753094 0.279866516590 0.476480484009
1403715970.084058284760 1.071735739708 -0.368264049292 0.147637009621 -0.025865674019 0.837468028069 0.264027267694 0.477773845196
1403715970.134057998657 1.108160257339 -0.366720914841 0.149211764336 -0.008158684708 0.841987252235 0.248103961349 0.478994041681
1403715970.184058189392 1.140496015549 -0.365257948637 0.153377532959 0.009171072394 0.846537172794 0.231186255813 0.479420065880
1403715970.234058141708 1.171820521355 -0.368018239737 0.161880373955 0.027574801818 0.850795090199 0.213709205389 0.479286670685
1403715970.284058094025 1.197308301926 -0.369590520859 0.170451998711 0.044164467603 0.854020118713 0.197338879108 0.479329258204
1403715970.334058046341 1.220228552818 -0.375805854797 0.176453471184 0.058879945427 0.855774760246 0.185252383351 0.479441612959
1403715970.384058237076 1.235892057419 -0.380078405142 0.185408949852 0.068110093474 0.857003033161 0.175395578146 0.479732424021
1403715970.434058189392 1.246411800385 -0.385336667299 0.201131224632 0.077999182045 0.856566905975 0.171679526567 0.480349242687
1403715970.484058141708 1.255059599876 -0.395515561104 0.221575021744 0.082654424012 0.854635655880 0.176632508636 0.481214165688
1403715970.534058094025 1.254613280296 -0.401345342398 0.237712740898 0.085608683527 0.849321901798 0.191422879696 0.484438627958
1403715970.584058284760 1.251717925072 -0.407290160656 0.263339281082 0.085164554417 0.842126965523 0.215593695641 0.486917376518
1403715970.634057998657 1.245574951172 -0.413600504398 0.289533734322 0.077840052545 0.834319770336 0.243705809116 0.488322615623
1403715970.684058189392 1.232511758804 -0.423865497112 0.307168602943 0.066504165530 0.824354648590 0.275282144547 0.490139156580
1403715970.734058141708 1.217108726501 -0.442201942205 0.324273347855 0.052174240351 0.812195658684 0.312005549669 0.490172058344
1403715970.784058094025 1.201991796494 -0.448812633753 0.349904656410 0.036947891116 0.799816429615 0.347776859999 0.487831711769
1403715970.834058046341 1.183040022850 -0.460003525019 0.365542173386 0.022174080834 0.784911155701 0.385137856007 0.484862595797
1403715970.884058237076 1.161124229431 -0.463914781809 0.385228395462 0.008619527332 0.772052049637 0.415344357491 0.480989098549
1403715970.934058189392 1.144002199173 -0.476981282234 0.392883419991 -0.004471435212 0.758126378059 0.444748491049 0.476889193058
1403715970.984058141708 1.129485368729 -0.484994232655 0.399203300476 -0.018176026642 0.746264278889 0.466878920794 0.474113225937
1403715971.034058094025 1.117836713791 -0.491834282875 0.402515828609 -0.034513249993 0.737416625023 0.480844050646 0.473090469837
1403715971.084058284760 1.108116269112 -0.498004376888 0.402613937855 -0.053065605462 0.731085538864 0.487868696451 0.474006474018
1403715971.134057998657 1.104891300201 -0.503605902195 0.393903136253 -0.070916801691 0.727869212627 0.486527979374 0.477982997894
1403715971.184058189392 1.107611536980 -0.508970797062 0.381972610950 -0.086319290102 0.728776037693 0.476681262255 0.483951926231
1403715971.234058141708 1.114741563797 -0.513022720814 0.361292243004 -0.099669098854 0.733104586601 0.456427812576 0.494264513254
1403715971.284058094025 1.126897215843 -0.514781057835 0.339416444302 -0.105746731162 0.740638852119 0.429419934750 0.505836188793
1403715971.334058046341 1.143939614296 -0.515787363052 0.314857602119 -0.108613409102 0.748912155628 0.397075265646 0.519292712212
1403715971.384058237076 1.163535594940 -0.523863971233 0.286603927612 -0.108522862196 0.755971729755 0.363170593977 0.533700942993
1403715971.434058189392 1.193140029907 -0.527940571308 0.261516094208 -0.104310974479 0.762154281139 0.329118043184 0.547650694847
1403715971.484058141708 1.223273515701 -0.536574721336 0.233336687088 -0.098228320479 0.765932857990 0.296076536179 0.562171459198
1403715971.534058094025 1.251958608627 -0.539426326752 0.209159255028 -0.088856659830 0.767997741699 0.264497250319 0.576476514339
1403715971.584058284760 1.289190769196 -0.550719201565 0.186082482338 -0.080231279135 0.766958594322 0.238485023379 0.590306997299
1403715971.634057998657 1.320847630501 -0.558445870876 0.165016770363 -0.068620152771 0.763795673847 0.216954097152 0.604018509388
1403715971.684058189392 1.352467775345 -0.568418025970 0.151760578156 -0.056561920792 0.759500563145 0.200666755438 0.616191923618
1403715971.734058141708 1.385827422142 -0.577443420887 0.138946175575 -0.040792766958 0.752959012985 0.188406154513 0.629199445248
1403715971.784058094025 1.416247844696 -0.585020899773 0.132612347603 -0.023307031021 0.745973527431 0.179973885417 0.640772700310
1403715971.834058046341 1.446043729782 -0.601823568344 0.136417031288 -0.005979507230 0.737760663033 0.178993821144 0.650872230530
1403715971.884058237076 1.474176645279 -0.618577480316 0.125448942184 0.007711444050 0.726021885872 0.181671395898 0.663195550442
1403715971.934058189392 1.494988083839 -0.624444007874 0.126631855965 0.019587652758 0.716126739979 0.182198733091 0.673485279083
1403715971.984058141708 1.517521262169 -0.640858709812 0.136473298073 0.026691934094 0.707207679749 0.186199575663 0.681523740292
1403715972.034058094025 1.529500961304 -0.637199401855 0.127044916153 0.034029696137 0.695696651936 0.185546070337 0.693123936653
1403715972.084058284760 1.538911938667 -0.632621407509 0.126036763191 0.043707828969 0.687077403069 0.181731566787 0.702130973339
1403715972.134057998657 1.555433511734 -0.659251570702 0.126025676727 0.048408053815 0.681482851505 0.178750589490 0.708015620708
1403715972.184058189392 1.561017870903 -0.670331299305 0.130186319351 0.059436768293 0.678421318531 0.169804006815 0.712305009365
1403715972.234058141708 1.566493272781 -0.685879230499 0.134347319603 0.070942401886 0.676875948906 0.159572869539 0.715082228184
1403715972.284058094025 1.567797422409 -0.695976734161 0.136775135994 0.081839844584 0.675645411015 0.149553626776 0.717244207859
1403715972.334058046341 1.565440058708 -0.709449887276 0.137961387634 0.089931286871 0.674667477608 0.141569659114 0.718814551830
1403715972.384058237076 1.557510972023 -0.716602921486 0.139995098114 0.096920400858 0.673327565193 0.137044996023 0.720038294792
1403715972.434058189392 1.544593572617 -0.737940609455 0.141928792000 0.096400715411 0.672247827053 0.138219863176 0.720891892910
1403715972.484058141708 1.524665951729 -0.747155904770 0.143236398697 0.093354709446 0.670668005943 0.140832394361 0.722257375717
1403715972.534058094025 1.503061652184 -0.752122581005 0.147530913353 0.085195660591 0.668712496758 0.149056687951 0.723427534103
1403715972.584058284760 1.475594282150 -0.766983509064 0.152025580406 0.069705992937 0.664557993412 0.167379155755 0.724905490875
1403715972.634057998657 1.446743011475 -0.773805558681 0.155673384666 0.054244287312 0.659714460373 0.186032906175 0.726103425026
1403715972.684058189392 1.412711143494 -0.777547001839 0.159305095673 0.038627557456 0.653743505478 0.207059964538 0.726810514927
1403715972.734058141708 1.374590516090 -0.783085644245 0.160095334053 0.022037394345 0.646689057350 0.229388952255 0.727109551430
1403715972.784058094025 1.342418193817 -0.790994822979 0.167810916901 0.005382443778 0.641256451607 0.250658690929 0.725211262703
1403715972.834058046341 1.303319811821 -0.788159847260 0.164757490158 -0.006232853979 0.634975373745 0.266573518515 0.725055873394
1403715972.884058237076 1.268653869629 -0.794064283371 0.165350675583 -0.013287396170 0.632444381714 0.276562511921 0.723429858685
1403715972.934058189392 1.235611557961 -0.795738339424 0.166221857071 -0.010753457434 0.633708000183 0.278126239777 0.721764743328
1403715972.984058141708 1.201857566833 -0.799169540405 0.167632818222 -0.005177721847 0.636079013348 0.278131932020 0.719735622406
1403715973.034058094025 1.170253276825 -0.799373626709 0.170439720154 0.006083573215 0.638437747955 0.278546810150 0.717476069927
1403715973.084058284760 1.138101696968 -0.798933029175 0.168846726418 0.015501150861 0.640250444412 0.278660833836 0.715672552586
1403715973.134057998657 1.107093811035 -0.797730684280 0.172969937325 0.019868522882 0.643737554550 0.276241540909 0.713370740414
1403715973.184058189392 1.076678872108 -0.795757710934 0.163545608521 0.020598709583 0.645015001297 0.273799896240 0.713137388229
1403715973.234058141708 1.045746922493 -0.791959702969 0.166701018810 0.021499417722 0.647500216961 0.273246884346 0.711067795753
1403715973.284058094025 1.014835715294 -0.790012836456 0.165655255318 0.021271768957 0.648780584335 0.273799389601 0.709693729877
1403715973.334058046341 0.981782197952 -0.791998982430 0.159670948982 0.018396729603 0.648025751114 0.278358966112 0.708689272404
1403715973.384058237076 0.952235937119 -0.788242936134 0.157225668430 0.012980829924 0.647282004356 0.283252447844 0.707548975945
1403715973.434058189392 0.919732093811 -0.785295724869 0.150821745396 0.004446741194 0.645917832851 0.288347244263 0.706842482090
1403715973.484058141708 0.889519453049 -0.786243677139 0.140186846256 -0.004540114198 0.643623411655 0.294448047876 0.706419587135
1403715973.534058094025 0.860613822937 -0.784471094608 0.135694503784 -0.012309583835 0.641800999641 0.301136285067 0.705164432526
1403715973.584058284760 0.831373453140 -0.780684947968 0.129276275635 -0.017378905788 0.639356732368 0.308224111795 0.704215049744
1403715973.634057998657 0.804855704308 -0.777195215225 0.115874290466 -0.020628144965 0.635400056839 0.316226929426 0.704160332680
1403715973.684058189392 0.779319345951 -0.773045480251 0.108637273312 -0.023074323311 0.632100462914 0.324467003345 0.703304886818
1403715973.734058141708 0.757839322090 -0.772945284843 0.092296779156 -0.025527345017 0.627747952938 0.333308637142 0.702983915806
1403715973.784058094025 0.739096701145 -0.767380833626 0.081059515476 -0.026608295739 0.625035524368 0.339339792728 0.702474951744
1403715973.834058046341 0.721270799637 -0.761942625046 0.065272033215 -0.027964208275 0.622895658016 0.342912912369 0.702587962151
1403715973.884058237076 0.704324960709 -0.755498528481 0.049863398075 -0.030317613855 0.621399164200 0.344824820757 0.702879607677
1403715973.934058189392 0.692852377892 -0.749788999557 0.030033469200 -0.032578159124 0.619654953480 0.346530914307 0.703479051590
1403715973.984058141708 0.682027399540 -0.743831276894 0.013684868813 -0.035281937569 0.621397316456 0.341056078672 0.704486668110
1403715974.034058094025 0.674783110619 -0.733979523182 -0.001633644104 -0.035838987678 0.625251770020 0.331238210201 0.705731570721
1403715974.084058284760 0.668927431107 -0.726427435875 -0.025835633278 -0.035109303892 0.628187775612 0.321353942156 0.707728207111
1403715974.134057998657 0.666508793831 -0.720230340958 -0.045435488224 -0.032905071974 0.632242381573 0.310564577579 0.709039092064
1403715974.184058189392 0.665503144264 -0.716054201126 -0.069152772427 -0.029643319547 0.634999871254 0.302652359009 0.710139513016
1403715974.234058141708 0.666211485863 -0.705604195595 -0.091157406569 -0.026288228109 0.637240707874 0.295362770557 0.711332619190
1403715974.284058094025 0.667532265186 -0.694736540318 -0.110266059637 -0.025543648750 0.639116764069 0.289491921663 0.712089717388
1403715974.334058046341 0.670151233673 -0.686112940311 -0.134397804737 -0.027027346194 0.638957858086 0.287216305733 0.713098287582
1403715974.384058237076 0.672893524170 -0.673830509186 -0.157670319080 -0.028234032914 0.637976348400 0.286644965410 0.714159429073
1403715974.434058189392 0.675683259964 -0.661104321480 -0.178054332733 -0.029960714281 0.637697815895 0.285953879356 0.714614748955
1403715974.484058141708 0.681591272354 -0.647785127163 -0.199862331152 -0.030124120414 0.637388527393 0.285183966160 0.715191245079
1403715974.534058094025 0.688496351242 -0.634236097336 -0.221642702818 -0.028396261856 0.637894928455 0.282503992319 0.715873837471
1403715974.584058284760 0.696731984615 -0.620870351791 -0.242431700230 -0.025735212490 0.638965606689 0.279380023479 0.716245472431
1403715974.634057998657 0.704748868942 -0.605162203312 -0.264289915562 -0.023068770766 0.640020072460 0.275225847960 0.717002689838
1403715974.684058189392 0.711961388588 -0.592744708061 -0.285072088242 -0.019763736054 0.640728652477 0.273015022278 0.717313706875
1403715974.734058141708 0.723137497902 -0.579615354538 -0.303209692240 -0.018288427964 0.641808986664 0.270310670137 0.717411279678
1403715974.784058094025 0.731494843960 -0.561305224895 -0.325179278851 -0.016407497227 0.642129063606 0.267849773169 0.718093097210
1403715974.834058046341 0.741953015327 -0.546152412891 -0.346606642008 -0.015898864716 0.641413092613 0.267740786076 0.718784630299
1403715974.884058237076 0.752246975899 -0.533086121082 -0.368078947067 -0.015381610952 0.641296088696 0.266620039940 0.719316720963
1403715974.934058189392 0.763294458389 -0.516394317150 -0.389588594437 -0.014478263445 0.640678524971 0.265297800303 0.720373868942
1403715974.984058141708 0.773596048355 -0.502855896950 -0.406830638647 -0.013495301828 0.640690207481 0.264142274857 0.720807075500
1403715975.034058094025 0.786541938782 -0.492165237665 -0.429924428463 -0.014960631728 0.640178501606 0.262283325195 0.721910774708
1403715975.084058284760 0.797350823879 -0.476196825504 -0.444981873035 -0.014918568544 0.640222609043 0.259820461273 0.722762584686
1403715975.134057998657 0.809100747108 -0.459472626448 -0.465011060238 -0.015997597948 0.639916002750 0.256753534079 0.724105775356
1403715975.184058189392 0.820323348045 -0.446387171745 -0.486973106861 -0.016918379813 0.639166295528 0.254774451256 0.725444793701
1403715975.234058141708 0.832436859608 -0.431916505098 -0.508053541183 -0.019148655236 0.638374865055 0.252470821142 0.726890265942
1403715975.284058094025 0.843656539917 -0.420120596886 -0.520972013474 -0.019918344915 0.638769805431 0.249978631735 0.727383792400
1403715975.334058046341 0.855604529381 -0.410384535789 -0.541292369366 -0.018962454051 0.638476133347 0.246676772833 0.728793084621
1403715975.384058237076 0.868918001652 -0.400691539049 -0.560620307922 -0.018016558141 0.638595104218 0.242699503899 0.730047106743
1403715975.434058189392 0.880366742611 -0.389323234558 -0.576594948769 -0.015858458355 0.639583289623 0.237373188138 0.730982780457
1403715975.484058141708 0.895111203194 -0.384287118912 -0.595968484879 -0.015663105994 0.640282630920 0.232103869319 0.732065975666
1403715975.534058094025 0.904547095299 -0.373533993959 -0.610069334507 -0.014217389748 0.640387892723 0.229551360011 0.732807874680
1403715975.584058284760 0.917263746262 -0.369098216295 -0.627072691917 -0.015711581334 0.639040887356 0.230577841401 0.733630537987
1403715975.634057998657 0.927567780018 -0.366349577904 -0.644002079964 -0.016577320173 0.637275218964 0.233718767762 0.734153270721
1403715975.684058189392 0.937705874443 -0.360219836235 -0.657793402672 -0.016642786562 0.636025011539 0.235726445913 0.734593927860
1403715975.734058141708 0.947798848152 -0.357247918844 -0.671778738499 -0.017785655335 0.635527908802 0.236815392971 0.734647214413
1403715975.784058094025 0.957108020782 -0.354183197021 -0.687205195427 -0.017852954566 0.634535670280 0.238422691822 0.734983265400
1403715975.834058046341 0.968303442001 -0.351776003838 -0.700278878212 -0.018141765147 0.634560227394 0.238887161016 0.734804213047
1403715975.884058237076 0.980456709862 -0.352805078030 -0.713525593281 -0.020284913480 0.633889317513 0.240674629807 0.734743893147
1403715975.934058189392 0.990628838539 -0.350971490145 -0.727514028549 -0.021220967174 0.633470118046 0.241481170058 0.734814345837
1403715975.984058141708 1.001855969429 -0.348592042923 -0.738409757614 -0.022151788697 0.633282780647 0.242201060057 0.734711408615
1403715976.034058094025 1.011862993240 -0.346977800131 -0.750347197056 -0.024445569143 0.633231401443 0.242563545704 0.734563410282
1403715976.084058284760 1.022532224655 -0.348949760199 -0.757967829704 -0.025236491114 0.633683681488 0.243636667728 0.733791112900
1403715976.134057998657 1.033510804176 -0.347083598375 -0.767074882984 -0.024775190279 0.634541690350 0.243182390928 0.733215868473
1403715976.184058189392 1.044675350189 -0.344111770391 -0.774170696735 -0.023918289691 0.636340260506 0.241243571043 0.732325434685
1403715976.234058141708 1.056321382523 -0.346366852522 -0.785318851471 -0.024153299630 0.637559771538 0.239693596959 0.731765747070
1403715976.284058094025 1.067842006683 -0.345772385597 -0.791736304760 -0.023318523541 0.638674318790 0.239484682679 0.730888843536
1403715976.334058046341 1.079760313034 -0.345196455717 -0.797674298286 -0.024502456188 0.640608966351 0.236579939723 0.730102539062
1403715976.384058237076 1.092679738998 -0.348345071077 -0.805035352707 -0.025477251038 0.642003417015 0.233867079020 0.729718267918
1403715976.434058189392 1.105012178421 -0.351108431816 -0.809977352619 -0.028199221939 0.642050981522 0.231235072017 0.730414748192
1403715976.484058141708 1.115544557571 -0.350234091282 -0.812556862831 -0.029823573306 0.640969872475 0.227839693427 0.732364177704
1403715976.534058094025 1.127125024796 -0.353149205446 -0.813977360725 -0.031271763146 0.638983607292 0.224553585052 0.735049486160
1403715976.584058284760 1.138323307037 -0.352221846581 -0.814272105694 -0.031998164952 0.635594725609 0.220570430160 0.739151060581
1403715976.634057998657 1.150389671326 -0.354203850031 -0.813542425632 -0.032260999084 0.630114555359 0.218915507197 0.744305610657
1403715976.684058189392 1.159472465515 -0.356655031443 -0.811942279339 -0.029637798667 0.623797774315 0.218643486500 0.749795377254
1403715976.734058141708 1.148281097412 -0.314181506634 -0.854887187481 -0.029697718099 0.619730234146 0.231393933296 0.749339282513
1403715976.784058094025 1.160841226578 -0.317332357168 -0.851992905140 -0.028008911759 0.614060163498 0.231754064560 0.753946721554
1403715976.834058046341 1.169697046280 -0.317942768335 -0.844222068787 -0.026729356498 0.609824419022 0.230993345380 0.757655441761
1403715976.884058237076 1.182667374611 -0.320897102356 -0.839571058750 -0.025391804054 0.605631411076 0.230364695191 0.761247634888
1403715976.934058189392 1.192346572876 -0.324071288109 -0.833473205566 -0.025295872241 0.602174043655 0.230164736509 0.764048874378
1403715976.984058141708 1.204097032547 -0.323321014643 -0.827413618565 -0.023971047252 0.598027169704 0.228860765696 0.767731428146
1403715977.034058094025 1.215239048004 -0.327411115170 -0.818163931370 -0.024068988860 0.593907296658 0.227149620652 0.771425843239
1403715977.084058284760 1.225077152252 -0.327740669250 -0.810931980610 -0.022959453985 0.588771283627 0.225042596459 0.776000738144
1403715977.134057998657 1.245080471039 -0.351011216640 -0.778674423695 -0.024863101542 0.583900392056 0.223410591483 0.780083239079
1403715977.184058189392 1.253397583961 -0.360459089279 -0.761000156403 -0.025807894766 0.578001439571 0.219802066684 0.785452246666
1403715977.234058141708 1.266316175461 -0.359424591064 -0.753832042217 -0.024939151481 0.568843245506 0.216041594744 0.793171823025
1403715977.284058094025 1.274674654007 -0.366131931543 -0.739974260330 -0.025436762720 0.559199512005 0.212645679712 0.800893783569
1403715977.334058046341 1.285619974136 -0.367832183838 -0.731031060219 -0.024652874097 0.547644615173 0.207283154130 0.810253918171
1403715977.384058237076 1.291959166527 -0.369528412819 -0.713132798672 -0.023572007194 0.535991728306 0.201910123229 0.819383621216
1403715977.434058189392 1.299656748772 -0.375098168850 -0.701452434063 -0.021969493479 0.521805405617 0.198796212673 0.829286754131
1403715977.484058141708 1.302919149399 -0.356501221657 -0.682289481163 -0.017757380381 0.508799493313 0.188896819949 0.839717686176
1403715977.534058094025 1.313405156136 -0.366138845682 -0.671993494034 -0.017974874005 0.492405116558 0.184195756912 0.850462257862
1403715977.584058284760 1.314794778824 -0.368627995253 -0.648066639900 -0.015948235989 0.478274434805 0.176417082548 0.860160648823
1403715977.634057998657 1.323565244675 -0.372735977173 -0.634625256062 -0.013342997059 0.460378885269 0.170300215483 0.871132135391
1403715977.684058189392 1.323344349861 -0.386253178120 -0.611083149910 -0.013145544566 0.444640666246 0.164394602180 0.880395531654
1403715977.734058141708 1.326579332352 -0.375168979168 -0.593248784542 -0.008201331832 0.425996810198 0.158905744553 0.890622556210
1403715977.784058094025 1.322826385498 -0.381821960211 -0.565353512764 -0.007375393528 0.410630434752 0.150334477425 0.899292945862
1403715977.834058046341 1.329618096352 -0.392495036125 -0.548179984093 -0.006426894106 0.391428947449 0.142445191741 0.909093797207
1403715977.884058237076 1.335711956024 -0.400353997946 -0.533908128738 -0.004468361847 0.372907668352 0.132795527577 0.918305635452
1403715977.934058189392 1.340820074081 -0.407105177641 -0.515037715435 -0.002351056552 0.354683846235 0.120851524174 0.927140116692
1403715977.984058141708 1.332776546478 -0.407132118940 -0.484392315149 0.000787837082 0.339637935162 0.105881273746 0.934577286243
1403715978.034058094025 1.335153818130 -0.423623621464 -0.465145826340 0.000881704269 0.320681720972 0.093405820429 0.942569851875
1403715978.084058284760 1.338556051254 -0.430273324251 -0.449384272099 0.004419371020 0.299985855818 0.079052977264 0.950652182102
1403715978.134057998657 1.334083437920 -0.438348084688 -0.428472220898 0.006289160345 0.280888140202 0.064056277275 0.957579851151
1403715978.184058189392 1.351245880127 -0.441130965948 -0.410152912140 0.008301067166 0.257878452539 0.048939440399 0.964901387691
1403715978.234058141708 1.341735482216 -0.444844305515 -0.388233691454 0.010363887995 0.240150779486 0.035506051034 0.970030665398
1403715978.284058094025 1.329732418060 -0.453535228968 -0.366252690554 0.012496790849 0.221771553159 0.022652599961 0.974755406380
1403715978.334058046341 1.320349335670 -0.457524776459 -0.348541289568 0.016310565174 0.200713559985 0.014196314849 0.979411303997
1403715978.384058237076 1.315107941628 -0.462239772081 -0.326919883490 0.022266861051 0.178244724870 0.010171999224 0.983681619167
1403715978.434058189392 1.296761035919 -0.472111344337 -0.301576793194 0.024348882958 0.158498167992 0.007879636250 0.987027585506
1403715978.484058141708 1.274488329887 -0.474765211344 -0.278157830238 0.028090734035 0.137466356158 0.009028115310 0.990066885948
1403715978.534058094025 1.257575988770 -0.483593165874 -0.257901906967 0.031442504376 0.113123282790 0.011434150860 0.993017494678
1403715978.584058284760 1.237359046936 -0.498003959656 -0.234757274389 0.034400969744 0.089053854346 0.013900611550 0.995335519314
1403715978.634057998657 1.211363434792 -0.495366275311 -0.216795966029 0.040554065257 0.066239610314 0.013135631569 0.996892750263
1403715978.684058189392 1.190256118774 -0.512139320374 -0.192127987742 0.039379686117 0.041919976473 0.011379990727 0.998279750347
1403715978.734058141708 1.164672732353 -0.516138195992 -0.176702529192 0.040388658643 0.020182540640 0.007051390130 0.998955309391
1403715978.784058094025 1.139725565910 -0.514594912529 -0.156340256333 0.042619239539 -0.001204925007 -0.001320363488 0.999089837074
1403715978.834058046341 1.121514797211 -0.520933151245 -0.138409361243 0.039923343807 -0.024104198441 -0.009235362522 0.998869299889
1403715978.884058237076 1.100530028343 -0.528708279133 -0.121271662414 0.036888841540 -0.046362765133 -0.020853703842 0.998025476933
1403715978.934058189392 1.075255155563 -0.535139381886 -0.106988340616 0.034252718091 -0.067782469094 -0.029260635376 0.996682584286
1403715978.984058141708 1.031648516655 -0.539013564587 -0.106176100671 0.032199982554 -0.083395235240 -0.040729630738 0.995163023472
1403715979.034058094025 1.009602427483 -0.537099719048 -0.090765208006 0.034677743912 -0.106752730906 -0.051209561527 0.992360293865
1403715979.084058284760 0.995944797993 -0.546631872654 -0.068996958435 0.037474334240 -0.133941382170 -0.060520920902 0.988429367542
1403715979.134057998657 0.957591772079 -0.547410607338 -0.063380457461 0.043205425143 -0.154978334904 -0.065701901913 0.984783351421
1403715979.184058189392 0.938342213631 -0.555648803711 -0.052966982126 0.051079947501 -0.182001397014 -0.072553001344 0.979286670685
1403715979.234058141708 0.915009677410 -0.572006583214 -0.041307099164 0.059419266880 -0.208977177739 -0.075333006680 0.973202407360
1403715979.284058094025 0.883613109589 -0.575300157070 -0.037841647863 0.072126716375 -0.232592970133 -0.080610021949 0.966540396214
1403715979.334058046341 0.852245807648 -0.588444292545 -0.032527655363 0.080168813467 -0.253943294287 -0.092478118837 0.959444403648
1403715979.384058237076 0.831600368023 -0.588704824448 -0.024715069681 0.088789269328 -0.276831597090 -0.103478886187 0.951195538044
1403715979.434058189392 0.797812223434 -0.589342176914 -0.033227011561 0.092979036272 -0.293316274881 -0.119664907455 0.943928420544
1403715979.484058141708 0.773067235947 -0.599935412407 -0.034702252597 0.093305051327 -0.312313109636 -0.131659805775 0.936173260212
1403715979.534058094025 0.753639459610 -0.595054149628 -0.031262379140 0.096527621150 -0.332484811544 -0.142432540655 0.927280545235
1403715979.584058284760 0.730978786945 -0.592735588551 -0.036286123097 0.096549428999 -0.351400971413 -0.150049537420 0.919065177441
1403715979.634057998657 0.705347418785 -0.599564552307 -0.038583010435 0.094425119460 -0.370337545872 -0.158782735467 0.910341739655
1403715979.684058189392 0.678920328617 -0.608789980412 -0.047005437315 0.091400563717 -0.389927893877 -0.166258618236 0.901088356972
1403715979.734058141708 0.659198522568 -0.601801097393 -0.062093175948 0.095420196652 -0.409157931805 -0.172319293022 0.890949428082
1403715979.784058094025 0.628364324570 -0.618755280972 -0.078570842743 0.093588553369 -0.428709089756 -0.180442616343 0.880278468132
1403715979.834058046341 0.607210397720 -0.610562145710 -0.087220966816 0.098573297262 -0.450717061758 -0.183821737766 0.867955625057
1403715979.884058237076 0.581887483597 -0.612242937088 -0.117489218712 0.099626548588 -0.467991888523 -0.187602490187 0.857824862003
1403715979.934058189392 0.555121481419 -0.612269937992 -0.138851240277 0.103146061301 -0.488664090633 -0.192145198584 0.844777226448
1403715979.984058141708 0.533882617950 -0.612428784370 -0.153678447008 0.107312783599 -0.510914146900 -0.195428743958 0.830215752125
1403715980.034058094025 0.513976991177 -0.601675629616 -0.187848404050 0.112037934363 -0.529952645302 -0.197037994862 0.817174255848
1403715980.084058284760 0.497121572495 -0.598260760307 -0.191172227263 0.116437949240 -0.553292870522 -0.199554175138 0.800304532051
1403715980.134057998657 0.477791875601 -0.587992727757 -0.221685394645 0.119624771178 -0.571522653103 -0.203623682261 0.785868406296
1403715980.184058189392 0.461683869362 -0.584012091160 -0.252284526825 0.119626462460 -0.591356098652 -0.209035441279 0.769604861736
1403715980.234058141708 0.454298406839 -0.574827194214 -0.273091316223 0.118501946330 -0.612158477306 -0.210918962955 0.752816379070
1403715980.284058094025 0.451987683773 -0.571958601475 -0.297615647316 0.111894354224 -0.632749438286 -0.213831871748 0.735787868500
1403715980.334058046341 0.437243461609 -0.564041733742 -0.330001413822 0.109049186110 -0.650692939758 -0.223377645016 0.717502295971
1403715980.384058237076 0.430407524109 -0.543546617031 -0.354758054018 0.107584148645 -0.669901907444 -0.223844587803 0.699679017067
1403715980.434058189392 0.421615362167 -0.529228389263 -0.399710774422 0.104695744812 -0.686701178551 -0.225861445069 0.682983815670
1403715980.484058141708 0.413073658943 -0.506065487862 -0.448115170002 0.104733720422 -0.703156590462 -0.225079596043 0.666288852692
1403715980.534058094025 0.421608060598 -0.490996986628 -0.481882035732 0.102014921606 -0.722787737846 -0.222313135862 0.646334052086
1403715980.584058284760 0.411063492298 -0.479301929474 -0.528446793556 0.096618987620 -0.739302456379 -0.223954334855 0.627647399902
1403715980.634057998657 0.412890046835 -0.466082423925 -0.571568489075 0.091697745025 -0.755263209343 -0.227005735040 0.607978105545
1403715980.684058189392 0.416491121054 -0.450545132160 -0.608618557453 0.089666426182 -0.771310985088 -0.230164676905 0.586569249630
1403715980.734058141708 0.421833217144 -0.441273957491 -0.649216532707 0.085176751018 -0.786102116108 -0.234879851341 0.565349400043
1403715980.784058094025 0.429476886988 -0.428218543530 -0.688514053822 0.079469740391 -0.800383865833 -0.240016192198 0.543564736843
1403715980.834058046341 0.439664006233 -0.416920185089 -0.712349176407 0.074497178197 -0.815146744251 -0.245752841234 0.519222021103
1403715980.884058237076 0.447849154472 -0.401362448931 -0.742372810841 0.069542557001 -0.829087316990 -0.249027594924 0.495745241642
1403715980.934058189392 0.464484274387 -0.386554569006 -0.784216523170 0.065830081701 -0.841108381748 -0.253426492214 0.473263263702
1403715980.984058141708 0.473041713238 -0.381786882877 -0.817164659500 0.060358114541 -0.854727387428 -0.257626533508 0.446571975946
1403715981.034058094025 0.487541019917 -0.369068622589 -0.846668362617 0.056980777532 -0.867089986801 -0.258762717247 0.421841353178
1403715981.084058284760 0.507952868938 -0.353040575981 -0.880124270916 0.055029455572 -0.878916800022 -0.259652942419 0.396304786205
1403715981.134057998657 0.534816384315 -0.345754474401 -0.902626633644 0.052538618445 -0.889828801155 -0.261607825756 0.370142936707
1403715981.184058189392 0.549973964691 -0.329938888550 -0.922588825226 0.053007300943 -0.900743067265 -0.262423545122 0.342032223940
1403715981.234058141708 0.567950487137 -0.327333807945 -0.944825828075 0.049706831574 -0.910479247570 -0.265591114759 0.313078403473
1403715981.284058094025 0.584481000900 -0.329317688942 -0.959354102612 0.046199351549 -0.919761836529 -0.268755823374 0.282266050577
1403715981.334058046341 0.607495665550 -0.326302826405 -0.976358890533 0.043305493891 -0.927956998348 -0.270867019892 0.252292692661
1403715981.384058237076 0.634453535080 -0.317864149809 -0.994705975056 0.040439900011 -0.935292661190 -0.272412687540 0.222224280238
1403715981.434058189392 0.657385110855 -0.301660478115 -1.002302765846 0.036970410496 -0.942944526672 -0.270525127649 0.190538719296
1403715981.484058141708 0.692860484123 -0.305210918188 -1.024890184402 0.032710473984 -0.948242068291 -0.271605551243 0.161237359047
1403715981.534058094025 0.710796833038 -0.301421374083 -1.028336167336 0.029152916744 -0.954528748989 -0.267542213202 0.128242939711
1403715981.584058284760 0.743722796440 -0.292214274406 -1.034400224686 0.027816485614 -0.959594607353 -0.262081772089 0.098577834666
1403715981.634057998657 0.777878522873 -0.294349223375 -1.039940476418 0.028515450656 -0.962676644325 -0.260413914919 0.068008601665
1403715981.684058189392 0.795780658722 -0.296223342419 -1.040378808975 0.027656583115 -0.964758574963 -0.259193986654 0.035978980362
1403715981.734058141708 0.818354666233 -0.296292722225 -1.037343740463 0.028721021488 -0.964947462082 -0.260830342770 0.004367215093
1403715981.784058094025 0.853991687298 -0.303831279278 -1.035073518753 -0.030430993065 0.962170004845 0.269686669111 0.023915313184
1403715981.834058046341 0.881224572659 -0.307874560356 -1.026089191437 -0.031614296138 0.957193851471 0.282838702202 0.052752047777
1403715981.884058237076 0.898205578327 -0.318526446819 -1.020050764084 -0.031614914536 0.951055109501 0.296191811562 0.082250185311
1403715981.934058189392 0.927573680878 -0.316378176212 -1.003408908844 -0.032385755330 0.945865094662 0.303848981857 0.109390608966
1403715981.984058141708 0.953359603882 -0.321946024895 -0.981233894825 -0.033507406712 0.941064834595 0.307982116938 0.135725006461
1403715982.034058094025 0.971230626106 -0.330010712147 -0.966768264771 -0.033141084015 0.935588836670 0.311751008034 0.162439346313
1403715982.084058284760 1.001791477203 -0.335633933544 -0.944232344627 -0.033341612667 0.931406795979 0.311606287956 0.185124859214
1403715982.134057998657 1.021078944206 -0.344297766685 -0.925518035889 -0.033165078610 0.926053404808 0.311923086643 0.209831282496
1403715982.184058189392 1.039614558220 -0.357997715473 -0.907049059868 -0.032562766224 0.920444965363 0.311788111925 0.233471527696
1403715982.234058141708 1.061155080795 -0.367640435696 -0.878231525421 -0.031935099512 0.915330052376 0.309466212988 0.255698531866
1403715982.284058094025 1.080242514610 -0.373700439930 -0.858795166016 -0.029769772664 0.908709585667 0.309135168791 0.278919667006
1403715982.334058046341 1.099561452866 -0.382041692734 -0.837246417999 -0.028707187623 0.902118563652 0.307425409555 0.301409363747
1403715982.384058237076 1.128257274628 -0.396244823933 -0.807958483696 -0.027479257435 0.895522713661 0.306725859642 0.321252703667
1403715982.434058189392 1.144797325134 -0.410757243633 -0.783830523491 -0.026973601431 0.887603163719 0.305303514004 0.343835532665
1403715982.484058141708 1.164633035660 -0.421763896942 -0.753266453743 -0.024921676144 0.879735052586 0.303221851587 0.365378737450
1403715982.534058094025 1.177633523941 -0.435760080814 -0.725946784019 -0.025181636214 0.871441483498 0.298875600100 0.388109505177
1403715982.584058284760 1.200249195099 -0.444623351097 -0.693792939186 -0.023958429694 0.862828195095 0.294974297285 0.409809291363
1403715982.634057998657 1.216639757156 -0.457705795765 -0.663490056992 -0.022459935397 0.852997720242 0.290747165680 0.432847052813
1403715982.684058189392 1.223815321922 -0.470219492912 -0.634964585304 -0.019725358114 0.841268837452 0.287649065256 0.457313507795
1403715982.734058141708 1.251508712769 -0.480232775211 -0.599132180214 -0.017901903018 0.831018209457 0.284057110548 0.477912038565
1403715982.784058094025 1.258987307549 -0.497054815292 -0.568981885910 -0.016599407420 0.817433893681 0.280072897673 0.503075957298
1403715982.834058046341 1.269413471222 -0.506552696228 -0.533995032310 -0.013485510834 0.804250001907 0.276382982731 0.525939702988
1403715982.884058237076 1.279033184052 -0.517595767975 -0.498270273209 -0.012199009769 0.790852963924 0.271482050419 0.548361480236
1403715982.934058189392 1.281360507011 -0.537801563740 -0.463099837303 -0.012641978450 0.776444137096 0.267190039158 0.570599853992
1403715982.984058141708 1.292780876160 -0.552023231983 -0.423130869865 -0.010318521410 0.762979626656 0.262999027967 0.590412557125
1403715983.034058094025 1.302143216133 -0.561444044113 -0.387351274490 -0.007320436183 0.748522162437 0.257645398378 0.610966324806
1403715983.084058284760 1.304714441299 -0.574871242046 -0.352218389511 -0.004598053638 0.732998311520 0.252904236317 0.631452083588
1403715983.134057998657 1.310715913773 -0.586971879005 -0.317834615707 -0.001610078267 0.717191696167 0.248378977180 0.651107847691
1403715983.184058189392 1.316151380539 -0.603292942047 -0.274926662445 0.001156354439 0.701617896557 0.242811262608 0.669905722141
1403715983.234058141708 1.318712711334 -0.609396338463 -0.245908856392 0.005792738404 0.682947695255 0.236614346504 0.691058993340
1403715983.284058094025 1.315121173859 -0.626294791698 -0.200667977333 0.008719503880 0.666100680828 0.231295570731 0.709039032459
1403715983.334058046341 1.319311499596 -0.651814699173 -0.160979390144 0.008803953417 0.648792445660 0.224433600903 0.727062880993
1403715983.384058237076 1.316603302956 -0.646374106407 -0.117494940758 0.013937889598 0.630269169807 0.215604275465 0.745708584785
1403715983.434058189392 1.317815780640 -0.671643495560 -0.091852486134 0.016427839175 0.608057022095 0.210731014609 0.765238046646
1403715983.484058141708 1.310744285583 -0.702670454979 -0.034993469715 0.022231832147 0.591122329235 0.204191237688 0.779991090298
1403715983.534058094025 1.309152364731 -0.701417565346 -0.028585255146 0.033722046763 0.564398527145 0.193709388375 0.801744222641
1403715983.584058284760 1.302335858345 -0.728284776211 0.011752665043 0.042440675199 0.544183969498 0.186084493995 0.816967129707
1403715983.634057998657 1.290200114250 -0.738424539566 0.038836836815 0.055005874485 0.521621406078 0.177698403597 0.832651674747
1403715983.684058189392 1.286098241806 -0.764320969582 0.084692001343 0.061874635518 0.500711917877 0.171340316534 0.846227884293
1403715983.734058141708 1.286872863770 -0.772882580757 0.084963560104 0.071068257093 0.472766578197 0.164232239127 0.862826049328
1403715983.784058094025 1.265328526497 -0.789403378963 0.114746570587 0.076123289764 0.452395647764 0.158719271421 0.874272108078
1403715983.834058046341 1.253898739815 -0.789321839809 0.128428816795 0.082986526191 0.427961140871 0.151185646653 0.887189626694
1403715983.884058237076 1.239130735397 -0.793730616570 0.134173184633 0.087114691734 0.402434557676 0.144120350480 0.899825990200
1403715983.934058189392 1.223600864410 -0.799198448658 0.165832102299 0.092045657337 0.381338775158 0.137699082494 0.909476399422
1403715983.984058141708 1.213058948517 -0.791049003601 0.176337331533 0.098699018359 0.355550974607 0.132104188204 0.919994890690
1403715984.034058094025 1.170587897301 -0.828215599060 0.230761289597 0.094941683114 0.344836503267 0.131013050675 0.924613118172
1403715984.084058284760 1.131530880928 -0.845830678940 0.265035688877 0.093975543976 0.328642070293 0.130040928721 0.930726766586
1403715984.134057998657 1.112127900124 -0.863488674164 0.263358503580 0.086387142539 0.306019783020 0.126219108701 0.939658403397
1403715984.184058189392 1.083106756210 -0.860252916813 0.265796303749 0.086232289672 0.283268421888 0.123681291938 0.947114527225
1403715984.234058141708 1.053898096085 -0.876334249973 0.285772502422 0.081489786506 0.266449570656 0.120830416679 0.952766537666
1403715984.284058094025 1.028223872185 -0.873582661152 0.279131293297 0.080757141113 0.244760662317 0.114689208567 0.959383606911
1403715984.334058046341 0.998353481293 -0.874132454395 0.305541157722 0.086103633046 0.229218453169 0.112530589104 0.963006734848
1403715984.384058237076 0.970887303352 -0.890460968018 0.305483609438 0.083510890603 0.211151629686 0.108348280191 0.967833459377
1403715984.434058189392 0.941775202751 -0.891894459724 0.296477377415 0.085404865444 0.191800549626 0.100073568523 0.972575902939
1403715984.484058141708 0.915966272354 -0.895635008812 0.300524383783 0.084832936525 0.174449011683 0.093704886734 0.976519465446
1403715984.534058094025 0.886832177639 -0.893765985966 0.276720881462 0.079729668796 0.152727723122 0.084428831935 0.981422007084
1403715984.584058284760 0.849645555019 -0.899099767208 0.262522310019 0.068925693631 0.134126707911 0.076069764793 0.985633134842
1403715984.634057998657 0.828669726849 -0.895246267319 0.244715079665 0.059826627374 0.113863058388 0.065553791821 0.989524483681
1403715984.684058189392 0.796724796295 -0.893294155598 0.226417154074 0.049781084061 0.092586837709 0.056346081197 0.992861866951
1403715984.734058141708 0.774345576763 -0.873267412186 0.211808890104 0.051280304790 0.069036208093 0.049455728382 0.995067119598
1403715984.784058094025 0.754394829273 -0.882439553738 0.199212715030 0.044275783002 0.042175456882 0.044432792813 0.997139215469
1403715984.834058046341 0.708312451839 -0.885853886604 0.174842089415 0.041228480637 0.023888409138 0.043033778667 0.997936725616
1403715984.884058237076 0.644716143608 -0.880722939968 0.151822000742 0.043433077633 0.011094773188 0.039770185947 0.998202800751
1403715984.934058189392 0.612004935741 -0.874603569508 0.130767330527 0.044423844665 -0.010321358219 0.032828103751 0.998419940472
1403715984.984058141708 0.617522299290 -0.864265263081 0.128713473678 0.050106685609 -0.043456383049 0.023927094415 0.997511088848
1403715985.034058094025 0.605026900768 -0.854062497616 0.110956355929 0.055152934045 -0.064576223493 0.014706267044 0.996279001236
1403715985.084058284760 0.579889357090 -0.850399732590 0.087770827115 0.055786881596 -0.078109018505 0.004313922022 0.995373427868
1403715985.134057998657 0.573190510273 -0.857958257198 0.076035611331 0.050774309784 -0.095123670995 -0.003728648415 0.994162738323
1403715985.184058189392 0.536018669605 -0.828550457954 0.043761260808 0.059804547578 -0.097467347980 -0.009151058272 0.993398129940
1403715985.234058141708 0.517976045609 -0.833755314350 0.021907433867 0.057537980378 -0.103968434036 -0.017767760903 0.992755949497
1403715985.284058094025 0.494909793139 -0.818013072014 -0.003239239100 0.061306357384 -0.103676788509 -0.028727404773 0.992304086685
1403715985.334058046341 0.469565987587 -0.817944347858 -0.026677537709 0.060606349260 -0.102002672851 -0.039590984583 0.992146611214
1403715985.384058237076 0.454266011715 -0.815063238144 -0.052985906601 0.060272227973 -0.101042382419 -0.044482395053 0.992057979107
1403715985.434058189392 0.431803554296 -0.811742722988 -0.074989333749 0.058089572936 -0.098916411400 -0.042196787894 0.992502212524
1403715985.484058141708 0.415008097887 -0.813034594059 -0.096945174038 0.051226582378 -0.096661478281 -0.037008389831 0.993309020996
1403715985.534058094025 0.399120599031 -0.802320361137 -0.123793035746 0.044682469219 -0.092707343400 -0.029982145876 0.994238376617
1403715985.584058284760 0.386333107948 -0.769070088863 -0.154022157192 0.040848106146 -0.086995624006 -0.022312361747 0.995120823383
1403715985.634057998657 0.352172613144 -0.765116572380 -0.179736033082 0.024458087981 -0.075839348137 -0.016136309132 0.996689438820
1403715985.684058189392 0.340421169996 -0.754354178905 -0.209438234568 0.010696618818 -0.070755749941 -0.009730702266 0.997388899326
1403715985.734058141708 0.311807185411 -0.775960862637 -0.222906768322 -0.014240866527 -0.063425011933 -0.004900508095 0.997873008251
1403715985.784058094025 0.304021388292 -0.741747200489 -0.249490872025 -0.021385502070 -0.062329623848 0.006492094137 0.997805356979
1403715985.834058046341 0.278789609671 -0.746821701527 -0.273579329252 -0.034679744393 -0.057154364884 0.016208454967 0.997631192207
1403715985.884058237076 0.259296804667 -0.727823972702 -0.295159280300 -0.037064190954 -0.053196355700 0.025213662535 0.997577428818
1403715985.934058189392 0.236749127507 -0.703104615211 -0.313096702099 -0.033406257629 -0.048663053662 0.032396335155 0.997730672359
1403715985.984058141708 0.226532250643 -0.705032587051 -0.324393600225 -0.033737808466 -0.047672268003 0.037372183055 0.997593343258
1403715986.034058094025 0.185378387570 -0.688378274441 -0.342523366213 -0.028341729194 -0.038782905787 0.041955653578 0.997964084148
1403715986.084058284760 0.178922250867 -0.671033918858 -0.354323416948 -0.022218242288 -0.038892585784 0.045777875930 0.997946918011
1403715986.134057998657 0.157424420118 -0.647257506847 -0.368622750044 -0.015911584720 -0.036467645317 0.049849789590 0.997963905334
1403715986.184058189392 0.146974459291 -0.618951857090 -0.377482771873 -0.008803829551 -0.037105452269 0.052905790508 0.997871100903
1403715986.234058141708 0.123197533190 -0.615417301655 -0.384393721819 -0.008765405975 -0.033345591277 0.054357189685 0.997926115990
1403715986.284058094025 0.110196113586 -0.573324561119 -0.393703073263 0.000164394631 -0.031866509467 0.051678106189 0.998155236244
1403715986.334058046341 0.099941223860 -0.562437832355 -0.398635268211 0.004575120285 -0.028909917921 0.045321729034 0.998543560505
1403715986.384058237076 0.095139876008 -0.548923671246 -0.404385834932 0.012408453971 -0.027430105954 0.038455430418 0.998806715012
1403715986.434058189392 0.077272683382 -0.534610986710 -0.409915417433 0.018358876929 -0.023288365453 0.032130807638 0.999043703079
1403715986.484058141708 0.069634988904 -0.519718647003 -0.415371745825 0.017952980474 -0.022838503122 0.027588875964 0.999197185040
1403715986.534058094025 0.063451252878 -0.490267515182 -0.417940229177 0.013897704892 -0.023435357958 0.023229246959 0.999358832836
1403715986.584058284760 0.051925618201 -0.474127918482 -0.421628981829 0.002304760274 -0.022611819208 0.020595844835 0.999529480934
1403715986.634057998657 0.041942648590 -0.460164040327 -0.425593286753 -0.012949559838 -0.023264048621 0.017186312005 0.999497771263
1403715986.684058189392 0.038253068924 -0.440848708153 -0.430382043123 -0.025749748573 -0.025291223079 0.015581710264 0.999226987362
1403715986.734058141708 0.026750730351 -0.425596565008 -0.432271927595 -0.035765137523 -0.025580435991 0.013950586319 0.998935401440
1403715986.784058094025 0.014031406492 -0.412994652987 -0.431105494499 -0.041112259030 -0.025412106887 0.011739457026 0.998762369156
1403715986.834058046341 0.008937420323 -0.398314446211 -0.427582889795 -0.040126405656 -0.026502093300 0.011247498915 0.998779773712
1403715986.884058237076 -0.002869322430 -0.384986400604 -0.426201879978 -0.035876605660 -0.025939425454 0.010152833536 0.998967945576
1403715986.934058189392 -0.007945150137 -0.374676257372 -0.423520028591 -0.029214268550 -0.026480607688 0.012024654076 0.999149978161
1403715986.984058141708 -0.019793728366 -0.360130727291 -0.416307240725 -0.017442600802 -0.023543421179 0.014103733934 0.999471127987
1403715987.034058094025 -0.028027197346 -0.348087549210 -0.408680766821 -0.003667896613 -0.021248612553 0.022025255486 0.999524831772
1403715987.084058284760 -0.032866075635 -0.339473754168 -0.402437686920 0.008781597018 -0.017911341041 0.028606498614 0.999391734600
1403715987.134057998657 -0.031474865973 -0.331574887037 -0.396690398455 0.017738040537 -0.016947750002 0.041401397437 0.998841345310
1403715987.184058189392 -0.046048838645 -0.320680767298 -0.386919051409 0.026971945539 -0.010252788663 0.051332443953 0.998264670372
1403715987.234058141708 -0.043915119022 -0.314773023129 -0.380551666021 0.033094227314 -0.006651442964 0.060378339142 0.997604668140
1403715987.284058094025 -0.047108706087 -0.298542290926 -0.371810972691 0.040899213403 -0.000397556869 0.068185776472 0.996833920479
1403715987.334058046341 -0.051047392190 -0.293855130672 -0.365408301353 0.041467394680 0.006438739132 0.071307487786 0.996571242809
1403715987.384058237076 -0.056857977062 -0.284328192472 -0.361683368683 0.041595771909 0.015053557232 0.068025402725 0.996702432632
1403715987.434058189392 -0.058772183955 -0.273374676704 -0.357206821442 0.040262371302 0.021969305351 0.062665827572 0.996980071068
1403715987.484058141708 -0.056613754481 -0.254913270473 -0.355027288198 0.039393689483 0.027543112636 0.055516008288 0.997300088406
1403715987.534058094025 -0.055573388934 -0.250354617834 -0.352493792772 0.032525554299 0.031453929842 0.050475820899 0.997699797153
1403715987.584058284760 -0.054706189781 -0.237573429942 -0.349796205759 0.028091697022 0.034219998866 0.046334281564 0.997944414616
1403715987.634057998657 -0.055556956679 -0.226846188307 -0.349127113819 0.024434380233 0.036487244070 0.043902467936 0.998070240021
1403715987.684058189392 -0.053638353944 -0.216680496931 -0.350063055754 0.022964034230 0.037283517420 0.041054226458 0.998196959496
1403715987.734058141708 -0.053031239659 -0.205630943179 -0.349401116371 0.020563419908 0.037669181824 0.038107067347 0.998351693153
1403715987.784058094025 -0.051141694188 -0.196042761207 -0.350192397833 0.016131656244 0.037754844874 0.035083584487 0.998540699482
1403715987.834058046341 -0.051448695362 -0.188592731953 -0.349953740835 0.006868802942 0.037242501974 0.033040761948 0.998736262321
1403715987.884058237076 -0.050378460437 -0.173027098179 -0.348724454641 0.000079213612 0.036512434483 0.031434107572 0.998838663101
1403715987.934058189392 -0.049996692687 -0.169830471277 -0.349879831076 -0.009225278161 0.035065207630 0.030382348225 0.998880505562
1403715987.984058141708 -0.047820199281 -0.159014478326 -0.348526090384 -0.014932642691 0.033590950072 0.028658702970 0.998913109303
1403715988.034058094025 -0.047072518617 -0.148177593946 -0.346798151731 -0.015871824697 0.032239165157 0.028762865812 0.998940169811
1403715988.084058284760 -0.045081410557 -0.144229009748 -0.342509180307 -0.013859594241 0.030249020085 0.027772469446 0.999060392380
1403715988.134057998657 -0.043458122760 -0.129409894347 -0.342375844717 -0.004761661403 0.028841663152 0.027695089579 0.999188899994
1403715988.184058189392 -0.043328482658 -0.126872017980 -0.338009059429 0.001337182824 0.028171446174 0.025952795520 0.999265253544
1403715988.234058141708 -0.044577512890 -0.124906554818 -0.334679901600 0.007109384052 0.028090070933 0.023896059021 0.999294459820
1403715988.284058094025 -0.040094431490 -0.118455983698 -0.330196171999 0.014893098734 0.026680877432 0.023394202814 0.999259293079
1403715988.334058046341 -0.040977280587 -0.114890784025 -0.328693032265 0.020792871714 0.026760263368 0.021831147373 0.999187171459
1403715988.384058237076 -0.045147776604 -0.114457100630 -0.323298066854 0.025395100936 0.026675734669 0.022075630724 0.999077677727
1403715988.434058189392 -0.042946323752 -0.112078651786 -0.320945262909 0.027874985710 0.024610333145 0.024852264673 0.998999357224
1403715988.484058141708 -0.038901451975 -0.107565611601 -0.318686485291 0.031135806814 0.021531432867 0.029226260260 0.998855769634
1403715988.534058094025 -0.045347537845 -0.102282695472 -0.316546350718 0.032522104681 0.020878717303 0.035479206592 0.998622834682
1403715988.584058284760 -0.049267139286 -0.100439846516 -0.313004791737 0.032239388674 0.020137168467 0.040179111063 0.998469233513
1403715988.634057998657 -0.044432535768 -0.092393577099 -0.314275413752 0.032897107303 0.016418190673 0.047334689647 0.998202264309
1403715988.684058189392 -0.045563921332 -0.092424415052 -0.314633637667 0.029823979363 0.014454959892 0.053832441568 0.997999846935
1403715988.734058141708 -0.045889288187 -0.090447627008 -0.313059508801 0.026231290773 0.013513115235 0.057317320257 0.997919857502
1403715988.784058094025 -0.046099852771 -0.083131678402 -0.312775075436 0.022238116711 0.013644522987 0.059287838638 0.997899949551
1403715988.834058046341 -0.041442073882 -0.080866381526 -0.316150188446 0.016728337854 0.014202363789 0.057391155511 0.998110592365
1403715988.884058237076 -0.037656798959 -0.082778237760 -0.315936177969 0.010314982384 0.016029238701 0.053046878427 0.998410105705
1403715988.934058189392 -0.035397652537 -0.074505262077 -0.318236380816 0.008622084744 0.018259612843 0.049946717918 0.998547732830
1403715988.984058141708 -0.029986018315 -0.073976896703 -0.319264948368 0.006704180501 0.020057028159 0.046367689967 0.998700618744
1403715989.034058094025 -0.024209661409 -0.071013264358 -0.320502340794 0.006143875420 0.021784216166 0.042722534388 0.998830556870
1403715989.084058284760 -0.022346451879 -0.067621998489 -0.320321023464 0.005471404642 0.023836726323 0.040823049843 0.998867034912
1403715989.134057998657 -0.017846072093 -0.068957626820 -0.323412001133 0.005213631783 0.025953307748 0.038577571511 0.998904943466
1403715989.184058189392 -0.015012589283 -0.066633641720 -0.322941213846 0.005092968233 0.027333509177 0.038517929614 0.998871028423
1403715989.234058141708 -0.009264908731 -0.067427746952 -0.322884261608 0.004192649852 0.028445504606 0.037278927863 0.998891174793
1403715989.284058094025 -0.004702675622 -0.067009575665 -0.322049826384 0.004503941629 0.029424425215 0.037386320531 0.998857438564
1403715989.334058046341 -0.000362433435 -0.068179115653 -0.322766035795 0.004922821186 0.030408490449 0.037626679987 0.998817026615
1403715989.384058237076 0.006549530663 -0.067788667977 -0.319632142782 0.006184814498 0.030596770346 0.037191689014 0.998820543289
1403715989.434058189392 0.009731784463 -0.068002127111 -0.320886731148 0.005111784209 0.032081920654 0.036547388881 0.998803734779
1403715989.484058141708 0.016828373075 -0.069102324545 -0.319300115108 0.004766512197 0.031654600054 0.036661732942 0.998814880848
1403715989.534058094025 0.021403625607 -0.068560183048 -0.318772226572 0.004230500199 0.032111972570 0.037066720426 0.998787760735
1403715989.584058284760 0.028608510271 -0.068703688681 -0.315889447927 0.006129897200 0.032507818192 0.036766305566 0.998776257038
1403715989.634057998657 0.033693701029 -0.069284290075 -0.313528507948 0.010603073053 0.033663749695 0.035776015371 0.998736381531
1403715989.684058189392 0.041843507439 -0.068663775921 -0.309851676226 0.016369903460 0.033619135618 0.033971186727 0.998723089695
1403715989.734058141708 0.047305729240 -0.069620877504 -0.308434575796 0.020624978468 0.033961523324 0.033281646669 0.998655915260
1403715989.784058094025 0.054616812617 -0.065700173378 -0.304332643747 0.025051228702 0.034157156944 0.032150980085 0.998585045338
1403715989.834058046341 0.060099199414 -0.069467358291 -0.302907019854 0.025744874030 0.034312192351 0.029378382489 0.998647511005
1403715989.884058237076 0.060083810240 -0.067291483283 -0.298255085945 0.027363304049 0.036063171923 0.027699453756 0.998590767384
1403715989.934058189392 0.066283404827 -0.065918907523 -0.295797973871 0.028096953407 0.036607138813 0.024306505919 0.998638927937
1403715989.984058141708 0.074906669557 -0.065445236862 -0.296526908875 0.027422878891 0.035151239485 0.023449067026 0.998730480671
1403715990.034058094025 0.072790898383 -0.061126660556 -0.291074514389 0.027476603165 0.036653995514 0.022027239203 0.998707354069
1403715990.084058284760 0.081348560750 -0.057944871485 -0.291728079319 0.027003342286 0.034832429141 0.021842893213 0.998789489269
1403715990.134057998657 0.082037888467 -0.055844824761 -0.290332853794 0.025544673204 0.034953720868 0.020930744708 0.998843133450
1403715990.184058189392 0.084541685879 -0.052286040038 -0.288931787014 0.024584122002 0.034247994423 0.020447792485 0.998901724815
1403715990.234058141708 0.086641035974 -0.048388611525 -0.286757141352 0.022882830352 0.034263353795 0.019440386444 0.998961687088
1403715990.284058094025 0.087490908802 -0.046015102416 -0.286533772945 0.021479561925 0.034257128835 0.019321216270 0.998995363712
1403715990.334058046341 0.089889809489 -0.040593881160 -0.282750278711 0.021355351433 0.033406481147 0.017488744110 0.999060630798
1403715990.384058237076 0.092792347074 -0.035000521690 -0.283113837242 0.020718079060 0.032892622054 0.016532495618 0.999107360840
1403715990.434058189392 0.092471502721 -0.030031392351 -0.282160282135 0.018825912848 0.032991677523 0.016315573826 0.999145150185
1403715990.484058141708 0.092509970069 -0.022632081062 -0.279610842466 0.017518641427 0.033060230315 0.014642839320 0.999192535877
1403715990.534058094025 0.091923736036 -0.014636567794 -0.275275170803 0.017127858475 0.032380882651 0.014131124131 0.999228954315
1403715990.584058284760 0.090803153813 -0.004742640071 -0.272300422192 0.015532441437 0.032381098717 0.014074067585 0.999255776405
1403715990.634057998657 0.089488685131 0.000664434629 -0.270906358957 0.011705490761 0.031310129911 0.013719749637 0.999347031116
1403715990.684058189392 0.088013336062 0.011082265526 -0.265897929668 0.008847690187 0.031519301236 0.012038094923 0.999391496181
1403715990.734058141708 0.084114044905 0.019426990300 -0.260779529810 0.005490491632 0.031130323187 0.012730368413 0.999419152737
1403715990.784058094025 0.077158004045 0.027428355068 -0.263701707125 0.002691383008 0.031274061650 0.012513509020 0.999428927898
1403715990.834058046341 0.073386639357 0.036321397871 -0.260408699512 -0.000468671409 0.030419340357 0.012735531665 0.999455988407
1403715990.884058237076 0.068501077592 0.045164920390 -0.254679024220 -0.002732830122 0.030691333115 0.011076068506 0.999463796616
1403715990.934058189392 0.063427127898 0.055454991758 -0.247457057238 -0.003144772025 0.030813336372 0.011341065168 0.999455869198
1403715990.984058141708 0.060293052346 0.061469677836 -0.234821230173 -0.001720783417 0.029712917283 0.009066794068 0.999515891075
1403715991.034058094025 0.033001225442 0.063127703965 -0.232442483306 -0.000513927953 0.033382367343 0.011357795447 0.999378025532
1403715991.084058284760 0.036443248391 0.067132540047 -0.226568087935 0.004099234939 0.030001688749 0.009828192182 0.999493181705
1403715991.134057998657 0.030334210023 0.068021267653 -0.224271446466 0.012129001319 0.028482273221 0.017219135538 0.999372363091
1403715991.184058189392 0.030719723552 0.061932127923 -0.222322776914 0.011520004831 0.028674712405 0.012395462953 0.999445557594
1403715991.234058141708 0.029346527532 0.064354076982 -0.227991327643 0.010000288486 0.030719848350 0.005071770865 0.999465167522
1403715991.284058094025 0.024564124644 0.067589581013 -0.225095435977 0.013299234211 0.032007303089 0.002768652979 0.999395310879
1403715991.334058046341 0.029854467139 0.069203913212 -0.224153891206 0.017174746841 0.030834699050 0.008012660779 0.999344825745
1403715991.384058237076 0.031346078962 0.071298122406 -0.222687438130 0.016475237906 0.025672815740 0.018953429535 0.999354898930
1403715991.434058189392 0.029922878370 0.071224279702 -0.220933228731 0.016179859638 0.027158871293 0.016435885802 0.999365031719
1403715991.484058141708 0.035807415843 0.071915462613 -0.226690411568 0.017218787223 0.024235442281 0.017665391788 0.999401867390
1403715991.534058094025 0.032896667719 0.072568170726 -0.228763118386 0.016526279971 0.024115309119 0.019796039909 0.999376535416
1403715991.584058284760 0.036777984351 0.072067752481 -0.226560831070 0.018118213862 0.023830346763 0.018029950559 0.999389231205
1403715991.634057998657 0.036013528705 0.071448653936 -0.225662767887 0.016887690872 0.024649841711 0.018573952839 0.999380946159
1403715991.684058189392 0.036338858306 0.070802740753 -0.225273504853 0.016480050981 0.023913623765 0.018242208287 0.999411702156
1403715991.734058141708 0.035888038576 0.070103988051 -0.226301461458 0.016765370965 0.025070546195 0.017666537315 0.999388992786
1403715991.784058094025 0.035186611116 0.069123849273 -0.225193977356 0.015632377937 0.025196161121 0.017891455442 0.999400198460
1403715991.834058046341 0.036050286144 0.070925049484 -0.223484709859 0.017352299765 0.024314463139 0.018150750548 0.999388933182
1403715991.884058237076 0.034914005548 0.070407599211 -0.225481644273 0.016812602058 0.025297179818 0.017411921173 0.999386906624
1403715991.934058189392 0.034272607416 0.069708973169 -0.221635103226 0.016288269311 0.025378005579 0.017555151135 0.999391078949
1403715991.984058141708 0.035634450614 0.070121482015 -0.222868219018 0.016741516069 0.025134928524 0.018053695560 0.999380826950
1403715992.034058094025 0.035591479391 0.069915436208 -0.221767976880 0.016644345596 0.024872714654 0.018895372748 0.999373435974
1403715992.084058284760 0.035291623324 0.070178881288 -0.225187674165 0.016123643145 0.024524621665 0.017974087968 0.999407589436
1403715992.134057998657 0.035643413663 0.071022346616 -0.223236516118 0.016863180324 0.025209328160 0.017534183338 0.999386191368
1403715992.184058189392 0.035123229027 0.070829011500 -0.222007021308 0.016787743196 0.024822060019 0.018424987793 0.999381124973
1403715992.234058141708 0.035210568458 0.070034869015 -0.222647204995 0.016527887434 0.025091730058 0.018111435696 0.999384462833
1403715992.284058094025 0.035467758775 0.070420041680 -0.222807019949 0.016879839823 0.025039305910 0.017376275733 0.999392926693
1403715992.334058046341 0.036104232073 0.071387276053 -0.223035857081 0.016994750127 0.025065755472 0.017799420282 0.999382853508
1403715992.384058237076 0.035108402371 0.070786431432 -0.221896454692 0.016847910360 0.025429977104 0.017907219008 0.999374210835
1403715992.434058189392 0.035930220038 0.071476452053 -0.221728891134 0.017474610358 0.025137497112 0.018244832754 0.999364733696
1403715992.484058141708 0.035633478314 0.071827940643 -0.222158133984 0.016657767817 0.025112830102 0.017668528482 0.999389648438
1403715992.534058094025 0.036916654557 0.072506226599 -0.221243217587 0.017395270988 0.024919750169 0.016527881846 0.999401450157
1403715992.584058284760 0.036269024014 0.073231972754 -0.223752781749 0.017802197486 0.025223987177 0.018025245517 0.999360799789
1403715992.634057998657 0.037075065076 0.072668932378 -0.222278878093 0.017742631957 0.024692634121 0.018160415813 0.999372661114
1403715992.684058189392 0.036825507879 0.072936378419 -0.222894176841 0.017426105216 0.025157697499 0.018011059612 0.999369323254
1403715992.734058141708 0.036249522120 0.072403900325 -0.222150206566 0.017541510984 0.025060705841 0.018058175221 0.999368906021
1403715992.784058094025 0.035933997482 0.072787277400 -0.220913678408 0.018291160464 0.025089822710 0.018505858257 0.999346554279
1403715992.834058046341 0.036271020770 0.072811380029 -0.222069486976 0.017609827220 0.025274854153 0.018327699974 0.999357402325
1403715992.884058237076 0.036436900496 0.073006540537 -0.221894830465 0.017980292439 0.024798916653 0.018078388646 0.999367237091
1403715992.934058189392 0.036753132939 0.073425643146 -0.222016155720 0.018330456689 0.024804251269 0.018124610186 0.999359905720
1403715992.984058141708 0.035797644407 0.072871968150 -0.221436649561 0.017813300714 0.025809157640 0.017775401473 0.999350070953
1403715993.034058094025 0.036708664149 0.071740746498 -0.221570193768 0.017144339159 0.024895889685 0.018492603675 0.999371945858
1403715993.084058284760 0.036532040685 0.072913639247 -0.221469596028 0.018236661330 0.024913107976 0.018254246563 0.999356567860
1403715993.134057998657 0.036971397698 0.072612918913 -0.221591189504 0.017596913502 0.024554159492 0.018034894019 0.999380946159
1403715993.184058189392 0.036629654467 0.072617076337 -0.222033008933 0.018120577559 0.024900371209 0.017888257280 0.999365627766
1403715993.234058141708 0.036465495825 0.072244800627 -0.221386179328 0.018005613238 0.024884425104 0.017968913540 0.999366641045
1403715993.284058094025 0.036806479096 0.072049304843 -0.222647711635 0.017851438373 0.024703050032 0.017800321802 0.999376952648
1403715993.334058046341 0.036570210010 0.071147114038 -0.221952676773 0.017578665167 0.024399308488 0.018158270046 0.999382793903
1403715993.384058237076 0.035604186356 0.071915827692 -0.221841990948 0.017532151192 0.025279032066 0.017836455256 0.999367535114
1403715993.434058189392 0.036810070276 0.071088939905 -0.221721649170 0.017318272963 0.024074764922 0.018752943724 0.999384224415
1403715993.484058141708 0.035933695734 0.072039358318 -0.221708670259 0.017885595560 0.024811331183 0.018476523459 0.999361395836
1403715993.534058094025 0.035594869405 0.070792585611 -0.221492469311 0.017119500786 0.025242635980 0.017635127530 0.999379217625
1403715993.584058284760 0.036163643003 0.071749441326 -0.222077175975 0.018012288958 0.024797139689 0.018582426012 0.999357461929
1403715993.634057998657 0.035201214254 0.072635382414 -0.222981840372 0.017619166523 0.025641122833 0.017856748775 0.999356448650
1403715993.684058189392 0.035831656307 0.072427429259 -0.222854450345 0.017435353249 0.025134587660 0.017703691497 0.999375224113
1403715993.734058141708 0.036112323403 0.071321912110 -0.222050413489 0.017483077943 0.025125281885 0.017988195643 0.999369561672
1403715993.784058094025 0.036253176630 0.071575917304 -0.223412469029 0.017465598881 0.024693775922 0.018516443670 0.999370992184
1403715993.834058046341 0.036616686732 0.070407964289 -0.222400277853 0.017538048327 0.025195231661 0.018170254305 0.999363541603
1403715993.884058237076 0.035573787987 0.071211688221 -0.222536563873 0.017550403252 0.025644607842 0.017610114068 0.999361932278
1403715993.934058189392 0.034693516791 0.070863835514 -0.222818031907 0.016193170100 0.025962769985 0.017974959686 0.999370098114
1403715993.984058141708 0.034583259374 0.070917829871 -0.221789091825 0.017932377756 0.025742696598 0.018024643883 0.999345242977
