1403715278412143104.000000 -0.000000438 -0.000000037 0.000000138 0.000000036 0.000000019 0.000000032 1.000000000
1403715278462142976.000000 -0.000462979 -0.000049631 0.001621203 -0.000327931 0.001967633 0.001006516 0.999997556
1403715278512143104.000000 -0.001300237 0.000712223 0.004210018 -0.000724456 0.005115397 0.002086946 0.999984562
1403715278562142976.000000 0.007184229 -0.001409426 0.007278504 -0.001333187 0.009236410 0.003358854 0.999950826
1403715278612143104.000000 0.011635367 -0.005574407 0.011919608 -0.002042838 0.014687163 0.004519648 0.999879837
1403715278662142976.000000 0.021149976 -0.002714805 0.011632839 -0.002070208 0.016260922 0.003907604 0.999858081
1403715278712143104.000000 0.031170070 -0.005740651 0.014885574 -0.001830806 0.019106206 0.006257084 0.999796271
1403715278762142976.000000 0.045135878 -0.007868352 0.018339496 -0.001228507 0.023207361 0.007990984 0.999697983
1403715278812143104.000000 0.061240599 -0.009773745 0.020491468 -0.000583597 0.026719166 0.009152962 0.999600947
1403715278862142976.000000 0.081400447 -0.012406210 0.022127299 0.000183878 0.030092640 0.010166965 0.999495387
1403715278912143104.000000 0.107674867 -0.013761264 0.022473169 0.000534531 0.030122735 0.010618392 0.999489725
1403715278962142976.000000 0.121373519 -0.015050150 0.023693725 0.000381522 0.032610245 0.010143672 0.999416590
1403715279012143104.000000 0.136576980 -0.017092273 0.025673421 -0.000060856 0.033308543 0.009143481 0.999403298
1403715279062142976.000000 0.150586382 -0.017932644 0.028412238 -0.000182048 0.032440286 0.009194639 0.999431372
1403715279112143104.000000 0.153986990 -0.019572642 0.032299932 -0.000354729 0.033429753 0.008792367 0.999402344
1403715279162142976.000000 0.163291320 -0.021665728 0.038166873 -0.000524705 0.031015366 0.007622649 0.999489725
1403715279212143104.000000 0.156348214 -0.023547700 0.046702523 -0.001116586 0.031350508 0.006625213 0.999485910
1403715279262142976.000000 0.154119357 -0.023091903 0.053364679 -0.000675179 0.030548103 0.006237585 0.999513686
1403715279312143104.000000 0.150661811 -0.024578137 0.059964217 -0.000676725 0.029516224 0.006086086 0.999545574
1403715279362142976.000000 0.146542475 -0.026982011 0.064997002 -0.000743288 0.028805915 0.006722169 0.999562204
1403715279412143104.000000 0.153618872 -0.027074723 0.067357793 0.000209801 0.026478015 0.008089679 0.999616683
1403715279462142976.000000 0.153216943 -0.026611410 0.072926871 0.000813852 0.025427330 0.008388249 0.999641180
1403715279512143104.000000 0.152807951 -0.027408192 0.076248325 0.000970020 0.025287423 0.008768846 0.999641299
1403715279562142976.000000 0.156070262 -0.028595153 0.077382892 0.000697830 0.025153985 0.007997403 0.999651432
1403715279612143104.000000 0.159797505 -0.028109081 0.078914918 0.000841188 0.024137361 0.007974408 0.999676526
1403715279662142976.000000 0.164961934 -0.029402668 0.078338429 0.000707325 0.023582276 0.007818266 0.999691129
1403715279712143104.000000 0.167202190 -0.029022085 0.079342969 0.000776037 0.024354689 0.007828399 0.999672472
1403715279762142976.000000 0.172764286 -0.027747361 0.078876071 0.001094826 0.024103006 0.008099921 0.999676108
1403715279812143104.000000 0.177962020 -0.027832005 0.078359917 0.001122846 0.023770409 0.008586033 0.999679983
1403715279862142976.000000 0.183473632 -0.027345825 0.076853476 0.001170898 0.023363132 0.008712015 0.999688387
1403715279912143104.000000 0.193809018 -0.028148195 0.074556082 0.000785085 0.021867424 0.008446590 0.999724925
1403715279962142976.000000 0.194785103 -0.027633388 0.073510930 0.000484055 0.020458713 0.007848912 0.999759793
1403715280012143104.000000 0.203856885 -0.023426604 0.071048804 0.000999119 0.013844151 0.008255529 0.999869585
1403715280062142976.000000 0.209058776 -0.025320854 0.068115063 0.000535814 0.006170782 0.008183449 0.999947369
1403715280112143104.000000 0.216314778 -0.023160763 0.069030091 -0.000669975 -0.000391605 0.005151832 0.999986470
1403715280162142976.000000 0.227866083 -0.023517298 0.067000471 -0.001740042 -0.004960181 0.002224343 0.999983788
1403715280212143104.000000 0.229112372 -0.022477586 0.067631274 -0.003461447 -0.004701083 -0.003019087 0.999978423
1403715280262142976.000000 0.245441467 -0.019812342 0.068679422 -0.004690213 -0.005367929 -0.006927747 0.999950647
1403715280312143104.000000 0.254447252 -0.019231165 0.070873335 -0.005612066 -0.003344947 -0.010424850 0.999924362
1403715280362142976.000000 0.266881227 -0.019970082 0.073287122 -0.006936905 -0.000906490 -0.012758062 0.999894202
1403715280412143104.000000 0.277918160 -0.024210108 0.075210370 -0.009413108 0.001839124 -0.014532915 0.999848425
1403715280462142976.000000 0.282143682 -0.024981534 0.079423554 -0.011033033 0.005100557 -0.011932372 0.999854982
1403715280512143104.000000 0.293667436 -0.028283495 0.085304841 -0.013962748 0.007128451 -0.005855365 0.999859989
1403715280562142976.000000 0.305280864 -0.031442322 0.089614414 -0.017957730 0.008858809 0.000318248 0.999799490
1403715280612143104.000000 0.312402576 -0.034683209 0.095164046 -0.024163116 0.012151321 0.007267667 0.999607742
1403715280662142976.000000 0.332259387 -0.038506869 0.101443887 -0.032562137 0.011370233 0.012920580 0.999321580
1403715280712143104.000000 0.345530897 -0.040928259 0.107868314 0.042039867 -0.012807030 -0.019066246 -0.998851955
1403715280762142976.000000 0.353213072 -0.043873843 0.114373967 0.052639786 -0.013400603 -0.024750331 -0.998216867
1403715280812143104.000000 0.362774014 -0.046317291 0.121226184 0.063733272 -0.013144762 -0.030491030 -0.997414470
1403715280862142976.000000 0.369210601 -0.049266700 0.129593015 -0.075224131 0.014484935 0.035612851 0.996425271
1403715280912143104.000000 0.378101289 -0.052177373 0.136994734 0.086083047 -0.014900705 -0.040059909 -0.995370746
1403715280962142976.000000 0.386978835 -0.055334020 0.144414678 0.095375873 -0.015465355 -0.043779060 -0.994357944
1403715281012143104.000000 0.395500362 -0.058580868 0.151538983 0.103426844 -0.015842380 -0.047508448 -0.993375480
1403715281062142976.000000 0.403931290 -0.062041752 0.158568308 0.110793971 -0.015443867 -0.049776401 -0.992475927
1403715281112143104.000000 0.412427098 -0.065580592 0.165784344 0.116872713 -0.015631789 -0.052084792 -0.991657019
1403715281162142976.000000 0.420879632 -0.069300540 0.173206523 0.121994995 -0.016133232 -0.053629909 -0.990949452
1403715281212143104.000000 0.429117739 -0.072828375 0.180877581 0.126767859 -0.016099509 -0.055248696 -0.990261734
1403715281262142976.000000 0.436974406 -0.075913429 0.188838705 0.131683618 -0.015771626 -0.057732698 -0.989483595
1403715281312143104.000000 0.444174588 -0.078768350 0.196684733 0.137422428 -0.014727229 -0.060189560 -0.988572478
1403715281362142976.000000 0.445961952 -0.080415249 0.205761984 -0.143606484 0.013859352 0.062667727 0.987551451
1403715281412143104.000000 0.452181935 -0.082791001 0.214383557 0.150730819 -0.012636388 -0.065356299 -0.986331165
1403715281462142976.000000 0.458138883 -0.084674135 0.223266691 0.159293994 -0.012260329 -0.068023652 -0.984808564
1403715281512143104.000000 0.463828593 -0.086225420 0.232269928 0.168893680 -0.011804002 -0.071253426 -0.982984543
1403715281562142976.000000 0.468811899 -0.087407105 0.241525978 0.179753572 -0.011028241 -0.074567132 -0.980819464
1403715281612143104.000000 0.473010004 -0.088402264 0.251043916 0.191485181 -0.010747513 -0.078649044 -0.978280306
1403715281662142976.000000 0.476339310 -0.089285642 0.260909528 0.203989998 -0.010515208 -0.083647251 -0.975336194
1403715281712143104.000000 0.479275882 -0.090169169 0.271015316 0.217341602 -0.009966905 -0.088429004 -0.972030640
1403715281762142976.000000 0.479463100 -0.091833368 0.283261061 -0.230940700 0.009574817 0.094029561 0.968366265
1403715281812143104.000000 0.481752276 -0.092592612 0.293755412 -0.244775265 0.008779662 0.099669673 0.964403450
1403715281862142976.000000 0.483830184 -0.093523309 0.304706186 0.258925021 -0.008973806 -0.105203733 -0.960109115
1403715281912143104.000000 0.485366404 -0.094313994 0.315900356 0.273061484 -0.008386227 -0.110324211 -0.955612719
1403715281962142976.000000 0.486396164 -0.095107615 0.327558309 0.286589772 -0.008226540 -0.115995660 -0.950969875
1403715282012143104.000000 0.487064600 -0.095908947 0.339645863 0.299778670 -0.008045812 -0.121788159 -0.946169019
1403715282062142976.000000 0.487225652 -0.096382521 0.352457345 0.312596560 -0.008029911 -0.127316132 -0.941280782
1403715282112143104.000000 0.487245739 -0.096807748 0.365846246 0.325537622 -0.007747286 -0.131013170 -0.936376393
1403715282162142976.000000 0.488025248 -0.098878115 0.382404268 -0.337736726 0.007504566 0.135846436 0.931355715
1403715282212143104.000000 0.487846375 -0.099289313 0.396273077 0.349909097 -0.007590583 -0.139595211 -0.926293314
1403715282262142976.000000 0.487533122 -0.099518210 0.410499781 0.361828655 -0.007048488 -0.144168466 -0.921002686
1403715282312143104.000000 0.487383395 -0.099539548 0.425206006 0.373417795 -0.006581555 -0.148680091 -0.915647328
1403715282362142976.000000 0.487245470 -0.099460617 0.440150499 0.385121435 -0.006212469 -0.152909845 -0.910088778
1403715282412143104.000000 0.487250000 -0.099232286 0.455577731 0.396940887 -0.004436599 -0.155845076 -0.904505730
1403715282462142976.000000 0.487279415 -0.099079460 0.471591741 0.408044994 -0.004283693 -0.160889924 -0.898663163
1403715282512143104.000000 0.490878552 -0.099544212 0.492521405 -0.419781625 0.004054915 0.164490715 0.892586052
1403715282562142976.000000 0.491019547 -0.099198550 0.509919703 0.430856347 -0.004099777 -0.168473706 -0.886545300
1403715282612143104.000000 0.491521180 -0.098869890 0.527642965 0.441733837 -0.005444263 -0.171469629 -0.880590677
1403715282662142976.000000 0.492017567 -0.098505825 0.545736492 0.452019066 -0.007319466 -0.175252512 -0.874592423
1403715282712143104.000000 0.492370248 -0.098273546 0.564154983 0.462118566 -0.009391375 -0.179568648 -0.868397057
1403715282762142976.000000 0.492474318 -0.098195881 0.582925498 0.471367687 -0.011743294 -0.184594035 -0.862322330
1403715282812143104.000000 0.492277801 -0.097732186 0.601929843 0.480480909 -0.013018483 -0.189972416 -0.856083632
1403715282862142976.000000 0.492256641 -0.097077429 0.621201694 0.490257680 -0.014177806 -0.193431661 -0.849723876
1403715282912143104.000000 0.495813400 -0.095035821 0.646553993 -0.500676095 0.015090842 0.196231037 0.842964530
1403715282962142976.000000 0.495325625 -0.094738275 0.665597200 0.510262847 -0.015962573 -0.200118884 -0.836259305
1403715283012143104.000000 0.495022029 -0.094578683 0.684382677 0.519737422 -0.017503625 -0.203981817 -0.829432368
1403715283062142976.000000 0.494673818 -0.094527483 0.703027308 0.528936446 -0.019537143 -0.208299756 -0.822469354
1403715283112143104.000000 0.494280905 -0.094756842 0.721524596 0.537631035 -0.021413764 -0.213151380 -0.815512657
1403715283162142976.000000 0.493986577 -0.095054865 0.739591002 0.545958698 -0.024037652 -0.218197018 -0.808542788
1403715283212143104.000000 0.493966281 -0.095534146 0.757918119 0.554301858 -0.026528791 -0.222820133 -0.801496685
1403715283262142976.000000 0.497401267 -0.092062235 0.782869518 -0.563377500 0.027614677 0.226611048 0.794034481
1403715283312143104.000000 0.497034550 -0.093309999 0.799927831 0.571374416 -0.029195549 -0.231026724 -0.786959648
1403715283362142976.000000 0.496748596 -0.094773948 0.815878987 0.579723895 -0.030469721 -0.233647972 -0.780000329
1403715283412143104.000000 0.495810032 -0.096512139 0.831025362 0.587147892 -0.029667696 -0.237732217 -0.773214519
1403715283462142976.000000 0.494567722 -0.098400414 0.845383048 0.594094455 -0.028274715 -0.241969615 -0.766618013
1403715283512143104.000000 0.493784547 -0.100119650 0.859139919 0.601262689 -0.025530856 -0.244918421 -0.760162115
1403715283562142976.000000 0.493478179 -0.101732731 0.872315943 0.608280957 -0.022428323 -0.247467414 -0.753824413
1403715283612143104.000000 0.494101971 -0.095693350 0.892876625 -0.614856899 0.018484915 0.250430882 0.747591972
1403715283662142976.000000 0.493620396 -0.097158074 0.905227005 0.619870663 -0.015686817 -0.252484173 -0.742809653
1403715283712143104.000000 0.493505269 -0.098480463 0.917536914 0.624149323 -0.014052767 -0.253758401 -0.738814533
1403715283762142976.000000 0.493748993 -0.099583805 0.929766417 0.627321362 -0.013499412 -0.255010098 -0.735700727
1403715283812143104.000000 0.494455993 -0.100223720 0.941991568 0.629898429 -0.014906852 -0.255715430 -0.733222604
1403715283862142976.000000 0.495356321 -0.100173354 0.954408169 0.632354975 -0.015532470 -0.255121827 -0.731299400
1403715283912143104.000000 0.496155620 -0.099756122 0.966743767 0.633810341 -0.017492352 -0.255212456 -0.729962468
1403715283962142976.000000 0.496755779 -0.098540425 0.979671538 0.634972036 -0.018451007 -0.255214363 -0.728927791
1403715284012143104.000000 0.496501535 -0.097146749 0.992699504 0.634855866 -0.017476492 -0.257044286 -0.728409827
1403715284062142976.000000 0.496208698 -0.095380664 1.005814195 0.634333372 -0.015931629 -0.258676231 -0.728322685
1403715284112143104.000000 0.491826952 -0.086565495 1.025079846 -0.633804381 0.014661987 0.261092156 0.727947772
1403715284162142976.000000 0.491280079 -0.084334731 1.037821412 -0.632273614 0.014490521 0.263504088 0.728413165
1403715284212143104.000000 0.492147654 -0.082985759 1.049877763 0.630079329 -0.016084269 -0.267068028 -0.728982925
1403715284262142976.000000 0.492440283 -0.080361247 1.061237931 0.627865374 -0.017930053 -0.270224869 -0.729686320
1403715284312143104.000000 0.492641956 -0.076868176 1.071886897 0.625376403 -0.020364214 -0.273514837 -0.730533540
1403715284362142976.000000 0.489247859 -0.071104169 1.081713319 -0.623655319 0.022759678 0.274832278 0.731439233
1403715284412143104.000000 0.489292651 -0.065536499 1.089894891 -0.623476505 0.021956405 0.272291332 0.732565641
1403715284462142976.000000 0.489346176 -0.059341550 1.097091675 0.623473287 -0.020514121 -0.268927366 -0.733851790
1403715284512143104.000000 0.489177197 -0.052163124 1.103424668 0.623895824 -0.017975677 -0.264174342 -0.735284150
1403715284562142976.000000 0.488892823 -0.044010043 1.109269261 0.624095380 -0.016678637 -0.259695321 -0.736739516
1403715284612143104.000000 0.488404185 -0.035353422 1.114776254 0.624235868 -0.015715184 -0.255162209 -0.738224149
1403715284662142976.000000 0.489413559 -0.026911497 1.119874716 0.624097824 -0.014102336 -0.251404256 -0.739661396
1403715284712143104.000000 0.487054437 -0.018635511 1.126674175 -0.623910964 0.013735367 0.248431966 0.740829408
1403715284762142976.000000 0.486393154 -0.009536147 1.131801248 -0.624206066 0.013244641 0.245887548 0.741438270
1403715284812143104.000000 0.485774249 -0.000545502 1.136934519 0.625738680 -0.013304379 -0.244045377 -0.740753651
1403715284862142976.000000 0.485456049 0.008203864 1.141690850 0.628467739 -0.014871966 -0.242779523 -0.738826931
1403715284912143104.000000 0.486353129 0.015296578 1.147310257 -0.631915748 0.018219972 0.243726000 0.735491872
1403715284962142976.000000 0.486709476 0.023411036 1.151630759 -0.637233615 0.022395803 0.244250715 0.730597913
1403715285012143104.000000 0.487428367 0.030628681 1.155993819 0.643408239 -0.028746231 -0.246243387 -0.724267781
1403715285062142976.000000 0.486783206 0.045784235 1.166162014 -0.650667191 0.034305561 0.248799950 0.716626823
1403715285112143104.000000 0.488245755 0.052068472 1.169117451 -0.658837855 0.036113944 0.250452757 0.708450377
1403715285162142976.000000 0.490171254 0.056517720 1.171417713 0.666317701 -0.036045257 -0.254005015 -0.700145006
1403715285212143104.000000 0.491939873 0.059873343 1.173617840 0.672971487 -0.035258420 -0.259779274 -0.691650987
1403715285262142976.000000 0.494687408 0.062481880 1.175430059 0.678216875 -0.034361836 -0.266045570 -0.684149802
1403715285312143104.000000 0.499193251 0.063934803 1.176440120 0.681652069 -0.033335786 -0.273841083 -0.677680075
1403715285362142976.000000 0.506542802 0.064935923 1.176044345 0.684260666 -0.031694449 -0.281291187 -0.672055125
1403715285412143104.000000 0.514902532 0.063843250 1.176872969 0.686216414 -0.028889250 -0.287683845 -0.667465746
1403715285462142976.000000 0.528778434 0.064605951 1.172773361 0.687694609 -0.026773088 -0.292234212 -0.664047182
1403715285512143104.000000 0.544514060 0.065713763 1.166983724 0.688733101 -0.025592148 -0.296076745 -0.661309600
1403715285562142976.000000 0.562013865 0.067286730 1.159459472 0.689620376 -0.026183965 -0.299170017 -0.658965468
1403715285612143104.000000 0.579757452 0.069293380 1.150892019 0.690446258 -0.027203452 -0.301359087 -0.657059133
1403715285662142976.000000 0.596988797 0.071744084 1.141174793 0.691316962 -0.027035225 -0.302502811 -0.655623496
1403715285712143104.000000 0.613214850 0.075005770 1.130234838 0.691921890 -0.027468299 -0.303952932 -0.654295206
1403715285762142976.000000 0.628920436 0.078553557 1.117841959 0.693582475 -0.027292268 -0.302460939 -0.653234959
1403715285812143104.000000 0.643649697 0.082455277 1.104332089 0.694919884 -0.026911715 -0.301321745 -0.652355313
1403715285862142976.000000 0.657097518 0.086793303 1.089990258 0.696625233 -0.023771716 -0.298692435 -0.651867449
1403715285912143104.000000 0.671825051 0.088671565 1.074377894 0.698242247 -0.019197706 -0.295123398 -0.651913762
1403715285962142976.000000 0.683465898 0.093893290 1.058756590 0.699401677 -0.014241447 -0.292839617 -0.651827872
1403715286012143104.000000 0.694532275 0.099475861 1.044111848 0.700665712 -0.009830752 -0.289902687 -0.651864588
1403715286062142976.000000 0.704547882 0.105751872 1.029205918 0.701870382 -0.006192308 -0.287476569 -0.651687741
1403715286112143104.000000 0.713620067 0.112558961 1.014767408 0.702261686 -0.004821429 -0.287075728 -0.651454508
1403715286162142976.000000 0.722110510 0.120029449 1.000609279 0.702000618 -0.005561064 -0.288501680 -0.651099861
1403715286212143104.000000 0.729842722 0.128018141 0.986665010 0.701320589 -0.007007126 -0.291145951 -0.650641561
1403715286262142976.000000 0.736985624 0.136793852 0.972749650 0.700769842 -0.007838410 -0.292784065 -0.650490344
1403715286312143104.000000 0.743974805 0.146537781 0.958734632 0.701010823 -0.007206520 -0.292233884 -0.650485516
1403715286362142976.000000 0.750588775 0.156772494 0.944871306 0.701549649 -0.006870845 -0.290876001 -0.650516808
1403715286412143104.000000 0.757720530 0.169035912 0.934927821 0.702026010 -0.005757629 -0.289792776 -0.650497139
1403715286462142976.000000 0.763254285 0.180531025 0.921998024 0.702810824 -0.004956756 -0.287898302 -0.650497496
1403715286512143104.000000 0.767751992 0.192604899 0.908355415 0.703659296 -0.003895031 -0.286465615 -0.650219917
1403715286562142976.000000 0.772458732 0.205327153 0.895361900 0.704726815 -0.004009952 -0.284696579 -0.649839878
1403715286612143104.000000 0.776902735 0.218512416 0.882539153 0.706260443 -0.005530438 -0.283893973 -0.648513615
1403715286662142976.000000 0.781550109 0.232009530 0.869725764 0.709510744 -0.008065992 -0.282334566 -0.645613432
1403715286712143104.000000 0.785798073 0.245650411 0.857320189 0.713997841 -0.011844070 -0.279875100 -0.641667247
1403715286762142976.000000 0.789296865 0.259159565 0.845323861 0.718873560 -0.013984534 -0.278760701 -0.636645675
1403715286812143104.000000 0.791867673 0.272218347 0.834014714 0.722942650 -0.012992497 -0.280164033 -0.631421685
1403715286862142976.000000 0.793680429 0.284987807 0.823787093 0.725748241 -0.010765959 -0.283801526 -0.626602173
1403715286912143104.000000 0.796013534 0.303949475 0.818768144 0.728236258 -0.006519222 -0.287285507 -0.622170866
1403715286962142976.000000 0.798659146 0.317134976 0.809491158 0.730408907 -0.003463411 -0.290062159 -0.618348479
1403715287012143104.000000 0.801148057 0.330314875 0.799717009 0.732695103 -0.000798898 -0.291648000 -0.614897430
1403715287062142976.000000 0.804495394 0.343822360 0.790769815 0.734739423 0.000078368 -0.293122292 -0.611749411
1403715287112143104.000000 0.808389246 0.357959509 0.782399833 0.737033308 0.001304407 -0.292679816 -0.609195232
1403715287162142976.000000 0.812788188 0.372877896 0.774652362 0.739469588 0.000207641 -0.291249454 -0.606925488
1403715287212143104.000000 0.817780912 0.388486207 0.767389178 0.742122233 -0.002183095 -0.288319647 -0.605079949
1403715287262142976.000000 0.822904170 0.404504538 0.760960460 0.744386077 -0.004112028 -0.286027402 -0.603374600
1403715287312143104.000000 0.828243732 0.420793116 0.755188763 0.746016085 -0.007155431 -0.284250170 -0.602171719
1403715287362142976.000000 0.833249629 0.437253177 0.750277162 0.747106791 -0.009046231 -0.283475727 -0.601158261
1403715287412143104.000000 0.837674499 0.464041054 0.745616794 0.747459650 -0.011159486 -0.284496665 -0.600201011
1403715287462142976.000000 0.843055248 0.480142832 0.741669953 0.747139037 -0.014999078 -0.287101716 -0.599275410
1403715287512143104.000000 0.848701835 0.493954420 0.738613307 0.747325182 -0.018410800 -0.290084362 -0.597509146
1403715287562142976.000000 0.854415298 0.507698417 0.735030293 0.748617947 -0.021759519 -0.293470621 -0.594115078
1403715287612143104.000000 0.860196590 0.520545483 0.730981469 0.750527143 -0.024889922 -0.298278064 -0.589168727
1403715287662142976.000000 0.866192460 0.532735109 0.726004720 0.753509700 -0.027687130 -0.302728325 -0.582934022
1403715287712143104.000000 0.872294605 0.544305325 0.719742298 0.757591844 -0.029557191 -0.306440979 -0.575564861
1403715287762142976.000000 0.878528416 0.555414975 0.712240577 0.762680531 -0.030622782 -0.309007376 -0.567358077
1403715287812143104.000000 0.884707332 0.565956652 0.703342855 0.769109488 -0.030386677 -0.309713066 -0.558233976
1403715287862142976.000000 0.896398842 0.592100441 0.686721087 0.776031137 -0.029666977 -0.310745627 -0.548026145
1403715287912143104.000000 0.902216077 0.602069378 0.675488949 0.783921838 -0.028704796 -0.310307562 -0.536984146
1403715287962142976.000000 0.906771719 0.610368490 0.664322257 0.792112410 -0.027472125 -0.309939831 -0.525110066
1403715288012143104.000000 0.911142409 0.618247390 0.652713418 0.800178826 -0.026633715 -0.310211986 -0.512614012
1403715288062142976.000000 0.915345013 0.625372052 0.641258001 0.807837129 -0.026810408 -0.310591996 -0.500213087
1403715288112143104.000000 0.918906212 0.632041693 0.630199969 0.814112425 -0.027319077 -0.312005281 -0.489006519
1403715288162142976.000000 0.920969367 0.638195634 0.619947493 0.819300771 -0.027048487 -0.313353211 -0.479400069
1403715288212143104.000000 0.920334399 0.643710375 0.611067533 0.823388219 -0.026189370 -0.314956427 -0.471326321
1403715288262142976.000000 0.917437911 0.648705602 0.603460133 0.826595545 -0.025432091 -0.316882074 -0.464412361
1403715288312143104.000000 0.912069917 0.653658867 0.596945345 0.829629004 -0.023601769 -0.317142636 -0.458889276
1403715288362142976.000000 0.901823461 0.660694361 0.593131721 0.831772804 -0.023109984 -0.318384737 -0.454148889
1403715288412143104.000000 0.891857147 0.665484428 0.589128613 0.833045006 -0.023518531 -0.319713920 -0.450850248
1403715288462142976.000000 0.879209816 0.669288874 0.585402608 0.833892345 -0.024352591 -0.320736259 -0.448507339
1403715288512143104.000000 0.870447934 0.672671080 0.580391169 0.834745049 -0.024944609 -0.320643038 -0.446952611
1403715288562142976.000000 0.864719987 0.675580859 0.574313462 0.834780991 -0.025845153 -0.321668714 -0.446096450
1403715288612143104.000000 0.862272739 0.677882433 0.566811383 0.834725320 -0.027577993 -0.322163820 -0.445739508
1403715288662142976.000000 0.863474607 0.680219889 0.557318807 0.834361076 -0.028252512 -0.323204398 -0.445625782
1403715288712143104.000000 0.867140353 0.682106853 0.546506703 0.834380031 -0.028137768 -0.322719038 -0.445949137
1403715288762142976.000000 0.871454835 0.683517218 0.535371006 0.834418178 -0.025034904 -0.322079092 -0.446525246
1403715288812143104.000000 0.874880672 0.684203982 0.524520218 0.834358454 -0.022927105 -0.321701407 -0.447021991
1403715288862142976.000000 0.884131551 0.677386999 0.516163528 0.834594786 -0.019077051 -0.321813434 -0.446680754
1403715288912143104.000000 0.882089436 0.676833570 0.507569075 0.835783303 -0.015416233 -0.320923150 -0.445238233
1403715288962142976.000000 0.875973463 0.677418530 0.498716325 0.837322772 -0.012636649 -0.320548505 -0.442695737
1403715289012143104.000000 0.867148578 0.676849723 0.492004871 0.838700652 -0.010856099 -0.321918637 -0.439126253
1403715289062142976.000000 0.855315328 0.676104486 0.486735851 0.840408623 -0.009776486 -0.323580682 -0.434641629
1403715289112143104.000000 0.840846002 0.675151825 0.482877105 0.842630744 -0.008099758 -0.324982971 -0.429294705
1403715289162142976.000000 0.825121641 0.674169183 0.480088174 0.844887495 -0.005848627 -0.325877190 -0.424187422
1403715289212143104.000000 0.809230506 0.673473060 0.477748334 0.847192883 -0.003840752 -0.326107264 -0.419408590
1403715289262142976.000000 0.793478012 0.672520041 0.476239979 0.849073291 -0.002704266 -0.327429414 -0.414556682
1403715289312143104.000000 0.776582360 0.668587506 0.475900441 0.851564944 -0.000702195 -0.328163415 -0.408834308
1403715289362142976.000000 0.760675550 0.667445183 0.475518137 0.854467630 0.000710498 -0.328849554 -0.402172327
1403715289412143104.000000 0.744279087 0.667454183 0.474943012 0.857092142 0.001441000 -0.331047267 -0.394713610
1403715289462142976.000000 0.726674318 0.667622149 0.475456059 0.859773099 0.001591425 -0.333662331 -0.386597008
1403715289512143104.000000 0.708378196 0.668282747 0.476542473 0.862438917 0.002164043 -0.336668342 -0.377953559
1403715289562142976.000000 0.689556062 0.669660151 0.477991343 0.865404785 0.002039643 -0.339021802 -0.368964314
1403715289612143104.000000 0.670267761 0.671965957 0.479803443 0.867859602 0.002089831 -0.341947854 -0.360398501
1403715289662142976.000000 0.650458038 0.675165653 0.481977224 0.869538784 0.002915341 -0.345323831 -0.353051543
1403715289712143104.000000 0.630361438 0.679501176 0.484182835 0.870830655 0.002118338 -0.348202169 -0.346994013
1403715289762142976.000000 0.608943641 0.685694814 0.482842833 0.872246981 0.002536145 -0.348785251 -0.342823207
1403715289812143104.000000 0.592422068 0.691810727 0.483898699 0.873046517 0.002179450 -0.349561363 -0.339988232
1403715289862142976.000000 0.578884840 0.698115826 0.484542280 0.873755157 0.001137895 -0.349361539 -0.338374287
1403715289912143104.000000 0.567710042 0.705982447 0.483796299 0.873898685 -0.001179184 -0.349408805 -0.337954581
1403715289962142976.000000 0.558960497 0.714534163 0.482110262 0.873339653 -0.001481459 -0.350108564 -0.338673621
1403715290012143104.000000 0.552415431 0.724119902 0.479039490 0.872584462 -0.001916390 -0.350677550 -0.340026468
1403715290062142976.000000 0.548741043 0.734618545 0.474320412 0.872020006 -0.002074926 -0.349871427 -0.342296541
1403715290112143104.000000 0.547749221 0.746097744 0.468338788 0.871922195 -0.001978057 -0.347285658 -0.345167488
1403715290162142976.000000 0.548754275 0.758652806 0.460579067 0.870973408 -0.001459829 -0.346135497 -0.348702580
1403715290212143104.000000 0.552018702 0.771883667 0.451334119 0.869317532 0.000670633 -0.346809924 -0.352149725
1403715290262142976.000000 0.560933173 0.782663167 0.444307804 0.867111325 0.001962585 -0.348963827 -0.355441213
1403715290312143104.000000 0.565150619 0.797403336 0.434465021 0.865156472 0.002266382 -0.350706041 -0.358475238
1403715290362142976.000000 0.570133448 0.813408375 0.424176455 0.863018751 0.002564921 -0.353117853 -0.361247659
1403715290412143104.000000 0.573203504 0.830201864 0.414261907 0.860704422 0.000918949 -0.356646091 -0.363305181
1403715290462142976.000000 0.575572908 0.847621143 0.404664516 0.858694017 0.000110506 -0.359756082 -0.364993364
1403715290512143104.000000 0.577618957 0.865787268 0.394567370 0.858157992 -0.001625384 -0.359574974 -0.366426140
1403715290562142976.000000 0.579877198 0.880066693 0.393084019 0.858716488 -0.002383136 -0.357388079 -0.367252022
1403715290612143104.000000 0.580312312 0.899309456 0.383063108 0.859556496 -0.005197658 -0.354965657 -0.367607325
1403715290662142976.000000 0.579754353 0.919566453 0.371712327 0.859805465 -0.007330415 -0.354480475 -0.367456734
1403715290712143104.000000 0.578504205 0.939989686 0.360506773 0.861356676 -0.007813657 -0.351061523 -0.367095917
1403715290762142976.000000 0.576885402 0.960679829 0.349171460 0.863056064 -0.008195384 -0.347423881 -0.366556793
1403715290812143104.000000 0.575102389 0.981512725 0.337971479 0.864245415 -0.010082006 -0.345097810 -0.365904093
1403715290862142976.000000 0.576143742 0.998180151 0.329929978 0.864416361 -0.012665395 -0.345347553 -0.365183532
1403715290912143104.000000 0.573328018 1.019033670 0.319984496 0.864510417 -0.013553637 -0.346184582 -0.364135087
1403715290962142976.000000 0.570301056 1.039973497 0.311032414 0.865168929 -0.016799934 -0.346241921 -0.362377018
1403715291012143104.000000 0.567208767 1.060737252 0.301993430 0.865992963 -0.021752678 -0.346230417 -0.360149533
1403715291062142976.000000 0.563996375 1.081315041 0.292947471 0.866531134 -0.027725812 -0.346855879 -0.357835293
1403715291112143104.000000 0.560211241 1.101240635 0.283601820 0.866942406 -0.033157825 -0.348422945 -0.354842275
1403715291162142976.000000 0.556269765 1.120372176 0.273920953 0.867554963 -0.038557585 -0.349375308 -0.351850390
1403715291212143104.000000 0.552077413 1.138275146 0.263980448 0.868503392 -0.042602487 -0.350112587 -0.348293215
1403715291262142976.000000 0.551177144 1.157094717 0.254146993 0.869696617 -0.045087565 -0.351028204 -0.344055504
1403715291312143104.000000 0.544712782 1.172042370 0.243865073 0.870944738 -0.046169776 -0.351789594 -0.339952558
1403715291362142976.000000 0.537046552 1.186044574 0.233503640 0.872494102 -0.046803232 -0.351990253 -0.335658312
1403715291412143104.000000 0.528409004 1.198562980 0.222953141 0.873636842 -0.046808578 -0.353323549 -0.331255525
1403715291462142976.000000 0.519237518 1.209755898 0.212258458 0.874877155 -0.045972168 -0.354681402 -0.326615423
1403715291512143104.000000 0.509199321 1.219547987 0.201085687 0.875707567 -0.043141082 -0.357243031 -0.321951061
1403715291562142976.000000 0.500430822 1.230807662 0.186183512 0.876469374 -0.041983433 -0.360172510 -0.316724837
1403715291612143104.000000 0.489664674 1.238209605 0.173831046 0.877220154 -0.041839689 -0.362764597 -0.311666757
1403715291662142976.000000 0.478848994 1.244386673 0.160938680 0.877970636 -0.042257696 -0.364888549 -0.306982607
1403715291712143104.000000 0.467301428 1.249830723 0.146925032 0.878557026 -0.042604540 -0.367095202 -0.302594602
1403715291762142976.000000 0.455978662 1.254730225 0.131541073 0.879871964 -0.039032064 -0.367290795 -0.298997372
1403715291812143104.000000 0.444319636 1.259184480 0.115203738 0.881401479 -0.034576122 -0.366561115 -0.295920640
1403715291862142976.000000 0.431930035 1.263240099 0.097762525 0.883319259 -0.025790915 -0.364545941 -0.293578267
1403715291912143104.000000 0.418452293 1.267338276 0.079486728 0.884934366 -0.017637568 -0.362713188 -0.291580737
1403715291962142976.000000 0.400686026 1.277628899 0.056644559 0.885728121 -0.013442589 -0.362451643 -0.289713562
1403715292012143104.000000 0.386200041 1.282999277 0.037451446 0.886183441 -0.009505138 -0.362407833 -0.288529187
1403715292062142976.000000 0.371994823 1.287292600 0.019901931 0.886418283 -0.007301967 -0.362297326 -0.288010478
1403715292112143104.000000 0.357632548 1.293534756 0.001169682 0.885945380 -0.006652542 -0.362289101 -0.289487988
1403715292162142976.000000 0.342742920 1.300485373 -0.017190814 0.884795427 -0.006016623 -0.362411797 -0.292845756
1403715292212143104.000000 0.328055412 1.308389425 -0.035955787 0.883301139 -0.004902633 -0.361607969 -0.298319817
1403715292262142976.000000 0.313579351 1.317447901 -0.055267572 0.881072819 -0.003898266 -0.361081332 -0.305476367
1403715292312143104.000000 0.298801541 1.327244997 -0.074881554 0.878107667 -0.002459351 -0.360589772 -0.314477295
1403715292362142976.000000 0.283792734 1.337981820 -0.095699668 0.875042796 0.000452962 -0.358959675 -0.324727446
1403715292412143104.000000 0.264557123 1.351112962 -0.119310379 0.871591508 0.001141423 -0.357095271 -0.335872084
1403715292462142976.000000 0.249584198 1.364292264 -0.140450835 0.867029011 0.003488482 -0.356387883 -0.348189861
1403715292512143104.000000 0.236842036 1.377965212 -0.160285592 0.863102853 0.002688710 -0.353061348 -0.361101151
1403715292562142976.000000 0.223996043 1.392904401 -0.180937529 0.859504759 0.001100755 -0.347254485 -0.375053018
1403715292612143104.000000 0.211822808 1.408730507 -0.201797247 0.856030583 0.000447534 -0.339642525 -0.389684975
1403715292662142976.000000 0.198063195 1.426788688 -0.223133326 0.853422821 -0.000794457 -0.328183740 -0.404925168
1403715292712143104.000000 0.187586188 1.443879724 -0.243563414 0.849121094 -0.000798596 -0.320050269 -0.420191050
1403715292762142976.000000 0.178570926 1.461380482 -0.263722181 0.844598711 -0.000650680 -0.311331064 -0.435575098
1403715292812143104.000000 0.171804070 1.478947520 -0.283044457 0.839058459 -0.000590301 -0.304664016 -0.450733274
1403715292862142976.000000 0.167805672 1.496534109 -0.301547527 0.832251728 0.000095481 -0.301146239 -0.465476066
1403715292912143104.000000 0.163883150 1.515276909 -0.319088936 0.824105501 0.000570497 -0.300907552 -0.479900569
1403715292962142976.000000 0.166127622 1.533056974 -0.336735964 0.815438211 -0.001687799 -0.302304775 -0.493629038
1403715293012143104.000000 0.171493530 1.550345182 -0.354696274 0.807442725 -0.005835029 -0.302395761 -0.506516516
1403715293062142976.000000 0.180051267 1.567674041 -0.372484565 0.799363852 -0.009817660 -0.302171290 -0.519243360
1403715293112143104.000000 0.188044488 1.586617947 -0.386713028 0.791913033 -0.014300169 -0.301006883 -0.531097054
1403715293162142976.000000 0.198555529 1.603885174 -0.403926611 0.784180760 -0.017182115 -0.300682306 -0.542545378
1403715293212143104.000000 0.209060907 1.620861888 -0.420671225 0.776682079 -0.018762322 -0.299503177 -0.553814828
1403715293262142976.000000 0.220052719 1.637813568 -0.437483311 0.769756556 -0.021786710 -0.297165960 -0.564528704
1403715293312143104.000000 0.231070101 1.654649019 -0.454200268 0.763506413 -0.023224372 -0.293028384 -0.575024188
1403715293362142976.000000 0.238779187 1.670240164 -0.470373511 0.757742524 -0.025376445 -0.288057655 -0.584983110
1403715293412143104.000000 0.249777734 1.686015368 -0.486879468 0.752110064 -0.029451024 -0.282703668 -0.594593763
1403715293462142976.000000 0.260289788 1.701430440 -0.503300786 0.746573865 -0.031952791 -0.277904719 -0.603635311
1403715293512143104.000000 0.270655692 1.715380788 -0.519469380 0.740234852 -0.032071177 -0.275920153 -0.612284184
1403715293562142976.000000 0.280091524 1.726046681 -0.532341599 0.733828366 -0.031812053 -0.275018573 -0.620361805
1403715293612143104.000000 0.290619850 1.738224506 -0.548438907 0.727139056 -0.030390788 -0.275066465 -0.628238499
1403715293662142976.000000 0.300905466 1.749000669 -0.564961791 0.720379293 -0.028024055 -0.275739133 -0.635795772
1403715293712143104.000000 0.311766088 1.759494901 -0.581598163 0.714002788 -0.026169630 -0.275253445 -0.643234611
1403715293762142976.000000 0.322492361 1.769438863 -0.598370194 0.707431138 -0.024176959 -0.275227487 -0.650543213
1403715293812143104.000000 0.333982944 1.781009793 -0.614747405 0.701211572 -0.022391429 -0.274111897 -0.657771766
1403715293862142976.000000 0.344339609 1.790558100 -0.630924821 0.694545388 -0.021682069 -0.273681015 -0.665007770
1403715293912143104.000000 0.354337513 1.799985647 -0.646853089 0.687855184 -0.020346120 -0.272620320 -0.672398269
1403715293962142976.000000 0.363625586 1.809205055 -0.662617564 0.681303918 -0.019854156 -0.270234764 -0.680002928
1403715294012143104.000000 0.370656431 1.818023205 -0.677503943 0.674503267 -0.019909060 -0.267306209 -0.687892735
1403715294062142976.000000 0.374615729 1.814438462 -0.686415315 -0.667719960 0.020024130 0.263819247 0.695807815
1403715294112143104.000000 0.375625074 1.822473049 -0.698560596 -0.660563469 0.021939727 0.260129184 0.703922868
1403715294162142976.000000 0.373645544 1.831259489 -0.710591853 0.653425992 -0.024701208 -0.255885392 -0.712002158
1403715294212143104.000000 0.368871272 1.839215517 -0.721023560 0.646157861 -0.027510934 -0.251646906 -0.719998002
1403715294262142976.000000 0.361061454 1.846404076 -0.730128706 0.638311446 -0.030228190 -0.248301074 -0.728005052
1403715294312143104.000000 0.350042522 1.853029370 -0.738226950 0.630515397 -0.032218892 -0.244841889 -0.735842824
1403715294362142976.000000 0.335777283 1.858861923 -0.745364308 0.622412264 -0.033165455 -0.241779655 -0.743670404
1403715294412143104.000000 0.319510877 1.864385486 -0.751764059 0.614378691 -0.034242053 -0.237894848 -0.751513362
1403715294462142976.000000 0.302409291 1.869039536 -0.758044362 0.606487572 -0.034047838 -0.233574986 -0.759247243
1403715294512143104.000000 0.285083055 1.872687340 -0.764685392 0.598415017 -0.033388063 -0.229267254 -0.766955853
1403715294562142976.000000 0.269513190 1.870141387 -0.767442226 -0.589520514 0.030842897 0.227367073 0.774479568
1403715294612143104.000000 0.251561284 1.871806502 -0.774063826 -0.579935730 0.026643621 0.225801900 0.782290339
1403715294662142976.000000 0.233916283 1.873697042 -0.781930029 0.570752561 -0.021207234 -0.222711712 -0.790057838
1403715294712143104.000000 0.216302156 1.875107527 -0.789358497 0.561333179 -0.015633944 -0.219761595 -0.797725141
1403715294762142976.000000 0.198820382 1.876490712 -0.796728075 0.552108824 -0.011390931 -0.216431424 -0.805110931
1403715294812143104.000000 0.181640297 1.877978206 -0.803684473 0.542655706 -0.008676904 -0.213580176 -0.812301099
1403715294862142976.000000 0.164608896 1.879737258 -0.810167491 0.533651948 -0.006659374 -0.209811240 -0.819237769
1403715294912143104.000000 0.148299664 1.881972790 -0.815797806 0.525061786 -0.005567222 -0.205146417 -0.825950503
1403715294962142976.000000 0.132831514 1.881013155 -0.815442562 -0.517512083 0.006995887 0.199013144 0.832181573
1403715295012143104.000000 0.118083686 1.883283377 -0.820041895 -0.509151518 0.009537132 0.194099247 0.838450491
1403715295062142976.000000 0.103653967 1.885339975 -0.824511886 0.500397205 -0.011631969 -0.190089419 -0.844590724
1403715295112143104.000000 0.090095371 1.887427449 -0.828429282 0.491052985 -0.016291644 -0.187039822 -0.850657225
1403715295162142976.000000 0.077460915 1.889035463 -0.832445681 0.481915861 -0.021262750 -0.184208483 -0.856371582
1403715295212143104.000000 0.066067547 1.889966726 -0.836688459 0.472722858 -0.025521114 -0.181136698 -0.862015903
1403715295262142976.000000 0.056890577 1.890034556 -0.841893196 0.463124633 -0.028122516 -0.179015040 -0.867570400
1403715295312143104.000000 0.051075786 1.889757872 -0.848287642 0.453260988 -0.029226402 -0.175726756 -0.873395979
1403715295362142976.000000 0.047899276 1.888695240 -0.855706096 0.442074209 -0.027276192 -0.173020780 -0.879710376
1403715295412143104.000000 0.044949293 1.888818264 -0.858135760 -0.431571215 0.025721487 0.168883428 0.885755718
1403715295462142976.000000 0.046736762 1.887236595 -0.867440343 -0.420085043 0.024128824 0.164512783 0.892122209
1403715295512143104.000000 0.048852131 1.884590864 -0.877750695 0.408949375 -0.022675266 -0.159501597 -0.898223579
1403715295562142976.000000 0.048263326 1.882372379 -0.887065649 0.399558723 -0.021085193 -0.152867898 -0.903625906
1403715295612143104.000000 0.044167876 1.879880667 -0.895182014 0.391027987 -0.020268092 -0.147831902 -0.908202648
1403715295662142976.000000 0.036784634 1.877248645 -0.902102351 0.384297818 -0.020818355 -0.142830193 -0.911855996
1403715295712143104.000000 0.026598729 1.874242067 -0.907700300 0.378326982 -0.022057274 -0.139101356 -0.914895117
1403715295762142976.000000 0.014898151 1.870820045 -0.912170410 0.371885061 -0.023098003 -0.135642022 -0.918024719
1403715295812143104.000000 0.002340138 1.866869688 -0.915936112 0.364527285 -0.025555262 -0.133907616 -0.921159923
1403715295862142976.000000 -0.014557175 1.866968632 -0.913991332 -0.357730448 0.029926430 0.131875351 0.923981726
1403715295912143104.000000 -0.027734481 1.862203121 -0.917539358 -0.349856436 0.031905342 0.130872056 0.927067995
1403715295962142976.000000 -0.042341694 1.855139256 -0.922148526 0.342114180 -0.035589319 -0.130376324 -0.929888904
1403715296012143104.000000 -0.058006797 1.848451614 -0.926709175 0.335176468 -0.038558036 -0.130210012 -0.932317197
1403715296062142976.000000 -0.074832052 1.841526508 -0.931818187 0.328200728 -0.039876778 -0.132491857 -0.934419632
1403715296112143104.000000 -0.092596047 1.834548473 -0.937313914 0.321604699 -0.038612451 -0.136248454 -0.936224282
1403715296162142976.000000 -0.111197613 1.827705860 -0.943227589 0.314977735 -0.034221441 -0.138863429 -0.938261628
1403715296212143104.000000 -0.132190809 1.829464793 -0.942549348 -0.308798820 0.029067116 0.139760524 0.940353870
1403715296262142976.000000 -0.151896328 1.824256539 -0.949428499 -0.302197993 0.023521138 0.140482694 0.942543268
1403715296312143104.000000 -0.171652541 1.819533467 -0.956598699 0.295566559 -0.015361938 -0.140971780 -0.944738805
1403715296362142976.000000 -0.189125896 1.816086769 -0.965196609 0.289363533 -0.007318203 -0.139800593 -0.946927130
1403715296412143104.000000 -0.203552872 1.815825462 -0.974190950 -0.282306641 0.002589652 0.138668507 0.949245691
1403715296462142976.000000 -0.215440884 1.815706611 -0.984040260 -0.275085449 0.001029935 0.137864694 0.951483250
1403715296512143104.000000 -0.225674674 1.817593217 -0.994279087 0.268572241 0.000024846 -0.137838095 -0.953346550
1403715296562142976.000000 -0.233258009 1.821311235 -1.005321145 0.263536155 0.000074602 -0.135396436 -0.955100298
1403715296612143104.000000 -0.238295749 1.826848269 -1.017410398 0.260407925 -0.000125180 -0.130502224 -0.956638336
1403715296662142976.000000 -0.241774753 1.833928585 -1.029593349 0.258444846 -0.003142317 -0.124426365 -0.957974195
1403715296712143104.000000 -0.245219365 1.842406869 -1.041174412 0.256624728 -0.005858463 -0.119622104 -0.959062099
1403715296762142976.000000 -0.248197049 1.852205992 -1.052348495 0.254812360 -0.008281127 -0.116624489 -0.959896266
1403715296812143104.000000 -0.251208663 1.862547398 -1.062843204 0.253564447 -0.009933313 -0.111707054 -0.960795581
1403715296862142976.000000 -0.253655344 1.873519897 -1.073013067 0.252647907 -0.011991870 -0.105606429 -0.961702943
1403715296912143104.000000 -0.256114721 1.883849263 -1.082582831 -0.250156701 0.013615130 0.099237151 0.963010013
1403715296962142976.000000 -0.258983970 1.894174099 -1.091631532 -0.246282786 0.015839742 0.093067966 0.964589179
1403715297012143104.000000 -0.262819141 1.905580759 -1.099454522 0.238929480 -0.015753958 -0.090724207 -0.966661096
1403715297062142976.000000 -0.267568797 1.915085554 -1.107362986 0.228527755 -0.013014099 -0.092454568 -0.969049990
1403715297112143104.000000 -0.272245556 1.924372435 -1.114871144 0.217500865 -0.011076123 -0.093360685 -0.971521735
1403715297162142976.000000 -0.278850257 1.932828069 -1.120582461 -0.205125853 0.004648842 0.095343523 0.974069536
1403715297212143104.000000 -0.285139352 1.943154573 -1.125327706 -0.191854402 -0.002110014 0.095602237 0.976753652
1403715297262142976.000000 -0.290722936 1.953271031 -1.128463387 -0.178015754 -0.006373177 0.095069133 0.979403734
1403715297312143104.000000 -0.296327114 1.966049671 -1.130642891 -0.164025396 -0.008613436 0.092749774 0.982048392
1403715297362142976.000000 -0.302182138 1.980279803 -1.131466389 0.150614545 0.010234492 -0.088954777 -0.984529138
1403715297412143104.000000 -0.307433188 1.996260285 -1.131494045 0.138833046 0.009898083 -0.081917413 -0.986872375
1403715297462142976.000000 -0.311938316 2.014060497 -1.130372643 0.127801687 0.009594252 -0.075495444 -0.988875747
1403715297512143104.000000 -0.319752872 2.031183481 -1.127876997 -0.117722422 -0.008212433 0.067941129 0.990685582
1403715297562142976.000000 -0.323371530 2.051303625 -1.124608040 -0.107550815 -0.008146523 0.063338958 0.992146552
1403715297612143104.000000 -0.326433063 2.072773218 -1.120070100 0.097072102 0.010150860 -0.060933162 -0.993358552
1403715297662142976.000000 -0.329302907 2.094912291 -1.114205122 0.086867742 0.012611561 -0.059946425 -0.994334698
1403715297712143104.000000 -0.331562251 2.117862940 -1.107470870 0.076699212 0.013731991 -0.060228031 -0.995138824
1403715297762142976.000000 -0.333093971 2.141743183 -1.099226117 0.066740945 0.013734114 -0.060264111 -0.995854020
1403715297812143104.000000 -0.332618475 2.166992903 -1.090010285 0.057742581 0.008273606 -0.058195770 -0.996599615
1403715297862142976.000000 -0.332795590 2.192354202 -1.077673435 -0.049002800 -0.000059813 0.055320408 0.997265518
1403715297912143104.000000 -0.329664230 2.220202208 -1.066498876 -0.040346842 0.008729479 0.051169213 0.997836471
1403715297962142976.000000 -0.325208813 2.249200583 -1.055517077 0.030707957 -0.021112215 -0.048089057 -0.998147726
1403715298012143104.000000 -0.320600390 2.278689623 -1.043618798 -0.020946018 0.033677589 0.042332880 0.998316169
1403715298062142976.000000 -0.317209303 2.309003353 -1.033732295 -0.010973466 0.043130469 0.034377582 0.998417497
1403715298112143104.000000 -0.314330012 2.339978695 -1.024636626 0.002282630 -0.050316934 -0.022438182 -0.998478651
1403715298162142976.000000 -0.312652737 2.371391535 -1.016510487 -0.005530576 -0.052583806 -0.007172599 -0.998575509
1403715298212143104.000000 -0.308857143 2.401017904 -1.007549763 0.012744848 0.052079082 -0.009675753 0.998514831
1403715298262142976.000000 -0.308541268 2.431635618 -1.002180457 0.020463858 0.050632644 -0.025165088 0.998190522
1403715298312143104.000000 -0.308908969 2.461538315 -0.998465121 -0.027904566 -0.048620123 0.037184432 -0.997734845
1403715298362142976.000000 -0.309799522 2.489583969 -0.995950580 -0.034650624 -0.044348512 0.046417855 -0.997335434
1403715298412143104.000000 -0.310061693 2.515617847 -0.995119572 -0.040148538 -0.039654605 0.053075396 -0.996994853
1403715298462142976.000000 -0.308836460 2.534446478 -0.993879795 0.044290468 0.035273939 -0.058711305 0.996668041
1403715298512143104.000000 -0.307947040 2.556214809 -0.994779706 0.046821274 0.032715213 -0.064550847 0.996278465
1403715298562142976.000000 -0.306682944 2.575467110 -0.995701015 -0.047360945 -0.030856868 0.071435019 -0.995842338
1403715298612143104.000000 -0.304686695 2.591638088 -0.997103572 -0.046783250 -0.030563237 0.078170329 -0.995372593
1403715298662142976.000000 -0.302612960 2.604683638 -0.999117851 -0.046009492 -0.030897232 0.084210150 -0.994905651
1403715298712143104.000000 -0.300101638 2.614249468 -1.001999974 -0.044808492 -0.031219194 0.088594817 -0.994569540
1403715298762142976.000000 -0.297195256 2.619840622 -1.006027102 -0.043710403 -0.032085285 0.090484016 -0.994420767
1403715298812143104.000000 -0.294508010 2.621628046 -1.011247754 -0.043696776 -0.031040998 0.088440903 -0.994638324
1403715298862142976.000000 -0.293219924 2.619762659 -1.017278790 -0.046997711 -0.023862928 0.077540807 -0.995594859
1403715298912143104.000000 -0.292013675 2.614214897 -1.023644924 -0.053033888 -0.015876282 0.062818483 -0.996488452
1403715298962142976.000000 -0.292086273 2.603408098 -1.037546515 0.060093496 0.008077794 -0.047799420 0.997014999
1403715299012143104.000000 -0.290386260 2.593335152 -1.042987347 0.067324661 0.001286625 -0.038962368 0.996969283
1403715299062142976.000000 -0.288267970 2.583469629 -1.046841502 -0.075271823 0.003616113 0.032866046 -0.996614754
1403715299112143104.000000 -0.285136282 2.571959257 -1.049883604 -0.083145253 0.006545797 0.030289689 -0.996055543
1403715299162142976.000000 -0.281012595 2.559663773 -1.051541328 -0.091005169 0.008342721 0.029384583 -0.995381892
1403715299212143104.000000 -0.276418000 2.546797276 -1.051732063 -0.099173777 0.009650811 0.030073522 -0.994568825
1403715299262142976.000000 -0.271505326 2.533416510 -1.050270557 -0.107802741 0.011312583 0.031624768 -0.993604839
1403715299312143104.000000 -0.265709072 2.519812584 -1.047370672 -0.117174760 0.011402165 0.033530805 -0.992479622
1403715299362142976.000000 -0.259384096 2.506319523 -1.042821765 -0.126982093 0.012155406 0.036095157 -0.991173506
1403715299412143104.000000 -0.252140582 2.494613409 -1.038286686 0.137397110 -0.012019525 -0.038865816 0.989680231
1403715299462142976.000000 -0.244038939 2.481055260 -1.030560970 0.148360983 -0.011157968 -0.042434741 0.987959445
1403715299512143104.000000 -0.234574839 2.467384100 -1.020675182 -0.160126850 0.008785368 0.046043508 -0.985982895
1403715299562142976.000000 -0.225258648 2.453703880 -1.009800792 -0.172369450 0.006553584 0.050273102 -0.983726859
1403715299612143104.000000 -0.214336097 2.441684723 -0.999116540 0.184704646 -0.002828473 -0.055117764 0.981243193
1403715299662142976.000000 -0.205633014 2.427934885 -0.986004353 0.197738990 -0.001113773 -0.059641622 0.978438079
1403715299712143104.000000 -0.197171614 2.414925098 -0.972363114 -0.211301491 -0.001441359 0.063390292 -0.975362122
1403715299762142976.000000 -0.188789696 2.401874781 -0.957322657 0.224727988 0.001957444 -0.069113195 0.971965492
1403715299812143104.000000 -0.180480182 2.389128685 -0.941465199 0.239160165 0.003771023 -0.073450908 0.968190670
1403715299862142976.000000 -0.168707877 2.380003452 -0.928096235 0.253785104 0.004048287 -0.078326881 0.964075565
1403715299912143104.000000 -0.160731584 2.367963552 -0.910665631 0.267907411 0.005883188 -0.084499210 0.959713995
1403715299962142976.000000 -0.152895734 2.356401443 -0.892498851 0.281891763 0.007626642 -0.090366267 0.955150664
1403715300012143104.000000 -0.145123258 2.345050097 -0.873647690 0.294348001 0.008403105 -0.096034549 0.950823903
1403715300062142976.000000 -0.136352792 2.333973408 -0.854368329 0.305420876 0.013652485 -0.101258077 0.946719944
1403715300112143104.000000 -0.123272985 2.326907635 -0.838065505 0.315049142 0.018423982 -0.104877643 0.943082929
1403715300162142976.000000 -0.114444807 2.317477465 -0.818140745 0.321796089 0.024066085 -0.111010484 0.939970613
1403715300212143104.000000 -0.105663076 2.308792591 -0.798130512 0.326157004 0.029792719 -0.119097471 0.937309861
1403715300262142976.000000 -0.096956909 2.300276518 -0.778668404 0.330181181 0.036384601 -0.124118082 0.935014129
1403715300312143104.000000 -0.088775337 2.292062283 -0.760148942 0.334834576 0.040170826 -0.124138109 0.933199823
1403715300362142976.000000 -0.080855280 2.284258366 -0.742620468 0.339012355 0.043091632 -0.122089006 0.931830525
1403715300412143104.000000 -0.073011830 2.282068253 -0.729012609 0.342669368 0.044164117 -0.119050242 0.930835307
1403715300462142976.000000 -0.065546095 2.275971889 -0.714000106 0.345370978 0.044664901 -0.115489386 0.930261374
1403715300512143104.000000 -0.058399051 2.271193027 -0.699229479 0.346647590 0.044919681 -0.114206940 0.929932535
1403715300562142976.000000 -0.051933348 2.267390728 -0.685784400 0.347313434 0.043851934 -0.112162910 0.929983854
1403715300612143104.000000 -0.045962796 2.264776945 -0.673358083 0.347035825 0.042141903 -0.111108422 0.930293024
1403715300662142976.000000 -0.040410370 2.263395786 -0.661775649 0.346355975 0.040862467 -0.110153347 0.930716991
1403715300712143104.000000 -0.034924656 2.263190269 -0.651337266 0.345601976 0.039174180 -0.108463660 0.931268096
1403715300762142976.000000 -0.029658630 2.264549255 -0.642138362 0.344236732 0.038931318 -0.107249759 0.931924343
1403715300812143104.000000 -0.024667382 2.267212629 -0.633824110 0.342364103 0.040009260 -0.107466713 0.932543337
1403715300862142976.000000 -0.019936278 2.270997047 -0.626387477 0.339816809 0.041920498 -0.109314777 0.933176041
1403715300912143104.000000 -0.013668507 2.276919365 -0.621417761 0.336854190 0.043446146 -0.112302147 0.933825493
1403715300962142976.000000 -0.010396376 2.282934427 -0.615745187 0.334004432 0.045171522 -0.115237318 0.934409499
1403715301012143104.000000 -0.007993311 2.289288759 -0.609713018 0.331575125 0.046656772 -0.117409542 0.934931099
1403715301062142976.000000 -0.006290317 2.296219587 -0.605436206 0.329132289 0.048996508 -0.119303226 0.935434759
1403715301112143104.000000 -0.004949808 2.303724527 -0.602412581 0.326644033 0.052713890 -0.121000789 0.935886621
1403715301162142976.000000 -0.004279032 2.311417580 -0.600605607 0.324237287 0.056707975 -0.123359375 0.936182082
1403715301212143104.000000 -0.004375204 2.319629431 -0.600272119 0.321724951 0.060890179 -0.125817344 0.936459005
1403715301262142976.000000 -0.005509093 2.328052521 -0.601590693 0.319718689 0.063794240 -0.128552377 0.936581314
1403715301312143104.000000 -0.007738918 2.336442709 -0.604836106 0.318610549 0.066394545 -0.130447954 0.936516106
1403715301362142976.000000 -0.011351317 2.345063686 -0.610070705 0.318021238 0.067568578 -0.131227493 0.936523557
1403715301412143104.000000 -0.017055944 2.351369858 -0.613956332 0.318021238 0.066374689 -0.130942419 0.936648846
1403715301462142976.000000 -0.023914680 2.359791994 -0.622599721 0.319692791 0.062809490 -0.127441660 0.936808527
1403715301512143104.000000 -0.032890603 2.368642330 -0.633213937 0.321420044 0.055369455 -0.123647884 0.937195063
1403715301562142976.000000 -0.043152332 2.377704382 -0.644519567 0.322372228 0.046238475 -0.121091977 0.937696636
1403715301612143104.000000 -0.054199129 2.386992931 -0.656685710 0.322651416 0.037141398 -0.119121350 0.938257337
1403715301662142976.000000 -0.065814286 2.396568060 -0.669204712 0.322815567 0.029957786 -0.116648063 0.938768327
1403715301712143104.000000 -0.078004360 2.406782627 -0.681813538 0.322042406 0.025713596 -0.115786977 0.939266145
1403715301762142976.000000 -0.090761304 2.417403221 -0.694363236 0.320316523 0.023962582 -0.116650075 0.939795732
1403715301812143104.000000 -0.103295133 2.427987814 -0.706951499 0.318032086 0.025965422 -0.119642712 0.940142035
1403715301862142976.000000 -0.112581015 2.438205719 -0.721810997 0.315815926 0.028101509 -0.122697078 0.940434039
1403715301912143104.000000 -0.131016508 2.445119619 -0.732809424 0.313174546 0.030259972 -0.125047699 0.940940619
1403715301962142976.000000 -0.143327802 2.454592228 -0.747023702 0.312012523 0.029666845 -0.124866359 0.941369534
1403715302012143104.000000 -0.154104665 2.464995146 -0.761946380 0.310169548 0.030848391 -0.126234323 0.941757977
1403715302062142976.000000 -0.165096030 2.474325657 -0.777855873 0.308369845 0.031418733 -0.127591491 0.942147255
1403715302112143104.000000 -0.176215306 2.483121634 -0.794570923 0.306611717 0.030362526 -0.129040360 0.942558229
1403715302162142976.000000 -0.187435567 2.491310120 -0.812251806 0.304442763 0.027778586 -0.131044447 0.943064392
1403715302212143104.000000 -0.198332220 2.498855114 -0.830784202 0.302179843 0.025505491 -0.132420614 0.943663955
1403715302262142976.000000 -0.209145457 2.505152702 -0.849920392 0.299737364 0.022466393 -0.133749157 0.944332540
1403715302312143104.000000 -0.219043151 2.510050058 -0.869427860 0.297096550 0.020775229 -0.135558784 0.944947600
1403715302362142976.000000 -0.228460714 2.513383150 -0.889490604 0.294474572 0.020169204 -0.136372507 0.945664048
1403715302412143104.000000 -0.238757551 2.515277863 -0.907688379 0.291961551 0.020923747 -0.136697114 0.946379781
1403715302462142976.000000 -0.247472033 2.516213179 -0.928671598 0.290917486 0.020723812 -0.133702606 0.947133183
1403715302512143104.000000 -0.255036056 2.515628099 -0.951046169 0.291331857 0.018503983 -0.127259865 0.947939038
1403715302562142976.000000 -0.262838334 2.514154911 -0.973187327 0.291353583 0.015174909 -0.121806443 0.948707640
1403715302612143104.000000 -0.270788431 2.512067795 -0.995285690 0.291718811 0.012529916 -0.116436176 0.949308097
1403715302662142976.000000 -0.279001117 2.509889126 -1.017151475 0.290938139 0.010172200 -0.114024736 0.949868441
1403715302712143104.000000 -0.287553132 2.507683039 -1.037857175 0.291131198 0.007268686 -0.110041872 0.950305581
1403715302762142976.000000 -0.296720833 2.504775524 -1.057575583 0.290902078 0.004297765 -0.107953519 0.950633228
1403715302812143104.000000 -0.306808412 2.501563549 -1.075791836 0.290783703 -0.000161526 -0.106359139 0.950858951
1403715302862142976.000000 -0.317048609 2.497804403 -1.092567205 0.290128112 -0.004285984 -0.107026823 0.950974584
1403715302912143104.000000 -0.328698814 2.495041609 -1.106207132 0.291598380 -0.007954883 -0.107136406 0.950488746
1403715302962142976.000000 -0.338051498 2.489982605 -1.120526910 0.294427037 -0.011227489 -0.108665019 0.949409604
1403715303012143104.000000 -0.347075820 2.483372211 -1.134132743 0.298422664 -0.013847161 -0.112057641 0.947731674
1403715303062142976.000000 -0.355472028 2.476386547 -1.145877004 0.304241925 -0.016034313 -0.115176857 0.945470333
1403715303112143104.000000 -0.363442868 2.468556643 -1.156058073 0.311718345 -0.017571203 -0.119764388 0.942432702
1403715303162142976.000000 -0.370747030 2.459621429 -1.164881468 0.320634365 -0.017558577 -0.125208840 0.938726902
1403715303212143104.000000 -0.379998356 2.449348927 -1.172585487 0.331406772 -0.015284866 -0.130407974 0.934307098
1403715303262142976.000000 -0.384755462 2.438405275 -1.179651737 0.343705237 -0.009890453 -0.135393947 0.929213345
1403715303312143104.000000 -0.387941599 2.426478148 -1.185953856 0.356509268 -0.003293225 -0.141491011 0.923509955
1403715303362142976.000000 -0.391048908 2.414014101 -1.191630363 0.369332880 0.003209587 -0.148590237 0.917335212
1403715303412143104.000000 -0.396593362 2.399744034 -1.197152615 0.381841600 0.009209321 -0.155656755 0.910979271
1403715303462142976.000000 -0.400030673 2.386173248 -1.202453256 0.394297540 0.013075457 -0.162689745 0.904372990
1403715303512143104.000000 -0.402864993 2.372617006 -1.208378673 0.407101542 0.015154285 -0.168359801 0.897604406
1403715303562142976.000000 -0.405928940 2.358448029 -1.214590788 0.419174880 0.018438919 -0.175115645 0.890666544
1403715303612143104.000000 -0.410173595 2.340494394 -1.221261978 0.432632536 0.018248398 -0.177307472 0.883774996
1403715303662142976.000000 -0.413608044 2.325366735 -1.228438616 0.446932346 0.019263262 -0.178276956 0.876411855
1403715303712143104.000000 -0.417560250 2.309920788 -1.235996962 0.460823447 0.019064728 -0.179504573 0.868939877
1403715303762142976.000000 -0.421602100 2.294776678 -1.243970275 0.474742770 0.019046945 -0.179958254 0.861319661
1403715303812143104.000000 -0.429001153 2.276945353 -1.252631545 0.487526178 0.020693226 -0.182174087 0.853640854
1403715303862142976.000000 -0.433387280 2.262231588 -1.261082888 0.500495732 0.021664515 -0.182102814 0.846092999
1403715303912143104.000000 -0.438158572 2.248085260 -1.269397855 0.511334896 0.022462435 -0.182422146 0.839496493
1403715303962142976.000000 -0.442796648 2.234587669 -1.277481675 0.520047605 0.023305560 -0.183240294 0.833924711
1403715304012143104.000000 -0.447751045 2.221982002 -1.285130262 0.527178824 0.023364564 -0.184091762 0.829244733
1403715304062142976.000000 -0.452954113 2.210095882 -1.292357683 0.532782793 0.023459163 -0.184799582 0.825494647
1403715304112143104.000000 -0.458139181 2.199092388 -1.299241424 0.537511110 0.023031440 -0.183882579 0.822641253
1403715304162142976.000000 -0.463006735 2.189038277 -1.305832624 0.541139603 0.023415511 -0.183086634 0.820426106
1403715304212143104.000000 -0.466860116 2.180197716 -1.312481880 0.543192267 0.022329101 -0.183350399 0.819039881
1403715304262142976.000000 -0.472617209 2.172468185 -1.318075776 0.544308662 0.020476062 -0.183963060 0.818209291
1403715304312143104.000000 -0.478990972 2.166478157 -1.322784662 0.544704556 0.018302340 -0.184975043 0.817769051
1403715304362142976.000000 -0.485474229 2.160770178 -1.327113509 0.544308841 0.016396264 -0.185730100 0.817901850
1403715304412143104.000000 -0.492240310 2.156059504 -1.330948234 0.543341815 0.014548781 -0.186699659 0.818358898
1403715304462142976.000000 -0.498909235 2.152183771 -1.334295154 0.541629016 0.013836468 -0.187653914 0.819287896
1403715304512143104.000000 -0.506195843 2.149109364 -1.336950421 0.539170623 0.016294140 -0.189590797 0.820417583
1403715304562142976.000000 -0.516179979 2.146653891 -1.338332415 0.536502242 0.017837193 -0.191389069 0.821716249
1403715304612143104.000000 -0.528549850 2.144777536 -1.338566065 0.533963442 0.019513316 -0.192669809 0.823031425
1403715304662142976.000000 -0.542301059 2.143516064 -1.338476539 0.532200575 0.021168178 -0.191875979 0.824316800
1403715304712143104.000000 -0.556050360 2.144168854 -1.338935137 0.529983819 0.022130994 -0.191653460 0.825770199
1403715304762142976.000000 -0.570536196 2.143839836 -1.338601232 0.527307630 0.022529015 -0.193034694 0.827149808
1403715304812143104.000000 -0.583819211 2.143872738 -1.338463783 0.525486112 0.022613844 -0.193346336 0.828233182
1403715304862142976.000000 -0.594449580 2.144382238 -1.339972138 0.523556590 0.022019787 -0.194173396 0.829276979
1403715304912143104.000000 -0.602108359 2.144693136 -1.342780232 0.521771073 0.021885833 -0.195177302 0.830169797
1403715304962142976.000000 -0.606689990 2.145106077 -1.347204924 0.520614922 0.020623580 -0.195655525 0.830815136
1403715305012143104.000000 -0.608621895 2.145733595 -1.353348613 0.519935429 0.020398015 -0.195887759 0.831191421
1403715305062142976.000000 -0.608410001 2.146541834 -1.360695720 0.519737005 0.018688641 -0.195489779 0.831449330
1403715305112143104.000000 -0.606065333 2.147329330 -1.369325638 0.519684255 0.017894968 -0.195164278 0.831576228
1403715305162142976.000000 -0.602896690 2.148253441 -1.378482938 0.519586444 0.016583787 -0.195538461 0.831576645
1403715305212143104.000000 -0.599496663 2.149713993 -1.388255596 0.519596219 0.013934685 -0.195652559 0.831592321
1403715305262142976.000000 -0.597494662 2.150601625 -1.396270156 0.520017445 0.012297496 -0.195469558 0.831397831
1403715305312143104.000000 -0.597406924 2.150140285 -1.403050303 0.520334125 0.011862883 -0.196441978 0.830976725
1403715305362142976.000000 -0.596985102 2.150364876 -1.410134196 0.521233082 0.009881563 -0.196474567 0.830431283
1403715305412143104.000000 -0.596170902 2.150566101 -1.417272449 0.521771371 0.009794944 -0.197932765 0.829747796
1403715305462142976.000000 -0.594002008 2.150857687 -1.424882412 0.523312926 0.010388338 -0.198330075 0.828674197
1403715305512143104.000000 -0.589177430 2.151629925 -1.433432102 0.525492668 0.010764259 -0.197669387 0.827446878
1403715305562142976.000000 -0.581246436 2.152688026 -1.443083405 0.527477145 0.011246487 -0.198315173 0.826022148
1403715305612143104.000000 -0.570291162 2.154064178 -1.453702927 0.529465497 0.010725938 -0.199416831 0.824490309
1403715305662142976.000000 -0.555735946 2.155183315 -1.465582490 0.531815767 0.011429306 -0.199659854 0.822907805
1403715305712143104.000000 -0.537524521 2.155787468 -1.477991581 0.534474611 0.009403978 -0.198194534 0.821564019
1403715305762142976.000000 -0.519200861 2.156666756 -1.490492582 0.536434591 0.009450025 -0.198243991 0.820273161
1403715305812143104.000000 -0.502558947 2.156996489 -1.502813816 0.537990272 0.008710708 -0.198203772 0.819271564
1403715305862142976.000000 -0.485418379 2.157758236 -1.513947845 0.538695991 0.008661863 -0.199478209 0.818498611
1403715305912143104.000000 -0.468536079 2.158658266 -1.524319053 0.538995504 0.007966083 -0.200715631 0.818005860
1403715305962142976.000000 -0.448794723 2.159138203 -1.534095407 0.539215505 0.007551739 -0.201677337 0.817628264
1403715306012143104.000000 -0.432762802 2.159546852 -1.542985201 0.539293647 0.007177151 -0.202259406 0.817436278
1403715306062142976.000000 -0.418308616 2.160057068 -1.550906777 0.538763165 0.006530736 -0.203823254 0.817403078
1403715306112143104.000000 -0.404336333 2.160486937 -1.558127761 0.538370311 0.004635735 -0.204725191 0.817449450
1403715306162142976.000000 -0.390706778 2.160566807 -1.564842582 0.539383352 0.001618701 -0.202008799 0.817469001
1403715306212143104.000000 -0.376825273 2.160387516 -1.570747018 0.540522993 0.000007503 -0.196439236 0.818074942
1403715306262142976.000000 -0.362923086 2.160330534 -1.575641274 0.541222215 -0.000692115 -0.189422831 0.819266260
1403715306312143104.000000 -0.349209428 2.160808802 -1.579208851 0.541353226 -0.000949812 -0.180458844 0.821200669
1403715306362142976.000000 -0.334898412 2.161602974 -1.581530690 0.540254772 -0.000398861 -0.171838984 0.823769450
1403715306412143104.000000 -0.319728553 2.163360357 -1.582264781 0.538232744 0.002189467 -0.162642345 0.826951206
1403715306462142976.000000 -0.304834992 2.165189028 -1.580512404 0.533975542 0.004537095 -0.155537650 0.831058204
1403715306512143104.000000 -0.289079517 2.169956446 -1.577498913 0.527981341 0.007876689 -0.150454715 0.835785329
1403715306562142976.000000 -0.272547543 2.176689148 -1.573232293 0.520502329 0.011852629 -0.146418452 0.841129363
1403715306612143104.000000 -0.255170941 2.185172796 -1.567325950 0.512169361 0.016878968 -0.141606688 0.846962333
1403715306662142976.000000 -0.237126291 2.195717335 -1.560308218 0.502539575 0.022762816 -0.137934506 0.853176415
1403715306712143104.000000 -0.219001323 2.208739281 -1.552379131 0.491359055 0.029180786 -0.136646494 0.859675825
1403715306762142976.000000 -0.201382816 2.224474192 -1.543890715 0.478743762 0.035591979 -0.136973426 0.866473258
1403715306812143104.000000 -0.188084245 2.242164612 -1.534428596 0.466240853 0.043863226 -0.134904459 0.873210371
1403715306862142976.000000 -0.170938253 2.262647390 -1.526440263 0.453092396 0.052286249 -0.133402258 0.879873514
1403715306912143104.000000 -0.154058486 2.284924030 -1.518594503 0.438487679 0.059922881 -0.134294704 0.886624396
1403715306962142976.000000 -0.138696849 2.309023619 -1.511703253 0.422639161 0.065506913 -0.137840480 0.893356025
1403715307012143104.000000 -0.125288814 2.334699154 -1.505768776 0.405686527 0.070469454 -0.143167868 0.899975300
1403715307062142976.000000 -0.116420448 2.362400770 -1.500882149 0.388859659 0.072931536 -0.147812530 0.906432986
1403715307112143104.000000 -0.111967236 2.391054153 -1.496746778 0.372741908 0.071459278 -0.151383951 0.912710249
1403715307162142976.000000 -0.112573564 2.420138121 -1.493258834 0.356635928 0.067054115 -0.154935658 0.918863237
1403715307212143104.000000 -0.117081702 2.449155807 -1.490913153 0.341118306 0.062645353 -0.157355279 0.924636841
1403715307262142976.000000 -0.125238925 2.477164268 -1.490030527 0.325972885 0.058087237 -0.159755468 0.929970920
1403715307312143104.000000 -0.140203089 2.502704382 -1.489187360 0.312091380 0.053846836 -0.159113035 0.935084283
1403715307362142976.000000 -0.154468626 2.528081417 -1.490835190 0.299840301 0.047031134 -0.155508757 0.940053701
1403715307412143104.000000 -0.168930382 2.553061724 -1.493801355 0.289911330 0.037666339 -0.147012308 0.944944501
1403715307462142976.000000 -0.184637547 2.575667381 -1.498412132 0.280823231 0.029382905 -0.137214407 0.949445784
1403715307512143104.000000 -0.200532153 2.596946716 -1.504069924 0.271999002 0.022215333 -0.127960756 0.953493178
1403715307562142976.000000 -0.216367960 2.616732121 -1.510157943 0.263343573 0.016228262 -0.118493669 0.957259715
1403715307612143104.000000 -0.231881738 2.635061979 -1.516228676 0.254484147 0.011700162 -0.109906018 0.960740209
1403715307662142976.000000 -0.247087851 2.652498960 -1.521977425 0.244897306 0.008225485 -0.102249749 0.964107215
1403715307712143104.000000 -0.262659252 2.669496059 -1.527046084 -0.233855098 -0.005051084 0.096640579 -0.967443466
1403715307762142976.000000 -0.276539803 2.689546108 -1.530355692 -0.222537920 -0.003577462 0.092879519 -0.970483124
1403715307812143104.000000 -0.292359710 2.702468872 -1.534739733 0.209332660 0.002232342 -0.088699922 0.973810673
1403715307862142976.000000 -0.307965100 2.717573166 -1.537451506 0.196535841 0.001594058 -0.084945410 0.976808786
1403715307912143104.000000 -0.323011845 2.732551336 -1.540039778 -0.183700055 -0.000829410 0.081951708 -0.979559898
1403715307962142976.000000 -0.337800682 2.746216297 -1.541673899 -0.170810729 -0.000934438 0.079023235 -0.982129455
1403715308012143104.000000 -0.352210879 2.758906126 -1.542542458 -0.158035457 -0.001553125 0.075559616 -0.984537125
1403715308062142976.000000 -0.366092086 2.770535231 -1.542762280 -0.145489112 -0.001882414 0.071766131 -0.986751795
1403715308112143104.000000 -0.379734397 2.782113791 -1.542126656 0.133227184 0.002161283 -0.067949854 0.988751113
1403715308162142976.000000 -0.392653316 2.791180849 -1.540991426 0.122060880 0.002109429 -0.064551972 0.990419030
1403715308212143104.000000 -0.404647738 2.799652815 -1.539605379 -0.112168841 -0.002841349 0.061514620 -0.991779268
1403715308262142976.000000 -0.416825056 2.806601524 -1.537446380 -0.102657408 -0.002646098 0.057945069 -0.993024170
1403715308312143104.000000 -0.428814977 2.812395096 -1.534826159 -0.093031563 -0.002734529 0.055252485 -0.994125187
1403715308362142976.000000 -0.440351635 2.816828728 -1.531744480 -0.084623240 -0.003369695 0.051550511 -0.995072901
1403715308412143104.000000 -0.451990783 2.820055962 -1.528051853 -0.077705309 -0.002841810 0.047309849 -0.995849252
1403715308462142976.000000 -0.463405460 2.822235823 -1.523524523 -0.072569028 -0.002862148 0.042692870 -0.996445119
1403715308512143104.000000 -0.473955989 2.823159456 -1.518502951 -0.069279961 -0.003194986 0.037446816 -0.996889174
1403715308562142976.000000 -0.478831708 2.825630903 -1.511749268 0.067833722 0.002866936 -0.032290947 0.997169852
1403715308612143104.000000 -0.484252036 2.824995756 -1.506644607 0.066844024 0.002308601 -0.027870074 0.997371495
1403715308662142976.000000 -0.486954033 2.823382378 -1.503210664 -0.066162579 -0.002323718 0.025000986 -0.997492909
1403715308712143104.000000 -0.487005264 2.822048426 -1.498965859 -0.065905347 -0.001302570 0.022214113 -0.997577786
1403715308762142976.000000 -0.483922839 2.820817232 -1.494692445 -0.065822341 -0.001081600 0.020736931 -0.997615278
1403715308812143104.000000 -0.478101194 2.819905281 -1.489861608 -0.065852843 0.000074088 0.020213788 -0.997624576
1403715308862142976.000000 -0.470604688 2.819126129 -1.484551549 -0.066650987 0.001528408 0.018683150 -0.997600257
1403715308912143104.000000 -0.462739110 2.818654060 -1.478203177 -0.068164639 0.002827078 0.016947068 -0.997526169
1403715308962142976.000000 -0.454209119 2.818488359 -1.470479250 -0.070029996 0.002434111 0.015492519 -0.997421622
1403715309012143104.000000 -0.444966137 2.818603516 -1.461245656 -0.072706766 0.000892944 0.013939290 -0.997255623
1403715309062142976.000000 -0.432753354 2.820528269 -1.450715303 0.076453902 0.001300583 -0.011563078 0.997005284
1403715309112143104.000000 -0.423526615 2.821769953 -1.439992428 0.080215916 0.003168941 -0.008818586 0.996733546
1403715309162142976.000000 -0.415420949 2.823536873 -1.429348707 -0.083938904 -0.005853508 0.007279774 -0.996427119
1403715309212143104.000000 -0.406224757 2.826127052 -1.417880535 -0.088464841 -0.010726019 0.004114857 -0.996013105
1403715309262142976.000000 -0.396212310 2.829713106 -1.406088471 -0.093046017 -0.018740026 0.000987968 -0.995485008
1403715309312143104.000000 -0.386339515 2.834733486 -1.394192576 -0.097106449 -0.026116081 -0.000134895 -0.994931281
1403715309362142976.000000 -0.377361059 2.841214180 -1.382158518 -0.099392086 -0.029255163 0.003014638 -0.994613647
1403715309412143104.000000 -0.368974775 2.848928690 -1.370335221 -0.100639649 -0.029969098 0.008909491 -0.994431615
1403715309462142976.000000 -0.364665329 2.855661869 -1.360113859 0.100899771 0.029720247 -0.015811402 0.994326890
1403715309512143104.000000 -0.356298804 2.865255117 -1.349617600 0.101593964 0.029466573 -0.021866975 0.994149029
1403715309562142976.000000 -0.347795218 2.875597000 -1.339831471 -0.102498613 -0.028517634 0.026903046 -0.993960261
1403715309612143104.000000 -0.339043707 2.885702372 -1.330672860 -0.103531882 -0.028176440 0.030555004 -0.993757367
1403715309662142976.000000 -0.330969453 2.896054506 -1.322113395 -0.105008587 -0.027730254 0.033250097 -0.993528426
1403715309712143104.000000 -0.323638201 2.906409264 -1.314002395 -0.106953017 -0.026550952 0.034035325 -0.993326604
1403715309762142976.000000 -0.316545248 2.916747332 -1.306836486 -0.109044336 -0.025148029 0.033973128 -0.993137896
1403715309812143104.000000 -0.309705228 2.927166224 -1.300149083 -0.111994527 -0.023336666 0.032224305 -0.992912054
1403715309862142976.000000 -0.303590924 2.937719107 -1.293421626 -0.115132317 -0.020923285 0.027957998 -0.992736220
1403715309912143104.000000 -0.297914386 2.948175192 -1.286199689 -0.118816800 -0.017962491 0.022820447 -0.992491424
1403715309962142976.000000 -0.294696540 2.958230019 -1.276840448 0.121811859 0.017963324 -0.018265089 0.992222607
1403715310012143104.000000 -0.290026486 2.970354557 -1.268348098 0.124446884 0.020323778 -0.014516916 0.991911948
1403715310062142976.000000 -0.285848469 2.984134674 -1.261622667 -0.125547990 -0.025613150 0.011368960 -0.991691768
1403715310112143104.000000 -0.281615853 2.999215603 -1.253369689 -0.124570534 -0.031601872 0.009235239 -0.991664350
1403715310162142976.000000 -0.276698768 3.015676975 -1.245996118 0.121560939 0.037724447 -0.008245284 0.991832554
1403715310212143104.000000 -0.272527605 3.034185410 -1.238746166 0.116370939 0.042671658 -0.009209650 0.992246032
1403715310262142976.000000 -0.268450439 3.054343700 -1.231891632 -0.108888946 -0.046628259 0.012661277 -0.992879033
1403715310312143104.000000 -0.264740676 3.076232672 -1.228348255 0.099751242 0.049899284 -0.017439647 0.993607402
1403715310362142976.000000 -0.261122018 3.098432779 -1.224994540 0.090388618 0.051769786 -0.020068431 0.994357646
1403715310412143104.000000 -0.254891813 3.120718479 -1.227384448 0.080462039 0.051955927 -0.021512344 0.995170236
1403715310462142976.000000 -0.252347887 3.143315077 -1.227444053 0.070457071 0.050886687 -0.021132667 0.995991826
1403715310512143104.000000 -0.250739962 3.165488005 -1.228994250 -0.061352991 -0.047141917 0.020610593 -0.996789217
1403715310562142976.000000 -0.250644177 3.187729120 -1.231252432 0.053302322 0.041962069 -0.019707171 0.997501731
1403715310612143104.000000 -0.249416932 3.209087849 -1.234917641 0.046152033 0.035722084 -0.019013792 0.998114407
1403715310662142976.000000 -0.248253092 3.229902506 -1.239436507 -0.040121719 -0.029341262 0.018247716 -0.998597205
1403715310712143104.000000 -0.247400954 3.249957085 -1.244187355 -0.035033572 -0.024023011 0.017251318 -0.998948455
1403715310762142976.000000 -0.248203129 3.269736528 -1.248706341 0.031091329 0.019882606 -0.016203772 0.999187410
1403715310812143104.000000 -0.247055396 3.288194180 -1.253286839 0.028222861 0.017201781 -0.014664293 0.999346077
1403715310862142976.000000 -0.245875597 3.306062937 -1.257832766 -0.025754811 -0.016122106 0.013099009 -0.999452472
1403715310912143104.000000 -0.244398847 3.323283434 -1.262087941 -0.023781657 -0.015670171 0.011699436 -0.999525905
1403715310962142976.000000 -0.242607683 3.340020180 -1.266376853 -0.022171982 -0.014271180 0.009384501 -0.999608278
1403715311012143104.000000 -0.241681576 3.356365442 -1.270567417 -0.021273568 -0.012062553 0.005817976 -0.999684036
1403715311062142976.000000 -0.241749555 3.372339010 -1.274049759 -0.020949308 -0.009595053 0.000711226 -0.999734223
1403715311112143104.000000 -0.241611198 3.388184786 -1.276813507 -0.020483252 -0.007494526 -0.002866226 -0.999758005
1403715311162142976.000000 -0.247019067 3.404799700 -1.276452780 0.020541856 0.006715060 0.006513732 0.999745250
1403715311212143104.000000 -0.246954262 3.421012640 -1.277538657 0.020799367 0.006180024 0.010968659 0.999704480
1403715311262142976.000000 -0.246065229 3.437300920 -1.278300166 -0.020437162 -0.005386071 -0.013350552 -0.999687552
1403715311312143104.000000 -0.245098040 3.454208136 -1.278120875 -0.020624330 -0.004469625 -0.016434029 -0.999642253
1403715311362142976.000000 -0.243478402 3.471843004 -1.277154207 -0.020420777 -0.002988378 -0.018416906 -0.999617398
1403715311412143104.000000 -0.240457505 3.490342617 -1.275291324 -0.019038418 -0.001889729 -0.017453294 -0.999664605
1403715311462142976.000000 -0.236615703 3.509610891 -1.272632480 -0.016938971 -0.001009394 -0.014022953 -0.999757767
1403715311512143104.000000 -0.232486919 3.530152798 -1.269079924 -0.013996947 -0.000471709 -0.009267743 -0.999858975
1403715311562142976.000000 -0.227944687 3.550845623 -1.264591694 -0.011705467 -0.000840430 -0.005624360 -0.999915302
1403715311612143104.000000 -0.225016743 3.573277712 -1.255361557 0.010305292 0.002018988 0.002984483 0.999940455
1403715311662142976.000000 -0.219466835 3.594254494 -1.248992443 0.008582597 0.002635663 0.000927601 0.999959290
1403715311712143104.000000 -0.213754609 3.614577532 -1.243502736 -0.008059409 -0.003515068 -0.001898657 -0.999959588
1403715311762142976.000000 -0.207382336 3.635179996 -1.235760570 0.007813207 0.004279670 0.003229833 0.999955118
1403715311812143104.000000 -0.201186091 3.655678034 -1.227640867 0.007308784 0.005031594 0.005235981 0.999946952
1403715311862142976.000000 -0.194803655 3.676434755 -1.218404651 -0.007129780 -0.005987819 -0.008953296 -0.999916613
1403715311912143104.000000 -0.187747046 3.696980953 -1.208740473 -0.006025583 -0.007559708 -0.010462273 -0.999898553
1403715311962142976.000000 -0.180606231 3.717764378 -1.198374748 -0.003836585 -0.007807028 -0.010028674 -0.999911904
1403715312012143104.000000 -0.171680763 3.738087177 -1.185622573 0.000931814 0.007309422 0.007545672 0.999944389
1403715312062142976.000000 -0.164218068 3.758928061 -1.173257113 -0.002076963 0.006939329 0.004662113 0.999962926
1403715312112143104.000000 -0.156407580 3.779906988 -1.160368919 0.004496246 -0.008034755 -0.003216470 -0.999952435
1403715312162142976.000000 -0.148531884 3.800454855 -1.147220373 0.007001300 -0.008879674 -0.001349459 -0.999935210
1403715312212143104.000000 -0.138223663 3.820097685 -1.135345459 -0.009090983 0.008863888 0.000267930 0.999919355
1403715312262142976.000000 -0.129928455 3.839777708 -1.121390939 -0.010722466 0.008865254 0.000587587 0.999903023
1403715312312143104.000000 -0.121809497 3.859042168 -1.107594728 0.011375818 -0.009187273 -0.002978082 -0.999888659
1403715312362142976.000000 -0.112784013 3.877721071 -1.093439341 -0.011766949 0.008835916 0.005739209 0.999875307
1403715312412143104.000000 -0.105042152 3.896682978 -1.078465462 -0.012078209 0.009340636 0.008310313 0.999848902
1403715312462142976.000000 -0.096001074 3.915132999 -1.063082099 -0.012227977 0.010176737 0.010997153 0.999812961
1403715312512143104.000000 -0.088705182 3.933970690 -1.047287226 -0.012179207 0.012511126 0.012742653 0.999766350
1403715312562142976.000000 -0.080559067 3.950838089 -1.031237721 -0.013138697 0.013926407 0.011911174 0.999745786
1403715312612143104.000000 -0.074272640 3.970167637 -1.014506459 -0.013936188 0.017309543 0.009772143 0.999705374
1403715312662142976.000000 -0.068363756 3.989475489 -0.997444034 -0.014686684 0.021802761 0.006518147 0.999633193
1403715312712143104.000000 -0.061902374 4.007461548 -0.980369806 -0.014997267 0.026134055 0.004013445 0.999537945
1403715312762142976.000000 -0.057627324 4.026158810 -0.963194847 -0.015067747 0.029684693 0.000534494 0.999445617
1403715312812143104.000000 -0.051865730 4.042408466 -0.946604788 -0.015314952 0.032408725 -0.004080985 0.999349058
1403715312862142976.000000 -0.047795694 4.059664249 -0.930456579 -0.014282751 0.037359856 -0.008063448 0.999167264
1403715312912143104.000000 -0.043083847 4.075808525 -0.915818095 0.012569234 -0.042081889 0.011058974 -0.998973906
1403715312962142976.000000 -0.034995556 4.089271069 -0.903507590 -0.010633516 0.046115130 -0.014117782 0.998779833
1403715313012143104.000000 -0.026563197 4.103315830 -0.893858731 -0.008437589 0.049071744 -0.016572922 0.998622179
1403715313062142976.000000 -0.016431566 4.116064548 -0.886470616 0.006474498 -0.050022487 0.019294526 -0.998540759
1403715313112143104.000000 -0.003269067 4.124725819 -0.882410884 -0.004811979 0.049218912 -0.021622315 0.998542368
1403715313162142976.000000 0.009360936 4.134809017 -0.879699826 -0.002494699 0.048903666 -0.023003858 0.998535514
1403715313212143104.000000 0.021802310 4.143241405 -0.878242850 -0.000356149 -0.047484409 0.021936603 -0.998631001
1403715313262142976.000000 0.033071961 4.150631905 -0.878216326 -0.003643166 -0.044713974 0.019787699 -0.998797297
1403715313312143104.000000 0.043848302 4.154726505 -0.879263580 0.006534952 0.041185085 -0.017524982 0.998976469
1403715313362142976.000000 0.052672107 4.160257339 -0.881194770 0.008867085 0.037284859 -0.015841130 0.999139845
1403715313412143104.000000 0.061320946 4.165050030 -0.883795679 -0.010339441 -0.033059269 0.015101231 -0.999285817
1403715313462142976.000000 0.069005735 4.169821739 -0.886969090 -0.010516291 -0.029780077 0.013451291 -0.999410629
1403715313512143104.000000 0.076712176 4.174510479 -0.891181588 -0.008341163 -0.028246330 0.013025078 -0.999481380
1403715313562142976.000000 0.084023774 4.177739620 -0.894765854 0.004823312 0.026873309 -0.012131896 0.999553621
1403715313612143104.000000 0.091892011 4.181439877 -0.899776757 0.000366530 0.025082968 -0.012924165 0.999601781
1403715313662142976.000000 0.100086384 4.184811592 -0.905075371 0.004067450 -0.024390992 0.013972545 -0.999596596
1403715313712143104.000000 0.108520582 4.187292576 -0.911087751 0.007600439 -0.024099732 0.014437967 -0.999576449
1403715313762142976.000000 0.113860726 4.188166618 -0.916310310 -0.010157033 0.023451477 -0.013056032 0.999588192
1403715313812143104.000000 0.123008274 4.188521862 -0.922937155 -0.012309746 0.023360783 -0.011678725 0.999583125
1403715313862142976.000000 0.132270992 4.187663078 -0.929908514 0.014525429 -0.023152212 0.010511719 -0.999571204
1403715313912143104.000000 0.141659111 4.186028481 -0.936748266 0.015415275 -0.023276813 0.007673214 -0.999580801
1403715313962142976.000000 0.146132588 4.183469772 -0.941269577 -0.015376974 0.023947202 -0.003691903 0.999588132
1403715314012143104.000000 0.153378218 4.180765629 -0.947694957 -0.016489988 0.022744432 -0.000297906 0.999605238
1403715314062142976.000000 0.159602195 4.177957535 -0.953809023 0.020204529 -0.021388957 -0.000972975 -0.999566615
1403715314112143104.000000 0.165116876 4.175384998 -0.960076511 0.027325580 -0.020026764 -0.000658627 -0.999425769
1403715314162142976.000000 0.169667274 4.172951221 -0.966170430 0.036809355 -0.018989231 -0.001555952 -0.999140739
1403715314212143104.000000 0.167901039 4.172805786 -0.970770240 -0.047806539 0.017541083 0.002234460 0.998700082
1403715314262142976.000000 0.171442598 4.169838905 -0.976443589 -0.059707936 0.016778348 0.003673708 0.998068154
1403715314312143104.000000 0.174448654 4.165696621 -0.982080936 0.071532838 -0.014550111 -0.006521200 -0.997310877
1403715314362142976.000000 0.177024990 4.160769939 -0.986991942 0.083332516 -0.013079188 -0.009577787 -0.996389925
1403715314412143104.000000 0.178743869 4.154561520 -0.991187036 0.093248613 -0.012266961 -0.014394038 -0.995463252
1403715314462142976.000000 0.176255167 4.148797512 -0.993220508 -0.102041446 0.010494028 0.017989505 0.994562089
1403715314512143104.000000 0.178036273 4.140380859 -0.995699465 -0.109409921 0.009646400 0.022142222 0.993703246
1403715314562142976.000000 0.180428565 4.130953789 -0.997048140 0.114918590 -0.008364124 -0.027679309 -0.992954016
1403715314612143104.000000 0.182282045 4.120782375 -0.997803628 0.119322032 -0.008195208 -0.032910917 -0.992276132
1403715314662142976.000000 0.183699444 4.109931469 -0.998130977 0.123265907 -0.008760961 -0.036476914 -0.991664410
1403715314712143104.000000 0.184205517 4.098400593 -0.997853577 0.126595750 -0.008841284 -0.039123442 -0.991143227
1403715314762142976.000000 0.184644401 4.086287975 -0.997132480 0.129669130 -0.009410268 -0.040326215 -0.990692317
1403715314812143104.000000 0.183197886 4.073604107 -0.996494710 -0.131870642 0.012074638 0.041001443 0.990345001
1403715314862142976.000000 0.183733463 4.060807705 -0.994867444 -0.134210765 0.012714958 0.040387556 0.990047812
1403715314912143104.000000 0.183978990 4.047029495 -0.993463457 0.135651007 -0.013719061 -0.040677931 -0.989826202
1403715314962142976.000000 0.184137091 4.032755852 -0.991622686 0.136097446 -0.014976512 -0.041702803 -0.989704132
1403715315012143104.000000 0.187042654 4.018008232 -0.989412487 -0.135756969 0.016173944 0.043123782 0.989671111
1403715315062142976.000000 0.187088758 4.002494335 -0.986074448 -0.135066897 0.019204099 0.045327529 0.989612877
1403715315112143104.000000 0.188646555 3.986966610 -0.982343554 -0.134567961 0.020150246 0.046179220 0.989622653
1403715315162142976.000000 0.187824667 3.971000195 -0.978031218 -0.133931026 0.019834574 0.047304932 0.989662290
1403715315212143104.000000 0.185967207 3.954708815 -0.973297715 0.133100703 -0.019229166 -0.048062991 -0.989749730
1403715315262142976.000000 0.192645922 3.937943459 -0.972326219 -0.133185253 0.018799376 0.048513271 0.989724636
1403715315312143104.000000 0.192689568 3.922179699 -0.968849480 -0.134892717 0.018610271 0.049227595 0.989461660
1403715315362142976.000000 0.193904191 3.906481266 -0.965897560 -0.138343945 0.018680634 0.050309986 0.988929152
1403715315412143104.000000 0.194786713 3.890836954 -0.962875903 -0.142580494 0.018772302 0.052764583 0.988197505
1403715315462142976.000000 0.195797443 3.875183105 -0.960289538 -0.147842735 0.018794477 0.056129470 0.987238050
1403715315512143104.000000 0.197340488 3.859670639 -0.957520723 -0.153768495 0.019376632 0.059738167 0.986109138
1403715315562142976.000000 0.198245019 3.843875408 -0.955430567 -0.159699634 0.020213405 0.063553609 0.984910429
1403715315612143104.000000 0.200005949 3.828404903 -0.953671217 -0.166180849 0.020767331 0.067440033 0.983567238
1403715315662142976.000000 0.203139737 3.811321259 -0.955952823 -0.173314705 0.021445798 0.071485244 0.982034683
1403715315712143104.000000 0.205045968 3.796463966 -0.954741061 -0.179786712 0.023555208 0.079044916 0.980241716
1403715315762142976.000000 0.206606597 3.782041550 -0.954186916 0.186248049 -0.025499688 -0.087824695 -0.978237331
1403715315812143104.000000 0.206556290 3.767233610 -0.954806387 -0.193370938 0.026624976 0.096522868 0.976003230
1403715315862142976.000000 0.207124621 3.754614353 -0.954945207 -0.201849908 0.026774395 0.103304066 0.973585188
1403715315912143104.000000 0.207029089 3.742951632 -0.955737352 0.211456791 -0.026132936 -0.108005837 -0.971049905
1403715315962142976.000000 0.206848860 3.730216742 -0.958595455 -0.222044945 0.025972074 0.111091025 0.968338966
1403715316012143104.000000 0.204764545 3.720109940 -0.960398078 -0.232831120 0.024607847 0.114172801 0.965478539
1403715316062142976.000000 0.201329261 3.710339069 -0.962756038 0.244445831 -0.023643550 -0.115264699 -0.962497473
1403715316112143104.000000 0.199205771 3.698934317 -0.966639519 -0.256617785 0.021335965 0.116056263 0.959282577
1403715316162142976.000000 0.193512097 3.691105604 -0.968603492 -0.268995821 0.018874925 0.116167665 0.955923736
1403715316212143104.000000 0.186820209 3.684029579 -0.970769107 0.281453282 -0.015382243 -0.116504274 -0.952351928
1403715316262142976.000000 0.181473836 3.673362970 -0.973643541 -0.294695914 0.009146631 0.116644464 0.948401153
1403715316312143104.000000 0.173893422 3.666951656 -0.975367546 -0.307407200 0.002304340 0.118175507 0.944208682
1403715316362142976.000000 0.165512472 3.660348654 -0.976132631 0.319260299 0.006195057 -0.119237073 -0.940115452
1403715316412143104.000000 0.157189041 3.653468609 -0.975688815 0.329553068 0.013626471 -0.120436601 -0.936324835
1403715316462142976.000000 0.149628222 3.646153927 -0.973597765 0.338427722 0.018186647 -0.121784918 -0.932901084
1403715316512143104.000000 0.142918006 3.638353825 -0.969408751 0.345139861 0.019713758 -0.124523938 -0.930044949
1403715316562142976.000000 0.136948496 3.630384922 -0.963594735 0.351129472 0.018635191 -0.126852110 -0.927507102
1403715316612143104.000000 0.131728590 3.621936560 -0.955883801 0.355727732 0.015600749 -0.129713267 -0.925412893
1403715316662142976.000000 0.126930967 3.613574028 -0.946412683 0.359786481 0.010996477 -0.131510511 -0.923654556
1403715316712143104.000000 0.122235179 3.605060577 -0.935432553 0.363776296 0.006325182 -0.134092852 -0.921762466
1403715316762142976.000000 0.119778603 3.594584227 -0.922187686 -0.368970215 -0.002594386 0.136615857 0.919342339
1403715316812143104.000000 0.114812195 3.586081743 -0.909070969 -0.374448597 0.000574878 0.138785169 0.916802406
1403715316862142976.000000 0.108958542 3.578392029 -0.894696176 0.381151795 -0.003465945 -0.141130850 -0.913670301
1403715316912143104.000000 0.103581160 3.570385933 -0.879683375 0.388606817 -0.006426626 -0.144341722 -0.910004973
1403715316962142976.000000 0.098728448 3.562315941 -0.864455104 0.397868246 -0.009589979 -0.146185741 -0.905670345
1403715317012143104.000000 0.094002575 3.553911209 -0.849444926 0.407669932 -0.014115998 -0.149317503 -0.900727689
1403715317062142976.000000 0.088849992 3.544757843 -0.833980680 0.417369634 -0.016382836 -0.154488012 -0.895359039
1403715317112143104.000000 0.083768338 3.535326481 -0.818623841 0.427778721 -0.016282359 -0.160011888 -0.889458537
1403715317162142976.000000 0.078986704 3.525817394 -0.803348899 0.438633054 -0.014943604 -0.165979415 -0.883079052
1403715317212143104.000000 0.074660510 3.516116381 -0.787844181 0.449900299 -0.013206660 -0.171888009 -0.876281857
1403715317262142976.000000 0.070298225 3.512506962 -0.771086335 -0.461672574 0.011406182 0.176207975 0.869298100
1403715317312143104.000000 0.066813231 3.503234386 -0.755572081 -0.473714411 0.010156498 0.180986077 0.861821115
1403715317362142976.000000 0.063343108 3.491093159 -0.741166651 0.485404819 -0.009787853 -0.187039196 -0.853992283
1403715317412143104.000000 0.060510635 3.479694366 -0.726196051 0.496782959 -0.011002802 -0.193956435 -0.845852554
1403715317462142976.000000 0.058073997 3.468344450 -0.711135983 0.507874131 -0.011420493 -0.200516194 -0.837691367
1403715317512143104.000000 0.056129754 3.457142830 -0.696070671 0.518889785 -0.011966289 -0.206325412 -0.829481781
1403715317562142976.000000 0.054869473 3.446769714 -0.680872321 0.530154049 -0.012802849 -0.210755184 -0.821191311
1403715317612143104.000000 0.053667068 3.436684608 -0.665751219 0.540913880 -0.013846353 -0.215473235 -0.812891006
1403715317662142976.000000 0.053031743 3.427749395 -0.650387764 0.551031053 -0.015791005 -0.220945895 -0.804548562
1403715317712143104.000000 0.052471101 3.418889999 -0.635373354 0.561054885 -0.017146565 -0.225962549 -0.796155989
1403715317762142976.000000 0.053569257 3.419416666 -0.621394515 -0.570087969 0.018958163 0.232649967 0.787727356
1403715317812143104.000000 0.052962303 3.411486387 -0.607138991 -0.577880204 0.023234935 0.241413713 0.779252291
1403715317862142976.000000 0.050936818 3.401041269 -0.594610691 0.585477710 -0.026778704 -0.250505447 -0.770549059
1403715317912143104.000000 0.049535990 3.392364502 -0.582575679 0.593558967 -0.028942985 -0.256740153 -0.762190700
1403715317962142976.000000 0.047895789 3.384019613 -0.571737766 0.601837456 -0.029792735 -0.261550367 -0.753986359
1403715318012143104.000000 0.045749426 3.376019716 -0.561967850 0.609931827 -0.030165324 -0.265727758 -0.745963812
1403715318062142976.000000 0.043417335 3.368509531 -0.553225517 0.616823077 -0.031958692 -0.269155711 -0.738960922
1403715318112143104.000000 0.040628910 3.361892223 -0.545703888 0.622246027 -0.033588298 -0.272837162 -0.732967675
1403715318162142976.000000 0.037299275 3.356177807 -0.539714336 0.627292693 -0.034272701 -0.274882555 -0.727852225
1403715318212143104.000000 0.033176541 3.351074219 -0.535085440 0.631613314 -0.033321489 -0.276202410 -0.723648131
1403715318262142976.000000 0.026704669 3.350275993 -0.533622026 -0.635047615 0.032830827 0.277116090 0.720307827
1403715318312143104.000000 0.020880103 3.345829248 -0.531882524 -0.638615191 0.031347726 0.277786672 0.716953695
1403715318362142976.000000 0.015495420 3.341499090 -0.531109571 0.642521679 -0.029989947 -0.277996629 -0.713431478
1403715318412143104.000000 0.009108543 3.337449074 -0.532077551 0.646919847 -0.026875440 -0.277474940 -0.709774792
1403715318462142976.000000 0.001924276 3.333430767 -0.534455299 0.652446151 -0.021663757 -0.275580734 -0.705620348
1403715318512143104.000000 -0.005859256 3.329605341 -0.537724495 0.658150554 -0.015454365 -0.273565054 -0.701256871
1403715318562142976.000000 -0.014100432 3.326096535 -0.541532040 0.663436651 -0.009302096 -0.273655236 -0.696331978
1403715318612143104.000000 -0.022838235 3.323140144 -0.545655966 0.668035090 -0.002264334 -0.276242763 -0.690951526
1403715318662142976.000000 -0.031832814 3.320966244 -0.549840212 0.672252715 0.004596908 -0.280724466 -0.685017526
1403715318712143104.000000 -0.039688110 3.319378853 -0.554177046 -0.675579667 -0.011549649 0.287155181 0.678970277
1403715318762142976.000000 -0.048621178 3.319938898 -0.558538914 -0.679577827 -0.014759855 0.293462038 0.672187626
1403715318812143104.000000 -0.058133364 3.322311878 -0.562855244 0.684652746 0.018996498 -0.297905535 -0.664937615
1403715318862142976.000000 -0.066745758 3.327194452 -0.567700148 0.690388501 0.019987242 -0.300700694 -0.657680333
1403715318912143104.000000 -0.074965119 3.334407330 -0.572621822 0.696307242 0.020157017 -0.301683366 -0.650950909
1403715318962142976.000000 -0.082775831 3.344248772 -0.577676058 0.702149093 0.019664707 -0.301540285 -0.644727349
1403715319012143104.000000 -0.090286374 3.356032848 -0.582681417 0.708364367 0.018088045 -0.301276356 -0.638063729
1403715319062142976.000000 -0.097531199 3.369668245 -0.587811708 0.715207219 0.016937865 -0.300018758 -0.631015480
1403715319112143104.000000 -0.104140997 3.384479523 -0.592636824 0.722593665 0.015900532 -0.297319263 -0.623864532
1403715319162142976.000000 -0.110281110 3.400829315 -0.597340584 0.730145514 0.015209947 -0.294449240 -0.616405606
1403715319212143104.000000 -0.114538670 3.418515682 -0.601994753 0.737481475 0.014364118 -0.292884409 -0.608386099
1403715319262142976.000000 -0.120125413 3.437167406 -0.605690241 0.744402647 0.014289948 -0.292659789 -0.600009024
1403715319312143104.000000 -0.124885082 3.457925797 -0.609620333 0.751262903 0.014749303 -0.292278528 -0.591574073
1403715319362142976.000000 -0.129425764 3.479021072 -0.612365961 0.758133471 0.015389821 -0.292286664 -0.582722306
1403715319412143104.000000 -0.133413434 3.501132488 -0.613996983 0.764678240 0.014850689 -0.292552054 -0.573986113
1403715319462142976.000000 -0.137115359 3.523749828 -0.614633083 0.770538926 0.012345076 -0.294153959 -0.565323591
1403715319512143104.000000 -0.140567660 3.546494007 -0.614553928 0.776385486 0.009738036 -0.296215147 -0.556226015
1403715319562142976.000000 -0.143356681 3.572758198 -0.616098642 0.782030642 0.008541809 -0.298076510 -0.547271073
1403715319612143104.000000 -0.144855857 3.596781254 -0.615203857 0.786995530 0.006370172 -0.300127357 -0.539000094
1403715319662142976.000000 -0.143900990 3.621248245 -0.613110542 0.791126013 0.006603571 -0.301310033 -0.532248378
1403715319712143104.000000 -0.139964342 3.646135807 -0.611568928 0.793971598 0.005417374 -0.302879423 -0.527108967
1403715319762142976.000000 -0.133027911 3.671813965 -0.610506535 0.795759499 0.005977617 -0.304282129 -0.523587167
1403715319812143104.000000 -0.122789979 3.698466301 -0.610177040 0.796778560 0.005179079 -0.305420130 -0.521378696
1403715319862142976.000000 -0.109784245 3.726024151 -0.610631943 0.797759235 0.004824200 -0.306217849 -0.519410789
1403715319912143104.000000 -0.094392538 3.754589319 -0.611674786 0.798537552 0.004268268 -0.307910174 -0.517214596
1403715319962142976.000000 -0.077883244 3.783682346 -0.612599850 0.799758136 0.004283636 -0.308386981 -0.515039921
1403715320012143104.000000 -0.061807752 3.813844204 -0.613125801 0.801644087 0.004056140 -0.308765233 -0.511873484
1403715320062142976.000000 -0.049623728 3.843270302 -0.611155510 0.804070652 0.003861943 -0.309251606 -0.507758796
1403715320112143104.000000 -0.034497380 3.874106407 -0.610331059 0.807757497 0.004443295 -0.308485866 -0.502339184
1403715320162142976.000000 -0.018541694 3.903900623 -0.608988285 0.811951637 0.005108223 -0.308768541 -0.495348871
1403715320212143104.000000 -0.003230214 3.934496403 -0.606985569 0.817383528 0.004370125 -0.308277130 -0.486652255
1403715320262142976.000000 0.012143135 3.965200901 -0.604257107 0.824202001 0.002476016 -0.306213647 -0.476359308
1403715320312143104.000000 0.027262330 3.995876074 -0.600535870 0.831494510 -0.002541115 -0.304609030 -0.464568406
1403715320362142976.000000 0.038268089 4.023465633 -0.592043400 0.838724971 -0.009076387 -0.304955870 -0.451065511
1403715320412143104.000000 0.052517414 4.053056240 -0.586357117 0.845199406 -0.014536919 -0.308072209 -0.436483979
1403715320462142976.000000 0.068456650 4.081904888 -0.580513954 0.851700366 -0.018918645 -0.311597973 -0.420898288
1403715320512143104.000000 0.082852721 4.108931541 -0.573292255 0.857367814 -0.022250785 -0.316991299 -0.404897451
1403715320562142976.000000 0.096845508 4.135162830 -0.565362930 0.862832725 -0.026061678 -0.321975261 -0.388808995
1403715320612143104.000000 0.111134171 4.160302162 -0.557160854 0.867806017 -0.030545305 -0.326995343 -0.372899115
1403715320662142976.000000 0.125293136 4.183986187 -0.548616409 0.872574151 -0.036016598 -0.331541896 -0.356927365
1403715320712143104.000000 0.138419986 4.203609943 -0.537034988 0.876888812 -0.042405989 -0.334918112 -0.342195183
1403715320762142976.000000 0.151574254 4.224503040 -0.527804852 0.880111158 -0.050047059 -0.338632852 -0.328979641
1403715320812143104.000000 0.163838267 4.243349075 -0.517981529 0.882680178 -0.057276588 -0.341570675 -0.317686319
1403715320862142976.000000 0.175080180 4.260200500 -0.508187771 0.883957148 -0.062976763 -0.345961064 -0.308163434
1403715320912143104.000000 0.185548544 4.274615765 -0.498929501 0.884469509 -0.066268183 -0.350927144 -0.300287366
1403715320962142976.000000 0.195548654 4.286563396 -0.490843773 0.885150075 -0.066772640 -0.354603410 -0.293780863
1403715321012143104.000000 0.204951882 4.296112061 -0.483782768 0.885871887 -0.064667739 -0.357552618 -0.288453460
1403715321062142976.000000 0.213815451 4.303348541 -0.477880955 0.886817038 -0.061534163 -0.359191626 -0.284166396
1403715321112143104.000000 0.222303152 4.308837891 -0.472970963 0.887749016 -0.058229044 -0.360113829 -0.280765325
1403715321162142976.000000 0.229906559 4.312659264 -0.468952656 0.888528168 -0.055146042 -0.360723943 -0.278127670
1403715321212143104.000000 0.240766525 4.312100410 -0.465339661 0.888789415 -0.052183159 -0.362063020 -0.276117295
1403715321262142976.000000 0.246648431 4.312639236 -0.462976456 0.889011621 -0.049945768 -0.362837255 -0.274796188
1403715321312143104.000000 0.250079393 4.311345577 -0.462906361 0.888816476 -0.049483150 -0.363767177 -0.274281412
1403715321362142976.000000 0.253768921 4.308645248 -0.463203907 0.888570428 -0.049576819 -0.364474952 -0.274121940
1403715321412143104.000000 0.257133365 4.304357529 -0.464514732 0.888616264 -0.050663587 -0.364113450 -0.274254888
1403715321462142976.000000 0.260200977 4.298530102 -0.466965199 0.888919055 -0.051329084 -0.362909019 -0.274746120
1403715321512143104.000000 0.262826085 4.291069031 -0.470377445 0.888770521 -0.050455559 -0.362473518 -0.275960386
1403715321562142976.000000 0.265082240 4.282200813 -0.474922180 0.888123989 -0.049645044 -0.362845778 -0.277694196
1403715321612143104.000000 0.267246962 4.271550179 -0.480683327 0.887827277 -0.046683088 -0.362252712 -0.279922247
1403715321662142976.000000 0.269142866 4.259365082 -0.487947464 0.888362348 -0.044338509 -0.360469222 -0.280906528
1403715321712143104.000000 0.274118066 4.242799759 -0.497364998 0.889735878 -0.044044796 -0.357011944 -0.281021029
1403715321762142976.000000 0.275487661 4.228010178 -0.506787777 0.891432226 -0.044619553 -0.353953511 -0.279418498
1403715321812143104.000000 0.276246905 4.213414192 -0.518353939 0.893267155 -0.049048729 -0.350926876 -0.276619494
1403715321862142976.000000 0.277281284 4.193796635 -0.528649807 0.895626962 -0.055364300 -0.346324921 -0.273580670
1403715321912143104.000000 0.277996898 4.174645424 -0.540751219 0.897915542 -0.059219595 -0.342473388 -0.270097703
1403715321962142976.000000 0.278140783 4.152131081 -0.552737474 0.899406374 -0.060768463 -0.341711104 -0.265723497
1403715322012143104.000000 0.277704597 4.127298832 -0.564597607 0.899980426 -0.059470821 -0.344398588 -0.260553688
1403715322062142976.000000 0.278536201 4.096457958 -0.574864864 0.899324596 -0.058721799 -0.349813789 -0.255728990
1403715322112143104.000000 0.278451562 4.067191124 -0.587579012 0.899162352 -0.054660559 -0.354224235 -0.251086652
1403715322162142976.000000 0.278266072 4.035161495 -0.600746393 0.899667442 -0.045342851 -0.356793463 -0.247469246
1403715322212143104.000000 0.278866887 4.001977444 -0.614156723 0.900744915 -0.034995850 -0.357639432 -0.243983805
1403715322262142976.000000 0.278007150 3.967664480 -0.628719091 0.902021885 -0.025972826 -0.358529091 -0.239037544
1403715322312143104.000000 0.276534677 3.932414770 -0.643210649 0.902860105 -0.018144358 -0.360693365 -0.233269706
1403715322362142976.000000 0.274658442 3.898063421 -0.657949924 0.903849304 -0.011538774 -0.362989426 -0.226190090
1403715322412143104.000000 0.268949747 3.862657785 -0.671865940 0.905091882 -0.005638880 -0.365209162 -0.217713684
1403715322462142976.000000 0.260119438 3.827622890 -0.685029268 0.906056464 -0.001252269 -0.368091285 -0.208731934
1403715322512143104.000000 0.248439431 3.793273211 -0.696908474 0.906920433 0.001874271 -0.370624363 -0.200323418
1403715322562142976.000000 0.235981345 3.762205362 -0.708751202 0.907148302 0.003390172 -0.373819023 -0.193209574
1403715322612143104.000000 0.219975948 3.730039358 -0.719457626 0.907526314 0.005567739 -0.375845939 -0.187363118
1403715322662142976.000000 0.203387260 3.699539423 -0.730535030 0.907583177 0.006840791 -0.377989531 -0.182674602
1403715322712143104.000000 0.186160088 3.670326948 -0.742553949 0.908001840 0.007558269 -0.378711402 -0.179034457
1403715322762142976.000000 0.168056250 3.644740582 -0.758201838 0.908808529 0.007894311 -0.378075123 -0.176249862
1403715322812143104.000000 0.150541067 3.618194342 -0.773045063 0.909181297 0.008747298 -0.378097475 -0.174227655
1403715322862142976.000000 0.134326696 3.593293667 -0.789894342 0.909299970 0.010128153 -0.378371626 -0.172933504
1403715322912143104.000000 0.120858788 3.569719076 -0.808601856 0.910037339 0.012010285 -0.376917124 -0.172108367
1403715322962142976.000000 0.109696627 3.547781706 -0.829121351 0.910713255 0.013217334 -0.375534058 -0.171466738
1403715323012143104.000000 0.100719333 3.530305147 -0.853518486 0.911096632 0.014387222 -0.374639720 -0.171292484
1403715323062142976.000000 0.094140887 3.511963844 -0.877749920 0.911227524 0.014896976 -0.374172837 -0.171572998
1403715323112143104.000000 0.088523984 3.495263577 -0.903001308 0.911371589 0.015864592 -0.373715848 -0.171716765
1403715323162142976.000000 0.081223369 3.480403662 -0.928744078 0.911343873 0.017094616 -0.373499423 -0.172216192
1403715323212143104.000000 0.071456075 3.467150688 -0.954160213 0.911592185 0.019087983 -0.372455090 -0.172952905
1403715323262142976.000000 0.056329012 3.457809210 -0.980186939 0.912062049 0.020388847 -0.371062547 -0.173319519
1403715323312143104.000000 0.040765643 3.447732925 -1.004577637 0.912167788 0.021254638 -0.370501846 -0.173857942
1403715323362142976.000000 0.024038553 3.439144850 -1.028564453 0.912351429 0.020346439 -0.369983643 -0.174106628
1403715323412143104.000000 0.008917689 3.432768583 -1.054211617 0.912487209 0.020421471 -0.369610816 -0.174177945
1403715323462142976.000000 -0.004611254 3.428484917 -1.081306934 0.912172496 0.020270718 -0.370389521 -0.174189806
1403715323512143104.000000 -0.015872836 3.426456690 -1.110337734 0.912142158 0.020275244 -0.370507479 -0.174097240
1403715323562142976.000000 -0.024634838 3.426204205 -1.140781641 0.911945939 0.020240353 -0.371125579 -0.173812807
1403715323612143104.000000 -0.037874460 3.430701971 -1.173704386 0.914469957 0.017941173 -0.365058780 -0.173651978
1403715323662142976.000000 -0.041208386 3.433980227 -1.207488537 0.918301225 0.014452636 -0.355588883 -0.173408806
1403715323712143104.000000 -0.042799711 3.437806845 -1.241480589 0.922424078 0.011932946 -0.345141530 -0.172826096
1403715323762142976.000000 -0.047882557 3.443882465 -1.274198532 0.926773548 0.009464986 -0.333558768 -0.172452658
1403715323812143104.000000 -0.049878597 3.449710608 -1.304790020 0.930281460 0.006850556 -0.323773146 -0.172338426
1403715323862142976.000000 -0.051652789 3.456103325 -1.332954407 0.933347583 0.004504396 -0.315038413 -0.172025755
1403715323912143104.000000 -0.052345753 3.463103294 -1.359161139 0.936283708 0.002758676 -0.306224197 -0.172023222
1403715323962142976.000000 -0.056017399 3.472648621 -1.383945465 0.939761877 -0.000214957 -0.295217961 -0.172319576
1403715324012143104.000000 -0.054344296 3.480645418 -1.404113531 0.942195117 -0.003424783 -0.287091106 -0.172729626
1403715324062142976.000000 -0.052329659 3.488886356 -1.420321703 0.943035185 -0.005911982 -0.283927739 -0.173305556
1403715324112143104.000000 -0.050320625 3.496577263 -1.432352543 0.941973209 -0.008320551 -0.286966652 -0.173975721
1403715324162142976.000000 -0.047616839 3.503973961 -1.440758944 0.939989269 -0.010268054 -0.292943507 -0.174639374
1403715324212143104.000000 -0.044317007 3.511358738 -1.446467400 0.937983751 -0.012874845 -0.298898935 -0.175157934
1403715324262142976.000000 -0.037470341 3.516256809 -1.454036236 0.936100066 -0.016324138 -0.304179102 -0.175856113
1403715324312143104.000000 -0.032777071 3.522758007 -1.455486774 0.934130609 -0.021336762 -0.309408069 -0.176667899
1403715324362142976.000000 -0.026526093 3.528925419 -1.454292774 0.931546986 -0.028634364 -0.316291004 -0.177088320
1403715324412143104.000000 -0.020424485 3.533659220 -1.451435804 0.927586973 -0.034076419 -0.326828271 -0.177776977
1403715324462142976.000000 -0.013886690 3.536870480 -1.447245598 0.923053324 -0.037279472 -0.338871032 -0.178183168
1403715324512143104.000000 -0.007330894 3.538756371 -1.443058968 0.919168532 -0.039031729 -0.349018633 -0.178302661
1403715324562142976.000000 0.000372052 3.539474010 -1.440637350 0.916033208 -0.039027691 -0.357210517 -0.178215504
1403715324612143104.000000 0.008118629 3.539158821 -1.438640118 0.914207518 -0.038229719 -0.362091571 -0.177912384
1403715324662142976.000000 0.016152620 3.537607193 -1.437665462 0.913457155 -0.036190201 -0.364303976 -0.177676648
1403715324712143104.000000 0.025622010 3.534765482 -1.437069654 0.913436413 -0.034071468 -0.364695102 -0.177399799
1403715324762142976.000000 0.039859056 3.528227091 -1.435682297 0.913633823 -0.030857256 -0.364337236 -0.177705988
1403715324812143104.000000 0.046899915 3.524048328 -1.436256409 0.914707422 -0.024130277 -0.362068534 -0.177861080
1403715324862142976.000000 0.050706625 3.519638300 -1.437684774 0.916305423 -0.016594367 -0.358272880 -0.178184032
1403715324912143104.000000 0.055599928 3.515436649 -1.439008951 0.918386161 -0.010593434 -0.352830172 -0.178789183
1403715324962142976.000000 0.060924530 3.511242628 -1.439702034 0.920478404 -0.007941008 -0.347073883 -0.179432824
1403715325012143104.000000 0.066949964 3.506860256 -1.439292192 0.922338963 -0.006775668 -0.341699570 -0.180239692
1403715325062142976.000000 0.072528481 3.502734184 -1.438068867 0.923716068 -0.006851184 -0.337636977 -0.180839568
1403715325112143104.000000 0.078082085 3.498810768 -1.435631037 0.924909472 -0.008562750 -0.333825916 -0.181740314
1403715325162142976.000000 0.083528042 3.494689941 -1.431995153 0.925452590 -0.009211449 -0.331825465 -0.182604864
1403715325212143104.000000 0.083711505 3.493589401 -1.429187298 0.925984740 -0.009484777 -0.330019563 -0.183164731
1403715325262142976.000000 0.090376019 3.486925125 -1.423537254 0.925377131 -0.011051479 -0.331097066 -0.184200704
1403715325312143104.000000 0.095194221 3.482761383 -1.416273594 0.924608767 -0.012103110 -0.332678765 -0.185140446
1403715325362142976.000000 0.100810289 3.479381084 -1.408579826 0.923298061 -0.012585147 -0.335907668 -0.185818166
1403715325412143104.000000 0.106265068 3.475036144 -1.399662018 0.921385765 -0.014412778 -0.340597838 -0.186637953
1403715325462142976.000000 0.110936642 3.470340252 -1.390185833 0.919109106 -0.015995109 -0.346420050 -0.187018499
1403715325512143104.000000 0.114934325 3.465593100 -1.380888224 0.917038143 -0.017660594 -0.351622432 -0.187325627
1403715325562142976.000000 0.117851257 3.460790396 -1.372194767 0.915527761 -0.020818420 -0.355383337 -0.187291816
1403715325612143104.000000 0.120877624 3.455553055 -1.364531517 0.914405644 -0.027241977 -0.357984215 -0.186996028
1403715325662142976.000000 0.123870015 3.449405193 -1.356998920 0.913417518 -0.033801090 -0.360147834 -0.186599895
1403715325712143104.000000 0.126491547 3.442355633 -1.349841833 0.912437856 -0.038444716 -0.362353265 -0.186223611
1403715325762142976.000000 0.127938151 3.434129715 -1.341420412 0.911513865 -0.041683868 -0.364437312 -0.185985133
1403715325812143104.000000 0.130010605 3.424098730 -1.335565090 0.910713494 -0.041833952 -0.366623461 -0.185575143
1403715325862142976.000000 0.132990837 3.412280560 -1.331037521 0.910223365 -0.040765502 -0.368153781 -0.185187578
1403715325912143104.000000 0.134367347 3.399506330 -1.326719046 0.909828603 -0.039195020 -0.369541228 -0.184702352
1403715325962142976.000000 0.134940386 3.385758877 -1.323210478 0.909449399 -0.036887653 -0.370867163 -0.184387550
1403715326012143104.000000 0.134518385 3.371022701 -1.320792198 0.909769356 -0.033776626 -0.370739609 -0.183660269
1403715326062142976.000000 0.133050561 3.355870724 -1.319552183 0.910636961 -0.029486572 -0.369379908 -0.182837248
1403715326112143104.000000 0.130513191 3.340105057 -1.319131374 0.911780775 -0.023620471 -0.367441446 -0.181892172
1403715326162142976.000000 0.127372861 3.324244022 -1.319344282 0.913144946 -0.017626245 -0.364826113 -0.180990785
1403715326212143104.000000 0.123267412 3.308250427 -1.319835186 0.914319634 -0.012722471 -0.362549961 -0.180042341
1403715326262142976.000000 0.119480729 3.293134212 -1.321238518 0.915952444 -0.008344177 -0.359080791 -0.178948373
1403715326312143104.000000 0.114750743 3.277738810 -1.322022200 0.917788267 -0.006138394 -0.354857415 -0.178054377
1403715326362142976.000000 0.109462619 3.261373520 -1.321507931 0.920435488 -0.004902108 -0.348434210 -0.177110493
1403715326412143104.000000 0.104813457 3.246632814 -1.321779251 0.923227847 -0.005405149 -0.341467112 -0.176129177
1403715326462142976.000000 0.100330949 3.232658863 -1.322129011 0.925382435 -0.006446546 -0.336073667 -0.175158292
1403715326512143104.000000 0.096494317 3.218741894 -1.321728468 0.927509487 -0.007035050 -0.330628276 -0.174246147
1403715326562142976.000000 0.092730165 3.204505444 -1.319369555 0.929062247 -0.007410397 -0.326758176 -0.173256040
1403715326612143104.000000 0.089474916 3.189796925 -1.315855026 0.930364072 -0.006691207 -0.323488712 -0.172432587
1403715326662142976.000000 0.084839344 3.173440456 -1.313882351 0.930822313 -0.007004283 -0.322617859 -0.171576858
1403715326712143104.000000 0.082235456 3.158695936 -1.307673693 0.930870771 -0.006882214 -0.323093653 -0.170419499
1403715326762142976.000000 0.080199957 3.144902706 -1.299618483 0.929788411 -0.008412462 -0.326766253 -0.169253215
1403715326812143104.000000 0.078052878 3.130527973 -1.290431499 0.927955031 -0.010773785 -0.332403064 -0.168201253
1403715326862142976.000000 0.076007247 3.116111517 -1.279940367 0.926036239 -0.013493031 -0.338303536 -0.166810140
1403715326912143104.000000 0.074042320 3.101423264 -1.268632412 0.923935890 -0.014632298 -0.344441712 -0.165796205
1403715326962142976.000000 0.072447419 3.086272240 -1.256801844 0.922474504 -0.017068941 -0.348878980 -0.164417043
1403715327012143104.000000 0.071062922 3.070644855 -1.245089054 0.921192825 -0.020573132 -0.352587342 -0.163287535
1403715327062142976.000000 0.070055485 3.054434299 -1.234051228 0.920235932 -0.024104754 -0.355303288 -0.162309602
1403715327112143104.000000 0.068957806 3.037654638 -1.223574400 0.919223666 -0.026908128 -0.358134717 -0.161379397
1403715327162142976.000000 0.068858504 3.017434120 -1.213081598 0.918247700 -0.028728457 -0.360597372 -0.161138341
1403715327212143104.000000 0.067385554 2.998850346 -1.203697920 0.917178750 -0.030633412 -0.363432556 -0.160504192
1403715327262142976.000000 0.065662980 2.979602575 -1.193509340 0.916214347 -0.032204907 -0.366107017 -0.159623772
1403715327312143104.000000 0.064486146 2.959382296 -1.185508490 0.915489733 -0.034137398 -0.368113190 -0.158763632
1403715327362142976.000000 0.062938213 2.938172340 -1.178795815 0.914805710 -0.035729885 -0.370054364 -0.157840788
1403715327412143104.000000 0.060813427 2.915791035 -1.172924757 0.914323747 -0.037485588 -0.371527910 -0.156761006
1403715327462142976.000000 0.058419943 2.892555714 -1.168358803 0.913926423 -0.037271176 -0.372402847 -0.157052726
1403715327512143104.000000 0.055952191 2.868085384 -1.164908409 0.913545430 -0.037612483 -0.372712463 -0.158447057
1403715327562142976.000000 0.053367019 2.842283249 -1.162888765 0.913348973 -0.034389019 -0.372269750 -0.161326662
1403715327612143104.000000 0.050470948 2.815736771 -1.162281752 0.913150609 -0.029830193 -0.371383309 -0.165350154
1403715327662142976.000000 0.050312519 2.785850048 -1.164801121 0.912347019 -0.025609208 -0.370891213 -0.171484455
1403715327712143104.000000 0.046608329 2.758709908 -1.165785074 0.911566138 -0.021412369 -0.369863987 -0.178295955
1403715327762142976.000000 0.041258454 2.731770515 -1.168196678 0.910352826 -0.019000016 -0.368925661 -0.186522305
1403715327812143104.000000 0.035778403 2.704851151 -1.170853138 0.908602595 -0.016508281 -0.368529856 -0.195843428
1403715327862142976.000000 0.029710174 2.678277493 -1.174014807 0.906603456 -0.015211913 -0.367830455 -0.206251249
1403715327912143104.000000 0.023278475 2.652354479 -1.177693605 0.904901028 -0.013697200 -0.365819722 -0.217123374
1403715327962142976.000000 0.016445994 2.626829147 -1.181995392 0.903402090 -0.011937574 -0.362972379 -0.227976382
1403715328012143104.000000 0.009701133 2.601216793 -1.186816454 0.902508497 -0.009682622 -0.359279782 -0.237281993
1403715328062142976.000000 0.003056526 2.575527906 -1.192090034 0.901816547 -0.008497884 -0.355999768 -0.244783565
1403715328112143104.000000 -0.003005266 2.550250292 -1.198003531 0.901971340 -0.007249095 -0.351482004 -0.250710338
1403715328162142976.000000 -0.006905913 2.524152040 -1.200438499 0.902599037 -0.005850033 -0.346850932 -0.254902482
1403715328212143104.000000 -0.011565208 2.499677896 -1.206773758 0.903833508 -0.004170915 -0.341511577 -0.257754773
1403715328262142976.000000 -0.016676188 2.475901842 -1.213417292 0.905203104 -0.003357131 -0.336623549 -0.259385407
1403715328312143104.000000 -0.020723820 2.452085495 -1.218917847 0.906738997 -0.001945042 -0.332217008 -0.259716362
1403715328362142976.000000 -0.024383783 2.428708553 -1.223451376 0.908159673 -0.000373769 -0.329067141 -0.258767635
1403715328412143104.000000 -0.027154922 2.405673504 -1.226622105 0.909532547 0.000916762 -0.326562762 -0.257111877
1403715328462142976.000000 -0.029331326 2.383137703 -1.228244781 0.910473883 0.002259022 -0.325562775 -0.255031854
1403715328512143104.000000 -0.030943632 2.361107111 -1.228438854 0.911043108 0.003004824 -0.325759590 -0.252729386
1403715328562142976.000000 -0.034129620 2.340780258 -1.228938103 0.910546958 0.004267675 -0.328652680 -0.250745982
1403715328612143104.000000 -0.035668135 2.320376873 -1.226146221 0.909024596 0.006109309 -0.333179593 -0.250256717
1403715328662142976.000000 -0.036849976 2.301162720 -1.222376823 0.906865239 0.007847564 -0.338304430 -0.251165181
1403715328712143104.000000 -0.037242413 2.283352852 -1.217693329 0.904961228 0.008166506 -0.341395915 -0.253825724
1403715328762142976.000000 -0.037598491 2.267259359 -1.211989403 0.902043402 0.007121844 -0.345446020 -0.258716136
1403715328812143104.000000 -0.037509084 2.252780437 -1.205631018 0.899154961 0.005713073 -0.347392648 -0.266094089
1403715328862142976.000000 -0.036994338 2.239830732 -1.199075699 0.896246970 0.003422358 -0.347526580 -0.275599360
1403715328912143104.000000 -0.036420107 2.228162527 -1.192391157 0.892792404 0.001270383 -0.347036690 -0.287203401
1403715328962142976.000000 -0.036358237 2.217036724 -1.186033726 0.888759375 -0.000238855 -0.345668823 -0.301031262
1403715329012143104.000000 -0.035322666 2.207605600 -1.178193092 0.884270549 -0.002159669 -0.343451709 -0.316388756
1403715329062142976.000000 -0.034455419 2.199400187 -1.170023441 0.878924012 -0.003761078 -0.341859907 -0.332581192
1403715329112143104.000000 -0.033621430 2.191740990 -1.161516905 0.872946858 -0.006684427 -0.340161026 -0.349585027
1403715329162142976.000000 -0.033275723 2.184818029 -1.152939320 0.866296828 -0.008389457 -0.338854223 -0.366929561
1403715329212143104.000000 -0.033242226 2.179595470 -1.145720482 0.859431207 -0.009062856 -0.337742209 -0.383700520
1403715329262142976.000000 -0.034249425 2.173109055 -1.136977196 0.852570355 -0.009005140 -0.337169498 -0.399198592
1403715329312143104.000000 -0.035436153 2.166656017 -1.128744125 0.846610248 -0.009615635 -0.336271971 -0.412407309
1403715329362142976.000000 -0.037291288 2.160260677 -1.120489359 0.841437101 -0.010284721 -0.335692763 -0.423306316
1403715329412143104.000000 -0.040413022 2.153738499 -1.111931086 0.837278306 -0.011411378 -0.334564000 -0.432321489
1403715329462142976.000000 -0.044913888 2.147099972 -1.103139639 0.833490729 -0.011650749 -0.334580660 -0.439560473
1403715329512143104.000000 -0.049308062 2.140872478 -1.094653845 0.830792904 -0.011356470 -0.333826482 -0.445212513
1403715329562142976.000000 -0.054216981 2.135068893 -1.086252689 0.828072846 -0.011597850 -0.334595025 -0.449674487
1403715329612143104.000000 -0.058303237 2.129271984 -1.078633308 0.826328099 -0.010483778 -0.334616631 -0.452883810
1403715329662142976.000000 -0.061932802 2.124361992 -1.072211981 0.825606525 -0.010537271 -0.333723634 -0.454853237
1403715329712143104.000000 -0.060020924 2.125444174 -1.072682858 0.825510979 -0.010733647 -0.332480609 -0.455931067
1403715329762142976.000000 -0.064437747 2.122173309 -1.066635132 0.825903594 -0.011934596 -0.330824882 -0.456394374
1403715329812143104.000000 -0.071997523 2.116793394 -1.057883024 0.826354682 -0.013053094 -0.329476863 -0.456522316
1403715329862142976.000000 -0.078891635 2.113246441 -1.050533295 0.826796830 -0.014163287 -0.328813672 -0.456166714
1403715329912143104.000000 -0.086257339 2.110455036 -1.043626308 0.827495933 -0.014845110 -0.327819288 -0.455592602
1403715329962142976.000000 -0.093637705 2.108736992 -1.037373781 0.827718556 -0.015747745 -0.327660859 -0.455271900
1403715330012143104.000000 -0.101426363 2.107273817 -1.031137705 0.827309072 -0.017195897 -0.327343792 -0.456190914
1403715330062142976.000000 -0.109998703 2.106115818 -1.024193525 0.826471627 -0.018864658 -0.326692879 -0.458105415
1403715330112143104.000000 -0.119577527 2.104961157 -1.017599583 0.825300992 -0.018908627 -0.326952577 -0.460024804
1403715330162142976.000000 -0.129319191 2.103733778 -1.011345863 0.824454308 -0.016762089 -0.326441497 -0.461984932
1403715330212143104.000000 -0.134085536 2.100856066 -1.009610176 0.822970569 -0.013722044 -0.327772290 -0.463784903
1403715330262142976.000000 -0.143492579 2.100637674 -1.004385948 0.821954370 -0.010828014 -0.329047173 -0.464759797
1403715330312143104.000000 -0.152779341 2.100745440 -0.999235630 0.821427882 -0.008302108 -0.329625249 -0.465332776
1403715330362142976.000000 -0.161579847 2.101323366 -0.994628906 0.821017444 -0.006655103 -0.330461919 -0.465490103
1403715330412143104.000000 -0.169598103 2.102528334 -0.990559578 0.820815027 -0.006999382 -0.330710262 -0.465665579
1403715330462142976.000000 -0.175484300 2.103631258 -0.987393856 0.821082175 -0.008716995 -0.329850674 -0.465775341
1403715330512143104.000000 -0.179287314 2.104798317 -0.985430002 0.820985317 -0.010816248 -0.330062777 -0.465751827
1403715330562142976.000000 -0.180273414 2.106496572 -0.985011339 0.821140051 -0.010717844 -0.329472929 -0.465898961
1403715330612143104.000000 -0.177904844 2.108097076 -0.986096144 0.821767747 -0.013224800 -0.327986926 -0.465776265
1403715330662142976.000000 -0.171805263 2.108506680 -0.988333464 0.822853982 -0.017910400 -0.325473130 -0.465465248
1403715330712143104.000000 -0.162761688 2.110486269 -0.993564606 0.823276997 -0.023298154 -0.324079275 -0.465451300
1403715330762142976.000000 -0.153059721 2.111167431 -0.996963024 0.822259367 -0.029604794 -0.324518055 -0.466584533
1403715330812143104.000000 -0.145260930 2.111986160 -1.000044823 0.819852829 -0.035619434 -0.325514644 -0.469694436
1403715330862142976.000000 -0.136336684 2.111972094 -1.003074408 0.816602170 -0.038056292 -0.325981170 -0.474814713
1403715330912143104.000000 -0.127968431 2.111660957 -1.005985737 0.812012911 -0.040819783 -0.326657295 -0.481937677
1403715330962142976.000000 -0.119716167 2.111110926 -1.009547710 0.806901336 -0.043207362 -0.326097816 -0.490615636
1403715331012143104.000000 -0.111537337 2.109719038 -1.013832569 0.800874174 -0.045022711 -0.325556934 -0.500585914
1403715331062142976.000000 -0.105358839 2.111871004 -1.018764019 0.793897331 -0.046730489 -0.325686127 -0.511343300
1403715331112143104.000000 -0.096175671 2.108401775 -1.025450230 0.786716938 -0.047082990 -0.324832410 -0.522822797
1403715331162142976.000000 -0.086523056 2.103534698 -1.033349514 0.779535532 -0.043595653 -0.323487759 -0.534583449
1403715331212143104.000000 -0.076015115 2.098264217 -1.043742776 0.773317575 -0.040278703 -0.321101189 -0.545207858
1403715331262142976.000000 -0.064764023 2.092325449 -1.056133509 0.768242002 -0.036067694 -0.317924082 -0.554461658
1403715331312143104.000000 -0.052812934 2.085850716 -1.070198536 0.764279187 -0.030170748 -0.314326257 -0.562286496
1403715331362142976.000000 -0.044921517 2.079971790 -1.079547167 0.761613727 -0.024376769 -0.309805244 -0.568657279
1403715331412143104.000000 -0.032042742 2.074340582 -1.095978141 0.759121776 -0.020240732 -0.306707621 -0.573807478
1403715331462142976.000000 -0.016656399 2.066607475 -1.114710569 0.757201493 -0.019157654 -0.304337144 -0.577631235
1403715331512143104.000000 -0.002330303 2.060206890 -1.133143306 0.755393028 -0.017546182 -0.302766085 -0.580866873
1403715331562142976.000000 0.011463642 2.054087400 -1.151397228 0.753806531 -0.017364856 -0.301468581 -0.583601773
1403715331612143104.000000 0.024026036 2.047983408 -1.169344187 0.752081811 -0.017692456 -0.301914454 -0.585583150
1403715331662142976.000000 0.036430240 2.042103052 -1.187816620 0.751711905 -0.017358877 -0.300314009 -0.586889625
1403715331712143104.000000 0.047917366 2.036359310 -1.205836535 0.752514303 -0.015096693 -0.297231585 -0.587492824
1403715331762142976.000000 0.058735132 2.030857086 -1.224048853 0.753339887 -0.011998189 -0.295091867 -0.587584853
1403715331812143104.000000 0.061021924 2.019059658 -1.228984594 0.755224526 -0.011316638 -0.292592436 -0.586427867
1403715331862142976.000000 0.069244027 2.013626099 -1.244747996 0.756071866 -0.011612898 -0.292125493 -0.585562408
1403715331912143104.000000 0.078760624 2.008737326 -1.262928724 0.756938756 -0.011342229 -0.292460203 -0.584279239
1403715331962142976.000000 0.085023403 2.003884792 -1.278350472 0.756467581 -0.011640341 -0.296046525 -0.583076179
1403715332012143104.000000 0.088648200 1.999237299 -1.292097211 0.756307960 -0.013812042 -0.299551249 -0.581443548
1403715332062142976.000000 0.089316845 1.994687796 -1.304825783 0.756660998 -0.013357881 -0.302995682 -0.579205692
1403715332112143104.000000 0.086971760 1.990321994 -1.316180110 0.757229745 -0.012466888 -0.306016237 -0.576889813
1403715332162142976.000000 0.082784534 1.986172438 -1.326779604 0.757049263 -0.014533095 -0.311130226 -0.574337244
1403715332212143104.000000 0.078166604 1.983202219 -1.337642908 0.756267667 -0.019357186 -0.316206753 -0.572449028
1403715332262142976.000000 0.074117661 1.980724692 -1.348861456 0.755388677 -0.025489559 -0.319259614 -0.571674287
1403715332312143104.000000 0.068270564 1.975546598 -1.356765628 0.755041182 -0.031312849 -0.320070207 -0.571390867
1403715332362142976.000000 0.064552188 1.973138332 -1.369329691 0.753106534 -0.033594217 -0.321937770 -0.572763622
1403715332412143104.000000 0.061230183 1.972080469 -1.383514047 0.751145899 -0.033230308 -0.322718054 -0.574916303
1403715332462142976.000000 0.057502031 1.970873356 -1.398873925 0.749407530 -0.030883577 -0.323308527 -0.576980293
1403715332512143104.000000 0.053255796 1.970194459 -1.415345669 0.747134387 -0.028952662 -0.324967206 -0.579092622
1403715332562142976.000000 0.048136830 1.970364332 -1.432829738 0.745787263 -0.026055465 -0.325309694 -0.580772042
1403715332612143104.000000 0.042936683 1.971552372 -1.451759100 0.745243371 -0.025766458 -0.324183971 -0.582110941
1403715332662142976.000000 0.037889719 1.973554850 -1.472140074 0.745073795 -0.026457489 -0.322249383 -0.583369851
1403715332712143104.000000 0.032774568 1.976141572 -1.494088888 0.745043874 -0.026835831 -0.319597661 -0.584847808
1403715332762142976.000000 0.027295351 1.979328632 -1.517015815 0.744376481 -0.025786528 -0.318015426 -0.586604655
1403715332812143104.000000 0.021946192 1.983624697 -1.544374585 0.743548989 -0.024088005 -0.315345705 -0.589162052
1403715332862142976.000000 0.015624523 1.988922358 -1.568852186 0.742362082 -0.021911468 -0.312740266 -0.592125058
1403715332912143104.000000 0.009761572 1.995075464 -1.593953729 0.742418647 -0.024479244 -0.305419087 -0.595763803
1403715332962142976.000000 0.004649758 2.001947880 -1.619836450 0.743144393 -0.029707698 -0.294814050 -0.599948823
1403715333012143104.000000 -0.000074625 2.008607149 -1.645938277 0.743285477 -0.035683557 -0.283969164 -0.604661047
1403715333062142976.000000 -0.005804539 2.014388084 -1.674630642 0.742602050 -0.041101705 -0.274926573 -0.609317899
1403715333112143104.000000 -0.012315154 2.018547058 -1.700434923 0.741972685 -0.044678338 -0.267866403 -0.612966537
1403715333162142976.000000 -0.020179868 2.021372795 -1.725848079 0.741206884 -0.046265341 -0.262662053 -0.616019905
1403715333212143104.000000 -0.029129863 2.022423267 -1.750371814 0.740389526 -0.046555012 -0.259587020 -0.618280411
1403715333262142976.000000 -0.039177418 2.021609783 -1.773867369 0.738973141 -0.045180622 -0.259411573 -0.620147705
1403715333312143104.000000 -0.050020814 2.019316673 -1.796563148 0.737252772 -0.042961359 -0.261079043 -0.621651411
1403715333362142976.000000 -0.061441362 2.015569448 -1.818544865 0.735972822 -0.039669216 -0.262965977 -0.622590840
1403715333412143104.000000 -0.073119760 2.010295630 -1.839570761 0.734620392 -0.036486138 -0.265532106 -0.623293161
1403715333462142976.000000 -0.084914804 2.003746510 -1.859944344 0.733601749 -0.034248397 -0.267729610 -0.623679757
1403715333512143104.000000 -0.096163213 1.995996952 -1.880089998 0.733264923 -0.033905372 -0.268579036 -0.623729467
1403715333562142976.000000 -0.105217695 1.990018964 -1.903685927 0.733014941 -0.034790315 -0.268989146 -0.623797834
1403715333612143104.000000 -0.116581440 1.980969429 -1.923192620 0.733392477 -0.035353158 -0.267828345 -0.623821795
1403715333662142976.000000 -0.128884733 1.970315814 -1.941189408 0.732475221 -0.034086149 -0.269948721 -0.624056041
1403715333712143104.000000 -0.141532779 1.958885908 -1.959026337 0.730874836 -0.031228917 -0.273958325 -0.624334633
1403715333762142976.000000 -0.154494047 1.946670413 -1.976620674 0.728614569 -0.026908332 -0.280003458 -0.624495745
1403715333812143104.000000 -0.167221129 1.933981061 -1.994054556 0.725908935 -0.023078525 -0.285469025 -0.625324726
1403715333862142976.000000 -0.179333806 1.921351671 -2.011664867 0.722551465 -0.020153126 -0.289342046 -0.627530456
1403715333912143104.000000 -0.190632463 1.909032822 -2.029723406 0.718967676 -0.018260632 -0.291767746 -0.630574048
1403715333962142976.000000 -0.200729728 1.897803903 -2.048203707 0.715634108 -0.016575634 -0.291567177 -0.634493291
1403715334012143104.000000 -0.209721506 1.887198091 -2.066961527 0.711686432 -0.016937152 -0.291027039 -0.639154732
1403715334062142976.000000 -0.223154366 1.880334854 -2.084239244 0.707239330 -0.017767901 -0.290489882 -0.644292235
1403715334112143104.000000 -0.231229782 1.871538043 -2.103832245 0.703217924 -0.018260265 -0.290021926 -0.648874760
1403715334162142976.000000 -0.238793552 1.862815380 -2.124527931 0.699375868 -0.017734632 -0.289538890 -0.653242767
1403715334212143104.000000 -0.246306539 1.854878187 -2.145696878 0.695899367 -0.017676203 -0.289695650 -0.656877518
1403715334262142976.000000 -0.253723621 1.847629070 -2.167208195 0.692945123 -0.017288113 -0.289953887 -0.659890115
1403715334312143104.000000 -0.261192799 1.841038227 -2.189209223 0.690863252 -0.017396640 -0.289177239 -0.662406087
1403715334362142976.000000 -0.269040823 1.835100174 -2.211479664 0.689068675 -0.016920172 -0.288685113 -0.664499104
1403715334412143104.000000 -0.277127147 1.830117226 -2.234118462 0.687963486 -0.016767424 -0.287827373 -0.666018367
1403715334462142976.000000 -0.285413563 1.825970888 -2.256884336 0.686913729 -0.016974056 -0.287335783 -0.667307675
1403715334512143104.000000 -0.293752611 1.822254181 -2.279777288 0.686410189 -0.017142115 -0.286549360 -0.668159187
1403715334562142976.000000 -0.304297507 1.820607185 -2.300184250 0.686546862 -0.017761013 -0.284617871 -0.668827832
1403715334612143104.000000 -0.312992990 1.817941189 -2.323437691 0.686320066 -0.016685246 -0.283034652 -0.669759512
1403715334662142976.000000 -0.322123945 1.815560341 -2.347036600 0.686506808 -0.014806638 -0.281322390 -0.670333505
1403715334712143104.000000 -0.331315756 1.812550783 -2.370378017 0.686800659 -0.014526292 -0.280061543 -0.670566559
1403715334762142976.000000 -0.340716958 1.810872316 -2.393658161 0.687201381 -0.014127494 -0.278896958 -0.670649886
1403715334812143104.000000 -0.350014567 1.809814930 -2.416736603 0.687631428 -0.013251357 -0.278218180 -0.670508921
1403715334862142976.000000 -0.359413743 1.809285879 -2.439728022 0.688256681 -0.012736592 -0.277180672 -0.670306981
1403715334912143104.000000 -0.369020402 1.809246302 -2.462701082 0.688692927 -0.012348597 -0.276631117 -0.670093179
1403715334962142976.000000 -0.378996491 1.809836864 -2.485286951 0.689083099 -0.011162892 -0.276651740 -0.669704258
1403715335012143104.000000 -0.388993442 1.811007738 -2.507661343 0.689232945 -0.011102513 -0.276224792 -0.669727325
1403715335062142976.000000 -0.398739368 1.813050032 -2.531869888 -0.688458681 0.010372121 0.276252091 0.670523524
1403715335112143104.000000 -0.408409923 1.815220833 -2.553208828 -0.688007772 0.009858871 0.275978208 0.671106696
1403715335162142976.000000 -0.418159544 1.817404509 -2.574773788 0.687810063 -0.009089845 -0.275196284 -0.671641052
1403715335212143104.000000 -0.427805960 1.820492268 -2.595503092 0.687494099 -0.008765153 -0.275335312 -0.671911895
1403715335262142976.000000 -0.437387109 1.824052811 -2.615718126 0.686793804 -0.007834512 -0.274679005 -0.672907472
1403715335312143104.000000 -0.446765721 1.828244209 -2.635454178 0.685410857 -0.007524949 -0.273893684 -0.674638987
1403715335362142976.000000 -0.455925345 1.833180189 -2.654748440 0.683268666 -0.007567547 -0.272828400 -0.677238107
1403715335412143104.000000 -0.464825839 1.838723898 -2.673435926 0.680554628 -0.007668713 -0.271312207 -0.680570602
1403715335462142976.000000 -0.473788768 1.844877958 -2.691800594 0.677497447 -0.007802183 -0.270291388 -0.684016824
1403715335512143104.000000 -0.482661903 1.851866245 -2.709861279 0.674208224 -0.009211853 -0.270745575 -0.687062860
1403715335562142976.000000 -0.489237547 1.855260372 -2.730629444 -0.671110272 0.011536079 0.271349192 0.689817071
1403715335612143104.000000 -0.497843266 1.862921715 -2.748223782 -0.668124437 0.013227859 0.271700531 0.692541420
1403715335662142976.000000 -0.506616712 1.871610165 -2.765115261 0.664519846 -0.014798902 -0.271621346 -0.696000218
1403715335712143104.000000 -0.515207171 1.880770922 -2.781805992 0.660604417 -0.014040926 -0.270374537 -0.700215876
1403715335762142976.000000 -0.523740768 1.890508652 -2.798282146 0.656405866 -0.014185723 -0.268431038 -0.704893529
1403715335812143104.000000 -0.532614827 1.900535107 -2.814685822 0.652573526 -0.014027391 -0.266476363 -0.709183693
1403715335862142976.000000 -0.541573584 1.910731316 -2.831167221 0.649101675 -0.014146934 -0.264585674 -0.713064730
1403715335912143104.000000 -0.550601482 1.920907974 -2.847716331 0.645960331 -0.013884554 -0.262702078 -0.716610134
1403715335962142976.000000 -0.559401035 1.931074619 -2.864654541 0.643250048 -0.015959244 -0.260326654 -0.719864428
1403715336012143104.000000 -0.567954898 1.941066265 -2.881951809 0.641300023 -0.016501468 -0.256713867 -0.722883165
1403715336062142976.000000 -0.574404061 1.947324276 -2.903495312 -0.639812708 0.018594524 0.253569186 0.725256324
1403715336112143104.000000 -0.582720995 1.957479477 -2.920752048 -0.638762057 0.021587521 0.250582248 0.727135181
1403715336162142976.000000 -0.591491222 1.969172716 -2.936694622 0.638472021 -0.023640556 -0.246705830 -0.728650093
1403715336212143104.000000 -0.600041807 1.979889631 -2.952935696 0.637950778 -0.026602076 -0.244188711 -0.729851425
1403715336262142976.000000 -0.609110832 1.989782810 -2.968842745 0.636642814 -0.027854322 -0.244091615 -0.730978370
1403715336312143104.000000 -0.618381262 1.999097586 -2.984947920 0.635287702 -0.026134664 -0.245010570 -0.731912851
1403715336362142976.000000 -0.627818704 2.007921457 -3.001104355 0.633263528 -0.023362508 -0.247158363 -0.733037710
1403715336412143104.000000 -0.636657238 2.016291857 -3.017578602 0.631944478 -0.020434897 -0.248481378 -0.733815849
1403715336462142976.000000 -0.644858062 2.024300814 -3.034133673 0.631228745 -0.016958881 -0.248399392 -0.734547794
1403715336512143104.000000 -0.652717590 2.032496691 -3.050480843 0.630342662 -0.015647443 -0.249436319 -0.734986246
1403715336562142976.000000 -0.657710552 2.040199995 -3.065831184 -0.629967034 0.015123960 0.249672607 0.735239089
1403715336612143104.000000 -0.664433897 2.048571825 -3.081963062 -0.629760742 0.015590639 0.249885216 0.735333741
1403715336662142976.000000 -0.672328711 2.058359861 -3.098423719 0.629864395 -0.015282785 -0.250002623 -0.735211551
1403715336712143104.000000 -0.679335773 2.067630768 -3.114394665 0.630137563 -0.015149975 -0.249915883 -0.735009670
1403715336762142976.000000 -0.685729623 2.077279806 -3.130300522 0.630406797 -0.015165213 -0.249952048 -0.734766245
1403715336812143104.000000 -0.690980911 2.087190390 -3.145768166 0.630854130 -0.014738509 -0.249144331 -0.734665275
1403715336862142976.000000 -0.695573390 2.097393274 -3.161157131 0.631349325 -0.014804645 -0.248364747 -0.734502494
1403715336912143104.000000 -0.699305713 2.107969999 -3.176270008 0.631503105 -0.015023218 -0.248084143 -0.734460711
1403715336962142976.000000 -0.701908708 2.118734837 -3.191178322 0.632195294 -0.014884534 -0.246769086 -0.734310985
1403715337012143104.000000 -0.703113735 2.129882336 -3.198741913 -0.632736325 0.014301191 0.246019721 0.734108031
1403715337062142976.000000 -0.704137146 2.140511274 -3.212908745 -0.631854475 0.013343601 0.245083943 0.735197842
1403715337112143104.000000 -0.703803301 2.151015043 -3.226576567 0.629342437 -0.012211703 -0.245658010 -0.737177849
1403715337162142976.000000 -0.703198791 2.161393404 -3.239233732 0.625989676 -0.009768979 -0.244828761 -0.740338027
1403715337212143104.000000 -0.702392042 2.172089577 -3.251029015 0.621359050 -0.008658468 -0.245031461 -0.744175732
1403715337262142976.000000 -0.701463580 2.183374643 -3.262010098 0.615470588 -0.008764639 -0.246030197 -0.748724520
1403715337312143104.000000 -0.700584888 2.195238352 -3.272400141 0.608657479 -0.008921713 -0.247167483 -0.753899753
1403715337362142976.000000 -0.700152099 2.207678318 -3.282656670 0.601996481 -0.009469648 -0.248809189 -0.758686185
1403715337412143104.000000 -0.700196624 2.220663071 -3.292868614 0.595844328 -0.010576695 -0.250514150 -0.762954950
1403715337462142976.000000 -0.700008810 2.234513283 -3.303280115 0.590637922 -0.013421798 -0.251187354 -0.766727984
1403715337512143104.000000 -0.702802598 2.246885061 -3.313919544 -0.585548162 0.017892266 0.253323138 0.769831598
1403715337562142976.000000 -0.703811049 2.262281656 -3.324986458 -0.581988215 0.021610416 0.253321111 0.772432029
1403715337612143104.000000 -0.703793824 2.278724194 -3.336861134 0.579850674 -0.022134513 -0.250981212 -0.774784923
1403715337662142976.000000 -0.704520047 2.295771122 -3.349224329 0.578854799 -0.022555102 -0.247254744 -0.776713371
1403715337712143104.000000 -0.705983341 2.313254118 -3.361674070 0.578089476 -0.021926597 -0.244232222 -0.778256059
1403715337762142976.000000 -0.707466722 2.331087112 -3.374405384 0.577507496 -0.021412503 -0.242191523 -0.779339433
1403715337812143104.000000 -0.709087610 2.349383831 -3.387471914 0.577567399 -0.021371244 -0.240390643 -0.779853523
1403715337862142976.000000 -0.710799813 2.367919207 -3.400857210 0.578335345 -0.021313420 -0.238723353 -0.779798150
1403715337912143104.000000 -0.712303877 2.386590481 -3.413789272 0.579617620 -0.020182503 -0.236801982 -0.779462039
1403715337962142976.000000 -0.713609695 2.405341864 -3.426871300 0.581137002 -0.019305067 -0.235409632 -0.778774261
1403715338012143104.000000 -0.715562940 2.424125433 -3.439184666 -0.582851470 0.019904548 0.235239968 0.777528226
1403715338062142976.000000 -0.717220366 2.442602873 -3.452261925 -0.584282219 0.021094238 0.236049801 0.776176453
1403715338112143104.000000 -0.718140662 2.461483002 -3.466279507 0.585593581 -0.022575898 -0.237085491 -0.774829686
1403715338162142976.000000 -0.719631076 2.479949236 -3.479504108 0.585949719 -0.023424223 -0.237508029 -0.774405718
1403715338212143104.000000 -0.721692264 2.498329639 -3.492169142 0.585549653 -0.024425872 -0.238148913 -0.774480581
1403715338262142976.000000 -0.723934352 2.516676188 -3.504268646 0.584227979 -0.025918590 -0.238805398 -0.775227726
1403715338312143104.000000 -0.726411402 2.535078287 -3.516132593 0.581943333 -0.026854035 -0.239827111 -0.776597619
1403715338362142976.000000 -0.728689849 2.553370476 -3.527894497 0.578397453 -0.028163053 -0.241289839 -0.778744221
1403715338412143104.000000 -0.730753064 2.571884155 -3.540002346 0.574132085 -0.029447448 -0.240880296 -0.781973124
1403715338462142976.000000 -0.733147621 2.590436935 -3.552621365 0.569137931 -0.030152354 -0.240009308 -0.785855234
1403715338512143104.000000 -0.733572245 2.608095884 -3.566722393 -0.563383460 0.030188954 0.238962010 0.790306926
1403715338562142976.000000 -0.735586286 2.627451897 -3.580352545 -0.557463288 0.029835295 0.235315129 0.795594931
1403715338612143104.000000 -0.737045646 2.646359682 -3.594275951 0.551079333 -0.029077325 -0.230917543 -0.801338375
1403715338662142976.000000 -0.738539100 2.665821314 -3.608733892 0.543970168 -0.028480910 -0.226088479 -0.807570040
1403715338712143104.000000 -0.740154862 2.685248137 -3.623671532 0.536625922 -0.027564585 -0.221254393 -0.813830078
1403715338762142976.000000 -0.742127299 2.704291582 -3.638830185 0.528887630 -0.026680836 -0.217826128 -0.819827914
1403715338812143104.000000 -0.744620919 2.722936630 -3.654328823 0.522449732 -0.024337847 -0.214040622 -0.825009525
1403715338862142976.000000 -0.747143924 2.741573334 -3.670152426 0.516836047 -0.023431567 -0.211334750 -0.829258144
1403715338912143104.000000 -0.750136852 2.760292292 -3.686181307 0.511841178 -0.021988129 -0.209719107 -0.832798362
1403715338962142976.000000 -0.753718615 2.778625488 -3.702446938 0.507843792 -0.019318225 -0.207230568 -0.835928798
1403715339012143104.000000 -0.757421970 2.797879934 -3.719725370 -0.504014850 0.016667148 0.206447974 0.838493049
1403715339062142976.000000 -0.762077153 2.816207409 -3.735510111 -0.500956118 0.014171012 0.205837503 0.840519607
1403715339112143104.000000 -0.768415928 2.835667849 -3.750524759 0.499046504 -0.011450836 -0.203697845 -0.842216551
1403715339162142976.000000 -0.774380922 2.855017900 -3.765215158 0.497819185 -0.009224457 -0.200720325 -0.843683839
1403715339212143104.000000 -0.780639172 2.874651432 -3.779378891 0.497334212 -0.006758200 -0.197551459 -0.844740510
1403715339262142976.000000 -0.786948085 2.894421577 -3.792746305 0.496641934 -0.006356569 -0.195892289 -0.845536888
1403715339312143104.000000 -0.792941213 2.914535761 -3.805549145 0.495714992 -0.008732011 -0.195854977 -0.846068084
1403715339362142976.000000 -0.798918962 2.935070992 -3.817712784 0.495316952 -0.011627823 -0.195698261 -0.846302688
1403715339412143104.000000 -0.805395901 2.955447912 -3.829395771 0.494932830 -0.014272484 -0.196629420 -0.846271038
1403715339462142976.000000 -0.812361240 2.975645542 -3.840526581 0.495079935 -0.016073210 -0.197426930 -0.845966995
1403715339512143104.000000 -0.819271326 2.995565176 -3.850189209 -0.495962918 0.018035050 0.197601750 0.845369220
1403715339562142976.000000 -0.827239931 3.015176773 -3.860692024 -0.496364951 0.019016379 0.199360326 0.844698608
1403715339612143104.000000 -0.835490823 3.034715176 -3.871254206 0.497068346 -0.016896216 -0.201334506 -0.843861401
1403715339662142976.000000 -0.844390929 3.053748846 -3.881338120 0.499149680 -0.014054570 -0.200902864 -0.842787087
1403715339712143104.000000 -0.853433371 3.072804928 -3.890979052 0.501969576 -0.009796783 -0.198378861 -0.841769874
1403715339762142976.000000 -0.862497211 3.091937542 -3.900113821 0.505912602 -0.006665118 -0.193691641 -0.840530574
1403715339812143104.000000 -0.871855080 3.110702276 -3.908084631 0.510025501 -0.003054532 -0.188469693 -0.839251935
1403715339862142976.000000 -0.880989909 3.129238844 -3.914646626 0.513578713 -0.000385698 -0.183195263 -0.838257849
1403715339912143104.000000 -0.889577389 3.147275686 -3.919682503 0.515350878 0.001769960 -0.177914381 -0.838306010
1403715339962142976.000000 -0.899057984 3.169296026 -3.920963287 -0.515200853 -0.004282995 0.172393247 0.839541733
1403715340012143104.000000 -0.905754089 3.186249733 -3.922155857 -0.513715029 -0.007104321 0.166619152 0.841596365
1403715340062142976.000000 -0.910841823 3.201052666 -3.921364307 0.509625137 0.008635999 -0.162760600 -0.844817519
1403715340112143104.000000 -0.913928926 3.215091467 -3.918435574 0.503501236 0.008808250 -0.160507321 -0.848908961
1403715340162142976.000000 -0.914394796 3.227801323 -3.914183378 0.496207595 0.007254703 -0.158190429 -0.853639960
1403715340212143104.000000 -0.912770152 3.239203691 -3.908275366 0.486402124 0.004394428 -0.158444390 -0.859237552
1403715340262142976.000000 -0.908142269 3.250566006 -3.901206970 0.475375354 0.000567843 -0.158981308 -0.865299344
1403715340312143104.000000 -0.900464118 3.265164375 -3.893939734 -0.462581754 0.002641991 0.158796534 0.872235596
1403715340362142976.000000 -0.891032159 3.274930000 -3.884749889 -0.448198557 0.006515789 0.159647107 0.879538834
1403715340412143104.000000 -0.880237937 3.283894777 -3.875638247 0.433726251 -0.008749139 -0.158613592 -0.886931181
1403715340462142976.000000 -0.867831290 3.292288065 -3.866259813 0.420165569 -0.009118991 -0.157268405 -0.893669069
1403715340512143104.000000 -0.855103076 3.300539255 -3.856463671 0.408249199 -0.009010953 -0.156115040 -0.899377346
1403715340562142976.000000 -0.843142927 3.308830500 -3.846338749 0.396986365 -0.008322721 -0.157476604 -0.904175758
1403715340612143104.000000 -0.831646144 3.317124367 -3.836220980 0.387788624 -0.008465660 -0.157303765 -0.908187211
1403715340662142976.000000 -0.820909858 3.325934410 -3.825748682 0.380102307 -0.008394833 -0.157397792 -0.911415279
1403715340712143104.000000 -0.813617468 3.335634708 -3.812277079 -0.374250323 0.008391940 0.157601595 0.913798690
1403715340762142976.000000 -0.804076374 3.345290422 -3.801170588 -0.369789600 0.007393367 0.158038974 0.915546119
1403715340812143104.000000 -0.794141352 3.356171846 -3.791320086 0.366507769 -0.006796253 -0.158394679 -0.916808128
1403715340862142976.000000 -0.784698606 3.367331982 -3.781084776 0.363527596 -0.007755292 -0.162036017 -0.917350531
1403715340912143104.000000 -0.775592983 3.379163742 -3.770520926 0.361124337 -0.009159778 -0.166355759 -0.917513549
1403715340962142976.000000 -0.766674161 3.391730785 -3.759757757 0.360183835 -0.009660644 -0.169258684 -0.917347193
1403715341012143104.000000 -0.757824540 3.405329466 -3.748461485 0.359844923 -0.009907763 -0.172655478 -0.916844428
1403715341062142976.000000 -0.748612881 3.420460463 -3.737713814 0.361377805 -0.010749023 -0.173417032 -0.916087985
1403715341112143104.000000 -0.740986943 3.437788963 -3.723604202 -0.364896655 0.011706051 0.171077937 0.915120661
1403715341162142976.000000 -0.731885731 3.455481291 -3.713289738 -0.369313478 0.011686810 0.165967613 0.914289773
1403715341212143104.000000 -0.722902238 3.473814249 -3.704647303 0.372911751 -0.016381001 -0.164313734 -0.913055062
1403715341262142976.000000 -0.713831902 3.493138075 -3.695452452 0.376445204 -0.019988820 -0.163536623 -0.911671698
1403715341312143104.000000 -0.704966366 3.512910843 -3.686530113 0.380670607 -0.022821225 -0.161333010 -0.910242200
1403715341362142976.000000 -0.696220875 3.532218933 -3.678422213 0.385299414 -0.025428904 -0.158091992 -0.908793032
1403715341412143104.000000 -0.687468469 3.551145077 -3.670362949 0.389392376 -0.027737670 -0.156439692 -0.907265604
1403715341462142976.000000 -0.679285944 3.569533825 -3.662478447 0.393576890 -0.026910670 -0.153947935 -0.905910134
1403715341512143104.000000 -0.668400526 3.587893009 -3.655483484 -0.396843165 0.025756568 0.154057398 0.904499054
1403715341562142976.000000 -0.660239339 3.605820656 -3.648639679 -0.400833547 0.023386378 0.150810957 0.903350234
1403715341612143104.000000 -0.653045595 3.623252869 -3.641514063 0.404487401 -0.023255698 -0.146499738 -0.902433991
1403715341662142976.000000 -0.645814240 3.640151978 -3.634546757 0.408421218 -0.023580976 -0.141606554 -0.901434243
1403715341712143104.000000 -0.638601661 3.656178713 -3.627330065 0.412289113 -0.023469210 -0.135792315 -0.900570631
1403715341762142976.000000 -0.631984651 3.671193361 -3.619359016 0.414810032 -0.021020804 -0.132574469 -0.899952710
1403715341812143104.000000 -0.625827909 3.684467793 -3.610756636 0.416608363 -0.018427875 -0.130164310 -0.899530590
1403715341862142976.000000 -0.619051933 3.696150303 -3.601356030 0.418332547 -0.015680917 -0.126827598 -0.899259090
1403715341912143104.000000 -0.612106740 3.705821514 -3.590975761 0.416466385 -0.015231735 -0.130843073 -0.899557590
1403715341962142976.000000 -0.605267167 3.714172602 -3.579759121 0.413488418 -0.015870482 -0.136744633 -0.900042474
1403715342012143104.000000 -0.596356928 3.718883991 -3.571126461 -0.409965128 0.015663827 0.144055843 0.900517166
1403715342062142976.000000 -0.589564145 3.724570990 -3.559768915 -0.406421632 0.014312251 0.150170356 0.901146829
1403715342112143104.000000 -0.582783103 3.729475498 -3.548295498 -0.403204709 0.011902450 0.154915661 0.901823401
1403715342162142976.000000 -0.576410413 3.735271692 -3.534171820 0.399372011 -0.010344444 -0.161909342 -0.902319431
1403715342212143104.000000 -0.569678485 3.740109921 -3.521779537 0.396324635 -0.008957307 -0.165821835 -0.902967155
1403715342262142976.000000 -0.562978387 3.745914936 -3.509319782 0.393611491 -0.008609830 -0.168725550 -0.903619170
1403715342312143104.000000 -0.556838393 3.752803802 -3.496498346 0.390775174 -0.009041318 -0.170305803 -0.904549122
1403715342362142976.000000 -0.551113784 3.759996414 -3.483595610 0.387215376 -0.007993896 -0.169655979 -0.906210363
1403715342412143104.000000 -0.545445919 3.767546892 -3.470755100 0.382884979 -0.006619459 -0.166486591 -0.908646047
1403715342462142976.000000 -0.540220082 3.775770664 -3.457223177 0.376398832 -0.004131921 -0.164952114 -0.911645651
1403715342512143104.000000 -0.535455763 3.784250021 -3.444964409 -0.369705856 0.000977428 0.160694465 0.915147007
1403715342562142976.000000 -0.529801428 3.793907404 -3.430840731 -0.363453269 -0.001865888 0.153500080 0.918877602
1403715342612143104.000000 -0.523447931 3.804271698 -3.416172266 -0.357791305 -0.004041881 0.143227011 0.922743320
1403715342662142976.000000 -0.513843596 3.816721439 -3.398394346 0.352448702 0.004514316 -0.130866408 -0.926624835
1403715342712143104.000000 -0.506390035 3.827960014 -3.381324053 0.345859766 0.004460345 -0.120736659 -0.930475056
1403715342762142976.000000 -0.499392897 3.838576317 -3.363224983 0.338285923 0.004074025 -0.115131505 -0.933965087
1403715342812143104.000000 -0.493559539 3.845356703 -3.346410990 -0.329672635 -0.001954562 0.115111075 0.937049448
1403715342862142976.000000 -0.485313505 3.854616165 -3.327144861 -0.322283715 0.001251137 0.115017094 0.939629078
1403715342912143104.000000 -0.477202356 3.863448620 -3.306461334 0.315714896 -0.003593986 -0.116646983 -0.941649973
1403715342962142976.000000 -0.468991637 3.872317314 -3.285485506 0.310646206 -0.007412559 -0.117239825 -0.943238497
1403715343012143104.000000 -0.461077392 3.881340504 -3.263820410 0.306748271 -0.010896094 -0.117498226 -0.944447458
1403715343062142976.000000 -0.449829400 3.889808655 -3.242820024 -0.303104013 0.013630102 0.118760213 0.945430219
1403715343112143104.000000 -0.442833990 3.899065018 -3.220311880 -0.301080853 0.014665884 0.117308632 0.946241975
1403715343162142976.000000 -0.436692297 3.908070087 -3.197114944 0.298731238 -0.014908582 -0.117439084 -0.946966469
1403715343212143104.000000 -0.430589557 3.917262793 -3.173998833 0.296855390 -0.016604772 -0.117058091 -0.947575092
1403715343262142976.000000 -0.425533831 3.926511049 -3.150722504 0.295285881 -0.015001112 -0.117142759 -0.948081732
1403715343312143104.000000 -0.420871854 3.935703039 -3.127810955 0.294065744 -0.013309467 -0.117657058 -0.948422432
1403715343362142976.000000 -0.416040808 3.944960117 -3.105733633 0.293197691 -0.010699810 -0.118617244 -0.948604524
1403715343412143104.000000 -0.410882264 3.954191923 -3.083842993 0.293252975 -0.006955181 -0.117709920 -0.948735356
1403715343462142976.000000 -0.406135440 3.963287830 -3.061722040 0.293957323 -0.004732128 -0.116542831 -0.948675156
1403715343512143104.000000 -0.400940239 3.972362518 -3.039139986 0.294354260 -0.003804454 -0.117241479 -0.948470175
1403715343562142976.000000 -0.393378437 3.983840466 -3.014561176 -0.295267731 0.002621497 0.116789289 0.948245943
1403715343612143104.000000 -0.387346834 3.992823362 -2.990603924 -0.296359569 0.002328613 0.116819873 0.947902262
1403715343662142976.000000 -0.381869018 4.002529621 -2.965985537 0.297997981 -0.002385775 -0.115493789 -0.947550893
1403715343712143104.000000 -0.374887645 4.012166500 -2.941244602 0.299857527 -0.002951197 -0.113639697 -0.947186768
1403715343762142976.000000 -0.366744310 4.021815777 -2.916172266 0.302529037 -0.004338971 -0.110081516 -0.946752071
1403715343812143104.000000 -0.357744843 4.031212807 -2.890751839 0.304678589 -0.007801289 -0.107605517 -0.946325123
1403715343862142976.000000 -0.348604411 4.040126324 -2.864400148 0.305932879 -0.008993007 -0.106880493 -0.945991993
1403715343912143104.000000 -0.338969618 4.048277855 -2.837778568 0.306315362 -0.010817127 -0.106649660 -0.945875168
1403715343962142976.000000 -0.329573661 4.060151100 -2.806842566 -0.304645866 0.013103729 0.107080311 0.946336687
1403715344012143104.000000 -0.319225222 4.066836357 -2.778915167 -0.302131206 0.014029951 0.106523328 0.947192073
1403715344062142976.000000 -0.308292657 4.072354317 -2.751425028 0.297904432 -0.016651858 -0.105208933 -0.948634148
1403715344112143104.000000 -0.297188580 4.077005386 -2.723426104 0.292120844 -0.018864185 -0.103451394 -0.950582683
1403715344162142976.000000 -0.286374032 4.080801010 -2.694917917 0.285003066 -0.020695170 -0.101106420 -0.952954590
1403715344212143104.000000 -0.275791198 4.083982468 -2.666521072 0.278323680 -0.021287426 -0.095650733 -0.955475688
1403715344262142976.000000 -0.265074790 4.086544037 -2.638443947 0.272905320 -0.022861304 -0.088454634 -0.957693040
1403715344312143104.000000 -0.254427552 4.087940216 -2.610796452 0.268522829 -0.024584450 -0.079811096 -0.959646523
1403715344362142976.000000 -0.244115263 4.088227749 -2.583333492 0.264590323 -0.027117744 -0.072226100 -0.961270034
1403715344412143104.000000 -0.235439941 4.091764450 -2.554174900 -0.260772705 0.030499725 0.064581603 0.962754726
1403715344462142976.000000 -0.226141974 4.089221001 -2.526787996 -0.257183194 0.032830738 0.059318077 0.963981509
1403715344512143104.000000 -0.216403767 4.084321499 -2.500154972 0.254569829 -0.034557384 -0.053255979 -0.964968324
1403715344562142976.000000 -0.207923025 4.077455997 -2.473601341 0.251226068 -0.035379525 -0.050272588 -0.965974391
1403715344612143104.000000 -0.200581312 4.068470955 -2.447092533 0.247671157 -0.033632923 -0.049622223 -0.966987908
1403715344662142976.000000 -0.194218680 4.057247639 -2.420661688 0.245193943 -0.028487343 -0.047913238 -0.967870235
1403715344712143104.000000 -0.188328296 4.043782234 -2.394194841 0.242722228 -0.023496099 -0.047780033 -0.968633592
1403715344762142976.000000 -0.182666749 4.028113365 -2.367560387 0.240520641 -0.018486185 -0.048107229 -0.969274938
1403715344812143104.000000 -0.176612407 4.010394573 -2.340960264 0.238614485 -0.015613859 -0.048196517 -0.969792008
1403715344862142976.000000 -0.170524791 3.990912437 -2.314119577 0.237234682 -0.013712498 -0.048257653 -0.970156133
1403715344912143104.000000 -0.166908324 3.969980478 -2.286828756 -0.235745668 0.012828133 0.048807971 0.970503628
1403715344962142976.000000 -0.160381675 3.946952343 -2.259248257 -0.234057620 0.014118779 0.050870277 0.970788360
1403715345012143104.000000 -0.153220326 3.921361923 -2.231531143 0.231259406 -0.018590817 -0.056553304 -0.971069157
1403715345062142976.000000 -0.145489588 3.894757748 -2.203431606 0.229047656 -0.023402572 -0.061317537 -0.971200109
1403715345112143104.000000 -0.137468591 3.867068768 -2.175653219 0.227320299 -0.028070185 -0.065265454 -0.971225023
1403715345162142976.000000 -0.130031049 3.838523626 -2.148075342 0.226113945 -0.030366484 -0.068669856 -0.971202791
1403715345212143104.000000 -0.123864427 3.808692455 -2.123383045 -0.224992663 0.030931301 0.072050676 0.971200466
1403715345262142976.000000 -0.117266819 3.779153585 -2.096877813 -0.224823564 0.029626759 0.072880715 0.971218348
1403715345312143104.000000 -0.111139357 3.748872042 -2.071164846 -0.224256709 0.029422570 0.075047180 0.971190631
1403715345362142976.000000 -0.105226949 3.718640327 -2.047164917 0.223928034 -0.028686244 -0.075971238 -0.971216619
1403715345412143104.000000 -0.099639073 3.687340021 -2.022628784 0.223500192 -0.027813043 -0.076911010 -0.971266627
1403715345462142976.000000 -0.094278321 3.655377150 -1.998448491 0.222674891 -0.027465435 -0.078244083 -0.971359551
1403715345512143104.000000 -0.089198411 3.622732639 -1.974763155 0.222828925 -0.026988648 -0.077332206 -0.971410692
1403715345562142976.000000 -0.083978176 3.589334965 -1.951462388 0.222199649 -0.027749659 -0.077787943 -0.971496999
1403715345612143104.000000 -0.079688296 3.551895618 -1.930630565 -0.221833959 0.028413730 0.078750245 0.971483827
1403715345662142976.000000 -0.075246707 3.517625570 -1.908342481 -0.221207067 0.028829496 0.079174146 0.971580088
1403715345712143104.000000 -0.071259879 3.482902050 -1.887138128 0.220530152 -0.029075159 -0.080058157 -0.971654177
1403715345762142976.000000 -0.067655407 3.447969913 -1.866163969 0.220013678 -0.029486338 -0.080911621 -0.971688211
1403715345812143104.000000 -0.064340442 3.413028955 -1.845637441 0.219477519 -0.029309655 -0.081684701 -0.971750081
1403715345862142976.000000 -0.062464502 3.377588749 -1.825003028 -0.218904808 0.027729025 0.082952894 0.971818209
1403715345912143104.000000 -0.060489364 3.342475891 -1.805494189 -0.218542069 0.021492276 0.084238224 0.971947193
1403715345962142976.000000 -0.058592469 3.307303429 -1.786285043 0.217893735 -0.012875270 -0.085964486 -0.972093999
1403715346012143104.000000 -0.058460087 3.272642374 -1.764680743 -0.217227176 0.006439272 0.088274479 0.972100079
1403715346062142976.000000 -0.055040024 3.237895489 -1.745715737 -0.216312557 -0.000235935 0.091423854 0.972034216
1403715346112143104.000000 -0.050580159 3.203887701 -1.726631284 0.216376841 0.004342143 -0.092948824 -0.971865594
1403715346162142976.000000 -0.044719629 3.170593739 -1.707103968 0.216383919 0.005983773 -0.093786217 -0.971774817
1403715346212143104.000000 -0.037079647 3.137928247 -1.685313106 -0.216907293 -0.003435605 0.093987182 0.971651137
1403715346262142976.000000 -0.028773623 3.106375933 -1.664591670 -0.217701688 0.000580128 0.093480647 0.971528232
1403715346312143104.000000 -0.020443486 3.074997425 -1.643518090 0.218798921 -0.004518407 -0.093876533 -0.971233130
1403715346362142976.000000 -0.011615155 3.044194221 -1.622070312 0.219776064 -0.008097885 -0.093545087 -0.971021295
1403715346412143104.000000 -0.003035311 3.014857292 -1.597252488 -0.221031010 0.012455702 0.093777701 0.970667779
1403715346462142976.000000 0.006735368 2.985377073 -1.575953126 -0.222571954 0.016624657 0.093819536 0.970249116
1403715346512143104.000000 0.016627993 2.956331491 -1.554603934 0.223719448 -0.020629294 -0.095102444 -0.969783306
1403715346562142976.000000 0.025835566 2.927752972 -1.533084989 -0.224937692 0.023116468 0.096941620 0.969263196
1403715346612143104.000000 0.035430595 2.899590015 -1.512673378 -0.226250216 0.026017390 0.099833906 0.968590319
1403715346662142976.000000 0.044661798 2.871907234 -1.493008852 -0.228231892 0.027294837 0.101921365 0.967872560
1403715346712143104.000000 0.053914826 2.844337463 -1.474668741 0.230478883 -0.029633693 -0.103448458 -0.967108965
1403715346762142976.000000 0.061661676 2.817271709 -1.455282807 -0.232600123 0.030748051 0.105235003 0.966373324
1403715346812143104.000000 0.069869488 2.790682316 -1.438199162 -0.234776288 0.030526070 0.106985688 0.965661585
1403715346862142976.000000 0.077621259 2.764756680 -1.421517253 -0.237325311 0.028602937 0.107312016 0.965061009
1403715346912143104.000000 0.084223934 2.738193274 -1.404945731 0.238621384 -0.026678417 -0.110934243 -0.964386702
1403715346962142976.000000 0.091437593 2.715853930 -1.391207337 -0.239521399 0.023723017 0.114953302 0.963769972
1403715347012143104.000000 0.097919568 2.691667080 -1.375878096 -0.240495995 0.020890545 0.118334018 0.963183463
1403715347062142976.000000 0.104351155 2.668724060 -1.361150265 0.241397649 -0.017657496 -0.120776348 -0.962719321
1403715347112143104.000000 0.111623868 2.646771193 -1.347091317 0.242579505 -0.015440886 -0.118513338 -0.962741613
1403715347162142976.000000 0.120020121 2.626730204 -1.334995866 -0.242528170 0.013229232 0.114491910 0.963273942
1403715347212143104.000000 0.128133059 2.606695175 -1.321518183 -0.240945950 0.012189840 0.108472720 0.964380682
1403715347262142976.000000 0.136768430 2.587204695 -1.307690620 -0.237188086 0.012549493 0.102573626 0.965951920
1403715347312143104.000000 0.145951241 2.568023443 -1.293789864 0.231552050 -0.013264555 -0.095757358 -0.968007386
1403715347362142976.000000 0.155682102 2.550126791 -1.281404972 -0.224662796 0.014633335 0.088137440 0.970332026
1403715347412143104.000000 0.165616140 2.531345367 -1.267858982 -0.217402950 0.016167741 0.078489736 0.972786725
1403715347462142976.000000 0.175652713 2.511941195 -1.254403353 -0.208762333 0.016800912 0.070593573 0.975270510
1403715347512143104.000000 0.186583877 2.491213322 -1.239671111 -0.201258749 0.017354354 0.062491212 0.977388680
1403715347562142976.000000 0.197429448 2.470975637 -1.226396561 -0.194541499 0.018639864 0.055449147 0.979148388
1403715347612143104.000000 0.208362222 2.449924946 -1.213374376 -0.188442484 0.019938517 0.049767449 0.980619788
1403715347662142976.000000 0.218649060 2.427612782 -1.199902534 -0.182452857 0.022132535 0.046797488 0.981850922
1403715347712143104.000000 0.228976443 2.405079842 -1.187183499 -0.176003516 0.024467351 0.048475664 0.982890785
1403715347762142976.000000 0.238475546 2.381393671 -1.174759507 0.169499606 -0.025765933 -0.052227598 -0.983808100
1403715347812143104.000000 0.248734236 2.356333494 -1.159310341 -0.163021326 0.026741005 0.054482881 0.984754086
1403715347862142976.000000 0.257484913 2.331699610 -1.146979570 -0.154839277 0.027689198 0.057962257 0.985849142
1403715347912143104.000000 0.265877426 2.306649685 -1.135264754 0.145685688 -0.028585877 -0.060683258 -0.987054229
1403715347962142976.000000 0.274997324 2.280814171 -1.120564461 -0.134768635 0.029726725 0.065485261 0.988263905
1403715348012143104.000000 0.282829702 2.256591558 -1.110538006 -0.122434899 0.031147283 0.069750719 0.989532471
1403715348062142976.000000 0.289550185 2.233388662 -1.100832820 0.109744601 -0.030819966 -0.071439855 -0.990910053
1403715348112143104.000000 0.296879351 2.211237192 -1.092402935 0.096632577 -0.031360786 -0.069867007 -0.992369533
1403715348162142976.000000 0.303944200 2.187061548 -1.079844475 -0.083094716 0.029593993 0.066846624 0.993856668
1403715348212143104.000000 0.310069859 2.167808771 -1.073096395 -0.068853006 0.028467588 0.062550306 0.995256960
1403715348262142976.000000 0.315560013 2.150209665 -1.066392183 0.054966304 -0.025101829 -0.056261193 -0.996585846
1403715348312143104.000000 0.320674926 2.134707212 -1.060407519 0.041908707 -0.022507332 -0.049415324 -0.997644901
1403715348362142976.000000 0.323688358 2.114828348 -1.047947407 -0.029883374 0.019240448 0.044105764 0.998394489
1403715348412143104.000000 0.326209933 2.102917194 -1.041231155 -0.020134527 0.016386561 0.038394734 0.998925447
1403715348462142976.000000 0.326333702 2.092712879 -1.033233047 0.011850781 -0.012867072 -0.034888230 -0.999238133
1403715348512143104.000000 0.323746622 2.084339619 -1.024277091 0.005472199 -0.010666560 -0.031165607 -0.999442399
1403715348562142976.000000 0.318866551 2.077239275 -1.013588190 0.000205410 -0.009530215 -0.029173292 -0.999528944
1403715348612143104.000000 0.312462598 2.071499586 -1.001116395 -0.004525800 -0.010953696 -0.028584799 -0.999521136
1403715348662142976.000000 0.303863972 2.066735506 -0.987549067 -0.009193301 -0.013672932 -0.030793309 -0.999390006
1403715348712143104.000000 0.293418258 2.063327789 -0.972629428 -0.013073867 -0.015785655 -0.032669239 -0.999256074
1403715348762142976.000000 0.274389327 2.050672531 -0.949947476 0.016079783 0.016469967 0.034479015 0.999140322
1403715348812143104.000000 0.263285160 2.049280882 -0.933500826 0.020073581 0.017418467 0.034643441 0.999046385
1403715348862142976.000000 0.252330661 2.047987461 -0.916135550 0.024836916 0.019056741 0.033784114 0.998938739
1403715348912143104.000000 0.244431868 2.054595709 -0.901747465 -0.029371798 -0.019996772 -0.032779515 -0.998830795
1403715348962142976.000000 0.235303849 2.059136868 -0.886665940 -0.033620939 -0.019517483 -0.031254303 -0.998755217
1403715349012143104.000000 0.227032751 2.065459251 -0.871756494 -0.036690541 -0.020661170 -0.027854951 -0.998724759
1403715349062142976.000000 0.219105333 2.073519707 -0.856803954 -0.039175935 -0.021634853 -0.024045270 -0.998708665
1403715349112143104.000000 0.201875418 2.080883026 -0.842721462 0.041096810 0.023954526 0.018272616 0.998700917
1403715349162142976.000000 0.194330484 2.091405869 -0.828715086 0.044276088 0.025750903 0.014114384 0.998587728
1403715349212143104.000000 0.186451897 2.102622271 -0.814906120 0.047087714 0.028380780 0.009948316 0.998438001
1403715349262142976.000000 0.180162519 2.115355015 -0.802560091 -0.050240643 -0.031111160 -0.007115332 -0.998227119
1403715349312143104.000000 0.173505098 2.128993750 -0.790500879 -0.053379443 -0.034493957 -0.006231477 -0.997958899
1403715349362142976.000000 0.166372463 2.143719673 -0.778869212 -0.055270724 -0.036311962 -0.003351035 -0.997805297
1403715349412143104.000000 0.158657566 2.159465790 -0.768070161 -0.055944055 -0.038942657 0.000209145 -0.997674167
1403715349462142976.000000 0.149978206 2.176042557 -0.758002996 -0.055747032 -0.039907798 0.003388277 -0.997641385
1403715349512143104.000000 0.140750289 2.193041563 -0.748708189 -0.054915164 -0.040817648 0.007018444 -0.997631729
1403715349562142976.000000 0.130026445 2.209964514 -0.739948571 -0.055100646 -0.038981266 0.010493767 -0.997664392
1403715349612143104.000000 0.116542011 2.232739449 -0.735343397 0.057277564 0.037702784 -0.013541885 0.997554302
1403715349662142976.000000 0.104804657 2.249450922 -0.728371918 0.060837135 0.035850771 -0.015749970 0.997379363
1403715349712143104.000000 0.093087070 2.265591860 -0.723176956 -0.066277817 -0.033112478 0.017383259 -0.997100174
1403715349762142976.000000 0.081820726 2.281491995 -0.718454480 -0.073066153 -0.031192137 0.019058656 -0.996657014
1403715349812143104.000000 0.070899412 2.297161579 -0.714615941 -0.081672914 -0.028682813 0.019217834 -0.996061027
1403715349862142976.000000 0.060384236 2.312689304 -0.711366057 -0.090959541 -0.027459238 0.020254113 -0.995269895
1403715349912143104.000000 0.055113006 2.332763672 -0.710478067 0.100650601 0.026684389 -0.023386441 0.994288981
1403715349962142976.000000 0.045178786 2.348805189 -0.708038151 0.110710584 0.025702225 -0.026611514 0.993163824
1403715350012143104.000000 0.035087541 2.365191698 -0.705971301 -0.119831651 -0.024651783 0.031352125 -0.991992831
1403715350062142976.000000 0.025199620 2.382455826 -0.704190910 -0.127369449 -0.024253219 0.036123306 -0.990900576
1403715350112143104.000000 0.014343748 2.400331020 -0.702481985 -0.133090541 -0.019928413 0.041803639 -0.990021348
1403715350162142976.000000 0.003480943 2.418730259 -0.700647116 -0.138187468 -0.015508141 0.045171358 -0.989253938
1403715350212143104.000000 -0.004034536 2.439303160 -0.702046156 0.141693577 0.011212404 -0.049207143 0.988623202
1403715350262142976.000000 -0.014367992 2.458237648 -0.699712336 0.143164933 0.004812270 -0.055358592 0.988137722
1403715350312143104.000000 -0.024525121 2.477784157 -0.696438372 -0.143553928 0.000391363 0.061418783 -0.987734735
1403715350362142976.000000 -0.034533411 2.496338129 -0.692618966 -0.143358126 0.005135447 0.066133216 -0.987445474
1403715350412143104.000000 -0.043882869 2.513786316 -0.688057244 -0.141988888 0.008467062 0.071719162 -0.987230361
1403715350462142976.000000 -0.052740946 2.529557705 -0.682629585 -0.140309453 0.010763334 0.076417908 -0.987095594
1403715350512143104.000000 -0.060828283 2.543146849 -0.676303566 -0.138340712 0.011517513 0.080447242 -0.987044811
1403715350562142976.000000 -0.068260349 2.554745913 -0.668820083 -0.136635542 0.012413139 0.082648054 -0.987089694
1403715350612143104.000000 -0.074869968 2.564061880 -0.660245538 -0.135508463 0.012256413 0.082140170 -0.987289369
1403715350662142976.000000 -0.080495983 2.570991039 -0.650795937 -0.135055825 0.012020050 0.080081128 -0.987523377
1403715350712143104.000000 -0.082275391 2.574653387 -0.644749522 0.134916455 -0.011891779 -0.076565400 0.987822771
1403715350762142976.000000 -0.086404219 2.578114986 -0.633484423 0.135397822 -0.011627693 -0.072881430 0.988038778
1403715350812143104.000000 -0.089275748 2.580325127 -0.621398687 0.136047423 -0.010162607 -0.070258379 0.988155663
1403715350862142976.000000 -0.091333658 2.580051899 -0.607386649 -0.135768101 0.007409275 0.070891879 -0.988173306
1403715350912143104.000000 -0.092154317 2.579188347 -0.593461573 -0.135043219 0.004961048 0.073569097 -0.988092303
1403715350962142976.000000 -0.091950446 2.576963425 -0.579154015 -0.134433702 0.001914360 0.075878531 -0.988011360
1403715351012143104.000000 -0.091261469 2.573039770 -0.564646304 -0.134348989 0.000395864 0.077527374 -0.987896621
1403715351062142976.000000 -0.089837819 2.567294121 -0.550090432 -0.134754971 -0.000149825 0.078612521 -0.987755716
1403715351112143104.000000 -0.087316059 2.559846401 -0.535594821 -0.134875193 -0.001018181 0.079305403 -0.987683356
1403715351162142976.000000 -0.084212445 2.550415277 -0.521143198 -0.136068180 -0.000676564 0.077789828 -0.987640500
1403715351212143104.000000 -0.080020323 2.540510654 -0.505255103 0.137543678 -0.000272436 -0.076202422 0.987560093
1403715351262142976.000000 -0.075883582 2.528007269 -0.489899218 0.138526589 -0.000673324 -0.075268902 0.987494111
1403715351312143104.000000 -0.070182785 2.513500214 -0.474554986 -0.140253752 -0.003260870 0.072596192 -0.987445235
1403715351362142976.000000 -0.064184584 2.497763395 -0.458962739 -0.140943557 -0.006930809 0.071663201 -0.987396240
1403715351412143104.000000 -0.057835001 2.480829716 -0.443423301 -0.141674280 -0.011059144 0.070054375 -0.987369478
1403715351462142976.000000 -0.050410915 2.463528395 -0.426474541 0.141535759 0.014221765 -0.070294105 0.987331867
1403715351512143104.000000 -0.043665603 2.444281340 -0.411181569 0.141145974 0.016627245 -0.070349291 0.987346113
1403715351562142976.000000 -0.036039427 2.423961639 -0.396459788 0.140845135 0.022328602 -0.070097610 0.987294495
1403715351612143104.000000 -0.028140571 2.402431488 -0.382984400 -0.140364185 -0.030607706 0.070107713 -0.987140357
1403715351662142976.000000 -0.020371042 2.381513834 -0.367910475 0.140811116 0.034601558 -0.070508964 0.986916125
1403715351712143104.000000 -0.013222836 2.357527971 -0.355775625 0.142132387 0.035189014 -0.072020963 0.986596763
1403715351762142976.000000 -0.006460927 2.332259417 -0.344966948 -0.145130649 -0.033230942 0.073376723 -0.986128151
1403715351812143104.000000 0.000301320 2.305494308 -0.335175037 -0.150694609 -0.031470343 0.072610743 -0.985407829
1403715351862142976.000000 0.007081114 2.277581692 -0.326210111 -0.157903820 -0.028807502 0.071339689 -0.984452784
1403715351912143104.000000 0.013576910 2.248867989 -0.317817748 -0.166094393 -0.026623037 0.070597872 -0.983219147
1403715351962142976.000000 0.019744584 2.222444773 -0.308692485 0.175989717 0.023756215 -0.068513639 0.981717467
1403715352012143104.000000 0.027404696 2.192898512 -0.301339120 0.186088309 0.021440428 -0.067690216 0.979964077
1403715352062142976.000000 0.035715282 2.162973166 -0.294990689 -0.196236432 -0.018889152 0.067531794 -0.978046000
1403715352112143104.000000 0.045387521 2.133599281 -0.288857400 0.204503790 0.017218487 -0.069410950 0.976249933
1403715352162142976.000000 0.052813809 2.105259180 -0.282615602 0.212632596 0.016141316 -0.069326565 0.974536180
1403715352212143104.000000 0.062530130 2.076941252 -0.276742488 0.219616905 0.015485520 -0.068591177 0.973048806
1403715352262142976.000000 0.071946755 2.049159765 -0.270058960 0.224652752 0.014007925 -0.069243170 0.971874714
1403715352312143104.000000 0.078762844 2.023526907 -0.265240908 0.228758976 0.011653568 -0.070137136 0.970883310
1403715352362142976.000000 0.087758154 1.997091532 -0.257541955 0.232080728 0.010491170 -0.070743091 0.970063865
1403715352412143104.000000 0.095600352 1.971708894 -0.249214575 0.236073047 0.009237682 -0.067095719 0.969372213
1403715352462142976.000000 0.103131391 1.946896195 -0.240382314 0.241100758 0.007440144 -0.059580393 0.968640983
1403715352512143104.000000 0.110877953 1.923088789 -0.230640173 0.245273978 0.007411438 -0.053234566 0.967962742
1403715352562142976.000000 0.118527994 1.900635362 -0.220016748 0.247359946 0.008526694 -0.052050300 0.967487037
1403715352612143104.000000 0.125844449 1.879808307 -0.214196146 0.246715367 0.011301074 -0.056251585 0.967388093
1403715352662142976.000000 0.132833049 1.860084891 -0.202103406 0.246062815 0.013400128 -0.060722262 0.967257142
1403715352712143104.000000 0.140140906 1.841263771 -0.189593554 0.245330438 0.017058859 -0.063942805 0.967178047
1403715352762142976.000000 0.147455201 1.823728561 -0.176859558 0.243863463 0.021647206 -0.068595670 0.967138469
1403715352812143104.000000 0.154246598 1.806887865 -0.164420992 0.243178755 0.026491007 -0.071253508 0.966998041
1403715352862142976.000000 0.160832822 1.784408092 -0.153702348 0.241741225 0.029736260 -0.073920235 0.967064023
1403715352912143104.000000 0.166778639 1.769056916 -0.142181918 0.240598261 0.031499911 -0.077166192 0.967039704
1403715352962142976.000000 0.172582433 1.754332662 -0.131934404 0.241125256 0.032617718 -0.076419070 0.966930687
1403715353012143104.000000 0.178032145 1.740071535 -0.122347429 0.242459774 0.032888196 -0.073751651 0.966794908
1403715353062142976.000000 0.183594495 1.726572394 -0.113544978 0.242912725 0.032826703 -0.073574036 0.966696858
1403715353112143104.000000 0.189576268 1.713852763 -0.105728649 0.243101999 0.032012932 -0.075014755 0.966565788
1403715353162142976.000000 0.196928203 1.701906085 -0.099224359 0.243494555 0.030528300 -0.076544732 0.966395080
1403715353212143104.000000 0.206451535 1.690765381 -0.094505459 0.243985191 0.029861212 -0.077896029 0.966184199
1403715353262142976.000000 0.220167488 1.680153608 -0.090449184 0.245148525 0.029281791 -0.078693353 0.965842724
1403715353312143104.000000 0.234307811 1.670662761 -0.089323245 0.246325284 0.028109014 -0.079347491 0.965524614
1403715353362142976.000000 0.249382362 1.661548018 -0.089157946 0.247641265 0.026626380 -0.080537826 0.965131402
1403715353412143104.000000 0.262555301 1.652544260 -0.089180879 0.248666778 0.025785264 -0.083394848 0.964647770
1403715353462142976.000000 0.273309886 1.643838882 -0.088066645 0.249889553 0.025838515 -0.085534886 0.964142859
1403715353512143104.000000 0.280638009 1.635355711 -0.085811734 0.251025587 0.025061414 -0.087221056 0.963717103
1403715353562142976.000000 0.285710335 1.625785708 -0.079562955 0.251818508 0.024435775 -0.089141853 0.963350475
1403715353612143104.000000 0.285691798 1.617869973 -0.075286582 0.253274918 0.023956297 -0.090001114 0.962900758
1403715353662142976.000000 0.283016741 1.610528708 -0.070421576 0.254167050 0.024492357 -0.092174686 0.962446451
1403715353712143104.000000 0.278718054 1.603222728 -0.065366566 0.254978061 0.024962302 -0.093977571 0.962045431
1403715353762142976.000000 0.273505658 1.595849752 -0.060538433 0.256124884 0.025476586 -0.095468476 0.961580396
1403715353812143104.000000 0.267661184 1.587980747 -0.055925928 0.257045865 0.026599452 -0.097358957 0.961114585
1403715353862142976.000000 0.261126131 1.579774737 -0.051500596 0.258115917 0.026853867 -0.098023936 0.960753024
1403715353912143104.000000 0.254231572 1.571259260 -0.047322489 0.259397209 0.027805053 -0.098490372 0.960333169
1403715353962142976.000000 0.246289477 1.562636375 -0.043180168 0.260407358 0.027118839 -0.098994620 0.960027456
1403715354012143104.000000 0.237553567 1.553972244 -0.039107747 0.261576861 0.026230201 -0.099034637 0.959730029
1403715354062142976.000000 0.229999065 1.544865370 -0.033078238 0.263418257 0.022526072 -0.096660115 0.959562600
1403715354112143104.000000 0.220588654 1.535949349 -0.029232517 0.266900450 0.018752165 -0.090293802 0.959301591
1403715354162142976.000000 0.210477307 1.527800322 -0.027636416 0.270231515 0.015221706 -0.083950795 0.959007621
1403715354212143104.000000 0.200636953 1.520186663 -0.024834856 0.272864103 0.011907376 -0.079186343 0.958714247
1403715354262142976.000000 0.191606373 1.513490558 -0.021516167 0.274065465 0.009254099 -0.077655703 0.958526015
1403715354312143104.000000 0.183602035 1.507663488 -0.017782405 0.274159163 0.008597395 -0.078941427 0.958400309
1403715354362142976.000000 0.175880685 1.502562523 -0.013212465 0.273048788 0.007752708 -0.082857236 0.958393991
1403715354412143104.000000 0.169829994 1.500459909 -0.006673925 0.271625489 0.007298455 -0.088099808 0.958334386
1403715354462142976.000000 0.163660228 1.495973587 -0.000267521 0.270165980 0.007221905 -0.092968293 0.958287656
1403715354512143104.000000 0.157849297 1.491745472 0.006722294 0.269028544 0.007713688 -0.096804507 0.958223939
1403715354562142976.000000 0.151639804 1.487191200 0.012678377 0.268611878 0.008082232 -0.098447852 0.958170295
1403715354612143104.000000 0.148457140 1.482282877 0.018927634 0.268626809 0.009089944 -0.098252326 0.958177209
1403715354662142976.000000 0.147780091 1.477206945 0.024868861 0.268319398 0.009336567 -0.098243497 0.958261907
1403715354712143104.000000 0.150289610 1.471992850 0.030413531 0.268215716 0.009524199 -0.097575441 0.958357334
1403715354762142976.000000 0.156301260 1.466997385 0.035149120 0.267868221 0.009710602 -0.097087830 0.958502173
1403715354812143104.000000 0.164702430 1.462810516 0.038684152 0.268076360 0.008778373 -0.096013591 0.958561182
1403715354862142976.000000 0.175788581 1.458664179 0.041462794 0.267711759 0.009326424 -0.096407421 0.958618343
1403715354912143104.000000 0.188441366 1.458759904 0.041045964 0.269914955 0.009262064 -0.092779972 0.958359063
1403715354962142976.000000 0.204085931 1.454108953 0.042772770 0.271727681 0.009565922 -0.089872390 0.958120823
1403715355012143104.000000 0.221922368 1.447989464 0.044501320 0.273595423 0.010829897 -0.087401062 0.957804441
1403715355062142976.000000 0.238891721 1.443319321 0.046820648 0.274321288 0.011397533 -0.087683074 0.957564473
1403715355112143104.000000 0.254240066 1.442043900 0.049893379 0.275199026 0.011431892 -0.090003073 0.957096815
1403715355162142976.000000 0.269816011 1.438167572 0.053116813 0.277951837 0.011521676 -0.092693307 0.956042945
1403715355212143104.000000 0.284458280 1.434629798 0.056800283 0.282823294 0.010183742 -0.095108628 0.954390764
1403715355262142976.000000 0.298849255 1.431324363 0.060829047 0.288690209 0.010324344 -0.099068873 0.952227235
1403715355312143104.000000 0.312438905 1.428075790 0.065327637 0.295568049 0.009780222 -0.104858607 0.949499130
1403715355362142976.000000 0.325647354 1.424781919 0.070087083 0.303721637 0.009472158 -0.110359848 0.946300328
1403715355412143104.000000 0.339846641 1.420850515 0.074802056 0.313400656 0.010303528 -0.114556678 0.942629695
1403715355462142976.000000 0.352915049 1.417312860 0.079607360 0.324486047 0.010681676 -0.117630199 0.938487053
1403715355512143104.000000 0.366320491 1.414626241 0.084496111 0.335826039 0.012323745 -0.120722309 0.934074521
1403715355562142976.000000 0.379301906 1.411929250 0.089343756 0.347094029 0.013324351 -0.124441065 0.929442167
1403715355612143104.000000 0.391691566 1.409318209 0.094305754 0.358480752 0.013453281 -0.128111169 0.924607038
1403715355662142976.000000 0.400455445 1.399233818 0.099176481 0.367340297 0.014717853 -0.133684576 0.920311332
1403715355712143104.000000 0.411993802 1.397254825 0.104897544 0.375807852 0.015299669 -0.138169840 0.916211545
1403715355762142976.000000 0.422994614 1.395780206 0.111222476 0.382602572 0.015646324 -0.142478600 0.912726939
1403715355812143104.000000 0.433534682 1.394709229 0.117479801 0.387576312 0.015304185 -0.146587312 0.909979403
1403715355862142976.000000 0.443896413 1.393445492 0.123771086 0.391488045 0.014369032 -0.149760157 0.907800972
1403715355912143104.000000 0.454559743 1.391759038 0.130225226 0.394516021 0.014114695 -0.152415127 0.906050503
1403715355962142976.000000 0.465037584 1.389802217 0.137107223 0.395995855 0.013899015 -0.155836269 0.904825509
1403715356012143104.000000 0.475271642 1.383297443 0.143293366 0.396118402 0.014530386 -0.158871040 0.904233992
1403715356062142976.000000 0.485409409 1.380664945 0.149798110 0.395127624 0.015182162 -0.163047746 0.903913260
1403715356112143104.000000 0.495485187 1.377756357 0.156118244 0.392664760 0.016136494 -0.167733952 0.904112458
1403715356162142976.000000 0.505064428 1.374023199 0.161990315 0.389574736 0.017091427 -0.171557575 0.904714048
1403715356212143104.000000 0.514289439 1.369524717 0.167057768 0.386228621 0.018717922 -0.173558801 0.905734241
1403715356262142976.000000 0.522730112 1.363903522 0.171846122 0.382910311 0.019658919 -0.174310490 0.906978011
1403715356312143104.000000 0.529982090 1.357201934 0.175989687 0.379303217 0.019104557 -0.174955502 0.908380270
1403715356362142976.000000 0.535907924 1.348956227 0.179655612 0.375957578 0.016213255 -0.174363300 0.909939885
1403715356412143104.000000 0.540873766 1.339231133 0.182807013 0.373025268 0.012641680 -0.173173696 0.911429286
1403715356462142976.000000 0.544918120 1.328441381 0.185602829 0.370817065 0.008881120 -0.169851914 0.912998497
1403715356512143104.000000 0.547093987 1.316628814 0.187590212 0.370107949 0.004270992 -0.162590429 0.914640009
1403715356562142976.000000 0.549656451 1.303128481 0.190492287 0.370344669 0.001502018 -0.156806469 0.915562332
1403715356612143104.000000 0.552310944 1.288326621 0.193849251 0.371826470 -0.000670399 -0.152256668 0.915730655
1403715356662142976.000000 0.553354681 1.273119211 0.196694165 0.374694198 -0.001428073 -0.148738042 0.915138900
1403715356712143104.000000 0.555488884 1.256166816 0.200659260 0.378455967 -0.002146800 -0.147547558 0.913781285
1403715356762142976.000000 0.557839215 1.238288164 0.205193639 0.383530498 -0.002348930 -0.146998242 0.911751330
1403715356812143104.000000 0.560161710 1.219995499 0.210381925 0.390103936 -0.001870955 -0.147074193 0.908946991
1403715356862142976.000000 0.560480356 1.204045534 0.216446131 0.397292525 -0.002983076 -0.149979636 0.905348539
1403715356912143104.000000 0.563312173 1.184844613 0.223057076 0.406197816 -0.004282738 -0.151470542 0.901133597
1403715356962142976.000000 0.568289876 1.165440559 0.229963407 0.416859210 -0.004585077 -0.152563334 0.896064639
1403715357012143104.000000 0.576234758 1.145024300 0.237356573 0.427795172 -0.002710860 -0.155875266 0.890329719
1403715357062142976.000000 0.582923114 1.126778960 0.242995441 0.439444035 -0.002119000 -0.159242675 0.884039760
1403715357112143104.000000 0.592906833 1.106979012 0.250505835 0.451017380 -0.000059403 -0.162890926 0.877524853
1403715357162142976.000000 0.603258729 1.087424517 0.258319587 0.461899012 0.001507592 -0.167758405 0.870921433
1403715357212143104.000000 0.614507735 1.068030596 0.266576499 0.471533209 0.003101161 -0.172728285 0.864761114
1403715357262142976.000000 0.626667380 1.048743725 0.275749594 0.479301304 0.006409581 -0.177749664 0.859438419
1403715357312143104.000000 0.638797402 1.032224178 0.283007711 0.484694839 0.009325013 -0.183119178 0.855249286
1403715357362142976.000000 0.652522922 1.012804508 0.293530047 0.488610864 0.012117160 -0.188108921 0.851896524
1403715357412143104.000000 0.665834904 0.993937552 0.303920567 0.491916716 0.013492398 -0.191143319 0.849293947
1403715357462142976.000000 0.678416789 0.975067377 0.314546615 0.493874997 0.015660679 -0.194718093 0.847305834
1403715357512143104.000000 0.690014839 0.956452787 0.325231254 0.495141447 0.015356978 -0.198216841 0.845759571
1403715357562142976.000000 0.700344801 0.937803566 0.336122394 0.495979995 0.014803849 -0.201262802 0.844557822
1403715357612143104.000000 0.710173547 0.919052362 0.346666992 0.496571302 0.014467841 -0.204380304 0.843466938
1403715357662142976.000000 0.719660461 0.900078356 0.356877983 0.496971130 0.015770014 -0.206751019 0.842629910
1403715357712143104.000000 0.729569852 0.880950332 0.366226077 0.497632295 0.019574214 -0.207847983 0.841889739
1403715357762142976.000000 0.740564227 0.863850474 0.368871838 0.497086614 0.021795994 -0.209969044 0.841631114
1403715357812143104.000000 0.748764873 0.844413638 0.376935512 0.496441275 0.025598938 -0.213407248 0.841039896
1403715357862142976.000000 0.755459547 0.824691296 0.384282202 0.495069265 0.028572291 -0.217754751 0.840638399
1403715357912143104.000000 0.760196328 0.804314554 0.392978072 0.494062215 0.029800395 -0.220730543 0.840412140
1403715357962142976.000000 0.764197826 0.783025384 0.399416268 0.493158698 0.029093180 -0.222913086 0.840391517
1403715358012143104.000000 0.767019093 0.760708570 0.404880673 0.492535412 0.027926195 -0.224786744 0.840297580
1403715358062142976.000000 0.768931985 0.737285256 0.409207255 0.491766632 0.026650900 -0.226394281 0.840357661
1403715358112143104.000000 0.769781888 0.712508500 0.412171006 0.492118627 0.024227925 -0.225159138 0.840556741
1403715358162142976.000000 0.769832850 0.686075270 0.414280355 0.493046850 0.021723632 -0.221879989 0.840953171
1403715358212143104.000000 0.768552065 0.658078074 0.415903449 0.494052559 0.016635245 -0.217909113 0.841517091
1403715358262142976.000000 0.767963290 0.623625517 0.414653182 0.494620770 0.013209017 -0.214686543 0.842072189
1403715358312143104.000000 0.766059697 0.593559682 0.415307164 0.494951397 0.010191235 -0.213492736 0.842223346
1403715358362142976.000000 0.764087677 0.562303662 0.415128350 0.495285302 0.008949975 -0.214751348 0.841721058
1403715358412143104.000000 0.762030244 0.529661179 0.414870083 0.496009171 0.010752638 -0.218417868 0.840329051
1403715358462142976.000000 0.759298325 0.495971352 0.414022058 0.498545587 0.013554516 -0.221279904 0.838035643
1403715358512143104.000000 0.756250322 0.460789502 0.412550867 0.502346218 0.018392809 -0.223594427 0.835054278
1403715358562142976.000000 0.755797505 0.425723553 0.411493570 0.506984532 0.022555489 -0.225375593 0.831663311
1403715358612143104.000000 0.751207590 0.389146626 0.408939213 0.511803865 0.026117548 -0.226041704 0.828420103
1403715358662142976.000000 0.745614827 0.351652056 0.404890805 0.518015027 0.028543821 -0.223733142 0.825099528
1403715358712143104.000000 0.745422482 0.313452005 0.399466634 0.526076257 0.028600108 -0.216794014 0.821843207
1403715358762142976.000000 0.739497423 0.275742263 0.393827498 0.533788860 0.028136812 -0.210786074 0.818441808
1403715358812143104.000000 0.733634472 0.238347173 0.387792438 0.540529788 0.027993072 -0.206289262 0.815161824
1403715358862142976.000000 0.729443729 0.201627672 0.382330716 0.546676099 0.027435802 -0.202551216 0.812013268
1403715358912143104.000000 0.722798169 0.165895909 0.376391709 0.551624119 0.028800046 -0.199731663 0.809313715
1403715358962142976.000000 0.715812325 0.131226212 0.370997369 0.555547237 0.029085873 -0.198887557 0.806824088
1403715359012143104.000000 0.711175025 0.097492635 0.365713179 0.559009552 0.026990941 -0.198274508 0.804653466
1403715359062142976.000000 0.702955484 0.064816087 0.360810906 0.561232090 0.024739804 -0.199568272 0.802856863
1403715359112143104.000000 0.695605814 0.033578783 0.356082737 0.562912703 0.024209924 -0.200402439 0.801487505
1403715359162142976.000000 0.688180089 0.003516108 0.351340473 0.564429224 0.025284007 -0.200635314 0.800328672
1403715359212143104.000000 0.681537747 -0.025963187 0.346455157 0.565674841 0.026907792 -0.199954301 0.799566269
1403715359262142976.000000 0.674414456 -0.053568572 0.341717750 0.566069245 0.029039035 -0.200317979 0.799121499
1403715359312143104.000000 0.667906404 -0.079748899 0.337245971 0.565343678 0.030768111 -0.202109233 0.799119294
1403715359362142976.000000 0.660954833 -0.104359984 0.332242846 0.564228296 0.031895138 -0.204500407 0.799255133
1403715359412143104.000000 0.653841078 -0.128448024 0.327292740 0.562228441 0.034445845 -0.207850128 0.799694419
1403715359462142976.000000 0.647590101 -0.151020661 0.320883453 0.559999347 0.037328809 -0.211311534 0.800221741
1403715359512143104.000000 0.642136216 -0.172572196 0.313045502 0.558060944 0.039804827 -0.213897556 0.800769329
1403715359562142976.000000 0.636256158 -0.193575010 0.304316342 0.556591630 0.042047832 -0.214741588 0.801451087
1403715359612143104.000000 0.631404161 -0.213628128 0.293724120 0.556132555 0.042906884 -0.213951215 0.801935554
1403715359662142976.000000 0.626018882 -0.232922688 0.281654328 0.555923760 0.041854385 -0.212655604 0.802480340
1403715359712143104.000000 0.621001065 -0.251363903 0.268468350 0.555870771 0.039627653 -0.210970283 0.803074658
1403715359762142976.000000 0.613914132 -0.270704120 0.256389290 0.555863559 0.036748830 -0.209550440 0.803588092
1403715359812143104.000000 0.609335482 -0.287328660 0.241205305 0.556005061 0.034980267 -0.207438096 0.804117084
1403715359862142976.000000 0.605027974 -0.302945673 0.225284219 0.555832148 0.032786712 -0.207156956 0.804401457
1403715359912143104.000000 0.599408388 -0.318083048 0.209116489 0.555861056 0.028602280 -0.206539020 0.804700017
1403715359962142976.000000 0.595097959 -0.332053781 0.192349076 0.556645691 0.023614839 -0.204207614 0.804914415
1403715360012143104.000000 0.590198398 -0.345817894 0.175608754 0.556538522 0.020828309 -0.204685420 0.804944158
1403715360062142976.000000 0.586139977 -0.358663529 0.158745348 0.556202352 0.019034546 -0.205886856 0.804914474
1403715360112143104.000000 0.580845952 -0.370921612 0.141821980 0.556007266 0.018122844 -0.207097933 0.804759622
1403715360162142976.000000 0.576999247 -0.383485377 0.125074565 0.555791259 0.017843569 -0.208511800 0.804549873
1403715360212143104.000000 0.571348667 -0.396906734 0.109830201 0.555719614 0.017597720 -0.209390163 0.804376602
1403715360262142976.000000 0.567661643 -0.408654690 0.093379229 0.555186510 0.017122680 -0.209545314 0.804714620
1403715360312143104.000000 0.563913465 -0.420126200 0.077307224 0.554192543 0.015984371 -0.207796663 0.805875778
1403715360362142976.000000 0.559162855 -0.430936754 0.061711133 0.552962124 0.012723774 -0.202848405 0.808036864
1403715360412143104.000000 0.555961370 -0.441415995 0.046584725 0.551342309 0.008358332 -0.195534348 0.810998261
1403715360462142976.000000 0.553168118 -0.450745702 0.032039702 0.548398137 0.003896981 -0.187874913 0.814829588
1403715360512143104.000000 0.550820887 -0.459762901 0.018785805 0.544230580 -0.000112943 -0.180061340 0.819384575
1403715360562142976.000000 0.546532989 -0.468237311 0.007528663 0.538605750 -0.002464139 -0.173033074 0.824595332
1403715360612143104.000000 0.545335770 -0.475795686 -0.002635121 0.530964613 -0.003418464 -0.168397456 0.830486178
1403715360662142976.000000 0.545224249 -0.482540905 -0.011394829 0.521898985 -0.001945291 -0.165114611 0.836872041
1403715360712143104.000000 0.546297133 -0.487690449 -0.018890321 0.511910617 -0.000325928 -0.162538365 0.843521655
1403715360762142976.000000 0.548799932 -0.491838336 -0.024829879 0.500048339 0.002694258 -0.163065657 0.850502193
1403715360812143104.000000 0.551431239 -0.495882899 -0.029114321 0.487234622 0.005447710 -0.163554564 0.857801080
1403715360862142976.000000 0.554838955 -0.498645693 -0.032994345 0.473923445 0.008402732 -0.164018407 0.865114987
1403715360912143104.000000 0.557925642 -0.502092123 -0.035544157 0.460474283 0.011967283 -0.163316518 0.872437954
1403715360962142976.000000 0.561765313 -0.503931880 -0.038315952 0.446893454 0.013658087 -0.162047893 0.879681945
1403715361012143104.000000 0.565798223 -0.505594730 -0.040658191 0.433671325 0.014908197 -0.159618348 0.886695504
1403715361062142976.000000 0.569870651 -0.506986976 -0.043049172 0.420360476 0.015626419 -0.156683415 0.893590093
1403715361112143104.000000 0.573639154 -0.508355260 -0.045535505 0.407217413 0.015352392 -0.152807653 0.900326729
1403715361162142976.000000 0.577080250 -0.513221979 -0.047307171 0.393947899 0.014964728 -0.148472905 0.906938195
1403715361212143104.000000 0.580961883 -0.514696717 -0.049836367 0.380396575 0.014697223 -0.145139664 0.913245261
1403715361262142976.000000 0.584972620 -0.516731441 -0.052193880 0.367152065 0.014730167 -0.141468674 0.919221997
1403715361312143104.000000 0.588653445 -0.518794835 -0.054777928 0.353800058 0.014796437 -0.138307840 0.924920321
1403715361362142976.000000 0.592199028 -0.521040976 -0.057433300 0.340276420 0.015655795 -0.135055751 0.930444479
1403715361412143104.000000 0.592791319 -0.526449859 -0.059532721 0.327068537 0.016121821 -0.131428555 0.935677707
1403715361462142976.000000 0.594590306 -0.529657245 -0.062110025 0.314676315 0.016385654 -0.127312824 0.940479577
1403715361512143104.000000 0.595714390 -0.533913016 -0.065094590 0.303738058 0.017084593 -0.123707667 0.944535732
1403715361562142976.000000 0.596158087 -0.538865447 -0.067982607 0.294211894 0.017055243 -0.121090598 0.947884858
1403715361612143104.000000 0.596063375 -0.544670165 -0.071185209 0.285526514 0.017062845 -0.120313004 0.950635731
1403715361662142976.000000 0.595379055 -0.551486850 -0.074358694 0.278644443 0.016721928 -0.118744947 0.952878416
1403715361712143104.000000 0.593813360 -0.559260249 -0.077121668 0.272123784 0.014950245 -0.116111368 0.955114305
1403715361762142976.000000 0.591617107 -0.567873240 -0.079448119 0.265302211 0.011861959 -0.112834342 0.957466722
1403715361812143104.000000 0.588802040 -0.577455223 -0.081163496 0.258352906 0.008384108 -0.109166279 0.959826231
1403715361862142976.000000 0.585650861 -0.587785363 -0.082232758 0.250559300 0.004954068 -0.105379164 0.962336123
1403715361912143104.000000 0.579670548 -0.597741008 -0.080476865 0.241305918 0.003100433 -0.102310926 0.965035915
1403715361962142976.000000 0.576383591 -0.609479308 -0.080333143 0.232140839 0.003106911 -0.097432956 0.967785001
1403715362012143104.000000 0.574445784 -0.622078896 -0.079948358 -0.222118258 -0.003523256 0.092410848 -0.970624208
1403715362062142976.000000 0.571669936 -0.635243058 -0.078613408 -0.210958242 -0.004154772 0.088523410 -0.973469555
1403715362112143104.000000 0.568673015 -0.649014175 -0.076462492 -0.199082047 -0.004923875 0.083928771 -0.976369858
1403715362162142976.000000 0.565079391 -0.663317978 -0.073396571 -0.186056763 -0.005026058 0.080338016 -0.979236186
1403715362212143104.000000 0.561524093 -0.678114295 -0.069495760 -0.172294721 -0.005713757 0.076236829 -0.982074261
1403715362262142976.000000 0.557649851 -0.693500459 -0.064858928 -0.157991052 -0.007030049 0.071915053 -0.984793186
1403715362312143104.000000 0.553471327 -0.709607899 -0.059554093 -0.143240780 -0.007203602 0.067782417 -0.987337708
1403715362362142976.000000 0.547809541 -0.723656774 -0.055415146 0.128561586 0.007705666 -0.063049711 0.989665270
1403715362412143104.000000 0.543669403 -0.741377890 -0.049508717 0.113595925 0.008009823 -0.057801474 0.991811872
1403715362462142976.000000 0.539322674 -0.760682285 -0.043698661 -0.098720655 -0.008576546 0.051705725 -0.993734002
1403715362512143104.000000 0.534899533 -0.780584872 -0.037596710 -0.083479166 -0.009284593 0.045728341 -0.995416522
1403715362562142976.000000 0.532928109 -0.800125182 -0.033250723 0.068130285 0.008814335 -0.040812690 0.996802330
1403715362612143104.000000 0.529080510 -0.821968198 -0.026565058 0.053579479 0.008792701 -0.034578789 0.997925997
1403715362662142976.000000 0.525697291 -0.844706178 -0.020080473 -0.039379962 -0.009027834 0.028454430 -0.998778284
1403715362712143104.000000 0.523130476 -0.868426502 -0.013068534 -0.025695141 -0.009401920 0.021264011 -0.999399424
1403715362762142976.000000 0.521132648 -0.893035233 -0.005658589 -0.013375754 -0.009580180 0.011308606 -0.999800742
1403715362812143104.000000 0.520000815 -0.918413281 0.001751332 -0.002197469 -0.009897975 -0.000923954 -0.999948204
1403715362862142976.000000 0.519547224 -0.944061875 0.009153170 0.007161882 -0.011258085 -0.016923143 -0.999767780
1403715362912143104.000000 0.520581663 -0.969287395 0.016471799 0.015329214 -0.015940964 -0.035022933 -0.999141872
1403715362962142976.000000 0.522920966 -0.993563950 0.023661800 0.024117123 -0.021926522 -0.049720716 -0.998231173
1403715363012143104.000000 0.526082456 -1.016195893 0.030928727 0.032285769 -0.027019553 -0.063189782 -0.997113168
1403715363062142976.000000 0.534324646 -1.033784747 0.036480661 -0.040624235 0.029379511 0.074075505 0.995991707
1403715363112143104.000000 0.537630677 -1.052168369 0.041971974 -0.049558174 0.031053590 0.082290627 0.994890928
1403715363162142976.000000 0.541528046 -1.067867398 0.047751524 0.058741882 -0.029611548 -0.088257313 -0.993923128
1403715363212143104.000000 0.545458913 -1.080972314 0.051885869 0.068321779 -0.028494548 -0.092965268 -0.992913723
1403715363262142976.000000 0.549830317 -1.091471195 0.055188678 0.078177936 -0.027668761 -0.096474588 -0.991874695
1403715363312143104.000000 0.554525435 -1.099606633 0.057678986 0.087701514 -0.026727360 -0.100167900 -0.990737379
1403715363362142976.000000 0.559274912 -1.105338216 0.059026171 0.097621895 -0.026507871 -0.103420526 -0.989480436
1403715363412143104.000000 0.564341426 -1.108903885 0.059321243 0.107433014 -0.027149811 -0.106119983 -0.988159776
1403715363462142976.000000 0.569290996 -1.109934449 0.058974728 0.117899619 -0.027619664 -0.108382910 -0.986706674
1403715363512143104.000000 0.574365199 -1.108479381 0.057598561 0.128626615 -0.028058441 -0.110182852 -0.985153675
1403715363562142976.000000 0.575823545 -1.103095770 0.057274558 -0.140550420 0.027908817 0.108698688 0.983692706
1403715363612143104.000000 0.580966473 -1.097395182 0.054742917 -0.153848886 0.027055178 0.104698755 0.982159197
1403715363662142976.000000 0.586422503 -1.090980291 0.051144216 0.166266069 -0.026305441 -0.102660187 -0.980369627
1403715363712143104.000000 0.591816306 -1.082809091 0.047376536 0.179123059 -0.026308892 -0.101131938 -0.978261292
1403715363762142976.000000 0.596837580 -1.073810339 0.043198805 0.191715106 -0.026764898 -0.101986885 -0.975770354
1403715363812143104.000000 0.601536393 -1.064396977 0.038751215 0.204583481 -0.027411759 -0.103868574 -0.972936630
1403715363862142976.000000 0.605592370 -1.054316044 0.034101188 0.217605025 -0.027780233 -0.107766300 -0.969671488
1403715363912143104.000000 0.609396517 -1.043663144 0.028929666 0.231487721 -0.028731024 -0.111018308 -0.966055334
1403715363962142976.000000 0.613060892 -1.032063246 0.023156691 0.246694267 -0.030603344 -0.113629825 -0.961921871
1403715364012143104.000000 0.615903497 -1.020357013 0.017261293 0.261397034 -0.031577270 -0.118605584 -0.957396090
1403715364062142976.000000 0.614757061 -1.001728058 0.018703591 -0.276389182 0.032886896 0.122363068 0.952656686
1403715364112143104.000000 0.617136002 -0.989948571 0.013467140 -0.289466619 0.034268465 0.126966789 0.948110878
1403715364162142976.000000 0.619630873 -0.979694724 0.003030427 0.301324904 -0.035654727 -0.130506709 -0.943875074
1403715364212143104.000000 0.621370137 -0.969615638 -0.005264647 0.310926765 -0.035069823 -0.133971825 -0.940290511
1403715364262142976.000000 0.623273969 -0.959983349 -0.013624221 0.318271160 -0.034434039 -0.138447806 -0.937203288
1403715364312143104.000000 0.625158310 -0.950736940 -0.022588104 0.323484361 -0.033376861 -0.143536538 -0.934687734
1403715364362142976.000000 0.627067268 -0.942111313 -0.032031558 0.326941550 -0.031681553 -0.148452595 -0.932774067
1403715364412143104.000000 0.629588783 -0.933471799 -0.041859217 0.328983545 -0.030914018 -0.153366446 -0.931285620
1403715364462142976.000000 0.632760227 -0.924442887 -0.051932529 0.330903322 -0.030902917 -0.155901819 -0.930184245
1403715364512143104.000000 0.635581434 -0.914623976 -0.062168576 0.331103027 -0.030746633 -0.159121037 -0.929573059
1403715364562142976.000000 0.642532229 -0.898928642 -0.069072388 -0.331256300 0.030859439 0.160597578 0.929260731
1403715364612143104.000000 0.645759284 -0.887629330 -0.080764666 -0.331430852 0.030964822 0.160974562 0.929129779
1403715364662142976.000000 0.647637486 -0.876055062 -0.093942352 0.332506001 -0.032160375 -0.160922721 -0.928713799
1403715364712143104.000000 0.650564551 -0.863407314 -0.108046360 0.335868299 -0.033161655 -0.157876313 -0.927991331
1403715364762142976.000000 0.653188646 -0.850240231 -0.123305537 0.341075748 -0.031823300 -0.153124332 -0.926934540
1403715364812143104.000000 0.655243754 -0.836773932 -0.138980925 0.347248524 -0.028255695 -0.148248941 -0.925549805
1403715364862142976.000000 0.657145023 -0.823179543 -0.155001372 0.353605360 -0.024208227 -0.144850001 -0.923794210
1403715364912143104.000000 0.659176111 -0.809690297 -0.171133429 0.359607786 -0.020893957 -0.143643573 -0.921744168
1403715364962142976.000000 0.661277056 -0.796576619 -0.187220544 0.366432637 -0.017086556 -0.142377689 -0.919327974
1403715365012143104.000000 0.663655043 -0.783246934 -0.203192994 0.372296602 -0.015285038 -0.144345373 -0.916692972
1403715365062142976.000000 0.671605110 -0.770965457 -0.217697710 -0.378964365 0.011905138 0.145402879 0.913839340
1403715365112143104.000000 0.674576640 -0.758302331 -0.232918411 -0.385835022 0.011942563 0.146795332 0.910735905
1403715365162142976.000000 0.677618980 -0.745055377 -0.248265028 0.393017381 -0.014572693 -0.148151577 -0.907400787
1403715365212143104.000000 0.681020021 -0.732761383 -0.262712896 0.400045097 -0.016717942 -0.149640337 -0.904042184
1403715365262142976.000000 0.684224486 -0.721142709 -0.276467055 0.406535804 -0.018110676 -0.150391027 -0.900990129
1403715365312143104.000000 0.687175989 -0.710281134 -0.289571404 0.412238777 -0.019044664 -0.150992900 -0.898274839
1403715365362142976.000000 0.689848244 -0.700487316 -0.301752418 0.417129695 -0.020000776 -0.152657896 -0.895711124
1403715365412143104.000000 0.695819199 -0.698897183 -0.310971141 -0.422656029 0.021786153 0.155906454 0.892513573
1403715365462142976.000000 0.697824538 -0.690945983 -0.322598279 -0.428854525 0.022279916 0.158654466 0.889053524
1403715365512143104.000000 0.699482381 -0.683145046 -0.334019333 0.435505599 -0.023870040 -0.162160635 -0.885137916
1403715365562142976.000000 0.700807989 -0.676290393 -0.345146656 0.443336636 -0.024219677 -0.165334210 -0.880642176
1403715365612143104.000000 0.701879978 -0.670176387 -0.356219709 0.451107711 -0.026366804 -0.171371549 -0.875464678
1403715365662142976.000000 0.702756941 -0.664606988 -0.367319286 0.459213942 -0.029362107 -0.178790122 -0.869651973
1403715365712143104.000000 0.703279674 -0.659480691 -0.378384531 0.467828870 -0.032128286 -0.186440825 -0.863332987
1403715365762142976.000000 0.703360319 -0.654475391 -0.389820099 0.476925761 -0.034338973 -0.193945453 -0.856590807
1403715365812143104.000000 0.707071006 -0.657116055 -0.400611877 -0.486341178 0.035249226 0.200800732 0.849652231
1403715365862142976.000000 0.706471324 -0.653523862 -0.413059205 -0.495192856 0.036300801 0.205721095 0.843294203
1403715365912143104.000000 0.705806375 -0.649830639 -0.425925881 0.503283739 -0.036417283 -0.210215449 -0.837370157
1403715365962142976.000000 0.704418898 -0.646558762 -0.439069957 0.509912133 -0.036713690 -0.214914799 -0.832137823
1403715366012143104.000000 0.702410936 -0.643490374 -0.452568561 0.514810205 -0.039565962 -0.220440984 -0.827532947
1403715366062142976.000000 0.699405968 -0.640694201 -0.466564894 0.518745780 -0.041199397 -0.225821048 -0.823535264
1403715366112143104.000000 0.695847034 -0.638044536 -0.481428325 0.521584630 -0.043998662 -0.231408238 -0.820038974
1403715366162142976.000000 0.691765726 -0.635747492 -0.497506171 0.524758279 -0.045394126 -0.233811617 -0.817251623
1403715366212143104.000000 0.686656713 -0.634056091 -0.515013337 0.527115166 -0.046488602 -0.235402837 -0.815214097
1403715366262142976.000000 0.680855095 -0.632826090 -0.533769250 0.529247642 -0.047248486 -0.235926956 -0.813635647
1403715366312143104.000000 0.676003277 -0.630222201 -0.554965138 -0.531147599 0.046037938 0.235027850 0.812726736
1403715366362142976.000000 0.669563055 -0.628868580 -0.576435208 -0.532782018 0.045153677 0.233675465 0.812096298
1403715366412143104.000000 0.662502646 -0.626788914 -0.598743796 0.533805609 -0.041228279 -0.232086584 -0.812088490
1403715366462142976.000000 0.654835224 -0.625632823 -0.622493207 0.535714924 -0.036280967 -0.228127971 -0.812188923
1403715366512143104.000000 0.647017241 -0.624543250 -0.646742463 0.537125647 -0.031317379 -0.224236816 -0.812547326
1403715366562142976.000000 0.638497412 -0.623686433 -0.671107829 0.537304103 -0.027505182 -0.222049803 -0.813167632
1403715366612143104.000000 0.629359424 -0.622708201 -0.695571303 0.537069023 -0.023176612 -0.220634267 -0.813842893
1403715366662142976.000000 0.620026112 -0.621500134 -0.719623089 0.536522567 -0.019716561 -0.219355077 -0.814639866
1403715366712143104.000000 0.610493422 -0.619844794 -0.743328929 0.535248458 -0.016328802 -0.218875289 -0.815681398
1403715366762142976.000000 0.600018322 -0.615196228 -0.767023623 -0.533990443 0.013587950 0.219027326 0.816514969
1403715366812143104.000000 0.590176105 -0.612825453 -0.790654540 -0.532377422 0.009805899 0.219576746 0.817474246
1403715366862142976.000000 0.580779195 -0.611344934 -0.813920498 0.530542672 -0.007071628 -0.220183522 -0.818531513
1403715366912143104.000000 0.572014809 -0.608392775 -0.836954057 0.529028118 -0.005666178 -0.220411763 -0.819460690
1403715366962142976.000000 0.563713968 -0.604883790 -0.859618723 0.526967168 -0.005108635 -0.222300813 -0.820281625
1403715367012143104.000000 0.556160450 -0.600474477 -0.882121086 0.525171101 -0.004975363 -0.223324403 -0.821155846
1403715367062142976.000000 0.549498975 -0.594892204 -0.904459476 0.523494542 -0.005613243 -0.224467352 -0.821910262
1403715367112143104.000000 0.543479860 -0.588154137 -0.926650167 0.521978199 -0.005840404 -0.224950537 -0.822740555
1403715367162142976.000000 0.538051784 -0.579815865 -0.948633552 0.520152390 -0.005692164 -0.225966141 -0.823619127
1403715367212143104.000000 0.533267915 -0.570364594 -0.970576167 0.519080222 -0.005930431 -0.225191191 -0.824505687
1403715367262142976.000000 0.528760016 -0.553949833 -0.993474066 -0.516637266 0.006722389 0.227094516 0.825511336
1403715367312143104.000000 0.523435712 -0.542070150 -1.014907122 -0.515018284 0.005854515 0.227954522 0.826292098
1403715367362142976.000000 0.518465281 -0.530226588 -1.036615610 0.513234675 -0.005135823 -0.229569539 -0.826959252
1403715367412143104.000000 0.513274908 -0.516414821 -1.058086395 0.511829495 -0.004789765 -0.230372190 -0.827608824
1403715367462142976.000000 0.508209229 -0.501322806 -1.079498649 0.510644674 -0.004651274 -0.230471909 -0.828313410
1403715367512143104.000000 0.503340125 -0.484944910 -1.101182222 0.509423137 -0.003464270 -0.231029972 -0.828915775
1403715367562142976.000000 0.498760760 -0.467046142 -1.122865796 0.508306146 -0.002898717 -0.230860934 -0.829650402
1403715367612143104.000000 0.494466871 -0.447700351 -1.144447803 0.507430017 -0.003419867 -0.230343223 -0.830328405
1403715367662142976.000000 0.490162075 -0.427127838 -1.165766716 0.506323397 -0.004013881 -0.230421990 -0.830979168
1403715367712143104.000000 0.486140013 -0.404886782 -1.187047482 0.506096065 -0.004424950 -0.228671923 -0.831598699
1403715367762142976.000000 0.479271829 -0.384568065 -1.205974102 -0.505608261 0.005088789 0.227765426 0.832140267
1403715367812143104.000000 0.475710213 -0.359878302 -1.226828337 -0.505591154 0.005120961 0.225816160 0.832681537
1403715367862142976.000000 0.472480237 -0.334313095 -1.248174191 0.506108582 -0.005547291 -0.222867832 -0.833158672
1403715367912143104.000000 0.469145536 -0.307498693 -1.269279957 0.507461786 -0.006552764 -0.218614280 -0.833455145
1403715367962142976.000000 0.466013759 -0.279766858 -1.290016890 0.508689046 -0.010199560 -0.215270683 -0.833540618
1403715368012143104.000000 0.462314874 -0.251370788 -1.310378075 0.509693801 -0.013673121 -0.213107109 -0.833433092
1403715368062142976.000000 0.458158731 -0.222569019 -1.330438614 0.510311007 -0.017700978 -0.212077081 -0.833242297
1403715368112143104.000000 0.453146219 -0.193828434 -1.350293756 0.510923684 -0.020402553 -0.211281165 -0.833007216
1403715368162142976.000000 0.447236747 -0.165442109 -1.370014787 0.511431038 -0.022896737 -0.211236492 -0.832642257
1403715368212143104.000000 0.439347595 -0.141707540 -1.387225389 -0.511727452 0.025190089 0.211943850 0.832214117
1403715368262142976.000000 0.431990296 -0.114056408 -1.406960249 -0.511122584 0.027713098 0.214521721 0.831845045
1403715368312143104.000000 0.423603684 -0.085433125 -1.427703738 0.510421932 -0.029841274 -0.217467964 -0.831436515
1403715368362142976.000000 0.414940178 -0.057319403 -1.448731184 0.509310305 -0.033496737 -0.221339449 -0.830957174
1403715368412143104.000000 0.405618072 -0.029286504 -1.470568895 0.508491218 -0.036364254 -0.224263400 -0.830554247
1403715368462142976.000000 0.396076918 -0.001015484 -1.493196249 0.508344114 -0.040113542 -0.225741625 -0.830071032
1403715368512143104.000000 0.385944635 0.027314544 -1.516787887 0.508856654 -0.042263079 -0.226024121 -0.829573274
1403715368562142976.000000 0.375144064 0.055300534 -1.541623116 0.510594070 -0.042153526 -0.223505542 -0.829193652
1403715368612143104.000000 0.363793820 0.082860231 -1.567528009 0.513260424 -0.039566107 -0.218936995 -0.828893840
1403715368662142976.000000 0.351944089 0.109930575 -1.594056010 0.515826583 -0.035841916 -0.214452237 -0.828642547
1403715368712143104.000000 0.340035409 0.135221064 -1.619163156 -0.517745554 0.033252265 0.212029025 0.828177333
1403715368762142976.000000 0.327565014 0.160964370 -1.646963596 -0.519716382 0.030484898 0.209284961 0.827747166
1403715368812143104.000000 0.314559996 0.186931789 -1.674942017 0.521393001 -0.028440559 -0.207070231 -0.827322364
1403715368862142976.000000 0.301640213 0.211773336 -1.702860117 0.522246122 -0.026649622 -0.206953436 -0.826873124
1403715368912143104.000000 0.288860023 0.236188054 -1.730682135 0.522134244 -0.024870234 -0.206537470 -0.827103198
1403715368962142976.000000 0.276108593 0.259630084 -1.758246779 0.520389020 -0.022680558 -0.206564680 -0.828258395
1403715369012143104.000000 0.263279676 0.282505929 -1.785384774 0.516999483 -0.020143174 -0.207161188 -0.830295205
1403715369062142976.000000 0.250912189 0.305101693 -1.812398434 0.512109518 -0.017306799 -0.207571119 -0.833281875
1403715369112143104.000000 0.239051372 0.327586293 -1.839306951 0.506054759 -0.014893220 -0.206945822 -0.837174058
1403715369162142976.000000 0.227455243 0.350353241 -1.865589261 0.499179423 -0.012483526 -0.205033720 -0.841798842
1403715369212143104.000000 0.206896126 0.377870917 -1.890974045 -0.491241246 0.010841147 0.202545986 0.847077131
1403715369262142976.000000 0.196240872 0.401539743 -1.916957736 -0.483038157 0.009095535 0.198175594 0.852829337
1403715369312143104.000000 0.186749429 0.424302876 -1.942024946 0.473532766 -0.007226783 -0.194622070 -0.858974338
1403715369362142976.000000 0.177799776 0.447838604 -1.966911316 0.463555813 -0.006463110 -0.190338150 -0.865358710
1403715369412143104.000000 0.169222608 0.471613884 -1.991195560 0.452944994 -0.004896912 -0.185872808 -0.871933639
1403715369462142976.000000 0.161145598 0.495725393 -2.014784575 0.441782326 -0.003937732 -0.181757197 -0.878508508
1403715369512143104.000000 0.149872646 0.520065904 -2.038449764 -0.430026948 0.003312449 0.177397102 0.885209739
1403715369562142976.000000 0.142126158 0.544480681 -2.060896635 -0.418200850 0.002895186 0.173049137 0.891713917
1403715369612143104.000000 0.134351999 0.568993628 -2.082725048 -0.406218857 0.002530751 0.168274254 0.898144543
1403715369662142976.000000 0.127078176 0.593239367 -2.105270624 0.395035714 -0.002073601 -0.163498104 -0.903997183
1403715369712143104.000000 0.119956225 0.618558347 -2.126766443 0.385356098 -0.001778893 -0.159041300 -0.908957303
1403715369762142976.000000 0.112837516 0.644297361 -2.147716045 0.377043009 -0.000808202 -0.154208884 -0.913267553
1403715369812143104.000000 0.105576031 0.670585752 -2.167858601 0.370002180 0.000218809 -0.150751069 -0.916718304
1403715369862142976.000000 0.097998306 0.697260737 -2.186999083 0.364873022 0.001856243 -0.146306232 -0.919488370
1403715369912143104.000000 0.090052791 0.724359691 -2.204753876 0.360816240 0.004776224 -0.143003225 -0.921595871
1403715369962142976.000000 0.073049664 0.752843380 -2.212622404 -0.357788026 -0.007753579 0.140239745 0.923179567
1403715370012143104.000000 0.064821884 0.780215442 -2.227802515 -0.356088668 -0.011312186 0.136834413 0.924310207
1403715370062142976.000000 0.056812253 0.807984889 -2.241307259 -0.355519623 -0.014435398 0.132620692 0.925099552
1403715370112143104.000000 0.049837835 0.834294677 -2.255308151 0.355494499 0.015291122 -0.129106283 -0.925592482
1403715370162142976.000000 0.043622918 0.861461520 -2.266320705 0.355996042 0.013135336 -0.125032291 -0.925992072
1403715370212143104.000000 0.038113065 0.888190389 -2.275460482 0.355295092 0.007300474 -0.126545563 -0.926120043
1403715370262142976.000000 0.033416413 0.914511859 -2.283488750 0.354718298 0.001027713 -0.129275858 -0.925992310
1403715370312143104.000000 0.029146038 0.940515816 -2.290145397 0.354152828 -0.004128325 -0.132288545 -0.925774574
1403715370362142976.000000 0.025267854 0.965897739 -2.295790195 0.353393853 -0.009091839 -0.136819467 -0.925370514
1403715370412143104.000000 0.021715991 0.991374135 -2.300792694 0.352577239 -0.013628137 -0.142033830 -0.924840569
1403715370462142976.000000 0.018275063 1.016907692 -2.300660610 -0.352499455 0.016689455 0.146285996 0.924156964
1403715370512143104.000000 0.015202388 1.041954517 -2.305052042 -0.352932751 0.019145353 0.149584308 0.923415661
1403715370562142976.000000 0.011925668 1.066789389 -2.309461832 -0.353278816 0.020463424 0.152284697 0.922813475
1403715370612143104.000000 0.007877748 1.091165662 -2.317053080 0.354288787 -0.021981461 -0.153297022 -0.922223568
1403715370662142976.000000 0.003958873 1.116185665 -2.323132515 0.354968607 -0.022164023 -0.154986009 -0.921675324
1403715370712143104.000000 0.000080012 1.141577721 -2.329425573 0.355925560 -0.022241794 -0.155153155 -0.921276152
1403715370762142976.000000 -0.003417883 1.167324781 -2.335750818 0.357653439 -0.021425556 -0.153113142 -0.920967579
1403715370812143104.000000 -0.006792895 1.193012953 -2.342195749 0.359339207 -0.019585187 -0.150801927 -0.920733690
1403715370862142976.000000 -0.010271460 1.218624711 -2.348634720 0.360953599 -0.017082190 -0.148989066 -0.920447171
1403715370912143104.000000 -0.013850525 1.244094610 -2.354800701 0.362014949 -0.015287333 -0.148304343 -0.920172453
1403715370962142976.000000 -0.013649013 1.266654968 -2.361062527 -0.363009244 0.011680881 0.149181634 0.919691682
1403715371012143104.000000 -0.017895363 1.292293906 -2.366000175 -0.363276780 0.006357003 0.150900796 0.919357717
1403715371062142976.000000 -0.022745006 1.318117261 -2.370668888 -0.363249153 -0.001175992 0.153527468 0.918954909
1403715371112143104.000000 -0.028869040 1.342841864 -2.374693155 0.363387734 0.008566330 -0.155345812 -0.918555260
1403715371162142976.000000 -0.033591338 1.369006157 -2.377194405 0.363272607 0.014615690 -0.157244325 -0.918201327
1403715371212143104.000000 -0.037964657 1.396183729 -2.378156185 0.363392293 0.019753793 -0.158097342 -0.917911232
1403715371262142976.000000 -0.041698165 1.424584866 -2.377562046 0.363675028 0.022568636 -0.158394039 -0.917683244
1403715371312143104.000000 -0.044825137 1.454278708 -2.375302315 0.363915205 0.023613863 -0.157862216 -0.917653382
1403715371362142976.000000 -0.047210217 1.484770775 -2.371795177 0.363968015 0.023684265 -0.157620996 -0.917672098
1403715371412143104.000000 -0.044169344 1.515943289 -2.372423172 -0.363984078 -0.022508699 0.156750649 0.917844296
1403715371462142976.000000 -0.044720642 1.548571587 -2.366662025 -0.363745600 -0.016626757 0.156677887 0.918076634
1403715371512143104.000000 -0.044215489 1.582108021 -2.359982491 -0.363073081 -0.007957502 0.158015564 0.918229699
1403715371562142976.000000 -0.045579303 1.616921782 -2.351181507 0.361645669 -0.000964356 -0.160174802 -0.918452740
1403715371612143104.000000 -0.045501620 1.652160525 -2.342554808 0.360399723 -0.008834334 -0.161790669 -0.918617368
1403715371662142976.000000 -0.045413494 1.688042164 -2.333914518 0.358935326 -0.016034851 -0.164188981 -0.918667734
1403715371712143104.000000 -0.045705467 1.724561691 -2.325439453 0.356967002 -0.021604653 -0.167576551 -0.918708861
1403715371762142976.000000 -0.046162199 1.761644363 -2.317575455 0.355329603 -0.025022740 -0.169653431 -0.918875635
1403715371812143104.000000 -0.046819005 1.799574137 -2.310679913 0.354688823 -0.026780598 -0.169764191 -0.919053197
1403715371862142976.000000 -0.048575629 1.837613583 -2.304321051 0.354780793 -0.023580171 -0.167160183 -0.919582546
1403715371912143104.000000 -0.048099115 1.871607542 -2.302221298 -0.355709314 0.019383574 0.163080812 0.920054317
1403715371962142976.000000 -0.050479706 1.910049915 -2.297306061 -0.356804192 0.015628837 0.158279866 0.920540094
1403715372012143104.000000 -0.052474272 1.948730469 -2.292441368 -0.357191175 0.012614798 0.155505717 0.920908988
1403715372062142976.000000 -0.053531379 1.990221739 -2.286099195 0.357698232 -0.012661868 -0.152732790 -0.921175539
1403715372112143104.000000 -0.054460302 2.030124664 -2.280734777 0.357691199 -0.013583327 -0.151467338 -0.921374083
1403715372162142976.000000 -0.054781388 2.070123911 -2.275268078 0.357024401 -0.014742472 -0.150599852 -0.921757042
1403715372212143104.000000 -0.054018166 2.110023737 -2.269923925 0.354507536 -0.016800545 -0.150722548 -0.922672689
1403715372262142976.000000 -0.052139543 2.149891138 -2.264624596 0.351858169 -0.017159523 -0.148762047 -0.923997462
1403715372312143104.000000 -0.049637638 2.189681768 -2.259477139 0.347822040 -0.017582053 -0.146687537 -0.925847471
1403715372362142976.000000 -0.046354808 2.229185581 -2.254710197 0.342630416 -0.017630588 -0.144210771 -0.928168595
1403715372412143104.000000 -0.044482976 2.265242100 -2.255238056 -0.336563736 0.018461540 0.139812931 0.931040525
1403715372462142976.000000 -0.039153673 2.304007530 -2.251557350 -0.330828518 0.018901901 0.136918813 0.933514059
1403715372512143104.000000 -0.032789901 2.342725039 -2.248147011 -0.325766057 0.018788258 0.133631527 0.935770392
1403715372562142976.000000 -0.024302732 2.382903814 -2.243375063 0.321247637 -0.019786049 -0.130347013 -0.937772989
1403715372612143104.000000 -0.016012739 2.421823740 -2.240012169 0.317168146 -0.020439880 -0.128035411 -0.939464509
1403715372662142976.000000 -0.007725038 2.460626602 -2.236658573 0.313802660 -0.020658126 -0.125669539 -0.940908253
1403715372712143104.000000 0.000291143 2.499095440 -2.233458281 0.310680985 -0.021103160 -0.124757551 -0.942054927
1403715372762142976.000000 0.007496502 2.536954880 -2.230194092 0.308574468 -0.020609550 -0.123172455 -0.942966402
1403715372812143104.000000 0.013933156 2.571078777 -2.231943846 -0.306523353 0.021346390 0.122564659 0.943697870
1403715372862142976.000000 0.020286642 2.608260870 -2.228914976 -0.304825962 0.021311499 0.122732230 0.944226623
1403715372912143104.000000 0.026216172 2.645242214 -2.225674152 -0.303111523 0.021907456 0.124031648 0.944595039
1403715372962142976.000000 0.032024246 2.682712555 -2.220997810 0.301554233 -0.023005679 -0.125953034 -0.944813013
1403715373012143104.000000 0.037608802 2.719495535 -2.217256784 0.300313056 -0.023383399 -0.127902016 -0.944937229
1403715373062142976.000000 0.042825677 2.756104946 -2.213462830 0.299388111 -0.024146454 -0.129636690 -0.944975138
1403715373112143104.000000 0.047593072 2.792540789 -2.209972382 0.298916936 -0.024874777 -0.131177321 -0.944892883
1403715373162142976.000000 0.052006468 2.828868389 -2.206848860 0.298690945 -0.025285879 -0.132282421 -0.944799364
1403715373212143104.000000 0.056161679 2.865165234 -2.204159975 0.298935980 -0.025679346 -0.132983431 -0.944612861
1403715373262142976.000000 0.060271971 2.899869919 -2.201095581 -0.299804419 0.025158333 0.132749736 0.944384396
1403715373312143104.000000 0.064672872 2.935814857 -2.199317694 -0.301787883 0.024498630 0.129855350 0.944172442
1403715373362142976.000000 0.068996727 2.971168518 -2.197451115 -0.303189129 0.024263676 0.128818661 0.943871498
1403715373412143104.000000 0.073087685 3.007160664 -2.196298838 0.304269373 -0.024107527 -0.128122628 -0.943622649
1403715373462142976.000000 0.077074796 3.042201996 -2.194727182 0.305344105 -0.023978135 -0.126896814 -0.943444431
1403715373512143104.000000 0.080461897 3.076598167 -2.192824841 0.305268407 -0.023548713 -0.125595585 -0.943653762
1403715373562142976.000000 0.083879627 3.110710144 -2.190679073 0.304702312 -0.022954358 -0.121780589 -0.944351196
1403715373612143104.000000 0.086985417 3.144188643 -2.187909603 0.303319633 -0.020602522 -0.115741104 -0.945609212
1403715373662142976.000000 0.086738445 3.181704044 -2.179043770 -0.300301343 0.019348299 0.109511435 0.947339475
1403715373712143104.000000 0.089764059 3.213048697 -2.175282717 -0.295669258 0.018171905 0.101991490 0.949656427
1403715373762142976.000000 0.092951238 3.243281841 -2.170656443 -0.289013505 0.017413154 0.096021257 0.952338159
1403715373812143104.000000 0.096079782 3.269936323 -2.167663336 0.280175835 -0.017675040 -0.091616206 -0.955403447
1403715373862142976.000000 0.099430554 3.296480179 -2.162002325 0.269500911 -0.017867997 -0.088610537 -0.958748281
1403715373912143104.000000 0.103469536 3.325650215 -2.153471947 -0.257535845 0.018227421 0.085982956 0.962262988
1403715373962142976.000000 0.107484676 3.349770546 -2.146727800 -0.244735897 0.019100767 0.083607920 0.965789437
1403715374012143104.000000 0.111070529 3.372774839 -2.139629364 -0.231675357 0.019377366 0.080075905 0.969298124
1403715374062142976.000000 0.114388913 3.397467613 -2.129439592 -0.217809141 0.019939778 0.076700784 0.972768486
1403715374112143104.000000 0.117495649 3.417624474 -2.121748447 -0.203798100 0.020676879 0.073026255 0.976066649
1403715374162142976.000000 0.120690972 3.436788559 -2.113910913 -0.190436378 0.020479649 0.067577183 0.979156733
1403715374212143104.000000 0.123694196 3.455862045 -2.105074883 0.176229879 -0.020347120 -0.063326344 -0.982099235
1403715374262142976.000000 0.126472577 3.474962950 -2.097397804 -0.162281305 0.020953432 0.058787912 0.984768927
1403715374312143104.000000 0.129539669 3.492139816 -2.089213848 -0.148329958 0.019846709 0.055142242 0.987199962
1403715374362142976.000000 0.133012697 3.509230137 -2.081608295 -0.135816500 0.018429089 0.050254479 0.989286959
1403715374412143104.000000 0.136697277 3.525891304 -2.073915243 0.124630563 -0.015885735 -0.046045836 -0.991006911
1403715374462142976.000000 0.140761137 3.542338133 -2.066115141 0.115384199 -0.013285546 -0.042418897 -0.992325902
1403715374512143104.000000 0.144660756 3.558611631 -2.057789564 0.108048074 -0.008377030 -0.039497927 -0.993325412
1403715374562142976.000000 0.149158329 3.574753761 -2.049135447 0.102282807 -0.004678289 -0.037212193 -0.994048119
1403715374612143104.000000 0.153891474 3.590656042 -2.039929152 0.098011792 -0.000587253 -0.035042711 -0.994567931
1403715374662142976.000000 0.159190789 3.606060266 -2.029660702 0.094787478 0.002182826 -0.034370806 -0.994901657
1403715374712143104.000000 0.165100664 3.621274710 -2.017889500 0.092752017 0.004264144 -0.033226337 -0.995125592
1403715374762142976.000000 0.171937659 3.634521246 -2.007177353 -0.091547370 -0.005992824 0.032248251 0.995260358
1403715374812143104.000000 0.178498983 3.648790359 -1.992509484 -0.091435194 -0.006776957 0.031256568 0.995297313
1403715374862142976.000000 0.185503379 3.662604094 -1.976409435 -0.091846757 -0.007066860 0.031062886 0.995263517
1403715374912143104.000000 0.194331363 3.677852631 -1.959418774 0.093063347 0.006405693 -0.029577022 -0.995200157
1403715374962142976.000000 0.203081474 3.691026688 -1.940883398 0.094382644 0.002386387 -0.028502932 -0.995124996
1403715375012143104.000000 0.211521313 3.700670719 -1.924849749 -0.096197806 0.001500791 0.027972141 0.994968057
1403715375062142976.000000 0.220778495 3.712157488 -1.904119372 -0.098496631 0.005067832 0.026354309 0.994775474
1403715375112143104.000000 0.229661867 3.722405910 -1.882569909 -0.100575209 0.007337335 0.026190268 0.994557679
1403715375162142976.000000 0.238558114 3.731480598 -1.859304428 0.102750324 -0.009703320 -0.026695749 -0.994301558
1403715375212143104.000000 0.245958224 3.737997532 -1.840799332 -0.105060242 0.011789365 0.027691830 0.994010389
1403715375262142976.000000 0.254391253 3.744693756 -1.817177176 -0.106892988 0.012407869 0.029799795 0.993746400
1403715375312143104.000000 0.262689024 3.750319719 -1.793418527 -0.109258063 0.012807809 0.031168334 0.993442118
1403715375362142976.000000 0.270026922 3.754778385 -1.771340847 -0.110594161 0.013994975 0.035036445 0.993149340
1403715375412143104.000000 0.278150886 3.758865118 -1.746994972 -0.113623388 0.012476588 0.035214797 0.992821276
1403715375462142976.000000 0.286790967 3.762025118 -1.722346544 -0.115264177 0.013289291 0.038136866 0.992513597
1403715375512143104.000000 0.295042694 3.764565945 -1.698276877 0.116968155 -0.012850371 -0.040047947 -0.992244720
1403715375562142976.000000 0.300469458 3.766333103 -1.674159765 -0.118260264 0.012754775 0.043408122 0.991951406
1403715375612143104.000000 0.308269709 3.767835855 -1.648952246 -0.119876780 0.012811724 0.045682319 0.991654456
1403715375662142976.000000 0.315725297 3.769187212 -1.623484612 -0.121520691 0.013514059 0.047396529 0.991364598
1403715375712143104.000000 0.321649700 3.769950867 -1.597796440 -0.123423427 0.014947229 0.047570210 0.991100609
1403715375762142976.000000 0.329292029 3.770622015 -1.571507096 -0.124704026 0.016168052 0.048259839 0.990887761
1403715375812143104.000000 0.336931109 3.771070957 -1.545129180 -0.126118124 0.017172454 0.048468519 0.990681708
1403715375862142976.000000 0.343046397 3.770834684 -1.518331885 -0.127820686 0.018753836 0.047058251 0.990502775
1403715375912143104.000000 0.350950688 3.770636320 -1.491683006 -0.129534423 0.018985821 0.044729851 0.990383625
1403715375962142976.000000 0.359177768 3.769799471 -1.465353727 -0.130576596 0.020710025 0.043494146 0.990267277
1403715376012143104.000000 0.366808563 3.768396616 -1.439154744 0.131348252 -0.021760030 -0.041659363 -0.990221500
1403715376062142976.000000 0.372890770 3.765783787 -1.413742781 -0.131006733 0.022860903 0.042648599 0.990199924
1403715376112143104.000000 0.379267991 3.763093710 -1.387556791 -0.129781052 0.023785701 0.044592086 0.990253866
1403715376162142976.000000 0.385081977 3.759903431 -1.361532927 -0.127925500 0.025072232 0.047304001 0.990337789
1403715376212143104.000000 0.389739901 3.755994797 -1.336086392 0.126282483 -0.026580226 -0.050314546 -0.990360916
1403715376262142976.000000 0.394475669 3.751748085 -1.310981512 -0.124585263 0.027848078 0.053014278 0.990400195
1403715376312143104.000000 0.399797410 3.747582674 -1.286078691 -0.124113686 0.033936050 0.052323099 0.990306199
1403715376362142976.000000 0.405107647 3.743331194 -1.261776447 -0.123742953 0.042350471 0.051650591 0.990063846
1403715376412143104.000000 0.409601897 3.738751650 -1.238514066 0.124423862 -0.048283421 -0.048033018 -0.989889026
1403715376462142976.000000 0.412913561 3.733734846 -1.216302276 0.125415415 -0.047880847 -0.043883618 -0.989976108
1403715376512143104.000000 0.415051699 3.728101492 -1.195075035 0.125850588 -0.043918177 -0.040629651 -0.990243495
1403715376562142976.000000 0.416662574 3.721661091 -1.174715996 0.125572458 -0.038727120 -0.038394243 -0.990584552
1403715376612143104.000000 0.417822927 3.714268923 -1.155310631 0.125115693 -0.034465406 -0.036637902 -0.990866244
1403715376662142976.000000 0.418643475 3.705992460 -1.136375904 0.124073409 -0.029866364 -0.035836533 -0.991175890
1403715376712143104.000000 0.419786572 3.697084188 -1.118364453 0.122892268 -0.028258909 -0.035474297 -0.991383135
1403715376762142976.000000 0.418515623 3.688523293 -1.100039840 -0.122098148 0.027781356 0.033938404 0.991548538
1403715376812143104.000000 0.419671267 3.678028107 -1.083047509 -0.121110082 0.029463721 0.032613613 0.991665661
1403715376862142976.000000 0.421368778 3.666471243 -1.066994786 -0.119498782 0.032959592 0.032251559 0.991762877
1403715376912143104.000000 0.423429459 3.653663635 -1.052176118 -0.117955640 0.039511703 0.031396434 0.991735637
1403715376962142976.000000 0.426105767 3.639767170 -1.038396597 -0.116960600 0.047302268 0.028869305 0.991589308
1403715377012143104.000000 0.427547812 3.624622345 -1.025596499 -0.114446715 0.052532144 0.029733630 0.991593838
1403715377062142976.000000 0.426753491 3.609541655 -1.014030457 -0.112522118 0.052616913 0.028616577 0.991842449
1403715377112143104.000000 0.425578654 3.592224360 -1.003350854 -0.111058369 0.047428083 0.027755519 0.992293477
1403715377162142976.000000 0.424183667 3.574045897 -0.994067311 -0.109956808 0.042262450 0.025721060 0.992704332
1403715377212143104.000000 0.425281107 3.554245710 -0.982901871 -0.109307431 0.037307177 0.024840197 0.992997050
1403715377262142976.000000 0.423589498 3.533733130 -0.974921525 -0.107727513 0.034134515 0.024258515 0.993298173
1403715377312143104.000000 0.421688080 3.512238264 -0.968290687 0.105655260 -0.032618266 -0.025042299 -0.993552208
1403715377362142976.000000 0.420353413 3.491040230 -0.962307334 -0.104132175 0.032689709 0.025286052 0.993704498
1403715377412143104.000000 0.418586463 3.467565060 -0.957073987 -0.102036797 0.034809206 0.026546493 0.993816972
1403715377462142976.000000 0.416549355 3.443495035 -0.952655673 -0.100991115 0.036570232 0.026309885 0.993866861
1403715377512143104.000000 0.414666325 3.420538187 -0.947601736 -0.099542134 0.037580986 0.026472202 0.993970990
1403715377562142976.000000 0.411621779 3.394919872 -0.944696307 -0.098260723 0.037914816 0.027401781 0.994060636
1403715377612143104.000000 0.407851517 3.369219303 -0.942242026 0.097608380 -0.037254140 -0.027535396 -0.994146168
1403715377662142976.000000 0.402488708 3.346901178 -0.933532000 -0.097010747 0.035236418 0.027901476 0.994268060
1403715377712143104.000000 0.398034811 3.319679976 -0.932562888 -0.096647628 0.033051200 0.028470770 0.994362295
1403715377762142976.000000 0.393995732 3.291854858 -0.932416320 0.096469745 -0.032211140 -0.028502543 -0.994406223
1403715377812143104.000000 0.390575618 3.264426708 -0.930258393 -0.096291736 0.031153688 0.028885802 0.994446158
1403715377862142976.000000 0.386205047 3.235287428 -0.931494594 -0.096130617 0.030252550 0.029322924 0.994476736
1403715377912143104.000000 0.381188601 3.205652475 -0.932984233 -0.095967770 0.029896026 0.029463671 0.994499028
1403715377962142976.000000 0.376468033 3.176379204 -0.931942403 -0.095589146 0.030044965 0.029919781 0.994517446
1403715378012143104.000000 0.370994121 3.145963907 -0.934027791 -0.094672941 0.030174416 0.032134060 0.994531989
1403715378062142976.000000 0.365500212 3.115093946 -0.936376095 -0.093064800 0.031217413 0.035178248 0.994548619
1403715378112143104.000000 0.358479470 3.085074425 -0.935467899 -0.091476515 0.031848140 0.038045954 0.994570434
1403715378162142976.000000 0.352284968 3.054004669 -0.938485384 -0.089649573 0.032896709 0.041022886 0.994584322
1403715378212143104.000000 0.346298277 3.023275375 -0.941520631 0.087981135 -0.034206055 -0.044389904 -0.994544625
1403715378262142976.000000 0.339189768 2.992310762 -0.944673657 -0.086300984 0.032556169 0.047614992 0.994597971
1403715378312143104.000000 0.332178444 2.962581873 -0.948705912 -0.084442444 0.030537825 0.051481869 0.994628906
1403715378362142976.000000 0.324708432 2.933799505 -0.953028381 -0.082890794 0.027164236 0.054875046 0.994675815
1403715378412143104.000000 0.316897899 2.905183792 -0.957536757 -0.082103461 0.022629257 0.056609299 0.994757473
1403715378462142976.000000 0.309895664 2.878664017 -0.962762415 -0.082522385 0.019094551 0.056028344 0.994829834
1403715378512143104.000000 0.303414077 2.853216887 -0.968222082 -0.083481945 0.015593996 0.053507391 0.994949579
1403715378562142976.000000 0.295475662 2.828959465 -0.972560287 -0.085196942 0.013480283 0.049653564 0.995034873
1403715378612143104.000000 0.290493011 2.805080175 -0.978625000 -0.086033128 0.011751162 0.047822300 0.995074570
1403715378662142976.000000 0.285712808 2.781564236 -0.984436154 -0.086879991 0.009366868 0.045823846 0.995120347
1403715378712143104.000000 0.281499028 2.758598328 -0.989726722 0.087465554 -0.006998031 -0.044358511 -0.995154798
1403715378762142976.000000 0.277345806 2.735846758 -0.994371414 -0.087717019 0.004273183 0.043841381 0.995171070
1403715378812143104.000000 0.274435282 2.714115381 -0.998800635 -0.087631315 0.000647402 0.044028006 0.995179355
1403715378862142976.000000 0.272509307 2.692855835 -1.002702117 -0.087339699 -0.002159120 0.044723134 0.995171845
1403715378912143104.000000 0.271927238 2.671986818 -1.005477905 0.087028213 0.004148305 -0.045344487 -0.995164752
1403715378962142976.000000 0.271030992 2.652531862 -1.006394148 -0.086894177 -0.005202681 0.046024505 0.995140314
1403715379012143104.000000 0.272571832 2.632919550 -1.007570744 -0.086777985 -0.005333738 0.046494223 0.995127916
1403715379062142976.000000 0.275000840 2.613972902 -1.007884264 -0.087544128 -0.005039803 0.045342155 0.995115459
1403715379112143104.000000 0.278242439 2.595091820 -1.007704735 0.088054717 0.003447563 -0.043456450 -0.995161295
1403715379162142976.000000 0.282534897 2.577047586 -1.006726503 0.090005077 0.000487402 -0.039149482 -0.995171487
1403715379212143104.000000 0.286919147 2.559205055 -1.005068779 0.091750167 -0.001076341 -0.035200134 -0.995159149
1403715379262142976.000000 0.292158633 2.542479038 -1.001803994 -0.093328319 0.002451113 0.031475831 0.995134771
1403715379312143104.000000 0.297037393 2.524673700 -0.999433756 -0.094863147 0.003213081 0.028374325 0.995080709
1403715379362142976.000000 0.302488953 2.506470680 -0.996428013 -0.096005559 0.004258174 0.025333194 0.995049298
1403715379412143104.000000 0.307177961 2.487442970 -0.992599308 0.097204141 -0.004320866 -0.023025859 -0.994988739
1403715379462142976.000000 0.312343478 2.467988968 -0.988266945 0.097995050 -0.003265965 -0.021294661 -0.994953692
1403715379512143104.000000 0.317877054 2.447892666 -0.983296394 0.098777220 -0.002294054 -0.019753905 -0.994910896
1403715379562142976.000000 0.323737413 2.427098274 -0.977345049 0.098791748 -0.000964586 -0.020111013 -0.994904459
1403715379612143104.000000 0.330476373 2.405652761 -0.970392525 0.099075615 0.000356535 -0.019235136 -0.994893968
1403715379662142976.000000 0.338047594 2.383699656 -0.963201940 -0.099298403 -0.003307056 0.019134058 0.994868279
1403715379712143104.000000 0.346027583 2.360857010 -0.954250276 -0.099647686 -0.002946477 0.017936546 0.994856715
1403715379762142976.000000 0.354484826 2.336984396 -0.944761217 -0.099872455 -0.002579209 0.017533753 0.994842470
1403715379812143104.000000 0.363144755 2.312004566 -0.934071958 -0.100015752 0.000114875 0.016625125 0.994847000
1403715379862142976.000000 0.373293728 2.286446810 -0.922573090 -0.100577168 0.003660087 0.014853178 0.994811714
1403715379912143104.000000 0.383803397 2.259861231 -0.910151362 -0.100825399 0.007995156 0.013534340 0.994780004
1403715379962142976.000000 0.394284129 2.232200861 -0.897618294 -0.101318017 0.011257984 0.012692205 0.994709492
1403715380012143104.000000 0.404524416 2.203287363 -0.883513808 -0.102228709 0.013267315 0.011119680 0.994610310
1403715380062142976.000000 0.414633214 2.173129797 -0.868881524 -0.102178343 0.016415907 0.012213877 0.994555712
1403715380112143104.000000 0.425201625 2.140698671 -0.861706316 -0.101037614 0.019023601 0.016464330 0.994564474
1403715380162142976.000000 0.433987945 2.108232975 -0.846819162 -0.099071071 0.021957342 0.022499871 0.994583607
1403715380212143104.000000 0.442643344 2.075427532 -0.832140326 -0.097871847 0.023813037 0.026101043 0.994571686
1403715380262142976.000000 0.450198144 2.042517900 -0.817881882 0.096305519 -0.024361795 -0.030392082 -0.994589448
1403715380312143104.000000 0.460297316 2.008185625 -0.808758318 -0.095504761 0.023514427 0.034126151 0.994565904
1403715380362142976.000000 0.467555553 1.975326419 -0.795021474 -0.095639490 0.022442047 0.036483917 0.994494021
1403715380412143104.000000 0.474972010 1.942720771 -0.781416714 -0.096142299 0.020524763 0.037151862 0.994462252
1403715380462142976.000000 0.482640117 1.910436392 -0.767791212 0.097023539 -0.019865720 -0.035811808 -0.994439244
1403715380512143104.000000 0.490110517 1.878454089 -0.754586339 0.097570948 -0.020040957 -0.034279365 -0.994436145
1403715380562142976.000000 0.497274548 1.846338987 -0.742054820 0.097762175 -0.019922726 -0.032699153 -0.994472980
1403715380612143104.000000 0.504539490 1.813887119 -0.730229735 0.097499020 -0.019565085 -0.031567588 -0.994542480
1403715380662142976.000000 0.517616808 1.776835799 -0.723330498 -0.097521089 0.019214267 0.031005369 0.994564831
1403715380712143104.000000 0.525426626 1.743689895 -0.712411761 -0.097000517 0.019906376 0.030856201 0.994606793
1403715380762142976.000000 0.533445597 1.710113525 -0.701731086 -0.096823417 0.020648863 0.030191796 0.994629264
1403715380812143104.000000 0.541091263 1.675705194 -0.691650450 0.096448891 -0.021430764 -0.029946048 -0.994656563
1403715380862142976.000000 0.548544288 1.641449690 -0.681519985 0.096257977 -0.022461485 -0.029433554 -0.994667590
1403715380912143104.000000 0.555080056 1.607085943 -0.671562791 0.096356563 -0.022803649 -0.028628703 -0.994673729
1403715380962142976.000000 0.566171527 1.572667837 -0.661379576 -0.096435346 0.023151116 0.027873380 0.994679570
1403715381012143104.000000 0.572574198 1.537412047 -0.652036607 -0.096840054 0.023199262 0.026716018 0.994670868
1403715381062142976.000000 0.578851163 1.501790762 -0.643096745 -0.097512238 0.024202883 0.026662022 0.994582772
1403715381112143104.000000 0.586572051 1.465065837 -0.633538961 -0.097611241 0.023882184 0.028653465 0.994525373
1403715381162142976.000000 0.591854155 1.428867817 -0.625145972 -0.097612426 0.025000000 0.031467590 0.994412720
1403715381212143104.000000 0.596844077 1.392466545 -0.617020249 -0.097799189 0.026198817 0.033891089 0.994283855
1403715381262142976.000000 0.602306485 1.356299400 -0.609405041 -0.098242737 0.027165031 0.036273155 0.994130135
1403715381312143104.000000 0.606275678 1.320162296 -0.601919055 -0.098907441 0.028333845 0.037911963 0.993970454
1403715381362142976.000000 0.609660327 1.284558177 -0.594560266 -0.099530004 0.028763063 0.040784586 0.993782222
1403715381412143104.000000 0.613486588 1.249686480 -0.587427020 0.100358896 -0.029962331 -0.043388523 -0.993553162
1403715381462142976.000000 0.616653800 1.215284586 -0.580765128 0.101827540 -0.030926691 -0.044843588 -0.993309557
1403715381512143104.000000 0.619522393 1.181488872 -0.574837089 0.103377171 -0.033971690 -0.045771193 -0.993007600
1403715381562142976.000000 0.621608019 1.145300388 -0.574253142 -0.105681457 0.034146290 0.043375403 0.992866635
1403715381612143104.000000 0.622600436 1.112197995 -0.569676876 -0.107555740 0.033588056 0.041820813 0.992751062
1403715381662142976.000000 0.622343540 1.079187989 -0.565595925 -0.109518215 0.030933470 0.039541297 0.992716193
1403715381712143104.000000 0.621320605 1.046440482 -0.561525524 0.111178972 -0.026088336 -0.037413720 -0.992753148
1403715381762142976.000000 0.620822310 1.013416529 -0.557845652 0.112179644 -0.021241346 -0.035539236 -0.992825031
1403715381812143104.000000 0.620415330 0.980218112 -0.554423451 0.112796925 -0.016243566 -0.034056909 -0.992901385
1403715381862142976.000000 0.619518161 0.946862757 -0.550803959 0.113725699 -0.010350096 -0.033186734 -0.992903829
1403715381912143104.000000 0.618650675 0.913391829 -0.546723187 0.116060339 -0.005137627 -0.032818768 -0.992686570
1403715381962142976.000000 0.619054079 0.877307713 -0.544759512 -0.120771334 0.000858237 0.032921873 0.992133915
1403715382012143104.000000 0.618796349 0.843376875 -0.539937377 -0.125910178 -0.001507223 0.035495009 0.991405308
1403715382062142976.000000 0.619262338 0.809360862 -0.534360051 -0.132515520 -0.003577256 0.038537696 0.990425050
1403715382112143104.000000 0.619729638 0.774961472 -0.527609766 0.139580011 0.004147372 -0.043378808 -0.989251554
1403715382162142976.000000 0.620842516 0.740422010 -0.520495594 0.147340119 0.004038744 -0.048974007 -0.987864435
1403715382212143104.000000 0.623064697 0.706035793 -0.512729824 0.155781850 0.003343719 -0.055328324 -0.986235082
1403715382262142976.000000 0.625873148 0.671798229 -0.504471719 0.165321007 0.002630836 -0.060490105 -0.984379530
1403715382312143104.000000 0.629171133 0.637839854 -0.495372355 0.175087944 0.001642217 -0.066367023 -0.982312083
1403715382362142976.000000 0.632748306 0.604322910 -0.485487074 0.185605541 0.000743863 -0.071304880 -0.980033517
1403715382412143104.000000 0.638316393 0.572221279 -0.472072721 -0.196476877 0.000729378 0.076487012 0.977520347
1403715382462142976.000000 0.642343044 0.539176524 -0.460647315 -0.206507966 0.000663429 0.081371784 0.975055218
1403715382512143104.000000 0.646942258 0.506332934 -0.448242038 -0.215439558 0.001366747 0.086093135 0.972713709
1403715382562142976.000000 0.651010752 0.473785460 -0.434653103 0.223428071 -0.001498535 -0.090492085 -0.970509589
1403715382612143104.000000 0.655846477 0.441580266 -0.420744300 0.230705991 -0.001985644 -0.095504753 -0.968323112
1403715382662142976.000000 0.660681605 0.409931570 -0.406074822 0.238805026 -0.001504627 -0.099227533 -0.965983391
1403715382712143104.000000 0.665576994 0.382301360 -0.386703342 -0.246552140 0.001714380 0.104117513 0.963518977
1403715382762142976.000000 0.670792639 0.351893604 -0.370231956 -0.255112320 0.000210928 0.107138373 0.960957408
1403715382812143104.000000 0.676425219 0.322057098 -0.353273004 -0.263730586 0.000488341 0.109773539 0.958329678
1403715382862142976.000000 0.682002902 0.292520583 -0.336791247 0.272190928 -0.000068081 -0.113222994 -0.955558896
1403715382912143104.000000 0.688124120 0.263598114 -0.318932295 0.280659705 0.000113390 -0.116122089 -0.952757001
1403715382962142976.000000 0.692272604 0.240212515 -0.294568539 -0.288413405 -0.000755543 0.120344289 0.949912906
1403715383012143104.000000 0.699082673 0.212631077 -0.274864107 -0.295883745 -0.000744769 0.124783747 0.947038233
1403715383062142976.000000 0.705732703 0.185832620 -0.254364014 -0.301823080 -0.001137491 0.130053222 0.944451034
1403715383112143104.000000 0.712462664 0.159505159 -0.233202219 0.306192547 0.001069156 -0.135233656 -0.942314684
1403715383162142976.000000 0.719324827 0.133931205 -0.211389810 0.309611857 0.001219366 -0.138957426 -0.940653980
1403715383212143104.000000 0.723994136 0.111862823 -0.186428025 -0.311848283 -0.001859860 0.143561125 0.939221740
1403715383262142976.000000 0.731497347 0.088683397 -0.162538171 -0.314150900 -0.002512818 0.144802049 0.938261867
1403715383312143104.000000 0.738805294 0.066950157 -0.137772724 -0.315249830 -0.002385990 0.147504732 0.937472224
1403715383362142976.000000 0.747034848 0.045750313 -0.112992957 0.315723360 0.001364219 -0.149931431 -0.936929822
1403715383412143104.000000 0.754571140 0.026416361 -0.087746710 0.316362947 0.000337348 -0.150538728 -0.936617553
1403715383462142976.000000 0.762076259 0.008775018 -0.062100269 0.316972166 -0.001553334 -0.151398689 -0.936271787
1403715383512143104.000000 0.767299712 -0.004702903 -0.033587467 -0.318675458 0.005351324 0.152037174 0.935575843
1403715383562142976.000000 0.775170147 -0.018897992 -0.007401798 -0.321847498 0.008450455 0.151768014 0.934510171
1403715383612143104.000000 0.782703638 -0.031560227 0.018880140 -0.326651156 0.012095762 0.151098073 0.932910621
1403715383662142976.000000 0.787390828 -0.041428648 0.046833351 -0.332625121 0.014090776 0.152012795 0.930620313
1403715383712143104.000000 0.793872118 -0.051845260 0.071953297 -0.339711666 0.015520743 0.153543934 0.927781999
1403715383762142976.000000 0.800016940 -0.061012328 0.096637383 -0.348197430 0.017259568 0.155781120 0.924225569
1403715383812143104.000000 0.805884719 -0.068985082 0.121120572 0.357523918 -0.018574864 -0.159083575 -0.920067489
1403715383862142976.000000 0.811738670 -0.076466210 0.145008713 0.367815137 -0.018654404 -0.162826836 -0.915342331
1403715383912143104.000000 0.817382514 -0.083244234 0.168161452 0.379124135 -0.019248109 -0.167288452 -0.909895062
1403715383962142976.000000 0.820597708 -0.092575729 0.190950513 -0.391854048 0.018957574 0.170706064 0.903853118
1403715384012143104.000000 0.826009572 -0.098537236 0.213279411 -0.404305696 0.019581754 0.175524220 0.897410035
1403715384062142976.000000 0.830895603 -0.103942856 0.234683245 -0.416943073 0.019050639 0.180388168 0.890649021
1403715384112143104.000000 0.835864961 -0.107338712 0.257496059 -0.429921359 0.019260148 0.185161665 0.883465827
1403715384162142976.000000 0.840990961 -0.112278491 0.276980102 -0.442356646 0.019670542 0.189973548 0.876266956
1403715384212143104.000000 0.846121490 -0.116652548 0.295949221 -0.454235613 0.019577617 0.195404410 0.868967175
1403715384262142976.000000 0.850944817 -0.120385975 0.314746439 0.465894103 -0.020611715 -0.200751588 -0.861519992
1403715384312143104.000000 0.857267916 -0.123662144 0.334241360 -0.477137178 0.021755040 0.206684098 0.853901982
1403715384362142976.000000 0.862531185 -0.126704305 0.351134539 -0.488452196 0.022958910 0.211988598 0.846137226
1403715384412143104.000000 0.867657125 -0.129360765 0.367378891 -0.499459416 0.023690470 0.216717109 0.838458598
1403715384462142976.000000 0.871919692 -0.131752610 0.382980078 0.509885073 -0.024070190 -0.222202003 -0.830700994
1403715384512143104.000000 0.876062393 -0.133693665 0.397623390 0.519679248 -0.024010248 -0.228377447 -0.822922111
1403715384562142976.000000 0.879880667 -0.134695560 0.411524266 0.529424608 -0.022020005 -0.233851522 -0.815192103
1403715384612143104.000000 0.883999646 -0.134655058 0.424642324 0.538738191 -0.021023985 -0.239886075 -0.807325184
1403715384662142976.000000 0.887799025 -0.134061813 0.436670244 0.548119783 -0.019207839 -0.245392293 -0.799361229
1403715384712143104.000000 0.891592503 -0.132265747 0.447632462 0.557689726 -0.016482301 -0.249486282 -0.791496813
1403715384762142976.000000 0.896982431 -0.131423533 0.458915353 -0.566692829 0.015923845 0.254176557 0.783581495
1403715384812143104.000000 0.900828302 -0.127916634 0.467573494 -0.575469851 0.014886232 0.258387715 0.775789022
1403715384862142976.000000 0.904736757 -0.123397589 0.475751221 -0.583686411 0.014357624 0.262483358 0.768248975
1403715384912143104.000000 0.908811212 -0.115483046 0.483776003 0.591339529 -0.015024676 -0.265686512 -0.761250675
1403715384962142976.000000 0.913298011 -0.107871771 0.490366012 0.597829878 -0.016785339 -0.267385185 -0.755528212
1403715385012143104.000000 0.917823553 -0.099194407 0.496191263 0.603698730 -0.017326716 -0.267326206 -0.750855744
1403715385062142976.000000 0.922090888 -0.089920759 0.501060903 0.609072208 -0.016497441 -0.266521573 -0.746810019
1403715385112143104.000000 0.926548660 -0.080078125 0.504819632 0.614661515 -0.014959112 -0.264974803 -0.742802739
1403715385162142976.000000 0.930819452 -0.070282817 0.507468104 0.620499492 -0.013391033 -0.263732165 -0.738408089
1403715385212143104.000000 0.935277939 -0.059972644 0.509858906 0.626304328 -0.011749923 -0.262700707 -0.733889163
1403715385262142976.000000 0.937761307 -0.048757195 0.510649979 -0.630871534 0.010182888 0.261785090 0.730319142
1403715385312143104.000000 0.942088127 -0.037117064 0.513072610 -0.634529829 0.008707229 0.262150019 0.727030575
1403715385362142976.000000 0.946746647 -0.024773896 0.515671134 -0.637237072 0.008810927 0.262689173 0.724462390
1403715385412143104.000000 0.951489329 -0.009834468 0.519102216 0.639208436 -0.007681267 -0.263526946 -0.722431481
1403715385462142976.000000 0.956251740 0.003858805 0.521683037 0.640355706 -0.009350855 -0.264774799 -0.720937967
1403715385512143104.000000 0.961178780 0.017996788 0.524111986 0.640918195 -0.012716074 -0.265767813 -0.720020592
1403715385562142976.000000 0.966137111 0.032634437 0.526269197 0.640654445 -0.017331176 -0.268240273 -0.719241858
1403715385612143104.000000 0.971352696 0.047829449 0.527975142 0.639426410 -0.022915555 -0.271425068 -0.718983471
1403715385662142976.000000 0.976209819 0.063327730 0.528993189 0.637576282 -0.026346067 -0.275688469 -0.718886852
1403715385712143104.000000 0.980942488 0.079378188 0.528711975 0.636011541 -0.029692141 -0.278199613 -0.719175100
1403715385762142976.000000 0.985401690 0.101785958 0.525630653 -0.634935319 0.032010350 0.278838128 0.719779015
1403715385812143104.000000 0.990134895 0.118557692 0.522005200 -0.634236991 0.035549432 0.278733909 0.720268846
1403715385862142976.000000 0.994759500 0.135773242 0.516419053 -0.634082615 0.037934683 0.277259082 0.720852017
1403715385912143104.000000 0.998743594 0.149962485 0.511030316 0.634885132 -0.039960481 -0.273714066 -0.721390843
1403715385962142976.000000 1.002856016 0.166287303 0.502498269 0.637007773 -0.040174861 -0.267148495 -0.721968710
1403715386012143104.000000 1.006978035 0.184191108 0.495059073 -0.639481187 0.038795833 0.260132283 0.722419500
1403715386062142976.000000 1.009570003 0.199309707 0.484449476 -0.641247749 0.036738742 0.254993349 0.722793281
1403715386112143104.000000 1.011608958 0.213726282 0.473125309 -0.642562091 0.034797307 0.251151890 0.723066986
1403715386162142976.000000 1.012777090 0.227127790 0.461220562 0.643502414 -0.032363892 -0.249010459 -0.723084450
1403715386212143104.000000 1.013262391 0.239578873 0.449446023 0.644058764 -0.029585097 -0.247961044 -0.723068774
1403715386262142976.000000 1.012727857 0.251553029 0.437857509 0.644184053 -0.027675144 -0.248458952 -0.722861767
1403715386312143104.000000 1.011912465 0.262805670 0.426354349 0.644108295 -0.027400445 -0.249802336 -0.722476721
1403715386362142976.000000 1.011110067 0.273814887 0.414538294 0.644442141 -0.028226610 -0.249780521 -0.722154677
1403715386412143104.000000 1.009900808 0.283947259 0.402823031 0.645134151 -0.030057196 -0.249057233 -0.721712530
1403715386462142976.000000 1.007949948 0.293452859 0.391385704 0.645873308 -0.032075401 -0.248314157 -0.721220493
1403715386512143104.000000 1.003077269 0.304878801 0.385487080 -0.646807611 0.034434538 0.247549877 0.720536828
1403715386562142976.000000 0.999670804 0.312394500 0.374098122 -0.646537006 0.037933607 0.248781562 0.720179617
1403715386612143104.000000 0.995165229 0.318693757 0.363003612 -0.646252036 0.040006824 0.249826536 0.719961464
1403715386662142976.000000 0.991750002 0.324083239 0.351122528 0.645414233 -0.044504438 -0.251988739 -0.719695389
1403715386712143104.000000 0.986325741 0.328059286 0.339113593 0.644331455 -0.047305729 -0.254385203 -0.719643950
1403715386762142976.000000 0.980058551 0.330590576 0.326607645 0.642919540 -0.048836578 -0.257810563 -0.719585419
1403715386812143104.000000 0.971836448 0.331861854 0.313460171 0.639993489 -0.048811622 -0.264817685 -0.719650805
1403715386862142976.000000 0.962953866 0.332302094 0.298861057 0.636841476 -0.049373720 -0.271584123 -0.719886959
1403715386912143104.000000 0.953083277 0.331900716 0.282592893 0.634105742 -0.049620286 -0.277823776 -0.719903946
1403715386962142976.000000 0.942253947 0.331324875 0.264667571 0.631912947 -0.049421236 -0.282494783 -0.720027983
1403715387012143104.000000 0.927819073 0.332829118 0.244575083 -0.630294204 0.048778947 0.285771579 0.720197499
1403715387062142976.000000 0.914573967 0.332441568 0.222667992 -0.629857361 0.046863314 0.286488533 0.720422029
1403715387112143104.000000 0.900468290 0.332469940 0.198823303 -0.630491078 0.043830123 0.284246236 0.720946670
1403715387162142976.000000 0.885188520 0.330365181 0.173278034 0.631676018 -0.039618790 -0.280983686 -0.721431851
1403715387212143104.000000 0.869454384 0.329954684 0.146298021 0.633063793 -0.035256229 -0.276162237 -0.722303033
1403715387262142976.000000 0.852859497 0.329689056 0.118248791 0.633836269 -0.032039221 -0.272890836 -0.723018527
1403715387312143104.000000 0.835792184 0.329697520 0.089358300 0.634698927 -0.029724196 -0.269246757 -0.723726511
1403715387362142976.000000 0.818118095 0.330084175 0.059994549 0.635075986 -0.028123053 -0.266504854 -0.724474132
1403715387412143104.000000 0.799929619 0.330526978 0.030258626 0.635347664 -0.026207704 -0.264092952 -0.725190639
1403715387462142976.000000 0.781534016 0.331023723 0.000282466 0.635079801 -0.024561010 -0.262863278 -0.725929260
1403715387512143104.000000 0.764661729 0.330505878 -0.026926279 -0.634387612 0.021034492 0.262927830 0.726621568
1403715387562142976.000000 0.747470021 0.331155002 -0.058245629 -0.633223116 0.018513147 0.263950169 0.727334976
1403715387612143104.000000 0.731824875 0.331776798 -0.090587318 -0.631207824 0.016511559 0.266912609 0.728053451
1403715387662142976.000000 0.718769908 0.333960474 -0.124767125 0.629412770 -0.014166852 -0.269204170 -0.728812754
1403715387712143104.000000 0.708663225 0.336545169 -0.159812301 0.627761781 -0.011713047 -0.270231634 -0.729899228
1403715387762142976.000000 0.701498330 0.339960605 -0.196131051 0.625908494 -0.009985291 -0.271542400 -0.731029153
1403715387812143104.000000 0.696785808 0.344386309 -0.233877912 0.624330819 -0.008941584 -0.272083312 -0.732189775
1403715387862142976.000000 0.693467677 0.350028247 -0.272350490 0.622638047 -0.008064058 -0.273130089 -0.733250856
1403715387912143104.000000 0.689373910 0.356452703 -0.310737640 0.621127963 -0.007805132 -0.273681521 -0.734328032
1403715387962142976.000000 0.686205864 0.358618021 -0.349202424 -0.619974256 0.007415209 0.273559749 0.735351682
1403715388012143104.000000 0.676465154 0.366317421 -0.385784924 -0.619046628 0.008080209 0.273436338 0.736171603
1403715388062142976.000000 0.663941026 0.375014842 -0.421572626 -0.618517935 0.007839313 0.272106618 0.737110674
1403715388112143104.000000 0.646651924 0.386413574 -0.456852138 0.618258834 -0.008712359 -0.270765364 -0.737811863
1403715388162142976.000000 0.627063870 0.397160292 -0.490610868 0.618033528 -0.009781256 -0.269125164 -0.738586962
1403715388212143104.000000 0.604799867 0.408815235 -0.523282170 0.618446469 -0.011265177 -0.266259402 -0.739258468
1403715388262142976.000000 0.580415547 0.421093196 -0.555038512 0.619046509 -0.013226775 -0.263060153 -0.739868879
1403715388312143104.000000 0.554607630 0.434015304 -0.586530805 0.619554400 -0.014487865 -0.260062397 -0.740479648
1403715388362142976.000000 0.525668263 0.450597852 -0.618307352 0.620305777 -0.015392503 -0.257084042 -0.740872204
1403715388412143104.000000 0.502164960 0.460918754 -0.648917556 0.620396852 -0.015992720 -0.255607724 -0.741293967
1403715388462142976.000000 0.477508962 0.472608775 -0.678242326 -0.621244550 0.015722461 0.253338844 0.741368711
1403715388512143104.000000 0.450866610 0.486488551 -0.708822131 -0.621322751 0.015485534 0.252922773 0.741450191
1403715388562142976.000000 0.424659491 0.500418067 -0.739239097 -0.621069610 0.016655225 0.252888858 0.741648495
1403715388612143104.000000 0.397817373 0.516051829 -0.771431744 0.621091247 -0.017370533 -0.252769679 -0.741654515
1403715388662142976.000000 0.372012198 0.530456901 -0.802500606 0.621105731 -0.017961610 -0.252070874 -0.741866112
1403715388712143104.000000 0.346786320 0.544891536 -0.833513856 0.621043742 -0.018878093 -0.251331240 -0.742146194
1403715388762142976.000000 0.322157949 0.559470713 -0.864609361 0.621133924 -0.018716179 -0.250512511 -0.742351592
1403715388812143104.000000 0.298260361 0.574048936 -0.895767808 0.620973885 -0.018971236 -0.250266314 -0.742561996
1403715388862142976.000000 0.275149018 0.588862777 -0.926991701 0.620679021 -0.018765373 -0.249596894 -0.743038952
1403715388912143104.000000 0.253117234 0.603426576 -0.957876682 -0.621208489 0.017974088 0.247482583 0.743323207
1403715388962142976.000000 0.233995169 0.618458092 -0.990351856 -0.620970786 0.018265158 0.246409759 0.743870974
1403715389012143104.000000 0.217344791 0.633776605 -1.023446798 -0.620822191 0.017925963 0.245264784 0.744381428
1403715389062142976.000000 0.203462929 0.648214340 -1.058057666 0.620555341 -0.018385407 -0.244009182 -0.745005071
1403715389112143104.000000 0.192881256 0.663578331 -1.093126178 0.620299995 -0.017688295 -0.242855862 -0.745611250
1403715389162142976.000000 0.184772789 0.679043055 -1.128737926 0.620074451 -0.016709078 -0.241489306 -0.746265054
1403715389212143104.000000 0.177341744 0.694579959 -1.164153099 0.619969308 -0.016081061 -0.239942238 -0.746864915
1403715389262142976.000000 0.170053497 0.709968686 -1.199042559 0.620104015 -0.014336947 -0.237697273 -0.747506261
1403715389312143104.000000 0.162665725 0.724938869 -1.233236074 0.620036185 -0.013160079 -0.236198351 -0.748059094
1403715389362142976.000000 0.155603021 0.738198996 -1.265744925 -0.619816184 0.012204833 0.234727755 0.748720229
1403715389412143104.000000 0.147793442 0.752895951 -1.298345923 -0.619751275 0.011103840 0.233263835 0.749248385
1403715389462142976.000000 0.139640421 0.767419934 -1.329835176 -0.619262516 0.010486811 0.232957855 0.749756455
1403715389512143104.000000 0.131178394 0.780664206 -1.360469460 0.618597150 -0.010703134 -0.233217761 -0.750221670
1403715389562142976.000000 0.122804150 0.794546366 -1.390355349 0.617839873 -0.012019787 -0.234269649 -0.750497997
1403715389612143104.000000 0.114513919 0.808378577 -1.419364929 0.616275609 -0.014528999 -0.235839948 -0.751247466
1403715389662142976.000000 0.105979279 0.822419524 -1.447245836 0.613701165 -0.016437395 -0.236981481 -0.752954602
1403715389712143104.000000 0.097450584 0.836651444 -1.474384904 0.610278606 -0.018055107 -0.237592831 -0.755502343
1403715389762142976.000000 0.088577792 0.851033211 -1.500867009 0.605986953 -0.019224223 -0.237791970 -0.758857906
1403715389812143104.000000 0.079686880 0.865581632 -1.526710987 0.600837767 -0.020283492 -0.236955881 -0.763174057
1403715389862142976.000000 0.069271058 0.881453395 -1.551416993 -0.594760180 0.019801179 0.236751467 0.767995417
1403715389912143104.000000 0.059078544 0.895949364 -1.575982571 -0.587976336 0.017795280 0.236196324 0.773419976
1403715389962142976.000000 0.048094258 0.910501003 -1.600809693 -0.580861866 0.015125085 0.235612437 0.779010594
1403715390012143104.000000 0.037674084 0.923528790 -1.625958562 0.573363006 -0.011024149 -0.234771967 -0.784866512
1403715390062142976.000000 0.023539871 0.939685106 -1.649415016 -0.565621257 0.007100047 0.233594045 0.790857732
1403715390112143104.000000 0.011703283 0.955113292 -1.672944784 -0.557733059 0.003477375 0.231662571 0.797028363
1403715390162142976.000000 -0.000161469 0.971808314 -1.695755839 -0.550009549 -0.000432310 0.228523105 0.803284883
1403715390212143104.000000 -0.011814460 0.988909721 -1.717571974 0.542173564 0.003577407 -0.224882811 -0.809606612
1403715390262142976.000000 -0.023911290 1.007463455 -1.738130331 0.534140050 0.007379120 -0.221435755 -0.815846920
1403715390312143104.000000 -0.035480730 1.027510643 -1.757330656 0.526541471 0.008458405 -0.216273710 -0.822136462
1403715390362142976.000000 -0.046870325 1.048493862 -1.775540233 0.518564105 0.009274313 -0.211548209 -0.828403711
1403715390412143104.000000 -0.057780821 1.070472121 -1.792843342 0.511042118 0.010485125 -0.205427185 -0.834581196
1403715390462142976.000000 -0.072233096 1.094991803 -1.809246778 -0.503729105 -0.011643805 0.197813511 0.840827763
1403715390512143104.000000 -0.082105353 1.118731737 -1.824072361 -0.496085167 -0.012728861 0.191167563 0.846872211
1403715390562142976.000000 -0.091332033 1.143039942 -1.837579012 -0.488630980 -0.013333052 0.183694303 0.852829754
1403715390612143104.000000 -0.099855535 1.166377306 -1.850079536 0.481104672 0.013005909 -0.176091507 -0.858697236
1403715390662142976.000000 -0.107974365 1.190679073 -1.860692024 0.472950101 0.012265093 -0.170864731 -0.864276052
1403715390712143104.000000 -0.115516216 1.214913487 -1.869477272 0.463804305 0.010462097 -0.168641821 -0.869675934
1403715390762142976.000000 -0.122484460 1.239083886 -1.876369834 0.453539491 0.007418531 -0.170276433 -0.874787390
1403715390812143104.000000 -0.128948033 1.263951063 -1.881953955 0.444291502 0.006199083 -0.171011776 -0.879387140
1403715390862142976.000000 -0.135148853 1.289383769 -1.886496782 0.436510623 0.005085650 -0.172520220 -0.882988930
1403715390912143104.000000 -0.140949920 1.315407038 -1.889954567 0.430662215 0.005281404 -0.172693208 -0.885821223
1403715390962142976.000000 -0.147704273 1.342693329 -1.890833378 -0.425457984 -0.005003601 0.173711464 0.888135612
1403715391012143104.000000 -0.152648062 1.369605780 -1.892230272 -0.420768946 -0.005344901 0.175068393 0.890098870
1403715391062142976.000000 -0.157344982 1.397422552 -1.892572641 -0.415455788 -0.005057589 0.176338345 0.892342806
1403715391112143104.000000 -0.162533045 1.425769806 -1.893632531 0.409488022 0.004572547 -0.177603334 -0.894849598
1403715391162142976.000000 -0.166336864 1.455117583 -1.892733574 0.402828068 0.002241765 -0.179074511 -0.897583961
1403715391212143104.000000 -0.169571891 1.485488415 -1.891114473 0.396478742 0.000278720 -0.179515347 -0.900321543
1403715391262142976.000000 -0.171896189 1.517295361 -1.889204144 0.391199380 -0.003379669 -0.179732740 -0.902578413
1403715391312143104.000000 -0.171558216 1.548463345 -1.886937022 -0.387308866 0.006204330 0.179516524 0.904282749
1403715391362142976.000000 -0.173356786 1.582715631 -1.884765387 -0.384513289 0.008059017 0.178259104 0.905708790
1403715391412143104.000000 -0.175316036 1.618046284 -1.882639408 -0.382544637 0.008943476 0.176767394 0.906825781
1403715391462142976.000000 -0.177781254 1.654801369 -1.880208254 0.380986482 -0.008935763 -0.176704645 -0.907493830
1403715391512143104.000000 -0.179877535 1.692689657 -1.877609253 0.380122036 -0.008588105 -0.176150918 -0.907967150
1403715391562142976.000000 -0.181709051 1.731467247 -1.874827504 0.378821582 -0.009448546 -0.176433012 -0.908447206
1403715391612143104.000000 -0.183300167 1.770982504 -1.871867061 0.375797600 -0.010764774 -0.178631008 -0.909258604
1403715391662142976.000000 -0.184076682 1.811638355 -1.869445086 0.372602731 -0.012496254 -0.179489240 -0.910381675
1403715391712143104.000000 -0.181842342 1.848238707 -1.873032570 -0.369391292 0.013644527 0.178114519 0.911942482
1403715391762142976.000000 -0.178004876 1.890853643 -1.872794032 -0.365435004 0.015027412 0.175810903 0.913959563
1403715391812143104.000000 -0.171101019 1.934371710 -1.873837590 -0.361693174 0.015129201 0.170714036 0.916409314
1403715391862142976.000000 -0.161069050 1.980571508 -1.874805570 0.357786357 -0.013620469 -0.163986772 -0.919190884
1403715391912143104.000000 -0.149314493 2.026521683 -1.877367616 0.353569955 -0.012015332 -0.158258945 -0.921844900
1403715391962142976.000000 -0.136422783 2.072986841 -1.880518556 0.349708200 -0.009327000 -0.153622225 -0.924130678
1403715392012143104.000000 -0.123750605 2.119538546 -1.883358598 0.345991224 -0.004674226 -0.151467681 -0.925918937
1403715392062142976.000000 -0.111080378 2.166389227 -1.885896325 0.342700958 -0.001788945 -0.149451092 -0.927478969
1403715392112143104.000000 -0.096264496 2.209630013 -1.893049955 -0.340056807 -0.000434936 0.148839027 0.928551674
1403715392162142976.000000 -0.083828896 2.257244587 -1.894234896 -0.337684125 -0.001896359 0.147962362 0.929555357
1403715392212143104.000000 -0.070776463 2.305391312 -1.894921899 -0.334628701 -0.001488329 0.146854520 0.930835724
1403715392262142976.000000 -0.057552002 2.354804754 -1.892816901 0.330752790 -0.000111912 -0.144195586 -0.932636201
1403715392312143104.000000 -0.044148952 2.403753281 -1.890599728 0.325639665 -0.002672782 -0.141489446 -0.934843540
1403715392362142976.000000 -0.029764317 2.452976704 -1.888840675 -0.319784373 0.007323787 0.136147365 0.937629044
1403715392412143104.000000 -0.014756259 2.502396107 -1.885529637 -0.313157409 0.016008466 0.130489901 0.940557539
1403715392462142976.000000 0.000404283 2.551717281 -1.882198453 -0.306222707 0.026280509 0.123528451 0.943545341
1403715392512143104.000000 0.014363490 2.600629330 -1.879001260 0.298644304 -0.033686336 -0.115871765 -0.946705103
1403715392562142976.000000 0.026804000 2.648911715 -1.875354171 -0.290216982 0.037083685 0.109731287 0.949925244
1403715392612143104.000000 0.038009524 2.695654392 -1.871731520 -0.281181365 0.036689386 0.104463696 0.953246176
1403715392662142976.000000 0.048470341 2.741277218 -1.868627548 -0.271389723 0.037553482 0.099487059 0.956577122
1403715392712143104.000000 0.058181226 2.785755157 -1.866586566 0.261350095 -0.039031748 -0.094679601 -0.959796011
1403715392762142976.000000 0.065575309 2.829074621 -1.862296939 -0.251184285 0.038918011 0.090143971 0.962946475
1403715392812143104.000000 0.072838500 2.871478319 -1.860018253 -0.240406811 0.034894109 0.085909471 0.966233194
1403715392862142976.000000 0.079414144 2.912649870 -1.857901573 -0.229138687 0.028928682 0.082663096 0.969445944
1403715392912143104.000000 0.085774824 2.953100920 -1.856039643 0.217781395 -0.023972059 -0.078657992 -0.972527444
1403715392962142976.000000 0.090154693 2.993734121 -1.851136565 -0.205933943 0.018797914 0.073911630 0.975589573
1403715393012143104.000000 0.096491881 3.031766891 -1.848844051 -0.194163591 0.015363749 0.068782106 0.978434265
1403715393062142976.000000 0.103212312 3.068858862 -1.846233487 -0.181621954 0.013220012 0.064997070 0.981128991
1403715393112143104.000000 0.109765857 3.105101347 -1.843118906 0.169610336 -0.011818798 -0.058693368 -0.983690858
1403715393162142976.000000 0.115266889 3.139064074 -1.836542845 -0.158085167 0.011682324 0.050225053 0.986078084
1403715393212143104.000000 0.120630085 3.172935963 -1.831854463 -0.146047607 0.012130574 0.041091457 0.988349438
1403715393262142976.000000 0.125857830 3.205308676 -1.826442719 -0.133255586 0.014324203 0.033035822 0.990427434
1403715393312143104.000000 0.130464971 3.235439062 -1.820763946 0.120091267 -0.017022554 -0.024956040 -0.992303193
1403715393362142976.000000 0.133376792 3.266064644 -1.810405612 -0.106245711 0.019268667 0.017673371 0.993996143
1403715393412143104.000000 0.138126582 3.293565750 -1.804300785 -0.092795126 0.020790996 0.009281650 0.995424926
1403715393462142976.000000 0.142230675 3.319270372 -1.797705054 -0.079300113 0.022096181 0.000717930 0.996605635
1403715393512143104.000000 0.145733133 3.343632936 -1.790675044 0.065521114 -0.024386892 0.007111410 -0.997527778
1403715393562142976.000000 0.149181575 3.364086628 -1.781683445 -0.051775962 0.026476851 -0.015453666 0.998188078
1403715393612143104.000000 0.151946440 3.383563995 -1.775232434 -0.037000295 0.028199911 -0.022002667 0.998674989
1403715393662142976.000000 0.153925583 3.400573969 -1.769175649 -0.020867342 0.029214958 -0.025028946 0.999041855
1403715393712143104.000000 0.155107126 3.414966106 -1.762870073 0.004175988 -0.027991369 0.026350884 -0.999252081
1403715393762142976.000000 0.155943230 3.427426577 -1.757079363 -0.012782092 -0.026023952 0.026790880 -0.999220610
1403715393812143104.000000 0.156380564 3.438134193 -1.751248002 -0.029275540 -0.023121806 0.028170330 -0.998906851
1403715393862142976.000000 0.156870604 3.447633982 -1.745796561 -0.045617938 -0.020488985 0.029124001 -0.998324156
1403715393912143104.000000 0.157462403 3.456126451 -1.740351200 -0.060475845 -0.018978478 0.033363640 -0.997431397
1403715393962142976.000000 0.159307033 3.464781761 -1.733399272 0.075882658 0.016965628 -0.035726536 0.996332109
1403715394012143104.000000 0.159447297 3.471490383 -1.728240609 0.091074534 0.016661501 -0.038530719 0.994958997
1403715394062142976.000000 0.159660697 3.477287769 -1.723125219 0.106025226 0.016642289 -0.042366080 0.993321180
1403715394112143104.000000 0.159646451 3.482258797 -1.717747092 -0.120995551 -0.016213536 0.046934143 -0.991410375
1403715394162142976.000000 0.159529746 3.486618519 -1.712439299 -0.135442197 -0.016966768 0.053463910 -0.989196241
1403715394212143104.000000 0.158973306 3.490198374 -1.707321286 -0.150547758 -0.017089106 0.059404761 -0.986668348
1403715394262142976.000000 0.158011109 3.493117332 -1.702362776 -0.165717781 -0.017362192 0.065690555 -0.983829737
1403715394312143104.000000 0.157321140 3.495301962 -1.697736144 -0.181323156 -0.018844338 0.070944048 -0.980680287
1403715394362142976.000000 0.157004923 3.496838570 -1.693269014 -0.196218610 -0.021803269 0.078418233 -0.977176309
1403715394412143104.000000 0.156888336 3.497945786 -1.689172506 0.211358368 0.024747992 -0.085574903 0.973340750
1403715394462142976.000000 0.156377912 3.501798391 -1.680604696 0.226235300 0.029224403 -0.093140788 0.969168901
1403715394512143104.000000 0.155783892 3.501722336 -1.677906513 0.240724713 0.032702733 -0.100827381 0.964788079
1403715394562142976.000000 0.154973656 3.500957489 -1.676563025 0.255705833 0.034713328 -0.107610263 0.960119545
1403715394612143104.000000 0.153015614 3.497832060 -1.674517035 0.271177769 0.035564441 -0.112982422 0.955213547
1403715394662142976.000000 0.150255203 3.495285273 -1.674671412 0.287326008 0.035106674 -0.117429964 0.949958742
1403715394712143104.000000 0.146840513 3.492067337 -1.675860405 0.303226411 0.033550102 -0.122388549 0.944430590
1403715394762142976.000000 0.142656937 3.488440752 -1.678263187 0.319165617 0.030426135 -0.127807140 0.938548326
1403715394812143104.000000 0.138393000 3.484676600 -1.681568384 0.334992647 0.027236247 -0.133669689 0.932293236
1403715394862142976.000000 0.138795584 3.489319801 -1.689748287 0.351565629 0.024110403 -0.139769420 0.925356567
1403715394912143104.000000 0.135076821 3.486184120 -1.694430232 0.368026733 0.021537958 -0.146867111 0.917890310
1403715394962142976.000000 0.131626606 3.482670307 -1.699760437 0.384967744 0.019753991 -0.153761536 0.909816980
1403715395012143104.000000 0.125471711 3.475185871 -1.705127954 0.401545227 0.018241419 -0.161613345 0.901282310
1403715395062142976.000000 0.120844156 3.469451904 -1.711090565 0.418445021 0.017410630 -0.168917432 0.892226160
1403715395112143104.000000 0.116275430 3.463071346 -1.717314005 0.435005695 0.016966827 -0.175723031 0.882951677
1403715395162142976.000000 0.111707449 3.456089735 -1.723791361 0.450525999 0.016414175 -0.182686910 0.873717606
1403715395212143104.000000 0.106930614 3.448807716 -1.730538726 0.465687901 0.014258837 -0.188029006 0.864625096
1403715395262142976.000000 0.102155566 3.441313744 -1.737723589 0.479545951 0.013784723 -0.193971336 0.855699003
1403715395312143104.000000 0.096767664 3.433394909 -1.745103836 0.492463976 0.013850434 -0.199818030 0.846971214
1403715395362142976.000000 0.095031857 3.437356234 -1.757661819 0.504967451 0.013113648 -0.204691410 0.838413656
1403715395412143104.000000 0.088225126 3.429515362 -1.765458822 0.516324878 0.012390676 -0.209526703 0.830273271
1403715395462142976.000000 0.080857515 3.421097279 -1.773279905 0.527076244 0.010774688 -0.213869423 0.822395563
1403715395512143104.000000 0.074702144 3.408725500 -1.778388262 0.537322700 0.009470603 -0.217710048 0.814737439
1403715395562142976.000000 0.066758096 3.398118734 -1.784987211 0.547309577 0.008223155 -0.220941886 0.807198465
1403715395612143104.000000 0.058053672 3.387258291 -1.791406155 0.556651115 0.006932118 -0.223091409 0.800201118
1403715395662142976.000000 0.049007893 3.375893593 -1.797683954 0.565158427 0.006695576 -0.226000309 0.793394685
1403715395712143104.000000 0.039079666 3.364214182 -1.803734779 0.572549105 0.006343276 -0.230624482 0.786739945
1403715395762142976.000000 0.028645992 3.351795435 -1.809662580 0.580121636 0.007261654 -0.234109119 0.780127585
1403715395812143104.000000 0.017591000 3.339049339 -1.815508604 0.586377621 0.008684457 -0.238319963 0.774137974
1403715395862142976.000000 0.004188180 3.333099604 -1.828383207 0.592673540 0.007918477 -0.239076450 0.769102037
1403715395912143104.000000 -0.007603884 3.319799900 -1.834678650 0.597934186 0.006222992 -0.239114672 0.765023053
1403715395962142976.000000 -0.019484639 3.305792332 -1.841199160 0.602652013 0.003335521 -0.237258419 0.761910617
1403715396012143104.000000 -0.028347969 3.289101124 -1.844984055 0.607077718 -0.000208304 -0.234178007 0.759353220
1403715396062142976.000000 -0.038594723 3.273426294 -1.850104570 0.611115694 -0.004091955 -0.228994802 0.757682204
1403715396112143104.000000 -0.048148990 3.258049965 -1.854614496 0.613963187 -0.007219864 -0.224424154 0.756723821
1403715396162142976.000000 -0.056757689 3.242652893 -1.858117342 0.615978956 -0.008598705 -0.220065832 0.756351173
1403715396212143104.000000 -0.064479291 3.227430582 -1.860694408 0.616712928 -0.008571321 -0.217628941 0.756458461
1403715396262142976.000000 -0.071096718 3.212562561 -1.862204790 0.615918338 -0.005887281 -0.217882365 0.757058322
1403715396312143104.000000 -0.077144802 3.197631598 -1.862795353 0.613802552 -0.001691182 -0.221133560 0.757854581
1403715396362142976.000000 -0.080395520 3.186514139 -1.867387056 0.611236155 0.004226595 -0.224957719 0.758792877
1403715396412143104.000000 -0.085662544 3.171702385 -1.867120743 0.609454215 0.008336494 -0.227740988 0.759361744
1403715396462142976.000000 -0.091123939 3.157310963 -1.866372108 0.607365012 0.012006441 -0.231816471 0.759753108
1403715396512143104.000000 -0.096588731 3.141159058 -1.863897562 0.607034743 0.015559305 -0.235144004 0.758929551
1403715396562142976.000000 -0.102300882 3.125843048 -1.863332033 0.608069658 0.018230289 -0.236897871 0.757494807
1403715396612143104.000000 -0.108491063 3.110706329 -1.863350153 0.609858572 0.020281080 -0.239377946 0.755221486
1403715396662142976.000000 -0.115024090 3.095888138 -1.863978148 0.613346457 0.022371521 -0.240590319 0.751945496
1403715396712143104.000000 -0.122523308 3.081752300 -1.864919186 0.617214143 0.023116158 -0.241571024 0.748435616
1403715396762142976.000000 -0.130735874 3.068053722 -1.866222858 0.620957971 0.021296658 -0.242417544 0.745111704
1403715396812143104.000000 -0.139113188 3.054700851 -1.867905855 0.624777734 0.018543664 -0.242819056 0.741854429
1403715396862142976.000000 -0.147476792 3.041702271 -1.866965055 0.627892554 0.015244382 -0.244557813 0.738721907
1403715396912143104.000000 -0.156277776 3.028794050 -1.868741274 0.630344450 0.012265564 -0.246416852 0.736066699
1403715396962142976.000000 -0.166028142 3.015709400 -1.870444775 0.631374717 0.008067864 -0.250899345 0.733723700
1403715397012143104.000000 -0.177912593 3.000183582 -1.873144388 0.632154107 0.002845944 -0.254409939 0.731880248
1403715397062142976.000000 -0.188638568 2.985581875 -1.874599695 0.632536054 -0.001267926 -0.258427143 0.730145216
1403715397112143104.000000 -0.199352741 2.970269680 -1.875778437 0.633327723 -0.005098798 -0.260570467 0.728679001
1403715397162142976.000000 -0.210159183 2.953617573 -1.876634836 0.634597421 -0.009421882 -0.260937929 0.727398694
1403715397212143104.000000 -0.220703125 2.935900211 -1.877150536 0.636387169 -0.014363680 -0.259091198 0.726413727
1403715397262142976.000000 -0.231115580 2.916872501 -1.877180099 0.638530314 -0.020083742 -0.255902588 0.725527108
1403715397312143104.000000 -0.240549684 2.896512032 -1.876407862 0.640703797 -0.024226865 -0.251380950 0.725065112
1403715397362142976.000000 -0.250508785 2.876233816 -1.870398998 0.642887771 -0.027303560 -0.247571662 0.724332869
1403715397412143104.000000 -0.258748889 2.853516102 -1.867120981 0.644053817 -0.029431637 -0.244991690 0.724090934
1403715397462142976.000000 -0.266091347 2.829447269 -1.862565279 0.644989252 -0.031482264 -0.243526146 0.723666251
1403715397512143104.000000 -0.271847010 2.801504135 -1.858600855 0.645240605 -0.032334834 -0.242974460 0.723590076
1403715397562142976.000000 -0.276923418 2.774051666 -1.851740122 0.646097362 -0.032271456 -0.241498262 0.723322511
1403715397612143104.000000 -0.280339360 2.745435238 -1.843325853 0.647067070 -0.031516574 -0.239562407 0.723132610
1403715397662142976.000000 -0.281841993 2.715864658 -1.833740473 0.647962153 -0.028407389 -0.237781420 0.723047853
1403715397712143104.000000 -0.281664431 2.685676575 -1.823076963 0.649264395 -0.023363950 -0.235225484 0.722896159
1403715397762142976.000000 -0.280312419 2.655147314 -1.811598778 0.649661243 -0.018348886 -0.234053090 0.723064899
1403715397812143104.000000 -0.277866721 2.624360561 -1.799321413 0.650155663 -0.013939417 -0.232311636 0.723280549
1403715397862142976.000000 -0.277098954 2.595615387 -1.787511587 0.650249124 -0.009864271 -0.231562361 0.723503828
1403715397912143104.000000 -0.272656441 2.564857006 -1.773773909 0.649685144 -0.004880893 -0.232058704 0.723902047
1403715397962142976.000000 -0.267221451 2.533631086 -1.759653330 0.649719417 0.002122760 -0.230700612 0.724318624
1403715398012143104.000000 -0.260155976 2.502286673 -1.743533134 0.649665356 0.009651178 -0.229181901 0.724787951
1403715398062142976.000000 -0.254430294 2.472054720 -1.728068113 0.649669409 0.016524164 -0.227311462 0.725248992
1403715398112143104.000000 -0.249673605 2.442744732 -1.712255001 0.649595559 0.022137608 -0.225614101 0.725695491
1403715398162142976.000000 -0.245597482 2.414531946 -1.696345329 0.649297953 0.027021904 -0.224233508 0.726224005
1403715398212143104.000000 -0.245389819 2.389415264 -1.680786610 0.648356497 0.029789463 -0.224055856 0.727011383
1403715398262142976.000000 -0.243696272 2.364805937 -1.664484262 0.647075713 0.029993830 -0.224824682 0.727906108
1403715398312143104.000000 -0.242871523 2.342073441 -1.648202181 0.645172775 0.029420068 -0.226941526 0.728961051
1403715398362142976.000000 -0.241281807 2.319999456 -1.632610083 0.643252730 0.029099427 -0.228707686 0.730117798
1403715398412143104.000000 -0.240750015 2.299637079 -1.616981506 0.642224133 0.027063061 -0.228408113 0.731194615
1403715398462142976.000000 -0.240543962 2.280597687 -1.601346016 0.640109301 0.026757432 -0.230564639 0.732382476
1403715398512143104.000000 -0.240514815 2.262837648 -1.585993528 0.638094246 0.026874103 -0.232152477 0.733633995
1403715398562142976.000000 -0.240324318 2.246070623 -1.571365595 0.636304915 0.028006190 -0.233490393 0.734720349
1403715398612143104.000000 -0.239707232 2.230340481 -1.557668209 0.635465682 0.030596783 -0.232235312 0.735740423
1403715398662142976.000000 -0.238773882 2.215795517 -1.544751167 0.634146452 0.035471994 -0.232247099 0.736655533
1403715398712143104.000000 -0.234500766 2.202481985 -1.532750964 0.632814407 0.042084333 -0.233025193 0.737206995
1403715398762142976.000000 -0.233441174 2.190506935 -1.521831632 0.630883813 0.049014725 -0.234221220 0.738053977
1403715398812143104.000000 -0.233155727 2.179795027 -1.512254000 0.629243076 0.054151628 -0.235576823 0.738663971
1403715398862142976.000000 -0.232951939 2.171338558 -1.505185962 0.627821565 0.057863660 -0.237145513 0.739089906
1403715398912143104.000000 -0.233837366 2.163938522 -1.499432564 0.626952946 0.060385440 -0.238088012 0.739322543
1403715398962142976.000000 -0.235305786 2.157873631 -1.495568752 0.626778364 0.061193265 -0.238267168 0.739346385
1403715399012143104.000000 -0.236822248 2.153487682 -1.493601918 0.626868427 0.062392894 -0.238297656 0.739159882
1403715399062142976.000000 -0.238824010 2.150952816 -1.493443727 0.627491951 0.061209686 -0.237908453 0.738855183
1403715399112143104.000000 -0.241807103 2.149953604 -1.495011568 0.628438354 0.057959266 -0.237783045 0.738353133
1403715399162142976.000000 -0.245453358 2.150454521 -1.498405814 0.630209744 0.054303631 -0.235995427 0.737694383
1403715399212143104.000000 -0.248052478 2.152539730 -1.501493096 0.631874979 0.051771645 -0.234981999 0.736774862
1403715399262142976.000000 -0.251686692 2.156587839 -1.507929087 0.633464515 0.050281215 -0.233389065 0.736019075
1403715399312143104.000000 -0.256131589 2.162022114 -1.515234351 0.633764029 0.048822276 -0.234929919 0.735369027
1403715399362142976.000000 -0.262112617 2.169516325 -1.525473118 0.633311152 0.046773974 -0.237401009 0.735098660
1403715399412143104.000000 -0.268598616 2.177890539 -1.537428260 0.632143974 0.044411920 -0.241510943 0.734910965
1403715399462142976.000000 -0.273226023 2.187308788 -1.546333432 0.631651461 0.042697348 -0.244516775 0.734441936
1403715399512143104.000000 -0.278825879 2.197443724 -1.558472276 0.630366445 0.043293327 -0.247769073 0.734421074
1403715399562142976.000000 -0.285609365 2.208498716 -1.571507931 0.628506243 0.039228398 -0.252409011 0.734663665
1403715399612143104.000000 -0.294497550 2.219891310 -1.587919354 0.627064466 0.030254154 -0.254996836 0.735426128
1403715399662142976.000000 -0.302689373 2.231388092 -1.603495836 0.625739157 0.021654041 -0.257224411 0.736082375
1403715399712143104.000000 -0.310042381 2.238330841 -1.616506338 0.624882936 0.013257171 -0.258309245 0.736628711
1403715399762142976.000000 -0.317290425 2.248264790 -1.634144545 0.623377919 0.007878807 -0.259843230 0.737441123
1403715399812143104.000000 -0.324215829 2.257328987 -1.652479410 0.622074246 0.004208894 -0.260665447 0.738281429
1403715399862142976.000000 -0.330334425 2.267919779 -1.671511173 0.620967925 0.001900888 -0.261568695 0.738902628
1403715399912143104.000000 -0.336286962 2.275898218 -1.691153526 0.619706869 0.000352529 -0.262716919 0.739556015
1403715399962142976.000000 -0.341932774 2.282279968 -1.711328506 0.617542207 -0.000311042 -0.263712734 0.741010964
1403715400012143104.000000 -0.347072303 2.286801100 -1.732383490 0.614473403 0.000778343 -0.264072865 0.743429542
1403715400062142976.000000 -0.351905584 2.289709568 -1.754040241 0.610976934 0.002889561 -0.263231218 0.746597826
1403715400112143104.000000 -0.356838048 2.290746689 -1.776316881 0.606653392 0.005560466 -0.262129307 0.750485837
1403715400162142976.000000 -0.361916661 2.290370464 -1.798854232 0.601522207 0.007178050 -0.260069042 0.755303741
1403715400212143104.000000 -0.367579997 2.287292480 -1.822615147 0.595110118 0.009661533 -0.258127242 0.761000037
1403715400262142976.000000 -0.373020351 2.284397602 -1.846744657 0.587126970 0.013268952 -0.259151280 0.766776741
1403715400312143104.000000 -0.378690779 2.280169487 -1.871690989 0.578780293 0.015677575 -0.259067476 0.773079336
1403715400362142976.000000 -0.385438919 2.275792360 -1.897631407 0.569841683 0.018365433 -0.258562952 0.779800236
1403715400412143104.000000 -0.393214643 2.269542694 -1.924502969 0.560535729 0.019065229 -0.257101804 0.786978424
1403715400462142976.000000 -0.398833692 2.261769295 -1.952596664 0.551896393 0.018195461 -0.252459049 0.794571400
1403715400512143104.000000 -0.407858729 2.252744913 -1.981683731 0.543044269 0.015820991 -0.246326447 0.802605808
1403715400562142976.000000 -0.417844236 2.242288113 -2.011591911 0.533417344 0.012730061 -0.240151539 0.810944617
1403715400612143104.000000 -0.429796755 2.230747938 -2.041958332 0.523412466 0.008996253 -0.232524738 0.819689393
1403715400662142976.000000 -0.437593699 2.218491077 -2.070894718 0.512565970 0.004745893 -0.225435168 0.828512371
1403715400712143104.000000 -0.449655533 2.204679728 -2.101818085 0.500803530 0.001624644 -0.218542531 0.837515652
1403715400762142976.000000 -0.462180734 2.189558506 -2.132735252 0.488938540 -0.002180475 -0.211024091 0.846406043
1403715400812143104.000000 -0.475268424 2.173520327 -2.163780451 0.477641463 -0.005343061 -0.201525882 0.855112553
1403715400862142976.000000 -0.488294244 2.156113863 -2.194339275 0.466502011 -0.008037444 -0.191220552 0.863565862
1403715400912143104.000000 -0.500959992 2.137069225 -2.222668409 0.456023246 -0.012440883 -0.183072701 0.870845854
1403715400962142976.000000 -0.514404058 2.117158890 -2.251868725 0.446920574 -0.016741538 -0.175882131 0.876953363
1403715401012143104.000000 -0.526893616 2.096332788 -2.280049801 0.438673139 -0.020746388 -0.169639155 0.882246017
1403715401062142976.000000 -0.539204419 2.074439287 -2.308062077 0.430952132 -0.024139751 -0.166834101 0.886489749
1403715401112143104.000000 -0.547849655 2.052099705 -2.329680443 0.424772590 -0.025851769 -0.164295644 0.889891565
1403715401162142976.000000 -0.556703329 2.028422832 -2.354730129 0.418507606 -0.026550878 -0.164031193 0.892883122
1403715401212143104.000000 -0.564244628 2.003439188 -2.378277302 0.412910610 -0.026174165 -0.165760919 0.895177722
1403715401262142976.000000 -0.570372820 1.977060914 -2.400405884 0.408188343 -0.025251146 -0.168440759 0.896868169
1403715401312143104.000000 -0.575792670 1.948951602 -2.421381474 0.403993934 -0.024160888 -0.170486823 0.898409367
1403715401362142976.000000 -0.584308922 1.919598341 -2.436935902 0.401871651 -0.021759862 -0.169917896 0.899529696
1403715401412143104.000000 -0.587175608 1.887216091 -2.456046104 0.400676250 -0.019552693 -0.168714970 0.900339723
1403715401462142976.000000 -0.589191198 1.853396058 -2.473686218 0.399847120 -0.016876627 -0.167930126 0.900909007
1403715401512143104.000000 -0.590452015 1.817775726 -2.490902901 0.400173336 -0.013850370 -0.165313259 0.901299655
1403715401562142976.000000 -0.591853321 1.783338070 -2.503882170 0.401044697 -0.012021938 -0.161802247 0.901575685
1403715401612143104.000000 -0.590589166 1.747017145 -2.518664122 0.402839482 -0.008354023 -0.156724855 0.901713908
1403715401662142976.000000 -0.588829637 1.710473776 -2.532185078 0.403551757 -0.005344601 -0.152594328 0.902126670
1403715401712143104.000000 -0.586625397 1.673097849 -2.543941259 0.404508770 -0.002174744 -0.143965051 0.903129041
1403715401762142976.000000 -0.583878160 1.638388872 -2.552254677 0.404573709 -0.000878467 -0.133825302 0.904660285
1403715401812143104.000000 -0.581043959 1.601426125 -2.561613560 0.402233750 0.001372451 -0.127968520 0.906548560
1403715401862142976.000000 -0.577855408 1.565733433 -2.569800377 0.399090379 0.002830457 -0.123472281 0.908555746
1403715401912143104.000000 -0.573878407 1.531965256 -2.575854063 0.395672917 0.004989536 -0.124162503 0.909946024
1403715401962142976.000000 -0.570961475 1.497853756 -2.581859589 0.391884178 0.007797931 -0.127854690 0.911053896
1403715402012143104.000000 -0.568547487 1.464788079 -2.587073326 0.388779163 0.010654710 -0.132059485 0.911755204
1403715402062142976.000000 -0.566895247 1.432618141 -2.591105223 0.386660963 0.012844769 -0.136252552 0.912010729
1403715402112143104.000000 -0.559997559 1.400735617 -2.593897820 0.386322170 0.017467160 -0.137626618 0.911871135
1403715402162142976.000000 -0.557379663 1.369256020 -2.597547054 0.386552870 0.026783036 -0.136671364 0.911691070
1403715402212143104.000000 -0.555080116 1.338719726 -2.600966454 0.386127353 0.033812460 -0.134673119 0.911935031
1403715402262142976.000000 -0.554924190 1.309344530 -2.604976892 0.384504914 0.037913423 -0.132984415 0.912706852
1403715402312143104.000000 -0.549239755 1.282163858 -2.609108686 0.380573094 0.038366184 -0.134939775 0.914047837
1403715402362142976.000000 -0.550244451 1.256064534 -2.612509727 0.374305397 0.036897518 -0.138510942 0.916159868
1403715402412143104.000000 -0.551304817 1.231021404 -2.616268635 0.366702974 0.037151311 -0.140983403 0.918842971
1403715402462142976.000000 -0.552948356 1.206945419 -2.619774342 0.357601404 0.038440179 -0.143519595 0.921979249
1403715402512143104.000000 -0.554434419 1.182924867 -2.624552250 0.348465919 0.043080125 -0.145727143 0.924921215
1403715402562142976.000000 -0.556244135 1.158682108 -2.630252838 0.341111869 0.045751944 -0.146484062 0.927411437
1403715402612143104.000000 -0.557156444 1.129715443 -2.635346889 0.334955007 0.049665246 -0.146130070 0.929507732
1403715402662142976.000000 -0.559616208 1.104698896 -2.643447876 0.329711378 0.052446961 -0.145668715 0.931300402
1403715402712143104.000000 -0.562834918 1.079194903 -2.653208733 0.325854242 0.053943973 -0.143814474 0.932859361
1403715402762142976.000000 -0.569051206 1.054318905 -2.664190054 0.323929399 0.048562299 -0.138182223 0.934674859
1403715402812143104.000000 -0.574932456 1.028150320 -2.678361654 0.322941244 0.042961318 -0.131785378 0.936213613
1403715402862142976.000000 -0.581223607 1.002901793 -2.692561150 0.322661936 0.037140895 -0.125498578 0.937422037
1403715402912143104.000000 -0.587859750 0.977715135 -2.707535267 0.322426558 0.030980337 -0.119425632 0.938519597
1403715402962142976.000000 -0.594347119 0.953324080 -2.723419666 0.321671098 0.023324493 -0.114605725 0.939600587
1403715403012143104.000000 -0.601631403 0.928996205 -2.742351532 0.321391106 0.014171453 -0.109827615 0.940449297
1403715403062142976.000000 -0.607613742 0.904862285 -2.757423878 0.320076913 0.005002756 -0.108081691 0.941192985
1403715403112143104.000000 -0.612837493 0.881213069 -2.771618843 0.319160640 -0.003296945 -0.106105201 0.941736341
1403715403162142976.000000 -0.616745055 0.858328104 -2.784683704 0.318454206 -0.010297944 -0.105219007 0.942024350
1403715403212143104.000000 -0.620726824 0.835473359 -2.796371698 0.317818612 -0.015077261 -0.104049496 0.942304552
1403715403262142976.000000 -0.621951342 0.812460303 -2.806698322 0.316653073 -0.017831011 -0.106557712 0.942368507
1403715403312143104.000000 -0.622452080 0.789508343 -2.815479040 0.315679193 -0.018025279 -0.109457023 0.942359269
1403715403362142976.000000 -0.621397316 0.766899288 -2.822477818 0.314046592 -0.016256865 -0.111931242 0.942646205
1403715403412143104.000000 -0.621420801 0.744668126 -2.829902411 0.311544031 -0.014147157 -0.113640964 0.943305850
1403715403462142976.000000 -0.619064033 0.721887231 -2.833690166 0.308101714 -0.011963435 -0.113984250 0.944424629
1403715403512143104.000000 -0.616141200 0.699063838 -2.835791111 0.303294837 -0.009421707 -0.112855643 0.946143329
1403715403562142976.000000 -0.612739265 0.676329255 -2.836806297 0.297489941 -0.007953901 -0.109986559 0.948335111
1403715403612143104.000000 -0.609861016 0.653387666 -2.836123466 0.290099651 -0.008536494 -0.107399441 0.950912535
1403715403662142976.000000 -0.606998563 0.630475402 -2.834331751 0.281717122 -0.009327421 -0.104419120 0.953753173
1403715403712143104.000000 -0.603755891 0.607202768 -2.828967571 0.272647083 -0.012390050 -0.100613900 0.956758559
1403715403762142976.000000 -0.600706637 0.584027648 -2.824258327 -0.263395816 0.015949111 0.095002092 -0.959866107
1403715403812143104.000000 -0.596562743 0.560682058 -2.817959785 -0.253786355 0.018438514 0.088678725 -0.963010192
1403715403862142976.000000 -0.591284037 0.538577378 -2.810549021 -0.243878320 0.019533565 0.082546644 -0.966088951
1403715403912143104.000000 -0.584986448 0.515686095 -2.801164150 -0.233369321 0.020454988 0.077260725 -0.969098091
1403715403962142976.000000 -0.577433825 0.490240663 -2.787266970 0.222724110 -0.020665608 -0.071757913 0.972017407
1403715404012143104.000000 -0.569032609 0.467341125 -2.774601936 0.211758897 -0.019559722 -0.067678362 0.974779606
1403715404062142976.000000 -0.558944941 0.444611639 -2.760727644 0.200562462 -0.015601157 -0.063659690 0.977485955
1403715404112143104.000000 -0.548228920 0.422150642 -2.744569540 0.189090341 -0.011312627 -0.061289143 0.979979932
1403715404162142976.000000 -0.536681294 0.400185406 -2.728303432 0.176466420 -0.005477116 -0.061908349 0.982342660
1403715404212143104.000000 -0.525091767 0.378048897 -2.711014748 0.164361596 -0.000850288 -0.062063988 0.984445333
1403715404262142976.000000 -0.514311612 0.354518056 -2.690305948 0.153098106 0.004026076 -0.063601993 0.986153960
1403715404312143104.000000 -0.503476322 0.331005305 -2.671551228 0.142990947 0.007144644 -0.065644816 0.987518847
1403715404362142976.000000 -0.493306756 0.306722105 -2.652452707 -0.135391161 -0.008485060 0.065685786 -0.988576055
1403715404412143104.000000 -0.483346283 0.280722797 -2.631535292 0.128660277 0.010253577 -0.066560328 0.989399433
1403715404462142976.000000 -0.473431975 0.254240096 -2.612357616 0.123783000 0.012524369 -0.065902792 0.990039289
1403715404512143104.000000 -0.463959455 0.226668313 -2.592635155 -0.119626217 -0.014655703 0.066546261 -0.990477860
1403715404562142976.000000 -0.455211580 0.198035002 -2.573226690 -0.116765268 -0.016473087 0.066385046 -0.990801513
1403715404612143104.000000 -0.449556857 0.168320954 -2.553830624 0.114757173 0.018178241 -0.065098561 0.991091669
1403715404662142976.000000 -0.442875654 0.137195870 -2.534513712 0.115140624 0.019230947 -0.060319193 0.991329610
1403715404712143104.000000 -0.436692894 0.105319336 -2.515474796 0.115656033 0.020474074 -0.056224767 0.991485417
1403715404762142976.000000 -0.432008684 0.073430806 -2.495250702 0.116967678 0.021952406 -0.050512962 0.991607368
1403715404812143104.000000 -0.426699162 0.040619627 -2.476711988 0.116857409 0.021651402 -0.046202835 0.991837144
1403715404862142976.000000 -0.421799541 0.008032458 -2.457478285 -0.114725284 -0.021346560 0.042276938 -0.992267668
1403715404912143104.000000 -0.417142093 -0.024682943 -2.438793659 -0.111480169 -0.022244368 0.037966080 -0.992792010
1403715404962142976.000000 -0.414046973 -0.055798706 -2.419279099 0.106953181 0.023774870 -0.032514710 0.993447900
1403715405012143104.000000 -0.410013497 -0.087491080 -2.400779247 0.101040423 0.025809405 -0.026243102 0.994201243
1403715405062142976.000000 -0.406712741 -0.118647061 -2.382618189 -0.093638569 -0.027348617 0.019014886 -0.995049000
1403715405112143104.000000 -0.404851526 -0.149764583 -2.361727953 0.084967554 0.028157024 -0.009885770 0.995936811
1403715405162142976.000000 -0.402689517 -0.178535804 -2.345057964 0.074255735 0.027259547 -0.001279190 0.996865749
1403715405212143104.000000 -0.401011586 -0.205725923 -2.329087257 0.061867092 0.025786262 0.007351816 0.997724175
1403715405262142976.000000 -0.398359120 -0.230893835 -2.313384533 0.048313197 0.024256011 0.015752014 0.998413444
1403715405312143104.000000 -0.397492796 -0.254927576 -2.298180103 0.033162057 0.022823198 0.022153409 0.998943806
1403715405362142976.000000 -0.396882415 -0.277197450 -2.283254385 -0.017591681 -0.021227287 -0.027806370 -0.999233067
1403715405412143104.000000 -0.394591451 -0.298404992 -2.268146276 0.001449089 0.019114338 0.032304443 0.999294281
1403715405462142976.000000 -0.394267857 -0.318151832 -2.253647804 -0.014186866 0.016803531 0.037949227 0.999037683
1403715405512143104.000000 -0.393699765 -0.336619556 -2.239330053 -0.029929407 0.015297852 0.043698352 0.998479247
1403715405562142976.000000 -0.393667370 -0.353489995 -2.225272655 0.045830198 -0.013816859 -0.049022436 -0.997649968
1403715405612143104.000000 -0.390444040 -0.369965315 -2.211795568 -0.062744997 0.012148962 0.051566061 0.996622562
1403715405662142976.000000 -0.389989018 -0.384936959 -2.197610140 -0.079580247 0.009005775 0.052726872 0.995392323
1403715405712143104.000000 -0.389390290 -0.399465173 -2.182941198 0.095413744 -0.005848071 -0.054759488 -0.993913233
1403715405762142976.000000 -0.388413846 -0.413409978 -2.167777777 0.110909559 -0.003306333 -0.056752119 -0.992203355
1403715405812143104.000000 -0.385627717 -0.427740902 -2.154662609 -0.125641271 -0.000068774 0.060412470 0.990234673
1403715405862142976.000000 -0.384278923 -0.440851688 -2.138359070 -0.140173003 -0.002809387 0.064095415 0.988046288
1403715405912143104.000000 -0.383268952 -0.454131901 -2.120932102 0.154296011 0.003009248 -0.070012935 -0.985536397
1403715405962142976.000000 -0.378325284 -0.467919171 -2.106420040 -0.168574393 -0.000693380 0.075857535 0.982765496
1403715406012143104.000000 -0.376059353 -0.479728311 -2.087398052 -0.183518589 0.003648881 0.080804728 0.979682803
1403715406062142976.000000 -0.373996347 -0.491206318 -2.067837238 0.198079720 -0.007745265 -0.086963266 -0.976289868
1403715406112143104.000000 -0.372647643 -0.504127383 -2.050125360 -0.212799147 0.010842733 0.092076845 0.972687483
1403715406162142976.000000 -0.372031689 -0.514662027 -2.029588938 -0.226986215 0.013289992 0.098177508 0.968845665
1403715406212143104.000000 -0.371720552 -0.525295854 -2.009034872 0.240772203 -0.015188185 -0.104709238 -0.964797437
1403715406262142976.000000 -0.371992528 -0.535329759 -1.988257170 0.254555315 -0.015858373 -0.110404655 -0.960604548
1403715406312143104.000000 -0.372134209 -0.548748553 -1.971894026 -0.267440706 0.015895842 0.116659164 0.956354260
1403715406362142976.000000 -0.373527288 -0.558533788 -1.951067686 -0.279408664 0.015156732 0.124735557 0.951915026
1403715406412143104.000000 -0.374346882 -0.568044424 -1.930428505 0.291203469 -0.013859166 -0.132553458 -0.947332144
1403715406462142976.000000 -0.377270758 -0.578336358 -1.909766555 -0.302092254 0.013378168 0.142020211 0.942545295
1403715406512143104.000000 -0.379278302 -0.586309552 -1.888926744 -0.313462168 0.011986097 0.149526715 0.937677801
1403715406562142976.000000 -0.382120192 -0.593994796 -1.868066549 -0.324601382 0.011160617 0.157159001 0.932636261
1403715406612143104.000000 -0.384814382 -0.601410747 -1.848068833 -0.335962564 0.011216967 0.163520858 0.927504361
1403715406662142976.000000 -0.387321353 -0.606617212 -1.828320146 -0.347298473 0.011495710 0.169042870 0.922321081
1403715406712143104.000000 -0.390314817 -0.610463023 -1.808843374 -0.358533829 0.011957874 0.173862725 0.917105436
1403715406762142976.000000 -0.393010736 -0.613052726 -1.790531397 0.370704830 -0.012561383 -0.176607430 -0.911718190
1403715406812143104.000000 -0.397913992 -0.615615726 -1.769446135 -0.382933855 0.013577532 0.179337889 0.906098962
1403715406862142976.000000 -0.400935948 -0.616327584 -1.751232624 -0.395111084 0.013946052 0.181797206 0.900356948
1403715406912143104.000000 -0.403710604 -0.616286516 -1.733488321 -0.406978428 0.013696227 0.184341326 0.894538641
1403715406962142976.000000 -0.406254411 -0.614778280 -1.715429783 -0.419040352 0.013908791 0.186556622 0.888486564
1403715407012143104.000000 -0.408186674 -0.613374531 -1.698622465 -0.429970741 0.013479483 0.190062568 0.882507682
1403715407062142976.000000 -0.409979999 -0.611061037 -1.681896925 -0.440229446 0.012842849 0.194838136 0.876396716
1403715407112143104.000000 -0.411643237 -0.607831061 -1.666435480 0.450317204 -0.011606171 -0.199773118 -0.870155394
1403715407162142976.000000 -0.413704246 -0.602891684 -1.648875475 -0.459402144 0.009325351 0.204934448 0.864213288
1403715407212143104.000000 -0.415414900 -0.599025846 -1.633195162 -0.466714084 0.004572807 0.210171700 0.859060526
1403715407262142976.000000 -0.416453391 -0.593804836 -1.617684126 -0.472521186 -0.000588809 0.215379357 0.854596496
1403715407312143104.000000 -0.417629570 -0.586193740 -1.601374626 -0.477282345 -0.006656778 0.219082445 0.850976050
1403715407362142976.000000 -0.416870743 -0.578294277 -1.585597277 -0.481213778 -0.010666198 0.221847743 0.847999513
1403715407412143104.000000 -0.415053010 -0.568103611 -1.569436789 -0.484641194 -0.012889651 0.223005846 0.845709920
1403715407462142976.000000 -0.412407160 -0.556055844 -1.553131461 0.487714916 0.012046568 -0.222812772 -0.844004512
1403715407512143104.000000 -0.409143001 -0.539995909 -1.536253810 -0.490552992 -0.011945088 0.221559390 0.842690051
1403715407562142976.000000 -0.404707521 -0.523942471 -1.518993974 -0.492441922 -0.009872365 0.221234590 0.841700017
1403715407612143104.000000 -0.399154812 -0.506311178 -1.501510382 -0.494489282 -0.007986755 0.218995318 0.841105044
1403715407662142976.000000 -0.390736014 -0.488027036 -1.486106873 -0.496869981 -0.006792825 0.214485958 0.840874493
1403715407712143104.000000 -0.382925034 -0.468105048 -1.468608141 -0.499628574 -0.005679955 0.207044840 0.841113269
1403715407762142976.000000 -0.374210060 -0.447549224 -1.450119138 0.501532376 0.005112127 -0.200703248 -0.841520846
1403715407812143104.000000 -0.364014655 -0.425457299 -1.432682276 -0.502260625 -0.005214766 0.196371570 0.842107713
1403715407862142976.000000 -0.355028689 -0.403172761 -1.413474560 -0.502703309 -0.004782145 0.193019465 0.842620969
1403715407912143104.000000 -0.345621645 -0.380577296 -1.393228531 -0.501840055 -0.002611041 0.192956418 0.843159378
1403715407962142976.000000 -0.333503097 -0.359108716 -1.372637987 -0.501013577 -0.002154391 0.192961246 0.843650877
1403715408012143104.000000 -0.320610374 -0.336200625 -1.351874828 -0.499945998 0.001284208 0.194658831 0.843895912
1403715408062142976.000000 -0.305770308 -0.313695043 -1.331652403 0.498976737 -0.002150564 -0.195835769 -0.844195485
1403715408112143104.000000 -0.284905016 -0.292490304 -1.312570095 -0.498111963 0.004135048 0.196799681 0.844474614
1403715408162142976.000000 -0.263108522 -0.269215733 -1.294265747 -0.497025013 0.006112674 0.197594225 0.844917297
1403715408212143104.000000 -0.238126650 -0.245537460 -1.277092695 0.496091872 -0.008516540 -0.198053375 -0.845337331
1403715408262142976.000000 -0.212697372 -0.221562028 -1.259921193 0.495511025 -0.009530804 -0.197925732 -0.845696986
1403715408312143104.000000 -0.187844545 -0.197568238 -1.242344618 0.494571805 -0.010681887 -0.198653713 -0.846062362
1403715408362142976.000000 -0.164347738 -0.175741851 -1.223554134 -0.494123757 0.012050308 0.198646590 0.846307337
1403715408412143104.000000 -0.143472791 -0.151353627 -1.203870058 -0.493109286 0.015120087 0.197523981 0.847112060
1403715408462142976.000000 -0.125182211 -0.127424091 -1.182849169 0.491631418 -0.018310683 -0.194737494 -0.848552108
1403715408512143104.000000 -0.110241301 -0.103763282 -1.160542130 0.488543391 -0.023163013 -0.191566318 -0.850935519
1403715408562142976.000000 -0.098634318 -0.080742359 -1.137116313 0.484501719 -0.026685283 -0.187234849 -0.854101360
1403715408612143104.000000 -0.089523755 -0.058311611 -1.112798572 0.479289860 -0.031859327 -0.182475135 -0.857886434
1403715408662142976.000000 -0.082095996 -0.036726564 -1.088175178 0.473490328 -0.035131849 -0.175589591 -0.862404227
1403715408712143104.000000 -0.077699170 -0.019101411 -1.062578201 -0.466113925 0.038248304 0.169986486 0.867398143
1403715408762142976.000000 -0.071370363 -0.000692248 -1.039182782 -0.457004696 0.040716402 0.165293753 0.873021722
1403715408812143104.000000 -0.063658148 0.016535014 -1.016996145 0.447032660 -0.042335555 -0.159999400 -0.879073203
1403715408862142976.000000 -0.056069374 0.032223254 -0.995367289 0.435622901 -0.042918403 -0.156195223 -0.885434270
1403715408912143104.000000 -0.048009578 0.046474665 -0.974898636 0.423366904 -0.043212358 -0.152171791 -0.892040908
1403715408962142976.000000 -0.039608005 0.059095532 -0.955175102 0.410701185 -0.042670716 -0.147515252 -0.898745298
1403715409012143104.000000 -0.030865669 0.070455283 -0.936561167 0.397307247 -0.043253772 -0.142958075 -0.905449688
1403715409062142976.000000 -0.026350707 0.079419687 -0.915731728 -0.383886427 0.043054484 0.137985319 0.911996543
1403715409112143104.000000 -0.016656024 0.088007435 -0.899828196 -0.369597942 0.043575678 0.135114551 0.918282449
1403715409162142976.000000 -0.007457983 0.095583752 -0.885112524 -0.355982184 0.044518720 0.133756429 0.923798740
1403715409212143104.000000 0.002694922 0.102418467 -0.873678982 0.343831539 -0.043948293 -0.132441998 -0.928605199
1403715409262142976.000000 0.010504698 0.108005881 -0.860511839 -0.333787411 0.041768819 0.131824508 0.932450354
1403715409312143104.000000 0.020731919 0.113528341 -0.851294577 -0.324980557 0.040699635 0.131590277 0.935636282
1403715409362142976.000000 0.031418249 0.118860826 -0.843553066 -0.318054348 0.039983876 0.130490333 0.938197792
1403715409412143104.000000 0.042696901 0.124411345 -0.837168872 0.313222915 -0.039500542 -0.128517821 -0.940114021
1403715409462142976.000000 0.053927407 0.129480466 -0.832666755 0.310155481 -0.039126970 -0.125098869 -0.941606581
1403715409512143104.000000 0.065520540 0.134276584 -0.829508781 0.309101164 -0.038887471 -0.120242260 -0.942595422
1403715409562142976.000000 0.076663621 0.138927788 -0.827524662 0.310469598 -0.035902224 -0.116052091 -0.942789257
1403715409612143104.000000 0.087285079 0.143139780 -0.826123059 0.311630130 -0.031916574 -0.117297649 -0.942395508
1403715409662142976.000000 0.098017320 0.146708280 -0.825134575 0.312757581 -0.028036479 -0.119464345 -0.941873074
1403715409712143104.000000 0.108334318 0.150221139 -0.824477911 0.313738316 -0.022853374 -0.122939080 -0.941239655
1403715409762142976.000000 0.114366740 0.151395366 -0.822723985 -0.315341353 0.017691407 0.125919566 0.940420747
1403715409812143104.000000 0.125116035 0.154768661 -0.822554708 -0.316872150 0.011893609 0.129095793 0.939566374
1403715409862142976.000000 0.137497723 0.158056647 -0.822984755 0.319062084 -0.007012773 -0.131844446 -0.938492000
1403715409912143104.000000 0.149496794 0.161645398 -0.822658300 0.320873410 -0.001225041 -0.135769144 -0.937339664
1403715409962142976.000000 0.161956012 0.165760845 -0.821768522 0.322966993 0.003771221 -0.138196185 -0.936258435
1403715410012143104.000000 0.174829409 0.170523942 -0.820117593 0.324953854 0.007118229 -0.141083524 -0.935120225
1403715410062142976.000000 0.188350081 0.175990656 -0.817527294 0.327046126 0.008317012 -0.142619610 -0.934147358
1403715410112143104.000000 0.202787653 0.182465971 -0.814024448 0.329747707 0.006322969 -0.142356172 -0.933253050
1403715410162142976.000000 0.217031524 0.189717799 -0.809508204 0.332619429 0.002157240 -0.140120521 -0.932591021
1403715410212143104.000000 0.229257017 0.197512403 -0.803634703 0.334767103 -0.002493904 -0.138830453 -0.932014465
1403715410262142976.000000 0.235160246 0.205821112 -0.798127115 -0.336907834 0.007421872 0.137188479 0.931459844
1403715410312143104.000000 0.241285518 0.214056909 -0.788579643 -0.338630468 0.010954753 0.135704294 0.931017578
1403715410362142976.000000 0.244785190 0.222147122 -0.777728438 -0.339710712 0.013613746 0.134483695 0.930766106
1403715410412143104.000000 0.249695629 0.229255483 -0.765626967 0.340909749 -0.014499704 -0.132834107 -0.930551171
1403715410462142976.000000 0.251964629 0.236598149 -0.753193200 0.341962367 -0.013966232 -0.130554780 -0.930495679
1403715410512143104.000000 0.254137635 0.243737757 -0.740679622 0.343352944 -0.012308719 -0.127008483 -0.930497825
1403715410562142976.000000 0.256811678 0.250447929 -0.727779806 0.344417065 -0.011645742 -0.123483293 -0.930587530
1403715410612143104.000000 0.259229273 0.256840229 -0.714178920 0.344341129 -0.010505386 -0.121688873 -0.930865586
1403715410662142976.000000 0.261622787 0.263411403 -0.700518072 0.344105154 -0.010606612 -0.120203167 -0.931144714
1403715410712143104.000000 0.264486641 0.269251823 -0.686082363 0.342950195 -0.011766782 -0.120587736 -0.931507051
1403715410762142976.000000 0.265592188 0.276523471 -0.676115870 -0.341452181 0.016603051 0.119825415 0.932081938
1403715410812143104.000000 0.269771308 0.281378269 -0.662133574 -0.340092033 0.024443349 0.119307749 0.932472885
1403715410862142976.000000 0.273803771 0.285683572 -0.648528636 -0.339074880 0.030789832 0.116960257 0.932952583
1403715410912143104.000000 0.277396947 0.287999958 -0.632788777 0.336931586 -0.035581417 -0.117340945 -0.933510721
1403715410962142976.000000 0.279710174 0.289815843 -0.619107127 0.335234523 -0.035579763 -0.116627149 -0.934210956
1403715411012143104.000000 0.280962348 0.290375829 -0.605732679 0.332165658 -0.033310760 -0.118565112 -0.935146391
1403715411062142976.000000 0.281654835 0.289802313 -0.593185961 0.329144955 -0.030481976 -0.120305575 -0.936088145
1403715411112143104.000000 0.282182932 0.288479358 -0.581455529 0.326221883 -0.026960030 -0.121918261 -0.937010407
1403715411162142976.000000 0.282996148 0.286632508 -0.570086598 0.322942346 -0.024916967 -0.124819897 -0.937820554
1403715411212143104.000000 0.283424169 0.285556018 -0.558980882 -0.319387197 0.024618322 0.128639162 0.938529611
1403715411262142976.000000 0.285012811 0.283063054 -0.549163699 -0.316409379 0.024854152 0.131483451 0.939137697
1403715411312143104.000000 0.286973685 0.280437201 -0.539952457 -0.314189672 0.027081266 0.133197159 0.939579725
1403715411362142976.000000 0.288728148 0.279144138 -0.530856907 0.312489331 -0.031015750 -0.133783162 -0.939941823
1403715411412143104.000000 0.290091664 0.276964098 -0.523036480 0.310749292 -0.036130738 -0.134439528 -0.940242290
1403715411462142976.000000 0.291072547 0.274946481 -0.515957713 0.309416682 -0.041564412 -0.134329811 -0.940472901
1403715411512143104.000000 0.291023374 0.273983389 -0.507088959 -0.308836579 0.043860704 0.132782429 0.940779030
1403715411562142976.000000 0.289979041 0.271653026 -0.502167821 -0.308052242 0.042226102 0.131371900 0.941308796
1403715411612143104.000000 0.288737178 0.269245356 -0.498084605 -0.307649255 0.039228108 0.129709765 0.941800714
1403715411662142976.000000 0.287500978 0.265653282 -0.495562971 0.307198673 -0.035395473 -0.128306538 -0.942291737
1403715411712143104.000000 0.285946488 0.262796372 -0.493558884 0.306757540 -0.032735962 -0.127018556 -0.942705989
1403715411762142976.000000 0.284129024 0.259920180 -0.491995692 0.306283683 -0.030434441 -0.125671238 -0.943117619
1403715411812143104.000000 0.281796604 0.257055342 -0.490890294 0.306132674 -0.029853847 -0.124221072 -0.943377256
1403715411862142976.000000 0.279285848 0.251761854 -0.492051542 0.305564135 -0.028856533 -0.123758852 -0.943653405
1403715411912143104.000000 0.275494128 0.250678003 -0.488997042 0.305184722 -0.028624784 -0.123467177 -0.943821430
1403715411962142976.000000 0.273059756 0.245198548 -0.490860850 0.304386318 -0.028982060 -0.124282748 -0.943961322
1403715412012143104.000000 0.269984812 0.244777098 -0.487177819 -0.303925395 0.028645551 0.124583736 0.944080353
1403715412062142976.000000 0.266313016 0.241425738 -0.487229794 -0.303581715 0.028187461 0.125369594 0.944100678
1403715412112143104.000000 0.262855172 0.238172099 -0.487594604 -0.303389132 0.027922655 0.125869632 0.944103956
1403715412162142976.000000 0.259175897 0.232707649 -0.491493225 0.303573668 -0.025965245 -0.125948519 -0.944090009
1403715412212143104.000000 0.256621838 0.228117332 -0.492832899 -0.303648829 0.024576806 0.126128599 0.944078922
1403715412262142976.000000 0.252337545 0.223832101 -0.494892150 -0.303921729 0.023545075 0.125878662 0.944050729
1403715412312143104.000000 0.247746691 0.219629452 -0.497081041 -0.304076880 0.022611706 0.125906765 0.944019854
1403715412362142976.000000 0.243086606 0.215322807 -0.499491811 0.304241896 -0.021692758 -0.126318574 -0.943933249
1403715412412143104.000000 0.238429397 0.211065754 -0.501968920 0.304285645 -0.021009739 -0.126768619 -0.943874240
1403715412462142976.000000 0.236613631 0.207113370 -0.503856003 -0.304149538 0.019144399 0.127988160 0.943793178
1403715412512143104.000000 0.232142210 0.202863187 -0.506445408 -0.304113418 0.017658601 0.128720760 0.943734169
1403715412562142976.000000 0.227592409 0.198835254 -0.508895874 -0.303973138 0.016258422 0.129454806 0.943704128
1403715412612143104.000000 0.223119259 0.194885910 -0.511278391 0.304468870 -0.014901644 -0.128925279 -0.943639219
1403715412662142976.000000 0.219241962 0.191457570 -0.513348281 0.304481834 -0.014166817 -0.128882587 -0.943652153
1403715412712143104.000000 0.215555400 0.188311517 -0.515467882 0.304525584 -0.012043098 -0.128670022 -0.943696618
1403715412762142976.000000 0.212627083 0.185565278 -0.517580450 0.304708779 -0.010938142 -0.128463477 -0.943679094
1403715412812143104.000000 0.214335456 0.180554509 -0.522464097 -0.304801553 0.009292522 0.128455460 0.943667829
1403715412862142976.000000 0.212284788 0.177845925 -0.524255157 -0.304720968 0.008399426 0.128467560 0.943700612
1403715412912143104.000000 0.210741699 0.175311655 -0.525978804 -0.304992706 0.008149655 0.128111750 0.943663359
1403715412962142976.000000 0.209459752 0.174125627 -0.526570380 0.305373788 -0.008985081 -0.127954766 -0.943553865
1403715413012143104.000000 0.208141342 0.172367632 -0.527119339 0.306031793 -0.011005303 -0.126932681 -0.943457246
1403715413062142976.000000 0.204620257 0.170445561 -0.526620805 0.306875139 -0.012204450 -0.125716791 -0.943331361
1403715413112143104.000000 0.199053362 0.168422461 -0.524929225 0.307374895 -0.013348877 -0.124798164 -0.943275154
1403715413162142976.000000 0.191835284 0.166126490 -0.522262394 0.307788551 -0.014836410 -0.124307267 -0.943182826
1403715413212143104.000000 0.182226300 0.163589075 -0.518742204 0.308234423 -0.015771506 -0.123284556 -0.943156242
1403715413262142976.000000 0.170433253 0.160827965 -0.514463961 0.308161587 -0.017050728 -0.123599492 -0.943116605
1403715413312143104.000000 0.156392515 0.156931087 -0.509489715 -0.307629049 0.018885285 0.125786126 0.942966342
1403715413362142976.000000 0.141650796 0.153731570 -0.504001796 -0.306281835 0.021323454 0.129135534 0.942900240
1403715413412143104.000000 0.127272278 0.150618434 -0.498909891 -0.305111915 0.023404468 0.132358983 0.942783177
1403715413462142976.000000 0.112824716 0.148234069 -0.493605375 -0.304153204 0.025011010 0.135147274 0.942656159
1403715413512143104.000000 0.100157812 0.145538598 -0.490255326 -0.303616732 0.026167134 0.136410773 0.942615688
1403715413562142976.000000 0.088714898 0.143319875 -0.488023162 -0.303989410 0.026075916 0.135913819 0.942569911
1403715413612143104.000000 0.078184962 0.140993744 -0.487092793 0.304878026 -0.026038442 -0.134310201 -0.942513824
1403715413662142976.000000 0.068231888 0.142846793 -0.484070301 -0.305922389 0.026174445 0.131561503 0.942559361
1403715413712143104.000000 0.059697099 0.141291857 -0.484841764 -0.307324797 0.026032168 0.128261253 0.942561924
1403715413762142976.000000 0.050472252 0.139770240 -0.485573620 -0.308502287 0.024748780 0.126048878 0.942510247
1403715413812143104.000000 0.039669745 0.138310760 -0.485919058 0.309119105 -0.023264397 -0.124965705 -0.942490220
1403715413862142976.000000 0.027698416 0.137892604 -0.484091431 -0.309747964 0.021731116 0.123957090 0.942453563
1403715413912143104.000000 0.014914486 0.136055350 -0.483441353 -0.310162723 0.021784270 0.122842334 0.942461848
1403715413962142976.000000 0.001799245 0.133932501 -0.482869714 -0.310801119 0.022063326 0.120695136 0.942522526
1403715414012143104.000000 -0.010737591 0.132514298 -0.481538057 -0.311249197 0.021986132 0.119711660 0.942501903
1403715414062142976.000000 -0.019887950 0.129079163 -0.482636869 -0.311001360 0.021287065 0.120092735 0.942551255
1403715414112143104.000000 -0.026390618 0.125142425 -0.484838367 -0.310994506 0.018765474 0.120656602 0.942535102
1403715414162142976.000000 -0.030037049 0.121459424 -0.487400174 -0.310566187 0.014595074 0.122472219 0.942515910
1403715414212143104.000000 -0.031511229 0.116778024 -0.490965784 -0.310176820 0.008532176 0.124875002 0.942403197
1403715414262142976.000000 -0.030100884 0.111995585 -0.494556278 -0.309697300 0.003183632 0.126902744 0.942323327
1403715414312143104.000000 -0.027368810 0.107380703 -0.497924149 -0.309291214 -0.002162524 0.128906310 0.942187667
1403715414362142976.000000 -0.023651348 0.103891000 -0.499837726 -0.309521466 -0.006480320 0.129247174 0.942045450
1403715414412143104.000000 -0.019855455 0.101044558 -0.500342369 -0.309851557 -0.007773253 0.128646567 0.942009449
1403715414462142976.000000 -0.016704388 0.099523157 -0.498327315 -0.310167402 -0.007558519 0.127611309 0.942048013
1403715414512143104.000000 -0.014776930 0.097396918 -0.495274305 -0.310796171 -0.006000948 0.126178026 0.942045093
1403715414562142976.000000 -0.013974663 0.095424332 -0.490495145 -0.311504513 -0.002387074 0.124442294 0.942058086
1403715414612143104.000000 -0.013375020 0.093868598 -0.484940737 -0.312374085 0.001884958 0.122278869 0.942054510
1403715414662142976.000000 -0.014068147 0.092056729 -0.477287889 -0.312436372 0.005823412 0.122561410 0.941981077
1403715414712143104.000000 -0.015354617 0.089779161 -0.468810976 -0.312487692 0.010422788 0.123564854 0.941793323
1403715414762142976.000000 -0.018135965 0.086722687 -0.459833205 -0.311981052 0.014524595 0.126140952 0.941565454
1403715414812143104.000000 -0.021318357 0.084028363 -0.450492531 -0.311107010 0.017423935 0.130408496 0.941223979
1403715414862142976.000000 -0.025464961 0.081491932 -0.440805465 -0.309751719 0.020728413 0.136165723 0.940788567
1403715414912143104.000000 -0.029684532 0.076572530 -0.433534056 -0.308288366 0.024456486 0.142541602 0.940235138
1403715414962142976.000000 -0.036146872 0.074654602 -0.423623770 -0.307155013 0.027062887 0.147974387 0.939695179
1403715415012143104.000000 -0.042668499 0.073644541 -0.414687485 0.306448251 -0.029835440 -0.152908906 -0.939051807
1403715415062142976.000000 -0.049996760 0.072039038 -0.406254321 -0.306305140 0.031794894 0.156532735 0.938436866
1403715415112143104.000000 -0.058000378 0.072191902 -0.398198217 -0.306804925 0.032982185 0.158993304 0.937818766
1403715415162142976.000000 -0.066458747 0.073251463 -0.391283959 0.307685375 -0.033845343 -0.160935089 -0.937168181
1403715415212143104.000000 -0.074390844 0.074376963 -0.386181146 -0.309391052 0.034870375 0.160899848 0.936574936
1403715415262142976.000000 -0.082530081 0.076943308 -0.381908596 -0.311074346 0.034867283 0.160243273 0.936129868
1403715415312143104.000000 -0.089878246 0.080402672 -0.379739970 0.315327406 -0.032856412 -0.153240576 -0.935952187
1403715415362142976.000000 -0.096806169 0.082669623 -0.378770947 -0.319674253 0.029646318 0.146489188 0.935665786
1403715415412143104.000000 -0.102533482 0.086939849 -0.378282487 -0.324577689 0.027546396 0.138697952 0.935229123
1403715415462142976.000000 -0.108122364 0.091410622 -0.375295490 -0.329168141 0.023088433 0.132096261 0.934700966
1403715415512143104.000000 -0.111552365 0.095054314 -0.376099110 -0.332774639 0.021678125 0.126193166 0.934273243
1403715415562142976.000000 -0.114738964 0.098332219 -0.375598580 -0.334755689 0.020464508 0.123366058 0.933970392
1403715415612143104.000000 -0.118595071 0.100223646 -0.375255078 -0.336715579 0.020803815 0.120640568 0.933614314
1403715415662142976.000000 -0.125212505 0.100861467 -0.375108570 -0.338580340 0.020461658 0.119090721 0.933146417
1403715415712143104.000000 -0.133883968 0.100896932 -0.372705758 -0.339491755 0.019826036 0.119140878 0.932822466
1403715415762142976.000000 -0.138271436 0.099805295 -0.373101681 -0.338760436 0.018580247 0.120574139 0.932929814
1403715415812143104.000000 -0.134543121 0.099237218 -0.373812020 -0.339313447 0.018530240 0.119148672 0.932913065
1403715415862142976.000000 -0.131561399 0.098180749 -0.373833954 0.339788377 -0.020494176 -0.118103243 -0.932832003
1403715415912143104.000000 -0.130762428 0.095859751 -0.371806681 -0.340232462 0.023049640 0.118866496 0.932513535
1403715415962142976.000000 -0.131796882 0.093339391 -0.369795710 -0.340129644 0.022835752 0.118468232 0.932606936
1403715416012143104.000000 -0.134310722 0.093240455 -0.368393064 -0.339457899 0.019436950 0.117657684 0.933031201
1403715416062142976.000000 -0.132686585 0.094006255 -0.369812667 -0.340485692 0.019140091 0.116595611 0.932796121
1403715416112143104.000000 -0.131467402 0.093883336 -0.370155543 0.341008723 -0.019753221 -0.116734602 -0.932574868
1403715416162142976.000000 -0.131060869 0.093647793 -0.370164335 0.340971619 -0.020273155 -0.117151804 -0.932524979
1403715416212143104.000000 -0.130463853 0.093581855 -0.370591134 0.340597898 -0.019220382 -0.118583679 -0.932502866
1403715416262142976.000000 -0.132390320 0.095290400 -0.366076380 -0.340261221 0.018374002 0.119628116 0.932509422
1403715416312143104.000000 -0.132022202 0.094615757 -0.366637051 0.340136111 -0.018294398 -0.120078102 -0.932498813
1403715416362142976.000000 -0.131379172 0.094561420 -0.367348075 0.340079695 -0.017636990 -0.120240413 -0.932511151
1403715416412143104.000000 -0.130564496 0.094489224 -0.368152499 0.340007663 -0.017488975 -0.120541394 -0.932501376
1403715416462142976.000000 -0.132797226 0.096551433 -0.367347717 -0.339669526 0.016882384 0.120734647 0.932610810
1403715416512143104.000000 -0.132655174 0.095347524 -0.367929518 0.339799941 -0.017156178 -0.120951839 -0.932530105
1403715416562142976.000000 -0.132320091 0.094375484 -0.368849099 0.339892000 -0.017689513 -0.120539568 -0.932539940
1403715416612143104.000000 -0.132089898 0.093670867 -0.369705737 0.339803487 -0.017208060 -0.120770410 -0.932551384
1403715416662142976.000000 -0.131901652 0.092620485 -0.370503485 0.339654535 -0.017206689 -0.121290490 -0.932538152
1403715416712143104.000000 -0.131862044 0.091160826 -0.371420264 0.339687586 -0.017156029 -0.121282667 -0.932528079
1403715416762142976.000000 -0.131985113 0.089534447 -0.372385979 0.339636475 -0.017076189 -0.121410444 -0.932531536
1403715416812143104.000000 -0.132114395 0.087985076 -0.373289347 0.339750379 -0.017508132 -0.121274091 -0.932499707
1403715416862142976.000000 -0.132256716 0.086741552 -0.373983145 0.339639366 -0.017061329 -0.121524468 -0.932515919
1403715416912143104.000000 -0.132474810 0.085574485 -0.374680489 0.339584082 -0.016678015 -0.121829130 -0.932503164
1403715416962142976.000000 -0.134987071 0.096236020 -0.367994040 -0.339500219 0.017245054 0.121467754 0.932570636
1403715417012143104.000000 -0.135146171 0.094853342 -0.368420392 0.339488149 -0.017624212 -0.121551029 -0.932556987
1403715417062142976.000000 -0.135214776 0.093708031 -0.368859231 0.339538127 -0.017527318 -0.121433184 -0.932556033
1403715417112143104.000000 -0.136063978 0.094173193 -0.368023992 -0.339526892 0.017253453 0.121723086 0.932527423
1403715417162142976.000000 -0.136105686 0.093300253 -0.368394047 0.339526951 -0.017239802 -0.121812209 -0.932516038
1403715417212143104.000000 -0.136150852 0.092136584 -0.368822455 0.339551389 -0.017487401 -0.121744946 -0.932511210
1403715417262142976.000000 -0.135544986 0.090456724 -0.370063037 0.339436620 -0.017521175 -0.121782824 -0.932547450
1403715417312143104.000000 -0.136195958 0.089826100 -0.369741827 0.339582145 -0.017613966 -0.121779777 -0.932493150
1403715417362142976.000000 -0.135556549 0.088465229 -0.371038795 0.339408338 -0.017424706 -0.121945038 -0.932538390
1403715417412143104.000000 -0.135804653 0.094471440 -0.368221402 -0.339376986 0.017428622 0.121971339 0.932546318
1403715417462142976.000000 -0.135796905 0.093622468 -0.368722707 0.339353323 -0.017552489 -0.121997058 -0.932549179
1403715417512143104.000000 -0.135804489 0.092807323 -0.369290948 0.339321762 -0.017674498 -0.121995322 -0.932558656
1403715417562142976.000000 -0.135223076 0.088444650 -0.372346967 0.339423567 -0.017671701 -0.122099578 -0.932507932
1403715417612143104.000000 -0.135712102 0.091680631 -0.370428085 0.339360654 -0.017568022 -0.122163117 -0.932524502
1403715417662142976.000000 -0.135765865 0.091105886 -0.371035725 0.339339375 -0.017486246 -0.122201540 -0.932528794
1403715417712143104.000000 -0.135793209 0.090488814 -0.371537685 0.339323640 -0.017610343 -0.122247502 -0.932526112
1403715417762142976.000000 -0.135273159 0.086297616 -0.374544919 0.339394331 -0.017648643 -0.122270539 -0.932496667
1403715417812143104.000000 -0.135995969 0.089842655 -0.372436643 0.339360416 -0.017536320 -0.122287579 -0.932508886
1403715417862142976.000000 -0.135948494 0.089954264 -0.372662872 0.339365095 -0.017484507 -0.122295201 -0.932507098
1403715417912143104.000000 -0.136209145 0.093145140 -0.369201064 -0.339398533 0.017603856 0.122209802 0.932503939
1403715417962142976.000000 -0.136093497 0.092924744 -0.369529516 0.339357913 -0.017687408 -0.122201748 -0.932518125
1403715418012143104.000000 -0.135945603 0.092780590 -0.369910568 0.339357078 -0.017743455 -0.122211270 -0.932516217
1403715418062142976.000000 -0.135786861 0.092740588 -0.370275140 0.339336455 -0.017645137 -0.122254364 -0.932519853
1403715418112143104.000000 -0.135658145 0.092673652 -0.370590925 0.339339316 -0.017553668 -0.122279473 -0.932517290
1403715418162142976.000000 -0.135571271 0.092588894 -0.370852888 0.339342892 -0.017556993 -0.122283779 -0.932515323
1403715418212143104.000000 -0.135550320 0.092490420 -0.371109277 0.339356691 -0.017551091 -0.122281469 -0.932510793
1403715418262142976.000000 -0.135578141 0.092468448 -0.371057689 0.339363098 -0.017594904 -0.122259893 -0.932510436
1403715418312143104.000000 -0.135646984 0.092621349 -0.370708495 0.339345306 -0.017504357 -0.122316040 -0.932511270
1403715418362142976.000000 -0.135728493 0.092789844 -0.370572388 0.339310408 -0.017469570 -0.122307941 -0.932525635
1403715418412143104.000000 -0.135306746 0.092758164 -0.369824946 -0.339419454 0.017719343 0.122352608 0.932475388
1403715418462142976.000000 -0.135179818 0.092786156 -0.369905472 0.339420348 -0.017713651 -0.122356445 -0.932474673
1403715418512143104.000000 -0.135040328 0.092848860 -0.370000690 0.339385092 -0.017685596 -0.122374214 -0.932485640
1403715418562142976.000000 -0.134999514 0.092866585 -0.370146394 0.339383394 -0.017662741 -0.122416370 -0.932481229
1403715418612143104.000000 -0.134925619 0.092870668 -0.370237321 0.339390725 -0.017645709 -0.122521996 -0.932464957
1403715418662142976.000000 -0.134903759 0.092840567 -0.370321810 0.339416862 -0.017667705 -0.122486740 -0.932459772
1403715418712143104.000000 -0.134929553 0.092825212 -0.370410681 0.339416027 -0.017629130 -0.122450091 -0.932465613
1403715418762142976.000000 -0.134979248 0.092883185 -0.370501548 0.339387119 -0.017609131 -0.122528285 -0.932466149
1403715418812143104.000000 -0.135141820 0.092844360 -0.370396197 0.339386493 -0.017584180 -0.122601092 -0.932457268
