ts,state,px,py,pz,qx,qy,qz,qw
1403715273.262142896652,1,0.000000000000,0.000000000000,0.000000000000,-0.000000000000,-0.000000000000,-0.000000000000,1.000000000000
1403715273.312143087387,1,0.000000000000,0.000000000000,0.000000000000,-0.000000000000,-0.000000000000,-0.000000000000,1.000000000000
1403715273.362143039703,1,0.000000000000,0.000000000000,0.000000000000,-0.000000000000,-0.000000000000,-0.000000000000,1.000000000000
1403715273.412142992020,1,0.000000000000,0.000000000000,0.000000000000,-0.000000000000,-0.000000000000,-0.000000000000,1.000000000000
1403715273.462142944336,1,0.000000000000,0.000000000000,0.000000000000,-0.000000000000,-0.000000000000,-0.000000000000,1.000000000000
1403715273.512143135071,1,0.000000000000,0.000000000000,0.000000000000,-0.000000000000,-0.000000000000,-0.000000000000,1.000000000000
1403715273.562143087387,1,0.000000000000,0.000000000000,0.000000000000,-0.000000000000,-0.000000000000,-0.000000000000,1.000000000000
1403715273.612143039703,1,0.000000000000,0.000000000000,0.000000000000,-0.000000000000,-0.000000000000,-0.000000000000,1.000000000000
1403715273.662142992020,1,0.000000000000,0.000000000000,0.000000000000,-0.000000000000,-0.000000000000,-0.000000000000,1.000000000000
1403715273.712143182755,1,0.000000000000,0.000000000000,0.000000000000,-0.000000000000,-0.000000000000,-0.000000000000,1.000000000000
1403715273.762142896652,1,0.000000000000,0.000000000000,0.000000000000,-0.000000000000,-0.000000000000,-0.000000000000,1.000000000000
1403715273.812143087387,1,0.000000000000,0.000000000000,0.000000000000,-0.000000000000,-0.000000000000,-0.000000000000,1.000000000000
1403715273.862143039703,1,0.000000000000,0.000000000000,0.000000000000,-0.000000000000,-0.000000000000,-0.000000000000,1.000000000000
1403715273.912142992020,1,0.000000000000,0.000000000000,0.000000000000,-0.000000000000,-0.000000000000,-0.000000000000,1.000000000000
1403715273.962142944336,1,0.000000000000,0.000000000000,0.000000000000,-0.000000000000,-0.000000000000,-0.000000000000,1.000000000000
1403715274.012143135071,1,0.000000000000,0.000000000000,0.000000000000,-0.000000000000,-0.000000000000,-0.000000000000,1.000000000000
1403715274.062143087387,1,0.000000000000,0.000000000000,0.000000000000,-0.000000000000,-0.000000000000,-0.000000000000,1.000000000000
1403715274.112143039703,1,0.000000000000,0.000000000000,0.000000000000,-0.000000000000,-0.000000000000,-0.000000000000,1.000000000000
1403715274.162142992020,1,0.000000000000,0.000000000000,0.000000000000,-0.000000000000,-0.000000000000,-0.000000000000,1.000000000000
1403715274.212143182755,1,0.000000000000,0.000000000000,0.000000000000,-0.000000000000,-0.000000000000,-0.000000000000,1.000000000000
1403715274.262142896652,1,0.000000000000,0.000000000000,0.000000000000,-0.000000000000,-0.000000000000,-0.000000000000,1.000000000000
1403715274.312143087387,1,0.000000000000,0.000000000000,0.000000000000,-0.000000000000,-0.000000000000,-0.000000000000,1.000000000000
1403715274.362143039703,1,0.000000000000,0.000000000000,0.000000000000,-0.000000000000,-0.000000000000,-0.000000000000,1.000000000000
1403715274.412142992020,1,0.000000000000,0.000000000000,0.000000000000,-0.000000000000,-0.000000000000,-0.000000000000,1.000000000000
1403715274.462142944336,1,0.000000000000,0.000000000000,0.000000000000,-0.000000000000,-0.000000000000,-0.000000000000,1.000000000000
1403715274.512143135071,1,0.000000000000,0.000000000000,0.000000000000,-0.000000000000,-0.000000000000,-0.000000000000,1.000000000000
1403715274.562143087387,1,0.000000000000,0.000000000000,0.000000000000,-0.000000000000,-0.000000000000,-0.000000000000,1.000000000000
1403715274.612143039703,1,0.000000000000,0.000000000000,0.000000000000,-0.000000000000,-0.000000000000,-0.000000000000,1.000000000000
1403715274.662142992020,1,0.000000000000,0.000000000000,0.000000000000,-0.000000000000,-0.000000000000,-0.000000000000,1.000000000000
1403715274.712143182755,1,0.000000000000,0.000000000000,0.000000000000,-0.000000000000,-0.000000000000,-0.000000000000,1.000000000000
1403715274.762142896652,1,0.000000000000,0.000000000000,0.000000000000,-0.000000000000,-0.000000000000,-0.000000000000,1.000000000000
1403715274.812143087387,1,0.000000000000,0.000000000000,0.000000000000,-0.000000000000,-0.000000000000,-0.000000000000,1.000000000000
1403715274.862143039703,1,0.000000000000,0.000000000000,0.000000000000,-0.000000000000,-0.000000000000,-0.000000000000,1.000000000000
1403715274.912142992020,1,0.000000000000,0.000000000000,0.000000000000,-0.000000000000,-0.000000000000,-0.000000000000,1.000000000000
1403715274.962142944336,1,0.000000000000,0.000000000000,0.000000000000,-0.000000000000,-0.000000000000,-0.000000000000,1.000000000000
1403715275.012143135071,1,0.000000000000,0.000000000000,0.000000000000,-0.000000000000,-0.000000000000,-0.000000000000,1.000000000000
1403715275.062143087387,1,0.000000000000,0.000000000000,0.000000000000,-0.000000000000,-0.000000000000,-0.000000000000,1.000000000000
1403715275.112143039703,1,0.000000000000,0.000000000000,0.000000000000,-0.000000000000,-0.000000000000,-0.000000000000,1.000000000000
1403715275.162142992020,1,0.000000000000,0.000000000000,0.000000000000,-0.000000000000,-0.000000000000,-0.000000000000,1.000000000000
1403715275.212143182755,1,0.000000000000,0.000000000000,0.000000000000,-0.000000000000,-0.000000000000,-0.000000000000,1.000000000000
1403715275.262142896652,1,0.000000000000,0.000000000000,0.000000000000,-0.000000000000,-0.000000000000,-0.000000000000,1.000000000000
1403715275.312143087387,1,0.000000000000,0.000000000000,0.000000000000,-0.000000000000,-0.000000000000,-0.000000000000,1.000000000000
1403715275.362143039703,1,0.000000000000,0.000000000000,0.000000000000,-0.000000000000,-0.000000000000,-0.000000000000,1.000000000000
1403715275.412142992020,1,0.000000000000,0.000000000000,0.000000000000,-0.000000000000,-0.000000000000,-0.000000000000,1.000000000000
1403715275.462142944336,1,0.000000000000,0.000000000000,0.000000000000,-0.000000000000,-0.000000000000,-0.000000000000,1.000000000000
1403715275.512143135071,1,0.000000000000,0.000000000000,0.000000000000,-0.000000000000,-0.000000000000,-0.000000000000,1.000000000000
1403715275.562143087387,1,0.000000000000,0.000000000000,0.000000000000,-0.000000000000,-0.000000000000,-0.000000000000,1.000000000000
1403715275.612143039703,1,0.000000000000,0.000000000000,0.000000000000,-0.000000000000,-0.000000000000,-0.000000000000,1.000000000000
1403715275.662142992020,1,0.000000000000,0.000000000000,0.000000000000,-0.000000000000,-0.000000000000,-0.000000000000,1.000000000000
1403715275.712143182755,1,0.000000000000,0.000000000000,0.000000000000,-0.000000000000,-0.000000000000,-0.000000000000,1.000000000000
1403715275.762142896652,1,0.000000000000,0.000000000000,0.000000000000,-0.000000000000,-0.000000000000,-0.000000000000,1.000000000000
1403715275.812143087387,1,0.000000000000,0.000000000000,0.000000000000,-0.000000000000,-0.000000000000,-0.000000000000,1.000000000000
1403715275.862143039703,1,0.000000000000,0.000000000000,0.000000000000,-0.000000000000,-0.000000000000,-0.000000000000,1.000000000000
1403715275.912142992020,1,0.000000000000,0.000000000000,0.000000000000,-0.000000000000,-0.000000000000,-0.000000000000,1.000000000000
1403715275.962142944336,1,0.000000000000,0.000000000000,0.000000000000,-0.000000000000,-0.000000000000,-0.000000000000,1.000000000000
1403715276.012143135071,1,0.000000000000,0.000000000000,0.000000000000,-0.000000000000,-0.000000000000,-0.000000000000,1.000000000000
1403715276.062143087387,1,0.000000000000,0.000000000000,0.000000000000,-0.000000000000,-0.000000000000,-0.000000000000,1.000000000000
1403715276.112143039703,1,0.000000000000,0.000000000000,0.000000000000,-0.000000000000,-0.000000000000,-0.000000000000,1.000000000000
1403715276.162142992020,1,0.000000000000,0.000000000000,0.000000000000,-0.000000000000,-0.000000000000,-0.000000000000,1.000000000000
1403715276.212143182755,1,0.000000000000,0.000000000000,0.000000000000,-0.000000000000,-0.000000000000,-0.000000000000,1.000000000000
1403715276.262142896652,1,0.000000000000,0.000000000000,0.000000000000,-0.000000000000,-0.000000000000,-0.000000000000,1.000000000000
1403715276.312143087387,1,0.000000000000,0.000000000000,0.000000000000,-0.000000000000,-0.000000000000,-0.000000000000,1.000000000000
1403715276.362143039703,1,0.000000000000,0.000000000000,0.000000000000,-0.000000000000,-0.000000000000,-0.000000000000,1.000000000000
1403715276.412142992020,1,0.000000000000,0.000000000000,0.000000000000,-0.000000000000,-0.000000000000,-0.000000000000,1.000000000000
1403715276.462142944336,1,0.000000000000,0.000000000000,0.000000000000,-0.000000000000,-0.000000000000,-0.000000000000,1.000000000000
1403715276.512143135071,1,0.000000000000,0.000000000000,0.000000000000,-0.000000000000,-0.000000000000,-0.000000000000,1.000000000000
1403715276.562143087387,1,0.000000000000,0.000000000000,0.000000000000,-0.000000000000,-0.000000000000,-0.000000000000,1.000000000000
1403715276.612143039703,1,0.000000000000,0.000000000000,0.000000000000,-0.000000000000,-0.000000000000,-0.000000000000,1.000000000000
1403715276.662142992020,1,0.000000000000,0.000000000000,0.000000000000,-0.000000000000,-0.000000000000,-0.000000000000,1.000000000000
1403715276.712143182755,1,0.000000000000,0.000000000000,0.000000000000,-0.000000000000,-0.000000000000,-0.000000000000,1.000000000000
1403715276.762142896652,1,0.000000000000,0.000000000000,0.000000000000,-0.000000000000,-0.000000000000,-0.000000000000,1.000000000000
1403715276.812143087387,1,0.000000000000,0.000000000000,0.000000000000,-0.000000000000,-0.000000000000,-0.000000000000,1.000000000000
1403715276.862143039703,1,0.000000000000,0.000000000000,0.000000000000,-0.000000000000,-0.000000000000,-0.000000000000,1.000000000000
1403715276.912142992020,1,0.000000000000,0.000000000000,0.000000000000,-0.000000000000,-0.000000000000,-0.000000000000,1.000000000000
1403715276.962142944336,1,0.000000000000,0.000000000000,0.000000000000,-0.000000000000,-0.000000000000,-0.000000000000,1.000000000000
1403715277.012143135071,1,0.000000000000,0.000000000000,0.000000000000,-0.000000000000,-0.000000000000,-0.000000000000,1.000000000000
1403715277.062143087387,1,0.000000000000,0.000000000000,0.000000000000,-0.000000000000,-0.000000000000,-0.000000000000,1.000000000000
1403715277.112143039703,1,0.000000000000,0.000000000000,0.000000000000,-0.000000000000,-0.000000000000,-0.000000000000,1.000000000000
1403715277.162142992020,1,0.000000000000,0.000000000000,0.000000000000,-0.000000000000,-0.000000000000,-0.000000000000,1.000000000000
1403715277.212143182755,1,0.000000000000,0.000000000000,0.000000000000,-0.000000000000,-0.000000000000,-0.000000000000,1.000000000000
1403715277.262142896652,1,0.000000000000,0.000000000000,0.000000000000,-0.000000000000,-0.000000000000,-0.000000000000,1.000000000000
1403715277.312143087387,1,0.000000000000,0.000000000000,0.000000000000,-0.000000000000,-0.000000000000,-0.000000000000,1.000000000000
1403715277.362143039703,1,0.000000000000,0.000000000000,0.000000000000,-0.000000000000,-0.000000000000,-0.000000000000,1.000000000000
1403715277.412142992020,1,0.000000000000,0.000000000000,0.000000000000,-0.000000000000,-0.000000000000,-0.000000000000,1.000000000000
1403715277.462142944336,1,0.000000000000,0.000000000000,0.000000000000,-0.000000000000,-0.000000000000,-0.000000000000,1.000000000000
1403715277.512143135071,1,0.000000000000,0.000000000000,0.000000000000,-0.000000000000,-0.000000000000,-0.000000000000,1.000000000000
1403715277.562143087387,1,0.000000000000,0.000000000000,0.000000000000,-0.000000000000,-0.000000000000,-0.000000000000,1.000000000000
1403715277.612143039703,1,0.000000000000,0.000000000000,0.000000000000,-0.000000000000,-0.000000000000,-0.000000000000,1.000000000000
1403715277.662142992020,1,0.000000000000,0.000000000000,0.000000000000,-0.000000000000,-0.000000000000,-0.000000000000,1.000000000000
1403715277.712143182755,1,0.000000000000,0.000000000000,0.000000000000,-0.000000000000,-0.000000000000,-0.000000000000,1.000000000000
1403715277.762142896652,1,0.000000000000,0.000000000000,0.000000000000,-0.000000000000,-0.000000000000,-0.000000000000,1.000000000000
1403715277.812143087387,1,0.000000000000,0.000000000000,0.000000000000,-0.000000000000,-0.000000000000,-0.000000000000,1.000000000000
1403715277.862143039703,1,0.000000000000,0.000000000000,0.000000000000,-0.000000000000,-0.000000000000,-0.000000000000,1.000000000000
1403715277.912142992020,1,0.000000000000,0.000000000000,0.000000000000,-0.000000000000,-0.000000000000,-0.000000000000,1.000000000000
1403715277.962142944336,1,0.000000000000,0.000000000000,0.000000000000,-0.000000000000,-0.000000000000,-0.000000000000,1.000000000000
1403715278.012143135071,1,0.000000000000,0.000000000000,0.000000000000,-0.000000000000,-0.000000000000,-0.000000000000,1.000000000000
1403715278.062143087387,1,0.000000000000,0.000000000000,0.000000000000,-0.000000000000,-0.000000000000,-0.000000000000,1.000000000000
1403715278.112143039703,1,0.000000000000,0.000000000000,0.000000000000,-0.000000000000,-0.000000000000,-0.000000000000,1.000000000000
1403715278.162142992020,1,0.000000000000,0.000000000000,0.000000000000,-0.000000000000,-0.000000000000,-0.000000000000,1.000000000000
1403715278.212143182755,1,0.000000000000,0.000000000000,0.000000000000,-0.000000000000,-0.000000000000,-0.000000000000,1.000000000000
1403715278.262142896652,1,0.000000000000,0.000000000000,0.000000000000,-0.000000000000,-0.000000000000,-0.000000000000,1.000000000000
1403715278.312143087387,1,0.000000000000,0.000000000000,0.000000000000,-0.000000000000,-0.000000000000,-0.000000000000,1.000000000000
1403715278.362143039703,1,0.000000000000,0.000000000000,0.000000000000,-0.000000000000,-0.000000000000,-0.000000000000,1.000000000000
1403715278.412142992020,2,0.000000022352,0.000000003725,0.000000000000,-0.000000000057,-0.000000001326,-0.000000091627,1.000000000000
1403715278.462142944336,2,-0.000122204714,0.000310817442,0.001743189176,0.001943875337,0.000371236412,0.001036945730,0.999997556210
1403715278.512143135071,2,0.000541776419,0.000986800995,0.004523075651,0.005065127742,0.000831304933,0.002167951781,0.999984502792
1403715278.562143087387,2,-0.001536775846,-0.007745178416,0.007902962156,0.009152496234,0.001521672006,0.003505057190,0.999950826168
1403715278.612143039703,2,-0.005744751077,-0.012476521544,0.012842265889,0.014569539577,0.002333701123,0.004753284156,0.999879896641
1403715278.662142992020,2,-0.005179209635,-0.023681227118,0.015437902883,0.016343569383,0.002686422784,0.004353352822,0.999853372574
1403715278.712143182755,2,-0.008189935237,-0.034082554281,0.018830932677,0.019151093438,0.002519422211,0.006753911264,0.999790608883
1403715278.762142896652,2,-0.010221878998,-0.048358403146,0.022486643866,0.023230826482,0.002004044829,0.008564610966,0.999691426754
1403715278.812143087387,2,-0.011951526627,-0.064696013927,0.024836407974,0.026732031256,0.001430168864,0.009793912992,0.999593675137
1403715278.862143039703,2,-0.014327697456,-0.085083521903,0.026678338647,0.030099544674,0.000729874359,0.010874026455,0.999487519264
1403715278.912142992020,2,-0.015920264646,-0.102982968092,0.028768213466,0.031417541206,0.000663594052,0.011256614700,0.999442756176
1403715278.962142944336,2,-0.016516424716,-0.136129409075,0.028627660125,0.029102260247,0.000598227256,0.010813999921,0.999517798424
1403715279.012143135071,2,-0.018294207752,-0.151213258505,0.030930563807,0.029810536653,0.001038037823,0.009819674306,0.999506831169
1403715279.062143087387,2,-0.018949009478,-0.165172979236,0.033882480115,0.028939560056,0.001145451562,0.009854144417,0.999531924725
1403715279.112143039703,2,-0.020580377430,-0.168501615524,0.037865884602,0.029932998121,0.001328914310,0.009466445073,0.999506175518
1403715279.162142992020,2,-0.021732054651,-0.173945307732,0.043859723955,0.028479753062,0.001375166466,0.008465002291,0.999557614326
1403715279.212143182755,2,-0.022266769782,-0.169413477182,0.047896195203,0.028577957302,0.001501368592,0.008062527515,0.999557912350
1403715279.262142896652,2,-0.021966174245,-0.167001649737,0.054438512772,0.027790293097,0.001040863805,0.007666913792,0.999583840370
1403715279.312143087387,2,-0.023628769442,-0.163424894214,0.060910671949,0.026761351153,0.001022361335,0.007497101091,0.999613225460
1403715279.362143039703,2,-0.026221359149,-0.159338444471,0.065809227526,0.026038648561,0.001085019670,0.008119480684,0.999627411366
1403715279.412142992020,2,-0.025878472254,-0.161286056042,0.069660052657,0.025235049427,0.000238890672,0.009045554325,0.999640583992
1403715279.462142944336,2,-0.027879035100,-0.157253488898,0.072972178459,0.024826640263,0.000197900124,0.009201761335,0.999649405479
1403715279.512143135071,2,-0.028755573556,-0.156866148114,0.076247841120,0.024682831019,0.000043677956,0.009581601247,0.999649405479
1403715279.562143087387,2,-0.029870884493,-0.160031646490,0.077433347702,0.024558162317,0.000304899149,0.008804982528,0.999659597874
1403715279.612143039703,2,-0.029348492622,-0.163707137108,0.078956931829,0.023544609547,0.000144146252,0.008766305633,0.999684333801
1403715279.662142992020,2,-0.029787935317,-0.165427088737,0.079802989960,0.023688064888,0.000134961680,0.008543842472,0.999682903290
1403715279.712143182755,2,-0.030606554821,-0.166834652424,0.081068135798,0.024744518101,0.000267739495,0.008517038077,0.999657511711
1403715279.762142896652,2,-0.029246842489,-0.172408208251,0.080625362694,0.024493539706,-0.000052422718,0.008787538856,0.999661386013
1403715279.812143087387,2,-0.029254334047,-0.177667960525,0.080141276121,0.024153171107,-0.000081031721,0.009268265218,0.999665319920
1403715279.862143039703,2,-0.028655931354,-0.183192700148,0.078674837947,0.023744650185,-0.000134610804,0.009387847967,0.999673962593
1403715279.912142992020,2,-0.027716310695,-0.188637822866,0.076714351773,0.023190913722,-0.000108210210,0.009323604405,0.999687552452
1403715279.962142944336,2,-0.027250017971,-0.192307293415,0.074774317443,0.021037081257,0.000082964616,0.008691769093,0.999740958214
1403715280.012143135071,2,-0.022868156433,-0.201243549585,0.072128869593,0.014426070265,-0.000540240726,0.008988658898,0.999855399132
1403715280.062143087387,2,-0.022571967915,-0.208124533296,0.071230560541,0.006728415377,-0.000478371338,0.008749263361,0.999938964844
1403715280.112143039703,2,-0.022197218612,-0.213024944067,0.069850467145,0.000221073919,0.000855562510,0.005620665383,0.999983847141
1403715280.162142992020,2,-0.021785520017,-0.223931565881,0.068641901016,-0.004358263686,0.001886337181,0.002708682790,0.999985039234
1403715280.212143182755,2,-0.021813187748,-0.221931949258,0.069977395236,-0.003341495991,0.003761022817,-0.002663963242,0.999983847141
1403715280.262142896652,2,-0.018695969135,-0.237681418657,0.071330703795,-0.003961207345,0.004941490013,-0.006595134735,0.999958217144
1403715280.312143087387,2,-0.017828440294,-0.246243685484,0.073814585805,-0.001893836539,0.005864584818,-0.010065929033,0.999930381775
1403715280.362143039703,2,-0.018266068771,-0.258414477110,0.076597660780,0.000561980240,0.007208574563,-0.012369740754,0.999897360802
1403715280.412142992020,2,-0.019656253979,-0.268558323383,0.080068171024,0.003516657976,0.009272184223,-0.014348777011,0.999847888947
1403715280.462142944336,2,-0.019951170310,-0.281225413084,0.084346316755,0.004666026682,0.010740659200,-0.011362959631,0.999866902828
1403715280.512143135071,2,-0.023358887061,-0.293561339378,0.090775527060,0.006534632761,0.013772696257,-0.005285103340,0.999869883060
1403715280.562143087387,2,-0.026560865343,-0.306011974812,0.095759697258,0.008086057380,0.017865773290,0.000871791504,0.999807298183
1403715280.612143039703,2,-0.029907522723,-0.314098507166,0.102278448641,0.011147899553,0.024204296991,0.007806505542,0.999614417553
1403715280.662142992020,2,-0.034229427576,-0.327137917280,0.108933538198,0.012154492550,0.032967288047,0.013329340145,0.999293684959
1403715280.712143182755,2,-0.058535695076,0.234651491046,0.285041987896,0.818207740784,-0.003754455829,0.020715786144,-0.574537098408
1403715280.762142896652,2,-0.067447625101,0.248447790742,0.281191796064,0.816676616669,-0.014744994231,0.027406116948,-0.576255917549
1403715280.812143087387,2,-0.070617146790,0.259747773409,0.287666797638,0.816542863846,-0.025701167062,0.033440254629,-0.575742065907
1403715280.862143039703,2,-0.073791071773,0.271263897419,0.294166743755,0.815587103367,-0.036462001503,0.040086183697,-0.576091527939
1403715280.912142992020,2,-0.079428657889,0.283506661654,0.295897364616,0.814787983894,-0.046053733677,0.046927731484,-0.576018691063
1403715280.962142944336,2,-0.083190500736,0.294756203890,0.301360249519,0.813903748989,-0.054356917739,0.052567545325,-0.576058030128
1403715281.012143135071,2,-0.087033078074,0.305434226990,0.306656897068,0.813137531281,-0.061972387135,0.057175714523,-0.575932085514
1403715281.062143087387,2,-0.091037541628,0.315786361694,0.311743766069,0.812803268433,-0.067971751094,0.062051955611,-0.575221896172
1403715281.112143039703,2,-0.095173850656,0.326203942299,0.316894769669,0.812192678452,-0.073300674558,0.065816387534,-0.575011670589
1403715281.162142992020,2,-0.099505640566,0.336646378040,0.321885138750,0.811451852322,-0.077468521893,0.069199763238,-0.575113952160
1403715281.212143182755,2,-0.103664383292,0.347189813852,0.326600879431,0.811028957367,-0.081488803029,0.072268918157,-0.574777185917
1403715281.262142896652,2,-0.107399806380,0.357936382294,0.330951720476,0.810738503933,-0.086302459240,0.074985779822,-0.574136018753
1403715281.312143087387,2,-0.110826298594,0.368410766125,0.334682315588,0.810750365257,-0.091537430882,0.078424669802,-0.572847604752
1403715281.362143039703,2,-0.113728083670,0.378717422485,0.337373793125,0.810698986053,-0.097390472889,0.082213819027,-0.571422040462
1403715281.412142992020,2,-0.114779375494,0.390292823315,0.335804134607,0.810463845730,-0.103367388248,0.086509175599,-0.570069909096
1403715281.462142944336,2,-0.117069132626,0.401699364185,0.337921559811,0.809635698795,-0.110385790467,0.092157863081,-0.569044768810
1403715281.512143135071,2,-0.118962660432,0.413280546665,0.339768797159,0.808641254902,-0.118455842137,0.098358578980,-0.567796826363
1403715281.562143087387,2,-0.120377972722,0.424987077713,0.340815395117,0.807563424110,-0.127299889922,0.105570621789,-0.566119134426
1403715281.612143039703,2,-0.121522679925,0.436810255051,0.341103881598,0.805942416191,-0.137292310596,0.113065287471,-0.564644992352
1403715281.662142992020,2,-0.122474864125,0.448765814304,0.340532541275,0.804010450840,-0.148490726948,0.120692774653,-0.562984049320
1403715281.712143182755,2,-0.123317360878,0.460852682590,0.339433908463,0.801958203316,-0.159984767437,0.129154905677,-0.560880482197
1403715281.762142896652,2,-0.124166950583,0.473216116428,0.338160187006,0.799735426903,-0.172226577997,0.137377545238,-0.558470010757
1403715281.812143087387,2,-0.124761924148,0.485480368137,0.336378216743,0.797325015068,-0.184716299176,0.145777136087,-0.555789291859
1403715281.862143039703,2,-0.127037405968,0.497136324644,0.329086720943,0.793794274330,-0.197226524353,0.154769629240,-0.554110765457
1403715281.912142992020,2,-0.127517014742,0.509739637375,0.326287329197,0.790802896023,-0.209481135011,0.163697123528,-0.551318228245
1403715281.962142944336,2,-0.128005117178,0.522545754910,0.322951912880,0.787468075752,-0.221871048212,0.171799778938,-0.548773407936
1403715282.012143135071,2,-0.128487467766,0.535562038422,0.319148153067,0.784016788006,-0.234177887440,0.179554119706,-0.546112418175
1403715282.062143087387,2,-0.128639698029,0.549016833305,0.314602911472,0.780384540558,-0.246066346765,0.187142029405,-0.543533980846
1403715282.112143039703,2,-0.128690451384,0.562837839127,0.309489935637,0.776807129383,-0.256497085094,0.195858016610,-0.540758311749
1403715282.162142992020,2,-0.128854244947,0.577015161514,0.304206639528,0.773162484169,-0.267596960068,0.202888056636,-0.538003861904
1403715282.212143182755,2,-0.132242888212,0.592570006847,0.299529820681,0.769199550152,-0.277710109949,0.211300343275,-0.535314321518
1403715282.262142896652,2,-0.132113188505,0.606919109821,0.293929964304,0.765479445457,-0.288306981325,0.218689322472,-0.532067060471
1403715282.312143087387,2,-0.131803601980,0.621732592583,0.288317263126,0.761657238007,-0.298673301935,0.225835666060,-0.528838932514
1403715282.362143039703,2,-0.131352066994,0.636752367020,0.282597869635,0.757600784302,-0.308879017830,0.233231008053,-0.525583624840
1403715282.412142992020,2,-0.130749464035,0.652136385441,0.276608228683,0.754260420799,-0.318039596081,0.241486623883,-0.521177828312
1403715282.462142944336,2,-0.130285084248,0.668160557747,0.270771116018,0.749878585339,-0.328604102135,0.247924640775,-0.517913997173
1403715282.512143135071,2,-0.129543036222,0.684970200062,0.264706760645,0.745198905468,-0.338163137436,0.255277335644,-0.514934778214
1403715282.562143087387,2,-0.132674753666,0.707803487778,0.261287182570,0.740679740906,-0.347826838493,0.263030856848,-0.511101603508
1403715282.612143039703,2,-0.132036924362,0.725452661514,0.255133569241,0.735261559486,-0.356604427099,0.270373165607,-0.509040355682
1403715282.662142992020,2,-0.131415486336,0.743435978889,0.248984128237,0.729537963867,-0.365721255541,0.276769489050,-0.507366716862
1403715282.712143182755,2,-0.130923449993,0.761651337147,0.242660135031,0.723563313484,-0.375189661980,0.282709419727,-0.505731463432
1403715282.762142896652,2,-0.130666911602,0.780049383640,0.236102163792,0.717553615570,-0.384777247906,0.287539631128,-0.504365324974
1403715282.812143087387,2,-0.130032062531,0.798515677452,0.229155421257,0.712030887604,-0.394560933113,0.292095512152,-0.502009928226
1403715282.862143039703,2,-0.129123330116,0.817227602005,0.222049057484,0.706393003464,-0.403121352196,0.298272341490,-0.499535501003
1403715282.912142992020,2,-0.128160834312,0.836621880531,0.214950323105,0.700474500656,-0.411245405674,0.304950982332,-0.497209817171
1403715282.962142944336,2,-0.126022517681,0.863046944141,0.206209421158,0.695031762123,-0.420187354088,0.311270236969,-0.493441253901
1403715283.012143135071,2,-0.125508248806,0.881090104580,0.199092090130,0.688808321953,-0.428939193487,0.316964358091,-0.491007089615
1403715283.062143087387,2,-0.125085771084,0.898972213268,0.192080795765,0.682212889194,-0.437932997942,0.322161406279,-0.488888919353
1403715283.112143039703,2,-0.124974131584,0.916642308235,0.185140609741,0.675730228424,-0.447085738182,0.326647996902,-0.486625343561
1403715283.162142992020,2,-0.124915122986,0.933933913708,0.178546011448,0.668820381165,-0.456215262413,0.330698072910,-0.484959483147
1403715283.212143182755,2,-0.125042557716,0.951503038406,0.172058463097,0.661903440952,-0.465001910925,0.334999799728,-0.483148217201
1403715283.262142896652,2,-0.125388622284,0.968251287937,0.165681838989,0.655496895313,-0.473096758127,0.339865744114,-0.480618923903
1403715283.312143087387,2,-0.128435313702,0.987740159035,0.165044903755,0.649282217026,-0.481672883034,0.344559729099,-0.477181881666
1403715283.362143039703,2,-0.129393517971,1.002721071243,0.158890128136,0.643032908440,-0.488765597343,0.350020170212,-0.474449992180
1403715283.412142992020,2,-0.130700886250,1.016619682312,0.152415752411,0.638153672218,-0.496500670910,0.353965729475,-0.470058798790
1403715283.462142944336,2,-0.132169783115,1.029611706734,0.145926058292,0.633765518665,-0.504076063633,0.357447922230,-0.465273797512
1403715283.512143135071,2,-0.133468091488,1.042119622231,0.139839857817,0.630198001862,-0.510664403439,0.361872106791,-0.459479093552
1403715283.562143087387,2,-0.134676754475,1.054222822189,0.134347081184,0.626910150051,-0.516824066639,0.366404592991,-0.453458219767
1403715283.612143039703,2,-0.135957717896,1.066047430038,0.129192531109,0.624139904976,-0.522717893124,0.370094478130,-0.447488009930
1403715283.662142992020,2,-0.128202199936,1.087329030037,0.122266441584,0.622308194637,-0.527736008167,0.373350471258,-0.441403061152
1403715283.712143182755,2,-0.128878116608,1.099234580994,0.112312227488,0.622248411179,-0.531509220600,0.375906825066,-0.434740096331
1403715283.762142896652,2,-0.129712581635,1.110850572586,0.109411656857,0.620166122913,-0.534567952156,0.377723544836,-0.432384222746
1403715283.812143087387,2,-0.130627989769,1.122462272644,0.105536848307,0.617394328117,-0.536702811718,0.379450976849,-0.432193517685
1403715283.862143039703,2,-0.130956172943,1.134296894073,0.101594567299,0.615461587906,-0.537649035454,0.381816059351,-0.431690901518
1403715283.912142992020,2,-0.131026029587,1.146103501320,0.097806453705,0.613280773163,-0.538629889488,0.382926583290,-0.432587355375
1403715283.962142944336,2,-0.130413413048,1.158397316933,0.093527257442,0.611903786659,-0.539335787296,0.383869796991,-0.432821840048
1403715284.012143135071,2,-0.129827260971,1.170456290245,0.088441789150,0.612100780010,-0.540783941746,0.382793813944,-0.431687682867
1403715284.062143087387,2,-0.128968000412,1.182578086853,0.083234250546,0.612959682941,-0.541812062263,0.381503611803,-0.430319786072
1403715284.112143039703,2,-0.127603888512,1.194975614548,0.077935636044,0.613626658916,-0.543166935444,0.379322707653,-0.429588437080
1403715284.162142992020,2,-0.126375317574,1.206761360168,0.072875440121,0.614192903042,-0.544306278229,0.376717716455,-0.429629623890
1403715284.212143182755,2,-0.118568539619,1.223954677582,0.068581283092,0.613978207111,-0.546857118607,0.372644186020,-0.430249214172
1403715284.262142896652,2,-0.116911053658,1.234886884689,0.065091907978,0.613627672195,-0.548290848732,0.368997573853,-0.432063698769
1403715284.312143087387,2,-0.114361166954,1.245205640793,0.061869561672,0.613067388535,-0.549695909023,0.365030139685,-0.434437304735
1403715284.362143039703,2,-0.110689759254,1.254430294037,0.058905541897,0.612623035908,-0.549989640713,0.362625271082,-0.436700522900
1403715284.412142992020,2,-0.105809450150,1.262292027473,0.055591583252,0.613892793655,-0.547715544701,0.363897234201,-0.436717599630
1403715284.462142944336,2,-0.099412679672,1.267962574959,0.049414098263,0.615493774414,-0.544739067554,0.365785747766,-0.436609208584
1403715284.512143135071,2,-0.092816472054,1.274026155472,0.046242833138,0.617903292179,-0.540895760059,0.368831396103,-0.435420304537
1403715284.562143087387,2,-0.085199952126,1.279707431793,0.043300569057,0.619643151760,-0.537193000317,0.371503144503,-0.435260325670
1403715284.612143039703,2,-0.077049136162,1.285041451454,0.040328264236,0.621216714382,-0.533421337605,0.374145656824,-0.435392379761
1403715284.662142992020,2,-0.068634986877,1.290210485458,0.037208318710,0.623112797737,-0.530080735683,0.376241475344,-0.434956520796
1403715284.712143182755,2,-0.059893965721,1.295374274254,0.034270465374,0.624347984791,-0.527557492256,0.377404421568,-0.435245573521
1403715284.762142896652,2,-0.051162242889,1.300408482552,0.031493604183,0.625021100044,-0.525569021702,0.379067361355,-0.435239911079
1403715284.812143087387,2,-0.041287064552,1.302883028984,0.025707662106,0.624289989471,-0.524720728397,0.381511151791,-0.435177475214
1403715284.862143039703,2,-0.032366871834,1.307833671570,0.023614346981,0.621802866459,-0.525287568569,0.384448438883,-0.435469418764
1403715284.912142992020,2,-0.023446679115,1.312981367111,0.022109270096,0.617308557034,-0.528126537800,0.386632114649,-0.436495304108
1403715284.962142944336,2,-0.014562606812,1.317913532257,0.021126389503,0.611021518707,-0.531792223454,0.390675336123,-0.437290132046
1403715285.012143135071,2,-0.006719470024,1.326494693756,0.020697951317,0.602346420288,-0.537331640720,0.394732862711,-0.438907086849
1403715285.062143087387,2,0.001421689987,1.331147909164,0.020777225494,0.593865454197,-0.543232560158,0.399346739054,-0.439026832581
1403715285.112143039703,2,0.009053111076,1.334998607635,0.021142542362,0.586287379265,-0.549451768398,0.405239462852,-0.436062902212
1403715285.162142992020,2,0.015719532967,1.337774991989,0.022241950035,0.579758465290,-0.556780695915,0.409448593855,-0.431540548801
1403715285.212143182755,2,0.020282864571,1.340802073479,0.023297607899,0.573532879353,-0.565527021885,0.411882102489,-0.426136553288
1403715285.262142896652,2,0.023864507675,1.343780398369,0.025460898876,0.568189978600,-0.573868095875,0.412867516279,-0.421160429716
1403715285.312143087387,2,0.026017189026,1.346634745598,0.029700875282,0.563812077045,-0.582443118095,0.411497652531,-0.416588068008
1403715285.362143039703,2,0.027546644211,1.349202871323,0.037028372288,0.560449957848,-0.590226948261,0.409643054008,-0.411971628666
1403715285.412142992020,2,0.028662204742,1.351438760757,0.047894835472,0.558633208275,-0.596685647964,0.407512813807,-0.407220602036
1403715285.462142944336,2,0.029649615288,1.352953672409,0.062403917313,0.557218968868,-0.601341843605,0.406317472458,-0.403486162424
1403715285.512143135071,2,0.027740240097,1.355105042458,0.077782273293,0.555808842182,-0.605074465275,0.405297845602,-0.400867968798
1403715285.562143087387,2,0.029556155205,1.354945182800,0.097116917372,0.553689658642,-0.608237206936,0.404326140881,-0.399994730949
1403715285.612143039703,2,0.031827449799,1.353937983513,0.117047876120,0.551651418209,-0.610611319542,0.403786748648,-0.399738401175
1403715285.662142992020,2,0.034555435181,1.351653337479,0.136738628149,0.550622999668,-0.612088322639,0.403894931078,-0.398787170649
1403715285.712143182755,2,0.038190722466,1.347949028015,0.156060308218,0.549355506897,-0.613687932491,0.403593629599,-0.398381561041
1403715285.762142896652,2,0.042267680168,1.342627167702,0.175126284361,0.548537254333,-0.613394498825,0.405813097954,-0.397705763578
1403715285.812143087387,2,0.046752214432,1.335939645767,0.193731397390,0.547993600368,-0.613203823566,0.407573580742,-0.396948277950
1403715285.862143039703,2,0.051679491997,1.327916145325,0.211061209440,0.549261450768,-0.611879408360,0.410544782877,-0.394168049097
1403715285.912142992020,2,0.056868791580,1.318898677826,0.227766513824,0.551317989826,-0.609721243382,0.414245963097,-0.390754163265
1403715285.962142944336,2,0.062657594681,1.309023618698,0.243779242039,0.553943932056,-0.608317136765,0.416624337435,-0.386678844690
1403715286.012143135071,2,0.066901683807,1.299519419670,0.262782722712,0.556559264660,-0.606611549854,0.418954789639,-0.383068025112
1403715286.062143087387,2,0.073819160461,1.289787173271,0.277142226696,0.558366656303,-0.605155110359,0.421410053968,-0.380036413670
1403715286.112143039703,2,0.081271409988,1.280311465263,0.290862917900,0.558931648731,-0.605004429817,0.422000437975,-0.378788560629
1403715286.162142992020,2,0.089408636093,1.271055221558,0.304315149784,0.558282375336,-0.606081068516,0.420975029469,-0.379165679216
1403715286.212143182755,2,0.098069667816,1.261811256409,0.317165136337,0.557198286057,-0.607964634895,0.418906688690,-0.380034536123
1403715286.262142896652,2,0.107495188713,1.252382159233,0.329320698977,0.556670725346,-0.609053492546,0.417518705130,-0.380591422319
1403715286.312143087387,2,0.117905497551,1.242755055428,0.341037243605,0.557000696659,-0.608709931374,0.418042540550,-0.380082756281
1403715286.362143039703,2,0.128840088844,1.233145356178,0.352310359478,0.557163357735,-0.607866764069,0.419251620770,-0.379862099886
1403715286.412142992020,2,0.140393853188,1.223907113075,0.362744152546,0.557591259480,-0.607213199139,0.420175999403,-0.379257559776
1403715286.462142944336,2,0.152568221092,1.214804887772,0.372575581074,0.557969212532,-0.606047093868,0.421901136637,-0.378651201725
1403715286.512143135071,2,0.167261600494,1.206707715988,0.381682693958,0.558350980282,-0.605287075043,0.423495471478,-0.377522855997
1403715286.562143087387,2,0.180785536766,1.197350263596,0.390874683857,0.557910442352,-0.604421854019,0.425361037254,-0.377462714911
1403715286.612143039703,2,0.194949388504,1.188140511513,0.399964600801,0.555948734283,-0.604693114758,0.427044063807,-0.378021955490
1403715286.662142992020,2,0.209758758545,1.178997755051,0.409239649773,0.552109420300,-0.605368256569,0.430554181337,-0.378586411476
1403715286.712143182755,2,0.224951028824,1.170061826706,0.418020576239,0.546687066555,-0.606051504612,0.435560613871,-0.379633754492
1403715286.762142896652,2,0.240095973015,1.161163091660,0.425886958838,0.541360974312,-0.608056247234,0.440203994513,-0.378703474998
1403715286.812143087387,2,0.254622578621,1.152486443520,0.432524859905,0.537725269794,-0.611622393131,0.442880630493,-0.375001996756
1403715286.862143039703,2,0.268619298935,1.144549369812,0.438119769096,0.535196483135,-0.616297721863,0.443305253983,-0.370435446501
1403715286.912142992020,2,0.282674431801,1.137273430824,0.443735122681,0.534020245075,-0.620452761650,0.443440169096,-0.364995360374
1403715286.962142944336,2,0.296810507774,1.130533337593,0.449608743191,0.532736063004,-0.624005258083,0.443832010031,-0.360309600830
1403715287.012143135071,2,0.315667510033,1.126445293427,0.456390023232,0.531478583813,-0.626881539822,0.445156246424,-0.355508118868
1403715287.062143087387,2,0.330070853233,1.120330333710,0.462914288044,0.529465854168,-0.629319310188,0.446090310812,-0.353024899960
1403715287.112143039703,2,0.344995737076,1.114937663078,0.469548523426,0.528058946133,-0.630269527435,0.448298364878,-0.350631833076
1403715287.162142992020,2,0.360707402229,1.110414743423,0.476588428020,0.525541663170,-0.630536675453,0.451098978519,-0.350341498852
1403715287.212143182755,2,0.377077937126,1.106614470482,0.484024465084,0.522585570812,-0.629700422287,0.454866647720,-0.351394414902
1403715287.262142896652,2,0.393734812737,1.103679418564,0.491279304028,0.520026862621,-0.629161000252,0.457971364260,-0.352123349905
1403715287.312143087387,2,0.410543441772,1.101531982422,0.498658925295,0.517270684242,-0.628715991974,0.460226655006,-0.354032248259
1403715287.362143039703,2,0.427371382713,1.100074648857,0.505369603634,0.515354156494,-0.628765940666,0.461512237787,-0.355063349009
1403715287.412142992020,2,0.443929791451,1.099286675453,0.512220740318,0.513465344906,-0.629660844803,0.460926681757,-0.356969624758
1403715287.462142944336,2,0.460248947144,1.099043011665,0.519403457642,0.510655701160,-0.631797552109,0.459106326103,-0.359560906887
1403715287.512143135071,2,0.474267601967,1.105730652809,0.522723674774,0.507335305214,-0.634838998318,0.457825005054,-0.360536783934
1403715287.562143087387,2,0.488569140434,1.105641961098,0.530020117760,0.502819180489,-0.638586699963,0.456950634718,-0.361353039742
1403715287.612143039703,2,0.502203226089,1.105041384697,0.537614822388,0.497214704752,-0.643903851509,0.455820590258,-0.361099690199
1403715287.662142992020,2,0.515442252159,1.103513836861,0.545670032501,0.490733474493,-0.649550974369,0.455799996853,-0.359875887632
1403715287.712143182755,2,0.528316259384,1.100663304329,0.554128527641,0.483819335699,-0.655203044415,0.457137733698,-0.357285648584
1403715287.762142896652,2,0.540942549706,1.096554994583,0.562984049320,0.476629525423,-0.660462141037,0.459976732731,-0.353603661060
1403715287.812143087387,2,0.553245306015,1.090916275978,0.572015464306,0.469350993633,-0.664906203747,0.465005189180,-0.348395735025
1403715287.862143039703,2,0.565433502197,1.084142684937,0.581439256668,0.461344838142,-0.669450640678,0.470605522394,-0.342822372913
1403715287.912142992020,2,0.577573180199,1.075936675072,0.590860784054,0.452856242657,-0.673802077770,0.477513134480,-0.335995972157
1403715287.962142944336,2,0.603479623795,1.063060402870,0.599049746990,0.444002360106,-0.678894817829,0.484101533890,-0.328038811684
1403715288.012143135071,2,0.613737106323,1.053648591042,0.607311666012,0.434284299612,-0.683983385563,0.490772426128,-0.320478320122
1403715288.062143087387,2,0.623207569122,1.044257164001,0.615494728088,0.424073249102,-0.688963294029,0.497012466192,-0.313799560070
1403715288.112143039703,2,0.631995081902,1.035064935684,0.623059689999,0.414687216282,-0.694006979465,0.501512110233,-0.308017015457
1403715288.162142992020,2,0.639993667603,1.026093363762,0.628854513168,0.407041251659,-0.698317170143,0.505156219006,-0.302469491959
1403715288.212143182755,2,0.647102355957,1.017430543900,0.631589949131,0.400986611843,-0.702160835266,0.507750570774,-0.297269731760
1403715288.262142896652,2,0.653511047363,1.009155511856,0.631788551807,0.395833700895,-0.705749511719,0.509423375130,-0.292781710625
1403715288.312143087387,2,0.659706592560,1.000972509384,0.629068851471,0.392356306314,-0.707777321339,0.511895596981,-0.288220077753
1403715288.362143039703,2,0.665630936623,0.993098974228,0.623524069786,0.389254152775,-0.709977269173,0.512947499752,-0.285128712654
1403715288.412142992020,2,0.671403646469,0.985782623291,0.615941047668,0.386378228664,-0.711911976337,0.513282239437,-0.283609926701
1403715288.462142944336,2,0.687274098396,0.977510213852,0.619072735310,0.384393721819,-0.713997125626,0.512719511986,-0.282078683376
1403715288.512143135071,2,0.691470623016,0.969710946083,0.612911701202,0.382786959410,-0.714461803436,0.513475418091,-0.281711906195
1403715288.562143087387,2,0.695068359375,0.962147593498,0.610068261623,0.381618946791,-0.715391576290,0.512917995453,-0.281952321529
1403715288.612143039703,2,0.698032021523,0.954498648643,0.610870957375,0.380371123552,-0.715838789940,0.512549340725,-0.283171057701
1403715288.662142992020,2,0.700974225998,0.946402788162,0.615710377693,0.379937320948,-0.716527700424,0.511651515961,-0.283634305000
1403715288.712143182755,2,0.703439593315,0.937938213348,0.623147785664,0.380248159170,-0.716120183468,0.511936664581,-0.283732473850
1403715288.762142896652,2,0.705304026604,0.929325640202,0.630941450596,0.382440119982,-0.715492308140,0.512409567833,-0.281508028507
1403715288.812143087387,2,0.706489920616,0.920616269112,0.637937128544,0.384017229080,-0.715062439442,0.512627184391,-0.280053347349
1403715288.862143039703,2,0.706865549088,0.911934375763,0.641863465309,0.385618567467,-0.714655637741,0.513485789299,-0.277305036783
1403715288.912142992020,2,0.707027792931,0.902927756310,0.642720460892,0.386461794376,-0.714508771896,0.515088081360,-0.273511886597
1403715288.962142944336,2,0.701597571373,0.893893241882,0.653332710266,0.386411815882,-0.715415179729,0.516065895557,-0.269338369370
1403715289.012143135071,2,0.702097177505,0.884027123451,0.647531449795,0.384546279907,-0.717380702496,0.516536056995,-0.265856593847
1403715289.062143087387,2,0.702542424202,0.874294281006,0.638490915298,0.381549268961,-0.719824552536,0.517105937004,-0.262439280748
1403715289.112143039703,2,0.702848911285,0.864748954773,0.626384794712,0.378172725439,-0.722346782684,0.518271982670,-0.258059471846
1403715289.162142992020,2,0.703045010567,0.855698406696,0.612617254257,0.375295162201,-0.724439561367,0.519763052464,-0.253351897001
1403715289.212143182755,2,0.703481912613,0.847025156021,0.598521828651,0.372524052858,-0.726003587246,0.521652162075,-0.249045774341
1403715289.262142896652,2,0.703610062599,0.839212775230,0.584403097630,0.369243741035,-0.728270590305,0.522558093071,-0.245385751128
1403715289.312143087387,2,0.703489542007,0.831835091114,0.569736003876,0.365723639727,-0.730491936207,0.524181306362,-0.240544795990
1403715289.362143039703,2,0.703548550606,0.824775815010,0.554968118668,0.361093580723,-0.732847511768,0.526312410831,-0.235671803355
1403715289.412142992020,2,0.696192026138,0.824383974075,0.541711509228,0.355325520039,-0.736154377460,0.527770698071,-0.230821833014
1403715289.462142944336,2,0.697695612907,0.817558586597,0.525284826756,0.348862439394,-0.740079760551,0.528623223305,-0.226129204035
1403715289.512143135071,2,0.699687361717,0.810984611511,0.507967710495,0.342218011618,-0.744326531887,0.529263675213,-0.220782563090
1403715289.562143087387,2,0.702447414398,0.804538846016,0.490077018738,0.334872990847,-0.748229742050,0.530496537685,-0.215837642550
1403715289.612143039703,2,0.706039667130,0.798376262188,0.471627861261,0.327992349863,-0.752306878567,0.530989289284,-0.210963785648
1403715289.662142992020,2,0.710332989693,0.792540431023,0.452493458986,0.322560966015,-0.756264269352,0.530601322651,-0.206109479070
1403715289.712143182755,2,0.715707540512,0.786850631237,0.433263719082,0.317255556583,-0.759601116180,0.530107855797,-0.203324213624
1403715289.762142896652,2,0.721832871437,0.781563520432,0.415275096893,0.313954353333,-0.761147320271,0.530940353870,-0.200473785400
1403715289.812143087387,2,0.728643655777,0.776516556740,0.399660110474,0.311458736658,-0.762340605259,0.531187772751,-0.199172690511
1403715289.862143039703,2,0.739538073540,0.771779775620,0.386293977499,0.309467643499,-0.762755632401,0.531888008118,-0.198818594217
1403715289.912142992020,2,0.747908830643,0.767465174198,0.376532822847,0.307823926210,-0.762960672379,0.531917095184,-0.200498804450
1403715289.962142944336,2,0.756742596626,0.763356924057,0.369161903858,0.308269053698,-0.763219296932,0.531050443649,-0.201126843691
1403715290.012143135071,2,0.766580700874,0.758939146996,0.364372432232,0.309154510498,-0.763244032860,0.530084133148,-0.202220037580
1403715290.062143087387,2,0.777279853821,0.754173159599,0.362774610519,0.310896843672,-0.762191474438,0.530038058758,-0.203634589911
1403715290.112143039703,2,0.788927197456,0.749297261238,0.364031076431,0.313210308552,-0.759888887405,0.531367480755,-0.205224007368
1403715290.162142992020,2,0.801589846611,0.743736386299,0.367826819420,0.316356778145,-0.758274674416,0.531201779842,-0.206790909171
1403715290.212143182755,2,0.814855456352,0.737743258476,0.374164789915,0.320402920246,-0.757739782333,0.529486060143,-0.206922635436
1403715290.262142896652,2,0.828282594681,0.731960475445,0.382505893707,0.323698967695,-0.758064091206,0.526615202427,-0.207928344607
1403715290.312143087387,2,0.843148350716,0.725925981998,0.390245199203,0.326419949532,-0.758322238922,0.524011194706,-0.209307923913
1403715290.362143039703,2,0.858082532883,0.716675341129,0.396856069565,0.328757554293,-0.759121775627,0.520804107189,-0.210750550032
1403715290.412142992020,2,0.875170230865,0.710305869579,0.403894633055,0.329648375511,-0.760758101940,0.516862988472,-0.213147208095
1403715290.462142944336,2,0.892893075943,0.703935265541,0.410045802593,0.330691456795,-0.762201249599,0.513433516026,-0.214658975601
1403715290.512143135071,2,0.911541938782,0.696875870228,0.416035771370,0.330883383751,-0.761759757996,0.513026177883,-0.216892465949
1403715290.562143087387,2,0.930929541588,0.689084887505,0.420944690704,0.331213146448,-0.760444879532,0.514297306538,-0.217990309000
1403715290.612143039703,2,0.950907230377,0.681379675865,0.425412148237,0.329833388329,-0.758971035480,0.516251564026,-0.220583841205
1403715290.662142992020,2,0.968352556229,0.677157282829,0.424523353577,0.328459471464,-0.758427381516,0.517144739628,-0.222404390574
1403715290.712143182755,2,0.989637494087,0.667653679848,0.427566647530,0.327766031027,-0.756468415260,0.520315051079,-0.222704604268
1403715290.762142896652,2,1.011227250099,0.657880663872,0.430296748877,0.326975166798,-0.754412174225,0.523733794689,-0.222828209400
1403715290.812143087387,2,1.032997965813,0.648260295391,0.433073282242,0.325294256210,-0.753215134144,0.525959014893,-0.224093198776
1403715290.862143039703,2,1.054776191711,0.639095544815,0.435504972935,0.323425680399,-0.753472387791,0.526096463203,-0.225605443120
1403715290.912142992020,2,1.076446413994,0.630328059196,0.436881005764,0.322098523378,-0.754283189774,0.525693535805,-0.225733935833
1403715290.962142944336,2,1.098829746246,0.630219221115,0.435319304466,0.318807423115,-0.754639804363,0.526554405689,-0.227202981710
1403715291.012143135071,2,1.120645284653,0.622092425823,0.436562359333,0.314200580120,-0.755312085152,0.527117490768,-0.230062633753
1403715291.062143087387,2,1.142303586006,0.613935709000,0.437856793404,0.308972507715,-0.756391108036,0.527061402798,-0.233697950840
1403715291.112143039703,2,1.163369894028,0.605192422867,0.438711553812,0.303525775671,-0.758189499378,0.526400268078,-0.236481860280
1403715291.162142992020,2,1.183673262596,0.595990240574,0.439516097307,0.298074603081,-0.759586453438,0.526247262955,-0.239256903529
1403715291.212143182755,2,1.202786087990,0.586265325546,0.440003156662,0.292912125587,-0.760966956615,0.526536643505,-0.240605518222
1403715291.262142896652,2,1.220611929893,0.575728654861,0.439328700304,0.288228303194,-0.762332499027,0.527151107788,-0.240593671799
1403715291.312143087387,2,1.236829876900,0.564506232738,0.437471866608,0.284282654524,-0.763826847076,0.527767598629,-0.239193126559
1403715291.362143039703,2,1.254629731178,0.554253697395,0.437471538782,0.280469000340,-0.765263617039,0.528789877892,-0.236833289266
1403715291.412142992020,2,1.268477559090,0.541742801666,0.433566927910,0.276902556419,-0.767150640488,0.529038012028,-0.234358161688
1403715291.462142944336,2,1.281020402908,0.528758108616,0.429110288620,0.273614674807,-0.769093692303,0.529380321503,-0.231055185199
1403715291.512143135071,2,1.292135000229,0.514913260937,0.423824429512,0.271470844746,-0.771751046181,0.528775036335,-0.226055294275
1403715291.562143087387,2,1.301996946335,0.500581264496,0.418471425772,0.268002808094,-0.774544656277,0.528073251247,-0.222247004509
1403715291.612143039703,2,1.310941934586,0.485195279121,0.413300633430,0.264025986195,-0.777281105518,0.527309298515,-0.219246909022
1403715291.662142992020,2,1.318364739418,0.466923922300,0.413582593203,0.260023385286,-0.779762446880,0.526733458042,-0.216587871313
1403715291.712143182755,2,1.325436234474,0.449624419212,0.408353179693,0.256305545568,-0.782078802586,0.526026666164,-0.214374154806
1403715291.762142896652,2,1.331882238388,0.431050598621,0.403267323971,0.255364328623,-0.782974839211,0.527145206928,-0.209421366453
1403715291.812143087387,2,1.337893366814,0.411442130804,0.398083806038,0.255312532187,-0.783174574375,0.528975307941,-0.204054668546
1403715291.862143039703,2,1.343397140503,0.390466570854,0.392045319080,0.258246332407,-0.782359361649,0.531959176064,-0.195555835962
1403715291.912142992020,2,1.349000930786,0.368361413479,0.385413378477,0.261113911867,-0.781537175179,0.534569203854,-0.187763288617
1403715291.962142944336,2,1.355270504951,0.345806151628,0.378686398268,0.262000411749,-0.781655550003,0.535437762737,-0.183512732387
1403715292.012143135071,2,1.362294316292,0.322808891535,0.372082442045,0.263234764338,-0.781787216663,0.535965979099,-0.179601803422
1403715292.062143087387,2,1.372910857201,0.294738084078,0.367456644773,0.264067947865,-0.782056629658,0.536045193672,-0.176949575543
1403715292.112143039703,2,1.380658745766,0.272633343935,0.361202448606,0.265645414591,-0.781719803810,0.535663068295,-0.177233815193
1403715292.162142992020,2,1.388943791389,0.250943243504,0.354335606098,0.268763810396,-0.781057059765,0.534629702568,-0.178569719195
1403715292.212143182755,2,1.398012399673,0.229210197926,0.347724735737,0.273854523897,-0.779348611832,0.533818602562,-0.180712997913
1403715292.262142896652,2,1.408106327057,0.207334816456,0.341552555561,0.280274093151,-0.777413904667,0.532226622105,-0.183871954679
1403715292.312143087387,2,1.418767213821,0.185311108828,0.335176765919,0.288451343775,-0.775027394295,0.529999792576,-0.187692865729
1403715292.362143039703,2,1.430273532867,0.162200421095,0.328826189041,0.298437446356,-0.771551012993,0.528351426125,-0.191020607948
1403715292.412142992020,2,1.443163394928,0.138906896114,0.322715520859,0.307808429003,-0.767791330814,0.526370584965,-0.196683973074
1403715292.462142944336,2,1.456866860390,0.115927636623,0.316654026508,0.319200932980,-0.764206409454,0.522933661938,-0.201593071222
1403715292.512143135071,2,1.471826791763,0.088295340538,0.310663998127,0.329205393791,-0.758908689022,0.521229386330,-0.209764942527
1403715292.562143087387,2,1.487228751183,0.066666305065,0.306627988815,0.339536190033,-0.751680016518,0.521288335323,-0.218976870179
1403715292.612143039703,2,1.503391742706,0.045102536678,0.303085207939,0.350878387690,-0.742966115475,0.522469699383,-0.227840229869
1403715292.662142992020,2,1.520297765732,0.023693889380,0.300872206688,0.362271547318,-0.731641590595,0.526332199574,-0.237559407949
1403715292.712143182755,2,1.537454128265,0.003213584423,0.298596143723,0.374465137720,-0.721996784210,0.527126014233,-0.246241062880
1403715292.762142896652,2,1.557852983475,-0.021282240748,0.295208811760,0.387088716030,-0.711656272411,0.527966082096,-0.254871666431
1403715292.812143087387,2,1.575177550316,-0.039325460792,0.295994877815,0.399269640446,-0.702546834946,0.526916146278,-0.263383924961
1403715292.862143039703,2,1.592274665833,-0.055522635579,0.299135565758,0.411571979523,-0.695351600647,0.523092687130,-0.271051228046
1403715292.912142992020,2,1.609315276146,-0.069901570678,0.304943084717,0.423626482487,-0.690235137939,0.516250371933,-0.278570592403
1403715292.962142944336,2,1.626366615295,-0.082810834050,0.314188599586,0.433616161346,-0.686228215694,0.508083462715,-0.287956684828
1403715293.012143135071,2,1.642251253128,-0.096831545234,0.324458599091,0.442115396261,-0.681558489799,0.500841140747,-0.298613876104
1403715293.062143087387,2,1.658830761909,-0.107700929046,0.339702129364,0.450245052576,-0.676612854004,0.494013935328,-0.308909028769
1403715293.112143039703,2,1.675516486168,-0.117859512568,0.356459021568,0.457425564528,-0.671345353127,0.487907797098,-0.319379538298
1403715293.162142992020,2,1.692002415657,-0.127675786614,0.373158216476,0.465114384890,-0.666511476040,0.481466561556,-0.328056424856
1403715293.212143182755,2,1.711337447166,-0.137486368418,0.387004017830,0.473330527544,-0.660951554775,0.476013958454,-0.335428059101
1403715293.262142896652,2,1.727565526962,-0.146960064769,0.403876543045,0.480263561010,-0.654920697212,0.471359431744,-0.343869417906
1403715293.312143087387,2,1.743681192398,-0.156505599618,0.420423388481,0.487841248512,-0.647721707821,0.468310892582,-0.350930958986
1403715293.362143039703,2,1.759388566017,-0.165966436267,0.436859607697,0.494686961174,-0.640232086182,0.465901434422,-0.358222961426
1403715293.412142992020,2,1.774645328522,-0.175471574068,0.453470945358,0.500009298325,-0.632478535175,0.463968455791,-0.367007970810
1403715293.462142944336,2,1.794790863991,-0.186599686742,0.467422485352,0.505850970745,-0.625015020370,0.462071359158,-0.374113768339
1403715293.512143135071,2,1.808114171028,-0.196254804730,0.483144760132,0.512734651566,-0.619577229023,0.457810193300,-0.378994941711
1403715293.562143087387,2,1.820485830307,-0.205794587731,0.499036192894,0.519517719746,-0.614917576313,0.452699571848,-0.383459150791
1403715293.612143039703,2,1.832022428513,-0.215513095260,0.514880537987,0.526707530022,-0.610949456692,0.447075068951,-0.386579662561
1403715293.662142992020,2,1.846903085709,-0.223772972822,0.523205041885,0.535218715668,-0.607218563557,0.440318763256,-0.388517826796
1403715293.712143182755,2,1.856886863708,-0.234062299132,0.539469242096,0.542264044285,-0.602976322174,0.435256958008,-0.391050666571
1403715293.762142896652,2,1.866324543953,-0.244584962726,0.555695414543,0.549295961857,-0.599008440971,0.429784119129,-0.393380969763
1403715293.812143087387,2,1.601180911064,-0.228794693947,1.405124306679,0.565163612366,-0.584929883480,0.419022232294,-0.403568416834
1403715293.862143039703,2,1.610519289970,-0.238669872284,1.420910000801,0.571328580379,-0.580512166023,0.413610637188,-0.406836122274
1403715293.912142992020,2,1.619691848755,-0.248528361320,1.436162710190,0.577935397625,-0.575524032116,0.408551633358,-0.409692972898
1403715293.962142944336,2,1.628688454628,-0.258560657501,1.450673222542,0.584172725677,-0.569537222385,0.404299080372,-0.413414925337
1403715294.012143135071,2,1.637259602547,-0.268698573112,1.462779283524,0.590300440788,-0.562970817089,0.400109767914,-0.417757779360
1403715294.062143087387,2,1.645437836647,-0.278795361519,1.471310853958,0.596547365189,-0.556126236916,0.395673125982,-0.422253072262
1403715294.112143039703,2,1.653219461441,-0.288771271706,1.476914048195,0.601757645607,-0.548797905445,0.391521275043,-0.428275227547
1403715294.162142992020,2,1.651277303696,-0.304375290871,1.472216248512,0.606246650219,-0.540618479252,0.387597322464,-0.435849666595
1403715294.212143182755,2,1.659087777138,-0.314984440804,1.471846580505,0.610817551613,-0.532807826996,0.383622050285,-0.442551672459
1403715294.262142896652,2,1.666072845459,-0.325602889061,1.468241810799,0.615486204624,-0.525413930416,0.378675997257,-0.449134051800
1403715294.312143087387,2,1.672540903091,-0.336613893509,1.461200594902,0.620418012142,-0.517931282520,0.373870253563,-0.455027252436
1403715294.362143039703,2,1.678212523460,-0.348099946976,1.450732827187,0.625942647457,-0.510564506054,0.368636339903,-0.460029244423
1403715294.412142992020,2,1.683605909348,-0.359742283821,1.438067436218,0.631360650063,-0.502557992935,0.363909095526,-0.465176671743
1403715294.462142944336,2,1.688162326813,-0.371771812439,1.424420833588,0.637380719185,-0.494220465422,0.359599888325,-0.469233274460
1403715294.512143135071,2,1.691748619080,-0.384382009506,1.410663843155,0.643637299538,-0.485774070024,0.355154335499,-0.472884774208
1403715294.562143087387,2,1.694052696228,-0.397235035896,1.396317720413,0.651051998138,-0.478564292192,0.348510026932,-0.475024461746
1403715294.612143039703,2,1.695475816727,-0.410424113274,1.381976366043,0.659497141838,-0.471399039030,0.341447174549,-0.475668311119
1403715294.662142992020,2,1.689898014069,-0.423340916634,1.366253256798,0.668304026127,-0.463139027357,0.335672974586,-0.475600391626
1403715294.712143182755,2,1.691171884537,-0.437349438667,1.352305173874,0.677327275276,-0.454862773418,0.329582691193,-0.475081920624
1403715294.762142896652,2,1.692495226860,-0.451247096062,1.338539004326,0.685353696346,-0.446448981762,0.323809921741,-0.475521534681
1403715294.812143087387,2,1.693905830383,-0.464602112770,1.325084924698,0.692381739616,-0.438380599022,0.317516535521,-0.477088361979
1403715294.862143039703,2,1.695631384850,-0.477455377579,1.311548233032,0.698767304420,-0.429841011763,0.312077820301,-0.479132950306
1403715294.912142992020,2,1.697810411453,-0.489208698273,1.298334002495,0.704406559467,-0.420836836100,0.307441055775,-0.481858760118
1403715294.962142944336,2,1.700158357620,-0.500020384789,1.286080956459,0.708482921124,-0.411145210266,0.303798139095,-0.486536979675
1403715295.012143135071,2,1.702360868454,-0.510124683380,1.274153113365,0.711698949337,-0.402237087488,0.299330592155,-0.492027491331
1403715295.062143087387,2,1.700651168823,-0.518479287624,1.257127285004,0.714820921421,-0.393481254578,0.294871330261,-0.497246861458
1403715295.112143039703,2,1.702533245087,-0.527465224266,1.246413946152,0.716771185398,-0.385671705008,0.288463860750,-0.504266917706
1403715295.162142992020,2,1.703964591026,-0.536237955093,1.236621260643,0.718274652958,-0.378188490868,0.282099992037,-0.511345863342
1403715295.212143182755,2,1.704688906670,-0.544901430607,1.227980732918,0.720104992390,-0.370448231697,0.275856673717,-0.517803251743
1403715295.262142896652,2,1.704494833946,-0.553800821304,1.221744060516,0.722837924957,-0.363207072020,0.268828213215,-0.522797644138
1403715295.312143087387,2,1.703887343407,-0.562742710114,1.218852639198,0.726558983326,-0.354773908854,0.262288123369,-0.526737630367
1403715295.362143039703,2,1.702295303345,-0.571964681149,1.218696117401,0.732398033142,-0.345938771963,0.254456520081,-0.528366625309
1403715295.412142992020,2,1.700356483459,-0.581225872040,1.221041560173,0.737989723682,-0.336148351431,0.247418761253,-0.530244708061
1403715295.462142944336,2,1.698277950287,-0.590543389320,1.226066470146,0.743555366993,-0.325775772333,0.240238890052,-0.532241463661
1403715295.512143135071,2,1.699739694595,-0.596817255020,1.226858615875,0.748427689075,-0.315128147602,0.234132423997,-0.534539461136
1403715295.562143087387,2,1.697462558746,-0.607086479664,1.229356527328,0.753123879433,-0.304084569216,0.229971289635,-0.536143898964
1403715295.612143039703,2,1.695085167885,-0.617416203022,1.228338718414,0.756824016571,-0.294917196035,0.225620239973,-0.537900388241
1403715295.662142992020,2,1.692838191986,-0.627669990063,1.223834276199,0.759045004845,-0.286879062653,0.222701221704,-0.540328919888
1403715295.712143182755,2,1.690308213234,-0.637633502483,1.216379404068,0.760469317436,-0.280377715826,0.219688445330,-0.542965769768
1403715295.762142896652,2,1.687277317047,-0.647214174271,1.207129836082,0.762083053589,-0.273826271296,0.216142281890,-0.545464217663
1403715295.812143087387,2,1.683607101440,-0.656468689442,1.197120189667,0.762983918190,-0.268258750439,0.210814625025,-0.549044668674
1403715295.862143039703,2,1.679512500763,-0.665626823902,1.187072873116,0.763083577156,-0.262806475163,0.205671980977,-0.553475499153
1403715295.912142992020,2,1.674991726875,-0.675073862076,1.176490426064,0.764240443707,-0.257547467947,0.199528530240,-0.556591689587
1403715295.962142944336,2,1.670772790909,-0.679945230484,1.164967060089,0.764586687088,-0.252767503262,0.193419113755,-0.560450673103
1403715296.012143135071,2,1.664681553841,-0.691330194473,1.152573108673,0.764724075794,-0.248800158501,0.187556266785,-0.564019680023
1403715296.062143087387,2,1.658423900604,-0.703649461269,1.139502763748,0.765663623810,-0.246791407466,0.180391177535,-0.565961420536
1403715296.112143039703,2,1.652199029922,-0.716692626476,1.125733613968,0.767905175686,-0.246122270823,0.172851398587,-0.565568685532
1403715296.162142992020,2,1.646178483963,-0.730616450310,1.111069917679,0.772023677826,-0.244342848659,0.166055575013,-0.562762498856
1403715296.212143182755,2,1.640946149826,-0.745146512985,1.095696330070,0.776550173759,-0.241350740194,0.160595074296,-0.559400618076
1403715296.262142896652,2,1.636734724045,-0.760334610939,1.080132126808,0.781329214573,-0.237956494093,0.154916599393,-0.555789709091
1403715296.312143087387,2,1.634979248047,-0.769548118114,1.062649011612,0.787857532501,-0.234596282244,0.149768874049,-0.549376428127
1403715296.362143039703,2,1.632632851601,-0.785470604897,1.049513459206,0.793932497501,-0.229747503996,0.145574972034,-0.543778717518
1403715296.412142992020,2,1.631659030914,-0.800817787647,1.039481639862,0.798265874386,-0.224545598030,0.140585482121,-0.540912747383
1403715296.462142944336,2,1.632509231567,-0.815236866474,1.032393813133,0.800741970539,-0.219713985920,0.135046035051,-0.540648400784
1403715296.512143135071,2,1.640694975853,-0.826153457165,1.026704788208,0.802859544754,-0.215886458755,0.129476189613,-0.540412425995
1403715296.562143087387,2,1.645517945290,-0.839416265488,1.023839116096,0.804051578045,-0.210988461971,0.126598820090,-0.541255712509
1403715296.612143039703,2,1.652329206467,-0.852394759655,1.023363709450,0.804832756519,-0.205125957727,0.126655727625,-0.542333781719
1403715296.662142992020,2,1.660751342773,-0.864510476589,1.024286627769,0.803830742836,-0.199054583907,0.128210470080,-0.545706450939
1403715296.712143182755,2,1.670494794846,-0.875829815865,1.025142908096,0.802872002125,-0.194118633866,0.129201173782,-0.548654377460
1403715296.762142896652,2,1.681460499763,-0.886366486549,1.026474952698,0.801975727081,-0.190688729286,0.129219889641,-0.551157951355
1403715296.812143087387,2,1.692968487740,-0.896300315857,1.027240514755,0.801466286182,-0.185938328505,0.130801320076,-0.553145349026
1403715296.862143039703,2,1.705102682114,-0.905657052994,1.028271079063,0.800674915314,-0.180404245853,0.133292824030,-0.555524170399
1403715296.912142992020,2,1.716738224030,-0.914652884007,1.028929591179,0.800302386284,-0.173799157143,0.134742423892,-0.557812273502
1403715296.962142944336,2,1.727939486504,-0.923527598381,1.029271841049,0.799887418747,-0.166549429297,0.134790122509,-0.560600638390
1403715297.012143135071,2,1.748427271843,-0.935881495476,1.029013395309,0.801448464394,-0.160381495953,0.129760652781,-0.561355829239
1403715297.062143087387,2,1.758137345314,-0.945068061352,1.028208613396,0.804770767689,-0.155844196677,0.120223991573,-0.560002624989
1403715297.112143039703,2,1.767602205276,-0.953967809677,1.027291417122,0.807646036148,-0.150306865573,0.110583446920,-0.559363126755
1403715297.162142992020,2,1.777300953865,-0.962169528008,1.024413108826,0.813188254833,-0.144633024931,0.099181197584,-0.554949879646
1403715297.212143182755,2,1.787522077560,-0.969540596008,1.020876049995,0.818835198879,-0.137100189924,0.088243566453,-0.550386786461
1403715297.262142896652,2,1.805446624756,-0.973128020763,1.013868451118,0.823070049286,-0.128268897533,0.076979584992,-0.547884225845
1403715297.312143087387,2,1.817965269089,-0.977628529072,1.009899854660,0.825976312160,-0.118391729891,0.066660657525,-0.547085881233
1403715297.362143039703,2,1.829183220863,-0.974415242672,1.005074739456,0.828294098377,-0.108057245612,0.057878632098,-0.546719908714
1403715297.412142992020,2,1.844976425171,-0.976348876953,1.000022172928,0.829294085503,-0.095603957772,0.051888756454,-0.548122942448
1403715297.462142944336,2,1.862485289574,-0.976623952389,0.995260119438,0.830089211464,-0.084091551602,0.046192232519,-0.549314856529
1403715297.512143135071,2,1.881298065186,-0.975297391415,0.990956187248,0.830240786076,-0.072185881436,0.041705034673,-0.551135420799
1403715297.562143087387,2,1.900899410248,-0.972818017006,0.986360788345,0.830851435661,-0.062678940594,0.035739395767,-0.551796972752
1403715297.612143039703,2,1.922965526581,-0.973446905613,0.978673577309,0.832295298576,-0.054557990283,0.028671106324,-0.550895631313
1403715297.662142992020,2,1.944211363792,-0.968005180359,0.974210381508,0.834137678146,-0.047951593995,0.020812900737,-0.549073636532
1403715297.712143182755,2,1.966132044792,-0.961316883564,0.970160543919,0.835164070129,-0.042485203594,0.012226914056,-0.548221290112
1403715297.762142896652,2,1.988825798035,-0.952800691128,0.966190934181,0.835481762886,-0.036983169615,0.003901937045,-0.548258543015
1403715297.812143087387,2,2.012799024582,-0.942235946655,0.963467776775,0.832665383816,-0.030494239181,-0.002713512164,-0.552929639816
1403715297.862143039703,2,2.037863254547,-0.930033028126,0.961669921875,0.828465759754,-0.023460123688,-0.009013500065,-0.559475481510
1403715297.912142992020,2,2.064193964005,-0.916281521320,0.960388183594,0.823526799679,-0.015584613197,-0.014348852448,-0.566881716251
1403715297.962142944336,2,2.086465120316,-0.903226137161,0.955811858177,0.815899014473,-0.009428700432,-0.020547403023,-0.577752411366
1403715298.012143135071,2,2.114817142487,-0.889343917370,0.955301582813,0.808372020721,0.000248241762,-0.026093462482,-0.588093280792
1403715298.062143087387,2,2.143932342529,-0.876763880253,0.954311370850,0.802417933941,0.011972090229,-0.030428167433,-0.595866024494
1403715298.112143039703,2,2.170994043350,-0.860186696053,0.951115250587,0.797514021397,0.026340112090,-0.031196985394,-0.601917386055
1403715298.162142992020,2,2.201898336411,-0.850050568581,0.948132038116,0.795216977596,0.043252415955,-0.029377536848,-0.604066431522
1403715298.212143182755,2,2.233306169510,-0.841617643833,0.944474935532,0.794256627560,0.061201538891,-0.026063660160,-0.603930115700
1403715298.262142896652,2,2.263947010040,-0.834743976593,0.941243827343,0.793683707714,0.078384310007,-0.023868333548,-0.602787137032
1403715298.312143087387,2,2.293545007706,-0.824852943420,0.938296973705,0.793662548065,0.092416048050,-0.023198707029,-0.600850164890
1403715298.362143039703,2,2.321766138077,-0.821133255959,0.935761928558,0.795005440712,0.103977121413,-0.023522296920,-0.597161531448
1403715298.412142992020,2,2.348011970520,-0.818726658821,0.934709727764,0.796817600727,0.112728282809,-0.024210652336,-0.593117117882
1403715298.462142944336,2,2.372228384018,-0.817146778107,0.934725940228,0.798367500305,0.119721606374,-0.024503389373,-0.589640319347
1403715298.512143135071,2,2.394315958023,-0.815872669220,0.935359179974,0.799071609974,0.126062393188,-0.023265013471,-0.587410986423
1403715298.562143087387,2,2.406505584717,-0.809852957726,0.936387240887,0.799467563629,0.132023334503,-0.018967246637,-0.585714757442
1403715298.612143039703,2,2.423077583313,-0.808797895908,0.938009679317,0.798868358135,0.137292057276,-0.014746626839,-0.585442483425
1403715298.662142992020,2,2.436556816101,-0.808536052704,0.939999401569,0.797965049744,0.141848400235,-0.010774597526,-0.585674643517
1403715298.712143182755,2,2.446537733078,-0.809181451797,0.942886769772,0.797283947468,0.144799873233,-0.007362439297,-0.585932672024
1403715298.762142896652,2,2.452489614487,-0.811067700386,0.946850836277,0.796594738960,0.145720452070,-0.005441021174,-0.586662471294
1403715298.812143087387,2,2.454538822174,-0.814657211304,0.951554954052,0.797478795052,0.144068554044,-0.006515291054,-0.585857808590
1403715298.862143039703,2,2.452570915222,-0.820349037647,0.956450819969,0.802839279175,0.137175574899,-0.014980700798,-0.580006539822
1403715298.912142992020,2,2.446786642075,-0.826988756657,0.961979508400,0.808750987053,0.128647089005,-0.027796374634,-0.573235690594
1403715298.962142944336,2,2.438856124878,-0.833824574947,0.967288494110,0.814258933067,0.121481582522,-0.041702024639,-0.566114485264
1403715299.012143135071,2,2.428927421570,-0.840169906616,0.972321510315,0.818359494209,0.118408598006,-0.052290901542,-0.559940040112
1403715299.062143087387,2,2.418976306915,-0.847468554974,0.975184202194,0.820868134499,0.117672808468,-0.061965432018,-0.555417895317
1403715299.112143039703,2,2.407695293427,-0.851338028908,0.979913830757,0.821993589401,0.119974911213,-0.069799914956,-0.552322924137
1403715299.162142992020,2,2.395550727844,-0.853656232357,0.984829783440,0.822291433811,0.123606063426,-0.076749458909,-0.550152599812
1403715299.212143182755,2,2.382776975632,-0.854585289955,0.989448070526,0.822098135948,0.128705516458,-0.083095505834,-0.548347353935
1403715299.262142896652,2,2.369391441345,-0.854030370712,0.993661761284,0.821915566921,0.134783238173,-0.089330121875,-0.546176254749
1403715299.312143087387,2,2.355641603470,-0.851871192455,0.998123645782,0.820678055286,0.141493365169,-0.096055239439,-0.545197784901
1403715299.362143039703,2,2.341892004013,-0.848084628582,1.002405524254,0.819613039494,0.149009704590,-0.102746300399,-0.543575048447
1403715299.412142992020,2,2.327840805054,-0.842557370663,1.006993770599,0.817826151848,0.156963780522,-0.110006928444,-0.542605996132
1403715299.462142944336,2,2.313757658005,-0.835274577141,1.011632204056,0.815422296524,0.165866985917,-0.117170728743,-0.542075276375
1403715299.512143135071,2,2.296468019485,-0.824264883995,1.016513109207,0.812067747116,0.175085812807,-0.124686911702,-0.542535007000
1403715299.562143087387,2,2.282031536102,-0.813721776009,1.021021246910,0.808386087418,0.185161799192,-0.132604315877,-0.542810499668
1403715299.612143039703,2,2.267633199692,-0.801895380020,1.024977684021,0.803685665131,0.195675745606,-0.140217155218,-0.544187128544
1403715299.662142992020,2,2.253073692322,-0.789619326591,1.028067231178,0.799804210663,0.206428349018,-0.148598998785,-0.543708503246
1403715299.712143182755,2,2.238344669342,-0.778093218803,1.030577182770,0.795176386833,0.216540083289,-0.157735317945,-0.543989539146
1403715299.762142896652,2,2.224518537521,-0.764170289040,1.032547116280,-0.791401147842,-0.228529617190,0.165714994073,0.542214930058
1403715299.812143087387,2,2.210912466049,-0.749480843544,1.034313559532,-0.786641180515,-0.239852249622,0.175347998738,0.541220605373
1403715299.862143039703,2,2.197922468185,-0.734113812447,1.034872293472,-0.782350182533,-0.251735180616,0.184614017606,0.538957536221
1403715299.912142992020,2,2.185095548630,-0.717978596687,1.035498261452,-0.776996850967,-0.264384388924,0.192964538932,0.537718713284
1403715299.962142944336,2,2.173981189728,-0.699395775795,1.038598895073,-0.771600008011,-0.276873379946,0.201553225517,0.536051273346
1403715300.012143135071,2,2.161677598953,-0.681755781174,1.038502216339,-0.766937971115,-0.288224905729,0.208751186728,0.533999502659
1403715300.062143087387,2,2.149385929108,-0.662957072258,1.038982629776,-0.760013639927,-0.298269838095,0.215247184038,0.535801351070
1403715300.112143039703,2,2.137712001801,-0.643486261368,1.039459705353,-0.753691732883,-0.306149005890,0.221407532692,0.537773489952
1403715300.162142992020,2,2.126776456833,-0.623414397240,1.039436697960,-0.747423768044,-0.314592242241,0.223831564188,0.540637493134
1403715300.212143182755,2,2.116490840912,-0.601700425148,1.044779300690,-0.741678953171,-0.323329269886,0.223247006536,0.543627977371
1403715300.262142896652,2,2.106228828430,-0.581638216972,1.044768571854,-0.735689580441,-0.329343795776,0.224079251289,0.547797501087
1403715300.312143087387,2,2.096126079559,-0.562717556953,1.045342087746,-0.731947302818,-0.331688106060,0.228079348803,0.549741804600
1403715300.362143039703,2,2.086374521255,-0.544728040695,1.046300888062,-0.729191005230,-0.332106977701,0.232794955373,0.551173329353
1403715300.412142992020,2,2.077206611633,-0.527797579765,1.047900080681,-0.727863967419,-0.331292778254,0.237885892391,0.551243543625
1403715300.462142944336,2,2.069260120392,-0.512046456337,1.049611330032,-0.727246403694,-0.329776704311,0.242112591863,0.551127493382
1403715300.512143135071,2,2.067631006241,-0.497224807739,1.056092023849,-0.727033853531,-0.329254418612,0.244160085917,0.550816833973
1403715300.562143087387,2,2.062147378922,-0.482923388481,1.057275891304,-0.727776050568,-0.327969342470,0.245795577765,0.549875259399
1403715300.612143039703,2,2.057976722717,-0.469559788704,1.058264255524,-0.729058206081,-0.327025234699,0.246075734496,0.548612296581
1403715300.662142992020,2,2.055098772049,-0.456939220428,1.059143066406,-0.730198681355,-0.325929343700,0.245987206697,0.547786653042
1403715300.712143182755,2,2.053460121155,-0.445266127586,1.060498476028,-0.731718122959,-0.324205040932,0.246226280928,0.546673953533
1403715300.762142896652,2,2.053463220596,-0.434532642365,1.061983466148,-0.732502937317,-0.322483837605,0.245759949088,0.546850800514
1403715300.812143087387,2,2.054895162582,-0.424489736557,1.063310980797,-0.732447028160,-0.321615695953,0.244139701128,0.548161149025
1403715300.862143039703,2,2.057585477829,-0.415150165558,1.064482092857,-0.731858313084,-0.321697354317,0.241095170379,0.550243139267
1403715300.912142992020,2,2.061732769012,-0.406843066216,1.065061211586,-0.731245219707,-0.322493225336,0.237117767334,0.552316725254
1403715300.962142944336,2,2.066946029663,-0.399417638779,1.065431118011,-0.730665147305,-0.323315709829,0.233212292194,0.554263055325
1403715301.012143135071,2,2.074429750443,-0.392771482468,1.067142724991,-0.730280935764,-0.323735445738,0.230018809438,0.555856525898
1403715301.062143087387,2,2.080713748932,-0.387117147446,1.066707730293,-0.729340016842,-0.323887944221,0.227052628994,0.558217585087
1403715301.112143039703,2,2.087666273117,-0.382620573044,1.066382765770,-0.727597057819,-0.323792606592,0.224216997623,0.561682939529
1403715301.162142992020,2,2.095008611679,-0.379473686218,1.065818428993,-0.725529134274,-0.324272722006,0.221093907952,0.565307140350
1403715301.212143182755,2,2.103047847748,-0.377892494202,1.065085649490,-0.723337590694,-0.324768453836,0.217836141586,0.569083273411
1403715301.262142896652,2,2.111595869064,-0.378303766251,1.064055681229,-0.721704959869,-0.325819581747,0.214787378907,0.571707904339
1403715301.312143087387,2,2.120365142822,-0.380997180939,1.062887668610,-0.720112860203,-0.326672405005,0.212932825089,0.573918282986
1403715301.362143039703,2,2.129610061646,-0.386121273041,1.061396121979,-0.719431340694,-0.326946616173,0.212064206600,0.574937641621
1403715301.412142992020,2,2.138951539993,-0.393420219421,1.059363007545,-0.720080196857,-0.326869487762,0.212258800864,0.574096739292
1403715301.462142944336,2,2.148432970047,-0.403320670128,1.056910634041,-0.722370088100,-0.325038999319,0.215427026153,0.571071267128
1403715301.512143135071,2,2.157649040222,-0.415059566498,1.055326700211,-0.727240145206,-0.323332577944,0.218564152718,0.564630448818
1403715301.562143087387,2,2.168328762054,-0.428786158562,1.050830483437,-0.732894241810,-0.322136461735,0.220368295908,0.557254016399
1403715301.612143039703,2,2.179347991943,-0.443504810333,1.045846223831,-0.738561630249,-0.321056991816,0.221291676164,0.549981117249
1403715301.662142992020,2,2.190627336502,-0.458623051643,1.040454506874,-0.743148505688,-0.319414228201,0.222481101751,0.544249057770
1403715301.712143182755,2,2.202562570572,-0.473772764206,1.034224152565,-0.746008157730,-0.318471878767,0.222131699324,0.541022241116
1403715301.762142896652,2,2.214921951294,-0.488865375519,1.027108669281,-0.747421443462,-0.318335115910,0.220149710774,0.539961218834
1403715301.812143087387,2,2.227278709412,-0.503732085228,1.019792556763,-0.746470451355,-0.319495886564,0.216692179441,0.541985929012
1403715301.862143039703,2,2.239305973053,-0.518953442574,1.012540459633,-0.745254278183,-0.320714801550,0.212907671928,0.544434130192
1403715301.912142992020,2,2.251153707504,-0.534547686577,1.005778312683,-0.744727671146,-0.321402847767,0.209697231650,0.545992672443
1403715301.962142944336,2,2.262473106384,-0.551121711731,0.999817132950,-0.745455086231,-0.320656269789,0.208810299635,0.545778810978
1403715302.012143135071,2,2.274257898331,-0.567621469498,0.994424581528,-0.745030403137,-0.320299357176,0.206750139594,0.547350525856
1403715302.062143087387,2,2.285579681396,-0.585186004639,0.990065693855,-0.745000600815,-0.320429801941,0.204535096884,0.548146307468
1403715302.112143039703,2,2.296501398087,-0.603674650192,0.985945940018,-0.745893359184,-0.320727944374,0.202232211828,0.547611951828
1403715302.162142992020,2,2.306967735291,-0.623191833496,0.982077002525,-0.747698783875,-0.321329057217,0.199214786291,0.545900881290
1403715302.212143182755,2,2.316806554794,-0.643410205841,0.978882670403,-0.749446451664,-0.321347713470,0.196480870247,0.544482350349
1403715302.262142896652,2,2.325464010239,-0.664305329323,0.976018190384,-0.751687705517,-0.321262747049,0.193590909243,0.542474448681
1403715302.312143087387,2,2.332724094391,-0.685277819633,0.974021077156,-0.753106772900,-0.321410000324,0.190329343081,0.541572391987
1403715302.362143039703,2,2.338366985321,-0.706689715385,0.972746014595,-0.754059612751,-0.320699334145,0.187682837248,0.541591465473
1403715302.412142992020,2,2.342744827271,-0.728294730186,0.972057461739,-0.754392445087,-0.319776445627,0.185547068715,0.542408823967
1403715302.462142944336,2,2.345878362656,-0.750629901886,0.972272753716,-0.755329847336,-0.316754937172,0.186332613230,0.542607843876
1403715302.512143135071,2,2.345748424530,-0.774515986443,0.971914291382,-0.757482051849,-0.311520010233,0.189940407872,0.541386127472
1403715302.562143087387,2,2.346504211426,-0.798038005829,0.973837256432,-0.760299026966,-0.307172387838,0.192832320929,0.538893580437
1403715302.612143039703,2,2.346673250198,-0.821641921997,0.975587725639,-0.762580096722,-0.303047090769,0.195991843939,0.536862432957
1403715302.662142992020,2,2.346879243851,-0.845062792301,0.976605772972,-0.764524698257,-0.300735652447,0.196577116847,0.535179913044
1403715302.712143182755,2,2.346920013428,-0.867637455463,0.977116584778,-0.766739368439,-0.297671765089,0.198813661933,0.532893538475
1403715302.762142896652,2,2.346303701401,-0.889605760574,0.976446509361,-0.768801987171,-0.295947551727,0.199648708105,0.530564785004
1403715302.812143087387,2,2.345346927643,-0.910654962063,0.974360466003,-0.771582305431,-0.294751793146,0.200235709548,0.526960909367
1403715302.862143039703,2,2.343829393387,-0.930475294590,0.971287965775,-0.773966491222,-0.295121431351,0.199140414596,0.523662507534
1403715302.912142992020,2,2.341587781906,-0.949044525623,0.967720746994,-0.775822520256,-0.296196430922,0.199832066894,0.520032942295
1403715302.962142944336,2,2.338777065277,-0.966748535633,0.964579105377,-0.776601135731,-0.299110233784,0.201181143522,0.516672015190
1403715303.012143135071,2,2.336627483368,-0.983406186104,0.960921525955,-0.776268899441,-0.304062247276,0.202993556857,0.513562560081
1403715303.062143087387,2,2.331924915314,-0.998873174191,0.957613945007,-0.775289952755,-0.309848219156,0.205983802676,0.510382413864
1403715303.112143039703,2,2.326439142227,-1.012992620468,0.953995943069,-0.773176491261,-0.317705184221,0.209559917450,0.507293045521
1403715303.162142992020,2,2.319851398468,-1.025811433792,0.950385093689,-0.769555449486,-0.326972365379,0.213919550180,0.505086064339
1403715303.212143182755,2,2.312098264694,-1.037489175797,0.947393417358,-0.764176070690,-0.336958318949,0.219979122281,0.504086613655
1403715303.262142896652,2,2.303401231766,-1.047993302345,0.945424318314,-0.756334483624,-0.347418993711,0.227626159787,0.505415260792
1403715303.312143087387,2,2.295204639435,-1.057616472244,0.945315599442,-0.747310161591,-0.358965516090,0.235018193722,0.507383346558
1403715303.362143039703,2,2.285044670105,-1.066342353821,0.944038152695,-0.737819790840,-0.371376454830,0.241969183087,0.509070098400
1403715303.412142992020,2,2.274492740631,-1.074650049210,0.942987203598,-0.728585064411,-0.383664131165,0.248700052500,0.510013699532
1403715303.462142944336,2,2.263319730759,-1.083265066147,0.941355466843,-0.720227003098,-0.395902723074,0.255260467529,0.509289979935
1403715303.512143135071,2,2.250797033310,-1.093725204468,0.938570737839,-0.712769985199,-0.406992763281,0.262562602758,0.507323205471
1403715303.562143087387,2,2.239134788513,-1.102993488312,0.937654972076,-0.704493522644,-0.418803125620,0.268920987844,0.505939185619
1403715303.612143039703,2,2.227098941803,-1.113225936890,0.937204599380,-0.698124587536,-0.428285300732,0.278757333755,0.501486003399
1403715303.662142992020,2,2.214492797852,-1.123815417290,0.937125205994,-0.691045045853,-0.436582624912,0.290049433708,0.497718513012
1403715303.712143182755,2,2.198686599731,-1.135455608368,0.934240341187,-0.684582650661,-0.444754570723,0.300670892000,0.493089199066
1403715303.762142896652,2,2.186209678650,-1.146931409836,0.933985710144,-0.677910983562,-0.452446252108,0.311879783869,0.488323748112
1403715303.812143087387,2,2.174021244049,-1.158563137054,0.933287143707,-0.670620083809,-0.460713356733,0.321582257748,0.484351992607
1403715303.862143039703,2,2.161942958832,-1.170384645462,0.932850360870,-0.663507044315,-0.467397212982,0.332341283560,0.480465918779
1403715303.912142992020,2,2.146078824997,-1.181731343269,0.929847240448,-0.657362282276,-0.473219662905,0.340838789940,0.477249413729
1403715303.962142944336,2,2.134799957275,-1.192854881287,0.928770542145,-0.652014851570,-0.478400915861,0.347589433193,0.474542856216
1403715304.012143135071,2,2.124221563339,-1.203519821167,0.927225589752,-0.647881865501,-0.482812821865,0.352984488010,0.471744477749
1403715304.062143087387,2,2.114130973816,-1.213718652725,0.925246477127,-0.644544899464,-0.486306607723,0.357203662395,0.469545900822
1403715304.112143039703,2,2.104658603668,-1.223479509354,0.923328399658,-0.642358362675,-0.488030612469,0.361580729485,0.467398434877
1403715304.162142992020,2,2.095933437347,-1.232657432556,0.921485662460,-0.640266239643,-0.489246487617,0.365021616220,0.466322064400
1403715304.212143182755,2,2.088370323181,-1.241276264191,0.918851613998,-0.639526247978,-0.490679144859,0.366566240788,0.464617431164
1403715304.262142896652,2,2.081758260727,-1.249547719955,0.915734052658,-0.639812409878,-0.491840153933,0.367062002420,0.462600052357
1403715304.312143087387,2,2.074591636658,-1.255546331406,0.911945581436,-0.640752375126,-0.492937862873,0.366467952728,0.460597336292
1403715304.362143039703,2,2.069709539413,-1.262630701065,0.907615184784,-0.641894996166,-0.493431508541,0.365639775991,0.459133654833
1403715304.412142992020,2,2.065723896027,-1.269225955009,0.902792453766,-0.643274784088,-0.493801862001,0.364225596189,0.457926869392
1403715304.462142944336,2,2.062381744385,-1.275171756744,0.897768497467,-0.644429028034,-0.493724822998,0.362256795168,0.457948714495
1403715304.512143135071,2,2.059686183929,-1.280474185944,0.891558647156,-0.643936634064,-0.493934929371,0.359269559383,0.460759609938
1403715304.562143087387,2,2.057593345642,-1.285574793816,0.882444620132,-0.644109189510,-0.493959128857,0.356146007776,0.462912291288
1403715304.612143039703,2,2.056043624878,-1.290462970734,0.870739698410,-0.644247829914,-0.493619769812,0.353421747684,0.465163826942
1403715304.662142992020,2,2.055059909821,-1.295572280884,0.857881546021,-0.644474923611,-0.491982012987,0.352485805750,0.467289566994
1403715304.712143182755,2,2.054823637009,-1.300430536270,0.844297885895,-0.645011901855,-0.490801244974,0.350854575634,0.469014912844
1403715304.762142896652,2,2.054887533188,-1.305452823639,0.830499410629,-0.645916640759,-0.490524411201,0.347905129194,0.470254868269
1403715304.812143087387,2,2.056296825409,-1.311411261559,0.818323850632,-0.646815478802,-0.489763110876,0.346150100231,0.471107244492
1403715304.862143039703,2,2.057280063629,-1.316659808159,0.808948040009,-0.648011505604,-0.489460945129,0.344078242779,0.471295267344
1403715304.912142992020,2,2.058081388474,-1.321993112564,0.802769422531,-0.648810982704,-0.489359498024,0.342046707869,0.471779257059
1403715304.962142944336,2,2.059072971344,-1.327721714973,0.800208091736,-0.650052547455,-0.489201903343,0.340774893761,0.471153616905
1403715305.012143135071,2,2.060335874557,-1.334000706673,0.800723552704,-0.650493502617,-0.489047557116,0.340077191591,0.471209347248
1403715305.062143087387,2,2.061850309372,-1.340644836426,0.803865194321,-0.651691973209,-0.488689154387,0.340059697628,0.469936162233
1403715305.112143039703,2,2.063371658325,-1.347640156746,0.809402942657,-0.652261555195,-0.488427758217,0.340162098408,0.469343215227
1403715305.162142992020,2,2.065112590790,-1.354802608490,0.815864324570,-0.652976632118,-0.488738298416,0.339816033840,0.468274950981
1403715305.212143182755,2,2.066915512085,-1.361681222916,0.821424961090,-0.654209315777,-0.489038616419,0.339977115393,0.466119080782
1403715305.262142896652,2,2.068594455719,-1.368282318115,0.826474189758,-0.654965102673,-0.489176720381,0.340352475643,0.464636564255
1403715305.312143087387,2,2.069125413895,-1.373916983604,0.829209327698,-0.654850661755,-0.490250200033,0.339717894793,0.464130491018
1403715305.362143039703,2,2.070210218430,-1.380367755890,0.832459449768,-0.655484914780,-0.490827858448,0.340350925922,0.462156772614
1403715305.412142992020,2,2.071280956268,-1.386622071266,0.835801839828,-0.654869675636,-0.492307871580,0.339979499578,0.461728006601
1403715305.462142944336,2,2.072440147400,-1.392830133438,0.840677499771,-0.653587698936,-0.493412762880,0.341052323580,0.461573839188
1403715305.512143135071,2,2.074045181274,-1.398900389671,0.848515987396,-0.652346074581,-0.493991464376,0.343227833509,0.461098313332
1403715305.562143087387,2,2.075990200043,-1.404754519463,0.859499692917,-0.650810420513,-0.495534896851,0.344521582127,0.460647344589
1403715305.612143039703,2,2.078281164169,-1.410352349281,0.873674392700,-0.649721145630,-0.497495263815,0.345520585775,0.459321796894
1403715305.662142992020,2,2.080213785172,-1.415764808655,0.891671419144,-0.647945523262,-0.498888999224,0.347348272800,0.458939641714
1403715305.712143182755,2,2.081540346146,-1.421039223671,0.912207841873,-0.647938191891,-0.499078243971,0.350363880396,0.456445276737
1403715305.762142896652,2,2.083086252213,-1.425631403923,0.933976173401,-0.646792650223,-0.500136613846,0.351948648691,0.455691516399
1403715305.812143087387,2,2.084109067917,-1.429771780968,0.954105854034,-0.646375477314,-0.500939488411,0.353322833776,0.454336166382
1403715305.862143039703,2,2.085405588150,-1.433484911919,0.974096059799,-0.645671606064,-0.502353310585,0.353192478418,0.453877210617
1403715305.912142992020,2,2.086737871170,-1.436579704285,0.993592023849,-0.645573973656,-0.503552258015,0.352720171213,0.453053951263
1403715305.962142944336,2,2.087554693222,-1.439074397087,1.012711286545,-0.645243406296,-0.504306495190,0.352440297604,0.452903836966
1403715306.012143135071,2,2.088207960129,-1.441175818443,1.030889511108,-0.645258724689,-0.504839837551,0.352164357901,0.452502161264
1403715306.062143087387,2,2.088717222214,-1.442129373550,1.049549579620,-0.645711362362,-0.505976080894,0.350790143013,0.451654016972
1403715306.112143039703,2,2.089321851730,-1.443487167358,1.065251111984,-0.646768212318,-0.506589472294,0.349882036448,0.450156271458
1403715306.162142992020,2,2.089442491531,-1.444696426392,1.080943346024,-0.648606121540,-0.505014002323,0.352089554071,0.447553366423
1403715306.212143182755,2,2.088940620422,-1.445084333420,1.096752166748,-0.650304853916,-0.501106202602,0.356048196554,0.446347326040
1403715306.262142896652,2,2.088257074356,-1.444478154182,1.112262964249,-0.652072608471,-0.495743095875,0.360488414764,0.446193039417
1403715306.312143087387,2,2.087743282318,-1.442630767822,1.127250194550,-0.654335439205,-0.488464623690,0.365561693907,0.446779817343
1403715306.362143039703,2,2.087250709534,-1.439275383949,1.142185211182,-0.656681180000,-0.480791538954,0.369468122721,0.448444664478
1403715306.412142992020,2,2.087309122086,-1.433912396431,1.157207012177,-0.658450305462,-0.472075343132,0.373024612665,0.452151358128
1403715306.462142944336,2,2.088437557220,-1.426277637482,1.171757459641,-0.660835444927,-0.463947296143,0.373769253492,0.456449329853
1403715306.512143135071,2,2.090903282166,-1.416632056236,1.185290098190,-0.663324058056,-0.456503540277,0.371811687946,0.461911022663
1403715306.562143087387,2,2.094418048859,-1.404685378075,1.198541641235,-0.666156232357,-0.449190080166,0.367840766907,0.468142479658
1403715306.612143039703,2,2.099920272827,-1.391121864319,1.212282419205,-0.668657660484,-0.440668016672,0.363877981901,0.475711613894
1403715306.662142992020,2,2.107255458832,-1.375916361809,1.226012945175,-0.670960605145,-0.432361334562,0.358251661062,0.484284400940
1403715306.712143182755,2,2.116965055466,-1.359410881996,1.239142894745,-0.673100650311,-0.425173997879,0.350047916174,0.493588060141
1403715306.762142896652,2,2.129326820374,-1.342139720917,1.251384973526,-0.675433218479,-0.418552756310,0.339763671160,0.503154337406
1403715306.812143087387,2,2.144081115723,-1.324499845505,1.264011144638,-0.676765978336,-0.410170078278,0.330834448338,0.514098167419
1403715306.862143039703,2,2.161076068878,-1.307130932808,1.276152849197,-0.677979528904,-0.401646018028,0.321204364300,0.525216281414
1403715306.912142992020,2,2.179786443710,-1.290270328522,1.285195589066,-0.679502308369,-0.394220262766,0.308916270733,0.536132216454
1403715306.962142944336,2,2.200859546661,-1.273976325989,1.295642614365,-0.682133972645,-0.388518184423,0.294127672911,0.545193374157
1403715307.012143135071,2,2.223804712296,-1.258998990059,1.304452180862,-0.684945046902,-0.383707761765,0.277407318354,0.553772330284
1403715307.062143087387,2,2.249184131622,-1.246535181999,1.309676647186,-0.689060270786,-0.378493607044,0.261053770781,0.560169279575
1403715307.112143039703,2,2.275939464569,-1.236513853073,1.311425685883,-0.695275187492,-0.372930496931,0.245704025030,0.563156068325
1403715307.162142992020,2,2.303559064865,-1.229053139687,1.308856725693,-0.703031361103,-0.367471426725,0.230241864920,0.563649117947
1403715307.212143182755,2,2.331426382065,-1.224150657654,1.303241729736,-0.710527479649,-0.361377626657,0.215887501836,0.563870191574
1403715307.262142896652,2,2.358692884445,-1.222102761269,1.294804334641,-0.717735707760,-0.355457872152,0.201839581132,0.563707292080
1403715307.312143087387,2,2.385135412216,-1.222734093666,1.283905982971,-0.725031375885,-0.347911030054,0.190330713987,0.563082396984
1403715307.362143039703,2,2.410184860229,-1.225923418999,1.271630525589,-0.733475625515,-0.338673591614,0.181890323758,0.560561954975
1403715307.412142992020,2,2.435074806213,-1.232852458954,1.255549669266,-0.743051230907,-0.326585054398,0.178234428167,0.556281983852
1403715307.462142944336,2,2.457515954971,-1.239849209785,1.243869781494,-0.752219676971,-0.313979685307,0.175781816244,0.551981151104
1403715307.512143135071,2,2.478818178177,-1.247968316078,1.232308149338,-0.760349214077,-0.301904678345,0.173290610313,0.548354804516
1403715307.562143087387,2,2.498676776886,-1.256548047066,1.220941305161,-0.767593622208,-0.289683401585,0.171105742455,0.545533239841
1403715307.612143039703,2,2.517128467560,-1.265048146248,1.209694623947,-0.773737788200,-0.278006970882,0.168325901031,0.543790817261
1403715307.662142992020,2,2.534684658051,-1.273103475571,1.198426485062,-0.779162228107,-0.266654431820,0.164471700788,0.542909622192
1403715307.712143182755,2,2.551844120026,-1.280572891235,1.186238050461,0.784310638905,0.256186217070,-0.158289015293,-0.542374551296
1403715307.762142896652,2,2.568214893341,-1.287601709366,1.173609495163,0.788450062275,0.246210500598,-0.150758072734,-0.543138086796
1403715307.812143087387,2,2.583886146545,-1.293578624725,1.160022258759,0.792312026024,0.236282616854,-0.142255872488,-0.544220089912
1403715307.862143039703,2,2.599043607712,-1.298794865608,1.146511077881,0.795696139336,0.226267069578,-0.133695691824,-0.545707225800
1403715307.912142992020,2,2.611116409302,-1.303056120872,1.130659818649,0.798855364323,0.216715827584,-0.124414391816,-0.547161281109
1403715307.962142944336,2,2.624827623367,-1.307079315186,1.117368221283,0.801419436932,0.207282304764,-0.115348406136,-0.549049794674
1403715308.012143135071,2,2.637482643127,-1.310318470001,1.104189634323,0.803590178490,0.197438180447,-0.106692798436,-0.551250934601
1403715308.062143087387,2,2.649029731750,-1.312892436981,1.091308116913,0.805777251720,0.187448769808,-0.098393753171,-0.553086519241
1403715308.112143039703,2,2.659427165985,-1.314797282219,1.078656673431,0.807763636112,0.177557677031,-0.090376779437,-0.554818272591
1403715308.162142992020,2,2.668398141861,-1.316207051277,1.066169023514,0.809654712677,0.168647944927,-0.082982815802,-0.555995523930
1403715308.212143182755,2,2.675590038300,-1.320193052292,1.053766846657,0.810686469078,0.160645902157,-0.076316721737,-0.557813763618
1403715308.262142896652,2,2.682409763336,-1.320785522461,1.041672587395,0.812274456024,0.152491405606,-0.070383399725,-0.558572053909
1403715308.312143087387,2,2.688103437424,-1.321007251740,1.029460310936,0.813536643982,0.144984066486,-0.063880726695,-0.559514999390
1403715308.362143039703,2,2.692355632782,-1.320856094360,1.017659187317,0.814393222332,0.137281015515,-0.058970432729,-0.560749590397
1403715308.412142992020,2,2.695372104645,-1.320520401001,1.005674600601,0.815753698349,0.129992783070,-0.055543828756,-0.560858905315
1403715308.462142944336,2,2.697264194489,-1.319614410400,0.993703722954,0.816634237766,0.123345404863,-0.053829137236,-0.561245977879
1403715308.512143135071,2,2.697812795639,-1.318240880966,0.982502460480,0.817203342915,0.117175802588,-0.054010666907,-0.561721861362
1403715308.562143087387,2,2.697246313095,-1.316095113754,0.973376154900,0.817981004715,0.111863940954,-0.055368594825,-0.561540544033
1403715308.612143039703,2,2.696103811264,-1.313233733177,0.966909527779,0.818741738796,0.107675112784,-0.056965008378,-0.561091065407
1403715308.662142992020,2,2.695824861526,-1.309279441833,0.960115313530,0.818743050098,0.105034425855,-0.058352693915,-0.561446845531
1403715308.712143182755,2,2.693935632706,-1.305440425873,0.958789944649,0.819554388523,0.102622486651,-0.059635017067,-0.560573697090
1403715308.762142896652,2,2.692073106766,-1.300425410271,0.960203766823,0.819797217846,0.101360082626,-0.060373120010,-0.560369253159
1403715308.812143087387,2,2.690410614014,-1.293931722641,0.963843107224,0.820483028889,0.100989922881,-0.060636751354,-0.559403121471
1403715308.862143039703,2,2.688715457916,-1.286419987679,0.969012975693,0.821347355843,0.100217655301,-0.062082171440,-0.558113574982
1403715308.912142992020,2,2.687202692032,-1.277850985527,0.974194765091,0.822076857090,0.099661536515,-0.064242541790,-0.556893408298
1403715308.962142944336,2,2.685834884644,-1.267708182335,0.979445457458,0.821806490421,0.099463477731,-0.066614001989,-0.557049155235
1403715309.012143135071,2,2.684562444687,-1.255921125412,0.984832406044,0.820825934410,0.099582165480,-0.069764845073,-0.558086991310
1403715309.062143087387,2,2.683606386185,-1.243135809898,0.990229129791,0.819187521935,0.099276334047,-0.074051946402,-0.559993267059
1403715309.112143039703,2,2.683275222778,-1.229936361313,0.995251059532,0.817976415157,0.098989769816,-0.078776322305,-0.561168313026
1403715309.162142992020,2,2.686815738678,-1.213883399963,1.000657916069,0.816538810730,0.099663823843,-0.083626940846,-0.562439441681
1403715309.212143182755,2,2.687721490860,-1.199807405472,1.005418539047,0.813527703285,0.099314332008,-0.089348264039,-0.565973758698
1403715309.262142896652,2,2.689532279968,-1.184900760651,1.010789036751,0.808656513691,0.098891794682,-0.095230177045,-0.572037041187
1403715309.312143087387,2,2.692862272263,-1.169841408730,1.015728116035,0.804019987583,0.099871762097,-0.099543340504,-0.577640593052
1403715309.362143039703,2,2.697879552841,-1.154954910278,1.019209384918,0.801754951477,0.103607341647,-0.099837720394,-0.580075025558
1403715309.412142992020,2,2.704308986664,-1.140422582626,1.021857142448,0.800830841064,0.109157189727,-0.097647652030,-0.580706059933
1403715309.462142944336,2,2.712002038956,-1.126265168190,1.024427652359,0.800673425198,0.114957280457,-0.094411306083,-0.580339014530
1403715309.512143135071,2,2.720456600189,-1.112727284431,1.027516007423,0.800300836563,0.120376147330,-0.091631703079,-0.580199837685
1403715309.562143087387,2,2.728718757629,-1.098293781281,1.031852602959,0.800510466099,0.125210374594,-0.089507400990,-0.579218327999
1403715309.612143039703,2,2.737689018250,-1.085739970207,1.036114215851,0.800295472145,0.128821358085,-0.088333696127,-0.578903734684
1403715309.662142992020,2,2.746954202652,-1.073989510536,1.040114521980,0.800161421299,0.131884798408,-0.088052228093,-0.578441858292
1403715309.712143182755,2,2.756211280823,-1.062952876091,1.043857812881,0.800558686256,0.133650735021,-0.089182369411,-0.577312529087
1403715309.762142896652,2,2.765516757965,-1.052876353264,1.047850847244,0.801137268543,0.134803190827,-0.090892933309,-0.575973749161
1403715309.812143087387,2,2.774892091751,-1.043389320374,1.052040815353,0.801988899708,0.135043099523,-0.094230718911,-0.574193239212
1403715309.862143039703,2,2.784303665161,-1.034081697464,1.055867671967,0.803359866142,0.133321136236,-0.099088490009,-0.571856617928
1403715309.912142992020,2,2.793567895889,-1.024548649788,1.059242963791,0.805016577244,0.131196200848,-0.104857027531,-0.568982362747
1403715309.962142944336,2,2.803802967072,-1.014429211617,1.061363220215,0.805142521858,0.129045218229,-0.109938040376,-0.568336665630
1403715310.012143135071,2,2.814650774002,-1.003614425659,1.063046216965,0.803710579872,0.127269923687,-0.114298015833,-0.569901525974
1403715310.062143087387,2,2.826618432999,-0.992808222771,1.061012148857,0.800596833229,0.124800316989,-0.117303818464,-0.574203252792
1403715310.112143039703,2,2.840411663055,-0.981536388397,1.061980366707,0.797367572784,0.122235029936,-0.117928467691,-0.579099655151
1403715310.162142992020,2,2.855894804001,-0.970319628716,1.062642097473,0.794109940529,0.119471326470,-0.116299159825,-0.584457576275
1403715310.212143182755,2,2.873265981674,-0.959258556366,1.063389897346,0.791761934757,0.117219328880,-0.111669346690,-0.588984429836
1403715310.262142896652,2,2.892356395721,-0.946018457413,1.064801216125,0.790175020695,0.115935340524,-0.103720255196,-0.592810809612
1403715310.312143087387,2,2.913131237030,-0.936390638351,1.065424442291,0.788891017437,0.114798635244,-0.093676738441,-0.596403360367
1403715310.362143039703,2,2.934669494629,-0.928377985954,1.066802263260,0.788561642170,0.111772410572,-0.084526099265,-0.598776161671
1403715310.412142992020,2,2.957901000977,-0.924776673317,1.070151686668,0.789226293564,0.107372574508,-0.075495168567,-0.599911212921
1403715310.462142944336,2,2.980138063431,-0.920219302177,1.072183370590,0.790794432163,0.101615794003,-0.067343249917,-0.599819362164
1403715310.512143135071,2,3.002372741699,-0.919162273407,1.073626756668,0.793785631657,0.096339955926,-0.059855923057,-0.597528517246
1403715310.562143087387,2,3.024130821228,-0.917771100998,1.075512647629,0.797564804554,0.091369286180,-0.053386975080,-0.593878686428
1403715310.612143039703,2,3.045653820038,-0.917748212814,1.077846527100,0.801799476147,0.087134167552,-0.047555718571,-0.589290857315
1403715310.662142992020,2,3.066661834717,-0.919477105141,1.079262495041,0.805939197540,0.083356216550,-0.042742569000,-0.584539890289
1403715310.712143182755,2,3.087011814117,-0.920940518379,1.081769704819,0.809404134750,0.079957179725,-0.038831595331,-0.580485939980
1403715310.762142896652,2,3.106595516205,-0.922687053680,1.084529876709,0.812090516090,0.077035896480,-0.035857472569,-0.577311754227
1403715310.812143087387,2,3.125290632248,-0.924184143543,1.087405443192,0.813889324665,0.074291475117,-0.034205663949,-0.575234770775
1403715310.862143039703,2,3.142146587372,-0.927917242050,1.091776609421,0.814744412899,0.071829929948,-0.032805521041,-0.574417829514
1403715310.912142992020,2,3.159559726715,-0.929132223129,1.094861745834,0.815191268921,0.069599024951,-0.031917050481,-0.574108362198
1403715310.962142944336,2,3.176441907883,-0.930364787579,1.098378181458,0.816219508648,0.066847890615,-0.031795319170,-0.572980105877
1403715311.012143135071,2,3.192906141281,-0.931945323944,1.101238965988,0.817749261856,0.063482627273,-0.032921202481,-0.571115076542
1403715311.062143087387,2,3.208901166916,-0.933302760124,1.103123664856,0.819476425648,0.059163741767,-0.035363562405,-0.568953037262
1403715311.112143039703,2,3.224764823914,-0.933961868286,1.104737043381,0.820891797543,0.056021209806,-0.036859210581,-0.567132949829
1403715311.162142992020,2,3.240675449371,-0.933800816536,1.105839967728,0.821886599064,0.052919983864,-0.038694918156,-0.565866351128
1403715311.212143182755,2,3.256695747375,-0.932884573936,1.106897830963,0.822401523590,0.049377728254,-0.041342306882,-0.565250873566
1403715311.262142896652,2,3.275121688843,-0.932764053345,1.101269245148,0.822448372841,0.047095544636,-0.042554959655,-0.565287411213
1403715311.312143087387,2,3.291738510132,-0.930335760117,1.102508068085,0.823096632957,0.044672407210,-0.044373214245,-0.564400076866
1403715311.362143039703,2,3.309026241302,-0.926882982254,1.103900909424,0.824025809765,0.042972542346,-0.045234292746,-0.563106358051
1403715311.412142992020,2,3.327153921127,-0.921955347061,1.105836629868,0.824662566185,0.043057557195,-0.043504714966,-0.562303364277
1403715311.462142944336,2,3.346043109894,-0.915915489197,1.107898712158,0.825092494488,0.044789340347,-0.039826255292,-0.561809778214
1403715311.512143135071,2,3.366162061691,-0.908748149872,1.109690427780,0.825283586979,0.047142695636,-0.034729767591,-0.561674714088
1403715311.562143087387,2,3.386268854141,-0.900536894798,1.111680150032,0.824975550175,0.048891548067,-0.030827330425,-0.562205135822
1403715311.612143039703,2,3.406359434128,-0.891381263733,1.114231586456,0.824346542358,0.049991160631,-0.028039664030,-0.563176155090
1403715311.662142992020,2,3.426452636719,-0.881030440331,1.116665482521,0.823944628239,0.050724402070,-0.025496840477,-0.563819408417
1403715311.712143182755,2,3.447357892990,-0.871349573135,1.116301774979,0.823454260826,0.049490012228,-0.026074469090,-0.564618468285
1403715311.762142896652,2,3.466605424881,-0.860328197479,1.119206666946,0.823081612587,0.048201624304,-0.026626383886,-0.565247118473
1403715311.812143087387,2,3.485823392868,-0.848134279251,1.122110605240,0.822780847549,0.046223659068,-0.027346616611,-0.565815627575
1403715311.862143039703,2,3.504888057709,-0.831889271736,1.124226093292,0.822438061237,0.042980182916,-0.029280327260,-0.566472530365
1403715311.912142992020,2,3.523988723755,-0.817856311798,1.127257943153,0.821657001972,0.041049193591,-0.029261773452,-0.567748665810
1403715311.962142944336,2,3.543354988098,-0.803134202957,1.129812240601,0.821563303471,0.040190298110,-0.027211099863,-0.568047583103
1403715312.012143135071,2,3.562770605087,-0.787259578705,1.131930351257,0.821614027023,0.040478195995,-0.023560738191,-0.568116962910
1403715312.062143087387,2,3.582110881805,-0.770608901978,1.133692979813,0.821754634380,0.041227221489,-0.019448088482,-0.568015396595
1403715312.112143039703,2,3.600551128387,-0.752806186676,1.137164831161,0.821216762066,0.041096564382,-0.016567384824,-0.568893373013
1403715312.162142992020,2,3.619454860687,-0.735271096230,1.139165043831,0.820689857006,0.041227292269,-0.013486994430,-0.569725036621
1403715312.212143182755,2,3.637712717056,-0.717291235924,1.141339063644,0.820547938347,0.040847882628,-0.011288542300,-0.570004522800
1403715312.262142896652,2,3.655551910400,-0.699003219604,1.143726825714,0.820595860481,0.039679437876,-0.010107299313,-0.570040285587
1403715312.312143087387,2,3.670894145966,-0.686921596527,1.151223301888,0.820653319359,0.037123810500,-0.010393070057,-0.570124566555
1403715312.362143039703,2,3.687880754471,-0.668506145477,1.153217792511,0.820968925953,0.034627161920,-0.011587006040,-0.569804131985
1403715312.412142992020,2,3.704824447632,-0.649617552757,1.155052661896,0.820817291737,0.032296411693,-0.012769574299,-0.570134162903
1403715312.462142944336,2,3.721746683121,-0.630161285400,1.159088969231,0.820559263229,0.030161798000,-0.014477157034,-0.570581555367
1403715312.512143135071,2,3.738519906998,-0.610679984093,1.160117626190,0.819308817387,0.028638238087,-0.015580781735,-0.572424888611
1403715312.562143087387,2,3.755336999893,-0.591520905495,1.161062002182,0.818423986435,0.028636500239,-0.014360881411,-0.573721230030
1403715312.612143039703,2,3.772731542587,-0.571522474289,1.160302162170,0.816392898560,0.029829630628,-0.012658799998,-0.576587021351
1403715312.662142992020,2,3.790132999420,-0.551361799240,1.158944606781,0.813648641109,0.031927283853,-0.010426567867,-0.580385923386
1403715312.712143182755,2,3.805835008621,-0.530470371246,1.157839536667,0.810906410217,0.033676512539,-0.008912795223,-0.584138095379
1403715312.762142896652,2,3.822695732117,-0.511013627052,1.154935717583,0.808642804623,0.036375377327,-0.007081330754,-0.587131619453
1403715312.812143087387,2,3.838075637817,-0.490588068962,1.153264522552,0.806759119034,0.040117107332,-0.004618946463,-0.589498996735
1403715312.862143039703,2,3.853615999222,-0.472380757332,1.150554418564,0.803576886654,0.043780345470,-0.003485640977,-0.593578398228
1403715312.912142992020,2,3.866271972656,-0.454770803452,1.148219585419,0.800580143929,0.046934042126,-0.003590784967,-0.597374022007
1403715312.962142944336,2,3.879917144775,-0.439265847206,1.149441719055,0.797880411148,0.050403695554,-0.003775794990,-0.600692987442
1403715313.012143135071,2,3.892657756805,-0.425923943520,1.153435826302,0.795892238617,0.053525645286,-0.004369688220,-0.603051900864
1403715313.062143087387,2,3.903088092804,-0.414790749550,1.161136746407,0.795053780079,0.056800916791,-0.004323208239,-0.603857934475
1403715313.112143039703,2,3.913673162460,-0.405343532562,1.169638752937,0.795365154743,0.060071635991,-0.004509322345,-0.603129744530
1403715313.162142992020,2,3.922954559326,-0.397374153137,1.180250883102,0.795394837856,0.062513723969,-0.005660377443,-0.602832496166
1403715313.212143182755,2,3.927220344543,-0.391893744469,1.193272829056,0.796288132668,0.063272200525,-0.008201610297,-0.601543545723
1403715313.262142896652,2,3.933971881866,-0.387309670448,1.204094052315,0.798014819622,0.063427448273,-0.012007948942,-0.599170386791
1403715313.312143087387,2,3.939985990524,-0.384667634964,1.213860154152,0.800095617771,0.063412182033,-0.015730636194,-0.596303939819
1403715313.362143039703,2,3.945230484009,-0.382955193520,1.223056554794,0.802453041077,0.063474260271,-0.018436135724,-0.593043327332
1403715313.412142992020,2,3.946690320969,-0.381078124046,1.234292507172,0.805072188377,0.063766792417,-0.019649203867,-0.589412033558
1403715313.462142944336,2,3.951363086700,-0.380720853806,1.242809772491,0.807104647160,0.062636226416,-0.020568897948,-0.586716175079
1403715313.512143135071,2,3.956119537354,-0.380996108055,1.251490950584,0.808105766773,0.061146989465,-0.018929336220,-0.585549175739
1403715313.562143087387,2,3.960656166077,-0.381637334824,1.260317087173,0.809230685234,0.058828216046,-0.016368972138,-0.584309101105
1403715313.612143039703,2,3.964581489563,-0.382470607758,1.269199132919,0.810347437859,0.057100594044,-0.012145031244,-0.583034455776
1403715313.662142992020,2,3.965467691422,-0.381811380386,1.279055118561,0.810814380646,0.055466592312,-0.007566472981,-0.582620203495
1403715313.712143182755,2,3.968228101730,-0.383515477180,1.288924574852,0.811027228832,0.053912244737,-0.004355735611,-0.582502663136
1403715313.762142896652,2,3.970045566559,-0.385602951050,1.299513220787,0.811665356159,0.051448069513,-0.003068753518,-0.581844627857
1403715313.812143087387,2,3.970618724823,-0.387912631035,1.310554027557,0.811847746372,0.049117561430,-0.002033100231,-0.581796050072
1403715313.862143039703,2,3.967378616333,-0.391228556633,1.320204377174,0.812008917332,0.046879857779,-0.000547555217,-0.581759095192
1403715313.912142992020,2,3.965894460678,-0.393943905830,1.331776499748,0.812132716179,0.044024221599,-0.001379932277,-0.581807971001
1403715313.962142944336,2,3.963568687439,-0.397095441818,1.342864155769,0.812239289284,0.040671557188,-0.003690231824,-0.581893205643
1403715314.012143135071,2,3.961059570312,-0.400352954865,1.352346062660,0.813150763512,0.037285655737,-0.004584760871,-0.580839633942
1403715314.062143087387,2,3.958747863770,-0.402962684631,1.355476260185,0.813835561275,0.034317079931,-0.002086362569,-0.580077290535
1403715314.112143039703,2,3.956691265106,-0.406147837639,1.362571716309,0.814650952816,0.030693547800,0.004076502752,-0.579124510288
1403715314.162142992020,2,3.954789638519,-0.409167885780,1.368745684624,0.815296292305,0.024737458676,0.011525625363,-0.578400671482
1403715314.212143182755,2,3.952835798264,-0.412217736244,1.373803734779,0.816435158253,0.018030069768,0.020600426942,-0.576787769794
1403715314.262142896652,2,3.950479984283,-0.414954662323,1.378840208054,0.816730856895,0.010265793651,0.029761724174,-0.576159417629
1403715314.312143087387,2,3.949533224106,-0.420216083527,1.378385782242,0.817416012287,0.001574475202,0.037903483957,-0.574797332287
1403715314.362143039703,2,3.945195436478,-0.422816634178,1.382414579391,0.817964017391,-0.007468660362,0.046117424965,-0.573369264603
1403715314.412142992020,2,3.939446449280,-0.425333499908,1.385676026344,0.818189620972,-0.016960997134,0.051763232797,-0.572362422943
1403715314.462142944336,2,3.932493209839,-0.427645921707,1.388097047806,0.819011926651,-0.024833738804,0.057312287390,-0.570366680622
1403715314.512143135071,2,3.924369096756,-0.429132103920,1.390796422958,0.819207429886,-0.032361358404,0.061206042767,-0.569303035736
1403715314.562143087387,2,3.916818857193,-0.427379369736,1.389259576797,0.819606781006,-0.039905056357,0.062464900315,-0.568111419678
1403715314.612143039703,2,3.906655311584,-0.427714228630,1.391646623611,0.819558143616,-0.046711329371,0.063259974122,-0.567574441433
1403715314.662142992020,2,3.895851612091,-0.427989125252,1.393305540085,0.819044291973,-0.051906697452,0.064559318125,-0.567718505859
1403715314.712143182755,2,3.884368896484,-0.428264260292,1.393802165985,0.818808495998,-0.055974248797,0.065874911845,-0.567520976067
1403715314.762142896652,2,3.872314691544,-0.428295016289,1.393920421600,0.818267107010,-0.058717038482,0.067751966417,-0.567803621292
1403715314.812143087387,2,3.859725952148,-0.427947998047,1.394039154053,0.816908359528,-0.060731738806,0.069219335914,-0.569369077682
1403715314.862143039703,2,3.846942186356,-0.427349567413,1.393725156784,0.816330373287,-0.061553876847,0.071484088898,-0.569829702377
1403715314.912142992020,2,3.833558797836,-0.431926250458,1.388395667076,0.815007686615,-0.062402211130,0.072643212974,-0.571481823921
1403715314.962142944336,2,3.819161653519,-0.431550383568,1.387932896614,0.814271748066,-0.063558042049,0.072395429015,-0.572434127331
1403715315.012143135071,2,3.803892135620,-0.430641651154,1.387164354324,0.813567936420,-0.064544737339,0.071287207305,-0.573462545872
1403715315.062143087387,2,3.788030624390,-0.429057836533,1.386260271072,0.811928153038,-0.066120892763,0.069363370538,-0.575838148594
1403715315.112143039703,2,3.772276878357,-0.424734354019,1.385754823685,0.811502218246,-0.066604405642,0.068578347564,-0.576476454735
1403715315.162142992020,2,3.755945920944,-0.422831416130,1.383470535278,0.811760485172,-0.067172646523,0.067439332604,-0.576181173325
1403715315.212143182755,2,3.738927602768,-0.420031070709,1.384265661240,0.812266290188,-0.067389801145,0.066290967166,-0.575575888157
1403715315.262142896652,2,3.722519159317,-0.418095588684,1.382627248764,0.812309205532,-0.067673519254,0.066154234111,-0.575497746468
1403715315.312143087387,2,3.706548690796,-0.416352629662,1.381308197975,0.812283754349,-0.069216243923,0.067192621529,-0.575229883194
1403715315.362143039703,2,3.690535783768,-0.415910601616,1.384866833687,0.812038242817,-0.072116859257,0.069443590939,-0.574952840805
1403715315.412142992020,2,3.674746751785,-0.413863301277,1.384595990181,0.811634063721,-0.076537705958,0.071620270610,-0.574684858322
1403715315.462142944336,2,3.659200906754,-0.410305023193,1.386802554131,0.811205148697,-0.082326799631,0.074132353067,-0.574171543121
1403715315.512143135071,2,3.643598079681,-0.407951951027,1.387313008308,0.810308158398,-0.088679432869,0.077062517405,-0.574106335640
1403715315.562143087387,2,3.627307176590,-0.406925797462,1.389706254005,0.809294044971,-0.095145083964,0.079878307879,-0.574116766453
1403715315.612143039703,2,3.611881732941,-0.405343651772,1.390807151794,0.808266758919,-0.102044351399,0.083122849464,-0.573918521404
1403715315.662142992020,2,3.597668886185,-0.404542922974,1.393118381500,0.806915283203,-0.109406419098,0.086982317269,-0.573891997337
1403715315.712143182755,2,3.582836627960,-0.403098464012,1.395040750504,0.804854512215,-0.119437687099,0.088127031922,-0.574610769749
1403715315.762142896652,2,3.568242549896,-0.403666853905,1.396519064903,0.802698373795,-0.130428731441,0.088559277356,-0.575170457363
1403715315.812143087387,2,3.554704427719,-0.403277516365,1.398034930229,0.800976812840,-0.141740947962,0.089642122388,-0.574726045132
1403715315.862143039703,2,3.542507171631,-0.403241634369,1.398999452591,0.799508035183,-0.152185395360,0.092983111739,-0.573568403721
1403715315.912142992020,2,3.530009269714,-0.405055403709,1.397145032883,0.798143029213,-0.161638662219,0.098598293960,-0.571943283081
1403715315.962142944336,2,3.519894599915,-0.406362891197,1.397007703781,0.796481966972,-0.170171245933,0.105695821345,-0.570514440536
1403715316.012143135071,2,3.510778427124,-0.408585667610,1.395548224449,0.795342326164,-0.178778812289,0.113073512912,-0.568052113056
1403715316.062143087387,2,3.499713659286,-0.414294719696,1.391002058983,0.793684542179,-0.186177358031,0.122222341597,-0.566096007824
1403715316.112143039703,2,3.492360353470,-0.417524456978,1.387150049210,0.792484283447,-0.193169727921,0.132220238447,-0.563180208206
1403715316.162142992020,2,3.485952854156,-0.421067237854,1.381938934326,0.791417241096,-0.200177133083,0.142617970705,-0.559685647488
1403715316.212143182755,2,3.480100870132,-0.426749944687,1.378384590149,0.790815472603,-0.207486897707,0.153060615063,-0.555096983910
1403715316.262142896652,2,3.475045681000,-0.431075334549,1.371386408806,0.791431665421,-0.214644849300,0.164237752557,-0.548260509968
1403715316.312143087387,2,3.470183849335,-0.435114741325,1.364286303520,0.792230248451,-0.222877576947,0.174336984754,-0.540651023388
1403715316.362143039703,2,3.462379693985,-0.439492106438,1.358303308487,0.794048905373,-0.230154588819,0.184154003859,-0.531603813171
1403715316.412142992020,2,3.456713676453,-0.442206144333,1.349719524384,0.795427143574,-0.236729279160,0.192445278168,-0.523660063744
1403715316.462142944336,2,3.450337648392,-0.443177819252,1.341424584389,0.795467972755,-0.242741197348,0.199341088533,-0.518238008022
1403715316.512143135071,2,3.443055152893,-0.441945791245,1.333514332771,0.794299781322,-0.248806640506,0.203524664044,-0.515519976616
1403715316.562143087387,2,3.435391187668,-0.438930094242,1.325790882111,0.791888296604,-0.254221081734,0.207213476300,-0.515118718147
1403715316.612143039703,2,3.426919937134,-0.433952689171,1.318264007568,0.788739919662,-0.259365886450,0.209355846047,-0.516516089439
1403715316.662142992020,2,3.418330192566,-0.427225172520,1.310459852219,0.784911274910,-0.263375967741,0.211562573910,-0.519411921501
1403715316.712143182755,2,3.409428358078,-0.419050812721,1.302280426025,0.780978560448,-0.268008917570,0.213277027011,-0.522261083126
1403715316.762142896652,2,3.400238990784,-0.410002648830,1.293307065964,0.777053892612,-0.272833913565,0.215911865234,-0.524529397488
1403715316.812143087387,2,3.391302824020,-0.399927735329,1.283903360367,0.773445248604,-0.277920782566,0.219167143106,-0.525840580463
1403715316.862143039703,2,3.378600120544,-0.385643839836,1.276849269867,0.769744396210,-0.284092545509,0.224291533232,-0.525812149048
1403715316.912142992020,2,3.370241641998,-0.373720705509,1.266358137131,0.765429973602,-0.291177392006,0.228648141026,-0.526358067989
1403715316.962142944336,2,3.362009286880,-0.361323356628,1.256070137024,0.760414421558,-0.298165798187,0.235264897346,-0.526799261570
1403715317.012143135071,2,3.353560447693,-0.348958969116,1.246188402176,0.754220962524,-0.306606531143,0.241568952799,-0.528003394604
1403715317.062143087387,2,3.344318628311,-0.336447060108,1.235833287239,0.749060213566,-0.316615253687,0.246768787503,-0.527037739754
1403715317.112143039703,2,3.334888935089,-0.324090659618,1.225451707840,0.744827270508,-0.327241212130,0.252477437258,-0.523832798004
1403715317.162142992020,2,3.325447559357,-0.311729073524,1.215326070786,0.740930795670,-0.338455617428,0.258374184370,-0.519338309765
1403715317.212143182755,2,3.315858840942,-0.299022972584,1.205480813980,0.736919760704,-0.349853664637,0.264671474695,-0.514296293259
1403715317.262142896652,2,3.306533813477,-0.286309182644,1.195981860161,0.732679545879,-0.360317826271,0.272415846586,-0.509059309959
1403715317.312143087387,2,3.297530174255,-0.273273587227,1.186787247658,0.727784752846,-0.371255725622,0.279971599579,-0.504097759724
1403715317.362143039703,2,3.285193681717,-0.262088060379,1.181206583977,0.722320616245,-0.383272498846,0.286519497633,-0.499261319637
1403715317.412142992020,2,3.274165868759,-0.249451816082,1.173216581345,0.715602278709,-0.395747065544,0.292247116566,-0.495872348547
1403715317.462142944336,2,3.263151645660,-0.236688911915,1.165476441383,0.709285557270,-0.407735079527,0.297968745232,-0.491813749075
1403715317.512143135071,2,3.252294540405,-0.223796010017,1.158128738403,0.702811777592,-0.419065117836,0.304037243128,-0.487853914499
1403715317.562143087387,2,3.242285490036,-0.210513055325,1.151245117188,0.696034252644,-0.429401546717,0.311062932014,-0.484138876200
1403715317.612143039703,2,3.232544898987,-0.197298109531,1.144511580467,0.689136862755,-0.439707577229,0.317500710487,-0.480563133955
1403715317.662142992020,2,3.223874092102,-0.183527112007,1.138388633728,0.681726992130,-0.450323432684,0.322947800159,-0.477662891150
1403715317.712143182755,2,3.215312957764,-0.170129716396,1.132382154465,0.674577474594,-0.460487693548,0.328595757484,-0.474258542061
1403715317.762142896652,2,3.207592487335,-0.157101869583,1.126587390900,0.667044579983,-0.471288949251,0.332811683416,-0.471354126930
1403715317.812143087387,2,3.199914932251,-0.144232094288,1.121500968933,0.658349215984,-0.483454942703,0.334401190281,-0.470131367445
1403715317.862143039703,2,3.197508811951,-0.134037315845,1.119919300079,0.650318741798,-0.496056884527,0.335289210081,-0.467540740967
1403715317.912142992020,2,3.189346075058,-0.123842000961,1.114516735077,0.642766416073,-0.506188273430,0.338617205620,-0.464718341827
1403715317.962142944336,2,3.181630373001,-0.114930629730,1.109091997147,0.636001110077,-0.515184640884,0.342950820923,-0.460947126150
1403715318.012143135071,2,3.174346446991,-0.107232570648,1.103510141373,0.629612207413,-0.523525178432,0.347498416901,-0.456896871328
1403715318.062143087387,2,3.167488574982,-0.100535690784,1.098249673843,0.623195171356,-0.530586838722,0.351379275322,-0.454574674368
1403715318.112143039703,2,3.161424160004,-0.095090031624,1.093090534210,0.617681562901,-0.536993384361,0.353888422251,-0.452626466751
1403715318.162142992020,2,3.156291484833,-0.091265082359,1.087795257568,0.613318681717,-0.541752398014,0.357014477253,-0.450427919626
1403715318.212143182755,2,3.151738643646,-0.089024007320,1.082090139389,0.610565185547,-0.545398175716,0.359993368387,-0.447387725115
1403715318.262142896652,2,3.147731781006,-0.088367879391,1.076298236847,0.607915997505,-0.548478364944,0.362323790789,-0.445343881845
1403715318.312143087387,2,3.144023656845,-0.089408576488,1.070029973984,0.606106638908,-0.551107287407,0.365041732788,-0.442334741354
1403715318.362143039703,2,3.146440744400,-0.091678440571,1.065991878510,0.604295253754,-0.553798675537,0.367878079414,-0.439090102911
1403715318.412142992020,2,3.143472671509,-0.095474123955,1.059945821762,0.603106379509,-0.555842518806,0.372022897005,-0.434627234936
1403715318.462142944336,2,3.140805244446,-0.100979685783,1.053341150284,0.602633357048,-0.557308018208,0.377964079380,-0.428233474493
1403715318.512143135071,2,3.138448476791,-0.107565402985,1.046409845352,0.602545201778,-0.558740496635,0.384167343378,-0.420908242464
1403715318.562143087387,2,3.136488676071,-0.114738583565,1.039456129074,0.602071523666,-0.561720430851,0.388865977526,-0.413235306740
1403715318.612143039703,2,3.135072708130,-0.122302711010,1.032304525375,0.601844072342,-0.566381096840,0.391658633947,-0.404474705458
1403715318.662142992020,2,3.134464740753,-0.129884004593,1.025118589401,0.601159453392,-0.572438478470,0.393089562654,-0.395477205515
1403715318.712143182755,2,3.134798526764,-0.137213230133,1.017782211304,0.600332140923,-0.579761385918,0.392841577530,-0.386204093695
1403715318.762142896652,2,3.137090444565,-0.144484400749,1.011211633682,0.596995592117,-0.587401688099,0.392935335636,-0.379680544138
1403715318.812143087387,2,3.139051437378,-0.152570605278,1.004285335541,0.593673765659,-0.594060242176,0.394951611757,-0.372367024422
1403715318.862143039703,2,3.145951271057,-0.159789204597,0.998067855835,0.588544249535,-0.599856376648,0.398342072964,-0.367575258017
1403715318.912142992020,2,3.155150413513,-0.166729569435,0.992184877396,0.583290815353,-0.604255855083,0.402842372656,-0.363819777966
1403715318.962142944336,2,3.166922330856,-0.173386335373,0.986726522446,0.578016877174,-0.607680261135,0.407863795757,-0.360927194357
1403715319.012143135071,2,3.180720090866,-0.179674267769,0.981626033783,0.571773529053,-0.611275017262,0.413222938776,-0.358698576689
1403715319.062143087387,2,3.196437120438,-0.185863494873,0.976696968079,0.565411090851,-0.614392220974,0.419678360224,-0.355953097343
1403715319.112143039703,2,3.213315725327,-0.191493034363,0.972121238708,0.558958351612,-0.616612255573,0.427389442921,-0.353119134903
1403715319.162142992020,2,3.231724500656,-0.196724176407,0.967902421951,0.552440643311,-0.618782639503,0.435352683067,-0.349836498499
1403715319.212143182755,2,3.251412630081,-0.201155245304,0.964072227478,0.545403957367,-0.621866941452,0.442481279373,-0.346448272467
1403715319.262142896652,2,3.271989583969,-0.205008149147,0.960169076920,0.538609147072,-0.625906169415,0.448498576880,-0.342039048672
1403715319.312143087387,2,3.294643402100,-0.206690967083,0.958305835724,0.532150506973,-0.629826068878,0.454701453447,-0.336721777916
1403715319.362143039703,2,3.317512035370,-0.209117293358,0.954969406128,0.525376200676,-0.634019732475,0.460588872433,-0.331446528435
1403715319.412142992020,2,3.341254472733,-0.210170924664,0.951884269714,0.518041849136,-0.638289093971,0.466010302305,-0.327191412449
1403715319.462142944336,2,3.365390539169,-0.210045695305,0.949010133743,0.509724199772,-0.643366754055,0.470038086176,-0.324537694454
1403715319.512143135071,2,3.389609336853,-0.209180414677,0.946144819260,0.501016378403,-0.648842692375,0.473803192377,-0.321708530188
1403715319.562143087387,2,3.414347887039,-0.207579612732,0.943351984024,0.493185043335,-0.654011189938,0.477566957474,-0.317754238844
1403715319.612143039703,2,3.439490795135,-0.205112874508,0.941972255707,0.485380887985,-0.658934593201,0.480609178543,-0.315000742674
1403715319.662142992020,2,3.461559295654,-0.200182259083,0.944535493851,0.480046600103,-0.662588894367,0.483511060476,-0.311043858528
1403715319.712143182755,2,3.486749410629,-0.194878280163,0.947856187820,0.475299447775,-0.665753781796,0.485046058893,-0.309180587530
1403715319.762142896652,2,3.512336254120,-0.188770174980,0.953956604004,0.472831219435,-0.668049871922,0.485841155052,-0.306754708290
1403715319.812143087387,2,3.538683414459,-0.181879281998,0.963544368744,0.470650434494,-0.669694125652,0.486062705517,-0.306171506643
1403715319.862143039703,2,3.565845966339,-0.174590170383,0.975925207138,0.468896925449,-0.671005368233,0.486455380917,-0.305366426706
1403715319.912142992020,2,3.593975543976,-0.166813373566,0.990821599960,0.466887861490,-0.672966957092,0.486180543900,-0.304564863443
1403715319.962142944336,2,3.622581481934,-0.158522725105,1.006563901901,0.465159088373,-0.674138844013,0.486969441175,-0.303355574608
1403715320.012143135071,2,3.652386188507,-0.149979412556,1.021765708923,0.462486594915,-0.675652742386,0.488372474909,-0.301814466715
1403715320.062143087387,2,3.682736873627,-0.140928149223,1.036374330521,0.459144175053,-0.677751958370,0.490038990974,-0.299500793219
1403715320.112143039703,2,3.713450193405,-0.131674230099,1.049980401993,0.455046832561,-0.679382145405,0.493645578623,-0.296119004488
1403715320.162142992020,2,3.743830919266,-0.123056054115,1.064391136169,0.449927389622,-0.682263016701,0.496949523687,-0.291759788990
1403715320.212143182755,2,3.774661064148,-0.112879812717,1.077856063843,0.442445993423,-0.685292184353,0.501856625080,-0.287673622370
1403715320.262142896652,2,3.805813789368,-0.102177143097,1.091134786606,0.432944834232,-0.687902867794,0.508764028549,-0.283738851547
1403715320.312143087387,2,3.837122678757,-0.090691983700,1.104202270508,0.420492887497,-0.691353380680,0.515704154968,-0.281541496515
1403715320.362143039703,2,3.868095397949,-0.078394711018,1.116729736328,0.406129807234,-0.696732044220,0.521139562130,-0.279350578785
1403715320.412142992020,2,3.898326873779,-0.065643191338,1.128581762314,0.391374945641,-0.703800916672,0.524824321270,-0.275770634413
1403715320.462142944336,2,3.926471948624,-0.050962448120,1.139869213104,0.376250296831,-0.711095631123,0.528566658497,-0.270917236805
1403715320.512143135071,2,3.953909635544,-0.037211716175,1.151172876358,0.361624926329,-0.719589948654,0.530431985855,-0.264687895775
1403715320.562143087387,2,3.980480670929,-0.023110508919,1.161875009537,0.346630275249,-0.727655708790,0.532336235046,-0.258810549974
1403715320.612143039703,2,4.005866050720,-0.008780121803,1.172834157944,0.331394791603,-0.735498726368,0.533779561520,-0.253571599722
1403715320.662142992020,2,4.029762268066,0.005607843399,1.183644294739,0.315521925688,-0.742877960205,0.535272836685,-0.249121129513
1403715320.712143182755,2,4.051926136017,0.020099163055,1.193715095520,0.300339132547,-0.749574601650,0.536302506924,-0.245589226484
1403715320.762142896652,2,4.072726249695,0.034635305405,1.203565120697,0.285437017679,-0.755365848541,0.536839604378,-0.244441136718
1403715320.812143087387,2,4.087632656097,0.051059305668,1.208427429199,0.272048294544,-0.759414255619,0.537924945354,-0.244778603315
1403715320.862143039703,2,4.103913784027,0.065316081047,1.216102123260,0.261271595955,-0.764444351196,0.536478638649,-0.244034379721
1403715320.912142992020,2,4.117609024048,0.078672468662,1.222964048386,0.253218978643,-0.769355118275,0.534153103828,-0.242184445262
1403715320.962142944336,2,4.128806114197,0.090559065342,1.229412555695,0.247791945934,-0.773110032082,0.532776653767,-0.238849744201
1403715321.012143135071,2,4.137573242188,0.101083159447,1.235315322876,0.244762182236,-0.776122272015,0.531927943230,-0.234047949314
1403715321.062143087387,2,4.144078254700,0.110140204430,1.240964651108,0.243099689484,-0.778079152107,0.532015621662,-0.229030266404
1403715321.112143039703,2,4.148881912231,0.118026733398,1.246586322784,0.242223799229,-0.779384732246,0.532480776310,-0.224391072989
1403715321.162142992020,2,4.152091979980,0.124660909176,1.251739025116,0.241831615567,-0.780319988728,0.532968759537,-0.220369279385
1403715321.212143182755,2,4.153568267822,0.129996120930,1.256117582321,0.242252871394,-0.781313896179,0.532939493656,-0.216419965029
1403715321.262142896652,2,4.153656482697,0.134285330772,1.260406494141,0.242466405034,-0.782049894333,0.532815337181,-0.213812813163
1403715321.312143087387,2,4.153085708618,0.136004984379,1.265094518661,0.242523029447,-0.782826423645,0.531962037086,-0.213030233979
1403715321.362143039703,2,4.150278091431,0.136839330196,1.268657207489,0.242372393608,-0.783289968967,0.531365096569,-0.212987408042
1403715321.412142992020,2,4.146032333374,0.136454284191,1.272388339043,0.241853356361,-0.783053517342,0.531554222107,-0.213972479105
1403715321.462142944336,2,4.140351295471,0.134746432304,1.276189208031,0.241825371981,-0.782224476337,0.532434523106,-0.214846298099
1403715321.512143135071,2,4.133039474487,0.131900787354,1.279770612717,0.243289172649,-0.781688094139,0.532567441463,-0.214816525578
1403715321.562143087387,2,4.124393939972,0.127817273140,1.283474206924,0.245179280639,-0.781526088715,0.531827926636,-0.215088695288
1403715321.612143039703,2,4.114006996155,0.122371137142,1.287238001823,0.248638644814,-0.780643463135,0.531995832920,-0.213904336095
1403715321.662142992020,2,4.102400779724,0.115096390247,1.291351675987,0.250679314137,-0.779314458370,0.533509016037,-0.212595820427
1403715321.712143182755,2,4.089992523193,0.106229305267,1.296289443970,0.249932914972,-0.776861011982,0.537316679955,-0.212864682078
1403715321.762142896652,2,4.076347827911,0.096212208271,1.301038980484,0.248156800866,-0.775352478027,0.540418922901,-0.212589010596
1403715321.812143087387,2,4.060818672180,0.086492776871,1.307810068130,0.243440121412,-0.774189174175,0.543426334858,-0.214606404305
1403715321.862143039703,2,4.045517921448,0.074030995369,1.313949704170,0.237190544605,-0.772123157978,0.547676503658,-0.218213245273
1403715321.912142992020,2,4.028079509735,0.060657560825,1.319525718689,0.231994435191,-0.770501911640,0.551602661610,-0.219635829329
1403715321.962142944336,2,4.003797531128,0.047584414482,1.323081254959,0.227290838957,-0.770888805389,0.553360521793,-0.218772813678
1403715322.012143135071,2,3.980595588684,0.033374428749,1.327019333839,0.223914876580,-0.773627936840,0.552495658398,-0.214733660221
1403715322.062143087387,2,3.955208539963,0.018859028816,1.331162095070,0.220416560769,-0.777831852436,0.549328207970,-0.211264640093
1403715322.112143039703,2,3.927495241165,0.003623962402,1.335413694382,0.219102665782,-0.781463086605,0.547007858753,-0.205163240433
1403715322.162142992020,2,3.892898797989,-0.010229408741,1.337959170341,0.221432790160,-0.783478975296,0.546687901020,-0.195603355765
1403715322.212143182755,2,3.861304521561,-0.027399063110,1.341562867165,0.224397897720,-0.784543752670,0.547611355782,-0.185090586543
1403715322.262142896652,2,3.828641653061,-0.045416951180,1.345014929771,0.225447535515,-0.785860538483,0.548649251461,-0.174873426557
1403715322.312143087387,2,3.793720722198,-0.062477350235,1.347461223602,0.225096240640,-0.788086771965,0.548608839512,-0.165164798498
1403715322.362143039703,2,3.760227203369,-0.081523418427,1.349454283714,0.223086789250,-0.790608763695,0.548557221889,-0.155740559101
1403715322.412142992020,2,3.726900100708,-0.101188421249,1.348601341248,0.219545409083,-0.793302357197,0.548754453659,-0.146081671119
1403715322.462142944336,2,3.694783687592,-0.120844841003,1.345388889313,0.214754298329,-0.796499669552,0.548304617405,-0.137226238847
1403715322.512143135071,2,3.662628650665,-0.140708804131,1.338604927063,0.209723576903,-0.799350261688,0.547893822193,-0.129875153303
1403715322.562143087387,2,3.631511688232,-0.160472869873,1.329057812691,0.204918414354,-0.802301347256,0.546617031097,-0.124623291194
1403715322.612143039703,2,3.601473808289,-0.180373430252,1.317943692207,0.201431766152,-0.804382026196,0.546000003815,-0.119494244456
1403715322.662142992020,2,3.574666976929,-0.199226975441,1.308400273323,0.198519319296,-0.806451857090,0.544833600521,-0.115679919720
1403715322.712143182755,2,3.547686576843,-0.220265865326,1.296826124191,0.195965319872,-0.807424187660,0.544873118401,-0.113035708666
1403715322.762142896652,2,3.522241830826,-0.242526412010,1.285370826721,0.193827331066,-0.807426333427,0.545993566513,-0.111287236214
1403715322.812143087387,2,3.498103380203,-0.265836477280,1.274581551552,0.192644983530,-0.807710945606,0.546360492706,-0.109458900988
1403715322.862143039703,2,3.478023290634,-0.292901158333,1.265339136124,0.192447468638,-0.808031857014,0.546325206757,-0.107597820461
1403715322.912142992020,2,3.456939697266,-0.317872643471,1.259612083435,0.192755833268,-0.807192742825,0.547835469246,-0.105647750199
1403715322.962142944336,2,3.437575817108,-0.343436598778,1.256800174713,0.192840144038,-0.806397438049,0.549223184586,-0.104354359210
1403715323.012143135071,2,3.420016288757,-0.369447469711,1.256978273392,0.193370297551,-0.805742263794,0.550180792809,-0.103385053575
1403715323.062143087387,2,3.404358148575,-0.396153330803,1.259946823120,0.193864241242,-0.805392801762,0.550564646721,-0.103139720857
1403715323.112143039703,2,3.393431425095,-0.425140976906,1.265265226364,0.194354340434,-0.805256605148,0.550751268864,-0.102280534804
1403715323.162142992020,2,3.381345748901,-0.453110218048,1.268055081367,0.195443108678,-0.804989218712,0.550892055035,-0.101550266147
1403715323.212143182755,2,3.370892524719,-0.481564640999,1.268331646919,0.197115480900,-0.804144263268,0.551748216152,-0.100356653333
1403715323.262142896652,2,3.361947298050,-0.510467171669,1.265673160553,0.198137000203,-0.803091943264,0.553052544594,-0.099589124322
1403715323.312143087387,2,3.354871988297,-0.539814829826,1.260369777679,0.199037626386,-0.802624404430,0.553478240967,-0.099196381867
1403715323.362143039703,2,3.352002620697,-0.571033120155,1.255120515823,0.198833420873,-0.802469491959,0.553621530533,-0.100056320429
1403715323.412142992020,2,3.348777055740,-0.601014852524,1.250805735588,0.198916673660,-0.802228152752,0.553942382336,-0.100050166249
1403715323.462142944336,2,3.347698688507,-0.631454706192,1.248574852943,0.198878273368,-0.802707314491,0.553243994713,-0.100147299469
1403715323.512143135071,2,3.348959922791,-0.662633299828,1.249149441719,0.198810234666,-0.802792847157,0.553155303001,-0.100087024271
1403715323.562143087387,2,3.352017641068,-0.693981766701,1.252594470978,0.198585882783,-0.803213000298,0.552653968334,-0.099930852652
1403715323.612143039703,2,3.357112169266,-0.726061403751,1.260533571243,0.196962580085,-0.799732506275,0.557889342308,-0.101946979761
1403715323.662142992020,2,3.364088535309,-0.758533179760,1.270497560501,0.194366276264,-0.794125854969,0.566161096096,-0.105107538402
1403715323.712143182755,2,3.373948097229,-0.793159604073,1.279976606369,0.191946253181,-0.787895202637,0.575200021267,-0.107344560325
1403715323.762142896652,2,3.382406473160,-0.823992073536,1.290766477585,0.189757302403,-0.780843615532,0.585021615028,-0.109658963978
1403715323.812143087387,2,3.391499280930,-0.852746725082,1.300680637360,0.187731221318,-0.774756550789,0.593234837055,-0.112168729305
1403715323.862143039703,2,3.401904582977,-0.878117740154,1.305977940559,0.185552701354,-0.769211947918,0.600709259510,-0.114155992866
1403715323.912142992020,2,3.411604881287,-0.902167081833,1.315377831459,0.184147834778,-0.763574600220,0.607944548130,-0.115960769355
1403715323.962142944336,2,3.421993494034,-0.923064231873,1.325010061264,0.182389274240,-0.756517171860,0.616627275944,-0.119108200073
1403715324.012143135071,2,3.432042121887,-0.940427422523,1.334518313408,0.180529966950,-0.751214623451,0.622995853424,-0.122318290174
1403715324.062143087387,2,3.445370912552,-0.955981492996,1.339820981026,0.179495885968,-0.749020516872,0.625476598740,-0.124614000320
1403715324.112143039703,2,3.454112291336,-0.965203881264,1.346598744392,0.178844124079,-0.751026690006,0.622801959515,-0.126852288842
1403715324.162142992020,2,3.462124347687,-0.970735192299,1.352628946304,0.178587809205,-0.754948377609,0.617758035660,-0.128585860133
1403715324.212143182755,2,3.469872951508,-0.973564982414,1.358278870583,0.177840426564,-0.758873522282,0.612682342529,-0.130782499909
1403715324.262142896652,2,3.477071285248,-0.974099397659,1.364091157913,0.176639571786,-0.762435436249,0.607945442200,-0.133764728904
1403715324.312143087387,2,3.483557701111,-0.972535431385,1.369724869728,0.174745023251,-0.765858769417,0.603193700314,-0.138137221336
1403715324.362143039703,2,3.489742755890,-0.973528623581,1.374273061752,0.171266883612,-0.770345389843,0.597000300884,-0.144313469529
1403715324.412142992020,2,3.493927955627,-0.967443943024,1.379741072655,0.169281587005,-0.777105331421,0.587644517422,-0.148745030165
1403715324.462142944336,2,3.496364831924,-0.960149765015,1.384856104851,0.168388843536,-0.784723818302,0.577080190182,-0.151103526354
1403715324.512143135071,2,3.497472524643,-0.953141629696,1.389775037766,0.167981550097,-0.791080117226,0.568168401718,-0.152181535959
1403715324.562143087387,2,3.497514486313,-0.947591304779,1.396159052849,0.168296366930,-0.796163558960,0.561038196087,-0.151776731014
1403715324.612143039703,2,3.496599912643,-0.942705333233,1.402571797371,0.168723434210,-0.799195766449,0.556863009930,-0.150738641620
1403715324.662142992020,2,3.494531631470,-0.938905298710,1.409413576126,0.169778093696,-0.800550222397,0.555107772350,-0.148829415441
1403715324.712143182755,2,3.491175413132,-0.935137093067,1.417673230171,0.170758605003,-0.800791978836,0.554969251156,-0.146911039948
1403715324.762142896652,2,3.487005710602,-0.932751238346,1.424669504166,0.172646716237,-0.800227582455,0.555982470512,-0.143918603659
1403715324.812143087387,2,3.482373952866,-0.931233227253,1.430462241173,0.176441878080,-0.798656880856,0.558407962322,-0.138549908996
1403715324.862143039703,2,3.477411031723,-0.931764543056,1.437300443649,0.180896833539,-0.796212255955,0.561895132065,-0.132650971413
1403715324.912142992020,2,3.472946643829,-0.931852519512,1.441430091858,0.184506163001,-0.792565703392,0.566872894764,-0.128266051412
1403715324.962142944336,2,3.468552589417,-0.931160509586,1.446148037910,0.186254113913,-0.788797557354,0.571891844273,-0.126679584384
1403715325.012143135071,2,3.463881731033,-0.929149329662,1.451297879219,0.187319368124,-0.785271167755,0.576441884041,-0.126394256949
1403715325.062143087387,2,3.459453582764,-0.926472306252,1.455913543701,0.187579676509,-0.782628178596,0.579816937447,-0.126962319016
1403715325.112143039703,2,3.455159425735,-0.922585666180,1.460260391235,0.187181442976,-0.780144751072,0.582826435566,-0.129037454724
1403715325.162142992020,2,3.450492143631,-0.917595088482,1.463950157166,0.187433823943,-0.778767287731,0.584340870380,-0.130137637258
1403715325.212143182755,2,3.445474624634,-0.911644101143,1.467254638672,0.187609717250,-0.777586281300,0.585595905781,-0.131300002337
1403715325.262142896652,2,3.440442562103,-0.904576659203,1.469606757164,0.187673017383,-0.777671754360,0.585123598576,-0.132800564170
1403715325.312143087387,2,3.435369014740,-0.896299719810,1.471446394920,0.187930911779,-0.778562724590,0.583552002907,-0.134123817086
1403715325.362143039703,2,3.432612657547,-0.890991210938,1.474262356758,0.188505426049,-0.780965745449,0.579960048199,-0.134924456477
1403715325.412142992020,2,3.427163124084,-0.880831182003,1.476243495941,0.188374802470,-0.783845543861,0.575688660145,-0.136688619852
1403715325.462142944336,2,3.421338558197,-0.870495557785,1.477284431458,0.188073650002,-0.787475824356,0.570506811142,-0.137956753373
1403715325.512143135071,2,3.415528535843,-0.860623359680,1.477771759033,0.187635421753,-0.790711224079,0.565836012363,-0.139278158545
1403715325.562143087387,2,3.409865856171,-0.851807177067,1.477653741837,0.186012148857,-0.793133020401,0.562369585037,-0.141703501344
1403715325.612143039703,2,3.404019832611,-0.843985557556,1.478426218033,0.182286858559,-0.794947922230,0.559732317924,-0.146728068590
1403715325.662142992020,2,3.397290468216,-0.836427092552,1.479226827621,0.178381457925,-0.796483218670,0.557443618774,-0.151826009154
1403715325.712143182755,2,3.389637470245,-0.829477131367,1.479577422142,0.175568372011,-0.797980189323,0.555220067501,-0.155351608992
1403715325.762142896652,2,3.380501508713,-0.823526680470,1.479514241219,0.173599466681,-0.799686014652,0.552790403366,-0.157443150878
1403715325.812143087387,2,3.369877099991,-0.818359375000,1.479265928268,0.173278987408,-0.801086068153,0.550917506218,-0.157243549824
1403715325.862143039703,2,3.355721712112,-0.811781227589,1.479332685471,0.173552349210,-0.801887035370,0.549991548061,-0.156096205115
1403715325.912142992020,2,3.342504978180,-0.808640420437,1.478764414787,0.174099639058,-0.802781939507,0.548971176147,-0.154470980167
1403715325.962142944336,2,3.328390121460,-0.806639373302,1.477658748627,0.175197616220,-0.803596615791,0.548025846481,-0.152335092425
1403715326.012143135071,2,3.313455343246,-0.806244373322,1.475903034210,0.176341548562,-0.803575634956,0.548505544662,-0.149370804429
1403715326.062143087387,2,3.298238754272,-0.807454824448,1.473442673683,0.178011968732,-0.802789509296,0.550172388554,-0.145434245467
1403715326.112143039703,2,3.282485485077,-0.809949278831,1.470085382462,0.180439546704,-0.801617026329,0.552456974983,-0.140153765678
1403715326.162142992020,2,3.266715049744,-0.813296973705,1.466381549835,0.182942643762,-0.799996256828,0.555303275585,-0.134819850326
1403715326.212143182755,2,3.250915765762,-0.817257225513,1.462043404579,0.184809848666,-0.798598885536,0.557759523392,-0.130343839526
1403715326.262142896652,2,3.235424518585,-0.821849346161,1.457337141037,0.186387374997,-0.796630382538,0.560964345932,-0.126328378916
1403715326.312143087387,2,3.220403909683,-0.826308608055,1.452846407890,0.186695516109,-0.794085681438,0.564932346344,-0.124194018543
1403715326.362143039703,2,3.205959081650,-0.828262567520,1.446567893028,0.186051279306,-0.790113806725,0.571032822132,-0.122583538294
1403715326.412142992020,2,3.191690921783,-0.832244634628,1.442267179489,0.184640973806,-0.785927593708,0.577198207378,-0.122751072049
1403715326.462142944336,2,3.178186893463,-0.836068212986,1.438256978989,0.183009177446,-0.782718896866,0.581941485405,-0.123300537467
1403715326.512143135071,2,3.164616107941,-0.838955402374,1.434505343437,0.181676194072,-0.779430925846,0.586708366871,-0.123509489000
1403715326.562143087387,2,3.150511503220,-0.839982032776,1.430083632469,0.180471554399,-0.777130603790,0.590137839317,-0.123431868851
1403715326.612143039703,2,3.135742187500,-0.839774787426,1.425564408302,0.180045172572,-0.775139629841,0.593069911003,-0.122517190874
1403715326.662142992020,2,3.120820522308,-0.837963938713,1.421358108521,0.178994148970,-0.774580001831,0.594179928303,-0.122218288481
1403715326.712143182755,2,3.105720281601,-0.834882020950,1.416560530663,0.178134098649,-0.775050103664,0.593981802464,-0.121454633772
1403715326.762142896652,2,3.091854095459,-0.833864629269,1.413532137871,0.176942601800,-0.777893960476,0.590473353863,-0.122121430933
1403715326.812143087387,2,3.076843976974,-0.827531993389,1.408445954323,0.175018131733,-0.781710863113,0.585753440857,-0.123247019947
1403715326.862143039703,2,3.061691284180,-0.819992303848,1.403015613556,0.172625496984,-0.785729765892,0.580807447433,-0.124466702342
1403715326.912142992020,2,3.046096801758,-0.811671555042,1.397151589394,0.171438828111,-0.789764761925,0.575639009476,-0.124580159783
1403715326.962142944336,2,3.030071973801,-0.802885591984,1.391571521759,0.169144496322,-0.792807996273,0.571893393993,-0.125633150339
1403715327.012143135071,2,3.013613700867,-0.794169008732,1.386355876923,0.166421428323,-0.795376360416,0.568650841713,-0.127736613154
1403715327.062143087387,2,2.996630430222,-0.786024689674,1.381730556488,0.163761004806,-0.797293424606,0.566223025322,-0.129989102483
1403715327.112143039703,2,2.979100465775,-0.778492391109,1.377141475677,0.161553442478,-0.799244105816,0.563714981079,-0.131661489606
1403715327.162142992020,2,2.960714101791,-0.771316826344,1.372710943222,0.160205677152,-0.801147401333,0.561158239841,-0.132658898830
1403715327.212143182755,2,2.941464185715,-0.765082299709,1.368079900742,0.158743575215,-0.803018689156,0.558633625507,-0.133753642440
1403715327.262142896652,2,2.918693304062,-0.759861707687,1.361904501915,0.157646730542,-0.804496824741,0.556523561478,-0.134959191084
1403715327.312143087387,2,2.897951602936,-0.755055785179,1.358040332794,0.155946895480,-0.805882096291,0.554745316505,-0.135986059904
1403715327.362143039703,2,2.876358985901,-0.751695036888,1.354272007942,0.154383510351,-0.807224869728,0.553052365780,-0.136700153351
1403715327.412142992020,2,2.853724479675,-0.749489665031,1.350297689438,0.152577862144,-0.808304369450,0.551781535149,-0.137481927872
1403715327.462142944336,2,2.830244064331,-0.748553812504,1.346295833588,0.152977928519,-0.808790087700,0.550971686840,-0.137428745627
1403715327.512143135071,2,2.805612802505,-0.748685419559,1.342705368996,0.153945460916,-0.808786630630,0.550445735455,-0.138472229242
1403715327.562143087387,2,2.779600620270,-0.750207901001,1.339061737061,0.158100798726,-0.808046758175,0.550614297390,-0.137435659766
1403715327.612143039703,2,2.752885818481,-0.753122031689,1.335480809212,0.163924559951,-0.806830108166,0.551063299179,-0.135952726007
1403715327.662142992020,2,2.725840330124,-0.756711244583,1.331993818283,0.170545145869,-0.805496156216,0.551078498363,-0.135657489300
1403715327.712143182755,2,2.698551654816,-0.761083841324,1.328300237656,0.178446590900,-0.803733170033,0.551060318947,-0.136023476720
1403715327.762142896652,2,2.671936988831,-0.763307690620,1.327854633331,0.186221286654,-0.802192568779,0.550147473812,-0.138370931149
1403715327.812143087387,2,2.644969224930,-0.769495785236,1.323396682739,0.195249348879,-0.800376534462,0.548862457275,-0.141510546207
1403715327.862143039703,2,2.618374824524,-0.776211440563,1.318736314774,0.204480946064,-0.798169195652,0.547471165657,-0.146249577403
1403715327.912142992020,2,2.592443466187,-0.783492863178,1.313873529434,0.214153334498,-0.795006215572,0.547052741051,-0.151118353009
1403715327.962142944336,2,2.566960573196,-0.791515231133,1.308819055557,0.223906144500,-0.791251540184,0.547276496887,-0.155805900693
1403715328.012143135071,2,2.541514158249,-0.800234317780,1.303947925568,0.232627645135,-0.787178993225,0.548516273499,-0.159259155393
1403715328.062143087387,2,2.516183376312,-0.809522986412,1.299482941628,0.239287257195,-0.783684790134,0.549680829048,-0.162575691938
1403715328.112143039703,2,2.491424798965,-0.819390118122,1.295748472214,0.244635120034,-0.779698312283,0.552261829376,-0.165018260479
1403715328.162142992020,2,2.466977596283,-0.829288601875,1.292773008347,0.248692512512,-0.775960743427,0.555253386497,-0.166525498033
1403715328.212143182755,2,2.443229675293,-0.839350700378,1.290408372879,0.251724213362,-0.772009730339,0.559254705906,-0.166943714023
1403715328.262142896652,2,2.420447826385,-0.847555935383,1.286132097244,0.253065377474,-0.768462121487,0.563305854797,-0.167661920190
1403715328.312143087387,2,2.397439241409,-0.856797635555,1.284070014954,0.253923356533,-0.765577554703,0.567072153091,-0.166862845421
1403715328.362143039703,2,2.374830722809,-0.865048825741,1.282025218010,0.253881216049,-0.763725817204,0.570075154305,-0.165171623230
1403715328.412142992020,2,2.352448940277,-0.871722400188,1.280348062515,0.253132581711,-0.762427270412,0.572681128979,-0.163293853402
1403715328.462142944336,2,2.330394744873,-0.876672446728,1.278678417206,0.252135694027,-0.762157976627,0.574105739594,-0.161076113582
1403715328.512143135071,2,2.308705091476,-0.879998862743,1.277103662491,0.250678062439,-0.762711465359,0.574538171291,-0.159178137779
1403715328.562143087387,2,2.287475109100,-0.881510078907,1.274970531464,0.249661624432,-0.765016436577,0.572511553764,-0.157001495361
1403715328.612143039703,2,2.266857147217,-0.881483256817,1.272318124771,0.250505894423,-0.767886936665,0.568827390671,-0.155022606254
1403715328.662142992020,2,2.246909618378,-0.880367755890,1.271953105927,0.252845466137,-0.771000206470,0.563911139965,-0.153727263212
1403715328.712143182755,2,2.228495597839,-0.877582252026,1.269826650620,0.255344837904,-0.772382378578,0.560588419437,-0.154806688428
1403715328.762142896652,2,2.211561679840,-0.873337686062,1.267559647560,0.258947342634,-0.773953437805,0.555799961090,-0.158205002546
1403715328.812143087387,2,2.196002483368,-0.867973327637,1.265452146530,0.264282315969,-0.773694515228,0.552143692970,-0.163367733359
1403715328.862143039703,2,2.181808710098,-0.861947119236,1.263725280762,0.270776778460,-0.771857082844,0.549402475357,-0.170509412885
1403715328.912142992020,2,2.168677568436,-0.855456292629,1.261976480484,0.279033243656,-0.769098281860,0.546523571014,-0.178718581796
1403715328.962142944336,2,2.156361818314,-0.847994327545,1.260139703751,0.289248645306,-0.765099048615,0.543806374073,-0.187705501914
1403715329.012143135071,2,2.144927263260,-0.839747548103,1.258301973343,0.300613552332,-0.760153234005,0.540974020958,-0.197852566838
1403715329.062143087387,2,2.133873939514,-0.832379937172,1.255368947983,0.312769889832,-0.755188822746,0.537080049515,-0.208350554109
1403715329.112143039703,2,2.123879909515,-0.823259472847,1.253253221512,0.324923098087,-0.749812304974,0.532657325268,-0.220187813044
1403715329.162142992020,2,2.114461183548,-0.814198434353,1.250537872314,0.338046908379,-0.744326055050,0.527503490448,-0.231177642941
1403715329.212143182755,2,2.105280637741,-0.805471837521,1.246980667114,0.351203560829,-0.738878786564,0.522182643414,-0.240913778543
1403715329.262142896652,2,2.096307754517,-0.796999931335,1.242785453796,0.363829642534,-0.733902156353,0.516550838947,-0.249380886555
1403715329.312143087387,2,2.085256576538,-0.789063632488,1.237683296204,0.374385952950,-0.729054987431,0.512000083923,-0.257235229015
1403715329.362143039703,2,2.076925039291,-0.781834244728,1.232957243919,0.382849633694,-0.725242376328,0.507815957069,-0.263766378164
1403715329.412142992020,2,2.068726539612,-0.775014221668,1.226956129074,0.389495432377,-0.721637785435,0.504789948463,-0.269665181637
1403715329.462142944336,2,2.060587882996,-0.768651664257,1.219537377357,0.395245820284,-0.719236612320,0.501505076885,-0.273810446262
1403715329.512143135071,2,2.053073167801,-0.762679755688,1.212214946747,0.399969160557,-0.716848671436,0.499600321054,-0.276680856943
1403715329.562143087387,2,2.046132087708,-0.756965041161,1.204594969749,0.403493821621,-0.715789437294,0.496831864119,-0.279278397560
1403715329.612143039703,2,2.039365530014,-0.751836299896,1.197815656662,0.406726956367,-0.714652478695,0.495364189148,-0.280106097460
1403715329.662142992020,2,2.033801078796,-0.747660875320,1.191984653473,0.408255428076,-0.713423490524,0.495223939419,-0.281260907650
1403715329.712143182755,2,2.029104232788,-0.743925213814,1.185801029205,0.408971786499,-0.711999356747,0.496213167906,-0.282084375620
1403715329.762142896652,2,2.025501489639,-0.740353524685,1.179455637932,0.408597767353,-0.710865616798,0.497396618128,-0.283398449421
1403715329.812143087387,2,2.025474786758,-0.731991171837,1.171557307243,0.407471686602,-0.710449755192,0.498493611813,-0.284134000540
1403715329.862143039703,2,2.021660566330,-0.728199481964,1.162469506264,0.406529098749,-0.710202038288,0.499187380075,-0.284884542227
1403715329.912142992020,2,2.018681287766,-0.724958956242,1.153043508530,0.405634224415,-0.709814250469,0.500299036503,-0.285176277161
1403715329.962142944336,2,2.016781568527,-0.722155630589,1.143933892250,0.404859691858,-0.709855020046,0.500539302826,-0.285753130913
1403715330.012143135071,2,2.015016555786,-0.719384670258,1.134520292282,0.404778838158,-0.709379911423,0.500299751759,-0.287462025881
1403715330.062143087387,2,2.013407945633,-0.716150105000,1.124129533768,0.405367523432,-0.708354294300,0.499864101410,-0.289908885956
1403715330.112143039703,2,2.011795043945,-0.713620126247,1.112802386284,0.406914234161,-0.707838177681,0.498715430498,-0.290979266167
1403715330.162142992020,2,2.010088920593,-0.711558759212,1.101148843765,0.409688442945,-0.706773459911,0.498352199793,-0.290296226740
1403715330.212143182755,2,2.008988618851,-0.709969818592,1.089870214462,0.412488043308,-0.706284999847,0.497568309307,-0.288861423731
1403715330.262142896652,2,2.008437395096,-0.708674609661,1.078932523727,0.414962321520,-0.706630527973,0.496125370264,-0.286948263645
1403715330.312143087387,2,2.009561300278,-0.714295923710,1.075541257858,0.417839169502,-0.707156300545,0.494197160006,-0.284797549248
1403715330.362143039703,2,2.009964942932,-0.713297247887,1.065516471863,0.418929010630,-0.707552969456,0.493459284306,-0.283487558365
1403715330.412142992020,2,2.011098623276,-0.712405622005,1.056616306305,0.418889701366,-0.707653224468,0.493136584759,-0.283856660128
1403715330.462142944336,2,2.012218713760,-0.711570978165,1.050120949745,0.417976021767,-0.707149028778,0.493760764599,-0.285371214151
1403715330.512143135071,2,2.013426780701,-0.711010277271,1.046119093895,0.416788637638,-0.707355618477,0.493476331234,-0.287082463503
1403715330.562143087387,2,2.015112161636,-0.710835993290,1.045006513596,0.416936486959,-0.706940233707,0.493932664394,-0.287106394768
1403715330.612143039703,2,2.016855716705,-0.710786104202,1.047813177109,0.415362268686,-0.706156134605,0.495173811913,-0.289172500372
1403715330.662142992020,2,2.017494201660,-0.710518419743,1.054697275162,0.412364989519,-0.704865336418,0.497276902199,-0.292977482080
1403715330.712143182755,2,2.018543720245,-0.710175991058,1.063997745514,0.409230649471,-0.704187810421,0.498193353415,-0.297410935163
1403715330.762142896652,2,2.019174575806,-0.709319710732,1.075050711632,0.406629055738,-0.704187750816,0.496825158596,-0.303211510181
1403715330.812143087387,2,2.017550945282,-0.709142029285,1.083729505539,0.405730456114,-0.703626513481,0.494019359350,-0.310221731663
1403715330.862143039703,2,2.016805410385,-0.708096504211,1.093501806259,0.408539116383,-0.702080309391,0.490874707699,-0.314993709326
1403715330.912142992020,2,2.015494108200,-0.707017719746,1.102787137032,0.412797570229,-0.699890375137,0.486455380917,-0.321111798286
1403715330.962142944336,2,2.013801813126,-0.706556916237,1.112103700638,0.418469458818,-0.696299135685,0.482275307178,-0.327813178301
1403715331.012143135071,2,2.011119127274,-0.706815838814,1.121574044228,0.425508290529,-0.692136108875,0.477326691151,-0.334738194942
1403715331.062143087387,2,2.007287740707,-0.707773089409,1.131611227989,0.433237999678,-0.687816619873,0.471226096153,-0.342285245657
1403715331.112143039703,2,2.002402782440,-0.710084319115,1.142747044563,0.442298471928,-0.682626247406,0.465529710054,-0.348820447922
1403715331.162142992020,2,1.997086405754,-0.713873565197,1.155463099480,0.453744828701,-0.677092552185,0.460008829832,-0.352211833000
1403715331.212143182755,2,1.990726351738,-0.719562828541,1.168694734573,0.464093238115,-0.671056628227,0.456125915051,-0.355316311121
1403715331.262142896652,2,1.984045863152,-0.727045357227,1.183193564415,0.473795354366,-0.665022492409,0.453689217567,-0.356972217560
1403715331.312143087387,2,1.977133750916,-0.736031711102,1.198735952377,0.483267217875,-0.659252941608,0.452503919601,-0.356480926275
1403715331.362143039703,2,1.970527172089,-0.746170461178,1.215856790543,0.491769284010,-0.653563082218,0.452616214752,-0.355185717344
1403715331.412142992020,2,1.965089201927,-0.757022857666,1.233361721039,0.498107492924,-0.649211943150,0.452344357967,-0.354679346085
1403715331.462142944336,2,1.962938785553,-0.772339224815,1.252814292908,0.501863837242,-0.646045506001,0.451752752066,-0.355917781591
1403715331.512143135071,2,1.957205533981,-0.784561872482,1.272776961327,0.505306243896,-0.643527984619,0.451130658388,-0.356396645308
1403715331.562143087387,2,1.951871395111,-0.796764433384,1.292349100113,0.507553517818,-0.641440570354,0.450490564108,-0.357773452997
1403715331.612143039703,2,1.946654081345,-0.809104263783,1.310843706131,0.508986949921,-0.640780150890,0.448762863874,-0.359089165926
1403715331.662142992020,2,1.941875934601,-0.822090089321,1.329144120216,0.510154128075,-0.639172732830,0.449332207441,-0.359585314989
1403715331.712143182755,2,1.937335848808,-0.835136532784,1.346086025238,0.511769950390,-0.636936962605,0.451788246632,-0.358176410198
1403715331.762142896652,2,1.933107614517,-0.848603069782,1.362457752228,0.513486325741,-0.635487198830,0.453785806894,-0.355761706829
1403715331.812143087387,2,1.928878545761,-0.861736297607,1.377440452576,0.513786315918,-0.634763777256,0.455554306507,-0.354357004166
1403715331.862143039703,2,1.924855470657,-0.873806774616,1.390966415405,0.512902319431,-0.634896337986,0.456520497799,-0.354156553745
1403715331.912142992020,2,1.916341304779,-0.884172201157,1.396590828896,0.511360883713,-0.635009050369,0.458347886801,-0.353823184967
1403715331.962142944336,2,1.912814497948,-0.896449565887,1.408486962318,0.510390400887,-0.637796461582,0.455981463194,-0.353267908096
1403715332.012143135071,2,1.909575462341,-0.908118188381,1.417497158051,0.508017301559,-0.640783369541,0.453847199678,-0.354030936956
1403715332.062143087387,2,1.906478881836,-0.920063853264,1.423086643219,0.506627380848,-0.643926084042,0.452293992043,-0.352304041386
1403715332.112143039703,2,1.903571963310,-0.931887805462,1.425284385681,0.505399644375,-0.646821737289,0.451174199581,-0.350192576647
1403715332.162142992020,2,1.900947093964,-0.943534135818,1.425973415375,0.502416312695,-0.651172637939,0.448153018951,-0.350301325321
1403715332.212143182755,2,1.899516105652,-0.955357313156,1.426679611206,0.498416751623,-0.655240297318,0.444524586201,-0.353042334318
1403715332.262142896652,2,1.898505806923,-0.967231631279,1.428059577942,0.494486242533,-0.657573401928,0.441859662533,-0.357548236847
1403715332.312143087387,2,1.897396564484,-0.979427754879,1.429950475693,0.491678655148,-0.658558189869,0.440049380064,-0.361814528704
1403715332.362143039703,2,1.896155118942,-0.992457926273,1.431667804718,0.491585165262,-0.659071028233,0.437287122011,-0.364347964525
1403715332.412142992020,2,1.892662286758,-1.002514719963,1.427270889282,0.492876172066,-0.658226847649,0.436063408852,-0.365594208241
1403715332.462142944336,2,1.892670512199,-1.018127918243,1.429441452026,0.495886474848,-0.657567203045,0.434356123209,-0.364741981030
1403715332.512143135071,2,1.893298387527,-1.034857511520,1.431690692902,0.498750090599,-0.657514095306,0.431595236063,-0.364210218191
1403715332.562143087387,2,1.894990205765,-1.052847266197,1.433295488358,0.501747548580,-0.656860351562,0.430380105972,-0.362707674503
1403715332.612143039703,2,1.898015975952,-1.072090625763,1.435533404350,0.502938032150,-0.655550718307,0.430539846420,-0.363238304853
1403715332.662142992020,2,1.902052879333,-1.092532873154,1.438502311707,0.503476321697,-0.653818845749,0.431417644024,-0.364570140839
1403715332.712143182755,2,1.906802415848,-1.114405632019,1.441913604736,0.504333972931,-0.651545405388,0.432817548513,-0.365793377161
1403715332.762142896652,2,1.912135481834,-1.137243986130,1.445295929909,0.506267189980,-0.649738430977,0.433152079582,-0.365941166878
1403715332.812143087387,2,1.918544888496,-1.160990476608,1.448745369911,0.509021580219,-0.646974802017,0.434104055166,-0.365888476372
1403715332.862143039703,2,1.925947189331,-1.185373544693,1.451763629913,0.512513041496,-0.643930137157,0.434599339962,-0.365797430277
1403715332.912142992020,2,1.935090303421,-1.211961984634,1.455410003662,0.513778746128,-0.637656331062,0.438457727432,-0.370379030704
1403715332.962142944336,2,1.944425344467,-1.237026214600,1.460254907608,0.513720452785,-0.629259586334,0.444630622864,-0.377395510674
1403715333.012143135071,2,1.953476786613,-1.262130498886,1.465612888336,0.513649940491,-0.620345771313,0.450409054756,-0.385313570499
1403715333.062143087387,2,1.961557745934,-1.287634730339,1.470302104950,0.513797283173,-0.612544000149,0.454644948244,-0.392555981874
1403715333.112143039703,2,1.968129158020,-1.313389897346,1.473910212517,0.514390408993,-0.606302857399,0.457811385393,-0.397753804922
1403715333.162142992020,2,1.973412275314,-1.342820405960,1.476025342941,0.515755355358,-0.601442277431,0.459658116102,-0.401220738888
1403715333.212143182755,2,1.976914286613,-1.368662595749,1.476804018021,0.517264604568,-0.598341882229,0.460628360510,-0.402797728777
1403715333.262142896652,2,1.978442907333,-1.394139051437,1.476217508316,0.519531786442,-0.597271323204,0.459574788809,-0.402671933174
1403715333.312143087387,2,1.978436946869,-1.419312477112,1.474638700485,0.522069811821,-0.597547113895,0.457291662693,-0.401578128338
1403715333.362143039703,2,1.977006196976,-1.444246053696,1.472147822380,0.524767458439,-0.598232030869,0.455308467150,-0.399289071560
1403715333.412142992020,2,1.973993659019,-1.468538045883,1.469118356705,0.527244865894,-0.599456667900,0.452888876200,-0.396933704615
1403715333.462142944336,2,1.969742059708,-1.492398500443,1.465798616409,0.528918564320,-0.600611805916,0.450915634632,-0.395203292370
1403715333.512143135071,2,1.964403033257,-1.515964269638,1.462982773781,0.529191672802,-0.601115405560,0.450179666281,-0.394911170006
1403715333.562143087387,2,1.958412170410,-1.539490461349,1.460501432419,0.528551995754,-0.601237893105,0.449991136789,-0.395795106888
1403715333.612143039703,2,1.951817989349,-1.562687158585,1.457263469696,0.528199553490,-0.600503325462,0.450922399759,-0.396320670843
1403715333.662142992020,2,1.943163871765,-1.584706068039,1.454729318619,0.529242455959,-0.601869404316,0.448921203613,-0.395127058029
1403715333.712143182755,2,1.933780193329,-1.607019066811,1.449729919434,0.531262278557,-0.604189753532,0.445490270853,-0.392751276493
1403715333.762142896652,2,1.923513412476,-1.629290819168,1.444362044334,0.534104883671,-0.607783913612,0.440449267626,-0.389018207788
1403715333.812143087387,2,1.912660717964,-1.651356816292,1.439173579216,0.537179648876,-0.610638856888,0.435326427221,-0.386068791151
1403715333.862143039703,2,1.901691913605,-1.673329472542,1.434619665146,0.540777325630,-0.611782371998,0.430480808020,-0.384666919708
1403715333.912142992020,2,1.890968561172,-1.695370078087,1.431000947952,0.544399619102,-0.611600399017,0.426189363003,-0.384625345469
1403715333.962142944336,2,1.881259560585,-1.717295646667,1.428479671478,0.548486471176,-0.609342217445,0.423534691334,-0.385335028172
1403715334.012143135071,2,1.872082233429,-1.738931775093,1.427292585373,0.552003085613,-0.606509387493,0.420457959175,-0.388141751289
1403715334.062143087387,2,1.863898038864,-1.760547280312,1.426603198051,0.555758416653,-0.603694558144,0.416729360819,-0.391180485487
1403715334.112143039703,2,1.856554865837,-1.782430768013,1.426618337631,0.559137582779,-0.600891947746,0.413545668125,-0.394048213959
1403715334.162142992020,2,1.851969957352,-1.805436372757,1.428379535675,0.562988877296,-0.598228812218,0.410420566797,-0.395879924297
1403715334.212143182755,2,1.845735192299,-1.828505635262,1.429492115974,0.565942704678,-0.596268117428,0.407383233309,-0.397758871317
1403715334.262142896652,2,1.840312480927,-1.851806402206,1.430785059929,0.568586945534,-0.594695627689,0.404748529196,-0.399029552937
1403715334.312143087387,2,1.835736274719,-1.875539660454,1.432157993317,0.570506811142,-0.592788457870,0.403399258852,-0.400490820408
1403715334.362143039703,2,1.831901788712,-1.899612665176,1.433238983154,0.572428941727,-0.591272294521,0.402163147926,-0.401231795549
1403715334.412142992020,2,1.829190850258,-1.924027919769,1.434221982956,0.573692917824,-0.589872837067,0.401698797941,-0.401950836182
1403715334.462142944336,2,1.827371239662,-1.948527574539,1.435132741928,0.574587225914,-0.588833212852,0.401066988707,-0.402827769518
1403715334.512143135071,2,1.826084852219,-1.973137855530,1.435999155045,0.575139105320,-0.587869226933,0.401061534882,-0.403453320265
1403715334.562143087387,2,1.825464844704,-1.998121023178,1.436740398407,0.575474977493,-0.586353540421,0.401951074600,-0.404293775558
1403715334.612143039703,2,1.825263977051,-2.023151874542,1.437219858170,0.576753616333,-0.584826350212,0.402666687965,-0.403971552849
1403715334.662142992020,2,1.825447440147,-2.048670291901,1.437324762344,0.578191041946,-0.583404242992,0.403837472200,-0.402802646160
1403715334.712143182755,2,1.822840094566,-2.069124460220,1.434897661209,0.578184902668,-0.582488417625,0.405353844166,-0.402613818645
1403715334.762142896652,2,1.823791503906,-2.094319343567,1.434832692146,0.578422665596,-0.581722259521,0.406346052885,-0.402379721403
1403715334.812143087387,2,1.825348258018,-2.119229555130,1.434779047966,0.578770875931,-0.581367075443,0.407117813826,-0.401611477137
1403715334.862143039703,2,1.827461361885,-2.144043445587,1.434602022171,0.578850924969,-0.580838978291,0.408236175776,-0.401124686003
1403715334.912142992020,2,1.830054998398,-2.168846368790,1.434283614159,0.578872442245,-0.580617547035,0.408922523260,-0.400714874268
1403715334.962142944336,2,1.833241581917,-2.193378925323,1.433446884155,0.579227507114,-0.580820441246,0.409291714430,-0.399528920650
1403715335.012143135071,2,1.836958646774,-2.217633247375,1.432594895363,0.579260528088,-0.580544948578,0.409654438496,-0.399509906769
1403715335.062143087387,2,1.841004371643,-2.241418600082,1.431569218636,0.580126166344,-0.580177485943,0.409202754498,-0.399250388145
1403715335.112143039703,2,1.845466971397,-2.264498710632,1.430618882179,0.580869197845,-0.579653680325,0.408990651369,-0.399148225784
1403715335.162142992020,2,1.853037953377,-2.292427062988,1.431533813477,0.582111716270,-0.578804492950,0.408739179373,-0.398827761412
1403715335.212143182755,2,1.858422040939,-2.314820766449,1.430414676666,0.582517147064,-0.578719913960,0.408408373594,-0.398697525263
1403715335.262142896652,2,1.864101886749,-2.336705923080,1.429051399231,0.583806931973,-0.577704370022,0.408210217953,-0.398486733437
1403715335.312143087387,2,1.870238542557,-2.357981681824,1.427768707275,0.585331082344,-0.576195895672,0.407477051020,-0.399184703827
1403715335.362143039703,2,1.876920700073,-2.378681182861,1.426556706429,0.587338984013,-0.574009895325,0.406237393618,-0.400645583868
1403715335.412142992020,2,1.884016513824,-2.398668527603,1.425344467163,0.589879751205,-0.571102082729,0.404756277800,-0.402562767267
1403715335.462142944336,2,1.891647934914,-2.418305397034,1.424006938934,0.592515110970,-0.568412303925,0.402712553740,-0.404544264078
1403715335.512143135071,2,1.900129914284,-2.437456369400,1.422888755798,0.594179987907,-0.566889941692,0.399614214897,-0.407301396132
1403715335.562143087387,2,1.909128189087,-2.456097126007,1.422203063965,0.594955801964,-0.565667748451,0.396697938442,-0.410704672337
1403715335.612143039703,2,1.918285131454,-2.474655866623,1.421170592308,0.596199572086,-0.564253389835,0.393903255463,-0.413526952267
1403715335.662142992020,2,1.929899811745,-2.492857933044,1.420851945877,0.598179876804,-0.562077999115,0.390764802694,-0.416595906019
1403715335.712143182755,2,1.940162658691,-2.510565996170,1.419159054756,0.601916491985,-0.558655142784,0.388156116009,-0.418253302574
1403715335.762142896652,2,1.950932979584,-2.527994632721,1.417476177216,0.605482161045,-0.554512202740,0.385651379824,-0.420928269625
1403715335.812143087387,2,1.962060451508,-2.545474052429,1.415409207344,0.608906745911,-0.550567686558,0.383476853371,-0.423147082329
1403715335.862143039703,2,1.973449707031,-2.563035011292,1.413312435150,0.611850321293,-0.546905577183,0.381562113762,-0.425374954939
1403715335.912142992020,2,1.984882712364,-2.580702781677,1.411131739616,0.614739954472,-0.543431878090,0.379940152168,-0.427109092474
1403715335.962142944336,2,1.996467709541,-2.598579645157,1.409469127655,0.616061449051,-0.539895474911,0.378856092691,-0.430638283491
1403715336.012143135071,2,2.007958650589,-2.616805553436,1.407893776894,0.617998957634,-0.535699725151,0.379156321287,-0.432832211256
1403715336.062143087387,2,2.019420623779,-2.634619712830,1.406761884689,0.618426024914,-0.532196640968,0.379662007093,-0.436088055372
1403715336.112143039703,2,2.031317234039,-2.652588605881,1.405642747879,0.618104875088,-0.529168248177,0.380282312632,-0.439673453569
1403715336.162142992020,2,2.039231300354,-2.671677589417,1.405506134033,0.618115425110,-0.525758087635,0.382071852684,-0.442191123962
1403715336.212143182755,2,2.051713705063,-2.688716888428,1.403811931610,0.617292523384,-0.523442685604,0.382885128260,-0.445372551680
1403715336.262142896652,2,2.063244819641,-2.705720186234,1.401584863663,0.617481946945,-0.522638320923,0.381779193878,-0.447001188993
1403715336.312143087387,2,2.074164390564,-2.723114967346,1.399061679840,0.619235038757,-0.522541105747,0.380199819803,-0.446034669876
1403715336.362143039703,2,2.084494829178,-2.740676879883,1.396434187889,0.621787190437,-0.523044407368,0.377425402403,-0.444246858358
1403715336.412142992020,2,2.094478368759,-2.758378267288,1.394375085831,0.624112308025,-0.523261427879,0.375705778599,-0.442183762789
1403715336.462142944336,2,2.104135036469,-2.776013374329,1.392747163773,0.626644074917,-0.522624135017,0.375288188457,-0.439704388380
1403715336.512143135071,2,2.114007234573,-2.793194770813,1.391657352448,0.627777099609,-0.522923469543,0.374025255442,-0.438807666302
1403715336.562143087387,2,2.124156713486,-2.809994459152,1.391300201416,0.628092110157,-0.522937715054,0.373796641827,-0.438534647226
1403715336.612143039703,2,2.134276628494,-2.826488494873,1.391252040863,0.627915084362,-0.523014843464,0.373486489058,-0.438960164785
1403715336.662142992020,2,2.146045684814,-2.848349332809,1.391617059708,0.628355085850,-0.523028135300,0.372938007116,-0.438781052828
1403715336.712143182755,2,2.157133340836,-2.864721536636,1.391136884689,0.628265082836,-0.523110985756,0.373222231865,-0.438569486141
1403715336.762142896652,2,2.168574333191,-2.880751848221,1.391226053238,0.628064513206,-0.523301482201,0.373429745436,-0.438452601433
1403715336.812143087387,2,2.180179595947,-2.895967960358,1.392088890076,0.628187060356,-0.522864937782,0.374267995358,-0.438083201647
1403715336.862143039703,2,2.192064285278,-2.910814046860,1.393577814102,0.627984642982,-0.522501051426,0.375110894442,-0.438086479902
1403715336.912142992020,2,2.204217910767,-2.925025939941,1.395828008652,0.627815783024,-0.522363662720,0.375385463238,-0.438257098198
1403715336.962142944336,2,2.216547966003,-2.938648700714,1.398908853531,0.627714335918,-0.521654844284,0.376696616411,-0.438121676445
1403715337.012143135071,2,2.228648185730,-2.951615095139,1.402711629868,0.627990841866,-0.521067142487,0.377061814070,-0.438110679388
1403715337.062143087387,2,2.240433931351,-2.964007854462,1.406972885132,0.629352152348,-0.519712150097,0.376867473125,-0.437933981419
1403715337.112143039703,2,2.251812219620,-2.972018241882,1.411885261536,0.631460011005,-0.518707811832,0.375013887882,-0.437681466341
1403715337.162142992020,2,2.262653350830,-2.982545137405,1.417056441307,0.635307133198,-0.515920281410,0.372731775045,-0.437358289957
1403715337.212143182755,2,2.273565769196,-2.992109775543,1.422345876694,0.638990879059,-0.513306677341,0.368748307228,-0.438442260027
1403715337.262142896652,2,2.284825325012,-3.000776529312,1.427666783333,0.642591357231,-0.510675549507,0.363214790821,-0.440864831209
1403715337.312143087387,2,2.296460151672,-3.008888244629,1.432772994041,0.646664500237,-0.507621705532,0.356822580099,-0.443647325039
1403715337.362143039703,2,2.308737039566,-3.016961336136,1.437496900558,0.650229513645,-0.505104839802,0.350268185139,-0.446523100138
1403715337.412142992020,2,2.321684360504,-3.025093078613,1.441804647446,0.653070211411,-0.502968549728,0.344087481499,-0.449584126472
1403715337.462142944336,2,2.335685968399,-3.033187389374,1.446428298950,0.654492318630,-0.500591039658,0.339198857546,-0.453863978386
1403715337.512143135071,2,2.350653171539,-3.041732788086,1.450944423676,0.654661118984,-0.499676793814,0.333337336779,-0.458942532539
1403715337.562143087387,2,2.366592645645,-3.050676345825,1.454654335976,0.654628694057,-0.497739374638,0.330174833536,-0.463358789682
1403715337.612143039703,2,2.382209539413,-3.059525012970,1.456743955612,0.655819177628,-0.494490295649,0.329739332199,-0.465459525585
1403715337.662142992020,2,2.400133848190,-3.069560050964,1.460489511490,0.656939625740,-0.490771651268,0.330920696259,-0.466974377632
1403715337.712143182755,2,2.418563842773,-3.079910516739,1.463552951813,0.658376216888,-0.487740695477,0.331955552101,-0.467392027378
1403715337.762142896652,2,2.437429904938,-3.090440750122,1.466799855232,0.659429371357,-0.485652595758,0.332603067160,-0.467621296644
1403715337.812143087387,2,2.456918478012,-3.101233959198,1.470086932182,0.659777224064,-0.484164178371,0.333641678095,-0.467934191227
1403715337.862143039703,2,2.476797819138,-3.112297058105,1.473395228386,0.659689903259,-0.483204007149,0.335205793381,-0.467932015657
1403715337.912142992020,2,2.496810913086,-3.122879981995,1.476595044136,0.659972071648,-0.482286602259,0.337388277054,-0.466910719872
1403715337.962142944336,2,2.516968250275,-3.133484601974,1.480098247528,0.659857809544,-0.481966435909,0.339470922947,-0.465892374516
1403715338.012143135071,2,2.537058115005,-3.144131660461,1.483912587166,0.658650577068,-0.482699692249,0.340857774019,-0.465828776360
1403715338.062143087387,2,2.557054042816,-3.154718399048,1.487470746040,0.656949460506,-0.484274864197,0.341572850943,-0.466072142124
1403715338.112143039703,2,2.576297283173,-3.166539907455,1.490105271339,0.654978811741,-0.485834121704,0.342407226562,-0.466610521078
1403715338.162142992020,2,2.596091747284,-3.177271604538,1.493863344193,0.654185593128,-0.486436009407,0.342440873384,-0.467071145773
1403715338.212143182755,2,2.615655660629,-3.187725782394,1.496940732002,0.653711259365,-0.486784249544,0.341709852219,-0.467907249928
1403715338.262142896652,2,2.635000705719,-3.197742700577,1.499712467194,0.653493642807,-0.486624330282,0.340171277523,-0.469495922327
1403715338.312143087387,2,2.654226303101,-3.207668304443,1.502196311951,0.654099166393,-0.486183911562,0.337642878294,-0.470931857824
1403715338.362143039703,2,2.673141002655,-3.217455863953,1.504943847656,0.655128955841,-0.485391527414,0.333792477846,-0.473057895899
1403715338.412142992020,2,2.692140340805,-3.227563381195,1.507869362831,0.656941831112,-0.482594460249,0.330361247063,-0.475806146860
1403715338.462142944336,2,2.711103439331,-3.238338947296,1.510612607002,0.659574687481,-0.478957206011,0.326592534781,-0.478433579206
1403715338.512143135071,2,2.730304718018,-3.249554157257,1.513585329056,0.663125634193,-0.474586188793,0.322103321552,-0.480917662382
1403715338.562143087387,2,2.749934434891,-3.261233091354,1.516740083694,0.667330622673,-0.468021363020,0.319119662046,-0.483516752720
1403715338.612143039703,2,2.769988536835,-3.272164821625,1.518138647079,0.671930730343,-0.460490226746,0.316351115704,-0.486189067364
1403715338.662142992020,2,2.789598464966,-3.284552574158,1.522002696991,0.676954686642,-0.452231079340,0.313028335571,-0.489114195108
1403715338.712143182755,2,2.809205293655,-3.297478914261,1.525913238525,0.682175397873,-0.443823635578,0.309525936842,-0.491783499718
1403715338.762142896652,2,2.828455448151,-3.310764312744,1.529730558395,0.687231361866,-0.436379671097,0.304921507835,-0.494275987148
1403715338.812143087387,2,2.847539424896,-3.324619293213,1.533000111580,0.692445516586,-0.429337441921,0.301672488451,-0.495158940554
1403715338.862143039703,2,2.866831302643,-3.338649749756,1.536552667618,0.696165204048,-0.423749625683,0.298466295004,-0.496697306633
1403715338.912142992020,2,2.886349678040,-3.352983474731,1.539795637131,0.699679374695,-0.419421076775,0.295206964016,-0.497380763292
1403715338.962142944336,2,2.905644893646,-3.367830991745,1.542366385460,0.703519582748,-0.414888888597,0.293319433928,-0.496881395578
1403715339.012143135071,2,2.924921989441,-3.382604360580,1.544345259666,0.706816613674,-0.411832541227,0.290910899639,-0.496160507202
1403715339.062143087387,2,2.944378376007,-3.397276163101,1.545924067497,0.709779560566,-0.409438848495,0.288777858019,-0.495156735182
1403715339.112143039703,2,2.967325210571,-3.411836385727,1.549506425858,0.712800860405,-0.406385451555,0.288162261248,-0.493688583374
1403715339.162142992020,2,2.987998485565,-3.425863504410,1.549167871475,0.715061187744,-0.403074383736,0.288857996464,-0.492726624012
1403715339.212143182755,2,3.009013891220,-3.439460277557,1.548296928406,0.717125296593,-0.400024473667,0.290294349194,-0.491366416216
1403715339.262142896652,2,3.030121088028,-3.452182292938,1.547387480736,0.717896223068,-0.398209691048,0.290639460087,-0.491510778666
1403715339.312143087387,2,3.051540374756,-3.464048147202,1.546929955482,0.716975629330,-0.397737145424,0.289778023958,-0.493740737438
1403715339.362143039703,2,3.073400020599,-3.475222826004,1.546250820160,0.715524673462,-0.397492647171,0.289405226707,-0.496254652739
1403715339.412142992020,2,3.095082759857,-3.486120939255,1.545020103455,0.714057266712,-0.398162037134,0.288457989693,-0.498378545046
1403715339.462142944336,2,3.116609811783,-3.496718168259,1.543035387993,0.712844610214,-0.398992925882,0.288067340851,-0.499674439430
1403715339.512143135071,2,3.138117313385,-3.507240533829,1.540761590004,0.711192309856,-0.399653196335,0.288718193769,-0.501123368740
1403715339.562143087387,2,3.159074068069,-3.517670631409,1.537642955780,0.710198283195,-0.401407480240,0.288049340248,-0.501515805721
1403715339.612143039703,2,3.180046081543,-3.529980897903,1.531418085098,0.710751295090,-0.403178662062,0.287451893091,-0.499650955200
1403715339.662142992020,2,3.200568675995,-3.540569782257,1.526713132858,0.711488723755,-0.403908193111,0.289563089609,-0.496784895658
1403715339.712143182755,2,3.221133708954,-3.550916671753,1.521367073059,0.712967276573,-0.403248846531,0.293506354094,-0.492871344090
1403715339.762142896652,2,3.241892099380,-3.560788393021,1.515637993813,0.713534414768,-0.401470124722,0.299535095692,-0.489866435528
1403715339.812143087387,2,3.262204647064,-3.569783449173,1.509107947350,0.714311838150,-0.399323940277,0.306022316217,-0.486466318369
1403715339.862143039703,2,3.282093524933,-3.577425479889,1.502343177795,0.714777827263,-0.396848827600,0.312027424574,-0.483986139297
1403715339.912142992020,2,3.301079988480,-3.583600521088,1.495615363121,0.715770184994,-0.393354177475,0.316515088081,-0.482455909252
1403715339.962142944336,2,3.319280624390,-3.587791681290,1.488595962524,0.717980563641,-0.389030337334,0.319078803062,-0.480986505747
1403715340.012143135071,2,3.336262702942,-3.590102434158,1.482176065445,0.720894575119,-0.383201628923,0.321123212576,-0.479945272207
1403715340.062143087387,2,3.353534698486,-3.588921546936,1.476191163063,0.724014699459,-0.377429723740,0.320007890463,-0.480566918850
1403715340.112143039703,2,3.366484642029,-3.586388349533,1.472265958786,0.727202355862,-0.371970176697,0.316099345684,-0.482593208551
1403715340.162142992020,2,3.377757072449,-3.581804275513,1.470424771309,0.729914665222,-0.365850567818,0.311168193817,-0.486366540194
1403715340.212143182755,2,3.387171268463,-3.575040817261,1.470330238342,0.732689917088,-0.360488086939,0.302654832602,-0.491542428732
1403715340.262142896652,2,3.396183013916,-3.566142559052,1.472723245621,0.735290288925,-0.354702144861,0.292919754982,-0.497727543116
1403715340.312143087387,2,3.403857231140,-3.555433273315,1.476881265640,0.738668560982,-0.347499340773,0.282248765230,-0.503933191299
1403715340.362143039703,2,3.410514831543,-3.543269634247,1.483099460602,0.742200314999,-0.340058207512,0.269528925419,-0.510737955570
1403715340.412142992020,2,3.421813488007,-3.531118392944,1.491945266724,0.746947705746,-0.330980092287,0.257082641125,-0.516168415546
1403715340.462142944336,2,3.427108764648,-3.518109798431,1.500367045403,0.751867055893,-0.322056353092,0.246416121721,-0.519860386848
1403715340.512143135071,2,3.432437419891,-3.504520416260,1.508861064911,0.756259381771,-0.314230501652,0.237049296498,-0.522626638412
1403715340.562143087387,2,3.437897205353,-3.490778923035,1.516737222672,0.760386884212,-0.308873325586,0.226874917746,-0.524344205856
1403715340.612143039703,2,3.443657159805,-3.477096796036,1.523990154266,0.763365209103,-0.303456395864,0.219245225191,-0.526421368122
1403715340.662142992020,2,3.450107336044,-3.463190317154,1.530362367630,0.765872120857,-0.299125403166,0.212747722864,-0.527922630310
1403715340.712143182755,2,3.457259654999,-3.448961496353,1.535903215408,0.767910718918,-0.295745998621,0.207853436470,-0.528814256191
1403715340.762142896652,2,3.464883089066,-3.434562683105,1.540773391724,0.769821524620,-0.293518185616,0.203913196921,-0.528811275959
1403715340.812143087387,2,3.473597764969,-3.422338962555,1.545787811279,0.771029174328,-0.292171418667,0.200552254915,-0.529082953930
1403715340.862143039703,2,3.482986927032,-3.408238172531,1.551297545433,0.771064817905,-0.293559700251,0.196008130908,-0.529964804649
1403715340.912142992020,2,3.493095636368,-3.393784046173,1.556447982788,0.770590901375,-0.295866787434,0.191556110978,-0.530997931957
1403715340.962142944336,2,3.504067420959,-3.379111528397,1.561083316803,0.770311594009,-0.297785043716,0.189149111509,-0.531193673611
1403715341.012143135071,2,3.516075134277,-3.363793849945,1.565469741821,0.769941329956,-0.300451636314,0.186985865235,-0.530994892120
1403715341.062143087387,2,3.529847860336,-3.348617792130,1.570053219795,0.768928289413,-0.302002906799,0.187816768885,-0.531289458275
1403715341.112143039703,2,3.545037984848,-3.333746910095,1.573916316032,0.767887949944,-0.301784217358,0.191909193993,-0.531455874443
1403715341.162142992020,2,3.561692237854,-3.318790435791,1.577726125717,0.767040848732,-0.300021618605,0.198425367475,-0.531284093857
1403715341.212143182755,2,3.577581644058,-3.301715373993,1.579284191132,0.763104736805,-0.300801336765,0.203192621469,-0.534698605537
1403715341.262142896652,2,3.595942020416,-3.287356138229,1.584247112274,0.759984016418,-0.302322119474,0.206430539489,-0.537040233612
1403715341.312143087387,2,3.614856481552,-3.273318052292,1.588898658752,0.757197141647,-0.303011327982,0.211066901684,-0.538783371449
1403715341.362143039703,2,3.633444547653,-3.260150432587,1.593606948853,0.754471600056,-0.303053677082,0.216622427106,-0.540375709534
1403715341.412142992020,2,3.651594638824,-3.247051000595,1.598523378372,0.751926004887,-0.304110735655,0.220867991447,-0.541610002518
1403715341.462142944336,2,3.669222831726,-3.234553098679,1.602700233459,0.751237452030,-0.304385423660,0.225785568357,-0.540382027626
1403715341.512143135071,2,3.686608791351,-3.222493171692,1.607393026352,0.750874698162,-0.305906742811,0.228760764003,-0.538773417473
1403715341.562143087387,2,3.703840732574,-3.211133718491,1.611788034439,0.751172721386,-0.305374532938,0.233997389674,-0.536405742168
1403715341.612143039703,2,3.722145557404,-3.199007034302,1.616292238235,0.750501275063,-0.303401350975,0.239614889026,-0.535985350609
1403715341.662142992020,2,3.738436222076,-3.187953948975,1.619770765305,0.749311208725,-0.301570534706,0.245594471693,-0.535976946354
1403715341.712143182755,2,3.753839492798,-3.176846027374,1.623019099236,0.748423993587,-0.298913717270,0.252044886351,-0.535710394382
1403715341.762142896652,2,3.767982006073,-3.165475368500,1.625617861748,0.749166011810,-0.297563731670,0.256037950516,-0.533526718616
1403715341.812143087387,2,3.780260324478,-3.153911828995,1.627649784088,0.750178992748,-0.296470284462,0.258986473083,-0.531284213066
1403715341.862143039703,2,3.790853023529,-3.141618490219,1.629844665527,0.751347422600,-0.294552594423,0.262389421463,-0.529025256634
1403715341.912142992020,2,3.798872947693,-3.128393173218,1.632862925529,0.752030014992,-0.296825319529,0.258632659912,-0.528634786606
1403715341.962142944336,2,3.805375814438,-3.114525079727,1.635771870613,0.752336561680,-0.300085961819,0.252857893705,-0.529151320457
1403715342.012143135071,2,3.810349702835,-3.100922346115,1.638741135597,0.752952218056,-0.303946107626,0.246051564813,-0.529281079769
1403715342.062143087387,2,3.814116477966,-3.087363719940,1.641491889954,0.754496157169,-0.306982040405,0.239772960544,-0.528210759163
1403715342.112143039703,2,3.817132472992,-3.073876380920,1.643968582153,0.756601572037,-0.309016406536,0.234568789601,-0.526346325874
1403715342.162142992020,2,3.817381381989,-3.059867858887,1.647118568420,0.758303344250,-0.312878459692,0.227621853352,-0.524663209915
1403715342.212143182755,2,3.820309638977,-3.045542001724,1.649166941643,0.759765267372,-0.314358443022,0.222974196076,-0.523658454418
1403715342.262142896652,2,3.824254512787,-3.031038284302,1.651104927063,0.760597586632,-0.315226525068,0.219116449356,-0.523556709290
1403715342.312143087387,2,3.829270601273,-3.016342878342,1.652301311493,0.761142909527,-0.314944833517,0.215848788619,-0.524290621281
1403715342.362143039703,2,3.834501266479,-3.001939296722,1.652789115906,0.762975037098,-0.312315881252,0.213263809681,-0.524258136749
1403715342.412142992020,2,3.840017318726,-2.987792015076,1.652989387512,0.765465140343,-0.307117313147,0.211430981755,-0.524441599846
1403715342.462142944336,2,3.845911741257,-2.973264217377,1.652737140656,0.769085466862,-0.302013993263,0.206940308213,-0.523899614811
1403715342.512143135071,2,3.852429389954,-2.958993196487,1.652359962463,0.773118078709,-0.294366806746,0.203942596912,-0.523492157459
1403715342.562143087387,2,3.859752178192,-2.943918466568,1.651660323143,0.777221322060,-0.284640103579,0.202780976892,-0.523246526718
1403715342.612143039703,2,3.867818117142,-2.928093910217,1.651083469391,0.780898094177,-0.272702395916,0.203780964017,-0.523741245270
1403715342.662142992020,2,3.879312515259,-2.906688451767,1.652316570282,0.783553361893,-0.259313970804,0.205998182297,-0.525704622269
1403715342.712143182755,2,3.887984275818,-2.888141155243,1.652025103569,0.785950422287,-0.247072651982,0.206049621105,-0.527996838093
1403715342.762142896652,2,3.895827770233,-2.868726730347,1.651471138000,0.788100600243,-0.238076061010,0.202772051096,-0.530189335346
1403715342.812143087387,2,3.902627468109,-2.848434448242,1.651500105858,0.789447009563,-0.233271762729,0.195372685790,-0.533092081547
1403715342.862143039703,2,3.908938646317,-2.827193498611,1.652367830276,0.789586246014,-0.229115262628,0.189092665911,-0.536939263344
1403715342.912142992020,2,3.913233518600,-2.806492328644,1.651352643967,0.789609193802,-0.226612329483,0.182858437300,-0.540117681026
1403715342.962142944336,2,3.919212341309,-2.783448696136,1.651563167572,0.788685262203,-0.224377676845,0.178119510412,-0.543970346451
1403715343.012143135071,2,3.925400733948,-2.759783744812,1.651134133339,0.787645816803,-0.222517445683,0.174560427666,-0.547383487225
1403715343.062143087387,2,3.931684494019,-2.735706806183,1.650106430054,0.786803185940,-0.221591517329,0.170769065619,-0.550159990788
1403715343.112143039703,2,3.938237667084,-2.711597919464,1.648132205009,0.786757349968,-0.219268724322,0.169829696417,-0.551445364952
1403715343.162142992020,2,3.943693399429,-2.687017440796,1.647547125816,0.787148952484,-0.218275219202,0.167654842138,-0.551945984364
1403715343.212143182755,2,3.950172662735,-2.662591218948,1.644659996033,0.786630213261,-0.216959521174,0.166220679879,-0.553635478020
1403715343.262142896652,2,3.956724882126,-2.638498306274,1.640634298325,0.787914574146,-0.216073349118,0.164930373430,-0.552540421486
1403715343.312143087387,2,3.963295936584,-2.614842176437,1.636413097382,0.789145112038,-0.215741842985,0.163699686527,-0.551278531551
1403715343.362143039703,2,3.970019578934,-2.591866016388,1.632657766342,0.790794670582,-0.215946465731,0.162558287382,-0.549168288708
1403715343.412142992020,2,3.976820707321,-2.568995714188,1.628974437714,0.792954146862,-0.215067729354,0.163268238306,-0.546180605888
1403715343.462142944336,2,3.983555555344,-2.545957326889,1.624831438065,0.794102668762,-0.214402124286,0.164598077536,-0.544371366501
1403715343.512143135071,2,3.990159988403,-2.522203445435,1.621211171150,0.794504642487,-0.215174883604,0.164586052299,-0.543482899666
1403715343.562143087387,2,3.996941089630,-2.497842550278,1.617671012878,0.794853448868,-0.215290606022,0.165916278958,-0.542521655560
1403715343.612143039703,2,4.003368854523,-2.472455024719,1.614235997200,0.794762909412,-0.215924963355,0.166825965047,-0.542123138905
1403715343.662142992020,2,4.010039806366,-2.444565296173,1.611990213394,0.794596612453,-0.216199949384,0.168937921524,-0.541603088379
1403715343.712143182755,2,4.017126560211,-2.418018102646,1.608907938004,0.793918311596,-0.215727359056,0.171491250396,-0.541983544827
1403715343.762142896652,2,4.024255752563,-2.390698671341,1.606587409973,0.792642652988,-0.214323922992,0.175627544522,-0.543081939220
1403715343.812143087387,2,4.031020641327,-2.362659931183,1.605165600777,0.790258049965,-0.213612914085,0.178641378880,-0.545847117901
1403715343.862143039703,2,4.037075996399,-2.333870649338,1.603657603264,0.789303600788,-0.213767066598,0.180039495230,-0.546707689762
1403715343.912142992020,2,4.042245864868,-2.304760456085,1.602624297142,0.788179516792,-0.213864713907,0.180408090353,-0.548167765141
1403715343.962142944336,2,4.046532630920,-2.275101661682,1.602258086205,0.787230372429,-0.213475465775,0.178706586361,-0.550236761570
1403715344.012143135071,2,4.049838542938,-2.245036602020,1.601432561874,0.787322878838,-0.211618468165,0.176868319511,-0.551414549351
1403715344.062143087387,2,4.053812503815,-2.214713811874,1.600679636002,0.786994516850,-0.208083614707,0.173624008894,-0.554252326488
1403715344.112143039703,2,4.054800987244,-2.184858083725,1.600570559502,0.787116289139,-0.203421503305,0.169655084610,-0.557032167912
1403715344.162142992020,2,4.054808616638,-2.154924392700,1.599969983101,0.787734687328,-0.197498321533,0.164910256863,-0.559708058834
1403715344.212143182755,2,4.054333686829,-2.125420808792,1.598765850067,0.789004147053,-0.189176410437,0.162300646305,-0.561554431915
1403715344.262142896652,2,4.053435802460,-2.096135139465,1.597590208054,0.789403617382,-0.180159300566,0.161664605141,-0.564135789871
1403715344.312143087387,2,4.051565647125,-2.067349195480,1.596303820610,0.789444446564,-0.170530721545,0.162688285112,-0.566770911217
1403715344.362143039703,2,4.048659324646,-2.038833618164,1.594902992249,0.788830161095,-0.162078514695,0.163471594453,-0.569872438908
1403715344.412142992020,2,4.044528961182,-2.010356426239,1.593398928642,0.787623584270,-0.153827399015,0.164569839835,-0.573500812054
1403715344.462142944336,2,4.038859844208,-1.982442021370,1.591304063797,0.786938786507,-0.147504016757,0.164370894432,-0.576152980328
1403715344.512143135071,2,4.035255432129,-1.952079176903,1.589944958687,0.786515414715,-0.140906259418,0.165114477277,-0.578166127205
1403715344.562143087387,2,4.025336742401,-1.925641775131,1.587574362755,0.786630034447,-0.136564150453,0.163927927613,-0.579388618469
1403715344.612143039703,2,4.013259887695,-1.899944186211,1.584331512451,0.788320243359,-0.133940532804,0.161387845874,-0.578416049480
1403715344.662142992020,2,3.999105930328,-1.875033378601,1.579917788506,0.791775822639,-0.130902767181,0.160478964448,-0.574632167816
1403715344.712143182755,2,3.982689380646,-1.850421547890,1.575233221054,0.795136809349,-0.129189267755,0.158699288964,-0.570860862732
1403715344.762142896652,2,3.964080810547,-1.825926303864,1.570310473442,0.798440754414,-0.128012716770,0.156892910600,-0.567000687122
1403715344.812143087387,2,3.943464279175,-1.801400899887,1.565794467926,0.800436496735,-0.126893490553,0.155373170972,-0.564852714539
1403715344.862143039703,2,3.921111583710,-1.776721596718,1.561222195625,0.801772892475,-0.126088008285,0.154267534614,-0.563439130783
1403715344.912142992020,2,3.896836042404,-1.751942873001,1.556675672531,0.802794158459,-0.125687792897,0.152783632278,-0.562477886677
1403715344.962142944336,2,3.870796442032,-1.726563692093,1.552545428276,0.802380979061,-0.126507848501,0.150179207325,-0.563583850861
1403715345.012143135071,2,3.842583894730,-1.699855566025,1.547668337822,0.800319015980,-0.130053550005,0.144390136003,-0.567210018635
1403715345.062143087387,2,3.812793970108,-1.673672914505,1.544915556908,0.797944128513,-0.132979020476,0.139708712697,-0.571036994457
1403715345.112143039703,2,3.782007932663,-1.647793054581,1.542434453964,0.795528292656,-0.135492816567,0.135889276862,-0.574726641178
1403715345.162142992020,2,3.750457525253,-1.622496366501,1.539320468903,0.794385612011,-0.137749403715,0.132906556129,-0.576465606689
1403715345.212143182755,2,3.718493700027,-1.598018884659,1.535912513733,0.794333040714,-0.139945611358,0.130183070898,-0.576630413532
1403715345.262142896652,2,3.686225414276,-1.574313521385,1.531943559647,0.795122265816,-0.140488862991,0.129639893770,-0.575531899929
1403715345.312143087387,2,3.653259038925,-1.551518797874,1.528048276901,0.795322954655,-0.141969755292,0.127981141210,-0.575262367725
1403715345.362143039703,2,3.622382640839,-1.533572196960,1.525768041611,0.795847475529,-0.142626598477,0.126887351274,-0.574616432190
1403715345.412142992020,2,3.588572502136,-1.512255907059,1.521666884422,0.796420872211,-0.143133670092,0.126048922539,-0.573879957199
1403715345.462142944336,2,3.554114818573,-1.491423487663,1.517569065094,0.796747326851,-0.143767386675,0.124639250338,-0.573576271534
1403715345.512143135071,2,3.519165039062,-1.471230149269,1.513089299202,0.797008931637,-0.143072754145,0.125290557742,-0.573244571686
1403715345.562143087387,2,3.483415603638,-1.451380252838,1.509118199348,0.796663343906,-0.143130809069,0.124480932951,-0.573886454105
1403715345.612143039703,2,3.447106838226,-1.431928992271,1.504900455475,0.796543180943,-0.143458589911,0.123320855200,-0.574221789837
1403715345.662142992020,2,3.410604715347,-1.413447618484,1.500572204590,0.796397626400,-0.143477365375,0.122545249760,-0.574584841728
1403715345.712143182755,2,3.371041297913,-1.399259328842,1.498390793800,0.796271502972,-0.144074544311,0.121916703880,-0.574743986130
1403715345.762142896652,2,3.334059715271,-1.382307291031,1.493812203407,0.796104550362,-0.144513949752,0.120997413993,-0.575059115887
1403715345.812143087387,2,3.297123193741,-1.365911006927,1.489106297493,0.796285033226,-0.144850581884,0.120130874217,-0.574906110764
1403715345.862143039703,2,3.260001420975,-1.350274085999,1.484110236168,0.797318100929,-0.145452380180,0.118900105357,-0.573576807976
1403715345.912142992020,2,3.223007678986,-1.335584878922,1.478397130966,0.800984025002,-0.146061375737,0.118154950440,-0.568445324898
1403715345.962142944336,2,3.186860561371,-1.321082115173,1.471752524376,0.806021392345,-0.146820738912,0.116973653436,-0.561329126358
1403715346.012143135071,2,3.149778127670,-1.306654453278,1.467196941376,0.809959173203,-0.148017615080,0.115505695343,-0.555621743202
1403715346.062143087387,2,3.113056182861,-1.291869759560,1.463259577751,0.813799917698,-0.149863541126,0.113295234740,-0.549940824509
1403715346.112143039703,2,3.073828458786,-1.274542093277,1.458378672600,0.815948545933,-0.151417717338,0.113032467663,-0.546373784542
1403715346.162142992020,2,3.038555383682,-1.257906556129,1.456338882446,0.816840767860,-0.152056127787,0.112647913396,-0.544940948486
1403715346.212143182755,2,3.004139900208,-1.239932060242,1.455694675446,0.815347611904,-0.152566254139,0.112750567496,-0.547009229660
1403715346.262142896652,2,2.970493555069,-1.220820069313,1.455461978912,0.812987864017,-0.152751535177,0.113522224128,-0.550300240517
1403715346.312143087387,2,2.935723781586,-1.198492765427,1.453835487366,0.810554563999,-0.153907120228,0.114330194890,-0.553391933441
1403715346.362143039703,2,2.902743577957,-1.178412437439,1.453800678253,0.808380067348,-0.154324278235,0.115177728236,-0.556273162365
1403715346.412142992020,2,2.870352268219,-1.157900691032,1.454378604889,0.805708050728,-0.155354917049,0.115910694003,-0.559700071812
1403715346.462142944336,2,2.838693618774,-1.137356996536,1.455317139626,0.803067922592,-0.156426981091,0.117000028491,-0.562959730625
1403715346.512143135071,2,2.808539628983,-1.113152623177,1.454910874367,0.800567865372,-0.158189475536,0.117220424116,-0.565974056721
1403715346.562143087387,2,2.777632951736,-1.092866301537,1.456046700478,0.798892855644,-0.160489350557,0.117101937532,-0.567715287209
1403715346.612143039703,2,2.747292280197,-1.073014259338,1.457456111908,0.796909034252,-0.163766667247,0.116486944258,-0.569690525532
1403715346.662142992020,2,2.717569828033,-1.053975701332,1.458633899689,0.795768439770,-0.166680946946,0.116943396628,-0.570345759392
1403715346.712143182755,2,2.687864780426,-1.034989356995,1.459655523300,0.793986439705,-0.169293448329,0.117937900126,-0.571853160858
1403715346.762142896652,2,2.658902645111,-1.017764210701,1.461083650589,0.792953550816,-0.172007143497,0.118451468647,-0.572370052338
1403715346.812143087387,2,2.630572557449,-1.001443505287,1.462203145027,0.792644023895,-0.174688294530,0.119319893420,-0.571806132793
1403715346.862143039703,2,2.603003740311,-0.985698699951,1.462806582451,0.793307483196,-0.176316782832,0.121355496347,-0.569954812527
1403715346.912142992020,2,2.574090242386,-0.969163656235,1.460442781448,0.793973803520,-0.180019229650,0.120526440442,-0.568042278290
1403715346.962142944336,2,2.547204256058,-0.954586863518,1.460596561432,0.795308351517,-0.183837339282,0.119459368289,-0.565170824528
1403715347.012143135071,2,2.521388053894,-0.940429806709,1.460929036140,0.796626389027,-0.187100976706,0.118537023664,-0.562431037426
1403715347.062143087387,2,2.499855518341,-0.926294207573,1.461408972740,0.798193275928,-0.189526319504,0.117889106274,-0.559526145458
1403715347.112143039703,2,2.476459503174,-0.913015127182,1.462326765060,0.799354791641,-0.188206896186,0.120216287673,-0.557815551758
1403715347.162142992020,2,2.453694820404,-0.900193452835,1.462963461876,0.800830483437,-0.184726446867,0.122347138822,-0.556397259235
1403715347.212143182755,2,2.432113170624,-0.887383460999,1.464627742767,0.801945865154,-0.178754359484,0.124376282096,-0.556291639805
1403715347.262142896652,2,2.410882234573,-0.874166607857,1.466811776161,0.802613019943,-0.171715751290,0.124459803104,-0.557526528835
1403715347.312143087387,2,2.393862247467,-0.864492774010,1.470927119255,0.803404033184,-0.162651062012,0.122948467731,-0.559437453747
1403715347.362143039703,2,2.373211383820,-0.851518869400,1.473812341690,0.803888261318,-0.152497738600,0.121478430927,-0.561917364597
1403715347.412142992020,2,2.352577209473,-0.838540554047,1.477076053619,0.804321348667,-0.140414997935,0.120650112629,-0.564618825912
1403715347.462142944336,2,2.331223249435,-0.825785517693,1.480698823929,0.805348157883,-0.128988280892,0.117743752897,-0.566491663456
1403715347.512143135071,2,2.311820983887,-0.813387513161,1.487752914429,0.806309759617,-0.117845751345,0.115421153605,-0.568027198315
1403715347.562143087387,2,2.289767503738,-0.800310015678,1.492229223251,0.806466221809,-0.108252376318,0.113626718521,-0.570072591305
1403715347.612143039703,2,2.266938447952,-0.787381529808,1.497008919716,0.806470870972,-0.100145392120,0.111601062119,-0.571944892406
1403715347.662142992020,2,2.244323968887,-0.775635600090,1.502122640610,0.805895924568,-0.094459906220,0.107994861901,-0.574409544468
1403715347.712143182755,2,2.219826221466,-0.763012528419,1.507356643677,0.805373668671,-0.092341706157,0.101579755545,-0.576652288437
1403715347.762142896652,2,2.194420099258,-0.752591490746,1.511268377304,0.805384218693,-0.091808170080,0.093904890120,-0.578021943569
1403715347.812143087387,2,2.168300628662,-0.740712523460,1.516032099724,0.805579662323,-0.090067751706,0.087028928101,-0.579098641872
1403715347.862143039703,2,2.141700267792,-0.729483127594,1.520218968391,0.805935561657,-0.088429197669,0.078235968947,-0.580109715462
1403715347.912142992020,2,2.113466024399,-0.717782378197,1.524620652199,0.806343197823,-0.085780382156,0.069145284593,-0.581094980240
1403715347.962142944336,2,2.086872339249,-0.708583235741,1.528974056244,0.806721031666,-0.083680622280,0.057313758880,-0.582163155079
1403715348.012143135071,2,2.060829639435,-0.700232148170,1.533492684364,0.806891262531,-0.080415122211,0.044606778771,-0.583498239517
1403715348.062143087387,2,2.036685466766,-0.692527294159,1.535448431969,0.807931840420,-0.074663542211,0.033011119813,-0.583593845367
1403715348.112143039703,2,2.013107061386,-0.686043858528,1.539426565170,0.808397829533,-0.066068299115,0.022913511842,-0.584468126297
1403715348.162142992020,2,1.991066217422,-0.680737376213,1.542567968369,0.810073018074,-0.055851828307,0.013149853796,-0.583514750004
1403715348.212143182755,2,1.970736742020,-0.676297307014,1.545772314072,0.811235785484,-0.044301643968,0.003688514931,-0.583026885986
1403715348.262142896652,2,1.950755357742,-0.668996334076,1.548544764519,0.813579976559,-0.031352613121,-0.004171737935,-0.580592095852
1403715348.312143087387,2,1.934509277344,-0.665264368057,1.550734281540,0.815171539783,-0.018293315545,-0.011172575876,-0.578822910786
1403715348.362143039703,2,1.920087695122,-0.661507368088,1.551633477211,0.816980183125,-0.007006739266,-0.018300391734,-0.576332807541
1403715348.412142992020,2,1.907558917999,-0.657245516777,1.551151871681,0.818431496620,0.003268626984,-0.023151475936,-0.574128270149
1403715348.462142944336,2,1.892526865005,-0.646487951279,1.548239469528,0.820365250111,0.010793167166,-0.027547340840,-0.571074128151
1403715348.512143135071,2,1.883523583412,-0.641166448593,1.542278170586,0.821386992931,0.017510205507,-0.030713839456,-0.569274604321
1403715348.562143087387,2,1.875659346581,-0.634716749191,1.533707380295,0.821843206882,0.022125318646,-0.033952932805,-0.568270623684
1403715348.612143039703,2,1.868979811668,-0.626813650131,1.523207902908,0.820881307125,0.025167312473,-0.037629179657,-0.569301843643
1403715348.662142992020,2,1.863141298294,-0.618438363075,1.510608077049,0.819252789021,0.025789009407,-0.042849324644,-0.571247637272
1403715348.712143182755,2,1.858621001244,-0.609314680099,1.495706915855,0.817963421345,0.026277797297,-0.047204479575,-0.572727799416
1403715348.762142896652,2,1.854366302490,-0.599180340767,1.479582905769,0.817556738853,0.026770528406,-0.051446914673,-0.572920203209
1403715348.812143087387,2,1.851780891418,-0.588832616806,1.463286876678,0.816849529743,0.028793681413,-0.054903056473,-0.573509871960
1403715348.862143039703,2,1.849234461784,-0.577683210373,1.446691036224,0.815665125847,0.032063163817,-0.058465067297,-0.574668824673
1403715348.912142992020,2,1.843165278435,-0.559030890465,1.426415562630,0.814881265163,0.035234212875,-0.060591042042,-0.575374424458
1403715348.962142944336,2,1.846658587456,-0.548714876175,1.412278413773,0.814890265465,0.038863997906,-0.063266068697,-0.574839949608
1403715349.012143135071,2,1.851971745491,-0.537907481194,1.398716330528,0.813950359821,0.043336737901,-0.063995979726,-0.575770258904
1403715349.062143087387,2,1.859015226364,-0.526695370674,1.385381340981,0.813109219074,0.047835852951,-0.064005888999,-0.576600849628
1403715349.112143039703,2,1.867363810539,-0.515531063080,1.372191905975,0.811860144138,0.053977675736,-0.062849707901,-0.577944219112
1403715349.162142992020,2,1.876944541931,-0.504849433899,1.359547495842,0.810438454151,0.059110227972,-0.063284091651,-0.579388201237
1403715349.212143182755,2,1.887248873711,-0.494316577911,1.346651434898,0.808529317379,0.064010575414,-0.063443578780,-0.581513464451
1403715349.262142896652,2,1.893239617348,-0.485449552536,1.325355172157,0.805986881256,0.067652866244,-0.064077109098,-0.584553241730
1403715349.312143087387,2,1.905941724777,-0.475665330887,1.314700245857,0.803738176823,0.069970570505,-0.066344797611,-0.587117969990
1403715349.362143039703,2,1.919883966446,-0.466328859329,1.303469538689,0.802378833294,0.073328331113,-0.066405929625,-0.588558912277
1403715349.412142992020,2,1.934967756271,-0.457705855370,1.291877269745,0.800574779510,0.076546534896,-0.065113469958,-0.590746164322
1403715349.462142944336,2,1.950981497765,-0.449979424477,1.279683351517,0.799829602242,0.079039826989,-0.063236080110,-0.591630458832
1403715349.512143135071,2,1.967536449432,-0.443064570427,1.267191529274,0.799125015736,0.081560827792,-0.060579195619,-0.592517733574
1403715349.562143087387,2,1.984154939651,-0.437456369400,1.253588199615,0.799977481365,0.084628827870,-0.058736424893,-0.591121077538
1403715349.612143039703,2,2.001162528992,-0.433421850204,1.239666581154,0.800704181194,0.088383100927,-0.058434579521,-0.589615762234
1403715349.662142992020,2,2.017767906189,-0.430252075195,1.226117730141,0.801380693913,0.092250250280,-0.060098338872,-0.587934613228
1403715349.712143182755,2,2.035877704620,-0.431071162224,1.209976315498,0.802028000355,0.096681393683,-0.063859343529,-0.585940063000
1403715349.762142896652,2,2.051885604858,-0.430234074593,1.197923779488,0.802469551563,0.101881153882,-0.068495057523,-0.583927512169
1403715349.812143087387,2,2.067698478699,-0.430295944214,1.186799526215,0.803155362606,0.106841817498,-0.075453564525,-0.581234097481
1403715349.862143039703,2,2.083476781845,-0.430814623833,1.176194071770,0.802891671658,0.112845666707,-0.082546219230,-0.579497218132
1403715349.912142992020,2,2.099609375000,-0.431379556656,1.165910005569,0.802032947540,0.120595604181,-0.088587068021,-0.578231930733
1403715349.962142944336,2,2.116132736206,-0.432528138161,1.155923604965,0.801216363907,0.128821820021,-0.095119133592,-0.576549768448
1403715350.012143135071,2,2.138217210770,-0.431239366531,1.143934845924,0.800260841846,0.137940734625,-0.100607469678,-0.574833095074
1403715350.062143087387,2,2.156084299088,-0.432542800903,1.133924961090,0.799114584923,0.146036043763,-0.104211367667,-0.573785066605
1403715350.112143039703,2,2.174675464630,-0.434193491936,1.122911691666,0.800340950489,0.154054179788,-0.105634823442,-0.569704234600
1403715350.162142992020,2,2.193642377853,-0.435524106026,1.112107634544,0.801861584187,0.159814462066,-0.107813507318,-0.565555989742
1403715350.212143182755,2,2.213000774384,-0.436074852943,1.101502656937,0.803380072117,0.165595084429,-0.107695154846,-0.561747848988
1403715350.262142896652,2,2.232547521591,-0.436442255974,1.090573310852,0.806178331375,0.171755999327,-0.105234965682,-0.556329071522
1403715350.312143087387,2,2.255094766617,-0.436181902885,1.085699796677,0.808702349663,0.177206069231,-0.102314278483,-0.551480174065
1403715350.362143039703,2,2.273959875107,-0.434794783592,1.074581742287,0.810855805874,0.181196570396,-0.099337786436,-0.547551631927
1403715350.412142992020,2,2.291635513306,-0.432427883148,1.063607215881,0.812258720398,0.185209855437,-0.094966173172,-0.544898688793
1403715350.462142944336,2,2.307464122772,-0.429145932198,1.052824854851,0.813206732273,0.188275843859,-0.090872481465,-0.543129146099
1403715350.512143135071,2,2.320933103561,-0.424853205681,1.042444348335,0.813405811787,0.190566971898,-0.086975924671,-0.542669773102
1403715350.562143087387,2,2.332169771194,-0.419438958168,1.032453060150,0.813861668110,0.191493764520,-0.084303267300,-0.542081594467
1403715350.612143039703,2,2.340811729431,-0.412879228592,1.023120284081,0.813996732235,0.190452307463,-0.083655290306,-0.542345941067
1403715350.662142992020,2,2.346864461899,-0.405421733856,1.014569044113,0.814187645912,0.188491955400,-0.084428966045,-0.542624294758
1403715350.712143182755,2,2.350639343262,-0.397176742554,1.006768107414,0.814313173294,0.185595065355,-0.086765334010,-0.543065726757
1403715350.762142896652,2,2.352907657623,-0.387901782990,0.999141037464,0.814543187618,0.182798221707,-0.089215174317,-0.543272435665
1403715350.812143087387,2,2.353858470917,-0.377532362938,0.992227613926,0.813952565193,0.180921986699,-0.091270163655,-0.544443130493
1403715350.862143039703,2,2.349843740463,-0.366711616516,0.987301588058,0.812449753284,0.181274235249,-0.090087182820,-0.546762764454
1403715350.912142992020,2,2.347782373428,-0.354184389114,0.980878770351,0.810873866081,0.182996049523,-0.088111445308,-0.548846483231
1403715350.962142944336,2,2.344256401062,-0.341036796570,0.975293636322,0.808980822563,0.184451624751,-0.086461044848,-0.551409184933
1403715351.012143135071,2,2.338990688324,-0.327816247940,0.970206260681,0.807941675186,0.185708433390,-0.085544720292,-0.552652537823
1403715351.062143087387,2,2.331865310669,-0.314556837082,0.965880393982,0.807446360588,0.186805859208,-0.085305057466,-0.553043484688
1403715351.112143039703,2,2.322966098785,-0.301061511040,0.962612211704,0.806856691837,0.187409639359,-0.085059389472,-0.553737223148
1403715351.162142992020,2,2.311969757080,-0.287713050842,0.960221827030,0.807070136070,0.186820819974,-0.086873605847,-0.553343415260
1403715351.212143182755,2,2.299661397934,-0.274017930031,0.957955658436,0.807521581650,0.186313420534,-0.088826268911,-0.552545189857
1403715351.262142896652,2,2.285514593124,-0.259773969650,0.956094622612,0.807720959187,0.186093837023,-0.090141303837,-0.552114665508
1403715351.312143087387,2,2.271737575531,-0.246927142143,0.957558751106,0.805608272552,0.184726417065,-0.093269944191,-0.555132627487
1403715351.362143039703,2,2.254209518433,-0.231889247894,0.957227706909,0.803546130657,0.184181392193,-0.094519384205,-0.558083355427
1403715351.412142992020,2,2.235432386398,-0.216858863831,0.957312226295,0.801283240318,0.183079957962,-0.096196472645,-0.561402916908
1403715351.462142944336,2,2.215705394745,-0.201843500137,0.957468092442,0.799442827702,0.183014199138,-0.096022583544,-0.564071536064
1403715351.512143135071,2,2.194735050201,-0.187141180038,0.957787990570,0.798112154007,0.182748213410,-0.095773160458,-0.566080987453
1403715351.562143087387,2,2.172657489777,-0.172593593597,0.959121227264,0.794893920422,0.182140246034,-0.095910347998,-0.570762515068
1403715351.612143039703,2,2.147434234619,-0.157095551491,0.959957718849,0.790202140808,0.181507781148,-0.095790900290,-0.577459692955
1403715351.662142992020,2,2.123304605484,-0.144660949707,0.961732625961,0.787717998028,0.181896671653,-0.095965601504,-0.580693185329
1403715351.712143182755,2,2.098083257675,-0.133544564247,0.963526725769,0.787004649639,0.183844670653,-0.096250765026,-0.580999732018
1403715351.762142896652,2,2.073614358902,-0.123093247414,0.966641902924,0.787652790546,0.186701521277,-0.098184466362,-0.578882873058
1403715351.812143087387,2,2.045885562897,-0.115127682686,0.969454348087,0.787948608398,0.189175471663,-0.103150166571,-0.576810002327
1403715351.862143039703,2,2.017138481140,-0.108256220818,0.972742557526,0.788543939590,0.192163646221,-0.109721019864,-0.573788166046
1403715351.912142992020,2,1.987740397453,-0.102207303047,0.975959718227,0.788585782051,0.196101352572,-0.116832904518,-0.570987582207
1403715351.962142944336,2,1.957714080811,-0.096629738808,0.979841589928,0.788831114769,0.199803754687,-0.125816628337,-0.567445278168
1403715352.012143135071,2,1.927654981613,-0.091386198997,0.984628796577,0.788476467133,0.204708680511,-0.134547859430,-0.564177453518
1403715352.062143087387,2,1.899719357491,-0.084031105042,0.991483330727,0.788065612316,0.210404753685,-0.143280968070,-0.560493469238
1403715352.112143039703,2,1.869994401932,-0.078979611397,0.998191118240,-0.787200927734,-0.216515466571,0.149022832513,0.557878136635
1403715352.162142992020,2,1.840526819229,-0.073911428452,1.005212068558,-0.786265075207,-0.220883145928,0.155636832118,0.555675268173
1403715352.212143182755,2,1.811665892601,-0.068690299988,1.012286663055,-0.785270869732,-0.224084958434,0.161803975701,0.554035305977
1403715352.262142896652,2,1.783931612968,-0.060531497002,1.015918493271,-0.784965991974,-0.227483734488,0.165680930018,0.551932573318
1403715352.312143087387,2,1.756138443947,-0.054044485092,1.021711587906,-0.785367846489,-0.230612531304,0.168425381184,0.549225091934
1403715352.362143039703,2,1.728928804398,-0.046860575676,1.027117967606,-0.785223603249,-0.232958287001,0.170791938901,0.547708511353
1403715352.412142992020,2,1.703886032104,-0.040462732315,1.029466986656,-0.785432338715,-0.232074454427,0.176088258624,0.546104788780
1403715352.462142944336,2,1.677851319313,-0.032592415810,1.034172534943,-0.786143779755,-0.228640884161,0.184330716729,0.543804764748
1403715352.512143135071,2,1.652730941772,-0.023558139801,1.038509249687,-0.785861432552,-0.225638717413,0.191294893622,0.543060958385
1403715352.562143087387,2,1.629054188728,-0.013476967812,1.041677236557,-0.784859359264,-0.225738331676,0.193726360798,0.543606638908
1403715352.612143039703,2,1.607007384300,-0.002191066742,1.043752431870,-0.782941639423,-0.228923037648,0.191151723266,0.545946657658
1403715352.662142992020,2,1.586094617844,0.009461402893,1.044926404953,-0.781414210796,-0.232187822461,0.188231617212,0.547767817974
1403715352.712143182755,2,1.565921068192,0.021825194359,1.046343564987,-0.779129981995,-0.234308540821,0.186004638672,0.550870537758
1403715352.762142896652,2,1.546734690666,0.030129909515,1.047173380852,-0.776217043400,-0.236957609653,0.182326138020,0.555063366890
1403715352.812143087387,2,1.528518795967,0.042525172234,1.048197269440,-0.773249387741,-0.238585665822,0.180499032140,0.559090673923
1403715352.862143039703,2,1.511112213135,0.054499626160,1.048879027367,-0.771031796932,-0.240452796221,0.178478196263,0.561994731426
1403715352.912142992020,2,1.494553923607,0.065779685974,1.049483537674,-0.769862771034,-0.242445275187,0.175812318921,0.563579320908
1403715352.962142944336,2,1.479356527328,0.073398232460,1.053175210953,-0.769096910954,-0.242054343224,0.176580935717,0.564551949501
1403715353.012143135071,2,1.463878512383,0.082637190819,1.054915666580,-0.768954217434,-0.240557745099,0.179174691439,0.564568758011
1403715353.062143087387,2,1.449348449707,0.091303825378,1.056732296944,-0.768906414509,-0.240658357739,0.179645299911,0.564441502094
1403715353.112143039703,2,1.435774087906,0.099264025688,1.059128642082,-0.769165813923,-0.241987213492,0.178968638182,0.563734471798
1403715353.162142992020,2,1.423066139221,0.106561303139,1.063308954239,-0.769758284092,-0.243528068066,0.178381338716,0.562446892262
1403715353.212143182755,2,1.411220312119,0.113145470619,1.070180535316,-0.769866824150,-0.244939342141,0.178009927273,0.561802744865
1403715353.262142896652,2,1.400118350983,0.118931055069,1.080150365829,-0.769770085812,-0.246284961700,0.178427755833,0.561214208603
1403715353.312143087387,2,1.390064954758,0.124034881592,1.092790126801,-0.770096957684,-0.247511729598,0.178987979889,0.560046434402
1403715353.362143039703,2,1.380487918854,0.128604650497,1.106610655785,-0.770500838757,-0.249269947410,0.179352879524,0.558592557907
1403715353.412142992020,2,1.373078703880,0.131299018860,1.119117379189,-0.770381271839,-0.252114117146,0.178749442101,0.557673513889
1403715353.462142944336,2,1.364046096802,0.135224580765,1.128423333168,-0.769778251648,-0.254541814327,0.178578361869,0.557458281517
1403715353.512143135071,2,1.355253219604,0.138925671577,1.134201169014,-0.769735038280,-0.256582289934,0.178550451994,0.556590735912
1403715353.562143087387,2,1.346941947937,0.142346739769,1.136078953743,-0.769528627396,-0.258671909571,0.178039714694,0.556072413921
1403715353.612143039703,2,1.338798761368,0.145215392113,1.134397983551,-0.769338667393,-0.260189175606,0.178747639060,0.555399894714
1403715353.662142992020,2,1.331831097603,0.148806452751,1.130554795265,-0.768595695496,-0.262539863586,0.178298488259,0.555466651917
1403715353.712143182755,2,1.324420690536,0.150944352150,1.124447226524,-0.767874836922,-0.264447540045,0.177991285920,0.555657267570
1403715353.762142896652,2,1.317004799843,0.152497768402,1.117628574371,-0.767085671425,-0.266276836395,0.178136721253,0.555827021599
1403715353.812143087387,2,1.309150338173,0.153604388237,1.110227942467,-0.765936970711,-0.268288165331,0.177900508046,0.556519091129
1403715353.862143039703,2,1.300950288773,0.154215574265,1.102435350418,-0.765429317951,-0.269404351711,0.178428649902,0.556509256363
1403715353.912142992020,2,1.292469739914,0.154442667961,1.094411730766,-0.764488577843,-0.270440965891,0.179272174835,0.557028174400
1403715353.962142944336,2,1.283949613571,0.154189705849,1.085467338562,-0.764565765858,-0.271431803703,0.179798394442,0.556270301342
1403715354.012143135071,2,1.275411844254,0.153554439545,1.075880765915,-0.764786183834,-0.272133737803,0.180704817176,0.555329740047
1403715354.062143087387,2,1.266607761383,0.152369141579,1.066050052643,-0.766640782356,-0.271453559399,0.183362096548,0.552225708961
1403715354.112143039703,2,1.257627725601,0.151018977165,1.056875824928,-0.768825650215,-0.268233209848,0.189605370164,0.548641920090
1403715354.162142992020,2,1.247920155525,0.149287581444,1.049221754074,-0.771109938622,-0.264985710382,0.195435106754,0.544956088066
1403715354.212143182755,2,1.240432500839,0.147045373917,1.039811968803,-0.772939085960,-0.262602895498,0.200105100870,0.541814506054
1403715354.262142896652,2,1.233881950378,0.145788788795,1.030491232872,-0.774331212044,-0.262094110250,0.201828747988,0.539428412914
1403715354.312143087387,2,1.228185057640,0.145523548126,1.021516680717,-0.774518191814,-0.263234794140,0.201164990664,0.538852155209
1403715354.362143039703,2,1.223214864731,0.146269798279,1.012133002281,-0.774785935879,-0.265908747911,0.198039725423,0.538311839104
1403715354.412142992020,2,1.218626379967,0.148320674896,1.002988219261,-0.774697780609,-0.269342660904,0.193641453981,0.538331687450
1403715354.462142944336,2,1.214056968689,0.151461601257,0.994200825691,-0.774454891682,-0.272581100464,0.189732223749,0.538442969322
1403715354.512143135071,2,1.209614396095,0.155317544937,0.985645651817,-0.773931264877,-0.275116205215,0.186686456203,0.538971006870
1403715354.562143087387,2,1.204634308815,0.162102460861,0.979065001011,-0.773829102516,-0.276221185923,0.185683488846,0.538898825645
1403715354.612143039703,2,1.199250340462,0.166172027588,0.973722457886,-0.773280739784,-0.276026368141,0.185848906636,0.539728283882
1403715354.662142992020,2,1.193622946739,0.170877695084,0.970804572105,-0.773220658302,-0.275843232870,0.185610324144,0.539990007877
1403715354.712143182755,2,1.187720179558,0.176389336586,0.971074283123,-0.773235917091,-0.275227755308,0.185902878642,0.540181577206
1403715354.762142896652,2,1.181952357292,0.182515859604,0.974860906601,-0.773288249969,-0.274629980326,0.185893639922,0.540414035320
1403715354.812143087387,2,1.177012920380,0.188428878784,0.981450080872,-0.773917257786,-0.273892909288,0.186619594693,0.539636909962
1403715354.862143039703,2,1.172106146812,0.194747567177,0.990562379360,-0.773643374443,-0.273999184370,0.186124056578,0.540146529675
1403715354.912142992020,2,1.166439533234,0.201081275940,1.003306865692,-0.773730397224,-0.272045224905,0.189619570971,0.539793670177
1403715354.962142944336,2,1.160841464996,0.207925677299,1.017528295517,-0.773487210274,-0.270606875420,0.192743673921,0.539758622646
1403715355.012143135071,2,1.156268239021,0.213632822037,1.033402681351,-0.772392868996,-0.269664615393,0.195998430252,0.540624558926
1403715355.062143087387,2,1.150680065155,0.221560716629,1.048199176788,-0.771841406822,-0.270265549421,0.196467980742,0.540941596031
1403715355.112143039703,2,1.145771145821,0.229724645615,1.061898112297,-0.771398365498,-0.272602617741,0.195747867227,0.540661871433
1403715355.162142992020,2,1.141249060631,0.237766146660,1.074890255928,-0.770251512527,-0.276305198669,0.196539521217,0.540129899979
1403715355.212143182755,2,1.140339612961,0.244998693466,1.084834098816,-0.769197463989,-0.280913054943,0.199469149113,0.538177669048
1403715355.262142896652,2,1.136670351028,0.253053545952,1.096426963806,-0.766951918602,-0.287337154150,0.202133148909,0.536995708942
1403715355.312143087387,2,1.133271813393,0.261086702347,1.106960773468,-0.764491975307,-0.295840799809,0.204587802291,0.534952461720
1403715355.362143039703,2,1.129904031754,0.269112467766,1.117128849030,-0.761495232582,-0.304777741432,0.208265945315,0.532786011696
1403715355.412142992020,2,1.126655101776,0.276996135712,1.127676248550,-0.757517874241,-0.313378989697,0.213953152299,0.531210362911
1403715355.462142944336,2,1.123123168945,0.284801959991,1.138080358505,-0.753423929214,-0.321846216917,0.221426799893,0.528902351856
1403715355.512143135071,2,1.121265769005,0.293717622757,1.149327874184,-0.748402059078,-0.330309778452,0.229358449578,0.527432084084
1403715355.562143087387,2,1.118687868118,0.301665306091,1.159537911415,-0.743510365486,-0.339364469051,0.236647069454,0.525378286839
1403715355.612143039703,2,1.116269826889,0.309484481812,1.169203996658,-0.738940119743,-0.348470151424,0.244019344449,0.522485077381
1403715355.662142992020,2,1.114208102226,0.317845106125,1.177840709686,-0.734181523323,-0.358007013798,0.249058693647,0.520363628864
1403715355.712143182755,2,1.112225890160,0.326442480087,1.186179995537,-0.729983747005,-0.366187751293,0.253587156534,0.518385827541
1403715355.762142896652,2,1.107444405556,0.337221264839,1.195015311241,-0.726649343967,-0.373295575380,0.256729304790,0.516450762749
1403715355.812143087387,2,1.106062412262,0.346343874931,1.202164888382,-0.724200725555,-0.379337847233,0.258540958166,0.514580190182
1403715355.862143039703,2,1.104343652725,0.355492711067,1.209226369858,-0.722636938095,-0.384067803621,0.259968042374,0.512546956539
1403715355.912142992020,2,1.102040290833,0.364970684052,1.216489911079,-0.721098840237,-0.387872099876,0.260982841253,0.511331319809
1403715355.962142944336,2,1.099351644516,0.374873280525,1.223266482353,-0.719968557358,-0.391482830048,0.260296702385,0.510521471500
1403715356.012143135071,2,1.096220254898,0.384613990784,1.230116248131,-0.718757748604,-0.394106715918,0.259085714817,0.510824680328
1403715356.062143087387,2,1.092724084854,0.394209146500,1.236487865448,-0.717908620834,-0.396989524364,0.255980193615,0.511351823807
1403715356.112143039703,2,1.085259914398,0.402400374413,1.242100000381,-0.717540562153,-0.399529486895,0.250844597816,0.512434124947
1403715356.162142992020,2,1.080537080765,0.411280870438,1.248125076294,-0.717357933521,-0.400992631912,0.246215462685,0.513790249825
1403715356.212143182755,2,1.074960947037,0.419265985489,1.254277348518,-0.717258632183,-0.400792032480,0.242415919900,0.515888035297
1403715356.262142896652,2,1.068249702454,0.426550984383,1.259976983070,-0.717800617218,-0.399607062340,0.239301919937,0.517504751682
1403715356.312143087387,2,1.060588598251,0.432638049126,1.264892220497,-0.719325006008,-0.398243099451,0.235942006111,0.517982006073
1403715356.362143039703,2,1.051478624344,0.437498211861,1.269016981125,-0.722354590893,-0.396098524332,0.233380377293,0.516568958759
1403715356.412142992020,2,1.040997266769,0.441300392151,1.272556304932,-0.725731611252,-0.393709987402,0.231460735202,0.514521121979
1403715356.462142944336,2,1.029422760010,0.444256663322,1.275645732880,-0.729386985302,-0.389960289001,0.231313213706,0.512269437313
1403715356.512143135071,2,1.016221880913,0.446483969688,1.278252720833,-0.733722746372,-0.383934617043,0.234754085541,0.509053707123
1403715356.562143087387,2,1.002002716064,0.448540925980,1.280250310898,-0.736370265484,-0.379415571690,0.238033041358,0.507092654705
1403715356.612143039703,2,0.986642301083,0.450818300247,1.282049298286,-0.737955570221,-0.376548469067,0.241681709886,0.505195915699
1403715356.662142992020,2,0.970961213112,0.450042009354,1.283652544022,-0.738057851791,-0.375088810921,0.245690003037,0.504197835922
1403715356.712143182755,2,0.953876733780,0.452284455299,1.284392356873,-0.737311959267,-0.376139253378,0.249423354864,0.502671360970
1403715356.762142896652,2,0.935968399048,0.454932689667,1.285074710846,-0.735649526119,-0.378393769264,0.253907471895,0.501167714596
1403715356.812143087387,2,0.917764782906,0.458023667336,1.285444378853,-0.732891082764,-0.381929963827,0.259311795235,0.499757647514
1403715356.862143039703,2,0.899586677551,0.461708784103,1.285290122032,-0.730185091496,-0.388107329607,0.263556212187,0.496729969978
1403715356.912142992020,2,0.880722522736,0.465948581696,1.285634517670,-0.727114558220,-0.394112288952,0.270017296076,0.493021994829
1403715356.962142944336,2,0.861669898033,0.471162438393,1.287919044495,-0.722757756710,-0.400673508644,0.278189927340,0.489583790302
1403715357.012143135071,2,0.840360820293,0.480213522911,1.292999505997,-0.716652333736,-0.409184515476,0.285437345505,0.487342923880
1403715357.062143087387,2,0.820943951607,0.487351059914,1.298329472542,-0.710674822330,-0.418161779642,0.293210595846,0.483848750591
1403715357.112143039703,2,0.801539421082,0.495048761368,1.304609417915,-0.703627288342,-0.427179396152,0.300818383694,0.481596112251
1403715357.162142992020,2,0.782401025295,0.503255486488,1.310976982117,-0.696728348732,-0.436844944954,0.307153999805,0.478949397802
1403715357.212143182755,2,0.763460755348,0.510105371475,1.315699934959,-0.690266370773,-0.445739656687,0.312304317951,0.476775169373
1403715357.262142896652,2,0.744038045406,0.520621061325,1.322963714600,-0.683522880077,-0.453808426857,0.316061496735,0.476402699947
1403715357.312143087387,2,0.724352657795,0.532423973083,1.330286622047,-0.677813589573,-0.460998773575,0.317637026310,0.476608514786
1403715357.362143039703,2,0.704178214073,0.545019268990,1.338369607925,-0.673086524010,-0.467032045126,0.318212419748,0.477049827576
1403715357.412142992020,2,0.684391736984,0.557381987572,1.346393585205,-0.669903457165,-0.471197038889,0.319308012724,0.476702421904
1403715357.462142944336,2,0.666264653206,0.567838668823,1.351464986801,-0.666675686836,-0.474942922592,0.319108933210,0.477642565966
1403715357.512143135071,2,0.646636128426,0.579932093620,1.357786297798,-0.665331423283,-0.478488355875,0.318192332983,0.476588547230
1403715357.562143087387,2,0.626929581165,0.591750741005,1.362904787064,-0.664449155331,-0.481448084116,0.317164212465,0.475522875786
1403715357.612143039703,2,0.607151210308,0.603075265884,1.367659091949,-0.663538753986,-0.484327137470,0.315902322531,0.474709659815
1403715357.662142992020,2,0.587063908577,0.614009737968,1.372183799744,-0.661968767643,-0.486424744129,0.314970582724,0.475375503302
1403715357.712143182755,2,0.566733658314,0.624361872673,1.377399206161,-0.659144341946,-0.487509787083,0.315072536469,0.478113263845
1403715357.762142896652,2,0.546752572060,0.633955001831,1.381811618805,-0.657156527042,-0.489198654890,0.313789039850,0.479965120554
1403715357.812143087387,2,0.526370763779,0.642537355423,1.385654807091,-0.654351294041,-0.491513311863,0.311514288187,0.482905805111
1403715357.862143039703,2,0.505869626999,0.649890661240,1.388310074806,-0.652133166790,-0.494226038456,0.308098822832,0.485322654247
1403715357.912142992020,2,0.489873886108,0.653005123138,1.393530964851,-0.651341438293,-0.496088743210,0.305294990540,0.486256420612
1403715357.962142944336,2,0.468003869057,0.658145546913,1.394497632980,-0.651615917683,-0.497431695461,0.303305983543,0.485761284828
1403715358.012143135071,2,0.445283412933,0.661792874336,1.394808173180,-0.652098476887,-0.498687982559,0.301698833704,0.484825551510
1403715358.062143087387,2,0.421580791473,0.663930535316,1.394731640816,-0.652788281441,-0.499654769897,0.300115168095,0.483883768320
1403715358.112143039703,2,0.396617412567,0.664110541344,1.394584894180,-0.654374599457,-0.498931556940,0.300984710455,0.481943368912
1403715358.162142992020,2,0.370009899139,0.662958145142,1.394248127937,-0.656274616718,-0.496840924025,0.303461879492,0.479962199926
1403715358.212143182755,2,0.341981887817,0.660572648048,1.393101692200,-0.659800350666,-0.494332134724,0.306272268295,0.475916624069
1403715358.262142896652,2,0.312596321106,0.657081604004,1.392154812813,-0.661986529827,-0.492171436548,0.309011161327,0.473342597485
1403715358.312143087387,2,0.282756447792,0.653478741646,1.390382409096,-0.663864433765,-0.491495162249,0.309812277555,0.470885217190
1403715358.362143039703,2,0.248288154602,0.645478248596,1.388852953911,-0.664149761200,-0.492854058743,0.308482527733,0.469934612513
1403715358.412142992020,2,0.216332912445,0.640947818756,1.386443018913,-0.661755144596,-0.496158838272,0.307116150856,0.470729529858
1403715358.462142944336,2,0.183539628983,0.635435342789,1.383713603020,-0.658056259155,-0.499712169170,0.307731688023,0.471752971411
1403715358.512143135071,2,0.149380445480,0.629075288773,1.380888223648,-0.652646481991,-0.503392517567,0.309781193733,0.474008738995
1403715358.562143087387,2,0.114383578300,0.621861577034,1.377673864365,-0.647372424603,-0.506915986538,0.312584400177,0.475642889738
1403715358.612143039703,2,0.079025268555,0.613677501678,1.374106884003,-0.642533838749,-0.509831547737,0.316329687834,0.476610660553
1403715358.662142992020,2,0.044945001602,0.604614734650,1.372218012810,-0.638345658779,-0.511274218559,0.323053568602,0.476182639599
1403715358.712143182755,2,0.008588671684,0.593174934387,1.369631767273,-0.635621309280,-0.509911954403,0.333667099476,0.473963856697
1403715358.762142896652,2,-0.027597665787,0.581083536148,1.367038130760,-0.633226633072,-0.509037613869,0.343323796988,0.471204429865
1403715358.812143087387,2,-0.062776446342,0.568951725960,1.367755651474,-0.630859076977,-0.508837282658,0.351169586182,0.468808561563
1403715358.862143039703,2,-0.097848296165,0.556469202042,1.364506959915,-0.628603875637,-0.508919417858,0.358246862888,0.466387689114
1403715358.912142992020,2,-0.132097244263,0.544350743294,1.360803604126,-0.625647902489,-0.509125411510,0.363936424255,0.465732008219
1403715358.962142944336,2,-0.165593028069,0.535037040710,1.359037280083,-0.623500823975,-0.510451495647,0.367599159479,0.464281022549
1403715359.012143135071,2,-0.197713971138,0.523275732994,1.354059100151,-0.622800827026,-0.511814832687,0.370665311813,0.461272120476
1403715359.062143087387,2,-0.228845536709,0.511943101883,1.348262071609,-0.622447848320,-0.514123439789,0.371668010950,0.458365350962
1403715359.112143039703,2,-0.257941365242,0.502006888390,1.347557067871,-0.621705114841,-0.515694916248,0.372641444206,0.456814944744
1403715359.162142992020,2,-0.286813914776,0.491526603699,1.342282056808,-0.620093464851,-0.516626119614,0.373803377151,0.457003951073
1403715359.212143182755,2,-0.314873993397,0.481238722801,1.337012410164,-0.618502199650,-0.516639411449,0.375334560871,0.457889556885
1403715359.262142896652,2,-0.341493904591,0.471230387688,1.331899285316,-0.616908073425,-0.517050623894,0.375550150871,0.459396600723
1403715359.312143087387,2,-0.368087232113,0.463095068932,1.329279184341,-0.616002142429,-0.518070936203,0.373908758163,0.460799515247
1403715359.362143039703,2,-0.391710937023,0.453309893608,1.324249029160,-0.615370035172,-0.519402384758,0.371713012457,0.461920291185
1403715359.412142992020,2,-0.414161026478,0.443374037743,1.319627642632,-0.614169478416,-0.521045088768,0.368182241917,0.464488655329
1403715359.462142944336,2,-0.435759067535,0.432922601700,1.315510034561,-0.612840831280,-0.522598147392,0.364553898573,0.467351824045
1403715359.512143135071,2,-0.455685794353,0.421581625938,1.314908981323,-0.611834108829,-0.523617863655,0.361635059118,0.469790965319
1403715359.562143087387,2,-0.475430667400,0.409177780151,1.313400506973,-0.611129999161,-0.523489117622,0.360059559345,0.472055643797
1403715359.612143039703,2,-0.494239747524,0.395441532135,1.312805652618,-0.611106395721,-0.522567391396,0.360160768032,0.473029136658
1403715359.662142992020,2,-0.513364553452,0.379145979881,1.310153365135,-0.612267136574,-0.521349132061,0.360520958900,0.472597926855
1403715359.712143182755,2,-0.530237853527,0.362994313240,1.310716509819,-0.614107131958,-0.520038545132,0.361317604780,0.471043497324
1403715359.762142896652,2,-0.546196341515,0.346017241478,1.311748147011,-0.616271972656,-0.519045770168,0.361815035343,0.468924522400
1403715359.812143087387,2,-0.561113536358,0.328394889832,1.313493371010,-0.617821455002,-0.517465770245,0.363028973341,0.467691957951
1403715359.862143039703,2,-0.574603736401,0.311123371124,1.314682483673,-0.619179248810,-0.517352402210,0.363084077835,0.465975821018
1403715359.912142992020,2,-0.587291777134,0.292552351952,1.317067027092,-0.621817648411,-0.517074108124,0.363236457109,0.462640732527
1403715359.962142944336,2,-0.599248528481,0.273718118668,1.319955110550,-0.624910235405,-0.515782952309,0.364955872297,0.458543866873
1403715360.012143135071,2,-0.611322641373,0.256105899811,1.321867346764,-0.626570045948,-0.516094326973,0.364509582520,0.456277847290
1403715360.062143087387,2,-0.622111082077,0.237627863884,1.324408292770,-0.627489447594,-0.516977965832,0.363485038280,0.454829037189
1403715360.112143039703,2,-0.632445275784,0.219465732574,1.326796054840,-0.627790212631,-0.517953217030,0.362772315741,0.453872501850
1403715360.162142992020,2,-0.642981052399,0.201251864433,1.329369306564,-0.627695739269,-0.519010007381,0.361795693636,0.453575342894
1403715360.212143182755,2,-0.655230402946,0.182204723358,1.329321384430,-0.627634286880,-0.519645273685,0.361143469810,0.453452885151
1403715360.262142896652,2,-0.665143132210,0.164400935173,1.332059502602,-0.628184020519,-0.519515335560,0.360598355532,0.453274309635
1403715360.312143087387,2,-0.675300121307,0.147823810577,1.334238648415,-0.629882991314,-0.517655968666,0.360857158899,0.452837646008
1403715360.362143039703,2,-0.685047149658,0.130798578262,1.337449789047,-0.633828103542,-0.513131439686,0.362440615892,0.451214849949
1403715360.412142992020,2,-0.694517135620,0.114347815514,1.341145873070,-0.639193832874,-0.506480157375,0.364983618259,0.449106007814
1403715360.462142944336,2,-0.701160252094,0.097685933113,1.344115853310,-0.645368218422,-0.498738944530,0.366678655148,0.447555780411
1403715360.512143135071,2,-0.709776699543,0.083611845970,1.347838878632,-0.651943564415,-0.490327864885,0.367420881987,0.446710288525
1403715360.562143087387,2,-0.717986643314,0.071323990822,1.350811839104,-0.658206343651,-0.481913328171,0.366421133280,0.447503715754
1403715360.612143039703,2,-0.725776016712,0.061028957367,1.353750348091,-0.664071917534,-0.474166303873,0.362675815821,0.450156837702
1403715360.662142992020,2,-0.734618723392,0.052426218987,1.353690505028,-0.668891668320,-0.466624438763,0.357089698315,0.455337971449
1403715360.712143182755,2,-0.740623533726,0.046191453934,1.357401371002,-0.673865020275,-0.459226518869,0.350366264582,0.460717290640
1403715360.762142896652,2,-0.745775878429,0.042023658752,1.361199021339,-0.678202509880,-0.453328102827,0.340455412865,0.467573702335
1403715360.812143087387,2,-0.750924170017,0.038941025734,1.364430904388,-0.682957530022,-0.446904122829,0.329653769732,0.474525183439
1403715360.862143039703,2,-0.755034804344,0.037337183952,1.368250131607,-0.687645435333,-0.440169513226,0.318574875593,0.481564730406
1403715360.912142992020,2,-0.758944451809,0.035233974457,1.371814727783,-0.692162990570,-0.432488709688,0.307879060507,0.488952308893
1403715360.962142944336,2,-0.762307763100,0.034978628159,1.375877141953,-0.697608768940,-0.424214899540,0.297473102808,0.494867235422
1403715361.012143135071,2,-0.764646530151,0.036767482758,1.380014181137,-0.703168153763,-0.414989173412,0.288124263287,0.500322997570
1403715361.062143087387,2,-0.767597973347,0.037031531334,1.384399414062,-0.708964407444,-0.405500739813,0.278814136982,0.505174577236
1403715361.112143039703,2,-0.770489692688,0.037089705467,1.388702750206,-0.715238034725,-0.395355612040,0.270115971565,0.509083390236
1403715361.162142992020,2,-0.773387849331,0.036994099617,1.393079876900,-0.721398651600,-0.385107725859,0.261602967978,0.512679338455
1403715361.212143182755,2,-0.776289939880,0.037152171135,1.397417545319,-0.727294147015,-0.375168979168,0.252259135246,0.516388297081
1403715361.262142896652,2,-0.782250761986,0.039084196091,1.402381062508,-0.732849359512,-0.365220487118,0.243378430605,0.519916176796
1403715361.312143087387,2,-0.785606384277,0.039118409157,1.406516194344,-0.738040328026,-0.355494737625,0.234108105302,0.523558378220
1403715361.362143039703,2,-0.789121270180,0.039100408554,1.410518169403,-0.742652654648,-0.345557659864,0.224778607488,0.527760982513
1403715361.412142992020,2,-0.792890369892,0.038690447807,1.413740396500,-0.747342228889,-0.335468530655,0.215904995799,0.531343221664
1403715361.462142944336,2,-0.797158598900,0.037924647331,1.416263699532,-0.751715064049,-0.325428366661,0.207953378558,0.534580528736
1403715361.512143135071,2,-0.804319262505,0.034829616547,1.417587518692,-0.755135715008,-0.316531896591,0.200674533844,0.537873029709
1403715361.562143087387,2,-0.809834480286,0.032798767090,1.418930172920,-0.758309721947,-0.309259057045,0.194244563580,0.539994716644
1403715361.612143039703,2,-0.815922796726,0.030078768730,1.419712901115,-0.760839045048,-0.303948551416,0.187490493059,0.541836380959
1403715361.662142992020,2,-0.822909772396,0.026874661446,1.420114398003,-0.763146221638,-0.298966646194,0.182649627328,0.543015599251
1403715361.712143182755,2,-0.830863475800,0.023538589478,1.419726848602,-0.766304492950,-0.293355911970,0.178632766008,0.542964220047
1403715361.762142896652,2,-0.839695811272,0.020268082619,1.418687343597,-0.770343065262,-0.287102669477,0.174662768841,0.541882455349
1403715361.812143087387,2,-0.849539637566,0.017234802246,1.416884660721,-0.774632334709,-0.280469834805,0.170784786344,0.540475666523
1403715361.862143039703,2,-0.860221028328,0.014691948891,1.414489626884,-0.779047191143,-0.273277074099,0.166274517775,0.539219796658
1403715361.912142992020,2,-0.871695876122,0.013078927994,1.411419153214,0.782816708088,0.265859156847,-0.160148933530,-0.539323031902
1403715361.962142944336,2,-0.884064555168,0.011797070503,1.408369660378,0.785600066185,0.256876766682,-0.155258402228,-0.541056036949
1403715362.012143135071,2,-0.902502715588,0.015008330345,1.403056144714,0.788153827190,0.246859222651,-0.150074690580,-0.543462753296
1403715362.062143087387,2,-0.916416406631,0.015115261078,1.399810433388,0.790658950806,0.237574994564,-0.143008917570,-0.545861780643
1403715362.112143039703,2,-0.931050658226,0.015945792198,1.396095752716,0.793192028999,0.227304488420,-0.135744705796,-0.548409104347
1403715362.162142992020,2,-0.946205973625,0.017424821854,1.391326308250,0.796040832996,0.217258349061,-0.126939088106,-0.550458312035
1403715362.212143182755,2,-0.961959123611,0.019776463509,1.386284947395,0.798586606979,0.206355974078,-0.117828078568,-0.552985727787
1403715362.262142896652,2,-0.978344798088,0.022739052773,1.380657792091,0.800708234310,0.194939747453,-0.108414553106,-0.555977702141
1403715362.312143087387,2,-0.995427966118,0.026135206223,1.374473690987,0.803326785564,0.183471485972,-0.098470367491,-0.557949781418
1403715362.362143039703,2,-1.013442158699,0.029855728149,1.367869615555,0.805845677853,0.171353340149,-0.088724955916,-0.559802353382
1403715362.412142992020,2,-1.032142877579,0.033753991127,1.361599206924,0.808129847050,0.158816814423,-0.079212300479,-0.561630547047
1403715362.462142944336,2,-1.049136996269,0.034838795662,1.351407527924,0.809672594070,0.145811095834,-0.070588223636,-0.564080357552
1403715362.512143135071,2,-1.069940924644,0.038678884506,1.344878792763,0.811403393745,0.132471129298,-0.061269234866,-0.565970063210
1403715362.562143087387,2,-1.091572284698,0.042667508125,1.338152885437,0.813562035561,0.119931936264,-0.051162790507,-0.566670596600
1403715362.612143039703,2,-1.114256501198,0.046970605850,1.331995129585,0.815237522125,0.106763750315,-0.042516436428,-0.567610561848
1403715362.662142992020,2,-1.133237600327,0.045717716217,1.326655864716,0.816448986530,0.093758754432,-0.034311287105,-0.568720579147
1403715362.712143182755,2,-1.157811284065,0.050571203232,1.321719169617,0.817524373531,0.080233067274,-0.026925330982,-0.569641649723
1403715362.762142896652,2,-1.183419346809,0.055856227875,1.317551612854,0.818656206131,0.065162435174,-0.022190978751,-0.570143342018
1403715362.812143087387,2,-1.209887504578,0.061359643936,1.314513206482,0.819605350494,0.048812948167,-0.019666390494,-0.570506513119
1403715362.862143039703,2,-1.236775040627,0.067085623741,1.312659025192,0.819874405861,0.030281612650,-0.020778076723,-0.571364462376
1403715362.912142992020,2,-1.263321518898,0.073449850082,1.312566995621,0.818004369736,0.010507551953,-0.024184312671,-0.574607312679
1403715362.962142944336,2,-1.288737535477,0.080276012421,1.313333034515,0.814983963966,-0.006850136444,-0.025248076767,-0.578892767429
1403715363.012143135071,2,-1.312448382378,0.087491989136,1.314736485481,0.812205076218,-0.022818423808,-0.026104446501,-0.582340896130
1403715363.062143087387,2,-1.333909273148,0.094346642494,1.316232442856,0.810396075249,-0.036783050746,-0.025127366185,-0.584186434746
1403715363.112143039703,2,-1.352936148643,0.100178122520,1.317761659622,0.809256672859,-0.048671498895,-0.022298209369,-0.585010766983
1403715363.162142992020,2,-1.367313027382,0.107285499573,1.321739435196,0.810198903084,-0.058523930609,-0.018466696143,-0.582933783531
1403715363.212143182755,2,-1.380817770958,0.112477064133,1.323877453804,0.810519158840,-0.067736521363,-0.013030938804,-0.581636250019
1403715363.262142896652,2,-1.391604900360,0.117343068123,1.326588630676,0.810588061810,-0.076119653881,-0.006715440657,-0.580609798431
1403715363.312143087387,2,-1.399962306023,0.121803641319,1.329949498177,0.810643017292,-0.084471732378,-0.000771421997,-0.579415142536
1403715363.362143039703,2,-1.405767440796,0.125549912453,1.333741307259,0.810178399086,-0.092712774873,0.005715817679,-0.578776955605
1403715363.412142992020,2,-1.409290552139,0.128675341606,1.338187456131,0.809142172337,-0.100472211838,0.012380312197,-0.578827321529
1403715363.462142944336,2,-1.410163521767,0.131493568420,1.342691183090,0.808084666729,-0.108231052756,0.019841454923,-0.578698217869
1403715363.512143135071,2,-1.408417344093,0.133687019348,1.347640872002,0.806941568851,-0.115752868354,0.027778256685,-0.578510999680
1403715363.562143087387,2,-1.404253959656,0.135134458542,1.352636098862,0.806110262871,-0.121529534459,0.038413129747,-0.577876567841
1403715363.612143039703,2,-1.397874116898,0.136714220047,1.357242822647,0.805437326431,-0.125599399209,0.051753491163,-0.576903164387
1403715363.662142992020,2,-1.394812941551,0.134808421135,1.358610987663,0.804097414017,-0.131425902247,0.063916720450,-0.576254546642
1403715363.712143182755,2,-1.385845661163,0.135668158531,1.364289283752,0.802594423294,-0.137374237180,0.075490899384,-0.575562119484
1403715363.762142896652,2,-1.376018404961,0.136192321777,1.370097398758,0.800652980804,-0.145191714168,0.085512876511,-0.574944913387
1403715363.812143087387,2,-1.365699529648,0.136468887329,1.375832796097,0.798388302326,-0.154038980603,0.095194101334,-0.574270248413
1403715363.862143039703,2,-1.354654073715,0.136480808258,1.381278276443,0.796044945717,-0.164654761553,0.103906974196,-0.573066055775
1403715363.912142992020,2,-1.342852354050,0.136054992676,1.386598944664,0.793069303036,-0.175251320004,0.113673485816,-0.572194397449
1403715363.962142944336,2,-1.329874157906,0.135262012482,1.391931056976,0.789145827293,-0.186110764742,0.124863408506,-0.571857452393
1403715364.012143135071,2,-1.316760659218,0.134057998657,1.396818876266,0.785527646542,-0.198637157679,0.134372785687,-0.570467948914
1403715364.062143087387,2,-1.302911281586,0.132364988327,1.401573419571,0.781544446945,-0.210569575429,0.144596204162,-0.569157958031
1403715364.112143039703,2,-1.289762735367,0.131377339363,1.405832290649,0.777619540691,-0.221903726459,0.152943655849,-0.568044781685
1403715364.162142992020,2,-1.272943258286,0.130778551102,1.406101703644,0.773577153683,-0.231918230653,0.160632953048,-0.567441165447
1403715364.212143182755,2,-1.261376976967,0.126002550125,1.410830259323,0.771396696568,-0.240259841084,0.166785240173,-0.565159320831
1403715364.262142896652,2,-1.250446438789,0.120985150337,1.415938615799,0.769655108452,-0.248164579272,0.170494616032,-0.563007056713
1403715364.312143087387,2,-1.240028977394,0.115150928497,1.421388745308,0.768602252007,-0.255353212357,0.172101438046,-0.560737371445
1403715364.362143039703,2,-1.230340957642,0.108602166176,1.427058339119,0.768349289894,-0.261371225119,0.172361329198,-0.558225750923
1403715364.412142992020,2,-1.220741271973,0.101826310158,1.433544754982,0.767889082432,-0.266621172428,0.171397969127,-0.556670784950
1403715364.462142944336,2,-1.210741877556,0.095009446144,1.440500140190,0.767182469368,-0.269841283560,0.171610012650,-0.556027710438
1403715364.512143135071,2,-1.200092315674,0.087853312492,1.447338461876,0.766956925392,-0.272647202015,0.170011207461,-0.555460989475
1403715364.562143087387,2,-1.188863039017,0.079993247986,1.454689621925,0.766475021839,-0.273962795734,0.169084295630,-0.555761694908
1403715364.612143039703,2,-1.176598429680,0.071670532227,1.462137222290,0.766334056854,-0.274382919073,0.169018164277,-0.555768966675
1403715364.662142992020,2,-1.155600070953,0.067343831062,1.470643162727,0.765930354595,-0.274695932865,0.169764935970,-0.555943191051
1403715364.712143182755,2,-1.141401171684,0.057040929794,1.478253602982,0.764683544636,-0.274103820324,0.174215331674,-0.556574642658
1403715364.762142896652,2,-1.126393675804,0.045617103577,1.485627055168,0.764425218105,-0.273036390543,0.181252747774,-0.555205106735
1403715364.812143087387,2,-1.110942602158,0.033615708351,1.492462158203,0.765167176723,-0.272324591875,0.189265087247,-0.551848948002
1403715364.862143039703,2,-1.095307826996,0.021310567856,1.499420642853,0.765963315964,-0.272938549519,0.196641087532,-0.547847747803
1403715364.912142992020,2,-1.079804897308,0.009036183357,1.506839752197,0.766222178936,-0.275221079588,0.202482163906,-0.544203937054
1403715364.962142944336,2,-1.064596056938,-0.003168821335,1.514238715172,0.766474306583,-0.277906805277,0.209068104625,-0.539977431297
1403715365.012143135071,2,-1.049285888672,-0.014986038208,1.522354006767,0.765580952168,-0.282838821411,0.212981328368,-0.537147164345
1403715365.062143087387,2,-1.034183859825,-0.026457309723,1.530445456505,0.764945507050,-0.287292301655,0.218178272247,-0.533591508865
1403715365.112143039703,2,-1.019482612610,-0.037310361862,1.538817405701,0.762625217438,-0.292406439781,0.223170161247,-0.532068133354
1403715365.162142992020,2,-1.003124833107,-0.046564340591,1.553278565407,0.758996427059,-0.298405200243,0.227947264910,-0.531901240349
1403715365.212143182755,2,-0.988800287247,-0.056491374969,1.561873674393,0.755292713642,-0.303781747818,0.232933044434,-0.531969785690
1403715365.262142896652,2,-0.975261688232,-0.066051959991,1.569927096367,0.752208113670,-0.308202385902,0.237908110023,-0.531595647335
1403715365.312143087387,2,-0.962615787983,-0.075293779373,1.577494025230,0.749629795551,-0.312028110027,0.242324545979,-0.531010925770
1403715365.362143039703,2,-0.951202332973,-0.083924770355,1.584601998329,0.747203409672,-0.316280364990,0.245473638177,-0.530468165874
1403715365.412142992020,2,-0.940722763538,-0.092030763626,1.591578006744,0.743888795376,-0.322073161602,0.247844144702,-0.530539095402
1403715365.462142944336,2,-0.930995345116,-0.100467681885,1.597887635231,0.741083443165,-0.327974200249,0.251515984535,-0.529120028019
1403715365.512143135071,2,-0.929946660995,-0.104765415192,1.606885194778,0.737325310707,-0.335027307272,0.255938798189,-0.527828991413
1403715365.562143087387,2,-0.921118021011,-0.112996101379,1.612367868423,0.733807504177,-0.342224806547,0.260758757591,-0.525750637054
1403715365.612143039703,2,-0.912972569466,-0.121155738831,1.618015408516,0.728879809380,-0.351873338223,0.263878077269,-0.524678766727
1403715365.662142992020,2,-0.905263662338,-0.129365205765,1.623683452606,0.723039507866,-0.362919330597,0.266486108303,-0.523916721344
1403715365.712143182755,2,-0.897880613804,-0.137709975243,1.629002332687,0.716936945915,-0.374454110861,0.269407510757,-0.522690355778
1403715365.762142896652,2,-0.890467405319,-0.146597743034,1.633981347084,0.710801780224,-0.386131554842,0.272842079401,-0.520788371563
1403715365.812143087387,2,-0.883827328682,-0.156114101410,1.638619899750,0.705106019974,-0.397180289030,0.276867032051,-0.518090784550
1403715365.862143039703,2,-0.877692222595,-0.166574239731,1.643000602722,0.699786663055,-0.406513422728,0.281568169594,-0.515523910522
1403715365.912142992020,2,-0.880163133144,-0.173299193382,1.652486324310,0.695442020893,-0.415169268847,0.286544114351,-0.511749446392
1403715365.962142944336,2,-0.874538064003,-0.184953212738,1.656414747238,0.691398024559,-0.422998428345,0.289536505938,-0.509126424789
1403715366.012143135071,2,-0.869214236736,-0.197176814079,1.660244584084,0.686439275742,-0.430631965399,0.290511071682,-0.508881747723
1403715366.062143087387,2,-0.864222109318,-0.210381388664,1.663262963295,0.682632744312,-0.437533199787,0.290807992220,-0.507944941521
1403715366.112143039703,2,-0.859383344650,-0.224631667137,1.666247606277,0.678568780422,-0.444023877382,0.290018916130,-0.508208990097
1403715366.162142992020,2,-0.854792177677,-0.240399718285,1.668761491776,0.675704658031,-0.447964340448,0.291317522526,-0.507824122906
1403715366.212143182755,2,-0.850760340691,-0.258025765419,1.670783758163,0.673560619354,-0.450730621815,0.292385876179,-0.507610559464
1403715366.262142896652,2,-0.847098469734,-0.277179241180,1.672509193420,0.671916604042,-0.452451229095,0.293864279985,-0.507405042648
1403715366.312143087387,2,-0.843363404274,-0.297695159912,1.674323320389,0.671728789806,-0.452710330486,0.296188503504,-0.506069421768
1403715366.362143039703,2,-0.839442253113,-0.319733977318,1.676176309586,0.671669483185,-0.452484935522,0.298344969749,-0.505081892014
1403715366.412142992020,2,-0.836559295654,-0.342944741249,1.678355455399,0.673748195171,-0.451567441225,0.300330966711,-0.501947760582
1403715366.462142944336,2,-0.832667052746,-0.367805242538,1.679335713387,0.676431238651,-0.449130296707,0.304320931435,-0.498107939959
1403715366.512143135071,2,-0.828854382038,-0.393223166466,1.680392861366,0.679327487946,-0.446460545063,0.307855129242,-0.494380950928
1403715366.562143087387,2,-0.825354397297,-0.418991208076,1.681146860123,0.681859374046,-0.444558888674,0.309367656708,-0.491657346487
1403715366.612143039703,2,-0.821756839752,-0.445081353188,1.681417584419,0.684760093689,-0.443045765162,0.310130923986,-0.488500654697
1403715366.662142992020,2,-0.817985594273,-0.470820188522,1.681449174881,0.687273561954,-0.441503107548,0.310520172119,-0.486114591360
1403715366.712143182755,2,-0.813887596130,-0.496269822121,1.681279420853,0.689975380898,-0.440213203430,0.309854716063,-0.483876496553
1403715366.762142896652,2,-0.809331595898,-0.521595716476,1.681189417839,0.692270874977,-0.439608067274,0.308475941420,-0.482025444508
1403715366.812143087387,2,-0.804550528526,-0.547004938126,1.680783987045,0.695176303387,-0.438972115517,0.306977421045,-0.479372888803
1403715366.862143039703,2,-0.800538420677,-0.574463605881,1.680727243423,0.697572410107,-0.438218295574,0.305061340332,-0.477802306414
1403715366.912142992020,2,-0.795210063457,-0.598771929741,1.681241512299,0.699102401733,-0.437468051910,0.303720384836,-0.477107375860
1403715366.962142944336,2,-0.789417028427,-0.622427225113,1.682297706604,0.700147628784,-0.437834531069,0.300971269608,-0.476980596781
1403715367.012143135071,2,-0.782741367817,-0.645566940308,1.683926463127,0.700955808163,-0.437643706799,0.298901826143,-0.477269947529
1403715367.062143087387,2,-0.774916350842,-0.668053627014,1.686389684677,0.701241910458,-0.437655359507,0.296834468842,-0.478128492832
1403715367.112143039703,2,-0.765981018543,-0.690079331398,1.689294338226,0.701787650585,-0.437187433243,0.295281827450,-0.478716939688
1403715367.162142992020,2,-0.755544185638,-0.711530089378,1.692710518837,0.702606618404,-0.436972677708,0.293192684650,-0.478995651007
1403715367.212143182755,2,-0.743944466114,-0.732606649399,1.696533203125,0.703131914139,-0.435703516006,0.292704135180,-0.479679316282
1403715367.262142896652,2,-0.731118798256,-0.753125429153,1.700362920761,0.703142225742,-0.436035215855,0.289989650249,-0.481009691954
1403715367.312143087387,2,-0.717225551605,-0.773688197136,1.703606367111,0.704282343388,-0.435781121254,0.288192033768,-0.480652332306
1403715367.362143039703,2,-0.696711003780,-0.793795466423,1.711772084236,0.705685973167,-0.436287254095,0.285250663757,-0.479888379574
1403715367.412142992020,2,-0.680841684341,-0.814100146294,1.715168476105,0.706425309181,-0.436131149530,0.283641487360,-0.479896247387
1403715367.462142944336,2,-0.663687944412,-0.834179162979,1.718598604202,0.707059144974,-0.435519486666,0.282594621181,-0.480135917664
1403715367.512143135071,2,-0.645256161690,-0.854319214821,1.722284555435,0.708222806454,-0.435229659081,0.281310498714,-0.479437172413
1403715367.562143087387,2,-0.625309944153,-0.874191999435,1.726212739944,0.709107875824,-0.434413343668,0.280486583710,-0.479352146387
1403715367.612143039703,2,-0.603893876076,-0.893669724464,1.730406284332,0.709322035313,-0.433488011360,0.280010193586,-0.480150848627
1403715367.662142992020,2,-0.581302881241,-0.912761092186,1.734567403793,0.709500730038,-0.432934701443,0.279009342194,-0.480967819691
1403715367.712143182755,2,-0.556982755661,-0.931572198868,1.738747119904,0.709675252438,-0.431343495846,0.279760092497,-0.481703370810
1403715367.762142896652,2,-0.531303703785,-0.949875354767,1.743148088455,0.709847033024,-0.430334806442,0.279700517654,-0.482386529446
1403715367.812143087387,2,-0.504586160183,-0.967865705490,1.747537374496,0.710164189339,-0.428682446480,0.280753642321,-0.482779026031
1403715367.862143039703,2,-0.476649820805,-0.983430862427,1.748001337051,0.709935247898,-0.426492214203,0.282975226641,-0.483757555485
1403715367.912142992020,2,-0.447629421949,-1.001334071159,1.752496719360,0.709407687187,-0.423736482859,0.286405891180,-0.484932959080
1403715367.962142944336,2,-0.417682707310,-1.018582105637,1.757335424423,0.707270503044,-0.421784877777,0.289118111134,-0.488136023283
1403715368.012143135071,2,-0.387104660273,-1.035588979721,1.761625170708,0.705132842064,-0.420691996813,0.291003137827,-0.491042971611
1403715368.062143087387,2,-0.356159448624,-1.052395582199,1.765550136566,0.702669560909,-0.420352458954,0.291916251183,-0.494311809540
1403715368.112143039703,2,-0.325285971165,-1.069382190704,1.768531680107,0.700928330421,-0.420152574778,0.292753994465,-0.496453940868
1403715368.162142992020,2,-0.294748425484,-1.086598515511,1.770694255829,0.699236512184,-0.420515745878,0.293099582195,-0.498324781656
1403715368.212143182755,2,-0.264403998852,-1.104051232338,1.772118568420,0.697965264320,-0.421392709017,0.292620629072,-0.499645739794
1403715368.262142896652,2,-0.234648466110,-1.121841192245,1.773236632347,0.696374297142,-0.423320949078,0.290589809418,-0.501417815685
1403715368.312143087387,2,-0.206806927919,-1.142218708992,1.770325422287,0.694783568382,-0.425328493118,0.288624107838,-0.503058195114
1403715368.362143039703,2,-0.176433965564,-1.161581397057,1.770984649658,0.692526936531,-0.428101122379,0.285408616066,-0.505645990372
1403715368.412142992020,2,-0.146020412445,-1.182002663612,1.771172404289,0.690729439259,-0.430212736130,0.282993078232,-0.507666110992
1403715368.462142944336,2,-0.115191139281,-1.203198671341,1.771352529526,0.688305318356,-0.431535482407,0.281899720430,-0.510436594486
1403715368.512143135071,2,-0.084146350622,-1.225566387177,1.771080017090,0.686716735363,-0.432165354490,0.282085597515,-0.511938571930
1403715368.562143087387,2,-0.053217586130,-1.249489426613,1.770150423050,0.686366379261,-0.431048452854,0.284935146570,-0.511771857738
1403715368.612143039703,2,-0.022538207471,-1.274770975113,1.768681287766,0.687380850315,-0.428637832403,0.289796829224,-0.509700953960
1403715368.662142992020,2,0.007705777884,-1.300917744637,1.766909122467,0.689076185226,-0.426192373037,0.294577121735,-0.506713330746
1403715368.712143182755,2,0.037198454142,-1.327822685242,1.765114545822,0.690225362778,-0.424996972084,0.297427237034,-0.504483580589
1403715368.762142896652,2,0.066260397434,-1.355433225632,1.763511896133,0.691319465637,-0.423714727163,0.300711899996,-0.502111256123
1403715368.812143087387,2,0.089562028646,-1.380569458008,1.763533473015,0.692003726959,-0.422852635384,0.303676366806,-0.500107169151
1403715368.862143039703,2,0.117639750242,-1.408485412598,1.761947393417,0.692654192448,-0.423175036907,0.304535686970,-0.498408555984
1403715368.912142992020,2,0.145132988691,-1.436375737190,1.760460257530,0.693816542625,-0.422683715820,0.304745376110,-0.497078806162
1403715368.962142944336,2,0.171390384436,-1.464213848114,1.758972644806,0.695955514908,-0.421596556902,0.303352832794,-0.495862334967
1403715369.012143135071,2,0.196809053421,-1.491834759712,1.757343292236,0.699006676674,-0.420016944408,0.300277233124,-0.494781821966
1403715369.062143087387,2,0.221696406603,-1.519311428070,1.756113529205,0.702959895134,-0.417395293713,0.296053111553,-0.493944585323
1403715369.112143039703,2,0.246279865503,-1.546622991562,1.755291461945,0.707333326340,-0.413244187832,0.291398406029,-0.493959277868
1403715369.162142992020,2,0.270952254534,-1.573351502419,1.754389047623,0.712214469910,-0.407536059618,0.286759823561,-0.494402438402
1403715369.212143182755,2,0.296137422323,-1.599731802940,1.753782033920,0.717281699181,-0.400889545679,0.281446546316,-0.495562821627
1403715369.262142896652,2,0.321478009224,-1.625951647758,1.753499269485,0.722545206547,-0.392380803823,0.277011632919,-0.497222602367
1403715369.312143087387,2,0.349038451910,-1.655651688576,1.750926017761,0.728242337704,-0.383594602346,0.270888000727,-0.499137371778
1403715369.362143039703,2,0.373925656080,-1.680348396301,1.751961469650,0.733431994915,-0.374184995890,0.264877021313,-0.501899719238
1403715369.412142992020,2,0.398913234472,-1.704444646835,1.753072261810,0.739202439785,-0.364231914282,0.258470296860,-0.504091382027
1403715369.462142944336,2,0.424128264189,-1.727705121040,1.754488945007,0.744637489319,-0.354289174080,0.251384854317,-0.506754279137
1403715369.512143135071,2,0.449346333742,-1.750442981720,1.755952596664,0.749929368496,-0.343957245350,0.243973046541,-0.509682774544
1403715369.562143087387,2,0.474742412567,-1.772606849670,1.757288217545,0.754972457886,-0.333481281996,0.236442089081,-0.512739777565
1403715369.612143039703,2,0.500204563141,-1.794264316559,1.758331060410,0.759896695614,-0.322570055723,0.229016408324,-0.515807211399
1403715369.662142992020,2,0.526418864727,-1.818882226944,1.752730607986,0.764225065708,-0.311935514212,0.222222447395,-0.518915832043
1403715369.712143182755,2,0.552969098091,-1.839724302292,1.754191160202,0.767973899841,-0.302630424500,0.216563209891,-0.521278619766
1403715369.762142896652,2,0.580052077770,-1.859960556030,1.755311489105,0.771580517292,-0.293772548437,0.212289035320,-0.522775769234
1403715369.812143087387,2,0.607755422592,-1.879275083542,1.756091713905,0.774621963501,-0.286798655987,0.208330094814,-0.523742258549
1403715369.862143039703,2,0.635971426964,-1.897652506828,1.755979299545,0.777438163757,-0.280070185661,0.206545487046,-0.523917615414
1403715369.912142992020,2,0.664582014084,-1.914749860764,1.755019664764,0.780521810055,-0.274861842394,0.205088362098,-0.522661864758
1403715369.962142944336,2,0.693340003490,-1.930860996246,1.753277301788,0.783701956272,-0.270802736282,0.203818753362,-0.520514309406
1403715370.012143135071,2,0.722225189209,-1.945479154587,1.750928640366,0.786392927170,-0.266832083464,0.204420134425,-0.518265545368
1403715370.062143087387,2,0.751462519169,-1.958351731300,1.748037695885,0.788542091846,-0.262849271297,0.206396296620,-0.516248226166
1403715370.112143039703,2,0.781466722488,-1.970150351524,1.733516335487,0.788703918457,-0.259596526623,0.208760455251,-0.516696155071
1403715370.162142992020,2,0.809967100620,-1.979755759239,1.731608986855,0.787601053715,-0.256561130285,0.211330950260,-0.518845140934
1403715370.212143182755,2,0.837664067745,-1.987050533295,1.730493426323,0.784496724606,-0.257663667202,0.209654301405,-0.523659646511
1403715370.262142896652,2,0.864814281464,-1.992968678474,1.729866862297,0.781008541584,-0.259875714779,0.207392811775,-0.528657317162
1403715370.312143087387,2,0.891481041908,-1.997541666031,1.729098558426,0.778090238571,-0.262286752462,0.205034747720,-0.532674491405
1403715370.362143039703,2,0.917377352715,-2.001058340073,1.728481173515,0.775208532810,-0.265852272511,0.201687246561,-0.536373436451
1403715370.412142992020,2,0.943279504776,-2.003846645355,1.727986454964,0.772500872612,-0.269941866398,0.197934404016,-0.539625585079
1403715370.462142944336,2,0.968801856041,-2.006186962128,1.727202177048,0.770615100861,-0.273480057716,0.195193782449,-0.541535317898
1403715370.512143135071,2,0.994322359562,-2.008349418640,1.726545453072,0.768825232983,-0.276595801115,0.193635284901,-0.543054342270
1403715370.562143087387,2,1.019625902176,-2.010718107224,1.725583434105,0.767752587795,-0.279112935066,0.192382290959,-0.543728828430
1403715370.612143039703,2,1.044399261475,-2.012132883072,1.725016951561,0.766520559788,-0.280763596296,0.192895248532,-0.544435083866
1403715370.662142992020,2,1.070105195045,-2.016345739365,1.723905801773,0.766080319881,-0.282575964928,0.192528322339,-0.544246912003
1403715370.712143182755,2,1.096234798431,-2.020754098892,1.722725629807,0.765741884708,-0.283266395330,0.193235486746,-0.544113576412
1403715370.762142896652,2,1.122782826424,-2.025087356567,1.721585512161,0.765873849392,-0.282509148121,0.195841833949,-0.543389201164
1403715370.812143087387,2,1.149263501167,-2.029554843903,1.720520973206,0.766625940800,-0.281457632780,0.198606282473,-0.541868865490
1403715370.862143039703,2,1.175654888153,-2.034075737000,1.719380855560,0.767733514309,-0.280755698681,0.201065480709,-0.539753913879
1403715370.912142992020,2,1.201828122139,-2.038364887238,1.718231797218,0.768503308296,-0.280713379383,0.202409744263,-0.538175702095
1403715370.962142944336,2,1.227765083313,-2.042324542999,1.716554284096,0.770276010036,-0.281523525715,0.202782213688,-0.535068929195
1403715371.012143135071,2,1.253870129585,-2.045801162720,1.714441657066,0.773096799850,-0.282895416021,0.202292934060,-0.530442476273
1403715371.062143087387,2,1.280092000961,-2.049314022064,1.711665749550,0.777146041393,-0.284769684076,0.201154187322,-0.523915410042
1403715371.112143039703,2,1.303964734077,-2.048381805420,1.709004163742,0.781136155128,-0.286304980516,0.200936675072,-0.517185032368
1403715371.162142992020,2,1.330321073532,-2.049815893173,1.705543994904,0.784345865250,-0.287586778402,0.200060456991,-0.511929094791
1403715371.212143182755,2,1.357559919357,-2.049586534500,1.701754093170,0.787042737007,-0.288164407015,0.199916779995,-0.507502079010
1403715371.262142896652,2,1.385886669159,-2.047462463379,1.698025345802,0.788459002972,-0.288462370634,0.200114279985,-0.505050599575
1403715371.312143087387,2,1.415332555771,-2.043409347534,1.694238066673,0.788996875286,-0.288111895323,0.200654059649,-0.504195928574
1403715371.362143039703,2,1.445408940315,-2.037800073624,1.690760135651,0.789039373398,-0.287936896086,0.200834080577,-0.504157721996
1403715371.412142992020,2,1.476416349411,-2.030631542206,1.687524080276,0.788240134716,-0.287285596132,0.201372951269,-0.505562603474
1403715371.462142944336,2,1.508369922638,-2.021779537201,1.685256838799,0.785118103027,-0.287322402000,0.200954839587,-0.510541558266
1403715371.512143135071,2,1.541077613831,-2.011431694031,1.683948278427,0.780434966087,-0.288408160210,0.199275672436,-0.517717301846
1403715371.562143087387,2,1.575913667679,-1.999599218369,1.689335346222,0.776140272617,-0.289954215288,0.196302220225,-0.524402737617
1403715371.612143039703,2,1.610070943832,-1.987531423569,1.686878919601,0.771919965744,-0.290925294161,0.194030106068,-0.530899643898
1403715371.662142992020,2,1.644832134247,-1.975394487381,1.684493541718,0.768019914627,-0.292403548956,0.191174700856,-0.536747515202
1403715371.712143182755,2,1.680187225342,-1.963559150696,1.681867837906,0.765070497990,-0.294358372688,0.187423899770,-0.541195631027
1403715371.762142896652,2,1.716178059578,-1.952416896820,1.679043412209,0.763365924358,-0.295312196016,0.184763297439,-0.543990552425
1403715371.812143087387,2,1.753194808960,-1.942221641541,1.676048278809,0.762515664101,-0.295114278793,0.184089884162,-0.545516610146
1403715371.862143039703,2,1.790427565575,-1.933189630508,1.671628713608,0.764602124691,-0.292844355106,0.185733988881,-0.543257594109
1403715371.912142992020,2,1.828023672104,-1.925177097321,1.667081117630,0.766906023026,-0.289548873901,0.189071059227,-0.540618956089
1403715371.962142944336,2,1.865937590599,-1.917700290680,1.662350177765,0.769167482853,-0.285989046097,0.192790716887,-0.537980854511
1403715372.012143135071,2,1.904011011124,-1.910037040710,1.658294916153,0.771014690399,-0.283757418394,0.194770827889,-0.535800755024
1403715372.062143087387,2,1.937598705292,-1.901340126991,1.658940792084,0.771243870258,-0.281862229109,0.196859523654,-0.535707890987
1403715372.112143039703,2,1.976802945137,-1.892494320869,1.656068325043,0.770818293095,-0.280835211277,0.197509557009,-0.536619782448
1403715372.162142992020,2,2.016000747681,-1.883348703384,1.653805255890,0.770417213440,-0.279775261879,0.197377175093,-0.537796854973
1403715372.212143182755,2,2.054885149002,-1.874005436897,1.652828812599,0.769960105419,-0.278527259827,0.195110008121,-0.539922237396
1403715372.262142896652,2,2.093672513962,-1.864482879639,1.652586460114,0.770671546459,-0.275385975838,0.193949848413,-0.540935754776
1403715372.312143087387,2,2.132239341736,-1.855013489723,1.653027415276,0.771738350391,-0.271361440420,0.191686630249,-0.542253851891
1403715372.362143039703,2,2.170415401459,-1.845782756805,1.654319524765,0.773350834846,-0.266326278448,0.188692107797,-0.543501675129
1403715372.412142992020,2,2.208182573318,-1.836506366730,1.656896114349,0.774930894375,-0.259361594915,0.186125725508,-0.545500695705
1403715372.462142944336,2,2.245625734329,-1.827669739723,1.660478115082,0.776412963867,-0.253689169884,0.182888731360,-0.547153115273
1403715372.512143135071,2,2.283075571060,-1.818681001663,1.665019035339,0.778021335602,-0.248049303889,0.180456414819,-0.548260807991
1403715372.562143087387,2,2.320533275604,-1.811780691147,1.668692708015,0.778600633144,-0.242675691843,0.178345739841,-0.550529181957
1403715372.612143039703,2,2.358206748962,-1.801909208298,1.675155162811,0.779392421246,-0.238446608186,0.176171138883,-0.551955163479
1403715372.662142992020,2,2.395831346512,-1.792012214661,1.681559205055,0.780239462852,-0.234561040998,0.174643695354,-0.552907943726
1403715372.712143182755,2,2.433157920837,-1.782286167145,1.687933564186,0.780803442001,-0.232041537762,0.172511085868,-0.553843617439
1403715372.762142896652,2,2.470000743866,-1.772844433784,1.693367004395,0.781687736511,-0.229496672750,0.171639755368,-0.553927302361
1403715372.812143087387,2,2.506539106369,-1.763712882996,1.698642611504,0.781864047050,-0.227900683880,0.170349672437,-0.554735124111
1403715372.862143039703,2,2.542787313461,-1.754734754562,1.703574895859,0.782285809517,-0.227075427771,0.168836876750,-0.554941296577
1403715372.912142992020,2,2.578823328018,-1.745659828186,1.708192229271,0.782285571098,-0.227214589715,0.166660204530,-0.555542349815
1403715372.962142944336,2,2.615609645844,-1.738998651505,1.712985634804,0.781951487064,-0.227691158652,0.164052367210,-0.556592762470
1403715373.012143135071,2,2.651439189911,-1.729517459869,1.717143654823,0.781921744347,-0.228634104133,0.161924123764,-0.556871235371
1403715373.062143087387,2,2.687142372131,-1.720104575157,1.720919370651,0.781600356102,-0.229593724012,0.160162165761,-0.557436704636
1403715373.112143039703,2,2.722764253616,-1.711122155190,1.724350690842,0.781199932098,-0.230647161603,0.158888623118,-0.557927429676
1403715373.162142992020,2,2.758354187012,-1.702634215355,1.727517008781,0.780949652195,-0.231461793184,0.158073753119,-0.558171927929
1403715373.212143182755,2,2.794012546539,-1.694616794586,1.730540871620,0.780621409416,-0.232204630971,0.157876476645,-0.558378160000
1403715373.262142896652,2,2.829381227493,-1.687203288078,1.733384370804,0.780779659748,-0.232390925288,0.158786669374,-0.557821214199
1403715373.312143087387,2,2.864950895309,-1.680013179779,1.736446261406,0.780859887600,-0.231065094471,0.162068709731,-0.557315528393
1403715373.362143039703,2,2.899860858917,-1.672783374786,1.739658594131,0.780720055103,-0.230982810259,0.163823008537,-0.557032465935
1403715373.412142992020,2,2.929539680481,-1.668636083603,1.744089126587,0.780544340611,-0.231058657169,0.165438190103,-0.556769847870
1403715373.462142944336,2,2.964159965515,-1.661892175674,1.747112989426,0.780427038670,-0.230637088418,0.167018443346,-0.556637346745
1403715373.512143135071,2,2.998030185699,-1.655274748802,1.749480962753,0.780764222145,-0.229486510158,0.167689308524,-0.556438326836
1403715373.562143087387,2,3.031585216522,-1.648636102676,1.751511335373,0.781439960003,-0.225946024060,0.169339388609,-0.556438863277
1403715373.612143039703,2,3.064413070679,-1.641887187958,1.752719283104,0.783415913582,-0.220007628202,0.171605437994,-0.555344760418
1403715373.662142992020,2,3.096342325211,-1.634984016418,1.753782987595,0.785264670849,-0.212964192033,0.172391325235,-0.555235981941
1403715373.712143182755,2,3.126741170883,-1.627933979034,1.754551887512,0.787285983562,-0.203997045755,0.172699719667,-0.555644512177
1403715373.762142896652,2,3.155766010284,-1.620263814926,1.755421042442,0.789411008358,-0.195199534297,0.170443445444,-0.556485831738
1403715373.812143087387,2,3.183438301086,-1.612985610962,1.754144906998,0.791267335415,-0.186364173889,0.165563702583,-0.558348596096
1403715373.862143039703,2,3.208349943161,-1.604940652847,1.755320429802,0.793473184109,-0.177816599607,0.158272832632,-0.560117244720
1403715373.912142992020,2,3.231868267059,-1.596430301666,1.756747007370,0.795655906200,-0.168912485242,0.149797618389,-0.562104165554
1403715373.962142944336,2,3.254141092300,-1.587599635124,1.758315920830,0.797613322735,-0.159733355045,0.140357747674,-0.564444839954
1403715374.012143135071,2,3.275340557098,-1.578856348991,1.759208202362,0.799817621708,-0.149425238371,0.131366327405,-0.566309809685
1403715374.062143087387,2,3.300043106079,-1.567958593369,1.759542822838,0.801959872246,-0.138755306602,0.121300123632,-0.568237245083
1403715374.112143039703,2,3.318418502808,-1.559272885323,1.759788274765,0.803694963455,-0.127833664417,0.111577272415,-0.570336282253
1403715374.162142992020,2,3.335928678513,-1.550598978996,1.759793043137,0.805697023869,-0.115767434239,0.103419236839,-0.571624696255
1403715374.212143182755,2,3.356141328812,-1.537343025208,1.758584380150,0.807614982128,-0.104382291436,0.094079166651,-0.572722971439
1403715374.262142896652,2,3.372278928757,-1.528735399246,1.758628606796,0.809150636196,-0.092743016779,0.085043333471,-0.573970079422
1403715374.312143087387,2,3.387865543365,-1.520074248314,1.758591413498,0.811211407185,-0.081850387156,0.075443245471,-0.574060082436
1403715374.362143039703,2,3.403567075729,-1.511716127396,1.758934617043,0.813127815723,-0.070722326636,0.067745126784,-0.573787570000
1403715374.412142992020,2,3.420320272446,-1.501624703407,1.760906696320,0.815523684025,-0.060939006507,0.060721993446,-0.572294056416
1403715374.462142944336,2,3.435503482819,-1.492550611496,1.761703252792,0.817623436451,-0.052651308477,0.055112179369,-0.570685982704
1403715374.512143135071,2,3.450537443161,-1.482924699783,1.762107610703,0.820842027664,-0.045925587416,0.050809554756,-0.567034065723
1403715374.562143087387,2,3.465430259705,-1.472510695457,1.762973070145,0.823231220245,-0.040657661855,0.047416996211,-0.564259707928
1403715374.612143039703,2,3.480075359344,-1.461360573769,1.763789653778,0.825717747211,-0.036304622889,0.045225255191,-0.561094343662
1403715374.662142992020,2,3.494076251984,-1.448812961578,1.764876365662,0.827423393726,-0.033837430179,0.043025035411,-0.558904588223
1403715374.712143182755,2,3.507773160934,-1.434521317482,1.765857696533,0.828656256199,-0.031666696072,0.042047601193,-0.557277441025
1403715374.762142896652,2,3.520806550980,-1.418831586838,1.766773939133,0.829479157925,-0.030253838748,0.041973132640,-0.556136131287
1403715374.812143087387,2,3.533314704895,-1.401438117027,1.767212390900,0.829889416695,-0.029333857819,0.042460240424,-0.555535912514
1403715374.862143039703,2,3.545193672180,-1.382484078407,1.767592668533,0.830023348331,-0.029389882460,0.042922936380,-0.555297315121
1403715374.912142992020,2,3.560362339020,-1.357273578644,1.768991827965,0.829800605774,-0.028906673193,0.044493656605,-0.555531859398
1403715374.962142944336,2,3.571350812912,-1.335211992264,1.769951701164,0.827460169792,-0.028908919543,0.046012520790,-0.558888971806
1403715375.012143135071,2,3.581378698349,-1.312010765076,1.770482063293,0.825255990028,-0.029566803947,0.047432728112,-0.561986267567
1403715375.062143087387,2,3.590501070023,-1.287845015526,1.770951509476,0.823066771030,-0.029644820839,0.050088685006,-0.564954459667
1403715375.112143039703,2,3.598263263702,-1.263218164444,1.770924448967,0.821660518646,-0.030758468434,0.051816143095,-0.566783010960
1403715375.162142992020,2,3.600614070892,-1.240292668343,1.770518898964,0.820037007332,-0.032638739794,0.053645152599,-0.568855226040
1403715375.212143182755,2,3.605980873108,-1.214249014854,1.770045995712,0.818794488907,-0.034778628498,0.054908502847,-0.570395708084
1403715375.262142896652,2,3.609944105148,-1.188272356987,1.769074201584,0.818397164345,-0.037580594420,0.055250246078,-0.570754885674
1403715375.312143087387,2,3.612886428833,-1.162318468094,1.767809391022,0.818060457706,-0.040054436773,0.056453239173,-0.570951819420
1403715375.362143039703,2,3.611749172211,-1.141429185867,1.768765926361,0.817326068878,-0.044078629464,0.055675603449,-0.571782648563
1403715375.412142992020,2,3.613196134567,-1.115234971046,1.766911864281,0.817992329597,-0.045852914453,0.058171115816,-0.570440411568
1403715375.462142944336,2,3.613513469696,-1.088588595390,1.765849113464,0.817491233349,-0.049235723913,0.057895977050,-0.570904672146
1403715375.512143135071,2,3.614088535309,-1.066698670387,1.765007495880,0.817563295364,-0.051742192358,0.058164678514,-0.570552349091
1403715375.562143087387,2,3.613131999969,-1.039869189262,1.763369917870,0.817669093609,-0.055283755064,0.057459224015,-0.570139825344
1403715375.612143039703,2,3.611813545227,-1.013270616531,1.761227011681,0.817562699318,-0.058083336800,0.057553514838,-0.570004582405
1403715375.662142992020,2,3.610357284546,-0.986570596695,1.758610725403,0.817069232464,-0.060458235443,0.057951442897,-0.570424735546
1403715375.712143182755,2,3.609833717346,-0.961945176125,1.755314826965,0.816151738167,-0.061590492725,0.059163328260,-0.571491658688
1403715375.762142896652,2,3.607625722885,-0.934561371803,1.752462387085,0.815364241600,-0.062930390239,0.059800185263,-0.572402775288
1403715375.812143087387,2,3.605211734772,-0.907138943672,1.749504566193,0.814679384232,-0.063934855163,0.060822799802,-0.573158264160
1403715375.862143039703,2,3.601830482483,-0.879405617714,1.745925664902,0.813659191132,-0.063816376030,0.063109569252,-0.574372172356
1403715375.912142992020,2,3.598846673965,-0.851825118065,1.742772340775,0.813341259956,-0.062840729952,0.065812930465,-0.574626684189
1403715375.962142944336,2,3.595181226730,-0.824440717697,1.740229249001,0.812235236168,-0.062463354319,0.067289866507,-0.576059401035
1403715376.012143135071,2,3.591715812683,-0.798179030418,1.734468221664,0.811421155930,-0.061257869005,0.068875044584,-0.577147722244
1403715376.062143087387,2,3.586726188660,-0.771504282951,1.731297731400,0.810903847218,-0.061960540712,0.067985974252,-0.577904701233
1403715376.112143039703,2,3.581092834473,-0.745306253433,1.727557420731,0.810510694981,-0.062935255468,0.065852247179,-0.578597605228
1403715376.162142992020,2,3.574952125549,-0.719545364380,1.723483085632,0.809967577457,-0.064214646816,0.062753878534,-0.579561054707
1403715376.212143182755,2,3.566868305206,-0.697244405746,1.716608762741,0.809156537056,-0.065883494914,0.059656128287,-0.580832362175
1403715376.262142896652,2,3.560022354126,-0.672449469566,1.711661696434,0.808618903160,-0.067124508321,0.056815057993,-0.581723153591
1403715376.312143087387,2,3.553229093552,-0.647782206535,1.707197785378,0.805079042912,-0.066539727151,0.056540440768,-0.586705565453
1403715376.362143039703,2,3.546415567398,-0.623559713364,1.703004240990,0.800116777420,-0.066127136350,0.056240744889,-0.593529522419
1403715376.412142992020,2,3.539122581482,-0.601288557053,1.698462486267,0.796471238136,-0.063733622432,0.058648571372,-0.598441362381
1403715376.462142944336,2,3.532012462616,-0.580220937729,1.692530751228,0.796555399895,-0.060810070485,0.061779253185,-0.598318517208
1403715376.512143135071,2,3.524381637573,-0.560766339302,1.685934066772,0.798820257187,-0.058172158897,0.064104497433,-0.595309078693
1403715376.562143087387,2,3.515990257263,-0.542495965958,1.679302692413,0.801874637604,-0.055934548378,0.065326057374,-0.591270625591
1403715376.612143039703,2,3.506743431091,-0.525334000587,1.672702074051,0.804382443428,-0.054036892951,0.066095195711,-0.587945938110
1403715376.662142992020,2,3.496618270874,-0.508871555328,1.666096448898,0.807142257690,-0.052595254034,0.065864153206,-0.584308981895
1403715376.712143182755,2,3.485921621323,-0.493056774139,1.660261869431,0.808163464069,-0.051567588001,0.065146766603,-0.583068192005
1403715376.762142896652,2,3.474440813065,-0.477629423141,1.654539942741,0.808440864086,-0.049650046974,0.065558336675,-0.582803905010
1403715376.812143087387,2,3.462315559387,-0.462778210640,1.649036884308,0.807494163513,-0.048064921051,0.065390817821,-0.584266185760
1403715376.862143039703,2,3.449141025543,-0.448643445969,1.644564390182,0.805555105209,-0.047009885311,0.064094476402,-0.587165236473
1403715376.912142992020,2,3.434971094131,-0.438380479813,1.641855359077,0.801758050919,-0.045804157853,0.062838509679,-0.592568397522
1403715376.962142944336,2,3.419757366180,-0.426030993462,1.638956308365,0.797102332115,-0.043473869562,0.063066832721,-0.598966240883
1403715377.012143135071,2,3.403258085251,-0.415342688560,1.635694861412,0.794162631035,-0.043015073985,0.060268566012,-0.603177607059
1403715377.062143087387,2,3.385886192322,-0.406311750412,1.630729436874,0.794192969799,-0.041052348912,0.059323016554,-0.603368043900
1403715377.112143039703,2,3.367659807205,-0.399243116379,1.625365734100,0.797386407852,-0.039298519492,0.058797579259,-0.599310815334
1403715377.162142992020,2,3.348785877228,-0.393641471863,1.620175123215,0.800475299358,-0.036771740764,0.059220738709,-0.595298290253
1403715377.212143182755,2,3.329840660095,-0.385203123093,1.613362550735,0.803290009499,-0.034547246993,0.059331946075,-0.591617584229
1403715377.262142896652,2,3.308709383011,-0.381091594696,1.608601093292,0.805243015289,-0.033049330115,0.058473609388,-0.589128375053
1403715377.312143087387,2,3.288929224014,-0.381036520004,1.603512287140,0.806263387203,-0.032484933734,0.056133296341,-0.587990880013
1403715377.362143039703,2,3.265895843506,-0.378838062286,1.599721550941,0.806313693523,-0.031873647124,0.054765429348,-0.588084220886
1403715377.412142992020,2,3.241998434067,-0.377329349518,1.596268653870,0.805239379406,-0.031844459474,0.052229136229,-0.589786112309
1403715377.462142944336,2,3.217701196671,-0.376694440842,1.592639923096,0.804253280163,-0.031138963997,0.051409978420,-0.591239392757
1403715377.512143135071,2,3.194946527481,-0.378212928772,1.589793920517,0.803751111031,-0.030452270061,0.049982596189,-0.592079877853
1403715377.562143087387,2,3.169250488281,-0.379569053650,1.585922956467,0.803659915924,-0.030526600778,0.048386324197,-0.592332482338
1403715377.612143039703,2,3.146438837051,-0.378794312477,1.579868555069,0.804129660130,-0.030303340405,0.047726687044,-0.591759502888
1403715377.662142992020,2,3.119842767715,-0.381979942322,1.575358510017,0.805498540401,-0.030024871230,0.047153655440,-0.589955270290
1403715377.712143182755,2,3.092858552933,-0.385856151581,1.570780992508,0.806824684143,-0.030204674229,0.046633172780,-0.588172554970
1403715377.762142896652,2,3.065879106522,-0.390288591385,1.568397521973,0.807323157787,-0.029986215755,0.046387385577,-0.587518870831
1403715377.812143087387,2,3.037701368332,-0.395563721657,1.564659118652,0.807955861092,-0.030118256807,0.046047877520,-0.586668372154
1403715377.862143039703,2,3.009038448334,-0.401577472687,1.560985803604,0.808507561684,-0.030354650691,0.045712400228,-0.585921883583
1403715377.912142992020,2,2.979950189590,-0.408108949661,1.556782484055,0.808729887009,-0.030366126448,0.045514795929,-0.585629820824
1403715377.962142944336,2,2.953758478165,-0.411255478859,1.552193522453,0.808653414249,-0.030551785603,0.044695429504,-0.585788846016
1403715378.012143135071,2,2.923866748810,-0.418575525284,1.548091173172,0.808699369431,-0.031891401857,0.042704854161,-0.585802555084
1403715378.062143087387,2,2.893496513367,-0.426197886467,1.544213652611,0.808265924454,-0.033576261252,0.039639249444,-0.586521625519
1403715378.112143039703,2,2.862237453461,-0.423623204231,1.538922786713,0.808142721653,-0.035578381270,0.037144109607,-0.586736738682
1403715378.162142992020,2,2.831759214401,-0.432140469551,1.534652471542,0.807693719864,-0.037087146193,0.033933952451,-0.587455511093
1403715378.212143182755,2,2.801854848862,-0.438210129738,1.530932426453,0.807182729244,-0.038963124156,0.030505372211,-0.588223814964
1403715378.262142896652,2,2.772229433060,-0.447543978691,1.526500463486,0.808290481567,-0.040625944734,0.027356294915,-0.586743354797
1403715378.312143087387,2,2.743201732635,-0.457270741463,1.521934509277,0.809624314308,-0.042732432485,0.023764971644,-0.584908306599
1403715378.362143039703,2,2.715194940567,-0.467377424240,1.516965866089,0.811710655689,-0.044558528811,0.020750291646,-0.581987857819
1403715378.412142992020,2,2.687484979630,-0.475529789925,1.511863470078,0.814449787140,-0.045466382056,0.019403820857,-0.578124403954
1403715378.462142944336,2,2.661987543106,-0.485988140106,1.507109284401,0.816465854645,-0.045067384839,0.020228339359,-0.575276792049
1403715378.512143135071,2,2.637637853622,-0.496374249458,1.502669811249,0.818402707577,-0.043352529407,0.022570449859,-0.572562754154
1403715378.562143087387,2,2.612487554550,-0.508094549179,1.498195409775,0.819590151310,-0.041038248688,0.026339419186,-0.570871353149
1403715378.612143039703,2,2.589663267136,-0.518203973770,1.495500683784,0.820505678654,-0.039904352278,0.028121203184,-0.569550156593
1403715378.662142992020,2,2.567174196243,-0.528003096581,1.492867708206,0.821783542633,-0.038610506803,0.030032878742,-0.567696392536
1403715378.712143182755,2,2.544495105743,-0.535243988037,1.487465023994,0.822926878929,-0.037712078542,0.031574554741,-0.566014409065
1403715378.762142896652,2,2.523015499115,-0.543778538704,1.485968470573,0.824483692646,-0.037308562547,0.032184880227,-0.563736557961
1403715378.812143087387,2,2.501970052719,-0.551467657089,1.484833478928,0.826529502869,-0.037269808352,0.032170489430,-0.560736298561
1403715378.862143039703,2,2.481271743774,-0.558210611343,1.484493136406,0.828127741814,-0.037574231625,0.031668297946,-0.558381378651
1403715378.912142992020,2,2.458963155746,-0.562405943871,1.484282374382,0.829225659370,-0.037997394800,0.031149744987,-0.556750118732
1403715378.962142944336,2,2.439065694809,-0.566356301308,1.485358357430,0.829879760742,-0.038409195840,0.030748061836,-0.555768787861
1403715379.012143135071,2,2.419592618942,-0.568967938423,1.487202405930,0.829967200756,-0.038731064647,0.030398273841,-0.555635094643
1403715379.062143087387,2,2.400743246078,-0.570333600044,1.489311814308,0.829744935036,-0.038207951933,0.031658917665,-0.555932819843
1403715379.112143039703,2,2.382656574249,-0.572059631348,1.488223314285,0.828604280949,-0.036910161376,0.032977920026,-0.557642400265
1403715379.162142992020,2,2.364651203156,-0.571329116821,1.491174936295,0.826753616333,-0.034524396062,0.036847218871,-0.560293555260
1403715379.212143182755,2,2.346760749817,-0.569987893105,1.493990540504,0.825682342052,-0.032267443836,0.040410250425,-0.561760306358
1403715379.262142896652,2,2.328776359558,-0.568362355232,1.496836066246,0.824763655663,-0.030056299642,0.043813265860,-0.562976062298
1403715379.312143087387,2,2.310797214508,-0.566193580627,1.499937176704,0.824150741100,-0.028357543051,0.046769365668,-0.563723444939
1403715379.362143039703,2,2.292322397232,-0.563297152519,1.503356695175,0.823391556740,-0.026502711698,0.049352508038,-0.564702033997
1403715379.412142992020,2,2.274120092392,-0.560320615768,1.505779027939,0.823183357716,-0.025147877634,0.051461376250,-0.564879179001
1403715379.462142944336,2,2.254222393036,-0.556536197662,1.508568406105,0.823664665222,-0.024103911594,0.053122203797,-0.564068734646
1403715379.512143135071,2,2.233597040176,-0.552084088326,1.511478900909,0.824103951454,-0.023217229173,0.054667141289,-0.563316345215
1403715379.562143087387,2,2.212059497833,-0.546700596809,1.514568805695,0.824864506721,-0.023468818516,0.054541166872,-0.562203824520
1403715379.612143039703,2,2.189799070358,-0.540162324905,1.517931938171,0.825552105904,-0.022844236344,0.055319353938,-0.561143219471
1403715379.662142992020,2,2.166685819626,-0.532881617546,1.521301507950,0.826976358891,-0.022827140987,0.055722709745,-0.559002697468
1403715379.712143182755,2,2.142799854279,-0.524112701416,1.525038123131,0.826704025269,-0.022039609030,0.056658677757,-0.559343039989
1403715379.762142896652,2,2.117775917053,-0.514756441116,1.529107093811,0.826468586922,-0.021844409406,0.057052083313,-0.559658527374
1403715379.812143087387,2,2.091408729553,-0.501438260078,1.534893035889,0.825160503387,-0.021396914497,0.057768672705,-0.561529338360
1403715379.862143039703,2,2.064510583878,-0.489626526833,1.539614558220,0.823056995869,-0.020377362147,0.059057861567,-0.564512372017
1403715379.912142992020,2,2.036452770233,-0.476914405823,1.544395446777,0.820532441139,-0.019593274221,0.059801500291,-0.568125367165
1403715379.962142944336,2,2.006049156189,-0.462195158005,1.548169612885,0.818609297276,-0.019355237484,0.060418076813,-0.570836186409
1403715380.012143135071,2,1.975561738014,-0.448338270187,1.551965475082,0.817333757877,-0.018635829911,0.061957065016,-0.572520375252
1403715380.062143087387,2,1.943635940552,-0.434112191200,1.555809020996,0.815587103367,-0.019647417590,0.061173982918,-0.575055956841
1403715380.112143039703,2,1.910279154778,-0.418739914894,1.557791352272,0.814269483089,-0.022716131061,0.057692661881,-0.577166259289
1403715380.162142992020,2,1.875819683075,-0.405047059059,1.560981988907,0.812941312790,-0.026766570285,0.052596181631,-0.579347550869
1403715380.212143182755,2,1.841184854507,-0.391706109047,1.563793182373,0.812070012093,-0.029174325988,0.049529578537,-0.580722033978
1403715380.262142896652,2,1.808221101761,-0.381035327911,1.565544843674,0.811889052391,-0.031835511327,0.045694235712,-0.581149578094
1403715380.312143087387,2,1.773399829865,-0.368850588799,1.567467689514,0.812233507633,-0.034077089280,0.043161861598,-0.580734491348
1403715380.362143039703,2,1.738962411880,-0.356972694397,1.569082736969,0.812916636467,-0.036071319133,0.042020939291,-0.579741060734
1403715380.412142992020,2,1.704861283302,-0.345201969147,1.570661783218,0.814017236233,-0.036828603595,0.042156387120,-0.578137099743
1403715380.462142944336,2,1.671408653259,-0.335304617882,1.576730728149,0.814420223236,-0.036234509200,0.043513439596,-0.577506244183
1403715380.512143135071,2,1.638051748276,-0.323813199997,1.578291893005,0.814243912697,-0.035270392895,0.044807430357,-0.577715516090
1403715380.562143087387,2,1.604633569717,-0.313129544258,1.579829216003,0.814253270626,-0.034055981785,0.045843675733,-0.577693879604
1403715380.612143039703,2,1.570913314819,-0.303140640259,1.581796526909,0.814438521862,-0.032952286303,0.046264011413,-0.577463209629
1403715380.662142992020,2,1.536798357964,-0.293486952782,1.584375023842,0.814399003983,-0.032359145582,0.046214267612,-0.577556431293
1403715380.712143182755,2,1.502399682999,-0.284163713455,1.587355732918,0.814023256302,-0.031973671168,0.045831870288,-0.578137814999
1403715380.762142896652,2,1.467619657516,-0.275008320808,1.590542316437,0.813581883907,-0.031352885067,0.046018064022,-0.578777968884
1403715380.812143087387,2,1.428537726402,-0.273389697075,1.603407025337,0.813365519047,-0.031191837043,0.046392634511,-0.579060733318
1403715380.862143039703,2,1.393162727356,-0.264967560768,1.606267690659,0.812762200832,-0.030701350421,0.046470787376,-0.579927265644
1403715380.912142992020,2,1.357761502266,-0.257072925568,1.608283281326,0.812531054020,-0.030100312084,0.046981904656,-0.580241382122
1403715380.962142944336,2,1.321894288063,-0.249534606934,1.610296607018,0.812089383602,-0.029560683295,0.047412876040,-0.580852031708
1403715381.012143135071,2,1.285697817802,-0.242346525192,1.612364530563,0.811998069286,-0.028825001791,0.048386976123,-0.580936431885
1403715381.062143087387,2,1.249145388603,-0.235487580299,1.614601612091,0.811376035213,-0.029196273535,0.048933234066,-0.581740558147
1403715381.112143039703,2,1.212705850601,-0.227585554123,1.618969678879,0.811731874943,-0.030851235613,0.047783404589,-0.581254184246
1403715381.162142992020,2,1.175540089607,-0.221619129181,1.620869636536,0.811175942421,-0.033241260797,0.046182695776,-0.582027375698
1403715381.212143182755,2,1.138235330582,-0.216022968292,1.622546434402,0.810543179512,-0.035413201898,0.044948868454,-0.582876861095
1403715381.262142896652,2,1.101417779922,-0.209149599075,1.627774715424,0.810080468655,-0.037687625736,0.043865788728,-0.583459556103
1403715381.312143087387,2,1.064534544945,-0.204480409622,1.628640651703,0.809405624866,-0.039471976459,0.043465074152,-0.584307610989
1403715381.362143039703,2,1.028172731400,-0.200074076653,1.629152774811,0.809192657471,-0.042229931802,0.042381286621,-0.584489285946
1403715381.412142992020,2,0.993885159492,-0.193728327751,1.632776975632,0.808658838272,-0.044833198190,0.041371919215,-0.585106253624
1403715381.462142944336,2,0.958881616592,-0.189864277840,1.633167505264,0.808039605618,-0.046904835850,0.041752826422,-0.585771858692
1403715381.512143135071,2,0.924589931965,-0.186640143394,1.633537530899,0.806177377701,-0.048670481890,0.042400851846,-0.588142454624
1403715381.562143087387,2,0.890931904316,-0.184704065323,1.632676124573,0.805775642395,-0.047949545085,0.045615769923,-0.588511466980
1403715381.612143039703,2,0.857652187347,-0.183594942093,1.631440877914,0.805950641632,-0.047675758600,0.048061009496,-0.588099360466
1403715381.662142992020,2,0.824601352215,-0.183522343636,1.629104614258,0.807327568531,-0.046758774668,0.051071692258,-0.586026966572
1403715381.712143182755,2,0.792507052422,-0.186017513275,1.626552581787,0.810038506985,-0.045635174960,0.053743716329,-0.582122683525
1403715381.762142896652,2,0.759445428848,-0.186622023582,1.624197959900,0.812731444836,-0.044428441674,0.055825941265,-0.578253626823
1403715381.812143087387,2,0.726204097271,-0.187486886978,1.622089147568,0.815525710583,-0.043329481035,0.057379171252,-0.574236929417
1403715381.862143039703,2,0.692796826363,-0.188351750374,1.619495391846,0.818804860115,-0.042878355831,0.058894895017,-0.569430768490
1403715381.912142992020,2,0.659259200096,-0.188570261002,1.616762161255,0.821586430073,-0.043659750372,0.061277091503,-0.565097153187
1403715381.962142944336,2,0.625494122505,-0.188272595406,1.614018917084,0.823638200760,-0.045900031924,0.065115801990,-0.561492025852
1403715382.012143135071,2,0.591391980648,-0.187043786049,1.611828565598,0.824647486210,-0.050815824419,0.068091318011,-0.559229791164
1403715382.062143087387,2,0.557145297527,-0.184647560120,1.610010147095,0.825349032879,-0.056956358254,0.072019450366,-0.557107031345
1403715382.112143039703,2,0.518520236015,-0.185096263885,1.606123685837,0.824888229370,-0.065226204693,0.075896143913,-0.556367516518
1403715382.162142992020,2,0.483565390110,-0.180688381195,1.604580163956,0.824205875397,-0.074236541986,0.079281635582,-0.555777072906
1403715382.212143182755,2,0.448679029942,-0.175102591515,1.603887796402,0.823056161404,-0.084289804101,0.082792967558,-0.555535078049
1403715382.262142896652,2,0.413989543915,-0.168762445450,1.603363752365,0.821667790413,-0.093970403075,0.087879352272,-0.555255711079
1403715382.312143087387,2,0.379494160414,-0.161361813545,1.603058457375,0.819997429848,-0.104392483830,0.092751517892,-0.555070877075
1403715382.362143039703,2,0.345452070236,-0.153056144714,1.602571725845,0.818167567253,-0.114455804229,0.098774641752,-0.554747998714
1403715382.412142992020,2,0.311663150787,-0.143908619881,1.602063894272,0.815677046776,-0.124759629369,0.105271853507,-0.554998993874
1403715382.462142944336,2,0.277960956097,-0.134081959724,1.601383447647,0.814216315746,-0.134481683373,0.110962726176,-0.553763329983
1403715382.512143135071,2,0.244307965040,-0.123219966888,1.600921750069,0.812388956547,-0.143484771252,0.115792572498,-0.553198397160
1403715382.562143087387,2,0.210675999522,-0.109887242317,1.601138591766,0.811039805412,-0.152031660080,0.120022416115,-0.551992356777
1403715382.612143039703,2,0.177438855171,-0.097653388977,1.600449085236,0.809435784817,-0.160344958305,0.123324140906,-0.551266193390
1403715382.662142992020,2,0.144780844450,-0.084686040878,1.599255323410,0.808193802834,-0.168008953333,0.128067210317,-0.549722373486
1403715382.712143182755,2,0.112585812807,-0.070873379707,1.598075866699,0.806418955326,-0.176431819797,0.131902232766,-0.548782408237
1403715382.762142896652,2,0.081049993634,-0.056016445160,1.596414566040,0.805537939072,-0.183738306165,0.137464597821,-0.546307921410
1403715382.812143087387,2,0.050062775612,-0.040431976318,1.594978809357,0.803581953049,-0.190830901265,0.143210336566,-0.545280158520
1403715382.862143039703,2,0.019174426794,-0.025313019753,1.595523595810,0.802019178867,-0.198620498180,0.148453295231,-0.543393671513
1403715382.912142992020,2,-0.010987401009,-0.008649945259,1.594224929810,0.800187826157,-0.205838471651,0.153953164816,-0.541874885559
1403715382.962142944336,2,-0.040659725666,0.008996248245,1.592975020409,0.798607409000,-0.213746890426,0.158200070262,-0.539917886257
1403715383.012143135071,2,-0.069763064384,0.027734398842,1.591848850250,0.796672403812,-0.221704229712,0.162010356784,-0.538435637951
1403715383.062143087387,2,-0.098286211491,0.047091364861,1.590425252914,0.795211493969,-0.229475006461,0.164101228118,-0.536703646183
1403715383.112143039703,2,-0.124323219061,0.070340156555,1.586773872375,0.793822705746,-0.236385911703,0.164751216769,-0.535559833050
1403715383.162142992020,2,-0.151939630508,0.090780973434,1.585018396378,0.792838096619,-0.241444200277,0.165572956204,-0.534507274628
1403715383.212143182755,2,-0.178813189268,0.112243771553,1.583177447319,0.792419731617,-0.246617883444,0.164880827069,-0.532977402210
1403715383.262142896652,2,-0.204350322485,0.134826898575,1.580993175507,0.792123556137,-0.248941600323,0.166156217456,-0.531940400600
1403715383.312143087387,2,-0.228637129068,0.158289194107,1.578562021255,0.791585028172,-0.251837909222,0.165585190058,-0.531556665897
1403715383.362143039703,2,-0.250464767218,0.185150861740,1.574563980103,0.790655255318,-0.254296571016,0.164592131972,-0.532078027725
1403715383.412142992020,2,-0.272429823875,0.209285140038,1.572008252144,0.789872586727,-0.255210936069,0.164748817682,-0.532753765583
1403715383.462142944336,2,-0.292744219303,0.234006047249,1.569351673126,0.788591384888,-0.256354689598,0.164703130722,-0.534115016460
1403715383.512143135071,2,-0.311296820641,0.259439468384,1.567047834396,0.786080121994,-0.258133351803,0.165599316359,-0.536677002907
1403715383.562143087387,2,-0.327990770340,0.285414934158,1.564352393150,0.783526301384,-0.259838223457,0.168269887567,-0.538754105568
1403715383.612143039703,2,-0.342990219593,0.311681509018,1.561228513718,0.780243217945,-0.262159138918,0.172504588962,-0.541050255299
1403715383.662142992020,2,-0.353229284286,0.339909315109,1.551542282104,0.777281224728,-0.266321748495,0.176795095205,-0.541895031929
1403715383.712143182755,2,-0.365647971630,0.365184783936,1.547954797745,0.774403274059,-0.271705716848,0.181829735637,-0.541676640511
1403715383.762142896652,2,-0.376613020897,0.390243887901,1.544264078140,0.770835459232,-0.278496712446,0.187636792660,-0.541335999966
1403715383.812143087387,2,-0.384758710861,0.417010068893,1.540299296379,0.767200112343,-0.286692082882,0.193622693419,-0.540112912655
1403715383.862143039703,2,-0.393747031689,0.441555380821,1.536646842957,0.763731062412,-0.295720040798,0.200194150209,-0.537761032581
1403715383.912142992020,2,-0.401805937290,0.465551853180,1.533145904541,0.759444653988,-0.305962860584,0.207205101848,-0.535440623760
1403715383.962142944336,2,-0.409035623074,0.489032030106,1.529223442078,0.755311369896,-0.316213577986,0.215803325176,-0.531923592091
1403715384.012143135071,2,-0.415979683399,0.512332797050,1.525816917419,0.750238001347,-0.327431023121,0.223587006330,-0.529094338417
1403715384.062143087387,2,-0.422204375267,0.534580945969,1.522201895714,0.745557546616,-0.338757425547,0.231555923820,-0.525137364864
1403715384.112143039703,2,-0.429875850677,0.553383588791,1.516838669777,0.739938616753,-0.350040405989,0.239714518189,-0.522014856339
1403715384.162142992020,2,-0.435375273228,0.573951601982,1.514251112938,0.734363138676,-0.361276358366,0.247505173087,-0.518586039543
1403715384.212143182755,2,-0.440287172794,0.594036936760,1.511918425560,0.729008555412,-0.372703224421,0.254514753819,-0.514646530151
1403715384.262142896652,2,-0.443539083004,0.615684270859,1.506070613861,0.722810328007,-0.383930176497,0.261429071426,-0.511661708355
1403715384.312143087387,2,-0.447365224361,0.634793281555,1.504461526871,0.716544508934,-0.395479083061,0.267504900694,-0.508528769016
1403715384.362143039703,2,-0.450663805008,0.653053522110,1.503145575523,0.710057020187,-0.406565248966,0.274064242840,-0.505383610725
1403715384.412142992020,2,-0.453524708748,0.670603275299,1.501868963242,0.703864395618,-0.416979372501,0.280705302954,-0.501904070377
1403715384.462142944336,2,-0.455097079277,0.688134551048,1.499411582947,0.697890758514,-0.427671819925,0.286358237267,-0.498040378094
1403715384.512143135071,2,-0.457132697105,0.703805565834,1.497962474823,0.692114353180,-0.438590168953,0.291227698326,-0.493763923645
1403715384.562143087387,2,-0.458173513412,0.718634843826,1.496273517609,0.687419831753,-0.448818117380,0.296528846025,-0.487941622734
1403715384.612143039703,2,-0.458108544350,0.732972502708,1.495304107666,0.682075679302,-0.459319829941,0.301119238138,-0.482830554247
1403715384.662142992020,2,-0.457358598709,0.746165275574,1.494324803352,0.677082955837,-0.469391554594,0.306096196175,-0.477006733418
1403715384.712143182755,2,-0.455303907394,0.758388161659,1.493521928787,0.672605335712,-0.478352606297,0.312048971653,-0.470538437366
1403715384.762142896652,2,-0.452202439308,0.769889354706,1.493708491325,0.666815757751,-0.487480849028,0.317029774189,-0.466059416533
1403715384.812143087387,2,-0.448247313499,0.780162096024,1.494005918503,0.661438405514,-0.496168434620,0.322180271149,-0.460994690657
1403715384.862143039703,2,-0.443295836449,0.790086269379,1.494596481323,0.655962467194,-0.504458487034,0.326901435852,-0.456476062536
1403715384.912142992020,2,-0.431555271149,0.807332396507,1.495659828186,0.650302708149,-0.512031197548,0.331992387772,-0.452450543642
1403715384.962142944336,2,-0.423646450043,0.816221714020,1.497424483299,0.644854426384,-0.517373561859,0.336474895477,-0.450857102871
1403715385.012143135071,2,-0.414787411690,0.824396014214,1.499276638031,0.640839576721,-0.520812332630,0.341446727514,-0.448880106211
1403715385.062143087387,2,-0.405368089676,0.831557750702,1.501086711884,0.638055324554,-0.523272395134,0.346467554569,-0.446129739285
1403715385.112143039703,2,-0.395282030106,0.837772488594,1.503359317780,0.635663151741,-0.525204420090,0.352108299732,-0.442845851183
1403715385.162142992020,2,-0.385065317154,0.842891573906,1.505897283554,0.632991850376,-0.527543842793,0.357795953751,-0.439318716526
1403715385.212143182755,2,-0.374312639236,0.847889780998,1.508725166321,0.630270302296,-0.530043423176,0.363344550133,-0.435653775930
1403715385.262142896652,2,-0.363405823708,0.853005409241,1.511871576309,0.628084599972,-0.532256007195,0.367862313986,-0.432308435440
1403715385.312143087387,2,-0.351640343666,0.858115553856,1.514780044556,0.626311302185,-0.534676671028,0.370824217796,-0.429353505373
1403715385.362143039703,2,-0.339322805405,0.863632440567,1.518123507500,0.624232530594,-0.536746323109,0.372817844152,-0.428070217371
1403715385.412142992020,2,-0.330430626869,0.867453336716,1.519528865814,0.623120188713,-0.538339734077,0.374066591263,-0.426597893238
1403715385.462142944336,2,-0.316986918449,0.873198986053,1.523253083229,0.621051371098,-0.540149152279,0.374282956123,-0.427137434483
1403715385.512143135071,2,-0.303157210350,0.878957390785,1.527344107628,0.618477165699,-0.541464030743,0.374069809914,-0.429388552904
1403715385.562143087387,2,-0.288866281509,0.884610176086,1.531840443611,0.615380406380,-0.543594837189,0.372294455767,-0.432675898075
1403715385.612143039703,2,-0.274105668068,0.890042304993,1.536935687065,0.612186312675,-0.545798420906,0.369272112846,-0.437001407146
1403715385.662142992020,2,-0.259091019630,0.894684791565,1.541874170303,0.610381007195,-0.548459947109,0.365227729082,-0.439585477114
1403715385.712143182755,2,-0.243407011032,0.898084044456,1.547023773193,0.608846783638,-0.549801707268,0.362386584282,-0.442379653454
1403715385.762142896652,2,-0.227039933205,0.900190949440,1.552346348763,0.607875764370,-0.549835145473,0.361179858446,-0.444654494524
1403715385.812143087387,2,-0.210250735283,0.900513291359,1.558528900146,0.606270253658,-0.549480199814,0.360493451357,-0.447830766439
1403715385.862143039703,2,-0.192812919617,0.898967385292,1.565106391907,0.605323851109,-0.548236966133,0.361066222191,-0.450167238712
1403715385.912142992020,2,-0.176052808762,0.894932985306,1.571073174477,0.604503512383,-0.545759916306,0.363413602114,-0.452385097742
1403715385.962142944336,2,-0.159023284912,0.890202164650,1.577556610107,0.604533374310,-0.541460633278,0.368790149689,-0.453159719706
1403715386.012143135071,2,-0.142262458801,0.883977174759,1.583546161652,0.605354845524,-0.537008821964,0.374574065208,-0.452616214752
1403715386.062143087387,2,-0.126216053963,0.876589298248,1.589318513870,0.606565594673,-0.533616960049,0.378969192505,-0.451346427202
1403715386.112143039703,2,-0.110804080963,0.868295192719,1.594983816147,0.607692539692,-0.531062066555,0.382267385721,-0.450060635805
1403715386.162142992020,2,-0.091788411140,0.859443426132,1.600759267807,0.608873009682,-0.529993057251,0.384162604809,-0.448107331991
1403715386.212143182755,2,-0.078291058540,0.849982619286,1.605322837830,0.610374569893,-0.529318213463,0.385327368975,-0.445856571198
1403715386.262142896652,2,-0.065248489380,0.840336680412,1.609096646309,0.611308455467,-0.529733955860,0.385242968798,-0.444152921438
1403715386.312143087387,2,-0.052883863449,0.830671310425,1.612807989120,0.611220419407,-0.530815005302,0.384455204010,-0.443665742874
1403715386.362143039703,2,-0.040665984154,0.820695042610,1.616620898247,0.610497891903,-0.531030178070,0.384714305401,-0.444178253412
1403715386.412142992020,2,-0.029238224030,0.810581326485,1.620037794113,0.609080731869,-0.530907213688,0.385617405176,-0.445485740900
1403715386.462142944336,2,-0.018415212631,0.800385951996,1.622676014900,0.607517004013,-0.530803680420,0.386563271284,-0.446922123432
1403715386.512143135071,2,-0.008589386940,0.790053248405,1.624680042267,0.605697035789,-0.530702352524,0.387244403362,-0.448918581009
1403715386.562143087387,2,0.000243782997,0.779255747795,1.626274824142,0.603500485420,-0.531734228134,0.386189848185,-0.451556682587
1403715386.612143039703,2,0.007838129997,0.768131375313,1.626584529877,0.602208614349,-0.532538533211,0.385286957026,-0.453102052212
1403715386.662142992020,2,0.015153527260,0.761536359787,1.626784801483,0.599583327770,-0.534183561802,0.383563756943,-0.456099390984
1403715386.712143182755,2,0.020479440689,0.749023318291,1.626797080040,0.598077893257,-0.535690486431,0.381216347218,-0.458271533251
1403715386.762142896652,2,0.024394035339,0.735564827919,1.626187562943,0.597331047058,-0.537818729877,0.378081649542,-0.459348440170
1403715386.812143087387,2,0.027011632919,0.720685482025,1.624212980270,0.597727835178,-0.542015373707,0.371772289276,-0.459049373865
1403715386.862143039703,2,0.028956890106,0.704133987427,1.622214794159,0.597916066647,-0.545902550220,0.365379542112,-0.459330558777
1403715386.912142992020,2,0.030332565308,0.685561180115,1.619843006134,0.598081171513,-0.549580216408,0.359641939402,-0.459258407354
1403715386.962142944336,2,0.031773209572,0.665031433105,1.617010235786,0.598508298397,-0.552232444286,0.355241060257,-0.458945542574
1403715387.012143135071,2,0.033481240273,0.642135620117,1.613627791405,0.599154949188,-0.554083824158,0.352150112391,-0.458251774311
1403715387.062143087387,2,0.035710453987,0.616920948029,1.609491229057,0.600446164608,-0.554349541664,0.351469814777,-0.456760376692
1403715387.112143039703,2,0.038618922234,0.589544773102,1.604884982109,0.602469801903,-0.552690327168,0.353360086679,-0.454642981291
1403715387.162142992020,2,0.041553258896,0.557207942009,1.599210143089,0.605108857155,-0.550367653370,0.356038451195,-0.451857805252
1403715387.212143182755,2,0.044424295425,0.526176333427,1.593881368637,0.608035862446,-0.546913564205,0.360036224127,-0.448945283890
1403715387.262142896652,2,0.047569990158,0.493919014931,1.588423728943,0.610264480114,-0.544459998608,0.362617194653,-0.446821361780
1403715387.312143087387,2,0.051124453545,0.460753083229,1.582896947861,0.611961066723,-0.541783809662,0.365440130234,-0.445452064276
1403715387.362143039703,2,0.055097222328,0.427006602287,1.577148675919,0.613328874111,-0.539615154266,0.367328107357,-0.444649636745
1403715387.412142992020,2,0.059170961380,0.392728209496,1.571067571640,0.614863932133,-0.537650763988,0.368960261345,-0.443556517363
1403715387.462142944336,2,0.063283324242,0.358194947243,1.565031766891,0.616320610046,-0.536379516125,0.369477391243,-0.442642658949
1403715387.512143135071,2,0.067541122437,0.323193192482,1.559245467186,0.618818819523,-0.535885035992,0.368690460920,-0.440406501293
1403715387.562143087387,2,0.071790099144,0.287922263145,1.554949164391,0.620853781700,-0.535952150822,0.367254942656,-0.438656836748
1403715387.612143039703,2,0.075973749161,0.252351880074,1.552717924118,0.622691094875,-0.537179648876,0.364015102386,-0.437249362469
1403715387.662142992020,2,0.082138895988,0.219573974609,1.551554203033,0.624634325504,-0.538006782532,0.361690342426,-0.435385763645
1403715387.712143182755,2,0.088263154030,0.183707475662,1.555280089378,0.626926600933,-0.537795007229,0.359837859869,-0.433885097504
1403715387.762142896652,2,0.095204114914,0.147883892059,1.562313675880,0.628857910633,-0.537733852863,0.357627928257,-0.432992249727
1403715387.812143087387,2,0.103223085403,0.111768364906,1.572147607803,0.630392849445,-0.537212133408,0.356042861938,-0.432714194059
1403715387.862143039703,2,0.112464427948,0.075654387474,1.583614945412,0.631778478622,-0.537058234215,0.354076504707,-0.432497709990
1403715387.912142992020,2,0.122542321682,0.039420962334,1.594341158867,0.632805883884,-0.536618351936,0.352508842945,-0.432822078466
1403715387.962142944336,2,0.133332908154,0.002975940704,1.602313756943,0.633722305298,-0.535879433155,0.351614534855,-0.433124274015
1403715388.012143135071,2,0.144850134850,-0.033547878265,1.607128500938,0.633994221687,-0.535251140594,0.350868731737,-0.434106826782
1403715388.062143087387,2,0.157406866550,-0.070335268974,1.608867049217,0.634814143181,-0.533800005913,0.351159989834,-0.434459835291
1403715388.112143039703,2,0.169167041779,-0.108710646629,1.607807755470,0.634869754314,-0.532430529594,0.351741284132,-0.435587137938
1403715388.162142992020,2,0.183959543705,-0.146000504494,1.602337718010,0.634808123112,-0.530950129032,0.352401822805,-0.436948180199
1403715388.212143182755,2,0.199749886990,-0.183204770088,1.593887448311,0.634373247623,-0.528826951981,0.354254871607,-0.438652664423
1403715388.262142896652,2,0.216201931238,-0.220280170441,1.583138704300,0.633605062962,-0.526552557945,0.356428116560,-0.440733432770
1403715388.312143087387,2,0.233305066824,-0.257593393326,1.570932507515,0.633240103722,-0.524366259575,0.358443945646,-0.442227214575
1403715388.362143039703,2,0.250780135393,-0.294803023338,1.558376312256,0.632984936237,-0.522290170193,0.360715895891,-0.443201065063
1403715388.412142992020,2,0.268537431955,-0.331848025322,1.545587182045,0.632830500603,-0.521155476570,0.361530125141,-0.444092810154
1403715388.462142944336,2,0.286844462156,-0.369071483612,1.532771110535,0.632948696613,-0.519578516483,0.363448053598,-0.444206893444
1403715388.512143135071,2,0.304831355810,-0.405712842941,1.519560813904,0.633126914501,-0.519262850285,0.363752424717,-0.444072723389
1403715388.562143087387,2,0.322824716568,-0.441978573799,1.506864428520,0.632624745369,-0.519132196903,0.363505899906,-0.445141732693
1403715388.612143039703,2,0.339098542929,-0.477169990540,1.494942069054,0.632199108601,-0.519258737564,0.363654494286,-0.445477455854
1403715388.662142992020,2,0.357598751783,-0.513888120651,1.482750177383,0.632001638412,-0.518700242043,0.364023864269,-0.446106225252
1403715388.712143182755,2,0.376092046499,-0.550326943398,1.471102356911,0.631673514843,-0.518075287342,0.364336848259,-0.447040617466
1403715388.762142896652,2,0.394705086946,-0.586641669273,1.459930539131,0.631889045238,-0.517429053783,0.364868462086,-0.447050869465
1403715388.812143087387,2,0.413274943829,-0.622711777687,1.449556589127,0.631901025772,-0.517136335373,0.364856988192,-0.447381883860
1403715388.862143039703,2,0.432003200054,-0.658558368683,1.439861536026,0.632364034653,-0.516386210918,0.364983171225,-0.447491049767
1403715388.912142992020,2,0.450897693634,-0.694548845291,1.431818485260,0.632980227470,-0.514776110649,0.366590261459,-0.447161376476
1403715388.962142944336,2,0.469810307026,-0.730027914047,1.426300287247,0.633200526237,-0.513739287853,0.366964250803,-0.447734773159
1403715389.012143135071,2,0.488956272602,-0.765149712563,1.423240661621,0.633742332458,-0.512668192387,0.367480665445,-0.447772353888
1403715389.062143087387,2,0.505744040012,-0.799800872803,1.423915028572,0.633873820305,-0.511492550373,0.368149966002,-0.448380500078
1403715389.112143039703,2,0.524816691875,-0.834495663643,1.427206993103,0.634692609310,-0.510336577892,0.368595987558,-0.448172956705
1403715389.162142992020,2,0.543924212456,-0.868775486946,1.432950854301,0.635697543621,-0.509006321430,0.369196355343,-0.447766959667
1403715389.212143182755,2,0.563080847263,-0.902605116367,1.439260482788,0.636453449726,-0.507609605789,0.369982302189,-0.447630077600
1403715389.262142896652,2,0.582027733326,-0.935977280140,1.445335507393,0.637836217880,-0.505719065666,0.371401816607,-0.446624994278
1403715389.312143087387,2,0.600494742393,-0.968746006489,1.451178073883,0.638865292072,-0.504363119602,0.372216910124,-0.446008503437
1403715389.362143039703,2,0.618402063847,-1.000767707825,1.456577181816,0.640068411827,-0.502855062485,0.372791260481,-0.445506334305
1403715389.412142992020,2,0.636476933956,-1.032245874405,1.461444497108,0.641036450863,-0.501533687115,0.373586267233,-0.444937825203
1403715389.462142944336,2,0.654254019260,-1.062791824341,1.465732932091,0.641772091389,-0.500959992409,0.373367398977,-0.444707274437
1403715389.512143135071,2,0.669936299324,-1.090719938278,1.468405127525,0.641971528530,-0.500807166100,0.372851669788,-0.445024132729
1403715389.562143087387,2,0.686955034733,-1.119822144508,1.472192406654,0.641501724720,-0.501301825047,0.371578007936,-0.446208238602
1403715389.612143039703,2,0.703740835190,-1.148044824600,1.475904941559,0.640762329102,-0.501806259155,0.369286477566,-0.448599576950
1403715389.662142992020,2,0.720436334610,-1.175363659859,1.478909254074,0.641100347042,-0.501325905323,0.366402119398,-0.451012521982
1403715389.712143182755,2,0.737086176872,-1.202033400536,1.481594443321,0.642243206501,-0.499884456396,0.363104045391,-0.453645914793
1403715389.762142896652,2,0.753668665886,-1.228272557259,1.483666896820,0.644259095192,-0.497563272715,0.359317272902,-0.456346571445
1403715389.812143087387,2,0.770188748837,-1.253989219666,1.485408067703,0.647047877312,-0.493857830763,0.355378299952,-0.459499508142
1403715389.862143039703,2,0.786497712135,-1.279696941376,1.486190795898,0.651201426983,-0.489979118109,0.350407958031,-0.461596697569
1403715389.912142992020,2,0.802576124668,-1.304909944534,1.486070990562,0.656600892544,-0.485426723957,0.345069020987,-0.462778031826
1403715389.962142944336,2,0.818712890148,-1.330710768700,1.485277056694,0.662500441074,-0.480632990599,0.339497268200,-0.463494122028
1403715390.012143135071,2,0.834996163845,-1.356602668762,1.486869454384,0.669470489025,-0.475490868092,0.333574473858,-0.463083028793
1403715390.062143087387,2,0.851154565811,-1.382125496864,1.484852433205,0.676415145397,-0.469776302576,0.327851206064,-0.462910860777
1403715390.112143039703,2,0.867953300476,-1.407145023346,1.482627868652,0.683228731155,-0.463369131088,0.322410285473,-0.463183730841
1403715390.162142992020,2,0.885958671570,-1.431459546089,1.479978084564,0.690209090710,-0.456033855677,0.317785292864,-0.463311046362
1403715390.212143182755,2,0.904417514801,-1.452684044838,1.476827502251,0.696808755398,-0.448353648186,0.313357144594,-0.463943809271
1403715390.262142896652,2,0.924052000046,-1.474894285202,1.473132014275,0.703690290451,-0.440598100424,0.308638304472,-0.464150696993
1403715390.312143087387,2,0.945141196251,-1.495465040207,1.469445705414,0.708996891975,-0.431766331196,0.305110186338,-0.466700226068
1403715390.362143039703,2,0.967038512230,-1.514967918396,1.465633153915,0.714152753353,-0.423099488020,0.301014691591,-0.469428300858
1403715390.412142992020,2,0.989882469177,-1.533431291580,1.461742401123,0.719387829304,-0.413513302803,0.298088043928,-0.471838474274
1403715390.462142944336,2,1.013743162155,-1.550781011581,1.457776665688,0.724723577499,-0.403006047010,0.296044081450,-0.474046319723
1403715390.512143135071,2,1.038087487221,-1.566466808319,1.453868508339,0.729745864868,-0.392929822206,0.293299257755,-0.476500451565
1403715390.562143087387,2,1.062902927399,-1.580664157867,1.450003862381,0.734384357929,-0.382294833660,0.291150212288,-0.479334890842
1403715390.612143039703,2,1.088296532631,-1.598144173622,1.443691611290,0.738349735737,-0.371230185032,0.288847625256,-0.483316540718
1403715390.662142992020,2,1.112785577774,-1.609148502350,1.440102696419,0.742027163506,-0.362143635750,0.284825086594,-0.486952215433
1403715390.712143182755,2,1.136918067932,-1.618143796921,1.436770439148,0.745107769966,-0.355055987835,0.278274089098,-0.491236537695
1403715390.762142896652,2,1.160676956177,-1.625034213066,1.433775305748,0.747446835041,-0.350618183613,0.268610477448,-0.496224284172
1403715390.812143087387,2,1.185095906258,-1.630532860756,1.430511951447,0.750362217426,-0.345945686102,0.260378092527,-0.499481201172
1403715390.862143039703,2,1.210161566734,-1.634781122208,1.427117705345,0.752595841885,-0.342769712210,0.252960711718,-0.502114951611
1403715390.912142992020,2,1.235915422440,-1.637803554535,1.423388004303,0.754902362823,-0.339536368847,0.247959464788,-0.503342509270
1403715390.962142944336,2,1.262236952782,-1.639503479004,1.419802069664,0.756679415703,-0.337644785643,0.242984235287,-0.504371702671
1403715391.012143135071,2,1.288783550262,-1.640085458755,1.416150331497,0.758447706699,-0.336073011160,0.238313555717,-0.504993855953
1403715391.062143087387,2,1.316059350967,-1.639539837837,1.412391185760,0.760073661804,-0.334096252918,0.233139708638,-0.506274342537
1403715391.112143039703,2,1.346263647079,-1.637340307236,1.408684611320,0.761833786964,-0.331870704889,0.227398216724,-0.507701992989
1403715391.162142992020,2,1.374797821045,-1.635187625885,1.405487298965,0.762694001198,-0.329378098249,0.220895633101,-0.510894477367
1403715391.212143182755,2,1.404291749001,-1.632101893425,1.402401804924,0.763712525368,-0.326185911894,0.215236648917,-0.513827860355
1403715391.262142896652,2,1.435300350189,-1.628108501434,1.400080084801,0.763398051262,-0.323491662741,0.210526883602,-0.517933487892
1403715391.312143087387,2,1.467748284340,-1.623626470566,1.397951006889,0.763016283512,-0.321147978306,0.207139849663,-0.521309137344
1403715391.362143039703,2,1.501388907433,-1.618865728378,1.395647764206,0.763007640839,-0.318566113710,0.205404251814,-0.523587644100
1403715391.412142992020,2,1.536189079285,-1.614070892334,1.393097639084,0.763296723366,-0.316221892834,0.204533353448,-0.524926662445
1403715391.462142944336,2,1.570731639862,-1.607202529907,1.390886187553,0.763842284679,-0.315428763628,0.203575238585,-0.524982750416
1403715391.512143135071,2,1.608140945435,-1.601680278778,1.388022542000,0.764374375343,-0.314454406500,0.203168675303,-0.524950265884
1403715391.562143087387,2,1.646378040314,-1.595741748810,1.385517358780,0.764270424843,-0.313982486725,0.201885476708,-0.525878369808
1403715391.612143039703,2,1.685145735741,-1.589510679245,1.383482694626,0.764248847961,-0.314152806997,0.198084056377,-0.527251839638
1403715391.662142992020,2,1.725054621696,-1.583417415619,1.382293105125,0.764170885086,-0.313117742538,0.194857582450,-0.529179394245
1403715391.712143182755,2,1.766019225121,-1.577507257462,1.383091926575,0.764538586140,-0.310152649879,0.192823797464,-0.531135678291
1403715391.762142896652,2,1.807808518410,-1.571734786034,1.386673688889,0.765194237232,-0.306012630463,0.190711393952,-0.533351004124
1403715391.812143087387,2,1.850499510765,-1.566075801849,1.393188714981,0.766772568226,-0.299598008394,0.190369099379,-0.534846305847
1403715391.862143039703,2,1.890991330147,-1.562256813049,1.402728438377,0.769345045090,-0.291671246290,0.190948262811,-0.535326957703
1403715391.912142992020,2,1.935997843742,-1.556087017059,1.414184927940,0.772002518177,-0.284391045570,0.190630659461,-0.535531401634
1403715391.962142944336,2,1.981554269791,-1.549943208694,1.426968336105,0.775035321712,-0.278186619282,0.190057888627,-0.534612476826
1403715392.012143135071,2,2.027158975601,-1.543534040451,1.439604282379,0.778905391693,-0.274068117142,0.188326224685,-0.531720221043
1403715392.062143087387,2,2.073101520538,-1.536693572998,1.452217578888,0.781613707542,-0.270382612944,0.186801239848,-0.530168533325
1403715392.112143039703,2,2.119486808777,-1.529153823853,1.464644074440,0.783695936203,-0.268308311701,0.184902876616,-0.528812110424
1403715392.162142992020,2,2.166175127029,-1.520861029625,1.476679682732,0.785233795643,-0.266161143780,0.183459058404,-0.528118312359
1403715392.212143182755,2,2.213280916214,-1.511818647385,1.489199757576,0.785920023918,-0.263507604599,0.181489884853,-0.529107749462
1403715392.262142896652,2,2.258873224258,-1.503292322159,1.503552556038,0.786185085773,-0.259175360203,0.179657816887,-0.531473636627
1403715392.312143087387,2,2.306334257126,-1.491559982300,1.515327334404,0.786283969879,-0.254099786282,0.176752448082,-0.534742474556
1403715392.362143039703,2,2.354129552841,-1.478696346283,1.527435779572,0.785491764545,-0.246526867151,0.174677029252,-0.540106654167
1403715392.412142992020,2,2.401872396469,-1.465351819992,1.540302872658,0.782541930676,-0.238376811147,0.171869158745,-0.548876762390
1403715392.462142944336,2,2.449530839920,-1.451969265938,1.553230643272,0.778667747974,-0.229034885764,0.169457018375,-0.559020459652
1403715392.512143135071,2,2.496856689453,-1.443442344666,1.565494775772,0.776536941528,-0.218423157930,0.166860386729,-0.566956281662
1403715392.562143087387,2,2.542961597443,-1.431443929672,1.575786590576,0.776776432991,-0.208593711257,0.162955492735,-0.571447849274
1403715392.612143039703,2,2.587942123413,-1.420145034790,1.584682941437,0.779204607010,-0.199047565460,0.158310070634,-0.572851002216
1403715392.662142992020,2,2.631867408752,-1.409741401672,1.593199849129,0.780931651592,-0.189375847578,0.152820244431,-0.575263857841
1403715392.712143182755,2,2.673572063446,-1.401172637939,1.603349328041,0.782295763493,-0.179759025574,0.146949127316,-0.578019082546
1403715392.762142896652,2,2.715596437454,-1.392856240273,1.610321879387,0.784461855888,-0.170166984200,0.140834152699,-0.579507172108
1403715392.812143087387,2,2.756511211395,-1.385076045990,1.616097092628,0.788911223412,-0.160368710756,0.134324416518,-0.577804505825
1403715392.862143039703,2,2.796216011047,-1.377945661545,1.621371626854,0.794433057308,-0.151043772697,0.126945406199,-0.574410021305
1403715392.912142992020,2,2.836560249329,-1.368439316750,1.624856591225,0.799202859402,-0.141261547804,0.119969986379,-0.571775555611
1403715392.962142944336,2,2.874094724655,-1.362178683281,1.629479289055,0.804039597511,-0.130371332169,0.113296076655,-0.568935632706
1403715393.012143135071,2,2.910845279694,-1.355407595634,1.634424209595,0.807722687721,-0.119327761233,0.106436848640,-0.567464709282
1403715393.062143087387,2,2.946580886841,-1.348271846771,1.639843225479,0.810614764690,-0.109034024179,0.098139807582,-0.566907286644
1403715393.112143039703,2,2.979884624481,-1.338913321495,1.642989158630,0.812814056873,-0.097122646868,0.091905996203,-0.566968977451
1403715393.162142992020,2,3.013913631439,-1.331166505814,1.646842002869,0.814151823521,-0.083514288068,0.086792998016,-0.568022251129
1403715393.212143182755,2,3.046675682068,-1.323074102402,1.649637818336,0.814949572086,-0.069180779159,0.081766121089,-0.569548666477
1403715393.262142896652,2,3.077868938446,-1.314477801323,1.652224540710,0.814650475979,-0.055405493826,0.075443908572,-0.572348833084
1403715393.312143087387,2,3.104856491089,-1.304428815842,1.651206254959,0.813811838627,-0.041389837861,0.069132149220,-0.575515389442
1403715393.362143039703,2,3.132780313492,-1.295917987823,1.653295993805,0.813245654106,-0.027555996552,0.061895504594,-0.577962994576
1403715393.412142992020,2,3.159251689911,-1.287522077560,1.655153036118,0.812760055065,-0.013139482588,0.055250011384,-0.579824030399
1403715393.462142944336,2,3.183988094330,-1.279128313065,1.656192898750,0.812180757523,0.001441581990,0.048675991595,-0.581369996071
1403715393.512143135071,2,3.206702470779,-1.265897870064,1.655783414841,0.810970425606,0.015367123298,0.041537519544,-0.583408415318
1403715393.562143087387,2,3.227705717087,-1.258275032043,1.655978679657,0.809508979321,0.029902093112,0.034546218812,-0.585326910019
1403715393.612143039703,2,3.246380329132,-1.251214385033,1.656084537506,0.808207452297,0.043466746807,0.025784596801,-0.586725294590
1403715393.662142992020,2,3.262530803680,-1.245128750801,1.656064629555,0.807371199131,0.054876625538,0.013979637995,-0.587320089340
1403715393.712143182755,2,3.272090196609,-1.236979961395,1.653601169586,0.807675182819,0.065215021372,0.001295276103,-0.586008727551
1403715393.762142896652,2,3.283806562424,-1.232205986977,1.652953505516,0.808317661285,0.075032636523,-0.012489468791,-0.583812296391
1403715393.812143087387,2,3.293931245804,-1.227749109268,1.651792287827,0.809209525585,0.085397601128,-0.025323877111,-0.580728828907
1403715393.862143039703,2,3.302936315536,-1.223696708679,1.650875449181,0.809756159782,0.095302052796,-0.038275249302,-0.577708899975
1403715393.912142992020,2,3.311171054840,-1.219599246979,1.649596929550,0.809266149998,0.107057794929,-0.048218891025,-0.575588345528
1403715393.962142944336,2,3.318354845047,-1.215884089470,1.648391604424,0.808865725994,0.117561556399,-0.059498835355,-0.573040604591
1403715394.012143135071,2,3.324901819229,-1.212318897247,1.646985888481,0.807377696037,0.128241688013,-0.070555791259,-0.571591854095
1403715394.062143087387,2,3.330657482147,-1.208845138550,1.645523786545,0.805458545685,0.139621719718,-0.080850228667,-0.570268034935
1403715394.112143039703,2,3.334411859512,-1.201393842697,1.644165039062,0.803668618202,0.151548087597,-0.090586304665,-0.568281710148
1403715394.162142992020,2,3.338999986649,-1.197985529900,1.641959547997,0.800702035427,0.164829269052,-0.098999910057,-0.567368149757
1403715394.212143182755,2,3.342903375626,-1.195065975189,1.639523267746,0.797848224640,0.177995204926,-0.108255490661,-0.565717935562
1403715394.262142896652,2,3.346271276474,-1.192501187325,1.636726379395,0.794632136822,0.191463217139,-0.117375761271,-0.564025402069
1403715394.312143087387,2,3.348927974701,-1.190156340599,1.634416937828,0.790529191494,0.204252272844,-0.127475917339,-0.563111484051
1403715394.362143039703,2,3.351099967957,-1.187776684761,1.632175207138,0.785195827484,0.218420162797,-0.135816127062,-0.563306450844
1403715394.412142992020,2,3.352924823761,-1.185696959496,1.630294799805,-0.779608964920,-0.232444360852,0.144529432058,0.563285768032
1403715394.462142944336,2,3.354037761688,-1.183998107910,1.628669738770,-0.772967517376,-0.246511504054,0.152661859989,0.564311742783
1403715394.512143135071,2,3.354961633682,-1.183357238770,1.626738548279,-0.766620337963,-0.260570913553,0.160557374358,0.564462184906
1403715394.562143087387,2,3.355388164520,-1.184181213379,1.625274419785,-0.760898768902,-0.274194777012,0.169294193387,0.563196182251
1403715394.612143039703,2,3.355149745941,-1.185704350471,1.623177051544,-0.755784928799,-0.286904692650,0.179247200489,0.560665130615
1403715394.662142992020,2,3.354110240936,-1.188944458961,1.620856761932,-0.751068055630,-0.299299567938,0.190133064985,0.556925535202
1403715394.712143182755,2,3.352643489838,-1.193444490433,1.618289709091,-0.746718883514,-0.312012165785,0.200479209423,0.552147984505
1403715394.762142896652,2,3.351060390472,-1.199428677559,1.615484714508,-0.742929577827,-0.325172901154,0.210531175137,0.545889139175
1403715394.812143087387,2,3.349530220032,-1.206235885620,1.612906694412,-0.738846898079,-0.338625907898,0.220236048102,0.539382874966
1403715394.862143039703,2,3.348171472549,-1.213835597038,1.610634803772,-0.733998417854,-0.352478176355,0.230199471116,0.532929301262
1403715394.912142992020,2,3.347658395767,-1.221571683884,1.608967304230,-0.728490471840,-0.367233932018,0.239753454924,0.526269078255
1403715394.962142944336,2,3.346909046173,-1.229784488678,1.607808828354,-0.722039163113,-0.382027685642,0.249843627214,0.519896686077
1403715395.012143135071,2,3.352178573608,-1.240344047546,1.614048480988,-0.715164005756,-0.397627294064,0.259593665600,0.512878417969
1403715395.062143087387,2,3.349512338638,-1.249626040459,1.611957073212,-0.707332849503,-0.412644892931,0.269456326962,0.506752192974
1403715395.112143039703,2,3.346219539642,-1.259071230888,1.610038042068,-0.699140965939,-0.427035301924,0.279325246811,0.500819623470
1403715395.162142992020,2,3.342335700989,-1.268661499023,1.608160257339,-0.691059231758,-0.440988898277,0.288236439228,0.494859308004
1403715395.212143182755,2,3.338119983673,-1.278578162193,1.606448411942,-0.684094011784,-0.453465223312,0.297678112984,0.487619131804
1403715395.262142896652,2,3.333654880524,-1.288694262505,1.604687690735,-0.676320433617,-0.465662509203,0.305777639151,0.481922358274
1403715395.312143087387,2,3.328731536865,-1.299121499062,1.602369546890,-0.668435811996,-0.477249145508,0.313173621893,0.476811498404
1403715395.362143039703,2,3.323934555054,-1.309914827347,1.599601984024,-0.661061048508,-0.488050729036,0.319873601198,0.471683889627
1403715395.412142992020,2,3.319016456604,-1.321078538895,1.596201658249,-0.654209613800,-0.497999429703,0.326499015093,0.466266930103
1403715395.462142944336,2,3.313493251801,-1.332491397858,1.592377185822,-0.648118317127,-0.507250249386,0.332858115435,0.460266619921
1403715395.512143135071,2,3.312243223190,-1.341763615608,1.593098878860,-0.642030894756,-0.515956521034,0.339500814676,0.454229593277
1403715395.562143087387,2,3.304314136505,-1.352385759354,1.588336467743,-0.636087536812,-0.523857712746,0.345859557390,0.448717117310
1403715395.612143039703,2,3.295990467072,-1.363108277321,1.582884311676,-0.630692660809,-0.530529797077,0.352285504341,0.443463474512
1403715395.662142992020,2,3.287114381790,-1.373765349388,1.576874256134,-0.624840080738,-0.537339806557,0.357646077871,0.439238101244
1403715395.712143182755,2,3.277971506119,-1.384474754333,1.569762229919,-0.619106054306,-0.544969558716,0.361126869917,0.435090065002
1403715395.762142896652,2,3.267998218536,-1.395293951035,1.562147617340,-0.612754762173,-0.551705658436,0.365444242954,0.431975662708
1403715395.812143087387,2,3.257599592209,-1.406203150749,1.553764820099,-0.606623947620,-0.558327019215,0.368295818567,0.429693490267
1403715395.862143039703,2,3.246606349945,-1.417732119560,1.545707702637,-0.602754890919,-0.562539458275,0.372744828463,0.425790101290
1403715395.912142992020,2,3.235335111618,-1.429543018341,1.537399291992,-0.600214898586,-0.565351963043,0.376967728138,0.421917885542
1403715395.962142944336,2,3.223178148270,-1.441733837128,1.529342651367,-0.599263131618,-0.566381752491,0.381747931242,0.417569160461
1403715396.012143135071,2,3.216502189636,-1.454292058945,1.520465373993,-0.598881125450,-0.566030681133,0.387300461531,0.413459897041
1403715396.062143087387,2,3.202112674713,-1.464832425117,1.513771533966,-0.599881470203,-0.564030468464,0.393332064152,0.409025430679
1403715396.112143039703,2,3.187793254852,-1.474442481995,1.507328987122,-0.601039230824,-0.561884760857,0.398078054190,0.405673921108
1403715396.162142992020,2,3.173159360886,-1.482695341110,1.501186847687,-0.601706326008,-0.559414744377,0.402099072933,0.404130071402
1403715396.212143182755,2,3.158505678177,-1.489628434181,1.495172500610,-0.601901054382,-0.557799875736,0.404059559107,0.404116749763
1403715396.262142896652,2,3.143975019455,-1.494962096214,1.489247798920,-0.600893974304,-0.557494461536,0.403383433819,0.406704187393
1403715396.312143087387,2,3.129287481308,-1.499094963074,1.483045578003,-0.599060714245,-0.558899223804,0.400019317865,0.410782933235
1403715396.362143039703,2,3.114353179932,-1.502354860306,1.477140903473,-0.596256434917,-0.560622036457,0.396130383015,0.416247606277
1403715396.412142992020,2,3.099686384201,-1.505404829979,1.471408128738,-0.594302237034,-0.561815142632,0.393296539783,0.420102953911
1403715396.462142944336,2,3.085492134094,-1.508003830910,1.465222358704,-0.592381894588,-0.563920915127,0.389470994473,0.423543810844
1403715396.512143135071,2,3.075392484665,-1.515844821930,1.459523916245,-0.589462995529,-0.566098093987,0.387312650681,0.426679402590
1403715396.562143087387,2,3.060582876205,-1.518948912621,1.453592061996,-0.586654543877,-0.567956149578,0.387296229601,0.428093492985
1403715396.612143039703,2,3.046225786209,-1.522762656212,1.447445869446,-0.583442986012,-0.570819795132,0.387465924025,0.428519874811
1403715396.662142992020,2,3.032389640808,-1.527305126190,1.441387653351,-0.579413115978,-0.573522210121,0.389736235142,0.428320556879
1403715396.712143182755,2,3.019389390945,-1.532480359077,1.434697628021,-0.575950145721,-0.576283991337,0.392389357090,0.426859170198
1403715396.762142896652,2,3.006952762604,-1.538290262222,1.427706718445,-0.574091315269,-0.578974962234,0.394906461239,0.423386424780
1403715396.812143087387,2,2.994910478592,-1.544515609741,1.420830726624,-0.572835266590,-0.581377863884,0.397693753242,0.419165074825
1403715396.862143039703,2,2.983407497406,-1.550908803940,1.413737297058,-0.571902155876,-0.584468066692,0.399019747972,0.414859473705
1403715396.912142992020,2,2.971773862839,-1.557246923447,1.406349658966,-0.571220815182,-0.587362408638,0.399862617254,0.410879582167
1403715396.962142944336,2,2.960078001022,-1.563819408417,1.397878885269,-0.571367442608,-0.591711163521,0.398024380207,0.406194239855
1403715397.012143135071,2,2.948678255081,-1.572217345238,1.392666578293,-0.572750985622,-0.595284461975,0.396351754665,0.400622189045
1403715397.062143087387,2,2.935362100601,-1.579082965851,1.383207798004,-0.573392629623,-0.598911523819,0.394244760275,0.396354734898
1403715397.112143039703,2,2.921187162399,-1.585821628571,1.373810529709,-0.574193894863,-0.601210355759,0.393531054258,0.392403781414
1403715397.162142992020,2,2.905574560165,-1.592517137527,1.364420175552,-0.575514733791,-0.602326393127,0.394179075956,0.388083398342
1403715397.212143182755,2,2.888742208481,-1.599003434181,1.355406761169,-0.577540159225,-0.601928770542,0.396462053061,0.383336573839
1403715397.262142896652,2,2.870513677597,-1.605193138123,1.346529722214,-0.580151855946,-0.600647032261,0.399749249220,0.377951830626
1403715397.312143087387,2,2.850662708282,-1.610405802727,1.338229417801,-0.582303225994,-0.598233163357,0.403873085976,0.374067604542
1403715397.362143039703,2,2.829417228699,-1.614223837852,1.329848527908,-0.583881914616,-0.596248209476,0.407258838415,0.371093273163
1403715397.412142992020,2,2.806897401810,-1.616768121719,1.321300029755,-0.584996700287,-0.594821214676,0.409561574459,0.369087874889
1403715397.462142944336,2,2.782942533493,-1.617900490761,1.312981843948,-0.585859596729,-0.594180822372,0.411056607962,0.367083311081
1403715397.512143135071,2,2.757009983063,-1.615589618683,1.304514408112,-0.586098968983,-0.593876838684,0.412061274052,0.366065293550
1403715397.562143087387,2,2.729281902313,-1.614074707031,1.297227382660,-0.585906088352,-0.593109488487,0.413588970900,0.365895301104
1403715397.612143039703,2,2.700127124786,-1.610626697540,1.290868520737,-0.585412502289,-0.591999530792,0.415495634079,0.366322666407
1403715397.662142992020,2,2.669747352600,-1.605420708656,1.285604715347,-0.583676517010,-0.590890228748,0.417357146740,0.368759512901
1403715397.712143182755,2,2.638504981995,-1.598633408546,1.281399488449,-0.580833673477,-0.589284121990,0.420067936182,0.372719049454
1403715397.762142896652,2,2.606778144836,-1.590647578239,1.277820825577,-0.578214049339,-0.588342607021,0.421263992786,0.376906186342
1403715397.812143087387,2,2.574656009674,-1.581574201584,1.275064229965,-0.576003253460,-0.587007939816,0.422830641270,0.380599886179
1403715397.862143039703,2,2.542348146439,-1.571279644966,1.272805452347,-0.574091494083,-0.586313426495,0.423389911652,0.383922725916
1403715397.912142992020,2,2.510046005249,-1.560014963150,1.271045446396,-0.571607291698,-0.586239814758,0.422866374254,0.388293862343
1403715397.962142944336,2,2.477052927017,-1.548077344894,1.270073652267,-0.568095386028,-0.584879100323,0.423952877522,0.394269138575
1403715398.012143135071,2,2.446888208389,-1.534653663635,1.269322633743,-0.564235746861,-0.583225667477,0.425188213587,0.400875121355
1403715398.062143087387,2,2.414700508118,-1.521275520325,1.268205642700,-0.560863196850,-0.581428468227,0.426527023315,0.406753271818
1403715398.112143039703,2,2.383489131927,-1.507870554924,1.266159772873,-0.558177828789,-0.579780042171,0.427651166916,0.411591053009
1403715398.162142992020,2,2.353408098221,-1.494522094727,1.263483047485,-0.555956900120,-0.578303277493,0.428384035826,0.415889859200
1403715398.212143182755,2,2.325162172318,-1.481414318085,1.259684085846,-0.555077254772,-0.577691018581,0.427880704403,0.418426185846
1403715398.262142896652,2,2.298930644989,-1.468286156654,1.254832029343,-0.555687487125,-0.577655434608,0.426412314177,0.419163763523
1403715398.312143087387,2,2.274653673172,-1.455276727676,1.249114036560,-0.556804835796,-0.578433215618,0.423649966717,0.419409185648
1403715398.362143039703,2,2.253348112106,-1.444568395615,1.242804050446,-0.557759940624,-0.578813433647,0.421008259058,0.420274883509
1403715398.412142992020,2,2.231482267380,-1.432146310806,1.237469911575,-0.559833586216,-0.578124880791,0.420247435570,0.419225633144
1403715398.462142944336,2,2.210935831070,-1.419554233551,1.231427907944,-0.560913622379,-0.578813254833,0.417300462723,0.419775515795
1403715398.512143135071,2,2.191648960114,-1.407162189484,1.225356817245,-0.561838746071,-0.579071044922,0.414769977331,0.420689791441
1403715398.562143087387,2,2.173388957977,-1.395251989365,1.219657421112,-0.562066257000,-0.579198777676,0.412606477737,0.422334313393
1403715398.612143039703,2,2.156091690063,-1.383982658386,1.214861154556,-0.561544179916,-0.577638387680,0.412728667259,0.425037860870
1403715398.662142992020,2,2.139992475510,-1.373067140579,1.210335016251,-0.559591948986,-0.576770782471,0.411847144365,0.429620951414
1403715398.712143182755,2,2.124938249588,-1.362768888474,1.206020832062,-0.556377172470,-0.576216101646,0.410589277744,0.435701698065
1403715398.762142896652,2,2.111525774002,-1.353240489960,1.202095270157,-0.553162217140,-0.575910270214,0.408628821373,0.441997170448
1403715398.812143087387,2,2.099650621414,-1.345158576965,1.198108434677,-0.550743103027,-0.575956344604,0.406741470098,0.446673989296
1403715398.862143039703,2,2.087955951691,-1.338505744934,1.192805528641,-0.548770189285,-0.576280772686,0.405092269182,0.450168877840
1403715398.912142992020,2,2.079955577850,-1.334162235260,1.189471721649,-0.547513782978,-0.576494693756,0.403958827257,0.452437758446
1403715398.962142944336,2,2.073583841324,-1.331740856171,1.186542987823,-0.547073900700,-0.576516270638,0.403749197721,0.453128963709
1403715399.012143135071,2,2.069074392319,-1.330907344818,1.184281587601,-0.546242356300,-0.576535642147,0.403855204582,0.454012036324
1403715399.062143087387,2,2.066725254059,-1.331843495369,1.182505369186,-0.546662271023,-0.576589822769,0.404534220695,0.452831923962
1403715399.112143039703,2,2.066252946854,-1.334647178650,1.180626392365,-0.548057734966,-0.577113866806,0.405245304108,0.449831724167
1403715399.162142992020,2,2.067465305328,-1.339313745499,1.179041862488,-0.549625158310,-0.576722443104,0.407542437315,0.446332514286
1403715399.212143182755,2,2.070477962494,-1.345246911049,1.177899360657,-0.550297379494,-0.576855421066,0.409083753824,0.443915784359
1403715399.262142896652,2,2.075417518616,-1.352253556252,1.177285671234,-0.550562500954,-0.576436042786,0.411212712526,0.442161291838
1403715399.312143087387,2,2.081935882568,-1.360085725784,1.175918340683,-0.550752341747,-0.577908813953,0.410537630320,0.440626978874
1403715399.362143039703,2,2.091404199600,-1.370465874672,1.174675941467,-0.551511883736,-0.579783558846,0.408778816462,0.438845664263
1403715399.412142992020,2,2.101215362549,-1.380694389343,1.173082113266,-0.552452981472,-0.582678377628,0.405693560839,0.436685770750
1403715399.462142944336,2,2.112089157104,-1.391860842705,1.171918392181,-0.552901327610,-0.584904611111,0.403278917074,0.435376644135
1403715399.512143135071,2,2.123642683029,-1.403932571411,1.170948028564,-0.552397727966,-0.586870193481,0.400435537100,0.435994982719
1403715399.562143087387,2,2.136457681656,-1.417279362679,1.169461488724,-0.554666340351,-0.589864790440,0.396153062582,0.432975351810
1403715399.612143039703,2,2.149887561798,-1.432459592819,1.168046712875,-0.560193181038,-0.591651499271,0.393416315317,0.425858974457
1403715399.662142992020,2,2.163472414017,-1.448877573013,1.166843891144,-0.565471529961,-0.593137621880,0.390726834536,0.419240206480
1403715399.712143182755,2,2.176485061646,-1.466392397881,1.166153669357,-0.570385456085,-0.594162344933,0.388315320015,0.413331449032
1403715399.762142896652,2,2.188452720642,-1.484435081482,1.166350603104,-0.574030518532,-0.594849467278,0.385999441147,0.409447789192
1403715399.812143087387,2,2.199509143829,-1.503061294556,1.167030334473,-0.576772928238,-0.594991683960,0.384317964315,0.406961441040
1403715399.862143039703,2,2.210735082626,-1.522098302841,1.170126914978,-0.578721880913,-0.595328986645,0.382749080658,0.405175924301
1403715399.912142992020,2,2.220758676529,-1.541598558426,1.171997547150,-0.580096721649,-0.595674097538,0.381008833647,0.404342055321
1403715399.962142944336,2,2.229049921036,-1.561603188515,1.174246072769,-0.581665158272,-0.595394492149,0.378651410341,0.404715001583
1403715400.012143135071,2,2.235296487808,-1.582370519638,1.177154541016,-0.583099842072,-0.594062626362,0.375983268023,0.407088249922
1403715400.062143087387,2,2.239768266678,-1.603739500046,1.180566787720,-0.584656059742,-0.591490864754,0.373679786921,0.410705834627
1403715400.112143039703,2,2.242280960083,-1.625877141953,1.184057474136,-0.586525559425,-0.588256299496,0.370867431164,0.415210425854
1403715400.162142992020,2,2.243249893188,-1.648494839668,1.187648296356,-0.589827358723,-0.583862543106,0.367883443832,0.419368714094
1403715400.212143182755,2,2.242759466171,-1.671741247177,1.191131591797,-0.593211233616,-0.579147458076,0.363904595375,0.424573004246
1403715400.262142896652,2,2.241256475449,-1.695947408676,1.194427013397,-0.596079289913,-0.575703084469,0.356942713261,0.431100279093
1403715400.312143087387,2,2.238415479660,-1.721173167229,1.197993755341,-0.600126743317,-0.571208715439,0.350248605013,0.436914682388
1403715400.362143039703,2,2.234573602676,-1.749105930328,1.201309919357,-0.604538977146,-0.565989553928,0.342977553606,0.443345099688
1403715400.412142992020,2,2.229811668396,-1.777112245560,1.203848600388,-0.610366642475,-0.559925258160,0.336187392473,0.448234796524
1403715400.462142944336,2,2.223637819290,-1.806662559509,1.206629991531,-0.617497920990,-0.551601052284,0.331667482853,0.452138721943
1403715400.512143135071,2,2.216121673584,-1.837651014328,1.209500312805,-0.626014173031,-0.542067527771,0.327726155519,0.454823851585
1403715400.562143087387,2,2.207242965698,-1.869851827621,1.211805105209,-0.635205388069,-0.532111346722,0.323138177395,0.457114160061
1403715400.612143039703,2,2.195791721344,-1.902639389038,1.213753461838,-0.645292580128,-0.520734190941,0.319103360176,0.458918809891
1403715400.662142992020,2,2.184839010239,-1.936375021935,1.214756965637,-0.655574202538,-0.509409844875,0.313698530197,0.460779100657
1403715400.712143182755,2,2.172556638718,-1.970368385315,1.215463876724,-0.665418624878,-0.497703969479,0.307741701603,0.463469475508
1403715400.762142896652,2,2.158979654312,-2.004631996155,1.215831279755,-0.675592601299,-0.485442906618,0.302015691996,0.465517461300
1403715400.812143087387,2,2.144964694977,-2.038018703461,1.218629121780,-0.685406684875,-0.471952497959,0.297937244177,0.467666476965
1403715400.862143039703,2,2.128996610641,-2.072268247604,1.218632221222,-0.694737374783,-0.457720041275,0.294395446777,0.470280498266
1403715400.912142992020,2,2.112113714218,-2.106357812881,1.217823028564,-0.703846275806,-0.445583492517,0.290096938610,0.471062153578
1403715400.962142944336,2,2.094150781631,-2.139858961105,1.216775894165,-0.711921930313,-0.435017406940,0.286422491074,0.471051245928
1403715401.012143135071,2,2.075326681137,-2.172178983688,1.216141939163,-0.719085633755,-0.425662845373,0.282934337854,0.470824033022
1403715401.062143087387,2,2.055547714233,-2.202664613724,1.218982934952,-0.725067138672,-0.419551163912,0.278045475483,0.470048069954
1403715401.112143039703,2,2.035223960876,-2.232618570328,1.219330549240,-0.729055345058,-0.414085388184,0.274327695370,0.470909684896
1403715401.162142992020,2,2.013778448105,-2.261013031006,1.220140933990,-0.732078015804,-0.410560160875,0.269279867411,0.472218841314
1403715401.212143182755,2,1.991049170494,-2.287688493729,1.221350431442,-0.733792304993,-0.408986806870,0.263718605042,0.474058270454
1403715401.262142896652,2,1.967369914055,-2.309786081314,1.223633766174,-0.734640061855,-0.408802062273,0.258622854948,0.475709140301
1403715401.312143087387,2,1.941375494003,-2.333716392517,1.225832939148,-0.735281586647,-0.408207625151,0.254072248936,0.477676510811
1403715401.362143039703,2,1.913077116013,-2.356660604477,1.229148387909,-0.735090494156,-0.406535804272,0.252657234669,0.480140715837
1403715401.412142992020,2,1.882527709007,-2.378525972366,1.233410835266,-0.734614789486,-0.404827505350,0.252435594797,0.482423245907
1403715401.462142944336,2,1.850431799889,-2.398882150650,1.237848758698,-0.733644723892,-0.403639763594,0.252303838730,0.484956949949
1403715401.512143135071,2,1.814912080765,-2.417022705078,1.237989425659,-0.732237994671,-0.401509195566,0.254268288612,0.487817198038
1403715401.562143087387,2,1.780550718307,-2.435253858566,1.243824958801,-0.731720805168,-0.398933649063,0.256810933352,0.489371746778
1403715401.612143039703,2,1.745421886444,-2.452146053314,1.250748395920,-0.730018377304,-0.395576536655,0.261273115873,0.492269039154
1403715401.662142992020,2,1.709927678108,-2.467660665512,1.257543087006,-0.728884339333,-0.392444252968,0.264286816120,0.494841158390
1403715401.712143182755,2,1.672502636909,-2.476125001907,1.259350538254,-0.728242218494,-0.385765671730,0.270233601332,0.497817248106
1403715401.762142896652,2,1.635298967361,-2.488986968994,1.266357898712,-0.729349911213,-0.377289652824,0.275949776173,0.499552845955
1403715401.812143087387,2,1.598571062088,-2.500058412552,1.272720336914,-0.730028450489,-0.371130555868,0.277371376753,0.502380192280
1403715401.862143039703,2,1.563032984734,-2.509754419327,1.278837919235,-0.731193006039,-0.365692406893,0.277339577675,0.504686772823
1403715401.912142992020,2,1.527978897095,-2.518614768982,1.285594224930,-0.731267035007,-0.364312618971,0.274215817451,0.507277548313
1403715401.962142944336,2,1.494341969490,-2.526213645935,1.289630651474,-0.730483174324,-0.365222394466,0.269157856703,0.510451793671
1403715402.012143135071,2,1.461801767349,-2.533218383789,1.292882680893,-0.729291617870,-0.366915822029,0.264380633831,0.513429224491
1403715402.062143087387,2,1.433093905449,-2.535458087921,1.291326045990,-0.727946817875,-0.369172900915,0.260600864887,0.515647292137
1403715402.112143039703,2,1.400956153870,-2.541313648224,1.294311523438,-0.725117385387,-0.369803160429,0.259739935398,0.519601345062
1403715402.162142992020,2,1.369607686996,-2.546614885330,1.297606229782,-0.719778776169,-0.368765383959,0.260853797197,0.527148902416
1403715402.212143182755,2,1.339104533195,-2.551746129990,1.300733327866,-0.716150164604,-0.366607099771,0.261908888817,0.533040285110
1403715402.262142896652,2,1.311220169067,-2.557454824448,1.303933858871,-0.714623391628,-0.364211261272,0.261800616980,0.536771893501
1403715402.312143087387,2,1.283927917480,-2.563357353210,1.304044961929,-0.715307056904,-0.363699078560,0.257345050573,0.538360893726
1403715402.362143039703,2,1.258086681366,-2.569093465805,1.303666830063,-0.717824161053,-0.363344907761,0.250126421452,0.538651764393
1403715402.412142992020,2,1.233107089996,-2.574863672256,1.303367137909,-0.719937384129,-0.361297994852,0.242488622665,0.540696918964
1403715402.462142944336,2,1.209805369377,-2.575372457504,1.306404113770,-0.721972703934,-0.358611762524,0.233956143260,0.543523371220
1403715402.512143135071,2,1.185756325722,-2.581792354584,1.305878400803,-0.721887469292,-0.355338990688,0.225381568074,0.549377679825
1403715402.562143087387,2,1.161683082581,-2.589439630508,1.305726289749,-0.722575008869,-0.351904779673,0.219000250101,0.553251564503
1403715402.612143039703,2,1.137395501137,-2.598314285278,1.306243181229,-0.722036659718,-0.348109692335,0.214586526155,0.558063924313
1403715402.662142992020,2,1.112902283669,-2.608681678772,1.306626319885,-0.722106397152,-0.344794183969,0.210629597306,0.561528801918
1403715402.712143182755,2,1.088145613670,-2.621091127396,1.307192087173,-0.722750306129,-0.341130644083,0.208538085222,0.563714265823
1403715402.762142896652,2,1.061536908150,-2.635052680969,1.308175086975,-0.727679371834,-0.335783988237,0.209594860673,0.560180187225
1403715402.812143087387,2,1.037474632263,-2.651806831360,1.308428525925,-0.732411623001,-0.330238074064,0.212175607681,0.556325018406
1403715402.862143039703,2,1.013624668121,-2.670044898987,1.308737754822,-0.737044632435,-0.325150936842,0.215195134282,0.552026510239
1403715402.912142992020,2,0.989957332611,-2.689125537872,1.309011936188,-0.741764307022,-0.320273846388,0.218116462231,0.547389864922
1403715402.962142944336,2,0.966653287411,-2.711280345917,1.313055276871,-0.747383236885,-0.316262006760,0.219725266099,0.541403234005
1403715403.012143135071,2,0.943650603294,-2.730819940567,1.313607931137,-0.753388702869,-0.312552660704,0.221822187304,0.534332633018
1403715403.062143087387,2,0.921312689781,-2.749690532684,1.314110755920,-0.759289562702,-0.310772061348,0.221315205097,0.527181029320
1403715403.112143039703,2,0.899333894253,-2.767410993576,1.315002918243,-0.764539897442,-0.308976918459,0.221300855279,0.520613133907
1403715403.162142992020,2,0.877265691757,-2.783817768097,1.316041231155,-0.768803119659,-0.308078438044,0.220865115523,0.515022516251
1403715403.212143182755,2,0.855628967285,-2.798260688782,1.318559408188,-0.771848142147,-0.306995421648,0.220793455839,0.511130630970
1403715403.262142896652,2,0.833929896355,-2.810702085495,1.320957183838,-0.773335576057,-0.308543682098,0.218318507075,0.509008884430
1403715403.312143087387,2,0.812104880810,-2.821367025375,1.323301315308,-0.773296415806,-0.310418367386,0.215894818306,0.508962273598
1403715403.362143039703,2,0.789761543274,-2.828491687775,1.323066711426,-0.772401928902,-0.311485886574,0.213285714388,0.510765075684
1403715403.412142992020,2,0.767489433289,-2.835038423538,1.326008319855,-0.771778225899,-0.311318457127,0.210460796952,0.512977123260
1403715403.462142944336,2,0.744824171066,-2.839618444443,1.329216003418,-0.771537959576,-0.309661865234,0.207519412041,0.515533268452
1403715403.512143135071,2,0.721720457077,-2.842249870300,1.332406282425,-0.771707773209,-0.306040763855,0.204283237457,0.518723905087
1403715403.562143087387,2,0.698958694935,-2.844898700714,1.334145069122,-0.772892892361,-0.300359964371,0.201141774654,0.521500229836
1403715403.612143039703,2,0.675269246101,-2.844815492630,1.336432218552,-0.775673389435,-0.294258922338,0.196446910501,0.522638678551
1403715403.662142992020,2,0.651428401470,-2.843600034714,1.338293313980,-0.778834581375,-0.287301927805,0.191140204668,0.523774564266
1403715403.712143182755,2,0.627409219742,-2.841131925583,1.339494228363,-0.783433198929,-0.279486447573,0.185623571277,0.523128807545
1403715403.762142896652,2,0.602869391441,-2.837123155594,1.340787649155,0.788541913033,0.269985824823,-0.180938750505,-0.522082924843
1403715403.812143087387,2,0.577897250652,-2.831140518188,1.342521667480,0.793128132820,0.259655326605,-0.176396444440,-0.521930336952
1403715403.862143039703,2,0.553944230080,-2.821630716324,1.343991994858,0.796828985214,0.249188333750,-0.171646893024,-0.522978186607
1403715403.912142992020,2,0.529092311859,-2.811780929565,1.346352815628,0.800386071205,0.239151552320,-0.165847718716,-0.524102330208
1403715403.962142944336,2,0.503836750984,-2.799815654755,1.348996877670,0.803429484367,0.228944137692,-0.160179540515,-0.525764405727
1403715404.012143135071,2,0.478660941124,-2.786033630371,1.351857185364,0.805587351322,0.219563901424,-0.153415903449,-0.528473615646
1403715404.062143087387,2,0.453453689814,-2.770329952240,1.355736255646,0.806096613407,0.209989756346,-0.146547093987,-0.533513426781
1403715404.112143039703,2,0.429315477610,-2.751294374466,1.360616445541,0.806397259235,0.201607242227,-0.138460338116,-0.538430035114
1403715404.162142992020,2,0.404864281416,-2.732628822327,1.364299297333,0.805340886116,0.195006027818,-0.127907440066,-0.545012354851
1403715404.212143182755,2,0.380195200443,-2.713103055954,1.367762088776,0.804763138294,0.188343331218,-0.117987163365,-0.550419986248
1403715404.262142896652,2,0.351655900478,-2.693996906281,1.370912313461,0.803645312786,0.183232456446,-0.108124434948,-0.555777966976
1403715404.312143087387,2,0.325788497925,-2.673883199692,1.373051643372,0.803152501583,0.179269328713,-0.098743990064,-0.559516191483
1403715404.362143039703,2,0.298164904118,-2.653849840164,1.374539136887,0.803514003754,0.175016000867,-0.092442058027,-0.561417043209
1403715404.412142992020,2,0.270632773638,-2.634307622910,1.376133441925,0.803303956985,0.171998515725,-0.086498692632,-0.563593268394
1403715404.462142944336,2,0.241843283176,-2.615004539490,1.377840518951,0.802713215351,0.168690368533,-0.082913868129,-0.565968632698
1403715404.512143135071,2,0.211827307940,-2.592246055603,1.378258466721,0.802062571049,0.166773661971,-0.079223155975,-0.567984163761
1403715404.562143087387,2,0.181023627520,-2.573658466339,1.378829717636,0.801388144493,0.164998218417,-0.077015444636,-0.569755494595
1403715404.612143039703,2,0.149202018976,-2.556018114090,1.378490447998,0.800786197186,0.162811651826,-0.076266527176,-0.571329414845
1403715404.662142992020,2,0.115806251764,-2.538825750351,1.377882480621,0.800651431084,0.159023821354,-0.079278692603,-0.572174549103
1403715404.712143182755,2,0.081759035587,-2.522181987762,1.376838684082,0.800299823284,0.155866235495,-0.082028508186,-0.573146820068
1403715404.762142896652,2,0.044998452067,-2.506278276443,1.376263856888,0.799880802631,0.151860728860,-0.086302064359,-0.574178636074
1403715404.812143087387,2,0.010107487440,-2.490509986877,1.374609708786,0.800485908985,0.148242741823,-0.088586062193,-0.573932826519
1403715404.862143039703,2,-0.023510038853,-2.469806194305,1.369326591492,0.801252722740,0.143968105316,-0.089023828506,-0.573883354664
1403715404.912142992020,2,-0.058366805315,-2.453714847565,1.366857767105,0.801505863667,0.138579845428,-0.088757075369,-0.574896693230
1403715404.962142944336,2,-0.092999368906,-2.437672138214,1.364202737808,0.801633894444,0.131521627307,-0.088055767119,-0.576481878757
1403715405.012143135071,2,-0.126942247152,-2.421428203583,1.361336946487,0.801614701748,0.122993461788,-0.086707234383,-0.578591763973
1403715405.062143087387,2,-0.160690158606,-2.404907226562,1.355404138565,0.802033305168,0.112815633416,-0.084782324731,-0.580368220806
1403715405.112143039703,2,-0.193148106337,-2.389686346054,1.352170467377,0.803108632565,0.100551761687,-0.082972146571,-0.581396222115
1403715405.162142992020,2,-0.224014401436,-2.374972105026,1.348383188248,0.805138766766,0.087554246187,-0.078799478710,-0.581271469593
1403715405.212143182755,2,-0.253184676170,-2.360721588135,1.344341754913,0.807477891445,0.073628209531,-0.073219731450,-0.580686926842
1403715405.262142896652,2,-0.277945101261,-2.345709085464,1.339706897736,0.809808492661,0.059111483395,-0.066731683910,-0.579881906509
1403715405.312143087387,2,-0.303666025400,-2.331854581833,1.334802627563,0.811799526215,0.045493148267,-0.057615123689,-0.579303443432
1403715405.362143039703,2,-0.325798809528,-2.317791223526,1.329544782639,0.813685476780,0.032197419554,-0.047730829567,-0.578447163105
1403715405.412142992020,2,-0.348096847534,-2.304311275482,1.324198246002,0.815534293652,0.019606634974,-0.036716442555,-0.577210068703
1403715405.462142944336,2,-0.369221359491,-2.290846824646,1.318927764893,0.817338645458,0.006347252987,-0.026728007942,-0.575502336025
1403715405.512143135071,2,-0.389002740383,-2.277266979218,1.313959598541,0.818450391293,-0.007104533724,-0.016737921163,-0.574289441109
1403715405.562143087387,2,-0.407734096050,-2.259407281876,1.307692527771,0.819237053394,-0.020282331854,-0.006224464159,-0.573062419891
1403715405.612143039703,2,-0.424629122019,-2.246000051498,1.302389860153,0.819901645184,-0.031673416495,0.006367600523,-0.571592211723
1403715405.662142992020,2,-0.440516829491,-2.232381820679,1.296724319458,0.821147501469,-0.041884977371,0.019884476438,-0.568829536438
1403715405.712143182755,2,-0.454142987728,-2.218482255936,1.294845819473,0.822416543961,-0.052262187004,0.031966380775,-0.565577566624
1403715405.762142896652,2,-0.469069927931,-2.203786134720,1.289451837540,0.822943150997,-0.062465723604,0.043894879520,-0.562970578671
1403715405.812143087387,2,-0.483754664660,-2.188679218292,1.283956289291,0.823746025562,-0.073557920754,0.054256513715,-0.559542655945
1403715405.862143039703,2,-0.497960090637,-2.172771215439,1.278712749481,0.824061691761,-0.084647625685,0.064464047551,-0.556418418884
1403715405.912142992020,2,-0.513173103333,-2.154208183289,1.275360345840,0.822885930538,-0.097504220903,0.073109559715,-0.554983615875
1403715405.962142944336,2,-0.526944220066,-2.136069774628,1.270011901855,0.819889664650,-0.110483348370,0.081641577184,-0.555795907974
1403715406.012143135071,2,-0.539964437485,-2.116768360138,1.264909744263,0.815571486950,-0.123181954026,0.091204717755,-0.557988464832
1403715406.062143087387,2,-0.549736142159,-2.099127769470,1.261722087860,0.811197876930,-0.136704802513,0.099532306194,-0.559788584709
1403715406.112143039703,2,-0.561783313751,-2.079043388367,1.255446672440,0.807169497013,-0.149402529001,0.108876861632,-0.560626685619
1403715406.162142992020,2,-0.573495924473,-2.058993816376,1.248414754868,0.803338646889,-0.162599354982,0.117266647518,-0.560764670372
1403715406.212143182755,2,-0.589918673038,-2.043575525284,1.244418859482,0.799614667892,-0.176017284393,0.125356644392,-0.560285687447
1403715406.262142896652,2,-0.601011872292,-2.023762702942,1.236390590668,0.796454668045,-0.188596799970,0.133716017008,-0.558758735657
1403715406.312143087387,2,-0.611841201782,-2.003996849060,1.228148460388,0.793503522873,-0.201229035854,0.141242250800,-0.556695401669
1403715406.362143039703,2,-0.622711777687,-1.984700202942,1.219361782074,0.791016578674,-0.214736387134,0.146837085485,-0.553732752800
1403715406.412142992020,2,-0.634945571423,-1.969664812088,1.213905811310,0.788719415665,-0.227650910616,0.152616292238,-0.550277352333
1403715406.462142944336,2,-0.644532144070,-1.950223684311,1.205014467239,0.785906255245,-0.241783112288,0.156496450305,-0.547175586224
1403715406.512143135071,2,-0.653468132019,-1.931128501892,1.195563077927,0.783385455608,-0.254479944706,0.161945536733,-0.543434381485
1403715406.562143087387,2,-0.662049233913,-1.912304639816,1.185375452042,0.780404150486,-0.267184585333,0.167111843824,-0.540051281452
1403715406.612143039703,2,-0.669143497944,-1.893784761429,1.174803733826,0.776713252068,-0.279019057751,0.173131391406,-0.537485301495
1403715406.662142992020,2,-0.675029516220,-1.875679850578,1.165158271790,0.772880136967,-0.290131539106,0.179581835866,-0.535005092621
1403715406.712143182755,2,-0.679478406906,-1.857923865318,1.155104160309,0.768874943256,-0.300613939762,0.186329767108,-0.532676160336
1403715406.762142896652,2,-0.684882402420,-1.844014286995,1.145932197571,0.764585018158,-0.309743106365,0.195145130157,-0.530459642410
1403715406.812143087387,2,-0.686913490295,-1.827083468437,1.135762095451,0.759961962700,-0.319065272808,0.203705430031,-0.528355240822
1403715406.862143039703,2,-0.687905132771,-1.810289978981,1.125862121582,0.755465924740,-0.328128069639,0.212557107210,-0.525759279728
1403715406.912142992020,2,-0.688116908073,-1.793833017349,1.116360187531,0.751251041889,-0.337068289518,0.221132025123,-0.522596955299
1403715406.962142944336,2,-0.689631640911,-1.777628660202,1.107954978943,0.746597290039,-0.345782220364,0.230366677046,-0.519575297832
1403715407.012143135071,2,-0.688456356525,-1.761674523354,1.099720120430,0.742377698421,-0.355001926422,0.237641364336,-0.516115903854
1403715407.062143087387,2,-0.686417698860,-1.745673179626,1.091796398163,0.738220870495,-0.364903002977,0.243666544557,-0.512349843979
1403715407.112143039703,2,-0.681975185871,-1.731281280518,1.084749937057,0.734460651875,-0.374738693237,0.249286890030,-0.507931709290
1403715407.162142992020,2,-0.678900241852,-1.716177463531,1.076935648918,0.731389284134,-0.384175717831,0.254095166922,-0.502906084061
1403715407.212143182755,2,-0.675594627857,-1.701371073723,1.069362640381,0.730288684368,-0.392619431019,0.257576733828,-0.496167957783
1403715407.262142896652,2,-0.671143770218,-1.686461448669,1.062503695488,0.729946196079,-0.400157600641,0.259828537703,-0.489429980516
1403715407.312143087387,2,-0.667722344398,-1.671753406525,1.056007266045,0.730779409409,-0.405780792236,0.262188583612,-0.482245296240
1403715407.362143039703,2,-0.660951614380,-1.655858635902,1.050610542297,0.730829477310,-0.410228908062,0.264155358076,-0.477307528257
1403715407.412142992020,2,-0.652036666870,-1.639015674591,1.046036720276,0.730340182781,-0.413103073835,0.266502141953,-0.474263399839
1403715407.462142944336,2,-0.639418005943,-1.618001461029,1.041891217232,0.728513240814,-0.414860010147,0.269171029329,-0.474032372236
1403715407.512143135071,2,-0.626568496227,-1.599591970444,1.039016246796,0.727352201939,-0.415428519249,0.272298544645,-0.473530977964
1403715407.562143087387,2,-0.612174093723,-1.580139636993,1.036688089371,0.725401520729,-0.416332840919,0.273977637291,-0.474758833647
1403715407.612143039703,2,-0.596290230751,-1.559986352921,1.035104036331,0.723777174950,-0.415707767010,0.276847630739,-0.476118713617
1403715407.662142992020,2,-0.576996445656,-1.538423418999,1.032796978951,0.722715795040,-0.413350999355,0.281356185675,-0.477138936520
1403715407.712143182755,2,-0.558904647827,-1.517411589622,1.032704830170,0.721935749054,-0.408725351095,0.287710845470,-0.478513181210
1403715407.762142896652,2,-0.538065910339,-1.495573043823,1.033236622810,0.721702754498,-0.404539674520,0.292624801397,-0.479440897703
1403715407.812143087387,2,-0.518894553185,-1.472823619843,1.033908963203,0.721964716911,-0.401325941086,0.295730054379,-0.479841917753
1403715407.862143039703,2,-0.498939096928,-1.449522376060,1.034725189209,0.721966683865,-0.398778319359,0.297923058271,-0.480605751276
1403715407.912142992020,2,-0.478913187981,-1.424915313721,1.036041140556,0.721167743206,-0.398311406374,0.297137409449,-0.482674330473
1403715407.962142944336,2,-0.458547204733,-1.400205969810,1.037116408348,0.721299529076,-0.397881269455,0.296121478081,-0.483455836773
1403715408.012143135071,2,-0.438406437635,-1.373649954796,1.041745543480,0.719641327858,-0.398829996586,0.294143438339,-0.486344248056
1403715408.062143087387,2,-0.419662088156,-1.347025871277,1.050020337105,0.719405770302,-0.399314135313,0.292588621378,-0.487232536077
1403715408.112143039703,2,-0.399731248617,-1.319779396057,1.060120105743,0.718554794788,-0.399701267481,0.291247755289,-0.488970994949
1403715408.162142992020,2,-0.379406362772,-1.292227268219,1.073737263680,0.717827618122,-0.399820238352,0.289811819792,-0.490791708231
1403715408.212143182755,2,-0.357954174280,-1.264650821686,1.094136714935,0.716958999634,-0.399754881859,0.288650035858,-0.492795109749
1403715408.262142896652,2,-0.336931556463,-1.236753463745,1.111351013184,0.716664612293,-0.399352312088,0.288187623024,-0.493819385767
1403715408.312143087387,2,-0.315943777561,-1.208674311638,1.127988696098,0.716337442398,-0.399467915297,0.286948114634,-0.494921207428
1403715408.362143039703,2,-0.294677317142,-1.180342197418,1.142771482468,0.715735137463,-0.399158984423,0.286503255367,-0.496297508478
1403715408.412142992020,2,-0.273330539465,-1.151782035828,1.154892683029,0.714586794376,-0.397752821445,0.286133676767,-0.499285459518
1403715408.462142944336,2,-0.254065454006,-1.123438000679,1.166441798210,0.713875651360,-0.394599139690,0.286290049553,-0.502703845501
1403715408.512143135071,2,-0.233712658286,-1.094919085503,1.172066211700,0.712860405445,-0.390343308449,0.285222500563,-0.508045673370
1403715408.562143087387,2,-0.214123144746,-1.066864371300,1.173996448517,0.713146567345,-0.384505003691,0.284046202898,-0.512733459473
1403715408.612143039703,2,-0.195220008492,-1.039022922516,1.173387527466,0.712962627411,-0.377702444792,0.282050997019,-0.519107341766
1403715408.662142992020,2,-0.177227884531,-1.011846899986,1.170761823654,0.714314043522,-0.368696600199,0.280810475349,-0.524369835854
1403715408.712143182755,2,-0.160810634494,-0.985660731792,1.167994379997,0.716150999069,-0.359772056341,0.277542859316,-0.529775381088
1403715408.762142896652,2,-0.146213874221,-0.960565090179,1.165082812309,0.718905687332,-0.350673139095,0.272352576256,-0.534815073013
1403715408.812143087387,2,-0.140888839960,-0.936461865902,1.165972948074,0.722344815731,-0.340733379126,0.266919881105,-0.539326131344
1403715408.862143039703,2,-0.129128351808,-0.913083851337,1.164924621582,0.726759791374,-0.330990374088,0.259393990040,-0.543120980263
1403715408.912142992020,2,-0.118770956993,-0.890874147415,1.164735317230,0.731505453587,-0.320574223995,0.251293271780,-0.546794056892
1403715408.962142944336,2,-0.109988711774,-0.869530498981,1.165034890175,0.736754238605,-0.309366822243,0.243235677481,-0.549838066101
1403715409.012143135071,2,-0.102382317185,-0.849258422852,1.166173458099,0.741358876228,-0.297885179520,0.234468787909,-0.553783237934
1403715409.062143087387,2,-0.096081659198,-0.830229163170,1.168074607849,0.746498286724,-0.286127835512,0.225682243705,-0.556721508503
1403715409.112143039703,2,-0.091011673212,-0.812464714050,1.171314835548,0.750861346722,-0.275573730469,0.215244188905,-0.560300350189
1403715409.162142992020,2,-0.086694769561,-0.795968413353,1.174711108208,0.754455566406,-0.266701608896,0.204525813460,-0.563769638538
1403715409.212143182755,2,-0.081619054079,-0.785574436188,1.173226475716,0.758209943771,-0.258204102516,0.195346921682,-0.565939903259
1403715409.262142896652,2,-0.078017942607,-0.772462129593,1.178398489952,0.762401461601,-0.251839995384,0.187228083611,-0.565920829773
1403715409.312143087387,2,-0.074720121920,-0.760486841202,1.184674978256,0.765390813351,-0.246583864093,0.180019512773,-0.566538929939
1403715409.362143039703,2,-0.071278721094,-0.749565243721,1.191782355309,0.767665445805,-0.241691634059,0.174849763513,-0.567188382149
1403715409.412142992020,2,-0.068198040128,-0.735075473785,1.197686314583,0.769158303738,-0.237453415990,0.172115907073,-0.567791879177
1403715409.462142944336,2,-0.064318373799,-0.726674675941,1.206119298935,0.770326614380,-0.232831418514,0.171442776918,-0.568325519562
1403715409.512143135071,2,-0.060386627913,-0.719261646271,1.215155363083,0.770973265171,-0.228156685829,0.173242002726,-0.568798780441
1403715409.562143087387,2,-0.056281611323,-0.712958455086,1.224064350128,0.772604107857,-0.225300684571,0.176821261644,-0.566618740559
1403715409.612143039703,2,-0.052646271884,-0.707237362862,1.233286976814,0.774615883827,-0.226833865047,0.177277475595,-0.563106954098
1403715409.662142992020,2,-0.049631468952,-0.701877355576,1.242876648903,0.776513934135,-0.229124605656,0.177194893360,-0.559580326080
1403715409.712143182755,2,-0.046667173505,-0.696991682053,1.252297997475,0.779122114182,-0.232373461127,0.176325589418,-0.554869949818
1403715409.762142896652,2,-0.043538711965,-0.692388176918,1.261724591255,0.781877040863,-0.235682040453,0.175945773721,-0.549695670605
1403715409.812143087387,2,-0.040625371039,-0.687779068947,1.271636128426,0.784642815590,-0.238969787955,0.175729915500,-0.544378638268
1403715409.862143039703,2,-0.040477260947,-0.681139230728,1.278529644012,0.786336123943,-0.242409557104,0.176697328687,-0.540084421635
1403715409.912142992020,2,-0.037403665483,-0.675831794739,1.289615035057,0.788900911808,-0.246491879225,0.176304131746,-0.534596979618
1403715409.962142944336,2,-0.033826731145,-0.669791936874,1.300771713257,0.791002690792,-0.249514371157,0.176938191056,-0.529858827591
1403715410.012143135071,2,-0.029690437019,-0.662736654282,1.312157154083,0.792155385017,-0.252929717302,0.177159279585,-0.526432454586
1403715410.062143087387,2,-0.024922411889,-0.654464721680,1.323733448982,0.792165279388,-0.255359709263,0.178119704127,-0.524918079376
1403715410.112143039703,2,-0.019164729863,-0.644795417786,1.335740327835,0.790362000465,-0.256756663322,0.180443108082,-0.526160001755
1403715410.162142992020,2,-0.012659884989,-0.634173750877,1.347066164017,0.787424266338,-0.256685703993,0.183900669217,-0.529392123222
1403715410.212143182755,2,-0.005729883909,-0.622999310493,1.356179237366,0.784320175648,-0.257016032934,0.186210989952,-0.533019840717
1403715410.262142896652,2,0.001309692860,-0.611350297928,1.361740112305,0.781347036362,-0.257111847401,0.188519105315,-0.536517441273
1403715410.312143087387,2,0.008534409106,-0.599132895470,1.363754510880,0.778961122036,-0.256994545460,0.190629169345,-0.539290189743
1403715410.362143039703,2,0.015524111688,-0.586805343628,1.362860321999,0.777221083641,-0.256696909666,0.192092999816,-0.541418850422
1403715410.412142992020,2,0.020372435451,-0.573386669159,1.358392238617,0.776155054569,-0.255930155516,0.194377928972,-0.542494595051
1403715410.462142944336,2,0.026495479047,-0.560346841812,1.355499267578,0.776305437088,-0.254598796368,0.196536958218,-0.542127847672
1403715410.512143135071,2,0.032450381666,-0.547376751900,1.352276086807,0.777070462704,-0.252353370190,0.199724406004,-0.540915489197
1403715410.562143087387,2,0.037903249264,-0.533893942833,1.349436640739,0.777342855930,-0.249980941415,0.202584430575,-0.540561974049
1403715410.612143039703,2,0.042843714356,-0.519939541817,1.346310138702,0.778108179569,-0.248388811946,0.203556776047,-0.539829075336
1403715410.662142992020,2,0.047952931374,-0.505860447884,1.343242168427,0.778191387653,-0.247014671564,0.204172089696,-0.540107190609
1403715410.712143182755,2,0.052135489881,-0.490910291672,1.340611696243,0.777832448483,-0.246725633740,0.202942624688,-0.541218519211
1403715410.762142896652,2,0.056320942938,-0.475767493248,1.338861465454,0.775641739368,-0.245717957616,0.202109917998,-0.545118570328
1403715410.812143087387,2,0.059595733881,-0.460602998734,1.337850332260,0.771505177021,-0.244832947850,0.200923457742,-0.551784813404
1403715410.862143039703,2,0.062409430742,-0.446028828621,1.336553096771,0.768184781075,-0.242552161217,0.201094910502,-0.557334303856
1403715410.912142992020,2,0.067197956145,-0.434082508087,1.332418084145,0.765875220299,-0.241500958800,0.198265999556,-0.561963617802
1403715410.962142944336,2,0.067416742444,-0.420625209808,1.329389214516,0.766370117664,-0.239936813712,0.197236165404,-0.562321245670
1403715411.012143135071,2,0.066265612841,-0.408094048500,1.325725078583,0.768447160721,-0.239714741707,0.193693310022,-0.560810804367
1403715411.062143087387,2,0.064096368849,-0.396686792374,1.321803689003,0.770833551884,-0.239332169294,0.190323561430,-0.558849513531
1403715411.112143039703,2,0.061275474727,-0.386200904846,1.317986488342,0.773587822914,-0.238870054483,0.187135860324,-0.556312084198
1403715411.162142992020,2,0.057925567031,-0.375900506973,1.314804792404,0.775484263897,-0.239347457886,0.182877600193,-0.554880857468
1403715411.212143182755,2,0.054253891110,-0.366136908531,1.312452673912,0.776315987110,-0.240650579333,0.178012907505,-0.554736137390
1403715411.262142896652,2,0.050449505448,-0.356912732124,1.310669660568,0.776771664619,-0.241349399090,0.173942968249,-0.555085778236
1403715411.312143087387,2,0.046664461493,-0.348013877869,1.309396266937,0.775928080082,-0.241616070271,0.171045958996,-0.557046353817
1403715411.362143039703,2,0.044432029128,-0.341944813728,1.307658195496,0.773865103722,-0.241216093302,0.168943032622,-0.560719132423
1403715411.412142992020,2,0.041338369250,-0.334385871887,1.306364059448,0.771235108376,-0.240992486477,0.166907146573,-0.565031945705
1403715411.462142944336,2,0.038543805480,-0.327621102333,1.304907441139,0.768335342407,-0.240373849869,0.165621221066,-0.569605886936
1403715411.512143135071,2,0.035817325115,-0.322375416756,1.302708745003,0.767177045345,-0.238812923431,0.165798142552,-0.571768224239
1403715411.562143087387,2,0.032992258668,-0.318699955940,1.299669265747,0.768431365490,-0.237116023898,0.165986791253,-0.570734381676
1403715411.612143039703,2,0.030203580856,-0.315911769867,1.296652436256,0.770415127277,-0.235367372632,0.166691169143,-0.568574309349
1403715411.662142992020,2,0.024002760649,-0.313947677612,1.295377135277,0.772958815098,-0.233848989010,0.167394235730,-0.565533757210
1403715411.712143182755,2,0.020981669426,-0.313213944435,1.292917013168,0.774708807468,-0.232407703996,0.167846232653,-0.563596248627
1403715411.762142896652,2,0.017998620868,-0.312978148460,1.290391683578,0.776251435280,-0.230913653970,0.168288439512,-0.561953425407
1403715411.812143087387,2,0.015142783523,-0.313251614571,1.287618994713,0.776705205441,-0.229589492083,0.168984740973,-0.561659872532
1403715411.862143039703,2,0.012047186494,-0.313884139061,1.284192085266,0.777487516403,-0.228808432817,0.168848827481,-0.560936748981
1403715411.912142992020,2,0.008801370859,-0.314737439156,1.280944943428,0.777694523335,-0.228368401527,0.168657839298,-0.560886621475
1403715411.962142944336,2,0.005563229322,-0.315908432007,1.278071165085,0.777671039104,-0.228583261371,0.167568564415,-0.561157941818
1403715412.012143135071,2,0.002657696605,-0.317166566849,1.274968266487,0.777920544147,-0.228649199009,0.166987270117,-0.560958623886
1403715412.062143087387,2,-0.000558122993,-0.318962574005,1.271659374237,0.778230309486,-0.229092597961,0.166286304593,-0.560556113720
1403715412.112143039703,2,-0.003636270761,-0.320946455002,1.268637061119,0.778405070305,-0.229390695691,0.165861010551,-0.560317397118
1403715412.162142992020,2,-0.005381911993,-0.324927210808,1.265078067780,0.779479801655,-0.229376107454,0.165910556912,-0.558812737465
1403715412.212143182755,2,-0.009274154902,-0.328717947006,1.262144804001,0.780250847340,-0.229497015476,0.165863424540,-0.557699859142
1403715412.262142896652,2,-0.013133808970,-0.332705855370,1.258851289749,0.780799508095,-0.229399681091,0.166273564100,-0.556849300861
1403715412.312143087387,2,-0.016898378730,-0.336913347244,1.255364179611,0.781303524971,-0.229472205043,0.166427895427,-0.556065738201
1403715412.362143039703,2,-0.020377606153,-0.339939594269,1.251488566399,0.781845271587,-0.229827478528,0.166441529989,-0.555152833462
1403715412.412142992020,2,-0.024177938700,-0.344423174858,1.248113632202,0.782206654549,-0.230200588703,0.166259646416,-0.554543256760
1403715412.462142944336,2,-0.028065249324,-0.349023580551,1.244850397110,0.783026576042,-0.231115370989,0.165440902114,-0.553249001503
1403715412.512143135071,2,-0.031874880195,-0.353567242622,1.241684913635,0.783853113651,-0.231646224856,0.165070816875,-0.551965594292
1403715412.562143087387,2,-0.035481795669,-0.357995033264,1.238404035568,0.784652888775,-0.232122793794,0.164609104395,-0.550765633583
1403715412.612143039703,2,-0.039923876524,-0.359708189964,1.236328601837,0.785383284092,-0.232045441866,0.165576636791,-0.549465596676
1403715412.662142992020,2,-0.042971864343,-0.363464117050,1.233466744423,0.785804450512,-0.231986820698,0.165642350912,-0.548868119717
1403715412.712143182755,2,-0.045752137899,-0.367232203484,1.230716228485,0.787022352219,-0.231746226549,0.165886700153,-0.547148108482
1403715412.762142896652,2,-0.048145189881,-0.370607614517,1.228708505630,0.787621140480,-0.231631994247,0.166201069951,-0.546238660812
1403715412.812143087387,2,-0.050563529134,-0.373790502548,1.226984143257,0.788228332996,-0.231605812907,0.166416123509,-0.545307815075
1403715412.862143039703,2,-0.053011491895,-0.376542448997,1.225711584091,0.788755774498,-0.231533706188,0.166380345821,-0.544586241245
1403715412.912142992020,2,-0.055271551013,-0.378977775574,1.224856138229,0.788851976395,-0.231380298734,0.166814550757,-0.544379174709
1403715412.962142944336,2,-0.057513415813,-0.381006002426,1.228090167046,0.788502216339,-0.231560155749,0.167113184929,-0.544717669487
1403715413.012143135071,2,-0.059058278799,-0.382085561752,1.227017283440,0.787246763706,-0.231161579490,0.168140679598,-0.546384215355
1403715413.062143087387,2,-0.060763105750,-0.383068561554,1.223441600800,0.786421835423,-0.230672582984,0.169465318322,-0.547368705273
1403715413.112143039703,2,-0.062630906701,-0.383749842644,1.217567443848,0.785693228245,-0.230234995484,0.170340836048,-0.548326611519
1403715413.162142992020,2,-0.064804106951,-0.384150266647,1.209864258766,0.784764349461,-0.230120643973,0.170894145966,-0.549531340599
1403715413.212143182755,2,-0.067193090916,-0.384732604027,1.199537038803,0.784170567989,-0.229556798935,0.171790942550,-0.550334572792
1403715413.262142896652,2,-0.069846019149,-0.385425806046,1.187090277672,0.783435523510,-0.229831740260,0.171501964331,-0.551355898380
1403715413.312143087387,2,-0.072910845280,-0.386305093765,1.172778367996,0.782364130020,-0.231416538358,0.169619992375,-0.552794635296
1403715413.362143039703,2,-0.076133087277,-0.386955976486,1.157597899437,0.781096220016,-0.233555093408,0.166543141007,-0.554620742798
1403715413.412142992020,2,-0.079229637980,-0.387833714485,1.142866134644,0.779984295368,-0.235675081611,0.163699686527,-0.556133270264
1403715413.462142944336,2,-0.084741815925,-0.390223026276,1.129695653915,0.779161989689,-0.237538874149,0.161482065916,-0.557140529156
1403715413.512143135071,2,-0.087252169847,-0.392101407051,1.116912841797,0.778537571430,-0.238340348005,0.160288155079,-0.558015108109
1403715413.562143087387,2,-0.089147493243,-0.394549727440,1.105387210846,0.778532266617,-0.238132119179,0.160877704620,-0.557941854000
1403715413.612143039703,2,-0.089263647795,-0.395980000496,1.094710230827,0.778450727463,-0.237419068813,0.162328615785,-0.557939291000
1403715413.662142992020,2,-0.090295210481,-0.399695396423,1.085865378380,0.778257250786,-0.235890850425,0.164743259549,-0.558149576187
1403715413.712143182755,2,-0.091242648661,-0.403788208961,1.077801108360,0.778188526630,-0.233919396996,0.167741030455,-0.558182239532
1403715413.762142896652,2,-0.092175997794,-0.408120036125,1.069163560867,0.778771638870,-0.232683494687,0.169999554753,-0.557201445103
1403715413.812143087387,2,-0.091464564204,-0.410665988922,1.058031797409,0.779544532299,-0.232040345669,0.171270534396,-0.555998325348
1403715413.862143039703,2,-0.092709019780,-0.415254235268,1.046489238739,0.780329227448,-0.231511160731,0.172410890460,-0.554764389992
1403715413.912142992020,2,-0.094004765153,-0.419641613960,1.034253954887,0.780253767967,-0.230816349387,0.173369973898,-0.554861068726
1403715413.962142944336,2,-0.095524758101,-0.424274325371,1.021625399590,0.780041992664,-0.229394391179,0.175075471401,-0.555212974548
1403715414.012143135071,2,-0.097003467381,-0.428130388260,1.007802844048,0.779987752438,-0.228989943862,0.176050588489,-0.555147707462
1403715414.062143087387,2,-0.099963918328,-0.432964801788,0.999750196934,0.780436217785,-0.229138746858,0.175662547350,-0.554578602314
1403715414.112143039703,2,-0.103429064155,-0.437927603722,0.994489312172,0.781870484352,-0.229502096772,0.175452336669,-0.552470684052
1403715414.162142992020,2,-0.106783717871,-0.441600918770,0.993545949459,0.784372687340,-0.230618208647,0.174285009503,-0.548816442490
1403715414.212143182755,2,-0.111168593168,-0.446123838425,0.993519604206,0.787809014320,-0.232158735394,0.172891557217,-0.543661534786
1403715414.262142896652,2,-0.115766763687,-0.449595570564,0.996172010899,0.790847897530,-0.233365193009,0.171599611640,-0.539123296738
1403715414.312143087387,2,-0.117780797184,-0.448485851288,0.998319685459,0.793854117393,-0.234518811107,0.170396253467,-0.534566819668
1403715414.362143039703,2,-0.121254727244,-0.449382185936,1.002309560776,0.796186029911,-0.234761133790,0.170585170388,-0.530919790268
1403715414.412142992020,2,-0.124173149467,-0.448785185814,1.005867838860,0.796856582165,-0.234394058585,0.171247303486,-0.529861629009
1403715414.462142944336,2,-0.125093519688,-0.446892857552,1.009341716766,0.796701371670,-0.233797818422,0.171911984682,-0.530143201351
1403715414.512143135071,2,-0.127491056919,-0.443524599075,1.009852886200,0.795759677887,-0.233018368483,0.173161581159,-0.531492233276
1403715414.562143087387,2,-0.129821583629,-0.438882827759,1.008727788925,0.793661653996,-0.232114523649,0.174557238817,-0.534559547901
1403715414.612143039703,2,-0.132011339068,-0.433963060379,1.006124377251,0.791151702404,-0.230890303850,0.176367744803,-0.538203597069
1403715414.662142992020,2,-0.134480148554,-0.427158117294,1.002804875374,0.788897216320,-0.231322601438,0.176097229123,-0.541406393051
1403715414.712143182755,2,-0.137470990419,-0.419799327850,0.998738527298,0.786217689514,-0.232379823923,0.175392881036,-0.545067727566
1403715414.762142896652,2,-0.143215388060,-0.412753582001,0.995190918446,0.783911943436,-0.234492450953,0.173482611775,-0.548086762428
1403715414.812143087387,2,-0.146764680743,-0.405362963676,0.989374101162,0.782220602036,-0.237687841058,0.170279219747,-0.550127685070
1403715414.862143039703,2,-0.150198772550,-0.397957324982,0.982745707035,0.780295848846,-0.241875529289,0.165836244822,-0.552388370037
1403715414.912142992020,2,-0.152969032526,-0.389994263649,0.975216686726,0.778011500835,-0.246546894312,0.160931840539,-0.554989874363
1403715414.962142944336,2,-0.155676603317,-0.383218526840,0.966290652752,0.776379644871,-0.250563889742,0.156883880496,-0.556632697582
1403715415.012143135071,2,-0.157316088676,-0.377761960030,0.957191169262,0.774531185627,-0.254286825657,0.153427436948,-0.558479845524
1403715415.062143087387,2,-0.158517599106,-0.372462451458,0.947446703911,0.773162841797,-0.257342606783,0.151181921363,-0.559587419033
1403715415.112143039703,2,-0.158760502934,-0.367798268795,0.937319397926,0.772137701511,-0.259740024805,0.150197222829,-0.560160040855
1403715415.162142992020,2,-0.158634573221,-0.363365352154,0.926638662815,0.771220266819,-0.261919885874,0.150056406856,-0.560446679592
1403715415.212143182755,2,-0.156872227788,-0.361126899719,0.916902840137,0.770196676254,-0.262904554605,0.151436418295,-0.561021745205
1403715415.262142896652,2,-0.154233828187,-0.359826326370,0.907611727715,0.769836664200,-0.263310641050,0.153207525611,-0.560844421387
1403715415.312143087387,2,-0.151807323098,-0.361708700657,0.900121033192,0.770521700382,-0.259848117828,0.160712331533,-0.559416472912
1403715415.362143039703,2,-0.147133395076,-0.362536251545,0.891919434071,0.771807193756,-0.256482213736,0.168208867311,-0.556988716125
1403715415.412142992020,2,-0.142194420099,-0.363763213158,0.885243654251,0.772310554981,-0.252657175064,0.176692485809,-0.555410265923
1403715415.462142944336,2,-0.138744533062,-0.364998579025,0.880947768688,0.774362564087,-0.249112576246,0.184451043606,-0.551618933678
1403715415.512143135071,2,-0.134497553110,-0.366642832756,0.877203524113,0.774556994438,-0.246164038777,0.190781563520,-0.550515413284
1403715415.562143087387,2,-0.131974995136,-0.367921769619,0.872404575348,0.774950981140,-0.244833663106,0.194088771939,-0.549396991730
1403715415.612143039703,2,-0.129730671644,-0.368781387806,0.868343114853,0.774361550808,-0.243682220578,0.197217002511,-0.549625992775
1403715415.662142992020,2,-0.128441840410,-0.369340419769,0.861796438694,0.774053096771,-0.243414491415,0.199540093541,-0.549340426922
1403715415.712143182755,2,-0.128187313676,-0.370311737061,0.852795541286,0.774168372154,-0.243949592113,0.200303509831,-0.548662364483
1403715415.762142896652,2,-0.128230139613,-0.370582222939,0.848355412483,0.774844169617,-0.244995132089,0.198978170753,-0.547724068165
1403715415.812143087387,2,-0.128810986876,-0.369921326637,0.851891517639,0.774791717529,-0.244115427136,0.200228646398,-0.547735393047
1403715415.862143039703,2,-0.128875628114,-0.367993056774,0.855243086815,0.773562431335,-0.243607729673,0.201043903828,-0.549397706985
1403715415.912142992020,2,-0.130975112319,-0.366524159908,0.855757534504,0.771990537643,-0.244338482618,0.200863406062,-0.551346778870
1403715415.962142944336,2,-0.133638367057,-0.365366220474,0.853982508183,0.772162497044,-0.243937686086,0.201005637646,-0.551231622696
1403715416.012143135071,2,-0.135086268187,-0.367462396622,0.853562891483,0.774359822273,-0.243096187711,0.201053813100,-0.548496663570
1403715416.062143087387,2,-0.134143576026,-0.368048727512,0.855429530144,0.774298548698,-0.242780968547,0.202512621880,-0.548185884953
1403715416.112143039703,2,-0.135345071554,-0.367709159851,0.856154084206,0.773830235004,-0.243156686425,0.202879860997,-0.548544824123
1403715416.162142992020,2,-0.135599613190,-0.367547571659,0.856606960297,0.773519873619,-0.243506088853,0.202597141266,-0.548931896687
1403715416.212143182755,2,-0.135720148683,-0.367737531662,0.857441127300,0.774163782597,-0.244447752833,0.201539933681,-0.547993898392
1403715416.262142896652,2,-0.136507645249,-0.367933809757,0.857825398445,0.774840772152,-0.244941249490,0.200591251254,-0.547164380550
1403715416.312143087387,2,-0.138009876013,-0.369607686996,0.857106566429,0.774898469448,-0.245088070631,0.200339868665,-0.547109007835
1403715416.362143039703,2,-0.138038247824,-0.370055317879,0.857957661152,0.775285303593,-0.245164543390,0.200231224298,-0.546566247940
1403715416.412142992020,2,-0.138079866767,-0.370496869087,0.859043955803,0.775375425816,-0.245369240642,0.200011476874,-0.546426773071
1403715416.462142944336,2,-0.138608559966,-0.371100187302,0.859764754772,0.775732755661,-0.245486542583,0.199780136347,-0.545951545238
1403715416.512143135071,2,-0.140451058745,-0.368511855602,0.857038497925,0.775453209877,-0.245769321918,0.199957236648,-0.546156406403
1403715416.562143087387,2,-0.141322091222,-0.369322538376,0.857669711113,0.775141060352,-0.245498597622,0.200238704681,-0.546617925167
1403715416.612143039703,2,-0.141968265176,-0.370119273663,0.858209431171,0.775431573391,-0.245621651411,0.200057879090,-0.546216905117
1403715416.662142992020,2,-0.142966032028,-0.370881915092,0.858744680882,0.775447070599,-0.245972007513,0.199646815658,-0.546187520027
1403715416.712143182755,2,-0.144328445196,-0.371864795685,0.859117746353,0.775467574596,-0.245982244611,0.199680969119,-0.546141386032
1403715416.762142896652,2,-0.145855352283,-0.372973799706,0.859374880791,0.775521159172,-0.246056795120,0.199571177363,-0.546071827412
1403715416.812143087387,2,-0.147285342216,-0.373992919922,0.859592616558,0.775247693062,-0.246025279164,0.199723422527,-0.546418547630
1403715416.862143039703,2,-0.148468852043,-0.374835491180,0.859728097916,0.775523006916,-0.246153280139,0.199511453509,-0.546047329903
1403715416.912142992020,2,-0.149567395449,-0.375689983368,0.859802424908,0.775743544102,-0.246361136436,0.199313655496,-0.545712649822
1403715416.962142944336,2,-0.150872915983,-0.376712977886,0.859973311424,0.775578439236,-0.246238723397,0.199495941401,-0.545935928822
1403715417.012143135071,2,-0.141312226653,-0.370251297951,0.851449489594,0.775211513042,-0.245979741216,0.199261561036,-0.546658873558
1403715417.062143087387,2,-0.142400339246,-0.370807647705,0.851527512074,0.775259673595,-0.245905607939,0.199372395873,-0.546583592892
1403715417.112143039703,2,-0.143417507410,-0.371284365654,0.851672172546,0.775413990021,-0.246111497283,0.199128523469,-0.546360790730
1403715417.162142992020,2,-0.139366537333,-0.369489312172,0.850015938282,0.775478541851,-0.246131211519,0.199016898870,-0.546301066875
1403715417.212143182755,2,-0.140474051237,-0.370013713837,0.850136041641,0.775332510471,-0.246099025011,0.199063912034,-0.546505689621
1403715417.262142896652,2,-0.141634494066,-0.370557487011,0.850263893604,0.775341987610,-0.246105223894,0.199023827910,-0.546504020691
1403715417.312143087387,2,-0.142676442862,-0.371111392975,0.850441992283,0.775249242783,-0.246150910854,0.199065089226,-0.546599924564
1403715417.362143039703,2,-0.143526419997,-0.371670782566,0.850629329681,0.775397121906,-0.246220946312,0.198914870620,-0.546413362026
1403715417.412142992020,2,-0.144437432289,-0.372296631336,0.850806295872,0.775399446487,-0.246337503195,0.198894932866,-0.546364724636
1403715417.462142944336,2,-0.141551166773,-0.371450483799,0.850058495998,0.775304436684,-0.246437013149,0.198752865195,-0.546506404877
1403715417.512143135071,2,-0.142308026552,-0.372060239315,0.850270509720,0.775242805481,-0.246422603726,0.198722168803,-0.546611428261
1403715417.562143087387,2,-0.142847061157,-0.372642934322,0.850536882877,0.775223612785,-0.246486455202,0.198746442795,-0.546601057053
1403715417.612143039703,2,-0.143322423100,-0.373184442520,0.850792825222,0.775284886360,-0.246580809355,0.198666930199,-0.546500504017
1403715417.662142992020,2,-0.143836557865,-0.373828887939,0.850971579552,0.775335907936,-0.246597528458,0.198631346226,-0.546433508396
1403715417.712143182755,2,-0.144401192665,-0.374360024929,0.851145744324,0.775266289711,-0.246632084250,0.198587641120,-0.546532511711
1403715417.762142896652,2,-0.144772902131,-0.374908268452,0.851331651211,0.775236129761,-0.246611848474,0.198628857732,-0.546569406986
1403715417.812143087387,2,-0.144946113229,-0.375329792500,0.851294159889,0.775296807289,-0.246683552861,0.198599517345,-0.546461701393
1403715417.862143039703,2,-0.144815683365,-0.375510513783,0.851421892643,0.775325000286,-0.246690452099,0.198601499200,-0.546417832375
1403715417.912142992020,2,-0.144514754415,-0.375929713249,0.851496636868,0.775342762470,-0.246710285544,0.198624417186,-0.546375274658
1403715417.962142944336,2,-0.138867095113,-0.371910929680,0.849916040897,0.775318741798,-0.246358767152,0.198633000255,-0.546564877033
1403715418.012143135071,2,-0.138979211450,-0.372218489647,0.850200057030,0.775286138058,-0.246368527412,0.198624670506,-0.546609699726
1403715418.062143087387,2,-0.138994470239,-0.372503519058,0.850485563278,0.775346338749,-0.246388822794,0.198587864637,-0.546528637409
1403715418.112143039703,2,-0.139037132263,-0.372756004333,0.850721657276,0.775397002697,-0.246407687664,0.198580309749,-0.546450972557
1403715418.162142992020,2,-0.139099329710,-0.372972726822,0.850901007652,0.775393843651,-0.246413439512,0.198580831289,-0.546452581882
1403715418.212143182755,2,-0.139172062278,-0.373210668564,0.851015865803,0.775393605232,-0.246419176459,0.198593899608,-0.546445667744
1403715418.262142896652,2,-0.139196157455,-0.373174011707,0.850969910622,0.775367677212,-0.246406555176,0.198609292507,-0.546482563019
1403715418.312143087387,2,-0.139078751206,-0.372865378857,0.850777566433,0.775421917439,-0.246439680457,0.198567301035,-0.546405911446
1403715418.362143039703,2,-0.138924479485,-0.372758030891,0.850650012493,0.775452017784,-0.246411532164,0.198544055223,-0.546384394169
1403715418.412142992020,2,-0.138819694519,-0.372375905514,0.850323438644,0.775419890881,-0.246404111385,0.198550388217,-0.546430885792
1403715418.462142944336,2,-0.136220902205,-0.369743466377,0.850100576878,0.775296688080,-0.246424838901,0.198537364602,-0.546601057053
1403715418.512143135071,2,-0.136159494519,-0.369776427746,0.850268065929,0.775321722031,-0.246418610215,0.198499158025,-0.546582400799
1403715418.562143087387,2,-0.136130392551,-0.369892239571,0.850364744663,0.775333166122,-0.246451869607,0.198475554585,-0.546559691429
1403715418.612143039703,2,-0.136121749878,-0.369942724705,0.850477874279,0.775335550308,-0.246543869376,0.198424279690,-0.546533465385
1403715418.662142992020,2,-0.136141210794,-0.370013654232,0.850526273251,0.775317490101,-0.246530026197,0.198464691639,-0.546550631523
1403715418.712143182755,2,-0.136146485806,-0.370110452175,0.850529313087,0.775341808796,-0.246497407556,0.198485687375,-0.546523094177
1403715418.762142896652,2,-0.136082172394,-0.370206475258,0.850526988506,0.775357246399,-0.246545478702,0.198419362307,-0.546503603458
1403715418.812143087387,2,-0.136125415564,-0.370172083378,0.850343406200,0.775368094444,-0.246605008841,0.198379859328,-0.546475768089
