1403715278762143232.000000 -0.003552037 -0.029129069 0.009331570 0.025008973 0.003772431 0.009111531 0.999638617
1403715278812143104.000000 -0.004963492 -0.038606927 0.010512448 0.027651586 0.003438148 0.010240803 0.999559283
1403715278862142976.000000 -0.005148198 -0.047459804 0.011439635 0.031777542 0.002407006 0.011691951 0.999423683
1403715278912143104.000000 -0.006971481 -0.057677869 0.012610394 0.032435343 0.002695343 0.011860240 0.999399841
1403715278962142976.000000 -0.006531651 -0.065762661 0.011581765 0.034217089 0.002221525 0.011396958 0.999346972
1403715279012143104.000000 -0.008307311 -0.075562954 0.013111512 0.034174841 0.003039374 0.009616478 0.999364972
1403715279062142976.000000 -0.009740624 -0.081367716 0.014438811 0.033830862 0.003428436 0.008869553 0.999382377
1403715279112143360.000000 -0.009363398 -0.085630424 0.016671598 0.033281606 0.003424503 0.010026108 0.999389887
1403715279162142976.000000 -0.010212920 -0.085302308 0.019843977 0.033344712 0.003684179 0.008904072 0.999397457
1403715279212143104.000000 -0.011682595 -0.085420176 0.022402229 0.031983275 0.004021733 0.007285941 0.999453843
1403715279262143232.000000 -0.011513170 -0.083529763 0.025603842 0.031421397 0.003479149 0.006767395 0.999477267
1403715279312143104.000000 -0.011716123 -0.082571194 0.028315261 0.030066459 0.003305945 0.007092369 0.999517322
1403715279362142976.000000 -0.011781318 -0.081930786 0.030526664 0.028712546 0.002961743 0.007941394 0.999551833
1403715279412143104.000000 -0.013062317 -0.082118511 0.032840919 0.028192429 0.002595042 0.008544621 0.999562681
1403715279462142976.000000 -0.014294888 -0.084209308 0.034745123 0.025811754 0.002727361 0.008847183 0.999624014
1403715279512143104.000000 -0.013941005 -0.083786339 0.035807725 0.025805533 0.002059440 0.009273537 0.999621868
1403715279562142976.000000 -0.014216037 -0.083501801 0.036844097 0.026657650 0.002248536 0.008434175 0.999606490
1403715279612143360.000000 -0.014261561 -0.083531521 0.037391197 0.026634032 0.002285599 0.008287291 0.999608278
1403715279662142976.000000 -0.013756834 -0.084411427 0.037381720 0.026421051 0.001973020 0.007927376 0.999617577
1403715279712143104.000000 -0.014315211 -0.088344567 0.037851050 0.025827028 0.002165685 0.008057146 0.999631643
1403715279762143232.000000 -0.014461561 -0.090935074 0.037239678 0.025481299 0.002156123 0.008185844 0.999639511
1403715279812143104.000000 -0.014608903 -0.092658788 0.037024714 0.025494605 0.002177086 0.008414105 0.999637246
1403715279862142976.000000 -0.013899514 -0.096569240 0.036351673 0.025205065 0.001977147 0.009380048 0.999636352
1403715279912143104.000000 -0.013929134 -0.099612541 0.036033776 0.024349030 0.002265492 0.009165180 0.999659002
1403715279962142976.000000 -0.012740762 -0.103050537 0.035027418 0.021668952 0.001975860 0.008435003 0.999727726
1403715280012143104.000000 -0.012322566 -0.103456140 0.033180103 0.016321959 0.002183171 0.008215657 0.999830723
1403715280062142976.000000 -0.011896164 -0.106367908 0.032463767 0.008942091 0.002051501 0.008144974 0.999924719
1403715280112143360.000000 -0.011423478 -0.110382967 0.031748753 0.001960006 0.003360567 0.005190214 0.999979019
1403715280162142976.000000 -0.010715200 -0.113413282 0.031638864 -0.001595599 0.004144479 0.002092477 0.999988019
1403715280212143104.000000 -0.009457561 -0.117173031 0.031571321 -0.002837793 0.005581830 -0.002726412 0.999976695
1403715280262143232.000000 -0.009584930 -0.122843944 0.032769434 -0.002422977 0.007472725 -0.006805079 0.999945998
1403715280312143104.000000 -0.009579275 -0.127196610 0.033834513 -0.000387451 0.008585844 -0.010312172 0.999909878
1403715280362142976.000000 -0.009629446 -0.133320987 0.034947444 0.001900912 0.009916973 -0.012605490 0.999869585
1403715280412143104.000000 -0.010941255 -0.138768941 0.037712950 0.005193400 0.012173031 -0.015316777 0.999795079
1403715280462142976.000000 -0.011776989 -0.144528136 0.039514069 0.006674189 0.013858767 -0.012449278 0.999804199
1403715280512143104.000000 -0.012981935 -0.151667163 0.041923501 0.008121380 0.016586373 -0.006163539 0.999810457
1403715280562142976.000000 -0.015373970 -0.158571944 0.044874139 0.008985950 0.020802978 -0.000285526 0.999743223
1403715280612143360.000000 -0.017520599 -0.162684813 0.048341110 0.012112959 0.027296182 0.006687044 0.999531686
1403715280662142976.000000 -0.018631009 -0.170102850 0.052189473 0.012677080 0.035572916 0.012234622 0.999211848
1403715280712143104.000000 -0.019796293 -0.174230918 0.056587901 0.014620691 0.045146789 0.018580686 0.998700559
1403715280762143232.000000 -0.021817351 -0.180411920 0.059929181 0.014481227 0.055961691 0.024120526 0.998036504
1403715280812143104.000000 -0.023607114 -0.186740622 0.063987277 0.013039771 0.067334071 0.029979346 0.997194767
1403715280862142976.000000 -0.023379052 -0.193457976 0.068334520 0.012619294 0.077993780 0.035184711 0.996252894
1403715280912143104.000000 -0.026758328 -0.194924697 0.073074058 0.014247441 0.090157300 0.039412435 0.995045424
1403715280962142976.000000 -0.027061207 -0.196319655 0.076941185 0.016085526 0.098798759 0.042920370 0.994051278
1403715281012143104.000000 -0.029252242 -0.205724373 0.080231160 0.014021037 0.107204802 0.047332045 0.993010759
1403715281062142976.000000 -0.029518219 -0.206625983 0.084346533 0.014923389 0.114177182 0.049484037 0.992115021
1403715281112143360.000000 -0.030520022 -0.211780608 0.088387869 0.014031569 0.120251738 0.052326899 0.991264105
1403715281162142976.000000 -0.032503176 -0.215191573 0.091494583 0.014787969 0.125321612 0.053859066 0.990542769
1403715281212143104.000000 -0.035126872 -0.220678121 0.097263724 0.014564084 0.130430341 0.055044860 0.989821196
1403715281262143232.000000 -0.034059029 -0.220864907 0.100693241 0.015386657 0.134125292 0.057111636 0.989197612
1403715281312143104.000000 -0.036359660 -0.225914523 0.105231173 0.013605977 0.140299559 0.059738681 0.988211632
1403715281362142976.000000 -0.040521625 -0.229699463 0.111988395 0.012128228 0.147900462 0.061478544 0.987015069
1403715281412143104.000000 -0.042131782 -0.232287049 0.117050320 0.011033394 0.155180305 0.063978955 0.985750496
1403715281462142976.000000 -0.039332043 -0.234639034 0.118409149 0.010087872 0.162553534 0.068538345 0.984264791
1403715281512143104.000000 -0.041769549 -0.237308830 0.123141609 0.009707919 0.172694147 0.071789876 0.982307911
1403715281562142976.000000 -0.041271131 -0.239164069 0.128810138 0.008761992 0.183326662 0.074996807 0.980147958
1403715281612143360.000000 -0.041344710 -0.244050279 0.132355019 0.007291975 0.194453806 0.079314217 0.977672637
1403715281662142976.000000 -0.041657478 -0.242075801 0.139059663 0.008397428 0.207243979 0.083855294 0.974652588
1403715281712143104.000000 -0.040922679 -0.244544715 0.144162506 0.007258269 0.220112070 0.089097604 0.971369982
1403715281762143232.000000 -0.041560486 -0.246494561 0.150467202 0.006033734 0.234211043 0.094467960 0.967566311
1403715281812143104.000000 -0.041769125 -0.247647047 0.156041726 0.005064226 0.248013124 0.099850111 0.963583827
1403715281862142976.000000 -0.041623563 -0.249670193 0.161726847 0.004936239 0.261761159 0.106025003 0.959278703
1403715281912143104.000000 -0.042038918 -0.251585633 0.169120148 0.003522291 0.276190519 0.111050919 0.954659224
1403715281962142976.000000 -0.042701639 -0.250255913 0.177561298 0.003560193 0.290491283 0.116109900 0.949800372
1403715282012143104.000000 -0.041664306 -0.250891894 0.181529179 0.003294629 0.302682996 0.122550562 0.945173800
1403715282062142976.000000 -0.043177787 -0.253527313 0.192498997 0.001423581 0.317644328 0.127686292 0.939572394
1403715282112143360.000000 -0.043761231 -0.250049382 0.200118706 0.002791684 0.330818713 0.130877540 0.934570611
1403715282162142976.000000 -0.042501435 -0.253579497 0.205770329 0.000792480 0.341729075 0.136377543 0.929850459
1403715282212143104.000000 -0.041850425 -0.255329192 0.214722067 -0.000155700 0.354272455 0.140220761 0.924569786
1403715282262143232.000000 -0.041326158 -0.253491282 0.220618069 -0.000010560 0.365396142 0.144959629 0.919495761
1403715282312143104.000000 -0.039801776 -0.252095759 0.227205783 0.000032703 0.376186788 0.149589643 0.914388597
1403715282362142976.000000 -0.041938692 -0.255280674 0.238538265 -0.001793150 0.389690012 0.153483719 0.908064604
1403715282412143104.000000 -0.042255625 -0.254069537 0.250626475 -0.003570413 0.402619720 0.155664444 0.902027309
1403715282462142976.000000 -0.041267052 -0.254915863 0.254709691 -0.004138628 0.412565351 0.160991013 0.896579444
1403715282512143104.000000 -0.039959587 -0.255181342 0.262799621 -0.004257243 0.423580319 0.164699286 0.890750110
1403715282562142976.000000 -0.040815741 -0.254400194 0.273483515 -0.003842877 0.435340524 0.168325797 0.884381354
1403715282612143360.000000 -0.039196149 -0.255624831 0.282140315 -0.003101948 0.445810854 0.171665356 0.878506780
1403715282662142976.000000 -0.038888931 -0.257600933 0.291746318 -0.002073410 0.456524521 0.175561681 0.872215152
1403715282712143104.000000 -0.038199946 -0.258286804 0.300997317 -0.000238617 0.466614097 0.180063516 0.865937889
1403715282762143232.000000 -0.036983341 -0.258927554 0.312100261 0.001745156 0.476260602 0.185256064 0.859565616
1403715282812143104.000000 -0.036815718 -0.259151012 0.323180556 0.002811925 0.485938370 0.190248385 0.853030860
1403715282862142976.000000 -0.034891829 -0.259281099 0.332750589 0.003610225 0.495398968 0.194069356 0.846701741
1403715282912143104.000000 -0.033412114 -0.260300964 0.340277016 0.004428812 0.504446685 0.197395712 0.840564609
1403715282962142976.000000 -0.033049330 -0.259790242 0.351449221 0.005284242 0.514392138 0.201038942 0.833640337
1403715283012143104.000000 -0.032397479 -0.259962976 0.362415254 0.006486116 0.524224520 0.204832152 0.826553345
1403715283062142976.000000 -0.032047272 -0.259472877 0.370786488 0.008619237 0.533031106 0.209268659 0.819762349
1403715283112143360.000000 -0.030799925 -0.261385322 0.379594088 0.009474615 0.541472137 0.214459404 0.812850177
1403715283162142976.000000 -0.030537248 -0.261705279 0.392167002 0.011546856 0.550965965 0.219167337 0.805151522
1403715283212143104.000000 -0.029913247 -0.262474716 0.400410652 0.013671596 0.559200287 0.224245742 0.798011363
1403715283262143232.000000 -0.030364424 -0.261223704 0.410895318 0.015731424 0.568285406 0.227539897 0.790588379
1403715283312143104.000000 -0.030176878 -0.259767562 0.418147206 0.018031415 0.575780094 0.232127994 0.783753037
1403715283362142976.000000 -0.029430538 -0.261663526 0.428743005 0.018100794 0.584748089 0.234632954 0.776330829
1403715283412143104.000000 -0.029748768 -0.261028469 0.436740220 0.017214032 0.592225075 0.238400459 0.769505322
1403715283462142976.000000 -0.029040188 -0.261257499 0.443818420 0.015353255 0.599013984 0.243008763 0.762819350
1403715283512143104.000000 -0.029445976 -0.260296196 0.448695421 0.012895798 0.605428457 0.245947704 0.756835461
1403715283562142976.000000 -0.030172884 -0.260022908 0.457298815 0.009387881 0.613147974 0.248030141 0.749961734
1403715283612143360.000000 -0.030410290 -0.259823889 0.466163009 0.005880145 0.619936585 0.250547469 0.743552327
1403715283662142976.000000 -0.029793173 -0.260504186 0.471943825 0.002587585 0.624747694 0.253034800 0.738686025
1403715283712143104.000000 -0.029716313 -0.261525542 0.480184644 0.000093214 0.629346550 0.253932893 0.734466493
1403715283762143232.000000 -0.027932584 -0.260965198 0.483320534 -0.000199759 0.631631613 0.256174475 0.731721401
1403715283812143104.000000 -0.028073251 -0.261865646 0.489315927 0.001109430 0.634106100 0.257044405 0.729271233
1403715283862142976.000000 -0.028223515 -0.260104388 0.495020866 0.002570924 0.636507750 0.256236404 0.727457345
1403715283912143104.000000 -0.027324080 -0.260084778 0.502520680 0.004468988 0.638386369 0.256205827 0.725810945
1403715283962142976.000000 -0.026970327 -0.260276556 0.508450449 0.005170131 0.639409423 0.256211281 0.724903226
1403715284012143104.000000 -0.027371645 -0.261619598 0.517880797 0.003417640 0.640257478 0.257288158 0.723782778
1403715284062142976.000000 -0.026958168 -0.261123568 0.523777246 0.001964515 0.639464557 0.259037942 0.723865032
1403715284112143360.000000 -0.023818552 -0.259627521 0.528557181 0.001357584 0.637962997 0.261842281 0.724182308
1403715284162142976.000000 -0.023195028 -0.258594334 0.535002291 0.001572990 0.636536777 0.264104337 0.724615335
1403715284212143104.000000 -0.022115886 -0.258620560 0.541467071 0.003065282 0.634499013 0.267629862 0.725104094
1403715284262143232.000000 -0.020584822 -0.258176416 0.545465469 0.005057934 0.631824315 0.270841718 0.726234972
1403715284312143104.000000 -0.018572271 -0.258512229 0.552552640 0.007303967 0.630012095 0.274156392 0.726546526
1403715284362142976.000000 -0.016945660 -0.258340746 0.555814981 0.009925240 0.627816379 0.276042193 0.727701128
1403715284412143104.000000 -0.013922811 -0.256965637 0.558542728 0.009749754 0.627262294 0.273332208 0.729202628
1403715284462142976.000000 -0.011417508 -0.255079418 0.563540101 0.008830903 0.627564013 0.269468486 0.730391800
1403715284512143104.000000 -0.007665753 -0.255364537 0.567445815 0.006134629 0.628171146 0.264934778 0.731555223
1403715284562142976.000000 -0.003910422 -0.256842583 0.573151052 0.003911541 0.629137278 0.260173678 0.732448399
1403715284612143360.000000 -0.000493050 -0.255683899 0.574495673 0.003542714 0.628982067 0.255584389 0.734197259
1403715284662142976.000000 0.003782630 -0.254523128 0.578011632 0.002546540 0.629123747 0.251776099 0.735394895
1403715284712143104.000000 0.008020282 -0.254286528 0.578615546 0.001369320 0.628098845 0.249006212 0.737215042
1403715284762143232.000000 0.011116803 -0.251959294 0.580709517 0.002297370 0.628276646 0.246264860 0.737981617
1403715284812143104.000000 0.015489817 -0.251919061 0.583149612 0.002175494 0.629853845 0.244490206 0.737227261
1403715284862142976.000000 0.020407736 -0.252506912 0.587909579 0.003263291 0.633091152 0.243066251 0.734917521
1403715284912143104.000000 0.025305569 -0.253869176 0.590613782 0.006076352 0.636580229 0.244329825 0.731458545
1403715284962142976.000000 0.029980540 -0.253981501 0.592364192 0.010343727 0.641796708 0.245029658 0.726602018
1403715285012143104.000000 0.033891618 -0.254135311 0.594721615 0.016580431 0.648226798 0.246962711 0.720094860
1403715285062142976.000000 0.037384331 -0.255041838 0.596135974 0.021319499 0.655082643 0.249012470 0.713025331
1403715285112143360.000000 0.041332960 -0.256477922 0.597796857 0.022537448 0.663142204 0.250898957 0.704829216
1403715285162142976.000000 0.043847978 -0.255636126 0.599488914 0.023236865 0.670823574 0.254241735 0.696288049
1403715285212143104.000000 0.046465516 -0.257436186 0.600581467 0.021872131 0.677398443 0.260191083 0.687716186
1403715285262143232.000000 0.047648549 -0.259665817 0.601760447 0.020662589 0.682636499 0.266631514 0.680064917
1403715285312143104.000000 0.048657417 -0.261370331 0.601468623 0.019543899 0.685930073 0.274115056 0.673779666
1403715285362142976.000000 0.048883200 -0.263682365 0.601750731 0.018274447 0.688560486 0.281422287 0.668095827
1403715285412143104.000000 0.050269485 -0.268666476 0.600444674 0.015389309 0.689996541 0.287804782 0.663955152
1403715285462142976.000000 0.051629126 -0.277107209 0.598342121 0.012416212 0.691507578 0.292647034 0.660318851
1403715285512143104.000000 0.052866936 -0.285526276 0.595345974 0.010769019 0.692517161 0.296544135 0.657545149
1403715285562142976.000000 0.053772092 -0.293609977 0.591121852 0.011773565 0.693347514 0.299716145 0.655210555
1403715285612143360.000000 0.054064929 -0.301316798 0.585870624 0.013253486 0.693966568 0.301795214 0.653570473
1403715285662142976.000000 0.055902183 -0.310715497 0.580375075 0.012651086 0.694607496 0.303336561 0.652186573
1403715285712143104.000000 0.056986153 -0.318895578 0.574671149 0.013093216 0.695102155 0.304752380 0.650989771
1403715285762143232.000000 0.057745576 -0.324850112 0.568031013 0.013705249 0.696598589 0.303084522 0.650155723
1403715285812143104.000000 0.061470985 -0.333588898 0.560969114 0.012229074 0.697830617 0.302198380 0.649275839
1403715285862142976.000000 0.064954340 -0.341419011 0.555460215 0.008188641 0.699807227 0.299666911 0.648384631
1403715285912143104.000000 0.067090333 -0.347284943 0.546797097 0.004181271 0.701256454 0.296173275 0.648462296
1403715285962142976.000000 0.070237815 -0.352544188 0.540226758 -0.000804892 0.702466905 0.293864995 0.648215353
1403715286012143104.000000 0.072662532 -0.355931550 0.533296525 -0.004699237 0.703752875 0.290117353 0.648491859
1403715286062142976.000000 0.075767398 -0.361402035 0.525823414 -0.008885829 0.704771161 0.287745774 0.648398936
1403715286112143360.000000 0.080143690 -0.365779489 0.519405484 -0.010441703 0.705314279 0.287277639 0.647992551
1403715286162142976.000000 0.083529234 -0.369331896 0.512668490 -0.009091608 0.705081940 0.288735360 0.647617698
1403715286212143104.000000 0.087379873 -0.372763306 0.505272627 -0.007376427 0.704336107 0.291726917 0.647110224
1403715286262143232.000000 0.092313111 -0.376853973 0.499371231 -0.006933554 0.703927815 0.293308854 0.646844208
1403715286312143104.000000 0.097023010 -0.379918009 0.492975116 -0.007578171 0.704155803 0.292448282 0.646978617
1403715286362142976.000000 0.102750301 -0.385003030 0.486196816 -0.008746264 0.704691827 0.291477859 0.646818101
1403715286412143104.000000 0.108396709 -0.386481881 0.479744792 -0.008819287 0.705133438 0.290293336 0.646868587
1403715286462142976.000000 0.114016473 -0.388930112 0.474428862 -0.009865286 0.705997109 0.288181365 0.646855652
1403715286512143104.000000 0.120102286 -0.392026186 0.468166888 -0.011243083 0.706761599 0.286844462 0.646592498
1403715286562142976.000000 0.126486599 -0.394035071 0.462504953 -0.010821660 0.707898676 0.284966260 0.646186233
1403715286612143360.000000 0.133077025 -0.395732641 0.455480874 -0.009012489 0.709329724 0.284482896 0.644856334
1403715286662142976.000000 0.140884697 -0.398370028 0.450401396 -0.006905352 0.712783933 0.283000380 0.641718209
1403715286712143104.000000 0.148108363 -0.400470406 0.444387138 -0.003247917 0.717207193 0.280615479 0.637854457
1403715286762143232.000000 0.155211926 -0.401814371 0.437741637 -0.001286537 0.721939087 0.279618442 0.632942259
1403715286812143104.000000 0.162984490 -0.403762043 0.432634056 -0.002452408 0.726133645 0.281346202 0.627350271
1403715286862142976.000000 0.169655085 -0.403114438 0.428287894 -0.004582196 0.728962183 0.284449518 0.622640908
1403715286912143104.000000 0.175843894 -0.404503137 0.422977686 -0.008551302 0.731024981 0.287752837 0.618649900
1403715286962142976.000000 0.182527959 -0.404882759 0.418508768 -0.011339603 0.733235657 0.290355504 0.614760697
1403715287012143104.000000 0.189491928 -0.405809224 0.414347321 -0.013992746 0.735555768 0.291780382 0.611249685
1403715287062142976.000000 0.197438061 -0.407705337 0.411185980 -0.015454623 0.737748265 0.292971671 0.607993662
1403715287112143360.000000 0.204776466 -0.410133719 0.407719493 -0.017031863 0.740036011 0.292705417 0.605293572
1403715287162142976.000000 0.212590635 -0.411361188 0.403830349 -0.015715940 0.742492974 0.291222990 0.603030920
1403715287212143104.000000 0.219894856 -0.413375586 0.399246573 -0.012920902 0.744888723 0.288653433 0.601375937
1403715287262143232.000000 0.229617387 -0.413828999 0.396440923 -0.011290878 0.747339487 0.285905063 0.599678695
1403715287312143104.000000 0.237078458 -0.416370243 0.393249422 -0.008325438 0.748854280 0.284262300 0.598617554
1403715287362142976.000000 0.245857179 -0.417743146 0.391919464 -0.006549600 0.750198841 0.283178777 0.597468555
1403715287412143104.000000 0.255409539 -0.420559704 0.389281094 -0.004207880 0.750184059 0.284430444 0.596913397
1403715287462142976.000000 0.262551397 -0.423889756 0.387655020 -0.000014673 0.749982536 0.287117779 0.595893919
1403715287512143104.000000 0.269924700 -0.426214933 0.385947943 0.003565323 0.750302315 0.289972305 0.594095826
1403715287562142976.000000 0.277979493 -0.429505557 0.383078814 0.006528898 0.751403153 0.293729097 0.590824783
1403715287612143360.000000 0.286238730 -0.432599902 0.380716383 0.009339911 0.753309488 0.298913062 0.585737705
1403715287662142976.000000 0.294114441 -0.435357034 0.377943546 0.011789995 0.756384850 0.303289443 0.579446793
1403715287712143104.000000 0.301195443 -0.437124848 0.374137402 0.013873249 0.760507643 0.307044566 0.571978390
1403715287762143232.000000 0.309108585 -0.440660864 0.371338904 0.014169723 0.765768707 0.309729517 0.563440442
1403715287812143104.000000 0.315745294 -0.442083359 0.366944879 0.013886583 0.772234857 0.310148746 0.554317951
1403715287862142976.000000 0.322599828 -0.446706682 0.362098157 0.012939336 0.779075623 0.310978770 0.544211507
1403715287912143104.000000 0.327415168 -0.447578996 0.356229782 0.012400571 0.786862910 0.310386747 0.533247769
1403715287962142976.000000 0.334385335 -0.449795514 0.352204353 0.010851806 0.795435965 0.309725702 0.520801127
1403715288012143104.000000 0.337695837 -0.452884853 0.343668222 0.010083090 0.802863359 0.310558856 0.508784890
1403715288062142976.000000 0.343120098 -0.453167915 0.338406265 0.010455119 0.810625136 0.310750544 0.496197402
1403715288112143360.000000 0.347762346 -0.457298726 0.332855254 0.009786471 0.816864550 0.312443703 0.484783977
1403715288162142976.000000 0.351596832 -0.457947105 0.327235281 0.009317338 0.821923137 0.313761085 0.475299567
1403715288212143104.000000 0.354643941 -0.457326084 0.322151423 0.008554853 0.825907171 0.315200716 0.467389315
1403715288262143232.000000 0.358185112 -0.456355423 0.317948282 0.007832793 0.829060555 0.317433804 0.460253328
1403715288312143104.000000 0.360813856 -0.454632640 0.314590901 0.005809769 0.832083642 0.317953855 0.454432100
1403715288362142976.000000 0.363499582 -0.450726241 0.311267138 0.004859231 0.833860099 0.319054961 0.450397342
1403715288412143104.000000 0.364640117 -0.445723712 0.308968216 0.005762388 0.835059583 0.320296019 0.447272629
1403715288462142976.000000 0.367001474 -0.443486929 0.307536066 0.006094333 0.835973203 0.321606427 0.444613457
1403715288512143104.000000 0.369769216 -0.440010488 0.304846466 0.006160868 0.836876929 0.321485937 0.442996472
1403715288562142976.000000 0.370611012 -0.437035680 0.301180243 0.007328047 0.836776018 0.322750777 0.442249030
1403715288612143360.000000 0.371828914 -0.437584400 0.297121018 0.008485905 0.836628675 0.323457509 0.441990674
1403715288662142976.000000 0.372995853 -0.439128876 0.292523056 0.008960427 0.836201489 0.324933171 0.441707104
1403715288712143104.000000 0.373991013 -0.441014588 0.288841456 0.008822864 0.836471498 0.324198872 0.441738427
1403715288762143232.000000 0.372556746 -0.443301231 0.283364505 0.006030350 0.836279035 0.323609352 0.442581147
1403715288812143104.000000 0.373653889 -0.443664342 0.278320432 0.003728838 0.836277485 0.322990805 0.443060994
1403715288862142976.000000 0.372389615 -0.442824513 0.273063004 0.000851884 0.836599529 0.322013050 0.443179637
1403715288912143104.000000 0.372545242 -0.441055238 0.269654274 -0.003058093 0.837882936 0.320852309 0.441584378
1403715288962142976.000000 0.371892750 -0.439142287 0.266393542 -0.005762291 0.839353621 0.320485413 0.439023376
1403715289012143104.000000 0.370051801 -0.435948312 0.262449473 -0.007297794 0.840421736 0.322207242 0.435684144
1403715289062142976.000000 0.371205747 -0.431071967 0.260432303 -0.009144693 0.842348278 0.323822290 0.430702925
1403715289112143360.000000 0.369369626 -0.424352318 0.259102136 -0.010933316 0.844493330 0.325231701 0.425365627
1403715289162142976.000000 0.368942440 -0.415663749 0.257943600 -0.013152365 0.846692085 0.325896055 0.420394450
1403715289212143104.000000 0.368457198 -0.408639938 0.256553382 -0.015481343 0.848980248 0.326320797 0.415340394
1403715289262143232.000000 0.368077695 -0.401370317 0.254875660 -0.016835397 0.850692511 0.327780604 0.410607785
1403715289312143104.000000 0.368566215 -0.392137200 0.254124284 -0.019072160 0.853162229 0.328347832 0.404892832
1403715289362142976.000000 0.368836284 -0.383535326 0.254198313 -0.020238599 0.856125951 0.329025090 0.397971481
1403715289412143104.000000 0.368981183 -0.375334233 0.254061878 -0.021446699 0.858747423 0.330871642 0.390662074
1403715289462142976.000000 0.369532526 -0.366019994 0.253621668 -0.021385614 0.861420870 0.333567262 0.382399797
1403715289512143104.000000 0.370490491 -0.357760519 0.254156321 -0.022386925 0.864127040 0.336501807 0.373563826
1403715289562142976.000000 0.371503770 -0.349205554 0.254944205 -0.022746105 0.867179692 0.338650674 0.364414185
1403715289612143360.000000 0.372252762 -0.338166773 0.253774077 -0.021941606 0.869290948 0.341982663 0.356229782
1403715289662142976.000000 0.374299169 -0.328356951 0.255248010 -0.022983087 0.871084332 0.345150620 0.348647296
1403715289712143104.000000 0.375524402 -0.318474591 0.256000310 -0.022192219 0.872313201 0.347942770 0.342801780
1403715289762143232.000000 0.378258049 -0.309194267 0.256139725 -0.022426739 0.873592854 0.348998368 0.338427037
1403715289812143104.000000 0.380553901 -0.300837934 0.256731808 -0.021979427 0.874364674 0.349725366 0.335701436
1403715289862142976.000000 0.384647667 -0.294372648 0.256669343 -0.021050734 0.875035524 0.349748492 0.333984584
1403715289912143104.000000 0.388762176 -0.288072944 0.256182551 -0.018778201 0.875260174 0.349750787 0.333528817
1403715289962142976.000000 0.392709374 -0.283219814 0.255165398 -0.018284461 0.874748588 0.350396633 0.334219843
1403715290012143104.000000 0.397113860 -0.280399352 0.253800064 -0.017918497 0.874002993 0.350905865 0.335652858
1403715290062142976.000000 0.401882589 -0.278719068 0.251519322 -0.017864084 0.873430371 0.350110322 0.337969035
1403715290112143360.000000 0.407398403 -0.278045923 0.248431608 -0.017961087 0.873349428 0.347536534 0.340817481
1403715290162142976.000000 0.412906170 -0.278792858 0.244921610 -0.018514648 0.872359097 0.346412718 0.344449133
1403715290212143104.000000 0.419611514 -0.278758734 0.241388425 -0.020315574 0.870811582 0.346660972 0.347995251
1403715290262143232.000000 0.424916863 -0.282100856 0.237610832 -0.021223631 0.868609309 0.348852545 0.351239890
1403715290312143104.000000 0.431955397 -0.285038412 0.234489799 -0.021784587 0.866741478 0.350586534 0.354081601
1403715290362142976.000000 0.440265656 -0.285971999 0.230341822 -0.022309335 0.864741325 0.352642447 0.356886744
1403715290412143104.000000 0.447290391 -0.287062377 0.225653052 -0.020476133 0.862367630 0.356161684 0.359237820
1403715290462142976.000000 0.455499768 -0.288078696 0.221694231 -0.019745758 0.860391259 0.359308094 0.360880673
1403715290512143104.000000 0.464292914 -0.288912445 0.218116239 -0.017969839 0.860053301 0.358880520 0.362201869
1403715290562142976.000000 0.473563522 -0.290737152 0.214095667 -0.017563017 0.860464096 0.357132643 0.362972885
1403715290612143360.000000 0.483895779 -0.290988415 0.210201696 -0.015102680 0.861585796 0.354360193 0.363140106
1403715290662142976.000000 0.492512196 -0.291625082 0.205467850 -0.012842729 0.861793220 0.354088038 0.363000363
1403715290712143104.000000 0.502118349 -0.289331675 0.200519711 -0.011865661 0.863398671 0.350452602 0.362746447
1403715290762143232.000000 0.511878192 -0.288637131 0.196202219 -0.011569258 0.865137160 0.346718997 0.362201571
1403715290812143104.000000 0.522378206 -0.288277775 0.191216558 -0.009727927 0.866404951 0.344498634 0.361342728
1403715290862142976.000000 0.533404946 -0.288403779 0.186151236 -0.007553647 0.866635919 0.344893456 0.360463142
1403715290912143104.000000 0.544307590 -0.287261248 0.182011902 -0.006777297 0.866802812 0.345717758 0.359285772
1403715290962142976.000000 0.552697062 -0.286307693 0.176865906 -0.003373855 0.867320895 0.345862180 0.357942075
1403715291012143104.000000 0.563635707 -0.284389257 0.172832906 0.001539706 0.868337750 0.345690370 0.355647892
1403715291062142976.000000 0.572739244 -0.282936841 0.167759001 0.007794832 0.868851364 0.346579045 0.353439748
1403715291112143360.000000 0.583407164 -0.280472189 0.163590014 0.013273990 0.869432688 0.348107487 0.350331038
1403715291162142976.000000 0.593661785 -0.279969245 0.159384996 0.018267088 0.870131195 0.349451274 0.347018570
1403715291212143104.000000 0.601990402 -0.278658420 0.154210716 0.022394817 0.871091604 0.350342363 0.343450308
1403715291262143232.000000 0.609878540 -0.274904549 0.149137229 0.025237950 0.872320414 0.350786090 0.339660704
1403715291312143104.000000 0.618341327 -0.271633208 0.143132210 0.026154006 0.873492777 0.351698309 0.335610956
1403715291362142976.000000 0.624314964 -0.266882688 0.137574464 0.026895123 0.874995053 0.351708680 0.331604153
1403715291412143104.000000 0.631343067 -0.262954921 0.132111371 0.026749803 0.876069903 0.353113800 0.327256382
1403715291462142976.000000 0.637603402 -0.258708715 0.125852674 0.025723103 0.877313912 0.354701668 0.322250426
1403715291512143104.000000 0.643428385 -0.254671574 0.119822681 0.022553062 0.877992094 0.357509226 0.317503452
1403715291562142976.000000 0.645939887 -0.249253348 0.113191843 0.021920370 0.878660262 0.360268444 0.312541753
1403715291612143360.000000 0.651403368 -0.243448645 0.106830865 0.021281777 0.879405797 0.362821549 0.307494879
1403715291662142976.000000 0.655999660 -0.238372564 0.101191014 0.021564877 0.880327642 0.364825189 0.302424937
1403715291712143104.000000 0.656921446 -0.231170446 0.092129707 0.022306710 0.880681753 0.366888702 0.298822463
1403715291762143232.000000 0.660996139 -0.225440562 0.084449887 0.018410176 0.881949067 0.367225260 0.294911087
1403715291812143104.000000 0.664070606 -0.219437942 0.076100528 0.013736829 0.883386135 0.366533548 0.291708022
1403715291862142976.000000 0.666133046 -0.213000551 0.068206787 0.004875257 0.885212302 0.364299059 0.289243221
1403715291912143104.000000 0.668876171 -0.205023676 0.059036672 -0.003306817 0.886700213 0.362391740 0.287095904
1403715291962142976.000000 0.670576930 -0.196795046 0.050946981 -0.007004865 0.887567103 0.361513644 0.285453320
1403715292012143104.000000 0.673883617 -0.190003708 0.041740865 -0.011313635 0.887983620 0.361425996 0.284127474
1403715292062142976.000000 0.675352275 -0.183257714 0.030661166 -0.013091546 0.887730241 0.362021446 0.284084707
1403715292112143360.000000 0.678282976 -0.176201761 0.021817595 -0.013854201 0.887321472 0.361904442 0.285471439
1403715292162142976.000000 0.682476044 -0.167402834 0.012952924 -0.014493736 0.886314273 0.361716449 0.288787603
1403715292212143104.000000 0.686397433 -0.160541266 0.003920078 -0.015657848 0.884812117 0.360920459 0.294276685
1403715292262143232.000000 0.691245139 -0.152095050 -0.004572332 -0.016691789 0.882776320 0.360028386 0.301342100
1403715292312143104.000000 0.694890440 -0.144608021 -0.013237536 -0.017732408 0.879859149 0.359303653 0.310538828
1403715292362142976.000000 0.701194286 -0.138569146 -0.023595214 -0.021170130 0.876634538 0.358236521 0.320515692
1403715292412143104.000000 0.705467463 -0.130011111 -0.031883419 -0.021031532 0.873348355 0.356015265 0.331773221
1403715292462142976.000000 0.710851729 -0.124740094 -0.042546749 -0.023665747 0.868463039 0.355926603 0.344279200
1403715292512143104.000000 0.718600571 -0.116448432 -0.050675094 -0.022596486 0.864895880 0.352274746 0.356857210
1403715292562142976.000000 0.724551678 -0.110460162 -0.061017632 -0.020704210 0.861306071 0.346445411 0.371077955
1403715292612143360.000000 0.731745541 -0.104131341 -0.070378602 -0.019598551 0.857906997 0.338813931 0.385767609
1403715292662142976.000000 0.738814592 -0.100535750 -0.080717087 -0.018375393 0.855053484 0.327991486 0.401207566
1403715292712143104.000000 0.747353733 -0.093837112 -0.089767456 -0.017997453 0.850969434 0.319646955 0.416356862
1403715292762143232.000000 0.754643559 -0.091227055 -0.099510491 -0.018072248 0.846143842 0.311592042 0.432000637
1403715292812143104.000000 0.762754679 -0.085844338 -0.107697427 -0.017891137 0.840946972 0.304215193 0.447147906
1403715292862142976.000000 0.771980584 -0.082813650 -0.114212275 -0.018315339 0.834673584 0.300278604 0.461321354
1403715292912143104.000000 0.781004548 -0.082461655 -0.121773362 -0.018852437 0.826523781 0.300361425 0.475695342
1403715292962142976.000000 0.787330151 -0.083130270 -0.129091442 -0.016102349 0.818104863 0.301300853 0.489553839
1403715293012143104.000000 0.795488358 -0.086564541 -0.137374341 -0.011844351 0.810054898 0.301781684 0.502592027
1403715293062142976.000000 0.802649260 -0.092104256 -0.145142615 -0.007821661 0.802087784 0.301777273 0.515290737
1403715293112143360.000000 0.812895298 -0.095651299 -0.151259542 -0.003195080 0.795110524 0.300457567 0.526796401
1403715293162142976.000000 0.818706810 -0.102075905 -0.163679898 -0.000042416 0.786416113 0.300991505 0.539401412
1403715293212143104.000000 0.827839017 -0.108042359 -0.168922842 0.001155986 0.779510379 0.299857080 0.549952805
1403715293262143232.000000 0.835595846 -0.112398356 -0.175713181 0.004563625 0.772791982 0.297537297 0.560574174
1403715293312143104.000000 0.843223751 -0.116918415 -0.182905257 0.006277896 0.766814709 0.293348521 0.570878744
1403715293362142976.000000 0.849911511 -0.124232709 -0.193227053 0.008323712 0.760451913 0.289288789 0.581339598
1403715293412143104.000000 0.857544065 -0.126825094 -0.199973702 0.013156975 0.755139530 0.283445925 0.590973437
1403715293462142976.000000 0.864539206 -0.133394122 -0.204475939 0.014977436 0.750326216 0.278547943 0.599330842
1403715293512143104.000000 0.869621515 -0.137535036 -0.212899983 0.015644265 0.743804514 0.276356488 0.608389080
1403715293562142976.000000 0.875441253 -0.142763585 -0.221373022 0.015708556 0.736934125 0.275774002 0.616952300
1403715293612143360.000000 0.880306959 -0.146494955 -0.227319002 0.014697546 0.730631292 0.275189012 0.624686301
1403715293662142976.000000 0.885229766 -0.153008789 -0.233469009 0.011741788 0.724160552 0.276172101 0.631809115
1403715293712143104.000000 0.889671624 -0.157598674 -0.242337227 0.010192170 0.717656314 0.275251061 0.639611185
1403715293762143232.000000 0.893989325 -0.160440981 -0.248063445 0.008888577 0.711518943 0.274793565 0.646645486
1403715293812143104.000000 0.897393882 -0.165244758 -0.255486250 0.007284568 0.705339253 0.273497343 0.653944075
1403715293862142976.000000 0.901186764 -0.171328783 -0.261460543 0.006258951 0.699055612 0.272773683 0.660966456
1403715293912143104.000000 0.904564977 -0.176298320 -0.269298375 0.005391887 0.692205250 0.272049308 0.668440044
1403715293962142976.000000 0.907910705 -0.180250317 -0.280197203 0.005191272 0.685121357 0.269875497 0.676571548
1403715294012143104.000000 0.910990655 -0.183549106 -0.288200378 0.005719233 0.678128839 0.266984463 0.684710205
1403715294062142976.000000 0.914737582 -0.186516851 -0.293521643 0.005614619 0.671250522 0.264047831 0.692582190
1403715294112143360.000000 0.918168962 -0.185199589 -0.297105730 0.008083770 0.664624512 0.259689122 0.700550139
1403715294162142976.000000 0.921584606 -0.184844881 -0.304084063 0.011205165 0.657324374 0.255832911 0.708765626
1403715294212143104.000000 0.925213873 -0.182589114 -0.308349669 0.014508913 0.650317490 0.251676589 0.716613948
1403715294262143232.000000 0.927686512 -0.179809123 -0.314008117 0.017078631 0.642250359 0.248577699 0.724866867
1403715294312143104.000000 0.929478168 -0.175293714 -0.315582126 0.019161945 0.635046065 0.245130152 0.732298195
1403715294362142976.000000 0.932217240 -0.168131083 -0.319378465 0.020107547 0.627053916 0.242021814 0.740151703
1403715294412143104.000000 0.933666706 -0.160356551 -0.323657006 0.021439236 0.618782580 0.238563582 0.748154998
1403715294462142976.000000 0.935486555 -0.152530223 -0.326542616 0.021524670 0.610917389 0.234452933 0.755876005
1403715294512143104.000000 0.936370611 -0.143481791 -0.327612609 0.021072801 0.603351474 0.229765743 0.763368011
1403715294562142976.000000 0.936492682 -0.133016586 -0.332488149 0.019282486 0.593697846 0.227687702 0.771562994
1403715294612143360.000000 0.936103761 -0.128015190 -0.338222563 0.014509311 0.583561301 0.227015972 0.779557168
1403715294662142976.000000 0.936101317 -0.116366759 -0.339195430 0.009775210 0.574876487 0.223114461 0.787173092
1403715294712143104.000000 0.935353696 -0.106958568 -0.341649413 0.004549935 0.565740108 0.219839767 0.794725060
1403715294762143232.000000 0.935030699 -0.097235233 -0.344737381 0.000880246 0.556628764 0.216209441 0.802132845
1403715294812143104.000000 0.934828162 -0.086254463 -0.347798944 -0.001187250 0.547272682 0.212526113 0.809520841
1403715294862142976.000000 0.934214294 -0.078580692 -0.350978076 -0.003143305 0.538251340 0.208749905 0.816516459
1403715294912143104.000000 0.934514046 -0.070415065 -0.354470134 -0.003711915 0.529510677 0.204279304 0.823331475
1403715294962142976.000000 0.934961915 -0.063894391 -0.357010394 -0.002477801 0.521575749 0.198544562 0.829778671
1403715295012143104.000000 0.936132789 -0.056645900 -0.358351022 -0.000064015 0.513467610 0.193451017 0.836018980
1403715295062142976.000000 0.935937643 -0.050810620 -0.362650931 0.002078363 0.504246771 0.189770639 0.842447639
1403715295112143360.000000 0.935869336 -0.044247851 -0.363558114 0.007135814 0.495268732 0.186927378 0.848360837
1403715295162142976.000000 0.936261177 -0.038708776 -0.363583267 0.011865328 0.486812770 0.184067175 0.853810251
1403715295212143104.000000 0.936025918 -0.033732951 -0.365640312 0.016434345 0.477848262 0.181301370 0.859372377
1403715295262143232.000000 0.935107827 -0.029468328 -0.367813945 0.019228529 0.468489438 0.179308027 0.864867926
1403715295312143104.000000 0.935845733 -0.026144296 -0.370744944 0.020398812 0.458701164 0.175755903 0.870796740
1403715295362142976.000000 0.934079528 -0.023218788 -0.374161333 0.018985271 0.447632551 0.172791079 0.877158999
1403715295412143104.000000 0.933680296 -0.023696482 -0.378969669 0.017340807 0.436414421 0.169298068 0.883504391
1403715295462142976.000000 0.932557464 -0.023534730 -0.382902026 0.016042739 0.425174654 0.164632961 0.889868021
1403715295512143104.000000 0.930515409 -0.024537653 -0.387521267 0.014812401 0.414282680 0.159664080 0.895911753
1403715295562142976.000000 0.928663969 -0.023646839 -0.392341733 0.013440363 0.404985577 0.152822971 0.901360750
1403715295612143360.000000 0.926225185 -0.023608208 -0.397388995 0.012561152 0.396509707 0.148252070 0.905893862
1403715295662142976.000000 0.926073670 -0.020881236 -0.399368376 0.012741256 0.389925539 0.143352926 0.909530520
1403715295712143104.000000 0.925608277 -0.015250184 -0.401225686 0.014074620 0.383940846 0.139511853 0.912648797
1403715295762143232.000000 0.922333598 -0.009754129 -0.403183520 0.015232347 0.377957761 0.135881290 0.915670335
1403715295812143104.000000 0.919251800 -0.007250790 -0.404193580 0.016526055 0.371185422 0.134446561 0.918625355
1403715295862142976.000000 0.917854190 0.000375178 -0.405835688 0.020799765 0.364040256 0.132584155 0.921663463
1403715295912143104.000000 0.914939165 0.007079437 -0.405826211 0.023151025 0.356825262 0.131613076 0.924563587
1403715295962142976.000000 0.911104083 0.015514679 -0.409817845 0.027659273 0.348681211 0.130753338 0.927663743
1403715296012143104.000000 0.908773899 0.022675885 -0.412343174 0.030462975 0.341528565 0.130797893 0.930226982
1403715296062142976.000000 0.905210376 0.030360663 -0.414730817 0.031768382 0.334633321 0.133243725 0.932339787
1403715296112143360.000000 0.902466059 0.037086021 -0.415090382 0.029760161 0.328532904 0.137160257 0.934006155
1403715296162142976.000000 0.898935437 0.051465780 -0.421135336 0.027470846 0.321074963 0.139340743 0.936344206
1403715296212143104.000000 0.895754576 0.059183862 -0.423383832 0.021446183 0.315095663 0.140411332 0.938370645
1403715296262143232.000000 0.892950296 0.068959422 -0.427306026 0.016183527 0.308344126 0.141083866 0.940615475
1403715296312143104.000000 0.890542746 0.079843156 -0.431158006 0.008181189 0.301394701 0.141194046 0.942952037
1403715296362142976.000000 0.888320804 0.088229604 -0.434404016 0.000328354 0.295470417 0.139725357 0.945078850
1403715296412143104.000000 0.886439562 0.097224735 -0.440170765 -0.003414212 0.288201481 0.138488680 0.947496235
1403715296462142976.000000 0.885522485 0.104011700 -0.445406646 -0.004272612 0.281169206 0.137669772 0.949722409
1403715296512143104.000000 0.886278689 0.107903019 -0.450933099 -0.005813712 0.274492085 0.137640700 0.951669812
1403715296562142976.000000 0.889311969 0.108989283 -0.457913488 -0.006873103 0.268841296 0.135734752 0.953547716
1403715296612143360.000000 0.891111791 0.110580862 -0.462249577 -0.006943782 0.266514540 0.130928859 0.954871416
1403715296662142976.000000 0.895409644 0.115010940 -0.469377071 -0.002767993 0.264121085 0.124731950 0.956386149
1403715296712143104.000000 0.899557412 0.115544215 -0.474830031 -0.000387583 0.262290418 0.120187692 0.957475126
1403715296762143232.000000 0.903571367 0.117456906 -0.480617851 0.002191343 0.260529876 0.117088154 0.958337009
1403715296812143104.000000 0.908511817 0.118987054 -0.485155493 0.003748719 0.259442091 0.112218603 0.959209442
1403715296862142976.000000 0.912295759 0.121160649 -0.490162939 0.006397609 0.258768648 0.105877206 0.960097849
1403715296912143104.000000 0.918258905 0.124074876 -0.495133400 0.008799631 0.256164640 0.099323034 0.961476624
1403715296962142976.000000 0.922048509 0.126201823 -0.500114083 0.011506033 0.252547413 0.093434870 0.962993979
1403715297012143104.000000 0.926704049 0.127704784 -0.504478037 0.011291749 0.245254308 0.091133311 0.965099812
1403715297062142976.000000 0.930530548 0.130404621 -0.508476853 0.008994597 0.235087842 0.093050987 0.967467964
1403715297112143360.000000 0.934982359 0.130483940 -0.512682199 0.006065170 0.224183828 0.093947507 0.969989002
1403715297162142976.000000 0.939583302 0.135003388 -0.516904235 0.000490912 0.211172178 0.095888503 0.972734034
1403715297212143104.000000 0.943359733 0.137462497 -0.519195735 -0.006344228 0.198144913 0.095800802 0.975459158
1403715297262143232.000000 0.948910654 0.140118271 -0.520577490 -0.010819466 0.184087366 0.095251471 0.978223920
1403715297312143104.000000 0.954300463 0.143557310 -0.522730350 -0.012681626 0.169869557 0.092999697 0.980986536
1403715297362142976.000000 0.959203362 0.146744087 -0.523733199 -0.013732377 0.157218844 0.089051865 0.983444691
1403715297412143104.000000 0.965493560 0.148713097 -0.525378108 -0.013797039 0.145733699 0.081632517 0.985853672
1403715297462142976.000000 0.974905252 0.153155535 -0.525624037 -0.012277681 0.134227693 0.075670108 0.987980902
1403715297512143104.000000 0.983222663 0.156201839 -0.524290204 -0.010810423 0.124210566 0.067825422 0.989876032
1403715297562142976.000000 0.992715597 0.157478005 -0.523979783 -0.010934537 0.114025466 0.063375086 0.991394162
1403715297612143360.000000 1.002835870 0.160235420 -0.522508085 -0.012592216 0.103285693 0.061352096 0.992677987
1403715297662142976.000000 1.012244701 0.164318860 -0.519393742 -0.013883367 0.093638971 0.059168126 0.993749619
1403715297712143104.000000 1.022896767 0.164427966 -0.517244041 -0.015106216 0.083513647 0.059922282 0.994588673
1403715297762143232.000000 1.033321857 0.166221470 -0.513097942 -0.014470420 0.074003361 0.059590876 0.995370865
1403715297812143104.000000 1.045286655 0.166796476 -0.508295417 -0.008592272 0.065225832 0.057797916 0.996158183
1403715297862142976.000000 1.059333801 0.164740637 -0.503526807 -0.001261267 0.055603765 0.055278078 0.996920764
1403715297912143104.000000 1.072434545 0.165698081 -0.497211248 0.008801504 0.047324907 0.051158521 0.997529864
1403715297962142976.000000 1.085876226 0.162602603 -0.492748737 0.020892667 0.038167316 0.048675705 0.997866452
1403715298012143104.000000 1.100346327 0.160919994 -0.487018317 0.033517003 0.028334498 0.042833515 0.998117864
1403715298062142976.000000 1.114625573 0.160526350 -0.482076555 0.043717775 0.018709568 0.035147116 0.998250246
1403715298112143360.000000 1.129073858 0.159926996 -0.477486193 0.051169265 0.010237538 0.023278710 0.998366177
1403715298162142976.000000 1.145433307 0.160542578 -0.474459916 0.054109290 0.002282226 0.008293669 0.998498023
1403715298212143104.000000 1.159622550 0.161243647 -0.471478581 0.054048512 -0.004608785 -0.008655502 0.998490214
1403715298262143232.000000 1.173806190 0.162745774 -0.468815595 0.053466998 -0.012116501 -0.024585087 0.998193443
1403715298312143104.000000 1.187177896 0.163019016 -0.467842907 0.051540714 -0.019091496 -0.036298603 0.997828424
1403715298362142976.000000 1.202343822 0.162474006 -0.465687901 0.046699319 -0.026503697 -0.045433830 0.997523189
1403715298412143104.000000 1.215050578 0.163781658 -0.465493739 0.042502511 -0.032171130 -0.052125651 0.997216880
1403715298462142976.000000 1.225767374 0.164188102 -0.465002954 0.038549393 -0.036035698 -0.057781782 0.996933699
1403715298512143104.000000 1.236428976 0.163617492 -0.465179592 0.035724394 -0.038871981 -0.063947186 0.996555805
1403715298562142976.000000 1.246110201 0.164484888 -0.466068357 0.034422241 -0.039205749 -0.070582315 0.996140718
1403715298612143360.000000 1.252608299 0.164555669 -0.467434764 0.034510933 -0.038142551 -0.077741042 0.995645761
1403715298662142976.000000 1.259909272 0.163657352 -0.468829125 0.034739807 -0.037742615 -0.083622232 0.995176375
1403715298712143104.000000 1.263765097 0.162968516 -0.470219105 0.035121426 -0.036064975 -0.087852828 0.994860709
1403715298762143232.000000 1.267261386 0.162015185 -0.472191006 0.036007155 -0.035040215 -0.089372024 0.994730353
1403715298812143104.000000 1.268100381 0.161012754 -0.474861264 0.035163056 -0.035092913 -0.087553278 0.994920373
1403715298862142976.000000 1.267253280 0.159378648 -0.477771550 0.027671902 -0.038563393 -0.076774910 0.995918095
1403715298912143104.000000 1.265032291 0.158193648 -0.481548041 0.019484883 -0.045175601 -0.061950810 0.996865869
1403715298962142976.000000 1.260288835 0.157338068 -0.484757900 0.011622935 -0.052667655 -0.047885068 0.997395694
1403715299012143104.000000 1.255959630 0.154214412 -0.488586932 0.003941416 -0.060466181 -0.039508015 0.997380376
1403715299062142976.000000 1.249986887 0.153037369 -0.491677374 -0.000558435 -0.068195239 -0.033284944 0.997116506
1403715299112143360.000000 1.242763519 0.151215732 -0.493294150 -0.003473804 -0.075501539 -0.031052193 0.996656060
1403715299162142976.000000 1.236568213 0.149468526 -0.495802253 -0.004953432 -0.083138913 -0.030498484 0.996058881
1403715299212143104.000000 1.231911302 0.148424685 -0.495027095 -0.005842696 -0.092134789 -0.030531205 0.995261252
1403715299262143232.000000 1.225946903 0.145649031 -0.495946765 -0.007412358 -0.100729160 -0.032127824 0.994367421
1403715299312143104.000000 1.219950318 0.142316595 -0.495305628 -0.007484506 -0.110350087 -0.034446586 0.993267536
1403715299362142976.000000 1.213470936 0.139951333 -0.493953139 -0.007757986 -0.119917586 -0.036953628 0.992065609
1403715299412143104.000000 1.207232356 0.135114998 -0.490926445 -0.008137142 -0.130467579 -0.039485548 0.990632594
1403715299462142976.000000 1.201544404 0.130310342 -0.488991857 -0.007649375 -0.141566738 -0.042603940 0.988981962
1403715299512143104.000000 1.194872141 0.127142847 -0.485540599 -0.004534557 -0.152983382 -0.046138294 0.987140775
1403715299562142976.000000 1.187610149 0.123220630 -0.480868280 -0.001766782 -0.164860606 -0.050677396 0.985012591
1403715299612143360.000000 1.181649208 0.119130425 -0.476227880 0.002436405 -0.176835358 -0.055251926 0.982685387
1403715299662142976.000000 1.176199913 0.115202561 -0.470839918 0.004762849 -0.190261394 -0.059724469 0.979903519
1403715299712143104.000000 1.169465184 0.110355511 -0.464983970 0.007193483 -0.203539729 -0.063896567 0.976952970
1403715299762143232.000000 1.164170861 0.106872857 -0.458535403 0.008166878 -0.217232481 -0.069652632 0.973597407
1403715299812143104.000000 1.157825351 0.103082463 -0.451265186 0.010482071 -0.231751189 -0.073655747 0.969925940
1403715299862142976.000000 1.152202725 0.099021852 -0.443963528 0.011170815 -0.246303439 -0.078438744 0.965948880
1403715299912143104.000000 1.146979690 0.094702885 -0.436893702 0.012981658 -0.260310471 -0.084706701 0.961714506
1403715299962142976.000000 1.142763615 0.090109043 -0.428001642 0.014729139 -0.275124311 -0.090557560 0.957020938
1403715300012143104.000000 1.138898730 0.084842086 -0.423195839 0.015517393 -0.287695944 -0.095996849 0.952772200
1403715300062142976.000000 1.133127570 0.080755860 -0.414857864 0.020838948 -0.298138469 -0.101219848 0.948911905
1403715300112143360.000000 1.128559709 0.076579660 -0.405505657 0.026066707 -0.307699293 -0.104636878 0.945353329
1403715300162142976.000000 1.124544740 0.072639190 -0.396475613 0.032078899 -0.314484686 -0.110587068 0.942253113
1403715300212143104.000000 1.122788310 0.068565615 -0.386979371 0.037983276 -0.319365829 -0.118349090 0.939444721
1403715300262143232.000000 1.118397355 0.065414004 -0.378595531 0.044891987 -0.322990865 -0.123497866 0.937235296
1403715300312143104.000000 1.115185499 0.060905866 -0.369628966 0.048849788 -0.327875614 -0.123739496 0.935307384
1403715300362142976.000000 1.111626744 0.055871680 -0.361380637 0.051172704 -0.332090616 -0.121407554 0.934000731
1403715300412143104.000000 1.108385205 0.052530646 -0.354037166 0.052683156 -0.335798532 -0.117643267 0.933072329
1403715300462142976.000000 1.105974317 0.048432104 -0.347336829 0.053014580 -0.338379234 -0.113912873 0.932583988
1403715300512143104.000000 1.103078246 0.045321167 -0.341128826 0.053486615 -0.339347720 -0.112774752 0.932343423
1403715300562142976.000000 1.102506876 0.041964181 -0.334732771 0.052390788 -0.340550601 -0.110549994 0.932233512
1403715300612143360.000000 1.101311207 0.037600301 -0.329970300 0.050173994 -0.340122104 -0.109737135 0.932607830
1403715300662142976.000000 1.099064589 0.034697950 -0.325180411 0.048668560 -0.338750601 -0.109100692 0.933261156
1403715300712143104.000000 1.098805308 0.031454794 -0.319887877 0.046715364 -0.338111401 -0.107750282 0.933749557
1403715300762143232.000000 1.099819779 0.029594190 -0.314969629 0.046659861 -0.336939573 -0.106216170 0.934351504
1403715300812143104.000000 1.101902366 0.026724182 -0.310913265 0.047704726 -0.335316151 -0.106310658 0.934871912
1403715300862142976.000000 1.104638457 0.025059432 -0.306313038 0.049653716 -0.333118081 -0.107607596 0.935407698
1403715300912143104.000000 1.105735183 0.024391577 -0.302618891 0.051743306 -0.329829276 -0.110171035 0.936161160
1403715300962142976.000000 1.108715057 0.022990547 -0.299393445 0.053847697 -0.327015013 -0.113626972 0.936616600
1403715301012143104.000000 1.111307144 0.022121295 -0.296286762 0.055256531 -0.324385196 -0.115637310 0.937202752
1403715301062142976.000000 1.114790201 0.020301230 -0.294601738 0.057139099 -0.321771473 -0.117473640 0.937762380
1403715301112143360.000000 1.118175149 0.019953206 -0.292316020 0.060980596 -0.319476157 -0.119112745 0.938098431
1403715301162142976.000000 1.120956779 0.019892789 -0.291089386 0.064895615 -0.316604108 -0.121635802 0.938485622
1403715301212143104.000000 1.125785351 0.018943228 -0.290361822 0.068940751 -0.314334780 -0.124376483 0.938600779
1403715301262143232.000000 1.129732728 0.019695595 -0.290478885 0.071633756 -0.312347263 -0.127120957 0.938694894
1403715301312143104.000000 1.134628654 0.020390458 -0.292291313 0.073835075 -0.311357051 -0.128661975 0.938643396
1403715301362142976.000000 1.137987733 0.023415476 -0.293975711 0.075625777 -0.310625136 -0.129668444 0.938604772
1403715301412143104.000000 1.142022848 0.025985368 -0.297997415 0.074690416 -0.310625732 -0.129486874 0.938704550
1403715301462142976.000000 1.146026373 0.028803587 -0.302105367 0.070564970 -0.312415153 -0.126281604 0.938866556
1403715301512143104.000000 1.150160551 0.032483570 -0.307698071 0.062818579 -0.314167470 -0.123076193 0.939257681
1403715301562142976.000000 1.155448914 0.038720347 -0.312007517 0.054199155 -0.315612882 -0.119843498 0.939727902
1403715301612143360.000000 1.161191821 0.043589577 -0.318085313 0.044816274 -0.316200078 -0.117867745 0.940274537
1403715301662142976.000000 1.165740967 0.048994303 -0.324320853 0.037567012 -0.316638887 -0.115771174 0.940704882
1403715301712143104.000000 1.170411706 0.054746710 -0.330314577 0.033313956 -0.316010475 -0.114817679 0.941193104
1403715301762143232.000000 1.174403071 0.062615000 -0.335655838 0.032325793 -0.313979536 -0.115761280 0.941791534
1403715301812143104.000000 1.178555608 0.068551883 -0.341363251 0.034117632 -0.311540097 -0.118860379 0.942152381
1403715301862142976.000000 1.184125900 0.074132264 -0.348361880 0.036509737 -0.308918387 -0.122084863 0.942513645
1403715301912143104.000000 1.190495968 0.079249404 -0.354957998 0.037634116 -0.307098091 -0.124340072 0.942769349
1403715301962142976.000000 1.194764018 0.085893206 -0.362307519 0.037175074 -0.305572599 -0.124240398 0.943296194
1403715302012143104.000000 1.198916435 0.092786521 -0.368251264 0.038627878 -0.303840905 -0.125397131 0.943644166
1403715302062142976.000000 1.203161359 0.096965067 -0.377577275 0.038877200 -0.301696718 -0.126880750 0.944123387
1403715302112143360.000000 1.207605362 0.102270134 -0.385349542 0.037696283 -0.300028265 -0.128232211 0.944520295
1403715302162142976.000000 1.211567521 0.108209416 -0.394044101 0.035171364 -0.297762305 -0.130011916 0.945091248
1403715302212143104.000000 1.214637518 0.113761932 -0.402450681 0.033089470 -0.295424223 -0.131440654 0.945702434
1403715302262143232.000000 1.217509270 0.118581027 -0.411127865 0.029900581 -0.293147326 -0.133180648 0.946273506
1403715302312143104.000000 1.220160961 0.123854280 -0.420669556 0.028585698 -0.290602535 -0.135147318 0.946820140
1403715302362142976.000000 1.222478867 0.127909929 -0.430138111 0.027690664 -0.288065583 -0.135996804 0.947500050
1403715302412143104.000000 1.223999143 0.132415920 -0.439994037 0.028175203 -0.285904109 -0.136281878 0.948099315
1403715302462142976.000000 1.223473787 0.137327909 -0.449283719 0.028160557 -0.284739017 -0.133542508 0.948839903
1403715302512143104.000000 1.224096537 0.140322909 -0.460924149 0.025618393 -0.285183936 -0.126859471 0.949694991
1403715302562142976.000000 1.224701643 0.143694609 -0.471644580 0.022251854 -0.285741180 -0.121451370 0.950319171
1403715302612143360.000000 1.222492695 0.147779420 -0.482323468 0.019597894 -0.285674572 -0.116114385 0.951064408
1403715302662142976.000000 1.222204685 0.151503757 -0.492481887 0.017221278 -0.285183966 -0.113425016 0.951582074
1403715302712143104.000000 1.220521450 0.155488759 -0.502866209 0.014369938 -0.285309553 -0.110027775 0.951990485
1403715302762143232.000000 1.219635487 0.159843296 -0.512501001 0.011307226 -0.285414934 -0.107883558 0.952245593
1403715302812143104.000000 1.217454910 0.164413154 -0.521632433 0.006877917 -0.285099983 -0.106468841 0.952541411
1403715302862142976.000000 1.215611935 0.168860152 -0.529534400 0.002544319 -0.284621745 -0.107296407 0.952612996
1403715302912143104.000000 1.214478493 0.173928842 -0.537734151 -0.001255809 -0.286036700 -0.107383355 0.952181876
1403715302962142976.000000 1.211004972 0.177993730 -0.546077371 -0.004688714 -0.288385242 -0.109065145 0.951271176
1403715303012143104.000000 1.209610343 0.182891190 -0.551541030 -0.007015740 -0.292977989 -0.112412363 0.949462116
1403715303062142976.000000 1.207393169 0.186655492 -0.558710575 -0.009172279 -0.299085021 -0.115476824 0.947169006
1403715303112143360.000000 1.203656673 0.190965235 -0.565256059 -0.010278402 -0.306331933 -0.120500259 0.944211245
1403715303162142976.000000 1.199865580 0.194625646 -0.568899035 -0.010208917 -0.315434188 -0.125611126 0.940541863
1403715303212143104.000000 1.195014715 0.198816538 -0.574296117 -0.007525494 -0.325580150 -0.130743325 0.936401188
1403715303262143232.000000 1.189575791 0.201118678 -0.577124000 -0.002071735 -0.337917805 -0.135641843 0.931347787
1403715303312143104.000000 1.183776379 0.204403147 -0.580883265 0.005121216 -0.350225359 -0.141663536 0.925876617
1403715303362142976.000000 1.178893805 0.206684053 -0.583710194 0.011906299 -0.363273352 -0.148385808 0.919713199
1403715303412143104.000000 1.172264814 0.208427995 -0.586247206 0.017835191 -0.375685513 -0.155378535 0.913454950
1403715303462142976.000000 1.168883204 0.210364029 -0.591550589 0.022257136 -0.388808489 -0.162413329 0.906617105
1403715303512143104.000000 1.162482977 0.212394848 -0.594927073 0.024304539 -0.401433259 -0.167722151 0.900072157
1403715303562142976.000000 1.156036973 0.215028256 -0.597708344 0.028509129 -0.413619131 -0.174320653 0.893151104
1403715303612143360.000000 1.149689198 0.216227740 -0.602033377 0.028537834 -0.427625686 -0.177034140 0.885991514
1403715303662142976.000000 1.141807795 0.218817100 -0.603890836 0.030226270 -0.441967636 -0.177924231 0.878688812
1403715303712143104.000000 1.134337902 0.222188905 -0.608648241 0.030698834 -0.455490351 -0.178761855 0.871567726
1403715303762143232.000000 1.127116203 0.223787367 -0.612446010 0.030563660 -0.469791383 -0.179045662 0.863889217
1403715303812143104.000000 1.120779991 0.225220293 -0.617497087 0.031487294 -0.482755274 -0.181209698 0.856223702
1403715303862142976.000000 1.113668442 0.227144837 -0.621583581 0.032643482 -0.495898426 -0.181153864 0.848647416
1403715303912143104.000000 1.106782436 0.229408771 -0.626028001 0.033783324 -0.506557941 -0.181854159 0.842132390
1403715303962142976.000000 1.100359797 0.231353849 -0.629161358 0.034723554 -0.515254080 -0.182741016 0.836608171
1403715304012143104.000000 1.094959855 0.233421057 -0.632634938 0.034529604 -0.522682130 -0.183433965 0.831843138
1403715304062142976.000000 1.089567304 0.236042589 -0.635834217 0.034801144 -0.528445423 -0.183937788 0.828070819
1403715304112143360.000000 1.083568335 0.237588197 -0.640032351 0.034228962 -0.532874823 -0.183481693 0.825352907
1403715304162142976.000000 1.079735637 0.239670962 -0.644446373 0.034563765 -0.536465824 -0.182796046 0.823161840
1403715304212143104.000000 1.075359344 0.241043359 -0.648039162 0.033194594 -0.538329661 -0.183793917 0.821777999
1403715304262143232.000000 1.072932005 0.243748128 -0.651120007 0.031479228 -0.539630294 -0.184267670 0.820885897
1403715304312143104.000000 1.070344687 0.248255581 -0.653283358 0.029962175 -0.540121198 -0.184420899 0.820585370
1403715304362142976.000000 1.067909122 0.250811249 -0.656189620 0.027880741 -0.539428234 -0.185403317 0.820893168
1403715304412143104.000000 1.065207601 0.253638268 -0.658165991 0.025908504 -0.538421690 -0.186711356 0.821322024
1403715304462142976.000000 1.064070702 0.256114423 -0.659442008 0.024822939 -0.536943734 -0.187878996 0.822056413
1403715304512143104.000000 1.062039733 0.260557234 -0.660922170 0.027477933 -0.534156978 -0.189557552 0.823401034
1403715304562142976.000000 1.060822606 0.265666991 -0.660972834 0.029157326 -0.531640470 -0.191167995 0.824598789
1403715304612143360.000000 1.059602857 0.271365762 -0.660977185 0.030396048 -0.529109538 -0.192578673 0.825852692
1403715304662142976.000000 1.058642030 0.278117180 -0.661197841 0.032074682 -0.527104080 -0.191829026 0.827244937
1403715304712143104.000000 1.058714390 0.284834832 -0.660080016 0.033090591 -0.525651038 -0.191536576 0.828196704
1403715304762143232.000000 1.058034658 0.293149024 -0.659838438 0.033987939 -0.522765398 -0.192616418 0.829734921
1403715304812143104.000000 1.058732271 0.299374253 -0.659364462 0.033832844 -0.521444798 -0.192446098 0.830611229
1403715304862142976.000000 1.058175683 0.303437054 -0.660196066 0.032813754 -0.519386709 -0.194201812 0.831532657
1403715304912143104.000000 1.057673454 0.308141112 -0.661999404 0.033135824 -0.517039597 -0.194985762 0.832798123
1403715304962142976.000000 1.058301568 0.310845673 -0.664716721 0.032043420 -0.515760601 -0.195264205 0.833568275
1403715305012143104.000000 1.058815837 0.311815560 -0.667268574 0.031856723 -0.515214503 -0.195455611 0.833868325
1403715305062142976.000000 1.058884501 0.310842752 -0.671589792 0.029680636 -0.514675081 -0.195363253 0.834303200
1403715305112143360.000000 1.059696794 0.309858054 -0.676224351 0.029260399 -0.514376700 -0.195169583 0.834547400
1403715305162142976.000000 1.060773849 0.308550715 -0.679367721 0.028085651 -0.514998376 -0.195230082 0.834190130
1403715305212143104.000000 1.060585737 0.307299644 -0.684407175 0.025437791 -0.514826119 -0.195444807 0.834331155
1403715305262143232.000000 1.061386824 0.305812597 -0.687966168 0.023571771 -0.515604734 -0.195522234 0.833886862
1403715305312143104.000000 1.062299013 0.305084497 -0.691545904 0.023199959 -0.515901506 -0.196599513 0.833460271
1403715305362142976.000000 1.063015580 0.304266542 -0.695253134 0.021128450 -0.516855180 -0.197179750 0.832787097
1403715305412143104.000000 1.063968420 0.303841293 -0.698232591 0.021168301 -0.517714500 -0.198541805 0.831928432
1403715305462142976.000000 1.063949823 0.302888840 -0.701832473 0.021818882 -0.519138455 -0.198981345 0.830918550
1403715305512143104.000000 1.064874887 0.300525367 -0.706164598 0.022129767 -0.521305323 -0.198303744 0.829714835
1403715305562142976.000000 1.065703154 0.297086596 -0.710214853 0.022882864 -0.523555994 -0.198665813 0.828189254
1403715305612143360.000000 1.065761089 0.292843133 -0.715759873 0.022858996 -0.525444925 -0.199050754 0.826900184
1403715305662142976.000000 1.064460754 0.284238607 -0.722871363 0.022442838 -0.526731133 -0.200556844 0.825728595
1403715305712143104.000000 1.066884756 0.276627123 -0.727757215 0.021124633 -0.530402780 -0.197875440 0.824058175
1403715305762143232.000000 1.067160130 0.268235534 -0.734090447 0.021657640 -0.532186925 -0.198114634 0.822835743
1403715305812143104.000000 1.067298055 0.258954972 -0.739872336 0.020521332 -0.533799171 -0.198026359 0.821841180
1403715305862142976.000000 1.067756891 0.250553936 -0.745218575 0.020440042 -0.534483671 -0.199178547 0.821119606
1403715305912143104.000000 1.068511724 0.242474020 -0.750164747 0.019824848 -0.534878433 -0.200494543 0.820557177
1403715305962142976.000000 1.069090486 0.234077632 -0.754939198 0.019804845 -0.535071850 -0.201471612 0.820192158
1403715306012143104.000000 1.069788218 0.226824433 -0.759840786 0.019671358 -0.534917951 -0.202215955 0.820112586
1403715306062142976.000000 1.070180774 0.219260931 -0.763533592 0.018803732 -0.534542382 -0.203949675 0.819948494
1403715306112143360.000000 1.070342898 0.212300569 -0.767517209 0.016862556 -0.533962667 -0.204831287 0.820148587
1403715306162142976.000000 1.070760965 0.205434024 -0.770393252 0.013727215 -0.535340607 -0.201875523 0.820041716
1403715306212143104.000000 1.070997715 0.198108315 -0.773442984 0.011829639 -0.536566734 -0.196341813 0.820613325
1403715306262143232.000000 1.070304036 0.191208363 -0.775980651 0.010804150 -0.537098885 -0.189529791 0.821879864
1403715306312143104.000000 1.070080042 0.183355659 -0.777992964 0.009992148 -0.537154019 -0.180791065 0.823820651
1403715306362142976.000000 1.069668174 0.176346168 -0.778860450 0.010492650 -0.536019385 -0.172030151 0.826425374
1403715306412143104.000000 1.070384264 0.168394357 -0.779114544 0.012649791 -0.533947349 -0.162847057 0.829590917
1403715306462142976.000000 1.071729898 0.161274254 -0.778064966 0.015312304 -0.530027211 -0.155620098 0.833438158
1403715306512143104.000000 1.073253870 0.153415158 -0.776477218 0.018451806 -0.523848772 -0.150700599 0.838171422
1403715306562142976.000000 1.075986385 0.146308005 -0.773630619 0.022508102 -0.516194046 -0.146103680 0.843617797
1403715306612143360.000000 1.079429626 0.138166010 -0.770204902 0.027452990 -0.507822871 -0.141368642 0.849339306
1403715306662142976.000000 1.084111571 0.129651532 -0.766537845 0.033186764 -0.498179644 -0.137847945 0.855402648
1403715306712143104.000000 1.089154124 0.122553587 -0.761325061 0.039716981 -0.486710131 -0.135881305 0.862016380
1403715306762143232.000000 1.096169472 0.113768414 -0.756698072 0.045845788 -0.473715693 -0.136193678 0.868874490
1403715306812143104.000000 1.104259491 0.106473744 -0.752223134 0.054278813 -0.461045980 -0.134046286 0.875512481
1403715306862142976.000000 1.113772988 0.097996190 -0.746363759 0.062106483 -0.448193014 -0.132303268 0.881907940
1403715306912143104.000000 1.124223709 0.090425432 -0.741955400 0.069380268 -0.433184117 -0.133113489 0.888717473
1403715306962142976.000000 1.135826468 0.084489599 -0.736510754 0.075130992 -0.417544931 -0.136306614 0.895227432
1403715307012143104.000000 1.146803260 0.079715788 -0.734039426 0.080079064 -0.399623662 -0.141535178 0.902139783
1403715307062142976.000000 1.159923673 0.076787978 -0.730717182 0.082995750 -0.382712841 -0.145855919 0.908498049
1403715307112143360.000000 1.172989607 0.074300438 -0.728043139 0.081110522 -0.366497874 -0.149793088 0.914692521
1403715307162142976.000000 1.185678124 0.075444534 -0.725338578 0.076810494 -0.350104690 -0.153336957 0.920877159
1403715307212143104.000000 1.198572278 0.077478349 -0.722781777 0.072183162 -0.334729910 -0.155471236 0.926592827
1403715307262143232.000000 1.212293386 0.082236841 -0.722038388 0.067756444 -0.319482565 -0.157958910 0.931873918
1403715307312143104.000000 1.225121617 0.087016776 -0.720318854 0.062492773 -0.305951476 -0.157823607 0.936792433
1403715307362142976.000000 1.235937834 0.093761489 -0.720833302 0.055389620 -0.293485582 -0.154700950 0.941735625
1403715307412143104.000000 1.248606563 0.100461408 -0.721246660 0.045613602 -0.284132928 -0.145889193 0.946522176
1403715307462142976.000000 1.258407831 0.107095219 -0.723966718 0.036953479 -0.275031626 -0.136406273 0.950991809
1403715307512143104.000000 1.268172503 0.114502817 -0.725819886 0.029784461 -0.266248673 -0.127351359 0.954990149
1403715307562142976.000000 1.277209520 0.121414088 -0.728568554 0.023188388 -0.257449597 -0.117800221 0.958804011
1403715307612143360.000000 1.284339190 0.128452569 -0.731578708 0.018383861 -0.248144835 -0.109540246 0.962334216
1403715307662142976.000000 1.293357491 0.135457426 -0.733476758 0.014669089 -0.239084020 -0.102286056 0.965484977
1403715307712143104.000000 1.299856067 0.142622352 -0.735223770 0.010946619 -0.227433369 -0.097051039 0.968883574
1403715307762143232.000000 1.308390260 0.150336564 -0.735847473 0.009279118 -0.216239959 -0.092180699 0.971934617
1403715307812143104.000000 1.313908696 0.158857018 -0.737472475 0.008006659 -0.202676445 -0.088441372 0.975210965
1403715307862142976.000000 1.322346210 0.165119886 -0.736907780 0.006758871 -0.190737978 -0.084828816 0.977945566
1403715307912143104.000000 1.327861786 0.173251107 -0.736651421 0.005965488 -0.177506104 -0.081881538 0.980689287
1403715307962142976.000000 1.334572196 0.179692060 -0.736080170 0.005617250 -0.164875075 -0.079005115 0.983129144
1403715308012143104.000000 1.339975238 0.188373506 -0.735445321 0.006596779 -0.151976302 -0.075474977 0.985476136
1403715308062142976.000000 1.345488429 0.193203449 -0.736212254 0.006172833 -0.139077231 -0.071640380 0.987667501
1403715308112143360.000000 1.351409316 0.198551059 -0.735921323 0.006064458 -0.127302334 -0.068146959 0.989501595
1403715308162142976.000000 1.355609417 0.204759046 -0.734850407 0.005661867 -0.116103783 -0.064689331 0.991112173
1403715308212143104.000000 1.358976841 0.211255416 -0.733512878 0.006502217 -0.105893761 -0.061633989 0.992444277
1403715308262143232.000000 1.362439036 0.216430917 -0.731031299 0.005711576 -0.096558668 -0.057876132 0.993626833
1403715308312143104.000000 1.364669681 0.223356545 -0.729803801 0.006070024 -0.086619601 -0.054814938 0.994713843
1403715308362142976.000000 1.367396474 0.228731737 -0.727180898 0.006374710 -0.078452721 -0.051210549 0.995581269
1403715308412143104.000000 1.367512107 0.233855724 -0.725518525 0.005786338 -0.070983097 -0.047335695 0.996336937
1403715308462142976.000000 1.368723512 0.239920661 -0.722654343 0.005986910 -0.066051118 -0.042667031 0.996885598
1403715308512143104.000000 1.367381811 0.243457526 -0.720190167 0.005733993 -0.062102921 -0.037899461 0.997333527
1403715308562142976.000000 1.368465424 0.247854799 -0.717090607 0.005587518 -0.060931854 -0.032393657 0.997600555
1403715308612143360.000000 1.368182182 0.249393597 -0.714766324 0.004515445 -0.059942555 -0.027928375 0.997800887
1403715308662142976.000000 1.368297219 0.250505000 -0.712071240 0.004491692 -0.059606172 -0.024561629 0.997909725
1403715308712143104.000000 1.367962718 0.251186728 -0.709203005 0.003894332 -0.059550285 -0.021946829 0.997976422
1403715308762143232.000000 1.368205309 0.247900471 -0.707932770 0.003031282 -0.059673600 -0.020375060 0.998005390
1403715308812143104.000000 1.366255879 0.246446133 -0.705216587 0.002523344 -0.059182893 -0.020201901 0.998039603
1403715308862142976.000000 1.366691113 0.242394015 -0.703139722 0.000886609 -0.060262397 -0.018677751 0.998007476
1403715308912143104.000000 1.366577387 0.239008099 -0.700096607 -0.000073351 -0.061953116 -0.017084330 0.997932911
1403715308962142976.000000 1.366863370 0.233953118 -0.696461856 -0.000142811 -0.063823320 -0.015085415 0.997847199
1403715309012143104.000000 1.366771817 0.229079112 -0.691879570 0.001037954 -0.066457741 -0.013227847 0.997700989
1403715309062142976.000000 1.367070198 0.224774748 -0.687667191 0.003982296 -0.069776244 -0.010551009 0.997498989
1403715309112143360.000000 1.368143797 0.220028833 -0.682741821 0.005847422 -0.073733971 -0.007816423 0.997230232
1403715309162142976.000000 1.368571162 0.215950400 -0.677489936 0.008699217 -0.077282898 -0.006257031 0.996951640
1403715309212143104.000000 1.369827867 0.209858686 -0.672357142 0.013037401 -0.081828989 -0.003380489 0.996555388
1403715309262143232.000000 1.371075153 0.205753416 -0.666627944 0.021445097 -0.086224936 -0.000276852 0.996044874
1403715309312143104.000000 1.374046326 0.201099038 -0.660481095 0.028669110 -0.090489037 0.001126028 0.995484114
1403715309362142976.000000 1.377181649 0.197117105 -0.654410839 0.031853236 -0.092741415 -0.001950306 0.995178699
1403715309412143104.000000 1.380352378 0.194203705 -0.648804784 0.033103075 -0.093795456 -0.007685484 0.995011389
1403715309462142976.000000 1.384408474 0.190672740 -0.643007100 0.032521196 -0.094177574 -0.014579844 0.994917333
1403715309512143104.000000 1.390280962 0.186550677 -0.638707221 0.032206994 -0.095597029 -0.020702228 0.994683623
1403715309562142976.000000 1.394926667 0.183093756 -0.633682549 0.031150438 -0.096139587 -0.025549863 0.994552255
1403715309612143360.000000 1.399014473 0.180867434 -0.629636347 0.031713583 -0.096804455 -0.029544955 0.994359195
1403715309662142976.000000 1.404637456 0.176860526 -0.624355316 0.030905236 -0.098498851 -0.031936526 0.994144380
1403715309712143104.000000 1.409404516 0.173399463 -0.620595276 0.029738264 -0.100375406 -0.032752816 0.993965626
1403715309762143232.000000 1.414870977 0.170245737 -0.616267085 0.028530288 -0.102768436 -0.033030294 0.993747294
1403715309812143104.000000 1.420166254 0.167166159 -0.613002837 0.026811149 -0.105899245 -0.031005129 0.993531704
1403715309862142976.000000 1.423992395 0.164345503 -0.608911753 0.024416380 -0.108738571 -0.026494250 0.993417323
1403715309912143104.000000 1.428867579 0.161604568 -0.606829822 0.021813663 -0.112190984 -0.022019206 0.993203163
1403715309962142976.000000 1.435670853 0.158270061 -0.603368402 0.021156514 -0.115838848 -0.017182352 0.992894053
1403715310012143104.000000 1.440282106 0.155714899 -0.599842012 0.023547469 -0.117819756 -0.013452589 0.992664695
1403715310062142976.000000 1.447008133 0.153315321 -0.595397055 0.028830720 -0.119159408 -0.010080989 0.992405295
1403715310112143360.000000 1.454383373 0.150610834 -0.591350436 0.034515489 -0.118095212 -0.008033007 0.992369771
1403715310162142976.000000 1.462788939 0.149253368 -0.587332070 0.041167840 -0.115114570 -0.006785313 0.992475629
1403715310212143104.000000 1.471398711 0.146311477 -0.583763242 0.045420326 -0.109693155 -0.007849999 0.992896199
1403715310262143232.000000 1.481299043 0.144073069 -0.580349565 0.049184859 -0.102102399 -0.010891905 0.993497610
1403715310312143104.000000 1.491477489 0.142355174 -0.576866210 0.052321404 -0.093078271 -0.015936071 0.994155407
1403715310362142976.000000 1.501142025 0.141995624 -0.574645221 0.054683566 -0.083196655 -0.018737115 0.994855225
1403715310412143104.000000 1.510883570 0.141778395 -0.573354661 0.055236951 -0.072736301 -0.020128988 0.995617032
1403715310462142976.000000 1.523211002 0.139690444 -0.573469996 0.053687759 -0.063215137 -0.019814797 0.996357799
1403715310512143104.000000 1.535859823 0.138789237 -0.574079216 0.049706437 -0.054683078 -0.019293254 0.997079134
1403715310562142976.000000 1.545299411 0.139664888 -0.574930012 0.044762362 -0.046258580 -0.018622210 0.997752368
1403715310612143360.000000 1.555249095 0.139925987 -0.577725053 0.038763441 -0.038711373 -0.018084815 0.998334527
1403715310662142976.000000 1.565340877 0.138977721 -0.578953981 0.031829949 -0.032677621 -0.017345054 0.998808384
1403715310712143104.000000 1.575599194 0.139312431 -0.580635607 0.026769053 -0.027867973 -0.016359692 0.999119163
1403715310762143232.000000 1.585103512 0.138970122 -0.582962871 0.022449886 -0.024006156 -0.015311278 0.999342442
1403715310812143104.000000 1.594809294 0.136903137 -0.585216761 0.019054530 -0.021424282 -0.014036050 0.999490321
1403715310862142976.000000 1.604230523 0.136972159 -0.586634398 0.017923763 -0.019246124 -0.012397853 0.999577224
1403715310912143104.000000 1.612335086 0.136156380 -0.589693785 0.017402019 -0.017090349 -0.011442983 0.999637067
1403715310962142976.000000 1.619912744 0.135274976 -0.591322303 0.015499538 -0.015225030 -0.009017482 0.999723315
1403715311012143104.000000 1.627464771 0.136683255 -0.592509091 0.014128967 -0.014392762 -0.005638911 0.999780715
1403715311062142976.000000 1.635058045 0.135006458 -0.594650626 0.010875751 -0.013924791 -0.000350962 0.999843836
1403715311112143360.000000 1.642710805 0.136461154 -0.594870090 0.009442825 -0.013637382 0.003258290 0.999857128
1403715311162142976.000000 1.650707364 0.137000591 -0.594801009 0.008130323 -0.013786679 0.007090735 0.999846756
1403715311212143104.000000 1.659221768 0.135537982 -0.595497251 0.006980445 -0.014070573 0.011800987 0.999807000
1403715311262143232.000000 1.667904973 0.135828093 -0.595642686 0.006424630 -0.014000587 0.014044686 0.999782681
1403715311312143104.000000 1.675759673 0.134061292 -0.595868051 0.004957207 -0.013901033 0.017116522 0.999744654
1403715311362142976.000000 1.684421062 0.134688735 -0.594465733 0.003940712 -0.013853421 0.019254912 0.999710858
1403715311412143104.000000 1.694393516 0.133600578 -0.592910111 0.002839906 -0.012808900 0.018387290 0.999744833
1403715311462142976.000000 1.703087330 0.134073630 -0.590866983 0.002657603 -0.010390994 0.015026500 0.999829590
1403715311512143104.000000 1.712787986 0.132853061 -0.588666379 0.002287991 -0.007540090 0.010370899 0.999915183
1403715311562142976.000000 1.722858310 0.129857823 -0.586172879 0.002107294 -0.005193029 0.006801876 0.999961197
1403715311612143360.000000 1.732935190 0.129127473 -0.583378911 0.003959570 -0.003338941 0.004045193 0.999978423
1403715311662142976.000000 1.742983103 0.124699779 -0.580803871 0.003656395 -0.001597748 0.002126392 0.999989808
1403715311712143104.000000 1.754462361 0.121974826 -0.576813936 0.004741949 -0.001669120 0.002911525 0.999983132
1403715311762143232.000000 1.763621569 0.119007662 -0.572904527 0.005440313 -0.001105447 0.004117683 0.999976099
1403715311812143104.000000 1.774544120 0.113901861 -0.567584515 0.005244884 -0.001265145 0.006099270 0.999966860
1403715311862142976.000000 1.784293890 0.112775259 -0.562314272 0.007068180 -0.000991953 0.009872274 0.999925852
1403715311912143104.000000 1.794028640 0.109067313 -0.557202995 0.008368866 0.000422248 0.011299367 0.999901116
1403715311962142976.000000 1.803940058 0.107344173 -0.552573740 0.009464489 0.002674906 0.010931983 0.999891877
1403715312012143104.000000 1.815337896 0.102362551 -0.546814620 0.008339594 0.005131138 0.008478710 0.999916136
1403715312062142976.000000 1.826504469 0.100130200 -0.540052116 0.008453406 0.007631119 0.005614105 0.999919415
1403715312112143360.000000 1.835192442 0.097212262 -0.534444988 0.010004197 0.010527412 0.004060514 0.999886394
1403715312162142976.000000 1.846290350 0.092282102 -0.528364301 0.010293190 0.012579711 0.002284259 0.999865294
1403715312212143104.000000 1.856247067 0.087365583 -0.522603333 0.010042589 0.014718400 0.001316768 0.999840438
1403715312262143232.000000 1.865731239 0.081642516 -0.514254510 0.009108697 0.016544711 0.002027625 0.999819636
1403715312312143104.000000 1.874609113 0.078888722 -0.507368207 0.010117380 0.017458910 0.004163267 0.999787748
1403715312362142976.000000 1.883727789 0.074287020 -0.500533581 0.009417430 0.017823869 0.006966742 0.999772549
1403715312412143104.000000 1.891247272 0.071132958 -0.493075550 0.010221086 0.018639809 0.009240631 0.999731362
1403715312462142976.000000 1.901099682 0.067256130 -0.484980524 0.011203064 0.018527137 0.011490434 0.999699533
1403715312512143104.000000 1.909043312 0.062981009 -0.477508545 0.013354735 0.018907435 0.013847074 0.999636173
1403715312562142976.000000 1.920742154 0.059461273 -0.467999458 0.014759513 0.018648507 0.013123769 0.999631047
1403715312612143360.000000 1.928951740 0.056899097 -0.459563464 0.018321712 0.019773811 0.011000225 0.999576151
1403715312662142976.000000 1.936304808 0.055308349 -0.451920658 0.023304472 0.021207530 0.007966399 0.999471724
1403715312712143104.000000 1.942917109 0.055555262 -0.442369401 0.029134069 0.022434829 0.005476545 0.999308765
1403715312762143232.000000 1.952886462 0.052222271 -0.433782995 0.031991422 0.022259710 0.001887017 0.999238491
1403715312812143104.000000 1.962041378 0.049784783 -0.426190197 0.034814078 0.022012666 -0.002498684 0.999148250
1403715312862142976.000000 1.970072150 0.049457960 -0.418809414 0.040368550 0.021316823 -0.006367482 0.998937130
1403715312912143104.000000 1.975908995 0.046836451 -0.411326677 0.045226656 0.020259978 -0.009306044 0.998728037
1403715312962142976.000000 1.983395934 0.042939879 -0.405003190 0.049050029 0.018060669 -0.011976080 0.998561203
1403715313012143104.000000 1.987780333 0.039396618 -0.401234806 0.052128982 0.016767232 -0.014974483 0.998387277
1403715313062142976.000000 1.996868014 0.034236643 -0.396951765 0.053195368 0.013734727 -0.017365491 0.998338640
1403715313112143360.000000 2.001642227 0.028525844 -0.395667851 0.051995564 0.011981696 -0.020188821 0.998371363
1403715313162142976.000000 2.004399300 0.022375781 -0.394489527 0.051828790 0.010637366 -0.021429958 0.998369396
1403715313212143104.000000 2.006439209 0.018372074 -0.394196659 0.051511534 0.008019223 -0.020698451 0.998425663
1403715313262143232.000000 2.013269901 0.010173405 -0.394018739 0.047445741 0.003574048 -0.018260779 0.998700500
1403715313312143104.000000 2.015278816 0.006754855 -0.394902408 0.044620011 0.000767100 -0.016269196 0.998871326
1403715313362142976.000000 2.017988920 0.002315521 -0.395009845 0.040568002 -0.001665011 -0.014418403 0.999071360
1403715313412143104.000000 2.020866156 -0.002577545 -0.396668345 0.035946339 -0.003604932 -0.013752193 0.999252617
1403715313462142976.000000 2.024308205 -0.007774307 -0.398406237 0.032202113 -0.003728164 -0.011794818 0.999404848
1403715313512143104.000000 2.026560068 -0.012004187 -0.399812222 0.030572832 -0.001608983 -0.011297392 0.999467432
1403715313562142976.000000 2.028341293 -0.015169406 -0.402355492 0.029117841 0.001828322 -0.010943055 0.999514401
1403715313612143360.000000 2.031146288 -0.017962992 -0.403874040 0.027683750 0.006006783 -0.011739240 0.999529779
1403715313662142976.000000 2.030041933 -0.022789961 -0.406735033 0.026169125 0.011326055 -0.013174723 0.999506593
1403715313712143104.000000 2.032369852 -0.025866419 -0.409461200 0.026260473 0.014434431 -0.013496573 0.999459803
1403715313762143232.000000 2.032841444 -0.031493250 -0.411459178 0.024635436 0.017068040 -0.012256338 0.999475658
1403715313812143104.000000 2.031473875 -0.032318301 -0.414770305 0.025845382 0.019873580 -0.011101237 0.999406755
1403715313862142976.000000 2.033353806 -0.039869260 -0.416760415 0.023994090 0.021097394 -0.009861705 0.999440849
1403715313912143104.000000 2.032187939 -0.043446682 -0.420277953 0.024575721 0.022311503 -0.007092463 0.999423862
1403715313962142976.000000 2.032422781 -0.044269487 -0.424561501 0.026164412 0.021687575 -0.002785160 0.999418497
1403715314012143104.000000 2.030730724 -0.050362736 -0.425852388 0.023619782 0.022936270 0.000361547 0.999457836
1403715314062142976.000000 2.029435873 -0.052835718 -0.429694772 0.022686854 0.026980871 0.001720235 0.999377012
1403715314112143360.000000 2.030645132 -0.053767484 -0.432653010 0.021885924 0.033315420 0.001299623 0.999204397
1403715314162142976.000000 2.027786732 -0.057128336 -0.435279608 0.020264320 0.043558560 0.002212462 0.998842955
1403715314212143104.000000 2.027846813 -0.059355479 -0.437371582 0.017649679 0.054271165 0.002917635 0.998365998
1403715314262143232.000000 2.027496576 -0.060259923 -0.439133137 0.017032038 0.065820508 0.004424500 0.997676313
1403715314312143104.000000 2.026684999 -0.062475711 -0.442371011 0.013785508 0.077118993 0.006797336 0.996903479
1403715314362142976.000000 2.022296906 -0.060534671 -0.441702574 0.013661337 0.089902304 0.009664570 0.995810032
1403715314412143104.000000 2.018452168 -0.061386272 -0.443535388 0.012791278 0.100404583 0.014674330 0.994756281
1403715314462142976.000000 2.017124176 -0.063773602 -0.445351034 0.009855301 0.108401015 0.018335510 0.993889332
1403715314512143104.000000 2.016091108 -0.062175095 -0.446530163 0.009808628 0.114546806 0.022480164 0.993115127
1403715314562142976.000000 2.015219212 -0.062806450 -0.448171556 0.008330791 0.118515320 0.028149437 0.992518246
1403715314612143360.000000 2.014778852 -0.061860543 -0.449911833 0.008732907 0.121079527 0.033061955 0.992053688
1403715314662142976.000000 1.997370362 -0.066021368 -0.448019594 0.007981750 0.129869431 0.036936920 0.990810692
1403715314712143104.000000 1.991750598 -0.065124452 -0.445691973 0.008530671 0.133448690 0.039288864 0.990239918
1403715314762143232.000000 1.989388704 -0.065868959 -0.447104186 0.009043961 0.134938642 0.040369462 0.989989936
1403715314812143104.000000 1.987279177 -0.066324696 -0.447823763 0.011202097 0.135963842 0.040998287 0.989801764
1403715314862142976.000000 1.979276896 -0.071236946 -0.446060628 0.010034638 0.138658985 0.040675182 0.989453673
1403715314912143104.000000 1.975616336 -0.071390472 -0.445985824 0.011047402 0.138864875 0.040733218 0.989411592
1403715314962142976.000000 1.966724992 -0.073675953 -0.444692403 0.011485110 0.140241206 0.041851446 0.989165843
1403715315012143104.000000 1.961806297 -0.068574660 -0.443891257 0.015213162 0.139292479 0.043105926 0.989195704
1403715315062142976.000000 1.949363232 -0.073463656 -0.439562768 0.016635293 0.140511051 0.045861881 0.988876462
1403715315112143360.000000 1.940591931 -0.074360318 -0.437886655 0.017700126 0.140543610 0.046864629 0.988806367
1403715315162142976.000000 1.934885979 -0.076637171 -0.437175423 0.016325153 0.139100924 0.048332337 0.988963306
1403715315212143104.000000 1.929487348 -0.076512560 -0.436002195 0.016216362 0.137444690 0.049227264 0.989152551
1403715315262143232.000000 1.918561101 -0.076499954 -0.433656394 0.016256658 0.138452098 0.048864726 0.989029408
1403715315312143104.000000 1.910111904 -0.078233689 -0.431991786 0.015262773 0.140497148 0.049984094 0.988700747
1403715315362142976.000000 1.905827999 -0.078690171 -0.432626009 0.015661770 0.142335668 0.051136382 0.988372624
1403715315412143104.000000 1.899313927 -0.079472646 -0.431367517 0.015643682 0.146265596 0.053758882 0.987659693
1403715315462142976.000000 1.886476517 -0.079862036 -0.427924842 0.015777603 0.153728828 0.056662511 0.986360967
1403715315512143104.000000 1.879487038 -0.080335349 -0.426560551 0.016333861 0.159414247 0.060149793 0.985242248
1403715315562142976.000000 1.876952648 -0.079569519 -0.428297311 0.017470064 0.163059697 0.063626759 0.984407485
1403715315612143360.000000 1.869789124 -0.082114898 -0.427569389 0.017153747 0.169658706 0.067837633 0.983015656
1403715315662142976.000000 1.854680538 -0.083926491 -0.421758026 0.018069096 0.180327103 0.071644522 0.980827570
1403715315712143104.000000 1.851834536 -0.083552279 -0.422922164 0.020489804 0.184843570 0.078984685 0.979374528
1403715315762143232.000000 1.850346684 -0.084362090 -0.426946789 0.021725036 0.188745275 0.087789074 0.977852941
1403715315812143104.000000 1.836789131 -0.086406641 -0.421915412 0.022289580 0.199038938 0.096966542 0.974927843
1403715315862142976.000000 1.831031919 -0.087247573 -0.421789348 0.021763733 0.207454860 0.103334673 0.972528100
1403715315912143104.000000 1.826232910 -0.087764539 -0.422033191 0.020851156 0.216715425 0.108435668 0.969969809
1403715315962142976.000000 1.817710400 -0.087097213 -0.423042238 0.020845292 0.227941185 0.111415148 0.967054784
1403715316012143104.000000 1.807430744 -0.087165549 -0.421622127 0.019473312 0.240806177 0.114920318 0.963548958
1403715316062142976.000000 1.809113026 -0.085983068 -0.424523264 0.017954059 0.250214547 0.115891941 0.961061597
1403715316112143360.000000 1.805731654 -0.082778364 -0.425465167 0.016451474 0.261905164 0.115700208 0.957991958
1403715316162142976.000000 1.801483750 -0.079509333 -0.426628381 0.014049477 0.274023086 0.116036102 0.954594016
1403715316212143104.000000 1.800710440 -0.073871620 -0.429664791 0.011117043 0.285106272 0.115690857 0.951423407
1403715316262143232.000000 1.796449542 -0.072131358 -0.430036783 0.004145812 0.298542261 0.116045490 0.947306156
1403715316312143104.000000 1.793343782 -0.071487613 -0.430443883 -0.003734034 0.311416686 0.118189797 0.942887604
1403715316362142976.000000 1.790355682 -0.067962244 -0.430381238 -0.012660014 0.322936863 0.119144469 0.938805759
1403715316412143104.000000 1.786769986 -0.063941807 -0.429600686 -0.020242386 0.333504677 0.120162033 0.934840083
1403715316462142976.000000 1.781063914 -0.059308458 -0.427341580 -0.024445692 0.343019098 0.121128805 0.931164920
1403715316512143104.000000 1.777191639 -0.058175430 -0.424970090 -0.026844665 0.349876821 0.124527261 0.928094029
1403715316562142976.000000 1.774367452 -0.055771232 -0.422180057 -0.025988931 0.355662853 0.127014354 0.925578713
1403715316612143360.000000 1.772629261 -0.053920686 -0.419742227 -0.023439651 0.359372646 0.130162984 0.923774600
1403715316662142976.000000 1.771892309 -0.052786812 -0.414996654 -0.019275688 0.362873673 0.132608876 0.922152936
1403715316712143104.000000 1.762177944 -0.047152653 -0.405628264 -0.013638894 0.369012147 0.133867890 0.919632256
1403715316762143232.000000 1.760863304 -0.046176001 -0.401270866 -0.010022662 0.372901887 0.136655793 0.917697668
1403715316812143104.000000 1.758812428 -0.045625634 -0.395450354 -0.007614178 0.377903163 0.139591768 0.915229678
1403715316862142976.000000 1.756189466 -0.041480407 -0.388226986 -0.004236738 0.384478748 0.141618446 0.912196517
1403715316912143104.000000 1.746024609 -0.037548423 -0.375992745 -0.000568675 0.394676745 0.143886015 0.907483816
1403715316962142976.000000 1.744254112 -0.036904842 -0.369168758 0.001870598 0.403367937 0.146230549 0.903275967
1403715317012143104.000000 1.739560127 -0.034319013 -0.360086739 0.006421692 0.413911253 0.149076432 0.898004770
1403715317062142976.000000 1.733997345 -0.029577434 -0.350356638 0.009725817 0.424590677 0.153510809 0.892223477
1403715317112143360.000000 1.731363297 -0.029172808 -0.341851145 0.008622471 0.434986770 0.159481764 0.886159003
1403715317162142976.000000 1.726844788 -0.026883245 -0.334407568 0.006879838 0.445580095 0.165235668 0.879834235
1403715317212143104.000000 1.724896193 -0.027140751 -0.328375787 0.003908854 0.455991775 0.171780318 0.873239815
1403715317262143232.000000 1.719139338 -0.024392530 -0.318455428 0.002441585 0.468771577 0.175646469 0.865676403
1403715317312143104.000000 1.716449976 -0.021508843 -0.311158091 0.001146079 0.480310440 0.180008203 0.858427465
1403715317362142976.000000 1.712305784 -0.020857424 -0.303019553 0.000418866 0.492245615 0.186418831 0.850260079
1403715317412143104.000000 1.708660364 -0.021906942 -0.296438247 0.000727711 0.503122568 0.194065884 0.842143476
1403715317462142976.000000 1.706480503 -0.019218296 -0.290957510 0.001200263 0.513327062 0.200135395 0.834529638
1403715317512143104.000000 1.702805519 -0.018633425 -0.282510340 0.001582381 0.524376869 0.206057131 0.826176047
1403715317562142976.000000 1.698054552 -0.021436185 -0.274082422 0.001149379 0.536194801 0.211620033 0.817135751
1403715317612143360.000000 1.693599701 -0.017526716 -0.265472353 0.003524895 0.547306180 0.215241477 0.808773518
1403715317662142976.000000 1.689387798 -0.018467844 -0.257772744 0.004631069 0.557468295 0.220924497 0.800249994
1403715317712143104.000000 1.685164928 -0.016566157 -0.249836802 0.006547476 0.567613363 0.225511327 0.791780829
1403715317762143232.000000 1.681936026 -0.016088784 -0.243749499 0.008480713 0.576468825 0.231799096 0.783505619
1403715317812143104.000000 1.678267241 -0.017972916 -0.237135470 0.011988816 0.584143817 0.241106629 0.774919331
1403715317862142976.000000 1.675591111 -0.018441319 -0.229378283 0.015108587 0.592274070 0.250374585 0.765699625
1403715317912143104.000000 1.672375202 -0.017270148 -0.223324537 0.017188864 0.600520134 0.256219447 0.757252812
1403715317962142976.000000 1.670027733 -0.017859340 -0.219316006 0.017354282 0.608289063 0.261545390 0.749184430
1403715318012143104.000000 1.665910482 -0.014800906 -0.213209391 0.018148005 0.616733968 0.264773518 0.741083622
1403715318062142976.000000 1.663338423 -0.014952362 -0.210114241 0.019280335 0.623283327 0.268738091 0.734115839
1403715318112143360.000000 1.660394311 -0.012777150 -0.206643820 0.021254065 0.628583848 0.272479385 0.728138447
1403715318162142976.000000 1.658570290 -0.012792587 -0.204573750 0.021258485 0.633385658 0.275477290 0.722829878
1403715318212143104.000000 1.655983329 -0.010593593 -0.202508092 0.019983931 0.637654483 0.276328385 0.718776762
1403715318262143232.000000 1.653564692 -0.009916842 -0.201395035 0.019168040 0.641044021 0.277904898 0.715167105
1403715318312143104.000000 1.651961446 -0.008927166 -0.200847626 0.016645353 0.644370258 0.279099792 0.711767673
1403715318362142976.000000 1.648984194 -0.003037512 -0.200683594 0.016218357 0.648237646 0.278229505 0.708599627
1403715318412143104.000000 1.647422910 0.001231790 -0.201632619 0.013460572 0.652461112 0.277615160 0.705012977
1403715318462142976.000000 1.645557642 0.002420187 -0.204537511 0.007463008 0.657193244 0.276663929 0.701069474
1403715318512143104.000000 1.644298553 0.005830348 -0.204585791 0.001209139 0.663146138 0.274740070 0.696242571
1403715318562142976.000000 1.643406868 0.011067688 -0.206399322 -0.004920133 0.668477714 0.274135798 0.691348612
1403715318612143360.000000 1.643019080 0.012383342 -0.209514141 -0.012982127 0.672446609 0.278070837 0.685801506
1403715318662142976.000000 1.642122388 0.017376125 -0.214424849 -0.020126358 0.675514162 0.282452345 0.680805564
1403715318712143104.000000 1.641920090 0.024488688 -0.212154031 -0.026460031 0.680395603 0.287288755 0.673666716
1403715318762143232.000000 1.642570853 0.031154573 -0.213837385 -0.028910195 0.684424400 0.292821288 0.667070627
1403715318812143104.000000 1.644753933 0.032582283 -0.219334483 -0.034479275 0.688299358 0.298642427 0.660202920
1403715318862142976.000000 1.647771597 0.038047373 -0.219345212 -0.034971222 0.694617689 0.300930113 0.652475595
1403715318912143104.000000 1.649934053 0.043887138 -0.219397426 -0.034708649 0.701266289 0.300798804 0.645399928
1403715318962142976.000000 1.655805588 0.046351969 -0.223233104 -0.035016131 0.706632972 0.301344126 0.639246106
1403715319012143104.000000 1.661511779 0.051961303 -0.223017216 -0.032987475 0.713744819 0.299989134 0.632049680
1403715319062142976.000000 1.668353558 0.056252599 -0.224706769 -0.031476431 0.720808983 0.298627615 0.624712110
1403715319112143360.000000 1.676230073 0.061619878 -0.227140307 -0.030200809 0.728152931 0.295389622 0.617759049
1403715319162142976.000000 1.685120106 0.063295364 -0.229653239 -0.030143403 0.735595703 0.293113500 0.609979391
1403715319212143104.000000 1.694156885 0.066185236 -0.231777191 -0.029472299 0.742808998 0.291424841 0.602028012
1403715319262143232.000000 1.704118133 0.067130387 -0.235329747 -0.030669603 0.749123216 0.291961789 0.593828440
1403715319312143104.000000 1.714197993 0.072309911 -0.235441327 -0.030039821 0.756507874 0.290677756 0.585063994
1403715319362142976.000000 1.724562407 0.072957158 -0.237211585 -0.031399470 0.763158679 0.291058004 0.576097429
1403715319412143104.000000 1.736684680 0.076877475 -0.237558126 -0.030420341 0.770014644 0.290610552 0.567184031
1403715319462142976.000000 1.747535467 0.078222573 -0.239922285 -0.028280636 0.775262237 0.292662919 0.559032261
1403715319512143104.000000 1.759307623 0.080091000 -0.240737081 -0.025610693 0.780899704 0.294772923 0.550135136
1403715319562142976.000000 1.772590041 0.079035401 -0.240021944 -0.025719438 0.786668003 0.297451973 0.540383518
1403715319612143360.000000 1.783080697 0.082416713 -0.240482807 -0.022550600 0.791438639 0.298395365 0.532988429
1403715319662142976.000000 1.796910763 0.082658172 -0.241082430 -0.022944808 0.795284688 0.299981087 0.526314855
1403715319712143104.000000 1.810051918 0.078471482 -0.240900278 -0.022535982 0.797854125 0.302976161 0.520698130
1403715319762143232.000000 1.822124243 0.074876249 -0.241797924 -0.023212789 0.799085319 0.304604888 0.517822027
1403715319812143104.000000 1.836910009 0.069665194 -0.240152359 -0.022816041 0.800433278 0.305913866 0.514978349
1403715319862142976.000000 1.849583149 0.067773759 -0.241906643 -0.020737909 0.801103830 0.305250376 0.514417112
1403715319912143104.000000 1.863322020 0.058593512 -0.241401196 -0.021307463 0.802051246 0.307415813 0.511620283
1403715319962142976.000000 1.878559113 0.053376377 -0.240155220 -0.020296911 0.803869247 0.307021409 0.509038448
1403715320012143104.000000 1.891896725 0.046152353 -0.239640236 -0.019635530 0.805875659 0.307044446 0.505868256
1403715320062142976.000000 1.907412291 0.037738919 -0.239178658 -0.020432139 0.808303714 0.308177173 0.501252949
1403715320112143360.000000 1.923291206 0.032109916 -0.237717867 -0.020681357 0.812403262 0.306528032 0.495594323
1403715320162142976.000000 1.937453032 0.025996804 -0.238231897 -0.021018969 0.816095889 0.306731373 0.489348203
1403715320212143104.000000 1.953597307 0.015370369 -0.236808538 -0.021917306 0.821394026 0.307916701 0.479602724
1403715320262143232.000000 1.968871355 0.010063291 -0.235379219 -0.019223452 0.828314781 0.305090576 0.469515651
1403715320312143104.000000 1.985191584 0.002224922 -0.232872963 -0.014539048 0.835932255 0.303866744 0.456805140
1403715320362142976.000000 1.998297334 -0.002663434 -0.231607676 -0.007422196 0.842822373 0.303463399 0.444415867
1403715320412143104.000000 2.014486313 -0.010138631 -0.228516579 -0.002548031 0.849392653 0.306915879 0.429334700
1403715320462142976.000000 2.028528690 -0.017413735 -0.227571726 0.001155981 0.855227768 0.311125040 0.414469957
1403715320512143104.000000 2.042057753 -0.022887945 -0.223860264 0.005334458 0.861106932 0.315804571 0.398414314
1403715320562142976.000000 2.056240320 -0.030323207 -0.221394777 0.008399563 0.866290033 0.321146697 0.382538676
1403715320612143360.000000 2.068875313 -0.036743224 -0.216521502 0.013058610 0.871693194 0.325668603 0.365951508
1403715320662142976.000000 2.082050323 -0.045280397 -0.213454485 0.017149605 0.876295149 0.331106722 0.349544078
1403715320712143104.000000 2.093538046 -0.052238524 -0.210119486 0.022804562 0.880326271 0.335382462 0.334700346
1403715320762143232.000000 2.104545832 -0.059868336 -0.206367493 0.030232159 0.883450925 0.339839935 0.321106583
1403715320812143104.000000 2.113483429 -0.065001249 -0.201426744 0.037938368 0.886356592 0.341953963 0.309838861
1403715320862142976.000000 2.121570110 -0.069590449 -0.197156668 0.044542842 0.887674332 0.346066445 0.300479978
1403715320912143104.000000 2.129271507 -0.074792325 -0.193257093 0.047940433 0.888133287 0.351305842 0.292412698
1403715320962142976.000000 2.134506226 -0.079792142 -0.189589739 0.048260938 0.888654828 0.355010241 0.286236376
1403715321012143104.000000 2.140642405 -0.085134208 -0.186118603 0.045408443 0.889375865 0.358222216 0.280402452
1403715321062142976.000000 2.144284487 -0.088948369 -0.183349609 0.042432111 0.890177011 0.359948099 0.276083052
1403715321112143360.000000 2.147481918 -0.092061043 -0.180374146 0.039270803 0.891307294 0.360321134 0.272392780
1403715321162142976.000000 2.149333000 -0.097119927 -0.180130005 0.034910228 0.891366243 0.362215132 0.270273536
1403715321212143104.000000 2.149835587 -0.098822773 -0.177680850 0.032554429 0.891980648 0.362423658 0.268253535
1403715321262143232.000000 2.150053978 -0.102428317 -0.177302957 0.029415073 0.891856492 0.363807917 0.267152667
1403715321312143104.000000 2.149997711 -0.104417980 -0.175984502 0.029012373 0.892032683 0.364155620 0.266132981
1403715321362142976.000000 2.148416519 -0.107308805 -0.177014589 0.028670311 0.891371489 0.365652442 0.266332895
1403715321412143104.000000 2.147038937 -0.109079719 -0.178034902 0.029562728 0.891421676 0.365432262 0.266369581
1403715321462142976.000000 2.143684626 -0.109932899 -0.178837776 0.030719252 0.891888976 0.363817275 0.266884595
1403715321512143104.000000 2.140357018 -0.110541523 -0.179847002 0.030312320 0.891992509 0.362903595 0.267827541
1403715321562142976.000000 2.134679317 -0.111419439 -0.182176471 0.029713323 0.891280115 0.363001853 0.270123243
1403715321612143360.000000 2.130127192 -0.113544166 -0.185413957 0.025923124 0.890770793 0.363082558 0.272078067
1403715321662142976.000000 2.123962164 -0.114129007 -0.189302087 0.023733098 0.891052067 0.361467540 0.273503751
1403715321712143104.000000 2.117981434 -0.116545558 -0.194871426 0.022897907 0.892448723 0.358101100 0.273449391
1403715321762143232.000000 2.110640764 -0.116345167 -0.199321389 0.023925440 0.894227386 0.354715317 0.271959603
1403715321812143104.000000 2.102039814 -0.117813110 -0.204976439 0.027822360 0.895970821 0.351664752 0.269804001
1403715321862142976.000000 2.094960690 -0.118527889 -0.210466266 0.034337781 0.898617923 0.347370207 0.265783399
1403715321912143104.000000 2.084013224 -0.119208694 -0.216276288 0.038455568 0.900818527 0.343550175 0.262717426
1403715321962142976.000000 2.072299004 -0.117685080 -0.221326232 0.041150633 0.902547061 0.341871470 0.258533150
1403715322012143104.000000 2.059236526 -0.117667437 -0.226724744 0.040386852 0.903038800 0.344750941 0.253054619
1403715322062142976.000000 2.046134233 -0.118364275 -0.233875871 0.038895864 0.902275145 0.350106597 0.248620555
1403715322112143360.000000 2.032670975 -0.119184554 -0.240145922 0.034017667 0.902017295 0.354806066 0.243557498
1403715322162142976.000000 2.015433311 -0.117662013 -0.245894432 0.025613381 0.902482510 0.356426686 0.240477175
1403715322212143104.000000 2.001313925 -0.117003143 -0.252779007 0.015041926 0.903490603 0.357147485 0.236483157
1403715322262143232.000000 1.984972596 -0.115802884 -0.260800600 0.005865749 0.904554427 0.357790649 0.231803522
1403715322312143104.000000 1.967649221 -0.114965498 -0.267055511 -0.001368417 0.905298054 0.359848499 0.225704685
1403715322362142976.000000 1.953280568 -0.113056064 -0.274800420 -0.009217619 0.906260490 0.361854941 0.218330190
1403715322412143104.000000 1.936519265 -0.109348714 -0.280205727 -0.014587213 0.907789946 0.363215715 0.209234297
1403715322462142976.000000 1.914341092 -0.104413867 -0.289187551 -0.018452719 0.908031940 0.365911812 0.203091219
1403715322512143104.000000 1.898670197 -0.099561930 -0.295180321 -0.021851005 0.908876836 0.368367195 0.194348276
1403715322562142976.000000 1.884665370 -0.093414545 -0.300838590 -0.023884920 0.909122765 0.371747673 0.186357230
1403715322612143360.000000 1.870019794 -0.085677862 -0.306757450 -0.026303291 0.909475207 0.373756707 0.180191442
1403715322662142976.000000 1.854850769 -0.078030109 -0.314139247 -0.027984265 0.909211993 0.376237988 0.176055193
1403715322712143104.000000 1.838012576 -0.065952837 -0.319191337 -0.027344720 0.910045326 0.375523478 0.173355117
1403715322762143232.000000 1.825188398 -0.057536542 -0.327682137 -0.027856098 0.910627604 0.375289112 0.170703053
1403715322812143104.000000 1.813864470 -0.050687790 -0.334953904 -0.029357545 0.910945952 0.375582278 0.168088183
1403715322862142976.000000 1.801484227 -0.043169200 -0.343111992 -0.030893745 0.911034822 0.375739127 0.166977078
1403715322912143104.000000 1.791500330 -0.037134290 -0.353491902 -0.033023674 0.911520243 0.374854088 0.165906057
1403715322962142976.000000 1.780191183 -0.031515598 -0.364887476 -0.034174532 0.912042379 0.373511314 0.165831670
1403715323012143104.000000 1.772304058 -0.027046680 -0.373890162 -0.035364464 0.912868500 0.371909678 0.164631873
1403715323062142976.000000 1.763785601 -0.022754312 -0.385659099 -0.035743427 0.913217068 0.370915771 0.164859354
1403715323112143360.000000 1.756164193 -0.021722734 -0.398577452 -0.036755286 0.913148999 0.370966464 0.164899841
1403715323162142976.000000 1.750854611 -0.016477525 -0.410918117 -0.038118850 0.913421452 0.370084316 0.165063232
1403715323212143104.000000 1.742610335 -0.012033463 -0.423602343 -0.039892215 0.913539052 0.368979901 0.166460037
1403715323262143232.000000 1.738321543 -0.006334066 -0.435324430 -0.041366551 0.914041281 0.367610753 0.166372061
1403715323312143104.000000 1.732327580 0.000090480 -0.447891116 -0.041875601 0.913811862 0.367694408 0.167317718
1403715323362142976.000000 1.728885651 0.008543432 -0.460108995 -0.041150600 0.914053142 0.367140263 0.167396516
1403715323412143104.000000 1.725998640 0.015278339 -0.472844720 -0.041563131 0.914095402 0.366988003 0.167397708
1403715323462142976.000000 1.723552227 0.023895502 -0.484838128 -0.040834833 0.914196491 0.366725802 0.167599082
1403715323512143104.000000 1.721239805 0.028003693 -0.499247074 -0.041076217 0.913941443 0.367127001 0.168052226
1403715323562142976.000000 1.722295761 0.032177746 -0.514828682 -0.041125555 0.913595378 0.368292421 0.167370483
1403715323612143360.000000 1.723777056 0.035288572 -0.529210091 -0.038845699 0.916282117 0.362126380 0.166681305
1403715323662142976.000000 1.725244164 0.036803663 -0.547116280 -0.035044465 0.919779897 0.353363693 0.167065814
1403715323712143104.000000 1.726452470 0.039057314 -0.563626170 -0.032214638 0.923996866 0.342554629 0.166878551
1403715323762143232.000000 1.729754210 0.042087853 -0.578297019 -0.029852031 0.928638816 0.330330521 0.166194513
1403715323812143104.000000 1.734567165 0.041220427 -0.594127893 -0.027626159 0.931815207 0.321710765 0.165709034
1403715323862142976.000000 1.738494277 0.042996585 -0.608580947 -0.025285903 0.934834003 0.313244194 0.165300310
1403715323912143104.000000 1.742569447 0.043906450 -0.620185852 -0.023354694 0.937894106 0.304308534 0.164941221
1403715323962142976.000000 1.746427774 0.044278085 -0.632092714 -0.019960158 0.941462219 0.293050051 0.165445566
1403715324012143104.000000 1.749772549 0.043711901 -0.644203663 -0.016716735 0.943706632 0.285317600 0.166530147
1403715324062142976.000000 1.754275322 0.043742180 -0.651781321 -0.014361979 0.944655418 0.282133490 0.166795045
1403715324112143360.000000 1.758529544 0.043322921 -0.657502651 -0.011688137 0.943879306 0.284621358 0.167170614
1403715324162142976.000000 1.761479378 0.042271614 -0.662560225 -0.009960298 0.941852331 0.290634930 0.168363973
1403715324212143104.000000 1.765297174 0.040259004 -0.666173697 -0.007298588 0.939892113 0.296696633 0.168881059
1403715324262143232.000000 1.769092560 0.038187623 -0.667893410 -0.004144237 0.938150167 0.301959068 0.169345334
1403715324312143104.000000 1.772103071 0.034629881 -0.668372512 0.000657630 0.936262906 0.307392955 0.170061782
1403715324362142976.000000 1.774446487 0.031802535 -0.667931080 0.008059201 0.933817208 0.314188600 0.170898050
1403715324412143104.000000 1.777507305 0.028023183 -0.666399717 0.013408136 0.930014789 0.324925393 0.171219990
1403715324462142976.000000 1.780115128 0.023434222 -0.663980484 0.016174819 0.925529182 0.337366194 0.171225592
1403715324512143104.000000 1.781465173 0.018849373 -0.661735296 0.017776746 0.921600640 0.347970188 0.171035424
1403715324562142976.000000 1.782530904 0.014109075 -0.659895539 0.017631624 0.918370008 0.356568396 0.170718476
1403715324612143360.000000 1.781889915 0.009974658 -0.658514261 0.016837439 0.916506708 0.361497790 0.170444697
1403715324662142976.000000 1.781129956 0.005987883 -0.657063007 0.014781554 0.915836096 0.363365442 0.170268416
1403715324712143104.000000 1.779514074 0.002858460 -0.656475067 0.012724179 0.916020393 0.362985104 0.170254737
1403715324762143232.000000 1.777480364 -0.001466572 -0.656542063 0.009087779 0.916251004 0.362564713 0.170142129
1403715324812143104.000000 1.775459170 -0.004761279 -0.657158732 0.002638965 0.917137623 0.360362619 0.170265675
1403715324862142976.000000 1.772070050 -0.007076085 -0.657923341 -0.004821596 0.918520331 0.356325805 0.171257615
1403715324912143104.000000 1.770841360 -0.010438204 -0.659184694 -0.010968278 0.920276105 0.351516038 0.171488032
1403715324962142976.000000 1.767893076 -0.012322605 -0.658461452 -0.013109237 0.922436476 0.345448464 0.172059655
1403715325012143104.000000 1.766251087 -0.014559388 -0.657883286 -0.014362644 0.924405217 0.339801699 0.172636956
1403715325062142976.000000 1.764846206 -0.018130183 -0.658326626 -0.014692200 0.925425112 0.336652339 0.173313886
1403715325112143360.000000 1.761446595 -0.020810664 -0.658643484 -0.013015272 0.926490128 0.332869589 0.175055966
1403715325162142976.000000 1.760946274 -0.022868097 -0.656792402 -0.012328374 0.927215695 0.330660045 0.175450787
1403715325212143104.000000 1.758936644 -0.025938332 -0.655238390 -0.011458266 0.927557886 0.329338342 0.176185697
1403715325262143232.000000 1.756971121 -0.027944744 -0.652588129 -0.010383024 0.927219510 0.329823881 0.177122563
1403715325312143104.000000 1.755282879 -0.029823542 -0.649596214 -0.008896943 0.926443338 0.331478655 0.178172842
1403715325362142976.000000 1.753201842 -0.031631887 -0.645703554 -0.008535370 0.925227344 0.334500343 0.178860322
1403715325412143104.000000 1.751410484 -0.033791304 -0.641188741 -0.006865636 0.923377752 0.339189976 0.179656699
1403715325462142976.000000 1.749209523 -0.036597967 -0.637055039 -0.005291359 0.921071231 0.345244557 0.180016786
1403715325512143104.000000 1.746804476 -0.038411379 -0.631915212 -0.003491026 0.919173896 0.350138515 0.180306047
1403715325562142976.000000 1.744600654 -0.039962471 -0.627972484 -0.000530044 0.917788506 0.353762686 0.180322096
1403715325612143360.000000 1.741331339 -0.042058110 -0.624079227 0.005919284 0.916708052 0.356471986 0.180385813
1403715325662142976.000000 1.738335729 -0.044021249 -0.620578170 0.012411368 0.915753722 0.358916849 0.180055082
1403715325712143104.000000 1.735846519 -0.046158314 -0.616425991 0.017469691 0.914897263 0.361398518 0.179022387
1403715325762143232.000000 1.731503367 -0.047531843 -0.613453031 0.020120686 0.913919508 0.363821834 0.178829387
1403715325812143104.000000 1.726650238 -0.048954546 -0.611004233 0.020073950 0.913000047 0.366273612 0.178526059
1403715325862142976.000000 1.720746994 -0.049583912 -0.608570576 0.019361168 0.912542760 0.367516458 0.178388551
1403715325912143104.000000 1.714386582 -0.050378442 -0.606524587 0.017685864 0.912092924 0.368944734 0.177914619
1403715325962142976.000000 1.709365487 -0.051132858 -0.604211092 0.015185960 0.911833346 0.370202929 0.176859066
1403715326012143104.000000 1.701624751 -0.049081981 -0.603314400 0.012636960 0.912212670 0.369480550 0.176613793
1403715326062142976.000000 1.692048550 -0.048570275 -0.602818012 0.008272064 0.912993550 0.367791206 0.176363096
1403715326112143360.000000 1.685042381 -0.047258914 -0.602821946 0.002145992 0.914041281 0.365783721 0.175288871
1403715326162142976.000000 1.675542355 -0.046450794 -0.603722215 -0.003658905 0.915064812 0.363388002 0.174906477
1403715326212143104.000000 1.668200016 -0.044125080 -0.603310704 -0.008564533 0.916339517 0.360736758 0.173544139
1403715326262143232.000000 1.659930706 -0.042085350 -0.604719996 -0.013067805 0.917565286 0.357715279 0.173040390
1403715326312143104.000000 1.653942823 -0.039961457 -0.604449868 -0.015290267 0.919453859 0.353552252 0.171381697
1403715326362142976.000000 1.646895051 -0.037487447 -0.604435682 -0.016426684 0.922195315 0.346853048 0.170232013
1403715326412143104.000000 1.640068173 -0.035310745 -0.605689645 -0.015947577 0.925004542 0.339842319 0.169173270
1403715326462142976.000000 1.631586909 -0.033066809 -0.606189728 -0.015013360 0.927006721 0.334623665 0.168701798
1403715326512143104.000000 1.625181675 -0.031239867 -0.606214762 -0.014296617 0.929137409 0.329246312 0.167619437
1403715326562142976.000000 1.615920782 -0.029737353 -0.606193423 -0.013313171 0.930463672 0.325651646 0.167365283
1403715326612143360.000000 1.608782053 -0.027387202 -0.604822159 -0.013855112 0.931757033 0.322252423 0.166704133
1403715326662142976.000000 1.601377010 -0.026005864 -0.603326678 -0.013906145 0.932264090 0.321269065 0.165760845
1403715326712143104.000000 1.595015526 -0.024513125 -0.600227594 -0.013809759 0.932307899 0.321827948 0.164432809
1403715326762143232.000000 1.587744474 -0.023315310 -0.595567942 -0.012357674 0.931377113 0.325218022 0.163148075
1403715326812143104.000000 1.579825282 -0.021708608 -0.591621876 -0.010075199 0.929506779 0.330952227 0.162438497
1403715326862142976.000000 1.573238254 -0.020619333 -0.586695671 -0.007506621 0.927687347 0.336762071 0.161031812
1403715326912143104.000000 1.565801620 -0.021040082 -0.581078768 -0.006499963 0.925514817 0.343277544 0.159814313
1403715326962142976.000000 1.557413578 -0.020507336 -0.576701522 -0.003991507 0.923985779 0.347743720 0.159087002
1403715327012143104.000000 1.550954938 -0.020273864 -0.571203470 -0.000602315 0.922838151 0.351489842 0.157557562
1403715327062142976.000000 1.543478608 -0.019973755 -0.565442920 0.003030188 0.922147572 0.353813916 0.156366318
1403715327112143360.000000 1.535886645 -0.020067036 -0.560529947 0.005568333 0.921193719 0.356631309 0.155516177
1403715327162142976.000000 1.526663780 -0.020056963 -0.555427551 0.007495744 0.920160413 0.359476715 0.155000761
1403715327212143104.000000 1.516970873 -0.019759059 -0.550867319 0.009379867 0.919126809 0.362229973 0.154620036
1403715327262143232.000000 1.509091139 -0.020937026 -0.546414495 0.010616627 0.918097436 0.365434885 0.153107047
1403715327312143104.000000 1.498747468 -0.020993650 -0.543593168 0.012658008 0.917155385 0.368004590 0.152441531
1403715327362142976.000000 1.489072680 -0.020458281 -0.539477944 0.014402390 0.916628480 0.369735330 0.151263863
1403715327412143104.000000 1.477734327 -0.019729853 -0.536096096 0.016188385 0.916259646 0.370975941 0.150276646
1403715327462142976.000000 1.467000604 -0.018882573 -0.534449816 0.016073423 0.915847719 0.371936202 0.150426507
1403715327512143104.000000 1.455645084 -0.019516110 -0.532751322 0.016053548 0.915398359 0.372644007 0.151408896
1403715327562142976.000000 1.441670656 -0.019298911 -0.533627152 0.012667205 0.914740324 0.372850239 0.155153111
1403715327612143360.000000 1.429130554 -0.017300487 -0.532178402 0.008360310 0.914631724 0.371601999 0.159031346
1403715327662142976.000000 1.416520000 -0.015517592 -0.531672478 0.004188373 0.914119303 0.370659739 0.164255470
1403715327712143104.000000 1.404166579 -0.014986277 -0.532880545 -0.000347662 0.913104355 0.370210677 0.170834616
1403715327762143232.000000 1.390821218 -0.012203753 -0.531584740 -0.002418606 0.912242889 0.368482113 0.178963840
1403715327812143104.000000 1.376813889 -0.008630633 -0.533259392 -0.004851329 0.910458326 0.367946804 0.188831300
1403715327862142976.000000 1.364127755 -0.005965471 -0.533791900 -0.006284985 0.908698142 0.366940916 0.198953643
1403715327912143104.000000 1.351011038 -0.002045512 -0.533522010 -0.007396757 0.907304943 0.364386976 0.209678844
1403715327962142976.000000 1.338521481 -0.000210166 -0.536855936 -0.008996003 0.905610263 0.362065554 0.220675766
1403715328012143104.000000 1.325689554 0.003210306 -0.538894892 -0.011211856 0.904729724 0.358338535 0.230069503
1403715328062142976.000000 1.311827421 0.004943371 -0.541571617 -0.012472712 0.903911471 0.355268806 0.237849906
1403715328112143360.000000 1.300773382 0.006974697 -0.543809772 -0.013853223 0.904135823 0.350874931 0.243378803
1403715328162142976.000000 1.287276387 0.009395182 -0.548249722 -0.014965699 0.904385328 0.346632570 0.248413444
1403715328212143104.000000 1.276371837 0.012411356 -0.550161839 -0.016595075 0.905954182 0.340783328 0.250675917
1403715328262143232.000000 1.264743686 0.015920043 -0.551849961 -0.017334960 0.907624185 0.335164458 0.252156168
1403715328312143104.000000 1.253540635 0.016543746 -0.555131435 -0.018900480 0.908932924 0.331337988 0.252386659
1403715328362142976.000000 1.240753412 0.017781377 -0.558699369 -0.020521605 0.910053730 0.328399628 0.252061248
1403715328412143104.000000 1.229585648 0.020742595 -0.560199738 -0.021411711 0.911572874 0.325361133 0.250432730
1403715328462142976.000000 1.217452526 0.022398412 -0.562174201 -0.022586128 0.912390649 0.324294627 0.248729199
1403715328512143104.000000 1.207426786 0.023170173 -0.562071919 -0.023452234 0.913095951 0.324262917 0.246088162
1403715328562142976.000000 1.196897149 0.022918105 -0.562595844 -0.024522630 0.912285507 0.327837735 0.244246155
1403715328612143360.000000 1.186206579 0.024230957 -0.560190201 -0.025941011 0.910928190 0.331868082 0.243722424
1403715328662142976.000000 1.178254843 0.023950994 -0.558073759 -0.028028909 0.908760846 0.337227315 0.244225055
1403715328712143104.000000 1.169121385 0.023277283 -0.556639791 -0.028603513 0.906659961 0.340529978 0.247363850
1403715328762143232.000000 1.161184311 0.021538496 -0.554263473 -0.028044924 0.903496742 0.345300078 0.252339095
1403715328812143104.000000 1.152536392 0.020441711 -0.551349044 -0.026161341 0.900541723 0.347460151 0.260022432
1403715328862142976.000000 1.147311687 0.020424664 -0.546815872 -0.024037883 0.897898436 0.347508013 0.269144684
1403715328912143104.000000 1.141227365 0.020579576 -0.541938543 -0.021487594 0.894854665 0.346500576 0.280554622
1403715328962142976.000000 1.134635925 0.019799232 -0.538648248 -0.019799216 0.890870512 0.345099032 0.294727862
1403715329012143104.000000 1.128823161 0.018429875 -0.535425425 -0.017372450 0.886225998 0.343315214 0.310542196
1403715329062142976.000000 1.124853730 0.018034339 -0.530446529 -0.016014565 0.881177187 0.341532201 0.326536715
1403715329112143360.000000 1.120255828 0.018091023 -0.525635481 -0.012589606 0.875339210 0.339855969 0.343687177
1403715329162142976.000000 1.115008235 0.016725898 -0.521172285 -0.010711517 0.868582368 0.338595480 0.361667037
1403715329212143104.000000 1.112302065 0.016852856 -0.515503407 -0.010209245 0.862269521 0.337168187 0.377762675
1403715329262143232.000000 1.107306004 0.019603491 -0.510509372 -0.009805893 0.855599701 0.335883498 0.393745214
1403715329312143104.000000 1.103623509 0.019738913 -0.505487084 -0.009111036 0.849776208 0.334915459 0.406975538
1403715329362142976.000000 1.100697994 0.020222723 -0.500098348 -0.008415828 0.844966590 0.334406644 0.417292386
1403715329412143104.000000 1.097034931 0.020277381 -0.495360851 -0.007638252 0.840794504 0.333426833 0.426418662
1403715329462142976.000000 1.093112707 0.022738755 -0.490908027 -0.007033937 0.837179601 0.333073497 0.433754474
1403715329512143104.000000 1.091184616 0.024411380 -0.487596869 -0.006960138 0.834404171 0.332788706 0.439286858
1403715329562142976.000000 1.087481260 0.025377870 -0.484646797 -0.007002075 0.831557989 0.333904356 0.443813384
1403715329612143360.000000 1.085196376 0.026375949 -0.481347084 -0.008314212 0.829784989 0.334112257 0.446941644
1403715329662142976.000000 1.082945347 0.028622270 -0.478535533 -0.007947600 0.828987241 0.333330631 0.449007630
1403715329712143104.000000 1.081135035 0.030486405 -0.477034450 -0.007843991 0.828848600 0.331790775 0.450403512
1403715329762143232.000000 1.080531955 0.032044649 -0.473966599 -0.006790613 0.829311013 0.330498427 0.450519592
1403715329812143104.000000 1.078635931 0.034576178 -0.470365286 -0.005483516 0.829925776 0.328794599 0.450652122
1403715329862142976.000000 1.077231407 0.038201094 -0.468143582 -0.004350220 0.830134094 0.328374892 0.450586796
1403715329912143104.000000 1.075966835 0.040858448 -0.464178205 -0.003786218 0.830873668 0.327730119 0.449697196
1403715329962142976.000000 1.074815750 0.043982267 -0.462253094 -0.002843778 0.830856502 0.327927560 0.449592143
1403715330012143104.000000 1.074053526 0.049368382 -0.458333492 -0.001664988 0.830710113 0.326870590 0.450636894
1403715330062142976.000000 1.073404074 0.052951634 -0.455479980 -0.000037068 0.829836726 0.326552063 0.452476293
1403715330112143360.000000 1.072625875 0.057608128 -0.451709151 0.000041060 0.828798056 0.326672345 0.454289645
1403715330162142976.000000 1.070779324 0.063226581 -0.448188305 -0.001748731 0.827930033 0.325953513 0.456380576
1403715330212143104.000000 1.069725394 0.067437410 -0.445987701 -0.004413526 0.826776981 0.326561809 0.458015114
1403715330262143232.000000 1.069330812 0.073340476 -0.441543937 -0.007350332 0.826108217 0.327161849 0.458755225
1403715330312143104.000000 1.068622947 0.075019538 -0.441538572 -0.010337538 0.824856877 0.328897685 0.459707141
1403715330362142976.000000 1.068085432 0.080367565 -0.437358141 -0.011917405 0.824788690 0.329126000 0.459627807
1403715330412143104.000000 1.067767620 0.085124731 -0.435590863 -0.011384876 0.824460864 0.329438597 0.460005373
1403715330462142976.000000 1.067788482 0.087855041 -0.434815168 -0.009317910 0.824623466 0.328673214 0.460307717
1403715330512143104.000000 1.068696022 0.089538455 -0.432997346 -0.007277127 0.824705422 0.328841448 0.460077554
1403715330562142976.000000 1.069001079 0.089568496 -0.433211207 -0.007371159 0.824821115 0.328048885 0.460434437
1403715330612143360.000000 1.070277810 0.086944163 -0.434159994 -0.005283967 0.825403929 0.327042848 0.460134268
1403715330662142976.000000 1.071680427 0.085053086 -0.434581161 -0.000385815 0.826716542 0.324317962 0.459736317
1403715330712143104.000000 1.072561026 0.080309689 -0.436452746 0.004836064 0.827319503 0.323067367 0.459506840
1403715330762143232.000000 1.073613644 0.075044870 -0.438621283 0.011254672 0.826314986 0.323804408 0.460681736
1403715330812143104.000000 1.074381828 0.069711506 -0.441809297 0.017288227 0.823689342 0.325337529 0.464104056
1403715330862142976.000000 1.074440241 0.066259503 -0.442798376 0.020039879 0.820649743 0.325382501 0.469317287
1403715330912143104.000000 1.074375629 0.060685456 -0.445299625 0.022716621 0.815896034 0.326740712 0.476485342
1403715330962142976.000000 1.073541880 0.056368053 -0.446990371 0.025083844 0.810734570 0.326371044 0.485347509
1403715331012143104.000000 1.072216988 0.051307082 -0.448970318 0.026809236 0.804648876 0.326257080 0.495356232
1403715331062142976.000000 1.070460081 0.047889471 -0.451405525 0.029047798 0.797642887 0.326249480 0.506441951
1403715331112143360.000000 1.068620801 0.043551922 -0.453104496 0.029570827 0.790703058 0.325287879 0.517785788
1403715331162142976.000000 1.066218257 0.039010882 -0.455859900 0.026065780 0.783751249 0.323809743 0.529340863
1403715331212143104.000000 1.062310934 0.035137296 -0.460381508 0.023260524 0.777531326 0.321182013 0.540135264
1403715331262143232.000000 1.060130596 0.029998720 -0.464975834 0.019022712 0.772687793 0.317971259 0.549077511
1403715331312143104.000000 1.056399822 0.025032461 -0.471011221 0.013564319 0.768757463 0.314246655 0.556845665
1403715331362142976.000000 1.052726746 0.020430505 -0.479228020 0.007807167 0.765642226 0.309482902 0.563871801
1403715331412143104.000000 1.049681783 0.013771236 -0.488947034 0.003894040 0.762637496 0.306876361 0.569382012
1403715331462142976.000000 1.046321869 0.007303238 -0.495204568 0.002645137 0.761206388 0.304126263 0.572769761
1403715331512143104.000000 1.043083429 0.000751376 -0.503401518 0.001194521 0.759444535 0.302542299 0.575943470
1403715331562142976.000000 1.040016294 -0.005027950 -0.511882603 0.001271262 0.758056343 0.300897837 0.578627229
1403715331612143360.000000 1.037036180 -0.012615979 -0.520222306 0.001661457 0.756467104 0.301767975 0.580250800
1403715331662142976.000000 1.033906937 -0.019122422 -0.526723921 0.000876979 0.756612897 0.299632609 0.581168234
1403715331712143104.000000 1.031059384 -0.022717178 -0.537417471 -0.000779650 0.756994784 0.296464473 0.582294762
1403715331762143232.000000 1.028632522 -0.028298199 -0.544302285 -0.004003373 0.758241713 0.294194281 0.581810355
1403715331812143104.000000 1.025693655 -0.034160614 -0.552377582 -0.005523994 0.759244323 0.292936474 0.581124604
1403715331862142976.000000 1.023832440 -0.036572516 -0.560169816 -0.005045946 0.760103464 0.291981012 0.580486298
1403715331912143104.000000 1.021155596 -0.040138125 -0.567367494 -0.005274807 0.761188269 0.291987479 0.579057813
1403715331962142976.000000 1.018705964 -0.043027580 -0.575532436 -0.005075246 0.760448694 0.295866847 0.578061223
1403715332012143104.000000 1.015513897 -0.045407832 -0.580872416 -0.002993226 0.760712087 0.299173623 0.576023817
1403715332062142976.000000 1.014038920 -0.044467807 -0.585187495 -0.003123426 0.761392295 0.302086323 0.573599100
1403715332112143360.000000 1.011834145 -0.044424117 -0.592340112 -0.004164083 0.761665285 0.305500448 0.571417749
1403715332162142976.000000 1.009185553 -0.041042686 -0.597451806 -0.001702553 0.761570394 0.310128182 0.569059134
1403715332212143104.000000 1.008782864 -0.039681494 -0.604503691 0.003313342 0.760487735 0.315802336 0.567376673
1403715332262143232.000000 1.006870508 -0.039103985 -0.608067989 0.008908530 0.760176718 0.318606168 0.566164374
1403715332312143104.000000 1.005932212 -0.038736463 -0.613721073 0.013884073 0.759409070 0.320526123 0.566010773
1403715332362142976.000000 1.004426241 -0.036733508 -0.620933652 0.016352521 0.757342577 0.322381169 0.567657650
1403715332412143104.000000 1.003013253 -0.034678757 -0.627041936 0.015973866 0.755537212 0.322958231 0.569742322
1403715332462142976.000000 1.002936840 -0.033264458 -0.632806897 0.013627109 0.754111886 0.323376089 0.571452141
1403715332512143104.000000 1.002139926 -0.031167567 -0.640450478 0.011508009 0.751950085 0.324734986 0.573572993
1403715332562142976.000000 1.002792001 -0.027630389 -0.648204386 0.008778794 0.750814080 0.324584782 0.575192094
1403715332612143360.000000 1.003565788 -0.026252270 -0.659725606 0.008636760 0.749707043 0.324312627 0.576789558
1403715332662142976.000000 1.003853321 -0.022248983 -0.669682622 0.009663554 0.749523461 0.321839660 0.578394711
1403715332712143104.000000 1.005269766 -0.019746244 -0.680231750 0.010082031 0.749560237 0.319248199 0.579774439
1403715332762143232.000000 1.007117033 -0.015174568 -0.691105723 0.009561678 0.748894989 0.317070127 0.581834614
1403715332812143104.000000 1.009574652 -0.012616098 -0.702264905 0.007792993 0.748313606 0.314655364 0.583916128
1403715332862142976.000000 1.012102842 -0.009609878 -0.713349760 0.005534918 0.747208834 0.312008291 0.586770177
1403715332912143104.000000 1.014173388 -0.006705523 -0.728006303 0.008335827 0.746856928 0.304937392 0.590887964
1403715332962142976.000000 1.018115401 -0.002852142 -0.740722060 0.013938664 0.747616589 0.294352740 0.595173657
1403715333012143104.000000 1.020115614 -0.003221452 -0.750389636 0.019494584 0.748489499 0.283713311 0.599074543
1403715333062142976.000000 1.023572087 0.001344562 -0.763891220 0.025482940 0.747821808 0.274427950 0.603988826
1403715333112143360.000000 1.026137114 0.004238665 -0.775045276 0.029261537 0.747552633 0.267282993 0.607345700
1403715333162142976.000000 1.028165817 0.007118344 -0.788161516 0.030603923 0.746686161 0.262205184 0.610550284
1403715333212143104.000000 1.027941704 0.011130333 -0.800478876 0.030962484 0.745834231 0.259283632 0.612816989
1403715333262143232.000000 1.027562857 0.016514033 -0.808840454 0.029701699 0.745005667 0.258575112 0.614185214
1403715333312143104.000000 1.025154114 0.022420138 -0.819266737 0.027682632 0.743353367 0.259974480 0.615688860
1403715333362142976.000000 1.024368763 0.027327836 -0.830193520 0.024272818 0.741963565 0.262144297 0.616588473
1403715333412143104.000000 1.021566749 0.034390301 -0.843062043 0.021222427 0.740090609 0.264609873 0.617897332
1403715333462142976.000000 1.018537283 0.038718492 -0.855154634 0.018563455 0.738633633 0.267379016 0.618533969
1403715333512143104.000000 1.014863014 0.044875145 -0.865446448 0.018538559 0.738274753 0.267970353 0.618707299
1403715333562142976.000000 1.011252642 0.049819410 -0.873964608 0.019758957 0.738367200 0.268462837 0.618345499
1403715333612143360.000000 1.006116152 0.055755645 -0.883771360 0.020507997 0.738695443 0.267178863 0.618485272
1403715333662142976.000000 1.001208067 0.061900616 -0.892002225 0.019074861 0.737916231 0.269368410 0.618511498
1403715333712143104.000000 0.995527148 0.068075329 -0.901628613 0.016089084 0.736114562 0.273187608 0.619067907
1403715333762143232.000000 0.990650713 0.073426992 -0.912229478 0.011437959 0.733291805 0.279602677 0.619656920
1403715333812143104.000000 0.983809352 0.079092979 -0.920926690 0.007444695 0.730539441 0.285172373 0.620430052
1403715333862142976.000000 0.978698611 0.085434347 -0.929944396 0.004691628 0.726998925 0.288913041 0.622880280
1403715333912143104.000000 0.970687687 0.089473665 -0.936197937 0.002694181 0.723979831 0.291204810 0.625336528
1403715333962142976.000000 0.965440333 0.095049292 -0.946023643 0.001148659 0.720433652 0.290962726 0.629535317
1403715334012143104.000000 0.960418820 0.099147320 -0.954893470 0.001420596 0.716453433 0.290536135 0.634256482
1403715334062142976.000000 0.954917133 0.104386479 -0.964052856 0.002392064 0.712004721 0.290243000 0.639376760
1403715334112143360.000000 0.950165093 0.106822103 -0.973886788 0.002471676 0.708006144 0.289911151 0.643950880
1403715334162142976.000000 0.946126759 0.111093760 -0.983386993 0.002315331 0.704216182 0.289399952 0.648322403
1403715334212143104.000000 0.942239881 0.114977479 -0.995288551 0.002336177 0.700360298 0.289650619 0.652374625
1403715334262143232.000000 0.938736141 0.119462579 -1.003864646 0.002278111 0.697700441 0.289810240 0.655148089
1403715334312143104.000000 0.935407281 0.123408467 -1.014443517 0.002384870 0.695775151 0.288493991 0.657770932
1403715334362142976.000000 0.932783186 0.126802206 -1.024748445 0.001965032 0.694038749 0.288044482 0.659800649
1403715334412143104.000000 0.929271460 0.131601870 -1.033601522 0.002030609 0.693491638 0.286787003 0.660922527
1403715334462142976.000000 0.927742362 0.134081483 -1.047054648 0.001727203 0.691796780 0.286918700 0.662640154
1403715334512143104.000000 0.925934792 0.137349963 -1.057898402 0.001720478 0.691515088 0.286079764 0.663296580
1403715334562142976.000000 0.924530983 0.142086595 -1.068071723 0.002586528 0.691552460 0.284552217 0.663911641
1403715334612143360.000000 0.922125816 0.148968726 -1.080563307 0.002240404 0.691201031 0.282425404 0.665185750
1403715334662142976.000000 0.921710372 0.150837719 -1.091998100 -0.000257628 0.691375256 0.280962288 0.665627837
1403715334712143104.000000 0.921278119 0.155678362 -1.104466796 -0.000544455 0.691411674 0.279715449 0.666114748
1403715334762143232.000000 0.919629812 0.160348386 -1.116116166 -0.000913834 0.691730440 0.278491855 0.666296065
1403715334812143104.000000 0.920871854 0.166073412 -1.128063083 -0.001570108 0.691861749 0.277970135 0.666376412
1403715334862142976.000000 0.920377493 0.169404328 -1.139646173 -0.002448658 0.692321539 0.277294517 0.666177690
1403715334912143104.000000 0.919933558 0.173783153 -1.149284720 -0.002833913 0.693132341 0.276432782 0.665691018
1403715334962142976.000000 0.919985294 0.178833038 -1.161091328 -0.003925620 0.693211198 0.276925862 0.665398359
1403715335012143104.000000 0.920885682 0.183788717 -1.169552207 -0.003986584 0.693955362 0.275982350 0.665014148
1403715335062142976.000000 0.922064185 0.190428302 -1.182887673 -0.004498868 0.692882597 0.275790215 0.666208148
1403715335112143360.000000 0.924406052 0.194251716 -1.193056226 -0.005067175 0.692363620 0.275587469 0.666827202
1403715335162142976.000000 0.924279332 0.198381647 -1.203163862 -0.005766695 0.692203581 0.274768054 0.667325556
1403715335212143104.000000 0.926425457 0.203559875 -1.214131594 -0.006144766 0.691600561 0.275143772 0.667792439
1403715335262143232.000000 0.929986119 0.208523765 -1.223581076 -0.007027551 0.690960646 0.274387866 0.668756545
1403715335312143104.000000 0.931230783 0.212041110 -1.232684970 -0.007558830 0.689787209 0.273482293 0.670331299
1403715335362142976.000000 0.933205605 0.216109589 -1.242748737 -0.007606286 0.687526226 0.272602618 0.673006475
1403715335412143104.000000 0.935046434 0.221115127 -1.251254678 -0.007430696 0.684931099 0.270708829 0.676410437
1403715335462142976.000000 0.937663078 0.225270867 -1.260116816 -0.007054457 0.681913793 0.269929111 0.679766238
1403715335512143104.000000 0.941046119 0.229049549 -1.269423008 -0.005886120 0.678412557 0.270608455 0.683002949
1403715335562142976.000000 0.943500280 0.232528925 -1.277588844 -0.003394841 0.675636470 0.271178961 0.685540497
1403715335612143360.000000 0.947510958 0.236954853 -1.285850406 -0.001658280 0.672872066 0.271388829 0.688177764
1403715335662142976.000000 0.950946689 0.240628272 -1.295376182 -0.000074410 0.668871880 0.271722317 0.691937506
1403715335712143104.000000 0.955135822 0.245481148 -1.301940918 -0.000538133 0.665301085 0.270257771 0.695941865
1403715335762143232.000000 0.958606482 0.247885644 -1.310728550 -0.000827686 0.661083162 0.268341899 0.700686157
1403715335812143104.000000 0.962986946 0.252409339 -1.316714525 -0.000727951 0.657687366 0.266349047 0.704631150
1403715335862142976.000000 0.968169570 0.258108795 -1.327210307 -0.000169121 0.653667450 0.264719963 0.708972633
1403715335912143104.000000 0.971657395 0.262079835 -1.335600138 -0.000626820 0.650637865 0.262571037 0.712549210
1403715335962142976.000000 0.977408409 0.266258985 -1.343523026 0.001646544 0.647956491 0.260403842 0.715779006
1403715336012143104.000000 0.981201172 0.269959509 -1.352399826 0.002132511 0.645925462 0.256868392 0.718884170
1403715336062142976.000000 0.986055732 0.273520887 -1.361011028 0.004255310 0.644488096 0.253897637 0.721216440
1403715336112143360.000000 0.992124677 0.278184533 -1.369729280 0.007546082 0.643370867 0.251011938 0.723194361
1403715336162142976.000000 0.997014403 0.281806052 -1.376932740 0.009622701 0.643372893 0.247091934 0.724516630
1403715336212143104.000000 1.000892162 0.286073029 -1.383552790 0.012721195 0.643225670 0.244532675 0.725467205
1403715336262143232.000000 1.005942225 0.291419268 -1.391622663 0.014146486 0.641791403 0.244304404 0.726786792
1403715336312143104.000000 1.009751081 0.295572132 -1.400300741 0.012512716 0.640151203 0.245554745 0.727841198
1403715336362142976.000000 1.013919711 0.300096899 -1.406997442 0.009571551 0.638479173 0.247234046 0.728785396
1403715336412143104.000000 1.016780972 0.305593848 -1.413751125 0.007040917 0.637265444 0.248387054 0.729484200
1403715336462142976.000000 1.021591663 0.308059275 -1.420753717 0.003077949 0.636646748 0.248516873 0.730007410
1403715336512143104.000000 1.026307344 0.312922180 -1.428775787 0.002067140 0.635526776 0.249802187 0.730548024
1403715336562142976.000000 1.031041980 0.315861732 -1.437255621 0.001499125 0.635221720 0.249993145 0.730749369
1403715336612143360.000000 1.036134124 0.317983836 -1.446119785 0.001455184 0.634762883 0.250401080 0.731008470
1403715336662142976.000000 1.039674520 0.322510153 -1.451973200 0.001743877 0.635278404 0.250053257 0.730678976
1403715336712143104.000000 1.044530034 0.325988054 -1.459392071 0.001509757 0.635437489 0.250090837 0.730528235
1403715336762143232.000000 1.049004555 0.328558713 -1.467321515 0.001244896 0.635571480 0.250250876 0.730357349
1403715336812143104.000000 1.055087566 0.331102759 -1.474368691 0.000859980 0.636028767 0.249686614 0.730152965
1403715336862142976.000000 1.059189796 0.333066434 -1.481187344 0.000762494 0.636689961 0.248969704 0.729821563
1403715336912143104.000000 1.063640356 0.335539103 -1.487949610 0.001032513 0.637057662 0.248562500 0.729639113
1403715336962142976.000000 1.069205523 0.337190717 -1.495755911 0.000968991 0.637459040 0.247087494 0.729789615
1403715337012143104.000000 1.074226975 0.338760674 -1.502483130 0.001070197 0.637669504 0.246203899 0.729904175
1403715337062142976.000000 1.079764485 0.339268953 -1.508593321 -0.000161832 0.636890709 0.245354787 0.730870187
1403715337112143360.000000 1.084591269 0.340482950 -1.515321255 -0.000936234 0.634178162 0.245721370 0.733101845
1403715337162142976.000000 1.088501573 0.341961414 -1.521393299 -0.002833372 0.630985081 0.244577229 0.736228108
1403715337212143104.000000 1.094272256 0.340108752 -1.526871324 -0.004460322 0.626350880 0.245383635 0.739899755
1403715337262143232.000000 1.098899007 0.340518355 -1.531895518 -0.003920789 0.620597720 0.246056944 0.744512677
1403715337312143104.000000 1.104538560 0.339967728 -1.537953615 -0.004004599 0.613448381 0.247531086 0.749928951
1403715337362142976.000000 1.110441566 0.340430230 -1.544329882 -0.002997555 0.606377661 0.249066487 0.755157709
1403715337412143104.000000 1.117256999 0.340249956 -1.549574614 -0.001857716 0.600298643 0.250716537 0.759459972
1403715337462142976.000000 1.122432232 0.339460015 -1.551764131 0.000960045 0.595906496 0.251245826 0.762738526
1403715337512143104.000000 1.129357338 0.339050740 -1.556346893 0.005175041 0.591055095 0.253669769 0.765688479
1403715337562142976.000000 1.136721969 0.338291556 -1.562156558 0.008563590 0.587320745 0.253973633 0.768425882
1403715337612143360.000000 1.145159483 0.338441998 -1.567410231 0.009168991 0.585262120 0.251749128 0.770718217
1403715337662142976.000000 1.152985692 0.339659363 -1.572949052 0.009993771 0.584492445 0.247770697 0.772579134
1403715337712143104.000000 1.161460519 0.340940535 -1.577794313 0.009425499 0.584020317 0.244654909 0.773935080
1403715337762143232.000000 1.169847369 0.342320651 -1.584666491 0.009007994 0.583303094 0.242261246 0.775232852
1403715337812143104.000000 1.177287698 0.342920184 -1.590647936 0.009063254 0.583365321 0.240738109 0.775659740
1403715337862142976.000000 1.186978936 0.344701141 -1.595698833 0.009416611 0.584439635 0.239032030 0.775374293
1403715337912143104.000000 1.196132421 0.345177293 -1.603265524 0.008248907 0.585246801 0.237374336 0.775288165
1403715337962142976.000000 1.204559922 0.347040921 -1.608335257 0.007883695 0.587302923 0.235624880 0.774270058
1403715338012143104.000000 1.214342117 0.347129941 -1.615167618 0.007869121 0.588652313 0.235341340 0.773331165
1403715338062142976.000000 1.224321365 0.348961771 -1.622079253 0.009362312 0.589876413 0.236267805 0.772098243
1403715338112143360.000000 1.232860565 0.349451512 -1.627503633 0.010581173 0.591444552 0.237253875 0.770579100
1403715338162142976.000000 1.242721319 0.349984467 -1.632047415 0.011382543 0.592365146 0.237733260 0.769712269
1403715338212143104.000000 1.250882387 0.351473421 -1.638527036 0.012414936 0.591808438 0.238189220 0.769983590
1403715338262143232.000000 1.260773778 0.352243632 -1.646530509 0.013972758 0.589861691 0.239472389 0.771051884
1403715338312143104.000000 1.267808437 0.353717417 -1.648308039 0.015161989 0.588895321 0.239631429 0.771718383
1403715338362142976.000000 1.277357936 0.354408473 -1.656203747 0.016121920 0.584545732 0.241630346 0.774378002
1403715338412143104.000000 1.285493970 0.354893297 -1.660524964 0.017324537 0.580904424 0.241321132 0.777183473
1403715338462142976.000000 1.293968320 0.355762005 -1.667597771 0.018108595 0.575516939 0.240884036 0.781298518
1403715338512143104.000000 1.302370787 0.356046617 -1.673324943 0.018405586 0.569913507 0.239912733 0.785685539
1403715338562142976.000000 1.311529517 0.359148741 -1.680516005 0.018608080 0.563959002 0.235620826 0.791256487
1403715338612143360.000000 1.320540667 0.358169913 -1.686811328 0.017376469 0.557552338 0.231883571 0.796908796
1403715338662142976.000000 1.328815341 0.360905409 -1.695869923 0.017507914 0.550092876 0.226573527 0.803589344
1403715338712143104.000000 1.337669373 0.361446500 -1.702519178 0.016364576 0.542930007 0.221605718 0.809845805
1403715338762143232.000000 1.345443845 0.361428142 -1.708408356 0.015526535 0.535970569 0.218180373 0.815409064
1403715338812143104.000000 1.354277015 0.362472117 -1.715828419 0.013349726 0.529525816 0.214715794 0.820561707
1403715338862142976.000000 1.362151027 0.362790346 -1.724599719 0.012223150 0.523689568 0.212167576 0.824975610
1403715338912143104.000000 1.371697307 0.365230471 -1.732396007 0.011259061 0.518585145 0.210357979 0.828669012
1403715338962142976.000000 1.380555272 0.368127257 -1.739428997 0.008698591 0.514918149 0.207375541 0.831732571
1403715339012143104.000000 1.389034152 0.372087240 -1.747286916 0.006873684 0.511184156 0.205754325 0.834451079
1403715339062142976.000000 1.398799419 0.374179423 -1.756108046 0.004224528 0.507394075 0.205801874 0.836767077
1403715339112143360.000000 1.405335069 0.380227864 -1.761826038 0.002406784 0.506321251 0.202257574 0.838286936
1403715339162142976.000000 1.416476488 0.381839722 -1.769975901 -0.000409540 0.504454076 0.199924082 0.839974046
1403715339212143104.000000 1.426424026 0.384824336 -1.777104855 -0.002716821 0.503596663 0.197299138 0.841104150
1403715339262143232.000000 1.435126781 0.385642767 -1.783541203 -0.003713791 0.502946854 0.196376026 0.841704965
1403715339312143104.000000 1.447245359 0.391646117 -1.790243387 -0.000683646 0.501674116 0.195534840 0.842667699
1403715339362142976.000000 1.455913067 0.392142296 -1.794128895 0.001687311 0.502048969 0.196439862 0.842232406
1403715339412143104.000000 1.464075208 0.397876412 -1.799093366 0.004984245 0.502232730 0.195902780 0.842234910
1403715339462142976.000000 1.474370837 0.400116295 -1.805920243 0.006295373 0.501651347 0.197570547 0.842182994
1403715339512143104.000000 1.485020399 0.403339654 -1.811102509 0.008259604 0.502369761 0.197712868 0.841704249
1403715339562142976.000000 1.494713664 0.408118010 -1.816335082 0.009469338 0.502852619 0.199027091 0.841093302
1403715339612143360.000000 1.503993154 0.411137313 -1.820573807 0.006922515 0.503541112 0.201495767 0.840117812
1403715339662142976.000000 1.513023734 0.414507747 -1.825512767 0.003732742 0.505552769 0.201442853 0.838941813
1403715339712143104.000000 1.522529125 0.418755352 -1.830033302 -0.000721245 0.508168459 0.199457511 0.837843060
1403715339762143232.000000 1.533846974 0.424269319 -1.835240841 -0.003814569 0.511458457 0.194707572 0.836949706
1403715339812143104.000000 1.541839480 0.430389136 -1.837024927 -0.007005886 0.516223073 0.188850835 0.835344255
1403715339862142976.000000 1.552177548 0.436704546 -1.840553284 -0.009208287 0.519411922 0.183186457 0.834607244
1403715339912143104.000000 1.560684919 0.442052066 -1.842965245 -0.010936163 0.521349072 0.177462950 0.834615231
1403715339962142976.000000 1.569671869 0.446117938 -1.845124722 -0.013454450 0.520494044 0.173042059 0.836039126
1403715340012143104.000000 1.577407241 0.450758576 -1.843983650 -0.016140465 0.519732714 0.166580096 0.837775946
1403715340062142976.000000 1.583181143 0.451264352 -1.843648672 -0.018036041 0.515913129 0.163223311 0.840753496
1403715340112143360.000000 1.591374159 0.454507262 -1.842902064 -0.017415468 0.509469330 0.160623908 0.845185041
1403715340162142976.000000 1.597531915 0.453397155 -1.841457486 -0.016381674 0.501927376 0.158730164 0.850061953
1403715340212143104.000000 1.601019502 0.450969905 -1.838567495 -0.013828889 0.492689103 0.159173891 0.855412126
1403715340262143232.000000 1.607326150 0.450358510 -1.835007071 -0.009391239 0.481529295 0.159466058 0.861749351
1403715340312143104.000000 1.612090111 0.446913481 -1.831200957 -0.005731191 0.468976974 0.159530625 0.868664324
1403715340362142976.000000 1.615920305 0.441574484 -1.827977419 -0.001999867 0.454392821 0.160653695 0.876192689
1403715340412143104.000000 1.619129181 0.437383354 -1.823781967 0.001136685 0.440100253 0.159400389 0.883686602
1403715340462142976.000000 1.622940540 0.430927634 -1.820026278 0.001587007 0.426365405 0.158336237 0.890583932
1403715340512143104.000000 1.625139713 0.424231499 -1.815401793 0.001220487 0.414871186 0.156944707 0.896241486
1403715340562142976.000000 1.628848433 0.419633120 -1.811565757 0.000907084 0.403279752 0.158089623 0.901317060
1403715340612143360.000000 1.631587863 0.414177924 -1.805995703 0.001253439 0.394612342 0.157773226 0.905200064
1403715340662142976.000000 1.636042118 0.408481807 -1.801946044 0.001364529 0.386441320 0.158558846 0.908581495
1403715340712143104.000000 1.638770700 0.405283749 -1.795382619 0.001595030 0.381524712 0.157643065 0.910815597
1403715340762143232.000000 1.643235683 0.400238484 -1.790228009 0.000563883 0.376882643 0.158296496 0.912634313
1403715340812143104.000000 1.649388313 0.395574868 -1.784860373 0.000090321 0.373303443 0.158775479 0.914021254
1403715340862142976.000000 1.653839111 0.390753448 -1.780016780 0.000836490 0.370629847 0.162087634 0.914527476
1403715340912143104.000000 1.658585191 0.386235148 -1.773970962 0.002644641 0.368780524 0.166874856 0.914410651
1403715340962142976.000000 1.665992856 0.381748080 -1.768389821 0.003136467 0.367659003 0.169708773 0.914339125
1403715341012143104.000000 1.671949625 0.377719909 -1.762649536 0.003319756 0.367716432 0.172718212 0.913751602
1403715341062142976.000000 1.679977775 0.373095334 -1.757892847 0.004017522 0.368872315 0.173797071 0.913078189
1403715341112143360.000000 1.688944101 0.369812816 -1.752924323 0.004770288 0.371791750 0.171061218 0.912406802
1403715341162142976.000000 1.696050763 0.367002457 -1.747589231 0.005310175 0.376580954 0.165585563 0.911449492
1403715341212143104.000000 1.706229448 0.363357276 -1.741839767 0.010150203 0.380291224 0.163641289 0.910218179
1403715341262143232.000000 1.715559959 0.357396483 -1.737910390 0.013035270 0.383646399 0.163615048 0.908776999
1403715341312143104.000000 1.726137638 0.353736371 -1.733732224 0.016030205 0.387501329 0.161546543 0.907462656
1403715341362142976.000000 1.735349178 0.348888278 -1.729767323 0.018464245 0.392180890 0.158743143 0.905899465
1403715341412143104.000000 1.743575454 0.344622910 -1.725272655 0.020686477 0.396845669 0.156836748 0.904150367
1403715341462142976.000000 1.753751993 0.340603590 -1.722209573 0.019660300 0.400469214 0.154486641 0.902979434
1403715341512143104.000000 1.762565136 0.336644053 -1.717660308 0.018470118 0.404149830 0.154025272 0.901442230
1403715341562142976.000000 1.771335483 0.335030705 -1.713491797 0.016438657 0.408462942 0.149982095 0.900218487
1403715341612143360.000000 1.779838324 0.330704749 -1.710534215 0.016150409 0.411939234 0.146029949 0.899288893
1403715341662142976.000000 1.787996888 0.325984478 -1.707262397 0.015981017 0.415741354 0.141897544 0.898203135
1403715341712143104.000000 1.795238733 0.324679971 -1.703266621 0.016880400 0.419990331 0.135117456 0.897254944
1403715341762143232.000000 1.802123308 0.320180297 -1.700270772 0.013873965 0.422223270 0.132534578 0.896643519
1403715341812143104.000000 1.808684826 0.318633318 -1.695076466 0.011602792 0.424383759 0.129239485 0.896136761
1403715341862142976.000000 1.814142466 0.315872818 -1.691116810 0.009001703 0.425824881 0.126235723 0.895911157
1403715341912143104.000000 1.818785071 0.312067747 -1.686035037 0.008116215 0.424164534 0.130182698 0.896142304
1403715341962142976.000000 1.821916103 0.309154302 -1.681431651 0.009030271 0.421029001 0.136055797 0.896739602
1403715342012143104.000000 1.823556066 0.305965096 -1.676725149 0.009167343 0.417810917 0.143030927 0.897157907
1403715342062142976.000000 1.828148842 0.301268578 -1.670722485 0.007424874 0.413733006 0.149717182 0.897972524
1403715342112143360.000000 1.831250072 0.299234688 -1.664943099 0.005710944 0.410327226 0.154322699 0.898767769
1403715342162142976.000000 1.833556771 0.294117332 -1.659808755 0.003395830 0.406292200 0.161849067 0.899288714
1403715342212143104.000000 1.834509134 0.291486382 -1.653767586 0.002460247 0.403595775 0.165504932 0.899840355
1403715342262143232.000000 1.837683916 0.289416552 -1.647971272 0.001988697 0.400756031 0.167543381 0.900733054
1403715342312143104.000000 1.840168238 0.286156893 -1.641964078 0.002294047 0.398052275 0.168891728 0.901678860
1403715342362142976.000000 1.842154741 0.283272326 -1.636193633 0.001605014 0.394635797 0.168687642 0.903219044
1403715342412143104.000000 1.847005129 0.279747397 -1.629681468 -0.000007617 0.390006065 0.166166335 0.905695319
1403715342462142976.000000 1.850198627 0.277590632 -1.623428106 -0.002398717 0.383593470 0.164621696 0.908707857
1403715342512143104.000000 1.853897810 0.275451422 -1.616888523 -0.005093757 0.377037734 0.159877494 0.912280619
1403715342562142976.000000 1.857753038 0.273577094 -1.609967232 -0.007600468 0.370998114 0.152390495 0.916013002
1403715342612143360.000000 1.861312628 0.271927357 -1.602813005 -0.009051313 0.365682006 0.141927481 0.919810534
1403715342662142976.000000 1.866373539 0.270100057 -1.595998526 -0.008613752 0.359989226 0.129257247 0.923918962
1403715342712143104.000000 1.871856451 0.266549319 -1.587912679 -0.008496205 0.353291273 0.119267993 0.927840710
1403715342762143232.000000 1.877758741 0.262333333 -1.579314351 -0.008396831 0.345517308 0.114148043 0.931406260
1403715342812143104.000000 1.881290674 0.257561237 -1.570287824 -0.006712563 0.337429762 0.114767455 0.934304357
1403715342862142976.000000 1.885693312 0.254106283 -1.560917735 -0.003034186 0.330038995 0.114195935 0.937029600
1403715342912143104.000000 1.888904572 0.249138132 -1.551648974 -0.000778678 0.323565513 0.115954228 0.939073741
1403715342962142976.000000 1.893995404 0.245463997 -1.542011380 0.003357741 0.318089187 0.116420090 0.940879643
1403715343012143104.000000 1.896646380 0.241101652 -1.532005429 0.006832232 0.314514756 0.116641901 0.942034304
1403715343062142976.000000 1.903546214 0.236196935 -1.521377683 0.009102692 0.310238123 0.118278719 0.943228364
1403715343112143360.000000 1.907391667 0.232287928 -1.510755777 0.010122503 0.308466613 0.117444694 0.943902850
1403715343162142976.000000 1.910087228 0.229835495 -1.500955939 0.010921859 0.306354553 0.117141396 0.944619238
1403715343212143104.000000 1.917078137 0.225381359 -1.489888072 0.011993903 0.303499877 0.117717877 0.945455730
1403715343262143232.000000 1.921013355 0.223708689 -1.478952527 0.010412835 0.301976651 0.117082365 0.946040928
1403715343312143104.000000 1.923629999 0.220375627 -1.467980266 0.008454308 0.301488876 0.117543824 0.946158826
1403715343362142976.000000 1.928884983 0.219190806 -1.456823826 0.006184228 0.300233543 0.118074946 0.946509361
1403715343412143104.000000 1.932206154 0.216770262 -1.446210742 0.002425930 0.300538182 0.117085285 0.946552694
1403715343462142976.000000 1.937084079 0.214805514 -1.435272455 0.000286532 0.300922036 0.115984492 0.946569324
1403715343512143104.000000 1.940296173 0.212811157 -1.423523664 -0.000330423 0.301874846 0.116181947 0.946241736
1403715343562142976.000000 1.945454717 0.210064858 -1.412871003 -0.001494204 0.302547753 0.115601212 0.946096778
1403715343612143360.000000 1.950604558 0.207138717 -1.400739431 -0.001971105 0.303477556 0.115749866 0.945779860
1403715343662142976.000000 1.954093695 0.204216227 -1.387802958 -0.001970623 0.306066722 0.114488997 0.945098758
1403715343712143104.000000 1.959897161 0.200573504 -1.375322104 -0.001395931 0.307551771 0.113041930 0.944791794
1403715343762143232.000000 1.965933323 0.196753010 -1.362831831 -0.000024858 0.309969515 0.109599881 0.944408178
1403715343812143104.000000 1.969700694 0.192492723 -1.350270033 0.003445158 0.312626123 0.107798226 0.943733335
1403715343862142976.000000 1.974572659 0.187965468 -1.337181568 0.004357100 0.313596964 0.106900029 0.943509579
1403715343912143104.000000 1.977741480 0.183693752 -1.324235797 0.006166524 0.314107507 0.106559135 0.943368256
1403715343962142976.000000 1.982742310 0.179269552 -1.310798407 0.008754838 0.312258095 0.106898062 0.943923295
1403715344012143104.000000 1.983957171 0.174402416 -1.297737718 0.009533475 0.310320556 0.105753943 0.944683254
1403715344062142976.000000 1.987230778 0.168309137 -1.283696413 0.012213257 0.306158006 0.105008215 0.946092784
1403715344112143360.000000 1.990263939 0.163447380 -1.270411015 0.014587290 0.300004184 0.103040166 0.948244452
1403715344162142976.000000 1.993273735 0.158100128 -1.257100224 0.016593564 0.292442769 0.101173021 0.950771213
1403715344212143104.000000 1.994902134 0.153696001 -1.244044065 0.017254220 0.285731465 0.095644370 0.953368783
1403715344262143232.000000 1.996509075 0.147988632 -1.230606079 0.018791420 0.280197889 0.088830628 0.955638647
1403715344312143104.000000 1.996818781 0.142148420 -1.217890859 0.020335648 0.275788158 0.080806017 0.957599998
1403715344362142976.000000 1.997611642 0.139223665 -1.205045819 0.023764735 0.271685332 0.072811686 0.959333539
1403715344412143104.000000 1.998725057 0.135139883 -1.190512180 0.027336542 0.267964244 0.065073803 0.960839927
1403715344462142976.000000 1.997083068 0.130785540 -1.178200603 0.029662259 0.264297634 0.060228787 0.962101579
1403715344512143104.000000 1.994644284 0.126654685 -1.164826632 0.031515032 0.261656046 0.053836625 0.963143110
1403715344562142976.000000 1.991156578 0.123000287 -1.151746511 0.032633089 0.258357942 0.051046975 0.964147568
1403715344612143360.000000 1.985401273 0.120061085 -1.139338970 0.031305339 0.255076766 0.049984001 0.965120435
1403715344662142976.000000 1.978742599 0.116521545 -1.126727819 0.025923301 0.252875358 0.048570212 0.965931177
1403715344712143104.000000 1.973410964 0.113580443 -1.114144564 0.021032328 0.249994740 0.048258640 0.966815054
1403715344762143232.000000 1.965765476 0.110987753 -1.102090597 0.016197238 0.247474432 0.048422914 0.967548132
1403715344812143104.000000 1.954319954 0.108224258 -1.088607311 0.013536835 0.246387586 0.048276588 0.967873573
1403715344862142976.000000 1.947425723 0.103546023 -1.077509403 0.011162016 0.244061336 0.048830241 0.968465388
1403715344912143104.000000 1.934851885 0.101922520 -1.062535167 0.010094621 0.243379831 0.048707530 0.968654752
1403715344962142976.000000 1.924372792 0.097961433 -1.049668670 0.011411767 0.241535082 0.051011451 0.968983233
1403715345012143104.000000 1.912170291 0.093532607 -1.036454797 0.015659219 0.238827974 0.056720454 0.969277501
1403715345062142976.000000 1.900113106 0.090504147 -1.022860050 0.020946316 0.236325368 0.061356962 0.969508588
1403715345112143360.000000 1.886176586 0.086801514 -1.009382963 0.025836227 0.234701693 0.065022640 0.969546139
1403715345162142976.000000 1.872494340 0.081800632 -0.997301817 0.027499627 0.233362481 0.068885013 0.969556987
1403715345212143104.000000 1.859763026 0.080432594 -0.986307144 0.028771348 0.231451645 0.071716920 0.969772696
1403715345262143232.000000 1.844785213 0.073936492 -0.974162340 0.026483608 0.231529236 0.073312394 0.969700038
1403715345312143104.000000 1.827323079 0.071874559 -0.960615277 0.026816366 0.231678307 0.075267568 0.969505489
1403715345362142976.000000 1.807158947 0.069107905 -0.946857929 0.026103077 0.232816845 0.075561732 0.969229341
1403715345412143104.000000 1.795281172 0.066422403 -0.936865330 0.025559446 0.231349394 0.076851830 0.969493687
1403715345462142976.000000 1.779831052 0.063472219 -0.924606860 0.025098447 0.230574444 0.078164496 0.969585359
1403715345512143104.000000 1.766673446 0.058637686 -0.913868845 0.023768947 0.229867950 0.077854738 0.969811559
1403715345562142976.000000 1.748190165 0.056078628 -0.904051006 0.024642279 0.230009958 0.078159451 0.969731569
1403715345612143360.000000 1.733657598 0.053690288 -0.894944966 0.025154455 0.228518263 0.079152018 0.969990551
1403715345662142976.000000 1.716691852 0.053286970 -0.883733988 0.026520783 0.228098422 0.079595879 0.970016658
1403715345712143104.000000 1.698173761 0.051236123 -0.873062789 0.026863463 0.228004098 0.080599152 0.969946563
1403715345762143232.000000 1.679256678 0.049358118 -0.861832380 0.027341947 0.228157982 0.081088759 0.969856143
1403715345812143104.000000 1.662942290 0.047684763 -0.852315426 0.027264005 0.227300301 0.082051016 0.969978869
1403715345862142976.000000 1.647140861 0.045199092 -0.842692494 0.025363695 0.226294100 0.083634138 0.970130384
1403715345912143104.000000 1.626562715 0.042755999 -0.830589950 0.018456496 0.227173060 0.084295928 0.970023751
1403715345962142976.000000 1.608865142 0.042305257 -0.821215928 0.009941313 0.226434439 0.085839584 0.970185697
1403715346012143104.000000 1.592500448 0.041598599 -0.812664986 0.003372087 0.225408718 0.088191688 0.970258653
1403715346062142976.000000 1.575925231 0.039999280 -0.803063035 -0.003146182 0.224459201 0.091106176 0.970210195
1403715346112143360.000000 1.558617473 0.039049827 -0.793277621 -0.006786159 0.224448025 0.092228614 0.970088124
1403715346162142976.000000 1.542748928 0.035035931 -0.785018504 -0.008974166 0.224228993 0.093098067 0.970037937
1403715346212143104.000000 1.527426958 0.032117188 -0.775117099 -0.005996114 0.224717796 0.093501389 0.969909072
1403715346262143232.000000 1.511470079 0.026291277 -0.765473425 -0.002575305 0.225735471 0.092940606 0.969741702
1403715346312143104.000000 1.497126937 0.022515655 -0.754912853 0.001623067 0.226499587 0.093488254 0.969512939
1403715346362142976.000000 1.482269168 0.017318914 -0.743603170 0.004915629 0.227673933 0.093087487 0.969265282
1403715346412143104.000000 1.468490005 0.012753395 -0.733137369 0.009402855 0.228972077 0.093495876 0.968886971
1403715346462142976.000000 1.452612400 0.008021085 -0.721896112 0.013541264 0.231055945 0.093460605 0.968346477
1403715346512143104.000000 1.439357877 0.001568526 -0.713267446 0.017030880 0.231836095 0.094844595 0.967970371
1403715346562142976.000000 1.424607277 -0.004117828 -0.701357007 0.019253405 0.233803168 0.096566387 0.967285097
1403715346612143360.000000 1.415083408 -0.009729568 -0.695110619 0.021745924 0.233245417 0.100111298 0.967006445
1403715346662142976.000000 1.402022362 -0.011329437 -0.687363625 0.024090296 0.234699324 0.102121681 0.966388702
1403715346712143104.000000 1.388977408 -0.016749518 -0.678058207 0.026312511 0.236756489 0.103617184 0.965669453
1403715346762143232.000000 1.375927806 -0.022368779 -0.668407500 0.026814889 0.238910779 0.105652615 0.964904249
1403715346812143104.000000 1.362542987 -0.027154874 -0.660255671 0.026170695 0.241398275 0.107216895 0.964129984
1403715346862142976.000000 1.352048278 -0.029208874 -0.652662933 0.024938090 0.243268207 0.107597291 0.963650167
1403715346912143104.000000 1.339059234 -0.033441477 -0.645478725 0.022926578 0.244619116 0.111448683 0.962920070
1403715346962142976.000000 1.325195312 -0.033500075 -0.637442827 0.021151416 0.246061504 0.114694528 0.962211847
1403715347012143104.000000 1.318137646 -0.041524455 -0.632780671 0.016696552 0.245630771 0.119084895 0.961876094
1403715347062142976.000000 1.306998014 -0.042536139 -0.625796378 0.014317128 0.246608391 0.121294022 0.961388111
1403715347112143360.000000 1.295339108 -0.045758013 -0.618916273 0.012103263 0.248032525 0.118840933 0.961358547
1403715347162142976.000000 1.283733845 -0.052011386 -0.610739827 0.008720214 0.248633355 0.114578038 0.961757421
1403715347212143104.000000 1.274572253 -0.054705173 -0.605790973 0.008227354 0.246483952 0.108636320 0.963003755
1403715347262143232.000000 1.264553905 -0.059039146 -0.600333691 0.008874575 0.242723674 0.102749266 0.964597940
1403715347312143104.000000 1.256452322 -0.062480874 -0.594643056 0.010267149 0.236755222 0.095795594 0.966780663
1403715347362142976.000000 1.246069789 -0.068711966 -0.586810172 0.011071770 0.230743781 0.088344671 0.968932450
1403715347412143104.000000 1.236074805 -0.071344092 -0.581246555 0.013696814 0.223338678 0.078489058 0.971479177
1403715347462142976.000000 1.227262259 -0.077159539 -0.576744556 0.014252970 0.214579403 0.070915714 0.974024415
1403715347512143104.000000 1.217586279 -0.083069243 -0.569674134 0.014507438 0.206826270 0.062572271 0.976266980
1403715347562142976.000000 1.209863424 -0.085233442 -0.566091299 0.017285977 0.199099034 0.055800177 0.978236794
1403715347612143360.000000 1.199259281 -0.091172323 -0.557993472 0.018172082 0.193406716 0.050061189 0.979672134
1403715347662142976.000000 1.186878085 -0.094087675 -0.552047133 0.021190584 0.187940761 0.046925027 0.980829954
1403715347712143104.000000 1.174538255 -0.100663461 -0.545073509 0.022999659 0.181813449 0.048529975 0.981865525
1403715347762143232.000000 1.164601445 -0.103840485 -0.541193724 0.025260940 0.174662113 0.052541811 0.982901037
1403715347812143104.000000 1.153283596 -0.110161819 -0.536365211 0.025892511 0.167898268 0.055038713 0.983926058
1403715347862142976.000000 1.140018821 -0.113164827 -0.529879689 0.027523160 0.159961134 0.058175009 0.985023141
1403715347912143104.000000 1.128567576 -0.120257236 -0.525161982 0.027402015 0.150781929 0.061313629 0.986283243
1403715347962142976.000000 1.114956737 -0.125732437 -0.520233870 0.028226009 0.140059531 0.066054001 0.987534046
1403715348012143104.000000 1.104103804 -0.131275147 -0.515135229 0.029111382 0.127512962 0.070989281 0.988864779
1403715348062142976.000000 1.091059089 -0.132745489 -0.511441946 0.030290261 0.115295306 0.072274916 0.990235269
1403715348112143360.000000 1.079752445 -0.139054403 -0.506165147 0.029631400 0.102454536 0.070708476 0.991778910
1403715348162142976.000000 1.069563866 -0.143450767 -0.502132654 0.027583605 0.088504881 0.067764141 0.993385196
1403715348212143104.000000 1.061346412 -0.145168439 -0.498959899 0.027270833 0.073539294 0.063691944 0.994882762
1403715348262143232.000000 1.050225139 -0.148502931 -0.496028304 0.023906033 0.060316570 0.057241987 0.996249855
1403715348312143104.000000 1.041935682 -0.148492187 -0.492616683 0.022408051 0.047231719 0.050317101 0.997364223
1403715348362142976.000000 1.036195993 -0.149355233 -0.489921182 0.019835882 0.034362815 0.044611894 0.998216212
1403715348412143104.000000 1.026237249 -0.148388341 -0.487172782 0.017944656 0.025950421 0.039379276 0.998726130
1403715348462142976.000000 1.022390246 -0.151597440 -0.484905005 0.013622363 0.017212313 0.035425484 0.999131262
1403715348512143104.000000 1.017598987 -0.147538498 -0.479989618 0.012700880 0.010669420 0.031953543 0.999351740
1403715348562142976.000000 1.012593746 -0.143488511 -0.476932466 0.012469034 0.005604111 0.029615972 0.999467909
1403715348612143360.000000 1.009134173 -0.138882339 -0.468833566 0.014307346 0.000716999 0.029024016 0.999476075
1403715348662142976.000000 1.008289099 -0.134582743 -0.460917294 0.016678914 -0.004559000 0.031999808 0.999338329
1403715348712143104.000000 1.006111860 -0.133290112 -0.453788280 0.017238475 -0.008223558 0.034124129 0.999235153
1403715348762143232.000000 1.003878117 -0.122847997 -0.444873363 0.019483183 -0.011913095 0.035757329 0.999099612
1403715348812143104.000000 1.000431657 -0.122509733 -0.439522743 0.019203592 -0.014917791 0.035282787 0.999081492
1403715348862142976.000000 1.000555158 -0.112582132 -0.429633021 0.022115991 -0.019940166 0.034657322 0.998955548
1403715348912143104.000000 1.000690103 -0.111498781 -0.422917992 0.021531789 -0.024014933 0.034084331 0.998898387
1403715348962142976.000000 1.003630161 -0.103443764 -0.414041042 0.022255398 -0.028562034 0.032079339 0.998829305
1403715349012143104.000000 1.006627917 -0.097371258 -0.405394763 0.024133096 -0.031618733 0.029029433 0.998786867
1403715349062142976.000000 1.009243250 -0.095973268 -0.400335759 0.024312481 -0.033484299 0.024845164 0.998834550
1403715349112143360.000000 1.014345407 -0.091007710 -0.392570883 0.025826585 -0.036017403 0.019129222 0.998834252
1403715349162142976.000000 1.017792583 -0.084356122 -0.386012226 0.028988473 -0.038791116 0.014926265 0.998715281
1403715349212143104.000000 1.025563955 -0.083478592 -0.379605263 0.030674877 -0.042413861 0.011267850 0.998565614
1403715349262143232.000000 1.032708883 -0.080078572 -0.372900248 0.033180419 -0.045926705 0.008948646 0.998353541
1403715349312143104.000000 1.036729574 -0.076275490 -0.370227695 0.036700685 -0.047940027 0.007548888 0.998147249
1403715349362142976.000000 1.043845177 -0.072048783 -0.365018487 0.038764872 -0.049742151 0.004844047 0.997997761
1403715349412143104.000000 1.053689837 -0.065574937 -0.357371688 0.042311877 -0.051317949 0.001870385 0.997783959
1403715349462142976.000000 1.061165571 -0.062577993 -0.352041423 0.043054316 -0.051100433 -0.001691360 0.997763634
1403715349512143104.000000 1.068315148 -0.057765502 -0.348246783 0.043836690 -0.049679190 -0.005384849 0.997788250
1403715349562142976.000000 1.075565696 -0.052924007 -0.342946947 0.041883208 -0.049724862 -0.008895520 0.997844756
1403715349612143360.000000 1.085476756 -0.045139421 -0.338737458 0.040906746 -0.052174132 -0.012423187 0.997722566
1403715349662142976.000000 1.091227293 -0.039209183 -0.337496132 0.039289586 -0.054824531 -0.015151265 0.997607648
1403715349712143104.000000 1.101234555 -0.033657372 -0.334389150 0.036893383 -0.061084285 -0.016838724 0.997308373
1403715349762143232.000000 1.109168649 -0.028693108 -0.332196563 0.034828052 -0.067920551 -0.018485775 0.996911287
1403715349812143104.000000 1.116724849 -0.024392726 -0.330138385 0.031900421 -0.076600529 -0.018124960 0.996386647
1403715349862142976.000000 1.123629689 -0.019544046 -0.330681682 0.030637166 -0.085539035 -0.019212391 0.995678365
1403715349912143104.000000 1.131247997 -0.011821061 -0.330115736 0.031238900 -0.094811141 -0.022378651 0.994753361
1403715349962142976.000000 1.139587879 -0.008904516 -0.329810888 0.029686591 -0.105099246 -0.025516970 0.993690968
1403715350012143104.000000 1.147828698 -0.002202900 -0.329198509 0.029604051 -0.114176273 -0.030150766 0.992561519
1403715350062142976.000000 1.157353759 0.000733207 -0.329296231 0.028617118 -0.121981353 -0.035030916 0.991501153
1403715350112143360.000000 1.165511131 0.006454228 -0.329499006 0.024684338 -0.127523646 -0.040762458 0.990690112
1403715350162142976.000000 1.174267530 0.011697394 -0.328784347 0.020452231 -0.132707804 -0.044625696 0.989938855
1403715350212143104.000000 1.183024645 0.016691774 -0.326896816 0.016166663 -0.136021391 -0.049596321 0.989331663
1403715350262143232.000000 1.193649411 0.019523041 -0.327375501 0.008454932 -0.137836948 -0.055179201 0.988880634
1403715350312143104.000000 1.201325417 0.025031565 -0.326479703 0.003579735 -0.137669697 -0.061551463 0.988557339
1403715350362142976.000000 1.210770249 0.029422646 -0.326010585 -0.001458089 -0.137693033 -0.066535525 0.988236606
1403715350412143104.000000 1.218697667 0.034409985 -0.323046893 -0.004615307 -0.136095375 -0.071967922 0.988067567
1403715350462142976.000000 1.226223826 0.038498349 -0.320305735 -0.007167047 -0.134562299 -0.076575987 0.987915874
1403715350512143104.000000 1.232985139 0.042476296 -0.317230165 -0.007901621 -0.132557407 -0.080783643 0.987846255
1403715350562142976.000000 1.238740087 0.047438577 -0.312533498 -0.008236961 -0.130977750 -0.082690254 0.987896442
1403715350612143360.000000 1.242611647 0.050501935 -0.308661282 -0.008278565 -0.129639894 -0.082534932 0.988085568
1403715350662142976.000000 1.245744586 0.053028744 -0.305875570 -0.007898537 -0.128716767 -0.080208801 0.988400817
1403715350712143104.000000 1.249166012 0.053765912 -0.300676227 -0.008229423 -0.129581898 -0.076635607 0.988568604
1403715350762143232.000000 1.251417398 0.055669352 -0.295062095 -0.008135760 -0.130329564 -0.072565384 0.988778174
1403715350812143104.000000 1.251765847 0.057196654 -0.289564431 -0.006398798 -0.130808920 -0.070464551 0.988879561
1403715350862142976.000000 1.252002239 0.058297563 -0.282682538 -0.003600470 -0.130456939 -0.070795752 0.988916636
1403715350912143104.000000 1.251497030 0.059666362 -0.276681632 -0.000743577 -0.129466623 -0.073059492 0.988888383
1403715350962142976.000000 1.249662042 0.059030566 -0.269764483 0.002181268 -0.128784537 -0.075668000 0.988779187
1403715351012143104.000000 1.246526361 0.059685260 -0.262954980 0.004182155 -0.128130138 -0.077588655 0.988708913
1403715351062142976.000000 1.244983315 0.057264771 -0.256094009 0.003957475 -0.128841490 -0.078680865 0.988530993
1403715351112143360.000000 1.240367293 0.056848966 -0.248692498 0.004952250 -0.128815517 -0.079256259 0.988483965
1403715351162142976.000000 1.236632705 0.054173436 -0.241835251 0.004237114 -0.130203858 -0.077802598 0.988420844
1403715351212143104.000000 1.231006980 0.053431496 -0.233912334 0.003670804 -0.131652325 -0.076423198 0.988338888
1403715351262143232.000000 1.224255919 0.052311778 -0.225957125 0.003947336 -0.132533729 -0.075531520 0.988288522
1403715351312143104.000000 1.217747450 0.049210817 -0.218527913 0.007808661 -0.134416148 -0.072415039 0.988244653
1403715351362142976.000000 1.209469676 0.045557741 -0.211740851 0.011255600 -0.134721294 -0.071760111 0.988217592
1403715351412143104.000000 1.200244665 0.042379253 -0.204814896 0.015650466 -0.134975642 -0.070484534 0.988214910
1403715351462142976.000000 1.192470074 0.039653502 -0.195373386 0.018769540 -0.135210276 -0.070204876 0.988148332
1403715351512143104.000000 1.184168577 0.035985924 -0.186952770 0.021244569 -0.135330975 -0.070303723 0.988074720
1403715351562142976.000000 1.173610210 0.032839008 -0.180373952 0.027214685 -0.134636924 -0.069956958 0.988047779
1403715351612143360.000000 1.162361979 0.028391562 -0.173416778 0.035253171 -0.133842036 -0.069810636 0.987911940
1403715351662142976.000000 1.151634455 0.026274046 -0.166846037 0.040234812 -0.134086847 -0.070470646 0.987641573
1403715351712143104.000000 1.140510798 0.021546427 -0.160676911 0.040154874 -0.135685071 -0.071587048 0.987346232
1403715351762143232.000000 1.128857851 0.019183293 -0.153368935 0.038835071 -0.139339760 -0.072978847 0.986787915
1403715351812143104.000000 1.115867734 0.015699549 -0.148199260 0.036914688 -0.144995153 -0.072459057 0.986084878
1403715351862142976.000000 1.102795124 0.010158017 -0.147332460 0.033528198 -0.151796669 -0.070950352 0.985291660
1403715351912143104.000000 1.089159608 0.007510826 -0.144839168 0.031622063 -0.160009727 -0.070165761 0.984110594
1403715351962142976.000000 1.075840473 0.003108297 -0.141618937 0.028845297 -0.170327798 -0.068394892 0.982587695
1403715352012143104.000000 1.061492801 -0.001826510 -0.139447391 0.026136296 -0.180011883 -0.067445211 0.981001377
1403715352062142976.000000 1.047940135 -0.004614456 -0.135767102 0.024419978 -0.190685451 -0.067142367 0.979047894
1403715352112143360.000000 1.032285690 -0.008615629 -0.134459853 0.022838861 -0.198244646 -0.069250546 0.977436423
1403715352162142976.000000 1.019852519 -0.015744980 -0.131721184 0.020775987 -0.206924334 -0.069405712 0.975670815
1403715352212143104.000000 1.005548000 -0.019131737 -0.130656779 0.020678034 -0.213495880 -0.068252444 0.974337459
1403715352262143232.000000 0.992882550 -0.021078648 -0.126346916 0.020381579 -0.218533248 -0.069091976 0.973167062
1403715352312143104.000000 0.980862975 -0.026116872 -0.122681275 0.017662568 -0.223472238 -0.070178002 0.972020268
1403715352362142976.000000 0.967583120 -0.030312214 -0.119879030 0.016662247 -0.226409554 -0.070647225 0.971323907
1403715352412143104.000000 0.955552161 -0.035685629 -0.116641298 0.014932629 -0.230906785 -0.066363983 0.970595121
1403715352462142976.000000 0.943458915 -0.039529674 -0.113781080 0.013261627 -0.235629112 -0.059433203 0.969933391
1403715352512143104.000000 0.932566404 -0.043305896 -0.109553516 0.013452680 -0.239983574 -0.052837647 0.969244659
1403715352562142976.000000 0.919798791 -0.045659322 -0.104523316 0.014880945 -0.241454929 -0.051300436 0.968940914
1403715352612143360.000000 0.910131633 -0.050814815 -0.099200740 0.017080363 -0.241161346 -0.056069702 0.968713403
1403715352662142976.000000 0.899608016 -0.052800864 -0.093179710 0.019782953 -0.240164459 -0.060684320 0.968631566
1403715352712143104.000000 0.891652763 -0.056828544 -0.087039381 0.023268923 -0.239938974 -0.063505277 0.968429148
1403715352762143232.000000 0.882323980 -0.058542207 -0.082387410 0.028920108 -0.237826735 -0.068653278 0.968446612
1403715352812143104.000000 0.874529421 -0.063969046 -0.077203602 0.032681178 -0.237132043 -0.071086675 0.968321741
1403715352862142976.000000 0.866495669 -0.068407871 -0.070885062 0.035601601 -0.236394644 -0.073781006 0.968197584
1403715352912143104.000000 0.859163105 -0.070196591 -0.065614372 0.037786506 -0.235132709 -0.077331975 0.968144894
1403715352962142976.000000 0.851807833 -0.071381904 -0.061731271 0.039836966 -0.235524043 -0.076408982 0.968040884
1403715353012143104.000000 0.845175683 -0.074482948 -0.057675652 0.040118147 -0.236835271 -0.074002855 0.967896283
1403715353062142976.000000 0.839372516 -0.077578083 -0.052340977 0.039896920 -0.237557560 -0.073674224 0.967753470
1403715353112143360.000000 0.831888080 -0.081318244 -0.050050847 0.038840886 -0.237372845 -0.075280353 0.967718124
1403715353162142976.000000 0.826125741 -0.084134951 -0.046263870 0.037678529 -0.237601101 -0.076513253 0.967611432
1403715353212143104.000000 0.822185218 -0.089018479 -0.043778874 0.036986493 -0.238724932 -0.078030795 0.967240214
1403715353262143232.000000 0.817605257 -0.095695727 -0.043444004 0.036147401 -0.239790991 -0.078542531 0.966966808
1403715353312143104.000000 0.813172698 -0.101318717 -0.041723672 0.035573587 -0.241225347 -0.078930117 0.966599643
1403715353362142976.000000 0.808244288 -0.108852074 -0.041393608 0.034025196 -0.242472142 -0.080329709 0.966228127
1403715353412143104.000000 0.805984497 -0.116240099 -0.040627751 0.033093318 -0.244219199 -0.083403274 0.965559840
1403715353462142976.000000 0.802326262 -0.122459799 -0.039242756 0.032561313 -0.245695025 -0.085449226 0.965024471
1403715353512143104.000000 0.796587229 -0.125971898 -0.039067514 0.031643827 -0.246082112 -0.087504335 0.964772165
1403715353562142976.000000 0.794841528 -0.127760977 -0.036614709 0.031402566 -0.247821540 -0.088733867 0.964222372
1403715353612143360.000000 0.789327919 -0.127693981 -0.035960149 0.031126708 -0.248555601 -0.090117134 0.963913977
1403715353662142976.000000 0.784575045 -0.125094458 -0.034456935 0.032470752 -0.248887867 -0.092213437 0.963585615
1403715353712143104.000000 0.778423190 -0.122800156 -0.033116870 0.032819450 -0.248579234 -0.094131857 0.963467956
1403715353762143232.000000 0.775921881 -0.120780297 -0.029885024 0.033154372 -0.250344127 -0.095650405 0.962849796
1403715353812143104.000000 0.771313787 -0.116451755 -0.027843770 0.034915529 -0.250774443 -0.097473830 0.962492645
1403715353862142976.000000 0.767801702 -0.114977568 -0.025410086 0.034338515 -0.252186000 -0.098255530 0.962064981
1403715353912143104.000000 0.764408708 -0.111861601 -0.022284586 0.035179857 -0.253692299 -0.098623343 0.961600780
1403715353962142976.000000 0.759977639 -0.107456878 -0.019908715 0.034741886 -0.254807234 -0.099427156 0.961239040
1403715354012143104.000000 0.755688369 -0.103706002 -0.018595744 0.033765510 -0.255741537 -0.099363439 0.961032271
1403715354062142976.000000 0.751826763 -0.100687474 -0.016310420 0.029884161 -0.258100241 -0.097150534 0.960756481
1403715354112143360.000000 0.748182476 -0.095817015 -0.015590359 0.026528051 -0.261851519 -0.090523079 0.960487187
1403715354162142976.000000 0.743452370 -0.093503065 -0.014351547 0.021931356 -0.265123934 -0.084228262 0.960278034
1403715354212143104.000000 0.740594685 -0.090363175 -0.012402058 0.017958025 -0.268409640 -0.079301856 0.959867179
1403715354262143232.000000 0.737806380 -0.085941285 -0.010577261 0.015254168 -0.269803137 -0.077840693 0.959642947
1403715354312143104.000000 0.735090435 -0.082697220 -0.008513682 0.014466097 -0.270045102 -0.079381086 0.959460855
1403715354362142976.000000 0.731569171 -0.079488292 -0.005538553 0.013177953 -0.268874675 -0.083131261 0.959490538
1403715354412143104.000000 0.730159163 -0.072360180 -0.002663758 0.014748643 -0.267127335 -0.088208281 0.959502339
1403715354462142976.000000 0.727067530 -0.068596877 -0.000479288 0.014864947 -0.265167028 -0.093161263 0.959576190
1403715354512143104.000000 0.725241125 -0.064407974 0.002719227 0.015988953 -0.264133245 -0.096889004 0.959474087
1403715354562142976.000000 0.722730398 -0.063708112 0.005250454 0.015442473 -0.263507217 -0.098410614 0.959500313
1403715354612143360.000000 0.720913947 -0.060517482 0.009253353 0.017214058 -0.263942450 -0.098378263 0.959353864
1403715354662142976.000000 0.719149292 -0.060621951 0.011543892 0.017178871 -0.263699591 -0.098360054 0.959423184
1403715354712143104.000000 0.716453910 -0.061778009 0.014469493 0.017461296 -0.263461918 -0.097829111 0.959537625
1403715354762143232.000000 0.714626133 -0.063665658 0.015959956 0.017948007 -0.263223380 -0.097517014 0.959625840
1403715354812143104.000000 0.712256551 -0.066656642 0.017536465 0.017454769 -0.263240188 -0.096551009 0.959728062
1403715354862142976.000000 0.710982442 -0.072633266 0.019585125 0.017689548 -0.263466507 -0.097147100 0.959601462
1403715354912143104.000000 0.707384348 -0.079157181 0.019425076 0.017807357 -0.264524698 -0.093365975 0.959683537
1403715354962142976.000000 0.705532551 -0.087126441 0.019865066 0.018209847 -0.266285509 -0.090207137 0.959491134
1403715355012143104.000000 0.704714417 -0.094253257 0.021280514 0.020131035 -0.268827707 -0.087704167 0.958975732
1403715355062142976.000000 0.701887786 -0.102978982 0.021607375 0.020373961 -0.269245923 -0.088112317 0.958815873
1403715355112143360.000000 0.700430691 -0.112655394 0.022446550 0.019414341 -0.269921958 -0.090369157 0.958435535
1403715355162142976.000000 0.699593127 -0.121190429 0.023984648 0.019219860 -0.273150295 -0.093172006 0.957255781
1403715355212143104.000000 0.697920501 -0.127739653 0.024449388 0.018092642 -0.277585119 -0.095467046 0.955774665
1403715355262143232.000000 0.696416676 -0.133212388 0.026014240 0.019181965 -0.283676594 -0.099413946 0.953559995
1403715355312143104.000000 0.695849359 -0.138904437 0.028417423 0.018926594 -0.290613145 -0.105172634 0.950854659
1403715355362142976.000000 0.695087373 -0.147283211 0.029870789 0.018067107 -0.299073577 -0.110356502 0.947655022
1403715355412143104.000000 0.692524314 -0.152258173 0.031665750 0.019411545 -0.307897717 -0.114649713 0.944286883
1403715355462142976.000000 0.691710174 -0.159531757 0.032875124 0.019839508 -0.319496155 -0.117783941 0.940029562
1403715355512143104.000000 0.689873636 -0.163829476 0.035435196 0.022484835 -0.330434620 -0.120946407 0.935777485
1403715355562142976.000000 0.688178539 -0.169378087 0.036122885 0.024026860 -0.341294974 -0.124630094 0.931347370
1403715355612143360.000000 0.686723232 -0.174497336 0.038341835 0.024765767 -0.352711946 -0.128489524 0.926537335
1403715355662142976.000000 0.685781479 -0.182355523 0.040622234 0.024522616 -0.362396687 -0.133619010 0.922070146
1403715355712143104.000000 0.685977221 -0.186996713 0.041889235 0.025600934 -0.370767623 -0.138186142 0.918030798
1403715355762143232.000000 0.684516788 -0.194431782 0.044275530 0.025092095 -0.377470434 -0.142646015 0.914624870
1403715355812143104.000000 0.682469487 -0.199283823 0.047070250 0.024922205 -0.381970704 -0.146648854 0.912124634
1403715355862142976.000000 0.683933735 -0.203780815 0.048429586 0.024355166 -0.385922104 -0.150027990 0.909924567
1403715355912143104.000000 0.683126271 -0.208661288 0.053997345 0.024427034 -0.389466405 -0.152851820 0.907940328
1403715355962142976.000000 0.682986677 -0.211905092 0.058067568 0.024655111 -0.391270310 -0.155826911 0.906651914
1403715356012143104.000000 0.681569576 -0.216545194 0.059695631 0.025485620 -0.391307354 -0.159041092 0.906054676
1403715356062142976.000000 0.681383014 -0.223891944 0.064847574 0.025056973 -0.391128749 -0.162952945 0.905448437
1403715356112143360.000000 0.677932978 -0.223367393 0.066535965 0.028271956 -0.387587011 -0.168329418 0.905893087
1403715356162142976.000000 0.677139401 -0.228252470 0.069777541 0.028947791 -0.384848714 -0.172109723 0.906328797
1403715356212143104.000000 0.674437761 -0.236769438 0.071773782 0.028959690 -0.381409496 -0.174007326 0.907419205
1403715356262143232.000000 0.671709359 -0.240341902 0.075293809 0.029969512 -0.378273010 -0.174073517 0.908685744
1403715356312143104.000000 0.668890357 -0.242164433 0.078806825 0.030218072 -0.374954134 -0.174723834 0.909927368
1403715356362142976.000000 0.664597988 -0.244847313 0.081541225 0.027275542 -0.371775955 -0.174095735 0.911443591
1403715356412143104.000000 0.660410762 -0.247476429 0.082667492 0.023761719 -0.368933916 -0.173092499 0.912886739
1403715356462142976.000000 0.655000389 -0.249104857 0.082801118 0.020342723 -0.366524845 -0.169801250 0.914556324
1403715356512143104.000000 0.648455143 -0.252223313 0.083098307 0.015148382 -0.365948856 -0.162990078 0.916125715
1403715356562142976.000000 0.640346766 -0.253415406 0.082690321 0.012516605 -0.365362972 -0.157591462 0.917343020
1403715356612143360.000000 0.632916570 -0.256057590 0.085065603 0.009748208 -0.367078215 -0.152697384 0.917519569
1403715356662142976.000000 0.626566231 -0.258953840 0.087459564 0.008227187 -0.370619953 -0.149172693 0.916690111
1403715356712143104.000000 0.618214726 -0.261095852 0.087359674 0.007190450 -0.373926669 -0.147968784 0.915550351
1403715356762143232.000000 0.610339761 -0.260412335 0.092087895 0.007565794 -0.379756838 -0.147346258 0.913245142
1403715356812143104.000000 0.601686478 -0.262620121 0.092611477 0.007662637 -0.386105806 -0.147320762 0.910582304
1403715356862142976.000000 0.593645334 -0.264342666 0.096863784 0.006454172 -0.393904835 -0.150366768 0.906745434
1403715356912143104.000000 0.584433973 -0.263529569 0.097476825 0.006390521 -0.402044654 -0.152052775 0.902883887
1403715356962142976.000000 0.574426413 -0.265988380 0.098543935 0.006272732 -0.412245989 -0.153641403 0.898002386
1403715357012143104.000000 0.566097677 -0.267720431 0.102555491 0.008690486 -0.423439443 -0.156468615 0.892267466
1403715357062142976.000000 0.560043752 -0.271662951 0.109209619 0.009317863 -0.436699420 -0.159330100 0.885336518
1403715357112143360.000000 0.549533010 -0.274782658 0.110138364 0.012033126 -0.447431326 -0.162983641 0.879259288
1403715357162142976.000000 0.540650129 -0.282109141 0.109634563 0.013163812 -0.457452208 -0.168444827 0.873035312
1403715357212143104.000000 0.532746732 -0.285892785 0.116482571 0.015267264 -0.468042046 -0.172716171 0.866529107
1403715357262143232.000000 0.523115754 -0.291107386 0.124081761 0.019002540 -0.476430267 -0.177551717 0.860888243
1403715357312143104.000000 0.515773654 -0.297246993 0.127580106 0.022007406 -0.481926203 -0.182259798 0.856763780
1403715357362142976.000000 0.505944312 -0.305705845 0.131039962 0.024529772 -0.485407025 -0.187794283 0.853529036
1403715357412143104.000000 0.497339517 -0.312235981 0.133547723 0.025984764 -0.488184303 -0.191097856 0.851165414
1403715357462142976.000000 0.489426643 -0.317328811 0.138173342 0.028976848 -0.490150273 -0.194412276 0.849186063
1403715357512143104.000000 0.482103527 -0.322053939 0.144077197 0.029233517 -0.491665483 -0.197638094 0.847555161
1403715357562142976.000000 0.472464800 -0.326267689 0.146623403 0.028961455 -0.491839319 -0.200704619 0.846742570
1403715357612143360.000000 0.463104367 -0.331561923 0.148514673 0.028741134 -0.491811663 -0.204147354 0.845942795
1403715357662142976.000000 0.454306722 -0.337680519 0.154622763 0.029680545 -0.492500484 -0.206359118 0.844972372
1403715357712143104.000000 0.445129633 -0.342798054 0.159507483 0.033299662 -0.493225604 -0.207453847 0.844146132
1403715357762143232.000000 0.434396207 -0.348032713 0.164053649 0.035570662 -0.492998004 -0.209730282 0.843623698
1403715357812143104.000000 0.423232794 -0.350121349 0.166442558 0.039965659 -0.491682053 -0.213194788 0.843326449
1403715357862142976.000000 0.412560791 -0.354230821 0.170683146 0.042674799 -0.490117997 -0.217532769 0.842996359
1403715357912143104.000000 0.403754920 -0.355923742 0.175832823 0.044227008 -0.489670873 -0.220060438 0.842519939
1403715357962142976.000000 0.393357188 -0.355962962 0.179322258 0.044156339 -0.488910109 -0.222184345 0.842408061
1403715358012143104.000000 0.381291866 -0.357592016 0.179896042 0.043288883 -0.487676501 -0.224490687 0.842556655
1403715358062142976.000000 0.369653732 -0.361548603 0.182831049 0.040527027 -0.487413257 -0.225991979 0.842444956
1403715358112143360.000000 0.358372122 -0.359318256 0.187488168 0.038690411 -0.488563329 -0.224001542 0.842396796
1403715358162142976.000000 0.345194221 -0.359520555 0.187445030 0.036194090 -0.489487261 -0.220651835 0.842855334
1403715358212143104.000000 0.331824243 -0.358277142 0.187790394 0.031464674 -0.490324557 -0.216889814 0.843534589
1403715358262143232.000000 0.318473160 -0.357627183 0.189941421 0.028609049 -0.492169827 -0.213157147 0.843513250
1403715358312143104.000000 0.302292943 -0.361374110 0.186763853 0.024229519 -0.491623908 -0.213147655 0.843971014
1403715358362142976.000000 0.285769522 -0.359364361 0.184797198 0.023147564 -0.491369843 -0.214366734 0.843840599
1403715358412143104.000000 0.271336138 -0.357404709 0.185348406 0.025505085 -0.492472917 -0.217773139 0.842255831
1403715358462142976.000000 0.254584968 -0.355196655 0.185400397 0.028720452 -0.495063037 -0.220209345 0.839997351
1403715358512143104.000000 0.239472851 -0.356827468 0.185566634 0.033273082 -0.499351919 -0.223061129 0.836531103
1403715358562142976.000000 0.219895139 -0.357118070 0.182727307 0.036963485 -0.503082216 -0.225262061 0.833546102
1403715358612143360.000000 0.202001601 -0.352061957 0.180085957 0.041040652 -0.507385969 -0.224860221 0.830850840
1403715358662142976.000000 0.185065180 -0.355294645 0.179750636 0.042117391 -0.514272213 -0.223563597 0.826903641
1403715358712143104.000000 0.165042549 -0.354432046 0.173442945 0.042202625 -0.521727622 -0.217023447 0.823966026
1403715358762143232.000000 0.146620929 -0.352244735 0.168155506 0.041500315 -0.529014528 -0.210544825 0.821031213
1403715358812143104.000000 0.130449399 -0.346719623 0.168885201 0.042854346 -0.536917508 -0.205145180 0.817189515
1403715358862142976.000000 0.111928716 -0.346429080 0.162658453 0.041760497 -0.542110264 -0.201840371 0.814636767
1403715358912143104.000000 0.094011486 -0.344003379 0.161190659 0.043102756 -0.547749341 -0.199204430 0.811437309
1403715358962142976.000000 0.077913046 -0.341826379 0.157832965 0.043156005 -0.551785111 -0.197995856 0.808992207
1403715359012143104.000000 0.059567094 -0.342250407 0.150348410 0.039697450 -0.553836465 -0.198752657 0.807580769
1403715359062142976.000000 0.043382511 -0.341808945 0.146277457 0.036367357 -0.555748701 -0.200810492 0.805913150
1403715359112143360.000000 0.028653234 -0.338074774 0.145957008 0.036490243 -0.558130682 -0.201355845 0.804123521
1403715359162142976.000000 0.014806002 -0.333594739 0.141397953 0.037637111 -0.559240401 -0.201336980 0.803303957
1403715359212143104.000000 0.001386419 -0.331097037 0.139388293 0.039527487 -0.560582221 -0.201068223 0.802344561
1403715359262143232.000000 -0.014217347 -0.327850282 0.136464253 0.041126683 -0.560666203 -0.201509908 0.802094698
1403715359312143104.000000 -0.026547953 -0.325148970 0.134390816 0.042836148 -0.560054004 -0.203520179 0.801925361
1403715359362142976.000000 -0.037819900 -0.320634127 0.132462978 0.044395544 -0.559205830 -0.205173939 0.802011073
1403715359412143104.000000 -0.048078731 -0.317005783 0.131455511 0.047407575 -0.557546794 -0.208515823 0.802131712
1403715359462142976.000000 -0.058910333 -0.312636435 0.129643708 0.050670866 -0.555637121 -0.211673170 0.802430272
1403715359512143104.000000 -0.071299374 -0.309379190 0.124177828 0.053051453 -0.553143263 -0.214330107 0.803293645
1403715359562142976.000000 -0.081163347 -0.305773824 0.119572408 0.055510480 -0.551519394 -0.214985669 0.804068506
1403715359612143360.000000 -0.089908823 -0.301089972 0.117775165 0.057410702 -0.552043259 -0.213461921 0.803981543
1403715359662142976.000000 -0.101282679 -0.302891850 0.109384827 0.054529414 -0.551124632 -0.213593110 0.804777145
1403715359712143104.000000 -0.110669024 -0.301546514 0.102574676 0.052265059 -0.551039934 -0.212230846 0.805345595
1403715359762143232.000000 -0.118523031 -0.297609508 0.095127031 0.049538266 -0.550824523 -0.210399657 0.806145310
1403715359812143104.000000 -0.126862049 -0.294392556 0.088164940 0.048162498 -0.551217616 -0.208092853 0.806558669
1403715359862142976.000000 -0.132819012 -0.292272925 0.082482547 0.046236236 -0.551782608 -0.207936049 0.806325555
1403715359912143104.000000 -0.140929997 -0.292073011 0.075826347 0.041494176 -0.552379668 -0.207847908 0.806197405
1403715359962142976.000000 -0.148763150 -0.292935967 0.065912485 0.035108984 -0.552686334 -0.206081733 0.806743860
1403715360012143104.000000 -0.155240655 -0.286859214 0.055608049 0.033492416 -0.552012324 -0.205635846 0.807387471
1403715360062142976.000000 -0.160943732 -0.284565538 0.048451737 0.031980265 -0.552183867 -0.206672743 0.807066739
1403715360112143360.000000 -0.167104080 -0.282330155 0.041157871 0.031002285 -0.552207649 -0.207981661 0.806752324
1403715360162142976.000000 -0.171389908 -0.279088587 0.034156427 0.031448670 -0.552614212 -0.208884329 0.806223273
1403715360212143104.000000 -0.179719076 -0.278399885 0.021741107 0.029966759 -0.550740540 -0.210630164 0.807107031
1403715360262143232.000000 -0.184587836 -0.276108861 0.015163258 0.029762458 -0.550712585 -0.210651323 0.807128191
1403715360312143104.000000 -0.189413756 -0.273136318 0.007771716 0.028671544 -0.549972773 -0.208561167 0.808214188
1403715360362142976.000000 -0.194456726 -0.272600979 0.000160798 0.025321867 -0.549154639 -0.203777462 0.810100436
1403715360412143104.000000 -0.200961143 -0.271086186 -0.009228945 0.020694671 -0.546941340 -0.196569994 0.813503027
1403715360462142976.000000 -0.205021933 -0.268750578 -0.014275655 0.016507182 -0.544773102 -0.188413367 0.816976309
1403715360512143104.000000 -0.210637003 -0.269703299 -0.021229737 0.011920824 -0.540458381 -0.181522548 0.821469605
1403715360562142976.000000 -0.214655504 -0.267906129 -0.027467906 0.009530562 -0.534580827 -0.174483940 0.826854229
1403715360612143360.000000 -0.220025361 -0.266881168 -0.032903738 0.008277888 -0.526561975 -0.169706911 0.832984746
1403715360662142976.000000 -0.221649691 -0.266866475 -0.035684638 0.010001423 -0.518195152 -0.166258067 0.838887393
1403715360712143104.000000 -0.225203112 -0.269188762 -0.039517805 0.010783223 -0.508043647 -0.163871154 0.845530391
1403715360762143232.000000 -0.228459030 -0.268428147 -0.041487977 0.014302886 -0.495942593 -0.164216384 0.852566361
1403715360812143104.000000 -0.227730662 -0.267369002 -0.040949069 0.018053545 -0.484254479 -0.163499922 0.859324992
1403715360862142976.000000 -0.229724109 -0.266981304 -0.042078458 0.021433381 -0.470656037 -0.163470671 0.866776168
1403715360912143104.000000 -0.234667331 -0.271322489 -0.044917066 0.023579394 -0.456327230 -0.163889617 0.874270976
1403715360962142976.000000 -0.235889480 -0.274224550 -0.045674551 0.024922095 -0.442767978 -0.162926331 0.881357193
1403715361012143104.000000 -0.239360243 -0.277794719 -0.047104042 0.025044953 -0.429015428 -0.161036432 0.888473928
1403715361062142976.000000 -0.238711849 -0.277655840 -0.047638666 0.026275741 -0.415837467 -0.157015860 0.895396531
1403715361112143360.000000 -0.239336178 -0.279468596 -0.047788586 0.026048910 -0.402995586 -0.153313935 0.901892960
1403715361162142976.000000 -0.239391848 -0.279949963 -0.046865661 0.026016200 -0.390739858 -0.148612559 0.908052742
1403715361212143104.000000 -0.242493302 -0.282719672 -0.047974907 0.025202416 -0.376888126 -0.145858809 0.914355218
1403715361262143232.000000 -0.250865728 -0.286726236 -0.052022517 0.023709754 -0.361153096 -0.142608687 0.921232402
1403715361312143104.000000 -0.249334499 -0.293960631 -0.051247913 0.021905169 -0.348992288 -0.140319481 0.926301837
1403715361362142976.000000 -0.245836794 -0.290705591 -0.049847566 0.024853762 -0.336819500 -0.135681957 0.931410432
1403715361412143104.000000 -0.250283867 -0.290519029 -0.050393954 0.025122229 -0.323316544 -0.131744593 0.936738312
1403715361462142976.000000 -0.255157858 -0.291961312 -0.049824417 0.025079114 -0.310091585 -0.128000438 0.941716611
1403715361512143104.000000 -0.261014462 -0.294097424 -0.053337257 0.024813779 -0.297626942 -0.125034839 0.946133614
1403715361562142976.000000 -0.256285548 -0.297037005 -0.050588541 0.023945073 -0.290954918 -0.122816533 0.948518872
1403715361612143360.000000 -0.264693111 -0.294353276 -0.054687813 0.024670107 -0.279951364 -0.121282242 0.952002764
1403715361662142976.000000 -0.269849837 -0.293693483 -0.055391874 0.024222339 -0.272780299 -0.119396195 0.954331577
1403715361712143104.000000 -0.270252109 -0.293417782 -0.056056403 0.022143349 -0.267556638 -0.116342008 0.956236243
1403715361762143232.000000 -0.269906431 -0.292442441 -0.054617807 0.019143280 -0.262526661 -0.113571696 0.958026528
1403715361812143104.000000 -0.286124647 -0.293137431 -0.058386888 0.014279882 -0.251513451 -0.110782109 0.961386800
1403715361862142976.000000 -0.291479051 -0.289770395 -0.059746854 0.011583505 -0.243648201 -0.105703831 0.964016676
1403715361912143104.000000 -0.292501956 -0.287248045 -0.058418948 0.010196362 -0.235611469 -0.102621287 0.966360271
1403715361962142976.000000 -0.292898625 -0.288339972 -0.057900675 0.009106197 -0.228535518 -0.097876094 0.968560219
1403715362012143104.000000 -0.304512620 -0.284374028 -0.056267783 0.010346009 -0.216538832 -0.092645340 0.971813142
1403715362062142976.000000 -0.302254230 -0.285074532 -0.053219564 0.010076786 -0.208879411 -0.088850826 0.973844647
1403715362112143360.000000 -0.306832463 -0.288886607 -0.051454060 0.008695401 -0.197681561 -0.085327432 0.976506889
1403715362162142976.000000 -0.312656462 -0.289140910 -0.047966108 0.007422466 -0.185334265 -0.080933258 0.979308903
1403715362212143104.000000 -0.314685166 -0.285937101 -0.045628600 0.009108097 -0.173345923 -0.077080257 0.981797814
1403715362262143232.000000 -0.323189408 -0.280819118 -0.043366451 0.011417589 -0.158678934 -0.071640454 0.984661520
1403715362312143104.000000 -0.336010635 -0.278936356 -0.042191479 0.011357996 -0.142217204 -0.067931607 0.987436414
1403715362362142976.000000 -0.343803018 -0.277188748 -0.039171834 0.011264485 -0.127344355 -0.062801413 0.989804327
1403715362412143104.000000 -0.355725378 -0.278210878 -0.037700810 0.010186155 -0.111206748 -0.057778131 0.992063999
1403715362462142976.000000 -0.360373497 -0.275560617 -0.033657208 0.010997678 -0.098011591 -0.051238954 0.993804514
1403715362512143104.000000 -0.369803160 -0.274191022 -0.029965926 0.011372331 -0.082882173 -0.045872480 0.995438159
1403715362562142976.000000 -0.390648484 -0.275189310 -0.025612701 0.008983634 -0.063713416 -0.041408889 0.997068405
1403715362612143360.000000 -0.402980596 -0.273728520 -0.023160124 0.009148144 -0.048406720 -0.035400342 0.998158276
1403715362662142976.000000 -0.413626015 -0.271262825 -0.019877374 0.009891849 -0.034732621 -0.029482160 0.998912752
1403715362712143104.000000 -0.424575508 -0.272954106 -0.015602486 0.009228664 -0.021036170 -0.021853797 0.999497294
1403715362762143232.000000 -0.435772866 -0.274005830 -0.011602239 0.008639400 -0.009338375 -0.011806302 0.999849379
1403715362812143104.000000 -0.444337308 -0.273963451 -0.007548757 0.008437924 0.000263033 0.000531103 0.999964237
1403715362862142976.000000 -0.457455218 -0.274608999 -0.002965196 0.009472488 0.010212068 0.016127996 0.999772966
1403715362912143104.000000 -0.473067433 -0.273407340 0.001847359 0.015190420 0.019553501 0.034787759 0.999087930
1403715362962142976.000000 -0.482638359 -0.275828093 0.004440443 0.020156080 0.027496520 0.049097154 0.998211980
1403715363012143104.000000 -0.496250153 -0.277710676 0.008632905 0.025357354 0.036861353 0.062811814 0.997022092
1403715363062142976.000000 -0.503789544 -0.280282676 0.011647304 0.027746640 0.044409476 0.073742576 0.995901585
1403715363112143360.000000 -0.512298942 -0.282927215 0.016134564 0.028841391 0.053402204 0.082601316 0.994732857
1403715363162142976.000000 -0.520255446 -0.285917640 0.018689737 0.026785281 0.062505417 0.088513888 0.993750989
1403715363212143104.000000 -0.527028263 -0.288497597 0.021211371 0.025202760 0.072366089 0.093040645 0.992709160
1403715363262143232.000000 -0.535323083 -0.290821403 0.023451850 0.024395186 0.083100595 0.096557386 0.991552234
1403715363312143104.000000 -0.537024021 -0.290668309 0.025145546 0.024374660 0.092081718 0.100770995 0.990339398
1403715363362142976.000000 -0.539683402 -0.294569075 0.026251595 0.023360481 0.102165118 0.103521220 0.989090502
1403715363412143104.000000 -0.540638685 -0.295652866 0.027302604 0.024331188 0.111912422 0.106160611 0.987731576
1403715363462142976.000000 -0.541475832 -0.299677581 0.028702956 0.023889650 0.122562476 0.108441755 0.986229241
1403715363512143104.000000 -0.541810334 -0.300277054 0.030090839 0.024854761 0.134080842 0.109910302 0.984542668
1403715363562142976.000000 -0.543446481 -0.301444173 0.031711239 0.025195703 0.147438481 0.108334474 0.982797384
1403715363612143360.000000 -0.543183386 -0.301467955 0.031857438 0.025183793 0.161362007 0.104132012 0.981063068
1403715363662142976.000000 -0.542389154 -0.301073372 0.032507684 0.025439816 0.174888059 0.101753607 0.978985846
1403715363712143104.000000 -0.540928245 -0.299658865 0.035022598 0.026874583 0.189457953 0.099944361 0.976419270
1403715363762143232.000000 -0.540113330 -0.299559742 0.035368741 0.028011287 0.202925220 0.099692956 0.973703265
1403715363812143104.000000 -0.535886824 -0.296697825 0.041003771 0.030090977 0.217523307 0.100968361 0.970352352
1403715363862142976.000000 -0.508838594 -0.314965993 0.026052346 0.023329630 0.222773701 0.107186615 0.968678832
1403715363912143104.000000 -0.502058327 -0.315198123 0.023818310 0.024485828 0.235959738 0.110452197 0.965154767
1403715363962142976.000000 -0.496101141 -0.316184968 0.021889646 0.026457245 0.251415312 0.112930939 0.960904300
1403715364012143104.000000 -0.487823784 -0.319384158 0.019116504 0.026463369 0.265458763 0.118369892 0.956462204
1403715364062142976.000000 -0.484555990 -0.319008440 0.016812047 0.028242134 0.281035572 0.121830367 0.951513946
1403715364112143360.000000 -0.474231809 -0.322071791 0.013211272 0.028522622 0.292852581 0.127085090 0.947245121
1403715364162142976.000000 -0.470083684 -0.325046390 0.011716748 0.029217938 0.305896968 0.130569398 0.942616045
1403715364212143104.000000 -0.464898229 -0.325188577 0.010562504 0.028757831 0.316020966 0.134493515 0.938730657
1403715364262143232.000000 -0.459008694 -0.328559250 0.008454837 0.026890555 0.323691159 0.138264701 0.935619473
1403715364312143104.000000 -0.454061151 -0.329778492 0.002890769 0.026169753 0.328514993 0.144233525 0.933053970
1403715364362142976.000000 -0.449910909 -0.329300344 -0.001127698 0.024640437 0.332191527 0.148461655 0.931128740
1403715364412143104.000000 -0.446209788 -0.330081105 -0.005468585 0.024172394 0.334363818 0.153496832 0.929545701
1403715364462142976.000000 -0.441217482 -0.332754493 -0.010570269 0.023683608 0.336176306 0.156089827 0.928472221
1403715364512143104.000000 -0.435286343 -0.333931029 -0.014497854 0.023480760 0.336422354 0.159329057 0.927837789
1403715364562142976.000000 -0.429517359 -0.336515546 -0.021250416 0.023491582 0.335988313 0.160969183 0.927711666
1403715364612143360.000000 -0.424520224 -0.338129699 -0.027261142 0.023993440 0.336306036 0.161528543 0.927486479
1403715364662142976.000000 -0.418652207 -0.341888875 -0.031843629 0.024613267 0.337870538 0.161809191 0.926852465
1403715364712143104.000000 -0.411458015 -0.341742843 -0.039427526 0.026027679 0.340974420 0.158935249 0.926174164
1403715364762143232.000000 -0.405721664 -0.346193671 -0.045350712 0.023619775 0.346698016 0.154216379 0.924910843
1403715364812143104.000000 -0.396569848 -0.345023960 -0.053203601 0.020149274 0.352071702 0.148686841 0.923867822
1403715364862142976.000000 -0.390197158 -0.345695585 -0.058583897 0.015951503 0.358792871 0.144898564 0.921964049
1403715364912143104.000000 -0.383371919 -0.346761614 -0.066359557 0.012490398 0.364806592 0.143341109 0.919898689
1403715364962142976.000000 -0.376539320 -0.348958194 -0.072665431 0.007930079 0.371850610 0.142356008 0.917278051
1403715365012143104.000000 -0.368160605 -0.349335134 -0.080468193 0.006205902 0.377360582 0.144199684 0.914749682
1403715365062142976.000000 -0.363250911 -0.349296272 -0.089532778 0.004111353 0.383821726 0.145113423 0.911924422
1403715365112143360.000000 -0.356772304 -0.350010812 -0.092463925 0.003960671 0.391314596 0.146084949 0.908579350
1403715365162142976.000000 -0.349525213 -0.354921311 -0.099836744 0.005436412 0.398602009 0.147597983 0.905152917
1403715365212143104.000000 -0.343314707 -0.357210785 -0.106321827 0.007169906 0.405888766 0.149217606 0.901630282
1403715365262143232.000000 -0.338369042 -0.358461797 -0.114306040 0.008678491 0.412106037 0.150049672 0.898653686
1403715365312143104.000000 -0.333405972 -0.355524123 -0.119591922 0.010990856 0.417891741 0.150573656 0.895864546
1403715365362142976.000000 -0.329368323 -0.354385346 -0.126706749 0.012740220 0.422590524 0.152304649 0.893341064
1403715365412143104.000000 -0.324326843 -0.357519925 -0.130938172 0.014101423 0.427958906 0.155964717 0.890127778
1403715365462142976.000000 -0.320523381 -0.358469963 -0.136966735 0.014642921 0.434110612 0.158777222 0.886636019
1403715365512143104.000000 -0.315930843 -0.360342771 -0.142166123 0.015945535 0.440654218 0.162239790 0.882750213
1403715365562142976.000000 -0.312782228 -0.361520201 -0.146960378 0.016028250 0.448647559 0.165597096 0.878086627
1403715365612143360.000000 -0.308954716 -0.361155421 -0.152108312 0.018302325 0.456249297 0.171550974 0.872967303
1403715365662142976.000000 -0.305412352 -0.362239808 -0.156245738 0.020964000 0.464450121 0.179243445 0.867016971
1403715365712143104.000000 -0.303007424 -0.366284817 -0.162652642 0.022613266 0.472875088 0.187089577 0.860741198
1403715365762143232.000000 -0.301127970 -0.365609467 -0.166509286 0.024718450 0.482564539 0.194350496 0.853667617
1403715365812143104.000000 -0.297624797 -0.367020756 -0.172157869 0.025104584 0.491557539 0.200963125 0.846968055
1403715365862142976.000000 -0.295690387 -0.368477225 -0.178257927 0.025511656 0.500383556 0.206298247 0.840479910
1403715365912143104.000000 -0.294063270 -0.365691125 -0.183479667 0.026193965 0.508633137 0.210543513 0.834432542
1403715365962142976.000000 -0.291950822 -0.362213492 -0.189368963 0.027143801 0.515184700 0.214927539 0.829249203
1403715366012143104.000000 -0.289709628 -0.362134874 -0.195599452 0.029648853 0.520150602 0.220804289 0.824505806
1403715366062142976.000000 -0.288950175 -0.363606930 -0.203496039 0.030410716 0.524043739 0.226325899 0.820505917
1403715366112143360.000000 -0.287397265 -0.360906601 -0.209339604 0.033495918 0.527054548 0.231895939 0.816894054
1403715366162142976.000000 -0.284791499 -0.358723909 -0.215353400 0.034602895 0.530412138 0.234157786 0.814024508
1403715366212143104.000000 -0.283384889 -0.356060922 -0.225112543 0.035532568 0.532545567 0.235586241 0.812177241
1403715366262143232.000000 -0.281828135 -0.352356374 -0.233925343 0.036527295 0.534552932 0.236182600 0.810639739
1403715366312143104.000000 -0.281843364 -0.349848390 -0.243748426 0.035565410 0.536687136 0.235137388 0.809575558
1403715366362142976.000000 -0.279056579 -0.349305272 -0.254890144 0.033769064 0.538282514 0.234006077 0.808920801
1403715366412143104.000000 -0.278639376 -0.341747761 -0.266332299 0.031110017 0.539008319 0.232481793 0.808983624
1403715366462142976.000000 -0.278227359 -0.336957067 -0.277653426 0.026294140 0.540955186 0.228325635 0.809038699
1403715366512143104.000000 -0.276987106 -0.334641486 -0.285654724 0.020776914 0.542761087 0.224367365 0.809097111
1403715366562142976.000000 -0.276861727 -0.331051648 -0.300831079 0.016822988 0.542698205 0.222068086 0.809865117
1403715366612143360.000000 -0.275347114 -0.324234843 -0.311789811 0.013084869 0.542260885 0.220336914 0.810699403
1403715366662142976.000000 -0.274928808 -0.321913660 -0.323660851 0.008643857 0.541813672 0.219209984 0.811363220
1403715366712143104.000000 -0.273632288 -0.316160679 -0.337344527 0.005696036 0.540102243 0.218789130 0.812642932
1403715366762143232.000000 -0.272951335 -0.311739415 -0.348271191 0.002752754 0.538695037 0.218898341 0.813562274
1403715366812143104.000000 -0.270821303 -0.303892553 -0.357893020 -0.000094821 0.537113845 0.219278783 0.814509451
1403715366862142976.000000 -0.269252002 -0.302811503 -0.371188641 -0.003837806 0.535154700 0.219723329 0.815669298
1403715366912143104.000000 -0.267522156 -0.298257828 -0.381701648 -0.004895739 0.533663511 0.220037162 0.816555500
1403715366962142976.000000 -0.265280753 -0.297840297 -0.394752622 -0.006368356 0.531490982 0.222426221 0.817314804
1403715367012143104.000000 -0.261756480 -0.292677224 -0.403452337 -0.006142420 0.529771388 0.223198876 0.818221807
1403715367062142976.000000 -0.258960605 -0.290334493 -0.415219426 -0.005624057 0.527940810 0.224542454 0.819040656
1403715367112143360.000000 -0.255795956 -0.286291301 -0.425269753 -0.005337210 0.526644111 0.224953398 0.819764316
1403715367162142976.000000 -0.252442092 -0.283511579 -0.438409865 -0.005276955 0.524365544 0.226047486 0.820923626
1403715367212143104.000000 -0.246945649 -0.279399514 -0.445268154 -0.005011466 0.523724020 0.224893451 0.821651399
1403715367262143232.000000 -0.241692841 -0.279269874 -0.457964689 -0.004413368 0.521276653 0.227113560 0.822599947
1403715367312143104.000000 -0.236636817 -0.273773313 -0.466223896 -0.004110018 0.519939065 0.227868840 0.823238909
1403715367362142976.000000 -0.231207728 -0.271132886 -0.474864632 -0.004883093 0.518348873 0.229156494 0.823879838
1403715367412143104.000000 -0.224038079 -0.268240124 -0.486242175 -0.005057341 0.516655147 0.229949310 0.824721277
1403715367462142976.000000 -0.217464015 -0.265431613 -0.496863484 -0.005301897 0.515555620 0.230077997 0.825371802
1403715367512143104.000000 -0.208879083 -0.261637211 -0.505742073 -0.005990701 0.514661789 0.230885535 0.825699329
1403715367562142976.000000 -0.201406077 -0.260610819 -0.515108168 -0.007164541 0.513719797 0.230486006 0.826387882
1403715367612143360.000000 -0.191447929 -0.255707115 -0.527238965 -0.005917539 0.512395620 0.229952931 0.827367723
1403715367662142976.000000 -0.181564361 -0.253150344 -0.536675096 -0.005210418 0.511459649 0.230091244 0.827912986
1403715367712143104.000000 -0.171989277 -0.251887321 -0.545060754 -0.004933663 0.511601150 0.228410468 0.828292608
1403715367762143232.000000 -0.159704909 -0.251215756 -0.557005346 -0.004965037 0.510729313 0.227493316 0.829082549
1403715367812143104.000000 -0.148400709 -0.251584530 -0.564639270 -0.005397889 0.511151195 0.225727573 0.829302430
1403715367862142976.000000 -0.135845095 -0.248122633 -0.577354252 -0.004620282 0.511212528 0.222777158 0.830066800
1403715367912143104.000000 -0.121584617 -0.245505363 -0.589321613 -0.003850467 0.512287855 0.218425855 0.830563962
1403715367962142976.000000 -0.107370123 -0.242315814 -0.597746968 0.000188785 0.513748527 0.214990199 0.830567062
1403715368012143104.000000 -0.094657317 -0.241771579 -0.608462989 0.003448997 0.514717996 0.213193834 0.830422759
1403715368062142976.000000 -0.081267640 -0.239645272 -0.616508663 0.007653235 0.515562952 0.212202862 0.830124259
1403715368112143360.000000 -0.067081600 -0.239069194 -0.627133191 0.009771449 0.516262054 0.211574256 0.829827964
1403715368162142976.000000 -0.055547372 -0.236740589 -0.633396029 0.012036485 0.517509043 0.211442336 0.829054654
1403715368212143104.000000 -0.040565968 -0.229863688 -0.643086195 0.015030827 0.517438710 0.212185055 0.828859985
1403715368262143232.000000 -0.027803868 -0.230251402 -0.653157353 0.016606491 0.516998887 0.215014040 0.828375220
1403715368312143104.000000 -0.012315601 -0.225715816 -0.664315462 0.018587634 0.515884995 0.218114778 0.828216910
1403715368362142976.000000 0.001544148 -0.222013071 -0.672333598 0.022196397 0.515094757 0.221989259 0.827590227
1403715368412143104.000000 0.012768626 -0.217134774 -0.679421186 0.025292972 0.514864087 0.224855602 0.826870799
1403715368462142976.000000 0.026920289 -0.212316900 -0.691688240 0.029089818 0.514387429 0.226532921 0.826584697
1403715368512143104.000000 0.041110992 -0.208149180 -0.702226162 0.031185357 0.515268028 0.227018386 0.825826347
1403715368562142976.000000 0.053958923 -0.201031640 -0.711859226 0.031308252 0.517375410 0.224164754 0.825283468
1403715368612143360.000000 0.066756397 -0.194530517 -0.723968685 0.028986301 0.520073771 0.219489604 0.824928820
1403715368662142976.000000 0.080189258 -0.191569805 -0.736181319 0.024488391 0.522783160 0.215029746 0.824536443
1403715368712143104.000000 0.094842166 -0.176740989 -0.757830620 0.023843287 0.522733867 0.211868554 0.825404465
1403715368762143232.000000 0.107120663 -0.170974731 -0.764993429 0.020868793 0.525424242 0.209266230 0.824440122
1403715368812143104.000000 0.120405227 -0.163716465 -0.780396879 0.019014331 0.526683152 0.207031816 0.824245811
1403715368862142976.000000 0.132339805 -0.157341599 -0.795544744 0.017362291 0.527137339 0.207225278 0.823943257
1403715368912143104.000000 0.145067424 -0.149662510 -0.805539906 0.015834106 0.527577996 0.206585243 0.823852777
1403715368962142976.000000 0.155787528 -0.142285615 -0.820755482 0.013949798 0.525500178 0.206560224 0.825219989
1403715369012143104.000000 0.167833298 -0.135114014 -0.832698226 0.011291139 0.522213757 0.206879973 0.827264190
1403715369062142976.000000 0.178175390 -0.130701795 -0.844375610 0.008402222 0.517564952 0.207475930 0.830066085
1403715369112143360.000000 0.188911915 -0.123889849 -0.857094407 0.005917011 0.511663437 0.206467226 0.833988547
1403715369162142976.000000 0.200690031 -0.115891010 -0.873179793 0.004246023 0.504023314 0.204912573 0.839019239
1403715369212143104.000000 0.209572226 -0.111097842 -0.884515524 0.002258370 0.496504724 0.202307910 0.844126523
1403715369262143232.000000 0.220338315 -0.106855541 -0.894301832 0.000261931 0.488882899 0.197835222 0.849620342
1403715369312143104.000000 0.232277334 -0.100437999 -0.906744480 -0.001229047 0.479361564 0.194274709 0.855843663
1403715369362142976.000000 0.241147190 -0.097856075 -0.916706860 -0.002435156 0.469992876 0.190188378 0.861933470
1403715369412143104.000000 0.253139287 -0.086421445 -0.933477581 -0.002217692 0.458297312 0.185147658 0.869298041
1403715369462142976.000000 0.261849850 -0.089045756 -0.942565858 -0.004629425 0.447926104 0.181435511 0.875455320
1403715369512143104.000000 0.274165869 -0.083513275 -0.954140425 -0.004885173 0.436158299 0.177167073 0.882243693
1403715369562142976.000000 0.286597997 -0.076331615 -0.967078090 -0.004102448 0.423855036 0.172484040 0.889145315
1403715369612143360.000000 0.297579020 -0.075576611 -0.977945626 -0.005062046 0.411957413 0.168093890 0.895550072
1403715369662142976.000000 0.308862150 -0.068936162 -0.989674568 -0.004810071 0.400646716 0.163172916 0.901572943
1403715369712143104.000000 0.321787506 -0.066966027 -0.998571277 -0.005612259 0.391190112 0.158710226 0.906504214
1403715369762143232.000000 0.333437175 -0.060153387 -1.007180572 -0.005520015 0.383127153 0.153881177 0.910770953
1403715369812143104.000000 0.345937878 -0.057064459 -1.017547369 -0.006571689 0.375900388 0.150480121 0.914336622
1403715369862142976.000000 0.358517647 -0.050115775 -1.027617335 -0.007233710 0.370674193 0.145817071 0.917216301
1403715369912143104.000000 0.373447984 -0.045958884 -1.036075354 -0.010155139 0.366390556 0.142547548 0.919421077
1403715369962142976.000000 0.386908203 -0.043260638 -1.044504046 -0.014174503 0.362981290 0.140185788 0.921081781
1403715370012143104.000000 0.399153024 -0.034526497 -1.049340963 -0.016540511 0.361656696 0.136510104 0.922114909
1403715370062142976.000000 0.413192749 -0.030287299 -1.055882096 -0.019667685 0.360788524 0.132349655 0.922999740
1403715370112143360.000000 0.426098287 -0.028957179 -1.061189651 -0.021218736 0.361036271 0.128819138 0.923367918
1403715370162142976.000000 0.440828115 -0.027160890 -1.067520380 -0.019162914 0.361196637 0.125168696 0.923852026
1403715370212143104.000000 0.454092681 -0.024800887 -1.071683526 -0.013419581 0.360694021 0.126552016 0.923961282
1403715370262143232.000000 0.465823293 -0.023281323 -1.076290369 -0.007425084 0.360160559 0.129256383 0.923862636
1403715370312143104.000000 0.475407779 -0.021008465 -1.072249055 -0.002157255 0.361399204 0.131883591 0.923034549
1403715370362142976.000000 0.487975448 -0.018644305 -1.076243162 0.002858575 0.360297292 0.136657506 0.922768891
1403715370412143104.000000 0.500738382 -0.016982589 -1.080702782 0.007372467 0.358937949 0.142148405 0.922444046
1403715370462142976.000000 0.512816906 -0.014654513 -1.082813501 0.010684821 0.358763367 0.146529183 0.921793878
1403715370512143104.000000 0.523656905 -0.013009983 -1.084608316 0.013028324 0.359481454 0.149630144 0.920985460
1403715370562142976.000000 0.535673678 -0.011362304 -1.088794470 0.014459139 0.359471351 0.152319878 0.920527041
1403715370612143360.000000 0.548879743 -0.009950325 -1.092551589 0.015962774 0.360025287 0.153400213 0.920106232
1403715370662142976.000000 0.561811209 -0.010404149 -1.094229460 0.015496778 0.360971570 0.155352965 0.919415474
1403715370712143104.000000 0.571503997 -0.006783705 -1.095360875 0.016127288 0.362452328 0.155321613 0.918827176
1403715370762143232.000000 0.585480630 -0.005940131 -1.099202275 0.014881366 0.363757670 0.153450668 0.918646753
1403715370812143104.000000 0.596609473 -0.002177987 -1.100351334 0.013708232 0.365929872 0.151074961 0.918195963
1403715370862142976.000000 0.610343218 -0.003687490 -1.105870008 0.010195074 0.366882056 0.149762094 0.918076813
1403715370912143104.000000 0.620739341 -0.001276240 -1.107810378 0.008567031 0.368275493 0.148947433 0.917667985
1403715370962142976.000000 0.633112311 0.001019267 -1.110941887 0.004843400 0.369078666 0.149255082 0.917322457
1403715371012143104.000000 0.646579981 0.004847152 -1.111945271 -0.000143159 0.369408578 0.150917664 0.916930318
1403715371062142976.000000 0.659091115 0.005981285 -1.114430666 -0.008246427 0.369185507 0.153305292 0.916586936
1403715371112143360.000000 0.671203375 0.010748785 -1.117726326 -0.015128748 0.368831336 0.154841885 0.916383445
1403715371162142976.000000 0.684258580 0.013380669 -1.119146109 -0.021279661 0.368613869 0.156642407 0.916042686
1403715371212143104.000000 0.697863758 0.015417520 -1.119093418 -0.026598107 0.368599862 0.157411143 0.915777564
1403715371262143232.000000 0.710229576 0.014903549 -1.117509842 -0.029950356 0.369531780 0.157970726 0.915201902
1403715371312143104.000000 0.723281026 0.018672910 -1.115625024 -0.030239441 0.369924575 0.157143891 0.915176094
1403715371362142976.000000 0.739619851 0.019012630 -1.114734173 -0.030658390 0.369467407 0.157170385 0.915342271
1403715371412143104.000000 0.753389955 0.020107206 -1.110887289 -0.029072676 0.370168358 0.156057402 0.915301204
1403715371462142976.000000 0.769892991 0.019544322 -1.109343052 -0.023491254 0.369753838 0.155999646 0.915638804
1403715371512143104.000000 0.787001252 0.019535625 -1.106423378 -0.014732432 0.368939221 0.157604545 0.915875375
1403715371562142976.000000 0.801938295 0.019839797 -1.100679874 -0.005586035 0.368125618 0.159601107 0.915958464
1403715371612143360.000000 0.818250537 0.019582894 -1.097234249 0.002139520 0.367063612 0.161499262 0.916066468
1403715371662142976.000000 0.836525559 0.017863728 -1.095254183 0.008996456 0.365213454 0.164418429 0.916244984
1403715371712143104.000000 0.854059637 0.019114390 -1.089380980 0.014687374 0.363581151 0.167538911 0.916255355
1403715371762143232.000000 0.870894432 0.017073652 -1.085738540 0.017267298 0.362215430 0.169871122 0.916321874
1403715371812143104.000000 0.889407516 0.019047230 -1.083108068 0.019602224 0.361310035 0.170216858 0.916568100
1403715371862142976.000000 0.906704903 0.021020906 -1.079147696 0.016608652 0.361514539 0.167297125 0.917084038
1403715371912143104.000000 0.925251126 0.020273261 -1.076163173 0.012114864 0.362638772 0.163002491 0.917483807
1403715371962142976.000000 0.945382476 0.023191053 -1.073702693 0.008691968 0.363242865 0.158471450 0.918077290
1403715372012143104.000000 0.960955858 0.025253434 -1.068799496 0.006031893 0.364755213 0.154911160 0.918106675
1403715372062142976.000000 0.983182073 0.027108295 -1.068038344 0.006266305 0.364223659 0.152553141 0.918710768
1403715372112143360.000000 1.001061320 0.025878547 -1.063652158 0.006705295 0.364974052 0.151109383 0.918648481
1403715372162142976.000000 1.019302726 0.026753493 -1.060329914 0.007881042 0.364386439 0.150253743 0.919012666
1403715372212143104.000000 1.038371086 0.026897857 -1.058470488 0.010126923 0.361809462 0.150390223 0.919985950
1403715372262143232.000000 1.057733536 0.026210228 -1.055469632 0.010282499 0.359251291 0.148495838 0.921293557
1403715372312143104.000000 1.077376485 0.026827196 -1.053593516 0.011023292 0.354823679 0.146312982 0.923347831
1403715372362142976.000000 1.099918008 0.023663158 -1.054229021 0.010628900 0.348651826 0.144749880 0.925946236
1403715372412143104.000000 1.118811607 0.020328674 -1.051982403 0.010783916 0.342881024 0.140401214 0.928764760
1403715372462142976.000000 1.138802290 0.019376267 -1.052139878 0.011796434 0.336389393 0.137462184 0.931561708
1403715372512143104.000000 1.155533075 0.017145777 -1.047974348 0.012012339 0.332179576 0.134183705 0.933545530
1403715372562142976.000000 1.175102830 0.012450388 -1.048590541 0.012508140 0.327096075 0.131118268 0.935766935
1403715372612143360.000000 1.192573786 0.007979303 -1.045749426 0.013319559 0.323520869 0.128723800 0.937329769
1403715372662142976.000000 1.212587953 0.004958769 -1.045669198 0.013775312 0.319747061 0.126587540 0.938907743
1403715372712143104.000000 1.229258537 0.003807191 -1.043569684 0.015046516 0.316852301 0.125232711 0.940050542
1403715372762143232.000000 1.246569872 -0.000252189 -1.040705919 0.014247738 0.315028876 0.123596624 0.940891981
1403715372812143104.000000 1.265334845 -0.002726896 -1.039378881 0.015030259 0.312996894 0.122987129 0.941637576
1403715372862142976.000000 1.283739805 -0.006260609 -1.037483692 0.014973233 0.311151385 0.123315856 0.942206919
1403715372912143104.000000 1.303618073 -0.008319717 -1.037349582 0.015602225 0.308800489 0.124712303 0.942786157
1403715372962142976.000000 1.320881248 -0.010745870 -1.035991430 0.016809845 0.307214946 0.126689658 0.943019748
1403715373012143104.000000 1.338467717 -0.013613366 -1.032025337 0.017183186 0.306342185 0.128842935 0.943005204
1403715373062142976.000000 1.355433226 -0.015713502 -1.031685948 0.017886380 0.305313647 0.129912511 0.943178892
1403715373112143360.000000 1.372232199 -0.017961048 -1.028659225 0.018682860 0.305169761 0.131620437 0.942973256
1403715373162142976.000000 1.389759779 -0.020469729 -1.028278470 0.018887462 0.304806769 0.132859200 0.942912817
1403715373212143104.000000 1.405587316 -0.020844053 -1.025148392 0.020101532 0.305784702 0.133396506 0.942495108
1403715373262143232.000000 1.423670292 -0.022867624 -1.023782611 0.019303713 0.306383163 0.133139163 0.942353845
1403715373312143104.000000 1.442287564 -0.023268972 -1.023723364 0.019084603 0.307853460 0.130359843 0.942267716
1403715373362142976.000000 1.460139036 -0.025681164 -1.020867705 0.018464439 0.309605062 0.129252911 0.941858530
1403715373412143104.000000 1.476945639 -0.027875233 -1.020188808 0.018135730 0.310571164 0.128805608 0.941608131
1403715373462142976.000000 1.498632312 -0.029923022 -1.021594048 0.017739780 0.310494334 0.127957046 0.941756666
1403715373512143104.000000 1.512302279 -0.030941535 -1.017870903 0.017360846 0.311501443 0.126283586 0.941657066
1403715373562142976.000000 1.529119492 -0.031952124 -1.016664982 0.017030749 0.310866714 0.122430615 0.942381382
1403715373612143360.000000 1.547848821 -0.032179277 -1.015461326 0.014851205 0.308979452 0.116360664 0.943806887
1403715373662142976.000000 1.563185453 -0.032458398 -1.014405489 0.013616950 0.305709124 0.110006139 0.945650697
1403715373712143104.000000 1.576018095 -0.031702634 -1.010935426 0.013237563 0.301834524 0.102038711 0.947791576
1403715373762143232.000000 1.591430306 -0.032646868 -1.009318829 0.012707499 0.294844508 0.096291296 0.950596213
1403715373812143104.000000 1.601963758 -0.034393005 -1.005242586 0.013098158 0.287121296 0.092041157 0.953372002
1403715373862142976.000000 1.616137981 -0.035147488 -1.003410935 0.013552188 0.276170701 0.089005642 0.956882536
1403715373912143104.000000 1.628653765 -0.037062321 -1.001418114 0.014047314 0.264307737 0.086098514 0.960484862
1403715373962142976.000000 1.639921069 -0.039588705 -0.997696102 0.014939114 0.251349390 0.084037788 0.964125514
1403715374012143104.000000 1.649830461 -0.040157303 -0.994678140 0.015828019 0.238315582 0.080238767 0.967738092
1403715374062142976.000000 1.656658888 -0.040884752 -0.990488350 0.016945031 0.225627914 0.076793060 0.971034408
1403715374112143360.000000 1.669904470 -0.042656668 -0.988513172 0.017845152 0.210594967 0.073357165 0.974653840
1403715374162142976.000000 1.679802656 -0.044655759 -0.985110700 0.017743759 0.196856454 0.068072617 0.977905393
1403715374212143104.000000 1.688110948 -0.044856399 -0.981661499 0.018145530 0.182928383 0.063683078 0.980893731
1403715374262143232.000000 1.697660446 -0.047239218 -0.978462160 0.018451398 0.168768570 0.059542019 0.983682632
1403715374312143104.000000 1.704769611 -0.046989117 -0.975246608 0.018127004 0.155010924 0.055442940 0.986189246
1403715374362142976.000000 1.714548111 -0.050993409 -0.972495914 0.016083527 0.142057210 0.050983761 0.988413811
1403715374412143104.000000 1.723188162 -0.052351970 -0.969072044 0.013814591 0.130803913 0.047001909 0.990197182
1403715374462142976.000000 1.730150700 -0.052003682 -0.965606630 0.012000034 0.121623874 0.043032281 0.991570473
1403715374512143104.000000 1.736656904 -0.053929802 -0.961623251 0.007203099 0.114436150 0.040141020 0.992593229
1403715374562142976.000000 1.742015481 -0.057157408 -0.957330883 0.003065910 0.109505706 0.037462227 0.993275285
1403715374612143360.000000 1.751621008 -0.059407249 -0.953326941 -0.001083601 0.104529910 0.035121150 0.993900895
1403715374662142976.000000 1.759974837 -0.060631052 -0.947848141 -0.003630960 0.100803532 0.034624588 0.994297028
1403715374712143104.000000 1.766935349 -0.062988319 -0.942422867 -0.005652697 0.098860934 0.033537012 0.994519949
1403715374762143232.000000 1.775067091 -0.068094924 -0.937228560 -0.007900348 0.097519740 0.032535162 0.994670272
1403715374812143104.000000 1.780826092 -0.068950571 -0.929323316 -0.008032759 0.097907238 0.031335503 0.994669676
1403715374862142976.000000 1.786431432 -0.070379704 -0.922620356 -0.007439786 0.098368809 0.030892540 0.994642615
1403715374912143104.000000 1.792602062 -0.074603632 -0.915011704 -0.007037455 0.099841416 0.029457534 0.994542360
1403715374962142976.000000 1.799459577 -0.078914039 -0.905113220 -0.003173538 0.100991115 0.028485797 0.994474411
1403715375012143104.000000 1.806556463 -0.082554497 -0.895692527 0.000980096 0.102358997 0.028058922 0.994351268
1403715375062142976.000000 1.808263063 -0.087478988 -0.886154473 0.004527848 0.105680048 0.026203729 0.994044542
1403715375112143360.000000 1.816086769 -0.093102001 -0.876029193 0.006100164 0.106842838 0.026392853 0.993906856
1403715375162142976.000000 1.819719434 -0.096088305 -0.866659820 0.008991829 0.109235965 0.026910089 0.993610859
1403715375212143104.000000 1.823913097 -0.100779548 -0.856134772 0.010918893 0.111308850 0.027642734 0.993341327
1403715375262143232.000000 1.826891780 -0.105652422 -0.843721688 0.011274622 0.113409638 0.029930912 0.993033409
1403715375312143104.000000 1.830406308 -0.108842328 -0.832350433 0.011912998 0.115409024 0.031053228 0.992761075
1403715375362142976.000000 1.833273649 -0.114663012 -0.820575237 0.012274411 0.116726927 0.035443731 0.992455542
1403715375412143104.000000 1.836676121 -0.117225513 -0.808983564 0.011193998 0.119283497 0.035558946 0.992160201
1403715375462142976.000000 1.837350011 -0.123311408 -0.797195971 0.011195417 0.121188015 0.038456351 0.991821229
1403715375512143104.000000 1.837517262 -0.126678422 -0.785514772 0.010855562 0.123181820 0.040364586 0.991503537
1403715375562142976.000000 1.838329673 -0.130299687 -0.772016883 0.010602643 0.124604009 0.043756746 0.991184592
1403715375612143360.000000 1.840762138 -0.134634659 -0.759375870 0.010317520 0.125872150 0.046086472 0.990921736
1403715375662142976.000000 1.839306831 -0.138658687 -0.748078942 0.010760177 0.127804458 0.047583889 0.990598798
1403715375712143104.000000 1.838369370 -0.140390769 -0.734897971 0.012920883 0.130279616 0.047793828 0.990240395
1403715375762143232.000000 1.839732885 -0.143621385 -0.722910643 0.014271669 0.131274626 0.048513561 0.990055501
1403715375812143104.000000 1.838127017 -0.148835436 -0.709805965 0.014505592 0.133273333 0.048853170 0.989768326
1403715375862142976.000000 1.838702917 -0.151337013 -0.696640849 0.016417906 0.134838492 0.047173642 0.989607871
1403715375912143104.000000 1.837790489 -0.154398397 -0.683195591 0.016752737 0.136647880 0.044501003 0.989477813
1403715375962142976.000000 1.838647008 -0.157459542 -0.671287775 0.018734463 0.137076840 0.043593489 0.989423335
1403715376012143104.000000 1.835812926 -0.160309494 -0.658431053 0.019910976 0.138371244 0.042034540 0.989287674
1403715376062142976.000000 1.836374760 -0.163480639 -0.646579623 0.020843010 0.137607202 0.042750914 0.989344358
1403715376112143360.000000 1.835110784 -0.166056916 -0.634434521 0.022220191 0.136144757 0.044607453 0.989434719
1403715376162142976.000000 1.833214641 -0.167713031 -0.621659100 0.024074372 0.134302527 0.047382370 0.989514112
1403715376212143104.000000 1.831349850 -0.171310693 -0.607799768 0.025104262 0.132708162 0.050338838 0.989557743
1403715376262143232.000000 1.826410413 -0.173176691 -0.594502509 0.026909191 0.132060111 0.052676212 0.989475310
1403715376312143104.000000 1.828655362 -0.175462589 -0.584253609 0.033501133 0.129809245 0.052059155 0.989604592
1403715376362142976.000000 1.827078581 -0.179921716 -0.573051870 0.040826827 0.129666626 0.051738128 0.989364922
1403715376412143104.000000 1.823977828 -0.184490800 -0.559913278 0.045850843 0.131095499 0.048104376 0.989139915
1403715376462142976.000000 1.823418617 -0.183145836 -0.550661027 0.046106387 0.131291077 0.043577805 0.989311814
1403715376512143104.000000 1.822836876 -0.185079888 -0.541552544 0.041798037 0.130778790 0.040504858 0.989701629
1403715376562142976.000000 1.820139885 -0.186773896 -0.532964170 0.036155704 0.130040944 0.038549028 0.990099072
1403715376612143360.000000 1.820214152 -0.184996232 -0.524555266 0.033024661 0.128174275 0.036771718 0.990519404
1403715376662142976.000000 1.810336471 -0.185366496 -0.514389873 0.028189614 0.128874749 0.035897356 0.990609944
1403715376712143104.000000 1.810330033 -0.184702322 -0.506669641 0.026754448 0.126264349 0.035237882 0.991009533
1403715376762143232.000000 1.810728550 -0.183879837 -0.501480520 0.026581718 0.123133130 0.033010650 0.991484702
1403715376812143104.000000 1.810218096 -0.183779866 -0.496786773 0.028643381 0.120143540 0.031782098 0.991834223
1403715376862142976.000000 1.809931874 -0.183975160 -0.491057128 0.031972885 0.116384283 0.031298552 0.992196023
1403715376912143104.000000 1.785689831 -0.183224484 -0.474985182 0.039763130 0.121948719 0.030219816 0.991279125
1403715376962142976.000000 1.784289002 -0.184823215 -0.470408648 0.047572829 0.119115166 0.027982259 0.991345286
1403715377012143104.000000 1.770180106 -0.189725399 -0.462721735 0.051176015 0.119353332 0.029731812 0.991086185
1403715377062142976.000000 1.769001484 -0.187108710 -0.458973885 0.052257471 0.114812717 0.027850987 0.991620660
1403715377112143360.000000 1.764306664 -0.186926350 -0.455981225 0.046652090 0.111945279 0.027181493 0.992246509
1403715377162142976.000000 1.746263385 -0.183528125 -0.447294086 0.043302875 0.114299849 0.025196115 0.992182314
1403715377212143104.000000 1.734200120 -0.189341426 -0.440433264 0.036205791 0.115012631 0.024687355 0.992397070
1403715377262143232.000000 1.728516221 -0.191683576 -0.438767701 0.031832360 0.111786015 0.025019540 0.992907226
1403715377312143104.000000 1.712166548 -0.188839346 -0.432070255 0.030796070 0.112129286 0.025345424 0.992892861
1403715377362142976.000000 1.707340956 -0.188842371 -0.431061387 0.030828983 0.108651005 0.025743926 0.993268311
1403715377412143104.000000 1.691237926 -0.187762365 -0.426885337 0.033300452 0.108330421 0.026938122 0.993191838
1403715377462142976.000000 1.680249333 -0.189454585 -0.424759269 0.033831514 0.107199803 0.027073285 0.993292928
1403715377512143104.000000 1.669864178 -0.186943814 -0.423105806 0.035678629 0.105354659 0.026848450 0.993431747
1403715377562142976.000000 1.658610582 -0.182500198 -0.421739966 0.037229329 0.103721797 0.027683515 0.993523777
1403715377612143360.000000 1.641610026 -0.182890400 -0.419171989 0.036065672 0.104652837 0.027899284 0.993462980
1403715377662142976.000000 1.630460739 -0.178632021 -0.418932468 0.034831051 0.103410728 0.027925234 0.993636370
1403715377712143104.000000 1.616020322 -0.175225735 -0.418385118 0.033170931 0.103143729 0.028391007 0.993707716
1403715377762143232.000000 1.601490378 -0.175842673 -0.417911112 0.031498931 0.103333622 0.028600115 0.993736446
1403715377812143104.000000 1.588995576 -0.174071163 -0.418866038 0.030592814 0.102743074 0.028642012 0.993824720
1403715377862142976.000000 1.574988365 -0.175639376 -0.418846786 0.028040165 0.102495156 0.029422870 0.993902862
1403715377912143104.000000 1.560662508 -0.174282044 -0.418763041 0.027300624 0.102438040 0.029790685 0.993918359
1403715377962142976.000000 1.545401931 -0.170795158 -0.418914467 0.028126216 0.102218814 0.030099737 0.993908584
1403715378012143104.000000 1.530898213 -0.168280542 -0.419941396 0.028269056 0.101183102 0.032367177 0.993939281
1403715378062142976.000000 1.517109632 -0.166989237 -0.420841724 0.028802948 0.099069312 0.035842922 0.994017601
1403715378112143360.000000 1.504269719 -0.166657284 -0.423654526 0.028730357 0.096930154 0.038270138 0.994140148
1403715378162142976.000000 1.487215877 -0.160661489 -0.422588795 0.031344026 0.095848829 0.041051935 0.994055033
1403715378212143104.000000 1.470568419 -0.158561513 -0.425127834 0.032552268 0.094757684 0.044697091 0.993963599
1403715378262143232.000000 1.457126498 -0.154289529 -0.427275658 0.031604961 0.092633665 0.047593430 0.994059920
1403715378312143104.000000 1.441552877 -0.150676429 -0.429498941 0.029162511 0.090797924 0.051353678 0.994116724
1403715378362142976.000000 1.427350402 -0.144490108 -0.431749016 0.026906522 0.089250088 0.054761339 0.994138718
1403715378412143104.000000 1.412768364 -0.142127454 -0.434310347 0.022165878 0.088614129 0.056306515 0.994226277
1403715378462142976.000000 1.400102377 -0.137214005 -0.436397821 0.018880870 0.088931657 0.055893827 0.994288981
1403715378512143104.000000 1.387130141 -0.135942891 -0.439852506 0.014671928 0.090123713 0.052984491 0.994411945
1403715378562142976.000000 1.375766873 -0.130314901 -0.443007559 0.013532083 0.091511384 0.049220186 0.994494855
1403715378612143360.000000 1.364631176 -0.126821458 -0.445970267 0.012204339 0.091994427 0.047155906 0.994567454
1403715378662142976.000000 1.353208661 -0.125495449 -0.448448479 0.009391774 0.092897497 0.045308597 0.994599938
1403715378712143104.000000 1.341145396 -0.121470563 -0.451648653 0.007917526 0.093819171 0.043876581 0.994590461
1403715378762143232.000000 1.332772374 -0.122875810 -0.454770416 0.003669391 0.093138255 0.043105222 0.994712889
1403715378812143104.000000 1.321486354 -0.120349944 -0.457083106 0.000662022 0.093242310 0.043482807 0.994693339
1403715378862142976.000000 1.311669469 -0.119842082 -0.459310919 -0.002523647 0.092753075 0.043958209 0.994715095
1403715378912143104.000000 1.300412536 -0.118759371 -0.461878330 -0.003934952 0.092609100 0.044249628 0.994711101
1403715378962142976.000000 1.290869236 -0.119907998 -0.462624490 -0.005780988 0.092342712 0.045025893 0.994692028
1403715379012143104.000000 1.281840920 -0.121542826 -0.463755637 -0.006281564 0.092198685 0.045562480 0.994677901
1403715379062142976.000000 1.271701932 -0.124031618 -0.463900983 -0.006348771 0.093291491 0.044262446 0.994634271
1403715379112143360.000000 1.262901306 -0.125542834 -0.463551104 -0.004883517 0.093643107 0.042633194 0.994680643
1403715379162142976.000000 1.255846500 -0.129296258 -0.463271230 -0.002694018 0.095337138 0.038499940 0.994696617
1403715379212143104.000000 1.245373130 -0.127847552 -0.464316875 0.000434557 0.097687356 0.034289807 0.994626164
1403715379262143232.000000 1.238705277 -0.129960045 -0.462533355 0.001808517 0.098845787 0.030663999 0.994628549
1403715379312143104.000000 1.227858067 -0.132218838 -0.460645109 0.002681159 0.100998141 0.027620835 0.994499564
1403715379362142976.000000 1.218852043 -0.136268422 -0.459628701 0.003414939 0.102199420 0.024513887 0.994456053
1403715379412143104.000000 1.210260391 -0.136326239 -0.457479894 0.004504869 0.103081733 0.022052266 0.994418263
1403715379462142976.000000 1.202957153 -0.144806460 -0.454761088 0.001022260 0.103400342 0.020880409 0.994420171
1403715379512143104.000000 1.193338394 -0.146697640 -0.451594889 0.000507917 0.103972547 0.019294541 0.994392931
1403715379562142976.000000 1.181656361 -0.143660709 -0.449539036 0.001724562 0.104411855 0.019279700 0.994345844
1403715379612143360.000000 1.171581388 -0.149833590 -0.446981162 -0.000616219 0.104586586 0.018312624 0.994347036
1403715379662142976.000000 1.162881374 -0.154082134 -0.441605598 -0.003753095 0.104254477 0.018627102 0.994369149
1403715379712143104.000000 1.149783373 -0.157379001 -0.438321710 -0.003123299 0.105255976 0.017344652 0.994289041
1403715379762143232.000000 1.137431979 -0.158619568 -0.432708532 -0.001760915 0.105710387 0.016601704 0.994256854
1403715379812143104.000000 1.127221942 -0.166645467 -0.428031027 -0.000302125 0.105215661 0.015878692 0.994322658
1403715379862142976.000000 1.113388300 -0.169384629 -0.421757251 0.003939145 0.106247634 0.014389012 0.994227827
1403715379912143104.000000 1.100516915 -0.179395452 -0.416500330 0.006569772 0.106776044 0.013263382 0.994172931
1403715379962142976.000000 1.087859511 -0.181604311 -0.410327435 0.011011051 0.106856637 0.012194397 0.994138718
1403715380012143104.000000 1.075007319 -0.186936885 -0.403107136 0.012976029 0.107412882 0.010626721 0.994073093
1403715380062142976.000000 1.059603930 -0.191698849 -0.399309725 0.016569223 0.107723616 0.011872459 0.993971944
1403715380112143360.000000 1.044452190 -0.195946351 -0.392104119 0.019379081 0.106396422 0.015990717 0.994006395
1403715380162142976.000000 1.029281020 -0.200543791 -0.384777933 0.022477420 0.104365252 0.022698918 0.994025886
1403715380212143104.000000 1.012148142 -0.205925941 -0.379398882 0.024216948 0.103549339 0.025839567 0.993993700
1403715380262143232.000000 0.994900048 -0.204785720 -0.372998655 0.027217915 0.101894334 0.029577564 0.993982852
1403715380312143104.000000 0.980584621 -0.211200193 -0.367755502 0.025919566 0.100684382 0.033408031 0.994019508
1403715380362142976.000000 0.964151561 -0.215553656 -0.360870183 0.024693120 0.100851081 0.035547644 0.993959665
1403715380412143104.000000 0.947167754 -0.222074747 -0.355084240 0.021689067 0.101801753 0.036115993 0.993912339
1403715380462142976.000000 0.934350252 -0.226111010 -0.348611534 0.021107063 0.101580516 0.034921382 0.993990183
1403715380512143104.000000 0.917309046 -0.228517503 -0.343141437 0.021711383 0.102565959 0.033509221 0.993924558
1403715380562142976.000000 0.902440846 -0.234301344 -0.338564247 0.020439703 0.102862410 0.032714043 0.993947387
1403715380612143360.000000 0.885767698 -0.238602221 -0.333586544 0.020107778 0.102758206 0.031194881 0.994013786
1403715380662142976.000000 0.867729843 -0.239087611 -0.329363227 0.021288373 0.103005521 0.031520624 0.993953347
1403715380712143104.000000 0.852344632 -0.247549027 -0.322739094 0.020567697 0.102283165 0.031177571 0.994053900
1403715380762143232.000000 0.835364282 -0.252552897 -0.316659927 0.020815037 0.102185749 0.030271122 0.994086802
1403715380812143104.000000 0.816760063 -0.255800098 -0.312601984 0.021946719 0.102535032 0.030173503 0.994029462
1403715380862142976.000000 0.799442410 -0.264003694 -0.306558937 0.021322697 0.102707818 0.029247517 0.994052887
1403715380912143104.000000 0.788989007 -0.265740067 -0.301105559 0.022259139 0.100581117 0.029003514 0.994256914
1403715380962142976.000000 0.768129170 -0.266948640 -0.296958864 0.024181617 0.101888791 0.027761776 0.994114339
1403715381012143104.000000 0.752184749 -0.268180847 -0.293142378 0.024955735 0.101924144 0.027193386 0.994107246
1403715381062142976.000000 0.730505824 -0.272117168 -0.289220899 0.025858307 0.104206949 0.026446352 0.993867636
1403715381112143360.000000 0.708018720 -0.270484656 -0.287949979 0.027714819 0.105954520 0.028952830 0.993562937
1403715381162142976.000000 0.694377780 -0.275446385 -0.283882231 0.028042482 0.104695842 0.032013655 0.993593276
1403715381212143104.000000 0.681945205 -0.281631589 -0.279366314 0.028163433 0.103050031 0.034155708 0.993690550
1403715381262143232.000000 0.660761297 -0.283314675 -0.274861425 0.029810883 0.104734294 0.036458541 0.993384600
1403715381312143104.000000 0.645163476 -0.290091187 -0.271282524 0.029011097 0.105009839 0.038406260 0.993305802
1403715381362142976.000000 0.624983668 -0.286968857 -0.269539386 0.031487446 0.106192179 0.040867575 0.993006349
1403715381412143104.000000 0.610741377 -0.291780978 -0.265389055 0.031570956 0.106227539 0.043468900 0.992889464
1403715381462142976.000000 0.601145566 -0.293801516 -0.263751835 0.032467723 0.104963757 0.044663262 0.992941916
1403715381512143104.000000 0.579916000 -0.298260182 -0.260111302 0.034346323 0.108175606 0.046184666 0.992464304
1403715381562142976.000000 0.562192559 -0.296233714 -0.257244617 0.035824776 0.111114532 0.043757901 0.992197335
1403715381612143360.000000 0.547445834 -0.297483951 -0.255441487 0.034943648 0.112217486 0.041415714 0.992205143
1403715381662142976.000000 0.532871664 -0.297671556 -0.255714983 0.032366294 0.113947965 0.040379781 0.992137969
1403715381712143104.000000 0.514356613 -0.297453523 -0.252941221 0.027530335 0.116268173 0.037982583 0.992109418
1403715381762143232.000000 0.499682277 -0.293947309 -0.252468288 0.023776675 0.116578266 0.035462461 0.992263377
1403715381812143104.000000 0.486116260 -0.298952818 -0.251018375 0.016652456 0.116452679 0.034905273 0.992443025
1403715381862142976.000000 0.467370331 -0.293355018 -0.249860868 0.012559394 0.117860079 0.033102147 0.992398918
1403715381912143104.000000 0.448979259 -0.290522426 -0.247467428 0.008098865 0.120555662 0.031823676 0.992163301
1403715381962142976.000000 0.431918383 -0.292112976 -0.246438503 0.003393332 0.125255883 0.032296494 0.991592884
1403715382012143104.000000 0.416517824 -0.295612156 -0.244511560 -0.000138958 0.130066320 0.035035208 0.990886152
1403715382062142976.000000 0.400804102 -0.300004393 -0.243191630 -0.003741868 0.136451259 0.037901640 0.989914417
1403715382112143360.000000 0.383827597 -0.297553241 -0.241069376 -0.003098999 0.143433779 0.042654037 0.988735437
1403715382162142976.000000 0.368095070 -0.299068809 -0.236502975 -0.003473437 0.150962934 0.048571769 0.987339318
1403715382212143104.000000 0.350710779 -0.302304775 -0.232952282 -0.003391005 0.159746855 0.054638341 0.985638976
1403715382262143232.000000 0.335894614 -0.308186978 -0.229099095 -0.004268717 0.168835044 0.060359661 0.983785212
1403715382312143104.000000 0.316606104 -0.307044268 -0.222146168 -0.002449523 0.179606244 0.065715484 0.981538177
1403715382362142976.000000 0.297213495 -0.312926739 -0.215277746 -0.003162706 0.191844895 0.070502982 0.978884578
1403715382412143104.000000 0.282981336 -0.316105843 -0.210195348 -0.001959426 0.201995552 0.075639769 0.976459265
1403715382462142976.000000 0.268632591 -0.319365382 -0.204156473 -0.002536437 0.211598665 0.080534607 0.974029660
1403715382512143104.000000 0.252512097 -0.320601344 -0.197807521 -0.001737376 0.220423609 0.085096821 0.971683621
1403715382562142976.000000 0.241561711 -0.323923767 -0.193244666 -0.002132774 0.226997390 0.090252288 0.969702184
1403715382612143360.000000 0.225470543 -0.330080956 -0.185921893 -0.002874168 0.234655634 0.095381625 0.967383504
1403715382662142976.000000 0.208586082 -0.331565022 -0.177193388 -0.003035764 0.243507341 0.099016905 0.964826763
1403715382712143104.000000 0.193347961 -0.332649410 -0.169776857 -0.002185330 0.251115650 0.103237480 0.962433517
1403715382762143232.000000 0.177368850 -0.332149655 -0.160026640 -0.002842438 0.260284305 0.105772130 0.959716797
1403715382812143104.000000 0.164165914 -0.340520442 -0.150676996 -0.004959244 0.268759251 0.108766347 0.957033873
1403715382862142976.000000 0.152549729 -0.343684554 -0.142915279 -0.005453432 0.276430547 0.112940282 0.954358935
1403715382912143104.000000 0.136166096 -0.346211016 -0.131183416 -0.005694543 0.286395669 0.115263246 0.951135933
1403715382962142976.000000 0.123655111 -0.346125901 -0.123410568 -0.005000389 0.293449998 0.119229183 0.948496997
1403715383012143104.000000 0.112182960 -0.352655500 -0.112693302 -0.006543234 0.300721496 0.124101557 0.945580602
1403715383062142976.000000 0.099782728 -0.356568813 -0.102686301 -0.007370452 0.306430131 0.129222199 0.943052411
1403715383112143360.000000 0.086936802 -0.360866219 -0.091186687 -0.007686534 0.311079115 0.134719059 0.940755785
1403715383162142976.000000 0.072586209 -0.358721852 -0.080336019 -0.005774420 0.315464556 0.137854457 0.938853025
1403715383212143104.000000 0.060512740 -0.363823295 -0.068320170 -0.007279854 0.317579776 0.142128557 0.937491179
1403715383262143232.000000 0.050501995 -0.367856205 -0.056751236 -0.008222515 0.319580883 0.143723875 0.936559618
1403715383312143104.000000 0.038301647 -0.369783312 -0.043031570 -0.007397811 0.321492493 0.146184221 0.935530901
1403715383362142976.000000 0.030039217 -0.374186248 -0.032615669 -0.006784495 0.321018219 0.148815736 0.935283482
1403715383412143104.000000 0.021232000 -0.381067932 -0.019898731 -0.006549013 0.321778655 0.149993956 0.934835553
1403715383462142976.000000 0.012483262 -0.383907020 -0.006785655 -0.004413847 0.322434306 0.150596201 0.934525311
1403715383512143104.000000 0.005103348 -0.385679483 0.003716774 0.000200807 0.323660821 0.151239976 0.934007585
1403715383562142976.000000 -0.000344904 -0.388339221 0.014875304 0.003766589 0.326158613 0.151106119 0.933152378
1403715383612143360.000000 -0.006735466 -0.395620108 0.031053547 0.005757120 0.331903785 0.150826782 0.931159556
1403715383662142976.000000 -0.015929285 -0.396216273 0.046331055 0.008774224 0.339255214 0.150747061 0.928495705
1403715383712143104.000000 -0.017434299 -0.406224728 0.059226047 0.007504789 0.345871449 0.153523952 0.925606310
1403715383762143232.000000 -0.020450417 -0.408370435 0.070639417 0.009289059 0.353814453 0.155725792 0.922213972
1403715383812143104.000000 -0.023874603 -0.410666823 0.081640445 0.010648897 0.362686157 0.159436822 0.918109596
1403715383862142976.000000 -0.026633576 -0.410918862 0.091904476 0.011480547 0.372276187 0.162923977 0.913638055
1403715383912143104.000000 -0.028715409 -0.414896756 0.102230221 0.011266588 0.383086950 0.167575791 0.908314884
1403715383962142976.000000 -0.032685503 -0.415460825 0.114900127 0.011349155 0.396186560 0.170725256 0.902086735
1403715384012143104.000000 -0.034273542 -0.422841728 0.128794998 0.009732408 0.409197152 0.175754860 0.895306230
1403715384062142976.000000 -0.037061781 -0.423756093 0.138940856 0.009916104 0.421919256 0.180660591 0.888396084
1403715384112143360.000000 -0.039455205 -0.427029252 0.147469550 0.009631795 0.434337437 0.185440451 0.881402373
1403715384162142976.000000 -0.040926516 -0.428228170 0.156737924 0.010347658 0.446542293 0.190176561 0.874257326
1403715384212143104.000000 -0.042503610 -0.429728836 0.170049787 0.010269587 0.459219575 0.195282370 0.866531432
1403715384262143232.000000 -0.044557869 -0.434012175 0.178908959 0.010727299 0.471021861 0.200845137 0.858885705
1403715384312143104.000000 -0.045892924 -0.437521994 0.189445898 0.011237765 0.482526720 0.206854418 0.851030529
1403715384362142976.000000 -0.046284020 -0.439867467 0.196563289 0.012135814 0.493406385 0.211963907 0.843489349
1403715384412143104.000000 -0.047001287 -0.440296859 0.203283086 0.013670486 0.504005671 0.216725200 0.835955501
1403715384462142976.000000 -0.047329634 -0.442922950 0.212653965 0.013205267 0.514607251 0.221911058 0.828106642
1403715384512143104.000000 -0.046628386 -0.446885347 0.219018370 0.012613088 0.524094820 0.228473708 0.820344627
1403715384562142976.000000 -0.047983408 -0.448251009 0.224610448 0.010949853 0.533529222 0.233847588 0.812737405
1403715384612143360.000000 -0.047142863 -0.450688362 0.232586503 0.009308229 0.543131292 0.239645034 0.804668903
1403715384662142976.000000 -0.045468986 -0.452992350 0.240152329 0.006860382 0.552844048 0.245390445 0.796303988
1403715384712143104.000000 -0.043469578 -0.454429239 0.245930642 0.004016274 0.562272966 0.249357864 0.788450181
1403715384762143232.000000 -0.042545766 -0.456299096 0.250455379 0.003539036 0.571105838 0.253743768 0.780666173
1403715384812143104.000000 -0.039840460 -0.458442688 0.254554242 0.002061723 0.579743266 0.258125335 0.772829175
1403715384862142976.000000 -0.037005246 -0.460673511 0.259898752 0.001109554 0.588001192 0.262101710 0.765216351
1403715384912143104.000000 -0.034661919 -0.461561084 0.261827826 0.002432833 0.595364749 0.265260667 0.758400798
1403715384962142976.000000 -0.030155420 -0.465287060 0.265468299 0.003148392 0.601983786 0.267096847 0.752505779
1403715385012143104.000000 -0.025650740 -0.466329217 0.269124299 0.003760297 0.607832313 0.266898423 0.747857630
1403715385062142976.000000 -0.021782815 -0.467252880 0.272522986 0.003329678 0.613632202 0.265770853 0.743512213
1403715385112143360.000000 -0.016296953 -0.468678087 0.274485767 0.001808973 0.618978024 0.264081389 0.739678323
1403715385162142976.000000 -0.011483520 -0.470354199 0.274773449 0.000537298 0.624618888 0.263027132 0.735301077
1403715385212143104.000000 -0.005443484 -0.471551210 0.276343256 -0.001033149 0.630426526 0.261906385 0.730730057
1403715385262143232.000000 0.001853764 -0.473712295 0.278227866 -0.003130955 0.635182083 0.261106312 0.726881981
1403715385312143104.000000 0.007701308 -0.476160526 0.279876858 -0.004831317 0.639010787 0.261466414 0.723379076
1403715385362142976.000000 0.013713121 -0.477993786 0.279160351 -0.004637025 0.641329944 0.261995554 0.721133113
1403715385412143104.000000 0.021457613 -0.479808867 0.281611353 -0.006038676 0.643341720 0.262691259 0.719074607
1403715385462142976.000000 0.027284831 -0.481286943 0.281583846 -0.003823288 0.644308269 0.263912857 0.717775881
1403715385512143104.000000 0.036079794 -0.484140754 0.282307953 -0.000816739 0.644766033 0.265348613 0.716844618
1403715385562142976.000000 0.042218983 -0.487679243 0.283132493 0.003792590 0.644470274 0.267859042 0.716167092
1403715385612143360.000000 0.051240087 -0.492385268 0.286656618 0.008435011 0.643946886 0.271073163 0.715388536
1403715385662142976.000000 0.059818178 -0.493597329 0.284993440 0.012458174 0.641546547 0.275750428 0.715698719
1403715385712143104.000000 0.067528874 -0.497128993 0.285419136 0.015496491 0.640290201 0.278132886 0.715842485
1403715385762143232.000000 0.075087786 -0.498915881 0.285393387 0.018184386 0.639590859 0.278714180 0.716178238
1403715385812143104.000000 0.083227754 -0.501587033 0.283636153 0.021673804 0.638868690 0.278767109 0.716704965
1403715385862142976.000000 0.091303945 -0.503280163 0.280709088 0.024290711 0.638706028 0.277346432 0.717316985
1403715385912143104.000000 0.099273324 -0.504888475 0.276878983 0.026438447 0.639396191 0.273870528 0.717961311
1403715385962142976.000000 0.107928514 -0.507137358 0.274544060 0.026324823 0.641754985 0.267325222 0.718327880
1403715386012143104.000000 0.116394401 -0.507656872 0.270514011 0.025238948 0.644185662 0.260329872 0.718760192
1403715386062142976.000000 0.124536008 -0.509111702 0.266050875 0.023199178 0.645920217 0.255283296 0.719082296
1403715386112143360.000000 0.131816000 -0.509124279 0.261616409 0.021335265 0.647470891 0.251153886 0.719199538
1403715386162142976.000000 0.139014155 -0.510409355 0.256147504 0.018705001 0.648335516 0.249162346 0.719186604
1403715386212143104.000000 0.144683301 -0.508968592 0.250500500 0.016317490 0.648806393 0.247896150 0.719257593
1403715386262143232.000000 0.150347412 -0.508352757 0.244755372 0.014602578 0.648885787 0.248295143 0.719085276
1403715386312143104.000000 0.156407237 -0.508799672 0.240026325 0.013813564 0.648950696 0.249678090 0.718563259
1403715386362142976.000000 0.162089318 -0.507938147 0.235787734 0.014480663 0.649540961 0.249551237 0.718060672
1403715386412143104.000000 0.167570338 -0.507620096 0.228948504 0.016191663 0.650105238 0.249171197 0.717645288
1403715386462142976.000000 0.172252730 -0.504767537 0.225115120 0.018664697 0.651250780 0.248050928 0.716934383
1403715386512143104.000000 0.176060960 -0.504021645 0.217505515 0.020953923 0.651159644 0.247861788 0.717019260
1403715386562142976.000000 0.177751735 -0.501293600 0.211531848 0.025096392 0.650853992 0.249060303 0.716748416
1403715386612143360.000000 0.182103515 -0.499310017 0.207478777 0.026941741 0.650929034 0.249942854 0.716305912
1403715386662142976.000000 0.185758755 -0.497974157 0.202322558 0.031256240 0.650336564 0.252488762 0.715775788
1403715386712143104.000000 0.186843455 -0.495712399 0.195150942 0.033920765 0.648987114 0.254938871 0.716010690
1403715386762143232.000000 0.188218653 -0.492514879 0.189705551 0.035225421 0.647722960 0.258299649 0.715887904
1403715386812143104.000000 0.187967628 -0.488315344 0.182559624 0.035554241 0.644714892 0.265093625 0.716103435
1403715386862142976.000000 0.189818442 -0.484161764 0.176750287 0.035746921 0.641791046 0.271823406 0.716197252
1403715386912143104.000000 0.188699841 -0.478365600 0.166508123 0.036605392 0.638563335 0.278180182 0.716598034
1403715386962142976.000000 0.188009694 -0.472893625 0.158295631 0.036636885 0.636488616 0.282615513 0.716706693
1403715387012143104.000000 0.188090324 -0.468198299 0.148117170 0.035254471 0.634879291 0.286041915 0.716844141
1403715387062142976.000000 0.187055767 -0.462081015 0.136561617 0.033576746 0.634212315 0.286987871 0.717136919
1403715387112143360.000000 0.188137531 -0.455713451 0.127076477 0.030325644 0.635147929 0.284418136 0.717477381
1403715387162142976.000000 0.189318046 -0.448158324 0.116690144 0.025966059 0.636540771 0.281192333 0.717685521
1403715387212143104.000000 0.187900037 -0.438835502 0.101319909 0.022235893 0.637455583 0.276482940 0.718827605
1403715387262143232.000000 0.188276440 -0.431330949 0.087785259 0.018668035 0.638068497 0.273172736 0.719650447
1403715387312143104.000000 0.187980667 -0.421311140 0.073448822 0.016935281 0.638770998 0.269401014 0.720491469
1403715387362142976.000000 0.188548550 -0.413084775 0.060635164 0.015196653 0.639394641 0.266577005 0.721027195
1403715387412143104.000000 0.188748583 -0.403485894 0.046081483 0.013579421 0.639682531 0.264182001 0.721685350
1403715387462142976.000000 0.187787503 -0.397085160 0.032376304 0.011247317 0.639608622 0.262905836 0.722256839
1403715387512143104.000000 0.187182978 -0.387900412 0.017242000 0.008038164 0.638460815 0.263130426 0.723232746
1403715387562142976.000000 0.188641876 -0.379910469 0.001908079 0.005199832 0.637277246 0.264237970 0.723898470
1403715387612143360.000000 0.187553912 -0.372419715 -0.014279395 0.003350108 0.635137320 0.267105728 0.724737227
1403715387662142976.000000 0.189258277 -0.366051078 -0.030780151 0.000937729 0.633299053 0.269445121 0.725486636
1403715387712143104.000000 0.189599216 -0.362004161 -0.049804986 -0.001559377 0.631254196 0.270693749 0.726801634
1403715387762143232.000000 0.192078710 -0.358557999 -0.064634532 -0.003632343 0.629942179 0.271619499 0.727586746
1403715387812143104.000000 0.193579853 -0.353516340 -0.083785772 -0.003817421 0.628200412 0.271938831 0.728971243
1403715387862142976.000000 0.196182236 -0.353634000 -0.103251852 -0.005150550 0.626419902 0.273243546 0.730006516
1403715387912143104.000000 0.200065300 -0.352245301 -0.121380031 -0.005567469 0.624972522 0.273670197 0.731083453
1403715387962142976.000000 0.203499720 -0.350825965 -0.138699636 -0.006451150 0.623948336 0.273655713 0.731955945
1403715388012143104.000000 0.206372306 -0.346175104 -0.156865537 -0.005844066 0.623017609 0.273285240 0.732891679
1403715388062142976.000000 0.211205691 -0.339075685 -0.175052628 -0.005784778 0.622375727 0.272223860 0.733831882
1403715388112143360.000000 0.215875685 -0.329584479 -0.190726146 -0.004275366 0.622274697 0.270521045 0.734557211
1403715388162142976.000000 0.221980423 -0.320012927 -0.205772460 -0.003597578 0.622455657 0.268648952 0.735094488
1403715388212143104.000000 0.226897001 -0.309030116 -0.224791855 -0.001816434 0.622213781 0.266147256 0.736214936
1403715388262143232.000000 0.234528109 -0.297666401 -0.237910241 -0.000222278 0.623168588 0.263027430 0.736530721
1403715388312143104.000000 0.241007820 -0.286703318 -0.252181977 0.000903132 0.623919964 0.260389954 0.736831188
1403715388362142976.000000 0.247376680 -0.271604776 -0.267698050 0.002062445 0.624639392 0.257106006 0.737372279
1403715388412143104.000000 0.252824247 -0.259113640 -0.281868160 0.002508744 0.624880731 0.255352557 0.737775624
1403715388462142976.000000 0.259966671 -0.245836705 -0.296977222 0.002654362 0.625432730 0.253127337 0.738074183
1403715388512143104.000000 0.267930895 -0.230274707 -0.314067066 0.003146068 0.624991119 0.252774745 0.738566995
1403715388562142976.000000 0.274344683 -0.218338743 -0.325949132 0.004008191 0.625389040 0.252615988 0.738280237
1403715388612143360.000000 0.281010091 -0.206014350 -0.340089500 0.004501089 0.625603020 0.252316207 0.738198638
1403715388662142976.000000 0.289496988 -0.192477554 -0.355860472 0.005224782 0.625510335 0.251883984 0.738419890
1403715388712143104.000000 0.295969188 -0.180906713 -0.368153125 0.006124368 0.625900686 0.251073360 0.738358319
1403715388762143232.000000 0.303581625 -0.167776302 -0.381402314 0.006027529 0.626453459 0.249783918 0.738327742
1403715388812143104.000000 0.311775625 -0.156970009 -0.395414352 0.005913181 0.626381934 0.249756187 0.738398731
1403715388862142976.000000 0.318438530 -0.143639266 -0.411899269 0.006267447 0.625822127 0.248904988 0.739157438
1403715388912143104.000000 0.325150192 -0.132655352 -0.426267862 0.005717949 0.626421332 0.246718377 0.739387393
1403715388962142976.000000 0.332846314 -0.124695227 -0.441011608 0.005673203 0.626372993 0.245805547 0.739732683
1403715389012143104.000000 0.341021597 -0.116168387 -0.457565099 0.005477047 0.626131952 0.244742066 0.740290582
1403715389062142976.000000 0.348148376 -0.109645881 -0.473289967 0.005815636 0.626069486 0.243528068 0.740741074
1403715389112143360.000000 0.355772734 -0.105087548 -0.489049256 0.004967706 0.625955224 0.242258951 0.741259813
1403715389162142976.000000 0.363120198 -0.101406351 -0.509474277 0.003819390 0.625178218 0.241084352 0.742304564
1403715389212143104.000000 0.369828343 -0.096282162 -0.526660204 0.003701966 0.624957085 0.239464104 0.743015409
1403715389262143232.000000 0.377504408 -0.092133276 -0.542048275 0.002021326 0.625372946 0.237081587 0.743435979
1403715389312143104.000000 0.384924948 -0.088172548 -0.557925344 0.001100231 0.625366271 0.235604003 0.743913054
1403715389362142976.000000 0.391834199 -0.083689906 -0.574764609 -0.000071571 0.624958038 0.233872280 0.744802773
1403715389412143104.000000 0.398009658 -0.081929497 -0.593919158 -0.001386699 0.624241233 0.232867897 0.745716810
1403715389462142976.000000 0.406081378 -0.078358762 -0.608811736 -0.002307161 0.623757064 0.232622027 0.746196210
1403715389512143104.000000 0.414547324 -0.071856201 -0.622651756 -0.001531627 0.623203158 0.232673094 0.746645033
1403715389562142976.000000 0.420318127 -0.069937281 -0.635632813 -0.000669188 0.622708082 0.233907357 0.746673763
1403715389612143360.000000 0.426882565 -0.064175501 -0.649784327 0.002470226 0.620986462 0.235549852 0.747586846
1403715389662142976.000000 0.433482528 -0.061224632 -0.664284468 0.004233076 0.618352950 0.236922860 0.749325991
1403715389712143104.000000 0.440053463 -0.057956740 -0.677262783 0.005426938 0.615031838 0.237438157 0.751884043
1403715389762143232.000000 0.446911931 -0.053307317 -0.687360168 0.006686802 0.611274958 0.237431854 0.754933357
1403715389812143104.000000 0.453794241 -0.049019717 -0.703079700 0.008068267 0.605483711 0.237075225 0.759684026
1403715389862142976.000000 0.459293664 -0.045170851 -0.710634470 0.007243203 0.600387335 0.236477211 0.763911784
1403715389912143104.000000 0.466347754 -0.039154053 -0.727192640 0.005855490 0.592752993 0.236354426 0.769900143
1403715389962142976.000000 0.472802162 -0.032706454 -0.740431011 0.003543867 0.585452795 0.235747531 0.775664628
1403715390012143104.000000 0.479106724 -0.028465413 -0.750842810 -0.000805640 0.578210771 0.234783828 0.781375825
1403715390062142976.000000 0.485595226 -0.020333372 -0.760190725 -0.004313518 0.570890725 0.233016431 0.787253857
1403715390112143360.000000 0.491796315 -0.016092248 -0.772021532 -0.008122362 0.563068867 0.231480345 0.793287098
1403715390162142976.000000 0.500711143 -0.009674340 -0.784486294 -0.011813420 0.554811120 0.228433445 0.799914598
1403715390212143104.000000 0.508499742 -0.004259784 -0.793130517 -0.014959382 0.547425568 0.224861383 0.805939794
1403715390262143232.000000 0.515858412 0.001678932 -0.803836644 -0.018518014 0.539285421 0.221391007 0.812289596
1403715390312143104.000000 0.526591241 0.008623479 -0.809877515 -0.019403743 0.532208681 0.215750232 0.818431020
1403715390362142976.000000 0.535129368 0.013729654 -0.818561912 -0.020356346 0.524491072 0.211048812 0.824592710
1403715390412143104.000000 0.545727015 0.019749118 -0.829915166 -0.021167554 0.516359389 0.205106646 0.831177652
1403715390462142976.000000 0.555547178 0.025949325 -0.839189291 -0.022036683 0.508935153 0.197387770 0.837578356
1403715390512143104.000000 0.566725016 0.030408606 -0.847786665 -0.023083942 0.501064122 0.191002235 0.843753576
1403715390562142976.000000 0.578445554 0.035737865 -0.854255080 -0.023384523 0.493461668 0.183445960 0.849880278
1403715390612143360.000000 0.590153992 0.040632349 -0.859227300 -0.022799293 0.486036599 0.175847471 0.855760634
1403715390662142976.000000 0.599880338 0.044144999 -0.862736344 -0.022028120 0.478459805 0.170433491 0.861129224
1403715390712143104.000000 0.612739086 0.047558907 -0.870628655 -0.020122092 0.468599111 0.168674558 0.866925001
1403715390762143232.000000 0.623118997 0.053152487 -0.870506525 -0.016466917 0.459114015 0.169894502 0.871825159
1403715390812143104.000000 0.635378480 0.056533292 -0.873262167 -0.015172237 0.449822038 0.170811608 0.876500607
1403715390862142976.000000 0.645438254 0.057997581 -0.875324547 -0.014176403 0.442423224 0.172289968 0.879986882
1403715390912143104.000000 0.659327984 0.061899908 -0.877464950 -0.014052535 0.436135858 0.172343820 0.883111417
1403715390962142976.000000 0.670575202 0.063646115 -0.878800452 -0.014219197 0.431253105 0.173558027 0.885266244
1403715391012143104.000000 0.682903826 0.068902515 -0.877810776 -0.013778899 0.426761687 0.174474016 0.887267470
1403715391062142976.000000 0.696103156 0.071114115 -0.879894495 -0.013342358 0.421126217 0.175847843 0.889692187
1403715391112143360.000000 0.710669816 0.072377250 -0.880281210 -0.012981161 0.415017456 0.177354038 0.892265439
1403715391162142976.000000 0.723228574 0.075863510 -0.877065539 -0.010023442 0.409198612 0.178622663 0.894734621
1403715391212143104.000000 0.736588478 0.075740099 -0.875980556 -0.008677971 0.403235942 0.179066241 0.897363245
1403715391262143232.000000 0.752993703 0.077034429 -0.877810121 -0.004626065 0.397057593 0.179631397 0.900031388
1403715391312143104.000000 0.767329097 0.077584431 -0.875875354 -0.001676235 0.393610120 0.179398045 0.901601136
1403715391362142976.000000 0.782697797 0.077235371 -0.875100732 -0.000316218 0.391063690 0.178152218 0.902956784
1403715391412143104.000000 0.800526083 0.080165476 -0.873225570 0.001052388 0.389104426 0.176514000 0.904123604
1403715391462142976.000000 0.817485929 0.082646921 -0.871073544 0.001300759 0.387811244 0.176151335 0.904749453
1403715391512143104.000000 0.834250629 0.084185079 -0.869274139 0.001067603 0.387220919 0.175827786 0.905065477
1403715391562142976.000000 0.854040027 0.084399462 -0.869690776 0.001772806 0.385570914 0.176225305 0.905691266
1403715391612143360.000000 0.872996688 0.084480837 -0.867786884 0.002725954 0.382624447 0.178554356 0.906481922
1403715391662142976.000000 0.892226934 0.087244548 -0.867869675 0.005318491 0.379032969 0.179357663 0.907819688
1403715391712143104.000000 0.911083341 0.087358080 -0.864549160 0.006608526 0.376633137 0.177591100 0.909156382
1403715391762143232.000000 0.932429790 0.085047096 -0.865195513 0.007976525 0.372411221 0.175504088 0.911287308
1403715391812143104.000000 0.952619195 0.081636220 -0.865150869 0.007794983 0.369119197 0.170629919 0.913551211
1403715391862142976.000000 0.974357486 0.078434408 -0.867459416 0.006912011 0.364719152 0.163905665 0.916551828
1403715391912143104.000000 0.996099472 0.071673162 -0.870266855 0.005026460 0.360259622 0.158442199 0.919284463
1403715391962142976.000000 1.017011166 0.066014558 -0.871364176 0.002536396 0.356720060 0.153251946 0.921552122
1403715392012143104.000000 1.039806843 0.060787052 -0.872769594 -0.001662370 0.352943480 0.151285276 0.923331499
1403715392062142976.000000 1.063311815 0.054802939 -0.873887599 -0.004682255 0.349451572 0.149070755 0.925007880
1403715392112143360.000000 1.086951137 0.050172888 -0.877014875 -0.006324457 0.346053690 0.148682326 0.926337123
1403715392162142976.000000 1.109038353 0.043987945 -0.875581980 -0.007815554 0.344354272 0.147892416 0.927085221
1403715392212143104.000000 1.133453369 0.037760362 -0.877025962 -0.007660885 0.340916485 0.146853209 0.928521156
1403715392262143232.000000 1.156641006 0.030815464 -0.876311779 -0.006338618 0.337300271 0.143973783 0.930300951
1403715392312143104.000000 1.179776669 0.024433335 -0.876257479 -0.003462583 0.332158029 0.141550496 0.932535589
1403715392362142976.000000 1.204753399 0.016690392 -0.875477850 0.001067272 0.326144278 0.136423096 0.935423791
1403715392412143104.000000 1.229290724 0.009366812 -0.874771893 0.009606533 0.319497377 0.130907133 0.938452244
1403715392462142976.000000 1.254063249 0.001936235 -0.873243928 0.019939268 0.312366784 0.124582864 0.941545844
1403715392512143104.000000 1.276772499 -0.005764429 -0.870113313 0.027045803 0.305530190 0.116870120 0.944595814
1403715392562142976.000000 1.298838615 -0.010425586 -0.868273854 0.030892922 0.297123879 0.110760145 0.947889924
1403715392612143360.000000 1.319000244 -0.013957608 -0.864636600 0.031181680 0.289047241 0.105393410 0.950984538
1403715392662142976.000000 1.341980100 -0.018603452 -0.863685250 0.032146279 0.278891087 0.100526407 0.954505622
1403715392712143104.000000 1.365375757 -0.023124654 -0.865176260 0.033776674 0.267985791 0.095916443 0.958041191
1403715392762143232.000000 1.383776784 -0.024699271 -0.861887693 0.034682278 0.258550406 0.091215730 0.961055934
1403715392812143104.000000 1.403222919 -0.027941890 -0.860192060 0.030502466 0.248200595 0.086703748 0.964338422
1403715392862142976.000000 1.423822880 -0.031556778 -0.861173868 0.024533834 0.236265346 0.083615214 0.967773438
1403715392912143104.000000 1.443318963 -0.032292731 -0.860699058 0.020313686 0.224508584 0.079540156 0.971008062
1403715392962142976.000000 1.459912539 -0.033025645 -0.857906580 0.015856385 0.213886216 0.074140444 0.973912001
1403715393012143104.000000 1.477142096 -0.037961371 -0.857089341 0.011690243 0.202340201 0.069204979 0.976797104
1403715393062142976.000000 1.495249987 -0.036995046 -0.857056975 0.011174971 0.189397410 0.065100476 0.979676306
1403715393112143360.000000 1.512265921 -0.040659890 -0.854688764 0.009434794 0.177489236 0.059057668 0.982303798
1403715393162142976.000000 1.528485179 -0.039442860 -0.853777945 0.010703390 0.165896997 0.049947564 0.984819233
1403715393212143104.000000 1.544129372 -0.044733196 -0.849952221 0.010136083 0.154235005 0.040973015 0.987132251
1403715393262143232.000000 1.560784698 -0.046103824 -0.847852826 0.013018415 0.141218215 0.033039633 0.989341378
1403715393312143104.000000 1.575564742 -0.047620729 -0.846518278 0.016171696 0.127723277 0.024961833 0.991363823
1403715393362142976.000000 1.589247227 -0.048821107 -0.843584061 0.018871319 0.114162914 0.017748440 0.993124247
1403715393412143104.000000 1.603617668 -0.051680252 -0.840480924 0.020218208 0.100130491 0.009209318 0.994726300
1403715393462142976.000000 1.617481589 -0.052006766 -0.837736785 0.022393610 0.086280681 0.001088923 0.996018589
1403715393512143104.000000 1.626925230 -0.052018646 -0.834988832 0.025571929 0.072993867 -0.006855745 0.996980965
1403715393562142976.000000 1.638707757 -0.051667895 -0.832955956 0.028410897 0.058704015 -0.015063110 0.997757435
1403715393612143360.000000 1.646841645 -0.054169666 -0.830011070 0.029936250 0.044273365 -0.021658592 0.998335958
1403715393662142976.000000 1.653427720 -0.056816828 -0.828488886 0.030543506 0.028685616 -0.024689730 0.998816669
1403715393712143104.000000 1.659896493 -0.055797514 -0.825639784 0.030282483 0.011871980 -0.026067091 0.999130905
1403715393762143232.000000 1.666449189 -0.056634765 -0.823214889 0.028199833 -0.005353338 -0.026586385 0.999234378
1403715393812143104.000000 1.674055696 -0.056408785 -0.821453393 0.025590951 -0.022425683 -0.027233159 0.999049842
1403715393862142976.000000 1.677753329 -0.059274115 -0.820515573 0.022372216 -0.038630854 -0.028559959 0.998594820
1403715393912143104.000000 1.681931973 -0.055670600 -0.819926322 0.022026779 -0.053377487 -0.033316500 0.997775435
1403715393962142976.000000 1.686024427 -0.055052731 -0.818346143 0.020754173 -0.068925641 -0.035501927 0.996773899
1403715394012143104.000000 1.688898087 -0.055851962 -0.815943956 0.020311737 -0.084011011 -0.038375940 0.995518446
1403715394062142976.000000 1.692138314 -0.056411259 -0.813987195 0.020425538 -0.099126004 -0.042075668 0.993975103
1403715394112143360.000000 1.695649266 -0.057236090 -0.813132465 0.019820290 -0.114192247 -0.046642520 0.992165208
1403715394162142976.000000 1.697546363 -0.055851497 -0.810905933 0.021410732 -0.128523394 -0.053388909 0.990036905
1403715394212143104.000000 1.699714899 -0.054090597 -0.809291482 0.022304635 -0.143704951 -0.059032924 0.987606525
1403715394262143232.000000 1.702278614 -0.053235129 -0.808380961 0.022979654 -0.159078896 -0.065127335 0.984847367
1403715394312143104.000000 1.703380704 -0.053584989 -0.807705522 0.024543991 -0.174512506 -0.070400305 0.981828332
1403715394362142976.000000 1.704402328 -0.054289222 -0.806513965 0.027346376 -0.189146206 -0.078043446 0.978460610
1403715394412143104.000000 1.706652999 -0.051472574 -0.804713428 0.031362914 -0.204857424 -0.084796742 0.974607348
1403715394462142976.000000 1.708230853 -0.051831495 -0.804388463 0.035922661 -0.219770297 -0.092485301 0.970493257
1403715394512143104.000000 1.708580971 -0.051949840 -0.803462982 0.039546251 -0.234181121 -0.100060426 0.966221094
1403715394562142976.000000 1.710336328 -0.050896689 -0.803980470 0.041983798 -0.249548718 -0.106542170 0.961567283
1403715394612143360.000000 1.709022522 -0.050950639 -0.805214524 0.043055546 -0.264742613 -0.112390824 0.956778884
1403715394662142976.000000 1.709771872 -0.050296485 -0.805847287 0.042810865 -0.281351388 -0.116586417 0.951533675
1403715394712143104.000000 1.709251523 -0.048441216 -0.808511853 0.041625317 -0.297318280 -0.121929973 0.946045578
1403715394762143232.000000 1.707605124 -0.047674231 -0.811311483 0.038609512 -0.313053668 -0.127528444 0.940342128
1403715394812143104.000000 1.707167864 -0.046029150 -0.813893557 0.035448119 -0.328916937 -0.133231744 0.934241116
1403715394862142976.000000 1.706734657 -0.044921473 -0.817346811 0.032829087 -0.345581144 -0.139532492 0.927376211
1403715394912143104.000000 1.706441522 -0.042363167 -0.820858002 0.030766843 -0.361828744 -0.146484435 0.920149863
1403715394962142976.000000 1.705977201 -0.040067002 -0.823122442 0.029320134 -0.379353046 -0.153217822 0.912006557
1403715395012143104.000000 1.704657555 -0.039245963 -0.827516019 0.027879801 -0.395965844 -0.161223799 0.903571069
1403715395062142976.000000 1.701403379 -0.035711095 -0.831185043 0.027414190 -0.412606388 -0.168329239 0.894801557
1403715395112143360.000000 1.699701071 -0.034065723 -0.836104035 0.027293580 -0.429276496 -0.175557747 0.885525942
1403715395162142976.000000 1.697867513 -0.030439854 -0.841509521 0.027341893 -0.444449961 -0.182321280 0.876627505
1403715395212143104.000000 1.695626259 -0.028634340 -0.846547365 0.025270320 -0.459588766 -0.187935859 0.867651880
1403715395262143232.000000 1.694703460 -0.028270721 -0.850240290 0.024615251 -0.474018574 -0.194092900 0.858503640
1403715395312143104.000000 1.692714930 -0.022805750 -0.853733420 0.025668627 -0.487091422 -0.199275419 0.849924982
1403715395362142976.000000 1.689384818 -0.020457655 -0.856634557 0.025317060 -0.499418318 -0.205018610 0.841372550
1403715395412143104.000000 1.687464237 -0.017361820 -0.860185146 0.024655005 -0.511042535 -0.209433258 0.833285868
1403715395462142976.000000 1.683440566 -0.010924578 -0.863914728 0.024137238 -0.521666944 -0.213701025 0.825598478
1403715395512143104.000000 1.679424405 -0.008109301 -0.867848158 0.022844819 -0.532005787 -0.217686817 0.817961156
1403715395562142976.000000 1.675744176 -0.004347563 -0.872752905 0.021797083 -0.541912854 -0.220982328 0.810569048
1403715395612143360.000000 1.671016574 0.000392914 -0.875985146 0.020857265 -0.551296294 -0.223220333 0.803623080
1403715395662142976.000000 1.668500066 0.004931718 -0.877578259 0.021004779 -0.560469806 -0.225806803 0.796519756
1403715395712143104.000000 1.662175894 0.010327041 -0.882023335 0.020878814 -0.567414284 -0.230786845 0.790153503
1403715395762143232.000000 1.657779455 0.015219331 -0.884009242 0.021833276 -0.575298071 -0.233885095 0.783487856
1403715395812143104.000000 1.652400851 0.021140754 -0.888770700 0.023581732 -0.581418037 -0.238190755 0.777600348
1403715395862142976.000000 1.645074368 0.026243925 -0.891614556 0.022478076 -0.587615192 -0.239286274 0.772622347
1403715395912143104.000000 1.638250113 0.030157268 -0.894903183 0.020119185 -0.592950761 -0.239442334 0.768551886
1403715395962142976.000000 1.632230997 0.036243916 -0.897320390 0.017520746 -0.597886384 -0.237268686 0.765459657
1403715396012143104.000000 1.625997424 0.042005360 -0.901476145 0.014420867 -0.602433324 -0.234105870 0.762929022
1403715396062142976.000000 1.619478941 0.046101272 -0.905948043 0.010531037 -0.606224716 -0.228913411 0.761563778
1403715396112143360.000000 1.612267733 0.050906420 -0.907449722 0.007632764 -0.609329462 -0.224188522 0.760525405
1403715396162142976.000000 1.604714274 0.054050177 -0.910805821 0.006003269 -0.611211419 -0.219979629 0.760258913
1403715396212143104.000000 1.597233295 0.057396710 -0.912103534 0.005943167 -0.611870944 -0.217399120 0.760471165
1403715396262143232.000000 1.590342522 0.059974194 -0.912813067 0.008499685 -0.611143649 -0.217720538 0.760939598
1403715396312143104.000000 1.583455324 0.062016338 -0.913374066 0.012454984 -0.608943403 -0.220915839 0.761727691
1403715396362142976.000000 1.572876334 0.065765440 -0.912668228 0.018399989 -0.606351852 -0.224791616 0.762540340
1403715396412143104.000000 1.566470623 0.069077045 -0.912437320 0.022704450 -0.604540944 -0.227546692 0.763044834
1403715396462142976.000000 1.560532928 0.071034402 -0.911216259 0.026291983 -0.602750599 -0.231345594 0.763203621
1403715396512143104.000000 1.553182125 0.074654996 -0.910955071 0.030423060 -0.602213085 -0.234746933 0.762435496
1403715396562142976.000000 1.546682954 0.075402617 -0.911119342 0.032459084 -0.603289902 -0.236506656 0.760954976
1403715396612143360.000000 1.539236307 0.078153104 -0.911730170 0.034443151 -0.604913652 -0.238917932 0.758822501
1403715396662142976.000000 1.532700896 0.081319869 -0.910660744 0.036804862 -0.608654559 -0.239917994 0.755396903
1403715396712143104.000000 1.525617838 0.084689707 -0.911791325 0.037485510 -0.612375557 -0.241173938 0.751948237
1403715396762143232.000000 1.520175457 0.088887602 -0.912521720 0.035838738 -0.616146922 -0.241673961 0.748780608
1403715396812143104.000000 1.513948202 0.091962367 -0.912999868 0.032816123 -0.620180309 -0.242393181 0.745349050
1403715396862142976.000000 1.508209229 0.095220149 -0.914483786 0.029545795 -0.623239458 -0.243931696 0.742426395
1403715396912143104.000000 1.502201915 0.099743903 -0.915238261 0.026809992 -0.625823617 -0.245918989 0.739695847
1403715396962142976.000000 1.494439244 0.104080558 -0.914675355 0.022421278 -0.627107203 -0.250626951 0.737170279
1403715397012143104.000000 1.487640858 0.111710489 -0.916421056 0.018030686 -0.627625942 -0.254096091 0.735660195
1403715397062142976.000000 1.481224298 0.116148531 -0.916296124 0.014003065 -0.628299236 -0.258152038 0.733758509
1403715397112143360.000000 1.474381447 0.121238172 -0.916280031 0.010221448 -0.629456878 -0.260466099 0.732008934
1403715397162142976.000000 1.466987014 0.125961483 -0.917874813 0.005750996 -0.630629778 -0.260576248 0.731008291
1403715397212143104.000000 1.457699060 0.131043613 -0.917711258 0.000980769 -0.632588506 -0.259150416 0.729843855
1403715397262143232.000000 1.448088646 0.135800064 -0.917351484 -0.005031963 -0.634947896 -0.255620778 0.729022622
1403715397312143104.000000 1.437957287 0.139654160 -0.916607261 -0.009298240 -0.637329519 -0.251213640 0.728434205
1403715397362142976.000000 1.427885413 0.144080520 -0.917795300 -0.012216222 -0.638840437 -0.247735456 0.728258848
1403715397412143104.000000 1.416623712 0.148196340 -0.916256070 -0.014182664 -0.640141368 -0.245334521 0.727893531
1403715397462142976.000000 1.405089736 0.150623143 -0.914146662 -0.016595047 -0.641221702 -0.243664712 0.727452397
1403715397512143104.000000 1.393034935 0.153786182 -0.912423372 -0.017284272 -0.641435146 -0.243100867 0.727436781
1403715397562142976.000000 1.378707647 0.157191485 -0.908412695 -0.016883042 -0.642408550 -0.241382539 0.727159381
1403715397612143360.000000 1.365765572 0.157285661 -0.905028939 -0.016614078 -0.643300712 -0.239687309 0.726937532
1403715397662142976.000000 1.351731062 0.157292336 -0.901169658 -0.013697635 -0.644195139 -0.237839282 0.726813257
1403715397712143104.000000 1.336752892 0.157056779 -0.896422625 -0.008826430 -0.645317852 -0.235360265 0.726699829
1403715397762143232.000000 1.321546078 0.157421201 -0.891665339 -0.003244321 -0.645386338 -0.234161347 0.727072597
1403715397812143104.000000 1.306516051 0.157043070 -0.885234237 0.001496389 -0.646081209 -0.231943995 0.727171898
1403715397862142976.000000 1.290750742 0.153540403 -0.878702760 0.004638695 -0.646110833 -0.231630668 0.727232099
1403715397912143104.000000 1.275243402 0.152704209 -0.872546673 0.010112130 -0.645290256 -0.231811836 0.727847159
1403715397962142976.000000 1.260555387 0.149298966 -0.866176963 0.016801758 -0.645224750 -0.230340660 0.728248596
1403715398012143104.000000 1.244842887 0.147229165 -0.859757304 0.024591720 -0.644690573 -0.228897616 0.728954911
1403715398062142976.000000 1.230550170 0.143396676 -0.851241708 0.031190068 -0.645040512 -0.226827145 0.729040146
1403715398112143360.000000 1.216039419 0.141016692 -0.842795491 0.036719766 -0.645102441 -0.224834502 0.729344964
1403715398162142976.000000 1.203069091 0.140127718 -0.835428715 0.041978687 -0.644703507 -0.223452657 0.729838490
1403715398212143104.000000 1.190233707 0.138598561 -0.826775670 0.044415668 -0.644114912 -0.223072603 0.730330050
1403715398262143232.000000 1.178700209 0.136981815 -0.820082068 0.044521019 -0.642506182 -0.223921984 0.731479764
1403715398312143104.000000 1.166785836 0.136321843 -0.811033249 0.043774221 -0.640834212 -0.225916192 0.732377887
1403715398362142976.000000 1.155644178 0.135859579 -0.803200126 0.043597892 -0.638931274 -0.227901533 0.733435035
1403715398412143104.000000 1.146096587 0.135660768 -0.796651602 0.041710161 -0.637623906 -0.227505386 0.734804332
1403715398462142976.000000 1.136300564 0.135222286 -0.788502932 0.041206989 -0.635726690 -0.229923099 0.735723436
1403715398512143104.000000 1.127614975 0.135630637 -0.781226158 0.041454565 -0.633741140 -0.231250495 0.737005413
1403715398562142976.000000 1.118691921 0.135410845 -0.774604917 0.042723671 -0.631813586 -0.232895061 0.738069296
1403715398612143360.000000 1.111118793 0.135287404 -0.767474771 0.045386881 -0.631067216 -0.231234446 0.739070237
1403715398662142976.000000 1.103732824 0.134791493 -0.761695445 0.050498541 -0.629585326 -0.231363386 0.739961684
1403715398712143104.000000 1.096460819 0.134245932 -0.755580723 0.056997955 -0.627945483 -0.231953904 0.740697742
1403715398762143232.000000 1.090625763 0.134118587 -0.750291586 0.064057812 -0.625860214 -0.232925192 0.741580427
1403715398812143104.000000 1.085226774 0.133493781 -0.745570123 0.068866916 -0.624237835 -0.234178141 0.742121994
1403715398862142976.000000 1.080304861 0.133851081 -0.741170347 0.072607554 -0.622855604 -0.235781983 0.742419064
1403715398912143104.000000 1.076905012 0.134207189 -0.738153994 0.075283147 -0.622047365 -0.236430898 0.742623746
1403715398962142976.000000 1.074183464 0.133708209 -0.736440182 0.075719185 -0.621803939 -0.236797661 0.742666364
1403715399012143104.000000 1.072345018 0.134206355 -0.735317886 0.076779135 -0.622095346 -0.236757696 0.742326200
1403715399062142976.000000 1.070903420 0.135745525 -0.735455871 0.075769506 -0.622541547 -0.236437753 0.742157817
1403715399112143360.000000 1.069998980 0.137325346 -0.736139357 0.072650932 -0.623654664 -0.236268640 0.741588831
1403715399162142976.000000 1.070848346 0.138347328 -0.738108456 0.068825476 -0.625443816 -0.234526426 0.740999639
1403715399212143104.000000 1.071909904 0.139702231 -0.740936041 0.066458233 -0.626755118 -0.233833909 0.740326405
1403715399262143232.000000 1.073579073 0.142580241 -0.744237959 0.065372087 -0.628285944 -0.232265741 0.739618778
1403715399312143104.000000 1.076928735 0.143296093 -0.746945679 0.063363075 -0.628997982 -0.233751774 0.738719702
1403715399362142976.000000 1.079820395 0.147065103 -0.752123892 0.061751176 -0.628237963 -0.236444637 0.738645971
1403715399412143104.000000 1.084425926 0.149824798 -0.756697536 0.059169907 -0.627538800 -0.240378499 0.738181710
1403715399462142976.000000 1.088406324 0.152502418 -0.762141526 0.057548922 -0.626765430 -0.243602380 0.737909973
1403715399512143104.000000 1.093439579 0.156408429 -0.767264962 0.058476962 -0.625545621 -0.246716991 0.737837315
1403715399562142976.000000 1.098970771 0.159323841 -0.774144590 0.054457210 -0.623766541 -0.251439780 0.738056779
1403715399612143360.000000 1.104768157 0.163049728 -0.781373262 0.045144156 -0.622558773 -0.254152536 0.738775432
1403715399662142976.000000 1.110409021 0.166892588 -0.789282262 0.036411677 -0.621290922 -0.256511629 0.739509106
1403715399712143104.000000 1.116075993 0.170269728 -0.797441363 0.028483396 -0.620002866 -0.258288026 0.740319192
1403715399762143232.000000 1.120492935 0.174580485 -0.805871546 0.023307607 -0.618499815 -0.259936005 0.741180182
1403715399812143104.000000 1.124479771 0.177745730 -0.814886093 0.019522462 -0.617192984 -0.260872573 0.742049396
1403715399862142976.000000 1.129118443 0.181583196 -0.824162722 0.017530231 -0.616270840 -0.261840314 0.742524445
1403715399912143104.000000 1.132610559 0.184864640 -0.833317995 0.016168302 -0.615036190 -0.262899816 0.743204415
1403715399962142976.000000 1.135501146 0.188200176 -0.843514800 0.015635878 -0.612763822 -0.263869464 0.744747639
1403715400012143104.000000 1.136807919 0.189875752 -0.853557587 0.016083466 -0.609429061 -0.264640212 0.747196913
1403715400062142976.000000 1.138358116 0.191903919 -0.864378512 0.018011948 -0.605785966 -0.263744861 0.750424922
1403715400112143360.000000 1.138534665 0.195449293 -0.874327242 0.021082977 -0.601547658 -0.262203664 0.754284620
1403715400162142976.000000 1.138457060 0.196778327 -0.886070669 0.022146564 -0.596140265 -0.260406882 0.759153843
1403715400212143104.000000 1.137308836 0.199503809 -0.896129787 0.024472222 -0.590158284 -0.258664459 0.764334381
1403715400262143232.000000 1.136136055 0.202706069 -0.908173203 0.028334253 -0.581907213 -0.259611070 0.770183921
1403715400312143104.000000 1.133496642 0.205312341 -0.919844747 0.030481920 -0.573491156 -0.259342790 0.776479363
1403715400362142976.000000 1.130950809 0.207921565 -0.931774020 0.032890163 -0.564583421 -0.258762985 0.783074439
1403715400412143104.000000 1.127167225 0.211280912 -0.944154620 0.033326879 -0.555305123 -0.257155985 0.790187597
1403715400462142976.000000 1.123714328 0.215559155 -0.958883107 0.032841593 -0.546271145 -0.252824932 0.797865212
1403715400512143104.000000 1.118907213 0.218155295 -0.971713781 0.029762918 -0.538108647 -0.246456727 0.805488884
1403715400562142976.000000 1.112962961 0.222901553 -0.986541629 0.026384560 -0.528306127 -0.240273774 0.813919544
1403715400612143360.000000 1.106407881 0.227270365 -1.000393867 0.022282155 -0.518412411 -0.232812345 0.822526991
1403715400662142976.000000 1.100282431 0.233067393 -1.016462803 0.018301919 -0.506992936 -0.225839809 0.831636786
1403715400712143104.000000 1.091842890 0.237880170 -1.032414675 0.014463146 -0.494808346 -0.219544187 0.840687811
1403715400762143232.000000 1.084018588 0.242115229 -1.045615315 0.009770528 -0.483440101 -0.212306321 0.849185705
1403715400812143104.000000 1.076051593 0.248292655 -1.060428143 0.006853974 -0.472541720 -0.202348664 0.857736766
1403715400862142976.000000 1.066160321 0.253967226 -1.076206923 0.003785986 -0.460911781 -0.192262396 0.866360903
1403715400912143104.000000 1.056879878 0.259221703 -1.089434743 -0.000982379 -0.450687200 -0.184109226 0.873489559
1403715400962142976.000000 1.049388409 0.263457835 -1.105214238 -0.005910868 -0.441965222 -0.177566037 0.879262269
1403715401012143104.000000 1.039264083 0.269405961 -1.118273497 -0.010180222 -0.433962852 -0.170594573 0.884573400
1403715401062142976.000000 1.025355577 0.275522828 -1.129688978 -0.013745785 -0.425724179 -0.167749912 0.889061332
1403715401112143360.000000 1.014018655 0.281746894 -1.142469525 -0.014789169 -0.419626325 -0.165199906 0.892414689
1403715401162142976.000000 1.001944423 0.286491752 -1.154361010 -0.015314450 -0.413184792 -0.164980605 0.895447016
1403715401212143104.000000 0.988693237 0.290108413 -1.164161921 -0.015122144 -0.407561451 -0.166667849 0.897711992
1403715401262143232.000000 0.976020336 0.293739796 -1.175458193 -0.014263596 -0.402538717 -0.169716373 0.899419546
1403715401312143104.000000 0.961766839 0.296287239 -1.184689522 -0.013154354 -0.398338556 -0.171198457 0.901024163
1403715401362142976.000000 0.947963953 0.298897862 -1.194384813 -0.010804796 -0.396249801 -0.171004593 0.902012646
1403715401412143104.000000 0.932839990 0.300325304 -1.203931451 -0.008459877 -0.394866765 -0.169412151 0.902944207
1403715401462142976.000000 0.916101575 0.301742435 -1.209522486 -0.005788386 -0.394505084 -0.168834552 0.903231561
1403715401512143104.000000 0.900088608 0.301563442 -1.217487812 -0.002997715 -0.395100951 -0.165755436 0.903554916
1403715401562142976.000000 0.882607818 0.301324069 -1.225223541 -0.001442948 -0.395531207 -0.162776574 0.903912008
1403715401612143360.000000 0.864962637 0.300707251 -1.232380033 0.002208424 -0.397332579 -0.157709107 0.904018700
1403715401662142976.000000 0.847610950 0.299785376 -1.238868713 0.005245094 -0.398228198 -0.153063804 0.904410481
1403715401712143104.000000 0.828704059 0.297843605 -1.243738413 0.008101835 -0.399288177 -0.144353032 0.905353785
1403715401762143232.000000 0.811313272 0.295784980 -1.250559330 0.009469506 -0.399152786 -0.134242475 0.906954467
1403715401812143104.000000 0.793836117 0.293839216 -1.253771424 0.011385795 -0.396980762 -0.128665522 0.908692420
1403715401862142976.000000 0.774951458 0.293785155 -1.257713318 0.013356721 -0.393665642 -0.123883136 0.910769939
1403715401912143104.000000 0.758724034 0.293365031 -1.259230852 0.015624233 -0.390301615 -0.124490894 0.912097871
1403715401962142976.000000 0.741529346 0.291269988 -1.262467861 0.018452473 -0.386273056 -0.128406748 0.913216472
1403715402012143104.000000 0.726890266 0.288810372 -1.264091253 0.020720243 -0.383831024 -0.132129773 0.913666368
1403715402062142976.000000 0.711527884 0.288002133 -1.264309168 0.023132173 -0.381744385 -0.136121020 0.913896739
1403715402112143360.000000 0.695987642 0.286414951 -1.269633651 0.028198520 -0.380920678 -0.137928650 0.913827121
1403715402162142976.000000 0.680324495 0.283768475 -1.268989682 0.037031330 -0.381353259 -0.136686206 0.913518131
1403715402212143104.000000 0.666013718 0.282241344 -1.271287680 0.044190396 -0.380843163 -0.134412020 0.913750052
1403715402262143232.000000 0.651532054 0.280469298 -1.274660110 0.048080135 -0.378633201 -0.132737547 0.914716303
1403715402312143104.000000 0.638866663 0.279989570 -1.275886297 0.048763167 -0.374778271 -0.134859234 0.915956557
1403715402362142976.000000 0.627467513 0.280388564 -1.276498079 0.047451604 -0.369041890 -0.138238400 0.917848945
1403715402412143104.000000 0.614169717 0.279557168 -1.279475927 0.047249056 -0.361061186 -0.140887707 0.920626462
1403715402462142976.000000 0.602021933 0.280856580 -1.279768705 0.048852105 -0.352126539 -0.143275470 0.923630059
1403715402512143104.000000 0.590200901 0.280534625 -1.281621575 0.052683286 -0.343013555 -0.145308346 0.926526725
1403715402562142976.000000 0.577310562 0.280588359 -1.283921242 0.055145122 -0.335715204 -0.146245375 0.928906143
1403715402612143360.000000 0.565688670 0.281577587 -1.289223909 0.059239943 -0.329357266 -0.145554289 0.931036234
1403715402662142976.000000 0.555942178 0.282730967 -1.290829062 0.062041599 -0.324929357 -0.144640446 0.932550788
1403715402712143104.000000 0.545636177 0.284625471 -1.293162942 0.063650772 -0.321646422 -0.142659262 0.933884680
1403715402762143232.000000 0.529500842 0.284715623 -1.303334117 0.057661280 -0.318517834 -0.137745544 0.936081052
1403715402812143104.000000 0.517138004 0.288365126 -1.308573961 0.052126128 -0.318173259 -0.131434947 0.937429249
1403715402862142976.000000 0.505448639 0.291313827 -1.315798759 0.046364665 -0.317627788 -0.125081137 0.938785195
1403715402912143104.000000 0.494495958 0.293645263 -1.323566675 0.039855715 -0.318169862 -0.118417569 0.939764261
1403715402962142976.000000 0.481046915 0.296991646 -1.330812573 0.032154955 -0.317388147 -0.114564367 0.940800667
1403715403012143104.000000 0.468978941 0.301815867 -1.336751223 0.023829270 -0.317085952 -0.109674923 0.941732526
1403715403062142976.000000 0.456328034 0.302356750 -1.347959757 0.013714002 -0.315298378 -0.108317435 0.942690969
1403715403112143360.000000 0.444406331 0.304668814 -1.353894234 0.005353100 -0.314405411 -0.106673136 0.943261087
1403715403162142976.000000 0.434069097 0.306925118 -1.359755397 -0.001617877 -0.314179420 -0.105621837 0.943468451
1403715403212143104.000000 0.422663450 0.307522058 -1.367806435 -0.006683378 -0.313427866 -0.104508489 0.943820119
1403715403262143232.000000 0.411709487 0.308309525 -1.373259187 -0.009337215 -0.311927080 -0.107636005 0.943943262
1403715403312143104.000000 0.401994169 0.309191853 -1.374069929 -0.009259688 -0.312025726 -0.110115036 0.943625450
1403715403362142976.000000 0.389393926 0.309044898 -1.380664587 -0.007505553 -0.309523225 -0.112893678 0.944136679
1403715403412143104.000000 0.379644632 0.308323443 -1.382706761 -0.005301888 -0.307379127 -0.114292473 0.944683671
1403715403462142976.000000 0.367848754 0.306510538 -1.384504914 -0.003363121 -0.303851336 -0.114714079 0.945782065
1403715403512143104.000000 0.356720269 0.304964125 -1.385701418 -0.001120152 -0.299126148 -0.113095269 0.947487116
1403715403562142976.000000 0.346469313 0.302650392 -1.386075974 0.000292430 -0.293511420 -0.110440098 0.949554622
1403715403612143360.000000 0.334326386 0.302536190 -1.383200169 -0.000112764 -0.285939038 -0.108333863 0.952104330
1403715403662142976.000000 0.323098868 0.299007028 -1.384341836 -0.001665949 -0.277343273 -0.105072252 0.955006719
1403715403712143104.000000 0.311697036 0.298436105 -1.379498720 -0.004354807 -0.268610120 -0.101743922 0.957850635
1403715403762143232.000000 0.300160885 0.296180516 -1.378049374 -0.008346382 -0.259364992 -0.095993355 0.960960686
1403715403812143104.000000 0.288350016 0.293165267 -1.375708938 -0.011156764 -0.249800086 -0.089834161 0.964056671
1403715403862142976.000000 0.276607305 0.290191948 -1.369663954 -0.012573901 -0.239913404 -0.083722629 0.967095673
1403715403912143104.000000 0.264400959 0.286938936 -1.365950346 -0.013602471 -0.228900805 -0.078442782 0.970188737
1403715403962142976.000000 0.253227651 0.282424986 -1.360602379 -0.014334785 -0.218541205 -0.072876438 0.972997069
1403715404012143104.000000 0.241531640 0.278183728 -1.352485776 -0.013625634 -0.207278073 -0.068624914 0.975777030
1403715404062142976.000000 0.230388954 0.273123831 -1.344756007 -0.009624294 -0.196665466 -0.064697251 0.978286445
1403715404112143360.000000 0.220016256 0.268098652 -1.337218285 -0.005429896 -0.185082331 -0.062010974 0.980749607
1403715404162142976.000000 0.208525330 0.262431264 -1.327966928 0.000734405 -0.172085688 -0.062714048 0.983083367
1403715404212143104.000000 0.194871679 0.255720407 -1.319468617 0.004802252 -0.159367040 -0.062946670 0.985198915
1403715404262143232.000000 0.183610067 0.248369873 -1.312077641 0.008664714 -0.147870854 -0.064467385 0.986865342
1403715404312143104.000000 0.173248738 0.243918881 -1.300250053 0.012104833 -0.138253793 -0.066864394 0.988063037
1403715404362142976.000000 0.160870552 0.238178134 -1.291005492 0.012980827 -0.130271673 -0.066416278 0.989166200
1403715404412143104.000000 0.149763837 0.234505251 -1.281220078 0.015115530 -0.123831332 -0.067311779 0.989902318
1403715404462142976.000000 0.136030361 0.227760926 -1.273347020 0.016526112 -0.118789740 -0.066938914 0.990522623
1403715404512143104.000000 0.122081384 0.223279133 -1.262012601 0.018635957 -0.114557356 -0.067345187 0.990956068
1403715404562142976.000000 0.107510678 0.219204381 -1.252741575 0.020538043 -0.111602694 -0.067501374 0.991244972
1403715404612143360.000000 0.093044907 0.215171605 -1.245244741 0.022176450 -0.109708078 -0.065734990 0.991539896
1403715404662142976.000000 0.082087666 0.216120914 -1.235793352 0.024472935 -0.110655695 -0.061149988 0.991673887
1403715404712143104.000000 0.060692713 0.209666803 -1.225169778 0.024857238 -0.109911613 -0.057600312 0.991959572
1403715404762143232.000000 0.045920253 0.207186013 -1.215230942 0.026550312 -0.111685716 -0.051200777 0.992068529
1403715404812143104.000000 0.032021850 0.204676479 -1.205262303 0.026196605 -0.112215213 -0.047038432 0.992224276
1403715404862142976.000000 0.017275736 0.204297051 -1.198488116 0.026274789 -0.110073991 -0.043074157 0.992641926
1403715404912143104.000000 0.004351852 0.200770468 -1.189787984 0.026854193 -0.107840672 -0.038274832 0.993068218
1403715404962142976.000000 -0.012043020 0.198155239 -1.182150364 0.028089594 -0.103008337 -0.033134200 0.993731558
1403715405012143104.000000 -0.036341392 0.195961729 -1.166865349 0.029705513 -0.095135942 -0.026492000 0.994668245
1403715405062142976.000000 -0.049447294 0.197684437 -1.159020185 0.032411054 -0.088215180 -0.018714899 0.995398164
1403715405112143360.000000 -0.062933251 0.198262870 -1.152628779 0.033097357 -0.079794906 -0.008896477 0.996222019
1403715405162142976.000000 -0.072425149 0.190576628 -1.146823645 0.030323986 -0.070592061 -0.001350070 0.997043312
1403715405212143104.000000 -0.091479816 0.191594303 -1.133375883 0.029617511 -0.056968082 0.007692595 0.997906983
1403715405262143232.000000 -0.097010277 0.190105334 -1.129570127 0.027355962 -0.044880576 0.015382844 0.998499274
1403715405312143104.000000 -0.107845999 0.190513194 -1.120438695 0.026302088 -0.030088412 0.022268163 0.998952985
1403715405362142976.000000 -0.125659153 0.183389828 -1.110676765 0.022497406 -0.012980063 0.027387388 0.999287426
1403715405412143104.000000 -0.135353625 0.182016775 -1.102814436 0.020141076 0.002945835 0.031954255 0.999282062
1403715405462142976.000000 -0.144197419 0.181150019 -1.094698668 0.017521290 0.018301655 0.037705839 0.998967648
1403715405512143104.000000 -0.152056560 0.180665374 -1.087274551 0.015618678 0.033856738 0.043284796 0.998366833
1403715405562142976.000000 -0.160321608 0.178150013 -1.079833508 0.013320275 0.049669378 0.048673965 0.997490048
1403715405612143360.000000 -0.168076053 0.177527457 -1.072405696 0.011265715 0.066806629 0.051158682 0.996389866
1403715405662142976.000000 -0.175614953 0.177025050 -1.066945553 0.008003298 0.083648458 0.052459501 0.995081365
1403715405712143104.000000 -0.183473483 0.174844503 -1.059473515 0.004374795 0.100028366 0.054396965 0.993486881
1403715405762143232.000000 -0.189081162 0.177573010 -1.049679279 0.002036273 0.114761725 0.056612186 0.991776526
1403715405812143104.000000 -0.195485353 0.175007716 -1.040897846 -0.001908015 0.130034477 0.059503641 0.989720583
1403715405862142976.000000 -0.203618571 0.173639059 -1.036026835 -0.004866424 0.144536734 0.063313186 0.987459898
1403715405912143104.000000 -0.214504272 0.171012416 -1.024235606 -0.005461589 0.159468532 0.069234230 0.984757125
1403715405962142976.000000 -0.219016925 0.170733348 -1.013809800 -0.002811998 0.173479259 0.075175509 0.981960118
1403715406012143104.000000 -0.223051921 0.169502288 -1.005876064 0.001224336 0.188072935 0.080079839 0.978884280
1403715406062142976.000000 -0.230763257 0.167418629 -0.994986594 0.005299984 0.203336388 0.086588643 0.975258291
1403715406112143360.000000 -0.235533223 0.166718021 -0.985903502 0.007888072 0.217856273 0.091749050 0.971626759
1403715406162142976.000000 -0.241834626 0.164565101 -0.974866688 0.009880534 0.232660130 0.097961597 0.967561483
1403715406212143104.000000 -0.245696902 0.163192183 -0.964686334 0.011296846 0.246006727 0.104990378 0.963498890
1403715406262143232.000000 -0.253505200 0.162745789 -0.956495225 0.011041039 0.260348141 0.110351942 0.959124267
1403715406312143104.000000 -0.255911738 0.162356481 -0.944999456 0.010777570 0.272876889 0.116505258 0.954907656
1403715406362142976.000000 -0.262495756 0.162681073 -0.933427393 0.009741615 0.285193235 0.124931790 0.950243115
1403715406412143104.000000 -0.266097456 0.162938535 -0.920877576 0.007994551 0.297073454 0.132675171 0.945558429
1403715406462142976.000000 -0.271761119 0.162602901 -0.911162019 0.006702351 0.308006942 0.142072201 0.940692425
1403715406512143104.000000 -0.274676144 0.164125353 -0.900945067 0.005628635 0.319014937 0.149872139 0.935807765
1403715406562142976.000000 -0.278613508 0.165012807 -0.890888631 0.004367388 0.330171198 0.157333449 0.930706263
1403715406612143360.000000 -0.281116366 0.165728092 -0.880637050 0.004006008 0.341106266 0.163803682 0.925634265
1403715406662142976.000000 -0.282516241 0.167764455 -0.870206475 0.004161157 0.352520585 0.168870032 0.920431912
1403715406712143104.000000 -0.285204172 0.168060362 -0.862108946 0.004583749 0.363473147 0.174391747 0.915125012
1403715406762143232.000000 -0.283358634 0.171341926 -0.850379944 0.004761338 0.375946343 0.176562965 0.909652293
1403715406812143104.000000 -0.284419209 0.171748862 -0.839847088 0.005730137 0.388006747 0.179629073 0.903964281
1403715406862142976.000000 -0.285006821 0.173031598 -0.830845773 0.005415924 0.400483131 0.181616947 0.898108721
1403715406912143104.000000 -0.285399020 0.173257902 -0.820569515 0.004939598 0.412443548 0.184699416 0.892049372
1403715406962142976.000000 -0.283605367 0.174842089 -0.811971962 0.004865556 0.424456745 0.186744615 0.885967970
1403715407012143104.000000 -0.284200370 0.174318522 -0.806930661 0.003522354 0.435014606 0.190528944 0.880027652
1403715407062142976.000000 -0.281494766 0.176292717 -0.794834375 0.003430027 0.445628196 0.194741324 0.873773158
1403715407112143360.000000 -0.277973324 0.177761495 -0.785235643 0.001870163 0.455659240 0.199661478 0.867471337
1403715407162142976.000000 -0.276459545 0.177568406 -0.777911842 -0.000732808 0.464574933 0.205016732 0.861474156
1403715407212143104.000000 -0.273617804 0.178337634 -0.769185126 -0.006122900 0.471878022 0.210031420 0.856259644
1403715407262143232.000000 -0.271130174 0.179211631 -0.762512684 -0.010516520 0.476702124 0.215534970 0.852167308
1403715407312143104.000000 -0.267521620 0.179295674 -0.753701329 -0.017447961 0.482297987 0.218546465 0.848128378
1403715407362142976.000000 -0.262948036 0.179685667 -0.745775878 -0.021505190 0.485814899 0.221226886 0.845328450
1403715407412143104.000000 -0.257677376 0.178360894 -0.737110496 -0.024312884 0.489669919 0.221989796 0.842824280
1403715407462142976.000000 -0.251896381 0.177193850 -0.729095221 -0.023238031 0.492474467 0.222332120 0.841128588
1403715407512143104.000000 -0.244993195 0.175649196 -0.719947815 -0.022977544 0.495897770 0.220690265 0.839555383
1403715407562142976.000000 -0.236764789 0.173709959 -0.711640239 -0.021547107 0.497578144 0.220428512 0.838667393
1403715407612143360.000000 -0.227241397 0.171652466 -0.702962399 -0.019161072 0.499239534 0.218633056 0.838207841
1403715407662142976.000000 -0.217597008 0.168981194 -0.694237649 -0.018083969 0.501714885 0.214092866 0.837925673
1403715407712143104.000000 -0.207740098 0.165774390 -0.685305595 -0.017115586 0.504542887 0.206391662 0.838180184
1403715407762143232.000000 -0.197669610 0.161673069 -0.676995099 -0.016412521 0.506341934 0.199921742 0.838677466
1403715407812143104.000000 -0.187869564 0.158251673 -0.668657541 -0.016010843 0.506987631 0.195782349 0.839271426
1403715407862142976.000000 -0.176102206 0.153783053 -0.657876313 -0.015859310 0.507579625 0.192147970 0.839756250
1403715407912143104.000000 -0.167685121 0.148216993 -0.650445163 -0.014125011 0.506517112 0.192368746 0.840377986
1403715407962142976.000000 -0.155547470 0.143089339 -0.638523519 -0.012344181 0.505872250 0.192999825 0.840649724
1403715408012143104.000000 -0.143073574 0.133921206 -0.628312945 -0.009931053 0.504959166 0.194732070 0.840831220
1403715408062142976.000000 -0.132880613 0.127539650 -0.619278550 -0.008693893 0.504034817 0.195763871 0.841159821
1403715408112143360.000000 -0.123540416 0.122217424 -0.622770667 -0.006115650 0.500955582 0.196518242 0.842844427
1403715408162142976.000000 -0.109723732 0.105790332 -0.606076598 -0.005338498 0.501266479 0.197629184 0.842405021
1403715408212143104.000000 -0.098509341 0.092112251 -0.596951544 -0.002547788 0.500318587 0.198723853 0.842724025
1403715408262143232.000000 -0.090197176 0.073703215 -0.595610142 -0.003363124 0.498900056 0.198973045 0.843502998
1403715408312143104.000000 -0.075752079 0.058382303 -0.576702476 -0.002128606 0.499631435 0.200170875 0.842790365
1403715408362142976.000000 -0.065006733 0.047684304 -0.564995646 0.000062415 0.499450535 0.200379282 0.842850745
1403715408412143104.000000 -0.054578990 0.044867359 -0.558090508 0.003818894 0.498093873 0.198376179 0.844117820
1403715408462142976.000000 -0.043825373 0.035405032 -0.552350760 0.007070786 0.495800823 0.196053758 0.845987380
1403715408512143104.000000 -0.031925529 0.031628128 -0.536245942 0.013019917 0.493617803 0.192615464 0.847980738
1403715408562142976.000000 -0.023239359 0.033099573 -0.519390106 0.018644363 0.490452319 0.187521949 0.850849271
1403715408612143360.000000 -0.011799783 0.027922112 -0.514735043 0.022748174 0.484261870 0.182564005 0.855361581
1403715408662142976.000000 -0.002479777 0.027028101 -0.503009140 0.026520723 0.478470474 0.175420776 0.859994352
1403715408712143104.000000 0.005095229 0.023718122 -0.491281539 0.029993389 0.471242905 0.169806451 0.864983499
1403715408762143232.000000 0.013543501 0.019438129 -0.478216410 0.032804798 0.462415248 0.165660530 0.870432436
1403715408812143104.000000 0.020498425 0.012790143 -0.469235152 0.033621714 0.452383876 0.160579175 0.876603007
1403715408862142976.000000 0.028293326 0.013660315 -0.459184349 0.035443909 0.440698594 0.156811923 0.883141339
1403715408912143104.000000 0.035153151 0.006276777 -0.447490752 0.035194337 0.428889215 0.153382570 0.889544368
1403715408962142976.000000 0.041603565 0.004910182 -0.437718302 0.035090081 0.416123986 0.148444101 0.896422863
1403715409012143104.000000 0.047255456 0.001440205 -0.427122295 0.035944518 0.403344870 0.143129483 0.903069735
1403715409062142976.000000 0.050275445 -0.001088347 -0.416692644 0.036443025 0.390204996 0.138535157 0.909516394
1403715409112143360.000000 0.050451159 -0.011949127 -0.405033082 0.035941582 0.377007127 0.136080995 0.915453911
1403715409162142976.000000 0.056851037 -0.008745762 -0.406290382 0.038512137 0.361413985 0.134112746 0.921905935
1403715409212143104.000000 0.059550323 -0.011491850 -0.396629572 0.038878325 0.349975318 0.132933110 0.926463544
1403715409262143232.000000 0.060691305 -0.016460370 -0.391496539 0.036566351 0.340237319 0.132047385 0.930303693
1403715409312143104.000000 0.062098056 -0.020302532 -0.389007926 0.036009312 0.331162930 0.131790012 0.933630526
1403715409362142976.000000 0.066227116 -0.022933770 -0.387143254 0.035924710 0.323783159 0.130347550 0.936420560
1403715409412143104.000000 0.068666488 -0.027324591 -0.384302795 0.035276718 0.318831086 0.128126696 0.938448668
1403715409462142976.000000 0.071132101 -0.033228800 -0.381579340 0.034927089 0.315877229 0.124827087 0.939904273
1403715409512143104.000000 0.073317558 -0.040220559 -0.380041718 0.034308411 0.314886928 0.120364137 0.940840960
1403715409562142976.000000 0.075454585 -0.045045756 -0.379642069 0.031537279 0.316193223 0.115870886 0.941063881
1403715409612143360.000000 0.077803992 -0.049527559 -0.376827508 0.027552718 0.317621142 0.116465650 0.940634668
1403715409662142976.000000 0.079219460 -0.053454448 -0.378268063 0.024350859 0.318317592 0.118808143 0.940194488
1403715409712143104.000000 0.080047093 -0.059997562 -0.376893222 0.018539121 0.319829404 0.122256100 0.939371586
1403715409762143232.000000 0.083530113 -0.064037159 -0.378253788 0.013168122 0.320379674 0.125779584 0.938809335
1403715409812143104.000000 0.084127620 -0.072807580 -0.376952380 0.006295464 0.322515249 0.128925815 0.937721968
1403715409862142976.000000 0.085618891 -0.079625957 -0.376668572 0.000924285 0.324514121 0.131348148 0.936716318
1403715409912143104.000000 0.088677868 -0.085176580 -0.376652837 -0.005137644 0.325767070 0.135152876 0.935726047
1403715409962142976.000000 0.090078302 -0.088387281 -0.376714587 -0.009127957 0.327998161 0.137518853 0.934570789
1403715410012143104.000000 0.093218513 -0.094829693 -0.376421660 -0.012687761 0.329685003 0.140516832 0.933489144
1403715410062142976.000000 0.096158072 -0.100950569 -0.374438345 -0.013746954 0.331852674 0.142390311 0.932421505
1403715410112143360.000000 0.099068142 -0.106975324 -0.373407364 -0.011638736 0.334501684 0.141769931 0.931597829
1403715410162142976.000000 0.103295833 -0.115552850 -0.370957136 -0.007887449 0.337493718 0.139775649 0.930859089
1403715410212143104.000000 0.106114149 -0.120861590 -0.366742373 -0.003160872 0.340092361 0.138454467 0.930138469
1403715410262143232.000000 0.110354751 -0.125941887 -0.363129944 0.001242154 0.342152864 0.137021586 0.929599345
1403715410312143104.000000 0.113023728 -0.127667844 -0.355784774 0.005438316 0.344691604 0.135319486 0.928895473
1403715410362142976.000000 0.117152333 -0.133679658 -0.351550788 0.006426620 0.345673233 0.134270996 0.928676546
1403715410412143104.000000 0.123180255 -0.131077915 -0.347138137 0.008832175 0.346296787 0.132902265 0.928621292
1403715410462142976.000000 0.125444502 -0.131903782 -0.339278549 0.008019113 0.347707629 0.130204260 0.928483665
1403715410512143104.000000 0.129150167 -0.130458176 -0.334016591 0.007418471 0.348956048 0.126430318 0.928541958
1403715410562142976.000000 0.131668419 -0.132725403 -0.326951534 0.006245489 0.350284249 0.122925982 0.928520918
1403715410612143360.000000 0.137254149 -0.131355301 -0.322889447 0.006125603 0.349245131 0.121135607 0.929148257
1403715410662142976.000000 0.139228880 -0.132337645 -0.317403615 0.006387452 0.349044293 0.119543828 0.929428101
1403715410712143104.000000 0.141731411 -0.133802697 -0.308525652 0.007563956 0.348323613 0.120004512 0.929630280
1403715410762143232.000000 0.144975722 -0.136289313 -0.303869963 0.012066898 0.346767277 0.119726881 0.930200219
1403715410812143104.000000 0.146436870 -0.139222637 -0.295195132 0.019460907 0.345954597 0.119243085 0.930439651
1403715410862142976.000000 0.149504602 -0.142347217 -0.291496366 0.025481772 0.344434053 0.117088348 0.931131721
1403715410912143104.000000 0.151561365 -0.144381493 -0.285826445 0.030331526 0.341819823 0.117793977 0.931860447
1403715410962142976.000000 0.152271122 -0.147297010 -0.279145420 0.029597312 0.340178221 0.117182218 0.932561576
1403715411012143104.000000 0.151203662 -0.146091416 -0.272115380 0.028137213 0.337347984 0.119153894 0.933384717
1403715411062142976.000000 0.149660796 -0.145725936 -0.264875889 0.025557607 0.334735394 0.120488599 0.934227765
1403715411112143360.000000 0.149108633 -0.146104679 -0.258831292 0.021924479 0.331773788 0.121933833 0.935188591
1403715411162142976.000000 0.149061427 -0.146747813 -0.256917685 0.019919507 0.327535659 0.125183299 0.936297417
1403715411212143104.000000 0.147560686 -0.148238063 -0.249037653 0.019373668 0.324725807 0.128854305 0.936789453
1403715411262143232.000000 0.147261873 -0.149962336 -0.245721936 0.019191321 0.321219802 0.131964460 0.937568665
1403715411312143104.000000 0.145292938 -0.150801957 -0.240053728 0.021752572 0.319416523 0.133713558 0.937880993
1403715411362142976.000000 0.143037766 -0.150889337 -0.234012052 0.025816284 0.318354189 0.133906409 0.938111544
1403715411412143104.000000 0.142973721 -0.152089491 -0.231429935 0.030846195 0.316408813 0.134889558 0.938476920
1403715411462142976.000000 0.140823752 -0.152163893 -0.226285845 0.036643516 0.315508902 0.134624690 0.938609481
1403715411512143104.000000 0.141232714 -0.152170509 -0.224451691 0.038886584 0.314356863 0.133444190 0.939074159
1403715411562142976.000000 0.141021669 -0.152777091 -0.222489595 0.036950424 0.313289434 0.131765321 0.939745903
1403715411612143360.000000 0.139674366 -0.151411757 -0.219930410 0.034169130 0.312826306 0.130038902 0.940245807
1403715411662142976.000000 0.137631148 -0.150781229 -0.217475742 0.030218046 0.312656909 0.128737479 0.940616429
1403715411712143104.000000 0.134906739 -0.150186062 -0.215139374 0.027456013 0.312767863 0.127012834 0.940898657
1403715411762143232.000000 0.135748744 -0.149244323 -0.215225771 0.025074072 0.311527044 0.125852108 0.941532493
1403715411812143104.000000 0.133330345 -0.148652285 -0.214825466 0.024128482 0.311625540 0.124151006 0.941750467
1403715411862142976.000000 0.132145762 -0.146924093 -0.214450523 0.023317000 0.311052829 0.123800270 0.942006409
1403715411912143104.000000 0.130115867 -0.143728524 -0.212658405 0.023867968 0.310828120 0.123422749 0.942116320
1403715411962142976.000000 0.127484575 -0.142975122 -0.212750569 0.023930404 0.310442060 0.124110840 0.942151546
1403715412012143104.000000 0.127231851 -0.140454412 -0.214779317 0.024317123 0.309152365 0.124975599 0.942451477
1403715412062142976.000000 0.123201370 -0.139016375 -0.212837234 0.023673151 0.309811056 0.125542790 0.942176104
1403715412112143360.000000 0.122821167 -0.138549641 -0.214325026 0.022739647 0.308843285 0.125947982 0.942462683
1403715412162142976.000000 0.120905384 -0.136027128 -0.214778572 0.020783802 0.309169739 0.125792548 0.942421615
1403715412212143104.000000 0.119240105 -0.134250358 -0.216261238 0.019514270 0.309155881 0.126002863 0.942425132
1403715412262143232.000000 0.117065102 -0.130657643 -0.218042299 0.019096818 0.309046298 0.125863865 0.942488253
1403715412312143104.000000 0.114808358 -0.129925296 -0.218034640 0.017750951 0.309417248 0.126126528 0.942357659
1403715412362142976.000000 0.112759590 -0.127681673 -0.219775125 0.016934950 0.309423327 0.126450852 0.942327321
1403715412412143104.000000 0.110789701 -0.125043735 -0.221021995 0.016549421 0.309471965 0.126871005 0.942261696
1403715412462142976.000000 0.108556762 -0.124215141 -0.220864013 0.014521994 0.309680700 0.128140286 0.942054689
1403715412512143104.000000 0.106312498 -0.123004571 -0.222972631 0.012821878 0.309448570 0.128930718 0.942047834
1403715412562142976.000000 0.103894867 -0.122496545 -0.223227873 0.010631205 0.309697181 0.129423767 0.941925764
1403715412612143360.000000 0.101342104 -0.118472472 -0.224042550 0.010299121 0.310436040 0.128822461 0.941768646
1403715412662142976.000000 0.100836620 -0.117732152 -0.227494821 0.009004089 0.309643090 0.128880560 0.942035019
1403715412712143104.000000 0.098140538 -0.117741868 -0.227112502 0.006344927 0.310230315 0.128647760 0.941895247
1403715412762143232.000000 0.097767651 -0.115529954 -0.229631796 0.005503488 0.309828758 0.128009170 0.942119718
1403715412812143104.000000 0.095291376 -0.113090269 -0.231412023 0.004850074 0.309930623 0.128047943 0.942084551
1403715412862142976.000000 0.094467744 -0.112722233 -0.232233122 0.003729687 0.309669167 0.128058270 0.942174256
1403715412912143104.000000 0.092750818 -0.111844473 -0.233243719 0.003487720 0.310190320 0.127812833 0.942036986
1403715412962142976.000000 0.092139587 -0.110479653 -0.234704524 0.004570227 0.310337365 0.127541736 0.942020655
1403715413012143104.000000 0.089589998 -0.110899240 -0.234672502 0.006262088 0.311610103 0.126648843 0.941711247
1403715413062142976.000000 0.088945687 -0.108735174 -0.233802229 0.007848722 0.312531054 0.125406325 0.941560447
1403715413112143360.000000 0.088601366 -0.103189945 -0.235069066 0.010341972 0.312387019 0.124721013 0.941675127
1403715413162142976.000000 0.087865949 -0.100562513 -0.233964726 0.011471746 0.312714845 0.124203891 0.941621661
1403715413212143104.000000 0.086064845 -0.097996205 -0.231587797 0.011451004 0.313554913 0.123126648 0.941483974
1403715413262143232.000000 0.085010760 -0.094201744 -0.229182959 0.011780067 0.313507169 0.123728029 0.941416979
1403715413312143104.000000 0.082774088 -0.083939597 -0.226612777 0.015235180 0.312865496 0.125495061 0.941346943
1403715413362142976.000000 0.082160100 -0.078406602 -0.223199368 0.017082427 0.311528027 0.129257813 0.941249728
1403715413412143104.000000 0.079035759 -0.071148030 -0.218448624 0.019332539 0.310986370 0.132283598 0.940964818
1403715413462142976.000000 0.078260064 -0.066260755 -0.217446432 0.020183509 0.309923708 0.135302529 0.940868378
1403715413512143104.000000 0.078024313 -0.058028247 -0.216965482 0.022097578 0.308781087 0.136804432 0.940983832
1403715413562142976.000000 0.078297220 -0.057006232 -0.215188533 0.020144984 0.309042156 0.135896340 0.941073537
1403715413612143360.000000 0.078304261 -0.051248576 -0.213644564 0.020281749 0.309754491 0.133943498 0.941116333
1403715413662142976.000000 0.077456400 -0.047783002 -0.213276178 0.020164547 0.310970396 0.132028803 0.940988481
1403715413712143104.000000 0.075072348 -0.043203522 -0.213250130 0.020044588 0.312708348 0.128412560 0.940915525
1403715413762143232.000000 0.074785396 -0.038805697 -0.214029655 0.018489800 0.313550889 0.126092032 0.940980732
1403715413812143104.000000 0.075929061 -0.033352859 -0.215035260 0.017090432 0.313826025 0.125129640 0.941044033
1403715413862142976.000000 0.073206604 -0.026862357 -0.211177260 0.016039809 0.315304130 0.124129571 0.940700769
1403715413912143104.000000 0.071541578 -0.018924238 -0.209467173 0.016603692 0.316221654 0.122955345 0.940537214
1403715413962142976.000000 0.069671802 -0.014170062 -0.204244599 0.017105523 0.317486882 0.121190958 0.940330982
1403715414012143104.000000 0.065478146 -0.010936458 -0.204321414 0.015540864 0.318571538 0.120397106 0.940093279
1403715414062142976.000000 0.069171116 -0.000400704 -0.212781206 0.016234864 0.316045463 0.120042518 0.940979064
1403715414112143360.000000 0.069631100 -0.009266496 -0.221665189 0.009103143 0.315158755 0.120780230 0.941278040
1403715414162142976.000000 0.066045806 -0.003364578 -0.221287385 0.006246679 0.315086752 0.122631647 0.941086054
1403715414212143104.000000 0.060727522 -0.005998152 -0.215189382 -0.000009686 0.316219121 0.125084758 0.940403759
1403715414262143232.000000 0.058959112 0.008437053 -0.216273546 -0.000789697 0.315255493 0.126366049 0.940555751
1403715414312143104.000000 0.058427822 0.008621072 -0.216456324 -0.005030400 0.314291298 0.128912419 0.940519691
1403715414362142976.000000 0.054536641 0.006450397 -0.218285710 -0.009657124 0.314630270 0.129320815 0.940314174
1403715414412143104.000000 0.053305112 -0.004976979 -0.215815261 -0.013969067 0.315766364 0.128492296 0.939992666
1403715414462142976.000000 0.051193271 -0.004789121 -0.217681408 -0.012902624 0.316196769 0.127472699 0.940002084
1403715414512143104.000000 0.051822759 -0.003297967 -0.216826454 -0.010670946 0.316374213 0.125999436 0.940168977
1403715414562142976.000000 0.048819814 -0.010658258 -0.214621797 -0.009544918 0.317813069 0.124202490 0.939934850
1403715414612143360.000000 0.050799128 -0.009212663 -0.213289469 -0.004575907 0.318059564 0.121962108 0.940182149
1403715414662142976.000000 0.048739709 -0.003857188 -0.206143364 0.001415435 0.318519384 0.122697197 0.939940870
1403715414712143104.000000 0.045637410 -0.005437342 -0.200124159 0.005798148 0.319090933 0.124253236 0.939525723
1403715414762143232.000000 0.046693191 -0.010028088 -0.206581458 0.006909736 0.317157030 0.126439869 0.939881206
1403715414812143104.000000 0.048010513 -0.009873705 -0.201377124 0.009409938 0.316160142 0.130693868 0.939613402
1403715414862142976.000000 0.046271324 -0.011489542 -0.197292835 0.011424144 0.314766407 0.136509061 0.939232111
1403715414912143104.000000 0.042822681 -0.005226159 -0.189586803 0.016532244 0.314102173 0.143145353 0.938390076
1403715414962142976.000000 0.042821608 -0.000007073 -0.187596321 0.019660506 0.312296599 0.148191139 0.938149154
1403715415012143104.000000 0.040438045 -0.007412934 -0.185792536 0.018660827 0.311872810 0.153770477 0.937412262
1403715415062142976.000000 0.041478124 0.006982192 -0.178256258 0.024316167 0.311273932 0.156831071 0.936974585
1403715415112143360.000000 0.042777117 -0.006322220 -0.180758566 0.019270679 0.311708689 0.158493593 0.936667562
1403715415162142976.000000 0.036211066 0.023238726 -0.162135735 0.030397600 0.314335585 0.161550716 0.934970915
1403715415212143104.000000 0.037941154 0.025782987 -0.163313299 0.030556075 0.315351725 0.162285119 0.934496284
1403715415262143232.000000 0.042456485 0.033883076 -0.162646025 0.031502664 0.316537738 0.160038829 0.934451222
1403715415312143104.000000 0.041103985 0.023699354 -0.165679216 0.024360519 0.320988625 0.153639659 0.934220433
1403715415362142976.000000 0.045993753 0.054634206 -0.161992282 0.030039318 0.323910594 0.146072492 0.934260368
1403715415412143104.000000 0.045236059 0.033685848 -0.155882329 0.021325961 0.330654740 0.139746964 0.933104217
1403715415462142976.000000 0.049474351 0.040110029 -0.158715457 0.016982030 0.334602356 0.131703407 0.932956159
1403715415512143104.000000 0.050330292 0.060708888 -0.167101711 0.020714762 0.335425735 0.126871005 0.933254719
1403715415562142976.000000 0.052392535 0.043582778 -0.164070874 0.013740903 0.339301348 0.122663535 0.932544649
1403715415612143360.000000 0.053988732 0.055993065 -0.161547676 0.017360948 0.341111839 0.120523281 0.932102740
1403715415662142976.000000 0.055136900 0.044005644 -0.166991755 0.011357062 0.342846841 0.118550889 0.931811571
1403715415712143104.000000 0.055497304 0.031496499 -0.188474268 0.001890803 0.342142075 0.117104419 0.932320714
1403715415762143232.000000 0.060665347 0.047647666 -0.174754694 0.007510998 0.341678411 0.119375661 0.932174265
1403715415812143104.000000 0.055768799 0.054343060 -0.152212411 0.013085215 0.345413148 0.118640982 0.930829167
1403715415862142976.000000 0.058099795 0.068919286 -0.156432897 0.019667294 0.343736172 0.117825285 0.931437612
1403715415912143104.000000 0.051386859 0.040273305 -0.156310111 0.012541536 0.346735954 0.118140988 0.930408359
1403715415962142976.000000 0.048117641 0.044217080 -0.149641678 0.015054885 0.346890062 0.119156934 0.930184007
1403715416012143104.000000 0.047511492 0.042539239 -0.149430722 0.010044300 0.346503615 0.117647059 0.930587769
1403715416062142976.000000 0.048914745 0.039795697 -0.158864811 0.008086110 0.346633554 0.115927339 0.930774271
1403715416112143360.000000 0.048837800 0.040237121 -0.152393892 0.009340238 0.348176688 0.116176851 0.930155218
1403715416162142976.000000 0.047657117 0.040926512 -0.150959298 0.010093877 0.348374128 0.116303444 0.930057585
1403715416212143104.000000 0.048255268 0.041727737 -0.151449353 0.009287992 0.347544104 0.118347220 0.930118740
1403715416262143232.000000 0.048141595 0.043637656 -0.150965363 0.008920575 0.347102612 0.119617693 0.930124640
1403715416312143104.000000 0.047991637 0.044890113 -0.150314674 0.009629942 0.347082376 0.120288007 0.930038691
1403715416362142976.000000 0.048047263 0.044841263 -0.150335968 0.008800917 0.346961766 0.120148912 0.930109918
1403715416412143104.000000 0.048375916 0.044776760 -0.150414720 0.008568979 0.346523076 0.120720923 0.930201530
1403715416462142976.000000 0.048482083 0.045572013 -0.149959251 0.008053144 0.346663982 0.120690398 0.930157602
1403715416512143104.000000 0.048492014 0.046651520 -0.150200740 0.009344256 0.346112043 0.121452600 0.930251837
1403715416562142976.000000 0.047747120 0.046994612 -0.150321677 0.009870650 0.346819937 0.121148087 0.930022418
1403715416612143360.000000 0.048686191 0.047386654 -0.150577560 0.009729004 0.345917255 0.121762566 0.930279851
1403715416662142976.000000 0.048677322 0.048104860 -0.150515288 0.010186523 0.345786870 0.122078411 0.930282056
1403715416712143104.000000 0.048808005 0.047920022 -0.150072157 0.009699788 0.345904320 0.122025721 0.930250466
1403715416762143232.000000 0.048838712 0.049481582 -0.149590820 0.010225739 0.345883995 0.121635914 0.930303454
1403715416812143104.000000 0.048877120 0.049070489 -0.150014356 0.010576614 0.345663935 0.122326188 0.930290818
1403715416862142976.000000 0.048482377 0.049557507 -0.150171131 0.010239260 0.345789760 0.121899679 0.930303812
1403715416912143104.000000 0.048788399 0.050317775 -0.149632573 0.010599640 0.345715225 0.122271411 0.930278718
1403715416962142976.000000 0.048915297 0.050303459 -0.149419248 0.010519309 0.345774204 0.122121751 0.930277288
1403715417012143104.000000 0.048713028 0.050359782 -0.149250299 0.010748875 0.345907182 0.122249693 0.930208504
1403715417062142976.000000 0.048783492 0.050706737 -0.149217829 0.011056836 0.345880806 0.122260794 0.930213153
1403715417112143360.000000 0.048835300 0.051458798 -0.149388820 0.010890265 0.345679790 0.121778935 0.930353045
1403715417162142976.000000 0.048984706 0.051452663 -0.149689257 0.011256997 0.345587909 0.121999010 0.930353999
1403715417212143104.000000 0.048516683 0.051272016 -0.149524629 0.011080072 0.345899969 0.122080795 0.930229485
1403715417262143232.000000 0.048764888 0.051492691 -0.149091750 0.011191849 0.345853269 0.122382276 0.930205822
1403715417312143104.000000 0.048751123 0.051349167 -0.149322405 0.011384125 0.345776021 0.122307792 0.930242062
1403715417362142976.000000 0.048885483 0.051655229 -0.149433166 0.011055841 0.345784575 0.122236557 0.930252194
1403715417412143104.000000 0.049086045 0.051948592 -0.149729937 0.011405897 0.345588624 0.122226879 0.930322051
1403715417462142976.000000 0.049027737 0.051975008 -0.149440870 0.011494769 0.345693976 0.122486629 0.930247664
1403715417512143104.000000 0.048870381 0.052204631 -0.149675488 0.011821190 0.345607907 0.122400843 0.930286765
1403715417562142976.000000 0.048771732 0.051772233 -0.149419978 0.011417841 0.345769435 0.122303382 0.930244684
1403715417612143360.000000 0.048933115 0.051908828 -0.149454877 0.011378195 0.345715523 0.122218929 0.930276215
1403715417662142976.000000 0.049292713 0.051990040 -0.149325818 0.011495121 0.345625788 0.122182779 0.930312932
1403715417712143104.000000 0.049027227 0.051956385 -0.149403110 0.011450274 0.345858097 0.122335464 0.930207074
1403715417762143232.000000 0.048686687 0.052212466 -0.149257988 0.011913981 0.345859379 0.122294761 0.930206120
1403715417812143104.000000 0.048875384 0.051931422 -0.149404228 0.011471440 0.345825016 0.122228764 0.930233121
1403715417862142976.000000 0.048822902 0.051711138 -0.149411127 0.011175137 0.345848441 0.122183800 0.930233896
1403715417912143104.000000 0.048998494 0.051680714 -0.149316028 0.011247101 0.345818311 0.122391589 0.930216968
1403715417962142976.000000 0.048701238 0.051993888 -0.149432614 0.011549115 0.345698625 0.122352794 0.930262864
1403715418012143104.000000 0.048635695 0.052055124 -0.149419323 0.011658830 0.345795929 0.122362472 0.930224061
1403715418062142976.000000 0.048806038 0.051973529 -0.149574682 0.011636313 0.345689654 0.122205079 0.930284500
1403715418112143360.000000 0.048799694 0.051918287 -0.149320900 0.011315398 0.345801920 0.122152090 0.930253744
1403715418162142976.000000 0.048888076 0.052223891 -0.148938239 0.011425407 0.345921010 0.122099139 0.930215061
1403715418212143104.000000 0.048846293 0.051952846 -0.149231747 0.011291057 0.345828652 0.122140914 0.930245519
1403715418262143232.000000 0.049087040 0.052140243 -0.149223462 0.011579542 0.345805943 0.122176543 0.930245757
1403715418312143104.000000 0.048431359 0.051528212 -0.149631158 0.011426437 0.345744103 0.122469552 0.930232108
1403715418362142976.000000 0.048665419 0.052148074 -0.149267823 0.011560144 0.345898449 0.122413598 0.930180430
1403715418412143104.000000 0.049145952 0.052556746 -0.149050891 0.011700547 0.345781446 0.122136168 0.930258632
1403715418462142976.000000 0.048316009 0.051642008 -0.149663627 0.011432068 0.345698804 0.122570783 0.930235565
1403715418512143104.000000 0.048633114 0.052569285 -0.149360359 0.011998426 0.345678091 0.122400209 0.930258572
1403715418562142976.000000 0.048153911 0.051444978 -0.149737537 0.011095954 0.345777810 0.122340813 0.930240512
1403715418612143360.000000 0.048276220 0.051294215 -0.149686530 0.011029444 0.345862389 0.122287937 0.930216789
1403715418662142976.000000 0.048566282 0.052144565 -0.149000004 0.011349109 0.346023351 0.122122616 0.930174828
1403715418712143104.000000 0.048805010 0.052455332 -0.149271578 0.011634210 0.345610082 0.122267857 0.930305898
1403715418762143232.000000 0.048361562 0.051533662 -0.149242714 0.011415069 0.345947742 0.122559749 0.930144668
1403715418812143104.000000 0.048697829 0.052458309 -0.149385348 0.011888726 0.345794827 0.122382455 0.930218935
