frame_id,ts,state,n_kps,n_map_pts,n_inliers,n_lost_kps,reproj_mean_px,reproj_std_px,reproj_median_px,n_reproj,obs_per_mp,n_local_mps,n_local_kfs,is_kf,n_global_kfs,n_global_mps,image_name
0,1403715273.26,1,3849,0,0,3849,0,0,0,0,0,0,0,0,0,0,
1,1403715273.31,1,3836,0,0,3836,0,0,0,0,0,0,0,0,0,0,
2,1403715273.36,1,3843,0,0,3843,0,0,0,0,0,0,0,0,0,0,
3,1403715273.41,1,3834,0,0,3834,0,0,0,0,0,0,0,0,0,0,
4,1403715273.46,1,3839,0,0,3839,0,0,0,0,0,0,0,0,0,0,
5,1403715273.51,1,3815,0,0,3815,0,0,0,0,0,0,0,0,0,0,
6,1403715273.56,1,3852,0,0,3852,0,0,0,0,0,0,0,0,0,0,
7,1403715273.61,1,3787,0,0,3787,0,0,0,0,0,0,0,0,0,0,
8,1403715273.66,1,3884,0,0,3884,0,0,0,0,0,0,0,0,0,0,
9,1403715273.71,1,3799,0,0,3799,0,0,0,0,0,0,0,0,0,0,
10,1403715273.76,1,3839,0,0,3839,0,0,0,0,0,0,0,0,0,0,
11,1403715273.81,1,3829,0,0,3829,0,0,0,0,0,0,0,0,0,0,
12,1403715273.86,1,3803,0,0,3803,0,0,0,0,0,0,0,0,0,0,
13,1403715273.91,1,3849,0,0,3849,0,0,0,0,0,0,0,0,0,0,
14,1403715273.96,1,3860,0,0,3860,0,0,0,0,0,0,0,0,0,0,
15,1403715274.01,1,3805,0,0,3805,0,0,0,0,0,0,0,0,0,0,
16,1403715274.06,1,3827,0,0,3827,0,0,0,0,0,0,0,0,0,0,
17,1403715274.11,1,3868,0,0,3868,0,0,0,0,0,0,0,0,0,0,
18,1403715274.16,1,3860,0,0,3860,0,0,0,0,0,0,0,0,0,0,
19,1403715274.21,1,3843,0,0,3843,0,0,0,0,0,0,0,0,0,0,
20,1403715274.26,1,3794,0,0,3794,0,0,0,0,0,0,0,0,0,0,
21,1403715274.31,1,3806,0,0,3806,0,0,0,0,0,0,0,0,0,0,
22,1403715274.36,1,3804,0,0,3804,0,0,0,0,0,0,0,0,0,0,
23,1403715274.41,1,3826,0,0,3826,0,0,0,0,0,0,0,0,0,0,
24,1403715274.46,1,3837,0,0,3837,0,0,0,0,0,0,0,0,0,0,
25,1403715274.51,1,3814,0,0,3814,0,0,0,0,0,0,0,0,0,0,
26,1403715274.56,1,3781,0,0,3781,0,0,0,0,0,0,0,0,0,0,
27,1403715274.61,1,3831,0,0,3831,0,0,0,0,0,0,0,0,0,0,
28,1403715274.66,1,3821,0,0,3821,0,0,0,0,0,0,0,0,0,0,
29,1403715274.71,1,3876,0,0,3876,0,0,0,0,0,0,0,0,0,0,
30,1403715274.76,1,3822,0,0,3822,0,0,0,0,0,0,0,0,0,0,
31,1403715274.81,1,3866,0,0,3866,0,0,0,0,0,0,0,0,0,0,
32,1403715274.86,1,3854,0,0,3854,0,0,0,0,0,0,0,0,0,0,
33,1403715274.91,1,3818,0,0,3818,0,0,0,0,0,0,0,0,0,0,
34,1403715274.96,1,3837,0,0,3837,0,0,0,0,0,0,0,0,0,0,
35,1403715275.01,1,3819,0,0,3819,0,0,0,0,0,0,0,0,0,0,
36,1403715275.06,1,3840,0,0,3840,0,0,0,0,0,0,0,0,0,0,
37,1403715275.11,1,3812,0,0,3812,0,0,0,0,0,0,0,0,0,0,
38,1403715275.16,1,3802,0,0,3802,0,0,0,0,0,0,0,0,0,0,
39,1403715275.21,1,3809,0,0,3809,0,0,0,0,0,0,0,0,0,0,
40,1403715275.26,1,3859,0,0,3859,0,0,0,0,0,0,0,0,0,0,
41,1403715275.31,1,3843,0,0,3843,0,0,0,0,0,0,0,0,0,0,
42,1403715275.36,1,3857,0,0,3857,0,0,0,0,0,0,0,0,0,0,
43,1403715275.41,1,3808,0,0,3808,0,0,0,0,0,0,0,0,0,0,
44,1403715275.46,1,3819,0,0,3819,0,0,0,0,0,0,0,0,0,0,
45,1403715275.51,1,3878,0,0,3878,0,0,0,0,0,0,0,0,0,0,
46,1403715275.56,1,3865,0,0,3865,0,0,0,0,0,0,0,0,0,0,
47,1403715275.61,1,3846,0,0,3846,0,0,0,0,0,0,0,0,0,0,
48,1403715275.66,1,3813,0,0,3813,0,0,0,0,0,0,0,0,0,0,
49,1403715275.71,1,3847,0,0,3847,0,0,0,0,0,0,0,0,0,0,
50,1403715275.76,1,3867,0,0,3867,0,0,0,0,0,0,0,0,0,0,
51,1403715275.81,1,3859,0,0,3859,0,0,0,0,0,0,0,0,0,0,
52,1403715275.86,1,3851,0,0,3851,0,0,0,0,0,0,0,0,0,0,
53,1403715275.91,1,3837,0,0,3837,0,0,0,0,0,0,0,0,0,0,
54,1403715275.96,1,3871,0,0,3871,0,0,0,0,0,0,0,0,0,0,
55,1403715276.01,1,3853,0,0,3853,0,0,0,0,0,0,0,0,0,0,
56,1403715276.06,1,3838,0,0,3838,0,0,0,0,0,0,0,0,0,0,
57,1403715276.11,1,3873,0,0,3873,0,0,0,0,0,0,0,0,0,0,
58,1403715276.16,1,3845,0,0,3845,0,0,0,0,0,0,0,0,0,0,
59,1403715276.21,1,3892,0,0,3892,0,0,0,0,0,0,0,0,0,0,
60,1403715276.26,1,3860,0,0,3860,0,0,0,0,0,0,0,0,0,0,
61,1403715276.31,1,3877,0,0,3877,0,0,0,0,0,0,0,0,0,0,
62,1403715276.36,1,3859,0,0,3859,0,0,0,0,0,0,0,0,0,0,
63,1403715276.41,1,3791,0,0,3791,0,0,0,0,0,0,0,0,0,0,
64,1403715276.46,1,3848,0,0,3848,0,0,0,0,0,0,0,0,0,0,
65,1403715276.51,1,3861,0,0,3861,0,0,0,0,0,0,0,0,0,0,
66,1403715276.56,1,3870,0,0,3870,0,0,0,0,0,0,0,0,0,0,
67,1403715276.61,1,3889,0,0,3889,0,0,0,0,0,0,0,0,0,0,
68,1403715276.66,1,3852,0,0,3852,0,0,0,0,0,0,0,0,0,0,
69,1403715276.71,1,3869,0,0,3869,0,0,0,0,0,0,0,0,0,0,
70,1403715276.76,1,3854,0,0,3854,0,0,0,0,0,0,0,0,0,0,
71,1403715276.81,1,3835,0,0,3835,0,0,0,0,0,0,0,0,0,0,
72,1403715276.86,1,3867,0,0,3867,0,0,0,0,0,0,0,0,0,0,
73,1403715276.91,1,3817,0,0,3817,0,0,0,0,0,0,0,0,0,0,
74,1403715276.96,1,3782,0,0,3782,0,0,0,0,0,0,0,0,0,0,
75,1403715277.01,1,3811,0,0,3811,0,0,0,0,0,0,0,0,0,0,
76,1403715277.06,1,3774,0,0,3774,0,0,0,0,0,0,0,0,0,0,
77,1403715277.11,1,3765,0,0,3765,0,0,0,0,0,0,0,0,0,0,
78,1403715277.16,1,3835,0,0,3835,0,0,0,0,0,0,0,0,0,0,
79,1403715277.21,1,3787,0,0,3787,0,0,0,0,0,0,0,0,0,0,
80,1403715277.26,1,3792,0,0,3792,0,0,0,0,0,0,0,0,0,0,
81,1403715277.31,1,3840,0,0,3840,0,0,0,0,0,0,0,0,0,0,
82,1403715277.36,1,3809,0,0,3809,0,0,0,0,0,0,0,0,0,0,
83,1403715277.41,1,3803,0,0,3803,0,0,0,0,0,0,0,0,0,0,
84,1403715277.46,1,3807,0,0,3807,0,0,0,0,0,0,0,0,0,0,
85,1403715277.51,1,3844,0,0,3844,0,0,0,0,0,0,0,0,0,0,
86,1403715277.56,1,3799,0,0,3799,0,0,0,0,0,0,0,0,0,0,
87,1403715277.61,1,3807,0,0,3807,0,0,0,0,0,0,0,0,0,0,
88,1403715277.66,1,3835,0,0,3835,0,0,0,0,0,0,0,0,0,0,
89,1403715277.71,1,3808,0,0,3808,0,0,0,0,0,0,0,0,0,0,
90,1403715277.76,1,3798,0,0,3798,0,0,0,0,0,0,0,0,0,0,
91,1403715277.81,1,3838,0,0,3838,0,0,0,0,0,0,0,0,0,0,
92,1403715277.86,1,3829,0,0,3829,0,0,0,0,0,0,0,0,0,0,
93,1403715277.91,1,3786,0,0,3786,0,0,0,0,0,0,0,0,0,0,
94,1403715277.96,1,3834,0,0,3834,0,0,0,0,0,0,0,0,0,0,
95,1403715278.01,1,3789,0,0,3789,0,0,0,0,0,0,0,0,0,0,
96,1403715278.06,1,3826,0,0,3826,0,0,0,0,0,0,0,0,0,0,
97,1403715278.11,1,3826,0,0,3826,0,0,0,0,0,0,0,0,0,0,
98,1403715278.16,1,3870,0,0,3870,0,0,0,0,0,0,0,0,0,0,
99,1403715278.21,1,3851,0,0,3851,0,0,0,0,0,0,0,0,0,0,
100,1403715278.26,1,3840,0,0,3840,0,0,0,0,0,0,0,0,0,0,
101,1403715278.31,1,3781,0,0,3781,0,0,0,0,0,0,0,0,0,0,
102,1403715278.36,1,3877,0,0,3877,0,0,0,0,0,0,0,0,0,0,
103,1403715278.41,1,3824,0,0,3824,0,0,0,0,0,0,0,0,0,0,
104,1403715278.46,1,3761,0,0,3761,0,0,0,0,0,0,0,0,0,0,
105,1403715278.51,1,3773,0,0,3773,0,0,0,0,0,0,0,0,0,0,
106,1403715278.56,1,3660,0,0,3660,0,0,0,0,0,0,0,0,0,0,
107,1403715278.61,1,3599,0,0,3599,0,0,0,0,0,0,0,0,0,0,
108,1403715278.66,1,3691,0,0,3691,0,0,0,0,0,0,0,0,0,0,
109,1403715278.71,1,3641,0,0,3641,0,0,0,0,0,0,0,0,0,0,
110,1403715278.76,2,3505,351,0,3154,0.296134911364,0.250475875084,0.238278418779,351,2,351,2,0,2,351,
111,1403715278.81,2,1005,337,337,668,1.77282218044,1.42538700942,1.38715004921,337,2,1083,2,1,2,1083,
112,1403715278.86,2,1003,327,327,676,1.60587153504,1.28678686415,1.27393162251,327,2.81039755352,720,3,1,3,720,
113,1403715278.91,2,1002,366,366,636,1.60310444441,1.34298758829,1.21886086464,366,3.62021857923,671,4,1,4,671,
114,1403715278.96,2,1004,436,436,568,1.44130809324,1.20268524083,1.047093153,436,4.1995412844,810,5,1,5,810,
115,1403715279.01,2,1001,482,482,519,1.33120010972,1.12561207385,0.984611690044,482,4.88381742739,912,6,1,6,912,
116,1403715279.06,2,1002,499,499,503,1.32277853025,1.09521084123,0.993425250053,499,5.56112224449,991,7,1,7,991,
117,1403715279.11,2,1005,541,541,464,1.42524303801,1.23644972329,1.07200443745,541,6.16266173752,1065,8,1,8,1065,
118,1403715279.16,2,1003,570,570,433,1.43568111253,1.29973430981,1.06435108185,570,6.83157894737,1087,9,0,9,1087,
119,1403715279.21,2,1003,537,537,466,1.44925654695,1.28607218967,1.04856169224,537,6.82309124767,1087,9,1,9,1087,
120,1403715279.26,2,1001,561,561,440,1.34598920825,1.10307643476,1.01890015602,561,7.60606060606,1103,10,1,10,1103,
121,1403715279.31,2,1004,560,560,444,1.34613606277,1.11718754274,1.01460599899,560,7.51428571429,1104,10,1,10,1104,
122,1403715279.36,2,1002,569,569,433,1.42386196294,1.27349444567,1.08354485035,569,7.52899824253,1106,10,0,10,1106,
123,1403715279.41,2,1001,557,557,444,1.42806434044,1.22469426552,1.09905254841,557,7.43447037702,1106,10,1,10,1106,
124,1403715279.46,2,1003,548,548,455,1.42751452478,1.28193096762,1.08275687695,548,7.4397810219,1114,10,1,10,1114,
125,1403715279.51,2,1004,574,574,430,1.31903109289,1.18756325503,0.993429660797,574,7.41114982578,1091,10,0,10,1091,
126,1403715279.56,2,1003,566,566,437,1.29035618298,1.15550372017,0.984533905983,566,7.30918727915,1091,10,1,10,1091,
127,1403715279.61,2,1003,597,597,406,1.22750838859,1.14392413098,0.92178362608,597,7.45393634841,1065,10,0,10,1065,
128,1403715279.66,2,1002,561,561,441,1.36051562086,1.21845681577,1.04966723919,561,7.42245989305,1065,10,1,10,1065,
129,1403715279.71,2,1001,516,516,485,1.24213071601,1.06618432608,0.934793233871,516,7.59689922481,1039,10,1,10,1039,
130,1403715279.76,2,1002,540,540,462,1.27184576054,1.0146148771,0.991546630859,540,7.49814814815,1056,10,0,10,1056,
131,1403715279.81,2,1006,546,546,460,1.35684837275,1.17774665491,1.0089199543,546,7.42490842491,1056,10,1,10,1056,
132,1403715279.86,2,1002,531,531,471,1.31191179115,1.12913261255,0.962324202061,531,8.26365348399,1081,11,1,11,1081,
133,1403715279.91,2,1002,548,548,454,1.33780619889,1.1097320174,1.0475525856,548,7.49087591241,1070,10,0,10,1070,
134,1403715279.96,2,1004,549,549,455,1.35917944528,1.15868159589,1.02614891529,549,7.42258652095,1070,10,1,10,1070,
135,1403715280.01,2,1003,544,544,459,1.40129784952,1.1977200023,1.03611242771,544,8.18933823529,1101,11,1,11,1101,
136,1403715280.06,2,1005,528,528,477,1.48782028376,1.30412685524,1.14948642254,528,7.45454545455,1080,10,1,10,1080,
137,1403715280.11,2,1001,537,537,464,1.44453108862,1.26717465556,1.06999289989,537,8.04841713222,1126,11,1,11,1126,
138,1403715280.16,2,1005,570,570,435,1.45621656822,1.16556409874,1.15019965172,570,7.88070175439,1148,11,0,11,1148,
139,1403715280.21,2,1005,529,529,476,1.42604608094,1.23640433902,1.09302949905,529,7.82419659735,1148,11,1,11,1148,
140,1403715280.26,2,1006,520,520,486,1.41844635788,1.16618322985,1.05523991585,520,8.55,1168,12,1,12,1168,
141,1403715280.31,2,1004,535,539,469,1.49763009438,1.29182710726,1.11036324501,535,8.35514018692,1174,13,0,12,1163,
142,1403715280.36,2,1004,498,498,506,1.4487358908,1.27676397865,1.10545265675,498,8.52208835341,1163,12,1,12,1163,
143,1403715280.41,2,1004,522,522,482,1.500074041,1.30491615229,1.13747024536,522,8.27777777778,1193,12,1,12,1193,
144,1403715280.46,2,1002,525,525,477,1.39029228196,1.20225470031,1.04392898083,525,8.3219047619,1212,12,1,12,1212,
145,1403715280.51,2,994,521,521,473,1.43964752501,1.13098410709,1.10561871529,521,8.32821497121,1210,12,1,12,1210,
146,1403715280.56,2,1003,488,488,515,1.49927141368,1.32182480357,1.11290943623,488,8.90163934426,1236,13,1,13,1236,
147,1403715280.61,2,988,451,451,537,1.57405728453,1.3921141671,1.16912436485,451,9.61640798226,1254,14,0,14,1253,
148,1403715280.66,2,992,441,441,551,1.50683672201,1.28992903751,1.14704155922,441,9.55328798186,1253,14,1,14,1253,
149,1403715280.71,2,1001,457,457,544,1.52377590795,1.21079585602,1.22898960114,457,10.1859956236,1269,15,0,15,1269,
150,1403715280.76,2,995,462,462,533,1.49660552342,1.28445722247,1.07105600834,462,8.62987012987,1231,13,1,13,1231,
151,1403715280.81,2,995,465,465,530,1.51309924697,1.24172218263,1.19559061527,465,9.24946236559,1239,14,1,14,1239,
152,1403715280.86,2,984,403,403,581,1.5288800435,1.19698802465,1.21595227718,403,9.9776674938,1243,15,0,15,1243,
153,1403715280.91,2,988,407,407,581,1.47693814061,1.13211572,1.16407036781,407,9.16953316953,1222,14,1,14,1222,
154,1403715280.96,2,980,438,441,542,1.5839327426,1.33638014901,1.19274652004,438,8.82648401826,1265,15,0,14,1246,
155,1403715281.01,2,982,422,422,560,1.37479083031,1.09681731674,1.07702541351,422,8.88151658768,1246,14,1,14,1246,
156,1403715281.06,2,984,437,437,547,1.40885158294,1.09434167762,1.13356530666,437,9.28375286041,1278,15,0,15,1278,
157,1403715281.11,2,993,434,434,559,1.60457056325,1.26775851338,1.26629400253,434,9.17050691244,1278,15,1,15,1278,
158,1403715281.16,2,985,448,448,537,1.57438093732,1.21487647404,1.24321317673,448,9.61160714286,1328,16,0,16,1328,
159,1403715281.21,2,981,444,444,537,1.52031539058,1.17201006275,1.24706757069,444,9.17792792793,1306,15,1,15,1306,
160,1403715281.26,2,985,488,488,497,1.35982866968,0.970602541963,1.12292098999,488,9.39959016393,1344,16,0,16,1344,
161,1403715281.31,2,984,467,467,517,1.44516163249,1.11909626655,1.15596365929,467,8.91862955032,1319,15,0,15,1319,
162,1403715281.36,2,982,454,454,528,1.4339770089,1.14083580099,1.10785114765,454,9.06387665198,1319,15,1,15,1319,
163,1403715281.41,2,978,478,478,500,1.51232595076,1.20889945581,1.17720246315,478,9.61715481172,1351,16,0,16,1351,
164,1403715281.46,2,979,477,477,502,1.3788238176,1.068261519,1.11682033539,477,9.36897274633,1351,16,1,16,1351,
165,1403715281.51,2,981,469,469,512,1.52583049509,1.196396725,1.19985806942,469,10.1279317697,1381,17,0,17,1381,
166,1403715281.56,2,978,454,454,524,1.40659484591,1.06417173875,1.14336943626,454,9.20484581498,1363,16,1,16,1363,
167,1403715281.61,2,981,462,462,519,1.58659323526,1.3769488454,1.18251395226,462,9.87878787879,1390,17,0,17,1390,
168,1403715281.66,2,974,442,442,532,1.4241449636,1.03844777495,1.15127229691,442,9.42307692308,1368,16,1,16,1368,
169,1403715281.71,2,985,448,448,537,1.50442900307,1.23957981335,1.10790503025,448,9.99107142857,1381,17,0,17,1381,
170,1403715281.76,2,982,421,421,561,1.34533943431,1.01604233185,1.04344916344,421,9.82897862233,1381,17,1,17,1381,
171,1403715281.81,2,977,427,427,550,1.49640398884,1.2667955883,1.15293109417,427,10.4473067916,1394,18,0,18,1393,
172,1403715281.86,2,985,407,407,578,1.56539136898,1.30740188596,1.23347508907,407,9.25798525799,1351,16,1,16,1351,
173,1403715281.91,2,980,416,416,564,1.54886914448,1.29952337477,1.13628995419,416,9.87259615385,1377,17,0,17,1377,
174,1403715281.96,2,980,414,414,566,1.49310766877,1.29083293131,1.14956450462,414,9.75603864734,1377,17,1,17,1377,
175,1403715282.01,2,991,407,407,584,1.43832642323,1.19197291251,1.11290991306,407,10.2972972973,1415,18,0,18,1415,
176,1403715282.06,2,997,400,400,597,1.50950109005,1.14112784237,1.21090722084,400,9.7375,1398,17,1,17,1398,
177,1403715282.11,2,997,423,423,574,1.46609723038,1.2261507806,1.15200865269,423,9.86524822695,1441,18,0,18,1441,
178,1403715282.16,2,993,401,401,592,1.4695906716,1.18262591258,1.14069950581,401,9.38403990025,1419,17,1,17,1419,
179,1403715282.21,2,1003,415,415,588,1.48735268716,1.1562725306,1.16985237598,415,9.67710843373,1465,18,0,18,1465,
180,1403715282.26,2,1002,372,372,630,1.57383976208,1.31870325174,1.19030749798,372,9.75268817204,1464,18,1,18,1464,
181,1403715282.31,2,1005,384,384,621,1.51704112421,1.36786739145,1.17026877403,384,9.98697916667,1496,19,0,19,1496,
182,1403715282.36,2,1003,375,375,628,1.54578919199,1.20013902169,1.18453633785,375,8.968,1476,18,1,18,1476,
183,1403715282.41,2,1000,378,378,622,1.5754126023,1.15849699236,1.26454210281,378,9.6455026455,1484,19,0,19,1484,
184,1403715282.46,2,1005,359,359,646,1.55274628856,1.21700741711,1.21782541275,359,9.56545961003,1484,19,1,19,1484,
185,1403715282.51,2,1005,369,369,636,1.61783448863,1.37124479739,1.16173887253,369,9.79403794038,1527,20,0,20,1527,
186,1403715282.56,2,1007,383,383,624,1.58555091175,1.37916945188,1.17832803726,383,9.04177545692,1510,19,1,19,1510,
187,1403715282.61,2,1005,387,387,618,1.52706244538,1.25881100917,1.15629899502,387,9.6149870801,1561,20,0,20,1561,
188,1403715282.66,2,1006,368,368,638,1.53134925559,1.24705497108,1.16414046288,368,9.5027173913,1539,19,1,19,1539,
189,1403715282.71,2,1008,415,415,593,1.50502925214,1.29624821216,1.0881704092,415,9.09879518072,1609,20,0,20,1609,
190,1403715282.76,2,1004,406,406,598,1.63143083922,1.39548060724,1.16819107533,406,8.73891625616,1608,20,1,20,1608,
191,1403715282.81,2,1009,404,404,605,1.5096881866,1.20078755786,1.18290543556,404,9.42821782178,1626,21,0,21,1626,
192,1403715282.86,2,1005,378,378,627,1.57813506794,1.33724934972,1.16523194313,378,9.3835978836,1624,21,1,21,1624,
193,1403715282.91,2,1007,394,394,613,1.64095761278,1.3025923285,1.32329797745,394,9.78426395939,1674,22,0,22,1674,
194,1403715282.96,2,1005,386,386,619,1.60884468805,1.26669949919,1.20307266712,386,9.0310880829,1657,21,1,21,1657,
195,1403715283.01,2,1007,392,392,615,1.74075191248,1.32473094647,1.33000528812,392,9.35714285714,1710,22,0,22,1710,
196,1403715283.06,2,1006,383,383,623,1.66405025677,1.25650480023,1.33104097843,383,8.90339425587,1690,21,1,21,1690,
197,1403715283.11,2,1009,386,386,623,1.6219713711,1.20994000049,1.28871405125,386,9.16321243523,1731,22,0,22,1731,
198,1403715283.16,2,1006,372,372,634,1.54769725395,1.23904826228,1.14098370075,372,9.28225806452,1731,22,1,22,1731,
199,1403715283.21,2,1009,373,373,636,1.57463886908,1.25457075828,1.18154835701,373,9.4691689008,1772,23,0,23,1772,
200,1403715283.26,2,1009,365,365,644,1.54642716544,1.2720774373,1.12218868732,365,9.35342465753,1772,23,1,23,1772,
201,1403715283.31,2,1008,395,395,613,1.65415570027,1.37540078996,1.26887667179,395,9.53164556962,1809,24,0,24,1809,
202,1403715283.36,2,1010,371,371,639,1.5951538858,1.25936111173,1.26186525822,371,9.12938005391,1788,23,1,23,1788,
203,1403715283.41,2,1009,368,368,641,1.57474746048,1.24416178449,1.25803303719,368,9.6902173913,1802,24,0,24,1802,
204,1403715283.46,2,1005,369,369,636,1.51957168527,1.24351908281,1.11942100525,369,9.11924119241,1781,23,1,23,1781,
205,1403715283.51,2,1009,380,380,629,1.59196636264,1.37684138906,1.1538823843,380,9.66052631579,1813,24,0,24,1813,
206,1403715283.56,2,1009,364,364,645,1.45611182754,1.14826277115,1.10108983517,364,9.46153846154,1813,24,1,24,1813,
207,1403715283.61,2,1002,385,385,617,1.6045458584,1.21587629933,1.25225126743,385,9.64675324675,1844,25,0,25,1844,
208,1403715283.66,2,1006,378,378,628,1.57906679379,1.21163648175,1.21970057487,378,9.59523809524,1844,25,1,25,1844,
209,1403715283.71,2,1008,390,390,618,1.62753959537,1.30856881309,1.27582192421,390,10.1307692308,1861,26,0,26,1861,
210,1403715283.76,2,1004,369,369,635,1.50140019837,1.17466803791,1.19030535221,369,9.50677506775,1841,25,1,25,1841,
211,1403715283.81,2,1008,429,429,579,1.53615800634,1.27328832365,1.14949500561,429,9.83216783217,1874,26,0,26,1874,
212,1403715283.86,2,1006,399,399,607,1.46733564499,1.29327860408,1.10546898842,399,9.54385964912,1874,26,0,26,1874,
213,1403715283.91,2,1007,398,398,609,1.50965233127,1.17486568115,1.19346129894,398,9.79145728643,1874,26,0,26,1874,
214,1403715283.96,2,1004,409,409,595,1.521372036,1.21766936142,1.15863025188,409,9.55745721271,1874,26,0,26,1874,
215,1403715284.01,2,1008,401,401,607,1.62426407676,1.23982545618,1.30565774441,401,9.63092269327,1874,26,1,26,1874,
216,1403715284.06,2,1006,443,443,563,1.63605934504,1.26971423879,1.25054240227,443,9.52595936795,1960,27,0,27,1960,
217,1403715284.11,2,1006,430,430,576,1.60347895572,1.3842432369,1.13908517361,430,9.11627906977,1944,26,1,26,1944,
218,1403715284.16,2,1005,448,448,557,1.53354571482,1.33356233549,1.12057220936,448,9.69419642857,2012,27,0,27,2012,
219,1403715284.21,2,1005,442,442,563,1.62078750934,1.30501551885,1.3020324707,442,9.66063348416,2012,27,1,27,2012,
220,1403715284.26,2,1009,475,475,534,1.63193670452,1.2838325409,1.26586580276,475,9.91789473684,2032,28,0,28,2032,
221,1403715284.31,2,1003,449,449,554,1.56587298988,1.27274326024,1.22547614574,449,9.96659242762,2031,28,0,28,2031,
222,1403715284.36,2,1006,438,438,568,1.56739134142,1.29117541739,1.18881845474,438,9.78310502283,2031,28,1,28,2031,
223,1403715284.41,2,1006,473,473,533,1.55090859335,1.26650005046,1.24473118782,473,10.4968287526,2048,29,0,29,2048,
224,1403715284.46,2,1005,482,489,523,1.54285615587,1.23364366476,1.19254219532,482,9.76348547718,2048,29,0,28,2030,
225,1403715284.51,2,1005,460,460,545,1.56279155513,1.23462431517,1.21309030056,460,9.85434782609,2030,28,0,28,2030,
226,1403715284.56,2,1009,445,445,564,1.58929810266,1.18967016772,1.30524265766,445,9.89213483146,2030,28,1,28,2030,
227,1403715284.61,2,1007,481,481,526,1.54950377549,1.10055256685,1.33955979347,481,10.1912681913,2042,29,0,29,2042,
228,1403715284.66,2,1007,457,457,550,1.50351353265,1.18995118751,1.22912180424,457,10.4442013129,2042,29,0,29,2042,
229,1403715284.71,2,1006,438,438,568,1.53121427828,1.24311806087,1.18169033527,438,10.6643835616,2042,29,1,29,2042,
230,1403715284.76,2,1007,461,461,546,1.61870340502,1.29245172058,1.2047290802,461,10.8785249458,2071,30,0,30,2071,
231,1403715284.81,2,1005,462,462,543,1.73450978531,1.4386198023,1.31346476078,462,10.9415584416,2071,30,0,30,2071,
232,1403715284.86,2,1008,448,448,560,1.63944249332,1.29671109829,1.32309675217,448,10.2321428571,2055,29,1,29,2055,
233,1403715284.91,2,1007,449,449,558,1.5633162111,1.28637567545,1.17025089264,449,10.7572383073,2068,30,0,30,2068,
234,1403715284.96,2,1006,452,452,554,1.50903375493,1.21225116782,1.15825080872,452,10.5442477876,2067,30,0,29,2043,
235,1403715285.01,2,1005,446,446,559,1.65866306402,1.33179643916,1.33548498154,446,10.235426009,2043,29,1,29,2043,
236,1403715285.06,2,1005,428,428,577,1.56023935464,1.20461581271,1.24901378155,428,11.3317757009,2049,30,0,30,2049,
237,1403715285.11,2,1005,430,430,575,1.45717699227,1.16848629803,1.14563524723,430,11.3372093023,2049,30,0,30,2049,
238,1403715285.16,2,1008,429,429,579,1.48768989667,1.15082190473,1.18172693253,429,10.8648018648,2049,30,1,30,2049,
239,1403715285.21,2,1007,445,445,562,1.54607555863,1.20675080688,1.25420355797,445,11.3573033708,2063,31,0,31,2063,
240,1403715285.26,2,1005,421,421,584,1.4914673355,1.13768794451,1.1984732151,421,11.460807601,2063,31,0,31,2063,
241,1403715285.31,2,1006,411,411,595,1.41489903555,1.12919723032,1.10848212242,411,10.9148418491,2040,30,1,30,2040,
242,1403715285.36,2,1009,423,423,586,1.54183783044,1.22625656344,1.13642930984,423,11.5839243499,2068,31,0,31,2068,
243,1403715285.41,2,1004,417,417,587,1.47839475981,1.22051931764,1.16138970852,417,10.964028777,2049,30,0,30,2049,
244,1403715285.46,2,1006,422,422,584,1.50250644514,1.16769163017,1.16943311691,422,10.7061611374,2049,30,1,30,2049,
245,1403715285.51,2,1009,437,437,572,1.56950267091,1.30659198669,1.1579015255,437,11.3020594966,2069,31,0,31,2069,
246,1403715285.56,2,1006,426,426,580,1.64360849864,1.44437567236,1.21165382862,426,11.3192488263,2069,31,0,31,2069,
247,1403715285.61,2,1003,428,428,575,1.55464667618,1.29440892419,1.13557982445,428,11.023364486,2069,31,1,31,2069,
248,1403715285.66,2,1005,453,453,552,1.52381906931,1.19720221291,1.24575924873,453,11.5894039735,2122,32,0,32,2122,
249,1403715285.71,2,1004,427,427,577,1.5137162383,1.24663364577,1.12556993961,427,11.074941452,2101,31,1,31,2101,
250,1403715285.76,2,1006,440,440,566,1.55176347726,1.25708031201,1.20619130135,440,11,2134,32,0,32,2134,
251,1403715285.81,2,1009,447,447,562,1.62743097644,1.38649124636,1.20070719719,447,11.033557047,2134,32,0,32,2134,
252,1403715285.86,2,1008,439,439,569,1.54432717391,1.32858512191,1.12770998478,439,10.7904328018,2134,32,1,32,2134,
253,1403715285.91,2,1003,451,451,552,1.50962657699,1.27716955705,1.11810052395,451,11.4833702882,2161,33,0,33,2161,
254,1403715285.96,2,1006,424,425,582,1.61383326034,1.36902523653,1.19809949398,424,10.6650943396,2160,33,0,32,2141,
255,1403715286.01,2,1008,432,432,576,1.53429298766,1.23420047774,1.19194459915,432,10.962962963,2141,32,1,32,2141,
256,1403715286.06,2,1004,450,450,554,1.58815387097,1.31549194399,1.221383214,450,11.52,2172,33,0,33,2172,
257,1403715286.11,2,1009,443,443,566,1.47027291142,1.14528272666,1.17739069462,443,10.835214447,2145,32,0,32,2145,
258,1403715286.16,2,1006,416,416,590,1.50957958066,1.32263757645,1.10094368458,416,10.6730769231,2145,32,1,32,2145,
259,1403715286.21,2,1004,462,462,542,1.47134594976,1.24554415133,1.14048814774,462,11.1082251082,2169,33,0,33,2169,
260,1403715286.26,2,1005,429,429,576,1.38991346619,1.1184117075,1.10056138039,429,10.9067599068,2168,33,0,33,2168,
261,1403715286.31,2,1005,414,414,591,1.49093249294,1.12429571033,1.19519889355,414,10.5217391304,2152,32,1,32,2152,
262,1403715286.36,2,1009,423,423,586,1.58549980078,1.39159676976,1.14151585102,423,10.6524822695,2189,33,0,33,2189,
263,1403715286.41,2,1003,418,418,585,1.48142967681,1.28264873676,1.10123050213,418,10.6483253589,2188,33,0,33,2188,
264,1403715286.46,2,1005,418,418,587,1.51432570629,1.27771926631,1.13787770271,418,10.514354067,2188,33,1,33,2188,
265,1403715286.51,2,1006,451,451,555,1.44080205699,1.20344150929,1.10306739807,451,10.6407982262,2232,34,0,34,2232,
266,1403715286.56,2,1005,445,445,560,1.57274949616,1.30156149138,1.25233852863,445,10.6943820225,2232,34,0,34,2232,
267,1403715286.61,2,1007,424,424,583,1.45060688965,1.19061686525,1.17832529545,424,10.108490566,2211,33,1,33,2211,
268,1403715286.66,2,1008,420,420,588,1.4609979933,1.23334241491,1.11990058422,420,10.7428571429,2222,34,0,34,2222,
269,1403715286.71,2,1011,400,400,611,1.501101155,1.28916649559,1.09699547291,400,10.52,2222,34,0,34,2222,
270,1403715286.76,2,1006,373,373,633,1.46886832293,1.273615187,1.12222886086,373,10.654155496,2221,34,1,34,2221,
271,1403715286.81,2,1004,424,424,580,1.55299759862,1.25988768699,1.17359519005,424,10.6226415094,2259,35,0,35,2259,
272,1403715286.86,2,1005,397,397,608,1.47960155606,1.29230857492,1.06998896599,397,10.7556675063,2259,35,0,35,2259,
273,1403715286.91,2,1008,391,391,617,1.49257048193,1.26955982116,1.12001812458,391,9.15345268542,2204,32,1,32,2204,
274,1403715286.96,2,1003,425,425,578,1.37776351081,1.14733585331,1.12204062939,425,9.88705882353,2222,33,0,33,2222,
275,1403715287.01,2,1012,417,417,595,1.3915209049,1.20494940466,1.00799942017,417,9.72182254197,2222,32,0,33,2222,
276,1403715287.06,2,1007,398,398,609,1.46428672797,1.24723695704,1.10497772694,398,9.75376884422,2222,33,1,33,2222,
277,1403715287.11,2,1008,403,403,605,1.45341340968,1.24146726851,1.0531270504,403,10.2133995037,2232,34,0,34,2232,
278,1403715287.16,2,1006,387,387,619,1.33560773108,1.16287505807,0.98766887188,387,9.73901808786,2215,33,1,33,2215,
279,1403715287.21,2,1007,404,404,603,1.40123108221,1.22408677493,1.05416834354,404,10.3118811881,2248,34,0,34,2248,
280,1403715287.26,2,1010,388,388,622,1.2913546021,1.11071301558,0.997328519821,388,9.88144329897,2248,34,1,34,2248,
281,1403715287.31,2,1004,399,399,605,1.37832340529,1.19077834836,1.0350407362,399,10.4711779449,2263,29,0,35,2273,
282,1403715287.36,2,1007,390,390,617,1.34947997001,1.06862259051,1.01432561874,390,10.3461538462,2263,29,1,35,2273,
283,1403715287.41,2,1005,416,416,589,1.42366487266,1.20940736638,1.08194744587,416,10.8485576923,2293,30,0,36,2303,
284,1403715287.46,2,1004,393,393,611,1.39954296929,1.14356743811,1.08914077282,393,9.77608142494,2257,28,1,34,2267,
285,1403715287.51,2,1008,411,411,597,1.43640731396,1.21513255356,1.10191988945,411,10.4209245742,2291,29,0,35,2301,
286,1403715287.56,2,1008,406,406,602,1.30168933333,1.03531981185,0.996508777142,406,9.47044334975,2274,28,1,34,2284,
287,1403715287.61,2,1005,423,423,582,1.4483575913,1.29774830314,1.01496136189,423,10.0401891253,2305,29,0,35,2315,
288,1403715287.66,2,1006,412,412,594,1.3642687539,1.1769199957,1.05789041519,412,9.94174757282,2305,29,1,35,2315,
289,1403715287.71,2,1006,422,422,584,1.35253437506,1.16476234524,1.03357088566,422,10.3696682464,2343,30,0,36,2353,
290,1403715287.76,2,1004,401,401,603,1.39829672558,1.18835221601,1.05242502689,401,9.92269326683,2320,29,1,35,2330,
291,1403715287.81,2,1003,414,414,589,1.40020662517,1.19342105841,1.09430420399,414,10.38647343,2376,30,0,36,2386,
292,1403715287.86,2,1005,393,393,612,1.43540308099,1.16880492985,1.10672295094,393,10.2010178117,2376,30,1,36,2386,
293,1403715287.91,2,1012,386,386,626,1.47212045978,1.27923576343,1.08500766754,386,10.7823834197,2406,30,0,37,2425,
294,1403715287.96,2,1005,359,359,646,1.39734578272,1.18753676369,1.07643866539,359,9.61838440111,2384,29,0,36,2403,
295,1403715288.01,2,1006,362,362,644,1.38015000148,1.16487917124,1.06953406334,362,9.75414364641,2384,29,1,36,2403,
296,1403715288.06,2,1009,365,365,644,1.45915140181,1.16666395619,1.14164721966,365,10.1643835616,2413,30,0,37,2432,
297,1403715288.11,2,1002,364,364,638,1.45224993979,1.28412429752,1.10189294815,364,10.0302197802,2411,30,1,37,2430,
298,1403715288.16,2,1011,362,362,649,1.43670627882,1.26694383744,1.02818977833,362,10.7651933702,2430,31,0,38,2449,
299,1403715288.21,2,1005,376,376,629,1.32988090696,1.13319682951,0.972123205662,376,9.94680851064,2416,30,0,37,2435,
300,1403715288.26,2,1004,353,353,651,1.32718859842,1.02393993779,1.05919086933,353,9.90368271955,2416,30,1,37,2435,
301,1403715288.31,2,1004,377,377,627,1.33808159524,1.0770383856,1.01860809326,377,9.89389920424,2452,31,0,38,2471,
302,1403715288.36,2,1008,364,364,644,1.26276621708,1.05752286377,0.98469042778,364,9.82417582418,2452,31,1,38,2471,
303,1403715288.41,2,1007,380,380,627,1.29198185935,1.06878398261,0.994949042797,380,10.25,2484,32,0,39,2503,
304,1403715288.46,2,1009,390,390,619,1.20398724754,0.979595078061,0.952789723873,390,9.74102564103,2461,31,0,38,2480,
305,1403715288.51,2,1005,374,374,631,1.20095990063,0.939257954942,0.957005143166,374,9.51871657754,2461,31,1,38,2480,
306,1403715288.56,2,1004,375,375,629,1.26274600906,1.08165259851,0.967867076397,375,10.28,2472,32,0,39,2491,
307,1403715288.61,2,1005,381,381,624,1.20999206477,1.04864800571,0.873537659645,381,10.2965879265,2472,32,0,39,2491,
308,1403715288.66,2,1006,377,377,629,1.21136857933,1.0306304935,0.923609435558,377,10.400530504,2472,32,0,39,2491,
309,1403715288.71,2,1008,367,367,641,1.33535819068,1.21067008278,0.960744440556,367,10.3242506812,2472,32,1,39,2491,
310,1403715288.76,2,1010,383,383,627,1.28297457501,1.10765534643,0.950057387352,383,10.7780678851,2504,33,0,40,2523,
311,1403715288.81,2,1004,373,373,631,1.34238004675,1.22811447508,0.990954935551,373,10.1528150134,2486,32,0,39,2505,
312,1403715288.86,2,1010,365,365,645,1.33692072293,1.02075084104,1.0464104414,365,10.5780821918,2486,32,1,39,2505,
313,1403715288.91,2,1006,396,396,610,1.41081096379,1.20490862165,1.06940042973,396,11.0277777778,2512,33,0,40,2531,
314,1403715288.96,2,1007,375,375,632,1.29003752665,1.17498087141,0.946573197842,375,10.808,2512,33,0,40,2531,
315,1403715289.01,2,1010,385,385,625,1.29321390461,1.08111166202,0.975089788437,385,10.2545454545,2494,32,0,39,2513,
316,1403715289.06,2,1004,383,383,621,1.25153585599,1.11256148371,0.949408888817,383,10.2819843342,2494,32,1,39,2513,
317,1403715289.11,2,1005,393,393,612,1.26725148974,1.05168511125,0.968148827553,393,10.8040712468,2527,33,0,40,2546,
318,1403715289.16,2,1005,403,403,602,1.2983238159,1.13021936718,1.01259124279,403,10.4540942928,2527,33,0,40,2546,
319,1403715289.21,2,1002,369,369,633,1.31204163105,1.19658294999,0.953680813313,369,10.6937669377,2527,33,1,40,2546,
320,1403715289.26,2,1004,402,402,602,1.33889341891,1.14269128388,1.00626671314,402,11.0970149254,2580,34,0,41,2599,
321,1403715289.31,2,1006,383,388,623,1.31086060075,1.06269030607,0.990794420242,383,10.8355091384,2580,34,0,40,2582,
322,1403715289.36,2,1009,385,385,624,1.34161281285,1.14279733123,0.991485238075,385,10.5948051948,2563,33,1,40,2582,
323,1403715289.41,2,1005,405,405,600,1.37021374409,1.12199390872,1.07171428204,405,11.3086419753,2599,34,0,41,2618,
324,1403715289.46,2,1006,391,391,615,1.32962717164,1.14212196772,1.01317024231,391,10.4066496164,2579,33,1,40,2598,
325,1403715289.51,2,1005,439,439,566,1.40456049662,1.24945486792,1.06721842289,439,10.6287015945,2625,34,0,41,2644,
326,1403715289.56,2,1003,413,413,590,1.42506517962,1.04397567809,1.15368855,413,10.6440677966,2624,34,0,41,2643,
327,1403715289.61,2,1008,408,408,600,1.37691983383,1.12300781797,1.04267907143,408,10.6911764706,2624,34,1,41,2643,
328,1403715289.66,2,1004,421,421,583,1.48624799608,1.2339702964,1.08661043644,421,10.8503562945,2669,35,0,42,2688,
329,1403715289.71,2,1004,410,410,594,1.49383124129,1.19029943288,1.1345552206,410,11.0390243902,2661,34,0,42,2688,
330,1403715289.76,2,1008,412,412,596,1.53833626057,1.21335436624,1.16173362732,412,10.3398058252,2646,33,1,41,2673,
331,1403715289.81,2,1006,445,445,561,1.51635581666,1.31981610854,1.12991929054,445,10.4674157303,2677,34,0,42,2704,
332,1403715289.86,2,1008,426,426,582,1.4287959144,1.24403832398,1.08336269855,426,10.70657277,2675,34,0,42,2702,
333,1403715289.91,2,1006,436,436,570,1.45779046684,1.28062485899,1.07633817196,436,10.5412844037,2221,32,0,42,2702,
334,1403715289.96,2,1006,426,426,580,1.41054673241,1.25235764373,1.06860888004,426,10.6549295775,2675,34,0,42,2702,
335,1403715290.01,2,1005,435,435,570,1.482652357,1.2281347528,1.13615775108,435,10.7632183908,2675,34,0,42,2702,
336,1403715290.06,2,1007,436,436,571,1.38779693622,1.17464162898,1.06489109993,436,10.5573394495,2683,35,0,42,2702,
337,1403715290.11,2,1004,445,445,559,1.54458421588,1.26114728337,1.14747595787,445,10.4921348315,2683,35,0,42,2702,
338,1403715290.16,2,1006,436,436,570,1.4319349324,1.16343100264,1.13911271095,436,10.497706422,2683,35,0,42,2702,
339,1403715290.21,2,1009,414,414,595,1.37573400175,1.19215316116,1.03168284893,414,10.731884058,2683,35,1,42,2702,
340,1403715290.26,2,1009,455,455,554,1.55272170632,1.21018422791,1.24643516541,455,10.8879120879,2713,36,0,43,2732,
341,1403715290.31,2,1007,434,434,573,1.48163351686,1.29145063,1.08566260338,434,11.0253456221,2713,36,0,43,2732,
342,1403715290.36,2,1003,428,428,575,1.45279191538,1.29752883361,1.02445876598,428,10.8294392523,2693,34,1,42,2720,
343,1403715290.41,2,1004,454,454,550,1.39601356966,1.21169349256,1.03041994572,454,11.0242290749,2752,35,0,43,2779,
344,1403715290.46,2,1004,439,439,565,1.43141891124,1.22523159762,1.09609663486,439,11.0546697039,2760,36,0,43,2779,
345,1403715290.51,2,1010,442,442,568,1.35339390144,1.10400214916,1.06469810009,442,10.9162895928,2760,36,0,43,2779,
346,1403715290.56,2,1006,428,428,578,1.54805981585,1.35742944725,1.09036815166,428,11.0747663551,2752,35,1,43,2779,
347,1403715290.61,2,1007,447,447,560,1.51636594904,1.24809397798,1.15309369564,447,11.1901565996,2771,37,0,44,2790,
348,1403715290.66,2,1005,435,436,570,1.43840283235,1.23510159037,1.0979603529,435,10.9172413793,2771,37,0,43,2767,
349,1403715290.71,2,1002,406,406,596,1.465978619,1.26591154802,1.07711362839,406,11.2857142857,2748,36,1,43,2767,
350,1403715290.76,2,1003,432,432,571,1.41544720124,1.22633117373,1.03972375393,432,11.5486111111,2787,37,0,44,2806,
351,1403715290.81,2,1010,424,424,586,1.45048406486,1.25709425815,1.09358489513,424,11.4245283019,2787,37,0,44,2806,
352,1403715290.86,2,1003,427,427,576,1.43791964683,1.25096386491,1.04859185219,427,11.4918032787,2779,36,1,44,2806,
353,1403715290.91,2,1005,452,452,553,1.44690747272,1.28018698411,1.03261208534,452,11.5995575221,2802,37,0,45,2829,
354,1403715290.96,2,1006,432,432,574,1.38456087384,1.22650471345,1.02406859398,432,11.8449074074,2348,35,0,45,2829,
355,1403715291.01,2,1005,401,401,604,1.37220444181,1.08674195203,1.07465088367,401,11.2443890274,2329,34,1,44,2810,
356,1403715291.06,2,1003,446,446,557,1.40679569148,1.15276268011,1.19303357601,446,11.4282511211,2355,35,0,45,2836,
357,1403715291.11,2,1005,428,428,577,1.45731211052,1.21234375417,1.11565876007,428,11.6168224299,2355,35,0,45,2836,
358,1403715291.16,2,1003,414,414,589,1.46126279386,1.18573741519,1.07546246052,414,10.9927536232,2335,34,1,44,2816,
359,1403715291.21,2,1010,424,424,586,1.38392277043,1.15992557609,1.04274356365,424,11.4410377358,2359,35,0,45,2840,
360,1403715291.26,2,1005,407,407,598,1.36765408807,1.12695743511,1.02116060257,407,10.8402948403,2359,35,0,44,2822,
361,1403715291.31,2,1002,403,403,599,1.38674060197,1.10086978488,1.10929501057,403,10.8535980149,2341,34,1,44,2822,
362,1403715291.36,2,1008,441,441,567,1.46991630446,1.14209739325,1.18643534184,441,10.9637188209,2381,35,0,45,2862,
363,1403715291.41,2,1005,430,430,575,1.4359489006,1.10513950955,1.1583070755,430,10.8581395349,2381,35,0,45,2862,
364,1403715291.46,2,1010,406,406,604,1.40762488248,1.18668656847,1.10827302933,406,11.0886699507,2381,35,1,45,2862,
365,1403715291.51,2,1008,411,411,597,1.27823924629,0.967528889705,1.02606773376,411,11.3941605839,2404,36,0,46,2885,
366,1403715291.56,2,1006,413,413,593,1.32775791119,1.11037083513,0.976125121117,413,10.8886198547,2404,36,0,46,2885,
367,1403715291.61,2,1005,384,384,621,1.36795646655,1.03047947847,1.10202252865,384,11.203125,2404,36,1,46,2885,
368,1403715291.66,2,1007,411,411,596,1.3728097755,1.00939312264,1.08706617355,411,11.6739659367,2429,37,0,47,2910,
369,1403715291.71,2,1008,395,396,613,1.42719654539,1.09953024282,1.12297189236,395,11.1164556962,2429,37,0,46,2892,
370,1403715291.76,2,1007,393,393,614,1.38897865992,1.06695689759,1.08890199661,393,10.6666666667,2298,33,1,45,2861,
371,1403715291.81,2,1004,408,408,596,1.44099257454,1.15832567195,1.10332632065,408,11.0441176471,2326,34,0,46,2889,
372,1403715291.86,2,1007,382,384,625,1.39206234327,1.1412776523,1.1232380867,382,10.5052356021,2326,34,0,45,2869,
373,1403715291.91,2,1008,359,359,649,1.40409900374,1.12170300878,1.1099729538,359,10.8133704735,2306,33,1,45,2869,
374,1403715291.96,2,1009,398,398,611,1.40961273704,1.12554589513,1.0521517992,398,10.8040201005,2196,32,0,46,2899,
375,1403715292.01,2,1006,369,369,637,1.34169104375,1.09740279003,1.01672840118,369,10.5420054201,2196,32,0,46,2899,
376,1403715292.06,2,1008,367,367,641,1.38255780243,1.1238785611,1.04700279236,367,10.7411444142,2196,32,1,46,2899,
377,1403715292.11,2,1005,404,404,601,1.40301643006,1.12069418941,1.11374616623,404,10.995049505,2233,33,0,47,2936,
378,1403715292.16,2,1006,399,399,607,1.37885003659,1.11470253264,1.0286706686,399,10.3157894737,2215,32,0,46,2918,
379,1403715292.21,2,1007,383,383,624,1.39868842718,1.12776148357,1.08173882961,383,10.4804177546,2215,32,0,46,2918,
380,1403715292.26,2,1006,393,393,613,1.40433990505,1.12427650602,1.10996651649,393,10.4580152672,2215,32,0,46,2918,
381,1403715292.31,2,1007,403,403,604,1.48490845538,1.15347718048,1.14768743515,403,10.2952853598,2215,32,0,46,2918,
382,1403715292.36,2,1007,384,384,623,1.60241303315,1.26359106643,1.31031811237,384,10.3125,2215,32,0,46,2918,
383,1403715292.41,2,1004,357,357,647,1.54725747276,1.27635155393,1.2521032095,357,10.7198879552,2215,32,1,46,2918,
384,1403715292.46,2,1004,366,366,638,1.54029829293,1.25572906319,1.1987105608,366,10.9508196721,2271,33,0,47,2974,
385,1403715292.51,2,1003,383,383,620,1.59434275887,1.18487047756,1.283680439,383,11.0261096606,2271,33,0,47,2974,
386,1403715292.56,2,1005,366,366,639,1.59794981034,1.30205815702,1.2449965477,366,11.237704918,2411,35,1,47,2974,
387,1403715292.61,2,1004,380,380,624,1.59571301023,1.18774191831,1.39813697338,380,11.4342105263,2328,34,0,48,3031,
388,1403715292.66,2,1003,365,365,638,1.59818410804,1.24183936051,1.23910498619,365,11.4246575342,2549,38,0,48,3030,
389,1403715292.71,2,1003,354,354,649,1.61461145721,1.23336826106,1.36096656322,354,11.8502824859,2467,36,1,48,3030,
390,1403715292.76,2,1003,362,362,641,1.48602621455,1.10084907849,1.22177219391,362,12.2016574586,2506,37,0,49,3069,
391,1403715292.81,2,1004,360,360,644,1.48250093157,1.12469524592,1.11299192905,360,12.6194444444,2588,39,0,49,3069,
392,1403715292.86,2,1005,343,343,662,1.57232631747,1.20370722382,1.29602444172,343,12.4344023324,2588,39,1,49,3069,
393,1403715292.91,2,1004,388,388,616,1.50421822751,1.16790518439,1.2206710577,388,12.0025773196,2629,40,0,50,3110,
394,1403715292.96,2,1009,384,384,625,1.569704301,1.1548628607,1.29471004009,384,12.2734375,2629,40,0,50,3110,
395,1403715293.01,2,1007,362,362,645,1.45937473514,1.1613412284,1.1631308794,362,11.9116022099,2609,39,1,49,3090,
396,1403715293.06,2,1003,386,386,617,1.52142808506,1.20882234032,1.23141002655,386,12.0025906736,2654,40,0,50,3135,
397,1403715293.11,2,1004,374,374,630,1.59313370615,1.253947223,1.24050402641,374,12.1203208556,2654,40,0,50,3135,
398,1403715293.16,2,1005,363,363,642,1.58228230766,1.1502836491,1.2758449316,363,12.4049586777,2653,40,0,50,3134,
399,1403715293.21,2,1008,357,357,651,1.53117677675,1.20258285268,1.22058129311,357,12.5266106443,2653,40,1,50,3134,
400,1403715293.26,2,1010,378,378,632,1.51698223285,1.08751202587,1.29306280613,378,12.5661375661,2693,41,0,51,3174,
401,1403715293.31,2,1008,352,352,656,1.66201422209,1.37073842559,1.29241764545,352,12.2897727273,2693,41,0,51,3174,
402,1403715293.36,2,1004,352,352,652,1.52483526479,1.28929994698,1.18363201618,352,12.2471590909,2691,41,1,51,3172,
403,1403715293.41,2,1006,369,369,637,1.48922209256,1.23070410186,1.11871051788,369,12.4390243902,2740,42,0,52,3221,
404,1403715293.46,2,1001,338,338,663,1.46971388182,1.18830986313,1.16669368744,338,12.6360946746,2740,42,0,52,3221,
405,1403715293.51,2,1004,331,331,673,1.5296114464,1.3496652398,1.09687256813,331,12.3776435045,2740,42,1,52,3221,
406,1403715293.56,2,1003,365,365,638,1.42938618715,1.15838648823,1.08524668217,365,12.5123287671,2805,43,0,53,3286,
407,1403715293.61,2,1004,356,356,648,1.48919754465,1.15976506115,1.1596698761,356,12.6882022472,2805,43,0,53,3286,
408,1403715293.66,2,1004,374,374,630,1.43048591434,1.13688319028,1.11808800697,374,12.2326203209,2805,43,0,53,3286,
409,1403715293.71,2,1004,344,344,660,1.46816697921,1.31107806784,1.08474636078,344,12.2587209302,2805,43,1,53,3286,
410,1403715293.76,2,1004,401,401,603,1.48478681672,1.39179358055,1.08175683022,401,12.1471321696,2860,44,0,54,3341,
411,1403715293.81,2,1008,386,386,622,1.49467957956,1.25969103199,1.14015829563,386,11.7616580311,2860,44,0,54,3341,
412,1403715293.86,2,1006,399,399,607,1.40468284626,1.1823134193,1.02497708797,399,11.2932330827,2858,44,0,54,3339,
413,1403715293.91,2,1007,384,384,623,1.41034380195,1.23322376293,1.06486523151,384,11.5208333333,3320,47,0,54,3339,
414,1403715293.96,2,1008,375,375,633,1.47911212628,1.17377577793,1.15232074261,375,11.2773333333,2858,44,1,54,3339,
415,1403715294.01,2,1005,395,395,610,1.43788323342,1.11286826444,1.11928975582,395,11.7696202532,2934,45,0,55,3415,
416,1403715294.06,2,1007,404,404,603,1.47130835141,1.17175388392,1.13362085819,404,11.6237623762,3396,48,0,55,3415,
417,1403715294.11,2,1005,387,387,618,1.44290942307,1.26943427815,1.05560541153,387,11.4780361757,2932,45,0,55,3413,
418,1403715294.16,2,1005,378,378,627,1.46566147077,1.23265341581,1.05200409889,378,11.4470899471,2932,45,1,55,3413,
419,1403715294.21,2,1004,397,397,607,1.44990926973,1.22417307613,1.11903083324,397,11.765743073,2962,46,0,56,3443,
420,1403715294.26,2,1004,411,411,593,1.55389384692,1.30044522309,1.12862491608,411,11.5206812652,3424,49,0,56,3443,
421,1403715294.31,2,1002,403,403,599,1.41422192211,1.2165402932,1.05994927883,403,11.253101737,3421,49,0,56,3440,
422,1403715294.36,2,1002,376,376,626,1.42047394833,1.19679588681,1.14642930031,376,11.6861702128,2959,46,1,56,3440,
423,1403715294.41,2,1005,422,422,583,1.47923221448,1.16807675057,1.16436517239,422,11.7606635071,3444,50,0,57,3463,
424,1403715294.46,2,1005,416,416,589,1.54248219594,1.31737728335,1.13029611111,416,11.59375,3444,50,0,57,3463,
425,1403715294.51,2,1003,415,415,588,1.45204257119,1.26243006832,1.0857155323,415,11.1084337349,3444,50,0,57,3463,
426,1403715294.56,2,1002,391,391,611,1.46598567768,1.24911011531,1.12704646587,391,11.557544757,2982,47,1,57,3463,
427,1403715294.61,2,1004,414,414,590,1.45348829992,1.24457424968,1.04757487774,414,11.9033816425,3050,48,0,58,3531,
428,1403715294.66,2,1005,417,417,588,1.49506050057,1.29872859385,1.11467373371,417,11.7050359712,3512,51,0,58,3531,
429,1403715294.71,2,1002,420,420,582,1.54851106068,1.34012568133,1.1705224514,420,11.7,3512,51,0,58,3531,
430,1403715294.76,2,1001,392,392,609,1.50156701489,1.34014678793,1.14620649815,392,11.4795918367,3490,50,1,57,3509,
431,1403715294.81,2,1005,422,422,583,1.56039327966,1.36642264154,1.10668110847,422,11.7369668246,3526,51,0,58,3545,
432,1403715294.86,2,1001,433,433,568,1.59485347142,1.42781223322,1.12639117241,433,11.3279445727,3526,51,0,58,3545,
433,1403715294.91,2,1006,394,394,612,1.58269798644,1.27375804411,1.20396506786,394,11.7157360406,3526,51,0,58,3545,
434,1403715294.96,2,1007,391,391,616,1.56851084492,1.36776688925,1.14239621162,391,11.283887468,3526,51,1,58,3545,
435,1403715295.01,2,1004,419,419,585,1.52900445613,1.37516858649,1.09992861748,419,11.0525059666,3579,52,0,59,3598,
436,1403715295.06,2,1001,406,406,595,1.56063250351,1.44267772494,1.06008982658,406,11.0886699507,3579,52,0,59,3598,
437,1403715295.11,2,1002,407,407,595,1.55082068341,1.339698338,1.14840805531,407,10.5823095823,3579,52,0,59,3598,
438,1403715295.16,2,1001,421,421,580,1.53910306272,1.26227397159,1.14784145355,421,10.1045130641,3560,51,1,58,3579,
439,1403715295.21,2,1003,438,438,565,1.58484868067,1.37426236061,1.2012219429,438,10.5593607306,3580,52,0,59,3599,
440,1403715295.26,2,1006,413,413,593,1.61566192208,1.38623151418,1.16923701763,413,10.5084745763,3580,52,0,59,3599,
441,1403715295.31,2,1005,423,423,582,1.63239570049,1.42513412246,1.22822630405,423,10.7635933806,3580,52,0,59,3597,
442,1403715295.36,2,1002,407,407,595,1.48232087672,1.17759028618,1.09681451321,407,9.59213759214,3568,52,1,58,3578,
443,1403715295.41,2,1000,436,436,564,1.48867180004,1.22110481453,1.07110130787,436,10.1146788991,3614,53,0,59,3624,
444,1403715295.46,2,1002,436,436,566,1.57761055139,1.33117863555,1.16852295399,436,9.95871559633,3614,53,0,59,3624,
445,1403715295.51,2,1002,410,410,592,1.71501577196,1.47611574243,1.31405591965,410,9.70731707317,3614,53,0,59,3623,
446,1403715295.56,2,1002,396,396,606,1.52953585815,1.24787889488,1.2221249342,396,9.47727272727,3594,52,1,58,3604,
447,1403715295.61,2,1000,402,402,598,1.56926800345,1.30349991467,1.17792010307,402,10.1169154229,3628,53,0,59,3638,
448,1403715295.66,2,1005,413,413,592,1.58880877863,1.34188300822,1.09973025322,413,9.70702179177,3628,53,0,59,3638,
449,1403715295.71,2,1003,383,383,620,1.63595951559,1.34237507933,1.17094731331,383,9.7362924282,3627,53,0,59,3637,
450,1403715295.76,2,1001,386,386,615,1.5527168132,1.37020233623,1.16909182072,386,9.74352331606,3627,53,1,59,3637,
451,1403715295.81,2,1002,409,409,593,1.57102895932,1.32833363914,1.1571944952,409,10.1442542787,3656,54,0,60,3666,
452,1403715295.86,2,1005,409,409,596,1.7183030004,1.39767905811,1.30645346642,409,9.65770171149,3656,54,0,60,3666,
453,1403715295.91,2,1000,381,381,619,1.63886297432,1.37451039823,1.20641446114,381,10.2965879265,3656,54,0,60,3666,
454,1403715295.96,2,1003,374,374,629,1.53340341053,1.26096249706,1.16902089119,374,10.2459893048,3655,54,1,60,3665,
455,1403715296.01,2,1000,412,412,588,1.57126707444,1.26557417405,1.19312655926,412,10.0412621359,3721,55,0,61,3731,
456,1403715296.06,2,1003,398,398,605,1.65539012917,1.33267647004,1.22972750664,398,9.85929648241,3721,55,0,61,3731,
457,1403715296.11,2,1003,378,378,625,1.70625143308,1.26974914718,1.35587084293,378,9.70899470899,3731,61,0,61,3731,
458,1403715296.16,2,1006,361,361,645,1.66121059777,1.35008540159,1.2578253746,361,9.92520775623,3731,61,1,61,3731,
459,1403715296.21,2,1001,356,356,645,1.78160940732,1.44664985162,1.34870910645,356,10.7303370787,3754,62,0,62,3754,
460,1403715296.26,2,1004,336,336,668,1.64072404632,1.28633940013,1.28253412247,336,10.2202380952,3754,62,0,62,3754,
461,1403715296.31,2,1004,314,314,690,1.84764634151,1.61045689638,1.34392237663,314,10.2197452229,3754,62,0,62,3754,
462,1403715296.36,2,1005,303,303,702,1.71137459753,1.36657185675,1.3075748682,303,9.90429042904,3728,61,0,61,3728,
463,1403715296.41,2,1007,306,306,701,1.68434272911,1.31806166108,1.33102142811,306,10.2058823529,3728,61,1,61,3728,
464,1403715296.46,2,1006,299,299,707,1.6663528919,1.21406367836,1.28342092037,299,10.4782608696,3721,62,0,62,3721,
465,1403715296.51,2,1007,300,300,707,1.65728992323,1.34336686892,1.29854774475,300,10.3866666667,3721,62,0,62,3721,
466,1403715296.56,2,1011,283,283,728,1.77097863296,1.36220467117,1.41376173496,283,10.3780918728,3721,62,0,62,3721,
467,1403715296.61,2,1007,294,294,713,1.54398714547,1.31280627794,1.12313199043,294,10.343537415,3720,62,0,62,3720,
468,1403715296.66,2,1007,279,279,728,1.6465127999,1.4419583978,1.20641183853,279,9.81720430108,3720,62,1,62,3720,
469,1403715296.71,2,1007,373,373,634,1.58525604649,1.2299812729,1.20471334457,373,9.51206434316,3809,63,0,63,3809,
470,1403715296.76,2,1005,365,365,640,1.59943653527,1.31132271169,1.24393069744,365,9.52876712329,3809,63,0,63,3809,
471,1403715296.81,2,1008,368,368,640,1.69079101179,1.40601294246,1.23279511929,368,9.4402173913,3809,63,0,63,3809,
472,1403715296.86,2,1006,363,363,643,1.57157093601,1.35121546881,1.1276614666,363,9.50688705234,3808,63,0,63,3808,
473,1403715296.91,2,1007,374,374,633,1.67398878898,1.33499572944,1.28808426857,374,9.52941176471,3808,63,0,63,3808,
474,1403715296.96,2,1007,351,351,656,1.71263894672,1.40427094378,1.33713912964,351,9.42735042735,3808,63,1,63,3808,
475,1403715297.01,2,1005,398,398,607,1.57474403344,1.34330215317,1.20142591,398,9.35929648241,3904,64,0,64,3904,
476,1403715297.06,2,1005,388,388,617,1.71559580611,1.33583961531,1.38536596298,388,9.17525773196,3904,64,0,64,3904,
477,1403715297.11,2,1005,396,396,609,1.7160406586,1.41201746511,1.31801521778,396,8.86868686869,3904,64,0,64,3904,
478,1403715297.16,2,1006,358,358,648,1.69729533352,1.49793972703,1.26098906994,358,8.66759776536,3904,64,0,64,3904,
479,1403715297.21,2,1009,351,351,658,1.59208918455,1.33334173229,1.20594573021,351,8.47008547009,3884,63,1,63,3884,
480,1403715297.26,2,1005,353,353,652,1.58886659852,1.23902538748,1.26721215248,353,8.69971671388,3918,64,0,64,3918,
481,1403715297.31,2,1009,363,363,646,1.6183764017,1.35012629504,1.26718771458,363,8.76033057851,3918,64,0,64,3918,
482,1403715297.36,2,1007,320,320,687,1.58431344351,1.2866282227,1.23152291775,320,9.0625,3918,64,0,64,3918,
483,1403715297.41,2,1008,337,337,671,1.50037231168,1.31040078299,1.14593243599,337,8.78338278932,3917,64,0,64,3917,
484,1403715297.46,2,1008,330,330,678,1.42227028331,1.14085145936,1.09215068817,330,8.54848484848,3917,64,1,64,3917,
485,1403715297.51,2,1003,338,338,665,1.67990082524,1.39067654679,1.24092710018,338,8.8550295858,3923,65,0,65,3923,
486,1403715297.56,2,1007,335,335,672,1.5947378524,1.24128009203,1.3179513216,335,8.8776119403,3923,65,0,65,3923,
487,1403715297.61,2,1004,323,323,681,1.68169099923,1.34220359282,1.29505717754,323,9.00619195046,3923,65,0,65,3923,
488,1403715297.66,2,1007,302,302,705,1.58228740052,1.33021586316,1.23253810406,302,8.40728476821,3922,65,0,65,3922,
489,1403715297.71,2,1008,323,323,685,1.64275229492,1.33972414788,1.25616252422,323,8.38080495356,3922,65,1,65,3922,
490,1403715297.76,2,1006,408,408,598,1.54006426475,1.18459480173,1.19668841362,408,8.26715686275,3983,66,0,66,3983,
491,1403715297.81,2,1005,354,354,651,1.69401362409,1.34919736324,1.31385552883,354,8.6384180791,3983,66,0,66,3983,
492,1403715297.86,2,1006,339,339,667,1.77679242651,1.44777511945,1.31645333767,339,8.8407079646,3983,66,0,66,3983,
493,1403715297.91,2,1004,338,338,666,1.59070701381,1.26845465709,1.19254183769,338,9.02071005917,3981,66,0,66,3981,
494,1403715297.96,2,1003,337,337,666,1.78612692735,1.29960953703,1.42448663712,337,9.0237388724,3981,66,1,66,3981,
495,1403715298.01,2,1007,335,335,672,1.86983957894,1.54228364667,1.36090314388,335,8.94925373134,4025,67,0,67,4025,
496,1403715298.06,2,1004,308,308,696,1.76681702896,1.35723805296,1.45080184937,308,8.89285714286,4025,67,0,67,4025,
497,1403715298.11,2,1002,294,294,708,1.63601497672,1.36384871615,1.31810092926,294,9.16326530612,4024,67,0,67,4024,
498,1403715298.16,2,1007,289,289,718,1.72828747443,1.24210978145,1.42353260517,289,9.16955017301,4024,66,1,67,4024,
499,1403715298.21,2,1005,336,336,669,1.67706723646,1.21592003058,1.38781917095,336,9.20833333333,4054,66,0,68,4054,
500,1403715298.26,2,1005,314,314,691,1.70040470248,1.30780585649,1.30441820621,314,9.35668789809,4054,66,0,68,4054,
501,1403715298.31,2,1003,315,315,688,1.85257295067,1.39695381496,1.53757786751,315,9.05396825397,4054,66,0,68,4054,
502,1403715298.36,2,1004,306,306,698,1.59945331541,1.22450192417,1.27719581127,306,9.03267973856,4052,66,1,68,4052,
503,1403715298.41,2,1009,321,321,688,1.71315483328,1.39033731357,1.25918996334,321,8.94704049844,4095,67,0,69,4095,
504,1403715298.46,2,1007,314,314,693,1.79366750607,1.41146134776,1.36368525028,314,9.07643312102,4095,67,0,69,4095,
505,1403715298.51,2,1003,330,330,673,1.63788917686,1.30855931593,1.27796518803,330,8.83636363636,4093,67,0,69,4093,
506,1403715298.56,2,1012,322,322,690,1.78926780357,1.56672205812,1.2539639473,322,8.59627329193,4081,67,1,68,4081,
507,1403715298.61,2,1005,354,354,651,1.663396505,1.30740419279,1.3272613287,354,8.69774011299,4129,68,0,69,4129,
508,1403715298.66,2,1012,338,338,674,1.63547184219,1.3220624375,1.22375953197,338,8.84911242604,4100,63,0,69,4129,
509,1403715298.71,2,1014,352,352,662,1.60873726998,1.29033095846,1.26562464237,352,8.48863636364,4115,64,0,69,4129,
510,1403715298.76,2,1006,370,370,636,1.64584827548,1.2952907052,1.28695261478,370,8.56486486486,4100,63,0,69,4129,
511,1403715298.81,2,1003,371,371,632,1.62899768716,1.27135914265,1.33126556873,371,8.474393531,4100,63,0,69,4129,
512,1403715298.86,2,1004,345,345,659,1.63252022279,1.31094789118,1.21274161339,345,8.36231884058,4129,68,1,69,4129,
513,1403715298.91,2,1006,399,399,607,1.49313965468,1.15539117186,1.14706432819,399,8.97994987469,4166,68,0,70,4166,
514,1403715298.96,2,1008,387,387,621,1.4934478123,1.1317276706,1.17162764072,387,9.13178294574,4166,69,0,70,4166,
515,1403715299.01,2,1007,370,370,637,1.47498358486,1.12705721425,1.1658424139,370,8.90540540541,4166,68,0,70,4166,
516,1403715299.06,2,1007,366,366,641,1.40385445089,1.05957580292,1.11350464821,366,9.25409836066,4164,68,1,70,4164,
517,1403715299.11,2,1009,402,402,607,1.41869717106,1.12632879892,1.08801162243,402,8.97014925373,4185,71,0,71,4185,
518,1403715299.16,2,1009,396,396,613,1.53751243978,1.207941657,1.2365282774,396,8.76515151515,4185,71,0,71,4185,
519,1403715299.21,2,1008,398,398,610,1.51476791275,1.24838631957,1.18227314949,398,8.64572864322,4176,70,0,70,4176,
520,1403715299.26,2,1009,408,408,601,1.47074209736,1.2584986547,1.08762264252,408,8.39460784314,4176,70,0,70,4176,
521,1403715299.31,2,1006,384,384,622,1.42100634498,1.25009089946,1.07403314114,384,8.46875,4176,70,0,70,4176,
522,1403715299.36,2,1008,379,379,629,1.47526755453,1.25082465175,1.08619534969,379,8.25857519789,4147,64,0,70,4176,
523,1403715299.41,2,1005,370,370,635,1.46828749556,1.15910887829,1.09745788574,370,8.4972972973,4162,65,1,70,4176,
524,1403715299.46,2,1009,389,389,620,1.44434184052,1.13893052253,1.09039139748,389,9.16966580977,4205,65,0,71,4234,
525,1403715299.51,2,1006,364,364,642,1.47305575868,1.24840384281,1.1143116951,364,9.24450549451,4155,62,0,71,4234,
526,1403715299.56,2,1005,380,380,625,1.42476769935,1.20128273534,1.13852655888,380,9.39736842105,4177,63,0,71,4233,
527,1403715299.61,2,1005,370,370,635,1.49967379228,1.19614548405,1.15431761742,370,9.58918918919,4154,62,1,71,4233,
528,1403715299.66,2,1010,391,391,619,1.49865991007,1.30206868818,1.12993252277,391,9.67007672634,4180,64,0,72,4257,
529,1403715299.71,2,1007,385,385,622,1.49631851999,1.20561469778,1.11091840267,385,9.60519480519,4201,64,0,72,4257,
530,1403715299.76,2,1008,367,367,641,1.53736389402,1.2836077181,1.17706370354,367,9.77929155313,4201,64,0,72,4257,
531,1403715299.81,2,1003,355,355,648,1.61381867262,1.32038276998,1.28022313118,355,9.74366197183,4201,64,1,72,4257,
532,1403715299.86,2,1005,387,387,618,1.58453753802,1.21461875441,1.23425769806,387,10.0387596899,4225,65,0,73,4281,
533,1403715299.91,2,1004,358,358,646,1.53976158756,1.27123021821,1.22518074512,358,10.2094972067,4225,65,0,73,4281,
534,1403715299.96,2,1004,353,353,651,1.51211500883,1.21713980899,1.15289533138,353,9.77337110482,4202,64,0,73,4281,
535,1403715300.01,2,1007,324,324,683,1.59847572078,1.16888739448,1.29776251316,324,9.73456790123,4202,64,1,73,4281,
536,1403715300.06,2,1007,363,363,644,1.53258859492,1.16829514633,1.2322871685,363,10.1432506887,4256,65,0,74,4335,
537,1403715300.11,2,1005,347,347,658,1.56441084228,1.23579460623,1.23447108269,347,10.5043227666,4256,65,0,74,4335,
538,1403715300.16,2,1007,337,337,670,1.52377258614,1.26286997916,1.21195530891,337,9.99703264095,4072,60,0,74,4333,
539,1403715300.21,2,1003,333,333,670,1.63090231757,1.28129632162,1.27502453327,333,10.3993993994,4044,58,1,74,4333,
540,1403715300.26,2,1005,365,365,640,1.66044700338,1.26359490566,1.2716397047,365,10.202739726,4105,59,0,75,4394,
541,1403715300.31,2,1004,351,351,653,1.59016681284,1.30270694276,1.23415923119,351,10.2222222222,4105,59,0,75,4394,
542,1403715300.36,2,1002,336,336,666,1.66923654654,1.32609201923,1.26652622223,336,10.119047619,4105,59,0,75,4394,
543,1403715300.41,2,1001,314,314,687,1.55403516822,1.2595291897,1.24052071571,314,10.3662420382,3847,54,1,75,4392,
544,1403715300.46,2,1001,376,376,625,1.5654036733,1.1611322922,1.26404762268,376,10.2393617021,3891,55,0,76,4436,
545,1403715300.51,2,1005,360,360,645,1.57001568863,1.20909438812,1.2189053297,360,10.5833333333,3891,55,0,76,4436,
546,1403715300.56,2,1005,372,372,633,1.58982905362,1.20790104669,1.23338210583,372,10.4704301075,4035,56,0,76,4436,
547,1403715300.61,2,1004,362,362,642,1.71336750976,1.33473827518,1.37238514423,362,10.3895027624,4035,56,1,76,4436,
548,1403715300.66,2,1007,408,408,599,1.68306532961,1.34807688202,1.31371760368,408,10.2401960784,3845,54,0,77,4472,
549,1403715300.71,2,1003,408,408,595,1.65103533128,1.29722625851,1.30898046494,408,10.3578431373,3943,57,0,77,4472,
550,1403715300.76,2,1005,392,392,613,1.49714541468,1.07502600384,1.22631406784,392,10.4923469388,4085,58,0,77,4471,
551,1403715300.81,2,1003,385,385,618,1.55682842935,1.25047905206,1.20214366913,385,10.5272727273,4056,56,0,76,4458,
552,1403715300.86,2,1002,362,362,640,1.61498457889,1.27376795029,1.25019276142,362,10.6657458564,3912,55,1,76,4458,
553,1403715300.91,2,1004,412,412,592,1.63202480392,1.43556745086,1.18655884266,412,10.8131067961,3985,56,0,77,4531,
554,1403715300.96,2,1004,401,401,603,1.66046281227,1.40134075115,1.2039296627,401,10.6783042394,3953,55,0,77,4531,
555,1403715301.01,2,1001,420,420,581,1.63579993839,1.34795221544,1.28449463844,420,10.6928571429,4098,56,0,77,4530,
556,1403715301.06,2,1000,386,386,614,1.65809952162,1.38044486182,1.28242564201,386,10.7357512953,3952,55,1,77,4530,
557,1403715301.11,2,1006,426,426,580,1.50486707411,1.18942230919,1.16498637199,426,11.1056338028,4115,57,0,78,4548,
558,1403715301.16,2,1004,415,415,589,1.64404310606,1.30586531544,1.19756579399,415,11.2024096386,4115,57,0,78,4548,
559,1403715301.21,2,1004,413,413,591,1.43001260373,1.17002057595,1.0973957777,413,11.0290556901,4115,57,0,78,4548,
560,1403715301.26,2,1003,387,387,616,1.51731941787,1.16558890884,1.22074222565,387,11.5529715762,4115,57,1,78,4548,
561,1403715301.31,2,1002,439,439,563,1.49756926279,1.20075000922,1.18973040581,439,11.5353075171,4271,62,0,79,4575,
562,1403715301.36,2,1003,434,434,569,1.45612423239,1.17900977112,1.12362480164,434,11.7281105991,4271,62,0,79,4575,
563,1403715301.41,2,1005,430,430,575,1.45815612617,1.21053063775,1.12246727943,430,11.3325581395,4271,62,0,79,4575,
564,1403715301.46,2,1002,425,425,577,1.41975818694,1.13148200519,1.02892053127,425,11.4070588235,4255,61,0,78,4559,
565,1403715301.51,2,1005,434,434,571,1.50766290388,1.21540486905,1.18305373192,434,11.4585253456,4255,61,0,78,4559,
566,1403715301.56,2,1004,436,436,568,1.34658273387,1.09906404149,1.0217256546,436,11.4059633028,4269,62,1,78,4559,
567,1403715301.61,2,1006,459,459,547,1.51961149819,1.23151893448,1.19365370274,459,12.4640522876,4322,63,0,79,4612,
568,1403715301.66,2,1004,455,455,549,1.4472385009,1.16917706459,1.16360449791,455,12.2967032967,4350,65,0,79,4612,
569,1403715301.71,2,1006,465,465,541,1.46607870581,1.19019933387,1.07550168037,465,11.8322580645,4350,65,0,79,4612,
570,1403715301.76,2,1006,443,443,563,1.41142050439,1.23622243093,1.01063752174,443,12.2076749436,4320,63,0,79,4610,
571,1403715301.81,2,1008,446,446,562,1.34755612008,1.06097918763,1.07951676846,446,12.369955157,4320,63,1,79,4610,
572,1403715301.86,2,1004,466,466,538,1.39829132935,1.12112289134,1.11208832264,466,12.8798283262,4528,71,0,80,4608,
573,1403715301.91,2,1006,449,449,557,1.43666809256,1.22515605829,1.10632050037,449,13.0979955457,4528,71,0,80,4608,
574,1403715301.96,2,1006,432,432,574,1.53261491513,1.30488662837,1.14382302761,432,13.1273148148,4528,71,0,80,4608,
575,1403715302.01,2,1005,465,465,540,1.46951500167,1.32057312216,1.10233700275,465,12.9311827957,4527,71,0,80,4607,
576,1403715302.06,2,1002,446,446,556,1.43918527424,1.17220841778,1.11946833134,446,12.5201793722,4527,71,1,80,4607,
577,1403715302.11,2,1002,464,464,538,1.43579229749,1.21762341972,1.0500074625,464,12.9137931034,4332,65,0,81,4622,
578,1403715302.16,2,1008,474,474,534,1.43852015344,1.22136010158,1.07840621471,474,12.529535865,4542,72,0,81,4622,
579,1403715302.21,2,1004,487,487,517,1.41844564671,1.25031272213,1.06302201748,487,12.4661190965,4542,72,0,81,4622,
580,1403715302.26,2,1004,472,472,532,1.41738023923,1.10649618865,1.13874018192,472,12.25,4542,72,1,81,4622,
581,1403715302.31,2,1005,481,481,524,1.39182704848,1.20382947539,1.06300354004,481,12.972972973,4549,73,0,82,4629,
582,1403715302.36,2,1011,489,489,522,1.46471738559,1.28161311263,1.08625626564,489,12.5562372188,4549,73,0,82,4629,
583,1403715302.41,2,1007,452,452,555,1.45289151626,1.16954359436,1.16013991833,452,12.6128318584,4484,72,0,82,4629,
584,1403715302.46,2,1002,453,453,549,1.29610078307,1.12222779262,0.936262190342,453,11.9094922737,4534,72,0,81,4614,
585,1403715302.51,2,1004,464,464,540,1.41049782725,1.12233458733,1.07628631592,464,12.125,4557,73,1,81,4614,
586,1403715302.56,2,1006,477,477,529,1.3746328194,1.06505941534,1.06066846848,477,12.6477987421,4573,74,0,82,4630,
587,1403715302.61,2,1003,464,464,539,1.3730417112,1.0944149374,1.00417864323,464,12.6896551724,4573,74,0,82,4630,
588,1403715302.66,2,1005,456,456,549,1.36601884527,1.10836340596,1.02864611149,456,12.725877193,4573,74,0,82,4630,
589,1403715302.71,2,1007,472,472,535,1.36921296161,1.14403366796,1.05247759819,472,12.7288135593,4572,74,0,82,4629,
590,1403715302.76,2,1005,448,448,557,1.40379291414,1.20763500941,1.02087235451,448,12.3794642857,4553,73,1,81,4610,
591,1403715302.81,2,1005,475,475,530,1.37171923848,1.15077289429,1.04132330418,475,12.7494736842,4435,71,0,82,4618,
592,1403715302.86,2,1003,447,447,556,1.41420013811,1.17456069112,1.12096512318,447,12.9060402685,4538,73,0,82,4618,
593,1403715302.91,2,1006,452,452,554,1.38735780403,1.10145945575,1.0910538435,452,12.7831858407,4538,73,0,82,4618,
594,1403715302.96,2,1008,419,419,589,1.37046481548,1.08469265321,1.08429718018,419,12.6992840095,4550,73,0,81,4607,
595,1403715303.01,2,1007,396,396,611,1.40353196896,1.1123743883,1.07144868374,396,12.3207070707,4550,73,1,81,4607,
596,1403715303.06,2,1005,399,399,606,1.37006979149,1.0798314856,1.08337962627,399,12.9874686717,4528,73,0,82,4608,
597,1403715303.11,2,1004,390,390,614,1.45236960504,1.13216913698,1.11430859566,390,12.6948717949,4401,69,0,82,4608,
598,1403715303.16,2,1008,365,365,643,1.46979481758,1.0796966566,1.14270842075,365,12.7753424658,4401,69,0,82,4608,
599,1403715303.21,2,1008,359,359,649,1.40032792941,1.15713892582,1.17346537113,359,12.3621169916,4318,66,0,82,4608,
600,1403715303.26,2,1007,337,337,670,1.39465764205,1.08656364887,1.08256065845,337,12.4332344214,4318,66,1,82,4608,
601,1403715303.31,2,1004,385,385,619,1.39581099124,1.06293826515,1.12349653244,385,12.1376623377,4134,63,0,83,4664,
602,1403715303.36,2,1011,347,347,664,1.37330696425,0.951023880638,1.11398673058,347,12.3659942363,4118,62,0,83,4664,
603,1403715303.41,2,1004,344,344,660,1.51531644533,1.13668383246,1.20727324486,344,12.2441860465,4118,62,0,83,4664,
604,1403715303.46,2,1008,308,308,700,1.48095855943,1.12295979841,1.14094626904,308,11.9837662338,4015,59,1,82,4643,
605,1403715303.51,2,1003,323,323,680,1.47011294889,1.08002168151,1.20055305958,323,12.0588235294,4035,60,0,83,4663,
606,1403715303.56,2,1007,331,331,676,1.52788187912,1.15598737548,1.25824511051,331,11.5921450151,4035,60,0,83,4663,
607,1403715303.61,2,1002,282,282,720,1.46936065416,1.07523887407,1.28440153599,282,11.8936170213,3968,59,0,83,4663,
608,1403715303.66,2,1007,269,269,738,1.52380006918,1.1550205502,1.22484779358,269,10.7881040892,3968,59,1,83,4663,
609,1403715303.71,2,1010,307,307,703,1.54554147021,1.16676853014,1.25572264194,307,10.3159609121,4002,60,0,84,4697,
610,1403715303.76,2,1009,281,281,728,1.61322175571,1.28953340123,1.22208654881,281,10.1209964413,3654,50,0,84,4697,
611,1403715303.81,2,1007,271,271,736,1.44764755119,1.0049616541,1.26068162918,271,9.41328413284,3646,49,1,83,4689,
612,1403715303.86,2,1006,282,282,724,1.47673475853,1.19913993938,1.13169074059,282,8.73758865248,3440,46,0,84,4761,
613,1403715303.91,2,1008,287,287,721,1.50527681181,1.15316540589,1.16822528839,287,8.15679442509,3391,45,0,84,4761,
614,1403715303.96,2,1007,254,254,753,1.50045707429,1.15915990193,1.23652076721,254,7.94488188976,3391,45,1,84,4761,
615,1403715304.01,2,1008,313,313,695,1.43085171013,1.1315876323,1.16069507599,313,7.73482428115,3219,44,0,85,4820,
616,1403715304.06,2,1008,271,271,737,1.46030401275,1.05060113193,1.19100928307,271,7.82287822878,3169,43,0,85,4820,
617,1403715304.11,2,1008,292,292,716,1.46119275546,1.02409043873,1.26372742653,292,7.45890410959,3129,42,0,85,4820,
618,1403715304.16,2,1006,285,285,721,1.43308051093,1.07955266416,1.1366764307,285,7.1649122807,3219,44,1,85,4820,
619,1403715304.21,2,1002,330,330,672,1.5097363397,1.23749435647,1.19370341301,330,7.4303030303,3267,45,0,86,4868,
620,1403715304.26,2,1006,319,319,687,1.40689766982,1.19488017898,1.08094441891,319,7.28526645768,3266,45,0,86,4867,
621,1403715304.31,2,1004,308,308,696,1.37771754535,1.02680272086,1.15100729465,308,7.12662337662,3266,45,1,86,4867,
622,1403715304.36,2,1005,341,341,664,1.40521084173,1.11026228362,1.04413068295,341,7.48387096774,3322,46,0,87,4923,
623,1403715304.41,2,1003,339,339,664,1.28535735604,1.06051243955,0.947417378426,339,7.58407079646,3322,46,0,87,4923,
624,1403715304.46,2,1006,338,338,668,1.23131810199,1.01533259093,1.01736700535,338,7.59171597633,3322,46,0,87,4923,
625,1403715304.51,2,1004,337,337,667,1.3970283422,1.22008940813,1.08577978611,337,7.75667655786,3322,46,0,87,4923,
626,1403715304.56,2,1004,337,337,667,1.46142502601,1.24796251198,1.06640017033,337,7.58160237389,3322,46,0,87,4923,
627,1403715304.61,2,1006,323,323,683,1.36124534194,1.06289447772,1.04442310333,323,7.64705882353,3322,46,1,87,4923,
628,1403715304.66,2,1005,359,359,646,1.36229927291,1.12063902619,1.07607209682,359,7.69080779944,3381,47,0,88,4982,
629,1403715304.71,2,1008,350,350,658,1.33093711502,1.0315832034,1.08291292191,350,7.52285714286,3280,44,0,87,4971,
630,1403715304.76,2,1010,346,346,664,1.43567593907,1.20020789038,1.12577831745,346,7.38439306358,3280,44,1,87,4971,
631,1403715304.81,2,1010,369,369,641,1.41354928682,1.14360406857,1.17014050484,369,7.85636856369,3329,45,0,88,5020,
632,1403715304.86,2,1002,368,368,634,1.32908279124,1.17836784155,0.965472817421,368,7.83152173913,3368,46,0,88,5019,
633,1403715304.91,2,1008,371,371,637,1.22168544536,0.96165203411,0.9586571455,371,7.50943396226,3454,48,0,88,5019,
634,1403715304.96,2,1005,364,364,641,1.30477991297,1.08972214383,1.01706707478,364,7.53296703297,3235,44,0,88,5019,
635,1403715305.01,2,1008,346,346,662,1.29074622271,1.02723203021,1.01963233948,346,7.42196531792,3195,43,1,88,5019,
636,1403715305.06,2,1004,386,386,618,1.30682263664,1.09033282611,0.977133452892,386,7.90932642487,3227,44,0,89,5051,
637,1403715305.11,2,1008,382,382,626,1.25774197365,1.14773946063,0.892414808273,382,7.75130890052,3359,46,0,89,5050,
638,1403715305.16,2,1004,378,378,626,1.25378350366,1.08025366664,0.906380474567,378,7.98412698413,3399,47,0,89,5050,
639,1403715305.21,2,1006,380,380,626,1.23557938929,1.04876971944,0.942456126213,380,7.80263157895,3359,46,0,89,5050,
640,1403715305.26,2,1004,364,364,640,1.22130597013,1.12358276498,0.859100401402,364,8.09615384615,3359,46,0,89,5050,
641,1403715305.31,2,1006,356,356,650,1.25817208427,1.07570855525,0.895401954651,356,7.96348314607,3359,46,1,89,5050,
642,1403715305.36,2,1005,427,427,578,1.29502581191,1.04543471572,0.987412452698,427,8.15456674473,3422,47,0,90,5113,
643,1403715305.41,2,1006,412,412,594,1.23784177658,1.02045753597,0.957239866257,412,7.86165048544,3289,45,0,90,5113,
644,1403715305.46,2,1005,409,409,596,1.2350061565,1.01493708507,0.923114955425,409,8.10024449878,3512,49,0,90,5113,
645,1403715305.51,2,1006,390,390,616,1.24234475165,1.07300819832,0.918377041817,390,8.28461538462,3512,49,0,90,5113,
646,1403715305.56,2,1006,387,387,619,1.31098584752,1.11329228513,0.999718606472,387,8.68217054264,3512,49,0,90,5113,
647,1403715305.61,2,1009,409,409,600,1.27867089054,1.11923490366,0.913914322853,409,8.50366748166,3422,47,0,90,5113,
648,1403715305.66,2,1010,410,410,600,1.25997550699,1.14038374842,0.935257434845,410,8.56097560976,3422,47,0,90,5113,
649,1403715305.71,2,1007,385,385,622,1.25895574482,0.996815066399,0.963017165661,385,8.58441558442,3512,49,1,90,5113,
650,1403715305.76,2,1003,403,403,600,1.30937171482,1.05635430368,0.971260070801,403,9.14143920596,3559,50,0,91,5160,
651,1403715305.81,2,1004,411,411,593,1.18859241319,1.00212151724,0.864462196827,411,8.97810218978,3559,50,0,91,5160,
652,1403715305.86,2,1005,398,398,607,1.29050045557,1.05997639586,1.02504086494,398,9.08542713568,3559,50,1,91,5160,
653,1403715305.91,2,1007,409,409,598,1.35022501175,1.07301363739,1.06350421906,409,9.54523227384,3573,51,0,92,5174,
654,1403715305.96,2,1010,416,416,594,1.2750711969,1.14701594326,0.949170410633,416,9.62980769231,3571,51,0,92,5172,
655,1403715306.01,2,1004,402,402,602,1.38941705946,1.27444633599,1.06367528439,402,9.77611940299,3481,49,1,92,5172,
656,1403715306.06,2,1005,436,436,569,1.27858039001,1.15428922512,0.948030471802,436,9.94724770642,3343,47,0,93,5191,
657,1403715306.11,2,1008,411,411,597,1.28092296067,1.08589861904,0.995049834251,411,10.1581508516,3342,47,0,93,5190,
658,1403715306.16,2,1007,388,388,619,1.3492181543,1.25365343408,0.943171203136,388,10.3505154639,3499,50,1,93,5190,
659,1403715306.21,2,1003,421,421,582,1.29083218271,1.12220563922,0.928865730762,421,10.3634204276,3523,51,0,94,5214,
660,1403715306.26,2,1008,393,393,615,1.3142040987,1.11062860306,1.03001248837,393,9.88295165394,3453,50,0,93,5200,
661,1403715306.31,2,1008,404,404,604,1.34054876989,1.18454108502,1.0012280941,404,9.83910891089,3599,52,1,93,5200,
662,1403715306.36,2,1005,433,433,572,1.38588320318,1.18539277512,1.07583761215,433,10.2886836028,3630,53,0,94,5231,
663,1403715306.41,2,1008,411,411,597,1.31228599396,1.16060064108,0.938770413399,411,10.1386861314,3537,51,0,94,5228,
664,1403715306.46,2,1007,380,380,627,1.35363229684,1.05973899366,1.07015442848,380,9.89736842105,3523,50,1,93,5214,
665,1403715306.51,2,1006,401,401,605,1.39430763659,1.13955287642,1.04100823402,401,10.4912718204,3570,51,0,94,5261,
666,1403715306.56,2,1004,395,395,609,1.3181701315,1.10956184511,1.0146228075,395,10.9164556962,3659,53,0,94,5260,
667,1403715306.61,2,1004,372,372,632,1.31329926812,1.17002974159,0.979862689972,372,11.2016129032,3659,53,1,94,5260,
668,1403715306.66,2,1006,398,398,608,1.44239373144,1.20207252171,1.07915341854,398,11.3844221106,3696,54,0,95,5297,
669,1403715306.71,2,1003,396,396,607,1.46789057822,1.2221592688,1.1076322794,396,12.0429292929,3732,55,0,95,5297,
670,1403715306.76,2,1003,399,399,604,1.41396196127,1.02224251679,1.20507001877,399,11.343358396,4042,57,0,94,5281,
671,1403715306.81,2,1005,355,355,650,1.41834684711,1.06379127864,1.19314038754,355,11.9126760563,4189,59,1,94,5281,
672,1403715306.86,2,1007,403,403,604,1.40038681302,0.992506248825,1.19046473503,403,12.0893300248,4520,69,0,95,5294,
673,1403715306.91,2,1005,396,396,609,1.54880524455,1.18828687039,1.2953338623,396,12.6313131313,4592,70,0,95,5294,
674,1403715306.96,2,1006,397,397,609,1.54698469297,1.14689938739,1.27712321281,397,13.5188916877,4666,72,0,95,5294,
675,1403715307.01,2,1006,369,369,637,1.49058724869,1.18978625011,1.17887377739,369,13.4119241192,4734,73,1,94,5280,
676,1403715307.06,2,1006,408,408,598,1.55391097751,1.20981197875,1.2199819088,408,13.4558823529,4763,74,0,95,5309,
677,1403715307.11,2,1005,408,408,597,1.47770134067,1.12400483735,1.18591308594,408,14.1200980392,4763,74,0,95,5309,
678,1403715307.16,2,1009,417,417,592,1.44173984884,1.13976534762,1.10803973675,417,13.8657074341,4763,74,0,95,5309,
679,1403715307.21,2,1013,436,436,577,1.48977688562,1.23940059501,1.13962960243,436,13.9380733945,4762,74,0,95,5308,
680,1403715307.26,2,1005,446,446,559,1.43517750682,1.10058093899,1.18417882919,446,13.8228699552,4906,75,0,95,5308,
681,1403715307.31,2,1007,443,443,564,1.40759947113,1.13022156736,1.06744909286,443,13.2799097065,4762,74,0,95,5308,
682,1403715307.36,2,1005,438,438,567,1.39924058972,1.19275117577,1.07415544987,438,14.1073059361,5101,81,0,95,5308,
683,1403715307.41,2,1006,450,450,556,1.43114256612,1.12277287719,1.08639073372,450,13.8977777778,5101,81,0,95,5308,
684,1403715307.46,2,1007,454,454,553,1.30375824104,1.08672174053,1.05372440815,454,13.9911894273,5101,81,1,95,5308,
685,1403715307.51,2,1001,440,440,561,1.33859675892,1.08441560919,1.03690910339,440,14.9795454545,5079,82,0,96,5286,
686,1403715307.56,2,1005,430,430,575,1.27640901794,1.11227462696,0.940001189709,430,14.6,5039,81,0,96,5286,
687,1403715307.61,2,1006,426,426,580,1.33195796869,1.07106482662,1.04605877399,426,14.5563380282,5039,81,0,96,5286,
688,1403715307.66,2,1004,419,419,585,1.31714815169,1.00648935844,1.0643337965,419,15.0405727924,5070,81,0,96,5286,
689,1403715307.71,2,1013,413,413,600,1.33787507254,1.09019563172,1.08446979523,413,13.5811138015,5120,81,0,94,5257,
690,1403715307.76,2,1007,400,400,607,1.30061162012,1.10617285568,0.980980038643,400,13.7275,5067,81,1,94,5257,
691,1403715307.81,2,1009,412,412,597,1.36908657447,1.07562031249,1.07879757881,412,14.5558252427,5247,90,0,95,5270,
692,1403715307.86,2,1005,416,416,589,1.40202803651,1.13270686413,1.0774782896,416,14.125,5268,92,0,95,5270,
693,1403715307.91,2,1005,396,396,609,1.38913865239,1.18308248907,1.05844247341,396,13.7626262626,5256,87,0,95,5270,
694,1403715307.96,2,1005,377,377,628,1.43304544111,1.09122784371,1.13492810726,377,13.9283819629,5246,88,0,95,5270,
695,1403715308.01,2,1006,362,362,644,1.38505869054,1.0826579324,1.10563278198,362,14.2845303867,5268,91,0,95,5268,
696,1403715308.06,2,1010,374,374,636,1.47315055562,1.14607438718,1.1693969965,374,13.6069518717,5266,92,1,95,5268,
697,1403715308.11,2,1006,377,377,629,1.3688050288,1.14528473996,1.01555919647,377,13.3660477454,5309,94,0,96,5309,
698,1403715308.16,2,1005,389,389,616,1.41589784974,1.09469281102,1.13864970207,389,13.383033419,5307,93,0,96,5309,
699,1403715308.21,2,1006,379,379,627,1.42643221204,1.14966089478,1.10865700245,379,13.580474934,5301,91,0,96,5309,
700,1403715308.26,2,1010,347,347,663,1.41136992229,1.04254051577,1.10243558884,347,13.3544668588,5309,93,0,96,5309,
701,1403715308.31,2,1001,339,339,662,1.39773118312,1.19751115346,1.05727469921,339,12.814159292,5309,95,0,96,5309,
702,1403715308.36,2,1007,318,318,689,1.4170720676,1.1448503649,1.09819567204,318,13.4937106918,5309,94,1,96,5309,
703,1403715308.41,2,1008,385,385,623,1.48167263006,1.11666593236,1.16591227055,385,12.5558441558,5356,97,0,97,5356,
704,1403715308.46,2,1002,368,368,634,1.51791331555,1.22928285289,1.09613156319,368,13.1141304348,5356,97,0,97,5356,
705,1403715308.51,2,1005,370,370,635,1.48778154564,1.15812239227,1.11939477921,370,12.6378378378,5351,93,0,97,5356,
706,1403715308.56,2,1014,349,349,665,1.47976967682,1.1630400566,1.08185076714,349,12.9340974212,5353,93,0,97,5356,
707,1403715308.61,2,1009,355,355,654,1.51526655822,1.20506498606,1.16211998463,355,12.9690140845,5356,96,0,97,5356,
708,1403715308.66,2,1005,356,356,649,1.41852369459,1.14189242191,1.13418924809,356,12.5028089888,5356,97,0,97,5356,
709,1403715308.71,2,1004,361,361,643,1.58258741553,1.2871988543,1.20870530605,361,12.9252077562,5356,97,1,97,5356,
710,1403715308.76,2,1006,416,416,590,1.43318115184,1.13548582352,1.18046951294,416,12.4399038462,5388,98,0,98,5388,
711,1403715308.81,2,1011,419,419,592,1.36762699223,1.09082675793,1.05469059944,419,12.0023866348,5388,98,0,98,5388,
712,1403715308.86,2,1009,425,425,584,1.37287674708,1.09150343574,1.11009347439,425,12.1905882353,5388,97,0,98,5388,
713,1403715308.91,2,1010,426,426,584,1.4974918838,1.16519651814,1.20684349537,426,12.29342723,5388,98,0,98,5388,
714,1403715308.96,2,1004,446,446,558,1.39966765685,1.09564781264,1.09501421452,446,11.9955156951,5387,95,0,98,5387,
715,1403715309.01,2,1004,427,427,577,1.42874208652,1.19892414217,1.08475983143,427,12.0655737705,5378,94,0,97,5378,
716,1403715309.06,2,1009,428,428,581,1.44904588918,1.26120097905,1.07338106632,428,12.2920560748,5376,94,0,97,5378,
717,1403715309.11,2,1009,429,429,580,1.53729654664,1.30152652475,1.13053834438,429,12.2097902098,5378,97,0,97,5378,
718,1403715309.16,2,1006,432,432,574,1.54067699153,1.32286604871,1.13066363335,432,12.1412037037,5378,95,0,97,5378,
719,1403715309.21,2,1007,404,404,603,1.50507698503,1.27395779267,1.0721924305,404,12.5099009901,5378,97,0,97,5378,
720,1403715309.26,2,1010,414,414,596,1.45970913976,1.14970125902,1.15471029282,414,13.0579710145,5373,93,1,97,5378,
721,1403715309.31,2,1004,465,465,539,1.59062226522,1.36856773761,1.17945432663,465,12.6602150538,5425,98,0,98,5425,
722,1403715309.36,2,1011,435,435,576,1.50276376954,1.23145218694,1.16080594063,435,13.0436781609,5425,98,0,98,5425,
723,1403715309.41,2,1011,439,439,572,1.61160257472,1.2757338631,1.23423981667,439,12.8223234624,5425,98,0,98,5425,
724,1403715309.46,2,1008,441,441,567,1.53487620606,1.29434958298,1.10397541523,441,13.0907029478,5425,97,0,98,5425,
725,1403715309.51,2,1006,454,454,552,1.47247089561,1.20210034205,1.1563615799,454,13,5424,98,0,98,5424,
726,1403715309.56,2,1009,417,417,592,1.48238704838,1.2686987116,1.11784172058,417,13.1726618705,5384,96,1,96,5384,
727,1403715309.61,2,1008,462,462,546,1.44488774155,1.08486194448,1.13702201843,462,13.6948051948,5404,97,0,97,5404,
728,1403715309.66,2,1007,439,439,568,1.46913415234,1.15383255143,1.12147283554,439,13.5034168565,5404,95,0,97,5404,
729,1403715309.71,2,1003,433,433,570,1.51837893638,1.30373484218,1.10379767418,433,13.5866050808,5402,94,0,97,5404,
730,1403715309.76,2,1005,422,422,583,1.48135116971,1.19584729862,1.11337554455,422,13.9763033175,5403,94,0,97,5404,
731,1403715309.81,2,1005,437,437,568,1.5046730371,1.18253838694,1.15997600555,437,13.5697940503,5403,94,0,97,5404,
732,1403715309.86,2,1005,438,438,567,1.54899272368,1.23328962523,1.18727481365,438,13.6232876712,5402,94,0,97,5403,
733,1403715309.91,2,1001,440,440,561,1.5495856526,1.30506309681,1.15463650227,440,13.4272727273,5403,95,1,97,5403,
734,1403715309.96,2,1007,473,473,534,1.50102784602,1.27641826383,1.13426673412,473,14.1923890063,5417,96,0,98,5417,
735,1403715310.01,2,1004,457,457,547,1.51708366644,1.27027039102,1.14676713943,457,14.0262582057,5417,98,0,98,5417,
736,1403715310.06,2,1006,438,438,568,1.6666827352,1.34719245987,1.31430280209,438,14.0228310502,5416,94,0,98,5417,
737,1403715310.11,2,1004,420,420,584,1.65537754023,1.28980490819,1.27768206596,420,14.2214285714,5383,89,0,98,5417,
738,1403715310.16,2,1005,401,401,604,1.47228908586,1.16472981652,1.15437579155,401,14.9825436409,5415,95,0,98,5417,
739,1403715310.21,2,1003,381,381,622,1.5701535179,1.29165454781,1.18433630466,381,14.0183727034,5381,92,1,96,5383,
740,1403715310.26,2,1001,404,404,597,1.6475697833,1.36532567031,1.281473279,404,14.4158415842,5394,91,0,97,5418,
741,1403715310.31,2,1005,385,385,620,1.71183785034,1.37019263595,1.34405589104,385,13.9948051948,5394,90,0,97,5418,
742,1403715310.36,2,1000,381,381,619,1.68222778134,1.26590179431,1.28353750706,381,14.4645669291,5394,90,0,97,5418,
743,1403715310.41,2,995,351,351,644,1.63419497145,1.24127325646,1.32074677944,351,14.2735042735,5394,90,0,97,5418,
744,1403715310.46,2,1002,339,339,663,1.57808758826,1.26527367569,1.24494838715,339,14.3687315634,5393,90,0,97,5417,
745,1403715310.51,2,993,337,337,656,1.53872181027,1.20985231749,1.20459604263,337,13.3293768546,5383,89,1,96,5407,
746,1403715310.56,2,1000,364,364,636,1.59303976288,1.29962127871,1.30837190151,364,14.1895604396,5396,89,0,97,5428,
747,1403715310.61,2,1005,367,367,638,1.72356730888,1.36046456655,1.34471976757,367,13.416893733,5404,90,0,97,5428,
748,1403715310.66,2,1004,358,358,646,1.68235323453,1.25870699373,1.40775740147,358,12.6480446927,5402,90,0,97,5428,
749,1403715310.71,2,1001,366,366,635,1.71767414147,1.33718388084,1.41073489189,366,13.5601092896,5426,94,0,97,5428,
750,1403715310.76,2,1004,360,360,644,1.61260412523,1.2016322719,1.27747678757,360,13.4361111111,5426,94,0,97,5427,
751,1403715310.81,2,1002,344,344,658,1.62400722155,1.25958064188,1.31407761574,344,12.9186046512,5412,94,1,96,5412,
752,1403715310.86,2,1001,388,388,613,1.63330798794,1.36458775512,1.26101446152,388,12.9587628866,5452,94,0,97,5452,
753,1403715310.91,2,1003,388,388,615,1.65199621399,1.25341461463,1.33096444607,388,12.2293814433,5449,93,0,97,5452,
754,1403715310.96,2,1002,374,374,628,1.64387725903,1.24161068725,1.33999860287,374,12.5588235294,5430,91,0,97,5452,
755,1403715311.01,2,1005,361,361,644,1.79835088491,1.42642397652,1.41792631149,361,12.6343490305,5446,93,0,97,5452,
756,1403715311.06,2,1005,365,365,640,1.57279287367,1.24103280707,1.27106666565,365,12.2246575342,5450,95,0,97,5450,
757,1403715311.11,2,1002,356,356,646,1.62881747569,1.23683077513,1.36952960491,356,12.4466292135,5409,86,1,97,5450,
758,1403715311.16,2,1003,424,424,579,1.66965261277,1.38058401168,1.32172262669,424,12.1108490566,5513,93,0,98,5516,
759,1403715311.21,2,1000,405,405,595,1.77158691333,1.32965679753,1.37390506268,405,11.9234567901,5515,94,0,98,5516,
760,1403715311.26,2,1004,397,397,607,1.60215764581,1.17927222054,1.28481721878,397,12.7027707809,5515,94,0,98,5516,
761,1403715311.31,2,1008,385,385,623,1.68702482314,1.263339871,1.37410831451,385,12.4727272727,5516,97,0,98,5516,
762,1403715311.36,2,1000,406,406,594,1.73504622859,1.29327698855,1.41552233696,406,11.9236453202,5516,95,0,98,5516,
763,1403715311.41,2,1004,393,393,611,1.65185837711,1.29140722667,1.35732030869,393,11.8473282443,5502,96,1,97,5502,
764,1403715311.46,2,1003,423,423,580,1.65925851158,1.30394655113,1.31111741066,423,11.9432624113,5541,95,0,98,5541,
765,1403715311.51,2,1001,420,420,581,1.78375929207,1.29466645206,1.41002619267,420,11.7857142857,5541,97,0,98,5541,
766,1403715311.56,2,1004,391,391,613,1.75945292917,1.36152851744,1.34963142872,391,11.8491048593,5541,95,0,98,5541,
767,1403715311.61,2,1005,385,385,620,1.80114353632,1.34979900926,1.48783016205,385,11.2025974026,5541,94,0,98,5541,
768,1403715311.66,2,999,395,395,604,1.73630636974,1.34318916962,1.38321733475,395,11.5594936709,5541,95,0,98,5541,
769,1403715311.71,2,1003,387,387,616,1.71021166207,1.2251469329,1.40120053291,387,11.677002584,5538,90,1,98,5541,
770,1403715311.76,2,996,423,423,573,1.68895347432,1.32803262812,1.27112364769,423,11.4066193853,5591,91,0,99,5596,
771,1403715311.81,2,994,389,389,605,1.71394136492,1.30909952606,1.36417031288,389,11.5115681234,5596,92,0,99,5596,
772,1403715311.86,2,991,374,374,617,1.77850349441,1.27260030564,1.48082625866,374,11.4197860963,5439,84,0,99,5596,
773,1403715311.91,2,986,367,367,619,1.83412575072,1.39951492894,1.44107472897,367,11.0899182561,5406,81,0,99,5596,
774,1403715311.96,2,989,354,354,635,1.77951072802,1.39047714457,1.34400653839,354,10.488700565,5395,81,0,98,5583,
775,1403715312.01,2,985,346,346,639,1.87771736172,1.49288522829,1.40305328369,346,10.7369942197,5423,82,1,98,5583,
776,1403715312.06,2,985,362,362,623,1.77550174502,1.35291318383,1.40497338772,362,10.8591160221,5411,84,0,99,5620,
777,1403715312.11,2,978,344,344,634,1.78693818905,1.46097206591,1.31903445721,344,10.8953488372,5274,81,0,99,5620,
778,1403715312.16,2,988,335,335,653,1.88907348792,1.48825355564,1.40035176277,335,10.847761194,5274,81,0,99,5620,
779,1403715312.21,2,982,280,280,702,1.76031202433,1.36588976036,1.38494491577,280,11.4214285714,5274,81,0,99,5620,
780,1403715312.26,2,985,282,282,703,1.68090945894,1.2705356052,1.41249966621,282,10.8191489362,5274,81,0,99,5620,
781,1403715312.31,2,961,267,267,694,1.75357646386,1.28490665073,1.37177026272,267,10.9588014981,5274,81,1,99,5620,
782,1403715312.36,2,969,304,304,665,1.68584473566,1.25441210384,1.3717982769,304,10.6085526316,5317,81,0,100,5663,
783,1403715312.41,2,955,310,310,645,1.73000711179,1.24540766489,1.35658967495,310,10.5129032258,5317,81,0,100,5663,
784,1403715312.46,2,963,275,275,688,1.87113002541,1.41022814409,1.54130232334,275,9.71272727273,5298,81,0,100,5663,
785,1403715312.51,2,953,268,268,685,1.5881966602,1.27593051778,1.21572363377,268,9.90298507463,5297,81,0,100,5662,
786,1403715312.56,2,936,241,241,695,1.7661929287,1.3781282736,1.51177036762,241,9.84232365145,5297,81,1,100,5662,
787,1403715312.61,2,942,314,314,628,1.73867134753,1.34790011591,1.43439805508,314,9.26433121019,5340,81,0,101,5739,
788,1403715312.66,2,903,293,293,610,1.76478996514,1.35046524301,1.4723752737,293,8.82252559727,5340,81,0,101,5739,
789,1403715312.71,2,911,288,288,623,1.72996847034,1.32168324874,1.40564417839,288,7.91319444444,5340,81,0,101,5739,
790,1403715312.76,2,911,267,267,644,1.69660103385,1.30027514924,1.3425797224,267,7.56928838951,5340,81,0,101,5739,
791,1403715312.81,2,901,260,260,641,1.78636051785,1.2440156517,1.57750225067,260,7.57692307692,5340,81,1,101,5739,
792,1403715312.86,2,888,324,324,564,1.76445276384,1.27381144204,1.43708181381,324,7.57716049383,5419,82,0,102,5818,
793,1403715312.91,2,901,310,310,591,1.78761714747,1.45344951442,1.38272297382,310,6.81612903226,5354,81,0,102,5818,
794,1403715312.96,2,904,288,288,616,1.88977736755,1.46744666456,1.46873307228,288,6.85416666667,5354,81,0,102,5818,
795,1403715313.01,2,892,281,281,611,1.72805427163,1.38399973589,1.29023754597,281,7.01779359431,5346,81,0,102,5817,
796,1403715313.06,2,900,283,283,617,1.68556757108,1.29755361093,1.32414519787,283,6.51943462898,5417,82,1,102,5817,
797,1403715313.11,2,814,268,268,546,1.66498936682,1.43119455232,1.21131253242,268,7.36940298507,5392,82,0,103,5857,
798,1403715313.16,2,832,281,281,551,1.75812597869,1.49450531978,1.37439262867,281,7.5231316726,5384,81,0,103,5857,
799,1403715313.21,2,832,269,269,563,1.68251433831,1.44721788444,1.30614674091,269,7.50185873606,5382,81,0,103,5855,
800,1403715313.26,2,877,289,289,588,1.76709064001,1.50885287282,1.29333817959,289,7.40484429066,5382,81,1,103,5855,
801,1403715313.31,2,879,325,325,554,1.69298966451,1.37348633797,1.25401651859,325,7.84615384615,5411,82,0,104,5876,
802,1403715313.36,2,858,333,333,525,1.60358008812,1.20023059178,1.26086771488,333,8.12612612613,5404,82,0,104,5876,
803,1403715313.41,2,856,324,324,532,1.64460261328,1.43237223736,1.20925462246,324,8.26234567901,5408,83,0,104,5873,
804,1403715313.46,2,862,314,314,548,1.65012963425,1.43659936011,1.21062612534,314,7.92356687898,5408,83,1,104,5873,
805,1403715313.51,2,873,346,346,527,1.56626038535,1.27788155279,1.24304401875,346,8.04046242775,5437,81,0,105,5902,
806,1403715313.56,2,856,342,342,514,1.53119869269,1.21597304098,1.25826668739,342,8.22222222222,5437,84,0,105,5902,
807,1403715313.61,2,867,349,349,518,1.49792843397,1.25860738854,1.11812376976,349,7.96848137536,5434,84,0,105,5899,
808,1403715313.66,2,843,345,345,498,1.46663651582,1.23040172959,1.14660942554,345,7.67246376812,5409,81,1,105,5899,
809,1403715313.71,2,837,366,366,471,1.62282826718,1.32392136768,1.25846207142,366,8.3606557377,5028,70,0,106,5921,
810,1403715313.76,2,841,346,346,495,1.56136411687,1.24009993117,1.19496238232,346,8.49421965318,4878,68,0,106,5921,
811,1403715313.81,2,846,347,347,499,1.48696391106,1.25219485075,1.15032613277,347,8.40634005764,4878,68,0,106,5921,
812,1403715313.86,2,835,344,344,491,1.41492967316,1.04704160076,1.18694698811,344,8.22093023256,4885,69,1,106,5921,
813,1403715313.91,2,847,369,369,478,1.38630481779,1.01162222448,1.09700596333,369,9.0460704607,5408,81,0,107,5928,
814,1403715313.96,2,837,358,358,479,1.50235385545,1.19505630416,1.18094134331,358,8.98044692737,5408,81,0,107,5928,
815,1403715314.01,2,826,348,348,478,1.38323093869,1.07946385906,1.11387443542,348,8.97413793103,5407,81,0,107,5927,
816,1403715314.06,2,841,340,340,501,1.35837488648,1.16568633756,1.02217066288,340,9.10294117647,5407,81,1,107,5927,
817,1403715314.11,2,813,364,364,449,1.34904104734,1.16109799417,1.0043091774,364,9.73901098901,5425,81,0,108,5953,
818,1403715314.16,2,824,345,345,479,1.34477419536,1.06476519304,0.993242204189,345,9.94782608696,5425,81,0,108,5953,
819,1403715314.21,2,809,331,331,478,1.37141236434,1.03099394061,1.06368279457,331,9.85498489426,5524,81,0,108,5952,
820,1403715314.26,2,810,324,324,486,1.36679646023,1.17004009401,1.01415121555,324,9.50308641975,5517,80,1,108,5952,
821,1403715314.31,2,812,334,334,478,1.39937250388,1.15933459284,1.07746207714,334,10.4101796407,5498,80,0,109,5957,
822,1403715314.36,2,802,307,307,495,1.37293997193,1.13654146339,1.07972538471,307,10.1042345277,4633,62,0,109,5957,
823,1403715314.41,2,811,316,316,495,1.34284490402,1.19757235892,0.962098956108,316,9.96518987342,5442,77,0,109,5955,
824,1403715314.46,2,810,298,298,512,1.26480491996,0.978839629466,0.979799211025,298,9.37919463087,5428,76,1,108,5941,
825,1403715314.51,2,800,324,324,476,1.34539538787,1.07305823441,1.07021152973,324,9.85185185185,5417,77,0,109,5930,
826,1403715314.56,2,806,299,299,507,1.34009272386,0.998278027676,1.09417212009,299,10.3511705686,5417,77,0,109,5930,
827,1403715314.61,2,822,313,313,509,1.41146843394,1.10267716053,1.16452360153,313,9.90095846645,5417,77,0,109,5930,
828,1403715314.66,2,817,287,287,530,1.31005954469,1.05812776767,1.0088006258,287,10.1219512195,3858,47,1,109,5930,
829,1403715314.71,2,827,309,309,518,1.38476083669,1.17558621025,0.987699985504,309,10.715210356,3885,48,0,110,5957,
830,1403715314.76,2,833,315,315,518,1.42954924332,1.17559393722,1.08138680458,315,10.473015873,4600,61,0,110,5957,
831,1403715314.81,2,812,301,301,511,1.3815383081,1.14306544099,1.02851033211,301,9.6877076412,4580,60,0,109,5937,
832,1403715314.86,2,816,305,305,511,1.35831018148,1.1632778083,1.01699435711,305,9.5737704918,4580,60,1,109,5937,
833,1403715314.91,2,820,336,336,484,1.37420456619,1.07006203374,1.06254923344,336,10.3601190476,4619,61,0,110,5976,
834,1403715314.96,2,815,307,307,508,1.34210252365,1.10849637616,0.997907817364,307,10.4234527687,5463,78,0,110,5976,
835,1403715315.01,2,785,293,293,492,1.36086004774,1.1609064174,1.01831591129,293,9.67918088737,4359,50,0,109,5961,
836,1403715315.06,2,780,300,300,480,1.32941330201,1.16736096279,0.935943543911,300,9.84,3663,45,1,109,5961,
837,1403715315.11,2,784,363,363,421,1.36101960374,1.12541596153,0.971681416035,363,9.92011019284,4770,63,0,110,6013,
838,1403715315.16,2,780,338,338,442,1.37464536736,1.10619114323,1.10385847092,338,9.71597633136,4662,62,0,110,6013,
839,1403715315.21,2,785,337,337,448,1.39602614542,1.12915322426,1.06839346886,337,9.6528189911,4656,61,0,110,6013,
840,1403715315.26,2,776,325,325,451,1.49550399303,1.20977222254,1.09212315083,325,9.90153846154,4770,63,1,110,6013,
841,1403715315.31,2,769,349,349,420,1.42255389861,1.15247468633,1.0627900362,349,10.6475644699,4801,64,0,111,6044,
842,1403715315.36,2,769,351,351,418,1.36454622659,1.12082837711,1.01929843426,351,10.4273504274,4844,65,0,111,6044,
843,1403715315.41,2,803,364,364,439,1.3523812233,1.07815007805,1.01212286949,364,9.57692307692,4787,63,0,110,6030,
844,1403715315.46,2,785,340,340,445,1.3772788208,1.10999440159,1.08527350426,340,9.76176470588,4673,61,1,110,6030,
845,1403715315.51,2,769,349,349,420,1.39342909383,1.0893680516,1.11446011066,349,10.1232091691,4692,62,0,111,6049,
846,1403715315.56,2,780,351,351,429,1.47730022442,1.12373575179,1.17441570759,351,10.0199430199,3455,44,0,111,6049,
847,1403715315.61,2,796,356,356,440,1.35196480026,1.110024909,1.03776943684,356,9.98876404494,3452,44,0,111,6046,
848,1403715315.66,2,765,327,327,438,1.39232084914,1.080776395,1.0712249279,327,10.2140672783,3815,47,1,111,6046,
849,1403715315.71,2,796,337,337,459,1.36408114017,1.18982256955,0.986714065075,337,11.056379822,3833,48,0,112,6064,
850,1403715315.76,2,811,339,339,472,1.44631237472,1.03322171271,1.15176677704,339,10.7463126844,4966,71,0,112,6064,
851,1403715315.81,2,762,311,311,451,1.34475107172,1.06312760779,1.08156919479,311,9.55627009646,4934,69,1,110,6032,
852,1403715315.86,2,780,341,341,439,1.48031531559,1.20264892426,1.18582189083,341,10.2023460411,4058,55,0,111,6044,
853,1403715315.91,2,784,317,317,467,1.45460914064,1.18989817645,1.14347088337,317,10.1230283912,3979,53,0,111,6044,
854,1403715315.96,2,786,307,307,479,1.5348928171,1.10368748574,1.2107578516,307,10.1563517915,4975,75,1,111,6044,
855,1403715316.01,2,799,317,317,482,1.44777096917,1.12589535275,1.07781970501,317,11.0630914826,4516,60,0,112,6049,
856,1403715316.06,2,835,314,314,521,1.47703382397,1.24642053405,1.15318143368,314,11.0286624204,4907,78,0,112,6049,
857,1403715316.11,2,816,293,293,523,1.42488771029,1.15554746398,1.14308702946,293,10.7269624573,4647,74,0,111,6031,
858,1403715316.16,2,840,302,302,538,1.44736747133,1.14770277139,1.08357751369,302,10.559602649,4757,75,1,111,6031,
859,1403715316.21,2,833,295,295,538,1.47406664316,1.12714400296,1.14998328686,295,11.6508474576,4822,78,0,112,6020,
860,1403715316.26,2,855,273,273,582,1.38017696717,1.03119335194,1.10707032681,273,12.2417582418,4746,76,0,112,6020,
861,1403715316.31,2,833,297,297,536,1.51465912718,1.27168558839,1.18819487095,297,11.5993265993,4746,76,1,112,6020,
862,1403715316.36,2,891,295,295,596,1.45146226928,1.26652436574,1.02459061146,295,12.4203389831,4882,79,0,113,6024,
863,1403715316.41,2,874,260,260,614,1.40911240099,1.21861853518,1.06257534027,260,13.4038461538,4882,79,0,113,6024,
864,1403715316.46,2,879,268,268,611,1.39954821469,1.21480480708,1.08139264584,268,13.0746268657,4882,79,0,113,6024,
865,1403715316.51,2,887,272,272,615,1.47927596779,1.39468138554,0.999249875546,272,12.6213235294,4943,80,1,112,6010,
866,1403715316.56,2,892,312,312,580,1.55987051225,1.43822712362,1.04060411453,312,11.5961538462,4655,76,0,113,6039,
867,1403715316.61,2,890,298,298,592,1.34727252238,1.18242103234,1.02130389214,298,11.7315436242,4765,77,0,113,6039,
868,1403715316.66,2,892,304,304,588,1.39215445979,1.13097787807,1.07382714748,304,11.7401315789,4970,81,0,113,6037,
869,1403715316.71,2,910,293,293,617,1.4799556795,1.30448848898,1.10001063347,293,11.9453924915,4970,81,1,113,6037,
870,1403715316.76,2,875,350,350,525,1.38881668195,1.05538158166,1.12268674374,350,11.4657142857,4934,81,0,114,6093,
871,1403715316.81,2,891,361,361,530,1.49566057235,1.20151904359,1.13699328899,361,11.2908587258,4934,81,0,114,6093,
872,1403715316.86,2,879,321,321,558,1.30228597986,1.09844715891,0.987608671188,321,10.953271028,4934,81,0,113,6077,
873,1403715316.91,2,903,325,325,578,1.37599933466,1.24949821582,1.01594161987,325,10.8707692308,4935,79,1,113,6077,
874,1403715316.96,2,878,349,349,529,1.4059070138,1.09288026707,1.09725368023,349,10.9025787966,4979,81,0,114,6138,
875,1403715317.01,2,894,359,359,535,1.39768653317,1.16932725883,1.05508232117,359,11.0194986072,4979,81,0,114,6138,
876,1403715317.06,2,902,346,346,556,1.32596793142,1.10938395381,0.996076703072,346,11.2312138728,4996,80,0,114,6138,
877,1403715317.11,2,902,359,359,543,1.46986754505,1.25167733657,1.11763429642,359,10.9025069638,4996,80,0,114,6138,
878,1403715317.16,2,903,332,332,571,1.41715293824,1.21180195204,1.03506231308,332,10.7590361446,4979,81,1,114,6138,
879,1403715317.21,2,926,376,376,550,1.51571101721,1.2144709465,1.16513800621,376,11.0585106383,4895,79,0,115,6169,
880,1403715317.26,2,937,355,355,582,1.56356909951,1.37572584236,1.06607055664,355,10.814084507,4895,79,0,115,6169,
881,1403715317.31,2,916,320,320,596,1.46880269942,1.25044005616,1.14905798435,320,11.196875,4954,81,0,115,6169,
882,1403715317.36,2,932,318,318,614,1.47999411306,1.26420273622,1.11942338943,318,10.606918239,5001,81,0,114,6160,
883,1403715317.41,2,924,312,312,612,1.3858263436,1.19275093762,1.01063299179,312,10.7692307692,5001,81,1,114,6160,
884,1403715317.46,2,949,342,342,607,1.39746006092,1.16070466899,1.05197238922,342,10.8333333333,4880,80,0,115,6188,
885,1403715317.51,2,936,329,329,607,1.3695158688,1.21194159996,1.01101982594,329,10.7689969605,4880,80,0,115,6188,
886,1403715317.56,2,941,317,317,624,1.43734799023,1.23635589497,1.08765530586,317,10.7097791798,4973,81,0,115,6188,
887,1403715317.61,2,946,309,309,637,1.26029663638,0.965995230473,0.981145203114,309,10.8802588997,4879,80,0,115,6187,
888,1403715317.66,2,940,308,308,632,1.43521179313,1.22395062752,1.08152389526,308,10.9155844156,4879,80,1,115,6187,
889,1403715317.71,2,939,359,359,580,1.28971875691,0.962499362693,1.0505797863,359,10.6685236769,4919,81,0,116,6227,
890,1403715317.76,2,980,329,329,651,1.28837446797,1.00321564263,1.00840890408,329,10.726443769,4919,81,0,116,6227,
891,1403715317.81,2,978,329,329,649,1.37541524144,1.02028742394,1.10049462318,329,10.5167173252,4919,81,0,116,6227,
892,1403715317.86,2,979,315,315,664,1.32350247353,0.979343267656,1.05406939983,315,10.3873015873,4907,80,0,115,6215,
893,1403715317.91,2,987,313,313,674,1.35738690828,1.24602751517,1.03593742847,313,10.4728434505,4907,80,1,115,6215,
894,1403715317.96,2,989,346,346,643,1.29857871974,1.07231336547,1.0593495369,346,10.598265896,4966,81,0,116,6274,
895,1403715318.01,2,986,338,338,648,1.35571842432,1.15844574095,1.03841590881,338,10.3550295858,4966,81,0,116,6274,
896,1403715318.06,2,991,331,331,660,1.33337333747,1.01263726282,1.02026927471,331,10.1419939577,4966,81,0,116,6274,
897,1403715318.11,2,990,335,335,655,1.2727152203,1.01904119473,1.01854085922,335,9.81492537313,4965,81,0,116,6273,
898,1403715318.16,2,997,335,335,662,1.32044171755,1.09957758127,1.00515508652,335,10.0567164179,4965,81,0,116,6273,
899,1403715318.21,2,996,325,325,671,1.44513540752,1.19076251701,1.13575184345,325,10.2492307692,4965,81,1,116,6273,
900,1403715318.26,2,1000,368,368,632,1.38928404997,1.10016514352,1.11318230629,368,10.2880434783,4935,81,0,117,6331,
901,1403715318.31,2,1006,353,353,653,1.30935635198,0.988114113543,1.03060889244,353,9.8045325779,4873,80,0,117,6331,
902,1403715318.36,2,1003,359,359,644,1.3528065692,1.07405944259,1.03388357162,359,10.2980501393,4935,81,0,117,6331,
903,1403715318.41,2,999,365,365,634,1.25005756842,1.01011399849,0.926127433777,365,9.74794520548,4933,81,0,117,6329,
904,1403715318.46,2,1004,344,344,660,1.3341773902,1.10014543038,0.9776943326,344,10.3226744186,4933,81,1,117,6329,
905,1403715318.51,2,1001,363,363,638,1.36488486418,1.2052349299,0.998975515366,363,10.6115702479,4878,81,0,118,6336,
906,1403715318.56,2,1004,357,357,647,1.3319875393,1.11493958264,0.992969751358,357,10.0784313725,4870,80,0,118,6336,
907,1403715318.61,2,1002,324,324,678,1.4180472681,1.27313656786,1.01493394375,324,10.3456790123,4878,81,0,118,6336,
908,1403715318.66,2,1003,326,326,677,1.38449361296,1.19718550147,1.04629838467,326,10.245398773,4878,81,0,118,6336,
909,1403715318.71,2,1005,299,299,706,1.40810628478,1.27606135392,0.97350615263,299,10.7959866221,4878,81,1,118,6336,
910,1403715318.76,2,1004,336,336,668,1.37499519995,1.06466857536,1.09968984127,336,10.4553571429,4916,81,0,119,6389,
911,1403715318.81,2,1003,337,337,666,1.32215003712,1.08567170826,1.02596986294,337,10.2017804154,4916,81,0,119,6389,
912,1403715318.86,2,1003,317,317,686,1.39972264994,1.18883620905,1.0228549242,317,10.7570977918,4916,81,0,119,6389,
913,1403715318.91,2,1008,319,319,689,1.3827758707,1.18444530875,1.01536905766,319,9.98432601881,4916,81,0,119,6389,
914,1403715318.96,2,1004,322,322,682,1.39641678025,1.21791795393,1.10794758797,322,10.1956521739,4916,81,1,119,6389,
915,1403715319.01,2,1007,358,358,649,1.35549425985,1.13155319414,1.06285583973,358,10.0754189944,4928,81,0,120,6438,
916,1403715319.06,2,1004,336,336,668,1.4545099849,1.27909341057,1.07280385494,336,9.92261904762,4979,81,0,120,6438,
917,1403715319.11,2,1006,347,347,659,1.43117946223,1.33289012948,1.0013961792,347,10.1123919308,4979,81,0,120,6438,
918,1403715319.16,2,1004,342,342,662,1.38193050838,1.20179115262,1.04115772247,342,9.6081871345,4927,81,0,120,6437,
919,1403715319.21,2,1006,326,326,680,1.33169832885,1.11216420932,0.995615184307,326,9.76993865031,4876,74,1,119,6422,
920,1403715319.26,2,1009,301,301,708,1.42323912304,1.21125535507,1.10893166065,301,9.99667774086,4901,80,0,120,6465,
921,1403715319.31,2,1005,310,310,695,1.44375023796,1.15819628054,1.09414589405,310,9.32903225806,4901,80,0,120,6465,
922,1403715319.36,2,1005,285,285,720,1.45223187687,1.28172540712,1.09354615211,285,9.45614035088,4901,80,0,120,6465,
923,1403715319.41,2,1006,279,279,727,1.42714982381,1.28103294921,1.09653377533,279,9.65949820789,4703,74,0,120,6465,
924,1403715319.46,2,1007,256,256,751,1.48078664625,1.22441031093,1.27591443062,256,9.69921875,4494,70,1,120,6465,
925,1403715319.51,2,1009,326,326,683,1.46924589579,1.23163634584,1.13397347927,326,8.98466257669,4561,71,0,121,6532,
926,1403715319.56,2,1007,288,288,719,1.56515312495,1.31741423212,1.29128742218,288,8.57986111111,4482,69,0,121,6532,
927,1403715319.61,2,1006,271,271,735,1.66137232491,1.35523227596,1.29766583443,271,8.61254612546,4482,69,0,121,6532,
928,1403715319.66,2,1011,260,260,751,1.67815371139,1.31182604215,1.36474239826,260,8.41538461538,4468,68,0,120,6518,
929,1403715319.71,2,1008,245,245,763,1.82905295835,1.41034586938,1.39078080654,245,8.17142857143,4468,68,1,120,6518,
930,1403715319.76,2,1003,271,271,732,1.78164605728,1.56173729698,1.31382131577,271,8.07011070111,4503,69,0,121,6553,
931,1403715319.81,2,1004,275,275,729,1.86696384492,1.53235131424,1.36782491207,275,8.24363636364,4503,69,0,121,6553,
932,1403715319.86,2,1004,263,263,741,1.93687761586,1.56813223979,1.47667586803,263,8.39923954373,4503,69,0,121,6553,
933,1403715319.91,2,1007,280,280,727,1.66286263044,1.39481622606,1.2219337225,280,7.83928571429,4503,69,0,121,6553,
934,1403715319.96,2,1007,261,261,746,1.80859401505,1.47133824255,1.36187374592,261,7.89655172414,4100,65,1,121,6553,
935,1403715320.01,2,1008,335,335,673,1.67555068665,1.3840035038,1.22597062588,335,8.43880597015,4595,70,0,122,6645,
936,1403715320.06,2,1007,333,333,674,1.63428530298,1.29922226264,1.29707670212,333,8.12012012012,4595,70,0,122,6645,
937,1403715320.11,2,1009,330,330,679,1.61159091883,1.26598410703,1.28312373161,330,8.24242424242,4595,70,0,122,6645,
938,1403715320.16,2,1007,315,315,692,1.62622474082,1.31419109881,1.25033211708,315,8.43492063492,4595,70,0,122,6645,
939,1403715320.21,2,1009,307,307,702,1.63684843024,1.25447507878,1.2961410284,307,8.36156351792,4595,70,1,122,6645,
940,1403715320.26,2,1011,336,336,675,1.75171333152,1.23279700116,1.40241515636,336,8.72023809524,4643,71,0,123,6693,
941,1403715320.31,2,1003,310,310,693,1.64013050821,1.2515735307,1.2946485281,310,8.34193548387,4444,70,0,123,6693,
942,1403715320.36,2,1006,292,292,714,1.72464883391,1.32515648284,1.42075717449,292,8.08561643836,4210,65,0,123,6693,
943,1403715320.41,2,1006,276,276,730,1.68565192947,1.3099240761,1.27284228802,276,8.27536231884,4210,65,0,123,6693,
944,1403715320.46,2,1009,275,275,734,1.6883058409,1.32034514385,1.32531404495,275,8.09090909091,4112,63,1,123,6693,
945,1403715320.51,2,1009,326,326,683,1.65560312311,1.22914758022,1.33128666878,326,7.96012269939,4140,64,0,124,6721,
946,1403715320.56,2,1011,303,303,708,1.70695068348,1.24761090206,1.34812438488,303,8.15181518152,4195,65,0,124,6721,
947,1403715320.61,2,1008,298,298,710,1.61936750818,1.3017078226,1.19580411911,298,7.92953020134,4088,63,0,124,6719,
948,1403715320.66,2,1006,284,284,722,1.62349822976,1.27140546621,1.22633314133,284,8.06338028169,4077,62,1,124,6719,
949,1403715320.71,2,1007,302,302,705,1.66620852936,1.26792177933,1.24224293232,302,8.28145695364,4122,63,0,125,6764,
950,1403715320.76,2,1006,300,300,706,1.69276463168,1.26022754765,1.36035108566,300,7.66,4122,63,0,125,6764,
951,1403715320.81,2,1008,291,291,717,1.63141164606,1.31601745059,1.24277555943,291,7.57731958763,4177,64,0,125,6763,
952,1403715320.86,2,1009,288,288,721,1.68560302532,1.36483356941,1.24757134914,288,7.625,4177,64,1,125,6763,
953,1403715320.91,2,1008,325,325,683,1.63011384143,1.29497697487,1.24754786491,325,7.76307692308,4163,64,0,126,6805,
954,1403715320.96,2,1007,324,324,683,1.69252380078,1.27135820695,1.32605421543,324,7.42283950617,4163,64,0,126,6805,
955,1403715321.01,2,1008,335,335,673,1.50907457732,1.2167291673,1.20024430752,335,7.55820895522,4162,64,0,126,6804,
956,1403715321.06,2,1006,332,332,674,1.57223174737,1.25384540088,1.20303046703,332,7.3734939759,4162,64,0,126,6804,
957,1403715321.11,2,1009,329,329,680,1.56975241175,1.22746349216,1.1890360117,329,7.4103343465,4162,64,0,126,6804,
958,1403715321.16,2,1009,319,319,690,1.57842131903,1.31173894832,1.14467060566,319,7.71159874608,4218,65,1,126,6804,
959,1403715321.21,2,1005,379,379,626,1.51660956683,1.23064208183,1.1435393095,379,7.58047493404,4294,66,0,127,6880,
960,1403715321.26,2,1006,369,369,637,1.55986596492,1.29835530163,1.1980381012,369,7.94579945799,4305,67,0,127,6880,
961,1403715321.31,2,1007,387,387,620,1.46274174856,1.22608355633,1.14100372791,387,7.71059431525,4248,66,0,127,6879,
962,1403715321.36,2,1011,359,359,652,1.45892699507,1.18621013394,1.15838384628,359,7.52924791086,4237,65,0,127,6879,
963,1403715321.41,2,1010,366,366,644,1.49377060089,1.22502993617,1.16653394699,366,7.98907103825,4293,66,0,127,6879,
964,1403715321.46,2,1005,345,345,660,1.49671791054,1.19671613661,1.17990815639,345,8.07826086957,4304,67,1,127,6879,
965,1403715321.51,2,1005,395,395,610,1.59815765683,1.24043558002,1.22702598572,395,8.28860759494,4354,68,0,128,6929,
966,1403715321.56,2,1007,376,376,631,1.51712048782,1.27713570907,1.14538860321,376,8.07978723404,4343,67,0,128,6929,
967,1403715321.61,2,1008,397,397,611,1.50156951632,1.28983750362,1.10088300705,397,8.15617128463,4284,66,0,128,6926,
968,1403715321.66,2,1007,378,378,629,1.47344503998,1.31130327044,1.08134388924,378,8.34920634921,4284,66,0,128,6926,
969,1403715321.71,2,1004,358,358,646,1.45711614305,1.22664538114,1.09134113789,358,8.45810055866,4284,66,1,128,6926,
970,1403715321.76,2,1004,388,388,616,1.49129888622,1.20683105544,1.18488526344,388,8.57216494845,4352,68,0,129,6983,
971,1403715321.81,2,1004,358,358,646,1.6782650056,1.33299399862,1.33763575554,358,9.78212290503,4352,68,0,129,6983,
972,1403715321.86,2,1007,336,336,671,1.61319386675,1.29194513598,1.28895163536,336,10.0238095238,4408,69,0,129,6983,
973,1403715321.91,2,1007,345,345,662,1.57595841417,1.19944023857,1.21549034119,345,9.53913043478,4397,68,1,129,6983,
974,1403715321.96,2,1004,353,353,651,1.65033538139,1.20344640821,1.3876427412,353,10.2039660057,4403,69,0,130,6989,
975,1403715322.01,2,1006,331,331,675,1.56969563457,1.26195756325,1.29548835754,331,10.0060422961,4347,68,0,130,6989,
976,1403715322.06,2,1005,338,338,667,1.58103198167,1.24179636177,1.17730021477,338,9.83727810651,4347,68,0,130,6989,
977,1403715322.11,2,1005,312,312,693,1.70026087584,1.39156434347,1.32093811035,312,10.4583333333,4403,69,1,130,6989,
978,1403715322.16,2,1007,356,356,651,1.69524386716,1.33919866279,1.32157254219,356,10.2584269663,4376,69,0,131,7018,
979,1403715322.21,2,1006,346,346,660,1.78809291276,1.34856035662,1.38029766083,346,10.7630057803,4376,69,0,131,7018,
980,1403715322.26,2,1005,339,339,666,1.8415984558,1.41042576297,1.37975645065,339,10.8761061947,4376,69,0,131,7018,
981,1403715322.31,2,1006,316,316,690,1.66061184244,1.21424271709,1.36738026142,316,10.6518987342,4376,69,0,131,7018,
982,1403715322.36,2,1003,288,288,715,1.88907925914,1.3619829978,1.5967143774,288,10.6979166667,4331,68,1,131,7018,
983,1403715322.41,2,1006,311,311,695,1.7672234967,1.17237078517,1.53368985653,311,10.4694533762,4428,70,0,132,7070,
984,1403715322.46,2,1004,286,286,718,1.85583634865,1.31367281272,1.64886128902,286,11.3426573427,4383,69,0,132,7070,
985,1403715322.51,2,1002,289,289,713,1.91018603005,1.39565763001,1.49386656284,289,10.9688581315,4383,69,0,132,7070,
986,1403715322.56,2,1003,274,274,729,1.8424513267,1.47358307963,1.48318624496,274,10.5,4382,69,0,132,7069,
987,1403715322.61,2,1005,271,271,734,1.81271307925,1.35463017984,1.44509196281,271,10.8413284133,4276,66,1,132,7069,
988,1403715322.66,2,1004,288,288,716,1.67160535185,1.25943820966,1.37515592575,288,10.1284722222,4414,70,0,133,7101,
989,1403715322.71,2,1004,273,273,731,1.75108871516,1.33217594582,1.4623632431,273,10.0952380952,4308,67,0,133,7101,
990,1403715322.76,2,1004,250,250,754,1.80752402027,1.35523540383,1.42790675163,250,10.376,4308,67,0,133,7101,
991,1403715322.81,2,1007,255,255,752,1.69548188743,1.28376057095,1.39967644215,255,10.6352941176,4305,67,1,133,7098,
992,1403715322.86,2,1003,284,284,719,1.6349606993,1.33431550146,1.29063642025,284,9.85211267606,4285,67,0,134,7125,
993,1403715322.91,2,1004,279,279,725,1.67089810566,1.30727282555,1.37414491177,279,9.75627240143,4285,67,0,134,7125,
994,1403715322.96,2,1001,265,265,736,1.68125082689,1.25907755145,1.36159956455,265,9.74339622642,4285,67,0,134,7125,
995,1403715323.01,2,1006,268,268,738,1.791246025,1.34450839042,1.45157206059,268,9.88432835821,4284,67,1,134,7124,
996,1403715323.06,2,1003,302,302,701,1.66976620316,1.27072702472,1.36293125153,302,9.91059602649,4326,68,0,135,7166,
997,1403715323.11,2,1007,296,296,711,1.8208347159,1.43115792451,1.39153444767,296,9.84797297297,4326,68,0,135,7166,
998,1403715323.16,2,1005,277,277,728,1.7788196122,1.41069127063,1.37777936459,277,9.75812274368,4326,68,0,135,7166,
999,1403715323.21,2,1006,272,272,734,1.75095919248,1.2890240622,1.40054047108,272,9.9375,4326,68,1,135,7166,
1000,1403715323.26,2,998,322,322,676,1.8447134396,1.43179316117,1.49029183388,322,9.49378881988,4309,68,0,136,7237,
1001,1403715323.31,2,996,294,294,702,1.86131594827,1.38389463826,1.50772130489,294,9.24149659864,4309,68,0,136,7237,
1002,1403715323.36,2,1000,282,282,718,1.93962551819,1.43057384574,1.48264825344,282,9.29432624113,4309,68,0,136,7237,
1003,1403715323.41,2,1003,277,277,726,1.78620809186,1.33437372138,1.4180213213,277,8.89530685921,4309,68,0,136,7237,
1004,1403715323.46,2,1000,266,266,734,1.88169407587,1.39883223749,1.41435933113,266,8.51127819549,4299,67,1,135,7227,
1005,1403715323.51,2,1003,302,302,701,1.94042022388,1.32961318017,1.55545425415,302,9.13245033113,4328,68,0,136,7256,
1006,1403715323.56,2,1000,282,282,718,1.87136057125,1.35879027398,1.60843992233,282,8.59574468085,4328,68,0,136,7256,
1007,1403715323.61,2,1002,261,261,741,1.76273177436,1.33909769703,1.41819882393,261,8.82375478927,4327,68,0,136,7255,
1008,1403715323.66,2,1004,251,251,753,1.95419762753,1.34624814625,1.61573493481,251,8.91633466135,4327,68,1,136,7255,
1009,1403715323.71,2,1001,275,275,726,2.04528143065,1.45267761149,1.63108849525,275,8.46181818182,4286,68,0,137,7295,
1010,1403715323.76,2,1003,271,271,732,1.94012989206,1.40857107629,1.57845067978,271,8.52029520295,4286,68,0,137,7295,
1011,1403715323.81,2,1001,254,254,747,1.93527844572,1.31714983853,1.64301455021,254,8.55118110236,4242,67,0,137,7294,
1012,1403715323.86,2,1005,229,229,776,2.03411798101,1.43809410273,1.70848560333,229,9.2096069869,4285,68,1,137,7294,
1013,1403715323.91,2,1003,249,249,754,1.88494069283,1.31856233846,1.5353500843,249,9.51807228916,4313,69,0,138,7322,
1014,1403715323.96,2,1003,245,245,758,1.87801047576,1.40986277018,1.50443220139,245,9.3306122449,4313,69,0,138,7322,
1015,1403715324.01,2,1005,233,233,772,1.99259576547,1.50188545634,1.70132875443,233,8.96995708155,4313,69,0,138,7322,
1016,1403715324.06,2,1004,205,205,799,1.96360816865,1.45844374882,1.4342199564,205,8.78048780488,4313,69,1,138,7322,
1017,1403715324.11,2,1003,259,259,744,1.94828068543,1.47066691825,1.5877918005,259,8.3166023166,4375,70,0,139,7384,
1018,1403715324.16,2,1002,261,261,741,1.81097636034,1.44193079514,1.368227005,261,8.06130268199,4375,70,0,139,7384,
1019,1403715324.21,2,1002,251,251,751,1.84116100192,1.37190127517,1.39094030857,251,8.47410358566,4375,70,0,139,7384,
1020,1403715324.26,2,1003,259,259,744,1.81846968809,1.43118538289,1.38178408146,259,8.21621621622,4373,70,0,139,7382,
1021,1403715324.31,2,1003,266,266,737,1.77055792712,1.36303649033,1.38345515728,266,8.01879699248,4373,70,0,139,7382,
1022,1403715324.36,2,1005,265,265,740,1.70097132647,1.32486142314,1.33229720592,265,8.53962264151,4373,70,0,139,7382,
1023,1403715324.41,2,998,257,257,741,1.73043478019,1.37669542766,1.30143129826,257,8.49416342412,4373,70,0,139,7382,
1024,1403715324.46,2,997,251,251,746,1.94236739603,1.47797279046,1.46469378471,251,8.62948207171,4373,70,1,139,7382,
1025,1403715324.51,2,1009,307,307,702,1.75926032709,1.33716382447,1.30096840858,307,8.4657980456,4417,71,0,140,7426,
1026,1403715324.56,2,1003,303,303,700,1.77234068847,1.28057343427,1.43205595016,303,8.81518151815,4417,71,0,140,7426,
1027,1403715324.61,2,1003,292,292,711,1.79684931295,1.35628329881,1.41445910931,292,9.32876712329,4417,71,0,140,7426,
1028,1403715324.66,2,1004,310,310,694,1.75241010432,1.37316123526,1.35370540619,310,8.79032258065,4498,72,0,140,7426,
1029,1403715324.71,2,1003,289,289,714,1.86469036349,1.37614986584,1.52028620243,289,8.78892733564,4498,72,0,140,7426,
1030,1403715324.76,2,1004,280,280,724,1.77037585604,1.30780789414,1.37338781357,280,8.81428571429,4417,71,0,140,7426,
1031,1403715324.81,2,1004,299,299,705,1.8149013686,1.4238337921,1.44885408878,299,8.8127090301,4417,71,0,140,7426,
1032,1403715324.86,2,1006,278,278,728,1.6895159839,1.29561138782,1.30188846588,278,9.11151079137,4417,71,0,140,7426,
1033,1403715324.91,2,1006,291,291,715,1.77065629887,1.3458580767,1.46531927586,291,8.83848797251,4498,72,0,140,7426,
1034,1403715324.96,2,1005,289,289,716,1.80986783905,1.32897457377,1.49492144585,289,8.84775086505,4417,71,0,140,7426,
1035,1403715325.01,2,1006,281,281,725,1.80792879759,1.29882923751,1.47811603546,281,9.02846975089,4417,71,0,140,7426,
1036,1403715325.06,2,1006,277,277,729,1.91091464276,1.34416456318,1.57746493816,277,8.33935018051,4417,71,0,140,7426,
1037,1403715325.11,2,1005,258,258,747,1.89314454829,1.43030892254,1.48238813877,258,8.73643410853,4417,71,1,140,7426,
1038,1403715325.16,2,1002,318,318,684,1.65540989683,1.20974632096,1.39267516136,318,8.79874213836,4464,72,0,141,7473,
1039,1403715325.21,2,1001,318,318,683,1.77431645619,1.30007652002,1.46795403957,318,8.61949685535,4464,72,0,141,7473,
1040,1403715325.26,2,1005,337,337,668,1.72997003705,1.30851635931,1.3756005764,337,8.51335311573,4464,72,0,141,7473,
1041,1403715325.31,2,1006,323,323,683,1.69417835716,1.33249426092,1.29567337036,323,8.39628482972,4545,73,0,141,7473,
1042,1403715325.36,2,1004,338,338,666,1.6186831959,1.29158217329,1.27699124813,338,8.45857988166,4545,73,0,141,7473,
1043,1403715325.41,2,1005,317,317,688,1.7028697006,1.24277557841,1.42402088642,317,8.89589905363,4545,73,0,141,7473,
1044,1403715325.46,2,1005,317,317,688,1.81928362794,1.46318604066,1.40116655827,317,9.06624605678,4545,73,0,141,7473,
1045,1403715325.51,2,1002,312,312,690,1.77128478866,1.38042720208,1.29790472984,312,8.79166666667,4545,73,0,141,7473,
1046,1403715325.56,2,1004,311,311,693,1.71976349678,1.26325246042,1.42530822754,311,9.13183279743,4545,73,0,141,7473,
1047,1403715325.61,2,1005,301,301,704,1.73281008782,1.37316034087,1.31523787975,301,9.41196013289,4545,73,0,141,7473,
1048,1403715325.66,2,1006,307,307,699,1.67870832027,1.26407387038,1.3134778738,307,9.65798045603,4545,73,0,141,7473,
1049,1403715325.71,2,1002,301,301,701,1.6407626975,1.20654864405,1.36866223812,301,9.80066445183,4545,73,0,141,7473,
1050,1403715325.76,2,1006,329,329,677,1.62118914304,1.26977381557,1.27538251877,329,9.65653495441,4545,73,0,141,7473,
1051,1403715325.81,2,1007,312,312,695,1.70439219064,1.36051373727,1.27414953709,312,9.6858974359,4545,73,0,141,7473,
1052,1403715325.86,2,1003,325,325,678,1.64747089464,1.32040306366,1.24976730347,325,9.77538461538,4545,73,0,141,7473,
1053,1403715325.91,2,1007,318,318,689,1.70259784963,1.28085119598,1.36522614956,318,9.59433962264,4545,73,0,141,7473,
1054,1403715325.96,2,1006,318,318,688,1.61978208596,1.1705100366,1.38257718086,318,9.75157232704,4545,73,0,141,7473,
1055,1403715326.01,2,1006,326,326,680,1.61696789096,1.22123923692,1.30261385441,326,9.71472392638,4545,73,0,141,7473,
1056,1403715326.06,2,1009,291,291,718,1.6168755688,1.30312262826,1.3004796505,291,9.9381443299,4545,73,1,141,7473,
1057,1403715326.11,2,1003,360,360,643,1.54430665037,1.1932900983,1.21838438511,360,9.70833333333,4588,74,0,142,7516,
1058,1403715326.16,2,1006,344,344,662,1.60160970691,1.19875268888,1.32121944427,344,9.81104651163,4588,74,0,142,7516,
1059,1403715326.21,2,1008,318,318,690,1.63290680653,1.20797210978,1.29038131237,318,9.60062893082,4507,73,0,142,7516,
1060,1403715326.26,2,1002,339,339,663,1.55966850051,1.25732764911,1.24087047577,339,9.63421828909,4588,74,0,142,7516,
1061,1403715326.31,2,1006,326,326,680,1.63344816372,1.29057322549,1.29249370098,326,9.74233128834,4464,72,1,142,7516,
1062,1403715326.36,2,1002,376,376,626,1.62643400278,1.32249830228,1.25181400776,376,9.60372340426,4536,74,0,143,7545,
1063,1403715326.41,2,1007,344,344,663,1.65012524146,1.31683651949,1.23970556259,344,9.57848837209,4536,74,0,143,7545,
1064,1403715326.46,2,1004,317,317,687,1.71625278096,1.32759906979,1.28102493286,317,9.64668769716,4536,74,0,143,7545,
1065,1403715326.51,2,1005,337,337,668,1.58057970495,1.30891572395,1.18556272984,337,9.55786350148,4536,74,0,143,7545,
1066,1403715326.56,2,1005,320,320,685,1.65253703878,1.29924443851,1.26321363449,320,9.525,4536,74,1,143,7545,
1067,1403715326.61,2,1004,384,384,620,1.61224249653,1.29496448601,1.27449858189,384,9.26041666667,4599,75,0,144,7608,
1068,1403715326.66,2,1007,376,376,631,1.62284289114,1.27293819173,1.28231406212,376,9.42287234043,4599,75,0,144,7608,
1069,1403715326.71,2,1003,357,357,646,1.73355386874,1.38470413927,1.31884205341,357,9.59663865546,4599,75,0,144,7608,
1070,1403715326.76,2,1008,346,346,662,1.59543906045,1.36769592414,1.14480376244,346,9.32658959538,4598,75,0,144,7607,
1071,1403715326.81,2,1004,341,341,663,1.58772722754,1.22520443224,1.22267520428,341,9.69208211144,4598,75,1,144,7607,
1072,1403715326.86,2,1002,390,390,612,1.5952221607,1.32103202457,1.18159592152,390,9.56666666667,4646,76,0,145,7655,
1073,1403715326.91,2,1002,369,369,633,1.61599641029,1.25815453249,1.24236261845,369,10.0894308943,4646,76,0,145,7655,
1074,1403715326.96,2,1003,364,364,639,1.55962172314,1.25388891127,1.19884455204,364,10.0576923077,4646,76,0,145,7655,
1075,1403715327.01,2,1001,348,349,653,1.63909292039,1.38540382716,1.23203539848,348,9.87931034483,4644,76,0,144,7634,
1076,1403715327.06,2,1003,336,336,667,1.54560512386,1.31141416508,1.18350577354,336,9.96726190476,4623,75,1,144,7634,
1077,1403715327.11,2,1003,378,378,625,1.58864455803,1.25893835054,1.18261289597,378,10.2698412698,4639,76,0,145,7650,
1078,1403715327.16,2,1004,379,379,625,1.6601241082,1.3689841562,1.30229687691,379,10.3535620053,4639,76,0,145,7650,
1079,1403715327.21,2,1003,370,370,633,1.64050864009,1.19032731861,1.33940160275,370,10.3675675676,4639,76,0,145,7650,
1080,1403715327.26,2,1004,367,367,637,1.57851138404,1.33544805687,1.1329293251,367,10.1580381471,4639,76,0,145,7650,
1081,1403715327.31,2,1001,345,345,656,1.59347407457,1.23160057918,1.24750614166,345,10.1826086957,4728,77,1,145,7650,
1082,1403715327.36,2,1001,372,372,629,1.6158211212,1.31607414361,1.20791983604,372,10.6424731183,4769,78,0,146,7691,
1083,1403715327.41,2,1002,368,368,634,1.71747001032,1.44739643531,1.28096687794,368,10.4375,4769,78,0,146,7691,
1084,1403715327.46,2,1001,352,352,649,1.61546144313,1.33721063606,1.26451838017,352,10.4261363636,4680,77,0,146,7691,
1085,1403715327.51,2,1004,361,361,643,1.57402883215,1.33189799821,1.16962134838,361,10.5817174515,4678,77,0,146,7689,
1086,1403715327.56,2,1002,351,351,651,1.64680757729,1.37201242973,1.28537273407,351,10.8547008547,4678,77,1,146,7689,
1087,1403715327.61,2,1004,396,396,608,1.59840285951,1.36440534113,1.18673968315,396,10.7575757576,4818,79,0,147,7748,
1088,1403715327.66,2,1003,391,391,612,1.62308292893,1.4158075852,1.19999885559,391,10.6112531969,4737,78,0,147,7748,
1089,1403715327.71,2,1005,370,370,635,1.66981227029,1.44665156684,1.21807992458,370,10.8297297297,4737,78,0,147,7748,
1090,1403715327.76,2,1004,378,378,626,1.71268936412,1.39121897476,1.30816054344,378,10.5714285714,4737,78,0,147,7748,
1091,1403715327.81,2,1004,351,351,653,1.77339157851,1.44679577844,1.35067820549,351,10.8803418803,4737,78,1,147,7748,
1092,1403715327.86,2,1002,404,404,598,1.68032254885,1.35595567203,1.30821704865,404,10.5148514851,4949,81,0,148,7790,
1093,1403715327.91,2,1006,374,374,632,1.63914404323,1.39954078741,1.23404204845,374,11.0614973262,4868,80,0,148,7790,
1094,1403715327.96,2,1004,359,359,645,1.76050628101,1.3917763524,1.38032352924,359,11.2005571031,4868,80,0,148,7790,
1095,1403715328.01,2,1003,364,364,639,1.6404885968,1.45403488261,1.237829566,364,10.9423076923,4949,81,0,148,7790,
1096,1403715328.06,2,1002,350,350,652,1.60223224989,1.27766230954,1.24620425701,350,11.1114285714,4857,79,1,147,7779,
1097,1403715328.11,2,1002,392,392,610,1.59174156702,1.30544573864,1.20310652256,392,11.2780612245,4959,81,0,148,7800,
1098,1403715328.16,2,1006,400,400,606,1.70892261436,1.4806451259,1.21743869781,400,11.155,4959,81,0,148,7800,
1099,1403715328.21,2,1000,388,388,612,1.73905616037,1.33429986356,1.38697934151,388,11.1520618557,4959,81,0,148,7800,
1100,1403715328.26,2,1006,383,383,623,1.56365604278,1.26773908904,1.18353629112,383,11.6240208877,4956,81,0,148,7797,
1101,1403715328.31,2,1006,382,382,624,1.64048502525,1.29319446011,1.32863414288,382,10.780104712,4859,79,0,147,7781,
1102,1403715328.36,2,1004,382,382,622,1.84026822515,1.50279748958,1.41611802578,382,10.9476439791,4940,80,0,147,7781,
1103,1403715328.41,2,1001,339,339,662,1.60697576208,1.26075028062,1.27700507641,339,10.7522123894,4940,80,1,147,7781,
1104,1403715328.46,2,1002,384,384,618,1.66180110696,1.29477991024,1.31347239017,384,11.3958333333,4770,79,0,148,7781,
1105,1403715328.51,2,1001,375,375,626,1.71969333673,1.33003067541,1.34347808361,375,11.024,4770,79,0,148,7781,
1106,1403715328.56,2,1000,353,353,647,1.66529786017,1.32194312061,1.29829573631,353,11.4759206799,4770,79,0,148,7781,
1107,1403715328.61,2,1004,338,338,666,1.72423756853,1.35900272042,1.30114197731,338,11.8224852071,4770,79,0,148,7781,
1108,1403715328.66,2,1003,349,349,654,1.68235961931,1.36256456427,1.25232553482,349,11.3180515759,4767,79,0,148,7778,
1109,1403715328.71,2,1001,353,353,648,1.68916138918,1.32874306778,1.33516275883,353,11.6657223796,4767,79,1,148,7778,
1110,1403715328.76,2,1001,376,376,625,1.59603532439,1.3235766603,1.25224804878,376,11.3643617021,4810,80,0,149,7821,
1111,1403715328.81,2,1005,395,395,610,1.68176219184,1.30984995321,1.26150643826,395,11.5974683544,4810,80,0,149,7821,
1112,1403715328.86,2,1001,391,391,610,1.69894253451,1.3539620993,1.32926237583,391,11.7340153453,4891,81,0,149,7821,
1113,1403715328.91,2,1005,392,392,613,1.66966634628,1.35036517058,1.28260028362,392,11.6479591837,4809,80,0,149,7820,
1114,1403715328.96,2,1001,375,375,626,1.62551334046,1.24424871027,1.32073605061,375,11.944,4890,81,1,149,7820,
1115,1403715329.01,2,1004,415,415,589,1.55848279725,1.2199397416,1.20699512959,415,12.9277108434,4868,81,0,150,7840,
1116,1403715329.06,2,1003,405,405,598,1.82248583335,1.37512711488,1.49010312557,405,12.6049382716,4868,81,0,150,7840,
1117,1403715329.11,2,1002,367,367,635,1.80027973431,1.33893956796,1.4825489521,367,12.7547683924,4868,81,0,150,7840,
1118,1403715329.16,2,1006,369,369,637,1.79887431337,1.39987712262,1.42741775513,369,13.945799458,4868,81,0,150,7840,
1119,1403715329.21,2,1007,374,374,633,1.73069833281,1.23577129933,1.44753241539,374,14.1176470588,4827,81,0,150,7838,
1120,1403715329.26,2,1003,371,371,632,1.73080828331,1.29965223335,1.37361967564,371,14.3450134771,4827,81,1,150,7838,
1121,1403715329.31,2,1006,387,387,619,1.63441195888,1.39012709534,1.29285144806,387,14.5994832041,4751,81,0,151,7849,
1122,1403715329.36,2,1007,393,393,614,1.7020462117,1.35824711952,1.27377557755,393,14.7811704835,5015,85,0,151,7849,
1123,1403715329.41,2,1003,390,390,613,1.72815840911,1.49149051212,1.24130272865,390,14.6025641026,4969,84,0,151,7849,
1124,1403715329.46,2,1008,384,384,624,1.6013074566,1.26388222658,1.20494258404,384,14.140625,5015,85,0,151,7849,
1125,1403715329.51,2,1006,382,382,624,1.65217901361,1.33349288327,1.22828626633,382,14.6361256545,5013,85,0,151,7847,
1126,1403715329.56,2,1007,386,386,621,1.6646388671,1.25465613013,1.36492776871,386,14.5051813472,5013,85,1,151,7847,
1127,1403715329.61,2,1006,423,423,583,1.5658844028,1.35753328269,1.11857461929,423,15.2269503546,5023,86,0,152,7857,
1128,1403715329.66,2,1004,418,418,586,1.59970271299,1.35811499624,1.19301378727,418,14.6531100478,5023,86,0,152,7857,
1129,1403715329.71,2,1006,416,416,590,1.63254519784,1.3590802133,1.28851461411,416,14.2163461538,5023,86,0,152,7857,
1130,1403715329.76,2,1004,420,420,584,1.61616450077,1.31207001169,1.18091523647,420,14.630952381,5108,87,0,152,7857,
1131,1403715329.81,2,1006,430,430,576,1.61907088595,1.36256866116,1.17475509644,430,14.6790697674,5071,87,0,152,7857,
1132,1403715329.86,2,1008,435,435,573,1.63427415267,1.36586902536,1.21452414989,435,14.583908046,5071,87,0,152,7857,
1133,1403715329.91,2,1008,440,440,568,1.52524105807,1.2192443116,1.1149200201,440,14.3545454545,5071,87,0,152,7857,
1134,1403715329.96,2,1007,429,429,578,1.56363587184,1.25555434549,1.17978239059,429,14.1538461538,5071,87,0,152,7857,
1135,1403715330.01,2,1007,404,404,603,1.57495150471,1.32121253314,1.19447469711,404,14.6014851485,5156,88,1,152,7857,
1136,1403715330.06,2,1005,464,464,541,1.54661681884,1.14240987973,1.25113618374,464,14.5581896552,5036,87,0,153,7868,
1137,1403715330.11,2,1007,449,449,558,1.61821932061,1.32936580384,1.22385573387,449,14.7349665924,5122,88,0,153,7868,
1138,1403715330.16,2,1005,437,437,568,1.63666117507,1.33817636718,1.25331926346,437,15.2631578947,5223,90,0,153,7868,
1139,1403715330.21,2,1003,399,399,604,1.68680640494,1.46930830807,1.20225667953,399,15.0877192982,5223,90,0,153,7868,
1140,1403715330.26,2,1000,418,418,582,1.63521854609,1.37798119456,1.27835595608,418,14.9162679426,5223,90,0,153,7868,
1141,1403715330.31,2,1007,402,402,605,1.54588447245,1.22711847227,1.21328985691,402,14.3731343284,5222,90,0,153,7867,
1142,1403715330.36,2,1004,395,395,609,1.59771246866,1.3748574694,1.17749595642,395,15.1696202532,5247,91,1,153,7867,
1143,1403715330.41,2,1007,441,441,566,1.53174481929,1.32730160956,1.14580690861,441,15.0816326531,5226,91,0,154,7902,
1144,1403715330.46,2,1004,439,439,565,1.43920392048,1.1452672417,1.15667510033,439,14.9726651481,5201,90,0,154,7902,
1145,1403715330.51,2,1004,428,428,576,1.5467299248,1.21475292565,1.22638833523,428,14.6752336449,5201,90,0,154,7902,
1146,1403715330.56,2,1005,440,440,565,1.57999931712,1.2328173495,1.28570973873,440,14.7613636364,5226,91,0,154,7902,
1147,1403715330.61,2,1003,441,441,562,1.52415491241,1.22672619445,1.1705237627,441,14.9727891156,5226,91,0,154,7902,
1148,1403715330.66,2,1004,436,436,568,1.48674439543,1.24299325323,1.14558887482,436,15.1353211009,5201,90,0,154,7902,
1149,1403715330.71,2,1007,460,460,547,1.59696478829,1.30627402178,1.18813180923,460,15.1086956522,5201,90,0,154,7902,
1150,1403715330.76,2,1006,462,462,544,1.50866599681,1.26017032765,1.20190513134,462,14.5367965368,5257,91,0,154,7902,
1151,1403715330.81,2,1008,455,455,553,1.51601765323,1.3559626256,1.10367882252,455,14.0549450549,5201,90,0,154,7902,
1152,1403715330.86,2,1006,467,467,539,1.52373314387,1.36240323885,1.06078398228,467,14.9250535332,5282,92,0,154,7902,
1153,1403715330.91,2,1006,461,461,545,1.56278532729,1.35915556455,1.16375696659,461,14.7917570499,5226,91,0,154,7902,
1154,1403715330.96,2,1007,464,464,543,1.46914628751,1.24630112341,1.06082046032,464,14.9956896552,5282,92,0,154,7902,
1155,1403715331.01,2,1006,458,458,548,1.46327067433,1.18175680808,1.09666240215,458,15.0327510917,5634,94,1,154,7902,
1156,1403715331.06,2,1001,472,472,529,1.46966442299,1.1477846145,1.1388092041,472,16.5572033898,5726,97,0,155,7891,
1157,1403715331.11,2,1007,462,462,545,1.47924027478,1.17771488275,1.15252482891,462,16.3398268398,5581,95,0,155,7891,
1158,1403715331.16,2,1008,477,477,531,1.45029051408,1.19682313003,1.11782729626,477,16.7106918239,5828,100,0,155,7891,
1159,1403715331.21,2,1006,473,473,533,1.48498571099,1.17925842672,1.12423861027,473,16.7568710359,5862,102,0,155,7891,
1160,1403715331.26,2,1007,437,437,570,1.45036943215,1.20613002867,1.10958755016,437,17.176201373,6045,105,0,155,7891,
1161,1403715331.31,2,1007,431,431,576,1.50339718868,1.15604203445,1.17913472652,431,16.7819025522,6024,104,0,155,7891,
1162,1403715331.36,2,1004,455,455,549,1.44717639977,1.17585551277,1.14339017868,455,16.5340659341,5995,103,0,155,7889,
1163,1403715331.41,2,1007,435,435,572,1.4375052832,1.23943018653,1.05943393707,435,17.0114942529,6076,104,0,155,7889,
1164,1403715331.46,2,1007,448,448,559,1.49588688894,1.20289892769,1.13673055172,448,16.5602678571,6022,104,1,155,7889,
1165,1403715331.51,2,1010,464,464,546,1.48098482633,1.1755882214,1.13025081158,464,17.213362069,6104,106,0,156,7894,
1166,1403715331.56,2,1008,447,447,561,1.44998147404,1.22939352441,1.09227228165,447,17.4675615213,6084,105,0,156,7894,
1167,1403715331.61,2,1003,438,438,565,1.43391426557,1.18963174062,1.12694764137,438,17.6894977169,6050,104,0,156,7894,
1168,1403715331.66,2,1008,433,433,575,1.46121674385,1.24564605137,1.07430410385,433,18.2055427252,6151,108,0,156,7894,
1169,1403715331.71,2,1005,435,435,570,1.5567907879,1.3380215452,1.17840313911,435,17.4137931034,6049,110,0,156,7894,
1170,1403715331.76,2,1007,409,409,598,1.52308823532,1.29692309442,1.18775498867,409,18.3618581907,6219,114,0,156,7894,
1171,1403715331.81,2,1006,411,411,595,1.41969437738,1.2432577258,1.04921758175,411,18.0802919708,6049,110,0,156,7894,
1172,1403715331.86,2,1008,399,399,609,1.43863166935,1.25145781025,1.0704458952,399,17.7694235589,6123,109,1,154,7867,
1173,1403715331.91,2,1005,430,430,575,1.5041066026,1.27519549132,1.13937461376,430,17.6069767442,6013,103,0,155,7878,
1174,1403715331.96,2,1003,439,439,564,1.53038649724,1.35906170003,1.0995092392,439,17.2665148064,6013,103,0,155,7878,
1175,1403715332.01,2,1008,429,429,579,1.43809929407,1.27150344995,1.09088742733,429,18.4312354312,6063,105,0,155,7878,
1176,1403715332.06,2,1007,435,435,572,1.45917711222,1.29869469396,1.02525115013,435,18.091954023,6057,104,0,155,7878,
1177,1403715332.11,2,1002,421,421,581,1.4471658594,1.24262472568,1.05359351635,421,18.2992874109,6057,104,0,155,7878,
1178,1403715332.16,2,1009,405,405,604,1.51119648178,1.32282524095,1.1390542984,405,17.9333333333,6063,105,0,155,7878,
1179,1403715332.21,2,1005,419,419,586,1.42110024084,1.24174199942,1.0584821701,419,17.3293556086,6063,105,0,154,7860,
1180,1403715332.26,2,1001,435,435,566,1.49501329926,1.29833265498,1.0849673748,435,17.0988505747,6078,105,1,154,7860,
1181,1403715332.31,2,1008,452,452,556,1.49514041351,1.27324058849,1.09037733078,452,17.3230088496,6164,108,0,155,7882,
1182,1403715332.36,2,1006,434,434,572,1.43137028737,1.14745976052,1.08716988564,434,17.3456221198,6107,106,0,155,7882,
1183,1403715332.41,2,1004,425,425,579,1.47268763564,1.14272696567,1.1783798933,425,16.9670588235,6004,102,0,155,7882,
1184,1403715332.46,2,1005,432,432,573,1.5493510257,1.3396392427,1.11867249012,432,17.0300925926,6100,106,0,155,7882,
1185,1403715332.51,2,1007,417,417,590,1.50080295341,1.24123661088,1.12169086933,417,17.2901678657,6107,106,0,155,7882,
1186,1403715332.56,2,1008,414,414,594,1.5276164706,1.22865647878,1.16924595833,414,17.6811594203,6152,108,0,155,7882,
1187,1403715332.61,2,1003,408,408,595,1.48244751164,1.29503710265,1.09447860718,408,17.9730392157,6150,108,0,155,7880,
1188,1403715332.66,2,1008,414,414,594,1.50939303304,1.31973142794,1.06531655788,414,17.152173913,6065,105,1,155,7880,
1189,1403715332.71,2,1004,440,440,564,1.43762208074,1.16051499357,1.10834991932,440,17.9181818182,6120,107,0,156,7904,
1190,1403715332.76,2,1003,435,435,568,1.55121076763,1.28096220419,1.18250000477,435,17.2091954023,6139,108,0,156,7904,
1191,1403715332.81,2,1003,413,413,590,1.49296232519,1.2375021347,1.1262948513,413,17.6343825666,5971,102,0,156,7904,
1192,1403715332.86,2,1009,432,432,577,1.51965005256,1.30854364121,1.10297691822,432,16.9490740741,6026,103,0,156,7904,
1193,1403715332.91,2,1008,393,393,615,1.59958436197,1.30391624858,1.20848953724,393,17.8396946565,5973,101,0,156,7904,
1194,1403715332.96,2,1005,394,394,611,1.52169027183,1.1787692856,1.20316290855,394,17.385786802,6060,104,0,156,7904,
1195,1403715333.01,2,1004,386,386,618,1.52100747236,1.2152710382,1.165817976,386,17.3911917098,5975,102,0,156,7903,
1196,1403715333.06,2,1006,373,373,633,1.50193946948,1.19262428541,1.14585483074,373,18.2064343164,5826,100,1,156,7903,
1197,1403715333.11,2,1008,364,364,644,1.51725704979,1.25272347978,1.16256189346,364,18.8791208791,5825,102,0,157,7893,
1198,1403715333.16,2,1008,352,352,656,1.47135862747,1.21619815031,1.15503132343,352,18.9232954545,5825,102,0,157,7893,
1199,1403715333.21,2,1004,336,336,668,1.47866989178,1.22367950692,1.08826649189,336,18.7261904762,5977,103,0,157,7893,
1200,1403715333.26,2,1005,349,349,656,1.55821510086,1.33598849473,1.10548913479,349,18.6303724928,5825,102,0,157,7893,
1201,1403715333.31,2,1004,341,341,663,1.52343224953,1.28454586059,1.12309777737,341,18.8387096774,5825,102,0,157,7893,
1202,1403715333.36,2,1005,351,351,654,1.47407425078,1.22444878229,1.111348629,351,18.943019943,5816,101,0,157,7893,
1203,1403715333.41,2,1003,371,371,632,1.40996367612,1.27707428559,1.02743065357,371,18.5876010782,5814,101,0,157,7891,
1204,1403715333.46,2,1003,357,357,646,1.43898519039,1.20529983041,1.09026253223,357,19.8655462185,5814,101,1,157,7891,
1205,1403715333.51,2,1003,389,389,614,1.47283801035,1.22999489489,1.14802289009,389,18.9383033419,5445,99,0,158,7912,
1206,1403715333.56,2,1005,385,385,620,1.40019852785,1.04661674804,1.09886825085,385,18.5116883117,5762,101,0,158,7912,
1207,1403715333.61,2,1010,380,380,630,1.46855422011,1.14211464807,1.14384901524,380,18.2657894737,5406,99,0,158,7912,
1208,1403715333.66,2,1008,362,362,646,1.48511747055,1.17993333917,1.16597867012,362,19.1160220994,5406,99,0,158,7912,
1209,1403715333.71,2,1004,358,358,646,1.48035867228,1.15847487978,1.13574934006,358,18.8379888268,5806,101,0,158,7912,
1210,1403715333.76,2,1003,351,351,652,1.52699443267,1.23873792669,1.10026812553,351,18.8404558405,5806,101,0,158,7912,
1211,1403715333.81,2,1006,337,337,669,1.50197853417,1.2494329629,1.14717125893,337,19.2314540059,5804,101,0,158,7910,
1212,1403715333.86,2,1003,347,347,656,1.50714793536,1.21406960295,1.12877893448,347,17.9596541787,5829,102,0,157,7897,
1213,1403715333.91,2,1009,330,330,679,1.43892409411,1.1089435235,1.13493263721,330,18.9575757576,5791,100,1,157,7897,
1214,1403715333.96,2,1006,334,334,672,1.57688040371,1.22354933637,1.26192390919,334,19.6347305389,5830,102,0,158,7907,
1215,1403715334.01,2,1008,333,333,675,1.48737413839,1.23392638661,1.18967545033,333,19.6666666667,5801,101,0,158,7907,
1216,1403715334.06,2,1002,349,349,653,1.42355898516,1.13199676221,1.12346172333,349,20.0229226361,5377,98,0,158,7907,
1217,1403715334.11,2,1009,341,341,668,1.50364447636,1.22686084579,1.19238436222,341,20.1730205279,5449,100,0,158,7907,
1218,1403715334.16,2,1007,346,346,661,1.51280714106,1.14428692507,1.12738394737,346,19.9884393064,5952,110,0,158,7907,
1219,1403715334.21,2,1009,342,342,667,1.53625075565,1.19202465303,1.20300447941,342,20.2953216374,5449,100,0,158,7907,
1220,1403715334.26,2,1007,345,345,662,1.51311462818,1.22867680995,1.16539299488,345,19.6260869565,5808,107,0,158,7905,
1221,1403715334.31,2,1003,341,341,662,1.46626222753,1.17720754065,1.14530658722,341,19.2463343109,5936,109,1,157,7892,
1222,1403715334.36,2,1006,374,374,632,1.52561783165,1.3022771488,1.11796212196,374,19.3609625668,6021,109,0,158,7908,
1223,1403715334.41,2,1007,370,370,637,1.51196851006,1.2045873651,1.15653610229,370,19.2972972973,5947,107,0,158,7908,
1224,1403715334.46,2,1005,367,367,638,1.55705951908,1.30571811881,1.17573654652,367,18.8746594005,6101,111,0,158,7908,
1225,1403715334.51,2,1001,337,337,664,1.53833277811,1.2133005112,1.23417913914,337,19.9169139466,5952,110,0,158,7908,
1226,1403715334.56,2,1007,345,345,662,1.52118446367,1.26174843269,1.19243502617,345,20.2,5952,110,0,158,7908,
1227,1403715334.61,2,1007,343,343,664,1.56415841826,1.24956528814,1.16834867001,343,20.2886297376,5828,108,0,158,7907,
1228,1403715334.66,2,1006,328,328,678,1.49477030555,1.24062428956,1.11036324501,328,19.7926829268,5720,105,0,156,7881,
1229,1403715334.71,2,1004,339,339,665,1.54705636297,1.25387374739,1.15537452698,339,18.8377581121,5926,108,1,156,7881,
1230,1403715334.76,2,1002,350,350,652,1.4131359889,1.08007434681,1.11554229259,350,18.74,5974,109,0,157,7929,
1231,1403715334.81,2,1005,359,359,646,1.47750338398,1.15531378719,1.15199041367,359,18.1922005571,5974,109,0,157,7929,
1232,1403715334.86,2,1005,334,334,671,1.47311861,1.1504259173,1.10992848873,334,18.8922155689,5915,108,0,157,7929,
1233,1403715334.91,2,1005,330,330,675,1.51254808923,1.18014676185,1.17459738255,330,18.2181818182,5852,101,0,157,7929,
1234,1403715334.96,2,1005,293,293,712,1.42654243455,1.13907989971,1.11198544502,293,19.2832764505,5852,101,0,157,7929,
1235,1403715335.01,2,1007,303,303,704,1.45775941971,1.07465040219,1.21528792381,303,18.1320132013,5823,100,0,157,7929,
1236,1403715335.06,2,1005,295,295,710,1.50998385881,1.21571962663,1.178414464,295,18.0745762712,5378,96,0,157,7929,
1237,1403715335.11,2,1006,296,296,710,1.50252657833,1.22966066963,1.17326712608,296,18.3918918919,5423,98,1,157,7929,
1238,1403715335.16,2,1003,326,326,677,1.47942152337,1.22527977229,1.18925631046,326,17.9233128834,5400,97,0,158,7951,
1239,1403715335.21,2,1005,334,334,671,1.48455897522,1.22502386554,1.2094591856,334,17.4461077844,5400,97,0,158,7951,
1240,1403715335.26,2,1007,305,305,702,1.4880676026,1.29582331461,1.15791213512,305,18.7508196721,5400,97,0,158,7951,
1241,1403715335.31,2,1004,311,311,693,1.5450580697,1.22553723686,1.19314837456,311,18.1993569132,5400,97,0,158,7951,
1242,1403715335.36,2,1007,314,314,693,1.55421398102,1.29438414118,1.20945525169,314,18.1687898089,5400,97,0,158,7951,
1243,1403715335.41,2,1007,308,308,699,1.46477468184,1.2193785142,1.19082474709,308,18.1298701299,5398,97,0,158,7949,
1244,1403715335.46,2,1005,308,308,697,1.44979210146,1.17645431884,1.1338082552,308,16.8701298701,5398,97,1,158,7949,
1245,1403715335.51,2,1007,379,379,628,1.42792134131,1.17707025773,1.13066291809,379,16.4485488127,5482,99,0,159,7997,
1246,1403715335.56,2,1006,353,353,653,1.48741861999,1.16528187062,1.17274534702,353,15.7648725212,5446,98,0,159,7997,
1247,1403715335.61,2,1005,352,352,653,1.44042817903,1.14851968041,1.10956287384,352,15.5909090909,5446,98,0,159,7997,
1248,1403715335.66,2,1009,325,325,684,1.37553004526,1.0754553817,1.08460938931,325,16.4307692308,5736,106,0,159,7997,
1249,1403715335.71,2,1007,321,321,686,1.39849127651,1.0971568937,1.05135011673,321,16.2585669782,5736,106,0,159,7997,
1250,1403715335.76,2,1006,300,300,706,1.45656192696,1.16928643325,1.1212028265,300,17.1633333333,5418,98,0,159,7997,
1251,1403715335.81,2,1005,299,299,706,1.47401585226,1.08192283372,1.19535005093,299,17.0969899666,5381,97,0,159,7996,
1252,1403715335.86,2,1006,305,305,701,1.46417600907,1.22310689732,1.12374424934,305,17.4721311475,5426,99,1,159,7996,
1253,1403715335.91,2,1008,323,323,685,1.47557724715,1.13307338928,1.17445790768,323,16.2693498452,5458,100,0,160,8028,
1254,1403715335.96,2,1004,310,310,694,1.51596457631,1.26801484131,1.22344076633,310,16.1612903226,5413,98,0,160,8028,
1255,1403715336.01,2,1008,311,311,697,1.45679524742,1.19191802423,1.07772672176,311,16.5048231511,5477,99,0,160,8028,
1256,1403715336.06,2,1006,299,299,707,1.62988481007,1.37948689422,1.26452326775,299,16.4448160535,5570,102,0,160,8028,
1257,1403715336.11,2,1007,278,278,729,1.66004809547,1.3577838867,1.26239705086,278,16.9784172662,5477,99,0,160,8028,
1258,1403715336.16,2,1003,292,292,711,1.50790920052,1.21200428684,1.19187283516,292,16.4452054795,5477,99,0,160,8028,
1259,1403715336.21,2,1001,288,288,713,1.57171566929,1.33335350412,1.20802998543,288,15.7326388889,5557,101,0,159,8015,
1260,1403715336.26,2,1007,261,261,746,1.55983364756,1.25107501967,1.21166443825,261,16.2068965517,5557,101,1,159,8015,
1261,1403715336.31,2,1008,295,295,713,1.53045853189,1.20320942383,1.25349664688,295,15.006779661,5558,102,0,160,8016,
1262,1403715336.36,2,1003,300,300,703,1.60129911209,1.17076881926,1.25452852249,300,16.0766666667,5558,102,0,160,8016,
1263,1403715336.41,2,1003,291,291,712,1.65708100706,1.4598299123,1.25224506855,291,16.2783505155,5558,102,0,160,8016,
1264,1403715336.46,2,1006,278,278,728,1.5668688684,1.32950410471,1.11778533459,278,15.8884892086,5754,105,0,160,8016,
1265,1403715336.51,2,1002,265,265,737,1.54414171464,1.25356270428,1.21039485931,265,16.1471698113,5754,105,0,160,8016,
1266,1403715336.56,2,1005,264,264,741,1.6776058432,1.30385003612,1.36422586441,264,16.053030303,5754,105,0,160,8016,
1267,1403715336.61,2,1008,258,258,750,1.54203414553,1.11306433323,1.2249121666,258,15.7131782946,5501,100,0,160,8016,
1268,1403715336.66,2,1007,266,266,741,1.66899657429,1.24646962959,1.37666666508,266,15.1541353383,5510,101,0,160,8016,
1269,1403715336.71,2,1006,248,248,758,1.66581183239,1.29679338839,1.33451628685,248,15.4637096774,5919,109,1,160,8016,
1270,1403715336.76,2,1004,307,307,697,1.40283898546,1.09710927576,1.19960999489,307,14.4853420195,5566,102,0,161,8072,
1271,1403715336.81,2,1005,286,286,719,1.53906466523,1.23132582842,1.19015574455,286,14.2307692308,5566,102,0,161,8072,
1272,1403715336.86,2,1005,285,285,720,1.56083711658,1.32090380947,1.21998381615,285,13.9087719298,5521,100,0,161,8072,
1273,1403715336.91,2,1002,294,294,708,1.69728150814,1.37965373621,1.25310492516,294,13.4897959184,5496,99,0,161,8072,
1274,1403715336.96,2,1006,253,253,753,1.70670345387,1.39761694602,1.23264694214,253,13.4861660079,5521,100,0,161,8072,
1275,1403715337.01,2,1006,256,256,750,1.53599633876,1.32187826277,1.07973349094,256,13.23828125,5520,100,0,161,8071,
1276,1403715337.06,2,1007,242,242,765,1.38361057444,1.087880175,1.08446121216,242,13.2727272727,5557,101,0,160,8063,
1277,1403715337.11,2,1008,245,245,763,1.48560049967,1.2044434731,1.16655051708,245,13.3387755102,5557,101,1,160,8063,
1278,1403715337.16,2,1005,294,294,711,1.49908315237,1.25101874408,1.10529232025,294,11.8571428571,5481,99,0,161,8096,
1279,1403715337.21,2,1003,294,294,709,1.58214095947,1.34977811179,1.21407198906,294,12.3639455782,5481,99,0,161,8096,
1280,1403715337.26,2,1001,267,267,734,1.59884225337,1.30235505529,1.32091927528,267,12.3670411985,5545,100,0,161,8096,
1281,1403715337.31,2,1005,253,253,752,1.69043674146,1.35285275616,1.31363153458,253,12.162055336,5545,100,0,161,8096,
1282,1403715337.36,2,1003,278,278,725,1.58698431684,1.23858124706,1.24675941467,278,12.7014388489,5638,103,0,161,8096,
1283,1403715337.41,2,1002,283,283,719,1.63145613568,1.24287053933,1.32685232162,283,12.2049469965,5830,106,0,161,8092,
1284,1403715337.46,2,1006,264,264,742,1.49702005954,1.13600685398,1.14110696316,264,12.6022727273,5622,102,1,160,8081,
1285,1403715337.51,2,1004,313,313,691,1.52647804389,1.27105695374,1.15649819374,313,11.5335463259,5971,110,0,161,8132,
1286,1403715337.56,2,1003,293,293,710,1.648065759,1.23556752282,1.24492990971,293,12.3651877133,5971,110,0,161,8132,
1287,1403715337.61,2,1004,298,298,706,1.63398641953,1.33576598691,1.23254001141,298,12.7315436242,5673,103,0,161,8132,
1288,1403715337.66,2,1002,286,286,716,1.64113587547,1.33426930938,1.26036143303,286,12.5594405594,5673,103,0,161,8132,
1289,1403715337.71,2,1007,278,278,729,1.72709110523,1.41891499562,1.3292016983,278,12.381294964,5874,107,0,161,8132,
1290,1403715337.76,2,1001,283,283,718,1.55827303162,1.29914999958,1.23375630379,283,11.7385159011,5873,107,0,161,8131,
1291,1403715337.81,2,1008,273,273,735,1.65967276361,1.36944041959,1.28564834595,273,12.3992673993,5770,105,1,161,8131,
1292,1403715337.86,2,1002,308,308,694,1.67323469828,1.3049299055,1.39406967163,308,12.2857142857,5644,101,0,162,8173,
1293,1403715337.91,2,1003,305,305,698,1.66142044659,1.38751554795,1.27137422562,305,11.7049180328,5669,102,0,162,8173,
1294,1403715337.96,2,1004,293,293,711,1.67929305462,1.40943027742,1.26855158806,293,11.5119453925,5576,100,0,162,8173,
1295,1403715338.01,2,1002,280,280,722,1.7698309566,1.50742212178,1.29517018795,280,11.9642857143,5881,108,0,162,8173,
1296,1403715338.06,2,1007,272,272,735,1.62786518163,1.2539794974,1.265858531,272,11.4301470588,5912,109,0,162,8173,
1297,1403715338.11,2,1002,271,271,731,1.56113043256,1.22115517037,1.20984137058,271,11.3247232472,5557,100,0,162,8173,
1298,1403715338.16,2,1006,259,259,747,1.64065797483,1.28737913243,1.3007260561,259,11.555984556,5557,100,0,162,8173,
1299,1403715338.21,2,1003,262,262,741,1.70917620783,1.37979067615,1.35037302971,262,12.2519083969,5532,99,0,162,8173,
1300,1403715338.26,2,1003,253,253,750,1.67402327361,1.36323576162,1.30391252041,253,13.0434782609,5532,99,0,162,8173,
1301,1403715338.31,2,1003,262,262,741,1.50494560719,1.19735625125,1.22124063969,262,13.6603053435,5609,100,0,161,8161,
1302,1403715338.36,2,1005,269,269,736,1.75909290576,1.49406320037,1.33787620068,269,13.5130111524,5609,100,1,161,8161,
1303,1403715338.41,2,1003,311,311,692,1.67522268452,1.24731039974,1.36546242237,311,13,5642,101,0,162,8194,
1304,1403715338.46,2,1001,301,301,700,1.70889086398,1.36813560553,1.33493852615,301,13.8372093023,5642,101,0,162,8194,
1305,1403715338.51,2,1005,279,279,726,1.59657876983,1.33783340651,1.11633241177,279,13.9964157706,5735,104,0,162,8194,
1306,1403715338.56,2,1005,278,278,727,1.6047312564,1.26565462063,1.2282782793,278,12.8345323741,5642,102,0,162,8194,
1307,1403715338.61,2,1003,265,265,738,1.58342804578,1.19644536232,1.28631830215,265,14.3886792453,5642,102,0,162,8194,
1308,1403715338.66,2,1005,259,259,746,1.61738666755,1.33143247079,1.26680254936,259,14.250965251,5672,103,0,162,8194,
1309,1403715338.71,2,1004,256,256,748,1.70723592318,1.43846648995,1.21349143982,256,13.6484375,5971,110,1,162,8194,
1310,1403715338.76,2,1005,323,323,682,1.47393444298,1.18607785696,1.13776576519,323,12.2631578947,5630,101,0,163,8246,
1311,1403715338.81,2,1002,317,317,685,1.56108383428,1.23730785783,1.23343288898,317,12.7192429022,6190,114,0,163,8246,
1312,1403715338.86,2,1004,315,315,689,1.5401108453,1.12720107891,1.25729417801,315,12.7904761905,6190,114,0,163,8246,
1313,1403715338.91,2,1004,292,292,712,1.60285720474,1.13982776995,1.29443871975,292,13.3082191781,6343,115,0,163,8246,
1314,1403715338.96,2,1004,293,293,711,1.60017815362,1.29035015314,1.15506482124,293,13.4300341297,6224,106,0,163,8246,
1315,1403715339.01,2,1004,280,280,724,1.56048098356,1.14115010256,1.23238420486,280,13.1142857143,6160,105,0,163,8244,
1316,1403715339.06,2,1002,272,272,730,1.5572444976,1.23108355157,1.20775687695,272,12.7757352941,6160,105,1,163,8244,
1317,1403715339.11,2,1002,327,327,675,1.54861709635,1.24514191692,1.18923473358,327,12.1834862385,6226,106,0,164,8310,
1318,1403715339.16,2,1004,327,327,677,1.46428630248,1.18163982195,1.16044044495,327,11.4495412844,6378,114,0,164,8310,
1319,1403715339.21,2,1001,298,298,703,1.5322413027,1.14705921332,1.20699667931,298,11.9966442953,6087,112,0,164,8310,
1320,1403715339.26,2,1003,305,305,698,1.60804247206,1.19236049435,1.30643177032,305,12.2393442623,6149,113,0,164,8310,
1321,1403715339.31,2,1003,290,290,713,1.48468590615,1.26612261919,1.14066982269,290,11.6034482759,5850,106,0,164,8309,
1322,1403715339.36,2,994,303,303,691,1.54836088776,1.1332456386,1.27904105186,303,10.9636963696,5850,106,0,164,8309,
1323,1403715339.41,2,999,296,296,703,1.42576263269,1.04730301759,1.155605793,296,11.3277027027,6312,116,0,164,8309,
1324,1403715339.46,2,1000,282,282,718,1.61387390554,1.14179137621,1.35961973667,282,11.085106383,6230,114,1,164,8309,
1325,1403715339.51,2,1000,345,345,655,1.64993967744,1.3291606476,1.28177964687,345,10.5768115942,6372,117,0,165,8369,
1326,1403715339.56,2,1003,317,317,686,1.63719734074,1.25965297086,1.25131118298,317,11.119873817,6372,117,0,165,8369,
1327,1403715339.61,2,996,334,334,662,1.57285825301,1.15826119885,1.25970363617,334,10.4011976048,6372,117,0,165,8369,
1328,1403715339.66,2,995,303,303,692,1.68754220331,1.34145274175,1.321849823,303,10.1155115512,6372,117,0,165,8369,
1329,1403715339.71,2,988,297,297,691,1.66820862135,1.17391304469,1.38073074818,297,10.2828282828,6290,115,0,165,8369,
1330,1403715339.76,2,992,290,290,702,1.71170813493,1.35259750731,1.3395152092,290,9.84827586207,5846,106,0,165,8368,
1331,1403715339.81,2,989,286,286,703,1.63626998569,1.2947770416,1.29623663425,286,9.91608391608,6207,114,1,165,8368,
1332,1403715339.86,2,986,364,364,622,1.56476990602,1.26976319007,1.19682240486,364,9.37087912088,6274,115,0,166,8435,
1333,1403715339.91,2,989,340,340,649,1.53274837899,1.2142833723,1.23302161694,340,9.42647058824,6356,116,0,166,8435,
1334,1403715339.96,2,982,339,339,643,1.65404264638,1.39537388137,1.22197163105,339,9.35398230088,6356,116,0,166,8435,
1335,1403715340.01,2,989,318,318,671,1.73628894055,1.39598947075,1.35177993774,318,9.06603773585,6356,116,0,166,8435,
1336,1403715340.06,2,985,313,313,672,1.44914901709,1.09809751992,1.1687412262,313,9.17252396166,6355,116,0,166,8434,
1337,1403715340.11,2,988,316,316,672,1.48133956886,1.18615010147,1.10325157642,316,9.25632911392,6273,115,0,166,8434,
1338,1403715340.16,2,987,312,312,675,1.52928769893,1.31448715736,1.16989302635,312,8.98076923077,6211,114,0,166,8434,
1339,1403715340.21,2,991,299,299,692,1.62120566136,1.27417826973,1.26500821114,299,9.01337792642,6378,117,1,166,8434,
1340,1403715340.26,2,990,364,364,626,1.51054238657,1.20207417769,1.18550741673,364,8.51923076923,6508,119,0,167,8505,
1341,1403715340.31,2,998,341,341,657,1.56969482838,1.27941362411,1.19621551037,341,8.18475073314,6449,118,0,167,8505,
1342,1403715340.36,2,990,357,357,633,1.60838713011,1.23112141808,1.25170195103,357,8.27450980392,6449,118,0,167,8505,
1343,1403715340.41,2,995,341,341,654,1.72540591026,1.3019410142,1.3000651598,341,8.92082111437,6801,124,0,167,8505,
1344,1403715340.46,2,992,344,344,648,1.62893309723,1.15587343947,1.37781190872,344,8.74127906977,6798,124,0,167,8502,
1345,1403715340.51,2,1004,317,317,687,1.57538682182,1.18478591051,1.24623739719,317,9.2334384858,6798,124,1,167,8502,
1346,1403715340.56,2,1003,369,369,634,1.53928003458,1.26979824585,1.16662478447,369,9.45799457995,6927,127,0,168,8539,
1347,1403715340.61,2,1001,364,364,637,1.55200438152,1.24270629713,1.22327768803,364,9.23076923077,6883,127,0,168,8539,
1348,1403715340.66,2,1002,351,351,651,1.57295709057,1.25501075042,1.23384130001,351,9.60683760684,6883,127,0,168,8539,
1349,1403715340.71,2,1002,357,357,645,1.56551071457,1.1378854783,1.27803659439,357,10.3753501401,6883,127,0,168,8539,
1350,1403715340.76,2,1001,359,359,642,1.56992910109,1.17133018821,1.29870116711,359,10.2590529248,7075,130,0,168,8539,
1351,1403715340.81,2,1001,352,352,649,1.55187591209,1.20397070333,1.28800582886,352,9.45738636364,7015,129,0,168,8538,
1352,1403715340.86,2,1002,326,326,676,1.59519868529,1.14583371471,1.37808203697,326,9.98159509202,6804,125,1,168,8538,
1353,1403715340.91,2,1002,359,359,643,1.64192993617,1.27861490757,1.3083075285,359,11.2729805014,7026,129,0,169,8582,
1354,1403715340.96,2,1002,354,354,648,1.60839227444,1.26656438491,1.31560826302,354,10.6779661017,7026,129,0,169,8582,
1355,1403715341.01,2,1004,328,328,676,1.65545863537,1.33242175904,1.26592683792,328,10.9054878049,7026,129,0,169,8582,
1356,1403715341.06,2,1003,331,331,672,1.60698413948,1.20736621502,1.33977770805,331,10.4350453172,7059,130,0,169,8582,
1357,1403715341.11,2,1004,337,337,667,1.73758130496,1.42072346242,1.3411642313,337,10.8575667656,6971,129,0,169,8582,
1358,1403715341.16,2,1002,315,315,687,1.66277243249,1.36351574486,1.35945141315,315,11.2158730159,6970,128,0,169,8582,
1359,1403715341.21,2,1001,318,318,683,1.56468579518,1.30219980722,1.21248531342,318,10.7106918239,6926,128,0,169,8582,
1360,1403715341.26,2,1005,302,302,703,1.59555269667,1.11130712685,1.30156970024,302,9.65231788079,6828,119,1,169,8582,
1361,1403715341.31,2,1004,357,357,647,1.57359345257,1.20335715772,1.28994238377,357,9.7619047619,6792,119,0,170,8604,
1362,1403715341.36,2,1002,345,345,657,1.51963942175,1.1225543314,1.24060988426,345,9.80289855072,6879,122,0,170,8604,
1363,1403715341.41,2,1001,312,312,689,1.60580684902,1.27626479456,1.30006444454,312,10.4230769231,6879,122,0,170,8604,
1364,1403715341.46,2,1003,310,310,693,1.66095222026,1.23883059777,1.41102826595,310,9.99677419355,6898,122,0,170,8604,
1365,1403715341.51,2,1003,303,303,700,1.67060497629,1.28538755226,1.32197225094,303,10.2277227723,6879,121,0,170,8604,
1366,1403715341.56,2,1001,298,298,703,1.71136138473,1.25333880144,1.41093623638,298,10.9563758389,6899,123,0,170,8602,
1367,1403715341.61,2,1002,283,283,719,1.72231696762,1.39417742687,1.29536318779,283,10.183745583,6798,120,0,169,8589,
1368,1403715341.66,2,1003,276,276,727,1.57647415896,1.19008040587,1.32830917835,276,10.365942029,6846,120,1,169,8589,
1369,1403715341.71,2,1006,314,314,692,1.64114977927,1.23388275067,1.382193923,314,11.0350318471,6875,122,0,170,8607,
1370,1403715341.76,2,1005,307,307,698,1.64066224944,1.19980044314,1.38036048412,307,10.7687296417,6875,122,0,170,8607,
1371,1403715341.81,2,1002,304,304,698,1.63383309462,1.24635849819,1.29172992706,304,10.6743421053,6875,122,0,170,8607,
1372,1403715341.86,2,1005,281,281,724,1.61697160121,1.28509066006,1.30051219463,281,10.7153024911,6864,121,0,170,8607,
1373,1403715341.91,2,1005,286,286,719,1.62610734478,1.14122068406,1.38941121101,286,10.6468531469,6776,118,0,170,8607,
1374,1403715341.96,2,1001,285,285,716,1.62826818688,1.23835827273,1.29029452801,285,10.7894736842,6775,119,0,170,8607,
1375,1403715342.01,2,1006,298,298,708,1.51340958361,1.11318754135,1.21819865704,298,10.7919463087,6815,121,0,170,8606,
1376,1403715342.06,2,1003,291,291,712,1.54166319728,1.16349684874,1.28676605225,291,10.7628865979,6874,122,1,170,8606,
1377,1403715342.11,2,1003,330,330,673,1.51802664079,1.10829084853,1.25849866867,330,11.2454545455,6929,124,0,171,8637,
1378,1403715342.16,2,1003,334,334,669,1.61716546599,1.20467296765,1.33491027355,334,11.3023952096,6931,125,0,171,8637,
1379,1403715342.21,2,1004,312,312,692,1.57640224964,1.1159023081,1.4343457222,312,11.3397435897,6905,123,0,171,8637,
1380,1403715342.26,2,1002,311,311,691,1.62077233789,1.15740543716,1.37275242805,311,10.9646302251,6912,122,0,171,8637,
1381,1403715342.31,2,1006,306,306,700,1.59410677537,1.15051605019,1.35559797287,306,11.091503268,6894,122,0,171,8637,
1382,1403715342.36,2,1007,320,320,687,1.51046626407,1.09553708567,1.24740099907,320,10.775,6898,121,0,171,8637,
1383,1403715342.41,2,1004,321,321,683,1.45372473182,1.1529293511,1.18077325821,321,10.753894081,6946,124,1,171,8637,
1384,1403715342.46,2,1007,348,348,659,1.58818762832,1.19649213905,1.30075001717,348,11.2701149425,7034,130,0,172,8690,
1385,1403715342.51,2,1006,353,353,653,1.56396088613,1.19506002739,1.27365756035,353,11.223796034,7138,132,0,172,8690,
1386,1403715342.56,2,1003,338,338,665,1.60048027623,1.099250749,1.3857717514,338,11.2307692308,6975,129,0,172,8690,
1387,1403715342.61,2,1006,320,320,686,1.67586632348,1.26597111161,1.38024187088,320,11.49375,6975,129,0,172,8690,
1388,1403715342.66,2,1005,341,341,664,1.7557971683,1.33326930299,1.47318804264,341,11.6803519062,6956,128,0,172,8690,
1389,1403715342.71,2,1003,316,316,687,1.66359097013,1.17965597456,1.46667718887,316,12.3196202532,7138,131,0,172,8690,
1390,1403715342.76,2,1002,319,319,683,1.73329524219,1.24506266531,1.41113197803,319,11.8620689655,7137,131,0,172,8689,
1391,1403715342.81,2,1003,307,307,696,1.66682191608,1.25506201839,1.37571489811,307,11.6026058632,6985,127,0,172,8689,
1392,1403715342.86,2,1005,326,326,679,1.7466716866,1.33713966883,1.40679216385,326,11.6809815951,6985,128,1,172,8689,
1393,1403715342.91,2,1006,365,365,641,1.76468939861,1.31910640647,1.46619319916,365,11.9643835616,7073,131,0,173,8729,
1394,1403715342.96,2,1009,345,345,664,1.68014951732,1.25651101371,1.37518668175,345,11.5884057971,7265,135,0,173,8729,
1395,1403715343.01,2,1006,355,355,651,1.75854877576,1.1346234602,1.60496103764,355,11.7577464789,7206,134,0,173,8729,
1396,1403715343.06,2,1002,356,356,646,1.69695222896,1.23006577644,1.38123607635,356,11.9719101124,7173,132,0,173,8729,
1397,1403715343.11,2,1006,327,327,679,1.70329343831,1.18349826489,1.45050644875,327,11.9113149847,7014,129,0,173,8729,
1398,1403715343.16,2,1004,316,316,688,1.71059338407,1.25912699264,1.43657183647,316,12.0189873418,7096,128,0,173,8729,
1399,1403715343.21,2,1008,329,329,679,1.73946433422,1.21259195068,1.41301333904,329,11.8753799392,7129,127,0,173,8727,
1400,1403715343.26,2,1005,325,325,680,1.78253552657,1.19805585017,1.54537653923,325,12.0676923077,7203,131,0,173,8727,
1401,1403715343.31,2,1003,312,312,691,1.75192604426,1.21666300145,1.44453752041,312,12.0448717949,7199,130,1,173,8727,
1402,1403715343.36,2,1004,356,356,648,1.76258199289,1.41601083981,1.3689827919,356,12.4606741573,7149,132,0,174,8760,
1403,1403715343.41,2,1007,356,356,651,1.81895327157,1.36679110945,1.47853565216,356,12.6404494382,7237,135,0,174,8760,
1404,1403715343.46,2,1004,350,350,654,1.82692349118,1.33422556245,1.56091618538,350,12.5971428571,7149,134,0,174,8760,
1405,1403715343.51,2,1004,324,324,680,1.92770906391,1.38737081577,1.60128772259,324,12.475308642,7149,134,0,174,8760,
1406,1403715343.56,2,1007,323,323,684,1.9805013975,1.43037905382,1.64818036556,323,12.4613003096,7237,135,0,174,8760,
1407,1403715343.61,2,1005,303,303,702,1.97403525277,1.42071778577,1.57038891315,303,12.7590759076,7149,134,0,174,8760,
1408,1403715343.66,2,1006,298,298,708,1.80506838671,1.37325114541,1.53339338303,298,13.2684563758,7148,134,0,174,8759,
1409,1403715343.71,2,1002,297,297,705,1.86904971231,1.3712008096,1.51440107822,297,12.4848484848,7148,134,1,174,8759,
1410,1403715343.76,2,1001,353,353,648,1.81270800041,1.28845665618,1.53316736221,353,12.2266288952,7145,134,0,175,8797,
1411,1403715343.81,2,1005,347,347,658,1.88849775094,1.34443452961,1.55810391903,347,12.121037464,7145,134,0,175,8797,
1412,1403715343.86,2,1005,314,314,691,1.82420187104,1.32949411492,1.4290984869,314,12.4617834395,7145,134,0,175,8797,
1413,1403715343.91,2,1004,310,310,694,1.87039749336,1.32389960227,1.5377061367,310,12.8096774194,7145,134,0,175,8797,
1414,1403715343.96,2,1003,313,313,690,1.91130364803,1.52714226235,1.49013221264,313,12.5623003195,7186,135,0,175,8797,
1415,1403715344.01,2,1004,316,316,688,1.94852978998,1.45407536591,1.65190327168,316,12.8544303797,7186,135,0,175,8797,
1416,1403715344.06,2,1002,298,298,704,2.03753715874,1.47360783094,1.60965526104,298,12.7315436242,7186,135,0,175,8797,
1417,1403715344.11,2,1002,284,284,718,1.90904160998,1.37055423858,1.63421976566,284,12.7992957746,7185,135,0,175,8796,
1418,1403715344.16,2,1001,281,281,720,1.87925371207,1.3774905358,1.53213346004,281,12.9323843416,7172,133,1,174,8784,
1419,1403715344.21,2,1000,314,314,686,1.92861707501,1.40787189841,1.5367051363,314,12.4076433121,7202,135,0,175,8814,
1420,1403715344.26,2,1002,298,298,704,1.8871475062,1.36941187323,1.55580699444,298,12.6140939597,7290,136,0,175,8814,
1421,1403715344.31,2,1003,302,302,701,1.87253630134,1.34946183042,1.48718428612,302,12.8476821192,7290,136,0,175,8814,
1422,1403715344.36,2,1005,299,299,706,1.88574447944,1.36742519823,1.52978086472,299,12.4682274247,7290,136,0,175,8814,
1423,1403715344.41,2,1000,304,304,696,1.80106264698,1.33677528535,1.41985929012,304,12.9440789474,7203,125,0,175,8814,
1424,1403715344.46,2,1007,296,296,711,1.87221466906,1.34518084779,1.56540513039,296,13.3378378378,7203,125,0,175,8814,
1425,1403715344.51,2,1004,287,287,717,1.86421631469,1.27658994871,1.64516782761,287,12.7909407666,7203,125,0,175,8814,
1426,1403715344.56,2,1003,287,287,716,1.84690933769,1.43888034777,1.50129926205,287,12.9268292683,7101,123,0,175,8814,
1427,1403715344.61,2,1001,278,278,723,1.80753034351,1.38445811347,1.46850311756,278,12.8057553957,7101,123,1,175,8814,
1428,1403715344.66,2,1000,301,301,699,1.72098102202,1.33942679483,1.35051763058,301,12.8671096346,7097,124,0,176,8810,
1429,1403715344.71,2,997,329,329,668,1.75171284149,1.23429404022,1.45148611069,329,12.9361702128,7097,124,0,176,8810,
1430,1403715344.76,2,999,303,303,696,1.9554836257,1.39219448916,1.70814239979,303,13.4158415842,7097,124,0,176,8810,
1431,1403715344.81,2,999,317,317,682,1.85030331846,1.36018489727,1.43991792202,317,13.1230283912,7097,124,0,176,8810,
1432,1403715344.86,2,999,297,297,702,1.86333065952,1.36578651486,1.5086606741,297,13.67003367,7097,124,0,176,8810,
1433,1403715344.91,2,998,313,313,685,1.87814625105,1.3652898878,1.56072533131,313,13.9265175719,6990,122,0,176,8809,
1434,1403715344.96,2,993,315,315,678,1.87233968928,1.39094657975,1.59057617188,315,13.526984127,7017,122,0,176,8809,
1435,1403715345.01,2,995,318,318,677,1.82038309191,1.38483702686,1.52171230316,318,13.8962264151,7223,124,0,176,8809,
1436,1403715345.06,2,986,298,298,688,1.79008619455,1.35979745484,1.46124148369,298,14.110738255,7223,124,1,176,8809,
1437,1403715345.11,2,989,366,366,623,1.76616630699,1.36128488623,1.39459037781,366,13.6202185792,7222,124,0,177,8841,
1438,1403715345.16,2,987,356,356,631,1.81493987603,1.39181349118,1.52962946892,356,13.4971910112,6957,121,0,177,8841,
1439,1403715345.21,2,970,329,329,641,1.85103234486,1.42239586215,1.52026700974,329,14.2188449848,6957,121,0,177,8841,
1440,1403715345.26,2,971,319,319,652,1.78686174652,1.34137720188,1.40680837631,319,14.4200626959,7317,126,0,177,8841,
1441,1403715345.31,2,976,332,332,644,1.8094094419,1.33713844746,1.54502332211,332,14.578313253,7296,125,0,177,8841,
1442,1403715345.36,2,958,335,335,623,1.68078702097,1.29440338885,1.40319418907,335,14.3074626866,7339,126,0,177,8841,
1443,1403715345.41,2,963,360,360,603,1.66499904723,1.20622561101,1.38192987442,360,14.0305555556,7317,126,0,177,8841,
1444,1403715345.46,2,957,364,364,593,1.7053304697,1.45759395556,1.2216489315,364,14.25,7242,124,0,177,8841,
1445,1403715345.51,2,964,363,363,601,1.76786737211,1.41519627981,1.35937774181,363,13.8429752066,7366,127,0,177,8841,
1446,1403715345.56,2,972,372,372,600,1.71291474039,1.39665174762,1.32021427155,372,14.1048387097,7278,124,0,177,8841,
1447,1403715345.61,2,963,363,363,600,1.6765453303,1.30294328376,1.39574074745,363,14.5123966942,7282,123,0,177,8841,
1448,1403715345.66,2,970,388,388,582,1.71976503655,1.30832908538,1.38840448856,388,13.7757731959,7221,123,0,177,8841,
1449,1403715345.71,2,962,369,369,593,1.87143731089,1.40358476314,1.5309125185,369,13.9051490515,7346,126,0,177,8841,
1450,1403715345.76,2,969,380,380,589,1.82723305865,1.41018647417,1.46091783047,380,14.0921052632,7370,126,0,177,8841,
1451,1403715345.81,2,975,376,376,599,1.74978250503,1.41876561545,1.36007547379,376,13.8404255319,7488,133,0,177,8841,
1452,1403715345.86,2,972,368,368,604,1.67436904543,1.32053069781,1.33605051041,368,14.402173913,7482,130,0,177,8841,
1453,1403715345.91,2,981,351,351,630,1.6717718567,1.43677947021,1.24431169033,351,14.4843304843,7517,131,0,177,8841,
1454,1403715345.96,2,993,368,368,625,1.81752650797,1.47133738355,1.39123427868,368,14.2907608696,7565,134,0,177,8841,
1455,1403715346.01,2,995,370,370,625,1.66236063118,1.32468440366,1.32935404778,370,14.9,7531,133,0,177,8841,
1456,1403715346.06,2,1001,379,379,622,1.78263184013,1.53584935829,1.35026562214,379,14.7968337731,7564,134,0,177,8841,
1457,1403715346.11,2,1004,371,371,633,1.72334996627,1.34988242317,1.29342162609,371,14.1509433962,7533,134,0,177,8841,
1458,1403715346.16,2,1001,379,379,622,1.71625799104,1.42929885049,1.2902828455,379,13.9577836412,7490,132,0,177,8841,
1459,1403715346.21,2,1006,388,388,618,1.84005811206,1.56011849499,1.33279824257,388,13.7860824742,7490,132,0,177,8841,
1460,1403715346.26,2,1002,359,359,643,1.8180978501,1.53677176459,1.3926538229,359,14.8022284123,7534,134,0,177,8841,
1461,1403715346.31,2,989,369,369,620,1.63441620012,1.32804577887,1.2809523344,369,15.1246612466,7500,133,0,177,8841,
1462,1403715346.36,2,990,358,358,632,1.65604033383,1.40458108373,1.26569151878,358,14.3575418994,7498,132,0,177,8841,
1463,1403715346.41,2,983,346,346,637,1.65884181082,1.49029394613,1.15004956722,346,14.6387283237,7525,132,0,177,8841,
1464,1403715346.46,2,982,340,340,642,1.70263227881,1.42162550598,1.30969655514,340,14.5147058824,7584,129,0,177,8841,
1465,1403715346.51,2,975,340,340,635,1.61748390494,1.31881375865,1.26900911331,340,15.1,7560,127,0,177,8841,
1466,1403715346.56,2,975,336,336,639,1.60452699624,1.2808612825,1.20483469963,336,14.8095238095,7587,130,0,177,8841,
1467,1403715346.61,2,974,327,327,647,1.59932016666,1.30868105928,1.22809946537,327,14.9816513761,7540,128,1,177,8841,
1468,1403715346.66,2,966,350,350,616,1.6180517841,1.2492476778,1.30861270428,350,15.7057142857,7525,128,0,178,8829,
1469,1403715346.71,2,961,345,345,616,1.55558379999,1.26022745626,1.15496659279,345,15.4782608696,7946,137,0,178,8829,
1470,1403715346.76,2,968,331,331,637,1.63725451209,1.37889292326,1.2422208786,331,15.1057401813,7825,133,0,178,8829,
1471,1403715346.81,2,967,339,339,628,1.58833847887,1.25171866334,1.21657681465,339,15.6578171091,7825,133,0,178,8829,
1472,1403715346.86,2,963,325,325,638,1.58222749029,1.23778081689,1.20907509327,325,15.6707692308,7819,132,0,178,8829,
1473,1403715346.91,2,977,323,323,654,1.66397110308,1.24150653683,1.28614044189,323,15.6284829721,7829,134,0,178,8829,
1474,1403715346.96,2,967,327,327,640,1.6922432219,1.36294677558,1.27873468399,327,15.9541284404,7829,134,0,178,8829,
1475,1403715347.01,2,975,338,338,637,1.66437788448,1.39317570666,1.23252737522,338,15.3786982249,7829,134,0,178,8829,
1476,1403715347.06,2,983,336,336,647,1.67230992604,1.28806415863,1.34084355831,336,15.3482142857,7825,133,0,178,8829,
1477,1403715347.11,2,977,338,338,639,1.66213398023,1.31560861886,1.20953702927,338,15.349112426,7816,136,1,177,8813,
1478,1403715347.16,2,975,387,387,588,1.7624058217,1.37495006953,1.38469278812,387,14.6899224806,7827,136,0,178,8824,
1479,1403715347.21,2,973,378,378,595,1.75578048756,1.42284518697,1.35026502609,378,14.6772486772,7819,133,0,178,8824,
1480,1403715347.26,2,967,373,373,594,1.64464328618,1.21206770168,1.34041345119,373,15.5790884718,7894,137,0,178,8824,
1481,1403715347.31,2,961,370,370,591,1.67376697688,1.27429864059,1.31479823589,370,15.2594594595,7764,137,0,178,8824,
1482,1403715347.36,2,955,366,366,589,1.68133970467,1.27822743612,1.36986601353,366,15.5901639344,7894,137,0,178,8824,
1483,1403715347.41,2,955,331,331,624,1.65204408691,1.16462333447,1.34099316597,331,16.1208459215,7831,136,0,178,8824,
1484,1403715347.46,2,954,348,348,606,1.69709856263,1.3798064586,1.31820452213,348,16.4885057471,7827,135,0,178,8824,
1485,1403715347.51,2,967,330,330,637,1.70383976425,1.37127573442,1.2891626358,330,16.8333333333,7827,135,0,178,8824,
1486,1403715347.56,2,968,337,337,631,1.63112869673,1.17213459543,1.35115528107,337,17.1869436202,7817,134,0,178,8821,
1487,1403715347.61,2,969,302,302,667,1.66206526433,1.2623683751,1.31343889236,302,17.119205298,7653,130,0,177,8805,
1488,1403715347.66,2,959,286,286,673,1.70044686452,1.26652632663,1.41393005848,286,17.3391608392,7653,130,1,177,8805,
1489,1403715347.71,2,967,354,354,613,1.65423478165,1.15107155879,1.35333883762,354,16.6242937853,7677,129,0,178,8842,
1490,1403715347.76,2,965,320,320,645,1.7002862852,1.22070232049,1.41212916374,320,16.48125,7652,126,0,178,8842,
1491,1403715347.81,2,981,312,312,669,1.66417436158,1.20607887459,1.43381607533,312,16.3301282051,7711,126,0,178,8842,
1492,1403715347.86,2,969,286,286,683,1.7113009158,1.22000676979,1.40303325653,286,16.6783216783,7674,125,0,178,8842,
1493,1403715347.91,2,961,286,286,675,1.70806275935,1.2235467931,1.5239828825,286,17.9825174825,7665,120,0,178,8842,
1494,1403715347.96,2,962,296,296,666,1.75386713498,1.24465188015,1.48368442059,296,16.9155405405,7876,127,0,178,8842,
1495,1403715348.01,2,968,281,281,687,1.82765369093,1.36383889378,1.48037338257,281,17.4056939502,7835,127,0,178,8842,
1496,1403715348.06,2,973,286,286,687,1.7930811205,1.22100500234,1.50651395321,286,16.2062937063,7480,120,0,178,8840,
1497,1403715348.11,2,973,279,279,694,1.76072026415,1.15762418551,1.57233011723,279,16.3405017921,7294,117,1,177,8826,
1498,1403715348.16,2,962,326,326,636,1.70236916225,1.11949720367,1.48348224163,326,15.7085889571,7138,115,0,178,8856,
1499,1403715348.21,2,957,321,321,636,1.64530211436,1.03992762868,1.42947542667,321,15.4049844237,7075,114,0,178,8856,
1500,1403715348.26,2,949,285,285,664,1.67555993684,1.23839069023,1.32674491405,285,15.8315789474,7140,115,0,178,8856,
1501,1403715348.31,2,956,314,314,642,1.64801941197,1.18738952157,1.33180761337,314,16.1433121019,7143,116,0,178,8856,
1502,1403715348.36,2,953,296,296,657,1.60487454956,1.13574132769,1.33273756504,296,16.1621621622,7143,116,0,178,8856,
1503,1403715348.41,2,948,285,285,663,1.69800103338,1.17179432849,1.39337098598,285,16.1157894737,7065,114,0,178,8856,
1504,1403715348.46,2,973,297,298,676,1.62022632116,1.19962463196,1.27698671818,297,15.4646464646,6296,101,0,177,8842,
1505,1403715348.51,2,983,301,301,682,1.6465008462,1.33245131179,1.2888160944,301,15.6179401993,5889,91,1,177,8842,
1506,1403715348.56,2,972,332,332,640,1.63309967818,1.34614546308,1.2635884285,332,15.8644578313,6250,99,0,178,8874,
1507,1403715348.61,2,978,337,337,641,1.59459159794,1.28580201496,1.2611862421,337,16.0860534125,5976,94,0,178,8874,
1508,1403715348.66,2,993,340,340,653,1.56365630226,1.13942883864,1.2870452404,340,15.9735294118,5966,93,0,178,8874,
1509,1403715348.71,2,992,346,346,646,1.6428544522,1.23301919611,1.28993988037,346,15.7861271676,5966,93,0,178,8874,
1510,1403715348.76,2,995,344,344,651,1.67614039813,1.31422746392,1.35400879383,344,15.2325581395,5966,93,0,178,8874,
1511,1403715348.81,2,1000,351,351,649,1.6549423237,1.22117054598,1.31436479092,351,15.4586894587,5966,93,0,178,8874,
1512,1403715348.86,2,1003,324,324,679,1.58811784011,1.21200245702,1.29986059666,324,15.5586419753,6159,94,1,178,8874,
1513,1403715348.91,2,1003,380,380,623,1.6839598985,1.3012626836,1.31941819191,380,15.4973684211,5946,94,0,179,8889,
1514,1403715348.96,2,1002,335,335,667,1.68147104771,1.2584868299,1.33564841747,335,16.1701492537,5868,92,0,179,8889,
1515,1403715349.01,2,1004,361,361,643,1.7488173795,1.38135204107,1.37404477596,361,15.595567867,5674,89,0,179,8889,
1516,1403715349.06,2,1002,343,343,659,1.75320340893,1.32299011826,1.38204097748,343,16.2740524781,5674,89,0,179,8889,
1517,1403715349.11,2,1004,340,340,664,1.67190484654,1.20140312364,1.37313735485,340,15.6029411765,5674,89,0,179,8889,
1518,1403715349.16,2,1002,339,339,663,1.53226533827,1.12073580267,1.27264547348,339,15.8495575221,5673,89,0,179,8888,
1519,1403715349.21,2,1008,332,332,676,1.56601852599,1.15571125752,1.29101967812,332,15.9578313253,5915,93,1,179,8888,
1520,1403715349.26,2,1005,372,372,633,1.57782862238,1.1684587567,1.20423483849,372,15.2284946237,5924,93,0,180,8945,
1521,1403715349.31,2,1002,378,378,624,1.67676551821,1.29496432017,1.34522342682,378,14.4682539683,5924,93,0,180,8945,
1522,1403715349.36,2,1003,380,380,623,1.51201161257,1.14001475659,1.18544864655,380,15.2052631579,5880,92,0,180,8945,
1523,1403715349.41,2,1006,372,372,634,1.70695199144,1.24793200422,1.38419497013,372,14.9758064516,5794,90,0,180,8945,
1524,1403715349.46,2,1007,377,377,630,1.70769443935,1.20291475285,1.35566461086,377,15.3872679045,5794,90,0,180,8945,
1525,1403715349.51,2,1002,381,381,621,1.69223596664,1.36310174594,1.30915260315,381,15.1023622047,5827,91,0,180,8945,
1526,1403715349.56,2,1005,386,386,619,1.7490235437,1.41954574323,1.31685054302,386,14.8549222798,5793,90,0,180,8944,
1527,1403715349.61,2,1003,368,368,635,1.62697364291,1.27638010609,1.28387176991,368,14.6711956522,5793,90,0,180,8944,
1528,1403715349.66,2,1004,370,370,634,1.81956664831,1.51123589068,1.31577658653,370,15.1486486486,5886,93,0,180,8944,
1529,1403715349.71,2,1000,366,366,634,1.79885946554,1.39284006988,1.36865186691,366,15.9672131148,5886,93,0,180,8944,
1530,1403715349.76,2,1003,365,365,638,1.73057724601,1.32602513748,1.4093811512,365,15.2684931507,5923,93,0,180,8944,
1531,1403715349.81,2,1002,371,371,631,1.57679235206,1.18471097391,1.32917129993,371,15.0377358491,5923,93,0,180,8944,
1532,1403715349.86,2,1002,353,353,649,1.66521506754,1.34085257461,1.30354404449,353,15.6855524079,5923,93,1,180,8944,
1533,1403715349.91,2,1002,385,385,617,1.69734579483,1.3029540902,1.42413473129,385,16.8493506494,5929,94,0,181,8950,
1534,1403715349.96,2,1001,367,367,634,1.60319560073,1.28553217546,1.21794223785,367,16.6866485014,5833,92,0,181,8950,
1535,1403715350.01,2,1006,365,365,641,1.74384183943,1.29290432914,1.41581571102,365,16.2794520548,5833,92,0,181,8950,
1536,1403715350.06,2,1006,382,382,624,1.58052283435,1.23722031516,1.26725649834,382,15.7172774869,5929,94,0,181,8950,
1537,1403715350.11,2,1004,371,371,633,1.56259324751,1.16239249629,1.20822870731,371,16.5067385445,5833,92,0,181,8950,
1538,1403715350.16,2,1002,359,359,643,1.62560633835,1.30607272899,1.31654787064,359,16.4763231198,5894,93,0,181,8950,
1539,1403715350.21,2,1002,359,359,643,1.5815316899,1.28581666176,1.21582269669,359,16.4456824513,5929,94,0,181,8950,
1540,1403715350.26,2,1002,363,363,639,1.54630630638,1.17835265423,1.19188439846,363,16.2892561983,5990,95,1,181,8950,
1541,1403715350.31,2,1005,414,414,591,1.63190836224,1.34026420284,1.18870615959,414,17.0072463768,6023,97,0,182,8964,
1542,1403715350.36,2,1005,405,405,600,1.58518887937,1.32171057946,1.20696270466,405,16.4790123457,6023,97,0,182,8964,
1543,1403715350.41,2,1008,402,402,606,1.5872855966,1.26694675404,1.20058131218,402,16.4900497512,6023,97,0,182,8964,
1544,1403715350.46,2,1004,395,395,609,1.63806521432,1.25259405559,1.31666851044,395,16.6481012658,6023,97,0,182,8964,
1545,1403715350.51,2,1004,377,377,627,1.55200206289,1.26333478109,1.25553095341,377,16.7480106101,6069,98,0,182,8964,
1546,1403715350.56,2,1008,385,385,623,1.56337094335,1.29704699024,1.21318602562,385,16.6467532468,6125,100,0,182,8964,
1547,1403715350.61,2,1006,380,380,626,1.59196115806,1.43465039522,1.17114019394,380,16.3157894737,6084,99,0,182,8964,
1548,1403715350.66,2,1008,368,368,640,1.59104150635,1.33117236079,1.22625184059,368,16.7010869565,6084,99,1,182,8964,
1549,1403715350.71,2,1008,414,414,594,1.53949468362,1.30145394877,1.16280686855,414,16.2270531401,6062,99,0,183,8957,
1550,1403715350.76,2,1010,394,394,616,1.55118243059,1.2255241911,1.24840819836,394,16.383248731,6062,99,0,183,8957,
1551,1403715350.81,2,1006,392,392,614,1.55289216556,1.19125639529,1.22753107548,392,16.4056122449,6062,99,0,183,8957,
1552,1403715350.86,2,1008,383,383,625,1.49769973358,1.20484159843,1.20248985291,383,16.6161879896,6062,99,0,183,8957,
1553,1403715350.91,2,1005,352,352,653,1.6131515185,1.29524473814,1.2013835907,352,17.1988636364,6062,99,0,183,8957,
1554,1403715350.96,2,1006,377,377,629,1.52755888873,1.38281874134,1.07140851021,377,16.225464191,6061,99,0,183,8956,
1555,1403715351.01,2,1007,356,356,651,1.61997766069,1.41052681663,1.22072541714,356,16.5702247191,6050,98,0,182,8946,
1556,1403715351.06,2,1007,369,369,638,1.62559466684,1.35637819494,1.20979321003,369,15.7642276423,6004,97,1,182,8946,
1557,1403715351.11,2,1004,404,404,600,1.57083350293,1.23190575972,1.22505700588,404,16.1311881188,6035,98,0,183,8977,
1558,1403715351.16,2,1005,383,383,622,1.54314760225,1.20246992587,1.25023150444,383,16.5143603133,6035,98,0,183,8977,
1559,1403715351.21,2,1005,394,394,611,1.54054276451,1.1868366658,1.22812509537,394,16.9314720812,6051,99,0,183,8977,
1560,1403715351.26,2,1007,402,402,605,1.59361508882,1.27593169527,1.18291211128,402,16.5895522388,6051,99,0,183,8977,
1561,1403715351.31,2,1008,385,385,623,1.61689370888,1.3148601462,1.27069497108,385,17.3948051948,6016,97,0,183,8977,
1562,1403715351.36,2,1007,378,378,629,1.68711417355,1.31851148996,1.31739377975,378,16.8095238095,5955,96,0,183,8976,
1563,1403715351.41,2,1003,343,343,660,1.64549298606,1.25874697798,1.32242798805,343,17.5102040816,5866,92,0,182,8961,
1564,1403715351.46,2,1007,337,337,670,1.49838262956,1.18785627047,1.20265054703,337,17.2581602374,5937,96,1,182,8961,
1565,1403715351.51,2,1005,395,395,610,1.64590055363,1.45314499111,1.20165777206,395,16.4202531646,5894,94,0,183,9014,
1566,1403715351.56,2,1006,388,388,618,1.65353206706,1.34669005251,1.28809869289,388,16.9381443299,5860,93,0,183,9014,
1567,1403715351.61,2,1006,363,363,643,1.74740080715,1.46252048504,1.24991965294,363,17.4517906336,5860,93,0,183,9014,
1568,1403715351.66,2,1004,350,350,654,1.64915613911,1.40814943726,1.25825273991,350,17.3142857143,5860,93,0,183,9014,
1569,1403715351.71,2,1005,334,334,671,1.71309051814,1.44182012214,1.22625637054,334,16.7574850299,5860,93,0,183,9014,
1570,1403715351.76,2,1005,347,347,658,1.64938293305,1.28973379522,1.28556239605,347,16.8876080692,5858,93,0,183,9012,
1571,1403715351.81,2,1004,328,328,676,1.69300212093,1.38023434751,1.30935549736,328,17.8323170732,5613,89,0,183,9012,
1572,1403715351.86,2,1006,338,338,668,1.72250721377,1.30805493362,1.33747434616,338,17.0769230769,5858,93,1,183,9012,
1573,1403715351.91,2,1003,357,357,646,1.74428790436,1.38346110565,1.35979509354,357,18.3389355742,5617,90,0,184,9016,
1574,1403715351.96,2,1004,352,352,652,1.76484564867,1.36426656647,1.43614244461,352,17.3465909091,5550,89,0,184,9016,
1575,1403715352.01,2,1004,348,348,656,1.64263725723,1.18183440282,1.34044718742,348,17.2959770115,5617,90,0,184,9016,
1576,1403715352.06,2,1005,337,337,668,1.70015392063,1.26690152427,1.30254745483,337,17.9584569733,5550,89,0,184,9016,
1577,1403715352.11,2,1007,316,316,691,1.68146142895,1.29081029596,1.33395063877,316,18.2120253165,5550,89,0,184,9016,
1578,1403715352.16,2,1005,328,328,677,1.65606698303,1.30658213517,1.29105055332,328,17.368902439,5534,88,0,184,9015,
1579,1403715352.21,2,1004,316,316,688,1.58994252225,1.28142651262,1.22485280037,316,17.7879746835,5600,89,0,184,9015,
1580,1403715352.26,2,1003,338,338,665,1.62610662874,1.2316985226,1.25802505016,338,17.724852071,5549,89,1,184,9015,
1581,1403715352.31,2,1004,343,343,661,1.62419963592,1.21784449416,1.24304986,343,18.3965014577,5554,89,0,185,9036,
1582,1403715352.36,2,1006,372,372,634,1.67195585614,1.450720848,1.23491120338,372,17.5268817204,5570,90,0,185,9036,
1583,1403715352.41,2,1005,317,317,688,1.65720699401,1.23491326135,1.33595895767,317,18.0883280757,5570,90,0,185,9036,
1584,1403715352.46,2,1004,338,338,666,1.66290819342,1.37841179038,1.30966687202,338,17.5976331361,5570,90,0,185,9036,
1585,1403715352.51,2,1004,334,334,670,1.71844640171,1.33576879804,1.38948869705,334,17.2574850299,5338,86,0,185,9035,
1586,1403715352.56,2,1003,327,327,676,1.67042656662,1.23820028575,1.38064706326,327,17.8134556575,5471,86,0,184,9019,
1587,1403715352.61,2,1010,331,331,679,1.67241730647,1.27547474653,1.3362787962,331,16.8610271903,5477,87,1,184,9019,
1588,1403715352.66,2,1003,386,386,617,1.62163023662,1.32535068473,1.27273321152,386,16.7875647668,5502,88,0,185,9044,
1589,1403715352.71,2,1004,375,375,629,1.58886060167,1.24897582802,1.23435175419,375,16.6666666667,5502,88,0,185,9044,
1590,1403715352.76,2,1006,371,371,635,1.6722545766,1.27173888193,1.38458919525,371,16.846361186,5502,88,0,185,9044,
1591,1403715352.81,2,1005,352,352,653,1.75061348043,1.38441255287,1.33718550205,352,17.0284090909,5463,87,0,185,9044,
1592,1403715352.86,2,1005,345,345,660,1.73753739534,1.36560678832,1.35539567471,345,16.9333333333,5518,89,0,185,9044,
1593,1403715352.91,2,1004,358,358,646,1.6481500614,1.38336035796,1.2371789217,358,16.5446927374,5517,89,0,185,9043,
1594,1403715352.96,2,1005,353,353,652,1.79789467842,1.35021889697,1.45774328709,353,16.1246458924,5501,88,1,185,9043,
1595,1403715353.01,2,1005,376,376,629,1.6822019385,1.40074100488,1.35578691959,376,16.2872340426,5488,88,0,186,9069,
1596,1403715353.06,2,1003,386,386,617,1.71167826265,1.36211538558,1.4475966692,386,15.8419689119,5302,85,0,186,9069,
1597,1403715353.11,2,1006,360,360,646,1.69662697727,1.32675605393,1.29965674877,360,16.4388888889,5302,85,0,186,9069,
1598,1403715353.16,2,1005,377,377,628,1.67387748872,1.19474443648,1.35292613506,377,16.4084880637,5446,88,0,186,9069,
1599,1403715353.21,2,1007,360,360,647,1.71716688324,1.3414893612,1.3898255825,360,16.2972222222,5446,88,0,186,9069,
1600,1403715353.26,2,1003,362,362,641,1.67658289836,1.31165195302,1.31140446663,362,16.5082872928,5259,84,0,186,9068,
1601,1403715353.31,2,1003,368,368,635,1.69426915925,1.30109649559,1.35813522339,368,16.6739130435,5336,85,1,186,9068,
1602,1403715353.36,2,1007,401,401,606,1.64219190366,1.31509837436,1.25502026081,401,15.7331670823,5383,86,0,187,9115,
1603,1403715353.41,2,1003,378,378,625,1.65624198189,1.30013908211,1.31401956081,378,15.8439153439,5383,86,0,187,9115,
1604,1403715353.46,2,1004,381,381,623,1.73709339567,1.39376457049,1.35703158379,381,16.719160105,5440,88,0,187,9115,
1605,1403715353.51,2,1004,360,360,644,1.6988991205,1.29135755327,1.36023378372,360,16.9166666667,5492,89,0,187,9115,
1606,1403715353.56,2,1000,382,382,618,1.8000866274,1.39470368084,1.51270663738,382,16.8481675393,5440,88,0,187,9115,
1607,1403715353.61,2,1005,361,361,644,1.81023244836,1.37566836603,1.46622240543,361,17.2991689751,5440,88,0,187,9115,
1608,1403715353.66,2,1002,367,367,635,1.66887001925,1.31649629648,1.29781937599,367,16.2370572207,5476,88,1,187,9115,
1609,1403715353.71,2,1006,429,429,577,1.71826534689,1.37966533768,1.33877527714,429,16.3682983683,5512,89,0,188,9151,
1610,1403715353.76,2,1004,398,398,606,1.73208461064,1.44925962704,1.29871845245,398,16.2185929648,5460,88,0,188,9151,
1611,1403715353.81,2,1003,411,411,592,1.68059270912,1.37699027682,1.33036756516,411,16,5460,88,0,188,9151,
1612,1403715353.86,2,1005,410,410,595,1.73358686545,1.50434620085,1.34697771072,410,16.0268292683,5460,88,0,188,9151,
1613,1403715353.91,2,1003,397,397,606,1.73461027969,1.35703391872,1.3637264967,397,16.0176322418,5460,88,0,188,9151,
1614,1403715353.96,2,1002,407,407,595,1.61384723323,1.27770926076,1.27494823933,407,15.8353808354,5459,88,0,188,9150,
1615,1403715354.01,2,1004,406,406,598,1.71809434038,1.33717941823,1.34275317192,406,16.0467980296,5459,88,0,188,9150,
1616,1403715354.06,2,1001,395,395,606,1.57778876551,1.25029894932,1.32425105572,395,15.9696202532,5418,87,1,188,9150,
1617,1403715354.11,2,1004,427,427,577,1.58126616715,1.38944555275,1.16414439678,427,16.3887587822,5431,88,0,189,9163,
1618,1403715354.16,2,1004,411,411,593,1.69394959114,1.28363023555,1.35392928123,411,16.897810219,5396,88,0,189,9163,
1619,1403715354.21,2,1003,404,404,599,1.69534312911,1.34845937995,1.28223931789,404,16.4603960396,5396,88,0,189,9163,
1620,1403715354.26,2,1004,414,414,590,1.58864620357,1.21817517704,1.29263234138,414,15.9855072464,5431,88,0,189,9163,
1621,1403715354.31,2,1004,398,398,606,1.52644136608,1.17208572585,1.21551990509,398,16.5251256281,5431,88,0,189,9163,
1622,1403715354.36,2,1006,426,426,580,1.61092854008,1.29576835911,1.2391974926,426,15.2535211268,5430,88,0,189,9162,
1623,1403715354.41,2,1002,408,408,594,1.48747275677,1.19341019071,1.20534217358,408,14.9411764706,5471,89,1,189,9162,
1624,1403715354.46,2,1005,470,470,535,1.60564109292,1.29461927109,1.29446411133,470,16,5503,90,0,190,9194,
1625,1403715354.51,2,1007,452,452,555,1.60054601302,1.33496311824,1.218957901,452,15.8628318584,5503,90,0,190,9194,
1626,1403715354.56,2,1007,445,445,562,1.60687361981,1.35659132044,1.26529693604,445,16.4426966292,5519,91,0,190,9194,
1627,1403715354.61,2,1009,441,441,568,1.60042841748,1.27224085746,1.18520128727,441,15.9002267574,5519,91,0,190,9194,
1628,1403715354.66,2,1003,424,424,579,1.61024827013,1.30890808707,1.24386191368,424,16.6839622642,5519,91,0,190,9194,
1629,1403715354.71,2,1006,439,439,567,1.66261179839,1.36495147182,1.23434257507,439,15.9886104784,5518,91,0,190,9193,
1630,1403715354.76,2,1005,440,440,565,1.53967610841,1.27704616001,1.16790163517,440,15.5340909091,5504,90,1,189,9179,
1631,1403715354.81,2,1006,455,455,551,1.63653680586,1.34030034266,1.22470378876,455,15.4945054945,5470,90,0,190,9186,
1632,1403715354.86,2,1004,448,448,556,1.60330446072,1.27817935665,1.26388418674,448,15.7254464286,5454,89,0,190,9186,
1633,1403715354.91,2,1006,429,429,577,1.58672250198,1.2943210608,1.24429798126,429,15.8508158508,5379,88,0,190,9186,
1634,1403715354.96,2,1003,432,432,571,1.61577172784,1.40350306208,1.24099910259,432,16.025462963,5379,88,0,190,9186,
1635,1403715355.01,2,1006,422,422,584,1.62364188679,1.34329772957,1.20320296288,422,16.1137440758,5454,89,0,190,9186,
1636,1403715355.06,2,1002,404,404,598,1.59904034762,1.37339189694,1.20839691162,404,16.6410891089,5495,90,0,190,9186,
1637,1403715355.11,2,1002,371,371,631,1.72852266065,1.35930616921,1.34122669697,371,17.1590296496,5495,90,1,190,9186,
1638,1403715355.16,2,1005,413,413,592,1.61167835179,1.29357422956,1.24234986305,413,16.3414043584,5455,90,0,191,9222,
1639,1403715355.21,2,996,366,366,630,1.66588929141,1.35971125021,1.27926313877,366,16.3387978142,5455,90,0,191,9222,
1640,1403715355.26,2,1002,387,387,615,1.69552413463,1.41120462116,1.30068993568,387,16.2687338501,5455,90,0,191,9222,
1641,1403715355.31,2,1000,384,384,616,1.74862084729,1.3500703348,1.35902965069,384,15.5703125,5455,90,0,191,9222,
1642,1403715355.36,2,989,365,365,624,1.69943484194,1.3121401976,1.30503678322,365,15.5232876712,5455,90,0,191,9222,
1643,1403715355.41,2,977,316,316,661,1.56585236348,1.20419481638,1.21809220314,316,15.9620253165,5454,90,0,191,9221,
1644,1403715355.46,2,970,305,305,665,1.71888613586,1.38568960583,1.30661416054,305,14.7213114754,5426,88,0,189,9193,
1645,1403715355.51,2,957,294,294,663,1.66016299133,1.23309850577,1.33187127113,294,14.7006802721,5426,88,1,189,9193,
1646,1403715355.56,2,945,313,313,632,1.66357470951,1.31265292571,1.3195554018,313,14.3258785942,5160,84,0,190,9189,
1647,1403715355.61,2,944,299,299,645,1.60104214191,1.21252528802,1.31349337101,299,13.6287625418,5160,84,0,190,9189,
1648,1403715355.66,2,927,301,301,626,1.70597507334,1.24210909837,1.44961225986,301,13.7774086379,5187,85,0,190,9189,
1649,1403715355.71,2,918,268,268,650,1.72336677195,1.259578097,1.37690985203,268,14.0298507463,5160,84,0,190,9189,
1650,1403715355.76,2,920,253,253,667,1.657519944,1.31626128084,1.3080548048,253,13.7707509881,5160,84,0,190,9189,
1651,1403715355.81,2,909,260,260,649,1.66211061254,1.14208404416,1.44900119305,260,14.2538461538,5081,81,0,190,9189,
1652,1403715355.86,2,916,252,252,664,1.81635937325,1.33454064008,1.47497868538,252,14.2142857143,5160,83,0,190,9189,
1653,1403715355.91,2,919,245,245,674,1.73623083733,1.30782934888,1.42523908615,245,14.093877551,5073,81,0,190,9188,
1654,1403715355.96,2,919,255,255,664,1.69271740224,1.27531810589,1.43707919121,255,13.1215686275,5159,84,1,190,9188,
1655,1403715356.01,2,921,292,292,629,1.63589697507,1.18968607907,1.38303291798,292,12.9075342466,5176,85,0,191,9205,
1656,1403715356.06,2,910,279,279,631,1.57686235729,1.10950050555,1.37548911572,279,12.9534050179,5203,86,0,191,9205,
1657,1403715356.11,2,923,293,293,630,1.59214242115,1.10474668847,1.28124344349,293,12.5767918089,5203,86,0,191,9205,
1658,1403715356.16,2,906,273,273,633,1.73929568522,1.28917764832,1.40557217598,273,12.7179487179,5087,81,0,191,9205,
1659,1403715356.21,2,910,275,277,635,1.56503367798,1.14290838223,1.33611416817,275,12.3309090909,5028,79,0,190,9182,
1660,1403715356.26,2,905,277,277,628,1.70049707392,1.20293483577,1.49004900455,277,12.4945848375,5099,81,1,190,9182,
1661,1403715356.31,2,902,303,303,599,1.59128009032,1.18282648737,1.24010038376,303,11.8481848185,5172,83,0,191,9215,
1662,1403715356.36,2,906,297,297,609,1.54661408214,1.13890333804,1.2821803093,297,11.5858585859,5072,81,0,191,9215,
1663,1403715356.41,2,905,298,298,607,1.58324862267,1.2593276582,1.24641108513,298,11.466442953,5051,81,0,191,9215,
1664,1403715356.46,2,906,307,307,599,1.53839557987,1.10231924796,1.25726950169,307,11.7817589577,5072,81,0,191,9215,
1665,1403715356.51,2,893,299,299,594,1.66936519596,1.21251251924,1.34788703918,299,11.5719063545,5029,81,0,191,9214,
1666,1403715356.56,2,910,312,312,598,1.53333514733,1.01642366908,1.31742370129,312,11.6602564103,5084,81,0,190,9196,
1667,1403715356.61,2,895,301,301,594,1.50390479216,1.10301686452,1.20223498344,301,11.5747508306,5136,81,1,190,9196,
1668,1403715356.66,2,893,351,351,542,1.58857849896,1.17814793331,1.31878650188,351,11.5156695157,5045,78,0,191,9246,
1669,1403715356.71,2,906,329,329,577,1.44136791724,1.10301609502,1.14686882496,329,11.1428571429,5067,80,0,191,9246,
1670,1403715356.76,2,900,313,313,587,1.56390142124,1.05980452485,1.32237827778,313,10.9744408946,4654,71,0,191,9246,
1671,1403715356.81,2,897,305,305,592,1.48791207687,1.05885214807,1.24028408527,305,11.0721311475,4654,71,0,191,9246,
1672,1403715356.86,2,888,307,307,581,1.52367816443,1.11878859039,1.30758070946,307,11.016286645,4653,71,0,191,9245,
1673,1403715356.91,2,893,297,297,596,1.56945017931,1.10637633763,1.31760299206,297,10.9090909091,4653,71,1,191,9245,
1674,1403715356.96,2,875,325,325,550,1.50766720528,1.02154294492,1.31139862537,325,11.1815384615,4791,74,0,192,9307,
1675,1403715357.01,2,874,315,315,559,1.45608011903,1.00936027437,1.21217060089,315,11.1492063492,4791,74,0,192,9307,
1676,1403715357.06,2,860,272,272,588,1.45202628939,1.01487549884,1.28996658325,272,11.0147058824,4715,72,0,192,9307,
1677,1403715357.11,2,887,275,275,612,1.5253939397,1.18485277059,1.2392693758,275,10.5745454545,4715,72,0,192,9307,
1678,1403715357.16,2,895,279,279,616,1.54292815395,1.20363373807,1.21941554546,279,10.4695340502,4582,69,0,192,9307,
1679,1403715357.21,2,896,264,264,632,1.60315628259,1.182253192,1.35587418079,264,10.1704545455,4532,68,1,192,9307,
1680,1403715357.26,2,878,288,288,590,1.52870323124,0.999501196081,1.28031468391,288,10.7430555556,4545,69,0,193,9320,
1681,1403715357.31,2,910,285,285,625,1.64671231579,1.13796575259,1.38053572178,285,11.0526315789,4545,69,0,193,9320,
1682,1403715357.36,2,925,280,280,645,1.72384112135,1.1274983018,1.49589037895,280,10.7357142857,4545,69,0,193,9320,
1683,1403715357.41,2,904,266,266,638,1.5355075239,1.13051723725,1.35533177853,266,10.3007518797,4544,69,0,193,9319,
1684,1403715357.46,2,889,255,255,634,1.61787660847,1.04961925883,1.39203178883,255,10.5215686275,4544,69,1,193,9319,
1685,1403715357.51,2,898,322,322,576,1.50619903251,1.20760772826,1.23831760883,322,9.44409937888,4563,69,0,194,9393,
1686,1403715357.56,2,902,325,325,577,1.55719332964,1.04945309284,1.32295978069,325,9.65230769231,4563,69,0,194,9393,
1687,1403715357.61,2,919,327,327,592,1.64481979794,1.11812723364,1.42196559906,327,9.42813455657,4563,69,0,194,9393,
1688,1403715357.66,2,905,299,299,606,1.60700858678,1.07012161899,1.38954997063,299,9.53177257525,4561,69,0,194,9391,
1689,1403715357.71,2,906,300,300,606,1.61874439684,1.13784974118,1.32545006275,300,9.54666666667,4561,69,0,194,9391,
1690,1403715357.76,2,909,287,287,622,1.63118434864,1.13693506685,1.35049104691,287,9.48780487805,4561,69,1,194,9391,
1691,1403715357.81,2,908,315,315,593,1.72509792409,1.22095690532,1.44199216366,315,10.4158730159,4601,70,0,195,9431,
1692,1403715357.86,2,907,311,311,596,1.60088614839,1.02705315021,1.40546262264,311,9.81350482315,4417,69,0,195,9431,
1693,1403715357.91,2,896,311,311,585,1.75384907707,1.1372666919,1.53488850594,311,9.74276527331,4417,69,0,195,9431,
1694,1403715357.96,2,896,300,300,596,1.69341078383,1.15169147194,1.41508817673,300,9.94,4291,67,0,195,9431,
1695,1403715358.01,2,903,289,289,614,1.63423605005,1.00698556591,1.45331132412,289,9.25951557093,4271,66,0,193,9393,
1696,1403715358.06,2,928,301,301,627,1.6467616285,1.07977032348,1.40727543831,301,9.53156146179,4378,67,1,193,9393,
1697,1403715358.11,2,889,338,338,551,1.68109858786,1.12048093999,1.40659022331,338,9.15976331361,4396,68,0,194,9411,
1698,1403715358.16,2,921,327,327,594,1.80299399492,1.30718538425,1.50934278965,327,9.61773700306,4270,66,0,194,9411,
1699,1403715358.21,2,925,317,317,608,1.6809576212,1.12176405219,1.40568637848,317,9.81388012618,4270,66,0,194,9411,
1700,1403715358.26,2,919,326,326,593,1.6702525498,1.17210668089,1.40528297424,326,9.53067484663,4269,66,0,194,9410,
1701,1403715358.31,2,895,319,319,576,1.73830875967,1.20807739626,1.5291686058,319,9.62695924765,4269,66,1,194,9410,
1702,1403715358.36,2,869,349,349,520,1.69817679213,1.24519107378,1.34110355377,349,9.81088825215,4305,67,0,195,9446,
1703,1403715358.41,2,894,328,328,566,1.6397037611,1.21540768704,1.22262227535,328,9.67682926829,4305,67,0,195,9446,
1704,1403715358.46,2,869,311,311,558,1.68883926448,1.18038999644,1.44574475288,311,9.48553054662,4305,67,0,195,9446,
1705,1403715358.51,2,869,311,311,558,1.64439106469,1.17840867518,1.3800059557,311,9.65916398714,4248,66,0,195,9446,
1706,1403715358.56,2,869,274,274,595,1.65055631514,1.17657046788,1.36057841778,274,9.8503649635,4234,65,1,195,9446,
1707,1403715358.61,2,847,300,300,547,1.6523802244,1.1627226082,1.38932490349,300,10.3666666667,4271,66,0,196,9483,
1708,1403715358.66,2,880,285,285,595,1.57573095683,1.03311861623,1.35044407845,285,10.5052631579,4285,67,0,196,9483,
1709,1403715358.71,2,848,243,243,605,1.75476423145,1.18876714444,1.47984313965,243,10.9423868313,4285,67,0,196,9483,
1710,1403715358.76,2,889,246,246,643,1.82036088979,1.17545913172,1.70491302013,246,10.6422764228,4271,66,1,196,9483,
1711,1403715358.81,2,901,310,310,591,1.86720627355,1.25481797505,1.59282016754,310,10.0870967742,4347,68,0,197,9545,
1712,1403715358.86,2,896,285,285,611,1.83529612983,1.24984414339,1.58572781086,285,10.1649122807,4347,68,0,197,9545,
1713,1403715358.91,2,887,263,263,624,1.82934873384,1.16402069816,1.56568825245,263,10.3041825095,4347,68,0,197,9545,
1714,1403715358.96,2,905,284,284,621,1.81364640845,1.27841871395,1.56090676785,284,10.4295774648,4347,68,0,197,9545,
1715,1403715359.01,2,912,250,250,662,1.89080845791,1.25126271234,1.67256855965,250,10.736,4347,68,1,197,9545,
1716,1403715359.06,2,891,294,294,597,1.69330603204,1.14171836676,1.44730126858,294,9.88095238095,4384,68,0,198,9583,
1717,1403715359.11,2,907,258,258,649,1.82987818422,1.1981988075,1.51806688309,258,10.3914728682,4327,67,0,198,9583,
1718,1403715359.16,2,929,285,285,644,1.87525992801,1.29178994703,1.55362141132,285,10.2070175439,4371,68,0,198,9583,
1719,1403715359.21,2,908,287,287,621,1.7250220583,1.14707985633,1.38363349438,287,9.71428571429,4368,67,0,198,9582,
1720,1403715359.26,2,901,283,283,618,1.7806364187,1.18701562465,1.51328611374,283,9.94346289753,4370,68,1,198,9582,
1721,1403715359.31,2,877,300,300,577,1.70743859905,1.27193644293,1.33826351166,300,9.59,4373,68,0,199,9642,
1722,1403715359.36,2,891,311,311,580,1.74208271107,1.27988709338,1.40051686764,311,9.90996784566,4373,68,0,199,9642,
1723,1403715359.41,2,867,285,285,582,1.82863249716,1.22675609617,1.55674958229,285,9.80350877193,4373,68,0,199,9642,
1724,1403715359.46,2,843,286,286,557,1.70741311966,1.3171417807,1.32903933525,286,9.26923076923,4371,67,0,199,9642,
1725,1403715359.51,2,846,291,291,555,1.77054934542,1.12464562361,1.59108126163,291,9.22336769759,4371,67,1,199,9642,
1726,1403715359.56,2,851,309,309,542,1.80235296821,1.21516351424,1.61871707439,309,9.74110032362,4422,68,0,200,9693,
1727,1403715359.61,2,861,297,297,564,1.7707630945,1.22473742945,1.47770226002,297,9.56228956229,4422,68,0,200,9693,
1728,1403715359.66,2,774,277,277,497,1.82060536834,1.24783696545,1.57136750221,277,10.1335740072,4408,67,0,200,9693,
1729,1403715359.71,2,814,290,290,524,1.76750415962,1.29339338091,1.4221714735,290,9.66551724138,4372,66,0,200,9691,
1730,1403715359.76,2,794,285,285,509,1.92476548023,1.34276648315,1.62866532803,285,9.9649122807,4367,65,1,200,9691,
1731,1403715359.81,2,812,290,290,522,1.85745162717,1.26914287592,1.58036196232,290,10.5275862069,4302,65,0,201,9691,
1732,1403715359.86,2,810,278,278,532,1.87599215608,1.29169661309,1.48365974426,278,10.5755395683,4343,66,0,201,9691,
1733,1403715359.91,2,839,261,261,578,2.01232136258,1.42535737208,1.68215656281,261,10.3448275862,4347,66,0,201,9691,
1734,1403715359.96,2,805,237,237,568,1.86222240036,1.35079963416,1.58167743683,237,10.6666666667,4353,67,0,201,9689,
1735,1403715360.01,2,862,241,241,621,1.95827432475,1.30226776469,1.75470817089,241,10.5684647303,4345,66,1,201,9689,
1736,1403715360.06,2,832,251,251,581,1.92121943851,1.33527955342,1.59996247292,251,10.4501992032,4392,67,0,202,9740,
1737,1403715360.11,2,844,259,259,585,1.97783510685,1.39746470838,1.62184095383,259,10.1081081081,4339,64,0,202,9740,
1738,1403715360.16,2,854,241,241,613,1.92825183294,1.40266145349,1.61522912979,241,9.93360995851,4339,64,0,202,9740,
1739,1403715360.21,2,863,245,245,618,1.91645970039,1.44166364144,1.4448980093,245,10.1265306122,4338,63,1,202,9740,
1740,1403715360.26,2,890,286,286,604,1.84239140852,1.41211086284,1.46209001541,286,9.48951048951,4368,64,0,203,9770,
1741,1403715360.31,2,898,255,255,643,1.84673461943,1.47115120327,1.42294275761,255,10.2117647059,4291,63,0,203,9770,
1742,1403715360.36,2,904,252,252,652,1.82183027167,1.39674441431,1.36178922653,252,10.0119047619,4291,64,0,203,9769,
1743,1403715360.41,2,908,228,228,680,1.769615611,1.41793616754,1.3631002903,228,9.8201754386,4291,64,1,203,9769,
1744,1403715360.46,2,894,284,284,610,1.69088430259,1.31622245057,1.34123766422,284,9.75704225352,4328,65,0,204,9806,
1745,1403715360.51,2,879,273,273,606,1.78286821949,1.31768510262,1.44674277306,273,9.75091575092,4405,66,0,204,9806,
1746,1403715360.56,2,876,280,280,596,1.65216054464,1.11804418083,1.34821414948,280,9.74285714286,4465,68,1,204,9806,
1747,1403715360.61,2,873,320,320,553,1.73294772609,1.15866476603,1.41533696651,320,10.3,4543,71,0,205,9862,
1748,1403715360.66,2,859,284,284,575,1.88628773673,1.33298420829,1.65298748016,284,11.0176056338,4543,71,0,205,9862,
1749,1403715360.71,2,843,281,281,562,1.61291504429,1.19262588546,1.24374973774,281,11.0035587189,4543,71,1,205,9862,
1750,1403715360.76,2,810,303,303,507,1.60231632545,1.07631310031,1.4270658493,303,11.501650165,4561,72,0,206,9880,
1751,1403715360.81,2,771,286,286,485,1.64874520713,1.14742612288,1.42796993256,286,11.6153846154,4573,73,0,206,9880,
1752,1403715360.86,2,774,289,289,485,1.57669854739,1.14538860769,1.25547683239,289,11.9896193772,4561,72,0,206,9880,
1753,1403715360.91,2,769,293,293,476,1.62484278226,1.04454527718,1.43359601498,293,11.4744027304,4628,75,1,206,9876,
1754,1403715360.96,2,749,291,291,458,1.51820818294,1.08914469237,1.31365561485,291,12.2164948454,4601,76,0,207,9849,
1755,1403715361.01,2,816,305,305,511,1.59613269401,1.08319290629,1.38957297802,305,12.5180327869,4601,76,0,207,9849,
1756,1403715361.06,2,788,293,293,495,1.57298476142,0.999889704115,1.38393306732,293,12.3651877133,4617,77,0,207,9849,
1757,1403715361.11,2,833,288,288,545,1.56211696151,1.11296632758,1.26935338974,288,11.9965277778,4529,74,0,206,9834,
1758,1403715361.16,2,789,273,273,516,1.66006068599,1.08925897382,1.45321846008,273,11.8351648352,4564,74,1,206,9834,
1759,1403715361.21,2,817,286,286,531,1.64810205405,1.05713123432,1.42512691021,286,12.8776223776,4639,78,0,207,9837,
1760,1403715361.26,2,783,254,254,529,1.60571470689,1.04012761203,1.37221431732,254,12.9763779528,4625,77,0,207,9837,
1761,1403715361.31,2,805,253,253,552,1.69435560868,1.12239032826,1.48898696899,253,13.8260869565,4625,77,0,207,9837,
1762,1403715361.36,2,850,247,247,603,1.61723041025,1.13292403873,1.32782506943,247,13.5101214575,4639,78,0,207,9837,
1763,1403715361.41,2,825,185,185,640,1.71998227907,1.1532785698,1.48976302147,185,15.6864864865,4624,77,1,207,9837,
1764,1403715361.46,2,862,206,206,656,1.63959931955,1.16252301424,1.36778116226,206,14.7378640777,4737,81,0,208,9845,
1765,1403715361.51,2,835,196,196,639,1.92013938486,1.4061327206,1.62879657745,196,16.1428571429,4737,81,0,208,9845,
1766,1403715361.56,2,815,202,202,613,1.81187761442,1.15607284468,1.57356655598,202,15.0198019802,4737,81,0,208,9845,
1767,1403715361.61,2,828,193,193,635,1.6864778518,1.29023669439,1.43394315243,193,14.4093264249,4737,81,0,208,9845,
1768,1403715361.66,2,818,197,197,621,1.74162677505,1.32230189562,1.37739121914,197,14.7411167513,4737,81,1,208,9845,
1769,1403715361.71,2,806,188,188,618,1.72730603639,1.27079550623,1.41792666912,188,15.3936170213,4689,81,0,209,9850,
1770,1403715361.76,2,799,180,180,619,1.65464846972,1.11532191138,1.46479487419,180,15.6444444444,4689,81,0,209,9850,
1771,1403715361.81,2,766,190,190,576,1.61382779634,1.10309712155,1.33505284786,190,14.5,4687,81,0,209,9848,
1772,1403715361.86,2,785,179,179,606,1.85510553994,1.34257469475,1.55222856998,179,15.5810055866,4687,81,1,209,9848,
1773,1403715361.91,2,751,206,206,545,1.71572765245,1.254238674,1.35965716839,206,13.7524271845,4650,81,0,210,9888,
1774,1403715361.96,2,774,202,202,572,1.78347391952,1.2549085078,1.47468030453,202,13.995049505,4650,81,0,210,9888,
1775,1403715362.01,2,758,203,203,555,1.64538985278,1.09159749061,1.54478812218,203,13.3842364532,4649,81,0,210,9887,
1776,1403715362.06,2,765,208,208,557,1.92164735532,1.29678041488,1.65187072754,208,13.5625,4649,81,1,210,9887,
1777,1403715362.11,2,712,221,221,491,1.79022118931,1.20796562063,1.515198946,221,13.4524886878,4618,81,0,211,9914,
1778,1403715362.16,2,729,203,203,526,1.77360548619,1.21918654371,1.58805191517,203,13.5812807882,4666,81,0,211,9914,
1779,1403715362.21,2,733,211,211,522,1.90091262049,1.27642161592,1.61424946785,211,13.7109004739,4616,81,0,211,9914,
1780,1403715362.26,2,682,186,186,496,1.75852220047,1.40140563461,1.34867072105,186,14.7365591398,4666,81,0,210,9904,
1781,1403715362.31,2,733,195,195,538,1.77675187259,1.32926892216,1.47737622261,195,14.0564102564,4728,82,1,210,9904,
1782,1403715362.36,2,728,228,228,500,1.754718994,1.42725641021,1.38412725925,228,13.5964912281,4837,84,0,211,9947,
1783,1403715362.41,2,704,217,217,487,1.78553636745,1.21876651433,1.51958608627,217,14.3225806452,4914,85,0,211,9947,
1784,1403715362.46,2,689,188,188,501,1.65864104058,1.05349072817,1.54568958282,188,14.2393617021,4914,85,0,211,9947,
1785,1403715362.51,2,737,206,206,531,1.63664548001,1.2440710207,1.36115574837,206,12.9805825243,4913,85,0,211,9946,
1786,1403715362.56,2,729,194,194,535,1.55228072933,1.17269721762,1.27938222885,194,13.175257732,4913,85,1,211,9946,
1787,1403715362.61,2,779,229,229,550,1.57095337314,1.09102194586,1.36003434658,229,13.2270742358,5004,87,0,212,9984,
1788,1403715362.66,2,823,227,227,596,1.56381433296,1.12978688339,1.30563497543,227,12.7797356828,5004,87,0,212,9984,
1789,1403715362.71,2,815,233,233,582,1.52027640169,1.1854668238,1.224142313,233,12.5708154506,5281,90,0,212,9984,
1790,1403715362.76,2,843,232,232,611,1.56353793746,1.01904976961,1.35736715794,232,12.9353448276,5280,90,0,212,9983,
1791,1403715362.81,2,844,217,217,627,1.57942347101,1.21815064268,1.19903302193,217,13.7926267281,5887,103,1,212,9983,
1792,1403715362.86,2,847,255,255,592,1.5025987117,1.07807457768,1.27018451691,255,13.4235294118,5925,104,0,213,10021,
1793,1403715362.91,2,899,249,249,650,1.70759676328,1.15004109661,1.41468262672,249,12.5381526104,6019,108,0,213,10021,
1794,1403715362.96,2,900,234,234,666,1.64522247902,1.09108814003,1.41878867149,234,12.5726495726,5992,107,0,213,10021,
1795,1403715363.01,2,906,223,223,683,1.65450881054,1.14653670893,1.26219654083,223,12.9865470852,5992,107,0,213,10021,
1796,1403715363.06,2,916,235,235,681,1.75505471569,1.33382359863,1.4161529541,235,14.229787234,6017,108,0,213,10019,
1797,1403715363.11,2,926,237,237,689,1.62880725146,1.0885023885,1.352252841,237,13.4219409283,5995,107,1,213,10019,
1798,1403715363.16,2,938,312,312,626,1.74426559016,1.21716930801,1.52713835239,312,12.1474358974,6002,107,0,214,10054,
1799,1403715363.21,2,956,304,304,652,1.7010478202,1.27800897392,1.38411521912,304,12.7927631579,5995,106,0,214,10054,
1800,1403715363.26,2,934,290,290,644,1.71986360386,1.1106858393,1.48452115059,290,14.375862069,6138,110,0,214,10054,
1801,1403715363.31,2,952,296,296,656,1.78208364886,1.31951209623,1.46642887592,296,13.9932432432,6173,111,0,214,10054,
1802,1403715363.36,2,961,301,301,660,1.61428191495,1.13702985429,1.36674046516,301,14.5049833887,6173,111,0,214,10054,
1803,1403715363.41,2,975,283,283,692,1.67394204996,1.15184618811,1.38901758194,283,14.8303886926,6173,111,0,214,10054,
1804,1403715363.46,2,955,260,260,695,1.6677174228,1.26350733273,1.30306327343,260,14.7115384615,6052,109,1,214,10054,
1805,1403715363.51,2,979,323,323,656,1.62758378606,1.12792783408,1.29301774502,323,14.3405572755,6121,111,0,215,10079,
1806,1403715363.56,2,965,301,301,664,1.66229574823,1.14693653595,1.36373329163,301,14.9235880399,6198,112,0,215,10079,
1807,1403715363.61,2,976,309,309,667,1.66172945372,1.20408933575,1.38142073154,309,14.8802588997,6555,117,0,215,10079,
1808,1403715363.66,2,970,316,316,654,1.81043718762,1.26164919068,1.60733854771,316,15.2943037975,6561,118,0,215,10079,
1809,1403715363.71,2,964,298,298,666,1.70471663287,1.10731767201,1.46389126778,298,14.7919463087,6428,116,0,215,10079,
1810,1403715363.76,2,967,298,298,669,1.89019759224,1.25079385714,1.65112733841,298,14.8791946309,6428,116,0,215,10079,
1811,1403715363.81,2,933,274,274,659,1.88066262284,1.07869137733,1.74052011967,274,15.6861313869,6560,118,0,215,10078,
1812,1403715363.86,2,922,284,284,638,1.48492541608,1.12327280747,1.25965058804,284,14.8450704225,6485,112,0,213,10051,
1813,1403715363.91,2,933,309,309,624,1.44752932668,1.06451056418,1.15650522709,309,14.2556634304,6477,111,1,213,10051,
1814,1403715363.96,2,949,333,333,616,1.48006760327,1.19079171274,1.18758964539,333,14.2582582583,6552,116,0,214,10070,
1815,1403715364.01,2,952,333,333,619,1.57094936672,1.22920610269,1.18721830845,333,13.8348348348,6865,122,0,214,10070,
1816,1403715364.06,2,965,328,328,637,1.69092095128,1.22532606467,1.32823228836,328,14.0457317073,6809,117,0,214,10070,
1817,1403715364.11,2,929,305,305,624,1.66642385802,1.23128205563,1.33724331856,305,14.1016393443,6452,109,0,214,10070,
1818,1403715364.16,2,939,295,295,644,1.60930137485,1.30382738276,1.23068368435,295,14.8305084746,6831,117,0,214,10070,
1819,1403715364.21,2,945,294,294,651,1.56290273155,1.1890619507,1.24361932278,294,14.5612244898,7002,121,0,214,10070,
1820,1403715364.26,2,963,304,304,659,1.65212095465,1.33543455731,1.23498857021,304,14.4769736842,7044,124,0,214,10068,
1821,1403715364.31,2,952,294,294,658,1.5871621785,1.23931932031,1.22745394707,294,15.2108843537,7044,124,1,214,10068,
1822,1403715364.36,2,971,389,389,582,1.57253915894,1.19877232398,1.2204477787,389,13.6041131105,7898,132,0,215,10131,
1823,1403715364.41,2,957,372,372,585,1.52789176869,1.0832661073,1.24357140064,372,13.4865591398,8584,152,0,215,10131,
1824,1403715364.46,2,952,353,353,599,1.56257436877,1.22028075431,1.1836887598,353,13.0283286119,8584,152,0,215,10131,
1825,1403715364.51,2,962,360,360,602,1.78683688523,1.40202915196,1.39740347862,360,13.6472222222,8584,152,0,215,10131,
1826,1403715364.56,2,960,372,372,588,1.69417539762,1.24294099266,1.40805959702,372,14.1397849462,8584,153,0,215,10131,
1827,1403715364.61,2,952,355,355,597,1.68459742923,1.31918066727,1.29828739166,355,13.8563380282,8557,152,0,215,10131,
1828,1403715364.66,2,967,376,376,591,1.56749137727,1.33821360896,1.14808821678,376,13.4281914894,8660,153,0,215,10131,
1829,1403715364.71,2,965,368,368,597,1.70135445113,1.2743547062,1.34424257278,368,13.2527173913,8745,156,0,214,10116,
1830,1403715364.76,2,951,347,347,604,1.61220000286,1.32824942929,1.22281575203,347,13.4783861671,8581,151,0,214,10116,
1831,1403715364.81,2,960,322,322,638,1.54756800658,1.23119833653,1.17619800568,322,13.9316770186,8539,150,1,214,10116,
1832,1403715364.86,2,964,367,367,597,1.64481866158,1.35125746476,1.20559120178,367,13.7629427793,8619,148,0,215,10145,
1833,1403715364.91,2,972,384,384,588,1.64824719451,1.25555809635,1.35278058052,384,14.2161458333,9066,168,0,215,10145,
1834,1403715364.96,2,978,359,359,619,1.57134505496,1.3130747413,1.21101105213,359,14.0250696379,9065,167,0,215,10145,
1835,1403715365.01,2,996,384,384,612,1.65301917975,1.19268152092,1.36136519909,384,13.5182291667,9226,171,0,215,10145,
1836,1403715365.06,2,986,380,380,606,1.69849419211,1.37275098011,1.32210242748,380,13.7868421053,9066,165,0,215,10145,
1837,1403715365.11,2,990,372,372,618,1.63786946261,1.35097510113,1.3217124939,372,14.188172043,9062,167,0,215,10145,
1838,1403715365.16,2,991,343,343,648,1.56354691354,1.23517240534,1.19639277458,343,14.7201166181,9229,172,0,215,10145,
1839,1403715365.21,2,995,365,365,630,1.65651361571,1.21172491453,1.36963510513,365,13.5150684932,9096,165,0,215,10142,
1840,1403715365.26,2,992,361,361,631,1.68169452877,1.36012636254,1.2597618103,361,14.1412742382,9119,171,0,215,10142,
1841,1403715365.31,2,999,345,345,654,1.66409004574,1.44633339394,1.24685430527,345,14.2637681159,9116,170,1,215,10142,
1842,1403715365.36,2,1001,365,365,636,1.64616300453,1.35002249362,1.23701620102,365,15.2684931507,9117,171,0,216,10143,
1843,1403715365.41,2,1001,380,380,621,1.66480812868,1.31146366006,1.31080543995,380,15.2947368421,9117,171,0,216,10143,
1844,1403715365.46,2,1002,352,352,650,1.56017409453,1.19156299937,1.27476263046,352,14.8721590909,9178,169,0,216,10143,
1845,1403715365.51,2,1005,365,365,640,1.6022270083,1.29654856778,1.18288457394,365,14.5205479452,9183,172,0,216,10143,
1846,1403715365.56,2,1003,367,367,636,1.70409025134,1.37197875102,1.2721067667,367,15.4414168937,9415,174,0,216,10143,
1847,1403715365.61,2,1007,338,338,669,1.63046101487,1.26319365714,1.26715874672,338,16.275147929,9105,166,0,216,10143,
1848,1403715365.66,2,1005,355,355,650,1.69436432008,1.31325132802,1.38279378414,355,16.7183098592,9090,166,0,216,10143,
1849,1403715365.71,2,1002,323,323,679,1.66507960143,1.27123663898,1.36101520061,323,16.9256965944,9257,169,0,216,10143,
1850,1403715365.76,2,1006,321,321,685,1.58427197082,1.23710110601,1.27869606018,321,17.1869158879,9257,169,0,216,10143,
1851,1403715365.81,2,1003,332,332,671,1.58720359547,1.18445583951,1.31509315968,332,16.5421686747,9174,171,0,216,10141,
1852,1403715365.86,2,1004,331,331,673,1.64232296822,1.29656531205,1.31670463085,331,16.8791540785,8995,161,0,216,10141,
1853,1403715365.91,2,1008,346,346,662,1.6448939529,1.23529446018,1.34876012802,346,16.450867052,9053,162,1,216,10141,
1854,1403715365.96,2,1005,374,374,631,1.58561472651,1.33815646555,1.19740736485,374,17.1818181818,9153,169,0,217,10159,
1855,1403715366.01,2,1004,370,370,634,1.61741632745,1.16700697708,1.3376095295,370,15.827027027,9390,174,0,217,10159,
1856,1403715366.06,2,1006,365,365,641,1.60555990667,1.31160757974,1.24666059017,365,16.2520547945,9412,172,0,217,10159,
1857,1403715366.11,2,1009,352,352,657,1.52842857234,1.15974931386,1.26221489906,352,17.7528409091,9424,176,0,217,10159,
1858,1403715366.16,2,1009,347,347,662,1.65698494995,1.28614596046,1.3254109621,347,17.4495677233,9431,183,0,217,10159,
1859,1403715366.21,2,1006,354,354,652,1.69304617587,1.34356027984,1.2967389822,354,17.8757062147,9474,182,0,217,10159,
1860,1403715366.26,2,1004,334,334,670,1.65809695308,1.21844349069,1.34484601021,334,17.5868263473,9699,186,0,217,10159,
1861,1403715366.31,2,1006,366,366,640,1.64661503406,1.25225006829,1.38041973114,366,17.650273224,9673,187,0,217,10159,
1862,1403715366.36,2,1004,366,366,638,1.63415183038,1.25022709537,1.29111599922,366,18.5628415301,9458,184,0,217,10159,
1863,1403715366.41,2,1004,360,360,644,1.67883112925,1.24191927065,1.38568365574,360,18.6861111111,9506,185,0,217,10159,
1864,1403715366.46,2,1003,349,349,654,1.69453002185,1.34806828736,1.41721427441,349,18.3753581662,9414,180,0,217,10159,
1865,1403715366.51,2,1006,365,365,641,1.61587985944,1.37084984879,1.21508526802,365,17.8301369863,9400,179,0,217,10158,
1866,1403715366.56,2,1008,364,364,644,1.66545001102,1.22418875402,1.40796923637,364,17.4423076923,9430,183,0,217,10158,
1867,1403715366.61,2,1011,373,373,638,1.70491035379,1.32404025513,1.32114815712,373,16.7479892761,9462,185,1,217,10158,
1868,1403715366.66,2,1007,388,388,619,1.67350757203,1.39435613654,1.23070859909,388,17.75,9377,184,0,218,10178,
1869,1403715366.71,2,1006,378,378,628,1.59573402854,1.23957754707,1.25968825817,378,18.3888888889,9409,185,0,218,10178,
1870,1403715366.76,2,1005,366,366,639,1.70674420317,1.25161185194,1.40311455727,366,17.7131147541,9692,191,0,218,10178,
1871,1403715366.81,2,1008,360,360,648,1.70062500967,1.33450983397,1.34110248089,360,19.0361111111,9724,192,0,218,10178,
1872,1403715366.86,2,1008,354,354,654,1.65276158002,1.2427484312,1.33952701092,354,18.9858757062,9724,193,0,218,10178,
1873,1403715366.91,2,1010,358,358,652,1.70683631698,1.33362788498,1.35084009171,358,18.2597765363,9636,189,0,218,10178,
1874,1403715366.96,2,1009,338,338,671,1.63851391431,1.27937598711,1.25167834759,338,18.3343195266,9729,190,0,218,10178,
1875,1403715367.01,2,1006,356,356,650,1.67695080443,1.3079672453,1.31734251976,356,17.8595505618,9782,198,0,218,10178,
1876,1403715367.06,2,1006,336,336,670,1.72478101722,1.3566996341,1.40135216713,336,18.1726190476,9685,190,0,218,10178,
1877,1403715367.11,2,1005,336,336,669,1.61501864382,1.23334798595,1.37781381607,336,18.5178571429,9734,197,0,218,10178,
1878,1403715367.16,2,1008,326,326,682,1.61378635466,1.19147238813,1.30945730209,326,19.754601227,9636,189,0,218,10178,
1879,1403715367.21,2,1010,348,348,662,1.63685223304,1.30395440245,1.24870932102,348,18.1120689655,9636,189,0,218,10178,
1880,1403715367.26,2,1005,330,330,675,1.62998733121,1.24385586617,1.31996226311,330,17.8727272727,9721,192,0,218,10178,
1881,1403715367.31,2,1008,352,352,656,1.67227567004,1.36685694328,1.23757827282,352,17.9744318182,9734,195,1,218,10178,
1882,1403715367.36,2,1008,382,382,626,1.6509388651,1.17538744555,1.37865972519,382,17.7984293194,9716,193,0,219,10173,
1883,1403715367.41,2,1007,380,380,627,1.60661901611,1.1537012884,1.30946922302,380,18.4868421053,9372,186,0,219,10173,
1884,1403715367.46,2,1007,364,364,643,1.63348894317,1.27877337672,1.37153327465,364,18.1593406593,9583,188,0,219,10173,
1885,1403715367.51,2,1005,360,360,645,1.6505263063,1.30300981527,1.19736266136,360,18.1805555556,9627,188,0,219,10173,
1886,1403715367.56,2,1007,377,377,630,1.69576723146,1.27460846823,1.33038377762,377,18.9045092838,9697,197,0,219,10173,
1887,1403715367.61,2,1007,368,368,639,1.68994856968,1.20997066079,1.34396874905,368,18.785326087,9697,198,0,219,10173,
1888,1403715367.66,2,1007,339,339,668,1.75873734428,1.34997579621,1.36353182793,339,18.8820058997,9697,198,0,219,10173,
1889,1403715367.71,2,1005,340,340,665,1.72180299338,1.35341767843,1.38834142685,340,19.3941176471,9675,195,0,219,10173,
1890,1403715367.76,2,1011,350,350,661,1.59607790104,1.16426209007,1.28960478306,350,18.2742857143,9681,197,0,219,10173,
1891,1403715367.81,2,1008,336,336,672,1.65531709514,1.21320078021,1.36675012112,336,18.4732142857,9406,185,0,219,10173,
1892,1403715367.86,2,1004,351,351,653,1.74031485775,1.30438854738,1.4595041275,351,18.1937321937,9429,185,0,219,10173,
1893,1403715367.91,2,1006,352,352,654,1.7501283076,1.29513609245,1.48920369148,352,18.90625,9396,184,0,219,10173,
1894,1403715367.96,2,1007,363,363,644,1.62472151405,1.17666388238,1.36306941509,363,18.4049586777,9429,186,0,219,10173,
1895,1403715368.01,2,1003,355,355,648,1.5979709951,1.19860514426,1.28227162361,355,18.6957746479,9661,194,0,218,10153,
1896,1403715368.06,2,1004,372,372,632,1.64192638906,1.22373133063,1.31408238411,372,18.8924731183,9648,190,1,218,10153,
1897,1403715368.11,2,1009,405,405,604,1.73398638335,1.28713733734,1.43013370037,405,18.9481481481,9353,184,0,219,10161,
1898,1403715368.16,2,1004,381,381,623,1.74624759868,1.36612714059,1.38581728935,381,19.1496062992,9270,181,0,219,10161,
1899,1403715368.21,2,1006,387,387,619,1.69391411803,1.33116739466,1.29703748226,387,19.173126615,9332,184,0,219,10161,
1900,1403715368.26,2,1003,402,402,601,1.73543858911,1.40748739559,1.2708337307,402,18.9701492537,9280,183,0,219,10161,
1901,1403715368.31,2,1010,393,393,617,1.76282422458,1.29714185587,1.39657473564,393,19.048346056,9257,182,0,219,10161,
1902,1403715368.36,2,1004,376,376,628,1.73438446072,1.27688734017,1.37153458595,376,19.1888297872,9247,181,0,219,10161,
1903,1403715368.41,2,1003,367,367,636,1.70269952021,1.29053366163,1.34031581879,367,20.2343324251,9247,181,0,219,10161,
1904,1403715368.46,2,1005,381,381,624,1.74012133812,1.35915645903,1.366574049,381,19.9606299213,9247,181,0,219,10161,
1905,1403715368.51,2,1007,385,385,622,1.69602012921,1.34633335804,1.32112407684,385,18.7064935065,9175,180,0,219,10161,
1906,1403715368.56,2,1006,386,386,620,1.76805340041,1.32744084002,1.41722452641,386,19.4715025907,9175,180,0,219,10161,
1907,1403715368.61,2,1005,369,369,636,1.63251175933,1.30010249229,1.20668637753,369,20.0975609756,9332,182,0,219,10161,
1908,1403715368.66,2,1008,349,349,659,1.65503784218,1.38758374464,1.30746662617,349,19.3724928367,9248,181,0,219,10161,
1909,1403715368.71,2,1010,362,362,648,1.67839250649,1.38797471016,1.34013688564,362,18.0303867403,9142,179,0,219,10161,
1910,1403715368.76,2,1003,366,366,637,1.61914186248,1.34454698737,1.25728821754,366,18.5792349727,9142,179,0,218,10147,
1911,1403715368.81,2,1005,355,355,650,1.56054144641,1.31457392924,1.15012955666,355,18.7352112676,9128,178,1,218,10147,
1912,1403715368.86,2,1009,411,411,598,1.64801324549,1.36505219494,1.20769512653,411,17.7712895377,9139,179,0,219,10158,
1913,1403715368.91,2,1003,396,396,607,1.56775070694,1.28345963505,1.16919445992,396,18.797979798,9212,180,0,219,10158,
1914,1403715368.96,2,1001,362,362,639,1.50034273393,1.19262023318,1.13062107563,362,19.0110497238,9212,180,0,219,10158,
1915,1403715369.01,2,1005,371,371,634,1.59231845248,1.27481673171,1.23790323734,371,18.5956873315,9174,179,0,219,10158,
1916,1403715369.06,2,1004,361,361,643,1.63995978433,1.24542475032,1.27460241318,361,18.3185595568,9101,178,0,219,10158,
1917,1403715369.11,2,1004,357,357,647,1.6383207854,1.34526494637,1.28638756275,357,19.0952380952,9212,180,0,219,10158,
1918,1403715369.16,2,1007,361,361,646,1.54292852168,1.22142752028,1.19548857212,361,18.6398891967,9351,182,0,219,10158,
1919,1403715369.21,2,1005,374,374,631,1.73857597559,1.30196419176,1.4064604044,374,17.692513369,9139,179,0,219,10158,
1920,1403715369.26,2,1002,354,354,648,1.66884586985,1.22241371661,1.32365095615,354,18.5988700565,9139,179,0,219,10158,
1921,1403715369.31,2,1006,357,357,649,1.72305205924,1.30970771329,1.37433242798,357,18.3473389356,9139,179,0,219,10158,
1922,1403715369.36,2,1008,374,374,634,1.6416170795,1.28551817845,1.32970845699,374,18.5828877005,9139,179,0,219,10158,
1923,1403715369.41,2,1005,354,354,651,1.63836002792,1.21036156439,1.29183042049,354,19.6807909605,9344,181,0,219,10158,
1924,1403715369.46,2,1005,382,382,623,1.60280482668,1.30414213785,1.28615820408,382,19.4842931937,9465,191,0,219,10158,
1925,1403715369.51,2,1010,369,369,641,1.74893461737,1.38418313891,1.39878177643,369,19.6395663957,9593,193,0,219,10158,
1926,1403715369.56,2,1003,390,390,613,1.6494399353,1.33781606025,1.21884870529,390,18.8358974359,9593,193,0,219,10158,
1927,1403715369.61,2,1007,379,379,628,1.6067761905,1.22543900644,1.31243383884,379,19.1477572559,9498,192,1,219,10158,
1928,1403715369.66,2,1007,378,381,629,1.66860574776,1.29842241499,1.38251543045,378,19.962962963,9564,194,0,220,10142,
1929,1403715369.71,2,1008,371,371,637,1.63904580604,1.31813354478,1.29619014263,371,19.0350404313,9554,193,0,220,10142,
1930,1403715369.76,2,1006,378,378,628,1.59447948438,1.22151707447,1.29955267906,378,18.9074074074,9517,194,0,220,10142,
1931,1403715369.81,2,1006,379,379,627,1.6454269751,1.20849509439,1.36666595936,379,19.7044854881,9482,192,0,220,10142,
1932,1403715369.86,2,1005,385,385,620,1.75886074088,1.30741062898,1.42659938335,385,19.3402597403,9554,193,0,220,10142,
1933,1403715369.91,2,1005,380,380,625,1.73396294246,1.3037847247,1.41590857506,380,19.2789473684,9385,181,0,220,10142,
1934,1403715369.96,2,1003,392,392,611,1.66852212521,1.19531621965,1.35454857349,392,19.2295918367,9452,186,0,220,10142,
1935,1403715370.01,2,1002,375,375,627,1.71214691647,1.2960032954,1.28139817715,375,20.1386666667,9482,193,0,220,10142,
1936,1403715370.06,2,1003,373,373,630,1.67544088427,1.17972558829,1.42055547237,373,19.7211796247,9577,194,0,220,10142,
1937,1403715370.11,2,1005,356,356,649,1.6252115847,1.16699851523,1.40857088566,356,19.6741573034,9577,194,0,220,10142,
1938,1403715370.16,2,1004,381,381,623,1.72848208155,1.39904778457,1.33351922035,381,19.9895013123,9596,195,0,220,10142,
1939,1403715370.21,2,1006,374,374,632,1.59933346817,1.13280227856,1.27606832981,374,20.3743315508,9596,194,0,220,10142,
1940,1403715370.26,2,1008,385,385,623,1.68096550691,1.22541569655,1.35850906372,385,19.7402597403,9482,192,0,220,10142,
1941,1403715370.31,2,1003,402,402,601,1.61347650722,1.23652637863,1.2562057972,402,18.9502487562,9482,192,0,220,10142,
1942,1403715370.36,2,1009,389,389,620,1.58871328001,1.1292168538,1.30830562115,389,18.9640102828,9415,185,0,220,10142,
1943,1403715370.41,2,1008,394,394,614,1.60049165052,1.2566351889,1.259521842,394,18.7893401015,9451,182,1,220,10142,
1944,1403715370.46,2,1003,431,433,572,1.59168438246,1.10522649977,1.30646800995,431,18.0696055684,9517,194,0,221,10170,
1945,1403715370.51,2,1002,428,428,574,1.70079254249,1.36684593658,1.33837294579,428,17.2757009346,9504,194,0,221,10164,
1946,1403715370.56,2,1008,426,426,582,1.61265811256,1.19832067274,1.37738549709,426,18.6009389671,9504,194,0,221,10164,
1947,1403715370.61,2,1006,409,409,597,1.4976222874,1.17682670288,1.20609343052,409,19.2958435208,9599,195,0,221,10164,
1948,1403715370.66,2,1004,412,412,592,1.60921722166,1.20241939352,1.28657746315,412,19.1868932039,9504,194,0,221,10164,
1949,1403715370.71,2,1001,419,419,582,1.63034695659,1.23713718844,1.32685375214,419,19.5250596659,9576,195,0,221,10164,
1950,1403715370.76,2,1006,407,407,599,1.60063855124,1.20567729987,1.32281255722,407,19.1941031941,9504,194,0,221,10164,
1951,1403715370.81,2,1009,426,426,583,1.62318482813,1.25224879814,1.29068088531,426,19.103286385,9475,185,0,221,10164,
1952,1403715370.86,2,1006,399,399,607,1.5920348449,1.24375113357,1.29076659679,399,18.7669172932,9504,192,0,221,10164,
1953,1403715370.91,2,1007,403,403,604,1.58442703122,1.31205543129,1.16603219509,403,18.6426799007,9504,192,0,221,10164,
1954,1403715370.96,2,1006,411,411,595,1.59614236504,1.22063721155,1.2690718174,411,18.8394160584,9472,187,0,221,10164,
1955,1403715371.01,2,1007,424,424,583,1.71482118223,1.32939249532,1.38750612736,424,18.6132075472,9504,193,0,221,10164,
1956,1403715371.06,2,1005,409,409,596,1.74349517359,1.3808181188,1.38747465611,409,18.6210268949,9471,192,0,221,10164,
1957,1403715371.11,2,1004,410,410,594,1.58525955339,1.24688472553,1.26653683186,410,18.6951219512,9471,192,0,221,10164,
1958,1403715371.16,2,1005,409,409,596,1.51819163787,1.18755054201,1.2277110815,409,19.3838630807,9439,187,0,221,10164,
1959,1403715371.21,2,1010,420,420,590,1.57235666363,1.17029720736,1.28694033623,420,17.9714285714,9471,192,0,221,10164,
1960,1403715371.26,2,1007,407,407,600,1.70326172964,1.28631341652,1.30844986439,407,18.742014742,9471,193,1,221,10164,
1961,1403715371.31,2,1007,440,443,567,1.6587356952,1.25788031084,1.37779200077,440,18.4772727273,9508,194,0,222,10185,
1962,1403715371.36,2,1006,441,441,565,1.62828798664,1.27215525107,1.2679746151,441,18.3310657596,9492,194,0,222,10185,
1963,1403715371.41,2,1005,434,434,571,1.66801458245,1.29163467482,1.30903875828,434,17.9331797235,9492,194,0,222,10185,
1964,1403715371.46,2,1005,444,444,561,1.63724285245,1.32122124079,1.25584363937,444,18.7815315315,9492,194,0,222,10185,
1965,1403715371.51,2,1007,449,449,558,1.64397754738,1.25635184817,1.32246768475,449,18.6748329621,9442,189,0,222,10185,
1966,1403715371.56,2,1005,439,439,566,1.68502040979,1.29767240433,1.36317873001,439,19.2050113895,9442,189,0,222,10185,
1967,1403715371.61,2,1007,437,437,570,1.68864947444,1.33248406149,1.32759475708,437,18.7482837529,9454,191,0,222,10185,
1968,1403715371.66,2,1007,441,441,566,1.72857669714,1.3278991528,1.35682153702,441,18.6780045351,9156,178,0,222,10185,
1969,1403715371.71,2,1005,440,440,565,1.73839621955,1.3803711297,1.38591110706,440,18.8636363636,9168,181,0,222,10185,
1970,1403715371.76,2,1004,462,462,542,1.71134608478,1.33698284874,1.37812244892,462,18.9112554113,9098,175,0,222,10185,
1971,1403715371.81,2,1005,454,454,551,1.72819244985,1.36322732294,1.40234303474,454,18.8370044053,9168,182,0,222,10185,
1972,1403715371.86,2,1008,437,437,571,1.63019655868,1.27934384941,1.25912094116,437,18.6613272311,9102,177,0,222,10185,
1973,1403715371.91,2,1004,434,434,570,1.7708762212,1.49824535675,1.33878147602,434,18.4677419355,9130,181,0,222,10185,
1974,1403715371.96,2,1006,429,429,577,1.74384496274,1.43636367938,1.29936850071,429,18.2494172494,8790,172,0,222,10185,
1975,1403715372.01,2,1005,426,426,579,1.76093274575,1.38442787591,1.33866417408,426,18.0211267606,8606,168,0,222,10183,
1976,1403715372.06,2,1007,448,448,559,1.70948967273,1.35736162006,1.32948660851,448,17.6964285714,8678,169,0,222,10183,
1977,1403715372.11,2,1006,457,457,549,1.67013953636,1.34793695641,1.3250105381,457,18.2932166302,8606,168,0,222,10183,
1978,1403715372.16,2,1005,481,481,524,1.71780554236,1.37776561055,1.29737925529,481,18.1413721414,8606,167,0,222,10183,
1979,1403715372.21,2,1006,455,455,551,1.73555314116,1.43476672465,1.26907801628,455,18.3230769231,8787,170,0,222,10183,
1980,1403715372.26,2,1007,442,442,565,1.63408673496,1.42691148404,1.21801102161,442,18.6606334842,8786,171,0,222,10183,
1981,1403715372.31,2,1006,462,462,544,1.75816721432,1.44098256655,1.34900176525,462,17.4588744589,8786,171,0,222,10183,
1982,1403715372.36,2,1006,431,431,575,1.75858136387,1.43872528422,1.31281042099,431,18.6032482599,8685,170,1,222,10183,
1983,1403715372.41,2,1006,445,448,561,1.53138051955,1.22715545223,1.16130185127,445,19.2157303371,8522,170,0,223,10159,
1984,1403715372.46,2,1001,442,442,559,1.64035595343,1.33290030993,1.30430912971,442,19.2624434389,8493,169,0,223,10157,
1985,1403715372.51,2,1005,456,456,549,1.64683719608,1.36872040671,1.16837382317,456,18.8969298246,8610,163,0,223,10157,
1986,1403715372.56,2,1008,440,440,568,1.71126635849,1.44586707137,1.28489220142,440,18.4068181818,8451,157,0,223,10157,
1987,1403715372.61,2,1005,446,446,559,1.63457332786,1.34474813282,1.26292574406,446,19.1771300448,8518,162,0,223,10157,
1988,1403715372.66,2,1003,423,423,580,1.69739314197,1.39092992109,1.330550313,423,19.4302600473,8315,154,0,223,10157,
1989,1403715372.71,2,1003,433,433,570,1.7157937493,1.43822508325,1.27954518795,433,18.6327944573,8397,155,0,223,10157,
1990,1403715372.76,2,1006,412,412,594,1.68549862574,1.478927891,1.20089054108,412,18.3422330097,8397,155,0,223,10157,
1991,1403715372.81,2,1002,424,424,578,1.66695307923,1.31098038154,1.34546303749,424,19.3655660377,8647,166,0,223,10157,
1992,1403715372.86,2,1007,426,426,581,1.73186141225,1.41410613346,1.31379973888,426,19.1784037559,8608,162,0,223,10157,
1993,1403715372.91,2,1003,397,397,606,1.75891905263,1.48898772034,1.31249117851,397,19.5768261965,8315,154,0,223,10157,
1994,1403715372.96,2,1005,412,412,593,1.67262228848,1.30904853594,1.35094738007,412,19.395631068,8145,152,0,223,10157,
1995,1403715373.01,2,1001,386,386,615,1.67949751277,1.34889747794,1.3075428009,386,19.0259067358,8384,157,0,223,10157,
1996,1403715373.06,2,1002,385,385,617,1.72573392821,1.36807238847,1.43751978874,385,19.0077922078,8348,157,0,223,10156,
1997,1403715373.11,2,1001,407,407,594,1.704271747,1.39889269575,1.33046162128,407,18.6953316953,8067,149,0,223,10156,
1998,1403715373.16,2,1000,405,405,595,1.81956018999,1.46379837925,1.45012080669,405,18.7530864198,8125,149,0,222,10139,
1999,1403715373.21,2,1002,394,394,608,1.73049251845,1.41693290272,1.39774870872,394,18.7385786802,8203,150,1,222,10139,
2000,1403715373.26,2,1001,435,439,566,1.77580515842,1.39728841852,1.38485813141,435,19.0827586207,8140,151,0,223,10152,
2001,1403715373.31,2,1000,410,410,590,1.73370694248,1.37111310151,1.38269889355,410,18.6926829268,8378,157,0,223,10151,
2002,1403715373.36,2,999,416,416,583,1.77850922989,1.41675370738,1.41468036175,416,18.7884615385,8363,156,0,223,10151,
2003,1403715373.41,2,1002,424,424,578,1.7467666507,1.39693777277,1.37844729424,424,18.5518867925,8375,157,0,223,10151,
2004,1403715373.46,2,1001,411,411,590,1.77900057286,1.43704404085,1.39148783684,411,19.1143552311,8321,155,0,223,10151,
2005,1403715373.51,2,1001,409,409,592,1.71148687133,1.38104681067,1.35462868214,409,19.2909535452,8321,155,0,223,10151,
2006,1403715373.56,2,1004,420,420,584,1.64339593444,1.35044049344,1.26075494289,420,18.8976190476,8321,155,0,223,10151,
2007,1403715373.61,2,1002,403,403,599,1.68106575356,1.32003714761,1.25434267521,403,18.6550868486,8244,152,0,223,10151,
2008,1403715373.66,2,996,405,405,591,1.71248647315,1.29543899627,1.33814883232,405,18.9580246914,8244,152,0,223,10151,
2009,1403715373.71,2,1002,390,390,612,1.72021295172,1.26799339638,1.43143033981,390,18.7487179487,8039,146,0,223,10151,
2010,1403715373.76,2,1003,395,395,608,1.70038493348,1.36061982074,1.32125413418,395,19.3063291139,8104,147,0,223,10151,
2011,1403715373.81,2,989,380,380,609,1.63607017298,1.26919998064,1.25038528442,380,18.6368421053,8039,146,0,223,10151,
2012,1403715373.86,2,987,385,385,602,1.71625286855,1.31468863347,1.37192821503,385,18.4467532468,7953,145,0,223,10151,
2013,1403715373.91,2,987,376,376,611,1.705590212,1.27980957871,1.36146974564,376,18.4414893617,8030,147,0,222,10142,
2014,1403715373.96,2,981,380,380,601,1.64783441665,1.25389260316,1.32377290726,380,18.1973684211,7944,144,1,222,10142,
2015,1403715374.01,2,980,424,424,556,1.66456178773,1.3216336983,1.26663994789,424,17.445754717,8149,150,0,223,10186,
2016,1403715374.06,2,981,411,411,570,1.65694141172,1.29328231531,1.23153877258,411,17.2944038929,8225,152,0,223,10186,
2017,1403715374.11,2,977,405,405,572,1.68938897572,1.3164371487,1.2915866375,405,16.9728395062,8127,150,0,223,10186,
2018,1403715374.16,2,977,386,386,591,1.70022768181,1.36721721471,1.32325005531,386,17.0777202073,8058,148,0,223,10186,
2019,1403715374.21,2,975,380,380,595,1.68013947883,1.26643116541,1.36931145191,380,17.2552631579,8047,147,0,223,10186,
2020,1403715374.26,2,977,380,380,597,1.61773421373,1.26638621689,1.23226714134,380,17.7263157895,8611,160,0,223,10186,
2021,1403715374.31,2,976,403,403,573,1.6515742157,1.33566667569,1.26024329662,403,17.4665012407,8659,163,0,223,10186,
2022,1403715374.36,2,971,407,407,564,1.55400476509,1.10911175425,1.28527414799,407,18.0466830467,8647,162,0,223,10186,
2023,1403715374.41,2,983,408,408,575,1.58701884745,1.35465442591,1.18440413475,408,18.2671568627,8846,165,0,223,10186,
2024,1403715374.46,2,989,385,385,604,1.57604186854,1.31498322428,1.18950903416,385,19.1792207792,8842,163,0,223,10186,
2025,1403715374.51,2,988,373,373,615,1.57034000179,1.2307365613,1.24426674843,373,18.1340482574,8833,162,0,223,10186,
2026,1403715374.56,2,979,397,397,582,1.67625883539,1.31721867115,1.31844711304,397,17.959697733,8816,162,0,223,10185,
2027,1403715374.61,2,989,432,432,557,1.76667826267,1.41049821056,1.34499776363,432,16.9722222222,8872,165,0,223,10185,
2028,1403715374.66,2,995,410,410,585,1.64453677017,1.28806332609,1.31440734863,410,16.9536585366,8785,159,1,223,10185,
2029,1403715374.71,2,989,417,417,572,1.63070555457,1.25239746548,1.29494810104,417,17.4988009592,8814,160,0,224,10191,
2030,1403715374.76,2,991,427,427,564,1.65470482155,1.25791511527,1.36689257622,427,18.0140515222,8845,163,0,224,10191,
2031,1403715374.81,2,980,442,442,538,1.60492299554,1.18424993201,1.29738521576,442,17.2669683258,8764,164,0,224,10191,
2032,1403715374.86,2,973,417,417,556,1.53675279212,1.27166753528,1.21148312092,417,17.8681055156,8764,164,0,224,10191,
2033,1403715374.91,2,988,403,403,585,1.59504314023,1.18429278443,1.28600656986,403,18.617866005,8859,165,0,224,10191,
2034,1403715374.96,2,976,395,395,581,1.59690495435,1.24151341251,1.24907195568,395,18.4607594937,8815,161,0,224,10191,
2035,1403715375.01,2,972,370,370,602,1.65211486744,1.35379085373,1.24049305916,370,18.972972973,8811,160,0,224,10191,
2036,1403715375.06,2,971,368,368,603,1.60084218034,1.2700323909,1.25839555264,368,17.9701086957,8682,157,0,224,10191,
2037,1403715375.11,2,961,372,372,589,1.67911325534,1.4033006135,1.28318524361,372,19.0698924731,8683,158,0,224,10191,
2038,1403715375.16,2,958,353,353,605,1.60153661305,1.28704979931,1.24319696426,353,18.4844192635,8680,155,0,224,10191,
2039,1403715375.21,2,958,325,325,633,1.68428894953,1.35615305929,1.28661310673,325,18.2307692308,8648,154,0,224,10191,
2040,1403715375.26,2,947,353,353,594,1.58288105219,1.24207776388,1.22756183147,353,17.8328611898,8415,149,0,224,10191,
2041,1403715375.31,2,952,341,341,611,1.64344352176,1.23377035214,1.26464498043,341,16.8005865103,8476,150,0,223,10178,
2042,1403715375.36,2,926,333,333,593,1.51614957925,1.25136484769,1.17461156845,333,17.2402402402,8591,154,1,223,10178,
2043,1403715375.41,2,944,370,370,574,1.60570436537,1.25169261525,1.25607848167,370,17.4108108108,8623,158,0,224,10177,
2044,1403715375.46,2,944,342,342,602,1.72158256156,1.3374742356,1.43740081787,342,17.1052631579,8501,152,0,224,10177,
2045,1403715375.51,2,946,337,337,609,1.60843368005,1.31835542611,1.20607602596,337,16.7270029674,8387,149,0,224,10177,
2046,1403715375.56,2,935,339,339,596,1.61306105027,1.27093385846,1.23100483418,339,16.5014749263,8277,147,0,224,10177,
2047,1403715375.61,2,900,329,329,571,1.60063812165,1.1954739434,1.39734315872,329,16.2613981763,8277,147,0,224,10177,
2048,1403715375.66,2,929,317,317,612,1.60246546484,1.29995847525,1.31361699104,317,15.7223974763,8277,147,0,224,10177,
2049,1403715375.71,2,925,309,309,616,1.57479305604,1.26685209241,1.23223948479,309,15.7572815534,8342,146,0,224,10177,
2050,1403715375.76,2,920,301,301,619,1.71946451677,1.36254635613,1.37880694866,301,16.0697674419,8345,146,0,224,10177,
2051,1403715375.81,2,890,303,303,587,1.67782843174,1.30721116815,1.32395637035,303,15.9405940594,8472,150,0,224,10177,
2052,1403715375.86,2,901,304,304,597,1.62439848495,1.37790493197,1.19788360596,304,16.0657894737,8356,148,0,224,10176,
2053,1403715375.91,2,896,298,298,598,1.68656792867,1.31046234052,1.3111076355,298,15.3724832215,7879,137,0,224,10176,
2054,1403715375.96,2,864,279,279,585,1.64746801307,1.36606895752,1.2785102129,279,15.5734767025,7714,133,1,224,10176,
2055,1403715376.01,2,831,317,317,514,1.53377918357,1.2815946132,1.13850796223,317,15.8422712934,7694,133,0,225,10193,
2056,1403715376.06,2,877,323,323,554,1.66611970837,1.36889756336,1.25433921814,323,14.9133126935,7693,131,0,225,10193,
2057,1403715376.11,2,835,300,300,535,1.69428679317,1.36903134014,1.25706136227,300,15.05,7719,131,0,225,10193,
2058,1403715376.16,2,845,312,312,533,1.65074750649,1.40415791289,1.23702776432,312,14.7179487179,7597,131,0,225,10193,
2059,1403715376.21,2,830,277,277,553,1.57914683174,1.40624899309,1.11582171917,277,15.4296028881,7514,128,0,225,10193,
2060,1403715376.26,2,786,249,249,537,1.6532208722,1.33242785158,1.17293822765,249,15.0602409639,7439,119,0,225,10192,
2061,1403715376.31,2,802,243,243,559,1.58354229465,1.34254726049,1.2047137022,243,14.5102880658,7229,115,0,224,10183,
2062,1403715376.36,2,786,220,220,566,1.50517396405,1.25889514393,1.06346166134,220,14.1136363636,6921,96,1,224,10183,
2063,1403715376.41,2,806,256,256,550,1.63234406068,1.26151388825,1.3841509819,256,14.7421875,5727,85,0,225,10161,
2064,1403715376.46,2,789,268,268,521,1.57877902868,1.20321190747,1.1966971159,268,14.4179104478,5727,85,0,225,10161,
2065,1403715376.51,2,814,279,279,535,1.60890616581,1.24152124061,1.21559584141,279,14.2437275986,5727,85,0,225,10161,
2066,1403715376.56,2,793,262,262,531,1.67632603005,1.30035282342,1.25453484058,262,14.3740458015,6383,98,0,225,10161,
2067,1403715376.61,2,775,259,259,516,1.59281092554,1.21050069154,1.18312764168,259,13.8532818533,6241,95,0,224,10144,
2068,1403715376.66,2,817,238,238,579,1.67544417556,1.32840260578,1.23249971867,238,14.2941176471,5822,83,1,224,10144,
2069,1403715376.71,2,818,297,297,521,1.59134803256,1.25473548557,1.25906980038,297,13.7878787879,5621,83,0,225,10185,
2070,1403715376.76,2,785,290,290,495,1.71142696366,1.27325517413,1.29720199108,290,13.8172413793,5621,83,0,225,10185,
2071,1403715376.81,2,802,258,258,544,1.75662906508,1.23249329401,1.49498414993,258,14.1821705426,5620,82,0,225,10185,
2072,1403715376.86,2,747,244,244,503,1.78702177129,1.14911342696,1.59228348732,244,14.6270491803,5620,82,0,225,10185,
2073,1403715376.91,2,808,260,260,548,1.61487300985,1.25910363988,1.27170813084,260,14.2153846154,5619,82,0,225,10184,
2074,1403715376.96,2,791,235,235,556,1.6905571394,1.23847218763,1.3054267168,235,13.8340425532,5606,81,0,224,10171,
2075,1403715377.01,2,771,204,204,567,1.67862560762,1.3133836251,1.29868578911,204,14.4068627451,5665,82,1,224,10171,
2076,1403715377.06,2,780,239,239,541,1.60358446531,1.40874768387,1.12788689137,239,13.1757322176,5624,81,0,225,10210,
2077,1403715377.11,2,783,222,222,561,1.78316909961,1.39582415416,1.38640224934,222,13.2657657658,5624,81,0,225,10210,
2078,1403715377.16,2,771,237,237,534,1.66259731874,1.38605461392,1.27302539349,237,13.447257384,7393,119,0,225,10210,
2079,1403715377.21,2,766,223,223,543,1.57730999221,1.29071424803,1.27305912971,223,14.4260089686,5624,81,0,225,10210,
2080,1403715377.26,2,765,223,223,542,1.53788386329,1.22849647935,1.24319171906,223,13.5560538117,7505,113,0,224,10197,
2081,1403715377.31,2,781,223,223,558,1.59719229707,1.12366777829,1.36793243885,223,15.1031390135,7539,117,1,224,10197,
2082,1403715377.36,2,761,252,252,509,1.4945534191,1.11869134597,1.21448051929,252,13.6666666667,7698,127,0,225,10263,
2083,1403715377.41,2,787,249,249,538,1.63369878214,1.3118464415,1.21882009506,249,15.1204819277,7697,126,0,225,10263,
2084,1403715377.46,2,782,242,242,540,1.5400338898,1.10124239846,1.26567232609,242,14.9132231405,7697,126,0,225,10263,
2085,1403715377.51,2,799,241,241,558,1.66679007619,1.35695726825,1.29874968529,241,15.5684647303,7697,126,0,225,10263,
2086,1403715377.56,2,814,230,230,584,1.710290006,1.28833396224,1.36286497116,230,16.0739130435,7697,126,0,225,10263,
2087,1403715377.61,2,823,245,245,578,1.61423211432,1.21061171424,1.20762550831,245,16.3102040816,7695,126,0,225,10261,
2088,1403715377.66,2,814,237,237,577,1.62257970401,1.13929366748,1.325979352,237,15.3333333333,7695,126,0,225,10261,
2089,1403715377.71,2,848,228,228,620,1.56507712684,1.23316467117,1.19974017143,228,16.5833333333,7853,128,1,225,10261,
2090,1403715377.76,2,858,276,276,582,1.71989080919,1.35218019439,1.26900923252,276,16.2137681159,7804,128,0,226,10296,
2091,1403715377.81,2,894,283,283,611,1.61245499388,1.20206878104,1.33477532864,283,15.9929328622,7835,129,0,226,10296,
2092,1403715377.86,2,886,286,286,600,1.74343643958,1.35319689678,1.41767525673,286,16.6643356643,7942,130,0,226,10296,
2093,1403715377.91,2,923,272,272,651,1.64305677789,1.24926497495,1.37917971611,272,17.5772058824,7923,129,0,226,10296,
2094,1403715377.96,2,928,270,270,658,1.76671517577,1.40021260931,1.34366846085,270,17.7222222222,8034,134,0,226,10296,
2095,1403715378.01,2,936,276,276,660,1.70883798362,1.27996766592,1.4069494009,276,18.0362318841,8022,133,0,226,10296,
2096,1403715378.06,2,954,242,242,712,1.76157238236,1.33576428723,1.50657486916,242,18.7190082645,7509,122,0,226,10296,
2097,1403715378.11,2,961,257,257,704,1.74162051899,1.43064774809,1.34021353722,257,19.8793774319,7497,121,0,226,10296,
2098,1403715378.16,2,940,267,267,673,1.83698202343,1.47644619556,1.46382129192,267,19.4756554307,7770,126,0,226,10294,
2099,1403715378.21,2,941,251,251,690,1.75296419947,1.37485718878,1.41938400269,251,19.6613545817,7810,126,0,225,10284,
2100,1403715378.26,2,946,253,253,693,1.65509734565,1.35306473431,1.23524451256,253,19.1897233202,7738,123,0,225,10284,
2101,1403715378.31,2,947,253,253,694,1.64843346974,1.32797982429,1.29940247536,253,19.7272727273,7767,125,1,225,10284,
2102,1403715378.36,2,956,302,302,654,1.69592055372,1.2214641904,1.36441719532,302,18.2052980132,7575,123,0,226,10274,
2103,1403715378.41,2,949,291,291,658,1.60484857158,1.135379733,1.3446880579,291,18.8281786942,7625,124,0,226,10274,
2104,1403715378.46,2,956,302,302,654,1.66871150916,1.13054899535,1.48759484291,302,17.9867549669,7941,131,0,226,10274,
2105,1403715378.51,2,960,304,304,656,1.69593696056,1.20873079952,1.37311553955,304,18.3815789474,7932,130,0,226,10274,
2106,1403715378.56,2,968,309,309,659,1.76956689305,1.39582517298,1.35198462009,309,19.2588996764,7893,131,0,226,10274,
2107,1403715378.61,2,958,319,319,639,1.76206317963,1.32430402061,1.39976298809,319,19.7460815047,7866,129,0,226,10274,
2108,1403715378.66,2,971,306,306,665,1.61607478645,1.32642403664,1.16346466541,306,19.7156862745,7985,132,0,226,10274,
2109,1403715378.71,2,967,321,321,646,1.64691490703,1.35048462364,1.30113863945,321,19.9595015576,8285,136,0,226,10274,
2110,1403715378.76,2,970,329,329,641,1.7406628653,1.34815324663,1.364153862,329,20.2978723404,8352,137,0,226,10274,
2111,1403715378.81,2,975,340,340,635,1.72792729076,1.33397418491,1.35700726509,340,20.4088235294,8403,140,0,226,10274,
2112,1403715378.86,2,973,352,352,621,1.56305342439,1.20186149305,1.2230155468,352,20.4801136364,8390,140,0,226,10272,
2113,1403715378.91,2,982,360,360,622,1.70106576427,1.30243812278,1.33598852158,360,20.3361111111,8543,145,0,226,10272,
2114,1403715378.96,2,991,333,333,658,1.68336564989,1.2939120099,1.28867828846,333,20.7177177177,8619,147,0,226,10272,
2115,1403715379.01,2,980,316,316,664,1.64887852933,1.30399721243,1.24654400349,316,20.9746835443,8619,147,1,226,10272,
2116,1403715379.06,2,989,389,390,600,1.65382505471,1.2349919513,1.34002280235,389,18.7712082262,8620,147,0,227,10282,
2117,1403715379.11,2,988,393,393,595,1.60036791434,1.20311134324,1.28566944599,393,17.9007633588,8611,147,0,227,10282,
2118,1403715379.16,2,982,379,379,603,1.68334255553,1.25198101619,1.35184800625,379,18.6094986807,8400,141,0,227,10282,
2119,1403715379.21,2,986,365,365,621,1.63120326828,1.29347584345,1.28204524517,365,18.7726027397,8422,142,0,227,10282,
2120,1403715379.26,2,981,375,375,606,1.68362076132,1.22636168266,1.40510809422,375,18.9493333333,8575,147,0,227,10282,
2121,1403715379.31,2,985,370,370,615,1.68762288122,1.35090483795,1.37525570393,370,19.3810810811,8578,148,0,227,10282,
2122,1403715379.36,2,985,368,368,617,1.65962922612,1.28432465034,1.30980551243,368,19.8288043478,8245,140,0,227,10282,
2123,1403715379.41,2,988,372,372,616,1.59887835963,1.25287866218,1.31786680222,372,19.1612903226,8538,144,0,227,10282,
2124,1403715379.46,2,989,377,377,612,1.57789134414,1.12405495046,1.33455252647,377,18.9840848806,8558,145,0,227,10280,
2125,1403715379.51,2,985,376,376,609,1.56034904973,1.18987499545,1.20106458664,376,18.8324468085,8224,141,0,227,10280,
2126,1403715379.56,2,976,358,358,618,1.67094157366,1.14868028238,1.37295985222,358,19.3547486034,8074,137,1,227,10280,
2127,1403715379.61,2,984,406,406,578,1.57077249467,1.19334728557,1.25169670582,406,19.1945812808,8452,143,0,228,10314,
2128,1403715379.66,2,980,385,385,595,1.67556769312,1.19527515215,1.36664974689,385,19.1792207792,8077,137,0,228,10314,
2129,1403715379.71,2,984,392,392,592,1.66912016423,1.22401433716,1.35839176178,392,19.4209183673,8079,141,0,228,10314,
2130,1403715379.76,2,985,376,376,609,1.66524300928,1.31699143423,1.25548350811,376,19.210106383,8079,141,0,228,10314,
2131,1403715379.81,2,990,391,391,599,1.64651693162,1.2189678353,1.34966933727,391,19.5907928389,8074,136,0,228,10314,
2132,1403715379.86,2,989,369,369,620,1.61186621016,1.28416476979,1.26651358604,369,20.1029810298,8002,135,0,228,10314,
2133,1403715379.91,2,982,378,378,604,1.6445022377,1.23264604035,1.32127797604,378,18.8888888889,8027,137,0,228,10314,
2134,1403715379.96,2,982,333,333,649,1.60101831138,1.16041119441,1.3355307579,333,20.015015015,8027,137,0,228,10314,
2135,1403715380.01,2,973,334,334,639,1.59982244632,1.10723478105,1.34127604961,334,19.3622754491,8007,140,0,228,10314,
2136,1403715380.06,2,984,339,339,645,1.65727626418,1.28004786488,1.26044249535,339,18.5221238938,8016,135,0,228,10314,
2137,1403715380.11,2,980,343,343,637,1.60430644114,1.20223312902,1.31819343567,343,18.7405247813,7963,136,0,228,10314,
2138,1403715380.16,2,966,330,330,636,1.58872943376,1.11089293905,1.30647206306,330,18.6545454545,8172,145,1,228,10314,
2139,1403715380.21,2,966,339,339,627,1.55815763226,1.17878703784,1.32275760174,339,19.3451327434,8168,146,0,229,10310,
2140,1403715380.26,2,959,350,350,609,1.62862794218,1.2610617131,1.31284868717,350,18.9514285714,7798,137,0,229,10310,
2141,1403715380.31,2,949,344,344,605,1.61218451317,1.27037996413,1.27294254303,344,19.7034883721,8105,144,0,229,10310,
2142,1403715380.36,2,946,327,327,619,1.58215473403,1.19039636886,1.265447855,327,18.9327217125,8105,144,0,229,10310,
2143,1403715380.41,2,943,336,336,607,1.55753706764,1.18619528259,1.33228862286,336,19.1547619048,8168,146,0,229,10310,
2144,1403715380.46,2,947,322,322,625,1.51748427619,1.06752604453,1.26407396793,322,19.7608695652,8168,146,0,229,10310,
2145,1403715380.51,2,955,311,311,644,1.6359229813,1.25305807421,1.25477969646,311,19.9774919614,8168,146,0,229,10310,
2146,1403715380.56,2,959,297,297,662,1.439131687,1.02998038639,1.20745193958,297,20.3703703704,8224,149,0,229,10310,
2147,1403715380.61,2,961,310,310,651,1.42584164628,1.01361568872,1.19705426693,310,19.5258064516,8224,149,0,229,10310,
2148,1403715380.66,2,952,310,310,642,1.50253865966,1.15357134152,1.17566215992,310,19.3451612903,8205,148,0,228,10291,
2149,1403715380.71,2,955,306,306,649,1.60981390762,1.22063636233,1.30964267254,306,18.8300653595,7034,122,1,227,10275,
2150,1403715380.76,2,951,324,324,627,1.46044715705,1.10245954914,1.1301087141,324,19.537037037,7908,139,0,228,10273,
2151,1403715380.81,2,956,343,343,613,1.4893449815,1.14339701126,1.23648822308,343,18.9037900875,7900,139,0,228,10273,
2152,1403715380.86,2,954,328,328,626,1.57697877908,1.20233462449,1.24929833412,328,18.9054878049,7074,125,0,228,10273,
2153,1403715380.91,2,963,341,341,622,1.62990874629,1.22524482121,1.31258761883,341,19.0498533724,7032,123,0,228,10273,
2154,1403715380.96,2,948,331,331,617,1.58615708205,1.25677928222,1.18162167072,331,18.6525679758,7061,124,0,228,10273,
2155,1403715381.01,2,963,324,324,639,1.59277051084,1.20297713485,1.26199305058,324,18.6697530864,7077,125,0,228,10273,
2156,1403715381.06,2,962,315,315,647,1.60890427226,1.21196945907,1.28047537804,315,18.7238095238,7092,127,0,228,10273,
2157,1403715381.11,2,957,310,310,647,1.65134954179,1.21751379721,1.34513652325,310,18.4709677419,7092,127,0,228,10273,
2158,1403715381.16,2,965,333,333,632,1.58948603413,1.15923179588,1.21882236004,333,17.3843843844,7073,125,0,227,10258,
2159,1403715381.21,2,957,318,318,639,1.62275811102,1.23545994327,1.31545305252,318,18.1446540881,7073,125,1,227,10258,
2160,1403715381.26,2,962,347,347,615,1.61521206399,1.24982231156,1.27638876438,347,17.9567723343,7068,126,0,228,10253,
2161,1403715381.31,2,956,340,340,616,1.6321445221,1.25910597669,1.28167784214,340,17.3441176471,7068,126,0,228,10253,
2162,1403715381.36,2,963,332,332,631,1.56211560478,1.2141682861,1.21777915955,332,17.5240963855,6970,123,0,228,10253,
2163,1403715381.41,2,964,334,334,630,1.61824142087,1.19550154547,1.31804132462,334,17.9011976048,6970,123,0,228,10253,
2164,1403715381.46,2,966,340,340,626,1.62762894617,1.13560860577,1.37476742268,340,17.4882352941,7068,126,0,228,10253,
2165,1403715381.51,2,967,310,310,657,1.54081073266,1.10102083107,1.26055216789,310,17.9322580645,7021,124,0,228,10253,
2166,1403715381.56,2,957,319,319,638,1.65831924991,1.28911873699,1.27909624577,319,17.8275862069,7021,124,0,228,10253,
2167,1403715381.61,2,970,329,329,641,1.57119638615,1.24984919184,1.23132383823,329,18.0547112462,7021,124,0,228,10253,
2168,1403715381.66,2,970,338,338,632,1.6428104757,1.27209513974,1.339453578,338,17.5562130178,7021,124,1,228,10253,
2169,1403715381.71,2,958,332,332,626,1.60146183438,1.26320312674,1.23365271091,332,19.9246987952,7025,125,0,229,10257,
2170,1403715381.76,2,961,335,335,626,1.57353624115,1.30163418869,1.2247903347,335,19.7223880597,7265,130,0,229,10257,
2171,1403715381.81,2,964,354,354,610,1.65994341631,1.2516912704,1.3315050602,354,19.9011299435,7265,130,0,229,10257,
2172,1403715381.86,2,972,348,348,624,1.51613468625,1.16539005582,1.18332624435,348,19.2126436782,7269,131,0,229,10257,
2173,1403715381.91,2,956,372,372,584,1.58512976377,1.24629909124,1.18773877621,372,19.4784946237,7326,134,0,229,10257,
2174,1403715381.96,2,962,338,338,624,1.65368750809,1.24549648613,1.34382581711,338,20.6715976331,7326,134,0,229,10257,
2175,1403715382.01,2,970,365,365,605,1.53047763954,1.18741273389,1.1929577589,365,19.5616438356,7331,135,0,229,10256,
2176,1403715382.06,2,976,346,346,630,1.67755979023,1.34995576528,1.34196162224,346,19.4335260116,7401,136,0,229,10256,
2177,1403715382.11,2,965,364,364,601,1.5838423062,1.17011930161,1.3074889183,364,19.9038461538,7386,135,1,229,10256,
2178,1403715382.16,2,980,373,373,607,1.61003591004,1.28815354855,1.2881360054,373,20.4986595174,7396,137,0,230,10255,
2179,1403715382.21,2,971,369,369,602,1.61487864533,1.15925224486,1.30703091621,369,19.566395664,7365,136,0,230,10255,
2180,1403715382.26,2,980,400,400,580,1.61608787362,1.20904313823,1.27287077904,400,18.89,7444,139,0,230,10255,
2181,1403715382.31,2,978,384,384,594,1.59648451032,1.18097173613,1.29518985748,384,19.640625,7444,139,0,230,10255,
2182,1403715382.36,2,973,372,372,601,1.73328315815,1.31512174669,1.45016896725,372,19.6720430108,7444,139,0,230,10255,
2183,1403715382.41,2,970,353,353,617,1.59005405693,1.21608193685,1.2872480154,353,19.4787535411,7474,139,0,230,10255,
2184,1403715382.46,2,971,388,388,583,1.6222387274,1.26889096941,1.29267811775,388,19.2242268041,7480,140,0,230,10255,
2185,1403715382.51,2,962,366,366,596,1.4835803659,1.12541797618,1.22674655914,366,19.7786885246,7450,139,0,230,10255,
2186,1403715382.56,2,954,361,361,593,1.50374550822,1.14252750871,1.19246673584,361,19.3601108033,7489,140,0,230,10254,
2187,1403715382.61,2,955,358,358,597,1.53871245318,1.21794397407,1.26523220539,358,18.156424581,7612,139,0,229,10241,
2188,1403715382.66,2,971,365,365,606,1.52351677451,1.24482028763,1.16201329231,365,18.4767123288,7434,136,1,229,10241,
2189,1403715382.71,2,980,399,399,581,1.61167678675,1.26844936802,1.27997088432,399,18.2255639098,7418,137,0,230,10253,
2190,1403715382.76,2,978,395,395,583,1.58852861417,1.19481594346,1.26409602165,395,18.5088607595,7415,137,0,230,10253,
2191,1403715382.81,2,978,391,391,587,1.66549904873,1.28027042115,1.35855996609,391,18.5601023018,8193,149,0,230,10253,
2192,1403715382.86,2,974,382,382,592,1.73532728825,1.26717388195,1.40266752243,382,18.1858638743,8224,149,0,230,10253,
2193,1403715382.91,2,973,378,378,595,1.69103834179,1.25346412739,1.32871699333,378,19.3042328042,8170,145,0,230,10253,
2194,1403715382.96,2,976,382,382,594,1.62378066544,1.30359156779,1.21921956539,382,18.2958115183,8219,145,0,230,10253,
2195,1403715383.01,2,975,392,392,583,1.710472043,1.33895141396,1.33579039574,392,18.862244898,8240,150,0,230,10253,
2196,1403715383.06,2,985,361,361,624,1.68280107648,1.31502469696,1.31810951233,361,18.811634349,7618,142,0,230,10253,
2197,1403715383.11,2,984,378,378,606,1.62452727105,1.18574189009,1.34817886353,378,19.0317460317,8587,154,0,230,10253,
2198,1403715383.16,2,979,383,383,596,1.57224384987,1.208621586,1.17544436455,383,19.1436031332,8624,160,0,230,10252,
2199,1403715383.21,2,987,391,391,596,1.67384912106,1.39315681764,1.29053080082,391,18.2276214834,8779,166,0,230,10252,
2200,1403715383.26,2,983,391,391,592,1.64205086992,1.32479500144,1.25765001774,391,18.5959079284,8865,167,1,230,10252,
2201,1403715383.31,2,984,401,401,583,1.61787525961,1.24282121278,1.37824070454,401,18.970074813,8554,155,0,231,10278,
2202,1403715383.36,2,986,409,409,577,1.62408724748,1.23085023141,1.26468539238,409,18.0537897311,7953,148,0,231,10278,
2203,1403715383.41,2,979,402,402,577,1.60968098596,1.29442196032,1.26001214981,402,18.5024875622,8716,165,0,231,10278,
2204,1403715383.46,2,975,399,399,576,1.67155722764,1.35595496233,1.27471089363,399,18.1979949875,8622,163,0,231,10278,
2205,1403715383.51,2,978,387,387,591,1.68476296838,1.36036476905,1.29072368145,387,18.354005168,8651,164,0,231,10278,
2206,1403715383.56,2,989,375,375,614,1.67905678612,1.24132583646,1.34337162971,375,17.6906666667,8687,164,0,231,10278,
2207,1403715383.61,2,960,354,354,606,1.61933656059,1.22130356802,1.24525725842,354,17.9152542373,8622,162,0,231,10278,
2208,1403715383.66,2,959,355,355,604,1.57023985997,1.22570364729,1.26736843586,355,18.7746478873,8167,150,0,231,10278,
2209,1403715383.71,2,953,371,371,582,1.65737450621,1.28902476718,1.21738493443,371,17.7250673854,8372,155,0,231,10278,
2210,1403715383.76,2,969,366,366,603,1.62596008619,1.28234470592,1.23588454723,366,17.8825136612,8356,155,0,230,10260,
2211,1403715383.81,2,968,367,367,601,1.59619627834,1.16926980286,1.37523794174,367,17.1525885559,8733,164,1,230,10260,
2212,1403715383.86,2,972,399,399,573,1.62315114954,1.295707541,1.23993480206,399,17.0701754386,8733,163,0,231,10292,
2213,1403715383.91,2,981,403,403,578,1.69893307,1.29168775373,1.41282320023,403,17.2208436725,8963,163,0,231,10292,
2214,1403715383.96,2,982,386,386,596,1.58591721371,1.19596780499,1.27831625938,386,17.1917098446,8873,168,0,231,10292,
2215,1403715384.01,2,992,391,391,601,1.64017672604,1.2558028624,1.31584382057,391,17.7493606138,8974,174,0,231,10292,
2216,1403715384.06,2,998,377,377,621,1.66197022972,1.23113147249,1.29656338692,377,17.7771883289,8938,171,0,231,10292,
2217,1403715384.11,2,987,374,374,613,1.70423587228,1.36301846723,1.35871207714,374,18.4438502674,8905,170,0,231,10292,
2218,1403715384.16,2,993,377,377,616,1.59166822739,1.19177472863,1.28191769123,377,18.5649867374,8855,170,0,231,10292,
2219,1403715384.21,2,993,376,376,617,1.6497137734,1.25141681991,1.35233986378,376,19.6436170213,8855,171,0,231,10292,
2220,1403715384.26,2,1004,378,378,626,1.7228593489,1.27341896393,1.3859513998,378,18.4206349206,8849,169,0,231,10290,
2221,1403715384.31,2,1001,384,384,617,1.68401505761,1.29159753176,1.30068600178,384,19.015625,8853,170,0,231,10290,
2222,1403715384.36,2,1002,396,396,606,1.72319630831,1.40423494111,1.38866829872,396,18.3939393939,9012,173,0,229,10269,
2223,1403715384.41,2,1010,395,395,615,1.57382910803,1.2345305139,1.26828455925,395,19.1063291139,8984,171,1,229,10269,
2224,1403715384.46,2,1001,424,424,577,1.62700584506,1.30931957104,1.25825107098,424,19.7311320755,9011,175,0,230,10254,
2225,1403715384.51,2,1005,418,418,587,1.52053863434,1.17576309678,1.17294692993,418,19.8229665072,9016,175,0,230,10254,
2226,1403715384.56,2,1008,421,421,587,1.53535386798,1.23470892513,1.20648097992,421,19.1496437055,9103,178,0,230,10254,
2227,1403715384.61,2,1003,425,425,578,1.68304505552,1.36025520523,1.27299439907,425,19.9764705882,9136,181,0,230,10254,
2228,1403715384.66,2,1007,411,411,596,1.56808675159,1.28280984793,1.1905413866,411,20.4233576642,9127,180,0,230,10254,
2229,1403715384.71,2,1005,412,412,593,1.53439606768,1.28322428941,1.19116473198,412,20.140776699,9402,182,0,230,10254,
2230,1403715384.76,2,1005,409,409,596,1.52396967782,1.24530856801,1.15700960159,409,19.8410757946,9393,181,0,230,10254,
2231,1403715384.81,2,1003,418,418,585,1.60255635274,1.26719577946,1.21661829948,418,19.2583732057,9404,185,0,230,10254,
2232,1403715384.86,2,1002,436,436,566,1.58858875319,1.38941419978,1.15546011925,436,19.0160550459,9426,191,0,230,10254,
2233,1403715384.91,2,1008,430,430,578,1.50749303217,1.24059798658,1.12252557278,430,19.3069767442,9413,194,0,230,10254,
2234,1403715384.96,2,1006,408,408,598,1.44718867785,1.16259007353,1.14473152161,408,19.818627451,9394,190,0,230,10254,
2235,1403715385.01,2,1007,417,417,590,1.49476596727,1.27866824886,1.13952851295,417,20.1942446043,9336,187,0,230,10254,
2236,1403715385.06,2,1006,421,421,585,1.51613897049,1.31518509281,1.0976588726,421,20.296912114,9279,179,0,230,10254,
2237,1403715385.11,2,1010,441,441,569,1.55282818926,1.29574666976,1.12701380253,441,19.9954648526,9386,192,0,230,10254,
2238,1403715385.16,2,1003,447,447,556,1.53375669912,1.32935863576,1.12098526955,447,19.8187919463,9363,189,0,229,10244,
2239,1403715385.21,2,1010,442,442,568,1.5124288701,1.26495230405,1.11963891983,442,19.2760180995,9403,193,0,229,10244,
2240,1403715385.26,2,1008,457,457,551,1.53703493131,1.29124940684,1.14512372017,457,20.2735229759,9372,191,0,229,10244,
2241,1403715385.31,2,1009,447,447,562,1.55065979634,1.32934238083,1.09212076664,447,19.7494407159,9393,192,0,229,10244,
2242,1403715385.36,2,1009,443,443,566,1.47429993023,1.2828285279,1.06657326221,443,18.7381489842,9403,193,0,229,10244,
2243,1403715385.41,2,1007,443,443,564,1.5756891406,1.36496354725,1.11968386173,443,18.7426636569,9402,192,0,229,10244,
2244,1403715385.46,2,1005,444,444,561,1.5197044466,1.28207320343,1.08803677559,444,19.1599099099,9261,187,0,229,10244,
2245,1403715385.51,2,1008,439,439,569,1.48178662256,1.23544705355,1.11684215069,439,19.1845102506,9384,191,0,229,10244,
2246,1403715385.56,2,1005,433,433,572,1.50682773568,1.28521847636,1.09300470352,433,20.1593533487,9397,193,0,229,10244,
2247,1403715385.61,2,1006,452,452,554,1.57559182551,1.37696057487,1.15097868443,452,20.0884955752,9276,190,0,229,10244,
2248,1403715385.66,2,1004,433,433,571,1.4935480978,1.21180078012,1.1478279829,433,19.2401847575,9276,190,0,229,10244,
2249,1403715385.71,2,1005,438,438,567,1.60608415581,1.36540890555,1.25501680374,438,18.9748858447,9339,191,0,229,10244,
2250,1403715385.76,2,1012,421,421,591,1.54159871025,1.21655337075,1.18991208076,421,19.5225653207,9339,191,1,229,10244,
2251,1403715385.81,2,1009,439,439,570,1.56249968962,1.34709833563,1.0642914772,439,20.3211845103,9310,192,0,230,10210,
2252,1403715385.86,2,1008,442,442,566,1.57146775529,1.22918816715,1.21173250675,442,20.1900452489,9300,190,0,230,10210,
2253,1403715385.91,2,1010,416,416,594,1.55652809102,1.13901498758,1.28160142899,416,19.3028846154,9166,188,0,230,10210,
2254,1403715385.96,2,1008,421,421,587,1.5190637637,1.25381621869,1.11604070663,421,19.4228028504,9171,191,0,230,10210,
2255,1403715386.01,2,1008,415,415,593,1.44892917406,1.14204744275,1.13910865784,415,20.8578313253,9171,191,0,230,10210,
2256,1403715386.06,2,1006,419,419,587,1.54285170156,1.26518905845,1.19294726849,419,19.4319809069,9229,189,0,230,10210,
2257,1403715386.11,2,1010,424,424,586,1.45748086379,1.16115700266,1.11385416985,424,19.7971698113,9166,188,0,230,10210,
2258,1403715386.16,2,1006,421,421,585,1.49182066527,1.18541632126,1.20494580269,421,19.8313539192,9134,187,0,230,10210,
2259,1403715386.21,2,1006,426,426,580,1.47603058284,1.17037578495,1.20254707336,426,19.544600939,9134,187,0,230,10210,
2260,1403715386.26,2,1008,405,405,603,1.41463331193,1.1970851969,1.06559407711,405,19.5407407407,9205,190,0,230,10210,
2261,1403715386.31,2,1006,414,414,592,1.54589222926,1.17595365319,1.1795156002,414,19.5096618357,9205,190,0,230,10210,
2262,1403715386.36,2,1007,410,410,597,1.4293586768,1.18127576445,1.05303585529,410,19.3292682927,9204,191,0,230,10209,
2263,1403715386.41,2,1005,416,416,589,1.43824520256,1.13187871003,1.10418093204,416,19.7596153846,9204,191,0,230,10209,
2264,1403715386.46,2,1007,422,422,585,1.47231214674,1.14476041868,1.12696886063,422,19.5592417062,9128,189,0,229,10199,
2265,1403715386.51,2,1006,423,423,583,1.45429310849,1.13789939313,1.14499938488,423,19.6382978723,9128,189,1,229,10199,
2266,1403715386.56,2,1003,443,449,560,1.44581629798,1.16387269071,1.15381765366,443,19.2641083521,9149,190,0,230,10209,
2267,1403715386.61,2,1003,450,450,553,1.45348350688,1.21330168107,1.0880548954,450,19.3222222222,9138,190,0,230,10209,
2268,1403715386.66,2,1005,442,442,563,1.49832372597,1.11907751717,1.19020354748,442,19.1877828054,9138,190,0,230,10209,
2269,1403715386.71,2,1005,436,436,569,1.53254720585,1.23746710947,1.25332474709,436,19.7041284404,9138,190,0,230,10209,
2270,1403715386.76,2,1004,452,452,552,1.44478873587,1.10162734118,1.17735135555,452,19.3672566372,9138,190,0,230,10209,
2271,1403715386.81,2,1005,457,457,548,1.50684718494,1.22682538498,1.18461358547,457,19.124726477,9138,189,0,230,10209,
2272,1403715386.86,2,1007,448,448,559,1.52310513723,1.15606697233,1.27590286732,448,19.1830357143,9126,186,0,230,10209,
2273,1403715386.91,2,1004,448,448,556,1.58860456279,1.27978812664,1.22990632057,448,18.8950892857,9043,188,0,230,10209,
2274,1403715386.96,2,1004,435,435,569,1.5385461364,1.15161211132,1.25413250923,435,19.5310344828,9138,189,0,230,10209,
2275,1403715387.01,2,1003,419,419,584,1.37701246802,1.07358820699,1.08030068874,419,19.5369928401,9138,189,0,230,10209,
2276,1403715387.06,2,1006,438,438,568,1.53352416548,1.33618910705,1.12394607067,438,19.6415525114,9138,189,0,230,10209,
2277,1403715387.11,2,1004,443,443,561,1.49768307814,1.22745058022,1.15796017647,443,19.6726862302,9138,189,0,230,10209,
2278,1403715387.16,2,1002,438,438,564,1.45075702219,1.16571509782,1.12908017635,438,19.5616438356,9170,191,0,230,10209,
2279,1403715387.21,2,1003,411,411,592,1.49622486847,1.2912605889,1.12086677551,411,20.6739659367,9138,190,1,230,10209,
2280,1403715387.26,2,1004,449,451,555,1.44225604009,1.22936458425,1.07762992382,449,20.7082405345,9154,191,0,231,10221,
2281,1403715387.31,2,1009,460,460,549,1.46035793575,1.20143842274,1.15616226196,460,20.1413043478,9150,191,0,231,10221,
2282,1403715387.36,2,1003,450,450,553,1.53824264603,1.27200441742,1.21575772762,450,20.24,9150,191,0,231,10221,
2283,1403715387.41,2,1008,452,452,556,1.56389086265,1.34736282995,1.17757558823,452,20.1969026549,9150,191,0,231,10221,
2284,1403715387.46,2,1004,447,447,557,1.47123849874,1.18303729753,1.14427518845,447,20.581655481,9115,189,0,231,10221,
2285,1403715387.51,2,1003,449,449,554,1.43720296372,1.21908669742,1.07281374931,449,20.5345211581,9150,191,0,231,10221,
2286,1403715387.56,2,1004,452,452,552,1.55648016442,1.27991335195,1.21608638763,452,20.0088495575,9150,190,0,231,10221,
2287,1403715387.61,2,1006,465,465,541,1.48110516811,1.20136234634,1.15009450912,465,19.9096774194,9115,189,0,231,10221,
2288,1403715387.66,2,1006,428,428,578,1.50360576335,1.2787979696,1.13437640667,428,20.7009345794,9115,190,0,231,10221,
2289,1403715387.71,2,1007,429,429,578,1.48944075609,1.20823864639,1.11709427834,429,20.8834498834,9150,191,0,231,10221,
2290,1403715387.76,2,1007,427,427,580,1.50107310644,1.24968151349,1.17038345337,427,20.3278688525,9112,188,0,231,10221,
2291,1403715387.81,2,1008,415,415,593,1.535816559,1.34180334193,1.15683162212,415,20.2385542169,8817,183,0,231,10221,
2292,1403715387.86,2,1003,426,426,577,1.46547164362,1.19264285048,1.14206564426,426,21.1666666667,9115,190,0,231,10221,
2293,1403715387.91,2,1008,449,449,559,1.58680894213,1.31098398716,1.21784710884,449,19.9777282851,9115,190,1,231,10221,
2294,1403715387.96,2,1003,431,434,572,1.65799935323,1.39408613821,1.28012132645,431,21.5313225058,9090,191,0,232,10184,
2295,1403715388.01,2,1008,449,449,559,1.63483631328,1.39279262625,1.25190532207,449,21.5857461024,9078,191,0,232,10184,
2296,1403715388.06,2,1005,454,454,551,1.49091781218,1.23561872609,1.21810555458,454,21.6079295154,9078,191,0,232,10184,
2297,1403715388.11,2,1010,432,432,578,1.47094084905,1.22697020593,1.13028001785,432,21.2268518519,9078,191,0,232,10184,
2298,1403715388.16,2,1004,427,427,577,1.55589020787,1.24246680189,1.26485919952,427,21.7283372365,8623,182,0,232,10184,
2299,1403715388.21,2,1007,420,420,587,1.55584015866,1.25070659802,1.1636775732,420,22.7666666667,8623,182,0,232,10184,
2300,1403715388.26,2,1008,439,439,569,1.61727421144,1.25382817243,1.26691651344,439,22.3621867882,8790,184,0,232,10184,
2301,1403715388.31,2,1006,428,428,578,1.62234368854,1.34539462313,1.27609288692,428,21.9836448598,8623,182,0,232,10184,
2302,1403715388.36,2,1009,430,430,579,1.57777564636,1.33493774448,1.19364583492,430,22.0139534884,8980,188,0,232,10184,
2303,1403715388.41,2,1008,437,437,571,1.62959989977,1.31910375415,1.24325668812,437,22.1235697941,8980,188,0,232,10184,
2304,1403715388.46,2,1008,431,431,577,1.55632610395,1.30432268141,1.1495360136,431,21.5290023202,9146,190,0,232,10184,
2305,1403715388.51,2,1005,415,415,590,1.62410112987,1.35009660835,1.19238603115,415,21.4939759036,8581,179,0,232,10184,
2306,1403715388.56,2,1007,410,410,597,1.65186955182,1.3885810773,1.22636508942,410,21.4658536585,8616,181,0,232,10184,
2307,1403715388.61,2,1005,411,411,594,1.45272356814,1.15814314823,1.15653538704,411,21.7737226277,8615,181,0,232,10183,
2308,1403715388.66,2,1007,427,427,580,1.51869664306,1.20487666165,1.12638580799,427,21.9016393443,8615,181,0,232,10183,
2309,1403715388.71,2,1008,422,422,586,1.58725883926,1.28056986836,1.18276882172,422,21.4952606635,8605,180,1,231,10173,
2310,1403715388.76,2,1006,442,444,564,1.60735191589,1.26809441599,1.24758052826,442,20.721719457,8625,181,0,232,10183,
2311,1403715388.81,2,1002,435,435,567,1.5634993463,1.22052253767,1.24758291245,435,20.8344827586,8615,181,0,232,10183,
2312,1403715388.86,2,1007,438,438,569,1.58645709877,1.27086184485,1.22392237186,438,20.8287671233,8555,178,0,232,10183,
2313,1403715388.91,2,1004,429,429,575,1.6054357733,1.24783540464,1.21345162392,429,21.1025641026,8717,183,0,232,10183,
2314,1403715388.96,2,1006,442,442,564,1.53951243222,1.16883674406,1.21495306492,442,21.5180995475,8555,178,0,232,10183,
2315,1403715389.01,2,1007,442,442,565,1.61510713323,1.25815412577,1.27605676651,442,21.128959276,8770,183,0,232,10183,
2316,1403715389.06,2,1003,440,440,563,1.5908242771,1.33953590631,1.24480867386,440,22.3863636364,8774,182,0,232,10183,
2317,1403715389.11,2,1005,414,414,591,1.57727161791,1.28192612759,1.19308948517,414,21.7270531401,8770,183,0,232,10183,
2318,1403715389.16,2,1005,406,406,599,1.5503912765,1.27367100463,1.1968203783,406,22.6354679803,8555,178,0,232,10183,
2319,1403715389.21,2,1004,426,426,578,1.67473512801,1.33031367881,1.26281809807,426,21.5798122066,8552,177,0,232,10183,
2320,1403715389.26,2,1009,402,402,607,1.59885409587,1.31339819939,1.2039911747,402,21.6567164179,8538,176,0,232,10183,
2321,1403715389.31,2,1007,410,410,597,1.57043130577,1.17918357009,1.27876794338,410,21.8487804878,8582,179,0,232,10183,
2322,1403715389.36,2,1008,417,417,591,1.54086461336,1.22963447816,1.19936048985,417,21.9160671463,8555,178,0,232,10183,
2323,1403715389.41,2,1005,407,407,598,1.61389271283,1.28876682372,1.24926781654,407,21.5847665848,8555,178,0,232,10183,
2324,1403715389.46,2,1004,423,423,581,1.57867749007,1.25343223788,1.23480808735,423,21.8510638298,8520,177,0,232,10183,
2325,1403715389.51,2,1006,405,405,601,1.61187925201,1.34346654063,1.16981971264,405,21.5728395062,8519,177,0,232,10182,
2326,1403715389.56,2,1007,416,416,591,1.53031133748,1.24781951369,1.17549169064,416,21.40625,8542,177,0,232,10182,
2327,1403715389.61,2,1005,416,416,589,1.58865527477,1.30735603323,1.18692708015,416,21.1586538462,8478,174,1,232,10182,
2328,1403715389.66,2,1009,427,430,582,1.51516127668,1.18134534934,1.22316002846,427,21.7892271663,8492,176,0,233,10169,
2329,1403715389.71,2,1005,436,436,569,1.51547722446,1.12150661769,1.18831598759,436,21.3096330275,8496,177,0,233,10163,
2330,1403715389.76,2,1009,435,435,574,1.60064915483,1.24527189519,1.26314783096,435,21.3816091954,8496,177,0,233,10163,
2331,1403715389.81,2,1006,440,440,566,1.67210345891,1.33775553367,1.32857370377,440,20.8386363636,8496,177,0,233,10163,
2332,1403715389.86,2,1004,407,407,597,1.59715240863,1.22487820221,1.22531938553,407,21.8378378378,8508,177,0,233,10163,
2333,1403715389.91,2,1008,432,432,576,1.64369100616,1.40690940343,1.23497664928,432,21.474537037,8652,178,0,233,10163,
2334,1403715389.96,2,1009,421,421,588,1.54403459649,1.2335419861,1.1957410574,421,21.945368171,8706,181,0,233,10163,
2335,1403715390.01,2,1006,405,405,601,1.51941935096,1.28094558396,1.15082371235,405,22.8444444444,8500,178,0,233,10163,
2336,1403715390.06,2,1006,416,416,590,1.66439346371,1.31325001843,1.34198081493,416,22.3581730769,8628,179,0,233,10163,
2337,1403715390.11,2,1007,421,421,586,1.65682940077,1.35679249148,1.30759751797,421,21.7339667458,8628,179,0,233,10163,
2338,1403715390.16,2,1006,391,391,615,1.5940579172,1.37869754947,1.23002386093,391,22.1125319693,8735,182,0,233,10163,
2339,1403715390.21,2,1003,383,383,620,1.67820552996,1.38678144013,1.21860527992,383,22.0339425587,8593,178,0,233,10163,
2340,1403715390.26,2,1008,390,390,618,1.71854734604,1.41367560416,1.29902982712,390,23.2923076923,9033,190,0,233,10163,
2341,1403715390.31,2,1006,416,416,590,1.50554586936,1.26061114417,1.14296519756,416,22.1947115385,9032,191,0,233,10162,
2342,1403715390.36,2,1005,413,413,592,1.56441440311,1.26757326349,1.21081924438,413,22.3849878935,9088,196,0,233,10162,
2343,1403715390.41,2,1008,408,408,600,1.60662188144,1.30171343532,1.27346420288,408,21.7230392157,9060,194,0,231,10135,
2344,1403715390.46,2,1005,392,392,613,1.57062774591,1.29666190454,1.21044278145,392,22.4642857143,9060,193,1,231,10135,
2345,1403715390.51,2,1007,441,443,566,1.61888241677,1.26442899539,1.29154849052,441,22.4149659864,9087,194,0,232,10144,
2346,1403715390.56,2,1005,422,422,583,1.57622139,1.27061735062,1.1471452713,422,21.3199052133,9064,194,0,232,10139,
2347,1403715390.61,2,1007,434,434,573,1.60241852629,1.26235815727,1.25066447258,434,21.5207373272,9064,193,0,232,10139,
2348,1403715390.66,2,1007,425,425,582,1.67957529245,1.3101455227,1.35666131973,425,21.7952941176,9064,194,0,232,10139,
2349,1403715390.71,2,1004,418,418,586,1.61934762743,1.29485636589,1.23411536217,418,21.9497607656,9042,189,0,232,10139,
2350,1403715390.76,2,1005,411,411,594,1.69640924985,1.44355211343,1.23926389217,411,22.0948905109,9049,190,0,232,10139,
2351,1403715390.81,2,1008,406,406,602,1.61435195211,1.26381966093,1.28189897537,406,21.7906403941,9049,190,0,232,10139,
2352,1403715390.86,2,1008,397,397,611,1.61940538178,1.20869497616,1.24416267872,397,21.677581864,9049,190,0,232,10139,
2353,1403715390.91,2,1006,418,418,588,1.60899390018,1.24901535615,1.29749751091,418,20.980861244,9049,189,0,232,10139,
2354,1403715390.96,2,1005,429,429,576,1.65424294006,1.40729497471,1.20811402798,429,21.1794871795,9070,196,0,232,10139,
2355,1403715391.01,2,1010,433,433,577,1.68170208494,1.31242856898,1.30752694607,433,21.6581986143,8744,184,0,232,10139,
2356,1403715391.06,2,1007,414,414,593,1.66075964235,1.32613756277,1.3168618679,414,21.4444444444,9070,195,0,232,10139,
2357,1403715391.11,2,1003,423,423,580,1.67459403827,1.37632483582,1.19044697285,423,20.4349881797,9064,194,0,232,10139,
2358,1403715391.16,2,1004,440,440,564,1.70894213295,1.3739606433,1.33354187012,440,20.9090909091,9070,196,0,232,10139,
2359,1403715391.21,2,1005,444,444,561,1.72965678915,1.448958034,1.2876380682,444,20.713963964,9070,196,0,232,10139,
2360,1403715391.26,2,1004,441,441,563,1.60510982154,1.24724009953,1.2854257822,441,21.3015873016,9061,191,0,232,10139,
2361,1403715391.31,2,1006,416,416,590,1.67807232297,1.33642913482,1.24470102787,416,21.0721153846,9038,190,1,232,10139,
2362,1403715391.36,2,1006,457,460,549,1.68338959817,1.39714203957,1.26105439663,457,20.249452954,8768,179,0,233,10180,
2363,1403715391.41,2,1006,456,456,550,1.62266829901,1.28080337779,1.29309248924,456,20.2653508772,9020,180,0,233,10157,
2364,1403715391.46,2,1003,432,432,571,1.67816333859,1.40109379524,1.21976494789,432,20.3634259259,8834,178,0,233,10157,
2365,1403715391.51,2,1005,431,431,574,1.68926979205,1.51547457699,1.22437691689,431,20.030162413,8635,174,0,233,10157,
2366,1403715391.56,2,1003,423,423,580,1.61633886015,1.35374660196,1.20402860641,423,20.3546099291,8635,174,0,233,10157,
2367,1403715391.61,2,1008,434,434,574,1.62792065841,1.34388049522,1.26904714108,434,20.2511520737,8608,173,0,233,10157,
2368,1403715391.66,2,1004,436,436,568,1.59863130003,1.30967005925,1.19879162312,436,19.9266055046,8687,177,0,233,10157,
2369,1403715391.71,2,1003,450,450,553,1.66403112872,1.30975289327,1.30086708069,450,19.3488888889,8647,175,0,233,10157,
2370,1403715391.76,2,1009,442,442,567,1.72002922833,1.38573994336,1.38463819027,442,19.9909502262,8694,176,0,233,10157,
2371,1403715391.81,2,1006,450,450,556,1.68875053803,1.4194579202,1.29610514641,450,19.4844444444,8647,175,0,233,10157,
2372,1403715391.86,2,1006,432,432,574,1.68983036949,1.40795941277,1.31426441669,432,19.5023148148,8671,176,0,233,10157,
2373,1403715391.91,2,1005,446,446,559,1.74598317627,1.4288543221,1.32965445518,446,19.8632286996,8653,173,0,233,10157,
2374,1403715391.96,2,1008,435,435,573,1.74348399913,1.38513040381,1.36072516441,435,19.9057471264,8461,169,0,233,10157,
2375,1403715392.01,2,1004,429,429,575,1.64873991476,1.28168052679,1.34994781017,429,20.1188811189,8552,173,0,233,10157,
2376,1403715392.06,2,1007,423,423,584,1.64065069083,1.20342659002,1.3662071228,423,20.4208037825,8610,174,0,233,10157,
2377,1403715392.11,2,1007,441,441,566,1.73429252385,1.33939686497,1.3533424139,441,20.6213151927,8615,176,0,233,10157,
2378,1403715392.16,2,1003,446,446,557,1.69581402033,1.44269880596,1.32508444786,446,20.3161434978,8671,176,0,233,10157,
2379,1403715392.21,2,1003,465,465,538,1.76423240945,1.44940274128,1.33372271061,465,20.4387096774,8470,170,0,233,10157,
2380,1403715392.26,2,1008,434,434,574,1.7825265373,1.49951042288,1.39627742767,434,20.7995391705,8444,169,0,233,10157,
2381,1403715392.31,2,1003,434,434,569,1.75906724608,1.39011111924,1.4168869257,434,20.66359447,8444,169,0,233,10157,
2382,1403715392.36,2,1004,428,428,576,1.69767420321,1.21835724915,1.3881187439,428,21.1098130841,8376,166,0,233,10157,
2383,1403715392.41,2,1001,415,415,586,1.87498836966,1.45584601727,1.45668041706,415,20.6698795181,8511,170,0,233,10157,
2384,1403715392.46,2,990,389,389,601,1.71064140986,1.41505750891,1.29210865498,389,21.3264781491,8319,166,1,233,10157,
2385,1403715392.51,2,989,419,421,570,1.85315610874,1.42620447029,1.42687499523,419,21.1527446301,8267,165,0,234,10150,
2386,1403715392.56,2,982,418,418,564,1.79725274595,1.41802410137,1.42427027225,418,20.3588516746,8303,166,0,234,10139,
2387,1403715392.61,2,983,417,417,566,1.67781671739,1.30525421618,1.33235394955,417,20.4172661871,8284,164,0,234,10139,
2388,1403715392.66,2,974,403,403,571,1.67516034486,1.35535712852,1.3131929636,403,20.8709677419,8218,162,0,234,10139,
2389,1403715392.71,2,983,401,401,582,1.67456114058,1.36104114904,1.28325998783,401,20.6259351621,8237,164,0,234,10139,
2390,1403715392.76,2,974,393,393,581,1.67103773015,1.29949607863,1.33331084251,393,20.1221374046,8237,164,0,234,10139,
2391,1403715392.81,2,972,392,392,580,1.66955044186,1.31536471527,1.25190675259,392,19.8979591837,8202,163,0,234,10139,
2392,1403715392.86,2,972,409,409,563,1.6818808795,1.43882064528,1.2254730463,409,19.5085574572,8202,163,0,234,10139,
2393,1403715392.91,2,981,403,403,578,1.65262316258,1.32883874858,1.26515841484,403,19.8138957816,8656,172,0,234,10139,
2394,1403715392.96,2,974,410,410,564,1.67071683991,1.33730456091,1.32549619675,410,19.7487804878,8661,174,0,234,10139,
2395,1403715393.01,2,994,383,383,611,1.6805782714,1.3642576011,1.26508367062,383,20.5561357702,8632,175,0,234,10139,
2396,1403715393.06,2,983,396,396,587,1.70468076897,1.49027481869,1.28344023228,396,20.5277777778,8632,175,0,234,10139,
2397,1403715393.11,2,974,410,410,564,1.65482430633,1.41375565316,1.24718654156,410,20.6536585366,8744,177,0,234,10139,
2398,1403715393.16,2,984,402,402,582,1.61203506591,1.35677605972,1.19817245007,402,20.7313432836,8773,176,0,234,10138,
2399,1403715393.21,2,987,379,379,608,1.63762058383,1.42250663413,1.16356062889,379,21.0343007916,8706,169,0,234,10138,
2400,1403715393.26,2,966,403,403,563,1.58135165834,1.32518419261,1.24670600891,403,20.2630272953,8771,170,0,233,10128,
2401,1403715393.31,2,997,389,389,608,1.58863949969,1.3001894048,1.20285081863,389,21.4164524422,8634,166,1,233,10128,
2402,1403715393.36,2,999,411,412,588,1.62421593393,1.32810485991,1.19831132889,411,21.2311435523,8551,166,0,234,10125,
2403,1403715393.41,2,994,398,398,596,1.61820879667,1.20665371862,1.30461359024,398,21.108040201,8443,164,0,234,10109,
2404,1403715393.46,2,997,398,398,599,1.59088555847,1.31890584868,1.18676805496,398,21.5125628141,8525,164,0,234,10109,
2405,1403715393.51,2,991,402,402,589,1.49872701991,1.22081682854,1.13122010231,402,21.7189054726,8537,166,0,234,10109,
2406,1403715393.56,2,996,387,387,609,1.51092645962,1.13821265827,1.25313639641,387,21.834625323,8537,166,0,234,10109,
2407,1403715393.61,2,995,381,381,614,1.52978779104,1.12483069658,1.2385289669,381,21.7296587927,8820,177,0,234,10109,
2408,1403715393.66,2,1000,393,393,607,1.57854612562,1.34815464048,1.15497791767,393,21.6055979644,8794,174,0,234,10109,
2409,1403715393.71,2,999,379,379,620,1.49382145787,1.17505596405,1.13487398624,379,21.3139841689,8724,169,0,234,10109,
2410,1403715393.76,2,1003,377,377,626,1.48976424427,1.14454083211,1.18486726284,377,21.0185676393,8657,159,0,234,10109,
2411,1403715393.81,2,1002,369,369,633,1.53171403326,1.15485606306,1.21515250206,369,22.0406504065,8896,175,0,234,10109,
2412,1403715393.86,2,1002,408,408,594,1.54812264818,1.26585327577,1.18722128868,408,20.6985294118,8919,176,0,234,10109,
2413,1403715393.91,2,1001,403,403,598,1.50800940332,1.19412440034,1.21753430367,403,19.9602977667,8559,168,0,234,10109,
2414,1403715393.96,2,1004,402,402,602,1.45178040255,1.22855464823,1.07179093361,402,20.0174129353,8637,172,0,234,10109,
2415,1403715394.01,2,1005,398,398,607,1.50072374262,1.117088846,1.1432466507,398,19.4497487437,8445,165,0,232,10083,
2416,1403715394.06,2,1005,380,380,625,1.53047476537,1.17489163661,1.15807795525,380,20.0605263158,8445,165,1,232,10083,
2417,1403715394.11,2,1003,431,431,572,1.50172345701,1.17228025166,1.1921736002,431,19.5568445476,8495,168,0,233,10083,
2418,1403715394.16,2,998,402,402,596,1.48142019265,1.1435197605,1.17952597141,402,19.1094527363,8540,173,0,233,10083,
2419,1403715394.21,2,1001,393,393,608,1.51590086724,1.13681884223,1.24650084972,393,19.1832061069,8540,173,0,233,10083,
2420,1403715394.26,2,1003,407,407,596,1.54665694783,1.22616423158,1.16483438015,407,18.5356265356,8513,172,0,233,10083,
2421,1403715394.31,2,1001,393,393,608,1.50349776946,1.1359634623,1.22795963287,393,18.4631043257,8438,169,0,233,10083,
2422,1403715394.36,2,1000,392,392,608,1.47585518966,1.08032449924,1.22059416771,392,18.6071428571,8438,169,0,233,10083,
2423,1403715394.41,2,1002,381,381,621,1.53903414893,1.20678726458,1.18425440788,381,19.094488189,8399,168,0,233,10083,
2424,1403715394.46,2,1003,350,350,653,1.45429455253,1.07792760541,1.112819314,350,18.4171428571,8344,167,0,233,10083,
2425,1403715394.51,2,1001,345,345,656,1.44109125365,1.09506526456,1.18587124348,345,18.0782608696,8204,162,0,233,10083,
2426,1403715394.56,2,1004,353,353,651,1.50128346143,1.20284660219,1.08311522007,353,18.4645892351,8170,161,0,233,10083,
2427,1403715394.61,2,1001,391,391,610,1.44918918357,1.19875423698,1.0906137228,391,17.4296675192,8178,160,0,233,10082,
2428,1403715394.66,2,1003,382,382,621,1.43921408311,1.19130812965,1.04917216301,382,17.0759162304,8065,157,0,232,10075,
2429,1403715394.71,2,1007,371,371,636,1.36367469849,1.01439982206,1.09916555882,371,18.0026954178,8076,158,1,232,10075,
2430,1403715394.76,2,1005,377,377,628,1.31708974474,1.05573637816,1.03365588188,377,17.24933687,8070,158,0,233,10080,
2431,1403715394.81,2,1006,390,390,616,1.44165496078,1.16130404625,1.14853060246,390,17.3897435897,8070,158,0,233,10080,
2432,1403715394.86,2,1008,368,368,640,1.42514002145,1.17543665762,1.12911534309,368,17.785326087,8070,158,0,233,10080,
2433,1403715394.91,2,1002,371,371,631,1.33576072249,1.01077389213,1.05586659908,371,17.3045822102,8070,158,0,233,10080,
2434,1403715394.96,2,1005,366,366,639,1.3880982487,1.07725803585,1.11553549767,366,18.218579235,7867,156,0,233,10080,
2435,1403715395.01,2,1005,364,364,641,1.40674290036,0.951357736022,1.22515046597,364,17.543956044,7522,149,0,233,10080,
2436,1403715395.06,2,1007,336,336,671,1.40035147263,1.02149945032,1.17795097828,336,18.4017857143,7522,149,0,233,10080,
2437,1403715395.11,2,1007,344,344,663,1.36477755049,1.08755672686,1.12818026543,344,17.3197674419,7535,151,0,233,10080,
2438,1403715395.16,2,1003,345,345,658,1.36636745282,1.0162291763,1.17819845676,345,17.5420289855,7548,153,0,233,10080,
2439,1403715395.21,2,1004,344,344,660,1.30458588547,0.967085188165,1.03899168968,344,17.5872093023,7536,152,0,233,10080,
2440,1403715395.26,2,1010,349,349,661,1.41455390737,1.07408203419,1.13047361374,349,17.2664756447,7534,151,0,233,10079,
2441,1403715395.31,2,1005,344,344,661,1.33003862245,1.04606230009,1.03345954418,344,17.4709302326,7534,151,0,233,10079,
2442,1403715395.36,2,1006,353,353,653,1.38134615076,1.0644943642,1.12526679039,353,16.7932011331,7457,146,0,232,10068,
2443,1403715395.41,2,1005,344,344,661,1.384414938,1.12303659076,1.05336916447,344,16.101744186,7130,140,1,232,10068,
2444,1403715395.46,2,1002,376,376,626,1.27977164106,0.938877600863,1.03424370289,376,15.8590425532,7146,140,0,233,10084,
2445,1403715395.51,2,1004,368,368,636,1.42341081351,1.17014124255,1.05761122704,368,15.6005434783,7236,142,0,233,10084,
2446,1403715395.56,2,1007,359,359,648,1.34023627612,1.04913186017,1.06683981419,359,14.4122562674,7200,141,0,233,10084,
2447,1403715395.61,2,1005,334,334,671,1.36987198783,1.05313123222,1.07940554619,334,14.7095808383,7086,137,0,233,10084,
2448,1403715395.66,2,1006,324,324,682,1.39612849601,1.1484158427,1.05804765224,324,13.25,6918,130,0,233,10084,
2449,1403715395.71,2,1006,318,318,688,1.37316815228,1.02248652379,1.11897408962,318,13.6761006289,6853,127,0,233,10084,
2450,1403715395.76,2,1006,328,328,678,1.463277389,1.18470999264,1.12540996075,328,13.5548780488,6731,123,0,233,10084,
2451,1403715395.81,2,1007,308,308,699,1.52243796773,1.14182171923,1.20294523239,308,13.8311688312,6788,126,0,233,10084,
2452,1403715395.86,2,1002,288,288,714,1.47347534294,1.23793773289,1.08057498932,288,13.1909722222,6788,126,0,233,10084,
2453,1403715395.91,2,1003,315,315,688,1.39122836981,1.10305484705,1.13763141632,315,12.980952381,6376,111,0,233,10083,
2454,1403715395.96,2,1006,317,317,689,1.45167678905,1.10799687975,1.05565297604,317,12.4637223975,6400,111,0,232,10069,
2455,1403715396.01,2,1009,297,297,712,1.30975945194,1.20270990267,0.931978881359,297,12.9326599327,6536,111,1,232,10069,
2456,1403715396.06,2,1005,342,342,663,1.40743476366,1.12868816048,1.06585919857,342,12,6561,109,0,233,10100,
2457,1403715396.11,2,1007,341,341,666,1.45194540597,1.29551116506,1.08336997032,341,11.4105571848,6034,103,0,233,10100,
2458,1403715396.16,2,1006,317,317,689,1.46984194038,1.26200688373,1.03535699844,317,11.0630914826,5932,99,0,233,10100,
2459,1403715396.21,2,1008,313,313,695,1.41311097671,1.0747748821,1.08451294899,313,10.9329073482,5851,98,0,233,10100,
2460,1403715396.26,2,1007,319,319,688,1.34679201355,1.08304868759,1.05547535419,319,11.0031347962,5858,98,0,233,10100,
2461,1403715396.31,2,1004,314,314,690,1.46571066836,1.24628911281,1.14929461479,314,11.2579617834,5946,100,0,233,10100,
2462,1403715396.36,2,1010,327,327,683,1.3712336787,1.20549700744,1.00672376156,327,11.4923547401,5858,99,0,233,10099,
2463,1403715396.41,2,1005,330,330,675,1.30881850989,1.03742182942,1.01931369305,330,11.4121212121,5876,100,0,233,10099,
2464,1403715396.46,2,1006,321,321,685,1.32434366517,1.10125192709,1.05028951168,321,11.6791277259,6056,104,1,233,10099,
2465,1403715396.51,2,1006,370,370,636,1.29304554928,0.937989302526,1.03518843651,370,11.7783783784,5987,104,0,234,10107,
2466,1403715396.56,2,1006,354,354,652,1.36297894867,1.21571444354,0.935996830463,354,11.5508474576,5884,101,0,234,10107,
2467,1403715396.61,2,1004,346,346,658,1.43385401719,1.08308907308,1.10202872753,346,11.6271676301,5802,100,0,234,10107,
2468,1403715396.66,2,1008,332,332,676,1.45516854394,1.27580800621,1.09378111362,332,11.9789156627,5917,103,0,234,10107,
2469,1403715396.71,2,1010,324,324,686,1.28753839068,1.11809844617,0.996281266212,324,11.2901234568,5597,94,0,232,10083,
2470,1403715396.76,2,1006,316,316,690,1.38358993043,1.17479859534,1.11680328846,316,11.0791139241,5395,87,1,232,10083,
2471,1403715396.81,2,1004,352,352,652,1.38398841995,1.16826933339,1.10195720196,352,11.1590909091,5281,82,0,233,10114,
2472,1403715396.86,2,1009,351,351,658,1.42235175229,1.11993120388,1.06703174114,351,10.8689458689,5231,83,0,233,10114,
2473,1403715396.91,2,1005,343,343,662,1.44523894077,1.36196500611,1.04226338863,343,10.7346938776,5387,84,0,233,10114,
2474,1403715396.96,2,1007,340,340,667,1.34439832218,1.12400653284,0.993181526661,340,10.8588235294,5292,83,0,233,10114,
2475,1403715397.01,2,1003,332,332,671,1.40225278074,1.21770980243,1.03339409828,332,11.1204819277,5227,81,0,232,10101,
2476,1403715397.06,2,1003,334,334,669,1.38048127996,1.18862101437,1.02403211594,334,10.8353293413,5314,81,1,232,10101,
2477,1403715397.11,2,1008,373,373,635,1.45783292391,1.25945930721,1.0623934269,373,10.1474530831,5337,82,0,233,10154,
2478,1403715397.16,2,1004,343,343,661,1.35070415908,1.17570492386,0.965482056141,343,10.5626822157,5337,82,0,233,10154,
2479,1403715397.21,2,1007,339,339,668,1.40450151734,1.06456264476,1.04924225807,339,10.3215339233,5367,82,0,233,10154,
2480,1403715397.26,2,1006,355,355,651,1.32269241735,1.05318892158,0.992954969406,355,10.4732394366,5299,81,0,233,10154,
2481,1403715397.31,2,1009,362,362,647,1.27689002625,0.950890062283,1.03814017773,362,10.2237569061,5242,81,0,233,10154,
2482,1403715397.36,2,1005,350,350,655,1.35848094439,1.1070910727,1.08273935318,350,9.88857142857,5367,82,1,233,10154,
2483,1403715397.41,2,1003,399,399,604,1.37542040276,1.10692477454,1.08705699444,399,10.0977443609,5320,81,0,234,10194,
2484,1403715397.46,2,1007,392,392,615,1.41149490135,1.19618988984,1.0730420351,392,10.1147959184,5320,81,0,234,10194,
2485,1403715397.51,2,1005,408,408,597,1.44637064899,1.03410223173,1.24398314953,408,10.5490196078,5320,81,0,234,10194,
2486,1403715397.56,2,1007,399,399,608,1.39856701682,1.16146776606,1.02285909653,399,9.87719298246,5317,81,0,233,10176,
2487,1403715397.61,2,1002,376,376,626,1.45890249296,1.1702192202,1.14269053936,376,9.76861702128,5328,81,1,233,10176,
2488,1403715397.66,2,1007,422,422,585,1.41239682761,1.20226542232,1.08295667171,422,10.0876777251,5389,81,0,234,10207,
2489,1403715397.71,2,1008,401,401,607,1.43244348805,1.18952392226,1.07339012623,401,10.1620947631,5437,81,0,234,10207,
2490,1403715397.76,2,1004,395,395,609,1.49305175361,1.15982134254,1.17256188393,395,9.84556962025,5388,81,0,234,10207,
2491,1403715397.81,2,1007,408,408,599,1.52681776824,1.30601775605,1.14761447906,408,9.67647058824,5462,81,0,234,10206,
2492,1403715397.86,2,1006,399,399,607,1.45865202609,1.25106290811,1.07796657085,399,10.1428571429,5213,81,1,234,10206,
2493,1403715397.91,2,1005,453,453,552,1.44623794662,1.2571727492,1.0041693449,453,10.5209713024,5271,81,0,235,10267,
2494,1403715397.96,2,1010,415,415,595,1.44360532347,1.2444656314,1.02137005329,415,10.713253012,4877,70,0,235,10267,
2495,1403715398.01,2,1003,420,420,583,1.4710017858,1.17869252919,1.11791074276,420,10.5642857143,4954,73,0,235,10267,
2496,1403715398.06,2,1006,412,412,594,1.40448754625,1.0987378444,1.0841293335,412,10.2427184466,5149,79,0,235,10267,
2497,1403715398.11,2,1008,401,401,607,1.49280447923,1.35646777165,1.15337312222,401,10.0174563591,4821,69,1,234,10260,
2498,1403715398.16,2,1003,431,431,572,1.43214452531,1.14182495297,1.09440052509,431,10.5150812065,4704,72,0,235,10279,
2499,1403715398.21,2,1010,403,403,607,1.44762777323,1.09349740489,1.14687979221,403,10.6674937965,4873,73,0,235,10279,
2500,1403715398.26,2,1005,382,382,623,1.50910535894,1.1113679989,1.22325098515,382,10.9842931937,5249,81,0,235,10279,
2501,1403715398.31,2,1005,416,416,589,1.38676970427,1.12500669104,1.07343184948,416,10.6610576923,5385,81,0,235,10279,
2502,1403715398.36,2,1009,414,414,595,1.42354388947,1.26995054878,1.07623827457,414,10.9927536232,5169,81,1,235,10279,
2503,1403715398.41,2,1008,438,438,570,1.4006555163,1.19015761028,1.06895828247,438,11.5068493151,5242,81,0,236,10300,
2504,1403715398.46,2,1003,419,419,584,1.39382536715,1.12419230832,1.0725646019,419,11.2744630072,5190,82,0,236,10300,
2505,1403715398.51,2,1007,419,419,588,1.44045265262,1.17365910108,1.08693766594,419,11.3937947494,5147,81,0,236,10300,
2506,1403715398.56,2,1010,436,436,574,1.41565303356,1.12542010586,1.09228515625,436,11.5114678899,5145,81,0,236,10298,
2507,1403715398.61,2,1007,423,423,584,1.45245815969,1.33578719422,1.06899380684,423,11.2104018913,5171,81,1,236,10298,
2508,1403715398.66,2,1006,464,464,542,1.32913494992,1.13326076704,1.00319600105,464,11.6357758621,5160,81,0,237,10319,
2509,1403715398.71,2,1009,415,415,594,1.42844352012,1.17303914015,1.08996701241,415,12.3325301205,5163,81,0,237,10319,
2510,1403715398.76,2,1006,403,403,603,1.49487667307,1.31479245032,1.11918067932,403,12.0049627792,5170,81,0,237,10317,
2511,1403715398.81,2,1007,409,409,598,1.4207393419,1.23424360389,1.04278111458,409,11.662591687,5105,81,0,236,10303,
2512,1403715398.86,2,1005,404,404,601,1.45994551677,1.22051761891,1.13352692127,404,11.4603960396,5049,81,1,236,10303,
2513,1403715398.91,2,1008,430,430,578,1.47711443116,1.31750537863,1.06558060646,430,12.188372093,5057,81,0,237,10328,
2514,1403715398.96,2,1008,438,438,570,1.49800891905,1.27688159203,1.1186747551,438,12.2648401826,5112,81,0,237,10328,
2515,1403715399.01,2,1007,427,427,580,1.45371948982,1.16269977097,1.15466809273,427,12.2365339578,5112,81,0,237,10328,
2516,1403715399.06,2,1004,425,425,579,1.43093883476,1.15667917464,1.11507081985,425,11.9529411765,5112,81,0,237,10328,
2517,1403715399.11,2,1004,435,435,569,1.397266924,1.17590334712,1.04946446419,435,11.4804597701,4970,77,0,237,10328,
2518,1403715399.16,2,1009,456,456,553,1.34129181334,1.07333762984,1.05211114883,456,11.3333333333,5131,82,0,237,10328,
2519,1403715399.21,2,1006,442,442,564,1.38076831809,1.13467996402,1.12620556355,442,11.6040723982,4926,76,0,237,10328,
2520,1403715399.26,2,1008,437,437,571,1.28776469503,1.02796565429,0.995702803135,437,11.5652173913,5121,82,0,237,10328,
2521,1403715399.31,2,1007,440,440,567,1.3322785537,1.13292283574,1.03663742542,440,11.525,5121,82,0,237,10328,
2522,1403715399.36,2,1004,433,433,571,1.29228603654,1.02740578335,1.00303792953,433,11.8452655889,5219,81,0,237,10328,
2523,1403715399.41,2,1008,449,449,559,1.31467309308,1.11241989585,0.982826709747,449,11.6815144766,5168,81,0,237,10328,
2524,1403715399.46,2,1007,444,444,563,1.3103619034,1.06036034643,1.03967285156,444,11.6621621622,5248,82,0,237,10328,
2525,1403715399.51,2,1006,447,447,559,1.28191468806,1.0922971994,0.968859195709,447,11.5592841163,5218,81,0,237,10328,
2526,1403715399.56,2,1004,456,456,548,1.37657160346,1.19757213067,1.03959286213,456,11.798245614,5227,82,0,237,10328,
2527,1403715399.61,2,1002,429,429,573,1.25642261691,1.12376539141,0.926753401756,429,11.6573426573,5100,81,1,237,10328,
2528,1403715399.66,2,1006,455,455,551,1.28590957888,1.14155375755,0.953997731209,455,12.1824175824,5206,81,0,238,10333,
2529,1403715399.71,2,1006,435,435,571,1.38981925486,1.23108430431,1.0245552063,435,12.2505747126,5315,81,0,238,10333,
2530,1403715399.76,2,1008,431,431,577,1.3234773242,1.14146182324,0.998248577118,431,12.3271461717,5026,76,0,238,10333,
2531,1403715399.81,2,1005,429,429,576,1.2837577491,1.15400258019,0.941045641899,429,12.0815850816,5026,76,0,238,10333,
2532,1403715399.86,2,1006,431,431,575,1.31488375401,1.18327653331,0.95753711462,431,12.1693735499,4896,72,1,238,10333,
2533,1403715399.91,2,1010,457,457,553,1.39160263302,1.23237802127,1.02296221256,457,12.3479212254,4908,73,0,239,10345,
2534,1403715399.96,2,1004,460,460,544,1.3305137359,1.07756401538,1.04635286331,460,12.6652173913,5322,81,0,239,10345,
2535,1403715400.01,2,1005,440,440,565,1.2690594531,1.08864008696,0.939880251884,440,12.4840909091,5322,81,0,239,10345,
2536,1403715400.06,2,1009,429,429,580,1.26623196705,1.01769810016,0.955040931702,429,12.0932400932,5224,83,1,238,10331,
2537,1403715400.11,2,1003,438,438,565,1.36102551338,1.24365540653,1.01374781132,438,12.8584474886,5370,86,0,239,10349,
2538,1403715400.16,2,1007,444,444,563,1.36315689525,1.16085700492,1.00212705135,444,13.0337837838,5370,86,0,239,10349,
2539,1403715400.21,2,1005,433,433,572,1.41992349522,1.1253782522,1.08500385284,433,12.8383371824,5238,85,0,239,10348,
2540,1403715400.26,2,1007,427,427,580,1.30948570837,1.04809071234,1.04219889641,427,13.1100702576,5221,84,1,239,10348,
2541,1403715400.31,2,1009,416,416,593,1.44600071655,1.19586307504,1.06849610806,416,14.1875,5401,86,0,240,10352,
2542,1403715400.36,2,1004,394,394,610,1.4288369139,1.19059084587,1.09890019894,394,13.7944162437,5440,88,0,240,10352,
2543,1403715400.41,2,1008,371,371,637,1.43963714896,1.1882068915,1.1241004467,371,14.0242587601,5240,87,0,240,10352,
2544,1403715400.46,2,1004,388,388,616,1.41565958938,1.17255437252,1.08210361004,388,14.7268041237,5225,85,0,240,10352,
2545,1403715400.51,2,1009,365,365,644,1.54059408783,1.2957121904,1.20283019543,365,14.4054794521,5427,87,1,239,10339,
2546,1403715400.56,2,1011,373,373,638,1.49141687884,1.15212894376,1.18603765965,373,14.8150134048,5550,92,0,240,10348,
2547,1403715400.61,2,1007,341,341,666,1.66889368751,1.40963433762,1.30870604515,341,15.2316715543,5892,101,0,240,10348,
2548,1403715400.66,2,1007,325,325,682,1.57054828346,1.34345112875,1.14293706417,325,14.6215384615,5487,90,0,240,10348,
2549,1403715400.71,2,1005,322,322,683,1.76961802904,1.40207974262,1.43594157696,322,15.4627329193,5799,101,0,240,10348,
2550,1403715400.76,2,1007,318,318,689,1.7381230234,1.31078128117,1.38240695,318,15.1194968553,5994,104,0,239,10326,
2551,1403715400.81,2,1005,285,285,720,1.69522674003,1.19965362996,1.4091283083,285,14.8526315789,6139,110,1,239,10326,
2552,1403715400.86,2,1003,307,307,696,1.72085475357,1.36988758166,1.33875072002,307,14.657980456,6068,109,0,240,10340,
2553,1403715400.91,2,1002,297,297,705,1.73743906539,1.34701264429,1.34365165234,297,15.8585858586,6068,109,0,240,10340,
2554,1403715400.96,2,1009,275,275,734,1.75597103555,1.28014264832,1.46299421787,275,16.5163636364,6153,111,0,240,10340,
2555,1403715401.01,2,1008,263,263,745,1.79264158612,1.36214640244,1.40001785755,263,15.8783269962,6153,111,0,240,10340,
2556,1403715401.06,2,1003,266,267,737,1.81266721002,1.31812127815,1.48004627228,266,15.4473684211,6390,114,0,239,10321,
2557,1403715401.11,2,1008,258,258,750,1.82194082788,1.40572373578,1.38243627548,258,15.7248062016,6371,113,1,239,10321,
2558,1403715401.16,2,1005,280,280,725,1.75947324101,1.31018574913,1.43189799786,280,14.6071428571,6450,115,0,240,10369,
2559,1403715401.21,2,1005,278,278,727,1.7981145401,1.43377060152,1.33067834377,278,14.4856115108,6404,113,0,240,10369,
2560,1403715401.26,2,1006,260,260,746,1.88875247332,1.47534227503,1.51988387108,260,14.8846153846,6315,113,0,240,10369,
2561,1403715401.31,2,1002,250,250,752,1.92033439779,1.54365494986,1.48516571522,250,14.364,6634,119,0,240,10369,
2562,1403715401.36,2,1006,256,256,750,2.05477969983,1.58670621144,1.63214969635,256,14.26171875,6694,121,0,240,10369,
2563,1403715401.41,2,1007,253,253,754,2.00406020079,1.50740118598,1.5216190815,253,13.4822134387,6694,121,0,240,10369,
2564,1403715401.46,2,1005,224,224,781,2.03258021568,1.43017472379,1.79445660114,224,15.21875,6694,121,1,240,10369,
2565,1403715401.51,2,1002,254,254,748,1.88579116527,1.53988175253,1.42551219463,254,13.9173228346,6841,127,0,241,10403,
2566,1403715401.56,2,1004,256,256,748,1.97111913576,1.42070994813,1.64683198929,256,13.421875,6287,113,0,241,10403,
2567,1403715401.61,2,1004,240,240,764,2.04285327097,1.50034688443,1.66897666454,240,13.2583333333,6453,115,0,241,10403,
2568,1403715401.66,2,1007,232,232,775,2.18857690425,1.63584281361,1.79766607285,232,13.8836206897,6443,114,0,241,10403,
2569,1403715401.71,2,1001,227,227,774,2.06710241433,1.47459744707,1.67905426025,227,13.8017621145,6295,111,0,241,10403,
2570,1403715401.76,2,1007,217,217,790,2.02489539274,1.53884213043,1.60206496716,217,14.1244239631,6132,110,0,241,10403,
2571,1403715401.81,2,1002,219,219,783,2.16827800707,1.55735627361,1.68574428558,219,14.1050228311,6132,110,0,241,10403,
2572,1403715401.86,2,1005,191,191,814,2.02145215403,1.32469691586,1.76942360401,191,14.3193717277,6132,110,1,241,10403,
2573,1403715401.91,2,1006,216,216,790,2.0594990835,1.44374415206,1.64869821072,216,13.337962963,5844,108,0,242,10412,
2574,1403715401.96,2,1007,203,203,804,2.11309784563,1.43913263488,1.85622239113,203,13.7192118227,6187,112,0,242,10412,
2575,1403715402.01,2,1005,202,202,803,2.17076216719,1.56729797102,1.93365061283,202,13.8811881188,6037,110,0,242,10412,
2576,1403715402.06,2,1007,188,188,819,2.0344906808,1.21720485875,1.90657019615,188,14.1914893617,6099,112,0,242,10412,
2577,1403715402.11,2,1004,211,211,793,1.91655311492,1.3762141641,1.63138306141,211,14.0900473934,5899,108,0,242,10412,
2578,1403715402.16,2,1003,200,200,803,2.0404624192,1.43833714542,1.73765993118,200,14.255,6209,111,0,241,10398,
2579,1403715402.21,2,1003,182,182,821,1.84021509774,1.34131076975,1.59440684319,182,15.0384615385,6085,111,1,241,10398,
2580,1403715402.26,2,1001,220,220,781,1.81198710244,1.35495989248,1.43186426163,220,12.6863636364,6166,110,0,242,10452,
2581,1403715402.31,2,1002,212,212,790,1.89445397223,1.35039946091,1.5414018631,212,12.1839622642,6210,111,0,242,10452,
2582,1403715402.36,2,1003,222,222,781,1.98477601596,1.49577603875,1.54082357883,222,12.1171171171,6113,109,0,242,10452,
2583,1403715402.41,2,1005,200,200,805,1.88939245142,1.39512208575,1.531919837,200,12.765,5905,107,0,242,10452,
2584,1403715402.46,2,1005,186,186,819,1.81951484224,1.24684263179,1.37353599072,186,12.6774193548,6076,110,0,242,10451,
2585,1403715402.51,2,1000,196,196,804,1.90919302229,1.48211328519,1.50408232212,196,13.4132653061,6731,125,1,242,10451,
2586,1403715402.56,2,1001,260,260,741,2.05103528462,1.48116185965,1.67865824699,260,10.9615384615,6782,123,0,243,10538,
2587,1403715402.61,2,1003,241,241,762,2.08406408218,1.5859841306,1.59240424633,241,11.755186722,6708,123,0,243,10538,
2588,1403715402.66,2,1004,233,233,771,2.21326322032,1.65851433947,1.72482168674,233,12.6652360515,6708,123,0,243,10538,
2589,1403715402.71,2,1002,227,227,775,2.11200307743,1.610713651,1.76413464546,227,12.5110132159,6797,126,0,243,10538,
2590,1403715402.76,2,1006,221,221,785,2.12582514499,1.63354967017,1.73938441277,221,12.7737556561,6797,126,0,243,10538,
2591,1403715402.81,2,1001,212,212,789,2.11397704018,1.68729274689,1.59804093838,212,11.9103773585,6797,126,0,243,10538,
2592,1403715402.86,2,1002,203,203,799,2.07344116278,1.48951765158,1.6285943985,203,13.2709359606,6797,126,0,243,10538,
2593,1403715402.91,2,1001,196,196,805,2.13709264823,1.59472174866,1.75478899479,196,12.8010204082,6809,125,0,243,10538,
2594,1403715402.96,2,1001,198,198,803,2.1033320495,1.66695705371,1.58615815639,198,13.0909090909,6614,119,0,243,10537,
2595,1403715403.01,2,1001,186,186,815,2.08973506694,1.37853912246,1.70966815948,186,12.5537634409,6589,118,0,243,10537,
2596,1403715403.06,2,1001,178,178,823,2.09068898698,1.62185625108,1.55754947662,178,12.9157303371,6589,118,1,243,10537,
2597,1403715403.11,2,1004,181,181,823,2.08268260227,1.64336359633,1.64191091061,181,13.2044198895,6799,127,0,244,10540,
2598,1403715403.16,2,1002,177,177,825,2.00331755307,1.53107053415,1.65274131298,177,13.2146892655,6799,127,0,244,10540,
2599,1403715403.21,2,1003,163,163,840,2.00510261999,1.63050233836,1.46116566658,163,12.6196319018,5925,110,0,244,10540,
2600,1403715403.26,2,1001,156,156,845,1.92482657659,1.3988551982,1.52107048035,156,12.7948717949,5970,106,0,244,10540,
2601,1403715403.31,2,1001,165,165,836,2.20688698581,1.68407317161,1.86745989323,165,13.1272727273,5841,106,0,244,10540,
2602,1403715403.36,2,1001,149,149,852,1.98276608962,1.38286802937,1.61133098602,149,13.0067114094,5731,107,0,244,10540,
2603,1403715403.41,2,1001,156,156,845,2.0316366838,1.5920229398,1.63525307178,156,12.2564102564,5469,98,0,244,10539,
2604,1403715403.46,2,1001,167,167,834,2.02502067574,1.56312316229,1.58971273899,167,12.1856287425,5615,105,1,244,10539,
2605,1403715403.51,2,1002,201,201,801,1.89925844111,1.51690177533,1.5567432642,201,11.2487562189,6642,120,0,245,10590,
2606,1403715403.56,2,1002,198,198,804,1.73725404752,1.34970967538,1.39053118229,198,12.1262626263,6642,120,0,245,10590,
2607,1403715403.61,2,1001,179,179,822,1.93296591958,1.38777370282,1.56413328648,179,12.4189944134,6760,125,0,245,10590,
2608,1403715403.66,2,1002,171,171,831,2.08556764516,1.64785717519,1.59600758553,171,10.9766081871,5836,108,0,245,10590,
2609,1403715403.71,2,1001,176,176,825,1.74471047394,1.24579835105,1.4258005619,176,12.0340909091,6315,113,0,245,10590,
2610,1403715403.76,2,1002,179,179,823,1.89978310611,1.33551124534,1.66812121868,179,11.6145251397,5781,108,0,245,10590,
2611,1403715403.81,2,1004,177,177,827,1.92679082556,1.35576391625,1.55058693886,177,13.7288135593,6912,127,1,245,10590,
2612,1403715403.86,2,1004,231,231,773,1.83011460882,1.36243060241,1.43173289299,231,10.7965367965,7248,135,0,246,10660,
2613,1403715403.91,2,1000,222,222,778,1.9274363158,1.35600488344,1.5892111063,222,11.4189189189,7127,133,0,246,10660,
2614,1403715403.96,2,1003,205,205,798,1.86033771827,1.36708349252,1.53967618942,205,11.4048780488,7125,132,0,246,10660,
2615,1403715404.01,2,1001,212,212,789,2.00762777537,1.61349252211,1.539270401,212,11.5990566038,7247,135,0,246,10660,
2616,1403715404.06,2,1003,213,213,790,1.99145746315,1.40644144847,1.60654091835,213,12.6056338028,6795,123,0,246,10660,
2617,1403715404.11,2,1003,191,191,812,2.02860378353,1.63568485097,1.57450187206,191,12.4345549738,6913,126,0,246,10660,
2618,1403715404.16,2,1003,190,190,813,2.02154398412,1.34649484209,1.6809207201,190,12.1263157895,6922,125,0,246,10660,
2619,1403715404.21,2,1001,171,171,830,2.12421099136,1.72186220341,1.38878798485,171,13.0526315789,7337,132,0,246,10658,
2620,1403715404.26,2,1007,165,165,842,2.09187792698,1.41425382144,1.80204105377,165,13.8060606061,7369,142,1,246,10658,
2621,1403715404.31,2,1006,214,214,792,1.85709932119,1.44898283464,1.43353748322,214,12.0420560748,7474,142,0,247,10686,
2622,1403715404.36,2,1004,218,218,786,2.18699978087,1.59380521971,1.75495290756,218,12.6697247706,7571,145,0,247,10686,
2623,1403715404.41,2,1005,210,210,795,2.15108741171,1.69936920004,1.65808999538,210,12.1523809524,7589,146,0,247,10686,
2624,1403715404.46,2,1005,208,208,797,2.14039267924,1.45237351616,1.7715831995,208,13.0288461538,7715,150,0,247,10686,
2625,1403715404.51,2,1005,185,185,820,2.14168732738,1.51050902393,1.78420031071,185,13.7081081081,7710,149,0,247,10686,
2626,1403715404.56,2,1001,182,182,819,2.08727252823,1.48810144428,1.63967084885,182,12.6373626374,7710,149,0,247,10686,
2627,1403715404.61,2,1005,183,183,822,2.22850582069,1.56036730198,1.89794874191,183,13.4262295082,7710,149,0,247,10686,
2628,1403715404.66,2,1005,191,191,814,2.29145598817,1.74640099291,1.82621371746,191,13.7643979058,7732,151,0,247,10683,
2629,1403715404.71,2,1003,188,188,815,2.01828761969,1.54805505873,1.54853987694,188,14.1595744681,7733,151,0,247,10683,
2630,1403715404.76,2,1007,177,177,830,2.12667299521,1.59016169188,1.66258955002,177,15.0169491525,7580,145,1,247,10683,
2631,1403715404.81,2,1004,207,207,797,2.13307926793,1.65904327004,1.66849792004,207,12.3381642512,7494,144,0,248,10682,
2632,1403715404.86,2,1003,215,215,788,2.13599027156,1.5232913499,1.75653040409,215,13.3860465116,7512,144,0,248,10682,
2633,1403715404.91,2,1005,197,197,808,2.13262320541,1.60487438139,1.66525053978,197,13.9746192893,7512,144,0,248,10682,
2634,1403715404.96,2,1000,189,189,811,2.20790892631,1.57559898143,1.8513469696,189,12.9417989418,7496,144,0,248,10682,
2635,1403715405.01,2,1007,177,177,830,2.30384856852,1.75930757287,1.82613658905,177,13.2372881356,7452,143,0,248,10682,
2636,1403715405.06,2,1004,173,173,831,2.27291503001,1.73282060645,1.71098995209,173,14.4971098266,7243,134,0,248,10682,
2637,1403715405.11,2,1007,160,160,847,2.24288560185,1.5758866267,1.9841811657,160,14.575,6888,126,0,248,10682,
2638,1403715405.16,2,1003,149,149,854,2.30606232819,1.65675420393,1.84014511108,149,14.7516778523,7364,136,0,248,10682,
2639,1403715405.21,2,1005,140,140,865,2.13971204651,1.56551034122,1.76206791401,140,15.1285714286,7169,132,0,248,10682,
2640,1403715405.26,2,1002,149,149,853,2.1702362803,1.64044981883,1.65503680706,149,14.3422818792,7322,135,0,248,10680,
2641,1403715405.31,2,1004,146,146,858,2.25626347543,1.64526345244,1.87548780441,146,16.3356164384,7289,134,0,248,10680,
2642,1403715405.36,2,1003,149,149,854,1.96793409587,1.45788452892,1.6704852581,149,15.7181208054,7684,149,1,248,10680,
2643,1403715405.41,2,1002,177,177,825,1.93604282355,1.44781315868,1.5819863081,177,13.5593220339,7949,157,0,249,10699,
2644,1403715405.46,2,1001,176,176,825,2.04845056547,1.56805300829,1.59989690781,176,14.1136363636,8084,164,0,249,10699,
2645,1403715405.51,2,994,158,158,836,1.97324065416,1.40696403085,1.61351633072,158,14.9873417722,8084,164,0,249,10699,
2646,1403715405.56,2,978,148,148,830,1.85736525089,1.35094460696,1.48078894615,148,14.2297297297,7791,155,0,249,10699,
2647,1403715405.61,2,957,152,152,805,1.84808629614,1.12328801719,1.62023258209,152,15.875,7815,155,0,249,10699,
2648,1403715405.66,2,956,148,148,808,1.95456009479,1.30871884242,1.68631863594,148,17.2567567568,8082,162,0,249,10699,
2649,1403715405.71,2,955,133,133,822,1.8048104199,1.10358256686,1.64674770832,133,16.5112781955,8056,160,0,249,10699,
2650,1403715405.76,2,946,143,143,803,1.94155271007,1.29655286804,1.69668328762,143,17.1258741259,8773,176,0,249,10699,
2651,1403715405.81,2,956,130,130,826,1.89244336578,1.35965760422,1.62991476059,130,16.6846153846,8940,182,0,249,10699,
2652,1403715405.86,2,952,128,128,824,1.7732844491,1.25717797837,1.51582312584,128,17.3515625,8608,167,0,249,10697,
2653,1403715405.91,2,967,118,118,849,1.9749554825,1.31013667251,1.8512018919,118,19.3050847458,9069,184,1,249,10697,
2654,1403715405.96,2,965,162,162,803,1.86101244311,1.41133350636,1.4975028038,162,15.6296296296,8703,172,0,250,10715,
2655,1403715406.01,2,974,171,171,803,1.90202784534,1.32243903543,1.61163604259,171,15.4385964912,9233,176,0,250,10715,
2656,1403715406.06,2,968,177,177,791,2.11834833864,1.46347006746,1.84954321384,177,16.9548022599,9599,193,0,250,10715,
2657,1403715406.11,2,971,177,177,794,2.10484034135,1.49967358313,1.74130415916,177,16.186440678,9641,189,0,250,10715,
2658,1403715406.16,2,964,165,165,799,2.03313497666,1.43022692546,1.68742692471,165,18.296969697,9694,198,0,250,10715,
2659,1403715406.21,2,965,152,152,813,2.18871673444,1.40437584247,1.96891593933,152,19.3552631579,9955,208,0,250,10715,
2660,1403715406.26,2,964,150,150,814,1.86614119795,1.23268020238,1.59230816364,150,20.9133333333,9897,206,0,250,10715,
2661,1403715406.31,2,963,153,153,810,2.10552944671,1.37024325277,1.82659947872,153,19.3660130719,9896,205,0,250,10715,
2662,1403715406.36,2,977,130,130,847,1.96933414661,1.50864408705,1.61370670795,130,23.2923076923,9809,203,0,250,10715,
2663,1403715406.41,2,970,132,132,838,2.07876055992,1.38913067577,1.89913678169,132,20.9621212121,9650,195,1,250,10715,
2664,1403715406.46,2,956,155,155,801,1.68869125146,1.23836146668,1.4762005806,155,20.0709677419,9919,201,0,251,10786,
2665,1403715406.51,2,957,164,164,793,1.94089870309,1.54656121667,1.40419924259,164,20.1036585366,9919,201,0,251,10786,
2666,1403715406.56,2,958,171,171,787,2.17148897901,1.65267486745,1.71162283421,171,19.3333333333,9863,198,0,251,10786,
2667,1403715406.61,2,951,165,165,786,1.99954502998,1.39900363339,1.68587648869,165,18.0727272727,9903,199,0,251,10786,
2668,1403715406.66,2,943,157,157,786,2.20678084059,1.54573009952,1.80757975578,157,19.9299363057,9755,194,0,251,10786,
2669,1403715406.71,2,948,158,158,790,1.98666263263,1.35809184598,1.60541176796,158,21.0443037975,9762,196,0,251,10786,
2670,1403715406.76,2,945,138,138,807,1.92643083151,1.41354113946,1.61347150803,138,21.7753623188,9689,192,0,251,10786,
2671,1403715406.81,2,961,157,157,804,1.74908518222,1.38087568181,1.44288802147,157,21.5031847134,9965,199,0,251,10786,
2672,1403715406.86,2,958,134,134,824,1.75993582684,1.32952368568,1.39902126789,134,24.4626865672,9650,190,0,251,10786,
2673,1403715406.91,2,956,140,140,816,1.90646437236,1.42946698519,1.51988255978,140,23.8142857143,9821,197,0,251,10786,
2674,1403715406.96,2,950,137,137,813,1.81496895586,1.36531330868,1.33021044731,137,20.6569343066,9578,190,0,251,10786,
2675,1403715407.01,2,955,140,140,815,1.82307855343,1.35230106182,1.53087294102,140,24.7214285714,9699,202,0,251,10786,
2676,1403715407.06,2,954,117,117,837,1.79694254066,1.35785512912,1.48927605152,117,24.6581196581,9337,195,1,251,10786,
2677,1403715407.11,2,939,166,166,773,1.78413303167,1.29083885485,1.5228664875,166,22.2168674699,9573,192,0,252,10821,
2678,1403715407.16,2,952,163,163,789,1.66826366144,1.2413933411,1.32081508636,163,18.7852760736,9680,193,0,252,10821,
2679,1403715407.21,2,934,169,169,765,1.86541460979,1.34100721467,1.53000319004,169,18.2130177515,8641,161,0,252,10821,
2680,1403715407.26,2,944,144,144,800,1.82928437429,1.26457782248,1.4357688427,144,18.4861111111,8913,177,0,252,10821,
2681,1403715407.31,2,936,125,125,811,1.68464971954,1.25125999638,1.40158200264,125,20.232,8868,172,0,252,10821,
2682,1403715407.36,2,953,138,138,815,1.81755571823,1.31805536172,1.53287112713,138,21.8188405797,8136,153,0,252,10821,
2683,1403715407.41,2,938,133,133,805,1.84778121971,1.13511507987,1.66784274578,133,20.6090225564,9181,185,0,252,10821,
2684,1403715407.46,2,943,132,132,811,1.81713695971,1.32063473849,1.4979031086,132,20.803030303,9243,188,0,252,10821,
2685,1403715407.51,2,958,132,132,826,1.92764685642,1.38328784515,1.58373224735,132,20,8867,171,0,252,10821,
2686,1403715407.56,2,956,116,116,840,1.77251419833,1.24227766738,1.60241568089,116,24.3879310345,7724,151,1,252,10821,
2687,1403715407.61,2,955,160,160,795,1.81859018267,1.38513358526,1.47326993942,160,16.625,7710,150,0,253,10880,
2688,1403715407.66,2,954,163,163,791,2.10023274286,1.50138853735,1.83090412617,163,18.8404907975,8890,165,0,253,10880,
2689,1403715407.71,2,946,183,183,763,1.92690152676,1.54251165294,1.52164173126,183,19.2459016393,9015,175,0,253,10880,
2690,1403715407.76,2,956,155,155,801,1.93274777844,1.58090866033,1.46696269512,155,20.3870967742,9045,178,0,253,10880,
2691,1403715407.81,2,927,141,141,786,1.85783950242,1.40920537292,1.36600458622,141,23.6453900709,9036,172,0,253,10880,
2692,1403715407.86,2,952,118,118,834,1.77899486095,1.3658996072,1.46336722374,118,25.7711864407,9030,176,0,253,10880,
2693,1403715407.91,2,963,119,119,844,1.80838735239,1.36276527584,1.64264631271,119,24.243697479,9032,181,0,253,10880,
2694,1403715407.96,2,961,106,106,855,2.00738155828,1.62369978361,1.67743873596,106,26.0943396226,8197,163,0,253,10879,
2695,1403715408.01,2,958,109,109,849,1.80169624347,1.37922256872,1.50040948391,109,27.5596330275,8081,148,0,253,10879,
2696,1403715408.06,2,970,91,91,879,1.75318764699,1.4309723924,1.51149809361,91,27.4395604396,8465,156,1,252,10877,
2697,1403715408.11,2,975,128,128,847,1.93485249276,1.58672594843,1.48582077026,128,28.2890625,8652,171,0,253,10820,
2698,1403715408.16,2,972,128,128,844,1.94171074347,1.78337288336,1.19975054264,128,29.234375,8979,189,0,253,10820,
2699,1403715408.21,2,989,140,140,849,2.06930032841,1.73553047387,1.57960784435,140,28.5785714286,9182,194,0,253,10820,
2700,1403715408.26,2,983,136,136,847,1.84820293279,1.60481894364,1.36519157887,136,29.7352941176,8537,172,0,253,10820,
2701,1403715408.31,2,993,150,150,843,1.81546853463,1.42540589629,1.51461195946,150,29.6533333333,8300,166,0,253,10820,
2702,1403715408.36,2,992,156,156,836,2.02541220819,1.54586963038,1.71546494961,156,29.0192307692,9213,196,0,253,10820,
2703,1403715408.41,2,997,168,168,829,1.82520846517,1.35202413831,1.47123730183,168,29.2797619048,9358,197,0,253,10820,
2704,1403715408.46,2,1007,172,172,835,1.84815784245,1.54014301942,1.34132325649,172,29.1046511628,9213,196,0,253,10820,
2705,1403715408.51,2,1003,163,163,840,1.68799121852,1.41844037704,1.40676259995,163,29.717791411,9599,201,1,253,10820,
2706,1403715408.56,2,1002,186,186,816,1.74795171262,1.4364453948,1.32080900669,186,28.1505376344,9545,202,0,254,10766,
2707,1403715408.61,2,1006,182,182,824,1.74473102247,1.47250896751,1.24276292324,182,28.8461538462,9375,197,0,254,10766,
2708,1403715408.66,2,1006,192,192,814,1.71392568744,1.38421539547,1.31822919846,192,27.3802083333,9227,197,0,254,10766,
2709,1403715408.71,2,1006,206,206,800,1.7657451281,1.50298199712,1.4742513895,206,26.1747572816,9373,198,0,254,10766,
2710,1403715408.76,2,1004,201,201,803,1.84369842145,1.44189441686,1.48389720917,201,26.6766169154,9343,192,0,254,10766,
2711,1403715408.81,2,1006,206,206,800,1.74682690804,1.3773976631,1.43547964096,206,25.927184466,9330,191,0,254,10766,
2712,1403715408.86,2,1007,200,200,807,1.91498371754,1.61267945916,1.45987522602,200,25.36,9267,183,0,254,10766,
2713,1403715408.91,2,1007,197,197,810,1.96050301587,1.58197649457,1.43468499184,197,25.0304568528,9114,179,0,254,10766,
2714,1403715408.96,2,1008,197,197,811,1.89837886701,1.54839202421,1.57251560688,197,25.3299492386,9181,183,0,254,10766,
2715,1403715409.01,2,1007,203,203,804,1.82681497719,1.52319612512,1.3833013773,203,25.7142857143,9579,194,0,254,10766,
2716,1403715409.06,2,1006,189,189,817,2.00764895301,1.74233733285,1.50278162956,189,25.1746031746,9533,192,0,254,10766,
2717,1403715409.11,2,1006,181,181,825,1.88559904028,1.36576605593,1.49126660824,181,23.5359116022,9533,192,0,254,10766,
2718,1403715409.16,2,1004,177,177,827,1.92485234103,1.5200112248,1.49104571342,177,24.6271186441,9166,184,0,254,10765,
2719,1403715409.21,2,1003,178,178,825,1.81858060166,1.58955593491,1.23793685436,178,24.7528089888,9143,183,0,254,10765,
2720,1403715409.26,2,1004,171,171,833,1.82228168958,1.36183389249,1.51187705994,171,24.8947368421,9324,189,1,254,10765,
2721,1403715409.31,2,1003,177,177,826,1.87785695316,1.46291762393,1.45683503151,177,24.9661016949,9273,188,0,255,10759,
2722,1403715409.36,2,1003,178,178,825,1.89988997821,1.52385162144,1.64013886452,178,23.4606741573,9350,192,0,255,10759,
2723,1403715409.41,2,1003,212,212,791,1.74570396332,1.32434253869,1.49049258232,212,23.25,9307,188,0,255,10759,
2724,1403715409.46,2,1006,217,217,789,1.79618383453,1.43160138672,1.37149763107,217,23.5483870968,9541,195,0,255,10759,
2725,1403715409.51,2,1000,215,215,785,1.79943836387,1.37984978782,1.42860651016,215,22.5720930233,9550,194,0,255,10759,
2726,1403715409.56,2,1003,225,225,778,1.83570132989,1.47719194817,1.43280255795,225,23.04,9572,196,0,255,10759,
2727,1403715409.61,2,1001,245,245,756,1.74361093322,1.41414029453,1.42573928833,245,23.1755102041,9578,199,0,255,10759,
2728,1403715409.66,2,1005,237,237,768,1.79346945744,1.41737425965,1.40131247044,237,23.417721519,9554,198,0,255,10759,
2729,1403715409.71,2,1004,263,263,741,1.819989008,1.34958298078,1.50022470951,263,22.2851711027,9578,199,0,255,10759,
2730,1403715409.76,2,1006,240,240,766,1.90821864661,1.4260792016,1.63744783401,240,22.175,9659,198,0,255,10759,
2731,1403715409.81,2,1009,258,258,751,1.79612671139,1.51036566462,1.35150778294,258,23.0930232558,9642,194,0,255,10759,
2732,1403715409.86,2,1004,283,283,721,1.71017545323,1.29214196055,1.39781630039,283,22.777385159,9586,198,0,255,10759,
2733,1403715409.91,2,1003,272,272,731,1.68697698966,1.24732167224,1.40711474419,272,21.4007352941,9563,196,0,255,10759,
2734,1403715409.96,2,1005,273,273,732,1.74750290741,1.37791528269,1.38890647888,273,23.2564102564,9437,190,1,255,10759,
2735,1403715410.01,2,1004,299,299,705,1.7124578499,1.3463149583,1.34205818176,299,21.6387959866,9667,195,0,256,10793,
2736,1403715410.06,2,1011,302,302,709,1.76464554306,1.40521787212,1.37022399902,302,21.178807947,9516,192,0,256,10793,
2737,1403715410.11,2,1005,322,322,683,1.7744128848,1.39324522869,1.36823022366,322,21.9161490683,9726,196,0,256,10793,
2738,1403715410.16,2,1007,332,332,675,1.82307797345,1.44323479643,1.49427163601,332,22.3343373494,9645,196,0,256,10793,
2739,1403715410.21,2,1009,344,344,665,1.80395903168,1.39585942527,1.42902588844,344,21.1947674419,9614,197,0,256,10793,
2740,1403715410.26,2,1008,355,355,653,1.68656692639,1.33150836141,1.3641512394,355,20.9267605634,9614,199,0,256,10793,
2741,1403715410.31,2,1005,355,355,650,1.73701585179,1.51945223977,1.18936026096,355,21.1295774648,9606,196,0,256,10793,
2742,1403715410.36,2,1006,353,353,653,1.69514223927,1.37308324416,1.31477725506,353,21.1558073654,9548,194,0,256,10793,
2743,1403715410.41,2,1005,354,354,651,1.79337920633,1.37891065886,1.52080905437,354,21.1016949153,9550,193,0,256,10793,
2744,1403715410.46,2,1004,349,349,655,1.78019563403,1.47627760024,1.37966704369,349,21.8968481375,9648,195,0,256,10793,
2745,1403715410.51,2,1006,369,369,637,1.77175434005,1.38530563819,1.42304170132,369,20.6558265583,9687,199,0,256,10793,
2746,1403715410.56,2,1006,369,369,637,1.85245993816,1.49651667417,1.39787757397,369,20.4850948509,9660,196,0,256,10793,
2747,1403715410.61,2,1006,357,357,649,1.73841388163,1.43336268833,1.24320983887,357,20.5770308123,9717,200,0,256,10791,
2748,1403715410.66,2,1010,374,374,636,1.79553067935,1.32081376026,1.4575009346,374,21.1042780749,9742,201,0,256,10791,
2749,1403715410.71,2,1004,359,359,645,1.76094807074,1.35356902706,1.38791120052,359,20.6963788301,9708,200,0,256,10791,
2750,1403715410.76,2,1005,365,365,640,1.69628907069,1.38824720339,1.29241216183,365,20.4904109589,9699,200,0,256,10791,
2751,1403715410.81,2,1004,367,367,637,1.65785615608,1.24325529918,1.30658590794,367,21.1307901907,9655,198,0,256,10791,
2752,1403715410.86,2,1006,392,392,614,1.76300542224,1.33585207121,1.34180533886,392,20.6530612245,9544,196,0,256,10791,
2753,1403715410.91,2,1002,375,375,627,1.69044448055,1.24875537792,1.40165507793,375,20.9786666667,9544,196,0,256,10791,
2754,1403715410.96,2,1003,373,373,630,1.61678068763,1.19685999649,1.28652834892,373,20.7855227882,9665,198,0,256,10791,
2755,1403715411.01,2,1004,383,383,621,1.6142645986,1.29796226259,1.28005003929,383,20.6057441253,9510,195,0,256,10791,
2756,1403715411.06,2,1004,373,373,631,1.7125536508,1.31274705307,1.37699568272,373,20.235924933,9491,192,0,256,10791,
2757,1403715411.11,2,1007,370,370,637,1.63485327087,1.20881193573,1.41063857079,370,19.5891891892,9555,194,0,256,10791,
2758,1403715411.16,2,1005,361,361,644,1.74467402621,1.40220921459,1.33793270588,361,19.8005540166,9459,191,0,256,10791,
2759,1403715411.21,2,1005,378,378,627,1.68959360272,1.3610974051,1.32560694218,378,19.8148148148,9609,199,0,256,10791,
2760,1403715411.26,2,1003,382,382,621,1.69710746269,1.31953029775,1.33280420303,382,18.777486911,9562,196,0,256,10791,
2761,1403715411.31,2,1004,370,370,634,1.58987514556,1.16041110439,1.3115183115,370,19.2648648649,9521,193,0,256,10791,
2762,1403715411.36,2,1008,372,372,636,1.65256804959,1.31148576899,1.30795133114,372,19.2177419355,9594,195,0,256,10791,
2763,1403715411.41,2,1004,373,373,631,1.6966397343,1.39574769459,1.28071558475,373,19.6058981233,9530,192,0,256,10791,
2764,1403715411.46,2,1004,376,376,628,1.68981037969,1.33502886736,1.29046714306,376,20.1117021277,9513,189,0,256,10791,
2765,1403715411.51,2,1007,391,391,616,1.64602837296,1.20365447009,1.37576591969,391,20.1483375959,9608,198,0,256,10791,
2766,1403715411.56,2,1005,382,382,623,1.5799140307,1.17964511523,1.2581589222,382,19.9895287958,9532,191,0,256,10791,
2767,1403715411.61,2,1003,378,378,625,1.62193144548,1.28756632071,1.31441712379,378,20.2486772487,9501,193,1,256,10791,
2768,1403715411.66,2,1004,409,410,595,1.71027342976,1.3554201586,1.3387721777,409,19.4107579462,9602,195,0,257,10812,
2769,1403715411.71,2,1002,414,414,588,1.66155328535,1.38001473583,1.28686761856,414,20.0241545894,9619,199,0,257,10808,
2770,1403715411.76,2,1003,399,399,604,1.63921295242,1.33792155062,1.28820383549,399,19.5062656642,9565,195,0,257,10808,
2771,1403715411.81,2,1007,394,394,613,1.66800253543,1.34465601471,1.31223487854,394,19.4644670051,9469,191,0,257,10808,
2772,1403715411.86,2,1004,390,390,614,1.59000966366,1.24228339757,1.24037575722,390,19.0820512821,9381,188,0,257,10808,
2773,1403715411.91,2,1005,390,390,615,1.65312354466,1.37845433913,1.16954171658,390,19.4641025641,9463,193,0,257,10808,
2774,1403715411.96,2,1002,391,391,611,1.70991486867,1.3509441848,1.32039749622,391,19.010230179,9548,196,0,257,10808,
2775,1403715412.01,2,1004,395,395,609,1.67514724086,1.29972976846,1.26646828651,395,19.3189873418,9496,193,0,257,10808,
2776,1403715412.06,2,1004,395,395,609,1.6509044069,1.42968504694,1.23321282864,395,20.1291139241,9532,193,0,257,10808,
2777,1403715412.11,2,1006,371,371,635,1.67974458255,1.36372096721,1.30857884884,371,19.8733153639,9363,189,0,257,10808,
2778,1403715412.16,2,1007,393,393,614,1.65523837875,1.26514031603,1.31381011009,393,19.6666666667,9518,193,0,257,10808,
2779,1403715412.21,2,1009,383,383,626,1.55977189302,1.31333985781,1.1897803545,383,19.1514360313,9363,187,0,257,10808,
2780,1403715412.26,2,1006,388,388,618,1.64206716205,1.33860569713,1.30350613594,388,19.2448453608,9418,188,1,257,10808,
2781,1403715412.31,2,1004,411,414,593,1.66666038924,1.40426845853,1.21680295467,411,18.9756690998,9554,192,0,258,10828,
2782,1403715412.36,2,1007,411,411,596,1.57422796285,1.18376680395,1.30265021324,411,18.6788321168,9602,195,0,258,10828,
2783,1403715412.41,2,1006,412,412,594,1.54839754667,1.14886095694,1.24232602119,412,19.1237864078,9621,198,0,258,10828,
2784,1403715412.46,2,1005,386,386,619,1.61159957924,1.20831433565,1.36643028259,386,19.0310880829,9597,197,0,258,10828,
2785,1403715412.51,2,1003,377,377,626,1.55065410307,1.16904181691,1.23422169685,377,20.1777188329,9597,197,0,258,10828,
2786,1403715412.56,2,1009,372,372,637,1.57062912297,1.23586490661,1.25247824192,372,20.5967741935,9582,195,0,258,10828,
2787,1403715412.61,2,1003,371,371,632,1.63168985721,1.30138747942,1.28930771351,371,19.5094339623,9480,192,0,258,10828,
2788,1403715412.66,2,1007,385,385,622,1.5920187252,1.22609034458,1.29741764069,385,19.1584415584,9481,193,0,258,10828,
2789,1403715412.71,2,1009,387,387,622,1.54666526041,1.24449778462,1.25993013382,387,19.3410852713,9552,194,0,258,10828,
2790,1403715412.76,2,1007,351,351,656,1.54442773933,1.29931451021,1.1548435688,351,20.2934472934,9556,193,0,258,10827,
2791,1403715412.81,2,1006,378,378,628,1.55542760207,1.30096592544,1.22772991657,378,20.6481481481,9533,192,0,258,10827,
2792,1403715412.86,2,1005,370,370,635,1.49815971629,1.16867183347,1.22320771217,370,20.3351351351,9592,196,0,256,10806,
2793,1403715412.91,2,1004,374,374,630,1.65297501614,1.32286315894,1.36329293251,374,19.6844919786,9548,192,1,256,10806,
2794,1403715412.96,2,1005,390,395,615,1.50089969772,1.2528606849,1.21545743942,390,19.6333333333,9555,192,0,257,10809,
2795,1403715413.01,2,1007,415,415,592,1.58675609911,1.22060246653,1.26907169819,415,19.9590361446,9642,198,0,257,10809,
2796,1403715413.06,2,1005,388,388,617,1.54836846457,1.29483688333,1.1886395216,388,19.5953608247,9589,195,0,257,10809,
2797,1403715413.11,2,1009,407,407,602,1.59307323336,1.14196858048,1.25732445717,407,19.2702702703,9618,200,0,257,10809,
2798,1403715413.16,2,1010,392,392,618,1.58736078272,1.17258068314,1.2889277935,392,19.7448979592,9671,202,0,257,10809,
2799,1403715413.21,2,1004,385,385,619,1.54709246584,1.19360428912,1.26725780964,385,20.1090909091,9552,195,0,257,10809,
2800,1403715413.26,2,1008,390,390,618,1.56540968212,1.23537251743,1.2437286377,390,19.7564102564,9570,197,0,257,10809,
2801,1403715413.31,2,1008,380,380,628,1.67704937491,1.31053247014,1.31542932987,380,20.8026315789,9607,196,0,257,10809,
2802,1403715413.36,2,1010,359,359,651,1.54903719952,1.19859520525,1.20105004311,359,20.4763231198,9462,192,0,257,10809,
2803,1403715413.41,2,1009,340,340,669,1.66189576111,1.26558063037,1.33841395378,340,21.1794117647,9431,190,0,257,10809,
2804,1403715413.46,2,1007,321,321,686,1.71850922474,1.47022220159,1.24901652336,321,21.3956386293,9454,191,0,257,10808,
2805,1403715413.51,2,1008,314,314,694,1.63938850574,1.33311593814,1.26519608498,314,21.050955414,9461,192,0,257,10808,
2806,1403715413.56,2,1003,302,302,701,1.63085789546,1.39240490216,1.16746973991,302,21.5165562914,9456,191,1,257,10808,
2807,1403715413.61,2,1003,296,296,707,1.66183162836,1.32353808506,1.2592625618,296,23,9552,195,0,258,10798,
2808,1403715413.66,2,1007,297,297,710,1.71633944565,1.27086496442,1.4347435236,297,22.4410774411,9546,193,0,258,10798,
2809,1403715413.71,2,1005,266,266,739,1.64630476873,1.27929867505,1.24452781677,266,23.6954887218,9440,190,0,258,10798,
2810,1403715413.76,2,1006,245,245,761,1.6531566199,1.29710106755,1.30614674091,245,23.1020408163,9406,186,0,258,10798,
2811,1403715413.81,2,1006,228,228,778,1.54828601357,1.20425704957,1.26755011082,228,24.1052631579,9496,190,0,258,10798,
2812,1403715413.86,2,1004,199,199,805,1.67490608024,1.37756245753,1.23066580296,199,24.6783919598,9461,189,0,258,10798,
2813,1403715413.91,2,999,184,184,815,1.68099655563,1.54415077037,1.12544119358,184,24.3206521739,9325,186,0,258,10798,
2814,1403715413.96,2,994,161,161,833,1.83562779121,1.46971497901,1.47293162346,161,24.6956521739,9141,179,0,258,10798,
2815,1403715414.01,2,990,140,140,850,1.82318116123,1.47627884621,1.45723676682,140,23.3071428571,8758,167,0,258,10798,
2816,1403715414.06,2,969,134,134,835,1.61973412007,1.20922216596,1.33014512062,134,23.9253731343,8792,168,0,258,10798,
2817,1403715414.11,2,981,126,126,855,1.65276852782,1.26675191817,1.24449288845,126,25.380952381,9314,183,0,258,10797,
2818,1403715414.16,2,981,121,121,860,1.78070717089,1.34458797876,1.40241396427,121,23.9752066116,9061,176,0,257,10779,
2819,1403715414.21,2,981,117,117,864,1.74923825732,1.36952784087,1.25914573669,117,25.2051282051,8805,168,1,257,10779,
2820,1403715414.26,2,983,130,130,853,1.85879642746,1.53676390056,1.38525629044,130,23.3307692308,9142,179,0,258,10760,
2821,1403715414.31,2,978,119,119,859,1.71025326817,1.15637885375,1.42379581928,119,24.3193277311,9319,185,0,258,10760,
2822,1403715414.36,2,980,126,126,854,1.90280505554,1.43873866808,1.54641163349,126,23.3253968254,9047,177,0,258,10760,
2823,1403715414.41,2,974,121,121,853,1.81237129421,1.39761150247,1.42928600311,121,24.7190082645,9011,175,0,258,10760,
2824,1403715414.46,2,982,130,130,852,1.61620076654,1.12984432565,1.42524504662,130,25.3846153846,8847,173,0,258,10760,
2825,1403715414.51,2,983,129,129,854,1.67391986897,1.2913529333,1.21967959404,129,23.9302325581,9409,190,0,258,10760,
2826,1403715414.56,2,986,130,130,856,1.81912657664,1.35306357775,1.49781680107,130,24.1615384615,9381,192,0,258,10759,
2827,1403715414.61,2,986,137,137,849,1.7609445029,1.41853956494,1.44775462151,137,24.5912408759,9325,191,0,258,10759,
2828,1403715414.66,2,994,133,133,861,1.65792313659,1.38945157544,1.25858533382,133,24.6691729323,9299,188,0,258,10759,
2829,1403715414.71,2,991,138,138,853,1.64275762536,1.13212432939,1.32799065113,138,23.9855072464,9377,192,0,258,10759,
2830,1403715414.76,2,988,144,144,844,1.5842693109,1.06758163262,1.3916465044,144,23.0555555556,9375,191,1,258,10759,
2831,1403715414.81,2,984,132,132,852,1.93899993483,1.58921756098,1.47896456718,132,25.6287878788,9152,184,0,259,10746,
2832,1403715414.86,2,977,130,130,847,1.63442320824,1.3894703854,1.21309828758,130,23.7307692308,8811,174,0,259,10746,
2833,1403715414.91,2,981,127,127,854,1.74906359284,1.42391335745,1.34977066517,127,24.9212598425,8890,176,0,259,10746,
2834,1403715414.96,2,982,109,109,873,1.73378803027,1.48863020838,1.3223336935,109,26.9266055046,9258,187,0,259,10746,
2835,1403715415.01,2,983,96,96,887,1.69687511884,1.31909714566,1.28170692921,96,26.3645833333,9197,184,0,259,10746,
2836,1403715415.06,2,977,99,99,878,1.57301449535,1.18910485443,1.21396768093,99,25.8585858586,9281,185,0,259,10746,
2837,1403715415.11,2,974,90,90,884,1.71518243497,1.48351036421,1.43128228188,90,24.7444444444,9244,185,0,259,10746,
2838,1403715415.16,2,973,82,82,891,1.69212367799,1.44609622731,1.4696366787,82,26.5365853659,9075,180,0,259,10746,
2839,1403715415.21,2,969,76,76,893,1.75131998584,1.57386121949,1.18246567249,76,26.1710526316,9021,176,0,259,10745,
2840,1403715415.26,2,968,74,74,894,1.72711391568,1.39476200026,1.37636446953,74,24.3513513514,9021,176,0,259,10745,
2841,1403715415.31,2,967,87,87,880,1.69447863582,1.52312190727,1.20639145374,87,23.0344827586,8989,175,1,259,10745,
2842,1403715415.36,2,970,78,78,892,1.74700262273,1.22939511521,1.45629191399,78,27.358974359,8988,176,0,260,10744,
2843,1403715415.41,2,972,77,77,895,2.139195248,1.8629176514,1.36058163643,77,24.1558441558,9002,176,0,260,10744,
2844,1403715415.46,2,940,76,76,864,1.98328902553,1.54235350047,1.55456590652,76,25.2763157895,8963,170,0,260,10744,
2845,1403715415.51,2,926,67,67,859,2.18534331646,1.60460795946,1.79222559929,67,22.5074626866,9082,177,0,260,10744,
2846,1403715415.56,2,962,55,55,907,2.0240530881,1.56093529184,1.55474662781,55,22.7090909091,8855,169,0,260,10744,
2847,1403715415.61,2,964,62,62,902,2.11035775369,1.52906371135,1.63485324383,62,20.8709677419,8455,160,0,260,10744,
2848,1403715415.66,2,964,65,65,899,1.8623137254,1.59268099453,1.39435565472,65,23.0307692308,8539,162,0,260,10744,
2849,1403715415.71,2,960,48,48,912,2.06121080803,1.37014094006,1.70119392872,48,22.2708333333,8847,168,0,259,10736,
2850,1403715415.76,2,943,48,48,895,1.77612229809,1.42372494291,1.53012549877,48,20.0416666667,8622,163,1,259,10736,
2851,1403715415.81,2,932,50,50,882,1.71927104592,1.38136459303,1.35122072697,50,25.8,8734,168,0,260,10729,
2852,1403715415.86,2,934,55,55,879,1.89278024123,1.30656527008,1.57756650448,55,25.7454545455,8872,170,0,260,10729,
2853,1403715415.91,2,954,57,57,897,2.03881762321,1.26342215375,1.73913943768,57,24.2631578947,8839,169,0,260,10729,
2854,1403715415.96,2,940,61,61,879,1.84434610642,1.47650974049,1.47971725464,61,22.8524590164,8670,165,0,260,10729,
2855,1403715416.01,2,943,52,52,891,1.86396468775,1.51824395353,1.46347010136,52,25.1730769231,8695,166,1,260,10729,
2856,1403715416.06,2,945,62,62,883,2.13195447816,1.5314339506,1.85068953037,62,23.9032258065,8984,173,0,261,10765,
2857,1403715416.11,2,941,80,80,861,1.93939564694,1.3378661799,1.60851097107,80,17.925,8923,174,0,261,10765,
2858,1403715416.16,2,939,88,88,851,1.73132111708,1.24137638078,1.33009672165,88,17.5113636364,8911,173,0,261,10765,
2859,1403715416.21,2,940,90,90,850,1.74490172714,1.04668513571,1.58347558975,90,15.6,8911,171,0,261,10765,
2860,1403715416.26,2,946,84,84,862,1.61181343436,1.31238448212,1.22265422344,84,16.0714285714,8919,171,0,260,10761,
2861,1403715416.31,2,943,86,86,857,1.5651169972,1.11959711887,1.31682169437,86,15.8720930233,8919,173,0,260,10761,
2862,1403715416.36,2,939,91,91,848,1.92005714054,1.28998511753,1.56286644936,91,14.8791208791,8918,171,0,260,10761,
2863,1403715416.41,2,948,90,90,858,1.88345498807,1.30293320116,1.63647127151,90,14.7555555556,8907,172,0,260,10761,
2864,1403715416.46,2,952,83,83,869,1.83548717237,1.38321582113,1.54610323906,83,14.9879518072,8907,172,0,260,10761,
2865,1403715416.51,2,953,76,76,877,1.62687742887,1.34827679041,1.29290485382,76,16.4605263158,8907,172,0,260,10761,
2866,1403715416.56,2,956,82,82,874,1.68562895646,1.12607788653,1.40294134617,82,15.0853658537,8907,172,0,260,10761,
2867,1403715416.61,2,959,89,89,870,1.70785444807,1.36764785145,1.38552725315,89,14.9887640449,8907,172,0,260,10761,
2868,1403715416.66,2,956,81,81,875,1.72168232487,1.42976158328,1.31250762939,81,13.6913580247,8907,171,0,260,10761,
2869,1403715416.71,2,947,82,82,865,1.65392782158,1.2450794473,1.3159788847,82,15.3658536585,8907,171,0,260,10761,
2870,1403715416.76,2,943,80,80,863,1.68797221985,1.26615836577,1.33342814445,80,13.5625,9010,173,0,260,10761,
2871,1403715416.81,2,947,86,86,861,1.73675206503,1.21367206063,1.4094285965,86,13.6395348837,9010,173,0,260,10761,
2872,1403715416.86,2,950,80,80,870,1.68560795123,1.19052554053,1.36965751648,80,13.825,9010,173,0,260,10761,
2873,1403715416.91,2,956,79,79,877,1.64212794036,1.24948662806,1.22728705406,79,15.4303797468,9010,173,0,260,10761,
2874,1403715416.96,2,946,80,80,866,1.72973213778,1.24656829019,1.44593155384,80,14.8375,9038,176,0,260,10761,
2875,1403715417.01,2,951,74,74,877,1.78256194585,1.31221052977,1.40330183506,74,14.7297297297,8958,173,0,260,10761,
2876,1403715417.06,2,947,75,75,872,1.65174095651,1.35462337551,1.25091600418,75,15.7333333333,9061,174,0,260,10761,
2877,1403715417.11,2,946,80,80,866,1.66075310633,1.16765487513,1.37778770924,80,15.6,8958,173,0,260,10761,
2878,1403715417.16,2,952,80,80,872,1.77004018854,1.27730819563,1.46456122398,80,15.2,8958,173,0,260,10761,
2879,1403715417.21,2,945,74,74,871,1.74653496936,1.3315711958,1.40951347351,74,14.6756756757,8958,173,0,260,10761,
2880,1403715417.26,2,954,83,83,871,1.73788659203,1.30705872516,1.38013350964,83,15.3855421687,8958,173,0,260,10761,
2881,1403715417.31,2,955,76,76,879,1.7631398072,1.41245343403,1.34057199955,76,15.2105263158,8958,173,0,260,10761,
2882,1403715417.36,2,954,82,82,872,1.80480433201,1.27735071065,1.46041357517,82,14.9390243902,9008,172,0,260,10761,
2883,1403715417.41,2,958,76,76,882,1.78269010527,1.27342153331,1.47233331203,76,16.7763157895,8907,172,0,260,10761,
2884,1403715417.46,2,961,77,77,884,1.71920274005,1.21821153819,1.48009073734,77,14.5064935065,8907,172,0,260,10761,
2885,1403715417.51,2,957,78,78,879,1.69347709188,1.36211129467,1.31023550034,78,15.6923076923,8907,172,0,260,10761,
2886,1403715417.56,2,960,73,73,887,1.77747705752,1.45892347273,1.43853592873,73,14.698630137,9010,173,0,260,10761,
2887,1403715417.61,2,955,73,73,882,1.77080758304,1.39744517603,1.42918682098,73,14.904109589,8907,172,0,260,10761,
2888,1403715417.66,2,959,82,82,877,2.01577359947,1.55647192063,1.78622341156,82,15.0975609756,8875,171,0,260,10761,
2889,1403715417.71,2,952,80,80,872,1.6176101204,1.37461330493,1.28534424305,80,15.5125,8875,171,0,260,10761,
2890,1403715417.76,2,959,82,82,877,1.96007997743,1.41449943631,1.74392795563,82,14.7804878049,8907,172,0,260,10761,
2891,1403715417.81,2,957,76,76,881,1.73357810041,1.22951432359,1.54360890388,76,14.2763157895,8907,172,0,260,10761,
2892,1403715417.86,2,947,73,73,874,1.71225868206,1.26526112866,1.38136398792,73,15.7260273973,8907,172,0,260,10761,
2893,1403715417.91,2,955,75,75,880,1.87094225268,1.45608097363,1.45758509636,75,14.64,8907,172,0,260,10761,
2894,1403715417.96,2,955,84,84,871,1.94589031576,1.48059901293,1.60490393639,84,15.4761904762,9061,174,0,260,10761,
2895,1403715418.01,2,954,79,79,875,1.84546618314,1.44603835252,1.47953689098,79,16.582278481,8958,173,0,260,10761,
2896,1403715418.06,2,955,78,78,877,1.68308730863,1.34243435477,1.34561991692,78,14.8461538462,8907,172,0,260,10761,
2897,1403715418.11,2,955,79,79,876,1.92930429683,1.52894968319,1.5386660099,79,16.2911392405,8907,172,0,260,10761,
2898,1403715418.16,2,957,80,80,877,1.81449238919,1.30181396769,1.49737453461,80,14.95,8907,172,0,260,10761,
2899,1403715418.21,2,954,82,82,872,1.85055463107,1.42110009328,1.51815021038,82,14.6585365854,8958,173,0,260,10761,
2900,1403715418.26,2,959,81,81,878,1.9747396209,1.55042897032,1.57942581177,81,14.3950617284,9010,173,0,260,10761,
2901,1403715418.31,2,958,72,72,886,1.79994967062,1.42581947892,1.43538415432,72,14.3888888889,8907,172,0,260,10761,
2902,1403715418.36,2,960,77,77,883,1.80564376983,1.44327417889,1.50591647625,77,15.6103896104,8958,173,0,260,10761,
2903,1403715418.41,2,957,80,80,877,1.87872416824,1.48501498308,1.44841599464,80,14.5125,8958,173,0,260,10761,
2904,1403715418.46,2,948,81,81,867,1.80446524743,1.50618832755,1.40569186211,81,14.3209876543,9061,174,0,260,10761,
2905,1403715418.51,2,960,85,85,875,1.75107990328,1.31669226667,1.39687418938,85,15.0235294118,8907,172,0,260,10761,
2906,1403715418.56,2,953,72,72,881,1.69145454208,1.3464803182,1.31865084171,72,16.2222222222,8907,172,0,260,10761,
2907,1403715418.61,2,951,72,72,879,1.77741655169,1.20805456251,1.51836776733,72,15.9305555556,8907,172,0,260,10761,
2908,1403715418.66,2,954,77,77,877,1.8618454459,1.353837261,1.46748006344,77,15.2597402597,9010,173,0,260,10761,
2909,1403715418.71,2,955,83,83,872,1.83678824688,1.44572332687,1.375,83,14.9638554217,8907,172,0,260,10761,
2910,1403715418.76,2,951,83,83,868,1.77985126355,1.29916984868,1.53624212742,83,14.7469879518,8907,172,0,260,10761,
2911,1403715418.81,2,956,82,82,874,1.8488415854,1.36065524219,1.59932565689,82,14.6219512195,9010,173,0,260,10761,
