1403715278.762143135071 -0.006345638074 -0.021622020751 0.012325767428 0.027473427355 0.004405325744 0.004823753610 0.999601185322
1403715278.812143087387 -0.006271744147 -0.027854204178 0.012457669713 0.031415693462 0.003059765557 0.005193554796 0.999488234520
1403715278.862143039703 -0.009959431365 -0.040040746331 0.014471339062 0.034255113453 0.003617350478 0.006402822211 0.999386072159
1403715278.912143230438 -0.009546339512 -0.055795140564 0.014074868523 0.033510021865 0.003245020984 0.009371033870 0.999389171600
1403715278.962142944336 -0.010305179283 -0.068743623793 0.013578040525 0.033187575638 0.003482155502 0.009472453967 0.999398231506
1403715279.012143135071 -0.009675862268 -0.076586574316 0.013677821495 0.033856902272 0.003458056133 0.009079899639 0.999379456043
1403715279.062143087387 -0.010466873646 -0.082288160920 0.015091211535 0.033375117928 0.003674484324 0.008294273168 0.999401748180
1403715279.112143278122 -0.009958355688 -0.085200533271 0.016850894317 0.033745892346 0.003390451893 0.008298495784 0.999390244484
1403715279.162142992020 -0.011020780541 -0.084831498563 0.019917411730 0.033656235784 0.003724717535 0.007095437031 0.999401330948
1403715279.212143182755 -0.011750763282 -0.084104992449 0.022891638801 0.032792605460 0.003969310783 0.006547754630 0.999432861805
1403715279.262143135071 -0.011649266817 -0.083080887794 0.026047710329 0.031868070364 0.003432435449 0.006094790529 0.999467611313
1403715279.312143087387 -0.012091794983 -0.081818722188 0.028876472265 0.030868051574 0.003337007947 0.006553206593 0.999496459961
1403715279.362143039703 -0.012020262890 -0.081155531108 0.031128585339 0.029527179897 0.003027960425 0.007515211124 0.999531149864
1403715279.412143230438 -0.012817461044 -0.081543281674 0.033111784607 0.028934493661 0.002491534920 0.008399249986 0.999542891979
1403715279.462142944336 -0.013293662108 -0.080577403307 0.035083103925 0.028118008748 0.002262597671 0.008598252200 0.999565064907
1403715279.512143135071 -0.013020673767 -0.080512657762 0.036101602018 0.027910601348 0.001650747028 0.009174211882 0.999566972256
1403715279.562143087387 -0.013241558336 -0.080679327250 0.037104055285 0.028401708230 0.001831131056 0.008193178102 0.999561369419
1403715279.612143278122 -0.013234079815 -0.080739699304 0.037369258702 0.028161479160 0.001891504508 0.008308246732 0.999567091465
1403715279.662142992020 -0.012357974425 -0.080957591534 0.037486270070 0.028414458036 0.001435331767 0.008076825179 0.999562561512
1403715279.712143182755 -0.014041016810 -0.086612984538 0.038412407041 0.026959337294 0.002037065569 0.007943177596 0.999602913857
1403715279.762143135071 -0.013252842240 -0.089293658733 0.037517238408 0.026494141668 0.001629703911 0.008260681294 0.999613523483
1403715279.812143087387 -0.013473631814 -0.091094382107 0.037180904299 0.026548497379 0.001706370153 0.008536453359 0.999609649181
1403715279.862143039703 -0.013367441483 -0.094065912068 0.036574050784 0.026063857600 0.001730544609 0.008568165824 0.999622106552
1403715279.912143230438 -0.013744800352 -0.097374223173 0.035971011966 0.024919906631 0.002114086878 0.008193094283 0.999653637409
1403715279.962142944336 -0.012515226379 -0.100168570876 0.034666925669 0.022349011153 0.001861862955 0.007873755880 0.999717533588
1403715280.012143135071 -0.012560702860 -0.102187693119 0.033632364124 0.016841538250 0.002205786994 0.007566369139 0.999827086926
1403715280.062143087387 -0.011338595301 -0.104445584118 0.033081561327 0.009565587156 0.001787263202 0.007456618361 0.999924838543
1403715280.112143278122 -0.010330338031 -0.107137314975 0.031515870243 0.003122331575 0.002902915003 0.004694662057 0.999979913235
1403715280.162142992020 -0.010054432787 -0.110393606126 0.031229555607 -0.000436060975 0.003844112158 0.001727832016 0.999991059303
1403715280.212143182755 -0.008723746054 -0.114947922528 0.031338926405 -0.002028280171 0.005256157368 -0.003014754504 0.999979555607
1403715280.262143135071 -0.008772394620 -0.117878831923 0.032021112740 -0.000376542012 0.007138950285 -0.007353799418 0.999947428703
1403715280.312143087387 -0.008622283116 -0.124435298145 0.032993674278 0.000728456187 0.008219504729 -0.010506770574 0.999910771847
1403715280.362143039703 -0.009433913045 -0.129497662187 0.034534759820 0.003510567127 0.009769000113 -0.013134418055 0.999859869480
1403715280.412143230438 -0.009821096435 -0.133555769920 0.036576692015 0.007113606203 0.011819305830 -0.014972731471 0.999792754650
1403715280.462142944336 -0.011268919334 -0.140580028296 0.038799297065 0.008051346987 0.013630909845 -0.012368760072 0.999798178673
1403715280.512143135071 -0.011658512987 -0.147726818919 0.041163321584 0.009639720432 0.016109723598 -0.005838486366 0.999806702137
1403715280.562143087387 -0.012986430898 -0.155798047781 0.044234137982 0.010247879662 0.020001014695 0.000337063510 0.999747395515
1403715280.612143278122 -0.015133799054 -0.159922271967 0.047687139362 0.013365158811 0.026487335563 0.007320298813 0.999532997608
1403715280.662142992020 -0.016616906971 -0.166918337345 0.051277499646 0.014154501259 0.034869320691 0.012769148685 0.999210059643
1403715280.712143182755 -0.017784353346 -0.171060726047 0.055661875755 0.016088427976 0.044434908777 0.019130706787 0.998699545860
1403715280.762143135071 -0.020756011829 -0.177694216371 0.059242784977 0.015906251967 0.055618975312 0.024526834488 0.998024046421
1403715280.812143087387 -0.022707032040 -0.182457506657 0.063637539744 0.015498077497 0.066797345877 0.029650833458 0.997205495834
1403715280.862143039703 -0.022489672527 -0.189196288586 0.067952074111 0.015078248456 0.077444925904 0.034882523119 0.996272146702
1403715280.912143230438 -0.024176999927 -0.191015779972 0.072953611612 0.016646204516 0.089008033276 0.039430946112 0.995110929012
1403715280.962142944336 -0.025240486488 -0.193916097283 0.076918087900 0.017739877105 0.097900666296 0.042753044516 0.994119167328
1403715281.012143135071 -0.027400590479 -0.200072303414 0.080563157797 0.017114061862 0.106182888150 0.046394135803 0.993116259575
1403715281.062143087387 -0.029498118907 -0.203489527106 0.085068099201 0.016871374100 0.113759420812 0.048541467637 0.992178380489
1403715281.112143278122 -0.030020693317 -0.207288548350 0.089708663523 0.017180370167 0.119668692350 0.051066238433 0.991350829601
1403715281.162142992020 -0.032017581165 -0.210711538792 0.092793256044 0.017942301929 0.124732993543 0.052615094930 0.990631878376
1403715281.212143182755 -0.035120353103 -0.216729074717 0.097229108214 0.016925090924 0.130058392882 0.054109986871 0.989884078503
1403715281.262143135071 -0.034839037806 -0.219534814358 0.101588487625 0.016552099958 0.134183987975 0.056369096041 0.989213466644
1403715281.312143087387 -0.037147466093 -0.224589824677 0.106116428971 0.014776240103 0.140356928110 0.059003729373 0.988230824471
1403715281.362143039703 -0.039183419198 -0.226714208722 0.110997647047 0.014029213227 0.147141322494 0.061547201127 0.987099111080
1403715281.412143230438 -0.040801297873 -0.229320615530 0.116047434509 0.012931980193 0.154417365789 0.064061246812 0.985841870308
1403715281.462142944336 -0.039242785424 -0.231524899602 0.120603092015 0.012296836823 0.162144541740 0.066889144480 0.984420537949
1403715281.512143135071 -0.041693426669 -0.234203219414 0.125323921442 0.011932511814 0.172280088067 0.070164069533 0.982473492622
1403715281.562143087387 -0.041067332029 -0.234649777412 0.130507588387 0.011582468636 0.182687014341 0.073173075914 0.980375945568
1403715281.612143278122 -0.041166804731 -0.239553093910 0.134028151631 0.010130322538 0.193807914853 0.077523119748 0.977919220924
1403715281.662142992020 -0.041521988809 -0.239966452122 0.140076205134 0.010249180719 0.206597223878 0.082428224385 0.974893927574
1403715281.712143182755 -0.040801346302 -0.242453888059 0.145172014832 0.009125376120 0.219460800290 0.087695926428 0.971629083157
1403715281.762143135071 -0.041656404734 -0.243244707584 0.151555955410 0.008532318287 0.233513370156 0.093452773988 0.967814743519
1403715281.812143087387 -0.041874237359 -0.244421511889 0.157125040889 0.007573251147 0.247306793928 0.098871737719 0.963849782944
1403715281.862143039703 -0.040710322559 -0.246658891439 0.159256666899 0.007192378864 0.260118037462 0.104835480452 0.959841907024
1403715281.912143230438 -0.041154444218 -0.248602688313 0.166640892625 0.005787622184 0.274546504021 0.109896801412 0.955255687237
1403715281.962142944336 -0.040797565132 -0.249782279134 0.174938544631 0.004820190836 0.288464933634 0.115637965500 0.950469672680
1403715282.012143135071 -0.039777010679 -0.250430405140 0.178908854723 0.004546913318 0.300657689571 0.122098013759 0.945873379707
1403715282.062143087387 -0.039256818593 -0.254456251860 0.187429860234 0.002162564779 0.314002931118 0.128129974008 0.940733850002
1403715282.112143278122 -0.039896827191 -0.250998198986 0.195054069161 0.003511985298 0.327191621065 0.131343230605 0.935778975487
1403715282.162142992020 -0.039938174188 -0.253180086613 0.201889574528 0.002140603960 0.339087694883 0.136565923691 0.930787146091
1403715282.212143182755 -0.039335057139 -0.254960358143 0.210838735104 0.001178815961 0.351638644934 0.140429913998 0.925542235374
1403715282.262143135071 -0.039595127106 -0.256048679352 0.218963742256 -0.000205713921 0.363657981157 0.145127385855 0.920158088207
1403715282.312143087387 -0.038095749915 -0.254654526711 0.225557491183 -0.000173179797 0.374457538128 0.149758264422 0.915070533752
1403715282.362143039703 -0.035633161664 -0.253166943789 0.229003846645 0.000006113606 0.384340018034 0.154547527432 0.910163640976
1403715282.412143230438 -0.036080524325 -0.252025276423 0.241094708443 -0.001799620106 0.397295862436 0.156756043434 0.904201447964
1403715282.462142944336 -0.037268906832 -0.255290895700 0.252440541983 -0.003220378188 0.409472048283 0.161629199982 0.897885441780
1403715282.512143135071 -0.036012642086 -0.255582094193 0.260537743568 -0.003359936643 0.420499473810 0.165354624391 0.892091214657
1403715282.562143087387 -0.036174789071 -0.254842132330 0.268627613783 -0.002640352119 0.431423723698 0.169493213296 0.886080503464
1403715282.612143278122 -0.034623831511 -0.256104797125 0.277291566133 -0.001928406651 0.441910147667 0.172857731581 0.880245387554
1403715282.662142992020 -0.035469353199 -0.260046482086 0.289228886366 -0.001783709275 0.453335523605 0.176286444068 0.873731613159
1403715282.712143182755 -0.034843325615 -0.260753214359 0.298482775688 0.000026052696 0.463441759348 0.180804565549 0.867485702038
1403715282.762143135071 -0.033641099930 -0.261459857225 0.307626217604 0.001901026815 0.472536712885 0.186364203691 0.861379027367
1403715282.812143087387 -0.033562719822 -0.261713057756 0.318706870079 0.002933630953 0.482234597206 0.191370308399 0.854879260063
1403715282.862143039703 -0.032535642385 -0.261154264212 0.329612761736 0.004104207270 0.492414802313 0.194819107652 0.848266661167
1403715282.912143230438 -0.031104132533 -0.262194395065 0.337145686150 0.004903066438 0.501477658749 0.198159947991 0.842157185078
1403715282.962142944336 -0.031095296144 -0.263309717178 0.347758144140 0.004880518187 0.511471688747 0.201994478703 0.835207223892
1403715283.012143135071 -0.030516207218 -0.263497680426 0.358728021383 0.006057942286 0.521325647831 0.205794110894 0.828149557114
1403715283.062143087387 -0.029755890369 -0.261729955673 0.367733418941 0.008764507249 0.530284762383 0.210238710046 0.821292161942
1403715283.112143278122 -0.028560638428 -0.263662636280 0.376543790102 0.009592643008 0.538740873337 0.215439572930 0.814402878284
1403715283.162142992020 -0.028600096703 -0.263408660889 0.389060676098 0.012074374594 0.548111736774 0.220244988799 0.806796073914
1403715283.212143182755 -0.028026849031 -0.264204680920 0.397305428982 0.014170238748 0.556360304356 0.225342005491 0.799677073956
1403715283.262143135071 -0.028959095478 -0.265977531672 0.412264883518 0.014895847999 0.566625773907 0.228244215250 0.791592061520
1403715283.312143087387 -0.028804004192 -0.264522671700 0.419517844915 0.017179753631 0.574136018753 0.232832565904 0.784768640995
1403715283.362143039703 -0.028741717339 -0.267066329718 0.428626716137 0.017640559003 0.582522332668 0.235756263137 0.777673125267
1403715283.412143230438 -0.029103159904 -0.266444534063 0.436623096466 0.016732541844 0.590013623238 0.239522024989 0.770865201950
1403715283.462142944336 -0.028312504292 -0.264906287193 0.443461149931 0.014978705905 0.596946299076 0.243791267276 0.764196693897
1403715283.512143135071 -0.028743624687 -0.263951867819 0.448337256908 0.012506999075 0.603372633457 0.246725589037 0.758229196072
1403715283.562143087387 -0.029925405979 -0.265632718801 0.458621561527 0.008328956552 0.611585021019 0.248661845922 0.751040399075
1403715283.612143278122 -0.030200242996 -0.265433579683 0.467484652996 0.004810419399 0.618384301662 0.251166224480 0.744643032551
1403715283.662142992020 -0.031027436256 -0.266390204430 0.473178505898 0.001687973039 0.623160839081 0.253463655710 0.739881038666
1403715283.712143182755 -0.030984699726 -0.267411470413 0.481419563293 -0.000810964964 0.627767324448 0.254353970289 0.735670864582
1403715283.762143135071 -0.029768109322 -0.267025679350 0.487715870142 -0.001257193158 0.631138980389 0.255834192038 0.732264220715
1403715283.812143087387 -0.029919981956 -0.267915874720 0.493712574244 0.000052563868 0.633616924286 0.256702572107 0.729817390442
1403715283.862143039703 -0.029314517975 -0.265485763550 0.498749732971 0.001357117319 0.635803401470 0.255873352289 0.728203952312
1403715283.912143230438 -0.028434693813 -0.265451580286 0.506251871586 0.003256174037 0.637684702873 0.255842953920 0.726561784744
1403715283.962142944336 -0.028096079826 -0.265631973743 0.512182831764 0.003957835026 0.638709187508 0.255848050117 0.725656032562
1403715284.012143135071 -0.027032911777 -0.266011536121 0.518729925156 0.002732307184 0.638750255108 0.257794857025 0.724936187267
1403715284.062143087387 -0.026643574238 -0.265517562628 0.524628341198 0.001276095049 0.637956082821 0.259541571140 0.725016236305
1403715284.112143278122 -0.026218891144 -0.265962600708 0.534483551979 0.000120329969 0.637831628323 0.261220335960 0.724523901939
1403715284.162142992020 -0.025603950024 -0.264912784100 0.540926694870 0.000334113633 0.636407971382 0.263484418392 0.724955677986
1403715284.212143182755 -0.024123311043 -0.263493686914 0.548412442207 0.002323896391 0.635028779507 0.267010390759 0.724871397018
1403715284.262143135071 -0.022589504719 -0.263040691614 0.552408874035 0.004316631705 0.632358133793 0.270224541426 0.726005017757
1403715284.312143087387 -0.021065771580 -0.262482941151 0.558787286282 0.006770245731 0.630676805973 0.273250401020 0.726316154003
1403715284.362143039703 -0.018779814243 -0.263675957918 0.563519418240 0.008644430898 0.628909468651 0.275214076042 0.727086901665
1403715284.412143230438 -0.015753448009 -0.262289106846 0.566237270832 0.008464274928 0.628351867199 0.272505819798 0.728589653969
1403715284.462142944336 -0.013603329659 -0.260858476162 0.571434259415 0.007495317608 0.628690481186 0.268651336432 0.729738712311
1403715284.512143135071 -0.009844541550 -0.261126458645 0.575334191322 0.004792724270 0.629289329052 0.264119446278 0.730898678303
1403715284.562143087387 -0.006120562553 -0.261388510466 0.579087138176 0.002981674392 0.629658818245 0.259439796209 0.732264995575
1403715284.612143278122 -0.002702713013 -0.260225653648 0.580426871777 0.002609437797 0.629498124123 0.254850983620 0.734013795853
1403715284.662142992020 0.001523375511 -0.258478641510 0.582616209984 0.001737962011 0.629430651665 0.251100420952 0.735365629196
1403715284.712143182755 0.005841612816 -0.259277969599 0.585408985615 0.000278054096 0.629013776779 0.248403444886 0.736639201641
1403715284.762143135071 0.008939683437 -0.256942480803 0.587491691113 0.001202859217 0.629188716412 0.245661452413 0.737408041954
1403715284.812143087387 0.013316452503 -0.256891965866 0.589924812317 0.001080084592 0.630762755871 0.243884369731 0.736652970314
1403715284.862143039703 0.017858207226 -0.254710227251 0.590559720993 0.003186370945 0.633086383343 0.242469221354 0.735119223595
1403715284.912143230438 0.022754073143 -0.256074488163 0.593266606331 0.006002285983 0.636575281620 0.243733227253 0.731662511826
1403715284.962142944336 0.026611745358 -0.258838921785 0.597275972366 0.009376652539 0.642642438412 0.244256645441 0.726127743721
1403715285.012143135071 0.030963063240 -0.259349584579 0.599878668785 0.015382204205 0.649052083492 0.246276527643 0.719612836838
1403715285.062143087387 0.034458279610 -0.260249048471 0.601291477680 0.020130334422 0.655908584595 0.248310089111 0.712545335293
1403715285.112143278122 0.037926554680 -0.261001229286 0.604181945324 0.021912338212 0.664074182510 0.250003159046 0.704289615154
1403715285.162142992020 0.040737807751 -0.261523246765 0.605625927448 0.021922148764 0.671673893929 0.253502517939 0.695780158043
1403715285.212143182755 0.043358623981 -0.263317167759 0.606721341610 0.020571531728 0.678252458572 0.259437680244 0.687199056149
1403715285.262143135071 0.044545352459 -0.265541732311 0.607905924320 0.019375622272 0.683495521545 0.265866428614 0.679539263248
1403715285.312143087387 0.045759737492 -0.267551600933 0.608709514141 0.018465755507 0.686916828156 0.273478150368 0.673063158989
1403715285.362143039703 0.045988500118 -0.269862592220 0.608997702599 0.017209377140 0.689552009106 0.280779749155 0.667371392250
1403715285.412143230438 0.047520518303 -0.274994164705 0.607228577137 0.014044952579 0.690974593163 0.287283003330 0.663193285465
1403715285.462142944336 0.048556804657 -0.283411026001 0.605168879032 0.011468485929 0.692513942719 0.292243540287 0.659459352493
1403715285.512143135071 0.049799740314 -0.291835665703 0.602190315723 0.009827786125 0.693524420261 0.296139299870 0.656680226326
1403715285.562143087387 0.049842178822 -0.302979379892 0.604725658894 0.010287120938 0.695775628090 0.298813879490 0.653070330620
1403715285.612143278122 0.051375567913 -0.312080562115 0.599662184715 0.011284068227 0.696443259716 0.301245033741 0.651222705841
1403715285.662142992020 0.053216397762 -0.321498930454 0.594201564789 0.010687956586 0.697083055973 0.302783995867 0.649832963943
1403715285.712143182755 0.054883360863 -0.332112640142 0.592031896114 0.010581834242 0.698484301567 0.304316729307 0.647610247135
1403715285.762143135071 0.055622816086 -0.338102221489 0.585420906544 0.011186179705 0.699974238873 0.302640110254 0.646776556969
1403715285.812143087387 0.059129297733 -0.346825599670 0.577787876129 0.009901504032 0.701201319695 0.301858097315 0.645833075047
1403715285.862143039703 0.062227368355 -0.353125095367 0.571047842503 0.006643678527 0.702843725681 0.299216747284 0.645318448544
1403715285.912143230438 0.064320445061 -0.359021842480 0.562395095825 0.002620881191 0.704278588295 0.295734763145 0.645388066769
1403715285.962142944336 0.067539989948 -0.365337103605 0.555331647396 -0.002962879837 0.705482423306 0.293446063995 0.645116448402
1403715286.012143135071 0.070066809654 -0.368923217058 0.546929240227 -0.006452636328 0.706430613995 0.290500581264 0.645386397839
1403715286.062143087387 0.073146283627 -0.374403893948 0.539453029633 -0.010649533942 0.707434654236 0.288141399622 0.645288646221
1403715286.112143278122 0.078030526638 -0.376846104860 0.530364751816 -0.012051377445 0.707392036915 0.287730067968 0.645494163036
1403715286.162142992020 0.082237005234 -0.381032049656 0.523695945740 -0.011284737848 0.707226455212 0.289077490568 0.645087301731
1403715286.212143182755 0.086067080498 -0.384471327066 0.516292989254 -0.009559194557 0.706489026546 0.292064756155 0.644577443600
1403715286.262143135071 0.091422438622 -0.386736899614 0.508343160152 -0.008866102435 0.705578088760 0.293702542782 0.644840896130
1403715286.312143087387 0.095929741859 -0.388350099325 0.500877916813 -0.008902511559 0.705547988415 0.293015331030 0.645185828209
1403715286.362143039703 0.101651251316 -0.393426328897 0.494088202715 -0.010073157959 0.706080794334 0.292046248913 0.645025134087
1403715286.412143230438 0.108061552048 -0.393511384726 0.484915703535 -0.010505191050 0.706064760685 0.290788620710 0.645603835583
1403715286.462142944336 0.113501906395 -0.395270377398 0.478298038244 -0.011150149629 0.706664443016 0.288852125406 0.645806074142
1403715286.512143135071 0.119587540627 -0.398353576660 0.472029685974 -0.012530119158 0.707425713539 0.287515461445 0.645543754101
1403715286.562143087387 0.125969171524 -0.400347948074 0.466359645128 -0.012111856602 0.708562076092 0.285635620356 0.645139813423
1403715286.612143278122 0.132201552391 -0.400689035654 0.459205001593 -0.009824967943 0.709867358208 0.284939825535 0.644050657749
1403715286.662142992020 0.140007853508 -0.403312951326 0.454116463661 -0.007721513975 0.713321149349 0.283451169729 0.640912473202
1403715286.712143182755 0.147227883339 -0.405401736498 0.448093563318 -0.004069182556 0.717744827271 0.281057924032 0.637049615383
1403715286.762143135071 0.154602825642 -0.405991166830 0.440559476614 -0.001620516530 0.722200453281 0.280093014240 0.632433235645
1403715286.812143087387 0.162373542786 -0.407927632332 0.435444951057 -0.002788808197 0.726391673088 0.281817704439 0.626838266850
1403715286.862143039703 0.169039428234 -0.407270371914 0.431092888117 -0.004919446073 0.729216516018 0.284918874502 0.622125625610
1403715286.912143230438 0.175830245018 -0.409307956696 0.426190227270 -0.009248014539 0.731337547302 0.288523674011 0.617910921574
1403715286.962142944336 0.182510375977 -0.409671276808 0.421714037657 -0.012037692592 0.733542680740 0.291123270988 0.614017486572
1403715287.012143135071 0.190070867538 -0.411340743303 0.417828291655 -0.015369608998 0.736049532890 0.292679876089 0.610191285610
1403715287.062143087387 0.197508335114 -0.412644088268 0.414800643921 -0.016609001905 0.738279640675 0.293714463711 0.606958985329
1403715287.112143278122 0.204849004745 -0.415051221848 0.411324381828 -0.018189214170 0.740562677383 0.293444335461 0.604256987572
1403715287.162142992020 0.212877750397 -0.415419220924 0.407078146935 -0.016478322446 0.742794036865 0.291922897100 0.602301001549
1403715287.212143182755 0.220182120800 -0.417416572571 0.402487248182 -0.013687412255 0.745192170143 0.289349853992 0.600648045540
1403715287.262143135071 0.228872478008 -0.419204860926 0.400922119617 -0.012328945100 0.748050928116 0.286790072918 0.598347067833
1403715287.312143087387 0.236334681511 -0.421722322702 0.397714704275 -0.009367730469 0.749569237232 0.285141944885 0.597287535667
1403715287.362143039703 0.244835525751 -0.423109769821 0.396278500557 -0.007395116612 0.750867426395 0.284168422222 0.596147418022
1403715287.412143230438 0.254390537739 -0.425895631313 0.393617868423 -0.005051954649 0.750855624676 0.285416483879 0.595590174198
1403715287.462142944336 0.261182427406 -0.429031163454 0.391159057617 -0.000900084851 0.750588715076 0.288127005100 0.594641566277
1403715287.512143135071 0.268559575081 -0.431332170963 0.389436244965 0.002682271181 0.750912249088 0.290974885225 0.592838287354
1403715287.562143087387 0.276924341917 -0.434566736221 0.387149840593 0.005591830704 0.752101302147 0.294610440731 0.589505791664
1403715287.612143278122 0.285188168287 -0.437634795904 0.384769380093 0.008406031877 0.754006922245 0.299782812595 0.584408402443
1403715287.662142992020 0.293513625860 -0.441065430641 0.381769061089 0.010554184206 0.756944179535 0.304365366697 0.578174591064
1403715287.712143182755 0.300594657660 -0.442806094885 0.377950489521 0.012633197010 0.761064589024 0.308103799820 0.570695340633
1403715287.762143135071 0.308569431305 -0.447200953960 0.374793350697 0.012797177769 0.766236960888 0.310949862003 0.562163054943
1403715287.812143087387 0.315205156803 -0.448594719172 0.370388746262 0.012500229292 0.772695183754 0.311349987984 0.553034484386
1403715287.862143039703 0.322573006153 -0.453409969807 0.365936368704 0.011513816193 0.779761850834 0.312124758959 0.542602062225
1403715287.912143230438 0.327378511429 -0.454261600971 0.360057115555 0.010957722552 0.787535011768 0.311508178711 0.531630575657
1403715287.962142944336 0.334073483944 -0.456546157598 0.355914056301 0.009117860347 0.796022176743 0.310874521732 0.519251942635
1403715288.012143135071 0.337737560272 -0.460870593786 0.347748339176 0.007992974482 0.803522467613 0.311849653721 0.506988704205
1403715288.062143087387 0.343151569366 -0.461124390364 0.342474371195 0.008345387876 0.811271250248 0.312002778053 0.494392126799
1403715288.112143278122 0.347777426243 -0.464851617813 0.336262673140 0.008058128878 0.817377805710 0.313944369555 0.482977747917
1403715288.162142992020 0.351602196693 -0.465476453304 0.330633431673 0.007574522868 0.822423636913 0.315237820148 0.473483979702
1403715288.212143182755 0.354136705399 -0.464885294437 0.326291471720 0.006882182322 0.826475858688 0.316566377878 0.465484708548
1403715288.262143135071 0.357105016708 -0.463205933571 0.321338415146 0.005953054875 0.829503297806 0.318517506123 0.458732455969
1403715288.312143087387 0.359719336033 -0.461470574141 0.317976295948 0.003923359327 0.832516312599 0.319024205208 0.452907145023
1403715288.362143039703 0.362175226212 -0.458908796310 0.315092265606 0.002584132133 0.834323644638 0.320337772369 0.448643773794
1403715288.412143230438 0.363280713558 -0.453899800777 0.312790006399 0.003485113615 0.835523009300 0.321568310261 0.445514231920
1403715288.462142944336 0.366152286530 -0.450606048107 0.312258422375 0.003932320047 0.836588323116 0.322434335947 0.442877709866
1403715288.512143135071 0.367916226387 -0.447177380323 0.309089273214 0.004321295302 0.837350368500 0.322448998690 0.441420793533
1403715288.562143087387 0.368736624718 -0.444199562073 0.305420696735 0.005490007345 0.837251901627 0.323710918427 0.440670490265
1403715288.612143278122 0.370702803135 -0.444125324488 0.301777243614 0.006534011569 0.837231874466 0.324210792780 0.440326601267
1403715288.662142992020 0.371868252754 -0.445667773485 0.297178328037 0.007011245005 0.836806237698 0.325685381889 0.440039992332
1403715288.712143182755 0.372928082943 -0.446662843227 0.293754756451 0.006811963860 0.837124705315 0.324766427279 0.440116733313
1403715288.762143135071 0.371494352818 -0.448963224888 0.288283407688 0.004018835258 0.836925804615 0.324181854725 0.440959393978
1403715288.812143087387 0.373290598392 -0.449795693159 0.283776104450 0.001440751250 0.836972355843 0.323531985283 0.441364109516
1403715288.862143039703 0.371943414211 -0.449515402317 0.278309851885 -0.001426549512 0.837215721607 0.322784036398 0.441450297832
1403715288.912143230438 0.372082293034 -0.447749078274 0.274898737669 -0.005340349395 0.838485896587 0.321621924639 0.439854800701
1403715288.962142944336 0.371804118156 -0.447001636028 0.271345674992 -0.008585087024 0.840042769909 0.321179151535 0.437148004770
1403715289.012143135071 0.369934678078 -0.443826794624 0.267399609089 -0.010119431652 0.841104149818 0.322890579700 0.433800756931
1403715289.062143087387 0.370313823223 -0.437643676996 0.265110969543 -0.011472545564 0.842896819115 0.324318677187 0.429197847843
1403715289.112143278122 0.368440091610 -0.430935949087 0.263773202896 -0.013261680491 0.845034182072 0.325713574886 0.423853814602
1403715289.162142992020 0.367789268494 -0.421824306250 0.261816829443 -0.015076490119 0.847119688988 0.326439648867 0.419044256210
1403715289.212143182755 0.367151618004 -0.413757771254 0.260971069336 -0.017322300002 0.849489808083 0.326353877783 0.414198338985
1403715289.262143135071 0.366741716862 -0.406492769718 0.259280323982 -0.018674472347 0.851197957993 0.327803671360 0.409460633993
1403715289.312143087387 0.366944193840 -0.396339148283 0.257923185825 -0.020338416100 0.853560388088 0.328400433064 0.403948187828
1403715289.362143039703 0.366570651531 -0.388811051846 0.257444351912 -0.021580627188 0.856423735619 0.329209744930 0.397106587887
1403715289.412143230438 0.366690874100 -0.380609691143 0.257299661636 -0.022788280621 0.859041213989 0.331044554710 0.389792710543
1403715289.462142944336 0.366151452065 -0.371891647577 0.256770342588 -0.022493731230 0.861668586731 0.333765298128 0.381604492664
1403715289.512143135071 0.367088496685 -0.363629430532 0.257298439741 -0.023494202644 0.864370822906 0.336687862873 0.372763246298
1403715289.562143087387 0.368050694466 -0.355251967907 0.258087277412 -0.023543508723 0.867361843586 0.338961184025 0.363640546799
1403715289.612143278122 0.369314074516 -0.345307409763 0.257978469133 -0.023512108251 0.869661033154 0.342041403055 0.355168342590
1403715289.662142992020 0.371327698231 -0.335488557816 0.259437352419 -0.024550076574 0.871450722218 0.345195502043 0.347578734159
1403715289.712143182755 0.372519314289 -0.325601011515 0.260175406933 -0.023756053299 0.872679769993 0.347976237535 0.341728240252
1403715289.762143135071 0.375807523727 -0.315552473068 0.260121405125 -0.023778431118 0.873992562294 0.348880589008 0.337422639132
1403715289.812143087387 0.378079175949 -0.307188540697 0.260698914528 -0.023329898715 0.874764144421 0.349602729082 0.334695905447
1403715289.862143039703 0.382248699665 -0.299372017384 0.260359466076 -0.021892009303 0.875362277031 0.349640190601 0.333186686039
1403715289.912143230438 0.386350512505 -0.293064773083 0.259862154722 -0.019619457424 0.875588953495 0.349640727043 0.332731932402
1403715289.962142944336 0.390287101269 -0.288205057383 0.258835971355 -0.019125241786 0.875078439713 0.350287288427 0.333422839642
1403715290.012143135071 0.394684731960 -0.285377442837 0.257463335991 -0.018759015948 0.874334216118 0.350798100233 0.334855943918
1403715290.062143087387 0.399447798729 -0.283690184355 0.255176007748 -0.018705626950 0.873762428761 0.350005060434 0.337173223495
1403715290.112143278122 0.404959142208 -0.283009380102 0.252081930637 -0.018805308267 0.873681545258 0.347434133291 0.340024143457
1403715290.162142992020 0.410464882851 -0.283749222755 0.248567059636 -0.019360311329 0.872691929340 0.346314609051 0.343657106161
1403715290.212143182755 0.416989326477 -0.283997565508 0.245183378458 -0.021041605622 0.871135711670 0.346710860729 0.347089827061
1403715290.262143135071 0.422296106815 -0.287332087755 0.241401076317 -0.021947236732 0.868935406208 0.348906874657 0.350333452225
1403715290.312143087387 0.429336309433 -0.290258377790 0.238273084164 -0.022506248206 0.867069542408 0.350644588470 0.353174567223
1403715290.362143039703 0.437840342522 -0.290831893682 0.234366357327 -0.022847997025 0.865104496479 0.352638512850 0.355975121260
1403715290.412143230438 0.444859981537 -0.291914582253 0.229668140411 -0.021011209115 0.862735152245 0.356159031391 0.358325779438
1403715290.462142944336 0.453064918518 -0.292920887470 0.225697964430 -0.020277561620 0.860761582851 0.359306871891 0.359967917204
1403715290.512143135071 0.461850196123 -0.293196231127 0.221896469593 -0.018201833591 0.860387921333 0.358931034803 0.361344486475
1403715290.562143087387 0.471344649792 -0.293956130743 0.217635542154 -0.017635080963 0.860779643059 0.357261151075 0.362093716860
1403715290.612143278122 0.481670439243 -0.294199049473 0.213724076748 -0.015177581459 0.861902356148 0.354486614466 0.362261205912
1403715290.662142992020 0.490306615829 -0.295500218868 0.209031090140 -0.013176795095 0.862108588219 0.354258686304 0.362071752548
1403715290.712143182755 0.500128269196 -0.293312788010 0.203906729817 -0.012234700844 0.863717019558 0.350605130196 0.361827850342
1403715290.762143135071 0.509880185127 -0.292605757713 0.199573680758 -0.011942345649 0.865454733372 0.346870660782 0.361284166574
1403715290.812143087387 0.520553231239 -0.292232632637 0.194462269545 -0.010130316950 0.866723001003 0.344668447971 0.360405862331
1403715290.862143039703 0.531373023987 -0.292406529188 0.189561113715 -0.008086918853 0.866973698139 0.344930708408 0.359602600336
1403715290.912143230438 0.542268097401 -0.291249573231 0.185406252742 -0.007309794426 0.867140591145 0.345753490925 0.358424723148
1403715290.962142944336 0.550881147385 -0.290934622288 0.180217325687 -0.003931190353 0.867659568787 0.345970958471 0.357009291649
1403715291.012143135071 0.561450839043 -0.288668572903 0.176076054573 0.001062865020 0.868678033352 0.345668613911 0.354838937521
1403715291.062143087387 0.570545554161 -0.287206739187 0.170989215374 0.007318886463 0.869194686413 0.346551448107 0.352631717920
1403715291.112143278122 0.581204652786 -0.284730017185 0.166804671288 0.012799596414 0.869778215885 0.348073989153 0.349523276091
1403715291.162142992020 0.591342926025 -0.282404363155 0.162005245686 0.018091160804 0.870434463024 0.349214851856 0.346504926682
1403715291.212143182755 0.599665462971 -0.281092971563 0.156821638346 0.022220367566 0.871394455433 0.350102633238 0.342937469482
1403715291.262143135071 0.607933938503 -0.277993917465 0.151367098093 0.024840278551 0.872580289841 0.350718885660 0.339091360569
1403715291.312143087387 0.616817057133 -0.274546474218 0.144771248102 0.025751300156 0.873678088188 0.351792633533 0.335060298443
1403715291.362143039703 0.622780621052 -0.269790172577 0.139207631350 0.026491969824 0.875179231167 0.351800203323 0.331052958965
1403715291.412143230438 0.629400849342 -0.266548156738 0.134139448404 0.026283932850 0.876317024231 0.353187739849 0.326551795006
1403715291.462142944336 0.635142862797 -0.260478526354 0.128481864929 0.025513559580 0.877642393112 0.354284048080 0.321831822395
1403715291.512143135071 0.640961110592 -0.256445437670 0.122442632914 0.022347090766 0.878319442272 0.357091575861 0.317082285881
1403715291.562143087387 0.643400967121 -0.251726984978 0.115961104631 0.021588392556 0.878959178925 0.359920948744 0.312124311924
1403715291.612143278122 0.649064242840 -0.245893612504 0.108946084976 0.020885527134 0.879647850990 0.362709999084 0.306960940361
1403715291.662142992020 0.653650999069 -0.240816220641 0.103299617767 0.021170461550 0.880568385124 0.364710658789 0.301889687777
1403715291.712143182755 0.655161499977 -0.234750151634 0.094954371452 0.021654408425 0.880962073803 0.366823315620 0.298123419285
1403715291.762143135071 0.658499598503 -0.227814331651 0.087196588516 0.018072813749 0.882246613503 0.366950124502 0.294383972883
1403715291.812143087387 0.661561667919 -0.221816539764 0.078839302063 0.013399985619 0.883679986000 0.366258472204 0.291178494692
1403715291.862143039703 0.663265883923 -0.215296864510 0.070683568716 0.004662625957 0.885495245457 0.364047288895 0.288697242737
1403715291.912143230438 0.666518032551 -0.207112684846 0.061102241278 -0.003561660880 0.886911213398 0.362245380878 0.286625534296
1403715291.962142944336 0.668206453323 -0.198887377977 0.053006619215 -0.007259889506 0.887775838375 0.361367851496 0.284981876612
1403715292.012143135071 0.671356499195 -0.192403957248 0.043746739626 -0.011489614844 0.888170421124 0.361299008131 0.283697634935
1403715292.062143087387 0.672924757004 -0.185403883457 0.033367753029 -0.013362548314 0.888124406338 0.361560374498 0.283426582813
1403715292.112143278122 0.675840020180 -0.178357228637 0.024511784315 -0.014126013033 0.887716054916 0.361444503069 0.284813106060
1403715292.162142992020 0.679677248001 -0.170600891113 0.015448153019 -0.014730299823 0.886611104012 0.361492455006 0.288144081831
1403715292.212143182755 0.683583378792 -0.163743317127 0.006405472755 -0.015896415338 0.885111391544 0.360699743032 0.293633848429
1403715292.262143135071 0.688415050507 -0.155300050974 -0.002098858356 -0.016932807863 0.883078813553 0.359811663628 0.300700336695
1403715292.312143087387 0.692044973373 -0.147816926241 -0.010773897171 -0.017976272851 0.880166232586 0.359092086554 0.309898614883
1403715292.362143039703 0.698332548141 -0.141781330109 -0.021143436432 -0.021417222917 0.876945614815 0.358031868935 0.319876402617
1403715292.412143230438 0.703549265862 -0.132041931152 -0.028598368168 -0.021357439458 0.873883605003 0.355467379093 0.330929338932
1403715292.462142944336 0.708912730217 -0.126783668995 -0.039278388023 -0.023999750614 0.869007050991 0.355389595032 0.343437105417
1403715292.512143135071 0.715564250946 -0.118144959211 -0.048520088196 -0.022866694257 0.865317106247 0.351742476225 0.356343448162
1403715292.562143087387 0.721625149250 -0.112690150738 -0.058825850487 -0.021164661273 0.861582458019 0.346200585365 0.370638519526
1403715292.612143278122 0.728807210922 -0.106363952160 -0.068197548389 -0.020067032427 0.858184814453 0.338577032089 0.385333240032
1403715292.662142992020 0.735896885395 -0.103661924601 -0.077271997929 -0.019001472741 0.855488717556 0.327753722668 0.400444179773
1403715292.712143182755 0.744439184666 -0.097172170877 -0.085964739323 -0.018630879000 0.851480185986 0.319228023291 0.415605545044
1403715292.762143135071 0.751713216305 -0.094568997622 -0.095721304417 -0.018720438704 0.846658110619 0.311186313629 0.431257098913
1403715292.812143087387 0.759807467461 -0.089189678431 -0.103927254677 -0.018553052098 0.841465234756 0.303822547197 0.446412265301
1403715292.862143039703 0.767301619053 -0.087593436241 -0.111532449722 -0.018944112584 0.834766268730 0.300362884998 0.461073219776
1403715292.912143230438 0.776324272156 -0.087233752012 -0.119094789028 -0.019479651004 0.826617062092 0.300456941128 0.475447535515
1403715292.962142944336 0.782649815083 -0.087898015976 -0.126413226128 -0.016727630049 0.818201005459 0.301407158375 0.489306658506
1403715293.012143135071 0.789472043514 -0.091963082552 -0.135604560375 -0.012634430081 0.809869289398 0.302149683237 0.502650678158
1403715293.062143087387 0.796648025513 -0.097491890192 -0.143366992474 -0.008605823852 0.801900684834 0.302157402039 0.515346646309
1403715293.112143278122 0.806904077530 -0.101022839546 -0.149475932121 -0.003973583225 0.794922769070 0.300849020481 0.526850879192
1403715293.162142992020 0.813789606094 -0.107592970133 -0.159166276455 -0.001213940326 0.786855399609 0.300946027040 0.538784384727
1403715293.212143182755 0.821592926979 -0.112498313189 -0.166160643101 0.000602466462 0.779513597488 0.299899965525 0.549925506115
1403715293.262143135071 0.829355835915 -0.116850703955 -0.172946393490 0.004010659177 0.772794663906 0.297587424517 0.560548007488
1403715293.312143087387 0.836989760399 -0.121367603540 -0.180134236813 0.005725486204 0.766815602779 0.293405324221 0.570854067802
1403715293.362143039703 0.844202697277 -0.128016173840 -0.187208592892 0.007771043573 0.761233985424 0.288789957762 0.580570995808
1403715293.412143230438 0.851825416088 -0.130615472794 -0.193964242935 0.012592193671 0.755926609039 0.282951205969 0.590216100216
1403715293.462142944336 0.858320713043 -0.136763960123 -0.202239274979 0.014869039878 0.750339388847 0.278550893068 0.599315524101
1403715293.512143135071 0.864021480083 -0.143063932657 -0.210250020027 0.014635986648 0.744035959244 0.276478797197 0.608075439930
1403715293.562143087387 0.869849383831 -0.148291677237 -0.218718171120 0.014701546170 0.737166106701 0.275908142328 0.616639852524
1403715293.612143278122 0.874720573425 -0.152021050453 -0.224660754204 0.013691738248 0.730862736702 0.275333970785 0.624374389648
1403715293.662142992020 0.878938198090 -0.156909018755 -0.230259478092 0.011426776648 0.724359691143 0.276142537594 0.631599366665
1403715293.712143182755 0.883545637131 -0.161794960499 -0.239530742168 0.009841640480 0.717576026917 0.275796324015 0.639471828938
1403715293.762143135071 0.887867689133 -0.164629638195 -0.245257437229 0.008543310687 0.711437523365 0.275342077017 0.646506309509
1403715293.812143087387 0.891278862953 -0.169426321983 -0.252681553364 0.006944706663 0.705256640911 0.274049222469 0.653805673122
1403715293.862143039703 0.895115435123 -0.174787431955 -0.259785950184 0.005914507899 0.698717355728 0.273331016302 0.661096990108
1403715293.912143230438 0.898505806923 -0.179749131203 -0.267623245716 0.005053541157 0.691863536835 0.272608816624 0.668568432331
1403715293.962142944336 0.902251541615 -0.185575038195 -0.275593578815 0.004255142063 0.685407698154 0.270414233208 0.676072716713
1403715294.012143135071 0.905334770679 -0.188872218132 -0.283596098423 0.004787519109 0.678417086601 0.267534732819 0.684216797352
1403715294.062143087387 0.909085392952 -0.191835016012 -0.288917481899 0.004687272944 0.671539843082 0.264609456062 0.692094027996
1403715294.112143278122 0.911916732788 -0.191327214241 -0.292206823826 0.006777176633 0.664928853512 0.260280191898 0.700055658817
1403715294.162142992020 0.914883375168 -0.189649194479 -0.296964287758 0.009998292662 0.657978296280 0.256087452173 0.708084583282
1403715294.212143182755 0.918502748013 -0.187392264605 -0.301238358021 0.013300986961 0.650976538658 0.251944154501 0.715944766998
1403715294.262143135071 0.920962035656 -0.184616208076 -0.306904137135 0.015871174634 0.642914593220 0.248860135674 0.724208235741
1403715294.312143087387 0.922512710094 -0.177944749594 -0.310463696718 0.018661469221 0.635150015354 0.245390042663 0.732133805752
1403715294.362143039703 0.925213456154 -0.171513497829 -0.312167704105 0.019571894780 0.627626001835 0.242080003023 0.739661991596
1403715294.412143230438 0.926649987698 -0.163741677999 -0.316455572844 0.020901810378 0.619358479977 0.238629072905 0.747672617435
1403715294.462142944336 0.928458333015 -0.155916392803 -0.319351017475 0.020985012874 0.611495912075 0.234526157379 0.755400478840
1403715294.512143135071 0.928847670555 -0.150069147348 -0.323579519987 0.019815631211 0.603294849396 0.230632349849 0.763185024261
1403715294.562143087387 0.929424166679 -0.137091785669 -0.325985640287 0.018588965759 0.594138205051 0.227837339044 0.771196722984
1403715294.612143278122 0.929024934769 -0.132096946239 -0.331725299358 0.013817506842 0.584001541138 0.227177947760 0.779192864895
1403715294.662142992020 0.929006934166 -0.120449677110 -0.332710564137 0.009083117358 0.575314640999 0.223287686706 0.786812007427
1403715294.712143182755 0.928032159805 -0.114639297128 -0.339703559875 0.003375957720 0.565063118935 0.221154361963 0.794847786427
1403715294.762143135071 0.928045272827 -0.105884701014 -0.340796977282 -0.000515366963 0.556542158127 0.217634066939 0.801807940006
1403715294.812143087387 0.927800178528 -0.094906702638 -0.343865275383 -0.002565808129 0.547179400921 0.213967904449 0.809200763702
1403715294.862143039703 0.927157282829 -0.087237328291 -0.347049415112 -0.004505336750 0.538151681423 0.210208058357 0.816201627254
1403715294.912143230438 0.927425742149 -0.079072803259 -0.350546389818 -0.005057799630 0.529407262802 0.205753594637 0.823023676872
1403715294.962142944336 0.928700327873 -0.070461824536 -0.354453772306 -0.002939420519 0.521434009075 0.199868813157 0.829548299313
1403715295.012143135071 0.929851531982 -0.063209161162 -0.355789422989 -0.000511875085 0.513330399990 0.194781392813 0.835794150829
1403715295.062143087387 0.929640650749 -0.057371586561 -0.360085338354 0.001645750715 0.504113197327 0.191107034683 0.842226386070
1403715295.112143278122 0.929554581642 -0.050808429718 -0.360988259315 0.006717867218 0.495142668486 0.188269391656 0.848141074181
1403715295.162142992020 0.930404484272 -0.043840229511 -0.365498036146 0.011800121516 0.485567599535 0.185261294246 0.854261815548
1403715295.212143182755 0.930165052414 -0.038861751556 -0.367548197508 0.016385465860 0.476602226496 0.182500019670 0.859811365604
1403715295.262143135071 0.929244458675 -0.034595564008 -0.369718074799 0.019195307046 0.467240422964 0.180508598685 0.865294516087
1403715295.312143087387 0.929983615875 -0.031265720725 -0.372642159462 0.020384008065 0.457448184490 0.176956325769 0.871213018894
1403715295.362143039703 0.927645683289 -0.028069585562 -0.370682597160 0.018411781639 0.447827041149 0.173216000199 0.876988112926
1403715295.412143230438 0.927246093750 -0.028551124036 -0.375490456820 0.016772087663 0.436607539654 0.169731274247 0.883336842060
1403715295.462142944336 0.926121950150 -0.028393514454 -0.379422664642 0.015478624031 0.425366193056 0.165074422956 0.889704763889
1403715295.512143135071 0.924079656601 -0.029402315617 -0.384040713310 0.014252740890 0.414472520351 0.160113468766 0.895752787590
1403715295.562143087387 0.922684311867 -0.026848323643 -0.387859791517 0.013324735686 0.405165642500 0.153013005853 0.901249349117
1403715295.612143278122 0.920243501663 -0.026811465621 -0.392906010151 0.012446441688 0.396690100431 0.148443788290 0.905785024166
1403715295.662142992020 0.920089840889 -0.024084746838 -0.394885659218 0.012626994401 0.390106439590 0.143545806408 0.909424066544
1403715295.712143182755 0.920207381248 -0.018878132105 -0.396704912186 0.013805283234 0.384603232145 0.139828011394 0.912325561047
1403715295.762143135071 0.917304873466 -0.011911377311 -0.399727523327 0.015665384009 0.378109514713 0.136177092791 0.915556430817
1403715295.812143087387 0.914221942425 -0.009407885373 -0.400733500719 0.016961043701 0.371338725090 0.134739115834 0.918512582779
1403715295.862143039703 0.912821650505 -0.001780666411 -0.402367651463 0.021236693487 0.364195764065 0.132872566581 0.921550512314
1403715295.912143230438 0.909904837608 0.004922904074 -0.402350246906 0.023590045050 0.356982171535 0.131897777319 0.924451291561
1403715295.962142944336 0.907618999481 0.013711377978 -0.406379640102 0.028037177399 0.348839402199 0.130991265178 0.927559316158
1403715296.012143135071 0.905286252499 0.020874142647 -0.408897876740 0.030842721462 0.341687589884 0.131032481790 0.930123031139
1403715296.062143087387 0.901719987392 0.028560167179 -0.411277681589 0.032150298357 0.334791988134 0.133475378156 0.932236611843
1403715296.112143278122 0.898278594017 0.036345776170 -0.412195384502 0.030519835651 0.328640341759 0.137236222625 0.933932721615
1403715296.162142992020 0.895450711250 0.048695553094 -0.415646433830 0.027493547648 0.321863144636 0.139379456639 0.936067104340
1403715296.212143182755 0.892264604568 0.056412741542 -0.417890548706 0.021470166743 0.315885037184 0.140455633402 0.938098013401
1403715296.262143135071 0.889452278614 0.066187307239 -0.421809583902 0.016208518296 0.309134960175 0.141133189201 0.940347969532
1403715296.312143087387 0.887036085129 0.077070072293 -0.425659000874 0.008206733502 0.302186787128 0.141250684857 0.942689776421
1403715296.362143039703 0.887522757053 0.088793687522 -0.432268679142 0.001091053360 0.295518755913 0.139856770635 0.945043742657
1403715296.412143230438 0.885700225830 0.095086090267 -0.436312943697 -0.003879287047 0.288766324520 0.138777598739 0.947280168533
1403715296.462142944336 0.884771704674 0.101867668331 -0.441553741693 -0.004736035131 0.281734496355 0.137963175774 0.949510097504
1403715296.512143135071 0.885518491268 0.105754807591 -0.447084367275 -0.006275087129 0.275057762861 0.137938693166 0.951460361481
1403715296.562143087387 0.888126373291 0.109015926719 -0.455172747374 -0.006214507855 0.269171863794 0.135686382651 0.953465819359
1403715296.612143278122 0.890187680721 0.111493825912 -0.459734112024 -0.006268729456 0.266708105803 0.130853161216 0.954832434654
1403715296.662142992020 0.893894433975 0.113769397140 -0.466188877821 -0.002846657764 0.264617800713 0.124979637563 0.956216216087
1403715296.712143182755 0.898036479950 0.114304222167 -0.471646159887 -0.000468134880 0.262787967920 0.120434597135 0.957307577133
1403715296.762143135071 0.902043342590 0.116218283772 -0.477438420057 0.002109629801 0.261028409004 0.117334119976 0.958171427250
1403715296.812143087387 0.906978309155 0.117750503123 -0.481981396675 0.003664757358 0.259941160679 0.112464085221 0.959045886993
1403715296.862143039703 0.911622405052 0.121652513742 -0.486982613802 0.006696572062 0.259054929018 0.105793312192 0.960027873516
1403715296.912143230438 0.917583346367 0.124567285180 -0.491955459118 0.009096403606 0.256452471018 0.099237523973 0.961405873299
1403715296.962142944336 0.920864343643 0.126947909594 -0.495838105679 0.011937189847 0.253155320883 0.093125589192 0.962859094143
1403715297.012143135071 0.925515294075 0.128449678421 -0.500207424164 0.011719147675 0.245864316821 0.090821281075 0.964968860149
1403715297.062143087387 0.929338514805 0.131148874760 -0.504209756851 0.009420003742 0.235699802637 0.092736721039 0.967345237732
1403715297.112143278122 0.933784902096 0.131227135658 -0.508421123028 0.006487661041 0.224798351526 0.093631133437 0.969874680042
1403715297.162142992020 0.937816202641 0.133449897170 -0.513342261314 0.000062715626 0.211837619543 0.096010647714 0.972577393055
1403715297.212143182755 0.940664350986 0.136488899589 -0.516603410244 -0.006194168236 0.199012100697 0.095993891358 0.975264608860
1403715297.262143135071 0.946211755276 0.139146849513 -0.517994463444 -0.010667208582 0.184956312180 0.095447637141 0.978042483330
1403715297.312143087387 0.951596498489 0.142588183284 -0.520156383514 -0.012528673746 0.170740917325 0.093196600676 0.980818510056
1403715297.362143039703 0.956496596336 0.145776808262 -0.521167516708 -0.013580557890 0.158092632890 0.089248865843 0.983288824558
1403715297.412143230438 0.963671803474 0.148106381297 -0.522321164608 -0.013328406028 0.146386221051 0.081964224577 0.985735893250
1403715297.462142944336 0.972432136536 0.152744233608 -0.522306621075 -0.011810568161 0.135164052248 0.075852528214 0.987844944000
1403715297.512143135071 0.980751574039 0.155791386962 -0.520986616611 -0.010349057615 0.125152200460 0.068002484739 0.989750206470
1403715297.562143087387 0.990244746208 0.157069504261 -0.520693778992 -0.010475724936 0.114970423281 0.063548237085 0.991278827190
1403715297.612143278122 1.000367283821 0.159828081727 -0.519239604473 -0.012133605778 0.104232549667 0.061522580683 0.992574095726
1403715297.662142992020 1.011155724525 0.163822695613 -0.517017424107 -0.013591122814 0.094017207623 0.059530619532 0.993696212769
1403715297.712143182755 1.021897315979 0.164210170507 -0.514082729816 -0.014748019166 0.083928287029 0.060354594141 0.994533002377
1403715297.762143135071 1.032324671745 0.166008934379 -0.509944677353 -0.014108306728 0.074418723583 0.060019727796 0.995319247246
1403715297.812143087387 1.044293284416 0.166589930654 -0.505152404308 -0.008227184415 0.065644547343 0.058221250772 0.996109127998
1403715297.862143039703 1.057534575462 0.164744690061 -0.501254975796 -0.000845182920 0.056482527405 0.055396169424 0.996865212917
1403715297.912143230438 1.070069789886 0.165081858635 -0.494110256433 0.009113775566 0.048226576298 0.051252976060 0.997478961945
1403715297.962142944336 1.083470702171 0.163371905684 -0.488846063614 0.021876644343 0.038958359510 0.048409882933 0.997827708721
1403715298.012143135071 1.097949385643 0.161670371890 -0.483143180609 0.034493472427 0.029127627611 0.042547781020 0.998073875904
1403715298.062143087387 1.112236618996 0.161259382963 -0.478226363659 0.044685132802 0.019507095218 0.034843750298 0.998202741146
1403715298.112143278122 1.126575708389 0.158795595169 -0.474573552608 0.051372170448 0.011118484661 0.023234874010 0.998347342014
1403715298.162142992020 1.143573164940 0.158269360662 -0.470270872116 0.053593073040 0.003009754000 0.008691666648 0.998520493507
1403715298.212143182755 1.157765865326 0.158985957503 -0.467310100794 0.053523447365 -0.003890129738 -0.008253862150 0.998524904251
1403715298.262143135071 1.171952009201 0.160503253341 -0.464668631554 0.052934207022 -0.011406614445 -0.024179242551 0.998240053654
1403715298.312143087387 1.185324907303 0.160789221525 -0.463714927435 0.051002968103 -0.018388817087 -0.035887923092 0.997884094715
1403715298.362143039703 1.200693011284 0.160996958613 -0.462095260620 0.046432275325 -0.026044456288 -0.045391168445 0.997549712658
1403715298.412143230438 1.213399648666 0.162306174636 -0.461913675070 0.042232733220 -0.031713936478 -0.052079636604 0.997245371342
1403715298.462142944336 1.224116921425 0.162714138627 -0.461433172226 0.038277260959 -0.035580266267 -0.057732965797 0.996963322163
1403715298.512143135071 1.233094215393 0.162259474397 -0.462501972914 0.035524129868 -0.037592478096 -0.064033679664 0.996606528759
1403715298.562143087387 1.243446707726 0.162446051836 -0.462699800730 0.033842686564 -0.038509618491 -0.070170275867 0.996216773987
1403715298.612143278122 1.249942660332 0.162520691752 -0.464075714350 0.033926028758 -0.037450660020 -0.077329851687 0.995724141598
1403715298.662142992020 1.257242441177 0.161626979709 -0.465479582548 0.034150741994 -0.037054181099 -0.083211630583 0.995257079601
1403715298.712143182755 1.260788798332 0.160985544324 -0.468055963516 0.034736540169 -0.035205394030 -0.087373092771 0.994947195053
1403715298.762143135071 1.264282345772 0.160034403205 -0.470033407211 0.035620469600 -0.034180808812 -0.088893473148 0.994816958904
1403715298.812143087387 1.265117883682 0.159031033516 -0.472704410553 0.034777928144 -0.034233167768 -0.087073877454 0.995005905628
1403715298.862143039703 1.264123082161 0.156576290727 -0.475748479366 0.026960980147 -0.037763226777 -0.076393052936 0.995997607708
1403715298.912143230438 1.261896729469 0.155384585261 -0.479519605637 0.018788371235 -0.044367916882 -0.061557311565 0.996939957142
1403715298.962142944336 1.257148623466 0.154521137476 -0.482720285654 0.010940801352 -0.051853176206 -0.047479756176 0.997465372086
1403715299.012143135071 1.252959966660 0.152211502194 -0.486404448748 0.003610268235 -0.059604164213 -0.038991764188 0.997453749180
1403715299.062143087387 1.248960256577 0.151786744595 -0.488211929798 -0.000897935650 -0.067732214928 -0.032331418246 0.997179150581
1403715299.112143278122 1.241738677025 0.149950429797 -0.489820420742 -0.003805266228 -0.075040563941 -0.030094867572 0.996719002724
1403715299.162142992020 1.235544204712 0.148189738393 -0.492321252823 -0.005277298857 -0.082679383457 -0.029538042843 0.996124386787
1403715299.212143182755 1.231038451195 0.146059229970 -0.490970104933 -0.006568445358 -0.091595292091 -0.029557019472 0.995335876942
1403715299.262143135071 1.225078225136 0.143271371722 -0.491878569126 -0.008130555972 -0.100192844868 -0.031146710739 0.994447171688
1403715299.312143087387 1.219088196754 0.139929130673 -0.491225183010 -0.008194479160 -0.109816305339 -0.033458773047 0.993354797363
1403715299.362143039703 1.212614655495 0.137554362416 -0.489861488342 -0.008459808305 -0.119386725128 -0.035959132016 0.992160379887
1403715299.412143230438 1.206369876862 0.133871465921 -0.487333893776 -0.008226716891 -0.130073443055 -0.038792885840 0.990711033344
1403715299.462142944336 1.200690031052 0.129059791565 -0.485393166542 -0.007732474245 -0.141173452139 -0.041910782456 0.989067137241
1403715299.512143135071 1.194024920464 0.125884413719 -0.481935501099 -0.004611105658 -0.152589321136 -0.045445796102 0.987233519554
1403715299.562143087387 1.187656164169 0.122286885977 -0.476924747229 -0.001721613342 -0.164616271853 -0.050022400916 0.985086977482
1403715299.612143278122 1.181806683540 0.118052020669 -0.471945941448 0.002357669175 -0.176731809974 -0.054535139352 0.982744216919
1403715299.662142992020 1.176364064217 0.114118739963 -0.466555178165 0.004693469498 -0.190157428384 -0.059007208794 0.979967474937
1403715299.712143182755 1.169637322426 0.109264686704 -0.460695803165 0.007133424282 -0.203435242176 -0.063178993762 0.977021872997
1403715299.762143135071 1.165745377541 0.105926401913 -0.455057978630 0.008234867826 -0.217661410570 -0.068999528885 0.973547518253
1403715299.812143087387 1.159014344215 0.102622196078 -0.447794079781 0.010790199041 -0.232065185905 -0.073196396232 0.969882309437
1403715299.862143039703 1.153390645981 0.098553389311 -0.440497756004 0.011487327516 -0.246614873409 -0.077983640134 0.965902507305
1403715299.912143230438 1.148167371750 0.094226680696 -0.433433055878 0.013306749985 -0.260618448257 -0.084255523980 0.961666285992
1403715299.962142944336 1.143175125122 0.089647620916 -0.424859941006 0.015010464005 -0.274904161692 -0.090231314301 0.957110643387
1403715300.012143135071 1.138637304306 0.086346723139 -0.417294800282 0.016549004242 -0.287273019552 -0.095604166389 0.952921926975
1403715300.062143087387 1.132877230644 0.082237392664 -0.408960223198 0.021872492507 -0.297708421946 -0.100841127336 0.949063956738
1403715300.112143278122 1.128321528435 0.078037865460 -0.399612486362 0.027102464810 -0.307263761759 -0.104271084070 0.945506215096
1403715300.162142992020 1.124944925308 0.073548406363 -0.389984667301 0.032765652984 -0.314129024744 -0.110199287534 0.942393541336
1403715300.212143182755 1.121404051781 0.069242790341 -0.381057590246 0.038598611951 -0.318437188864 -0.118397191167 0.939728736877
1403715300.262143135071 1.117029428482 0.066077619791 -0.372670292854 0.045501988381 -0.322059094906 -0.123555131257 0.937518894672
1403715300.312143087387 1.113835811615 0.061555683613 -0.363704264164 0.049459323287 -0.326944530010 -0.123804084957 0.935592651367
1403715300.362143039703 1.110293745995 0.056508459151 -0.355456441641 0.051784332842 -0.331161797047 -0.121477432549 0.934287667274
1403715300.412143230438 1.106814742088 0.052061244845 -0.347406566143 0.052997030318 -0.334951043129 -0.117451213300 0.933383285999
1403715300.462142944336 1.104418277740 0.047956757247 -0.340704739094 0.053332407027 -0.337533175945 -0.113722078502 0.932895660400
1403715300.512143135071 1.101534962654 0.044839851558 -0.334493875504 0.053805682808 -0.338502049446 -0.112584747374 0.932655334473
1403715300.562143087387 1.101888895035 0.041807107627 -0.328727453947 0.052884437144 -0.339816898108 -0.110208228230 0.932513713837
1403715300.612143278122 1.101242065430 0.037968128920 -0.323148101568 0.050961028785 -0.339692741632 -0.109064571559 0.932800531387
1403715300.662142992020 1.099004268646 0.035056345165 -0.318359553814 0.049454882741 -0.338322788477 -0.108426257968 0.933453619480
1403715300.712143182755 1.098754882812 0.031806983054 -0.313070595264 0.047501817346 -0.337685972452 -0.107074357569 0.933941602707
1403715300.762143135071 1.099866628647 0.029867671430 -0.309247791767 0.047335088253 -0.336392521858 -0.105796776712 0.934562206268
1403715300.812143087387 1.101956963539 0.026996091008 -0.305196613073 0.048379108310 -0.334768086672 -0.105890549719 0.935081303120
1403715300.862143039703 1.103690862656 0.023836299777 -0.300128579140 0.049776952714 -0.332547307014 -0.107998147607 0.935559213161
1403715300.912143230438 1.104791402817 0.023165620863 -0.296436190605 0.051866173744 -0.329257875681 -0.110562041402 0.936309337616
1403715300.962142944336 1.107774496078 0.021761022508 -0.293215155602 0.053969446570 -0.326442867517 -0.114018499851 0.936761558056
1403715301.012143135071 1.110369801521 0.020888395607 -0.290111958981 0.055378004909 -0.323812514544 -0.116029053926 0.937345206738
1403715301.062143087387 1.113938689232 0.020651876926 -0.288245111704 0.057875324041 -0.321288317442 -0.117743544281 0.937848985195
1403715301.112143278122 1.117325425148 0.020300239325 -0.285962700844 0.061716374010 -0.318991422653 -0.119382314384 0.938180923462
1403715301.162142992020 1.120108127594 0.020237892866 -0.284738391638 0.065630614758 -0.316117048264 -0.121904581785 0.938563764095
1403715301.212143182755 1.124788761139 0.018818765879 -0.284787327051 0.069245859981 -0.313538849354 -0.124476358294 0.938831210136
1403715301.262143135071 1.127962470055 0.020947091281 -0.284621655941 0.072637431324 -0.311302185059 -0.127024799585 0.938977897167
1403715301.312143087387 1.132854223251 0.021650716662 -0.286441862583 0.074836738408 -0.310309261084 -0.128566890955 0.938923954964
1403715301.362143039703 1.136207222939 0.024682708085 -0.288126409054 0.076626092196 -0.309575468302 -0.129574298859 0.938883423805
1403715301.412143230438 1.140232086182 0.027264952660 -0.292150378227 0.075690992177 -0.309576600790 -0.129391789436 0.938984036446
1403715301.462142944336 1.145195603371 0.030481874943 -0.295240700245 0.071877278388 -0.311697751284 -0.125965878367 0.939047813416
1403715301.512143135071 1.149317741394 0.034181840718 -0.300828933716 0.064134463668 -0.313459753990 -0.122758090496 0.939446747303
1403715301.562143087387 1.154714345932 0.039857186377 -0.306033194065 0.055130150169 -0.314888477325 -0.119868628681 0.939913511276
1403715301.612143278122 1.160446405411 0.044741891325 -0.312108755112 0.045749243349 -0.315480351448 -0.117887362838 0.940468907356
1403715301.662142992020 1.164983987808 0.050161622465 -0.318339735270 0.038501866162 -0.315923273563 -0.115786500275 0.940905749798
1403715301.712143182755 1.169643402100 0.055928617716 -0.324328362942 0.034249674529 -0.315296888351 -0.114829577506 0.941397428513
1403715301.762143135071 1.174098849297 0.062853470445 -0.329566121101 0.032852824777 -0.313467204571 -0.116019129753 0.941912233829
1403715301.812143087387 1.178196072578 0.069576784968 -0.335522592068 0.035029154271 -0.311000198126 -0.119069382548 0.942270815372
1403715301.862143039703 1.183758854866 0.075172223151 -0.342515110970 0.037419866771 -0.308374881744 -0.122292302549 0.942628920078
1403715301.912143230438 1.190121889114 0.080303907394 -0.349106848240 0.038543280214 -0.306552112103 -0.124546200037 0.942883074284
1403715301.962142944336 1.194381713867 0.086963139474 -0.356446862221 0.038084626198 -0.305026590824 -0.124444767833 0.943409740925
1403715302.012143135071 1.199218630791 0.093262143433 -0.362751483917 0.039318278432 -0.303424865007 -0.125343188643 0.943756580353
1403715302.062143087387 1.203218698502 0.098469302058 -0.370875120163 0.039883036166 -0.301301628351 -0.127002075315 0.944191277027
1403715302.112143278122 1.207656264305 0.103792347014 -0.378638923168 0.038701809943 -0.299631953239 -0.128351405263 0.944589257240
1403715302.162142992020 1.211611390114 0.109751187265 -0.387323319912 0.036176517606 -0.297364532948 -0.130127981305 0.945162653923
1403715302.212143182755 1.214673995972 0.115322418511 -0.395719856024 0.034094370902 -0.295025229454 -0.131553590298 0.945775508881
1403715302.262143135071 1.217926383018 0.120433866978 -0.404233425856 0.030899845064 -0.292980968952 -0.133124604821 0.946300804615
1403715302.312143087387 1.220573782921 0.125727146864 -0.413765370846 0.029584521428 -0.290434747934 -0.135088622570 0.946849226952
1403715302.362143039703 1.222888350487 0.129802420735 -0.423226296902 0.028689207509 -0.287897318602 -0.135935425758 0.947530269623
1403715302.412143230438 1.224404692650 0.134328261018 -0.433073699474 0.029173543677 -0.285735368729 -0.136218234897 0.948129117489
1403715302.462142944336 1.223300695419 0.139349222183 -0.443291336298 0.029265822843 -0.284130156040 -0.133466631174 0.948999583721
1403715302.512143135071 1.223502039909 0.142684146762 -0.454001605511 0.026782780886 -0.284715950489 -0.126918882132 0.949795305729
1403715302.562143087387 1.224097967148 0.146081507206 -0.464714348316 0.023418916389 -0.285280346870 -0.121510148048 0.950421988964
1403715302.612143278122 1.221879839897 0.150190114975 -0.475382179022 0.020767562091 -0.285220623016 -0.116172008216 0.951168775558
1403715302.662142992020 1.221582531929 0.153938278556 -0.485531508923 0.018392289057 -0.284733742476 -0.113481134176 0.951688230038
1403715302.712143182755 1.219747304916 0.157772779465 -0.496078252792 0.015432066284 -0.284720182419 -0.110012762249 0.952152073383
1403715302.762143135071 1.219134569168 0.161587625742 -0.506074666977 0.012257250957 -0.284883379936 -0.107740588486 0.952409148216
1403715302.812143087387 1.216942071915 0.166172370315 -0.515195786953 0.007828714326 -0.284571498632 -0.106323465705 0.952708303928
1403715302.862143039703 1.215088129044 0.170632243156 -0.523087859154 0.003494608216 -0.284094363451 -0.107148624957 0.952784061432
1403715302.912143230438 1.213942766190 0.175715059042 -0.531277239323 -0.000305340538 -0.285511046648 -0.107235357165 0.952357053757
1403715302.962142944336 1.211272716522 0.180796459317 -0.538786530495 -0.003471075092 -0.288137227297 -0.109100796282 0.951347470284
1403715303.012143135071 1.208870291710 0.185471907258 -0.544782876968 -0.005875291768 -0.292427301407 -0.112529397011 0.949625670910
1403715303.062143087387 1.206644892693 0.189252078533 -0.551941275597 -0.008034441620 -0.298532247543 -0.115600660443 0.947338581085
1403715303.112143278122 1.202900648117 0.193575471640 -0.558473408222 -0.009144549258 -0.305774778128 -0.120632849634 0.944386482239
1403715303.162142992020 1.199104547501 0.197242677212 -0.562104225159 -0.009079489857 -0.314872622490 -0.125755354762 0.940722286701
1403715303.212143182755 1.193855047226 0.200935274363 -0.568433403969 -0.006507328711 -0.324967503548 -0.130710884929 0.936626076698
1403715303.262143135071 1.189199805260 0.202854543924 -0.572400927544 -0.001190218260 -0.337460756302 -0.135597094893 0.931521475315
1403715303.312143087387 1.183395147324 0.206141307950 -0.576150178909 0.006000239402 -0.349762439728 -0.141634076834 0.926050782204
1403715303.362143039703 1.178508996964 0.208423599601 -0.578969478607 0.012782237493 -0.362804442644 -0.148372396827 0.919888675213
1403715303.412143230438 1.171876788139 0.210167139769 -0.581498742104 0.018707636744 -0.375210613012 -0.155380308628 0.913632273674
1403715303.462142944336 1.166478276253 0.212349832058 -0.584931850433 0.023018358275 -0.387881934643 -0.162594646215 0.906962394714
1403715303.512143135071 1.160071372986 0.214384034276 -0.588293790817 0.025057937950 -0.400507062674 -0.167917981744 0.900427520275
1403715303.562143087387 1.153619647026 0.217019811273 -0.591059207916 0.029253164306 -0.412691980600 -0.174532517791 0.893514394760
1403715303.612143278122 1.147263646126 0.218224465847 -0.595371305943 0.029276000336 -0.426702171564 -0.177260160446 0.886367321014
1403715303.662142992020 1.141080617905 0.219671398401 -0.598657310009 0.030439384282 -0.441526681185 -0.178407579660 0.878805160522
1403715303.712143182755 1.133608698845 0.223052114248 -0.603404998779 0.030904205516 -0.455052107573 -0.179249703884 0.871689200401
1403715303.762143135071 1.126384735107 0.224658489227 -0.607195377350 0.030761018395 -0.469356119633 -0.179537996650 0.864016592503
1403715303.812143087387 1.119159102440 0.227405279875 -0.612545430660 0.032181691378 -0.481874614954 -0.181313008070 0.856671929359
1403715303.862143039703 1.112039327621 0.229331225157 -0.616616725922 0.033336631954 -0.495023846626 -0.181271240115 0.849105894566
1403715303.912143230438 1.105144023895 0.231597349048 -0.621046066284 0.034474518150 -0.505687832832 -0.181983202696 0.842599213123
1403715303.962142944336 1.099470973015 0.233306780457 -0.626173257828 0.035432528704 -0.514404177666 -0.182585626841 0.837135195732
1403715304.012143135071 1.094062447548 0.235371857882 -0.629635274410 0.035239502788 -0.521835923195 -0.183286190033 0.832377016544
1403715304.062143087387 1.088661313057 0.237990766764 -0.632821679115 0.035511747003 -0.527601957321 -0.183796346188 0.828609704971
1403715304.112143278122 1.083003759384 0.240130871534 -0.636800706387 0.035145200789 -0.532247304916 -0.183255523443 0.825769305229
1403715304.162142992020 1.078301310539 0.243217229843 -0.640169918537 0.035625427961 -0.535876274109 -0.181978762150 0.823681473732
1403715304.212143182755 1.073917746544 0.244581550360 -0.643756389618 0.034257527441 -0.537742257118 -0.182978734374 0.822300732136
1403715304.262143135071 1.071609020233 0.246635675430 -0.647520303726 0.032263569534 -0.538975298405 -0.183865934610 0.821375668049
1403715304.312143087387 1.068520665169 0.250201880932 -0.649798035622 0.030450031161 -0.539514362812 -0.184799730778 0.820881307125
1403715304.362143039703 1.066081285477 0.252761483192 -0.652697980404 0.028368230909 -0.538820505142 -0.185780450702 0.821190178394
1403715304.412143230438 1.063294053078 0.255761861801 -0.654821455479 0.026512918994 -0.537627577782 -0.187180832028 0.821715891361
1403715304.462142944336 1.062155485153 0.258240073919 -0.656091094017 0.025427065790 -0.536148130894 -0.188346326351 0.822450220585
1403715304.512143135071 1.060121774673 0.262685388327 -0.657560348511 0.028081877157 -0.533358752728 -0.190024390817 0.823790371418
1403715304.562143087387 1.058904051781 0.267795115709 -0.657600402832 0.029761014506 -0.530839741230 -0.191633820534 0.824984788895
1403715304.612143278122 1.057537794113 0.274040222168 -0.656916439533 0.031153742224 -0.528557181358 -0.192546114326 0.826185643673
1403715304.662142992020 1.056569933891 0.280790865421 -0.657126724720 0.032832697034 -0.526550769806 -0.191795170307 0.827575325966
1403715304.712143182755 1.056103348732 0.287439495325 -0.657537460327 0.033836778253 -0.524463355541 -0.191975042224 0.828817665577
1403715304.762143135071 1.055868268013 0.295412361622 -0.656918466091 0.034717950970 -0.521855175495 -0.193001434207 0.830188095570
1403715304.812143087387 1.056564688683 0.301637023687 -0.656433641911 0.034563619643 -0.520534038544 -0.192829549313 0.831063508987
1403715304.862143039703 1.056820154190 0.306198745966 -0.657578766346 0.033662252128 -0.518679916859 -0.194137737155 0.831954717636
1403715304.912143230438 1.056309938431 0.310905098915 -0.659373879433 0.033983413130 -0.516331195831 -0.194919258356 0.833218812943
1403715304.962142944336 1.056931614876 0.313614666462 -0.662087738514 0.032890684903 -0.515052199364 -0.195195555687 0.833989381790
1403715305.012143135071 1.058358430862 0.315032392740 -0.663995087147 0.033082302660 -0.515024065971 -0.194835603237 0.834083259106
1403715305.062143087387 1.058429479599 0.314066052437 -0.668317735195 0.030905894935 -0.514487266541 -0.194742307067 0.834519684315
1403715305.112143278122 1.059033632278 0.312591433525 -0.673079073429 0.030071267858 -0.514164268970 -0.194635003805 0.834774255753
1403715305.162142992020 1.060112476349 0.311288833618 -0.676223874092 0.028896929696 -0.514787018299 -0.194695964456 0.834417641163
1403715305.212143182755 1.059925079346 0.310041844845 -0.681264519691 0.026248946786 -0.514617025852 -0.194910153747 0.834559977055
1403715305.262143135071 1.060728192329 0.308559268713 -0.684824645519 0.024383440614 -0.515397429466 -0.194988101721 0.834116637707
1403715305.312143087387 1.060942530632 0.308217734098 -0.688905596733 0.023978285491 -0.515376627445 -0.196013540030 0.833900868893
1403715305.362143039703 1.061657071114 0.307404428720 -0.692614018917 0.021907133982 -0.516332447529 -0.196593835950 0.833229720592
1403715305.412143230438 1.061586499214 0.306868076324 -0.695842623711 0.021757494658 -0.516687631607 -0.198008701205 0.832678258419
1403715305.462142944336 1.061562061310 0.305918484926 -0.699443042278 0.022408496588 -0.518112063408 -0.198450505733 0.831670165062
1403715305.512143135071 1.062481522560 0.303560256958 -0.703779399395 0.022721648216 -0.520280182362 -0.197775185108 0.830467998981
1403715305.562143087387 1.063307166100 0.300126254559 -0.707834362984 0.023475788534 -0.522531688213 -0.198140412569 0.828944981098
1403715305.612143278122 1.064000129700 0.295045703650 -0.713005006313 0.023262221366 -0.524680972099 -0.199117243290 0.827357888222
1403715305.662142992020 1.063468217850 0.287133336067 -0.719340860844 0.023314652964 -0.526477336884 -0.199928879738 0.826018393040
1403715305.712143182755 1.064615845680 0.278784751892 -0.725066363811 0.021559147164 -0.529545128345 -0.198198840022 0.824520707130
1403715305.762143135071 1.064880967140 0.270401924849 -0.731411695480 0.022091237828 -0.531330049038 -0.198439806700 0.823299467564
1403715305.812143087387 1.065384268761 0.261659413576 -0.737971305847 0.021245608106 -0.532738447189 -0.198244720697 0.822458148003
1403715305.862143039703 1.065813541412 0.253368139267 -0.743024528027 0.021264160052 -0.533659815788 -0.199339047074 0.821595370770
1403715305.912143230438 1.066567301750 0.245297998190 -0.747986674309 0.020647611469 -0.534053981304 -0.200655177236 0.821034431458
1403715305.962142944336 1.066910028458 0.236943781376 -0.752822637558 0.020572006702 -0.534081459045 -0.201813384891 0.820734500885
1403715306.012143135071 1.067833662033 0.229043126106 -0.757186830044 0.020240422338 -0.534326076508 -0.202429369092 0.820431768894
1403715306.062143087387 1.068225264549 0.221485018730 -0.760891020298 0.019371662289 -0.533949553967 -0.204162403941 0.820268452168
1403715306.112143278122 1.068626403809 0.214272558689 -0.765823423862 0.017394864932 -0.533272385597 -0.205029994249 0.820536911488
1403715306.162142992020 1.068614482880 0.207723230124 -0.768907070160 0.014263476245 -0.534399211407 -0.202348530293 0.820529818535
1403715306.212143182755 1.068845510483 0.200402855873 -0.771970093250 0.012371572666 -0.535629630089 -0.196814134717 0.821104168892
1403715306.262143135071 1.068361043930 0.193014860153 -0.775195121765 0.011303250678 -0.536062180996 -0.189900919795 0.822464108467
1403715306.312143087387 1.068820357323 0.185402125120 -0.777106046677 0.010697287507 -0.536317944527 -0.180909574032 0.824330329895
1403715306.362143039703 1.068412184715 0.178393706679 -0.777983963490 0.011206734926 -0.535187840462 -0.172147184610 0.826930344105
1403715306.412143230438 1.069406747818 0.170031741261 -0.778097391129 0.013305049390 -0.533296227455 -0.162932276726 0.829982638359
1403715306.462142944336 1.070580124855 0.162904053926 -0.777444601059 0.016055192798 -0.529134690762 -0.155516952276 0.834010303020
1403715306.512143135071 1.072116255760 0.155044555664 -0.775870740414 0.019198954105 -0.522953450680 -0.150593340397 0.838732838631
1403715306.562143087387 1.074774980545 0.147775262594 -0.772281050682 0.023040596396 -0.515573084354 -0.146162450314 0.843972802162
1403715306.612143278122 1.078458189964 0.138918533921 -0.769231438637 0.027857020497 -0.506965458393 -0.141642108560 0.849792659283
1403715306.662142992020 1.083147764206 0.130400329828 -0.765582859516 0.033596981317 -0.497318476439 -0.138120561838 0.855843663216
1403715306.712143182755 1.088200569153 0.123296782374 -0.760387778282 0.040132198483 -0.485843658447 -0.136152669787 0.862442910671
1403715306.762143135071 1.095091104507 0.114714205265 -0.755711138248 0.046333096921 -0.472865730524 -0.136483743787 0.869266092777
1403715306.812143087387 1.103019833565 0.107382118702 -0.751123070717 0.054915048182 -0.460176229477 -0.134608283639 0.875844061375
1403715306.862143039703 1.112542033195 0.098891779780 -0.745295584202 0.062751442194 -0.447320252657 -0.132860928774 0.882221519947
1403715306.912143230438 1.122998237610 0.091310754418 -0.740919053555 0.070032350719 -0.432305514812 -0.133664399385 0.889011383057
1403715306.962142944336 1.134609222412 0.085362553596 -0.735505342484 0.075787961483 -0.416658461094 -0.136848866940 0.895502328873
1403715307.012143135071 1.147050261497 0.079922243953 -0.731655657291 0.080504477024 -0.399466156960 -0.141805589199 0.902129173279
1403715307.062143087387 1.160171031952 0.076989367604 -0.728338837624 0.083425074816 -0.382552683353 -0.146118298173 0.908483982086
1403715307.112143278122 1.173237085342 0.074497431517 -0.725669860840 0.081543661654 -0.366334944963 -0.150047332048 0.914677619934
1403715307.162142992020 1.185926318169 0.075637131929 -0.722966909409 0.077247492969 -0.349939048290 -0.153582721949 0.920862555504
1403715307.212143182755 1.197725653648 0.078133106232 -0.719707667828 0.072738945484 -0.334319353104 -0.156041458249 0.926601707935
1403715307.262143135071 1.211450219154 0.082881957293 -0.718966484070 0.068320192397 -0.319066941738 -0.158517539501 0.931880295277
1403715307.312143087387 1.224282622337 0.087651208043 -0.717248141766 0.063064567745 -0.305532664061 -0.158371582627 0.936798334122
1403715307.362143039703 1.235102653503 0.094389975071 -0.717759609222 0.055970150977 -0.293065279722 -0.155238479376 0.941743671894
1403715307.412143230438 1.247775435448 0.101082608104 -0.718171119690 0.046203710139 -0.283714771271 -0.146417707205 0.946537375450
1403715307.462142944336 1.257224798203 0.108505353332 -0.720385193825 0.037654053420 -0.274331808090 -0.136747986078 0.951117396355
1403715307.512143135071 1.266988396645 0.115914322436 -0.722237884998 0.030494814739 -0.265553444624 -0.127681523561 0.955117225647
1403715307.562143087387 1.276023149490 0.122828662395 -0.724986076355 0.023908669129 -0.256759554148 -0.118119172752 0.958932101727
1403715307.612143278122 1.283150434494 0.129870951176 -0.727992892265 0.019113076851 -0.247459232807 -0.109848640859 0.962461352348
1403715307.662142992020 1.292167663574 0.136877506971 -0.729890108109 0.015406277031 -0.238402307034 -0.102584727108 0.965610384941
1403715307.712143182755 1.299799442291 0.144411817193 -0.731686532497 0.011878279969 -0.227180257440 -0.097060695291 0.968930959702
1403715307.762143135071 1.307163119316 0.152331158519 -0.733055651188 0.010334150866 -0.215452417731 -0.092459000647 0.972072422504
1403715307.812143087387 1.312679767609 0.160855084658 -0.734668791294 0.009068405256 -0.201890930533 -0.088703177869 0.975340783596
1403715307.862143039703 1.321118116379 0.167116343975 -0.734101355076 0.007826579735 -0.189954683185 -0.085075981915 0.978068530560
1403715307.912143230438 1.326634645462 0.175246641040 -0.733833909035 0.007038731594 -0.176724299788 -0.082112908363 0.980804026127
1403715307.962142944336 1.333346009254 0.181685969234 -0.733257234097 0.006695615128 -0.164094895124 -0.079221688211 0.983235478401
1403715308.012143135071 1.338291764259 0.189928069711 -0.732279598713 0.007644926663 -0.151153624058 -0.075666196644 0.985580444336
1403715308.062143087387 1.342735528946 0.195810630918 -0.731988310814 0.007428379729 -0.138094484806 -0.071938373148 0.987775087357
1403715308.112143278122 1.348658084869 0.201156169176 -0.731693625450 0.007326867431 -0.126322656870 -0.068429149687 0.989599108696
1403715308.162142992020 1.352861404419 0.207360416651 -0.730613410473 0.006930741481 -0.115127310157 -0.064956188202 0.991200506687
1403715308.212143182755 1.356232643127 0.213852450252 -0.729264557362 0.007776713464 -0.104920327663 -0.061887957156 0.992522656918
1403715308.262143135071 1.359700560570 0.219020500779 -0.726775228977 0.006992033217 -0.095589168370 -0.058116905391 0.993698298931
1403715308.312143087387 1.361956238747 0.224867507815 -0.725759565830 0.006972158328 -0.085625246167 -0.055007606745 0.994783341885
1403715308.362143039703 1.364753842354 0.229812830687 -0.722937107086 0.007008401211 -0.077468857169 -0.051154542714 0.995656967163
1403715308.412143230438 1.364871382713 0.234934568405 -0.721268057823 0.006423368119 -0.070001199841 -0.047273989767 0.996405422688
1403715308.462142944336 1.366086840630 0.240995928645 -0.718397915363 0.006628189236 -0.065071843565 -0.042602121830 0.996948719025
1403715308.512143135071 1.364749073982 0.244529187679 -0.715926468372 0.006379659753 -0.061126474291 -0.037831585854 0.997392416000
1403715308.562143087387 1.365837574005 0.248922497034 -0.712823033333 0.006238475442 -0.059958890080 -0.032324824482 0.997657835484
1403715308.612143278122 1.365689516068 0.249944165349 -0.711032450199 0.005069013219 -0.059028048068 -0.027820354328 0.997855722904
1403715308.662142992020 1.365808963776 0.251052469015 -0.708336234093 0.005048301537 -0.058693498373 -0.024453379214 0.997963726521
1403715308.712143182755 1.365059137344 0.250868022442 -0.705438375473 0.003966625314 -0.058473240584 -0.021915996447 0.998040556908
1403715308.762143135071 1.365304827690 0.247581467032 -0.704169213772 0.003105276730 -0.058596696705 -0.020343309268 0.998069584370
1403715308.812143087387 1.363361477852 0.246126562357 -0.701449096203 0.002597508254 -0.058105994016 -0.020169556141 0.998103320599
1403715308.862143039703 1.363801479340 0.242074012756 -0.699374020100 0.000962456514 -0.059185743332 -0.018643746153 0.998072445393
1403715308.912143230438 1.363694548607 0.238687530160 -0.696331262589 0.000004275542 -0.060876727104 -0.017049452290 0.997999668121
1403715308.962142944336 1.364622235298 0.234269976616 -0.693357706070 0.000299203501 -0.063052117825 -0.015448120423 0.997890651226
1403715309.012143135071 1.364534497261 0.229391664267 -0.688779950142 0.001480442937 -0.065687924623 -0.013592662290 0.997746527195
1403715309.062143087387 1.364836335182 0.225083097816 -0.684572160244 0.004425630439 -0.069008834660 -0.010919589549 0.997546494007
1403715309.112143278122 1.365914344788 0.220331832767 -0.679652929306 0.006291403435 -0.072968691587 -0.008188226260 0.997280776501
1403715309.162142992020 1.366347074509 0.216248109937 -0.674405455589 0.009143076837 -0.076519519091 -0.006632615812 0.997004091740
1403715309.212143182755 1.367536067963 0.210566833615 -0.669372618198 0.013543494977 -0.080920688808 -0.003204589942 0.996623396873
1403715309.262143135071 1.368197560310 0.206067144871 -0.664443433285 0.022000534460 -0.084831990302 -0.000308436982 0.996152341366
1403715309.312143087387 1.371186375618 0.201406240463 -0.658309996128 0.029226385057 -0.089097313583 0.001081958530 0.995593488216
1403715309.362143039703 1.374338984489 0.197417885065 -0.652252912521 0.032406147569 -0.091348253191 -0.002000082051 0.995289564133
1403715309.412143230438 1.377525806427 0.194498568773 -0.646658957005 0.033647924662 -0.092399299145 -0.007737592794 0.995123267174
1403715309.462142944336 1.381598114967 0.190961569548 -0.640876591206 0.033056374639 -0.092777758837 -0.014631346799 0.995030462742
1403715309.512143135071 1.386675834656 0.186892956495 -0.636462271214 0.032630302012 -0.093875862658 -0.020803388208 0.994831562042
1403715309.562143087387 1.391317009926 0.183535888791 -0.631727397442 0.031741119921 -0.094471946359 -0.025642206892 0.994690954685
1403715309.612143278122 1.395418405533 0.181304588914 -0.627697587013 0.032297525555 -0.095134600997 -0.029638655484 0.994498789310
1403715309.662142992020 1.401059031487 0.177291259170 -0.622440397739 0.031485106796 -0.096827827394 -0.032029956579 0.994287252426
1403715309.712143182755 1.405838608742 0.173825606704 -0.618700623512 0.030316710472 -0.098704189062 -0.032845508307 0.994112432003
1403715309.762143135071 1.411319613457 0.170666635036 -0.614394545555 0.029108189046 -0.101097442210 -0.033122505993 0.993898868561
1403715309.812143087387 1.416625857353 0.167583152652 -0.611151695251 0.027392337099 -0.104229912162 -0.031096475199 0.993689477444
1403715309.862143039703 1.420499682426 0.164737969637 -0.607296228409 0.024933332577 -0.107033833861 -0.026566781104 0.993587613106
1403715309.912143230438 1.425539016724 0.162111774087 -0.604775607586 0.022294642404 -0.110690213740 -0.021794529632 0.993365824223
1403715309.962142944336 1.432354688644 0.158778220415 -0.601337671280 0.021645711735 -0.114341080189 -0.016958558932 0.993060946465
1403715310.012143135071 1.436978220940 0.156222566962 -0.597827494144 0.024042742327 -0.116323359311 -0.013233396225 0.992832183838
1403715310.062143087387 1.443718910217 0.153822898865 -0.593405067921 0.029331315309 -0.117663368583 -0.009870417416 0.992571234703
1403715310.112143278122 1.451107740402 0.151119157672 -0.589383006096 0.035018786788 -0.116598434746 -0.007830425166 0.992530703545
1403715310.162142992020 1.459035873413 0.149416252971 -0.585228979588 0.041390854865 -0.113368727267 -0.006447641645 0.992669522762
1403715310.212143182755 1.467426538467 0.146913930774 -0.581542909145 0.045911714435 -0.107992589474 -0.007671652827 0.993061363697
1403715310.262143135071 1.477339863777 0.144678443670 -0.578164935112 0.049669016153 -0.100398220122 -0.010716148652 0.993649005890
1403715310.312143087387 1.487531065941 0.142963558435 -0.574717760086 0.052794534713 -0.091369621456 -0.015761140734 0.994291663170
1403715310.362143039703 1.497203111649 0.142607942224 -0.572529911995 0.055149223655 -0.081484787166 -0.018561279401 0.994974493980
1403715310.412143230438 1.506949424744 0.142395496368 -0.571272552013 0.055697366595 -0.071022324264 -0.019948888570 0.995718657970
1403715310.462142944336 1.521661281586 0.140145555139 -0.570577561855 0.053834620863 -0.062289979309 -0.019477210939 0.996414780617
1403715310.512143135071 1.533546686172 0.139104038477 -0.570210993290 0.049795128405 -0.053609672934 -0.019050782546 0.997137665749
1403715310.562143087387 1.542983889580 0.139985546470 -0.571081638336 0.044849295169 -0.045186016709 -0.018373513594 0.997802197933
1403715310.612143278122 1.552927494049 0.140253126621 -0.573897719383 0.038848727942 -0.037640057504 -0.017828885466 0.998376727104
1403715310.662142992020 1.563017249107 0.139311179519 -0.575148165226 0.031914256513 -0.031607959419 -0.017081076279 0.998844683170
1403715310.712143182755 1.573271870613 0.139652371407 -0.576851487160 0.026852983981 -0.026799602434 -0.016089808196 0.999150574207
1403715310.762143135071 1.582536935806 0.139397621155 -0.579049706459 0.022495640442 -0.022969923913 -0.014977030456 0.999370813370
1403715310.812143087387 1.591435194016 0.139265835285 -0.581837594509 0.020116090775 -0.020115729421 -0.013711149804 0.999501228333
1403715310.862143039703 1.600852489471 0.139344975352 -0.583279371262 0.018986715004 -0.017939640209 -0.012069132179 0.999585926533
1403715310.912143230438 1.608949780464 0.138541787863 -0.586361289024 0.018465464935 -0.015785008669 -0.011111257598 0.999643146992
1403715310.962142944336 1.616523981094 0.137669563293 -0.588011324406 0.016565503553 -0.013922890648 -0.008681280538 0.999728202820
1403715311.012143135071 1.624071717262 0.139086008072 -0.589214444160 0.015199034475 -0.013094685040 -0.005300036166 0.999784708023
1403715311.062143087387 1.632687449455 0.137766495347 -0.591196179390 0.012012094259 -0.012862161733 0.000302119530 0.999845087528
1403715311.112143278122 1.639187693596 0.139213696122 -0.591547966003 0.010666969232 -0.012217997573 0.003504639724 0.999862372875
1403715311.162142992020 1.647184133530 0.139757424593 -0.591500282288 0.009359944612 -0.012372332625 0.007338758558 0.999852776527
1403715311.212143182755 1.655697464943 0.138301238418 -0.592224299908 0.008216789924 -0.012662326917 0.012050279416 0.999813437462
1403715311.262143135071 1.664379954338 0.138596534729 -0.592393696308 0.007664115634 -0.012595257722 0.014294842258 0.999789118767
1403715311.312143087387 1.672235131264 0.136834666133 -0.592645704746 0.006200986914 -0.012499898672 0.017368869856 0.999751806259
1403715311.362143039703 1.680580258369 0.138250559568 -0.590513646603 0.005512801930 -0.012515851296 0.019465338439 0.999716997147
1403715311.412143230438 1.689968705177 0.136184066534 -0.588918924332 0.003987396136 -0.011353134178 0.018184391782 0.999762237072
1403715311.462142944336 1.698668837547 0.136649340391 -0.586900472641 0.003800669452 -0.008931298740 0.014826576225 0.999843001366
1403715311.512143135071 1.708375334740 0.135420307517 -0.584731221199 0.003424802097 -0.006074977573 0.010174715891 0.999923944473
1403715311.562143087387 1.718451857567 0.132415786386 -0.582274258137 0.003239317331 -0.003723810660 0.006608592346 0.999965965748
1403715311.612143278122 1.728536605835 0.131675481796 -0.579511702061 0.005087879021 -0.001866946695 0.003851256566 0.999977946281
1403715311.662142992020 1.740020751953 0.126751840115 -0.576814293861 0.004682005849 -0.000698096468 0.001784635126 0.999987244606
1403715311.712143182755 1.750540375710 0.125468537211 -0.572796225548 0.006205532234 -0.000364357402 0.003004690167 0.999976158142
1403715311.762143135071 1.759710311890 0.122491873801 -0.568919479847 0.006905405317 0.000197616013 0.004210754298 0.999967277050
1403715311.812143087387 1.770647644997 0.117372825742 -0.563642978668 0.006712572183 0.000034994078 0.006192358676 0.999958336353
1403715311.862143039703 1.780411481857 0.116232864559 -0.558401644230 0.008540714160 0.000302809727 0.009963362478 0.999913871288
1403715311.912143230438 1.790160417557 0.112512044609 -0.553326666355 0.009843084030 0.001715025515 0.011390814558 0.999885261059
1403715311.962142944336 1.799086451530 0.111194148660 -0.548536777496 0.010906055570 0.004244833253 0.011081664823 0.999870121479
1403715312.012143135071 1.809059858322 0.106682136655 -0.542998909950 0.009961012751 0.007199555170 0.008827192709 0.999885499477
1403715312.062143087387 1.820255994797 0.104436136782 -0.536290049553 0.010067978874 0.009704174474 0.005966376048 0.999884426594
1403715312.112143278122 1.828969359398 0.101506493986 -0.530728518963 0.011614446528 0.012603439391 0.004414205439 0.999843418598
1403715312.162142992020 1.840096116066 0.096564859152 -0.524709939957 0.011898976751 0.014658641070 0.002640643856 0.999818265438
1403715312.212143182755 1.850080132484 0.091637060046 -0.519006252289 0.011645560153 0.016798736528 0.001677103457 0.999789714813
1403715312.262143135071 1.859941601753 0.085304342210 -0.510109424591 0.010424124077 0.018416499719 0.002066910965 0.999773919582
1403715312.312143087387 1.868831634521 0.083718791604 -0.503497302532 0.012152228504 0.019054109231 0.004279132001 0.999735474586
1403715312.362143039703 1.877972841263 0.079091191292 -0.496710747480 0.011456708424 0.019413281232 0.007084458601 0.999720811844
1403715312.412143230438 1.885516881943 0.075908377767 -0.489289671183 0.012263844721 0.020224612206 0.009358704090 0.999676465988
1403715312.462142944336 1.895395755768 0.072000689805 -0.481242150068 0.013249372132 0.020107422024 0.011606695130 0.999642670155
1403715312.512143135071 1.904789805412 0.065839439631 -0.474512219429 0.014621044509 0.020081223920 0.013604812324 0.999598860741
1403715312.562143087387 1.915893554688 0.062379986048 -0.465380191803 0.016121167690 0.020141700283 0.012894328684 0.999584019184
1403715312.612143278122 1.924127578735 0.059791453183 -0.456976056099 0.019680330530 0.021268932149 0.010766910389 0.999522089958
1403715312.662142992020 1.931502819061 0.058176878840 -0.449359804392 0.024658679962 0.022705394775 0.007727485150 0.999408185482
1403715312.712143182755 1.938144207001 0.058395173401 -0.439828008413 0.030484559014 0.023934420198 0.005230486393 0.999234974384
1403715312.762143135071 1.948426008224 0.055463541299 -0.431706607342 0.033431358635 0.023556601256 0.001765759429 0.999161839485
1403715312.812143087387 1.954687476158 0.054512418807 -0.424258172512 0.036781545728 0.024255834520 -0.002896258840 0.999024748802
1403715312.862143039703 1.962751150131 0.054150808603 -0.416914999485 0.042326610535 0.023565111682 -0.006778845098 0.998802900314
1403715312.912143230438 1.968619704247 0.051495682448 -0.409469008446 0.047177277505 0.022511819378 -0.009730340913 0.998585462570
1403715312.962142944336 1.976132154465 0.047568872571 -0.403194695711 0.050993494689 0.020316008478 -0.012413245626 0.998415172100
1403715313.012143135071 1.981631755829 0.044804871082 -0.398683309555 0.054353941232 0.018337022513 -0.015236197971 0.998237133026
1403715313.062143087387 1.987872600555 0.042423788458 -0.395094186068 0.056668974459 0.016152188182 -0.017703926191 0.998105406761
1403715313.112143278122 1.992649674416 0.036701679230 -0.393873184919 0.055462133139 0.014409493655 -0.020530557260 0.998145699501
1403715313.162142992020 1.995409131050 0.030542077497 -0.392751246691 0.055292051286 0.013069580309 -0.021776014939 0.998147189617
1403715313.212143182755 2.001904010773 0.022103786469 -0.391507744789 0.053108591586 0.009190321900 -0.020638009533 0.998333156109
1403715313.262143135071 2.004236221313 0.018563296646 -0.392544239759 0.051089193672 0.006304800045 -0.018420860171 0.998504281044
1403715313.312143087387 2.006240129471 0.015151225962 -0.393463790417 0.048269309103 0.003491106210 -0.016432143748 0.998693108559
1403715313.362143039703 2.008948802948 0.010712626390 -0.393618583679 0.044222902507 0.001052901847 -0.014579554088 0.998914718628
1403715313.412143230438 2.013269424438 0.004994974472 -0.394340991974 0.039186779410 -0.001120208995 -0.013790844940 0.999136090279
1403715313.462142944336 2.014364957809 0.001770358416 -0.396478593349 0.035948034376 -0.000851585763 -0.012085069902 0.999280214310
1403715313.512143135071 2.016607522964 -0.002449547406 -0.397929280996 0.034320808947 0.001266169711 -0.011575017124 0.999343037605
1403715313.562143087387 2.018373012543 -0.005596057512 -0.400506526232 0.032867662609 0.004702498671 -0.011203561909 0.999385893345
1403715313.612143278122 2.022776603699 -0.011274182238 -0.401858597994 0.030210994184 0.008463469334 -0.011879025027 0.999437153339
1403715313.662142992020 2.022372484207 -0.013117246330 -0.405115574598 0.030311359093 0.013547473587 -0.013242710382 0.999360978603
1403715313.712143182755 2.024688005447 -0.016171082854 -0.407877415419 0.030401997268 0.016657052562 -0.013551782817 0.999307096004
1403715313.762143135071 2.025150060654 -0.021781085059 -0.409924268723 0.028779892251 0.019285587594 -0.012297051027 0.999324083328
1403715313.812143087387 2.024442434311 -0.025974292308 -0.413051247597 0.028596566990 0.021735671908 -0.011469666846 0.999288916588
1403715313.862143039703 2.025713920593 -0.030589064583 -0.415441542864 0.027971379459 0.023297552019 -0.010015723296 0.999287009239
1403715313.912143230438 2.024532079697 -0.034137845039 -0.418982535601 0.028559161350 0.024500431493 -0.007242913824 0.999265551567
1403715313.962142944336 2.024747371674 -0.034926448017 -0.423273503780 0.030157033354 0.023858988658 -0.002941590967 0.999256074429
1403715314.012143135071 2.025088548660 -0.043962340802 -0.425181388855 0.026547824964 0.024560792372 0.000249853387 0.999345779419
1403715314.062143087387 2.023259401321 -0.048391595483 -0.427403926849 0.024253126234 0.028622688726 0.001512835966 0.999294877052
1403715314.112143278122 2.024458408356 -0.049314636737 -0.430369049311 0.023452578112 0.034957762808 0.001103457413 0.999112963676
1403715314.162142992020 2.021589994431 -0.052666082978 -0.432996630669 0.021834095940 0.045199196786 0.002035013167 0.998737275600
1403715314.212143182755 2.023219347000 -0.055741515011 -0.434409737587 0.018765684217 0.055230777711 0.002909218892 0.998293042183
1403715314.262143135071 2.020501375198 -0.055731467903 -0.436181753874 0.018680829555 0.067870162427 0.004347167443 0.997509777546
1403715314.312143087387 2.019675731659 -0.057936418802 -0.439423501492 0.015439641662 0.079163625836 0.006745269988 0.996719241142
1403715314.362143039703 2.015290975571 -0.055996291339 -0.438730537891 0.015321522020 0.091939963400 0.009633797221 0.995600044727
1403715314.412143230438 2.013058900833 -0.060451000929 -0.440056651831 0.012683856301 0.101778000593 0.014620146714 0.994618833065
1403715314.462142944336 2.011105060577 -0.061895400286 -0.441658318043 0.010152533650 0.109999708831 0.017995972186 0.993716835976
1403715314.512143135071 2.010069608688 -0.060295648873 -0.442833334208 0.010114537552 0.116143301129 0.022142386064 0.992934107780
1403715314.562143087387 2.009191751480 -0.060925636441 -0.444472134113 0.008647120558 0.120110042393 0.027815164998 0.992333173752
1403715314.612143278122 2.009371519089 -0.061210744083 -0.446652919054 0.008658885956 0.122397154570 0.032964721322 0.991895794868
1403715314.662142992020 1.995394706726 -0.064070649445 -0.445781290531 0.008435295895 0.129708305001 0.036916073412 0.990828871727
1403715314.712143182755 1.989774227142 -0.063174955547 -0.443454235792 0.008983908221 0.133286520839 0.039269763976 0.990258514881
1403715314.762143135071 1.987412571907 -0.063917778432 -0.444868057966 0.009497048333 0.134775996208 0.040351130068 0.990008592606
1403715314.812143087387 1.983084797859 -0.066106513143 -0.445116996765 0.010779510252 0.136516198516 0.041090838611 0.989726603031
1403715314.862143039703 1.973868846893 -0.068413943052 -0.443110376596 0.010714177974 0.140051528811 0.040742084384 0.989247620106
1403715314.912143230438 1.970208525658 -0.068567536771 -0.443025439978 0.011726997793 0.140257328749 0.040798794478 0.989204645157
1403715314.962142944336 1.961321234703 -0.070854559541 -0.441709190607 0.012166162021 0.141632571816 0.041917264462 0.988956630230
1403715315.012143135071 1.955758571625 -0.068198844790 -0.440473616123 0.015091753565 0.141106888652 0.043092310429 0.988940894604
1403715315.062143087387 1.947109460831 -0.070644721389 -0.438597887754 0.017512246966 0.140882089734 0.045603774488 0.988820433617
1403715315.112143278122 1.938339114189 -0.071537636220 -0.436915844679 0.018577456474 0.140913411975 0.046606130898 0.988749802113
1403715315.162142992020 1.932632088661 -0.073811367154 -0.436203598976 0.017202693969 0.139470100403 0.048073183745 0.988909065723
1403715315.212143182755 1.923001885414 -0.074479460716 -0.433200597763 0.016602596268 0.139380991459 0.048805717379 0.988896012306
1403715315.262143135071 1.913764476776 -0.073796696961 -0.430698066950 0.017013236880 0.139960289001 0.048504155129 0.988822042942
1403715315.312143087387 1.905319094658 -0.075525306165 -0.429009288549 0.016021773219 0.142004549503 0.049626506865 0.988491415977
1403715315.362143039703 1.901032924652 -0.075977362692 -0.429630488157 0.016423147172 0.143841639161 0.050779461861 0.988160550594
1403715315.412143230438 1.893972158432 -0.077869221568 -0.429348766804 0.015826363117 0.147871747613 0.053279668093 0.987443566322
1403715315.462142944336 1.888966441154 -0.077278196812 -0.429931819439 0.016332391649 0.151940479875 0.056382425129 0.986645042896
1403715315.512143135071 1.881971836090 -0.077747434378 -0.428592771292 0.016884107143 0.157625555992 0.059874556959 0.985537528992
1403715315.562143087387 1.879444122314 -0.076977498829 -0.430337458849 0.018015122041 0.161269903183 0.063356056809 0.984709858894
1403715315.612143278122 1.868360877037 -0.079872503877 -0.428098559380 0.017738614231 0.169609084725 0.067740604281 0.983020544052
1403715315.662142992020 1.856250047684 -0.079617291689 -0.424583315849 0.019310051575 0.178749397397 0.071447305381 0.981107056141
1403715315.712143182755 1.853408217430 -0.079237371683 -0.425755083561 0.021719936281 0.183257460594 0.078797601163 0.979661166668
1403715315.762143135071 1.851931571960 -0.080035433173 -0.429786264896 0.022941768169 0.187149524689 0.087609574199 0.978147923946
1403715315.812143087387 1.838833093643 -0.081766873598 -0.424205839634 0.023666821420 0.197211518884 0.096675440669 0.975295543671
1403715315.862143039703 1.833074450493 -0.082600817084 -0.424101918936 0.023131906986 0.205622613430 0.103056408465 0.972914993763
1403715315.912143230438 1.828275680542 -0.083110943437 -0.424363791943 0.022212741897 0.214880719781 0.108170919120 0.970377266407
1403715315.962142944336 1.825194358826 -0.083432368934 -0.427429437637 0.021336814389 0.224360272288 0.111018449068 0.967926681042
1403715316.012143135071 1.814904689789 -0.083489216864 -0.426083505154 0.019958132878 0.237236037850 0.114530846477 0.964470565319
1403715316.062143087387 1.816609621048 -0.082304507494 -0.428970396519 0.018439769745 0.246653512120 0.115505859256 0.962018907070
1403715316.112143278122 1.809207439423 -0.080672681332 -0.428792744875 0.016484815627 0.259799957275 0.115216709673 0.958622634411
1403715316.162142992020 1.801328182220 -0.082420200109 -0.427223265171 0.012521098368 0.274112135172 0.116251267493 0.954563498497
1403715316.212143182755 1.800548434258 -0.076791979373 -0.430275738239 0.009586193599 0.285193264484 0.115888155997 0.951389968395
1403715316.262143135071 1.796285390854 -0.075058266521 -0.430653274059 0.002612294396 0.298625677824 0.116220630705 0.947263777256
1403715316.312143087387 1.791140556335 -0.072117254138 -0.429481267929 -0.004454125185 0.312295109034 0.117616139352 0.942665576935
1403715316.362143039703 1.788154721260 -0.068590044975 -0.429420709610 -0.013372011483 0.323815524578 0.118568159640 0.938566088676
1403715316.412143230438 1.784572601318 -0.064565941691 -0.428642213345 -0.020946633071 0.334383338690 0.119582861662 0.934584915638
1403715316.462142944336 1.779337286949 -0.061547871679 -0.425933837891 -0.025937039405 0.343912392855 0.120948359370 0.930818498135
1403715316.512143135071 1.776363015175 -0.057967226952 -0.424031049013 -0.027379261330 0.350424855947 0.123589940369 0.927996933460
1403715316.562143087387 1.773544549942 -0.055554226041 -0.421242624521 -0.026516184211 0.356211364269 0.126073181629 0.925481498241
1403715316.612143278122 1.771811366081 -0.053696908057 -0.418806523085 -0.023961331695 0.359921395779 0.129218578339 0.923680126667
1403715316.662142992020 1.766361951828 -0.053225487471 -0.412656545639 -0.019879294559 0.364904522896 0.131528005004 0.921493291855
1403715316.712143182755 1.760257482529 -0.048368528485 -0.404606699944 -0.014423272572 0.370240867138 0.133238002658 0.919217824936
1403715316.762143135071 1.758953452110 -0.047381371260 -0.400248587132 -0.010800632648 0.374130547047 0.136017784476 0.917283415794
1403715316.812143087387 1.756916403770 -0.046816900373 -0.394424676895 -0.008384691551 0.379131644964 0.138945937157 0.914813041687
1403715316.862143039703 1.754490017891 -0.042538024485 -0.387431442738 -0.005234084558 0.385373592377 0.140861436725 0.911930859089
1403715316.912143230438 1.747877120972 -0.038897439837 -0.377904176712 -0.001612957567 0.394170790911 0.143939584494 0.907693922520
1403715316.962142944336 1.746096491814 -0.038243785501 -0.371083855629 0.000824534916 0.402867913246 0.146276563406 0.903493165970
1403715317.012143135071 1.741387724876 -0.035646498203 -0.362012684345 0.005373618100 0.413419276476 0.149114340544 0.898231923580
1403715317.062143087387 1.735897541046 -0.031210854650 -0.353555083275 0.008454960771 0.423568546772 0.153577148914 0.892710626125
1403715317.112143278122 1.733240604401 -0.030792757869 -0.345057338476 0.007344199810 0.433977723122 0.159533619881 0.886655747890
1403715317.162142992020 1.728442430496 -0.028248250484 -0.337266266346 0.005938027985 0.444914966822 0.165426015854 0.880141854286
1403715317.212143182755 1.726483345032 -0.028500244021 -0.331237524748 0.002959951991 0.455335050821 0.171957924962 0.873551249504
1403715317.262143135071 1.720705747604 -0.025745585561 -0.321330845356 0.001487299218 0.468123108149 0.175810605288 0.865996062756
1403715317.312143087387 1.718001008034 -0.022855430841 -0.314041942358 0.000186434394 0.479670464993 0.180160030723 0.858754158020
1403715317.362143039703 1.715135335922 -0.022837519646 -0.308637887239 -0.001165385358 0.490317404270 0.186773017049 0.851295113564
1403715317.412143230438 1.709129095078 -0.022615492344 -0.298310577869 -0.000073378476 0.502862751484 0.193704396486 0.842382133007
1403715317.462142944336 1.706943988800 -0.019918143749 -0.292836129665 0.000401777012 0.513075947762 0.199765533209 0.834773480892
1403715317.512143135071 1.703260183334 -0.019320160151 -0.284393668175 0.000787131488 0.524134635925 0.205678090453 0.826425313950
1403715317.562143087387 1.698500990868 -0.022109895945 -0.275965511799 0.000358053105 0.535961449146 0.211230799556 0.817390203476
1403715317.612143278122 1.692958354950 -0.016634464264 -0.265122532845 0.003381652292 0.547807037830 0.214277952909 0.808690965176
1403715317.662142992020 1.690515279770 -0.018680065870 -0.259383141994 0.004043494351 0.557239472866 0.220503881574 0.800528585911
1403715317.712143182755 1.686285257339 -0.016767680645 -0.251453042030 0.005964039359 0.567391276360 0.225085541606 0.792065620422
1403715317.762143135071 1.683050274849 -0.016281664371 -0.245369434357 0.007900403813 0.576254546642 0.231368988752 0.783796310425
1403715317.812143087387 1.679375410080 -0.018156886101 -0.238756120205 0.011410346255 0.583939373493 0.240673720837 0.775216519833
1403715317.862143039703 1.676111817360 -0.021349668503 -0.230326890945 0.013385164551 0.592337787151 0.250483036041 0.765646815300
1403715317.912143230438 1.674081087112 -0.017890810966 -0.225592136383 0.016289556399 0.600019037724 0.256074756384 0.757718622684
1403715317.962142944336 1.671727180481 -0.018476128578 -0.221587061882 0.016453126445 0.607798635960 0.261393398046 0.749655663967
1403715318.012143135071 1.667596817017 -0.015412330627 -0.215491414070 0.017246676609 0.616253018379 0.264614284039 0.741561889648
1403715318.062143087387 1.665019631386 -0.015561223030 -0.212401390076 0.018378006294 0.622811555862 0.268573522568 0.734599411488
1403715318.112143278122 1.661328315735 -0.012687742710 -0.206201672554 0.020990405232 0.629020929337 0.271624356508 0.728088080883
1403715318.162142992020 1.659505844116 -0.012698352337 -0.204130291939 0.021002290770 0.633823692799 0.274620443583 0.722779393196
1403715318.212143182755 1.656514883041 -0.009407520294 -0.200308322906 0.020488556474 0.638648927212 0.275415986776 0.718229651451
1403715318.262143135071 1.654100179672 -0.008725643158 -0.199190378189 0.019679073244 0.642035484314 0.276994764805 0.714616715908
1403715318.312143087387 1.652500152588 -0.007732868195 -0.198639512062 0.017162168398 0.645360112190 0.278193891048 0.711212992668
1403715318.362143039703 1.649532437325 -0.001838386059 -0.198474049568 0.016738763079 0.649223566055 0.277324765921 0.708039224148
1403715318.412143230438 1.647625923157 0.000973880291 -0.199005484581 0.013554573990 0.653499186039 0.277253478765 0.704191446304
1403715318.462142944336 1.646272420883 0.001437127590 -0.204715728760 0.006963094231 0.657416582108 0.276542812586 0.700913012028
1403715318.512143135071 1.645010948181 0.004846334457 -0.204766988754 0.000709654007 0.663366079330 0.274615377188 0.696082830429
1403715318.562143087387 1.644116282463 0.010081470013 -0.206585288048 -0.005418828223 0.668695032597 0.274007856846 0.691185414791
1403715318.612143278122 1.643726706505 0.011393725872 -0.209701657295 -0.013478771783 0.672662854195 0.277940303087 0.685632705688
1403715318.662142992020 1.642519354820 0.017574489117 -0.213131189346 -0.020228829235 0.676180601120 0.281912297010 0.680364668369
1403715318.712143182755 1.642297029495 0.022637724876 -0.211829900742 -0.026987208053 0.680680096149 0.287729620934 0.673170089722
1403715318.762143135071 1.642935752869 0.029304146767 -0.213515996933 -0.029437413439 0.684705197811 0.293257266283 0.666567623615
1403715318.812143087387 1.645113229752 0.030733704567 -0.219015359879 -0.035006258637 0.688574016094 0.299074590206 0.659693062305
1403715318.862143039703 1.648121595383 0.036203503609 -0.219029664993 -0.035501141101 0.694889247417 0.301355361938 0.651961326599
1403715318.912143230438 1.650468349457 0.043340802193 -0.219525098801 -0.034983526915 0.701455414295 0.300662070513 0.645243167877
1403715318.962142944336 1.656771302223 0.043689489365 -0.224717140198 -0.035991083831 0.706244766712 0.302145928144 0.639242351055
1403715319.012143135071 1.662463784218 0.049312770367 -0.224494814873 -0.033970825374 0.713362812996 0.300783663988 0.632051110268
1403715319.062143087387 1.669297337532 0.053620934486 -0.226177215576 -0.032468114048 0.720432698727 0.299414426088 0.624718785286
1403715319.112143278122 1.677163720131 0.059007704258 -0.228601813316 -0.031200185418 0.727782011032 0.296169102192 0.617773354053
1403715319.162142992020 1.684925436974 0.064776420593 -0.229731798172 -0.029563818127 0.735745728016 0.292463749647 0.610138773918
1403715319.212143182755 1.693339347839 0.068640828133 -0.230424046516 -0.028456846252 0.743469059467 0.290245085955 0.601831972599
1403715319.262143135071 1.703297495842 0.069554150105 -0.233993649483 -0.029640911147 0.749778628349 0.290791749954 0.593627512455
1403715319.312143087387 1.713392972946 0.074704825878 -0.234126091003 -0.028997574002 0.757154822350 0.289516329765 0.584855675697
1403715319.362143039703 1.723755002022 0.075320780277 -0.235912919044 -0.030343266204 0.763800382614 0.289907366037 0.575883626938
1403715319.412143230438 1.735227346420 0.078405976295 -0.237102866173 -0.029582502320 0.770286917686 0.289830565453 0.567257583141
1403715319.462142944336 1.745862960815 0.082059502602 -0.237861156464 -0.026490410790 0.776163816452 0.290874302387 0.558802545071
1403715319.512143135071 1.757640957832 0.083871424198 -0.238705396652 -0.023798970506 0.781786024570 0.292998373508 0.549905598164
1403715319.562143087387 1.770919561386 0.082754492760 -0.238019943237 -0.023884693161 0.787545025349 0.295696616173 0.540153563023
1403715319.612143278122 1.781425118446 0.086085796356 -0.238509178162 -0.020698724315 0.792300283909 0.296650528908 0.532757282257
1403715319.662142992020 1.794773340225 0.086294054985 -0.240410327911 -0.021091267467 0.795746088028 0.298318207264 0.526639759541
1403715319.712143182755 1.807346820831 0.086206972599 -0.239877939224 -0.019511081278 0.798653900623 0.299758434296 0.521455883980
1403715319.762143135071 1.819386482239 0.082505285740 -0.240783691406 -0.020177969709 0.799888193607 0.301398575306 0.518585264683
1403715319.812143087387 1.834128737450 0.077169954777 -0.239143848419 -0.019771074876 0.801234126091 0.302717953920 0.515746891499
1403715319.862143039703 1.846781253815 0.075164258480 -0.240909814835 -0.017689803615 0.801894366741 0.302054703236 0.515184819698
1403715319.912143230438 1.861924409866 0.063699781895 -0.241082429886 -0.019038675353 0.802513062954 0.305245608091 0.512284636497
1403715319.962142944336 1.876356124878 0.056945741177 -0.241613864899 -0.018816152588 0.803673207760 0.305413693190 0.510370254517
1403715320.012143135071 1.889657497406 0.049657821655 -0.241072893143 -0.018148517236 0.805680394173 0.305443972349 0.507201850414
1403715320.062143087387 1.905132412910 0.041170120239 -0.240579605103 -0.018938031048 0.808114349842 0.306586146355 0.502590835094
1403715320.112143278122 1.921726942062 0.031943023205 -0.238178253174 -0.020454959944 0.812394678593 0.306441068649 0.495671719313
1403715320.162142992020 1.935884952545 0.025822579861 -0.238692045212 -0.020791931078 0.816087245941 0.306646138430 0.489425629377
1403715320.212143182755 1.952035665512 0.018048048019 -0.236209630966 -0.020624080673 0.821878969669 0.306269139051 0.479884237051
1403715320.262143135071 1.967289447784 0.012683749199 -0.234781503677 -0.017908930779 0.828788220882 0.303455621004 0.469791501760
1403715320.312143087387 1.983581304550 0.004786312580 -0.232273817062 -0.013198982924 0.836390912533 0.302248179913 0.457079976797
1403715320.362143039703 1.996668815613 -0.000151038170 -0.231009244919 -0.006058020517 0.843262255192 0.301860392094 0.444693684578
1403715320.412143230438 2.014323711395 -0.009237945080 -0.227846145630 -0.001833667397 0.849807918072 0.306025326252 0.429152250290
1403715320.462142944336 2.027496337891 -0.015445649624 -0.226132392883 0.002255827654 0.855804026127 0.309404492378 0.414564043283
1403715320.512143135071 2.041009902954 -0.020956635475 -0.222420930862 0.006465721410 0.861673593521 0.314101845026 0.398518323898
1403715320.562143087387 2.055170774460 -0.028433382511 -0.219951868057 0.009561178274 0.866850018501 0.319463014603 0.382652789354
1403715320.612143278122 2.068284749985 -0.035189092159 -0.214222908020 0.014729596674 0.872498810291 0.324339777231 0.365147292614
1403715320.662142992020 2.081112861633 -0.042365610600 -0.210565090179 0.019961616024 0.877258360386 0.329108297825 0.348865330219
1403715320.712143182755 2.092572450638 -0.049383640289 -0.207258701324 0.025652386248 0.881249427795 0.333412289619 0.334032595158
1403715320.762143135071 2.103549242020 -0.057069599628 -0.203531742096 0.033112145960 0.884331285954 0.337891995907 0.320454031229
1403715320.812143087387 2.114771366119 -0.065378129482 -0.199696302414 0.038600884378 0.886982798576 0.341529935598 0.308429598808
1403715320.862143039703 2.123221397400 -0.070642650127 -0.195557832718 0.044605407864 0.888201177120 0.345868378878 0.299138873816
1403715320.912143230438 2.130937814713 -0.075836658478 -0.191676855087 0.048012305051 0.888651728630 0.351099938154 0.291069984436
1403715320.962142944336 2.136185646057 -0.080830395222 -0.188021183014 0.048339445144 0.889165878296 0.354801446199 0.284891635180
1403715321.012143135071 2.142571687698 -0.085969030857 -0.184704065323 0.045535057783 0.889878451824 0.358067482710 0.278981417418
1403715321.062143087387 2.146224975586 -0.089779257774 -0.181944370270 0.042561888695 0.890672564507 0.359795898199 0.274659574032
1403715321.112143278122 2.149433135986 -0.092888236046 -0.178976535797 0.039401501417 0.891796350479 0.360171914101 0.270966827869
1403715321.162142992020 2.151899337769 -0.097128748894 -0.177167177200 0.035731639713 0.892392635345 0.361248314381 0.268064141273
1403715321.212143182755 2.152412891388 -0.098827302456 -0.174717307091 0.033378381282 0.893002331257 0.361462622881 0.266040354967
1403715321.262143135071 2.152633190155 -0.102432250977 -0.174334049225 0.030243607238 0.892877221107 0.362855255604 0.264937132597
1403715321.312143087387 2.152183294296 -0.105265796185 -0.174847602844 0.028720250353 0.892491161823 0.363992691040 0.264847308397
1403715321.362143039703 2.150686264038 -0.107286274433 -0.174880981445 0.028992250562 0.892237782478 0.364670306444 0.264739066362
1403715321.412143230438 2.149305343628 -0.109059512615 -0.175892591476 0.029884213582 0.892287850380 0.364448487759 0.264776617289
1403715321.462142944336 2.145919322968 -0.110203146935 -0.176332592964 0.031153097749 0.892753243446 0.363043069839 0.264992207289
1403715321.512143135071 2.142586708069 -0.110814094543 -0.177326798439 0.030743449926 0.892857909203 0.362130224705 0.265934675932
1403715321.562143087387 2.136900901794 -0.111697316170 -0.179631114006 0.030142843723 0.892150402069 0.362230658531 0.268231391907
1403715321.612143278122 2.133577823639 -0.114908576012 -0.183392405510 0.025251006708 0.891535103321 0.362834841013 0.269960105419
1403715321.662142992020 2.127399921417 -0.115514814854 -0.187256455421 0.023056721315 0.891815066338 0.361225575209 0.271386027336
1403715321.712143182755 2.119606733322 -0.116409420967 -0.192028522491 0.023666692898 0.893363475800 0.357080399990 0.271726191044
1403715321.762143135071 2.112248420715 -0.116213023663 -0.196448206902 0.024689216167 0.895135402679 0.353691220284 0.270232617855
1403715321.812143087387 2.103623151779 -0.117686212063 -0.202064752579 0.028582461178 0.896870017052 0.350631535053 0.268076241016
1403715321.862143039703 2.095911264420 -0.117939829826 -0.207588553429 0.035515993834 0.899458765984 0.346278399229 0.264204323292
1403715321.912143230438 2.085520029068 -0.119640290737 -0.214534163475 0.038801185787 0.901380121708 0.343113303185 0.261307537556
1403715321.962142944336 2.073789834976 -0.118123054504 -0.219549059868 0.041495345533 0.903101623058 0.341429293156 0.257121890783
1403715322.012143135071 2.060710906982 -0.118112266064 -0.224906682968 0.040738418698 0.903586089611 0.344309270382 0.251642048359
1403715322.062143087387 2.048377752304 -0.119191884995 -0.232486486435 0.038879465312 0.902733027935 0.349861443043 0.247302576900
1403715322.112143278122 2.033648014069 -0.118892431259 -0.238142490387 0.035132978112 0.902571439743 0.354128301144 0.242329761386
1403715322.162142992020 2.016392707825 -0.117350816727 -0.243835210800 0.026733264327 0.903038322926 0.355764865875 0.239245682955
1403715322.212143182755 2.002251625061 -0.116678595543 -0.250673532486 0.016165712848 0.904047667980 0.356505542994 0.235245257616
1403715322.262143135071 1.985885024071 -0.115462779999 -0.258641958237 0.006993699353 0.905110597610 0.357166796923 0.230559781194
1403715322.312143087387 1.971052527428 -0.116891205311 -0.266471743584 -0.002081246581 0.905565321445 0.360032260418 0.224329769611
1403715322.362143039703 1.955970764160 -0.116886556149 -0.275819420815 -0.010211193934 0.905975997448 0.363222420216 0.217193037271
1403715322.412143230438 1.939190149307 -0.113221347332 -0.281195759773 -0.015592539683 0.907489597797 0.364573568106 0.208100020885
1403715322.462142944336 1.916985154152 -0.108338057995 -0.290139079094 -0.019463598728 0.907718539238 0.367262393236 0.201956763864
1403715322.512143135071 1.901290297508 -0.103523492813 -0.296101450920 -0.022871453315 0.908549666405 0.369706720114 0.193213105202
1403715322.562143087387 1.886734127998 -0.095431387424 -0.300287246704 -0.024223614484 0.909251332283 0.372011452913 0.185155898333
1403715322.612143278122 1.873451471329 -0.088834702969 -0.305656075478 -0.027246428654 0.909615099430 0.374308228493 0.178189367056
1403715322.662142992020 1.858234882355 -0.081235468388 -0.312988638878 -0.028924142942 0.909342229366 0.376784980297 0.174049690366
1403715322.712143182755 1.841338872910 -0.069213330746 -0.317984580994 -0.028287705034 0.910172641277 0.376065045595 0.171349421144
1403715322.762143135071 1.828460454941 -0.060837030411 -0.326432585716 -0.028801029548 0.910750150681 0.375827014446 0.168696999550
1403715322.812143087387 1.815114140511 -0.050804793835 -0.332560896873 -0.028864972293 0.911468088627 0.375078141689 0.166460752487
1403715322.862143039703 1.802704215050 -0.043298006058 -0.340685009956 -0.030400209129 0.911554992199 0.375237524509 0.165348529816
1403715322.912143230438 1.792683482170 -0.037277042866 -0.351037621498 -0.032531037927 0.912037849426 0.374355822802 0.164275392890
1403715322.962142944336 1.781334519386 -0.031673848629 -0.362400889397 -0.033684223890 0.912559032440 0.373014748096 0.164199471474
1403715323.012143135071 1.771703243256 -0.027464985847 -0.374482989311 -0.035108670592 0.912915349007 0.371857255697 0.164545357227
1403715323.062143087387 1.763182282448 -0.023169577122 -0.386249184608 -0.035487744957 0.913263976574 0.370863378048 0.164772555232
1403715323.112143278122 1.755555748940 -0.022135555744 -0.399164557457 -0.036499604583 0.913196086884 0.370914191008 0.164813026786
1403715323.162142992020 1.750244259834 -0.016888797283 -0.411503791809 -0.037863276899 0.913468837738 0.370032280684 0.164976149797
1403715323.212143182755 1.741487026215 -0.009801745415 -0.424929261208 -0.038832925260 0.913711249828 0.368324875832 0.167214304209
1403715323.262143135071 1.737220525742 -0.004101395607 -0.436658978462 -0.040306128561 0.914214909077 0.366955161095 0.167123943567
1403715323.312143087387 1.731251478195 0.002328038216 -0.449234843254 -0.040815941989 0.913985908031 0.367037504911 0.168069422245
1403715323.362143039703 1.727839708328 0.010779082775 -0.461462497711 -0.040090486407 0.914225935936 0.366483330727 0.168147847056
1403715323.412143230438 1.724031805992 0.017148017883 -0.473782658577 -0.040315091610 0.914200186729 0.366478949785 0.168243557215
1403715323.462142944336 1.722916007042 0.025428295135 -0.485701918602 -0.040108397603 0.914287865162 0.366453021765 0.167872548103
1403715323.512143135071 1.720609307289 0.029536068439 -0.500112175941 -0.040350053459 0.914033055305 0.366853922606 0.168325975537
1403715323.562143087387 1.721672415733 0.033703625202 -0.515694975853 -0.040399540216 0.913687229156 0.368019938469 0.167645186186
1403715323.612143278122 1.721466422081 0.036281585693 -0.530950427055 -0.038138717413 0.916235327721 0.361802071333 0.167802304029
1403715323.662142992020 1.722981095314 0.038104712963 -0.548417329788 -0.034178271890 0.919822752476 0.352896541357 0.167993977666
1403715323.712143182755 1.724213242531 0.040346622467 -0.564927101135 -0.031337298453 0.924033522606 0.342088162899 0.167796805501
1403715323.762143135071 1.727538943291 0.043361306190 -0.579595685005 -0.028962116688 0.928669750690 0.329864978790 0.167101264000
1403715323.812143087387 1.731627941132 0.043068826199 -0.594825387001 -0.026323774830 0.932046830654 0.320701330900 0.166572585702
1403715323.862143039703 1.734804391861 0.045616149902 -0.608896255493 -0.023930821568 0.935264110565 0.311518996954 0.166325688362
1403715323.912143230438 1.738895177841 0.046475887299 -0.620499849319 -0.021988790482 0.938307404518 0.302580416203 0.165954217315
1403715323.962142944336 1.742767214775 0.046797454357 -0.632404208183 -0.018582595512 0.941851973534 0.291317403316 0.166444227099
1403715324.012143135071 1.746679544449 0.045695900917 -0.643948674202 -0.015328586102 0.944030642509 0.283881187439 0.167280420661
1403715324.062143087387 1.750653266907 0.045218586922 -0.651772499084 -0.013071074151 0.944880127907 0.280911117792 0.167689025402
1403715324.112143278122 1.754911184311 0.044773697853 -0.657488822937 -0.010400064290 0.944101810455 0.283400326967 0.168071046472
1403715324.162142992020 1.757862687111 0.043702304363 -0.662541508675 -0.008679579012 0.942077338696 0.289414703846 0.169275298715
1403715324.212143182755 1.761676549911 0.041670024395 -0.666147470474 -0.006024467293 0.940118372440 0.295478701591 0.169804289937
1403715324.262143135071 1.767432570457 0.038744509220 -0.667628169060 -0.003141342197 0.938313066959 0.301331609488 0.169581800699
1403715324.312143087387 1.770435452461 0.035179555416 -0.668104529381 0.001658651978 0.936423063278 0.306765019894 0.170306771994
1403715324.362143039703 1.772772550583 0.032347440720 -0.667660593987 0.009057809599 0.933972299099 0.313560098410 0.171154350042
1403715324.412143230438 1.775825142860 0.028562605381 -0.666126728058 0.014403472655 0.930168986320 0.324297696352 0.171491205692
1403715324.462142944336 1.776635169983 0.025468707085 -0.664480328560 0.017395375296 0.925717532635 0.336155295372 0.172464966774
1403715324.512143135071 1.777964949608 0.020883440971 -0.662223458290 0.018983360380 0.921796798706 0.346764564514 0.172292292118
1403715324.562143087387 1.779011249542 0.016143262386 -0.660372734070 0.018827013671 0.918575167656 0.355366438627 0.171988040209
1403715324.612143278122 1.777506828308 0.011714041233 -0.659361362457 0.017765037715 0.916605174541 0.360354721546 0.172232046723
1403715324.662142992020 1.776729345322 0.007732689381 -0.657904386520 0.015705831349 0.915940046310 0.362220734358 0.172056108713
1403715324.712143182755 1.775101184845 0.004609882832 -0.657314538956 0.013649265282 0.916127443314 0.361837565899 0.172040030360
1403715324.762143135071 1.773053765297 0.000291585922 -0.657378554344 0.010013911873 0.916364014149 0.361412554979 0.171923562884
1403715324.812143087387 1.771022677422 -0.002997398376 -0.657994389534 0.003569284920 0.917259275913 0.359201252460 0.172038346529
1403715324.862143039703 1.767628550529 -0.005302011967 -0.658763408661 -0.003884764854 0.918649435043 0.355152070522 0.173018082976
1403715324.912143230438 1.766391277313 -0.008662521839 -0.660020589828 -0.010022587143 0.920410692692 0.350332409143 0.173236742616
1403715324.962142944336 1.763434052467 -0.010535836220 -0.659301280975 -0.012152750045 0.922568142414 0.344259083271 0.173798769712
1403715325.012143135071 1.761783480644 -0.012765765190 -0.658723354340 -0.013396225870 0.924532890320 0.338607937098 0.174367859960
1403715325.062143087387 1.760367751122 -0.016332626343 -0.659163475037 -0.013720710762 0.925549507141 0.335455983877 0.175040423870
1403715325.112143278122 1.757755279541 -0.018659174442 -0.658298492432 -0.011568859220 0.926774442196 0.331562817097 0.176129043102
1403715325.162142992020 1.757245659828 -0.020710825920 -0.656443476677 -0.010879911482 0.927496254444 0.329352080822 0.176520660520
1403715325.212143182755 1.755221843719 -0.023770213127 -0.654884815216 -0.010009272955 0.927834987640 0.328029006720 0.177254080772
1403715325.262143135071 1.754593491554 -0.025747597218 -0.651825308800 -0.009380187839 0.927622020245 0.328382939100 0.177747085690
1403715325.312143087387 1.752898454666 -0.027613997459 -0.648829579353 -0.007896861993 0.926845669746 0.330037534237 0.178801417351
1403715325.362143039703 1.750811696053 -0.029406428337 -0.644933104515 -0.007538446225 0.925632953644 0.333059906960 0.179493352771
1403715325.412143230438 1.749012589455 -0.031549334526 -0.640413284302 -0.005873218179 0.923786938190 0.337751090527 0.180298075080
1403715325.462142944336 1.746801972389 -0.034339189529 -0.636273384094 -0.004303789698 0.921485900879 0.343808442354 0.180668190122
1403715325.512143135071 1.744390010834 -0.036132454872 -0.631129860878 -0.002507418394 0.919592261314 0.348704785109 0.180966228247
1403715325.562143087387 1.742180228233 -0.037667572498 -0.627183675766 0.000450909429 0.918207406998 0.352331221104 0.180990859866
1403715325.612143278122 1.738903880119 -0.039743900299 -0.623286485672 0.006898113992 0.917121469975 0.355043113232 0.181066438556
1403715325.662142992020 1.735901832581 -0.041689813137 -0.619781732559 0.013388807885 0.916161298752 0.357490897179 0.180747270584
1403715325.712143182755 1.732826471329 -0.044293701649 -0.616429448128 0.018308328465 0.915123403072 0.360265731812 0.180062606931
1403715325.762143135071 1.729056358337 -0.045163035393 -0.612650275230 0.021096188575 0.914322853088 0.362401396036 0.179537981749
1403715325.812143087387 1.724199295044 -0.046565651894 -0.610200047493 0.021048100665 0.913406729698 0.364854812622 0.179237857461
1403715325.862143039703 1.718292593956 -0.047172367573 -0.607766389847 0.020334612578 0.912952005863 0.366098254919 0.179101049900
1403715325.912143230438 1.711929440498 -0.047943770885 -0.605721116066 0.018659019843 0.912506401539 0.367527455091 0.178626894951
1403715325.962142944336 1.706905961037 -0.048678338528 -0.603407740593 0.016159875318 0.912252187729 0.368786990643 0.177569851279
1403715326.012143135071 1.698581933975 -0.047099530697 -0.603353142738 0.013469628990 0.912454783916 0.368350774050 0.177658498287
1403715326.062143087387 1.691944956779 -0.046481192112 -0.601674675941 0.009102133103 0.913453876972 0.366584092379 0.176451951265
1403715326.112143278122 1.684941649437 -0.045155704021 -0.601677060127 0.002977691358 0.914505124092 0.364578425884 0.175368487835
1403715326.162142992020 1.675442337990 -0.044330716133 -0.602573156357 -0.002826497424 0.915531575680 0.362183779478 0.174976855516
1403715326.212143182755 1.668105363846 -0.041989326477 -0.602162480354 -0.007730145473 0.916807830334 0.359534025192 0.173605948687
1403715326.262143135071 1.659820199013 -0.040359199047 -0.603648543358 -0.012397950515 0.917989134789 0.356621026993 0.173100367188
1403715326.312143087387 1.652440190315 -0.038316667080 -0.604802608490 -0.014472075738 0.919633328915 0.352782070637 0.172075301409
1403715326.362143039703 1.645399093628 -0.035826563835 -0.604796051979 -0.015602475964 0.922372341156 0.346082121134 0.170918226242
1403715326.412143230438 1.638577938080 -0.033636093140 -0.606057286263 -0.015117221512 0.925176978111 0.339071005583 0.169852778316
1403715326.462142944336 1.630101680756 -0.031373620033 -0.606565475464 -0.014178720303 0.927174985409 0.333851933479 0.169376611710
1403715326.512143135071 1.623998641968 -0.029104650021 -0.606547713280 -0.013325267471 0.929295063019 0.328494787216 0.168298333883
1403715326.562143087387 1.616882562637 -0.027857661247 -0.605684876442 -0.012898489833 0.930785357952 0.324799984694 0.167264074087
1403715326.612143278122 1.609747052193 -0.025498092175 -0.604313492775 -0.013440150768 0.932075977325 0.321400165558 0.166600435972
1403715326.662142992020 1.602343559265 -0.024107038975 -0.602815985680 -0.013490422629 0.932581901550 0.320416867733 0.165656462312
1403715326.712143182755 1.595985174179 -0.022602736950 -0.599716305733 -0.013392757624 0.932625770569 0.320976346731 0.164328768849
1403715326.762143135071 1.586735248566 -0.021653950214 -0.596178054810 -0.011899270117 0.931469976902 0.324570506811 0.163939312100
1403715326.812143087387 1.580061316490 -0.019470036030 -0.591197133064 -0.009529853240 0.929891228676 0.329750567675 0.162714540958
1403715326.862143039703 1.573476076126 -0.018358826637 -0.586273789406 -0.006961258128 0.928076446056 0.335563719273 0.161315411329
1403715326.912143230438 1.566038608551 -0.018754720688 -0.580656647682 -0.005955098197 0.925910711288 0.342082649469 0.160104215145
1403715326.962142944336 1.557651638985 -0.018198549747 -0.576280951500 -0.003447135910 0.924384832382 0.346551239491 0.159383311868
1403715327.012143135071 1.550730466843 -0.017611265182 -0.570990324020 -0.000029600693 0.923211991787 0.350226491690 0.158180430532
1403715327.062143087387 1.543996095657 -0.017099201679 -0.565119981766 0.003846771782 0.922479093075 0.352775573730 0.156738549471
1403715327.112143278122 1.536403775215 -0.017167210579 -0.560207009315 0.006384724285 0.921525239944 0.355594754219 0.155893757939
1403715327.162142992020 1.527180552483 -0.017128407955 -0.555104255676 0.008311540820 0.920492589474 0.358441621065 0.155383139849
1403715327.212143182755 1.517488956451 -0.016801416874 -0.550544977188 0.010194945149 0.919459700584 0.361196309328 0.155007094145
1403715327.262143135071 1.507943153381 -0.018111228943 -0.546544432640 0.011355801485 0.918303072453 0.364511013031 0.154020488262
1403715327.312143087387 1.498074054718 -0.019114375114 -0.543949842453 0.013077842072 0.917322814465 0.367273628712 0.153159603477
1403715327.362143039703 1.488396883011 -0.018558919430 -0.539844036102 0.014821805060 0.916796267033 0.369006425142 0.151984170079
1403715327.412143230438 1.477056741714 -0.017808556557 -0.536474466324 0.016607610509 0.916427493095 0.370248913765 0.150998964906
1403715327.462142944336 1.466323137283 -0.016942799091 -0.534839391708 0.016491781920 0.916016221046 0.371209263802 0.151149272919
1403715327.512143135071 1.456038117409 -0.017862796783 -0.532633066177 0.016396472231 0.915569961071 0.372051000595 0.151792123914
1403715327.562143087387 1.442883491516 -0.017461180687 -0.532165288925 0.012972886674 0.915178894997 0.371793329716 0.155077561736
1403715327.612143278122 1.430345773697 -0.015449345112 -0.530714154243 0.008661425672 0.915071725845 0.370544731617 0.158950641751
1403715327.662142992020 1.417736530304 -0.013655126095 -0.530205249786 0.004483378492 0.914561331272 0.369601994753 0.164169982076
1403715327.712143182755 1.405382990837 -0.013116240501 -0.531407952309 -0.000060308386 0.913549542427 0.369152545929 0.170744299889
1403715327.762143135071 1.391774773598 -0.010291278362 -0.530511617661 -0.002102409489 0.912627816200 0.367543011904 0.178936511278
1403715327.812143087387 1.378053545952 -0.007869720459 -0.531682133675 -0.004745180719 0.910819411278 0.367150217295 0.188643306494
1403715327.862143039703 1.365367889404 -0.005200922489 -0.532212376595 -0.006187916733 0.909061431885 0.366144359112 0.198764741421
1403715327.912143230438 1.352252244949 -0.001275897026 -0.531941771507 -0.007309639826 0.907669186592 0.363589942455 0.209488913417
1403715327.962142944336 1.339761495590 0.000558316708 -0.535271644592 -0.008919048123 0.905975818634 0.361268401146 0.220484539866
1403715328.012143135071 1.327116131783 0.003514528275 -0.537114143372 -0.011260163970 0.905118942261 0.357604563236 0.229677841067
1403715328.062143087387 1.313727259636 0.006844937801 -0.538870453835 -0.012320016511 0.904574275017 0.353937894106 0.237321838737
1403715328.112143278122 1.302671074867 0.008876025677 -0.541099548340 -0.013711217791 0.904796540737 0.349543094635 0.242847442627
1403715328.162142992020 1.289169192314 0.011291265488 -0.545527577400 -0.014833562076 0.905043661594 0.345299720764 0.247879117727
1403715328.212143182755 1.278264284134 0.014308154583 -0.547433614731 -0.016469627619 0.906606316566 0.339448779821 0.250136643648
1403715328.262143135071 1.266120672226 0.016617238522 -0.550589442253 -0.017378328368 0.907909095287 0.334493041039 0.252018898726
1403715328.312143087387 1.254916071892 0.017238080502 -0.553867936134 -0.018944542855 0.909215211868 0.330665826797 0.252247691154
1403715328.362143039703 1.242128252983 0.018473029137 -0.557433366776 -0.020565839484 0.910333991051 0.327727019787 0.251920700073
1403715328.412143230438 1.232505083084 0.020677685738 -0.557719826698 -0.021816881374 0.912005305290 0.324636965990 0.249762251973
1403715328.462142944336 1.220368385315 0.022320210934 -0.559683203697 -0.022990666330 0.912820637226 0.323569715023 0.248057588935
1403715328.512143135071 1.210341930389 0.023084163666 -0.559570550919 -0.023854656145 0.913524031639 0.323536783457 0.245415389538
1403715328.562143087387 1.199812412262 0.022822856903 -0.560082316399 -0.024920992553 0.912715435028 0.327112227678 0.243571445346
1403715328.612143278122 1.189123034477 0.024131536484 -0.557666420937 -0.026336049661 0.911360859871 0.331144422293 0.243045568466
1403715328.662142992020 1.179286241531 0.025421977043 -0.555654168129 -0.028074132279 0.909230411053 0.336094886065 0.244033142924
1403715328.712143182755 1.170224905014 0.026016712189 -0.553310394287 -0.028311235830 0.907416880131 0.338879108429 0.246888712049
1403715328.762143135071 1.162289500237 0.024294555187 -0.550917625427 -0.027759583667 0.904264807701 0.343651562929 0.251869559288
1403715328.812143087387 1.153643846512 0.023216784000 -0.547987818718 -0.025889161974 0.901317536831 0.345811277628 0.259559214115
1403715328.862143039703 1.148425340652 0.023220777512 -0.543447613716 -0.023782545701 0.898679316044 0.345857322216 0.268686830997
1403715328.912143230438 1.142846703529 0.022579550743 -0.539447665215 -0.021610442549 0.895457446575 0.345177054405 0.280253052711
1403715328.962142944336 1.136711478233 0.021793007851 -0.536283373833 -0.019946377724 0.891481578350 0.343898594379 0.294272840023
1403715329.012143135071 1.130901575089 0.020433187485 -0.533051013947 -0.017541959882 0.886842608452 0.342118471861 0.310092598200
1403715329.062143087387 1.126937150955 0.020051479340 -0.528066873550 -0.016206702217 0.881799459457 0.340340256691 0.326091349125
1403715329.112143278122 1.122344255447 0.020121753216 -0.523251295090 -0.012805904262 0.875967741013 0.338668704033 0.343249231577
1403715329.162142992020 1.117101430893 0.018769502640 -0.518779516220 -0.010952966288 0.869218349457 0.337414920330 0.361234933138
1403715329.212143182755 1.114237904549 0.018589735031 -0.513421535492 -0.010318101384 0.862803399563 0.336192339659 0.377410352230
1403715329.262143135071 1.109741449356 0.019245326519 -0.509671330452 -0.009968428873 0.855811476707 0.335822194815 0.393333107233
1403715329.312143087387 1.106062054634 0.019380688667 -0.504645943642 -0.009275019169 0.849992930889 0.334858268499 0.406565964222
1403715329.362143039703 1.103140354156 0.019864916801 -0.499255061150 -0.008580778725 0.845187306404 0.334352731705 0.416884928942
1403715329.412143230438 1.099481225014 0.019919812679 -0.494514822960 -0.007804269902 0.841018736362 0.333375722170 0.426013201475
1403715329.462142944336 1.095561623573 0.022381007671 -0.490060329437 -0.007200579625 0.837406754494 0.333024710417 0.433350622654
1403715329.512143135071 1.091695547104 0.023895204067 -0.486106872559 -0.007243801374 0.834589123726 0.332617223263 0.439060688019
1403715329.562143087387 1.089435100555 0.025394976139 -0.480851054192 -0.007245183457 0.832333505154 0.333085268736 0.442970305681
1403715329.612143278122 1.087156176567 0.026399493217 -0.477549195290 -0.008560210466 0.830563604832 0.333296686411 0.446098834276
1403715329.662142992020 1.084909915924 0.028651297092 -0.474738001823 -0.008196410723 0.829766988754 0.332515746355 0.448166072369
1403715329.712143182755 1.083102464676 0.030518054962 -0.473237633705 -0.008095745929 0.829628229141 0.330976098776 0.449562430382
1403715329.762143135071 1.082505226135 0.032082736492 -0.470172047615 -0.007043779828 0.830089509487 0.329682260752 0.449679344893
1403715329.812143087387 1.080012083054 0.034315347672 -0.468313813210 -0.005693347193 0.830341815948 0.328378051519 0.450186520815
1403715329.862143039703 1.078609466553 0.037942588329 -0.466095209122 -0.004560252186 0.830550074577 0.327957630157 0.450121849775
1403715329.912143230438 1.077347636223 0.040604054928 -0.462131261826 -0.003996165004 0.831288874149 0.327312052250 0.449232310057
1403715329.962142944336 1.076197385788 0.043729841709 -0.460208773613 -0.003053558758 0.831271827221 0.327508985996 0.449127703905
1403715330.012143135071 1.075634002686 0.046700716019 -0.457641243935 -0.002050259383 0.830713272095 0.327416479588 0.450232982635
1403715330.062143087387 1.074980974197 0.050281345844 -0.454785108566 -0.000421287550 0.829841554165 0.327098667622 0.452072352171
1403715330.112143278122 1.074197530746 0.054934561253 -0.451011180878 -0.000341898733 0.828803181648 0.327219873667 0.453885793686
1403715330.162142992020 1.072344541550 0.060548543930 -0.447486639023 -0.002130661625 0.827934563160 0.326502650976 0.455977886915
1403715330.212143182755 1.071285963058 0.064756691456 -0.445283055305 -0.004794063978 0.826779842377 0.327112317085 0.457612991333
1403715330.262143135071 1.070885539055 0.070656776428 -0.440836310387 -0.007730059326 0.826109111309 0.327713310719 0.458353668451
1403715330.312143087387 1.069561719894 0.074389517307 -0.439296007156 -0.010476407595 0.825246155262 0.328611791134 0.459209561348
1403715330.362143039703 1.069184422493 0.078547775745 -0.435420870781 -0.012379729189 0.825171470642 0.329000711441 0.459017783403
1403715330.412143230438 1.068863630295 0.083306312561 -0.433657646179 -0.011847036891 0.824844300747 0.329313367605 0.459395617247
1403715330.462142944336 1.068882703781 0.086037337780 -0.432884573936 -0.009780707769 0.825007855892 0.328547000885 0.459699213505
1403715330.512143135071 1.069790244102 0.087723195553 -0.431069135666 -0.007739767432 0.825090765953 0.328713953495 0.459469795227
1403715330.562143087387 1.070094823837 0.087753474712 -0.431282997131 -0.007834435441 0.825206160545 0.327921628952 0.459826976061
1403715330.612143278122 1.071372985840 0.085129499435 -0.432230949402 -0.005747951102 0.825789451599 0.326914072037 0.459527939558
1403715330.662142992020 1.071842670441 0.083937466145 -0.433145642281 -0.000463973527 0.826966226101 0.324112623930 0.459431976080
1403715330.712143182755 1.072722196579 0.079192936420 -0.435014843941 0.004757501185 0.827569067478 0.322860032320 0.459203898907
1403715330.762143135071 1.073774218559 0.073927164078 -0.437180995941 0.011176091619 0.826565563679 0.323595285416 0.460380941629
1403715330.812143087387 1.074540972710 0.068592071533 -0.440366506577 0.017209373415 0.823941946030 0.325127303600 0.463805735111
1403715330.862143039703 1.074531078339 0.064794778824 -0.440886497498 0.019896415994 0.820954203606 0.325269252062 0.468869239092
1403715330.912143230438 1.074465990067 0.059219121933 -0.443384647369 0.022573014721 0.816204726696 0.326628863811 0.476039826870
1403715330.962142944336 1.073632955551 0.054900884628 -0.445072650909 0.024938965216 0.811047852039 0.326261401176 0.484905123711
1403715331.012143135071 1.072726726532 0.050968050957 -0.447215557098 0.026834465563 0.805042445660 0.325896412134 0.494952589273
1403715331.062143087387 1.070966720581 0.047548711300 -0.449645757675 0.029068225995 0.798042237759 0.325889736414 0.506042957306
1403715331.112143278122 1.069125175476 0.043210148811 -0.451339602470 0.029585869983 0.791108131409 0.324929982424 0.517390668392
1403715331.162142992020 1.066719532013 0.038667142391 -0.454089045525 0.026075076312 0.784162223339 0.323455810547 0.528948068619
1403715331.212143182755 1.062806844711 0.034790456295 -0.458603143692 0.023263791576 0.777947187424 0.320831447840 0.539744555950
1403715331.262143135071 1.060620665550 0.029648303986 -0.463190793991 0.019020440057 0.773107409477 0.317624360323 0.548687458038
1403715331.312143087387 1.056883335114 0.024677932262 -0.469218730927 0.013556743041 0.769180178642 0.313903808594 0.556455373764
1403715331.362143039703 1.053493261337 0.020770430565 -0.476547539234 0.007867986336 0.766232252121 0.309026628733 0.563319385052
1403715331.412143230438 1.050431847572 0.014102339745 -0.486255347729 0.003949724603 0.763231039047 0.306423932314 0.568829655647
1403715331.462142944336 1.046859025955 0.007067501545 -0.492166697979 0.002679325640 0.761814773083 0.303767055273 0.572151005268
1403715331.512143135071 1.043606519699 0.000508725643 -0.500352382660 0.001225932851 0.760054886341 0.302184909582 0.575325489044
1403715331.562143087387 1.040524959564 -0.005277693272 -0.508823692799 0.001300072181 0.758668303490 0.300540924072 0.578010320663
1403715331.612143278122 1.037530303001 -0.012872815132 -0.517151653767 0.001690221834 0.757080733776 0.301411330700 0.579635441303
1403715331.662142992020 1.034389495850 -0.019384682178 -0.523642361164 0.000903571839 0.757226407528 0.299276530743 0.580552279949
1403715331.712143182755 1.031523823738 -0.022988498211 -0.534327924252 -0.000756159541 0.757607817650 0.296109557152 0.581677675247
1403715331.762143135071 1.029085040092 -0.028575301170 -0.541203856468 -0.003981500398 0.758853554726 0.293841511011 0.581190705299
1403715331.812143087387 1.025344133377 -0.033618330956 -0.549804270267 -0.005354393274 0.759769439697 0.292194873095 0.580813109875
1403715331.862143039703 1.023431658745 -0.036865234375 -0.558306097984 -0.004996117204 0.760474443436 0.291684120893 0.580150008202
1403715331.912143230438 1.020746946335 -0.040434718132 -0.565498888493 -0.005224409048 0.761558592319 0.291690528393 0.578720867634
1403715331.962142944336 1.018288731575 -0.043328642845 -0.573659658432 -0.005022761412 0.760819673538 0.295570135117 0.577725231647
1403715332.012143135071 1.015090942383 -0.045711517334 -0.578994810581 -0.002938475693 0.761082828045 0.298876017332 0.575688660145
1403715332.062143087387 1.013612031937 -0.044773757458 -0.583309292793 -0.003066449193 0.761762797832 0.301788866520 0.573263883591
1403715332.112143278122 1.011400461197 -0.044734060764 -0.590459764004 -0.004104752559 0.762035906315 0.305203646421 0.571082472801
1403715332.162142992020 1.008747816086 -0.041355013847 -0.595570862293 -0.001640268019 0.761940956116 0.309830486774 0.568725228310
1403715332.212143182755 1.007623195648 -0.041203498840 -0.601638317108 0.003042787546 0.761039733887 0.315520077944 0.566794812679
1403715332.262143135071 1.006561756134 -0.039007723331 -0.606712639332 0.009213403799 0.760432541370 0.318374693394 0.565946161747
1403715332.312143087387 1.005618929863 -0.038640737534 -0.612364709377 0.014189528301 0.759663522243 0.320292681456 0.565793812275
1403715332.362143039703 1.004108548164 -0.036638021469 -0.619576632977 0.016657991335 0.757597208023 0.322146475315 0.567442297935
1403715332.412143230438 1.002691507339 -0.034583508968 -0.625683844090 0.016278874129 0.755792796612 0.322723209858 0.569527864456
1403715332.462142944336 1.002610921860 -0.033170104027 -0.631449222565 0.013931732625 0.754368901253 0.323141634464 0.571238100529
1403715332.512143135071 1.001809120178 -0.031074047089 -0.639092266560 0.011812395416 0.752208650112 0.324500948191 0.573360085487
1403715332.562143087387 1.002456903458 -0.027538418770 -0.646847367287 0.009082644247 0.751074075699 0.324351519346 0.574979424477
1403715332.612143278122 1.002790331841 -0.026823461056 -0.657395601273 0.008620553650 0.750208854675 0.323824524879 0.576411485672
1403715332.662142992020 1.003686189651 -0.024939119816 -0.666734516621 0.009099530987 0.750140726566 0.321845889091 0.577599644661
1403715332.712143182755 1.005082964897 -0.022445440292 -0.677288472652 0.009515282698 0.750177502632 0.319254994392 0.578981339931
1403715332.762143135071 1.006906986237 -0.017882287502 -0.688169896603 0.008992642164 0.749512374401 0.317079097033 0.581043183804
1403715332.812143087387 1.009343862534 -0.015331864357 -0.699335396290 0.007221431937 0.748930156231 0.314667463303 0.583125948906
1403715332.862143039703 1.011850833893 -0.012333631516 -0.710426986217 0.004960624035 0.747824609280 0.312024652958 0.585981547832
1403715332.912143230438 1.013894796371 -0.009441494942 -0.725089788437 0.007754196413 0.747474193573 0.304954588413 0.590105831623
1403715332.962142944336 1.017811894417 -0.005595684052 -0.737815439701 0.013346150517 0.748235583305 0.294368207455 0.594401180744
1403715333.012143135071 1.019759654999 -0.004382014275 -0.748284518719 0.019394205883 0.748924970627 0.283569306135 0.598601460457
1403715333.062143087387 1.022250652313 -0.000735461712 -0.760991394520 0.025141436607 0.748428106308 0.274338454008 0.603292405605
1403715333.112143278122 1.024796009064 0.002151310444 -0.772152066231 0.028913047165 0.748160123825 0.267191976309 0.606653988361
1403715333.162142992020 1.026801109314 0.005021631718 -0.785274088383 0.030250390992 0.747294664383 0.262114793062 0.609861910343
1403715333.212143182755 1.026554226875 0.009023070335 -0.797594249249 0.030606023967 0.746443390846 0.259194254875 0.612130641937
1403715333.262143135071 1.026157617569 0.014399260283 -0.805959701538 0.029344432056 0.745615124702 0.258487612009 0.613499224186
1403715333.312143087387 1.023727416992 0.020294636488 -0.816386997700 0.027326514944 0.743963778019 0.259889870882 0.615002810955
1403715333.362143039703 1.022920608521 0.025192379951 -0.827316761017 0.023918617517 0.742574214935 0.262063354254 0.615901172161
1403715333.412143230438 1.021082282066 0.032877773046 -0.840750634670 0.020990908146 0.740531742573 0.264705300331 0.617335617542
1403715333.462142944336 1.017684936523 0.037719875574 -0.851535618305 0.018460137770 0.739345431328 0.267004460096 0.617847979069
1403715333.512143135071 1.013991236687 0.043865591288 -0.861827254295 0.018435714766 0.738987028599 0.267596006393 0.618021607399
1403715333.562143087387 1.010364532471 0.048800647259 -0.870343923569 0.019656755030 0.739079475403 0.268087327480 0.617660343647
1403715333.612143278122 1.005209684372 0.054726302624 -0.880147039890 0.020404513925 0.739407181740 0.266802459955 0.617800235748
1403715333.662142992020 1.000285387039 0.060862392187 -0.888375282288 0.018973421305 0.738629102707 0.268993765116 0.617826342583
1403715333.712143182755 0.994586288929 0.067026644945 -0.897997736931 0.015990966931 0.736829817295 0.272816687822 0.618382692337
1403715333.762143135071 0.989690244198 0.072366803885 -0.908594727516 0.011345611885 0.734010696411 0.279237508774 0.618971705437
1403715333.812143087387 0.982395172119 0.077870607376 -0.917179644108 0.007345429156 0.731328427792 0.284699767828 0.619718313217
1403715333.862143039703 0.977266967297 0.084200859070 -0.926195502281 0.004594467115 0.727792739868 0.288445323706 0.622170329094
1403715333.912143230438 0.970451056957 0.088192880154 -0.932012975216 0.002609820571 0.724812924862 0.290821343660 0.624549746513
1403715333.962142944336 0.965182065964 0.093756765127 -0.941833972931 0.001061830902 0.721271038055 0.290583163500 0.628751456738
1403715334.012143135071 0.960141301155 0.097844421864 -0.950698137283 0.001330836094 0.717295646667 0.290158838034 0.633477032185
1403715334.062143087387 0.954619348049 0.103072255850 -0.959851264954 0.002299285028 0.712852299213 0.289867430925 0.638602554798
1403715334.112143278122 0.949846088886 0.105496287346 -0.969677865505 0.002376148477 0.708858370781 0.289538055658 0.643181085587
1403715334.162142992020 0.945787370205 0.109756588936 -0.979174077511 0.002216966357 0.705072760582 0.289029389620 0.647556602955
1403715334.212143182755 0.941874325275 0.113626122475 -0.991071403027 0.002235968132 0.701221287251 0.289282411337 0.651612877846
1403715334.262143135071 0.936502754688 0.117852032185 -0.999182403088 0.002085857326 0.698768079281 0.289257079363 0.654254674911
1403715334.312143087387 0.933734714985 0.120860129595 -1.009358882904 0.002155127004 0.696889102459 0.288458555937 0.656606972218
1403715334.362143039703 0.931077063084 0.124241113663 -1.019658684731 0.001734450459 0.695155203342 0.288011491299 0.658639192581
1403715334.412143230438 0.927534282207 0.129028677940 -1.028506517410 0.001797888079 0.694609165192 0.286754697561 0.659762561321
1403715334.462142944336 0.925963163376 0.131493657827 -1.041957378387 0.001494626747 0.692916750908 0.286888539791 0.661482512951
1403715334.512143135071 0.924120306969 0.134749591351 -1.052799105644 0.001486472320 0.692635655403 0.286050051451 0.662139713764
1403715334.562143087387 0.922682046890 0.139474838972 -1.062972784042 0.002349943854 0.692673563957 0.284521490335 0.662755846977
1403715334.612143278122 0.921125292778 0.146792858839 -1.078069567680 0.001924176933 0.691830158234 0.282469183207 0.664513826370
1403715334.662142992020 0.920689702034 0.148653268814 -1.089504599571 -0.000575245067 0.692003071308 0.281008183956 0.664955496788
1403715334.712143182755 0.919946670532 0.152594774961 -1.100624799728 -0.001089022495 0.692459523678 0.279609084129 0.665069460869
1403715334.762143135071 0.918263435364 0.157245844603 -1.112276554108 -0.001460278290 0.692777395248 0.278385847807 0.665250837803
1403715334.812143087387 0.919468402863 0.162954717875 -1.124234676361 -0.002117360476 0.692907989025 0.277864873409 0.665330827236
1403715334.862143039703 0.918940663338 0.166268289089 -1.135821461678 -0.002996888943 0.693366587162 0.277189940214 0.665131270885
1403715334.912143230438 0.918467283249 0.170632392168 -1.145465135574 -0.003383371048 0.694175839424 0.276327818632 0.664643824100
1403715334.962142944336 0.918482542038 0.175664961338 -1.157279014587 -0.004474272951 0.694254040718 0.276822030544 0.664349973202
1403715335.012143135071 0.919355750084 0.180609509349 -1.165749907494 -0.004536603577 0.694997072220 0.275877833366 0.663965344429
1403715335.062143087387 0.920465469360 0.187850639224 -1.180448293686 -0.004872316960 0.693520426750 0.276015251875 0.665448188782
1403715335.112143278122 0.922169685364 0.191983535886 -1.189822673798 -0.005494212732 0.693296551704 0.275571435690 0.665860414505
1403715335.162142992020 0.922014594078 0.196102097631 -1.199934720993 -0.006194888614 0.693136274815 0.274753212929 0.666359066963
1403715335.212143182755 0.924128890038 0.201270386577 -1.210913538933 -0.006572443061 0.692533850670 0.275129973888 0.666826188564
1403715335.262143135071 0.927662134171 0.206227496266 -1.220376253128 -0.007456309628 0.691894054413 0.274375975132 0.667791008949
1403715335.312143087387 0.928881883621 0.209735900164 -1.229486942291 -0.007988894358 0.690721690655 0.273472517729 0.669367253780
1403715335.362143039703 0.930828332901 0.213795334101 -1.239559888840 -0.008037618361 0.688463330269 0.272595643997 0.672045588493
1403715335.412143230438 0.932087063789 0.218274429440 -1.248010158539 -0.007784493268 0.685936510563 0.270927280188 0.675299108028
1403715335.462142944336 0.934297204018 0.221812486649 -1.255617976189 -0.007545155939 0.683291614056 0.270009160042 0.678344130516
1403715335.512143135071 0.937641263008 0.225583851337 -1.264940977097 -0.006375079509 0.679797410965 0.270691186190 0.681587219238
1403715335.562143087387 0.940061330795 0.229056313634 -1.273120284081 -0.003882351797 0.677028179169 0.271261066198 0.684130966663
1403715335.612143278122 0.944036006927 0.233477383852 -1.281401395798 -0.002145047532 0.674269855022 0.271471679211 0.686774134636
1403715335.662142992020 0.947432160378 0.237143337727 -1.290944218636 -0.000560027082 0.670277774334 0.271807879210 0.690541744232
1403715335.712143182755 0.951590776443 0.241993904114 -1.297530412674 -0.001026266953 0.666712820530 0.270349562168 0.694553256035
1403715335.762143135071 0.955026030540 0.244391977787 -1.306333303452 -0.001319140662 0.662501811981 0.268440634012 0.699306249619
1403715335.812143087387 0.960368156433 0.249854981899 -1.313339829445 -0.001085411059 0.658705115318 0.266448140144 0.703641891479
1403715335.862143039703 0.964458703995 0.255847603083 -1.320397615433 -0.000318116829 0.655477046967 0.264230966568 0.707482695580
1403715335.912143230438 0.967907905579 0.259804487228 -1.328810214996 -0.000783379655 0.652453422546 0.262086331844 0.711065888405
1403715335.962142944336 0.973622918129 0.263970851898 -1.336765766144 0.001482640044 0.649777531624 0.259916990995 0.714303970337
1403715336.012143135071 0.977375030518 0.267656505108 -1.345665931702 0.001958254725 0.647750258446 0.256382763386 0.717414557934
1403715336.062143087387 0.982190370560 0.271203666925 -1.354305267334 0.004072549753 0.646315693855 0.253408938646 0.719752371311
1403715336.112143278122 0.988219141960 0.275853067636 -1.363058567047 0.007355281617 0.645200729370 0.250517219305 0.721736133099
1403715336.162142992020 0.992515444756 0.278867900372 -1.371704339981 0.009197482839 0.644913136959 0.246929481626 0.723206937313
1403715336.212143182755 0.996364712715 0.283128410578 -1.378345012665 0.012290548533 0.644767224789 0.244365110993 0.724161505699
1403715336.262143135071 1.002308845520 0.286816716194 -1.387126803398 0.013255318627 0.643080055714 0.244674026966 0.725539088249
1403715336.312143087387 1.006082057953 0.290965974331 -1.395821928978 0.011624611914 0.641440391541 0.245929211378 0.726593375206
1403715336.362143039703 1.010219454765 0.295491039753 -1.402537822723 0.008687268011 0.639767587185 0.247615262866 0.727536022663
1403715336.412143230438 1.013047456741 0.300984948874 -1.409307956696 0.006159312557 0.638552784920 0.248773738742 0.728233516216
1403715336.462142944336 1.016904354095 0.305077046156 -1.415657162666 0.002654429292 0.638195097446 0.248374566436 0.728704452515
1403715336.512143135071 1.021585226059 0.309931933880 -1.423703908920 0.001646138029 0.637076556683 0.249662891030 0.729245662689
1403715336.562143087387 1.026285529137 0.312862753868 -1.432205677032 0.001078467816 0.636771738529 0.249855205417 0.729447007179
1403715336.612143278122 1.031996011734 0.315236568451 -1.442410469055 0.001164175686 0.635990083218 0.250568449497 0.729884088039
1403715336.662142992020 1.035513162613 0.319762349129 -1.448278546333 0.001452168799 0.636505186558 0.250219821930 0.729554116726
1403715336.712143182755 1.039326190948 0.322818577290 -1.453953266144 0.001303366502 0.637195289135 0.250139504671 0.728979289532
1403715336.762143135071 1.043762564659 0.325385034084 -1.461904764175 0.001038875896 0.637328803539 0.250299930573 0.728807806969
1403715336.812143087387 1.049811482430 0.327928125858 -1.468981862068 0.000652577612 0.637785077095 0.249736174941 0.728602528572
1403715336.862143039703 1.053881049156 0.329888820648 -1.475821018219 0.000553309161 0.638445138931 0.249018922448 0.728269994259
1403715336.912143230438 1.058298945427 0.332358807325 -1.482605934143 0.000822339964 0.638812363148 0.248610809445 0.728087127209
1403715336.962142944336 1.063827753067 0.334007769823 -1.490437984467 0.000755223446 0.639213144779 0.247135803103 0.728237509727
1403715337.012143135071 1.069402098656 0.335903018713 -1.499325513840 0.000797878194 0.638884186745 0.246408537030 0.728772342205
1403715337.062143087387 1.074920177460 0.336413621902 -1.505453586578 -0.000435341266 0.638105928898 0.245562225580 0.729739665985
1403715337.112143278122 1.080134510994 0.337388068438 -1.512488365173 -0.001347837388 0.635280549526 0.246168926358 0.731995761395
1403715337.162142992020 1.084025025368 0.338869690895 -1.518572092056 -0.003244744148 0.632089912891 0.245031088591 0.735126912594
1403715337.212143182755 1.089783787727 0.337023824453 -1.524065494537 -0.004867646378 0.627459704876 0.245844274759 0.738803982735
1403715337.262143135071 1.094395756721 0.337438464165 -1.529102563858 -0.004323539324 0.621713697910 0.246522471309 0.743424534798
1403715337.312143087387 1.099602699280 0.337120592594 -1.534890413284 -0.004267600365 0.614691436291 0.247764483094 0.748831748962
1403715337.362143039703 1.105485558510 0.337585508823 -1.541284799576 -0.003255847143 0.607629895210 0.249304085970 0.754070818424
1403715337.412143230438 1.111458182335 0.336670815945 -1.546846508980 -0.002266905038 0.601589858532 0.251306802034 0.758240997791
1403715337.462142944336 1.116785645485 0.336845189333 -1.550339937210 0.000761881995 0.596971273422 0.251524984837 0.761813580990
1403715337.512143135071 1.123699426651 0.336441636086 -1.554941177368 0.004982061684 0.592126727104 0.253946274519 0.764769613743
1403715337.562143087387 1.131049156189 0.335687696934 -1.560769557953 0.008372425102 0.588398039341 0.254248201847 0.767512500286
1403715337.612143278122 1.139472484589 0.335845112801 -1.566045761108 0.008975475095 0.586342155933 0.252024680376 0.769809007645
1403715337.662142992020 1.147282719612 0.337068259716 -1.571604967117 0.009795004502 0.585574328899 0.248046398163 0.771673321724
1403715337.712143182755 1.155743241310 0.338356494904 -1.576473474503 0.009222565219 0.585102915764 0.244932249188 0.773031532764
1403715337.762143135071 1.165350437164 0.339575469494 -1.582476615906 0.008655004203 0.584407508373 0.242645055056 0.774284422398
1403715337.812143087387 1.172762036324 0.340607166290 -1.588905572891 0.008762172423 0.584393858910 0.240945801139 0.774824023247
1403715337.862143039703 1.182439088821 0.342395365238 -1.593981385231 0.009112980217 0.585467398167 0.239238768816 0.774538397789
1403715337.912143230438 1.191573143005 0.342875599861 -1.601569652557 0.007942860015 0.586273193359 0.237582117319 0.774451673031
1403715337.962142944336 1.199986934662 0.344745278358 -1.606661558151 0.007574760355 0.588327348232 0.235831856728 0.773431956768
1403715338.012143135071 1.209751963615 0.344839960337 -1.613517522812 0.007559438236 0.589675426483 0.235547319055 0.772491574287
1403715338.062143087387 1.219712257385 0.346678107977 -1.620455145836 0.009053505026 0.590899229050 0.236470907927 0.771257221699
1403715338.112143278122 1.228237628937 0.347173124552 -1.625900030136 0.010273240507 0.592466533184 0.237454086542 0.769735932350
1403715338.162142992020 1.238087177277 0.347713738680 -1.630468010902 0.011074989103 0.593386650085 0.237931713462 0.768868088722
1403715338.212143182755 1.246229767799 0.348815053701 -1.636556148529 0.012051857077 0.592907130718 0.238561987877 0.769028007984
1403715338.262143135071 1.256098270416 0.349595040083 -1.644586563110 0.013612486422 0.590963423252 0.239844486117 0.770098388195
1403715338.312143087387 1.264035940170 0.350945681334 -1.647051215172 0.014709804207 0.589725732803 0.240272000432 0.770893335342
1403715338.362143039703 1.273045420647 0.352258831263 -1.653879642487 0.016018563882 0.585862338543 0.241908535361 0.773297488689
1403715338.412143230438 1.281167030334 0.352750897408 -1.658227562904 0.017222100869 0.582226216793 0.241599753499 0.776109337807
1403715338.462142944336 1.289617896080 0.353626012802 -1.665328025818 0.018007544801 0.576845705509 0.241164848208 0.780233561993
1403715338.512143135071 1.298000931740 0.353917330503 -1.671082735062 0.018305137753 0.571249365807 0.240196704865 0.784630239010
1403715338.562143087387 1.307132601738 0.357026517391 -1.678304910660 0.018502790481 0.565303087234 0.235908910632 0.790213286877
1403715338.612143278122 1.316124320030 0.356054961681 -1.684628725052 0.017267461866 0.558904111385 0.232178196311 0.795877695084
1403715338.662142992020 1.326156973839 0.359075337648 -1.695466637611 0.017045747489 0.550858438015 0.226783156395 0.803015470505
1403715338.712143182755 1.334634184837 0.359690070152 -1.703186988831 0.015870956704 0.543362498283 0.221855655313 0.809496998787
1403715338.762143135071 1.342403650284 0.359676212072 -1.709082722664 0.015033345670 0.536403715611 0.218436226249 0.815064847469
1403715338.812143087387 1.351229429245 0.360724657774 -1.716511011124 0.012856818736 0.529958784580 0.214977711439 0.820221304893
1403715338.862143039703 1.359095454216 0.361045628786 -1.725289702415 0.011730834842 0.524122953415 0.212434530258 0.824638843536
1403715338.912143230438 1.368632435799 0.363490641117 -1.733095288277 0.010767485015 0.519018828869 0.210629165173 0.828334987164
1403715338.962142944336 1.377481341362 0.366392314434 -1.740137815475 0.008206695318 0.515350639820 0.207650810480 0.831400930882
1403715339.012143135071 1.386803507805 0.371040523052 -1.748019695282 0.006750908215 0.511492252350 0.206324830651 0.834122419357
1403715339.062143087387 1.397686123848 0.371936112642 -1.757357001305 0.003751290264 0.507380843163 0.206750303507 0.836543500423
1403715339.112143278122 1.404208540916 0.377999603748 -1.763073682785 0.001934843254 0.506306350231 0.203207537532 0.838067293167
1403715339.162142992020 1.415346980095 0.379637092352 -1.771223664284 -0.000879320723 0.504436373711 0.200875714421 0.839757263660
1403715339.212143182755 1.425288081169 0.382644295692 -1.778351545334 -0.003185577691 0.503576636314 0.198251903057 0.840890288353
1403715339.262143135071 1.433988571167 0.383482724428 -1.784787774086 -0.004181795288 0.502925872803 0.197329401970 0.841492235661
1403715339.312143087387 1.445087313652 0.389700174332 -1.790861368179 -0.001173471916 0.501996636391 0.196151033044 0.842331826687
1403715339.362143039703 1.453751921654 0.390209406614 -1.794753074646 0.001197549514 0.502373456955 0.197054788470 0.841895937920
1403715339.412143230438 1.461900472641 0.395955413580 -1.799725294113 0.004494143184 0.502559900284 0.196516528726 0.841899394989
1403715339.462142944336 1.472381830215 0.401922464371 -1.805339097977 0.006847218145 0.502366364002 0.196726515889 0.841949999332
1403715339.512143135071 1.483029127121 0.405124843121 -1.810539245605 0.008812285960 0.503082513809 0.196867585182 0.841471016407
1403715339.562143087387 1.492722272873 0.409884065390 -1.815789461136 0.010023617186 0.503563940525 0.198181316257 0.840860903263
1403715339.612143278122 1.502000093460 0.412885069847 -1.820044159889 0.007479602005 0.504254221916 0.200652956963 0.839886963367
1403715339.662142992020 1.511029005051 0.416237682104 -1.824998736382 0.004291791935 0.506267845631 0.200603619218 0.838708937168
1403715339.712143182755 1.520534992218 0.420466721058 -1.829536318779 -0.000161294272 0.508886635303 0.198622763157 0.837605774403
1403715339.762143135071 1.531799793243 0.424884438515 -1.835336208344 -0.003805683460 0.512237250805 0.193626195192 0.836724281311
1403715339.812143087387 1.539132833481 0.429364979267 -1.837187290192 -0.007488606963 0.517068862915 0.188328817487 0.834934711456
1403715339.862143039703 1.549466490746 0.435671895742 -1.840742707253 -0.009694681503 0.520252585411 0.182663649321 0.834192574024
1403715339.912143230438 1.557971239090 0.441013514996 -1.843177676201 -0.011427050456 0.522185146809 0.176939979196 0.834196805954
1403715339.962142944336 1.566955447197 0.445073664188 -1.845358729362 -0.013950264081 0.521327912807 0.172521695495 0.835618853569
1403715340.012143135071 1.574693441391 0.449714422226 -1.844238281250 -0.016643134877 0.520562946796 0.166062399745 0.837353289127
1403715340.062143087387 1.581139445305 0.450827002525 -1.844794392586 -0.018378723413 0.516395211220 0.162372216582 0.840614914894
1403715340.112143278122 1.589336991310 0.454062402248 -1.844059705734 -0.017766172066 0.509950757027 0.159775450826 0.845048248768
1403715340.162142992020 1.595494389534 0.452948153019 -1.842618107796 -0.016741044819 0.502408742905 0.157884821296 0.849927961826
1403715340.212143182755 1.598865985870 0.449833601713 -1.839521169662 -0.014405860566 0.493352711201 0.158423975110 0.855159342289
1403715340.262143135071 1.605176448822 0.449225068092 -1.835967421532 -0.009977843612 0.482195466757 0.158722296357 0.861507534981
1403715340.312143087387 1.609942555428 0.445784419775 -1.832160234451 -0.006328574847 0.469646155834 0.158794671297 0.868433535099
1403715340.362143039703 1.613772988319 0.440449029207 -1.828930616379 -0.002608668990 0.455066293478 0.159927234054 0.875974416733
1403715340.412143230438 1.616983771324 0.436263829470 -1.824730515480 0.000515200198 0.440775901079 0.158683538437 0.883479416370
1403715340.462142944336 1.620490193367 0.430883347988 -1.820522546768 0.001044647070 0.427280187607 0.156995117664 0.890383660793
1403715340.512143135071 1.624208807945 0.423442631960 -1.816716313362 0.000803262403 0.415136843920 0.156454145908 0.896204710007
1403715340.562143087387 1.627916812897 0.418846875429 -1.812875509262 0.000483918237 0.403547167778 0.157604962587 0.901282489300
1403715340.612143278122 1.630655765533 0.413397371769 -1.807300209999 0.000825545576 0.394880205393 0.157292887568 0.905167400837
1403715340.662142992020 1.635108709335 0.407703965902 -1.803245306015 0.000932561932 0.386710315943 0.158082649112 0.908550620079
1403715340.712143182755 1.637837886810 0.404512435198 -1.796678662300 0.001160229207 0.381793469191 0.157169282436 0.910785496235
1403715340.762143135071 1.642302036285 0.399471342564 -1.791519641876 0.000126869490 0.377152383327 0.157825306058 0.912604629993
1403715340.812143087387 1.648062229156 0.395038574934 -1.786460399628 -0.000267859083 0.373535573483 0.158645167947 0.913949072361
1403715340.862143039703 1.653561830521 0.389254420996 -1.782064080238 0.000326210546 0.370243877172 0.162515014410 0.914608240128
1403715340.912143230438 1.658307313919 0.384744316339 -1.776011586189 0.002133209258 0.368396818638 0.167303472757 0.914488315582
1403715340.962142944336 1.665714621544 0.380268394947 -1.770421147346 0.002624360612 0.367276310921 0.170137837529 0.914414763451
1403715341.012143135071 1.671670675278 0.376249969006 -1.764673590660 0.002806368517 0.367334842682 0.173147037625 0.913825690746
1403715341.062143087387 1.679699897766 0.371636658907 -1.759906888008 0.003503134707 0.368491679430 0.174225538969 0.913152277470
1403715341.112143278122 1.688664913177 0.368366956711 -1.754928708076 0.004255688284 0.371411204338 0.171488970518 0.912484049797
1403715341.162142992020 1.695770025253 0.365567058325 -1.749585270882 0.004795646295 0.376199811697 0.166011825204 0.911532104015
1403715341.212143182755 1.705840945244 0.362284809351 -1.743596911430 0.009804772213 0.380055993795 0.164056673646 0.910245478153
1403715341.262143135071 1.715057849884 0.357459694147 -1.738476634026 0.013044729829 0.383852928877 0.163367673755 0.908734142780
1403715341.312143087387 1.725635766983 0.353795975447 -1.734301805496 0.016040230170 0.387706667185 0.161298379302 0.907418906689
1403715341.362143039703 1.734846711159 0.348944813013 -1.730339765549 0.018474893644 0.392385065556 0.158494248986 0.905854463577
1403715341.412143230438 1.743073344231 0.344676882029 -1.725847601891 0.020697960630 0.397048771381 0.156587198377 0.904104232788
1403715341.462142944336 1.753249168396 0.340653896332 -1.722787618637 0.019672226161 0.400671958923 0.154237136245 0.902931809425
1403715341.512143135071 1.762062549591 0.336691468954 -1.718240737915 0.018482930958 0.404352456331 0.153775915504 0.901393592358
1403715341.562143087387 1.770611286163 0.333797454834 -1.714788198471 0.016144718975 0.408387511969 0.150757342577 0.900128424168
1403715341.612143278122 1.779120683670 0.329485416412 -1.711830139160 0.015853865072 0.411863952875 0.146804630756 0.899202525616
1403715341.662142992020 1.787781596184 0.324775338173 -1.708860754967 0.015653476119 0.415302842855 0.142858684063 0.898259460926
1403715341.712143182755 1.795021653175 0.323483675718 -1.704858422279 0.016551762819 0.419554293156 0.136078789830 0.897319793701
1403715341.762143135071 1.801912546158 0.318996548653 -1.701856970787 0.013544269837 0.421784967184 0.133494243026 0.896712481976
1403715341.812143087387 1.808471918106 0.317460626364 -1.696656703949 0.011272463016 0.423943966627 0.130197912455 0.896210312843
1403715341.862143039703 1.813931465149 0.314709812403 -1.692692995071 0.008671358228 0.425383180380 0.127192944288 0.895988762379
1403715341.912143230438 1.818576574326 0.310912132263 -1.687608003616 0.007785654161 0.423721194267 0.131139442325 0.896215498447
1403715341.962142944336 1.821709156036 0.308003395796 -1.683002591133 0.008700083010 0.420585334301 0.137013047934 0.896805346012
1403715342.012143135071 1.823638200760 0.305338084698 -1.678347587585 0.009082502685 0.417276144028 0.143915459514 0.897266089916
1403715342.062143087387 1.828080177307 0.301855683327 -1.672108650208 0.007398979273 0.413354724646 0.149712160230 0.898147761822
1403715342.112143278122 1.831176519394 0.299821406603 -1.666326642036 0.005683082622 0.409948468208 0.154316857457 0.898941755295
1403715342.162142992020 1.833478927612 0.294703543186 -1.661190748215 0.003364756005 0.405913084745 0.161842107773 0.899461209774
1403715342.212143182755 1.834426045418 0.292072117329 -1.655148506165 0.002427608706 0.403216332197 0.165497496724 0.900011837482
1403715342.262143135071 1.837761402130 0.288791149855 -1.649590253830 0.001905605081 0.400204479694 0.168420568109 0.900814771652
1403715342.312143087387 1.840746641159 0.285631269217 -1.643635630608 0.002120080870 0.397388786077 0.169513016939 0.901855349541
1403715342.362143039703 1.842340111732 0.283017247915 -1.637618899345 0.001241620514 0.394153833389 0.168642967939 0.903438329697
1403715342.412143230438 1.846879482269 0.279325753450 -1.631157040596 -0.000318212522 0.389737218618 0.166320145130 0.905782759190
1403715342.462142944336 1.850070118904 0.277172833681 -1.624900817871 -0.002707751002 0.383322775364 0.164776608348 0.908793151379
1403715342.512143135071 1.853765964508 0.275037497282 -1.618357419968 -0.005400250200 0.376764327288 0.160033524036 0.912364423275
1403715342.562143087387 1.857617378235 0.273167759180 -1.611433506012 -0.007903670892 0.370721548796 0.152547702193 0.916096210480
1403715342.612143278122 1.861173152924 0.271522134542 -1.604276180267 -0.009350431152 0.365402013063 0.142086088657 0.919894278049
1403715342.662142992020 1.866230487823 0.269699811935 -1.597457647324 -0.008908031508 0.359705746174 0.129418000579 0.924004018307
1403715342.712143182755 1.871709823608 0.266154617071 -1.589367151260 -0.008786235936 0.353004783392 0.119430951774 0.927926063538
1403715342.762143135071 1.877933502197 0.261781573296 -1.580625295639 -0.008598123677 0.345224857330 0.114570856094 0.931460916996
1403715342.812143087387 1.881464481354 0.257012724876 -1.571596264839 -0.006910352502 0.337137132883 0.115192182362 0.934356212616
1403715342.862143039703 1.886664509773 0.253790408373 -1.561954379082 -0.003288389184 0.329577386379 0.114875413477 0.937108099461
1403715342.912143230438 1.889873504639 0.248826101422 -1.552682876587 -0.001029039267 0.323104441166 0.116636000574 0.939147770405
1403715342.962142944336 1.894960880280 0.245158642530 -1.543040871620 0.003111123573 0.317630171776 0.117104940116 0.940950512886
1403715343.012143135071 1.897608041763 0.240799188614 -1.533032655716 0.006588101387 0.314057677984 0.117329128087 0.942103147507
1403715343.062143087387 1.904504776001 0.235903427005 -1.522398591042 0.008860861883 0.309781998396 0.118967726827 0.943293869495
1403715343.112143278122 1.908345103264 0.231999218464 -1.511773347855 0.009882367216 0.308010965586 0.118134625256 0.943968117237
1403715343.162142992020 1.911034822464 0.229549825191 -1.501971244812 0.010683404282 0.305899143219 0.117832139134 0.944683611393
1403715343.212143182755 1.916642904282 0.224742338061 -1.491255521774 0.011779680848 0.303502321243 0.118291720748 0.945385992527
1403715343.262143135071 1.920580148697 0.223075196147 -1.480319738388 0.010199536569 0.301978081465 0.117656610906 0.945971548557
1403715343.312143087387 1.922917604446 0.219862237573 -1.469565033913 0.008426196873 0.301456570625 0.118287749588 0.946076631546
1403715343.362143039703 1.928174018860 0.218680530787 -1.458408951759 0.006157089490 0.300199478865 0.118818834424 0.946427226067
1403715343.412143230438 1.931497931480 0.216260552406 -1.447796463966 0.002398596611 0.300501585007 0.117829218507 0.946472048759
1403715343.462142944336 1.936378717422 0.214298367500 -1.436859011650 0.000258942397 0.300884127617 0.116728477180 0.946489930153
1403715343.512143135071 1.939593076706 0.212303847075 -1.425110697746 -0.000358769117 0.301836431026 0.116925872862 0.946162223816
1403715343.562143087387 1.944755315781 0.209560677409 -1.414459109306 -0.001523055136 0.302508652210 0.116345152259 0.946017980576
1403715343.612143278122 1.949909210205 0.206637144089 -1.402328848839 -0.002000694862 0.303438097239 0.116493761539 0.945701122284
1403715343.662142992020 1.954246759415 0.203614994884 -1.388916730881 -0.001938252011 0.305771470070 0.115048840642 0.945126354694
1403715343.712143182755 1.959198951721 0.200305461884 -1.376533508301 -0.001378870104 0.307385683060 0.113183684647 0.944828927517
1403715343.762143135071 1.965231776237 0.196484595537 -1.364042043686 -0.000007556132 0.309803932905 0.109742015600 0.944446027279
1403715343.812143087387 1.968995809555 0.192223176360 -1.351479291916 0.003462374443 0.312461197376 0.107941046357 0.943771541119
1403715343.862143039703 1.973864555359 0.187695056200 -1.338390231133 0.004374330863 0.313432276249 0.107043050230 0.943548023701
1403715343.912143230438 1.977030515671 0.183422088623 -1.325443863869 0.006183732767 0.313943088055 0.106702484190 0.943406701088
1403715343.962142944336 1.982027769089 0.178997009993 -1.312005400658 0.008772262372 0.312093883753 0.107041746378 0.943961083889
1403715344.012143135071 1.983239650726 0.174128219485 -1.298945188522 0.009551393799 0.310156375170 0.105897724628 0.944720864296
1403715344.062143087387 1.986510038376 0.168033435941 -1.284903764725 0.012231930159 0.305993974209 0.105152279139 0.946129560471
1403715344.112143278122 1.991365432739 0.163340002298 -1.271334528923 0.014573189430 0.299405366182 0.103286378086 0.948407053947
1403715344.162142992020 1.993408799171 0.157998174429 -1.257857203484 0.016646301374 0.292170763016 0.101179890335 0.950853168964
1403715344.212143182755 1.995029687881 0.153591826558 -1.244800567627 0.017308548093 0.285459131002 0.095650829375 0.953448712826
1403715344.262143135071 1.996628999710 0.147882342339 -1.231362819672 0.018847694620 0.279925465584 0.088837035000 0.955716788769
1403715344.312143087387 1.996931433678 0.142040133476 -1.218648076057 0.020394206047 0.275515764952 0.080812469125 0.957676589489
1403715344.362143039703 1.997717022896 0.139113306999 -1.205803036690 0.023825559765 0.271413028240 0.072818733752 0.959408581257
1403715344.412143230438 1.998821973801 0.135027125478 -1.191269278526 0.027399545535 0.267692029476 0.065081521869 0.960913419724
1403715344.462142944336 1.997173190117 0.130670994520 -1.178959488869 0.029726624489 0.264025419950 0.060236833990 0.962173819542
1403715344.512143135071 1.995462179184 0.126296266913 -1.164803981781 0.031380910426 0.261455059052 0.053842239082 0.963201701641
1403715344.562143087387 1.991968631744 0.122644722462 -1.151724457741 0.032499555498 0.258156448603 0.051053255796 0.964205682278
1403715344.612143278122 1.986733436584 0.119640752673 -1.138798356056 0.031100202352 0.254709869623 0.050042435527 0.965220928192
1403715344.662142992020 1.980064988136 0.116104200482 -1.126191020012 0.025718787685 0.252507358789 0.048626981676 0.966030001640
1403715344.712143182755 1.974724531174 0.113166354597 -1.113611221313 0.020828055218 0.249625936151 0.048314057291 0.966912031174
1403715344.762143135071 1.967069625854 0.110576264560 -1.101562142372 0.015993004665 0.247104912996 0.048476926982 0.967643201351
1403715344.812143087387 1.955614089966 0.107815220952 -1.088087081909 0.013332709670 0.246017679572 0.048329778016 0.967967867851
1403715344.862143039703 1.948712229729 0.103139407933 -1.076992988586 0.010957787745 0.243691056967 0.048882942647 0.968558251858
1403715344.912143230438 1.937007427216 0.101150415838 -1.063223958015 0.009844854474 0.242650315166 0.049046128988 0.968823194504
1403715344.962142944336 1.926511764526 0.097184717655 -1.050372242928 0.011160888709 0.240806087852 0.051351405680 0.969149589539
1403715345.012143135071 1.914292573929 0.092750102282 -1.037176132202 0.015404954553 0.238101050258 0.057064101100 0.969440221786
1403715345.062143087387 1.901753425598 0.088582962751 -1.024145603180 0.020299850032 0.235808238387 0.062209110707 0.969593942165
1403715345.112143278122 1.887808561325 0.084864072502 -1.010681748390 0.025189183652 0.234190717340 0.065878286958 0.969628989697
1403715345.162142992020 1.874121904373 0.079846397042 -0.998612284660 0.026851627976 0.232854589820 0.069742165506 0.969635903835
1403715345.212143182755 1.861380338669 0.078462585807 -0.987631618977 0.028123466298 0.230946004391 0.072575777769 0.969848334789
1403715345.262143135071 1.846401333809 0.071947298944 -0.975498974323 0.025834757835 0.231022045016 0.074169822037 0.969773292542
1403715345.312143087387 1.828927040100 0.069862395525 -0.961970448494 0.026166314259 0.231172353029 0.076124943793 0.969577074051
1403715345.362143039703 1.808752775192 0.067067727447 -0.948234200478 0.025451868773 0.232310459018 0.076417967677 0.969300985336
1403715345.412143230438 1.795583009720 0.064676523209 -0.937339663506 0.024990085512 0.231287479401 0.077321276069 0.969485998154
1403715345.462142944336 1.780133366585 0.061719089746 -0.925082325935 0.024529356509 0.230512827635 0.078634291887 0.969576597214
1403715345.512143135071 1.766979336739 0.056878462434 -0.914342880249 0.023200204596 0.229805380106 0.078324817121 0.969802320004
1403715345.562143087387 1.748496770859 0.054306440055 -0.904527127743 0.024073453620 0.229948058724 0.078629523516 0.969722509384
1403715345.612143278122 1.733964681625 0.051909044385 -0.895422339439 0.024586275220 0.228457063437 0.079622961581 0.969980955124
1403715345.662142992020 1.716997027397 0.051495660096 -0.884214818478 0.025952788070 0.228038221598 0.080067172647 0.970007359982
1403715345.712143182755 1.698478937149 0.049432460219 -0.873546063900 0.026295438409 0.227944537997 0.081070482731 0.969936788082
1403715345.762143135071 1.679561376572 0.047542162240 -0.862318217754 0.026773812249 0.228098914027 0.081560023129 0.969846367836
1403715345.812143087387 1.663246989250 0.045857988298 -0.852803468704 0.026696212590 0.227241590619 0.082522720098 0.969968378544
1403715345.862143039703 1.647446274757 0.043362259865 -0.843182146549 0.024796245620 0.226234972477 0.084106154740 0.970118045807
1403715345.912143230438 1.626868009567 0.040905669332 -0.831081867218 0.017888503149 0.227110177279 0.084766700864 0.970008015633
1403715345.962142944336 1.609169006348 0.040442403406 -0.821711659431 0.009373513050 0.226367220283 0.086309812963 0.970165252686
1403715346.012143135071 1.592803120613 0.039724092931 -0.813163876534 0.002804588759 0.225338682532 0.088661663234 0.970233857632
1403715346.062143087387 1.576227426529 0.038113694638 -0.803564250469 -0.003713432699 0.224386632442 0.091575793922 0.970180809498
1403715346.112143278122 1.558918952942 0.037152674049 -0.793781995773 -0.007353477646 0.224373847246 0.092697747052 0.970056414604
1403715346.162142992020 1.543052792549 0.033127307892 -0.785522639751 -0.009541430511 0.224153876305 0.093567013741 0.970004737377
1403715346.212143182755 1.527732133865 0.030199304223 -0.775622308254 -0.006563660689 0.224644646049 0.093970388174 0.969876945019
1403715346.262143135071 1.511780142784 0.024363163859 -0.765977442265 -0.003143307054 0.225664123893 0.093409448862 0.969711601734
1403715346.312143087387 1.497438907623 0.020580036566 -0.755416750908 0.001054652967 0.226430937648 0.093957103789 0.969484388828
1403715346.362143039703 1.482584714890 0.015375816263 -0.744105815887 0.004346681293 0.227607056499 0.093556061387 0.969238579273
1403715346.412143230438 1.468808293343 0.010803256184 -0.733639061451 0.008833261207 0.228908047080 0.093964159489 0.968862116337
1403715346.462142944336 1.452933788300 0.006062289700 -0.722397446632 0.012970691547 0.230994403362 0.093928143382 0.968323707581
1403715346.512143135071 1.439684867859 -0.000398265198 -0.713766038418 0.016459858045 0.231777250767 0.095311962068 0.967948377132
1403715346.562143087387 1.424938201904 -0.006091488525 -0.701853990555 0.018681332469 0.233746454120 0.097032740712 0.967263281345
1403715346.612143278122 1.412906646729 -0.011422717944 -0.691973507404 0.021225022152 0.234627395868 0.100291840732 0.966664910316
1403715346.662142992020 1.399867892265 -0.013022849336 -0.684188961983 0.023571966216 0.236082494259 0.102297946811 0.966045856476
1403715346.712143182755 1.386852264404 -0.018441203982 -0.674841821194 0.025795897469 0.238140344620 0.103788942099 0.965324580669
1403715346.762143135071 1.373833060265 -0.024058470502 -0.665148913860 0.026300719008 0.240294992924 0.105822131038 0.964555978775
1403715346.812143087387 1.360473871231 -0.028844561428 -0.656955003738 0.025658218190 0.242782145739 0.107385538518 0.963777422905
1403715346.862143039703 1.350001215935 -0.030897095799 -0.649331450462 0.024425743148 0.244651183486 0.107766330242 0.963294148445
1403715346.912143230438 1.337034821510 -0.035130433738 -0.642106950283 0.022419415414 0.246002689004 0.111619397998 0.962559700012
1403715346.962142944336 1.323192954063 -0.035189457238 -0.634033203125 0.020648570731 0.247445359826 0.114866539836 0.961847245693
1403715347.012143135071 1.314260959625 -0.044448718429 -0.627693712711 0.015483256429 0.247721374035 0.118930205703 0.961379230022
1403715347.062143087387 1.303149819374 -0.045445572585 -0.620662271976 0.013108707964 0.248700648546 0.121142528951 0.960885345936
1403715347.112143278122 1.294773459435 -0.046683039516 -0.616522371769 0.012032235041 0.248630702496 0.119106739759 0.961171984673
1403715347.162142992020 1.283181905746 -0.052942283452 -0.608330905437 0.008646373637 0.249230459332 0.114845991135 0.961571574211
1403715347.212143182755 1.274027824402 -0.055640988052 -0.603370547295 0.008150455542 0.247081220150 0.108905091882 0.962820947170
1403715347.262143135071 1.264018893242 -0.059980228543 -0.597900271416 0.008795111440 0.243321701884 0.103018403053 0.964419245720
1403715347.312143087387 1.255926132202 -0.063425973058 -0.592199385166 0.010185095482 0.237354516983 0.096064969897 0.966607809067
1403715347.362143039703 1.245557069778 -0.069662265480 -0.584352910519 0.010986838490 0.231344088912 0.088614627719 0.968765556812
1403715347.412143230438 1.235570430756 -0.072299644351 -0.578776776791 0.013607935049 0.223940640688 0.078758724034 0.971319973469
1403715347.462142944336 1.226766943932 -0.078119792044 -0.574263274670 0.014161943458 0.215182557702 0.071186438203 0.973872900009
1403715347.512143135071 1.217103123665 -0.084034286439 -0.567180156708 0.014413509518 0.207430273294 0.062844067812 0.976122736931
1403715347.562143087387 1.207560539246 -0.087762609124 -0.561843335629 0.016298543662 0.200609356165 0.055949103087 0.977936625481
1403715347.612143278122 1.197518706322 -0.093004167080 -0.555665731430 0.017742272466 0.194331273437 0.050310716033 0.979484319687
1403715347.662142992020 1.185329914093 -0.095832318068 -0.549445450306 0.020919218659 0.188940882683 0.047246906906 0.980628132820
1403715347.712143182755 1.173009157181 -0.102414414287 -0.542443931103 0.022732075304 0.182815730572 0.048851978034 0.981669604778
1403715347.762143135071 1.163082599640 -0.105597414076 -0.538542807102 0.024999948218 0.175667315722 0.052863746881 0.982711255550
1403715347.812143087387 1.151779651642 -0.111925274134 -0.533688664436 0.025636447594 0.168905377388 0.055362097919 0.983742237091
1403715347.862143039703 1.138530254364 -0.114935599267 -0.527175128460 0.027273111045 0.160970762372 0.058499168605 0.984846413136
1403715347.912143230438 1.127094030380 -0.122034773231 -0.522430956364 0.027158439159 0.151793539524 0.061640694737 0.986114382744
1403715347.962142944336 1.113497376442 -0.127518340945 -0.517472863197 0.027991119772 0.141073942184 0.066383399069 0.987374246120
1403715348.012143135071 1.102658987045 -0.133067145944 -0.512349843979 0.028886076063 0.128530278802 0.071321427822 0.988715767860
1403715348.062143087387 1.089641809464 -0.137037575245 -0.508562862873 0.028925970197 0.116340018809 0.072897352278 0.990108191967
1403715348.112143278122 1.078872561455 -0.142207548022 -0.503838598728 0.028905726969 0.103085502982 0.071255184710 0.991695821285
1403715348.162142992020 1.068694114685 -0.146611288190 -0.499788284302 0.026864066720 0.089133359492 0.068322874606 0.993310391903
1403715348.212143182755 1.060482382774 -0.148334980011 -0.496603816748 0.026557531208 0.074165575206 0.064262397587 0.994818866253
1403715348.262143135071 1.049368858337 -0.151679560542 -0.493654906750 0.023196591064 0.060936931521 0.057824563235 0.996195256710
1403715348.312143087387 1.041083216667 -0.151674658060 -0.490233927965 0.021702287719 0.047846857458 0.050910472870 0.997320353985
1403715348.362143039703 1.035347700119 -0.152541220188 -0.487530648708 0.019134530798 0.034972768277 0.045216359198 0.998181521893
1403715348.412143230438 1.025390744209 -0.151583239436 -0.484772354364 0.017245378345 0.026555763558 0.039991088212 0.998698234558
1403715348.462142944336 1.019046783447 -0.155962958932 -0.481792986393 0.012552524917 0.018559046090 0.036235440522 0.999092102051
1403715348.512143135071 1.015108704567 -0.153352111578 -0.476574689150 0.011081843637 0.011824564077 0.032461669296 0.999341607094
1403715348.562143087387 1.010105967522 -0.149297460914 -0.473519921303 0.010849978775 0.006755411159 0.030132774264 0.999464213848
1403715348.612143278122 1.006658792496 -0.144668310881 -0.465428709984 0.012690264732 0.001868335879 0.029546869919 0.999481081963
1403715348.662142992020 1.005826830864 -0.140343502164 -0.457524806261 0.015068167821 -0.003401613794 0.032528679818 0.999351441860
1403715348.712143182755 1.003663659096 -0.139029711485 -0.450395315886 0.015632204711 -0.007062473800 0.034658368677 0.999252021313
1403715348.762143135071 1.001437902451 -0.128560662270 -0.441510021687 0.017880912870 -0.010748242028 0.036295123398 0.999123334885
1403715348.812143087387 0.998256325722 -0.124525658786 -0.437203615904 0.018647454679 -0.013762839139 0.036230657250 0.999074697495
1403715348.862143039703 0.997912168503 -0.116479508579 -0.429727494717 0.021387526765 -0.018417231739 0.035245142877 0.998980104923
1403715348.912143230438 0.998065710068 -0.115385353565 -0.423014640808 0.020804986358 -0.022492883727 0.034676212817 0.998928844929
1403715348.962142944336 1.001022219658 -0.107312709093 -0.414159268141 0.021528428420 -0.027041228488 0.032673709095 0.998868227005
1403715349.012143135071 1.004038453102 -0.101222850382 -0.405531466007 0.023403484374 -0.030099267140 0.029623424634 0.998833715916
1403715349.062143087387 1.006667017937 -0.099813655019 -0.400482505560 0.023577753454 -0.031967967749 0.025440404192 0.998886883259
1403715349.112143278122 1.011786103249 -0.094829641283 -0.392740726471 0.025084907189 -0.034504685551 0.019724231213 0.998894989491
1403715349.162142992020 1.016105771065 -0.088008254766 -0.384952515364 0.028159635141 -0.037665005773 0.015644768253 0.998771071434
1403715349.212143182755 1.021594285965 -0.084779061377 -0.377560555935 0.030495196581 -0.040481690317 0.011650903150 0.998646855354
1403715349.262143135071 1.028762102127 -0.081369906664 -0.370884507895 0.032997850329 -0.043994359672 0.009327576496 0.998443126678
1403715349.312143087387 1.032789587975 -0.077562160790 -0.368229091167 0.036516342312 -0.046006854624 0.007921419106 0.998242080212
1403715349.362143039703 1.039921522141 -0.073326990008 -0.363049089909 0.038576148450 -0.047808971256 0.005212953780 0.998097717762
1403715349.412143230438 1.049790024757 -0.066841252148 -0.355442970991 0.042118169367 -0.049384284765 0.002232745988 0.997888922691
1403715349.462142944336 1.057283401489 -0.063835486770 -0.350142747164 0.042853683233 -0.049167275429 -0.001330474857 0.997869908810
1403715349.512143135071 1.064443230629 -0.059015132487 -0.346377670765 0.043628346175 -0.047746460885 -0.005025759339 0.997893631458
1403715349.562143087387 1.072613954544 -0.053781177849 -0.341513961554 0.041689038277 -0.048116803169 -0.008083703928 0.997938632965
1403715349.612143278122 1.082524776459 -0.045977495611 -0.337339282036 0.040709167719 -0.050567898899 -0.011609381996 0.997823059559
1403715349.662142992020 1.088268756866 -0.040036730468 -0.336118698120 0.039090041071 -0.053220499307 -0.014334419742 0.997714459896
1403715349.712143182755 1.098276138306 -0.034466151148 -0.333045780659 0.036696683615 -0.059483174235 -0.016016952693 0.997425973415
1403715349.762143135071 1.106208682060 -0.029487140477 -0.330880403519 0.034634780139 -0.066322214901 -0.017659556121 0.997040569782
1403715349.812143087387 1.113763689995 -0.025172706693 -0.328848034143 0.031715381891 -0.075005456805 -0.017292642966 0.996528625488
1403715349.862143039703 1.121236920357 -0.020930733532 -0.328810453415 0.030294885859 -0.084032021463 -0.018758602440 0.995825827122
1403715349.912143230438 1.128849744797 -0.013200181536 -0.328272908926 0.030896551907 -0.093306347728 -0.021922906861 0.994916439056
1403715349.962142944336 1.137187600136 -0.010275562294 -0.327995270491 0.029344750568 -0.103597886860 -0.025055730715 0.993870496750
1403715350.012143135071 1.145424008369 -0.003565750085 -0.327412426472 0.029259910807 -0.112678281963 -0.029686704278 0.992756903172
1403715350.062143087387 1.154945969582 -0.000620732084 -0.327540993690 0.028269687667 -0.120487146080 -0.034563086927 0.991710186005
1403715350.112143278122 1.163097262383 0.005107818171 -0.327772319317 0.024331185967 -0.126034528017 -0.040287110955 0.990908801556
1403715350.162142992020 1.171850800514 0.010359724984 -0.327087759972 0.020095977932 -0.131223216653 -0.044142484665 0.990165650845
1403715350.212143182755 1.181604504585 0.015730181709 -0.325827300549 0.015963280573 -0.134906724095 -0.049174062908 0.989508628845
1403715350.262143135071 1.190798401833 0.019786924124 -0.325991660357 0.008905288763 -0.136384963989 -0.055301893502 0.989071071148
1403715350.312143087387 1.198477506638 0.025293894112 -0.325111836195 0.004020764027 -0.136214584112 -0.061667039990 0.988750040531
1403715350.362143039703 1.207923650742 0.029683813453 -0.324665248394 -0.001024395926 -0.136235490441 -0.066643849015 0.988431811333
1403715350.412143230438 1.215860128403 0.034667402506 -0.321718990803 -0.004189455416 -0.134635016322 -0.072070822120 0.988261938095
1403715350.462142944336 1.223394393921 0.038752213120 -0.318995058537 -0.006747848354 -0.133099570870 -0.076674379408 0.988109290600
1403715350.512143135071 1.230164885521 0.042726401240 -0.315934747458 -0.007488437463 -0.131092473865 -0.080879889429 0.988037049770
1403715350.562143087387 1.236808896065 0.046340052038 -0.311732470989 -0.008405261673 -0.130152255297 -0.082557909191 0.988015174866
1403715350.612143278122 1.240686297417 0.049405150115 -0.307867497206 -0.008446903899 -0.128814220428 -0.082402683794 0.988203108311
1403715350.662142992020 1.243341326714 0.052841968834 -0.304681956768 -0.007683227304 -0.127612531185 -0.080335825682 0.988535404205
1403715350.712143182755 1.246774435043 0.053575180471 -0.299489587545 -0.008010243997 -0.128478571773 -0.076762564480 0.988704502583
1403715350.762143135071 1.249038219452 0.055474583060 -0.293879181147 -0.007912148722 -0.129227325320 -0.072692707181 0.988915324211
1403715350.812143087387 1.249399065971 0.056998312473 -0.288381367922 -0.006172910798 -0.129707396030 -0.070593930781 0.989016890526
1403715350.862143039703 1.249650478363 0.058094862849 -0.281499207020 -0.003374898806 -0.129355534911 -0.070928059518 0.989052534103
1403715350.912143230438 1.249158620834 0.059459924698 -0.275496393442 -0.000520393311 -0.128364801407 -0.073194593191 0.989022135735
1403715350.962142944336 1.247850537300 0.058215122670 -0.268639266491 0.002213168656 -0.127771720290 -0.075989902020 0.988885760307
1403715351.012143135071 1.244729399681 0.058869682252 -0.261823207140 0.004212298896 -0.127117708325 -0.077912472188 0.988813996315
1403715351.062143087387 1.243130326271 0.056700054556 -0.254498720169 0.003939516377 -0.127974271774 -0.078710198402 0.988641381264
1403715351.112143278122 1.238527059555 0.056283678859 -0.247089222074 0.004933787044 -0.127948313951 -0.079286448658 0.988594233990
1403715351.162142992020 1.234804511070 0.053607527167 -0.240225717425 0.004219888709 -0.129336789250 -0.077832236886 0.988532423973
1403715351.212143182755 1.229192495346 0.052864924073 -0.232293114066 0.003654752858 -0.130785405636 -0.076452434063 0.988451778889
1403715351.262143135071 1.222455382347 0.051744606346 -0.224326223135 0.003932043444 -0.131666883826 -0.075561039150 0.988402187824
1403715351.312143087387 1.215959787369 0.048643119633 -0.216885969043 0.007796049584 -0.133549585938 -0.072448022664 0.988359749317
1403715351.362143039703 1.207693696022 0.044989619404 -0.210084885359 0.011243551038 -0.133854866028 -0.071796126664 0.988332867622
1403715351.412143230438 1.198524951935 0.041848123074 -0.203599423170 0.015485021286 -0.133898273110 -0.070414498448 0.988368988037
1403715351.462142944336 1.190885663033 0.039674080908 -0.193229958415 0.018853537738 -0.134411424398 -0.069789372385 0.988285183907
1403715351.512143135071 1.182600855827 0.035997748375 -0.184796810150 0.021328531206 -0.134531065822 -0.069890230894 0.988211452961
1403715351.562143087387 1.172055721283 0.032840371132 -0.178201675415 0.027298612520 -0.133834391832 -0.069548152387 0.988183319569
1403715351.612143278122 1.160822510719 0.028381766751 -0.171227455139 0.035336844623 -0.133036032319 -0.069408208132 0.988046169281
1403715351.662142992020 1.150107502937 0.026253616437 -0.164640039206 0.040318045765 -0.133278787136 -0.070072323084 0.987775862217
1403715351.712143182755 1.138997912407 0.021515063941 -0.158454030752 0.040237914771 -0.134877175093 -0.071188919246 0.987482249737
1403715351.762143135071 1.126203298569 0.018440129235 -0.155439853668 0.038827914745 -0.137450560927 -0.073223389685 0.987035036087
1403715351.812143087387 1.113231897354 0.014958711341 -0.150221705437 0.036907561123 -0.143107056618 -0.072700686753 0.986343145370
1403715351.862143039703 1.101325035095 0.011162400246 -0.146702051163 0.034135367721 -0.150759235024 -0.071026436985 0.985424637794
1403715351.912143230438 1.087694764137 0.008510127664 -0.144185051322 0.032229721546 -0.158974111080 -0.070245578885 0.984253048897
1403715351.962142944336 1.074382781982 0.004101602361 -0.140944138169 0.029454331845 -0.169295072556 -0.068479023874 0.982742190361
1403715352.012143135071 1.060039997101 -0.000837961212 -0.138750463724 0.026745803654 -0.178981557488 -0.067533321679 0.981167435646
1403715352.062143087387 1.046495199203 -0.003632571548 -0.135046839714 0.025029117242 -0.189657375216 -0.067236110568 0.979225695133
1403715352.112143278122 1.030843734741 -0.007637459785 -0.133713752031 0.023445257917 -0.197216853499 -0.069347932935 0.977622985840
1403715352.162142992020 1.018417000771 -0.014772058465 -0.130959928036 0.021381566301 -0.205898329616 -0.069507040083 0.975867569447
1403715352.212143182755 1.004539132118 -0.018015131354 -0.129065379500 0.021471492946 -0.212685659528 -0.068162254989 0.974503815174
1403715352.262143135071 0.991643071175 -0.021370407194 -0.124838232994 0.020477989689 -0.217960372567 -0.069154851139 0.973289012909
1403715352.312143087387 0.979627609253 -0.026409193873 -0.121160097420 0.017758086324 -0.222899824381 -0.070239990950 0.972145378590
1403715352.362143039703 0.966350913048 -0.030604809523 -0.118343815207 0.016757331789 -0.225837439299 -0.070709042251 0.971450924873
1403715352.412143230438 0.954323410988 -0.035978704691 -0.115093588829 0.015029998496 -0.230335682631 -0.066425442696 0.970725119114
1403715352.462142944336 0.942233383656 -0.039823096246 -0.112220540643 0.013362819329 -0.235059365630 -0.059494368732 0.970066487789
1403715352.512143135071 0.931345760822 -0.043600115925 -0.107981421053 0.013557501137 -0.239415183663 -0.052899539471 0.969380319118
1403715352.562143087387 0.919496059418 -0.046839132905 -0.104069247842 0.014819502831 -0.240863040090 -0.051397282630 0.969083964825
1403715352.612143278122 0.909670054913 -0.051665227860 -0.098608553410 0.017092201859 -0.240623921156 -0.055875062943 0.968858063221
1403715352.662142992020 0.899153888226 -0.053655572236 -0.092575907707 0.019792038947 -0.239626556635 -0.060491196811 0.968776702881
1403715352.712143182755 0.891207098961 -0.057686485350 -0.086426749825 0.023276405409 -0.239400461316 -0.063314117491 0.968574702740
1403715352.762143135071 0.881884276867 -0.059403967112 -0.081764429808 0.028924312443 -0.237287089229 -0.068465247750 0.968592166901
1403715352.812143087387 0.874097645283 -0.064833968878 -0.076571971178 0.032683894038 -0.236591696739 -0.070900753140 0.968467473984
1403715352.862143039703 0.866072714329 -0.069276034832 -0.070244543254 0.035602677613 -0.235853791237 -0.073596723378 0.968343436718
1403715352.912143230438 0.858620762825 -0.070342093706 -0.064784333110 0.038085777313 -0.234596684575 -0.077029794455 0.968287289143
1403715352.962142944336 0.850982427597 -0.072551563382 -0.060430478305 0.039631027728 -0.234881117940 -0.075938194990 0.968242585659
1403715353.012143135071 0.844358563423 -0.075656384230 -0.056364316493 0.039914440364 -0.236191675067 -0.073531962931 0.968097865582
1403715353.062143087387 0.838565170765 -0.078753829002 -0.051020272076 0.039693791419 -0.236914038658 -0.073203049600 0.967955291271
1403715353.112143278122 0.831087112427 -0.082499481738 -0.048718072474 0.038636617362 -0.236730292439 -0.074808552861 0.967920303345
1403715353.162142992020 0.825332403183 -0.085319295526 -0.044921956956 0.037473563105 -0.236959442496 -0.076040647924 0.967813909054
1403715353.212143182755 0.821399509907 -0.090205021203 -0.042429074645 0.036781121045 -0.238084256649 -0.077557601035 0.967444002628
1403715353.262143135071 0.816747367382 -0.096313983202 -0.042625065893 0.036280393600 -0.239157035947 -0.078573711216 0.967116236687
1403715353.312143087387 0.811219811440 -0.101178690791 -0.041558798403 0.035865429789 -0.240080028772 -0.079104438424 0.966859757900
1403715353.362143039703 0.806291520596 -0.108711943030 -0.041223570704 0.034315228462 -0.241326615214 -0.080502741039 0.966490209103
1403715353.412143230438 0.804032921791 -0.116100423038 -0.040458418429 0.033379469067 -0.243073165417 -0.083575904369 0.965824186802
1403715353.462142944336 0.800377488136 -0.122320979834 -0.039070047438 0.032844837755 -0.244548752904 -0.085621826351 0.965290665627
1403715353.512143135071 0.795737147331 -0.126593276858 -0.038232579827 0.031770925969 -0.245448112488 -0.087533846498 0.964926779270
1403715353.562143087387 0.792898356915 -0.127623751760 -0.036429025233 0.031681898981 -0.246674820781 -0.088905952871 0.964491307735
1403715353.612143278122 0.787422299385 -0.126470670104 -0.035775184631 0.031731378287 -0.247359707952 -0.090298324823 0.964184880257
1403715353.662142992020 0.784271001816 -0.125638201833 -0.032579425722 0.032396588475 -0.248616576195 -0.092356503010 0.963644444942
1403715353.712143182755 0.778120517731 -0.123342104256 -0.031235881150 0.032744780183 -0.248308077455 -0.094275020063 0.963526427746
1403715353.762143135071 0.775621652603 -0.121321439743 -0.028002716601 0.033079020679 -0.250073134899 -0.095793530345 0.962908506393
1403715353.812143087387 0.771016061306 -0.116991549730 -0.025958918035 0.034839596599 -0.250503867865 -0.097617410123 0.962551236153
1403715353.862143039703 0.767505705357 -0.115516304970 -0.023523218930 0.034262165427 -0.251915454865 -0.098398864269 0.962123930454
1403715353.912143230438 0.764115452766 -0.112399309874 -0.020395822823 0.035103194416 -0.253422051668 -0.098766848445 0.961660146713
1403715353.962142944336 0.759481608868 -0.107509046793 -0.018521346152 0.034782420844 -0.254365682602 -0.099578969181 0.961338818073
1403715354.012143135071 0.755194306374 -0.103757523000 -0.017203640193 0.033805947751 -0.255299985409 -0.099514909089 0.961132586002
1403715354.062143087387 0.750784635544 -0.100030377507 -0.015084512532 0.030130324885 -0.257362425327 -0.097396083176 0.960921823978
1403715354.112143278122 0.747142791748 -0.095159471035 -0.014355510473 0.026778483763 -0.261115878820 -0.090767495334 0.960657417774
1403715354.162142992020 0.742415070534 -0.092845156789 -0.013108067214 0.022185899317 -0.264390110970 -0.084470473230 0.960453212261
1403715354.212143182755 0.739561200142 -0.089705944061 -0.011151958257 0.018215602264 -0.267677456141 -0.079542309046 0.960046887398
1403715354.262143135071 0.736776769161 -0.085284642875 -0.009320009500 0.015512547456 -0.269071221352 -0.078079633415 0.959824800491
1403715354.312143087387 0.734064698219 -0.082041338086 -0.007249996066 0.014723247848 -0.269312649965 -0.079619504511 0.959643006325
1403715354.362143039703 0.730192899704 -0.077763155103 -0.005215443671 0.014125870541 -0.267682015896 -0.083570107818 0.959772288799
1403715354.412143230438 0.729877293110 -0.074703112245 -0.001242365688 0.013769018464 -0.266769498587 -0.088575817645 0.959582626820
1403715354.462142944336 0.726792156696 -0.070932544768 0.000938814133 0.013884178363 -0.264813244343 -0.093530476093 0.959652662277
1403715354.512143135071 0.724973797798 -0.066736288369 0.004132185131 0.015007187612 -0.263783186674 -0.097259514034 0.959548771381
1403715354.562143087387 0.722466170788 -0.066029287875 0.006664626300 0.014460369013 -0.263158082962 -0.098781391978 0.959573328495
1403715354.612143278122 0.720657169819 -0.062829971313 0.010663952678 0.016231825575 -0.263594418764 -0.098749414086 0.959428548813
1403715354.662142992020 0.718894481659 -0.062928587198 0.012956105173 0.016196733341 -0.263351470232 -0.098731428385 0.959497690201
1403715354.712143182755 0.715885937214 -0.063581585884 0.015122037381 0.016610380262 -0.262929558754 -0.098300024867 0.959650576115
1403715354.762143135071 0.713648855686 -0.066584289074 0.016116779298 0.016558153555 -0.262516170740 -0.097832262516 0.959812462330
1403715354.812143087387 0.711278140545 -0.069568462670 0.017704393715 0.016065621749 -0.262531399727 -0.096865870059 0.959914684296
1403715354.862143039703 0.710000038147 -0.075538590550 0.019769532606 0.016299886629 -0.262758672237 -0.097461804748 0.959788203239
1403715354.912143230438 0.706393420696 -0.082058295608 0.019631210715 0.016420211643 -0.263812422752 -0.093679606915 0.959873735905
1403715354.962142944336 0.704532206059 -0.090024098754 0.020093409345 0.016824550927 -0.265569925308 -0.090518899262 0.959685325623
1403715355.012143135071 0.703707456589 -0.097146496177 0.021527104080 0.018746901304 -0.268110811710 -0.088014267385 0.959176063538
1403715355.062143087387 0.701020896435 -0.103807255626 0.022235997021 0.019982710481 -0.268523037434 -0.088488258421 0.958992123604
1403715355.112143278122 0.699134647846 -0.112003333867 0.023617137223 0.019638303667 -0.269242137671 -0.090907402337 0.958571314812
1403715355.162142992020 0.698291778564 -0.120538920164 0.025149092078 0.019440036267 -0.272469967604 -0.093710951507 0.957392573357
1403715355.212143182755 0.696614205837 -0.127087101340 0.025610715151 0.018308738247 -0.276904374361 -0.096006453037 0.955914020538
1403715355.262143135071 0.695107758045 -0.132559835911 0.027172964066 0.019391832873 -0.282996177673 -0.099955692887 0.953701257706
1403715355.312143087387 0.694538831711 -0.138253435493 0.029572250322 0.019128443673 -0.289932042360 -0.105715945363 0.950998246670
1403715355.362143039703 0.693771600723 -0.146632760763 0.031019616872 0.018260462210 -0.298392117023 -0.110901400447 0.947802543640
1403715355.412143230438 0.691485881805 -0.152768984437 0.032570965588 0.019152842462 -0.307226091623 -0.115263685584 0.944436132908
1403715355.462142944336 0.690664231777 -0.160041615367 0.033781409264 0.019571164623 -0.318827867508 -0.118395775557 0.940185189247
1403715355.512143135071 0.689306855202 -0.164088413119 0.036555860192 0.022288758308 -0.330038875341 -0.121447876096 0.935856819153
1403715355.562143087387 0.687606692314 -0.169635340571 0.037244677544 0.023823469877 -0.340901821852 -0.125130251050 0.931429445744
1403715355.612143278122 0.686147987843 -0.174753189087 0.039464585483 0.024554692209 -0.352321118116 -0.128987833858 0.926622390747
1403715355.662142992020 0.685200095177 -0.182610511780 0.041745409369 0.024304203689 -0.362007558346 -0.134115189314 0.922156691551
1403715355.712143182755 0.685392141342 -0.187252029777 0.043011933565 0.025376126170 -0.370380640030 -0.138680964708 0.918118655682
1403715355.762143135071 0.683926165104 -0.194685697556 0.045399069786 0.024861812592 -0.377084523439 -0.143139019608 0.914713263512
1403715355.812143087387 0.681876242161 -0.199535816908 0.048195451498 0.024687804282 -0.381585747004 -0.147140637040 0.912212967873
1403715355.862143039703 0.683336913586 -0.204034358263 0.049553088844 0.024117201567 -0.385537624359 -0.150518506765 0.910012781620
1403715355.912143230438 0.682629406452 -0.210436403751 0.054992184043 0.023544806987 -0.389069437981 -0.152820527554 0.908139050007
1403715355.962142944336 0.681472539902 -0.212782114744 0.057516254485 0.024479238316 -0.390174895525 -0.156124636531 0.907077431679
1403715356.012143135071 0.680056989193 -0.217421919107 0.059146612883 0.025305829942 -0.390212446451 -0.159339666367 0.906479299068
1403715356.062143087387 0.679879188538 -0.224769786000 0.064297325909 0.024872478098 -0.390034019947 -0.163250803947 0.905871927738
1403715356.112143278122 0.676433444023 -0.224243909121 0.065994046628 0.028081962839 -0.386491924524 -0.168630823493 0.906310737133
1403715356.162142992020 0.675645291805 -0.229129403830 0.069236300886 0.028754003346 -0.383752793074 -0.172411724925 0.906742155552
1403715356.212143182755 0.673778951168 -0.236523747444 0.072414085269 0.028991609812 -0.380687355995 -0.174018248916 0.907719314098
1403715356.262143135071 0.671183586121 -0.240107744932 0.074895955622 0.030185090378 -0.377469390631 -0.174475058913 0.908935785294
1403715356.312143087387 0.668369472027 -0.241932436824 0.078411661088 0.030434446409 -0.374149203300 -0.175124228001 0.910174489021
1403715356.362143039703 0.664080381393 -0.244616091251 0.081150367856 0.027493827045 -0.370969563723 -0.174492597580 0.911689698696
1403715356.412143230438 0.659893751144 -0.247244477272 0.082280851901 0.023982116953 -0.368126094341 -0.173485502601 0.913132488728
1403715356.462142944336 0.654482901096 -0.248870700598 0.082421511412 0.020567074418 -0.365716487169 -0.170190706849 0.914802491665
1403715356.512143135071 0.648030042648 -0.253043979406 0.084018178284 0.014712785371 -0.365446895361 -0.162765190005 0.916373074055
1403715356.562143087387 0.639921426773 -0.254237979650 0.083621293306 0.012083808891 -0.364858359098 -0.157365098596 0.917588472366
1403715356.612143278122 0.632797002792 -0.255827993155 0.085286788642 0.010006655939 -0.366475254297 -0.152551501989 0.917782008648
1403715356.662142992020 0.626451253891 -0.258728981018 0.087686836720 0.008488529362 -0.370018869638 -0.149027064443 0.916954159737
1403715356.712143182755 0.618100821972 -0.260875582695 0.087595999241 0.007453126367 -0.373326897621 -0.147823765874 0.915816426277
1403715356.762143135071 0.610231161118 -0.260198950768 0.092334173620 0.007829824463 -0.379158526659 -0.147203683853 0.913514435291
1403715356.812143087387 0.601579785347 -0.262411803007 0.092867158353 0.007927695289 -0.385509163141 -0.147180721164 0.910855472088
1403715356.862143039703 0.593469858170 -0.262018680573 0.096984364092 0.007588147186 -0.393019825220 -0.150026679039 0.907176852226
1403715356.912143230438 0.584516644478 -0.264424592257 0.098960414529 0.005964252632 -0.401753872633 -0.151453182101 0.903116941452
1403715356.962142944336 0.574512124062 -0.266890347004 0.100038737059 0.005852802191 -0.411958217621 -0.153037801385 0.898240268230
1403715357.012143135071 0.566188156605 -0.268624484539 0.104059219360 0.008277281187 -0.423154711723 -0.155861824751 0.892512559891
1403715357.062143087387 0.560142815113 -0.272564172745 0.110723093152 0.008912906982 -0.436419010162 -0.158718660474 0.885588705540
1403715357.112143278122 0.549635469913 -0.275691360235 0.111664220691 0.011634557508 -0.447154462337 -0.162369534373 0.879518985748
1403715357.162142992020 0.541082680225 -0.282374173403 0.111435651779 0.013067716733 -0.457208782434 -0.167694494128 0.873308598995
1403715357.212143182755 0.533609271049 -0.283309370279 0.117177903652 0.016174642369 -0.467411339283 -0.172018274665 0.866991758347
1403715357.262143135071 0.523999094963 -0.288554072380 0.124782651663 0.019913244992 -0.475796014071 -0.176867067814 0.861359179020
1403715357.312143087387 0.516674935818 -0.294714063406 0.128282815218 0.022919135168 -0.481288403273 -0.181584626436 0.857241630554
1403715357.362143039703 0.506868720055 -0.303198724985 0.131744891405 0.025440281257 -0.484765231609 -0.187126189470 0.854013681412
1403715357.412143230438 0.498129278421 -0.310413360596 0.133797392249 0.026871806011 -0.487520635128 -0.190750390291 0.851596057415
1403715357.462142944336 0.491131216288 -0.314955890179 0.140165254474 0.029820604250 -0.490093886852 -0.193817541003 0.849325299263
1403715357.512143135071 0.483816325665 -0.319699972868 0.146064072847 0.030078217387 -0.491607367992 -0.197045549750 0.847697257996
1403715357.562143087387 0.474185287952 -0.323934167624 0.148605361581 0.029806172475 -0.491780072451 -0.200112938881 0.846887707710
1403715357.612143278122 0.464834690094 -0.329247742891 0.150490805507 0.029585704207 -0.491751104593 -0.203556418419 0.846091270447
1403715357.662142992020 0.456095039845 -0.334481924772 0.156013220549 0.030623121187 -0.492208123207 -0.205944895744 0.845210075378
1403715357.712143182755 0.446928471327 -0.339621692896 0.160894170403 0.034242160618 -0.492929518223 -0.207041367888 0.844382584095
1403715357.762143135071 0.436625748873 -0.343466937542 0.163214042783 0.037020865828 -0.492212563753 -0.209411755204 0.844098925591
1403715357.812143087387 0.425469756126 -0.345586180687 0.165610805154 0.041412014514 -0.490887701511 -0.212877526879 0.843799412251
1403715357.862143039703 0.414811968803 -0.349729686975 0.169853776693 0.044116493315 -0.489315539598 -0.217215552926 0.843469917774
1403715357.912143230438 0.406015813351 -0.351454615593 0.175009503961 0.045666154474 -0.488863885403 -0.219744116068 0.842994213104
1403715357.962142944336 0.395622283220 -0.351525485516 0.178510874510 0.045593269169 -0.488100677729 -0.221867173910 0.842884302139
1403715358.012143135071 0.382115691900 -0.355695277452 0.180163249373 0.043894950300 -0.486910074949 -0.224384054542 0.842996776104
1403715358.062143087387 0.369958490133 -0.356788992882 0.182581216097 0.042395096272 -0.486285716295 -0.225826352835 0.843048870564
1403715358.112143278122 0.358678966761 -0.354602575302 0.187264248729 0.040561433882 -0.487441480160 -0.223836451769 0.843002259731
1403715358.162142992020 0.345501601696 -0.354837179184 0.187241882086 0.038069780916 -0.488373875618 -0.220485731959 0.843461751938
1403715358.212143182755 0.332129240036 -0.353627979755 0.187613368034 0.033345650882 -0.489223003387 -0.216720491648 0.844145298004
1403715358.262143135071 0.318734794855 -0.354781091213 0.188890144229 0.029657797888 -0.490960866213 -0.213173091412 0.844177186489
1403715358.312143087387 0.304291903973 -0.356879979372 0.188338801265 0.025976615027 -0.491286158562 -0.212511807680 0.844275951385
1403715358.362143039703 0.287762492895 -0.354913979769 0.186378642917 0.024894068018 -0.491032183170 -0.213730707765 0.844148635864
1403715358.412143230438 0.273323446512 -0.352998048067 0.186935931444 0.027251107618 -0.492127716541 -0.217140913010 0.842566072941
1403715358.462142944336 0.256565868855 -0.350839346647 0.186994910240 0.030467385426 -0.494710266590 -0.219583764672 0.840307414532
1403715358.512143135071 0.241052329540 -0.353646904230 0.186705499887 0.034463204443 -0.498940110207 -0.222376644611 0.836910784245
1403715358.562143087387 0.224153012037 -0.350837260485 0.185028105974 0.039546996355 -0.503333806992 -0.223941937089 0.833631277084
1403715358.612143278122 0.206239491701 -0.345859885216 0.182372570038 0.043630339205 -0.507626116276 -0.223549515009 0.830925822258
1403715358.662142992020 0.189319550991 -0.349173188210 0.182000875473 0.044716995209 -0.514508426189 -0.222271367908 0.826968431473
1403715358.712143182755 0.168922275305 -0.350718498230 0.176277324557 0.044067379087 -0.522044956684 -0.216293528676 0.823859393597
1403715358.762143135071 0.151898041368 -0.348178118467 0.173878207803 0.043630488217 -0.530228734016 -0.209894314408 0.820303738117
1403715358.812143087387 0.135707885027 -0.342701852322 0.174560740590 0.044981461018 -0.538128912449 -0.204507097602 0.816437900066
1403715358.862143039703 0.117209672928 -0.342450529337 0.168265923858 0.043886050582 -0.543322443962 -0.201214194298 0.813872039318
1403715358.912143230438 0.099291026592 -0.340073496103 0.166737243533 0.045227844268 -0.548956692219 -0.198587045074 0.810656666756
1403715358.962142944336 0.080327704549 -0.338523328304 0.160101920366 0.044740445912 -0.551923930645 -0.197912096977 0.808831989765
1403715359.012143135071 0.066715613008 -0.332869797945 0.162091076374 0.043653119355 -0.556751310825 -0.196687936783 0.805876135826
1403715359.062143087387 0.050562828779 -0.332525700331 0.157886594534 0.040335588157 -0.558664679527 -0.198768228292 0.804212689400
1403715359.112143278122 0.035811632872 -0.328890621662 0.157454609871 0.040466088802 -0.561037898064 -0.199322804809 0.802414715290
1403715359.162142992020 0.021972611547 -0.324490696192 0.152793928981 0.041615381837 -0.562140345573 -0.199303671718 0.801588773727
1403715359.212143182755 0.007344439626 -0.323693275452 0.149748787284 0.042822893709 -0.563184916973 -0.198863461614 0.800900995731
1403715359.262143135071 -0.005758777261 -0.319121629000 0.149535566568 0.045289948583 -0.564153254032 -0.198804721236 0.800097942352
1403715359.312143087387 -0.018089607358 -0.316512852907 0.147348493338 0.047006532550 -0.563530981541 -0.200806558132 0.799937486649
1403715359.362143039703 -0.029377669096 -0.312082469463 0.145321607590 0.048570681363 -0.562675058842 -0.202451303601 0.800031900406
1403715359.412143230438 -0.039654724300 -0.308532893658 0.144222795963 0.051592495292 -0.561000764370 -0.205776020885 0.800170361996
1403715359.462142944336 -0.052598796785 -0.306405574083 0.138444632292 0.053878311068 -0.557934284210 -0.209666758776 0.801153182983
1403715359.512143135071 -0.065156579018 -0.305327087641 0.132380276918 0.055621765554 -0.555339634418 -0.212792575359 0.802012205124
1403715359.562143087387 -0.075008004904 -0.301758855581 0.127719402313 0.058079764247 -0.553712010384 -0.213437423110 0.802791535854
1403715359.612143278122 -0.083763279021 -0.297111690044 0.125875383615 0.059976346791 -0.554232478142 -0.211908385158 0.802697956562
1403715359.662142992020 -0.095076583326 -0.298951327801 0.117411658168 0.057094059885 -0.553322851658 -0.212045967579 0.803499042988
1403715359.712143182755 -0.107056371868 -0.298125714064 0.107666455209 0.054128356278 -0.552230000496 -0.211099669337 0.804704427719
1403715359.762143135071 -0.114738628268 -0.295325338840 0.101977810264 0.051240775734 -0.552676260471 -0.209263473749 0.805066466331
1403715359.812143087387 -0.123052582145 -0.292128175497 0.094976603985 0.049860011786 -0.553073465824 -0.206959649920 0.805475890636
1403715359.862143039703 -0.128987491131 -0.290022224188 0.089266240597 0.047934141010 -0.553640842438 -0.206808254123 0.805241882801
1403715359.912143230438 -0.137065693736 -0.289841622114 0.082569688559 0.043192744255 -0.554244935513 -0.206732407212 0.805114090443
1403715359.962142944336 -0.146485552192 -0.291077435017 0.069826930761 0.036328580230 -0.553529918194 -0.205475166440 0.806265890598
1403715360.012143135071 -0.153353065252 -0.286982387304 0.061710223556 0.034131627530 -0.553476095200 -0.205439388752 0.806408047676
1403715360.062143087387 -0.159030646086 -0.284689694643 0.054533362389 0.032621409744 -0.553647220135 -0.206479176879 0.806087434292
1403715360.112143278122 -0.165164992213 -0.282455444336 0.047217264771 0.031645830721 -0.553670585155 -0.207790017128 0.805773437023
1403715360.162142992020 -0.169426456094 -0.279214143753 0.040200844407 0.032093930990 -0.554075896740 -0.208692058921 0.805243849754
1403715360.212143182755 -0.175272256136 -0.277057319880 0.029672265053 0.031814452261 -0.553183794022 -0.209686011076 0.805609881878
1403715360.262143135071 -0.180105045438 -0.274773210287 0.023065522313 0.031610194594 -0.553156197071 -0.209707796574 0.805631279945
1403715360.312143087387 -0.184891566634 -0.271806597710 0.015646070242 0.030512081459 -0.552422404289 -0.207619279623 0.806717276573
1403715360.362143039703 -0.190406322479 -0.271667450666 0.007410719991 0.026432413608 -0.551440536976 -0.202922433615 0.808725595474
1403715360.412143230438 -0.197463840246 -0.270243376493 -0.002055928111 0.022088257596 -0.549267590046 -0.195988044143 0.812038123608
1403715360.462142944336 -0.201498687267 -0.267911165953 -0.007124960423 0.017875883728 -0.547116637230 -0.187839969993 0.815512120724
1403715360.512143135071 -0.206469744444 -0.268800854683 -0.014071837068 0.012959506363 -0.542789638042 -0.180694907904 0.820098042488
1403715360.562143087387 -0.209443733096 -0.266346752644 -0.019197344780 0.011270437390 -0.537589609623 -0.173455819488 0.825096070766
1403715360.612143278122 -0.214775756001 -0.265333056450 -0.024672433734 0.009990656748 -0.529597401619 -0.168671622872 0.831250131130
1403715360.662142992020 -0.216379255056 -0.265320986509 -0.027465410531 0.011691425927 -0.521251559258 -0.165204614401 0.837178409100
1403715360.712143182755 -0.222789615393 -0.267048001289 -0.034413397312 0.012294765562 -0.509775102139 -0.162858933210 0.844662725925
1403715360.762143135071 -0.226039230824 -0.266295015812 -0.036396920681 0.015800910071 -0.497684061527 -0.163180336356 0.851723670959
1403715360.812143087387 -0.225316315889 -0.265234261751 -0.035853832960 0.019536202773 -0.486005425453 -0.162440136075 0.858504652977
1403715360.862143039703 -0.227305963635 -0.264851272106 -0.036991432309 0.022899728268 -0.472418218851 -0.162386044860 0.865983545780
1403715360.912143230438 -0.230931133032 -0.267683416605 -0.039550781250 0.025498323143 -0.458231180906 -0.162009015679 0.873571455479
1403715360.962142944336 -0.232135996222 -0.270590394735 -0.040316976607 0.026810467243 -0.444685965776 -0.161018759012 0.880686402321
1403715361.012143135071 -0.235583141446 -0.274175375700 -0.041766434908 0.026900175959 -0.430950850248 -0.159104570746 0.887830793858
1403715361.062143087387 -0.234633237123 -0.276468008757 -0.041639905423 0.027347901836 -0.418080359697 -0.155738398433 0.894542574883
1403715361.112143278122 -0.235251739621 -0.278282523155 -0.041793387383 0.027094285935 -0.405255913734 -0.152026727796 0.901066839695
1403715361.162142992020 -0.235214501619 -0.279233098030 -0.041995510459 0.026904087514 -0.392479270697 -0.147513762116 0.907455742359
1403715361.212143182755 -0.238304883242 -0.282010018826 -0.043117679656 0.026068940759 -0.378641337156 -0.144752129912 0.913782238960
1403715361.262143135071 -0.246651530266 -0.286035686731 -0.047199346125 0.024551743641 -0.362922132015 -0.141494542360 0.920686721802
1403715361.312143087387 -0.245105817914 -0.293266624212 -0.046420603991 0.022728599608 -0.350773841143 -0.139201119542 0.925777614117
1403715361.362143039703 -0.245036050677 -0.291384577751 -0.046823080629 0.024840354919 -0.337730824947 -0.134926438332 0.931190490723
1403715361.412143230438 -0.246861264110 -0.290334880352 -0.049045443535 0.025566777214 -0.324396610260 -0.130297318101 0.936555266380
1403715361.462142944336 -0.251732289791 -0.291791051626 -0.048486702144 0.025499200448 -0.311176806688 -0.126548498869 0.941543579102
1403715361.512143135071 -0.257574558258 -0.293945431709 -0.052012350410 0.025211520493 -0.298717170954 -0.123579181731 0.945970773697
1403715361.562143087387 -0.252843558788 -0.296870291233 -0.049251537770 0.024330116808 -0.292048811913 -0.121359713376 0.948360383511
1403715361.612143278122 -0.264277875423 -0.295808613300 -0.053673490882 0.024349253625 -0.280234426260 -0.120699457824 0.952001810074
1403715361.662142992020 -0.264947593212 -0.293696492910 -0.052296914160 0.024768287316 -0.274669766426 -0.118659488857 0.953867375851
1403715361.712143182755 -0.265347599983 -0.293421268463 -0.052962996066 0.022679436952 -0.269451826811 -0.115607522428 0.955780446529
1403715361.762143135071 -0.265009164810 -0.292445689440 -0.051522813737 0.019670208916 -0.264427989721 -0.112841367722 0.957579135895
1403715361.812143087387 -0.279642641544 -0.295961737633 -0.054272573441 0.013773476705 -0.254419296980 -0.110597491264 0.960650503635
1403715361.862143039703 -0.281829237938 -0.293399870396 -0.055457510054 0.010709355585 -0.247519001365 -0.106063522398 0.963000655174
1403715361.912143230438 -0.282858788967 -0.290872991085 -0.054143410176 0.009313276038 -0.239486902952 -0.102997325361 0.965376019478
1403715361.962142944336 -0.283261060715 -0.291963160038 -0.053625740111 0.008207198232 -0.232413291931 -0.098266117275 0.967605531216
1403715362.012143135071 -0.295111477375 -0.287886530161 -0.052050888538 0.009548212402 -0.220449268818 -0.092759422958 0.970930814743
1403715362.062143087387 -0.291155368090 -0.288325875998 -0.049886614084 0.009523571469 -0.213186889887 -0.088493950665 0.972948849201
1403715362.112143278122 -0.295747935772 -0.292135447264 -0.048153340816 0.008123075590 -0.201997369528 -0.084987342358 0.975657880306
1403715362.162142992020 -0.301601916552 -0.292384266853 -0.044715527445 0.006826987956 -0.189658150077 -0.080610617995 0.978511691093
1403715362.212143182755 -0.303651452065 -0.289176255465 -0.042402032763 0.008492129855 -0.177676737309 -0.076761901379 0.981053769588
1403715362.262143135071 -0.316511303186 -0.283781588078 -0.041596241295 0.010742375627 -0.161386951804 -0.071333065629 0.984251260757
1403715362.312143087387 -0.330196440220 -0.282058060169 -0.039977550507 0.010439798236 -0.144826471806 -0.067822314799 0.987074732780
1403715362.362143039703 -0.338003903627 -0.280302733183 -0.037001769990 0.010331667960 -0.129954114556 -0.062708847225 0.989481091499
1403715362.412143230438 -0.349933892488 -0.281319826841 -0.035589758307 0.009239214472 -0.113816805184 -0.057706203312 0.991781413555
1403715362.462142944336 -0.354602277279 -0.278660029173 -0.031575873494 0.010033058003 -0.100619062781 -0.051179561764 0.993557155132
1403715362.512143135071 -0.368413478136 -0.276920944452 -0.029114879668 0.010439373553 -0.083792097867 -0.045807406306 0.995375096798
1403715362.562143087387 -0.383236348629 -0.274635285139 -0.024591637775 0.009468508884 -0.066557958722 -0.040661957115 0.996908783913
1403715362.612143278122 -0.395584523678 -0.273194432259 -0.022209059447 0.009604722261 -0.051256261766 -0.034647259861 0.998038113117
1403715362.662142992020 -0.406252354383 -0.270746648312 -0.018985971808 0.010321492329 -0.037585724145 -0.028722042218 0.998827219009
1403715362.712143182755 -0.417223632336 -0.272456943989 -0.014775149524 0.009626397863 -0.023893950507 -0.021090805531 0.999445676804
1403715362.762143135071 -0.431463390589 -0.274608135223 -0.011193973944 0.008486905135 -0.011087929830 -0.011743588373 0.999833583832
1403715362.812143087387 -0.442326962948 -0.276477754116 -0.007006537169 0.007603087928 -0.000712727313 0.000965923246 0.999970376492
1403715362.862143039703 -0.455453306437 -0.277126878500 -0.002447611187 0.008618282154 0.009249936789 0.016555432230 0.999783039093
1403715362.912143230438 -0.471075922251 -0.275930553675 0.002332336036 0.014314508997 0.018610039726 0.035212699324 0.999104022980
1403715362.962142944336 -0.480649858713 -0.278355151415 0.004910704214 0.019263485447 0.026567969471 0.049519948661 0.998233914375
1403715363.012143135071 -0.494268208742 -0.280242383480 0.009079624899 0.024448312819 0.035947617143 0.063231371343 0.997051596642
1403715363.062143087387 -0.503211855888 -0.281704604626 0.011913289316 0.027347100899 0.044057387859 0.073978699744 0.995910763741
1403715363.112143278122 -0.511527717113 -0.283450901508 0.016393668950 0.028697442263 0.052961342037 0.082535736263 0.994765996933
1403715363.162142992020 -0.519487023354 -0.286439567804 0.018942337483 0.026639441028 0.062065798789 0.088446430862 0.993788421154
1403715363.212143182755 -0.526262521744 -0.289017975330 0.021458439529 0.025055717677 0.071927554905 0.092971459031 0.992751181126
1403715363.262143135071 -0.534559607506 -0.291340082884 0.023691967130 0.024247476831 0.082663029432 0.096486732364 0.991599321365
1403715363.312143087387 -0.536262094975 -0.291186392307 0.025384105742 0.024225842208 0.091645181179 0.100699417293 0.990390777588
1403715363.362143039703 -0.539350807667 -0.295072734356 0.026513174176 0.023254046217 0.101764917374 0.103587694466 0.989127278328
1403715363.412143230438 -0.540306746960 -0.296156466007 0.027563512325 0.024223124608 0.111512996256 0.106226854026 0.987772226334
1403715363.462142944336 -0.540459811687 -0.297435939312 0.028228532523 0.025075310841 0.121934033930 0.108548417687 0.986265957355
1403715363.512143135071 -0.540795743465 -0.298038840294 0.029614590108 0.026038266718 0.133451357484 0.110031947494 0.984584033489
1403715363.562143087387 -0.542433679104 -0.299209803343 0.031230458990 0.026378598064 0.146811783314 0.108473069966 0.982844889164
1403715363.612143278122 -0.542170763016 -0.299233943224 0.031376827508 0.026367438957 0.160741418600 0.104288116097 0.981117248535
1403715363.662142992020 -0.541377007961 -0.298841148615 0.032028816640 0.026622850448 0.174271434546 0.101926870644 0.979046285152
1403715363.712143182755 -0.539918363094 -0.297433048487 0.034548722208 0.028056174517 0.188844799995 0.100136704743 0.976485133171
1403715363.762143135071 -0.539103925228 -0.297334909439 0.034895945340 0.029190400615 0.202313646674 0.099902845919 0.973774373531
1403715363.812143087387 -0.536540150642 -0.294115215540 0.041568953544 0.031206360087 0.217411413789 0.101017713547 0.970336973667
1403715363.862143039703 -0.509499311447 -0.312360972166 0.026576878503 0.024444241077 0.222656279802 0.107242137194 0.968672215939
1403715363.912143230438 -0.504068732262 -0.313112139702 0.023674411699 0.025487663224 0.236127465963 0.110193215311 0.965117454529
1403715363.962142944336 -0.498113542795 -0.314101248980 0.021740538999 0.027463404462 0.251578658819 0.112687140703 0.960861861706
1403715364.012143135071 -0.489840894938 -0.317303419113 0.018956970423 0.027473865077 0.265615969896 0.118140690029 0.956418395042
1403715364.062143087387 -0.486573994160 -0.316926717758 0.016651295125 0.029256677255 0.281187444925 0.121616855264 0.951465725899
1403715364.112143278122 -0.476254791021 -0.319993525743 0.013039061800 0.029540535063 0.292998403311 0.126884028316 0.947195708752
1403715364.162142992020 -0.472110390663 -0.322969436646 0.011536959559 0.030238982290 0.306037992239 0.130381926894 0.942564010620
1403715364.212143182755 -0.466925770044 -0.323114544153 0.010379452258 0.029781389982 0.316157639027 0.134317025542 0.938678026199
1403715364.262143135071 -0.461414366961 -0.324702620506 0.008174788207 0.028867665678 0.323887258768 0.138346105814 0.935480713844
1403715364.312143087387 -0.456304401159 -0.327660232782 0.003889627755 0.027235383168 0.328878134489 0.143856391311 0.932953774929
1403715364.362143039703 -0.452157825232 -0.327181041241 -0.000132538378 0.025709241629 0.332551211119 0.148089662194 0.931030750275
1403715364.412143230438 -0.448462396860 -0.327959716320 -0.004478652030 0.025244068354 0.334718823433 0.153127953410 0.929450392723
1403715364.462142944336 -0.443479239941 -0.330631464720 -0.009590040892 0.024757014588 0.336528956890 0.155723407865 0.928377985954
1403715364.512143135071 -0.437553882599 -0.331809669733 -0.013525888324 0.024555549026 0.336772143841 0.158963367343 0.927745759487
1403715364.562143087387 -0.431795597076 -0.334390848875 -0.020288869739 0.024566847831 0.336336672306 0.160603210330 0.927621006966
1403715364.612143278122 -0.426807105541 -0.336001932621 -0.026307649910 0.025069037452 0.336653470993 0.161162734032 0.927395582199
1403715364.662142992020 -0.419878453016 -0.338363200426 -0.032353162766 0.025958500803 0.337691605091 0.161224037409 0.926982939243
1403715364.712143182755 -0.412684321404 -0.338215589523 -0.039937082678 0.027375297621 0.340797126293 0.158354118466 0.926300168037
1403715364.762143135071 -0.406957328320 -0.342665344477 -0.045870140195 0.024971775711 0.346528202295 0.153642728925 0.925034403801
1403715364.812143087387 -0.395758986473 -0.344159930944 -0.054419483989 0.020631788298 0.351570993662 0.148870453238 0.924018263817
1403715364.862143039703 -0.389381498098 -0.344825714827 -0.059794858098 0.016434825957 0.358295351267 0.145084276795 0.922119796276
1403715364.912143230438 -0.382549375296 -0.345883160830 -0.067565716803 0.012973411009 0.364310979843 0.143528804183 0.920059084892
1403715364.962142944336 -0.375711262226 -0.348072856665 -0.073867984116 0.008412245661 0.371356934309 0.142545878887 0.917444288731
1403715365.012143135071 -0.367325603962 -0.348441213369 -0.081663653255 0.006685948465 0.376867026091 0.144392058253 0.914919435978
1403715365.062143087387 -0.362407773733 -0.348392158747 -0.090723820031 0.004589560907 0.383328944445 0.145308718085 0.912098288536
1403715365.112143278122 -0.355926603079 -0.349103748798 -0.093649923801 0.004436738323 0.390822768211 0.146284654737 0.908756673336
1403715365.162142992020 -0.348673224449 -0.354006171227 -0.101021997631 0.005910051987 0.398110747337 0.147802695632 0.905332684517
1403715365.212143182755 -0.343952953815 -0.354749143124 -0.106029249728 0.008091801777 0.405716031790 0.149164095521 0.901709020138
1403715365.262143135071 -0.339007616043 -0.355991154909 -0.114014938474 0.009600573219 0.411932080984 0.150002717972 0.898731887341
1403715365.312143087387 -0.333830654621 -0.356536924839 -0.116558283567 0.010474086739 0.418368905783 0.150253579021 0.895701766014
1403715365.362143039703 -0.329798936844 -0.355407983065 -0.123678050935 0.012226058170 0.423067688942 0.151980802417 0.893177509308
1403715365.412143230438 -0.324761241674 -0.358548581600 -0.127909570932 0.013591168448 0.428437113762 0.155636847019 0.889962971210
1403715365.462142944336 -0.320962965488 -0.359506964684 -0.133940011263 0.014136427082 0.434589207172 0.158445179462 0.886469125748
1403715365.512143135071 -0.316374987364 -0.361387103796 -0.139140754938 0.015443356708 0.441133439541 0.161902964115 0.882581591606
1403715365.562143087387 -0.313230484724 -0.362571179867 -0.143936097622 0.015530922450 0.449126988649 0.165255099535 0.877914845943
1403715365.612143278122 -0.309407263994 -0.362213611603 -0.149087727070 0.017811235040 0.456730484962 0.171203181148 0.872794091702
1403715365.662142992020 -0.305868506432 -0.363303780556 -0.153226733208 0.020480450243 0.464933812618 0.178889304399 0.866842448711
1403715365.712143182755 -0.303469240665 -0.367357492447 -0.159630239010 0.022137559950 0.473361253738 0.186729356647 0.860564529896
1403715365.762143135071 -0.301593035460 -0.366687476635 -0.163489341736 0.024250905961 0.483052551746 0.193983241916 0.853488564491
1403715365.812143087387 -0.298721700907 -0.366823434830 -0.169426262379 0.025226794183 0.492062598467 0.200641974807 0.846747219563
1403715365.862143039703 -0.296795040369 -0.368282794952 -0.175528034568 0.025640310720 0.500885665417 0.205977335572 0.840255618095
1403715365.912143230438 -0.295302331448 -0.367228269577 -0.181451514363 0.025782503188 0.508976578712 0.210222721100 0.834316790104
1403715365.962142944336 -0.293192863464 -0.363757461309 -0.187345981598 0.026736658067 0.515529215336 0.214602828026 0.829132318497
1403715366.012143135071 -0.290954947472 -0.363686174154 -0.193577736616 0.029246136546 0.520497202873 0.220476180315 0.824389219284
1403715366.062143087387 -0.290199816227 -0.365167379379 -0.201473087072 0.030011875555 0.524392426014 0.225995466113 0.820388913155
1403715366.112143278122 -0.288649976254 -0.362473845482 -0.207320481539 0.033100720495 0.527405440807 0.231563016772 0.816778063774
1403715366.162142992020 -0.286047339439 -0.360298246145 -0.213338181376 0.034210041165 0.530763566494 0.233822703362 0.813908338547
1403715366.212143182755 -0.284645706415 -0.357646554708 -0.223101183772 0.035141203552 0.532897233963 0.235249713063 0.812061071396
1403715366.262143135071 -0.283093512058 -0.353952169418 -0.231919050217 0.036137025803 0.534904539585 0.235844701529 0.810523688793
1403715366.312143087387 -0.283113896847 -0.351455509663 -0.241745039821 0.035175532103 0.537037849426 0.234798565507 0.809458315372
1403715366.362143039703 -0.280333042145 -0.350925445557 -0.252888858318 0.033379297704 0.538632452488 0.233666807413 0.808802068233
1403715366.412143230438 -0.279921591282 -0.343381106853 -0.264339894056 0.030719831586 0.539357483387 0.232142835855 0.808863162994
1403715366.462142944336 -0.279515355825 -0.338603436947 -0.275666773319 0.025902859867 0.541302084923 0.227986827493 0.808914780617
1403715366.512143135071 -0.278641670942 -0.332832902670 -0.285500407219 0.021555939689 0.542774975300 0.224131822586 0.809132635593
1403715366.562143087387 -0.278517037630 -0.329228043556 -0.300673246384 0.017601961270 0.542715847492 0.221832722425 0.809901177883
1403715366.612143278122 -0.276474803686 -0.321550846100 -0.311243385077 0.014160686173 0.542292654514 0.220126584172 0.810717225075
1403715366.662142992020 -0.276059061289 -0.319212526083 -0.323111116886 0.009719544090 0.541849792004 0.218999937177 0.811383605003
1403715366.712143182755 -0.274760782719 -0.313440918922 -0.336786806583 0.006771286484 0.540141224861 0.218577578664 0.812665641308
1403715366.762143135071 -0.274078756571 -0.309004247189 -0.347707271576 0.003827662207 0.538736462593 0.218685820699 0.813587725163
1403715366.812143087387 -0.271941602230 -0.301146209240 -0.357318341732 0.000979696866 0.537157297134 0.219065055251 0.814537644386
1403715366.862143039703 -0.270377516747 -0.300047576427 -0.370613098145 -0.002763781464 0.535200953484 0.219508230686 0.815701186657
1403715366.912143230438 -0.268646240234 -0.295480787754 -0.381120204926 -0.003822103608 0.533710658550 0.219820544124 0.816588819027
1403715366.962142944336 -0.266410768032 -0.295046985149 -0.394171684980 -0.005295175593 0.531537532806 0.222207754850 0.817351520061
1403715367.012143135071 -0.262883245945 -0.289876192808 -0.402865290642 -0.005069660954 0.529817521572 0.222978383303 0.818259358406
1403715367.062143087387 -0.260089755058 -0.287520021200 -0.414630353451 -0.004551726393 0.527985751629 0.224319845438 0.819079339504
1403715367.112143278122 -0.256924092770 -0.283466577530 -0.424676179886 -0.004265217576 0.526688694954 0.224729165435 0.819803416729
1403715367.162142992020 -0.253572762012 -0.280672132969 -0.437813937664 -0.004205538891 0.524409532547 0.225820675492 0.820964157581
1403715367.212143182755 -0.248227998614 -0.276430666447 -0.443750381470 -0.003784533823 0.523818790913 0.224625363946 0.821670889854
1403715367.262143135071 -0.242983579636 -0.276288688183 -0.456450223923 -0.003186998423 0.521369338036 0.226842358708 0.822621583939
1403715367.312143087387 -0.236640006304 -0.271977245808 -0.467012017965 -0.003569719382 0.519751369953 0.227687701583 0.823410093784
1403715367.362143039703 -0.231206208467 -0.269335120916 -0.475649297237 -0.004343445878 0.518160879612 0.228974297643 0.824051618576
1403715367.412143230438 -0.224031239748 -0.266440093517 -0.487022846937 -0.004518252332 0.516466856003 0.229766070843 0.824893474579
1403715367.462142944336 -0.217451855540 -0.263629376888 -0.497640371323 -0.004763087723 0.515367269516 0.229893952608 0.825543880463
1403715367.512143135071 -0.208861231804 -0.259836018085 -0.506513834000 -0.005452281795 0.514473438263 0.230700910091 0.825871944427
1403715367.562143087387 -0.201385051012 -0.258809328079 -0.515877246857 -0.006626239046 0.513532102108 0.230300545692 0.826560676098
1403715367.612143278122 -0.191419541836 -0.253905355930 -0.528001785278 -0.005379404407 0.512207508087 0.229766666889 0.827539682388
1403715367.662142992020 -0.181531190872 -0.251350402832 -0.537433505058 -0.004672529176 0.511270999908 0.229904428124 0.828084588051
1403715367.712143182755 -0.171952813864 -0.250089764595 -0.545815885067 -0.004395352211 0.511412978172 0.228223577142 0.828463315964
1403715367.762143135071 -0.159664839506 -0.249420255423 -0.557756960392 -0.004426715430 0.510541379452 0.227305680513 0.829252719879
1403715367.812143087387 -0.148359104991 -0.249793618917 -0.565388441086 -0.004859062843 0.510964095592 0.225539937615 0.829472005367
1403715367.862143039703 -0.135797202587 -0.246333479881 -0.578097641468 -0.004080769606 0.511026203632 0.222589269280 0.830234587193
1403715367.912143230438 -0.122906751931 -0.242510184646 -0.587832093239 -0.002628138755 0.512390196323 0.218139976263 0.830580711365
1403715367.962142944336 -0.108025208116 -0.241096079350 -0.598274469376 0.000810017227 0.513549804688 0.214897483587 0.830713570118
1403715368.012143135071 -0.095309689641 -0.240551769733 -0.608987212181 0.004070759751 0.514518857002 0.213102027774 0.830566883087
1403715368.062143087387 -0.081257715821 -0.235827505589 -0.618114352226 0.008722873405 0.515033066273 0.211879760027 0.830525100231
1403715368.112143278122 -0.067061841488 -0.235259562731 -0.628726005554 0.010841747746 0.515730917454 0.211252883077 0.830226719379
1403715368.162142992020 -0.055518090725 -0.232941567898 -0.634975373745 0.013107322156 0.516976237297 0.211123660207 0.829451978207
1403715368.212143182755 -0.040516123176 -0.226075828075 -0.644641518593 0.016101129353 0.516902625561 0.211867734790 0.829255402088
1403715368.262143135071 -0.027746349573 -0.226470023394 -0.654702723026 0.017674801871 0.516459226608 0.214697420597 0.828771650791
1403715368.312143087387 -0.012240618467 -0.221944093704 -0.665840566158 0.019653517753 0.515341103077 0.217798233032 0.828614115715
1403715368.362143039703 0.001632630825 -0.218253195286 -0.673840820789 0.023259418085 0.514544487000 0.221674114466 0.827987670898
1403715368.412143230438 0.012871831656 -0.213383615017 -0.680910944939 0.026353985071 0.514308989048 0.224542200565 0.827268123627
1403715368.462142944336 0.027042567730 -0.208571106195 -0.693158090115 0.030149467289 0.513827562332 0.226220965385 0.826980233192
1403715368.512143135071 0.041249692440 -0.204411685467 -0.703677296638 0.032244969159 0.514706134796 0.226708710194 0.826220929623
1403715368.562143087387 0.054118424654 -0.197301492095 -0.713287949562 0.032370515168 0.516816079617 0.223857432604 0.825676262379
1403715368.612143278122 0.066937893629 -0.190803661942 -0.725375771523 0.030052673072 0.519520521164 0.219183817506 0.825320363045
1403715368.662142992020 0.080386161804 -0.187846988440 -0.737572491169 0.025558764115 0.522237956524 0.214724749327 0.824928879738
1403715368.712143182755 0.093860656023 -0.178579270840 -0.757059812546 0.023489547893 0.522917449474 0.211983546615 0.825268805027
1403715368.762143135071 0.106133520603 -0.172809153795 -0.764229178429 0.020514093339 0.525606036186 0.209380626678 0.824304044247
1403715368.812143087387 0.118559628725 -0.164820685983 -0.778095364571 0.018746713176 0.527114629745 0.206820368767 0.824029207230
1403715368.862143039703 0.130481362343 -0.158458009362 -0.793258607388 0.017094872892 0.527568697929 0.207014322281 0.823725759983
1403715368.912143230438 0.143200308084 -0.150786787271 -0.803270637989 0.015566452406 0.528008997440 0.206374734640 0.823634445667
1403715368.962142944336 0.153907328844 -0.143422141671 -0.818501353264 0.013681605458 0.525931715965 0.206351384521 0.825001657009
1403715369.012143135071 0.165942817926 -0.136260017753 -0.830460309982 0.011022289284 0.522646248341 0.206673681736 0.827046215534
1403715369.062143087387 0.176274955273 -0.131857171655 -0.842149913311 0.008132537827 0.517998814583 0.207272827625 0.829848825932
1403715369.112143278122 0.187000572681 -0.125055432320 -0.854883313179 0.005645396188 0.512098431587 0.206267714500 0.833772718906
1403715369.162142992020 0.198764890432 -0.117069512606 -0.870985209942 0.003971807193 0.504459798336 0.204717025161 0.838805973530
1403715369.212143182755 0.207637518644 -0.112285427749 -0.882332384586 0.001981081208 0.496942162514 0.202116444707 0.843915581703
1403715369.262143135071 0.218395203352 -0.108050957322 -0.892131209373 -0.000019373763 0.489320784807 0.197647869587 0.849411845207
1403715369.312143087387 0.230323582888 -0.101643271744 -0.904589295387 -0.001514249365 0.479800522327 0.194092079997 0.855638623238
1403715369.362143039703 0.239185005426 -0.099069371819 -0.914561092854 -0.002724425634 0.470432639122 0.190010264516 0.861731886864
1403715369.412143230438 0.251162499189 -0.087648272514 -0.931351542473 -0.002511902945 0.458738088608 0.184974491596 0.869101524353
1403715369.462142944336 0.261273294687 -0.088651359081 -0.942392587662 -0.004420778248 0.447940468788 0.181426033378 0.875450968742
1403715369.512143135071 0.273589193821 -0.083117231727 -0.953966617584 -0.004676753655 0.436173826456 0.177154868841 0.882239639759
1403715369.562143087387 0.285373687744 -0.076414376497 -0.966285765171 -0.004071596544 0.424080520868 0.172444522381 0.889045596123
1403715369.612143278122 0.294928401709 -0.074676066637 -0.976216495037 -0.004670435097 0.412410646677 0.167826339602 0.895393729210
1403715369.662142992020 0.306204020977 -0.068040274084 -0.987955212593 -0.004424368031 0.401103883982 0.162901103497 0.901420712471
1403715369.712143182755 0.319121271372 -0.066076897085 -0.996865272522 -0.005231704563 0.391650944948 0.158435463905 0.906355559826
1403715369.762143135071 0.330766916275 -0.059270273894 -1.005484580994 -0.005144384224 0.383591026068 0.153603434563 0.910624742508
1403715369.812143087387 0.343258887529 -0.056187380105 -1.015863895416 -0.006200017408 0.376367121935 0.150200411677 0.914193212986
1403715369.862143039703 0.355832964182 -0.049244914204 -1.025944948196 -0.006866030861 0.371143519878 0.145535781980 0.917074024677
1403715369.912143230438 0.370757609606 -0.045096457005 -1.034417390823 -0.009790461510 0.366862624884 0.142266273499 0.919280290604
1403715369.962142944336 0.384210675955 -0.042405653745 -1.042859792709 -0.013812097721 0.363456189632 0.139905482531 0.920942604542
1403715370.012143135071 0.396456927061 -0.033679164946 -1.047706961632 -0.016180399805 0.362133622169 0.136230453849 0.921975433826
1403715370.062143087387 0.410492926836 -0.029448404908 -1.054261565208 -0.019309984520 0.361267805099 0.132071211934 0.922859668732
1403715370.112143278122 0.423393756151 -0.028126256540 -1.059582710266 -0.020862763748 0.361516892910 0.128541424870 0.923226594925
1403715370.162142992020 0.438118070364 -0.026338990778 -1.065928578377 -0.018808761612 0.361677378416 0.124889731407 0.923708975315
1403715370.212143182755 0.451380014420 -0.023987680674 -1.070104956627 -0.013064860366 0.361172378063 0.126269832253 0.923818051815
1403715370.262143135071 0.463106840849 -0.022475373000 -1.074724078178 -0.007069131359 0.360636174679 0.128970980644 0.923719763756
1403715370.312143087387 0.475037515163 -0.019285976887 -1.073392271996 -0.001567908097 0.361072689295 0.131821483374 0.923172354698
1403715370.362143039703 0.487608671188 -0.016924502328 -1.077376842499 0.003446146147 0.359966725111 0.136596232653 0.922904968262
1403715370.412143230438 0.499068826437 -0.015876304358 -1.077759742737 0.007551935501 0.359589368105 0.141851544380 0.922234535217
1403715370.462142944336 0.511145770550 -0.013555722311 -1.079887509346 0.010867338628 0.359413474798 0.146230190992 0.921585917473
1403715370.512143135071 0.521984219551 -0.011917908676 -1.081697463989 0.013213265687 0.360130399466 0.149329721928 0.920778036118
1403715370.562143087387 0.533996164799 -0.010277792811 -1.085900902748 0.014645984396 0.360119551420 0.152018576860 0.920320451260
1403715370.612143278122 0.547197818756 -0.008874057792 -1.089676618576 0.016150562093 0.360672801733 0.153097987175 0.919899642467
1403715370.662142992020 0.560126543045 -0.009335760958 -1.091372847557 0.015686249360 0.361618846655 0.155051246285 0.919208884239
1403715370.712143182755 0.569819927216 -0.005721339025 -1.092517971992 0.016317209229 0.363098978996 0.155019566417 0.918619513512
1403715370.762143135071 0.583791732788 -0.004886476323 -1.096379518509 0.015070368536 0.364404559135 0.153149515390 0.918437540531
1403715370.812143087387 0.594921231270 -0.001131173223 -1.097544074059 0.013896241784 0.366576671600 0.150774717331 0.917984485626
1403715370.862143039703 0.608646333218 -0.002649374306 -1.103081822395 0.010382452048 0.367529779673 0.149464324117 0.917864143848
1403715370.912143230438 0.619041085243 -0.000244554132 -1.105036973953 0.008754269220 0.368923395872 0.148650884628 0.917454004288
1403715370.962142944336 0.631411015987 0.002043236047 -1.108186125755 0.005031117238 0.369727492332 0.148961231112 0.917107880116
1403715371.012143135071 0.644879698753 0.005862863734 -1.109208941460 0.000045841898 0.370058685541 0.150627419353 0.916715860367
1403715371.062143087387 0.657387852669 0.006989207119 -1.111711740494 -0.008055800572 0.369837880135 0.153020873666 0.916373074055
1403715371.112143278122 0.670642256737 0.009677544236 -1.115942597389 -0.015372762457 0.369298845530 0.154981404543 0.916167438030
1403715371.162142992020 0.683694720268 0.012315094471 -1.117376089096 -0.021522691473 0.369080185890 0.156784787774 0.915824890137
1403715371.212143182755 0.697299003601 0.014358650893 -1.117337226868 -0.026840696111 0.369064897299 0.157555997372 0.915558159351
1403715371.262143135071 0.710071086884 0.014594938606 -1.116943001747 -0.030141483992 0.369704782963 0.157887220383 0.915140151978
1403715371.312143087387 0.723123013973 0.018365085125 -1.115063786507 -0.030430685729 0.370097368956 0.157060325146 0.915114164352
1403715371.362143039703 0.739462137222 0.018705252558 -1.114177942276 -0.030849670991 0.369640231133 0.157086998224 0.915280342102
1403715371.412143230438 0.753233373165 0.019801605493 -1.110335707664 -0.029264118522 0.370340913534 0.155973613262 0.915239572525
1403715371.462142944336 0.769736766815 0.019239332527 -1.108796119690 -0.023682778701 0.369926422834 0.155915126204 0.915578544140
1403715371.512143135071 0.786846041679 0.019232023507 -1.105881333351 -0.014923782088 0.369112193584 0.157518908381 0.915817260742
1403715371.562143087387 0.801784753799 0.019538789988 -1.100142598152 -0.005777105689 0.368299067020 0.159514293075 0.915902614594
1403715371.612143278122 0.818098187447 0.019283477217 -1.096701622009 0.001948703546 0.367237508297 0.161411538720 0.916012644768
1403715371.662142992020 0.836373806000 0.017565211281 -1.094726204872 0.008806021884 0.365388065577 0.164330139756 0.916193008423
1403715371.712143182755 0.853909432888 0.018818560988 -1.088858842850 0.014497401193 0.363756477833 0.167450159788 0.916204988956
1403715371.762143135071 0.870745182037 0.016779504716 -1.085220217705 0.017077652737 0.362391322851 0.169782310724 0.916272282600
1403715371.812143087387 0.889259159565 0.018754320219 -1.082596302032 0.019412575290 0.361486047506 0.170127928257 0.916519224644
1403715371.862143039703 0.906557798386 0.020729795098 -1.078642010689 0.016418451443 0.361689984798 0.167208597064 0.917034447193
1403715371.912143230438 0.925104975700 0.019983546808 -1.075662612915 0.011923931539 0.362813234329 0.162914350629 0.917433023453
1403715371.962142944336 0.945236921310 0.022902432829 -1.073209524155 0.008500225842 0.363416343927 0.158383667469 0.918025553226
1403715372.012143135071 0.960765838623 0.024613082409 -1.068442225456 0.005840808153 0.364844858646 0.155050680041 0.918048739433
1403715372.062143087387 0.982991278172 0.026477362961 -1.067684769630 0.006075069774 0.364313066006 0.152692839503 0.918653368950
1403715372.112143278122 1.000871896744 0.025256253779 -1.063300728798 0.006513813045 0.365063339472 0.151248946786 0.918591380119
1403715372.162142992020 1.019113302231 0.026139713824 -1.059981465340 0.007689563558 0.364475905895 0.150393366814 0.918955922127
1403715372.212143182755 1.038181900978 0.026292469352 -1.058124899864 0.009935863316 0.361899465322 0.150530248880 0.919929742813
1403715372.262143135071 1.057544946671 0.025613658130 -1.055126547813 0.010091650300 0.359341144562 0.148636475205 0.921237945557
1403715372.312143087387 1.077188014984 0.026239313185 -1.053253531456 0.010832907632 0.354913532734 0.146454602480 0.923293054104
1403715372.362143039703 1.097417116165 0.024795193225 -1.052675724030 0.011133121327 0.349286556244 0.144331917167 0.925766348839
1403715372.412143230438 1.116310358047 0.021439580247 -1.050458312035 0.011282560416 0.343518704176 0.139980301261 0.928586602211
1403715372.462142944336 1.136299848557 0.020466109738 -1.050645470619 0.012290148996 0.337029248476 0.137037545443 0.931386590004
1403715372.512143135071 1.153034448624 0.018215959892 -1.046505331993 0.012501889840 0.332821547985 0.133756890893 0.933371663094
1403715372.562143087387 1.172598123550 0.013500203378 -1.047152161598 0.012993283570 0.327740103006 0.130688756704 0.935595035553
1403715372.612143278122 1.190068364143 0.009009212255 -1.044338464737 0.013801421970 0.324166148901 0.128292039037 0.937159001827
1403715372.662142992020 1.210079431534 0.005967434496 -1.044288635254 0.014253987931 0.320393711329 0.126153722405 0.938738524914
1403715372.712143182755 1.226751804352 0.004797204398 -1.042213916779 0.015522932634 0.317499428988 0.124796703458 0.939882397652
1403715372.762143135071 1.244063019753 0.000718221068 -1.039377450943 0.014722193591 0.315677464008 0.123160339892 0.940724492073
1403715372.812143087387 1.262827277184 -0.001777052879 -1.038078904152 0.015503361821 0.313645720482 0.122549392283 0.941470980644
1403715372.862143039703 1.281231045723 -0.005331091583 -1.036212086678 0.015445731580 0.311800599098 0.122877448797 0.942041873932
1403715372.912143230438 1.301107287407 -0.007411427796 -1.036107778549 0.016074625775 0.309449493885 0.124272577465 0.942623436451
1403715372.962142944336 1.318369865417 -0.009856434539 -1.034776091576 0.017282903194 0.307863026857 0.126248583198 0.942858994007
1403715373.012143135071 1.335959196091 -0.012744374573 -1.030836820602 0.017657345161 0.306989550591 0.128401383758 0.942846119404
1403715373.062143087387 1.353767037392 -0.015585927293 -1.030990481377 0.018035238609 0.305738270283 0.129676654935 0.943070948124
1403715373.112143278122 1.370567560196 -0.017842005938 -1.027978897095 0.018832461908 0.305594027042 0.131384238601 0.942865729332
1403715373.162142992020 1.388094425201 -0.020359151065 -1.027614474297 0.019037539139 0.305231004953 0.132622957230 0.942805826664
1403715373.212143182755 1.401704192162 -0.021079011261 -1.022802114487 0.019997963682 0.306935518980 0.132905423641 0.942192554474
1403715373.262143135071 1.419789075851 -0.023114822805 -1.021476984024 0.019200123847 0.307533979416 0.132648825645 0.942050158978
1403715373.312143087387 1.438406229019 -0.023529917002 -1.021460890770 0.018978323787 0.309003144503 0.129869207740 0.941961228848
1403715373.362143039703 1.456262469292 -0.025952804834 -1.018645763397 0.018357668072 0.310754090548 0.128762483597 0.941549301147
1403715373.412143230438 1.473069071770 -0.028158769011 -1.018004179001 0.018028886989 0.311719864607 0.128315269947 0.941297471523
1403715373.462142944336 1.494750857353 -0.030223663896 -1.019458889961 0.017631856725 0.311643034220 0.127467140555 0.941445648670
1403715373.512143135071 1.508428573608 -0.031249254942 -1.015767097473 0.017251368612 0.312649488449 0.125793784857 0.941344082355
1403715373.562143087387 1.525247931480 -0.032271340489 -1.014599561691 0.016916232184 0.312014192343 0.121941171587 0.942067623138
1403715373.612143278122 1.543980002403 -0.032511323690 -1.013439774513 0.014728311449 0.310126990080 0.115874007344 0.943492233753
1403715373.662142992020 1.559318542480 -0.032800935209 -1.012419700623 0.013484669849 0.306856781244 0.109521545470 0.945337057114
1403715373.712143182755 1.572160005569 -0.032051797956 -1.008980393410 0.013093668967 0.302981674671 0.101555325091 0.947479367256
1403715373.762143135071 1.587575316429 -0.033006053418 -1.007399320602 0.012553185225 0.295992881060 0.095810271800 0.950289964676
1403715373.812143087387 1.598116874695 -0.034756824374 -1.003346443176 0.012934918515 0.288271099329 0.091561697423 0.953073382378
1403715373.862143039703 1.612835645676 -0.035810220987 -1.002099394798 0.013377810828 0.277123868465 0.088779717684 0.956630289555
1403715373.912143230438 1.625354766846 -0.037727221847 -1.000129580498 0.013867427595 0.265263408422 0.085875317454 0.960243999958
1403715373.962142944336 1.636905550957 -0.040308818221 -0.997034192085 0.014557243325 0.252300500870 0.083657003939 0.963916003704
1403715374.012143135071 1.646820425987 -0.040878910571 -0.994034409523 0.015437490307 0.239267840981 0.079863324761 0.967540442944
1403715374.062143087387 1.653656482697 -0.041605137289 -0.989856600761 0.016546431929 0.226581156254 0.076422639191 0.970848500729
1403715374.112143278122 1.666904807091 -0.043381169438 -0.987904548645 0.017437756062 0.211549580097 0.072993166745 0.974481761456
1403715374.162142992020 1.676808476448 -0.045381389558 -0.984518527985 0.017326332629 0.197811290622 0.067715361714 0.977744936943
1403715374.212143182755 1.685123205185 -0.045582327992 -0.981084764004 0.017719013616 0.183883577585 0.063332259655 0.980745613575
1403715374.262143135071 1.694677710533 -0.047966230661 -0.977901041508 0.018016079441 0.169724091887 0.059197902679 0.983547031879
1403715374.312143087387 1.701793074608 -0.047716066241 -0.974699079990 0.017683170736 0.155966669321 0.055105976760 0.986065447330
1403715374.362143039703 1.711574554443 -0.051722105592 -0.971962630749 0.015631189570 0.143013149500 0.050655197352 0.988300025463
1403715374.412143230438 1.720220446587 -0.053081084043 -0.968553543091 0.013354841620 0.131759941578 0.046681150794 0.990091860294
1403715374.462142944336 1.727189898491 -0.052732449025 -0.965101480484 0.011533600278 0.122579470277 0.042717859149 0.991471886635
1403715374.512143135071 1.733702540398 -0.054657351226 -0.961128354073 0.006731670350 0.115392319858 0.039834771305 0.992498099804
1403715374.562143087387 1.741030812263 -0.058296021074 -0.957388103008 0.002470177365 0.109760738909 0.037581447512 0.993244230747
1403715374.612143278122 1.750639081001 -0.060537621379 -0.953385949135 -0.001679325476 0.104782931507 0.035244390368 0.993869006634
1403715374.662142992020 1.758422374725 -0.062208402902 -0.947368204594 -0.004295149352 0.101221121848 0.034657645971 0.994250833988
1403715374.712143182755 1.765387654305 -0.064556986094 -0.941945314407 -0.006317273248 0.099277682602 0.033572200686 0.994473218918
1403715374.762143135071 1.773524761200 -0.069655001163 -0.936750650406 -0.008565288037 0.097935646772 0.032572157681 0.994622707367
1403715374.812143087387 1.779289960861 -0.070498898625 -0.928848743439 -0.008698212914 0.098322309554 0.031372290105 0.994621992111
1403715374.862143039703 1.784900903702 -0.071917854249 -0.922148346901 -0.008105443791 0.098783649504 0.030928783119 0.994595170021
1403715374.912143230438 1.791078567505 -0.076130375266 -0.914538979530 -0.007703761570 0.100255288184 0.029492612928 0.994494736195
1403715374.962142944336 1.797944784164 -0.080426096916 -0.904640197754 -0.003840301652 0.101404689252 0.028518564999 0.994428992271
1403715375.012143135071 1.805049777031 -0.084052510560 -0.895220220089 0.000313107128 0.102772645652 0.028089107946 0.994308173656
1403715375.062143087387 1.806764960289 -0.088963791728 -0.885676980019 0.003859997028 0.106092706323 0.026230251417 0.994002759457
1403715375.112143278122 1.814597725868 -0.094571672380 -0.875550329685 0.005432363134 0.107255712152 0.026417953894 0.993865609169
1403715375.162142992020 1.818238615990 -0.097544640303 -0.866179764271 0.008324190974 0.109649345279 0.026932403445 0.993570506573
1403715375.212143182755 1.822441577911 -0.102220915258 -0.855651795864 0.010251521133 0.111722819507 0.027662863955 0.993301391602
1403715375.262143135071 1.824925661087 -0.106395609677 -0.843061745167 0.010750696063 0.114048250020 0.029815763235 0.992969512939
1403715375.312143087387 1.828454375267 -0.109573245049 -0.831691503525 0.011390018277 0.116048052907 0.030936589465 0.992696344852
1403715375.362143039703 1.832349896431 -0.115158796310 -0.820385873318 0.011931521818 0.116992436349 0.035291850567 0.992433845997
1403715375.412143230438 1.835757851601 -0.117713488638 -0.808794081211 0.010851520114 0.119549088180 0.035406436771 0.992137432098
1403715375.462142944336 1.836436390877 -0.123790904880 -0.797002375126 0.010854007676 0.121454581618 0.038303174078 0.991798281670
1403715375.512143135071 1.836608529091 -0.127149403095 -0.785318553448 0.010514970869 0.123449034989 0.040210798383 0.991480171680
1403715375.562143087387 1.837427377701 -0.130760908127 -0.771818757057 0.010263186879 0.124872416258 0.043602533638 0.991161108017
1403715375.612143278122 1.839865446091 -0.135087102652 -0.759175717831 0.009978893213 0.126141384244 0.045931898057 0.990898132324
1403715375.662142992020 1.838415145874 -0.139102503657 -0.747875094414 0.010422256775 0.128074109554 0.047428529710 0.990575075150
1403715375.712143182755 1.837484002113 -0.140824690461 -0.734692394733 0.012583413161 0.130549028516 0.047637045383 0.990216791630
1403715375.762143135071 1.838852763176 -0.144046843052 -0.722703218460 0.013934557326 0.131544098258 0.048356082290 0.990032196045
1403715375.812143087387 1.837252378464 -0.149250939488 -0.709593892097 0.014168884605 0.133542835712 0.048694930971 0.989744603634
1403715375.862143039703 1.838543653488 -0.152745053172 -0.696407496929 0.015575729311 0.134964674711 0.047305870801 0.989597976208
1403715375.912143230438 1.837635040283 -0.155784785748 -0.682957231998 0.015909995884 0.136771962047 0.044631678611 0.989468693733
1403715375.962142944336 1.838426470757 -0.157856389880 -0.670206546783 0.018456635997 0.137462437153 0.043197788298 0.989392459393
1403715376.012143135071 1.835600376129 -0.160695508122 -0.657345831394 0.019633045420 0.138755843043 0.041637990624 0.989256083965
1403715376.062143087387 1.836168766022 -0.163858935237 -0.645492434502 0.020565072075 0.137991741300 0.042354248464 0.989313662052
1403715376.112143278122 1.834912776947 -0.166425898671 -0.633344709873 0.021942421794 0.136529490352 0.044210739434 0.989405751228
1403715376.162142992020 1.833024859428 -0.168071851134 -0.620566785336 0.023797001690 0.134687632322 0.046985566616 0.989487409592
1403715376.212143182755 1.831168174744 -0.171658739448 -0.606703460217 0.024827448651 0.133093938231 0.049942169338 0.989532947540
1403715376.262143135071 1.824768662453 -0.176192626357 -0.593525409698 0.025262825191 0.133004546165 0.052236944437 0.989415466785
1403715376.312143087387 1.827030658722 -0.178443789482 -0.583272516727 0.031853567809 0.130751460791 0.051618050784 0.989557981491
1403715376.362143039703 1.827335476875 -0.181953504682 -0.573397159576 0.039998795837 0.129596024752 0.051798034459 0.989404857159
1403715376.412143230438 1.824232816696 -0.186502382159 -0.560251772404 0.045023195446 0.131022781134 0.048163693398 0.989184617996
1403715376.462142944336 1.823670983315 -0.185142576694 -0.551002025604 0.045279115438 0.131214722991 0.043637026101 0.989357531071
1403715376.512143135071 1.823087811470 -0.187062099576 -0.541890442371 0.040970902890 0.130699202418 0.040564037859 0.989744246006
1403715376.562143087387 1.820389151573 -0.188743099570 -0.533299982548 0.035328608006 0.129958808422 0.038608189672 0.990137398243
1403715376.612143278122 1.819908618927 -0.187298879027 -0.525650918484 0.031552188098 0.128023207188 0.036509763449 0.990596592426
1403715376.662142992020 1.815047979355 -0.184910356998 -0.517781853676 0.028047325090 0.126790121198 0.035447619855 0.990899145603
1403715376.712143182755 1.815009951591 -0.184244155884 -0.510061919689 0.026612194255 0.124179504812 0.034785285592 0.991292715073
1403715376.762143135071 1.815387606621 -0.183420643210 -0.504871487617 0.026442514732 0.121047109365 0.032557882369 0.991760253906
1403715376.812143087387 1.814857721329 -0.183318898082 -0.500179886818 0.028505215421 0.118055589497 0.031333867460 0.992103099823
1403715376.862143039703 1.814547181129 -0.183512389660 -0.494451403618 0.031833808869 0.114293873310 0.030857615173 0.992457211018
1403715376.912143230438 1.786858081818 -0.180653601885 -0.476020842791 0.040055941790 0.121401011944 0.029138157144 0.991366922855
1403715376.962142944336 1.785449147224 -0.182250663638 -0.471446365118 0.047863561660 0.118558973074 0.026903960854 0.991427779198
1403715377.012143135071 1.769298911095 -0.187791675329 -0.462864249945 0.051594834775 0.119508884847 0.028919233009 0.991069793701
1403715377.062143087387 1.768126487732 -0.185175344348 -0.459114223719 0.052672214806 0.114968053997 0.027036299929 0.991603255272
1403715377.112143278122 1.763433098793 -0.184986919165 -0.456119537354 0.047064460814 0.112105697393 0.026366552338 0.992230832577
1403715377.162142992020 1.747403502464 -0.180877387524 -0.448369473219 0.043589696288 0.113748542964 0.024113899097 0.992259919643
1403715377.212143182755 1.735320091248 -0.186665654182 -0.441522747278 0.036493718624 0.114469349384 0.023601459339 0.992475688457
1403715377.262143135071 1.729166269302 -0.190847665071 -0.439226686954 0.031702358276 0.111470468342 0.024453982711 0.992960929871
1403715377.312143087387 1.711631655693 -0.190601080656 -0.431939542294 0.030020451173 0.112357422709 0.025264550000 0.992892920971
1403715377.362143039703 1.706806540489 -0.190602675080 -0.430928587914 0.030053196475 0.108879528940 0.025665776804 0.993269026279
1403715377.412143230438 1.690705299377 -0.189516514540 -0.426747560501 0.032524980605 0.108559899032 0.026859706268 0.993194580078
1403715377.462142944336 1.679717421532 -0.191205725074 -0.424614161253 0.033056009561 0.107429414988 0.026995647699 0.993296265602
1403715377.512143135071 1.669332981110 -0.188692614436 -0.422960311174 0.034902989864 0.105584144592 0.026771876961 0.993436992168
1403715377.562143087387 1.658079981804 -0.184247195721 -0.421596795321 0.036453813314 0.103951983154 0.027607897297 0.993530571461
1403715377.612143278122 1.640578031540 -0.185002654791 -0.419464647770 0.034988082945 0.104987718165 0.028023285791 0.993462681770
1403715377.662142992020 1.629426598549 -0.180749326944 -0.419227510691 0.033753588796 0.103745393455 0.028050974011 0.993635118008
1403715377.712143182755 1.616539835930 -0.173827484250 -0.418655425310 0.033499784768 0.103069767356 0.028234828264 0.993708789349
1403715377.762143135071 1.602009534836 -0.174439147115 -0.418183416128 0.031827814877 0.103259906173 0.028443889692 0.993738055229
1403715377.812143087387 1.589515447617 -0.172662243247 -0.419138729572 0.030921615660 0.102669522166 0.028485534713 0.993826687336
1403715377.862143039703 1.575507879257 -0.174225121737 -0.419122099876 0.028368894011 0.102421842515 0.029266146943 0.993905663490
1403715377.912143230438 1.561182379723 -0.172862365842 -0.419039279222 0.027629325166 0.102364756167 0.029633894563 0.993921458721
1403715377.962142944336 1.545923113823 -0.169369503856 -0.419190287590 0.028454853222 0.102145269513 0.029942931607 0.993911504745
1403715378.012143135071 1.531420588493 -0.166848659515 -0.420217365026 0.028597373515 0.101108819246 0.032210052013 0.993942499161
1403715378.062143087387 1.517632484436 -0.165551543236 -0.421118497849 0.029130678624 0.098993837833 0.035685148090 0.994021236897
1403715378.112143278122 1.504793286324 -0.165212959051 -0.423932582140 0.029057569802 0.096853919327 0.038111664355 0.994144082069
1403715378.162142992020 1.485828876495 -0.159248009324 -0.423100918531 0.031513795257 0.096266888082 0.040925126523 0.994014441967
1403715378.212143182755 1.469179511070 -0.157143101096 -0.425625056028 0.032723452896 0.095175035298 0.044569615275 0.993923783302
1403715378.262143135071 1.455736994743 -0.152867078781 -0.427760154009 0.031777136028 0.093050777912 0.047466050833 0.994021475315
1403715378.312143087387 1.441206932068 -0.151044979692 -0.429738402367 0.028892440721 0.091089360416 0.051429405808 0.994094073772
1403715378.362143039703 1.427001953125 -0.144863024354 -0.431984007359 0.026637552306 0.089542217553 0.054838109761 0.994115412235
1403715378.412143230438 1.412418007851 -0.142504960299 -0.434538573027 0.021897377446 0.088906191289 0.056384779513 0.994201719761
1403715378.462142944336 1.399749875069 -0.137595430017 -0.436621814966 0.018612207845 0.089223265648 0.055972915143 0.994263470173
1403715378.512143135071 1.386775255203 -0.136329084635 -0.440070033073 0.014402299188 0.090414077044 0.053064428270 0.994385242462
1403715378.562143087387 1.375409364700 -0.130705296993 -0.443221896887 0.013261239976 0.091800615191 0.049300063401 0.994467854500
1403715378.612143278122 1.364271044731 -0.127215921879 -0.446180403233 0.011932856403 0.092282965779 0.047236025333 0.994540214539
1403715378.662142992020 1.352846860886 -0.125893801451 -0.448653042316 0.009119674563 0.093185223639 0.045389242470 0.994571864605
1403715378.712143182755 1.340781092644 -0.121873334050 -0.451848804951 0.007644932717 0.094106338918 0.043957378715 0.994561910629
1403715378.762143135071 1.332154631615 -0.123285688460 -0.454345732927 0.003468990326 0.093444988132 0.043382897973 0.994672775269
1403715378.812143087387 1.321118712425 -0.120759993792 -0.457273006439 0.000389355439 0.093528605998 0.043565779924 0.994662940502
1403715378.862143039703 1.311296582222 -0.120281092823 -0.458700358868 -0.002777335234 0.092956140637 0.044255524874 0.994682371616
1403715378.912143230438 1.300037741661 -0.119206838310 -0.461263895035 -0.004188536666 0.092811785638 0.044547248632 0.994677841663
1403715378.962142944336 1.290495038033 -0.120361924171 -0.462005794048 -0.006034334656 0.092544972897 0.045323923230 0.994658112526
1403715379.012143135071 1.281816959381 -0.121809273958 -0.463259458542 -0.006335325539 0.092254973948 0.045856438577 0.994658768177
1403715379.062143087387 1.271679401398 -0.124304100871 -0.463403433561 -0.006402930710 0.093347720802 0.044556368142 0.994615495205
1403715379.112143278122 1.262879848480 -0.125820532441 -0.463052511215 -0.004937876016 0.093699730933 0.042927037925 0.994662404060
1403715379.162142992020 1.255827426910 -0.129578143358 -0.462771624327 -0.002749118488 0.095394305885 0.038793608546 0.994679570198
1403715379.212143182755 1.245352745056 -0.128135740757 -0.463816165924 0.000378517812 0.097745321691 0.034583214670 0.994610369205
1403715379.262143135071 1.238686442375 -0.130252122879 -0.462031751871 0.001751924632 0.098904058337 0.030957292765 0.994613766670
1403715379.312143087387 1.227840900421 -0.132517263293 -0.460142135620 0.002623755718 0.101056568325 0.027913978323 0.994485557079
1403715379.362143039703 1.218837618828 -0.136572167277 -0.459124416113 0.003357000882 0.102257966995 0.024806937203 0.994442880154
1403715379.412143230438 1.210246086121 -0.136634975672 -0.456974625587 0.004446529783 0.103140532970 0.022345218807 0.994405865669
1403715379.462142944336 1.202445626259 -0.142832621932 -0.454871237278 0.001829725341 0.103603571653 0.021079275757 0.994393587112
1403715379.512143135071 1.192828536034 -0.144731193781 -0.451703786850 0.001314942143 0.104176998138 0.019493995234 0.994366824627
1403715379.562143087387 1.181699514389 -0.143120259047 -0.449757874012 0.001976054627 0.104375183582 0.019452059641 0.994345784187
1403715379.612143278122 1.171626091003 -0.149297416210 -0.447204023600 -0.000364719454 0.104549847543 0.018484959379 0.994347810745
1403715379.662142992020 1.162927031517 -0.153551369905 -0.441831231117 -0.003501550993 0.104217186570 0.018799247220 0.994370698929
1403715379.712143182755 1.149829506874 -0.156853824854 -0.438549876213 -0.002871880773 0.105219118297 0.017517076805 0.994290649891
1403715379.762143135071 1.137478113174 -0.158100977540 -0.432938218117 -0.001509548631 0.105673938990 0.016774289310 0.994258224964
1403715379.812143087387 1.127270102501 -0.166132345796 -0.428265690804 -0.000050645602 0.105179607868 0.016051201150 0.994323670864
1403715379.862143039703 1.113436937332 -0.168878912926 -0.421994298697 0.004190495703 0.106212601066 0.014561920427 0.994228005409
1403715379.912143230438 1.100568175316 -0.178896263242 -0.416743606329 0.006821068004 0.106741704047 0.013436508365 0.994172573090
1403715379.962142944336 1.087911009789 -0.181112140417 -0.410572677851 0.011262360029 0.106823235750 0.012367683463 0.994137346745
1403715380.012143135071 1.075059890747 -0.186452344060 -0.403356045485 0.013227287680 0.107380174100 0.010800208896 0.994071364403
1403715380.062143087387 1.059830307961 -0.193852484226 -0.398458778858 0.015738507733 0.107790432870 0.012400447391 0.993971705437
1403715380.112143278122 1.044684410095 -0.198107540607 -0.391245096922 0.018549352884 0.106468133628 0.016519613564 0.994005858898
1403715380.162142992020 1.029966711998 -0.204633012414 -0.383821368217 0.020764475688 0.104380793869 0.023221950978 0.994049429893
1403715380.212143182755 1.012840867043 -0.210021361709 -0.378425866365 0.022504508495 0.103571288288 0.026363983750 0.994017899036
1403715380.262143135071 0.995590925217 -0.208884119987 -0.372030735016 0.025506498292 0.101924531162 0.030104806647 0.994009315968
1403715380.312143087387 0.981283843517 -0.215301245451 -0.366767436266 0.024208795279 0.100720003247 0.033937241882 0.994041085243
1403715380.362143039703 0.964856505394 -0.219654947519 -0.359869003296 0.022982252762 0.100889369845 0.036076486111 0.993977725506
1403715380.412143230438 0.947881340981 -0.226180613041 -0.354062825441 0.019977597520 0.101838879287 0.036643121392 0.993925094604
1403715380.462142944336 0.935069024563 -0.230213403702 -0.347577810287 0.019395664334 0.101615257561 0.035448912531 0.994002819061
1403715380.512143135071 0.918030738831 -0.232625663280 -0.342101007700 0.019999457523 0.102598801255 0.034035105258 0.993939220905
1403715380.562143087387 0.903170228004 -0.238415196538 -0.337505847216 0.018727565184 0.102893054485 0.033239405602 0.993960499763
1403715380.612143278122 0.883349001408 -0.240459024906 -0.332039088011 0.019267614931 0.103791095316 0.031386863440 0.993917047977
1403715380.662142992020 0.865320205688 -0.240948110819 -0.327778726816 0.020448513329 0.104038991034 0.031711190939 0.993857264519
1403715380.712143182755 0.851546466351 -0.245408996940 -0.324014246464 0.021651523188 0.102699570358 0.030954599380 0.993994891644
1403715380.762143135071 0.834568381310 -0.250414609909 -0.317929983139 0.021898452193 0.102603033185 0.030047925189 0.994027256966
1403715380.812143087387 0.815965771675 -0.253658294678 -0.313861727715 0.023030137643 0.102952033281 0.029950169846 0.993968546391
1403715380.862143039703 0.798648357391 -0.261863350868 -0.307819932699 0.022405775264 0.103126004338 0.029024645686 0.993992269039
1403715380.912143230438 0.788198888302 -0.263604313135 -0.302360624075 0.023341631517 0.100999340415 0.028777927160 0.994196236134
1403715380.962142944336 0.767342090607 -0.264808148146 -0.298197299242 0.025263812393 0.102307617664 0.027536718175 0.994050621986
1403715381.012143135071 0.751400411129 -0.266038030386 -0.294368773699 0.026037672535 0.102343320847 0.026968015358 0.994042575359
1403715381.062143087387 0.729722440243 -0.269968599081 -0.290435642004 0.026940390468 0.104626514018 0.026223028079 0.993800759315
1403715381.112143278122 0.707742094994 -0.269093185663 -0.288268417120 0.028455087915 0.106276638806 0.028904600069 0.993508994579
1403715381.162142992020 0.694102942944 -0.274057656527 -0.284198313951 0.028783692047 0.105015717447 0.031964395195 0.993539869785
1403715381.212143182755 0.678130686283 -0.281528174877 -0.280312359333 0.028346111998 0.104548200965 0.034058615565 0.993532180786
1403715381.262143135071 0.656960248947 -0.283209502697 -0.275743752718 0.029997121543 0.106231600046 0.036359183490 0.993223607540
1403715381.312143087387 0.641372442245 -0.289984792471 -0.272119313478 0.029200294986 0.106506824493 0.038308143616 0.993144571781
1403715381.362143039703 0.621198296547 -0.286860108376 -0.270314276218 0.031680408865 0.107688248158 0.040765877813 0.992843270302
1403715381.412143230438 0.606968104839 -0.291671395302 -0.266122072935 0.031767845154 0.107723094523 0.043367084116 0.992726504803
1403715381.462142944336 0.597377002239 -0.293691068888 -0.264456331730 0.032666344196 0.106459192932 0.044559933245 0.992780864239
1403715381.512143135071 0.576157987118 -0.298147737980 -0.260752648115 0.034547399729 0.109669983387 0.046078920364 0.992298185825
1403715381.562143087387 0.559747576714 -0.296192318201 -0.258275181055 0.036072742194 0.112215094268 0.043746143579 0.992064952850
1403715381.612143278122 0.545004844666 -0.297443449497 -0.256439596415 0.035188987851 0.113318525255 0.041405163705 0.992071688175
1403715381.662142992020 0.528488218784 -0.297226279974 -0.255313813686 0.032661456615 0.115594245493 0.039739575237 0.991963684559
1403715381.712143182755 0.509982824326 -0.296986579895 -0.252477556467 0.027822874486 0.117917738855 0.037350926548 0.991930603981
1403715381.762143135071 0.495314478874 -0.293462663889 -0.251954048872 0.024065181613 0.118230767548 0.034837093204 0.992083013058
1403715381.812143087387 0.481747299433 -0.298452198505 -0.250459969044 0.016939984635 0.118109896779 0.034291781485 0.992263674736
1403715381.862143039703 0.463012278080 -0.292831927538 -0.249237477779 0.012844742276 0.119519993663 0.032495811582 0.992216765881
1403715381.912143230438 0.446556329727 -0.290486365557 -0.248242601752 0.008333442733 0.121658422053 0.031844817102 0.992026031017
1403715381.962142944336 0.429497748613 -0.292077541351 -0.247176155448 0.003628301434 0.126357898116 0.032323844731 0.991451323032
1403715382.012143135071 0.416483730078 -0.294195115566 -0.245276361704 0.000483876269 0.130114004016 0.034916069359 0.990883946419
1403715382.062143087387 0.399345159531 -0.297663778067 -0.243324935436 -0.002779011149 0.137093260884 0.038034867495 0.989823818207
1403715382.112143278122 0.384509414434 -0.294932782650 -0.241506680846 -0.002140682889 0.143361151218 0.042886730283 0.988738477230
1403715382.162142992020 0.368776887655 -0.296460211277 -0.236944258213 -0.002517374931 0.150884509087 0.048811726272 0.987342417240
1403715382.212143182755 0.351392984390 -0.299706429243 -0.233400970697 -0.002437615301 0.159662485123 0.054886780679 0.985641598701
1403715382.262143135071 0.336577713490 -0.305598944426 -0.229560270905 -0.003318169154 0.168745025992 0.060616839677 0.983788490295
1403715382.312143087387 0.317288577557 -0.304473519325 -0.222606301308 -0.001502349740 0.179511159658 0.065983101726 0.981539487839
1403715382.362143039703 0.297896623611 -0.310373097658 -0.215750664473 -0.002219425049 0.191745132208 0.070782370865 0.978886485100
1403715382.412143230438 0.283664733171 -0.313564836979 -0.210675418377 -0.001019630930 0.201890915632 0.075928948820 0.976459860802
1403715382.462142944336 0.269316196442 -0.316838920116 -0.204643830657 -0.001600072603 0.211489230394 0.080833017826 0.974030673504
1403715382.512143135071 0.253195554018 -0.318090319633 -0.198298335075 -0.000804278417 0.220309793949 0.085403703153 0.971683681011
1403715382.562143087387 0.239109724760 -0.320934891701 -0.192411839962 -0.000889354385 0.227876588702 0.090275295079 0.969495713711
1403715382.612143278122 0.223030343652 -0.327100843191 -0.185070440173 -0.001626320067 0.235526859760 0.095414601266 0.967171430588
1403715382.662142992020 0.208364784718 -0.328988254070 -0.177299872041 -0.002020091983 0.243561685085 0.099114708602 0.964805662632
1403715382.712143182755 0.193128660321 -0.330082863569 -0.169880703092 -0.001170229749 0.251165300608 0.103343106806 0.962410986423
1403715382.762143135071 0.177152827382 -0.329597771168 -0.160124480724 -0.001828264445 0.260331064463 0.105887420475 0.959693849087
1403715382.812143087387 0.163950324059 -0.337983191013 -0.150787368417 -0.003945991397 0.268802881241 0.108890831470 0.957012116909
1403715382.862143039703 0.152335628867 -0.341159284115 -0.143028274179 -0.004441028461 0.276469647884 0.113072909415 0.954337120056
1403715382.912143230438 0.135954946280 -0.343704283237 -0.131296291947 -0.004683486652 0.286432027817 0.115406349301 0.951113164425
1403715382.962142944336 0.123446449637 -0.343630909920 -0.123519308865 -0.003990272060 0.293481856585 0.119379617274 0.948473036289
1403715383.012143135071 0.111975692213 -0.350178420544 -0.112811461091 -0.005534157157 0.300748258829 0.124259926379 0.945557713509
1403715383.062143087387 0.099577441812 -0.354107975960 -0.102808363736 -0.006362228654 0.306451529264 0.129386782646 0.943030297756
1403715383.112143278122 0.086733922362 -0.358424425125 -0.091313302517 -0.006679029204 0.311094701290 0.134888693690 0.940734088421
1403715383.162142992020 0.072202518582 -0.356000900269 -0.080006092787 -0.004555987194 0.315509289503 0.138023555279 0.938819825649
1403715383.212143182755 0.060132116079 -0.361125648022 -0.067997097969 -0.006061628461 0.317619413137 0.142300799489 0.937460184097
1403715383.262143135071 0.051848020405 -0.365135639906 -0.057381711900 -0.007247504313 0.319023758173 0.143798187375 0.936746239662
1403715383.312143087387 0.039634574205 -0.367084294558 -0.043676760048 -0.006424427964 0.320933103561 0.146261110902 0.935718119144
1403715383.362143039703 0.031360618770 -0.371504038572 -0.033277127892 -0.005812646355 0.320456057787 0.148892462254 0.935470581055
1403715383.412143230438 0.022538576275 -0.378406971693 -0.020582010970 -0.005577939097 0.321215450764 0.150071695447 0.935023009777
1403715383.462142944336 0.013776767068 -0.381268143654 -0.007482452318 -0.003443181282 0.321870028973 0.150675609708 0.934711039066
1403715383.512143135071 0.006386669353 -0.383058071136 0.003009840846 0.001170977950 0.323094904423 0.151322796941 0.934189319611
1403715383.562143087387 0.000927176327 -0.385737657547 0.014158125967 0.004736611154 0.325592279434 0.151193305850 0.933331608772
1403715383.612143278122 -0.005481489003 -0.393048077822 0.030315861106 0.006726749707 0.331338107586 0.150921225548 0.931339204311
1403715383.662142992020 -0.014689087868 -0.393670469522 0.045583996922 0.009743114933 0.338689923286 0.150851026177 0.928675472736
1403715383.712143182755 -0.016827121377 -0.402131766081 0.056812357157 0.009252540767 0.344992399216 0.153575032949 0.925909996033
1403715383.762143135071 -0.019860714674 -0.404314100742 0.068214133382 0.011034224182 0.352932631969 0.155794143677 0.922520995140
1403715383.812143087387 -0.025022391230 -0.407986700535 0.081339314580 0.011991597712 0.362745106220 0.159315526485 0.918090879917
1403715383.862143039703 -0.027776025236 -0.408259600401 0.091604232788 0.012824639678 0.372329235077 0.162816390395 0.913617670536
1403715383.912143230438 -0.029856890440 -0.412259340286 0.101921729743 0.012612117454 0.383133143187 0.167484208941 0.908294558525
1403715383.962142944336 -0.033820688725 -0.412848621607 0.114592432976 0.012695991434 0.396227270365 0.170652776957 0.902064502239
1403715384.012143135071 -0.035409800708 -0.420260399580 0.128470748663 0.011080382392 0.409231007099 0.175702214241 0.895285367966
1403715384.062143087387 -0.038193576038 -0.421195387840 0.138615995646 0.011264844798 0.421945303679 0.180626988411 0.888374447823
1403715384.112143278122 -0.040586218238 -0.424485802650 0.147138223052 0.010980998166 0.434356033802 0.185425758362 0.881380498409
1403715384.162142992020 -0.042053788900 -0.425704836845 0.156404599547 0.011696992442 0.446552932262 0.190180286765 0.874234020710
1403715384.212143182755 -0.043625310063 -0.427235096693 0.169713765383 0.011618763208 0.459222108126 0.195305705070 0.866507828236
1403715384.262143135071 -0.044652611017 -0.432730197906 0.178117215633 0.011474444531 0.470837593079 0.201027020812 0.858934521675
1403715384.312143087387 -0.045989781618 -0.436255544424 0.188648656011 0.011981101707 0.482338011265 0.207046747208 0.851080596447
1403715384.362143039703 -0.046382382512 -0.438611716032 0.195762425661 0.012875467539 0.493213832378 0.212166130543 0.843540072441
1403715384.412143230438 -0.047094091773 -0.439445734024 0.203822597861 0.014206147753 0.504125475883 0.216743230820 0.835869669914
1403715384.462142944336 -0.047418832779 -0.442079812288 0.213191345334 0.013741367497 0.514722824097 0.221935644746 0.828019499779
1403715384.512143135071 -0.046716094017 -0.446048021317 0.219552010298 0.013149761595 0.524205744267 0.228504359722 0.820256829262
1403715384.562143087387 -0.048068940639 -0.447417885065 0.225143492222 0.011486839503 0.533636212349 0.233884498477 0.812649071217
1403715384.612143278122 -0.047225356102 -0.449862509966 0.233117073774 0.009845492430 0.543234109879 0.239688426256 0.804580152035
1403715384.662142992020 -0.045548707247 -0.452173799276 0.240680024028 0.007397790439 0.552942752838 0.245440632105 0.796215116978
1403715384.712143182755 -0.043546974659 -0.453616619110 0.246455997229 0.004553538747 0.562368571758 0.249414727092 0.788361072540
1403715384.762143135071 -0.042621701956 -0.455490827560 0.250978648663 0.004076146986 0.571197628975 0.253806352615 0.780576050282
1403715384.812143087387 -0.039915263653 -0.457639217377 0.255074292421 0.002598615363 0.579831480980 0.258193910122 0.772738397121
1403715384.862143039703 -0.037078201771 -0.459876030684 0.260415434837 0.001646125573 0.588086009026 0.262175887823 0.765124797821
1403715384.912143230438 -0.034734427929 -0.460766315460 0.262342453003 0.002969001187 0.595446050167 0.265339255333 0.758307516575
1403715384.962142944336 -0.030227750540 -0.464497566223 0.265977472067 0.003684044117 0.602062642574 0.267179518938 0.752410948277
1403715385.012143135071 -0.025721639395 -0.465545028448 0.269630193710 0.004295263439 0.607909917831 0.266984552145 0.747760891914
1403715385.062143087387 -0.021692186594 -0.466709643602 0.272786766291 0.003722856753 0.613536596298 0.265863269567 0.743556141853
1403715385.112143278122 -0.016300737858 -0.468811929226 0.275196105242 0.001756913145 0.619065105915 0.264104604721 0.739597320557
1403715385.162142992020 -0.011486947536 -0.470487296581 0.275482952595 0.000484936521 0.624705433846 0.263049900532 0.735219538212
1403715385.212143182755 -0.005235761404 -0.472058773041 0.277021318674 -0.001225666958 0.630489826202 0.261981695890 0.730648219585
1403715385.262143135071 0.001851528883 -0.473843157291 0.278934955597 -0.003183865920 0.635267317295 0.261128365993 0.726799368858
1403715385.312143087387 0.007788956165 -0.475633591413 0.280133605003 -0.004441028927 0.638918220997 0.261572122574 0.723425030708
1403715385.362143039703 0.013799816370 -0.477468580008 0.279415726662 -0.004247147124 0.641237080097 0.262102514505 0.721179068089
1403715385.412143230438 0.021543800831 -0.479288339615 0.281865209341 -0.005649190862 0.643248915672 0.262799382210 0.719121277332
1403715385.462142944336 0.027370482683 -0.480768620968 0.281836509705 -0.003434112528 0.644214510918 0.264021605253 0.717822015285
1403715385.512143135071 0.036164432764 -0.483626127243 0.282558441162 -0.000427803345 0.644671201706 0.265457659960 0.716889858246
1403715385.562143087387 0.042302221060 -0.487167537212 0.283380180597 0.004181228112 0.644373595715 0.267968058586 0.716211080551
1403715385.612143278122 0.051321595907 -0.491879522800 0.286900699139 0.008823267184 0.643848180771 0.271182090044 0.715431332588
1403715385.662142992020 0.059819906950 -0.493719339371 0.285690605640 0.012406811118 0.641632437706 0.275769799948 0.715615034103
1403715385.712143182755 0.067531436682 -0.497249871492 0.286115109921 0.015445453115 0.640376508236 0.278152048588 0.715758919716
1403715385.762143135071 0.075585544109 -0.498143583536 0.286125779152 0.018306959420 0.639632523060 0.278724312782 0.716133952141
1403715385.812143087387 0.083724945784 -0.500815331936 0.284366667271 0.021796381101 0.638910233974 0.278776824474 0.716660380363
1403715385.862143039703 0.091800361872 -0.502508878708 0.281437724829 0.024413198233 0.638747513294 0.277355879545 0.717272162437
1403715385.912143230438 0.099768817425 -0.504117548466 0.277605891228 0.026560712606 0.639437913895 0.273879736662 0.717916131020
1403715385.962142944336 0.108423233032 -0.506367087364 0.275269031525 0.026446649805 0.641797244549 0.267334640026 0.718282043934
1403715386.012143135071 0.116888433695 -0.506886780262 0.271237373352 0.025360308588 0.644228696823 0.260339558125 0.718713819981
1403715386.062143087387 0.125028997660 -0.508341848850 0.266772449017 0.023320190609 0.645963788033 0.255293309689 0.719035625458
1403715386.112143278122 0.132308274508 -0.508354663849 0.262336790562 0.021456003189 0.647514998913 0.251164227724 0.719152748585
1403715386.162142992020 0.139505207539 -0.509639501572 0.256866157055 0.018825601786 0.648379862309 0.249172985554 0.719139754772
1403715386.212143182755 0.145173519850 -0.508198380470 0.251218318939 0.016438018531 0.648850977421 0.247907057405 0.719210863113
1403715386.262143135071 0.150836631656 -0.507582426071 0.245472356677 0.014723122120 0.648930430412 0.248306199908 0.719038665295
1403715386.312143087387 0.156895533204 -0.508029282093 0.240742102265 0.013934194110 0.648995280266 0.249689251184 0.718516767025
1403715386.362143039703 0.161188259721 -0.506620168686 0.235345989466 0.014969255775 0.649356245995 0.249479204416 0.718242645264
1403715386.412143230438 0.166671454906 -0.506301939487 0.228508308530 0.016680400819 0.649920046329 0.249099761248 0.717826604843
1403715386.462142944336 0.171357154846 -0.503450691700 0.224678099155 0.019153790548 0.651064991951 0.247980490327 0.717114508152
1403715386.512143135071 0.176492065191 -0.503886103630 0.218255653977 0.021073358133 0.651288926601 0.247892081738 0.716887831688
1403715386.562143087387 0.178180485964 -0.501157283783 0.212281733751 0.025216054171 0.650983035564 0.249089717865 0.716616749763
1403715386.612143278122 0.182530701160 -0.499173223972 0.208227247000 0.027061544359 0.651057898998 0.249971911311 0.716174125671
1403715386.662142992020 0.186183780432 -0.497836649418 0.203069582582 0.031376525760 0.650465011597 0.252516865730 0.715643763542
1403715386.712143182755 0.187265664339 -0.495573878288 0.195897951722 0.034041546285 0.649115383625 0.254966378212 0.715878844261
1403715386.762143135071 0.188638716936 -0.492375642061 0.190452516079 0.035346865654 0.647850930691 0.258326768875 0.715756356716
1403715386.812143087387 0.188384845853 -0.488174974918 0.183307245374 0.035677045584 0.644842326641 0.265120416880 0.715972542763
1403715386.862143039703 0.190233588219 -0.484020620584 0.177497893572 0.035871073604 0.641918063164 0.271849989891 0.716067194939
1403715386.912143230438 0.189110919833 -0.478222787380 0.167256966233 0.036730829626 0.638689935207 0.278206259012 0.716468632221
1403715386.962142944336 0.188417568803 -0.472749531269 0.159045651555 0.036763202399 0.636614859104 0.282641440630 0.716577827930
1403715387.012143135071 0.188494145870 -0.468052685261 0.148867875338 0.035381473601 0.635005354881 0.286067992449 0.716715753078
1403715387.062143087387 0.187455147505 -0.461933583021 0.137313693762 0.033703949302 0.634338438511 0.287014245987 0.717008829117
1403715387.112143278122 0.187606915832 -0.455192685127 0.126728296280 0.030509557575 0.635042488575 0.284466654062 0.717543780804
1403715387.162142992020 0.188790276647 -0.447633862495 0.116344884038 0.026150381193 0.636436283588 0.281240791082 0.717752456665
1403715387.212143182755 0.188146114349 -0.438324451447 0.102077186108 0.022284273058 0.637604773045 0.276387006044 0.718730688095
1403715387.262143135071 0.188518583775 -0.430821806192 0.088541284204 0.018715795130 0.638217866421 0.273077398539 0.719552934170
1403715387.312143087387 0.188218921423 -0.420803755522 0.074203789234 0.016982337460 0.638920426369 0.269305855036 0.720393478870
1403715387.362143039703 0.188783258200 -0.412579208612 0.061388850212 0.015243205242 0.639544129372 0.266482084990 0.720928847790
1403715387.412143230438 0.188979178667 -0.402982234955 0.046833738685 0.013625501655 0.639832019806 0.264087289572 0.721586585045
1403715387.462142944336 0.188013970852 -0.396583229303 0.033128157258 0.011293122545 0.639758288860 0.262811571360 0.722157895565
1403715387.512143135071 0.187405154109 -0.387400299311 0.017992794514 0.008083861321 0.638610899448 0.263036757708 0.723133742809
1403715387.562143087387 0.188859492540 -0.379412561655 0.002657309175 0.005245605949 0.637427747250 0.264144837856 0.723799586296
1403715387.612143278122 0.187766581774 -0.371923834085 -0.013530686498 0.003396219108 0.635288298130 0.267013013363 0.724638819695
1403715387.662142992020 0.189465731382 -0.365557581186 -0.030032977462 0.000984093989 0.633450508118 0.269352912903 0.725388526917
1403715387.712143182755 0.189800262451 -0.361513227224 -0.049058467150 -0.001513019204 0.631406188011 0.270602047443 0.726703882217
1403715387.762143135071 0.192274749279 -0.358069390059 -0.063889339566 -0.003585947677 0.630094468594 0.271528214216 0.727489173412
1403715387.812143087387 0.194171935320 -0.355883240700 -0.081581182778 -0.004595484119 0.628601014614 0.272050797939 0.728579461575
1403715387.862143039703 0.196761846542 -0.356020957232 -0.101048879325 -0.005927607417 0.626820743084 0.273357778788 0.729613721371
1403715387.912143230438 0.199829906225 -0.352855771780 -0.120716646314 -0.005603108555 0.625087499619 0.273786067963 0.730941534042
1403715387.962142944336 0.203258246183 -0.351434946060 -0.138037309051 -0.006486626342 0.624063253403 0.273771822453 0.731814205647
1403715388.012143135071 0.206123486161 -0.346782773733 -0.156204029918 -0.005879452918 0.623132824898 0.273401319981 0.732750058174
1403715388.062143087387 0.210948914289 -0.339681386948 -0.174392521381 -0.005820230581 0.622491061687 0.272340089083 0.733690559864
1403715388.112143278122 0.215611010790 -0.330188393593 -0.190067306161 -0.004311081022 0.622390508652 0.270637184381 0.734416186810
1403715388.162142992020 0.221708059311 -0.320614635944 -0.205115318298 -0.003633615794 0.622571647167 0.268765032291 0.734953641891
1403715388.212143182755 0.226615220308 -0.309629857540 -0.224136039615 -0.001852825750 0.622330248356 0.266263216734 0.736074507236
1403715388.262143135071 0.234238684177 -0.298263609409 -0.237256616354 -0.000259319961 0.623285353184 0.263143151999 0.736390531063
1403715388.312143087387 0.240710571408 -0.287298262119 -0.251530110836 0.000865558046 0.624037027359 0.260505557060 0.736691176891
1403715388.362143039703 0.247069969773 -0.272197335958 -0.267047941685 0.002024237998 0.624756753445 0.257221549749 0.737232685089
1403715388.412143230438 0.252509236336 -0.259704232216 -0.281219422817 0.002470220905 0.624998211861 0.255468070507 0.737636208534
1403715388.462142944336 0.259642839432 -0.246424883604 -0.296330392361 0.002615395933 0.625550270081 0.253242850304 0.737935006618
1403715388.512143135071 0.267596989870 -0.230860084295 -0.313422411680 0.003107117489 0.625108838081 0.252890259027 0.738427937031
1403715388.562143087387 0.274003446102 -0.218921869993 -0.325306355953 0.003969156183 0.625506937504 0.252731353045 0.738141119480
1403715388.612143278122 0.281255036592 -0.206757545471 -0.338477730751 0.004145079758 0.625879585743 0.252281725407 0.737977981567
1403715388.662142992020 0.289727151394 -0.193227589130 -0.354262560606 0.004868608434 0.625786960125 0.251849412918 0.738199710846
1403715388.712143182755 0.295800834894 -0.181276351213 -0.368394553661 0.006037760992 0.625820338726 0.251101523638 0.738417625427
1403715388.762143135071 0.303414702415 -0.168145775795 -0.381642580032 0.005941031966 0.626372992992 0.249812036753 0.738387107849
1403715388.812143087387 0.311610847712 -0.157339215279 -0.395653247833 0.005826689769 0.626301467419 0.249784290791 0.738458096981
1403715388.862143039703 0.318276047707 -0.144008561969 -0.412137329578 0.006181069650 0.625741660595 0.248933225870 0.739216864109
1403715388.912143230438 0.324989736080 -0.133024632931 -0.426504880190 0.005631787702 0.626340687275 0.246746525168 0.739446938038
1403715388.962142944336 0.332688331604 -0.125064373016 -0.441247165203 0.005587156862 0.626292288303 0.245833694935 0.739792227745
1403715389.012143135071 0.340866655111 -0.116537466645 -0.457799196243 0.005391113926 0.626051127911 0.244770243764 0.740350246429
1403715389.062143087387 0.347996264696 -0.110014900565 -0.473522782326 0.005729839671 0.625988602638 0.243556320667 0.740800738335
1403715389.112143278122 0.355623811483 -0.105456523597 -0.489280432463 0.004882056266 0.625874161720 0.242287144065 0.741319537163
1403715389.162142992020 0.362975686789 -0.101775504649 -0.509703934193 0.003733898047 0.625096976757 0.241112485528 0.742364227772
1403715389.212143182755 0.369687199593 -0.096651457250 -0.526888668537 0.003616661066 0.624875724316 0.239492267370 0.743075132370
1403715389.262143135071 0.377366602421 -0.092502452433 -0.542275011539 0.001936267014 0.625291287899 0.237109571695 0.743495881557
1403715389.312143087387 0.384790420532 -0.088541626930 -0.558150649071 0.001015337766 0.625284552574 0.235631927848 0.743973076344
1403715389.362143039703 0.391703009605 -0.084059074521 -0.574988424778 -0.000156259484 0.624876081944 0.233900129795 0.744862794876
1403715389.412143230438 0.397882819176 -0.082299023867 -0.594141662121 -0.001471252064 0.624159038067 0.232895642519 0.745776772499
1403715389.462142944336 0.405957639217 -0.078728012741 -0.609032452106 -0.002391670831 0.623674750328 0.232649713755 0.746256113052
1403715389.512143135071 0.414079487324 -0.071637600660 -0.622217774391 -0.001442113658 0.623189091682 0.232636436820 0.746668338776
1403715389.562143087387 0.419850707054 -0.069718442857 -0.635198533535 -0.000579720770 0.622693836689 0.233870670199 0.746697068214
1403715389.612143278122 0.427449941635 -0.063251100481 -0.648616075516 0.002526578261 0.621189653873 0.235208913684 0.747525215149
1403715389.662142992020 0.434045493603 -0.060310252011 -0.663119912148 0.004288599361 0.618556261063 0.236581623554 0.749265551567
1403715389.712143182755 0.440613031387 -0.057051546872 -0.676102459431 0.005481114611 0.615235447884 0.237096697092 0.751824736595
1403715389.762143135071 0.447469830513 -0.052410259843 -0.686204731464 0.006739269476 0.611478865147 0.237090125680 0.754875123501
1403715389.812143087387 0.454348206520 -0.048133291304 -0.701928973198 0.008118031546 0.605688154697 0.236733183265 0.759627223015
1403715389.862143039703 0.459846615791 -0.044290781021 -0.709487557411 0.007290537003 0.600592672825 0.236135229468 0.763855576515
1403715389.912143230438 0.466897368431 -0.038285017014 -0.726051211357 0.005899395794 0.592959940434 0.236012771726 0.769845306873
1403715389.962142944336 0.473349750042 -0.031846717000 -0.739295065403 0.003584393999 0.585661411285 0.235406368971 0.775610566139
1403715390.012143135071 0.479652345181 -0.027613706887 -0.749711155891 -0.000768553815 0.578421533108 0.234443545341 0.781322062016
1403715390.062143087387 0.486141443253 -0.019489325583 -0.759065330029 -0.004280077759 0.571103334427 0.232676833868 0.787200212479
1403715390.112143278122 0.492340207100 -0.015256658196 -0.770900607109 -0.008092696778 0.563283383846 0.231141582131 0.793233871460
1403715390.162142992020 0.501253366470 -0.008849173784 -0.783371508121 -0.011788072996 0.555027306080 0.228095382452 0.799861371517
1403715390.212143182755 0.509041607380 -0.003442637622 -0.792021453381 -0.014938113280 0.547643125057 0.224523916841 0.805886447430
1403715390.262143135071 0.516399085522 0.002487432212 -0.802733182907 -0.018501067534 0.539504468441 0.221054315567 0.812236189842
1403715390.312143087387 0.525689065456 0.008899953216 -0.811298608780 -0.019125256687 0.531902074814 0.215826481581 0.818616747856
1403715390.362143039703 0.534233391285 0.014010032639 -0.819974720478 -0.020075352862 0.524184465408 0.211121469736 0.824775934219
1403715390.412143230438 0.544839203358 0.020034585148 -0.831317663193 -0.020883589983 0.516052961349 0.205175504088 0.831358075142
1403715390.462142944336 0.554768264294 0.026626035571 -0.837426424026 -0.021702546626 0.509288549423 0.197309464216 0.837390661240
1403715390.512143135071 0.565940141678 0.031083621085 -0.846032619476 -0.022753309458 0.501421570778 0.190921828151 0.843568325043
1403715390.562143087387 0.577657043934 0.036410164088 -0.852509796619 -0.023057885468 0.493823260069 0.183363169432 0.849696934223
1403715390.612143278122 0.589362800121 0.041301507503 -0.857491314411 -0.022476684302 0.486402064562 0.175761967897 0.855579137802
1403715390.662142992020 0.599087595940 0.044811218977 -0.861007809639 -0.021708646789 0.478828400373 0.170345246792 0.860949814320
1403715390.712143182755 0.611940503120 0.048222467303 -0.868910729885 -0.019804487005 0.468970239162 0.168582633138 0.866749465466
1403715390.762143135071 0.622322678566 0.053811769933 -0.868796288967 -0.016149906442 0.459486484528 0.169798314571 0.871653556824
1403715390.812143087387 0.634581208229 0.057188432664 -0.871562004089 -0.014855944552 0.450196176767 0.170712336898 0.876333296299
1403715390.862143039703 0.644639730453 0.058649308980 -0.873633265495 -0.013860389590 0.442798495293 0.172188282013 0.879823088646
1403715390.912143230438 0.658528923988 0.062546499074 -0.875784695148 -0.013737273403 0.436512500048 0.172240376472 0.882950365543
1403715390.962142944336 0.669775605202 0.064288534224 -0.877129912376 -0.013904033229 0.431630581617 0.173453405499 0.885107696056
1403715391.012143135071 0.682107448578 0.069539494812 -0.876149713993 -0.013463913463 0.427139848471 0.174368038774 0.887111127377
1403715391.062143087387 0.695305705070 0.071746401489 -0.878244936466 -0.013027509674 0.421505212784 0.175740242004 0.889538705349
1403715391.112143278122 0.709872484207 0.073003567755 -0.878644466400 -0.012666451745 0.415397256613 0.177244722843 0.892114877701
1403715391.162142992020 0.723172903061 0.075513578951 -0.877346634865 -0.010201365687 0.409067243338 0.178719475865 0.894773364067
1403715391.212143182755 0.736532330513 0.075394555926 -0.876257419586 -0.008855300024 0.403104364872 0.179164275527 0.897401034832
1403715391.262143135071 0.752587795258 0.076685838401 -0.876912176609 -0.004734208342 0.397312521935 0.179624542594 0.899919629097
1403715391.312143087387 0.767558693886 0.077781863511 -0.876259505749 -0.001587993349 0.393479406834 0.179464608431 0.901645123959
1403715391.362143039703 0.782927393913 0.077433109283 -0.875481307507 -0.000227609111 0.390932947397 0.178218618035 0.903000295162
1403715391.412143230438 0.800755023956 0.080363385379 -0.873601198196 0.001141377492 0.388973832130 0.176580354571 0.904166698456
1403715391.462142944336 0.817714393139 0.082844831049 -0.871444582939 0.001389895449 0.387680619955 0.176217541099 0.904792368412
1403715391.512143135071 0.834478497505 0.084383100271 -0.869640588760 0.001156828017 0.387090295553 0.175893902779 0.905108392239
1403715391.562143087387 0.854267954826 0.084598362446 -0.870052754879 0.001862094272 0.385440200567 0.176291316748 0.905733883381
1403715391.612143278122 0.873224139214 0.084679901600 -0.868144094944 0.002815115033 0.382493376732 0.178620114923 0.906524062157
1403715391.662142992020 0.892454266548 0.087444305420 -0.868221521378 0.005407794844 0.378901600838 0.179423272610 0.907860994339
1403715391.712143182755 0.911310195923 0.087557710707 -0.864896655083 0.006698257755 0.376501858234 0.177656576037 0.909197270870
1403715391.762143135071 0.932656645775 0.085247576237 -0.865538537502 0.008066858165 0.372280031443 0.175569221377 0.911327600479
1403715391.812143087387 0.952846169472 0.081837348640 -0.865489780903 0.007886238396 0.368988335133 0.170694649220 0.913591146469
1403715391.862143039703 0.974585175514 0.078636974096 -0.867794156075 0.007004541345 0.364588797092 0.163969770074 0.916591465473
1403715391.912143230438 0.996328115463 0.071877166629 -0.870597898960 0.005120069720 0.360129594803 0.158505544066 0.919323921204
1403715391.962142944336 1.017240166664 0.066219627857 -0.871691942215 0.002630984643 0.356590420008 0.153314590454 0.921591579914
1403715392.012143135071 1.040036439896 0.060993235558 -0.873093307018 -0.001567256288 0.352813810110 0.151346951723 0.923371076584
1403715392.062143087387 1.063541889191 0.055010292679 -0.874207198620 -0.004586594179 0.349321961403 0.149131655693 0.925047576427
1403715392.112143278122 1.086868047714 0.049988985062 -0.876600563526 -0.006336689927 0.346108913422 0.148675754666 0.926317453384
1403715392.162142992020 1.108808517456 0.043497577310 -0.875001311302 -0.007955046371 0.344503343105 0.147897496819 0.927027761936
1403715392.212143182755 1.133223891258 0.037272483110 -0.876450061798 -0.007800529711 0.341065615416 0.146858870983 0.928464293480
1403715392.262143135071 1.156412482262 0.030330631882 -0.875740289688 -0.006478712428 0.337449342012 0.143979921937 0.930245041847
1403715392.312143087387 1.179548978806 0.023951249197 -0.875690340996 -0.003603029996 0.332307159901 0.141557142138 0.932480871677
1403715392.362143039703 1.204526901245 0.016211502254 -0.874915182590 0.000926048728 0.326293289661 0.136430189013 0.935370862484
1403715392.412143230438 1.228506922722 0.009282315150 -0.874182939529 0.009612851776 0.319705545902 0.130889862776 0.938383638859
1403715392.462142944336 1.253685712814 0.003843137994 -0.873293697834 0.020596377552 0.312302619219 0.124338984489 0.941585183144
1403715392.512143135071 1.276388168335 -0.003881067038 -0.870172262192 0.027701463550 0.305467188358 0.116621039808 0.944628000259
1403715392.562143087387 1.298450231552 -0.008563630283 -0.868338406086 0.031546600163 0.297062546015 0.110504940152 0.947917342186
1403715392.612143278122 1.318608880043 -0.012117426842 -0.864705741405 0.031833425164 0.288988798857 0.105132400990 0.951009631157
1403715392.662142992020 1.341584682465 -0.016784623265 -0.863759934902 0.032795406878 0.278834939003 0.100258238614 0.954528093338
1403715392.712143182755 1.364976286888 -0.021324820817 -0.865256845951 0.034422874451 0.267931550741 0.095640696585 0.958060920238
1403715392.762143135071 1.383376002312 -0.022919263691 -0.861970424652 0.035325907171 0.258498370647 0.090933464468 0.961073279381
1403715392.812143087387 1.402819275856 -0.026180906221 -0.860279023647 0.031143274158 0.248152926564 0.086414404213 0.964356184006
1403715392.862143039703 1.423416137695 -0.029812851921 -0.861265361309 0.025171220303 0.236222058535 0.083317890763 0.967793226242
1403715392.912143230438 1.442911505699 -0.030566528440 -0.860792100430 0.020947610959 0.224469467998 0.079234987497 0.971028566360
1403715392.962142944336 1.459504604340 -0.031317166984 -0.858000576496 0.016487147659 0.213852077723 0.073828220367 0.973932743073
1403715393.012143135071 1.476729631424 -0.036268964410 -0.857189416885 0.012317431159 0.202310636640 0.068885199726 0.976818084717
1403715393.062143087387 1.494838476181 -0.035318635404 -0.857156515121 0.011797974817 0.189370393753 0.064772322774 0.979696035385
1403715393.112143278122 1.511851429939 -0.039001081139 -0.854792892933 0.010053907521 0.177466347814 0.058721832931 0.982321918011
1403715393.162142992020 1.527996063232 -0.039802171290 -0.853541076183 0.010593540035 0.166064187884 0.050018761307 0.984788656235
1403715393.212143182755 1.543642282486 -0.045088868588 -0.849719405174 0.010025595315 0.154401600361 0.041045736521 0.987104296684
1403715393.262143135071 1.560298681259 -0.046455983073 -0.847625255585 0.012907592580 0.141384616494 0.033113446087 0.989316582680
1403715393.312143087387 1.573872089386 -0.046554975212 -0.845890939236 0.016523167491 0.128295779228 0.024706490338 0.991290450096
1403715393.362143039703 1.587557196617 -0.047764968127 -0.842973530293 0.019215177745 0.114737868309 0.017486898229 0.993055999279
1403715393.412143230438 1.601929903030 -0.050634242594 -0.839889168739 0.020553488284 0.100708596408 0.008942275308 0.994663476944
1403715393.462142944336 1.615796685219 -0.050970379263 -0.837161540985 0.022720515728 0.086861386895 0.000816038519 0.995960950851
1403715393.512143135071 1.625243663788 -0.050989337265 -0.834424734116 0.025890627876 0.073576621711 -0.007134804036 0.996927917004
1403715393.562143087387 1.637028694153 -0.050646558404 -0.832405686378 0.028720889241 0.059288922697 -0.015348385088 0.997709572315
1403715393.612143278122 1.645164608955 -0.053154785186 -0.829471707344 0.030238388106 0.044860165566 -0.021949300542 0.998294293880
1403715393.662142992020 1.651750922203 -0.055806621909 -0.827959060669 0.030839523301 0.029273448512 -0.024985652417 0.998783111572
1403715393.712143182755 1.658223628998 -0.054792784154 -0.825116932392 0.030572963879 0.012460491620 -0.026368044317 0.999107003212
1403715393.762143135071 1.664778828621 -0.055635236204 -0.822700381279 0.028485095128 -0.004763996229 -0.026891348884 0.999221086502
1403715393.812143087387 1.672387599945 -0.055414702743 -0.820947587490 0.025870880112 -0.021835498512 -0.027541702613 0.999047279358
1403715393.862143039703 1.676084518433 -0.058282732964 -0.820015966892 0.022646572441 -0.038039620966 -0.028871376067 0.998602330685
1403715393.912143230438 1.680531144142 -0.056243192405 -0.819504559040 0.021816801280 -0.052903003991 -0.033206507564 0.997808933258
1403715393.962142944336 1.684624671936 -0.055623792112 -0.817928433418 0.020545065403 -0.068452209234 -0.035388320684 0.996814906597
1403715394.012143135071 1.687501072884 -0.056421414018 -0.815528750420 0.020103160292 -0.083538815379 -0.038259234279 0.995566844940
1403715394.062143087387 1.691384673119 -0.056867197156 -0.814166128635 0.020248930901 -0.098854459822 -0.041976254433 0.994009971619
1403715394.112143278122 1.694896221161 -0.057691112161 -0.813313126564 0.019644055516 -0.113922052085 -0.046540465206 0.992204546928
1403715394.162142992020 1.696794271469 -0.056305386126 -0.811088025570 0.021234255284 -0.128254830837 -0.053284976631 0.990081071854
1403715394.212143182755 1.698963165283 -0.054543532431 -0.809475600719 0.022128349170 -0.143437966704 -0.058926805854 0.987655580044
1403715394.262143135071 1.701527357101 -0.053687311709 -0.808566749096 0.022803509608 -0.158813685179 -0.065018966794 0.984901428223
1403715394.312143087387 1.702630043030 -0.054036717862 -0.807891845703 0.024368265644 -0.174248918891 -0.070289932191 0.981887400150
1403715394.362143039703 1.703652501106 -0.054740361869 -0.806700587273 0.027170402929 -0.188884645700 -0.077931597829 0.978524923325
1403715394.412143230438 1.705903530121 -0.051922708750 -0.804902315140 0.031187113374 -0.204597756267 -0.084683604538 0.974677324295
1403715394.462142944336 1.707481622696 -0.052281234413 -0.804577946663 0.035746753216 -0.219512730837 -0.092371203005 0.970568895340
1403715394.512143135071 1.707832694054 -0.052399169654 -0.803652882576 0.039370257407 -0.233925729990 -0.099945202470 0.966302096844
1403715394.562143087387 1.709587335587 -0.051345933229 -0.804171502590 0.041808161885 -0.249295562506 -0.106425344944 0.961653530598
1403715394.612143278122 1.708405256271 -0.050942651927 -0.805631041527 0.042931150645 -0.264467269182 -0.112169720232 0.956886589527
1403715394.662142992020 1.709153652191 -0.050288364291 -0.806264758110 0.042689383030 -0.281078249216 -0.116363801062 0.951647043228
1403715394.712143182755 1.709287881851 -0.048677712679 -0.808068871498 0.041507482529 -0.297381371260 -0.121838532388 0.946042776108
1403715394.762143135071 1.707641601562 -0.047911748290 -0.810869097710 0.038493547589 -0.313117414713 -0.127435117960 0.940338253975
1403715394.812143087387 1.707204461098 -0.046267420053 -0.813451886177 0.035334102809 -0.328981339931 -0.133136555552 0.934236347675
1403715394.862143039703 1.706771492958 -0.045160844922 -0.816905260086 0.032717198133 -0.345646291971 -0.139435321093 0.927370488644
1403715394.912143230438 1.706478357315 -0.042603611946 -0.820417165756 0.030657151714 -0.361894637346 -0.146385356784 0.920143306255
1403715394.962142944336 1.706014275551 -0.040308132768 -0.822682559490 0.029212817550 -0.379419595003 -0.153116643429 0.911999285221
1403715395.012143135071 1.704694867134 -0.039488479495 -0.827076375484 0.027774924412 -0.396033227444 -0.161120682955 0.903563201427
1403715395.062143087387 1.701440572739 -0.035954922438 -0.830746889114 0.027311755344 -0.412674367428 -0.168224111199 0.894793033600
1403715395.112143278122 1.699738860130 -0.034311324358 -0.835666537285 0.027193669230 -0.429345071316 -0.175450652838 0.885517001152
1403715395.162142992020 1.697905540466 -0.030687063932 -0.841073215008 0.027244353667 -0.444519102573 -0.182212367654 0.876618087292
1403715395.212143182755 1.695664525032 -0.028883367777 -0.846111714840 0.025175113231 -0.459658354521 -0.187825292349 0.867641687393
1403715395.262143135071 1.694304704666 -0.029000133276 -0.851156771183 0.024356059730 -0.473900884390 -0.194182708859 0.858555674553
1403715395.312143087387 1.692317008972 -0.023535460234 -0.854650855064 0.025407427922 -0.486976265907 -0.199361741543 0.849978566170
1403715395.362143039703 1.688986778259 -0.021187126637 -0.857551395893 0.025053882971 -0.499305546284 -0.205101326108 0.841427206993
1403715395.412143230438 1.686916708946 -0.018481820822 -0.861536145210 0.024336136878 -0.510889053345 -0.209647566080 0.833335459232
1403715395.462142944336 1.682895660400 -0.012042731047 -0.865265727043 0.023814892396 -0.521515548229 -0.213911354542 0.825649023056
1403715395.512143135071 1.678879737854 -0.009225755930 -0.869198083878 0.022519154474 -0.531856179237 -0.217893093824 0.818012595177
1403715395.562143087387 1.675199747086 -0.005462974310 -0.874101638794 0.021468352526 -0.541765034199 -0.221184685826 0.810621440411
1403715395.612143278122 1.670474171638 -0.000720202923 -0.877333164215 0.020525839180 -0.551150023937 -0.223419040442 0.803676784039
1403715395.662142992020 1.667959332466 0.003819823265 -0.878926396370 0.020670652390 -0.560325443745 -0.226002067327 0.796574652195
1403715395.712143182755 1.661637067795 0.009218275547 -0.883370399475 0.020542090759 -0.567271947861 -0.230979129672 0.790208399296
1403715395.762143135071 1.657242655754 0.014112830162 -0.885355114937 0.021494109184 -0.575157940388 -0.234074428678 0.783543586731
1403715395.812143087387 1.651865243912 0.020036816597 -0.890115976334 0.023240318522 -0.581280291080 -0.238377749920 0.777656137943
1403715395.862143039703 1.644541025162 0.025143802166 -0.892957687378 0.022135017440 -0.587478339672 -0.239470645785 0.772679150105
1403715395.912143230438 1.637894630432 0.028811633587 -0.896100044250 0.019767191261 -0.592822134495 -0.239580959082 0.768617033958
1403715395.962142944336 1.631877899170 0.034900903702 -0.898516058922 0.017168268561 -0.597757339478 -0.237405031919 0.765526115894
1403715396.012143135071 1.625311732292 0.041029691696 -0.901462674141 0.014034922235 -0.602450847626 -0.234262138605 0.762874364853
1403715396.062143087387 1.618796229362 0.045128643513 -0.905935645103 0.010144226253 -0.606239855289 -0.229068249464 0.761510491371
1403715396.112143278122 1.611587882042 0.049938470125 -0.907438516617 0.007245254237 -0.609342634678 -0.224342197180 0.760473310947
1403715396.162142992020 1.604036331177 0.053086310625 -0.910795211792 0.005615320057 -0.611223101616 -0.220132738352 0.760208129883
1403715396.212143182755 1.596557617188 0.056437760592 -0.912093639374 0.005555063020 -0.611882090569 -0.217552170157 0.760421276093
1403715396.262143135071 1.589668750763 0.059019953012 -0.912803769112 0.008111728355 -0.611155748367 -0.217874035239 0.760890126228
1403715396.312143087387 1.582782864571 0.061066925526 -0.913364768028 0.012067527510 -0.608957529068 -0.221070259809 0.761677801609
1403715396.362143039703 1.573493003845 0.064425528049 -0.913082838058 0.017936473712 -0.606400012970 -0.224845841527 0.762497007847
1403715396.412143230438 1.567089319229 0.067741483450 -0.912853717804 0.022241249681 -0.604591429234 -0.227601855993 0.763001918793
1403715396.462142944336 1.561128497124 0.070938169956 -0.911292791367 0.026252530515 -0.602821290493 -0.231222555041 0.763186395168
1403715396.512143135071 1.553777217865 0.074557811022 -0.911033153534 0.030383870006 -0.602283835411 -0.234623745084 0.762418985367
1403715396.562143087387 1.547277450562 0.075304687023 -0.911198854446 0.032420240343 -0.603360652924 -0.236383318901 0.760938763618
1403715396.612143278122 1.539830684662 0.078054159880 -0.911811232567 0.034404814243 -0.604984462261 -0.238794431090 0.758806586266
1403715396.662142992020 1.533295035362 0.081220149994 -0.910742998123 0.036767233163 -0.608725130558 -0.239794120193 0.755381166935
1403715396.712143182755 1.526719331741 0.083658903837 -0.912305474281 0.037169437855 -0.612471699715 -0.241245105863 0.751862823963
1403715396.762143135071 1.520144462585 0.088277786970 -0.913512349129 0.035622656345 -0.616046249866 -0.241879507899 0.748807370663
1403715396.812143087387 1.513918161392 0.091355800629 -0.913988590240 0.032598845661 -0.620079278946 -0.242597267032 0.745376110077
1403715396.862143039703 1.508181571960 0.094616830349 -0.915470838547 0.029327481985 -0.623138129711 -0.244134455919 0.742453575134
1403715396.912143230438 1.502175807953 0.099143803120 -0.916223526001 0.026590682566 -0.625721871853 -0.246120542288 0.739722728729
1403715396.962142944336 1.495107769966 0.103428125381 -0.915382385254 0.022253686562 -0.627101242542 -0.250843286514 0.737106800079
1403715397.012143135071 1.488528966904 0.110212147236 -0.917575955391 0.017625208944 -0.627591252327 -0.254322946072 0.735621094704
1403715397.062143087387 1.480296730995 0.117021739483 -0.916418313980 0.014147418551 -0.628207802773 -0.258274495602 0.733790934086
1403715397.112143278122 1.473453760147 0.122111320496 -0.916399478912 0.010365338065 -0.629365086555 -0.260588616133 0.732042253017
1403715397.162142992020 1.466058969498 0.126834988594 -0.917991518974 0.005894680507 -0.630538046360 -0.260698765516 0.731042563915
1403715397.212143182755 1.456770896912 0.131916940212 -0.917824983597 0.001124312985 -0.632497191429 -0.259273111820 0.729879200459
1403715397.262143135071 1.447715878487 0.135584890842 -0.918367862701 -0.005142814014 -0.634680449963 -0.255992472172 0.729124248028
1403715397.312143087387 1.437587857246 0.139444947243 -0.917615771294 -0.009408706799 -0.637061893940 -0.251584470272 0.728538870811
1403715397.362143039703 1.427136421204 0.144242465496 -0.918008089066 -0.012304868549 -0.638743460178 -0.247926980257 0.728277146816
1403715397.412143230438 1.415876626968 0.148362636566 -0.916466474533 -0.014271336608 -0.640044212341 -0.245525866747 0.727912604809
1403715397.462142944336 1.404343843460 0.150793433189 -0.914353847504 -0.016683800146 -0.641124248505 -0.243855819106 0.727472126484
1403715397.512143135071 1.392291307449 0.153960764408 -0.912627816200 -0.017373010516 -0.641337692738 -0.243291959167 0.727456688881
1403715397.562143087387 1.378005146980 0.157906174660 -0.908208608627 -0.016684841365 -0.642309725285 -0.241547763348 0.727196335793
1403715397.612143278122 1.365102052689 0.158683538437 -0.904789566994 -0.016105260700 -0.643319785595 -0.239681154490 0.726934194565
1403715397.662142992020 1.351066112518 0.158678084612 -0.900933861732 -0.013188822195 -0.644213855267 -0.237833067775 0.726808130741
1403715397.712143182755 1.336086630821 0.158429116011 -0.896191239357 -0.008317635395 -0.645335793495 -0.235353827477 0.726691901684
1403715397.762143135071 1.320878148079 0.158780008554 -0.891437888145 -0.002735528396 -0.645402908325 -0.234154015779 0.727062225342
1403715397.812143087387 1.306694030762 0.156771063805 -0.885190248489 0.001406095107 -0.646159589291 -0.232147365808 0.727037429810
1403715397.862143039703 1.291517257690 0.152843594551 -0.878172993660 0.004432170186 -0.646442770958 -0.231728762388 0.726907074451
1403715397.912143230438 1.276004672050 0.152018249035 -0.872029304504 0.009905797429 -0.645624041557 -0.231908038259 0.727523326874
1403715397.962142944336 1.261309385300 0.148623287678 -0.865670323372 0.016594795510 -0.645560324192 -0.230434268713 0.727926194668
1403715398.012143135071 1.245590686798 0.146564364433 -0.859262347221 0.024384198710 -0.645028412342 -0.228988394141 0.728634417057
1403715398.062143087387 1.230487585068 0.143987834454 -0.849663138390 0.031412299722 -0.645390808582 -0.226790696383 0.728731751442
1403715398.112143278122 1.216163039207 0.141573578119 -0.842754006386 0.036972567439 -0.645024776459 -0.225026577711 0.729341566563
1403715398.162142992020 1.203192710876 0.140679180622 -0.835387587547 0.042231660336 -0.644626140594 -0.223644584417 0.729833364487
1403715398.212143182755 1.190357446671 0.139143794775 -0.826735615730 0.044668789953 -0.644037663937 -0.223264366388 0.730324029922
1403715398.262143135071 1.178824663162 0.137522101402 -0.820042967796 0.044774476439 -0.642428696156 -0.224113211036 0.731473863125
1403715398.312143087387 1.167108654976 0.137154638767 -0.811076164246 0.044176328927 -0.640759766102 -0.225997596979 0.732393741608
1403715398.362143039703 1.155585885048 0.136870414019 -0.802607178688 0.043962340802 -0.639054954052 -0.227967292070 0.733285069466
1403715398.412143230438 1.146034955978 0.136665135622 -0.796064138412 0.042074702680 -0.637748360634 -0.227571070194 0.734655201435
1403715398.462142944336 1.136234760284 0.136219084263 -0.787920713425 0.041572172195 -0.635850727558 -0.229988247156 0.735575318336
1403715398.512143135071 1.127545118332 0.136620759964 -0.780648589134 0.041820187122 -0.633865118027 -0.231314793229 0.736857891083
1403715398.562143087387 1.118965148926 0.136349976063 -0.774115562439 0.043121203780 -0.631837546825 -0.232805594802 0.738053858280
1403715398.612143278122 1.110979080200 0.135712116957 -0.767025828362 0.045417893678 -0.631116807461 -0.231310814619 0.739002108574
1403715398.662142992020 1.103591918945 0.135216176510 -0.761247754097 0.050529692322 -0.629635274410 -0.231439277530 0.739893257618
1403715398.712143182755 1.096318602562 0.134670794010 -0.755134165287 0.057029284537 -0.627995789051 -0.232029184699 0.740629076958
1403715398.762143135071 1.090482711792 0.134543269873 -0.749845981598 0.064089402556 -0.625910937786 -0.232999816537 0.741511404514
1403715398.812143087387 1.084943652153 0.134291231632 -0.744880497456 0.068946838379 -0.624306201935 -0.234161242843 0.742062389851
1403715398.862143039703 1.079994916916 0.135017812252 -0.740849614143 0.072911940515 -0.622764945030 -0.235812500119 0.742455482483
1403715398.912143230438 1.076595067978 0.135371118784 -0.737832844257 0.075587429106 -0.621956110001 -0.236461222172 0.742659568787
1403715398.962142944336 1.073873996735 0.134870320559 -0.736119449139 0.076023437083 -0.621712505817 -0.236827969551 0.742702245712
1403715399.012143135071 1.072035074234 0.135367155075 -0.734996914864 0.077083341777 -0.622003674507 -0.236788123846 0.742361724377
1403715399.062143087387 1.071372985840 0.136070281267 -0.735157907009 0.075821392238 -0.622676670551 -0.236394748092 0.742052912712
1403715399.112143278122 1.070468425751 0.137649923563 -0.735841453075 0.072702810168 -0.623789668083 -0.236226171255 0.741483628750
1403715399.162142992020 1.071318626404 0.138671904802 -0.737810373306 0.068877108395 -0.625578880310 -0.234484657645 0.740894019604
1403715399.212143182755 1.072380900383 0.140026777983 -0.740637540817 0.066509790719 -0.626890122890 -0.233792543411 0.740220427513
1403715399.262143135071 1.074051141739 0.142904758453 -0.743938744068 0.065423414111 -0.628420829773 -0.232224583626 0.739512503147
1403715399.312143087387 1.077401757240 0.143620848656 -0.746645510197 0.063414700329 -0.629132747650 -0.233711004257 0.738613367081
1403715399.362143039703 1.080295085907 0.147389858961 -0.751822650433 0.061803277582 -0.628372788429 -0.236404165626 0.738539814949
1403715399.412143230438 1.084447383881 0.150255203247 -0.756285011768 0.059282865375 -0.627630829811 -0.240386664867 0.738091766834
1403715399.462142944336 1.088429212570 0.152933984995 -0.761727392673 0.057662323117 -0.626857221127 -0.243610769510 0.737820446491
1403715399.512143135071 1.093463540077 0.156841009855 -0.766848683357 0.058590769768 -0.625637114048 -0.246725142002 0.737747967243
1403715399.562143087387 1.098996281624 0.159757941961 -0.773726463318 0.054571691900 -0.623857855797 -0.251448392868 0.737968146801
1403715399.612143278122 1.104657769203 0.163443565369 -0.781135082245 0.045278575271 -0.622589886189 -0.254135698080 0.738746702671
1403715399.662142992020 1.110299348831 0.167288810015 -0.789042651653 0.036546219140 -0.621322751045 -0.256495296955 0.739481389523
1403715399.712143182755 1.115966916084 0.170668303967 -0.797200500965 0.028618026525 -0.620035231113 -0.258272111416 0.740292429924
1403715399.762143135071 1.120384335518 0.174981147051 -0.805629074574 0.023442305624 -0.618532598019 -0.259920269251 0.741154074669
1403715399.812143087387 1.125052690506 0.178440392017 -0.814549922943 0.019868746400 -0.617354929447 -0.260615438223 0.741995751858
1403715399.862143039703 1.129209637642 0.181439578533 -0.823589444160 0.017451887950 -0.616520702839 -0.261625438929 0.742394626141
1403715399.912143230438 1.132706046104 0.184716939926 -0.832744956017 0.016089964658 -0.615286588669 -0.262685567141 0.743074655533
1403715399.962142944336 1.135600805283 0.188047677279 -0.842941641808 0.015557222068 -0.613014876842 -0.263655781746 0.744618296623
1403715400.012143135071 1.137099027634 0.190523117781 -0.853565573692 0.016454041004 -0.609440088272 -0.264444947243 0.747248888016
1403715400.062143087387 1.138469457626 0.192892432213 -0.863928854465 0.018500130624 -0.605831444263 -0.263503968716 0.750460982323
1403715400.112143278122 1.138645172119 0.196442306042 -0.873876452446 0.021569674835 -0.601592481136 -0.261959552765 0.754319846630
1403715400.162142992020 1.138569951057 0.197776079178 -0.885619163513 0.022631391883 -0.596185684204 -0.260159134865 0.759188830853
1403715400.212143182755 1.137767314911 0.200484514236 -0.895772457123 0.025046780705 -0.590231895447 -0.258328318596 0.764372587204
1403715400.262143135071 1.136016368866 0.203487187624 -0.907139837742 0.028735985979 -0.582079172134 -0.259302020073 0.770143210888
1403715400.312143087387 1.133380651474 0.206093162298 -0.918812394142 0.030880272388 -0.573663830757 -0.259029567242 0.776440560818
1403715400.362143039703 1.130838871002 0.208702057600 -0.930742442608 0.033284861594 -0.564756810665 -0.258445292711 0.783037602901
1403715400.412143230438 1.127058982849 0.212060153484 -0.943124592304 0.033717535436 -0.555480360985 -0.256834179163 0.790152490139
1403715400.462142944336 1.123933553696 0.215870171785 -0.958238899708 0.032995525748 -0.546441674232 -0.252549469471 0.797829210758
1403715400.512143135071 1.119086027145 0.218313664198 -0.970926403999 0.029859736562 -0.538331687450 -0.246259182692 0.805396735668
1403715400.562143087387 1.113147616386 0.223055362701 -0.985758244991 0.026477318257 -0.528531491756 -0.240076348186 0.813828468323
1403715400.612143278122 1.106597661972 0.227419674397 -0.999614715576 0.022370480001 -0.518640041351 -0.232615187764 0.822436749935
1403715400.662142992020 1.100478649139 0.233211785555 -1.015687584877 0.018385631964 -0.507223129272 -0.225642949343 0.831547915936
1403715400.712143182755 1.092045783997 0.238018989563 -1.031644582748 0.014542288147 -0.495041072369 -0.219347685575 0.840600669384
1403715400.762143135071 1.084006667137 0.242476612329 -1.044211626053 0.009978539310 -0.483836323023 -0.212073475122 0.849015772343
1403715400.812143087387 1.074916243553 0.248299658298 -1.058587312698 0.006762604229 -0.472541302443 -0.202195301652 0.857773900032
1403715400.862143039703 1.065022587776 0.253967672586 -1.074367046356 0.003692553844 -0.460909813643 -0.192109853029 0.866396188736
1403715400.912143230438 1.055740237236 0.259216338396 -1.087595939636 -0.001077580033 -0.450684189796 -0.183957353234 0.873522937298
1403715400.962142944336 1.048246860504 0.263446241617 -1.103376030922 -0.006007541437 -0.441961556673 -0.177414774895 0.879294037819
1403715401.012143135071 1.038120627403 0.269388437271 -1.116436481476 -0.010278219357 -0.433958321810 -0.170443862677 0.884603559971
1403715401.062143087387 1.024582505226 0.276072680950 -1.129141688347 -0.013451240025 -0.425602346659 -0.167793795466 0.889115810394
1403715401.112143278122 1.013543486595 0.281506180763 -1.141697406769 -0.014922983944 -0.419513434172 -0.165368840098 0.892434298992
1403715401.162142992020 1.001468181610 0.286255300045 -1.153585910797 -0.015446998179 -0.413071393967 -0.165150284767 0.895465731621
1403715401.212143182755 0.988215982914 0.289876878262 -1.163383483887 -0.015253824182 -0.407447844744 -0.166838169098 0.897729694843
1403715401.262143135071 0.975541591644 0.293512821198 -1.174676895142 -0.014394689351 -0.402425169945 -0.169887334108 0.899435997009
1403715401.312143087387 0.961286544800 0.296065568924 -1.183904647827 -0.013284822926 -0.398225009441 -0.171369984746 0.901039779186
1403715401.362143039703 0.947482407093 0.298681199551 -1.193596601486 -0.010934838094 -0.396136641502 -0.171176686883 0.902028143406
1403715401.412143230438 0.932897031307 0.300643622875 -1.201064348221 -0.008285360411 -0.395204961300 -0.169007793069 0.902873575687
1403715401.462142944336 0.916321158409 0.302987933159 -1.206316471100 -0.005215919577 -0.394691795111 -0.168517887592 0.903212547302
1403715401.512143135071 0.900312960148 0.302798300982 -1.214290380478 -0.002425668063 -0.395287483931 -0.165438055992 0.903533220291
1403715401.562143087387 0.882836461067 0.302546769381 -1.222035884857 -0.000871352502 -0.395718067884 -0.162458762527 0.903888046741
1403715401.612143278122 0.865195751190 0.301917105913 -1.229202389717 0.002779597882 -0.397519469261 -0.157390907407 0.903990387917
1403715401.662142992020 0.847848713398 0.300982236862 -1.235701322556 0.005815600511 -0.398415327072 -0.152744874358 0.904378473759
1403715401.712143182755 0.828946590424 0.299024671316 -1.240582466125 0.008670868352 -0.399477243423 -0.144033268094 0.905316054821
1403715401.762143135071 0.811736702919 0.296120315790 -1.249360561371 0.009794253856 -0.399266272783 -0.133654981852 0.906987845898
1403715401.812143087387 0.794262945652 0.294151514769 -1.252577662468 0.011708399281 -0.397093385458 -0.128076508641 0.908722281456
1403715401.862143039703 0.776209354401 0.293063372374 -1.255996704102 0.013342508115 -0.394014030695 -0.123595826328 0.910658538342
1403715401.912143230438 0.759983301163 0.292634993792 -1.257525682449 0.015609215945 -0.390650093555 -0.124203011394 0.911988198757
1403715401.962142944336 0.742791950703 0.290530711412 -1.260774612427 0.018437739462 -0.386621892452 -0.128118246794 0.913109719753
1403715402.012143135071 0.728154957294 0.288063585758 -1.262408018112 0.020706200972 -0.384180039167 -0.131840735674 0.913561701775
1403715402.062143087387 0.712793290615 0.287247955799 -1.262636542320 0.023119043559 -0.382093608379 -0.135831415653 0.913794159889
1403715402.112143278122 0.696045041084 0.286596029997 -1.268165707588 0.028408152983 -0.380663305521 -0.137753590941 0.913954317570
1403715402.162142992020 0.680383682251 0.283940970898 -1.267514467239 0.037241335958 -0.381093800068 -0.136513516307 0.913643598557
1403715402.212143182755 0.666095972061 0.282774478197 -1.268387556076 0.044478408992 -0.380997747183 -0.134482190013 0.913661301136
1403715402.262143135071 0.651616215706 0.281003504992 -1.271767258644 0.048367995769 -0.378788322210 -0.132806271315 0.914626955986
1403715402.312143087387 0.638951301575 0.280523717403 -1.272999048233 0.049051709473 -0.374933123589 -0.134926751256 0.915867865086
1403715402.362143039703 0.627552151680 0.280922472477 -1.273615360260 0.047741223127 -0.369196206331 -0.138304546475 0.917761862278
1403715402.412143230438 0.614255785942 0.280092000961 -1.276599407196 0.047539785504 -0.361215353012 -0.140951648355 0.920541226864
1403715402.462142944336 0.602034270763 0.280439913273 -1.279628515244 0.048969816417 -0.351869821548 -0.143596470356 0.923671841621
1403715402.512143135071 0.590901076794 0.280823260546 -1.280380964279 0.052991759032 -0.343028008938 -0.145524188876 0.926469862461
1403715402.562143087387 0.578011214733 0.280881285667 -1.282682180405 0.055455274880 -0.335729748011 -0.146458670497 0.928848803043
1403715402.612143278122 0.566390037537 0.281876802444 -1.287985682487 0.059551458806 -0.329372614622 -0.145765230060 0.930977880955
1403715402.662142992020 0.556644082069 0.283033311367 -1.289591431618 0.062354069203 -0.324945390224 -0.144849762321 0.932491838932
1403715402.712143182755 0.546338617802 0.284931600094 -1.291925191879 0.063963919878 -0.321663409472 -0.142867431045 0.933825552464
1403715402.762143135071 0.530204951763 0.285032451153 -1.302098512650 0.057975225151 -0.318536192179 -0.137953206897 0.936024844646
1403715402.812143087387 0.517139613628 0.288003355265 -1.308387398720 0.052258372307 -0.317916899920 -0.131751298904 0.937464416027
1403715402.862143039703 0.505447864532 0.290961325169 -1.315604686737 0.046498976648 -0.317371338606 -0.125396236777 0.938823223114
1403715402.912143230438 0.494492381811 0.293301880360 -1.323366165161 0.039991822094 -0.317913353443 -0.118731409311 0.939805686474
1403715402.962142944336 0.480623573065 0.296775728464 -1.330730557442 0.032174896449 -0.317216873169 -0.114554673433 0.940858900547
1403715403.012143135071 0.468553125858 0.301599711180 -1.336664438248 0.023850100115 -0.316914945841 -0.109663724899 0.941790878773
1403715403.062143087387 0.456721842289 0.302916109562 -1.346336483955 0.014185103588 -0.315550357103 -0.108181253076 0.942615330219
1403715403.112143278122 0.444802671671 0.305226325989 -1.352276802063 0.005823660642 -0.314660400152 -0.106539100409 0.943188428879
1403715403.162142992020 0.434467971325 0.307481527328 -1.358142733574 -0.001147625502 -0.314436703920 -0.105489842594 0.943398177624
1403715403.212143182755 0.423066973686 0.308078497648 -1.366200447083 -0.006213542074 -0.313686996698 -0.104377701879 0.943751633167
1403715403.262143135071 0.412115991116 0.308864265680 -1.371659398079 -0.008866745047 -0.312185823917 -0.107505470514 0.943877100945
1403715403.312143087387 0.402400791645 0.309741973877 -1.372475981712 -0.008788535371 -0.312283396721 -0.109984599054 0.943559885025
1403715403.362143039703 0.389804810286 0.309593319893 -1.379078388214 -0.007034002338 -0.309779584408 -0.112761616707 0.944072067738
1403715403.412143230438 0.380035430193 0.308526664972 -1.382400751114 -0.004985658452 -0.307609826326 -0.114384576678 0.944599151611
1403715403.462142944336 0.367972016335 0.306439489126 -1.384135007858 -0.003168473486 -0.303820103407 -0.114777259529 0.945785164833
1403715403.512143135071 0.356843352318 0.304893612862 -1.385332107544 -0.000925138535 -0.299095243216 -0.113157488406 0.947489678860
1403715403.562143087387 0.346592605114 0.302580028772 -1.385707378387 0.000487892743 -0.293481081724 -0.110501177609 0.949556827545
1403715403.612143278122 0.334449499846 0.302464723587 -1.382831454277 0.000083247956 -0.285909056664 -0.108393363655 0.952106595039
1403715403.662142992020 0.323221981525 0.298935949802 -1.383974313736 -0.001469304552 -0.277313947678 -0.105129964650 0.955009222031
1403715403.712143182755 0.311925709248 0.299027442932 -1.378476142883 -0.003993271384 -0.268707066774 -0.101667396724 0.957833170891
1403715403.762143135071 0.300389915705 0.296767055988 -1.377031207085 -0.007986198179 -0.259464859962 -0.095913916826 0.960944712162
1403715403.812143087387 0.289037615061 0.293886035681 -1.374112844467 -0.010746137239 -0.250040054321 -0.089648976922 0.964016377926
1403715403.862143039703 0.277293145657 0.290902197361 -1.368076205254 -0.012166733854 -0.240156605840 -0.083533741534 0.967056810856
1403715403.912143230438 0.265086621046 0.287639915943 -1.364371657372 -0.013198834844 -0.229146882892 -0.078249707818 0.970151782036
1403715403.962142944336 0.253912866116 0.283116191626 -1.359032630920 -0.013934669085 -0.218790113926 -0.072679392993 0.972961723804
1403715404.012143135071 0.242214784026 0.278863072395 -1.350925445557 -0.013228937984 -0.207528904080 -0.068423189223 0.975743293762
1403715404.062143087387 0.231070652604 0.273791879416 -1.343205094337 -0.009230836295 -0.196917176247 -0.064490243793 0.978253245354
1403715404.112143278122 0.220696538687 0.268755972385 -1.335676550865 -0.005039616954 -0.185334414244 -0.061798326671 0.980717480183
1403715404.162142992020 0.209203734994 0.263076066971 -1.326435208321 0.001122000162 -0.172336474061 -0.062494792044 0.983053088188
1403715404.212143182755 0.193030551076 0.255469143391 -1.321069478989 0.004665887449 -0.158962607384 -0.062927462161 0.985266089439
1403715404.262143135071 0.181062534451 0.248856559396 -1.313245296478 0.008882835507 -0.147496774793 -0.064524218440 0.986915647984
1403715404.312143087387 0.170709550381 0.244400069118 -1.301412343979 0.012322546914 -0.137878745794 -0.066920116544 0.988108992577
1403715404.362143039703 0.158337950706 0.238655179739 -1.292161822319 0.013199115172 -0.129896357656 -0.066470362246 0.989208996296
1403715404.412143230438 0.147238209844 0.234977841377 -1.282370090485 0.015333785675 -0.123455554247 -0.067365057766 0.989942193031
1403715404.462142944336 0.133510217071 0.228230103850 -1.274490356445 0.016744742170 -0.118413865566 -0.066991470754 0.990560412407
1403715404.512143135071 0.119569376111 0.223743200302 -1.263147830963 0.018854621798 -0.114181280136 -0.067397475243 0.990991830826
1403715404.562143087387 0.105005212128 0.219664365053 -1.253868341446 0.020756771788 -0.111226499081 -0.067553617060 0.991279125214
1403715404.612143278122 0.090544708073 0.215628355742 -1.246363162994 0.022395929322 -0.109332226217 -0.065787374973 0.991572976112
1403715404.662142992020 0.080427236855 0.217794820666 -1.235077381134 0.025066984817 -0.110685050488 -0.060997579247 0.991665124893
1403715404.712143182755 0.059033598751 0.211319342256 -1.224464058876 0.025451041758 -0.109942927957 -0.057447392493 0.991949915886
1403715404.762143135071 0.041529640555 0.206772997975 -1.214137911797 0.026618430391 -0.111017398536 -0.051167570055 0.992143392563
1403715404.812143087387 0.027644848451 0.204259812832 -1.204151153564 0.026267545298 -0.111547209322 -0.047005031258 0.992299258709
1403715404.862143039703 0.012907832861 0.203877270222 -1.197357535362 0.026348287240 -0.109406106174 -0.043040577322 0.992715299129
1403715404.912143230438 -0.000003987923 0.200347378850 -1.188640713692 0.026930790395 -0.107172906399 -0.038241397589 0.993139624596
1403715404.962142944336 -0.016388269141 0.197728678584 -1.180981874466 0.028169386089 -0.102340564132 -0.033101089299 0.993799388409
1403715405.012143135071 -0.040665976703 0.195529192686 -1.165664792061 0.029789336026 -0.094468072057 -0.026459153742 0.994730234146
1403715405.062143087387 -0.053761683404 0.197248712182 -1.157801628113 0.032499697059 -0.087547399104 -0.018683142960 0.995454728603
1403715405.112143278122 -0.067239142954 0.197824284434 -1.151392340660 0.033192105591 -0.079127490520 -0.008864325471 0.996272325516
1403715405.162142992020 -0.076722294092 0.190135762095 -1.145575881004 0.030423281714 -0.069925002754 -0.001315136673 0.997087359428
1403715405.212143182755 -0.095759138465 0.191148474813 -1.132102727890 0.029722074047 -0.056301355362 0.007729364559 0.997941434383
1403715405.262143135071 -0.092291355133 0.190551549196 -1.129123687744 0.027278304100 -0.045968107879 0.015212547965 0.998454511166
1403715405.312143087387 -0.103146687150 0.190964758396 -1.120015859604 0.026219939813 -0.031175870448 0.022095853463 0.998925626278
1403715405.362143039703 -0.115581966937 0.186431169510 -1.112047195435 0.023351995274 -0.014971641824 0.027213897556 0.999244689941
1403715405.412143230438 -0.125307798386 0.185047805309 -1.104225516319 0.020989978686 0.000950549787 0.031790651381 0.999273657799
1403715405.462142944336 -0.134183749557 0.184169948101 -1.096146106720 0.018361780792 0.016302244738 0.037551138550 0.998992979527
1403715405.512143135071 -0.142072170973 0.183675050735 -1.088753700256 0.016450874507 0.031853780150 0.043140653521 0.998425543308
1403715405.562143087387 -0.150367408991 0.181149557233 -1.081349730492 0.014144352637 0.047663655132 0.048539895564 0.997583091259
1403715405.612143278122 -0.158151254058 0.180516704917 -1.073953628540 0.012087446637 0.064801186323 0.051036432385 0.996518969536
1403715405.662142992020 -0.165711700916 0.180007457733 -1.068524122238 0.008824754506 0.081645034254 0.052346453071 0.995246767998
1403715405.712143182755 -0.173600375652 0.177816540003 -1.061087131500 0.005194377154 0.098027013242 0.054292056710 0.993688166142
1403715405.762143135071 -0.179245382547 0.180529534817 -1.051309823990 0.002852984937 0.112762153149 0.056516468525 0.992009341717
1403715405.812143087387 -0.185685053468 0.177950873971 -1.042558431625 -0.001095699496 0.128037095070 0.059414513409 0.989987492561
1403715405.862143039703 -0.193780317903 0.175183087587 -1.037814021111 -0.004711231682 0.142500162125 0.063353687525 0.987753927708
1403715405.912143230438 -0.202680081129 0.171441823244 -1.029321074486 -0.006034081336 0.157254576683 0.069188252091 0.985112965107
1403715405.962142944336 -0.207240149379 0.171171128750 -1.018915772438 -0.003397331340 0.171274200082 0.075129628181 0.982348799706
1403715406.012143135071 -0.211311146617 0.169946402311 -1.010999560356 0.000628614740 0.185877010226 0.080036960542 0.979307651520
1403715406.062143087387 -0.219071850181 0.167871251702 -1.000143527985 0.004690431990 0.201151520014 0.086548566818 0.975717902184
1403715406.112143278122 -0.223883107305 0.167177885771 -0.991081774235 0.007267788053 0.215681865811 0.091708682477 0.972120404243
1403715406.162142992020 -0.230234548450 0.165033698082 -0.980071842670 0.009247292764 0.230497598648 0.097919456661 0.968089461327
1403715406.212143182755 -0.234142988920 0.163668975234 -0.969907999039 0.010648843832 0.243856370449 0.104945763946 0.964057624340
1403715406.262143135071 -0.241988569498 0.163228869438 -0.961752235889 0.010382166132 0.258209913969 0.110300615430 0.959715366364
1403715406.312143087387 -0.252325713634 0.163507938385 -0.945946872234 0.010959361680 0.272073358297 0.116424649954 0.955144643784
1403715406.362143039703 -0.258928418159 0.163829073310 -0.934385538101 0.009917457588 0.284391582012 0.124854087830 0.950491786003
1403715406.412143230438 -0.262115240097 0.164088815451 -0.924251496792 0.008098313585 0.296397447586 0.132564201951 0.945785284042
1403715406.462142944336 -0.267792433500 0.163752153516 -0.914543867111 0.006800742820 0.307333052158 0.141962856054 0.940928637981
1403715406.512143135071 -0.270721018314 0.165272474289 -0.904330492020 0.005722770002 0.318343400955 0.149764552712 0.936053037643
1403715406.562143087387 -0.274672120810 0.166158199310 -0.894279301167 0.004457485862 0.329502284527 0.157227560878 0.930960774422
1403715406.612143278122 -0.277188956738 0.166871175170 -0.884030878544 0.004092724063 0.340439945459 0.163700073957 0.925897479057
1403715406.662142992020 -0.278602451086 0.168904870749 -0.873601615429 0.004245528020 0.351857066154 0.168769180775 0.920703887939
1403715406.712143182755 -0.281301438808 0.169199228287 -0.865507721901 0.004665362183 0.362812370062 0.174293771386 0.915405452251
1403715406.762143135071 -0.279471039772 0.172476515174 -0.853775203228 0.004842747934 0.375288963318 0.176467940211 0.909941673279
1403715406.812143087387 -0.280546069145 0.172880619764 -0.843243598938 0.005810617004 0.387352675200 0.179537534714 0.904262363911
1403715406.862143039703 -0.281145781279 0.174160778522 -0.834242880344 0.005496273749 0.399832904339 0.181528121233 0.898415863514
1403715406.912143230438 -0.281552016735 0.174384117126 -0.823966860771 0.005018934142 0.411797016859 0.184613123536 0.892365396023
1403715406.962142944336 -0.280596882105 0.176065146923 -0.813822031021 0.005242729094 0.424042344093 0.186515346169 0.886212527752
1403715407.012143135071 -0.281196206808 0.175538927317 -0.808781504631 0.003900496289 0.434601962566 0.190304875374 0.880278348923
1403715407.062143087387 -0.279297322035 0.176477462053 -0.800347268581 0.003342848970 0.444854080677 0.194730997086 0.874170243740
1403715407.112143278122 -0.275792241096 0.177944570780 -0.790742337704 0.001778781996 0.454890310764 0.199650794268 0.867877483368
1403715407.162142992020 -0.274291455746 0.177750304341 -0.783416032791 -0.000828823366 0.463811010122 0.205004677176 0.861888468266
1403715407.212143182755 -0.271464794874 0.178518056870 -0.774684190750 -0.006223258097 0.471118509769 0.210015431046 0.856680929661
1403715407.262143135071 -0.268988668919 0.179390862584 -0.768007397652 -0.010621713474 0.475946038961 0.215515688062 0.852593421936
1403715407.312143087387 -0.265395492315 0.179473415017 -0.759189844131 -0.017555767670 0.481545567513 0.218521744013 0.848559975624
1403715407.362143039703 -0.260835498571 0.179861798882 -0.751256167889 -0.021615339443 0.485064893961 0.221199005842 0.845763444901
1403715407.412143230438 -0.255580216646 0.178535312414 -0.742581725121 -0.024423675612 0.488922238350 0.221959874034 0.843262910843
1403715407.462142944336 -0.250902593136 0.177144706249 -0.730957269669 -0.023162873462 0.492153137922 0.222239121795 0.841343283653
1403715407.512143135071 -0.244006425142 0.175596222281 -0.721805095673 -0.022901406512 0.495577126741 0.220597907901 0.839771032333
1403715407.562143087387 -0.236013859510 0.173392966390 -0.714239358902 -0.021145846695 0.497247904539 0.220631659031 0.838820040226
1403715407.612143278122 -0.226495176554 0.171325504780 -0.705558776855 -0.018759481609 0.498910188675 0.218837693334 0.838359594345
1403715407.662142992020 -0.216855585575 0.168644219637 -0.696831822395 -0.017681211233 0.501387894154 0.214299082756 0.838077306747
1403715407.712143182755 -0.207003697753 0.165427133441 -0.687897920609 -0.016710536554 0.504219770432 0.206599593163 0.838331639767
1403715407.762143135071 -0.196937963367 0.161316081882 -0.679586291313 -0.016005426645 0.506021916866 0.200130730867 0.838828563690
1403715407.812143087387 -0.187142446637 0.157885074615 -0.671247243881 -0.015602336265 0.506669521332 0.195991724730 0.839422225952
1403715407.862143039703 -0.175381496549 0.153404086828 -0.660464584827 -0.015449572355 0.507263362408 0.192357689142 0.839907050133
1403715407.912143230438 -0.166968882084 0.147829413414 -0.653034627438 -0.013715069741 0.506200432777 0.192578330636 0.840527594090
1403715407.962142944336 -0.155857041478 0.143207758665 -0.637218296528 -0.012036114000 0.506084442139 0.193001672626 0.840526044369
1403715408.012143135071 -0.143379464746 0.134031862020 -0.627019226551 -0.009622545913 0.505170702934 0.194732964039 0.840707480907
1403715408.062143087387 -0.133694767952 0.127954676747 -0.618756473064 -0.008743942715 0.504213750362 0.195459619164 0.841122865677
1403715408.112143278122 -0.124357968569 0.122626587749 -0.622249126434 -0.006166659296 0.501134335995 0.196213886142 0.842808604240
1403715408.162142992020 -0.110543489456 0.106201007962 -0.605551719666 -0.005389166996 0.501445233822 0.197324767709 0.842369616032
1403715408.212143182755 -0.099332347512 0.092522114515 -0.596423983574 -0.002598568331 0.500497043133 0.198419138789 0.842689692974
1403715408.262143135071 -0.090499401093 0.073785617948 -0.594374418259 -0.003053576453 0.499110609293 0.198970288038 0.843380153179
1403715408.312143087387 -0.076029345393 0.057608224452 -0.576926052570 -0.002302807756 0.499584704638 0.200262024999 0.842795968056
1403715408.362143039703 -0.065072581172 0.048387829214 -0.566710710526 0.000250826764 0.499179899693 0.200380474329 0.843010723591
1403715408.412143230438 -0.054449513555 0.045157633722 -0.558177232742 0.003849343630 0.498080998659 0.198340713978 0.844133555889
1403715408.462142944336 -0.044276431203 0.034899316728 -0.552886843681 0.006977844983 0.495692580938 0.196111828089 0.846038043499
1403715408.512143135071 -0.031098991632 0.030380953103 -0.534372568130 0.012691522948 0.493958234787 0.192730456591 0.847761273384
1403715408.562143087387 -0.022402524948 0.031867306679 -0.517523229122 0.018314432353 0.490793973207 0.187636852264 0.850634038448
1403715408.612143278122 -0.010956645012 0.026699542999 -0.512872874737 0.022417211905 0.484604895115 0.182680711150 0.855151116848
1403715408.662142992020 -0.001628354192 0.025817863643 -0.501152634621 0.026187837124 0.478814154863 0.175539255142 0.859789013863
1403715408.712143182755 0.005956515670 0.022519227117 -0.489428222179 0.029659435153 0.471587717533 0.169927388430 0.864783287048
1403715408.762143135071 0.014416098595 0.018251867965 -0.476366311312 0.032470624894 0.462761551142 0.165784716606 0.870237290859
1403715408.812143087387 0.021380975842 0.011613242328 -0.467385917902 0.033287163824 0.452731072903 0.160707831383 0.876412928104
1403715408.862143039703 0.029182076454 0.012493908405 -0.457340776920 0.035109825432 0.441047430038 0.156945303082 0.882956802845
1403715408.912143230438 0.034940153360 0.006834993139 -0.449125379324 0.035377744585 0.428614705801 0.153360426426 0.889673233032
1403715408.962142944336 0.041384994984 0.005463041365 -0.439349919558 0.035274509341 0.415848493576 0.148418605328 0.896547615528
1403715409.012143135071 0.047030270100 0.001987617463 -0.428752213717 0.036130025983 0.403068542480 0.143100932240 0.903190195560
1403715409.062143087387 0.050360783935 -0.001403710805 -0.418033957481 0.036424260587 0.389938354492 0.138617396355 0.909618914127
1403715409.112143278122 0.050531163812 -0.012265542522 -0.406375467777 0.035924579948 0.376738876104 0.136162787676 0.915552854538
1403715409.162142992020 0.056788221002 -0.008645851165 -0.405976891518 0.038473583758 0.361475706100 0.134075433016 0.921888768673
1403715409.212143182755 0.059332080185 -0.010580010712 -0.398211419582 0.039199449122 0.349687546492 0.132836446166 0.926572442055
1403715409.262143135071 0.062052711844 -0.017944229767 -0.391608953476 0.036368031055 0.339912921190 0.132538601756 0.930360257626
1403715409.312143087387 0.063461594284 -0.021785087883 -0.389119476080 0.035815745592 0.330837011337 0.132282480597 0.933683812618
1403715409.362143039703 0.067591935396 -0.024412244558 -0.387251913548 0.035735461861 0.323456197977 0.130841225386 0.936471939087
1403715409.412143230438 0.070033669472 -0.028800712898 -0.384409874678 0.035090833902 0.318503111601 0.128621056676 0.938499331474
1403715409.462142944336 0.072503201663 -0.034702584147 -0.381684839725 0.034743931144 0.315548628569 0.125321969390 0.939955472946
1403715409.512143135071 0.074694596231 -0.041692212224 -0.380145937204 0.034127406776 0.314557790756 0.120859250426 0.940894126892
1403715409.562143087387 0.076836250722 -0.046515248716 -0.379744976759 0.031357262284 0.315862685442 0.116365127265 0.941119909286
1403715409.612143278122 0.079188138247 -0.050994813442 -0.376928925514 0.027371753007 0.317288756371 0.116958260536 0.940690934658
1403715409.662142992020 0.080608598888 -0.054920196533 -0.378368675709 0.024168679491 0.317983716726 0.119299374521 0.940249919891
1403715409.712143182755 0.081441864371 -0.061462540179 -0.376993507147 0.018354898319 0.319492787123 0.122744828463 0.939426004887
1403715409.762143135071 0.084929935634 -0.065498538315 -0.378351688385 0.012982322834 0.320040494204 0.126266092062 0.938862323761
1403715409.812143087387 0.085571482778 -0.070615865290 -0.379322320223 0.007292712107 0.321754187346 0.129235386848 0.937933504581
1403715409.862143039703 0.087061531842 -0.077435061336 -0.379051923752 0.001918945229 0.323751330376 0.131656542420 0.936935424805
1403715409.912143230438 0.090119764209 -0.082986086607 -0.379044800997 -0.004146513995 0.325001031160 0.135458767414 0.935953080654
1403715409.962142944336 0.090851247311 -0.088397949934 -0.377454847097 -0.009118381888 0.327747821808 0.137433722615 0.934671223164
1403715410.012143135071 0.093990109861 -0.094840973616 -0.377160459757 -0.012678842992 0.329435199499 0.140430867672 0.933590292931
1403715410.062143087387 0.096927434206 -0.100962460041 -0.375175803900 -0.013738352805 0.331603258848 0.142304211855 0.932523488998
1403715410.112143278122 0.099835835397 -0.106987804174 -0.374143451452 -0.011629728600 0.334252297878 0.141684517264 0.931700468063
1403715410.162142992020 0.104060612619 -0.115566179156 -0.371691226959 -0.007877646014 0.337244182825 0.139691352844 0.930962204933
1403715410.212143182755 0.106875680387 -0.120875582099 -0.367475181818 -0.003150485456 0.339842617512 0.138371542096 0.930242121220
1403715410.262143135071 0.111113354564 -0.125956818461 -0.363860636950 0.001253109658 0.341902881861 0.136939913034 0.929703354836
1403715410.312143087387 0.113778084517 -0.127683535218 -0.356514096260 0.005449953023 0.344441443682 0.135239034891 0.928999900818
1403715410.362143039703 0.117903329432 -0.133696243167 -0.352278113365 0.006438626442 0.345423012972 0.134190857410 0.928781092167
1403715410.412143230438 0.123929359019 -0.131095796824 -0.347862184048 0.008844604716 0.346046417952 0.132822766900 0.928725898266
1403715410.462142944336 0.126189291477 -0.131922334433 -0.340001463890 0.008032385260 0.347457438707 0.130124598742 0.928588449955
1403715410.512143135071 0.129892408848 -0.130477607250 -0.334737390280 0.007432874292 0.348705947399 0.126350522041 0.928646624088
1403715410.562143087387 0.132406473160 -0.132745534182 -0.327671170235 0.006260947790 0.350034326315 0.122845880687 0.928625702858
1403715410.612143278122 0.137725353241 -0.132114529610 -0.323620647192 0.005961637478 0.348999887705 0.121119506657 0.929243564606
1403715410.662142992020 0.139697089791 -0.133095338941 -0.318133473396 0.006223904435 0.348798781633 0.119527831674 0.929523408413
1403715410.712143182755 0.142194703221 -0.134557962418 -0.309253692627 0.007400273345 0.348078131676 0.119988933206 0.929725527763
1403715410.762143135071 0.145436584949 -0.137043207884 -0.304595500231 0.011903265491 0.346521675587 0.119712777436 0.930295586586
1403715410.812143087387 0.146892994642 -0.139974206686 -0.295919120312 0.019297402352 0.345709085464 0.119231171906 0.930535733700
1403715410.862143039703 0.149958819151 -0.143097653985 -0.292217820883 0.025318825617 0.344188302755 0.117078356445 0.931228280067
1403715410.912143230438 0.152012512088 -0.145130321383 -0.286546230316 0.030168369412 0.341574072838 0.117785699666 0.931956827641
1403715410.962142944336 0.152718722820 -0.148044064641 -0.279864102602 0.029434289783 0.339932173491 0.117173969746 0.932657539845
1403715411.012143135071 0.151647239923 -0.146836742759 -0.272834956646 0.027973605320 0.337101906538 0.119145624340 0.933479547501
1403715411.062143087387 0.150100231171 -0.146469488740 -0.265596419573 0.025393590331 0.334489226341 0.120479971170 0.934321522713
1403715411.112143278122 0.149544775486 -0.146846681833 -0.259552031755 0.021760024130 0.331527411938 0.121924579144 0.935280978680
1403715411.162142992020 0.149496495724 -0.147489354014 -0.257638335228 0.019754117355 0.327289313078 0.125174060464 0.936388254166
1403715411.212143182755 0.147991433740 -0.148977652192 -0.249758690596 0.019207263365 0.324479758739 0.128845274448 0.936879336834
1403715411.262143135071 0.147690847516 -0.150701105595 -0.246442735195 0.019024055451 0.320973962545 0.131955876946 0.937657415867
1403715411.312143087387 0.145718783140 -0.151539370418 -0.240775421262 0.021584818140 0.319170892239 0.133705943823 0.937969505787
1403715411.362143039703 0.143460214138 -0.151625320315 -0.234734997153 0.025648476556 0.318108677864 0.133900061250 0.938200294971
1403715411.412143230438 0.143394738436 -0.152824819088 -0.232152566314 0.030678128824 0.316163450480 0.134884893894 0.938565731049
1403715411.462142944336 0.141241937876 -0.152898028493 -0.227009683847 0.036475528032 0.315263599157 0.134621769190 0.938698768616
1403715411.512143135071 0.141649872065 -0.152904137969 -0.225175336003 0.038718901575 0.314111381769 0.133442074060 0.939163506031
1403715411.562143087387 0.140451028943 -0.152299538255 -0.222044944763 0.037161551416 0.313483774662 0.131784841418 0.939670026302
1403715411.612143278122 0.140062749386 -0.151506409049 -0.220573306084 0.034167546779 0.312696427107 0.130102992058 0.940280199051
1403715411.662142992020 0.138018816710 -0.150876253843 -0.218119174242 0.030216658488 0.312526792288 0.128801047802 0.940650999546
1403715411.712143182755 0.135293692350 -0.150281533599 -0.215783491731 0.027454862371 0.312637627125 0.127076029778 0.940933346748
1403715411.762143135071 0.136135622859 -0.149339690804 -0.215869590640 0.025073165074 0.311396688223 0.125914990902 0.941567242146
1403715411.812143087387 0.133717089891 -0.148747935891 -0.215469896793 0.024127811193 0.311495125294 0.124213770032 0.941785335541
1403715411.862143039703 0.132532238960 -0.147019892931 -0.215095162392 0.023316415027 0.310922354460 0.123862922192 0.942041218281
1403715411.912143230438 0.130501493812 -0.143824651837 -0.213303342462 0.023867445067 0.310697674751 0.123485468328 0.942151129246
1403715411.962142944336 0.127870157361 -0.143071532249 -0.213396221399 0.023929810151 0.310311555862 0.124173559248 0.942186295986
1403715412.012143135071 0.127617716789 -0.140550702810 -0.215424850583 0.024316487834 0.309021830559 0.125038340688 0.942485928535
1403715412.062143087387 0.123586550355 -0.139113232493 -0.213483765721 0.023672396317 0.309680521488 0.125605449080 0.942210674286
1403715412.112143278122 0.123206704855 -0.138646408916 -0.214971616864 0.022738894448 0.308712631464 0.126010477543 0.942497134209
1403715412.162142992020 0.120439723134 -0.135532036424 -0.214996382594 0.021216915920 0.309179276228 0.125823765993 0.942404627800
1403715412.212143182755 0.118774548173 -0.133753672242 -0.216477379203 0.019947398454 0.309165507555 0.126034170389 0.942408740520
1403715412.262143135071 0.116989165545 -0.130408748984 -0.218524217606 0.019240451977 0.309009552002 0.125763371587 0.942510783672
1403715412.312143087387 0.114732623100 -0.129675731063 -0.218516498804 0.017894616351 0.309380680323 0.126026079059 0.942380368710
1403715412.362143039703 0.112684592605 -0.127431184053 -0.220256581903 0.017078606412 0.309386819601 0.126350373030 0.942350089550
1403715412.412143230438 0.110715493560 -0.124792404473 -0.221502944827 0.016693070531 0.309435486794 0.126770541072 0.942284584045
1403715412.462142944336 0.108482763171 -0.123963207006 -0.221344888210 0.014665620402 0.309644401073 0.128039821982 0.942078113556
1403715412.512143135071 0.106238961220 -0.122751556337 -0.223453342915 0.012965457514 0.309412389994 0.128830179572 0.942071497440
1403715412.562143087387 0.103821478784 -0.122242778540 -0.223708599806 0.010774793103 0.309661298990 0.129323244095 0.941949784756
1403715412.612143278122 0.101269930601 -0.118217773736 -0.224522471428 0.010442811996 0.310400247574 0.128722041845 0.941792607307
1403715412.662142992020 0.100764811039 -0.117476575077 -0.227974623442 0.009147694334 0.309607416391 0.128779962659 0.942059040070
1403715412.712143182755 0.098068699241 -0.117485597730 -0.227592423558 0.006488604005 0.310195088387 0.128547191620 0.941919624805
1403715412.762143135071 0.098100647330 -0.116320878267 -0.230628043413 0.005251974799 0.309709429741 0.128251135349 0.942127466202
1403715412.812143087387 0.095623441041 -0.113883242011 -0.232409700751 0.004598528612 0.309811085463 0.128289774060 0.942092180252
1403715412.862143039703 0.094799838960 -0.113515943289 -0.233231157064 0.003478205996 0.309549272060 0.128300011158 0.942181646824
1403715412.912143230438 0.093604475260 -0.112719252706 -0.233352273703 0.003053446999 0.309966564178 0.127891808748 0.942101478577
1403715412.962142944336 0.092993542552 -0.111355714500 -0.234814405441 0.004136010539 0.310113757849 0.127620980144 0.942085623741
1403715413.012143135071 0.090444095433 -0.111776307225 -0.234783560038 0.005827979185 0.311386585236 0.126728013158 0.941777288914
1403715413.062143087387 0.089798443019 -0.109611868858 -0.233915179968 0.007414840627 0.312307417393 0.125485613942 0.941627562046
1403715413.112143278122 0.089452609420 -0.104067668319 -0.235186189413 0.009908273816 0.312163621187 0.124801106751 0.941743314266
1403715413.162142992020 0.088715538383 -0.101439751685 -0.234084129333 0.011038151570 0.312491476536 0.124284170568 0.941690385342
1403715413.212143182755 0.086912035942 -0.098872497678 -0.231710061431 0.011017597280 0.313331216574 0.123206585646 0.941553175449
1403715413.262143135071 0.085855051875 -0.095076732337 -0.229308545589 0.011346519925 0.313283801079 0.123808063567 0.941486120224
1403715413.312143087387 0.083612777293 -0.084813646972 -0.226746946573 0.014801279642 0.312643468380 0.125576302409 0.941416800022
1403715413.362143039703 0.082994654775 -0.079278469086 -0.223337829113 0.016647748649 0.311307698488 0.129340022802 0.941319048405
1403715413.412143230438 0.079864658415 -0.072017781436 -0.218594044447 0.018897209316 0.310767650604 0.132366612554 0.941034257412
1403715413.462142944336 0.078655749559 -0.068403087556 -0.217614859343 0.019466644153 0.309878557920 0.135405793786 0.940883457661
1403715413.512143135071 0.078414656222 -0.060170114040 -0.217144474387 0.021380782127 0.308737486601 0.136908754706 0.940999507904
1403715413.562143087387 0.076695993543 -0.054807513952 -0.214946880937 0.021168436855 0.309485793114 0.136285692453 0.940848946571
1403715413.612143278122 0.076703898609 -0.049053043127 -0.213391080499 0.021303975955 0.310200184584 0.134333506227 0.940891325474
1403715413.662142992020 0.075855910778 -0.045588381588 -0.213014528155 0.021185347810 0.311417907476 0.132420107722 0.940762996674
1403715413.712143182755 0.073471069336 -0.041009403765 -0.212976112962 0.021062923595 0.313159525394 0.128805726767 0.940689384937
1403715413.762143135071 0.073182329535 -0.036610037088 -0.213746264577 0.019506696612 0.314004421234 0.126487046480 0.940755963326
1403715413.812143087387 0.074323818088 -0.031154943630 -0.214742034674 0.018106771633 0.314280450344 0.125525787473 0.940820574760
1403715413.862143039703 0.071604959667 -0.024672865868 -0.210867360234 0.017055049539 0.315759271383 0.124527871609 0.940477550030
1403715413.912143230438 0.069940641522 -0.016738582402 -0.209138885140 0.017617952079 0.316677927971 0.123354218900 0.940312922001
1403715413.962142944336 0.068076483905 -0.011995483190 -0.203904271126 0.018118370324 0.317944884300 0.121590800583 0.940105557442
1403715414.012143135071 0.063882187009 -0.008762490936 -0.203969240189 0.016552882269 0.319030016661 0.120799012482 0.939868867397
1403715414.062143087387 0.067562825978 0.001791296061 -0.212411925197 0.017247792333 0.316504955292 0.120441481471 0.940755546093
1403715414.112143278122 0.068859562278 -0.006787580438 -0.220854371786 0.010112065822 0.315372765064 0.120786085725 0.941195249557
1403715414.162142992020 0.065278127789 -0.000884220004 -0.220463111997 0.007256048732 0.315299808979 0.122638486326 0.941006481647
1403715414.212143182755 0.061014574021 -0.006951400079 -0.216436728835 -0.000310135423 0.316009581089 0.125421792269 0.940429270267
1403715414.262143135071 0.059234905988 0.007482018322 -0.217526063323 -0.001090082689 0.315045744181 0.126703068614 0.940580308437
1403715414.312143087387 0.058703549206 0.007665557787 -0.217709168792 -0.005331002641 0.314080238342 0.129248559475 0.940542399883
1403715414.362143039703 0.054815039039 0.005491155200 -0.219539806247 -0.009957932867 0.314417451620 0.129655718803 0.940336108208
1403715414.412143230438 0.053591631353 -0.005936486647 -0.217066541314 -0.014270094223 0.315551698208 0.128825843334 0.940014541149
1403715414.462142944336 0.051480550319 -0.005750908982 -0.218933761120 -0.013203576207 0.315982431173 0.127806439996 0.940024673939
1403715414.512143135071 0.052108388394 -0.004258996341 -0.218078956008 -0.010971639305 0.316160500050 0.126333743334 0.940192520618
1403715414.562143087387 0.049110423774 -0.011621061713 -0.215873554349 -0.009845733643 0.317599624395 0.124536782503 0.939959704876
1403715414.612143278122 0.051864612848 -0.011236409657 -0.216679334641 -0.005529128481 0.317600369453 0.121752791107 0.940359354019
1403715414.662142992020 0.049795579165 -0.005868352950 -0.209545478225 0.000461949967 0.318061590195 0.122491076589 0.940123736858
1403715414.712143182755 0.046686280519 -0.007438146044 -0.203527167439 0.004844039679 0.318635106087 0.124049209058 0.939712703228
1403715414.762143135071 0.046155054122 -0.004989161156 -0.205290734768 0.008682105690 0.317154407501 0.126605883241 0.939845025539
1403715414.812143087387 0.047474939376 -0.004853723105 -0.200086504221 0.011182430200 0.316149115562 0.130857691169 0.939574897289
1403715414.862143039703 0.045736324042 -0.006482207682 -0.196006998420 0.013196766376 0.314744502306 0.136670157313 0.939192771912
1403715414.912143230438 0.042296271771 -0.000242584385 -0.188277870417 0.018304683268 0.314066648483 0.143304467201 0.938344836235
1403715414.962142944336 0.042300328612 0.004969613627 -0.186269447207 0.021432973444 0.312251031399 0.148346498609 0.938100874424
1403715415.012143135071 0.039911616594 -0.002440491691 -0.184490025043 0.020433150232 0.311817944050 0.153925612569 0.937368094921
1403715415.062143087387 0.040966778994 0.011927798390 -0.176904767752 0.026088194922 0.311211377382 0.156984046102 0.936922013760
1403715415.112143278122 0.042253911495 -0.001368962694 -0.179453432560 0.021042754874 0.311645269394 0.158648625016 0.936624348164
1403715415.162142992020 0.036369517446 0.022692747414 -0.162359267473 0.030173359439 0.314288586378 0.161573842168 0.934989929199
1403715415.212143182755 0.038530554622 0.025267593563 -0.163018807769 0.030265640467 0.315463036299 0.161902919412 0.934534370899
1403715415.262143135071 0.043157488108 0.030363557860 -0.164348423481 0.030102614313 0.316392511129 0.160006389022 0.934552073479
1403715415.312143087387 0.041226059198 0.014285316691 -0.165211319923 0.021714730188 0.321538895369 0.154270082712 0.933992505074
1403715415.362143039703 0.046025004238 0.045251540840 -0.161671355367 0.027387820184 0.324451506138 0.146695211530 0.934056580067
1403715415.412143230438 0.045931942761 0.030186096206 -0.157582089305 0.019930064678 0.330479711294 0.139691740274 0.933205366135
1403715415.462142944336 0.050167400390 0.036606214941 -0.160428568721 0.015587923117 0.334415227175 0.131641283631 0.933056294918
1403715415.512143135071 0.051013797522 0.057183887810 -0.168867617846 0.019321827218 0.335233628750 0.126809373498 0.933361887932
1403715415.562143087387 0.053087078035 0.040067333728 -0.165790721774 0.012349023484 0.339101344347 0.122593887150 0.932645976543
1403715415.612143278122 0.054671552032 0.052485380322 -0.163298487663 0.015969760716 0.340910643339 0.120452530682 0.932210326195
1403715415.662142992020 0.055414423347 0.040603976697 -0.169159889221 0.010083569214 0.342606574297 0.118610374629 0.931906998158
1403715415.712143182755 0.055264435709 0.031084129587 -0.186072587967 0.002327207476 0.342325210571 0.117324724793 0.932224750519
1403715415.762143135071 0.059268355370 0.044906411320 -0.175124570727 0.006848436315 0.341946810484 0.119564011693 0.932056844234
1403715415.812143087387 0.054375670850 0.051624055952 -0.152588069439 0.012421725318 0.345683157444 0.118825405836 0.930714488029
1403715415.862143039703 0.056692704558 0.066197276115 -0.156826570630 0.019003970549 0.344008594751 0.118009567261 0.931327402592
1403715415.912143230438 0.051329292357 0.039786025882 -0.156467959285 0.012427722104 0.346710026264 0.118218332529 0.930409669876
1403715415.962142944336 0.048290286213 0.044541221112 -0.149795606732 0.015168126673 0.346833825111 0.119165271521 0.930202126503
1403715416.012143135071 0.047859806567 0.042408786714 -0.147201210260 0.010533656925 0.346617162228 0.117999099195 0.930495440960
1403715416.062143087387 0.049260381609 0.039676390588 -0.156638965011 0.008575225249 0.346747756004 0.116279862821 0.930683314800
1403715416.112143278122 0.049185775220 0.040110480040 -0.150167509913 0.009828788228 0.348290860653 0.116529911757 0.930063307285
1403715416.162142992020 0.048005398363 0.040797851980 -0.148731708527 0.010582360439 0.348488360643 0.116656452417 0.929965198040
1403715416.212143182755 0.048255261034 0.041727729142 -0.151449352503 0.009287991561 0.347544074059 0.118347205222 0.930118680000
1403715416.262143135071 0.048141587526 0.043637651950 -0.150965377688 0.008920575492 0.347102582455 0.119617685676 0.930124640465
1403715416.312143087387 0.047991629690 0.044890101999 -0.150314673781 0.009629942477 0.347082346678 0.120287992060 0.930038630962
1403715416.362143039703 0.048047281802 0.044841259718 -0.150335967541 0.008800916374 0.346961736679 0.120148897171 0.930109858513
1403715416.412143230438 0.048375915736 0.044776767492 -0.150414720178 0.008568978868 0.346523076296 0.120720930398 0.930201530457
1403715416.462142944336 0.048482086509 0.045572008938 -0.149959236383 0.008053140715 0.346663951874 0.120690390468 0.930157542229
1403715416.512143135071 0.048492029309 0.046651523560 -0.150200754404 0.009344257414 0.346112012863 0.121452599764 0.930251836777
1403715416.562143087387 0.047747112811 0.046994611621 -0.150321692228 0.009870649315 0.346819907427 0.121148087084 0.930022418499
1403715416.612143278122 0.048686202615 0.047386642545 -0.150577574968 0.009729001671 0.345917254686 0.121762566268 0.930279850960
1403715416.662142992020 0.048677314073 0.048104848713 -0.150515288115 0.010186523199 0.345786869526 0.122078396380 0.930281996727
1403715416.712143182755 0.048808019608 0.047920018435 -0.150072172284 0.009699787013 0.345904320478 0.122025705874 0.930250465870
1403715416.762143135071 0.048838723451 0.049481581897 -0.149590849876 0.010225740261 0.345883995295 0.121635913849 0.930303454399
1403715416.812143087387 0.048877131194 0.049070488662 -0.150014355779 0.010576613247 0.345663905144 0.122326180339 0.930290758610
1403715416.862143039703 0.048482403159 0.049557507038 -0.150171145797 0.010239259340 0.345789730549 0.121899664402 0.930303812027
1403715416.912143230438 0.048788417131 0.050317771733 -0.149632573128 0.010599640198 0.345715194941 0.122271396220 0.930278658867
1403715416.962142944336 0.048915289342 0.050303459167 -0.149419263005 0.010519308038 0.345774203539 0.122121751308 0.930277287960
1403715417.012143135071 0.048713028431 0.050359778106 -0.149250313640 0.010748873465 0.345907151699 0.122249685228 0.930208444595
1403715417.062143087387 0.048783484846 0.050706733018 -0.149217844009 0.011056835763 0.345880806446 0.122260801494 0.930213153362
1403715417.112143278122 0.048835296184 0.051458798349 -0.149388849735 0.010890263133 0.345679789782 0.121778920293 0.930353045464
1403715417.162142992020 0.048984710127 0.051452666521 -0.149689272046 0.011256997474 0.345587909222 0.121999010444 0.930353999138
1403715417.212143182755 0.048516683280 0.051272012293 -0.149524629116 0.011080074124 0.345899939537 0.122080788016 0.930229425430
1403715417.262143135071 0.048764895648 0.051492683589 -0.149091780186 0.011191844940 0.345853239298 0.122382268310 0.930205821991
1403715417.312143087387 0.048751145601 0.051349163055 -0.149322390556 0.011384122074 0.345775991678 0.122307784855 0.930242002010
1403715417.362143039703 0.048885501921 0.051655229181 -0.149433165789 0.011055839248 0.345784544945 0.122236557305 0.930252194405
1403715417.412143230438 0.049086041749 0.051948588341 -0.149729937315 0.011405898258 0.345588594675 0.122226879001 0.930321991444
1403715417.462142944336 0.049027744681 0.051975000650 -0.149440869689 0.011494764127 0.345693945885 0.122486613691 0.930247604847
1403715417.512143135071 0.048870384693 0.052204638720 -0.149675503373 0.011821192689 0.345607906580 0.122400850058 0.930286824703
1403715417.562143087387 0.048771716654 0.051772229373 -0.149419993162 0.011417841539 0.345769435167 0.122303381562 0.930244624615
1403715417.612143278122 0.048933129758 0.051908832043 -0.149454921484 0.011378195137 0.345715522766 0.122218921781 0.930276274681
1403715417.662142992020 0.049292705953 0.051990032196 -0.149325817823 0.011495119892 0.345625758171 0.122182779014 0.930312871933
1403715417.712143182755 0.049027226865 0.051956377923 -0.149403125048 0.011450271122 0.345858097076 0.122335456312 0.930207014084
1403715417.762143135071 0.048686709255 0.052212465554 -0.149257972836 0.011913981289 0.345859348774 0.122294761240 0.930206060410
1403715417.812143087387 0.048875395209 0.051931418478 -0.149404242635 0.011471439153 0.345824986696 0.122228756547 0.930233120918
1403715417.862143039703 0.048822902143 0.051711134613 -0.149411141872 0.011175137945 0.345848411322 0.122183792293 0.930233895779
1403715417.912143230438 0.048998486251 0.051680710167 -0.149316042662 0.011247102171 0.345818310976 0.122391581535 0.930216908455
1403715417.962142944336 0.048701230437 0.051993880421 -0.149432629347 0.011549117044 0.345698595047 0.122352793813 0.930262804031
1403715418.012143135071 0.048635706306 0.052055120468 -0.149419322610 0.011658829637 0.345795899630 0.122362464666 0.930224001408
1403715418.062143087387 0.048806056380 0.051973532885 -0.149574697018 0.011636309326 0.345689624548 0.122205071151 0.930284500122
1403715418.112143278122 0.048799701035 0.051918283105 -0.149320915341 0.011315396987 0.345801889896 0.122152090073 0.930253684521
1403715418.162142992020 0.048888076097 0.052223887295 -0.148938223720 0.011425408535 0.345920979977 0.122099138796 0.930215001106
1403715418.212143182755 0.048846326768 0.051952846348 -0.149231746793 0.011291056871 0.345828652382 0.122140921652 0.930245518684
1403715418.262143135071 0.049087043852 0.052140243351 -0.149223476648 0.011579546146 0.345805943012 0.122176550329 0.930245757103
1403715418.312143087387 0.048431362957 0.051528211683 -0.149631172419 0.011426437646 0.345744103193 0.122469544411 0.930232107639
1403715418.362143039703 0.048665419221 0.052148073912 -0.149267852306 0.011560143903 0.345898449421 0.122413605452 0.930180430412
1403715418.412143230438 0.049145955592 0.052556745708 -0.149050891399 0.011700551026 0.345781415701 0.122136175632 0.930258631706
1403715418.462142944336 0.048316009343 0.051642004400 -0.149663612247 0.011432069354 0.345698803663 0.122570782900 0.930235505104
1403715418.512143135071 0.048633128405 0.052569281310 -0.149360373616 0.011998424307 0.345678091049 0.122400194407 0.930258512497
1403715418.562143087387 0.048153907061 0.051444970071 -0.149737522006 0.011095954105 0.345777779818 0.122340805829 0.930240452290
1403715418.612143278122 0.048276234418 0.051294218749 -0.149686545134 0.011029442772 0.345862358809 0.122287951410 0.930216789246
1403715418.662142992020 0.048566281796 0.052144564688 -0.149000003934 0.011349107139 0.346023321152 0.122122615576 0.930174827576
1403715418.712143182755 0.048805013299 0.052455328405 -0.149271592498 0.011634209193 0.345610052347 0.122267849743 0.930305838585
1403715418.762143135071 0.048361562192 0.051533658057 -0.149242728949 0.011415067129 0.345947742462 0.122559741139 0.930144608021
1403715418.812143087387 0.048697840422 0.052458304912 -0.149385362864 0.011888723820 0.345794826746 0.122382447124 0.930218935013
