1413393889.405760526657 0.005103357602 -0.012901227921 -0.009481537156 -0.002277030610 -0.000318608159 0.000142985038 0.999997377396
1413393889.455760478973 0.007923049852 -0.012972654775 -0.012860679999 -0.003745420137 0.000049614860 0.000271020806 0.999992966652
1413393889.505760669708 0.009036141448 -0.010264338925 -0.015922602266 -0.006596975960 0.000148021412 0.001004641061 0.999977767467
1413393889.555760383606 0.010453788564 -0.006100428291 -0.017913911492 -0.012452808209 0.000581237487 0.001161803375 0.999921619892
1413393889.605760574341 0.009294200689 -0.005689353216 -0.015959205106 -0.018200650811 0.001802616520 0.000593500969 0.999832570553
1413393889.655760526657 0.009719713591 -0.007998869754 -0.014933107421 -0.024771191180 0.003640020499 -0.001580523909 0.999685287476
1413393889.705760717392 0.012731288560 -0.016245106235 -0.018559690565 -0.028800878674 0.006416487973 -0.006699777674 0.999542117119
1413393889.755760431290 0.012314695865 -0.022461088374 -0.017140138894 -0.033664766699 0.008714291267 -0.010370647535 0.999341428280
1413393889.805760622025 0.011702337302 -0.029757056385 -0.016304407269 -0.035485122353 0.010749377310 -0.011194404215 0.999249696732
1413393889.855760574341 0.010381532833 -0.035912454128 -0.014944118448 -0.036048483104 0.013399844989 -0.016459453851 0.999124646187
1413393889.905760526657 0.009253724478 -0.043055832386 -0.014969633892 -0.033551305532 0.016008337960 -0.021952286363 0.999067664146
1413393889.955760478973 0.008465776220 -0.049255289137 -0.016490537673 -0.025546964258 0.018492296338 -0.027761232108 0.999116957188
1413393890.005760669708 0.003435988678 -0.069436587393 -0.012773719616 -0.017324961722 0.020927805454 -0.032849423587 0.999090969563
1413393890.055760383606 0.006132893730 -0.079377181828 -0.024587169290 -0.006487232633 0.020711464807 -0.028989352286 0.999344110489
1413393890.105760574341 0.006483173463 -0.087945736945 -0.032579675317 0.003068046644 0.018648250028 -0.021671628579 0.999586522579
1413393890.155760526657 0.004978193901 -0.101045906544 -0.037865146995 0.010516394861 0.016286714002 -0.015139234252 0.999697446823
1413393890.205760717392 0.002693291521 -0.106842093170 -0.044210471213 0.017035037279 0.014346269891 -0.008734954521 0.999713838100
1413393890.255760431290 -0.002668266883 -0.116352856159 -0.046257726848 0.022951547056 0.012442198582 -0.002709544729 0.999655485153
1413393890.305760622025 -0.009079750627 -0.123237587512 -0.042490776628 0.025789123029 0.010802785866 0.001500042155 0.999607920647
1413393890.355760574341 -0.011851553805 -0.135953247547 -0.044312343001 0.025735409930 0.008677074686 0.003709614044 0.999624252319
1413393890.405760526657 -0.019012887031 -0.138909175992 -0.041491612792 0.028167333454 0.007298638113 0.007955680601 0.999544918537
1413393890.455760478973 -0.030694529414 -0.142965272069 -0.027978464961 0.031419485807 0.006306547672 0.011208591051 0.999423563480
1413393890.505760669708 -0.034219745547 -0.147355899215 -0.027235029265 0.039078820497 0.004100324586 0.013632864691 0.999134719372
1413393890.555760383606 -0.045878566802 -0.165995389223 -0.016055762768 0.047056678683 0.002754450776 0.013530209661 0.998796820641
1413393890.605760574341 -0.060530491173 -0.161487609148 0.002265163930 0.058192368597 0.003572048852 0.015265968628 0.998182296753
1413393890.655760526657 -0.077795907855 -0.177912995219 0.018384834751 0.056638631970 0.004477904644 0.010342725553 0.998331129551
1413393890.705760717392 -0.085111580789 -0.181381404400 0.020395012572 0.051992014050 0.004298110493 0.008557604626 0.998601615429
1413393890.755760431290 -0.091567732394 -0.182564660907 0.021521376446 0.046124059707 0.004074175842 0.006960740313 0.998903214931
1413393890.805760622025 -0.113536268473 -0.201556548476 0.039049629122 0.035856064409 0.005026245490 0.001636908390 0.999342978001
1413393890.855760574341 -0.119395345449 -0.203861385584 0.035408765078 0.030695552006 0.004801521078 0.000692992529 0.999517023563
1413393890.905760526657 -0.131372734904 -0.206603929400 0.038724131882 0.027039170265 0.005004843231 0.000307462615 0.999621808529
1413393890.955760478973 -0.139734327793 -0.207953155041 0.037131916732 0.025102453306 0.004764205310 -0.000444247475 0.999673426151
1413393891.005760669708 -0.173595845699 -0.249464526772 0.051383901387 0.017556728795 0.006738168187 -0.004790128674 0.999811708927
1413393891.055760383606 -0.185569047928 -0.255926162004 0.050383437425 0.016102395952 0.006567488890 -0.006223438773 0.999829411507
1413393891.105760574341 -0.195814222097 -0.265971153975 0.047405444086 0.016193605959 0.005998920649 -0.006758778356 0.999828040600
1413393891.155760526657 -0.260338008404 -0.359182476997 0.050102598965 0.006637235638 0.009017460980 -0.005786951166 0.999920606613
1413393891.205760717392 -0.272630870342 -0.367123663425 0.045203235000 0.007980654947 0.008162638173 -0.005093863700 0.999921858311
1413393891.255760431290 -0.326310843229 -0.445144504309 0.044910073280 0.001787961926 0.010611302219 -0.004646084271 0.999931335449
1413393891.305760622025 -0.340272933245 -0.452914744616 0.039008442312 0.009841611609 0.009594817646 -0.004706243053 0.999894440174
1413393891.355760574341 -0.365751087666 -0.477156877518 0.037695530802 0.028804888949 0.009598616511 -0.003620239208 0.999532401562
1413393891.405760526657 -0.390905678272 -0.487004399300 0.040604423732 0.057159557939 0.008899209090 -0.003083405783 0.998320639133
1413393891.455760478973 -0.410365253687 -0.478063136339 0.038482785225 0.087986491621 0.007185913622 -0.000313552388 0.996095716953
1413393891.505760669708 -0.426516354084 -0.471877902746 0.028241021559 0.110168278217 0.006170110311 0.001289205393 0.993892967701
1413393891.555760383606 -0.443010032177 -0.459458082914 0.012838458642 0.123742543161 0.004479886964 0.002933551092 0.992299914360
1413393891.605760574341 -0.456582665443 -0.445270240307 -0.012853800319 0.128402039409 0.005150395911 -0.000662883569 0.991708636284
1413393891.655760526657 -0.474971175194 -0.431242257357 -0.043696027249 0.129093810916 0.004825560376 -0.000134066795 0.991620659828
1413393891.705760717392 -0.488682866096 -0.418437331915 -0.084767363966 0.128022760153 0.004674365744 -0.001057231450 0.991759657860
1413393891.755760431290 -0.508530378342 -0.405354261398 -0.130139186978 0.126250714064 0.004621834494 -0.002170786960 0.991985261440
1413393891.805760622025 -0.526813864708 -0.389104783535 -0.191894650459 0.123364455998 0.005256204866 -0.003069030121 0.992342770100
1413393891.855760574341 -0.541252315044 -0.376170635223 -0.259738534689 0.116668708622 0.005574685056 -0.004062667023 0.993146955967
1413393891.905760526657 -0.564046680927 -0.355219900608 -0.323952555656 0.103946425021 0.006886077579 -0.005229156930 0.994545340538
1413393891.955760478973 -0.583134233952 -0.334625869989 -0.403213888407 0.084303662181 0.007682185154 -0.005559156183 0.996394991875
1413393892.005760669708 -0.596276223660 -0.319966256618 -0.489251583815 0.058926247060 0.007801124360 -0.005519525148 0.998216629028
1413393892.055760383606 -0.611588418484 -0.297833502293 -0.575434744358 0.035647671670 0.008305037394 -0.006500909105 0.999308764935
1413393892.105760574341 -0.624428451061 -0.279200702906 -0.664540410042 0.017992546782 0.008643616922 -0.007144387346 0.999775230885
1413393892.155760526657 -0.628885209560 -0.264939457178 -0.781481921673 0.002626232104 0.008468425833 -0.008412946947 0.999925315380
1413393892.205760717392 -0.642148971558 -0.253967195749 -0.875766634941 -0.007422217634 0.008921857923 -0.009012849070 0.999892055988
1413393892.255760431290 -0.683609426022 -0.233508780599 -0.945454180241 -0.012860337272 0.012695584446 -0.010600114241 0.999780535698
1413393892.305760622025 -0.700899481773 -0.216370135546 -1.036242604256 -0.015753265470 0.013577283360 -0.010395526886 0.999729692936
1413393892.355760574341 -0.723671495914 -0.191099315882 -1.123936176300 -0.019573619589 0.015078271739 -0.010311166756 0.999641537666
1413393892.405760526657 -0.739985346794 -0.166394814849 -1.211763858795 -0.023498872295 0.015953483060 -0.010180925950 0.999544739723
1413393892.455760478973 -0.757238090038 -0.131872683764 -1.302453637123 -0.025786740705 0.016875866801 -0.009937394410 0.999475598335
1413393892.505760669708 -0.772839248180 -0.099446788430 -1.379874706268 -0.027077259496 0.017638565972 -0.010335464031 0.999424278736
1413393892.555760383606 -0.799806773663 -0.069159284234 -1.456536769867 -0.030041171238 0.019168654457 -0.009489304386 0.999319791794
1413393892.605760574341 -0.820320606232 -0.031882915646 -1.532199621201 -0.034337237477 0.019932867959 -0.009746779688 0.999163985252
1413393892.655760526657 -0.841321468353 -0.002094706055 -1.595129489899 -0.042465172708 0.020628277212 -0.010027066804 0.998834669590
1413393892.705760717392 -0.866738855839 0.032988779247 -1.667801856995 -0.053355880082 0.022236548364 -0.011063060723 0.998266637325
1413393892.755760431290 -0.889335513115 0.070816971362 -1.730971455574 -0.066695041955 0.022577242926 -0.010902369395 0.997458398342
1413393892.805760622025 -0.913024365902 0.105899110436 -1.793760180473 -0.081124648452 0.023390779272 -0.012393929064 0.996352374554
1413393892.855760574341 -0.937180340290 0.127315074205 -1.852378726006 -0.094184234738 0.023556455970 -0.012908314355 0.995192348957
1413393892.905760526657 -0.958666145802 0.156289726496 -1.901567459106 -0.106060229242 0.023068532348 -0.013293218799 0.994003236294
1413393892.955760478973 -0.984951198101 0.177954450250 -1.958620548248 -0.116746827960 0.022645274177 -0.013838626444 0.992807090282
1413393893.005760669708 -1.010906338692 0.195417970419 -2.000004291534 -0.125379994512 0.022469341755 -0.015648413450 0.991730928421
1413393893.055760383606 -1.036205291748 0.207579761744 -2.034801959991 -0.129673153162 0.021569319069 -0.015716109425 0.991197586060
1413393893.105760574341 -1.063211560249 0.216944843531 -2.060734510422 -0.131059557199 0.020557388663 -0.015618686564 0.991038322449
1413393893.155760526657 -1.090162634850 0.218992933631 -2.072892427444 -0.127739444375 0.019748773426 -0.015227770433 0.991494238377
1413393893.205760717392 -1.121914029121 0.219504833221 -2.084629535675 -0.121309041977 0.019449047744 -0.016646955162 0.992284595966
1413393893.255760431290 -1.151721954346 0.214151203632 -2.089321136475 -0.115293577313 0.019055869430 -0.015912652016 0.993021190166
1413393893.305760622025 -1.178915858269 0.207683458924 -2.087128162384 -0.109087377787 0.017990326509 -0.012659194879 0.993788778782
1413393893.355760574341 -1.207510709763 0.199190840125 -2.077496767044 -0.105629570782 0.016517771408 -0.007104562595 0.994243025780
1413393893.405760526657 -1.238586068153 0.185173168778 -2.063671827316 -0.101051867008 0.015584598295 -0.000946285902 0.994758665562
1413393893.455760478973 -1.269688248634 0.166848048568 -2.045468807220 -0.098124325275 0.014317720197 0.005285978783 0.995057165623
1413393893.505760669708 -1.298213720322 0.149690315127 -2.019595861435 -0.096739120781 0.012409846298 0.010354826227 0.995178520679
1413393893.555760383606 -1.325263261795 0.130472496152 -1.989011168480 -0.094428405166 0.010701388121 0.014936338179 0.995362102985
1413393893.605760574341 -1.352746367455 0.109821312129 -1.948387503624 -0.091847807169 0.008927310817 0.018927980214 0.995553135872
1413393893.655760526657 -1.376681804657 0.088340446353 -1.909578204155 -0.091747388244 0.006732504349 0.022907434031 0.995496094227
1413393893.705760717392 -1.398961067200 0.064469240606 -1.859400868416 -0.090921133757 0.005604494363 0.027677282691 0.995457649231
1413393893.755760431290 -1.422263503075 0.035914178938 -1.812606930733 -0.087523609400 0.004723543301 0.031272158027 0.995660305023
1413393893.805760622025 -1.441419959068 0.007727449760 -1.760533809662 -0.083251379430 0.004363141954 0.032300978899 0.995995402336
1413393893.855760574341 -1.454308390617 -0.024043232203 -1.699681878090 -0.074256367981 0.004680349026 0.032914981246 0.996684849262
1413393893.905760526657 -1.467329978943 -0.056505214423 -1.640411496162 -0.064135663211 0.004903282039 0.031036401168 0.997446417809
1413393893.955760478973 -1.476225018501 -0.089618146420 -1.575732588768 -0.051716189831 0.005476365332 0.029575644061 0.998208761215
1413393894.005760669708 -1.485292434692 -0.126518383622 -1.511256098747 -0.043328989297 0.006168360356 0.028331432492 0.998640060425
1413393894.055760383606 -1.490564346313 -0.161917716265 -1.441859483719 -0.037386771291 0.006011162885 0.027322886512 0.998909175396
1413393894.105760574341 -1.495900869370 -0.194565221667 -1.377202391624 -0.032801777124 0.005800810643 0.026489127427 0.999093949795
1413393894.155760526657 -1.500237464905 -0.232285216451 -1.304855108261 -0.031570330262 0.005541812163 0.027441767976 0.999109387398
1413393894.205760717392 -1.501429080963 -0.266674786806 -1.236916661263 -0.030482053757 0.004637834150 0.028752479702 0.999110937119
1413393894.255760431290 -1.503079056740 -0.297898232937 -1.175680518150 -0.029407039285 0.004443799611 0.029226550832 0.999130308628
1413393894.305760622025 -1.502070903778 -0.342187434435 -1.101663708687 -0.029644943774 0.004005348776 0.031562257558 0.999054074287
1413393894.355760574341 -1.496447563171 -0.368840813637 -1.031972765923 -0.028360614553 0.003781647189 0.032171078026 0.999072790146
1413393894.405760526657 -1.491268396378 -0.398206233978 -0.957966804504 -0.028378672898 0.004175249487 0.030445627868 0.999124765396
1413393894.455760478973 -1.486819744110 -0.416971236467 -0.877513408661 -0.027407908812 0.005038460251 0.028247185051 0.999212443829
1413393894.505760669708 -1.480471372604 -0.440477102995 -0.802192330360 -0.026481946930 0.005528854672 0.026088600978 0.999293506145
1413393894.555760383606 -1.470812439919 -0.451778143644 -0.720835387707 -0.023724298924 0.006913245656 0.022813333198 0.999434292316
1413393894.605760574341 -1.462387681007 -0.468612223864 -0.644168734550 -0.023592086509 0.007936862297 0.019557466730 0.999498844147
1413393894.655760526657 -1.454261660576 -0.480800777674 -0.561611413956 -0.021149663255 0.009318107739 0.016920289025 0.999589681625
1413393894.705760717392 -1.436639785767 -0.481493145227 -0.476847410202 -0.018491430208 0.009477566928 0.015130421147 0.999669611454
1413393894.755760431290 -1.424954175949 -0.499774932861 -0.391959995031 -0.017675608397 0.009604169056 0.013478148729 0.999706804752
1413393894.805760622025 -1.412268519402 -0.513370871544 -0.310521990061 -0.017645468935 0.008964792825 0.013793802820 0.999709010124
1413393894.855760574341 -1.397064924240 -0.528520762920 -0.231103524566 -0.015831215307 0.008570816368 0.013240428641 0.999750316143
1413393894.905760526657 -1.381858468056 -0.543922722340 -0.151838108897 -0.012581369840 0.008097751997 0.011960351840 0.999816536903
1413393894.955760478973 -1.362791657448 -0.561767101288 -0.070476226509 -0.007597289979 0.007850429974 0.010982149281 0.999880015850
1413393895.005760669708 -1.347350478172 -0.580952048302 0.007173947059 -0.001932422863 0.007802242413 0.009757823311 0.999920129776
1413393895.055760383606 -1.328827142715 -0.599294900894 0.087219893932 0.004258870147 0.006505353842 0.008891670965 0.999930262566
1413393895.105760574341 -1.309976100922 -0.617691874504 0.162928834558 0.005992575083 0.006282589864 0.007259354461 0.999935984612
1413393895.155760526657 -1.292719006538 -0.636556625366 0.234759792686 0.004866455682 0.006088833790 0.005857933313 0.999952495098
1413393895.205760717392 -1.275884866714 -0.657659351826 0.311117768288 0.001455466147 0.005437042098 0.005806101952 0.999967336655
1413393895.255760431290 -1.256839275360 -0.672618150711 0.387118905783 -0.000159911680 0.005446359050 0.004497878253 0.999975025654
1413393895.305760622025 -1.239047288895 -0.691041588783 0.455486208200 0.000833672704 0.004976590630 0.004321245942 0.999977946281
1413393895.355760574341 -1.221948266029 -0.705107569695 0.527778804302 0.003441592678 0.005511654075 0.003599492135 0.999972403049
1413393895.405760526657 -1.203581333160 -0.716903865337 0.599014282227 0.006647487637 0.005682629533 0.003878601128 0.999954223633
1413393895.455760478973 -1.186041831970 -0.727795958519 0.666513979435 0.007974104024 0.006581150461 0.002964676125 0.999942183495
1413393895.505760669708 -1.168584585190 -0.734574735165 0.740253627300 0.009687747806 0.008987689391 0.003629988292 0.999906122684
1413393895.555760383606 -1.149834871292 -0.741200447083 0.807684659958 0.008828804828 0.012835592031 0.005407992750 0.999864041805
1413393895.605760574341 -1.128116011620 -0.747321307659 0.871590971947 0.008642108180 0.016845278442 0.008591105230 0.999783873558
1413393895.655760526657 -1.112403988838 -0.753102719784 0.938628733158 0.008398734964 0.024108694866 0.008858490735 0.999634861946
1413393895.705760717392 -1.090284347534 -0.762254893780 1.000373482704 0.012247993611 0.032465733588 0.008996305056 0.999357283115
1413393895.755760431290 -1.069891810417 -0.769523680210 1.060530424118 0.014338554814 0.041472155601 0.011362421326 0.998972177505
1413393895.805760622025 -1.045519232750 -0.779484212399 1.122350454330 0.017305921763 0.052415452898 0.014071115293 0.998376250267
1413393895.855760574341 -1.025611281395 -0.787589609623 1.179689526558 0.019141996279 0.065438047051 0.017224781215 0.997524321079
1413393895.905760526657 -1.004480242729 -0.793363749981 1.234457135201 0.020186576992 0.080401882529 0.020225469023 0.996352851391
1413393895.955760478973 -0.980842769146 -0.803019285202 1.286681175232 0.019958671182 0.096280500293 0.026564348489 0.994799494743
1413393896.005760669708 -0.960828304291 -0.814526319504 1.334106326103 0.016994727775 0.114748068154 0.029044898227 0.992824494839
1413393896.055760383606 -0.934661030769 -0.819660842419 1.382009267807 0.016386702657 0.133740112185 0.033960238099 0.990298867226
1413393896.105760574341 -0.913090646267 -0.827606499195 1.429046273232 0.016325389966 0.155354410410 0.037893600762 0.986996769905
1413393896.155760526657 -0.891133666039 -0.837071120739 1.469550132751 0.017268538475 0.175160929561 0.043820589781 0.983412563801
1413393896.205760717392 -0.873151659966 -0.844724595547 1.511335015297 0.019699510187 0.196874126792 0.047798149288 0.979064822197
1413393896.255760431290 -0.856754183769 -0.856226265430 1.547872900963 0.025670738891 0.219621449709 0.051709018648 0.973875582218
1413393896.305760622025 -0.840723395348 -0.859361886978 1.582414984703 0.031402066350 0.240723401308 0.055090505630 0.968520104885
1413393896.355760574341 -0.831397294998 -0.865109801292 1.620615601540 0.037439391017 0.263428002596 0.060405302793 0.962057828903
1413393896.405760526657 -0.814036726952 -0.879622459412 1.648462057114 0.042404469103 0.283570379019 0.068517290056 0.955560147762
1413393896.455760478973 -0.800006151199 -0.900688171387 1.673157453537 0.046843551099 0.300746232271 0.083017893136 0.948928534985
1413393896.505760669708 -0.788105726242 -0.919684529305 1.691721439362 0.046786040068 0.318175673485 0.097885087132 0.941803514957
1413393896.555760383606 -0.781257748604 -0.925015091896 1.704072713852 0.046505350620 0.335355162621 0.115762718022 0.933795094490
1413393896.605760574341 -0.775375962257 -0.932464838028 1.723222136497 0.044006530195 0.353115618229 0.132103934884 0.925160229206
1413393896.655760526657 -0.764767467976 -0.948108017445 1.744585633278 0.039001699537 0.369909256697 0.146042585373 0.916688382626
1413393896.705760717392 -0.755884051323 -0.959169864655 1.743056297302 0.036305807531 0.384814620018 0.161869600415 0.907963573933
1413393896.755760431290 -0.749621093273 -0.970020174980 1.749375581741 0.033592898399 0.400051951408 0.178040266037 0.898405015469
1413393896.805760622025 -0.741126239300 -0.972285091877 1.758152723312 0.032975092530 0.415237993002 0.193495362997 0.888284683228
1413393896.855760574341 -0.736399471760 -0.985553085804 1.749896287918 0.028376363218 0.429140806198 0.209105581045 0.878241360188
1413393896.905760526657 -0.724519252777 -0.986194729805 1.750908851624 0.023052884266 0.443088591099 0.225153923035 0.867436885834
1413393896.955760478973 -0.710251569748 -0.990363121033 1.741224765778 0.013273340650 0.456258714199 0.237888306379 0.857356965542
1413393897.005760669708 -0.695382714272 -0.996881544590 1.729241490364 -0.004458941054 0.468718439341 0.245381012559 0.848570168018
1413393897.055760383606 -0.674886822701 -1.019309282303 1.733602762222 -0.030591618270 0.482621431351 0.246161207557 0.839967489243
1413393897.105760574341 -0.653682231903 -1.009643554688 1.728666067123 -0.050846278667 0.495732575655 0.240556538105 0.832944512367
1413393897.155760526657 -0.622445225716 -1.005845546722 1.712579488754 -0.068035446107 0.507655560970 0.229196399450 0.827723443508
1413393897.205760717392 -0.592621445656 -0.999928355217 1.708093523979 -0.079796694219 0.520040154457 0.212242186069 0.823494970798
1413393897.255760431290 -0.547890305519 -1.004119396210 1.707464933395 -0.086931556463 0.532832741737 0.187899768353 0.820503413677
1413393897.305760622025 -0.502438664436 -1.008587121964 1.704948902130 -0.087224207819 0.543795585632 0.162387251854 0.818723738194
1413393897.355760574341 -0.462774395943 -1.007207870483 1.709680318832 -0.082194261253 0.552608430386 0.141295537353 0.817253708839
1413393897.405760526657 -0.415197014809 -1.010516881943 1.717311382294 -0.073480255902 0.556485891342 0.131850525737 0.817030966282
1413393897.455760478973 -0.367799162865 -1.019267201424 1.726820349693 -0.061661519110 0.557300686836 0.131538137794 0.817503213882
1413393897.505760669708 -0.325446724892 -1.021499752998 1.743515253067 -0.049115195870 0.556770861149 0.134520113468 0.818228721619
1413393897.555760383606 -0.287912130356 -1.027632117271 1.764813303947 -0.039583031088 0.556267797947 0.137863293290 0.818531095982
1413393897.605760574341 -0.243502020836 -1.043118119240 1.783308029175 -0.035331744701 0.553530216217 0.143204912543 0.819663524628
1413393897.655760526657 -0.204519510269 -1.055109739304 1.789227604866 -0.032962173223 0.550066471100 0.147194385529 0.821385622025
1413393897.705760717392 -0.171035647392 -1.067952632904 1.813150167465 -0.032265610993 0.548102438450 0.150421261787 0.822141230106
1413393897.755760431290 -0.135710120201 -1.074496388435 1.844322919846 -0.032075509429 0.547352552414 0.151672050357 0.822418332100
1413393897.805760622025 -0.099861264229 -1.091400623322 1.865733146667 -0.033414170146 0.545702815056 0.150401860476 0.823693633080
1413393897.855760574341 -0.055105328560 -1.110466837883 1.895000219345 -0.034952983260 0.546403288841 0.149186253548 0.823386430740
1413393897.905760526657 -0.019883990288 -1.126866817474 1.921547412872 -0.036739017814 0.548682510853 0.147829189897 0.822036683559
1413393897.955760478973 0.014940261841 -1.144773602486 1.947289705276 -0.039720866829 0.553338170052 0.145139485598 0.819251894951
1413393898.005760669708 0.061370730400 -1.170463085175 1.988414406776 -0.044043719769 0.560589194298 0.141177311540 0.814781486988
1413393898.055760383606 0.096828818321 -1.192116141319 2.014887571335 -0.046008970588 0.570058166981 0.137038111687 0.808787703514
1413393898.105760574341 0.127437472343 -1.207310199738 2.054851293564 -0.041550081223 0.582249403000 0.129876017570 0.801493287086
1413393898.155760526657 0.172595143318 -1.230184078217 2.080500602722 -0.030387528241 0.593251049519 0.124752715230 0.794711589813
1413393898.205760717392 0.203713536263 -1.269594192505 2.097147226334 -0.014914304949 0.604811906815 0.123537577689 0.786586701870
1413393898.255760431290 0.231691241264 -1.294638395309 2.138295412064 0.005160901695 0.616444051266 0.119437769055 0.778270363808
1413393898.305760622025 0.247651576996 -1.283601164818 2.142328500748 0.029706461355 0.622780203819 0.115967847407 0.773184180260
1413393898.355760574341 0.262763977051 -1.348532915115 2.195854187012 0.049384225160 0.630659162998 0.118693843484 0.765337824821
1413393898.405760526657 0.277224659920 -1.392621755600 2.239164113998 0.072676286101 0.635917007923 0.119894474745 0.758915722370
1413393898.455760478973 0.275235414505 -1.401742458344 2.259413242340 0.099301166832 0.636389493942 0.119679220021 0.755529403687
1413393898.505760669708 0.267261624336 -1.401757478714 2.301016807556 0.119619332254 0.636945486069 0.124321028590 0.751356065273
1413393898.555760383606 0.249667286873 -1.424049973488 2.333680629730 0.124403633177 0.631699383259 0.143714800477 0.751548886299
1413393898.605760574341 0.223196506500 -1.470788240433 2.433528900146 0.109469056129 0.631744801998 0.167796343565 0.748838722706
1413393898.655760526657 0.196637153625 -1.480717778206 2.460589408875 0.093732632697 0.624778389931 0.194481119514 0.750362098217
1413393898.705760717392 0.167534112930 -1.489568591118 2.508526086807 0.069978706539 0.619624197483 0.219113364816 0.750438630581
1413393898.755760431290 0.136375188828 -1.506961345673 2.525020599365 0.042933925986 0.611348509789 0.247335746884 0.750489652157
1413393898.805760622025 0.097465753555 -1.529356598854 2.536160707474 0.010624909773 0.602625668049 0.274234801531 0.749349534512
1413393898.855760574341 0.074362993240 -1.550458788872 2.542836189270 -0.021287102252 0.593971192837 0.298679023981 0.746683299541
1413393898.905760526657 0.044120550156 -1.557735204697 2.619112491608 -0.045637760311 0.593047976494 0.316417485476 0.738979876041
1413393898.955760478973 0.025969028473 -1.557060241699 2.638919591904 -0.069616593421 0.589527904987 0.328721195459 0.734542548656
1413393899.005760669708 0.010213613510 -1.550907492638 2.648792505264 -0.089463621378 0.587984323502 0.334817767143 0.730867803097
1413393899.055760383606 0.014283180237 -1.550422430038 2.659417152405 -0.106603942811 0.591482877731 0.330102354288 0.727884650230
1413393899.105760574341 0.029841899872 -1.560081958771 2.659275054932 -0.115606606007 0.598744213581 0.312961041927 0.728145599365
1413393899.155760526657 0.050419092178 -1.566126227379 2.674910306931 -0.106549605727 0.612485289574 0.283758878708 0.730061531067
1413393899.205760717392 0.093208074570 -1.597552299500 2.699463129044 -0.085054762661 0.628918886185 0.250003904104 0.731248795986
1413393899.255760431290 0.126182794571 -1.623258948326 2.700072526932 -0.053779985756 0.642640769482 0.213828504086 0.733756065369
1413393899.305760622025 0.173066377640 -1.659028768539 2.701533079147 -0.015599522740 0.653916001320 0.176662847400 0.735486745834
1413393899.355760574341 0.181452989578 -1.633579373360 2.701391696930 0.026709305122 0.661201536655 0.144117102027 0.735750913620
1413393899.405760526657 0.202162504196 -1.662567377090 2.649316787720 0.061982281506 0.660500884056 0.122224934399 0.738212585449
1413393899.455760478973 0.225511789322 -1.696753501892 2.662844181061 0.090201422572 0.662252128124 0.105097793043 0.736369669437
1413393899.505760669708 0.254839658737 -1.741767406464 2.693087577820 0.120802707970 0.662469327450 0.093137547374 0.733393847942
1413393899.555760383606 0.258972167969 -1.750120162964 2.711863994598 0.147772744298 0.659725368023 0.082170844078 0.732238769531
1413393899.605760574341 0.262404203415 -1.768875360489 2.736640453339 0.169121161103 0.656392216682 0.080033846200 0.730850100517
1413393899.655760526657 0.242105007172 -1.782453536987 2.758162736893 0.179050296545 0.650776624680 0.087771862745 0.732616484165
1413393899.705760717392 0.198080301285 -1.811246156693 2.749809026718 0.175296351314 0.642160773277 0.106293059886 0.738649189472
1413393899.755760431290 0.159141540527 -1.830742120743 2.739827156067 0.157680571079 0.632302463055 0.135625675321 0.746281564236
1413393899.805760622025 0.073385238647 -1.788536548615 2.693773031235 0.138674080372 0.618958413601 0.163568556309 0.755582809448
1413393899.855760574341 -0.013680458069 -1.779531717300 2.653261899948 0.114704065025 0.604758799076 0.198380902410 0.762728512287
1413393899.905760526657 -0.042743921280 -1.860202074051 2.703398942947 0.077156908810 0.597808122635 0.240260317922 0.760885834694
1413393899.955760478973 -0.095082759857 -1.882267117500 2.721250534058 0.038795061409 0.587700426579 0.279619902372 0.758232176304
1413393900.005760669708 -0.157942056656 -1.876891970634 2.690729618073 0.007793220226 0.576493740082 0.312243521214 0.755048513412
1413393900.055760383606 -0.213640928268 -1.889497756958 2.661322593689 -0.020826151595 0.569832682610 0.335335016251 0.749938249588
1413393900.105760574341 -0.264184474945 -1.873837709427 2.616380691528 -0.041200775653 0.566206157207 0.349558264017 0.745333552361
1413393900.155760526657 -0.297892570496 -1.868070602417 2.591245651245 -0.062679529190 0.568171322346 0.353569924831 0.740432977676
1413393900.205760717392 -0.333713769913 -1.861911058426 2.555456638336 -0.081293292344 0.571671366692 0.353006243706 0.736186027527
1413393900.255760431290 -0.348604202271 -1.841988801956 2.523512363434 -0.098931260407 0.578093409538 0.342908650637 0.733780920506
1413393900.305760622025 -0.364599466324 -1.816777110100 2.481725454330 -0.111397422850 0.586807191372 0.325961112976 0.732801020145
1413393900.355760574341 -0.373212575912 -1.804704070091 2.418589353561 -0.118786394596 0.595350086689 0.305819869041 0.733431875706
1413393900.405760526657 -0.366059541702 -1.777103066444 2.371341705322 -0.113413587213 0.607558310032 0.278625726700 0.735104024410
1413393900.455760478973 -0.347344875336 -1.757713794708 2.325854539871 -0.102908447385 0.619236648083 0.251462191343 0.736697077751
1413393900.505760669708 -0.325017213821 -1.727748870850 2.321438550949 -0.083223789930 0.633487522602 0.223000347614 0.736232519150
1413393900.555760383606 -0.312052726746 -1.719591379166 2.259305715561 -0.060835078359 0.641284286976 0.197017535567 0.739078938961
1413393900.605760574341 -0.289778470993 -1.700639486313 2.216120719910 -0.029915355146 0.650195419788 0.169565066695 0.739999115467
1413393900.655760526657 -0.265726566315 -1.673600792885 2.186957836151 0.001935964450 0.657739996910 0.144536420703 0.739245295525
1413393900.705760717392 -0.247907638550 -1.651551008224 2.176851272583 0.032627329230 0.663687646389 0.124608099461 0.736835896969
1413393900.755760431290 -0.237071037292 -1.633412718773 2.142184495926 0.057956527919 0.665120363235 0.111775733531 0.736045002937
1413393900.805760622025 -0.230722427368 -1.592778682709 2.136683225632 0.078983828425 0.665719151497 0.104660861194 0.734592199326
1413393900.855760574341 -0.238758802414 -1.568114876747 2.117700099945 0.091633245349 0.663235127926 0.108800388873 0.734768748283
1413393900.905760526657 -0.250293731689 -1.535520315170 2.114265918732 0.095259718597 0.659778296947 0.120976835489 0.735515356064
1413393900.955760478973 -0.277919769287 -1.499699711800 2.095028400421 0.090307824314 0.652902007103 0.142461702228 0.738422751427
1413393901.005760669708 -0.304612159729 -1.464374780655 2.058531045914 0.080402456224 0.643790483475 0.168041318655 0.742180168629
1413393901.055760383606 -0.327136754990 -1.438026785851 2.008976936340 0.066470347345 0.633233428001 0.195419535041 0.745927810669
1413393901.105760574341 -0.379025459290 -1.418593049049 2.007739305496 0.041886162013 0.628252029419 0.217623695731 0.745778024197
1413393901.155760526657 -0.419221162796 -1.370487689972 1.978983044624 0.013191740960 0.621598303318 0.237358763814 0.746392965317
1413393901.205760717392 -0.458573102951 -1.358437061310 1.941001892090 -0.019928233698 0.616649568081 0.251875370741 0.745590329170
1413393901.255760431290 -0.498965024948 -1.330820798874 1.910308361053 -0.047717370093 0.613409996033 0.260451883078 0.744053781033
1413393901.305760622025 -0.530876636505 -1.307695031166 1.885061979294 -0.071591682732 0.611688673496 0.265531390905 0.741757810116
1413393901.355760574341 -0.557155847549 -1.286722898483 1.876835942268 -0.088180162013 0.612131595612 0.268517851830 0.738523781300
1413393901.405760526657 -0.569963693619 -1.258219122887 1.851797580719 -0.100479878485 0.610777378082 0.271708220243 0.736905336380
1413393901.455760478973 -0.585206508636 -1.243307232857 1.827628850937 -0.111521929502 0.610200345516 0.274465620518 0.734770059586
1413393901.505760669708 -0.586261153221 -1.222837328911 1.791710376740 -0.119759052992 0.609533786774 0.275188714266 0.733755767345
1413393901.555760383606 -0.583776712418 -1.211384177208 1.772781729698 -0.127351939678 0.610398232937 0.273309886456 0.732459723949
1413393901.605760574341 -0.573348283768 -1.196568965912 1.749973058701 -0.131494358182 0.612677752972 0.267154335976 0.732095479965
1413393901.655760526657 -0.552314877510 -1.188988924026 1.728270530701 -0.130216360092 0.617605388165 0.252711802721 0.733310341835
1413393901.705760717392 -0.520756244659 -1.180849313736 1.706031441689 -0.120247758925 0.624420285225 0.232947289944 0.735782146454
1413393901.755760431290 -0.487391948700 -1.177162408829 1.691768169403 -0.105251923203 0.632177591324 0.211297795177 0.737988352776
1413393901.805760622025 -0.438241600990 -1.184053063393 1.674944043159 -0.085820600390 0.638018369675 0.194164291024 0.740180790424
1413393901.855760574341 -0.393296837807 -1.191294789314 1.660192966461 -0.067101791501 0.641701221466 0.184441879392 0.741416275501
1413393901.905760526657 -0.353756785393 -1.191347956657 1.666873812675 -0.054510716349 0.643585979939 0.182727962732 0.741239607334
1413393901.955760478973 -0.307929277420 -1.202252984047 1.677672982216 -0.048183772713 0.644824266434 0.183564037085 0.740394651890
1413393902.005760669708 -0.269466400146 -1.205348372459 1.690407991409 -0.044423155487 0.645687341690 0.185446247458 0.739407956600
1413393902.055760383606 -0.224375724792 -1.203609585762 1.688871383667 -0.041910625994 0.644761979580 0.188140988350 0.739681363106
1413393902.105760574341 -0.181252241135 -1.219706058502 1.696204543114 -0.043064367026 0.644755363464 0.189476057887 0.739279925823
1413393902.155760526657 -0.139232873917 -1.230944752693 1.712855815887 -0.042553793639 0.645900487900 0.188807696104 0.738480508327
1413393902.205760717392 -0.094888329506 -1.240628719330 1.724424362183 -0.043671302497 0.646282196045 0.188314542174 0.738207221031
1413393902.255760431290 -0.055377960205 -1.247615933418 1.738574028015 -0.043302416801 0.647072911263 0.187233343720 0.737811088562
1413393902.305760622025 -0.013064861298 -1.260108351707 1.757264375687 -0.043924462050 0.647548019886 0.186883524060 0.737446129322
1413393902.355760574341 0.030088067055 -1.267379283905 1.769242525101 -0.043773066252 0.647644937038 0.186068519950 0.737576067448
1413393902.405760526657 0.074990153313 -1.277944087982 1.788100838661 -0.042467992753 0.648292362690 0.184233278036 0.737544298172
1413393902.455760478973 0.125996232033 -1.284878373146 1.811832427979 -0.040729213506 0.648975729942 0.181854635477 0.737631738186
1413393902.505760669708 0.166017174721 -1.290254950523 1.834522962570 -0.037018399686 0.649896144867 0.178937211633 0.737730383873
1413393902.555760383606 0.203809618950 -1.304192304611 1.865678906441 -0.036511093378 0.650635600090 0.178556084633 0.737196028233
1413393902.605760574341 0.240903735161 -1.315553069115 1.903025746346 -0.036194372922 0.651272296906 0.178797408938 0.736590743065
1413393902.655760526657 0.288577914238 -1.329456090927 1.925173521042 -0.037031028420 0.650190532207 0.180848196149 0.737004101276
1413393902.705760717392 0.336600899696 -1.343722581863 1.956044793129 -0.037809673697 0.649849295616 0.181033909321 0.737219810486
1413393902.755760431290 0.381076574326 -1.352717041969 1.984000444412 -0.036621212959 0.648481428623 0.182843402028 0.738037288189
1413393902.805760622025 0.421309351921 -1.377978205681 2.023919343948 -0.034415993840 0.646805405617 0.190784856677 0.737603843212
1413393902.855760574341 0.464974522591 -1.409569025040 2.062659502029 -0.031205751002 0.643572270870 0.202072307467 0.737568795681
1413393902.905760526657 0.510445594788 -1.457634568214 2.097172260284 -0.030585106462 0.638415634632 0.219050660729 0.737229168415
1413393902.955760478973 0.544567465782 -1.497509717941 2.147442102432 -0.029441855848 0.635099112988 0.234231367707 0.735471248627
1413393903.005760669708 0.597168326378 -1.536916971207 2.184218645096 -0.028568783775 0.630484223366 0.247591480613 0.735099971294
1413393903.055760383606 0.642872333527 -1.570922493935 2.215416193008 -0.025422688574 0.627717792988 0.257661342621 0.734121799469
1413393903.105760574341 0.698961019516 -1.601284980774 2.229083299637 -0.024559466168 0.626254558563 0.258390456438 0.735143899918
1413393903.155760526657 0.748943686485 -1.636630535126 2.263424158096 -0.020994989201 0.629195630550 0.251953244209 0.734977304935
1413393903.205760717392 0.802738785744 -1.653825044632 2.298964738846 -0.018101494759 0.633037269115 0.243143573403 0.734722673893
1413393903.255760431290 0.854511976242 -1.666851997375 2.318814516068 -0.014125940390 0.636605858803 0.235019624233 0.734369933605
1413393903.305760622025 0.914621472359 -1.705652832985 2.339472532272 -0.013399153948 0.641520500183 0.228914946318 0.732031404972
1413393903.355760574341 0.979362130165 -1.745733141899 2.375211238861 -0.015093848109 0.648859083652 0.226235821843 0.726341128349
1413393903.405760526657 1.034441351891 -1.754071950912 2.398662090302 -0.012057742104 0.657099902630 0.223945230246 0.719668567181
1413393903.455760478973 1.091717243195 -1.766364336014 2.437287807465 -0.009236531332 0.667141258717 0.225518301129 0.709914684296
1413393903.505760669708 1.145653963089 -1.784867048264 2.464290618896 -0.005501112901 0.677166521549 0.230165362358 0.698884308338
1413393903.555760383606 1.209621310234 -1.778574705124 2.483952045441 0.001650531078 0.686530828476 0.234033539891 0.688404679298
1413393903.605760574341 1.262472152710 -1.769788146019 2.512636661530 0.013799931854 0.697230994701 0.235725566745 0.676839709282
1413393903.655760526657 1.313555479050 -1.767835140228 2.551234006882 0.025605456904 0.708422303200 0.236452043056 0.664509296417
1413393903.705760717392 1.383624315262 -1.787124872208 2.587106704712 0.032654765993 0.718576252460 0.240453541279 0.651739180088
1413393903.755760431290 1.433442115784 -1.781281113625 2.604332447052 0.041861146688 0.726607561111 0.243037730455 0.641265749931
1413393903.805760622025 1.482136011124 -1.773999094963 2.637347698212 0.048172049224 0.733437299728 0.247436970472 0.631287693977
1413393903.855760574341 1.537816286087 -1.791247606277 2.639271259308 0.052005596459 0.735974013805 0.258206695318 0.623672187328
1413393903.905760526657 1.575852394104 -1.781233429909 2.661294937134 0.057921726257 0.738741159439 0.265429288149 0.616809427738
1413393903.955760478973 1.637006282806 -1.801561117172 2.691387176514 0.059680607170 0.742316901684 0.273209512234 0.608901023865
1413393904.005760669708 1.671952962875 -1.800285100937 2.699212551117 0.063674814999 0.744328558445 0.277240186930 0.604200720787
1413393904.055760383606 1.702462196350 -1.795705199242 2.699869155884 0.064195811749 0.745447576046 0.280196905136 0.601395428181
1413393904.105760574341 1.754457235336 -1.814194321632 2.708261251450 0.059561796486 0.748916029930 0.281066805124 0.597142040730
1413393904.155760526657 1.792670488358 -1.815385699272 2.706457138062 0.052706141025 0.750782310963 0.280978024006 0.595482468605
1413393904.205760717392 1.819356918335 -1.793666839600 2.708106994629 0.047549482435 0.753205120564 0.278507828712 0.594015538692
1413393904.255760431290 1.851802349091 -1.787346005440 2.701740503311 0.039846740663 0.754338204861 0.277470648289 0.593629658222
1413393904.305760622025 1.873881816864 -1.778662562370 2.689596891403 0.035806961358 0.755817055702 0.274116247892 0.593564391136
1413393904.355760574341 1.917107582092 -1.784174680710 2.677414894104 0.032759454101 0.757328212261 0.272688597441 0.592470765114
1413393904.405760526657 1.941759109497 -1.787503242493 2.655581474304 0.031342957169 0.758346498013 0.271890729666 0.591611087322
1413393904.455760478973 1.965012550354 -1.785414576530 2.639713764191 0.031326815486 0.761246323586 0.270081460476 0.588709354401
1413393904.505760669708 1.999374151230 -1.817740678787 2.608051300049 0.027402248234 0.764021396637 0.272224336863 0.584306836128
1413393904.555760383606 2.019629955292 -1.822210907936 2.583338737488 0.024532396346 0.769651114941 0.269117891788 0.578455626965
1413393904.605760574341 2.046349525452 -1.843863964081 2.538268327713 0.009259697050 0.774104535580 0.270827531815 0.572126626968
1413393904.655760526657 2.069763183594 -1.848178863525 2.512584686279 -0.009738481604 0.780481696129 0.272167682648 0.562741756439
1413393904.705760717392 2.097127914429 -1.851356148720 2.481651782990 -0.027251407504 0.785519778728 0.278112262487 0.552150011063
1413393904.755760431290 2.104579687119 -1.841668963432 2.447792768478 -0.041459817439 0.790717005730 0.282834798098 0.541342973709
1413393904.805760622025 2.140163898468 -1.852063179016 2.403496742249 -0.055415432900 0.794774174690 0.290059447289 0.530215680599
1413393904.855760574341 2.168517589569 -1.848321795464 2.372206926346 -0.063689261675 0.801258087158 0.293423473835 0.517524600029
1413393904.905760526657 2.195528030396 -1.839360237122 2.337011337280 -0.066890187562 0.808567225933 0.292972952127 0.505877077579
1413393904.955760478973 2.231257438660 -1.828150272369 2.315626144409 -0.064548596740 0.819398343563 0.286551088095 0.492248326540
1413393905.005760669708 2.261933326721 -1.825049519539 2.284455776215 -0.058454930782 0.829937517643 0.278516024351 0.479807794094
1413393905.055760383606 2.324970722198 -1.830141186714 2.253019809723 -0.055770881474 0.840417861938 0.272321462631 0.465218752623
1413393905.105760574341 2.364304304123 -1.815096974373 2.232775926590 -0.049493130296 0.850466728210 0.266089349985 0.451057910919
1413393905.155760526657 2.397643327713 -1.801724195480 2.205688476562 -0.043301936239 0.858734548092 0.262493073940 0.437946677208
1413393905.205760717392 2.448628664017 -1.783301949501 2.185312032700 -0.037135556340 0.866166412830 0.261906802654 0.424006462097
1413393905.255760431290 2.482134819031 -1.763350963593 2.168031930923 -0.029670551419 0.872557997704 0.262737810612 0.410768896341
1413393905.305760622025 2.514493227005 -1.743165135384 2.152184247971 -0.021446770057 0.878524005413 0.265009045601 0.396870076656
1413393905.355760574341 2.567152500153 -1.729106426239 2.136878728867 -0.016458451748 0.883893191814 0.268890291452 0.382308691740
1413393905.405760526657 2.576439857483 -1.713237166405 2.125987291336 -0.009759310633 0.888280630112 0.271594047546 0.370268911123
1413393905.455760478973 2.631566286087 -1.706244587898 2.112585067749 -0.007013617083 0.893179476261 0.276014626026 0.354960829020
1413393905.505760669708 2.670466184616 -1.687052249908 2.103127479553 -0.003788341070 0.897681355476 0.279564857483 0.340583950281
1413393905.555760383606 2.720740556717 -1.676722049713 2.093159675598 0.001044660225 0.901379585266 0.286261618137 0.324912369251
1413393905.605760574341 2.745567560196 -1.665193319321 2.085044384003 0.009516511112 0.903935730457 0.294001489878 0.310439825058
1413393905.655760526657 2.789193153381 -1.649867892265 2.077298879623 0.016132472083 0.906975150108 0.300342947245 0.294838815928
1413393905.705760717392 2.831609725952 -1.634020566940 2.068028450012 0.023846613243 0.910327374935 0.304999053478 0.278767079115
1413393905.755760431290 2.870496749878 -1.627187848091 2.055176734924 0.032002806664 0.913576602936 0.308871328831 0.262587577105
1413393905.805760622025 2.904505252838 -1.621084570885 2.045082330704 0.040238313377 0.915795981884 0.313911616802 0.247301518917
1413393905.855760574341 2.937936306000 -1.608301043510 2.028578519821 0.048723019660 0.916313230991 0.322697848082 0.232082381845
1413393905.905760526657 2.960468292236 -1.600498199463 2.015574932098 0.054838500917 0.915495753288 0.333557128906 0.218174114823
1413393905.955760478973 2.990985870361 -1.595242023468 1.996367216110 0.057164870203 0.914334654808 0.345627456903 0.203140363097
1413393906.005760669708 3.007305622101 -1.586085915565 1.976471304893 0.057799577713 0.914173781872 0.353569179773 0.189563453197
1413393906.055760383606 3.014410495758 -1.574060916901 1.956528902054 0.049684286118 0.915722250938 0.357505381107 0.176562309265
1413393906.105760574341 3.018441200256 -1.561093807220 1.930787920952 0.036015439779 0.919109225273 0.356171786785 0.164568424225
1413393906.155760526657 3.036882400513 -1.551142215729 1.902577400208 0.021955735981 0.923912584782 0.350804835558 0.151127398014
1413393906.205760717392 3.039804935455 -1.539020776749 1.868577122688 0.008300175890 0.929416954517 0.341322302818 0.140051215887
1413393906.255760431290 3.052841186523 -1.524923086166 1.828274846077 -0.005071831401 0.935142338276 0.329641371965 0.129690736532
1413393906.305760622025 3.056257247925 -1.504425048828 1.796010732651 -0.013803159818 0.940404891968 0.317843526602 0.120098695159
1413393906.355760574341 3.071298599243 -1.483971476555 1.756201744080 -0.022186128423 0.943957149982 0.310016810894 0.111095912755
1413393906.405760526657 3.079003572464 -1.462695002556 1.726037740707 -0.025708343834 0.946398019791 0.305066585541 0.102977015078
1413393906.455760478973 3.078964948654 -1.436770677567 1.700679063797 -0.027180906385 0.948874831200 0.299590945244 0.095619283617
1413393906.505760669708 3.094652891159 -1.409547567368 1.665115714073 -0.026698090136 0.950402975082 0.297481536865 0.086753502488
1413393906.555760383606 3.104877948761 -1.373098850250 1.646346092224 -0.023629397154 0.952009320259 0.294702202082 0.079186812043
1413393906.605760574341 3.110165596008 -1.344661831856 1.623454689980 -0.016512691975 0.952805638313 0.294493973255 0.071847632527
1413393906.655760526657 3.121081590652 -1.302107930183 1.601800441742 -0.006576422602 0.953904688358 0.293202430010 0.063679195940
1413393906.705760717392 3.133864879608 -1.265796184540 1.582507371902 0.007120202761 0.953949630260 0.294403940439 0.057058975101
1413393906.755760431290 3.154689311981 -1.233505487442 1.557699918747 0.020005676895 0.953722000122 0.295642971992 0.051082655787
1413393906.805760622025 3.160706281662 -1.198102593422 1.540068745613 0.032451033592 0.954349219799 0.293241828680 0.046623650938
1413393906.855760574341 3.168662548065 -1.162464022636 1.521051526070 0.037646591663 0.955041527748 0.290961325169 0.042660284787
1413393906.905760526657 3.168580532074 -1.134112119675 1.507433533669 0.040164906532 0.956128954887 0.287411868572 0.039982095361
1413393906.955760478973 3.167474985123 -1.096879601479 1.493355751038 0.040593046695 0.957490742207 0.283135145903 0.037392027676
1413393907.005760669708 3.164092540741 -1.068748474121 1.482513666153 0.038447014987 0.958289444447 0.280893385410 0.036085277796
1413393907.055760383606 3.155737876892 -1.045403838158 1.471547126770 0.027472261339 0.958469629288 0.281676083803 0.035212382674
1413393907.105760574341 3.152574062347 -1.016508698463 1.463891863823 0.015236123465 0.958394050598 0.282989621162 0.034140642732
1413393907.155760526657 3.142130136490 -0.990434288979 1.458661794662 0.004687920678 0.957690179348 0.285802334547 0.033535435796
1413393907.205760717392 3.135759592056 -0.955862164497 1.456464171410 -0.007905401289 0.957359969616 0.287005275488 0.032052867115
1413393907.255760431290 3.124900579453 -0.937383294106 1.454458475113 -0.024843124673 0.956479310989 0.289043486118 0.031368561089
1413393907.305760622025 3.115149259567 -0.904753386974 1.455686211586 -0.044700101018 0.955481529236 0.290029197931 0.030659621581
1413393907.355760574341 3.104268789291 -0.884605884552 1.457124352455 -0.062815248966 0.954438030720 0.290193766356 0.029830878600
1413393907.405760526657 3.100980281830 -0.863460183144 1.455494046211 -0.072876907885 0.952757000923 0.293484687805 0.028458129615
1413393907.455760478973 3.103681325912 -0.848212003708 1.458046913147 -0.069004826248 0.951983869076 0.296963900328 0.027884356678
1413393907.505760669708 3.108416795731 -0.837627530098 1.458588361740 -0.060181915760 0.951742708683 0.299667984247 0.027625052258
1413393907.555760383606 3.118009090424 -0.831808567047 1.462202310562 -0.042358908802 0.952392578125 0.300703912973 0.027042362839
1413393907.605760574341 3.125910997391 -0.829438686371 1.463226795197 -0.029840530828 0.953168690205 0.299692064524 0.027633890510
1413393907.655760526657 3.134439945221 -0.832100868225 1.464115381241 -0.019756244496 0.952866494656 0.301466912031 0.027800684795
1413393907.705760717392 3.143355846405 -0.829575359821 1.468760609627 -0.012383537367 0.951945304871 0.304752081633 0.027801804245
1413393907.755760431290 3.154407262802 -0.823866069317 1.472492456436 -0.007929998450 0.951264739037 0.307032704353 0.027632303536
1413393907.805760622025 3.163655996323 -0.812013626099 1.480115294456 -0.004830534570 0.951675832272 0.305821090937 0.027625953779
1413393907.855760574341 3.172345399857 -0.798472225666 1.488800168037 -0.002113355557 0.952295541763 0.303955942392 0.027193730697
1413393907.905760526657 3.181722879410 -0.775995552540 1.499639272690 0.000122718688 0.953456580639 0.300307542086 0.027129340917
1413393907.955760478973 3.187511444092 -0.745341837406 1.515786051750 -0.002017068444 0.954711735249 0.296335816383 0.026580821723
1413393908.005760669708 3.193694829941 -0.713292777538 1.533330321312 -0.005847196560 0.955606639385 0.293443083763 0.025941485539
1413393908.055760383606 3.200079679489 -0.682808101177 1.553587794304 -0.010949561372 0.956242978573 0.291280776262 0.025199564174
1413393908.105760574341 3.205326795578 -0.657331824303 1.571041703224 -0.014757812023 0.955570042133 0.293364137411 0.024608181790
1413393908.155760526657 3.210392951965 -0.630305588245 1.589761257172 -0.017356110737 0.954034328461 0.298224955797 0.024064907804
1413393908.205760717392 3.217489719391 -0.612040817738 1.609580278397 -0.020581085235 0.952823519707 0.301916390657 0.023456558585
1413393908.255760431290 3.222705364227 -0.596385478973 1.628442049026 -0.021432258189 0.952594757080 0.302638590336 0.022666068748
1413393908.305760622025 3.233139514923 -0.588185787201 1.642788171768 -0.021976461634 0.953749954700 0.298987925053 0.022005794570
1413393908.355760574341 3.239570617676 -0.581168174744 1.658922195435 -0.020473087206 0.956429064274 0.290424793959 0.021859258413
1413393908.405760526657 3.245575428009 -0.571577787399 1.677044510841 -0.018846854568 0.957418799400 0.287284940481 0.021481286734
1413393908.455760478973 3.252865552902 -0.565306305885 1.696833610535 -0.017007127404 0.957304060459 0.287808567286 0.021115982905
1413393908.505760669708 3.263686656952 -0.559220552444 1.718931794167 -0.016234913841 0.956419885159 0.290849357843 0.020100696012
1413393908.555760383606 3.273027420044 -0.553270816803 1.738882660866 -0.016345232725 0.955080211163 0.295274287462 0.019177075475
1413393908.605760574341 3.283647537231 -0.544857919216 1.766618609428 -0.012831145898 0.953988671303 0.299023061991 0.018060829490
1413393908.655760526657 3.291818857193 -0.540899217129 1.788571357727 -0.006957875565 0.952304840088 0.304584294558 0.017193291336
1413393908.705760717392 3.304034948349 -0.537822782993 1.810416698456 0.011298954487 0.951167821884 0.308040827513 0.016216320917
1413393908.755760431290 3.305206537247 -0.544008255005 1.832286715508 0.030952546746 0.950441777706 0.308937460184 0.016125673428
1413393908.805760622025 3.309145927429 -0.547230422497 1.856366515160 0.047222189605 0.951197028160 0.304571866989 0.015173492953
1413393908.855760574341 3.311406612396 -0.553271532059 1.875698447227 0.053914468735 0.953609883785 0.295843720436 0.014071363956
1413393908.905760526657 3.307426929474 -0.563610613346 1.894367218018 0.047007579356 0.956305563450 0.288286119699 0.012694912963
1413393908.955760478973 3.294696569443 -0.576482176781 1.914272665977 0.030769811943 0.957345128059 0.287052154541 0.012024231255
1413393909.005760669708 3.283958911896 -0.592121422291 1.934163808823 0.014778071083 0.956961631775 0.289626181126 0.011079787277
1413393909.055760383606 3.271686792374 -0.613390147686 1.960054516792 -0.000918153848 0.956090271473 0.292911887169 0.009651574306
1413393909.105760574341 3.258588075638 -0.637017011642 1.980360150337 -0.012866004370 0.954755485058 0.297006040812 0.007992072962
1413393909.155760526657 3.244649887085 -0.656871974468 2.004802703857 -0.020540479571 0.953947603703 0.299203604460 0.006262316369
1413393909.205760717392 3.234662294388 -0.683959603310 2.027846097946 -0.026185655966 0.953267276287 0.300961345434 0.004247745033
1413393909.255760431290 3.220927238464 -0.702285528183 2.056544542313 -0.027827493846 0.953752160072 0.299292773008 0.002529577818
1413393909.305760622025 3.214490413666 -0.722661614418 2.080765724182 -0.031482726336 0.953904032707 0.298455446959 0.000491041050
1413393909.355760574341 3.205370187759 -0.739239335060 2.108721494675 0.033818073571 -0.953946053982 -0.298063129187 0.001316177426
1413393909.405760526657 3.203072309494 -0.751232028008 2.138624668121 0.034783612937 -0.953776836395 -0.298471331596 0.003837279743
1413393909.455760478973 3.192940950394 -0.759871661663 2.170014381409 0.034431628883 -0.953611195087 -0.299023121595 0.005033208057
1413393909.505760669708 3.190989732742 -0.766033053398 2.201097011566 0.033694546670 -0.953418076038 -0.299691140652 0.006627889350
1413393909.555760383606 3.186439514160 -0.767402052879 2.239907264709 0.032889861614 -0.952497780323 -0.302667051554 0.007676557172
1413393909.605760574341 3.186707258224 -0.767777979374 2.276423931122 0.032999064773 -0.950379490852 -0.309200048447 0.009234955534
1413393909.655760526657 3.184096097946 -0.769428908825 2.317676782608 0.033344577998 -0.946975588799 -0.319382578135 0.010962950997
1413393909.705760717392 3.182497501373 -0.759467303753 2.359751701355 0.033077493310 -0.943474292755 -0.329531282187 0.013091198169
1413393909.755760431290 3.186875343323 -0.752637565136 2.399436950684 0.033434063196 -0.939309895039 -0.341056078672 0.016120566055
1413393909.805760622025 3.189589738846 -0.739529788494 2.436544418335 0.032892480493 -0.936075329781 -0.349744558334 0.018969574943
1413393909.855760574341 3.189226627350 -0.722368121147 2.476809024811 0.032090406865 -0.933458805084 -0.356616467237 0.021202046424
1413393909.905760526657 3.195333242416 -0.701885461807 2.511147499084 0.031641867012 -0.930603623390 -0.363851368427 0.024245899171
1413393909.955760478973 3.204456329346 -0.685415625572 2.542906761169 0.032048746943 -0.928308367729 -0.369421839714 0.027276251465
1413393910.005760669708 3.213365554810 -0.661815643311 2.571011066437 0.032111607492 -0.926157832146 -0.374559670687 0.030094046146
1413393910.055760383606 3.223755836487 -0.635932087898 2.597031593323 0.031723234802 -0.924287199974 -0.378991305828 0.032441515476
1413393910.105760574341 3.238997936249 -0.614722609520 2.613919496536 0.029829869047 -0.922661304474 -0.382827192545 0.035349491984
1413393910.155760526657 3.249263763428 -0.601640343666 2.617347955704 0.026664132252 -0.920546650887 -0.387871772051 0.037925697863
1413393910.205760717392 3.262975692749 -0.586447715759 2.619295120239 0.024548135698 -0.919554412365 -0.390160709620 0.039896592498
1413393910.255760431290 3.282121181488 -0.577345132828 2.613710165024 0.023874139413 -0.918055415154 -0.393486082554 0.042107477784
1413393910.305760622025 3.297483682632 -0.568473696709 2.598094463348 0.021882904693 -0.916632413864 -0.396726518869 0.043751675636
1413393910.355760574341 3.311745166779 -0.560841202736 2.576254606247 0.016926627606 -0.913857877254 -0.403188228607 0.044905897230
1413393910.405760526657 3.331814050674 -0.559085011482 2.549943923950 0.008263092488 -0.910653829575 -0.410408049822 0.046973984689
1413393910.455760478973 3.348321676254 -0.555308341980 2.514705419540 -0.001996301115 -0.908582508564 -0.414965748787 0.047720771283
1413393910.505760669708 3.371020555496 -0.555764794350 2.471545457840 -0.009057336487 -0.906439542770 -0.419469296932 0.048279576004
1413393910.555760383606 3.389081478119 -0.549726605415 2.424513339996 -0.014757676050 -0.905420303345 -0.421584099531 0.047572750598
1413393910.605760574341 3.400248289108 -0.536864638329 2.372009754181 -0.017703279853 -0.906713366508 -0.418942302465 0.045219503343
1413393910.655760526657 3.414370536804 -0.521723031998 2.315496206284 -0.018141351640 -0.909525692463 -0.413032472134 0.042873565108
1413393910.705760717392 3.424499750137 -0.502975821495 2.253435850143 -0.021015495062 -0.912749707699 -0.406082361937 0.039286933839
1413393910.755760431290 3.435077667236 -0.477997541428 2.184991121292 -0.022355871275 -0.916712701321 -0.397287994623 0.036059100181
1413393910.805760622025 3.439664840698 -0.448265671730 2.114494323730 -0.021690068766 -0.920397400856 -0.389088094234 0.031759485602
1413393910.855760574341 3.440011739731 -0.413459420204 2.045872926712 -0.020157732069 -0.923938155174 -0.381102830172 0.026316646487
1413393910.905760526657 3.444756507874 -0.374540448189 1.967889547348 -0.016644150019 -0.927651941776 -0.372475087643 0.021145494655
1413393910.955760478973 3.444533109665 -0.338829994202 1.894899964333 -0.012577253394 -0.932818293571 -0.359817892313 0.014932714403
1413393911.005760669708 3.442958116531 -0.296251296997 1.814308404922 -0.009080033749 -0.937332212925 -0.348220884800 0.008252335712
1413393911.055760383606 3.440454721451 -0.254188716412 1.739345073700 -0.006343065295 -0.941098034382 -0.338072687387 0.001048354781
1413393911.105760574341 3.435962677002 -0.209083259106 1.663953185081 0.005535611883 0.944038867950 0.329736471176 0.005824720021
1413393911.155760526657 3.440896749496 -0.158462882042 1.579768896103 0.004221596755 0.945684909821 0.324862331152 0.011260889471
1413393911.205760717392 3.435123920441 -0.110470473766 1.503741264343 0.002131493296 0.947320401669 0.319832831621 0.016929108649
1413393911.255760431290 3.430586814880 -0.063337087631 1.428049325943 0.000891327334 0.948323965073 0.316605806351 0.021017035469
1413393911.305760622025 3.428045988083 -0.016352236271 1.350201725960 -0.000675943564 0.949403464794 0.313132017851 0.024104548618
1413393911.355760574341 3.420712232590 0.022958934307 1.275336265564 -0.003447911935 0.952124595642 0.304518550634 0.026747336611
1413393911.405760526657 3.416274785995 0.070654451847 1.199175596237 -0.006848511752 0.955426394939 0.293866425753 0.027496000752
1413393911.455760478973 3.410712718964 0.107123672962 1.126946687698 -0.010090990923 0.958481252193 0.283601909876 0.027961356565
1413393911.505760669708 3.404160976410 0.151378273964 1.054682135582 -0.013248534873 0.960901021957 0.275165617466 0.027886666358
1413393911.555760383606 3.400857210159 0.185615271330 0.985325217247 -0.017019269988 0.962019801140 0.271175384521 0.026309760287
1413393911.605760574341 3.396973133087 0.211697727442 0.917012095451 -0.018837310374 0.963142395020 0.267177700996 0.024857666343
1413393911.655760526657 3.400755643845 0.235562682152 0.847935378551 -0.020413838327 0.964831948280 0.261084526777 0.022748487070
1413393911.705760717392 3.399004459381 0.251177072525 0.786753296852 -0.022469803691 0.965525746346 0.258532702923 0.020398907363
1413393911.755760431290 3.397490262985 0.265934050083 0.727675020695 -0.022153973579 0.963964879513 0.264503777027 0.017849974334
1413393911.805760622025 3.399925470352 0.274315655231 0.670235157013 -0.023133879527 0.961077153683 0.274846971035 0.015958154574
1413393911.855760574341 3.404736042023 0.273288398981 0.614851593971 -0.023320242763 0.957182705402 0.288225889206 0.013538038358
1413393911.905760526657 3.411879777908 0.272069424391 0.561104118824 -0.014881419018 0.953027963638 0.302314937115 0.011043719947
1413393911.955760478973 3.418247699738 0.258439302444 0.507997989655 -0.001495932927 0.947392642498 0.319936245680 0.009257332422
1413393912.005760669708 3.425427436829 0.246914744377 0.450290501118 0.010498261079 0.940245807171 0.340261042118 0.007079685573
1413393912.055760383606 3.427888154984 0.235778987408 0.395250201225 0.021190248430 0.932805478573 0.359719336033 0.005193166900
1413393912.105760574341 3.430276393890 0.216616094112 0.332768827677 0.027423057705 0.926692008972 0.374803572893 0.003493424039
1413393912.155760526657 3.431636333466 0.198812931776 0.268794715405 0.032662037760 0.921517133713 0.386961311102 0.000572436955
1413393912.205760717392 3.429020643234 0.182072907686 0.199669465423 -0.035039659590 -0.917373895645 -0.396479099989 0.001288525178
1413393912.255760431290 3.427674770355 0.164373278618 0.123671971262 -0.035575695336 -0.914710640907 -0.402526229620 0.003384273266
1413393912.305760622025 3.423091173172 0.151460096240 0.045820698142 -0.035798419267 -0.913375198841 -0.405503481627 0.005588621832
1413393912.355760574341 3.417660951614 0.133161813021 -0.037198938429 -0.033850777894 -0.913789153099 -0.404700249434 0.007826393470
1413393912.405760526657 3.412223100662 0.121860742569 -0.134494751692 -0.033628754318 -0.917367994785 -0.396486729383 0.010164815001
1413393912.455760478973 3.396955966949 0.107760913670 -0.231094598770 -0.032767448574 -0.923029839993 -0.383158236742 0.011486627162
1413393912.505760669708 3.382094144821 0.098902650177 -0.331506818533 -0.030502360314 -0.929689943790 -0.366863518953 0.012547899969
1413393912.555760383606 3.367043972015 0.091422341764 -0.429750531912 -0.030200852081 -0.935149013996 -0.352731108665 0.012849320658
1413393912.605760574341 3.346184492111 0.089336112142 -0.534483551979 -0.029115965590 -0.939252138138 -0.341768175364 0.012341004796
1413393912.655760526657 3.327857494354 0.084244631231 -0.639035224915 -0.025746194646 -0.942302227020 -0.333565533161 0.011737577617
1413393912.705760717392 3.304732561111 0.097483947873 -0.736673235893 -0.021949686110 -0.946243464947 -0.322537630796 0.010537408292
1413393912.755760431290 3.279024362564 0.102274537086 -0.835859477520 -0.017813632265 -0.949221313000 -0.313971757889 0.009131728671
1413393912.805760622025 3.263382911682 0.115360826254 -0.938408017159 -0.012627712451 -0.951703369617 -0.306604266167 0.009749956429
1413393912.855760574341 3.240467786789 0.134961843491 -1.025687694550 -0.008403791115 -0.953811228275 -0.300037354231 0.012291324325
1413393912.905760526657 3.207938671112 0.152428865433 -1.117743849754 -0.004962580744 -0.954912781715 -0.296407788992 0.016106098890
1413393912.955760478973 3.185387372971 0.170610606670 -1.190266847610 -0.003424805822 -0.955390036106 -0.294453114271 0.022706123069
1413393913.005760669708 3.164526462555 0.193280786276 -1.276978254318 -0.006350805052 -0.955439686775 -0.293344080448 0.032311920077
1413393913.055760383606 3.126283168793 0.210260927677 -1.359632492065 -0.013173454441 -0.955124258995 -0.293057262897 0.041007332504
1413393913.105760574341 3.110691308975 0.235855668783 -1.450624346733 -0.019306415692 -0.955108284950 -0.290522843599 0.054699141532
1413393913.155760526657 3.075271368027 0.254054605961 -1.528905391693 -0.027398629114 -0.955613732338 -0.285530000925 0.067263185978
1413393913.205760717392 3.046326637268 0.284867197275 -1.618759155273 -0.034673385322 -0.955857038498 -0.279774755239 0.082832418382
1413393913.255760431290 3.013715505600 0.310863047838 -1.694076657295 -0.042975462973 -0.955045044422 -0.276292115450 0.098512507975
1413393913.305760622025 2.982578992844 0.348222792149 -1.782261371613 -0.048840053380 -0.953264832497 -0.274124711752 0.117287889123
1413393913.355760574341 2.940562248230 0.377133369446 -1.846707105637 -0.053671993315 -0.950394868851 -0.275352299213 0.134350255132
1413393913.405760526657 2.905840873718 0.411511659622 -1.912355899811 -0.059788610786 -0.947558701038 -0.273823380470 0.153553485870
1413393913.455760478973 2.860022783279 0.440258830786 -1.971770167351 -0.065801933408 -0.944620311260 -0.271200716496 0.172663822770
1413393913.505760669708 2.815392017365 0.467920422554 -2.036446809769 -0.068972997367 -0.941676437855 -0.266663908958 0.193335384130
1413393913.555760383606 2.763650178909 0.501280069351 -2.087689876556 -0.068892508745 -0.939534425735 -0.257962286472 0.214439570904
1413393913.605760574341 2.705339431763 0.509336769581 -2.139177799225 -0.066935338080 -0.936394453049 -0.252454102039 0.234418690205
1413393913.655760526657 2.650621652603 0.534050166607 -2.182129621506 -0.063430540264 -0.933657169342 -0.242580428720 0.255764693022
1413393913.705760717392 2.591030597687 0.562448084354 -2.226430416107 -0.057591479272 -0.930098950863 -0.233014062047 0.278035312891
1413393913.755760431290 2.528365850449 0.563757121563 -2.282389163971 -0.052767321467 -0.925268232822 -0.227526009083 0.298875063658
1413393913.805760622025 2.467893600464 0.569483160973 -2.311997175217 -0.049990687519 -0.920018613338 -0.221355482936 0.319481521845
1413393913.855760574341 2.396821737289 0.566239476204 -2.338336467743 -0.046442210674 -0.914393603802 -0.217642962933 0.338170140982
1413393913.905760526657 2.336918354034 0.574100613594 -2.363945484161 -0.045040175319 -0.908084511757 -0.212278187275 0.358178555965
1413393913.955760478973 2.271725893021 0.568331778049 -2.377915859222 -0.041974216700 -0.901107311249 -0.210946917534 0.376490741968
1413393914.005760669708 2.202873468399 0.561852216721 -2.385366916656 -0.033030115068 -0.894213736057 -0.207527145743 0.395250916481
1413393914.055760383606 2.126447439194 0.537081360817 -2.389032363892 -0.022891886532 -0.887064158916 -0.206234559417 0.412383884192
1413393914.105760574341 2.063856124878 0.522475123405 -2.391879796982 -0.009471522644 -0.877683699131 -0.207151740789 0.432052940130
1413393914.155760526657 2.001796245575 0.519685328007 -2.381449699402 0.000831410172 -0.867402195930 -0.210106924176 0.451074093580
1413393914.205760717392 1.959721088409 0.532705903053 -2.381114006042 0.007931082509 -0.853063046932 -0.218645706773 0.473724186420
1413393914.255760431290 1.904112339020 0.521816432476 -2.372952938080 0.011694265530 -0.839626312256 -0.228090956807 0.492813795805
1413393914.305760622025 1.841017961502 0.505652368069 -2.355247497559 0.012934122235 -0.827145636082 -0.235882863402 0.509923696518
1413393914.355760574341 1.788224220276 0.475490748882 -2.341717958450 0.013222808018 -0.814548671246 -0.242880254984 0.526635229588
1413393914.405760526657 1.745526313782 0.460068464279 -2.325728893280 0.011906922795 -0.802387177944 -0.245251536369 0.543952882290
1413393914.455760478973 1.691693305969 0.437862426043 -2.319351434708 0.007265378721 -0.791053175926 -0.246986761689 0.559624552727
1413393914.505760669708 1.650056362152 0.422605216503 -2.297286272049 0.002241860377 -0.780691862106 -0.245537266135 0.574653506279
1413393914.555760383606 1.598543047905 0.388607680798 -2.267231941223 -0.003609226085 -0.772682487965 -0.241449266672 0.587069928646
1413393914.605760574341 1.555446147919 0.364579886198 -2.267414569855 -0.006479570176 -0.763015985489 -0.236827343702 0.601396322250
1413393914.655760526657 1.513205051422 0.340793728828 -2.257773399353 -0.010080013424 -0.754024684429 -0.231739401817 0.614525854588
1413393914.705760717392 1.473987579346 0.325311660767 -2.242897748947 -0.014493286610 -0.744727015495 -0.224958777428 0.628144204617
1413393914.755760431290 1.433185815811 0.303168654442 -2.225846767426 -0.021228229627 -0.735882997513 -0.218615010381 0.640494406223
1413393914.805760622025 1.386731743813 0.270567566156 -2.201410293579 -0.028132975101 -0.726921021938 -0.215266942978 0.651501774788
1413393914.855760574341 1.345293641090 0.252502381802 -2.183880329132 -0.033418253064 -0.716499269009 -0.212112069130 0.663717210293
1413393914.905760526657 1.300539851189 0.220049887896 -2.165184974670 -0.034650687128 -0.706218421459 -0.214308917522 0.673889160156
1413393914.955760478973 1.259876012802 0.199152559042 -2.148270606995 -0.032330699265 -0.695728719234 -0.220314458013 0.682918608189
1413393915.005760669708 1.210991263390 0.172906577587 -2.118467330933 -0.031551200897 -0.686766624451 -0.228696972132 0.689241588116
1413393915.055760383606 1.166248559952 0.157396733761 -2.084381103516 -0.029352631420 -0.679869830608 -0.234463438392 0.694220662117
1413393915.105760574341 1.120695590973 0.128748476505 -2.058727741241 -0.028713403270 -0.673739016056 -0.240423396230 0.698174715042
1413393915.155760526657 1.074183702469 0.104288756847 -2.031572103500 -0.028200371191 -0.668914973736 -0.244998052716 0.701237082481
1413393915.205760717392 1.025221586227 0.073848992586 -2.020191192627 -0.027575604618 -0.664666891098 -0.249335572124 0.703767895699
1413393915.255760431290 0.974543750286 0.055209785700 -1.993880391121 -0.025706658140 -0.662412285805 -0.250994414091 0.705372929573
1413393915.305760622025 0.920880377293 0.025585681200 -1.973265051842 -0.024026637897 -0.661801040173 -0.252643883228 0.705417096615
1413393915.355760574341 0.866183936596 0.008705675602 -1.945219755173 -0.018261063844 -0.664208114147 -0.252977997065 0.703204274178
1413393915.405760526657 0.811523914337 -0.001287281513 -1.922495484352 -0.007930133492 -0.667939662933 -0.253842532635 0.699541091919
1413393915.455760478973 0.751057386398 -0.022177413106 -1.899840593338 0.005068370607 -0.672758460045 -0.257068842649 0.693747758865
1413393915.505760669708 0.693254828453 -0.032903850079 -1.880482673645 0.018329948187 -0.677534043789 -0.258753776550 0.688228249550
1413393915.555760383606 0.633337497711 -0.047170832753 -1.860129833221 0.025954715908 -0.682755172253 -0.259936064482 0.682352542877
1413393915.605760574341 0.576132655144 -0.058980468661 -1.843318700790 0.029920164496 -0.688456416130 -0.257565289736 0.677342355251
1413393915.655760526657 0.511370420456 -0.074377916753 -1.823420524597 0.029958419502 -0.694118261337 -0.255352050066 0.672382175922
1413393915.705760717392 0.460678339005 -0.086690127850 -1.814659476280 0.031323462725 -0.697773277760 -0.254718810320 0.668767213821
1413393915.755760431290 0.401639461517 -0.097985520959 -1.799183011055 0.032668579370 -0.701857447624 -0.254416048527 0.664530932903
1413393915.805760622025 0.348635554314 -0.107933834195 -1.799101352692 0.035603873432 -0.703392386436 -0.256486058235 0.661956608295
1413393915.855760574341 0.290928006172 -0.122388727963 -1.789638042450 0.037345018238 -0.705317020416 -0.259292125702 0.658711493015
1413393915.905760526657 0.238191366196 -0.129382222891 -1.785602331161 0.038131043315 -0.706753373146 -0.261531472206 0.656237006187
1413393915.955760478973 0.185196161270 -0.139994770288 -1.784057736397 0.039868235588 -0.708186030388 -0.262494713068 0.654201507568
1413393916.005760669708 0.135186910629 -0.146066397429 -1.784819126129 0.044181656092 -0.709614694118 -0.262741267681 0.652274489403
1413393916.055760383606 0.086106061935 -0.152787148952 -1.791308760643 0.046732496470 -0.710774362087 -0.263667851686 0.650457620621
1413393916.105760574341 0.041628241539 -0.160243555903 -1.802829504013 0.051327910274 -0.710941612720 -0.264389574528 0.649635016918
1413393916.155760526657 -0.001768946648 -0.165240079165 -1.813131093979 0.055560566485 -0.711399793625 -0.263645142317 0.649087607861
1413393916.205760717392 -0.051775455475 -0.164189279079 -1.826640963554 0.058576688170 -0.711179673672 -0.261406958103 0.649968206882
1413393916.255760431290 -0.094940662384 -0.171735286713 -1.842514753342 0.054371982813 -0.711583912373 -0.254364192486 0.652679800987
1413393916.305760622025 -0.136427044868 -0.176159739494 -1.861568212509 0.048662863672 -0.710054934025 -0.247636452317 0.657366037369
1413393916.355760574341 -0.174635171890 -0.178362905979 -1.880574226379 0.041748542339 -0.706508517265 -0.241526752710 0.663903415203
1413393916.405760526657 -0.214090466499 -0.185132250190 -1.900733709335 0.033109109849 -0.700691878796 -0.236823499203 0.672197401524
1413393916.455760478973 -0.248431324959 -0.185137361288 -1.927320480347 0.027654286474 -0.692418515682 -0.232933729887 0.682300388813
1413393916.505760669708 -0.286591410637 -0.195334807038 -1.950669169426 0.021161664277 -0.683246672153 -0.229398623109 0.692894220352
1413393916.555760383606 -0.318452000618 -0.196881294250 -1.972820043564 0.017755329609 -0.672008812428 -0.225735276937 0.705076277256
1413393916.605760574341 -0.351018548012 -0.205535799265 -2.002077579498 0.011970304884 -0.657475054264 -0.224997416139 0.718998908997
1413393916.655760526657 -0.384058713913 -0.206343740225 -2.026187896729 0.006688485388 -0.642077147961 -0.223281428218 0.733374118805
1413393916.705760717392 -0.417241096497 -0.216422528028 -2.055180788040 -0.000067588735 -0.624881744385 -0.222609981894 0.748309850693
1413393916.755760431290 -0.452638983727 -0.220167785883 -2.079663991928 -0.005140366964 -0.607455849648 -0.219913020730 0.763288438320
1413393916.805760622025 -0.485090017319 -0.225713476539 -2.100334167480 -0.007482610177 -0.591262042522 -0.214480593801 0.777400374413
1413393916.855760574341 -0.516934156418 -0.235181912780 -2.124216794968 -0.007417134009 -0.573804795742 -0.207586079836 0.792212784290
1413393916.905760526657 -0.548423767090 -0.230702862144 -2.144818544388 -0.006966054905 -0.557580530643 -0.196946427226 0.806391596794
1413393916.955760478973 -0.577301859856 -0.238924622536 -2.170921325684 -0.008595531806 -0.541403055191 -0.184889152646 0.820137083530
1413393917.005760669708 -0.607666969299 -0.250121653080 -2.201421737671 -0.010146577843 -0.525529861450 -0.168715089560 0.833816945553
1413393917.055760383606 -0.641260266304 -0.258273065090 -2.227615356445 -0.011822738685 -0.509556472301 -0.152146503329 0.846796333790
1413393917.105760574341 -0.674019098282 -0.265821188688 -2.250378847122 -0.012926926836 -0.492851674557 -0.137116789818 0.859144449234
1413393917.155760526657 -0.704828739166 -0.275153160095 -2.271820545197 -0.012985904701 -0.475028216839 -0.124001525342 0.871093094349
1413393917.205760717392 -0.730562031269 -0.286251544952 -2.294744491577 -0.013616529293 -0.456657648087 -0.112544469535 0.882390081882
1413393917.255760431290 -0.752699196339 -0.294023573399 -2.311422824860 -0.017237683758 -0.439191907644 -0.101556845009 0.892468273640
1413393917.305760622025 -0.780941903591 -0.307526230812 -2.333266258240 -0.022255931050 -0.419075518847 -0.096176452935 0.902568817139
1413393917.355760574341 -0.800213217735 -0.314417451620 -2.347373008728 -0.028031839058 -0.398859798908 -0.090313963592 0.912123084068
1413393917.405760526657 -0.821126341820 -0.327379852533 -2.363874912262 -0.033650841564 -0.378107607365 -0.082569524646 0.921457827091
1413393917.455760478973 -0.830968618393 -0.331070274115 -2.363930940628 -0.038225498050 -0.357329696417 -0.075122319162 0.930167138577
1413393917.505760669708 -0.844183862209 -0.335075348616 -2.369826316833 -0.042087174952 -0.334744989872 -0.068157158792 0.938897848129
1413393917.555760383606 -0.862496733665 -0.341403663158 -2.372044086456 -0.047650534660 -0.311241000891 -0.060493733734 0.947205901146
1413393917.605760574341 -0.875353574753 -0.348159372807 -2.378221511841 -0.051052205265 -0.285186409950 -0.057100336999 0.955406725407
1413393917.655760526657 -0.881655395031 -0.343767404556 -2.363168239594 -0.053017783910 -0.259802401066 -0.053754560649 0.962705731392
1413393917.705760717392 -0.887630224228 -0.338682532310 -2.353414058685 -0.051559563726 -0.233040466905 -0.050477780402 0.969786465168
1413393917.755760431290 -0.893808662891 -0.339110463858 -2.347172975540 -0.046601749957 -0.205933019519 -0.048330411315 0.976260244846
1413393917.805760622025 -0.897984445095 -0.337947160006 -2.335412263870 -0.037542480975 -0.179703384638 -0.044153247029 0.982012093067
1413393917.855760574341 -0.916664361954 -0.336617559195 -2.320119380951 -0.028897648677 -0.152818664908 -0.036386758089 0.987161338329
1413393917.905760526657 -0.914502084255 -0.335767209530 -2.302923202515 -0.023138081655 -0.129660144448 -0.024696884677 0.990980803967
1413393917.955760478973 -0.908301770687 -0.333634704351 -2.280877113342 -0.021087197587 -0.107805289328 -0.012012694962 0.993875801563
1413393918.005760669708 -0.905213475227 -0.333068013191 -2.270906209946 -0.018859053031 -0.085590034723 0.000870185148 0.996151566505
1413393918.055760383606 -0.920159399509 -0.339288622141 -2.251138925552 -0.018458850682 -0.061945967376 0.011970793828 0.997837007046
1413393918.105760574341 -0.919642567635 -0.339848756790 -2.242309331894 -0.017344215885 -0.039243079722 0.023006664589 0.998814225197
1413393918.155760526657 -0.916032552719 -0.342463165522 -2.224519014359 -0.019180731848 -0.017741059884 0.034260645509 0.999071359634
1413393918.205760717392 -0.912109732628 -0.345273554325 -2.211705923080 -0.021380782127 0.003346712328 0.047543611377 0.998634696007
1413393918.255760431290 -0.916601181030 -0.345321089029 -2.199947357178 -0.021908115596 0.026773855090 0.054459929466 0.997916460037
1413393918.305760622025 -0.906927168369 -0.344672590494 -2.173402309418 -0.022283904254 0.047468148172 0.064660251141 0.996528625488
1413393918.355760574341 -0.901458799839 -0.344484508038 -2.162740707397 -0.021193893626 0.069924309850 0.072266206145 0.994705498219
1413393918.405760526657 -0.892259836197 -0.345682322979 -2.132659912109 -0.020836299285 0.092252783477 0.079535767436 0.992335319519
1413393918.455760478973 -0.888236701488 -0.346418231726 -2.125774860382 -0.019799258560 0.116076268256 0.083567947149 0.989520490170
1413393918.505760669708 -0.856952071190 -0.358667790890 -2.096210002899 -0.021938314661 0.138374388218 0.093547903001 0.985707879066
1413393918.555760383606 -0.820480048656 -0.379639089108 -2.065514802933 -0.024832069874 0.160907268524 0.104293465614 0.981129527092
1413393918.605760574341 -0.780610799789 -0.395748496056 -2.038840532303 -0.024004878476 0.185462817550 0.116290934384 0.975450515747
1413393918.655760526657 -0.741144180298 -0.421887665987 -2.028604745865 -0.022516822442 0.210121631622 0.124643273652 0.969435930252
1413393918.705760717392 -0.700924158096 -0.435065209866 -2.009548425674 -0.016188440844 0.236821413040 0.134553760290 0.962054491043
1413393918.755760431290 -0.661809325218 -0.446794152260 -1.987614870071 -0.011367491446 0.263559788465 0.146403059363 0.953400850296
1413393918.805760622025 -0.611271142960 -0.463435977697 -1.967213153839 -0.004524333403 0.290394753218 0.160739511251 0.943299114704
1413393918.855760574341 -0.561176300049 -0.479378342628 -1.955427169800 0.004625936970 0.315558969975 0.175097838044 0.932599544525
1413393918.905760526657 -0.540173053741 -0.477499365807 -1.947938919067 0.018330780789 0.347859114408 0.182492703199 0.919431626797
1413393918.955760478973 -0.460222870111 -0.492984235287 -1.928988218307 0.027317272499 0.376580536366 0.186222136021 0.907062470913
1413393919.005760669708 -0.401378720999 -0.507001578808 -1.924423456192 0.034824602306 0.409133166075 0.188078239560 0.892201721668
1413393919.055760383606 -0.343656986952 -0.508366525173 -1.916574478149 0.042130447924 0.440996497869 0.189220905304 0.876323342323
1413393919.105760574341 -0.288625001907 -0.514309525490 -1.914378881454 0.046729274094 0.472398340702 0.190080195665 0.859375178814
1413393919.155760526657 -0.235739469528 -0.519171893597 -1.918472528458 0.050468053669 0.500190377235 0.194169476628 0.842354238033
1413393919.205760717392 -0.188752472401 -0.506042361259 -1.914087414742 0.060925096273 0.529405117035 0.197116553783 0.822899401188
1413393919.255760431290 -0.131555438042 -0.514041960239 -1.923038721085 0.066671945155 0.555002510548 0.199952483177 0.804702401161
1413393919.305760622025 -0.081182837486 -0.521298050880 -1.937175869942 0.076795540750 0.580147683620 0.201664581895 0.785405933857
1413393919.355760574341 -0.026447415352 -0.529523551464 -1.961358070374 0.086054705083 0.601741552353 0.204524472356 0.767249286175
1413393919.405760526657 0.012580513954 -0.523850023746 -1.975365042686 0.097991615534 0.621723055840 0.207684263587 0.748815953732
1413393919.455760478973 0.061366677284 -0.519697785378 -2.007648468018 0.104087091982 0.635747849941 0.215579390526 0.733836531639
1413393919.505760669708 0.095266222954 -0.514427423477 -2.035085439682 0.106596365571 0.649098515511 0.224735230207 0.718889713287
1413393919.555760383606 0.128343105316 -0.497070670128 -2.064730644226 0.108203075826 0.660685360432 0.234707251191 0.704769074917
1413393919.605760574341 0.150199294090 -0.483716428280 -2.094402074814 0.107349507511 0.672249019146 0.242765441537 0.691102325916
1413393919.655760526657 0.172861814499 -0.456670194864 -2.128134965897 0.106792524457 0.683590114117 0.246041655540 0.678795576096
1413393919.705760717392 0.184980869293 -0.439326733351 -2.156997919083 0.104913853109 0.694848895073 0.245542466640 0.667747735977
1413393919.755760431290 0.210524797440 -0.398942440748 -2.197994470596 0.101247891784 0.705769479275 0.237731859088 0.659637689590
1413393919.805760622025 0.227062940598 -0.364966869354 -2.238986492157 0.095637165010 0.716499924660 0.226389855146 0.652862191200
1413393919.855760574341 0.230855941772 -0.329209059477 -2.282274246216 0.087508551776 0.726535558701 0.212083011866 0.647695362568
1413393919.905760526657 0.239234447479 -0.289498239756 -2.337603807449 0.077735699713 0.732738375664 0.200714811683 0.645573556423
1413393919.955760478973 0.236014366150 -0.251910537481 -2.386568784714 0.066326186061 0.737358748913 0.192835092545 0.643985688686
1413393920.005760669708 0.232905149460 -0.203907072544 -2.436228752136 0.055914431810 0.738864123821 0.190651312470 0.643898665905
1413393920.055760383606 0.226443052292 -0.167912065983 -2.472580909729 0.046098507941 0.739843189716 0.190882056952 0.643483519554
1413393920.105760574341 0.213124036789 -0.120832413435 -2.512528657913 0.039642129093 0.739559531212 0.191401749849 0.644085049629
1413393920.155760526657 0.192341804504 -0.060152709484 -2.555237054825 0.034948483109 0.738297343254 0.191945195198 0.645641386509
1413393920.205760717392 0.171212911606 -0.013475626707 -2.594879150391 0.030742198229 0.736732721329 0.194128155708 0.646988451481
1413393920.255760431290 0.146786212921 0.046508997679 -2.640233278275 0.028359457850 0.734770894051 0.193879976869 0.649398207664
1413393920.305760622025 0.116790056229 0.097024500370 -2.677107334137 0.026092324406 0.732854008675 0.195761680603 0.651092588902
1413393920.355760574341 0.089600801468 0.144717961550 -2.697470188141 0.022110197693 0.732207834721 0.196526318789 0.651736319065
1413393920.405760526657 0.053113222122 0.197276383638 -2.728016614914 0.016232153401 0.729862153530 0.200887680054 0.653209030628
1413393920.455760478973 0.017131328583 0.243713647127 -2.763550758362 0.008476555347 0.726005911827 0.208841070533 0.655155718327
1413393920.505760669708 -0.021199703217 0.288803696632 -2.789946079254 0.000452680310 0.723400175571 0.214542195201 0.656249642372
1413393920.555760383606 -0.057950735092 0.332385540009 -2.821138381958 -0.005433405749 0.720550417900 0.219365343451 0.657766222954
1413393920.605760574341 -0.097780466080 0.375695437193 -2.845078945160 -0.010266453028 0.718899369240 0.221453070641 0.658814728260
1413393920.655760526657 -0.136826038361 0.415760785341 -2.874248504639 -0.014331188984 0.717019021511 0.223352059722 0.660145640373
1413393920.705760717392 -0.176527023315 0.451534092426 -2.904223203659 -0.017529997975 0.715720534325 0.224056616426 0.661237895489
1413393920.755760431290 -0.217670917511 0.493019044399 -2.934302806854 -0.018725747243 0.714521408081 0.222713336349 0.662953555584
1413393920.805760622025 -0.256722450256 0.528865575790 -2.956814527512 -0.020273875445 0.713579535484 0.223710983992 0.663586199284
1413393920.855760574341 -0.295075416565 0.569179177284 -2.988274097443 -0.022506266832 0.712599754333 0.222574487329 0.664947867393
1413393920.905760526657 -0.333978176117 0.612855613232 -3.008862972260 -0.027932543308 0.711536765099 0.223313912749 0.665632069111
1413393920.955760478973 -0.371064901352 0.648950755596 -3.026480436325 -0.034162785858 0.709980726242 0.225954517722 0.666111707687
1413393921.005760669708 -0.408871173859 0.686708688736 -3.040186166763 -0.042683970183 0.708445847034 0.231448888779 0.665367662907
1413393921.055760383606 -0.445198297501 0.714207589626 -3.063550710678 -0.053227819502 0.704835832119 0.239265426993 0.665676593781
1413393921.105760574341 -0.477035760880 0.748499691486 -3.080151557922 -0.062110729516 0.702038109303 0.245136320591 0.665727376938
1413393921.155760526657 -0.504097700119 0.778213560581 -3.097023487091 -0.067935861647 0.700002372265 0.250024050474 0.665484368801
1413393921.205760717392 -0.530178070068 0.809254288673 -3.111838817596 -0.073987394571 0.698940038681 0.251806169748 0.665283679962
1413393921.255760431290 -0.551353216171 0.841585278511 -3.123887777328 -0.077207580209 0.698208391666 0.252845495939 0.665291786194
1413393921.305760622025 -0.567861557007 0.866631031036 -3.135150194168 -0.079019330442 0.698054015636 0.254229903221 0.664713263512
1413393921.355760574341 -0.584892749786 0.899044394493 -3.147952556610 -0.078714638948 0.697068810463 0.255447089672 0.665316462517
1413393921.405760526657 -0.595166921616 0.924103736877 -3.158522605896 -0.075490593910 0.697199165821 0.255206227303 0.665645778179
1413393921.455760478973 -0.598704576492 0.939594984055 -3.165494203568 -0.069212332368 0.699076533318 0.252422839403 0.665420472622
1413393921.505760669708 -0.601677656174 0.960967779160 -3.173007488251 -0.060005676001 0.701533496380 0.245909720659 0.666167020798
1413393921.555760383606 -0.599210500717 0.977410316467 -3.182196140289 -0.049821015447 0.704108536243 0.239335462451 0.666684091091
1413393921.605760574341 -0.600040197372 1.003903150558 -3.196118831635 -0.040811780840 0.706564307213 0.232076466084 0.667264401913
1413393921.655760526657 -0.597414970398 1.021066427231 -3.199012517929 -0.035070315003 0.708323478699 0.228358671069 0.667008519173
1413393921.705760717392 -0.594726800919 1.041066169739 -3.200329065323 -0.031508978456 0.710091590881 0.225400254130 0.666312158108
1413393921.755760431290 -0.592866897583 1.071142673492 -3.206969499588 -0.028095319867 0.710856378078 0.222591832280 0.666593432426
1413393921.805760622025 -0.588058233261 1.096655368805 -3.203982114792 -0.025235505775 0.712283015251 0.219777226448 0.666118621826
1413393921.855760574341 -0.583972692490 1.128218531609 -3.200755119324 -0.021556587890 0.713844954967 0.215320453048 0.666031479836
1413393921.905760526657 -0.578626632690 1.154231667519 -3.197226524353 -0.014970709570 0.716300785542 0.210753098130 0.665035486221
1413393921.955760478973 -0.574452638626 1.184341073036 -3.191188097000 -0.008715010248 0.718822598457 0.203947797418 0.664547502995
1413393922.005760669708 -0.567372322083 1.211320638657 -3.179671525955 -0.004035997670 0.720624685287 0.200653836131 0.663642823696
1413393922.055760383606 -0.566097974777 1.238522171974 -3.168987989426 -0.006353030913 0.720965206623 0.202929913998 0.662561893463
1413393922.105760574341 -0.564723491669 1.267939805984 -3.156288146973 -0.010344741866 0.720590233803 0.206398338079 0.661847770214
1413393922.155760526657 -0.566656351089 1.299178600311 -3.142373323441 -0.017770659178 0.719169318676 0.212897434831 0.661176502705
1413393922.205760717392 -0.569910526276 1.332850575447 -3.128829479218 -0.029198382050 0.715830385685 0.225667089224 0.660158097744
1413393922.255760431290 -0.571038961411 1.362520217896 -3.111413478851 -0.040991790593 0.713258206844 0.236794367433 0.658415377140
1413393922.305760622025 -0.570111513138 1.387026786804 -3.102766990662 -0.051300857216 0.708466470242 0.250641047955 0.657740473747
1413393922.355760574341 -0.568039178848 1.413310289383 -3.084750890732 -0.060965511948 0.705178499222 0.261790186167 0.656103968620
1413393922.405760526657 -0.562915563583 1.440567016602 -3.063623905182 -0.067738726735 0.702892303467 0.270638138056 0.654300272465
1413393922.455760478973 -0.554313182831 1.462993860245 -3.047410488129 -0.067503362894 0.700259923935 0.280576527119 0.652959525585
1413393922.505760669708 -0.538352727890 1.484882235527 -3.036058187485 -0.060408577323 0.698198318481 0.287622392178 0.652796506882
1413393922.555760383606 -0.521920442581 1.507701516151 -3.021704673767 -0.047988593578 0.698498249054 0.290412634611 0.652271270752
1413393922.605760574341 -0.499836921692 1.525046110153 -3.006886243820 -0.033381476998 0.699660718441 0.290804803371 0.651761651039
1413393922.655760526657 -0.471974134445 1.539726734161 -2.996001005173 -0.021456630901 0.699963510036 0.291877806187 0.651458382607
1413393922.705760717392 -0.444902658463 1.555374860764 -2.988059282303 -0.011982552707 0.700612783432 0.290853351355 0.651461780071
1413393922.755760431290 -0.413062095642 1.574196815491 -2.976656675339 -0.006350048352 0.700903773308 0.289997696877 0.651609480381
1413393922.805760622025 -0.382283449173 1.593059897423 -2.970546960831 -0.005751990713 0.701082587242 0.289179891348 0.651786088943
1413393922.855760574341 -0.349636316299 1.614826440811 -2.966824531555 -0.011638711207 0.701128184795 0.288224250078 0.652081727982
1413393922.905760526657 -0.315485477448 1.632311105728 -2.966228961945 -0.020343480632 0.700832664967 0.288622975349 0.652009665966
1413393922.955760478973 -0.279130458832 1.650385141373 -2.968170166016 -0.031192975119 0.701421260834 0.286577820778 0.651850044727
1413393923.005760669708 -0.236943483353 1.660013914108 -2.977084159851 -0.045565612614 0.701918125153 0.283900201321 0.651640534401
1413393923.055760383606 -0.193241834641 1.671328425407 -2.984710216522 -0.057314388454 0.703235149384 0.279738187790 0.651092886925
1413393923.105760574341 -0.146615505219 1.678807020187 -2.990480184555 -0.065060652792 0.704929232597 0.276742130518 0.649812042713
1413393923.155760526657 -0.094690084457 1.682730555534 -3.003382444382 -0.071056030691 0.705117762089 0.275940150023 0.649320423603
1413393923.205760717392 -0.038815021515 1.681339502335 -3.013994693756 -0.074517853558 0.705764114857 0.274700433016 0.648755669594
1413393923.255760431290 0.019456624985 1.677937746048 -3.025876522064 -0.074033580720 0.706676602364 0.273140490055 0.648476302624
1413393923.305760622025 0.083569765091 1.674787878990 -3.038248538971 -0.066632620990 0.706783235073 0.273784339428 0.648891150951
1413393923.355760574341 0.151382446289 1.667303681374 -3.049539327621 -0.052991267294 0.705587685108 0.277731180191 0.649771749973
1413393923.405760526657 0.220814228058 1.661846160889 -3.057830095291 -0.036246646196 0.702054083347 0.283172100782 0.652395546436
1413393923.455760478973 0.294382572174 1.658674001694 -3.066088199615 -0.019414694980 0.696600615978 0.285760313272 0.657808244228
1413393923.505760669708 0.366472005844 1.651791810989 -3.078651905060 -0.004315330647 0.688976585865 0.286318153143 0.665818810463
1413393923.555760383606 0.440845966339 1.646155834198 -3.090384960175 0.007638367824 0.680681169033 0.282399594784 0.675918102264
1413393923.605760574341 0.511342763901 1.644562005997 -3.106324195862 0.016189903021 0.669157981873 0.277219563723 0.689285695553
1413393923.655760526657 0.586399793625 1.642152905464 -3.123375177383 0.015953732654 0.658245444298 0.266823321581 0.703749775887
1413393923.705760717392 0.661794662476 1.641515970230 -3.143495798111 0.011168433353 0.645776033401 0.253903716803 0.719987154007
1413393923.755760431290 0.732232570648 1.640850901604 -3.175927400589 0.000896051351 0.630726635456 0.243346050382 0.736862123013
1413393923.805760622025 0.810719013214 1.644643187523 -3.202211141586 -0.008936289698 0.613649666309 0.231964036822 0.754683256149
1413393923.855760574341 0.885900735855 1.641260266304 -3.232320547104 -0.017800424248 0.595984876156 0.222915098071 0.771228909492
1413393923.905760526657 0.959914207458 1.634412527084 -3.241934299469 -0.025509580970 0.580705642700 0.212358877063 0.785515069962
1413393923.955760478973 1.030700683594 1.636485934258 -3.268599271774 -0.029014473781 0.562884330750 0.205649584532 0.800017237663
1413393924.005760669708 1.105122804642 1.637274146080 -3.291846752167 -0.033891070634 0.545068502426 0.199434623122 0.813620090485
1413393924.055760383606 1.184308290482 1.641002178192 -3.321595430374 -0.038556888700 0.527451038361 0.192726731300 0.826538085938
1413393924.105760574341 1.259177923203 1.641682624817 -3.347484111786 -0.044972762465 0.511475503445 0.183636799455 0.838240921497
1413393924.155760526657 1.338114023209 1.640845060349 -3.374073028564 -0.052711233497 0.497202128172 0.170200988650 0.849142611027
1413393924.205760717392 1.420315504074 1.641054511070 -3.403772115707 -0.060809794813 0.485686182976 0.151313856244 0.858787119389
1413393924.255760431290 1.497231721878 1.639819860458 -3.423179149628 -0.067261651158 0.475630342960 0.128217235208 0.867647409439
1413393924.305760622025 1.575302243233 1.641912460327 -3.440101623535 -0.071935273707 0.466468125582 0.107139453292 0.875073671341
1413393924.355760574341 1.653739929199 1.636606335640 -3.450713872910 -0.078270681202 0.458444565535 0.087583236396 0.880926489830
1413393924.405760526657 1.729753375053 1.631491899490 -3.459373235703 -0.083236299455 0.452207535505 0.068261168897 0.885392844677
1413393924.455760478973 1.800243973732 1.622544646263 -3.461791515350 -0.089279524982 0.448809474707 0.049422390759 0.887781918049
1413393924.505760669708 1.864454746246 1.614735722542 -3.453157186508 -0.091485030949 0.448002398014 0.033052902669 0.888724863529
1413393924.555760383606 1.928854584694 1.598768591881 -3.444696426392 -0.093029476702 0.445707559586 0.019454453140 0.890119016171
1413393924.605760574341 1.992276430130 1.576538801193 -3.430323362350 -0.090607926250 0.444533318281 0.005054383539 0.891153633595
1413393924.655760526657 2.059674739838 1.551581621170 -3.416626214981 -0.086467444897 0.442349195480 -0.007730217185 0.892631471157
1413393924.705760717392 2.111391067505 1.521841406822 -3.392111778259 -0.079704888165 0.442553400993 -0.020545313135 0.892956614494
1413393924.755760431290 2.154884815216 1.484213352203 -3.358435392380 -0.072468176484 0.443856984377 -0.029079947621 0.892689108849
1413393924.805760622025 2.188243389130 1.440103888512 -3.321354150772 -0.067917153239 0.445431381464 -0.032900784165 0.892129838467
1413393924.855760574341 2.211553096771 1.386358141899 -3.271469593048 -0.063140645623 0.446319997311 -0.025295076892 0.892284691334
1413393924.905760526657 2.217319965363 1.330175876617 -3.212527036667 -0.057694036514 0.447159290314 -0.008542058058 0.892550885677
1413393924.955760478973 2.229535579681 1.255816459656 -3.163018703461 -0.054786674678 0.440278828144 0.021755078807 0.895923912525
1413393925.005760669708 2.235053539276 1.179618477821 -3.116044759750 -0.050275404006 0.430987685919 0.050404977053 0.899545073509
1413393925.055760383606 2.228527307510 1.093903541565 -3.044341325760 -0.049183987081 0.424443721771 0.074130110443 0.901073396206
1413393925.105760574341 2.219205379486 1.020865082741 -2.970201969147 -0.044879030436 0.416440010071 0.092858359218 0.903294503689
1413393925.155760526657 2.206384658813 0.932797014713 -2.910239458084 -0.043399520218 0.404796719551 0.111834779382 0.906503796577
1413393925.205760717392 2.179826498032 0.848920047283 -2.853476285934 -0.042488254607 0.390823364258 0.131369203329 0.910051643848
1413393925.255760431290 2.171507835388 0.761769473553 -2.781472206116 -0.043359149247 0.374052554369 0.149535477161 0.914245009422
1413393925.305760622025 2.167670726776 0.692149937153 -2.705710172653 -0.042860172689 0.358695685863 0.160732805729 0.918512582779
1413393925.355760574341 2.163362026215 0.605263948441 -2.636012315750 -0.045180324465 0.345295459032 0.164071530104 0.922935724258
1413393925.405760526657 2.163027048111 0.525051951408 -2.564454078674 -0.045999623835 0.336318999529 0.159390553832 0.927021205425
1413393925.455760478973 2.162649154663 0.444904655218 -2.497254848480 -0.043838426471 0.329909414053 0.153445467353 0.930425941944
1413393925.505760669708 2.173658132553 0.371031671762 -2.423058271408 -0.040226295590 0.324645608664 0.146420106292 0.933567464352
1413393925.555760383606 2.179646253586 0.291014611721 -2.359933137894 -0.038780372590 0.320254862309 0.141495212913 0.935901761055
1413393925.605760574341 2.189174652100 0.215234428644 -2.287781715393 -0.034732319415 0.315451413393 0.137789562345 0.938242077827
1413393925.655760526657 2.204822778702 0.143588468432 -2.211591243744 -0.032278232276 0.311812579632 0.134210303426 0.940063118935
1413393925.705760717392 2.213630199432 0.065831057727 -2.146015644073 -0.032967232168 0.309904158115 0.130002200603 0.941260874271
1413393925.755760431290 2.225027322769 0.013544082642 -2.070462226868 -0.030525919050 0.309116899967 0.125606566668 0.942198455334
1413393925.805760622025 2.239252328873 -0.034184042364 -1.996712207794 -0.027283638716 0.308220744133 0.120983608067 0.943195939064
1413393925.855760574341 2.261749505997 -0.082180343568 -1.910085916519 -0.024694513530 0.307160735130 0.118950948119 0.943871378899
1413393925.905760526657 2.278504848480 -0.119139723480 -1.831130981445 -0.020144764334 0.307898819447 0.113798387349 0.944374084473
1413393925.955760478973 2.291287660599 -0.141919478774 -1.751130223274 -0.010404746048 0.308448106050 0.109417490661 0.944870054722
1413393926.005760669708 2.311264038086 -0.167365267873 -1.668974637985 -0.001615293440 0.309475123882 0.105338752270 0.945053637028
1413393926.055760383606 2.330495357513 -0.196916729212 -1.584956288338 0.009963792749 0.310514807701 0.104780197144 0.944723486900
1413393926.105760574341 2.344169378281 -0.218001216650 -1.506180763245 0.021778505296 0.311213672161 0.102871961892 0.944504737854
1413393926.155760526657 2.384902000427 -0.245484039187 -1.422492504120 0.029294610023 0.309298694134 0.105371274054 0.944655001163
1413393926.205760717392 2.404819250107 -0.266536712646 -1.344012975693 0.033542100340 0.309053987265 0.106969252229 0.944414198399
1413393926.255760431290 2.419177770615 -0.288269758224 -1.273058176041 0.034352131188 0.309258669615 0.109435811639 0.944035410881
1413393926.305760622025 2.430929899216 -0.308699518442 -1.208341956139 0.031888954341 0.309404790401 0.112451672554 0.943719446659
1413393926.355760574341 2.458480119705 -0.325859725475 -1.141371488571 0.026721267030 0.307753086090 0.116089425981 0.943979501724
1413393926.405760526657 2.480569362640 -0.354874879122 -1.078466296196 0.019145272672 0.305797576904 0.118896976113 0.944449543953
1413393926.455760478973 2.494799852371 -0.373956978321 -1.017672896385 0.017468579113 0.304056107998 0.116875074804 0.945296227932
1413393926.505760669708 2.508483409882 -0.396590948105 -0.958948373795 0.019279118627 0.301700472832 0.114071480930 0.946357727051
1413393926.555760383606 2.527262687683 -0.413992881775 -0.901880919933 0.022584943101 0.298233687878 0.108696304262 0.948014616966
1413393926.605760574341 2.547705650330 -0.427165269852 -0.842808902264 0.026071367785 0.293701976538 0.102280713618 0.950051605701
1413393926.655760526657 2.570416688919 -0.434091597795 -0.783143222332 0.028251355514 0.287582933903 0.096827477217 0.952429711819
1413393926.705760717392 2.586662769318 -0.439472079277 -0.730374932289 0.028476575390 0.280974209309 0.089725315571 0.955087423325
1413393926.755760431290 2.597092390060 -0.444349825382 -0.680624723434 0.027947712690 0.272607982159 0.084805667400 0.957972824574
1413393926.805760622025 2.612482547760 -0.448580652475 -0.632167696953 0.026482008398 0.262803614140 0.080680929124 0.961105406284
1413393926.855760574341 2.620563030243 -0.461750805378 -0.589281201363 0.023410568014 0.252246022224 0.076758958399 0.964329779148
1413393926.905760526657 2.638919591904 -0.482778549194 -0.541088283062 0.016145788133 0.240094572306 0.074730202556 0.967734098434
1413393926.955760478973 2.655123233795 -0.507034122944 -0.503849923611 0.008554596454 0.227183908224 0.074355423450 0.970971524715
1413393927.005760669708 2.666226625443 -0.529887437820 -0.466887861490 -0.000452813721 0.215800508857 0.072931073606 0.973709940910
1413393927.055760383606 2.678389072418 -0.559233427048 -0.434032022953 -0.010056562722 0.204830497503 0.076091095805 0.975783526897
1413393927.105760574341 2.690356254578 -0.592183947563 -0.405024945736 -0.016742495820 0.194958493114 0.079714193940 0.977423429489
1413393927.155760526657 2.708848476410 -0.630103051662 -0.375264912844 -0.021915223449 0.184935063124 0.086406901479 0.978699445724
1413393927.205760717392 2.717214822769 -0.663567602634 -0.344457238913 -0.023926205933 0.177765145898 0.091769807041 0.979492425919
1413393927.255760431290 2.739864587784 -0.703348934650 -0.310973882675 -0.029329694808 0.170150071383 0.098837867379 0.980010092258
1413393927.305760622025 2.766553640366 -0.737378358841 -0.280078053474 -0.036956612021 0.162866786122 0.102366439998 0.980627238750
1413393927.355760574341 2.788778781891 -0.771467387676 -0.250004202127 -0.045105244964 0.157806649804 0.100294649601 0.981327474117
1413393927.405760526657 2.817060947418 -0.802105724812 -0.218601688743 -0.050641398877 0.153813317418 0.091996014118 0.982503771782
1413393927.455760478973 2.850534677505 -0.840679883957 -0.184914857149 -0.052606962621 0.151795461774 0.077264226973 0.983982145786
1413393927.505760669708 2.890234947205 -0.872223436832 -0.148518085480 -0.050510838628 0.150361299515 0.059910349548 0.985520660877
1413393927.555760383606 2.911227703094 -0.917178452015 -0.115466319025 -0.049135681242 0.151317387819 0.042208909988 0.986360549927
1413393927.605760574341 2.942178010941 -0.945975065231 -0.077429473400 -0.045467767864 0.149653330445 0.024268141016 0.987394332886
1413393927.655760526657 2.965321063995 -0.989695310593 -0.040831960738 -0.042144682258 0.147496193647 0.006430476438 0.988143384457
1413393927.705760717392 2.999338626862 -1.019306540489 -0.000706031919 -0.033816859126 0.143102169037 -0.010525070131 0.989073991776
1413393927.755760431290 3.021142482758 -1.053638696671 0.040180448443 -0.024719726294 0.140747860074 -0.028261799365 0.989333271980
1413393927.805760622025 3.027354001999 -1.076456904411 0.078679598868 -0.013357575051 0.140794366598 -0.043827112764 0.988978147507
1413393927.855760574341 3.074932813644 -1.142285227776 0.125880181789 -0.008250227198 0.134928181767 -0.054338749498 0.989329934120
1413393927.905760526657 3.072299242020 -1.173032522202 0.159810677171 0.000476680900 0.133760079741 -0.059335697442 0.989235699177
1413393927.955760478973 3.104135036469 -1.246190309525 0.215717211366 0.001454548445 0.128474131227 -0.062798142433 0.989721536636
1413393928.005760669708 3.100995779037 -1.279811263084 0.253642112017 0.007133687381 0.127931401134 -0.064980447292 0.989626348019
1413393928.055760383606 3.106822490692 -1.330282449722 0.298342525959 0.008792139590 0.127011597157 -0.066634617746 0.989621460438
1413393928.105760574341 3.100258350372 -1.371220231056 0.345341712236 0.011885912158 0.126895815134 -0.069221943617 0.989426374435
1413393928.155760526657 3.092199325562 -1.431124329567 0.394636034966 0.011243705638 0.126459300518 -0.069767631590 0.989451467991
1413393928.205760717392 3.084368944168 -1.453511238098 0.437605768442 0.013557316735 0.125766202807 -0.069756142795 0.989511549473
1413393928.255760431290 3.059502840042 -1.495497941971 0.479710876942 0.010712964460 0.125304162502 -0.064066529274 0.989989697933
1413393928.305760622025 3.040800094604 -1.528270602226 0.527355551720 0.007782485802 0.120217464864 -0.051165826619 0.991397619247
1413393928.355760574341 2.996001005173 -1.576996088028 0.573147773743 0.006519701332 0.116389892995 -0.032256260514 0.992658317089
1413393928.405760526657 2.938883066177 -1.609934210777 0.613954007626 0.009352388792 0.114385724068 -0.014924289659 0.993280291557
1413393928.455760478973 2.909901618958 -1.633591175079 0.655256390572 0.013125416823 0.108679339290 0.001711888937 0.993988752365
1413393928.505760669708 2.855167865753 -1.666841268539 0.699767231941 0.016100687906 0.107452340424 0.015058763325 0.993965804577
1413393928.555760383606 2.824892520905 -1.695565938950 0.744189739227 0.021281301975 0.103661507368 0.023912100121 0.994097411633
1413393928.605760574341 2.785384416580 -1.712537050247 0.784078061581 0.031342603266 0.102576330304 0.030160780996 0.993773698807
1413393928.655760526657 2.724256753922 -1.744141697884 0.825637042522 0.037086810917 0.105677731335 0.035994507372 0.993056476116
1413393928.705760717392 2.694031715393 -1.755635142326 0.861679971218 0.041412286460 0.105530813336 0.036344967782 0.992888391018
1413393928.755760431290 2.665325641632 -1.776209831238 0.893759071827 0.040973890573 0.105981431901 0.036186669022 0.992864370346
1413393928.805760622025 2.621980428696 -1.785957932472 0.920339941978 0.041524887085 0.111298628151 0.029829300940 0.992470920086
1413393928.855760574341 2.581613302231 -1.804651618004 0.949558675289 0.039507683367 0.116205886006 0.023644564673 0.992157399654
1413393928.905760526657 2.531416177750 -1.818588972092 0.973499119282 0.038531616330 0.124295100570 0.014735962264 0.991387367249
1413393928.955760478973 2.497760534286 -1.831540584564 0.990959882736 0.036510787904 0.131841227412 0.006749452557 0.990575253963
1413393929.005760669708 2.455858945847 -1.844497203827 1.007862567902 0.034066390246 0.142015650868 0.001774241682 0.989276468754
1413393929.055760383606 2.418727874756 -1.854980707169 1.021288871765 0.031533371657 0.151945486665 0.000860941887 0.987885355949
1413393929.105760574341 2.370315074921 -1.861906886101 1.027436017990 0.029745573178 0.164307579398 -0.000126596089 0.985960543156
1413393929.155760526657 2.327861785889 -1.881822347641 1.038245081902 0.026852123439 0.176596134901 0.001180527499 0.983916342258
1413393929.205760717392 2.280399084091 -1.891584515572 1.040650963783 0.022730745375 0.189308539033 0.003859024728 0.981646955013
1413393929.255760431290 2.233093023300 -1.890804529190 1.041617155075 0.020445628092 0.203139126301 0.010700669140 0.978877961636
1413393929.305760622025 2.180495977402 -1.906886577606 1.043973207474 0.014978143387 0.216730147600 0.020167028531 0.975908279419
1413393929.355760574341 2.121659040451 -1.916894435883 1.042115688324 0.010515804403 0.231367811561 0.031537804753 0.972298204899
1413393929.405760526657 2.061749935150 -1.931721925735 1.044097542763 0.006920013577 0.246931150556 0.044335789979 0.967993497849
1413393929.455760478973 1.998200178146 -1.942806601524 1.046045899391 0.004282711074 0.263534814119 0.055262375623 0.963056147099
1413393929.505760669708 1.944913506508 -1.949082374573 1.040034770966 0.001450374024 0.279321640730 0.064776316285 0.958009064198
1413393929.555760383606 1.891880154610 -1.947923302650 1.026253819466 -0.000721333432 0.294745653868 0.072858624160 0.952793836594
1413393929.605760574341 1.826279044151 -1.952451229095 1.028051972389 -0.002917473670 0.313866645098 0.079152315855 0.946157574654
1413393929.655760526657 1.768120884895 -1.978853583336 1.024568319321 -0.007443387061 0.332568973303 0.087810538709 0.938952565193
1413393929.705760717392 1.726152062416 -1.986295700073 1.014150977135 -0.008566590026 0.348175942898 0.093909770250 0.932674169540
1413393929.755760431290 1.664412617683 -1.993551492691 1.001955866814 -0.008903929964 0.364636987448 0.101104803383 0.925601661205
1413393929.805760622025 1.591247558594 -1.999430179596 1.004174947739 -0.006903338246 0.382364898920 0.111637599766 0.917216718197
1413393929.855760574341 1.510713338852 -2.026993513107 1.013928174973 -0.006024196744 0.399847418070 0.126644000411 0.907770395279
1413393929.905760526657 1.462405085564 -2.035572052002 0.998807430267 -0.000438220624 0.410453975201 0.143206968904 0.900566041470
1413393929.955760478973 1.375413656235 -2.055532217026 1.016462922096 0.004716470372 0.426892042160 0.159610345960 0.890092968941
1413393930.005760669708 1.323578715324 -2.052657127380 1.007977724075 0.010362566449 0.437593698502 0.172640174627 0.882382988930
1413393930.055760383606 1.275916576385 -2.073695421219 0.995502054691 0.012974082492 0.448571920395 0.186569377780 0.873960375786
1413393930.105760574341 1.242723226547 -2.057137727737 0.961459338665 0.017276415601 0.455028384924 0.196282178164 0.868403136730
1413393930.155760526657 1.213832616806 -2.090430021286 0.934524476528 0.016332855448 0.462348639965 0.206253901124 0.862221717834
1413393930.205760717392 1.153049230576 -2.085914134979 0.926263809204 0.018887661397 0.471323698759 0.209784358740 0.856438994408
1413393930.255760431290 1.079146146774 -2.117017745972 0.950696229935 0.016389062628 0.482603877783 0.210935935378 0.849900603294
1413393930.305760622025 1.034951448441 -2.126473188400 0.936803340912 0.012937879190 0.489482641220 0.209691137075 0.846326768398
1413393930.355760574341 0.998984158039 -2.113276720047 0.904457688332 0.006423607003 0.495079994202 0.199698209763 0.845562100410
1413393930.405760526657 0.928850412369 -2.107260942459 0.933488965034 -0.000651465089 0.505995392799 0.188767820597 0.841626465321
1413393930.455760478973 0.894210219383 -2.097114324570 0.903999209404 -0.008565314114 0.509480953217 0.179471045732 0.841514050961
1413393930.505760669708 0.865608692169 -2.084027528763 0.876165747643 -0.015211271122 0.510960280895 0.172540664673 0.841972649097
1413393930.555760383606 0.925374925137 -2.276814222336 1.189154267311 -0.025653032586 0.519518613815 0.171119198203 0.836756050587
1413393930.605760574341 0.881715774536 -2.229208707809 1.146026372910 -0.021279826760 0.516092360020 0.170837134123 0.839053332806
1413393930.655760526657 0.828624844551 -2.178700923920 1.131052970886 -0.015150395222 0.513884842396 0.171494916081 0.840406000614
1413393930.705760717392 0.761264741421 -2.108625173569 1.126132726669 -0.005599829834 0.512950956821 0.172732725739 0.840840935707
1413393930.755760431290 0.718938708305 -2.066548824310 1.131277203560 0.001226170338 0.511516988277 0.174716308713 0.841322302818
1413393930.805760622025 0.684023618698 -2.035539627075 1.120105743408 0.004695659969 0.508643746376 0.175570622087 0.842872738838
1413393930.855760574341 0.638382852077 -1.964285016060 1.077104210854 0.011103097349 0.503351151943 0.175341621041 0.846031725407
1413393930.905760526657 0.591995716095 -1.935147285461 1.072824835777 0.010965500027 0.502384662628 0.175971269608 0.846477150917
1413393930.955760478973 0.546149432659 -1.889589667320 1.066409349442 0.008830250241 0.500858664513 0.173805311322 0.847852706909
1413393931.005760669708 0.504895031452 -1.868560194969 1.049282312393 0.007984152995 0.498389780521 0.176551431417 0.848748207092
1413393931.055760383606 0.449043005705 -1.843546032906 1.065546274185 0.003881133394 0.500218689442 0.175058677793 0.848009824753
1413393931.105760574341 0.422370880842 -1.810405254364 1.011498928070 0.004180017393 0.494863778353 0.175912782550 0.850968360901
1413393931.155760526657 0.375196665525 -1.761350631714 0.977857828140 0.003372269217 0.491974383593 0.175472348928 0.852736413479
1413393931.205760717392 0.328787118196 -1.713644027710 0.944225907326 0.002641925821 0.489495068789 0.174878522754 0.854286313057
1413393931.255760431290 0.280813544989 -1.667560458183 0.909494161606 0.002967419568 0.486035436392 0.175865978003 0.856056034565
1413393931.305760622025 0.240146517754 -1.651478767395 0.868625044823 0.001616469119 0.482428252697 0.180290535092 0.857178926468
1413393931.355760574341 0.205663889647 -1.627958059311 0.831544280052 0.001473309356 0.479430049658 0.184100046754 0.858051180840
1413393931.405760526657 0.147118121386 -1.587641239166 0.849248886108 0.003101151204 0.479903459549 0.188547700644 0.856815516949
1413393931.455760478973 0.115146517754 -1.563987255096 0.821444511414 0.003652017098 0.477118521929 0.193576678634 0.857247114182
1413393931.505760669708 0.091089844704 -1.531723022461 0.777184128761 0.005380720831 0.473085969687 0.198374748230 0.858375310898
1413393931.555760383606 0.056195080280 -1.509131908417 0.758013844490 0.004974720534 0.472236782312 0.200716197491 0.858301043510
1413393931.605760574341 0.029172420502 -1.466704607010 0.728718519211 0.005033974070 0.469973862171 0.203374356031 0.858916819096
1413393931.655760526657 0.014612913132 -1.435323476791 0.682767689228 0.005262901541 0.467416852713 0.204345911741 0.860079407692
1413393931.705760717392 -0.010434150696 -1.394293546677 0.656351447105 0.005271284841 0.466780245304 0.204272061586 0.860442519188
1413393931.755760431290 -0.042891800404 -1.344091296196 0.643710732460 0.005246549379 0.467721432447 0.202678143978 0.860308468342
1413393931.805760622025 -0.065543711185 -1.304794549942 0.625412642956 0.004080031533 0.468092978001 0.201473772526 0.860395610332
1413393931.855760574341 -0.089880079031 -1.254786133766 0.597459137440 0.003669517580 0.468381762505 0.200310856104 0.860511898994
1413393931.905760526657 -0.112278908491 -1.212545156479 0.576358914375 0.002217656234 0.469427108765 0.198382928967 0.860393822193
1413393931.955760478973 -0.104422569275 -1.159219503403 0.513281464577 0.001592800603 0.466853529215 0.197375312448 0.862025678158
1413393932.005760669708 -0.118614315987 -1.120223522186 0.487078964710 -0.000242317925 0.468158155680 0.195416226983 0.861765921116
1413393932.055760383606 -0.117217361927 -1.066672444344 0.432305008173 -0.002502907068 0.466991811991 0.192015826702 0.863158345222
1413393932.105760574341 -0.126422911882 -1.026124596596 0.389018684626 -0.006181853823 0.468107312918 0.188270509243 0.863360643387
1413393932.155760526657 -0.128716021776 -0.985950767994 0.358349204063 -0.011213184334 0.470291018486 0.182517826557 0.863358497620
1413393932.205760717392 -0.113175094128 -0.942926168442 0.280109465122 -0.016486424953 0.469749510288 0.177403718233 0.864633738995
1413393932.255760431290 -0.132732748985 -0.892533779144 0.252723217010 -0.021885642782 0.475415974855 0.168234556913 0.863248407841
1413393932.305760622025 -0.130232363939 -0.848826408386 0.203325212002 -0.026608821005 0.476941943169 0.161613479257 0.863538980484
1413393932.355760574341 -0.118512511253 -0.820456624031 0.155987709761 -0.031762368977 0.478474557400 0.156793683767 0.863405525684
1413393932.405760526657 -0.112725660205 -0.782931506634 0.113105341792 -0.034951679409 0.480072081089 0.153186619282 0.863042950630
1413393932.455760478973 -0.104797109962 -0.746574878693 0.075216867030 -0.037843234837 0.481521844864 0.150590583682 0.862570106983
1413393932.505760669708 -0.098996162415 -0.717473804951 0.039846621454 -0.040504693985 0.483573824167 0.148317843676 0.861694633961
1413393932.555760383606 -0.081653825939 -0.668337345123 -0.014596836641 -0.039837542921 0.483559161425 0.145324721932 0.862243711948
1413393932.605760574341 -0.083324007690 -0.620675921440 -0.040213517845 -0.036299843341 0.486608564854 0.141361102462 0.861342847347
1413393932.655760526657 -0.060739919543 -0.580644845963 -0.082567699254 -0.032495234162 0.487359046936 0.139590814710 0.861359179020
1413393932.705760717392 -0.037612456828 -0.565539300442 -0.133231639862 -0.030932588503 0.486674368382 0.139593034983 0.861803352833
1413393932.755760431290 -0.026405889541 -0.534462571144 -0.167531698942 -0.028297526762 0.488050043583 0.138529494405 0.861287474632
1413393932.805760622025 -0.030525440350 -0.505461037159 -0.177482157946 -0.025435596704 0.491604268551 0.135967746377 0.859762191772
1413393932.855760574341 -0.008991584182 -0.471489429474 -0.226219683886 -0.024464098737 0.491571247578 0.134989425540 0.859963417053
1413393932.905760526657 0.002599891275 -0.475972741842 -0.247845247388 -0.026137957349 0.493692696095 0.132875457406 0.859027624130
1413393932.955760478973 0.008448056877 -0.455792635679 -0.274188667536 -0.020424321294 0.496143668890 0.128835737705 0.858385503292
1413393933.005760669708 0.008019812405 -0.431353360415 -0.299385935068 -0.010146319866 0.498550266027 0.121978260577 0.858175992966
1413393933.055760383606 0.017646230757 -0.414678394794 -0.324594289064 -0.001818218385 0.499053210020 0.116190724075 0.858744621277
1413393933.105760574341 0.014705680311 -0.417096495628 -0.336982727051 0.006347444374 0.500711560249 0.111532919109 0.858375251293
1413393933.155760526657 0.019548088312 -0.414622545242 -0.354514896870 0.011990849860 0.500511348248 0.110875725746 0.858516871929
1413393933.205760717392 -0.000463277102 -0.394111484289 -0.366898238659 0.018659202382 0.501176774502 0.110720254481 0.858029544353
1413393933.255760431290 0.003647044301 -0.369213521481 -0.401438862085 0.024959096685 0.496937096119 0.116585657001 0.859557092190
1413393933.305760622025 0.005507186055 -0.367007493973 -0.427438855171 0.030660426244 0.493027508259 0.126745805144 0.860185623169
1413393933.355760574341 -0.010537236929 -0.368981003761 -0.442219674587 0.035052526742 0.490680307150 0.135324314237 0.860053241253
1413393933.405760526657 -0.014927014709 -0.362176537514 -0.471612393856 0.038975607604 0.485444217920 0.147343292832 0.860880255699
1413393933.455760478973 -0.040465764701 -0.352310597897 -0.497537374496 0.040125280619 0.481415510178 0.160862579942 0.860669672489
1413393933.505760669708 -0.055583804846 -0.340180784464 -0.522649824619 0.038965992630 0.476061284542 0.175802275538 0.860779225826
1413393933.555760383606 -0.058857977390 -0.345289647579 -0.557893157005 0.033716339618 0.470262318850 0.190552905202 0.861049473286
1413393933.605760574341 -0.087243907154 -0.327175140381 -0.587349534035 0.030630353838 0.467856198549 0.200565204024 0.860201120377
1413393933.655760526657 -0.097867533565 -0.320975124836 -0.622229874134 0.024188922718 0.467057734728 0.205353319645 0.859710454941
1413393933.705760717392 -0.119927994907 -0.292057037354 -0.663298010826 0.018709884956 0.468028724194 0.202752172947 0.859936416149
1413393933.755760431290 -0.136034846306 -0.280752509832 -0.692286014557 0.009290033951 0.471909642220 0.195869922638 0.859563827515
1413393933.805760622025 -0.167908653617 -0.243545308709 -0.721768796444 0.002464102348 0.477384418249 0.184692680836 0.859061479568
1413393933.855760574341 -0.184150740504 -0.226562589407 -0.762552917004 -0.005720739719 0.480262070894 0.178149059415 0.858823895454
1413393933.905760526657 -0.190828651190 -0.179152607918 -0.817494988441 -0.008187304251 0.481104761362 0.172377660871 0.859509825706
1413393933.955760478973 -0.193889051676 -0.141213819385 -0.856913924217 -0.008660154417 0.482616126537 0.165818452835 0.859948217869
1413393934.005760669708 -0.193750351667 -0.125048130751 -0.902066230774 -0.005451224279 0.485695332289 0.154834434390 0.860288679600
1413393934.055760383606 -0.207336157560 -0.096283257008 -0.945268094540 0.000717629795 0.489234268665 0.143341168761 0.860292196274
1413393934.105760574341 -0.217692106962 -0.078359641135 -0.977501034737 0.007533985190 0.492442607880 0.134064957500 0.859924495220
1413393934.155760526657 -0.227589786053 -0.064473301172 -1.012436985970 0.009578293189 0.494137465954 0.128300547600 0.859811306000
1413393934.205760717392 -0.242106735706 -0.051020048559 -1.060360312462 0.011210940778 0.494442939758 0.124425783753 0.860185265541
1413393934.255760431290 -0.265406996012 -0.049600072205 -1.107579469681 0.010587795638 0.491772174835 0.127197161317 0.861318111420
1413393934.305760622025 -0.284564137459 -0.042128033936 -1.150260210037 0.010199905373 0.489572763443 0.132550567389 0.861768424511
1413393934.355760574341 -0.309466600418 -0.023837387562 -1.187397480011 0.008763303049 0.486326992512 0.140876904130 0.862300992012
1413393934.405760526657 -0.331502616405 -0.008735656738 -1.228026270866 0.005729686935 0.481484949589 0.151129573584 0.863307178020
1413393934.455760478973 -0.352596879005 0.007038205862 -1.262558460236 0.003591665067 0.478156358004 0.160728126764 0.863435089588
1413393934.505760669708 -0.375343531370 0.024402067065 -1.299550890923 0.001177166589 0.474876463413 0.169263213873 0.863620877266
1413393934.555760383606 -0.398033708334 0.055803954601 -1.336148262024 0.001953836996 0.471348732710 0.177404284477 0.863918006420
1413393934.605760574341 -0.419166237116 0.084748238325 -1.369612336159 0.002510632388 0.469305574894 0.184562250972 0.863529264927
1413393934.655760526657 -0.439639210701 0.114950105548 -1.403656840324 0.004616022110 0.466935575008 0.191455990076 0.863304436207
1413393934.705760717392 -0.460060119629 0.148020148277 -1.444650173187 0.007720821537 0.463959783316 0.198725342751 0.863243877888
1413393934.755760431290 -0.473847091198 0.184164449573 -1.477107048035 0.009883274324 0.458669185638 0.208153352141 0.863827049732
1413393934.805760622025 -0.490714699030 0.223386198282 -1.512467861176 0.012296693400 0.451036900282 0.219516366720 0.865001201630
1413393934.855760574341 -0.507167100906 0.266011983156 -1.551300764084 0.011443273164 0.441331267357 0.227762505412 0.867882490158
1413393934.905760526657 -0.520588755608 0.309900820255 -1.593300580978 0.006007334683 0.430810183287 0.233048036695 0.871811449528
1413393934.955760478973 -0.527992725372 0.361622124910 -1.631742000580 -0.003578222822 0.420045435429 0.230936378241 0.877620339394
1413393935.005760669708 -0.532117247581 0.415459305048 -1.677591681480 -0.016974246129 0.410564720631 0.218213960528 0.885172963142
1413393935.055760383606 -0.532040178776 0.475828200579 -1.721820235252 -0.032079108059 0.400864034891 0.197531118989 0.894013702869
1413393935.105760574341 -0.530878305435 0.527174890041 -1.767361640930 -0.046108599752 0.389530003071 0.177746757865 0.902522265911
1413393935.155760526657 -0.525366544724 0.576603770256 -1.805084466934 -0.057749446481 0.376239329576 0.159430027008 0.910873770714
1413393935.205760717392 -0.515935838223 0.627127528191 -1.852259874344 -0.064613871276 0.359210401773 0.144415199757 0.919748485088
1413393935.255760431290 -0.509807944298 0.669001519680 -1.891924500465 -0.069693505764 0.341942042112 0.131259933114 0.927895069122
1413393935.305760622025 -0.500499784946 0.707182347775 -1.929931998253 -0.071416325867 0.323217183352 0.121373146772 0.935787916183
1413393935.355760574341 -0.486049741507 0.730540156364 -1.958605527878 -0.073793709278 0.304472059011 0.113953717053 0.942796826363
1413393935.405760526657 -0.467887043953 0.761194407940 -1.993601560593 -0.072192266583 0.285228818655 0.102184973657 0.950258374214
1413393935.455760478973 -0.451823443174 0.775331377983 -2.022014617920 -0.071048855782 0.267394691706 0.090993471444 0.956646382809
1413393935.505760669708 -0.432759761810 0.788834035397 -2.045280456543 -0.068244881928 0.249576732516 0.076838754117 0.962886273861
1413393935.555760383606 -0.414397865534 0.795951783657 -2.071254253387 -0.067546196282 0.231576815248 0.064334928989 0.968334019184
1413393935.605760574341 -0.391495853662 0.798984229565 -2.097198724747 -0.067344449461 0.214609459043 0.048854816705 0.973149895668
1413393935.655760526657 -0.375287115574 0.799933433533 -2.109561443329 -0.068892627954 0.202084809542 0.033937625587 0.976352334023
1413393935.705760717392 -0.351033598185 0.794638812542 -2.121866941452 -0.071754068136 0.191190302372 0.016143830493 0.978793680668
1413393935.755760431290 -0.336225748062 0.792014598846 -2.131977796555 -0.072192028165 0.182986065745 -0.000365533662 0.980461239815
1413393935.805760622025 -0.322596520185 0.789944291115 -2.139355897903 -0.071088790894 0.175426468253 -0.018666600809 0.981745183468
1413393935.855760574341 -0.311203300953 0.779133260250 -2.138445138931 -0.070554420352 0.167205736041 -0.036558050662 0.982714533806
1413393935.905760526657 -0.306129097939 0.772294580936 -2.135524988174 -0.068014629185 0.156853690743 -0.048251494765 0.984094917774
1413393935.955760478973 -0.307719647884 0.762907266617 -2.133920431137 -0.062949024141 0.141411602497 -0.045072227716 0.986918807030
1413393936.005760669708 -0.315862357616 0.742447018623 -2.122530937195 -0.059515047818 0.122667379677 -0.035685811192 0.990018785000
1413393936.055760383606 -0.327297985554 0.731473922729 -2.112584829330 -0.053682833910 0.101615093648 -0.026059351861 0.993032455444
1413393936.105760574341 -0.344965934753 0.708323121071 -2.095802545547 -0.049798421562 0.079250678420 -0.016390051693 0.995475232601
1413393936.155760526657 -0.357499599457 0.691073715687 -2.075891971588 -0.044913295656 0.054163318127 -0.007401539944 0.997494041920
1413393936.205760717392 -0.378586828709 0.670537531376 -2.067021608353 -0.042221102864 0.028573380783 0.001484003849 0.998698532581
1413393936.255760431290 -0.397471785545 0.651347577572 -2.053221225739 -0.039830457419 0.002103495877 0.008946826681 0.999164223671
1413393936.305760622025 -0.408750146627 0.637239694595 -2.024952888489 -0.038885809481 -0.024661539122 0.014054746367 0.998840391636
1413393936.355760574341 -0.427310377359 0.615402162075 -2.004307985306 -0.039511688054 -0.050267469138 0.015176331624 0.997838556767
1413393936.405760526657 -0.438343465328 0.591137170792 -1.978556990623 -0.041262265295 -0.075609102845 0.014263497666 0.996181309223
1413393936.455760478973 -0.443648606539 0.579591035843 -1.951202154160 -0.038031775504 -0.100849375129 0.007355060428 0.994147360325
1413393936.505760669708 -0.460829496384 0.560717701912 -1.929517269135 -0.032390810549 -0.121353067458 -0.004560116678 0.992070317268
1413393936.555760383606 -0.467053592205 0.536163032055 -1.906369566917 -0.026590665802 -0.141642674804 -0.015373621136 0.989441275597
1413393936.605760574341 -0.468526244164 0.512247204781 -1.877555251122 -0.016661899164 -0.161921083927 -0.027603005990 0.986276865005
1413393936.655760526657 -0.479927480221 0.491679608822 -1.848239421844 -0.004777648486 -0.179411768913 -0.036899074912 0.983070194721
1413393936.705760717392 -0.480270445347 0.465330392122 -1.819245815277 0.005999256391 -0.197502434254 -0.043458726257 0.979320287704
1413393936.755760431290 -0.486328333616 0.443215608597 -1.793141245842 0.015495970845 -0.214003920555 -0.050375118852 0.975409924984
1413393936.805760622025 -0.480322033167 0.414471924305 -1.761495471001 0.021692510694 -0.231466740370 -0.058115370572 0.970863163471
1413393936.855760574341 -0.482502728701 0.390014499426 -1.743299961090 0.027609463781 -0.246867671609 -0.065295033157 0.966452598572
1413393936.905760526657 -0.479904085398 0.365597486496 -1.720074176788 0.033522658050 -0.263086438179 -0.073376893997 0.961393594742
1413393936.955760478973 -0.475196242332 0.340581744909 -1.699535012245 0.038004457951 -0.280176401138 -0.081676743925 0.955712199211
1413393937.005760669708 -0.473301082850 0.318393409252 -1.684705257416 0.044727653265 -0.295620024204 -0.091338120401 0.949876666069
1413393937.055760383606 -0.468084752560 0.293920397758 -1.670077919960 0.049885995686 -0.312392652035 -0.101607941091 0.943185031414
1413393937.105760574341 -0.461730569601 0.274130344391 -1.666467666626 0.053521715105 -0.328918874264 -0.110906802118 0.936294555664
1413393937.155760526657 -0.453672885895 0.247413426638 -1.657990932465 0.056196793914 -0.346476405859 -0.118695177138 0.928820490837
1413393937.205760717392 -0.438771188259 0.221872836351 -1.655416250229 0.058464750648 -0.364360600710 -0.124188534915 0.921086609364
1413393937.255760431290 -0.437046825886 0.199290186167 -1.660937666893 0.059805270284 -0.379964083433 -0.130561709404 0.913785696030
1413393937.305760622025 -0.422307312489 0.175258949399 -1.669632911682 0.060108345002 -0.396402031183 -0.135244473815 0.906069159508
1413393937.355760574341 -0.407664954662 0.154352858663 -1.679419517517 0.059394147247 -0.410904526711 -0.139627113938 0.898962795734
1413393937.405760526657 -0.391323626041 0.133315458894 -1.695081472397 0.057807896286 -0.422933310270 -0.143443048000 0.892866015434
1413393937.455760478973 -0.375520110130 0.115461409092 -1.708528041840 0.052891068161 -0.432647138834 -0.148385941982 0.887694001198
1413393937.505760669708 -0.355548202991 0.104915931821 -1.725752711296 0.041266426444 -0.439813882113 -0.153711646795 0.883874237537
1413393937.555760383606 -0.332801878452 0.091810420156 -1.745358705521 0.028657972813 -0.445871978998 -0.156372398138 0.880865812302
1413393937.605760574341 -0.313065946102 0.084833987057 -1.762328386307 0.016851285473 -0.450602740049 -0.158309355378 0.878414094448
1413393937.655760526657 -0.292724967003 0.090152062476 -1.772426843643 0.005569298752 -0.455477476120 -0.157106325030 0.876257359982
1413393937.705760717392 -0.274622082710 0.098088167608 -1.791906595230 -0.005028164946 -0.457322388887 -0.157283335924 0.875267326832
1413393937.755760431290 -0.257060468197 0.106846168637 -1.809014797211 -0.016036599874 -0.458455204964 -0.159530326724 0.874134838581
1413393937.805760622025 -0.240372538567 0.113507330418 -1.822835445404 -0.026481276378 -0.458640933037 -0.161346420646 0.873449802399
1413393937.855760574341 -0.223452985287 0.122040316463 -1.829846620560 -0.034039653838 -0.459130376577 -0.161692172289 0.872866749763
1413393937.905760526657 -0.207785487175 0.125997036695 -1.840765953064 -0.035453744233 -0.458523184061 -0.163068681955 0.872873485088
1413393937.955760478973 -0.194231152534 0.126316070557 -1.853195428848 -0.029950359836 -0.457386195660 -0.165115416050 0.873291313648
1413393938.005760669708 -0.184601485729 0.126328215003 -1.859436631203 -0.022930145264 -0.456337124109 -0.167581722140 0.873582839966
1413393938.055760383606 -0.177575588226 0.126895248890 -1.871456980705 -0.013408639468 -0.453979611397 -0.172111481428 0.874128341675
1413393938.105760574341 -0.166902482510 0.122398048639 -1.879524946213 -0.001230733003 -0.452402412891 -0.178234204650 0.873820960522
1413393938.155760526657 -0.158777773380 0.120326034725 -1.889909148216 0.014564649202 -0.451285094023 -0.186017051339 0.872655332088
1413393938.205760717392 -0.154578089714 0.117516607046 -1.905533552170 0.031250406057 -0.451051861048 -0.195173606277 0.870334923267
1413393938.255760431290 -0.147905170918 0.113330312073 -1.919661521912 0.045174252242 -0.453504711390 -0.202109172940 0.866859078407
1413393938.305760622025 -0.145040750504 0.113584578037 -1.939562559128 0.053914539516 -0.458634376526 -0.204615116119 0.863064587116
1413393938.355760574341 -0.144151449203 0.111497625709 -1.961661219597 0.057368706912 -0.467788517475 -0.202081993222 0.858513593674
1413393938.405760526657 -0.143040418625 0.108020491898 -1.995246291161 0.054973982275 -0.479176670313 -0.195606842637 0.853876769543
1413393938.455760478973 -0.141076683998 0.103974640369 -2.031942844391 0.048282135278 -0.493835389614 -0.185075014830 0.848258674145
1413393938.505760669708 -0.137413740158 0.098191633821 -2.076561927795 0.040234852582 -0.507957816124 -0.177574470639 0.841918826103
1413393938.555760383606 -0.131726264954 0.097281396389 -2.118577241898 0.033158075064 -0.522004961967 -0.171766743064 0.834809899330
1413393938.605760574341 -0.127519965172 0.100012779236 -2.159535884857 0.027148166671 -0.535576522350 -0.168498173356 0.827060520649
1413393938.655760526657 -0.121084809303 0.105987034738 -2.203467845917 0.020539285615 -0.548399090767 -0.166660055518 0.819183170795
1413393938.705760717392 -0.113940954208 0.114406287670 -2.246516942978 0.013547088951 -0.560005605221 -0.166600018740 0.811452209949
1413393938.755760431290 -0.105033755302 0.124617546797 -2.281049966812 0.009370836429 -0.572158992290 -0.166491270065 0.803011178970
1413393938.805760622025 -0.093944787979 0.138688951731 -2.321624279022 0.009998557158 -0.583108782768 -0.166591539979 0.795067012310
1413393938.855760574341 -0.081703901291 0.154866948724 -2.361468791962 0.014429444447 -0.592958867550 -0.168914809823 0.787184476852
1413393938.905760526657 -0.064925432205 0.165708214045 -2.397905588150 0.017773423344 -0.602693557739 -0.172868996859 0.778820216656
1413393938.955760478973 -0.048468708992 0.183117032051 -2.439824104309 0.020455192775 -0.611075758934 -0.177258968353 0.771198570728
1413393939.005760669708 -0.029168367386 0.195234179497 -2.471873044968 0.020990101621 -0.620532512665 -0.182362779975 0.762392699718
1413393939.055760383606 -0.006724357605 0.206384077668 -2.505795240402 0.023291120306 -0.629015982151 -0.185581907630 0.754556715488
1413393939.105760574341 0.016251325607 0.214401662350 -2.548553705215 0.034244965762 -0.639515280724 -0.181248873472 0.746321916580
1413393939.155760526657 0.042440652847 0.223562061787 -2.588892936707 0.045805949718 -0.650188505650 -0.175393491983 0.737830519676
1413393939.205760717392 0.073100328445 0.229224115610 -2.621527910233 0.047557596117 -0.659172177315 -0.176174685359 0.729515552521
1413393939.255760431290 0.103259325027 0.242546483874 -2.660443305969 0.042305428535 -0.663809120655 -0.184554010630 0.723538219929
1413393939.305760622025 0.139567375183 0.247949361801 -2.704364061356 0.029234629124 -0.665544509888 -0.197751849890 0.719089746475
1413393939.355760574341 0.178420782089 0.272217243910 -2.741682529449 0.012000693008 -0.664219081402 -0.215614140034 0.715667188168
1413393939.405760526657 0.214294433594 0.273422122002 -2.770907163620 -0.014934089035 -0.661686658859 -0.236209794879 0.711444079876
1413393939.455760478973 0.264399528503 0.317854285240 -2.796446800232 -0.041533220559 -0.658379793167 -0.250526428223 0.708553135395
1413393939.505760669708 0.297719478607 0.329906046391 -2.849646806717 -0.072357513011 -0.651347398758 -0.265862911940 0.706985056400
1413393939.555760383606 0.327419042587 0.349142849445 -2.879767656326 -0.099370501935 -0.646478474140 -0.276661843061 0.704023659229
1413393939.605760574341 0.346254348755 0.361127257347 -2.910929679871 -0.122988790274 -0.640399038792 -0.286309033632 0.701990008354
1413393939.655760526657 0.366231203079 0.396905779839 -2.921020030975 -0.139616161585 -0.636125445366 -0.293297171593 0.699877500534
1413393939.705760717392 0.370976209641 0.422845244408 -2.962709665298 -0.146709054708 -0.629003047943 -0.302731692791 0.700846016407
1413393939.755760431290 0.363536119461 0.442264974117 -2.977635860443 -0.144017249346 -0.626341700554 -0.309007436037 0.701048851013
1413393939.805760622025 0.355334043503 0.463824629784 -2.989486217499 -0.128271341324 -0.628910243511 -0.305727899075 0.703241646290
1413393939.855760574341 0.331999063492 0.488110184669 -3.016960859299 -0.100102238357 -0.634636521339 -0.290584981441 0.709067285061
1413393939.905760526657 0.297291994095 0.500239729881 -3.033799171448 -0.067011117935 -0.644689917564 -0.262984693050 0.714649200439
1413393939.955760478973 0.265318632126 0.519486129284 -3.049665212631 -0.026849441230 -0.655547380447 -0.229864522815 0.718817889690
1413393940.005760669708 0.221772432327 0.526109516621 -3.073556661606 0.007197593804 -0.663965582848 -0.197947934270 0.721050977707
1413393940.055760383606 0.188074588776 0.525028824806 -3.081249237061 0.034764118493 -0.673672616482 -0.162991419435 0.719993412495
1413393940.105760574341 0.157490015030 0.537337124348 -3.094562530518 0.058788985014 -0.680220305920 -0.132835954428 0.718469738960
1413393940.155760526657 0.141298294067 0.555481553078 -3.104238033295 0.073916032910 -0.685966968536 -0.106118366122 0.716047942638
1413393940.205760717392 0.127029657364 0.558053135872 -3.122828006744 0.085564084351 -0.689230740070 -0.088431216776 0.714016616344
1413393940.255760431290 0.126100778580 0.563090682030 -3.142857313156 0.088417753577 -0.690615296364 -0.080071806908 0.713317215443
1413393940.305760622025 0.135681390762 0.574041724205 -3.144659757614 0.080727174878 -0.690751850605 -0.084524229169 0.713583052158
1413393940.355760574341 0.154576539993 0.578275442123 -3.145276069641 0.064282201231 -0.687548279762 -0.104793272913 0.715656042099
1413393940.405760526657 0.179786443710 0.587659299374 -3.160042047501 0.042900070548 -0.680355787277 -0.133165627718 0.719404280186
1413393940.455760478973 0.218912124634 0.600650489330 -3.148662090302 0.015672685578 -0.673498630524 -0.161892518401 0.721071958542
1413393940.505760669708 0.245134353638 0.593168020248 -3.164136886597 -0.020524166524 -0.661835610867 -0.197054803371 0.722995102406
1413393940.555760383606 0.296439409256 0.610351681709 -3.141323566437 -0.055323936045 -0.653779745102 -0.221344143152 0.721469402313
1413393940.605760574341 0.331673860550 0.606476008892 -3.142013072968 -0.089405179024 -0.644124031067 -0.240334555507 0.720659613609
1413393940.655760526657 0.359329223633 0.603813767433 -3.142501115799 -0.115041449666 -0.636113286018 -0.252321541309 0.720041096210
1413393940.705760717392 0.383886098862 0.606178641319 -3.144793033600 -0.135194316506 -0.630232274532 -0.255496919155 0.720590829849
1413393940.755760431290 0.395662069321 0.589821875095 -3.134082555771 -0.154957607388 -0.626560449600 -0.253522843122 0.720511138439
1413393940.805760622025 0.400188207626 0.576284289360 -3.128283023834 -0.161310732365 -0.625121295452 -0.246700793505 0.722731649876
1413393940.855760574341 0.393454551697 0.561395466328 -3.113288164139 -0.147960796952 -0.627412140369 -0.237323090434 0.726731956005
1413393940.905760526657 0.381982803345 0.543365657330 -3.089317560196 -0.122760675848 -0.631497740746 -0.228806838393 0.730607926846
1413393940.955760478973 0.363028764725 0.513030529022 -3.063579797745 -0.092707879841 -0.637060463428 -0.217692807317 0.733600080013
1413393941.005760669708 0.340972185135 0.489951908588 -3.039555072784 -0.058194778860 -0.643012225628 -0.201408252120 0.736602604389
1413393941.055760383606 0.314279794693 0.457737922668 -3.015479326248 -0.023861326277 -0.649888098240 -0.180421650410 0.737918794155
1413393941.105760574341 0.290007829666 0.423490494490 -2.976927280426 0.008235435933 -0.657246232033 -0.159301891923 0.736602067947
1413393941.155760526657 0.273230791092 0.399178087711 -2.948394775391 0.034671444446 -0.662345051765 -0.140194892883 0.735147833824
1413393941.205760717392 0.255611181259 0.365213632584 -2.908141613007 0.054616369307 -0.667116224766 -0.126390114427 0.732119202614
1413393941.255760431290 0.248586177826 0.340511053801 -2.874819040298 0.065328456461 -0.669360160828 -0.120321035385 0.730213701725
1413393941.305760622025 0.247615814209 0.313197910786 -2.839193582535 0.061236198992 -0.669166982174 -0.127658352256 0.729499161243
1413393941.355760574341 0.254442453384 0.293110460043 -2.804662466049 0.048469763249 -0.667627453804 -0.142378851771 0.729145169258
1413393941.405760526657 0.268519163132 0.274006098509 -2.765435218811 0.028583770618 -0.664886832237 -0.162016361952 0.728600859642
1413393941.455760478973 0.283569097519 0.249892458320 -2.729447603226 0.005507979076 -0.660335481167 -0.184174433351 0.728015482426
1413393941.505760669708 0.300931930542 0.230941131711 -2.697371959686 -0.019123956561 -0.653682112694 -0.209244951606 0.727014780045
1413393941.555760383606 0.322489261627 0.203826665878 -2.656009197235 -0.043441656977 -0.647046089172 -0.232659459114 0.724785327911
1413393941.605760574341 0.340538024902 0.194227010012 -2.608789682388 -0.062741115689 -0.641702294350 -0.251124262810 0.721954524517
1413393941.655760526657 0.351413130760 0.165554493666 -2.570858955383 -0.079009354115 -0.636285543442 -0.267141968012 0.719397902489
1413393941.705760717392 0.358479499817 0.144458562136 -2.525040149689 -0.090554274619 -0.631546556950 -0.278398841619 0.717943549156
1413393941.755760431290 0.354986071587 0.121408402920 -2.484828948975 -0.099889166653 -0.625446379185 -0.288117110729 0.718211352825
1413393941.805760622025 0.350749135017 0.103372633457 -2.441795825958 -0.104685470462 -0.620553791523 -0.294672191143 0.719112098217
1413393941.855760574341 0.333505392075 0.081306636333 -2.400546073914 -0.102463729680 -0.618161261082 -0.295087665319 0.721319019794
1413393941.905760526657 0.310708403587 0.061837017536 -2.360259532928 -0.089534595609 -0.620461642742 -0.284624218941 0.725258588791
1413393941.955760478973 0.280765175819 0.038689106703 -2.310905218124 -0.071646936238 -0.625554859638 -0.268773376942 0.728909254074
1413393942.005760669708 0.239932417870 0.013233095407 -2.265882968903 -0.048655200750 -0.631666541100 -0.248725861311 0.732642829418
1413393942.055760383606 0.199466824532 -0.001533642411 -2.230377912521 -0.017839562148 -0.638280451298 -0.223051771522 0.736564815044
1413393942.105760574341 0.155496716499 -0.037696503103 -2.177619934082 0.009042190388 -0.644754707813 -0.199416413903 0.737863600254
1413393942.155760526657 0.121658563614 -0.055409587920 -2.136150360107 0.035809561610 -0.649035632610 -0.176635771990 0.739100992680
1413393942.205760717392 0.090680956841 -0.077922478318 -2.096191406250 0.058174408972 -0.651875913143 -0.157623127103 0.739478528500
1413393942.255760431290 0.065850615501 -0.091214433312 -2.052696943283 0.074684098363 -0.652802288532 -0.145713835955 0.739620804787
1413393942.305760622025 0.043340086937 -0.111952543259 -2.012784957886 0.085460290313 -0.653220474720 -0.137746170163 0.739611744881
1413393942.355760574341 0.029394865036 -0.126948624849 -1.967475652695 0.090754643083 -0.653549909592 -0.134724050760 0.739246606827
1413393942.405760526657 0.027896165848 -0.153032675385 -1.936839461327 0.088282413781 -0.651630818844 -0.139419928193 0.740368545055
1413393942.455760478973 0.027900457382 -0.181188926101 -1.900824069977 0.077655658126 -0.648916423321 -0.150363117456 0.741800606251
1413393942.505760669708 0.036383748055 -0.197156876326 -1.865524530411 0.064348630607 -0.645849347115 -0.164615482092 0.742724478245
1413393942.555760383606 0.048729777336 -0.218665823340 -1.842364072800 0.045347467065 -0.640327215195 -0.184373512864 0.744265437126
1413393942.605760574341 0.069883584976 -0.233406990767 -1.814793825150 0.021904971451 -0.633813202381 -0.206049889326 0.745214343071
1413393942.655760526657 0.085687518120 -0.246729299426 -1.775030970573 -0.003327060491 -0.628417909145 -0.225861415267 0.744356453419
1413393942.705760717392 0.101848483086 -0.255182236433 -1.747406721115 -0.024143775925 -0.621571004391 -0.245850503445 0.743386924267
1413393942.755760431290 0.122666716576 -0.260983318090 -1.714463710785 -0.042918417603 -0.616403102875 -0.260637700558 0.741804003716
1413393942.805760622025 0.133787631989 -0.262566179037 -1.683525681496 -0.057079821825 -0.611725687981 -0.274529248476 0.739707648754
1413393942.855760574341 0.144932746887 -0.266182243824 -1.652464866638 -0.068001344800 -0.608151376247 -0.284289717674 0.738042831421
1413393942.905760526657 0.146014690399 -0.262436956167 -1.623307347298 -0.075874067843 -0.605311810970 -0.291773289442 0.736687898636
1413393942.955760478973 0.143500089645 -0.260826379061 -1.593665242195 -0.082166910172 -0.604024767876 -0.296090632677 0.735345482826
1413393943.005760669708 0.128032803535 -0.262141823769 -1.566827297211 -0.080130882561 -0.604734122753 -0.296351224184 0.734882056713
1413393943.055760383606 0.109496831894 -0.259712845087 -1.536396145821 -0.066478304565 -0.610967457294 -0.284729629755 0.735682308674
1413393943.105760574341 0.082091927528 -0.264500975609 -1.513318061829 -0.045386832207 -0.618268966675 -0.268961876631 0.737118065357
1413393943.155760526657 0.052398800850 -0.270831763744 -1.492658853531 -0.020348612219 -0.627283751965 -0.246223956347 0.738562643528
1413393943.205760717392 0.019300222397 -0.276411026716 -1.467082619667 0.005487332121 -0.636113584042 -0.223940908909 0.738362967968
1413393943.255760431290 -0.011436462402 -0.275725454092 -1.443604826927 0.031704321504 -0.642957866192 -0.201328411698 0.738286435604
1413393943.305760622025 -0.042450428009 -0.273729413748 -1.415457010269 0.050832834095 -0.649285197258 -0.180428877473 0.737082183361
1413393943.355760574341 -0.068842649460 -0.281158685684 -1.394165635109 0.068273380399 -0.654507875443 -0.162646830082 0.735189914703
1413393943.405760526657 -0.087884306908 -0.274241119623 -1.371547341347 0.081115908921 -0.657994627953 -0.148337945342 0.733797848225
1413393943.455760478973 -0.092044234276 -0.281180381775 -1.349463582039 0.088199816644 -0.659853219986 -0.140226155519 0.732905983925
1413393943.505760669708 -0.111073493958 -0.278855979443 -1.337467670441 0.085053414106 -0.658457756042 -0.143973499537 0.733805775642
1413393943.555760383606 -0.106872439384 -0.275135159492 -1.322020530701 0.072144508362 -0.653670251369 -0.158660396934 0.736435532570
1413393943.605760574341 -0.096347928047 -0.289226949215 -1.304127454758 0.055301152170 -0.648531496525 -0.177699252963 0.738086521626
1413393943.655760526657 -0.082872390747 -0.286240041256 -1.294689655304 0.032780732960 -0.641123652458 -0.200387507677 0.740088343620
1413393943.705760717392 -0.067213654518 -0.290992408991 -1.276963353157 0.008981455117 -0.633691608906 -0.222814723849 0.740748226643
1413393943.755760431290 -0.050919592381 -0.284880548716 -1.267946720123 -0.013517784886 -0.625907719135 -0.242447242141 0.741131722927
1413393943.805760622025 -0.035592496395 -0.280955910683 -1.253539800644 -0.033761031926 -0.618451178074 -0.259747833014 0.740884184837
1413393943.855760574341 -0.026589095592 -0.278941929340 -1.241237163544 -0.047997355461 -0.611155211926 -0.271564424038 0.741915345192
1413393943.905760526657 -0.023597061634 -0.275324404240 -1.231744647026 -0.058046944439 -0.603750944138 -0.278403997421 0.744719207287
1413393943.955760478973 -0.026651144028 -0.276287168264 -1.224656581879 -0.060490999371 -0.596939146519 -0.280710160732 0.749137043953
1413393944.005760669708 -0.035954296589 -0.289987355471 -1.224737048149 -0.057440817356 -0.592639029026 -0.273001849651 0.755612134933
1413393944.055760383606 -0.050292491913 -0.300363272429 -1.216705203056 -0.048401743174 -0.590817570686 -0.258320331573 0.762799143791
1413393944.105760574341 -0.070902764797 -0.312685191631 -1.215255260468 -0.038063950837 -0.589466750622 -0.238417461514 0.770867824554
1413393944.155760526657 -0.097879469395 -0.331697613001 -1.210132598877 -0.028421735391 -0.589321076870 -0.213186249137 0.778745472431
1413393944.205760717392 -0.122311651707 -0.347904473543 -1.203733444214 -0.016822181642 -0.589053452015 -0.185643672943 0.786301136017
1413393944.255760431290 -0.151219964027 -0.364628195763 -1.201956033707 -0.001847671228 -0.586739420891 -0.160961240530 0.793615102768
1413393944.305760622025 -0.171843528748 -0.380625635386 -1.194269180298 0.014169002883 -0.583705008030 -0.138100385666 0.800010085106
1413393944.355760574341 -0.192407250404 -0.395600557327 -1.187997460365 0.029487621039 -0.578421652317 -0.119111523032 0.806456029415
1413393944.405760526657 -0.200238883495 -0.413831681013 -1.173522591591 0.042206957936 -0.572474598885 -0.107227243483 0.811784327030
1413393944.455760478973 -0.207126319408 -0.423880964518 -1.164838910103 0.049279619008 -0.565981388092 -0.098296724260 0.817052304745
1413393944.505760669708 -0.213293552399 -0.428765088320 -1.149903893471 0.053444352001 -0.557639718056 -0.100703544915 0.822216808796
1413393944.555760383606 -0.208189606667 -0.445862263441 -1.144646763802 0.047749835998 -0.547097861767 -0.114888429642 0.827770829201
1413393944.605760574341 -0.198948681355 -0.456193655729 -1.135189771652 0.036744378507 -0.535793542862 -0.133859977126 0.832860529423
1413393944.655760526657 -0.191107749939 -0.460777640343 -1.130802750587 0.019607914612 -0.524891018867 -0.153562620282 0.836972832680
1413393944.705760717392 -0.170844137669 -0.472332984209 -1.126275539398 -0.002029978437 -0.514748513699 -0.173322245479 0.839636385441
1413393944.755760431290 -0.159528076649 -0.482818782330 -1.120136141777 -0.022682433948 -0.505699813366 -0.190821915865 0.841035187244
1413393944.805760622025 -0.145048439503 -0.487397223711 -1.113626003265 -0.041183337569 -0.498350828886 -0.204334914684 0.841544806957
1413393944.855760574341 -0.135140627623 -0.498668581247 -1.110307931900 -0.056626323611 -0.491725981236 -0.215440616012 0.841774523258
1413393944.905760526657 -0.125781059265 -0.512095808983 -1.101065754890 -0.069046460092 -0.487405806780 -0.222867980599 0.841426193714
1413393944.955760478973 -0.123194098473 -0.531374573708 -1.095263004303 -0.079075798392 -0.483570635319 -0.226660549641 0.841743171215
1413393945.005760669708 -0.128315478563 -0.545510590076 -1.087115168571 -0.079909205437 -0.481008023024 -0.225504115224 0.843441605568
1413393945.055760383606 -0.143422991037 -0.564937651157 -1.080389857292 -0.067891083658 -0.480069100857 -0.217449486256 0.847136437893
1413393945.105760574341 -0.159454762936 -0.593485772610 -1.072252631187 -0.046761963516 -0.480487257242 -0.204637661576 0.851509690285
1413393945.155760526657 -0.182280838490 -0.610081434250 -1.060880780220 -0.019347688183 -0.480106204748 -0.187331587076 0.856755852699
1413393945.205760717392 -0.199849575758 -0.639519989491 -1.044939041138 0.009678233415 -0.479309946299 -0.168784856796 0.861208438873
1413393945.255760431290 -0.217624008656 -0.651821970940 -1.032549262047 0.038533587009 -0.476081609726 -0.148037403822 0.865994453430
1413393945.305760622025 -0.232419192791 -0.657268524170 -1.017937421799 0.062862105668 -0.471532374620 -0.130354449153 0.869892716408
1413393945.355760574341 -0.249091982841 -0.656669676304 -1.001564621925 0.079212412238 -0.463751256466 -0.117049321532 0.874619781971
1413393945.405760526657 -0.253685861826 -0.664159953594 -0.982105672359 0.085009701550 -0.455129206181 -0.109393410385 0.879581689835
1413393945.455760478973 -0.262298256159 -0.659824848175 -0.976982593536 0.083755269647 -0.444315254688 -0.106019519269 0.885623514652
1413393945.505760669708 -0.266992002726 -0.648539066315 -0.978442013264 0.071649856865 -0.432497829199 -0.103779062629 0.892772018909
1413393945.555760383606 -0.259038686752 -0.640414714813 -0.974580049515 0.054218094796 -0.420112371445 -0.105380326509 0.899700462818
1413393945.605760574341 -0.251013129950 -0.627600014210 -0.969362854958 0.036685325205 -0.406586855650 -0.110163629055 0.906203746796
1413393945.655760526657 -0.244490534067 -0.608947694302 -0.971064984798 0.020972648636 -0.391432136297 -0.116101548076 0.912612438202
1413393945.705760717392 -0.228308081627 -0.596409022808 -0.960927665234 0.003744595917 -0.377034068108 -0.122841008008 0.918009459972
1413393945.755760431290 -0.215204581618 -0.582118928432 -0.968853414059 -0.013999272138 -0.360594063997 -0.129402473569 0.923596739769
1413393945.805760622025 -0.213682442904 -0.567950546741 -0.974047422409 -0.031747896224 -0.343062758446 -0.137032747269 0.928720653057
1413393945.855760574341 -0.190725937486 -0.558394908905 -0.966748893261 -0.048461727798 -0.328551888466 -0.141330599785 0.932593584061
1413393945.905760526657 -0.180139660835 -0.542708516121 -0.966422379017 -0.058985661715 -0.313005596399 -0.144763648510 0.936798632145
1413393945.955760478973 -0.179141044617 -0.533236563206 -0.964341402054 -0.057643454522 -0.300399988890 -0.140448480844 0.941653549671
1413393946.005760669708 -0.181497454643 -0.532003879547 -0.961402297020 -0.044954210520 -0.288540244102 -0.133783638477 0.947008788586
1413393946.055760383606 -0.183802455664 -0.532170534134 -0.960485577583 -0.024976003915 -0.278619021177 -0.124141223729 0.952017128468
1413393946.105760574341 -0.187583625317 -0.536967575550 -0.954205572605 -0.002014557365 -0.269036233425 -0.113268487155 0.956444323063
1413393946.155760526657 -0.185762539506 -0.533742249012 -0.949904859066 0.023709515110 -0.259780764580 -0.101027816534 0.960075616837
1413393946.205760717392 -0.191780447960 -0.538178682327 -0.945109367371 0.047353919595 -0.248670101166 -0.089785724878 0.963254570961
1413393946.255760431290 -0.191373974085 -0.530378580093 -0.944786369801 0.064625561237 -0.237059459090 -0.078984707594 0.966119945049
1413393946.305760622025 -0.198143675923 -0.529393255711 -0.946720898151 0.070879966021 -0.223106205463 -0.072818808258 0.969482898712
1413393946.355760574341 -0.192242354155 -0.521622538567 -0.948595464230 0.068310394883 -0.211452081800 -0.062715895474 0.972979128361
1413393946.405760526657 -0.194215148687 -0.515309870243 -0.962436079979 0.055690709502 -0.197093263268 -0.054488990456 0.977283895016
1413393946.455760478973 -0.190862283111 -0.506977975368 -0.983046650887 0.039565477520 -0.183237299323 -0.044805344194 0.981249809265
1413393946.505760669708 -0.186151832342 -0.502162814140 -0.998912274837 0.021677749231 -0.166800171137 -0.037722289562 0.985030353069
1413393946.555760383606 -0.180807560682 -0.487468391657 -1.013916850090 0.001733033685 -0.148905515671 -0.033627919853 0.988277971745
1413393946.605760574341 -0.175277590752 -0.479339003563 -1.038113117218 -0.020254233852 -0.129283890128 -0.033382143825 0.990838587284
1413393946.655760526657 -0.153399884701 -0.460229814053 -1.053762316704 -0.041612666100 -0.109730735421 -0.033302731812 0.992531359196
1413393946.705760717392 -0.148861497641 -0.454110383987 -1.065853714943 -0.062246106565 -0.086004868150 -0.036098890007 0.993692874908
1413393946.755760431290 -0.139713257551 -0.445585489273 -1.077382564545 -0.077255211771 -0.062852643430 -0.038639657199 0.994277715683
1413393946.805760622025 -0.127148628235 -0.430608958006 -1.076011538506 -0.083109945059 -0.041413903236 -0.037754938006 0.994963407516
1413393946.855760574341 -0.122226983309 -0.442047327757 -1.086959719658 -0.084721095860 -0.020895281807 -0.035172406584 0.995564520359
1413393946.905760526657 -0.110549271107 -0.441623896360 -1.088354825974 -0.073594480753 -0.002017744118 -0.031722523272 0.996781587601
1413393946.955760478973 -0.104968860745 -0.462378621101 -1.086716175079 -0.054559230804 0.015445725061 -0.026673072949 0.998034715652
1413393947.005760669708 -0.106178715825 -0.462959021330 -1.083275914192 -0.024012057111 0.032352607697 -0.020198266953 0.998983860016
1413393947.055760383606 -0.102819822729 -0.473097294569 -1.075999259949 0.004037512932 0.048172537237 -0.014106227085 0.998731255531
1413393947.105760574341 -0.106754899025 -0.468786507845 -1.070812940598 0.029620504007 0.064543657005 -0.009108491242 0.997433602810
1413393947.155760526657 -0.105588234961 -0.460796505213 -1.057169675827 0.046738047153 0.081067778170 -0.002667449648 0.995608568192
1413393947.205760717392 -0.103830702603 -0.452696412802 -1.054054975510 0.053772903979 0.097025208175 0.003775163554 0.993821084499
1413393947.255760431290 -0.110346697271 -0.441497772932 -1.048874974251 0.056427206844 0.113888047636 0.010074897669 0.991838693619
1413393947.305760622025 -0.123177438974 -0.418578207493 -1.047910213470 0.056364331394 0.131525740027 0.016673374921 0.989568650723
1413393947.355760574341 -0.123867712915 -0.391731679440 -1.047891616821 0.056384779513 0.147797316313 0.024632766843 0.987101793289
1413393947.405760526657 -0.134899035096 -0.366853863001 -1.053022623062 0.053517162800 0.163919046521 0.034903101623 0.984402477741
1413393947.455760478973 -0.143436998129 -0.341683566570 -1.060588955879 0.046420488507 0.177040770650 0.052481725812 0.981706380844
1413393947.505760669708 -0.153485566378 -0.315603613853 -1.066827297211 0.036976378411 0.189667880535 0.073686763644 0.978380858898
1413393947.555760383606 -0.166580393910 -0.284220129251 -1.078431844711 0.028960006312 0.202967211604 0.094208449125 0.974212706089
1413393947.605760574341 -0.173460066319 -0.252503663301 -1.085551977158 0.021300824359 0.215182632208 0.113365568221 0.969737589359
1413393947.655760526657 -0.180936291814 -0.218989297748 -1.101619482040 0.009708361700 0.228948965669 0.133477658033 0.964194953442
1413393947.705760717392 -0.186603009701 -0.186055898666 -1.118008732796 -0.005767974071 0.243587195873 0.147646978498 0.958557486534
1413393947.755760431290 -0.183832764626 -0.152451992035 -1.132205486298 -0.023703925312 0.261608004570 0.153149604797 0.952651381493
1413393947.805760622025 -0.179218858480 -0.118335738778 -1.153680324554 -0.039119355381 0.280051529408 0.151530176401 0.947142779827
1413393947.855760574341 -0.169525206089 -0.090347431600 -1.172144532204 -0.051387976855 0.300714790821 0.144734248519 0.941266119480
1413393947.905760526657 -0.158269405365 -0.062449328601 -1.194548606873 -0.057829763740 0.320592194796 0.137198776007 0.935442626476
1413393947.955760478973 -0.136521667242 -0.039988309145 -1.213053107262 -0.058905035257 0.339009195566 0.129246369004 0.929999113083
1413393948.005760669708 -0.118292056024 -0.018366731703 -1.230172634125 -0.052440024912 0.358911424875 0.112144567072 0.925125002861
1413393948.055760383606 -0.098257631063 -0.003362908959 -1.242061018944 -0.045827228576 0.377438694239 0.094340950251 0.920075893402
1413393948.105760574341 -0.080291166902 0.006527476013 -1.253241539001 -0.039186213166 0.393266081810 0.081738837063 0.914945363998
1413393948.155760526657 -0.065637737513 0.024754166603 -1.261254072189 -0.029711378738 0.406672239304 0.074642829597 0.910034894943
1413393948.205760717392 -0.053957760334 0.027625799179 -1.270455479622 -0.019386000931 0.416608780622 0.073340855539 0.905915260315
1413393948.255760431290 -0.042482972145 0.033020064235 -1.270866155624 -0.006259527523 0.426115810871 0.074123114347 0.901605248451
1413393948.305760622025 -0.036270678043 0.039034750313 -1.274403095245 0.009172487073 0.432978212833 0.078100986779 0.897967696190
1413393948.355760574341 -0.032173603773 0.041122950613 -1.278182983398 0.025209063664 0.439380675554 0.081777468324 0.894215643406
1413393948.405760526657 -0.037553489208 0.044512841851 -1.282112717628 0.040871012956 0.447047472000 0.083874374628 0.889630913734
1413393948.455760478973 -0.040501147509 0.048626359552 -1.285116791725 0.051298633218 0.453607887030 0.087157078087 0.885444521904
1413393948.505760669708 -0.046871334314 0.054029565305 -1.291048049927 0.056981291622 0.459842711687 0.091992370784 0.881382584572
1413393948.555760383606 -0.057797729969 0.060837570578 -1.296694755554 0.053689520806 0.464659959078 0.100864984095 0.878085851669
1413393948.605760574341 -0.079115718603 0.068700954318 -1.310945391655 0.040684655309 0.468915790319 0.111147813499 0.875276505947
1413393948.655760526657 -0.103926807642 0.076489567757 -1.323253393173 0.020534103736 0.473744601011 0.123882524669 0.871663630009
1413393948.705760717392 -0.129616111517 0.083298876882 -1.333627700806 -0.001755392295 0.479111582041 0.136113643646 0.867134392262
1413393948.755760431290 -0.155007064342 0.093137964606 -1.348415851593 -0.022168448195 0.484018892050 0.147805288434 0.862199425697
1413393948.805760622025 -0.179946124554 0.102798223495 -1.362560987473 -0.040348846465 0.489174455404 0.160390943289 0.856361508369
1413393948.855760574341 -0.204473555088 0.109385758638 -1.373413681984 -0.054243363440 0.494567811489 0.173315152526 0.849954247475
1413393948.905760526657 -0.222085505724 0.110878631473 -1.384269475937 -0.062716260552 0.501100420952 0.184212163091 0.843226492405
1413393948.955760478973 -0.238091349602 0.112833425403 -1.391745805740 -0.064591258764 0.509561300278 0.192547678947 0.836122393608
1413393949.005760669708 -0.248075872660 0.112065687776 -1.395470499992 -0.057567816228 0.521109938622 0.194427639246 0.829052627087
1413393949.055760383606 -0.255758583546 0.106788024306 -1.404788494110 -0.048483137041 0.533996999264 0.191250234842 0.822143495083
1413393949.105760574341 -0.263665258884 0.100188508630 -1.411332368851 -0.036490656435 0.548110723495 0.185518234968 0.814755201340
1413393949.155760526657 -0.265791594982 0.091493263841 -1.417655706406 -0.024142557755 0.562566339970 0.178138077259 0.806971549988
1413393949.205760717392 -0.270429968834 0.087327376008 -1.424824237823 -0.009744731709 0.576026141644 0.170515343547 0.799389421940
1413393949.255760431290 -0.277220368385 0.079195879400 -1.430125832558 0.002675327007 0.588658630848 0.164708286524 0.791419625282
1413393949.305760622025 -0.282803237438 0.065762355924 -1.433683514595 0.014883467928 0.601528167725 0.157033503056 0.783123850822
1413393949.355760574341 -0.289150834084 0.057238690555 -1.438286304474 0.026663301513 0.612701773643 0.151765644550 0.775147020817
1413393949.405760526657 -0.303488790989 0.049967050552 -1.443337440491 0.039837688208 0.623754799366 0.146800741553 0.766676247120
1413393949.455760478973 -0.319117069244 0.039774224162 -1.446723461151 0.051825050265 0.633070111275 0.145114928484 0.758602619171
1413393949.505760669708 -0.340364754200 0.031641680747 -1.450896978378 0.060741171241 0.638875722885 0.151432961226 0.751808822155
1413393949.555760383606 -0.367447972298 0.026395769790 -1.455775976181 0.061503235251 0.640305519104 0.167883172631 0.747021734715
1413393949.605760574341 -0.398697495461 0.020437948406 -1.459420323372 0.058276619762 0.640016257763 0.187475204468 0.742856740952
1413393949.655760526657 -0.427008509636 0.015539564192 -1.464550614357 0.053286723793 0.637957215309 0.206431001425 0.739971220493
1413393949.705760717392 -0.468694388866 0.013643532991 -1.472202777863 0.051134876907 0.634968996048 0.226790845394 0.736726224422
1413393949.755760431290 -0.507117450237 0.012279778719 -1.491529226303 0.051253404468 0.631703972816 0.245932206511 0.733376204967
1413393949.805760622025 -0.545239686966 0.013659067452 -1.505204916000 0.054439410567 0.629882335663 0.264700591564 0.728160858154
1413393949.855760574341 -0.581250309944 0.011268153787 -1.529452085495 0.059666607529 0.628079593182 0.283169507980 0.722337126732
1413393949.905760526657 -0.616298794746 0.010964497924 -1.552845358849 0.063872933388 0.626901447773 0.299387812614 0.716436862946
1413393949.955760478973 -0.653581559658 0.011412233114 -1.590508460999 0.067377135158 0.625290155411 0.312560558319 0.711883723736
1413393950.005760669708 -0.689207017422 0.013289406896 -1.634683132172 0.066211856902 0.625946640968 0.320337355137 0.707948267460
1413393950.055760383606 -0.723087847233 0.023358970881 -1.683249950409 0.055398922414 0.630241632462 0.317857623100 0.706182062626
1413393950.105760574341 -0.753115415573 0.029006123543 -1.738281488419 0.034595269710 0.638269960880 0.304577648640 0.706149458885
1413393950.155760526657 -0.778755128384 0.044644713402 -1.799611806870 0.010568615980 0.644370675087 0.293473094702 0.706079542637
1413393950.205760717392 -0.802264988422 0.057082951069 -1.868984699249 -0.013600934297 0.649314880371 0.281547725201 0.706354081631
1413393950.255760431290 -0.822278618813 0.071293443441 -1.933789491653 -0.036732845008 0.653918147087 0.269503027201 0.705981492996
1413393950.305760622025 -0.840835332870 0.086373358965 -2.003466367722 -0.054150614887 0.656867206097 0.261332839727 0.705193877220
1413393950.355760574341 -0.852788567543 0.095154255629 -2.064929246902 -0.063742414117 0.658334553242 0.259999364614 0.703514754772
1413393950.405760526657 -0.865156531334 0.110023498535 -2.130038738251 -0.068196304142 0.658829092979 0.260462522507 0.702461898327
1413393950.455760478973 -0.867264986038 0.116718053818 -2.198221921921 -0.070255711675 0.659269154072 0.260663509369 0.701771199703
1413393950.505760669708 -0.866036415100 0.132430911064 -2.260332584381 -0.065066792071 0.660836338997 0.260002285242 0.701042413712
1413393950.555760383606 -0.861362338066 0.146996617317 -2.322737455368 -0.057661660016 0.663185060024 0.257167309523 0.700518250465
1413393950.605760574341 -0.854285120964 0.161289453506 -2.374641656876 -0.048710793257 0.667068541050 0.251038104296 0.699733316898
1413393950.655760526657 -0.842726230621 0.189674705267 -2.436756610870 -0.037194117904 0.670912444592 0.243469938636 0.699439406395
1413393950.705760717392 -0.832174420357 0.207224935293 -2.494957923889 -0.027562893927 0.674569606781 0.235880643129 0.698968231678
1413393950.755760431290 -0.811848282814 0.224656045437 -2.554988384247 -0.022164026275 0.677005112171 0.230403363705 0.698632299900
1413393950.805760622025 -0.800705909729 0.254451483488 -2.605406999588 -0.018166335300 0.680059015751 0.224257826805 0.697780907154
1413393950.855760574341 -0.780491709709 0.290395051241 -2.651834964752 -0.015450187959 0.682591676712 0.219561800361 0.696866214275
1413393950.905760526657 -0.764013767242 0.326604962349 -2.702692508698 -0.017164926976 0.684457898140 0.215090304613 0.696390032768
1413393950.955760478973 -0.745053052902 0.365273207426 -2.745820045471 -0.023474788293 0.687726497650 0.208536103368 0.694977641106
1413393951.005760669708 -0.733141899109 0.407320678234 -2.795529603958 -0.031520184129 0.689584016800 0.202318832278 0.694656372070
1413393951.055760383606 -0.715475797653 0.433129966259 -2.835006952286 -0.039027530700 0.691134810448 0.199910968542 0.693430006504
1413393951.105760574341 -0.698860645294 0.468071877956 -2.879542589188 -0.040460553020 0.690678298473 0.202316641808 0.693104922771
1413393951.155760526657 -0.684617519379 0.499305218458 -2.912218570709 -0.036875169724 0.690734386444 0.205002307892 0.692459583282
1413393951.205760717392 -0.663804769516 0.526975512505 -2.948240041733 -0.033113989979 0.690379083157 0.207537472248 0.692248821259
1413393951.255760431290 -0.649451017380 0.552569806576 -2.983669042587 -0.028660813347 0.690169990063 0.210229143500 0.691843688488
1413393951.305760622025 -0.630964040756 0.578737378120 -3.012358665466 -0.025956887752 0.690833449364 0.212173938751 0.690693557262
1413393951.355760574341 -0.612402439117 0.601902306080 -3.049448966980 -0.024764021859 0.690793514252 0.214802876115 0.689964354038
1413393951.405760526657 -0.595961332321 0.624466776848 -3.078392267227 -0.025618258864 0.691317498684 0.217683419585 0.688504099846
1413393951.455760478973 -0.577798366547 0.640829086304 -3.104405879974 -0.030018636957 0.691740334034 0.221652761102 0.686632573605
1413393951.505760669708 -0.560990095139 0.662663340569 -3.134397029877 -0.034502375871 0.691273510456 0.225265607238 0.685715615749
1413393951.555760383606 -0.537347793579 0.680877089500 -3.156777143478 -0.039451625198 0.691537320614 0.228551521897 0.684093475342
1413393951.605760574341 -0.513780117035 0.707259178162 -3.181725502014 -0.042531687766 0.691999971867 0.229720041156 0.683048903942
1413393951.655760526657 -0.491655349731 0.733108639717 -3.202742815018 -0.043000593781 0.693521380424 0.228744223714 0.681802868843
1413393951.705760717392 -0.466318607330 0.757949054241 -3.222372531891 -0.042977839708 0.695493757725 0.225885450840 0.680747449398
1413393951.755760431290 -0.440133094788 0.788001179695 -3.239034175873 -0.042378123850 0.698049664497 0.222467690706 0.679292917252
1413393951.805760622025 -0.413401603699 0.813076853752 -3.257490158081 -0.039664074779 0.699994623661 0.220715805888 0.678025662899
1413393951.855760574341 -0.384940147400 0.839642167091 -3.268789052963 -0.035869985819 0.702272713184 0.219172090292 0.676380097866
1413393951.905760526657 -0.353168010712 0.862535059452 -3.277407407761 -0.033471569419 0.704540550709 0.218907400966 0.674226820469
1413393951.955760478973 -0.323147296906 0.886910438538 -3.290196180344 -0.031076464802 0.705991208553 0.219295516610 0.672696173191
1413393952.005760669708 -0.295549392700 0.917062997818 -3.302302360535 -0.027961172163 0.707573294640 0.218620941043 0.671388924122
1413393952.055760383606 -0.263601541519 0.933817863464 -3.309901714325 -0.026700356975 0.709380388260 0.218769058585 0.669482469559
1413393952.105760574341 -0.230961799622 0.950836539268 -3.319444179535 -0.023274360225 0.710499882698 0.219655647874 0.668131470680
1413393952.155760526657 -0.199948549271 0.959730029106 -3.325795650482 -0.022813741118 0.712471902370 0.219258695841 0.666174829006
1413393952.205760717392 -0.165504217148 0.965076386929 -3.327921867371 -0.020523628220 0.714029192924 0.221100330353 0.663969695568
1413393952.255760431290 -0.133380651474 0.967399120331 -3.339145898819 -0.017931217328 0.714443743229 0.222861647606 0.663009285927
1413393952.305760622025 -0.102513074875 0.970773041248 -3.341719865799 -0.015776468441 0.715016782284 0.223199561238 0.662332296371
1413393952.355760574341 -0.071041345596 0.963725626469 -3.354057550430 -0.013898814097 0.713203430176 0.224304869771 0.663954079151
1413393952.405760526657 -0.041578292847 0.959047079086 -3.357010364532 -0.013264014386 0.710937559605 0.222812205553 0.666893243790
1413393952.455760478973 -0.008048057556 0.948848485947 -3.362124681473 -0.014490578324 0.707925379276 0.220077514648 0.670967638493
1413393952.505760669708 0.020442724228 0.943915724754 -3.366750717163 -0.015887787566 0.703300297260 0.217051118612 0.676760733128
1413393952.555760383606 0.048851490021 0.936510324478 -3.367058277130 -0.017974609509 0.698073089123 0.213893800974 0.683096170425
1413393952.605760574341 0.075042247772 0.933959901333 -3.371820926666 -0.019008859992 0.691917836666 0.209344893694 0.690697550774
1413393952.655760526657 0.105590105057 0.928947985172 -3.373388290405 -0.020310414955 0.684556365013 0.206172451377 0.698901295662
1413393952.705760717392 0.136022090912 0.918222546577 -3.376599788666 -0.021842138842 0.676623642445 0.203308850527 0.707367599010
1413393952.755760431290 0.161604881287 0.915172100067 -3.370398998260 -0.021593986079 0.668872952461 0.200649619102 0.715459585190
1413393952.805760622025 0.193346738815 0.904947996140 -3.371434926987 -0.021921612322 0.661185860634 0.198879852891 0.723048865795
1413393952.855760574341 0.223222494125 0.894430637360 -3.370754480362 -0.021908903494 0.653981149197 0.198722764850 0.729614913464
1413393952.905760526657 0.250935316086 0.886458814144 -3.366600036621 -0.018176989630 0.647204339504 0.201053693891 0.735101044178
1413393952.955760478973 0.279555797577 0.878497242928 -3.356952190399 -0.013771969825 0.641125202179 0.204917594790 0.739444196224
1413393953.005760669708 0.309426546097 0.864224433899 -3.358059644699 -0.009800371714 0.634857118130 0.210632517934 0.743299663067
1413393953.055760383606 0.336645841599 0.851550459862 -3.352002620697 -0.006404592656 0.630003631115 0.215338543057 0.746112406254
1413393953.105760574341 0.366178512573 0.845255374908 -3.345566987991 -0.002688064706 0.626471340656 0.218336939812 0.748234868050
1413393953.155760526657 0.394673109055 0.844283163548 -3.340641736984 -0.000146425897 0.623669981956 0.221414700150 0.749674081802
1413393953.205760717392 0.425974130630 0.842615723610 -3.339645624161 0.001832220820 0.620776355267 0.224356099963 0.751197516918
1413393953.255760431290 0.458393573761 0.851087510586 -3.332981348038 0.004228572361 0.619076311588 0.226759091020 0.751868963242
1413393953.305760622025 0.490343570709 0.856778562069 -3.329176664352 0.007716665510 0.616595566273 0.231550857425 0.752419054508
1413393953.355760574341 0.519732475281 0.869134724140 -3.321905612946 0.012656545267 0.616118788719 0.233577385545 0.752116382122
1413393953.405760526657 0.551446437836 0.872500181198 -3.332208633423 0.017564607784 0.615162491798 0.234613209963 0.752478063107
1413393953.455760478973 0.585514783859 0.875789880753 -3.336588144302 0.021714251488 0.615918159485 0.233562096953 0.752078592777
1413393953.505760669708 0.618518114090 0.876268267632 -3.346903800964 0.023253805935 0.618684709072 0.227199390531 0.751710653305
1413393953.555760383606 0.649135112762 0.872658312321 -3.360812187195 0.022187693045 0.622999906540 0.218296423554 0.750816643238
1413393953.605760574341 0.681887149811 0.868841648102 -3.383692741394 0.017561087385 0.627947807312 0.206093624234 0.750265717506
1413393953.655760526657 0.706557512283 0.871473312378 -3.391950130463 0.014341172762 0.633756399155 0.194316342473 0.748590886593
1413393953.705760717392 0.735944271088 0.864477455616 -3.419118642807 0.010613083839 0.637319147587 0.184438958764 0.748127043247
1413393953.755760431290 0.762616395950 0.867015659809 -3.432809829712 0.010219403543 0.641340136528 0.176169857383 0.746687710285
1413393953.805760622025 0.785018920898 0.866012871265 -3.453994274139 0.009664249606 0.642686307430 0.171164408326 0.746701836586
1413393953.855760574341 0.807883024216 0.864955484867 -3.467496633530 0.009057693183 0.642892718315 0.167148455977 0.747441172600
1413393953.905760526657 0.827528953552 0.870404005051 -3.484328985214 0.010133724660 0.640478253365 0.165105521679 0.749950051308
1413393953.955760478973 0.845027446747 0.875136733055 -3.497011423111 0.006853428204 0.636614978313 0.165407776833 0.753202974796
1413393954.005760669708 0.856786727905 0.883656680584 -3.503546476364 -0.000449132262 0.631345033646 0.168996110559 0.756864309311
1413393954.055760383606 0.870665073395 0.891184985638 -3.522393703461 -0.007674939930 0.623687863350 0.172789573669 0.762298047543
1413393954.105760574341 0.878655433655 0.899291276932 -3.530433654785 -0.015232961625 0.615896284580 0.178622692823 0.767159521580
1413393954.155760526657 0.887801647186 0.905077934265 -3.543688058853 -0.025395307690 0.606827020645 0.184961989522 0.772596359253
1413393954.205760717392 0.895491838455 0.906756639481 -3.550541877747 -0.036130473018 0.597154438496 0.192216023803 0.777916550636
1413393954.255760431290 0.900891304016 0.914388656616 -3.556753158569 -0.045193772763 0.586793005466 0.197681471705 0.783934652805
1413393954.305760622025 0.912591934204 0.914385855198 -3.563779830933 -0.053256969899 0.575873553753 0.201825261116 0.790442883968
1413393954.355760574341 0.921506166458 0.916238427162 -3.572752475739 -0.059197232127 0.564397096634 0.203993931413 0.797708034515
1413393954.405760526657 0.934659481049 0.912546873093 -3.575788974762 -0.064801283181 0.553154110909 0.204145118594 0.805075287819
1413393954.455760478973 0.953947305679 0.904614567757 -3.577867269516 -0.068861901760 0.541278183460 0.202736645937 0.813126027584
1413393954.505760669708 0.974735260010 0.899683058262 -3.579475641251 -0.071608811617 0.529329061508 0.198872566223 0.821664571762
1413393954.555760383606 1.001792907715 0.893698930740 -3.575815439224 -0.074969053268 0.517085909843 0.195562526584 0.829913914204
1413393954.605760574341 1.027437210083 0.889682412148 -3.572606325150 -0.076453991234 0.505105197430 0.191750988364 0.838006615639
1413393954.655760526657 1.055789947510 0.883285403252 -3.567502498627 -0.076637364924 0.494578093290 0.186870574951 0.845339357853
1413393954.705760717392 1.088814020157 0.872004806995 -3.558431148529 -0.079203516245 0.485101073980 0.183081075549 0.851401805878
1413393954.755760431290 1.129240989685 0.861503243446 -3.549515485764 -0.080999247730 0.476965278387 0.180382937193 0.856390833855
1413393954.805760622025 1.166294813156 0.852063655853 -3.538536787033 -0.082139551640 0.470219761133 0.177589654922 0.860586047173
1413393954.855760574341 1.213057994843 0.838649153709 -3.525096893311 -0.083496227860 0.464553087950 0.175954639912 0.863862693310
1413393954.905760526657 1.260312795639 0.828739047050 -3.507276058197 -0.084468930960 0.460601240396 0.173063531518 0.866464376450
1413393954.955760478973 1.313660979271 0.810527324677 -3.490964651108 -0.083770923316 0.457557499409 0.170088887215 0.868730902672
1413393955.005760669708 1.372564077377 0.795060634613 -3.468820333481 -0.077442593873 0.456323117018 0.165133312345 0.870920717716
1413393955.055760383606 1.427064061165 0.778037726879 -3.445996522903 -0.068098798394 0.455792039633 0.157151296735 0.873452723026
1413393955.105760574341 1.487877607346 0.760152280331 -3.420935869217 -0.059920575470 0.453962922096 0.150036931038 0.876251161098
1413393955.155760526657 1.544317007065 0.743201792240 -3.391129970551 -0.052146662027 0.452395886183 0.142600625753 0.878796756268
1413393955.205760717392 1.606499433517 0.724341213703 -3.362107276917 -0.043738294393 0.447756648064 0.139684498310 0.882093667984
1413393955.255760431290 1.663629293442 0.706392168999 -3.328599214554 -0.036599170417 0.442391961813 0.139722511172 0.885114431381
1413393955.305760622025 1.727241039276 0.687906324863 -3.294919013977 -0.029397200793 0.435649871826 0.141141340137 0.888495445251
1413393955.355760574341 1.785517215729 0.666452407837 -3.263967990875 -0.025950048119 0.427831918001 0.141571104527 0.892325103283
1413393955.405760526657 1.843401312828 0.646860659122 -3.228337049484 -0.023462509736 0.419631212950 0.139506399632 0.896603107452
1413393955.455760478973 1.903585195541 0.629587531090 -3.194441556931 -0.018270133063 0.410265952349 0.132965520024 0.902035593987
1413393955.505760669708 1.965448021889 0.612570166588 -3.160781621933 -0.010734157637 0.398564815521 0.124230161309 0.908624112606
1413393955.555760383606 2.022023916245 0.594846606255 -3.128377199173 -0.002872686833 0.385645866394 0.114209316671 0.915546417236
1413393955.605760574341 2.080683231354 0.576950907707 -3.097862243652 0.004616349936 0.371489077806 0.100028768182 0.923021614552
1413393955.655760526657 2.134224414825 0.562248110771 -3.064895629883 0.009554012679 0.357635557652 0.084143497050 0.930013656616
1413393955.705760717392 2.176856517792 0.556146979332 -3.031112194061 0.008972191252 0.347241729498 0.065600514412 0.935435354710
1413393955.755760431290 2.236921548843 0.544994175434 -2.998502254486 0.003379571950 0.337009221315 0.046743214130 0.940334200859
1413393955.805760622025 2.290117979050 0.548477113247 -2.966864347458 -0.002610919764 0.328532755375 0.028710270301 0.944052517414
1413393955.855760574341 2.328964710236 0.555425703526 -2.931428670883 -0.011162225157 0.321965396404 0.014597950503 0.946573078632
1413393955.905760526657 2.355778694153 0.551790177822 -2.893762111664 -0.021363781765 0.314709603786 0.010899937712 0.948884963989
1413393955.955760478973 2.392000675201 0.546061992645 -2.855823278427 -0.028446843848 0.302965223789 0.020106524229 0.952364742756
1413393956.005760669708 2.424489974976 0.545844912529 -2.816314697266 -0.032320246100 0.290540397167 0.033382687718 0.955733895302
1413393956.055760383606 2.450683593750 0.537388443947 -2.778743743896 -0.033870186657 0.278315126896 0.046793594956 0.958751201630
1413393956.105760574341 2.476356983185 0.527890980244 -2.739161491394 -0.033405892551 0.266413211823 0.058456722647 0.961504459381
1413393956.155760526657 2.499229669571 0.517134606838 -2.698560953140 -0.032356008887 0.254740774632 0.066573150456 0.964172303677
1413393956.205760717392 2.510101556778 0.507142484188 -2.655191183090 -0.030307956040 0.243629261851 0.069924302399 0.966869592667
1413393956.255760431290 2.533905744553 0.495634078979 -2.612024545670 -0.023945828900 0.231666922569 0.068437919021 0.970089316368
1413393956.305760622025 2.551094770432 0.478844195604 -2.561224937439 -0.016175720841 0.220684155822 0.063406266272 0.973147749901
1413393956.355760574341 2.573103904724 0.461053878069 -2.523281812668 -0.006943883840 0.207128539681 0.057558264583 0.976594388485
1413393956.405760526657 2.587421417236 0.448524326086 -2.480948209763 0.002293777885 0.193903237581 0.049684595317 0.979758977890
1413393956.455760478973 2.602689981461 0.432699322701 -2.438029766083 0.009739237837 0.179441958666 0.041615631431 0.982839763165
1413393956.505760669708 2.616076469421 0.418913424015 -2.404539108276 0.013907632791 0.163260519505 0.035522069782 0.985845208168
1413393956.555760383606 2.629754066467 0.408256441355 -2.363386392593 0.013988456689 0.145614847541 0.029923681170 0.988789796829
1413393956.605760574341 2.643228530884 0.400681167841 -2.329134464264 0.011980242096 0.126741558313 0.025772558525 0.991528570652
1413393956.655760526657 2.653244256973 0.389246255159 -2.294968605042 0.006881231442 0.107739791274 0.021162763238 0.993930041790
1413393956.705760717392 2.665169954300 0.376223683357 -2.261511564255 -0.000895621779 0.088017828763 0.016120906919 0.995988070965
1413393956.755760431290 2.674680471420 0.366805702448 -2.228099584579 -0.009083486162 0.068827785552 0.012560316361 0.997508168221
1413393956.805760622025 2.687203884125 0.352226585150 -2.197837114334 -0.015512136742 0.049068998545 0.009036119096 0.998634040356
1413393956.855760574341 2.695610284805 0.330062061548 -2.162568330765 -0.021073721349 0.030277216807 0.006969086826 0.999295055866
1413393956.905760526657 2.707543373108 0.326406389475 -2.129281759262 -0.022209245712 0.009792952798 0.005589860026 0.999689757824
1413393956.955760478973 2.714691162109 0.313666284084 -2.096077680588 -0.023512976244 -0.009402293712 0.004696876276 0.999668300152
1413393957.005760669708 2.725795269012 0.298074305058 -2.062037467957 -0.024589061737 -0.027361843735 0.001961923670 0.999321222305
1413393957.055760383606 2.734452009201 0.288754910231 -2.031833171844 -0.025391323492 -0.045954573900 -0.003202562220 0.998615622520
1413393957.105760574341 2.741993188858 0.270734339952 -1.993981242180 -0.026933910325 -0.062947444618 -0.011631165631 0.997585535049
1413393957.155760526657 2.748028039932 0.261695861816 -1.959590911865 -0.026649272069 -0.080077514052 -0.020899392664 0.996213138103
1413393957.205760717392 2.769360542297 0.244126304984 -1.924118876457 -0.026012027636 -0.100074775517 -0.028782606125 0.994223296642
1413393957.255760431290 2.777537107468 0.228643402457 -1.896990180016 -0.026102438569 -0.119344972074 -0.038635801524 0.991757392883
1413393957.305760622025 2.790757656097 0.218055799603 -1.862995862961 -0.025304820389 -0.140054911375 -0.046182543039 0.988742411137
1413393957.355760574341 2.802907705307 0.201693311334 -1.823892831802 -0.024893518537 -0.160532787442 -0.054211247712 0.985226213932
1413393957.405760526657 2.817358493805 0.192456886172 -1.776858806610 -0.022900048643 -0.180140957236 -0.061509381980 0.981448650360
1413393957.455760478973 2.832070589066 0.179890379310 -1.737654924393 -0.019337933511 -0.200210422277 -0.069085098803 0.977122902870
1413393957.505760669708 2.837807416916 0.166145682335 -1.692110538483 -0.015831084922 -0.217637240887 -0.075121060014 0.973005831242
1413393957.555760383606 2.849780321121 0.153961971402 -1.652536511421 -0.012678674422 -0.235549703240 -0.081504136324 0.968355655670
1413393957.605760574341 2.857226848602 0.146393358707 -1.609781503677 -0.008548122831 -0.253326475620 -0.086048707366 0.963508307934
1413393957.655760526657 2.884890556335 0.145040348172 -1.576997518539 -0.001444762456 -0.273521661758 -0.089943438768 0.957650244236
1413393957.705760717392 2.900785684586 0.147806316614 -1.532421112061 0.008131831884 -0.292497038841 -0.093808367848 0.951619327068
1413393957.755760431290 2.911143779755 0.136468499899 -1.503085970879 0.013453156687 -0.311254769564 -0.099173016846 0.945041894913
1413393957.805760622025 2.933219194412 0.139329716563 -1.467002391815 0.019746998325 -0.327986180782 -0.108107469976 0.938268601894
1413393957.855760574341 2.946214914322 0.158029139042 -1.403775691986 0.025638991967 -0.344141632318 -0.118631847203 0.931040108204
1413393957.905760526657 2.954324722290 0.180764615536 -1.360672473907 0.029662199318 -0.356676042080 -0.131287589669 0.924481451511
1413393957.955760478973 2.982284069061 0.195568293333 -1.320710897446 0.031721189618 -0.369500249624 -0.146688833833 0.917030990124
1413393958.005760669708 2.997989654541 0.187883824110 -1.281101107597 0.027995875105 -0.379447847605 -0.161828517914 0.910520255566
1413393958.055760383606 3.006203651428 0.203728795052 -1.270181417465 0.025476856157 -0.385733008385 -0.173710912466 0.905751347542
1413393958.105760574341 3.018414258957 0.189450144768 -1.241173624992 0.019880000502 -0.393448531628 -0.181524470448 0.901028275490
1413393958.155760526657 3.030087709427 0.184981465340 -1.221833586693 0.015335354954 -0.400525867939 -0.185238644481 0.897234916687
1413393958.205760717392 3.037444353104 0.176665782928 -1.206505417824 0.012151408009 -0.406106531620 -0.186887264252 0.894428908825
1413393958.255760431290 3.043128013611 0.163317918777 -1.194199681282 0.008954046294 -0.412617146969 -0.183015957475 0.892284750938
1413393958.305760622025 3.044651746750 0.148342072964 -1.190315485001 0.003511215560 -0.417707145214 -0.176735907793 0.891219854355
1413393958.355760574341 3.037797451019 0.134888172150 -1.196051239967 -0.002361892723 -0.422065377235 -0.167752653360 0.890906512737
1413393958.405760526657 3.039232969284 0.117122590542 -1.192303776741 -0.009303651750 -0.425599396229 -0.161802783608 0.890280008316
1413393958.455760478973 3.038191556931 0.110053896904 -1.186668038368 -0.014436941594 -0.427319884300 -0.157434955239 0.890170514584
1413393958.505760669708 3.040051460266 0.093760758638 -1.181088685989 -0.022732444108 -0.428157836199 -0.156121894717 0.889825880527
1413393958.555760383606 3.036101341248 0.086968630552 -1.170188784599 -0.031028617173 -0.427605390549 -0.157079547644 0.889672338963
1413393958.605760574341 3.031623363495 0.085606902838 -1.157931447029 -0.038771219552 -0.426593959332 -0.158823102713 0.889544606209
1413393958.655760526657 3.028067588806 0.085807830095 -1.149035453796 -0.044970523566 -0.424768120050 -0.161498337984 0.889644861221
1413393958.705760717392 3.020797252655 0.090342283249 -1.132781982422 -0.049720197916 -0.423109531403 -0.162908330560 0.889925360680
1413393958.755760431290 3.012205839157 0.090697973967 -1.115544080734 -0.048813477159 -0.422326326370 -0.162908867002 0.890347421169
1413393958.805760622025 3.000141859055 0.094765931368 -1.097803711891 -0.042909711599 -0.421350330114 -0.160802185535 0.891496121883
1413393958.855760574341 2.989200115204 0.103856742382 -1.076315045357 -0.034887239337 -0.421022057533 -0.157485127449 0.892592728138
1413393958.905760526657 2.976348161697 0.113025337458 -1.053323030472 -0.027203593403 -0.420319765806 -0.154681086540 0.893680691719
1413393958.955760478973 2.956716299057 0.129110723734 -1.031810879707 -0.020523974672 -0.419037759304 -0.151712745428 0.894968926907
1413393959.005760669708 2.941291809082 0.142879754305 -1.006056904793 -0.016266232356 -0.419444054365 -0.146599084139 0.895718038082
1413393959.055760383606 2.930419206619 0.159774035215 -0.981366276741 -0.012809436768 -0.421323448420 -0.136606529355 0.896471500397
1413393959.105760574341 2.914949178696 0.176651716232 -0.956127762794 -0.011188935488 -0.423544526100 -0.125539690256 0.897064447403
1413393959.155760526657 2.897671699524 0.193887025118 -0.929395794868 -0.007799970452 -0.424764305353 -0.115399129689 0.897885024548
1413393959.205760717392 2.884565114975 0.206856697798 -0.891698837280 -0.002557161264 -0.426257491112 -0.110299475491 0.897848546505
1413393959.255760431290 2.875806808472 0.223396658897 -0.872897028923 0.004039295483 -0.423814594746 -0.111602179706 0.898838043213
1413393959.305760622025 2.866770744324 0.240810900927 -0.848857045174 0.005900929682 -0.421025127172 -0.115753218532 0.899613380432
1413393959.355760574341 2.862309694290 0.255147874355 -0.824506402016 0.004219853319 -0.418144881725 -0.121383182704 0.900224030018
1413393959.405760526657 2.852025985718 0.271774172783 -0.799916684628 0.003063056385 -0.415578931570 -0.127416312695 0.900583088398
1413393959.455760478973 2.850092887878 0.284442216158 -0.775723695755 0.000137645911 -0.413465827703 -0.130095720291 0.901177644730
1413393959.505760669708 2.842804670334 0.292839318514 -0.745480358601 0.001686719945 -0.412498712540 -0.133785188198 0.901079118252
1413393959.555760383606 2.841596841812 0.304843187332 -0.727678358555 0.004946813453 -0.411863684654 -0.133979633451 0.901328623295
1413393959.605760574341 2.836340665817 0.311719775200 -0.706261038780 0.017255794257 -0.412708342075 -0.130486384034 0.901303172112
1413393959.655760526657 2.841904640198 0.314499706030 -0.683040618896 0.033406004310 -0.415162920952 -0.124036744237 0.900632381439
1413393959.705760717392 2.832947254181 0.308909326792 -0.684984207153 0.045545890927 -0.414744406939 -0.118827581406 0.900995433331
1413393959.755760431290 2.830794095993 0.319665521383 -0.669555783272 0.056456811726 -0.415349692106 -0.114717036486 0.900631606579
1413393959.805760622025 2.836919784546 0.324435740709 -0.660771667957 0.055806905031 -0.414606750011 -0.116272695363 0.900814890862
1413393959.855760574341 2.845184803009 0.334895282984 -0.654200613499 0.043405398726 -0.412582963705 -0.121323883533 0.901760399342
1413393959.905760526657 2.857644796371 0.345685660839 -0.649556815624 0.030576154590 -0.410195618868 -0.127681493759 0.902497708797
1413393959.955760478973 2.869766950607 0.354897230864 -0.651559293270 0.017055282369 -0.406786292791 -0.136299833655 0.903137028217
1413393960.005760669708 2.884778022766 0.367280662060 -0.652396380901 0.005810398608 -0.404855072498 -0.142019525170 0.903265833855
1413393960.055760383606 2.899245977402 0.370865523815 -0.649865329266 -0.005725877360 -0.403373241425 -0.147480040789 0.903054177761
1413393960.105760574341 2.911004304886 0.379864424467 -0.654649496078 -0.013696990907 -0.401226639748 -0.151662334800 0.903232097626
1413393960.155760526657 2.923256158829 0.382661074400 -0.657267868519 -0.023552523926 -0.399603009224 -0.156643599272 0.902898371220
1413393960.205760717392 2.933813095093 0.389682352543 -0.660826325417 -0.033359006047 -0.397511005402 -0.160710766912 0.902798056602
1413393960.255760431290 2.941055297852 0.393959283829 -0.667276501656 -0.045335233212 -0.395247429609 -0.166451945901 0.902229428291
1413393960.305760622025 2.945047616959 0.394305676222 -0.668518602848 -0.053841389716 -0.393856018782 -0.170137196779 0.901682853699
1413393960.355760574341 2.952797651291 0.397487133741 -0.662811756134 -0.055595986545 -0.395092606544 -0.170226693153 0.901018261909
1413393960.405760526657 2.944091796875 0.392315179110 -0.668613135815 -0.048987910151 -0.396685272455 -0.168954938650 0.900941312313
1413393960.455760478973 2.941679000854 0.392471313477 -0.662072718143 -0.039067752659 -0.402617633343 -0.165731728077 0.899391889572
1413393960.505760669708 2.933558940887 0.398377478123 -0.662406444550 -0.028409447521 -0.408968031406 -0.162578821182 0.897499978542
1413393960.555760383606 2.928703784943 0.400041967630 -0.654632687569 -0.022009983659 -0.418866753578 -0.162916973233 0.893042147160
1413393960.605760574341 2.916504859924 0.416151255369 -0.651725888252 -0.016311828047 -0.429056644440 -0.162949755788 0.888308405876
1413393960.655760526657 2.913372278214 0.437849313021 -0.645183563232 -0.011142352596 -0.442016363144 -0.164444491267 0.881734311581
1413393960.705760717392 2.896989345551 0.462076663971 -0.640572547913 -0.009643092752 -0.454348295927 -0.167794466019 0.874825477600
1413393960.755760431290 2.884233951569 0.497568339109 -0.632893443108 -0.008007366210 -0.467683881521 -0.173035353422 0.866756320000
1413393960.805760622025 2.873655557632 0.535152912140 -0.624355554581 -0.008624696173 -0.481438517570 -0.177926763892 0.858186841011
1413393960.855760574341 2.862558364868 0.574898660183 -0.612080454826 -0.014542693272 -0.492921948433 -0.185520723462 0.849940359592
1413393960.905760526657 2.848954677582 0.603331863880 -0.606457233429 -0.025507908314 -0.501872122288 -0.193490743637 0.842635750771
1413393960.955760478973 2.831582546234 0.641734302044 -0.598268747330 -0.034800376743 -0.510185122490 -0.196778252721 0.836527585983
1413393961.005760669708 2.813771009445 0.671544373035 -0.596085190773 -0.043705537915 -0.515437543392 -0.200152769685 0.832077443600
1413393961.055760383606 2.797516584396 0.702909529209 -0.580108046532 -0.045590121299 -0.522235751152 -0.201971262693 0.827284097672
1413393961.105760574341 2.772116899490 0.723119318485 -0.571881890297 -0.041014339775 -0.526586651802 -0.201686382294 0.824831485748
1413393961.155760526657 2.747767448425 0.736281096935 -0.566122889519 -0.033292528242 -0.530201554298 -0.199664518237 0.823354184628
1413393961.205760717392 2.719624996185 0.741995513439 -0.555088520050 -0.024124627933 -0.535105824471 -0.192117720842 0.822295904160
1413393961.255760431290 2.691416263580 0.740979909897 -0.555814146996 -0.007999425754 -0.541488826275 -0.173285469413 0.822616636753
1413393961.305760622025 2.665882349014 0.736173272133 -0.547982931137 0.009157182649 -0.549394369125 -0.151107653975 0.821735024452
1413393961.355760574341 2.640930891037 0.727715492249 -0.546176314354 0.027383539826 -0.556379914284 -0.126942083240 0.820717573166
1413393961.405760526657 2.619480133057 0.721270143986 -0.542660713196 0.044998452067 -0.561078786850 -0.107917323709 0.819463014603
1413393961.455760478973 2.600977897644 0.705672860146 -0.539097309113 0.054760783911 -0.562659084797 -0.101310893893 0.818628191948
1413393961.505760669708 2.596410751343 0.692807853222 -0.537883639336 0.055057585239 -0.560821413994 -0.106947764754 0.819152116776
1413393961.555760383606 2.599576711655 0.677977681160 -0.537134647369 0.051655557007 -0.556359767914 -0.121490143239 0.820387542248
1413393961.605760574341 2.605872869492 0.657661080360 -0.539896011353 0.041846420616 -0.551321506500 -0.137994959950 0.821736514568
1413393961.655760526657 2.618880748749 0.631963491440 -0.545963764191 0.029611866921 -0.545443534851 -0.155719548464 0.823022425175
1413393961.705760717392 2.635568380356 0.601293444633 -0.554048538208 0.022512122989 -0.541729748249 -0.167186319828 0.823450565338
1413393961.755760431290 2.654156446457 0.563603222370 -0.567312359810 0.021785732359 -0.539521753788 -0.172191113234 0.823888242245
1413393961.805760622025 2.669682502747 0.522260010242 -0.583878993988 0.017218651250 -0.537354052067 -0.176805004478 0.824435651302
1413393961.855760574341 2.690540790558 0.479567468166 -0.601396560669 0.013595299795 -0.535936892033 -0.180907085538 0.824535965919
1413393961.905760526657 2.710819244385 0.432351529598 -0.621189951897 0.007909736596 -0.534277081490 -0.184792816639 0.824825465679
1413393961.955760478973 2.732039451599 0.377392828465 -0.643896341324 0.002999768360 -0.533112049103 -0.189161598682 0.824621319771
1413393962.005760669708 2.750283718109 0.324081659317 -0.668128013611 -0.002261623740 -0.531740009785 -0.192641079426 0.824704110622
1413393962.055760383606 2.768123626709 0.262884438038 -0.696777343750 -0.008415015414 -0.530981838703 -0.195664525032 0.824440956116
1413393962.105760574341 2.787658452988 0.197177350521 -0.726161956787 -0.013636711985 -0.530009984970 -0.199307039380 0.824123859406
1413393962.155760526657 2.801136255264 0.131257116795 -0.756243824959 -0.019672662020 -0.528775691986 -0.202203229070 0.824089288712
1413393962.205760717392 2.815095186234 0.062701463699 -0.787318706512 -0.024137733504 -0.528792858124 -0.204359993339 0.823427259922
1413393962.255760431290 2.825484991074 -0.008320510387 -0.819912433624 -0.027323355898 -0.528298676014 -0.206394419074 0.823137462139
1413393962.305760622025 2.834269523621 -0.086053729057 -0.850198030472 -0.031916443259 -0.527823925018 -0.209069669247 0.822601437569
1413393962.355760574341 2.846885204315 -0.156916141510 -0.881214141846 -0.037339042872 -0.526226103306 -0.213794037700 0.822182476521
1413393962.405760526657 2.848884344101 -0.224580824375 -0.909257173538 -0.044513501227 -0.524157762527 -0.219909340143 0.821533381939
1413393962.455760478973 2.850282669067 -0.286669105291 -0.937725305557 -0.054760493338 -0.519565761089 -0.227526113391 0.821757018566
1413393962.505760669708 2.848259449005 -0.345831513405 -0.960462450981 -0.065898858011 -0.513932287693 -0.233993366361 0.822665274143
1413393962.555760383606 2.842489957809 -0.394082665443 -0.982270121574 -0.074749864638 -0.506290733814 -0.239344865084 0.825103819370
1413393962.605760574341 2.830117940903 -0.439387410879 -0.993703842163 -0.079601012170 -0.497891724110 -0.242478862405 0.828837454319
1413393962.655760526657 2.812622070312 -0.478524178267 -1.001991033554 -0.079018570483 -0.488016217947 -0.243957236409 0.834314763546
1413393962.705760717392 2.793046712875 -0.504927575588 -1.017294168472 -0.071305356920 -0.476258039474 -0.243853256106 0.841801285744
1413393962.755760431290 2.767970800400 -0.543635785580 -1.029946684837 -0.061032235622 -0.463700652122 -0.240544795990 0.850526273251
1413393962.805760622025 2.742609024048 -0.592229843140 -1.037268877029 -0.047579023987 -0.450233429670 -0.237597674131 0.859402954578
1413393962.855760574341 2.704194545746 -0.623778760433 -1.043347001076 -0.033075362444 -0.434056341648 -0.234001770616 0.869335532188
1413393962.905760526657 2.666990518570 -0.653624951839 -1.059327721596 -0.017772771418 -0.416804134846 -0.227881968021 0.879788815975
1413393962.955760478973 2.622853517532 -0.679094374180 -1.063982963562 -0.004718251992 -0.398839950562 -0.222048297524 0.889718472958
1413393963.005760669708 2.576582431793 -0.699228048325 -1.072871446609 0.006421076600 -0.379582673311 -0.214911833405 0.899827003479
1413393963.055760383606 2.528814077377 -0.718736767769 -1.081480264664 0.015036102384 -0.360391795635 -0.206024140120 0.909640491009
1413393963.105760574341 2.474734783173 -0.730689764023 -1.085699081421 0.023997662589 -0.341525018215 -0.197377339005 0.918600559235
1413393963.155760526657 2.410416841507 -0.749473333359 -1.100315809250 0.029221374542 -0.321691155434 -0.186647295952 0.927805900574
1413393963.205760717392 2.351288318634 -0.756148338318 -1.117298960686 0.031706657261 -0.304867088795 -0.171509191394 0.936288118362
1413393963.255760431290 2.293662309647 -0.761598348618 -1.135515689850 0.034480545670 -0.288453221321 -0.153952881694 0.944406867027
1413393963.305760622025 2.228963136673 -0.757291138172 -1.153417825699 0.035747621208 -0.271655678749 -0.138285145164 0.951736569405
1413393963.355760574341 2.167672157288 -0.755597770214 -1.175046920776 0.035674013197 -0.254592180252 -0.124430336058 0.958346188068
1413393963.405760526657 2.109730958939 -0.750689327717 -1.200910091400 0.033700484782 -0.236910790205 -0.113589368761 0.964279532433
1413393963.455760478973 2.052289724350 -0.738788604736 -1.224146842957 0.032086621970 -0.218937098980 -0.104576051235 0.969587981701
1413393963.505760669708 1.989923119545 -0.721926689148 -1.251125097275 0.030451314524 -0.201751425862 -0.095463171601 0.974297642708
1413393963.555760383606 1.918634057045 -0.700598657131 -1.275246739388 0.029135385528 -0.184216469526 -0.086658366024 0.978624403477
1413393963.605760574341 1.856656670570 -0.679757058620 -1.302550911903 0.029038826004 -0.168446630239 -0.078799404204 0.982126891613
1413393963.655760526657 1.805225253105 -0.652388274670 -1.331989645958 0.030287235975 -0.153355926275 -0.071281328797 0.985131263733
1413393963.705760717392 1.735526800156 -0.621773958206 -1.361491680145 0.030998071656 -0.137820109725 -0.066191017628 0.987756788731
1413393963.755760431290 1.673736691475 -0.589385211468 -1.389956116676 0.032449506223 -0.122354164720 -0.062130663544 0.990008234978
1413393963.805760622025 1.608492732048 -0.544358730316 -1.425081253052 0.033789873123 -0.105826325715 -0.058734569699 0.992073237896
1413393963.855760574341 1.550442218781 -0.522728383541 -1.463041305542 0.030878201127 -0.091007366776 -0.056460052729 0.993768811226
1413393963.905760526657 1.485853910446 -0.473260104656 -1.490508675575 0.029308544472 -0.075563840568 -0.054272774607 0.995231449604
1413393963.955760478973 1.421061754227 -0.432125478983 -1.525242686272 0.024703755975 -0.058929637074 -0.053133781999 0.996540963650
1413393964.005760669708 1.363306999207 -0.373232483864 -1.559369802475 0.021220540628 -0.043886292726 -0.050909064710 0.997512876987
1413393964.055760383606 1.292764186859 -0.318038970232 -1.599179744720 0.018460065126 -0.028315603733 -0.047623101622 0.998293280602
1413393964.105760574341 1.219922304153 -0.263862133026 -1.628436446190 0.016663819551 -0.012467839755 -0.042404800653 0.998883724213
1413393964.155760526657 1.146591782570 -0.212262704968 -1.666410565376 0.014434648678 0.001758699422 -0.034383140504 0.999302923679
1413393964.205760717392 1.076212048531 -0.154971763492 -1.700137019157 0.014292871580 0.015065216459 -0.023816483095 0.999500632286
1413393964.255760431290 1.016315460205 -0.105528078973 -1.741970896721 0.011934093200 0.026626871899 -0.012143337168 0.999500453472
1413393964.305760622025 0.942827105522 -0.053818535060 -1.782328724861 0.008921101689 0.039239268750 0.000266961637 0.999190032482
1413393964.355760574341 0.876489996910 0.002692376263 -1.823325157166 0.006271712948 0.051379449666 0.009574770927 0.998613655567
1413393964.405760526657 0.810335397720 0.050208702683 -1.864626526833 0.003589912783 0.063187040389 0.019825758412 0.997798323631
1413393964.455760478973 0.741035521030 0.104858286679 -1.905305981636 0.002522801282 0.075223125517 0.029378103092 0.996730685234
1413393964.505760669708 0.669105947018 0.147130981088 -1.949531674385 -0.000163335702 0.087208300829 0.037719797343 0.995475709438
1413393964.555760383606 0.609828233719 0.201560363173 -1.987924933434 0.000763727352 0.097677737474 0.046583998948 0.994126975536
1413393964.605760574341 0.546693146229 0.242647692561 -2.036929368973 -0.000117356292 0.107797391713 0.056301292032 0.992577433586
1413393964.655760526657 0.487117767334 0.285256415606 -2.082466840744 0.000326727837 0.117785550654 0.066031523049 0.990841209888
1413393964.705760717392 0.433192819357 0.325754344463 -2.126666784286 0.002132170368 0.128187417984 0.073919512331 0.988989055157
1413393964.755760431290 0.382200568914 0.366393059492 -2.179168939590 0.001710092532 0.138113424182 0.083150424063 0.986918330193
1413393964.805760622025 0.328351169825 0.409897983074 -2.230929851532 -0.000440701406 0.148304492235 0.092766098678 0.984581172466
1413393964.855760574341 0.277864038944 0.454969584942 -2.275248289108 -0.004112950526 0.158450216055 0.100991323590 0.982179880142
1413393964.905760526657 0.232912972569 0.486511439085 -2.327072143555 -0.012582729571 0.168486952782 0.109863355756 0.979481458664
1413393964.955760478973 0.196685671806 0.527980685234 -2.378413677216 -0.023131608963 0.176256105304 0.122259020805 0.976448357105
1413393965.005760669708 0.155838668346 0.562317073345 -2.427721261978 -0.034348104149 0.184294477105 0.136858850718 0.972689807415
1413393965.055760383606 0.127468645573 0.596692979336 -2.483105421066 -0.044280804694 0.190956115723 0.152846589684 0.968613922596
1413393965.105760574341 0.106560319662 0.631872534752 -2.534619331360 -0.053800281137 0.196797072887 0.171715497971 0.963789522648
1413393965.155760526657 0.079667076468 0.658904135227 -2.575244426727 -0.062184847891 0.205774545670 0.188069716096 0.958342194557
1413393965.205760717392 0.073829188943 0.697494864464 -2.623147726059 -0.070286750793 0.213725835085 0.199246972799 0.953772366047
1413393965.255760431290 0.085522472858 0.721012294292 -2.674941301346 -0.083504796028 0.222522020340 0.204781711102 0.949513256550
1413393965.305760622025 0.089410185814 0.747498989105 -2.724283695221 -0.095007620752 0.232499957085 0.204426616430 0.946111619473
1413393965.355760574341 0.120306760073 0.778988838196 -2.766827106476 -0.107001923025 0.242069184780 0.194306015968 0.944562494755
1413393965.405760526657 0.146765887737 0.796152532101 -2.811608314514 -0.117379799485 0.253258198500 0.176477387547 0.943895101547
1413393965.455760478973 0.180401235819 0.806166231632 -2.847498178482 -0.126234233379 0.264796495438 0.152524903417 0.943760514259
1413393965.505760669708 0.229312270880 0.809669196606 -2.879592895508 -0.131765455008 0.275888472795 0.119812220335 0.944546699524
1413393965.555760383606 0.268785923719 0.818840265274 -2.896595001221 -0.134292677045 0.287154912949 0.087004937232 0.944424510002
1413393965.605760574341 0.312188476324 0.831270515919 -2.913679599762 -0.131964981556 0.294813305140 0.060192938894 0.944482505322
1413393965.655760526657 0.368126630783 0.824659824371 -2.925605297089 -0.130671665072 0.299630373716 0.038269653916 0.944289147854
1413393965.705760717392 0.411372572184 0.816384553909 -2.928102731705 -0.122525274754 0.302198052406 0.027935113758 0.944925189018
1413393965.755760431290 0.451456487179 0.800148367882 -2.917457103729 -0.110029846430 0.302293479443 0.030312927440 0.946357846260
1413393965.805760622025 0.490866273642 0.790277540684 -2.908332824707 -0.090259633958 0.301210671663 0.034056395292 0.948665082455
1413393965.855760574341 0.527999281883 0.769387483597 -2.886976480484 -0.069367706776 0.300332933664 0.038345165551 0.950535655022
1413393965.905760526657 0.563814699650 0.754292726517 -2.867424726486 -0.055693037808 0.300114274025 0.039767637849 0.951445341110
1413393965.955760478973 0.600663065910 0.738870382309 -2.838832378387 -0.048014845699 0.301967471838 0.033290609717 0.951526105404
1413393966.005760669708 0.630691289902 0.737365782261 -2.806766510010 -0.043472722173 0.304532825947 0.023987418041 0.951206862926
1413393966.055760383606 0.664104342461 0.726850867271 -2.776772737503 -0.041384574026 0.305493175983 0.017686221749 0.951130092144
1413393966.105760574341 0.687063574791 0.713038563728 -2.742685317993 -0.039263125509 0.304637640715 0.019836470485 0.951452016830
1413393966.155760526657 0.705884277821 0.694249033928 -2.704845190048 -0.038460098207 0.303461521864 0.026045093313 0.951710879803
1413393966.205760717392 0.723093569279 0.671029627323 -2.668049573898 -0.037855893373 0.302356779575 0.029793113470 0.951976716518
1413393966.255760431290 0.740152120590 0.637849807739 -2.627437591553 -0.039060376585 0.301031291485 0.032974656671 0.952243208885
1413393966.305760622025 0.746924161911 0.606632530689 -2.589539289474 -0.040508132428 0.302650898695 0.028358941898 0.951817870140
1413393966.355760574341 0.758071601391 0.575208902359 -2.547487258911 -0.040169660002 0.304512262344 0.018035624176 0.951490104198
1413393966.405760526657 0.759289085865 0.533235192299 -2.500324726105 -0.035456348211 0.307615458965 0.005827638321 0.950832068920
1413393966.455760478973 0.751657247543 0.483256995678 -2.458982706070 -0.027015719563 0.308604598045 -0.000409819506 0.950806617737
1413393966.505760669708 0.749707341194 0.435850590467 -2.411453723907 -0.012955554761 0.307196825743 -0.001552215894 0.951556563377
1413393966.555760383606 0.734363794327 0.380118936300 -2.362729787827 0.001504530781 0.304867178202 0.001342172851 0.952392756939
1413393966.605760574341 0.719387650490 0.337576508522 -2.314683198929 0.015008340590 0.302648872137 0.004744431004 0.952972114086
1413393966.655760526657 0.690147280693 0.288198828697 -2.260647535324 0.025120746344 0.301493823528 0.008174173534 0.953102111816
1413393966.705760717392 0.661986231804 0.254577875137 -2.209353208542 0.034423712641 0.300270617008 0.009795576334 0.953182339668
1413393966.755760431290 0.637996435165 0.231336206198 -2.161048412323 0.041395355016 0.298530966043 0.010891292244 0.953439593315
1413393966.805760622025 0.604052126408 0.191358268261 -2.108170509338 0.045234374702 0.298135876656 0.013314878568 0.953358054161
1413393966.855760574341 0.566424012184 0.161103367805 -2.063310384750 0.044894549996 0.296762734652 0.017777580768 0.953729689121
1413393966.905760526657 0.524315476418 0.141798838973 -2.018176078796 0.039541438222 0.294741719961 0.027257140726 0.954369366169
1413393966.955760478973 0.476689547300 0.122502237558 -1.963210225105 0.033437088132 0.293160498142 0.041079606861 0.954594850540
1413393967.005760669708 0.425225347281 0.110851980746 -1.917444586754 0.025497516617 0.291686862707 0.058299630880 0.954394996166
1413393967.055760383606 0.380145072937 0.098998412490 -1.874301195145 0.019148625433 0.290243476629 0.074680581689 0.953842163086
1413393967.105760574341 0.325625836849 0.088148921728 -1.833283901215 0.014063150622 0.290824532509 0.087653852999 0.952649056911
1413393967.155760526657 0.274174094200 0.079398520291 -1.791836500168 0.010188350454 0.292943596840 0.096510715783 0.951191842556
1413393967.205760717392 0.228115439415 0.075732864439 -1.748957633972 0.007850512862 0.295397937298 0.103568159044 0.949711561203
1413393967.255760431290 0.181658104062 0.070779025555 -1.708568811417 0.008489924483 0.300550848246 0.107617571950 0.947636902332
1413393967.305760622025 0.136770635843 0.074660584331 -1.672771692276 0.010713705793 0.307081192732 0.110374733806 0.945200383663
1413393967.355760574341 0.091608539224 0.074715115130 -1.633605837822 0.012384695001 0.316487401724 0.110671341419 0.942037284374
1413393967.405760526657 0.050414651632 0.078283578157 -1.600479483604 0.015327943489 0.327042669058 0.111407414079 0.938294529915
1413393967.455760478973 0.005239635706 0.088850706816 -1.562448740005 0.021046489477 0.340011894703 0.114235743880 0.933219790459
1413393967.505760669708 -0.038886040449 0.093222744763 -1.527961492538 0.023987853900 0.351592957973 0.119971349835 0.928123891354
1413393967.555760383606 -0.077958941460 0.107490941882 -1.497411370277 0.026193056256 0.364688217640 0.124659016728 0.922375500202
1413393967.605760574341 -0.119856968522 0.113161116838 -1.472629070282 0.025765242055 0.377054840326 0.131887927651 0.916390419006
1413393967.655760526657 -0.158176839352 0.122653350234 -1.444445371628 0.025559652597 0.390369832516 0.138577237725 0.909810125828
1413393967.705760717392 -0.200194180012 0.131728082895 -1.420827388763 0.024188952520 0.405310481787 0.142073988914 0.902747631073
1413393967.755760431290 -0.239519968629 0.141378328204 -1.401146173477 0.022330584005 0.419467955828 0.146402657032 0.895608305931
1413393967.805760622025 -0.281239897013 0.148676678538 -1.386501431465 0.020401762798 0.433474719524 0.150655433536 0.888249039650
1413393967.855760574341 -0.318957448006 0.150252759457 -1.374768137932 0.015840537846 0.445982009172 0.155654907227 0.881260871887
1413393967.905760526657 -0.360975950956 0.151156514883 -1.362888574600 0.005739067681 0.456300377846 0.163989096880 0.874565422535
1413393967.955760478973 -0.401502281427 0.147621184587 -1.356425046921 -0.007334736641 0.463591426611 0.173156052828 0.868933975697
1413393968.005760669708 -0.440915912390 0.140894711018 -1.351971983910 -0.020146073774 0.469309866428 0.183269292116 0.863570928574
1413393968.055760383606 -0.477905333042 0.127196773887 -1.349435091019 -0.029600078240 0.475582182407 0.185645088553 0.859349429607
1413393968.105760574341 -0.511967062950 0.109324216843 -1.349613785744 -0.034392874688 0.480789244175 0.187656477094 0.855829358101
1413393968.155760526657 -0.541729927063 0.087744817138 -1.349720597267 -0.034928031266 0.484929293394 0.189094349742 0.853151202202
1413393968.205760717392 -0.570443332195 0.061420470476 -1.350651621819 -0.033519927412 0.487457752228 0.193124622107 0.850860893726
1413393968.255760431290 -0.594001770020 0.035678714514 -1.349596738815 -0.032660096884 0.487896889448 0.198422327638 0.849422454834
1413393968.305760622025 -0.618058562279 0.012085974216 -1.351717710495 -0.034094497561 0.487892568111 0.201298996806 0.848691463470
1413393968.355760574341 -0.637279391289 -0.005669593811 -1.344497799873 -0.040152676404 0.490622192621 0.196755141020 0.847918093204
1413393968.405760526657 -0.654985904694 -0.021633863449 -1.342682838440 -0.048135984689 0.493023335934 0.188633486629 0.847955405712
1413393968.455760478973 -0.670830607414 -0.036532789469 -1.338805437088 -0.054741334170 0.495323002338 0.179748356342 0.848144471645
1413393968.505760669708 -0.681799650192 -0.052913904190 -1.334827899933 -0.056181568652 0.497233778238 0.169571906328 0.849027395248
1413393968.555760383606 -0.693951964378 -0.063480421901 -1.323824048042 -0.054976269603 0.499624878168 0.160879522562 0.849394142628
1413393968.605760574341 -0.700634241104 -0.071782007813 -1.308498144150 -0.055929917842 0.501286029816 0.154811993241 0.849480688572
1413393968.655760526657 -0.711165785789 -0.082740440965 -1.291953086853 -0.057394109666 0.503133475780 0.153084799647 0.848603427410
1413393968.705760717392 -0.717025637627 -0.086605980992 -1.276006221771 -0.058411359787 0.504613816738 0.154458612204 0.847405195236
1413393968.755760431290 -0.724102377892 -0.091072350740 -1.257822990417 -0.058762922883 0.506468713284 0.156774431467 0.845847606659
1413393968.805760622025 -0.725025415421 -0.092710286379 -1.231271028519 -0.055201329291 0.511171638966 0.157673001289 0.843086957932
1413393968.855760574341 -0.727140307426 -0.094309702516 -1.205536365509 -0.047323133796 0.517614722252 0.157133072615 0.839728891850
1413393968.905760526657 -0.726266026497 -0.091557204723 -1.175097584724 -0.036079257727 0.525616228580 0.156372770667 0.835448026657
1413393968.955760478973 -0.727853238583 -0.087337434292 -1.145736575127 -0.022371049970 0.533102154732 0.161026716232 0.830284237862
1413393969.005760669708 -0.726531744003 -0.083440899849 -1.112637758255 -0.010385474190 0.541340589523 0.167483106256 0.823888301849
1413393969.055760383606 -0.725091338158 -0.074738070369 -1.074405908585 0.000309917930 0.551441311836 0.172608986497 0.816160857677
1413393969.105760574341 -0.726731538773 -0.064232751727 -1.041376590729 0.008991489187 0.562141716480 0.176360562444 0.807968318462
1413393969.155760526657 -0.726783514023 -0.054622665048 -1.008222103119 0.012755133212 0.574663579464 0.176496669650 0.799029469490
1413393969.205760717392 -0.732405543327 -0.042114317417 -0.982048690319 0.013686602935 0.586844980717 0.177252829075 0.789941191673
1413393969.255760431290 -0.734417676926 -0.030810788274 -0.950554490089 0.014051369391 0.600019276142 0.178664922714 0.779652655125
1413393969.305760622025 -0.739504933357 -0.018887415528 -0.924170017242 0.012239700183 0.611528873444 0.183119326830 0.769642770290
1413393969.355760574341 -0.746371030807 -0.010352358222 -0.897398352623 0.011637270451 0.622335851192 0.189711421728 0.759323537350
1413393969.405760526657 -0.751100599766 -0.003206446767 -0.868693947792 0.012501652353 0.631826281548 0.198932185769 0.749042868614
1413393969.455760478973 -0.761573433876 0.004921868443 -0.845399737358 0.018123265356 0.639503061771 0.210063695908 0.739310979843
1413393969.505760669708 -0.772630333900 0.010675311089 -0.817835271358 0.027562053874 0.646150112152 0.223864868283 0.729119360447
1413393969.555760383606 -0.781641185284 0.016955018044 -0.793387174606 0.034150633961 0.653328359127 0.234486818314 0.719035267830
1413393969.605760574341 -0.793135762215 0.024379238486 -0.772620916367 0.037716336548 0.659296572208 0.247162297368 0.709095418453
1413393969.655760526657 -0.803614914417 0.030789449811 -0.761178493500 0.038339443505 0.666121006012 0.256652832031 0.699244022369
1413393969.705760717392 -0.819318830967 0.035218447447 -0.753122687340 0.037572324276 0.672680497169 0.264851093292 0.689886391163
1413393969.755760431290 -0.827963829041 0.037309765816 -0.744781017303 0.036415234208 0.678010702133 0.272497057915 0.681704342365
1413393969.805760622025 -0.845489621162 0.035838067532 -0.748266339302 0.036173883826 0.681980431080 0.279153496027 0.675031542778
1413393969.855760574341 -0.856630504131 0.028701603413 -0.754485368729 0.036020360887 0.685950517654 0.283525854349 0.669169247150
1413393969.905760526657 -0.866792440414 0.018838793039 -0.766417682171 0.034846629947 0.690089285374 0.284539401531 0.664529800415
1413393969.955760478973 -0.872395515442 0.008913487196 -0.780466973782 0.032231405377 0.695672035217 0.280679136515 0.660470128059
1413393970.005760669708 -0.886440515518 -0.005124747753 -0.806708395481 0.022716362029 0.700625777245 0.274645447731 0.658162117004
1413393970.055760383606 -0.895261645317 -0.021300643682 -0.832295715809 0.008186289109 0.707066893578 0.262782305479 0.656456291676
1413393970.105760574341 -0.903350353241 -0.038203418255 -0.862229824066 -0.008903914131 0.712025940418 0.252778410912 0.655013740063
1413393970.155760526657 -0.911467194557 -0.051988005638 -0.892386913300 -0.022861344740 0.715180397034 0.245146214962 0.654138982296
1413393970.205760717392 -0.920690178871 -0.067354500294 -0.923785865307 -0.033783640712 0.716399013996 0.241374909878 0.653734862804
1413393970.255760431290 -0.928818225861 -0.079689502716 -0.950153410435 -0.040084443986 0.717304468155 0.238949865103 0.653276741505
1413393970.305760622025 -0.929943025112 -0.087582439184 -0.974735856056 -0.043641973287 0.717556357384 0.237358093262 0.653352439404
1413393970.355760574341 -0.930603981018 -0.093211859465 -0.996310710907 -0.045693591237 0.717352688313 0.237462654710 0.653397917747
1413393970.405760526657 -0.933876514435 -0.099328398705 -1.019849061966 -0.047145720571 0.716554224491 0.236929595470 0.654363572598
1413393970.455760478973 -0.932025432587 -0.104176551104 -1.040196537971 -0.047679144889 0.716491222382 0.234610319138 0.655228972435
1413393970.505760669708 -0.926896274090 -0.109450206161 -1.056893467903 -0.044411268085 0.717837214470 0.229318603873 0.655858576298
1413393970.555760383606 -0.921512484550 -0.116660565138 -1.074799418449 -0.038721404970 0.719126760960 0.223360180855 0.656862020493
1413393970.605760574341 -0.918092906475 -0.127270922065 -1.097277402878 -0.035718090832 0.720037698746 0.217026859522 0.658155918121
1413393970.655760526657 -0.909801006317 -0.133393973112 -1.108975529671 -0.033097267151 0.722586393356 0.207832008600 0.658467411995
1413393970.705760717392 -0.901430845261 -0.138687461615 -1.119356870651 -0.033577524126 0.725167512894 0.198265254498 0.658555626869
1413393970.755760431290 -0.894186258316 -0.139440611005 -1.126165390015 -0.039585310966 0.728661954403 0.186957731843 0.657671332359
1413393970.805760622025 -0.888662576675 -0.136452257633 -1.131261587143 -0.050108354539 0.731655836105 0.175585463643 0.656763732433
1413393970.855760574341 -0.880135893822 -0.128757745028 -1.129018545151 -0.061269771308 0.734274208546 0.166937768459 0.655148208141
1413393970.905760526657 -0.873052954674 -0.124233290553 -1.122799396515 -0.070423714817 0.736179411411 0.159697547555 0.653893768787
1413393970.955760478973 -0.865433514118 -0.120604977012 -1.112249851227 -0.074386283755 0.737358987331 0.155216947198 0.653204619884
1413393971.005760669708 -0.859866738319 -0.120768323541 -1.096114635468 -0.072484545410 0.737456858158 0.153910920024 0.653616726398
1413393971.055760383606 -0.848592996597 -0.125106990337 -1.072091460228 -0.062366764992 0.736567854881 0.156772211194 0.654981493950
1413393971.105760574341 -0.843742370605 -0.131967902184 -1.041600704193 -0.047876674682 0.735244095325 0.160164728761 0.656864702702
1413393971.155760526657 -0.840145409107 -0.147176146507 -1.014954328537 -0.031339284033 0.734680712223 0.157273516059 0.659186720848
1413393971.205760717392 -0.832397401333 -0.169025912881 -0.974269449711 -0.013011329807 0.734667718410 0.152135848999 0.661021053791
1413393971.255760431290 -0.832444071770 -0.199622660875 -0.940152406693 0.002423547674 0.734554529190 0.145298138261 0.662806451321
1413393971.305760622025 -0.836019158363 -0.221993759274 -0.897853374481 0.018815578893 0.735412836075 0.135046452284 0.663759410381
1413393971.355760574341 -0.841073215008 -0.250587046146 -0.857097506523 0.030564410612 0.736026942730 0.126020222902 0.664416372776
1413393971.405760526657 -0.856688618660 -0.269401669502 -0.808827519417 0.039765067399 0.736437439919 0.119415700436 0.664694309235
1413393971.455760478973 -0.871978044510 -0.286973297596 -0.757037043571 0.043807853013 0.734588682652 0.122331596911 0.665954411030
1413393971.505760669708 -0.897538185120 -0.300086736679 -0.701712310314 0.042624995112 0.730892896652 0.134696111083 0.667709231377
1413393971.555760383606 -0.927594602108 -0.312505424023 -0.646296679974 0.039268206805 0.725209891796 0.154582709074 0.669800579548
1413393971.605760574341 -0.965901613235 -0.322989761829 -0.590413510799 0.042524650693 0.717462599277 0.180443137884 0.671475529671
1413393971.655760526657 -0.996477842331 -0.336708128452 -0.536013782024 0.050019662827 0.708687305450 0.207549527287 0.672445952892
1413393971.705760717392 -1.037273406982 -0.348683297634 -0.477419018745 0.061899308115 0.701427996159 0.230320051312 0.671654701233
1413393971.755760431290 -1.080546975136 -0.364773631096 -0.437892794609 0.076100312173 0.693689763546 0.253216028214 0.669988751411
1413393971.805760622025 -1.129693269730 -0.385886490345 -0.397127389908 0.088046327233 0.687775433064 0.272361844778 0.667107105255
1413393971.855760574341 -1.182788133621 -0.402364253998 -0.360079646111 0.095586478710 0.683990716934 0.286307036877 0.664114713669
1413393971.905760526657 -1.228268980980 -0.415783852339 -0.331386446953 0.095564641058 0.683888554573 0.292226135731 0.661640226841
1413393971.955760478973 -1.278599977493 -0.425129055977 -0.319326043129 0.087767705321 0.686476647854 0.291870892048 0.660195469856
1413393972.005760669708 -1.324728608131 -0.430230140686 -0.298726677895 0.077644437551 0.691588163376 0.287687122822 0.657961487770
1413393972.055760383606 -1.386056303978 -0.447772651911 -0.297812581062 0.064666017890 0.695940256119 0.282641351223 0.656962215900
1413393972.105760574341 -1.438537836075 -0.452045798302 -0.298716664314 0.055750854313 0.698607504368 0.281231671572 0.655551791191
1413393972.155760526657 -1.493838071823 -0.460889458656 -0.298660039902 0.046963181347 0.698315501213 0.287315666676 0.653911054134
1413393972.205760717392 -1.543603181839 -0.448226451874 -0.298270106316 0.038291860372 0.697231650352 0.293861508369 0.652722895145
1413393972.255760431290 -1.601459264755 -0.446390271187 -0.302521109581 0.028420042247 0.696505606174 0.299115180969 0.651615202427
1413393972.305760622025 -1.645823001862 -0.429555088282 -0.303959488869 0.015289692208 0.701225996017 0.290468573570 0.650904238224
1413393972.355760574341 -1.692129492760 -0.413257390261 -0.314460158348 0.003086837940 0.707613945007 0.274645954370 0.651031911373
1413393972.405760526657 -1.746102333069 -0.400426983833 -0.326678037643 -0.007744290866 0.712248027325 0.260540008545 0.651737391949
1413393972.455760478973 -1.791256666183 -0.391112297773 -0.337224364281 -0.018022209406 0.716681897640 0.246634617448 0.652084171772
1413393972.505760669708 -1.839068889618 -0.375065565109 -0.346655249596 -0.029727684334 0.718519449234 0.239537239075 0.652279078960
1413393972.555760383606 -1.879719495773 -0.362985461950 -0.368983745575 -0.042990684509 0.717421114445 0.239638656378 0.652711331844
1413393972.605760574341 -1.912262201309 -0.326122194529 -0.355303287506 -0.051762536168 0.718293190002 0.238870874047 0.651395618916
1413393972.655760526657 -1.956972837448 -0.312651216984 -0.361545324326 -0.056191857904 0.718211114407 0.239209100604 0.650994956493
1413393972.705760717392 -1.986655116081 -0.334595739841 -0.376783132553 -0.060483071953 0.718070328236 0.240705490112 0.650213539600
1413393972.755760431290 -2.016439437866 -0.318791657686 -0.381395101547 -0.060559011996 0.718756139278 0.239771783352 0.649793624878
1413393972.805760622025 -2.045537948608 -0.315608590841 -0.396917581558 -0.060122072697 0.719845533371 0.237550303340 0.649444043636
1413393972.855760574341 -2.067054271698 -0.309084504843 -0.391016721725 -0.058817271143 0.722159683704 0.235216975212 0.647841691971
1413393972.905760526657 -2.091119766235 -0.306065082550 -0.389566898346 -0.059324044734 0.724057495594 0.232621967793 0.646613061428
1413393972.955760478973 -2.111601352692 -0.289681851864 -0.384540557861 -0.058897167444 0.726695120335 0.228604912758 0.645124137402
1413393973.005760669708 -2.133592128754 -0.285879135132 -0.379196643829 -0.060324102640 0.728864252567 0.224697843194 0.643916726112
1413393973.055760383606 -2.140674352646 -0.282584607601 -0.371477842331 -0.059247821569 0.731165587902 0.219350934029 0.643250942230
1413393973.105760574341 -2.151437520981 -0.279351770878 -0.364028692245 -0.054851941764 0.733409881592 0.213879764080 0.642928302288
1413393973.155760526657 -2.164548397064 -0.278633475304 -0.350502729416 -0.049245119095 0.735450565815 0.207017242908 0.643297195435
1413393973.205760717392 -2.171070814133 -0.276177197695 -0.327950239182 -0.041769303381 0.737997770309 0.199354752898 0.643329083920
1413393973.255760431290 -2.185581684113 -0.273515641689 -0.308362722397 -0.032371848822 0.740286529064 0.189520955086 0.644212484360
1413393973.305760622025 -2.189143657684 -0.276609957218 -0.289181232452 -0.021293057129 0.742798566818 0.179460301995 0.644663453102
1413393973.355760574341 -2.202996730804 -0.275889694691 -0.266011238098 -0.010944770649 0.744340717793 0.170116662979 0.645676076412
1413393973.405760526657 -2.214758396149 -0.279281198978 -0.235620498657 -0.000649347261 0.745545268059 0.161135196686 0.646681725979
1413393973.455760478973 -2.233994483948 -0.280944287777 -0.208047866821 0.007642232813 0.746344447136 0.152143642306 0.647891879082
1413393973.505760669708 -2.257702589035 -0.290812492371 -0.176516532898 0.015196080320 0.747443914413 0.142952352762 0.648584067822
1413393973.555760383606 -2.280159473419 -0.288199335337 -0.141167879105 0.021903347224 0.747641146183 0.137374728918 0.649369895458
1413393973.605760574341 -2.310735940933 -0.294851034880 -0.095001697540 0.027635306120 0.747217416763 0.135714009404 0.649987816811
1413393973.655760526657 -2.344577312469 -0.294935107231 -0.067997217178 0.035900950432 0.743665456772 0.140884831548 0.652552127838
1413393973.705760717392 -2.384154081345 -0.308564126492 -0.020305871964 0.043406907469 0.738255739212 0.156499445438 0.654677212238
1413393973.755760431290 -2.434444904327 -0.312032282352 0.031201839447 0.050486795604 0.730397880077 0.178376242518 0.657382667065
1413393973.805760622025 -2.486182689667 -0.320482075214 0.092680692673 0.057494614273 0.721619486809 0.203514859080 0.659197509289
1413393973.855760574341 -2.542514085770 -0.333178102970 0.111755847931 0.065211310983 0.709233880043 0.233898028731 0.661835670471
1413393973.905760526657 -2.601463317871 -0.338753998280 0.154037237167 0.074815846980 0.696334064007 0.265448868275 0.662614822388
1413393973.955760478973 -2.662079095840 -0.351366579533 0.200215339661 0.076976612210 0.684519529343 0.294684469700 0.662320673466
1413393974.005760669708 -2.721530437469 -0.356326401234 0.218152999878 0.065121062100 0.671974658966 0.323198556900 0.663138091564
1413393974.055760383606 -2.787048816681 -0.365974903107 0.242388010025 0.046780459583 0.662240505219 0.348676770926 0.661569058895
1413393974.105760574341 -2.829395771027 -0.372869610786 0.246604442596 0.022120255977 0.651169657707 0.372156947851 0.661050677299
1413393974.155760526657 -2.886142492294 -0.377546310425 0.251433849335 -0.003295833943 0.642711699009 0.391985952854 0.658223211765
1413393974.205760717392 -2.930976152420 -0.381877422333 0.224853754044 -0.034816935658 0.636563777924 0.402152627707 0.657151103020
1413393974.255760431290 -2.958436965942 -0.383848905563 0.205621719360 -0.070726312697 0.636414945126 0.398891150951 0.656399130821
1413393974.305760622025 -2.980163574219 -0.370466709137 0.181002855301 -0.101645648479 0.638852417469 0.388488054276 0.656210958958
1413393974.355760574341 -2.998654365540 -0.369967222214 0.140577554703 -0.127852141857 0.640765964985 0.377744972706 0.656034708023
1413393974.405760526657 -2.988139867783 -0.375975370407 0.096999168396 -0.150086328387 0.642412960529 0.366834461689 0.655905604362
1413393974.455760478973 -2.973401069641 -0.385015845299 0.054882049561 -0.169310480356 0.646462917328 0.348618865013 0.657179236412
1413393974.505760669708 -2.944137096405 -0.392917394638 0.026149749756 -0.182934388518 0.652241230011 0.328003466129 0.658430159092
1413393974.555760383606 -2.897669553757 -0.401156067848 -0.004110097885 -0.190980955958 0.659157156944 0.302881836891 0.661287188530
1413393974.605760574341 -2.833652973175 -0.416621208191 -0.035361528397 -0.191570132971 0.666197061539 0.277368724346 0.665243566036
1413393974.655760526657 -2.767614364624 -0.438726544380 -0.058310270309 -0.184490859509 0.674027740955 0.252044796944 0.669420003891
1413393974.705760717392 -2.687572479248 -0.478894531727 -0.082798004150 -0.172081977129 0.681780755520 0.226505771279 0.673986673355
1413393974.755760431290 -2.603917598724 -0.494320809841 -0.099528551102 -0.155569925904 0.688480675220 0.204841569066 0.678109407425
1413393974.805760622025 -2.524340867996 -0.514840602875 -0.102418661118 -0.137621060014 0.695235669613 0.185227617621 0.680733859539
1413393974.855760574341 -2.430388689041 -0.533501386642 -0.100639820099 -0.115189746022 0.699830472469 0.173372149467 0.683308660984
1413393974.905760526657 -2.344971895218 -0.548633098602 -0.092024564743 -0.090672746301 0.702346026897 0.168686792254 0.685589730740
1413393974.955760478973 -2.246749401093 -0.588009715080 -0.077255725861 -0.069818988442 0.704336762428 0.167433798313 0.686295092106
1413393975.005760669708 -2.151456117630 -0.595080614090 -0.063174009323 -0.047704257071 0.705679655075 0.166201993823 0.687108039856
1413393975.055760383606 -2.056740522385 -0.619121611118 -0.032083988190 -0.030252529308 0.706476867199 0.168778896332 0.686650514603
1413393975.105760574341 -1.971418499947 -0.625355005264 -0.008200645447 -0.014670856297 0.706463098526 0.171812102199 0.686422169209
1413393975.155760526657 -1.882873773575 -0.639843642712 0.025012969971 -0.002405554755 0.705398321152 0.178533822298 0.685954272747
1413393975.205760717392 -1.805256605148 -0.633778214455 0.053385496140 0.004607943818 0.704251945019 0.183679282665 0.685762286186
1413393975.255760431290 -1.723089337349 -0.641064405441 0.087658882141 0.009068093263 0.702663242817 0.190644949675 0.685446321964
1413393975.305760622025 -1.642643690109 -0.645803451538 0.117937207222 0.010595185682 0.701596498489 0.196055740118 0.684990704060
1413393975.355760574341 -1.571542501450 -0.658367097378 0.156872391701 0.009751874954 0.703072190285 0.193054065108 0.684342503548
1413393975.405760526657 -1.506865739822 -0.663728594780 0.180168271065 0.009934957139 0.704387426376 0.187678188086 0.684482693672
1413393975.455760478973 -1.434280633926 -0.659707963467 0.207613825798 0.009131845087 0.706063449383 0.179135411978 0.685055971146
1413393975.505760669708 -1.366101741791 -0.678725481033 0.246661663055 0.009047394618 0.708247482777 0.172095581889 0.684607088566
1413393975.555760383606 -1.310199260712 -0.678821444511 0.283765554428 0.009634367190 0.710075855255 0.164612323046 0.684545278549
1413393975.605760574341 -1.257819652557 -0.684194207191 0.324306309223 0.011145008728 0.711348652840 0.159680217505 0.684369146824
1413393975.655760526657 -1.199852228165 -0.716962099075 0.356268346310 0.011797452345 0.711056590080 0.159674674273 0.684662938118
1413393975.705760717392 -1.147814512253 -0.728392243385 0.400649785995 0.016922343522 0.709457755089 0.164893805981 0.684976935387
1413393975.755760431290 -1.102445960045 -0.736832439899 0.443946778774 0.023654440418 0.707861840725 0.172593459487 0.684531748295
1413393975.805760622025 -1.056132316589 -0.761326909065 0.488590717316 0.028569428250 0.706539332867 0.181642174721 0.683368206024
1413393975.855760574341 -1.021268844604 -0.781666040421 0.526406824589 0.036447916180 0.705434739590 0.189433276653 0.682017982006
1413393975.905760526657 -0.982465028763 -0.776615500450 0.581893801689 0.045838538557 0.704945385456 0.195844754577 0.680143952370
1413393975.955760478973 -0.956294715405 -0.811049222946 0.603633761406 0.045669522136 0.704415917397 0.202777877450 0.678670585155
1413393976.005760669708 -0.928466022015 -0.830960810184 0.660692930222 0.041946217418 0.706239700317 0.207581415772 0.675556063652
1413393976.055760383606 -0.909748613834 -0.842962265015 0.669970214367 0.034717403352 0.706347167492 0.211702629924 0.674574315548
1413393976.105760574341 -0.890611171722 -0.838494896889 0.714230120182 0.028263038024 0.708158612251 0.213506743312 0.672404229641
1413393976.155760526657 -0.871219038963 -0.855930805206 0.745083749294 0.023007072508 0.709398567677 0.216813743114 0.670235872269
1413393976.205760717392 -0.850049257278 -0.846255898476 0.783251702785 0.021912841126 0.709706544876 0.220517590642 0.668736577034
1413393976.255760431290 -0.836713314056 -0.850257277489 0.817848920822 0.023485776037 0.709619641304 0.225216776133 0.667207479477
1413393976.305760622025 -0.821079134941 -0.856886863708 0.855448246002 0.027479374781 0.709661543369 0.229332700372 0.665606498718
1413393976.355760574341 -0.810441136360 -0.858264207840 0.887214779854 0.034675776958 0.709435343742 0.231127977371 0.664890289307
1413393976.405760526657 -0.800833582878 -0.847316384315 0.924822151661 0.042359195650 0.709269404411 0.229769378901 0.665092945099
1413393976.455760478973 -0.792980313301 -0.855909466743 0.951684176922 0.046891037375 0.706873774529 0.231155380607 0.666856706142
1413393976.505760669708 -0.783042073250 -0.864689648151 0.984020829201 0.047111667693 0.702823221684 0.234044253826 0.670106947422
1413393976.555760383606 -0.780413150787 -0.867263317108 0.998900234699 0.045533951372 0.697025537491 0.235607102513 0.675700664520
1413393976.605760574341 -0.786248564720 -0.871782779694 1.026660919189 0.042244546115 0.692702293396 0.236805319786 0.679928064346
1413393976.655760526657 -0.781558156013 -0.880064666271 1.046436667442 0.039243113250 0.687599062920 0.239212051034 0.684430480003
1413393976.705760717392 -0.782680392265 -0.885629296303 1.071176886559 0.040026038885 0.682561874390 0.241640910506 0.688561439514
1413393976.755760431290 -0.791777133942 -0.879731714725 1.084201574326 0.041194312274 0.677633285522 0.242981076241 0.692875385284
1413393976.805760622025 -0.792129874229 -0.872253417969 1.102169990540 0.040789313614 0.673112154007 0.247129946947 0.695832610130
1413393976.855760574341 -0.793994426727 -0.859033048153 1.108424425125 0.035469919443 0.668036520481 0.252047777176 0.699243187904
1413393976.905760526657 -0.798063755035 -0.854534983635 1.123592495918 0.023489082232 0.664479255676 0.256838619709 0.701391160488
1413393976.955760478973 -0.797151446342 -0.839003443718 1.122922062874 0.012681616470 0.660910189152 0.260661244392 0.703628182411
1413393977.005760669708 -0.803410887718 -0.823699831963 1.128211736679 -0.001394580817 0.659925818443 0.259709745646 0.705015480518
1413393977.055760383606 -0.800435543060 -0.815199851990 1.125177979469 -0.013960720040 0.660429358482 0.255838215351 0.705822288990
1413393977.105760574341 -0.801047801971 -0.808694958687 1.123461723328 -0.023720428348 0.662336409092 0.249583005905 0.706014275551
1413393977.155760526657 -0.796651363373 -0.810569703579 1.125976800919 -0.028551144525 0.664857327938 0.242591872811 0.705902874470
1413393977.205760717392 -0.791626811028 -0.816432952881 1.123034000397 -0.031416978687 0.668043553829 0.234415620565 0.705535352230
1413393977.255760431290 -0.788236498833 -0.813383579254 1.125657796860 -0.030045242980 0.671285688877 0.226262569427 0.705179452896
1413393977.305760622025 -0.770663619041 -0.819118857384 1.109443783760 -0.028051819652 0.672737896442 0.219630420208 0.705974102020
1413393977.355760574341 -0.764972209930 -0.824964404106 1.103652119637 -0.026125526056 0.675065457821 0.214692562819 0.705344736576
1413393977.405760526657 -0.746186017990 -0.851323485374 1.094803690910 -0.025785693899 0.677129626274 0.211186811328 0.704436540604
1413393977.455760478973 -0.737761259079 -0.864539265633 1.090586185455 -0.024700250477 0.678779840469 0.208693116903 0.703629970551
1413393977.505760669708 -0.719790697098 -0.885471582413 1.073482155800 -0.026857782155 0.679968833923 0.206457257271 0.703062236309
1413393977.555760383606 -0.705942273140 -0.911048233509 1.070507287979 -0.028772976249 0.681499063969 0.205818295479 0.701690793037
1413393977.605760574341 -0.696352720261 -0.921546697617 1.070381879807 -0.028963129967 0.683031082153 0.205205991864 0.700371444225
1413393977.655760526657 -0.679823875427 -0.934445142746 1.069163799286 -0.029131202027 0.684060394764 0.205486506224 0.699276804924
1413393977.705760717392 -0.669956684113 -0.949649691582 1.072529554367 -0.030093915761 0.685365915298 0.205079600215 0.698076128960
1413393977.755760431290 -0.654040217400 -0.960931360722 1.073154568672 -0.030379598960 0.686133503914 0.206584334373 0.696865022182
1413393977.805760622025 -0.632242321968 -0.972198605537 1.080232501030 -0.029903652146 0.687320768833 0.207304134965 0.695500493050
1413393977.855760574341 -0.621568322182 -0.979552149773 1.090384602547 -0.029927728698 0.688638508320 0.206808462739 0.694342553616
1413393977.905760526657 -0.609792113304 -0.992360472679 1.109794855118 -0.029476892203 0.690638661385 0.207081377506 0.692290842533
1413393977.955760478973 -0.593980789185 -1.004701614380 1.119156837463 -0.028848301619 0.691789805889 0.208344250917 0.690787494183
1413393978.005760669708 -0.579030632973 -1.013402104378 1.132004022598 -0.027859421447 0.692782342434 0.209720745683 0.689415514469
1413393978.055760383606 -0.562061667442 -1.029024243355 1.149821877480 -0.026430161670 0.693915665150 0.213154524565 0.687275528908
1413393978.105760574341 -0.543427944183 -1.039170622826 1.166177988052 -0.024241549894 0.694780170918 0.216521143913 0.685427963734
1413393978.155760526657 -0.527127385139 -1.052306652069 1.178887248039 -0.020947156474 0.695020318031 0.220073476434 0.684160649776
1413393978.205760717392 -0.507001280785 -1.075246810913 1.196438312531 -0.017885338515 0.695890188217 0.223728582263 0.682174801826
1413393978.255760431290 -0.488638281822 -1.087117552757 1.208096742630 -0.013184414245 0.697550356388 0.226396873593 0.679701507092
1413393978.305760622025 -0.470656752586 -1.107036232948 1.226635932922 -0.009136221372 0.700483918190 0.229127168655 0.675825119019
1413393978.355760574341 -0.452985882759 -1.126519799232 1.244370460510 -0.002617817605 0.704681336880 0.231302380562 0.670758247375
1413393978.405760526657 -0.428636312485 -1.137369155884 1.254972100258 0.002964172512 0.709001839161 0.234119489789 0.665203511715
1413393978.455760478973 -0.412074089050 -1.157165050507 1.269960403442 0.009515026584 0.715212047100 0.236046046019 0.657771706581
1413393978.505760669708 -0.392846465111 -1.175279617310 1.283743500710 0.014958409593 0.722050905228 0.238335654140 0.649318754673
1413393978.555760383606 -0.376447200775 -1.187561392784 1.296146154404 0.020296936855 0.730109572411 0.239012494683 0.639844655991
1413393978.605760574341 -0.356369256973 -1.207352519035 1.303924083710 0.021566770971 0.738129854202 0.243298277259 0.628892004490
1413393978.655760526657 -0.341190099716 -1.221665620804 1.312932729721 0.023089412600 0.746722936630 0.246933445334 0.617167413235
1413393978.705760717392 -0.329487919807 -1.234969854355 1.320188999176 0.022399486974 0.754948258400 0.252088159323 0.604981780052
1413393978.755760431290 -0.318602800369 -1.241830348969 1.327195882797 0.021456874907 0.763211905956 0.257673293352 0.592158496380
1413393978.805760622025 -0.308196902275 -1.263383865356 1.331359386444 0.020041478798 0.770942807198 0.264347642660 0.579107820988
1413393978.855760574341 -0.297776222229 -1.275534391403 1.335370063782 0.020917793736 0.778951883316 0.269746005535 0.565715014935
1413393978.905760526657 -0.292570590973 -1.285288810730 1.333761215210 0.022259030491 0.787290751934 0.272997528315 0.552404046059
1413393978.955760478973 -0.283971548080 -1.301854014397 1.334703087807 0.024123864248 0.795470893383 0.276921987534 0.538477897644
1413393979.005760669708 -0.279421329498 -1.306881189346 1.333912372589 0.027662940323 0.803129076958 0.280977010727 0.524662137032
1413393979.055760383606 -0.273769140244 -1.324906468391 1.333468198776 0.030284453183 0.810925066471 0.285563528538 0.509840071201
1413393979.105760574341 -0.269608497620 -1.334849119186 1.327463388443 0.033507749438 0.818650901318 0.289048612118 0.495115071535
1413393979.155760526657 -0.269143700600 -1.345817327499 1.321415543556 0.035228561610 0.827083289623 0.292126983404 0.478909164667
1413393979.205760717392 -0.269563913345 -1.349618911743 1.306534886360 0.035885732621 0.835354387760 0.294105291367 0.463030636311
1413393979.255760431290 -0.270708322525 -1.355424404144 1.288409352303 0.036310248077 0.843214273453 0.296134442091 0.447186350822
1413393979.305760622025 -0.276397943497 -1.359780669212 1.278722405434 0.037462256849 0.850978136063 0.298274934292 0.430656343699
1413393979.355760574341 -0.279727935791 -1.354090929031 1.262850284576 0.040798928589 0.858317375183 0.300265133381 0.414086461067
1413393979.405760526657 -0.279361009598 -1.347324848175 1.248676896095 0.043748345226 0.865030705929 0.303094983101 0.397418409586
1413393979.455760478973 -0.298982858658 -1.337048053741 1.235298633575 0.048089772463 0.871391415596 0.305378288031 0.380931079388
1413393979.505760669708 -0.302131533623 -1.321078777313 1.216011285782 0.052742518485 0.877149999142 0.308282166719 0.364401191473
1413393979.555760383606 -0.324860811234 -1.304862856865 1.201279520988 0.057131040841 0.882516026497 0.311073154211 0.348044693470
1413393979.605760574341 -0.335113406181 -1.288108110428 1.176465630531 0.059335548431 0.887882709503 0.314100205898 0.330884665251
1413393979.655760526657 -0.348006129265 -1.261998653412 1.161958336830 0.059237986803 0.893928408623 0.315295189619 0.313004493713
1413393979.705760717392 -0.373242735863 -1.237156987190 1.136456966400 0.057574346662 0.899813592434 0.315172165632 0.296120405197
1413393979.755760431290 -0.398607194424 -1.211170434952 1.113751888275 0.054570324719 0.905389964581 0.315080881119 0.279311895370
1413393979.805760622025 -0.428472161293 -1.190276145935 1.090442299843 0.048224825412 0.911091029644 0.314057052135 0.262594074011
1413393979.855760574341 -0.466975033283 -1.171251058578 1.059444665909 0.041623827070 0.915456712246 0.315491586924 0.246316105127
1413393979.905760526657 -0.494411468506 -1.152786016464 1.031617522240 0.034640196711 0.919513106346 0.317396014929 0.229250058532
1413393979.955760478973 -0.532647967339 -1.138621687889 1.004624605179 0.029128206894 0.922794461250 0.319964796305 0.212660521269
1413393980.005760669708 -0.569392502308 -1.110548377037 0.963945508003 0.025235613808 0.925554692745 0.322531640530 0.196685165167
1413393980.055760383606 -0.599069535732 -1.088703870773 0.929906129837 0.017884157598 0.927495181561 0.327311426401 0.179722338915
1413393980.105760574341 -0.642239451408 -1.075673818588 0.895774960518 0.008926326409 0.928459048271 0.333143889904 0.164009958506
1413393980.155760526657 -0.699247181416 -1.066662192345 0.854856014252 -0.001744308858 0.928728163242 0.339410096407 0.149203747511
1413393980.205760717392 -0.746034979820 -1.043622493744 0.815180659294 -0.012595653534 0.928249180317 0.346111357212 0.135653346777
1413393980.255760431290 -0.752335309982 -1.019727706909 0.783264994621 -0.022900080308 0.928130030632 0.351154088974 0.121413074434
1413393980.305760622025 -0.789191782475 -1.000922679901 0.744359254837 -0.030175952241 0.927330195904 0.356019765139 0.111346997321
1413393980.355760574341 -0.812508583069 -0.975580811501 0.698947906494 -0.035352095962 0.927127659321 0.358413875103 0.103556953371
1413393980.405760526657 -0.844234824181 -0.955227792263 0.656035423279 -0.039355911314 0.927702128887 0.357961386442 0.098405472934
1413393980.455760478973 -0.886481642723 -0.931200087070 0.593261599541 -0.040890373290 0.928772985935 0.355735003948 0.095714874566
1413393980.505760669708 -0.914466321468 -0.910870432854 0.544309973717 -0.042238835245 0.931522667408 0.349006175995 0.093145482242
1413393980.555760383606 -0.937726080418 -0.897992372513 0.488736987114 -0.040715459734 0.935081899166 0.339892178774 0.091855928302
1413393980.605760574341 -0.959060847759 -0.889861106873 0.423296451569 -0.040103249252 0.938607692719 0.330256849527 0.091311685741
1413393980.655760526657 -0.994036495686 -0.858806848526 0.382583618164 -0.041108839214 0.942196190357 0.319641172886 0.091684550047
1413393980.705760717392 -0.990472674370 -0.845757901669 0.333127260208 -0.040374506265 0.944026231766 0.314641594887 0.090471662581
1413393980.755760431290 -0.981858551502 -0.831279933453 0.279803991318 -0.041438240558 0.944104731083 0.314655810595 0.089111484587
1413393980.805760622025 -0.996474564075 -0.816443562508 0.225146710873 -0.039100348949 0.942526876926 0.319481849670 0.089697770774
1413393980.855760574341 -1.009564876556 -0.800264716148 0.188969135284 -0.036102604121 0.940513312817 0.325531363487 0.090336762369
1413393980.905760526657 -1.007849931717 -0.786948859692 0.141948223114 -0.032719504088 0.937247097492 0.335360646248 0.089613556862
1413393980.955760478973 -1.017575979233 -0.765366792679 0.084837615490 -0.026218900457 0.934940874577 0.341886341572 0.091169454157
1413393981.005760669708 -1.008669734001 -0.751525402069 0.025136947632 -0.018181912601 0.932844161987 0.348241090775 0.090550407767
1413393981.055760383606 -0.996018767357 -0.738411962986 -0.019732952118 -0.009842674248 0.932291507721 0.350235044956 0.089839771390
1413393981.105760574341 -1.013172626495 -0.724089741707 -0.089482724667 -0.001164697809 0.932028055191 0.350677251816 0.091366499662
1413393981.155760526657 -1.026327133179 -0.728264927864 -0.155353605747 0.005571113434 0.932868719101 0.348173379898 0.092196650803
1413393981.205760717392 -1.000043392181 -0.740405738354 -0.221115469933 0.011467291974 0.934206664562 0.344972819090 0.090111903846
1413393981.255760431290 -0.985558569431 -0.715545654297 -0.274521768093 0.014983651228 0.936110317707 0.339821934700 0.089409463108
1413393981.305760622025 -0.996549129486 -0.711520493031 -0.358972370625 0.016841549426 0.935788094997 0.340016454458 0.091683834791
1413393981.355760574341 -1.002052068710 -0.701950371265 -0.440831154585 0.018983168527 0.935138642788 0.341268002987 0.093228347600
1413393981.405760526657 -1.004799485207 -0.711690664291 -0.502986013889 0.017460180447 0.934179604053 0.343770951033 0.093942753971
1413393981.455760478973 -1.024075627327 -0.707307815552 -0.592675387859 0.012129375711 0.933344304562 0.345387756824 0.097100891173
1413393981.505760669708 -1.034865975380 -0.695191979408 -0.662559509277 0.005199231207 0.933569014072 0.344468235970 0.098810613155
1413393981.555760383606 -1.028886675835 -0.681024551392 -0.735011100769 -0.003407248762 0.934087097645 0.342944532633 0.099291384220
1413393981.605760574341 -1.044582486153 -0.677245259285 -0.818764925003 -0.010064913891 0.933797359467 0.342861145735 0.101820953190
1413393981.655760526657 -1.045717477798 -0.659293770790 -0.894220232964 -0.015353607945 0.933761537075 0.342474907637 0.102784447372
1413393981.705760717392 -1.043031811714 -0.638689637184 -0.965698897839 -0.019541494548 0.933852493763 0.341873019934 0.103249743581
1413393981.755760431290 -1.061524748802 -0.620494723320 -1.056321144104 -0.023948632181 0.933367133141 0.341987460852 0.106286711991
1413393981.805760622025 -1.066201806068 -0.598315358162 -1.133254289627 -0.028103964403 0.934099614620 0.339165657759 0.107864208519
1413393981.855760574341 -1.072094082832 -0.562915086746 -1.209391474724 -0.032596156001 0.934816360474 0.335412681103 0.112045675516
1413393981.905760526657 -1.070672512054 -0.522842407227 -1.284094333649 -0.036938268691 0.935712218285 0.330575317144 0.117465771735
1413393981.955760478973 -1.056165218353 -0.505385279655 -1.372069597244 -0.040329270065 0.935796201229 0.327605187893 0.123829945922
1413393982.005760669708 -1.052510142326 -0.464414179325 -1.444437265396 -0.042383011431 0.936613321304 0.321260541677 0.133232131600
1413393982.055760383606 -1.036956548691 -0.440513223410 -1.524257898331 -0.043435607105 0.935909152031 0.318767428398 0.143439322710
1413393982.105760574341 -1.022072076797 -0.414461225271 -1.596635580063 -0.044321872294 0.935198426247 0.314839154482 0.155935108662
1413393982.155760526657 -1.009249329567 -0.383505165577 -1.680267333984 -0.044355873019 0.933878779411 0.310434132814 0.171853557229
1413393982.205760717392 -0.974944114685 -0.346557796001 -1.722416400909 -0.043557289988 0.933118283749 0.305169403553 0.185107424855
1413393982.255760431290 -0.955281496048 -0.330722689629 -1.795421242714 -0.042020794004 0.930014848709 0.302885770798 0.203879699111
1413393982.305760622025 -0.939178228378 -0.298548936844 -1.872713327408 -0.040832776576 0.926490128040 0.299100786448 0.224694207311
1413393982.355760574341 -0.914098978043 -0.264746904373 -1.929031968117 -0.040462307632 0.921884953976 0.296617358923 0.245986014605
1413393982.405760526657 -0.880212068558 -0.245293557644 -1.992361307144 -0.041252423078 0.915647983551 0.296754747629 0.267999500036
1413393982.455760478973 -0.858853101730 -0.221852749586 -2.067933320999 -0.041933339089 0.908096194267 0.296214193106 0.293018758297
1413393982.505760669708 -0.835913419724 -0.201857030392 -2.150341272354 -0.042493317276 0.898932874203 0.296434134245 0.319751113653
1413393982.555760383606 -0.791400909424 -0.184681922197 -2.196102857590 -0.043537467718 0.891234397888 0.294370055199 0.342274785042
1413393982.605760574341 -0.756661891937 -0.169572323561 -2.263752698898 -0.045156653970 0.880675733089 0.291707098484 0.370510637760
1413393982.655760526657 -0.717846870422 -0.139965206385 -2.317685842514 -0.046505518258 0.870801508427 0.285404205322 0.397600859404
1413393982.705760717392 -0.684155941010 -0.122608661652 -2.373285770416 -0.049355112016 0.859253525734 0.279528468847 0.425571680069
1413393982.755760431290 -0.646053314209 -0.103335440159 -2.429321289062 -0.052730515599 0.846934974194 0.271763086319 0.453944355249
1413393982.805760622025 -0.608175754547 -0.084434255958 -2.490299463272 -0.056232262403 0.833506226540 0.263015121222 0.482626557350
1413393982.855760574341 -0.568544149399 -0.066373690963 -2.545380115509 -0.059152364731 0.819589674473 0.253141939640 0.510580956936
1413393982.905760526657 -0.521171092987 -0.056351244450 -2.589312553406 -0.063588462770 0.804758667946 0.243219584227 0.537739932537
1413393982.955760478973 -0.481647014618 -0.032200492918 -2.636725425720 -0.065855495632 0.788928389549 0.233710795641 0.564476966858
1413393983.005760669708 -0.430736303329 -0.021157085896 -2.677477121353 -0.068407200277 0.772527515888 0.226259291172 0.589345872402
1413393983.055760383606 -0.385723829269 -0.005391672254 -2.721671581268 -0.070973590016 0.754732370377 0.217546880245 0.614829480648
1413393983.105760574341 -0.342059373856 0.016707837582 -2.760550737381 -0.071942269802 0.737448632717 0.207524240017 0.638692140579
1413393983.155760526657 -0.293152809143 0.027793765068 -2.793340682983 -0.075937688351 0.719817638397 0.197185993195 0.661221385002
1413393983.205760717392 -0.241166114807 0.029793947935 -2.833714962006 -0.080449804664 0.700406968594 0.187467724085 0.683969199657
1413393983.255760431290 -0.197433233261 0.047933459282 -2.851143598557 -0.081691659987 0.683292627335 0.175740033388 0.703955352306
1413393983.305760622025 -0.142449378967 0.047738105059 -2.874608039856 -0.085198543966 0.663802325726 0.165730178356 0.724321186543
1413393983.355760574341 -0.092200994492 0.065787285566 -2.886197566986 -0.085543997586 0.645326614380 0.152186498046 0.743690252304
1413393983.405760526657 -0.036963701248 0.063408613205 -2.901339054108 -0.085743166506 0.625891983509 0.140022516251 0.762431085110
1413393983.455760478973 0.014621496201 0.072769373655 -2.903555870056 -0.083417817950 0.606771349907 0.127461984754 0.780143260956
1413393983.505760669708 0.063651084900 0.068309038877 -2.906149625778 -0.079549007118 0.587190985680 0.114747837186 0.797315239906
1413393983.555760383606 0.106109023094 0.058639824390 -2.897688150406 -0.076358273625 0.567997336388 0.103681862354 0.812895119190
1413393983.605760574341 0.158752441406 0.060014337301 -2.881401300430 -0.071365535259 0.548249244690 0.090816892684 0.828300714493
1413393983.655760526657 0.194729208946 0.044236183167 -2.866482257843 -0.068047210574 0.528067350388 0.079759225249 0.842705786228
1413393983.705760717392 0.242891550064 0.039604604244 -2.843179702759 -0.061843432486 0.507418990135 0.070640064776 0.856569588184
1413393983.755760431290 0.277966737747 0.021816387773 -2.814240455627 -0.058323670179 0.486848622561 0.062804073095 0.869271218777
1413393983.805760622025 0.307579755783 0.008911490440 -2.786601781845 -0.053905297071 0.466075420380 0.057186499238 0.881247818470
1413393983.855760574341 0.338011622429 -0.014031350613 -2.746965169907 -0.050222955644 0.445571601391 0.052320890129 0.892303824425
1413393983.905760526657 0.359620571136 -0.035795144737 -2.710839509964 -0.046774819493 0.425354838371 0.046963911504 0.902596116066
1413393983.955760478973 0.384907186031 -0.051770307124 -2.672824621201 -0.042287830263 0.405740112066 0.038922939450 0.912179708481
1413393984.005760669708 0.399136304855 -0.080128096044 -2.626815319061 -0.040118504316 0.386868506670 0.031644169241 0.920718133450
1413393984.055760383606 0.411612272263 -0.105227954686 -2.577530384064 -0.037196323276 0.368293613195 0.022621689364 0.928689718246
1413393984.105760574341 0.422468215227 -0.127798512578 -2.534276723862 -0.033717822284 0.348123759031 0.013648668304 0.936742603779
1413393984.155760526657 0.423394531012 -0.161505877972 -2.477158784866 -0.031734328717 0.328991800547 0.004057235550 0.943790733814
1413393984.205760717392 0.420819073915 -0.192006289959 -2.428599834442 -0.028272790834 0.308911472559 -0.004217052367 0.950661182404
1413393984.255760431290 0.408688455820 -0.215123951435 -2.362718105316 -0.024937041104 0.290430009365 -0.013276447542 0.956479132175
1413393984.305760622025 0.393735527992 -0.246539950371 -2.306848049164 -0.021223844960 0.270432531834 -0.017984841019 0.962336897850
1413393984.355760574341 0.373849928379 -0.282193511724 -2.246147155762 -0.018374184147 0.251366853714 -0.022064883262 0.967465937138
1413393984.405760526657 0.351727247238 -0.315381228924 -2.189642667770 -0.014002537355 0.233268171549 -0.026528855786 0.971949636936
1413393984.455760478973 0.321199148893 -0.350840151310 -2.120602369308 -0.010909417644 0.217288866639 -0.031102167442 0.975550711155
1413393984.505760669708 0.288167059422 -0.385685741901 -2.057582139969 -0.006614939775 0.202452674508 -0.035471349955 0.978627085686
1413393984.555760383606 0.245997011662 -0.419864803553 -1.998311161995 -0.001860760502 0.188873365521 -0.040672987700 0.981157064438
1413393984.605760574341 0.205854743719 -0.455157786608 -1.936199069023 -0.000129191467 0.174859225750 -0.041260492057 0.983728528023
1413393984.655760526657 0.156655654311 -0.489132940769 -1.873555541039 -0.000356682547 0.160963773727 -0.035883594304 0.986307740211
1413393984.705760717392 0.104505173862 -0.523871600628 -1.811083078384 -0.000642657629 0.147008791566 -0.023017715663 0.988867163658
1413393984.755760431290 0.055040650070 -0.553511261940 -1.742564320564 -0.000337225909 0.135463699698 -0.011948506348 0.990710198879
1413393984.805760622025 -0.007202398498 -0.581334233284 -1.679524660110 -0.000369328889 0.127188742161 -0.000814742700 0.991878151894
1413393984.855760574341 -0.067688487470 -0.596061825752 -1.616851210594 -0.002286243718 0.119993448257 0.013263070956 0.992683470249
1413393984.905760526657 -0.121016517282 -0.610582888126 -1.546620965004 -0.006486754864 0.115871690214 0.029243653640 0.992812395096
1413393984.955760478973 -0.171788200736 -0.627965569496 -1.479820489883 -0.012016746216 0.115124158561 0.046891301870 0.992170989513
1413393985.005760669708 -0.224229559302 -0.643198609352 -1.410337805748 -0.015794394538 0.118812799454 0.062043379992 0.990850508213
1413393985.055760383606 -0.267167031765 -0.655017375946 -1.346248626709 -0.018648946658 0.126953765750 0.072384454310 0.989088177681
1413393985.105760574341 -0.313778042793 -0.666831314564 -1.282039880753 -0.019096560776 0.139376223087 0.078094258904 0.986970543861
1413393985.155760526657 -0.364605218172 -0.666115581989 -1.207746148109 -0.015810139477 0.156504288316 0.078423596919 0.984431922436
1413393985.205760717392 -0.406495064497 -0.672551214695 -1.141384124756 -0.012036531232 0.174765989184 0.077323250473 0.981495320797
1413393985.255760431290 -0.450229078531 -0.666862249374 -1.071822881699 -0.007948151790 0.194497644901 0.075960956514 0.977925062180
1413393985.305760622025 -0.489733874798 -0.668221831322 -1.002498745918 -0.005065743346 0.214931249619 0.073459543288 0.973849356174
1413393985.355760574341 -0.525803327560 -0.668778896332 -0.934301078320 -0.004548649304 0.235912382603 0.071079224348 0.969160676003
1413393985.405760526657 -0.564939975739 -0.668821632862 -0.862796425819 -0.003276403295 0.256714344025 0.070515125990 0.963905930519
1413393985.455760478973 -0.605366349220 -0.667389333248 -0.793504476547 -0.003329771105 0.277392297983 0.072150669992 0.958037972450
1413393985.505760669708 -0.641973614693 -0.671081244946 -0.725044250488 -0.002732424298 0.297248095274 0.074486032128 0.951886534691
1413393985.555760383606 -0.677449762821 -0.673346757889 -0.670703649521 -0.003582926700 0.314652591944 0.081551112235 0.945690393448
1413393985.605760574341 -0.723161160946 -0.670636117458 -0.600209116936 -0.005812810734 0.331866651773 0.091276668012 0.938881933689
1413393985.655760526657 -0.761157453060 -0.677500486374 -0.541718661785 -0.011676467024 0.346343010664 0.104116685688 0.932239234447
1413393985.705760717392 -0.806301951408 -0.679699778557 -0.472300231457 -0.017247892916 0.360796034336 0.118429087102 0.924934267998
1413393985.755760431290 -0.841773033142 -0.681019723415 -0.420564949512 -0.023473868147 0.373971432447 0.132694095373 0.917598307133
1413393985.805760622025 -0.882492244244 -0.685286641121 -0.358399420977 -0.028831355274 0.387363374233 0.145658493042 0.909891247749
1413393985.855760574341 -0.919157624245 -0.695401847363 -0.299718081951 -0.034126430750 0.400113403797 0.158276960254 0.902049362659
1413393985.905760526657 -0.952776849270 -0.699691653252 -0.233958274126 -0.036292213947 0.413034260273 0.171526357532 0.893680214882
1413393985.955760478973 -0.986709356308 -0.708518862724 -0.179730474949 -0.037915289402 0.426186591387 0.182544216514 0.885214686394
1413393986.005760669708 -1.009874463081 -0.718910396099 -0.123310118914 -0.037139881402 0.438725024462 0.192323684692 0.877013504505
1413393986.055760383606 -1.034955263138 -0.735580086708 -0.064386218786 -0.036546267569 0.452316343784 0.201493248343 0.868029296398
1413393986.105760574341 -1.058517456055 -0.743927001953 -0.012582540512 -0.032979726791 0.465645432472 0.211237832904 0.858757972717
1413393986.155760526657 -1.074992179871 -0.762366533279 0.033746540546 -0.029629481956 0.478041589260 0.220740079880 0.849630653858
1413393986.205760717392 -1.088883042336 -0.773181259632 0.089667856693 -0.023625982925 0.490352004766 0.230832189322 0.840067386627
1413393986.255760431290 -1.099724769592 -0.790908217430 0.136191606522 -0.016858726740 0.502724409103 0.241714298725 0.829794108868
1413393986.305760622025 -1.110176324844 -0.806915760040 0.186008602381 -0.010693932883 0.515990376472 0.251807302237 0.818677365780
1413393986.355760574341 -1.101764321327 -0.815323174000 0.224795639515 -0.004922001157 0.527974307537 0.260803997517 0.808207929134
1413393986.405760526657 -1.093960881233 -0.825418353081 0.260431706905 0.001583655481 0.541107058525 0.269250631332 0.796683669090
1413393986.455760478973 -1.085943698883 -0.838564872742 0.295991063118 0.005189305637 0.554433643818 0.276094138622 0.785078644753
1413393986.505760669708 -1.074027299881 -0.851709246635 0.325158834457 0.006514470093 0.570045351982 0.276179611683 0.773776888847
1413393986.555760383606 -1.056419372559 -0.861111521721 0.351247012615 0.005461255088 0.588231503963 0.269691109657 0.762378334999
1413393986.605760574341 -1.038569092751 -0.870160460472 0.365697294474 0.002217032015 0.607024431229 0.257616251707 0.751764774323
1413393986.655760526657 -1.021118640900 -0.880504250526 0.377264827490 -0.004267366137 0.625476658344 0.244277700782 0.741005539894
1413393986.705760717392 -1.001869916916 -0.888743460178 0.393127083778 -0.005416389089 0.643745541573 0.231396988034 0.729395508766
1413393986.755760431290 -0.984956681728 -0.897413134575 0.415959626436 -0.007196165621 0.661505579948 0.218970462680 0.717224180698
1413393986.805760622025 -0.958575725555 -0.900347590446 0.423359751701 -0.006878834218 0.677561044693 0.208465740085 0.705269992352
1413393986.855760574341 -0.943146288395 -0.916527628899 0.438333868980 -0.008299186826 0.692240595818 0.198344796896 0.693825185299
1413393986.905760526657 -0.924165248871 -0.925095379353 0.451647162437 -0.008295120671 0.704484879971 0.191709309816 0.683286130428
1413393986.955760478973 -0.906820774078 -0.938562750816 0.469328880310 -0.009867997840 0.713029861450 0.191031396389 0.674535453320
1413393987.005760669708 -0.894565105438 -0.951914548874 0.488286077976 -0.012116940692 0.718390405178 0.196172431111 0.667296648026
1413393987.055760383606 -0.880445003510 -0.954685091972 0.505262613297 -0.014539076947 0.722347974777 0.201122060418 0.661477088928
1413393987.105760574341 -0.866169810295 -0.964612603188 0.525635421276 -0.017224222422 0.724925637245 0.206888139248 0.656797885895
1413393987.155760526657 -0.859416604042 -0.971953272820 0.549732089043 -0.019292330369 0.726884126663 0.212027236819 0.652925610542
1413393987.205760717392 -0.845764577389 -0.979412436485 0.581247568130 -0.020823908970 0.728646278381 0.216406330466 0.649468481541
1413393987.255760431290 -0.835081219673 -0.988566339016 0.608262360096 -0.023390807211 0.729228258133 0.220789864659 0.647248685360
1413393987.305760622025 -0.825747311115 -0.995940327644 0.633710265160 -0.024717779830 0.729431867599 0.223933920264 0.645888388157
1413393987.355760574341 -0.815985321999 -1.002636194229 0.669342517853 -0.025644633919 0.729921638966 0.225797131658 0.644649088383
1413393987.405760526657 -0.807496011257 -1.009045243263 0.695049285889 -0.026624850929 0.729406714439 0.227296233177 0.644665420055
1413393987.455760478973 -0.794600009918 -1.017836689949 0.722946047783 -0.025948457420 0.728444755077 0.228538125753 0.645341217518
1413393987.505760669708 -0.777924895287 -1.029963254929 0.753271818161 -0.025849478319 0.728346288204 0.228987604380 0.645296990871
1413393987.555760383606 -0.767150521278 -1.047033071518 0.789644241333 -0.025520857424 0.729938209057 0.227004766464 0.644211053848
1413393987.605760574341 -0.750748634338 -1.063056945801 0.818513274193 -0.025925060734 0.731788277626 0.225437313318 0.642644524574
1413393987.655760526657 -0.737620115280 -1.077874660492 0.850263834000 -0.025187579915 0.734639704227 0.223989188671 0.639921128750
1413393987.705760717392 -0.719624876976 -1.098637104034 0.888013005257 -0.025343382731 0.738163173199 0.224435821176 0.635689735413
1413393987.755760431290 -0.705342888832 -1.114610433578 0.921044468880 -0.023153740913 0.741576671600 0.225177377462 0.631524443626
1413393987.805760622025 -0.690630078316 -1.128603935242 0.954889833927 -0.021323338151 0.744099676609 0.227942481637 0.627617120743
1413393987.855760574341 -0.672798037529 -1.146512985229 0.991492509842 -0.018258618191 0.746074199677 0.231603324413 0.624019086361
1413393987.905760526657 -0.657418966293 -1.159552812576 1.029408693314 -0.016186524183 0.747246205807 0.235954463482 0.621036708355
1413393987.955760478973 -0.641020655632 -1.168984532356 1.069755196571 -0.014592643827 0.748651504517 0.238423570991 0.618435263634
1413393988.005760669708 -0.627339005470 -1.172766685486 1.108317613602 -0.013054974377 0.750214636326 0.239594295621 0.616118609905
1413393988.055760383606 -0.612727046013 -1.175506711006 1.149718761444 -0.012494513765 0.751364767551 0.240886986256 0.614221632481
1413393988.105760574341 -0.599737882614 -1.171466231346 1.191218614578 -0.012079154141 0.753277957439 0.239985972643 0.612236320972
1413393988.155760526657 -0.581197381020 -1.170093059540 1.233044624329 -0.012154040858 0.755616247654 0.237223580480 0.610427260399
1413393988.205760717392 -0.569375038147 -1.162654638290 1.280783534050 -0.013242316432 0.758277297020 0.233448743820 0.608557224274
1413393988.255760431290 -0.555659294128 -1.152817249298 1.322732210159 -0.013956720009 0.760405242443 0.229099556804 0.607538044453
1413393988.305760622025 -0.538321733475 -1.146196365356 1.369728803635 -0.015694191679 0.762273848057 0.225717887282 0.606418788433
1413393988.355760574341 -0.526143074036 -1.130789160728 1.415480494499 -0.016695998609 0.764171719551 0.220686793327 0.605854928493
1413393988.405760526657 -0.510449409485 -1.120686531067 1.469039559364 -0.020257549360 0.766269922256 0.216097667813 0.604749381542
1413393988.455760478973 -0.494727253914 -1.116911888123 1.514836907387 -0.027716312557 0.767889678478 0.211504414678 0.604022562504
1413393988.505760669708 -0.481960058212 -1.105985879898 1.568704485893 -0.037822861224 0.769970059395 0.206111297011 0.602688729763
1413393988.555760383606 -0.469925165176 -1.100861191750 1.618482589722 -0.047304425389 0.771381616592 0.200392931700 0.602142333984
1413393988.605760574341 -0.455940246582 -1.098979473114 1.678252577782 -0.053540304303 0.773313581944 0.195380777121 0.600787758827
1413393988.655760526657 -0.442804336548 -1.102141141891 1.739963054657 -0.051757551730 0.773295044899 0.197974994779 0.600118279457
1413393988.705760717392 -0.432299852371 -1.100113272667 1.803783297539 -0.048227149993 0.772538125515 0.202921122313 0.599734902382
1413393988.755760431290 -0.419077634811 -1.099813938141 1.874076128006 -0.038003966212 0.770775020123 0.213822111487 0.598950564861
1413393988.805760622025 -0.407383441925 -1.114219427109 1.937317967415 -0.030285945162 0.768701314926 0.227961257100 0.596837282181
1413393988.855760574341 -0.386667251587 -1.125464200974 2.012904167175 -0.020251555368 0.765985548496 0.248400494456 0.592581808567
1413393988.905760526657 -0.374487400055 -1.137749433517 2.080436706543 -0.008986933157 0.763024032116 0.270188897848 0.587121367455
1413393988.955760478973 -0.362002611160 -1.161430239677 2.134204864502 -0.000582890934 0.760812520981 0.290587842464 0.580278217793
1413393989.005760669708 -0.342274427414 -1.187605023384 2.198576688766 0.006822551601 0.760157942772 0.308642208576 0.571710884571
1413393989.055760383606 -0.325978994370 -1.207226872444 2.249372482300 0.013006628491 0.759248673916 0.324933707714 0.563728868961
1413393989.105760574341 -0.305756807327 -1.242838978767 2.295726776123 0.017805280164 0.758026599884 0.341585785151 0.555335640907
1413393989.155760526657 -0.284882545471 -1.267628669739 2.334347963333 0.020940210670 0.757598102093 0.354995667934 0.547343313694
1413393989.205760717392 -0.267247915268 -1.288360357285 2.352833986282 0.021210638806 0.757537662983 0.364813387394 0.540923416615
1413393989.255760431290 -0.232272624969 -1.329794287682 2.383059263229 0.015861142427 0.761275887489 0.368754267693 0.533130109310
1413393989.305760622025 -0.212737083435 -1.356641650200 2.381891012192 0.004794020671 0.771798014641 0.351180225611 0.530072927475
1413393989.355760574341 -0.172826766968 -1.395654439926 2.389468193054 -0.006756369956 0.785841703415 0.325223058462 0.525963068008
1413393989.405760526657 -0.140279293060 -1.421612381935 2.385638713837 -0.012666086666 0.799062490463 0.296112000942 0.523121833801
1413393989.455760478973 -0.116644859314 -1.450998306274 2.393867969513 -0.015222935006 0.811743974686 0.267498880625 0.518926143646
1413393989.505760669708 -0.078890800476 -1.499713897705 2.393178462982 -0.017816821113 0.820445895195 0.245849281549 0.515857815742
1413393989.555760383606 -0.052315950394 -1.523201704025 2.387018918991 -0.016055814922 0.826110541821 0.229666829109 0.514331340790
1413393989.605760574341 -0.018114089966 -1.542447686195 2.394141197205 -0.015926426277 0.829422235489 0.221164837480 0.512729167938
1413393989.655760526657 0.017960548401 -1.568351507187 2.409198760986 -0.016785781831 0.831670522690 0.217344537377 0.510689496994
1413393989.705760717392 0.041966915131 -1.579739570618 2.424441814423 -0.017775369808 0.832725524902 0.218873813748 0.508277952671
1413393989.755760431290 0.071917533875 -1.596610665321 2.435277938843 -0.018548078835 0.833264589310 0.223505929112 0.505342662334
1413393989.805760622025 0.094779968262 -1.607018351555 2.449609041214 -0.016765855253 0.834010124207 0.229121088982 0.501646816730
1413393989.855760574341 0.124393701553 -1.615561246872 2.477577924728 -0.009790377691 0.835823357105 0.236144095659 0.495519369841
1413393989.905760526657 0.150334596634 -1.636360526085 2.491796970367 -0.003041247604 0.837007999420 0.244866520166 0.489334970713
1413393989.955760478973 0.175928831100 -1.632559180260 2.519862890244 0.008503316902 0.840159416199 0.250629693270 0.480879008770
1413393990.005760669708 0.194827079773 -1.639051675797 2.542448997498 0.020418154076 0.843651533127 0.257496982813 0.470670282841
1413393990.055760383606 0.215825557709 -1.639604568481 2.560716629028 0.027293706313 0.849243760109 0.261133551598 0.458093166351
1413393990.105760574341 0.232031822205 -1.637893676758 2.583906888962 0.031849648803 0.855953693390 0.263688832521 0.443618178368
1413393990.155760526657 0.250794649124 -1.639445543289 2.608975410461 0.033963028342 0.863564133644 0.266814202070 0.426513433456
1413393990.205760717392 0.258217096329 -1.628068089485 2.632549762726 0.036450956017 0.871325910091 0.268791258335 0.408917814493
1413393990.255760431290 0.268206834793 -1.611144423485 2.657203674316 0.037053138018 0.878597319126 0.272500842810 0.390432000160
1413393990.305760622025 0.277571439743 -1.606393933296 2.684821367264 0.037907984108 0.884969174862 0.279804706573 0.370272696018
1413393990.355760574341 0.271325349808 -1.594987750053 2.710731506348 0.039561320096 0.890133857727 0.288454830647 0.350557267666
1413393990.405760526657 0.284562587738 -1.582009553909 2.737202167511 0.041395459324 0.895671308041 0.296178311110 0.329147160053
1413393990.455760478973 0.287508010864 -1.566902160645 2.755961418152 0.044895157218 0.900410950184 0.303231120110 0.308699578047
1413393990.505760669708 0.281918764114 -1.568329453468 2.779479503632 0.048839408904 0.904061675072 0.312338322401 0.287631869316
1413393990.555760383606 0.252530336380 -1.547627210617 2.787513256073 0.053113613278 0.905582368374 0.322073221207 0.270865976810
1413393990.605760574341 0.260390996933 -1.544845104218 2.807274580002 0.052644919604 0.905547082424 0.338301002979 0.250530481339
1413393990.655760526657 0.251740217209 -1.534885406494 2.822284698486 0.047899249941 0.903375446796 0.357057720423 0.232655018568
1413393990.705760717392 0.224379062653 -1.505809783936 2.839863300323 0.036882884800 0.899405479431 0.376712858677 0.218624979258
1413393990.755760431290 0.208348751068 -1.507275342941 2.849362850189 0.015219826251 0.895440578461 0.394780308008 0.205190271139
1413393990.805760622025 0.202327728271 -1.501814961433 2.847088098526 -0.007961348630 0.891734659672 0.409077793360 0.193394079804
1413393990.855760574341 0.186746835709 -1.484406113625 2.825765609741 -0.028501853347 0.888053655624 0.419903099537 0.185012906790
1413393990.905760526657 0.159603357315 -1.457586288452 2.815999746323 -0.044017136097 0.887482225895 0.422044366598 0.179767400026
1413393990.955760478973 0.160398960114 -1.450465679169 2.797327280045 -0.061048556119 0.891349494457 0.414003223181 0.174271389842
1413393991.005760669708 0.156064987183 -1.445966720581 2.762840509415 -0.072160929441 0.899094641209 0.395587533712 0.173009306192
1413393991.055760383606 0.173841476440 -1.426301002502 2.730467796326 -0.079941444099 0.909820377827 0.369445383549 0.171307876706
1413393991.105760574341 0.172022581100 -1.428257226944 2.685220718384 -0.078721962869 0.921199738979 0.339477509260 0.173057541251
1413393991.155760526657 0.164801597595 -1.428908705711 2.648681640625 -0.071166411042 0.933329761028 0.304531604052 0.176327601075
1413393991.205760717392 0.197882652283 -1.409202575684 2.591128349304 -0.060717541724 0.944267094135 0.270470589399 0.177535146475
1413393991.255760431290 0.219536542892 -1.413217306137 2.554880619049 -0.048337798566 0.953226387501 0.238019555807 0.179915815592
1413393991.305760622025 0.248520612717 -1.418899297714 2.510555267334 -0.035934340209 0.960179924965 0.209049820900 0.181827843189
1413393991.355760574341 0.270984649658 -1.423598527908 2.485901355743 -0.020379580557 0.963708698750 0.191759169102 0.184604048729
1413393991.405760526657 0.290457725525 -1.425887823105 2.471085548401 -0.006934758741 0.964916706085 0.183937147260 0.187229350209
1413393991.455760478973 0.320892810822 -1.418738961220 2.456869363785 0.004750384949 0.962215840816 0.194606184959 0.190385177732
1413393991.505760669708 0.334237337112 -1.417450666428 2.456799983978 0.015829479322 0.956499934196 0.217438176274 0.193850278854
1413393991.555760383606 0.345466375351 -1.419424057007 2.453963279724 0.028885705397 0.949326157570 0.242854416370 0.197401121259
1413393991.605760574341 0.363553285599 -1.426933169365 2.460881710052 0.038881704211 0.940891444683 0.271002084017 0.199422687292
1413393991.655760526657 0.372745037079 -1.435088157654 2.468635082245 0.048224646598 0.931242287159 0.299918025732 0.201274320483
1413393991.705760717392 0.373252391815 -1.439673423767 2.473424434662 0.052889332175 0.922257304192 0.324730366468 0.202963948250
1413393991.755760431290 0.376529216766 -1.446811914444 2.474415302277 0.055181317031 0.915328681469 0.343616485596 0.202623218298
1413393991.805760622025 0.376505374908 -1.451672792435 2.472468852997 0.053542356938 0.910943329334 0.355838388205 0.201728761196
1413393991.855760574341 0.371804952621 -1.464252710342 2.467828035355 0.047034487128 0.912947773933 0.352553158998 0.200051084161
1413393991.905760526657 0.357091188431 -1.467253565788 2.456400394440 0.033372905105 0.919520556927 0.337260425091 0.199056997895
1413393991.955760478973 0.345025777817 -1.487160444260 2.436431407928 0.017000865191 0.928837895393 0.312736093998 0.197907239199
1413393992.005760669708 0.341554641724 -1.501933097839 2.417232036591 0.005771828815 0.937993228436 0.285585075617 0.196409314871
1413393992.055760383606 0.332683086395 -1.518572688103 2.397662162781 -0.003233276075 0.944965004921 0.262043088675 0.195867612958
1413393992.105760574341 0.319206476212 -1.526084303856 2.387063026428 -0.008799051866 0.949955403805 0.243538752198 0.195438414812
1413393992.155760526657 0.308894157410 -1.539877533913 2.379398107529 -0.012543728575 0.950910389423 0.239913225174 0.195073634386
1413393992.205760717392 0.290966272354 -1.545438885689 2.375788450241 -0.017867151648 0.947578370571 0.252516239882 0.194965586066
1413393992.255760431290 0.279667615891 -1.555777668953 2.376303434372 -0.023686993867 0.942073523998 0.272071301937 0.194714203477
1413393992.305760622025 0.272764444351 -1.563440203667 2.378956317902 -0.026709627360 0.935844600201 0.293196827173 0.193693444133
1413393992.355760574341 0.262464284897 -1.579806566238 2.379884004593 -0.018660698086 0.928094148636 0.317841172218 0.193054437637
1413393992.405760526657 0.247512340546 -1.588143825531 2.381667375565 -0.006332926452 0.921011805534 0.338111281395 0.193333938718
1413393992.455760478973 0.239361286163 -1.595652699471 2.384452581406 0.008465708233 0.915620088577 0.352770715952 0.192668035626
1413393992.505760669708 0.233728408813 -1.605813503265 2.384986162186 0.020393086597 0.913538992405 0.358328074217 0.191393956542
1413393992.555760383606 0.226510524750 -1.614235401154 2.373557567596 0.027752773836 0.914774298668 0.354929059744 0.190901115537
1413393992.605760574341 0.213189840317 -1.618585586548 2.364363670349 0.030880803242 0.919023096561 0.343681842089 0.190592944622
1413393992.655760526657 0.205229282379 -1.614203929901 2.354801416397 0.026219844818 0.926936864853 0.322418987751 0.190122574568
1413393992.705760717392 0.193006277084 -1.616670131683 2.344298839569 0.018823552877 0.935993969440 0.295847058296 0.189830124378
1413393992.755760431290 0.175936937332 -1.609967350960 2.334646224976 0.011215253733 0.944227159023 0.268521457911 0.190277606249
1413393992.805760622025 0.158025741577 -1.608942270279 2.325642347336 0.002672836417 0.950598001480 0.245007649064 0.190597981215
1413393992.855760574341 0.139874696732 -1.610200405121 2.322341203690 -0.005379997194 0.954058408737 0.231034889817 0.190700098872
1413393992.905760526657 0.124965190887 -1.608095645905 2.320708990097 -0.012033518404 0.954536259174 0.228703692555 0.190815031528
1413393992.955760478973 0.108332872391 -1.608911633492 2.330225706100 -0.018533965573 0.952158868313 0.238357931376 0.190356403589
1413393993.005760669708 0.091825485229 -1.610244631767 2.338946104050 -0.025266788900 0.947714626789 0.255132317543 0.190016254783
1413393993.055760383606 0.073108077049 -1.612996220589 2.352624177933 -0.031118182465 0.942414283752 0.273503750563 0.189954355359
1413393993.105760574341 0.060870647430 -1.614843487740 2.365163803101 -0.033914227039 0.937606155872 0.289787888527 0.189122974873
1413393993.155760526657 0.045722365379 -1.622768163681 2.387303352356 -0.032949171960 0.930922865868 0.310778170824 0.188981190324
1413393993.205760717392 0.035948276520 -1.630199313164 2.406293153763 -0.031270131469 0.922727942467 0.335025608540 0.188024461269
1413393993.255760431290 0.024650812149 -1.634318828583 2.423786401749 -0.031091004610 0.913354873657 0.360375046730 0.186938777566
1413393993.305760622025 0.016670703888 -1.638387441635 2.438458442688 -0.031214946881 0.903584897518 0.384782910347 0.185747265816
1413393993.355760574341 0.008887529373 -1.645779252052 2.442991733551 -0.034054983407 0.895963728428 0.402385264635 0.184865728021
1413393993.405760526657 0.005245923996 -1.652989387512 2.448479413986 -0.039252936840 0.891607880592 0.411807835102 0.184143945575
1413393993.455760478973 0.007812976837 -1.657625675201 2.443774461746 -0.045431464911 0.890895247459 0.412848293781 0.183842256665
1413393993.505760669708 0.008548617363 -1.662851095200 2.424129724503 -0.048830263317 0.894641578197 0.403793603182 0.184885814786
1413393993.555760383606 0.012477755547 -1.670091152191 2.404400825500 -0.048204664141 0.902868688107 0.384691238403 0.185787677765
1413393993.605760574341 0.022785902023 -1.671717762947 2.380226850510 -0.044006105512 0.913827002048 0.358047693968 0.186508655548
1413393993.655760526657 0.038125395775 -1.685395359993 2.351205587387 -0.040520109236 0.925314247608 0.326970249414 0.187728837132
1413393993.705760717392 0.057110190392 -1.689228177071 2.323271751404 -0.034937050194 0.936647415161 0.293424546719 0.188077330589
1413393993.755760431290 0.081097722054 -1.704372167587 2.292640447617 -0.031002543867 0.945944607258 0.262245744467 0.188294574618
1413393993.805760622025 0.094430327415 -1.705093383789 2.257906436920 -0.025767046958 0.952821612358 0.236250609159 0.188819274306
1413393993.855760574341 0.110814571381 -1.699540615082 2.240540504456 -0.022265618667 0.958195984364 0.213966369629 0.188634872437
1413393993.905760526657 0.130320191383 -1.689580917358 2.229943275452 -0.018773000687 0.962123513222 0.196355670691 0.188176348805
1413393993.955760478973 0.145971417427 -1.678434133530 2.226559877396 -0.014661675319 0.965401530266 0.180307000875 0.187814816833
1413393994.005760669708 0.165866136551 -1.666364431381 2.229400157928 -0.008763742633 0.967697024345 0.168552294374 0.187285527587
1413393994.055760383606 0.179352879524 -1.656677722931 2.241645336151 0.000887499657 0.968822300434 0.161612614989 0.187787145376
1413393994.105760574341 0.188064336777 -1.655835509300 2.267809391022 0.009822163731 0.968775033951 0.161324068904 0.188024178147
1413393994.155760526657 0.199274778366 -1.668031215668 2.300783872604 0.020335864276 0.967541277409 0.166440293193 0.189071446657
1413393994.205760717392 0.202658176422 -1.680131912231 2.334316730499 0.031028173864 0.965499877930 0.175136879086 0.190195590258
1413393994.255760431290 0.199637651443 -1.702961921692 2.379383563995 0.038429342210 0.962288081646 0.189654543996 0.191196262836
1413393994.305760622025 0.198512792587 -1.728809595108 2.428207874298 0.044377103448 0.957094907761 0.212180152535 0.192300960422
1413393994.355760574341 0.191778421402 -1.768495798111 2.482769727707 0.040593180805 0.950348019600 0.241016387939 0.192618668079
1413393994.405760526657 0.176866769791 -1.801768302917 2.542443752289 0.036016914994 0.941671967506 0.273140519857 0.193264141679
1413393994.455760478973 0.165465116501 -1.830221891403 2.601172447205 0.028927424923 0.930764257908 0.309324681759 0.192767694592
1413393994.505760669708 0.149163722992 -1.858244180679 2.665389299393 0.020059043542 0.918002724648 0.346463322639 0.191916063428
1413393994.555760383606 0.129790067673 -1.873157978058 2.731223583221 0.011150578037 0.904605627060 0.381061494350 0.190673783422
1413393994.605760574341 0.112911939621 -1.884986162186 2.793822050095 0.003085259814 0.891667962074 0.411715865135 0.188172116876
1413393994.655760526657 0.098424673080 -1.885284781456 2.851109266281 -0.003541552229 0.879618048668 0.438430339098 0.184495061636
1413393994.705760717392 0.075219154358 -1.867926597595 2.901943206787 -0.008276434615 0.870112478733 0.458202809095 0.181344836950
1413393994.755760431290 0.065040826797 -1.863993883133 2.946165800095 -0.016645049676 0.863664090633 0.471586793661 0.177237674594
1413393994.805760622025 0.053663253784 -1.853325963020 2.973522901535 -0.027639880776 0.864363849163 0.470628708601 0.174985066056
1413393994.855760574341 0.049062967300 -1.842006444931 2.991927623749 -0.035962164402 0.873096764088 0.454206526279 0.173508554697
1413393994.905760526657 0.049387931824 -1.836300730705 2.992942571640 -0.041634157300 0.885174155235 0.430046886206 0.172606348991
1413393994.955760478973 0.050926923752 -1.825471997261 2.993239641190 -0.041157215834 0.897524833679 0.403935372829 0.172022074461
1413393995.005760669708 0.056300163269 -1.815205574036 2.984496355057 -0.036581173539 0.908165812492 0.380298018456 0.171084970236
1413393995.055760383606 0.063339948654 -1.797669053078 2.973011255264 -0.027974078432 0.916742324829 0.360297530890 0.170254886150
1413393995.105760574341 0.073042392731 -1.779221177101 2.959349870682 -0.015298112296 0.923701584339 0.342851996422 0.170275941491
1413393995.155760526657 0.081589698792 -1.757976055145 2.946576833725 -0.002972472692 0.927851736546 0.330735266209 0.172326758504
1413393995.205760717392 0.095647811890 -1.740989208221 2.931633949280 0.014102909714 0.929345846176 0.324137210846 0.176217243075
1413393995.255760431290 0.109207630157 -1.717371821404 2.921672582626 0.027755349874 0.929414510727 0.319346278906 0.182855919003
1413393995.305760622025 0.119060754776 -1.689111590385 2.910273313522 0.038249451667 0.927753508091 0.317691206932 0.192048698664
1413393995.355760574341 0.129626989365 -1.669095039368 2.894771099091 0.045812550932 0.924899935722 0.317754894495 0.203698933125
1413393995.405760526657 0.132560014725 -1.640468835831 2.881702184677 0.050562292337 0.921663999557 0.317018270493 0.217895179987
1413393995.455760478973 0.133969068527 -1.612986445427 2.863821268082 0.053480692208 0.918207049370 0.315685033798 0.233192369342
1413393995.505760669708 0.128062248230 -1.587439060211 2.847741127014 0.052960444242 0.914297521114 0.313764989376 0.250612854958
1413393995.555760383606 0.127659082413 -1.570613861084 2.827661037445 0.050185650587 0.910528779030 0.310636490583 0.268186151981
1413393995.605760574341 0.118231058121 -1.544134736061 2.809303998947 0.045865923166 0.906861126423 0.304965883493 0.287219464779
1413393995.655760526657 0.113541364670 -1.526897430420 2.790626049042 0.038962274790 0.902747809887 0.298377364874 0.307407319546
1413393995.705760717392 0.095969438553 -1.501327633858 2.763727664948 0.031502280384 0.898564338684 0.288131088018 0.329499989748
1413393995.755760431290 0.093364953995 -1.491352677345 2.751653194427 0.023660512641 0.894273638725 0.277964264154 0.349929660559
1413393995.805760622025 0.075662612915 -1.472008347511 2.730303525925 0.018502512947 0.888160228729 0.267683446407 0.373061299324
1413393995.855760574341 0.062033414841 -1.456251263618 2.710284471512 0.016168884933 0.881093204021 0.258527725935 0.395697802305
1413393995.905760526657 0.045013666153 -1.440565347672 2.688598394394 0.015522657894 0.872668325901 0.250720381737 0.418746262789
1413393995.955760478973 0.011944532394 -1.416040539742 2.669001340866 0.016236009076 0.863967955112 0.241663962603 0.441468328238
1413393996.005760669708 -0.010959148407 -1.402811646461 2.654680967331 0.016682233661 0.855404555798 0.234780192375 0.461392521858
1413393996.055760383606 -0.039388179779 -1.391032218933 2.637368202209 0.017435790971 0.847118914127 0.229791015387 0.478833585978
1413393996.105760574341 -0.069177865982 -1.374271512032 2.619307279587 0.019272226840 0.839705586433 0.225840866566 0.493476480246
1413393996.155760526657 -0.104477643967 -1.353991508484 2.611475944519 0.024206904694 0.832950651646 0.223582684994 0.505586862564
1413393996.205760717392 -0.139476299286 -1.347251892090 2.600949287415 0.027513964102 0.825563788414 0.227032601833 0.515891134739
1413393996.255760431290 -0.171725511551 -1.332611203194 2.588108778000 0.026201490313 0.817752301693 0.235329717398 0.524609088898
1413393996.305760622025 -0.217465877533 -1.309659004211 2.572196960449 0.022682476789 0.811004400253 0.242258250713 0.532041728497
1413393996.355760574341 -0.255716085434 -1.302406072617 2.561169624329 0.016069415957 0.805435061455 0.250568151474 0.536872208118
1413393996.405760526657 -0.297834634781 -1.283125162125 2.556227684021 0.008577561937 0.801922619343 0.254811018705 0.540294229984
1413393996.455760478973 -0.345807790756 -1.256151437759 2.548580646515 0.002133323811 0.798639953136 0.259179204702 0.543135166168
1413393996.505760669708 -0.381303787231 -1.244690179825 2.543679952621 -0.004456259776 0.796094775200 0.264994621277 0.544050693512
1413393996.555760383606 -0.424884080887 -1.208644866943 2.536537170410 -0.010013404302 0.793889820576 0.269726514816 0.544872760773
1413393996.605760574341 -0.471962213516 -1.172801256180 2.524657726288 -0.015014859848 0.791862368584 0.273870825768 0.545640408993
1413393996.655760526657 -0.509627819061 -1.148236751556 2.518179416656 -0.019740175456 0.789606153965 0.278181374073 0.546578049660
1413393996.705760717392 -0.546454668045 -1.123056530952 2.512463808060 -0.023286804557 0.787453114986 0.280737370253 0.548235237598
1413393996.755760431290 -0.582150459290 -1.097283720970 2.506377935410 -0.025587568060 0.785500466824 0.281364232302 0.550607323647
1413393996.805760622025 -0.622219562531 -1.069953799248 2.498521327972 -0.027277745306 0.783780872822 0.278416961432 0.554461538792
1413393996.855760574341 -0.655203580856 -1.049147486687 2.490553855896 -0.029470205307 0.781465709209 0.274918168783 0.559341311455
1413393996.905760526657 -0.693197011948 -1.013190507889 2.470685482025 -0.030292844400 0.778464138508 0.270383179188 0.565657913685
1413393996.955760478973 -0.716633081436 -1.001100420952 2.463821172714 -0.033616684377 0.775151073933 0.267755776644 0.571242153645
1413393997.005760669708 -0.744827270508 -0.988729536533 2.453216791153 -0.035907316953 0.771207273006 0.265582919121 0.577421724796
1413393997.055760383606 -0.769564867020 -0.961985945702 2.442726373672 -0.036511231214 0.767636358738 0.263746082783 0.582957386971
1413393997.105760574341 -0.793656349182 -0.942098379135 2.436772584915 -0.038822486997 0.764702975750 0.261333942413 0.587730288506
1413393997.155760526657 -0.816317319870 -0.928319096565 2.430132150650 -0.038529474288 0.762253165245 0.259630680084 0.591673493385
1413393997.205760717392 -0.833571434021 -0.904172539711 2.413934230804 -0.035797420889 0.760494470596 0.255628108978 0.595836400986
1413393997.255760431290 -0.851710796356 -0.895056664944 2.403645753860 -0.033341154456 0.759294807911 0.251679867506 0.599180221558
1413393997.305760622025 -0.863001823425 -0.885602533817 2.393883228302 -0.031710557640 0.758470594883 0.248062893748 0.601815223694
1413393997.355760574341 -0.879385709763 -0.866134524345 2.385081768036 -0.029107555747 0.757850170135 0.243879616261 0.604432582855
1413393997.405760526657 -0.895559787750 -0.848591804504 2.381964683533 -0.027093712240 0.757322013378 0.241203784943 0.606259047985
1413393997.455760478973 -0.904111623764 -0.834773778915 2.380518436432 -0.026726588607 0.756759643555 0.240331143141 0.607323288918
1413393997.505760669708 -0.914908170700 -0.805934131145 2.379235029221 -0.025870239362 0.756235778332 0.239120304585 0.608489573002
1413393997.555760383606 -0.929099559784 -0.771264433861 2.375538110733 -0.023847879842 0.756275475025 0.236540600657 0.609530448914
1413393997.605760574341 -0.935507535934 -0.747739911079 2.383358716965 -0.022808985785 0.756467938423 0.234943181276 0.609949052334
1413393997.655760526657 -0.951657772064 -0.715776741505 2.374451637268 -0.020654752851 0.756696045399 0.232034146786 0.610855638981
1413393997.705760717392 -0.962172985077 -0.689918220043 2.372986793518 -0.020090879872 0.756268620491 0.231911703944 0.611450016499
1413393997.755760431290 -0.968439340591 -0.685402929783 2.382692813873 -0.021809291095 0.756366550922 0.233628466725 0.610615909100
1413393997.805760622025 -0.981835842133 -0.653214097023 2.378754138947 -0.022520005703 0.756115436554 0.233887791634 0.610801875591
1413393997.855760574341 -0.988078594208 -0.649538755417 2.388934135437 -0.024493243545 0.756300628185 0.235312819481 0.609948515892
1413393997.905760526657 -0.996558666229 -0.640455722809 2.393249988556 -0.026157330722 0.756508111954 0.236787989736 0.609050571918
1413393997.955760478973 -1.001940250397 -0.629366874695 2.395783424377 -0.027860568836 0.756778836250 0.237917900085 0.608197867870
1413393998.005760669708 -1.014350175858 -0.609656214714 2.396234273911 -0.028082991019 0.757069885731 0.237794175744 0.607873737812
1413393998.055760383606 -1.020598173141 -0.604367613792 2.403316020966 -0.028927385807 0.757388234138 0.239801496267 0.606647789478
1413393998.105760574341 -1.027140855789 -0.594375848770 2.410850048065 -0.031167794019 0.758127272129 0.239709392190 0.605649352074
1413393998.155760526657 -1.036785602570 -0.579033970833 2.414509057999 -0.030927645043 0.759103953838 0.239697009325 0.604441940784
1413393998.205760717392 -1.045525550842 -0.557064294815 2.405887126923 -0.029665054753 0.759906291962 0.238324850798 0.604039490223
1413393998.255760431290 -1.044208288193 -0.559665739536 2.424448251724 -0.030242849141 0.761849164963 0.238997176290 0.601291537285
1413393998.305760622025 -1.044462442398 -0.553246319294 2.426640033722 -0.028503518552 0.762911200523 0.238806024194 0.600104749203
1413393998.355760574341 -1.046228647232 -0.550750494003 2.441767692566 -0.027944063768 0.764022886753 0.239235281944 0.598543763161
1413393998.405760526657 -1.050229787827 -0.554107904434 2.455265522003 -0.028595764190 0.764070212841 0.243370458484 0.596782982349
1413393998.455760478973 -1.051752805710 -0.557224392891 2.460774421692 -0.028509531170 0.762697577477 0.249687969685 0.595932602882
1413393998.505760669708 -1.050062656403 -0.550357103348 2.475722789764 -0.024251341820 0.762206971645 0.254881650209 0.594548404217
1413393998.555760383606 -1.042023658752 -0.570179224014 2.497373342514 -0.021489745006 0.762025773525 0.260332554579 0.592521607876
1413393998.605760574341 -1.047633171082 -0.567737698555 2.518055677414 -0.012574140914 0.761774063110 0.264023274183 0.591467559338
1413393998.655760526657 -1.040977001190 -0.575700819492 2.532319545746 -0.005050163250 0.761548638344 0.266801446676 0.590622782707
1413393998.705760717392 -1.034575939178 -0.581389069557 2.554509639740 0.003852217225 0.761268675327 0.270030230284 0.589524269104
1413393998.755760431290 -1.030593872070 -0.577370345592 2.565918684006 0.011435234919 0.760325849056 0.272563368082 0.589476943016
1413393998.805760622025 -1.025119543076 -0.580481410027 2.581901550293 0.016256963834 0.760493636131 0.272706925869 0.589080691338
1413393998.855760574341 -1.021319627762 -0.578198313713 2.592743873596 0.017898991704 0.760741353035 0.271527707577 0.589257955551
1413393998.905760526657 -1.017030477524 -0.573186635971 2.602543830872 0.016079537570 0.761255741119 0.269815415144 0.589432597160
1413393998.955760478973 -1.014042139053 -0.564887523651 2.607568264008 0.010953295976 0.763085246086 0.264452606440 0.589614927769
1413393999.005760669708 -1.010921239853 -0.555777728558 2.611104965210 0.004662084393 0.765620470047 0.256674200296 0.589849054813
1413393999.055760383606 -1.007499456406 -0.546197474003 2.614660263062 -0.001348472782 0.768244504929 0.248656511307 0.589888572693
1413393999.105760574341 -1.011697530746 -0.539166748524 2.607567787170 -0.010501593351 0.769700109959 0.242293089628 0.590546846390
1413393999.155760526657 -1.009202003479 -0.531224846840 2.613723993301 -0.019192399457 0.770228505135 0.240541592240 0.590355336666
1413393999.205760717392 -1.007546663284 -0.519461214542 2.620212316513 -0.024351703003 0.770048379898 0.241463944316 0.590023458004
1413393999.255760431290 -1.006360054016 -0.511777520180 2.627949237823 -0.028041837737 0.769096374512 0.244825229049 0.589716076851
1413393999.305760622025 -1.001946687698 -0.502502977848 2.637559652328 -0.027051439509 0.767154932022 0.251529157162 0.589469790459
1413393999.355760574341 -0.995460510254 -0.494198977947 2.646576404572 -0.020643491298 0.765043914318 0.258695632219 0.589371085167
1413393999.405760526657 -0.988730669022 -0.489096909761 2.655901193619 -0.015566134825 0.762941181660 0.265260607004 0.589334607124
1413393999.455760478973 -0.983541011810 -0.482378125191 2.665291309357 -0.011187356897 0.761325299740 0.270336598158 0.589217066765
1413393999.505760669708 -0.980671882629 -0.484080821276 2.648931264877 -0.006267533638 0.759171426296 0.274247884750 0.590260505676
1413393999.555760383606 -0.971425771713 -0.478576064110 2.653557538986 -0.002350784838 0.758717954159 0.276807069778 0.589677333832
1413393999.605760574341 -0.962767124176 -0.473663836718 2.657895803452 0.003832297632 0.758868455887 0.277563899755 0.589119911194
1413393999.655760526657 -0.952719449997 -0.468158215284 2.659591436386 0.008170106448 0.758593142033 0.278141021729 0.589158117771
1413393999.705760717392 -0.942171573639 -0.460567295551 2.660730600357 0.011449951679 0.758714199066 0.278491467237 0.588782072067
1413393999.755760431290 -0.932865858078 -0.453482329845 2.663604259491 0.013718832284 0.758689403534 0.278620928526 0.588704109192
1413393999.805760622025 -0.922480344772 -0.440295606852 2.660892486572 0.016703346744 0.758479773998 0.278777480125 0.588823020458
1413393999.855760574341 -0.912745237350 -0.424075305462 2.659949302673 0.017247984186 0.758073568344 0.279436916113 0.589017748833
1413393999.905760526657 -0.903295755386 -0.405740052462 2.656121015549 0.018392363563 0.757456600666 0.279495924711 0.589748442173
1413393999.955760478973 -0.894363164902 -0.384181290865 2.652986049652 0.015879198909 0.758207142353 0.276703506708 0.590173661709
1413394000.005760669708 -0.883437633514 -0.356770545244 2.639971256256 0.009471979924 0.761718630791 0.265910267830 0.590751111507
1413394000.055760383606 -0.882791280746 -0.348114639521 2.638621568680 -0.004226957448 0.769456803799 0.246927499771 0.589020550251
1413394000.105760574341 -0.886958599091 -0.360739082098 2.633690118790 0.000682231388 0.767839968204 0.251679480076 0.589134037495
1413394000.155760526657 -0.891825675964 -0.372224152088 2.631766319275 -0.003429541830 0.773011863232 0.238543152809 0.587824940681
1413394000.205760717392 -0.892594099045 -0.376906365156 2.631793498993 -0.009956152178 0.777319669724 0.229062214494 0.585837543011
1413394000.255760431290 -0.895715713501 -0.371755123138 2.637389421463 -0.019802214578 0.780298411846 0.223203405738 0.583885669708
1413394000.305760622025 -0.894472122192 -0.357098460197 2.642866849899 -0.018368411809 0.782648682594 0.227788954973 0.578995525837
1413394000.355760574341 -0.895418405533 -0.349556267262 2.641098260880 0.010534926318 0.778228163719 0.246140196919 0.577637374401
1413394000.405760526657 -0.896780490875 -0.353955507278 2.636217117310 0.002899789019 0.780357301235 0.237287536263 0.578557550907
1413394000.455760478973 -0.897877693176 -0.352502703667 2.637151718140 -0.000453175773 0.779946565628 0.238688632846 0.578542053699
1413394000.505760669708 -0.896632909775 -0.347317785025 2.639284133911 -0.000229705212 0.779227912426 0.241234406829 0.578454554081
1413394000.555760383606 -0.897609472275 -0.348981708288 2.637524843216 0.000536078645 0.779888212681 0.239689901471 0.578206598759
1413394000.605760574341 -0.896803617477 -0.352855950594 2.636422634125 0.005093676038 0.779847919941 0.240490525961 0.577906310558
1413394000.655760526657 -0.896912813187 -0.350881397724 2.637003898621 -0.000481403200 0.780275583267 0.238554373384 0.578153610229
1413394000.705760717392 -0.897091388702 -0.351657927036 2.638169765472 0.003107044846 0.779493331909 0.241304561496 0.578059434891
1413394000.755760431290 -0.897113323212 -0.350258827209 2.637478828430 0.000948300527 0.779936552048 0.239831477404 0.578082144260
1413394000.805760622025 -0.897453308105 -0.350596189499 2.638025760651 0.003558016615 0.779894888401 0.240029811859 0.578045845032
1413394000.855760574341 -0.897722005844 -0.350241184235 2.638091802597 0.000915951736 0.780071437359 0.239243850112 0.578143715858
1413394000.905760526657 -0.896966457367 -0.349752783775 2.637981653214 0.002760194242 0.779793977737 0.240047946572 0.578178763390
1413394000.955760478973 -0.897517442703 -0.350147783756 2.637708187103 0.001970025012 0.779944658279 0.239641889930 0.578147232533
1413394001.005760669708 -0.897824048996 -0.350187540054 2.637990951538 0.002735709073 0.779891550541 0.239873915911 0.578119575977
1413394001.055760383606 -0.897093296051 -0.350041955709 2.637699127197 0.001889007399 0.779934346676 0.239729776978 0.578124940395
1413394001.105760574341 -0.897897958755 -0.350426733494 2.638119697571 0.001867616666 0.779960632324 0.240107893944 0.577932715416
1413394001.155760526657 -0.897651910782 -0.349880009890 2.637618541718 0.002679181052 0.779849827290 0.239595025778 0.578291833401
1413394001.205760717392 -0.897604227066 -0.349848389626 2.637742757797 0.002791875973 0.779849767685 0.240024626255 0.578113079071
1413394001.255760431290 -0.897912263870 -0.349893927574 2.638182163239 0.002196703106 0.779895186424 0.239719182253 0.578181147575
1413394001.305760622025 -0.898582696915 -0.349916577339 2.638214111328 0.003069858998 0.779753983021 0.240093708038 0.578212201595
1413394001.355760574341 -0.897380352020 -0.349950104952 2.637770175934 0.002188171726 0.779951155186 0.239785000682 0.578078269958
1413394001.405760526657 -0.898151636124 -0.349961876869 2.638270139694 0.002451103413 0.779874682426 0.239976674318 0.578100919724
1413394001.455760478973 -0.897237539291 -0.349879980087 2.637681961060 0.002105069812 0.779861152172 0.239886626601 0.578157901764
1413394001.505760669708 -0.897943258286 -0.349871605635 2.637990713120 0.002531314269 0.779863774776 0.239975586534 0.578115820885
1413394001.555760383606 -0.897879123688 -0.349718332291 2.637944221497 0.002912225667 0.779819309711 0.239964738488 0.578178465366
1413394001.605760574341 -0.897570133209 -0.349894344807 2.637977123260 0.002133654896 0.779932320118 0.240042641759 0.577997148037
1413394001.655760526657 -0.897387742996 -0.350101113319 2.637831687927 0.002038574079 0.779823482037 0.240037605166 0.578146278858
1413394001.705760717392 -0.896975755692 -0.349705606699 2.637927055359 0.002854499267 0.779881834984 0.239948585629 0.578101098537
1413394001.755760431290 -0.897051572800 -0.349630504847 2.638063669205 0.002879026579 0.779902815819 0.239928230643 0.578081011772
1413394001.805760622025 -0.896948814392 -0.349687725306 2.638063907623 0.002783770207 0.779853343964 0.239955931902 0.578136801720
1413394001.855760574341 -0.897705554962 -0.349640220404 2.638295650482 0.002736215713 0.779835283756 0.239955648780 0.578161537647
1413394001.905760526657 -0.897348880768 -0.349516689777 2.638124227524 0.003196337260 0.779811859131 0.240000486374 0.578172147274
1413394001.955760478973 -0.896764755249 -0.349484562874 2.638462781906 0.002642591950 0.779911518097 0.240018591285 0.578033089638
1413394002.005760669708 -0.897168874741 -0.349714040756 2.638034820557 0.002481503878 0.779863119125 0.240071743727 0.578076899052
1413394002.055760383606 -0.896828651428 -0.349561780691 2.638104438782 0.002219487913 0.779990673065 0.239979788661 0.577944040298
1413394002.105760574341 -0.897146224976 -0.349596202374 2.638048887253 0.002681873273 0.779908359051 0.240080103278 0.578011631966
1413394002.155760526657 -0.896938323975 -0.349575906992 2.638070583344 0.002606398193 0.779859125614 0.240042775869 0.578093826771
1413394002.205760717392 -0.897249221802 -0.349602311850 2.638026714325 0.002705457853 0.779864013195 0.240063518286 0.578078150749
1413394002.255760431290 -0.896929740906 -0.349694877863 2.638072013855 0.002592544537 0.779948055744 0.240037277341 0.577976167202
1413394002.305760622025 -0.896673917770 -0.349564880133 2.638071298599 0.002254680963 0.779935300350 0.240115180612 0.577962398529
1413394002.355760574341 -0.896731138229 -0.349509447813 2.638063430786 0.002596742706 0.779918849468 0.240134701133 0.577975034714
1413394002.405760526657 -0.897308349609 -0.349741458893 2.638387203217 0.002350525465 0.779901802540 0.240082070231 0.578021109104
1413394002.455760478973 -0.897229909897 -0.349747806787 2.637974739075 0.002372592455 0.779827356339 0.239976704121 0.578165054321
1413394002.505760669708 -0.897759675980 -0.349648892879 2.637977838516 0.002786041005 0.779791772366 0.240050360560 0.578180611134
1413394002.555760383606 -0.897338628769 -0.349438905716 2.637957096100 0.002867006697 0.779813170433 0.240120187402 0.578122377396
1413394002.605760574341 -0.897657632828 -0.349617928267 2.637952089310 0.002888489049 0.779838144779 0.240201026201 0.578055024147
1413394002.655760526657 -0.897865772247 -0.349713534117 2.637940406799 0.002641572151 0.779770135880 0.240131765604 0.578176677227
1413394002.705760717392 -0.897132873535 -0.349544048309 2.638384342194 0.002858728403 0.779867410660 0.240097895265 0.578058540821
1413394002.755760431290 -0.897663354874 -0.349854975939 2.637975931168 0.002224433236 0.779860198498 0.240197375417 0.578029811382
1413394002.805760622025 -0.896991252899 -0.349780440331 2.637966394424 0.002749545965 0.779853522778 0.240171343088 0.578047275543
1413394002.855760574341 -0.897697448730 -0.349676817656 2.637921571732 0.002688354813 0.779784500599 0.240183666348 0.578135550022
1413394002.905760526657 -0.897508859634 -0.349580556154 2.637965679169 0.002695333213 0.779825329781 0.240142896771 0.578097403049
1413394002.955760478973 -0.897706747055 -0.349677473307 2.637941598892 0.002893714001 0.779838919640 0.240139171481 0.578079640865
1413394003.005760669708 -0.897659778595 -0.349637091160 2.637953758240 0.002714873292 0.779796659946 0.240172609687 0.578123629093
1413394003.055760383606 -0.896700382233 -0.349427431822 2.638047933578 0.002893121680 0.779949963093 0.240084305406 0.577952504158
1413394003.105760574341 -0.897767305374 -0.349763095379 2.637961387634 0.002660741331 0.779815435410 0.240084826946 0.578135013580
1413394003.155760526657 -0.896916151047 -0.349439829588 2.637810707092 0.002940457081 0.779806792736 0.240131989121 0.578125715256
1413394003.205760717392 -0.898276567459 -0.350044459105 2.637830018997 0.002633685013 0.779798209667 0.240136951208 0.578136622906
1413394003.255760431290 -0.897008657455 -0.349419265985 2.637933731079 0.002781772986 0.779925465584 0.240119919181 0.577971518040
1413394003.305760622025 -0.898127794266 -0.350001901388 2.637820959091 0.002708117012 0.779779136181 0.240200266242 0.578135788441
1413394003.355760574341 -0.897469282150 -0.350017279387 2.637915849686 0.002660701051 0.779811441898 0.240215227008 0.578086197376
