frame_id,ts,state,n_kps,n_map_pts,n_inliers,n_lost_kps,reproj_mean_px,reproj_std_px,reproj_median_px,n_reproj,obs_per_mp,n_local_mps,n_local_kfs,is_kf,n_global_kfs,n_global_mps,image_name
0,1413393212.26,1,1615,0,0,1615,0,0,0,0,0,0,0,0,0,0,
1,1413393212.31,1,1516,0,0,1516,0,0,0,0,0,0,0,0,0,0,
2,1413393212.36,1,1542,0,0,1542,0,0,0,0,0,0,0,0,0,0,
3,1413393212.41,1,1509,0,0,1509,0,0,0,0,0,0,0,0,0,0,
4,1413393212.46,1,1565,0,0,1565,0,0,0,0,0,0,0,0,0,0,
5,1413393212.51,1,1533,0,0,1533,0,0,0,0,0,0,0,0,0,0,
6,1413393212.56,1,1573,0,0,1573,0,0,0,0,0,0,0,0,0,0,
7,1413393212.61,1,1527,0,0,1527,0,0,0,0,0,0,0,0,0,0,
8,1413393212.66,1,1541,0,0,1541,0,0,0,0,0,0,0,0,0,0,
9,1413393212.71,1,1543,0,0,1543,0,0,0,0,0,0,0,0,0,0,
10,1413393212.76,1,1530,0,0,1530,0,0,0,0,0,0,0,0,0,0,
11,1413393212.81,1,1543,0,0,1543,0,0,0,0,0,0,0,0,0,0,
12,1413393212.86,1,1532,0,0,1532,0,0,0,0,0,0,0,0,0,0,
13,1413393212.91,1,1546,0,0,1546,0,0,0,0,0,0,0,0,0,0,
14,1413393212.96,1,1490,0,0,1490,0,0,0,0,0,0,0,0,0,0,
15,1413393213.01,1,1523,0,0,1523,0,0,0,0,0,0,0,0,0,0,
16,1413393213.06,1,1552,0,0,1552,0,0,0,0,0,0,0,0,0,0,
17,1413393213.11,1,1530,0,0,1530,0,0,0,0,0,0,0,0,0,0,
18,1413393213.16,1,1513,0,0,1513,0,0,0,0,0,0,0,0,0,0,
19,1413393213.21,1,1535,0,0,1535,0,0,0,0,0,0,0,0,0,0,
20,1413393213.26,1,1530,0,0,1530,0,0,0,0,0,0,0,0,0,0,
21,1413393213.31,1,1529,0,0,1529,0,0,0,0,0,0,0,0,0,0,
22,1413393213.36,1,1539,0,0,1539,0,0,0,0,0,0,0,0,0,0,
23,1413393213.41,1,1534,0,0,1534,0,0,0,0,0,0,0,0,0,0,
24,1413393213.46,1,1523,0,0,1523,0,0,0,0,0,0,0,0,0,0,
25,1413393213.51,1,1535,0,0,1535,0,0,0,0,0,0,0,0,0,0,
26,1413393213.56,1,1531,0,0,1531,0,0,0,0,0,0,0,0,0,0,
27,1413393213.61,1,1532,0,0,1532,0,0,0,0,0,0,0,0,0,0,
28,1413393213.66,1,1524,0,0,1524,0,0,0,0,0,0,0,0,0,0,
29,1413393213.71,1,1528,0,0,1528,0,0,0,0,0,0,0,0,0,0,
30,1413393213.76,1,1547,0,0,1547,0,0,0,0,0,0,0,0,0,0,
31,1413393213.81,1,1510,0,0,1510,0,0,0,0,0,0,0,0,0,0,
32,1413393213.86,1,1538,0,0,1538,0,0,0,0,0,0,0,0,0,0,
33,1413393213.91,1,1552,0,0,1552,0,0,0,0,0,0,0,0,0,0,
34,1413393213.96,1,1535,0,0,1535,0,0,0,0,0,0,0,0,0,0,
35,1413393214.01,1,1528,0,0,1528,0,0,0,0,0,0,0,0,0,0,
36,1413393214.06,1,1572,0,0,1572,0,0,0,0,0,0,0,0,0,0,
37,1413393214.11,1,1547,0,0,1547,0,0,0,0,0,0,0,0,0,0,
38,1413393214.16,1,1562,0,0,1562,0,0,0,0,0,0,0,0,0,0,
39,1413393214.21,1,1542,0,0,1542,0,0,0,0,0,0,0,0,0,0,
40,1413393214.26,1,1557,0,0,1557,0,0,0,0,0,0,0,0,0,0,
41,1413393214.31,1,1542,0,0,1542,0,0,0,0,0,0,0,0,0,0,
42,1413393214.36,1,1538,0,0,1538,0,0,0,0,0,0,0,0,0,0,
43,1413393214.41,1,1538,0,0,1538,0,0,0,0,0,0,0,0,0,0,
44,1413393214.46,1,1538,0,0,1538,0,0,0,0,0,0,0,0,0,0,
45,1413393214.51,1,1551,0,0,1551,0,0,0,0,0,0,0,0,0,0,
46,1413393214.56,1,1515,0,0,1515,0,0,0,0,0,0,0,0,0,0,
47,1413393214.61,1,1541,0,0,1541,0,0,0,0,0,0,0,0,0,0,
48,1413393214.66,1,1545,0,0,1545,0,0,0,0,0,0,0,0,0,0,
49,1413393214.71,1,1523,0,0,1523,0,0,0,0,0,0,0,0,0,0,
50,1413393214.76,1,1548,0,0,1548,0,0,0,0,0,0,0,0,0,0,
51,1413393214.81,1,1573,0,0,1573,0,0,0,0,0,0,0,0,0,0,
52,1413393214.86,1,1568,0,0,1568,0,0,0,0,0,0,0,0,0,0,
53,1413393214.91,1,1525,0,0,1525,0,0,0,0,0,0,0,0,0,0,
54,1413393214.96,1,1526,0,0,1526,0,0,0,0,0,0,0,0,0,0,
55,1413393215.01,1,1548,0,0,1548,0,0,0,0,0,0,0,0,0,0,
56,1413393215.06,1,1569,0,0,1569,0,0,0,0,0,0,0,0,0,0,
57,1413393215.11,1,1537,0,0,1537,0,0,0,0,0,0,0,0,0,0,
58,1413393215.16,1,1531,0,0,1531,0,0,0,0,0,0,0,0,0,0,
59,1413393215.21,1,1515,0,0,1515,0,0,0,0,0,0,0,0,0,0,
60,1413393215.26,1,1534,0,0,1534,0,0,0,0,0,0,0,0,0,0,
61,1413393215.31,1,1556,0,0,1556,0,0,0,0,0,0,0,0,0,0,
62,1413393215.36,1,1563,0,0,1563,0,0,0,0,0,0,0,0,0,0,
63,1413393215.41,1,1560,0,0,1560,0,0,0,0,0,0,0,0,0,0,
64,1413393215.46,1,1554,0,0,1554,0,0,0,0,0,0,0,0,0,0,
65,1413393215.51,1,1549,0,0,1549,0,0,0,0,0,0,0,0,0,0,
66,1413393215.56,1,1536,0,0,1536,0,0,0,0,0,0,0,0,0,0,
67,1413393215.61,1,1561,0,0,1561,0,0,0,0,0,0,0,0,0,0,
68,1413393215.66,1,1521,0,0,1521,0,0,0,0,0,0,0,0,0,0,
69,1413393215.71,1,1529,0,0,1529,0,0,0,0,0,0,0,0,0,0,
70,1413393215.76,1,1511,0,0,1511,0,0,0,0,0,0,0,0,0,0,
71,1413393215.81,1,1537,0,0,1537,0,0,0,0,0,0,0,0,0,0,
72,1413393215.86,1,1551,0,0,1551,0,0,0,0,0,0,0,0,0,0,
73,1413393215.91,1,1508,0,0,1508,0,0,0,0,0,0,0,0,0,0,
74,1413393215.96,1,1507,0,0,1507,0,0,0,0,0,0,0,0,0,0,
75,1413393216.01,1,1514,0,0,1514,0,0,0,0,0,0,0,0,0,0,
76,1413393216.06,1,1553,0,0,1553,0,0,0,0,0,0,0,0,0,0,
77,1413393216.11,1,1518,0,0,1518,0,0,0,0,0,0,0,0,0,0,
78,1413393216.16,1,1506,0,0,1506,0,0,0,0,0,0,0,0,0,0,
79,1413393216.21,1,1524,0,0,1524,0,0,0,0,0,0,0,0,0,0,
80,1413393216.26,1,1561,0,0,1561,0,0,0,0,0,0,0,0,0,0,
81,1413393216.31,1,1501,0,0,1501,0,0,0,0,0,0,0,0,0,0,
82,1413393216.36,1,1570,0,0,1570,0,0,0,0,0,0,0,0,0,0,
83,1413393216.41,1,1501,0,0,1501,0,0,0,0,0,0,0,0,0,0,
84,1413393216.46,1,1519,0,0,1519,0,0,0,0,0,0,0,0,0,0,
85,1413393216.51,1,1562,0,0,1562,0,0,0,0,0,0,0,0,0,0,
86,1413393216.56,1,1539,0,0,1539,0,0,0,0,0,0,0,0,0,0,
87,1413393216.61,1,1541,0,0,1541,0,0,0,0,0,0,0,0,0,0,
88,1413393216.66,1,1551,0,0,1551,0,0,0,0,0,0,0,0,0,0,
89,1413393216.71,1,1534,0,0,1534,0,0,0,0,0,0,0,0,0,0,
90,1413393216.76,1,1554,0,0,1554,0,0,0,0,0,0,0,0,0,0,
91,1413393216.81,1,1521,0,0,1521,0,0,0,0,0,0,0,0,0,0,
92,1413393216.86,1,1531,0,0,1531,0,0,0,0,0,0,0,0,0,0,
93,1413393216.91,1,1494,0,0,1494,0,0,0,0,0,0,0,0,0,0,
94,1413393216.96,1,1494,0,0,1494,0,0,0,0,0,0,0,0,0,0,
95,1413393217.01,1,1499,0,0,1499,0,0,0,0,0,0,0,0,0,0,
96,1413393217.06,2,1526,232,0,1294,0.230502536684,0.195772357992,0.175576195121,232,2,232,2,0,2,232,
97,1413393217.11,2,1000,263,263,737,1.3417747796,1.04737385172,1.07880461216,263,2,465,2,1,2,465,
98,1413393217.16,2,1001,308,308,693,1.30399449513,0.943300030433,1.04949700832,308,2.85714285714,452,3,0,3,452,
99,1413393217.21,2,998,282,282,716,1.42945117054,1.14880152633,1.13578629494,282,2.87234042553,452,3,1,3,452,
100,1413393217.26,2,998,436,436,562,1.26875260692,0.979708710191,0.986586093903,436,3.73394495413,588,4,1,4,588,
101,1413393217.31,2,1000,529,529,471,1.25080990934,1.07114056195,0.925466895103,529,4.54442344045,687,5,0,5,687,
102,1413393217.36,2,994,518,518,476,1.33187520398,1.00791926645,1.06177341938,518,4.58108108108,687,5,1,5,687,
103,1413393217.41,2,999,566,566,433,1.15204161967,0.900080344244,0.911188364029,566,5.3445229682,749,6,0,6,749,
104,1413393217.46,2,1002,552,552,450,1.19873270851,0.883827862636,0.952449798584,552,5.37137681159,749,6,1,6,749,
105,1413393217.51,2,1000,574,574,426,1.10622362791,0.845001537506,0.874301612377,574,5.36585365854,760,6,0,6,760,
106,1413393217.56,2,1002,565,565,437,1.22465239314,0.909412776744,0.975800514221,565,5.35752212389,760,6,1,6,760,
107,1413393217.61,2,998,565,565,433,1.15897122897,0.8765796731,0.928776681423,565,5.46548672566,758,6,0,6,758,
108,1413393217.66,2,997,547,547,450,1.29315530215,1.02073921185,1.03879094124,547,5.44241316271,758,6,1,6,758,
109,1413393217.71,2,998,566,566,432,1.1965859146,0.88096130282,0.996656298637,566,6.22614840989,768,7,0,7,768,
110,1413393217.76,2,1000,534,534,466,1.27618363219,0.930434635143,1.03719961643,534,6.31647940075,768,7,1,7,768,
111,1413393217.81,2,1000,560,560,440,1.32762880889,1.05309513009,1.00488376617,560,6.19464285714,781,7,0,7,781,
112,1413393217.86,2,1001,531,531,470,1.39771655571,1.1449318709,1.09137523174,531,6.18267419962,781,7,1,7,781,
113,1413393217.91,2,998,550,550,448,1.30938000321,1.03036832762,1.07150948048,550,6.13272727273,761,7,0,7,761,
114,1413393217.96,2,1002,521,521,481,1.41750007457,1.13744331,1.10961389542,521,6.1113243762,761,7,0,7,761,
115,1413393218.01,2,1000,492,492,508,1.40089240776,1.05319005501,1.16464543343,492,6.16056910569,761,7,1,7,761,
116,1413393218.06,2,1001,527,527,474,1.37437517364,1.03313620567,1.09275758266,527,6.07210626186,787,7,0,7,787,
117,1413393218.11,2,1002,527,527,475,1.3523099219,0.977333167613,1.07609665394,527,6.0569259962,787,7,0,7,787,
118,1413393218.16,2,1001,502,502,499,1.42878360417,1.01478406573,1.16855597496,502,6.05976095618,787,7,1,7,787,
119,1413393218.21,2,1001,525,525,476,1.34243217047,1.07692468686,1.05131208897,525,6.70095238095,826,8,0,8,826,
120,1413393218.26,2,1000,491,491,509,1.41927651452,1.10170124314,1.08548176289,491,6.77393075356,826,8,1,8,826,
121,1413393218.31,2,1002,528,528,474,1.36366810979,1.03978635375,1.05069983006,528,6.62689393939,830,8,0,8,830,
122,1413393218.36,2,1001,500,500,501,1.3905877868,1.05880510983,1.08342826366,500,6.644,830,8,1,8,830,
123,1413393218.41,2,1001,524,524,477,1.27986071726,0.965482524585,1.00307619572,524,7.3358778626,836,9,0,9,836,
124,1413393218.46,2,1002,516,516,486,1.36408322749,1.03952339206,1.09913635254,516,7.38953488372,836,9,0,9,836,
125,1413393218.51,2,998,492,492,506,1.35782351046,1.08261974038,1.07383406162,492,7.48577235772,836,9,1,9,836,
126,1413393218.56,2,1001,506,506,495,1.27035486466,1.05186073849,0.999200165272,506,8.03557312253,873,10,1,10,873,
127,1413393218.61,2,1003,526,526,477,1.25475570287,1.06646402721,0.921373605728,526,7.96768060837,868,10,0,10,868,
128,1413393218.66,2,999,517,517,482,1.27267887974,0.997114711433,0.979176819324,517,7.94777562863,868,10,1,10,868,
129,1413393218.71,2,1001,500,500,501,1.21814860767,0.911991997282,0.977817714214,500,7.276,827,9,0,9,827,
130,1413393218.76,2,1003,486,486,517,1.16755485956,0.866541373415,0.970450997353,486,7.26748971193,827,9,1,9,827,
131,1413393218.81,2,1001,477,477,524,1.31143035327,1.14022060741,1.01125669479,477,7.19077568134,815,9,0,9,815,
132,1413393218.86,2,1003,456,456,547,1.28288145362,1.08578367744,0.949909985065,456,7.20175438596,815,9,1,9,815,
133,1413393218.91,2,999,467,467,532,1.1852474829,0.957066404356,0.910456717014,467,7.85653104925,852,10,0,10,852,
134,1413393218.96,2,1002,452,452,550,1.26819933843,1.00637082043,0.997207224369,452,7.90707964602,852,10,1,10,852,
135,1413393219.01,2,1003,462,462,541,1.27021131529,1.10333865334,0.960422933102,462,8.44155844156,868,11,0,11,868,
136,1413393219.06,2,1003,439,439,564,1.2571685838,1.10948033535,0.975123763084,439,8.48519362187,868,11,1,11,868,
137,1413393219.11,2,1004,502,502,502,1.1887948376,0.957813838547,0.910677313805,502,7.86055776892,904,11,0,11,904,
138,1413393219.16,2,1005,487,487,518,1.32460397461,1.09654001676,0.984324872494,487,7.89527720739,904,11,0,11,904,
139,1413393219.21,2,1001,459,459,542,1.31659091384,0.967152135197,1.04083788395,459,8.07843137255,904,11,0,11,904,
140,1413393219.26,2,1006,469,469,537,1.36102561959,1.10271224953,1.01342320442,469,7.92963752665,904,11,0,11,904,
141,1413393219.31,2,1002,456,456,546,1.34538915951,1.03301116549,1.07576692104,456,7.93421052632,904,11,1,11,904,
142,1413393219.36,2,1003,484,484,519,1.29739955071,1.01265846766,0.970184445381,484,8.24173553719,935,12,0,12,935,
143,1413393219.41,2,1002,481,481,521,1.32500442481,1.05194150815,1.03006744385,481,8.34927234927,935,12,0,12,935,
144,1413393219.46,2,1001,448,448,553,1.31430867005,1.07120939931,1.02820909023,448,8.33928571429,935,12,1,12,935,
145,1413393219.51,2,1005,504,504,501,1.36067348626,1.08585662316,1.09292948246,504,8.19047619048,925,12,0,12,925,
146,1413393219.56,2,1004,468,468,536,1.37666126295,1.12354439756,1.05463624001,468,8.23076923077,925,12,0,12,925,
147,1413393219.61,2,1002,473,473,529,1.34059823894,1.13676762951,0.989040255547,473,8.42283298097,925,12,0,12,925,
148,1413393219.66,2,1004,470,470,534,1.31901215431,1.00193296668,1.06028199196,470,8.52553191489,925,12,1,12,925,
149,1413393219.71,2,1005,485,485,520,1.33444225811,1.08830136676,1.01416242123,485,8.49278350515,916,12,0,12,916,
150,1413393219.76,2,1004,481,481,523,1.33355334434,1.13592268938,0.999967992306,481,8.65488565489,916,12,1,12,916,
151,1413393219.81,2,1004,490,490,514,1.29820520912,1.03394944347,1.05853307247,490,8.62040816327,930,12,1,12,930,
152,1413393219.86,2,1002,508,508,494,1.22068354647,0.972374936392,1.01280653477,508,9.25590551181,940,13,0,13,940,
153,1413393219.91,2,1004,477,477,527,1.28627016884,1.023122964,1.02625358105,477,9.34800838574,940,13,1,13,940,
154,1413393219.96,2,1001,505,505,496,1.25171762128,0.890429407497,1.02402198315,505,9.45940594059,933,13,0,13,933,
155,1413393220.01,2,1002,470,470,532,1.29656085027,0.994618952416,1.02497065067,470,9.62340425532,933,13,1,13,933,
156,1413393220.06,2,1000,500,500,500,1.30136943137,1.10124060902,0.979429900646,500,10.176,943,14,0,14,943,
157,1413393220.11,2,1001,489,489,512,1.27421595633,1.03711989601,0.985913574696,489,10.1574642127,943,14,0,14,943,
158,1413393220.16,2,1003,474,474,529,1.37953152079,1.14153186152,1.07888448238,474,10.2088607595,943,14,1,14,943,
159,1413393220.21,2,1003,519,521,484,1.2982006318,1.10067295384,0.951262056828,519,10.0327552987,977,15,0,14,967,
160,1413393220.26,2,1000,495,495,505,1.36478111848,1.13287837933,1.07257199287,495,9.88282828283,967,14,0,14,967,
161,1413393220.31,2,1003,484,484,519,1.40606702909,1.13893982958,1.08699691296,484,10.0475206612,967,14,1,14,967,
162,1413393220.36,2,1001,485,485,516,1.38931541366,1.10516810886,1.13062572479,485,10.1402061856,959,14,0,14,959,
163,1413393220.41,2,1000,481,481,519,1.35403245698,1.10304367053,1.03162527084,481,10.0956340956,959,14,0,14,959,
164,1413393220.46,2,1003,472,472,531,1.36634314898,1.10162021192,1.08605098724,472,10.0572033898,959,14,1,14,959,
165,1413393220.51,2,1002,487,487,515,1.32790069687,1.00179402648,1.06270539761,487,10.704312115,968,15,0,15,968,
166,1413393220.56,2,1001,477,477,524,1.36068808954,1.0389781754,1.06750357151,477,10.7064989518,968,15,1,15,968,
167,1413393220.61,2,1002,489,490,513,1.25294622147,0.982116799145,0.991014003754,489,10.0838445808,956,15,0,14,945,
168,1413393220.66,2,1001,480,480,521,1.38474178327,1.12316191482,1.05710208416,480,9.98541666667,945,14,0,14,945,
169,1413393220.71,2,1002,475,475,527,1.322840828,1.04755040672,1.05661273003,475,9.99789473684,945,14,1,14,945,
170,1413393220.76,2,1001,469,469,532,1.33324726619,1.03676802176,1.02175688744,469,11.0447761194,962,15,0,15,962,
171,1413393220.81,2,1001,453,453,548,1.30221827024,0.926001594041,1.02554655075,453,10.1633554084,949,14,1,14,949,
172,1413393220.86,2,1003,456,456,547,1.33648085374,1.09403662253,1.03631448746,456,10.6995614035,978,15,1,15,978,
173,1413393220.91,2,1002,464,472,538,1.25919589998,1.02866778701,0.980253398418,464,10.7349137931,978,16,0,15,954,
174,1413393220.96,2,1001,457,457,544,1.29255049475,1.00918525,0.982262670994,457,10.875273523,954,15,0,15,954,
175,1413393221.01,2,1002,439,439,563,1.26873136197,0.989158744267,1.04018700123,439,10.9817767654,954,15,1,15,954,
176,1413393221.06,2,1000,466,466,534,1.37453257531,1.12369958937,1.0610666275,466,10.6824034335,965,15,0,15,965,
177,1413393221.11,2,1003,456,456,547,1.32447687974,1.08566143564,1.01619780064,456,10.6907894737,965,15,0,15,965,
178,1413393221.16,2,1001,447,447,554,1.37130229795,1.17798042719,1.03795206547,447,10.6599552573,965,15,1,15,965,
179,1413393221.21,2,1002,486,486,516,1.34530201321,1.13424688192,1.05930173397,486,11.3127572016,988,16,0,16,988,
180,1413393221.26,2,1003,471,471,532,1.36037486894,1.1856284178,1.02361047268,471,10.4458598726,972,15,0,15,972,
181,1413393221.31,2,1004,452,452,552,1.38676094643,1.19190770386,1.01836872101,452,10.1880530973,972,15,1,15,972,
182,1413393221.36,2,1002,491,491,511,1.40905329672,1.1969125536,1.05141234398,491,10.6374745418,1011,16,0,16,1011,
183,1413393221.41,2,1002,487,487,515,1.37431109782,1.15491885453,1.03602385521,487,10.0431211499,995,15,0,15,995,
184,1413393221.46,2,1003,458,458,545,1.37601559826,1.13224237293,1.07592952251,458,10.2248908297,995,15,1,15,995,
185,1413393221.51,2,1002,487,487,515,1.40301496269,1.11623451374,1.07104849815,487,10.6550308008,1044,16,0,16,1044,
186,1413393221.56,2,1000,476,476,524,1.36606547945,1.05850143642,1.09434080124,476,10.1323529412,1022,15,1,15,1022,
187,1413393221.61,2,1004,493,494,511,1.31930281433,1.11887109952,0.969170928001,493,10.0912778905,1030,16,0,15,1007,
188,1413393221.66,2,1003,475,475,528,1.34903884216,1.09618172845,1.01156640053,475,10.1326315789,1007,15,1,15,1007,
189,1413393221.71,2,1002,477,477,525,1.35334335263,1.09449217816,1.03809845448,477,10.9224318658,1012,16,0,16,1012,
190,1413393221.76,2,1001,487,487,514,1.41376721893,1.20118137787,1.07769572735,487,10.1745379877,989,15,0,15,989,
191,1413393221.81,2,1003,458,458,545,1.33850243723,1.0672542786,1.07602071762,458,10.2838427948,989,15,1,15,989,
192,1413393221.86,2,1003,478,478,525,1.38722859196,1.13052551123,1.02256929874,478,10.0774058577,988,15,0,15,988,
193,1413393221.91,2,1003,472,472,531,1.35754890975,1.07970223674,1.08040964603,472,9.99152542373,988,15,0,15,988,
194,1413393221.96,2,1003,448,448,555,1.42606808897,1.18036339639,1.08980298042,448,10.0625,988,15,1,15,988,
195,1413393222.01,2,1002,467,467,535,1.36572740546,1.15594175434,1.03917884827,467,10.1199143469,988,15,0,15,988,
196,1413393222.06,2,1004,460,460,544,1.40494815659,1.15110018333,1.1098703146,460,9.91956521739,988,15,0,15,988,
197,1413393222.11,2,1003,452,452,551,1.44750241676,1.09112383172,1.1527838707,452,9.89601769912,988,15,0,15,988,
198,1413393222.16,2,1001,451,451,550,1.47559515205,1.31557126971,1.02263319492,451,9.89135254989,988,15,0,15,988,
199,1413393222.21,2,1001,454,454,547,1.45694417918,1.23790124517,1.07720470428,454,9.87444933921,988,15,0,15,988,
200,1413393222.26,2,1004,439,439,565,1.37776865693,1.20067850393,1.07713782787,439,10.1640091116,988,15,1,15,988,
201,1413393222.31,2,1006,450,450,556,1.4099835589,1.15914439815,1.0936293602,450,9.55111111111,958,14,0,14,958,
202,1413393222.36,2,1002,461,461,541,1.37442970499,1.12638817658,1.04092144966,461,9.31670281996,958,14,0,14,958,
203,1413393222.41,2,1004,446,446,558,1.33983609099,1.11383513145,1.04478955269,446,9.42825112108,958,14,0,14,958,
204,1413393222.46,2,1001,454,454,547,1.33482581214,1.17201092055,0.995150268078,454,9.26431718062,958,14,0,14,958,
205,1413393222.51,2,1002,455,455,547,1.43403947654,1.19232670636,1.03535926342,455,9.3010989011,958,14,1,14,958,
206,1413393222.56,2,1003,462,462,541,1.34240199162,1.07407494721,1.08941590786,462,9.23593073593,965,14,0,14,965,
207,1413393222.61,2,1002,464,464,538,1.35795121726,1.09262197443,1.02950942516,464,9.17887931034,965,14,0,14,965,
208,1413393222.66,2,1003,459,459,544,1.35529936424,1.08243091315,1.05852591991,459,9.11546840959,965,14,0,14,965,
209,1413393222.71,2,1001,464,464,537,1.36223143854,0.947110810041,1.14034986496,464,9.23922413793,965,14,1,14,965,
210,1413393222.76,2,1004,467,467,537,1.32655880625,1.07910185579,1.04708576202,467,9.24411134904,957,14,0,14,957,
211,1413393222.81,2,1002,458,458,544,1.33700674815,1.08503942272,1.11781966686,458,9.29912663755,957,14,0,14,957,
212,1413393222.86,2,1004,452,452,552,1.42486385742,1.06722039827,1.10198605061,452,9.25,957,14,0,14,957,
213,1413393222.91,2,1002,437,437,565,1.47693755827,1.26386723347,1.09708631039,437,9.28832951945,957,14,1,14,957,
214,1413393222.96,2,1003,479,479,524,1.48484332187,1.24103457822,1.15844142437,479,9.84551148225,1004,15,0,15,1004,
215,1413393223.01,2,1006,462,462,544,1.49128800895,1.17484397943,1.17299926281,462,9.68398268398,1004,15,1,15,1004,
216,1413393223.06,2,1004,474,475,530,1.45498217139,1.09152199132,1.23412740231,474,9.85443037975,1027,16,1,15,1010,
217,1413393223.11,2,1002,491,491,511,1.46393469157,1.20476145597,1.21152794361,491,9.64969450102,1011,15,0,15,1011,
218,1413393223.16,2,1002,463,463,539,1.56558409724,1.28813118301,1.15233445168,463,9.4060475162,1011,15,1,15,1011,
219,1413393223.21,2,1002,468,468,534,1.5007965681,1.17205176298,1.19335818291,468,10.1666666667,1042,16,0,16,1042,
220,1413393223.26,2,1005,459,459,546,1.58239863985,1.335545059,1.1721817255,459,9.48801742919,1023,15,1,15,1023,
221,1413393223.31,2,1002,467,467,535,1.50488590566,1.30714897152,1.07113611698,467,10.0214132762,1057,16,1,16,1057,
222,1413393223.36,2,1002,462,468,540,1.48124578458,1.12900792254,1.22100651264,462,10.1277056277,1061,17,0,16,1043,
223,1413393223.41,2,1003,457,457,546,1.49289150119,1.23451915162,1.14293122292,457,9.99781181619,1043,16,1,16,1043,
224,1413393223.46,2,1004,484,484,520,1.40673436618,1.12790723404,1.10914671421,484,10.617768595,1095,17,0,17,1095,
225,1413393223.51,2,1003,457,457,546,1.4353844787,1.21549546401,1.03389370441,457,10.341356674,1095,17,1,17,1095,
226,1413393223.56,2,1002,456,456,546,1.55296777756,1.16546719981,1.20475435257,456,11.2916666667,1098,18,0,18,1098,
227,1413393223.61,2,1006,432,432,574,1.47984385157,1.13316211759,1.1909930706,432,9.91666666667,1063,16,1,16,1063,
228,1413393223.66,2,1004,440,440,564,1.52466327105,1.21139405198,1.18014776707,440,10.425,1087,17,1,17,1087,
229,1413393223.71,2,1004,461,461,543,1.56254306102,1.32025617649,1.13063395023,461,11.1453362256,1103,18,0,18,1103,
230,1413393223.76,2,1000,446,446,554,1.59377289137,1.33010681894,1.19267749786,446,10.2107623318,1090,17,0,17,1090,
231,1413393223.81,2,1005,426,426,579,1.51871730188,1.1717164825,1.2087816,426,10.2323943662,1090,17,1,17,1090,
232,1413393223.86,2,1000,446,446,554,1.47766961764,1.14775989108,1.16661322117,446,10.7533632287,1108,18,0,18,1108,
233,1413393223.91,2,1002,453,453,549,1.58907508423,1.28542551988,1.15586745739,453,10.6688741722,1108,18,0,18,1108,
234,1413393223.96,2,1006,421,421,585,1.59855964596,1.29561888556,1.15346813202,421,10.8028503563,1108,18,1,18,1108,
235,1413393224.01,2,1001,461,461,540,1.59661048767,1.29930034106,1.18397474289,461,11.2255965293,1155,19,0,19,1155,
236,1413393224.06,2,1005,418,418,587,1.57618790475,1.22266893529,1.2465685606,418,10.6052631579,1130,18,1,18,1130,
237,1413393224.11,2,1004,422,422,582,1.63060906379,1.36937455386,1.18264687061,422,10.971563981,1163,19,0,19,1163,
238,1413393224.16,2,1003,394,394,609,1.46469163282,1.26660511191,1.09095966816,394,10.4593908629,1143,18,1,18,1143,
239,1413393224.21,2,996,422,422,574,1.52166558331,1.20349249308,1.13794386387,422,10.7369668246,1176,19,0,19,1176,
240,1413393224.26,2,1003,406,406,597,1.52127332076,1.22975012976,1.22686672211,406,10.7290640394,1176,19,1,19,1176,
241,1413393224.31,2,994,408,408,586,1.48125006938,1.17739969904,1.15126955509,408,11.2303921569,1205,20,0,20,1205,
242,1413393224.36,2,997,411,411,586,1.47285693835,1.20312452852,1.07820129395,411,10.8053527981,1205,20,1,20,1205,
243,1413393224.41,2,1000,435,435,565,1.60826000217,1.31541382461,1.21153497696,435,11.6114942529,1225,21,0,21,1225,
244,1413393224.46,2,995,417,417,578,1.50911900487,1.25077434364,1.13361203671,417,11.8537170264,1225,21,1,21,1225,
245,1413393224.51,2,996,437,437,559,1.49686732101,1.22298682625,1.13869976997,437,12.4874141876,1253,22,0,22,1253,
246,1413393224.56,2,1005,429,429,576,1.61331015318,1.28985601717,1.21221673489,429,11.1421911422,1211,20,0,20,1211,
247,1413393224.61,2,997,395,395,602,1.52845357071,1.22815224874,1.13847446442,395,11.1949367089,1211,20,1,20,1211,
248,1413393224.66,2,991,396,396,595,1.64139543763,1.18650604609,1.32015120983,396,11.9974747475,1248,21,0,21,1248,
249,1413393224.71,2,991,396,396,595,1.67009596773,1.33086044892,1.29034519196,396,11.5353535354,1247,21,1,21,1247,
250,1413393224.76,2,992,412,412,580,1.70341422077,1.35506000064,1.35714507103,412,11.7330097087,1265,22,0,22,1265,
251,1413393224.81,2,995,396,396,599,1.61497667015,1.32169411614,1.2552819252,396,12.1641414141,1264,22,1,22,1264,
252,1413393224.86,2,1000,414,414,586,1.74783705293,1.37685176965,1.30628955364,414,12.5314009662,1295,23,0,23,1295,
253,1413393224.91,2,997,407,407,590,1.76008924146,1.46623090556,1.30936038494,407,12.1965601966,1272,22,1,22,1272,
254,1413393224.96,2,996,430,430,566,1.6216215304,1.21884755044,1.27497148514,430,12.288372093,1303,23,0,23,1303,
255,1413393225.01,2,1004,422,422,582,1.6405528497,1.25487578514,1.28778851032,422,11.6421800948,1282,22,1,22,1282,
256,1413393225.06,2,1001,436,436,565,1.66750547362,1.40122281758,1.22366166115,436,12.0871559633,1321,23,0,23,1321,
257,1413393225.11,2,1000,451,451,549,1.58898531332,1.33369915974,1.20197808743,451,11.6407982262,1321,23,0,23,1321,
258,1413393225.16,2,995,428,428,567,1.59277449367,1.21416824092,1.28739142418,428,11.8341121495,1321,23,1,23,1321,
259,1413393225.21,2,997,449,449,548,1.57622988796,1.25408677584,1.20051658154,449,12.1514476615,1374,24,0,24,1374,
260,1413393225.26,2,997,457,457,540,1.58045689064,1.2800368833,1.20903527737,457,11.9824945295,1374,24,1,24,1374,
261,1413393225.31,2,996,459,459,537,1.56780133174,1.16517673634,1.26188087463,459,12.6492374728,1383,25,0,25,1383,
262,1413393225.36,2,997,436,436,561,1.57373421804,1.23019068665,1.23445391655,436,12.1559633028,1363,24,1,24,1363,
263,1413393225.41,2,995,447,447,548,1.5281218562,1.23553515575,1.16509711742,447,12.6935123043,1389,25,0,25,1389,
264,1413393225.46,2,1002,411,411,591,1.60716343997,1.28569364403,1.26041650772,411,12.00486618,1375,24,1,24,1375,
265,1413393225.51,2,1001,420,420,581,1.61197319592,1.27110278839,1.21600282192,420,12.8523809524,1398,25,0,25,1398,
266,1413393225.56,2,1001,395,395,606,1.58286497197,1.28858370238,1.18068027496,395,12.653164557,1398,25,1,25,1398,
267,1413393225.61,2,1001,411,411,590,1.67674999651,1.26660092105,1.34352099895,411,13.199513382,1430,26,0,26,1430,
268,1413393225.66,2,1004,390,390,614,1.55644839131,1.2767276845,1.1863694191,390,12.6615384615,1404,25,1,25,1404,
269,1413393225.71,2,1001,360,360,641,1.61531530635,1.36346318649,1.20050644875,360,13.6027777778,1421,26,0,26,1421,
270,1413393225.76,2,1003,374,374,629,1.59291507783,1.28119974473,1.25659584999,374,12.5588235294,1401,25,1,25,1401,
271,1413393225.81,2,1002,346,346,656,1.67015613064,1.27452877486,1.31711256504,346,13.387283237,1437,26,0,26,1437,
272,1413393225.86,2,1004,342,342,662,1.61082009588,1.24712964728,1.29110896587,342,13.3070175439,1437,26,1,26,1437,
273,1413393225.91,2,999,363,363,636,1.77199666461,1.4132906037,1.4360460043,363,14.3884297521,1455,27,0,27,1455,
274,1413393225.96,2,1000,336,336,664,1.60215196165,1.27543240353,1.2364269495,336,13.9910714286,1435,26,1,26,1435,
275,1413393226.01,2,1001,350,350,651,1.55916668321,1.20817900619,1.24155676365,350,13.9057142857,1451,27,0,27,1451,
276,1413393226.06,2,1004,347,347,657,1.44603488129,1.28636750932,1.04026126862,347,14.181556196,1451,27,0,27,1451,
277,1413393226.11,2,1005,328,328,677,1.54855804102,1.25561524284,1.18432700634,328,14.137195122,1451,27,1,27,1451,
278,1413393226.16,2,1006,329,329,677,1.59693133351,1.28715614247,1.24057006836,329,14.990881459,1443,28,0,28,1443,
279,1413393226.21,2,1003,317,317,686,1.64593851134,1.32436197153,1.23626446724,317,15.0315457413,1443,28,1,28,1443,
280,1413393226.26,2,1005,338,338,667,1.60104350426,1.27659787255,1.22519767284,338,15.1804733728,1452,29,0,29,1452,
281,1413393226.31,2,1003,313,313,690,1.67925510356,1.28594395418,1.33163630962,313,14.4153354633,1414,27,1,27,1414,
282,1413393226.36,2,1007,335,335,672,1.65022147283,1.19133086502,1.36882781982,335,14.2835820896,1448,28,0,28,1448,
283,1413393226.41,2,1007,334,334,673,1.67758348202,1.27542683984,1.29008996487,334,14.2664670659,1447,28,0,28,1447,
284,1413393226.46,2,1003,324,324,679,1.61531024429,1.12909757845,1.39979326725,324,14.6913580247,1447,28,1,28,1447,
285,1413393226.51,2,1001,363,363,638,1.72036480785,1.35676437613,1.34278643131,363,13.6611570248,1515,29,0,29,1515,
286,1413393226.56,2,1005,363,363,642,1.66432532332,1.34890654651,1.31682229042,363,13.5454545455,1514,29,1,29,1514,
287,1413393226.61,2,1004,391,391,613,1.57769217714,1.18843946146,1.31340563297,391,14.1713554987,1550,30,0,30,1550,
288,1413393226.66,2,1004,391,391,613,1.65686878659,1.2579113449,1.29363965988,391,12.3810741688,1516,28,0,28,1516,
289,1413393226.71,2,1003,373,373,630,1.56503322579,1.11802532704,1.3236887455,373,12.528150134,1516,28,1,28,1516,
290,1413393226.76,2,1002,388,388,614,1.64575567999,1.30477651723,1.27470803261,388,13.5,1550,29,0,29,1550,
291,1413393226.81,2,1002,392,392,610,1.61004194454,1.1555068935,1.31714498997,392,12.3571428571,1528,28,1,28,1528,
292,1413393226.86,2,1002,410,410,592,1.64525331626,1.29100331877,1.26340842247,410,12.7414634146,1567,29,0,29,1567,
293,1413393226.91,2,1002,402,402,600,1.67126187046,1.29290170543,1.29692018032,402,13.1616915423,1566,29,1,29,1566,
294,1413393226.96,2,1005,410,410,595,1.66311425723,1.29568099721,1.30401587486,410,13.5268292683,1580,30,0,30,1580,
295,1413393227.01,2,1007,394,394,613,1.57462642056,1.25524481635,1.20887768269,394,13.5888324873,1579,30,1,30,1579,
296,1413393227.06,2,1004,411,411,593,1.65541065444,1.27940385166,1.24594688416,411,13.7737226277,1596,31,0,31,1596,
297,1413393227.11,2,1002,396,396,606,1.56935035743,1.26375229346,1.24665260315,396,13.4696969697,1580,30,1,30,1580,
298,1413393227.16,2,1001,402,402,599,1.62078082007,1.3256432864,1.26971876621,402,14.276119403,1607,31,0,31,1607,
299,1413393227.21,2,1004,389,389,615,1.66057180437,1.31681666631,1.26102149487,389,14.2287917738,1607,31,0,31,1607,
300,1413393227.26,2,1006,362,362,644,1.6491431785,1.40787463319,1.27985823154,362,14.138121547,1607,31,1,31,1607,
301,1413393227.31,2,1004,401,401,603,1.68665277278,1.22747099718,1.37189543247,401,14.3865336658,1660,32,0,32,1660,
302,1413393227.36,2,1002,398,399,604,1.55040951688,1.19689370506,1.25976395607,398,13.4949748744,1660,32,0,31,1642,
303,1413393227.41,2,1005,380,380,625,1.65070922377,1.22895948634,1.35297930241,380,13.7473684211,1642,31,1,31,1642,
304,1413393227.46,2,1005,378,378,627,1.64744760076,1.31828257384,1.32029783726,378,14.462962963,1657,32,0,32,1657,
305,1413393227.51,2,1004,385,385,619,1.63059838174,1.22951550965,1.32215213776,385,13.5012987013,1644,31,1,31,1644,
306,1413393227.56,2,1002,407,407,595,1.5627898725,1.18537594321,1.26762866974,407,14.3611793612,1668,32,0,32,1668,
307,1413393227.61,2,1001,395,395,606,1.65628949783,1.30898746161,1.29112875462,395,14.2,1667,32,0,32,1667,
308,1413393227.66,2,1004,383,383,621,1.58841767662,1.24835477287,1.21340489388,383,13.4151436031,1654,31,1,31,1654,
309,1413393227.71,2,1003,387,387,616,1.64832373137,1.22787549293,1.31128776073,387,14.180878553,1701,32,0,32,1701,
310,1413393227.76,2,1006,399,399,607,1.54938586601,1.09966508196,1.28875434399,399,14.2506265664,1701,32,1,32,1701,
311,1413393227.81,2,1000,397,397,603,1.72720199078,1.26276528692,1.33913981915,397,14.3526448363,1734,33,0,33,1734,
312,1413393227.86,2,1000,411,411,589,1.59044576186,1.2847933885,1.21597385406,411,14.9537712895,1733,33,0,33,1733,
313,1413393227.91,2,1000,395,395,605,1.57796873371,1.17038857137,1.23675835133,395,14.9493670886,1733,33,1,33,1733,
314,1413393227.96,2,1001,414,414,587,1.59353403341,1.24689812143,1.24523353577,414,15.3333333333,1754,34,0,34,1754,
315,1413393228.01,2,1002,397,397,605,1.55371754413,1.17732038535,1.2455946207,397,14.5944584383,1731,33,0,33,1731,
316,1413393228.06,2,1001,388,388,613,1.58782115139,1.3388059069,1.19721734524,388,14.5824742268,1731,33,1,33,1731,
317,1413393228.11,2,1000,415,415,585,1.55287253646,1.32411396613,1.14888441563,415,14.9253012048,1767,34,0,34,1767,
318,1413393228.16,2,1002,406,406,596,1.56268161099,1.35816552625,1.19585263729,406,14.4802955665,1767,34,0,34,1767,
319,1413393228.21,2,1001,400,400,601,1.66482446367,1.2738605372,1.27005195618,400,14.7225,1767,34,1,34,1767,
320,1413393228.26,2,1003,416,416,587,1.67797857731,1.32565067426,1.2718821764,416,15.3509615385,1774,35,0,35,1774,
321,1413393228.31,2,1001,405,405,596,1.6036690969,1.31794388226,1.15974330902,405,15.0197530864,1773,35,0,35,1773,
322,1413393228.36,2,1002,382,382,620,1.60046257773,1.21659585862,1.3080663681,382,15.0890052356,1773,35,1,35,1773,
323,1413393228.41,2,1003,399,399,604,1.65934543637,1.16070705465,1.33519303799,399,15.7518796992,1779,36,0,36,1779,
324,1413393228.46,2,1005,383,383,622,1.79600887936,1.36249397883,1.41820287704,383,15.365535248,1779,36,0,36,1779,
325,1413393228.51,2,1001,367,367,634,1.69282233547,1.301759642,1.32526028156,367,14.8991825613,1756,35,1,35,1756,
326,1413393228.56,2,1004,379,379,625,1.69961790022,1.3522068216,1.2881128788,379,15.253298153,1789,36,0,36,1789,
327,1413393228.61,2,998,382,382,616,1.66890248613,1.28305045645,1.33490669727,382,14.5837696335,1789,36,0,36,1789,
328,1413393228.66,2,1002,363,363,639,1.82040741317,1.36852287425,1.39258086681,363,14.217630854,1763,35,1,35,1763,
329,1413393228.71,2,1002,382,382,620,1.76032346851,1.35285399626,1.38411617279,382,14.2120418848,1797,36,0,36,1797,
330,1413393228.76,2,1004,373,373,631,1.69392363907,1.32962287758,1.35291230679,373,14.2332439678,1797,36,0,36,1797,
331,1413393228.81,2,999,349,349,650,1.67750481642,1.29874405461,1.34844303131,349,13.7306590258,1785,35,1,35,1785,
332,1413393228.86,2,998,374,374,624,1.73554627826,1.35089062691,1.29182446003,374,13.7005347594,1822,36,0,36,1822,
333,1413393228.91,2,1003,365,365,638,1.80665011496,1.4027454664,1.42856442928,365,13.8493150685,1822,36,0,36,1822,
334,1413393228.96,2,1003,355,355,648,1.64300494024,1.30045346631,1.26277065277,355,14.0112676056,1822,36,1,36,1822,
335,1413393229.01,2,1004,380,380,624,1.75368004061,1.4171859309,1.30501508713,380,14.5868421053,1848,37,0,37,1848,
336,1413393229.06,2,1000,363,363,637,1.67012734809,1.31940385295,1.24092507362,363,14.3223140496,1848,37,0,37,1848,
337,1413393229.11,2,1003,353,353,650,1.77300608969,1.37089713368,1.40588462353,353,14.1671388102,1826,36,1,36,1826,
338,1413393229.16,2,995,361,361,634,1.74154764135,1.35842219079,1.30484616756,361,14.4570637119,1865,37,0,37,1865,
339,1413393229.21,2,1001,357,357,644,1.80985665004,1.35851558764,1.50734937191,357,13.4369747899,1844,36,0,36,1844,
340,1413393229.26,2,1003,342,342,661,1.75729454272,1.37136067787,1.42447769642,342,13.3859649123,1844,36,1,36,1844,
341,1413393229.31,2,1002,355,355,647,1.83035707701,1.51772922085,1.37444663048,355,13.7915492958,1889,37,0,37,1889,
342,1413393229.36,2,1004,351,351,653,1.65784914993,1.33327869628,1.23291826248,351,13.8319088319,1889,37,0,37,1889,
343,1413393229.41,2,1003,337,337,666,1.67234238093,1.32566161457,1.25222873688,337,14.059347181,1887,37,1,37,1887,
344,1413393229.46,2,1005,359,359,646,1.80117272978,1.3934263229,1.49221837521,359,13.4902506964,1939,38,0,38,1939,
345,1413393229.51,2,999,352,352,647,1.66167232235,1.26825671318,1.32018709183,352,13.7982954545,1939,38,0,38,1939,
346,1413393229.56,2,1003,332,332,671,1.77790180033,1.41258474751,1.31089508533,332,13.7891566265,1939,38,1,38,1939,
347,1413393229.61,2,1004,354,354,650,1.80984762835,1.3848203366,1.39952492714,354,13.8333333333,1971,39,0,39,1971,
348,1413393229.66,2,1003,344,344,659,1.72293678524,1.4162461958,1.31631112099,344,14.6104651163,1971,39,0,39,1971,
349,1413393229.71,2,1002,317,317,685,1.63561642797,1.29164071709,1.31059849262,317,13.7003154574,1954,38,1,38,1954,
350,1413393229.76,2,1001,351,351,650,1.59559320215,1.29222709554,1.30540549755,351,13.7236467236,1974,39,0,39,1974,
351,1413393229.81,2,1005,322,322,683,1.78017104149,1.46994330555,1.3699105978,322,13.9565217391,1974,39,0,39,1974,
352,1413393229.86,2,1003,309,309,694,1.6516837585,1.35887470638,1.2317442894,309,14.071197411,1974,39,1,39,1974,
353,1413393229.91,2,1003,354,354,649,1.77927469521,1.4659635385,1.37994205952,354,13.7514124294,2017,40,0,40,2017,
354,1413393229.96,2,1003,328,328,675,1.79501952101,1.37990217201,1.40800571442,328,13.5213414634,2017,40,0,40,2017,
355,1413393230.01,2,1006,324,324,682,1.72449225153,1.33967419331,1.27665781975,324,13.3796296296,2017,40,1,40,2017,
356,1413393230.06,2,1002,343,343,659,1.7564478403,1.39665722227,1.39232456684,343,13.4985422741,2068,41,0,41,2068,
357,1413393230.11,2,1005,340,340,665,1.80038231521,1.47900240904,1.36109519005,340,13.2911764706,2068,41,0,41,2068,
358,1413393230.16,2,1001,300,300,701,1.69922118235,1.32258886715,1.37692308426,300,13.3433333333,2049,40,1,40,2049,
359,1413393230.21,2,1002,354,354,648,1.64996960906,1.24717810518,1.35474491119,354,12.4152542373,2113,41,0,41,2113,
360,1413393230.26,2,1001,321,321,680,1.75552854346,1.37145460389,1.34939682484,321,12.5140186916,2113,41,0,41,2113,
361,1413393230.31,2,1004,330,330,674,1.7417398872,1.44193076569,1.28098869324,330,12.3242424242,2111,41,1,41,2111,
362,1413393230.36,2,1006,331,331,675,1.70321801357,1.36468057862,1.27818834782,331,12.8942598187,2134,42,0,42,2134,
363,1413393230.41,2,998,333,333,665,1.72370386667,1.33707181985,1.37009561062,333,13.03003003,2134,42,0,42,2134,
364,1413393230.46,2,997,322,322,675,1.72030174935,1.34941090181,1.32429862022,322,13.201863354,2132,42,1,42,2132,
365,1413393230.51,2,1004,329,329,675,1.70016601463,1.46862563065,1.24846160412,329,13.0364741641,2168,43,0,43,2168,
366,1413393230.56,2,1001,325,325,676,1.79561884428,1.4036654004,1.45827424526,325,12.4953846154,2168,43,0,43,2168,
367,1413393230.61,2,1001,316,316,685,1.94805399101,1.56291606842,1.43327641487,316,11.9588607595,2142,42,1,42,2142,
368,1413393230.66,2,1006,323,323,683,1.74784333588,1.45681889988,1.33750939369,323,11.8575851393,2187,43,0,43,2187,
369,1413393230.71,2,1004,331,331,673,1.82242818664,1.39722456727,1.4276624918,331,12.1057401813,2187,43,0,43,2187,
370,1413393230.76,2,1007,309,309,698,1.79022172127,1.41463564243,1.43198943138,309,11.8252427184,2187,43,1,43,2187,
371,1413393230.81,2,1004,327,327,677,1.73688304447,1.35071231769,1.30807948112,327,11.5259938838,2234,44,0,44,2234,
372,1413393230.86,2,1004,318,318,686,1.87031856936,1.41779409099,1.51375281811,318,12.1257861635,2234,44,0,44,2234,
373,1413393230.91,2,1005,312,312,693,1.65759260824,1.24724333285,1.2890226841,312,11.6923076923,2222,43,0,43,2222,
374,1413393230.96,2,1005,300,300,705,1.85797286021,1.37460253532,1.58026516438,300,11.6733333333,2222,43,1,43,2222,
375,1413393231.01,2,1001,333,333,668,1.73157214416,1.35413290149,1.37590098381,333,11.6066066066,2250,44,0,44,2250,
376,1413393231.06,2,1007,309,309,698,1.79938894081,1.40939557633,1.38368928432,309,11.8058252427,2250,44,0,44,2250,
377,1413393231.11,2,1005,317,317,688,1.73524703088,1.34260741896,1.38567698002,317,11.3533123028,2247,44,1,44,2247,
378,1413393231.16,2,1006,333,333,673,1.75648172703,1.31016459486,1.44486796856,333,12.1471471471,2306,45,0,45,2306,
379,1413393231.21,2,1005,298,298,707,1.86150874252,1.43795209426,1.4596760273,298,12.2214765101,2306,45,0,45,2306,
380,1413393231.26,2,1006,319,319,687,1.86708479718,1.37676938921,1.56026828289,319,11.592476489,2304,45,0,45,2304,
381,1413393231.31,2,1002,301,301,701,1.90006276478,1.43588994203,1.44291579723,301,12.0431893688,2304,45,1,45,2304,
382,1413393231.36,2,1002,345,345,657,1.90111291815,1.33233251208,1.59656774998,345,11.8666666667,2327,46,0,46,2327,
383,1413393231.41,2,1003,317,317,686,1.88062557399,1.35549371266,1.50969827175,317,11.8990536278,2327,46,0,46,2327,
384,1413393231.46,2,1004,313,313,691,1.87604858483,1.45608636932,1.52775466442,313,11.6389776358,2316,45,1,45,2316,
385,1413393231.51,2,1004,347,347,657,1.91392327001,1.42198995497,1.51284587383,347,11.9048991354,2403,46,0,46,2403,
386,1413393231.56,2,1007,346,346,661,1.96751115376,1.42679697333,1.54594087601,346,10.9913294798,2403,46,0,46,2403,
387,1413393231.61,2,1006,311,311,695,1.88030022627,1.45105700675,1.48536741734,311,11.4823151125,2400,46,1,46,2400,
388,1413393231.66,2,1005,327,327,678,1.91073801267,1.4348190789,1.52076399326,327,12.0825688073,2426,47,0,47,2426,
389,1413393231.71,2,1003,329,329,674,1.89651622657,1.49757145216,1.42395496368,329,11.4984802432,2426,47,0,47,2426,
390,1413393231.76,2,1002,327,327,675,1.94243068478,1.49660809436,1.51119375229,327,11.373088685,2424,47,1,47,2424,
391,1413393231.81,2,1001,367,367,634,1.86651046773,1.44065607665,1.57849633694,367,11.2615803815,2453,48,0,48,2453,
392,1413393231.86,2,1003,348,348,655,2.00687803783,1.50823961281,1.58448219299,348,11.183908046,2453,48,0,48,2453,
393,1413393231.91,2,1004,340,340,664,1.84715110938,1.41872759019,1.44487714767,340,11.3911764706,2451,48,0,48,2451,
394,1413393231.96,2,1002,350,350,652,1.884207668,1.44213024236,1.48662936687,350,11.2314285714,2451,48,1,48,2451,
395,1413393232.01,2,1004,370,370,634,1.88342261542,1.48361828532,1.44569766521,370,11.572972973,2468,49,0,49,2468,
396,1413393232.06,2,1005,357,357,648,1.95960469727,1.46171091519,1.49231910706,357,11.4397759104,2468,49,0,49,2468,
397,1413393232.11,2,1005,340,340,665,1.88501132317,1.468075122,1.48108530045,340,11.7352941176,2467,49,1,49,2467,
398,1413393232.16,2,1001,387,387,614,1.98114407507,1.48925455868,1.65866708755,387,11.2196382429,2540,50,0,50,2540,
399,1413393232.21,2,1002,358,358,644,1.92360270028,1.39529828541,1.57079660892,358,11.6005586592,2540,50,0,50,2540,
400,1413393232.26,2,1003,351,351,652,1.80332323283,1.37497848957,1.48392391205,351,11.3418803419,2538,50,1,50,2538,
401,1413393232.31,2,1002,380,380,622,1.88702356922,1.41678484323,1.5076982975,380,10.7763157895,2566,51,0,51,2566,
402,1413393232.36,2,1001,352,352,649,1.95225235011,1.43242298822,1.55507862568,352,10.7386363636,2566,51,0,51,2566,
403,1413393232.41,2,1005,340,340,665,1.75990695427,1.50412564951,1.32766914368,340,10.2852941176,2547,50,1,50,2547,
404,1413393232.46,2,1001,340,340,661,1.79198219489,1.41841028735,1.34320235252,340,10.5117647059,2561,51,0,51,2561,
405,1413393232.51,2,1005,332,332,673,1.81443836026,1.4448714064,1.37145125866,332,10.3825301205,2557,51,0,51,2557,
406,1413393232.56,2,1005,311,311,694,1.76752086619,1.56453198488,1.28732013702,311,9.97427652733,2552,47,1,51,2557,
407,1413393232.61,2,1004,325,325,679,1.79075238219,1.35372977652,1.37850642204,325,10.2430769231,2593,52,0,52,2593,
408,1413393232.66,2,1000,333,333,667,1.8407967734,1.53313430013,1.40503907204,333,9.36936936937,2574,51,1,51,2574,
409,1413393232.71,2,1000,350,350,650,1.8016118116,1.42335187707,1.39897191525,350,9.61142857143,2621,48,0,52,2626,
410,1413393232.76,2,1004,339,339,665,1.75558204597,1.31914386386,1.42362892628,339,9.54277286136,2618,48,0,52,2623,
411,1413393232.81,2,1003,314,314,689,1.84661143686,1.44771124888,1.56336343288,314,9.62101910828,2618,48,1,52,2623,
412,1413393232.86,2,1004,348,348,656,1.76259284965,1.41692391537,1.29059636593,348,9.75574712644,2518,38,0,53,2677,
413,1413393232.91,2,1002,340,340,662,1.70928635302,1.43098565386,1.28288722038,340,9.2,2517,38,0,53,2676,
414,1413393232.96,2,1005,348,348,657,1.89444616062,1.54858614816,1.40883886814,348,9.22701149425,2108,34,1,53,2676,
415,1413393233.01,2,1003,341,341,662,1.92863442716,1.45758524497,1.55035424232,341,9.80058651026,2139,35,0,54,2707,
416,1413393233.06,2,1002,323,323,679,1.7077329026,1.30448723026,1.33361768723,323,9.47678018576,2137,35,0,54,2705,
417,1413393233.11,2,1002,323,323,679,1.94371539539,1.50716732308,1.57116496563,323,9.70588235294,2137,35,1,54,2705,
418,1413393233.16,2,1004,347,347,657,1.88497820445,1.41379524242,1.50990557671,347,10.1757925072,2160,35,0,55,2746,
419,1413393233.21,2,1000,332,332,668,1.79351963867,1.24002619283,1.48903620243,332,10.186746988,2157,35,0,55,2743,
420,1413393233.26,2,1005,305,305,700,1.89580490755,1.55921017829,1.41368198395,305,9.82295081967,2157,35,1,55,2743,
421,1413393233.31,2,1003,301,301,702,1.89524967252,1.46568160766,1.51862418652,301,9.76411960133,2190,36,0,56,2776,
422,1413393233.36,2,1003,273,273,730,1.82480635508,1.34059253896,1.4292473793,273,10.021978022,2189,36,0,56,2775,
423,1413393233.41,2,992,255,255,737,2.17600834104,1.5698461214,1.71208524704,255,10.0549019608,2111,35,1,56,2775,
424,1413393233.46,2,994,259,259,735,2.08264856504,1.63406330219,1.56594944,259,10.2200772201,2156,36,0,57,2820,
425,1413393233.51,2,990,262,262,728,2.15275363092,1.36087387667,1.89188241959,262,10.0610687023,2155,36,0,57,2819,
426,1413393233.56,2,983,251,251,732,2.35492182823,1.59329937425,1.94790148735,251,9.42629482072,2133,35,1,56,2797,
427,1413393233.61,2,984,223,223,761,2.29325476643,1.63374010732,1.84991359711,223,9.2466367713,2156,36,0,57,2820,
428,1413393233.66,2,991,226,226,765,2.11305736513,1.56326266416,1.76137161255,226,9.09734513274,2150,36,1,57,2814,
429,1413393233.71,2,982,247,247,735,2.07820615776,1.62804406288,1.59644019604,247,8.3967611336,2219,37,0,58,2883,
430,1413393233.76,2,988,234,234,754,1.95783523846,1.46591926233,1.57908976078,234,8.39316239316,1899,31,0,58,2874,
431,1413393233.81,2,987,219,219,768,2.29686141592,1.66435737682,1.82730340958,219,8.48401826484,1899,31,1,58,2874,
432,1413393233.86,2,984,261,261,723,2.09752885281,1.63731344035,1.52738928795,261,8.31800766284,1980,32,0,59,2955,
433,1413393233.91,2,976,268,268,708,2.13291931321,1.54276576547,1.70692491531,268,7.42910447761,1976,32,0,59,2951,
434,1413393233.96,2,982,221,221,761,2.05919866161,1.49357880461,1.64257729053,221,7.56108597285,1963,31,1,59,2951,
435,1413393234.01,2,981,256,256,725,2.05998303875,1.48739533788,1.63988745213,256,7.18359375,1836,30,0,60,3006,
436,1413393234.06,2,963,251,251,712,2.03808605208,1.49383731943,1.59498393536,251,7.26294820717,1832,30,1,60,3002,
437,1413393234.11,2,966,310,310,656,2.01244887921,1.51483249377,1.60557353497,310,6.93225806452,1997,32,0,61,3062,
438,1413393234.16,2,956,274,274,682,1.91448956717,1.52405953185,1.45361232758,274,7.02189781022,2071,33,1,61,3059,
439,1413393234.21,2,945,333,333,612,1.78399407666,1.36040846935,1.38372159004,333,6.69069069069,2135,34,0,62,3123,
440,1413393234.26,2,925,289,289,636,1.68660353257,1.33807614878,1.40078413486,289,6.49826989619,1948,32,1,62,3118,
441,1413393234.31,2,904,285,285,619,1.67566093743,1.26710193148,1.27941632271,285,6.62807017544,2006,33,0,63,3176,
442,1413393234.36,2,862,258,258,604,1.66170696637,1.31684105955,1.33570659161,258,6.69379844961,2005,33,1,63,3175,
443,1413393234.41,2,811,274,274,537,1.70291333075,1.220344058,1.37596940994,274,7.30291970803,1983,33,0,64,3207,
444,1413393234.46,2,742,230,230,512,1.63038202885,1.25004213938,1.34158205986,230,7.02608695652,1983,33,1,64,3207,
445,1413393234.51,2,768,234,234,534,1.71863345093,1.3443239655,1.31113898754,234,7.25641025641,1990,34,0,65,3214,
446,1413393234.56,2,736,198,198,538,1.62618221312,1.26876643536,1.30827605724,198,7.42929292929,1988,34,1,65,3212,
447,1413393234.61,2,703,189,189,514,1.78146006226,1.35784863086,1.48628234863,189,8.10582010582,1989,35,0,66,3213,
448,1413393234.66,2,742,168,168,574,1.53519428348,1.22505993672,1.18247127533,168,8.20833333333,1988,35,1,66,3212,
449,1413393234.71,2,809,180,180,629,1.47281800579,1.18018819519,1.10348725319,180,8.76666666667,1971,36,0,67,3195,
450,1413393234.76,2,915,179,179,736,1.53713523726,1.13490392599,1.27978932858,179,8.57541899441,1971,36,1,67,3195,
451,1413393234.81,2,943,196,196,747,1.68721871146,1.39205532298,1.31840860844,196,9.38775510204,1992,37,0,68,3216,
452,1413393234.86,2,965,214,214,751,1.49948182242,1.15039213348,1.19284975529,214,9.14953271028,1992,37,0,68,3216,
453,1413393234.91,2,984,199,199,785,1.65171164364,1.20861428052,1.3848938942,199,9.26633165829,1992,37,1,68,3216,
454,1413393234.96,2,995,312,312,683,1.5680565656,1.25746104174,1.25458753109,312,7.97115384615,2139,38,0,69,3363,
455,1413393235.01,2,992,315,315,677,1.53868801989,1.13001603215,1.21374642849,315,7.61904761905,2139,38,0,69,3363,
456,1413393235.06,2,1001,302,302,699,1.58592636836,1.29660318857,1.17951250076,302,7.5298013245,2139,38,1,69,3363,
457,1413393235.11,2,1001,323,323,678,1.69878227188,1.4110403101,1.25289368629,323,7.93188854489,2184,39,0,70,3408,
458,1413393235.16,2,1007,312,312,695,1.73259129146,1.38448515101,1.2798538208,312,7.64102564103,2168,38,1,69,3392,
459,1413393235.21,2,1006,330,330,676,1.59320989285,1.34729881002,1.09467744827,330,8.18484848485,2191,39,0,70,3415,
460,1413393235.26,2,1001,313,313,688,1.6658227717,1.36386231062,1.23349440098,313,7.73801916933,2179,38,1,69,3403,
461,1413393235.31,2,1003,346,346,657,1.69069678533,1.37991307061,1.35557627678,346,7.95953757225,2211,39,0,70,3435,
462,1413393235.36,2,1004,321,321,683,1.69304863885,1.43267666404,1.22117900848,321,8.5015576324,2209,39,1,70,3433,
463,1413393235.41,2,1001,339,339,662,1.61336778237,1.42692145901,1.14201021194,339,8.74041297935,2252,40,0,71,3476,
464,1413393235.46,2,1004,319,319,685,1.69764442914,1.41473553769,1.32536625862,319,8.78996865204,2250,40,0,71,3474,
465,1413393235.51,2,1007,316,316,691,1.74751433287,1.45812601219,1.25402081013,316,9.04746835443,2486,43,1,71,3474,
466,1413393235.56,2,1003,337,337,666,1.66922750399,1.40679922422,1.24917542934,337,9.19584569733,2530,44,0,72,3518,
467,1413393235.61,2,1004,335,335,669,1.58658157369,1.3310538565,1.14654445648,335,9.02985074627,2272,40,0,72,3518,
468,1413393235.66,2,1004,334,334,670,1.60948302974,1.2980759112,1.24303269386,334,8.70658682635,2272,40,1,72,3518,
469,1413393235.71,2,1005,362,362,643,1.69417437831,1.42532795598,1.25936102867,362,9.24309392265,2302,41,0,73,3548,
470,1413393235.76,2,1004,370,370,634,1.65560591726,1.3683799064,1.25371003151,370,9.15135135135,2302,41,0,73,3548,
471,1413393235.81,2,1005,345,345,660,1.54424996105,1.21792207851,1.17955887318,345,8.43768115942,2296,40,1,72,3542,
472,1413393235.86,2,1006,371,371,635,1.53083444806,1.34391230133,1.07463634014,371,9.06469002695,2303,41,0,73,3549,
473,1413393235.91,2,1002,361,361,641,1.45995399046,1.24051305005,1.07482731342,361,8.48753462604,2291,40,0,72,3537,
474,1413393235.96,2,1008,366,366,642,1.40734689392,1.1854492369,1.03471660614,366,8.50819672131,2291,40,1,72,3537,
475,1413393236.01,2,1003,382,382,621,1.46347956425,1.20106047577,1.02496922016,382,9.0890052356,2301,41,0,73,3547,
476,1413393236.06,2,1002,373,373,629,1.427159463,1.29705354539,1.02245187759,373,8.20107238606,2262,39,0,72,3532,
477,1413393236.11,2,1002,348,348,654,1.47196510139,1.20105285141,1.07904136181,348,8.01436781609,2262,39,1,72,3532,
478,1413393236.16,2,1002,382,382,620,1.44123125024,1.27981983688,1.03894340992,382,8.60994764398,2290,40,0,73,3560,
479,1413393236.21,2,1005,369,369,636,1.4490547698,1.22267195544,1.09035480022,369,8.52845528455,2290,40,1,73,3560,
480,1413393236.26,2,1001,394,394,607,1.52983474708,1.31146328046,1.16236948967,394,9.22842639594,2320,41,0,74,3590,
481,1413393236.31,2,1007,383,383,624,1.48237150221,1.21183358376,1.08319115639,383,8.36292428198,2301,40,1,73,3571,
482,1413393236.36,2,1006,376,376,630,1.48689909949,1.21580910766,1.13112783432,376,9.10904255319,2322,41,0,74,3592,
483,1413393236.41,2,1006,368,368,638,1.28886314731,1.0935526243,0.935109257698,368,8.19565217391,2314,40,1,73,3584,
484,1413393236.46,2,1004,386,386,618,1.38088889509,1.26963239403,0.988140046597,386,8.75906735751,2048,33,0,74,3608,
485,1413393236.51,2,1004,362,362,642,1.35037191703,1.13242941126,0.984443366528,362,8.33977900552,2250,38,1,73,3593,
486,1413393236.56,2,1008,377,377,631,1.40375877224,1.15902637118,1.06370925903,377,8.98143236074,2275,39,0,74,3618,
487,1413393236.61,2,1002,378,378,624,1.43807139041,1.26541318107,1.00951719284,378,8.88624338624,2301,40,1,74,3618,
488,1413393236.66,2,1005,403,403,602,1.39380620152,1.16778426431,1.0273206234,403,9.40694789082,2310,40,0,75,3653,
489,1413393236.71,2,1006,395,395,611,1.33911851665,1.19148307781,0.963169038296,395,8.51392405063,2304,39,0,74,3647,
490,1413393236.76,2,1001,401,401,600,1.38241227982,1.13887583759,1.04303514957,401,8.70822942643,2304,39,1,74,3647,
491,1413393236.81,2,1004,433,433,571,1.44689243936,1.17306340223,1.11582171917,433,9.09699769053,2329,40,0,75,3672,
492,1413393236.86,2,1003,416,416,587,1.36141291172,1.16949005367,1.03593432903,416,9.15865384615,2328,40,0,75,3671,
493,1413393236.91,2,1005,414,414,591,1.3510658775,1.1140904151,1.01768362522,414,9.10628019324,2149,35,0,75,3671,
494,1413393236.96,2,1004,405,405,599,1.47170069058,1.26810940391,1.06252634525,405,9.0987654321,2149,35,1,75,3671,
495,1413393237.01,2,1005,409,409,596,1.36237859922,1.04185343103,1.07166004181,409,9.51344743276,2175,36,0,76,3697,
496,1413393237.06,2,1006,405,405,601,1.3767775261,1.13151653131,1.07389700413,405,8.11358024691,2145,34,1,74,3667,
497,1413393237.11,2,1005,435,435,570,1.40266346519,1.19144980724,1.07554221153,435,8.7816091954,2168,35,0,75,3690,
498,1413393237.16,2,1005,422,422,583,1.40028323284,1.10193540437,1.07220304012,422,8.56161137441,2167,35,0,75,3689,
499,1413393237.21,2,1007,401,401,606,1.43206433837,1.24625917158,1.00454258919,401,8.67082294264,2167,35,1,75,3689,
500,1413393237.26,2,1005,433,433,572,1.4597057679,1.22901034036,1.06554436684,433,9.05542725173,2209,36,0,76,3731,
501,1413393237.31,2,1007,411,411,596,1.40951984078,1.27283114737,1.0235606432,411,9.08272506083,1989,31,1,76,3731,
502,1413393237.36,2,1002,438,438,564,1.36233224304,1.18663108636,0.952875256538,438,9.76255707763,2181,36,0,77,3741,
503,1413393237.41,2,1003,436,436,567,1.39547050105,1.25637573099,0.985504388809,436,8.89908256881,2165,35,0,76,3725,
504,1413393237.46,2,1003,420,420,583,1.44167866436,1.19136267213,1.09453904629,420,8.81428571429,1983,31,1,76,3725,
505,1413393237.51,2,1002,434,434,568,1.41310160937,1.16339181026,1.06912088394,434,9.50460829493,2009,32,0,77,3751,
506,1413393237.56,2,1002,429,429,573,1.46076758573,1.25936138396,1.04705047607,429,9.00466200466,1997,31,0,76,3739,
507,1413393237.61,2,1006,429,429,577,1.43473984838,1.22445287073,1.04673850536,429,8.76456876457,2217,36,1,76,3739,
508,1413393237.66,2,1006,417,417,589,1.36475812008,1.12570147933,1.01032185555,417,9.69784172662,2026,32,0,77,3768,
509,1413393237.71,2,1007,422,422,585,1.44362084047,1.18669415204,1.09748458862,422,8.67061611374,2009,31,1,76,3751,
510,1413393237.76,2,1004,424,424,580,1.34818173076,1.13841268654,0.979741096497,424,9.72641509434,2025,32,0,77,3767,
511,1413393237.81,2,1006,441,441,565,1.43377903445,1.15663229146,1.11408865452,441,9.60770975057,2025,32,0,77,3767,
512,1413393237.86,2,1006,423,423,583,1.41808428815,1.14788896074,1.11615145206,423,9.82269503546,2025,32,1,77,3767,
513,1413393237.91,2,1006,448,448,558,1.3889636292,1.12242353729,1.0477142334,448,10.1986607143,2072,33,0,78,3814,
514,1413393237.96,2,1004,450,450,554,1.36877231287,1.10851917662,1.07760798931,450,9.42444444444,2056,32,0,77,3798,
515,1413393238.01,2,1006,435,435,571,1.28799042715,1.03420373311,0.965164363384,435,9.3908045977,2056,32,1,77,3798,
516,1413393238.06,2,1006,474,474,532,1.37240154414,1.09023468038,1.04119241238,474,9.91139240506,2079,33,0,78,3821,
517,1413393238.11,2,1006,462,462,544,1.36995478337,1.20974817458,1.00315189362,462,9.2012987013,2066,32,0,77,3808,
518,1413393238.16,2,1006,448,448,558,1.3519645226,1.20454956007,1.01163756847,448,9.14732142857,2066,32,0,77,3808,
519,1413393238.21,2,1008,416,416,592,1.31280646686,1.13286102169,0.972740530968,416,9.53605769231,2248,36,1,77,3808,
520,1413393238.26,2,1007,451,451,556,1.37477380011,1.10399892807,1.02362561226,451,10.0266075388,2260,37,0,78,3820,
521,1413393238.31,2,1005,438,438,567,1.25845658238,1.01432857033,0.957447052002,438,10.1118721461,2260,37,0,78,3820,
522,1413393238.36,2,1007,422,422,585,1.35053999337,1.1884325946,1.0420331955,422,10.1587677725,2078,33,1,78,3820,
523,1413393238.41,2,1004,439,439,565,1.40421191549,1.16945816675,1.03810608387,439,10.84738041,2113,34,0,79,3855,
524,1413393238.46,2,1002,423,423,579,1.33644001094,1.15432904413,0.994730889797,423,10.1111111111,2093,33,1,78,3835,
525,1413393238.51,2,1003,421,421,582,1.37876467757,1.1552573796,1.06881678104,421,10.7743467933,2117,34,0,79,3859,
526,1413393238.56,2,1005,423,423,582,1.4780856859,1.28816948695,1.07903051376,423,10.0520094563,2092,33,1,78,3834,
527,1413393238.61,2,1004,422,422,582,1.5536404185,1.28004093915,1.2140750885,422,10.3838862559,2115,34,0,79,3857,
528,1413393238.66,2,1004,410,410,594,1.4084531989,1.21792818796,1.05960667133,410,9.64390243902,2100,33,1,78,3842,
529,1413393238.71,2,1008,459,459,549,1.52372583491,1.22677175772,1.13857018948,459,9.90631808279,2135,34,0,79,3877,
530,1413393238.76,2,1003,447,447,556,1.50134463177,1.31627025091,1.10118913651,447,9.90380313199,2135,34,0,79,3877,
531,1413393238.81,2,1007,419,419,588,1.40023720177,1.14603064464,1.06008255482,419,9.99761336516,2135,34,1,79,3877,
532,1413393238.86,2,1006,427,427,579,1.43233192367,1.04249768344,1.16985714436,427,10.4192037471,2163,35,0,80,3905,
533,1413393238.91,2,1006,430,430,576,1.46381912439,1.21973554644,1.15381419659,430,9.68604651163,2121,33,1,79,3889,
534,1413393238.96,2,1005,444,444,561,1.5257932967,1.30852860766,1.0943338871,444,10.4977477477,2157,35,0,80,3899,
535,1413393239.01,2,1007,420,420,587,1.39557545905,1.16127863939,1.10557436943,420,9.69761904762,2145,34,1,79,3887,
536,1413393239.06,2,1005,429,429,576,1.39231733782,1.18996665493,1.02923715115,429,10.1282051282,2181,35,0,80,3923,
537,1413393239.11,2,1004,416,416,588,1.37146882292,1.17689210272,1.03208386898,416,10.0913461538,2155,34,1,80,3923,
538,1413393239.16,2,1004,421,421,583,1.46984732802,1.1700317052,1.18280422688,421,10.8052256532,2191,35,0,81,3959,
539,1413393239.21,2,1005,425,425,580,1.42426281397,1.29321269203,0.985067009926,425,10.0564705882,2129,32,1,80,3938,
540,1413393239.26,2,1006,436,436,570,1.45001341303,1.29777540029,1.06945991516,436,10.4655963303,2052,32,0,81,3961,
541,1413393239.31,2,1006,441,441,565,1.39471157364,1.25724177357,1.04584729671,441,10.2925170068,2051,32,0,81,3960,
542,1413393239.36,2,1005,414,414,591,1.41413378527,1.23558384251,1.046921134,414,10.461352657,1901,28,1,81,3960,
543,1413393239.41,2,1004,430,430,574,1.38102555423,1.12218948879,1.04033279419,430,11.0465116279,2159,34,0,82,3968,
544,1413393239.46,2,1003,415,415,588,1.46680426629,1.27538267514,1.11278045177,415,10.265060241,1902,29,1,81,3950,
545,1413393239.51,2,1009,408,408,601,1.42262229182,1.22786790172,1.08480489254,408,10.7990196078,2060,33,0,82,3969,
546,1413393239.56,2,1003,419,419,584,1.38821264099,1.24201158866,1.00652337074,419,10.1408114558,2047,32,1,81,3956,
547,1413393239.61,2,1006,413,413,593,1.48570049192,1.30912915535,1.04398107529,413,10.8571428571,2079,33,0,82,3988,
548,1413393239.66,2,1004,384,384,620,1.52584789991,1.27209410137,1.13112604618,384,10.390625,2055,32,1,81,3964,
549,1413393239.71,2,1006,409,409,597,1.46154978817,1.24294377911,1.08439779282,409,10.8704156479,1835,28,0,82,4003,
550,1413393239.76,2,1006,400,400,606,1.49318062832,1.21791229875,1.12682759762,400,10.1625,1816,27,1,81,3984,
551,1413393239.81,2,1002,412,412,590,1.52115435043,1.29861510107,1.13206803799,412,10.8300970874,1854,28,0,82,4022,
552,1413393239.86,2,1009,400,400,609,1.47105874943,1.30416092091,1.04650628567,400,10.1525,1835,27,1,81,4003,
553,1413393239.91,2,1004,430,430,574,1.53882886705,1.35409726993,1.11684596539,430,10.6558139535,1865,28,0,82,4033,
554,1413393239.96,2,1004,424,424,580,1.56190924619,1.23605662794,1.24827408791,424,10.5235849057,1865,28,0,82,4033,
555,1413393240.01,2,1007,401,401,606,1.52605592707,1.22366075132,1.1437445879,401,10.9476309227,1865,28,1,82,4033,
556,1413393240.06,2,1003,423,423,580,1.46389985472,1.20392798517,1.14274597168,423,11.4775413712,2007,30,0,83,4066,
557,1413393240.11,2,1004,383,383,621,1.4980736826,1.25883821348,1.10095751286,383,11.4203655352,1897,29,1,83,4065,
558,1413393240.16,2,1003,420,420,583,1.52198115227,1.32756520882,1.07210767269,420,11.2666666667,1949,30,0,84,4117,
559,1413393240.21,2,1003,404,404,599,1.54726827337,1.29927870304,1.19602406025,404,11.6534653465,2057,31,1,84,4116,
560,1413393240.26,2,1004,416,416,588,1.37200292999,1.19918041418,0.989794492722,416,12.0504807692,2100,32,0,85,4159,
561,1413393240.31,2,1004,410,410,594,1.33887370091,1.11359611218,0.993247270584,410,11.9536585366,2100,32,1,85,4159,
562,1413393240.36,2,1005,440,440,565,1.40694487203,1.1146253086,1.1484092474,440,12.1818181818,2127,33,0,86,4186,
563,1413393240.41,2,1003,415,415,588,1.46516476306,1.25107705788,1.07351636887,415,11.6722891566,2114,32,1,85,4173,
564,1413393240.46,2,1007,433,433,574,1.45903178454,1.17691989458,1.11808943748,433,12.2794457275,2038,32,0,86,4206,
565,1413393240.51,2,1004,423,423,581,1.49899403495,1.33786692468,1.08472144604,423,11.7635933806,2021,31,1,85,4189,
566,1413393240.56,2,1005,429,429,576,1.56510557728,1.31466828594,1.19303023815,429,12.2727272727,2038,32,0,86,4206,
567,1413393240.61,2,1008,410,410,598,1.3967053096,1.09085517902,1.10968708992,410,12.0390243902,2147,33,1,86,4206,
568,1413393240.66,2,1005,435,435,570,1.47515099542,1.12277146471,1.18452441692,435,12.2620689655,2089,33,0,87,4257,
569,1413393240.71,2,1006,425,425,581,1.45835063031,1.19252171514,1.11369633675,425,11.9694117647,2063,32,1,86,4231,
570,1413393240.76,2,1005,426,426,579,1.42307336215,1.13512748369,1.10924971104,426,12.3685446009,2094,33,0,87,4262,
571,1413393240.81,2,1001,421,421,580,1.3794373187,1.08134832103,1.07994699478,421,12.2660332542,1944,31,1,87,4262,
572,1413393240.86,2,1006,420,420,586,1.40557277009,1.11746383832,1.09226942062,420,12.9285714286,2109,34,0,88,4277,
573,1413393240.91,2,1002,380,380,622,1.51158168259,1.24461290423,1.11822032928,380,12.3078947368,2090,33,1,87,4258,
574,1413393240.96,2,1002,402,402,600,1.56063574199,1.32387513958,1.16636478901,402,12.8880597015,2111,34,0,88,4279,
575,1413393241.01,2,1005,384,384,621,1.39809428349,1.14258269304,1.05719220638,384,12.96875,2111,34,1,88,4279,
576,1413393241.06,2,1004,389,389,615,1.46716701087,1.17268961405,1.09184801579,389,13.5938303342,2133,35,0,89,4301,
577,1413393241.11,2,1004,387,387,617,1.42868267167,1.21072875898,1.05773127079,387,12.8397932817,2108,34,1,88,4276,
578,1413393241.16,2,1008,391,391,617,1.34568824863,1.1239714383,0.979209065437,391,13.452685422,2131,35,0,89,4299,
579,1413393241.21,2,1008,383,383,625,1.3915284043,1.10213146965,1.08333754539,383,12.8720626632,2115,34,1,88,4283,
580,1413393241.26,2,1006,390,390,616,1.33465745441,1.043078052,1.04722321033,390,13.5948717949,2133,35,0,89,4301,
581,1413393241.31,2,1006,390,390,616,1.33317013801,1.03347283458,1.05712151527,390,13.1897435897,2133,35,1,89,4301,
582,1413393241.36,2,1003,415,415,588,1.37742950194,1.10155096834,1.05436849594,415,13.5662650602,2172,36,0,90,4340,
583,1413393241.41,2,1005,420,420,585,1.31684910216,1.10271465368,1.01874864101,420,13.3714285714,2172,36,0,90,4340,
584,1413393241.46,2,1002,386,386,616,1.36385482552,0.993565673041,1.05472445488,386,13.6528497409,2172,36,1,90,4340,
585,1413393241.51,2,1002,430,430,572,1.3247064301,1.0011896569,1.05129158497,430,13.6279069767,2220,37,0,91,4388,
586,1413393241.56,2,1006,400,410,606,1.43737857645,1.17578174071,1.09983050823,400,12.655,2218,37,0,89,4349,
587,1413393241.61,2,1007,397,397,610,1.44528255681,1.21451225634,1.10686278343,397,12.3702770781,2181,35,1,89,4349,
588,1413393241.66,2,1006,430,430,576,1.4321950404,1.08536535126,1.11424815655,430,12.8093023256,2219,36,0,90,4387,
589,1413393241.71,2,1006,414,414,592,1.41609365509,1.11992283176,1.10467123985,414,12.5917874396,2218,36,1,90,4386,
590,1413393241.76,2,1004,417,417,587,1.4265448392,1.15155889717,1.11015069485,417,13.2949640288,2230,37,0,91,4398,
591,1413393241.81,2,1004,422,422,582,1.37925301229,1.179432712,1.02471721172,422,13.172985782,2230,37,0,91,4398,
592,1413393241.86,2,1002,409,409,593,1.47751342205,1.13505618718,1.15348172188,409,12.6894865526,2206,36,1,90,4374,
593,1413393241.91,2,1005,412,412,593,1.37935143681,1.07589136024,1.07093727589,412,13.0970873786,2227,37,0,91,4395,
594,1413393241.96,2,1004,391,391,613,1.33449380301,1.01012815389,1.0255792141,391,12.6189258312,2210,36,0,90,4378,
595,1413393242.01,2,1007,378,378,629,1.39125508838,1.11538254845,1.08441221714,378,12.8492063492,2210,36,1,90,4378,
596,1413393242.06,2,1005,401,401,604,1.42574106506,1.19467156372,1.09282433987,401,13.4438902743,2253,37,0,91,4421,
597,1413393242.11,2,1006,373,373,633,1.43067789263,1.13373262778,1.07899367809,373,13.5549597855,2252,37,1,91,4420,
598,1413393242.16,2,1007,409,409,598,1.49399134665,1.21686102911,1.12489259243,409,13.7579462103,2280,38,0,92,4448,
599,1413393242.21,2,1007,393,393,614,1.44604282047,1.11207697818,1.14970624447,393,13.6513994911,2279,38,0,92,4447,
600,1413393242.26,2,1007,380,380,627,1.47762344354,1.18445171143,1.1124985218,380,13.3605263158,2256,37,1,91,4424,
601,1413393242.31,2,1007,402,402,605,1.3635457167,1.09755057838,1.05784785748,402,13.5572139303,2139,36,0,92,4457,
602,1413393242.36,2,1003,408,408,595,1.36029603497,1.05885296981,1.05368709564,408,13.3553921569,2138,36,0,92,4456,
603,1413393242.41,2,1004,375,375,629,1.40453088522,1.1572405625,1.12708938122,375,13.6986666667,2138,36,1,92,4456,
604,1413393242.46,2,1006,419,419,587,1.50081215954,1.24923605822,1.22564208508,419,13.937947494,2176,37,0,93,4494,
605,1413393242.51,2,1005,406,406,599,1.35239760154,1.12204427654,1.06122982502,406,13.342364532,2176,37,0,93,4494,
606,1413393242.56,2,1002,395,395,607,1.46380324594,1.19509539123,1.18355667591,395,13.1063291139,2176,37,1,93,4494,
607,1413393242.61,2,1006,412,412,594,1.43961736644,1.0911086612,1.16089701653,412,13.6990291262,2220,38,0,94,4538,
608,1413393242.66,2,1005,402,402,603,1.40549863234,1.19480615758,1.03196418285,402,13.3830845771,2219,38,0,94,4537,
609,1413393242.71,2,1001,395,395,606,1.37457458099,1.09547078726,1.11323702335,395,12.8430379747,2193,37,1,93,4511,
610,1413393242.76,2,1003,403,403,600,1.43454958947,1.1915902916,1.07334113121,403,13.7593052109,2196,38,0,94,4514,
611,1413393242.81,2,1002,407,407,595,1.38607004984,1.21421254119,1.03419709206,407,13.6461916462,2195,38,0,94,4513,
612,1413393242.86,2,1002,403,403,599,1.4254837451,1.18262993365,1.07895171642,403,13.617866005,2195,38,0,94,4513,
613,1413393242.91,2,1002,406,406,596,1.38020382684,1.12310146836,1.0348470211,406,13.7290640394,2195,38,0,94,4513,
614,1413393242.96,2,1005,388,388,617,1.57798040868,1.33519130779,1.18297171593,388,13.8608247423,2195,38,1,94,4513,
615,1413393243.01,2,1006,399,399,607,1.42789014263,1.11485921079,1.16911756992,399,14.4511278195,2220,39,0,95,4538,
616,1413393243.06,2,1004,399,399,605,1.51825838661,1.28027463397,1.11235713959,399,14.335839599,2220,39,0,95,4538,
617,1413393243.11,2,1006,379,379,627,1.67864359087,1.27127552053,1.33013403416,379,13.1002638522,2339,39,1,93,4507,
618,1413393243.16,2,1002,391,391,611,1.59460373751,1.28483825896,1.22595512867,391,13.2455242967,2394,40,0,94,4562,
619,1413393243.21,2,1005,373,373,632,1.60060047348,1.22298948204,1.21602427959,373,13.5844504021,2394,40,0,94,4562,
620,1413393243.26,2,1002,370,370,632,1.55313417042,1.19742369734,1.2457960844,370,13.3108108108,2242,38,1,94,4560,
621,1413393243.31,2,1004,376,376,628,1.52070409081,1.24562127359,1.18150675297,376,14.2340425532,2290,39,0,95,4608,
622,1413393243.36,2,1003,392,392,611,1.64912509422,1.33429023984,1.21787273884,392,13.4285714286,2290,39,0,95,4607,
623,1413393243.41,2,1004,379,379,625,1.5652149026,1.22180306391,1.25992679596,379,13.6332453826,2289,39,1,95,4607,
624,1413393243.46,2,1002,381,381,621,1.60020630875,1.26204922339,1.23289835453,381,14.2230971129,2313,40,0,96,4631,
625,1413393243.51,2,1002,379,379,623,1.61050357204,1.3693251696,1.21536278725,379,14.2480211082,2313,40,0,96,4631,
626,1413393243.56,2,1002,387,387,615,1.55708970112,1.28006742924,1.18626987934,387,13.0284237726,2296,39,1,95,4614,
627,1413393243.61,2,1002,408,408,594,1.507733343,1.23911449718,1.12757098675,408,13.4779411765,2305,40,0,96,4623,
628,1413393243.66,2,1002,402,402,600,1.54139839404,1.32073343106,1.13202250004,402,13.723880597,2304,40,0,96,4622,
629,1413393243.71,2,1002,405,405,597,1.50951768126,1.19356708741,1.12706673145,405,13.5802469136,2304,40,0,96,4622,
630,1413393243.76,2,1002,385,385,617,1.52563245951,1.2317629275,1.17487668991,385,13.5350649351,2304,40,1,96,4622,
631,1413393243.81,2,1001,413,413,588,1.48066884875,1.13207859623,1.15718173981,413,13.98062954,2300,41,0,97,4618,
632,1413393243.86,2,1005,396,396,609,1.43104417073,1.05645125687,1.19615387917,396,14.3005050505,2300,41,0,97,4618,
633,1413393243.91,2,1002,380,380,622,1.49816570427,1.23155665763,1.15165817738,380,13.8052631579,2283,40,1,96,4601,
634,1413393243.96,2,1005,414,414,591,1.42603332487,1.15583082244,1.06842267513,414,14.2077294686,2308,41,0,97,4626,
635,1413393244.01,2,1003,411,411,592,1.37011880951,1.07788401314,1.09613394737,411,14.0851581509,2308,41,0,97,4626,
636,1413393244.06,2,1006,418,418,588,1.39444600955,1.11490551809,1.11744260788,418,12.9736842105,2277,39,0,95,4595,
637,1413393244.11,2,1003,391,391,612,1.42318914848,1.10664652233,1.09415531158,391,13.2787723785,2277,39,0,95,4595,
638,1413393244.16,2,1005,411,411,594,1.30688366895,0.972920241682,1.02414798737,411,12.9416058394,2427,41,0,95,4595,
639,1413393244.21,2,1002,381,381,621,1.34994419504,1.00814826569,1.12730705738,381,13.3805774278,2427,41,1,95,4595,
640,1413393244.26,2,1005,397,397,608,1.40822090716,1.12694979218,1.07639312744,397,13.5264483627,2441,42,0,96,4609,
641,1413393244.31,2,1003,384,384,619,1.45790915,1.27998488252,1.05237030983,384,14.046875,2441,42,0,96,4609,
642,1413393244.36,2,1002,377,377,625,1.4180087915,1.13028984754,1.13384652138,377,12.6551724138,2420,41,1,95,4588,
643,1413393244.41,2,996,398,398,598,1.44846796802,1.19521722726,1.1561934948,398,13.608040201,2437,42,0,96,4605,
644,1413393244.46,2,999,380,380,619,1.3259983173,1.1187145564,0.95388841629,380,13.3526315789,2437,42,0,96,4605,
645,1413393244.51,2,1004,389,389,615,1.41045164507,1.15820011986,1.06801342964,389,12.7197943445,2424,41,0,95,4592,
646,1413393244.56,2,1003,377,377,626,1.53875461303,1.38651994286,1.09187030792,377,12.5941644562,2424,41,0,95,4592,
647,1413393244.61,2,1002,371,371,631,1.49186568799,1.23736771845,1.14407527447,371,12.539083558,2424,41,1,95,4592,
648,1413393244.66,2,1001,396,396,605,1.51012243865,1.28095719453,1.14259505272,396,12.9924242424,2472,42,0,96,4640,
649,1413393244.71,2,997,394,394,603,1.54431700939,1.23394535981,1.18315196037,394,13.2563451777,2472,42,0,96,4640,
650,1413393244.76,2,1006,382,382,624,1.51844234367,1.27464399768,1.12757980824,382,13.1780104712,2472,42,1,96,4640,
651,1413393244.81,2,996,405,405,591,1.44226995066,1.17673452671,1.14005553722,405,12.9358024691,2540,43,0,97,4708,
652,1413393244.86,2,1004,413,413,591,1.47553265556,1.25049147336,1.08579361439,413,12.8401937046,2540,43,0,97,4708,
653,1413393244.91,2,1001,421,421,580,1.44806766556,1.1992649984,1.06742489338,421,12.6983372922,2538,43,0,97,4706,
654,1413393244.96,2,996,412,412,584,1.42230168365,1.144759521,1.10230982304,412,12.8762135922,2538,43,0,97,4706,
655,1413393245.01,2,1003,409,409,594,1.49951038185,1.23161218058,1.14086568356,409,12.9290953545,2538,43,0,97,4706,
656,1413393245.06,2,1003,396,396,607,1.49965245851,1.32940956398,1.06636035442,396,13.2752525253,2538,43,1,97,4706,
657,1413393245.11,2,1000,417,417,583,1.35452821844,1.16841550375,1.01590526104,417,13.4700239808,2550,44,0,98,4718,
658,1413393245.16,2,1003,416,416,587,1.52774627882,1.30194725036,1.12417888641,416,13.1009615385,2400,42,0,98,4718,
659,1413393245.21,2,1002,415,415,587,1.4557392498,1.22393271472,1.07466137409,415,12.3325301205,2364,40,0,96,4682,
660,1413393245.26,2,1004,425,425,579,1.4566813865,1.23038832425,1.09505665302,425,12.1317647059,2364,40,0,96,4682,
661,1413393245.31,2,1005,435,435,570,1.46552893446,1.19582771293,1.09771108627,435,12.0643678161,2514,42,0,96,4682,
662,1413393245.36,2,1002,409,409,593,1.44280824967,1.22324327697,1.08847653866,409,12.4058679707,2514,42,1,96,4682,
663,1413393245.41,2,1002,440,440,562,1.41239751827,1.16757447572,1.11391174793,440,12.9136363636,2384,41,0,97,4702,
664,1413393245.46,2,1001,427,427,574,1.46889673656,1.20308826995,1.11718297005,427,13.0327868852,2384,41,0,97,4702,
665,1413393245.51,2,1003,423,423,580,1.53135014069,1.23556354654,1.14922749996,423,12.3806146572,2368,40,0,96,4686,
666,1413393245.56,2,1003,420,420,583,1.53601974611,1.26883964683,1.19804644585,420,12.2952380952,2368,40,0,96,4686,
667,1413393245.61,2,1002,408,408,594,1.54087342287,1.3230870778,1.18525576591,408,12.762254902,2368,40,1,96,4686,
668,1413393245.66,2,1001,443,443,558,1.53186451254,1.32947963376,1.14365363121,443,12.9751693002,2556,43,0,97,4724,
669,1413393245.71,2,1001,434,434,567,1.46753478375,1.11976854067,1.13172972202,434,13.0092165899,2665,44,0,97,4724,
670,1413393245.76,2,1002,450,450,552,1.45868745504,1.14296580517,1.11377358437,450,12.8844444444,2556,43,0,97,4724,
671,1413393245.81,2,1001,436,436,565,1.50222863679,1.15525595795,1.19607400894,436,13.3256880734,2556,43,0,97,4724,
672,1413393245.86,2,1004,423,423,581,1.52987959028,1.31397086881,1.09629714489,423,13.219858156,2665,44,1,97,4724,
673,1413393245.91,2,1005,448,448,557,1.60953707768,1.45287274186,1.13488793373,448,13.9508928571,2692,45,0,98,4751,
674,1413393245.96,2,1002,433,434,569,1.58209558193,1.25751895073,1.20442414284,433,13.8036951501,2692,45,0,98,4750,
675,1413393246.01,2,1002,432,432,570,1.51427548209,1.28908247168,1.09827077389,432,12.962962963,2673,44,1,97,4732,
676,1413393246.06,2,1005,425,425,580,1.52142287467,1.27549643839,1.11088263988,425,13.4188235294,2601,44,0,98,4769,
677,1413393246.11,2,1003,427,427,576,1.49999757983,1.29012603764,1.07444405556,427,13.337236534,2601,44,0,98,4769,
678,1413393246.16,2,1006,421,421,585,1.50550307273,1.27709340461,1.17143213749,421,13.216152019,2600,44,1,98,4768,
679,1413393246.21,2,1003,452,452,551,1.53477508781,1.31263479092,1.07511198521,452,13.5973451327,2631,45,0,99,4799,
680,1413393246.26,2,1003,439,439,564,1.5848433372,1.30954201584,1.22042095661,439,13.6719817768,2631,45,0,99,4799,
681,1413393246.31,2,1003,442,442,561,1.49510817453,1.22432826664,1.14887523651,442,13.0135746606,2726,45,1,98,4785,
682,1413393246.36,2,1003,460,460,543,1.48055526882,1.21680063474,1.10783755779,460,13.5630434783,2651,45,0,99,4819,
683,1413393246.41,2,1002,459,459,543,1.53615139,1.30230045694,1.13548576832,459,13.0413943355,2651,45,0,99,4819,
684,1413393246.46,2,1000,441,441,559,1.50350812714,1.29200997452,1.07218313217,441,13.5306122449,2650,45,1,99,4818,
685,1413393246.51,2,1002,451,451,551,1.57918223946,1.33959064736,1.20315372944,451,14.1862527716,2657,46,0,100,4825,
686,1413393246.56,2,1002,430,430,572,1.50254057894,1.26558490772,1.11274397373,430,14.0139534884,2657,46,0,100,4825,
687,1413393246.61,2,1001,436,436,565,1.47442667872,1.21659554774,1.14436519146,436,13.5298165138,2632,45,1,99,4800,
688,1413393246.66,2,1002,471,471,531,1.59150318504,1.39866116632,1.1604115963,471,13.9256900212,2652,46,0,100,4820,
689,1413393246.71,2,1002,439,439,563,1.56387642431,1.35729496449,1.13331246376,439,14.3371298405,2652,46,0,100,4820,
690,1413393246.76,2,1000,440,440,560,1.48564284837,1.28132692504,1.04105210304,440,13.0886363636,2633,45,1,99,4801,
691,1413393246.81,2,1001,460,460,541,1.54806002868,1.22640143856,1.21538233757,460,14.2108695652,2642,46,0,100,4810,
692,1413393246.86,2,1001,447,447,554,1.54186016531,1.27068874324,1.15448641777,447,14.158836689,2751,47,0,100,4810,
693,1413393246.91,2,1003,441,441,562,1.50865384283,1.18761544998,1.13850712776,441,13.2517006803,2731,46,1,99,4790,
694,1413393246.96,2,1004,452,452,552,1.62035911699,1.29526242916,1.29924833775,452,13.8982300885,2767,47,0,100,4826,
695,1413393247.01,2,1000,422,422,578,1.60252798169,1.39618004275,1.21611511707,422,14.0710900474,2767,47,0,100,4826,
696,1413393247.06,2,1003,414,414,589,1.56939679899,1.31526655006,1.16637647152,414,13.8647342995,2767,47,1,100,4826,
697,1413393247.11,2,1001,421,421,580,1.5515207928,1.24641176052,1.17922711372,421,14.4560570071,2811,48,0,101,4870,
698,1413393247.16,2,1004,400,400,604,1.5418914044,1.23645835036,1.19487440586,400,14.08,2811,48,0,101,4870,
699,1413393247.21,2,1004,384,384,620,1.60349742756,1.19463849697,1.27803945541,384,13.9244791667,2792,47,0,100,4851,
700,1413393247.26,2,1001,361,361,640,1.58819452358,1.31955683445,1.20850598812,361,13.7728531856,2792,47,1,100,4851,
701,1413393247.31,2,1001,368,368,633,1.69113791801,1.34227206226,1.30867016315,368,14.3342391304,2807,48,0,101,4866,
702,1413393247.36,2,1002,340,340,662,1.67277727486,1.29896210585,1.29500675201,340,14.4735294118,2698,47,0,101,4866,
703,1413393247.41,2,1001,331,331,670,1.64183699257,1.25684172212,1.31044054031,331,13.586102719,2681,46,1,100,4849,
704,1413393247.46,2,1004,347,347,657,1.63406134541,1.36286256071,1.26426684856,347,13.2247838617,2841,48,0,101,4900,
705,1413393247.51,2,1007,328,328,679,1.64407999867,1.25502981777,1.34672296047,328,13.2042682927,2732,47,0,101,4900,
706,1413393247.56,2,1006,328,328,678,1.66008306292,1.27965554073,1.32396888733,328,12.6798780488,2732,47,1,101,4900,
707,1413393247.61,2,1006,372,372,634,1.56541152051,1.27913504936,1.24978029728,372,12.2043010753,2911,49,0,102,4970,
708,1413393247.66,2,1003,352,352,651,1.67792704196,1.35711463532,1.30030083656,352,12.2926136364,2911,49,0,102,4970,
709,1413393247.71,2,1004,349,349,655,1.54466271426,1.25963808147,1.24953317642,349,12.1661891117,2911,49,1,102,4970,
710,1413393247.76,2,1008,384,384,624,1.56840488706,1.22990996158,1.22264397144,384,11.5364583333,2944,50,0,103,5003,
711,1413393247.81,2,1005,357,357,648,1.57761721516,1.20417526922,1.20748913288,357,11.6862745098,2944,50,0,103,5003,
712,1413393247.86,2,1005,377,377,628,1.59123659203,1.22182374388,1.29483020306,377,11.4111405836,2835,49,0,103,5003,
713,1413393247.91,2,1003,353,353,650,1.46115499792,1.08917823118,1.21727466583,353,11.3484419263,2819,48,1,102,4987,
714,1413393247.96,2,1005,405,405,600,1.67650169373,1.33155393379,1.32988524437,405,11.824691358,2975,50,0,103,5034,
715,1413393248.01,2,1003,399,399,604,1.54775885096,1.1821538769,1.31498074532,399,11.8471177945,2975,50,0,103,5034,
716,1413393248.06,2,1001,393,393,608,1.6011768245,1.2526917882,1.22429037094,393,12.0407124682,2974,50,0,103,5033,
717,1413393248.11,2,1000,382,382,618,1.56133376309,1.25543267729,1.18448722363,382,12.0732984293,2974,50,1,103,5033,
718,1413393248.16,2,1001,397,397,604,1.71687665886,1.43575724974,1.34770917892,397,12.6725440806,2991,51,0,104,5050,
719,1413393248.21,2,1004,394,394,610,1.70624507205,1.34906519109,1.34594202042,394,13.421319797,2991,51,0,104,5050,
720,1413393248.26,2,1005,382,382,623,1.71252427233,1.33477868828,1.32592618465,382,13.4005235602,2991,51,0,104,5050,
721,1413393248.31,2,1004,360,360,644,1.581449626,1.32950279922,1.13298952579,360,12.8416666667,2973,50,1,103,5032,
722,1413393248.36,2,1000,390,390,610,1.68580096226,1.47985705976,1.24208760262,390,12.8564102564,3000,51,0,104,5059,
723,1413393248.41,2,1001,380,380,621,1.72835876109,1.3616351747,1.37896776199,380,13.2736842105,3000,51,0,104,5059,
724,1413393248.46,2,1003,387,387,616,1.66168711762,1.32302912045,1.3293389082,387,13.6020671835,3000,51,0,104,5059,
725,1413393248.51,2,1004,374,374,630,1.61351304792,1.22711157619,1.25605106354,374,14.0855614973,2999,51,1,104,5058,
726,1413393248.56,2,1004,418,418,586,1.69763123277,1.4520445209,1.19399118423,418,13.7416267943,3057,52,0,105,5116,
727,1413393248.61,2,1003,403,403,600,1.80457166561,1.61227075535,1.32081913948,403,14.8089330025,3057,52,0,105,5116,
728,1413393248.66,2,1001,396,396,605,1.68376206881,1.41610318477,1.2075163126,396,13.5732323232,3039,51,0,104,5098,
729,1413393248.71,2,1004,399,399,605,1.57660934555,1.22606500706,1.23600947857,399,13.4010025063,3039,51,1,104,5098,
730,1413393248.76,2,1005,407,407,598,1.57631383509,1.2220492731,1.2280523777,407,14.5331695332,3029,52,0,105,5088,
731,1413393248.81,2,1003,404,404,599,1.54204571947,1.21646982649,1.22632825375,404,14.4183168317,3029,52,0,105,5088,
732,1413393248.86,2,1002,385,385,617,1.4964510889,1.18953708731,1.11031782627,385,14.638961039,3028,52,0,105,5087,
733,1413393248.91,2,1002,362,362,640,1.50561217492,1.14240336402,1.20275199413,362,15.0193370166,3028,52,1,105,5087,
734,1413393248.96,2,1004,366,366,638,1.64352234891,1.28724135866,1.26017963886,366,15.893442623,3042,53,0,106,5101,
735,1413393249.01,2,1000,377,377,623,1.59465446029,1.31539005124,1.18302154541,377,14.7957559682,3042,53,0,106,5101,
736,1413393249.06,2,1003,354,354,649,1.66415893032,1.39590247996,1.224853158,354,15.3587570621,3042,53,0,106,5101,
737,1413393249.11,2,1006,335,335,671,1.6844510056,1.34084957031,1.28178024292,335,14.0746268657,3023,52,1,105,5082,
738,1413393249.16,2,1003,382,382,621,1.62608069386,1.28658145275,1.28905630112,382,14.4633507853,3034,53,0,106,5093,
739,1413393249.21,2,1005,362,362,643,1.78250035607,1.48330981186,1.31932115555,362,14.5939226519,3034,53,0,106,5093,
740,1413393249.26,2,1008,365,365,643,1.60113293173,1.27270140063,1.30613780022,365,14.5123287671,3033,53,0,106,5092,
741,1413393249.31,2,1003,346,346,657,1.59663412042,1.36474309503,1.15995895863,346,14.7803468208,3033,53,1,106,5092,
742,1413393249.36,2,1002,391,391,611,1.73076664222,1.42014043884,1.3445494175,391,14.3503836317,3075,54,0,107,5134,
743,1413393249.41,2,1006,380,380,626,1.69406281846,1.42612805913,1.24406659603,380,14.1473684211,3075,54,0,107,5134,
744,1413393249.46,2,1007,377,377,630,1.59653525421,1.35064573752,1.20765078068,377,14.0291777188,3073,54,0,107,5132,
745,1413393249.51,2,1003,379,379,624,1.68426943711,1.40998837997,1.23352205753,379,13.8311345646,3073,54,0,107,5132,
746,1413393249.56,2,1005,368,368,637,1.68595673576,1.30394595073,1.36847364902,368,14.2608695652,3073,54,1,107,5132,
747,1413393249.61,2,1004,395,395,609,1.6003062857,1.29468161287,1.18066775799,395,14.3949367089,3093,55,0,108,5152,
748,1413393249.66,2,1004,404,404,600,1.68487111876,1.34717241806,1.36795520782,404,14.2846534653,3093,55,0,108,5152,
749,1413393249.71,2,1005,399,399,606,1.6664957913,1.3812537451,1.25645935535,399,13.7167919799,3093,55,0,108,5152,
750,1413393249.76,2,1003,385,385,618,1.56393183038,1.35162286552,1.20694577694,385,13.0545454545,3062,53,1,106,5121,
751,1413393249.81,2,1005,414,414,591,1.5975800839,1.38323536896,1.21398258209,414,13.2657004831,3081,54,0,107,5140,
752,1413393249.86,2,1004,403,403,601,1.61851594348,1.38244062697,1.22546982765,403,13.1290322581,3081,54,0,107,5140,
753,1413393249.91,2,1004,393,393,611,1.61495212893,1.28277868526,1.17047333717,393,12.9363867684,3081,54,0,107,5140,
754,1413393249.96,2,1002,412,412,590,1.61898865105,1.32963584548,1.16299808025,412,12.7645631068,3065,53,1,106,5124,
755,1413393250.01,2,1003,423,423,580,1.689746855,1.42907663916,1.26175928116,423,13.609929078,3114,54,0,107,5173,
756,1413393250.06,2,1003,396,396,607,1.7486417157,1.3841777836,1.33682918549,396,14.1212121212,3114,54,0,107,5173,
757,1413393250.11,2,1005,401,401,604,1.65232272498,1.37464322794,1.24789881706,401,13.433915212,3114,54,0,107,5173,
758,1413393250.16,2,1003,380,380,623,1.70669060657,1.46740437851,1.25267541409,380,13.2736842105,3114,54,1,107,5173,
759,1413393250.21,2,1004,420,420,584,1.69316787706,1.40470841132,1.30560910702,420,13.9523809524,3144,55,0,108,5203,
760,1413393250.26,2,1001,428,428,573,1.73119197441,1.45250103189,1.22715687752,428,13.8574766355,3144,55,0,108,5203,
761,1413393250.31,2,1002,417,417,585,1.62161279178,1.30410304804,1.32795155048,417,13.7961630695,3144,55,0,108,5203,
762,1413393250.36,2,1006,391,391,615,1.64234122885,1.36047173544,1.22574567795,391,14.2097186701,3143,55,1,108,5202,
763,1413393250.41,2,1004,438,438,566,1.61859125459,1.43816146724,1.16009199619,438,13.8401826484,3168,56,0,109,5227,
764,1413393250.46,2,1002,390,390,612,1.59252190204,1.41872659321,1.17477953434,390,14.7615384615,3168,56,0,109,5227,
765,1413393250.51,2,1003,376,376,627,1.64962241616,1.3213652453,1.27387809753,376,14.7473404255,3168,56,0,109,5227,
766,1413393250.56,2,1000,390,390,610,1.58428586491,1.24038490293,1.29814577103,390,14.2794871795,3149,55,1,108,5208,
767,1413393250.61,2,1006,399,399,607,1.57631784114,1.26528460685,1.20635139942,399,15.2055137845,3161,56,0,109,5220,
768,1413393250.66,2,1004,380,380,624,1.55307445524,1.24802287214,1.20603585243,380,15.4210526316,3161,56,0,109,5220,
769,1413393250.71,2,1002,381,381,621,1.65638574833,1.31207509052,1.26327753067,381,15.2939632546,3161,56,0,109,5220,
770,1413393250.76,2,1002,374,374,628,1.60681402596,1.30820024995,1.24857640266,374,14.256684492,3150,55,1,108,5209,
771,1413393250.81,2,1001,429,429,572,1.66563582927,1.37059110962,1.31107008457,429,14.2167832168,3195,56,0,109,5254,
772,1413393250.86,2,1003,398,398,605,1.70605218657,1.38272277762,1.32258760929,398,14.743718593,3195,56,0,109,5254,
773,1413393250.91,2,1000,391,391,609,1.68067217351,1.40007401633,1.31506896019,391,14.810741688,3195,56,0,109,5254,
774,1413393250.96,2,1002,393,393,609,1.54973453359,1.33110653521,1.13915503025,393,13.727735369,3177,55,1,108,5236,
775,1413393251.01,2,1003,439,439,564,1.57119137111,1.20292972402,1.29200470448,439,13.3143507973,3201,56,0,109,5260,
776,1413393251.06,2,1000,428,428,572,1.55414950696,1.25286856627,1.19528651237,428,13.6822429907,3201,56,0,109,5260,
777,1413393251.11,2,1003,458,458,545,1.50682241622,1.19332518359,1.15943491459,458,12.8558951965,3200,56,0,109,5259,
778,1413393251.16,2,1002,431,431,571,1.61841595445,1.34565273067,1.23235547543,431,13.4176334107,3200,56,0,109,5259,
779,1413393251.21,2,1002,431,431,571,1.58196023206,1.30786260985,1.17373919487,431,13.4106728538,3200,56,0,109,5259,
780,1413393251.26,2,1003,418,418,585,1.67608211393,1.3896833869,1.29992544651,418,13.8229665072,3200,56,0,109,5259,
781,1413393251.31,2,1003,406,406,597,1.72594036708,1.26362025823,1.42927420139,406,14.2906403941,3200,56,1,109,5259,
782,1413393251.36,2,1001,412,412,589,1.72265280945,1.39534449677,1.28830718994,412,16.0825242718,3218,57,0,110,5277,
783,1413393251.41,2,1004,431,431,573,1.71589350402,1.29599970427,1.39592897892,431,15.2412993039,3218,57,0,110,5277,
784,1413393251.46,2,1005,415,415,590,1.76886498632,1.36343494543,1.43616271019,415,15.4891566265,3218,57,0,110,5277,
785,1413393251.51,2,1003,442,442,561,1.70521595904,1.32430759463,1.34430658817,442,15.5837104072,3218,57,0,110,5277,
786,1413393251.56,2,1003,430,430,573,1.67785256155,1.30673502201,1.32442784309,430,15.7279069767,3218,57,1,110,5277,
787,1413393251.61,2,1002,434,434,568,1.62315179111,1.23747456364,1.26396131516,434,16.0829493088,3223,58,0,111,5282,
788,1413393251.66,2,1001,426,426,575,1.65948837854,1.35650956027,1.27321445942,426,16.338028169,3223,58,0,111,5282,
789,1413393251.71,2,1004,440,440,564,1.63418592208,1.28467705324,1.32800161839,440,16.3977272727,3223,58,0,111,5282,
790,1413393251.76,2,1005,424,424,581,1.59406288765,1.23758158972,1.28487157822,424,16.2004716981,3223,58,1,111,5282,
791,1413393251.81,2,1005,425,425,580,1.55675716142,1.21403002717,1.2301555872,425,16.7647058824,3217,59,0,112,5276,
792,1413393251.86,2,1003,408,408,595,1.56310383955,1.2093767575,1.24129891396,408,17.0735294118,3217,59,0,112,5276,
793,1413393251.91,2,1003,397,397,606,1.54010146514,1.21104883375,1.25125896931,397,16.5793450882,3217,59,0,112,5276,
794,1413393251.96,2,1007,383,383,624,1.56037737433,1.29936881043,1.2409734726,383,16.3785900783,3107,58,0,112,5275,
795,1413393252.01,2,1005,388,388,617,1.51282547106,1.23348884896,1.16364848614,388,16.2757731959,3107,58,1,112,5275,
796,1413393252.06,2,1004,377,377,627,1.48760898051,1.19597310771,1.14368093014,377,17.474801061,3205,60,0,113,5264,
797,1413393252.11,2,1009,389,389,620,1.44732668527,1.24777054932,1.11653470993,389,16.9357326478,3205,60,0,113,5264,
798,1413393252.16,2,1005,350,350,655,1.57701949541,1.25645172414,1.21038889885,350,17.4,3096,59,0,113,5264,
799,1413393252.21,2,1005,372,372,633,1.5221476399,1.24535828151,1.12027430534,372,16.6021505376,3096,59,0,113,5264,
800,1413393252.26,2,1004,350,350,654,1.51583613878,1.22913414372,1.17015266418,350,15.9571428571,3067,57,1,111,5235,
801,1413393252.31,2,1008,388,388,620,1.46181747226,1.30854018511,1.06773805618,388,16.2912371134,3090,58,0,112,5258,
802,1413393252.36,2,1008,384,384,624,1.56660921177,1.37931045208,1.1578476429,384,15.8802083333,3090,58,0,112,5258,
803,1413393252.41,2,1005,377,377,628,1.45538147788,1.18801277103,1.12540555,377,16.0026525199,2940,56,0,112,5258,
804,1413393252.46,2,1004,352,352,652,1.46354620281,1.21217702985,1.05891335011,352,15.71875,2940,56,0,112,5258,
805,1413393252.51,2,1009,368,368,641,1.45416583686,1.25902628507,1.11904907227,368,15.8179347826,2926,55,0,111,5244,
806,1413393252.56,2,1007,349,349,658,1.5109336666,1.3994954451,1.10733747482,349,15.111747851,2926,55,1,111,5244,
807,1413393252.61,2,1002,383,383,619,1.4194433357,1.26716027058,1.00208079815,383,15.6788511749,2947,56,0,112,5265,
808,1413393252.66,2,1005,364,364,641,1.46007387228,1.17245546771,1.10988211632,364,15.3076923077,2947,56,0,112,5265,
809,1413393252.71,2,1011,371,371,640,1.45264337991,1.25011535192,1.06431555748,371,15.2722371968,2947,56,0,112,5265,
810,1413393252.76,2,1007,379,379,628,1.49595161582,1.32204877257,1.09160935879,379,14.9920844327,2947,56,0,112,5265,
811,1413393252.81,2,1004,363,363,641,1.53372805241,1.31758210306,1.1609852314,363,14.8842975207,2947,56,1,112,5265,
812,1413393252.86,2,1007,391,391,616,1.40399564924,1.16859894262,1.06974112988,391,15.0025575448,2908,56,0,113,5269,
813,1413393252.91,2,1011,384,384,627,1.45086636858,1.28887440847,1.07164716721,384,15.4583333333,2908,56,0,113,5269,
814,1413393252.96,2,1008,380,380,628,1.45426420621,1.27554074037,1.07969880104,380,15.4842105263,2908,56,0,113,5269,
815,1413393253.01,2,1005,355,355,650,1.3952882314,1.23725193765,1.05311024189,355,14.9718309859,2720,52,1,112,5254,
816,1413393253.06,2,1007,380,380,627,1.38494292882,1.28013242668,1.01098823547,380,14.9710526316,2832,55,0,113,5263,
817,1413393253.11,2,1004,397,397,607,1.42376606666,1.31733655686,1.04930496216,397,14.8589420655,2832,55,0,113,5263,
818,1413393253.16,2,1005,366,366,639,1.54531146133,1.44469072727,1.08690476418,366,14.4918032787,2729,53,0,113,5263,
819,1413393253.21,2,1007,385,385,622,1.40798246502,1.23526532788,1.02779901028,385,14.7480519481,2729,53,0,113,5263,
820,1413393253.26,2,1007,370,370,637,1.40087842804,1.36425976355,0.972509622574,370,14.6864864865,2729,53,1,113,5263,
821,1413393253.31,2,1008,384,384,624,1.40083968402,1.19452655403,1.0345710516,384,15.1354166667,2712,54,0,114,5246,
822,1413393253.36,2,1003,360,360,643,1.45905784003,1.25332287087,1.13472831249,360,15.0444444444,2712,54,0,114,5246,
823,1413393253.41,2,1010,341,341,669,1.42975167897,1.23562538076,1.00509607792,341,15.7859237537,2712,54,0,114,5246,
824,1413393253.46,2,1006,337,337,669,1.35601763854,1.15435140367,0.993151605129,337,15.8130563798,2872,56,1,113,5233,
825,1413393253.51,2,1005,365,365,640,1.3799305436,1.22913356138,1.00993072987,365,15.7260273973,2867,57,0,114,5228,
826,1413393253.56,2,1005,364,364,641,1.34838514901,1.22493447015,0.976161956787,364,15.6016483516,2867,57,0,114,5228,
827,1413393253.61,2,1007,378,378,629,1.36914596842,1.13500258378,1.03211474419,378,15.8518518519,2867,57,0,114,5228,
828,1413393253.66,2,1004,365,365,639,1.45059668599,1.31139289135,1.05848693848,365,15.1068493151,2859,56,0,113,5220,
829,1413393253.71,2,1006,361,361,645,1.42027960367,1.24862364541,1.06137788296,361,14.9612188366,2859,56,1,113,5220,
830,1413393253.76,2,1004,403,403,601,1.43174921692,1.17301426728,1.04994273186,403,14.9305210918,2914,57,0,114,5275,
831,1413393253.81,2,1008,388,388,620,1.51803183909,1.30517889444,1.10002624989,388,15.4896907216,2914,57,0,114,5275,
832,1413393253.86,2,1005,382,382,623,1.58281798111,1.39808676773,1.14618611336,382,15.0183246073,2914,57,0,114,5275,
833,1413393253.91,2,1003,391,391,612,1.56138504605,1.43070727529,1.1160851717,391,15.2378516624,2914,57,1,114,5275,
834,1413393253.96,2,1005,408,408,597,1.46801556458,1.34791097478,1.06474161148,408,14.9411764706,2962,58,0,115,5323,
835,1413393254.01,2,1005,386,386,619,1.51500982264,1.38292350299,1.06204950809,386,14.810880829,2789,55,0,115,5323,
836,1413393254.06,2,1008,378,378,630,1.57153009872,1.40647897689,1.09094667435,378,15.417989418,2789,55,0,115,5323,
837,1413393254.11,2,1005,367,367,638,1.43039160819,1.19660922343,1.0445574522,367,15.0735694823,2789,55,1,115,5323,
838,1413393254.16,2,1009,394,394,615,1.55156197613,1.37344679391,1.15319395065,394,14.6269035533,2680,54,0,116,5360,
839,1413393254.21,2,1005,380,380,625,1.5482523309,1.34422600498,1.17192625999,380,14.9763157895,2680,54,0,116,5360,
840,1413393254.26,2,1005,358,358,647,1.52008085186,1.24518928596,1.12847054005,358,15.5698324022,2680,54,0,116,5360,
841,1413393254.31,2,1009,360,360,649,1.56953349995,1.31340505384,1.12781345844,360,14.1083333333,2651,52,1,114,5331,
842,1413393254.36,2,1004,357,357,647,1.55266912763,1.36080159155,1.17192423344,357,14.8515406162,2674,53,0,115,5354,
843,1413393254.41,2,1005,361,361,644,1.48327517185,1.24633976491,1.10139429569,361,14.5567867036,2674,53,0,115,5354,
844,1413393254.46,2,1004,352,352,652,1.65632103367,1.39566802418,1.19251215458,352,14.9772727273,2674,53,0,115,5354,
845,1413393254.51,2,1008,339,339,669,1.48715035185,1.18883121534,1.11065876484,339,13.9380530973,2639,51,0,113,5319,
846,1413393254.56,2,1005,329,329,676,1.49063290885,1.17740833811,1.17735588551,329,14.3282674772,2639,51,1,113,5319,
847,1413393254.61,2,1006,371,371,635,1.38611084502,1.15863768545,1.05345964432,371,13.2291105121,2666,52,0,114,5346,
848,1413393254.66,2,1009,342,342,667,1.45588826565,1.20206665991,1.09449267387,342,13.9970760234,2666,52,0,114,5346,
849,1413393254.71,2,1003,341,341,662,1.55246634065,1.33436675561,1.07797133923,341,14.0322580645,2666,52,0,114,5346,
850,1413393254.76,2,1003,344,344,659,1.4663742257,1.22342378038,1.10204434395,344,13.7005813953,2666,52,1,114,5346,
851,1413393254.81,2,1007,395,395,612,1.48334782976,1.22515247212,1.17359423637,395,13.3443037975,2700,53,0,115,5380,
852,1413393254.86,2,1004,365,365,639,1.51799321406,1.2470622883,1.16026186943,365,13.3506849315,2700,53,0,115,5380,
853,1413393254.91,2,1008,335,335,673,1.42094857239,1.12150355372,1.14935433865,335,13.9432835821,2700,53,0,115,5380,
854,1413393254.96,2,1005,353,353,652,1.59175558108,1.37809320191,1.19825124741,353,14.0169971671,2700,53,1,115,5380,
855,1413393255.01,2,1009,382,382,627,1.55976330936,1.29329776907,1.17028331757,382,13.6884816754,2749,54,0,116,5429,
856,1413393255.06,2,1003,357,357,646,1.6177255392,1.33421150042,1.19590592384,357,14.1708683473,2749,54,0,116,5429,
857,1413393255.11,2,1007,359,359,648,1.55625846241,1.17808991362,1.17813873291,359,13.8774373259,2658,53,0,116,5429,
858,1413393255.16,2,1004,357,357,647,1.50772683383,1.13680413554,1.13719308376,357,13.7142857143,2721,52,0,114,5401,
859,1413393255.21,2,1007,352,352,655,1.52243258671,1.28896434329,1.13232588768,352,13.6335227273,2721,52,1,114,5401,
860,1413393255.26,2,1003,366,366,637,1.4894162508,1.26215576659,1.15728068352,366,14.0273224044,2731,53,0,115,5411,
861,1413393255.31,2,1002,342,342,660,1.42290029211,1.12607647731,1.10767364502,342,14.283625731,2731,53,0,115,5411,
862,1413393255.36,2,1005,341,341,664,1.39532212302,1.08605436252,1.07405567169,341,14.2697947214,2731,53,0,115,5411,
863,1413393255.41,2,1004,338,338,666,1.38649699695,1.19061940271,1.0117251873,338,13.5147928994,2699,51,1,113,5379,
864,1413393255.46,2,1009,367,367,642,1.37145709553,1.07620771921,1.07428705692,367,13.8228882834,2713,52,0,114,5393,
865,1413393255.51,2,1006,376,376,630,1.43046481828,1.22651214758,1.07782506943,376,13.6276595745,2713,52,0,114,5393,
866,1413393255.56,2,1003,371,371,632,1.45049372866,1.1792464945,1.10975527763,371,13.781671159,2713,52,0,114,5393,
867,1413393255.61,2,1006,379,379,627,1.44711405322,1.33198748834,1.04297149181,379,13.5382585752,2712,52,0,114,5392,
868,1413393255.66,2,1004,351,351,653,1.42840974137,1.23620313145,1.06497943401,351,13.3076923077,2712,52,1,114,5392,
869,1413393255.71,2,1003,373,373,630,1.48812864163,1.27639361778,1.05484557152,373,13.7989276139,2636,52,0,115,5407,
870,1413393255.76,2,1005,372,372,633,1.48276892889,1.21549620014,1.08467304707,372,13.9032258065,2636,52,0,115,5407,
871,1413393255.81,2,1005,372,372,633,1.53962541826,1.34067148441,1.15196108818,372,13.7983870968,2636,52,0,115,5407,
872,1413393255.86,2,1004,356,356,648,1.44597998012,1.20271665876,1.08746576309,356,14.058988764,2727,53,1,115,5407,
873,1413393255.91,2,1007,372,372,635,1.48965052933,1.25780286263,1.12187039852,372,13.8682795699,2745,54,0,116,5425,
874,1413393255.96,2,1003,360,360,643,1.51059489242,1.24903900456,1.11674809456,360,14.0472222222,2745,54,0,116,5425,
875,1413393256.01,2,1005,341,341,664,1.57437408803,1.3592447107,1.13408315182,341,14.3841642229,2745,54,0,116,5425,
876,1413393256.06,2,1006,338,338,668,1.49011363113,1.39429590624,1.07212305069,338,14.3195266272,2745,54,1,116,5425,
877,1413393256.11,2,1008,367,367,641,1.40954680416,1.2126159113,1.02996003628,367,14.4250681199,2679,54,0,117,5450,
878,1413393256.16,2,1008,350,350,658,1.50407486237,1.34071791935,1.12842714787,350,14.6771428571,2679,54,0,117,5450,
879,1413393256.21,2,1004,354,354,650,1.44402042586,1.1995856377,1.09145665169,354,14.5847457627,2679,54,0,117,5450,
880,1413393256.26,2,1006,341,341,665,1.46055121737,1.21251410097,1.08592891693,341,14.8709677419,2678,54,1,117,5449,
881,1413393256.31,2,1004,380,380,624,1.43157433632,1.23452585746,1.0476051569,380,14.7157894737,2703,55,0,118,5474,
882,1413393256.36,2,1005,361,361,644,1.44485374279,1.23843839294,1.09877538681,361,14.2216066482,2703,55,0,118,5474,
883,1413393256.41,2,1004,357,357,647,1.50905394608,1.30748404974,1.08882367611,357,14.8039215686,2703,55,0,118,5474,
884,1413393256.46,2,1011,337,337,674,1.43554346572,1.16574048342,1.11490821838,337,14.3293768546,2678,54,1,117,5449,
885,1413393256.51,2,1006,352,352,654,1.43373899532,1.21497105632,1.07963430882,352,14.5426136364,2695,55,0,118,5466,
886,1413393256.56,2,1007,316,316,691,1.45949645555,1.20938192739,1.13998007774,316,15.4208860759,2695,55,0,118,5466,
887,1413393256.61,2,1003,320,320,683,1.52066746387,1.26711856693,1.14713931084,320,15.34375,2695,55,0,118,5466,
888,1413393256.66,2,1005,316,316,689,1.44717427878,1.22426822876,1.09931719303,316,14.9588607595,2684,54,1,117,5455,
889,1413393256.71,2,1004,340,340,664,1.44118592143,1.14892297809,1.07657146454,340,14.3794117647,2727,55,0,118,5498,
890,1413393256.76,2,1004,330,330,674,1.47074605067,1.34996544125,1.09732842445,330,14.8121212121,2727,55,0,118,5498,
891,1413393256.81,2,1002,330,330,672,1.55301571926,1.29428709227,1.1390389204,330,14.7181818182,2727,55,0,118,5498,
892,1413393256.86,2,1006,316,316,690,1.50093033863,1.31198251361,1.13565993309,316,14.3575949367,2727,55,1,118,5498,
893,1413393256.91,2,1007,351,351,656,1.48965003253,1.1469922144,1.13879609108,351,13.8547008547,2774,56,0,119,5545,
894,1413393256.96,2,1006,334,334,672,1.44374538449,1.12283243664,1.08349525928,334,14.502994012,2774,56,0,119,5545,
895,1413393257.01,2,1005,328,328,677,1.53183326767,1.29734104429,1.14837527275,328,14.625,2774,56,0,119,5545,
896,1413393257.06,2,1007,324,324,683,1.44300182309,1.23529243031,1.04207205772,324,13.7314814815,2734,54,0,117,5505,
897,1413393257.11,2,1005,319,319,686,1.46594130779,1.25450723637,1.13847124577,319,13.4952978056,2734,54,1,117,5505,
898,1413393257.16,2,1006,379,379,627,1.43589618411,1.07938339798,1.20698082447,379,12.5171503958,2797,55,0,118,5568,
899,1413393257.21,2,1004,374,374,630,1.48675240433,1.25883259461,1.12352728844,374,12.9117647059,2797,55,0,118,5568,
900,1413393257.26,2,1006,354,354,652,1.3858020085,1.08490027031,1.11310827732,354,12.802259887,2797,55,0,118,5568,
901,1413393257.31,2,1004,355,355,649,1.37628941247,1.04434207823,1.10083127022,355,12.7943661972,2797,55,0,118,5568,
902,1413393257.36,2,1008,347,347,661,1.50953839669,1.27567946988,1.21908938885,347,13.1152737752,2797,55,0,118,5568,
903,1413393257.41,2,1004,348,348,656,1.5042475366,1.18092663993,1.21468520164,348,12.8189655172,2797,55,0,118,5568,
904,1413393257.46,2,1007,337,337,670,1.56197637134,1.17362624699,1.25884580612,337,13.3353115727,2797,55,1,118,5568,
905,1413393257.51,2,1007,370,370,637,1.51810065492,1.19968365342,1.21375846863,370,12.6405405405,2769,54,0,119,5608,
906,1413393257.56,2,1004,337,337,667,1.51303754924,1.24651908901,1.26066958904,337,13.3620178042,2769,54,0,119,5608,
907,1413393257.61,2,1007,334,334,673,1.56467854792,1.25612788404,1.19586157799,334,13.4850299401,2769,54,0,119,5608,
908,1413393257.66,2,1008,327,327,681,1.48629564719,1.21890116793,1.1533164978,327,13.1467889908,2769,54,1,119,5608,
909,1413393257.71,2,1009,356,356,653,1.53422954693,1.34505588967,1.11643338203,356,12.7640449438,2814,55,0,120,5653,
910,1413393257.76,2,1005,343,343,662,1.52402999575,1.18606692498,1.17844867706,343,13.0087463557,2814,55,0,120,5653,
911,1413393257.81,2,1007,332,332,675,1.49053880803,1.09664356982,1.19405817986,332,13.0963855422,2814,55,0,120,5653,
912,1413393257.86,2,1007,317,317,690,1.43018470474,1.07766817877,1.1500620842,317,13.4416403785,2814,55,1,120,5653,
913,1413393257.91,2,1006,379,379,627,1.39721908517,1.14853009914,1.05455362797,379,12.654353562,2854,56,0,121,5693,
914,1413393257.96,2,1004,352,352,652,1.3970528028,1.16069182399,1.08887350559,352,12.7301136364,2854,56,0,121,5693,
915,1413393258.01,2,1004,352,352,652,1.43746773363,1.13119625921,1.16921889782,352,12.3948863636,2854,56,0,121,5693,
916,1413393258.06,2,1003,338,338,665,1.43740842954,1.22223828409,1.08809220791,338,12.724852071,2854,56,1,121,5693,
917,1413393258.11,2,1005,376,376,629,1.46297016301,1.19988916401,1.17705595493,376,12.7367021277,2892,57,0,122,5731,
918,1413393258.16,2,1007,358,358,649,1.40403455607,1.11426566108,1.10284590721,358,12.6452513966,2892,57,0,122,5731,
919,1413393258.21,2,1006,346,346,660,1.47202447506,1.24463019917,1.10869574547,346,12.612716763,2891,57,0,122,5730,
920,1413393258.26,2,1005,344,344,661,1.43420008844,1.19501879638,1.05285322666,344,13.1976744186,2891,57,1,122,5730,
921,1413393258.31,2,1005,344,344,661,1.46468904659,1.15504333541,1.14816021919,344,13.7093023256,2940,58,0,123,5779,
922,1413393258.36,2,1005,329,329,676,1.56207629318,1.35361819854,1.16178166866,329,13.9331306991,2940,58,0,123,5779,
923,1413393258.41,2,1002,324,324,678,1.56526413831,1.34007720634,1.15066504478,324,13.6172839506,2940,58,0,123,5779,
924,1413393258.46,2,1007,316,316,691,1.47148590085,1.29787699199,1.09717559814,316,14.4493670886,2939,58,1,123,5778,
925,1413393258.51,2,1006,334,334,672,1.49187096825,1.21375961187,1.17472064495,334,14.5598802395,2973,59,0,124,5812,
926,1413393258.56,2,1006,325,325,681,1.49087335889,1.16304732994,1.18922710419,325,14.9569230769,2973,59,0,124,5812,
927,1413393258.61,2,1009,303,303,706,1.51247368677,1.18263872958,1.21941626072,303,15.501650165,2973,59,0,124,5812,
928,1413393258.66,2,1004,298,298,706,1.49479133693,1.26777714976,1.13091313839,298,14.567114094,2973,59,1,124,5812,
929,1413393258.71,2,1009,341,341,668,1.55398388312,1.16576331417,1.27247262001,341,15.4105571848,3010,60,0,125,5849,
930,1413393258.76,2,1005,331,331,674,1.58156744406,1.21548255984,1.2634499073,331,15.3806646526,3078,62,0,125,5849,
931,1413393258.81,2,1006,323,323,683,1.57582842261,1.1521765484,1.26815509796,323,15.1795665635,3078,62,0,125,5849,
932,1413393258.86,2,1004,309,309,695,1.51640248821,1.18942959871,1.17454004288,309,15.0873786408,3077,62,1,125,5848,
933,1413393258.91,2,1003,348,348,655,1.45562816281,1.03182262036,1.24123477936,348,15.7356321839,3108,63,0,126,5879,
934,1413393258.96,2,1008,347,347,661,1.56255712523,1.27404625379,1.22688186169,347,15.1729106628,3199,64,0,126,5879,
935,1413393259.01,2,1006,328,328,678,1.57205800044,1.21393247205,1.21134734154,328,15.2804878049,3199,64,0,126,5879,
936,1413393259.06,2,1004,318,318,686,1.58320381304,1.24972441748,1.1891502142,318,15.6666666667,3199,64,0,126,5879,
937,1413393259.11,2,1005,310,310,695,1.54092957642,1.29421998555,1.22813284397,310,15.1580645161,3199,64,1,126,5879,
938,1413393259.16,2,1005,345,345,660,1.4576051423,1.15267120132,1.16606676579,345,15.3275362319,3249,65,0,127,5929,
939,1413393259.21,2,1002,340,340,662,1.54331891347,1.2172463879,1.18281316757,340,15.1176470588,3249,65,0,127,5929,
940,1413393259.26,2,1005,334,334,671,1.69561754498,1.38588406102,1.31110298634,334,14.9071856287,3249,65,0,127,5929,
941,1413393259.31,2,1003,342,342,661,1.51645475634,1.16070356033,1.18534946442,342,15.230994152,3246,65,0,127,5926,
942,1413393259.36,2,1005,315,315,690,1.54349433789,1.23472563612,1.13613009453,315,14.9365079365,3237,64,1,126,5917,
943,1413393259.41,2,982,348,348,634,1.54281008109,1.27316616811,1.18381083012,348,14.6408045977,3282,65,0,127,5962,
944,1413393259.46,2,996,336,336,660,1.56545368405,1.22872975863,1.25847899914,336,14.7738095238,3282,65,0,127,5962,
945,1413393259.51,2,990,324,324,666,1.54913220298,1.25298358109,1.20897459984,324,14.7283950617,3282,65,0,127,5962,
946,1413393259.56,2,998,320,320,678,1.58858671266,1.17209331951,1.26902627945,320,14.95,3282,65,0,127,5962,
947,1413393259.61,2,1000,311,311,689,1.51282708807,1.15584772522,1.24900257587,311,14.807073955,3282,65,1,127,5962,
948,1413393259.66,2,1002,351,351,651,1.48756543785,1.14626721287,1.20012068748,351,13.8660968661,3336,66,0,128,6016,
949,1413393259.71,2,1000,328,328,672,1.59715457485,1.21502306909,1.27460575104,328,14.3353658537,3336,66,0,128,6016,
950,1413393259.76,2,1000,323,323,677,1.66984570963,1.37983157123,1.26494896412,323,13.9009287926,3336,66,0,128,6016,
951,1413393259.81,2,991,303,303,688,1.56747315095,1.20885582966,1.24192857742,303,13.9471947195,3336,66,0,128,6016,
952,1413393259.86,2,990,284,284,706,1.58557623285,1.19761481653,1.26755547523,284,14.0809859155,3336,66,1,128,6016,
953,1413393259.91,2,989,337,337,652,1.50854502814,1.17672969342,1.14208364487,337,13.0415430267,3396,67,0,129,6076,
954,1413393259.96,2,989,339,339,650,1.68152473972,1.35500036041,1.27869188786,339,12.7138643068,3396,67,0,129,6076,
955,1413393260.01,2,986,327,327,659,1.76300905458,1.30869142732,1.3897434473,327,12.4250764526,3396,67,0,129,6076,
956,1413393260.06,2,985,300,300,685,1.62514945731,1.18574643288,1.29388964176,300,12.67,3381,66,0,128,6061,
957,1413393260.11,2,973,292,292,681,1.63802567686,1.18830201801,1.38051688671,292,12.1164383562,3466,67,1,128,6061,
958,1413393260.16,2,954,334,334,620,1.63556445011,1.19674704073,1.29249203205,334,11.6946107784,3544,68,0,129,6139,
959,1413393260.21,2,947,330,330,617,1.62656365727,1.13960269129,1.38620364666,330,11.3181818182,3544,68,0,129,6139,
960,1413393260.26,2,951,302,302,649,1.66023498031,1.29446083753,1.35235667229,302,11.4867549669,3544,68,0,129,6139,
961,1413393260.31,2,935,274,274,661,1.68519500018,1.21355864143,1.39905583858,274,11.4379562044,3544,68,0,129,6139,
962,1413393260.36,2,941,272,272,669,1.4162993334,0.976050773703,1.1589205265,272,11.5441176471,3542,68,1,129,6137,
963,1413393260.41,2,944,313,313,631,1.46066467134,1.10881091281,1.14076781273,313,12.0734824281,3651,70,0,130,6185,
964,1413393260.46,2,931,298,298,633,1.56474174129,1.12467777356,1.29074764252,298,11.8624161074,3651,70,0,130,6185,
965,1413393260.51,2,954,281,281,673,1.54352280036,1.1311424179,1.2427406311,281,12.0462633452,3651,70,0,130,6185,
966,1413393260.56,2,965,282,282,683,1.5000230448,1.2533761264,1.16609227657,282,11.9184397163,3650,70,0,130,6184,
967,1413393260.61,2,959,280,280,679,1.49251305875,1.06918939377,1.21824467182,280,11.8964285714,3589,69,0,130,6184,
968,1413393260.66,2,964,272,272,692,1.45918964842,1.11079007094,1.2123966217,272,11.8676470588,3504,68,1,130,6184,
969,1413393260.71,2,956,324,324,632,1.4086573113,1.08308453477,1.15148174763,324,11.1913580247,3553,69,0,131,6233,
970,1413393260.76,2,955,325,325,630,1.44213501511,1.08461193617,1.21161901951,325,11.2215384615,3699,71,0,131,6233,
971,1413393260.81,2,936,344,344,592,1.48183410174,1.04669223256,1.24011409283,344,10.8168604651,3699,71,0,131,6233,
972,1413393260.86,2,944,336,336,608,1.35954698901,1.14235327547,1.11068212986,336,10.8363095238,3699,71,0,131,6233,
973,1413393260.91,2,948,353,353,595,1.43514051438,1.08946547703,1.11825680733,353,10.1558073654,3872,74,0,131,6233,
974,1413393260.96,2,947,324,324,623,1.37468887762,1.08214027939,1.04452288151,324,10.4382716049,3872,74,0,131,6233,
975,1413393261.01,2,945,322,322,623,1.37539883687,1.09763711931,1.07017457485,322,10.1956521739,3699,71,0,131,6233,
976,1413393261.06,2,950,314,314,636,1.22978471402,0.929984182857,0.998170018196,314,10.0414012739,3802,73,1,131,6233,
977,1413393261.11,2,957,367,367,590,1.29772954125,1.02204914768,0.998354375362,367,10.5885558583,3853,74,0,132,6284,
978,1413393261.16,2,962,363,363,599,1.37587684746,1.11357015282,1.0759729147,363,10.608815427,3923,75,0,132,6284,
979,1413393261.21,2,966,359,359,607,1.40215863597,1.19118978449,1.05012404919,359,10.5459610028,3923,75,0,132,6284,
980,1413393261.26,2,971,335,335,636,1.31362048468,1.06594939541,1.03333628178,335,11.0179104478,3921,75,0,132,6282,
981,1413393261.31,2,960,336,336,624,1.3656991729,1.19183593084,1.0206130743,336,10.3303571429,3921,75,1,132,6282,
982,1413393261.36,2,970,421,421,549,1.31421581492,1.13647401357,1.01518297195,421,10.541567696,3974,76,0,133,6335,
983,1413393261.41,2,969,392,392,577,1.31875026162,1.06681751662,1.03053045273,392,10.2525510204,3974,76,0,133,6335,
984,1413393261.46,2,948,395,395,553,1.32785485691,1.01108103047,1.03343498707,395,9.96708860759,3974,76,0,133,6335,
985,1413393261.51,2,927,382,382,545,1.37343954065,1.15865375227,1.06668221951,382,9.95287958115,3974,76,0,133,6335,
986,1413393261.56,2,925,353,353,572,1.35466590485,1.13703537612,0.994598388672,353,10.0651558074,4017,77,1,133,6335,
987,1413393261.61,2,927,385,385,542,1.42978262538,1.1210330468,1.08482134342,385,10.1402597403,4073,78,0,134,6391,
988,1413393261.66,2,945,361,361,584,1.49897121568,1.22351139205,1.13119602203,361,10.2520775623,4073,78,0,134,6391,
989,1413393261.71,2,945,362,362,583,1.47110127769,1.04776919279,1.25648915768,362,9.96132596685,4073,78,0,134,6391,
990,1413393261.76,2,955,317,317,638,1.48552403658,1.1198859,1.24266207218,317,10.094637224,4073,78,0,134,6391,
991,1413393261.81,2,945,285,285,660,1.56567478891,1.236295161,1.17947602272,285,9.92280701754,4073,78,0,134,6391,
992,1413393261.86,2,939,306,306,633,1.44329596708,1.1326720006,1.16693615913,306,9.75163398693,4070,78,0,134,6388,
993,1413393261.91,2,946,307,307,639,1.45917183787,1.09525227603,1.21298193932,307,9.7003257329,4070,78,1,134,6388,
994,1413393261.96,2,934,323,323,611,1.47849801427,1.12774243306,1.17903423309,323,9.58823529412,4120,79,0,135,6438,
995,1413393262.01,2,921,321,321,600,1.3909343277,0.961518386323,1.17633771896,321,9.66043613707,4120,79,0,135,6438,
996,1413393262.06,2,899,303,303,596,1.43976048183,1.02879694163,1.12739002705,303,9.32343234323,4120,79,0,135,6438,
997,1413393262.11,2,914,279,279,635,1.50969271252,1.09629696567,1.21649634838,279,9.70967741935,4120,79,0,135,6438,
998,1413393262.16,2,903,278,278,625,1.35797423424,1.06119151743,1.11643981934,278,9.42446043165,4116,79,0,135,6434,
999,1413393262.21,2,889,264,264,625,1.42230965214,1.07062951757,1.08635675907,264,9.05303030303,4116,79,1,135,6434,
1000,1413393262.26,2,896,333,333,563,1.47590178654,1.13883297468,1.0985866785,333,8.58858858859,4186,80,0,136,6504,
1001,1413393262.31,2,907,343,343,564,1.41754415793,1.14142715645,1.0576403141,343,8.4693877551,4186,80,0,136,6504,
1002,1413393262.36,2,907,319,319,588,1.50468921097,1.11118317599,1.17933690548,319,8.31347962382,4186,80,0,136,6504,
1003,1413393262.41,2,899,322,322,577,1.4819678086,1.11496411608,1.17463040352,322,8.32298136646,4166,79,0,135,6484,
1004,1413393262.46,2,899,299,299,600,1.52131430845,1.17303002539,1.202272892,299,8.45150501672,4166,79,0,135,6484,
1005,1413393262.51,2,901,284,284,617,1.57110429301,1.1860494637,1.31031191349,284,8.57394366197,4166,79,1,135,6484,
1006,1413393262.56,2,916,344,344,572,1.45510236581,1.09757229622,1.19864618778,344,8.45348837209,4210,80,0,136,6528,
1007,1413393262.61,2,922,340,340,582,1.51235514312,1.10739175786,1.27733123302,340,8.49411764706,4210,80,0,136,6528,
1008,1413393262.66,2,922,339,339,583,1.47132731543,1.24156039943,1.05109095573,339,8.50147492625,4204,80,0,136,6522,
1009,1413393262.71,2,908,314,314,594,1.44142989749,1.11804205056,1.1659154892,314,8.65605095541,4204,80,0,136,6522,
1010,1413393262.76,2,909,321,321,588,1.43733824127,1.22111888861,1.0839432478,321,8.11526479751,4204,80,0,136,6522,
1011,1413393262.81,2,902,316,316,586,1.43531647556,1.24733109215,1.06997561455,316,8.21202531646,4204,80,0,136,6522,
1012,1413393262.86,2,904,291,291,613,1.43558287442,1.19487187762,1.1226644516,291,8.41580756014,4204,80,1,136,6522,
1013,1413393262.91,2,904,343,343,561,1.4497068752,1.13126250703,1.18698120117,343,8.32944606414,4255,81,0,137,6573,
1014,1413393262.96,2,912,339,339,573,1.49104587143,1.21607414424,1.17876279354,339,8.3185840708,4255,81,0,137,6573,
1015,1413393263.01,2,914,331,331,583,1.6112931854,1.25397904237,1.24741172791,331,8.45317220544,4255,81,0,137,6573,
1016,1413393263.06,2,912,327,327,585,1.45782421105,1.23419848439,1.12126505375,327,8.07645259939,4234,80,0,136,6552,
1017,1413393263.11,2,912,317,317,595,1.53831702631,1.25503409321,1.18745470047,317,8.24921135647,4234,80,1,136,6552,
1018,1413393263.16,2,922,348,348,574,1.56170150569,1.26920430832,1.17348003387,348,8.83908045977,4056,77,0,137,6590,
1019,1413393263.21,2,922,330,330,592,1.6127975076,1.28814083678,1.23540651798,330,9.00909090909,4056,77,0,137,6590,
1020,1413393263.26,2,918,298,298,620,1.51959323414,1.28495684694,1.16760122776,298,9.46308724832,4056,77,0,137,6590,
1021,1413393263.31,2,917,302,302,615,1.61657645131,1.28825042526,1.25064635277,302,9.32450331126,4056,77,1,137,6590,
1022,1413393263.36,2,922,343,343,579,1.59232060265,1.23616240676,1.3256970644,343,9.42274052478,4096,78,0,138,6630,
1023,1413393263.41,2,916,315,315,601,1.59265679618,1.26178424227,1.20090854168,315,9.87936507937,4096,78,0,138,6630,
1024,1413393263.46,2,911,296,296,615,1.48333666338,1.21148914544,1.15606319904,296,9.85135135135,4096,78,0,138,6629,
1025,1413393263.51,2,908,287,287,621,1.53465736669,1.25759892265,1.19045937061,287,9.58885017422,4094,78,0,138,6628,
1026,1413393263.56,2,904,276,276,628,1.67033241704,1.27384592917,1.36777722836,276,9.59782608696,4094,78,1,138,6628,
1027,1413393263.61,2,923,288,288,635,1.57854471827,1.24113125124,1.15056443214,288,9.86458333333,4113,79,0,139,6647,
1028,1413393263.66,2,894,270,270,624,1.66281791881,1.19983117258,1.38608598709,270,9.53333333333,4113,79,0,139,6647,
1029,1413393263.71,2,921,250,250,671,1.66769918132,1.28058051268,1.22272598743,250,9.172,4051,78,0,139,6646,
1030,1413393263.76,2,916,251,251,665,1.61479428983,1.22536700115,1.27108967304,251,9.29083665339,4051,78,1,139,6646,
1031,1413393263.81,2,903,317,317,586,1.57033267817,1.16770484513,1.29542338848,317,8.6309148265,4090,79,0,140,6685,
1032,1413393263.86,2,902,288,288,614,1.45425408939,1.06520083166,1.15548276901,288,8.56944444444,4090,79,0,140,6685,
1033,1413393263.91,2,922,283,283,639,1.5008520236,1.16109582863,1.13104963303,283,8.6925795053,4024,71,0,140,6684,
1034,1413393263.96,2,889,281,281,608,1.39497614909,1.08676035011,1.10256803036,281,8.56227758007,4024,71,1,140,6684,
1035,1413393264.01,2,893,326,326,567,1.50727266062,1.17781458257,1.20499277115,326,8.68711656442,4077,72,0,141,6737,
1036,1413393264.06,2,910,302,302,608,1.4813138636,1.1302526438,1.15946531296,302,8.5298013245,4077,72,0,141,6737,
1037,1413393264.11,2,923,297,297,626,1.45021822926,1.0886196629,1.06364941597,297,8.71043771044,4072,72,0,141,6732,
1038,1413393264.16,2,916,290,290,626,1.42047744044,1.09202959484,1.12746274471,290,8.67586206897,4133,73,1,141,6732,
1039,1413393264.21,2,933,335,335,598,1.52994364526,1.1972211892,1.15529322624,335,8.61194029851,4187,74,0,142,6786,
1040,1413393264.26,2,927,330,330,597,1.64021880002,1.27707907537,1.22847390175,330,8.90606060606,4197,75,0,142,6785,
1041,1413393264.31,2,934,331,331,603,1.52496752813,1.1433335261,1.24871146679,331,8.61933534743,4196,75,1,142,6785,
1042,1413393264.36,2,943,366,366,577,1.43544845047,1.1384915729,1.08547592163,366,9.37978142077,4229,76,0,143,6818,
1043,1413393264.41,2,941,366,366,575,1.53072845091,1.24016078502,1.15701830387,366,9.25136612022,4229,76,0,143,6818,
1044,1413393264.46,2,943,358,358,585,1.39727403069,1.15172051041,1.04899561405,358,9.15083798883,4224,76,0,143,6813,
1045,1413393264.51,2,939,340,340,599,1.4241018253,1.14214245617,1.13293802738,340,9.31470588235,4224,76,1,143,6813,
1046,1413393264.56,2,935,369,369,566,1.33914408031,1.10029777217,1.00339961052,369,10.0406504065,4228,77,0,144,6817,
1047,1413393264.61,2,933,392,392,541,1.53734015309,1.24851447638,1.21709668636,392,9.9056122449,4228,77,0,144,6816,
1048,1413393264.66,2,933,371,371,562,1.3861366321,1.15838603404,1.01061725616,371,9.94070080863,4227,77,1,144,6816,
1049,1413393264.71,2,928,398,398,530,1.49845616821,1.25037311982,1.10225248337,398,10.6407035176,4267,78,0,145,6856,
1050,1413393264.76,2,934,391,391,543,1.5423747231,1.20820677671,1.19987344742,391,10.5089514066,4252,77,0,145,6856,
1051,1413393264.81,2,935,394,394,541,1.52182079026,1.2343171736,1.15040016174,394,9.77157360406,4238,76,0,144,6842,
1052,1413393264.86,2,935,372,372,563,1.51719402858,1.23867383847,1.1718865633,372,9.89784946237,4238,76,1,144,6842,
1053,1413393264.91,2,913,390,390,523,1.3704467031,1.11234451302,1.05282127857,390,10.5743589744,4255,77,0,145,6859,
1054,1413393264.96,2,918,365,365,553,1.37783717799,1.05053107536,1.09856152534,365,10.6246575342,4255,77,0,145,6859,
1055,1413393265.01,2,927,364,364,563,1.32817800869,1.17837415897,1.0006557703,364,10.2884615385,4255,77,0,145,6859,
1056,1413393265.06,2,935,368,368,567,1.48983037575,1.21958631767,1.19329822063,368,10.4755434783,4255,77,1,145,6859,
1057,1413393265.11,2,914,409,409,505,1.42938458184,1.13458320148,1.01935005188,409,10.8655256724,4294,78,0,146,6898,
1058,1413393265.16,2,911,385,385,526,1.53859505431,1.2857824052,1.1274574995,385,10.8545454545,4275,77,0,146,6898,
1059,1413393265.21,2,912,336,336,576,1.29278617015,1.03198802508,1.02209591866,336,10.869047619,4275,77,0,146,6898,
1060,1413393265.26,2,910,318,318,592,1.43063471942,1.1605863021,1.02136385441,318,10.2547169811,4196,75,1,145,6880,
1061,1413393265.31,2,916,329,329,587,1.4727044515,1.19208040711,1.13972496986,329,10.5045592705,4154,74,0,146,6912,
1062,1413393265.36,2,929,328,328,601,1.47968901467,1.11579146719,1.18283760548,328,10.5030487805,4154,74,0,146,6912,
1063,1413393265.41,2,893,320,320,573,1.45197955044,1.18885100722,1.11546218395,320,10.73125,4154,74,0,146,6912,
1064,1413393265.46,2,921,308,308,613,1.38507239395,1.0835883748,1.0922421217,308,10.5681818182,4154,74,1,146,6912,
1065,1413393265.51,2,931,344,344,587,1.47257387545,1.16281837655,1.14511179924,344,11.1540697674,4429,80,0,147,6910,
1066,1413393265.56,2,934,325,325,609,1.48688835716,1.20950050215,1.15744876862,325,11.1969230769,4429,80,0,147,6910,
1067,1413393265.61,2,933,323,323,610,1.39264013089,1.26390051463,1.03149294853,323,9.57275541796,4174,74,1,145,6871,
1068,1413393265.66,2,930,351,351,579,1.51320651809,1.26820911501,1.1104786396,351,10.3361823362,4122,74,0,146,6880,
1069,1413393265.71,2,932,326,326,606,1.43265876841,1.1562871323,1.09278929234,326,10.3435582822,4122,74,0,146,6880,
1070,1413393265.76,2,936,319,319,617,1.4681181902,1.29471746167,0.996609091759,319,9.58307210031,4165,74,0,145,6862,
1071,1413393265.81,2,926,335,335,591,1.48644161446,1.24272970517,1.12313365936,335,9.52835820896,4165,74,1,145,6862,
1072,1413393265.86,2,929,353,353,576,1.52660808328,1.0884602578,1.22298288345,353,10.3059490085,4181,75,0,146,6878,
1073,1413393265.91,2,938,314,314,624,1.65536146023,1.19093987013,1.37620449066,314,10.4331210191,4181,75,0,146,6878,
1074,1413393265.96,2,931,332,332,599,1.41106412843,1.16344980452,1.10665893555,332,9.44879518072,4160,74,1,145,6857,
1075,1413393266.01,2,935,335,335,600,1.46298274903,1.1266759512,1.15790593624,335,10.4447761194,4181,75,0,146,6878,
1076,1413393266.06,2,932,330,330,602,1.56193350872,1.19319683159,1.27159059048,330,10.5060606061,4181,75,0,146,6878,
1077,1413393266.11,2,935,306,306,629,1.48535578206,1.12475436746,1.24053394794,306,9.67647058824,4106,73,1,145,6864,
1078,1413393266.16,2,934,309,309,625,1.58250235911,1.16228787128,1.25332915783,309,10.1100323625,4434,79,0,146,6915,
1079,1413393266.21,2,929,302,302,627,1.39535291328,1.06650815036,1.13687932491,302,9.98344370861,4347,76,0,146,6909,
1080,1413393266.26,2,922,263,263,659,1.47007434909,1.15140208148,1.17853426933,263,10.1254752852,4347,76,1,146,6909,
1081,1413393266.31,2,908,271,271,637,1.43616147246,1.11179654152,1.13224649429,271,9.47601476015,4419,77,0,147,6981,
1082,1413393266.36,2,920,270,270,650,1.45696233363,1.0769248852,1.19606840611,270,8.74814814815,4398,76,0,146,6960,
1083,1413393266.41,2,942,258,258,684,1.53326187372,1.20752436514,1.24065339565,258,8.46124031008,4384,74,1,146,6960,
1084,1413393266.46,2,923,295,295,628,1.62100860679,1.07012893624,1.41819417477,295,8.48813559322,4372,72,0,147,7010,
1085,1413393266.51,2,915,256,256,659,1.52253333328,1.10180145021,1.26771378517,256,8.95703125,4404,74,1,147,7004,
1086,1413393266.56,2,932,254,254,678,1.5743389723,1.12038642582,1.29364025593,254,9.03149606299,4350,74,0,148,7007,
1087,1413393266.61,2,936,242,242,694,1.55098898007,1.12975343386,1.25057756901,242,8.79338842975,4324,73,1,147,6981,
1088,1413393266.66,2,950,239,239,711,1.6833425884,1.27902160055,1.36230051517,239,8.49372384937,4373,74,0,148,7030,
1089,1413393266.71,2,949,244,244,705,1.52499938511,1.15027402111,1.21803915501,244,8.28278688525,4366,74,1,148,7023,
1090,1413393266.76,2,958,272,272,686,1.58049485082,1.25994641939,1.20038604736,272,9.11397058824,4395,75,0,149,7052,
1091,1413393266.81,2,979,262,262,717,1.58382060382,1.28403424356,1.23972249031,262,8.34351145038,4378,74,1,148,7035,
1092,1413393266.86,2,979,307,307,672,1.62704535489,1.22779710592,1.31704962254,307,8.2345276873,3232,46,0,149,7076,
1093,1413393266.91,2,982,257,257,725,1.54951967853,1.16293581636,1.25377452374,257,7.61089494163,3210,45,1,148,7054,
1094,1413393266.96,2,984,263,263,721,1.65429654262,1.26647689174,1.28572404385,263,8.13688212928,3233,46,0,149,7077,
1095,1413393267.01,2,985,265,265,720,1.52926878114,1.13403633284,1.2663795948,265,8.37735849057,3230,46,1,149,7074,
1096,1413393267.06,2,987,291,291,696,1.78896389287,1.3745685301,1.42569971085,291,8.84879725086,3250,47,0,150,7094,
1097,1413393267.11,2,988,271,271,717,1.72067003796,1.23822504239,1.42067468166,271,8.78966789668,3247,47,1,150,7091,
1098,1413393267.16,2,983,299,299,684,1.71942061165,1.28233739575,1.3965433836,299,9.16053511706,4406,75,0,151,7103,
1099,1413393267.21,2,990,310,310,680,1.72064836254,1.25631603715,1.38989245892,310,8.24838709677,3225,44,0,150,7088,
1100,1413393267.26,2,989,280,280,709,1.81514314289,1.32993504714,1.46197378635,280,8.26785714286,3437,52,1,150,7088,
1101,1413393267.31,2,986,298,298,688,1.85576541972,1.38858374408,1.55368673801,298,8.78187919463,3244,44,0,151,7125,
1102,1413393267.36,2,986,297,297,689,1.85434511194,1.2492576706,1.60833084583,297,7.78451178451,3251,44,0,150,7114,
1103,1413393267.41,2,990,278,278,712,1.7956233124,1.14820549328,1.5641964674,278,8.05035971223,3266,47,1,150,7114,
1104,1413393267.46,2,985,322,322,663,1.69878870436,1.28151244541,1.33449041843,322,8.56211180124,3534,56,0,151,7154,
1105,1413393267.51,2,988,302,302,686,1.71322722146,1.33424574526,1.4185025692,302,8.57284768212,2784,39,0,151,7151,
1106,1413393267.56,2,977,316,316,661,1.6472896313,1.31195502176,1.30321657658,316,8.45569620253,2786,40,1,151,7151,
1107,1413393267.61,2,987,345,345,642,1.60700662108,1.19708719116,1.29201006889,345,9.43768115942,4468,76,0,152,7165,
1108,1413393267.66,2,984,346,346,638,1.63664128593,1.25855602507,1.29624450207,346,9.73988439306,4507,78,0,152,7164,
1109,1413393267.71,2,986,347,347,639,1.61689584765,1.30908402578,1.2413932085,347,9.34005763689,3715,61,1,152,7164,
1110,1413393267.76,2,990,390,390,600,1.68766102986,1.33765097282,1.32424390316,390,10.1102564103,3756,62,0,153,7205,
1111,1413393267.81,2,985,370,374,615,1.60430559258,1.22829403008,1.28953325748,370,8.94324324324,3356,50,0,152,7186,
1112,1413393267.86,2,988,382,382,606,1.73747745851,1.32053060683,1.3312959671,382,9.01570680628,3342,49,0,152,7186,
1113,1413393267.91,2,987,331,331,656,1.84282057201,1.27595542439,1.50803029537,331,8.87915407855,3342,49,1,152,7186,
1114,1413393267.96,2,984,371,371,613,1.83676904749,1.20539960894,1.54940509796,371,9.55525606469,3747,62,0,153,7196,
1115,1413393268.01,2,987,362,364,625,1.87317049631,1.28252777837,1.68519496918,362,7.99171270718,3553,57,0,151,7159,
1116,1413393268.06,2,989,320,320,669,1.83855483073,1.33594530296,1.52021896839,320,8.48125,3539,56,1,151,7159,
1117,1413393268.11,2,993,354,354,639,1.89156911604,1.25337099849,1.61815452576,354,8.74293785311,3592,57,0,152,7212,
1118,1413393268.16,2,984,350,350,634,1.88879024313,1.25366401495,1.60280013084,350,8.41714285714,3736,60,0,152,7211,
1119,1413393268.21,2,986,342,342,644,2.03416523673,1.33401013484,1.78979802132,342,8.44444444444,3271,43,1,152,7211,
1120,1413393268.26,2,988,369,369,619,1.96807180119,1.25871073458,1.74684917927,369,9.29810298103,4571,78,0,153,7209,
1121,1413393268.31,2,985,331,331,654,2.00923739228,1.2940677557,1.72202658653,331,8.9003021148,3248,44,0,153,7205,
1122,1413393268.36,2,979,313,313,666,2.01634479588,1.29324626147,1.84882950783,313,9.30031948882,3171,43,1,153,7205,
1123,1413393268.41,2,990,317,317,673,1.84677273975,1.19986109915,1.59815073013,317,10.072555205,3263,47,0,154,7194,
1124,1413393268.46,2,991,325,326,666,2.04568301902,1.33940897203,1.71823143959,325,8.57846153846,3527,56,0,152,7160,
1125,1413393268.51,2,993,315,315,678,1.91683962681,1.17702072993,1.64442610741,315,8.65079365079,3229,45,1,152,7160,
1126,1413393268.56,2,993,350,350,643,1.87105188982,1.2296214356,1.66561627388,350,9.47142857143,3516,56,0,153,7167,
1127,1413393268.61,2,990,360,360,630,1.80552533548,1.24938440977,1.56321382523,360,8.53888888889,3222,45,0,152,7153,
1128,1413393268.66,2,984,361,361,623,1.73826794615,1.14532029027,1.54840052128,361,8.57340720222,2534,36,0,152,7153,
1129,1413393268.71,2,986,345,345,641,1.76485769492,1.26383436308,1.46646487713,345,8.68115942029,2603,39,0,152,7153,
1130,1413393268.76,2,982,370,370,612,1.70744220111,1.28409681652,1.38196325302,370,8.48648648649,2548,34,0,152,7153,
1131,1413393268.81,2,986,364,364,622,1.67995028755,1.11065176019,1.4697906971,364,8.53296703297,2313,30,0,152,7153,
1132,1413393268.86,2,992,373,373,619,1.80055734907,1.36735799976,1.47798705101,373,8.65951742627,3490,53,1,152,7153,
1133,1413393268.91,2,990,420,420,570,1.61789847651,1.23929518079,1.29503679276,420,9.75714285714,3685,61,0,153,7160,
1134,1413393268.96,2,987,412,412,575,1.41499812606,1.13994010004,1.15611875057,412,9.49029126214,3711,62,0,153,7160,
1135,1413393269.01,2,981,405,405,576,1.5527197428,1.23184203471,1.10845470428,405,9.63209876543,3711,62,0,153,7160,
1136,1413393269.06,2,976,406,406,570,1.52841112557,1.14876063793,1.21236920357,406,9.60837438424,3711,62,0,153,7160,
1137,1413393269.11,2,985,394,394,591,1.46000702711,1.21757433107,1.10956370831,394,9.73350253807,3711,62,0,153,7160,
1138,1413393269.16,2,985,405,405,580,1.46944608227,1.11086862741,1.17628908157,405,9.47407407407,3711,62,0,153,7160,
1139,1413393269.21,2,988,392,392,596,1.47054789839,1.23337537169,1.09952270985,392,9.42602040816,3711,62,0,153,7160,
1140,1413393269.26,2,972,395,395,577,1.47697700721,1.15527658912,1.15439116955,395,9.53924050633,3711,62,0,153,7160,
1141,1413393269.31,2,977,386,386,591,1.4423644152,1.16008137104,1.1126049757,386,9.66580310881,3711,62,0,153,7160,
1142,1413393269.36,2,975,343,343,632,1.43311705843,1.18684791109,1.07798266411,343,9.7667638484,3316,52,1,153,7160,
1143,1413393269.41,2,980,357,357,623,1.50735747332,1.13772735403,1.20894098282,357,10.5966386555,3730,63,0,154,7179,
1144,1413393269.46,2,989,341,341,648,1.51600368509,1.15320084034,1.17374169827,341,8.46627565982,3685,60,0,151,7134,
1145,1413393269.51,2,980,348,348,632,1.51073176497,1.09898029597,1.25748467445,348,8.61781609195,3685,60,1,151,7134,
1146,1413393269.56,2,990,338,338,652,1.64703279037,1.2381526739,1.32705140114,338,9.52662721893,3680,61,0,152,7129,
1147,1413393269.61,2,998,352,352,646,1.64952628164,1.30054027021,1.32853412628,352,9.65909090909,3676,61,0,152,7125,
1148,1413393269.66,2,989,327,327,662,1.56995745069,1.04469554086,1.3906891346,327,9.5871559633,3676,61,1,152,7125,
1149,1413393269.71,2,994,330,330,664,1.86302484567,1.37071149817,1.58441603184,330,10.2393939394,3280,50,0,153,7124,
1150,1413393269.76,2,999,328,330,671,1.76088497856,1.22208350478,1.44878089428,328,9.62195121951,3278,50,0,152,7111,
1151,1413393269.81,2,1001,314,314,687,1.80702126301,1.18825123315,1.58684313297,314,9.47770700637,3267,49,1,152,7111,
1152,1413393269.86,2,1000,340,340,660,1.85567406944,1.27943903515,1.60154438019,340,9.55588235294,3543,58,0,153,7163,
1153,1413393269.91,2,1005,352,352,653,1.91181660621,1.34512396855,1.62858521938,352,8.85511363636,3254,44,0,152,7138,
1154,1413393269.96,2,1003,332,332,671,1.93397797025,1.33203140472,1.62416565418,332,8.85240963855,3236,43,1,152,7138,
1155,1413393270.01,2,1003,348,348,655,1.92368772876,1.37538145385,1.55759179592,348,9.41954022989,3747,62,0,153,7196,
1156,1413393270.06,2,1007,342,342,665,1.78036661605,1.30419340773,1.42099356651,342,8.61988304094,3768,61,0,151,7159,
1157,1413393270.11,2,1002,337,337,665,1.85428218402,1.32848190054,1.42885160446,337,8.51632047478,3367,46,1,151,7159,
1158,1413393270.16,2,1001,374,374,627,1.87042092408,1.39885417727,1.42710542679,374,8.7807486631,3665,58,0,152,7220,
1159,1413393270.21,2,1002,381,381,621,1.65221822581,1.26904580461,1.29116690159,381,8.41732283465,3812,61,0,151,7203,
1160,1413393270.26,2,1005,344,344,661,1.65741037623,1.29601341313,1.35045385361,344,8.64825581395,3812,61,1,151,7203,
1161,1413393270.31,2,1002,373,373,629,1.69058439509,1.39477883528,1.29104506969,373,8.70509383378,3689,58,0,152,7244,
1162,1413393270.36,2,1002,385,385,617,1.65823015236,1.40344815357,1.16702151299,385,8.52467532468,3687,58,0,152,7242,
1163,1413393270.41,2,1002,377,377,625,1.62870466638,1.28949063457,1.21212148666,377,8.67108753316,3023,41,1,152,7242,
1164,1413393270.46,2,1005,412,412,593,1.64331245261,1.26592459633,1.31402373314,412,8.80097087379,3119,46,0,153,7295,
1165,1413393270.51,2,1003,407,407,596,1.52911396808,1.31573482187,1.17062556744,407,8.87714987715,3893,62,0,152,7284,
1166,1413393270.56,2,1004,391,391,613,1.71117516632,1.39196437206,1.27107715607,391,8.83120204604,3729,58,1,152,7284,
1167,1413393270.61,2,1002,411,411,591,1.7413992221,1.43290662959,1.27339744568,411,9.31143552311,3762,59,0,153,7317,
1168,1413393270.66,2,1001,398,398,603,1.6172174239,1.32040434074,1.17786002159,398,8.69346733668,3077,41,0,152,7296,
1169,1413393270.71,2,1006,389,389,617,1.63340161823,1.35184609054,1.23741066456,389,8.65038560411,3077,41,1,152,7296,
1170,1413393270.76,2,997,416,416,581,1.59696081999,1.28324189313,1.2037293911,416,9.62740384615,3118,43,0,153,7311,
1171,1413393270.81,2,1001,430,430,571,1.60041974813,1.3663792031,1.20253312588,430,8.71627906977,2765,34,0,152,7297,
1172,1413393270.86,2,1002,424,424,578,1.50027793221,1.27915585966,1.08721375465,424,8.71226415094,3104,42,1,152,7297,
1173,1413393270.91,2,1002,435,435,567,1.54289553601,1.28817888801,1.1378954649,435,9.59540229885,3132,46,0,153,7308,
1174,1413393270.96,2,995,427,427,568,1.45413015395,1.23950476811,1.02507352829,427,9.79859484778,3532,54,0,153,7307,
1175,1413393271.01,2,1006,438,438,568,1.46199843975,1.16261113039,1.11274576187,438,9.69634703196,3718,56,1,153,7307,
1176,1413393271.06,2,1001,450,450,551,1.4081059054,1.149145128,1.12933373451,450,10.5844444444,3934,64,0,154,7325,
1177,1413393271.11,2,996,437,437,559,1.4499575049,1.24658326938,1.07573211193,437,10.6247139588,3934,64,0,154,7325,
1178,1413393271.16,2,996,435,435,561,1.41064325031,1.2153621064,1.02796280384,435,10.6091954023,4422,71,1,154,7325,
1179,1413393271.21,2,993,462,462,531,1.40348127092,1.21343519643,1.02499270439,462,11.3333333333,3948,65,0,155,7339,
1180,1413393271.26,2,991,459,463,532,1.4345608794,1.2370323696,1.01751887798,459,10.5577342048,3945,65,0,154,7313,
1181,1413393271.31,2,999,443,443,556,1.41025486552,1.1560285276,1.06420814991,443,10.0586907449,4394,70,1,153,7297,
1182,1413393271.36,2,989,443,443,546,1.5021316491,1.29160469015,1.07720983028,443,10.7742663657,3925,64,0,154,7316,
1183,1413393271.41,2,990,427,429,563,1.39899946506,1.23695935845,1.01693117619,427,10.0538641686,3925,64,0,153,7299,
1184,1413393271.46,2,993,406,406,587,1.60523368574,1.40449752923,1.21113431454,406,10.0098522167,3908,63,1,153,7299,
1185,1413393271.51,2,1004,430,430,574,1.69681093766,1.38849916655,1.29509115219,430,10.8488372093,3559,55,0,154,7334,
1186,1413393271.56,2,994,425,425,569,1.54772055749,1.32838442549,1.17035353184,425,10.88,3559,53,0,154,7334,
1187,1413393271.61,2,996,391,391,605,1.522501439,1.28001528539,1.11506974697,391,11.1099744246,3943,64,1,154,7334,
1188,1413393271.66,2,991,436,436,555,1.58910790503,1.38724290553,1.10768306255,436,11.3096330275,3604,55,0,155,7379,
1189,1413393271.71,2,990,428,428,562,1.52423484674,1.35778851244,1.11258387566,428,11.0490654206,3603,55,0,155,7378,
1190,1413393271.76,2,989,381,381,608,1.52444470298,1.3728165999,1.14424026012,381,10.9238845144,3578,55,1,154,7353,
1191,1413393271.81,2,992,453,453,539,1.70476204367,1.46932077052,1.23949158192,453,10.8697571744,4019,65,0,155,7410,
1192,1413393271.86,2,995,422,422,573,1.59917541884,1.38114579471,1.18630206585,422,10.7559241706,3821,58,0,155,7410,
1193,1413393271.91,2,990,416,416,574,1.57776983855,1.36385013631,1.16422510147,416,11.0480769231,3635,56,1,155,7410,
1194,1413393271.96,2,990,394,394,596,1.69963629759,1.30911795946,1.33076953888,394,11.7005076142,4195,64,0,156,7427,
1195,1413393272.01,2,993,422,422,571,1.69877427232,1.38962873246,1.25608336926,422,11.7630331754,4593,75,0,156,7427,
1196,1413393272.06,2,991,405,405,586,1.68482615905,1.43286575056,1.22158551216,405,11.7555555556,4193,64,1,156,7425,
1197,1413393272.11,2,997,420,420,577,1.621725363,1.38158914984,1.25492525101,420,12.369047619,4383,67,0,157,7434,
1198,1413393272.16,2,998,397,397,601,1.80002886522,1.46490761648,1.34855294228,397,12.3073047859,4383,67,0,157,7434,
1199,1413393272.21,2,987,392,392,595,1.64986717935,1.30988602714,1.27096164227,392,11.5025510204,4191,64,1,156,7423,
1200,1413393272.26,2,995,405,405,590,1.63938001663,1.38263044428,1.19668722153,405,12.0913580247,4240,65,0,157,7472,
1201,1413393272.31,2,997,416,416,581,1.64587974098,1.36254850195,1.25034785271,416,11.7139423077,4236,65,0,157,7468,
1202,1413393272.36,2,991,420,420,571,1.63121066701,1.34307840739,1.22150266171,420,11.8976190476,4417,67,1,157,7468,
1203,1413393272.41,2,989,435,435,554,1.71100994809,1.39830380764,1.26653397083,435,12.4183908046,4613,74,0,158,7481,
1204,1413393272.46,2,987,380,380,607,1.70041461255,1.35805714687,1.34685730934,380,12.8210526316,4249,63,0,158,7481,
1205,1413393272.51,2,987,379,379,608,1.60361814442,1.39480538585,1.17307376862,379,11.7862796834,4728,81,0,156,7438,
1206,1413393272.56,2,975,367,367,608,1.64105454317,1.25895303521,1.29797959328,367,12.0326975477,4728,81,1,156,7438,
1207,1413393272.61,2,984,397,397,587,1.59602528253,1.26025887103,1.20104765892,397,11.8186397985,4756,82,0,157,7466,
1208,1413393272.66,2,978,402,402,576,1.64661852057,1.28709044841,1.32454121113,402,11.7960199005,4562,74,0,157,7465,
1209,1413393272.71,2,978,366,366,612,1.68778524361,1.41629572177,1.21927452087,366,11.8743169399,4233,65,1,157,7465,
1210,1413393272.76,2,977,398,398,579,1.6656514203,1.33747109338,1.29090201855,398,12.5628140704,4702,81,0,158,7493,
1211,1413393272.81,2,966,374,374,592,1.64267897438,1.262681922,1.27094459534,374,12.3101604278,4742,81,0,158,7493,
1212,1413393272.86,2,968,368,368,600,1.66735653245,1.29488025897,1.23958075047,368,11.4673913043,4743,81,0,156,7453,
1213,1413393272.91,2,967,356,356,611,1.68913068128,1.29491567015,1.30139756203,356,11.0898876404,4743,81,1,156,7453,
1214,1413393272.96,2,955,378,378,577,1.71484979186,1.33984992472,1.33346736431,378,11.7936507937,4771,82,0,157,7481,
1215,1413393273.01,2,966,376,376,590,1.752378925,1.39212018628,1.33443033695,376,12.2925531915,4784,81,0,157,7481,
1216,1413393273.06,2,964,341,341,623,1.7249873142,1.33168565423,1.36316430569,341,12.3020527859,4595,81,0,157,7481,
1217,1413393273.11,2,964,355,355,609,1.71971702688,1.31631539384,1.32422935963,355,12.1605633803,4594,81,0,157,7480,
1218,1413393273.16,2,953,344,344,609,1.70569759742,1.36784807119,1.27324521542,344,12.5668604651,4594,81,1,157,7480,
1219,1413393273.21,2,969,368,368,601,1.74625631661,1.44931635988,1.33837997913,368,13.25,4592,82,0,158,7478,
1220,1413393273.26,2,969,327,327,642,1.7405021907,1.32919901023,1.32861888409,327,13.8042813456,4592,82,0,158,7478,
1221,1413393273.31,2,953,330,330,623,1.79215343475,1.4054023793,1.44749832153,330,13.9121212121,4592,82,0,158,7478,
1222,1413393273.36,2,951,315,315,636,1.86133678528,1.4197337195,1.48581540585,315,14.2634920635,4652,83,0,158,7478,
1223,1413393273.41,2,969,312,312,657,1.61970506512,1.25080383684,1.33921158314,312,13.0384615385,4569,81,0,157,7455,
1224,1413393273.46,2,960,316,316,644,1.88263759609,1.3908934471,1.4387165308,316,13.2183544304,4733,85,1,157,7455,
1225,1413393273.51,2,965,368,368,597,1.78551218713,1.39249996331,1.36513638496,368,12.5380434783,4784,86,0,158,7506,
1226,1413393273.56,2,942,353,353,589,1.74027719157,1.26517068988,1.36449384689,353,12.9858356941,4784,86,0,158,7506,
1227,1413393273.61,2,955,338,338,617,1.81157956876,1.39166034951,1.48523211479,338,13.4970414201,4704,84,0,158,7506,
1228,1413393273.66,2,953,328,328,625,1.76270425044,1.33334636112,1.39513468742,328,13.612804878,4777,86,0,158,7506,
1229,1413393273.71,2,957,340,340,617,1.69637223814,1.21663507925,1.39785170555,340,13.2176470588,4790,87,0,157,7491,
1230,1413393273.76,2,963,340,340,623,1.69569401774,1.25601863026,1.37108528614,340,12.9735294118,4937,93,1,157,7491,
1231,1413393273.81,2,944,345,345,599,1.72504487251,1.25857934612,1.41919875145,345,13.5420289855,5012,95,0,158,7523,
1232,1413393273.86,2,958,345,345,613,1.76292442308,1.32817571706,1.41980588436,345,13.4463768116,4822,88,0,158,7523,
1233,1413393273.91,2,958,345,345,613,1.75745110065,1.26996966265,1.39347577095,345,13.9565217391,5029,97,0,158,7523,
1234,1413393273.96,2,959,340,340,619,1.71077109026,1.30594792164,1.37571966648,340,13.9058823529,5029,97,0,158,7523,
1235,1413393274.01,2,966,349,349,617,1.57995467804,1.33688517627,1.14871656895,349,13.6991404011,5014,96,0,157,7508,
1236,1413393274.06,2,958,359,359,599,1.67150176091,1.39149056055,1.28424656391,359,14.1532033426,5014,96,1,157,7508,
1237,1413393274.11,2,944,380,380,564,1.60349618717,1.1793574459,1.29511642456,380,14.5263157895,4996,97,0,158,7490,
1238,1413393274.16,2,960,353,353,607,1.46609455506,1.18377269817,1.18438267708,353,14.8413597734,4996,97,0,158,7490,
1239,1413393274.21,2,953,361,361,592,1.60595705329,1.31962796514,1.22932744026,361,15.4210526316,4953,96,0,158,7490,
1240,1413393274.26,2,947,349,349,598,1.58891523823,1.26106380553,1.2138260603,349,14.776504298,4949,96,0,158,7486,
1241,1413393274.31,2,963,403,403,560,1.64556955705,1.35330255353,1.18792772293,403,14.4565756824,4992,97,0,158,7486,
1242,1413393274.36,2,954,352,352,602,1.65109085387,1.27928746788,1.31789684296,352,14.8522727273,4995,98,1,158,7486,
1243,1413393274.41,2,951,376,376,575,1.61638932801,1.26457033531,1.24261629581,376,15.1675531915,4944,98,0,159,7478,
1244,1413393274.46,2,955,351,351,604,1.47379365571,1.21549803765,1.18585693836,351,16.0056980057,4941,97,0,159,7478,
1245,1413393274.51,2,956,365,365,591,1.52102218089,1.15311188232,1.22153353691,365,15.8520547945,4944,99,0,159,7478,
1246,1413393274.56,2,949,371,371,578,1.50021277531,1.12089844309,1.19447541237,371,16.1994609164,4944,99,0,159,7478,
1247,1413393274.61,2,971,392,392,579,1.5924402003,1.1903518601,1.29730916023,392,16.181122449,4987,100,0,159,7478,
1248,1413393274.66,2,942,356,356,586,1.4863349538,1.22228137366,1.19877851009,356,15.9887640449,4985,100,0,159,7476,
1249,1413393274.71,2,950,364,364,586,1.49328457289,1.20880868703,1.15631425381,364,15.5494505495,4979,99,0,158,7470,
1250,1413393274.76,2,947,366,366,581,1.45030283149,1.15999491863,1.15825784206,366,15.6584699454,4936,98,1,158,7470,
1251,1413393274.81,2,956,401,401,555,1.46488308449,1.10781519484,1.14533615112,401,16.174563591,4922,99,0,159,7456,
1252,1413393274.86,2,945,394,394,551,1.42871161563,1.09489383294,1.10518634319,394,16.5406091371,4922,99,0,159,7456,
1253,1413393274.91,2,957,397,397,560,1.38622361808,1.05360888598,1.09314346313,397,16.3778337531,4922,99,0,159,7456,
1254,1413393274.96,2,960,414,414,546,1.41814063063,1.0311006203,1.20519566536,414,16.0676328502,4922,99,0,159,7456,
1255,1413393275.01,2,965,404,404,561,1.38985593082,1.08532920741,1.12435007095,404,16.3935643564,4922,99,0,159,7456,
1256,1413393275.06,2,966,397,398,569,1.33316319901,1.01469816224,1.04120063782,397,16.2770780856,4922,99,0,159,7454,
1257,1413393275.11,2,964,407,407,557,1.35195803435,1.08642251142,1.04533576965,407,15.7714987715,4920,99,0,159,7454,
1258,1413393275.16,2,971,399,399,572,1.27759536933,0.959794886091,1.02615535259,399,16.1879699248,4920,99,1,159,7454,
1259,1413393275.21,2,973,423,423,550,1.3233791831,0.980187388718,1.10923695564,423,16.7919621749,4943,100,0,160,7477,
1260,1413393275.26,2,957,435,435,522,1.34961195522,1.06848115751,1.09698545933,435,16.2390804598,4943,100,0,160,7477,
1261,1413393275.31,2,979,423,423,556,1.3997055066,1.18386748924,1.06467318535,423,16.3120567376,4943,100,0,160,7477,
1262,1413393275.36,2,986,426,426,560,1.40423003139,1.16636851423,1.06654214859,426,16.2535211268,4943,100,0,160,7477,
1263,1413393275.41,2,979,410,410,569,1.43105722325,1.18393410858,1.10749125481,410,16.1,4943,100,0,160,7477,
1264,1413393275.46,2,982,420,420,562,1.31292820642,1.06487646764,1.02732765675,420,15.8833333333,4943,100,0,160,7477,
1265,1413393275.51,2,985,402,402,583,1.31443694993,1.07120722804,1.04286384583,402,16.7810945274,4943,100,0,160,7477,
1266,1413393275.56,2,980,415,415,565,1.26819373427,0.992350950818,0.988924205303,415,15.934939759,4943,100,0,160,7477,
1267,1413393275.61,2,984,431,431,553,1.29303588376,1.05772687244,0.949935495853,431,15.7053364269,4928,99,0,159,7462,
1268,1413393275.66,2,994,427,427,567,1.30929239674,1.13088540017,0.997203230858,427,15.81264637,4928,99,0,159,7462,
1269,1413393275.71,2,996,422,422,574,1.37557111302,1.15417959615,1.07509350777,422,15.5876777251,4782,97,0,159,7462,
1270,1413393275.76,2,1002,421,421,581,1.30854347174,0.969938768912,1.04368770123,421,15.729216152,4782,97,0,159,7462,
1271,1413393275.81,2,998,426,426,572,1.32038876288,1.03557352951,1.04111039639,426,15.1220657277,4781,95,0,159,7462,
1272,1413393275.86,2,1002,416,416,586,1.36754410807,1.11672662642,1.06622219086,416,15.9375,4781,95,0,159,7462,
1273,1413393275.91,2,1002,395,395,607,1.28046082642,0.995714640311,1.0304813385,395,16.2050632911,4781,95,1,159,7462,
1274,1413393275.96,2,1004,438,438,566,1.3251655763,1.08333527508,0.978420197964,438,16.3333333333,4778,96,0,160,7459,
1275,1413393276.01,2,1004,415,415,589,1.32677980158,1.11954806123,1.0332120657,415,15.8939759036,4924,98,0,160,7459,
1276,1413393276.06,2,1004,430,430,574,1.31514086618,1.0942830443,1.01469254494,430,15.9348837209,4687,95,0,160,7459,
1277,1413393276.11,2,1002,425,425,577,1.43060707613,1.21751229091,1.1266118288,425,15.7694117647,4668,93,0,160,7459,
1278,1413393276.16,2,1005,433,433,572,1.30906071274,1.12838242785,1.00538885593,433,16.1478060046,4722,91,0,160,7459,
1279,1413393276.21,2,1004,411,411,593,1.29887681959,1.09950443991,0.934200704098,411,16.197080292,4722,91,0,160,7459,
1280,1413393276.26,2,1004,425,425,579,1.36561419833,1.14259077392,1.10085403919,425,16.0564705882,4631,90,0,160,7459,
1281,1413393276.31,2,1004,420,420,584,1.23387624262,1.01998193639,0.945674777031,420,16.5047619048,4367,85,0,160,7459,
1282,1413393276.36,2,1004,443,443,561,1.29287629615,1.13574598663,0.983973622322,443,16.1738148984,4367,85,0,160,7459,
1283,1413393276.41,2,1004,430,430,574,1.32680412709,1.17739151234,1.00558185577,430,16.5139534884,4367,85,0,160,7459,
1284,1413393276.46,2,1001,421,421,580,1.31650472616,1.17388368986,0.973344504833,421,16.4679334917,4367,85,0,160,7459,
1285,1413393276.51,2,1004,416,416,588,1.20637906679,0.907407585944,0.96936070919,416,16.7884615385,4367,85,1,160,7459,
1286,1413393276.56,2,1005,441,441,564,1.30740803736,1.15634309672,0.98112988472,441,16.9682539683,4377,86,0,161,7469,
1287,1413393276.61,2,1004,430,430,574,1.34507960718,1.23001792388,0.982198238373,430,16.7325581395,4641,91,0,161,7469,
1288,1413393276.66,2,1002,421,421,581,1.32285839703,1.08218803437,1.0652050972,421,17.1163895487,4641,91,0,161,7469,
1289,1413393276.71,2,1007,406,406,601,1.37661838822,1.07033070758,1.08149290085,406,16.6034482759,4641,91,0,161,7469,
1290,1413393276.76,2,1007,424,424,583,1.30745575223,1.08646551885,1.00284266472,424,16.5613207547,4641,91,0,161,7469,
1291,1413393276.81,2,1004,410,410,594,1.26544507549,1.05645595494,0.929896712303,410,16.6390243902,4627,90,0,160,7455,
1292,1413393276.86,2,1002,420,420,582,1.30267231154,1.09093703209,0.954312086105,420,16.4285714286,4627,90,1,160,7455,
1293,1413393276.91,2,1002,461,461,541,1.15840682498,0.937829121754,0.941265165806,461,16.125813449,4657,91,0,161,7485,
1294,1413393276.96,2,1001,461,461,540,1.31580274138,1.01820810357,1.04583871365,461,16.0607375271,4657,91,0,161,7485,
1295,1413393277.01,2,1008,456,456,552,1.27928491112,0.991226010904,1.01876544952,456,16.149122807,4657,91,0,161,7485,
1296,1413393277.06,2,1005,435,435,570,1.27614074927,1.08660589232,0.962382376194,435,16.3655172414,4657,91,0,161,7485,
1297,1413393277.11,2,1003,424,424,579,1.3059346073,1.0255553931,1.05686163902,424,16.4339622642,4393,86,0,161,7485,
1298,1413393277.16,2,1006,411,411,595,1.3252141349,1.12332540206,1.00210404396,411,16.2749391727,4393,86,0,161,7485,
1299,1413393277.21,2,1001,406,406,595,1.22888178421,1.03969621565,0.951427578926,406,16.5024630542,4393,86,1,161,7485,
1300,1413393277.26,2,1007,458,458,549,1.29313630735,1.00748427857,1.03210914135,458,16.7292576419,4433,87,0,162,7525,
1301,1413393277.31,2,1005,452,452,553,1.32439636543,1.12572637131,1.02150225639,452,16.2411504425,4433,87,0,162,7525,
1302,1413393277.36,2,1006,449,449,557,1.35672606748,1.20966151796,0.990226507187,449,16.5122494432,4433,87,0,162,7525,
1303,1413393277.41,2,1005,442,442,563,1.37162103183,1.1616432854,1.00701677799,442,16.5384615385,4369,86,0,162,7525,
1304,1413393277.46,2,1007,442,442,565,1.3850293772,1.16853503331,1.06026911736,442,16.4095022624,4369,86,0,162,7525,
1305,1413393277.51,2,1006,425,432,581,1.26158090588,0.997451541918,0.955218017101,425,16.48,4369,86,0,161,7500,
1306,1413393277.56,2,1006,417,417,589,1.3585962205,1.11404396801,1.00687479973,417,15.5947242206,4328,84,1,160,7484,
1307,1413393277.61,2,1006,454,454,552,1.30668186866,1.0365953161,0.992253065109,454,16.2929515419,4318,85,0,161,7474,
1308,1413393277.66,2,1005,441,441,564,1.3392751065,1.05657755229,0.997578561306,441,16.6575963719,4318,85,0,161,7474,
1309,1413393277.71,2,1006,436,436,570,1.38756073707,1.26881061591,1.01039493084,436,16.6077981651,4382,86,0,161,7474,
1310,1413393277.76,2,1005,433,433,572,1.32962621261,1.07739878847,1.06560111046,433,16.9191685912,4473,87,0,161,7474,
1311,1413393277.81,2,1004,453,453,551,1.22684495283,1.01553206082,0.958018124104,453,16.348785872,4473,87,0,161,7474,
1312,1413393277.86,2,1003,419,419,584,1.33689979879,1.07549247989,1.0408039093,419,17.0954653938,4472,87,0,161,7473,
1313,1413393277.91,2,1005,428,428,577,1.27006441615,1.05185253792,0.980595707893,428,16.476635514,4366,85,1,160,7458,
1314,1413393277.96,2,1006,464,464,542,1.30972955852,1.09344008641,0.987687528133,464,16.8814655172,4384,86,0,161,7476,
1315,1413393278.01,2,1005,464,464,541,1.30226747171,0.966769227765,0.995268344879,464,16.6422413793,4320,85,0,161,7476,
1316,1413393278.06,2,1007,445,445,562,1.39096404449,1.13455408462,1.03664827347,445,16.7460674157,4320,85,0,161,7476,
1317,1413393278.11,2,1007,444,444,563,1.45258390489,1.17040356803,1.16575562954,444,16.5878378378,4320,85,0,161,7476,
1318,1413393278.16,2,1008,437,437,571,1.36000064256,1.05487561758,1.07775211334,437,16.3546910755,4189,83,0,161,7476,
1319,1413393278.21,2,1005,415,415,590,1.35752612263,1.09103962518,1.06771504879,415,15.8819277108,4188,83,0,160,7465,
1320,1413393278.26,2,1005,405,405,600,1.39845515351,1.09723464901,1.12620949745,405,16.3259259259,4178,82,1,160,7465,
1321,1413393278.31,2,1009,429,429,580,1.34931559256,1.09049356389,1.02810096741,429,16.0512820513,4212,82,0,161,7502,
1322,1413393278.36,2,1006,412,412,594,1.43275248022,1.11600153403,1.15976583958,412,16.1480582524,4212,82,0,161,7502,
1323,1413393278.41,2,1006,412,412,594,1.51371729661,1.25950193247,1.14693343639,412,16.2014563107,4212,82,0,161,7502,
1324,1413393278.46,2,1005,414,414,591,1.45837511053,1.12615715027,1.18922710419,414,16.0265700483,4212,82,0,161,7502,
1325,1413393278.51,2,1008,402,402,606,1.49917974776,1.19537969099,1.21023392677,402,16.2437810945,4212,82,0,161,7502,
1326,1413393278.56,2,1006,389,389,617,1.5632836324,1.27109700083,1.16479849815,389,15.9434447301,4208,81,0,161,7502,
1327,1413393278.61,2,1010,373,373,637,1.54002595531,1.3083014569,1.1806704998,373,15.9195710456,4174,80,0,161,7502,
1328,1413393278.66,2,1006,385,385,621,1.47356316739,1.20191006475,1.15297281742,385,15.2909090909,4174,80,1,161,7502,
1329,1413393278.71,2,1005,414,414,591,1.55733585385,1.15653915877,1.25083255768,414,15.0458937198,4175,80,0,162,7525,
1330,1413393278.76,2,1007,374,374,633,1.56778755497,1.19131863901,1.27915370464,374,15.4705882353,4132,80,0,162,7525,
1331,1413393278.81,2,1008,368,368,640,1.60380681205,1.23238550833,1.31165027618,368,15.5163043478,4132,80,0,162,7525,
1332,1413393278.86,2,1008,349,349,659,1.63820681448,1.19824741653,1.38621091843,349,15.005730659,4273,81,0,162,7525,
1333,1413393278.91,2,1005,348,348,657,1.50670541948,1.0995000158,1.24224495888,348,14.8936781609,4214,80,0,162,7525,
1334,1413393278.96,2,1006,360,360,646,1.61567968689,1.20666471927,1.3645567894,360,14.3888888889,4198,79,1,161,7509,
1335,1413393279.01,2,1005,376,376,629,1.57417820782,1.21499458468,1.29267299175,376,14.1835106383,4244,80,0,162,7555,
1336,1413393279.06,2,1006,367,367,639,1.59576574189,1.1000980726,1.28397107124,367,14.6158038147,4244,80,0,162,7555,
1337,1413393279.11,2,1012,376,376,636,1.60432544662,1.17112252088,1.27860844135,376,14.3510638298,4244,80,0,162,7555,
1338,1413393279.16,2,1007,359,359,648,1.69242644395,1.25994167877,1.36331439018,359,14.2479108635,4244,80,0,162,7555,
1339,1413393279.21,2,1008,370,372,638,1.62832846914,1.34508940503,1.26996719837,370,13.572972973,4244,80,0,161,7538,
1340,1413393279.26,2,1005,369,369,636,1.58305006977,1.18744564306,1.30765545368,369,13.5853658537,4227,79,1,161,7538,
1341,1413393279.31,2,1006,404,404,602,1.60506700095,1.20289744747,1.25635421276,404,13.349009901,4250,80,0,162,7561,
1342,1413393279.36,2,1004,373,373,631,1.64586434737,1.28591107286,1.27652895451,373,13.855227882,4072,77,0,162,7561,
1343,1413393279.41,2,1001,364,364,637,1.69825958187,1.30265288324,1.3692432642,364,13.9340659341,4165,79,0,162,7561,
1344,1413393279.46,2,1007,358,358,649,1.77462343193,1.29304275909,1.44513607025,358,14.0921787709,4165,79,0,162,7561,
1345,1413393279.51,2,1003,354,354,649,1.52785387468,1.19651251312,1.21584141254,354,13.4548022599,4164,79,0,162,7560,
1346,1413393279.56,2,1006,352,352,654,1.61700064858,1.25987724159,1.32493293285,352,13.1392045455,4151,78,1,161,7547,
1347,1413393279.61,2,1005,414,414,591,1.44863865307,1.15621438465,1.11718869209,414,12.4565217391,4212,79,0,162,7608,
1348,1413393279.66,2,1004,403,403,601,1.63693231455,1.28041014355,1.29749143124,403,12.9205955335,4212,79,0,162,7608,
1349,1413393279.71,2,1007,393,393,614,1.55877000943,1.18320773052,1.25830757618,393,12.727735369,4212,79,0,162,7608,
1350,1413393279.76,2,1007,389,389,618,1.51191391975,1.26202287027,1.19348049164,389,12.2853470437,4211,79,0,162,7607,
1351,1413393279.81,2,1005,372,372,633,1.50126210267,1.12818707297,1.23572707176,372,11.9543010753,4195,78,0,161,7591,
1352,1413393279.86,2,1007,353,353,654,1.52289162789,1.21466873411,1.15470349789,353,12.0906515581,4195,78,1,161,7591,
1353,1413393279.91,2,1005,404,404,601,1.48830395274,1.13057565444,1.11415374279,404,12.0965346535,4250,79,0,162,7646,
1354,1413393279.96,2,1007,398,398,609,1.57581876944,1.27224690729,1.17097055912,398,11.9271356784,4157,77,0,162,7646,
1355,1413393280.01,2,1005,410,410,595,1.53845549201,1.2676889505,1.20193779469,410,11.7731707317,4157,77,0,162,7646,
1356,1413393280.06,2,1007,382,382,625,1.56814158928,1.34280719127,1.15231561661,382,11.8821989529,4155,77,0,162,7644,
1357,1413393280.11,2,1007,377,377,630,1.4916165065,1.2982160458,1.09066450596,377,11.6233421751,4140,76,1,161,7629,
1358,1413393280.16,2,1006,427,427,579,1.63265863232,1.50418103656,1.17667901516,427,11.6861826698,4174,77,0,162,7663,
1359,1413393280.21,2,1006,399,399,607,1.55487784418,1.3189828239,1.14257264137,399,11.679197995,4174,77,0,162,7663,
1360,1413393280.26,2,1006,406,406,600,1.50736431564,1.20320298801,1.1526132822,406,11.8004926108,4174,77,0,162,7663,
1361,1413393280.31,2,1004,399,399,605,1.5294612906,1.2074067682,1.16792285442,399,11.2406015038,4174,77,0,162,7663,
1362,1413393280.36,2,1011,387,387,624,1.504889769,1.24516841026,1.15796387196,387,11.9819121447,4174,77,1,162,7663,
1363,1413393280.41,2,1007,428,428,579,1.5431132295,1.27000537848,1.16139006615,428,11.7943925234,4238,78,0,163,7727,
1364,1413393280.46,2,1002,410,410,592,1.55182034669,1.21705199755,1.21655380726,410,12.0365853659,4238,78,0,163,7727,
1365,1413393280.51,2,1006,407,407,599,1.61565004838,1.378066376,1.19820296764,407,11.8206388206,4238,78,0,163,7727,
1366,1413393280.56,2,1007,393,393,614,1.49187598248,1.27796695394,1.14039111137,393,11.7557251908,4237,78,0,163,7726,
1367,1413393280.61,2,1004,402,402,602,1.57611975557,1.30351531422,1.14081299305,402,11.4179104478,4237,78,1,163,7726,
1368,1413393280.66,2,1006,435,435,571,1.54306123711,1.30582529815,1.17827963829,435,11.8137931034,4268,79,0,164,7757,
1369,1413393280.71,2,1007,426,426,581,1.55221621774,1.30764234439,1.18957936764,426,11.558685446,4268,79,0,164,7757,
1370,1413393280.76,2,1005,409,409,596,1.54860515367,1.28434662367,1.1673797369,409,11.7383863081,4268,79,0,164,7757,
1371,1413393280.81,2,1005,381,381,624,1.40060306243,1.14399339553,1.08865237236,381,11.6089238845,4268,79,0,164,7757,
1372,1413393280.86,2,1006,388,388,618,1.56027518826,1.24462017322,1.2833186388,388,12.0309278351,4268,79,1,164,7757,
1373,1413393280.91,2,1011,434,434,577,1.48011370647,1.31608149889,1.07806921005,434,11.9170506912,4338,81,0,165,7799,
1374,1413393280.96,2,1004,418,418,586,1.52856408001,1.2243127611,1.19080805779,418,12.514354067,4310,80,0,165,7799,
1375,1413393281.01,2,1005,380,380,625,1.57113704778,1.27334709897,1.20149540901,380,12.2578947368,4310,80,0,165,7799,
1376,1413393281.06,2,1010,400,400,610,1.63820928698,1.24796804177,1.2796895504,400,11.8675,4308,78,0,165,7797,
1377,1413393281.11,2,1007,362,362,645,1.70524852032,1.38185369303,1.36932218075,362,11.679558011,4239,77,1,165,7797,
1378,1413393281.16,2,1007,408,408,599,1.54296635259,1.21984937534,1.19236278534,408,12.0196078431,4223,76,0,166,7860,
1379,1413393281.21,2,1009,403,403,606,1.55957109975,1.18956800419,1.23031818867,403,11.2084367246,4223,76,0,166,7860,
1380,1413393281.26,2,1007,383,383,624,1.67039169908,1.35073536933,1.30641555786,383,11.5221932115,4223,76,0,166,7860,
1381,1413393281.31,2,1006,393,393,613,1.67167781858,1.3306508399,1.27808773518,393,11.1755725191,4221,76,0,166,7858,
1382,1413393281.36,2,1007,372,372,635,1.5323395918,1.1998033425,1.2560968399,372,11.4327956989,4221,76,1,166,7858,
1383,1413393281.41,2,1006,400,400,606,1.55589356748,1.24874094984,1.22106230259,400,11.695,4260,77,0,167,7897,
1384,1413393281.46,2,1005,391,391,614,1.63905715195,1.26403911198,1.23139214516,391,11.1969309463,4260,77,0,167,7897,
1385,1413393281.51,2,1002,380,380,622,1.69301095278,1.26416822722,1.26436030865,380,10.9289473684,4260,77,0,167,7897,
1386,1413393281.56,2,1004,359,359,645,1.57180064136,1.21711772399,1.21048212051,359,10.6100278552,3947,65,0,166,7882,
1387,1413393281.61,2,1007,351,351,656,1.5885295988,1.16898178603,1.27572774887,351,10.4957264957,3754,60,1,166,7882,
1388,1413393281.66,2,1005,397,397,608,1.65861258044,1.27332199677,1.31768286228,397,10.3778337531,3753,60,0,167,7922,
1389,1413393281.71,2,1006,393,393,613,1.60285244965,1.15611926993,1.32042348385,393,10.5903307888,3753,60,0,167,7922,
1390,1413393281.76,2,1007,366,366,641,1.65664334717,1.22417044908,1.30227458477,366,10.5191256831,3753,60,0,167,7922,
1391,1413393281.81,2,1008,382,382,626,1.63532445416,1.36177289522,1.27390289307,382,10.277486911,3752,60,0,167,7921,
1392,1413393281.86,2,1005,341,341,664,1.56126135672,1.20811223964,1.22911429405,341,10.1759530792,3752,60,1,167,7921,
1393,1413393281.91,2,1011,396,396,615,1.72306210499,1.44248454327,1.30010139942,396,10.5075757576,3692,60,0,168,7963,
1394,1413393281.96,2,1003,381,381,622,1.62026804109,1.39926913702,1.22075796127,381,10.3937007874,3607,58,0,168,7963,
1395,1413393282.01,2,1007,378,378,629,1.61825846743,1.29240745728,1.33052253723,378,10.3042328042,3607,58,0,168,7963,
1396,1413393282.06,2,1005,379,379,626,1.50508591741,1.21127651576,1.14908289909,379,9.84432717678,3584,57,0,167,7948,
1397,1413393282.11,2,1005,375,375,630,1.56376632386,1.21284029855,1.23350465298,375,10.2106666667,3584,57,0,167,7948,
1398,1413393282.16,2,1005,356,356,649,1.66501186985,1.413585962,1.19810581207,356,9.77247191011,3584,57,1,167,7948,
1399,1413393282.21,2,1006,432,432,574,1.64203058392,1.40298935244,1.23863363266,432,9.61574074074,3658,58,0,168,8022,
1400,1413393282.26,2,1004,418,418,586,1.57394408634,1.21414666805,1.25492179394,418,9.56459330144,3658,58,0,168,8022,
1401,1413393282.31,2,1006,401,401,605,1.6865074914,1.36473673999,1.3710129261,401,9.89775561097,3658,58,0,168,8022,
1402,1413393282.36,2,1002,398,398,604,1.5223963899,1.20408187914,1.16515743732,398,9.63316582915,3656,58,0,168,8020,
1403,1413393282.41,2,1005,381,381,624,1.63486882945,1.31670422825,1.21448659897,381,9.65354330709,3656,58,1,168,8020,
1404,1413393282.46,2,1004,419,419,585,1.57295155281,1.27138547507,1.22261500359,419,9.6276849642,3720,59,0,169,8084,
1405,1413393282.51,2,1002,415,415,587,1.64540200602,1.36067683326,1.2618162632,415,9.18072289157,3720,59,0,169,8084,
1406,1413393282.56,2,1005,397,397,608,1.64576566514,1.45793957255,1.17709374428,397,9.32241813602,3720,59,0,169,8084,
1407,1413393282.61,2,1004,389,389,615,1.60749272799,1.35963732299,1.16453325748,389,9.26735218509,3716,59,0,169,8080,
1408,1413393282.66,2,1003,395,395,608,1.67493891669,1.3511751238,1.30858302116,395,9.2582278481,3716,59,1,169,8080,
1409,1413393282.71,2,1004,428,428,576,1.55210566878,1.20298638804,1.19143164158,428,9.32476635514,3775,60,0,170,8139,
1410,1413393282.76,2,1001,415,415,586,1.63903320363,1.29931642531,1.29699790478,415,8.98554216867,3775,60,0,170,8139,
1411,1413393282.81,2,1005,405,405,600,1.69473414434,1.39870518136,1.27266800404,405,9.17283950617,3775,60,0,170,8139,
1412,1413393282.86,2,1009,416,416,593,1.5830253889,1.38144413335,1.18409240246,416,9.32451923077,3775,60,1,170,8139,
1413,1413393282.91,2,1003,453,453,550,1.42293390474,1.17854259799,1.07719659805,453,9.62030905077,3826,61,0,171,8190,
1414,1413393282.96,2,1002,454,454,548,1.53721517787,1.37178836415,1.12649953365,454,9.59911894273,3826,61,0,171,8190,
1415,1413393283.01,2,1002,452,452,550,1.48299428757,1.30441201779,1.11526060104,452,9.94690265487,3826,61,0,171,8190,
1416,1413393283.06,2,1002,447,447,555,1.54296217032,1.38613494648,1.09633779526,447,9.99552572707,3826,61,0,171,8190,
1417,1413393283.11,2,1005,417,417,588,1.56319012546,1.37735723365,1.14083397388,417,10.3021582734,3826,61,1,171,8190,
1418,1413393283.16,2,1004,481,481,523,1.48122080083,1.21717207779,1.0926463604,481,10.7525987526,3861,62,0,172,8225,
1419,1413393283.21,2,1002,478,478,524,1.42225237015,1.17620376769,1.06255459785,478,10.5983263598,3861,62,0,172,8225,
1420,1413393283.26,2,1005,449,449,556,1.54601869896,1.22475775922,1.21607530117,449,11.1224944321,3861,62,0,172,8225,
1421,1413393283.31,2,1005,459,459,546,1.49715705383,1.32478102307,1.10484337807,459,10.8823529412,3861,62,0,172,8225,
1422,1413393283.36,2,1002,440,440,562,1.49762801922,1.32983634356,1.08298051357,440,11.0772727273,3861,62,1,172,8225,
1423,1413393283.41,2,990,451,451,539,1.42508164521,1.18330956301,1.08253288269,451,11.689578714,3870,63,0,173,8234,
1424,1413393283.46,2,990,437,437,553,1.38479210539,1.17556717872,1.02766513824,437,11.9153318078,3998,66,0,173,8234,
1425,1413393283.51,2,993,415,415,578,1.41334648553,0.984167260854,1.18519616127,415,12.5277108434,4342,73,0,173,8234,
1426,1413393283.56,2,988,424,424,564,1.47739996464,1.3038863956,1.0456725359,424,12.3490566038,4341,73,0,173,8233,
1427,1413393283.61,2,994,406,406,588,1.26826591921,1.04089427263,0.946877062321,406,12.236453202,4471,81,1,173,8233,
1428,1413393283.66,2,989,430,430,559,1.33895839176,1.15118294428,1.03348553181,430,13.3465116279,4421,81,0,174,8246,
1429,1413393283.71,2,992,421,421,571,1.28864384684,0.973433533884,1.02992868423,421,13.1140142518,4425,79,0,174,8246,
1430,1413393283.76,2,997,418,418,579,1.2772384731,0.954262509312,1.02410185337,418,12.8755980861,4421,81,0,174,8246,
1431,1413393283.81,2,1002,408,408,594,1.37407332002,1.13007027249,1.122797966,408,13.1691176471,4421,81,0,174,8246,
1432,1413393283.86,2,1004,395,395,609,1.28151242463,1.01507386236,1.04911899567,395,12.3443037975,4518,81,1,172,8205,
1433,1413393283.91,2,1006,417,417,589,1.34142100153,1.08066291786,1.02144765854,417,12.5443645084,4487,81,0,173,8249,
1434,1413393283.96,2,1002,415,415,587,1.35147331479,1.04151775519,1.07719361782,415,12.4361445783,4622,81,0,173,8249,
1435,1413393284.01,2,1004,426,426,578,1.43286207012,1.09347617955,1.17637050152,426,12.4178403756,4642,81,0,173,8249,
1436,1413393284.06,2,1004,408,408,596,1.38350016469,1.10704076078,1.11253595352,408,12.5955882353,4590,81,0,173,8249,
1437,1413393284.11,2,1005,387,387,618,1.42421463505,1.06701069378,1.19403064251,387,12.3979328165,4923,87,1,173,8249,
1438,1413393284.16,2,1007,414,414,593,1.43233886724,1.09998174211,1.15461456776,414,13.2487922705,4824,84,0,174,8270,
1439,1413393284.21,2,1004,411,411,593,1.41766185369,1.16901963677,1.10852515697,411,13.0072992701,5023,95,0,174,8270,
1440,1413393284.26,2,1006,391,391,615,1.51966689476,1.16804089128,1.25092685223,391,13.3069053708,5023,95,0,174,8270,
1441,1413393284.31,2,1006,379,379,627,1.45061856705,1.07409513349,1.20213735104,379,13.2955145119,5023,95,0,174,8270,
1442,1413393284.36,2,1005,377,377,628,1.36648325846,1.01501810123,1.12749421597,377,13.1140583554,5022,95,0,174,8269,
1443,1413393284.41,2,1003,352,352,651,1.44327281184,1.1097578536,1.17520165443,352,13.7272727273,5022,95,1,174,8269,
1444,1413393284.46,2,1005,380,380,625,1.54452029209,1.10645585998,1.33452188969,380,14.7526315789,5096,97,0,175,8285,
1445,1413393284.51,2,1006,357,357,649,1.37292440014,1.00868757293,1.17400956154,357,14.3473389356,5096,97,0,175,8285,
1446,1413393284.56,2,1004,354,354,650,1.48397188295,1.1287770096,1.16854655743,354,14.4209039548,4979,89,0,175,8285,
1447,1413393284.61,2,1004,326,326,678,1.53837014278,1.10518227895,1.26902890205,326,14.7024539877,5678,110,0,175,8285,
1448,1413393284.66,2,1005,311,311,694,1.60618729923,1.14775711697,1.3371322155,311,14.6784565916,5677,110,0,175,8284,
1449,1413393284.71,2,1003,301,301,702,1.6029437522,1.07717666175,1.37131488323,301,14.7641196013,5689,113,1,175,8284,
1450,1413393284.76,2,1003,296,296,707,1.42516983025,1.08876729964,1.16748905182,296,16.3513513514,5653,111,0,176,8260,
1451,1413393284.81,2,1002,294,294,708,1.61120908601,1.13672058504,1.40347886086,294,15.6258503401,5665,115,0,176,8260,
1452,1413393284.86,2,1003,285,285,718,1.51026374177,1.15006503569,1.18161129951,285,15.5052631579,5665,115,0,176,8260,
1453,1413393284.91,2,1005,266,266,739,1.64437044619,1.18321951069,1.30989038944,266,16.469924812,5665,115,0,176,8260,
1454,1413393284.96,2,1007,262,262,745,1.77421934007,1.29702330208,1.48147022724,262,15.8511450382,5665,115,0,176,8260,
1455,1413393285.01,2,1006,252,252,754,1.5676545286,1.12612210648,1.22803544998,252,15.6785714286,5645,114,0,175,8240,
1456,1413393285.06,2,1007,245,245,762,1.67850773109,1.24349029784,1.28845393658,245,15.1959183673,5645,114,1,175,8240,
1457,1413393285.11,2,1008,281,281,727,1.58695917733,1.27179752872,1.22672128677,281,13.1138790036,5732,114,0,176,8327,
1458,1413393285.16,2,1004,283,283,721,1.63114385744,1.23214710574,1.32013392448,283,13.0176678445,5793,115,0,176,8327,
1459,1413393285.21,2,1009,256,256,753,1.58064358335,1.18863350524,1.29094362259,256,13.58984375,5793,116,0,176,8327,
1460,1413393285.26,2,1003,254,254,749,1.59130680851,1.15606044014,1.2929135561,254,13.0433070866,5793,116,0,176,8327,
1461,1413393285.31,2,1004,231,231,773,1.59409499717,1.0694692394,1.38345420361,231,13.2337662338,5793,116,0,176,8327,
1462,1413393285.36,2,1005,232,232,773,1.56363837906,1.18274611214,1.22512543201,232,11.8103448276,5793,116,0,176,8327,
1463,1413393285.41,2,1003,209,209,794,1.652093152,1.35087899577,1.26874220371,209,13.5885167464,5777,115,0,175,8311,
1464,1413393285.46,2,1007,200,200,807,1.6470339936,1.15753977171,1.36640322208,200,13.075,5777,114,1,175,8311,
1465,1413393285.51,2,1005,251,251,754,1.60916802511,1.21337936791,1.24518060684,251,11.5537848606,5812,113,0,176,8351,
1466,1413393285.56,2,1003,238,238,765,1.63516193804,1.15772496695,1.43308115005,238,11.6386554622,5813,113,0,176,8351,
1467,1413393285.61,2,1007,223,223,784,1.62615122997,1.2986935765,1.27761507034,223,11.1704035874,5817,114,0,176,8351,
1468,1413393285.66,2,1009,206,206,803,1.70732285665,1.2368584741,1.41547393799,206,10.8300970874,5799,112,0,176,8351,
1469,1413393285.71,2,1001,195,195,806,1.69755264356,1.17682060598,1.40019357204,195,11.0923076923,5799,112,0,176,8351,
1470,1413393285.76,2,1004,200,200,804,1.74580609612,1.19496333341,1.4261701107,200,11.165,5775,111,0,176,8350,
1471,1413393285.81,2,1004,180,180,824,1.76841784353,1.2508687237,1.54630982876,180,11.1111111111,5696,109,0,176,8350,
1472,1413393285.86,2,1004,169,169,835,1.89448106721,1.41524856036,1.46568453312,169,11.7100591716,5696,109,1,176,8350,
1473,1413393285.91,2,1006,242,242,764,1.76044527863,1.47033623124,1.34300136566,242,9.61983471074,5760,110,0,177,8414,
1474,1413393285.96,2,1009,225,225,784,1.7751639634,1.40193822675,1.41483807564,225,8.97777777778,5760,110,0,177,8414,
1475,1413393286.01,2,1011,225,225,786,1.7407741542,1.28943840363,1.42137050629,225,9.29777777778,5760,110,0,177,8414,
1476,1413393286.06,2,1008,226,226,782,1.70870452828,1.38713498166,1.31624925137,226,9.54424778761,5760,110,0,177,8414,
1477,1413393286.11,2,1002,234,234,768,1.69637045462,1.30186716834,1.42424190044,234,8.86324786325,5744,109,0,177,8414,
1478,1413393286.16,2,1008,222,222,786,1.7868503415,1.31010311346,1.47595655918,222,9.25675675676,5640,106,0,176,8399,
1479,1413393286.21,2,1005,213,213,792,1.83851501521,1.30771456266,1.45117199421,213,9.36150234742,5640,106,0,176,8399,
1480,1413393286.26,2,1005,209,209,796,1.72152407644,1.26626607106,1.35218214989,209,9.42105263158,5655,107,0,176,8399,
1481,1413393286.31,2,1003,213,213,790,1.86494374656,1.40792988257,1.45211946964,213,9.82159624413,5740,109,0,176,8399,
1482,1413393286.36,2,1004,214,214,790,1.87887750625,1.31204587534,1.57115197182,214,9.3738317757,5640,106,0,176,8399,
1483,1413393286.41,2,1006,208,208,798,1.7919526305,1.26945250441,1.50441861153,208,10.6105769231,5740,109,1,176,8399,
1484,1413393286.46,2,1003,286,286,717,1.79713475146,1.42043894078,1.38459193707,286,8.79370629371,5814,110,0,177,8473,
1485,1413393286.51,2,1005,268,268,737,1.84442245132,1.28911549539,1.48812627792,268,8.50373134328,5814,110,0,177,8473,
1486,1413393286.56,2,1003,274,274,729,1.80064324194,1.38807022819,1.45373880863,274,8.8102189781,5814,110,0,177,8473,
1487,1413393286.61,2,1003,268,268,735,1.8017316887,1.39993316531,1.4251383543,268,8.73507462687,5796,109,0,177,8472,
1488,1413393286.66,2,1009,291,291,718,1.69728597347,1.41360025021,1.29644703865,291,8.0206185567,5795,109,0,177,8472,
1489,1413393286.71,2,1012,292,292,720,1.77461044498,1.32082990797,1.35740959644,292,8.41438356164,5813,110,0,177,8472,
1490,1413393286.76,2,1005,287,287,718,1.73452023627,1.29106177818,1.48461663723,287,8.83972125436,5813,110,0,177,8472,
1491,1413393286.81,2,1008,280,280,728,1.77422585811,1.35003139544,1.48953151703,280,8.72142857143,5813,110,0,177,8472,
1492,1413393286.86,2,1008,267,267,741,1.69507459375,1.1905933222,1.39766216278,267,8.69288389513,5813,110,0,177,8472,
1493,1413393286.91,2,1006,254,254,752,1.76986638454,1.21412899648,1.57920336723,254,9.13779527559,5877,111,1,177,8472,
1494,1413393286.96,2,1009,330,330,679,1.71035996852,1.19736076198,1.38989710808,330,8.91818181818,5868,111,0,178,8527,
1495,1413393287.01,2,1005,320,320,685,1.76770121537,1.35040361215,1.37337517738,320,8.659375,5932,112,0,178,8527,
1496,1413393287.06,2,1006,310,310,696,1.76923709795,1.32735402395,1.55287897587,310,8.38387096774,5806,109,0,178,8527,
1497,1413393287.11,2,1003,298,298,705,1.7745076801,1.30132940332,1.44464719296,298,8.36912751678,5850,110,0,178,8527,
1498,1413393287.16,2,1008,294,294,714,1.67523503534,1.25969222955,1.35797071457,294,8.30952380952,5848,110,0,178,8525,
1499,1413393287.21,2,1007,292,292,715,1.73350957183,1.35104505544,1.40816748142,292,7.86301369863,5767,107,1,177,8512,
1500,1413393287.26,2,1005,331,331,674,1.65016405885,1.34517362332,1.24092793465,331,8.95166163142,5802,108,0,178,8547,
1501,1413393287.31,2,1003,326,326,677,1.71609063106,1.37802909722,1.31598865986,326,8.87423312883,5803,109,0,178,8547,
1502,1413393287.36,2,1005,306,306,699,1.64713921968,1.36073119009,1.29008316994,306,8.85294117647,5663,102,0,178,8547,
1503,1413393287.41,2,1003,288,288,715,1.58222068828,1.16871278691,1.26077985764,288,9.17708333333,5640,101,0,178,8547,
1504,1413393287.46,2,1004,296,296,708,1.50064664553,1.19760984915,1.17027652264,296,8.58108108108,5646,102,0,178,8547,
1505,1413393287.51,2,1004,273,273,731,1.54916334268,1.32113371493,1.25576841831,273,8.75091575092,5646,101,1,178,8547,
1506,1413393287.56,2,1005,307,307,698,1.63688717463,1.18998908669,1.32722389698,307,8.46905537459,5673,102,0,179,8580,
1507,1413393287.61,2,1008,294,294,714,1.5433012793,1.16917907053,1.3114989996,294,8.22108843537,5673,101,0,179,8580,
1508,1413393287.66,2,1006,291,291,715,1.57166970979,1.24576226685,1.2952426672,291,7.76288659794,5632,98,0,179,8580,
1509,1413393287.71,2,1009,261,261,748,1.54636128649,1.16919625333,1.25155138969,261,8.47126436782,5450,92,0,179,8579,
1510,1413393287.76,2,1005,263,263,742,1.61537135916,1.16564545201,1.29827594757,263,7.44106463878,5668,96,1,179,8579,
1511,1413393287.81,2,1009,252,252,757,1.53925417077,1.16035800963,1.28910446167,252,7.68650793651,5394,92,0,180,8593,
1512,1413393287.86,2,1004,262,262,742,1.50663440439,1.22081874112,1.18764519691,262,7.3893129771,5373,89,0,180,8593,
1513,1413393287.91,2,1005,251,251,754,1.51718663807,1.28802027899,1.12486982346,251,7.57370517928,5144,87,0,180,8593,
1514,1413393287.96,2,1008,217,217,791,1.45655424574,1.13687750671,1.1278039217,217,7.55760368664,5179,88,1,180,8593,
1515,1413393288.01,2,1003,246,246,757,1.68050185836,1.37565628143,1.25131130219,246,8.0487804878,5152,88,0,181,8610,
1516,1413393288.06,2,1003,242,242,761,1.56665544922,1.26516582351,1.17010128498,242,7.88842975207,5024,87,0,181,8610,
1517,1413393288.11,2,1007,227,227,780,1.52001313772,1.21648011154,1.24264490604,227,7.56387665198,5021,86,0,181,8607,
1518,1413393288.16,2,1003,229,229,774,1.63806298037,1.43352272505,1.07991814613,229,8.05240174672,5021,86,1,181,8607,
1519,1413393288.21,2,1006,290,290,716,1.54100816654,1.27161506127,1.17659080029,290,7.45862068966,5076,88,0,182,8662,
1520,1413393288.26,2,1007,278,278,729,1.57015702441,1.30803799628,1.1313290596,278,7.34172661871,5157,87,0,182,8662,
1521,1413393288.31,2,1008,267,267,741,1.51424845762,1.19384923455,1.24175870419,267,7.70786516854,5076,86,0,182,8662,
1522,1413393288.36,2,1005,257,257,748,1.53030479186,1.22092352613,1.15558755398,257,7.60700389105,5076,86,1,182,8662,
1523,1413393288.41,2,1008,322,322,686,1.47839158109,1.14605618451,1.13943445683,322,7.73602484472,5135,87,0,183,8721,
1524,1413393288.46,2,1008,305,305,703,1.50492596328,1.18793487465,1.20175468922,305,7.80983606557,5216,88,0,183,8721,
1525,1413393288.51,2,1003,290,290,713,1.46422235918,1.22171765718,1.12132239342,290,7.7275862069,5216,88,0,183,8721,
1526,1413393288.56,2,1004,297,297,707,1.54420760021,1.20570116827,1.17960977554,297,7.92929292929,5216,88,1,183,8721,
1527,1413393288.61,2,1005,317,317,688,1.60775418401,1.28162468017,1.20999979973,317,8.71924290221,5206,90,0,184,8792,
1528,1413393288.66,2,1002,311,311,691,1.57317317094,1.28579739973,1.22147595882,311,8.92926045016,5206,90,0,184,8792,
1529,1413393288.71,2,1006,297,297,709,1.53214092719,1.37900709514,1.09341788292,297,8.46464646465,5204,90,0,184,8790,
1530,1413393288.76,2,1008,293,293,715,1.57447725626,1.18016174208,1.29927098751,293,8.47440273038,5285,91,1,184,8790,
1531,1413393288.81,2,1006,329,329,677,1.53209789885,1.24350982191,1.16627848148,329,7.55927051672,4573,67,0,185,8815,
1532,1413393288.86,2,1007,324,324,683,1.52308293407,1.25188755048,1.2021484375,324,7.68518518519,4438,59,0,185,8815,
1533,1413393288.91,2,1004,312,312,692,1.48375194441,1.16733680451,1.19848763943,312,7.61217948718,4522,60,0,185,8815,
1534,1413393288.96,2,1004,311,311,693,1.51675890543,1.26349796031,1.17590487003,311,7.65273311897,4438,59,1,185,8815,
1535,1413393289.01,2,1009,350,350,659,1.55483926252,1.19753471554,1.2321972847,350,7.65714285714,4652,67,0,186,8877,
1536,1413393289.06,2,1006,328,328,678,1.58265944645,1.25552783388,1.26576840878,328,7.97256097561,4652,67,0,186,8877,
1537,1413393289.11,2,1001,331,331,670,1.60086145707,1.41439082686,1.19548952579,331,8.04833836858,4652,67,1,186,8877,
1538,1413393289.16,2,1004,361,361,643,1.42211243354,1.21538203016,1.05403161049,361,8.49861495845,4709,68,0,187,8934,
1539,1413393289.21,2,1007,372,372,635,1.50434806225,1.20797996639,1.20121145248,372,8.40860215054,4712,64,0,187,8934,
1540,1413393289.26,2,1002,353,353,649,1.447876939,1.15450368503,1.09370267391,353,8.53257790368,4630,63,0,187,8934,
1541,1413393289.31,2,1009,338,338,671,1.45347621129,1.19754801471,1.04731333256,338,8.4674556213,5429,92,1,187,8934,
1542,1413393289.36,2,1009,370,370,639,1.52042489777,1.17486859766,1.19181990623,370,8.95945945946,5066,77,0,188,8949,
1543,1413393289.41,2,1005,350,350,655,1.56957513307,1.24763315403,1.25270187855,350,9.17428571429,5444,94,0,188,8949,
1544,1413393289.46,2,1004,343,343,661,1.47461210627,1.24707007005,1.12763774395,343,9.42274052478,5442,93,0,188,8947,
1545,1413393289.51,2,1008,325,325,683,1.55592100515,1.31977120183,1.18346059322,325,9.23384615385,4654,63,1,188,8947,
1546,1413393289.56,2,1006,343,343,663,1.48137756995,1.21917562254,1.05042743683,343,9.90962099125,4683,64,0,189,8976,
1547,1413393289.61,2,1005,329,329,676,1.47586542326,1.20163866484,1.12226974964,329,10.0668693009,4724,65,0,189,8976,
1548,1413393289.66,2,1006,320,320,686,1.44956506134,1.22307134934,1.12383663654,320,10.1375,5263,81,0,189,8976,
1549,1413393289.71,2,1005,317,317,688,1.5174318626,1.35556819862,1.15424644947,317,9.88012618297,5065,79,1,189,8976,
1550,1413393289.76,2,1005,364,364,641,1.61273608977,1.3643279616,1.18572998047,364,10.271978022,4715,66,0,190,9008,
1551,1413393289.81,2,1008,335,335,673,1.52455664982,1.23472249635,1.19132173061,335,10.3820895522,5503,95,0,190,9008,
1552,1413393289.86,2,1005,336,336,669,1.45709477159,1.28357232958,1.11193740368,336,10.2857142857,5502,96,0,190,9007,
1553,1413393289.91,2,1007,328,328,679,1.48601902798,1.19600745227,1.1168885231,328,10.2256097561,5502,95,1,190,9007,
1554,1413393289.96,2,1007,348,348,659,1.51765310446,1.2158801358,1.15533125401,348,10.6522988506,4882,73,0,191,9025,
1555,1413393290.01,2,1006,335,335,671,1.53737292144,1.34310781811,1.11518132687,335,10.6179104478,4957,81,0,191,9025,
1556,1413393290.06,2,1004,323,323,681,1.5539693991,1.30259941059,1.09069335461,323,10.7708978328,4970,81,0,191,9025,
1557,1413393290.11,2,1004,336,336,668,1.52772260826,1.24445936799,1.14963245392,336,10.5446428571,4968,81,0,191,9024,
1558,1413393290.16,2,1005,337,337,668,1.49084727237,1.22914159151,1.13824284077,337,10.9762611276,5113,81,1,191,9024,
1559,1413393290.21,2,1006,362,362,644,1.61034686457,1.29620759405,1.26932537556,362,11.2237569061,5546,97,0,192,9051,
1560,1413393290.26,2,1006,359,359,647,1.60517281059,1.28882526048,1.20024704933,359,11.5320334262,5546,97,0,192,9051,
1561,1413393290.31,2,1003,341,341,662,1.47699421354,1.23086451023,1.10959637165,341,12.1231671554,5546,98,0,192,9051,
1562,1413393290.36,2,1003,339,339,664,1.47766172805,1.18712266749,1.11800098419,339,11.5014749263,5546,99,0,192,9051,
1563,1413393290.41,2,1003,336,336,667,1.53837570375,1.20460378059,1.16493904591,336,11.8333333333,5546,99,1,192,9051,
1564,1413393290.46,2,1007,352,352,655,1.55582780719,1.35702102537,1.15485036373,352,12.5113636364,5574,98,0,193,9079,
1565,1413393290.51,2,1007,355,355,652,1.46418011659,1.31731567233,1.05395364761,355,12.5042253521,5574,98,0,193,9079,
1566,1413393290.56,2,1008,351,351,657,1.58725684637,1.34611556761,1.18308675289,351,12.0056980057,5574,99,0,193,9079,
1567,1413393290.61,2,1005,342,342,663,1.45375623497,1.20328307627,1.14849412441,342,11.8333333333,5574,99,0,193,9079,
1568,1413393290.66,2,1006,328,328,678,1.52740245482,1.29812833637,1.11533629894,328,12.1646341463,5574,99,1,193,9079,
1569,1413393290.71,2,1003,372,372,631,1.5281354694,1.2895559683,1.16232538223,372,11.8064516129,5599,99,0,194,9104,
1570,1413393290.76,2,1004,350,350,654,1.43172597837,1.20760156525,1.10694432259,350,12.0857142857,5599,99,0,194,9104,
1571,1413393290.81,2,1006,350,350,656,1.41053581195,1.19035720239,1.0581972599,350,11.8942857143,5599,99,0,194,9104,
1572,1413393290.86,2,1003,343,343,660,1.46713464483,1.25362864277,1.09480714798,343,12.1807580175,5599,99,1,194,9104,
1573,1413393290.91,2,1004,359,359,645,1.46743751024,1.30068969622,1.06696820259,359,12.7270194986,4973,81,0,195,9112,
1574,1413393290.96,2,1008,348,348,660,1.51517873217,1.19914190604,1.11747860909,348,12.6666666667,5269,84,0,195,9112,
1575,1413393291.01,2,1004,365,365,639,1.53654004176,1.28797178762,1.16679978371,365,12.0794520548,5186,83,0,195,9112,
1576,1413393291.06,2,1008,332,332,676,1.49213700389,1.30704039693,1.08281743526,332,12.234939759,4735,69,1,195,9112,
1577,1413393291.11,2,1010,348,348,662,1.48305026844,1.32660257842,1.05783092976,348,12.8936781609,4748,70,0,196,9125,
1578,1413393291.16,2,1011,342,342,669,1.63342800936,1.44140690401,1.18783974648,342,13.0233918129,5430,81,0,196,9125,
1579,1413393291.21,2,1005,335,335,670,1.52851046655,1.32502207675,1.09033060074,335,13.2925373134,4903,79,0,196,9125,
1580,1413393291.26,2,1004,329,329,675,1.41896675964,1.15506220552,1.087043643,329,13.1671732523,4901,79,0,196,9123,
1581,1413393291.31,2,1009,338,338,671,1.49202175985,1.25774442778,1.14419913292,338,13.2781065089,4901,79,1,196,9123,
1582,1413393291.36,2,1008,364,364,644,1.51057556534,1.24607751824,1.14512717724,364,13.4175824176,5299,81,0,197,9135,
1583,1413393291.41,2,1006,340,340,666,1.66660381542,1.41808665474,1.25446414948,340,13.6323529412,4910,78,0,197,9135,
1584,1413393291.46,2,1006,319,319,687,1.54648792926,1.37694820546,1.12291789055,319,13.3448275862,4910,79,0,197,9135,
1585,1413393291.51,2,1007,317,317,690,1.56805102224,1.45136456592,1.1600779295,317,13.0536277603,4878,77,1,195,9103,
1586,1413393291.56,2,1007,344,344,663,1.41916553973,1.14965403279,1.11419308186,344,12.5668604651,4921,76,0,196,9149,
1587,1413393291.61,2,1007,347,347,660,1.57373794648,1.34580522858,1.18085205555,347,12.8962536023,4373,66,0,196,9149,
1588,1413393291.66,2,1006,340,340,666,1.50744020724,1.36443468431,1.07302880287,340,12.5029411765,4391,73,0,196,9149,
1589,1413393291.71,2,1006,339,339,667,1.47978058959,1.26150891683,1.11320436001,339,12.9262536873,5221,81,1,196,9149,
1590,1413393291.76,2,1010,389,389,621,1.55857816994,1.30342003457,1.21887791157,389,12.3033419023,5183,82,0,197,9195,
1591,1413393291.81,2,1005,372,372,633,1.47226478586,1.26077171863,1.07045960426,372,12.3064516129,5183,82,0,197,9195,
1592,1413393291.86,2,1006,365,365,641,1.54756014069,1.27985394405,1.18027079105,365,12.1452054795,4922,81,0,197,9195,
1593,1413393291.91,2,1004,357,357,647,1.61096818693,1.31148887727,1.16007804871,357,12.4257703081,4922,81,1,197,9195,
1594,1413393291.96,2,1002,395,395,607,1.50077729353,1.2103676301,1.16956818104,395,12.3974683544,4961,81,0,198,9235,
1595,1413393292.01,2,1004,384,384,620,1.62857818052,1.44235911382,1.1747430563,384,12.0755208333,5021,81,0,198,9235,
1596,1413393292.06,2,1006,364,364,642,1.67045496719,1.33075602205,1.34136462212,364,11.9917582418,4998,81,0,198,9235,
1597,1413393292.11,2,1003,357,357,646,1.53894532086,1.32963621433,1.11664795876,357,12.3613445378,4870,81,0,197,9220,
1598,1413393292.16,2,1005,352,352,653,1.60665952359,1.29009290031,1.25145459175,352,12.3977272727,5025,82,1,197,9220,
1599,1413393292.21,2,1005,399,399,606,1.53237164074,1.27869754201,1.17462480068,399,11.5714285714,4880,69,0,198,9278,
1600,1413393292.26,2,1008,399,399,609,1.6194703937,1.29243962933,1.26063859463,399,11.8972431078,4880,69,0,198,9278,
1601,1413393292.31,2,1003,379,379,624,1.47686041062,1.2504168711,1.09960317612,379,12.0131926121,4923,81,0,198,9277,
1602,1413393292.36,2,1005,364,364,641,1.58496248911,1.32022470129,1.18121421337,364,11.9258241758,4940,82,1,198,9277,
1603,1413393292.41,2,1005,425,425,580,1.4607141671,1.22049989222,1.09096968174,425,11.9341176471,4978,82,0,199,9291,
1604,1413393292.46,2,1003,403,403,600,1.55579779475,1.20358660308,1.23648381233,403,12.317617866,4952,81,0,199,9291,
1605,1413393292.51,2,1005,395,395,610,1.47611979361,1.24846488037,1.13841509819,395,12.2734177215,5069,82,0,199,9291,
1606,1413393292.56,2,1007,396,396,611,1.41822895567,1.12474974268,1.06904017925,396,12.2752525253,4903,81,1,199,9291,
1607,1413393292.61,2,1004,436,436,568,1.39212957289,1.10600397642,1.0739685297,436,12.1559633028,4917,81,0,200,9307,
1608,1413393292.66,2,1006,419,419,587,1.46903996657,1.21079927102,1.08948087692,419,12.3675417661,4991,82,0,200,9307,
1609,1413393292.71,2,1004,412,412,592,1.35742711776,1.04578394193,1.11024367809,412,12.3349514563,4916,81,0,200,9307,
1610,1413393292.76,2,1005,414,414,591,1.43828944147,1.21761620712,1.15098202229,414,11.8381642512,4967,81,1,199,9293,
1611,1413393292.81,2,1008,437,437,571,1.44072528476,1.07468721004,1.16820883751,437,12.4462242563,5070,78,0,200,9317,
1612,1413393292.86,2,1006,416,416,590,1.42017443254,1.1457040169,1.08647143841,416,12.6466346154,5008,82,0,200,9317,
1613,1413393292.91,2,1001,405,405,596,1.46563723376,1.20695231616,1.11850726604,405,12.637037037,4930,73,0,200,9316,
1614,1413393292.96,2,1006,388,388,618,1.36614326332,1.13727486321,1.03556036949,388,11.631443299,4796,68,0,198,9293,
1615,1413393293.01,2,1006,395,395,611,1.39068049269,1.16610043238,1.04194962978,395,11.8227848101,4955,81,1,198,9293,
1616,1413393293.06,2,1002,409,409,593,1.40742788471,1.18447979048,1.07120108604,409,12.3276283619,4792,69,0,199,9310,
1617,1413393293.11,2,1006,419,419,587,1.40999447154,1.15705900723,1.10943007469,419,11.9976133652,4765,67,0,199,9310,
1618,1413393293.16,2,1006,385,385,621,1.46393739239,1.15654225501,1.15334653854,385,11.8883116883,4997,81,0,199,9310,
1619,1413393293.21,2,1007,399,399,608,1.48152205704,1.23928498856,1.12028431892,399,12.290726817,4997,82,1,199,9310,
1620,1413393293.26,2,1008,414,414,594,1.36864949438,1.21935794019,1.00015473366,414,12.6352657005,4910,72,0,200,9319,
1621,1413393293.31,2,1004,395,395,609,1.38136237704,1.1492738444,1.03405606747,395,12.7974683544,4994,72,0,200,9319,
1622,1413393293.36,2,1005,377,377,628,1.36697252982,1.15740817687,1.02157258987,377,13.3713527851,4892,70,0,200,9319,
1623,1413393293.41,2,1007,365,365,642,1.31174842329,1.16325594182,0.899893939495,365,13.2054794521,4892,69,1,200,9319,
1624,1413393293.46,2,1006,374,374,632,1.40047856619,1.16055071243,1.05032491684,374,13.5080213904,3182,54,0,201,9319,
1625,1413393293.51,2,1004,363,363,641,1.31409903523,1.29005341296,0.906269669533,363,13.7355371901,2734,45,0,201,9319,
1626,1413393293.56,2,1007,380,380,627,1.46757579095,1.27563039279,1.0886772871,380,13.7736842105,4774,69,0,201,9319,
1627,1413393293.61,2,1005,363,363,642,1.3309356435,1.10645274613,0.98630464077,363,13.0578512397,4911,81,0,199,9289,
1628,1413393293.66,2,1003,354,354,649,1.44921596482,1.32137670723,1.00306820869,354,12.8361581921,4744,67,1,199,9289,
1629,1413393293.71,2,1003,368,368,635,1.37498943811,1.17307082685,1.0445253849,368,13.1494565217,4919,70,0,200,9317,
1630,1413393293.76,2,1005,381,381,624,1.43949155667,1.29396565436,1.0700609684,381,13.4330708661,4992,72,0,200,9317,
1631,1413393293.81,2,1004,377,377,627,1.45005134748,1.45643901939,0.991478681564,377,13.4058355438,4890,69,0,200,9317,
1632,1413393293.86,2,1008,368,368,640,1.35698021807,1.24431634103,0.976690292358,368,13.4891304348,4890,70,1,200,9317,
1633,1413393293.91,2,1008,390,390,618,1.3495807002,1.15259932831,1.02003991604,390,13.7564102564,4901,71,0,201,9328,
1634,1413393293.96,2,1008,390,390,618,1.4388094993,1.29963726999,1.06544601917,390,13.4615384615,4901,70,0,201,9328,
1635,1413393294.01,2,1007,393,393,614,1.45711553457,1.19872188457,1.16575682163,393,13.4325699746,4901,71,0,201,9328,
1636,1413393294.06,2,1006,377,377,629,1.42680901306,1.2973544182,1.06515669823,377,13.1538461538,4752,66,1,200,9313,
1637,1413393294.11,2,1008,408,408,600,1.37790813532,1.15571200444,1.04731822014,408,13.1544117647,4699,64,0,201,9323,
1638,1413393294.16,2,1003,385,385,618,1.48179969877,1.33690560495,1.04114711285,385,13.5324675325,4778,69,0,201,9323,
1639,1413393294.21,2,1005,374,374,631,1.49274240956,1.20166404391,1.18568527699,374,13.435828877,4708,65,0,201,9323,
1640,1413393294.26,2,1004,368,368,636,1.40309971682,1.13531155376,1.08941578865,368,13.8260869565,4778,69,1,201,9323,
1641,1413393294.31,2,1007,398,398,609,1.43226798961,1.19153487057,1.0952205658,398,13.6859296482,4803,70,0,202,9348,
1642,1413393294.36,2,1004,398,398,606,1.53656510228,1.38215325821,1.15771102905,398,14,4803,70,0,202,9348,
1643,1413393294.41,2,1003,385,385,618,1.42915791091,1.25223811064,1.0248105526,385,13.5480519481,4724,65,0,202,9342,
1644,1413393294.46,2,1007,363,363,644,1.51125609955,1.26106357498,1.09945571423,363,13.7355371901,4890,68,1,201,9333,
1645,1413393294.51,2,1008,371,371,637,1.44097729085,1.21193251551,1.10928666592,371,13.9703504043,4911,72,0,202,9338,
1646,1413393294.56,2,1006,361,361,645,1.44944564576,1.11707572928,1.16036772728,361,14.1911357341,5072,81,0,202,9338,
1647,1413393294.61,2,1010,358,358,652,1.36038195906,1.08151047381,1.02477657795,358,13.9972067039,5072,81,0,202,9338,
1648,1413393294.66,2,1003,356,356,647,1.45352569223,1.25312163017,1.05768442154,356,13.4494382022,4911,71,1,202,9338,
1649,1413393294.71,2,1008,382,382,626,1.57459604366,1.2351124939,1.14496803284,382,14.1596858639,4930,72,0,203,9357,
1650,1413393294.76,2,1008,360,360,648,1.56424970092,1.32799294387,1.16288149357,360,14.2805555556,4930,72,0,203,9357,
1651,1413393294.81,2,1004,340,340,664,1.47395527277,1.24623339173,1.11080598831,340,13.7323529412,4860,68,0,202,9342,
1652,1413393294.86,2,1007,341,341,666,1.47770907916,1.31571530572,1.05523586273,341,12.788856305,4838,66,1,201,9335,
1653,1413393294.91,2,1001,373,373,628,1.50151846842,1.31485238791,1.11810040474,373,12.6890080429,4883,67,0,202,9380,
1654,1413393294.96,2,1005,364,364,641,1.5991257144,1.37537403502,1.24251556396,364,12.3928571429,4874,66,0,202,9380,
1655,1413393295.01,2,1006,349,349,657,1.60774552587,1.33760276823,1.24683022499,349,12.3524355301,4874,66,0,202,9380,
1656,1413393295.06,2,1003,347,347,656,1.46372371077,1.22503409817,1.10004472733,347,12.8876080692,4883,67,1,202,9380,
1657,1413393295.11,2,1006,398,398,608,1.52427924815,1.32531945761,1.1633374691,398,12.5175879397,4916,68,0,203,9413,
1658,1413393295.16,2,1009,366,366,643,1.5052187134,1.19525915569,1.21826839447,366,12.7677595628,5133,81,0,203,9413,
1659,1413393295.21,2,1006,343,343,663,1.50100038571,1.27251823643,1.12346160412,343,12.4839650146,4907,67,0,203,9413,
1660,1413393295.26,2,1008,336,336,672,1.55602614679,1.25583159214,1.20717632771,336,11.9851190476,4896,66,1,202,9402,
1661,1413393295.31,2,1009,369,369,640,1.61812316397,1.32283270294,1.23421037197,369,11.9783197832,4937,67,0,203,9443,
1662,1413393295.36,2,1001,350,350,651,1.51324264982,1.17261500684,1.23230350018,350,12.8628571429,4937,67,0,203,9443,
1663,1413393295.41,2,1005,320,320,685,1.47701873258,1.10720240866,1.11007964611,320,12.521875,4937,67,0,203,9443,
1664,1413393295.46,2,1006,310,310,696,1.53137692309,1.38369549531,1.14950215816,310,12.135483871,4937,67,1,203,9443,
1665,1413393295.51,2,1007,343,343,664,1.58320138293,1.3752208712,1.16717338562,343,11.4985422741,4981,68,0,204,9487,
1666,1413393295.56,2,1002,341,341,661,1.58752164204,1.36214734998,1.14696133137,341,11.5835777126,3038,49,0,204,9487,
1667,1413393295.61,2,1007,318,318,689,1.50045901223,1.33529419019,1.13111579418,318,11.5817610063,3005,48,0,204,9487,
1668,1413393295.66,2,1007,311,311,696,1.46292443231,1.25082297766,1.09038949013,311,11.5273311897,2994,47,1,203,9476,
1669,1413393295.71,2,1010,361,361,649,1.3893807564,1.09118766174,1.13778579235,361,11.6288088643,3142,51,0,204,9506,
1670,1413393295.76,2,1003,331,331,672,1.54585705415,1.20164924085,1.23706316948,331,11.3685800604,3142,51,0,204,9506,
1671,1413393295.81,2,1008,334,334,674,1.60293998951,1.47594321118,1.11923146248,334,11.1317365269,3057,49,0,204,9506,
1672,1413393295.86,2,1007,305,305,702,1.52934615759,1.26755135261,1.16312789917,305,10.8590163934,3005,47,1,204,9506,
1673,1413393295.91,2,1010,337,337,673,1.57023590351,1.24281965394,1.24239397049,337,11.2908011869,2904,47,0,205,9541,
1674,1413393295.96,2,1010,334,334,676,1.55429878612,1.18130199451,1.19831132889,334,11.3922155689,2904,47,0,205,9541,
1675,1413393296.01,2,1005,323,323,682,1.55493700246,1.17253782499,1.20496678352,323,10.9938080495,3059,49,0,205,9541,
1676,1413393296.06,2,1009,315,315,694,1.5880235161,1.27827626832,1.19926214218,315,10.5619047619,3119,49,1,204,9528,
1677,1413393296.11,2,1008,348,348,660,1.58247498322,1.2243736423,1.19206309319,348,10.5574712644,3053,47,0,205,9567,
1678,1413393296.16,2,1003,327,327,676,1.56855520444,1.22265393475,1.25392377377,327,10.2415902141,3084,49,0,205,9567,
1679,1413393296.21,2,1009,334,334,675,1.57930041894,1.21223063251,1.20522236824,334,10.0329341317,3065,48,0,205,9567,
1680,1413393296.26,2,1004,316,316,688,1.62785091763,1.38719789751,1.23166787624,316,10.1107594937,3065,48,1,205,9567,
1681,1413393296.31,2,1002,343,343,659,1.50887576436,1.22271010351,1.16158306599,343,10.2419825073,3100,48,0,206,9614,
1682,1413393296.36,2,1009,326,326,683,1.59658121561,1.30100649047,1.23739826679,326,10.3128834356,3100,48,0,206,9614,
1683,1413393296.41,2,1003,296,296,707,1.49430042277,1.17051648313,1.16192770004,296,10.5337837838,3100,48,0,206,9614,
1684,1413393296.46,2,1005,283,283,722,1.59961508099,1.23572338088,1.19276475906,283,10.5229681979,3112,49,1,206,9614,
1685,1413393296.51,2,1005,317,317,688,1.56644943904,1.22672810503,1.26778364182,317,9.76971608833,3139,50,0,207,9641,
1686,1413393296.56,2,1007,300,300,707,1.63389370978,1.3273331213,1.18390285969,300,9.76666666667,3235,53,0,207,9641,
1687,1413393296.61,2,1005,319,319,686,1.51366996314,1.19096387856,1.19711518288,319,9.78996865204,2991,48,0,207,9641,
1688,1413393296.66,2,1004,303,303,701,1.53675188718,1.19555641911,1.2625374794,303,9.46534653465,3008,49,0,206,9627,
1689,1413393296.71,2,1006,281,281,725,1.57260825624,1.23736794814,1.228515625,281,9.48754448399,3144,50,1,206,9627,
1690,1413393296.76,2,1009,315,315,694,1.48739236383,1.12902173534,1.20602166653,315,8.92063492063,3162,49,0,207,9676,
1691,1413393296.81,2,1007,293,293,714,1.57563660963,1.10625116169,1.34173762798,293,8.80204778157,3162,49,0,207,9676,
1692,1413393296.86,2,1007,287,287,720,1.51595428215,1.09962242181,1.27386760712,287,8.82926829268,3161,49,0,206,9665,
1693,1413393296.91,2,1001,275,275,726,1.57601547463,1.26041128193,1.14912855625,275,8.90545454545,3162,49,1,206,9665,
1694,1413393296.96,2,1004,318,318,686,1.57809509729,1.21567346999,1.21280670166,318,8.50314465409,3200,50,0,207,9703,
1695,1413393297.01,2,1006,317,317,689,1.61430318588,1.23266062227,1.19906103611,317,8.66876971609,3200,50,0,207,9703,
1696,1413393297.06,2,1011,320,320,691,1.51086856275,1.23900388228,1.20629322529,320,8.7375,5196,71,0,207,9703,
1697,1413393297.11,2,1004,296,296,708,1.6413399108,1.3495596113,1.19201004505,296,9.03378378378,5196,71,0,207,9703,
1698,1413393297.16,2,1006,274,274,732,1.62684878043,1.28508998854,1.25722944736,274,9.32846715328,5196,71,1,207,9703,
1699,1413393297.21,2,1009,344,344,665,1.54984779578,1.23596299833,1.21848416328,344,8.87209302326,5257,72,0,208,9764,
1700,1413393297.26,2,1002,309,309,693,1.62491142429,1.2154623351,1.30775129795,309,9.17475728155,5139,71,0,208,9764,
1701,1413393297.31,2,1005,315,315,690,1.50570080264,1.33287033707,1.12206447124,315,9.48253968254,5138,71,0,208,9763,
1702,1413393297.36,2,1009,290,290,719,1.52881205963,1.23067223069,1.14505898952,290,8.86896551724,5244,71,1,207,9751,
1703,1413393297.41,2,1005,356,356,649,1.52112416544,1.20669070235,1.13674485683,356,8.65168539326,5286,72,0,208,9793,
1704,1413393297.46,2,1010,344,344,666,1.60916240842,1.35270914892,1.24477684498,344,8.5,5286,72,0,208,9793,
1705,1413393297.51,2,1005,346,346,659,1.5423486937,1.30865590609,1.19444906712,346,8.58092485549,5168,71,0,208,9793,
1706,1413393297.56,2,1010,349,349,661,1.48412671726,1.29708686036,1.05303192139,349,8.91977077364,5168,71,0,208,9793,
1707,1413393297.61,2,1005,329,329,676,1.55415161869,1.30911885948,1.24793887138,329,8.85410334347,5168,71,0,208,9793,
1708,1413393297.66,2,1008,315,315,693,1.64524335915,1.25199895586,1.29203653336,315,9.39047619048,3155,50,1,208,9793,
1709,1413393297.71,2,1009,348,348,661,1.59367090413,1.25987725059,1.24499571323,348,8.68390804598,3207,51,0,209,9845,
1710,1413393297.76,2,1002,340,340,662,1.62874167554,1.35572672473,1.23560261726,340,8.77352941176,3207,51,0,209,9845,
1711,1413393297.81,2,1007,337,337,670,1.68587604205,1.34165136908,1.30870747566,337,8.92878338279,3206,51,1,209,9844,
1712,1413393297.86,2,1008,370,370,638,1.61038674198,1.23183540887,1.27373898029,370,9.5,3227,52,0,210,9865,
1713,1413393297.91,2,1004,352,352,652,1.66027748881,1.35699364783,1.32850897312,352,9.44034090909,3227,52,0,210,9865,
1714,1413393297.96,2,1010,341,341,669,1.48878006876,1.30417079365,1.10854625702,341,9.30791788856,3227,52,0,210,9865,
1715,1413393298.01,2,1008,330,330,678,1.53582073299,1.15986729156,1.2436195612,330,9.29696969697,3227,52,1,210,9865,
1716,1413393298.06,2,1005,371,371,634,1.57543675786,1.20491032822,1.26804101467,371,9.96226415094,3233,53,0,211,9871,
1717,1413393298.11,2,1004,350,350,654,1.45942753807,1.14811675536,1.14128243923,350,9.75714285714,3233,53,0,211,9871,
1718,1413393298.16,2,1009,363,363,646,1.50245665831,1.21138358509,1.16027271748,363,9.58126721763,3233,53,0,211,9871,
1719,1413393298.21,2,1009,353,353,656,1.4860493231,1.17634734824,1.07651305199,353,9.56940509915,3059,51,0,210,9857,
1720,1413393298.26,2,1006,334,334,672,1.58978520816,1.27655232735,1.18718659878,334,9.38622754491,3059,51,1,210,9857,
1721,1413393298.31,2,1009,358,358,651,1.51477378066,1.18493845584,1.2063908577,358,9.58379888268,3086,52,0,211,9884,
1722,1413393298.36,2,1009,346,346,663,1.71408168097,1.41508889992,1.31389343739,346,9.76878612717,3086,52,0,211,9884,
1723,1413393298.41,2,1006,346,346,660,1.56282220542,1.27013503551,1.16772425175,346,10.1271676301,3086,52,0,211,9884,
1724,1413393298.46,2,1004,350,350,654,1.69379132143,1.38220767787,1.24460625648,350,10.0228571429,3086,52,0,211,9884,
1725,1413393298.51,2,1008,328,328,680,1.51588716019,1.16069003448,1.18004882336,328,10.0548780488,3086,52,1,211,9884,
1726,1413393298.56,2,1007,366,366,641,1.56840200423,1.29267858392,1.16597437859,366,10.4398907104,3122,53,0,212,9920,
1727,1413393298.61,2,1010,358,358,652,1.54615087961,1.1893718154,1.21644663811,358,10.4469273743,3122,53,0,212,9920,
1728,1413393298.66,2,1007,333,333,674,1.49866573337,1.2046742058,1.15885591507,333,10.1441441441,3122,53,0,212,9920,
1729,1413393298.71,2,1010,324,324,686,1.59935111604,1.3200836686,1.21866178513,324,10.3240740741,3122,53,1,212,9920,
1730,1413393298.76,2,1007,360,360,647,1.54220600113,1.26691026213,1.17853999138,360,10.4805555556,3149,54,0,213,9947,
1731,1413393298.81,2,1008,341,341,667,1.65504763504,1.33167073773,1.23749625683,341,11.0909090909,3149,54,0,213,9947,
1732,1413393298.86,2,1003,340,340,663,1.75315764042,1.46489482667,1.31848287582,340,10.8823529412,3149,54,0,213,9947,
1733,1413393298.91,2,1011,349,349,662,1.69495917099,1.37349076331,1.25843465328,349,10.7134670487,3149,54,0,213,9947,
1734,1413393298.96,2,1005,318,318,687,1.63433547292,1.2899302605,1.24729990959,318,10.4402515723,3137,53,1,213,9947,
1735,1413393299.01,2,1003,365,365,638,1.65644988299,1.2475807281,1.31431305408,365,10.698630137,3178,54,0,214,9988,
1736,1413393299.06,2,1007,354,354,653,1.70242642601,1.46539970321,1.25122869015,354,10.6892655367,3190,55,0,214,9988,
1737,1413393299.11,2,1007,351,351,656,1.67237154164,1.31313705916,1.28421425819,351,10.5726495726,3190,55,0,214,9988,
1738,1413393299.16,2,1010,337,337,673,1.69339352375,1.38947426198,1.31142818928,337,11.2551928783,3190,55,1,214,9988,
1739,1413393299.21,2,1004,355,355,649,1.60487595045,1.24221665309,1.26285839081,355,11.214084507,3226,56,0,215,10024,
1740,1413393299.26,2,1005,341,341,664,1.80533313448,1.46733429083,1.38123202324,341,11.3255131965,3226,56,0,215,10024,
1741,1413393299.31,2,1005,329,329,676,1.81588703498,1.47875666433,1.31645190716,329,11.3951367781,3226,56,0,215,10024,
1742,1413393299.36,2,1009,291,291,718,1.69124459279,1.41770909438,1.29145014286,291,11.2989690722,3226,56,0,215,10024,
1743,1413393299.41,2,1004,290,290,714,1.7698739226,1.44092215204,1.3039008379,290,11.4310344828,3226,56,1,215,10024,
1744,1413393299.46,2,1005,334,334,671,1.76622945608,1.4356055635,1.43336009979,334,10.8023952096,3263,57,0,216,10061,
1745,1413393299.51,2,1007,322,322,685,1.75388139361,1.30505645036,1.51945924759,322,11.1366459627,3263,57,0,216,10061,
1746,1413393299.56,2,1005,333,333,672,1.70971248556,1.2441755307,1.34833705425,333,11.3003003003,3262,57,0,216,10060,
1747,1413393299.61,2,1006,312,312,694,1.71897679441,1.30500250614,1.38507473469,312,11.4070512821,3262,57,1,216,10060,
1748,1413393299.66,2,1005,357,357,648,1.69728885743,1.24649797804,1.36885726452,357,11.1512605042,3287,58,0,217,10085,
1749,1413393299.71,2,1005,342,342,663,1.68753622583,1.24589093599,1.38297247887,342,11.0614035088,3287,58,0,217,10085,
1750,1413393299.76,2,1008,342,342,666,1.70317988342,1.27667878043,1.38471126556,342,11.2485380117,3287,58,0,217,10085,
1751,1413393299.81,2,1008,331,331,677,1.64880026557,1.27745320698,1.26988375187,331,11.2719033233,3287,58,0,217,10085,
1752,1413393299.86,2,1008,324,324,684,1.74259082141,1.42237102001,1.33426582813,324,11.0432098765,3287,58,1,217,10085,
1753,1413393299.91,2,1006,365,365,641,1.75815227936,1.46143327986,1.33596122265,365,10.7945205479,3333,59,0,218,10131,
1754,1413393299.96,2,1003,350,350,653,1.80861337819,1.53118167424,1.30294752121,350,10.9714285714,3333,59,0,218,10131,
1755,1413393300.01,2,1007,327,327,680,1.85572523906,1.62934588408,1.37299203873,327,11.7645259939,3333,59,0,218,10131,
1756,1413393300.06,2,1011,347,347,664,1.76610154104,1.45721341835,1.27377974987,347,11.4610951009,3333,59,0,218,10131,
1757,1413393300.11,2,1006,313,313,693,1.67827172408,1.46930573709,1.2436337471,313,11.4313099042,3333,59,1,218,10131,
1758,1413393300.16,2,1007,376,376,631,1.65034221325,1.41308716518,1.21816182137,376,10.9228723404,3393,60,0,219,10191,
1759,1413393300.21,2,1006,349,349,657,1.60138244677,1.30330944904,1.21811580658,349,11.0659025788,3393,60,0,219,10191,
1760,1413393300.26,2,1006,352,352,654,1.75135947084,1.41045269364,1.33989560604,352,10.7556818182,3393,60,0,219,10191,
1761,1413393300.31,2,1007,322,322,685,1.72470296579,1.33807276043,1.33102762699,322,10.5279503106,3306,57,0,219,10190,
1762,1413393300.36,2,1004,330,330,674,1.7954900582,1.34028684694,1.45510816574,330,10.5303030303,3295,56,1,218,10179,
1763,1413393300.41,2,1006,355,355,651,1.68991376507,1.25073958342,1.37909567356,355,10.185915493,3424,59,0,219,10234,
1764,1413393300.46,2,1003,329,329,674,1.78672730874,1.43973992727,1.38830780983,329,10.7507598784,3424,59,0,219,10234,
1765,1413393300.51,2,1003,352,352,651,1.72409216293,1.39263130785,1.35119640827,352,10.1846590909,3350,57,0,219,10234,
1766,1413393300.56,2,1003,324,324,679,1.61416221902,1.29693602618,1.28700840473,324,9.86728395062,3350,57,1,219,10234,
1767,1413393300.61,2,1008,342,342,666,1.7090961427,1.34299550114,1.30158889294,342,9.89766081871,3382,58,0,220,10266,
1768,1413393300.66,2,1004,336,336,668,1.67694797221,1.34428975207,1.27738833427,336,9.91964285714,3382,58,0,220,10266,
1769,1413393300.71,2,1003,330,330,673,1.59445930243,1.33128103912,1.19854080677,330,10.0151515152,2997,51,0,220,10266,
1770,1413393300.76,2,1004,302,302,702,1.66536650451,1.26197003696,1.33991789818,302,9.73841059603,3223,56,1,220,10266,
1771,1413393300.81,2,1005,327,327,678,1.53361331161,1.15561329314,1.22566092014,327,9.75840978593,3269,57,0,221,10312,
1772,1413393300.86,2,1006,317,317,689,1.63553628774,1.35103325857,1.22006571293,317,9.79179810726,3029,52,0,221,10312,
1773,1413393300.91,2,1006,324,324,682,1.68871761163,1.33321985244,1.30651295185,324,9.87654320988,3028,52,0,221,10311,
1774,1413393300.96,2,1006,311,311,695,1.68077560263,1.35508561057,1.3034350872,311,9.42443729904,3028,52,1,221,10311,
1775,1413393301.01,2,1005,319,319,686,1.70744424137,1.44282023928,1.24823057652,319,9.97178683386,3036,53,0,222,10319,
1776,1413393301.06,2,1004,319,319,685,1.5581356084,1.34795843008,1.14540576935,319,9.5078369906,3036,53,0,222,10319,
1777,1413393301.11,2,1001,311,311,690,1.5969304531,1.28164979739,1.22003030777,311,9.6077170418,3035,53,0,222,10318,
1778,1413393301.16,2,1008,299,299,709,1.73566886287,1.53545762473,1.22447943687,299,9.3143812709,3019,52,1,221,10302,
1779,1413393301.21,2,1005,336,336,669,1.59623639252,1.33918854879,1.21931636333,336,9.62202380952,2666,50,0,222,10335,
1780,1413393301.26,2,1006,321,321,685,1.69557645688,1.35484395003,1.35034990311,321,9.34890965732,3351,59,0,222,10335,
1781,1413393301.31,2,1004,303,303,701,1.72994170468,1.42284178146,1.32421910763,303,9.70297029703,3351,59,0,222,10335,
1782,1413393301.36,2,1004,300,300,704,1.63828948571,1.35328525054,1.30574572086,300,9.60666666667,2928,52,1,222,10335,
1783,1413393301.41,2,1004,353,353,651,1.62753082073,1.33581535226,1.20529794693,353,9.8045325779,3002,53,0,223,10409,
1784,1413393301.46,2,1006,343,343,663,1.64145907814,1.31532329133,1.2690628767,343,9.27405247813,3002,53,0,223,10409,
1785,1413393301.51,2,1004,323,323,681,1.72940439481,1.45412319549,1.31387221813,323,9.42724458204,2841,52,0,223,10409,
1786,1413393301.56,2,1003,298,298,705,1.5510020188,1.28171169579,1.26974248886,298,9.04026845638,2738,50,1,223,10409,
1787,1413393301.61,2,1005,331,331,674,1.79683917214,1.38896068467,1.41919744015,331,9.14803625378,2771,51,0,224,10475,
1788,1413393301.66,2,1003,309,309,694,1.82354606129,1.55929939733,1.31867933273,309,8.86731391586,2771,51,0,224,10475,
1789,1413393301.71,2,1005,297,297,708,1.65444909159,1.3381594355,1.30419969559,297,9.06060606061,2770,51,1,224,10474,
1790,1413393301.76,2,1004,329,329,675,1.64803698908,1.42945753892,1.22190189362,329,9.14589665653,2838,52,0,225,10542,
1791,1413393301.81,2,1006,306,306,700,1.57290026152,1.36994747819,1.14733994007,306,9.10784313725,2772,50,0,225,10542,
1792,1413393301.86,2,1008,280,280,728,1.65193284085,1.30360609067,1.31411767006,280,9.26071428571,2772,50,1,225,10542,
1793,1413393301.91,2,1003,331,331,672,1.68976659992,1.34490474304,1.32811498642,331,8.73413897281,2801,50,0,226,10572,
1794,1413393301.96,2,1009,296,296,713,1.76432123952,1.52483192065,1.28047180176,296,9.09121621622,2801,50,0,226,10572,
1795,1413393302.01,2,1007,294,294,713,1.58310861948,1.31552089912,1.2020329237,294,9.29931972789,2792,49,0,226,10572,
1796,1413393302.06,2,1006,276,276,730,1.58132934009,1.27198105019,1.28886604309,276,9.1847826087,2704,46,1,226,10572,
1797,1413393302.11,2,1007,321,321,686,1.56771900829,1.26136522457,1.28367912769,321,9.16510903427,2720,46,0,227,10610,
1798,1413393302.16,2,1004,302,302,702,1.64254793826,1.31202428584,1.27741110325,302,8.9701986755,2695,45,0,227,10610,
1799,1413393302.21,2,1008,307,307,701,1.55420957759,1.14188302192,1.32036554813,307,9.26384364821,2695,45,1,227,10610,
1800,1413393302.26,2,1007,350,350,657,1.66666129312,1.318451151,1.28339207172,350,8.36,2773,46,0,228,10688,
1801,1413393302.31,2,1005,328,328,677,1.70410361096,1.32204171618,1.31401908398,328,8.59451219512,2752,48,0,228,10688,
1802,1413393302.36,2,1006,332,332,674,1.60892378954,1.28728868043,1.19535768032,332,8.45481927711,2740,47,1,227,10677,
1803,1413393302.41,2,1006,383,383,623,1.68519855366,1.35684165134,1.24209702015,383,8.23759791123,2812,46,0,228,10727,
1804,1413393302.46,2,1009,347,347,662,1.83045792691,1.44889699722,1.39883685112,347,8.55619596542,2812,46,0,228,10727,
1805,1413393302.51,2,1006,355,355,651,1.68848240304,1.36425990115,1.29386401176,355,8.57183098592,2811,46,1,228,10726,
1806,1413393302.56,2,1008,350,350,658,1.67453824723,1.30089546404,1.38162910938,350,8.63428571429,2850,47,0,229,10765,
1807,1413393302.61,2,1011,351,351,660,1.75595703082,1.4556500616,1.29093575478,351,8.80626780627,2850,47,0,229,10765,
1808,1413393302.66,2,1008,329,329,679,1.58417017516,1.19881975551,1.27923464775,329,8.91185410334,2848,47,0,229,10765,
1809,1413393302.71,2,1004,307,307,697,1.65575365409,1.29903619838,1.26900780201,307,8.95439739414,2775,44,1,229,10765,
1810,1413393302.76,2,1005,350,350,655,1.71323489144,1.42844780804,1.26066672802,350,8.92285714286,2809,45,0,230,10799,
1811,1413393302.81,2,1008,331,331,677,1.60766130322,1.22900478194,1.27092337608,331,9.0664652568,2809,45,0,230,10799,
1812,1413393302.86,2,1006,332,332,674,1.59650499282,1.288353769,1.22165584564,332,8.96686746988,2808,45,0,230,10798,
1813,1413393302.91,2,1007,323,323,684,1.57119428724,1.27735437346,1.23230373859,323,9.1826625387,2826,47,1,230,10798,
1814,1413393302.96,2,1006,364,364,642,1.53889688639,1.31511771691,1.12176632881,364,8.77472527473,3063,54,0,231,10844,
1815,1413393303.01,2,1005,338,338,667,1.62871017724,1.30971695433,1.26910722256,338,8.72781065089,2872,48,0,231,10844,
1816,1413393303.06,2,1003,332,332,671,1.67641015441,1.42137751387,1.28691482544,332,8.70180722892,2871,48,0,231,10843,
1817,1413393303.11,2,1004,328,328,676,1.61109921292,1.33639040701,1.17249011993,328,8.72865853659,2871,48,1,231,10843,
1818,1413393303.16,2,1009,368,368,641,1.55658166178,1.24044083339,1.23859035969,368,8.75,2921,49,0,232,10893,
1819,1413393303.21,2,1004,344,344,660,1.72465214381,1.41372318974,1.34454286098,344,8.82848837209,2921,49,0,232,10893,
1820,1413393303.26,2,1004,314,314,690,1.53603160125,1.13781861404,1.25960445404,314,9.01910828025,2915,48,0,232,10893,
1821,1413393303.31,2,1005,322,322,683,1.5770378564,1.14743981106,1.28539657593,322,8.91304347826,2878,47,1,232,10893,
1822,1413393303.36,2,1003,360,360,643,1.61488550558,1.10775347126,1.3650135994,360,9.24444444444,2901,48,0,233,10916,
1823,1413393303.41,2,1007,334,334,673,1.57452729612,1.07971196791,1.28783237934,334,9.04491017964,2979,53,0,233,10916,
1824,1413393303.46,2,1006,334,334,672,1.56945201282,1.25033648804,1.26440227032,334,8.86826347305,2966,52,1,232,10903,
1825,1413393303.51,2,1004,382,382,622,1.6677090379,1.27339444154,1.34857547283,382,8.79057591623,3008,53,0,233,10945,
1826,1413393303.56,2,1004,361,361,643,1.63399267473,1.24038252695,1.30585443974,361,8.81994459834,2947,47,0,233,10945,
1827,1413393303.61,2,1004,346,346,658,1.6540654918,1.3424869006,1.23936545849,346,8.92774566474,2998,52,1,233,10944,
1828,1413393303.66,2,1008,372,372,636,1.70170326681,1.33330346899,1.36494243145,372,9.48387096774,3048,53,0,234,10994,
1829,1413393303.71,2,1010,345,345,665,1.75661141758,1.4419867728,1.29504859447,345,9.79420289855,3057,54,0,234,10994,
1830,1413393303.76,2,1004,330,330,674,1.75510847137,1.48729482284,1.39032673836,330,9.63939393939,3057,54,0,234,10994,
1831,1413393303.81,2,1005,308,308,697,1.68109368995,1.28300716492,1.37921321392,308,9.9512987013,3057,54,1,234,10994,
1832,1413393303.86,2,1002,352,352,650,1.78461425596,1.38547455554,1.36680400372,352,9.50568181818,3075,55,0,235,11012,
1833,1413393303.91,2,1005,305,305,700,1.84795015757,1.49137012269,1.41035962105,305,9.33770491803,3075,55,0,235,11012,
1834,1413393303.96,2,1006,311,311,695,1.7932959634,1.36407283259,1.43543040752,311,9.19292604502,3022,50,0,235,11012,
1835,1413393304.01,2,1002,317,317,685,1.77866202298,1.38226491331,1.38643610477,317,9.2334384858,3022,50,1,235,11012,
1836,1413393304.06,2,1008,323,323,685,1.92664607831,1.41625038335,1.49641728401,323,9.17647058824,3071,51,0,236,11061,
1837,1413393304.11,2,1007,307,307,700,1.91119933087,1.52810200129,1.59008955956,307,9.44299674267,3099,54,0,236,11061,
1838,1413393304.16,2,1005,288,288,717,1.86436327762,1.50350219015,1.44643640518,288,9.60763888889,3124,56,0,236,11061,
1839,1413393304.21,2,1001,296,296,705,1.85102260599,1.49397295469,1.45375490189,296,9.20945945946,3114,55,1,236,11060,
1840,1413393304.26,2,1005,348,348,657,1.78937190307,1.46011447075,1.43182742596,348,9.00862068966,3109,55,0,237,11080,
1841,1413393304.31,2,1004,336,336,668,1.80077556818,1.47761228713,1.40702223778,336,9.28273809524,3109,55,0,237,11080,
1842,1413393304.36,2,1010,347,347,663,1.87386181583,1.48304470877,1.44566547871,347,9.33429394813,3108,55,0,237,11079,
1843,1413393304.41,2,1005,338,338,667,1.74047779259,1.52409323141,1.29939222336,338,9.15088757396,3120,55,0,236,11066,
1844,1413393304.46,2,1004,330,330,674,1.81951956572,1.37928627404,1.34625101089,330,9.21212121212,3120,55,0,236,11066,
1845,1413393304.51,2,1003,312,312,691,1.71357257356,1.38738994215,1.27038550377,312,9.28846153846,3129,56,1,236,11066,
1846,1413393304.56,2,1004,351,351,653,1.78159386089,1.39513511001,1.39235198498,351,8.46153846154,3200,57,0,237,11137,
1847,1413393304.61,2,1007,348,348,659,1.81341878527,1.45316920812,1.4653686285,348,8.61494252874,3200,57,0,237,11137,
1848,1413393304.66,2,1005,340,340,665,1.81944083674,1.4299164165,1.3763628006,340,8.68235294118,3200,57,0,237,11137,
1849,1413393304.71,2,1006,313,313,693,1.76633958584,1.47274564092,1.28671109676,313,8.38977635783,3200,57,1,237,11137,
1850,1413393304.76,2,1004,350,350,654,1.78354691901,1.40505073491,1.39634406567,350,8.77142857143,3232,58,0,238,11169,
1851,1413393304.81,2,1005,323,323,682,1.78486765926,1.43828410592,1.3727761507,323,8.80185758514,3232,58,0,238,11169,
1852,1413393304.86,2,1004,315,315,689,1.70631761269,1.34695206633,1.33530008793,315,8.71111111111,3232,58,0,238,11169,
1853,1413393304.91,2,1004,303,303,701,1.84273893735,1.36450190359,1.51488745213,303,8.43564356436,3232,58,1,238,11169,
1854,1413393304.96,2,1005,326,326,679,1.80915566143,1.47317456433,1.39700198174,326,8.52760736196,3280,59,0,239,11217,
1855,1413393305.01,2,1004,315,315,689,1.80458930459,1.48663303739,1.4117282629,315,8.75555555556,3280,59,0,239,11217,
1856,1413393305.06,2,1003,314,314,689,1.7359482016,1.37668845584,1.29604649544,314,8.47452229299,3263,58,0,238,11200,
1857,1413393305.11,2,1005,306,306,699,1.68238795969,1.27590286498,1.24092113972,306,8.25490196078,3178,54,1,238,11200,
1858,1413393305.16,2,1004,319,319,685,1.71516718856,1.38348713513,1.42115485668,319,8.8275862069,3216,55,0,239,11238,
1859,1413393305.21,2,1002,294,294,708,1.70101537696,1.36848426634,1.34412252903,294,8.95918367347,3301,59,0,239,11238,
1860,1413393305.26,2,1002,288,288,714,1.7518739959,1.36576300867,1.36666965485,288,8.9375,3297,59,0,239,11234,
1861,1413393305.31,2,1004,287,287,717,1.6818457058,1.2812888982,1.37755084038,287,8.67944250871,3297,59,1,239,11234,
1862,1413393305.36,2,1004,318,318,686,1.78643169135,1.36782124442,1.50746285915,318,8.77044025157,3262,56,0,240,11284,
1863,1413393305.41,2,1002,338,338,664,1.80191135266,1.46959062543,1.411927104,338,8.69230769231,3288,57,0,240,11284,
1864,1413393305.46,2,1005,309,309,696,1.78917708564,1.32068329983,1.42534434795,309,8.88996763754,3245,55,1,239,11267,
1865,1413393305.51,2,1002,327,327,675,1.76181260883,1.38899593331,1.45916891098,327,9.08256880734,3298,56,0,240,11320,
1866,1413393305.56,2,1002,306,306,696,1.86638407044,1.39062245181,1.58987283707,306,8.96732026144,3298,56,0,240,11320,
1867,1413393305.61,2,1003,303,303,700,1.85073429966,1.40600646497,1.48028349876,303,8.81188118812,3379,60,1,240,11316,
1868,1413393305.66,2,1002,325,325,677,1.89590174142,1.54074455102,1.41713309288,325,9.11384615385,3414,63,0,241,11348,
1869,1413393305.71,2,1002,300,300,702,1.8691198573,1.36936213179,1.59658110142,300,8.94666666667,3326,57,0,241,11348,
1870,1413393305.76,2,1002,259,259,743,1.95931070905,1.56576299194,1.56888103485,259,9.56370656371,3325,57,0,241,11347,
1871,1413393305.81,2,1004,274,274,730,1.85393678256,1.44035584347,1.47878074646,274,9.66423357664,3410,61,1,241,11347,
1872,1413393305.86,2,1001,284,284,717,1.83496906062,1.38926694008,1.54981982708,284,9.88028169014,3432,62,0,242,11369,
1873,1413393305.91,2,1002,266,266,736,1.77305380462,1.34165658967,1.41239237785,266,9.57142857143,3422,62,0,242,11369,
1874,1413393305.96,2,1004,260,260,744,1.91948876951,1.49838378744,1.53550171852,260,9.71923076923,3346,58,1,242,11368,
1875,1413393306.01,2,1002,308,308,694,1.75253738766,1.39054513808,1.37091732025,308,9.1461038961,3562,66,0,243,11449,
1876,1413393306.06,2,1002,290,290,712,1.92606969522,1.48342835815,1.41391789913,290,9.07931034483,3562,66,0,243,11449,
1877,1413393306.11,2,1002,270,270,732,1.78648226144,1.34205774045,1.48468863964,270,9.1962962963,3560,66,1,243,11447,
1878,1413393306.16,2,1000,304,304,696,1.82124957606,1.39392456134,1.46106386185,304,9.22697368421,3613,67,0,244,11500,
1879,1413393306.21,2,1002,283,283,719,1.75749651039,1.33016234271,1.34920942783,283,9.47349823322,3566,66,0,244,11500,
1880,1413393306.26,2,1003,251,251,752,1.83512719261,1.37293922966,1.46482360363,251,10.4581673307,3566,66,1,244,11500,
1881,1413393306.31,2,1004,290,290,714,1.75036950869,1.36379973697,1.34117674828,290,9.90689655172,3602,64,0,245,11538,
1882,1413393306.36,2,1001,257,257,744,1.91068189733,1.50273897653,1.49967837334,257,10.2996108949,3651,68,0,245,11538,
1883,1413393306.41,2,1004,255,255,749,1.96496464747,1.57884851384,1.43471002579,255,9.58823529412,3638,67,1,244,11525,
1884,1413393306.46,2,1006,322,322,684,1.75126973985,1.44867218526,1.296626091,322,9.10248447205,3853,71,0,245,11579,
1885,1413393306.51,2,1002,310,310,692,1.86086299693,1.31599913393,1.5250865221,310,9.18709677419,3853,71,0,245,11579,
1886,1413393306.56,2,1001,274,274,727,1.7943765837,1.38822231303,1.35510873795,274,9.16423357664,3850,71,0,245,11576,
1887,1413393306.61,2,1002,256,256,746,1.92555425175,1.43886779318,1.4778778553,256,8.79296875,3850,71,1,245,11576,
1888,1413393306.66,2,1003,311,311,692,1.80860211509,1.51258676739,1.31053066254,311,8.81350482315,3897,72,0,246,11623,
1889,1413393306.71,2,1003,299,299,704,2.08026500771,1.66348632942,1.65292620659,299,8.40133779264,3897,72,0,246,11623,
1890,1413393306.76,2,1003,287,287,716,1.85664756983,1.44244329698,1.52236390114,287,8.393728223,3895,72,1,246,11621,
1891,1413393306.81,2,1006,345,345,661,1.891599876,1.45833358453,1.5116417408,345,8.22028985507,3982,73,0,247,11708,
1892,1413393306.86,2,1002,327,327,675,1.89001906518,1.47105547495,1.38790929317,327,8.39143730887,3982,73,0,247,11708,
1893,1413393306.91,2,1002,324,324,678,2.11842054508,1.67862486706,1.70680308342,324,8.44135802469,3982,73,0,247,11708,
1894,1413393306.96,2,1004,308,308,696,1.85946684379,1.42676855455,1.49287378788,308,8.51623376623,3981,73,0,247,11707,
1895,1413393307.01,2,1000,295,295,705,1.89823023631,1.53937330591,1.45605814457,295,8.60338983051,3981,73,1,247,11707,
1896,1413393307.06,2,1001,371,371,630,1.80643571633,1.39288440182,1.43762981892,371,7.74932614555,4035,74,0,248,11761,
1897,1413393307.11,2,1002,355,355,647,1.81487538828,1.46617172879,1.32813501358,355,7.69295774648,4035,74,0,248,11761,
1898,1413393307.16,2,999,323,323,676,1.81679953969,1.39136062024,1.44553375244,323,7.80495356037,4035,74,0,248,11761,
1899,1413393307.21,2,1001,336,336,665,1.88609065616,1.56346140093,1.43101298809,336,7.78869047619,4033,74,0,248,11759,
1900,1413393307.26,2,1004,331,331,673,1.81783226785,1.45254036494,1.30107820034,331,7.93957703927,4033,74,1,248,11759,
1901,1413393307.31,2,1002,359,359,643,1.75057290624,1.38919966583,1.38203942776,359,8.47075208914,4067,75,0,249,11793,
1902,1413393307.36,2,1002,351,351,651,1.82645327927,1.48336769632,1.37398433685,351,8.4415954416,4224,78,0,249,11793,
1903,1413393307.41,2,1003,342,342,661,1.6384970619,1.43017474199,1.20446610451,342,8.4298245614,4088,76,0,249,11793,
1904,1413393307.46,2,1002,312,312,690,1.74672483299,1.45975961898,1.31550073624,312,8.51282051282,4088,76,1,249,11793,
1905,1413393307.51,2,1002,364,364,638,1.76236907571,1.53690054952,1.22441625595,364,8.92857142857,4116,77,0,250,11821,
1906,1413393307.56,2,1001,336,336,665,1.86594427914,1.50539937327,1.41431939602,336,8.70238095238,4116,77,0,250,11821,
1907,1413393307.61,2,1002,332,332,670,1.8639102076,1.48473183797,1.40582895279,332,8.97289156627,4116,77,0,250,11821,
1908,1413393307.66,2,1004,313,313,691,1.7460652884,1.56828901209,1.2732963562,313,8.84345047923,4116,77,0,250,11821,
1909,1413393307.71,2,1002,314,314,688,1.79631465463,1.47617203311,1.39568221569,314,9.04777070064,4116,77,1,250,11821,
1910,1413393307.76,2,1003,350,350,653,1.78635789954,1.37481036144,1.44348597527,350,9.19428571429,4140,78,0,251,11845,
1911,1413393307.81,2,1003,344,344,659,1.93195127694,1.56769338558,1.54688918591,344,8.93604651163,4140,78,0,251,11845,
1912,1413393307.86,2,1002,324,324,678,1.90571613432,1.60431320907,1.51118481159,324,9.12654320988,4140,78,0,251,11845,
1913,1413393307.91,2,1004,293,293,711,1.79835603785,1.47957725947,1.35810804367,293,9.24914675768,4140,78,0,251,11845,
1914,1413393307.96,2,1005,292,292,713,1.77416195016,1.43812705841,1.30420923233,292,9.42123287671,4140,78,1,251,11845,
1915,1413393308.01,2,1006,320,320,686,1.66089438121,1.33395352463,1.22334778309,320,9.565625,4313,81,0,252,11882,
1916,1413393308.06,2,1003,302,302,701,1.79642468254,1.46971466556,1.28995335102,302,9.24834437086,4837,89,0,252,11882,
1917,1413393308.11,2,1003,284,284,719,1.63840388577,1.29823680004,1.33683001995,284,9.16197183099,4111,77,0,252,11882,
1918,1413393308.16,2,1002,268,268,734,1.85089155164,1.40670065848,1.47949981689,268,9.35820895522,4111,77,0,252,11882,
1919,1413393308.21,2,1003,264,264,739,1.80554885352,1.40492757512,1.45360100269,264,9.5,4313,81,0,252,11882,
1920,1413393308.26,2,1004,265,265,739,1.90623693404,1.55234618535,1.36328136921,265,8.65660377358,4110,77,0,252,11881,
1921,1413393308.31,2,1006,263,263,743,1.77969033195,1.40573195831,1.37339568138,263,9.54372623574,4110,77,1,252,11881,
1922,1413393308.36,2,1001,272,272,729,1.79939154705,1.40452883125,1.41736376286,272,9.51102941176,4325,81,0,253,11894,
1923,1413393308.41,2,1006,279,279,727,1.9177012968,1.4358029056,1.53602290154,279,9.44086021505,4325,82,0,253,11894,
1924,1413393308.46,2,1003,262,262,741,2.04210629405,1.51517182378,1.67990553379,262,9.62595419847,4325,82,0,253,11894,
1925,1413393308.51,2,1008,254,254,754,1.90102610872,1.39142188402,1.5963742733,254,10.0354330709,4325,82,0,253,11894,
1926,1413393308.56,2,1007,241,241,766,1.97921340838,1.47805045236,1.64237332344,241,9.94605809129,5019,88,0,253,11893,
1927,1413393308.61,2,1004,262,262,742,2.02304063891,1.53286515545,1.59210944176,262,9.70610687023,8212,150,1,253,11893,
1928,1413393308.66,2,1005,295,295,710,1.91602010141,1.46747572974,1.52746939659,295,9.78305084746,8234,149,0,254,11920,
1929,1413393308.71,2,1003,252,252,751,1.96606715568,1.44054411632,1.5870051384,252,9.90079365079,8398,152,0,254,11920,
1930,1413393308.76,2,1006,251,251,755,2.01453526187,1.52202745313,1.58280229568,251,10.0916334661,8403,154,0,254,11920,
1931,1413393308.81,2,1006,251,251,755,2.06487422396,1.45316118715,1.71451604366,251,9.66135458167,8403,154,0,254,11920,
1932,1413393308.86,2,1004,221,221,783,2.01006128042,1.45587008418,1.60839927197,221,9.2850678733,8220,143,0,254,11920,
1933,1413393308.91,2,1006,223,223,783,1.99839912181,1.48350757371,1.59143710136,223,8.74439461883,7565,119,0,254,11918,
1934,1413393308.96,2,1005,214,214,791,1.90572453464,1.38182999088,1.6898086071,214,9.10280373832,8204,130,0,254,11918,
1935,1413393309.01,2,1009,210,210,799,2.05893757357,1.446419208,1.7025821209,210,8.95238095238,8345,141,1,254,11918,
1936,1413393309.06,2,1005,260,260,745,1.9387587402,1.52577423273,1.5361623764,260,10.4615384615,9691,175,0,255,11942,
1937,1413393309.11,2,1003,254,254,749,1.93230562942,1.41809750972,1.55878317356,254,10.1299212598,10989,205,0,255,11942,
1938,1413393309.16,2,1009,242,242,767,2.03627473639,1.58677175811,1.67629253864,242,10.673553719,11504,223,0,255,11942,
1939,1413393309.21,2,1006,225,225,781,1.94294138375,1.34907049932,1.75085127354,225,10.4177777778,11538,228,0,255,11942,
1940,1413393309.26,2,1005,245,245,760,1.94724003283,1.45072067699,1.53185141087,245,10.4285714286,10978,210,0,255,11941,
1941,1413393309.31,2,1005,233,233,772,1.896653198,1.55032436556,1.4535009861,233,11.025751073,11253,216,1,255,11941,
1942,1413393309.36,2,1006,266,266,740,1.87888786298,1.55814281816,1.47406888008,266,11.8684210526,11430,231,0,256,11939,
1943,1413393309.41,2,1007,252,252,755,1.94440231063,1.63815311906,1.54828190804,252,12.0595238095,11481,231,0,256,11939,
1944,1413393309.46,2,1003,257,257,746,1.88724753887,1.51379447391,1.40153598785,257,12.8793774319,11402,220,0,256,11939,
1945,1413393309.51,2,1006,253,253,753,1.81776960774,1.42530606206,1.36215829849,253,12.7351778656,11498,233,0,256,11939,
1946,1413393309.56,2,1002,242,242,760,1.82620879765,1.34036158009,1.45252287388,242,13.2727272727,11290,224,0,256,11939,
1947,1413393309.61,2,1008,225,225,783,1.85014702857,1.39465138462,1.43314361572,225,12.1022222222,11252,226,0,256,11939,
1948,1413393309.66,2,1003,250,250,753,1.85435668275,1.41388899429,1.45336449146,250,12.396,11313,226,0,256,11939,
1949,1413393309.71,2,1006,240,240,766,1.95908517586,1.55738543999,1.5372004509,240,12.2416666667,11315,230,0,256,11939,
1950,1413393309.76,2,1008,220,220,788,1.76001444743,1.17865372032,1.4623670578,220,12.7727272727,11007,212,0,256,11939,
1951,1413393309.81,2,1006,226,226,780,1.8307670103,1.36607950111,1.47014737129,226,14.0265486726,10827,204,0,256,11939,
1952,1413393309.86,2,1007,230,230,777,1.82417729179,1.33534265363,1.5085542202,230,14.4956521739,11367,226,0,256,11939,
1953,1413393309.91,2,1006,233,233,773,1.81610716854,1.36149708392,1.47229635715,233,13.5364806867,11203,219,0,256,11939,
1954,1413393309.96,2,1007,241,241,766,1.91973556269,1.40325383643,1.66185319424,241,14.6721991701,11203,219,1,256,11939,
1955,1413393310.01,2,1009,256,256,753,1.71598636423,1.25484035652,1.38772058487,256,13.79296875,11312,223,0,257,11946,
1956,1413393310.06,2,1011,266,266,745,1.7931111809,1.33464469802,1.40559923649,266,13.7593984962,11210,221,0,257,11946,
1957,1413393310.11,2,1006,252,252,754,1.97340286103,1.54789459098,1.58382201195,252,13.253968254,11210,222,0,257,11946,
1958,1413393310.16,2,1003,246,246,757,1.9554158501,1.41379705343,1.57152044773,246,13.8089430894,11210,222,0,257,11946,
1959,1413393310.21,2,1009,241,241,768,1.9081138101,1.53234098701,1.4630895853,241,13.7012448133,11125,220,0,257,11946,
1960,1413393310.26,2,1003,242,242,761,2.0047937272,1.56878053366,1.52727603912,242,14.0909090909,10909,214,0,257,11946,
1961,1413393310.31,2,1009,248,248,761,1.91342966403,1.4970032525,1.47456264496,248,15.0564516129,11408,227,0,257,11946,
1962,1413393310.36,2,1005,253,253,752,1.76366946413,1.27008631379,1.51660788059,253,14.3517786561,11408,228,0,257,11946,
1963,1413393310.41,2,1005,260,260,745,1.86582668574,1.36792892417,1.5267457962,260,14.6346153846,11404,225,0,257,11946,
1964,1413393310.46,2,1008,264,264,744,1.87076596504,1.32393723481,1.51705157757,264,14.6704545455,11476,227,1,257,11946,
1965,1413393310.51,2,1008,310,310,698,1.71001323577,1.25068053472,1.43724155426,310,14.0419354839,11441,229,0,258,11979,
1966,1413393310.56,2,1003,299,299,704,1.76557870265,1.36934656009,1.42160797119,299,12.7859531773,10919,212,0,258,11979,
1967,1413393310.61,2,1003,294,294,709,1.70043366556,1.27748836235,1.36426448822,294,13.574829932,10919,210,0,258,11979,
1968,1413393310.66,2,1006,291,291,715,1.82433263352,1.31260124311,1.42413330078,291,13.7800687285,11534,228,0,258,11979,
1969,1413393310.71,2,1004,293,293,711,1.81939542774,1.39290158008,1.42809140682,293,14.4880546075,11135,221,0,258,11979,
1970,1413393310.76,2,1006,288,288,718,1.79002040575,1.29267852578,1.44164311886,288,14.3368055556,11130,218,0,258,11979,
1971,1413393310.81,2,1008,274,274,734,1.8339598361,1.33139289156,1.48795855045,274,14.200729927,11151,221,0,258,11979,
1972,1413393310.86,2,1005,263,263,742,1.83072011133,1.33343292085,1.3923920393,263,14.1711026616,11135,221,0,258,11979,
1973,1413393310.91,2,1009,292,292,717,1.86713586239,1.38343708797,1.49452698231,292,13.8184931507,11130,218,0,258,11979,
1974,1413393310.96,2,1003,283,283,720,1.83008522638,1.42013497042,1.47005450726,283,14.8056537102,11113,220,0,258,11978,
1975,1413393311.01,2,1006,303,303,703,1.77098885976,1.27219293705,1.53585648537,303,14.1749174917,11267,227,0,258,11978,
1976,1413393311.06,2,1007,278,278,729,1.82302399676,1.39899903083,1.46997237206,278,13.2985611511,11440,229,1,258,11978,
1977,1413393311.11,2,1005,334,334,671,1.72391146898,1.42577496581,1.30223977566,334,12.3383233533,11073,215,0,259,12026,
1978,1413393311.16,2,1006,333,333,673,1.72652636992,1.26005620324,1.41404736042,333,12.5915915916,11073,217,0,259,12026,
1979,1413393311.21,2,1007,332,332,675,1.7830677442,1.42908694678,1.41799592972,332,12.5753012048,11165,216,0,259,12026,
1980,1413393311.26,2,1002,323,323,679,1.78584683283,1.28167803896,1.42629170418,323,12.7151702786,11487,229,0,259,12026,
1981,1413393311.31,2,1004,310,310,694,1.77151541645,1.30997461623,1.40488648415,310,12.7580645161,11488,230,0,259,12026,
1982,1413393311.36,2,1005,302,302,703,1.88872348145,1.42429950994,1.48302078247,302,13.0960264901,11290,223,0,259,12026,
1983,1413393311.41,2,1005,287,287,718,1.88559861162,1.48303864367,1.41053009033,287,12.7526132404,10950,215,0,259,12026,
1984,1413393311.46,2,1006,304,304,702,1.93248120465,1.51092086629,1.44930529594,304,12.7763157895,10949,214,0,259,12025,
1985,1413393311.51,2,1007,293,293,714,1.82984238634,1.44478520122,1.40704190731,293,12.5699658703,10915,209,0,258,12014,
1986,1413393311.56,2,1001,282,282,719,1.79558157458,1.36558650499,1.41673588753,282,12.9432624113,10868,207,1,258,12014,
1987,1413393311.61,2,1005,328,328,677,1.88190314871,1.43705336729,1.49580311775,328,12.2804878049,10932,212,0,259,12042,
1988,1413393311.66,2,1007,318,318,689,1.73357465624,1.31774617387,1.33978462219,318,12.0220125786,10735,208,0,259,12042,
1989,1413393311.71,2,1004,309,309,695,1.96870441758,1.57185419038,1.46406698227,309,12.644012945,11097,218,0,259,12042,
1990,1413393311.76,2,1004,297,297,707,1.97790357736,1.53024740382,1.60330843925,297,12.3905723906,11081,214,0,259,12042,
1991,1413393311.81,2,1007,296,296,711,1.82641044867,1.49734966382,1.39688742161,296,13.597972973,11097,217,0,259,12042,
1992,1413393311.86,2,1004,294,294,710,2.04616329724,1.52057813614,1.67854213715,294,13.1836734694,11306,223,0,259,12042,
1993,1413393311.91,2,1005,292,292,713,2.13339630961,1.68119035912,1.60234844685,292,13.4554794521,11534,232,0,259,12042,
1994,1413393311.96,2,1004,288,288,716,2.02170742464,1.46128897983,1.66314029694,288,13.2673611111,10931,210,0,259,12042,
1995,1413393312.01,2,1004,285,285,719,1.93422280953,1.36240590544,1.52580857277,285,13.950877193,10697,200,0,259,12040,
1996,1413393312.06,2,1006,266,266,740,1.88401511788,1.31381488061,1.54037809372,266,14.0601503759,10691,202,0,258,12034,
1997,1413393312.11,2,1005,268,268,737,1.97057428378,1.39519633514,1.56419336796,268,14.5037313433,10949,212,1,258,12034,
1998,1413393312.16,2,1004,301,301,703,1.92169551866,1.44147076331,1.61145067215,301,13.9966777409,10983,210,0,259,12063,
1999,1413393312.21,2,1005,285,285,720,1.97956155361,1.48957238481,1.57741367817,285,14.5964912281,11015,213,0,259,12063,
2000,1413393312.26,2,1004,294,294,710,2.00601659457,1.52325307806,1.58319950104,294,13.9863945578,10856,201,0,259,12063,
2001,1413393312.31,2,1003,288,288,715,1.90868008207,1.45660977153,1.56869375706,288,14.2118055556,10178,184,0,259,12063,
2002,1413393312.36,2,1006,272,272,734,1.90828102381,1.47839480012,1.50803554058,272,14.8051470588,10787,196,0,259,12063,
2003,1413393312.41,2,1003,283,283,720,2.01722824838,1.4930730692,1.66796982288,283,15.1625441696,10935,207,0,259,12063,
2004,1413393312.46,2,1003,276,276,727,1.88980128261,1.29802321659,1.58968269825,276,14.3405797101,10991,206,0,259,12063,
2005,1413393312.51,2,1008,287,287,721,1.95801007306,1.45246243093,1.52147710323,287,14.5087108014,10774,204,0,259,12063,
2006,1413393312.56,2,1004,272,272,732,2.00756811485,1.5220634118,1.50983989239,272,15.1911764706,11095,212,0,259,12063,
2007,1413393312.61,2,1006,263,263,743,1.91913715532,1.47280970382,1.48457050323,263,15.1064638783,10858,204,1,259,12063,
2008,1413393312.66,2,1006,334,334,672,1.89538266037,1.39217409792,1.58527636528,334,13.9071856287,11213,217,0,260,12087,
2009,1413393312.71,2,1002,309,309,693,1.85074646409,1.30116838724,1.55803406239,309,14.0614886731,11171,215,0,260,12087,
2010,1413393312.76,2,1003,294,294,709,1.85202219352,1.32622220932,1.58945834637,294,13.537414966,10973,211,0,260,12087,
2011,1413393312.81,2,1002,279,279,723,1.85694551919,1.46165460706,1.4362872839,279,14.2580645161,10037,190,0,260,12087,
2012,1413393312.86,2,1002,283,283,719,1.94584394575,1.4245719208,1.51696479321,283,14.5053003534,10348,192,0,260,12087,
2013,1413393312.91,2,1001,274,274,727,2.03701050038,1.48836789564,1.72897100449,274,15.1605839416,10372,183,0,260,12087,
2014,1413393312.96,2,1002,287,287,715,1.9196609019,1.55018037497,1.43562495708,287,15.3867595819,10414,182,0,260,12086,
2015,1413393313.01,2,1005,284,284,721,1.86319323031,1.43414973717,1.52112102509,284,15.3873239437,10709,198,0,260,12086,
2016,1413393313.06,2,1004,296,296,708,1.82888964464,1.46991192247,1.47094655037,296,15.8614864865,10701,193,0,260,12086,
2017,1413393313.11,2,1001,281,281,720,1.92737162564,1.57493718044,1.50625276566,281,15.0213523132,10757,183,1,260,12086,
2018,1413393313.16,2,1001,327,327,674,1.7640981161,1.3974055181,1.36492812634,327,15.3914373089,11147,211,0,261,12140,
2019,1413393313.21,2,1000,314,314,686,1.7669222568,1.33974247777,1.53436589241,314,14.5987261146,10904,202,0,261,12140,
2020,1413393313.26,2,1002,309,309,693,1.80905901684,1.26429405492,1.54975354671,309,14.4789644013,10410,184,0,261,12140,
2021,1413393313.31,2,1003,317,317,686,1.80681714249,1.33191872765,1.5469148159,317,14.905362776,10281,183,0,261,12140,
2022,1413393313.36,2,1004,298,298,706,1.7880505839,1.29454354754,1.49513864517,298,14.5872483221,9486,169,0,261,12140,
2023,1413393313.41,2,1000,310,310,690,1.84104378042,1.262088339,1.50130867958,310,15.6129032258,9997,173,0,261,12140,
2024,1413393313.46,2,1004,286,286,718,1.86286134305,1.32351313456,1.57848441601,286,15.7552447552,10922,203,0,261,12140,
2025,1413393313.51,2,1001,303,303,698,1.8199160245,1.33594821424,1.50922036171,303,15.6237623762,10904,202,0,261,12140,
2026,1413393313.56,2,1006,285,285,721,1.85420771375,1.28076313591,1.53620409966,285,16.4807017544,10783,200,0,261,12140,
2027,1413393313.61,2,1007,276,276,731,1.78111381807,1.34884110232,1.46206641197,276,16.5217391304,10103,181,1,261,12140,
2028,1413393313.66,2,1001,340,340,661,1.78085499548,1.37237339491,1.49320316315,340,15.6882352941,10157,184,0,262,12181,
2029,1413393313.71,2,1004,336,336,668,1.80092492338,1.34728514131,1.47257494926,336,15.7113095238,10801,202,0,262,12181,
2030,1413393313.76,2,1002,317,317,685,1.83771679887,1.33775385581,1.45387327671,317,16.2365930599,10213,186,0,262,12181,
2031,1413393313.81,2,1005,312,312,693,1.76473319788,1.42374334521,1.26075494289,312,14.5064102564,10251,184,0,262,12181,
2032,1413393313.86,2,1001,307,307,694,1.77788277087,1.38108037728,1.41714429855,307,14.5732899023,10801,201,0,262,12181,
2033,1413393313.91,2,1005,309,309,696,1.77703241912,1.39691355443,1.3913230896,309,14.6699029126,10680,192,0,262,12181,
2034,1413393313.96,2,1004,317,317,687,1.70796930616,1.20350989221,1.39474499226,317,13.5425867508,10780,197,0,262,12181,
2035,1413393314.01,2,1003,315,315,688,1.72571725088,1.28318666043,1.43356394768,315,13.6761904762,10839,199,0,262,12181,
2036,1413393314.06,2,1007,312,312,695,1.83122460501,1.42186290676,1.47068548203,312,12.6442307692,10986,199,0,262,12181,
2037,1413393314.11,2,1003,329,329,674,1.76262320452,1.412933318,1.38751232624,329,12.0395136778,10715,189,0,262,12180,
2038,1413393314.16,2,1002,330,330,672,1.76712245417,1.40498792194,1.41179585457,330,11.8,11060,197,0,262,12180,
2039,1413393314.21,2,1001,302,302,699,1.7620826266,1.36503404325,1.39130854607,302,11.7350993377,11237,206,1,262,12180,
2040,1413393314.26,2,1004,357,357,647,1.62369758063,1.27046701336,1.26187038422,357,11.0392156863,10924,190,0,263,12251,
2041,1413393314.31,2,1008,357,357,651,1.73422291019,1.41583502256,1.28905284405,357,10.5966386555,10933,193,0,263,12251,
2042,1413393314.36,2,1002,351,351,651,1.80327866844,1.3914415077,1.38482129574,351,11.3133903134,10053,176,0,263,12251,
2043,1413393314.41,2,1004,339,339,665,1.84814698799,1.42970134729,1.39038801193,339,11.7138643068,10169,179,0,263,12251,
2044,1413393314.46,2,1004,350,350,654,1.90491988824,1.48577887567,1.4341750145,350,12.46,10652,192,0,263,12251,
2045,1413393314.51,2,1002,334,334,668,1.81990753544,1.48260927206,1.46723294258,334,13.0538922156,9744,177,0,263,12250,
2046,1413393314.56,2,1001,313,313,688,1.83273374044,1.44556525713,1.49907898903,313,12.9904153355,10073,183,0,263,12250,
2047,1413393314.61,2,1002,327,327,675,1.83141297485,1.44169331277,1.4028455019,327,14.1590214067,10077,184,1,263,12250,
2048,1413393314.66,2,1002,365,365,637,1.79001909547,1.45027878658,1.31183826923,365,13.6301369863,9657,178,0,264,12294,
2049,1413393314.71,2,1004,373,373,631,1.75167551615,1.23509957153,1.40480935574,373,14.2252010724,9224,172,0,264,12294,
2050,1413393314.76,2,1004,357,357,647,1.70515888118,1.32238588583,1.35972809792,357,14.6638655462,9263,171,0,264,12294,
2051,1413393314.81,2,1004,363,363,641,1.76059566762,1.3944831133,1.27952957153,363,15.4159779614,9183,167,0,264,12294,
2052,1413393314.86,2,1002,374,374,628,1.86228123638,1.44066078983,1.44374907017,374,14.8315508021,8793,163,0,264,12294,
2053,1413393314.91,2,1002,348,348,654,1.87665926958,1.44561494711,1.44072473049,348,15.6781609195,8771,161,0,264,12294,
2054,1413393314.96,2,1002,357,357,645,1.82394329298,1.46500288398,1.39710462093,357,14.9831932773,8220,154,0,264,12294,
2055,1413393315.01,2,1004,341,341,663,1.70708644219,1.28447185371,1.38568067551,341,15.7214076246,8220,154,0,264,12294,
2056,1413393315.06,2,1003,348,348,655,1.82896538801,1.40793630908,1.42079102993,348,15.6896551724,8799,162,0,264,12289,
2057,1413393315.11,2,1000,352,352,648,1.79041340211,1.42620945047,1.3147611618,352,15.8806818182,8842,164,0,264,12289,
2058,1413393315.16,2,1001,361,361,640,1.89131603679,1.55138078393,1.4714846611,361,15.7119113573,8861,166,1,264,12289,
2059,1413393315.21,2,1003,375,375,628,1.8786666846,1.39223842707,1.57854235172,375,17.2053333333,8855,171,0,265,12279,
2060,1413393315.26,2,1001,359,359,642,1.74770816227,1.34098586947,1.47157800198,359,17.6545961003,9323,175,0,265,12279,
2061,1413393315.31,2,1001,362,362,639,1.71581832418,1.28794310529,1.3916476965,362,17.4751381215,9315,174,0,265,12279,
2062,1413393315.36,2,1001,339,339,662,1.8791663797,1.38207220068,1.52269423008,339,18.2300884956,9324,179,0,265,12279,
2063,1413393315.41,2,1002,338,338,664,1.90759067352,1.38974009503,1.56166362762,338,17.8905325444,8855,172,0,265,12279,
2064,1413393315.46,2,1003,323,323,680,1.86140154268,1.429003833,1.54270088673,323,18.5665634675,9389,173,0,265,12279,
2065,1413393315.51,2,1002,320,320,682,1.92507590586,1.36208115189,1.57553911209,320,18.4875,8836,166,0,265,12279,
2066,1413393315.56,2,1005,327,327,678,1.77689781079,1.40552711813,1.38400065899,327,18.2782874618,9349,179,0,265,12278,
2067,1413393315.61,2,1002,328,328,674,1.80738064044,1.30244873419,1.48183774948,328,18.3902439024,9338,177,0,265,12278,
2068,1413393315.66,2,1000,321,321,679,1.88714429699,1.49626188956,1.42816352844,321,18.691588785,9928,185,1,265,12278,
2069,1413393315.71,2,997,362,362,635,1.88151964381,1.48342959361,1.44872260094,362,17.9502762431,10048,196,0,266,12303,
2070,1413393315.76,2,1001,333,333,668,1.90776912253,1.39451405233,1.45483183861,333,18.8288288288,9595,190,0,266,12303,
2071,1413393315.81,2,998,337,337,661,1.93160523088,1.39461654121,1.54454946518,337,19.0682492582,9580,188,0,266,12303,
2072,1413393315.86,2,995,337,337,658,2.08926189287,1.57022547968,1.64743602276,337,19.5222551929,10124,192,0,266,12303,
2073,1413393315.91,2,993,316,316,677,2.05210257682,1.44285334374,1.76318979263,316,20.0917721519,10353,197,0,266,12303,
2074,1413393315.96,2,1004,318,318,686,1.99919199941,1.49561963424,1.62647926807,318,21.1949685535,10273,199,0,266,12303,
2075,1413393316.01,2,1004,314,314,690,1.97302113188,1.46160901858,1.62028217316,314,21.4808917197,10291,199,0,266,12303,
2076,1413393316.06,2,997,276,276,721,1.92317057128,1.45048248317,1.47746324539,276,22.0579710145,9518,181,0,266,12303,
2077,1413393316.11,2,995,298,298,697,2.04701779913,1.43170718509,1.68191075325,298,22.3187919463,9561,182,0,266,12303,
2078,1413393316.16,2,992,280,280,712,1.96004807881,1.29573419668,1.66060614586,280,22.9357142857,10367,197,0,266,12302,
2079,1413393316.21,2,990,264,264,726,1.89537452407,1.45171612498,1.62032103539,264,24.0454545455,10350,196,0,266,12302,
2080,1413393316.26,2,994,270,270,724,1.89346873065,1.35413754765,1.66252756119,270,23.3666666667,10077,189,1,266,12302,
2081,1413393316.31,2,987,328,328,659,1.87393542122,1.3599127498,1.60784745216,328,22.5396341463,10226,192,0,267,12301,
2082,1413393316.36,2,980,312,312,668,1.92214723133,1.39725568497,1.67476427555,312,22.1217948718,10214,193,0,267,12301,
2083,1413393316.41,2,987,317,317,670,1.92390579089,1.49202881934,1.4665145874,317,22.5835962145,10333,197,0,267,12301,
2084,1413393316.46,2,982,317,317,665,1.95734165148,1.48509430153,1.57386505604,317,22.3911671924,10336,199,0,267,12301,
2085,1413393316.51,2,981,296,296,685,1.9549643463,1.4133139363,1.54135465622,296,24.5168918919,10293,196,0,267,12301,
2086,1413393316.56,2,988,301,301,687,1.92636955784,1.41449450057,1.63709843159,301,24.122923588,10128,193,0,267,12301,
2087,1413393316.61,2,973,300,300,673,1.88936057426,1.30624730448,1.55093300343,300,23.9633333333,10096,191,0,267,12301,
2088,1413393316.66,2,981,294,294,687,1.76024504974,1.26950020614,1.44571697712,294,24.5102040816,10051,190,0,267,12301,
2089,1413393316.71,2,976,303,303,673,1.81187259713,1.25678418931,1.58265471458,303,23.8151815182,9574,185,0,267,12301,
2090,1413393316.76,2,979,315,315,664,1.82131503266,1.4905904317,1.37733769417,315,24.5968253968,9515,183,0,267,12301,
2091,1413393316.81,2,972,314,314,658,1.84511857029,1.3379845461,1.48960471153,314,23.8025477707,10183,192,0,267,12299,
2092,1413393316.86,2,979,321,321,658,1.80040456522,1.28238338786,1.37218153477,321,23.6666666667,10172,191,0,267,12299,
2093,1413393316.91,2,977,322,322,655,1.79152193508,1.37812442919,1.5337215662,322,23.3447204969,9467,181,1,267,12299,
2094,1413393316.96,2,969,327,327,642,1.78549018318,1.30296798589,1.47917950153,327,23.4250764526,9091,161,0,268,12288,
2095,1413393317.01,2,976,328,328,648,1.83572995077,1.33112656858,1.44792771339,328,23.7225609756,9834,181,0,268,12288,
2096,1413393317.06,2,978,317,317,661,1.70028512603,1.25366487254,1.37187182903,317,24.6971608833,9628,177,0,268,12288,
2097,1413393317.11,2,973,304,304,669,1.78165896176,1.31836913492,1.37384605408,304,25.5559210526,9758,182,0,268,12288,
2098,1413393317.16,2,977,296,296,681,1.79688889803,1.33084077828,1.43152856827,296,25.7871621622,9758,182,0,268,12288,
2099,1413393317.21,2,961,296,296,665,1.57549477365,1.19408570052,1.29988205433,296,26.4527027027,9691,178,0,268,12288,
2100,1413393317.26,2,971,306,306,665,1.65933082346,1.26206732705,1.31622028351,306,26.3758169935,9523,174,0,268,12288,
2101,1413393317.31,2,971,304,304,667,1.60777649222,1.3111729408,1.29569780827,304,25.4342105263,8786,153,0,268,12288,
2102,1413393317.36,2,971,304,304,667,1.62495833997,1.417018126,1.18287932873,304,26.1611842105,8149,141,0,268,12288,
2103,1413393317.41,2,981,296,296,685,1.58143671433,1.20494422478,1.24293768406,296,26.2972972973,9206,166,0,268,12287,
2104,1413393317.46,2,985,290,290,695,1.68832940999,1.31301040421,1.34822571278,290,25.7344827586,8084,138,1,267,12275,
2105,1413393317.51,2,987,342,342,645,1.56614245498,1.23608563611,1.17338252068,342,25.3245614035,9191,153,0,268,12268,
2106,1413393317.56,2,981,333,333,648,1.65321522875,1.3381007471,1.23692476749,333,25.2762762763,9555,172,0,268,12268,
2107,1413393317.61,2,976,348,348,628,1.70239517281,1.35054952996,1.37536334991,348,25.1522988506,9137,167,0,268,12268,
2108,1413393317.66,2,969,328,328,641,1.60719161217,1.27619685986,1.27918934822,328,25.487804878,8597,144,0,268,12268,
2109,1413393317.71,2,978,349,349,629,1.56004442001,1.27655490435,1.16529405117,349,24.4813753582,8022,138,0,268,12268,
2110,1413393317.76,2,982,361,361,621,1.57899474148,1.23944419917,1.19203233719,361,25.1911357341,8646,162,0,268,12268,
2111,1413393317.81,2,978,345,345,633,1.55493484267,1.24137855485,1.13022720814,345,24.7507246377,7934,146,0,268,12268,
2112,1413393317.86,2,978,357,357,621,1.5779546548,1.30471051489,1.18639779091,357,24.3361344538,8307,141,0,268,12268,
2113,1413393317.91,2,986,358,358,628,1.53934542539,1.20145917375,1.14565312862,358,24.3044692737,8116,137,0,268,12268,
2114,1413393317.96,2,995,369,369,626,1.53039706075,1.18334468503,1.20608091354,369,24.3008130081,7579,128,0,268,12268,
2115,1413393318.01,2,991,356,356,635,1.56391329096,1.17927214786,1.21678686142,356,24.297752809,7460,120,1,268,12268,
2116,1413393318.06,2,987,391,395,596,1.62255617909,1.25150788113,1.24216365814,391,24.8158567775,7718,130,0,269,12239,
2117,1413393318.11,2,987,374,374,613,1.65792621826,1.33368069222,1.27869522572,374,24.9839572193,7276,124,0,269,12239,
2118,1413393318.16,2,994,382,382,612,1.68170956782,1.36025436164,1.3513109684,382,24.8219895288,7608,125,0,269,12239,
2119,1413393318.21,2,999,381,381,618,1.61328875296,1.29444453466,1.27685880661,381,24.7060367454,7608,125,0,269,12239,
2120,1413393318.26,2,1002,377,377,625,1.57596144643,1.26660551785,1.20460736752,377,24.7108753316,7342,125,0,269,12239,
2121,1413393318.31,2,1001,371,371,630,1.55762857819,1.29327243927,1.19989776611,371,24.6145552561,6726,115,0,269,12239,
2122,1413393318.36,2,1001,373,373,628,1.62869598676,1.27131686925,1.26303875446,373,25.0857908847,6853,120,0,269,12239,
2123,1413393318.41,2,997,365,365,632,1.67247624109,1.38483531657,1.25967109203,365,24.8520547945,6960,122,0,269,12239,
2124,1413393318.46,2,1001,384,389,617,1.77440809913,1.31637114993,1.43878793716,384,23.03125,6788,118,0,268,12223,
2125,1413393318.51,2,1003,360,360,643,1.85271371916,1.47388289771,1.48838877678,360,23.7138888889,6869,118,1,268,12223,
2126,1413393318.56,2,1002,368,368,634,1.72700070763,1.39829175536,1.39374482632,368,24.2663043478,7249,125,0,269,12207,
2127,1413393318.61,2,1002,353,353,649,1.76486201456,1.38464992458,1.33081650734,353,24.3456090652,6785,119,0,269,12207,
2128,1413393318.66,2,1002,352,352,650,1.88240443073,1.52019716688,1.39738297462,352,23.9857954545,6745,116,0,269,12207,
2129,1413393318.71,2,1002,344,344,658,1.88404707637,1.57944381019,1.40167450905,344,23.8110465116,6884,120,0,269,12207,
2130,1413393318.76,2,1003,344,344,659,1.82402050716,1.42348655322,1.43505990505,344,23.851744186,6869,121,0,269,12207,
2131,1413393318.81,2,1001,325,325,676,1.7359863793,1.30270846911,1.38630151749,325,24.4861538462,6933,124,0,269,12207,
2132,1413393318.86,2,1002,335,335,667,1.78704124382,1.34079642872,1.42127168179,335,24.0029850746,6928,124,0,269,12207,
2133,1413393318.91,2,999,328,328,671,1.94305342602,1.54518896323,1.50934016705,328,24.2469512195,6914,123,0,269,12207,
2134,1413393318.96,2,1001,347,347,654,1.81436249519,1.42802204716,1.50006306171,347,23.7636887608,6914,123,0,269,12207,
2135,1413393319.01,2,1000,324,324,676,1.81708319616,1.49282465324,1.46218514442,324,24.2469135802,6716,116,1,268,12196,
2136,1413393319.06,2,1002,351,351,651,1.76064940248,1.41811093833,1.39570772648,351,23.584045584,6899,121,0,269,12211,
2137,1413393319.11,2,1002,333,333,669,1.73836077092,1.28770709116,1.40157985687,333,23.1591591592,6918,123,0,269,12211,
2138,1413393319.16,2,1002,307,307,695,1.74762734512,1.48728181581,1.34995794296,307,24.1074918567,6862,119,0,269,12211,
2139,1413393319.21,2,1003,306,306,697,1.94603483846,1.49067442767,1.5803591013,306,22.7058823529,6836,119,0,269,12211,
2140,1413393319.26,2,1002,302,302,700,1.84576692496,1.39316859427,1.50501644611,302,23.917218543,6686,118,0,269,12211,
2141,1413393319.31,2,1004,284,284,720,1.94097942399,1.37506092665,1.65825808048,284,23.5176056338,6980,126,0,269,12211,
2142,1413393319.36,2,1002,293,293,709,1.73614380148,1.30132672498,1.38333702087,293,23.8737201365,6979,126,0,269,12210,
2143,1413393319.41,2,1001,236,236,765,1.79837866004,1.3284578436,1.47364127636,236,23.9406779661,7254,134,0,268,12194,
2144,1413393319.46,2,1002,226,226,776,1.92965809553,1.48333736261,1.51829755306,226,24.5486725664,7437,135,1,268,12194,
2145,1413393319.51,2,1002,231,231,771,1.79974900605,1.2972670054,1.46863734722,231,24.5238095238,7473,138,0,269,12208,
2146,1413393319.56,2,1000,273,273,727,1.80387237328,1.33878783077,1.49080383778,273,21.5128205128,7571,138,0,269,12208,
2147,1413393319.61,2,1002,261,261,741,1.77983104903,1.35181469281,1.42807483673,261,23.030651341,7571,138,0,269,12208,
2148,1413393319.66,2,1004,238,238,766,1.78129742947,1.43352539059,1.45777797699,238,22.4495798319,7216,130,0,269,12208,
2149,1413393319.71,2,1002,222,222,780,1.88367734349,1.49138498119,1.40328276157,222,23.1576576577,7404,137,0,269,12208,
2150,1413393319.76,2,1001,217,217,784,1.82493014394,1.46763853869,1.35008466244,217,24.3640552995,7377,136,0,269,12208,
2151,1413393319.81,2,1002,199,199,803,1.75886041443,1.43067970718,1.32210087776,199,24.1155778894,7338,136,0,269,12208,
2152,1413393319.86,2,1006,208,208,798,1.81768732303,1.45660031376,1.44965481758,208,24.1875,7233,134,1,269,12208,
2153,1413393319.91,2,1006,220,220,786,1.8009266333,1.39860220848,1.3617259264,220,24.0136363636,6687,120,0,270,12197,
2154,1413393319.96,2,1005,205,205,800,1.93409807566,1.40086889307,1.61469876766,205,24.2390243902,6915,125,0,270,12197,
2155,1413393320.01,2,1002,199,199,803,1.75762945754,1.29625528327,1.34580087662,199,22.8844221106,7325,135,0,270,12197,
2156,1413393320.06,2,1003,178,178,825,1.79586815432,1.32359535227,1.42698454857,178,22.6741573034,7325,135,0,270,12197,
2157,1413393320.11,2,1004,173,173,831,1.92594446467,1.46190576211,1.58325004578,173,23.5549132948,7213,133,0,270,12197,
2158,1413393320.16,2,1004,160,160,844,2.03001435809,1.48345053751,1.72152793407,160,23.4125,7210,133,0,270,12194,
2159,1413393320.21,2,998,149,149,849,1.88443114729,1.44894939005,1.52961909771,149,24.1677852349,7173,131,0,269,12184,
2160,1413393320.26,2,991,121,121,870,1.85556486586,1.34691051511,1.61244666576,121,22.6776859504,7100,130,1,269,12184,
2161,1413393320.31,2,985,90,90,895,1.57778494755,1.04979428114,1.47744512558,90,23.9444444444,6866,119,0,270,12182,
2162,1413393320.36,2,982,86,86,896,1.70589619823,1.25781170706,1.38628351688,86,24.0697674419,6967,123,0,270,12182,
2163,1413393320.41,2,979,71,71,908,1.86635248185,1.61376579687,1.45989632607,71,24.3098591549,6346,114,0,270,12182,
2164,1413393320.46,2,985,67,67,918,2.00329366938,1.5682603328,1.79584085941,67,20.3432835821,7190,131,0,270,12182,
2165,1413393320.51,2,990,64,64,926,1.88345789956,1.62356090602,1.30334424973,64,23.171875,7134,130,0,270,12182,
2166,1413393320.56,2,989,63,63,926,1.6442041325,1.23955066485,1.31159853935,63,22.9841269841,6792,119,0,270,12182,
2167,1413393320.61,2,985,68,68,917,1.71959228879,1.19962607887,1.51745915413,68,19.9264705882,6770,118,0,269,12160,
2168,1413393320.66,2,978,70,70,908,1.81525369563,1.18280912272,1.63875186443,70,21.9285714286,7502,136,1,269,12160,
2169,1413393320.71,2,979,68,68,911,2.00021124368,1.51965316259,1.6930283308,68,19.1617647059,7400,136,0,270,12162,
2170,1413393320.76,2,966,45,45,921,1.89186810454,1.49886809582,1.46064174175,45,20.3777777778,5905,103,0,270,12162,
2171,1413393320.81,3,964,18,18,946,1.61223909259,1.62443807712,1.11382484436,18,16.4444444444,4280,75,0,270,12160,
2172,1413393320.86,3,946,0,18,946,0,0,0,0,0,4280,75,0,270,12160,
2173,1413393320.91,3,958,0,18,958,0,0,0,0,0,4280,75,0,270,12160,
2174,1413393320.96,3,986,0,18,986,0,0,0,0,0,4280,75,0,270,12160,
2175,1413393321.01,3,989,0,18,989,0,0,0,0,0,4280,75,0,270,12160,
2176,1413393321.06,3,969,0,18,969,0,0,0,0,0,4280,75,0,270,12160,
2177,1413393321.11,3,983,0,18,983,0,0,0,0,0,4280,75,0,270,12160,
2178,1413393321.16,3,1003,0,18,1003,0,0,0,0,0,4280,75,0,270,12160,
2179,1413393321.21,3,938,0,18,938,0,0,0,0,0,4280,75,0,270,12160,
2180,1413393321.26,3,961,0,18,961,0,0,0,0,0,4280,75,0,270,12160,
2181,1413393321.31,3,994,0,18,994,0,0,0,0,0,4280,75,0,270,12160,
2182,1413393321.36,3,1005,0,18,1005,0,0,0,0,0,4280,75,0,270,12160,
2183,1413393321.41,3,1004,0,18,1004,0,0,0,0,0,4280,75,0,270,12160,
2184,1413393321.46,3,1006,0,18,1006,0,0,0,0,0,4280,75,0,270,12160,
2185,1413393321.51,3,1004,0,18,1004,0,0,0,0,0,4280,75,0,270,12160,
2186,1413393321.56,3,1006,0,18,1006,0,0,0,0,0,4280,75,0,270,12160,
2187,1413393321.61,3,1003,0,18,1003,0,0,0,0,0,4280,75,0,270,12160,
2188,1413393321.66,3,1005,0,18,1005,0,0,0,0,0,4280,75,0,270,12160,
2189,1413393321.71,3,1008,0,18,1008,0,0,0,0,0,4280,75,0,270,12160,
2190,1413393321.76,3,1001,0,18,1001,0,0,0,0,0,4280,75,0,270,12160,
2191,1413393321.81,3,1004,0,18,1004,0,0,0,0,0,4280,75,0,270,12160,
2192,1413393321.86,3,1010,0,18,1010,0,0,0,0,0,4280,75,0,270,12160,
2193,1413393321.91,3,1009,0,18,1009,0,0,0,0,0,4280,75,0,270,12160,
2194,1413393321.96,3,1011,0,18,1011,0,0,0,0,0,4280,75,0,270,12160,
2195,1413393322.01,3,1009,0,18,1009,0,0,0,0,0,4280,75,0,270,12160,
2196,1413393322.06,3,1006,0,18,1006,0,0,0,0,0,4280,75,0,270,12160,
2197,1413393322.11,3,1009,0,18,1009,0,0,0,0,0,4280,75,0,270,12160,
2198,1413393322.16,3,1009,0,18,1009,0,0,0,0,0,4280,75,0,270,12160,
2199,1413393322.21,3,1010,0,18,1010,0,0,0,0,0,4280,75,0,270,12160,
2200,1413393322.26,3,1008,0,18,1008,0,0,0,0,0,4280,75,0,270,12160,
2201,1413393322.31,3,1002,0,18,1002,0,0,0,0,0,4280,75,0,270,12160,
2202,1413393322.36,3,1007,0,18,1007,0,0,0,0,0,4280,75,0,270,12160,
2203,1413393322.41,3,1004,0,18,1004,0,0,0,0,0,4280,75,0,270,12160,
2204,1413393322.46,3,1005,0,18,1005,0,0,0,0,0,4280,75,0,270,12160,
2205,1413393322.51,3,1005,0,18,1005,0,0,0,0,0,4280,75,0,270,12160,
2206,1413393322.56,3,1004,0,18,1004,0,0,0,0,0,4280,75,0,270,12160,
2207,1413393322.61,3,1010,0,18,1010,0,0,0,0,0,4280,75,0,270,12160,
2208,1413393322.66,3,1007,0,18,1007,0,0,0,0,0,4280,75,0,270,12160,
2209,1413393322.71,3,1004,0,18,1004,0,0,0,0,0,4280,75,0,270,12160,
2210,1413393322.76,3,1007,0,18,1007,0,0,0,0,0,4280,75,0,270,12160,
2211,1413393322.81,3,1006,0,18,1006,0,0,0,0,0,4280,75,0,270,12160,
2212,1413393322.86,3,1009,0,18,1009,0,0,0,0,0,4280,75,0,270,12160,
2213,1413393322.91,3,1002,0,18,1002,0,0,0,0,0,4280,75,0,270,12160,
2214,1413393322.96,3,1006,0,18,1006,0,0,0,0,0,4280,75,0,270,12160,
2215,1413393323.01,3,1004,0,18,1004,0,0,0,0,0,4280,75,0,270,12160,
2216,1413393323.06,3,1002,0,18,1002,0,0,0,0,0,4280,75,0,270,12160,
2217,1413393323.11,3,1006,0,18,1006,0,0,0,0,0,4280,75,0,270,12160,
2218,1413393323.16,3,1006,0,18,1006,0,0,0,0,0,4280,75,0,270,12160,
2219,1413393323.21,3,1006,0,18,1006,0,0,0,0,0,4280,75,0,270,12160,
2220,1413393323.26,3,1006,0,18,1006,0,0,0,0,0,4280,75,0,270,12160,
2221,1413393323.31,3,1007,0,18,1007,0,0,0,0,0,4280,75,0,270,12160,
2222,1413393323.36,3,1007,0,18,1007,0,0,0,0,0,4280,75,0,270,12160,
2223,1413393323.41,3,1006,0,18,1006,0,0,0,0,0,4280,75,0,270,12160,
2224,1413393323.46,3,1010,0,18,1010,0,0,0,0,0,4280,75,0,270,12160,
2225,1413393323.51,3,1002,0,18,1002,0,0,0,0,0,4280,75,0,270,12160,
2226,1413393323.56,3,1008,0,18,1008,0,0,0,0,0,4280,75,0,270,12160,
2227,1413393323.61,3,1003,0,18,1003,0,0,0,0,0,4280,75,0,270,12160,
2228,1413393323.66,3,1005,0,18,1005,0,0,0,0,0,4280,75,0,270,12160,
2229,1413393323.71,3,1002,0,18,1002,0,0,0,0,0,4280,75,0,270,12160,
2230,1413393323.76,3,1005,0,18,1005,0,0,0,0,0,4280,75,0,270,12160,
2231,1413393323.81,3,1006,0,18,1006,0,0,0,0,0,4280,75,0,270,12160,
2233,1413393323.91,1,4483,0,18,4483,0,0,0,0,0,4280,75,0,0,0,
2234,1413393323.96,1,4470,0,18,4470,0,0,0,0,0,4280,75,0,0,0,
2235,1413393324.01,1,4470,0,18,4470,0,0,0,0,0,4280,75,0,0,0,
2236,1413393324.06,1,4475,0,18,4475,0,0,0,0,0,4280,75,0,0,0,
2237,1413393324.11,1,4467,0,18,4467,0,0,0,0,0,4280,75,0,0,0,
2238,1413393324.16,1,4475,0,18,4475,0,0,0,0,0,4280,75,0,0,0,
2239,1413393324.21,1,4476,0,18,4476,0,0,0,0,0,4280,75,0,0,0,
2240,1413393324.26,1,4462,0,18,4462,0,0,0,0,0,4280,75,0,0,0,
2241,1413393324.31,1,4455,0,18,4455,0,0,0,0,0,4280,75,0,0,0,
2242,1413393324.36,1,4467,0,18,4467,0,0,0,0,0,4280,75,0,0,0,
2243,1413393324.41,1,4458,0,18,4458,0,0,0,0,0,4280,75,0,0,0,
2244,1413393324.46,1,4483,0,18,4483,0,0,0,0,0,4280,75,0,0,0,
2245,1413393324.51,1,4453,0,18,4453,0,0,0,0,0,4280,75,0,0,0,
2246,1413393324.56,1,4442,0,18,4442,0,0,0,0,0,4280,75,0,0,0,
2247,1413393324.61,1,4467,0,18,4467,0,0,0,0,0,4280,75,0,0,0,
2248,1413393324.66,1,4452,0,18,4452,0,0,0,0,0,4280,75,0,0,0,
2249,1413393324.71,1,4479,0,18,4479,0,0,0,0,0,4280,75,0,0,0,
2250,1413393324.76,1,4438,0,18,4438,0,0,0,0,0,4280,75,0,0,0,
2251,1413393324.81,1,4480,0,18,4480,0,0,0,0,0,4280,75,0,0,0,
2252,1413393324.86,1,4485,0,18,4485,0,0,0,0,0,4280,75,0,0,0,
2253,1413393324.91,1,4440,0,18,4440,0,0,0,0,0,4280,75,0,0,0,
2254,1413393324.96,1,4465,0,18,4465,0,0,0,0,0,4280,75,0,0,0,
2255,1413393325.01,1,4470,0,18,4470,0,0,0,0,0,4280,75,0,0,0,
2256,1413393325.06,1,4431,0,18,4431,0,0,0,0,0,4280,75,0,0,0,
2257,1413393325.11,1,4473,0,18,4473,0,0,0,0,0,4280,75,0,0,0,
2258,1413393325.16,1,4466,0,18,4466,0,0,0,0,0,4280,75,0,0,0,
2259,1413393325.21,1,4452,0,18,4452,0,0,0,0,0,4280,75,0,0,0,
2260,1413393325.26,1,4442,0,18,4442,0,0,0,0,0,4280,75,0,0,0,
2261,1413393325.31,1,4477,0,18,4477,0,0,0,0,0,4280,75,0,0,0,
2262,1413393325.36,1,4481,0,18,4481,0,0,0,0,0,4280,75,0,0,0,
2263,1413393325.41,1,4464,0,18,4464,0,0,0,0,0,4280,75,0,0,0,
2264,1413393325.46,1,4458,0,18,4458,0,0,0,0,0,4280,75,0,0,0,
2265,1413393325.51,1,4466,0,18,4466,0,0,0,0,0,4280,75,0,0,0,
2266,1413393325.56,1,4465,0,18,4465,0,0,0,0,0,4280,75,0,0,0,
2267,1413393325.61,1,4474,0,18,4474,0,0,0,0,0,4280,75,0,0,0,
2268,1413393325.66,1,4479,0,18,4479,0,0,0,0,0,4280,75,0,0,0,
2269,1413393325.71,1,4458,0,18,4458,0,0,0,0,0,4280,75,0,0,0,
2270,1413393325.76,1,4473,0,18,4473,0,0,0,0,0,4280,75,0,0,0,
2271,1413393325.81,1,4464,0,18,4464,0,0,0,0,0,4280,75,0,0,0,
2272,1413393325.86,1,4450,0,18,4450,0,0,0,0,0,4280,75,0,0,0,
2273,1413393325.91,1,4459,0,18,4459,0,0,0,0,0,4280,75,0,0,0,
2274,1413393325.96,1,4459,0,18,4459,0,0,0,0,0,4280,75,0,0,0,
2275,1413393326.01,1,4451,0,18,4451,0,0,0,0,0,4280,75,0,0,0,
2276,1413393326.06,1,4464,0,18,4464,0,0,0,0,0,4280,75,0,0,0,
2277,1413393326.11,1,4457,0,18,4457,0,0,0,0,0,4280,75,0,0,0,
2278,1413393326.16,1,4462,0,18,4462,0,0,0,0,0,4280,75,0,0,0,
2279,1413393326.21,1,4458,0,18,4458,0,0,0,0,0,4280,75,0,0,0,
