1413393217.055760383606 0.002444600221 -0.016088698059 -0.008355663158 -0.008636930957 0.015294862911 -0.012956873514 0.999761760235
1413393217.105760574341 0.000822231232 -0.019081255421 -0.010673499666 -0.009308537468 0.016362925991 -0.012183442712 0.999748587608
1413393217.155760526657 -0.000297653431 -0.024265501648 -0.013350571506 -0.011704782955 0.016759615391 -0.011850142851 0.999720871449
1413393217.205760717392 -0.001235618722 -0.028955338523 -0.016994338483 -0.012817989103 0.016938420013 -0.011823303998 0.999704480171
1413393217.255760431290 -0.002650398063 -0.030468769372 -0.018789405003 -0.011556244455 0.018074534833 -0.012691074051 0.999689280987
1413393217.305760622025 -0.004226490855 -0.032847810537 -0.021182525903 -0.012089140713 0.018797909841 -0.013629469089 0.999657332897
1413393217.355760574341 -0.006187283434 -0.035529766232 -0.024718340486 -0.013071663678 0.018742006272 -0.013518547639 0.999647498131
1413393217.405760526657 -0.008329072967 -0.036312259734 -0.026909343898 -0.014077266678 0.019556302577 -0.014539791271 0.999603927135
1413393217.455760478973 -0.010265252553 -0.038256790489 -0.030039459467 -0.015440353192 0.019624557346 -0.014584734105 0.999581813812
1413393217.505760669708 -0.013069561683 -0.038002580404 -0.032671716064 -0.015278670937 0.019860090688 -0.015513001941 0.999565660954
1413393217.555760383606 -0.015439428389 -0.039342496544 -0.036115266383 -0.015328758396 0.020280024037 -0.015593540855 0.999555230141
1413393217.605760574341 -0.018497381359 -0.039647337049 -0.039096150547 -0.014944967814 0.020482599735 -0.016184022650 0.999547481537
1413393217.655760526657 -0.021266369149 -0.040453758091 -0.042830470949 -0.015016658232 0.019957980141 -0.016324240714 0.999554753304
1413393217.705760717392 -0.024830168113 -0.040806695819 -0.046125471592 -0.014691968448 0.020373245701 -0.016299409792 0.999551594257
1413393217.755760431290 -0.028369139880 -0.042437803000 -0.050116680562 -0.014369660057 0.019805265591 -0.016162719578 0.999569952488
1413393217.805760622025 -0.033064723015 -0.044549196959 -0.053389232606 -0.014478518628 0.019975082949 -0.016089109704 0.999566197395
1413393217.855760574341 -0.037548385561 -0.046904884279 -0.058247365057 -0.014300860465 0.019932225347 -0.014684236608 0.999591231346
1413393217.905760526657 -0.041667293757 -0.049608197063 -0.062375400215 -0.013866101392 0.019236315042 -0.014279977418 0.999616861343
1413393217.955760478973 -0.046919733286 -0.053592730314 -0.067285671830 -0.013166740537 0.019373951480 -0.014136978425 0.999625682831
1413393218.005760669708 -0.050961013883 -0.057469565421 -0.073012344539 -0.013743965887 0.018620979041 -0.012508825399 0.999653935432
1413393218.055760383606 -0.056436922401 -0.060671024024 -0.079336054623 -0.013161118142 0.017278578132 -0.008964663371 0.999723911285
1413393218.105760574341 -0.061969034374 -0.063031263649 -0.084018185735 -0.013522971421 0.016407370567 -0.005039291456 0.999761283398
1413393218.155760526657 -0.066762812436 -0.064906470478 -0.089385740459 -0.013777640648 0.014093128033 0.001196920522 0.999805033207
1413393218.205760717392 -0.072934433818 -0.064376451075 -0.092395111918 -0.012922518887 0.011858346872 0.007810524199 0.999815702438
1413393218.255760431290 -0.077722333372 -0.066128335893 -0.097786083817 -0.014715091325 0.009779037908 0.014744544402 0.999735236168
1413393218.305760622025 -0.082893840969 -0.064331881702 -0.101555056870 -0.015971342102 0.008216762915 0.020735904574 0.999623656273
1413393218.355760574341 -0.086739316583 -0.064985848963 -0.106235794723 -0.017318625003 0.007498008665 0.020203698426 0.999617815018
1413393218.405760526657 -0.092261776328 -0.062015771866 -0.110180154443 -0.015986718237 0.010392148979 0.015988374129 0.999690353870
1413393218.455760478973 -0.095040194690 -0.060172535479 -0.115176245570 -0.015971798450 0.011947298422 0.010118097998 0.999749898911
1413393218.505760669708 -0.098994411528 -0.058013450354 -0.119347900152 -0.015315255150 0.014094925486 0.004129466601 0.999774873257
1413393218.555760383606 -0.102769225836 -0.053724963218 -0.122555442154 -0.013978403993 0.016843210906 -0.001231833478 0.999759674072
1413393218.605760574341 -0.106437034905 -0.051568876952 -0.126503273845 -0.012852752581 0.018087791279 -0.005489803851 0.999738752842
1413393218.655760526657 -0.110111534595 -0.049384269863 -0.131642311811 -0.012218100019 0.018644016236 -0.008252646774 0.999717473984
1413393218.705760717392 -0.116396382451 -0.047810073942 -0.136027336121 -0.012366248295 0.019938414916 -0.008345087059 0.999689877033
1413393218.755760431290 -0.120418094099 -0.045830722898 -0.140985205770 -0.014386810362 0.019902899861 -0.009496764280 0.999653279781
1413393218.805760622025 -0.125075995922 -0.043536297977 -0.146314576268 -0.019446196035 0.019105166197 -0.008015945554 0.999596238136
1413393218.855760574341 -0.129684701562 -0.041897807270 -0.151624366641 -0.028180349618 0.018285537139 -0.003468476236 0.999429583549
1413393218.905760526657 -0.134187623858 -0.039874803275 -0.156230852008 -0.036549631506 0.016742503271 0.000783376105 0.999191284180
1413393218.955760478973 -0.138937890530 -0.038041431457 -0.161608412862 -0.043713495135 0.016019267961 0.003400789574 0.998909890652
1413393219.005760669708 -0.143141105771 -0.036490555853 -0.166166111827 -0.048036474735 0.015816997737 0.006067556329 0.998701930046
1413393219.055760383606 -0.147282168269 -0.036043688655 -0.170347884297 -0.050662547350 0.014698925428 0.007629564498 0.998578488827
1413393219.105760574341 -0.151195928454 -0.036385972053 -0.174131512642 -0.050358477980 0.014351380058 0.007531785406 0.998599708080
1413393219.155760526657 -0.155100733042 -0.036704130471 -0.177482366562 -0.049006506801 0.014138234779 0.007911168970 0.998667061329
1413393219.205760717392 -0.158262401819 -0.037251453847 -0.179978162050 -0.048013202846 0.013464123011 0.008052704856 0.998723506927
1413393219.255760431290 -0.161941736937 -0.038433346897 -0.182802259922 -0.046159882098 0.012766559608 0.007644247729 0.998823285103
1413393219.305760622025 -0.165052786469 -0.039916623384 -0.185161471367 -0.044764008373 0.012079236098 0.007608922198 0.998895585537
1413393219.355760574341 -0.168031096458 -0.042223680764 -0.186755672097 -0.044929068536 0.011232559569 0.007497590035 0.998898923397
1413393219.405760526657 -0.171129986644 -0.043886795640 -0.188446640968 -0.044233441353 0.010147309862 0.008550536819 0.998933076859
1413393219.455760478973 -0.173618227243 -0.045036401600 -0.189106360078 -0.042739152908 0.010015771724 0.008340823464 0.999001264572
1413393219.505760669708 -0.176544860005 -0.045952573419 -0.190193384886 -0.041541881859 0.009739369154 0.008046003059 0.999056935310
1413393219.555760383606 -0.178514048457 -0.045827794820 -0.189827829599 -0.039373639971 0.009388243780 0.007969778031 0.999148666859
1413393219.605760574341 -0.180420041084 -0.045614071190 -0.189048126340 -0.037131600082 0.009397053160 0.007614192553 0.999237179756
1413393219.655760526657 -0.182087764144 -0.046081263572 -0.188648641109 -0.034458786249 0.008797847666 0.007828154601 0.999336719513
1413393219.705760717392 -0.184501633048 -0.047524940223 -0.188332170248 -0.031206887215 0.009341708384 0.006710190792 0.999446809292
1413393219.755760431290 -0.186038136482 -0.050089713186 -0.188202500343 -0.027559909970 0.009523521177 0.004962651059 0.999562501907
1413393219.805760622025 -0.186699554324 -0.053815577179 -0.187829524279 -0.023818373680 0.010147598572 0.002105057240 0.999662578106
1413393219.855760574341 -0.187681853771 -0.058350499719 -0.187156274915 -0.022515278310 0.010549818166 0.001253035385 0.999690055847
1413393219.905760526657 -0.188970506191 -0.064198620617 -0.188028290868 -0.020918698981 0.010881389491 -0.000446848513 0.999721884727
1413393219.955760478973 -0.189680010080 -0.069647297263 -0.187512323260 -0.019458753988 0.011422932148 -0.002687465167 0.999741792679
1413393220.005760669708 -0.190321758389 -0.074623942375 -0.187788590789 -0.017795849591 0.011442760006 -0.003393694758 0.999770402908
1413393220.055760383606 -0.190021827817 -0.077823258936 -0.185838416219 -0.016096038744 0.012111109681 -0.004268108401 0.999787986279
1413393220.105760574341 -0.191504359245 -0.081660650671 -0.186448961496 -0.015374551527 0.012556816451 -0.004440986086 0.999793112278
1413393220.155760526657 -0.192628115416 -0.085185721517 -0.186130210757 -0.014854712412 0.012872132473 -0.005222752225 0.999793171883
1413393220.205760717392 -0.193252414465 -0.088696800172 -0.186794728041 -0.014067134820 0.013124600984 -0.006198929157 0.999795675278
1413393220.255760431290 -0.194006890059 -0.092192783952 -0.187606960535 -0.013411081396 0.013228057884 -0.005817119963 0.999805629253
1413393220.305760622025 -0.196089923382 -0.096113905311 -0.187728151679 -0.013099221513 0.014100208879 -0.007353717927 0.999787747860
1413393220.355760574341 -0.196662023664 -0.099704243243 -0.189275786281 -0.012512348592 0.013645136729 -0.006998939905 0.999804139137
1413393220.405760526657 -0.198276609182 -0.103043593466 -0.190147891641 -0.012315852568 0.014023441821 -0.006865906529 0.999802231789
1413393220.455760478973 -0.200049936771 -0.107407636940 -0.190880388021 -0.013589696027 0.014269668609 -0.007033369038 0.999781131744
1413393220.505760669708 -0.201935693622 -0.110686853528 -0.192386657000 -0.015781369060 0.014080079272 -0.006494796835 0.999755263329
1413393220.555760383606 -0.203176096082 -0.112743020058 -0.194132387638 -0.017397062853 0.014128527604 -0.005365121644 0.999734461308
1413393220.605760574341 -0.205065429211 -0.114970766008 -0.195633858442 -0.018444245681 0.014460342936 -0.005155391991 0.999712049961
1413393220.655760526657 -0.207534551620 -0.117807082832 -0.196444958448 -0.018406536430 0.014251446351 -0.005412784405 0.999714374542
1413393220.705760717392 -0.209483534098 -0.118309028447 -0.196975708008 -0.017720635980 0.014571818523 -0.004227769561 0.999727904797
1413393220.755760431290 -0.210989817977 -0.117809377611 -0.197854384780 -0.017903760076 0.013428146020 -0.001018635463 0.999749064445
1413393220.805760622025 -0.212432935834 -0.117274165154 -0.198187500238 -0.020695406944 0.011630337685 0.003321050899 0.999712705612
1413393220.855760574341 -0.215094491839 -0.117858439684 -0.198729142547 -0.022747918963 0.010954001918 0.008239584044 0.999647259712
1413393220.905760526657 -0.217306211591 -0.119165718555 -0.200165048242 -0.024448620155 0.010020957328 0.010903275572 0.999591410160
1413393220.955760478973 -0.217998415232 -0.120427988470 -0.201300308108 -0.025569561869 0.009230311960 0.012202136219 0.999556005001
1413393221.005760669708 -0.218705162406 -0.124012969434 -0.202660158277 -0.025361070409 0.010763453320 0.011945285834 0.999549031258
1413393221.055760383606 -0.219988912344 -0.127726405859 -0.204103425145 -0.026235243306 0.011855054647 0.011593968607 0.999518275261
1413393221.105760574341 -0.220528453588 -0.131607785821 -0.205948248506 -0.027549028397 0.012158106081 0.011279514991 0.999482870102
1413393221.155760526657 -0.221068680286 -0.136317148805 -0.207512140274 -0.028326632455 0.013460869901 0.010990699753 0.999447643757
1413393221.205760717392 -0.221359550953 -0.140032425523 -0.208653941751 -0.029811639339 0.014611589722 0.009751260281 0.999401152134
1413393221.255760431290 -0.222965165973 -0.145439893007 -0.211086675525 -0.031480945647 0.014963810332 0.008951540105 0.999352276325
1413393221.305760622025 -0.223022446036 -0.149764105678 -0.212431088090 -0.033649757504 0.016804214567 0.006872114725 0.999268770218
1413393221.355760574341 -0.222514420748 -0.152939200401 -0.213814839721 -0.035130083561 0.017090506852 0.006337389350 0.999216556549
1413393221.405760526657 -0.221628367901 -0.159063085914 -0.215046092868 -0.037514559925 0.017541782930 0.004600618966 0.999131500721
1413393221.455760478973 -0.220969244838 -0.162971973419 -0.215429455042 -0.037898633629 0.018689470366 0.002210486913 0.999104380608
1413393221.505760669708 -0.220686972141 -0.166691824794 -0.216025650501 -0.038539297879 0.019169608131 0.000510680547 0.999073088169
1413393221.555760383606 -0.219104409218 -0.169994890690 -0.215122699738 -0.039572697133 0.020048897713 -0.002758160001 0.999011754990
1413393221.605760574341 -0.218368709087 -0.172997236252 -0.214972570539 -0.039580699056 0.020835740492 -0.005169275217 0.998985767365
1413393221.655760526657 -0.217968106270 -0.176519200206 -0.213802918792 -0.039105653763 0.020951561630 -0.006719514728 0.998992800713
1413393221.705760717392 -0.217628419399 -0.178630799055 -0.213099062443 -0.035033255816 0.020830295980 -0.007648903411 0.999139785767
1413393221.755760431290 -0.218064412475 -0.182406127453 -0.211103811860 -0.031028775498 0.020740432665 -0.007142218295 0.999277770519
1413393221.805760622025 -0.218151137233 -0.185005769134 -0.210070788860 -0.026894571260 0.019526259974 -0.007481047884 0.999419569969
1413393221.855760574341 -0.217942133546 -0.187720388174 -0.207892596722 -0.024318540469 0.019427061081 -0.008385084569 0.999480307102
1413393221.905760526657 -0.218005970120 -0.191414892673 -0.206356316805 -0.023180471733 0.018597338349 -0.007684404496 0.999528765678
1413393221.955760478973 -0.217947706580 -0.192839458585 -0.205086410046 -0.020709896460 0.016942169517 -0.006643828005 0.999619901180
1413393222.005760669708 -0.218148365617 -0.195165112615 -0.203479617834 -0.020969571546 0.016460057348 -0.006427332759 0.999623954296
1413393222.055760383606 -0.219131797552 -0.196963891387 -0.201597616076 -0.020419698209 0.016027050093 -0.006018420216 0.999644935131
1413393222.105760574341 -0.219478800893 -0.195608854294 -0.200146555901 -0.018855551258 0.014543842524 -0.004988280125 0.999704003334
1413393222.155760526657 -0.219615519047 -0.196413308382 -0.197876945138 -0.019391033798 0.013780154288 -0.005870209076 0.999699771404
1413393222.205760717392 -0.220337450504 -0.194400683045 -0.195632860065 -0.019322786480 0.013355479576 -0.006021766458 0.999705970287
1413393222.255760431290 -0.220598250628 -0.192423433065 -0.193289324641 -0.020976757631 0.012273673899 -0.005849065725 0.999687552452
1413393222.305760622025 -0.219947099686 -0.187058165669 -0.190085574985 -0.023107584566 0.011960790493 -0.006513044704 0.999640226364
1413393222.355760574341 -0.220180928707 -0.183882594109 -0.188043996692 -0.028274672106 0.011600883678 -0.006433535833 0.999512195587
1413393222.405760526657 -0.220425397158 -0.181178897619 -0.185355126858 -0.033673919737 0.010440957732 -0.006401365623 0.999357819557
1413393222.455760478973 -0.221341624856 -0.177941963077 -0.182977735996 -0.037399455905 0.010883553885 -0.008085716516 0.999208450317
1413393222.505760669708 -0.222377926111 -0.174970492721 -0.180100083351 -0.040431942791 0.010129475035 -0.007078820840 0.999105930328
1413393222.555760383606 -0.224387377501 -0.174158945680 -0.176775649190 -0.042158380151 0.009032539092 -0.004813945387 0.999058544636
1413393222.605760574341 -0.224271208048 -0.173597112298 -0.174437090755 -0.043648518622 0.008261572570 -0.004570049699 0.999002337456
1413393222.655760526657 -0.225340187550 -0.172952622175 -0.171503186226 -0.045253239572 0.007552891970 -0.004102376290 0.998938560486
1413393222.705760717392 -0.226084649563 -0.175168871880 -0.168669134378 -0.045587431639 0.007153868675 -0.005739889573 0.998918235302
1413393222.755760431290 -0.227193310857 -0.175762027502 -0.164499223232 -0.047255843878 0.006576939952 -0.004616314545 0.998850524426
1413393222.805760622025 -0.228748455644 -0.177266299725 -0.160692006350 -0.049143098295 0.006177968346 -0.004520753399 0.998762428761
1413393222.855760574341 -0.229201883078 -0.180695399642 -0.157230958343 -0.051670547575 0.005209292285 -0.004340155516 0.998641192913
1413393222.905760526657 -0.229554146528 -0.184577047825 -0.153414845467 -0.053044341505 0.003664571559 -0.003622441087 0.998578906059
1413393222.955760478973 -0.229647174478 -0.188947737217 -0.149724036455 -0.055309895426 0.002352363896 -0.003792652395 0.998459279537
1413393223.005760669708 -0.230393871665 -0.193433552980 -0.145132541656 -0.053647451103 0.001693843864 -0.005317856092 0.998544335365
1413393223.055760383606 -0.230135530233 -0.197852760553 -0.139818146825 -0.050787433982 0.000294641970 -0.005715548526 0.998693108559
1413393223.105760574341 -0.231378734112 -0.203667849302 -0.134205400944 -0.048865675926 -0.000598203449 -0.005975003354 0.998787283897
1413393223.155760526657 -0.232157647610 -0.208523288369 -0.128624156117 -0.046878430992 -0.000672849594 -0.007889011875 0.998869240284
1413393223.205760717392 -0.232731536031 -0.213438257575 -0.123024344444 -0.044587239623 -0.000930679089 -0.010374586098 0.998951196671
1413393223.255760431290 -0.234564065933 -0.219550177455 -0.116722404957 -0.043418396264 -0.000702135498 -0.012502633035 0.998978495598
1413393223.305760622025 -0.236000970006 -0.224883377552 -0.109659858048 -0.041535798460 -0.000808130251 -0.012668957002 0.999056398869
1413393223.355760574341 -0.236372902989 -0.227736458182 -0.102491341531 -0.039877191186 -0.000890455558 -0.013818499632 0.999108672142
1413393223.405760526657 -0.237139448524 -0.230753660202 -0.095368087292 -0.037887260318 -0.001209415612 -0.014194793999 0.999180495739
1413393223.455760478973 -0.238484501839 -0.232030436397 -0.087049700320 -0.035353355110 -0.000882827735 -0.015632841736 0.999252259731
1413393223.505760669708 -0.239379644394 -0.231303974986 -0.078184172511 -0.031965903938 -0.000622690248 -0.016064321622 0.999359667301
1413393223.555760383606 -0.240410193801 -0.230098575354 -0.069624066353 -0.028840202838 -0.000505367469 -0.015601393767 0.999462187290
1413393223.605760574341 -0.242087543011 -0.226167827845 -0.060273632407 -0.024979684502 0.000681878591 -0.016030250117 0.999559223652
1413393223.655760526657 -0.242815613747 -0.221922114491 -0.050329081714 -0.022394483909 0.001960185356 -0.016342923045 0.999613702297
1413393223.705760717392 -0.244436711073 -0.218755885959 -0.040788903832 -0.021478109062 0.003586497623 -0.015608817339 0.999641060829
1413393223.755760431290 -0.246460646391 -0.216410517693 -0.031596008688 -0.021050952375 0.005170608405 -0.015565973707 0.999643862247
1413393223.805760622025 -0.248124808073 -0.215013697743 -0.023238480091 -0.020095266402 0.006781150587 -0.014606956393 0.999668359756
1413393223.855760574341 -0.250017881393 -0.213799640536 -0.014287141152 -0.021369645372 0.008379142731 -0.014188385569 0.999635875225
1413393223.905760526657 -0.252544164658 -0.213537216187 -0.007050727494 -0.020858647302 0.011124319397 -0.015020382591 0.999607682228
1413393223.955760478973 -0.254793971777 -0.214576199651 0.000553489546 -0.021351480857 0.012865858153 -0.014819332398 0.999579429626
1413393224.005760669708 -0.257422566414 -0.216649919748 0.007959264331 -0.020333999768 0.014183353633 -0.014464506879 0.999588012695
1413393224.055760383606 -0.260186851025 -0.219192534685 0.015239589848 -0.021376170218 0.015452375636 -0.012746376917 0.999570846558
1413393224.105760574341 -0.263102769852 -0.221385225654 0.022548103705 -0.020524883643 0.016378171742 -0.012068587355 0.999582350254
1413393224.155760526657 -0.266534507275 -0.222792923450 0.029829667881 -0.019676042721 0.017308089882 -0.011942844838 0.999585270882
1413393224.205760717392 -0.269797056913 -0.223067060113 0.037001263350 -0.019021008164 0.018340284005 -0.011439314112 0.999585449696
1413393224.255760431290 -0.273638755083 -0.223127543926 0.044388540089 -0.018114313483 0.019380522892 -0.012432996184 0.999570786953
1413393224.305760622025 -0.277353465557 -0.222061768174 0.051789183170 -0.016419665888 0.019827341661 -0.012298073620 0.999592959881
1413393224.355760574341 -0.286533147097 -0.223727241158 0.060875166208 -0.015542675741 0.020343905315 -0.012478637509 0.999594330788
1413393224.405760526657 -0.290449082851 -0.220807135105 0.069034211338 -0.015606940724 0.022332498804 -0.011264361441 0.999565362930
1413393224.455760478973 -0.294386327267 -0.216619208455 0.076727002859 -0.013890770264 0.024863623083 -0.008685557172 0.999556601048
1413393224.505760669708 -0.297761350870 -0.212603807449 0.084408372641 -0.013571280055 0.028224056587 -0.005168641917 0.999496161938
1413393224.555760383606 -0.301746040583 -0.206510454416 0.093180350959 -0.013436761685 0.032610021532 0.000547371572 0.999377727509
1413393224.605760574341 -0.305973261595 -0.201078370214 0.101234532893 -0.011999261566 0.038236532360 0.005916514434 0.999179184437
1413393224.655760526657 -0.310251057148 -0.196151733398 0.108955852687 -0.011574224569 0.044806621969 0.011941337027 0.998857259750
1413393224.705760717392 -0.313499242067 -0.190377607942 0.116347797215 -0.013651137240 0.051487948745 0.018005959690 0.998417973518
1413393224.755760431290 -0.316941529512 -0.185899481177 0.123475559056 -0.016167692840 0.057882484049 0.023640494794 0.997912526131
1413393224.805760622025 -0.320501416922 -0.181198894978 0.130436539650 -0.018572108820 0.066331788898 0.027773888782 0.997238099575
1413393224.855760574341 -0.323522657156 -0.176703289151 0.136949449778 -0.020709384233 0.073750950396 0.032619625330 0.996527910233
1413393224.905760526657 -0.326811492443 -0.172646388412 0.143114790320 -0.021114625037 0.080331556499 0.035145379603 0.995924592018
1413393224.955760478973 -0.329643964767 -0.169126674533 0.149465665221 -0.022820780054 0.086285457015 0.037826515734 0.995290517807
1413393225.005760669708 -0.333083599806 -0.168231487274 0.155426189303 -0.024906495586 0.091428317130 0.037822335958 0.994781374931
1413393225.055760383606 -0.335262537003 -0.167504698038 0.159976199269 -0.026736546308 0.095272414386 0.036850713193 0.994409561157
1413393225.105760574341 -0.337972253561 -0.167246788740 0.165792554617 -0.027434656397 0.099302127957 0.036377988756 0.994013607502
1413393225.155760526657 -0.339951932430 -0.167421519756 0.169962435961 -0.027494678274 0.102017730474 0.035875756294 0.993755221367
1413393225.205760717392 -0.341975033283 -0.167587906122 0.175000682473 -0.028314489871 0.103238277137 0.037062611431 0.993562579155
1413393225.255760431290 -0.344185680151 -0.167910352349 0.179600372910 -0.029169917107 0.105105705559 0.036767762154 0.993352949619
1413393225.305760622025 -0.345860213041 -0.168167307973 0.184427157044 -0.030224556103 0.107033267617 0.037501968443 0.993088066578
1413393225.355760574341 -0.347450137138 -0.168817996979 0.188400730491 -0.030128829181 0.110831588507 0.038572520018 0.992633283138
1413393225.405760526657 -0.348313897848 -0.169734939933 0.193256661296 -0.030903911218 0.115228541195 0.042972594500 0.991927802563
1413393225.455760478973 -0.349029421806 -0.170808076859 0.197868973017 -0.031668055803 0.121038161218 0.047228854150 0.991017818451
1413393225.505760669708 -0.349481463432 -0.172685489058 0.202286526561 -0.031243471429 0.128699973226 0.053618218750 0.989740014076
1413393225.555760383606 -0.350801140070 -0.173955827951 0.207920759916 -0.031812682748 0.138124808669 0.059784084558 0.988096892834
1413393225.605760574341 -0.349581152201 -0.176132753491 0.212137192488 -0.031933601946 0.148002922535 0.066816203296 0.986210405827
1413393225.655760526657 -0.348970025778 -0.178272530437 0.217453882098 -0.030877141282 0.160506129265 0.072456046939 0.983887434006
1413393225.705760717392 -0.347260534763 -0.180822670460 0.221426188946 -0.030342563987 0.174074068666 0.077206619084 0.981232225895
1413393225.755760431290 -0.345065951347 -0.183699727058 0.225005254149 -0.029794353992 0.188535481691 0.078946620226 0.978434503078
1413393225.805760622025 -0.343184024096 -0.186535939574 0.229955017567 -0.028870208189 0.204586103559 0.079690918326 0.975171983242
1413393225.855760574341 -0.340192615986 -0.188728228211 0.233063399792 -0.028179666027 0.221426934004 0.079275444150 0.971540749073
1413393225.905760526657 -0.336828380823 -0.190080776811 0.236791789532 -0.027280075476 0.237406492233 0.078770227730 0.967827081680
1413393225.955760478973 -0.333726644516 -0.188818126917 0.243543088436 -0.027354346588 0.254420727491 0.076547101140 0.963671326637
1413393226.005760669708 -0.331130743027 -0.187575101852 0.248037263751 -0.026326363906 0.270633786917 0.075899735093 0.959324479103
1413393226.055760383606 -0.328128218651 -0.184700116515 0.252730488777 -0.024837559089 0.285254120827 0.077538065612 0.954987466335
1413393226.105760574341 -0.325627893209 -0.182547837496 0.257676750422 -0.023748610169 0.297758489847 0.081751294434 0.950837850571
1413393226.155760526657 -0.323362290859 -0.181389838457 0.262547135353 -0.022397473454 0.308970272541 0.086912482977 0.946827292442
1413393226.205760717392 -0.320414006710 -0.180036410689 0.267498224974 -0.021404666826 0.319435507059 0.091838248074 0.942904353142
1413393226.255760431290 -0.319103926420 -0.180717334151 0.271582663059 -0.021630488336 0.327990889549 0.097477719188 0.939389288425
1413393226.305760622025 -0.317110836506 -0.180805385113 0.272650390863 -0.020253559574 0.334127068520 0.103373825550 0.936623036861
1413393226.355760574341 -0.316340267658 -0.182730630040 0.277036160231 -0.022057680413 0.339534699917 0.109860092402 0.933895289898
1413393226.405760526657 -0.313722640276 -0.183733060956 0.281081587076 -0.025440800935 0.343831807375 0.113757811487 0.931768000126
1413393226.455760478973 -0.312276124954 -0.185210585594 0.285871148109 -0.029530785978 0.347409337759 0.119027562439 0.929659664631
1413393226.505760669708 -0.310711085796 -0.185492739081 0.288575947285 -0.033024210483 0.349452108145 0.123762682080 0.928157031536
1413393226.555760383606 -0.308399260044 -0.184727221727 0.293694019318 -0.035551287234 0.351635813713 0.127194970846 0.926773846149
1413393226.605760574341 -0.306361198425 -0.184382289648 0.298066794872 -0.038486428559 0.352943509817 0.129996016622 0.925770342350
1413393226.655760526657 -0.303308963776 -0.183719351888 0.302838474512 -0.040542621166 0.354764789343 0.129804015160 0.925013065338
1413393226.705760717392 -0.300656080246 -0.181949242949 0.308051824570 -0.039951719344 0.357498824596 0.124744772911 0.924682259560
1413393226.755760431290 -0.297493278980 -0.180669516325 0.312618404627 -0.037888955325 0.360025703907 0.119269303977 0.924511134624
1413393226.805760622025 -0.294187426567 -0.180274203420 0.320414274931 -0.038175709546 0.362873703241 0.112959489226 0.924178242683
1413393226.855760574341 -0.290941298008 -0.180196583271 0.324386000633 -0.037876568735 0.363215923309 0.108909629285 0.924542188644
1413393226.905760526657 -0.288569808006 -0.179384842515 0.330821156502 -0.038404673338 0.364643096924 0.103882938623 0.924537122250
1413393226.955760478973 -0.285286605358 -0.179268196225 0.335280388594 -0.038483779877 0.364308714867 0.101930379868 0.924882888794
1413393227.005760669708 -0.281038105488 -0.178033143282 0.341862469912 -0.038473378867 0.364563018084 0.100271672010 0.924964427948
1413393227.055760383606 -0.278145492077 -0.178441539407 0.347715795040 -0.037301391363 0.364078909159 0.100207686424 0.925210058689
1413393227.105760574341 -0.272256165743 -0.179924637079 0.351638078690 -0.036400455981 0.362639546394 0.099609389901 0.925875604153
1413393227.155760526657 -0.269519209862 -0.180525988340 0.358735084534 -0.034095022827 0.361699491739 0.101655088365 0.926108658314
1413393227.205760717392 -0.267191052437 -0.182448580861 0.364747822285 -0.032649524510 0.360243380070 0.103528425097 0.926520705223
1413393227.255760431290 -0.264297902584 -0.183697432280 0.370908647776 -0.029123038054 0.358449995518 0.107906498015 0.926834225655
1413393227.305760622025 -0.261801958084 -0.184122338891 0.377709805965 -0.028339449316 0.357918381691 0.110279463232 0.926784634590
1413393227.355760574341 -0.258919835091 -0.185380339622 0.382569968700 -0.026935981587 0.357715696096 0.111447878182 0.926765024662
1413393227.405760526657 -0.256071984768 -0.187376037240 0.388447403908 -0.027632536367 0.357085287571 0.113578058779 0.926728963852
1413393227.455760478973 -0.253518700600 -0.188226267695 0.394979566336 -0.026969654486 0.357073634863 0.116003699601 0.926452457905
1413393227.505760669708 -0.250078320503 -0.190438508987 0.401828408241 -0.026920126751 0.357212513685 0.116799302399 0.926300406456
1413393227.555760383606 -0.247559547424 -0.192084297538 0.407829970121 -0.025204656646 0.358676671982 0.118375517428 0.925582528114
1413393227.605760574341 -0.244676858187 -0.194838374853 0.414800763130 -0.023790383711 0.360859334469 0.120344027877 0.924517095089
1413393227.655760526657 -0.241535440087 -0.196301341057 0.419045954943 -0.023086935282 0.364050537348 0.122501716018 0.922999262810
1413393227.705760717392 -0.237835660577 -0.198028922081 0.424963831902 -0.023360440508 0.369124948978 0.124758467078 0.920671701431
1413393227.755760431290 -0.234230354428 -0.199144482613 0.429730951786 -0.022766614333 0.375138342381 0.127486944199 0.917877972126
1413393227.805760622025 -0.230437710881 -0.199515104294 0.435482978821 -0.022408129647 0.382392913103 0.129257440567 0.914639890194
1413393227.855760574341 -0.226647242904 -0.200861096382 0.439576178789 -0.020614577457 0.389601051807 0.134057134390 0.910941660404
1413393227.905760526657 -0.222237452865 -0.201868653297 0.444620758295 -0.020080147311 0.398140728474 0.137401789427 0.906753301620
1413393227.955760478973 -0.217767983675 -0.203253284097 0.448529988527 -0.018507536501 0.407178193331 0.140994206071 0.902210652828
1413393228.005760669708 -0.212272346020 -0.204459354281 0.453605353832 -0.018153483048 0.417609155178 0.145076304674 0.896786510944
1413393228.055760383606 -0.206833720207 -0.204545781016 0.457760959864 -0.017413210124 0.428809970617 0.147521376610 0.891098320484
1413393228.105760574341 -0.202311441302 -0.205272167921 0.460702985525 -0.016919029877 0.439665496349 0.151755228639 0.885086655617
1413393228.155760526657 -0.196908786893 -0.205552384257 0.463539958000 -0.018139887601 0.451256960630 0.154212594032 0.878781318665
1413393228.205760717392 -0.191349714994 -0.206795126200 0.467349708080 -0.019860580564 0.461820691824 0.157891631126 0.872580885887
1413393228.255760431290 -0.186408728361 -0.206050977111 0.471629470587 -0.021221198142 0.471967488527 0.158178627491 0.867050111294
1413393228.305760622025 -0.181027978659 -0.207646653056 0.474105924368 -0.023141629994 0.481048822403 0.159752830863 0.861705005169
1413393228.355760574341 -0.174995779991 -0.207589715719 0.477313488722 -0.023718291894 0.488968849182 0.160392701626 0.857100427151
1413393228.405760526657 -0.169450253248 -0.208802253008 0.481038689613 -0.025077275932 0.497839182615 0.161123409867 0.851801991463
1413393228.455760478973 -0.163696616888 -0.209562718868 0.483698844910 -0.024969587103 0.506430089474 0.162830367684 0.846399068832
1413393228.505760669708 -0.157624751329 -0.210263118148 0.486845582724 -0.023092931136 0.514735400677 0.163829520345 0.841233730316
1413393228.555760383606 -0.152439504862 -0.210448265076 0.491148442030 -0.021643742919 0.523176312447 0.165404230356 0.835738897324
1413393228.605760574341 -0.147307634354 -0.209439232945 0.492610752583 -0.021051863208 0.530302941799 0.167917177081 0.830746293068
1413393228.655760526657 -0.141301959753 -0.211273074150 0.495598465204 -0.021141586825 0.536248624325 0.170664787292 0.826355814934
1413393228.705760717392 -0.135275810957 -0.210499748588 0.498450607061 -0.021985493600 0.541200459003 0.172202914953 0.822778820992
1413393228.755760431290 -0.128918796778 -0.213821291924 0.501632273197 -0.024241534993 0.545415341854 0.174330323935 0.819477498531
1413393228.805760622025 -0.123784512281 -0.213518261909 0.504772961140 -0.025374578312 0.547378480434 0.178833827376 0.817160665989
1413393228.855760574341 -0.117555826902 -0.214346855879 0.507638812065 -0.027194730937 0.548591375351 0.182995498180 0.815365374088
1413393228.905760526657 -0.112244874239 -0.214877307415 0.510209619999 -0.030895069242 0.549154043198 0.187281832099 0.813880145550
1413393228.955760478973 -0.107079625130 -0.215638190508 0.515064358711 -0.032021313906 0.550461530685 0.189094811678 0.812533020973
1413393229.005760669708 -0.100801467896 -0.215851604939 0.517082214355 -0.033614713699 0.551435887814 0.188339203596 0.811983227730
1413393229.055760383606 -0.093956351280 -0.214765757322 0.517681479454 -0.036032740027 0.552815675735 0.183498442173 0.812049746513
1413393229.105760574341 -0.087499946356 -0.214119836688 0.519174098969 -0.036951605231 0.554365813732 0.177822455764 0.812214374542
1413393229.155760526657 -0.080335348845 -0.213858202100 0.521515607834 -0.037765070796 0.555402338505 0.173495277762 0.812404811382
1413393229.205760717392 -0.073007196188 -0.212302908301 0.524194955826 -0.038530047983 0.556329429150 0.168975159526 0.812687158585
1413393229.255760431290 -0.066998243332 -0.212612137198 0.530497789383 -0.039885025471 0.557750880718 0.164637908340 0.812537670135
1413393229.305760622025 -0.058989435434 -0.211867228150 0.532125055790 -0.039516001940 0.557334780693 0.161726281047 0.813425481319
1413393229.355760574341 -0.052857488394 -0.210801348090 0.535997152328 -0.038240078837 0.557146489620 0.159601435065 0.814034938812
1413393229.405760526657 -0.045626491308 -0.209935024381 0.542502760887 -0.036575037986 0.557378530502 0.158511921763 0.814165472984
1413393229.455760478973 -0.038776606321 -0.208952829242 0.546127796173 -0.032021149993 0.555726349354 0.160079628229 0.815179288387
1413393229.505760669708 -0.031024187803 -0.207872956991 0.549560248852 -0.027173496783 0.553417682648 0.163887456059 0.816168785095
1413393229.555760383606 -0.024777621031 -0.208374947309 0.555493593216 -0.024976959452 0.551485836506 0.168236956000 0.816661477089
1413393229.605760574341 -0.017960548401 -0.207524418831 0.558473587036 -0.022520415485 0.548575639725 0.173915982246 0.817502737045
1413393229.655760526657 -0.010732620955 -0.207924395800 0.564082503319 -0.022760227323 0.546145915985 0.179197564721 0.817982196808
1413393229.705760717392 -0.005879402161 -0.208136230707 0.571579575539 -0.024572940543 0.545727372169 0.182708129287 0.817432284355
1413393229.755760431290 0.001081168652 -0.207031622529 0.574023842812 -0.025967894122 0.543292641640 0.185736864805 0.818328022957
1413393229.805760622025 0.007982075214 -0.206566512585 0.579008936882 -0.029053850099 0.541932761669 0.188787877560 0.818427801132
1413393229.855760574341 0.015820890665 -0.207201510668 0.583072066307 -0.034309737384 0.540807187557 0.191128447652 0.818425595760
1413393229.905760526657 0.023362845182 -0.207183957100 0.586470663548 -0.037515886128 0.539305627346 0.192995309830 0.818837404251
1413393229.955760478973 0.031992107630 -0.207291096449 0.592492222786 -0.039789114147 0.539435088634 0.192277178168 0.818813800812
1413393230.005760669708 0.039299100637 -0.206970006227 0.592946410179 -0.041708856821 0.539438664913 0.189230620861 0.819425463676
1413393230.055760383606 0.048854410648 -0.207553505898 0.595150053501 -0.042248923331 0.540106415749 0.182441681623 0.820496857166
1413393230.105760574341 0.057329088449 -0.209061741829 0.598051667213 -0.043016292155 0.541125535965 0.175688982010 0.821258902550
1413393230.155760526657 0.067809253931 -0.211378425360 0.604199886322 -0.044221829623 0.542851567268 0.170048549771 0.821242988110
1413393230.205760717392 0.077742815018 -0.211625158787 0.607048749924 -0.043870773166 0.542580366135 0.165849015117 0.822299242020
1413393230.255760431290 0.087596416473 -0.212926119566 0.612211585045 -0.042911428958 0.542801439762 0.162547767162 0.822863042355
1413393230.305760622025 0.096716463566 -0.213254868984 0.618476927280 -0.039898876101 0.542926788330 0.160375520587 0.823357999325
1413393230.355760574341 0.105558693409 -0.214626759291 0.622770011425 -0.038052715361 0.541125893593 0.162507176399 0.824212491512
1413393230.405760526657 0.116146773100 -0.214578539133 0.629980742931 -0.034878514707 0.540601789951 0.164177969098 0.824365675449
1413393230.455760478973 0.125507563353 -0.215591102839 0.632467448711 -0.033064849675 0.539390742779 0.167415395379 0.824582636356
1413393230.505760669708 0.134781852365 -0.215670824051 0.638887226582 -0.030622268096 0.540511071682 0.171034604311 0.823199391365
1413393230.555760383606 0.144113883376 -0.216681808233 0.642877638340 -0.028806446120 0.542293667793 0.175769150257 0.821092605591
1413393230.605760574341 0.153167024255 -0.218700468540 0.649468779564 -0.026998519897 0.546874642372 0.181167587638 0.816931784153
1413393230.655760526657 0.162968218327 -0.219451487064 0.654705762863 -0.025927396491 0.552017867565 0.186162441969 0.812371611595
1413393230.705760717392 0.173142910004 -0.220792070031 0.659690797329 -0.023728569970 0.558564424515 0.190487936139 0.806943058968
1413393230.755760431290 0.185759991407 -0.221053645015 0.663685321808 -0.022205699235 0.566055119038 0.194558963180 0.800771713257
1413393230.805760622025 0.195182234049 -0.220157593489 0.668186783791 -0.019907852635 0.574103534222 0.197128981352 0.794448912144
1413393230.855760574341 0.207274228334 -0.223863691092 0.669230818748 -0.020194848999 0.581639468670 0.201496273279 0.787836909294
1413393230.905760526657 0.219534844160 -0.225603342056 0.678613066673 -0.021552357823 0.593701779842 0.201792493463 0.778674185276
1413393230.955760478973 0.229564160109 -0.224889457226 0.679046034813 -0.023168610409 0.602943301201 0.199840262532 0.772001624107
1413393231.005760669708 0.241483360529 -0.227460905910 0.683485865593 -0.027412574738 0.613451600075 0.197501882911 0.764145731926
1413393231.055760383606 0.253324002028 -0.231718957424 0.684915423393 -0.032403361052 0.622037172318 0.195417329669 0.757516980171
1413393231.105760574341 0.266028016806 -0.232725054026 0.689306020737 -0.035083130002 0.629872202873 0.191143959761 0.751993536949
1413393231.155760526657 0.276969313622 -0.234795361757 0.691539049149 -0.037226080894 0.635932207108 0.188564077020 0.747427642345
1413393231.205760717392 0.289286345243 -0.237464576960 0.691092550755 -0.038605410606 0.639064013958 0.188862502575 0.744605779648
1413393231.255760431290 0.298664152622 -0.236196532845 0.699304401875 -0.038397971541 0.645048141479 0.185266032815 0.740347862244
1413393231.305760622025 0.311963796616 -0.242926239967 0.704101264477 -0.038522716612 0.647634088993 0.188025787473 0.737382113934
1413393231.355760574341 0.321802169085 -0.242963254452 0.708425998688 -0.034523259848 0.649331748486 0.189665406942 0.735665321350
1413393231.405760526657 0.335464984179 -0.247115805745 0.709849953651 -0.031666025519 0.648422360420 0.194387525320 0.735363304615
1413393231.455760478973 0.348912000656 -0.250626146793 0.718517482281 -0.026140714064 0.650507867336 0.197329789400 0.732950985432
1413393231.505760669708 0.361181914806 -0.252230852842 0.725182950497 -0.017592038959 0.651574432850 0.197909593582 0.732101857662
1413393231.555760383606 0.370444029570 -0.249395415187 0.731794238091 -0.005126290955 0.652903795242 0.194783434272 0.731949388981
1413393231.605760574341 0.383202195168 -0.249301329255 0.737612724304 0.004754351452 0.653418123722 0.193250477314 0.731899201870
1413393231.655760526657 0.394646167755 -0.247527688742 0.743889570236 0.011972596869 0.654746174812 0.191752031446 0.731023430824
1413393231.705760717392 0.404986858368 -0.247036099434 0.751056671143 0.014339077286 0.657130300999 0.191201701760 0.728982985020
1413393231.755760431290 0.414229005575 -0.244867548347 0.752412915230 0.015150220133 0.658110141754 0.193836376071 0.727385044098
1413393231.805760622025 0.423766195774 -0.244055613875 0.755755722523 0.014100125059 0.659746229649 0.198259726167 0.724726974964
1413393231.855760574341 0.432217687368 -0.242298722267 0.760714590549 0.014314576983 0.661698579788 0.203990280628 0.721344590187
1413393231.905760526657 0.443895936012 -0.243607357144 0.767308473587 0.010766806081 0.665201842785 0.213224977255 0.715489923954
1413393231.955760478973 0.452706366777 -0.244209766388 0.769858777523 0.009237183258 0.667948186398 0.221662372351 0.710370123386
1413393232.005760669708 0.460618227720 -0.241332590580 0.770730972290 0.009973801672 0.671435773373 0.227496072650 0.705209314823
1413393232.055760383606 0.467843681574 -0.240451380610 0.770634174347 0.007784103975 0.675882518291 0.231581240892 0.699637293816
1413393232.105760574341 0.477257043123 -0.240291953087 0.772242784500 0.005211106967 0.682389318943 0.234429687262 0.692358553410
1413393232.155760526657 0.484329998493 -0.237440332770 0.772693157196 0.004289363511 0.689289510250 0.235301926732 0.685196757317
1413393232.205760717392 0.492358505726 -0.236177980900 0.772057414055 0.002247322584 0.697466671467 0.233814999461 0.677396297455
1413393232.255760431290 0.502272367477 -0.237048909068 0.773337423801 -0.000626673398 0.705853641033 0.234152242541 0.668537974358
1413393232.305760622025 0.509685754776 -0.234610319138 0.771724462509 -0.000911926792 0.713461935520 0.233866900206 0.660513103008
1413393232.355760574341 0.518577694893 -0.232051372528 0.770682692528 -0.000171675259 0.720871806145 0.236206650734 0.651575207710
1413393232.405760526657 0.526752412319 -0.231386035681 0.770859479904 -0.002476109192 0.727824330330 0.240071073174 0.642363965511
1413393232.455760478973 0.534512817860 -0.227937981486 0.768902301788 -0.003109934740 0.734286546707 0.242723926902 0.633954763412
1413393232.505760669708 0.544872343540 -0.225915461779 0.768526673317 -0.005015468225 0.740646719933 0.246751263738 0.624924957752
1413393232.555760383606 0.552431941032 -0.222204476595 0.764978766441 -0.005107192323 0.745062530041 0.249781250954 0.618437588215
1413393232.605760574341 0.561653494835 -0.218063101172 0.765877366066 -0.005958372261 0.750363111496 0.251275211573 0.611375927925
1413393232.655760526657 0.567578732967 -0.211976051331 0.760517477989 -0.004128210712 0.752303123474 0.252867788076 0.608342826366
1413393232.705760717392 0.576018154621 -0.207668170333 0.759459972382 -0.003920205869 0.755902826786 0.253092527390 0.603771269321
1413393232.755760431290 0.584453105927 -0.204414412379 0.753738522530 -0.005912910681 0.756985604763 0.254316955805 0.601881086826
1413393232.805760622025 0.593226671219 -0.200632154942 0.751315236092 -0.007516422775 0.758983194828 0.255094915628 0.599011361599
1413393232.855760574341 0.600640654564 -0.196488782763 0.746127724648 -0.007514890283 0.759830653667 0.255131363869 0.597920477390
1413393232.905760526657 0.609606027603 -0.192885190248 0.742802500725 -0.010357604362 0.760710895061 0.256161808968 0.596316039562
1413393232.955760478973 0.618722796440 -0.188836947083 0.740665078163 -0.014263316989 0.763213813305 0.253755092621 0.594061970711
1413393233.005760669708 0.626221656799 -0.185358792543 0.736882448196 -0.017700441182 0.764209985733 0.252183169127 0.593357741833
1413393233.055760383606 0.633686602116 -0.180982038379 0.731397747993 -0.020796181634 0.764452874660 0.249696925282 0.593995690346
1413393233.105760574341 0.641724467278 -0.177937775850 0.726786613464 -0.023834498599 0.764873683453 0.248927369714 0.593662619591
1413393233.155760526657 0.648517668247 -0.175410836935 0.720895767212 -0.024622870609 0.764581203461 0.247398763895 0.594645500183
1413393233.205760717392 0.656727194786 -0.171426892281 0.715370774269 -0.024201711640 0.765278756618 0.244060635567 0.595144629478
1413393233.255760431290 0.666865706444 -0.172352448106 0.709350883961 -0.024644315243 0.767681419849 0.241161480546 0.593210697174
1413393233.305760622025 0.675731539726 -0.171247541904 0.703213214874 -0.022678369656 0.770927786827 0.236924618483 0.590781509876
1413393233.355760574341 0.684948861599 -0.173090517521 0.695975780487 -0.020739208907 0.774189651012 0.233627587557 0.587893188000
1413393233.405760526657 0.695214986801 -0.172906145453 0.690728664398 -0.016452308744 0.779903233051 0.229273080826 0.582163333893
1413393233.455760478973 0.704736471176 -0.176175326109 0.684201300144 -0.012860019691 0.784248471260 0.228745341301 0.576597392559
1413393233.505760669708 0.710205018520 -0.171591252089 0.679045557976 -0.005904971156 0.790583610535 0.222492501140 0.570473253727
1413393233.555760383606 0.719000577927 -0.174724563956 0.672497868538 -0.004009000491 0.795432806015 0.224304512143 0.562990307808
1413393233.605760574341 0.727622568607 -0.175319716334 0.668015360832 -0.005580374505 0.801963150501 0.224641233683 0.553498268127
1413393233.655760526657 0.737803161144 -0.185232281685 0.659858226776 -0.014263983816 0.806089043617 0.232826963067 0.543883025646
1413393233.705760717392 0.745278775692 -0.188056379557 0.654516339302 -0.017228938639 0.811617374420 0.236901223660 0.533721089363
1413393233.755760431290 0.753808557987 -0.196309342980 0.645404636860 -0.023252438754 0.816519916058 0.238698929548 0.525145113468
1413393233.805760622025 0.760855078697 -0.200520619750 0.639135122299 -0.020291911438 0.822450935841 0.238191917539 0.516165971756
1413393233.855760574341 0.768071591854 -0.204984903336 0.633562088013 -0.017579674721 0.828507721424 0.235051169991 0.507953584194
1413393233.905760526657 0.774946153164 -0.212131202221 0.627388298512 -0.014622413553 0.832067966461 0.234844580293 0.502291858196
1413393233.955760478973 0.782644152641 -0.217922717333 0.621015667915 -0.011542550288 0.836951732635 0.233702614903 0.494734019041
1413393234.005760669708 0.789201974869 -0.222520366311 0.616756796837 -0.006741597783 0.841151833534 0.235351011157 0.486855268478
1413393234.055760383606 0.796721339226 -0.229082971811 0.610528945923 -0.003763167420 0.844338536263 0.240407943726 0.478834450245
1413393234.105760574341 0.802724838257 -0.233859449625 0.605459928513 -0.000492629886 0.847718656063 0.245323464274 0.470307618380
1413393234.155760526657 0.810176789761 -0.239674150944 0.599644541740 -0.001430130564 0.850110590458 0.251008391380 0.462930589914
1413393234.205760717392 0.815287232399 -0.244022086263 0.594716131687 0.002227381570 0.852639496326 0.254625499249 0.456252962351
1413393234.255760431290 0.819668114185 -0.248418539762 0.588812828064 0.010933580808 0.855711281300 0.253214597702 0.451133161783
1413393234.305760622025 0.825476288795 -0.251452624798 0.584654092789 0.024449275807 0.860219597816 0.250291734934 0.443597257137
1413393234.355760574341 0.829823970795 -0.255429714918 0.579966068268 0.039794344455 0.863537192345 0.248615831137 0.436932742596
1413393234.405760526657 0.833340108395 -0.258258104324 0.575528204441 0.054243847728 0.867360115051 0.246124386787 0.429146707058
1413393234.455760478973 0.835687458515 -0.259730041027 0.570898890495 0.065657429397 0.870357990265 0.244453504682 0.422384411097
1413393234.505760669708 0.838689148426 -0.260660141706 0.567000031471 0.071002900600 0.874493658543 0.243047520518 0.413699626923
1413393234.555760383606 0.838628768921 -0.260201781988 0.563274085522 0.071325190365 0.879367053509 0.239965289831 0.405022233725
1413393234.605760574341 0.837681710720 -0.260821282864 0.559646487236 0.062828354537 0.885873496532 0.235294774175 0.394863396883
1413393234.655760526657 0.834870874882 -0.263923168182 0.553162574768 0.043304629624 0.892252862453 0.232177555561 0.384841799736
1413393234.705760717392 0.831812977791 -0.265437096357 0.548282265663 0.022363737226 0.898799419403 0.228610754013 0.373358607292
1413393234.755760431290 0.827958703041 -0.270735323429 0.542368113995 0.003311513457 0.902669191360 0.231520652771 0.362733513117
1413393234.805760622025 0.822487115860 -0.274311661720 0.538347661495 -0.012697347440 0.905984103680 0.235460922122 0.351553380489
1413393234.855760574341 0.817575156689 -0.278252363205 0.533481240273 -0.022602438927 0.907582640648 0.243717893958 0.341151803732
1413393234.905760526657 0.812601625919 -0.281987130642 0.529687941074 -0.023913724348 0.909301280975 0.251925408840 0.330352634192
1413393234.955760478973 0.808732748032 -0.282990872860 0.526567161083 -0.021433709189 0.911500751972 0.258392512798 0.319281011820
1413393235.005760669708 0.804598331451 -0.285957932472 0.524515986443 -0.015650521964 0.913049876690 0.266135364771 0.308653652668
1413393235.055760383606 0.801031708717 -0.284656286240 0.521807670593 -0.007624687627 0.915208280087 0.271848469973 0.297378838062
1413393235.105760574341 0.797919988632 -0.282828122377 0.519742786884 -0.000852224126 0.917587161064 0.276723504066 0.285407215357
1413393235.155760526657 0.794137477875 -0.279729068279 0.518559992313 0.003626135644 0.920017659664 0.281307965517 0.272800594568
1413393235.205760717392 0.789873480797 -0.275573402643 0.517755985260 0.002041578293 0.923136115074 0.282673090696 0.260598242283
1413393235.255760431290 0.785024523735 -0.271157234907 0.516802072525 -0.004042375367 0.925862848759 0.284580975771 0.248546496034
1413393235.305760622025 0.781675100327 -0.267260462046 0.514718890190 -0.013696619309 0.928205549717 0.286865472794 0.236548304558
1413393235.355760574341 0.777345061302 -0.262752532959 0.513941168785 -0.021705046296 0.929652512074 0.289773464203 0.226509228349
1413393235.405760526657 0.772786736488 -0.259504199028 0.512777447701 -0.028916710988 0.930077314377 0.294023513794 0.218335032463
1413393235.455760478973 0.768652081490 -0.256211102009 0.510786533356 -0.034980449826 0.930217087269 0.297750383615 0.211701080203
1413393235.505760669708 0.766211986542 -0.252374649048 0.510464072227 -0.040721993893 0.930302679539 0.300961554050 0.205671459436
1413393235.555760383606 0.764200925827 -0.249847337604 0.507902204990 -0.049883920699 0.931668877602 0.299003392458 0.200254231691
1413393235.605760574341 0.761854350567 -0.247190743685 0.506960332394 -0.059720396996 0.933862149715 0.294097065926 0.194530025125
1413393235.655760526657 0.761238992214 -0.244235038757 0.505041539669 -0.065609954298 0.936138868332 0.289406716824 0.188634783030
1413393235.705760717392 0.762399375439 -0.241759672761 0.502733647823 -0.069143384695 0.938277125359 0.284536570311 0.184103757143
1413393235.755760431290 0.763623714447 -0.240735784173 0.501162588596 -0.067612893879 0.939615130424 0.282671064138 0.180690348148
1413393235.805760622025 0.765766263008 -0.239494532347 0.499800652266 -0.062152981758 0.940759360790 0.281386524439 0.178690969944
1413393235.855760574341 0.767879962921 -0.238610893488 0.498283237219 -0.048727564514 0.941886961460 0.280631542206 0.178102552891
1413393235.905760526657 0.771383047104 -0.237867623568 0.497610986233 -0.033079557121 0.942871332169 0.280658304691 0.176437705755
1413393235.955760478973 0.774807929993 -0.237121388316 0.496686071157 -0.018038641661 0.943546712399 0.281206488609 0.174118205905
1413393236.005760669708 0.776957333088 -0.237031444907 0.495449900627 -0.006493105553 0.944668471813 0.280182033777 0.170462340117
1413393236.055760383606 0.780485272408 -0.237639307976 0.493781745434 0.003705012845 0.945390939713 0.280883789062 0.165307715535
1413393236.105760574341 0.784536063671 -0.236899107695 0.493268638849 0.010735164396 0.946468889713 0.281123936176 0.158274352551
1413393236.155760526657 0.787185907364 -0.237542465329 0.492030084133 0.015679758042 0.947538554668 0.281918376684 0.149823084474
1413393236.205760717392 0.791284322739 -0.237106949091 0.490863800049 0.013350530528 0.948669016361 0.283970028162 0.138599768281
1413393236.255760431290 0.792709827423 -0.236125424504 0.490867733955 0.007679050323 0.949769318104 0.285459339619 0.128032505512
1413393236.305760622025 0.794505000114 -0.238085210323 0.489138185978 -0.001421683352 0.950492680073 0.288236200809 0.116110131145
1413393236.355760574341 0.795577168465 -0.239087268710 0.487777650356 -0.006499539595 0.951541483402 0.289440482855 0.103685967624
1413393236.405760526657 0.798545300961 -0.240011319518 0.485799133778 -0.008247173391 0.951990723610 0.291975826025 0.091628275812
1413393236.455760478973 0.798491775990 -0.241289556026 0.486426055431 -0.007482621819 0.952772557735 0.292733341455 0.080471575260
1413393236.505760669708 0.802143692970 -0.242727175355 0.483835697174 -0.005967066158 0.952302277088 0.297398924828 0.068108342588
1413393236.555760383606 0.804258406162 -0.243424177170 0.482877194881 -0.004814879969 0.951393485069 0.302706211805 0.056534692645
1413393236.605760574341 0.805068135262 -0.245642408729 0.480424553156 -0.002926234854 0.949159383774 0.311443001032 0.045729715377
1413393236.655760526657 0.806519210339 -0.246133163571 0.479130655527 -0.000644817832 0.947379827499 0.318170309067 0.035195659846
1413393236.705760717392 0.809906303883 -0.246183395386 0.478228747845 0.002137620468 0.946576297283 0.321479916573 0.025287337601
1413393236.755760431290 0.811059117317 -0.246099829674 0.477687478065 0.008616261184 0.946372747421 0.322514057159 0.017002724111
1413393236.805760622025 0.810796320438 -0.244907528162 0.476158976555 0.016700407490 0.946816921234 0.321185767651 0.009928084910
1413393236.855760574341 0.815799593925 -0.243161797523 0.472156405449 0.019633553922 0.947533190250 0.319048732519 0.001806224813
1413393236.905760526657 0.816276907921 -0.241911605000 0.469830274582 -0.022064018995 -0.948466837406 -0.316082865000 0.003938884940
1413393236.955760478973 0.816933810711 -0.240577399731 0.466105580330 -0.021134216338 -0.950176835060 -0.310878485441 0.008478141390
1413393237.005760669708 0.816580414772 -0.241200476885 0.462830841541 -0.017622044310 -0.951889514923 -0.305718302727 0.011496360414
1413393237.055760383606 0.818395316601 -0.241693317890 0.457890033722 -0.011606623419 -0.953130125999 -0.301993846893 0.014421869069
1413393237.105760574341 0.818880021572 -0.243935301900 0.453827083111 -0.003231250215 -0.954241454601 -0.298578262329 0.016242809594
1413393237.155760526657 0.818571805954 -0.245609924197 0.449755430222 0.006108330097 -0.955731630325 -0.293671846390 0.017223319039
1413393237.205760717392 0.818276047707 -0.247972071171 0.445191740990 0.015459521674 -0.956530869007 -0.290706247091 0.017308101058
1413393237.255760431290 0.818575263023 -0.248727098107 0.441800534725 0.021796692163 -0.957196533680 -0.288094997406 0.017349299043
1413393237.305760622025 0.819781720638 -0.249662101269 0.437097251415 0.027714414522 -0.956786215305 -0.288964211941 0.017080694437
1413393237.355760574341 0.820019781590 -0.248949676752 0.434384763241 0.031069904566 -0.956651926041 -0.289144873619 0.015715744346
1413393237.405760526657 0.821457505226 -0.248407661915 0.431363046169 0.032609097660 -0.956908106804 -0.288171410561 0.014857271686
1413393237.455760478973 0.824621558189 -0.246042773128 0.428061068058 0.030740370974 -0.957143366337 -0.287655621767 0.013633867726
1413393237.505760669708 0.826889932156 -0.243567198515 0.426149249077 0.023761874065 -0.957666993141 -0.286664217710 0.011533233337
1413393237.555760383606 0.830611765385 -0.242869451642 0.421909689903 0.014707172289 -0.957524180412 -0.287826299667 0.009337759577
1413393237.605760574341 0.833495795727 -0.240345805883 0.419775605202 0.004591075238 -0.957859158516 -0.287117063999 0.006973601878
1413393237.655760526657 0.837062776089 -0.238774210215 0.417180269957 -0.005268816836 -0.957107543945 -0.289640009403 0.005109786522
1413393237.705760717392 0.837879538536 -0.237681120634 0.416303306818 -0.014016124420 -0.956771969795 -0.290489464998 0.002614946105
1413393237.755760431290 0.841562747955 -0.235959351063 0.413134515285 -0.019100708887 -0.956084668636 -0.292465716600 0.001052185777
1413393237.805760622025 0.844093918800 -0.234995096922 0.411765575409 0.021416408941 0.955481767654 0.294271558523 0.000394550880
1413393237.855760574341 0.846334040165 -0.233152091503 0.409138917923 0.020767996088 0.954734086990 0.296730667353 0.001549203414
1413393237.905760526657 0.847976088524 -0.231313064694 0.407574862242 0.017386946827 0.953906476498 0.299586981535 0.002778711962
1413393237.955760478973 0.848038554192 -0.230987235904 0.405561536551 0.014847561717 0.953243494034 0.301819384098 0.003390892409
1413393238.005760669708 0.849933803082 -0.228131994605 0.402617961168 0.005497607403 0.951829671860 0.306562721729 0.003067208687
1413393238.055760383606 0.850320756435 -0.226213008165 0.400742679834 -0.003019697499 0.950712740421 0.310041248798 0.003246778622
1413393238.105760574341 0.851486802101 -0.224628448486 0.397458374500 -0.009256078862 0.949381053448 0.313976824284 0.002928587841
1413393238.155760526657 0.852101087570 -0.223230510950 0.393907010555 -0.014761261642 0.949069976807 0.314714759588 0.001725616283
1413393238.205760717392 0.853709518909 -0.221839472651 0.390217155218 -0.019150564447 0.948642790318 0.315769195557 0.000131720561
1413393238.255760431290 0.855243206024 -0.221013039351 0.386010676622 0.022185269743 -0.948490858078 -0.316024929285 0.001125370036
1413393238.305760622025 0.857336580753 -0.220615595579 0.380403816700 0.023755092174 -0.948144316673 -0.316928237677 0.003811201546
1413393238.355760574341 0.858362495899 -0.221047341824 0.376076310873 0.023417731747 -0.948071479797 -0.317153185606 0.005093619693
1413393238.405760526657 0.859987735748 -0.223840609193 0.369717031717 0.022296966985 -0.948146641254 -0.316985249519 0.006414691918
1413393238.455760478973 0.862451314926 -0.226921260357 0.363438278437 0.017166333273 -0.948862433434 -0.315118640661 0.008103365079
1413393238.505760669708 0.865921318531 -0.228865742683 0.356264442205 0.008539529517 -0.949524998665 -0.313427448273 0.009622212499
1413393238.555760383606 0.869626104832 -0.230322599411 0.348664134741 -0.001825757092 -0.950765728951 -0.309711456299 0.010959023610
1413393238.605760574341 0.872253835201 -0.231147944927 0.342702865601 -0.013510543853 -0.951839685440 -0.306074768305 0.011700667441
1413393238.655760526657 0.875147700310 -0.231067016721 0.334927588701 -0.024173354730 -0.952220022678 -0.304191559553 0.012654443271
1413393238.705760717392 0.878456234932 -0.229879498482 0.327710777521 -0.031936775893 -0.952452719212 -0.302701950073 0.013615059666
1413393238.755760431290 0.880777537823 -0.228611171246 0.320263683796 -0.038043748587 -0.952554702759 -0.301633238792 0.014478117228
1413393238.805760622025 0.882394611835 -0.226133942604 0.313374429941 -0.039848908782 -0.952870845795 -0.300358831882 0.015291942284
1413393238.855760574341 0.882871627808 -0.223016679287 0.306774348021 -0.037555124611 -0.953141212463 -0.299760073423 0.015977766365
1413393238.905760526657 0.883084535599 -0.220648735762 0.300346434116 -0.031774256378 -0.953364014626 -0.299667000771 0.016948042437
1413393238.955760478973 0.882178604603 -0.218747228384 0.293952405453 -0.021972481161 -0.953562021255 -0.299874842167 0.017660148442
1413393239.005760669708 0.881657958031 -0.216528892517 0.287051588297 -0.011370633729 -0.953949928284 -0.299131244421 0.019255425781
1413393239.055760383606 0.881063222885 -0.213496014476 0.280502915382 -0.001231034752 -0.953939735889 -0.299335181713 0.019896369427
1413393239.105760574341 0.880400300026 -0.212391436100 0.273443132639 0.006310274359 -0.953835546970 -0.299525201321 0.021037761122
1413393239.155760526657 0.878943920135 -0.209952861071 0.266102880239 0.011553468183 -0.953882217407 -0.299174100161 0.021681994200
1413393239.205760717392 0.879514813423 -0.208180129528 0.259056299925 0.016618954018 -0.953520476818 -0.300050050020 0.022192090750
1413393239.255760431290 0.878621280193 -0.206644922495 0.251758009195 0.018854264170 -0.953567624092 -0.299729585648 0.022706275806
1413393239.305760622025 0.878372013569 -0.205139771104 0.246009230614 0.020969552919 -0.953379333019 -0.300114721060 0.023651357740
1413393239.355760574341 0.878572940826 -0.203113555908 0.239278197289 0.022285906598 -0.953082263470 -0.300965011120 0.023613693193
1413393239.405760526657 0.878535866737 -0.201746895909 0.231859087944 0.022330690175 -0.952919065952 -0.301441192627 0.024077989161
1413393239.455760478973 0.879688143730 -0.200186163187 0.222882091999 0.021401787177 -0.952557921410 -0.302642852068 0.024138746783
1413393239.505760669708 0.881121695042 -0.198856160045 0.215756684542 0.024269049987 -0.952511548996 -0.302565902472 0.024221170694
1413393239.555760383606 0.882767260075 -0.197385102510 0.206673592329 0.021851634607 -0.952338099480 -0.303286343813 0.024332782254
1413393239.605760574341 0.884670615196 -0.196935296059 0.198961108923 0.017170533538 -0.952213406563 -0.304046571255 0.023461468518
1413393239.655760526657 0.887207090855 -0.195937469602 0.190397679806 0.008193194866 -0.952485561371 -0.303606927395 0.022956455126
1413393239.705760717392 0.890218794346 -0.195685207844 0.181957274675 -0.004734155256 -0.952459692955 -0.303775757551 0.022770391777
1413393239.755760431290 0.891975522041 -0.195528596640 0.173749566078 -0.014763972722 -0.952395379543 -0.303733617067 0.021701443940
1413393239.805760622025 0.893515050411 -0.194760307670 0.165410459042 -0.021816924214 -0.952277958393 -0.303722023964 0.021064637229
1413393239.855760574341 0.894789338112 -0.193819537759 0.156700015068 -0.025352103636 -0.951743245125 -0.305139005184 0.020793814212
1413393239.905760526657 0.895272850990 -0.193332239985 0.148636460304 -0.022824658081 -0.951425790787 -0.306361317635 0.020266668871
1413393239.955760478973 0.896261751652 -0.192217513919 0.140417486429 -0.021235590801 -0.951510548592 -0.306194365025 0.020535279065
1413393240.005760669708 0.896666288376 -0.191215246916 0.131096750498 -0.015499920584 -0.951941490173 -0.305193752050 0.020591825247
1413393240.055760383606 0.896591782570 -0.190378695726 0.122489899397 -0.008906836621 -0.952468276024 -0.303829133511 0.020315114409
1413393240.105760574341 0.896962463856 -0.189254671335 0.112980872393 0.000452810345 -0.953310787678 -0.301292657852 0.020522946492
1413393240.155760526657 0.896544098854 -0.188538670540 0.104415088892 0.008082318120 -0.953913986683 -0.299279153347 0.020366417244
1413393240.205760717392 0.897265613079 -0.187133386731 0.095227986574 0.013781336136 -0.954309582710 -0.297833383083 0.019963925704
1413393240.255760431290 0.897266507149 -0.184889629483 0.086753100157 0.017330458388 -0.954152286053 -0.298175871372 0.019601706415
1413393240.305760622025 0.897400736809 -0.182330787182 0.078118383884 0.016922432929 -0.954004883766 -0.298717707396 0.018870444968
1413393240.355760574341 0.898132503033 -0.178962111473 0.070321589708 0.014403985813 -0.954159438610 -0.298377633095 0.018522970378
1413393240.405760526657 0.898961603642 -0.174819186330 0.062052682042 0.008944887668 -0.954247057438 -0.298340171576 0.018046742305
1413393240.455760478973 0.900441586971 -0.170162647963 0.054505601525 0.004224541131 -0.954594016075 -0.297356128693 0.017656607553
1413393240.505760669708 0.901333212852 -0.165074378252 0.046393126249 -0.002877577906 -0.954530358315 -0.297602742910 0.017210606486
1413393240.555760383606 0.902199923992 -0.159882813692 0.039190158248 -0.008568162099 -0.954838156700 -0.296503990889 0.017205607146
1413393240.605760574341 0.903461694717 -0.156114086509 0.031864881516 -0.013031768613 -0.954861581326 -0.296239972115 0.017647130415
1413393240.655760526657 0.903489530087 -0.152492940426 0.024360403419 -0.014588046819 -0.954800486565 -0.296341538429 0.018027583137
1413393240.705760717392 0.903901696205 -0.150534525514 0.014887064695 -0.013722937554 -0.954489827156 -0.297315418720 0.019088707864
1413393240.755760431290 0.903433859348 -0.149058252573 0.006841361523 -0.010012436658 -0.955063462257 -0.295526355505 0.020437527448
1413393240.805760622025 0.902030050755 -0.148404866457 -0.001232683659 -0.006090477575 -0.955931425095 -0.292742550373 0.021444473416
1413393240.855760574341 0.902972459793 -0.146926090121 -0.009834021330 -0.000073895360 -0.956804513931 -0.289789319038 0.023394377902
1413393240.905760526657 0.902163922787 -0.145201772451 -0.018583238125 0.002457884373 -0.958149313927 -0.285178124905 0.024845778942
1413393240.955760478973 0.901900768280 -0.141862064600 -0.026101194322 0.004900404252 -0.959628582001 -0.279956877232 0.026705855504
1413393241.005760669708 0.901445984840 -0.139587163925 -0.033421657979 0.006834822707 -0.960770070553 -0.275837182999 0.028073471040
1413393241.055760383606 0.901742994785 -0.136621415615 -0.040800184011 0.006323506124 -0.961644649506 -0.272634834051 0.029492791742
1413393241.105760574341 0.901080667973 -0.131509572268 -0.047148562968 0.001212959411 -0.962132811546 -0.270856380463 0.030590457842
1413393241.155760526657 0.901169598103 -0.126984462142 -0.052936933935 -0.005018341821 -0.962018966675 -0.271099537611 0.031613931060
1413393241.205760717392 0.901621878147 -0.121963992715 -0.058864951134 -0.011195984669 -0.961442768574 -0.272804856300 0.032863944769
1413393241.255760431290 0.901869773865 -0.116428673267 -0.063967742026 -0.016987893730 -0.960655212402 -0.275110840797 0.034163478762
1413393241.305760622025 0.901470720768 -0.111528143287 -0.068023324013 -0.021352132782 -0.959409892559 -0.279014408588 0.035040043294
1413393241.355760574341 0.900184094906 -0.107230931520 -0.072136253119 -0.021955009550 -0.956717073917 -0.287932902575 0.036125529557
1413393241.405760526657 0.899772763252 -0.102714255452 -0.076185762882 -0.022652385756 -0.954733848572 -0.294251620770 0.037230871618
1413393241.455760478973 0.898511171341 -0.097041077912 -0.080068789423 -0.020129367709 -0.953615665436 -0.297866404057 0.038570258766
1413393241.505760669708 0.896962702274 -0.093505561352 -0.084200397134 -0.014772937633 -0.952990889549 -0.300055444241 0.039456959814
1413393241.555760383606 0.895154833794 -0.089139677584 -0.089152738452 -0.008876356296 -0.953301846981 -0.299176841974 0.040373131633
1413393241.605760574341 0.893028795719 -0.084736391902 -0.094440087676 -0.002313403413 -0.954232156277 -0.296212792397 0.041154298931
1413393241.655760526657 0.890965998173 -0.080693855882 -0.098649099469 0.002919055289 -0.954909563065 -0.294019550085 0.041130959988
1413393241.705760717392 0.888492763042 -0.077334649861 -0.102574408054 0.007836852223 -0.955659985542 -0.291489005089 0.041070383042
1413393241.755760431290 0.887338280678 -0.073504075408 -0.107197701931 0.010555392131 -0.955718278885 -0.291164219379 0.041406620294
1413393241.805760622025 0.885315477848 -0.069423541427 -0.111522533000 0.013564524241 -0.955412209034 -0.292141258717 0.040707245469
1413393241.855760574341 0.883927226067 -0.066538698971 -0.115432940423 0.015145921148 -0.955134749413 -0.293082743883 0.039884403348
1413393241.905760526657 0.883136689663 -0.063670769334 -0.119916990399 0.015930302441 -0.955577790737 -0.291644752026 0.039505049586
1413393241.955760478973 0.883115470409 -0.060420691967 -0.126023381948 0.017557328567 -0.956719338894 -0.287950575352 0.038265921175
1413393242.005760669708 0.882806360722 -0.056775964797 -0.131019636989 0.017278967425 -0.957666635513 -0.284951508045 0.037130277604
1413393242.055760383606 0.883212983608 -0.054417908192 -0.134921595454 0.018114950508 -0.959079027176 -0.280279785395 0.035812981427
1413393242.105760574341 0.883411347866 -0.051768518984 -0.140550881624 0.018496386707 -0.960386931896 -0.275926083326 0.034346185625
1413393242.155760526657 0.884211719036 -0.050028525293 -0.144139409065 0.016074456275 -0.962109386921 -0.270165324211 0.033134281635
1413393242.205760717392 0.884772300720 -0.047702681273 -0.148551806808 0.012441927567 -0.964000165462 -0.263739049435 0.031475532800
1413393242.255760431290 0.885577201843 -0.046335067600 -0.151803538203 0.010796511546 -0.965163409710 -0.259679913521 0.030157478526
1413393242.305760622025 0.887235224247 -0.045072089881 -0.154977753758 0.008282809518 -0.965640246868 -0.258047252893 0.029697626829
1413393242.355760574341 0.888616263866 -0.045110311359 -0.156407445669 0.003881665878 -0.965138971806 -0.260134041309 0.028671868145
1413393242.405760526657 0.890676915646 -0.044463869184 -0.158446788788 -0.002613445977 -0.963758468628 -0.265302449465 0.027882058173
1413393242.455760478973 0.892197370529 -0.043923493475 -0.159617111087 -0.010076198727 -0.961456120014 -0.273446679115 0.026972683147
1413393242.505760669708 0.893807888031 -0.043676923960 -0.160640835762 -0.018265133724 -0.958423733711 -0.283553898335 0.026219597086
1413393242.555760383606 0.895351946354 -0.043524689972 -0.161355465651 -0.024116052315 -0.955569624901 -0.292682379484 0.025342036039
1413393242.605760574341 0.895766854286 -0.043443761766 -0.162318751216 -0.028826028109 -0.953249573708 -0.299781352282 0.024808892980
1413393242.655760526657 0.896466135979 -0.043318659067 -0.163633450866 -0.030607687309 -0.951794743538 -0.304214328527 0.024568591267
1413393242.705760717392 0.895787358284 -0.043335754424 -0.164671882987 -0.033248320222 -0.951281428337 -0.305563390255 0.024273248389
1413393242.755760431290 0.895231485367 -0.044321976602 -0.166162699461 -0.037291068584 -0.951154947281 -0.305574148893 0.023198619485
1413393242.805760622025 0.894762694836 -0.044333409518 -0.168798416853 -0.037226062268 -0.951588928699 -0.304348230362 0.021562073380
1413393242.855760574341 0.893143534660 -0.045260645449 -0.170604914427 -0.034198198467 -0.952168166637 -0.303114920855 0.018100807443
1413393242.905760526657 0.891283988953 -0.045235861093 -0.172811895609 -0.023637391627 -0.953052461147 -0.301590234041 0.013250286691
1413393242.955760478973 0.888795137405 -0.045983489603 -0.174948781729 -0.014595664106 -0.952895879745 -0.302856415510 0.007378683891
1413393243.005760669708 0.886858284473 -0.046415671706 -0.176987767220 -0.006166342646 -0.952239632607 -0.305289447308 0.000180981893
1413393243.055760383606 0.884137213230 -0.046696268022 -0.179069235921 -0.000455782312 0.951823532581 0.306507825851 0.009206281044
1413393243.105760574341 0.882071554661 -0.047197118402 -0.181644320488 -0.005563684274 0.950993657112 0.308567792177 0.019134221599
1413393243.155760526657 0.879765093327 -0.048222586513 -0.184338361025 -0.007672129199 0.950814902782 0.308101207018 0.031079255044
1413393243.205760717392 0.877971053123 -0.049777656794 -0.187733978033 -0.009539511986 0.951593339443 0.304099708796 0.043617796153
1413393243.255760431290 0.875990927219 -0.050053775311 -0.192746877670 -0.010247379541 0.953555583954 0.296114295721 0.054250277579
1413393243.305760622025 0.874009609222 -0.051367059350 -0.196536809206 -0.011213818565 0.955333352089 0.288272589445 0.064120911062
1413393243.355760574341 0.872100412846 -0.050910875201 -0.200316697359 -0.010304071940 0.956581830978 0.282057523727 0.072723209858
1413393243.405760526657 0.871392667294 -0.050759553909 -0.201722264290 -0.010371628217 0.957799732685 0.276199907064 0.078903295100
1413393243.455760478973 0.869105279446 -0.049725100398 -0.204383552074 -0.009363087825 0.958270967007 0.272652477026 0.085380084813
1413393243.505760669708 0.867998361588 -0.048797205091 -0.206569939852 -0.008710812777 0.958531618118 0.270162403584 0.090296678245
1413393243.555760383606 0.866935729980 -0.046569183469 -0.208646118641 -0.008507923223 0.958432734013 0.269108295441 0.094419978559
1413393243.605760574341 0.865366697311 -0.044189840555 -0.209277898073 -0.008196117356 0.958122014999 0.268981069326 0.097899042070
1413393243.655760526657 0.863791704178 -0.041202396154 -0.210539668798 -0.008548720740 0.957664489746 0.269629925489 0.100525520742
1413393243.705760717392 0.862633764744 -0.038759052753 -0.210850983858 -0.009806591086 0.956840455532 0.271655678749 0.102778360248
1413393243.755760431290 0.861235380173 -0.036326676607 -0.211177229881 -0.010272853076 0.955935776234 0.274244040251 0.104266613722
1413393243.805760622025 0.860292553902 -0.034398064017 -0.211019814014 -0.011442520656 0.955250859261 0.276218712330 0.105204991996
1413393243.855760574341 0.859007120132 -0.033334404230 -0.211086630821 -0.010672912002 0.954714655876 0.277657300234 0.106359809637
1413393243.905760526657 0.858649671078 -0.032626599073 -0.210823953152 -0.011783428490 0.954512178898 0.278193444014 0.106658637524
1413393243.955760478973 0.857785165310 -0.032485917211 -0.210206657648 -0.011978374794 0.954422116280 0.278300970793 0.107161238790
1413393244.005760669708 0.856252908707 -0.032603785396 -0.209537833929 -0.012108162977 0.954170882702 0.278914809227 0.107786186039
1413393244.055760383606 0.856154501438 -0.033289492130 -0.208271920681 -0.013882844709 0.954234659672 0.278761893511 0.107403136790
1413393244.105760574341 0.855174541473 -0.032982230186 -0.207548707724 -0.014883555472 0.954197704792 0.278795659542 0.107508882880
1413393244.155760526657 0.855534195900 -0.033741161227 -0.206514358521 -0.016142310575 0.953949332237 0.279313147068 0.108186356723
1413393244.205760717392 0.855703473091 -0.034140333533 -0.205108314753 -0.016388013959 0.953608036041 0.279254168272 0.111266538501
1413393244.255760431290 0.855882883072 -0.034852519631 -0.203625977039 -0.017011806369 0.952819764614 0.279859840870 0.116290703416
1413393244.305760622025 0.856409370899 -0.036149442196 -0.201482415199 -0.018142608926 0.951775014400 0.280640006065 0.122623123229
1413393244.355760574341 0.856737434864 -0.037004247308 -0.199263334274 -0.018218798563 0.950461924076 0.281175196171 0.131265714765
1413393244.405760526657 0.857996344566 -0.037025243044 -0.197025954723 -0.017582038417 0.949935555458 0.279593944550 0.138349398971
1413393244.455760478973 0.858805894852 -0.038280934095 -0.194194674492 -0.015156731009 0.949558377266 0.277618110180 0.145042985678
1413393244.505760669708 0.859996795654 -0.037419989705 -0.190978586674 -0.012324214913 0.948984801769 0.276515781879 0.151046290994
1413393244.555760383606 0.861555755138 -0.035920023918 -0.187607526779 -0.009527832270 0.948570132256 0.275384008884 0.155844837427
1413393244.605760574341 0.862937867641 -0.033549129963 -0.183770477772 -0.007093433291 0.947702825069 0.275921732187 0.160238042474
1413393244.655760526657 0.864239394665 -0.031297996640 -0.179973602295 -0.004757024348 0.946738719940 0.276931434870 0.164232343435
1413393244.705760717392 0.865366339684 -0.029261782765 -0.175782620907 -0.003656075802 0.946627736092 0.275376945734 0.167481482029
1413393244.755760431290 0.866664826870 -0.029151156545 -0.172278106213 0.000550701225 0.945567250252 0.277607768774 0.169812262058
1413393244.805760622025 0.867394387722 -0.029879316688 -0.168490171432 0.005733507685 0.945028901100 0.278110921383 0.171877279878
1413393244.855760574341 0.868489205837 -0.031285226345 -0.165014624596 0.008866194636 0.944233357906 0.279861211777 0.173269957304
1413393244.905760526657 0.868924319744 -0.033917516470 -0.162512123585 0.011339370161 0.944004774094 0.280201882124 0.173819914460
1413393244.955760478973 0.869235277176 -0.037885710597 -0.159578502178 0.011417041533 0.944054305553 0.279966205359 0.173925504088
1413393245.005760669708 0.868392527103 -0.041993290186 -0.156354844570 0.008770355955 0.943486869335 0.281901508570 0.174032196403
1413393245.055760383606 0.868374705315 -0.045661509037 -0.153622210026 0.005777972285 0.942551910877 0.285694092512 0.173035785556
1413393245.105760574341 0.867263972759 -0.048734471202 -0.150334000587 0.002440617885 0.941382348537 0.289710253477 0.172804087400
1413393245.155760526657 0.865934252739 -0.050353661180 -0.146319210529 0.000667263288 0.940148532391 0.294010788202 0.172273278236
1413393245.205760717392 0.865389227867 -0.052729099989 -0.142628312111 -0.001409932389 0.938714325428 0.299154728651 0.171230554581
1413393245.255760431290 0.864315986633 -0.053465783596 -0.138707816601 -0.003937175032 0.938196480274 0.300983160734 0.170824721456
1413393245.305760622025 0.863215446472 -0.053240835667 -0.135374367237 -0.006325420924 0.937944889069 0.302038073540 0.170271635056
1413393245.355760574341 0.861957967281 -0.052962064743 -0.131771564484 -0.008869571611 0.938133239746 0.301387429237 0.170273318887
1413393245.405760526657 0.861285746098 -0.051617622375 -0.128034710884 -0.011099691503 0.938679277897 0.299970000982 0.169635221362
1413393245.455760478973 0.860576033592 -0.048886179924 -0.124749660492 -0.013642756268 0.939617753029 0.297154873610 0.169208005071
1413393245.505760669708 0.860128581524 -0.045834437013 -0.121155083179 -0.015497971326 0.940388083458 0.294799357653 0.168889030814
1413393245.555760383606 0.859924554825 -0.043559923768 -0.117628633976 -0.018014816567 0.941426455975 0.291714936495 0.168208748102
1413393245.605760574341 0.859328448772 -0.039963528514 -0.113830208778 -0.019507698715 0.942783415318 0.287737727165 0.167290091515
1413393245.655760526657 0.859226703644 -0.037604793906 -0.110505938530 -0.020867390558 0.943633675575 0.285357385874 0.166406825185
1413393245.705760717392 0.859338343143 -0.035290181637 -0.107241928577 -0.023260569200 0.944251954556 0.283838391304 0.165175706148
1413393245.755760431290 0.860076963902 -0.032792985439 -0.103372514248 -0.024690233171 0.944512724876 0.283992677927 0.163200080395
1413393245.805760622025 0.860452294350 -0.030842542648 -0.099845468998 -0.024982590228 0.944427013397 0.285242766142 0.161462217569
1413393245.855760574341 0.860624969006 -0.029110714793 -0.096442341805 -0.021961783990 0.944669663906 0.285569757223 0.159896180034
1413393245.905760526657 0.862076938152 -0.027872696519 -0.093122124672 -0.018639560789 0.944223523140 0.288425415754 0.157814055681
1413393245.955760478973 0.863052308559 -0.026968047023 -0.089512050152 -0.012956527993 0.943665802479 0.291325569153 0.156385332346
1413393246.005760669708 0.863993048668 -0.025242298841 -0.086280882359 -0.005324858706 0.942660212517 0.295495599508 0.155066698790
1413393246.055760383606 0.865298569202 -0.024786770344 -0.083117604256 0.002493769396 0.941307663918 0.300414144993 0.153899148107
1413393246.105760574341 0.865864336491 -0.023573890328 -0.080314218998 0.009130437858 0.939880132675 0.305437982082 0.152478337288
1413393246.155760526657 0.866801023483 -0.022595405579 -0.077362835407 0.014501098543 0.938848257065 0.308453738689 0.152348279953
1413393246.205760717392 0.867162764072 -0.021516799927 -0.074975728989 0.016089985147 0.938657522202 0.307881444693 0.154506295919
1413393246.255760431290 0.867235302925 -0.020475015044 -0.072979986668 0.013997895643 0.938774406910 0.305553466082 0.158567801118
1413393246.305760622025 0.867386281490 -0.019350200891 -0.071558177471 0.007221191190 0.939391613007 0.300691068172 0.164548233151
1413393246.355760574341 0.867274105549 -0.018360212445 -0.070163488388 -0.000433281937 0.939963877201 0.294973164797 0.171635061502
1413393246.405760526657 0.866879522800 -0.017266303301 -0.068737268448 -0.006365912966 0.940509796143 0.288954675198 0.178622484207
1413393246.455760478973 0.866354525089 -0.016410708427 -0.067152142525 -0.010507649742 0.941060841084 0.282797634602 0.185255363584
1413393246.505760669708 0.866247415543 -0.015789136291 -0.065922260284 -0.012966043316 0.941178798676 0.278521090746 0.190893828869
1413393246.555760383606 0.865676999092 -0.014527961612 -0.064323425293 -0.014883846976 0.941182196140 0.274863243103 0.195971459150
1413393246.605760574341 0.865353703499 -0.013892263174 -0.062586903572 -0.017102558166 0.940457880497 0.274041593075 0.200368806720
1413393246.655760526657 0.865196824074 -0.013371571898 -0.060892879963 -0.018240721896 0.939231455326 0.275897413492 0.203450933099
1413393246.705760717392 0.864982068539 -0.012528941035 -0.059101760387 -0.019850866869 0.938455641270 0.276582270861 0.205934882164
1413393246.755760431290 0.865152060986 -0.012410655618 -0.057298064232 -0.020266788080 0.937883555889 0.277197837830 0.207665741444
1413393246.805760622025 0.865350067616 -0.011844143271 -0.055515468121 -0.021106379107 0.937659859657 0.276871323586 0.209023505449
1413393246.855760574341 0.865676164627 -0.010808587074 -0.053315699100 -0.021876920015 0.937441468239 0.276490628719 0.210422962904
1413393246.905760526657 0.865698695183 -0.009815737605 -0.050876438618 -0.022141326219 0.937429547310 0.275206148624 0.212125271559
1413393246.955760478973 0.866383969784 -0.008438944817 -0.048077523708 -0.020962273702 0.937791407108 0.272726804018 0.213841035962
1413393247.005760669708 0.867243647575 -0.006904438138 -0.044743359089 -0.021298624575 0.937575757504 0.272243559361 0.215363934636
1413393247.055760383606 0.868029892445 -0.005309462547 -0.041574895382 -0.021429181099 0.937100470066 0.272499203682 0.217089220881
1413393247.105760574341 0.868988454342 -0.003267854452 -0.037850737572 -0.021033985540 0.936875104904 0.272008866072 0.218709424138
1413393247.155760526657 0.870123565197 -0.001234635711 -0.033986151218 -0.019650602713 0.936069488525 0.273420900106 0.220519348979
1413393247.205760717392 0.871775269508 0.001229539514 -0.029952168465 -0.017929757014 0.934707283974 0.276835799217 0.222177177668
1413393247.255760431290 0.872677922249 0.003771409392 -0.025697231293 -0.015482131392 0.932367503643 0.283228397369 0.224126845598
1413393247.305760622025 0.874060928822 0.006459191442 -0.021481096745 -0.013525814749 0.929453134537 0.291496574879 0.225751310587
1413393247.355760574341 0.875609219074 0.009635314345 -0.017127931118 -0.012544228695 0.926315307617 0.300251454115 0.227226123214
1413393247.405760526657 0.876663446426 0.012681007385 -0.013200998306 -0.009011957794 0.923828542233 0.306813597679 0.228746637702
1413393247.455760478973 0.878907680511 0.015734270215 -0.009785115719 -0.007901350968 0.921690344810 0.312403321266 0.229844748974
1413393247.505760669708 0.880216538906 0.018782198429 -0.006868481636 -0.003308536950 0.920086324215 0.316181272268 0.231213301420
1413393247.555760383606 0.882180154324 0.022276461124 -0.005417466164 -0.002243992174 0.918753683567 0.319265872240 0.232284098864
1413393247.605760574341 0.884138345718 0.025258690119 -0.003999173641 0.001848800690 0.917299032211 0.322341471910 0.233784243464
1413393247.655760526657 0.885661244392 0.028467074037 -0.003167629242 0.004693173803 0.916512966156 0.323305398226 0.235490024090
1413393247.705760717392 0.886910974979 0.031750991940 -0.002980291843 0.005883798935 0.916350901127 0.322711259127 0.236904829741
1413393247.755760431290 0.888224899769 0.035224974155 -0.003424406052 0.009650800377 0.916129350662 0.321655422449 0.239064142108
1413393247.805760622025 0.889504194260 0.038958311081 -0.004683494568 0.012462390587 0.915176868439 0.322706967592 0.241155952215
1413393247.855760574341 0.890320181847 0.042367801070 -0.006744742393 0.016287766397 0.915524065495 0.320058494806 0.243131607771
1413393247.905760526657 0.891593992710 0.045746609569 -0.009567439556 0.022280391306 0.917936503887 0.311062812805 0.245226651430
1413393247.955760478973 0.891885161400 0.048997625709 -0.013072252274 0.022531168535 0.922151803970 0.297137022018 0.246653661132
1413393248.005760669708 0.891685068607 0.052163228393 -0.017021059990 0.021522140130 0.925872743130 0.284455984831 0.247752457857
1413393248.055760383606 0.891075313091 0.055587694049 -0.021137833595 0.019441079348 0.928950965405 0.273197799921 0.249068513513
1413393248.105760574341 0.889729261398 0.058477267623 -0.025166809559 0.015646357089 0.930743873119 0.266519397497 0.249876886606
1413393248.155760526657 0.888133406639 0.061122134328 -0.029206037521 0.013074763119 0.931910872459 0.262053668499 0.250397980213
1413393248.205760717392 0.886350750923 0.063491642475 -0.032892346382 0.008390489034 0.932299196720 0.260575532913 0.250695616007
1413393248.255760431290 0.883931398392 0.065371245146 -0.036544919014 0.004864563234 0.931566178799 0.263676792383 0.250270545483
1413393248.305760622025 0.880991876125 0.066948145628 -0.039185106754 0.000132158719 0.930712521076 0.267484426498 0.249452143908
1413393248.355760574341 0.878050267696 0.067848116159 -0.042465507984 -0.001601577620 0.930562615395 0.268428146839 0.248991921544
1413393248.405760526657 0.875303745270 0.068297579885 -0.045858502388 -0.002864941023 0.931425273418 0.267144471407 0.247128874063
1413393248.455760478973 0.872088015079 0.067457750440 -0.049159109592 -0.002116641495 0.932804405689 0.263223230839 0.246140405536
1413393248.505760669708 0.869075000286 0.065481364727 -0.051613688469 0.000106827269 0.934596538544 0.258184969425 0.244683191180
1413393248.555760383606 0.865583419800 0.063858449459 -0.054582715034 0.002126701642 0.936338603497 0.253622740507 0.242777645588
1413393248.605760574341 0.861990511417 0.061907470226 -0.057165563107 0.003848456079 0.937898933887 0.249267712235 0.241239398718
1413393248.655760526657 0.858026802540 0.059878006577 -0.059842348099 0.005317769013 0.938660979271 0.247795894742 0.239759415388
1413393248.705760717392 0.853353321552 0.057645246387 -0.061302423477 0.003569188295 0.938856542110 0.248929411173 0.237844273448
1413393248.755760431290 0.848800003529 0.054989352822 -0.062461793423 0.000845462608 0.938291847706 0.252806484699 0.236001133919
1413393248.805760622025 0.843896448612 0.052081406116 -0.062775373459 -0.002108222339 0.937350034714 0.258305847645 0.233770549297
1413393248.855760574341 0.839158058167 0.049597367644 -0.063659667969 -0.007155819330 0.935634851456 0.266755551100 0.231036245823
1413393248.905760526657 0.833750903606 0.046884030104 -0.063286244869 -0.010833552107 0.932699382305 0.278686404228 0.228666722775
1413393248.955760478973 0.828587293625 0.045249700546 -0.062960088253 -0.014236321673 0.929976940155 0.289605200291 0.225984677672
1413393249.005760669708 0.824003219604 0.043690681458 -0.062257170677 -0.016902746633 0.927725255489 0.298711776733 0.223184779286
1413393249.055760383606 0.819782435894 0.043020114303 -0.061275005341 -0.018572716042 0.926629006863 0.304134011269 0.220264032483
1413393249.105760574341 0.814655601978 0.042930766940 -0.060734510422 -0.018801029772 0.926151573658 0.306887149811 0.218426346779
1413393249.155760526657 0.810950934887 0.043419554830 -0.060230910778 -0.018913142383 0.926600337029 0.307182580233 0.216085657477
1413393249.205760717392 0.807149946690 0.044598445296 -0.059822261333 -0.018153810874 0.927965641022 0.304607272148 0.213926762342
1413393249.255760431290 0.803371489048 0.046452760696 -0.060733556747 -0.018185185269 0.929345548153 0.301670163870 0.212087973952
1413393249.305760622025 0.800573825836 0.046931698918 -0.060877323151 -0.018003132194 0.930487811565 0.299648910761 0.209949672222
1413393249.355760574341 0.797804534435 0.048002183437 -0.061282157898 -0.019372873008 0.931493163109 0.297263681889 0.208757102489
1413393249.405760526657 0.794900953770 0.048727527261 -0.062117278576 -0.021429086104 0.932269275188 0.295102477074 0.208156928420
1413393249.455760478973 0.792274534702 0.050023958087 -0.062389969826 -0.025772325695 0.933034479618 0.292495548725 0.207915350795
1413393249.505760669708 0.790619075298 0.050948366523 -0.062782764435 -0.031582802534 0.933582544327 0.290082097054 0.208035215735
1413393249.555760383606 0.788759231567 0.052582353354 -0.063737273216 -0.039815817028 0.933822333813 0.287968039513 0.208482533693
1413393249.605760574341 0.787939310074 0.054336443543 -0.064025223255 -0.047295708209 0.934143543243 0.285205632448 0.209276676178
1413393249.655760526657 0.787375926971 0.055681586266 -0.063989579678 -0.050567466766 0.934668898582 0.281898409128 0.210642546415
1413393249.705760717392 0.787745893002 0.058195948601 -0.063986480236 -0.047968219966 0.935091316700 0.279844969511 0.212108686566
1413393249.755760431290 0.788327634335 0.060769394040 -0.063634455204 -0.043617755175 0.935053527355 0.279293328524 0.213933899999
1413393249.805760622025 0.789699792862 0.062986537814 -0.062741160393 -0.038298372179 0.935028672218 0.278861105442 0.215618148446
1413393249.855760574341 0.791506171227 0.065501794219 -0.061764895916 -0.033721279353 0.935383319855 0.277483612299 0.216618910432
1413393249.905760526657 0.793424367905 0.068357989192 -0.060545504093 -0.029624620453 0.935533106327 0.276376247406 0.217982411385
1413393249.955760478973 0.795783758163 0.070236817002 -0.058983325958 -0.027696460485 0.934947133064 0.277611255646 0.219177678227
1413393250.005760669708 0.798125326633 0.072895184159 -0.057435274124 -0.025809761137 0.934010267258 0.280929327011 0.219174534082
1413393250.055760383606 0.800715327263 0.075107336044 -0.055905520916 -0.026437705383 0.932591199875 0.285635471344 0.219059765339
1413393250.105760574341 0.803684115410 0.077346444130 -0.053961575031 -0.027200302109 0.931372880936 0.289848178625 0.218615710735
1413393250.155760526657 0.806824147701 0.079306840897 -0.052628993988 -0.027005149052 0.930672705173 0.292894631624 0.217558592558
1413393250.205760717392 0.810350000858 0.081133291125 -0.051010251045 -0.025707826018 0.930418312550 0.294638633728 0.216446369886
1413393250.255760431290 0.814277648926 0.082718163729 -0.049804210663 -0.024743437767 0.931203067303 0.293476462364 0.214756160975
1413393250.305760622025 0.818254292011 0.084762066603 -0.048474431038 -0.024154491723 0.932304263115 0.291321903467 0.212971478701
1413393250.355760574341 0.822529733181 0.086151212454 -0.047611653805 -0.021834978834 0.933706283569 0.288354367018 0.211110368371
1413393250.405760526657 0.826918363571 0.087921649218 -0.046691298485 -0.017416724935 0.935195803642 0.285076916218 0.209372222424
1413393250.455760478973 0.831584811211 0.088820964098 -0.045613110065 -0.011786595918 0.936909973621 0.280486911535 0.208297565579
1413393250.505760669708 0.836250007153 0.090283170342 -0.044633507729 -0.004179760814 0.938597619534 0.275535464287 0.207598745823
1413393250.555760383606 0.840783536434 0.090951994061 -0.043475806713 0.004103787709 0.939915299416 0.271068751812 0.207519188523
1413393250.605760574341 0.845109224319 0.091843292117 -0.042122364044 0.010660255328 0.940593540668 0.268462449312 0.207600936294
1413393250.655760526657 0.849275946617 0.092697598040 -0.040333569050 0.012077918276 0.940687656403 0.268196702003 0.207440167665
1413393250.705760717392 0.852613389492 0.093490928411 -0.038579404354 0.013688069768 0.939944326878 0.270445853472 0.207789421082
1413393250.755760431290 0.855532109737 0.093881957233 -0.036641776562 0.013494044542 0.938802301884 0.273744940758 0.208643078804
1413393250.805760622025 0.858552396297 0.094526112080 -0.034686267376 0.013018345460 0.936699867249 0.280594378710 0.209023267031
1413393250.855760574341 0.860888361931 0.095125786960 -0.032382786274 0.012297920883 0.934743046761 0.286513924599 0.209795057774
1413393250.905760526657 0.862724483013 0.095276892185 -0.030701339245 0.009324266575 0.933333337307 0.291012912989 0.210032016039
1413393250.955760478973 0.864497363567 0.095212951303 -0.029186427593 0.006161187310 0.932119905949 0.295662134886 0.209041774273
1413393251.005760669708 0.866305708885 0.095407590270 -0.027873754501 0.002992346883 0.931497037411 0.299632817507 0.206214740872
1413393251.055760383606 0.867581903934 0.095147639513 -0.027201235294 0.000142970079 0.932122528553 0.300818115473 0.201633512974
1413393251.105760574341 0.868430852890 0.094815701246 -0.026592195034 -0.000765560602 0.933715581894 0.300507694483 0.194601669908
1413393251.155760526657 0.869336009026 0.094346582890 -0.026973068714 -0.001522151986 0.936123669147 0.298784732819 0.185466796160
1413393251.205760717392 0.870382308960 0.093548528850 -0.027461707592 -0.000855516177 0.939120054245 0.296517223120 0.173581048846
1413393251.255760431290 0.870909571648 0.092722475529 -0.028362810612 -0.000144169404 0.942500174046 0.293630212545 0.159608259797
1413393251.305760622025 0.871296346188 0.091981753707 -0.029210388660 -0.000054863267 0.945676207542 0.291048347950 0.144870221615
1413393251.355760574341 0.871835827827 0.090529620647 -0.030516713858 0.000634927186 0.949123978615 0.287628591061 0.128191471100
1413393251.405760526657 0.872256278992 0.089519247413 -0.031403630972 0.001060310169 0.952160477638 0.284618526697 0.111272491515
1413393251.455760478973 0.872190833092 0.087915167212 -0.033228129148 0.002769357525 0.955097854137 0.280843585730 0.094378501177
1413393251.505760669708 0.872429966927 0.086464621127 -0.034755706787 0.003929033875 0.957807242870 0.276760667562 0.077416881919
1413393251.555760383606 0.872302532196 0.084145136178 -0.035332560539 0.003380878828 0.960140585899 0.272708773613 0.061226185411
1413393251.605760574341 0.872005522251 0.082095518708 -0.035904973745 0.003827975364 0.962077081203 0.268885940313 0.045754510909
1413393251.655760526657 0.871602654457 0.079387538135 -0.035796865821 0.004605800379 0.963721156120 0.265120923519 0.030517870560
1413393251.705760717392 0.871021449566 0.077584601939 -0.035700306296 0.004794049542 0.964982390404 0.261803567410 0.015652520582
1413393251.755760431290 0.870137393475 0.074335098267 -0.034096725285 0.004738003016 0.965401530266 0.260721832514 0.001290447079
1413393251.805760622025 0.869456410408 0.071791917086 -0.032937016338 -0.004141889978 -0.964866578579 -0.262361049652 0.013491402380
1413393251.855760574341 0.868448734283 0.069295890629 -0.030788391829 -0.004696034826 -0.963211476803 -0.267303943634 0.027390096337
1413393251.905760526657 0.867844521999 0.065670602024 -0.028345804662 -0.003957429435 -0.960073053837 -0.276648610830 0.041347321123
1413393251.955760478973 0.866941690445 0.062627032399 -0.025147482753 -0.002015596023 -0.956813991070 -0.285422235727 0.055110011250
1413393252.005760669708 0.866124451160 0.059455417097 -0.022520467639 0.001780755352 -0.953827977180 -0.292349457741 0.068853266537
1413393252.055760383606 0.865245103836 0.056157283485 -0.019529640675 0.004151731264 -0.951062083244 -0.297944962978 0.081807352602
1413393252.105760574341 0.864406704903 0.052614957094 -0.016775459051 0.003338819603 -0.948997139931 -0.300842463970 0.094271436334
1413393252.155760526657 0.863611757755 0.048917807639 -0.014668345451 0.002460419666 -0.947532296181 -0.301523417234 0.106113925576
1413393252.205760717392 0.863036572933 0.045118689537 -0.012654304504 0.000500204391 -0.946071982384 -0.301733553410 0.117917396128
1413393252.255760431290 0.862514913082 0.040456242859 -0.010484039783 -0.000299023901 -0.944786608219 -0.300699800253 0.130221992731
1413393252.305760622025 0.862071573734 0.037603214383 -0.009279817343 -0.000468147016 -0.943686068058 -0.298848778009 0.141936302185
1413393252.355760574341 0.861821770668 0.033527046442 -0.007325381041 -0.001610591542 -0.942239582539 -0.297639161348 0.153600186110
1413393252.405760526657 0.861371219158 0.030886828899 -0.005928993225 -0.004259543959 -0.940364837646 -0.296979457140 0.165828317404
1413393252.455760478973 0.861271679401 0.027194276452 -0.004375994205 -0.007632249966 -0.937468886375 -0.299783825874 0.176702097058
1413393252.505760669708 0.861164093018 0.024901986122 -0.002946197987 -0.012671899982 -0.935472130775 -0.300423234701 0.185680493712
1413393252.555760383606 0.860808968544 0.023133277893 -0.001358985901 -0.014571127482 -0.933987259865 -0.300085335970 0.193401768804
1413393252.605760574341 0.860545575619 0.022604525089 -0.000014603138 -0.015261533670 -0.933018863201 -0.299242645502 0.199240505695
1413393252.655760526657 0.860014915466 0.021831229329 0.002183794975 -0.015256534331 -0.932078838348 -0.298536449671 0.204627245665
1413393252.705760717392 0.859516799450 0.023198902607 0.003462493420 -0.013931633905 -0.930849492550 -0.298406809568 0.210424870253
1413393252.755760431290 0.858731031418 0.024131178856 0.004901468754 -0.011042938568 -0.929998636246 -0.296894192696 0.216412678361
1413393252.805760622025 0.857779383659 0.025222226977 0.006072103977 -0.007574921474 -0.929030120373 -0.295453935862 0.222604319453
1413393252.855760574341 0.856703281403 0.024798020720 0.008382976055 -0.003490650328 -0.927929282188 -0.294056445360 0.229054480791
1413393252.905760526657 0.855374395847 0.025971621275 0.008885741234 -0.000538274122 -0.927035748959 -0.291986137629 0.235262587667
1413393252.955760478973 0.854577720165 0.025812253356 0.010219752789 0.003479310079 -0.926191866398 -0.290314197540 0.240570724010
1413393253.005760669708 0.853671014309 0.024782598019 0.011600136757 0.007328218780 -0.924825489521 -0.290888756514 0.245005816221
1413393253.055760383606 0.853190481663 0.024479776621 0.012353479862 0.010544071905 -0.923368096352 -0.292120993137 0.248888820410
1413393253.105760574341 0.852927684784 0.024007245898 0.012915968895 0.012473869137 -0.921605587006 -0.294791519642 0.252161771059
1413393253.155760526657 0.853169083595 0.023821771145 0.012089610100 0.010341417976 -0.919112861156 -0.300599694252 0.254488557577
1413393253.205760717392 0.853708803654 0.023329719901 0.012336850166 0.006826733239 -0.916958272457 -0.305638968945 0.256370514631
1413393253.255760431290 0.854418635368 0.023571699858 0.011288583279 0.001698096050 -0.914803624153 -0.310636758804 0.258140146732
1413393253.305760622025 0.855201601982 0.023099362850 0.009975612164 -0.002208789578 -0.913226306438 -0.314697682858 0.258801668882
1413393253.355760574341 0.855470776558 0.022825419903 0.008874475956 -0.005684326869 -0.912467777729 -0.316603899002 0.259099036455
1413393253.405760526657 0.855796992779 0.022518187761 0.006263077259 -0.009386952035 -0.912202119827 -0.316531062126 0.260013908148
1413393253.455760478973 0.856363177299 0.021592944860 0.003423631191 -0.010639448650 -0.912325441837 -0.316026717424 0.260146558285
1413393253.505760669708 0.856080830097 0.020664840937 0.000506997108 -0.011821896769 -0.913116753101 -0.313704013824 0.260130375624
1413393253.555760383606 0.855601131916 0.020248204470 -0.002901673317 -0.012843758799 -0.913940310478 -0.311066091061 0.260357439518
1413393253.605760574341 0.855479180813 0.019615113735 -0.007195651531 -0.011815899052 -0.915756642818 -0.306237637997 0.259747534990
1413393253.655760526657 0.854851365089 0.019685506821 -0.012140989304 -0.010178938508 -0.917414188385 -0.301475584507 0.259538233280
1413393253.705760717392 0.854234039783 0.018789425492 -0.016524314880 -0.009127674624 -0.918790698051 -0.297774702311 0.258979946375
1413393253.755760431290 0.853373348713 0.017304256558 -0.021697461605 -0.006070856005 -0.920013964176 -0.295283198357 0.257575839758
1413393253.805760622025 0.852369785309 0.016253158450 -0.026733338833 -0.005468780175 -0.920580089092 -0.293022334576 0.258147835732
1413393253.855760574341 0.851445198059 0.014716833830 -0.031945765018 -0.006014253013 -0.920499920845 -0.292344719172 0.259187847376
1413393253.905760526657 0.850895106792 0.013348519802 -0.037858843803 -0.006013736594 -0.920044064522 -0.291600942612 0.261632740498
1413393253.955760478973 0.849795281887 0.012288317084 -0.043532609940 -0.006913036574 -0.919009685516 -0.291053414345 0.265821903944
1413393254.005760669708 0.848905861378 0.010147094727 -0.048316597939 -0.008874134161 -0.918194055557 -0.289208322763 0.270554095507
1413393254.055760383606 0.847710847855 0.008357465267 -0.054308295250 -0.009314360097 -0.916351377964 -0.289053946733 0.276877790689
1413393254.105760574341 0.846025526524 0.006659284234 -0.060440659523 -0.010489758104 -0.914472043514 -0.287920266390 0.284135133028
1413393254.155760526657 0.844807147980 0.004680141807 -0.066301465034 -0.011556493118 -0.912496864796 -0.285759121180 0.292502373457
1413393254.205760717392 0.843354105949 0.002957850695 -0.072082042694 -0.011983614415 -0.909987330437 -0.284008115530 0.301858991385
1413393254.255760431290 0.841443598270 0.000582933426 -0.078433990479 -0.012659851462 -0.907606065273 -0.282465219498 0.310329437256
1413393254.305760622025 0.839816153049 -0.001437485218 -0.083808779716 -0.009801838547 -0.904853880405 -0.281959146261 0.318814247847
1413393254.355760574341 0.837428927422 -0.005013495684 -0.088630795479 -0.006399301812 -0.901820838451 -0.283626943827 0.325935602188
1413393254.405760526657 0.836880445480 -0.006484851241 -0.094587624073 -0.000649594935 -0.898461759090 -0.286738008261 0.332486629486
1413393254.455760478973 0.835552811623 -0.009290784597 -0.099935412407 0.002402560553 -0.894640684128 -0.291676878929 0.338433116674
1413393254.505760669708 0.833904266357 -0.010450646281 -0.106836736202 0.005789225455 -0.891348898411 -0.296037912369 0.343256920576
1413393254.555760383606 0.833599686623 -0.012765020132 -0.113166391850 0.004825552925 -0.889160931110 -0.298117101192 0.347125113010
1413393254.605760574341 0.832582712173 -0.014477431774 -0.120144188404 0.003081579925 -0.887213945389 -0.300286799669 0.350242465734
1413393254.655760526657 0.832001566887 -0.016736760736 -0.127376556396 0.000013507150 -0.886517703533 -0.300014197826 0.352246880531
1413393254.705760717392 0.830871462822 -0.018379539251 -0.134329915047 -0.002207613084 -0.887860178947 -0.294836044312 0.353229612112
1413393254.755760431290 0.830152630806 -0.019446447492 -0.142657995224 -0.003530249465 -0.889593839645 -0.288198560476 0.354333132505
1413393254.805760622025 0.829889059067 -0.021715372801 -0.150730431080 -0.004057137761 -0.891145646572 -0.283231675625 0.354433029890
1413393254.855760574341 0.828934073448 -0.023031309247 -0.159214258194 -0.004862731788 -0.892480075359 -0.279731065035 0.353844940662
1413393254.905760526657 0.828863024712 -0.024305120111 -0.166701793671 -0.004875818733 -0.893998920918 -0.275196999311 0.353565782309
1413393254.955760478973 0.827968716621 -0.025610178709 -0.174581825733 -0.005882909987 -0.895093858242 -0.272927582264 0.352537781000
1413393255.005760669708 0.827746331692 -0.026755645871 -0.182076156139 -0.005736977793 -0.895720899105 -0.272236794233 0.351480185986
1413393255.055760383606 0.827776551247 -0.028380006552 -0.188753545284 -0.007304476574 -0.896692812443 -0.270526528358 0.350291341543
1413393255.105760574341 0.826909899712 -0.029272809625 -0.196712791920 -0.009868822061 -0.897644639015 -0.268743485212 0.349161386490
1413393255.155760526657 0.826492667198 -0.030766293406 -0.202555954456 -0.014270184562 -0.898674607277 -0.266772419214 0.347868949175
1413393255.205760717392 0.826574385166 -0.030643150210 -0.210523664951 -0.018565315753 -0.899441719055 -0.264863491058 0.347141504288
1413393255.255760431290 0.825991749763 -0.032077148557 -0.216434657574 -0.022054018453 -0.900069713593 -0.263875097036 0.346060752869
1413393255.305760622025 0.825541794300 -0.032786577940 -0.221843838692 -0.024982651696 -0.900648891926 -0.263102740049 0.344941318035
1413393255.355760574341 0.824939906597 -0.033172473311 -0.227804481983 -0.027008524165 -0.900721788406 -0.263138294220 0.344570934772
1413393255.405760526657 0.824216067791 -0.032632976770 -0.233322918415 -0.028109552339 -0.901009500027 -0.262291014194 0.344376474619
1413393255.455760478973 0.822717726231 -0.032634809613 -0.237874269485 -0.029155338183 -0.901077508926 -0.262103527784 0.344254285097
1413393255.505760669708 0.821652233601 -0.032006442547 -0.242132186890 -0.029534975067 -0.901001155376 -0.261506348848 0.344875305891
1413393255.555760383606 0.819820523262 -0.033264234662 -0.245538651943 -0.029050648212 -0.900419294834 -0.262395501137 0.345759809017
1413393255.605760574341 0.818253636360 -0.032202139497 -0.249499142170 -0.027628073469 -0.899637758732 -0.263228744268 0.347274124622
1413393255.655760526657 0.815754830837 -0.033212155104 -0.252503097057 -0.026716306806 -0.898803770542 -0.264248371124 0.348727434874
1413393255.705760717392 0.813449740410 -0.033596441150 -0.255053877831 -0.025848876685 -0.897621273994 -0.265975862741 0.350520730019
1413393255.755760431290 0.811079084873 -0.032649204135 -0.257837951183 -0.024841517210 -0.895909845829 -0.269140064716 0.352550834417
1413393255.805760622025 0.808261632919 -0.032391533256 -0.260539412498 -0.023627681658 -0.894231319427 -0.271844983101 0.354813188314
1413393255.855760574341 0.805570781231 -0.031577005982 -0.262925863266 -0.023030659184 -0.891816496849 -0.276890188456 0.357022106647
1413393255.905760526657 0.802558720112 -0.032191395760 -0.264278590679 -0.019823605195 -0.889522731304 -0.282532483339 0.358513265848
1413393255.955760478973 0.799454569817 -0.031551659107 -0.266826629639 -0.014586492442 -0.887658894062 -0.286271274090 0.360413223505
1413393256.005760669708 0.796698272228 -0.029726430774 -0.268264353275 -0.010390168987 -0.886355102062 -0.288488626480 0.361995905638
1413393256.055760383606 0.793195068836 -0.029836639762 -0.271319329739 -0.006581884809 -0.885122120380 -0.290554553270 0.363446861506
1413393256.105760574341 0.789780676365 -0.028667584062 -0.273087859154 -0.004399605561 -0.884511947632 -0.290946483612 0.364649653435
1413393256.155760526657 0.786388516426 -0.027134999633 -0.275111973286 -0.003266317770 -0.884114146233 -0.291208058596 0.365416765213
1413393256.205760717392 0.783173978329 -0.025635749102 -0.278518497944 -0.003999759909 -0.883893191814 -0.290787160397 0.366278111935
1413393256.255760431290 0.780014157295 -0.023916035891 -0.281448900700 -0.005860426463 -0.883624613285 -0.290468722582 0.367152720690
1413393256.305760622025 0.776966810226 -0.022110164165 -0.284978747368 -0.007377382368 -0.883543968201 -0.290250837803 0.367491602898
1413393256.355760574341 0.773726344109 -0.020849123597 -0.288648068905 -0.010629902594 -0.883520066738 -0.290199100971 0.367510288954
1413393256.405760526657 0.770422816277 -0.019175305963 -0.292856156826 -0.013775385916 -0.883181810379 -0.291022181511 0.367567986250
1413393256.455760478973 0.766098916531 -0.018973797560 -0.297223210335 -0.018716514111 -0.883496105671 -0.290731668472 0.366823375225
1413393256.505760669708 0.763225436211 -0.019276469946 -0.301500201225 -0.023290036246 -0.883891999722 -0.289729624987 0.366400420666
1413393256.555760383606 0.759224712849 -0.018729209900 -0.306873351336 -0.025363119319 -0.884060144424 -0.290119498968 0.365547537804
1413393256.605760574341 0.754715144634 -0.019166037440 -0.311302334070 -0.022625742480 -0.884614408016 -0.290961980820 0.363712221384
1413393256.655760526657 0.750680148602 -0.019540891051 -0.316122263670 -0.017209641635 -0.885147690773 -0.291321694851 0.362421125174
1413393256.705760717392 0.746177136898 -0.019609406590 -0.320560604334 -0.012565271929 -0.885811448097 -0.291678905487 0.360698759556
1413393256.755760431290 0.741315960884 -0.017621889710 -0.326717942953 -0.008877545595 -0.886351048946 -0.292045950890 0.359182775021
1413393256.805760622025 0.736477613449 -0.016052260995 -0.332020580769 -0.005713853519 -0.887112200260 -0.291724801064 0.357625484467
1413393256.855760574341 0.732026875019 -0.013731852174 -0.337502002716 -0.003445403650 -0.887749254704 -0.291711956263 0.356080830097
1413393256.905760526657 0.727411508560 -0.011554040015 -0.342610359192 -0.004056065343 -0.888801097870 -0.290987998247 0.354036897421
1413393256.955760478973 0.722419977188 -0.007438540459 -0.348230421543 -0.006188688800 -0.889757275581 -0.289784818888 0.352588385344
1413393257.005760669708 0.717916667461 -0.003912329674 -0.354223161936 -0.009177458473 -0.890744447708 -0.288487434387 0.351091325283
1413393257.055760383606 0.714405417442 -0.001072213054 -0.360871970654 -0.009832036681 -0.891070127487 -0.288193792105 0.350487858057
1413393257.105760574341 0.709746599197 0.002049468458 -0.367083907127 -0.011806440540 -0.892004549503 -0.286565601826 0.349383294582
1413393257.155760526657 0.704873979092 0.006673343480 -0.372785061598 -0.014139608480 -0.892352104187 -0.286045163870 0.348835140467
1413393257.205760717392 0.700696885586 0.011459633708 -0.378312945366 -0.014889239334 -0.892839550972 -0.284720838070 0.348640143871
1413393257.255760431290 0.696216404438 0.014061227441 -0.386218398809 -0.016161778942 -0.892223358154 -0.286134332418 0.349003463984
1413393257.305760622025 0.690718233585 0.017212279141 -0.392524629831 -0.015884405002 -0.892670750618 -0.284958422184 0.348834306002
1413393257.355760574341 0.685591220856 0.020637139678 -0.399178624153 -0.015810951591 -0.892644703388 -0.284894049168 0.348956793547
1413393257.405760526657 0.681090950966 0.024991311133 -0.405132055283 -0.015444978140 -0.892748117447 -0.283998429775 0.349438339472
1413393257.455760478973 0.675819873810 0.029079519212 -0.410916209221 -0.015274142846 -0.892568349838 -0.284185111523 0.349753171206
1413393257.505760669708 0.671492218971 0.032439872622 -0.417824447155 -0.016877356917 -0.892237961292 -0.283778399229 0.350851088762
1413393257.555760383606 0.666140615940 0.035838410258 -0.424364060163 -0.016205357388 -0.892022013664 -0.283454209566 0.351692736149
1413393257.605760574341 0.660764873028 0.038987174630 -0.431180179119 -0.017092105001 -0.891867280006 -0.282237529755 0.353019237518
1413393257.655760526657 0.654984712601 0.042939662933 -0.438117861748 -0.018427334726 -0.891473889351 -0.281643927097 0.354417175055
1413393257.705760717392 0.649277687073 0.047450423241 -0.443272531033 -0.018355537206 -0.890951514244 -0.281764447689 0.355636477470
1413393257.755760431290 0.643862068653 0.050654083490 -0.449689358473 -0.017686512321 -0.890388607979 -0.281639307737 0.357175886631
1413393257.805760622025 0.637000262737 0.054628275335 -0.454696655273 -0.015466955490 -0.889959216118 -0.282227873802 0.357883751392
1413393257.855760574341 0.631070017815 0.058840069920 -0.461600840092 -0.011390695348 -0.888732135296 -0.284293383360 0.359447836876
1413393257.905760526657 0.625605642796 0.062682189047 -0.467609941959 -0.007212642580 -0.887695848942 -0.285686969757 0.361008256674
1413393257.955760478973 0.619496166706 0.066405527294 -0.473642140627 -0.003414564999 -0.887149155140 -0.286366820335 0.361868590117
1413393258.005760669708 0.613959133625 0.069528967142 -0.481390774250 -0.000838180247 -0.886535346508 -0.286747694016 0.363084375858
1413393258.055760383606 0.608254313469 0.072557218373 -0.488435000181 0.001211409108 -0.886077344418 -0.287189275026 0.363851279020
1413393258.105760574341 0.602962076664 0.075520500541 -0.494916021824 0.001280845143 -0.886230170727 -0.286513954401 0.364011347294
1413393258.155760526657 0.598002731800 0.079271510243 -0.502142429352 0.001598447561 -0.886959135532 -0.286024987698 0.362616419792
1413393258.205760717392 0.593074142933 0.081181518734 -0.509178221226 0.000837716041 -0.888035774231 -0.286570400000 0.359540194273
1413393258.255760431290 0.587812721729 0.085657186806 -0.516577780247 0.001708094613 -0.890955686569 -0.282976001501 0.355133384466
1413393258.305760622025 0.583020687103 0.087887063622 -0.523173689842 0.004233871587 -0.894770920277 -0.277938067913 0.349453091621
1413393258.355760574341 0.579596102238 0.089224353433 -0.531469166279 0.006300903391 -0.899159669876 -0.271665662527 0.343030571938
1413393258.405760526657 0.575241565704 0.091819643974 -0.538829445839 0.005872336682 -0.903789639473 -0.266852974892 0.334543615580
1413393258.455760478973 0.572416305542 0.094489105046 -0.547783613205 0.004871507641 -0.907707929611 -0.264600723982 0.325621008873
1413393258.505760669708 0.569219887257 0.094950154424 -0.555073916912 0.000977291027 -0.912285327911 -0.262517482042 0.314355105162
1413393258.555760383606 0.566699147224 0.098116859794 -0.561447620392 -0.001603391371 -0.917444169521 -0.259481787682 0.301600456238
1413393258.605760574341 0.564582407475 0.100071549416 -0.565925002098 -0.002475162968 -0.922218799591 -0.258939385414 0.287153035402
1413393258.655760526657 0.562517464161 0.100177280605 -0.571676611900 -0.002737432718 -0.925633132458 -0.262947291136 0.272129714489
1413393258.705760717392 0.562183201313 0.103124238551 -0.577691793442 -0.002753897803 -0.928474485874 -0.268061786890 0.257041901350
1413393258.755760431290 0.560710310936 0.104790799320 -0.583199143410 -0.004165151156 -0.930670320988 -0.274393528700 0.241957902908
1413393258.805760622025 0.559649705887 0.106266349554 -0.587801098824 -0.006450712681 -0.933173298836 -0.279464066029 0.225933194160
1413393258.855760574341 0.559852659702 0.110541246831 -0.593490660191 -0.009398094378 -0.936033189297 -0.281713277102 0.210692122579
1413393258.905760526657 0.558327138424 0.111138232052 -0.597425758839 -0.009461378679 -0.938169121742 -0.286311984062 0.194356992841
1413393258.955760478973 0.557496428490 0.113105021417 -0.601786613464 -0.008199092001 -0.940162062645 -0.290436536074 0.177973970771
1413393259.005760669708 0.555744469166 0.113931469619 -0.605796575546 -0.006749476772 -0.942221522331 -0.293661177158 0.161047354341
1413393259.055760383606 0.554585278034 0.114365860820 -0.609559893608 -0.005844537634 -0.944182813168 -0.295876443386 0.144712850451
1413393259.105760574341 0.552825272083 0.114023506641 -0.615617573261 -0.005873274524 -0.945657908916 -0.299061477184 0.127510219812
1413393259.155760526657 0.551775991917 0.116151496768 -0.619496941566 -0.004586663563 -0.947613477707 -0.299602150917 0.110662430525
1413393259.205760717392 0.550203204155 0.117485001683 -0.623313426971 -0.004347645678 -0.949425518513 -0.299523890018 0.094116196036
1413393259.255760431290 0.549113750458 0.121654883027 -0.626142501831 -0.003713663202 -0.951481640339 -0.297820299864 0.077278345823
1413393259.305760622025 0.547720849514 0.122829422355 -0.631112456322 -0.003691006918 -0.952486872673 -0.298529267311 0.060294255614
1413393259.355760574341 0.546348929405 0.124461933970 -0.635938525200 -0.003401526716 -0.953181445599 -0.299116790295 0.044302605093
1413393259.405760526657 0.544951379299 0.126007899642 -0.639504730701 -0.003025440034 -0.954034209251 -0.298394858837 0.027750516310
1413393259.455760478973 0.543638646603 0.128018528223 -0.644781947136 -0.003035661532 -0.954804599285 -0.297031521797 0.010548085906
1413393259.505760669708 0.542017579079 0.127298414707 -0.650854468346 0.002114508767 0.954488933086 0.298174113035 0.006214824039
1413393259.555760383606 0.540823400021 0.130871146917 -0.653891324997 0.000612525386 0.954978764057 0.295686274767 0.024183694273
1413393259.605760574341 0.540755748749 0.126499652863 -0.664235532284 -0.000556313433 0.953261375427 0.299497723579 0.039919599891
1413393259.655760526657 0.540840983391 0.128296166658 -0.668637752533 -0.001831679838 0.952637553215 0.298772007227 0.056689660996
1413393259.705760717392 0.539391040802 0.127480566502 -0.675483524799 -0.002794066444 0.951125085354 0.299580603838 0.074864700437
1413393259.755760431290 0.538061857224 0.128660351038 -0.680910050869 -0.003450493328 0.949859678745 0.298713147640 0.092332094908
1413393259.805760622025 0.536193132401 0.129877030849 -0.686009407043 -0.004384092521 0.948763310909 0.296308726072 0.109682075679
1413393259.855760574341 0.534540534019 0.130382448435 -0.692004859447 -0.005376501009 0.947173655033 0.294627696276 0.126600459218
1413393259.905760526657 0.533055603504 0.131250858307 -0.698056757450 -0.005916817579 0.945517897606 0.292606979609 0.142625659704
1413393259.955760478973 0.531688511372 0.132371068001 -0.704199075699 -0.006780932657 0.943572700024 0.290834844112 0.158239349723
1413393260.005760669708 0.530923426151 0.133993178606 -0.709097921848 -0.007302426733 0.941912174225 0.287801593542 0.172969415784
1413393260.055760383606 0.528670549393 0.131121784449 -0.718856096268 -0.007332111709 0.938490152359 0.289972931147 0.187345013022
1413393260.105760574341 0.527095556259 0.131234019995 -0.725752949715 -0.006677404512 0.936145782471 0.287612527609 0.202152311802
1413393260.155760526657 0.525906205177 0.131964862347 -0.731799662113 -0.007161525544 0.933623492718 0.285691231489 0.216047212481
1413393260.205760717392 0.523408710957 0.131717711687 -0.739461898804 -0.006967609283 0.930523991585 0.284423351288 0.230607911944
1413393260.255760431290 0.522964179516 0.132312625647 -0.744966208935 -0.007521894295 0.927842676640 0.282262593508 0.243678629398
1413393260.305760622025 0.520995914936 0.132238537073 -0.752182185650 -0.007173353340 0.925846636295 0.276682168245 0.257300645113
1413393260.355760574341 0.516872167587 0.129369169474 -0.763846516609 -0.007679757662 0.923954308033 0.269942253828 0.270888507366
1413393260.405760526657 0.514789044857 0.130319237709 -0.771367907524 -0.011764586903 0.923998236656 0.258671879768 0.281385302544
1413393260.455760478973 0.513398528099 0.132399201393 -0.776350200176 -0.017531802878 0.925752043724 0.243866935372 0.288452327251
1413393260.505760669708 0.512037158012 0.134314179420 -0.781954109669 -0.024189041927 0.927512049675 0.229376882315 0.294147282839
1413393260.555760383606 0.505561590195 0.136727720499 -0.789950370789 -0.031314097345 0.927497148514 0.217822536826 0.302195131779
1413393260.605760574341 0.503682017326 0.140440717340 -0.792534708977 -0.038589306176 0.928964018822 0.206267803907 0.304943114519
1413393260.655760526657 0.502414584160 0.143447235227 -0.793880701065 -0.047486789525 0.928935706615 0.201236739755 0.307127445936
1413393260.705760717392 0.500591278076 0.146075665951 -0.795323729515 -0.055114042014 0.927902162075 0.198132932186 0.310971677303
1413393260.755760431290 0.499636501074 0.147387251258 -0.794392406940 -0.059808582067 0.924944341183 0.206646725535 0.313365578651
1413393260.805760622025 0.497911423445 0.148709148169 -0.792520403862 -0.062060739845 0.920966684818 0.219488292933 0.315901517868
1413393260.855760574341 0.496659040451 0.147878646851 -0.791442871094 -0.056616336107 0.916157662868 0.235685646534 0.319220960140
1413393260.905760526657 0.497406005859 0.148270666599 -0.786737561226 -0.049055241048 0.912940323353 0.248336151242 0.320098042488
1413393260.955760478973 0.498372793198 0.147585242987 -0.782295525074 -0.040723603219 0.909557402134 0.261129826307 0.320715188980
1413393261.005760669708 0.498674094677 0.146774172783 -0.778877794743 -0.033524606377 0.906385064125 0.271763920784 0.321693360806
1413393261.055760383606 0.498794734478 0.145949423313 -0.775554358959 -0.028078880161 0.903724670410 0.280495673418 0.322204142809
1413393261.105760574341 0.500027298927 0.144760370255 -0.771441996098 -0.024330055341 0.901633083820 0.288252860308 0.321521580219
1413393261.155760526657 0.502441763878 0.143516749144 -0.767448902130 -0.024272792041 0.900204956532 0.294678360224 0.319697648287
1413393261.205760717392 0.504019498825 0.143325209618 -0.762331604958 -0.024648658931 0.899244070053 0.298397690058 0.318922370672
1413393261.255760431290 0.506229221821 0.142716258764 -0.759362399578 -0.024776736274 0.898923099041 0.300497204065 0.317843973637
1413393261.305760622025 0.508843481541 0.141030639410 -0.757108271122 -0.024473922327 0.899152934551 0.299005061388 0.318623661995
1413393261.355760574341 0.511466622353 0.140152335167 -0.754656553268 -0.023384394124 0.899382948875 0.294952571392 0.321817398071
1413393261.405760526657 0.514772772789 0.139178127050 -0.752092480659 -0.022733034566 0.899276077747 0.291028350592 0.325711846352
1413393261.455760478973 0.517811179161 0.138005584478 -0.750303089619 -0.022766400129 0.898160338402 0.287298411131 0.332038074732
1413393261.505760669708 0.522173762321 0.137319147587 -0.746919572353 -0.019212232903 0.895951390266 0.286349296570 0.338977992535
1413393261.555760383606 0.525126874447 0.136165052652 -0.745555996895 -0.013273503631 0.892146766186 0.287302762270 0.348360747099
1413393261.605760574341 0.529308497906 0.135574370623 -0.742723464966 -0.005881990772 0.887938916683 0.289305955172 0.357535928488
1413393261.655760526657 0.532451391220 0.133859306574 -0.742524027824 -0.000920754042 0.881815433502 0.292999207973 0.369529694319
1413393261.705760717392 0.535208225250 0.133779078722 -0.741119980812 0.003336956725 0.875713944435 0.295212596655 0.382051676512
1413393261.755760431290 0.541526079178 0.130901515484 -0.738282680511 0.005597610027 0.870050489902 0.298362821341 0.392378091812
1413393261.805760622025 0.545119702816 0.131265461445 -0.738011717796 0.006935602520 0.863658845425 0.298472821712 0.406151771545
1413393261.855760574341 0.547942757607 0.129308372736 -0.738632857800 0.005921884906 0.857366085052 0.296456009150 0.420716375113
1413393261.905760526657 0.550399899483 0.129050225019 -0.740657985210 0.002581259701 0.853935301304 0.288667559624 0.432965368032
1413393261.955760478973 0.553922951221 0.128860533237 -0.742153465748 0.000748032646 0.851280808449 0.280985981226 0.443133562803
1413393262.005760669708 0.557465195656 0.129138678312 -0.743900895119 -0.002778449561 0.848972320557 0.274007469416 0.451838642359
1413393262.055760383606 0.561657309532 0.127595812082 -0.746028602123 -0.005031001288 0.847157597542 0.268775939941 0.458321183920
1413393262.105760574341 0.564087986946 0.127487093210 -0.749838232994 -0.006934612989 0.844531953335 0.264449000359 0.465601176023
1413393262.155760526657 0.567930102348 0.124877184629 -0.751144468784 -0.006945261266 0.842914223671 0.262471377850 0.469634026289
1413393262.205760717392 0.571306705475 0.124286890030 -0.754547238350 -0.009357126430 0.841612517834 0.260264396667 0.473141998053
1413393262.255760431290 0.573625862598 0.124995261431 -0.756539404392 -0.009169017896 0.840959489346 0.257600575686 0.475757271051
1413393262.305760622025 0.577290117741 0.123601347208 -0.760505139828 -0.011446259916 0.839364767075 0.259009659290 0.477754890919
1413393262.355760574341 0.579743206501 0.124550431967 -0.762356460094 -0.013324497268 0.839400589466 0.256875902414 0.478794187307
1413393262.405760526657 0.585606157780 0.122861891985 -0.765397548676 -0.014191958122 0.839555323124 0.258186787367 0.477791875601
1413393262.455760478973 0.588215649128 0.122585564852 -0.768345415592 -0.014092297293 0.839222967625 0.258464545012 0.478228271008
1413393262.505760669708 0.591704726219 0.121088892221 -0.773027360439 -0.014902469702 0.838478147984 0.259157717228 0.479134351015
1413393262.555760383606 0.595594763756 0.121291756630 -0.775211036205 -0.016099728644 0.838760495186 0.258726000786 0.478834629059
1413393262.605760574341 0.597511291504 0.122842639685 -0.780589640141 -0.016311161220 0.837772548199 0.258487164974 0.480682313442
1413393262.655760526657 0.601157903671 0.124695897102 -0.780552685261 -0.016174731776 0.838759362698 0.257619559765 0.479430139065
1413393262.705760717392 0.605605304241 0.126726537943 -0.783053815365 -0.016365434974 0.838797092438 0.258043438196 0.479129612446
1413393262.755760431290 0.609709084034 0.129648625851 -0.784981489182 -0.017287716269 0.838823139668 0.258245527744 0.478942751884
1413393262.805760622025 0.612656533718 0.134000629187 -0.787189960480 -0.016989422962 0.838569581509 0.258113563061 0.479468256235
1413393262.855760574341 0.617097735405 0.137239724398 -0.790259838104 -0.016973266378 0.837866663933 0.259538769722 0.479928106070
1413393262.905760526657 0.621263742447 0.140819698572 -0.791425406933 -0.016067663208 0.837833106518 0.259700715542 0.479930222034
1413393262.955760478973 0.625089943409 0.144399076700 -0.793697595596 -0.015067085624 0.836948454380 0.261600762606 0.480474084616
1413393263.005760669708 0.628725886345 0.147381514311 -0.797669649124 -0.014028146863 0.835652887821 0.263119846582 0.481928855181
1413393263.055760383606 0.630489528179 0.149815052748 -0.798682332039 -0.010378041305 0.834225475788 0.264480799437 0.483745872974
1413393263.105760574341 0.635332584381 0.152703225613 -0.800261616707 -0.009515970014 0.833511352539 0.266800314188 0.483720809221
1413393263.155760526657 0.638311505318 0.156760811806 -0.803765177727 -0.005814415403 0.832575142384 0.267099708319 0.485224217176
1413393263.205760717392 0.643389225006 0.158974468708 -0.805222392082 -0.004655991215 0.832348465919 0.268624067307 0.484783977270
1413393263.255760431290 0.651881039143 0.161728411913 -0.808609962463 -0.004148653708 0.833566784859 0.269168049097 0.482387691736
1413393263.305760622025 0.655966460705 0.164010077715 -0.812141478062 -0.003032999346 0.833608567715 0.268620699644 0.482628762722
1413393263.355760574341 0.660619854927 0.165804654360 -0.814099013805 -0.002509446582 0.834054291248 0.268377274275 0.481996625662
1413393263.405760526657 0.664770543575 0.167482912540 -0.817755699158 -0.001632644678 0.834022402763 0.269870907068 0.481221050024
1413393263.455760478973 0.668894469738 0.170897096395 -0.822622299194 -0.003013677429 0.834310770035 0.268315136433 0.481584280729
1413393263.505760669708 0.672963261604 0.173719167709 -0.825822591782 -0.004445366096 0.835489213467 0.266436189413 0.480572372675
1413393263.555760383606 0.676380932331 0.178167641163 -0.828701794147 -0.004265648779 0.837623775005 0.261446177959 0.479597836733
1413393263.605760574341 0.680275976658 0.181770890951 -0.834500730038 -0.004810799379 0.838634133339 0.257290273905 0.480074346066
1413393263.655760526657 0.684801995754 0.186128854752 -0.836676120758 -0.004355418496 0.841693580151 0.250264495611 0.478435635567
1413393263.705760717392 0.688441216946 0.190912276506 -0.841587126255 -0.002303213580 0.842335700989 0.245093300939 0.479994356632
1413393263.755760431290 0.693842232227 0.195031851530 -0.844252049923 -0.003575773444 0.842874944210 0.241151437163 0.481035470963
1413393263.805760622025 0.696728229523 0.200665652752 -0.845992207527 -0.003902232740 0.842713415623 0.235249042511 0.484227985144
1413393263.855760574341 0.699721634388 0.205956771970 -0.849914610386 -0.004102875479 0.839829206467 0.232987985015 0.490292429924
1413393263.905760526657 0.700789690018 0.211669236422 -0.851750075817 -0.003871682798 0.836925745010 0.229632243514 0.496799200773
1413393263.955760478973 0.703408658504 0.216335535049 -0.853332996368 -0.003735700389 0.833661675453 0.226945057511 0.503478109837
1413393264.005760669708 0.704490363598 0.221577361226 -0.854626715183 -0.004574074876 0.829668402672 0.226109877229 0.510395646095
1413393264.055760383606 0.706223905087 0.225446119905 -0.855492651463 -0.004771101754 0.825434029102 0.229103982449 0.515894532204
1413393264.105760574341 0.708356678486 0.230070382357 -0.854749321938 -0.008035543375 0.822188079357 0.233116805553 0.519228994846
1413393264.155760526657 0.708852648735 0.233565226197 -0.856384098530 -0.010730430484 0.817707359791 0.239440575242 0.523361921310
1413393264.205760717392 0.710494041443 0.236598923802 -0.855030775070 -0.014306787401 0.814799308777 0.246407076716 0.524576961994
1413393264.255760431290 0.711272716522 0.239868909121 -0.855580210686 -0.019462352619 0.812186479568 0.251262456179 0.526157319546
1413393264.305760622025 0.709871351719 0.243507504463 -0.856908559799 -0.021352443844 0.809236705303 0.255804687738 0.528435409069
1413393264.355760574341 0.710979282856 0.246310234070 -0.857371747494 -0.025869065896 0.808366239071 0.258933067322 0.528042137623
1413393264.405760526657 0.712090551853 0.248668342829 -0.858050048351 -0.029495775700 0.807393014431 0.262291401625 0.527683496475
1413393264.455760478973 0.712355732918 0.252525448799 -0.858259975910 -0.028912167996 0.807526409626 0.261858940125 0.527726352215
1413393264.505760669708 0.714552938938 0.254246771336 -0.858715355396 -0.029275164008 0.808114349842 0.263119339943 0.526177167892
1413393264.555760383606 0.716344594955 0.256629049778 -0.859644651413 -0.028938412666 0.808939695358 0.262868583202 0.525051653385
1413393264.605760574341 0.718892514706 0.258749276400 -0.859374403954 -0.025640271604 0.810760915279 0.261306405067 0.523190498352
1413393264.655760526657 0.721375524998 0.260902792215 -0.860563755035 -0.023377345875 0.811554253101 0.261203080416 0.522117018700
1413393264.705760717392 0.724467337132 0.262387990952 -0.861274003983 -0.019884260371 0.811817288399 0.260976552963 0.521966099739
1413393264.755760431290 0.727697670460 0.263817280531 -0.861332476139 -0.018583022058 0.811096489429 0.261784791946 0.522729277611
1413393264.805760622025 0.731403410435 0.265875101089 -0.861849546432 -0.017819432542 0.811382889748 0.260357201099 0.523024260998
1413393264.855760574341 0.734876513481 0.268233388662 -0.861640393734 -0.018788756803 0.811382889748 0.259086817503 0.523620903492
1413393264.905760526657 0.737881720066 0.270355343819 -0.862469732761 -0.020444367081 0.811392009258 0.257390737534 0.524380683899
1413393264.955760478973 0.741246640682 0.272522628307 -0.862862229347 -0.022070899606 0.811518788338 0.256819933653 0.524398386478
1413393265.005760669708 0.743146240711 0.274740993977 -0.864802777767 -0.023120874539 0.810507297516 0.256163477898 0.526235222816
1413393265.055760383606 0.746708989143 0.276870161295 -0.865551114082 -0.023339010775 0.811266183853 0.253569066525 0.526312828064
1413393265.105760574341 0.750609338284 0.278932034969 -0.866014063358 -0.022995678708 0.812147974968 0.251889675856 0.525774121284
1413393265.155760526657 0.754246234894 0.280885785818 -0.866655886173 -0.019790561870 0.814202070236 0.245268553495 0.525858163834
1413393265.205760717392 0.758297801018 0.282366693020 -0.867642223835 -0.014969996177 0.817025601864 0.236900940537 0.525474131107
1413393265.255760431290 0.762285709381 0.283685743809 -0.867022812366 -0.011325623840 0.820195317268 0.228981688619 0.524136245251
1413393265.305760622025 0.765610814095 0.284987151623 -0.866256356239 -0.004739885684 0.822155475616 0.223231151700 0.523646593094
1413393265.355760574341 0.768882215023 0.285750627518 -0.865729033947 0.003160190536 0.822601318359 0.223306581378 0.522925734520
1413393265.405760526657 0.771189212799 0.286435723305 -0.865708887577 0.008742186241 0.821642398834 0.227183505893 0.522699713707
1413393265.455760478973 0.772785842419 0.287102431059 -0.866170108318 0.010707023554 0.819206058979 0.233938649297 0.523506820202
1413393265.505760669708 0.774053275585 0.287667393684 -0.865674793720 0.012399253435 0.816710650921 0.241734609008 0.523826658726
1413393265.555760383606 0.775307655334 0.288006842136 -0.864379525185 0.009085682221 0.814577519894 0.247044235468 0.524738073349
1413393265.605760574341 0.774250090122 0.287723571062 -0.865023136139 0.002621840918 0.811340510845 0.247952923179 0.529376208782
1413393265.655760526657 0.774401068687 0.287632167339 -0.864411771297 -0.005808457267 0.809227049351 0.246216401458 0.533381044865
1413393265.705760717392 0.774286389351 0.287430495024 -0.864304304123 -0.011519221589 0.805929183960 0.244304105639 0.539129853249
1413393265.755760431290 0.774127244949 0.287179231644 -0.863469064236 -0.016740219668 0.802277207375 0.241947010159 0.545465528965
1413393265.805760622025 0.773428261280 0.286922216415 -0.863658487797 -0.019903266802 0.798060894012 0.238783553243 0.552887976170
1413393265.855760574341 0.772197484970 0.286690592766 -0.864718377590 -0.021500945091 0.792095899582 0.236341625452 0.562373936176
1413393265.905760526657 0.771196305752 0.286357104778 -0.865325808525 -0.022047407925 0.785871028900 0.234437137842 0.571804106236
1413393265.955760478973 0.773003458977 0.283692985773 -0.860306501389 -0.024147402495 0.782299637794 0.233682483435 0.576902687550
1413393266.005760669708 0.772418439388 0.282159775496 -0.858891606331 -0.023322919384 0.775548577309 0.231546923518 0.586827576160
1413393266.055760383606 0.771445274353 0.281667560339 -0.857109606266 -0.020633999258 0.767489194870 0.230117365718 0.597980499268
1413393266.105760574341 0.771913170815 0.278089672327 -0.855859875679 -0.021572627127 0.758883476257 0.227721542120 0.609732329845
1413393266.155760526657 0.771553575993 0.275094985962 -0.854113519192 -0.021494451910 0.749230384827 0.223717749119 0.623010575771
1413393266.205760717392 0.772720217705 0.271800905466 -0.851636052132 -0.021761510521 0.738727986813 0.220896214247 0.636405766010
1413393266.255760431290 0.772639989853 0.267505854368 -0.850021898746 -0.022256843746 0.726251661777 0.218543320894 0.651384711266
1413393266.305760622025 0.772124588490 0.263851076365 -0.847248971462 -0.021186009049 0.712686300278 0.213944360614 0.667725384235
1413393266.355760574341 0.773765623569 0.258863091469 -0.846017420292 -0.022921146825 0.697014212608 0.210938408971 0.684945821762
1413393266.405760526657 0.772208213806 0.254844635725 -0.841162681580 -0.021855920553 0.682896375656 0.205384239554 0.700708329678
1413393266.455760478973 0.771378934383 0.251532852650 -0.840751469135 -0.022030388936 0.662549555302 0.198680013418 0.721851110458
1413393266.505760669708 0.771443545818 0.246065646410 -0.839203894138 -0.022225674242 0.642569243908 0.193813025951 0.740977287292
1413393266.555760383606 0.770039141178 0.243750959635 -0.839158415794 -0.018274918199 0.621167421341 0.185182109475 0.761265158653
1413393266.605760574341 0.769890904427 0.237695008516 -0.837887048721 -0.014518255368 0.601129055023 0.178119719028 0.778913676739
1413393266.655760526657 0.768927156925 0.238546192646 -0.837794840336 -0.008493679576 0.580627441406 0.167880624533 0.796627700329
1413393266.705760717392 0.769078016281 0.234512209892 -0.836549282074 -0.006374638528 0.562630355358 0.164158076048 0.810221314430
1413393266.755760431290 0.766460657120 0.234110385180 -0.832933843136 -0.002827258781 0.547824263573 0.157775536180 0.821576297283
1413393266.805760622025 0.767824053764 0.230367153883 -0.832044124603 -0.002744696336 0.531722605228 0.157063007355 0.832222759724
1413393266.855760574341 0.766590058804 0.230310529470 -0.831084609032 0.001258322271 0.519323050976 0.149731561542 0.841357588768
1413393266.905760526657 0.766142249107 0.230087652802 -0.832896590233 0.004247213714 0.507734477520 0.142537117004 0.849629819393
1413393266.955760478973 0.764167129993 0.227727293968 -0.833719491959 0.001074220170 0.498841315508 0.141610637307 0.855045437813
1413393267.005760669708 0.761820137501 0.225914046168 -0.834024667740 -0.000815615407 0.492867052555 0.138464167714 0.859016418457
1413393267.055760383606 0.758400261402 0.223052784801 -0.835048913956 -0.005220422056 0.487877935171 0.138733014464 0.861801087856
1413393267.105760574341 0.756051421165 0.222221583128 -0.838193178177 -0.002937855897 0.484597831964 0.135932058096 0.864105761051
1413393267.155760526657 0.753341495991 0.220724076033 -0.839880406857 -0.002965243068 0.483274251223 0.135474294424 0.864918470383
1413393267.205760717392 0.749641478062 0.220207154751 -0.843998610973 -0.002706759609 0.481383681297 0.133837640285 0.866227447987
1413393267.255760431290 0.747424185276 0.220058992505 -0.847755730152 -0.000749772415 0.480518192053 0.134084656835 0.866673529148
1413393267.305760622025 0.745604038239 0.219463571906 -0.850534200668 -0.001337087248 0.481033056974 0.134910047054 0.866259038448
1413393267.355760574341 0.745333373547 0.219347357750 -0.853027701378 -0.000595371588 0.482097417116 0.135458752513 0.865582287312
1413393267.405760526657 0.742150664330 0.217499241233 -0.854531168938 -0.001354854205 0.485092103481 0.135755524039 0.863860070705
1413393267.455760478973 0.741025447845 0.217833071947 -0.856778860092 -0.001601688098 0.487960129976 0.135217219591 0.862327456474
1413393267.505760669708 0.737542867661 0.214818373322 -0.856026947498 -0.004615375772 0.494758397341 0.134234175086 0.858588397503
1413393267.555760383606 0.736377179623 0.215041190386 -0.857754826546 -0.007655723952 0.498977869749 0.132479012012 0.856394708157
1413393267.605760574341 0.736807286739 0.213735401630 -0.859953522682 -0.012045603245 0.502179801464 0.133115157485 0.854371547699
1413393267.655760526657 0.735941052437 0.211488157511 -0.859512090683 -0.017243439332 0.507198691368 0.133456811309 0.851258814335
1413393267.705760717392 0.735463023186 0.214073568583 -0.861985146999 -0.018508674577 0.509198307991 0.132716044784 0.850153505802
1413393267.755760431290 0.734868764877 0.213741436601 -0.862124919891 -0.023265594617 0.512895107269 0.133915290236 0.847622573376
1413393267.805760622025 0.734685659409 0.212737426162 -0.862675786018 -0.028323605657 0.514690399170 0.135876327753 0.846066951752
1413393267.855760574341 0.734576702118 0.212922483683 -0.863127529621 -0.031876683235 0.516436159611 0.135562613606 0.844926238060
1413393267.905760526657 0.733945071697 0.212639436126 -0.863418936729 -0.035888969898 0.517598688602 0.136334046721 0.843929290771
1413393267.955760478973 0.733292162418 0.212462157011 -0.863843679428 -0.036885753274 0.516941726208 0.139279827476 0.843807995319
1413393268.005760669708 0.733465850353 0.213897064328 -0.866615295410 -0.034833397716 0.513876795769 0.145642116666 0.844692707062
1413393268.055760383606 0.732240498066 0.213348552585 -0.866841018200 -0.034112166613 0.512882888317 0.153839364648 0.843872666359
1413393268.105760574341 0.731491684914 0.213583022356 -0.866904616356 -0.034666977823 0.511668980122 0.158575057983 0.843710303307
1413393268.155760526657 0.730903685093 0.214856788516 -0.868162453175 -0.034128159285 0.509858846664 0.165091812611 0.843577980995
1413393268.205760717392 0.730317592621 0.214827299118 -0.868975043297 -0.035389479250 0.509293258190 0.167860195041 0.843321442604
1413393268.255760431290 0.729356050491 0.214021548629 -0.869037926197 -0.039559733123 0.510045707226 0.167746320367 0.842703759670
1413393268.305760622025 0.728303849697 0.214772418141 -0.870162308216 -0.043661430478 0.510721445084 0.164377197623 0.842755854130
1413393268.355760574341 0.727591097355 0.215162351727 -0.870244383812 -0.049183711410 0.512855827808 0.161299318075 0.841749608517
1413393268.405760526657 0.726807415485 0.214936777949 -0.871574759483 -0.055916436017 0.513922214508 0.157303363085 0.841435074806
1413393268.455760478973 0.725775241852 0.215923577547 -0.870510935783 -0.058907732368 0.516436934471 0.154010966420 0.840299606323
1413393268.505760669708 0.724565446377 0.218186289072 -0.872604727745 -0.059382960200 0.516511142254 0.152272731066 0.840537309647
1413393268.555760383606 0.724510848522 0.218231886625 -0.873150587082 -0.058740861714 0.516039013863 0.155595079064 0.840263903141
1413393268.605760574341 0.725918650627 0.221975490451 -0.876539528370 -0.052641175687 0.513636171818 0.156663164496 0.841940283775
1413393268.655760526657 0.725754261017 0.221343308687 -0.876739501953 -0.048909150064 0.514038860798 0.159092456102 0.841463863850
1413393268.705760717392 0.725564301014 0.221538513899 -0.877161741257 -0.044761467725 0.514178156853 0.159968107939 0.841443657875
1413393268.755760431290 0.726062476635 0.220820516348 -0.876750230789 -0.042291268706 0.514341831207 0.161713629961 0.841137707233
1413393268.805760622025 0.725318074226 0.220429897308 -0.876817226410 -0.040999494493 0.514490902424 0.163366138935 0.840791106224
1413393268.855760574341 0.725618422031 0.220004469156 -0.877455949783 -0.038178496063 0.514366686344 0.163473457098 0.840979039669
1413393268.905760526657 0.725678443909 0.219915583730 -0.877460718155 -0.037080276757 0.514206051826 0.164513573050 0.840923666954
1413393268.955760478973 0.728739082813 0.225153803825 -0.883825242519 -0.030613124371 0.509754836559 0.161543160677 0.844462335110
1413393269.005760669708 0.728780925274 0.225134909153 -0.883299767971 -0.029696827754 0.512049555779 0.156038478017 0.844141781330
1413393269.055760383606 0.729949116707 0.225221529603 -0.882695615292 -0.030341681093 0.514405906200 0.149388119578 0.843889296055
1413393269.105760574341 0.730496466160 0.225352495909 -0.882317125797 -0.033342152834 0.516623497009 0.140430584550 0.843959569931
1413393269.155760526657 0.731006264687 0.225537657738 -0.881930768490 -0.035536643118 0.516787052155 0.134247362614 0.844775736332
1413393269.205760717392 0.733006060123 0.224452137947 -0.881228208542 -0.034537576139 0.513992547989 0.131039544940 0.847022712231
1413393269.255760431290 0.733308076859 0.224608272314 -0.880053341389 -0.029696291313 0.508423626423 0.130587279797 0.850629448891
1413393269.305760622025 0.732999861240 0.225126773119 -0.878136515617 -0.022664986551 0.502044081688 0.130642801523 0.854617238045
1413393269.355760574341 0.731570959091 0.224334552884 -0.876477956772 -0.014137423597 0.495404273272 0.129720091820 0.858805835247
1413393269.405760526657 0.732202470303 0.224646881223 -0.876576125622 -0.006380183157 0.486118733883 0.130658462644 0.864046454430
1413393269.455760478973 0.733144938946 0.227059781551 -0.877519071102 -0.000848241150 0.477194875479 0.129788592458 0.869160115719
1413393269.505760669708 0.733404397964 0.227403059602 -0.876891016960 0.001237754943 0.470234304667 0.133016362786 0.872459113598
1413393269.555760383606 0.733721196651 0.227326571941 -0.876372933388 -0.000253692589 0.464105725288 0.137769311666 0.875000238419
1413393269.605760574341 0.732100844383 0.227642893791 -0.873165786266 -0.002972389106 0.461713016033 0.143129557371 0.875400662422
1413393269.655760526657 0.730105221272 0.228898137808 -0.870938539505 -0.004680358805 0.459213852882 0.147677287459 0.875952184200
1413393269.705760717392 0.729153871536 0.231154292822 -0.869970083237 -0.007374100387 0.456166625023 0.152170807123 0.876756370068
1413393269.755760431290 0.727315306664 0.234172552824 -0.868584573269 -0.012223159894 0.453580081463 0.155187606812 0.877514958382
1413393269.805760622025 0.726097702980 0.236595317721 -0.867576420307 -0.018779488280 0.451898485422 0.158115610480 0.877744019032
1413393269.855760574341 0.724881112576 0.239344984293 -0.866324901581 -0.025095593184 0.451624870300 0.159456178546 0.877484440804
1413393269.905760526657 0.722895979881 0.246094837785 -0.866392493248 -0.029039938003 0.450887441635 0.155335903168 0.878480494022
1413393269.955760478973 0.721970736980 0.248992010951 -0.865821123123 -0.035144120455 0.451388955116 0.154016494751 0.878232240677
1413393270.005760669708 0.721006274223 0.251761704683 -0.865954816341 -0.041212227196 0.451313167810 0.152541190386 0.878264904022
1413393270.055760383606 0.715613424778 0.264107972383 -0.864085733891 -0.038503106683 0.452404290438 0.144903481007 0.879119336605
1413393270.105760574341 0.714502990246 0.267771452665 -0.864436388016 -0.041028846055 0.450957566500 0.147049963474 0.879392027855
1413393270.155760526657 0.713736951351 0.271637558937 -0.863826692104 -0.042340256274 0.449915796518 0.148353770375 0.879644453526
1413393270.205760717392 0.709501266479 0.282184720039 -0.862610220909 -0.039917897433 0.449700206518 0.143176376820 0.880725145340
1413393270.255760431290 0.708701848984 0.286214798689 -0.861494779587 -0.040686942637 0.449214071035 0.144317284226 0.880751848221
1413393270.305760622025 0.707871556282 0.289560735226 -0.860937476158 -0.040465060622 0.448008269072 0.145242393017 0.881224036217
1413393270.355760574341 0.706777811050 0.293610841036 -0.858777523041 -0.039776593447 0.449287980795 0.144690349698 0.880694568157
1413393270.405760526657 0.706419527531 0.297110646963 -0.858132421970 -0.038853578269 0.449839562178 0.147128060460 0.880050063133
1413393270.455760478973 0.706250667572 0.300010919571 -0.857201993465 -0.037243448198 0.451942890882 0.149315282702 0.878672599792
1413393270.505760669708 0.706608057022 0.303964257240 -0.856808960438 -0.035661119968 0.454461574554 0.151291474700 0.877099692822
1413393270.555760383606 0.707221686840 0.307292312384 -0.856178522110 -0.036201793700 0.459585368633 0.152578055859 0.874180018902
1413393270.605760574341 0.708160698414 0.310160040855 -0.855539739132 -0.036418419331 0.465392589569 0.153312608600 0.870964229107
1413393270.655760526657 0.707734882832 0.315750032663 -0.854172945023 -0.036706525832 0.472941815853 0.152348712087 0.867045938969
1413393270.705760717392 0.709251880646 0.317702591419 -0.853413939476 -0.038887031376 0.481300622225 0.149646952748 0.862811267376
1413393270.755760431290 0.711128592491 0.319003939629 -0.853621602058 -0.037944048643 0.487207859755 0.149446263909 0.859566509724
1413393270.805760622025 0.712078571320 0.319898247719 -0.853245973587 -0.039218980819 0.493313819170 0.147133737803 0.856419861317
1413393270.855760574341 0.713644206524 0.318375110626 -0.852602064610 -0.040349744260 0.499197214842 0.145821154118 0.853176534176
1413393270.905760526657 0.715159535408 0.316426455975 -0.852594077587 -0.042460210621 0.503368079662 0.144337117672 0.850872814655
1413393270.955760478973 0.717462599277 0.313097625971 -0.852649629116 -0.041392240673 0.507989525795 0.141538396478 0.848646104336
1413393271.005760669708 0.718506395817 0.309532135725 -0.852107524872 -0.043677773327 0.511925399303 0.139228299260 0.846546053886
1413393271.055760383606 0.720631718636 0.306320339441 -0.851534485817 -0.043701164424 0.514148116112 0.139429867268 0.845163404942
1413393271.105760574341 0.722418844700 0.304489821196 -0.850804030895 -0.042219068855 0.515939652920 0.138697654009 0.844267070293
1413393271.155760526657 0.723363518715 0.302784651518 -0.848516225815 -0.039280928671 0.518123924732 0.139017537236 0.843017697334
1413393271.205760717392 0.725260019302 0.301562964916 -0.847031593323 -0.038817048073 0.519540429115 0.138003632426 0.842333674431
1413393271.255760431290 0.726011216640 0.301789909601 -0.843527972698 -0.036834303290 0.522983610630 0.134043276310 0.840930342674
1413393271.305760622025 0.727677106857 0.302616119385 -0.840893387794 -0.036479398608 0.526302516460 0.129655182362 0.839562058449
1413393271.355760574341 0.729425549507 0.302603393793 -0.837536811829 -0.037605307996 0.530569016933 0.127860486507 0.837098598480
1413393271.405760526657 0.731399118900 0.302133172750 -0.834345221519 -0.037390485406 0.535354793072 0.127778217196 0.834068357944
1413393271.455760478973 0.733999669552 0.302599191666 -0.832971870899 -0.034660808742 0.538267254829 0.131827741861 0.831678092480
1413393271.505760669708 0.736290097237 0.303326308727 -0.832633674145 -0.031124994159 0.540766417980 0.136766925454 0.829396009445
1413393271.555760383606 0.732949256897 0.302784919739 -0.824569165707 -0.024903995916 0.549665689468 0.140986248851 0.823025107384
1413393271.605760574341 0.732042551041 0.302970498800 -0.819425344467 -0.020567167550 0.555057644844 0.143881753087 0.819015264511
1413393271.655760526657 0.731730759144 0.301955640316 -0.815735816956 -0.019362883642 0.559397518635 0.147968918085 0.815355598927
1413393271.705760717392 0.730261266232 0.300482481718 -0.811679601669 -0.020759234205 0.564840495586 0.152091130614 0.810797452927
1413393271.755760431290 0.729203402996 0.298136085272 -0.806805849075 -0.025647755712 0.571022748947 0.159184679389 0.804944396019
1413393271.805760622025 0.728194057941 0.296746104956 -0.803033947945 -0.028295695782 0.576491713524 0.165237650275 0.799720764160
1413393271.855760574341 0.727895200253 0.296786487103 -0.800818800926 -0.031141264364 0.580970287323 0.169574782252 0.795454621315
1413393271.905760526657 0.726548075676 0.294342249632 -0.796193659306 -0.032294511795 0.587502062321 0.171235427260 0.790238440037
1413393271.955760478973 0.725282788277 0.292806237936 -0.793007969856 -0.032260548323 0.592325508595 0.171921387315 0.786481261253
1413393272.005760669708 0.723445594311 0.291762232780 -0.788595318794 -0.030257791281 0.597267448902 0.170370370150 0.783153951168
1413393272.055760383606 0.721586406231 0.288301557302 -0.783379614353 -0.031426724046 0.601759016514 0.171171352267 0.779486238956
1413393272.105760574341 0.719428777695 0.285760283470 -0.778892517090 -0.031134564430 0.605235040188 0.170969307423 0.776846647263
1413393272.155760526657 0.718487858772 0.284052550793 -0.774672687054 -0.029560040683 0.608640491962 0.171038076282 0.774228036404
1413393272.205760717392 0.716031193733 0.281145483255 -0.767669796944 -0.025170633569 0.614912509918 0.171813532710 0.769239366055
1413393272.255760431290 0.714538753033 0.278061717749 -0.763496935368 -0.020651008934 0.618050932884 0.176989331841 0.765677094460
1413393272.305760622025 0.712814807892 0.276208072901 -0.758656799793 -0.016064291820 0.622761189938 0.179655686021 0.761337161064
1413393272.355760574341 0.712089836597 0.272385865450 -0.755605876446 -0.013256241567 0.626539766788 0.184937864542 0.757014036179
1413393272.405760526657 0.710116147995 0.269391983747 -0.750264883041 -0.012947774492 0.633038341999 0.187602266669 0.750932872295
1413393272.455760478973 0.708684921265 0.265903621912 -0.746586382389 -0.014492704533 0.639710962772 0.187939748168 0.745143294334
1413393272.505760669708 0.706465840340 0.262557297945 -0.742972731590 -0.014972466044 0.646752834320 0.188796460629 0.738811552525
1413393272.555760383606 0.703411340714 0.261396229267 -0.737349629402 -0.016417918727 0.655778765678 0.186506971717 0.731368482113
1413393272.605760574341 0.701182305813 0.260302782059 -0.734902381897 -0.017916889861 0.663182139397 0.184675768018 0.725095391273
1413393272.655760526657 0.698272526264 0.257674336433 -0.730785608292 -0.019912747666 0.671164631844 0.184695839882 0.717655181885
1413393272.705760717392 0.696304857731 0.253282070160 -0.726293444633 -0.023838581517 0.679293811321 0.186233699322 0.709442496300
1413393272.755760431290 0.694341957569 0.251268208027 -0.722565114498 -0.024554688483 0.686995923519 0.186988040805 0.701761543751
1413393272.805760622025 0.692561149597 0.247961431742 -0.718926429749 -0.026444666088 0.694601953030 0.188664868474 0.693710565567
1413393272.855760574341 0.691056251526 0.244283467531 -0.716942429543 -0.027585374191 0.701957166195 0.189570054412 0.685972630978
1413393272.905760526657 0.688982486725 0.241758406162 -0.712185442448 -0.026718059555 0.709851562977 0.190997004509 0.677434265614
1413393272.955760478973 0.686554253101 0.237698629498 -0.709443926811 -0.026678765193 0.715899765491 0.194407597184 0.670060813427
1413393273.005760669708 0.685391783714 0.233267724514 -0.704124093056 -0.026183834299 0.723961353302 0.198683351278 0.660090386868
1413393273.055760383606 0.682460784912 0.230076983571 -0.699864447117 -0.024047564715 0.730019807816 0.204485565424 0.651673555374
1413393273.105760574341 0.681336581707 0.226283222437 -0.694734096527 -0.024819565937 0.736979305744 0.210816964507 0.641717791557
1413393273.155760526657 0.679512023926 0.221729233861 -0.690775156021 -0.023460399359 0.743396997452 0.217093780637 0.632203161716
1413393273.205760717392 0.677624821663 0.218528449535 -0.686292171478 -0.023120153695 0.750362813473 0.222706422210 0.621950924397
1413393273.255760431290 0.676200330257 0.214371889830 -0.680619716644 -0.024751182646 0.757881820202 0.229157283902 0.610319137573
1413393273.305760622025 0.675636887550 0.209107935429 -0.676736235619 -0.024965060875 0.765028238297 0.236323013902 0.598548233509
1413393273.355760574341 0.672799408436 0.206248670816 -0.673442721367 -0.025364471599 0.772019207478 0.239765360951 0.588094890118
1413393273.405760526657 0.674094140530 0.200146377087 -0.667143583298 -0.025927767158 0.781195878983 0.243302777410 0.574338316917
1413393273.455760478973 0.672409951687 0.198805630207 -0.662376463413 -0.026811214164 0.788775265217 0.245171785355 0.563032567501
1413393273.505760669708 0.670174121857 0.197263345122 -0.659979701042 -0.024245429784 0.796234130859 0.244628161192 0.552793264389
1413393273.555760383606 0.670935273170 0.191389739513 -0.654160499573 -0.023493003100 0.805117070675 0.244555220008 0.539840221405
1413393273.605760574341 0.669746398926 0.187635719776 -0.650560200214 -0.020651865751 0.812559127808 0.243420556188 0.529214262962
1413393273.655760526657 0.669945240021 0.182468205690 -0.647327601910 -0.018425853923 0.819694101810 0.243430361152 0.518173575401
1413393273.705760717392 0.671551227570 0.178076088428 -0.643419802189 -0.017019059509 0.827134966850 0.243413999677 0.506268560886
1413393273.755760431290 0.669766783714 0.175024315715 -0.639285922050 -0.014644547366 0.833114385605 0.243061900139 0.496615380049
1413393273.805760622025 0.670104265213 0.170228943229 -0.634928941727 -0.014194144867 0.839309751987 0.245262980461 0.484978109598
1413393273.855760574341 0.668445825577 0.166166186333 -0.631568670273 -0.011605023406 0.843775868416 0.249541401863 0.475012332201
1413393273.905760526657 0.669631361961 0.160704821348 -0.627788722515 -0.011059246957 0.847994685173 0.255792975426 0.464061081409
1413393273.955760478973 0.666235208511 0.158087551594 -0.623924434185 -0.009087895975 0.852547168732 0.258984595537 0.453880757093
1413393274.005760669708 0.666693985462 0.154023170471 -0.620105087757 -0.008963176981 0.856965303421 0.263911962509 0.442584127188
1413393274.055760383606 0.666707575321 0.150115191936 -0.616092979908 -0.008576075546 0.861153423786 0.267942368984 0.431912183762
1413393274.105760574341 0.664534628391 0.146431773901 -0.612970530987 -0.006822510157 0.865417897701 0.270669907331 0.421595931053
1413393274.155760526657 0.665250062943 0.142029166222 -0.608238339424 -0.005605624523 0.870524704456 0.272789239883 0.409562528133
1413393274.205760717392 0.660921812057 0.138154149055 -0.607734620571 -0.002766726771 0.873474657536 0.275066256523 0.401712477207
1413393274.255760431290 0.662383913994 0.133948773146 -0.603765845299 -0.002066614572 0.878108799458 0.277804851532 0.389544755220
1413393274.305760622025 0.660791039467 0.130894392729 -0.600981652737 -0.000979899429 0.882403016090 0.278092026711 0.379511296749
1413393274.355760574341 0.660560131073 0.125930249691 -0.598106443882 -0.000753072614 0.886257112026 0.280149668455 0.368868440390
1413393274.405760526657 0.658468484879 0.122541636229 -0.596611559391 -0.000724370941 0.890087842941 0.281000345945 0.358861953020
1413393274.455760478973 0.658569753170 0.118404865265 -0.594698905945 -0.000885689165 0.894182980061 0.282463848591 0.347347497940
1413393274.505760669708 0.656719148159 0.115263372660 -0.593703150749 0.000307540438 0.897988498211 0.283009588718 0.336930453777
1413393274.555760383606 0.656392693520 0.113663107157 -0.591668426991 0.001300196629 0.901722252369 0.284718543291 0.325316220522
1413393274.605760574341 0.654653787613 0.112254530191 -0.590323686600 0.001673495164 0.905329048634 0.285583645105 0.314354240894
1413393274.655760526657 0.652866959572 0.111623585224 -0.588948667049 0.002129223663 0.908472299576 0.287440806627 0.303399622440
1413393274.705760717392 0.650020360947 0.112076848745 -0.588126540184 0.002305022907 0.911674857140 0.288108855486 0.292979329824
1413393274.755760431290 0.651091754436 0.113007605076 -0.584369957447 0.000263064867 0.916323304176 0.286370694637 0.279898792505
1413393274.805760622025 0.650455713272 0.113166987896 -0.583459138870 -0.001635403023 0.920434415340 0.284146517515 0.268437504768
1413393274.855760574341 0.647344052792 0.114192336798 -0.583036065102 -0.003026295919 0.924189209938 0.281242251396 0.258394986391
1413393274.905760526657 0.644707739353 0.115386933088 -0.581874549389 -0.004742951598 0.928149938583 0.277671545744 0.247817948461
1413393274.955760478973 0.645008981228 0.116252690554 -0.579703330994 -0.006047199015 0.931975781918 0.275029212236 0.236100688577
1413393275.005760669708 0.641865193844 0.116944104433 -0.578297197819 -0.005961492658 0.935313642025 0.272338777781 0.225797399879
1413393275.055760383606 0.639879524708 0.116063892841 -0.577839970589 -0.006208454724 0.937676489353 0.272489130497 0.215578183532
1413393275.105760574341 0.638488233089 0.117185771465 -0.574876785278 -0.006215980276 0.940670609474 0.270670145750 0.204543143511
1413393275.155760526657 0.635657250881 0.117217600346 -0.573814749718 -0.005351780914 0.942648887634 0.271350383759 0.194302275777
1413393275.205760717392 0.634992480278 0.117394626141 -0.570530414581 -0.003956139553 0.944550454617 0.272780150175 0.182756170630
1413393275.255760431290 0.632851481438 0.117022275925 -0.568478941917 -0.002268251264 0.946081817150 0.274677008390 0.171687379479
1413393275.305760622025 0.630382895470 0.116500377655 -0.565663695335 -0.001641384675 0.947322249413 0.277567088604 0.159794688225
1413393275.355760574341 0.628743171692 0.116159319878 -0.563067376614 0.000156584822 0.948656320572 0.279623419046 0.147857680917
1413393275.405760526657 0.625407338142 0.114972919226 -0.561554014683 0.002331335330 0.949613928795 0.282403767109 0.135927021503
1413393275.455760478973 0.623548209667 0.114792764187 -0.558476448059 0.004529934376 0.951091349125 0.283212304115 0.123270489275
1413393275.505760669708 0.621126770973 0.113632440567 -0.556086778641 0.005843632389 0.952240824699 0.284351915121 0.111118040979
1413393275.555760383606 0.617635726929 0.112326085567 -0.553995966911 0.006750363857 0.953331232071 0.285155713558 0.098996609449
1413393275.605760574341 0.615280866623 0.110993981361 -0.551333427429 0.009175453335 0.954501152039 0.285286664963 0.086341805756
1413393275.655760526657 0.611815631390 0.109199434519 -0.549417257309 0.010329483077 0.955263078213 0.285924077034 0.074921205640
1413393275.705760717392 0.607949256897 0.106017798185 -0.547659754753 0.011332437396 0.955958604813 0.286499112844 0.062713183463
1413393275.755760431290 0.604739427567 0.105634272099 -0.544257819653 0.010544877499 0.955885648727 0.289171993732 0.050508357584
1413393275.805760622025 0.600775957108 0.102943107486 -0.542598009109 0.010578249581 0.954045295715 0.296708106995 0.040619842708
1413393275.855760574341 0.596281290054 0.102188825607 -0.538854658604 0.012742101215 0.952178120613 0.303574085236 0.032208450139
1413393275.905760526657 0.592514693737 0.099789127707 -0.536956429482 0.016027549282 0.949463129044 0.312453329563 0.025215193629
1413393275.955760478973 0.589334666729 0.098366394639 -0.534351468086 0.018526570871 0.947309315205 0.319201231003 0.019299332052
1413393276.005760669708 0.585105180740 0.094996586442 -0.533573269844 0.020527942106 0.945319175720 0.325164139271 0.014784467407
1413393276.055760383606 0.580218374729 0.093197643757 -0.532549858093 0.017546562478 0.945412218571 0.325186520815 0.011897391640
1413393276.105760574341 0.576124370098 0.088237255812 -0.534227132797 0.009005297907 0.947113037109 0.320635765791 0.009415827692
1413393276.155760526657 0.569901943207 0.086966305971 -0.533443987370 0.000295430800 0.950027346611 0.312041521072 0.008832398802
1413393276.205760717392 0.565424501896 0.084117710590 -0.534116744995 -0.008901793510 0.952478826046 0.304356843233 0.008475450799
1413393276.255760431290 0.560758054256 0.082289248705 -0.534310042858 -0.015641866252 0.954399883747 0.297988355160 0.008901871741
1413393276.305760622025 0.557148218155 0.079725176096 -0.535990774632 -0.021452916786 0.955425679684 0.294305235147 0.009271108545
1413393276.355760574341 0.553795218468 0.078518420458 -0.536381304264 -0.023528743535 0.956026971340 0.292148709297 0.010390091687
1413393276.405760526657 0.550419211388 0.078028053045 -0.536423146725 -0.023393256590 0.956321895123 0.291125774384 0.012127112597
1413393276.455760478973 0.548005640507 0.076957195997 -0.537252008915 -0.021549014375 0.955921113491 0.292514741421 0.013623316772
1413393276.505760669708 0.544059634209 0.078719645739 -0.536075711250 -0.017922818661 0.955506682396 0.293964415789 0.016455987468
1413393276.555760383606 0.541652083397 0.077481776476 -0.537056326866 -0.012150016613 0.953799545765 0.299651473761 0.018104521558
1413393276.605760574341 0.539559900761 0.080523908138 -0.536032855511 -0.007066204213 0.953106105328 0.301909655333 0.019733000547
1413393276.655760526657 0.537072420120 0.083073943853 -0.535801410675 -0.002918398241 0.952015459538 0.305277019739 0.021542711183
1413393276.705760717392 0.536084413528 0.083292394876 -0.536670923233 -0.000120647521 0.951066255569 0.308190256357 0.022175045684
1413393276.755760431290 0.533032536507 0.086687445641 -0.535750567913 0.000027948578 0.950615227222 0.309470027685 0.023642050102
1413393276.805760622025 0.530335187912 0.088323205709 -0.536107540131 0.001732611330 0.950553894043 0.309575587511 0.024642892182
1413393276.855760574341 0.528106689453 0.090343058109 -0.536639034748 0.001391089521 0.950758159161 0.308919548988 0.025014592335
1413393276.905760526657 0.525718390942 0.090840697289 -0.538206934929 0.001029995852 0.950683593750 0.309091329575 0.025734046474
1413393276.955760478973 0.523285806179 0.092452496290 -0.539474487305 0.000355331344 0.951054751873 0.307891637087 0.026411319152
1413393277.005760669708 0.521757662296 0.091734737158 -0.542535960674 -0.000004112059 0.950629472733 0.309247851372 0.025873208418
1413393277.055760383606 0.519003689289 0.093523442745 -0.543840587139 -0.000429624051 0.950797736645 0.308710694313 0.026099829003
1413393277.105760574341 0.516147077084 0.096516191959 -0.545084774494 -0.001095617074 0.951342582703 0.307001024485 0.026389863342
1413393277.155760526657 0.514299035072 0.097938597202 -0.547986090183 -0.001188076218 0.951781928539 0.305676430464 0.025916492566
1413393277.205760717392 0.511747837067 0.097356975079 -0.550845801830 -0.000739826704 0.952236652374 0.304283112288 0.025625824928
1413393277.255760431290 0.509654641151 0.097708821297 -0.554423451424 -0.001390606747 0.952990829945 0.301927775145 0.025419795886
1413393277.305760622025 0.507831931114 0.099244713783 -0.556697845459 -0.002426860388 0.953775048256 0.299494713545 0.024701351300
1413393277.355760574341 0.505856752396 0.100795686245 -0.559196412563 -0.004343640059 0.954482614994 0.297294855118 0.023659827188
1413393277.405760526657 0.503641426563 0.100533455610 -0.562737345695 -0.005333228502 0.954543828964 0.297109067440 0.023319792002
1413393277.455760478973 0.501459479332 0.100368678570 -0.566307842731 -0.005743747577 0.954345524311 0.297773838043 0.022855605930
1413393277.505760669708 0.498265355825 0.100087672472 -0.570051789284 -0.007332732901 0.954197824001 0.298202097416 0.022983234376
1413393277.555760383606 0.497562885284 0.100464612246 -0.573207139969 -0.006623273250 0.954430222511 0.297530978918 0.022235162556
1413393277.605760574341 0.495077729225 0.099245220423 -0.577579200268 -0.003973115236 0.955280363560 0.294873088598 0.021760264412
1413393277.655760526657 0.493093013763 0.099971830845 -0.580842673779 -0.000898694445 0.955966591835 0.292738854885 0.020763440058
1413393277.705760717392 0.492297947407 0.099409461021 -0.584929049015 0.002974828007 0.956703245640 0.290511727333 0.017692826688
1413393277.755760431290 0.490265160799 0.100634992123 -0.588599264622 0.005935512017 0.957677185535 0.287472039461 0.013378531672
1413393277.805760622025 0.488702595234 0.102853342891 -0.591319203377 0.008804798126 0.958397746086 0.285193800926 0.007799093612
1413393277.855760574341 0.486194252968 0.105255901814 -0.594144642353 0.010587873869 0.958727478981 0.284126192331 0.001335181878
1413393277.905760526657 0.483774244785 0.108768597245 -0.596018493176 -0.011592715047 -0.959536552429 -0.281271159649 0.006464360282
1413393277.955760478973 0.480908870697 0.113226935267 -0.597311556339 -0.013136791997 -0.960453987122 -0.277714610100 0.015170414001
1413393278.005760669708 0.478518605232 0.115467235446 -0.600114345551 -0.015332526527 -0.960657835007 -0.276131242514 0.025553101674
1413393278.055760383606 0.475022912025 0.117511063814 -0.601605296135 -0.016455309466 -0.960007667542 -0.277156859636 0.036036893725
1413393278.105760574341 0.471905052662 0.121174573898 -0.602618694305 -0.016043415293 -0.958865404129 -0.279328614473 0.047908939421
1413393278.155760526657 0.468184292316 0.121782094240 -0.604496240616 -0.016023293138 -0.957153022289 -0.282755225897 0.060422219336
1413393278.205760717392 0.464513838291 0.124204486609 -0.604751646519 -0.016496280208 -0.955666005611 -0.284871965647 0.072651877999
1413393278.255760431290 0.459504544735 0.127667754889 -0.604288935661 -0.018005441874 -0.954049646854 -0.286709994078 0.085220247507
1413393278.305760622025 0.454809427261 0.128572821617 -0.605037152767 -0.023573629558 -0.951670765877 -0.290332853794 0.097333751619
1413393278.355760574341 0.450685799122 0.128907099366 -0.605587780476 -0.029911996797 -0.949205398560 -0.294084250927 0.107836879790
1413393278.405760526657 0.446364045143 0.128073036671 -0.606977224350 -0.036872550845 -0.946430265903 -0.298628211021 0.117181010544
1413393278.455760478973 0.441042244434 0.128387510777 -0.607712030411 -0.042700462043 -0.943977653980 -0.302537590265 0.124715492129
1413393278.505760669708 0.433809220791 0.129690349102 -0.607486009598 -0.048049826175 -0.942263007164 -0.305048167706 0.129527449608
1413393278.555760383606 0.427381098270 0.128950238228 -0.608938932419 -0.052211593837 -0.940140485764 -0.308706551790 0.134574040771
1413393278.605760574341 0.418946206570 0.127101927996 -0.609808683395 -0.054868336767 -0.938876211643 -0.310718864202 0.137676149607
1413393278.655760526657 0.411257326603 0.128657221794 -0.610634684563 -0.054828550667 -0.938441276550 -0.310866206884 0.140299841762
1413393278.705760717392 0.402062237263 0.128231301904 -0.611265242100 -0.048390019685 -0.938814818859 -0.309984773397 0.142107486725
1413393278.755760431290 0.391894459724 0.128886818886 -0.611631393433 -0.035061955452 -0.940519452095 -0.306101709604 0.143162652850
1413393278.805760622025 0.381815135479 0.129450172186 -0.613276422024 -0.021944897249 -0.942547321320 -0.300676018000 0.143933683634
1413393278.855760574341 0.372629642487 0.128216639161 -0.615265607834 -0.009945188649 -0.943341076374 -0.298231869936 0.145142957568
1413393278.905760526657 0.361693978310 0.128155574203 -0.616298198700 -0.001113683684 -0.944299221039 -0.295694738626 0.144438192248
1413393278.955760478973 0.352384150028 0.125046387315 -0.619134426117 0.005641794298 -0.944119811058 -0.296170175076 0.144531011581
1413393279.005760669708 0.342633843422 0.124099761248 -0.621105015278 0.010135297664 -0.944143116474 -0.296314656734 0.143835723400
1413393279.055760383606 0.333554208279 0.123708009720 -0.621764600277 0.012440938503 -0.944330096245 -0.296203017235 0.142652302980
1413393279.105760574341 0.323407173157 0.121194139123 -0.624461412430 0.014257615432 -0.943703234196 -0.298897325993 0.141001224518
1413393279.155760526657 0.315212428570 0.123000726104 -0.624024748802 0.014103007503 -0.944278836250 -0.297584652901 0.139935344458
1413393279.205760717392 0.305978477001 0.119337007403 -0.627364754677 0.016003591940 -0.943114399910 -0.302067756653 0.137964561582
1413393279.255760431290 0.297114074230 0.118592202663 -0.629843235016 0.016171868891 -0.942031145096 -0.306360304356 0.135864466429
1413393279.305760622025 0.289181828499 0.121328949928 -0.630296587944 0.015594300814 -0.941465735435 -0.308830499649 0.134249076247
1413393279.355760574341 0.281939327717 0.122462868690 -0.632256984711 0.015024978667 -0.939982533455 -0.313975244761 0.132765680552
1413393279.405760526657 0.273883581161 0.126494392753 -0.632199883461 0.014272792265 -0.939031422138 -0.317742675543 0.130598321557
1413393279.455760478973 0.266606271267 0.130761101842 -0.632101535797 0.014592163265 -0.939230918884 -0.317865163088 0.128818035126
1413393279.505760669708 0.261028051376 0.131174072623 -0.636454582214 0.014982487075 -0.938740968704 -0.319516897202 0.128257140517
1413393279.555760383606 0.253389000893 0.134049624205 -0.638624191284 0.015470416285 -0.939910650253 -0.317010194063 0.125830009580
1413393279.605760574341 0.247236490250 0.134859740734 -0.642030477524 0.016927212477 -0.941061794758 -0.314128071070 0.124256715178
1413393279.655760526657 0.240442514420 0.135222852230 -0.645777583122 0.018232995644 -0.942590713501 -0.310202062130 0.122331261635
1413393279.705760717392 0.235504448414 0.136958599091 -0.650646805763 0.019085200503 -0.943647444248 -0.307387977839 0.121152423322
1413393279.755760431290 0.229635477066 0.137772619724 -0.654159307480 0.019705126062 -0.944842278957 -0.304206579924 0.119763150811
1413393279.805760622025 0.224495112896 0.138858646154 -0.658833980560 0.019375620410 -0.945926725864 -0.301368057728 0.118425108492
1413393279.855760574341 0.218671619892 0.141394838691 -0.662212550640 0.018045483157 -0.947519958019 -0.297281563282 0.116206668317
1413393279.905760526657 0.214888930321 0.143604010344 -0.666283428669 0.016695080325 -0.948462903500 -0.294477671385 0.115854717791
1413393279.955760478973 0.209982842207 0.146450385451 -0.670003414154 0.014752909541 -0.949920892715 -0.290399551392 0.114458367229
1413393280.005760669708 0.206291854382 0.148411974311 -0.673635542393 0.012921586633 -0.950457930565 -0.289415031672 0.112701751292
1413393280.055760383606 0.202563017607 0.150038748980 -0.677628099918 0.011319735087 -0.950771570206 -0.288991153240 0.111307747662
1413393280.105760574341 0.199555158615 0.150038376451 -0.682244896889 0.007265706547 -0.950916945934 -0.289319187403 0.109538227320
1413393280.155760526657 0.195984214544 0.152227908373 -0.684895277023 0.002333631972 -0.951787173748 -0.287400424480 0.107223294675
1413393280.205760717392 0.193559795618 0.152600467205 -0.688945233822 -0.002736986848 -0.952448427677 -0.285855919123 0.105455487967
1413393280.255760431290 0.190485239029 0.152165591717 -0.692547678947 -0.007568778004 -0.952266335487 -0.287168055773 0.103276476264
1413393280.305760622025 0.188129782677 0.153571575880 -0.694957554340 -0.010327567346 -0.952995955944 -0.285003632307 0.102298691869
1413393280.355760574341 0.183147877455 0.152655676007 -0.698362648487 -0.013709919527 -0.953716933727 -0.283505380154 0.099301546812
1413393280.405760526657 0.180141955614 0.151183992624 -0.701719284058 -0.017433265224 -0.954555094242 -0.280840873718 0.098229371011
1413393280.455760478973 0.175954967737 0.150398254395 -0.703967750072 -0.024218084291 -0.955307006836 -0.278420329094 0.096354186535
1413393280.505760669708 0.172878116369 0.149800643325 -0.706498920918 -0.028785564005 -0.955609619617 -0.277404606342 0.095017299056
1413393280.555760383606 0.167924046516 0.149696782231 -0.707127392292 -0.031517617404 -0.954621791840 -0.281023442745 0.093433573842
1413393280.605760574341 0.163942903280 0.149046629667 -0.709014773369 -0.033777616918 -0.953624248505 -0.284436643124 0.092497214675
1413393280.655760526657 0.158877909184 0.150218799710 -0.709045648575 -0.036835789680 -0.952776193619 -0.287280648947 0.091271646321
1413393280.705760717392 0.153611898422 0.149821951985 -0.710731923580 -0.039764922112 -0.951471149921 -0.291316211224 0.090864226222
1413393280.755760431290 0.146625161171 0.152568623424 -0.709543883801 -0.044543661177 -0.951073408127 -0.292448967695 0.089156404138
1413393280.805760622025 0.140951156616 0.153639510274 -0.710343360901 -0.048385385424 -0.949738860130 -0.296276986599 0.088740773499
1413393280.855760574341 0.134096860886 0.156336903572 -0.710033833981 -0.050998464227 -0.948467791080 -0.299913674593 0.088656008244
1413393280.905760526657 0.125817835331 0.159420117736 -0.709247350693 -0.050971537828 -0.948154628277 -0.301207393408 0.087629266083
1413393280.955760478973 0.117003709078 0.159982740879 -0.709648668766 -0.048435322940 -0.947506725788 -0.303838312626 0.086990341544
1413393281.005760669708 0.107340067625 0.161184549332 -0.709981441498 -0.040800884366 -0.947141408920 -0.306021362543 0.087231807411
1413393281.055760383606 0.097926199436 0.164219230413 -0.709260225296 -0.029588513076 -0.947713911533 -0.305401206017 0.087709814310
1413393281.105760574341 0.085893511772 0.164616376162 -0.709450840950 -0.020103219897 -0.947453558445 -0.307143300772 0.087124265730
1413393281.155760526657 0.075657099485 0.166691750288 -0.709012031555 -0.011083540507 -0.947904646397 -0.305897533894 0.088207863271
1413393281.205760717392 0.063367217779 0.165982931852 -0.709770083427 -0.004435358569 -0.947980463505 -0.306049376726 0.087448507547
1413393281.255760431290 0.052326381207 0.164547055960 -0.711713671684 0.001910524676 -0.947445571423 -0.307621300220 0.087820805609
1413393281.305760622025 0.042886495590 0.166252076626 -0.712211549282 0.006394663360 -0.947952806950 -0.305642068386 0.089036740363
1413393281.355760574341 0.032599061728 0.164543807507 -0.714663267136 0.009291860275 -0.947617113590 -0.306295871735 0.090101800859
1413393281.405760526657 0.023581594229 0.163377970457 -0.717235028744 0.012579238974 -0.947459280491 -0.306193768978 0.091695874929
1413393281.455760478973 0.012756466866 0.162031769753 -0.719116508961 0.012742508203 -0.947342872620 -0.306219160557 0.092784263194
1413393281.505760669708 0.002836257219 0.160545140505 -0.722071409225 0.013579039834 -0.946851253510 -0.307295441628 0.094116233289
1413393281.555760383606 -0.006069600582 0.162815570831 -0.722492218018 0.013026724569 -0.947599709034 -0.304498434067 0.095738112926
1413393281.605760574341 -0.013456821442 0.160788148642 -0.725996077061 0.012996250764 -0.947266042233 -0.304529786110 0.098893031478
1413393281.655760526657 -0.022420018911 0.161339461803 -0.727439284325 0.013525268063 -0.948277592659 -0.300633400679 0.101025804877
1413393281.705760717392 -0.031176328659 0.160043865442 -0.730647861958 0.013349512592 -0.948969125748 -0.297987341881 0.102386616170
1413393281.755760431290 -0.038354203105 0.158487409353 -0.733971476555 0.014797493815 -0.949795007706 -0.294299274683 0.105158925056
1413393281.805760622025 -0.047430276871 0.157470196486 -0.736211299896 0.015972789377 -0.951677381992 -0.287665218115 0.106319330633
1413393281.855760574341 -0.054067328572 0.155723065138 -0.739732801914 0.012189935893 -0.953272402287 -0.281698614359 0.108484938741
1413393281.905760526657 -0.060934260488 0.155119419098 -0.741986095905 0.010225162841 -0.954226255417 -0.277657836676 0.110697105527
1413393281.955760478973 -0.067954286933 0.152831315994 -0.744678437710 0.005988517310 -0.953978419304 -0.278146833181 0.111909270287
1413393282.005760669708 -0.074583172798 0.149995863438 -0.747345387936 0.003220393555 -0.952614247799 -0.282203406096 0.113477148116
1413393282.055760383606 -0.080551058054 0.149355202913 -0.749046862125 -0.001229760470 -0.951470613480 -0.285480499268 0.114904627204
1413393282.105760574341 -0.087352871895 0.146270036697 -0.751219570637 -0.006055971142 -0.949878871441 -0.290484637022 0.115378439426
1413393282.155760526657 -0.092806294560 0.144064843655 -0.753448188305 -0.012025880627 -0.948676884174 -0.293747007847 0.116534769535
1413393282.205760717392 -0.098318412900 0.142352998257 -0.754913806915 -0.016869602725 -0.947709798813 -0.296316146851 0.117295973003
1413393282.255760431290 -0.104504361749 0.138498425484 -0.757779538631 -0.020291242748 -0.946354985237 -0.300169169903 0.117894016206
1413393282.305760622025 -0.110918268561 0.135871022940 -0.759959161282 -0.021006753668 -0.945826113224 -0.301595211029 0.118372581899
1413393282.355760574341 -0.117647305131 0.133915305138 -0.761498570442 -0.016914969310 -0.946595072746 -0.299509346485 0.118177048862
1413393282.405760526657 -0.124935843050 0.131259709597 -0.763917088509 -0.011071715504 -0.947369575500 -0.297344148159 0.118130668998
1413393282.455760478973 -0.132289737463 0.127869844437 -0.766768336296 -0.002855360275 -0.947969079018 -0.295732200146 0.117851518095
1413393282.505760669708 -0.138989314437 0.127024263144 -0.767523229122 0.003160503926 -0.948698878288 -0.293483614922 0.117591850460
1413393282.555760383606 -0.145346641541 0.124572843313 -0.770623981953 0.008083798923 -0.948823630810 -0.293014347553 0.117520496249
1413393282.605760574341 -0.151772439480 0.124471098185 -0.771987617016 0.012732594274 -0.949619829655 -0.290394335985 0.117180131376
1413393282.655760526657 -0.157892957330 0.123711019754 -0.774298369884 0.015773927793 -0.950091421604 -0.288864076138 0.116768918931
1413393282.705760717392 -0.164461940527 0.123666137457 -0.775858521461 0.017780885100 -0.950781047344 -0.287158042192 0.115063287318
1413393282.755760431290 -0.168967366219 0.124503731728 -0.777223110199 0.017528750002 -0.951857030392 -0.284422934055 0.112980805337
1413393282.805760622025 -0.174203738570 0.124643206596 -0.778333544731 0.014159915969 -0.953440129757 -0.281249731779 0.107935696840
1413393282.855760574341 -0.178763747215 0.125134497881 -0.778711795807 0.010238665156 -0.954698026180 -0.279728859663 0.100988738239
1413393282.905760526657 -0.182182222605 0.125136315823 -0.779714703560 0.008046418428 -0.954513490200 -0.282916247845 0.093795828521
1413393282.955760478973 -0.186784744263 0.125104546547 -0.779985964298 0.006837052293 -0.954055905342 -0.287517875433 0.084048576653
1413393283.005760669708 -0.190082967281 0.125567883253 -0.779563665390 0.005980930291 -0.953145980835 -0.293095052242 0.074647873640
1413393283.055760383606 -0.194846943021 0.125059843063 -0.780274271965 0.006840202026 -0.952048480511 -0.299309968948 0.063011802733
1413393283.105760574341 -0.198543578386 0.124704629183 -0.780003070831 0.007992835715 -0.951316356659 -0.303879439831 0.050898652524
1413393283.155760526657 -0.201222017407 0.123798489571 -0.780824184418 0.011104094796 -0.951016902924 -0.306465387344 0.039020456374
1413393283.205760717392 -0.203851267695 0.123726099730 -0.781016945839 0.013209327124 -0.951031684875 -0.307655751705 0.026685884222
1413393283.255760431290 -0.206410765648 0.122764706612 -0.782242715359 0.016651695594 -0.950722932816 -0.309301912785 0.013454063796
1413393283.305760622025 -0.208389267325 0.122417777777 -0.782914638519 0.018177000806 -0.950627565384 -0.309800624847 0.000643535692
1413393283.355760574341 -0.210897892714 0.122872889042 -0.783478796482 -0.019993571565 0.950543761253 0.309665232897 0.013201891445
1413393283.405760526657 -0.211575448513 0.121473401785 -0.785037338734 -0.021099351346 0.950022459030 0.310309290886 0.026840073988
1413393283.455760478973 -0.213911354542 0.121786773205 -0.786717772484 -0.021102892235 0.949496507645 0.310285866261 0.041637983173
1413393283.505760669708 -0.214185893536 0.122299224138 -0.787840962410 -0.021433832124 0.948844671249 0.310082137585 0.055528704077
1413393283.555760383606 -0.216110467911 0.123452067375 -0.789316236973 -0.019386379048 0.947983264923 0.309599339962 0.071415163577
1413393283.605760574341 -0.215869367123 0.125974386930 -0.790822565556 -0.018019752577 0.947111606598 0.309012383223 0.084653586149
1413393283.655760526657 -0.215408563614 0.127742886543 -0.792213082314 -0.017818050459 0.946263730526 0.307592451572 0.098256938159
1413393283.705760717392 -0.215921223164 0.132244884968 -0.792913734913 -0.016027485952 0.945988714695 0.303475797176 0.112920366228
1413393283.755760431290 -0.214313685894 0.136435359716 -0.793342411518 -0.016405679286 0.945971846581 0.298623859882 0.125267401338
1413393283.805760622025 -0.212894678116 0.140188783407 -0.793780982494 -0.015745416284 0.945064544678 0.295460820198 0.138953477144
1413393283.855760574341 -0.213948726654 0.145287364721 -0.796365916729 -0.015917833894 0.943640232086 0.292083412409 0.154845312238
1413393283.905760526657 -0.211921572685 0.149538367987 -0.796865522861 -0.017231732607 0.942077338696 0.289772510529 0.168003618717
1413393283.955760478973 -0.210022211075 0.154024794698 -0.796620368958 -0.019124964252 0.939993560314 0.287934780121 0.182043775916
1413393284.005760669708 -0.207860171795 0.158443495631 -0.796403050423 -0.020630557090 0.936804950237 0.288958817720 0.196147114038
1413393284.055760383606 -0.205318868160 0.161703467369 -0.797771453857 -0.020913887769 0.933537423611 0.289510279894 0.210367009044
1413393284.105760574341 -0.202321946621 0.162962183356 -0.798701286316 -0.022616658360 0.929643094540 0.291008234024 0.224869742990
1413393284.155760526657 -0.200347125530 0.166235223413 -0.800036907196 -0.022959610447 0.926147937775 0.289624303579 0.240500777960
1413393284.205760717392 -0.197287023067 0.168712601066 -0.800507783890 -0.023226477206 0.922835230827 0.288218319416 0.254491388798
1413393284.255760431290 -0.194810926914 0.170512303710 -0.801330924034 -0.024340635166 0.919103860855 0.285676211119 0.270268082619
1413393284.305760622025 -0.191781640053 0.172723397613 -0.803364038467 -0.024166567251 0.914904534817 0.283707797527 0.286139041185
1413393284.355760574341 -0.188052296638 0.173271298409 -0.805251061916 -0.023251786828 0.910898983479 0.281103342772 0.301169931889
1413393284.405760526657 -0.184410214424 0.175618529320 -0.805283844471 -0.022994929925 0.906857132912 0.276580870152 0.317150592804
1413393284.455760478973 -0.180562317371 0.177145406604 -0.806406259537 -0.022622236982 0.902366280556 0.272503346205 0.333114564419
1413393284.505760669708 -0.175326466560 0.177515983582 -0.806271910667 -0.021591395140 0.897782146931 0.269250601530 0.347886770964
1413393284.555760383606 -0.171870350838 0.179921299219 -0.806819796562 -0.021791504696 0.891934871674 0.266381323338 0.364716887474
1413393284.605760574341 -0.166550040245 0.179494023323 -0.806132853031 -0.021644540131 0.886075496674 0.265338540077 0.379469633102
1413393284.655760526657 -0.161361098289 0.179834738374 -0.807280540466 -0.018445299938 0.878651142120 0.266959995031 0.395429253578
1413393284.705760717392 -0.157728552818 0.181743308902 -0.806041419506 -0.015295150690 0.870609700680 0.268409937620 0.412020504475
1413393284.755760431290 -0.152697801590 0.181291416287 -0.806002378464 -0.011290531605 0.861905574799 0.271729737520 0.427965283394
1413393284.805760622025 -0.148578763008 0.181504532695 -0.806514620781 -0.008597468026 0.852996528149 0.272960275412 0.444764792919
1413393284.855760574341 -0.143650650978 0.182603165507 -0.803460180759 -0.007220694795 0.844944596291 0.272154033184 0.460378944874
1413393284.905760526657 -0.139750361443 0.182444781065 -0.806093752384 -0.005619328003 0.835180044174 0.272617161274 0.477621883154
1413393284.955760478973 -0.134270668030 0.185681968927 -0.803455114365 -0.005514583550 0.827774822712 0.268489778042 0.492617189884
1413393285.005760669708 -0.130727767944 0.184562265873 -0.805699825287 -0.004972187337 0.817547202110 0.267810881138 0.509773790836
1413393285.055760383606 -0.125963926315 0.184899866581 -0.806372284889 -0.005099785980 0.808729290962 0.265429705381 0.524860024452
1413393285.105760574341 -0.122364640236 0.185385257006 -0.807532608509 -0.004272556864 0.799167752266 0.262618809938 0.540688455105
1413393285.155760526657 -0.117941379547 0.186708062887 -0.807593822479 -0.004411424510 0.790381491184 0.258171319962 0.555540502071
1413393285.205760717392 -0.112962663174 0.188173890114 -0.807471990585 -0.004892559722 0.782068729401 0.254481703043 0.568844139576
1413393285.255760431290 -0.107752084732 0.187699198723 -0.809578180313 -0.004507646430 0.772195339203 0.251810908318 0.583339929581
1413393285.305760622025 -0.104330539703 0.188215583563 -0.812624633312 -0.004663342144 0.762086689472 0.248530983925 0.597858250141
1413393285.355760574341 -0.097708821297 0.187206119299 -0.814927220345 -0.005030935630 0.753012061119 0.245606824756 0.610430061817
1413393285.405760526657 -0.094315409660 0.189396798611 -0.816519260406 -0.005659847055 0.743688106537 0.240783929825 0.623633801937
1413393285.455760478973 -0.089639663696 0.190165191889 -0.818556547165 -0.007356369402 0.734414279461 0.236688539386 0.636050403118
1413393285.505760669708 -0.085900425911 0.189909949899 -0.822157442570 -0.007919814438 0.724378585815 0.233346924186 0.648661792278
1413393285.555760383606 -0.081763684750 0.191554844379 -0.825631916523 -0.009964052588 0.714614152908 0.227120012045 0.661546587944
1413393285.605760574341 -0.076694607735 0.192096278071 -0.827220141888 -0.011582537554 0.705810964108 0.221262589097 0.672859251499
1413393285.655760526657 -0.073415875435 0.191637009382 -0.831872284412 -0.012380443513 0.695867359638 0.214188590646 0.685374736786
1413393285.705760717392 -0.070024549961 0.191822230816 -0.836904704571 -0.014193591662 0.686076164246 0.206506341696 0.697462022305
1413393285.755760431290 -0.065303921700 0.193817764521 -0.839451849461 -0.018438979983 0.678331375122 0.195497721434 0.708030521870
1413393285.805760622025 -0.061302959919 0.192678049207 -0.842901706696 -0.021893501282 0.670125842094 0.187786161900 0.717766344547
1413393285.855760574341 -0.056259989738 0.191633582115 -0.847414493561 -0.023567318916 0.660949647427 0.183720663190 0.727211773396
1413393285.905760526657 -0.053873538971 0.192312210798 -0.850420713425 -0.022569986060 0.652531087399 0.183150261641 0.734948813915
1413393285.955760478973 -0.050094783306 0.191596686840 -0.854442954063 -0.022134339437 0.644915401936 0.183837026358 0.741483747959
1413393286.005760669708 -0.046373367310 0.191766470671 -0.855622708797 -0.021001482382 0.639664649963 0.184622406960 0.745857059956
1413393286.055760383606 -0.043452680111 0.192575499415 -0.861027956009 -0.019276779145 0.633991837502 0.187154158950 0.750104069710
1413393286.105760574341 -0.037112474442 0.190808877349 -0.867614567280 -0.017528528348 0.629847466946 0.191113919020 0.752635717392
1413393286.155760526657 -0.033739924431 0.191180199385 -0.869118988514 -0.016451252624 0.628420650959 0.191229268909 0.753822445869
1413393286.205760717392 -0.030432999134 0.193278431892 -0.875794529915 -0.013880296610 0.626401245594 0.191869556904 0.755390524864
1413393286.255760431290 -0.027550041676 0.191695272923 -0.880673587322 -0.013539975509 0.625820815563 0.192233219743 0.755785286427
1413393286.305760622025 -0.023346662521 0.193702682853 -0.884593546391 -0.012987354770 0.626666486263 0.191979795694 0.755158483982
1413393286.355760574341 -0.020703434944 0.193454906344 -0.885773837566 -0.014813035727 0.629166603088 0.190617740154 0.753388881683
1413393286.405760526657 -0.016969740391 0.195294857025 -0.889445245266 -0.015682742000 0.631258726120 0.189331248403 0.751944243908
1413393286.455760478973 -0.013647735119 0.198422864079 -0.891897320747 -0.016287002712 0.634207069874 0.187780529261 0.749836385250
1413393286.505760669708 -0.010315060616 0.203469812870 -0.895644843578 -0.015988420695 0.636191725731 0.187347456813 0.748268365860
1413393286.555760383606 -0.006622195244 0.206721216440 -0.899196922779 -0.016234543175 0.638198018074 0.188473254442 0.746269106865
1413393286.605760574341 -0.003204822540 0.209216460586 -0.903838634491 -0.016288902611 0.638983905315 0.191555604339 0.744809150696
1413393286.655760526657 -0.000366032124 0.214298814535 -0.908332288265 -0.017304571345 0.640208899975 0.191930308938 0.743636965752
1413393286.705760717392 0.001771271229 0.217916980386 -0.911205947399 -0.019132580608 0.642490983009 0.191036492586 0.741851985455
1413393286.755760431290 0.005528926849 0.219766438007 -0.915325641632 -0.023076917976 0.644587099552 0.189637720585 0.740278601646
1413393286.805760622025 0.007639288902 0.220948576927 -0.919682204723 -0.028204225004 0.647093057632 0.186679765582 0.738664865494
1413393286.855760574341 0.009745121002 0.223506808281 -0.923119425774 -0.033526416868 0.649109899998 0.181910008192 0.737862527370
1413393286.905760526657 0.012832641602 0.222062498331 -0.925521016121 -0.039833649993 0.650356173515 0.177656099200 0.737487912178
1413393286.955760478973 0.015026032925 0.223399847746 -0.928211927414 -0.043747536838 0.649559497833 0.172430530190 0.739206612110
1413393287.005760669708 0.017410695553 0.224420875311 -0.931709408760 -0.046796824783 0.646888673306 0.168408870697 0.742282688618
1413393287.055760383606 0.019545078278 0.224035412073 -0.933355569839 -0.047517005354 0.643547475338 0.164986222982 0.745901107788
1413393287.105760574341 0.022131443024 0.223961412907 -0.935502886772 -0.048294030130 0.638272881508 0.163017183542 0.750800132751
1413393287.155760526657 0.024826943874 0.223411917686 -0.937411487103 -0.047785155475 0.631277620792 0.162297368050 0.756878256798
1413393287.205760717392 0.026738703251 0.221177235246 -0.937500178814 -0.045543640852 0.623277366161 0.164922848344 0.763054132462
1413393287.255760431290 0.028655290604 0.220305919647 -0.937546074390 -0.041427612305 0.613131344318 0.167954877019 0.770807921886
1413393287.305760622025 0.030470132828 0.218441009521 -0.937100291252 -0.037007298321 0.602658569813 0.169988334179 0.778804898262
1413393287.355760574341 0.031824648380 0.217115297914 -0.935299992561 -0.031427767128 0.591824412346 0.170132100582 0.787280976772
1413393287.405760526657 0.034888029099 0.214989632368 -0.934461891651 -0.027349647135 0.580142915249 0.169569239020 0.796198785305
1413393287.455760478973 0.036672472954 0.213075339794 -0.932339549065 -0.024716172367 0.568200469017 0.168205186725 0.805136263371
1413393287.505760669708 0.038822293282 0.210242211819 -0.931559741497 -0.023739714175 0.555556118488 0.166825369000 0.814225494862
1413393287.555760383606 0.040382981300 0.208146929741 -0.930261492729 -0.023916758597 0.543002128601 0.164025217295 0.823208630085
1413393287.605760574341 0.042397201061 0.205675393343 -0.929105997086 -0.024559767917 0.529499948025 0.161693423986 0.832395255566
1413393287.655760526657 0.043958008289 0.203169792891 -0.928199172020 -0.025165693834 0.515879273415 0.159874528646 0.841234445572
1413393287.705760717392 0.045333892107 0.200211614370 -0.926944017410 -0.024118175730 0.502035319805 0.157115712762 0.850113809109
1413393287.755760431290 0.046641230583 0.197112292051 -0.926364719868 -0.023168947548 0.488241314888 0.154300883412 0.858647108078
1413393287.805760622025 0.048653900623 0.196254119277 -0.923593997955 -0.022181183100 0.475576847792 0.150153666735 0.866480529308
1413393287.855760574341 0.050198733807 0.194234088063 -0.920991659164 -0.019630102441 0.462458044291 0.146479442716 0.874237358570
1413393287.905760526657 0.053181320429 0.189703404903 -0.922210812569 -0.019614843652 0.448042303324 0.143683418632 0.882172584534
1413393287.955760478973 0.056361705065 0.189479559660 -0.921646893024 -0.017953168601 0.434546232224 0.138487696648 0.889757573605
1413393288.005760669708 0.058428972960 0.188158392906 -0.920528471470 -0.016027776524 0.422036379576 0.134176462889 0.896451413631
1413393288.055760383606 0.060621887445 0.187146946788 -0.919441878796 -0.016005422920 0.410834103823 0.130551710725 0.902172684669
1413393288.105760574341 0.064551800489 0.185992971063 -0.919983983040 -0.017353486270 0.401201218367 0.126743912697 0.907012939453
1413393288.155760526657 0.067967087030 0.185229763389 -0.921367466450 -0.019648984075 0.392403542995 0.125189512968 0.911021947861
1413393288.205760717392 0.070477232337 0.185183703899 -0.921107769012 -0.023156952113 0.387195259333 0.123090863228 0.913450777531
1413393288.255760431290 0.074370846152 0.185620248318 -0.920617640018 -0.028283139691 0.383038252592 0.122904054821 0.915082752705
1413393288.305760622025 0.079708620906 0.184659063816 -0.921205818653 -0.034977916628 0.379231959581 0.123477086425 0.916358649731
1413393288.355760574341 0.083842962980 0.185470670462 -0.921302497387 -0.039350632578 0.377025336027 0.124629877508 0.916935563087
1413393288.405760526657 0.087879046798 0.185185655951 -0.920447468758 -0.041088648140 0.376607865095 0.124427139759 0.917058467865
1413393288.455760478973 0.092510223389 0.185127064586 -0.919896185398 -0.038198743016 0.377019494772 0.122511975467 0.917272031307
1413393288.505760669708 0.098171353340 0.184231877327 -0.919158339500 -0.034517288208 0.378228187561 0.121383242309 0.917070448399
1413393288.555760383606 0.104350253940 0.184849962592 -0.919043004513 -0.028361937031 0.379861980677 0.119397677481 0.916866779327
1413393288.605760574341 0.109597966075 0.184098780155 -0.918040454388 -0.023204915226 0.380876272917 0.116520576179 0.916961133480
1413393288.655760526657 0.114279627800 0.184662252665 -0.916768670082 -0.017470488325 0.381114125252 0.113747410476 0.917337656021
1413393288.705760717392 0.120103478432 0.183529168367 -0.916212856770 -0.013175318018 0.379136681557 0.111166752875 0.918544411659
1413393288.755760431290 0.125225156546 0.184556394815 -0.915911555290 -0.011675337330 0.375984251499 0.108647421002 0.920160472393
1413393288.805760622025 0.131038129330 0.184801742435 -0.915250539780 -0.011799156666 0.373662382364 0.106898456812 0.921308815479
1413393288.855760574341 0.135012298822 0.185618266463 -0.914715528488 -0.014038755558 0.371804386377 0.105488903821 0.922191143036
1413393288.905760526657 0.139463976026 0.187087520957 -0.914739608765 -0.014996480197 0.368922173977 0.105144828558 0.923372149467
1413393288.955760478973 0.144788235426 0.188257515430 -0.913986265659 -0.017894452438 0.367221146822 0.105136640370 0.923999309540
1413393289.005760669708 0.149863511324 0.189544692636 -0.913760185242 -0.019104832783 0.365084379911 0.105027958751 0.924833774567
1413393289.055760383606 0.154464796185 0.192827880383 -0.912643194199 -0.020532399416 0.364044576883 0.103432983160 0.925392687321
1413393289.105760574341 0.158836558461 0.195998400450 -0.911735534668 -0.020152078941 0.362939476967 0.103548295796 0.925822138786
1413393289.155760526657 0.163346663117 0.200354382396 -0.910613119602 -0.018114589155 0.361132234335 0.103590361774 0.926565945148
1413393289.205760717392 0.167493924499 0.202871233225 -0.909585595131 -0.017358364537 0.358819633722 0.104584746063 0.927366793156
1413393289.255760431290 0.171454221010 0.206149369478 -0.910144150257 -0.016375865787 0.356884241104 0.103203706443 0.928285837173
1413393289.305760622025 0.176639571786 0.209505096078 -0.910393953323 -0.015735091642 0.355564802885 0.101846210659 0.928952872753
1413393289.355760574341 0.179573521018 0.209965974092 -0.909277796745 -0.017521420494 0.355259984732 0.100954778492 0.929134786129
1413393289.405760526657 0.184144645929 0.212551027536 -0.908966779709 -0.019286120310 0.354856580496 0.099090844393 0.929454624653
1413393289.455760478973 0.188320964575 0.212674990296 -0.909233212471 -0.021358367056 0.354621350765 0.099450521171 0.929460644722
1413393289.505760669708 0.192223966122 0.214156791568 -0.909740209579 -0.023387216032 0.354210883379 0.100166074932 0.929491519928
1413393289.555760383606 0.196414083242 0.214354917407 -0.910535156727 -0.025099718943 0.354123592377 0.099581569433 0.929542899132
1413393289.605760574341 0.199683949351 0.214128345251 -0.910585165024 -0.026581412181 0.354883611202 0.099450595677 0.929225802422
1413393289.655760526657 0.203337252140 0.215504780412 -0.911404967308 -0.027017960325 0.354594975710 0.098978005350 0.929373919964
1413393289.705760717392 0.207288086414 0.215067058802 -0.912713646889 -0.027977267280 0.354266852140 0.099619656801 0.929402112961
1413393289.755760431290 0.210952833295 0.215174302459 -0.913345396519 -0.027462840080 0.355001807213 0.099866077304 0.929110467434
1413393289.805760622025 0.214499115944 0.214247033000 -0.913621485233 -0.026554420590 0.355718642473 0.099693961442 0.928881168365
1413393289.855760574341 0.217955201864 0.213188707829 -0.913853824139 -0.024828784168 0.356867045164 0.099985241890 0.928457021713
1413393289.905760526657 0.221002057195 0.212190598249 -0.914154410362 -0.023344706744 0.358510851860 0.099072486162 0.927959918976
1413393289.955760478973 0.224296644330 0.211881220341 -0.914390087128 -0.021227084100 0.359743565321 0.098985150456 0.927542924881
1413393290.005760669708 0.228027716279 0.209658384323 -0.914539992809 -0.021451313049 0.360839635134 0.099149428308 0.927094399929
1413393290.055760383606 0.230712726712 0.210086137056 -0.914054453373 -0.020693069324 0.362160503864 0.100077293813 0.926496684551
1413393290.105760574341 0.233958050609 0.210188418627 -0.915463209152 -0.019903507084 0.362615883350 0.101667314768 0.926162660122
1413393290.155760526657 0.237110674381 0.210991337895 -0.914762377739 -0.019544187933 0.363494217396 0.102865897119 0.925693631172
1413393290.205760717392 0.239533796906 0.212660446763 -0.913554131985 -0.019683435559 0.364787638187 0.104994565248 0.924942553043
1413393290.255760431290 0.241979360580 0.214949905872 -0.913799285889 -0.020338293165 0.365506082773 0.106242932379 0.924502074718
1413393290.305760622025 0.244794607162 0.218699544668 -0.912407398224 -0.022122686729 0.366614282131 0.106781102717 0.923960149288
1413393290.355760574341 0.246658831835 0.221961349249 -0.911515116692 -0.024956611916 0.367641478777 0.107807464898 0.923360407352
1413393290.405760526657 0.249053344131 0.226795896888 -0.910615146160 -0.027206892148 0.367166370153 0.107763357460 0.923491060734
1413393290.455760478973 0.251537114382 0.229629516602 -0.909588456154 -0.030245736241 0.364958435297 0.107954114676 0.924249172211
1413393290.505760669708 0.253927767277 0.233284413815 -0.908520698547 -0.032921489328 0.361908882856 0.107633888721 0.925393521786
1413393290.555760383606 0.257269918919 0.235912069678 -0.907464027405 -0.035123512149 0.358888477087 0.107283204794 0.926528871059
1413393290.605760574341 0.257621854544 0.239501908422 -0.904798150063 -0.035968698561 0.357437282801 0.105885632336 0.927217900753
1413393290.655760526657 0.260364949703 0.242881059647 -0.903394579887 -0.037053249776 0.354689538479 0.106125876307 0.928202390671
1413393290.705760717392 0.261881589890 0.245207235217 -0.900990128517 -0.038851715624 0.353262424469 0.105780839920 0.928712368011
1413393290.755760431290 0.264702945948 0.248444437981 -0.899044036865 -0.038223329931 0.351733744144 0.104759365320 0.929434120655
1413393290.805760622025 0.267509102821 0.252471387386 -0.897613525391 -0.037730332464 0.350320339203 0.102765358984 0.930210411549
1413393290.855760574341 0.271185338497 0.256276905537 -0.895644426346 -0.036598775536 0.349124372005 0.102312177420 0.930755019188
1413393290.905760526657 0.273371726274 0.259775131941 -0.892835497856 -0.034773290157 0.348257422447 0.103306658566 0.931039929390
1413393290.955760478973 0.276418238878 0.262159824371 -0.889865517616 -0.031014932320 0.346127003431 0.107166722417 0.931530714035
1413393291.005760669708 0.279861748219 0.264816731215 -0.887215197086 -0.027000239119 0.344430923462 0.110775820911 0.931862115860
1413393291.055760383606 0.282565891743 0.268149584532 -0.884570181370 -0.021682986990 0.343340098858 0.114125318825 0.931999385357
1413393291.105760574341 0.286257743835 0.271048665047 -0.881628632545 -0.017452184111 0.342247933149 0.117168001831 0.932112395763
1413393291.155760526657 0.289200127125 0.274209827185 -0.878597438335 -0.012078343891 0.342773318291 0.118345178664 0.931855678558
1413393291.205760717392 0.293517231941 0.278049051762 -0.876873075962 -0.008147301152 0.342652142048 0.118867143989 0.931876480579
1413393291.255760431290 0.297702312469 0.281979978085 -0.874502658844 -0.005141107365 0.343327075243 0.118717752397 0.931668519974
1413393291.305760622025 0.302040070295 0.285302937031 -0.873920202255 -0.006147136912 0.344593167305 0.116941668093 0.931419610977
1413393291.355760574341 0.305787235498 0.289308190346 -0.872848093510 -0.009299941361 0.346371114254 0.114529430866 0.931033611298
1413393291.405760526657 0.309955477715 0.292819827795 -0.872238576412 -0.013012289070 0.347235918045 0.111034609377 0.931090354919
1413393291.455760478973 0.314329624176 0.297308415174 -0.871669232845 -0.017132312059 0.346699804068 0.107280135155 0.931663393974
1413393291.505760669708 0.318467915058 0.300050705671 -0.870790600777 -0.021133793518 0.345726519823 0.103912502527 0.932324409485
1413393291.555760383606 0.322500765324 0.303459197283 -0.870099246502 -0.023501373827 0.344986468554 0.100881375372 0.932874619961
1413393291.605760574341 0.326526939869 0.306334167719 -0.870466530323 -0.024714730680 0.343589097261 0.098473824561 0.933615863323
1413393291.655760526657 0.330646574497 0.309131681919 -0.870404064655 -0.025992855430 0.342668980360 0.095811419189 0.934196233749
1413393291.705760717392 0.335163176060 0.310949683189 -0.870690643787 -0.027963213623 0.341078042984 0.094131797552 0.934892058372
1413393291.755760431290 0.338776946068 0.313015341759 -0.870391488075 -0.028837861493 0.340227901936 0.092395044863 0.935348331928
1413393291.805760622025 0.342945098877 0.314033955336 -0.870709180832 -0.029377542436 0.338296622038 0.090517424047 0.936215221882
1413393291.855760574341 0.346473574638 0.313953697681 -0.870826601982 -0.030265098438 0.335024744272 0.088697068393 0.937536835670
1413393291.905760526657 0.349226355553 0.312718451023 -0.870348215103 -0.030583001673 0.332166165113 0.086299538612 0.938766598701
1413393291.955760478973 0.352000117302 0.310705482960 -0.870773375034 -0.030305357650 0.329902619123 0.084110729396 0.939771890640
1413393292.005760669708 0.355233192444 0.306786715984 -0.871272206306 -0.028702236712 0.327874988317 0.081469565630 0.940764009953
1413393292.055760383606 0.358314633369 0.303823024035 -0.871309101582 -0.025558182970 0.326418966055 0.077978864312 0.941656410694
1413393292.105760574341 0.360346376896 0.299336194992 -0.872085750103 -0.022555489093 0.324220329523 0.076296269894 0.942629992962
1413393292.155760526657 0.362199127674 0.295554041862 -0.872181713581 -0.019009053707 0.323318600655 0.073349185288 0.943251669407
1413393292.205760717392 0.364108800888 0.291655451059 -0.872391819954 -0.016264770180 0.321365535259 0.070839226246 0.944161772728
1413393292.255760431290 0.366026997566 0.288095891476 -0.872960627079 -0.013365635648 0.318953543901 0.068194925785 0.945219278336
1413393292.305760622025 0.367961496115 0.284669607878 -0.873591303825 -0.011261157691 0.316654652357 0.066857226193 0.946114778519
1413393292.355760574341 0.368930429220 0.281172305346 -0.874299585819 -0.009819721803 0.314021527767 0.066540531814 0.947030365467
1413393292.405760526657 0.369018435478 0.278513908386 -0.874755263329 -0.007417160552 0.311646252871 0.067570470273 0.947763621807
1413393292.455760478973 0.369272172451 0.274964332581 -0.875625312328 -0.006112298463 0.309513866901 0.067437358201 0.948480904102
1413393292.505760669708 0.367922365665 0.272133082151 -0.875886201859 -0.007546206471 0.307609528303 0.067160025239 0.949109613895
1413393292.555760383606 0.367435753345 0.269542306662 -0.876867175102 -0.008592355065 0.305543839931 0.067046493292 0.949775755405
1413393292.605760574341 0.365833580494 0.267356157303 -0.878114044666 -0.011204606853 0.303840219975 0.066062711179 0.950363814831
1413393292.655760526657 0.364533305168 0.265170812607 -0.879364132881 -0.014379204251 0.302142977715 0.063851706684 0.951013088226
1413393292.705760717392 0.363140672445 0.262938588858 -0.880961358547 -0.016813024879 0.300446391106 0.062544338405 0.951597332954
1413393292.755760431290 0.361132442951 0.259731173515 -0.881906569004 -0.018770994619 0.297955989838 0.060423236340 0.952480375767
1413393292.805760622025 0.358270347118 0.257854163647 -0.883628487587 -0.017758991569 0.296239137650 0.059063177556 0.953120470047
1413393292.855760574341 0.355358064175 0.253977626562 -0.884864389896 -0.016672851518 0.293696105480 0.057740185410 0.954007685184
1413393292.905760526657 0.351819992065 0.251086562872 -0.886295080185 -0.014818368480 0.291090160608 0.057035263628 0.954878985882
1413393292.955760478973 0.347996562719 0.246549189091 -0.887578189373 -0.013958204538 0.287797272205 0.058438867331 0.955804765224
1413393293.005760669708 0.343336224556 0.243663296103 -0.888518571854 -0.013721204363 0.285061240196 0.059554312378 0.956559002399
1413393293.055760383606 0.338957637548 0.240005746484 -0.890113532543 -0.013779728673 0.281903177500 0.060835618526 0.957413077354
1413393293.105760574341 0.333908617496 0.236996427178 -0.891181588173 -0.014557269402 0.279151648283 0.061679113656 0.958153545856
1413393293.155760526657 0.328510284424 0.233689084649 -0.893327593803 -0.014613713138 0.275929450989 0.064664341509 0.958888888359
1413393293.205760717392 0.322289466858 0.230227649212 -0.893915295601 -0.015082526952 0.274290800095 0.065497897565 0.959295153618
1413393293.255760431290 0.316809237003 0.226867586374 -0.896144330502 -0.014927303419 0.271322280169 0.068605445325 0.959924340248
1413393293.305760622025 0.311359196901 0.224797412753 -0.897584557533 -0.015652514994 0.268960535526 0.070601776242 0.960432529449
1413393293.355760574341 0.305887520313 0.222902029753 -0.899221539497 -0.014081671834 0.266373664141 0.074094377458 0.960914611816
1413393293.405760526657 0.299453735352 0.221473455429 -0.900087893009 -0.013665531762 0.264708429575 0.077393077314 0.961120784283
1413393293.455760478973 0.293245911598 0.221207693219 -0.901586472988 -0.013002544641 0.263036757708 0.081092186272 0.961283922195
1413393293.505760669708 0.287832796574 0.222497105598 -0.902734935284 -0.013537480496 0.262409120798 0.082280360162 0.961347043514
1413393293.555760383606 0.281759381294 0.223600536585 -0.904383182526 -0.014927670360 0.262924313545 0.080842114985 0.961307764053
1413393293.605760574341 0.276769697666 0.226018041372 -0.905448853970 -0.016597976908 0.263481765985 0.077182747424 0.961428463459
1413393293.655760526657 0.270745337009 0.227829441428 -0.906954646111 -0.019657090306 0.265052706003 0.072977177799 0.961267411709
1413393293.705760717392 0.265394300222 0.229245468974 -0.908457577229 -0.023484949023 0.265934526920 0.067849367857 0.961313605309
1413393293.755760431290 0.259980201721 0.230528146029 -0.910701811314 -0.026180110872 0.266421645880 0.064143396914 0.961363494396
1413393293.805760622025 0.254498481750 0.231961414218 -0.912689566612 -0.027803063393 0.266711354256 0.060950405896 0.961445331573
1413393293.855760574341 0.248101830482 0.232696875930 -0.913595318794 -0.029262425378 0.266740471125 0.058800186962 0.961527824402
1413393293.905760526657 0.242076367140 0.233307659626 -0.914909601212 -0.030123496428 0.266482770443 0.057347044349 0.961660504341
1413393293.955760478973 0.235561817884 0.234373971820 -0.916864037514 -0.031108414754 0.266375333071 0.055304691195 0.961778461933
1413393294.005760669708 0.228761717677 0.233700305223 -0.918299853802 -0.031548377126 0.265642821789 0.054806698114 0.961995244026
1413393294.055760383606 0.222450911999 0.232891321182 -0.919630348682 -0.031934920698 0.264879763126 0.054124753922 0.962231457233
1413393294.105760574341 0.215304136276 0.232616096735 -0.920602917671 -0.027661522850 0.264564067125 0.053830571473 0.962467133999
1413393294.155760526657 0.207010060549 0.231435775757 -0.921159744263 -0.022154120728 0.264353930950 0.054434295744 0.962633430958
1413393294.205760717392 0.199289202690 0.230670228601 -0.921931922436 -0.016815098003 0.263701200485 0.055752281100 0.962845087051
1413393294.255760431290 0.190312892199 0.228790238500 -0.922943353653 -0.015720013529 0.264586716890 0.056293196976 0.962589144707
1413393294.305760622025 0.183061957359 0.228378325701 -0.924291133881 -0.016808589920 0.264771223068 0.055955786258 0.962539672852
1413393294.355760574341 0.174058288336 0.227385953069 -0.925135910511 -0.019259424880 0.266003310680 0.056434299797 0.962126016617
1413393294.405760526657 0.165299102664 0.226544529200 -0.926265239716 -0.021934254095 0.267424911261 0.056290116161 0.961683034897
1413393294.455760478973 0.157647594810 0.226137071848 -0.927604019642 -0.024884954095 0.268769532442 0.055511545390 0.961281538010
1413393294.505760669708 0.148113742471 0.226344868541 -0.928196489811 -0.027752026916 0.270334064960 0.055436518043 0.960768520832
1413393294.555760383606 0.138625919819 0.225374981761 -0.929067969322 -0.029887272045 0.271305471659 0.057318046689 0.960320115089
1413393294.605760574341 0.128689974546 0.224930986762 -0.929527044296 -0.030961912125 0.272101461887 0.059686329216 0.959916532040
1413393294.655760526657 0.119155392051 0.223937705159 -0.930163025856 -0.030632084236 0.271917551756 0.063838638365 0.959712028503
1413393294.705760717392 0.109278663993 0.224117621779 -0.929678142071 -0.030118271708 0.271754980087 0.068406686187 0.959459602833
1413393294.755760431290 0.099438548088 0.223614469171 -0.930763602257 -0.028763633221 0.271153748035 0.072712577879 0.959354579449
1413393294.805760622025 0.089279122651 0.221841782331 -0.930892229080 -0.027782509103 0.270810633898 0.077808424830 0.959080576897
1413393294.855760574341 0.079490758479 0.221211493015 -0.930581271648 -0.028436275199 0.270460933447 0.080772653222 0.958915054798
1413393294.905760526657 0.070272110403 0.220661565661 -0.930942416191 -0.029248917475 0.271035820246 0.081651382148 0.958653807640
1413393294.955760478973 0.062201701105 0.219264537096 -0.931209087372 -0.030876662582 0.271618753672 0.080101266503 0.958568572998
1413393295.005760669708 0.052625209093 0.219680786133 -0.931229829788 -0.032025292516 0.272915869951 0.076553106308 0.958452343941
1413393295.055760383606 0.043347217143 0.218156576157 -0.930769622326 -0.033893741667 0.275200664997 0.072601415217 0.958042204380
1413393295.105760574341 0.033621206880 0.216955512762 -0.930097103119 -0.035622149706 0.277126073837 0.068437732756 0.957730948925
1413393295.155760526657 0.024396218359 0.215509176254 -0.928869307041 -0.035924836993 0.277328789234 0.067953072488 0.957695424557
1413393295.205760717392 0.015772916377 0.214455455542 -0.929382979870 -0.034388858825 0.276824951172 0.069396406412 0.957794129848
1413393295.255760431290 0.007030874491 0.212841302156 -0.928493440151 -0.033776130527 0.276015460491 0.072689674795 0.957805275917
1413393295.305760622025 -0.001323349774 0.211172983050 -0.928227007389 -0.032888624817 0.274526357651 0.076389677823 0.957976102829
1413393295.355760574341 -0.011117480695 0.209138691425 -0.926507890224 -0.032246045768 0.274236917496 0.079552657902 0.957823455334
1413393295.405760526657 -0.019394472241 0.208969488740 -0.926745235920 -0.030890898779 0.271635353565 0.085051916540 0.958136856556
1413393295.455760478973 -0.028014998883 0.205352827907 -0.925007700920 -0.030328337103 0.270802885294 0.089155524969 0.958017349243
1413393295.505760669708 -0.037007112056 0.202743545175 -0.923596501350 -0.029451323673 0.269775241613 0.093997865915 0.957871794701
1413393295.555760383606 -0.044440388680 0.201730996370 -0.923241913319 -0.027579234913 0.267467439175 0.097848370671 0.958189070225
1413393295.605760574341 -0.052455909550 0.201674461365 -0.921566903591 -0.026397174224 0.266955047846 0.100537054241 0.958086907864
1413393295.655760526657 -0.059286028147 0.201244637370 -0.920205652714 -0.025877891108 0.265858739614 0.102529056370 0.958194792271
1413393295.705760717392 -0.066330209374 0.202542543411 -0.918840885162 -0.025548210368 0.265347212553 0.103199779987 0.958273470402
1413393295.755760431290 -0.072239451110 0.202777102590 -0.917790055275 -0.026736689731 0.265216410160 0.102091051638 0.958395957947
1413393295.805760622025 -0.078011043370 0.205342814326 -0.916635751724 -0.027188578621 0.265541821718 0.098681032658 0.958650290966
1413393295.855760574341 -0.084074586630 0.207103803754 -0.915389776230 -0.029715171084 0.267444640398 0.091449134052 0.958763480186
1413393295.905760526657 -0.089584924281 0.208962157369 -0.913317620754 -0.032259359956 0.270354390144 0.082719616592 0.958658099174
1413393295.955760478973 -0.094733081758 0.209802582860 -0.911912500858 -0.035634007305 0.272543013096 0.074401967227 0.958600521088
1413393296.005760669708 -0.099427215755 0.212144285440 -0.910033226013 -0.036559253931 0.274070829153 0.067887954414 0.958613514900
1413393296.055760383606 -0.104472175241 0.213232934475 -0.907821297646 -0.038158070296 0.275682151318 0.062432933599 0.958459973335
1413393296.105760574341 -0.109708331525 0.213499605656 -0.906155169010 -0.039592511952 0.276143938303 0.059089478105 0.958480834961
1413393296.155760526657 -0.115377187729 0.212417766452 -0.903568506241 -0.040683865547 0.276461899281 0.058320291340 0.958390533924
1413393296.205760717392 -0.121297150850 0.212964579463 -0.901480138302 -0.041545592248 0.276929438114 0.057179927826 0.958287298679
1413393296.255760431290 -0.126743227243 0.211301386356 -0.899424970150 -0.043397966772 0.276573359966 0.057611301541 0.958282172680
1413393296.305760622025 -0.132412523031 0.210619091988 -0.896888256073 -0.043856356293 0.276742160320 0.057373419404 0.958226859570
1413393296.355760574341 -0.138013750315 0.208985403180 -0.893557429314 -0.044120494276 0.276238262653 0.060242816806 0.958184003830
1413393296.405760526657 -0.145982578397 0.207772880793 -0.890055358410 -0.043024081737 0.275797307491 0.065259039402 0.958032369614
1413393296.455760478973 -0.152902856469 0.205933272839 -0.886181592941 -0.042752601206 0.275667130947 0.071105100214 0.957665860653
1413393296.505760669708 -0.158378452063 0.205144450068 -0.881775856018 -0.041868336499 0.276410639286 0.077361658216 0.957005441189
1413393296.555760383606 -0.164577066898 0.204447865486 -0.877301216125 -0.040982678533 0.278946220875 0.082584373653 0.955870926380
1413393296.605760574341 -0.169232726097 0.206099271774 -0.873106956482 -0.038599569350 0.281645327806 0.087930470705 0.954701125622
1413393296.655760526657 -0.175172567368 0.206935167313 -0.867473542690 -0.038193576038 0.286458730698 0.092311486602 0.952870011330
1413393296.705760717392 -0.180893555284 0.208749264479 -0.861205339432 -0.036632750183 0.291280061007 0.096554681659 0.951047420502
1413393296.755760431290 -0.185642719269 0.211593657732 -0.855175852776 -0.035528663546 0.295279026031 0.100657641888 0.949429333210
1413393296.805760622025 -0.191132143140 0.213294312358 -0.849451184273 -0.034396927804 0.299225836992 0.103617094457 0.947915732861
1413393296.855760574341 -0.195782929659 0.213860809803 -0.844371438026 -0.033965744078 0.302906036377 0.104898534715 0.946620643139
1413393296.905760526657 -0.199625670910 0.215647816658 -0.839628577232 -0.033667720854 0.306184768677 0.104936033487 0.945571660995
1413393296.955760478973 -0.203264892101 0.217028394341 -0.833450913429 -0.033195722848 0.309748411179 0.104574456811 0.944467186928
1413393297.005760669708 -0.206913515925 0.217268526554 -0.829126715660 -0.033659949899 0.313157558441 0.104667402804 0.943315505981
1413393297.055760383606 -0.209989130497 0.218396484852 -0.822987079620 -0.033527497202 0.317549556494 0.104205705225 0.941902041435
1413393297.105760574341 -0.213514506817 0.219192743301 -0.817462563515 -0.033105637878 0.321846574545 0.105302274227 0.940335154533
1413393297.155760526657 -0.216445058584 0.218449488282 -0.812733411789 -0.033873338252 0.325032383204 0.106386475265 0.939089179039
1413393297.205760717392 -0.219007581472 0.218908399343 -0.806524872780 -0.032719537616 0.327231287956 0.109117783606 0.938052535057
1413393297.255760431290 -0.220198839903 0.219771027565 -0.801652193069 -0.030836956576 0.328333765268 0.112151794136 0.937372922897
1413393297.305760622025 -0.222447723150 0.220246702433 -0.797768235207 -0.029232664034 0.329260110855 0.113702051342 0.936912536621
1413393297.355760574341 -0.224245905876 0.219962343574 -0.792357742786 -0.029320040718 0.331068903208 0.114128589630 0.936220288277
1413393297.405760526657 -0.225570112467 0.219468459487 -0.787427783012 -0.028740819544 0.332480669022 0.114046975970 0.935747802258
1413393297.455760478973 -0.227441698313 0.220367938280 -0.781109809875 -0.028988171369 0.334920227528 0.112725563347 0.935030043125
1413393297.505760669708 -0.228896364570 0.220024436712 -0.775299191475 -0.029856391251 0.336554199457 0.110230788589 0.934713363647
1413393297.555760383606 -0.230065062642 0.219446420670 -0.770274221897 -0.029709093273 0.337071806192 0.109528064728 0.934614181519
1413393297.605760574341 -0.230278581381 0.219216704369 -0.764647781849 -0.029304882511 0.337131887674 0.109349608421 0.934626102448
1413393297.655760526657 -0.230801135302 0.219736218452 -0.760087370872 -0.027128176764 0.336039483547 0.111292026937 0.934855937958
1413393297.705760717392 -0.231014639139 0.220014959574 -0.755593717098 -0.024926049635 0.334348440170 0.113741382957 0.935228705406
1413393297.755760431290 -0.231197133660 0.220162943006 -0.750006675720 -0.022000130266 0.333439767361 0.115745835006 0.935380637646
1413393297.805760622025 -0.231260448694 0.220160290599 -0.744035005569 -0.019849512726 0.332546383142 0.117323964834 0.935550093651
1413393297.855760574341 -0.231469810009 0.220228239894 -0.739468872547 -0.016502497718 0.331638813019 0.118830673397 0.935747087002
1413393297.905760526657 -0.230170786381 0.219634577632 -0.734289050102 -0.016223236918 0.330409944057 0.119631759822 0.936084568501
1413393297.955760478973 -0.229576736689 0.220610022545 -0.730200588703 -0.015390399843 0.329423785210 0.119881890714 0.936414122581
1413393298.005760669708 -0.227996513247 0.220579832792 -0.725375115871 -0.015319872648 0.328598380089 0.119966097176 0.936694502831
1413393298.055760383606 -0.226032674313 0.219786465168 -0.721873402596 -0.016360718757 0.327435821295 0.120259076357 0.937046349049
1413393298.105760574341 -0.225045710802 0.220263972878 -0.718011140823 -0.018313337117 0.327520638704 0.119360484183 0.937095522881
1413393298.155760526657 -0.222527801991 0.221281826496 -0.714325368404 -0.021463828161 0.326708853245 0.118155747652 0.937464594841
1413393298.205760717392 -0.219907909632 0.222463205457 -0.710792183876 -0.025456881151 0.326477229595 0.115576639771 0.937766849995
1413393298.255760431290 -0.217389479280 0.222511589527 -0.707499504089 -0.029405185953 0.327383995056 0.111696355045 0.937805414200
1413393298.305760622025 -0.214503929019 0.222793325782 -0.703676402569 -0.034502275288 0.327982574701 0.106437750161 0.938034117222
1413393298.355760574341 -0.211234435439 0.223465710878 -0.699482321739 -0.038971647620 0.328853517771 0.101051330566 0.938149929047
1413393298.405760526657 -0.208791509271 0.224485799670 -0.695022821426 -0.041748378426 0.330589592457 0.094091631472 0.938144147396
1413393298.455760478973 -0.206038102508 0.224517911673 -0.690398216248 -0.043016839772 0.332122623920 0.086898162961 0.938239216805
1413393298.505760669708 -0.202180564404 0.224577724934 -0.686236143112 -0.042605139315 0.332346916199 0.081114947796 0.938696265221
1413393298.555760383606 -0.198918759823 0.223983049393 -0.681967258453 -0.041138503700 0.332476168871 0.077709324658 0.939004004002
1413393298.605760574341 -0.196410253644 0.223565280437 -0.676891922951 -0.038865122944 0.331718623638 0.077471189201 0.939388394356
1413393298.655760526657 -0.194213196635 0.221559047699 -0.671079099178 -0.037427846342 0.329959362745 0.080570511520 0.939805567265
1413393298.705760717392 -0.191369578242 0.221147686243 -0.665920495987 -0.034101847559 0.327095031738 0.086030982435 0.940449118614
1413393298.755760431290 -0.189387083054 0.219646245241 -0.659792423248 -0.031701307744 0.325082212687 0.091410212219 0.940723538399
1413393298.805760622025 -0.186915308237 0.219476073980 -0.653658211231 -0.028562139720 0.323344588280 0.095777504146 0.940988361835
1413393298.855760574341 -0.184387773275 0.217230141163 -0.647711277008 -0.027282403782 0.321971297264 0.099954113364 0.941062927246
1413393298.905760526657 -0.181948050857 0.215620905161 -0.642335057259 -0.025668870658 0.321393430233 0.102984309196 0.940979063511
1413393298.955760478973 -0.179629296064 0.214242100716 -0.636831939220 -0.025410460308 0.321383744478 0.105822101235 0.940674483776
1413393299.005760669708 -0.176552146673 0.213724449277 -0.630839705467 -0.023918462917 0.321529060602 0.107801049948 0.940439224243
1413393299.055760383606 -0.173796445131 0.211506858468 -0.625156998634 -0.025123598054 0.322914540768 0.108207277954 0.939886271954
1413393299.105760574341 -0.171943753958 0.210108399391 -0.619380474091 -0.024746619165 0.325266420841 0.106797650456 0.939246296883
1413393299.155760526657 -0.169191926718 0.208072587848 -0.614379763603 -0.024650499225 0.328294038773 0.102406769991 0.938684284687
1413393299.205760717392 -0.165932789445 0.206871449947 -0.608403444290 -0.022565724328 0.332198321819 0.095784135163 0.938062131405
1413393299.255760431290 -0.162927299738 0.204894632101 -0.603297472000 -0.018857296556 0.335579454899 0.089936241508 0.937519252300
1413393299.305760622025 -0.159466087818 0.203505098820 -0.598954558372 -0.012893314473 0.337884843349 0.084909662604 0.937260925770
1413393299.355760574341 -0.156814694405 0.199603855610 -0.592303931713 -0.007637255825 0.340762495995 0.082661889493 0.936477243900
1413393299.405760526657 -0.154785588384 0.197902441025 -0.588770866394 -0.001920795301 0.341494768858 0.081929922104 0.936304032803
1413393299.455760478973 -0.153108656406 0.197015628219 -0.584111928940 0.002545485971 0.341570675373 0.083733513951 0.936115264893
1413393299.505760669708 -0.152111470699 0.195509970188 -0.579299330711 0.004588151351 0.341834425926 0.086394667625 0.935769319534
1413393299.555760383606 -0.151130497456 0.192801207304 -0.575333237648 0.003445148235 0.340893507004 0.089887164533 0.935788452625
1413393299.605760574341 -0.150822117925 0.190882369876 -0.571475565434 0.002213326050 0.339751094580 0.093953102827 0.935808241367
1413393299.655760526657 -0.150859504938 0.189329251647 -0.567355036736 0.000622469641 0.339061290026 0.098631091416 0.935579478741
1413393299.705760717392 -0.150961339474 0.188240572810 -0.563946783543 -0.001796317752 0.338320195675 0.101685732603 0.935519278049
1413393299.755760431290 -0.151019304991 0.186088562012 -0.562074482441 -0.002931394149 0.337390840054 0.103007510304 0.935707390308
1413393299.805760622025 -0.152099400759 0.184056878090 -0.558865666389 -0.004158608615 0.338354498148 0.101385302842 0.935531973839
1413393299.855760574341 -0.151804089546 0.182818502188 -0.557438433170 -0.005413464271 0.337658792734 0.099758550525 0.935951650143
1413393299.905760526657 -0.152479305863 0.180962517858 -0.555001497269 -0.009825765155 0.338336795568 0.096807844937 0.935980737209
1413393299.955760478973 -0.153094708920 0.179926514626 -0.553780555725 -0.014656727202 0.339069187641 0.091942325234 0.936143100262
1413393300.005760669708 -0.153829336166 0.178070187569 -0.551716208458 -0.018449511379 0.340137779713 0.087190583348 0.936143040657
1413393300.055760383606 -0.154515698552 0.176145613194 -0.549393773079 -0.022836729884 0.340732991695 0.082385905087 0.936264932156
1413393300.105760574341 -0.155704528093 0.173687353730 -0.547586262226 -0.025756686926 0.340916454792 0.080151118338 0.936316430569
1413393300.155760526657 -0.157384961843 0.171418011189 -0.545548319817 -0.026546012610 0.339921534061 0.081335574389 0.936553895473
1413393300.205760717392 -0.159895777702 0.169741645455 -0.543108463287 -0.025541381910 0.337542265654 0.085327073932 0.937087059021
1413393300.255760431290 -0.161761969328 0.167175382376 -0.541219234467 -0.023903438821 0.332211375237 0.091325618327 0.938468933105
1413393300.305760622025 -0.164702057838 0.163597941399 -0.538569569588 -0.022377358750 0.325011193752 0.097373254597 0.940417706966
1413393300.355760574341 -0.167330414057 0.161144509912 -0.536325275898 -0.020236089826 0.316588878632 0.102778777480 0.942761123180
1413393300.405760526657 -0.170254588127 0.158583953977 -0.533806264400 -0.018677484244 0.307168155909 0.107230678201 0.945410192013
1413393300.455760478973 -0.172578349710 0.155411958694 -0.531752109528 -0.017890147865 0.295965105295 0.110722184181 0.948591172695
1413393300.505760669708 -0.174569547176 0.153134465218 -0.529264926910 -0.016562812030 0.285179466009 0.110707290471 0.951915025711
1413393300.555760383606 -0.177155315876 0.149899497628 -0.527205109596 -0.016342349350 0.273984283209 0.109567873180 0.955332696438
1413393300.605760574341 -0.178760379553 0.147937566042 -0.525075793266 -0.016193881631 0.262436717749 0.106344714761 0.958934605122
1413393300.655760526657 -0.180474370718 0.145473212004 -0.523430883884 -0.017043069005 0.251305103302 0.100094050169 0.962567687035
1413393300.705760717392 -0.181401193142 0.143688380718 -0.521731615067 -0.018988253549 0.239900261164 0.091892994940 0.966252088547
1413393300.755760431290 -0.182641118765 0.141846433282 -0.520652413368 -0.020473795012 0.228790298104 0.083933450282 0.969634473324
1413393300.805760622025 -0.182800054550 0.139840707183 -0.519323468208 -0.022022040561 0.219074338675 0.074628643692 0.972600698471
1413393300.855760574341 -0.183337703347 0.138424336910 -0.517994880676 -0.021901069209 0.211070194840 0.065877102315 0.975002527237
1413393300.905760526657 -0.183619037271 0.137927472591 -0.516667664051 -0.020197657868 0.204234391451 0.058225531131 0.976980090141
1413393300.955760478973 -0.183725565672 0.138573497534 -0.514379501343 -0.017216442153 0.198421597481 0.051935333759 0.978588342667
1413393301.005760669708 -0.183848217130 0.139242947102 -0.512620389462 -0.013377251104 0.193130180240 0.047524813563 0.979930222034
1413393301.055760383606 -0.184013783932 0.140535265207 -0.510742425919 -0.009266218171 0.187978282571 0.044787980616 0.981107711792
1413393301.105760574341 -0.184527590871 0.142929285765 -0.508812546730 -0.005829297006 0.182477906346 0.041836403310 0.982302188873
1413393301.155760526657 -0.185708671808 0.146133035421 -0.506531894207 -0.002978876699 0.176663786173 0.039281290025 0.983482658863
1413393301.205760717392 -0.186623781919 0.149926096201 -0.504832923412 -0.001141738612 0.169524893165 0.037714634091 0.984803318977
1413393301.255760431290 -0.188015028834 0.154662132263 -0.502976715565 0.000079889855 0.161686748266 0.035948839039 0.986187160015
1413393301.305760622025 -0.189416095614 0.158248916268 -0.501677095890 0.000635167642 0.153182223439 0.033814296126 0.987619042397
1413393301.355760574341 -0.191293567419 0.162513777614 -0.500117182732 0.000532670820 0.143656224012 0.030065031722 0.989170730114
1413393301.405760526657 -0.193537265062 0.166079804301 -0.499904304743 0.000291738397 0.133257284760 0.028143299744 0.990681767464
1413393301.455760478973 -0.196167916059 0.169861793518 -0.499576330185 -0.000379817997 0.122721120715 0.025608332828 0.992110669613
1413393301.505760669708 -0.198334887624 0.173255831003 -0.499986082315 -0.002795219189 0.110912241042 0.022652793676 0.993568122387
1413393301.555760383606 -0.201801881194 0.176586970687 -0.500875174999 -0.007594080176 0.099989876151 0.019325809553 0.994771778584
1413393301.605760574341 -0.204662576318 0.179733186960 -0.501468122005 -0.013248103671 0.088646262884 0.015047317371 0.995861411095
1413393301.655760526657 -0.207732975483 0.183059930801 -0.502892374992 -0.018570251763 0.077140472829 0.009606718086 0.996801018715
1413393301.705760717392 -0.210922881961 0.185872808099 -0.503552079201 -0.022441022098 0.067195303738 0.003917152528 0.997479736805
1413393301.755760431290 -0.214377298951 0.187852531672 -0.504860818386 -0.026124225929 0.058778002858 -0.000465912162 0.997929096222
1413393301.805760622025 -0.217686966062 0.190215528011 -0.505644559860 -0.028055373579 0.051518846303 -0.004794833250 0.998266398907
1413393301.855760574341 -0.221237152815 0.192630216479 -0.506527662277 -0.027787523344 0.045529242605 -0.007374959998 0.998549222946
1413393301.905760526657 -0.225131377578 0.194134935737 -0.507193386555 -0.028608910739 0.040887236595 -0.010231272317 0.998701691628
1413393301.955760478973 -0.228971406817 0.195787653327 -0.507642090321 -0.028853280470 0.036961749196 -0.012480454519 0.998822093010
1413393302.005760669708 -0.233351171017 0.196917861700 -0.508557558060 -0.028501950204 0.034103758633 -0.014493822120 0.998906672001
1413393302.055760383606 -0.238102003932 0.198341235518 -0.509187340736 -0.027121482417 0.031944032758 -0.015707472339 0.998998165131
1413393302.105760574341 -0.242775887251 0.199398100376 -0.509237945080 -0.026618929580 0.029913963750 -0.015561766922 0.999076783657
1413393302.155760526657 -0.247983649373 0.199972480536 -0.509728431702 -0.025693593547 0.028875753284 -0.014304543845 0.999150335789
1413393302.205760717392 -0.253459900618 0.200419932604 -0.510246932507 -0.025455489755 0.028329463676 -0.013272728771 0.999186336994
1413393302.255760431290 -0.259347498417 0.200988486409 -0.510460197926 -0.025031680241 0.028211502358 -0.011024846695 0.999227702618
1413393302.305760622025 -0.264627456665 0.200750336051 -0.510991215706 -0.023814445361 0.028138274327 -0.008452578448 0.999284565449
1413393302.355760574341 -0.271255880594 0.199962079525 -0.511373281479 -0.024295207113 0.028897279873 -0.004009508993 0.999279022217
1413393302.405760526657 -0.277267634869 0.199643850327 -0.511324822903 -0.024359809235 0.029929582030 -0.001554759336 0.999253928661
1413393302.455760478973 -0.283721536398 0.199096441269 -0.512030243874 -0.024039905518 0.031527284533 0.002156247385 0.999211430550
1413393302.505760669708 -0.289712727070 0.198492005467 -0.512640893459 -0.024446371943 0.032782081515 0.005382625386 0.999149024487
1413393302.555760383606 -0.295923143625 0.197678238153 -0.513045310974 -0.024430001155 0.034214533865 0.010092443787 0.999064922333
1413393302.605760574341 -0.302418708801 0.196685194969 -0.513750433922 -0.025060081854 0.035736061633 0.014777502045 0.998937726021
1413393302.655760526657 -0.308248490095 0.194593280554 -0.514464974403 -0.026527006179 0.037288200110 0.018032776192 0.998789668083
1413393302.705760717392 -0.314031243324 0.193702533841 -0.515087246895 -0.026773199439 0.038924697787 0.019191285595 0.998699069023
1413393302.755760431290 -0.319717496634 0.191711470485 -0.515561640263 -0.027644731104 0.040245499462 0.021055102348 0.998585402966
1413393302.805760622025 -0.325028628111 0.189508542418 -0.516118526459 -0.027419386432 0.041413161904 0.022715866566 0.998507440090
1413393302.855760574341 -0.329630911350 0.186710596085 -0.516060650349 -0.028379308060 0.041951358318 0.024758862332 0.998409628868
1413393302.905760526657 -0.335087209940 0.184343472123 -0.516617238522 -0.028399148956 0.042716655880 0.024999430403 0.998370587826
1413393302.955760478973 -0.339485287666 0.181694880128 -0.517293334007 -0.029240317643 0.043162971735 0.025412585586 0.998316645622
1413393303.005760669708 -0.343139767647 0.179232582450 -0.517176568508 -0.029429193586 0.043592661619 0.023677289486 0.998335123062
1413393303.055760383606 -0.348506987095 0.176112502813 -0.517034828663 -0.028948504478 0.045047502965 0.022016432136 0.998322606087
1413393303.105760574341 -0.351968407631 0.172890320420 -0.517198503017 -0.028434371576 0.045289963484 0.020957384259 0.998349189758
1413393303.155760526657 -0.356103599072 0.170513644814 -0.517543196678 -0.028038177639 0.045625269413 0.019408328459 0.998376429081
1413393303.205760717392 -0.359283030033 0.167311459780 -0.516874253750 -0.027295459062 0.045263275504 0.019437137991 0.998412966728
1413393303.255760431290 -0.362134933472 0.164809539914 -0.516884684563 -0.027340462431 0.045232009143 0.018378522247 0.998433172703
1413393303.305760622025 -0.365412741899 0.161755964160 -0.517288446426 -0.027765320614 0.046392973512 0.015004404821 0.998424589634
1413393303.355760574341 -0.368578583002 0.158971235156 -0.516824781895 -0.028451124206 0.048476029187 0.009358264506 0.998375236988
1413393303.405760526657 -0.370939135551 0.156031534076 -0.516908705235 -0.029040092602 0.050171930343 0.004416313022 0.998308539391
1413393303.455760478973 -0.373913764954 0.152560293674 -0.516438424587 -0.030037155375 0.051682248712 0.001260165009 0.998210966587
1413393303.505760669708 -0.377069294453 0.148991823196 -0.516331672668 -0.029377631843 0.053116038442 -0.001824441249 0.998154461384
1413393303.555760383606 -0.380228757858 0.144869536161 -0.516126275063 -0.028928261250 0.054612323642 -0.002502688207 0.998085379601
1413393303.605760574341 -0.383996605873 0.141004234552 -0.516240477562 -0.026813412085 0.055909894407 -0.003762870329 0.998068630695
1413393303.655760526657 -0.387437105179 0.136445268989 -0.516304075718 -0.024878032506 0.056568294764 -0.002939478261 0.998084425926
1413393303.705760717392 -0.390687406063 0.132455691695 -0.515882968903 -0.023521954194 0.057249568403 -0.001691504032 0.998081326485
1413393303.755760431290 -0.394425421953 0.127013638616 -0.515642285347 -0.024032497779 0.057326920331 0.000442857243 0.998066067696
1413393303.805760622025 -0.398470491171 0.122170552611 -0.515325963497 -0.023071227595 0.057568918914 0.001667316188 0.998073518276
1413393303.855760574341 -0.403009623289 0.117165111005 -0.515657365322 -0.023012027144 0.057634856552 0.004749296233 0.998061180115
1413393303.905760526657 -0.406792044640 0.112747974694 -0.515775024891 -0.022460652515 0.056691523641 0.007573352661 0.998110353947
1413393303.955760478973 -0.411659359932 0.107226192951 -0.515241742134 -0.022701585665 0.056331407279 0.012365667149 0.998077392578
1413393304.005760669708 -0.416171967983 0.103598713875 -0.514578759670 -0.023225067183 0.055963020772 0.016211017966 0.998031020164
1413393304.055760383606 -0.419946700335 0.100072212517 -0.514294445515 -0.023283455521 0.055166151375 0.019553113729 0.998014152050
1413393304.105760574341 -0.423869162798 0.098415613174 -0.513208091259 -0.024998446926 0.054835882038 0.021276446059 0.997955620289
1413393304.155760526657 -0.426430672407 0.097080916166 -0.512056171894 -0.029483703896 0.054674591869 0.021455043927 0.997838258743
1413393304.205760717392 -0.429679393768 0.095832154155 -0.511653244495 -0.033785089850 0.054175615311 0.020980436355 0.997739136219
1413393304.255760431290 -0.432542413473 0.096511006355 -0.509268999100 -0.037789847702 0.055007394403 0.017252491787 0.997621417046
1413393304.305760622025 -0.435325443745 0.096849091351 -0.508410811424 -0.040901400149 0.055783014745 0.013671594672 0.997511148453
1413393304.355760574341 -0.438153952360 0.098832949996 -0.505761206150 -0.043008957058 0.056712236255 0.009286354296 0.997420549393
1413393304.405760526657 -0.440063834190 0.099739536643 -0.503936409950 -0.044552564621 0.056322388351 0.006275332067 0.997398376465
1413393304.455760478973 -0.442103266716 0.100527182221 -0.500668883324 -0.044685032219 0.056458611041 0.002981820377 0.997400045395
1413393304.505760669708 -0.444357961416 0.100693836808 -0.498438507318 -0.044308707118 0.055848069489 0.001149241929 0.997455000877
1413393304.555760383606 -0.446519404650 0.101348347962 -0.495289295912 -0.041795600206 0.055100034922 -0.001278741634 0.997604906559
1413393304.605760574341 -0.448298841715 0.102162994444 -0.492112785578 -0.039245095104 0.055039852858 -0.004501892719 0.997702419758
1413393304.655760526657 -0.451271623373 0.102931469679 -0.488062888384 -0.036830812693 0.054614353925 -0.006699078251 0.997805535793
1413393304.705760717392 -0.453216075897 0.102214470506 -0.485014647245 -0.034032411873 0.053690198809 -0.008287379518 0.997943103313
1413393304.755760431290 -0.455862283707 0.102414093912 -0.481363296509 -0.033554080874 0.052024617791 -0.007622802164 0.998052835464
1413393304.805760622025 -0.458821654320 0.102094337344 -0.477665692568 -0.032341215760 0.050070598722 -0.007367738988 0.998194694519
1413393304.855760574341 -0.461972743273 0.102059915662 -0.474085867405 -0.031947292387 0.047585166991 -0.004848041572 0.998344421387
1413393304.905760526657 -0.464921712875 0.101139187813 -0.470738261938 -0.033019766212 0.046264115721 -0.005949744955 0.998365640640
1413393304.955760478973 -0.467932581902 0.099985063076 -0.466726303101 -0.033278696239 0.044770602137 -0.005344010890 0.998428583145
1413393305.005760669708 -0.471121579409 0.099364943802 -0.462742477655 -0.034110605717 0.044561475515 -0.007078124210 0.998399078846
1413393305.055760383606 -0.473723351955 0.098033905029 -0.459623128176 -0.035466704518 0.043151821941 -0.005981014110 0.998420894146
1413393305.105760574341 -0.477648854256 0.096771717072 -0.455664008856 -0.035427737981 0.043490845710 -0.005524519831 0.998410224915
1413393305.155760526657 -0.480783164501 0.095326758921 -0.451510161161 -0.036424558610 0.043288774788 -0.004244476091 0.998389363289
1413393305.205760717392 -0.483678042889 0.093266360462 -0.446858137846 -0.036687266082 0.044049989432 -0.005737434607 0.998338997364
1413393305.255760431290 -0.487163424492 0.091508492827 -0.443393677473 -0.036560997367 0.046359263361 -0.010231389664 0.998203158379
1413393305.305760622025 -0.490626871586 0.089320160449 -0.438717901707 -0.035809405148 0.048714976758 -0.011577151716 0.998103499413
1413393305.355760574341 -0.493472129107 0.086305625737 -0.434274971485 -0.035080645233 0.051425442100 -0.011923206039 0.997989296913
1413393305.405760526657 -0.497105032206 0.082932770252 -0.430176585913 -0.035807505250 0.053999051452 -0.010280207731 0.997845828533
1413393305.455760478973 -0.501461386681 0.080404393375 -0.425708889961 -0.036179881543 0.056121822447 -0.006756213959 0.997745335102
1413393305.505760669708 -0.505160272121 0.077400259674 -0.421022951603 -0.036002065986 0.058172948658 -0.004203707445 0.997648298740
1413393305.555760383606 -0.509257912636 0.074464045465 -0.416018605232 -0.035669192672 0.060065407306 -0.001918064081 0.997555136681
1413393305.605760574341 -0.514041185379 0.070865817368 -0.411641716957 -0.036110837013 0.061654899269 0.000432094443 0.997443974018
1413393305.655760526657 -0.518086373806 0.067356631160 -0.406803071499 -0.036413572729 0.064700573683 0.001502171392 0.997238993645
1413393305.705760717392 -0.522710442543 0.063870459795 -0.401199579239 -0.036400280893 0.069241374731 0.001550432527 0.996934413910
1413393305.755760431290 -0.527665078640 0.060544401407 -0.396341145039 -0.034982290119 0.075657919049 -0.000857755018 0.996519625187
1413393305.805760622025 -0.532082498074 0.057088594884 -0.391283512115 -0.033685788512 0.082319580019 -0.002699112520 0.996032893658
1413393305.855760574341 -0.536558389664 0.053211171180 -0.385741323233 -0.032593339682 0.088925771415 -0.006952316500 0.995480537415
1413393305.905760526657 -0.541977405548 0.050168953836 -0.380624920130 -0.032555088401 0.095725998282 -0.011780675501 0.994805514812
1413393305.955760478973 -0.548101425171 0.045681357384 -0.374657720327 -0.030996456742 0.100174792111 -0.013001956046 0.994401931763
1413393306.005760669708 -0.554197669029 0.041445445269 -0.369333267212 -0.030431369320 0.102640852332 -0.009399927221 0.994208455086
1413393306.055760383606 -0.561148345470 0.037116192281 -0.363903522491 -0.028882736340 0.103781625628 -0.005128419958 0.994167447090
1413393306.105760574341 -0.568050146103 0.032805982977 -0.357716232538 -0.028699589893 0.104415297508 -0.000645137567 0.994119405746
1413393306.155760526657 -0.576035559177 0.028448756784 -0.352149724960 -0.028251957148 0.104697532952 0.002543287119 0.994099497795
1413393306.205760717392 -0.583873510361 0.023049551994 -0.347486138344 -0.028571542352 0.104549631476 0.006005039439 0.994091033936
1413393306.255760431290 -0.591784834862 0.018983259797 -0.341681987047 -0.029051218182 0.104334957898 0.008159937337 0.994084358215
1413393306.305760622025 -0.600282430649 0.014691206627 -0.335799813271 -0.030875949189 0.104376003146 0.010982091539 0.993997871876
1413393306.355760574341 -0.608008503914 0.011501381174 -0.330013781786 -0.032810501754 0.105346493423 0.015251856297 0.993777096272
1413393306.405760526657 -0.616435408592 0.005904867779 -0.326222866774 -0.035626851022 0.107471823692 0.020140396431 0.993365466595
1413393306.455760478973 -0.624954164028 0.003133562161 -0.319195330143 -0.037569783628 0.112723112106 0.025292230770 0.992593765259
1413393306.505760669708 -0.632825851440 0.001544483704 -0.311681687832 -0.037824124098 0.119517453015 0.031359810382 0.991615593433
1413393306.555760383606 -0.639951944351 0.000108905253 -0.305248945951 -0.037552013993 0.128529414535 0.036209497601 0.990332722664
1413393306.605760574341 -0.646772325039 -0.000782739138 -0.298376977444 -0.035506054759 0.138750895858 0.040486559272 0.988862156868
1413393306.655760526657 -0.654279589653 -0.000631911098 -0.290979087353 -0.032754693180 0.149901181459 0.045220300555 0.987123072147
1413393306.705760717392 -0.661416292191 -0.000332770869 -0.281964510679 -0.029070945457 0.158989667892 0.055381912738 0.985296905041
1413393306.755760431290 -0.668871521950 -0.003007740481 -0.273793578148 -0.027737854049 0.166915610433 0.064152978361 0.983490824699
1413393306.805760622025 -0.675511240959 -0.005052194465 -0.266912877560 -0.024856323376 0.173611029983 0.073028534651 0.981788337231
1413393306.855760574341 -0.681182563305 -0.004230226856 -0.259070634842 -0.023261491209 0.179698169231 0.079904519022 0.980195283890
1413393306.905760526657 -0.688087821007 -0.007416922133 -0.251476556063 -0.022834349424 0.187309935689 0.085327103734 0.978321433067
1413393306.955760478973 -0.693725526333 -0.009390014224 -0.243835136294 -0.022498702630 0.194356709719 0.090582542121 0.976480484009
1413393307.005760669708 -0.696021735668 -0.008694035001 -0.237768530846 -0.022136541083 0.202005222440 0.093912579119 0.974620103836
1413393307.055760383606 -0.700560510159 -0.010584685951 -0.231049418449 -0.022906025872 0.211916103959 0.095588877797 0.972332119942
1413393307.105760574341 -0.702699244022 -0.011018574238 -0.225037723780 -0.023099830374 0.222091451287 0.095426820219 0.970069885254
1413393307.155760526657 -0.706014096737 -0.012719077058 -0.219073683023 -0.024643691257 0.233379706740 0.093552336097 0.967561185360
1413393307.205760717392 -0.706954240799 -0.013879743405 -0.214942425489 -0.025878425688 0.244094133377 0.093346908689 0.964901447296
1413393307.255760431290 -0.709049463272 -0.015886217356 -0.210454016924 -0.026445223019 0.255464375019 0.093489244580 0.961924314499
1413393307.305760622025 -0.710565686226 -0.018078051507 -0.205661535263 -0.026392992586 0.267149835825 0.092695586383 0.958823204041
1413393307.355760574341 -0.711887538433 -0.019682845101 -0.198918133974 -0.028485778719 0.279000192881 0.094848155975 0.955170869827
1413393307.405760526657 -0.712833344936 -0.021165452898 -0.193022340536 -0.029053904116 0.291586756706 0.096619889140 0.951208531857
1413393307.455760478973 -0.712953686714 -0.023363256827 -0.187815651298 -0.030217478052 0.304686248302 0.098640486598 0.946849107742
1413393307.505760669708 -0.713789463043 -0.025861030445 -0.183346033096 -0.031626682729 0.317885011435 0.102155715227 0.942079126835
1413393307.555760383606 -0.713995039463 -0.028450950980 -0.178032115102 -0.034508887678 0.330975085497 0.107029452920 0.936914861202
1413393307.605760574341 -0.713801860809 -0.030405633152 -0.173494875431 -0.036116365343 0.343391925097 0.112705387175 0.931705474854
1413393307.655760526657 -0.713830471039 -0.034028802067 -0.168584495783 -0.039113700390 0.355177432299 0.119905434549 0.926251471043
1413393307.705760717392 -0.713339149952 -0.036090165377 -0.163373410702 -0.041369464248 0.367258608341 0.126208916306 0.920587360859
1413393307.755760431290 -0.713174223900 -0.039310231805 -0.157856404781 -0.042921885848 0.380362957716 0.129538297653 0.914713919163
1413393307.805760622025 -0.712857365608 -0.043392736465 -0.151440635324 -0.041478391737 0.394826829433 0.128677159548 0.908753812313
1413393307.855760574341 -0.711581528187 -0.047184951603 -0.146582692862 -0.039509639144 0.407783776522 0.128594130278 0.903114020824
1413393307.905760526657 -0.709349930286 -0.050263404846 -0.141378819942 -0.036828629673 0.420233160257 0.128142282367 0.897567451000
1413393307.955760478973 -0.707937359810 -0.054816696793 -0.135618954897 -0.035806976259 0.432792514563 0.128524705768 0.891566038132
1413393308.005760669708 -0.706336498260 -0.058544445783 -0.128626734018 -0.034136682749 0.445223391056 0.129333600402 0.885372042656
1413393308.055760383606 -0.704780578613 -0.061329457909 -0.123811990023 -0.032776787877 0.456543833017 0.131284371018 0.879350841045
1413393308.105760574341 -0.703986883163 -0.065940834582 -0.116724163294 -0.032910939306 0.468451946974 0.132872447371 0.872819900513
1413393308.155760526657 -0.703101873398 -0.069344103336 -0.108230590820 -0.033230558038 0.480259180069 0.134835839272 0.866063594818
1413393308.205760717392 -0.701188623905 -0.072681814432 -0.104218512774 -0.032744489610 0.490213245153 0.138395920396 0.859921753407
1413393308.255760431290 -0.701455354691 -0.078313313425 -0.098280876875 -0.032665275037 0.501695334911 0.141908243299 0.852699756622
1413393308.305760622025 -0.700667977333 -0.082941591740 -0.090495020151 -0.031015930697 0.513261497021 0.145510837436 0.845237970352
1413393308.355760574341 -0.700109720230 -0.087100669742 -0.084497630596 -0.029280548915 0.523468673229 0.150137290359 0.838201642036
1413393308.405760526657 -0.698961138725 -0.091188445687 -0.076236605644 -0.027015086263 0.533823609352 0.155332043767 0.830767393112
1413393308.455760478973 -0.699422955513 -0.095660775900 -0.068494021893 -0.026235362515 0.543783903122 0.162112295628 0.823000848293
1413393308.505760669708 -0.697526931763 -0.099128469825 -0.060482561588 -0.025685332716 0.552586674690 0.170200541615 0.815487623215
1413393308.555760383606 -0.698337018490 -0.102344661951 -0.050874561071 -0.025176486000 0.563100039959 0.177542224526 0.806698918343
1413393308.605760574341 -0.698629021645 -0.104951523244 -0.043056577444 -0.024374186993 0.572894215584 0.184144109488 0.798303842545
1413393308.655760526657 -0.697284102440 -0.106363415718 -0.035808652639 -0.023071557283 0.581504046917 0.193058773875 0.789967715740
1413393308.705760717392 -0.696306407452 -0.106371730566 -0.026248514652 -0.020935561508 0.591298401356 0.200531557202 0.780842483044
1413393308.755760431290 -0.694777131081 -0.105668216944 -0.019308209419 -0.018293539062 0.600875020027 0.206790134311 0.771914839745
1413393308.805760622025 -0.693606555462 -0.105042643845 -0.011432230473 -0.014350469224 0.611425638199 0.210150450468 0.762751221657
1413393308.855760574341 -0.692042469978 -0.104482300580 -0.004098474979 -0.011731812730 0.622695744038 0.211345329881 0.753289818764
1413393308.905760526657 -0.690871834755 -0.100888557732 0.002942740917 -0.009132231586 0.633518278599 0.211013585329 0.744341671467
1413393308.955760478973 -0.688705146313 -0.098891034722 0.011320888996 -0.007446469739 0.644623637199 0.211317628622 0.734676659107
1413393309.005760669708 -0.688489496708 -0.096107624471 0.017805814743 -0.006232987624 0.655070424080 0.211031317711 0.725472033024
1413393309.055760383606 -0.686432301998 -0.093114130199 0.024316787720 -0.005433997139 0.664370357990 0.213005930185 0.716387510300
1413393309.105760574341 -0.684431970119 -0.090014152229 0.030618011951 -0.003369925311 0.673726677895 0.213107690215 0.707577645779
1413393309.155760526657 -0.682054638863 -0.087028309703 0.035229802132 -0.002952701412 0.681866586208 0.215054258704 0.699143052101
1413393309.205760717392 -0.682009279728 -0.085524559021 0.042001128197 -0.001643827301 0.689644455910 0.215733811259 0.691264569759
1413393309.255760431290 -0.681022346020 -0.083177283406 0.047585308552 -0.002688712673 0.696159839630 0.216140419245 0.684571087360
1413393309.305760622025 -0.679752469063 -0.083422958851 0.052207589149 -0.005036368966 0.701387286186 0.215920582414 0.679270803928
1413393309.355760574341 -0.678578197956 -0.080953076482 0.056124091148 -0.007663476281 0.705622196198 0.213538721204 0.675603270531
1413393309.405760526657 -0.678621590137 -0.079238399863 0.061850667000 -0.011162409559 0.708741724491 0.211418658495 0.672950744629
1413393309.455760478973 -0.678235888481 -0.078406915069 0.065385401249 -0.014650980011 0.710530340672 0.210048690438 0.671424984932
1413393309.505760669708 -0.677270650864 -0.077103495598 0.070571362972 -0.019009606913 0.711064159870 0.210099130869 0.670734584332
1413393309.555760383606 -0.678100883961 -0.077094122767 0.075385689735 -0.022260192782 0.710564851761 0.211903020740 0.670596122742
1413393309.605760574341 -0.678323864937 -0.076483204961 0.079969108105 -0.028105940670 0.708835899830 0.215140536427 0.671175301075
1413393309.655760526657 -0.678286015987 -0.076494693756 0.084612607956 -0.032342404127 0.706720590591 0.217580348253 0.672427535057
1413393309.705760717392 -0.678288578987 -0.076404511929 0.089085757732 -0.034698087722 0.704551577568 0.220586940646 0.673605620861
1413393309.755760431290 -0.677819430828 -0.077251881361 0.093954265118 -0.034251157194 0.702552914619 0.223974376917 0.674597501755
1413393309.805760622025 -0.673785209656 -0.076721623540 0.097804427147 -0.030292021111 0.700275540352 0.228091403842 0.675774276257
1413393309.855760574341 -0.672904908657 -0.077120855451 0.103077888489 -0.026775728911 0.698368310928 0.231667891145 0.676679193974
1413393309.905760526657 -0.670618951321 -0.076954483986 0.107944428921 -0.023931821808 0.696882545948 0.234064161777 0.677492380142
1413393309.955760478973 -0.668672680855 -0.078186497092 0.109977483749 -0.021439304575 0.694396018982 0.237865105271 0.678803980350
1413393310.005760669708 -0.667239487171 -0.078870549798 0.113896846771 -0.017974123359 0.692870795727 0.240815013647 0.679422736168
1413393310.055760383606 -0.664343595505 -0.079241424799 0.116479873657 -0.016344210133 0.691780865192 0.241475462914 0.680339396000
1413393310.105760574341 -0.662322700024 -0.079905077815 0.119869351387 -0.013759562746 0.691520392895 0.240232810378 0.681100904942
1413393310.155760526657 -0.660170197487 -0.080571934581 0.121205389500 -0.012680741958 0.692446291447 0.236365616322 0.681534051895
1413393310.205760717392 -0.656940460205 -0.081221580505 0.122459650040 -0.014589851722 0.693973958492 0.230010315776 0.682116210461
1413393310.255760431290 -0.653448581696 -0.081725835800 0.124001979828 -0.018260749057 0.695987224579 0.222643375397 0.682420969009
1413393310.305760622025 -0.650832772255 -0.081808067858 0.125247359276 -0.021965190768 0.697665870190 0.216443717480 0.682592093945
1413393310.355760574341 -0.647500038147 -0.082127138972 0.124965488911 -0.025755740702 0.698787331581 0.211703419685 0.682799100876
1413393310.405760526657 -0.643066883087 -0.080570831895 0.125685811043 -0.027986790985 0.699887633324 0.206970959902 0.683035194874
1413393310.455760478973 -0.640558481216 -0.081835500896 0.127277791500 -0.028901044279 0.700627803802 0.205781519413 0.682597577572
1413393310.505760669708 -0.637210607529 -0.082747586071 0.129229485989 -0.027014959604 0.700459420681 0.207301616669 0.682387590408
1413393310.555760383606 -0.634248018265 -0.082592397928 0.129998207092 -0.024540636688 0.699755787849 0.208655506372 0.682790219784
1413393310.605760574341 -0.630869030952 -0.082826159894 0.131852686405 -0.021108765155 0.698768556118 0.212158456445 0.682836532593
1413393310.655760526657 -0.626785695553 -0.082581147552 0.133186578751 -0.016814317554 0.697630107403 0.216349631548 0.682804763317
1413393310.705760717392 -0.624557614326 -0.083308584988 0.134771585464 -0.012375808321 0.696393728256 0.220627948642 0.682792723179
1413393310.755760431290 -0.620881140232 -0.083086892962 0.136456191540 -0.009222242981 0.695183098316 0.225080803037 0.682622909546
1413393310.805760622025 -0.616688072681 -0.082965284586 0.137266069651 -0.006041484419 0.694126904011 0.229103267193 0.682395100594
1413393310.855760574341 -0.613820433617 -0.083035364747 0.138120263815 -0.004735582508 0.693956136703 0.231766656041 0.681679308414
1413393310.905760526657 -0.610006451607 -0.082646727562 0.137972593307 -0.007350266911 0.695052623749 0.230960324407 0.680812120438
1413393310.955760478973 -0.607368171215 -0.083088696003 0.138090401888 -0.014300032519 0.697238445282 0.228181958199 0.679401993752
1413393311.005760669708 -0.603171288967 -0.082397274673 0.137800812721 -0.020355498418 0.699690461159 0.225738197565 0.677540540695
1413393311.055760383606 -0.599473416805 -0.081930115819 0.137561768293 -0.025566197932 0.701626896858 0.224250480533 0.675853490829
1413393311.105760574341 -0.595268130302 -0.079987168312 0.136797875166 -0.029348772019 0.702985048294 0.223911166191 0.674399375916
1413393311.155760526657 -0.591016411781 -0.077487155795 0.136056572199 -0.030734088272 0.704710721970 0.222062602639 0.673146665096
1413393311.205760717392 -0.586742103100 -0.075696490705 0.135967284441 -0.029738679528 0.705451071262 0.223983734846 0.671778023243
1413393311.255760431290 -0.582181334496 -0.071801476181 0.136489868164 -0.027480106801 0.705712437630 0.225765272975 0.671002984047
1413393311.305760622025 -0.577049493790 -0.067957296968 0.135977029800 -0.027386827394 0.705781936646 0.227051898837 0.670499265194
1413393311.355760574341 -0.572187602520 -0.064154446125 0.135750442743 -0.029494648799 0.706390261650 0.226450607181 0.669972479343
1413393311.405760526657 -0.566969692707 -0.060553610325 0.135548979044 -0.031410995871 0.707057178020 0.225563004613 0.669481039047
1413393311.455760478973 -0.561027944088 -0.056644365191 0.136049896479 -0.033577658236 0.708015739918 0.224592909217 0.668688595295
1413393311.505760669708 -0.556121647358 -0.053473919630 0.136314094067 -0.035419922322 0.708555579185 0.224343970418 0.668104946613
1413393311.555760383606 -0.550210237503 -0.050031885505 0.135663151741 -0.037362031639 0.709108173847 0.223134681582 0.667817771435
1413393311.605760574341 -0.543908238411 -0.046498507261 0.135085761547 -0.038910694420 0.709576308727 0.221411466599 0.667805731297
1413393311.655760526657 -0.537395298481 -0.044682443142 0.134665489197 -0.038670379668 0.710077047348 0.219595715404 0.667886912823
1413393311.705760717392 -0.530108034611 -0.042471423745 0.133701503277 -0.036449428648 0.710518360138 0.216716840863 0.668482661247
1413393311.755760431290 -0.522298693657 -0.040861189365 0.132756710052 -0.034728556871 0.710755884647 0.213344439864 0.669405817986
1413393311.805760622025 -0.514355778694 -0.039566844702 0.132861554623 -0.032589524984 0.711070775986 0.209739834070 0.670317530632
1413393311.855760574341 -0.507284760475 -0.038927286863 0.132708996534 -0.029906656593 0.710473179817 0.207422912121 0.671795487404
1413393311.905760526657 -0.499936640263 -0.038105331361 0.132997035980 -0.028595713899 0.709471046925 0.204921454191 0.673676729202
1413393311.955760478973 -0.491952627897 -0.037614949048 0.133088886738 -0.026586532593 0.707195699215 0.203885778785 0.676459908485
1413393312.005760669708 -0.484341770411 -0.036490485072 0.133726686239 -0.023319201544 0.705785870552 0.199572190642 0.679333090782
1413393312.055760383606 -0.477275341749 -0.036082141101 0.133723586798 -0.021726317704 0.704709649086 0.193911418319 0.682136833668
1413393312.105760574341 -0.470323801041 -0.036110326648 0.135079950094 -0.020109519362 0.703946709633 0.188301384449 0.684541642666
1413393312.155760526657 -0.463685959578 -0.036317899823 0.135487139225 -0.018853940070 0.702288687229 0.185968339443 0.686914086342
1413393312.205760717392 -0.458124101162 -0.036596059799 0.136944502592 -0.018951011822 0.700433433056 0.185693025589 0.688877344131
1413393312.255760431290 -0.450603455305 -0.036808572710 0.137959510088 -0.018841356039 0.698470413685 0.188217282295 0.690187215805
1413393312.305760622025 -0.444517552853 -0.036438979208 0.139191687107 -0.013975925744 0.696334838867 0.192041769624 0.691406130791
1413393312.355760574341 -0.439089179039 -0.037453457713 0.140903741121 -0.010111453012 0.693643867970 0.198707371950 0.692294239998
1413393312.405760526657 -0.432633519173 -0.036863282323 0.141691386700 -0.007134513929 0.690257728100 0.206689119339 0.693378031254
1413393312.455760478973 -0.427888721228 -0.037661738694 0.143658518791 -0.003800325561 0.687538862228 0.213263809681 0.694114148617
1413393312.505760669708 -0.422401994467 -0.037219546735 0.145310610533 -0.001619100338 0.685286104679 0.219676405191 0.694350481033
1413393312.555760383606 -0.417044639587 -0.037310734391 0.146454036236 -0.000958406192 0.684677898884 0.221415787935 0.694399297237
1413393312.605760574341 -0.412020564079 -0.038420036435 0.146657168865 -0.002437370131 0.685694634914 0.219061270356 0.694139122963
1413393312.655760526657 -0.406853914261 -0.038780197501 0.147194087505 -0.006441920996 0.687594592571 0.214383244514 0.693694472313
1413393312.705760717392 -0.401521861553 -0.038444340229 0.147193580866 -0.012018800713 0.688928723335 0.210012644529 0.693633496761
1413393312.755760431290 -0.397041201591 -0.038428433239 0.147954255342 -0.014610517770 0.690073847771 0.206879064441 0.693387091160
1413393312.805760622025 -0.391778469086 -0.038835495710 0.147163629532 -0.015897391364 0.689987838268 0.205881029367 0.693741381168
1413393312.855760574341 -0.386838495731 -0.039455071092 0.147479698062 -0.016079135239 0.689450025558 0.204809144139 0.694588601589
1413393312.905760526657 -0.381573081017 -0.039400488138 0.147157907486 -0.012934845872 0.688945651054 0.202691644430 0.695774853230
1413393312.955760478973 -0.376262545586 -0.040211953223 0.147386223078 -0.010226119310 0.687642753124 0.202265575528 0.697231411934
1413393313.005760669708 -0.371787250042 -0.040944792330 0.147428438067 -0.003888820997 0.686864197254 0.198361992836 0.699181675911
1413393313.055760383606 -0.368394702673 -0.042810738087 0.148049995303 -0.006022650748 0.684728085995 0.199463456869 0.700946152210
1413393313.105760574341 -0.364424556494 -0.043510466814 0.148048669100 -0.010949959047 0.682804644108 0.198235079646 0.703108012676
1413393313.155760526657 -0.360047042370 -0.043903294951 0.147161498666 -0.017022924498 0.680059969425 0.198872372508 0.705463290215
1413393313.205760717392 -0.357428550720 -0.045219458640 0.147602722049 -0.022374214604 0.677633523941 0.197766676545 0.707955181599
1413393313.255760431290 -0.353667914867 -0.045950580388 0.147366806865 -0.027133472264 0.675049602985 0.197370439768 0.710363805294
1413393313.305760622025 -0.351692914963 -0.047720130533 0.147909224033 -0.026868658140 0.672180771828 0.198385149240 0.712807416916
1413393313.355760574341 -0.347768545151 -0.049463234842 0.147433117032 -0.026476902887 0.669227600098 0.200160622597 0.715100884438
1413393313.405760526657 -0.344524323940 -0.051197353750 0.147010028362 -0.025140119717 0.667425453663 0.200746998191 0.716667294502
1413393313.455760478973 -0.340940296650 -0.053429190069 0.146528169513 -0.021587938070 0.665942013264 0.202302902937 0.717724800110
1413393313.505760669708 -0.337445199490 -0.055688638240 0.147983416915 -0.016099423170 0.665630698204 0.202606707811 0.718071818352
1413393313.555760383606 -0.334487527609 -0.056388046592 0.147367164493 -0.008919811808 0.666167855263 0.201957881451 0.717881500721
1413393313.605760574341 -0.330315172672 -0.056318927556 0.146065235138 -0.000719148724 0.666780412197 0.202859118581 0.717113316059
1413393313.655760526657 -0.327117145061 -0.055771373212 0.145186424255 0.007966919802 0.668786287308 0.203064337373 0.715140759945
1413393313.705760717392 -0.323258846998 -0.054173074663 0.143425509334 0.013372736983 0.672342479229 0.200367748737 0.712481260300
1413393313.755760431290 -0.321813046932 -0.053767140955 0.142489477992 0.014694028534 0.677762925625 0.195897057652 0.708551943302
1413393313.805760622025 -0.319204866886 -0.052653677762 0.139893367887 0.015611065552 0.682215571404 0.192054241896 0.705303728580
1413393313.855760574341 -0.318063199520 -0.050782706589 0.137695223093 0.012056371197 0.686786293983 0.189517512918 0.701614141464
1413393313.905760526657 -0.318375200033 -0.050178747624 0.135820984840 0.004076126497 0.690485477448 0.192708864808 0.697191953659
1413393313.955760478973 -0.317314028740 -0.047730538994 0.132303312421 -0.003941336647 0.692892611027 0.198945239186 0.693040430546
1413393314.005760669708 -0.317724764347 -0.046965554357 0.129613965750 -0.011494491249 0.695680975914 0.205411195755 0.688260197639
1413393314.055760383606 -0.317908138037 -0.045732665807 0.126197323203 -0.017077490687 0.697824597359 0.212921679020 0.683676481247
1413393314.105760574341 -0.317701876163 -0.044491909444 0.124142587185 -0.019889432937 0.699453294277 0.216779261827 0.680717468262
1413393314.155760526657 -0.317887336016 -0.043870829046 0.120808228850 -0.021573780105 0.700682401657 0.218033596873 0.678999423981
1413393314.205760717392 -0.317875981331 -0.043304011226 0.117407917976 -0.022992044687 0.701191425323 0.217573866248 0.678574681282
1413393314.255760431290 -0.317733556032 -0.042656529695 0.113972023129 -0.025126516819 0.700589358807 0.215445011854 0.679799020290
1413393314.305760622025 -0.318019390106 -0.042417082936 0.111128166318 -0.025621036068 0.698447763920 0.213666200638 0.682540118694
1413393314.355760574341 -0.317249029875 -0.042049199343 0.107914283872 -0.027554390952 0.694889724255 0.211466029286 0.686768651009
1413393314.405760526657 -0.316846370697 -0.041126705706 0.104716107249 -0.030734345317 0.689659059048 0.208739325404 0.692714750767
1413393314.455760478973 -0.316727519035 -0.041114035994 0.102481484413 -0.033464021981 0.683575272560 0.206654801965 0.699212968349
1413393314.505760669708 -0.316923260689 -0.041264206171 0.100244060159 -0.035826150328 0.675915122032 0.204873397946 0.707023441792
1413393314.555760383606 -0.317204892635 -0.040753711015 0.098699197173 -0.037245571613 0.667186081409 0.200330346823 0.716479778290
1413393314.605760574341 -0.316106379032 -0.039911419153 0.096489012241 -0.039271693677 0.657481253147 0.197026461363 0.726193368435
1413393314.655760526657 -0.315030038357 -0.039065308869 0.094682469964 -0.041503719985 0.646717011929 0.193649917841 0.736569225788
1413393314.705760717392 -0.314273595810 -0.038654737175 0.093708798289 -0.043304171413 0.636677920818 0.190556287766 0.745958626270
1413393314.755760431290 -0.313291668892 -0.038392379880 0.092873871326 -0.045288428664 0.627129018307 0.189149335027 0.754241883755
1413393314.805760622025 -0.311692714691 -0.037507742643 0.092102542520 -0.046704363078 0.618368446827 0.187453299761 0.761774599552
1413393314.855760574341 -0.309940278530 -0.037174738944 0.091862395406 -0.046869028360 0.609331130981 0.187140569091 0.769088625908
1413393314.905760526657 -0.307632923126 -0.036105237901 0.091911032796 -0.047825712711 0.600502729416 0.186007469893 0.776215493679
1413393314.955760478973 -0.305707156658 -0.035897500813 0.092476591468 -0.047954168171 0.591236114502 0.184549540281 0.783633708954
1413393315.005760669708 -0.302085936069 -0.034841366112 0.092663198709 -0.047125473619 0.582153618336 0.184429496527 0.790482282639
1413393315.055760383606 -0.298465043306 -0.034625403583 0.093618825078 -0.045972224325 0.574781298637 0.184592396021 0.795888602734
1413393315.105760574341 -0.294589906931 -0.033647909760 0.094726994634 -0.044463764876 0.568780601025 0.184164941311 0.800371646881
1413393315.155760526657 -0.291024863720 -0.032714992762 0.095896244049 -0.045694138855 0.564285695553 0.182444125414 0.803870558739
1413393315.205760717392 -0.286599099636 -0.031931791455 0.097600668669 -0.045545034111 0.561970889568 0.178243413568 0.806438863277
1413393315.255760431290 -0.281383574009 -0.030322734267 0.099106825888 -0.046577539295 0.560948908329 0.173779815435 0.808064043522
1413393315.305760622025 -0.276792019606 -0.029371129349 0.101266518235 -0.047547027469 0.561400949955 0.168152391911 0.808883786201
1413393315.355760574341 -0.270933091640 -0.027957206592 0.103556260467 -0.047424752265 0.563295543194 0.161159053445 0.808997392654
1413393315.405760526657 -0.265009582043 -0.026907529682 0.105791002512 -0.047205731273 0.565729439259 0.154012709856 0.808703899384
1413393315.455760478973 -0.259451746941 -0.026268810034 0.109070390463 -0.046354830265 0.569002628326 0.146746009588 0.807807445526
1413393315.505760669708 -0.253619939089 -0.025859342888 0.112558469176 -0.043710246682 0.571017801762 0.144048675895 0.807018041611
1413393315.555760383606 -0.249004557729 -0.026097970083 0.117399103940 -0.041425541043 0.573445498943 0.141373395920 0.805889368057
1413393315.605760574341 -0.243423804641 -0.026178009808 0.121879890561 -0.038114242256 0.574420213699 0.141450360417 0.805344998837
1413393315.655760526657 -0.237478181720 -0.027952637523 0.125906869769 -0.031539071351 0.574511826038 0.143029972911 0.805284976959
1413393315.705760717392 -0.233226627111 -0.030124116689 0.131406083703 -0.028653247282 0.575438857079 0.144730925560 0.804426491261
1413393315.755760431290 -0.229220479727 -0.033510714769 0.136445179582 -0.024965597317 0.575104951859 0.148584857583 0.804085612297
1413393315.805760622025 -0.224180519581 -0.037664476782 0.139966696501 -0.022754402831 0.573098957539 0.154346942902 0.804497897625
1413393315.855760574341 -0.219922602177 -0.042492084205 0.144545465708 -0.016865996644 0.571716785431 0.159552738070 0.804610729218
1413393315.905760526657 -0.216969802976 -0.049355253577 0.150103345513 -0.016523787752 0.571015655994 0.164280638099 0.804164230824
1413393315.955760478973 -0.212822601199 -0.056717511266 0.154128268361 -0.014941201545 0.569719552994 0.167129084468 0.804527342319
1413393316.005760669708 -0.208634436131 -0.062781564891 0.158106192946 -0.014846491627 0.569362044334 0.167691230774 0.804665148258
1413393316.055760383606 -0.206581398845 -0.067661114037 0.162472486496 -0.013533611782 0.569285452366 0.167183458805 0.804848134518
1413393316.105760574341 -0.202191919088 -0.074869193137 0.166567325592 -0.015550352633 0.569053232670 0.165983155370 0.805224299431
1413393316.155760526657 -0.199506372213 -0.081985756755 0.171289190650 -0.016614923254 0.570126056671 0.162596836686 0.805135011673
1413393316.205760717392 -0.195140808821 -0.091870173812 0.175684601068 -0.017695195973 0.571067690849 0.161076769233 0.804750263691
1413393316.255760431290 -0.192524284124 -0.097714439034 0.179151743650 -0.018222054467 0.570875763893 0.157713815570 0.805540323257
1413393316.305760622025 -0.189727202058 -0.106771536171 0.184427022934 -0.018849922344 0.571022391319 0.157016962767 0.805558085442
1413393316.355760574341 -0.186981439590 -0.112711630762 0.186879828572 -0.018479799852 0.569185376167 0.157935306430 0.806686401367
1413393316.405760526657 -0.185340285301 -0.120127864182 0.192409217358 -0.018376491964 0.568345606327 0.157929301262 0.807281732559
1413393316.455760478973 -0.182508036494 -0.127832770348 0.195799916983 -0.018739946187 0.566476523876 0.160180136561 0.808143258095
1413393316.505760669708 -0.178908705711 -0.135804980993 0.199740365148 -0.018499085680 0.564714193344 0.162678569555 0.808882772923
1413393316.555760383606 -0.177299618721 -0.144214227796 0.204780459404 -0.019701790065 0.563398480415 0.164017558098 0.809501290321
1413393316.605760574341 -0.176422759891 -0.151306748390 0.209162935615 -0.020611926913 0.562105894089 0.164912194014 0.810195088387
1413393316.655760526657 -0.175000414252 -0.157759085298 0.214095860720 -0.021982368082 0.560661852360 0.166330799460 0.810869395733
1413393316.705760717392 -0.173824682832 -0.165765598416 0.218979850411 -0.024175815284 0.559217333794 0.167825371027 0.811496257782
1413393316.755760431290 -0.172229036689 -0.171006470919 0.224608287215 -0.026276139542 0.557604193687 0.168522626162 0.812395989895
1413393316.805760622025 -0.172110989690 -0.176994845271 0.233832091093 -0.027465308085 0.556787192822 0.168079689145 0.813008546829
1413393316.855760574341 -0.170327886939 -0.181359782815 0.240519061685 -0.029221508652 0.555376052856 0.168155103922 0.813896477222
1413393316.905760526657 -0.168694928288 -0.184601411223 0.245085358620 -0.030017247424 0.553608596325 0.167397171259 0.815226852894
1413393316.955760478973 -0.167498290539 -0.187034681439 0.252858936787 -0.030817171559 0.552364766598 0.167327657342 0.816054403782
1413393317.005760669708 -0.165183261037 -0.188707903028 0.259818732738 -0.030002277344 0.551339268684 0.165946468711 0.817059755325
1413393317.055760383606 -0.163521289825 -0.190739199519 0.268281638622 -0.029046336189 0.551491618156 0.163109391928 0.817562639713
1413393317.105760574341 -0.162389039993 -0.192537426949 0.275781750679 -0.025890218094 0.551630377769 0.160327136517 0.818125188351
1413393317.155760526657 -0.160264715552 -0.190209388733 0.285723984241 -0.021731743589 0.552183687687 0.156944707036 0.818528711796
1413393317.205760717392 -0.159090265632 -0.191862568259 0.296338200569 -0.019273657352 0.553809285164 0.152738064528 0.818287789822
1413393317.255760431290 -0.157165765762 -0.191612243652 0.303518384695 -0.016500631347 0.554090380669 0.151010349393 0.818478763103
1413393317.305760622025 -0.154873639345 -0.193330064416 0.308860599995 -0.014417240396 0.554254531860 0.149541616440 0.818676531315
1413393317.355760574341 -0.153574883938 -0.194376498461 0.317881613970 -0.012653009035 0.555095016956 0.148520246148 0.818322181702
1413393317.405760526657 -0.154095858335 -0.195173263550 0.325518190861 -0.011529883370 0.556265652180 0.148190408945 0.817603409290
1413393317.455760478973 -0.153276741505 -0.195496842265 0.332670152187 -0.011435654014 0.556634247303 0.147691041231 0.817444145679
1413393317.505760669708 -0.154599368572 -0.197529688478 0.341305494308 -0.011248454452 0.558031022549 0.147252321243 0.816573083401
1413393317.555760383606 -0.154542326927 -0.196686387062 0.348497062922 -0.009693175554 0.558484911919 0.146979868412 0.816331803799
1413393317.605760574341 -0.155356854200 -0.196643933654 0.358403712511 -0.010712340474 0.559264719486 0.148104608059 0.815581560135
1413393317.655760526657 -0.155653685331 -0.195731818676 0.366185188293 -0.010433333926 0.559674799442 0.149083033204 0.815125465393
1413393317.705760717392 -0.157319217920 -0.194666773081 0.373751133680 -0.009652921930 0.559830546379 0.151103556156 0.814656019211
1413393317.755760431290 -0.160114288330 -0.191650748253 0.385034978390 -0.009149368852 0.561436593533 0.151732772589 0.813438653946
1413393317.805760622025 -0.161797970533 -0.191881626844 0.389410555363 -0.009813473560 0.561017870903 0.153892517090 0.813314080238
1413393317.855760574341 -0.163432359695 -0.189929321408 0.398028492928 -0.011017757468 0.561831533909 0.154514342546 0.812618851662
1413393317.905760526657 -0.167347490788 -0.188320994377 0.406906753778 -0.013399240561 0.563927292824 0.153148084879 0.811389029026
1413393317.955760478973 -0.169869065285 -0.187853515148 0.413665503263 -0.016145065427 0.564928233624 0.155035033822 0.810283660889
1413393318.005760669708 -0.172528088093 -0.187191456556 0.420255422592 -0.019006388262 0.566519260406 0.155239388347 0.809070706367
1413393318.055760383606 -0.175855994225 -0.184007197618 0.429315239191 -0.020068090409 0.567813456059 0.159127533436 0.807380676270
1413393318.105760574341 -0.179909497499 -0.184099704027 0.434819072485 -0.021704122424 0.568490028381 0.162143602967 0.806261479855
1413393318.155760526657 -0.182773709297 -0.182885900140 0.443333774805 -0.022635489702 0.569131433964 0.166782826185 0.804835736752
1413393318.205760717392 -0.186594992876 -0.181800857186 0.450776129961 -0.021987371147 0.569246172905 0.172126084566 0.803646743298
1413393318.255760431290 -0.190215587616 -0.180109441280 0.460469990969 -0.019578766078 0.569825530052 0.176700577140 0.802304446697
1413393318.305760622025 -0.195327132940 -0.178523182869 0.469586402178 -0.016421681270 0.570959329605 0.180207461119 0.800787746906
1413393318.355760574341 -0.197909355164 -0.175492838025 0.477101594210 -0.012969047762 0.570793151855 0.184288725257 0.800040483475
1413393318.405760526657 -0.202312678099 -0.173638686538 0.484292000532 -0.011837710626 0.571167349815 0.186398878694 0.799301683903
1413393318.455760478973 -0.206078678370 -0.171650066972 0.492817252874 -0.010091626085 0.571757197380 0.187974378467 0.798534512520
1413393318.505760669708 -0.209185779095 -0.168815031648 0.500076949596 -0.008937384002 0.572393953800 0.188940942287 0.797863781452
1413393318.555760383606 -0.212826400995 -0.164943516254 0.507270812988 -0.007872243412 0.572969615459 0.188770443201 0.797502160072
1413393318.605760574341 -0.215833157301 -0.162946641445 0.514071285725 -0.008112840354 0.573279857635 0.189798891544 0.797032475471
1413393318.655760526657 -0.219545215368 -0.160183548927 0.521365046501 -0.007823820226 0.573891699314 0.189533933997 0.796658039093
1413393318.705760717392 -0.221954494715 -0.156563773751 0.527955949306 -0.006821689662 0.573676347733 0.190763130784 0.796528935432
1413393318.755760431290 -0.225677132607 -0.155247822404 0.531591713428 -0.006163608283 0.573125004768 0.190872177482 0.796904981136
1413393318.805760622025 -0.228571355343 -0.152533546090 0.537613928318 -0.005593770649 0.573716580868 0.189418569207 0.796830296516
1413393318.855760574341 -0.231493145227 -0.150956928730 0.541094005108 -0.004566861317 0.573966622353 0.186478272080 0.797350108624
1413393318.905760526657 -0.235588103533 -0.150014668703 0.545295059681 -0.000684381928 0.575203597546 0.181900575757 0.797529101372
1413393318.955760478973 -0.237654179335 -0.147850617766 0.549787402153 0.003097990528 0.576023757458 0.177208065987 0.797987759113
1413393319.005760669708 -0.241455405951 -0.146134749055 0.554754793644 0.006057163700 0.577307939529 0.173742368817 0.797804713249
1413393319.055760383606 -0.245291441679 -0.146068543196 0.556333303452 0.005358609371 0.576356112957 0.172814071178 0.798699080944
1413393319.105760574341 -0.249224007130 -0.144883245230 0.560391187668 0.003737026826 0.575549662113 0.175253674388 0.798758268356
1413393319.155760526657 -0.253483682871 -0.144516512752 0.563521742821 -0.000328041904 0.574215531349 0.178697437048 0.798964142799
1413393319.205760717392 -0.257943630219 -0.145231112838 0.566881477833 -0.003468717448 0.572768092155 0.181232303381 0.799424469471
1413393319.255760431290 -0.262830555439 -0.144621253014 0.567844152451 -0.007326594554 0.570877015591 0.184544399381 0.799993216991
1413393319.305760622025 -0.266630321741 -0.143205866218 0.568366408348 -0.009862028062 0.568442225456 0.189442545176 0.800554692745
1413393319.355760574341 -0.272155642509 -0.143755272031 0.571573197842 -0.013925244100 0.568029761314 0.192054152489 0.800164759159
1413393319.405760526657 -0.276734590530 -0.144365444779 0.571502864361 -0.018222860992 0.566925585270 0.193321853876 0.800556063652
1413393319.455760478973 -0.280688196421 -0.144989162683 0.574482142925 -0.021849911660 0.566621959209 0.195056170225 0.800259411335
1413393319.505760669708 -0.285477757454 -0.142746254802 0.575101613998 -0.025159843266 0.564855933189 0.198709815741 0.800511837006
1413393319.555760383606 -0.289036840200 -0.140834003687 0.576756656170 -0.028564807028 0.562404096127 0.204522520304 0.800659894943
1413393319.605760574341 -0.292522102594 -0.137359306216 0.575594663620 -0.029661485925 0.559635043144 0.209866449237 0.801177203655
1413393319.655760526657 -0.295195102692 -0.134966269135 0.578558206558 -0.032134793699 0.557780027390 0.215223133564 0.800954401493
1413393319.705760717392 -0.297142595053 -0.131793454289 0.580435514450 -0.033962797374 0.556561291218 0.217502862215 0.801110923290
1413393319.755760431290 -0.298720151186 -0.129165515304 0.582861363888 -0.034915149212 0.558013379574 0.213375553489 0.801169693470
1413393319.805760622025 -0.299198657274 -0.124621048570 0.583142399788 -0.037962079048 0.560048818588 0.205555677414 0.801655232906
1413393319.855760574341 -0.299829274416 -0.118378102779 0.579570353031 -0.038760039955 0.560752451420 0.196274638176 0.803449213505
1413393319.905760526657 -0.298774242401 -0.112587623298 0.581828176975 -0.038057759404 0.562935531139 0.188469216228 0.803825020790
1413393319.955760478973 -0.299028068781 -0.107510223985 0.582994043827 -0.038073062897 0.564869880676 0.181105971336 0.804159939289
1413393320.005760669708 -0.297909408808 -0.101238988340 0.583866000175 -0.036448862404 0.566101551056 0.174947172403 0.804732263088
1413393320.055760383606 -0.296073317528 -0.095262043178 0.586543619633 -0.035174362361 0.567236244678 0.170430228114 0.804959237576
1413393320.105760574341 -0.295069932938 -0.089264377952 0.588587284088 -0.032241821289 0.568264782429 0.166252732277 0.805230259895
1413393320.155760526657 -0.294044554234 -0.083218000829 0.591610074043 -0.028067836538 0.570320248604 0.161236897111 0.804953217506
1413393320.205760717392 -0.293173462152 -0.077839888632 0.592791676521 -0.021412879229 0.571088552475 0.159373074770 0.804984211922
1413393320.255760431290 -0.291289210320 -0.072652339935 0.595401704311 -0.018273096532 0.572784185410 0.156908810139 0.804340720177
1413393320.305760622025 -0.289683461189 -0.066904619336 0.602649688721 -0.017365079373 0.574630975723 0.158724397421 0.802685737610
1413393320.355760574341 -0.290622323751 -0.064677149057 0.601400852203 -0.019083276391 0.573940575123 0.161319866776 0.802623152733
1413393320.405760526657 -0.290710598230 -0.063883543015 0.602458119392 -0.023840514943 0.573292672634 0.165397033095 0.802129089832
1413393320.455760478973 -0.292111903429 -0.064521685243 0.602596104145 -0.028522700071 0.572514355183 0.169693022966 0.801634609699
1413393320.505760669708 -0.291614115238 -0.065250240266 0.603926777840 -0.031762599945 0.572471857071 0.173005282879 0.800834715366
1413393320.555760383606 -0.292488545179 -0.066451236606 0.605483174324 -0.035291761160 0.573467016220 0.171989068389 0.800193607807
1413393320.605760574341 -0.291497409344 -0.066234953701 0.607616841793 -0.034763220698 0.574279367924 0.173928797245 0.799214303493
1413393320.655760526657 -0.291659623384 -0.064384832978 0.610648870468 -0.038718111813 0.575637042522 0.172655314207 0.798331439495
1413393320.705760717392 -0.291336834431 -0.060578253120 0.614154040813 -0.039628874511 0.576203823090 0.172334462404 0.797947108746
1413393320.755760431290 -0.290775686502 -0.053663693368 0.619433283806 -0.037184506655 0.577089548111 0.171691700816 0.797563195229
