1413393889605760512.000000 0.000000158 -0.000000022 -0.000000167 -0.000000004 -0.000000027 0.000000049 1.000000000
1413393889655760384.000000 0.002465952 0.002686593 -0.002620207 -0.001847435 -0.006803302 -0.001398232 0.999974191
1413393889705760512.000000 0.006702724 0.002869059 -0.004452983 -0.004589076 -0.011156135 -0.005533848 0.999911964
1413393889755760384.000000 0.015346566 0.003103500 -0.006907270 -0.007332474 -0.016761027 -0.009635843 0.999786198
1413393889805760512.000000 0.027631357 0.005559553 -0.012143100 -0.009336163 -0.019769531 -0.012885354 0.999677956
1413393889855760384.000000 0.043943506 0.005824716 -0.014176437 -0.012049352 -0.022535427 -0.018691013 0.999498725
1413393889905760512.000000 0.064826056 0.008677284 -0.018834243 -0.014394603 -0.023182331 -0.026302373 0.999281585
1413393889955760384.000000 0.090188928 0.007822446 -0.022866022 -0.017122032 -0.019188192 -0.032838359 0.999129832
1413393890005760512.000000 0.120797567 0.006487173 -0.028107142 -0.018786646 -0.013499895 -0.039287068 0.998960197
1413393890055760384.000000 0.152291343 -0.000320251 -0.031153111 -0.019621523 -0.007928140 -0.039147642 0.999009371
1413393890105760512.000000 0.189302281 -0.007186860 -0.033856444 -0.018267883 -0.003941799 -0.035005458 0.999212444
1413393890155760384.000000 0.222492591 -0.013851875 -0.035673063 -0.016405514 0.000537342 -0.029952182 0.999416530
1413393890205760512.000000 0.248556986 -0.025454098 -0.033655353 -0.015292157 0.004103489 -0.025480315 0.999549985
1413393890255760384.000000 0.270994484 -0.033743769 -0.033025656 -0.013452373 0.007239824 -0.020611344 0.999670923
1413393890305760512.000000 0.289252311 -0.045269288 -0.028774243 -0.012325109 0.008920681 -0.016028766 0.999755800
1413393890355760384.000000 0.303551495 -0.055886459 -0.024485776 -0.011285349 0.009327919 -0.012610393 0.999813318
1413393890405760512.000000 0.314859718 -0.067716718 -0.016588133 -0.010312353 0.009414095 -0.009568675 0.999856770
1413393890455760384.000000 0.318768650 -0.082212292 -0.005016027 -0.009824920 0.012581856 -0.007222534 0.999846578
1413393890505760512.000000 0.321345359 -0.091409206 0.002734830 -0.008171340 0.020628760 -0.004040278 0.999745727
1413393890555760384.000000 0.323830575 -0.102865286 0.010816106 -0.006817333 0.032008287 -0.001594428 0.999463141
1413393890605760512.000000 0.327301115 -0.115587413 0.019249074 -0.007090480 0.041219890 -0.001384515 0.999123991
1413393890655760384.000000 0.330191851 -0.127002954 0.025019914 -0.007388502 0.042741165 -0.002518696 0.999055684
1413393890705760512.000000 0.333838105 -0.141818777 0.032814756 -0.008447725 0.037637651 -0.004119304 0.999247253
1413393890755760384.000000 0.336777627 -0.152216867 0.033784322 -0.008716957 0.031345461 -0.005748959 0.999454141
1413393890805760512.000000 0.340418249 -0.164294630 0.035160668 -0.009092645 0.024553796 -0.006479523 0.999636173
1413393890855760384.000000 0.345909834 -0.174877927 0.033919815 -0.009548468 0.018637678 -0.007925927 0.999749303
1413393890905760512.000000 0.348553300 -0.189844415 0.035045110 -0.010385489 0.015298557 -0.008256500 0.999794960
1413393890955760384.000000 0.354707390 -0.202253073 0.035787359 -0.010516030 0.011805442 -0.009619872 0.999828815
1413393891005760512.000000 0.361353874 -0.213451803 0.032887254 -0.010435342 0.009572231 -0.010073826 0.999849021
1413393891055760384.000000 0.368710846 -0.226160556 0.030395443 -0.010455247 0.007955941 -0.011357677 0.999849260
1413393891105760512.000000 0.375248939 -0.239828989 0.029844873 -0.010394507 0.008629419 -0.011200850 0.999846101
1413393891155760384.000000 0.385876685 -0.253071070 0.025399441 -0.009527750 0.007720251 -0.010245068 0.999872386
1413393891205760512.000000 0.397007108 -0.268868327 0.027259933 -0.009471747 0.008535386 -0.010149212 0.999867260
1413393891255760384.000000 0.403337300 -0.282970667 0.026575023 -0.008803794 0.010532752 -0.009729875 0.999858499
1413393891305760512.000000 0.407728493 -0.297566086 0.025176072 -0.008221961 0.018923543 -0.009749329 0.999739587
1413393891355760384.000000 0.407080054 -0.313902140 0.029360216 -0.007645511 0.040871769 -0.009450960 0.999090493
1413393891405760512.000000 0.400747746 -0.332602918 0.025182782 -0.006890686 0.071248986 -0.006879352 0.997411072
1413393891455760384.000000 0.402717710 -0.341388077 0.024692386 -0.003412181 0.100523241 -0.006235277 0.994909346
1413393891505760512.000000 0.399413168 -0.348954111 0.016279234 -0.000994233 0.122589760 -0.005312120 0.992442727
1413393891555760384.000000 0.388040453 -0.358887672 0.001785320 0.001587094 0.136022329 -0.004240519 0.990695477
1413393891605760512.000000 0.372944713 -0.380509794 -0.012017169 -0.000436188 0.141519666 -0.007353826 0.989908099
1413393891655760384.000000 0.358896673 -0.393681407 -0.038225196 0.000160444 0.142177194 -0.007072289 0.989816010
1413393891705760512.000000 0.345156282 -0.414529026 -0.068773389 -0.001310517 0.142030075 -0.007168223 0.989835560
1413393891755760384.000000 0.337572455 -0.427206039 -0.109283172 -0.000837841 0.139635935 -0.007499945 0.990174174
1413393891805760512.000000 0.324324727 -0.439782977 -0.154888555 -0.001189499 0.136665761 -0.008226851 0.990582407
1413393891855760384.000000 0.312864453 -0.451193243 -0.208621368 -0.001538666 0.130013749 -0.008899285 0.991471112
1413393891905760512.000000 0.293271035 -0.468178064 -0.266912103 -0.002752386 0.117501594 -0.009135813 0.993026912
1413393891955760384.000000 0.260304540 -0.488127917 -0.324611932 -0.004332483 0.098948531 -0.009787495 0.995034993
1413393892005760512.000000 0.241992548 -0.504553020 -0.392691702 0.005245747 -0.074255288 0.009489067 -0.997180343
1413393892055760384.000000 0.223511338 -0.516608119 -0.466902941 0.006060197 -0.051144015 0.009749893 -0.998625338
1413393892105760512.000000 0.215399414 -0.531077027 -0.544026375 -0.006911278 0.032015577 -0.008968887 0.999423206
1413393892155760384.000000 0.200104758 -0.545947552 -0.619863808 0.008187944 -0.018078368 0.009759289 -0.999755442
1413393892205760512.000000 0.182374910 -0.561450362 -0.695152521 -0.009095234 0.008647109 -0.010261653 0.999868631
1413393892255760384.000000 0.166416377 -0.576932132 -0.770100594 0.010630035 -0.002904038 0.011668201 -0.999871254
1413393892305760512.000000 0.147070989 -0.592744768 -0.842846572 -0.011672175 -0.000086076 -0.011089650 0.999870479
1413393892355760384.000000 0.128069237 -0.608657062 -0.913215518 0.012749046 0.004169969 0.011214973 -0.999847174
1413393892405760512.000000 0.104778580 -0.624724150 -0.982491255 -0.013689344 -0.007989368 -0.010840605 0.999815583
1413393892455760384.000000 0.080883726 -0.640878856 -1.048514485 0.014808152 0.010955594 0.010736600 -0.999772668
1413393892505760512.000000 0.031711876 -0.682123065 -1.098765612 -0.018448679 -0.009382428 -0.010126605 0.999734581
1413393892555760384.000000 0.003046135 -0.699260354 -1.160118580 0.019240921 0.012110255 0.009093583 -0.999700189
1413393892605760512.000000 -0.027325360 -0.716805518 -1.219070554 -0.020060578 -0.016575463 -0.009048218 0.999620438
1413393892655760384.000000 -0.058716409 -0.734633863 -1.275976419 0.020844674 0.024030536 0.009154066 -0.999451995
1413393892705760512.000000 -0.089665949 -0.752714396 -1.330605030 0.022156484 0.034945671 0.009685583 -0.999096692
1413393892755760384.000000 -0.120597370 -0.771686554 -1.382730007 -0.022691390 -0.048468046 -0.009387050 0.998522818
1413393892805760512.000000 -0.149470553 -0.790582418 -1.432104468 0.023220753 0.063176133 0.010585276 -0.997676075
1413393892855760384.000000 -0.175504208 -0.809908628 -1.477828026 0.023932893 0.075613387 0.010868850 -0.996790707
1413393892905760512.000000 -0.198712781 -0.829786181 -1.519273639 0.023862740 0.087805919 0.010708127 -0.995794237
1413393892955760384.000000 -0.217109293 -0.850439131 -1.554924488 -0.023408316 -0.098245472 -0.011061997 0.994825363
1413393893005760512.000000 -0.233737111 -0.871440232 -1.586334944 0.023501469 0.106475130 0.012216621 -0.993962526
1413393893055760384.000000 -0.246725306 -0.893237531 -1.612136722 0.022706447 0.110724472 0.012759649 -0.993509769
1413393893105760512.000000 -0.256164551 -0.915471137 -1.631899834 0.021944076 0.112237208 0.012844556 -0.993356049
1413393893155760384.000000 -0.261360228 -0.938150704 -1.645924926 0.020893946 0.108765379 0.012462190 -0.993769705
1413393893205760512.000000 -0.262506515 -0.961101770 -1.654438615 0.020013425 0.102490619 0.013908130 -0.994435370
1413393893255760384.000000 -0.260183692 -0.984557748 -1.657555342 0.019500745 0.096172601 0.013755439 -0.995078623
1413393893305760512.000000 -0.254767150 -1.008340955 -1.655575275 0.018471397 0.090135612 0.010391154 -0.995703995
1413393893355760384.000000 -0.246724606 -1.032392263 -1.649003267 0.016899064 0.086740747 0.004726842 -0.996076405
1413393893405760512.000000 -0.235792845 -1.056112766 -1.637686372 0.015583352 0.082052574 -0.001283608 -0.996505380
1413393893455760384.000000 -0.218270704 -1.081395626 -1.622209549 -0.014396202 -0.079091124 0.007327875 0.996736586
1413393893505760512.000000 -0.204118177 -1.104394913 -1.602334142 0.012230530 0.077720985 -0.012325198 -0.996823967
1413393893555760384.000000 -0.188202128 -1.126420736 -1.578600883 0.010429822 0.075626515 -0.016282884 -0.996948779
1413393893605760512.000000 -0.170622826 -1.147346377 -1.550877571 0.008551299 0.073066525 -0.020270335 -0.997084379
1413393893655760384.000000 -0.151987374 -1.166920543 -1.519335389 0.006422059 0.073220104 -0.024540080 -0.996993184
1413393893705760512.000000 -0.131415054 -1.184885502 -1.483957648 0.004859168 0.072337911 -0.029084729 -0.996944189
1413393893755760384.000000 -0.107406244 -1.202631116 -1.448354006 -0.003647860 -0.068802200 0.032668561 0.997088671
1413393893805760512.000000 -0.082553163 -1.216508031 -1.406087279 0.003102034 0.064831927 -0.033737212 -0.997320950
1413393893855760384.000000 -0.055258248 -1.228491306 -1.360853076 0.003565708 0.055764727 -0.034149513 -0.997853398
1413393893905760512.000000 -0.026553342 -1.239918232 -1.315156817 -0.003857430 -0.045681436 0.032061148 0.998434007
1413393893955760384.000000 0.003273436 -1.248011112 -1.264921427 -0.004242990 -0.033559270 0.030177345 0.998972058
1413393894005760512.000000 0.033585440 -1.254256368 -1.213986397 0.004825327 0.024982039 -0.029042965 -0.999254286
1413393894055760384.000000 0.064557277 -1.259679794 -1.162191987 -0.004573503 -0.019179832 0.027343920 0.999431670
1413393894105760512.000000 0.096349746 -1.263308287 -1.108443022 -0.004528824 -0.014875970 0.026958149 0.999515653
1413393894155760384.000000 0.128700882 -1.265879512 -1.053613544 -0.003772877 -0.013334517 0.027709452 0.999519944
1413393894205760512.000000 0.161308721 -1.266804457 -0.998936236 -0.002817723 -0.012583099 0.028791497 0.999502301
1413393894255760384.000000 0.194436356 -1.265321255 -0.943705380 0.002720832 0.011888246 -0.029634962 -0.999486446
1413393894305760512.000000 0.222911268 -1.268304229 -0.886586547 -0.002554926 -0.011306609 0.031866599 0.999424934
1413393894355760384.000000 0.253003776 -1.263902664 -0.829212487 -0.002408793 -0.010606414 0.032201886 0.999422252
1413393894405760512.000000 0.278131336 -1.259016395 -0.769152462 -0.002780630 -0.010502434 0.030839371 0.999465287
1413393894455760384.000000 0.299740493 -1.251990080 -0.707181036 -0.003237386 -0.009902610 0.028595217 0.999536812
1413393894505760512.000000 0.315691888 -1.244794369 -0.643575013 -0.003859714 -0.008437037 0.026304815 0.999610960
1413393894555760384.000000 0.331943959 -1.235153913 -0.578038514 -0.005265201 -0.006271313 0.023275623 0.999695539
1413393894605760512.000000 0.342916012 -1.226484299 -0.512157321 -0.006414969 -0.005321258 0.020285968 0.999759495
1413393894655760384.000000 0.356633306 -1.214646697 -0.444903374 -0.007331192 -0.002999309 0.017748307 0.999811172
1413393894705760512.000000 0.369471341 -1.206437588 -0.373439461 -0.008267460 -0.001239656 0.015919343 0.999838352
1413393894755760384.000000 0.383737832 -1.192882180 -0.306513399 -0.008013315 0.000195527 0.014146389 0.999867857
1413393894805760512.000000 0.397552311 -1.178798676 -0.240057692 0.007215658 -0.000286344 -0.014435408 -0.999869823
1413393894855760384.000000 0.411478251 -1.165477872 -0.175055310 -0.006867819 0.002173081 0.013970598 0.999876559
1413393894905760512.000000 0.427917004 -1.150279284 -0.109525032 -0.006220207 0.005212917 0.012648517 0.999887109
1413393894955760384.000000 0.443745017 -1.136223674 -0.046264268 -0.006081339 0.010432394 0.011135987 0.999865115
1413393895005760512.000000 0.461675495 -1.120274425 0.017590277 -0.005744762 0.016298579 0.009886519 0.999801755
1413393895055760384.000000 0.478163362 -1.105565429 0.078839257 -0.004941991 0.022387490 0.009133374 0.999695480
1413393895105760512.000000 0.496548951 -1.089233875 0.140809685 -0.004851964 0.024020284 0.007441920 0.999672055
1413393895155760384.000000 0.516337872 -1.073752403 0.214016110 -0.005049870 0.023008084 0.006278425 0.999702871
1413393895205760512.000000 0.534885168 -1.057070374 0.273331255 -0.004373792 0.019773291 0.005957075 0.999777198
1413393895255760384.000000 0.552901685 -1.041249990 0.331546694 -0.004522207 0.017937161 0.005198753 0.999815404
1413393895305760512.000000 0.570479214 -1.024636745 0.389026463 -0.003995761 0.018865073 0.004980758 0.999801695
1413393895355760384.000000 0.585674345 -1.008906722 0.445275158 -0.004140579 0.021197898 0.004059418 0.999758482
1413393895405760512.000000 0.599015296 -0.992332101 0.501094997 -0.004131643 0.024402320 0.004156678 0.999685049
1413393895455760384.000000 0.609186828 -0.976427853 0.556763172 -0.005006002 0.025579613 0.003285770 0.999654889
1413393895505760512.000000 0.617161751 -0.959431767 0.610964894 -0.007035774 0.027419984 0.003923071 0.999591589
1413393895555760384.000000 0.623472810 -0.942095399 0.663800240 0.010694398 -0.026693201 -0.005655522 -0.999570489
1413393895605760512.000000 0.632857978 -0.920500219 0.735118687 -0.015247789 0.026669418 0.009352995 0.999484301
1413393895655760384.000000 0.640331507 -0.902689517 0.784693301 -0.021816114 0.026370296 0.010160969 0.999362528
1413393895705760512.000000 0.649299860 -0.884684443 0.835052252 -0.030153016 0.030213317 0.010199048 0.999036491
1413393895755760384.000000 0.658009410 -0.866423428 0.881089032 -0.038991276 0.032100074 0.012713772 0.998642921
1413393895805760512.000000 0.667312026 -0.848466575 0.926841259 -0.049546201 0.035384282 0.015715914 0.998021185
1413393895855760384.000000 0.677835703 -0.829629302 0.969730318 -0.062085122 0.037107974 0.019196955 0.997196019
1413393895905760512.000000 0.687535942 -0.810820401 1.012421370 -0.077134028 0.037852529 0.022373648 0.996050715
1413393895955760384.000000 0.697471201 -0.792281151 1.049332857 -0.092593782 0.037769176 0.028592667 0.994576514
1413393896005760512.000000 0.709996521 -0.770271540 1.093331575 -0.110795401 0.035077203 0.031735256 0.992716908
1413393896055760384.000000 0.718377352 -0.752491474 1.126541376 -0.130091205 0.033975735 0.036731403 0.990238726
1413393896105760512.000000 0.727786422 -0.735025525 1.161098719 -0.151368037 0.033612177 0.040835653 0.987061501
1413393896155760384.000000 0.736771703 -0.718985140 1.190756679 -0.171374187 0.034876935 0.046978667 0.983467102
1413393896205760512.000000 0.746870816 -0.703217685 1.221079707 -0.192566961 0.037039217 0.051487342 0.979231954
1413393896255760384.000000 0.756480634 -0.688756943 1.247063994 -0.214463905 0.043186948 0.055300001 0.974208474
1413393896305760512.000000 0.769852579 -0.672503710 1.282859683 -0.235895067 0.047561921 0.058877312 0.968826532
1413393896355760384.000000 0.778824031 -0.661113918 1.304685473 -0.257124811 0.052560959 0.063725278 0.962841272
1413393896405760512.000000 0.790248215 -0.651389003 1.328738689 -0.277649850 0.058017436 0.072444245 0.956188500
1413393896455760384.000000 0.799595952 -0.644291043 1.344425559 -0.295502514 0.064083382 0.087240659 0.949189544
1413393896505760512.000000 0.808621466 -0.639521122 1.356706738 0.313195944 -0.065512381 -0.102286421 -0.941888511
1413393896555760384.000000 0.820737958 -0.635304809 1.377307773 -0.330897272 0.063993052 0.119841404 0.933836162
1413393896605760512.000000 0.828405321 -0.632775903 1.383158565 -0.347840279 0.061004408 0.136000648 0.925629199
1413393896655760384.000000 0.835847676 -0.630195260 1.388295293 0.364546418 -0.057464737 -0.151132077 -0.917040288
1413393896705760512.000000 0.843139410 -0.627482474 1.389643908 0.380322188 -0.055062033 -0.167014375 -0.907980978
1413393896755760384.000000 0.850065351 -0.624222219 1.388312101 0.395038098 -0.052903179 -0.183555543 -0.898584247
1413393896805760512.000000 0.856897652 -0.620093405 1.384138107 0.409124851 -0.051704869 -0.199068233 -0.888996840
1413393896855760384.000000 0.871080220 -0.613117874 1.400108099 -0.423904896 0.047530230 0.214987576 0.878536224
1413393896905760512.000000 0.875688076 -0.606403649 1.390101314 -0.437093884 0.041641437 0.231102571 0.868220329
1413393896955760384.000000 0.879262567 -0.594420671 1.378797650 0.450447172 -0.031873178 -0.243960097 -0.858233631
1413393897005760512.000000 0.880888104 -0.581159711 1.364249349 0.462569147 -0.015196402 -0.252753407 -0.849655628
1413393897055760384.000000 0.883403063 -0.568155706 1.360083461 -0.475186616 -0.007561856 0.254987836 0.842093647
1413393897105760512.000000 0.882318795 -0.547485471 1.344256401 -0.487611145 -0.028825166 0.249483183 0.836159468
1413393897155760384.000000 0.880756557 -0.522032738 1.329468489 0.500214815 0.046374783 -0.238308206 -0.831170201
1413393897205760512.000000 0.874570727 -0.487131596 1.328602314 -0.512422502 -0.056665558 0.223401606 0.827226698
1413393897255760384.000000 0.873570681 -0.454991221 1.316596270 -0.524680197 -0.062445484 0.201003462 0.824869096
1413393897305760512.000000 0.876118898 -0.423325658 1.313927174 -0.536031783 -0.062217381 0.175920084 0.823317170
1413393897355760384.000000 0.878496587 -0.388545513 1.309262395 -0.544290304 -0.057863582 0.156047344 0.822222114
1413393897405760512.000000 0.884758294 -0.352681816 1.313806772 -0.548568904 -0.049165905 0.146732122 0.821659744
1413393897455760384.000000 0.889084756 -0.317481279 1.319123387 0.549645245 0.037177783 -0.145915747 -0.821715653
1413393897505760512.000000 0.894341111 -0.282942653 1.327902198 0.548676372 0.025465894 -0.148469508 -0.822351933
1413393897555760384.000000 0.910136640 -0.249463797 1.341090202 -0.547388315 -0.016447777 0.151633799 0.822862446
1413393897605760512.000000 0.916577518 -0.216509461 1.354949951 -0.544870317 -0.011201976 0.157305196 0.823556960
1413393897655760384.000000 0.924294531 -0.184485495 1.371974111 0.542365730 0.008623993 -0.161381587 -0.824452043
1413393897705760512.000000 0.936164737 -0.152233839 1.391441822 -0.539899290 -0.008153899 0.164685145 0.825421870
1413393897755760384.000000 0.946119666 -0.120780766 1.410291553 -0.538596928 -0.008471511 0.165815890 0.826042831
1413393897805760512.000000 0.960417211 -0.089806795 1.431482077 -0.537327349 -0.009682427 0.164977297 0.827023685
1413393897855760384.000000 0.973060846 -0.058056474 1.452566862 -0.538189054 -0.010789807 0.163342550 0.826774120
1413393897905760512.000000 0.989058495 -0.029304862 1.475403190 -0.540695369 -0.012784506 0.162314281 0.825311601
1413393897955760384.000000 1.003908515 0.001999021 1.498327613 -0.545660675 -0.015637839 0.159596279 0.822519839
1413393898005760512.000000 1.029325485 0.027279258 1.519737959 -0.553250432 -0.018160235 0.156708241 0.817940593
1413393898055760384.000000 1.046052933 0.057275295 1.545321345 -0.563309968 -0.020398561 0.152408451 0.811811209
1413393898105760512.000000 1.067552328 0.085744143 1.572833896 -0.575028777 -0.017058264 0.146067873 0.804807544
1413393898155760384.000000 1.087993741 0.112587333 1.601629257 -0.587640703 -0.006117634 0.140750319 0.796762466
1413393898205760512.000000 1.111544847 0.136660457 1.632969737 -0.600469589 0.009736870 0.137775987 0.787628829
1413393898255760384.000000 1.135630012 0.157589197 1.665158987 0.612202525 -0.029114494 -0.134026900 -0.778715134
1413393898305760512.000000 1.162918925 0.167667985 1.693810344 -0.621561289 0.049505893 0.132202774 0.770540893
1413393898355760384.000000 1.188308597 0.180559754 1.728642702 -0.628235221 0.072605751 0.133141324 0.763100505
1413393898405760512.000000 1.214641452 0.186654806 1.764233112 -0.633265436 0.096442647 0.133002594 0.756296277
1413393898455760384.000000 1.240699530 0.188976407 1.799224615 -0.635702252 0.121387869 0.133785799 0.750499129
1413393898505760512.000000 1.258800268 0.176773667 1.831173658 -0.636615276 0.140259475 0.139686391 0.745342910
1413393898555760384.000000 1.277292490 0.167047381 1.865548372 0.631784737 -0.145274997 -0.158828616 -0.744658768
1413393898605760512.000000 1.291044831 0.150783062 1.900126934 -0.626681328 0.133498847 0.182395235 0.745775163
1413393898655760384.000000 1.301665902 0.130382419 1.931152344 -0.620268404 0.117534585 0.209170088 0.746793628
1413393898705760512.000000 1.308364630 0.104376078 1.961021185 -0.614009857 0.095151454 0.234888971 0.747506022
1413393898755760384.000000 1.311718941 0.076492548 1.987204075 -0.606718659 0.069571748 0.261615545 0.747401953
1413393898805760512.000000 1.312146425 0.049178600 2.012230873 -0.599086702 0.040368695 0.287521720 0.746188223
1413393898855760384.000000 1.312910557 0.022535086 2.031433821 -0.591955721 0.011263385 0.310832918 0.743535221
1413393898905760512.000000 1.313577294 -0.002134323 2.050298929 -0.586563587 -0.013000765 0.329797298 0.739599884
1413393898955760384.000000 1.317102790 -0.018401623 2.061848640 -0.582844377 -0.036576841 0.342791170 0.735832036
1413393899005760512.000000 1.323097110 -0.028922558 2.070102215 -0.581239104 -0.058838375 0.349661827 0.732417762
1413393899055760384.000000 1.330753803 -0.028414249 2.074723244 -0.584658444 -0.076616697 0.344903350 0.730305552
1413393899105760512.000000 1.342768788 -0.017453194 2.076976061 0.592715740 0.086038604 -0.327898979 -0.730594099
1413393899155760384.000000 1.359587550 0.002340317 2.077554464 -0.605611742 -0.079118192 0.299855292 0.732844889
1413393899205760512.000000 1.380493402 0.029854774 2.077686787 -0.621104777 -0.057687640 0.265134990 0.735258162
1413393899255760384.000000 1.405795574 0.055675745 2.076927185 -0.634989560 -0.026822500 0.229034901 0.737300456
1413393899305760512.000000 1.430302978 0.087142706 2.079096079 -0.646767557 0.011553274 0.193894699 0.737538576
1413393899355760384.000000 1.456665635 0.114504814 2.082187653 -0.654600441 0.048528582 0.163575858 0.736468792
1413393899405760512.000000 1.481006026 0.139677644 2.086733103 -0.658558846 0.081712902 0.139887884 0.734884143
1413393899455760384.000000 1.507406592 0.151989818 2.095631361 -0.660668492 0.110489294 0.121706903 0.732459426
1413393899505760512.000000 1.531796455 0.163452506 2.100880384 -0.659112930 0.141454071 0.108438216 0.730617642
1413393899555760384.000000 1.555062294 0.164110184 2.105478048 -0.655685782 0.167722151 0.099204749 0.729454577
1413393899605760512.000000 1.576115608 0.157304645 2.108982325 0.650942683 -0.187720522 -0.097164042 -0.729104817
1413393899655760384.000000 1.593153119 0.140872359 2.111571550 0.643727541 -0.197813079 -0.105558589 -0.731670856
1413393899705760512.000000 1.606159925 0.114882112 2.112710476 0.635209441 -0.195340902 -0.122792378 -0.737070560
1413393899755760384.000000 1.614623070 0.080377817 2.111973763 0.625238776 -0.179382533 -0.151824072 -0.744209528
1413393899805760512.000000 1.617076159 0.033238649 2.114586353 -0.615050435 0.158251703 0.183271542 0.750387132
1413393899855760384.000000 1.619122624 -0.014943838 2.107625246 -0.602576256 0.132307783 0.219651833 0.755744457
1413393899905760512.000000 1.616571784 -0.068826199 2.098392010 -0.589455485 0.100973785 0.257450372 0.758990109
1413393899955760384.000000 1.612191081 -0.123247862 2.085148573 0.575939059 -0.065692633 -0.295216084 -0.759490788
1413393900005760512.000000 1.606359482 -0.176395655 2.067264080 0.565285683 -0.034456167 -0.326094925 -0.756919503
1413393900055760384.000000 1.596042275 -0.224769354 2.045165777 -0.558693588 0.008739940 0.348198116 0.752690673
1413393900105760512.000000 1.587528944 -0.268000841 2.018739700 -0.556011200 -0.012660176 0.362111151 0.748041987
1413393900155760384.000000 1.574073672 -0.303960800 1.990929127 -0.557537436 -0.032686763 0.366173446 0.744312227
1413393900205760512.000000 1.561500430 -0.331469774 1.958355665 -0.560925603 -0.050989974 0.365589917 0.741017222
1413393900255760384.000000 1.544935822 -0.351541996 1.923354030 -0.567506135 -0.067598186 0.356763333 0.738977134
1413393900305760512.000000 1.530509353 -0.361089706 1.887465477 -0.576591730 -0.081331074 0.340367705 0.738293409
1413393900355760384.000000 1.515868545 -0.363532066 1.851919413 -0.587155819 -0.088250421 0.319131851 0.738657415
1413393900405760512.000000 1.501985192 -0.356268167 1.817725182 -0.599677622 -0.084193371 0.293156803 0.739836037
1413393900455760384.000000 1.487340093 -0.345142603 1.784940481 -0.612212777 -0.073638000 0.266336232 0.740836024
1413393900505760512.000000 1.472305179 -0.328757524 1.756226301 -0.623787940 -0.055583250 0.239581212 0.741889536
1413393900555760384.000000 1.455304742 -0.307685375 1.728806615 -0.634569466 -0.032751329 0.212395757 0.742386103
1413393900605760512.000000 1.437928915 -0.288462162 1.705844641 -0.644309878 -0.002862372 0.184410483 0.742192328
1413393900655760384.000000 1.420059323 -0.273171663 1.687601447 -0.652028561 0.027726386 0.159377515 0.740735352
1413393900705760512.000000 1.398910284 -0.258511782 1.669634104 -0.657210886 0.058202241 0.138091072 0.738659084
1413393900755760384.000000 1.375343442 -0.248959541 1.653881907 0.659422159 -0.083390370 -0.123711459 -0.736820161
1413393900805760512.000000 1.358804703 -0.243588686 1.624293804 0.658014238 -0.102751918 -0.117053807 -0.736720979
1413393900855760384.000000 1.332568884 -0.240055442 1.611173987 -0.655347645 0.116098456 0.120892614 0.736495495
1413393900905760512.000000 1.307075024 -0.250815511 1.597877145 -0.650821805 0.119446918 0.133194134 0.737850070
1413393900955760384.000000 1.281219006 -0.269970298 1.583721042 -0.643460333 0.114295699 0.154951364 0.740867972
1413393901005760512.000000 1.255088329 -0.293389559 1.568945765 -0.635439873 0.104574502 0.180431560 0.743454635
1413393901055760384.000000 1.225269794 -0.318304062 1.568111181 -0.627358735 0.091790825 0.207909301 0.744828284
1413393901105760512.000000 1.200275064 -0.350511074 1.548958063 -0.620660007 0.068027161 0.229964718 0.746505082
1413393901155760384.000000 1.175030470 -0.385418415 1.528673053 -0.614205718 0.038449772 0.251196980 0.747109890
1413393901205760512.000000 1.151421070 -0.418846011 1.505195498 -0.609978855 0.006872149 0.264535427 0.746926844
1413393901255760384.000000 1.129540682 -0.449880958 1.480668306 -0.606972873 -0.020681083 0.273331106 0.745953381
1413393901305760512.000000 1.109624147 -0.477447748 1.454820871 -0.604842186 -0.043649174 0.279593170 0.744371116
1413393901355760384.000000 1.090162158 -0.499791384 1.428849697 -0.603622496 -0.059948459 0.283269882 0.742835283
1413393901405760512.000000 1.073967338 -0.517435908 1.403405786 -0.602274477 -0.072888471 0.286884457 0.741383910
1413393901455760384.000000 1.059048772 -0.529386401 1.379085541 0.601309240 0.083308667 -0.290517837 -0.739652872
1413393901505760512.000000 1.044143677 -0.526774764 1.359624863 -0.601517677 -0.092136174 0.290700465 0.738363564
1413393901555760384.000000 1.033041358 -0.525078177 1.338007331 -0.602000892 -0.099681735 0.289096385 0.737619042
1413393901605760512.000000 1.024596214 -0.515368700 1.318090677 0.604123414 0.104233369 -0.283248276 -0.737523377
1413393901655760384.000000 1.019811034 -0.498542905 1.300077677 0.609480977 0.103121683 -0.268855482 -0.738658071
1413393901705760512.000000 1.017737985 -0.473897099 1.284362197 -0.616974652 -0.093755767 0.248331144 0.740867019
1413393901755760384.000000 1.019253492 -0.445392132 1.271738768 -0.624644935 -0.079971023 0.227825791 0.742643178
1413393901805760512.000000 1.023108363 -0.412416458 1.261669278 -0.630936921 -0.060387287 0.210346654 0.744329512
1413393901855760384.000000 1.026137710 -0.379152536 1.255834460 -0.635122359 -0.042465407 0.200226754 0.744798958
1413393901905760512.000000 1.029147744 -0.344663620 1.253170013 0.636463881 0.029575057 -0.198277712 -0.744798720
1413393901955760384.000000 1.023949981 -0.303547263 1.259180307 -0.637344897 -0.021687042 0.199386835 0.744020224
1413393902005760512.000000 1.027844191 -0.268548250 1.261428118 -0.637322485 -0.017928895 0.201576039 0.743549466
1413393902055760384.000000 1.033138514 -0.233056188 1.265965700 0.636929810 0.016246988 -0.204360366 -0.743164420
1413393902105760512.000000 1.039567232 -0.197400451 1.271839619 0.637077510 0.016430490 -0.205843419 -0.742624342
1413393902155760384.000000 1.047392368 -0.161449313 1.279385209 0.637685418 0.015782127 -0.204696476 -0.742433608
1413393902205760512.000000 1.055786133 -0.125518203 1.288692117 0.637977540 0.016782980 -0.204479560 -0.742220402
1413393902255760384.000000 1.066440701 -0.088407040 1.297343731 -0.638540506 -0.016984630 0.203756526 0.741930544
1413393902305760512.000000 1.076537609 -0.052017570 1.310251355 -0.638858497 -0.017387439 0.203537002 0.741707683
1413393902355760384.000000 1.086870432 -0.015560031 1.324812651 0.639261305 0.017919650 -0.202692673 -0.741579115
1413393902405760512.000000 1.091713786 0.024608254 1.341092348 -0.640174925 -0.016107922 0.200951740 0.741306305
1413393902455760384.000000 1.099716067 0.061694741 1.360369921 -0.641121507 -0.014236880 0.198234841 0.741258085
1413393902505760512.000000 1.106176615 0.098356605 1.381213427 -0.642215192 -0.010977699 0.195190579 0.741174638
1413393902555760384.000000 1.114253402 0.134338379 1.404654026 -0.642597437 -0.009985024 0.194553003 0.741024971
1413393902605760512.000000 1.125381470 0.169690013 1.429024816 0.642402172 0.009746814 -0.195069417 -0.741061747
1413393902655760384.000000 1.136612892 0.205375910 1.453665376 -0.642337799 -0.010732284 0.196270421 0.740786731
1413393902705760512.000000 1.155067682 0.240571499 1.479917645 -0.642384648 -0.011374696 0.197096184 0.740517199
1413393902755760384.000000 1.175033808 0.274947286 1.506221771 -0.641748786 -0.011376173 0.199337825 0.740468502
1413393902805760512.000000 1.199577093 0.308845401 1.534288287 -0.639528930 -0.009567810 0.207297772 0.740228891
1413393902855760384.000000 1.226260781 0.342779160 1.562922359 0.635937810 0.006186683 -0.218123838 -0.740247846
1413393902905760512.000000 1.252291560 0.377805471 1.591391683 -0.630550086 -0.003640682 0.234121323 0.739986956
1413393902955760384.000000 1.280118942 0.413206339 1.621044278 -0.625588298 -0.002501332 0.249096423 0.739313245
1413393903005760512.000000 1.306917548 0.450222135 1.648577452 -0.620978236 -0.000438091 0.262171656 0.738682508
1413393903055760384.000000 1.334947705 0.489005089 1.676433206 -0.618115067 0.002486086 0.271336436 0.737769663
1413393903105760512.000000 1.363470674 0.529919624 1.700515747 -0.618425548 0.003626659 0.271764070 0.737347305
1413393903155760384.000000 1.392478108 0.572778106 1.724576116 -0.621069551 0.007005411 0.265837580 0.737261176
1413393903205760512.000000 1.422446012 0.616683483 1.750093460 -0.624840319 0.008829171 0.258104384 0.736803114
1413393903255760384.000000 1.449541092 0.662758708 1.771821022 -0.629329979 0.010655318 0.250470310 0.735591590
1413393903305760512.000000 1.475375414 0.709660888 1.792086959 0.634864509 -0.011981379 -0.243982762 -0.732991099
1413393903355760384.000000 1.499355555 0.755917311 1.812197447 -0.641597748 0.011349753 0.240460590 0.728287220
1413393903405760512.000000 1.519752145 0.803876758 1.832304955 -0.650143504 0.012758493 0.239557520 0.720945895
1413393903455760384.000000 1.534999132 0.850250959 1.852704883 0.659386039 -0.015394979 -0.241930068 -0.711648107
1413393903505760512.000000 1.545222759 0.897970438 1.874751329 0.669160366 -0.019898992 -0.246510446 -0.700757563
1413393903555760384.000000 1.549655437 0.944406986 1.898155689 0.679550529 -0.025760554 -0.250985086 -0.688878775
1413393903605760512.000000 1.557487011 0.991761327 1.925169587 0.690254986 -0.036375586 -0.253602266 -0.676691115
1413393903655760384.000000 1.559888482 1.036993980 1.947513580 0.700669646 -0.047580961 -0.255076528 -0.664630830
1413393903705760512.000000 1.562187314 1.080476403 1.969461203 0.709768891 -0.056904379 -0.258184969 -0.652939916
1413393903755760384.000000 1.564368844 1.123200774 1.988920689 0.718318582 -0.064815030 -0.260947704 -0.641657054
1413393903805760512.000000 1.566693306 1.163480282 2.006735802 0.724319518 -0.069911107 -0.266669929 -0.631950080
1413393903855760384.000000 1.568313003 1.202680349 2.022119045 0.728017807 -0.074885368 -0.274998397 -0.623504817
1413393903905760512.000000 1.569968939 1.240024567 2.034975052 0.730349779 -0.079450324 -0.283524066 -0.616353035
1413393903955760384.000000 1.578402281 1.278442383 2.048336029 0.732450008 -0.083974123 -0.290645331 -0.609910429
1413393904005760512.000000 1.580867887 1.312052965 2.054522991 0.734490216 -0.086906739 -0.295079440 -0.604896307
1413393904055760384.000000 1.583541155 1.343646049 2.058853865 0.736039996 -0.086532153 -0.298667222 -0.601294696
1413393904105760512.000000 1.581787109 1.373769045 2.060216427 0.738864124 -0.084710188 -0.298008412 -0.598410428
1413393904155760384.000000 1.579732656 1.403100729 2.060695171 0.741059303 -0.078438222 -0.297374576 -0.596864343
1413393904205760512.000000 1.571914673 1.429396868 2.058362722 0.742994964 -0.071440361 -0.296397626 -0.595821440
1413393904255760384.000000 1.566476464 1.454925776 2.054432869 0.744488418 -0.064231560 -0.295520544 -0.595213413
1413393904305760512.000000 1.560733080 1.478016138 2.045775414 0.746353447 -0.059363771 -0.292573273 -0.594838977
1413393904355760384.000000 1.559020638 1.500070095 2.033253193 0.747557223 -0.057290621 -0.290299445 -0.594644725
1413393904405760512.000000 1.562122822 1.524867296 2.020763397 0.749186575 -0.055900462 -0.289421469 -0.593152523
1413393904455760384.000000 1.565985560 1.544932604 2.000249386 0.751335084 -0.055116903 -0.288978070 -0.590719461
1413393904505760512.000000 1.574294209 1.565322161 1.977136612 0.754506588 -0.053839490 -0.288653225 -0.586941719
1413393904555760384.000000 1.584199905 1.584578276 1.949047446 0.759583890 -0.049953915 -0.286781043 -0.581630170
1413393904605760512.000000 1.592293859 1.602684736 1.921473742 0.765375495 -0.036531687 -0.287066966 -0.574855149
1413393904655760384.000000 1.598291993 1.619892836 1.891569614 0.771018565 -0.017043104 -0.289769500 -0.566810131
1413393904705760512.000000 1.601041198 1.636006117 1.862414360 0.775896668 0.000208315 -0.295884043 -0.557168722
1413393904755760384.000000 1.601376772 1.652892351 1.833826780 0.780976295 0.016299395 -0.302528858 -0.546156347
1413393904805760512.000000 1.605070353 1.673450708 1.808393717 0.786416292 0.028030057 -0.308364481 -0.534485936
1413393904855760384.000000 1.603053212 1.694441080 1.781608820 0.792739153 0.036559932 -0.312013477 -0.522375107
1413393904905760512.000000 1.599650145 1.717744350 1.756251574 0.800355196 0.039884310 -0.312499076 -0.510083616
1413393904955760384.000000 1.595713973 1.744136572 1.731071353 0.810411811 0.038582973 -0.307084411 -0.497436702
1413393905005760512.000000 1.593516469 1.772925615 1.707664013 0.821603119 0.032859698 -0.299170762 -0.484133810
1413393905055760384.000000 1.586348176 1.804493666 1.685248733 0.832360744 0.027142534 -0.291421741 -0.470651060
1413393905105760512.000000 1.576358676 1.837655544 1.665544271 0.842017531 0.022039117 -0.285986692 -0.456872433
1413393905155760384.000000 1.568286300 1.872647285 1.647782445 0.850833297 0.016514057 -0.282689959 -0.442601919
1413393905205760512.000000 1.552040577 1.906721354 1.633830070 0.858228803 0.009516352 -0.282533646 -0.428401172
1413393905255760384.000000 1.534001708 1.940849543 1.622377157 0.865008116 0.002757329 -0.283575028 -0.413930714
1413393905305760512.000000 1.519419551 1.978174210 1.610920668 0.871086597 -0.004513884 -0.286082357 -0.399180144
1413393905355760384.000000 1.501775026 2.012482643 1.602651477 0.876493037 -0.010666941 -0.289375931 -0.384587824
1413393905405760512.000000 1.485919476 2.046130896 1.595588923 0.881394863 -0.014705481 -0.292861253 -0.370350093
1413393905455760384.000000 1.471093178 2.079480886 1.589068651 0.886401594 -0.018705973 -0.295786530 -0.355601907
1413393905505760512.000000 1.460749626 2.114645004 1.580950737 0.890757680 -0.021555314 -0.299811780 -0.340879887
1413393905555760384.000000 1.448183537 2.146113634 1.575877070 0.894275486 -0.027311776 -0.305614650 -0.325768739
1413393905605760512.000000 1.436373234 2.176769257 1.571261525 0.896831691 -0.034202065 -0.313558787 -0.310167938
1413393905655760384.000000 1.425318480 2.205857515 1.566516399 0.899626136 -0.041252844 -0.319774717 -0.294474453
1413393905705760512.000000 1.412350893 2.242995024 1.556010485 0.902515650 -0.048936799 -0.324548572 -0.278817147
1413393905755760384.000000 1.403496504 2.268260002 1.550014973 0.905743182 -0.057261463 -0.327599615 -0.262733728
1413393905805760512.000000 1.396434307 2.291512728 1.543356538 0.907774150 -0.065810837 -0.332301557 -0.247367501
1413393905855760384.000000 1.388837934 2.312278271 1.535809517 0.907813370 -0.074357241 -0.340927660 -0.232624888
1413393905905760512.000000 1.381388783 2.330409765 1.526519060 0.906785190 -0.080321237 -0.351546764 -0.218412712
1413393905955760384.000000 1.367953181 2.352296591 1.510517716 0.905264318 -0.083133057 -0.362952292 -0.204575405
1413393906005760512.000000 1.361772776 2.364316940 1.495612502 0.904949427 -0.083652228 -0.370972037 -0.190915331
1413393906055760384.000000 1.356254101 2.374410391 1.475284100 0.906323910 -0.074802771 -0.375855744 -0.178084359
1413393906105760512.000000 1.351397634 2.380928516 1.452307343 0.909791470 -0.060647298 -0.375643849 -0.165810689
1413393906155760384.000000 1.345803738 2.385604858 1.427028298 0.914593458 -0.046785332 -0.370820135 -0.154345185
1413393906205760512.000000 1.329049110 2.394104958 1.397349834 0.920600355 -0.032069165 -0.361767322 -0.143495902
1413393906255760384.000000 1.319488406 2.397556305 1.370663404 0.926938355 -0.020142445 -0.350131780 -0.133369356
1413393906305760512.000000 1.307077289 2.401160955 1.343684793 0.932480276 -0.010421172 -0.339131474 -0.123943262
1413393906355760384.000000 1.291759491 2.405414343 1.317281961 0.936560988 -0.003206161 -0.331043303 -0.115124784
1413393906405760512.000000 1.273769379 2.410413265 1.292474747 0.939176321 0.000421014 -0.326289892 -0.107157402
1413393906455760384.000000 1.253671885 2.416091442 1.270470381 0.941754341 0.002401525 -0.321236104 -0.099501178
1413393906505760512.000000 1.230486393 2.422540665 1.251001716 0.943448424 0.002006147 -0.318653017 -0.091440566
1413393906555760384.000000 1.204695702 2.430076838 1.233306170 0.944873691 -0.001356763 -0.316505551 -0.083881840
1413393906605760512.000000 1.176142335 2.438086033 1.217987418 0.945767879 -0.008204946 -0.315714955 -0.076025635
1413393906655760384.000000 1.145919323 2.446078539 1.204793453 0.946534932 -0.017693654 -0.314918101 -0.067714587
1413393906705760512.000000 1.102527499 2.460020065 1.179897904 0.946466088 -0.031233165 -0.315502822 -0.060700208
1413393906755760384.000000 1.073150516 2.467871428 1.168729544 0.946159542 -0.045205284 -0.315734744 -0.055228952
1413393906805760512.000000 1.044743419 2.474272490 1.158267021 0.946562231 -0.057044830 -0.313386202 -0.050547656
1413393906855760384.000000 1.018145084 2.478396654 1.148739100 0.947246909 -0.062522516 -0.310890764 -0.046488810
1413393906905760512.000000 0.992584050 2.480249643 1.140348434 0.948450744 -0.064816244 -0.307137787 -0.043663185
1413393906955760384.000000 0.967907429 2.479783058 1.132996798 0.949747980 -0.064935349 -0.303406179 -0.041315056
1413393907005760512.000000 0.944062293 2.477046967 1.126756549 0.950653076 -0.062974893 -0.301163912 -0.039916202
1413393907055760384.000000 0.921081483 2.472065449 1.121953249 0.951223254 -0.052122381 -0.301529467 -0.039212652
1413393907105760512.000000 0.898683786 2.465427160 1.118686676 0.951374948 -0.040527120 -0.302895844 -0.038697086
1413393907155760384.000000 0.877108574 2.457405329 1.116708755 0.950904369 -0.030066535 -0.305622607 -0.038365349
1413393907205760512.000000 0.846098900 2.448944330 1.103394628 0.950525999 -0.018307554 -0.307868093 -0.037182938
1413393907255760384.000000 0.826951325 2.439829350 1.102423191 0.950107932 -0.001710747 -0.309727341 -0.036891516
1413393907305760512.000000 0.807943225 2.432540178 1.104689360 0.949267447 0.018084088 -0.311814934 -0.036550000
1413393907355760384.000000 0.790964007 2.426485062 1.106730819 0.948628902 0.036706414 -0.312175840 -0.036084808
1413393907405760512.000000 0.775162935 2.423075199 1.109886408 0.947279811 0.046382498 -0.315104842 -0.034907691
1413393907455760384.000000 0.761926293 2.423403978 1.112897396 0.946335554 0.042298116 -0.318552524 -0.034413312
1413393907505760512.000000 0.752951026 2.427000284 1.116146326 0.945927501 0.033169042 -0.320865542 -0.034150835
1413393907555760384.000000 0.748679638 2.433282375 1.117194414 0.946012974 0.015627511 -0.321998984 -0.033645250
1413393907605760512.000000 0.755872846 2.442413330 1.121688128 0.946456611 0.003699579 -0.320989639 -0.034233626
1413393907655760384.000000 0.749166191 2.449181318 1.116758943 0.945965409 -0.007085345 -0.322453767 -0.033510238
1413393907705760512.000000 0.743540585 2.453158379 1.122851133 0.944714546 -0.014247265 -0.325848609 -0.033679325
1413393907755760384.000000 0.739406705 2.461295128 1.125181198 0.943861187 -0.018766284 -0.328085989 -0.033667717
1413393907805760512.000000 0.732486308 2.470373392 1.128437281 0.944184721 -0.021954125 -0.326973259 -0.033493504
1413393907855760384.000000 0.720082045 2.478396893 1.134333849 0.944813967 -0.024400027 -0.325035691 -0.032910336
1413393907905760512.000000 0.702522516 2.485987663 1.142418146 0.945980310 -0.026762875 -0.321453393 -0.032754447
1413393907955760384.000000 0.680375993 2.492813349 1.152804494 0.947223485 -0.024173217 -0.318022341 -0.032328896
1413393908005760512.000000 0.655815721 2.498946905 1.165389061 0.948220313 -0.020537663 -0.315379292 -0.031501714
1413393908055760384.000000 0.632014692 2.504878283 1.179368258 0.948894739 -0.015443375 -0.313683122 -0.031037513
1413393908105760512.000000 0.610172987 2.510635853 1.194557786 0.948346138 -0.011646710 -0.315564632 -0.030380337
1413393908155760384.000000 0.592358112 2.516704321 1.210699320 0.946800649 -0.009256027 -0.320290506 -0.029950088
1413393908205760512.000000 0.576812029 2.522694111 1.226893187 0.945641816 -0.006188059 -0.323825181 -0.029336875
1413393908255760384.000000 0.564889312 2.527818918 1.242388964 0.945228338 -0.005567450 -0.325084537 -0.028853813
1413393908305760512.000000 0.556344628 2.533922195 1.258486867 0.946630239 -0.004891250 -0.321010649 -0.028626962
1413393908355760384.000000 0.550205231 2.540387869 1.274210334 0.949509501 -0.006326587 -0.312400758 -0.028238131
1413393908405760512.000000 0.544363916 2.547405720 1.290938497 0.950573504 -0.007071587 -0.309168011 -0.027844364
1413393908455760384.000000 0.539262533 2.554709196 1.307928681 0.950460732 -0.008724196 -0.309522122 -0.027282372
1413393908505760512.000000 0.534434557 2.562180996 1.325526118 0.949491382 -0.009912767 -0.312516183 -0.026487725
1413393908555760384.000000 0.530166864 2.569719553 1.343674779 0.948137462 -0.009776942 -0.316671252 -0.025674976
1413393908605760512.000000 0.526543915 2.577682018 1.362329602 0.946714103 -0.013144385 -0.320849299 -0.024809334
1413393908655760384.000000 0.526751220 2.590084314 1.379262090 0.944562972 -0.018571936 -0.326971918 -0.023350434
1413393908705760512.000000 0.523927987 2.597631454 1.398919463 0.942948997 -0.037015520 -0.330124170 -0.022252435
1413393908755760384.000000 0.521777391 2.604013681 1.420478821 0.942086816 -0.056637030 -0.329867691 -0.021260628
1413393908805760512.000000 0.522796094 2.607938290 1.439891696 0.942641258 -0.072348766 -0.325255156 -0.020056555
1413393908855760384.000000 0.529090583 2.608038664 1.456701517 0.945123792 -0.079145111 -0.316418856 -0.018876210
1413393908905760512.000000 0.540236235 2.604099989 1.472767949 0.948238075 -0.072114497 -0.308750570 -0.017809510
1413393908955760384.000000 0.553477526 2.596959591 1.487396836 0.949697912 -0.055461284 -0.307738990 -0.017168231
1413393909005760512.000000 0.569214761 2.587711811 1.502246737 0.949499369 -0.039910406 -0.310786784 -0.016424786
1413393909055760384.000000 0.587470472 2.577187300 1.517195940 0.948824227 -0.024372185 -0.314492941 -0.015262506
1413393909105760512.000000 0.606849670 2.566615582 1.533225060 0.947723150 -0.012916858 -0.318527967 -0.013927975
1413393909155760384.000000 0.623576164 2.561166286 1.558371186 0.946896970 -0.004738848 -0.321280301 -0.011948200
1413393909205760512.000000 0.643438458 2.551910400 1.575700641 0.946414113 0.000458276 -0.322797656 -0.010090427
1413393909255760384.000000 0.662886143 2.542199850 1.593801498 0.946745932 0.003121628 -0.321856380 -0.008418354
1413393909305760512.000000 0.679898918 2.534249067 1.613951445 0.947068632 0.006208784 -0.320902556 -0.006644591
1413393909355760384.000000 0.694348454 2.527437449 1.635170460 0.947169662 0.008577854 -0.320581555 -0.004862666
1413393909405760512.000000 0.706270576 2.521849871 1.658059001 0.947019637 0.009763238 -0.321013391 -0.003001161
1413393909455760384.000000 0.715642869 2.517667770 1.682775021 0.946698189 0.009779815 -0.321970373 -0.001440707
1413393909505760512.000000 0.722940564 2.514826536 1.709166646 0.946475685 0.009082009 -0.322647482 -0.000118279
1413393909555760384.000000 0.727466404 2.513255119 1.737619996 0.945371151 0.008648909 -0.325879335 0.001132288
1413393909605760512.000000 0.729085684 2.512793541 1.768066764 0.943129838 0.008437188 -0.332306564 0.002718151
1413393909655760384.000000 0.726552308 2.511702061 1.805081964 0.939690530 0.008457564 -0.341889530 0.004668407
1413393909705760512.000000 0.723272085 2.513151646 1.836617470 0.935739636 0.008587207 -0.352516860 0.007040553
1413393909755760384.000000 0.718361497 2.515897036 1.868079662 0.931382179 0.008934228 -0.363804877 0.009670546
1413393909805760512.000000 0.710966766 2.518640757 1.897275209 0.927933514 0.008328789 -0.372442573 0.012517960
1413393909855760384.000000 0.701611280 2.523653746 1.926382542 0.924748719 0.008562839 -0.380171627 0.015363931
1413393909905760512.000000 0.689595580 2.529747725 1.955050945 0.921635628 0.008448699 -0.387527525 0.018410880
1413393909955760384.000000 0.675213575 2.537067175 1.981491566 0.919276953 0.008553580 -0.392940998 0.021313362
1413393910005760512.000000 0.658955336 2.545633554 2.005960464 0.917052507 0.008739130 -0.397938222 0.024158450
1413393910055760384.000000 0.640134811 2.551553011 2.019007444 0.914626241 0.008525251 -0.403360724 0.026199246
1413393910105760512.000000 0.625049353 2.562765121 2.035151958 0.912871659 0.006333255 -0.407169878 0.028946927
1413393910155760384.000000 0.611878037 2.575239182 2.046041250 0.910845459 0.003319167 -0.411517441 0.031671420
1413393910205760512.000000 0.601280570 2.588453770 2.050688505 0.909696043 0.001627115 -0.413886786 0.033885997
1413393910255760384.000000 0.593167782 2.602262974 2.049306154 0.908178151 0.000819804 -0.417053044 0.035757367
1413393910305760512.000000 0.583865643 2.612732649 2.032852173 0.906709969 -0.000964811 -0.420079142 0.037545845
1413393910355760384.000000 0.578745365 2.626803160 2.017301083 0.903615534 -0.005712346 -0.426480949 0.039502602
1413393910405760512.000000 0.574392200 2.642240047 1.997115612 0.900104165 -0.014337997 -0.433478683 0.041270163
1413393910455760384.000000 0.571502924 2.656777859 1.970441461 -0.897830904 0.024851002 0.437576532 -0.042531673
1413393910505760512.000000 0.567397952 2.670355082 1.938142538 -0.895707130 0.032807503 0.441386670 -0.042546455
1413393910555760384.000000 0.560045600 2.682565451 1.900846243 -0.894612312 0.038719483 0.443212628 -0.041621104
1413393910605760512.000000 0.546005726 2.690395117 1.853188396 0.895695806 -0.041560668 -0.440980375 0.039219197
1413393910655760384.000000 0.531543016 2.699288368 1.807505488 0.898576915 -0.042339392 -0.435249001 0.036405787
1413393910705760512.000000 0.513480306 2.705944777 1.759178042 -0.902101457 0.045772940 0.427793831 -0.033320658
1413393910755760384.000000 0.491583824 2.711506128 1.707653522 -0.906369269 0.047407933 0.418767154 -0.029688099
1413393910805760512.000000 0.465520263 2.715508461 1.653484821 -0.910142362 0.046287596 0.410922170 -0.025325378
1413393910855760384.000000 0.433510423 2.719276667 1.592115045 0.913706541 -0.043868389 -0.403492719 0.020239538
1413393910905760512.000000 0.401204109 2.720617533 1.533457041 0.917744994 -0.040816899 -0.394795120 0.014665917
1413393910955760384.000000 0.366584599 2.721018076 1.473089457 0.923276305 -0.036406711 -0.382308275 0.008710040
1413393911005760512.000000 0.329580545 2.720565557 1.411509275 0.928221405 -0.033320814 -0.370526046 0.002277949
1413393911055760384.000000 0.290159047 2.719632626 1.349808574 0.932281971 -0.030666096 -0.360400081 -0.004664266
1413393911105760512.000000 0.249713540 2.718162775 1.287985563 0.935409784 -0.029781288 -0.352124274 -0.011406397
1413393911155760384.000000 0.208886683 2.716046095 1.226073027 0.937225819 -0.029087109 -0.347055227 -0.017734891
1413393911205760512.000000 0.166250169 2.715749502 1.157456994 0.938901365 -0.026961984 -0.342358053 -0.022987049
1413393911255760384.000000 0.125102341 2.712306261 1.095750332 0.939887404 -0.025174059 -0.339467704 -0.027196107
1413393911305760512.000000 0.085002065 2.708983660 1.035117507 0.941071153 -0.024081288 -0.335971951 -0.030464500
1413393911355760384.000000 0.046489179 2.704959631 0.973819852 0.944281399 -0.021206148 -0.326840699 -0.032528203
1413393911405760512.000000 0.010210752 2.701763868 0.909649551 0.947660267 -0.017417075 -0.317064852 -0.033266634
1413393911455760384.000000 -0.025626242 2.697569847 0.850519300 0.951138973 -0.013894930 -0.306608826 -0.033655781
1413393911505760512.000000 -0.060009480 2.693637609 0.794318318 0.953476071 -0.010363556 -0.299448192 -0.033268854
1413393911555760384.000000 -0.092145503 2.690133333 0.739785790 0.954727530 -0.006573766 -0.295683026 -0.031994622
1413393911605760512.000000 -0.118344307 2.687854052 0.671765029 0.955919802 -0.004390187 -0.292004377 -0.030523092
1413393911655760384.000000 -0.139120772 2.686029196 0.620776176 0.957863450 -0.003119692 -0.285724401 -0.029146126
1413393911705760512.000000 -0.156585500 2.685167789 0.572341442 0.958607733 -0.000873924 -0.283465058 -0.026796728
1413393911755760384.000000 -0.169816911 2.685174227 0.528381765 0.956806958 -0.000744925 -0.289719194 -0.024140041
1413393911805760512.000000 -0.176896557 2.686234474 0.477076232 0.953608871 0.000196053 -0.300240278 -0.022043673
1413393911855760384.000000 -0.180311307 2.688585758 0.436466128 0.949661255 -0.000040162 -0.312646776 -0.019890571
1413393911905760512.000000 -0.181355819 2.691400528 0.392997980 0.944868386 -0.008689049 -0.326866835 -0.017504126
1413393911955760384.000000 -0.178003192 2.695826292 0.353887767 0.938822925 -0.022187995 -0.343340963 -0.015370632
1413393912005760512.000000 -0.177307099 2.699923515 0.299059987 0.931415200 -0.034374539 -0.362087101 -0.013308642
1413393912055760384.000000 -0.167103976 2.703616142 0.254045606 0.923291564 -0.044417623 -0.381367087 -0.010907031
1413393912105760512.000000 -0.155773252 2.705639124 0.202432394 0.916866899 -0.051022686 -0.395825773 -0.008589166
1413393912155760384.000000 -0.142393202 2.706126213 0.149099737 0.911200285 -0.055626731 -0.408148646 -0.005868524
1413393912205760512.000000 -0.129892528 2.704506874 0.091698833 0.906859696 -0.058105171 -0.417393565 -0.003470297
1413393912255760384.000000 -0.125000834 2.700524569 0.026984707 0.904139221 -0.058457844 -0.423217386 -0.001406985
1413393912305760512.000000 -0.114556924 2.695058107 -0.039104760 0.902579010 -0.059060264 -0.426453173 0.000884268
1413393912355760384.000000 -0.107554451 2.687596560 -0.110586733 0.903394997 -0.058657583 -0.424768925 0.002857408
1413393912405760512.000000 -0.098355353 2.678071260 -0.187278807 0.907075942 -0.058252040 -0.416892022 0.004588615
1413393912455760384.000000 -0.091953866 2.666552305 -0.267726988 0.913110912 -0.056877203 -0.403674453 0.006362044
1413393912505760512.000000 -0.084901720 2.653141022 -0.352395147 0.920092404 -0.054614190 -0.387811005 0.007065568
1413393912555760384.000000 -0.082109407 2.638771057 -0.436559737 0.925733685 -0.053923104 -0.374238789 0.007403778
1413393912605760512.000000 -0.081466973 2.622617483 -0.522466421 0.930005848 -0.052310608 -0.363732487 0.007177110
1413393912655760384.000000 -0.086196654 2.606535435 -0.603886724 0.934013367 -0.048941076 -0.353814632 0.006253968
1413393912705760512.000000 -0.091878742 2.588334084 -0.687754154 0.937561035 -0.045056224 -0.344849139 0.005335971
1413393912755760384.000000 -0.100742355 2.569329739 -0.770039499 0.940941870 -0.040783927 -0.336076289 0.004222186
1413393912805760512.000000 -0.114061847 2.551004648 -0.847890913 0.943876088 -0.035605825 -0.328342408 0.004649815
1413393912855760384.000000 -0.127877504 2.529828072 -0.927993536 0.945903480 -0.031017443 -0.322884828 0.007078598
1413393912905760512.000000 -0.144616425 2.507697582 -1.005957484 0.947154999 -0.027313715 -0.319395334 0.011750826
1413393912955760384.000000 -0.163898081 2.485069275 -1.081318974 0.947508216 -0.025727814 -0.318160921 0.018435925
1413393913005760512.000000 -0.185033977 2.461809635 -1.154671788 0.947486579 -0.028991083 -0.317286223 0.027535615
1413393913055760384.000000 -0.211844742 2.442989349 -1.215832710 0.947385073 -0.034493569 -0.315926135 0.038242217
1413393913105760512.000000 -0.235668018 2.418160439 -1.284900546 0.947479904 -0.041008633 -0.313158065 0.050321575
1413393913155760384.000000 -0.260538876 2.393007278 -1.351417542 -0.948280036 0.048591252 0.307061732 -0.064163491
1413393913205760512.000000 -0.286548972 2.366196632 -1.415527225 -0.948529422 0.055398323 0.301642805 -0.078959726
1413393913255760384.000000 -0.313584268 2.337866545 -1.476622581 -0.947825134 0.063409686 0.297645777 -0.094940670
1413393913305760512.000000 -0.341886759 2.307849169 -1.534265757 -0.946146667 0.069123261 0.295749903 -0.112073749
1413393913355760384.000000 -0.371461511 2.275866270 -1.588219643 -0.943219543 0.073317677 0.296784908 -0.129924059
1413393913405760512.000000 -0.402554780 2.248680830 -1.626888990 0.940425754 -0.079004928 -0.295378894 0.148691013
1413393913455760384.000000 -0.429890662 2.211349726 -1.676070333 0.937452555 -0.084768437 -0.292723417 0.168255970
1413393913505760512.000000 -0.454129875 2.170813799 -1.722825289 -0.934931159 0.087631337 0.287689000 -0.188307256
1413393913555760384.000000 -0.475310266 2.126920700 -1.767222166 -0.932611823 0.087166980 0.280740023 -0.209337771
1413393913605760512.000000 -0.493319094 2.079485893 -1.809939027 -0.930033863 0.084299408 0.273705274 -0.230252415
1413393913655760384.000000 -0.515935719 2.039352655 -1.834191799 0.927590311 -0.079457708 -0.264791757 0.251292646
1413393913705760512.000000 -0.527249753 1.986542702 -1.870579958 0.924137414 -0.073467582 -0.257920027 0.272120982
1413393913755760384.000000 -0.533298969 1.932529211 -1.903354645 0.920373321 -0.068619721 -0.250179410 0.292599678
1413393913805760512.000000 -0.541906238 1.884738684 -1.921421051 0.915591180 -0.064774871 -0.244386241 0.312685907
1413393913855760384.000000 -0.543575048 1.828463554 -1.945930481 0.910116792 -0.061153233 -0.239952683 0.332220554
1413393913905760512.000000 -0.542377353 1.773047686 -1.964616060 0.904263914 -0.059857726 -0.235522777 0.351073921
1413393913955760384.000000 -0.542426467 1.721123695 -1.972067595 0.897650480 -0.055580199 -0.233608514 0.369542569
1413393914005760512.000000 -0.535314262 1.665018559 -1.982523918 0.890967667 -0.046119943 -0.230408132 0.388537854
1413393914055760384.000000 -0.527862072 1.613243341 -1.983435035 0.884105563 -0.035602126 -0.226410657 0.407220036
1413393914105760512.000000 -0.516671836 1.559929132 -1.984296679 0.875365019 -0.023120681 -0.226738766 0.426369667
1413393914155760384.000000 -0.511056066 1.510632992 -1.975687623 0.864703119 -0.011256630 -0.231477022 0.445623517
1413393914205760512.000000 -0.498576880 1.461636305 -1.968252897 0.851261497 -0.003732045 -0.243621528 0.464745700
1413393914255760384.000000 -0.485063553 1.415019751 -1.957786322 0.838122368 0.000654755 -0.253253430 0.483128667
1413393914305760512.000000 -0.470101804 1.371125937 -1.946303844 0.825091302 0.002594959 -0.261014640 0.501087844
1413393914355760384.000000 -0.456197739 1.330739975 -1.933384180 0.812825978 0.003464596 -0.265910804 0.518260002
1413393914405760512.000000 -0.438658863 1.290764093 -1.920899868 0.800846219 0.003118298 -0.269084811 0.535003722
1413393914455760384.000000 -0.421087503 1.252774119 -1.908001184 0.789771795 -0.001663071 -0.269218862 0.551161528
1413393914505760512.000000 -0.404766500 1.214629769 -1.896450043 0.779059708 -0.006408300 -0.268916756 0.566311538
1413393914555760384.000000 -0.385983050 1.178676248 -1.883758068 0.770086706 -0.010846007 -0.263798773 0.580740154
1413393914605760512.000000 -0.366834670 1.142949700 -1.870278120 0.761548042 -0.014582098 -0.258058190 0.594338357
1413393914655760384.000000 -0.347411692 1.108069420 -1.856655121 0.753161073 -0.017525030 -0.252649903 0.607132077
1413393914705760512.000000 -0.327038169 1.068989515 -1.846218109 0.744019747 -0.022470750 -0.247148514 0.620360613
1413393914755760384.000000 -0.307386845 1.035019159 -1.830710173 0.735316217 -0.029111221 -0.240413755 0.632980168
1413393914805760512.000000 -0.287641883 1.001349688 -1.814039707 0.725854695 -0.035298441 -0.236123741 0.645084977
1413393914855760384.000000 -0.267543495 0.967624187 -1.795595646 0.715729296 -0.040740784 -0.233152553 0.657047749
1413393914905760512.000000 -0.249749005 0.933596373 -1.780467510 0.705838740 -0.041510385 -0.234125376 0.667273581
1413393914955760384.000000 -0.228692621 0.899188280 -1.759527564 0.696065724 -0.039368562 -0.240088537 0.675499916
1413393915005760512.000000 -0.207716733 0.862384200 -1.738067150 0.686455905 -0.038121302 -0.248188406 0.682442427
1413393915055760384.000000 -0.186251432 0.825559437 -1.715999007 0.678860486 -0.036193978 -0.254808396 0.687685370
1413393915105760512.000000 -0.164884388 0.787535191 -1.693749905 0.672929347 -0.035204846 -0.260403454 0.691459894
1413393915155760384.000000 -0.142070711 0.747824490 -1.678868294 0.667712033 -0.034578230 -0.265424371 0.694633007
1413393915205760512.000000 -0.121758580 0.706920564 -1.657120466 0.664485693 -0.034213666 -0.268493176 0.696562707
1413393915255760384.000000 -0.102849394 0.663972378 -1.636040449 0.662171185 -0.032647144 -0.270647347 0.698006809
1413393915305760512.000000 -0.086681932 0.619712830 -1.614502907 0.662020683 -0.030834308 -0.271205276 0.698015511
1413393915355760384.000000 -0.071063519 0.574623585 -1.597468376 0.664235890 -0.024934210 -0.272067636 0.695807636
1413393915405760512.000000 -0.059880778 0.527812123 -1.576457739 0.668393731 -0.015257470 -0.273442030 0.691553712
1413393915455760384.000000 -0.049342126 0.480043650 -1.557013869 0.673402667 -0.001551019 -0.276164323 0.685754836
1413393915505760512.000000 -0.039275311 0.431311250 -1.538897276 0.678597331 0.011085317 -0.278035164 0.679764152
1413393915555760384.000000 -0.026684981 0.382542491 -1.526928902 0.683434129 0.018745104 -0.279069304 0.674304664
1413393915605760512.000000 -0.017966505 0.333659172 -1.512602568 0.689360619 0.022387786 -0.276801974 0.669075072
1413393915655760384.000000 -0.009585664 0.285299778 -1.500951171 0.694462538 0.022006316 -0.274381071 0.664795101
1413393915705760512.000000 -0.001939386 0.237734675 -1.490630865 0.698410749 0.023082353 -0.273678720 0.660900652
1413393915755760384.000000 0.008120414 0.189624667 -1.484694004 0.701802194 0.024977462 -0.273771048 0.657190442
1413393915805760512.000000 0.014774337 0.143874645 -1.477725625 0.704028308 0.027826462 -0.275352567 0.654026687
1413393915855760384.000000 0.020956255 0.098695874 -1.472192883 0.705573022 0.029419137 -0.278029472 0.651153564
1413393915905760512.000000 0.026090413 0.054761171 -1.468542337 0.706935823 0.030112855 -0.280413777 0.648616374
1413393915955760384.000000 0.031017199 0.011724710 -1.467115641 0.708380461 0.031952016 -0.281305075 0.646562994
1413393916005760512.000000 0.040917635 -0.027279615 -1.473599911 0.709560394 0.035719596 -0.282196254 0.644680917
1413393916055760384.000000 0.044950187 -0.068271756 -1.477002859 0.710730374 0.038935728 -0.282595366 0.643029034
1413393916105760512.000000 0.048985571 -0.108159184 -1.483580351 0.711197615 0.043426581 -0.283319414 0.641905129
1413393916155760384.000000 0.052317590 -0.146819830 -1.492460489 0.711683929 0.047451980 -0.282879710 0.641274869
1413393916205760512.000000 0.056135744 -0.180423021 -1.505046964 0.711422443 0.050508469 -0.281187743 0.642075181
1413393916255760384.000000 0.058032095 -0.215891242 -1.518741012 0.711721897 0.046847295 -0.274016589 0.645114064
1413393916305760512.000000 0.058680981 -0.250349402 -1.534583569 0.710075200 0.041406613 -0.267140955 0.650164902
1413393916355760384.000000 0.059531301 -0.284310579 -1.552097797 0.706393361 0.034295499 -0.261096507 0.657009006
1413393916405760512.000000 0.060877144 -0.317593336 -1.571109056 0.700483978 0.026565289 -0.256377578 0.665497541
1413393916455760384.000000 0.063098907 -0.350178242 -1.591210246 0.692507148 0.021075157 -0.252491474 0.675453722
1413393916505760512.000000 0.066448033 -0.372659802 -1.610418439 0.683060169 0.015257978 -0.248138830 0.686748326
1413393916555760384.000000 0.069386423 -0.401006460 -1.631253719 0.671597183 0.011745328 -0.244566426 0.699290097
1413393916605760512.000000 0.072740480 -0.427893162 -1.652971506 0.657375395 0.007469940 -0.243240058 0.713187277
1413393916655760384.000000 0.076164141 -0.454023242 -1.675109863 0.641979992 0.002289330 -0.241595194 0.727659464
1413393916705760512.000000 0.082051910 -0.478675246 -1.696434736 0.625002205 -0.003758714 -0.239698589 0.742901564
1413393916755760384.000000 0.085363083 -0.503015161 -1.719367981 0.607559323 -0.008168463 -0.236828774 0.758101046
1413393916805760512.000000 0.086900391 -0.524643302 -1.742057204 0.590765536 -0.009841889 -0.230790943 0.773068488
1413393916855760384.000000 0.088853464 -0.547887206 -1.764495969 0.573283970 -0.008384609 -0.223762214 0.788166106
1413393916905760512.000000 0.092123561 -0.574079156 -1.785589695 0.556706011 -0.008309537 -0.213808298 0.802680194
1413393916955760384.000000 0.094437703 -0.597177029 -1.808387280 0.540510297 -0.009120595 -0.201743856 0.816740453
1413393917005760512.000000 0.099953569 -0.622083187 -1.831575871 0.525189996 -0.009906260 -0.184798822 0.830618322
1413393917055760384.000000 0.103378877 -0.644804239 -1.853502870 0.509639084 -0.010869918 -0.167964906 0.843763947
1413393917105760512.000000 0.107834890 -0.666835189 -1.874519348 0.493400514 -0.011230590 -0.152741730 0.856212497
1413393917155760384.000000 0.115163811 -0.691229343 -1.895505428 0.475916445 -0.010506639 -0.139582619 0.868279874
1413393917205760512.000000 0.120977923 -0.710496902 -1.914186001 0.458010405 -0.010318766 -0.127699792 0.879666328
1413393917255760384.000000 0.127404168 -0.727943480 -1.932230353 0.440280259 -0.013463967 -0.116728812 0.890138507
1413393917305760512.000000 0.133888364 -0.743049860 -1.948447704 0.420800924 -0.017896399 -0.110104643 0.900268435
1413393917355760384.000000 0.143569797 -0.765814602 -1.964784980 0.400568426 -0.022879843 -0.103990875 0.910059035
1413393917405760512.000000 0.149107054 -0.777014256 -1.977000713 0.380405784 -0.027547680 -0.095333271 0.919480443
1413393917455760384.000000 0.153270245 -0.787314475 -1.987040401 0.358467668 -0.031654183 -0.088176705 0.928829312
1413393917505760512.000000 0.155718386 -0.795640469 -1.994085193 0.335972369 -0.034691062 -0.081315510 0.937713683
1413393917555760384.000000 0.160009652 -0.810100436 -1.998401523 0.312623650 -0.039211873 -0.072785676 0.946272314
1413393917605760512.000000 0.159397691 -0.815021813 -2.000092506 0.287582755 -0.041272126 -0.068010747 0.954446137
1413393917655760384.000000 0.158231720 -0.820009112 -1.997983456 0.261400402 -0.042640358 -0.064777307 0.962109983
1413393917705760512.000000 0.157765076 -0.827027500 -1.993368864 0.234468058 -0.040657874 -0.062050574 0.969289124
1413393917755760384.000000 0.154491186 -0.828926921 -1.986741900 0.208046243 -0.035013717 -0.057946250 0.975773096
1413393917805760512.000000 0.154510155 -0.834560156 -1.978049517 0.181938156 -0.025627999 -0.053436026 0.981522501
1413393917855760384.000000 0.152720198 -0.835980654 -1.968287706 0.157130748 -0.016380385 -0.045051057 0.986413717
1413393917905760512.000000 0.152380586 -0.836227775 -1.958939672 -0.133641183 0.009953445 0.033664718 -0.990407825
1413393917955760384.000000 0.151789874 -0.835766554 -1.948471427 -0.110664576 0.007067165 0.022126762 -0.993586361
1413393918005760512.000000 0.155255467 -0.840331256 -1.935776949 0.088412195 -0.004417929 -0.009098687 0.996032715
1413393918055760384.000000 0.156570643 -0.837785184 -1.925028920 0.066709176 -0.002977023 0.003448884 0.997762084
1413393918105760512.000000 0.158685699 -0.835958362 -1.913146019 -0.045144554 0.002271919 -0.015577707 -0.998856485
1413393918155760384.000000 0.160904050 -0.831624210 -1.901656032 -0.023824852 0.003230375 -0.026920965 -0.999348462
1413393918205760512.000000 0.166684285 -0.826173782 -1.888865471 0.003470106 -0.005465046 0.040906310 0.999142051
1413393918255760384.000000 0.170183465 -0.818303883 -1.876649499 -0.017977752 -0.006799514 0.050458521 0.998541236
1413393918305760512.000000 0.174528867 -0.808549345 -1.863351822 0.038807843 0.007883986 -0.061959192 -0.997292757
1413393918355760384.000000 0.179874986 -0.796135426 -1.849966049 0.060068462 0.008169224 -0.072186746 -0.995547116
1413393918405760512.000000 0.191196218 -0.781959653 -1.839452863 -0.081953652 -0.008914929 0.081781425 0.993235171
1413393918455760384.000000 0.197850913 -0.764244497 -1.825807214 -0.104452454 -0.009584624 0.090480261 0.990359128
1413393918505760512.000000 0.206025884 -0.743984878 -1.812165141 0.127297372 0.009931904 -0.099920161 -0.986768901
1413393918555760384.000000 0.216371298 -0.718587756 -1.799597502 -0.150466502 -0.010301142 0.110246353 0.982394814
1413393918605760512.000000 0.226237029 -0.692223370 -1.785648704 -0.175140992 -0.007353318 0.119097859 0.977285683
1413393918655760384.000000 0.236359835 -0.661356270 -1.772080898 -0.201037258 -0.002135419 0.125793219 0.971470833
1413393918705760512.000000 0.247034788 -0.628886402 -1.758483648 -0.226529211 0.004835638 0.135511592 0.964519501
1413393918755760384.000000 0.258328736 -0.593246043 -1.746586323 -0.252076805 0.010118799 0.148071334 0.956258297
1413393918805760512.000000 0.267748177 -0.556200206 -1.734569788 -0.278217047 0.018344963 0.161373079 0.946687698
1413393918855760384.000000 0.278451681 -0.515485406 -1.725281954 -0.304236352 0.028796382 0.176541775 0.935651720
1413393918905760512.000000 0.287330031 -0.472637773 -1.716834068 -0.333958834 0.041045256 0.184751451 0.923392475
1413393918955760384.000000 0.296683133 -0.428205431 -1.712575078 -0.364743114 0.051718090 0.189448103 0.910163224
1413393919005760512.000000 0.303558320 -0.382578284 -1.710014462 -0.396432370 0.059935175 0.191312850 0.895906568
1413393919055760384.000000 0.311308056 -0.335437268 -1.711326241 -0.428282559 0.067130193 0.193694890 0.880085170
1413393919105760512.000000 0.316313863 -0.289164156 -1.714574456 -0.458578795 0.071941376 0.195582941 0.863873422
1413393919155760384.000000 0.320265740 -0.242970884 -1.720649123 0.486750185 -0.076117903 -0.200448215 -0.846818089
1413393919205760512.000000 0.325025856 -0.198232830 -1.730940700 -0.513725877 0.082959078 0.204408213 0.829108477
1413393919255760384.000000 0.327314317 -0.155053020 -1.742847800 -0.539475858 0.090164885 0.208040282 0.810897887
1413393919305760512.000000 0.329381227 -0.113987982 -1.757937193 0.564251602 -0.101001352 -0.210168749 -0.791989923
1413393919355760384.000000 0.328264058 -0.074644446 -1.775467753 -0.586398363 0.112097822 0.212571695 0.773553073
1413393919405760512.000000 0.323750734 -0.040232182 -1.794155240 -0.605515242 0.123764664 0.216699734 0.755694985
1413393919455760384.000000 0.314120412 -0.007140040 -1.814542890 -0.620398402 0.131428331 0.224887535 0.739768982
1413393919505760512.000000 0.302302003 0.021390319 -1.837046146 -0.633558631 0.134621277 0.233987018 0.725072861
1413393919555760384.000000 0.287521690 0.046038270 -1.862957120 0.645141959 -0.136617869 -0.243854940 -0.711099267
1413393919605760512.000000 0.268775612 0.067103624 -1.890931487 0.656208754 -0.136433303 -0.252274841 -0.697949529
1413393919655760384.000000 0.241980761 0.089450717 -1.920434594 -0.667475045 0.135791987 0.256076694 0.685902536
1413393919705760512.000000 0.217815906 0.104724169 -1.953673005 -0.677685261 0.134680793 0.256347328 0.675936341
1413393919755760384.000000 0.189356178 0.119323969 -1.989101887 -0.689002335 0.130760759 0.248970360 0.667975545
1413393919805760512.000000 0.161406279 0.128274679 -2.027350187 -0.700210333 0.124976605 0.237076998 0.661725640
1413393919855760384.000000 0.128958881 0.134978056 -2.065806866 0.710484803 -0.117039651 -0.223354563 -0.656982481
1413393919905760512.000000 0.095311940 0.136247873 -2.105279922 0.718371212 -0.107515074 -0.211640954 -0.653904855
1413393919955760384.000000 0.053427458 0.135338068 -2.144335985 0.723699510 -0.096750297 -0.203652397 -0.652245462
1413393920005760512.000000 0.013670534 0.128557920 -2.181385279 0.726164937 -0.086018205 -0.200978592 -0.651838124
1413393920055760384.000000 -0.027945548 0.118718624 -2.216562748 0.726841092 -0.077793054 -0.200627819 -0.652226090
1413393920105760512.000000 -0.074816734 0.108827829 -2.251618385 0.726542294 -0.071892627 -0.201067403 -0.653100073
1413393920155760384.000000 -0.119604349 0.092607737 -2.283873081 0.725642502 -0.065887369 -0.202081308 -0.654419601
1413393920205760512.000000 -0.166259333 0.074318171 -2.314526796 0.724282324 -0.062080495 -0.203464389 -0.655868471
1413393920255760384.000000 -0.215955153 0.053775072 -2.345698357 0.723169684 -0.059092212 -0.203972027 -0.657213271
1413393920305760512.000000 -0.262266070 0.029550314 -2.373963594 0.721438169 -0.056606919 -0.205473423 -0.658865154
1413393920355760384.000000 -0.308969796 0.003516912 -2.401957750 0.720018864 -0.052950352 -0.206435591 -0.660419106
1413393920405760512.000000 -0.356434435 -0.025885582 -2.428259850 0.717799127 -0.046623360 -0.211281314 -0.661778688
1413393920455760384.000000 -0.400697708 -0.056598663 -2.454315662 0.714462399 -0.039142475 -0.218559012 -0.663508356
1413393920505760512.000000 -0.444149345 -0.088713884 -2.480789185 0.711403847 -0.031287409 -0.224313423 -0.665288866
1413393920555760384.000000 -0.486086726 -0.123684406 -2.505860806 -0.708772123 0.025709029 0.229022190 0.666730821
1413393920605760512.000000 -0.526087642 -0.156661510 -2.530901432 -0.706591427 0.020645827 0.231337190 0.668420076
1413393920655760384.000000 -0.565286994 -0.189274788 -2.555155039 0.704801023 -0.016822822 -0.232868344 -0.669884264
1413393920705760512.000000 -0.604574919 -0.225121021 -2.578700066 -0.703671038 0.013925360 0.232991531 0.671094716
1413393920755760384.000000 -0.641377330 -0.257285833 -2.601501703 -0.702842593 0.012298415 0.231806442 0.672403872
1413393920805760512.000000 -0.677336335 -0.289312124 -2.623013020 0.701610863 -0.011188398 -0.232663453 -0.673412859
1413393920855760384.000000 -0.712613881 -0.320826769 -2.643790483 0.701351523 -0.008510523 -0.231369630 -0.674167454
1413393920905760512.000000 -0.749517620 -0.356253862 -2.662599564 -0.700195134 0.002778637 0.232988581 0.674859583
1413393920955760384.000000 -0.784040689 -0.386870623 -2.680936337 -0.698455989 -0.003717436 0.235620111 0.675743043
1413393921005760512.000000 -0.818647981 -0.417787790 -2.698148489 0.696285546 0.012039075 -0.241708159 -0.675735712
1413393921055760384.000000 -0.851297498 -0.446341515 -2.711812496 -0.693519831 -0.022261653 0.248087958 0.676008284
1413393921105760512.000000 -0.883808672 -0.473352432 -2.726547003 -0.690671206 -0.030688193 0.254134089 0.676348627
1413393921155760384.000000 -0.915133834 -0.497740984 -2.740571260 0.688952804 0.036408603 -0.258250952 -0.676258087
1413393921205760512.000000 -0.944252014 -0.519235611 -2.753503799 0.687920749 0.042554472 -0.260033190 -0.676266909
1413393921255760384.000000 -0.971039355 -0.540933847 -2.764580488 -0.686987936 -0.046139989 0.261315405 0.676485717
1413393921305760512.000000 -0.996606231 -0.555565357 -2.774939775 -0.686738491 -0.047850296 0.262309909 0.676235318
1413393921355760384.000000 -1.020595789 -0.566852808 -2.783782721 0.685755908 0.047710728 -0.264535844 -0.676375151
1413393921405760512.000000 -1.042247057 -0.574334860 -2.791808367 0.685829639 0.044659663 -0.264526933 -0.676512241
1413393921455760384.000000 -1.061529636 -0.578316450 -2.799020767 0.687438607 0.037539531 -0.261428535 -0.676516175
1413393921505760512.000000 -1.078892946 -0.579318047 -2.805228710 0.689631939 0.028943934 -0.255195975 -0.677085698
1413393921555760384.000000 -1.095129490 -0.578015804 -2.810697794 0.692428827 0.018529031 -0.248047695 -0.677252889
1413393921605760512.000000 -1.110958576 -0.575421095 -2.815061092 0.695569932 0.011264994 -0.240828469 -0.676799238
1413393921655760384.000000 -1.127467632 -0.571796656 -2.817841768 0.697120786 0.005397547 -0.237053722 -0.676608562
1413393921705760512.000000 -1.146461129 -0.568425417 -2.818646669 0.698786616 0.001793599 -0.233886361 -0.676011324
1413393921755760384.000000 -1.167623281 -0.569102049 -2.817161560 -0.700450718 0.001302885 0.231632888 0.675065398
1413393921805760512.000000 -1.190679669 -0.565065861 -2.814289570 -0.701850533 0.004137853 0.228679448 0.674606919
1413393921855760384.000000 -1.216218352 -0.560928583 -2.809006929 0.703598320 -0.007607011 -0.224938512 -0.674013555
1413393921905760512.000000 -1.241890907 -0.556760073 -2.802594423 0.706120610 -0.014222705 -0.219342560 -0.673112392
1413393921955760384.000000 -1.267328620 -0.552962780 -2.795108795 0.708893716 -0.020339798 -0.212472364 -0.672243655
1413393922005760512.000000 -1.292535901 -0.550127029 -2.786658049 0.710515678 -0.024841473 -0.208846286 -0.671515942
1413393922055760384.000000 -1.318365812 -0.548593998 -2.776947021 0.710717618 -0.022997983 -0.210769057 -0.670766711
1413393922105760512.000000 -1.343808532 -0.548048735 -2.766184092 0.710264087 -0.019255238 -0.214687943 -0.670121849
1413393922155760384.000000 -1.373818159 -0.543284893 -2.754910946 -0.708683729 0.011917058 0.221757814 0.669663310
1413393922205760512.000000 -1.400247812 -0.544326782 -2.741478443 -0.705335081 0.000274338 0.234587803 0.668932736
1413393922255760384.000000 -1.425784230 -0.545731783 -2.727474928 0.702443361 0.010921734 -0.245791033 -0.667862833
1413393922305760512.000000 -1.451243639 -0.545982838 -2.712433577 0.698665440 0.021154098 -0.258629948 -0.666730583
1413393922355760384.000000 -1.475676417 -0.544299841 -2.697028399 0.695151389 0.030402472 -0.269945979 -0.665559590
1413393922405760512.000000 -1.499976754 -0.537408352 -2.681910992 -0.692355812 -0.037259147 0.279221773 0.664296925
1413393922455760384.000000 -1.521363497 -0.529029369 -2.666414976 -0.689626396 -0.036920235 0.288647115 0.663125336
1413393922505760512.000000 -1.541525245 -0.517416477 -2.651772261 0.687998831 0.029950162 -0.295030862 -0.662357569
1413393922555760384.000000 -1.559812188 -0.501182079 -2.638048172 0.688022912 0.017725304 -0.297746420 -0.661556780
1413393922605760512.000000 -1.576745987 -0.481306791 -2.625597239 0.688614786 0.002782250 -0.298096895 -0.661014557
1413393922655760384.000000 -1.593540907 -0.458298683 -2.614773989 0.688806295 -0.009543531 -0.298354477 -0.660635710
1413393922705760512.000000 -1.610018134 -0.432571173 -2.606122494 0.689679325 -0.019275907 -0.296518922 -0.660338938
1413393922755760384.000000 -1.625282407 -0.401833296 -2.597902775 0.689372361 -0.024500115 -0.295944780 -0.660743773
1413393922805760512.000000 -1.642272830 -0.372266054 -2.593529940 0.689380705 -0.025161630 -0.295010000 -0.661128044
1413393922855760384.000000 -1.659499049 -0.341628790 -2.592122555 0.689500093 -0.018975688 -0.294378698 -0.661491334
1413393922905760512.000000 -1.675525427 -0.309130192 -2.593133926 0.689228117 -0.010547790 -0.294558644 -0.661882639
1413393922955760384.000000 -1.689117789 -0.274566174 -2.596920729 0.689758718 0.000764728 -0.292878121 -0.662159145
1413393923005760512.000000 -1.698435187 -0.238251925 -2.600803375 0.691394389 0.014712463 -0.289501101 -0.661775231
1413393923055760384.000000 -1.705360293 -0.199305773 -2.608543873 0.692807257 0.026511023 -0.285966724 -0.661466777
1413393923105760512.000000 -1.709969282 -0.156554937 -2.617914438 0.694064558 0.034230545 -0.283927917 -0.660672069
1413393923155760384.000000 -1.711226583 -0.110373259 -2.627668619 0.694736779 0.040851865 -0.283000916 -0.659986734
1413393923205760512.000000 -1.705583572 -0.060726166 -2.636137247 -0.695614338 -0.044305369 0.281865299 0.659325302
1413393923255760384.000000 -1.701539159 -0.007059813 -2.646304607 -0.696854174 -0.043877531 0.280117482 0.658789277
1413393923305760512.000000 -1.696496487 0.050364494 -2.655349255 0.697244346 0.036788255 -0.280850112 -0.658498466
1413393923355760384.000000 -1.690838218 0.111216784 -2.664038181 0.695920348 0.022820119 -0.283774346 -0.659277141
1413393923405760512.000000 -1.686927676 0.172726631 -2.673468590 0.691696346 0.006304601 -0.289258868 -0.661699176
1413393923455760384.000000 -1.680570126 0.238268137 -2.682557344 0.685428321 -0.010137001 -0.292257547 -0.666836500
1413393923505760512.000000 -1.673620939 0.305312872 -2.693091154 0.677774668 -0.025184298 -0.292096764 -0.674289882
1413393923555760384.000000 -1.670173883 0.372363806 -2.705469370 0.668798506 -0.037276901 -0.288218617 -0.684287310
1413393923605760512.000000 -1.663981557 0.440925121 -2.719837189 0.657248080 -0.044689290 -0.283102870 -0.697051466
1413393923655760384.000000 -1.660509825 0.509416103 -2.736396551 -0.646092594 0.044142429 0.272811741 0.711470068
1413393923705760512.000000 -1.654896379 0.578052998 -2.755530119 -0.633981705 0.039302140 0.259679049 0.727385342
1413393923755760384.000000 -1.652423620 0.647123098 -2.775996208 -0.620058775 0.028694393 0.246942803 0.744125783
1413393923805760512.000000 -1.649530172 0.715302944 -2.797390223 -0.604321420 0.018606521 0.236344069 0.760651708
1413393923855760384.000000 -1.648532748 0.784879446 -2.819549322 -0.587698996 0.010619421 0.226237446 0.776732743
1413393923905760512.000000 -1.646226764 0.852838993 -2.842794418 -0.570579231 0.003695260 0.216595516 0.792156696
1413393923955760384.000000 -1.645694137 0.922060966 -2.864431143 -0.552741289 -0.000941251 0.209405497 0.806613624
1413393924005760512.000000 -1.644387126 0.990239859 -2.887744427 -0.534711957 -0.006245080 0.203236058 0.820206881
1413393924055760384.000000 -1.642121911 1.059893847 -2.909320593 -0.517761946 -0.011034493 0.196975753 0.832467079
1413393924105760512.000000 -1.640912652 1.129591227 -2.932167768 -0.501973867 -0.017861642 0.187908500 0.844034076
1413393924155760384.000000 -1.637962461 1.201114416 -2.953376770 -0.488700479 -0.025733976 0.173930272 0.854551315
1413393924205760512.000000 -1.634604335 1.272691727 -2.974229574 -0.477331251 -0.033190455 0.155197486 0.864272594
1413393924255760384.000000 -1.628729224 1.345015764 -2.991281271 -0.467284799 -0.039944649 0.132406920 0.873222709
1413393924305760512.000000 -1.623098254 1.416144371 -3.007445812 -0.458115906 -0.046112329 0.111533113 0.880661070
1413393924355760384.000000 -1.617079377 1.486802459 -3.019593477 -0.450001538 -0.051972508 0.091550037 0.886801064
1413393924405760512.000000 -1.608228683 1.554816842 -3.029036522 -0.444007546 -0.057514369 0.072074011 0.891265869
1413393924455760384.000000 -1.594916701 1.621573329 -3.030599594 -0.440282494 -0.063647263 0.053881738 0.893978298
1413393924505760512.000000 -1.580794334 1.684513927 -3.030644655 -0.437098354 -0.067253612 0.038360808 0.896075070
1413393924555760384.000000 -1.561981440 1.743396163 -3.023626804 -0.434610963 -0.069144189 0.025049351 0.897610724
1413393924605760512.000000 -1.541441202 1.797333717 -3.013362408 -0.433696657 -0.066541970 0.011264649 0.898527980
1413393924655760384.000000 -1.515977502 1.846197724 -2.995570660 -0.433917284 -0.062357578 -0.001732017 0.898790538
1413393924705760512.000000 -1.486858845 1.888089895 -2.973884821 -0.434986591 -0.056216881 -0.014550267 0.898562551
1413393924755760384.000000 -1.450248480 1.924844384 -2.943030834 -0.436589777 -0.048799787 -0.023817224 0.898020446
1413393924805760512.000000 -1.409406424 1.951470375 -2.910350084 -0.439126819 -0.044408709 -0.028063059 0.896887958
1413393924855760384.000000 -1.364155769 1.972531557 -2.869878292 -0.439150363 -0.038505260 -0.020192323 0.897360981
1413393924905760512.000000 -1.311730623 1.983673811 -2.826435328 -0.437457740 -0.033540070 -0.002369946 0.898610175
1413393924955760384.000000 -1.255626440 1.990822911 -2.776649952 -0.432071239 -0.029107207 0.024919085 0.901025176
1413393925005760512.000000 -1.191209078 1.988197327 -2.725120783 -0.424870461 -0.023954865 0.051098004 0.903493404
1413393925055760384.000000 -1.125976682 1.984396338 -2.670787573 -0.416708559 -0.019750396 0.074190877 0.905792356
1413393925105760512.000000 -1.053368449 1.973915100 -2.614514351 -0.407196909 -0.016095413 0.094441690 0.908302009
1413393925155760384.000000 -0.980696321 1.964833856 -2.557551861 -0.395176470 -0.013524305 0.113967553 0.911407709
1413393925205760512.000000 -0.904016316 1.952616692 -2.497730732 -0.379847437 -0.012055662 0.134118780 0.915195465
1413393925255760384.000000 -0.830004811 1.943207741 -2.438185453 -0.363064319 -0.012606501 0.150597706 0.919426918
1413393925305760512.000000 -0.752103090 1.933273792 -2.377171278 -0.346623003 -0.013044418 0.162049785 0.923808575
1413393925355760384.000000 -0.676898360 1.928554177 -2.317232370 -0.333249986 -0.014807303 0.165275052 0.928121448
1413393925405760512.000000 -0.597930551 1.925322652 -2.257376909 -0.324367076 -0.015757106 0.160574213 0.932069540
1413393925455760384.000000 -0.527940273 1.933642387 -2.196050406 -0.317418814 -0.013958527 0.154850513 0.935452759
1413393925505760512.000000 -0.448785424 1.936170816 -2.137117624 -0.312590539 -0.011420017 0.147054076 0.938366592
1413393925555760384.000000 -0.376614451 1.944181919 -2.078877211 -0.307957739 -0.009457236 0.141394034 0.940787077
1413393925605760512.000000 -0.300662816 1.951552987 -2.019545794 -0.303521514 -0.006704357 0.138672993 0.942655623
1413393925655760384.000000 -0.229221135 1.961645484 -1.959255576 0.300072521 0.004750671 -0.135378242 -0.944249272
1413393925705760512.000000 -0.169016540 1.976888895 -1.896568894 -0.297453940 -0.004153753 0.131472230 0.945631564
1413393925755760384.000000 -0.109874435 1.990075231 -1.831216574 -0.296275735 -0.002777655 0.127414420 0.946561456
1413393925805760512.000000 -0.058459818 2.005455017 -1.761933684 0.295162112 0.000447143 -0.124069981 -0.947357297
1413393925855760384.000000 -0.019598503 2.022399426 -1.693908811 -0.294785589 0.002670845 0.120921455 0.947877824
1413393925905760512.000000 0.019728884 2.039523125 -1.621717215 -0.295313925 0.007017895 0.116475359 0.948247910
1413393925955760384.000000 0.053208727 2.057772398 -1.548579335 0.295460671 -0.014524906 -0.113099687 -0.948525429
1413393926005760512.000000 0.079302683 2.076198578 -1.476295590 -0.296411365 0.023157539 0.109446108 0.948485970
1413393926055760384.000000 0.106319413 2.095078945 -1.402111411 -0.296809345 0.035025295 0.107424706 0.948228598
1413393926105760512.000000 0.131156892 2.113823175 -1.329961777 0.296787620 -0.046421040 -0.106406048 -0.947860777
1413393926155760384.000000 0.152073011 2.131731033 -1.262310624 -0.296491742 0.054048698 0.106666446 0.947519779
1413393926205760512.000000 0.175674066 2.149758577 -1.194634914 -0.296056956 0.057982694 0.108716786 0.947190106
1413393926255760384.000000 0.197877362 2.167044640 -1.130424857 0.295829028 -0.058809247 -0.111078084 -0.946936309
1413393926305760512.000000 0.220033869 2.184168339 -1.068694592 0.295433074 -0.056036089 -0.114714332 -0.946794569
1413393926355760384.000000 0.241458938 2.200041056 -1.010528326 -0.294824690 0.050607227 0.118439481 0.946831286
1413393926405760512.000000 0.263417065 2.216915607 -0.953810692 -0.293461621 0.043683581 0.119948588 0.947409332
1413393926455760384.000000 0.285615981 2.233920574 -0.899662971 0.291403621 -0.041404054 -0.118824951 -0.948288083
1413393926505760512.000000 0.306776315 2.250784397 -0.847215414 0.288568497 -0.043324810 -0.115996934 -0.949418783
1413393926555760384.000000 0.325074136 2.265957832 -0.799386978 -0.285407335 0.046464648 0.110276215 0.950906396
1413393926605760512.000000 0.338034511 2.283120632 -0.747267425 -0.281161249 0.050206587 0.103643931 0.952725410
1413393926655760384.000000 0.347480625 2.299861908 -0.695835829 0.275294781 -0.052143894 -0.097555839 -0.954974711
1413393926705760512.000000 0.355514646 2.315948248 -0.646500230 -0.268658251 0.052040998 0.090183847 0.957591534
1413393926755760384.000000 0.365208089 2.331639767 -0.599062502 -0.259818882 0.050931487 0.085545190 0.960511446
1413393926805760512.000000 0.376568228 2.345672846 -0.554552794 0.250294685 -0.048826393 -0.081411190 -0.963504434
1413393926855760384.000000 0.392142802 2.359963417 -0.515141904 -0.239165291 0.045368265 0.077705339 0.966800690
1413393926905760512.000000 0.409000874 2.372623920 -0.477159172 -0.227399334 0.038555857 0.075070404 0.970137894
1413393926955760384.000000 0.428313851 2.384855270 -0.442681283 0.214901984 -0.031495992 -0.074018352 -0.973317266
1413393927005760512.000000 0.457178026 2.393394232 -0.415023416 -0.203510672 0.021761045 0.073215626 0.976088881
1413393927055760384.000000 0.482023895 2.405286551 -0.385419458 -0.192573398 0.012087675 0.075950973 0.978264272
1413393927105760512.000000 0.509921432 2.418222666 -0.357418537 0.182499468 -0.005204123 -0.079559997 -0.979967952
1413393927155760384.000000 0.541095853 2.432254076 -0.330167353 -0.172640279 0.000836912 0.085595384 0.981258452
1413393927205760512.000000 0.570513964 2.447963953 -0.303004980 -0.164374173 -0.001490557 0.091305681 0.982162058
1413393927255760384.000000 0.601793468 2.464066982 -0.276854604 -0.156619295 -0.006182329 0.098042995 0.982761323
1413393927305760512.000000 0.631225348 2.483937502 -0.249667138 -0.150045723 -0.013611874 0.101379812 0.983373344
1413393927355760384.000000 0.668990195 2.503247976 -0.228164777 -0.144919202 -0.022346135 0.098704569 0.984254360
1413393927405760512.000000 0.700547040 2.528667450 -0.199733362 -0.141322345 -0.028389139 0.090580866 0.985402107
1413393927455760384.000000 0.735729098 2.555495024 -0.170939669 -0.139848322 -0.030159114 0.075246066 0.986849010
1413393927505760512.000000 0.771038830 2.585227489 -0.140303135 -0.139626250 -0.028446818 0.057530139 0.988122284
1413393927555760384.000000 0.809608281 2.614027262 -0.108877599 -0.139487848 -0.026875144 0.040154297 0.989044309
1413393927605760512.000000 0.847422540 2.643579245 -0.075351521 -0.137878761 -0.024674440 0.022189939 0.989893079
1413393927655760384.000000 0.891253352 2.668767691 -0.046253651 -0.135156423 -0.021029029 0.004426502 0.990591288
1413393927705760512.000000 0.931845248 2.695125103 -0.009853739 -0.131370351 -0.014418727 -0.012915320 0.991144419
1413393927755760384.000000 0.974732935 2.717800856 0.026855608 -0.128722057 -0.006908827 -0.030837175 0.991177142
1413393927805760512.000000 1.018122077 2.738106489 0.064626746 -0.126665294 0.001452140 -0.046623964 0.990848184
1413393927855760384.000000 1.060543180 2.753453493 0.101890415 -0.124512956 0.008620234 -0.057412229 0.990518153
1413393927905760512.000000 1.105469227 2.764937401 0.140434518 -0.121270753 0.014775747 -0.062008772 0.990570605
1413393927955760384.000000 1.150605321 2.771401644 0.178794250 0.119205408 -0.019054012 0.065575220 -0.990518570
1413393928005760512.000000 1.194337606 2.772358656 0.215599731 -0.117859848 0.023004878 -0.067772500 0.990447760
1413393928055760384.000000 1.235397577 2.770156860 0.254440248 -0.117436893 0.025293736 -0.070643313 0.990241587
1413393928105760512.000000 1.273971081 2.763115644 0.293058544 0.117515825 -0.028151758 0.072715819 -0.990005016
1413393928155760384.000000 1.310210705 2.751018763 0.328872830 -0.117508128 0.030350197 -0.073657624 0.989871383
1413393928205760512.000000 1.344163299 2.734895468 0.367377341 -0.117924005 0.030629607 -0.073616005 0.989816368
1413393928255760384.000000 1.379245162 2.712411404 0.403760403 -0.116914868 0.028592162 -0.068240739 0.990382075
1413393928305760512.000000 1.407717347 2.687491417 0.442586631 -0.113124065 0.025665013 -0.054989513 0.991726041
1413393928355760384.000000 1.434952497 2.658214092 0.479659081 -0.107282981 0.026723452 -0.036816880 0.993187189
1413393928405760512.000000 1.459552646 2.626384497 0.517821014 -0.101795785 0.030400999 -0.019294126 0.994153559
1413393928455760384.000000 1.481719851 2.591884851 0.554480910 -0.097043529 0.033469588 -0.003244169 0.994711995
1413393928505760512.000000 1.499847412 2.556922674 0.591476381 -0.093200877 0.037930049 0.010252290 0.994871795
1413393928555760384.000000 1.517497301 2.520576954 0.627313733 -0.090931252 0.044382881 0.020123836 0.994664192
1413393928605760512.000000 1.532443404 2.485132694 0.662509322 -0.089681864 0.054606989 0.026257439 0.994125724
1413393928655760384.000000 1.550379157 2.447406769 0.697745204 -0.089253485 0.062673435 0.031301450 0.993542254
1413393928705760512.000000 1.563569784 2.412363052 0.727859616 -0.090566568 0.066734120 0.031987965 0.993137002
1413393928755760384.000000 1.576934814 2.376514196 0.755110383 -0.092528306 0.067626804 0.031952035 0.992896914
1413393928805760512.000000 1.589266896 2.341834545 0.778793216 -0.097372398 0.067556322 0.025626086 0.992621899
1413393928855760384.000000 1.603850961 2.304985046 0.803461194 -0.102260880 0.066020019 0.019785373 0.992367268
1413393928905760512.000000 1.615440845 2.269605398 0.821609914 -0.108898312 0.065358840 0.011531886 0.991834879
1413393928955760384.000000 1.626056552 2.234103680 0.836754680 -0.117497168 0.063851789 0.004020950 0.991010189
1413393929005760512.000000 1.636706352 2.196715593 0.849522710 -0.127592042 0.061636202 -0.001346714 0.989908874
1413393929055760384.000000 1.646054268 2.158723354 0.859428942 -0.138182521 0.058866266 -0.002061978 0.988653719
1413393929105760512.000000 1.656533837 2.117723703 0.868353963 -0.150338560 0.056703549 -0.002483278 0.987003982
1413393929155760384.000000 1.667014360 2.075550318 0.874315619 -0.162802681 0.055309877 -0.001130072 0.985106528
1413393929205760512.000000 1.675702810 2.031521559 0.877110839 -0.176184371 0.051281437 0.002213629 0.983018041
1413393929255760384.000000 1.684794664 1.985480428 0.880733669 -0.190267786 0.047146238 0.009010579 0.980558157
1413393929305760512.000000 1.692971945 1.937218189 0.880670428 -0.203854024 0.042587142 0.018886181 0.977892220
1413393929355760384.000000 1.703187227 1.886624455 0.880935073 -0.218150735 0.038449168 0.031118868 0.974660754
1413393929405760512.000000 1.711936712 1.834781408 0.879125118 -0.232701823 0.035371453 0.044433068 0.970888555
1413393929455760384.000000 1.721292734 1.781914473 0.876753449 0.248239711 -0.032876741 -0.056147683 -0.966511130
1413393929505760512.000000 1.731635690 1.728971362 0.872372150 -0.265174776 0.029057894 0.066176854 0.961487770
1413393929555760384.000000 1.741246223 1.674281120 0.868177354 -0.282287419 0.025447855 0.075970069 0.955978453
1413393929605760512.000000 1.751151681 1.619009018 0.863709092 0.300374925 -0.022575976 -0.083901808 -0.949855685
1413393929655760384.000000 1.761381865 1.563173771 0.858806252 0.318846196 -0.019545149 -0.091166966 -0.943209291
1413393929705760512.000000 1.772228479 1.506977797 0.853811324 0.336739361 -0.018280335 -0.098083101 -0.936297119
1413393929755760384.000000 1.783353448 1.450346231 0.848935902 0.354077131 -0.017137492 -0.106498569 -0.928974628
1413393929805760512.000000 1.794689417 1.393591881 0.844136357 0.369914830 -0.017828470 -0.117813125 -0.921393156
1413393929855760384.000000 1.805969357 1.336926579 0.839388847 0.384105712 -0.020205922 -0.132604465 -0.913493633
1413393929905760512.000000 1.817735314 1.280535698 0.834355533 0.396681070 -0.025355155 -0.149639726 -0.905322790
1413393929955760384.000000 1.829512119 1.225012183 0.828567207 0.408450037 -0.030220238 -0.166182369 -0.897016585
1413393930005760512.000000 1.841614723 1.171707869 0.815555334 -0.420039892 0.034384608 0.180908352 0.888626158
1413393930055760384.000000 1.850628614 1.119225979 0.808125436 -0.431556046 0.037788030 0.194012001 0.880165279
1413393930105760512.000000 1.857858658 1.067333341 0.800642788 0.442468971 -0.040380809 -0.204713926 -0.872171342
1413393930155760384.000000 1.862869263 1.017932653 0.792032003 0.452410877 -0.042502258 -0.211611450 -0.865296841
1413393930205760512.000000 1.865198374 0.970412970 0.782771647 0.460879952 -0.044114415 -0.216535836 -0.859509110
1413393930255760384.000000 1.865035415 0.924706578 0.772626042 0.468289763 -0.043687828 -0.217788205 -0.855198503
1413393930305760512.000000 1.861984015 0.880935669 0.761615694 0.475344002 -0.041756812 -0.215759605 -0.851911008
1413393930355760384.000000 1.856231689 0.838876605 0.749623835 0.483737588 -0.034911484 -0.206127316 -0.849876940
1413393930405760512.000000 1.847707272 0.797949910 0.737357557 0.490298331 -0.027689865 -0.196298108 -0.848709583
1413393930455760384.000000 1.835546494 0.758134067 0.725459993 0.496010989 -0.020161346 -0.186307162 -0.847853959
1413393930505760512.000000 1.811213374 0.719932318 0.710865736 -0.499646664 0.014515368 0.178383276 0.847538829
1413393930555760384.000000 1.788730741 0.681576550 0.702935874 -0.501130462 0.012885468 0.174684629 0.847459435
1413393930605760512.000000 1.761372805 0.642672896 0.697164834 0.500584126 -0.015924210 -0.174879640 -0.847690463
1413393930655760384.000000 1.728672385 0.604951382 0.693545520 0.498881638 -0.021097334 -0.176655114 -0.848212898
1413393930705760512.000000 1.691610456 0.567678332 0.691401005 0.496744215 -0.027281677 -0.178632051 -0.848876655
1413393930755760384.000000 1.652716637 0.531237185 0.689790189 0.494433254 -0.034301348 -0.180258468 -0.849627018
1413393930805760512.000000 1.608578920 0.496538490 0.690198898 -0.492255270 0.039584592 0.180206984 0.850672245
1413393930855760384.000000 1.570156574 0.461452395 0.687086701 -0.489883214 0.043595236 0.180819586 0.851714909
1413393930905760512.000000 1.533928037 0.426734805 0.680941701 0.488292992 -0.044096634 -0.180134669 -0.852746725
1413393930955760384.000000 1.500570536 0.392228425 0.672757268 0.486421019 -0.041576102 -0.178616956 -0.854261100
1413393931005760512.000000 1.467510819 0.356057405 0.665195048 -0.484185636 0.040902160 0.179221958 0.855436087
1413393931055760384.000000 1.441636562 0.322446525 0.652024984 -0.483058095 0.037671153 0.178496510 0.856373072
1413393931105760512.000000 1.418931484 0.289496064 0.637355626 0.480865777 -0.037969980 -0.179097071 -0.857467592
1413393931155760384.000000 1.399541259 0.256548941 0.620058060 0.478967458 -0.035031047 -0.180832177 -0.858290613
1413393931205760512.000000 1.383068323 0.224246919 0.600922644 0.477289349 -0.032320116 -0.182699665 -0.858936071
1413393931255760384.000000 1.367865562 0.192843825 0.581094325 0.474365801 -0.030294703 -0.185830981 -0.859957099
1413393931305760512.000000 1.349070072 0.157070547 0.561324239 -0.472208440 0.028983973 0.189402476 0.860410333
1413393931355760384.000000 1.330065012 0.127435893 0.541628957 -0.469758123 0.028663840 0.193475932 0.860855877
1413393931405760512.000000 1.307863712 0.097310215 0.522050560 0.466368586 -0.028825622 -0.198869362 -0.861464143
1413393931455760384.000000 1.283529043 0.069650143 0.502536178 0.463881195 -0.030096132 -0.203492850 -0.861683905
1413393931505760512.000000 1.256376624 0.045580775 0.483265251 -0.461285889 0.031515855 0.207884744 0.861977994
1413393931555760384.000000 1.226640105 0.019866526 0.462637037 -0.459344953 0.032589942 0.210463643 0.862348616
1413393931605760512.000000 1.192692876 -0.004473180 0.441547573 0.457411379 -0.032275364 -0.212892145 -0.862792075
1413393931655760384.000000 1.157225132 -0.026790619 0.419806719 0.456330031 -0.033236437 -0.213106841 -0.863274992
1413393931705760512.000000 1.121607184 -0.047119319 0.395247996 -0.455500096 0.033184089 0.213375792 0.863648832
1413393931755760384.000000 1.082157373 -0.064708203 0.372832417 -0.454563618 0.033201788 0.212617770 0.864328265
1413393931805760512.000000 1.040807128 -0.078958660 0.350615859 0.454265386 -0.032695238 -0.211558372 -0.864764214
1413393931855760384.000000 0.999271393 -0.093146890 0.324141622 -0.453939199 0.031926662 0.210359380 0.865256548
1413393931905760512.000000 0.956839919 -0.103575677 0.298772097 -0.453617901 0.031154068 0.209451318 0.865673423
1413393931955760384.000000 0.915510178 -0.111055374 0.271455258 0.453521222 -0.030644018 -0.207768753 -0.866147637
1413393932005760512.000000 0.875142157 -0.116603017 0.242508709 0.453861922 -0.029455435 -0.205656379 -0.866514444
1413393932055760384.000000 0.838219225 -0.125699461 0.207904369 -0.454271317 0.026476132 0.202830359 0.867062032
1413393932105760512.000000 0.800002515 -0.127042100 0.175828338 -0.455178201 0.022956079 0.199317113 0.867501318
1413393932155760384.000000 0.762101293 -0.127470464 0.142322212 0.456846833 -0.018062184 -0.194075420 -0.867928267
1413393932205760512.000000 0.725333810 -0.125733778 0.108165532 0.459082425 -0.013107756 -0.187814370 -0.868215084
1413393932255760384.000000 0.692387581 -0.126454383 0.071123794 -0.461885750 0.007620980 0.180006385 0.868447661
1413393932305760512.000000 0.658047616 -0.121905148 0.036623303 -0.464184016 0.002602807 0.173526555 0.868570685
1413393932355760384.000000 0.625374734 -0.117599562 0.002023008 0.466647148 0.001657869 -0.167961329 -0.868347168
1413393932405760512.000000 0.593557119 -0.111968271 -0.031386089 0.468248159 0.004952283 -0.164368257 -0.868160367
1413393932455760384.000000 0.565766633 -0.107506029 -0.066109553 -0.469643176 -0.008160567 0.161441579 0.867931724
1413393932505760512.000000 0.535947442 -0.100413442 -0.097091921 -0.471427768 -0.010281496 0.159165189 0.867361903
1413393932555760384.000000 0.508043528 -0.092997938 -0.126503795 0.473275214 0.011020193 -0.156480744 -0.866835058
1413393932605760512.000000 0.481635898 -0.085032083 -0.154574573 0.475172102 0.009334704 -0.153942168 -0.866271377
1413393932655760384.000000 0.456766367 -0.076809213 -0.181280583 0.477221608 0.006524323 -0.151546061 -0.865592778
1413393932705760512.000000 0.433066338 -0.070187032 -0.208101660 -0.478483856 -0.003996528 0.150324583 0.865124166
1413393932755760384.000000 0.410816133 -0.062383555 -0.232280195 -0.480030060 -0.001445083 0.149548858 0.864409745
1413393932805760512.000000 0.389945984 -0.055244252 -0.255484283 0.481795490 -0.001084119 -0.148243651 -0.863652587
1413393932855760384.000000 0.370096892 -0.048149176 -0.277510017 0.483746141 -0.001069370 -0.146103740 -0.862926602
1413393932905760512.000000 0.351866454 -0.041609798 -0.298412025 0.485916227 -0.001807383 -0.143580273 -0.862129331
1413393932955760384.000000 0.335393339 -0.033367187 -0.317758888 -0.488457739 0.007214671 0.139306873 0.861365557
1413393933005760512.000000 0.321112484 -0.028453827 -0.336605787 -0.490453720 0.016481945 0.133344948 0.861047387
1413393933055760384.000000 0.307862461 -0.025836095 -0.354627490 0.491607219 -0.024890734 -0.127559081 -0.861064255
1413393933105760512.000000 0.295687824 -0.025252357 -0.371920198 0.492294401 -0.034323703 -0.122201152 -0.861124277
1413393933155760384.000000 0.283412158 -0.023622856 -0.387676835 -0.492094159 0.041211944 0.120350987 0.861197233
1413393933205760512.000000 0.272513300 -0.028231807 -0.404632241 -0.491265237 0.046899356 0.121496201 0.861218691
1413393933255760384.000000 0.262223393 -0.035038799 -0.421530962 0.488645583 -0.051878374 -0.127073541 -0.861618578
1413393933305760512.000000 0.253061801 -0.044767298 -0.439103782 0.485210270 -0.058466118 -0.135814011 -0.861804724
1413393933355760384.000000 0.244400024 -0.056949995 -0.457629561 0.481593937 -0.063734449 -0.144556820 -0.862037420
1413393933405760512.000000 0.235739246 -0.067588210 -0.476339251 -0.477132082 0.068167686 0.156064317 0.862172902
1413393933455760384.000000 0.227179080 -0.083295062 -0.498142570 -0.472339332 0.069083191 0.169480249 0.862206221
1413393933505760512.000000 0.218096942 -0.099122375 -0.521274745 0.466567844 -0.067591853 -0.184240147 -0.862439275
1413393933555760384.000000 0.206440598 -0.115196496 -0.545550346 -0.461544037 0.064704634 0.197569951 0.862413287
1413393933605760512.000000 0.193767235 -0.130650178 -0.572285414 -0.458140045 0.060866244 0.207951039 0.862066984
1413393933655760384.000000 0.177542895 -0.143993020 -0.599858582 -0.457208514 0.056286741 0.212596118 0.861739576
1413393933705760512.000000 0.161437988 -0.156795412 -0.630433381 -0.458679914 0.049289946 0.210414797 0.861921668
1413393933755760384.000000 0.143318385 -0.168325901 -0.662628770 0.462514699 -0.040823504 -0.202915251 -0.862113118
1413393933805760512.000000 0.121055797 -0.178873301 -0.694028795 -0.466741681 0.032288961 0.193985850 0.862252414
1413393933855760384.000000 0.098280683 -0.188925698 -0.726757586 -0.469477475 0.025098125 0.187389851 0.862465143
1413393933905760512.000000 0.073383957 -0.198316395 -0.758870006 0.471780688 -0.020637050 -0.182205364 -0.862437487
1413393933955760384.000000 0.046742018 -0.204679966 -0.787697852 -0.474376708 0.019146057 0.176081344 0.862319827
1413393934005760512.000000 0.025260475 -0.212625593 -0.820277333 -0.478021443 0.023784392 0.164587185 0.862462163
1413393934055760384.000000 0.006734990 -0.221387923 -0.853612781 0.481913865 -0.029156033 -0.153598323 -0.862158120
1413393934105760512.000000 -0.008150212 -0.229332969 -0.887734711 -0.484420240 0.035118867 0.144060925 0.862177610
1413393934155760384.000000 -0.020406060 -0.240928173 -0.922685266 -0.485871822 0.037007079 0.138040289 0.862266779
1413393934205760512.000000 -0.030838676 -0.254517734 -0.957828164 0.486600697 -0.038124867 -0.134234816 -0.862407923
1413393934255760384.000000 -0.040075086 -0.268816769 -0.992970824 -0.484533340 0.038070027 0.136664331 0.863192320
1413393934305760512.000000 -0.050472587 -0.286093444 -1.026949883 -0.482005745 0.037610274 0.141057715 0.863920569
1413393934355760384.000000 -0.063545749 -0.304244578 -1.059580207 0.477994055 -0.035377525 -0.149797931 -0.864772081
1413393934405760512.000000 -0.079795152 -0.322938204 -1.090894461 0.473467916 -0.033362761 -0.160209283 -0.865475714
1413393934455760384.000000 -0.097835861 -0.339614481 -1.121187449 -0.469682932 0.031707514 0.168970063 0.865934074
1413393934505760512.000000 -0.120786831 -0.358396441 -1.150635719 -0.466194808 0.030532178 0.177276999 0.866200387
1413393934555760384.000000 -0.146698311 -0.376870751 -1.179413557 0.462688625 -0.030404452 -0.185188085 -0.866429567
1413393934605760512.000000 -0.174811557 -0.394387960 -1.207940698 0.460002124 -0.030946052 -0.191856012 -0.866390049
1413393934655760384.000000 -0.204779446 -0.411182255 -1.236805320 0.457163811 -0.033636976 -0.198948413 -0.866192400
1413393934705760512.000000 -0.235581741 -0.424759835 -1.265544415 -0.454365879 0.036290381 0.205495164 0.866029203
1413393934755760384.000000 -0.270367175 -0.438931167 -1.294462442 -0.448608130 0.039225899 0.214845195 0.866633534
1413393934805760512.000000 -0.308049977 -0.452180713 -1.323865771 0.440342963 -0.041372411 -0.225575000 -0.868045211
1413393934855760384.000000 -0.346845716 -0.461350799 -1.354835987 -0.430474222 0.040492553 0.233607933 0.870907366
1413393934905760512.000000 -0.388731271 -0.469805181 -1.386227012 -0.419526994 0.035369541 0.238292933 0.875192881
1413393934955760384.000000 -0.432171792 -0.474360585 -1.419054866 0.408858508 -0.025387479 -0.236210153 -0.881132841
1413393935005760512.000000 -0.479185700 -0.476764649 -1.451792479 -0.400263697 0.012023939 0.222734436 0.888838470
1413393935055760384.000000 -0.525228202 -0.474841803 -1.485914111 -0.391640484 -0.003817865 0.202728838 0.897498906
1413393935105760512.000000 -0.570693254 -0.469470441 -1.519215822 0.381108075 0.017879687 -0.182253584 -0.906212270
1413393935155760384.000000 -0.616549850 -0.464013219 -1.550806284 -0.368042320 -0.028864084 0.163833410 0.914806187
1413393935205760512.000000 -0.655003130 -0.453998148 -1.582536578 -0.352355033 -0.037219297 0.147965714 0.923345447
1413393935255760384.000000 -0.688124716 -0.441967130 -1.612920165 0.334888250 0.042559180 -0.135084629 -0.931552887
1413393935305760512.000000 -0.719322264 -0.430137277 -1.640013695 -0.316491246 -0.046213835 0.124217384 0.939291060
1413393935355760384.000000 -0.742550135 -0.414722979 -1.666395307 -0.297088832 -0.047270037 0.116420239 0.946546495
1413393935405760512.000000 -0.760458171 -0.397976160 -1.690528512 0.278524309 0.047445942 -0.104920574 -0.953501344
1413393935455760384.000000 -0.773635864 -0.380635351 -1.713513851 0.260237396 0.046721771 -0.092429854 -0.959974170
1413393935505760512.000000 -0.781856179 -0.362963021 -1.734562635 0.242336541 0.044568200 -0.078259565 -0.966003180
1413393935555760384.000000 -0.786397517 -0.345738441 -1.753480911 0.224100202 0.044620711 -0.065040290 -0.971369088
1413393935605760512.000000 -0.791186392 -0.331830889 -1.769740582 -0.209072635 -0.044643149 0.048772212 0.975662291
1413393935655760384.000000 -0.790211618 -0.315059513 -1.783602476 -0.195933223 -0.046808846 0.034113258 0.978905201
1413393935705760512.000000 -0.787811100 -0.298814297 -1.795191884 0.185658470 0.048124790 -0.016909828 -0.981289506
1413393935755760384.000000 -0.784196615 -0.284366190 -1.803482652 0.177330554 0.049135994 -0.000200020 -0.982923985
1413393935805760512.000000 -0.778957725 -0.272494912 -1.808415651 0.170163214 0.049042601 0.018300351 -0.984024584
1413393935855760384.000000 -0.771891117 -0.264206260 -1.809837937 0.162471637 0.047707222 0.036180709 -0.984894931
1413393935905760512.000000 -0.763730884 -0.260287017 -1.807736874 0.152460277 0.045649715 0.047908124 -0.986091733
1413393935955760384.000000 -0.751859248 -0.261671484 -1.798510551 -0.137335181 -0.041918200 -0.045877419 0.988573313
1413393936005760512.000000 -0.741574705 -0.267526209 -1.789643049 -0.117842212 -0.036827598 -0.036777027 0.991667569
1413393936055760384.000000 -0.730627239 -0.277162164 -1.778177500 0.096844345 0.032291982 0.027512072 -0.994395018
1413393936105760512.000000 -0.716151178 -0.289105386 -1.765601516 -0.073619463 -0.026887627 -0.017998485 0.996761441
1413393936155760384.000000 -0.702401102 -0.304160804 -1.750379920 -0.049187571 -0.021811701 -0.008909484 0.998511672
1413393936205760512.000000 -0.687325597 -0.320249170 -1.733459830 0.023179086 0.019027464 -0.000582990 -0.999550104
1413393936255760384.000000 -0.671506405 -0.336629242 -1.715389013 -0.002656025 0.017305924 -0.006719775 -0.999824166
1413393936305760512.000000 -0.652812779 -0.353284091 -1.697474718 0.028265653 -0.017611582 0.010727688 0.999387741
1413393936355760384.000000 -0.635488093 -0.368279964 -1.676666379 0.053970985 -0.018383233 0.011626254 0.998305559
1413393936405760512.000000 -0.617496192 -0.381517351 -1.654767752 -0.078417435 0.018860163 -0.009509629 -0.996696889
1413393936455760384.000000 -0.597303092 -0.394061416 -1.633049488 0.101424843 -0.018978698 0.003754074 0.994655132
1413393936505760512.000000 -0.576479077 -0.403683454 -1.609399676 0.122914985 -0.014791737 -0.007502665 0.992278636
1413393936555760384.000000 -0.554029882 -0.411597669 -1.585585713 0.143052235 -0.008377849 -0.020229604 0.989472926
1413393936605760512.000000 -0.531478405 -0.417653561 -1.560571790 -0.162454620 -0.000425289 0.032071888 -0.986194551
1413393936655760384.000000 -0.507133842 -0.424216568 -1.536613703 0.181127042 0.011139074 -0.042305984 0.982486188
1413393936705760512.000000 -0.483508110 -0.427658737 -1.511810541 0.198696792 0.021796310 -0.051162418 0.978482008
1413393936755760384.000000 -0.459903806 -0.429824233 -1.487659216 0.215539232 0.030099090 -0.058818560 0.974257350
1413393936805760512.000000 -0.436768562 -0.431921124 -1.466236949 0.231558278 0.036499575 -0.066512011 0.969858110
1413393936855760384.000000 -0.413917929 -0.431679517 -1.444841623 0.247687370 0.041686825 -0.074349418 0.965083063
1413393936905760512.000000 -0.390756428 -0.429953516 -1.425899863 0.263322949 0.047393102 -0.083080649 0.959954441
1413393936955760384.000000 -0.366585225 -0.433120131 -1.409517050 0.279643446 0.051063083 -0.091972649 0.954323411
1413393937005760512.000000 -0.343836933 -0.429545760 -1.395035148 0.295787960 0.056707580 -0.102693059 0.948023200
1413393937055760384.000000 -0.321596563 -0.425262302 -1.383697987 0.312279433 0.060864612 -0.113253862 0.941249609
1413393937105760512.000000 -0.299018413 -0.422805965 -1.375628591 0.329209238 0.063959256 -0.122766271 0.934055150
1413393937155760384.000000 -0.277896792 -0.416460901 -1.370587826 0.346300453 0.066124953 -0.130612865 0.926630318
1413393937205760512.000000 -0.257721096 -0.409496635 -1.369057178 0.363575846 0.068364024 -0.137503460 0.918820858
1413393937255760384.000000 -0.236500099 -0.406193614 -1.371889114 0.379912823 0.069056354 -0.143950656 0.911139846
1413393937305760512.000000 -0.216960549 -0.397026926 -1.377133608 0.396063894 0.069029354 -0.148779899 0.903456092
1413393937355760384.000000 -0.197723299 -0.386902928 -1.385559916 0.410432488 0.067418352 -0.154147476 0.896235824
1413393937405760512.000000 -0.179103807 -0.375211775 -1.396627069 0.422396839 0.065565012 -0.158206701 0.890085876
1413393937455760384.000000 -0.162604854 -0.361979723 -1.409478068 0.431629688 0.060049281 -0.163320228 0.885108173
1413393937505760512.000000 -0.150622651 -0.347527921 -1.422736049 0.438211590 0.048189312 -0.168833822 0.881557524
1413393937555760384.000000 -0.141860053 -0.335724056 -1.439893723 0.444052935 0.034930702 -0.170879915 0.878861189
1413393937605760512.000000 -0.140218839 -0.320516586 -1.452271819 0.448518872 0.023611890 -0.171959788 0.876757145
1413393937655760384.000000 -0.143941537 -0.305171907 -1.463092685 0.452696443 0.011891642 -0.171112716 0.875011444
1413393937705760512.000000 -0.150611162 -0.289387763 -1.473354936 0.455081999 0.001100425 -0.170982510 0.873878837
1413393937755760384.000000 -0.158425823 -0.273766279 -1.483124375 0.455874532 -0.009702438 -0.172624737 0.873089373
1413393937805760512.000000 -0.165276498 -0.258882105 -1.492638707 0.456157476 -0.020025859 -0.174095526 0.872473538
1413393937855760384.000000 -0.170304373 -0.245202839 -1.501632094 0.455944031 -0.028230581 -0.174377605 0.872301936
1413393937905760512.000000 -0.172342569 -0.233234048 -1.510318279 0.455440640 -0.029578649 -0.175788283 0.872237086
1413393937955760384.000000 -0.172587827 -0.223145843 -1.520989656 0.454691410 -0.024086479 -0.177845895 0.872379839
1413393938005760512.000000 -0.172036722 -0.213786304 -1.528959036 0.453246921 -0.017149264 -0.180534825 0.872743011
1413393938055760384.000000 -0.169528320 -0.204842210 -1.535808802 0.451370776 -0.007695546 -0.185149327 0.872883141
1413393938105760512.000000 -0.166619152 -0.197758257 -1.543881893 0.449692875 0.004609128 -0.191591665 0.872380495
1413393938155760384.000000 -0.162833333 -0.192100465 -1.553461552 0.448618829 0.019958688 -0.199620649 0.870915830
1413393938205760512.000000 -0.158932090 -0.188012302 -1.565424681 0.449062228 0.036277138 -0.208849326 0.867991447
1413393938255760384.000000 -0.155833632 -0.185265362 -1.580372453 0.451384366 0.049758472 -0.216166675 0.864319503
1413393938305760512.000000 -0.153821722 -0.183752775 -1.599069595 0.456475586 0.057992496 -0.219256073 0.860345125
1413393938355760384.000000 -0.152699649 -0.183147311 -1.621777534 0.465314388 0.061101187 -0.216950059 0.855968416
1413393938405760512.000000 -0.152532205 -0.183317900 -1.648028374 0.476898640 0.058801129 -0.210765511 0.851286173
1413393938455760384.000000 -0.148283362 -0.184646189 -1.673890352 0.491181612 0.052088443 -0.200350285 0.846101165
1413393938505760512.000000 -0.149858013 -0.184675753 -1.706113577 0.505773067 0.044312511 -0.192371622 0.839775681
1413393938555760384.000000 -0.152651757 -0.184287071 -1.740772724 0.519641101 0.036889568 -0.186866373 0.832882583
1413393938605760512.000000 -0.156882808 -0.183135271 -1.775902629 0.533077955 0.030736106 -0.183902875 0.825265408
1413393938655760384.000000 -0.161395580 -0.180658102 -1.808745623 0.545979738 0.023770725 -0.182265326 0.817386389
1413393938705760512.000000 -0.172083259 -0.176548243 -1.842707038 0.557541251 0.016458174 -0.182220325 0.809736192
1413393938755760384.000000 -0.185240239 -0.170328021 -1.875958443 0.569158256 0.012296331 -0.182010010 0.801735699
1413393938805760512.000000 -0.200344861 -0.162239671 -1.908303142 0.580263019 0.012474615 -0.182352796 0.793654025
1413393938855760384.000000 -0.215302736 -0.155141711 -1.937281966 0.590145707 0.017115438 -0.184941843 0.785640955
1413393938905760512.000000 -0.230555922 -0.143767476 -1.968951106 0.599625289 0.020339210 -0.188651100 0.777461648
1413393938955760384.000000 -0.245100081 -0.131362081 -1.999940634 0.608495057 0.022298709 -0.193664148 0.769240439
1413393939005760512.000000 -0.258974880 -0.116837263 -2.031390667 0.617175102 0.022704190 -0.198668018 0.760993123
1413393939055760384.000000 -0.270990342 -0.100682497 -2.063208342 0.625394523 0.025165087 -0.202536657 0.753145039
1413393939105760512.000000 -0.277989000 -0.085504055 -2.092574835 0.636508346 0.035153121 -0.198266998 0.744521081
1413393939155760384.000000 -0.285370588 -0.065880656 -2.126196384 0.647487938 0.046424124 -0.193018049 0.735763788
1413393939205760512.000000 -0.293478251 -0.043542147 -2.159104347 0.655855834 0.048371568 -0.194167897 0.727882028
1413393939255760384.000000 -0.303541124 -0.017908812 -2.191429853 0.660367131 0.042470053 -0.202457696 0.721888125
1413393939305760512.000000 -0.313752472 0.010326624 -2.219215393 0.662118554 0.029918738 -0.214971438 0.717280447
1413393939355760384.000000 -0.326497883 0.041321516 -2.249690771 0.660185456 0.011164823 -0.232982814 0.713967562
1413393939405760512.000000 -0.342451572 0.072355747 -2.278723240 0.656414270 -0.014918480 -0.251039565 0.711250246
1413393939455760384.000000 -0.359231144 0.103741646 -2.306777716 0.651195526 -0.044355087 -0.267734110 0.708728135
1413393939505760512.000000 -0.379135311 0.132122040 -2.333768368 0.645105541 -0.074041151 -0.281178653 0.706608355
1413393939555760384.000000 -0.398930401 0.157418728 -2.358971834 -0.639223695 0.100476846 0.291206747 -0.704624891
1413393939605760512.000000 -0.419521630 0.178617239 -2.383259773 0.632904887 -0.122893170 -0.299440980 0.703323424
1413393939655760384.000000 -0.440883040 0.192800999 -2.403898239 0.626657188 -0.141292423 -0.306735724 0.702317894
1413393939705760512.000000 -0.463254154 0.200283766 -2.422938824 0.620938420 -0.148587748 -0.315807045 0.701871157
1413393939755760384.000000 -0.482312560 0.197842598 -2.438779831 0.618005395 -0.145388454 -0.321428448 0.702577710
1413393939805760512.000000 -0.499723732 0.186214447 -2.453087091 -0.619992316 0.129336044 0.319140553 -0.705004334
1413393939855760384.000000 -0.513658643 0.166566849 -2.469331264 0.627516389 -0.102081627 -0.304411709 0.709320903
1413393939905760512.000000 -0.525865197 0.140043974 -2.482247353 -0.638683140 0.068108037 0.277959675 -0.714271367
1413393939955760384.000000 -0.535391092 0.110998869 -2.496761560 0.650656819 -0.029447248 -0.246326163 0.717706084
1413393940005760512.000000 -0.544962704 0.081365585 -2.509737492 0.661095798 0.005744253 -0.214234576 0.719043016
1413393940055760384.000000 -0.553384244 0.054232597 -2.523192644 0.670799553 0.035017028 -0.180582032 0.718465030
1413393940105760512.000000 -0.561778128 0.030968904 -2.535823822 0.678284466 0.058546968 -0.151660889 0.716590166
1413393940155760384.000000 -0.569100022 0.014119864 -2.548050404 0.684511125 0.073230259 -0.127149403 0.714083314
1413393940205760512.000000 -0.576587260 0.005755663 -2.558600187 0.688886940 0.085472286 -0.108884372 0.711529016
1413393940255760384.000000 -0.584353685 0.005054474 -2.568620920 -0.691300094 -0.089196742 0.099722721 -0.710072875
1413393940305760512.000000 -0.592422962 0.012229919 -2.575704813 -0.690657258 -0.081309080 0.104642205 -0.710936964
1413393940355760384.000000 -0.598523974 0.028187752 -2.582073450 -0.685956895 -0.064580739 0.124594644 -0.713980913
1413393940405760512.000000 -0.605260134 0.051489115 -2.585652351 -0.678599119 -0.042911276 0.151437804 -0.717445791
1413393940455760384.000000 -0.610177279 0.075569391 -2.589468718 0.669241786 0.014430493 -0.180627465 0.720611513
1413393940505760512.000000 -0.616634965 0.107735395 -2.589623213 0.657659292 -0.020481406 -0.212201118 0.722520232
1413393940555760384.000000 -0.621578336 0.140172958 -2.589466333 0.646610022 -0.056440704 -0.237310767 0.722768009
1413393940605760512.000000 -0.624369383 0.171288252 -2.588219881 0.636327922 -0.089255989 -0.254809916 0.722628653
1413393940655760384.000000 -0.623256683 0.196427107 -2.586023331 0.627916098 -0.115097344 -0.265552998 0.722464979
1413393940705760512.000000 -0.620020151 0.216835260 -2.581684351 0.622027576 -0.136412650 -0.269288331 0.722466052
1413393940755760384.000000 -0.614484489 0.227785826 -2.573443413 0.618095040 -0.154681861 -0.266024739 0.723369122
1413393940805760512.000000 -0.604129195 0.232275009 -2.563384056 0.617428064 -0.160806641 -0.258795887 0.725223124
1413393940855760384.000000 -0.587576449 0.228054523 -2.549817801 -0.620372415 0.147615001 0.249833584 -0.728650212
1413393940905760512.000000 -0.566408992 0.216519117 -2.532258511 0.624699473 -0.122505479 -0.242619276 0.732037485
1413393940955760384.000000 -0.543902159 0.201002359 -2.512311220 -0.630910933 0.092047006 0.231691763 -0.734709263
1413393941005760512.000000 -0.518886685 0.181833506 -2.489887476 0.638197958 -0.057575725 -0.216938749 0.736427903
1413393941055760384.000000 -0.493210316 0.162671804 -2.465757370 0.646588564 -0.023614092 -0.196011215 0.736848235
1413393941105760512.000000 -0.465840369 0.143406868 -2.441164732 0.654058635 0.009196620 -0.176099166 0.735603094
1413393941155760384.000000 -0.438069046 0.126713753 -2.415751696 0.660557926 0.035629623 -0.158213899 0.733049929
1413393941205760512.000000 -0.413273007 0.115291595 -2.387937784 0.665536165 0.055900361 -0.144311160 0.730144620
1413393941255760384.000000 -0.387550175 0.108143330 -2.360626221 0.668189526 0.066389486 -0.138775915 0.727912486
1413393941305760512.000000 -0.368768096 0.107905865 -2.331567526 0.667977393 0.062720113 -0.146004960 0.727017879
1413393941355760384.000000 -0.346725494 0.112188578 -2.302251101 0.666003168 0.049008511 -0.160453200 0.726837516
1413393941405760512.000000 -0.326330811 0.121635914 -2.272061586 0.662215948 0.028879441 -0.179882482 0.726827621
1413393941455760384.000000 -0.308404386 0.134174228 -2.240682840 0.657015502 0.005981253 -0.201056451 0.726547420
1413393941505760512.000000 -0.288257301 0.148583889 -2.209733963 0.649957836 -0.019387288 -0.225164950 0.725589275
1413393941555760384.000000 -0.269785821 0.163792491 -2.177146673 0.642532587 -0.043212660 -0.247230843 0.723989964
1413393941605760512.000000 -0.247914135 0.176330924 -2.145759344 0.635402977 -0.064531773 -0.266491503 0.721859396
1413393941655760384.000000 -0.228214860 0.187578321 -2.112785816 0.629578948 -0.080195226 -0.281509668 0.719688475
1413393941705760512.000000 -0.205462098 0.192188501 -2.080226421 -0.623737156 0.092563182 0.292762130 -0.718800724
1413393941755760384.000000 -0.184930027 0.191907883 -2.046104908 -0.617566705 0.101610012 0.301999360 -0.719084978
1413393941805760512.000000 -0.166024029 0.186828494 -2.010081530 0.612439394 -0.106709264 -0.308590442 0.719932675
1413393941855760384.000000 -0.147645801 0.173950672 -1.974073768 0.610316992 -0.104250893 -0.308511943 0.722125590
1413393941905760512.000000 -0.129056901 0.154729843 -1.937007189 0.613555849 -0.091337010 -0.298462927 0.725345910
1413393941955760384.000000 -0.110730290 0.129302740 -1.900483608 -0.618734241 0.072511815 0.283548743 -0.729047418
1413393942005760512.000000 -0.092596874 0.101573110 -1.863085389 0.625959337 -0.048236322 -0.263292879 0.732478738
1413393942055760384.000000 -0.072157495 0.068931937 -1.827459812 0.634016573 -0.019080700 -0.238858864 0.735258758
1413393942105760512.000000 -0.050664514 0.039959908 -1.791280150 0.640780330 0.010351231 -0.215196103 0.736874580
1413393942155760384.000000 -0.030142125 0.008751512 -1.756546021 0.646010697 0.036586020 -0.193822995 0.737403750
1413393942205760512.000000 -0.009606868 -0.019238234 -1.722296476 0.649714708 0.059104875 -0.175851688 0.737193167
1413393942255760384.000000 0.008428723 -0.039793491 -1.688182473 0.651087403 0.075512260 -0.165271655 0.736931801
1413393942305760512.000000 0.028277248 -0.058047175 -1.656032324 0.651970685 0.086121753 -0.157359198 0.736719370
1413393942355760384.000000 0.047600359 -0.069338441 -1.624899983 0.651740015 0.091066040 -0.154884353 0.736853302
1413393942405760512.000000 0.062036425 -0.070040941 -1.593971014 0.650157034 0.089015611 -0.159213588 0.737579286
1413393942455760384.000000 0.080104604 -0.069274664 -1.565589786 0.646887183 0.079632126 -0.169401959 0.739255488
1413393942505760512.000000 0.101481609 -0.065398097 -1.539380431 0.643019617 0.066197217 -0.183262601 0.740647376
1413393942555760384.000000 0.112383790 -0.050956011 -1.512700200 0.637593865 0.047080137 -0.201709896 0.742004573
1413393942605760512.000000 0.126792505 -0.037203908 -1.487358928 0.630525827 0.023108974 -0.222518548 0.743228614
1413393942655760384.000000 0.138896525 -0.021755576 -1.462798715 0.623377383 -0.001597567 -0.241905198 0.743559062
1413393942705760512.000000 0.147447094 -0.005795240 -1.437944055 0.616040826 -0.023186019 -0.260627061 0.742987037
1413393942755760384.000000 0.157160625 0.007708311 -1.414300084 0.609775424 -0.042454500 -0.275560021 0.741915226
1413393942805760512.000000 0.164684147 0.017930865 -1.390221834 0.604359388 -0.057123464 -0.288835198 0.740311325
1413393942855760384.000000 0.166485816 0.025758207 -1.365236998 0.600317299 -0.068095565 -0.298417419 0.738870263
1413393942905760512.000000 0.169021398 0.028166950 -1.340275526 0.597235501 -0.076532729 -0.306116283 0.737390935
1413393942955760384.000000 0.169313133 0.026349485 -1.314489007 -0.595761120 0.082797319 0.310245156 -0.736180246
1413393943005760512.000000 0.168728232 0.018410683 -1.288724780 -0.596800268 0.081000283 0.309755623 -0.735744476
1413393943055760384.000000 0.169056416 0.003965259 -1.263687015 -0.603346467 0.067295894 0.298950523 -0.736256063
1413393943105760512.000000 0.171754748 -0.019644678 -1.242435575 0.611926794 -0.045599230 -0.283287287 0.737031043
1413393943155760384.000000 0.174772397 -0.042922735 -1.219760180 0.622288465 -0.020117626 -0.261356950 0.737594008
1413393943205760512.000000 0.177621946 -0.068525910 -1.198337078 0.631907463 0.006122967 -0.239701420 0.737020135
1413393943255760384.000000 0.180973276 -0.093010128 -1.177923799 0.639693618 0.032171998 -0.218710512 0.736154079
1413393943305760512.000000 0.183615595 -0.115464330 -1.158439517 0.646119773 0.051589530 -0.199081704 0.735006332
1413393943355760384.000000 0.191484854 -0.135790408 -1.142138600 0.652076006 0.068956003 -0.181771293 0.732803643
1413393943405760512.000000 0.193953171 -0.149828970 -1.125267863 0.655708253 0.080948725 -0.168469176 0.731513619
1413393943455760384.000000 0.196844414 -0.159871936 -1.110603333 0.657679677 0.088764116 -0.160451218 0.730639338
1413393943505760512.000000 0.198114142 -0.164135933 -1.095781922 0.656449556 0.086105697 -0.164031953 0.731268346
1413393943555760384.000000 0.197033763 -0.161712587 -1.081037760 0.651370347 0.072625801 -0.178675160 0.733837426
1413393943605760512.000000 0.199343711 -0.157689869 -1.067984343 0.645466566 0.056221239 -0.195748806 0.736134827
1413393943655760384.000000 0.196756288 -0.147068441 -1.055350780 0.637751698 0.033668805 -0.217390493 0.738160312
1413393943705760512.000000 0.194882542 -0.135422349 -1.043922424 0.629029214 0.010528701 -0.238783866 0.739725471
1413393943755760384.000000 0.192745015 -0.124740422 -1.034638166 0.620676398 -0.012856260 -0.257371604 0.740510285
1413393943805760512.000000 0.191670358 -0.113859594 -1.025918603 0.612213671 -0.033571258 -0.274311006 0.740824580
1413393943855760384.000000 0.192971438 -0.101755083 -1.018623710 0.603656232 -0.047908876 -0.286187291 0.742563665
1413393943905760512.000000 0.195406064 -0.098093688 -1.011740446 0.595713139 -0.058579117 -0.292630851 0.745695353
1413393943955760384.000000 0.200326517 -0.100032151 -1.005600452 0.588927686 -0.061431009 -0.295085549 0.749876618
1413393944005760512.000000 0.208303928 -0.108506203 -1.000782490 0.585588872 -0.057320707 -0.286829740 0.755995274
1413393944055760384.000000 0.216430873 -0.120743692 -0.996240914 0.583782732 -0.047753356 -0.272840708 0.763200700
1413393944105760512.000000 0.226706967 -0.136343777 -0.992259145 0.583566904 -0.037188277 -0.252857178 0.770798326
1413393944155760384.000000 0.236763999 -0.155161202 -0.988352478 0.584165812 -0.026356120 -0.227542490 0.778639972
1413393944205760512.000000 0.247927353 -0.174506843 -0.984161377 0.584421575 -0.014272520 -0.200605884 0.786132991
1413393944255760384.000000 0.260263741 -0.193589091 -0.979533613 0.583390415 0.001805563 -0.175849006 0.792924702
1413393944305760512.000000 0.274288088 -0.207130432 -0.974604070 0.581036985 0.017889494 -0.152873531 0.799190700
1413393944355760384.000000 0.287127823 -0.221305966 -0.968128085 0.576696038 0.033613142 -0.134630635 0.805087805
1413393944405760512.000000 0.300100088 -0.231116056 -0.962007344 0.570626974 0.046829499 -0.122635931 0.810649395
1413393944455760384.000000 0.312224448 -0.236837089 -0.954945505 0.564626038 0.054158919 -0.114295781 0.815598369
1413393944505760512.000000 0.323888510 -0.237700164 -0.947614312 0.555896342 0.057834875 -0.117560260 0.820861697
1413393944555760384.000000 0.333470017 -0.234738648 -0.941550910 0.545277417 0.052808657 -0.130691752 0.826319218
1413393944605760512.000000 0.342485219 -0.226686358 -0.934488475 0.533383667 0.041988604 -0.149182811 0.831554770
1413393944655760384.000000 0.348417401 -0.216678172 -0.928958714 0.522162437 0.024242435 -0.167840034 0.835816026
1413393944705760512.000000 0.355797201 -0.204028636 -0.923656225 0.511547983 0.003111499 -0.186767161 0.838705599
1413393944755760384.000000 0.363732159 -0.191294789 -0.919567227 0.501689494 -0.017122164 -0.203181684 0.840673327
1413393944805760512.000000 0.371811926 -0.180788815 -0.915728331 0.493637681 -0.036422249 -0.216327175 0.841544986
1413393944855760384.000000 0.381868809 -0.171987087 -0.911943316 0.486864954 -0.052022245 -0.226575941 0.841973662
1413393944905760512.000000 0.390406400 -0.168276936 -0.906766295 0.481538832 -0.064074516 -0.233863965 0.842212915
1413393944955760384.000000 0.403759450 -0.167611301 -0.901648223 -0.477587074 0.073846132 0.237024277 -0.842779279
1413393945005760512.000000 0.419625103 -0.172060192 -0.895342112 -0.474927753 0.075293854 0.235800996 -0.844495356
1413393945055760384.000000 0.438823909 -0.181631804 -0.888160527 0.474707484 -0.063326657 -0.228253320 0.847669125
1413393945105760512.000000 0.459313452 -0.193981558 -0.881390452 0.475727051 -0.041275389 -0.215288371 0.851839781
1413393945155760384.000000 0.478810519 -0.209364355 -0.871868610 0.476451099 -0.014230408 -0.198576152 0.856364131
1413393945205760512.000000 0.496050119 -0.224690527 -0.862354338 0.476057887 0.016014194 -0.179913983 0.860664487
1413393945255760384.000000 0.509910643 -0.239653945 -0.852254629 0.473868638 0.045251008 -0.160869390 0.864593565
1413393945305760512.000000 0.520009339 -0.253315121 -0.842572033 0.469848216 0.069238991 -0.143913761 0.868180573
1413393945355760384.000000 0.524837732 -0.262737930 -0.833073199 0.462733537 0.085485138 -0.131817415 0.872464418
1413393945405760512.000000 0.523791432 -0.270447046 -0.822809756 0.453624696 0.092976555 -0.123904124 0.877626300
1413393945455760384.000000 0.518640459 -0.272474587 -0.815358996 0.443315893 0.092146158 -0.119051516 0.883632779
1413393945505760512.000000 0.508309066 -0.270980775 -0.808528006 0.432016879 0.080712758 -0.116386265 0.890674531
1413393945555760384.000000 0.494920284 -0.265902102 -0.803288639 0.419229716 0.064102508 -0.117388040 0.897974074
1413393945605760512.000000 0.480871499 -0.257956266 -0.799993336 0.405423105 0.047395270 -0.121161848 0.904823482
1413393945655760384.000000 0.469620287 -0.250102520 -0.800736070 0.390204430 0.031034810 -0.126263961 0.911501408
1413393945705760512.000000 0.455493808 -0.237689719 -0.800629199 0.374619871 0.014526358 -0.132385388 0.917563677
1413393945755760384.000000 0.441330224 -0.224819452 -0.801604509 0.358234346 -0.002683613 -0.138483971 0.923300147
1413393945805760512.000000 0.427713096 -0.212322593 -0.802571952 0.341804683 -0.020083455 -0.144216046 0.928422272
1413393945855760384.000000 0.416478455 -0.203525305 -0.801287651 0.325453371 -0.035858240 -0.147857711 0.933237612
1413393945905760512.000000 0.406070709 -0.194895521 -0.801131129 -0.309884548 0.046466727 0.150879398 -0.937575519
1413393945955760384.000000 0.401132494 -0.189699620 -0.799941659 0.297882378 -0.045264810 -0.146234497 0.942248702
1413393946005760512.000000 0.397888184 -0.187431931 -0.797519147 0.286882252 -0.032209545 -0.139642954 0.947185874
1413393946055760384.000000 0.398917049 -0.186977044 -0.794517636 0.277660370 -0.011632753 -0.129876986 0.951788604
1413393946105760512.000000 0.399183661 -0.188576490 -0.791082025 0.268460900 0.012266836 -0.119091779 0.955821931
1413393946155760384.000000 0.400023133 -0.190362707 -0.788780332 0.259208858 0.037625276 -0.107380189 0.959095716
1413393946205760512.000000 0.400168151 -0.192433596 -0.787961006 0.249011591 0.061869018 -0.095685199 0.961774349
1413393946255760384.000000 0.398086131 -0.193751693 -0.789152682 0.237690613 0.078997560 -0.085443430 0.964345396
1413393946305760512.000000 0.393356651 -0.193994641 -0.792720497 0.224354386 0.085913040 -0.078517467 0.967532575
1413393946355760384.000000 0.386474252 -0.193151265 -0.799369216 0.212241262 0.083723858 -0.067920953 0.971252143
1413393946405760512.000000 0.376772910 -0.190986335 -0.808940887 0.198547527 0.071881630 -0.058784358 0.975682557
1413393946455760384.000000 0.366158575 -0.187568352 -0.820945144 0.184892103 0.056687679 -0.048668556 0.979914784
1413393946505760512.000000 0.355640560 -0.178934887 -0.836021483 0.168862879 0.039547581 -0.041271724 0.983980715
1413393946555760384.000000 0.344614446 -0.172438443 -0.851248205 0.151124820 0.019809479 -0.036121450 0.987655938
1413393946605760512.000000 0.332423031 -0.164448664 -0.866883755 0.131683737 -0.001294135 -0.034533605 0.990689278
1413393946655760384.000000 0.322320014 -0.156542554 -0.881643057 0.110231578 -0.023089631 -0.034325268 0.993044674
1413393946705760512.000000 0.313961655 -0.148341328 -0.894850314 -0.087305754 0.042653482 0.036040317 -0.994615257
1413393946755760384.000000 0.304995179 -0.137230664 -0.907338977 0.064230949 -0.057208396 -0.037738115 0.995578945
1413393946805760512.000000 0.303394496 -0.130299449 -0.915819049 0.042055264 -0.063907877 -0.036494721 0.996401191
1413393946855760384.000000 0.303240478 -0.121890768 -0.921142161 0.021452522 -0.063603878 -0.033518773 0.997181535
1413393946905760512.000000 0.308414251 -0.117912404 -0.923678815 0.002760867 -0.053086847 -0.029605471 0.998147190
1413393946955760384.000000 0.309235305 -0.112848014 -0.928577721 -0.014189550 -0.031999864 -0.024326118 0.999091089
1413393947005760512.000000 0.318530589 -0.112077996 -0.926453412 -0.029971026 -0.002784128 -0.018450798 0.999376595
1413393947055760384.000000 0.324609756 -0.110430457 -0.925200284 -0.045482989 0.026086494 -0.012657179 0.998544276
1413393947105760512.000000 0.327973187 -0.111196831 -0.921345532 -0.061066177 0.050899610 -0.007079030 0.996809959
1413393947155760384.000000 0.326945215 -0.112249874 -0.916999757 0.077021383 -0.067751057 0.000698615 -0.994724572
1413393947205760512.000000 0.320387244 -0.114753045 -0.913656473 0.093429305 -0.075106367 -0.005933111 -0.992771327
1413393947255760384.000000 0.303851366 -0.117737897 -0.916006804 -0.109645844 0.078295186 0.012504969 0.990803361
1413393947305760512.000000 0.288590282 -0.122716226 -0.916082144 -0.126334533 0.078140579 0.019595485 0.988711178
1413393947355760384.000000 0.269292742 -0.129278019 -0.918741941 0.142978951 -0.078006878 -0.027393952 -0.986266494
1413393947405760512.000000 0.246641800 -0.136856645 -0.922308445 0.158615172 -0.075500891 -0.038365699 -0.983701646
1413393947455760384.000000 0.219997853 -0.145438910 -0.926915944 0.171702638 -0.069253512 -0.056748245 -0.981071770
1413393947505760512.000000 0.187174886 -0.152126700 -0.935812175 -0.183928818 0.061270174 0.077512391 0.977961183
1413393947555760384.000000 0.157708675 -0.160910517 -0.944581509 -0.196103066 0.054107621 0.098028421 0.974169612
1413393947605760512.000000 0.127587676 -0.168763578 -0.956560016 0.208603621 -0.046636052 -0.118403085 -0.969685674
1413393947655760384.000000 0.097637013 -0.173553228 -0.968556166 -0.221379399 0.035932615 0.137846157 0.964727163
1413393947705760512.000000 0.067983992 -0.177151039 -0.983858585 -0.235541508 0.020550486 0.152135685 0.959662855
1413393947755760384.000000 0.039347462 -0.176736072 -1.000011086 -0.252888292 0.003854783 0.158707127 0.954381883
1413393947805760512.000000 0.012715138 -0.173806295 -1.018441319 -0.272409797 -0.012321957 0.157839686 0.949066818
1413393947855760384.000000 -0.010618575 -0.166198209 -1.036213279 -0.293135643 -0.024358312 0.151838526 0.943622470
1413393947905760512.000000 -0.031817988 -0.156453550 -1.054699421 -0.313315839 -0.031152448 0.145134941 0.937975824
1413393947955760384.000000 -0.048875019 -0.143796295 -1.070874214 -0.332503349 -0.032022148 0.137351513 0.932497025
1413393948005760512.000000 -0.062991895 -0.130222142 -1.086249709 -0.352882445 -0.026836136 0.120493405 0.927488685
1413393948055760384.000000 -0.074953437 -0.115992516 -1.098921537 0.371476412 0.019725455 -0.103813298 -0.922409356
1413393948105760512.000000 -0.079855308 -0.101413876 -1.111390829 -0.387432873 -0.013096579 0.090973333 0.917304814
1413393948155760384.000000 -0.089233205 -0.089810461 -1.119632959 -0.400334865 -0.004414299 0.084916517 0.912415385
1413393948205760512.000000 -0.097149670 -0.080181107 -1.125953317 0.410850793 -0.007074392 -0.083026901 -0.907886684
1413393948255760384.000000 -0.098345935 -0.072969839 -1.130885601 -0.419406027 0.019679463 0.083815575 0.903707027
1413393948305760512.000000 -0.104156137 -0.069012374 -1.134531021 -0.425981045 0.034966953 0.088025510 0.899760544
1413393948355760384.000000 -0.109144524 -0.068031818 -1.138167381 0.432309419 -0.051513199 -0.091393396 -0.895601630
1413393948405760512.000000 -0.113746434 -0.070467174 -1.142376065 0.439225584 -0.066537701 -0.093150355 -0.891053677
1413393948455760384.000000 -0.118680075 -0.076460153 -1.147250652 0.445443362 -0.077348381 -0.096369565 -0.886741459
1413393948505760512.000000 -0.124089755 -0.085959822 -1.153220415 0.451659769 -0.082868367 -0.100923821 -0.882581830
1413393948555760384.000000 -0.130340621 -0.098876148 -1.160302758 0.456170082 -0.080259986 -0.110617213 -0.879335582
1413393948605760512.000000 -0.138283163 -0.114528149 -1.168145537 0.460937858 -0.067610264 -0.121318534 -0.876497090
1413393948655760384.000000 -0.146868646 -0.131748885 -1.176518679 0.465754777 -0.047484856 -0.134127453 -0.873399973
1413393948705760512.000000 -0.155314237 -0.151194453 -1.185916901 0.470504254 -0.026349077 -0.146691263 -0.869720221
1413393948755760384.000000 -0.163307637 -0.172737718 -1.198741436 -0.475599736 0.005418971 0.159120753 0.865133584
1413393948805760512.000000 -0.170825079 -0.193417817 -1.208543658 -0.480872869 -0.012510009 0.171784535 0.859706283
1413393948855760384.000000 -0.177262098 -0.212687850 -1.216596842 0.486034483 0.026288129 -0.185354203 -0.853652954
1413393948905760512.000000 -0.180213243 -0.229291052 -1.224435806 0.492627293 0.034178674 -0.196532384 -0.847068608
1413393948955760384.000000 -0.181470126 -0.244037628 -1.231704712 0.500775039 0.036136411 -0.204961419 -0.840184212
1413393949005760512.000000 -0.180901691 -0.256124884 -1.238853693 0.512121975 0.029248737 -0.207197607 -0.833033502
1413393949055760384.000000 -0.178512067 -0.266143978 -1.245459318 0.525439501 0.020254983 -0.203493536 -0.825889587
1413393949105760512.000000 -0.173795268 -0.273077250 -1.251701236 0.539643407 0.008058628 -0.198072687 -0.818222046
1413393949155760384.000000 -0.167425349 -0.278975874 -1.257758617 0.554009557 -0.004308647 -0.190712795 -0.810360193
1413393949205760512.000000 -0.161003858 -0.285665035 -1.264040470 0.567780972 -0.017716888 -0.183630109 -0.802241206
1413393949255760384.000000 -0.154729307 -0.290944278 -1.268714070 -0.580346107 0.030292414 0.177637085 0.794182599
1413393949305760512.000000 -0.146953136 -0.298747659 -1.273880243 -0.593094409 0.043119621 0.169971421 0.785805047
1413393949355760384.000000 -0.139776170 -0.309706509 -1.279499769 0.604511499 -0.054791190 -0.164759919 -0.777443290
1413393949405760512.000000 -0.132446617 -0.323236167 -1.284652710 0.615353823 -0.067329049 -0.159893334 -0.768921793
1413393949455760384.000000 -0.125566080 -0.340106010 -1.289462447 0.624302030 -0.079510301 -0.158307731 -0.760830998
1413393949505760512.000000 -0.120447233 -0.360757053 -1.293878794 0.629765511 -0.088267721 -0.164624229 -0.753991485
1413393949555760384.000000 -0.117672071 -0.385072649 -1.297715068 0.630956769 -0.089168355 -0.180951059 -0.749132395
1413393949605760512.000000 -0.116464458 -0.412843943 -1.301969171 0.629997075 -0.086388431 -0.200111896 -0.745383084
1413393949655760384.000000 -0.116092049 -0.443106651 -1.307168484 0.627391398 -0.082403079 -0.219141483 -0.742675424
1413393949705760512.000000 -0.114998512 -0.465636551 -1.308960438 -0.624035180 0.080074184 0.239244759 0.739547372
1413393949755760384.000000 -0.115927160 -0.498479664 -1.319132805 -0.621049345 0.080387510 0.258380353 0.735578179
1413393949805760512.000000 -0.118627347 -0.532756388 -1.333323240 0.618518829 -0.082952507 -0.276549608 -0.730803430
1413393949855760384.000000 -0.121483199 -0.566613913 -1.351723194 0.616390407 -0.088820294 -0.294512868 -0.724869668
1413393949905760512.000000 -0.125752658 -0.599793553 -1.374863863 0.614478946 -0.093241237 -0.310583115 -0.719207883
1413393949955760384.000000 -0.130743653 -0.631862342 -1.403628230 0.612649143 -0.097062439 -0.323698312 -0.714464426
1413393950005760512.000000 -0.134382576 -0.656251073 -1.438541055 0.613117278 -0.095908262 -0.331643462 -0.710564256
1413393950055760384.000000 -0.140262589 -0.682102621 -1.481272101 0.617572606 -0.084654018 -0.329365671 -0.709193945
1413393950105760512.000000 -0.146904975 -0.707093656 -1.530009985 0.626000762 -0.064011127 -0.316756546 -0.709711969
1413393950155760384.000000 -0.155109420 -0.730348289 -1.583224773 0.632660210 -0.039428815 -0.306247503 -0.710210502
1413393950205760512.000000 -0.163544953 -0.751160741 -1.639699221 0.638557494 -0.014859056 -0.294639915 -0.710781872
1413393950255760384.000000 -0.172277987 -0.769388556 -1.697763681 0.643297255 0.008593314 -0.283529580 -0.711129904
1413393950305760512.000000 -0.181114882 -0.784533978 -1.756229877 0.646679640 0.026306005 -0.275908679 -0.710624993
1413393950355760384.000000 -0.197839677 -0.794027448 -1.806990981 -0.648018241 -0.035718963 0.274367809 0.709590733
1413393950405760512.000000 -0.209571719 -0.802586854 -1.862303019 -0.648303151 -0.040305626 0.275508732 0.708642006
1413393950455760384.000000 -0.222090542 -0.809013605 -1.916020393 0.649009407 0.041089129 -0.276147842 -0.707701206
1413393950505760512.000000 -0.236006141 -0.811372519 -1.968058467 0.650566995 0.036140844 -0.275434345 -0.706818521
1413393950555760384.000000 -0.251516163 -0.809883714 -2.018680096 0.653107941 0.028681103 -0.272440046 -0.705977261
1413393950605760512.000000 -0.272660166 -0.799272299 -2.066465616 -0.656484604 -0.019512463 0.266174883 0.705548167
1413393950655760384.000000 -0.291035712 -0.791117430 -2.114311218 -0.660387695 -0.008806197 0.258754134 0.704880834
1413393950705760512.000000 -0.311496228 -0.780909657 -2.160754204 -0.664156497 0.000918047 0.250942379 0.704218149
1413393950755760384.000000 -0.334072590 -0.769564390 -2.205402613 0.667267025 -0.007099093 -0.244260594 -0.703591585
1413393950805760512.000000 -0.359377950 -0.758125424 -2.248445511 0.670184553 -0.011085172 -0.238683432 -0.702680647
1413393950855760384.000000 -0.390711069 -0.743520141 -2.289316654 -0.672288835 0.013689164 0.234391630 0.702069104
1413393950905760512.000000 -0.421474814 -0.730784655 -2.328541756 -0.674526989 0.011848351 0.229980960 0.701414168
1413393950955760384.000000 -0.453322291 -0.717989922 -2.366285324 -0.677789807 0.005530949 0.223499075 0.700441778
1413393951005760512.000000 -0.485576868 -0.705146313 -2.402483225 0.680208087 0.002841909 -0.218017399 -0.699840963
1413393951055760384.000000 -0.516242743 -0.692052722 -2.436688900 0.681825221 0.009709585 -0.214776203 -0.699207664
1413393951105760512.000000 -0.545486033 -0.678681612 -2.468785763 0.681655526 0.011308206 -0.217062548 -0.698642850
1413393951155760384.000000 -0.572215080 -0.664199591 -2.500269890 -0.680979431 -0.008004267 0.220063761 0.698408842
1413393951205760512.000000 -0.597355425 -0.649453402 -2.529149294 -0.680603743 -0.003894657 0.223028392 0.697869480
1413393951255760384.000000 -0.620730579 -0.634302378 -2.556627989 -0.680442035 0.000383590 0.225626051 0.697202623
1413393951305760512.000000 -0.642584801 -0.619346380 -2.582452297 0.680696726 -0.003168791 -0.228047088 -0.696158469
1413393951355760384.000000 -0.662558019 -0.603902340 -2.607765198 0.681083322 -0.004389759 -0.230528116 -0.694955409
1413393951405760512.000000 -0.681030810 -0.588281631 -2.632276535 0.681436002 -0.003173325 -0.233666867 -0.693566680
1413393951455760384.000000 -0.698815882 -0.572343111 -2.655825615 0.681585073 0.000901991 -0.237399027 -0.692158043
1413393951505760512.000000 -0.717142940 -0.555981874 -2.677918196 0.681369781 0.005528909 -0.241234735 -0.691021323
1413393951555760384.000000 -0.733862877 -0.540092707 -2.699704647 -0.681239426 -0.009890301 0.244337738 0.690010250
1413393951605760512.000000 -0.754494667 -0.521004915 -2.718278885 -0.681908429 -0.013141027 0.245644137 0.688830316
1413393951655760384.000000 -0.776038527 -0.501089096 -2.735123873 -0.683438718 -0.013838649 0.244978935 0.687535763
1413393951705760512.000000 -0.800637782 -0.480169296 -2.749297619 0.685639858 0.013661302 -0.242080301 -0.686373413
1413393951755760384.000000 -0.824985266 -0.458843231 -2.762258053 0.688188553 0.013388302 -0.238634646 -0.685033500
1413393951805760512.000000 -0.848796844 -0.436069489 -2.773628473 0.690459967 0.010588885 -0.236440465 -0.683556080
1413393951855760384.000000 -0.871403456 -0.412245274 -2.783733130 0.692596912 0.006692568 -0.235056624 -0.681918681
1413393951905760512.000000 -0.892611027 -0.387589216 -2.792690992 0.694575369 0.003835766 -0.234416455 -0.680146515
1413393951955760384.000000 -0.912363112 -0.362048149 -2.800530195 0.696251154 0.001490350 -0.234802544 -0.678306699
1413393952005760512.000000 -0.930505276 -0.335962772 -2.807363987 0.698110163 -0.000495949 -0.234598979 -0.676465392
1413393952055760384.000000 -0.942073166 -0.311146259 -2.815943480 -0.699890316 0.001686992 0.234863713 0.674529374
1413393952105760512.000000 -0.955236673 -0.284247160 -2.821527004 -0.701121509 0.004779613 0.235682338 0.672948539
1413393952155760384.000000 -0.965730965 -0.257053852 -2.826855421 0.702995718 -0.005698918 -0.235130250 -0.671176791
1413393952205760512.000000 -0.972319126 -0.230015039 -2.832145929 0.703984678 -0.008218295 -0.236774817 -0.669533968
1413393952255760384.000000 -0.975642860 -0.203491449 -2.837480783 0.704864681 -0.011148141 -0.238289699 -0.668026686
1413393952305760512.000000 -0.975697875 -0.177383900 -2.842896700 0.704995990 -0.012987090 -0.239565283 -0.667398393
1413393952355760384.000000 -0.972539008 -0.151630878 -2.848355055 0.703730285 -0.014979254 -0.239654556 -0.668659210
1413393952405760512.000000 -0.968398035 -0.125765324 -2.853526592 0.701321483 -0.015612202 -0.238415927 -0.671611726
1413393952455760384.000000 -0.963633060 -0.099629164 -2.858011007 0.698437631 -0.014906485 -0.234881729 -0.675864935
1413393952505760512.000000 -0.958491921 -0.073532581 -2.861896753 0.693866849 -0.013385938 -0.231888235 -0.681613982
1413393952555760384.000000 -0.947533727 -0.046986341 -2.871026993 -0.687997341 0.011436556 0.229379535 0.688414097
1413393952605760512.000000 -0.941630661 -0.021280050 -2.873378038 -0.682177484 0.009545398 0.225002080 0.695641339
1413393952655760384.000000 -0.936779141 0.004724503 -2.874959707 0.675012767 -0.008050343 -0.221827805 -0.703623056
1413393952705760512.000000 -0.931162596 0.030495167 -2.875342131 0.667514682 -0.007083936 -0.218236357 -0.711861610
1413393952755760384.000000 -0.925394475 0.056052923 -2.874550343 0.659229100 -0.006866018 -0.216031805 -0.720208406
1413393952805760512.000000 -0.919407785 0.081139326 -2.873069525 0.651730478 -0.006824907 -0.213941321 -0.727619350
1413393952855760384.000000 -0.913061798 0.105986357 -2.871066809 0.644808292 -0.007136602 -0.213024601 -0.734024525
1413393952905760512.000000 -0.905789733 0.130262613 -2.868706703 0.637969255 -0.011025716 -0.215226501 -0.739291072
1413393952955760384.000000 -0.892079473 0.154289961 -2.863914013 -0.631292522 0.014916971 0.220000550 0.743536830
1413393953005760512.000000 -0.883912563 0.178386688 -2.861512184 -0.625359356 0.019425867 0.224719375 0.747027159
1413393953055760384.000000 -0.875653207 0.202827454 -2.859339714 -0.620125473 0.023240320 0.229076996 0.749952078
1413393953105760512.000000 -0.868627369 0.229021311 -2.858078003 0.615952730 -0.026495120 -0.232846126 -0.752119064
1413393953155760384.000000 -0.864976168 0.254714012 -2.856184244 0.612770200 -0.028930238 -0.235996425 -0.753645480
1413393953205760512.000000 -0.866112709 0.280737877 -2.853418112 0.610102177 -0.031198511 -0.238348976 -0.754978061
1413393953255760384.000000 -0.871685565 0.307427406 -2.850227594 0.608064175 -0.033833947 -0.240725130 -0.755754411
1413393953305760512.000000 -0.879366398 0.334858894 -2.847492933 0.605454087 -0.037864354 -0.245065629 -0.756263494
1413393953355760384.000000 -0.888223648 0.355720520 -2.842764139 -0.604200661 0.042102434 0.247846752 0.756135464
1413393953405760512.000000 -0.894472063 0.382628918 -2.844531775 -0.604083002 0.047260426 0.248066500 0.755852640
1413393953455760384.000000 -0.897605777 0.410134315 -2.850061178 -0.604646027 0.051345021 0.247068197 0.755462885
1413393953505760512.000000 -0.896525145 0.437999487 -2.860146999 -0.607495010 0.053142313 0.240796819 0.755077899
1413393953555760384.000000 -0.893396199 0.465471506 -2.873593092 -0.611669123 0.051494390 0.232259735 0.754496336
1413393953605760512.000000 -0.888790488 0.492030382 -2.889544010 -0.617553771 0.046507917 0.219858274 0.753741860
1413393953655760384.000000 -0.885860860 0.514784813 -2.905575037 -0.622615874 0.042587515 0.209041432 0.752886117
1413393953705760512.000000 -0.880428493 0.539003372 -2.923448563 -0.627196193 0.039339963 0.199366570 0.751884520
1413393953755760384.000000 -0.876555979 0.561510563 -2.940383434 0.630956352 -0.038264710 -0.191580549 -0.750817478
1413393953805760512.000000 -0.878497124 0.575315714 -2.954893112 -0.632633924 0.037563853 0.186745688 0.750659347
1413393953855760384.000000 -0.879382491 0.594061613 -2.968914747 -0.632573187 0.037259720 0.182821900 0.751690865
1413393953905760512.000000 -0.882938087 0.610318899 -2.981026888 -0.630412459 0.038011964 0.180525690 0.754019678
1413393953955760384.000000 -0.889352083 0.623431921 -2.991140604 0.626717031 -0.035597518 -0.180182338 -0.757293165
1413393954005760512.000000 -0.897006094 0.635353088 -3.000202179 0.620981574 -0.028276855 -0.183953688 -0.761408806
1413393954055760384.000000 -0.904069006 0.645135403 -3.008321524 0.614347994 -0.021271622 -0.187049940 -0.766248345
1413393954105760512.000000 -0.910674453 0.653870821 -3.015596628 0.606359780 -0.013777215 -0.193289578 -0.771218002
1413393954155760384.000000 -0.917154133 0.662962198 -3.022446632 -0.597826183 0.003943483 0.199249640 0.776458621
1413393954205760512.000000 -0.921640515 0.670647383 -3.028369665 -0.588124990 -0.006249639 0.205914170 0.782092929
1413393954255760384.000000 -0.924443185 0.679061651 -3.033775568 -0.577424467 -0.015888758 0.212106571 0.788250923
1413393954305760512.000000 -0.924949467 0.687983990 -3.038914680 0.566499710 0.023776315 -0.215941653 -0.794910073
1413393954355760384.000000 -0.923880279 0.699376822 -3.042741299 0.555304945 0.030294487 -0.218291208 -0.801915050
1413393954405760512.000000 -0.921358049 0.715868950 -3.045245886 -0.543929517 -0.035563741 0.218251824 0.809470296
1413393954455760384.000000 -0.917702258 0.732022762 -3.046602964 -0.532167971 -0.039299741 0.216280729 0.817603469
1413393954505760512.000000 -0.912765741 0.750327826 -3.046821356 -0.520445764 -0.042150177 0.212440431 0.825971305
1413393954555760384.000000 -0.907054782 0.770714760 -3.045754910 0.508132637 0.045477360 -0.208417654 -0.834443092
1413393954605760512.000000 -0.899817765 0.793695807 -3.043452740 0.496287733 0.047359362 -0.204663813 -0.842358768
1413393954655760384.000000 -0.891511559 0.819794655 -3.039612293 0.485665619 0.048249308 -0.199713767 -0.849656105
1413393954705760512.000000 -0.881849051 0.853517652 -3.032338619 -0.475927144 -0.050584320 0.195969775 0.855879962
1413393954755760384.000000 -0.872113585 0.885996938 -3.025345802 -0.467974216 -0.052261841 0.193007469 0.860823393
1413393954805760512.000000 -0.861941099 0.921208620 -3.016640902 -0.460947245 -0.053719979 0.190682396 0.865033031
1413393954855760384.000000 -0.851237953 0.958726406 -3.006878376 0.455455124 0.055129237 -0.188442469 -0.868338048
1413393954905760512.000000 -0.839347959 1.000730872 -2.992755890 -0.451193124 -0.056422912 0.186075673 0.870986283
1413393954955760384.000000 -0.826449394 1.044052482 -2.978861332 -0.448587000 -0.054986209 0.182517916 0.873174369
1413393955005760512.000000 -0.811519682 1.089946389 -2.963083506 -0.447515309 -0.049090412 0.177200854 0.875168622
1413393955055760384.000000 -0.795218766 1.138907194 -2.942658186 -0.447008222 -0.039739534 0.169093326 0.877503216
1413393955105760512.000000 -0.778477848 1.188227654 -2.922764540 -0.445459217 -0.031449251 0.161738381 0.880010068
1413393955155760384.000000 -0.761481881 1.238393068 -2.900820732 -0.443345606 -0.024024568 0.154212952 0.882658482
1413393955205760512.000000 -0.744895220 1.290514350 -2.875725746 -0.439206481 -0.015911482 0.151341721 0.885403991
1413393955255760384.000000 -0.727349102 1.341205597 -2.850484133 -0.433185577 -0.008750439 0.151326388 0.888467252
1413393955305760512.000000 -0.709397972 1.392100930 -2.824447393 -0.426518708 -0.001629815 0.152359530 0.891552448
1413393955355760384.000000 -0.691363871 1.443367481 -2.796843529 0.418717563 -0.002035636 -0.152049810 -0.895294607
1413393955405760512.000000 -0.675407588 1.494157791 -2.765810728 -0.410254151 0.004403980 0.149898902 0.899556875
1413393955455760384.000000 -0.655469835 1.545022249 -2.738515854 -0.400948703 0.009031085 0.143202126 0.904793799
1413393955505760512.000000 -0.634622395 1.595503807 -2.711308241 -0.389709115 0.015761724 0.134277672 0.910959899
1413393955555760384.000000 -0.616823673 1.645515442 -2.682547808 -0.376765907 0.023514852 0.123878740 0.917686582
1413393955605760512.000000 -0.598723590 1.693663597 -2.655284643 -0.363370568 0.030865485 0.109009892 0.924730301
1413393955655760384.000000 -0.583733499 1.740341663 -2.627743483 -0.349884450 0.035382763 0.092606075 0.931532621
1413393955705760512.000000 -0.572138309 1.786254644 -2.599314690 -0.338656217 0.033780653 0.074301362 0.937363446
1413393955755760384.000000 -0.563034296 1.829471231 -2.571646214 -0.329952806 0.028692309 0.054608338 0.941979766
1413393955805760512.000000 -0.557161510 1.869460940 -2.543613434 0.322542161 -0.021943992 -0.036396123 -0.945600569
1413393955855760384.000000 -0.553978086 1.906242371 -2.514694214 0.315916955 -0.012355153 -0.022944955 -0.948428929
1413393955905760512.000000 -0.552328050 1.938997626 -2.484639406 0.307597756 -0.002320023 -0.019433551 -0.951315165
1413393955955760384.000000 -0.549987197 1.967587233 -2.453133821 0.296064466 0.004022567 -0.027926032 -0.954751194
1413393956005760512.000000 -0.547081530 1.990462422 -2.419901133 -0.284207165 -0.008046670 0.040812943 0.957860053
1413393956055760384.000000 -0.541143179 2.012727261 -2.386061668 -0.271864444 -0.009333099 0.053831778 0.960783482
1413393956105760512.000000 -0.534267545 2.032803774 -2.351738453 0.260045320 0.008559227 -0.064809307 -0.963381052
1413393956155760384.000000 -0.525404334 2.051625013 -2.316262245 0.248184368 0.007536086 -0.072469041 -0.965968907
1413393956205760512.000000 -0.515097320 2.069604158 -2.280115843 0.236043617 0.005824260 -0.076347746 -0.968721092
1413393956255760384.000000 -0.500525415 2.087332726 -2.245055676 -0.224406704 0.000226143 0.074574754 0.971637905
1413393956305760512.000000 -0.486678004 2.104743242 -2.208302259 -0.212748051 0.008037012 0.068874307 0.974643588
1413393956355760384.000000 -0.471623927 2.121893644 -2.171417952 0.199723214 -0.017204316 -0.061974671 -0.977739155
1413393956405760512.000000 -0.456200868 2.138172865 -2.135267973 0.186142996 -0.025812827 -0.054127146 -0.980690956
1413393956455760384.000000 -0.440489680 2.152765512 -2.102561474 -0.171650603 0.033288065 0.045990348 0.983520687
1413393956505760512.000000 -0.426364362 2.166926384 -2.067424297 -0.155425131 0.036826003 0.039063416 0.986387849
1413393956555760384.000000 -0.412932783 2.179936647 -2.032275438 0.137992382 -0.036306597 -0.033509132 -0.989200294
1413393956605760512.000000 -0.400456667 2.191912651 -1.998099685 0.119590275 -0.033551615 -0.028732810 -0.991840184
1413393956655760384.000000 -0.386309534 2.199380636 -1.972261548 -0.100458100 0.027988030 0.023707248 0.994264960
1413393956705760512.000000 -0.375574529 2.209765196 -1.938981056 -0.081382670 0.020398159 0.019032912 0.996292412
1413393956755760384.000000 -0.365847200 2.219515800 -1.907309294 0.062478788 -0.011662643 -0.014471170 -0.997873306
1413393956805760512.000000 -0.355570346 2.228592396 -1.875795007 0.043355115 -0.005327516 -0.009998035 -0.998995543
1413393956855760384.000000 -0.341756076 2.233978987 -1.847127080 -0.024277661 0.000663764 0.008063762 0.999672592
1413393956905760512.000000 -0.330528289 2.242483616 -1.815824032 -0.004651516 -0.001889408 0.006273951 0.999967754
1413393956955760384.000000 -0.318976820 2.251152039 -1.785970807 -0.014539416 0.003492926 -0.004958539 -0.999875903
1413393957005760512.000000 -0.307279676 2.260261774 -1.755273700 -0.032575082 0.004664826 -0.001296018 -0.999457598
1413393957055760384.000000 -0.293570518 2.267007351 -1.729180932 0.050505102 -0.006347810 -0.003241956 0.998698413
1413393957105760512.000000 -0.281109661 2.276865005 -1.698096991 0.067947663 -0.007540826 -0.012064308 0.997587502
1413393957155760384.000000 -0.267803013 2.286285877 -1.667131543 -0.085478880 0.008317458 0.021778537 -0.996067286
1413393957205760512.000000 -0.253847510 2.295811415 -1.634717584 -0.104312591 0.008105870 0.031247715 -0.994020581
1413393957255760384.000000 -0.237828732 2.301412106 -1.605469346 0.123828255 -0.008658575 -0.041074786 0.991415441
1413393957305760512.000000 -0.223316908 2.310815096 -1.572702408 0.144193575 -0.009301142 -0.049861375 0.988248765
1413393957355760384.000000 -0.207549646 2.320490122 -1.539914608 -0.164515764 0.008933172 0.058451504 -0.984600544
1413393957405760512.000000 -0.193941265 2.329754591 -1.507157087 0.183842584 -0.008162712 -0.066567466 0.980665088
1413393957455760384.000000 -0.178546101 2.338937759 -1.473301530 -0.203148216 0.005399224 0.073779799 -0.976349473
1413393957505760512.000000 -0.164614141 2.348250866 -1.438970685 0.221043900 -0.002330700 -0.080822706 0.971906304
1413393957555760384.000000 -0.155245811 2.359161139 -1.409461737 0.238856688 0.000525690 -0.087030321 0.967146814
1413393957605760512.000000 -0.146201849 2.368284702 -1.374036551 0.257000089 0.004309161 -0.092845030 0.961931467
1413393957655760384.000000 -0.140163377 2.377398729 -1.338450193 0.275663167 0.010274584 -0.097121462 0.956280172
1413393957705760512.000000 -0.136356711 2.390217543 -1.306910992 0.294318408 0.018429859 -0.101858489 0.950085223
1413393957755760384.000000 -0.135965884 2.399852037 -1.270721436 0.312840939 0.025109930 -0.107305244 0.943390489
1413393957805760512.000000 -0.138289541 2.410140038 -1.234298229 0.329432279 0.031236371 -0.116909191 0.936392486
1413393957855760384.000000 -0.143745512 2.423300743 -1.200660467 0.344742090 0.035099842 -0.128741294 0.929164469
1413393957905760512.000000 -0.149466842 2.435091019 -1.167387962 0.357719749 0.037413932 -0.142483398 0.922136307
1413393957955760384.000000 -0.155812055 2.447645426 -1.136492610 0.368948609 0.038410679 -0.158348858 0.915055871
1413393958005760512.000000 -0.161022633 2.460263968 -1.108516455 0.377860427 0.036102273 -0.173121229 0.908816397
1413393958055760384.000000 -0.163987458 2.472134352 -1.084035158 0.385368258 0.032074377 -0.185401499 0.903376341
1413393958105760512.000000 -0.163603455 2.489950418 -1.070621967 0.392373741 0.027955122 -0.192792282 0.898939669
1413393958155760384.000000 -0.159956902 2.497999907 -1.053644896 0.399094105 0.023276566 -0.196151778 0.895380735
1413393958205760512.000000 -0.152292371 2.502879620 -1.039430737 0.404844612 0.020152552 -0.197817162 0.892503858
1413393958255760384.000000 -0.141905755 2.504556894 -1.027832747 0.411129922 0.016946733 -0.194113120 0.890508413
1413393958305760512.000000 -0.129583687 2.503788948 -1.018619061 0.416885316 0.011393327 -0.187978014 0.889236271
1413393958355760384.000000 -0.115876913 2.501693010 -1.011518478 0.422343284 0.004934673 -0.179050818 0.888562143
1413393958405760512.000000 -0.103251308 2.498738527 -1.004972696 0.425770998 -0.002059916 -0.172783762 0.888178289
1413393958455760384.000000 -0.092971295 2.495420694 -0.998376369 0.427780420 -0.007826656 -0.168846145 0.887937903
1413393958505760512.000000 -0.085366011 2.492876530 -0.992456913 0.428286612 -0.015081832 -0.167305425 0.887891948
1413393958555760384.000000 -0.080215663 2.494970798 -0.988575578 0.427512378 -0.023203434 -0.167933777 0.887971342
1413393958605760512.000000 -0.071106613 2.493419886 -0.981137395 0.426149249 -0.031330675 -0.169568539 0.888066351
1413393958655760384.000000 -0.071732491 2.490739107 -0.971436739 0.424327165 -0.037752509 -0.171696946 0.888279974
1413393958705760512.000000 -0.074910641 2.485652924 -0.957370043 0.422589839 -0.042463999 -0.173621595 0.888521373
1413393958755760384.000000 -0.079028696 2.479953527 -0.943071842 0.421603113 -0.041326582 -0.172846213 0.889194608
1413393958805760512.000000 -0.084145367 2.472931385 -0.927313685 0.421120882 -0.035133887 -0.170605466 0.890121698
1413393958855760384.000000 -0.090419322 2.464879513 -0.910474479 0.420831859 -0.026904209 -0.167585015 0.891118467
1413393958905760512.000000 -0.099118441 2.455753326 -0.892237842 0.420302570 -0.018688722 -0.165014401 0.892057598
1413393958955760384.000000 -0.101016134 2.435171843 -0.869412541 0.419825017 -0.013226421 -0.162082285 0.892917335
1413393959005760512.000000 -0.113082439 2.423286676 -0.849392831 0.420156360 -0.008186909 -0.156715810 0.893779516
1413393959055760384.000000 -0.130275041 2.413789749 -0.828213155 0.421795487 -0.005223894 -0.147267818 0.894635916
1413393959105760512.000000 -0.146705866 2.403413534 -0.807235777 0.423989713 -0.002790251 -0.136457741 0.895323515
1413393959155760384.000000 -0.162174076 2.393991709 -0.786430240 0.425987571 0.001240468 -0.126408532 0.895853817
1413393959205760512.000000 -0.170346797 2.374714851 -0.759568393 0.426516712 0.006550266 -0.121564694 0.896249175
1413393959255760384.000000 -0.183154285 2.368183613 -0.738964200 0.424555272 0.013142499 -0.122801684 0.896939158
1413393959305760512.000000 -0.196171403 2.362747431 -0.717896581 0.421739697 0.014197284 -0.127007663 0.897665381
1413393959355760384.000000 -0.208335161 2.358838081 -0.697638631 0.418679386 0.012671269 -0.132548794 0.898319483
1413393959405760512.000000 -0.219240516 2.355879307 -0.678030372 0.416004598 0.010892412 -0.137661725 0.898816407
1413393959455760384.000000 -0.228390038 2.343703747 -0.653740108 0.413862020 0.008609927 -0.141620368 0.899215162
1413393959505760512.000000 -0.236377537 2.341893435 -0.635903358 0.412015140 0.010248546 -0.144439086 0.899597645
1413393959555760384.000000 -0.243075758 2.339522362 -0.618614972 0.411415249 0.013019208 -0.145133168 0.899724662
1413393959605760512.000000 -0.247326821 2.338115454 -0.603294313 0.412402600 0.025218608 -0.141643599 0.899569511
1413393959655760384.000000 -0.250051588 2.337659597 -0.589852393 0.414013296 0.042080835 -0.136309311 0.899022818
1413393959705760512.000000 -0.253012687 2.338891745 -0.578403652 0.415786207 0.055331949 -0.130354315 0.898369670
1413393959755760384.000000 -0.263092250 2.334254980 -0.564236820 0.416716099 0.066654742 -0.125970140 0.897795320
1413393959805760512.000000 -0.268354565 2.339776039 -0.556591570 0.415803909 0.066068567 -0.127346560 0.898067236
1413393959855760384.000000 -0.275547266 2.347011089 -0.551134944 0.413697988 0.053702623 -0.132235944 0.899157226
1413393959905760512.000000 -0.282463461 2.356553555 -0.547896922 0.410729200 0.040692091 -0.138829604 0.900206685
1413393959955760384.000000 -0.288949192 2.367282152 -0.546703279 0.407593966 0.027335541 -0.146351919 0.900944531
1413393960005760512.000000 -0.294900924 2.378556013 -0.547128201 0.405061871 0.014964337 -0.152009189 0.901440024
1413393960055760384.000000 -0.300281644 2.389621973 -0.548767328 0.402706802 0.004236652 -0.157060042 0.901743531
1413393960105760512.000000 -0.304660529 2.399961710 -0.551255643 0.400671303 -0.004552745 -0.161590755 0.901848257
1413393960155760384.000000 -0.308821499 2.409112930 -0.553746641 0.398708463 -0.014183025 -0.166077629 0.901803017
1413393960205760512.000000 -0.312707156 2.416667938 -0.556065977 0.396471828 -0.024008604 -0.170316219 0.901790500
1413393960255760384.000000 -0.326945007 2.421795130 -0.553124845 0.394361794 -0.035889108 -0.174876690 0.901448190
1413393960305760512.000000 -0.329632878 2.425188541 -0.554179609 0.392852932 -0.043667242 -0.178130955 0.901126623
1413393960355760384.000000 -0.330280483 2.427592039 -0.555648386 0.392843455 -0.045692768 -0.178799808 0.900897801
1413393960405760512.000000 -0.328895152 2.425958395 -0.555953503 0.395783633 -0.038710594 -0.176820904 0.900328398
1413393960455760384.000000 -0.327252716 2.421419621 -0.555550158 0.400774866 -0.029315354 -0.174226120 0.898980260
1413393960505760512.000000 -0.327297628 2.414742947 -0.553950369 0.407768279 -0.019582212 -0.172211692 0.896484673
1413393960555760384.000000 -0.331817865 2.406870365 -0.550942302 0.416304439 -0.012920008 -0.172481045 0.892621994
1413393960605760512.000000 -0.341639400 2.397953510 -0.546308637 0.427106380 -0.007348097 -0.173711509 0.887327671
1413393960655760384.000000 -0.357499719 2.388269186 -0.540243924 0.439360052 -0.003388782 -0.175957546 0.880903125
1413393960705760512.000000 -0.380962372 2.377349854 -0.528048277 0.452552378 -0.001136272 -0.179355562 0.873513937
1413393960755760384.000000 -0.407441229 2.367115736 -0.519035697 0.465819150 -0.001004477 -0.184202656 0.865494668
1413393960805760512.000000 -0.436907142 2.357252121 -0.510828733 0.479294360 -0.002403930 -0.189333156 0.856985509
1413393960855760384.000000 -0.468617737 2.344722271 -0.499685287 0.489950061 -0.009091752 -0.196739167 0.849211454
1413393960905760512.000000 -0.501124024 2.334192991 -0.490178704 0.498311192 -0.018720157 -0.205090463 0.842183769
1413393960955760384.000000 -0.531232595 2.322369337 -0.480988145 0.506515086 -0.028503126 -0.208856612 0.836067557
1413393961005760512.000000 -0.563618481 2.305341721 -0.468633294 0.512923479 -0.036448151 -0.211678892 0.831127703
1413393961055760384.000000 -0.586912215 2.290305376 -0.460052252 0.518292546 -0.039784759 -0.213545337 0.827156901
1413393961105760512.000000 -0.606312752 2.273059368 -0.451432824 0.523135900 -0.035462283 -0.213150948 0.824401557
1413393961155760384.000000 -0.621563017 2.254097223 -0.443252325 0.527251482 -0.027225159 -0.210783377 0.822699845
1413393961205760512.000000 -0.618403792 2.229916334 -0.439089417 0.532032967 -0.017396526 -0.204171360 0.821554899
1413393961255760384.000000 -0.622074723 2.208758831 -0.433666110 0.539806426 -0.000577115 -0.185386240 0.821121573
1413393961305760512.000000 -0.620226562 2.187788725 -0.430099249 0.547709584 0.016542625 -0.163886786 0.820293725
1413393961355760384.000000 -0.618403316 2.168877840 -0.426427007 0.555804491 0.034931969 -0.139592469 0.818764448
1413393961405760512.000000 -0.608156443 2.154154778 -0.425992489 0.561231792 0.051839400 -0.122512668 0.816897988
1413393961455760384.000000 -0.598887444 2.141381741 -0.423232198 0.563251317 0.063536800 -0.114842497 0.815795481
1413393961505760512.000000 -0.588071585 2.133143663 -0.420395613 0.561125636 0.062461611 -0.121785209 0.816336334
1413393961555760384.000000 -0.574213982 2.131186485 -0.419941187 0.556222558 0.058914218 -0.135899827 0.817726672
1413393961605760512.000000 -0.545424223 2.145423651 -0.429690123 0.550382614 0.048261765 -0.152098551 0.819521785
1413393961655760384.000000 -0.525213242 2.151630163 -0.434185624 0.544223070 0.036334258 -0.169357195 0.820864975
1413393961705760512.000000 -0.501605451 2.159248829 -0.439820528 0.540000260 0.028520469 -0.180368721 0.821616411
1413393961755760384.000000 -0.469075948 2.173908234 -0.453091979 0.537835836 0.027921539 -0.185592011 0.821893394
1413393961805760512.000000 -0.435793996 2.183500767 -0.464965463 0.535931349 0.023319388 -0.189872056 0.822303176
1413393961855760384.000000 -0.398663938 2.194931984 -0.480122447 0.534246147 0.018821836 -0.193792313 0.822600365
1413393961905760512.000000 -0.359647930 2.206391335 -0.496851206 0.532496333 0.013090100 -0.197760284 0.822901726
1413393961955760384.000000 -0.313241541 2.234936237 -0.525321841 0.531101167 0.008304125 -0.201478586 0.822963595
1413393962005760512.000000 -0.269070804 2.246271372 -0.546057105 0.529610217 0.002774392 -0.205081344 0.823071718
1413393962055760384.000000 -0.221578836 2.258294582 -0.568637013 0.528745770 -0.003371987 -0.207887232 0.822921336
1413393962105760512.000000 -0.169438481 2.273630381 -0.596158862 0.527701259 -0.008122385 -0.211455941 0.822649300
1413393962155760384.000000 -0.114535093 2.280975580 -0.621877432 0.526631474 -0.014126452 -0.214079589 0.822575033
1413393962205760512.000000 -0.057794869 2.291934967 -0.651330709 0.526223242 -0.018994221 -0.216281548 0.822162151
1413393962255760384.000000 0.003353238 2.296599388 -0.680027366 0.525926888 -0.022517134 -0.218378440 0.821708500
1413393962305760512.000000 0.066558778 2.300369978 -0.709294796 0.524997056 -0.026742745 -0.220704049 0.821555078
1413393962355760384.000000 0.123565197 2.311064005 -0.740825295 0.523228109 -0.032563742 -0.225302383 0.821225226
1413393962405760512.000000 0.182294548 2.310934544 -0.768322468 0.520707726 -0.040225223 -0.231031984 0.820895612
1413393962455760384.000000 0.232179642 2.312240124 -0.793564677 0.515996337 -0.050683767 -0.238153368 0.821256280
1413393962505760512.000000 0.280391872 2.308917999 -0.816290855 0.509841561 -0.061285913 -0.244510964 0.822508395
1413393962555760384.000000 0.322725028 2.303653955 -0.836317182 -0.502032399 0.070370585 0.249234200 -0.825162888
1413393962605760512.000000 0.356502891 2.296594858 -0.851606011 0.493241102 -0.074694812 -0.252099425 0.829204321
1413393962655760384.000000 0.392006963 2.284452677 -0.866055131 0.482985377 -0.073558003 -0.253663480 0.834846795
1413393962705760512.000000 0.421491504 2.269537210 -0.875756502 0.471593440 -0.067144759 -0.253215671 0.842005432
1413393962755760384.000000 0.453830332 2.249422312 -0.886476278 0.459525377 -0.056198340 -0.250075430 0.850376666
1413393962805760512.000000 0.481633246 2.225389481 -0.894758821 0.445961267 -0.041349780 -0.246202677 0.859530687
1413393962855760384.000000 0.510290146 2.197610378 -0.903379798 -0.430323839 0.026265206 0.242194548 -0.869179785
1413393962905760512.000000 0.536580086 2.166758776 -0.911766469 0.414102584 -0.010022237 -0.236997232 0.878778160
1413393962955760384.000000 0.555522859 2.132991791 -0.919554174 0.396389544 0.003961925 -0.230817571 0.888584852
1413393963005760512.000000 0.574755192 2.097060442 -0.928924263 0.377890408 0.014521671 -0.223237574 0.898416936
1413393963055760384.000000 0.589161992 2.058199167 -0.939097404 0.359183043 0.023422534 -0.214129567 0.908068001
1413393963105760512.000000 0.601184905 2.017106295 -0.950822353 0.339887172 0.032373652 -0.205022782 0.917275548
1413393963155760384.000000 0.606394231 1.973883748 -0.962816954 0.321600109 0.039231058 -0.193145245 0.926136792
1413393963205760512.000000 0.610707045 1.928465962 -0.977648616 0.305066973 0.042836513 -0.177398339 0.934681237
1413393963255760384.000000 0.611349761 1.881167889 -0.994708061 0.289281666 0.046057619 -0.159952730 0.942661107
1413393963305760512.000000 0.606481552 1.833637953 -1.010741353 0.273502499 0.047701474 -0.143989176 0.949835896
1413393963355760384.000000 0.600941837 1.784410000 -1.030018806 0.256513238 0.048763584 -0.130019799 0.956513464
1413393963405760512.000000 0.591936707 1.734800339 -1.049971938 0.239070430 0.048127811 -0.118572086 0.962533057
1413393963455760384.000000 0.575566649 1.685426235 -1.068916798 0.220929071 0.047011215 -0.109539025 0.967978120
1413393963505760512.000000 0.561074376 1.634927869 -1.090901256 0.203901395 0.045894485 -0.099576913 0.972832203
1413393963555760384.000000 0.540863156 1.584900141 -1.112712502 0.187576860 0.044921026 -0.090577237 0.977032721
1413393963605760512.000000 0.521373212 1.533844590 -1.135933399 0.171715870 0.045536604 -0.082060173 0.980666220
1413393963655760384.000000 0.496697843 1.483086228 -1.159511805 0.156410098 0.046882559 -0.075235456 0.983706057
1413393963705760512.000000 0.471495807 1.432072163 -1.184179306 0.141268864 0.048371699 -0.069097660 0.986371577
1413393963755760384.000000 0.440187424 1.379422307 -1.205788970 0.125873297 0.049767099 -0.064645879 0.988686085
1413393963805760512.000000 0.410347521 1.328365207 -1.232515097 -0.110275760 -0.050719921 0.061335027 -0.990709245
1413393963855760384.000000 0.375606090 1.276385188 -1.258778691 0.094805203 0.049757201 -0.058537234 0.992526889
1413393963905760512.000000 0.339577287 1.225094438 -1.287697554 0.079155713 0.047468454 -0.056095142 0.994150162
1413393963955760384.000000 0.299962580 1.173583508 -1.317336440 -0.063125841 -0.043774888 0.054128055 -0.995574772
1413393964005760512.000000 0.256798297 1.119100451 -1.342260361 0.047588233 0.039560061 -0.051472612 0.996755242
1413393964055760384.000000 0.213280797 1.066007137 -1.373068571 0.032327715 0.036596224 -0.047991246 0.997653544
1413393964105760512.000000 0.167596906 1.011575580 -1.404176354 -0.017410129 -0.034921423 0.042918008 -0.998316288
1413393964155760384.000000 0.118794739 0.955349207 -1.430297732 0.003731673 0.033342171 -0.034342241 0.998846889
1413393964205760512.000000 0.069832824 0.899373293 -1.461551785 -0.008964175 0.032930069 -0.023961740 0.999130189
1413393964255760384.000000 0.020226352 0.842865944 -1.493040323 0.021387536 -0.031878356 0.011911855 -0.999191880
1413393964305760512.000000 -0.028458340 0.785497606 -1.522130847 -0.033141591 0.029475540 0.000622412 0.999015808
1413393964355760384.000000 -0.076518223 0.728708804 -1.555611372 -0.045121241 0.027253827 0.010373107 0.998555839
1413393964405760512.000000 -0.123076774 0.671981096 -1.589398623 0.056995220 -0.025259828 -0.021092597 -0.997832000
1413393964455760384.000000 -0.169079140 0.616105258 -1.621981025 -0.068546750 0.023852812 0.030382114 0.996899843
1413393964505760512.000000 -0.213227734 0.560921729 -1.657826424 -0.079787984 0.022254592 0.039033454 0.995798767
1413393964555760384.000000 -0.255838871 0.506684422 -1.694522500 -0.090533741 0.022651164 0.048518583 0.994452953
1413393964605760512.000000 -0.298189908 0.454291552 -1.727527976 -0.100855894 0.022575842 0.058439992 0.992926598
1413393964655760384.000000 -0.339268506 0.403198421 -1.765609264 -0.110679723 0.023695389 0.068322830 0.991221786
1413393964705760512.000000 -0.378829151 0.354399800 -1.804416060 0.121351950 -0.026105568 -0.076201648 -0.989335895
1413393964755760384.000000 -0.417637289 0.309061021 -1.842754602 -0.131126851 0.026146604 0.085631885 0.987314224
1413393964805760512.000000 -0.455614924 0.264974236 -1.883558631 -0.140679792 0.024014512 0.095491350 0.985146701
1413393964855760384.000000 -0.492849767 0.223851472 -1.925069332 0.150306508 -0.019576935 -0.103816882 -0.982978582
1413393964905760512.000000 -0.529594660 0.187574089 -1.965072870 -0.160293788 0.012476050 0.113489464 0.980444014
1413393964955760384.000000 -0.565672159 0.152761474 -2.008285284 -0.168787479 0.002059693 0.125183493 0.977668524
1413393965005760512.000000 -0.601131201 0.121419027 -2.051213980 0.175716892 0.008432399 -0.140841320 -0.974277258
1413393965055760384.000000 -0.634839535 0.094613113 -2.094169140 0.182327077 0.018025385 -0.157824233 -0.970321357
1413393965105760512.000000 -0.666725278 0.075150043 -2.135878801 -0.188106775 -0.027605394 0.176255763 0.965809405
1413393965155760384.000000 -0.696500778 0.059968710 -2.177881479 -0.194856912 -0.035513017 0.192830712 0.961033821
1413393965205760512.000000 -0.724464059 0.051787421 -2.219716072 0.203058466 0.043889940 -0.204679832 -0.956528723
1413393965255760384.000000 -0.748427391 0.052481160 -2.259765148 -0.212955102 -0.055890184 0.210496426 0.952479780
1413393965305760512.000000 -0.769653380 0.060062349 -2.299667120 -0.223074228 -0.067682058 0.209838122 0.949539363
1413393965355760384.000000 -0.788025260 0.076088116 -2.337181568 0.234024853 0.080502063 -0.201088369 -0.947794974
1413393965405760512.000000 -0.801287949 0.098704100 -2.371609688 -0.246300593 -0.091435313 0.183093637 0.947339594
1413393965455760384.000000 -0.811479092 0.128231347 -2.402917624 -0.258297920 -0.099698797 0.159255818 0.947618067
1413393965505760512.000000 -0.817734301 0.162346482 -2.429931641 0.270608604 0.104255274 -0.127594680 -0.948483765
1413393965555760384.000000 -0.818030536 0.198883444 -2.451301336 -0.281601101 -0.107675575 0.094901912 0.948736250
1413393965605760512.000000 -0.817838192 0.237356514 -2.466778994 -0.289752573 -0.107513316 0.068333074 0.948585808
1413393965655760384.000000 -0.814617515 0.276367217 -2.475116491 0.295650989 0.105497651 -0.047200702 -0.948278964
1413393965705760512.000000 -0.805899799 0.312738389 -2.478476286 -0.298470020 -0.097519249 0.037051007 0.948700726
1413393965755760384.000000 -0.796893954 0.348158866 -2.474259615 -0.297795147 -0.084191754 0.039530203 0.950088024
1413393965805760512.000000 -0.784105957 0.382160068 -2.464015722 0.296366423 0.065308660 -0.043399777 -0.951849937
1413393965855760384.000000 -0.769569755 0.414358646 -2.449613094 0.294595987 0.043970913 -0.047257748 -0.953439355
1413393965905760512.000000 -0.756308317 0.444895029 -2.431377888 0.294085801 0.030043304 -0.047705770 -0.954114914
1413393965955760384.000000 -0.744460046 0.474003106 -2.409718990 0.296031147 0.022301083 -0.041100398 -0.954033017
1413393966005760512.000000 -0.734081507 0.501376569 -2.384942055 0.298536211 0.018362733 -0.032753319 -0.953659415
1413393966055760384.000000 -0.722803771 0.526125073 -2.357448339 0.300431490 0.016908180 -0.026511284 -0.953284979
1413393966105760512.000000 -0.709052861 0.547369242 -2.328307152 0.299449533 0.014566800 -0.028497737 -0.953575253
1413393966155760384.000000 -0.692225337 0.564933360 -2.298032761 0.297771513 0.013886697 -0.034189470 -0.953923762
1413393966205760512.000000 -0.669762850 0.573010266 -2.273862839 -0.296595693 -0.013306132 0.038054846 0.954151928
1413393966255760384.000000 -0.644754469 0.584477186 -2.241510153 -0.295553654 -0.013612935 0.040616039 0.954365313
1413393966305760512.000000 -0.614680409 0.593755126 -2.207032204 0.297164381 0.016012907 -0.035693213 -0.954024613
1413393966355760384.000000 -0.580361545 0.600382030 -2.171730280 0.299615324 0.016196350 -0.026530001 -0.953553617
1413393966405760512.000000 -0.541028202 0.603112400 -2.135997772 0.302356362 0.011325621 -0.014716717 -0.953014076
1413393966455760384.000000 -0.499151409 0.601537108 -2.099353313 0.303285658 0.002488601 -0.008329806 -0.952860057
1413393966505760512.000000 -0.455629945 0.595739663 -2.061332226 0.302304655 -0.010646418 -0.006882817 -0.953127086
1413393966555760384.000000 -0.414276034 0.582484245 -2.025083780 -0.299561054 0.025663767 0.008841219 0.953691006
1413393966605760512.000000 -0.374905884 0.568778455 -1.984765530 -0.297007680 0.038820848 0.011319423 0.954018533
1413393966655760384.000000 -0.338743657 0.551398516 -1.943434715 -0.294933319 0.049315434 0.014011063 0.954141498
1413393966705760512.000000 -0.306401640 0.530939937 -1.901922226 0.293302476 -0.058284719 -0.016503787 -0.954098701
1413393966755760384.000000 -0.277552634 0.504819512 -1.861500025 -0.292161107 0.065086126 0.018888345 0.953964889
1413393966805760512.000000 -0.251804471 0.476450592 -1.821054935 -0.291448474 0.069549970 0.020224776 0.953840494
1413393966855760384.000000 -0.229815841 0.444718540 -1.781242132 -0.290398806 0.069838904 0.024610208 0.954036415
1413393966905760512.000000 -0.213289946 0.411052525 -1.738633394 -0.288531274 0.064412311 0.033731516 0.954705656
1413393966955760384.000000 -0.198145181 0.373200715 -1.700546980 -0.285830796 0.058423020 0.047678616 0.955308497
1413393967005760512.000000 -0.186235651 0.332726538 -1.663779140 0.283741623 -0.050728787 -0.065614201 -0.955307364
1413393967055760384.000000 -0.176682293 0.292329788 -1.625723004 -0.282715827 0.044628270 0.081539705 0.954689205
1413393967105760512.000000 -0.168194696 0.250199258 -1.590155363 -0.282678872 0.039727002 0.094557829 0.953715563
1413393967155760384.000000 -0.161238521 0.207998142 -1.555632591 -0.284531891 0.036361985 0.103584446 0.952360094
1413393967205760512.000000 -0.157889724 0.167811662 -1.519748926 -0.287053108 0.034306459 0.111168995 0.950823367
1413393967255760384.000000 -0.153819114 0.126790196 -1.487401009 -0.292215079 0.035349026 0.114968695 0.948758721
1413393967305760512.000000 -0.152014047 0.086575538 -1.456037164 -0.299009770 0.036806773 0.117924802 0.946219921
1413393967355760384.000000 -0.157149702 0.051788047 -1.422873616 -0.308514684 0.040266432 0.117913216 0.943023741
1413393967405760512.000000 -0.159375727 0.013668060 -1.393735170 -0.319708109 0.043672454 0.118970267 0.939002395
1413393967455760384.000000 -0.164332673 -0.023799181 -1.365040898 0.331673980 -0.048255224 -0.122009508 -0.934225619
1413393967505760512.000000 -0.170947388 -0.058430955 -1.337055445 -0.343104452 0.052339047 0.128098324 0.929048359
1413393967555760384.000000 -0.178523183 -0.095459580 -1.311475277 -0.356242806 0.053611498 0.132676974 0.923370898
1413393967605760512.000000 -0.186789438 -0.132234707 -1.287797570 0.368854433 -0.054124560 -0.139831334 -0.917313635
1413393967655760384.000000 -0.194120288 -0.167002082 -1.266974330 -0.381813705 0.053806074 0.146686390 0.910937011
1413393967705760512.000000 -0.201318890 -0.203031301 -1.248159766 -0.396409363 0.052517388 0.150900215 0.904063463
1413393967755760384.000000 -0.208168089 -0.238786563 -1.231452703 0.410562009 -0.050559379 -0.155707985 -0.897015989
1413393967805760512.000000 -0.213521615 -0.275181413 -1.218104005 0.424506366 -0.048359670 -0.160181895 -0.889830053
1413393967855760384.000000 -0.214477122 -0.306807071 -1.209218740 -0.437057048 0.044239365 0.165322989 0.883001924
1413393967905760512.000000 -0.216821656 -0.343879879 -1.201141238 -0.447048336 0.034369923 0.174236014 0.876703143
1413393967955760384.000000 -0.214720562 -0.378720880 -1.195347309 -0.454597145 0.021886235 0.183793336 0.871253431
1413393968005760512.000000 -0.210093841 -0.410907894 -1.191081762 -0.459854811 0.008680922 0.193862304 0.866530836
1413393968055760384.000000 -0.199749634 -0.442477316 -1.189353228 -0.466551363 0.000099183 0.196975961 0.862282038
1413393968105760512.000000 -0.186136514 -0.472250581 -1.188295364 0.471702188 0.005035323 -0.199009985 -0.858991683
1413393968155760384.000000 -0.167844281 -0.499282539 -1.188558698 0.475886285 0.005932417 -0.200524136 -0.856321931
1413393968205760512.000000 -0.147412956 -0.523918211 -1.189034700 0.478424042 0.004151386 -0.204429463 -0.853991687
1413393968255760384.000000 -0.126905248 -0.546432316 -1.189286470 0.479036123 0.002860281 -0.209760249 -0.852359653
1413393968305760512.000000 -0.107334718 -0.566674113 -1.189151525 0.479360968 0.004229587 -0.212670609 -0.851449668
1413393968355760384.000000 -0.089084998 -0.584000111 -1.188535690 0.481642544 0.010518432 -0.208658248 -0.851100266
1413393968405760512.000000 -0.072209612 -0.598790705 -1.186865926 0.484540641 0.019032704 -0.200486675 -0.851271570
1413393968455760384.000000 -0.056956321 -0.611200392 -1.183508158 0.487216800 0.025741557 -0.191867262 -0.851554036
1413393968505760512.000000 -0.050021097 -0.622400641 -1.178329706 -0.489630669 -0.027082754 0.181821331 0.852331758
1413393968555760384.000000 -0.037797019 -0.631658554 -1.170858622 -0.491872400 -0.026364265 0.173303425 0.852837920
1413393968605760512.000000 -0.026628375 -0.639421701 -1.160347700 0.493695766 0.027390169 -0.167580828 -0.852895617
1413393968655760384.000000 -0.017981082 -0.645713687 -1.147406101 0.495458215 0.028781870 -0.165522709 -0.852229416
1413393968705760512.000000 -0.011217654 -0.651228726 -1.132035255 0.497246206 0.030054118 -0.167428881 -0.850770593
1413393968755760384.000000 -0.007044017 -0.655663669 -1.113957882 0.499527961 0.030567577 -0.169894367 -0.848924875
1413393968805760512.000000 -0.005173236 -0.658526540 -1.093523741 0.503802240 0.026797103 -0.170836404 -0.846333444
1413393968855760384.000000 -0.004249737 -0.660274863 -1.070953369 0.510188043 0.019070679 -0.170152977 -0.842847884
1413393968905760512.000000 -0.005048022 -0.661078632 -1.046192169 0.517981648 0.007833042 -0.169869781 -0.838318527
1413393968955760384.000000 -0.010379985 -0.668692052 -1.023241520 -0.525736332 0.006186605 0.173406616 0.832762420
1413393969005760512.000000 -0.016308144 -0.668511808 -0.995131195 -0.533595920 0.018725814 0.179829985 0.826187670
1413393969055760384.000000 -0.022592455 -0.669694424 -0.966879249 0.542795897 -0.029586094 -0.185081542 -0.818683207
1413393969105760512.000000 -0.031125963 -0.671280444 -0.938703120 0.553278089 -0.038151495 -0.188832641 -0.810413539
1413393969155760384.000000 -0.040708169 -0.673276126 -0.911185563 0.565673649 -0.042442173 -0.189461678 -0.801446438
1413393969205760512.000000 -0.048965678 -0.678109407 -0.886080563 -0.578367651 0.043199781 0.190677062 0.792001903
1413393969255760384.000000 -0.057453200 -0.681587815 -0.860661864 -0.591217101 0.043628294 0.192197785 0.782060742
1413393969305760512.000000 -0.066616714 -0.685794830 -0.835778952 0.603016198 -0.041664891 -0.197445542 -0.771784186
1413393969355760384.000000 -0.073299795 -0.699893951 -0.814073384 -0.613854647 0.041415956 0.203911945 0.761503220
1413393969405760512.000000 -0.080718949 -0.706066191 -0.790414751 -0.623116791 0.043144114 0.213087335 0.751304209
1413393969455760384.000000 -0.087182328 -0.713384688 -0.767637730 -0.630732715 0.048783872 0.224335656 0.741262376
1413393969505760512.000000 -0.093388498 -0.721602917 -0.746069431 0.636451423 -0.058149572 -0.238043353 -0.731357455
1413393969555760384.000000 -0.099311858 -0.740168393 -0.728589237 -0.643148899 0.065345466 0.248979509 0.721178770
1413393969605760512.000000 -0.106100366 -0.749864161 -0.711260855 -0.648801267 0.068197452 0.261227667 0.711453617
1413393969655760384.000000 -0.112150669 -0.759945929 -0.697736204 0.655576408 -0.069345377 -0.270954341 -0.701423228
1413393969705760512.000000 -0.116185367 -0.768781424 -0.688523114 0.662050009 -0.068433359 -0.279163718 -0.692151964
1413393969755760384.000000 -0.118871629 -0.777733266 -0.683031321 0.667052031 -0.067199416 -0.287102461 -0.684176922
1413393969805760512.000000 -0.117434114 -0.786233068 -0.683018923 0.671150923 -0.066494003 -0.293897033 -0.677317977
1413393969855760384.000000 -0.113167614 -0.796477079 -0.687599242 0.675065041 -0.066493571 -0.298329175 -0.671465337
1413393969905760512.000000 -0.099733889 -0.807903349 -0.701722324 0.678954363 -0.064805716 -0.299913347 -0.666988254
1413393969955760384.000000 -0.089146316 -0.818985581 -0.717569649 0.684516966 -0.061513413 -0.295987993 -0.663358033
1413393970005760512.000000 -0.076540112 -0.825553894 -0.738577366 0.689773738 -0.051716760 -0.290530324 -0.661157906
1413393970055760384.000000 -0.061450869 -0.833328784 -0.763147712 0.696347415 -0.037112337 -0.279486626 -0.660007715
1413393970105760512.000000 -0.046532810 -0.840896547 -0.789394617 0.701728880 -0.020301068 -0.269678324 -0.659119189
1413393970155760384.000000 -0.032970726 -0.847871780 -0.815434337 0.705376506 -0.006041895 -0.262726128 -0.658317983
1413393970205760512.000000 -0.021668464 -0.854667783 -0.839937985 0.707097054 0.004533778 -0.259095430 -0.657923102
1413393970255760384.000000 -0.012827069 -0.860749364 -0.862744093 0.708020926 0.010759979 -0.256887436 -0.657722890
1413393970305760512.000000 -0.006601870 -0.865806937 -0.883579135 0.708381593 0.014205701 -0.255478710 -0.657817960
1413393970355760384.000000 -0.002166361 -0.869602799 -0.902612865 0.708016872 0.016287919 -0.255481929 -0.658160985
1413393970405760512.000000 0.003491044 -0.865965962 -0.923215270 -0.707431376 -0.018053025 0.254687905 0.659051597
1413393970455760384.000000 0.007920116 -0.866247654 -0.940041661 -0.707470715 -0.018487191 0.252711684 0.659757733
1413393970505760512.000000 0.013573170 -0.864505768 -0.955302179 0.708792150 0.015273674 -0.247380808 -0.660441637
1413393970555760384.000000 0.020324767 -0.861657262 -0.969946504 0.710141182 0.009874190 -0.241652295 -0.661215723
1413393970605760512.000000 0.027397603 -0.857761145 -0.983282506 0.711668968 0.006761601 -0.235081270 -0.661980748
1413393970655760384.000000 0.034518689 -0.852991819 -0.995202184 0.714194953 0.004603607 -0.226148352 -0.662390649
1413393970705760512.000000 0.039241001 -0.847718596 -1.004955411 0.717177749 0.005204560 -0.216347948 -0.662436843
1413393970755760384.000000 0.040812001 -0.842523098 -1.011838436 0.720857322 0.011381799 -0.205358803 -0.661863208
1413393970805760512.000000 0.039836809 -0.837271810 -1.015335083 0.724263549 0.022197252 -0.194604114 -0.661119401
1413393970855760384.000000 0.036598861 -0.830025017 -1.015923977 0.727216601 0.033572067 -0.186175093 -0.659824073
1413393970905760512.000000 0.040893376 -0.810596108 -1.011281490 -0.729291260 -0.043048762 0.179605603 0.658804238
1413393970955760384.000000 0.039094105 -0.803630471 -1.001598120 -0.730607212 -0.047118377 0.175318748 0.658222079
1413393971005760512.000000 0.039245039 -0.796625853 -0.986661434 -0.730877161 -0.045266666 0.174150616 0.658362448
1413393971055760384.000000 0.038595378 -0.797948122 -0.966831744 0.729741812 0.035109304 -0.176675200 -0.659568191
1413393971105760512.000000 0.044295549 -0.793261349 -0.943591416 0.727973342 0.020129263 -0.179579660 -0.661362886
1413393971155760384.000000 0.054850161 -0.789923787 -0.917408049 0.727493167 0.003578252 -0.176057979 -0.663132370
1413393971205760512.000000 0.070959382 -0.787698925 -0.889349699 0.727092326 -0.015358699 -0.170564592 -0.664837241
1413393971255760384.000000 0.096762061 -0.776387215 -0.859133184 -0.727228582 0.030736543 0.163872600 0.665837586
1413393971305760512.000000 0.119581439 -0.780698001 -0.827362657 -0.727798760 0.045909300 0.153790534 0.666745722
1413393971355760384.000000 0.142460153 -0.788572311 -0.792354465 0.728559375 -0.058070999 -0.144047305 -0.667142749
1413393971405760512.000000 0.162418067 -0.799008906 -0.754856884 -0.728755653 0.066808291 0.137607634 0.667469919
1413393971455760384.000000 0.178947151 -0.816133797 -0.713863075 -0.726666093 0.070839502 0.140456513 0.668737829
1413393971505760512.000000 0.191754997 -0.837143958 -0.669966161 0.722509742 -0.069875844 -0.152644858 -0.670668721
1413393971555760384.000000 0.199825615 -0.859052241 -0.623007298 -0.716496766 0.067415312 0.172217622 0.672628164
1413393971605760512.000000 0.209122911 -0.888897598 -0.575603008 -0.708055377 0.070639543 0.197593749 0.674258411
1413393971655760384.000000 0.218634427 -0.921315253 -0.528087556 0.698753238 -0.077991188 -0.223708585 -0.674993217
1413393971705760512.000000 0.223489180 -0.952287853 -0.485433042 0.690436780 -0.090250589 -0.246746987 -0.673993945
1413393971755760384.000000 0.235522866 -0.990056276 -0.443952203 0.682323396 -0.105232917 -0.268730432 -0.671673238
1413393971805760512.000000 0.248022467 -1.029359102 -0.407604575 0.675868452 -0.117392264 -0.286971718 -0.668631554
1413393971855760384.000000 0.256799191 -1.068638802 -0.376403391 0.671622455 -0.125166357 -0.300636381 -0.665488183
1413393971905760512.000000 0.269600719 -1.111292601 -0.352771044 0.671406806 -0.124990866 -0.306231558 -0.663183630
1413393971955760384.000000 0.282121718 -1.154109001 -0.336273074 0.674617887 -0.116827659 -0.305877924 -0.661574423
1413393972005760512.000000 0.294772029 -1.197970629 -0.326202631 0.679280102 -0.106450029 -0.302787036 -0.659974992
1413393972055760384.000000 0.298795402 -1.241681933 -0.321345568 0.684498429 -0.093850225 -0.297408849 -0.658940136
1413393972105760512.000000 0.308569491 -1.286204457 -0.319871187 0.687406957 -0.084483743 -0.296735317 -0.657481849
1413393972155760384.000000 0.312562704 -1.330255628 -0.319525719 0.687209964 -0.076254979 -0.302539617 -0.656046867
1413393972205760512.000000 0.310997486 -1.374350309 -0.319981098 0.685692012 -0.067282453 -0.310305089 -0.654988825
1413393972255760384.000000 0.298615783 -1.417801142 -0.319725871 0.685230970 -0.057148624 -0.314582497 -0.654393137
1413393972305760512.000000 0.289101392 -1.459371328 -0.324313641 0.690023541 -0.043761197 -0.306652278 -0.654153585
1413393972355760384.000000 0.279788643 -1.498874187 -0.331422091 0.696886361 -0.032087274 -0.291138768 -0.654643536
1413393972405760512.000000 0.270036221 -1.537630677 -0.340052485 0.702419162 -0.020931864 -0.277556479 -0.655081451
1413393972455760384.000000 0.260719717 -1.575291157 -0.349401236 0.707180321 -0.011115426 -0.264378011 -0.655649841
1413393972505760512.000000 0.250561863 -1.611981988 -0.358248115 0.709097803 0.001273515 -0.257679611 -0.656338334
1413393972555760384.000000 0.238590419 -1.653784990 -0.363270283 -0.708688676 -0.013896959 0.257745951 0.656608284
1413393972605760512.000000 0.230074465 -1.686506748 -0.370647430 -0.708126724 -0.023878671 0.258969873 0.656445801
1413393972655760384.000000 0.221835107 -1.717876077 -0.377546310 0.708018243 0.028754275 -0.259863615 -0.656014025
1413393972705760512.000000 0.214644402 -1.746107101 -0.382783651 0.708567977 0.031352296 -0.259370089 -0.655496538
1413393972755760384.000000 0.207105577 -1.772316337 -0.386162639 0.709378779 0.032470152 -0.258834124 -0.654776514
1413393972805760512.000000 0.199844539 -1.796127200 -0.387843132 0.711053431 0.031423081 -0.256413996 -0.653963029
1413393972855760384.000000 0.192715764 -1.817799568 -0.387939572 0.713050663 0.030031694 -0.254116654 -0.652749300
1413393972905760512.000000 0.185609758 -1.836993217 -0.386210799 0.714981258 0.030101391 -0.251454145 -0.651664555
1413393972955760384.000000 0.183369040 -1.851501226 -0.381159782 -0.717746317 -0.030436127 0.248142764 0.649876177
1413393973005760512.000000 0.178258240 -1.865185022 -0.375984550 -0.720220089 -0.032013368 0.244144306 0.648576796
1413393973055760384.000000 0.173616409 -1.877602577 -0.368545890 0.722710073 0.030136703 -0.238666490 -0.647935390
1413393973105760512.000000 0.169956684 -1.888205409 -0.358703852 0.725175321 0.025981512 -0.232877225 -0.647467315
1413393973155760384.000000 0.167529106 -1.897354364 -0.346610785 0.727441907 0.019983396 -0.226136267 -0.647527158
1413393973205760512.000000 0.165817261 -1.906245947 -0.331848383 0.729602814 0.012779519 -0.218343079 -0.647952795
1413393973255760384.000000 0.165635228 -1.915455699 -0.314815998 0.732122242 0.003814347 -0.208757997 -0.648384690
1413393973305760512.000000 0.166384101 -1.925071239 -0.295155525 0.734547377 -0.006987707 -0.198264748 -0.648908734
1413393973355760384.000000 0.167876005 -1.935352325 -0.273260832 0.736375332 -0.016945647 -0.188804910 -0.649474442
1413393973405760512.000000 0.171654105 -1.945600390 -0.252495289 -0.737761021 0.027098596 0.179771110 0.650120556
1413393973455760384.000000 0.175487608 -1.959676147 -0.226042747 -0.738730729 0.035413545 0.170982525 0.650989890
1413393973505760512.000000 0.180146515 -1.976529837 -0.196652889 0.740033984 -0.043247081 -0.161505014 -0.651456594
1413393973555760384.000000 0.184738725 -1.997387171 -0.164730072 0.740312219 -0.049387738 -0.156075194 -0.652027011
1413393973605760512.000000 0.189942837 -2.022308111 -0.130365849 0.739503622 -0.054798998 -0.154236361 -0.652949154
1413393973655760384.000000 0.195764869 -2.050349236 -0.098920822 -0.736362696 0.062847465 0.159376562 0.654537559
1413393973705760512.000000 0.201447457 -2.083641291 -0.060046911 -0.730299532 0.070813246 0.174293071 0.656711519
1413393973755760384.000000 0.207153618 -2.121216536 -0.020306826 0.721564710 -0.078131773 -0.196250081 -0.659337401
1413393973805760512.000000 0.210925877 -2.163151264 0.016440153 0.711588204 -0.084945105 -0.220980629 -0.661508977
1413393973855760384.000000 0.216583848 -2.207717419 0.055301189 0.699124813 -0.093818150 -0.250967026 -0.662901461
1413393973905760512.000000 0.221703589 -2.254682064 0.091118097 0.685622275 -0.103161536 -0.281046271 -0.663545668
1413393973955760384.000000 0.228479981 -2.301551342 0.116820812 0.672635078 -0.105818667 -0.310311526 -0.663378656
1413393974005760512.000000 0.231647193 -2.351109743 0.142181635 0.660333574 -0.095506541 -0.338141352 -0.663700700
1413393974055760384.000000 0.233081222 -2.400459766 0.160131454 0.649250686 -0.078001410 -0.364264518 -0.663099408
1413393974105760512.000000 0.236501455 -2.446938515 0.166057110 0.638546586 -0.055110827 -0.388342857 -0.662126005
1413393974155760384.000000 0.236049294 -2.491410017 0.168193340 0.629893124 -0.029392680 -0.407566696 -0.660499930
1413393974205760512.000000 0.236026764 -2.529621363 0.160241604 0.625557542 0.002161934 -0.416139632 -0.659924984
1413393974255760384.000000 0.240454793 -2.556689024 0.141113997 0.625856698 0.036700767 -0.413432747 -0.660325527
1413393974305760512.000000 0.242603302 -2.577198744 0.117989302 0.628717184 0.068577781 -0.404647171 -0.660509288
1413393974355760384.000000 0.246992588 -2.586481571 0.088981628 0.631262243 0.095630519 -0.394857496 -0.660643935
1413393974405760512.000000 0.251747251 -2.584223986 0.057884693 0.634474218 0.118638940 -0.383272201 -0.660658598
1413393974455760384.000000 0.261157632 -2.566277742 0.024101019 -0.639219582 -0.137678385 0.366655827 0.661820590
1413393974505760512.000000 0.270999312 -2.540681839 -0.008822680 -0.644871950 -0.152388826 0.345911086 0.664276659
1413393974555760384.000000 0.283432782 -2.502097607 -0.041247845 0.651619256 0.161281705 -0.322027028 -0.667592049
1413393974605760512.000000 0.300909519 -2.451577902 -0.068954468 -0.659086585 -0.161657795 0.297755092 0.671426535
1413393974655760384.000000 0.319078505 -2.394313812 -0.093945503 -0.667013824 -0.155004784 0.272634953 0.675822675
1413393974705760512.000000 0.340245008 -2.329028845 -0.113642693 0.675618529 0.142195329 -0.246528313 -0.680105925
1413393974755760384.000000 0.362348050 -2.258984089 -0.128179312 0.682926059 0.126128346 -0.224216655 -0.683688998
1413393974805760512.000000 0.386054695 -2.185970306 -0.136241674 -0.689224243 -0.109847389 0.204575583 0.686332583
1413393974855760384.000000 0.406716049 -2.110397577 -0.138661623 -0.693567872 -0.087966621 0.193091765 0.688433826
1413393974905760512.000000 0.426020503 -2.034189939 -0.134937048 0.695900977 0.064026847 -0.188745230 -0.689925909
1413393974955760384.000000 0.442350626 -1.954461575 -0.125677109 -0.697900891 -0.041707341 0.185614124 0.690465271
1413393975005760512.000000 0.456815839 -1.877610087 -0.112608910 -0.699058473 -0.020185648 0.184479952 0.690562785
1413393975055760384.000000 0.467826396 -1.802164197 -0.095465183 0.699051917 0.001864397 -0.186564744 -0.690301776
1413393975105760512.000000 0.476478040 -1.728415608 -0.074869514 -0.698803961 0.013220746 0.189362511 0.689666688
1413393975155760384.000000 0.483018935 -1.656596780 -0.051733851 -0.697346091 0.026037540 0.195207059 0.689147890
1413393975205760512.000000 0.488669306 -1.586200118 -0.026724696 0.695973516 -0.032796741 -0.201296359 -0.688494742
1413393975255760384.000000 0.491802961 -1.519802570 -0.000037670 -0.694347620 0.036972936 0.207648292 0.688038230
1413393975305760512.000000 0.498585224 -1.454591751 0.025855064 -0.693028033 0.038452737 0.212527946 0.687797606
1413393975355760384.000000 0.508544147 -1.392288685 0.050741434 0.694219470 -0.038180273 -0.209884331 -0.687422931
1413393975405760512.000000 0.508836508 -1.327906132 0.075545788 -0.696121693 0.038606111 0.204196215 0.687188506
1413393975455760384.000000 0.521054983 -1.270888209 0.101083875 -0.698511302 0.036794748 0.196297526 0.687164843
1413393975505760512.000000 0.533735812 -1.216456175 0.127547383 0.700556338 -0.036865182 -0.189021081 -0.687119186
1413393975555760384.000000 0.545700312 -1.163730264 0.155941010 -0.702430904 0.036522735 0.182503536 0.686985731
1413393975605760512.000000 0.560021162 -1.116331220 0.184811950 -0.703440547 0.037320636 0.178214118 0.687035978
1413393975655760384.000000 0.574131966 -1.072899103 0.215693831 0.703523219 -0.039435055 -0.176955730 -0.687158465
1413393975705760512.000000 0.586906195 -1.029678583 0.247509599 -0.701740444 0.044679739 0.182292745 0.687265158
1413393975755760384.000000 0.601387024 -0.993031383 0.281176031 -0.699513435 0.050754096 0.190384388 0.686919868
1413393975805760512.000000 0.615946770 -0.959416389 0.315506279 0.697742105 -0.056285668 -0.198606953 -0.685961604
1413393975855760384.000000 0.630694628 -0.926578879 0.349121034 -0.696478605 0.064419881 0.205843061 0.684394896
1413393975905760512.000000 0.646290302 -0.899558663 0.382964253 -0.695440948 0.072403133 0.213472188 0.682311773
1413393975955760384.000000 0.661604822 -0.874266028 0.415557951 0.695467114 -0.073539667 -0.218844950 -0.680458903
1413393976005760512.000000 0.674570024 -0.852051556 0.446471184 0.696187615 -0.070220135 -0.224098489 -0.678359687
1413393976055760384.000000 0.686513841 -0.832154214 0.477790564 0.697761595 -0.062910050 -0.227609307 -0.676287711
1413393976105760512.000000 0.695896327 -0.813551843 0.508815289 0.699376702 -0.055688415 -0.230743662 -0.674187303
1413393976155760384.000000 0.699113607 -0.798932135 0.539734364 0.700808287 -0.051626742 -0.233165145 -0.672187805
1413393976205760512.000000 0.703747988 -0.783797383 0.571566284 0.701294065 -0.049638253 -0.237516508 -0.670304835
1413393976255760384.000000 0.705878019 -0.769652486 0.603689909 0.701219201 -0.051393989 -0.241617963 -0.668783307
1413393976305760512.000000 0.704620600 -0.757179797 0.635128260 0.700981438 -0.055854332 -0.245143175 -0.667390525
1413393976355760384.000000 0.705062866 -0.745237172 0.665601313 0.701039732 -0.063122816 -0.246418491 -0.666210830
1413393976405760512.000000 0.706853032 -0.734953403 0.694045603 0.700646102 -0.069959857 -0.245918125 -0.666126847
1413393976455760384.000000 0.708644152 -0.729244292 0.719564319 0.698349357 -0.075244538 -0.246385902 -0.667787790
1413393976505760512.000000 0.713771462 -0.723261833 0.743093967 0.693983614 -0.076018527 -0.249136031 -0.671222150
1413393976555760384.000000 0.720504522 -0.718341291 0.763686180 0.689067304 -0.073963381 -0.250603467 -0.675953865
1413393976605760512.000000 0.719968796 -0.723988831 0.782374859 0.683998287 -0.070977844 -0.252031147 -0.680873573
1413393976655760384.000000 0.723887801 -0.721858144 0.799093187 0.679106772 -0.068090372 -0.253565401 -0.685479641
1413393976705760512.000000 0.724734247 -0.720382333 0.814708471 0.673731327 -0.069566332 -0.255687475 -0.689833701
1413393976755760384.000000 0.723040998 -0.719477654 0.829027355 0.668729126 -0.070654199 -0.257751167 -0.693810999
1413393976805760512.000000 0.717959404 -0.718917608 0.841925740 0.663916171 -0.070032746 -0.261337847 -0.697146535
1413393976855760384.000000 0.705623746 -0.728944063 0.854446292 -0.659473777 0.064562447 0.265680075 0.700242996
1413393976905760512.000000 0.697183251 -0.729871750 0.862234473 -0.655420244 0.053438488 0.270871341 0.702991724
1413393976955760384.000000 0.689037919 -0.731011748 0.867166877 0.652495861 -0.042441152 -0.274648637 -0.704993665
1413393977005760512.000000 0.681189537 -0.732093811 0.869224310 0.651450038 -0.028428789 -0.274759948 -0.706619918
1413393977055760384.000000 0.673824906 -0.731613159 0.868901551 0.652640224 -0.016087886 -0.270596325 -0.707516491
1413393977105760512.000000 0.668094099 -0.729133844 0.866649449 0.654717684 -0.005989303 -0.264689893 -0.707988799
1413393977155760384.000000 0.659132123 -0.740022182 0.865713120 -0.657064736 0.001753280 0.256957471 0.708685935
1413393977205760512.000000 0.661252975 -0.733362913 0.860264063 -0.660124302 -0.000858967 0.248937696 0.708706737
1413393977255760384.000000 0.667962670 -0.723270059 0.853027701 0.662758708 0.000247907 -0.241923466 -0.708677590
1413393977305760512.000000 0.677574813 -0.712265134 0.846024871 0.665039361 -0.001420474 -0.235540703 -0.708689809
1413393977355760384.000000 0.689269364 -0.701579094 0.838939548 0.667120457 -0.002377187 -0.231339768 -0.708114862
1413393977405760512.000000 0.710092664 -0.678200483 0.828524590 0.669433057 -0.002852311 -0.227437198 -0.707194209
1413393977455760384.000000 0.726300776 -0.667885303 0.821661115 0.670839489 -0.003410331 -0.225791767 -0.706385791
1413393977505760512.000000 0.743384063 -0.657781243 0.815452754 0.672841311 -0.001226927 -0.223277196 -0.705287457
1413393977555760384.000000 0.757027924 -0.666414261 0.815967679 -0.674734473 0.000858106 0.221519411 0.704032660
1413393977605760512.000000 0.772888303 -0.655568361 0.812988520 -0.675985396 -0.000207580 0.221565351 0.702817619
1413393977655760384.000000 0.785936236 -0.643502116 0.813091636 0.677185059 0.000898648 -0.221651077 -0.701634169
1413393977705760512.000000 0.796261847 -0.631409526 0.815041721 0.678549945 0.001589351 -0.221529022 -0.700351596
1413393977755760384.000000 0.804646850 -0.618575573 0.819000363 0.679603636 0.001746719 -0.222675368 -0.698964715
1413393977805760512.000000 0.811932087 -0.605398178 0.824881852 0.680816174 0.001030200 -0.223236457 -0.697605729
1413393977855760384.000000 0.827896476 -0.593744636 0.831185579 -0.682094753 -0.001235238 0.223452300 0.696286201
1413393977905760512.000000 0.835645854 -0.580678344 0.839805305 -0.683493972 -0.000629204 0.223575041 0.694873929
1413393977955760384.000000 0.844370663 -0.567779422 0.849531889 -0.684722066 -0.000103446 0.224642783 0.693319142
1413393978005760512.000000 0.852691472 -0.553459406 0.861134291 0.685718834 -0.000884269 -0.226765916 -0.691640258
1413393978055760384.000000 0.862545907 -0.539830208 0.873130143 0.686660051 -0.002476969 -0.229763284 -0.689710617
1413393978105760512.000000 0.873337030 -0.526008248 0.886043072 0.687331676 -0.004609372 -0.233221844 -0.687867343
1413393978155760384.000000 0.894834936 -0.499446869 0.896976233 -0.687432945 0.006831852 0.237803131 0.686177135
1413393978205760512.000000 0.906814337 -0.485180259 0.911047339 -0.688313127 0.010686872 0.240753502 0.684213877
1413393978255760384.000000 0.919220865 -0.470884442 0.924910963 -0.690117359 0.015157424 0.243468285 0.681345344
1413393978305760512.000000 0.931480348 -0.456476092 0.939162135 0.692873359 -0.019439979 -0.245954633 -0.677535892
1413393978355760384.000000 0.947779477 -0.440870047 0.951550782 -0.696775079 0.026146566 0.248323232 0.672425807
1413393978405760512.000000 0.960618734 -0.426749825 0.964027405 -0.701422334 0.031161599 0.250511557 0.666543126
1413393978455760384.000000 0.974164128 -0.412738562 0.975062370 0.707387328 -0.038044427 -0.252496839 -0.659091175
1413393978505760512.000000 0.990454912 -0.396681428 0.983591855 0.713956952 -0.043686301 -0.255121142 -0.650592327
1413393978555760384.000000 1.003629446 -0.384756088 0.992316782 0.721940637 -0.048712134 -0.255920380 -0.641041160
1413393978605760512.000000 1.015876532 -0.373926282 1.000001550 0.730043590 -0.050462600 -0.259799987 -0.630074441
1413393978655760384.000000 1.029024124 -0.363238096 1.006111741 0.738412797 -0.051695339 -0.263651401 -0.618516028
1413393978705760512.000000 1.039970160 -0.355292201 1.011606932 0.746557236 -0.051050104 -0.268928766 -0.606402099
1413393978755760384.000000 1.050862312 -0.348832130 1.016258836 0.754610240 -0.049705330 -0.275557220 -0.593431532
1413393978805760512.000000 1.061712027 -0.343180299 1.019828439 0.762055218 -0.048948161 -0.281722635 -0.580954671
1413393978855760384.000000 1.075718164 -0.329204798 1.020335436 0.770197570 -0.049251925 -0.287646830 -0.567123592
1413393978905760512.000000 1.086929440 -0.325187922 1.021016598 0.778515697 -0.050160859 -0.291433930 -0.553591490
1413393978955760384.000000 1.098134756 -0.320906520 1.019894719 0.786478579 -0.052156430 -0.295261919 -0.539955080
1413393979005760512.000000 1.108649135 -0.318045378 1.017691970 0.793837726 -0.055353336 -0.300127745 -0.526004851
1413393979055760384.000000 1.118409395 -0.316328526 1.013902783 0.801363826 -0.058177676 -0.304305643 -0.511692703
1413393979105760512.000000 1.127389908 -0.314024806 1.004862428 0.808834076 -0.061573185 -0.308287680 -0.496945649
1413393979155760384.000000 1.135774851 -0.314849615 0.997696757 0.816890597 -0.062892184 -0.311638623 -0.481264859
1413393979205760512.000000 1.142231703 -0.316722989 0.989229500 0.825405002 -0.062721781 -0.313678712 -0.465164691
1413393979255760384.000000 1.145657182 -0.319944620 0.980301380 0.833439708 -0.062954411 -0.315807045 -0.449089050
1413393979305760512.000000 1.144381523 -0.319439650 0.966715932 0.841234803 -0.064288214 -0.317912906 -0.432576597
1413393979355760384.000000 1.140891194 -0.326112986 0.957889676 0.848560870 -0.067129716 -0.320016176 -0.415966034
1413393979405760512.000000 1.133565307 -0.334372401 0.948244154 0.855024993 -0.070692599 -0.323037565 -0.399476677
1413393979455760384.000000 1.123134136 -0.344879150 0.939025164 0.861411989 -0.074485004 -0.325337648 -0.382853597
1413393979505760512.000000 1.109880447 -0.357678413 0.929690957 0.867023468 -0.079303071 -0.328181624 -0.366439968
1413393979555760384.000000 1.094267845 -0.372515559 0.919162989 0.872486472 -0.083614007 -0.330917627 -0.349670798
1413393979605760512.000000 1.076409459 -0.389201581 0.906995475 0.877929091 -0.085994177 -0.333436817 -0.332664222
1413393979655760384.000000 1.057006717 -0.408574998 0.893473148 0.883726299 -0.085424453 -0.334780335 -0.315678090
1413393979705760512.000000 1.033058524 -0.423206508 0.872279763 0.889736116 -0.083348781 -0.335253090 -0.298375666
1413393979755760384.000000 1.014881492 -0.447316766 0.854708433 0.895240366 -0.080070458 -0.335680544 -0.281872541
1413393979805760512.000000 0.997841418 -0.474239051 0.834977150 0.900995076 -0.073623016 -0.335221350 -0.265356809
1413393979855760384.000000 0.981996179 -0.504701197 0.813168168 0.905762315 -0.066327296 -0.336608469 -0.248777390
1413393979905760512.000000 0.966950357 -0.536305785 0.790246367 0.909736991 -0.060013983 -0.338683456 -0.232530683
1413393979955760384.000000 0.948237538 -0.562859893 0.766087651 0.913096786 -0.054216735 -0.341468751 -0.216134205
1413393980005760512.000000 0.934230745 -0.597270846 0.741165280 0.915872872 -0.049814414 -0.344656378 -0.199768707
1413393980055760384.000000 0.919942021 -0.632732213 0.715804100 0.917603552 -0.042588580 -0.349957556 -0.183629438
1413393980105760512.000000 0.904977143 -0.663061559 0.689371943 0.918655276 -0.033885963 -0.356139928 -0.167596936
1413393980155760384.000000 0.890638709 -0.698754847 0.661404133 0.919448614 -0.022584083 -0.361700416 -0.152568489
1413393980205760512.000000 0.875379622 -0.733566880 0.632530212 0.919090867 -0.011510233 -0.368697435 -0.138570845
1413393980255760384.000000 0.860894263 -0.764208257 0.603364229 0.918477535 -0.001834104 -0.374606550 -0.126750067
1413393980305760512.000000 0.845467031 -0.796226859 0.571559906 0.917744875 0.005569649 -0.379467040 -0.117124908
1413393980355760384.000000 0.829941630 -0.826035738 0.538090944 0.917275846 0.010818252 -0.382674694 -0.109763816
1413393980405760512.000000 0.814515948 -0.850083113 0.502949953 0.917901337 0.014934686 -0.382577509 -0.104252689
1413393980455760384.000000 0.798245907 -0.874597549 0.465036273 0.919303358 0.016542215 -0.380194992 -0.100297660
1413393980505760512.000000 0.781554878 -0.896496117 0.425459266 0.922220886 0.017700460 -0.373728871 -0.097581454
1413393980555760384.000000 0.764461040 -0.913280368 0.383794427 0.926186204 0.017174168 -0.364275247 -0.095852949
1413393980605760512.000000 0.747452319 -0.930150092 0.341547847 0.930498898 0.017394532 -0.353370607 -0.094860360
1413393980655760384.000000 0.729712486 -0.943878531 0.298191011 0.933821142 0.017990392 -0.344600290 -0.094366655
1413393980705760512.000000 0.713149011 -0.955635786 0.254970193 0.935877264 0.017531024 -0.338995218 -0.094386220
1413393980755760384.000000 0.695833564 -0.965345442 0.211688519 0.935962975 0.017685801 -0.338744164 -0.094408281
1413393980805760512.000000 0.678789616 -0.972240746 0.168791473 0.934343576 0.015840366 -0.343216330 -0.094624005
1413393980855760384.000000 0.661998391 -0.977523148 0.126420438 0.931942701 0.012578440 -0.349743992 -0.094888926
1413393980905760512.000000 0.645181119 -0.980819225 0.083792865 0.928403735 0.008471523 -0.359128267 -0.094982989
1413393980955760384.000000 0.629233003 -0.982439637 0.040190399 0.925646901 0.001944596 -0.366212279 -0.095198043
1413393981005760512.000000 0.613542914 -0.983012676 -0.004830360 0.923323750 -0.006358910 -0.372036278 -0.094983801
1413393981055760384.000000 0.598766744 -0.982638597 -0.051994145 0.922262013 -0.014505013 -0.374393761 -0.095140867
1413393981105760512.000000 0.585138917 -0.986252725 -0.105438292 0.922104537 -0.022839976 -0.374290258 -0.095437571
1413393981155760384.000000 0.574243844 -0.985949993 -0.157881260 0.923442304 -0.029454857 -0.370573282 -0.095195077
1413393981205760512.000000 0.565211117 -0.985952497 -0.212953031 0.925115764 -0.035546929 -0.365820318 -0.095251128
1413393981255760384.000000 0.559374034 -0.986770868 -0.271012425 0.925902069 -0.039509457 -0.363287240 -0.095743537
1413393981305760512.000000 0.556014955 -0.988619566 -0.331703067 0.925763309 -0.041356258 -0.363174409 -0.096727744
1413393981355760384.000000 0.553328335 -0.991628110 -0.393647134 0.924889863 -0.043234814 -0.364935428 -0.097630344
1413393981405760512.000000 0.550457120 -0.995799303 -0.456452310 0.923917651 -0.041861881 -0.367169172 -0.099048525
1413393981455760384.000000 0.546484768 -1.001284122 -0.519485712 0.923476338 -0.036495261 -0.368475288 -0.100426920
1413393981505760512.000000 0.540444016 -1.007709026 -0.582915485 0.923603535 -0.029372845 -0.368370771 -0.101964675
1413393981555760384.000000 0.529023886 -1.017987847 -0.648672879 0.923928142 -0.020943256 -0.367456615 -0.104373507
1413393981605760512.000000 0.516260147 -1.024575233 -0.711634815 0.924266994 -0.014666672 -0.366416842 -0.106085628
1413393981655760384.000000 0.500686646 -1.031078696 -0.774892867 0.924189091 -0.009553685 -0.366339087 -0.107605807
1413393981705760512.000000 0.481883347 -1.036327124 -0.838257670 0.924135447 -0.005363077 -0.366091132 -0.109189183
1413393981755760384.000000 0.460308492 -1.040474772 -0.901738346 0.924395859 -0.000548006 -0.365057439 -0.110567465
1413393981805760512.000000 0.436093241 -1.043069959 -0.965479434 0.925361753 0.003342504 -0.362112492 -0.112111554
1413393981855760384.000000 0.409411579 -1.044011593 -1.029113293 0.926091731 0.008138941 -0.359052420 -0.115625605
1413393981905760512.000000 0.367699564 -1.037475228 -1.098380804 0.927057922 0.012427145 -0.354619861 -0.121053644
1413393981955760384.000000 0.337884456 -1.033627868 -1.162611008 0.927861989 0.015960265 -0.349746615 -0.128431916
1413393982005760512.000000 0.308560073 -1.027150869 -1.226689458 0.928514659 0.017697969 -0.344413489 -0.137574449
1413393982055760384.000000 0.279694319 -1.018584847 -1.290138841 0.928129554 0.018860584 -0.340917557 -0.148307443
1413393982105760512.000000 0.251642644 -1.007386565 -1.353574753 0.927483737 0.019516060 -0.336672127 -0.161384612
1413393982155760384.000000 0.224262893 -0.993675709 -1.416586637 0.926481843 0.019201029 -0.332064897 -0.176055759
1413393982205760512.000000 0.190128267 -0.976624727 -1.484119892 0.924338222 0.017862204 -0.328852028 -0.192707628
1413393982255760384.000000 0.164589763 -0.957883954 -1.546002388 0.921589315 0.015934449 -0.325238824 -0.211279675
1413393982305760512.000000 0.139721513 -0.937331676 -1.607066154 0.918066800 0.014476866 -0.321724564 -0.231164709
1413393982355760384.000000 0.115770876 -0.914891124 -1.666607380 0.912635684 0.013459905 -0.321089476 -0.252619445
1413393982405760512.000000 0.093178511 -0.890885830 -1.724921584 0.906228185 0.013621548 -0.320601612 -0.275281042
1413393982455760384.000000 0.070983678 -0.866214752 -1.785992384 0.898880959 0.014012278 -0.319770277 -0.299272090
1413393982505760512.000000 0.049658626 -0.839369535 -1.840393662 0.890649796 0.014801093 -0.318504125 -0.324158967
1413393982555760384.000000 0.028807163 -0.811181068 -1.894069433 0.881516814 0.014924399 -0.316418797 -0.350120783
1413393982605760512.000000 0.009062290 -0.780973434 -1.946695328 0.871686280 0.015937915 -0.312734306 -0.376969934
1413393982655760384.000000 -0.008661032 -0.747033834 -2.002955914 0.861047804 0.017617818 -0.307577521 -0.404576838
1413393982705760512.000000 -0.028240860 -0.713328362 -2.053092957 0.849674404 0.020365896 -0.301291704 -0.432275355
1413393982755760384.000000 -0.047249272 -0.677650928 -2.102358103 0.837112546 0.023437852 -0.293619484 -0.460956514
1413393982805760512.000000 -0.063699745 -0.640227079 -2.152075052 0.824135661 0.027003791 -0.284463048 -0.489031851
1413393982855760384.000000 -0.081156611 -0.601415873 -2.197889566 0.810566664 0.029962547 -0.274152935 -0.516646922
1413393982905760512.000000 -0.097971901 -0.561432838 -2.241157532 0.795793891 0.033392064 -0.263525158 -0.544198155
1413393982955760384.000000 -0.114062570 -0.520606279 -2.283314943 0.779811919 0.036292203 -0.254656106 -0.570724607
1413393983005760512.000000 -0.123626396 -0.478469610 -2.320214748 0.763210952 0.038151838 -0.246337324 -0.596130311
1413393983055760384.000000 -0.138701171 -0.435555696 -2.355241776 0.745992184 0.040702339 -0.237172425 -0.620957553
1413393983105760512.000000 -0.152326956 -0.391740561 -2.387106180 0.728719294 0.042972386 -0.226991206 -0.644667923
1413393983155760384.000000 -0.161304966 -0.346574545 -2.415177345 -0.711058736 -0.046828482 0.216418266 0.667357326
1413393983205760512.000000 -0.172933340 -0.300776482 -2.440335989 -0.693113863 -0.050259057 0.205216944 0.689168453
1413393983255760384.000000 -0.183107257 -0.254471540 -2.461657524 -0.675073981 -0.052896824 0.193350047 0.709994912
1413393983305760512.000000 -0.188018739 -0.208616734 -2.477820635 -0.656163335 -0.055757534 0.182415590 0.730113268
1413393983355760384.000000 -0.194593042 -0.161516190 -2.490814209 -0.637794614 -0.057043824 0.169259310 0.749209821
1413393983405760512.000000 -0.198783338 -0.114501953 -2.499318123 -0.619157374 -0.056605216 0.155832767 0.767565131
1413393983455760384.000000 -0.195945114 -0.071119666 -2.501477480 -0.600013316 -0.055296298 0.143679157 0.785036802
1413393983505760512.000000 -0.194480300 -0.025440335 -2.500569344 -0.581123292 -0.051322572 0.130368605 0.801664352
1413393983555760384.000000 -0.190453827 0.018861651 -2.494846582 -0.561583161 -0.047593288 0.118111596 0.817562878
1413393983605760512.000000 -0.183050036 0.060981870 -2.484038353 0.541944087 0.043469787 -0.105246834 -0.832664490
1413393983655760384.000000 -0.171822876 0.097593784 -2.469672918 -0.522027493 -0.040050477 0.093847454 0.846803427
1413393983705760512.000000 -0.160357118 0.134940863 -2.450522900 -0.501651347 -0.034646194 0.083586931 0.860324800
1413393983755760384.000000 -0.147047073 0.169290185 -2.427185059 -0.480996430 -0.030856658 0.075177431 0.872948289
1413393983805760512.000000 -0.131440818 0.200689614 -2.400139809 0.460226953 0.027147166 -0.069123514 -0.884689927
1413393983855760384.000000 -0.114482403 0.224237323 -2.368689775 -0.439672202 -0.023258500 0.063096248 0.895637393
1413393983905760512.000000 -0.095454715 0.248548746 -2.335124731 -0.419535875 -0.019541172 0.057805009 0.905685544
1413393983955760384.000000 -0.074365675 0.269406617 -2.298832655 -0.400667936 -0.016547710 0.049030114 0.914760888
1413393984005760512.000000 -0.052874193 0.285469174 -2.260342836 0.381816745 0.013979663 -0.041344557 -0.923207045
1413393984055760384.000000 -0.026264194 0.293929070 -2.222962618 -0.363305986 -0.011806605 0.031778291 0.931052923
1413393984105760512.000000 -0.001265600 0.303090721 -2.178771019 -0.344233453 -0.009060667 0.022136182 0.938579381
1413393984155760384.000000 0.025235187 0.307859242 -2.132353067 -0.325072587 -0.006695645 0.012257963 0.945585966
1413393984205760512.000000 0.052691873 0.305380613 -2.086354256 -0.305701703 -0.004205648 0.002720541 0.952114224
1413393984255760384.000000 0.081570290 0.300960720 -2.036633253 -0.286152929 -0.001619935 -0.006177946 0.958162725
1413393984305760512.000000 0.111408792 0.291865557 -1.985274434 -0.266279042 0.001383589 -0.011863815 0.963822007
1413393984355760384.000000 0.143838406 0.273373544 -1.935286045 -0.247641563 0.004155403 -0.016237181 0.968706727
1413393984405760512.000000 0.175474197 0.255201817 -1.882427096 -0.229957744 0.008100342 -0.021105934 0.972938001
1413393984455760384.000000 0.207614765 0.232794449 -1.829129696 -0.213719651 0.010912442 -0.026301922 0.976479948
1413393984505760512.000000 0.239940003 0.204133630 -1.776585340 -0.199068338 0.014719926 -0.030950453 0.979386151
1413393984555760384.000000 0.272769034 0.172954291 -1.723316669 -0.185227424 0.018829796 -0.035899989 0.981859207
1413393984605760512.000000 0.304477960 0.137867019 -1.669837832 -0.171819389 0.020188287 -0.037264422 0.984216452
1413393984655760384.000000 0.335008472 0.093213648 -1.617185593 -0.158168465 0.020131379 -0.032379579 0.986675799
1413393984705760512.000000 0.361609578 0.051029108 -1.563081145 -0.144014299 0.020348974 -0.020663893 0.989150584
1413393984755760384.000000 0.385711104 0.006795364 -1.508380532 -0.132655412 0.020917667 -0.009738863 0.990893662
1413393984805760512.000000 0.407380044 -0.039447937 -1.452099323 -0.123495109 0.021129368 0.001195502 0.992119551
1413393984855760384.000000 0.425584137 -0.085957177 -1.396048546 -0.115895860 0.018412402 0.015596707 0.992968202
1413393984905760512.000000 0.440439194 -0.132139102 -1.339943528 -0.111769699 0.013886922 0.032365896 0.993109941
1413393984955760384.000000 0.453153551 -0.177402005 -1.283525467 -0.111071438 0.009259807 0.049409639 0.992540240
1413393985005760512.000000 0.463487267 -0.221141890 -1.227714539 -0.114597403 0.006140023 0.064382941 0.991304517
1413393985055760384.000000 0.471914589 -0.262658536 -1.171942472 -0.123300657 0.003707441 0.074290819 0.989577770
1413393985105760512.000000 0.484064162 -0.302541435 -1.118034124 -0.135912061 0.004361024 0.080096401 0.987468243
1413393985155760384.000000 0.490259528 -0.338919312 -1.062046170 -0.152353838 0.007407182 0.080667108 0.985000670
1413393985205760512.000000 0.494414061 -0.373311311 -1.006146312 -0.170368403 0.011619803 0.080180787 0.982044160
1413393985255760384.000000 0.497287065 -0.406724244 -0.950238824 0.189727381 -0.015218413 -0.078969218 -0.978537560
1413393985305760512.000000 0.498158932 -0.438681960 -0.892939508 -0.210137859 0.018379584 0.077157877 0.974449098
1413393985355760384.000000 0.499675483 -0.470281363 -0.838861942 -0.231089145 0.019418176 0.075520717 0.969802737
1413393985405760512.000000 0.501858532 -0.501878679 -0.785593152 -0.251620799 0.020792909 0.075400218 0.964660287
1413393985455760384.000000 0.503819644 -0.533853173 -0.732821405 0.271885991 -0.021096392 -0.077639155 -0.958960474
1413393985505760512.000000 0.503834367 -0.569688439 -0.679326057 -0.291708201 0.022271227 0.080406919 0.952861547
1413393985555760384.000000 0.506368220 -0.603309929 -0.627985835 -0.309494734 0.021693150 0.087597683 0.946609318
1413393985605760512.000000 0.508802593 -0.637502730 -0.576870561 -0.325803578 0.019334355 0.098156117 0.940129578
1413393985655760384.000000 0.511128128 -0.672692955 -0.526412547 0.340592325 -0.014726930 -0.111321598 -0.933481455
1413393985705760512.000000 0.508116722 -0.710171640 -0.474145323 -0.354195803 0.009913723 0.126360089 0.926542103
1413393985755760384.000000 0.510967016 -0.744944453 -0.424428821 -0.367731959 0.003808548 0.140696809 0.919218838
1413393985805760512.000000 0.514785171 -0.778717279 -0.374833614 -0.380789012 -0.001423135 0.153868899 0.911768675
1413393985855760384.000000 0.520076752 -0.811541438 -0.325397074 0.393487543 0.005702447 -0.166963726 -0.904023349
1413393985905760512.000000 0.521905303 -0.842288852 -0.276907563 -0.405933291 -0.007504756 0.180455089 0.895878255
1413393985955760384.000000 0.531308830 -0.868856788 -0.228941411 -0.418761343 -0.009081878 0.192033932 0.887513041
1413393986005760512.000000 0.543310165 -0.891670108 -0.181798577 -0.431851268 -0.008098686 0.202468663 0.878888786
1413393986055760384.000000 0.542877555 -0.917026997 -0.130288571 -0.444957137 -0.006447580 0.210955679 0.870327115
1413393986105760512.000000 0.556397557 -0.933886528 -0.085656166 -0.457869679 -0.003663683 0.221033067 0.861096025
1413393986155760384.000000 0.570424855 -0.947273731 -0.042512119 -0.470504671 -0.000083335 0.230417699 0.851782262
1413393986205760512.000000 0.586504519 -0.959870756 -0.002698660 0.481979668 -0.006705304 -0.241057143 -0.842343271
1413393986255760384.000000 0.600911736 -0.967653513 0.035804898 0.494055659 -0.013300817 -0.252102852 -0.831971347
1413393986305760512.000000 0.599144101 -0.980595410 0.078768671 -0.506210446 0.020572061 0.261979401 0.821398020
1413393986355760384.000000 0.612620115 -0.981749713 0.111842155 -0.518565953 0.025885601 0.271333992 0.810430288
1413393986405760512.000000 0.625630021 -0.978587449 0.142202079 -0.531660199 0.031838790 0.279747993 0.798789620
1413393986455760384.000000 0.639901876 -0.972430944 0.167266160 0.544801652 -0.035934538 -0.286403507 -0.787320077
1413393986505760512.000000 0.644595683 -0.968671203 0.193124354 -0.560163498 0.037964091 0.287159920 0.776089489
1413393986555760384.000000 0.656839967 -0.957639039 0.210048735 -0.578298032 0.036620088 0.280983120 0.765035272
1413393986605760512.000000 0.669207692 -0.943343461 0.223603934 -0.597862244 0.032583248 0.269326001 0.754296124
1413393986655760384.000000 0.681949615 -0.927343428 0.233512729 0.617106140 -0.026696861 -0.256529987 -0.743410945
1413393986705760512.000000 0.698830485 -0.910493255 0.248478472 -0.635693491 0.024367081 0.245234117 0.731546462
1413393986755760384.000000 0.710367322 -0.892710805 0.257434785 -0.652845919 0.022544151 0.234598801 0.719894052
1413393986805760512.000000 0.722490907 -0.875186324 0.265809178 -0.669386923 0.021715961 0.224236324 0.707931936
1413393986855760384.000000 0.733321309 -0.864650726 0.277556419 -0.684504628 0.021003617 0.214867190 0.696307659
1413393986905760512.000000 0.745273590 -0.849756360 0.288082838 -0.696557164 0.020133970 0.208522171 0.686237037
1413393986955760384.000000 0.756684780 -0.836302578 0.300446570 -0.705026567 0.018668594 0.208285898 0.677647471
1413393987005760512.000000 0.767495275 -0.827369094 0.315576315 -0.710464478 0.016430950 0.213274658 0.670435846
1413393987055760384.000000 0.776537180 -0.816854715 0.332510710 -0.714483023 0.013842515 0.218998551 0.664350808
1413393987105760512.000000 0.784171939 -0.807024181 0.351518273 -0.717188537 0.011233406 0.224640474 0.659584105
1413393987155760384.000000 0.789468169 -0.799056828 0.372696400 0.719115973 -0.009221856 -0.229642898 -0.655782998
1413393987205760512.000000 0.798414111 -0.790750325 0.394758821 0.720588446 -0.007853396 -0.233990923 -0.652640045
1413393987255760384.000000 0.802924395 -0.781433642 0.418625593 0.721195638 -0.005519790 -0.238035575 -0.650527179
1413393987305760512.000000 0.808905721 -0.771812379 0.443137467 0.721760094 -0.004247542 -0.241045430 -0.648800015
1413393987355760384.000000 0.818609357 -0.761484861 0.467066139 0.721566081 -0.003179923 -0.243743166 -0.648013651
1413393987405760512.000000 0.827345014 -0.751123190 0.492594808 0.721382499 -0.001994883 -0.245248184 -0.647654772
1413393987455760384.000000 0.837716281 -0.740463376 0.518637061 0.720659077 -0.002462878 -0.246377453 -0.648029804
1413393987505760512.000000 0.852980256 -0.728648067 0.543464780 0.720558643 -0.002327807 -0.246947229 -0.647925079
1413393987555760384.000000 0.865447998 -0.717379451 0.570082664 0.721862912 -0.002785505 -0.244961113 -0.647225082
1413393987605760512.000000 0.878425837 -0.705878854 0.596897006 0.724202931 -0.002637824 -0.243034422 -0.645335138
1413393987655760384.000000 0.899881423 -0.690953791 0.620318174 0.726783991 -0.002935359 -0.242269173 -0.642714679
1413393987705760512.000000 0.913132906 -0.679052413 0.648107350 0.730122626 -0.003422430 -0.242405355 -0.638865411
1413393987755760384.000000 0.926645398 -0.667121172 0.676492691 0.733733714 -0.005757772 -0.243199602 -0.634393990
1413393987805760512.000000 0.943984687 -0.653726757 0.704803050 0.736069977 -0.006870325 -0.246215537 -0.630501270
1413393987855760384.000000 0.956279278 -0.642050266 0.735008836 0.737956285 -0.010346675 -0.249578387 -0.626916349
1413393987905760512.000000 0.966632009 -0.630163789 0.766632020 0.739035368 -0.012534717 -0.253582686 -0.623991609
1413393987955760384.000000 0.978050947 -0.615858912 0.797987044 0.740306318 -0.013924319 -0.256614596 -0.621209800
1413393988005760512.000000 0.982059717 -0.603718638 0.832379818 0.741870761 -0.015774745 -0.257660419 -0.618861914
1413393988055760384.000000 0.983752012 -0.591103673 0.867806196 0.743316054 -0.016536556 -0.258579552 -0.616720796
1413393988105760512.000000 0.989269495 -0.577581048 0.899331868 0.744924784 -0.016541062 -0.258773655 -0.614694774
1413393988155760384.000000 0.986301422 -0.564728737 0.936622918 0.747464716 -0.016764646 -0.255488425 -0.612977326
1413393988205760512.000000 0.981010020 -0.552452803 0.975027919 0.750238121 -0.015872370 -0.251796275 -0.611137986
1413393988255760384.000000 0.976775885 -0.537662268 1.012869477 0.752597868 -0.014444009 -0.247881576 -0.609871030
1413393988305760512.000000 0.969175816 -0.525492668 1.053552508 0.754753768 -0.013403070 -0.243956178 -0.608812451
1413393988355760384.000000 0.962482095 -0.513641119 1.094823122 0.756961167 -0.012045139 -0.239142373 -0.608009636
1413393988405760512.000000 0.957947254 -0.499520540 1.134651780 0.758712053 -0.007986409 -0.235328943 -0.607381761
1413393988455760384.000000 0.952859700 -0.488176107 1.177888274 0.760929167 -0.001038832 -0.230177209 -0.606633544
1413393988505760512.000000 0.948958158 -0.477166772 1.222532868 0.763240576 0.009420258 -0.225027740 -0.605588675
1413393988555760384.000000 0.946401894 -0.465883374 1.263962865 0.765182257 0.018612452 -0.220006377 -0.604770243
1413393988605760512.000000 0.946781337 -0.454765439 1.312633634 0.767170846 0.025125613 -0.214886338 -0.603855610
1413393988655760384.000000 0.948680520 -0.443584681 1.364168882 0.767057300 0.023027377 -0.217213914 -0.603250444
1413393988705760512.000000 0.952666402 -0.431175590 1.415913939 0.766002893 0.019896349 -0.222888142 -0.602631450
1413393988755760384.000000 0.957808018 -0.419769406 1.472310901 0.763676167 0.010402766 -0.233603865 -0.601763964
1413393988805760512.000000 0.964190006 -0.408279181 1.529832840 0.761506975 0.001463042 -0.247201115 -0.599163353
1413393988855760384.000000 0.970270574 -0.397667646 1.584514499 0.757641554 -0.009007013 -0.267254472 -0.595376611
1413393988905760512.000000 0.982395172 -0.384757280 1.640134573 0.753961504 -0.020410432 -0.288689554 -0.589732051
1413393988955760384.000000 0.997832537 -0.370962620 1.692602158 0.751819313 -0.029293295 -0.307798743 -0.582382798
1413393989005760512.000000 1.013554215 -0.359489679 1.738858700 0.750195920 -0.037449338 -0.325430572 -0.574368060
1413393989055760384.000000 1.034365654 -0.344658613 1.782096267 0.748975456 -0.043456975 -0.341648310 -0.566059947
1413393989105760512.000000 1.057699680 -0.328798056 1.819388986 0.747318089 -0.049193393 -0.357715458 -0.557795167
1413393989155760384.000000 1.080709934 -0.314808846 1.849842787 0.746282995 -0.052072264 -0.371411681 -0.549912453
1413393989205760512.000000 1.108786225 -0.296250820 1.872189164 0.746626556 -0.051434543 -0.381613523 -0.542470753
1413393989255760384.000000 1.138557315 -0.275753021 1.886252403 0.749767184 -0.046591882 -0.385055721 -0.536106884
1413393989305760512.000000 1.169785261 -0.254900217 1.892121792 0.761701703 -0.034387995 -0.367798507 -0.532308578
1413393989355760384.000000 1.202725649 -0.230489016 1.892643690 0.775973618 -0.023420887 -0.342806727 -0.528961360
1413393989405760512.000000 1.235816956 -0.204623461 1.889979243 0.790157616 -0.016565697 -0.315153837 -0.525409102
1413393989455760384.000000 1.267069578 -0.179115295 1.887373805 0.802863300 -0.013045487 -0.287641376 -0.522018135
1413393989505760512.000000 1.295415163 -0.152033091 1.885353446 0.812193632 -0.011847770 -0.265557230 -0.519307673
1413393989555760384.000000 1.320274353 -0.125461578 1.885698080 0.818751156 -0.012586994 -0.249367788 -0.517014444
1413393989605760512.000000 1.342696905 -0.100795984 1.890809774 0.822287917 -0.012472508 -0.241186932 -0.515282452
1413393989655760384.000000 1.361211181 -0.075730324 1.897512674 0.824290991 -0.011591308 -0.237318084 -0.513897061
1413393989705760512.000000 1.376562595 -0.051252365 1.906948090 0.825173318 -0.010056215 -0.239412725 -0.511536300
1413393989755760384.000000 1.388837099 -0.027276278 1.918990374 0.825937569 -0.009652771 -0.243579432 -0.508333683
1413393989805760512.000000 1.399450183 -0.004345417 1.933509350 0.826765597 -0.011367474 -0.249500707 -0.504062355
1413393989855760384.000000 1.410261631 0.017045975 1.951187849 0.827922523 -0.017894391 -0.256324589 -0.498519689
1413393989905760512.000000 1.417007327 0.037959337 1.969583631 0.829448819 -0.025767142 -0.263805389 -0.491688430
1413393989955760384.000000 1.422120333 0.058170795 1.989118576 0.831825674 -0.036369942 -0.270411998 -0.483343273
1413393990005760512.000000 1.426129103 0.076682806 2.010000944 0.835287154 -0.048274357 -0.276822239 -0.472582817
1413393990055760384.000000 1.427454114 0.093150139 2.030525684 0.840910852 -0.055408239 -0.280327976 -0.459581375
1413393990105760512.000000 1.426620007 0.107300758 2.051190853 0.847693920 -0.059677906 -0.282929540 -0.444752276
1413393990155760384.000000 1.425103545 0.118883848 2.071336031 0.855223179 -0.062172882 -0.285357773 -0.428134173
1413393990205760512.000000 1.419754386 0.128346443 2.093067646 0.862884700 -0.063823394 -0.288181990 -0.410253376
1413393990255760384.000000 1.412250400 0.135097027 2.115037441 0.870041490 -0.064426601 -0.292681783 -0.391426206
1413393990305760512.000000 1.403909326 0.139852047 2.137434006 0.876255155 -0.065681666 -0.299386561 -0.371793687
1413393990355760384.000000 1.393654346 0.141566277 2.160294533 0.881423712 -0.066576064 -0.308073193 -0.351782560
1413393990405760512.000000 1.384196043 0.140715837 2.182235718 0.886501789 -0.068043344 -0.315835714 -0.331259131
1413393990455760384.000000 1.375125885 0.138661146 2.202929020 0.890916467 -0.072029553 -0.323458642 -0.310570717
1413393990505760512.000000 1.366831779 0.133534193 2.222372293 0.894276857 -0.075932734 -0.331934035 -0.290384233
1413393990555760384.000000 1.361755371 0.126250267 2.237078428 0.896008193 -0.079112075 -0.342664957 -0.271093071
1413393990605760512.000000 1.353722453 0.116357088 2.253346443 0.895392001 -0.079577550 -0.357945502 -0.252617538
1413393990655760384.000000 1.345376611 0.104181290 2.267149210 0.892866850 -0.075151712 -0.376390308 -0.235523552
1413393990705760512.000000 1.336980939 0.089995861 2.276200056 0.888125658 -0.061743047 -0.398234814 -0.220974281
1413393990755760384.000000 1.328730822 0.075194597 2.282069683 0.884400785 -0.041539647 -0.415462554 -0.208567828
1413393990805760512.000000 1.320551753 0.060394764 2.282816410 0.880765438 -0.019926379 -0.429557294 -0.198332295
1413393990855760384.000000 1.312543392 0.046994567 2.277338505 0.877357364 0.001101035 -0.440431923 -0.190427214
1413393990905760512.000000 1.299777985 0.033814549 2.253323555 0.876407504 0.018006349 -0.444522440 -0.184351921
1413393990955760384.000000 1.292703032 0.026804686 2.234628677 0.880683720 0.034316670 -0.436705917 -0.180295661
1413393991005760512.000000 1.286504745 0.024341941 2.209822893 0.889293909 0.045711122 -0.418413252 -0.178877965
1413393991055760384.000000 1.278712630 0.026280761 2.176897526 0.900265753 0.052470908 -0.393497646 -0.178684294
1413393991105760512.000000 1.273568153 0.033505917 2.143366814 0.912749588 0.052238811 -0.363407880 -0.179148436
1413393991155760384.000000 1.269187331 0.044823766 2.108610153 0.925526857 0.046825785 -0.329474211 -0.180704489
1413393991205760512.000000 1.261442661 0.060570121 2.071305275 0.936985850 0.035685226 -0.296046704 -0.182045370
1413393991255760384.000000 1.258846164 0.077380776 2.040061474 0.946712792 0.023811899 -0.263217062 -0.184077799
1413393991305760512.000000 1.257107377 0.095331669 2.013212681 0.954367518 0.011940862 -0.233346656 -0.185982272
1413393991355760384.000000 1.252915382 0.114515066 1.988939047 0.958098114 -0.003501200 -0.215647325 -0.188499466
1413393991405760512.000000 1.252203226 0.132644773 1.973677754 0.959243655 -0.017569181 -0.207507774 -0.191006437
1413393991455760384.000000 1.251169443 0.149692178 1.964743376 0.956010282 -0.029280704 -0.217992753 -0.194077641
1413393991505760512.000000 1.250981569 0.165160179 1.961100221 0.949485242 -0.040490776 -0.240660504 -0.197283790
1413393991555760384.000000 1.247684598 0.179853916 1.958079696 0.941722989 -0.052723441 -0.265041262 -0.200328067
1413393991605760512.000000 1.250334978 0.190436840 1.962278843 0.932196200 -0.064132527 -0.292796493 -0.202897832
1413393991655760384.000000 1.254086971 0.197797060 1.967893839 0.921756625 -0.073645115 -0.320990384 -0.204710677
1413393991705760512.000000 1.257341266 0.201698422 1.972163558 0.912254751 -0.078484967 -0.345444381 -0.205668792
1413393991755760384.000000 1.263259530 0.202693224 1.974574566 0.904815793 -0.080828801 -0.364047021 -0.205535561
1413393991805760512.000000 1.269109011 0.202384472 1.970127940 0.900170445 -0.079345129 -0.376230627 -0.204568028
1413393991855760384.000000 1.278431296 0.197480440 1.963353753 0.902083874 -0.073253527 -0.373611599 -0.203206912
1413393991905760512.000000 1.289153814 0.190201998 1.952097178 0.909261823 -0.058793262 -0.359070331 -0.202125818
1413393991955760384.000000 1.300318837 0.184230089 1.934240699 0.919655979 -0.042178605 -0.334716260 -0.201044708
1413393992005760512.000000 1.312708497 0.174700975 1.919094801 0.929471850 -0.031105353 -0.308075011 -0.200510338
1413393992055760384.000000 1.324664950 0.164753556 1.905426502 0.937376499 -0.021964857 -0.284227550 -0.200144306
1413393992105760512.000000 1.336889505 0.155755639 1.892711759 0.942792833 -0.015768304 -0.266629636 -0.199503809
1413393992155760384.000000 1.346411943 0.145058274 1.885747552 0.943964660 -0.011910880 -0.262782753 -0.199334234
1413393992205760512.000000 1.354012728 0.134227633 1.882812977 0.940353274 -0.006164384 -0.275784284 -0.199099958
1413393992255760384.000000 1.361345649 0.123512268 1.883212209 0.934490681 -0.000901068 -0.295267165 -0.198856279
1413393992305760512.000000 1.369067430 0.113304853 1.885631800 0.927508891 0.001273574 -0.316843688 -0.198332548
1413393992355760384.000000 1.376960516 0.104406595 1.888976932 0.919458568 -0.007278404 -0.339843780 -0.197609007
1413393992405760512.000000 1.384834766 0.096533179 1.891859293 0.911784053 -0.019117722 -0.359796405 -0.197055832
1413393992455760384.000000 1.390656590 0.088149428 1.895061374 0.905899346 -0.033649474 -0.373790115 -0.196201488
1413393992505760512.000000 1.399260879 0.083814740 1.888928652 0.903221369 -0.045605168 -0.379614621 -0.194946200
1413393992555760384.000000 1.402794838 0.076310158 1.885332584 0.904567420 -0.053450439 -0.375748396 -0.194201052
1413393992605760512.000000 1.402994156 0.067698359 1.879678965 0.909130156 -0.056402378 -0.364428252 -0.193631694
1413393992655760384.000000 1.402314901 0.057742596 1.871730208 0.917546988 -0.051444743 -0.343654513 -0.193293989
1413393992705760512.000000 1.401098013 0.046834588 1.862875342 0.927408695 -0.043875095 -0.317150027 -0.193401113
1413393992755760384.000000 1.395043254 0.035630941 1.854542017 0.936585069 -0.035092164 -0.289957494 -0.193653762
1413393992805760512.000000 1.410956383 0.021663427 1.852288127 0.943406880 -0.026602959 -0.267702758 -0.193935663
1413393992855760384.000000 1.410086870 0.008184075 1.848937511 0.947355628 -0.017985627 -0.253953546 -0.194168851
1413393992905760512.000000 1.409342289 -0.006044745 1.849606752 0.948042274 -0.011322268 -0.251431316 -0.194602206
1413393992955760384.000000 1.408941865 -0.020582318 1.854423761 0.945488513 -0.004963854 -0.261200309 -0.194425628
1413393993005760512.000000 1.409641266 -0.035197735 1.862860918 0.940802097 0.001314633 -0.277737528 -0.194297776
1413393993055760384.000000 1.411811829 -0.049530149 1.874085784 0.935239077 0.007176650 -0.295841873 -0.194304064
1413393993105760512.000000 1.415604830 -0.062677979 1.886827588 0.930071831 0.009265443 -0.311996400 -0.193749219
1413393993155760384.000000 1.419614434 -0.074521065 1.900967240 0.922858834 0.008385123 -0.332914025 -0.193467200
1413393993205760512.000000 1.423861980 -0.084924459 1.915329933 0.914137959 0.005685974 -0.356529683 -0.192888916
1413393993255760384.000000 1.433425307 -0.096063375 1.933980227 0.904027462 0.005348165 -0.382031977 -0.191722199
1413393993305760512.000000 1.436901569 -0.102947712 1.944182754 0.893675148 0.005222199 -0.406091511 -0.190806732
1413393993355760384.000000 1.440566897 -0.107970119 1.949880719 0.885906875 0.007628623 -0.423138022 -0.189908236
1413393993405760512.000000 1.446341753 -0.111322284 1.950787783 0.881238401 0.013039097 -0.432877153 -0.189383790
1413393993455760384.000000 1.450474143 -0.111066341 1.944209933 0.880421281 0.019246848 -0.434218794 -0.189584076
1413393993505760512.000000 1.454785943 -0.107498169 1.930787206 0.884719729 0.022522634 -0.425013155 -0.190072984
1413393993555760384.000000 1.459917545 -0.100370765 1.911666393 0.893382132 0.022618961 -0.406271756 -0.190525755
1413393993605760512.000000 1.472074509 -0.091413498 1.894844055 0.904508412 0.019883860 -0.380586207 -0.191372380
1413393993655760384.000000 1.478234410 -0.078928590 1.869102359 0.916874528 0.015772138 -0.349401712 -0.192382187
1413393993705760512.000000 1.484485030 -0.064640164 1.843028188 0.928572774 0.010797415 -0.316985995 -0.192758843
1413393993755760384.000000 1.491305113 -0.050984025 1.821363330 0.938789725 0.005930950 -0.285279781 -0.193013474
1413393993805760512.000000 1.491917610 -0.035101056 1.801117063 0.946403444 0.002084617 -0.258952141 -0.193028688
1413393993855760384.000000 1.487998843 -0.019186497 1.785876870 0.952197194 -0.001158864 -0.237072676 -0.192654580
1413393993905760512.000000 1.480915546 -0.003966331 1.777064919 0.956461430 -0.004087438 -0.219626442 -0.192169666
1413393993955760384.000000 1.468622446 0.005005360 1.787279844 0.960105658 -0.007732616 -0.203515261 -0.191621840
1413393994005760512.000000 1.458052754 0.019426823 1.790335655 0.962545216 -0.013322433 -0.191693887 -0.191266358
1413393994055760384.000000 1.451588631 0.032640338 1.799731255 0.963738203 -0.022670062 -0.184433773 -0.191517726
1413393994105760512.000000 1.451370478 0.043552518 1.815665364 0.963471115 -0.032482818 -0.184492812 -0.191391736
1413393994155760384.000000 1.458818913 0.051597476 1.838720798 0.962085128 -0.043146353 -0.188771635 -0.192083076
1413393994205760512.000000 1.472601652 0.056551576 1.867936969 0.959682763 -0.053935017 -0.197312430 -0.192789972
1413393994255760384.000000 1.492675185 0.058302879 1.901369929 0.955939949 -0.060994856 -0.212210715 -0.193455771
1413393994305760512.000000 1.511335015 0.049027443 1.955499411 0.950024307 -0.067635916 -0.234207258 -0.195003286
1413393994355760384.000000 1.539994717 0.042225122 1.996698737 0.942687929 -0.064484507 -0.262681097 -0.195396930
1413393994405760512.000000 1.568218350 0.031134725 2.043197393 0.933426976 -0.060380857 -0.294455647 -0.195867822
1413393994455760384.000000 1.594414949 0.022505045 2.090987682 0.921744287 -0.053617649 -0.330271035 -0.196044996
1413393994505760512.000000 1.614447474 0.010111094 2.138313293 0.908574402 -0.045246031 -0.366437227 -0.195369601
1413393994555760384.000000 1.628595114 -0.003008127 2.186812878 0.894727826 -0.037115209 -0.400554478 -0.194012105
1413393994605760512.000000 1.634632826 -0.017455935 2.239667654 0.881296635 -0.029545080 -0.430866063 -0.191827849
1413393994655760384.000000 1.637070298 -0.030768037 2.285516739 0.868642032 -0.023546362 -0.457547158 -0.188566476
1413393994705760512.000000 1.634967923 -0.042747498 2.326303720 0.857782245 -0.017986644 -0.479180425 -0.185127810
1413393994755760384.000000 1.626455784 -0.053252339 2.358990192 0.852043092 -0.009842294 -0.490803629 -0.181762606
1413393994805760512.000000 1.620140672 -0.061147332 2.381737471 0.852929652 0.001103296 -0.490199745 -0.179482937
1413393994855760384.000000 1.614185095 -0.065699220 2.395293236 0.862192631 0.009364193 -0.474049985 -0.178361386
1413393994905760512.000000 1.608058691 -0.066950321 2.399631262 0.875130773 0.015049928 -0.449874163 -0.177575007
1413393994955760384.000000 1.600084066 -0.064951777 2.398659945 0.887872934 0.015070516 -0.424441069 -0.176930502
1413393995005760512.000000 1.590072870 -0.060356617 2.393642664 0.898790538 0.010624485 -0.401475936 -0.175726667
1413393995055760384.000000 1.578105927 -0.053730249 2.386823416 0.907728076 0.002081851 -0.381475210 -0.174648672
1413393995105760512.000000 1.564229488 -0.045714855 2.378697634 0.914816201 -0.009869430 -0.364164352 -0.174350873
1413393995155760384.000000 1.548324585 -0.036576986 2.369948149 0.918984890 -0.021632560 -0.352271497 -0.175794497
1413393995205760512.000000 1.530029774 -0.026915193 2.361564875 0.920446157 -0.038795773 -0.345057398 -0.179469272
1413393995255760384.000000 1.503248215 -0.013627887 2.336307049 0.920325518 -0.052468866 -0.339899093 -0.186324239
1413393995305760512.000000 1.481871367 -0.005693913 2.327904224 0.918306530 -0.062959842 -0.338594317 -0.195200399
1413393995355760384.000000 1.459978104 0.000437975 2.318312407 0.915437281 -0.071327895 -0.337764442 -0.206887037
1413393995405760512.000000 1.438474178 0.003364086 2.313041210 0.912102938 -0.076023281 -0.337067693 -0.220622241
1413393995455760384.000000 1.417730093 0.004667997 2.303226471 0.908597052 -0.078815244 -0.335552573 -0.235889971
1413393995505760512.000000 1.397251487 0.008139133 2.281965733 0.904623747 -0.078233883 -0.334110200 -0.252795786
1413393995555760384.000000 1.377995729 0.004559278 2.268820524 0.901062667 -0.075937778 -0.330249935 -0.270655990
1413393995605760512.000000 1.359318972 -0.000629902 2.253129482 0.897487640 -0.071543202 -0.324842095 -0.289612144
1413393995655760384.000000 1.341122270 -0.005581617 2.230477810 0.893353701 -0.065302923 -0.318335980 -0.310349584
1413393995705760512.000000 1.323623538 -0.015033007 2.213776350 0.889731467 -0.057660848 -0.308224589 -0.331739128
1413393995755760384.000000 1.306666136 -0.025437832 2.195509195 0.885209978 -0.050674435 -0.297594011 -0.353939772
1413393995805760512.000000 1.291672587 -0.035428047 2.175298214 0.879355013 -0.045622557 -0.287546784 -0.376789421
1413393995855760384.000000 1.276493549 -0.048847914 2.159005165 0.872454107 -0.043589097 -0.277881682 -0.399632007
1413393995905760512.000000 1.261680841 -0.063790321 2.143918753 0.864292622 -0.043549400 -0.269754857 -0.422296315
1413393995955760384.000000 1.248009205 -0.078109503 2.126414061 0.855842412 -0.043302722 -0.261583894 -0.444108784
1413393996005760512.000000 1.233880520 -0.096496344 2.113370657 0.847407043 -0.044007994 -0.254411668 -0.463939071
1413393996055760384.000000 1.219805956 -0.117143869 2.101516485 0.839383006 -0.044809338 -0.248837203 -0.481153309
1413393996105760512.000000 1.209005356 -0.139572859 2.089559793 0.832099259 -0.046462271 -0.244513139 -0.495646536
1413393996155760384.000000 1.195723891 -0.164639473 2.079789162 0.825097442 -0.051054358 -0.242848933 -0.507574737
1413393996205760512.000000 1.182069778 -0.191445112 2.070446968 0.817501187 -0.055120841 -0.245703906 -0.517960668
1413393996255760384.000000 1.167842269 -0.220796108 2.062141895 0.809555352 -0.054387886 -0.253726691 -0.526578546
1413393996305760512.000000 1.153046966 -0.252654791 2.054237604 0.803107917 -0.050689217 -0.260776967 -0.533332705
1413393996355760384.000000 1.137162566 -0.286060333 2.046471596 0.797525167 -0.044593558 -0.267967910 -0.538663387
1413393996405760512.000000 1.123201609 -0.321013927 2.039737225 0.793746114 -0.037520621 -0.272689283 -0.542402029
1413393996455760384.000000 1.103124738 -0.356267929 2.033218145 0.790401101 -0.030723812 -0.277548343 -0.545242310
1413393996505760512.000000 1.080410361 -0.391837835 2.027521849 0.787606657 -0.025139419 -0.282354265 -0.547101319
1413393996555760384.000000 1.054791927 -0.426598549 2.021948338 0.785334826 -0.019224782 -0.287652701 -0.547846377
1413393996605760512.000000 1.031171799 -0.461519718 2.017414570 0.783497036 -0.013840479 -0.292264163 -0.548199415
1413393996655760384.000000 1.003988624 -0.495026350 2.012689114 0.781207860 -0.009558004 -0.296092361 -0.549501896
1413393996705760512.000000 0.977793813 -0.527142048 2.007498741 0.779072583 -0.006460606 -0.298166424 -0.551453471
1413393996755760384.000000 0.953283608 -0.557634592 2.001828909 0.776843548 -0.004336925 -0.298912764 -0.554207981
1413393996805760512.000000 0.934107542 -0.587314129 1.996263266 0.775232673 -0.002208195 -0.295901686 -0.558078647
1413393996855760384.000000 0.912439346 -0.613970518 1.989147067 0.773052394 -0.000376277 -0.292269349 -0.562999606
1413393996905760512.000000 0.892070234 -0.639060020 1.981812835 0.770498216 0.001398917 -0.288491100 -0.568421900
1413393996955760384.000000 0.873093605 -0.662470818 1.973362923 0.767085314 0.003967483 -0.285362512 -0.574571729
1413393997005760512.000000 0.855323792 -0.684247017 1.965482473 0.763437390 0.005881112 -0.282495290 -0.580797017
1413393997055760384.000000 0.841708183 -0.705320358 1.959715724 0.759675264 0.006912789 -0.281290531 -0.586277664
1413393997105760512.000000 0.826260090 -0.723567009 1.951538682 0.756571889 0.008923480 -0.279253244 -0.591216624
1413393997155760384.000000 0.812562764 -0.739977837 1.943412900 0.753997266 0.008815353 -0.277541250 -0.595299244
1413393997205760512.000000 0.800265610 -0.754560471 1.935014963 0.752500832 0.006633257 -0.273962170 -0.598868370
1413393997255760384.000000 0.790273130 -0.769007444 1.928311586 0.751528740 0.004166145 -0.269837320 -0.601976037
1413393997305760512.000000 0.779481411 -0.780877829 1.920502424 0.750690758 0.002246807 -0.265627950 -0.604896903
1413393997355760384.000000 0.767806649 -0.791963816 1.913799524 0.750020862 0.000261831 -0.261855185 -0.607371867
1413393997405760512.000000 0.753144145 -0.802808285 1.908957720 0.749299347 -0.001709152 -0.259483546 -0.609274924
1413393997455760384.000000 0.734253526 -0.812376499 1.906076193 0.748644233 -0.002603498 -0.257662207 -0.610847950
1413393997505760512.000000 0.712090611 -0.821531057 1.904996514 0.747955799 -0.003520188 -0.256799847 -0.612048745
1413393997555760384.000000 0.689425230 -0.829898834 1.905865908 0.748120785 -0.004739824 -0.254575133 -0.612767875
1413393997605760512.000000 0.666703761 -0.838770151 1.907122850 0.747931719 -0.006429483 -0.252939045 -0.613660157
1413393997655760384.000000 0.645928562 -0.847285986 1.908725500 0.748527169 -0.007830206 -0.250548482 -0.613898396
1413393997705760512.000000 0.626291454 -0.856061220 1.912008286 0.748320818 -0.008402457 -0.250726968 -0.614069641
1413393997755760384.000000 0.609080970 -0.864257336 1.914063215 0.748029232 -0.007906965 -0.251254410 -0.614215791
1413393997805760512.000000 0.593890369 -0.872282267 1.916236639 0.748119056 -0.006298877 -0.252334237 -0.613682032
1413393997855760384.000000 0.580896020 -0.879538059 1.919800162 0.748083532 -0.004941138 -0.253517300 -0.613250077
1413393997905760512.000000 0.569078326 -0.887026787 1.923094511 0.748207748 -0.003582042 -0.254524708 -0.612690449
1413393997955760384.000000 0.558658600 -0.893916845 1.926909924 0.748592556 -0.002353492 -0.255496711 -0.611821175
1413393998005760512.000000 0.550330400 -0.899652004 1.930890560 0.749018967 -0.001267250 -0.255972356 -0.611103177
1413393998055760384.000000 0.542291880 -0.905112505 1.935876966 0.749308348 0.000302170 -0.257211059 -0.610229015
1413393998105760512.000000 0.533710718 -0.910936356 1.944382071 0.750127733 0.001239730 -0.257850379 -0.608950019
1413393998155760384.000000 0.527220488 -0.915023327 1.950928807 0.751256049 0.001707408 -0.258322954 -0.607355535
1413393998205760512.000000 0.522401929 -0.918199062 1.957520247 0.752908707 0.001473349 -0.257792532 -0.605532289
1413393998255760384.000000 0.518207073 -0.921062946 1.965063214 0.754223168 0.001406553 -0.258081526 -0.603770912
1413393998305760512.000000 0.515391052 -0.923367977 1.973299026 0.755636156 -0.000148658 -0.258049399 -0.602017105
1413393998355760384.000000 0.513875425 -0.925023794 1.982280612 0.756538749 -0.001035033 -0.258738071 -0.600585341
1413393998405760512.000000 0.513350785 -0.926157951 1.992142081 0.756361306 -0.000202995 -0.262513489 -0.599169672
1413393998455760384.000000 0.513641953 -0.926399946 2.004320860 0.755505383 -0.000676226 -0.268328577 -0.597671390
1413393998505760512.000000 0.516564369 -0.925743103 2.014566898 0.754497051 -0.004160782 -0.274233669 -0.596248984
1413393998555760384.000000 0.521077156 -0.924095631 2.024357319 0.753821492 -0.008201027 -0.278575212 -0.595047712
1413393998605760512.000000 0.525234580 -0.921739340 2.034693956 0.752969921 -0.016105568 -0.282678604 -0.594028473
1413393998655760384.000000 0.528484106 -0.918863773 2.045163393 0.752500117 -0.024203440 -0.285123914 -0.593179762
1413393998705760512.000000 0.530420899 -0.915834665 2.055408478 0.751524687 -0.032828115 -0.287911326 -0.592655182
1413393998755760384.000000 0.531174600 -0.912755728 2.064839602 0.750439465 -0.039938077 -0.290412933 -0.592373192
1413393998805760512.000000 0.531363845 -0.909871101 2.072969913 0.750046194 -0.045179024 -0.290693015 -0.592357397
1413393998855760384.000000 0.530250311 -0.907155514 2.080205202 0.750218630 -0.046743162 -0.289670616 -0.592518389
1413393998905760512.000000 0.527357578 -0.900573492 2.085689068 0.750821471 -0.044714805 -0.287781358 -0.592831910
1413393998955760384.000000 0.524745762 -0.898779154 2.090396166 0.752767026 -0.038947951 -0.282701910 -0.593215466
1413393999005760512.000000 0.521258712 -0.898353338 2.093573093 0.755498767 -0.032700602 -0.275396556 -0.593556225
1413393999055760384.000000 0.517551601 -0.897528887 2.096833706 0.758513212 -0.026057782 -0.267458916 -0.593670368
1413393999105760512.000000 0.512781262 -0.893823862 2.099996567 0.760812819 -0.017397933 -0.261381239 -0.593751609
1413393999155760384.000000 0.507366300 -0.892842293 2.104986668 0.761410832 -0.008941136 -0.259943366 -0.593803823
1413393999205760512.000000 0.500746489 -0.893265009 2.110596657 0.761321843 -0.002880408 -0.260940850 -0.593540788
1413393999255760384.000000 0.494784117 -0.889776945 2.114013672 0.760153234 0.000503999 -0.264515042 -0.593463242
1413393999305760512.000000 0.488340676 -0.887830734 2.121697426 0.757857621 -0.000651729 -0.271337390 -0.593319118
1413393999355760384.000000 0.482151657 -0.884432316 2.129526615 0.755331695 -0.006180059 -0.278606087 -0.593139648
1413393999405760512.000000 0.476864576 -0.878834963 2.135145187 0.753083229 -0.012252080 -0.284788221 -0.592968225
1413393999455760384.000000 0.470813960 -0.874082088 2.142919779 0.751236200 -0.016429767 -0.289894849 -0.592735291
1413393999505760512.000000 0.465617716 -0.868178368 2.149410725 0.750371575 -0.021361835 -0.292692125 -0.592298508
1413393999555760384.000000 0.460646391 -0.861700535 2.152905464 0.749705076 -0.026343521 -0.295005769 -0.591793954
1413393999605760512.000000 0.455521941 -0.854110003 2.156982422 0.749734879 -0.032418810 -0.295542240 -0.591186583
1413393999655760384.000000 0.449121952 -0.846638918 2.159950256 0.749706447 -0.036305308 -0.295576513 -0.590979576
1413393999705760512.000000 0.443487734 -0.838298082 2.160716057 0.749681175 -0.039713569 -0.295755804 -0.590702653
1413393999755760384.000000 0.435555100 -0.830103874 2.160341024 0.749372363 -0.042283267 -0.296112329 -0.590737462
1413393999805760512.000000 0.425679326 -0.821435690 2.159210443 0.749317825 -0.044566195 -0.295567811 -0.590911567
1413393999855760384.000000 0.412538320 -0.814039946 2.158900976 0.748611689 -0.045806378 -0.296738982 -0.591124654
1413393999905760512.000000 0.397839427 -0.805953026 2.156442165 0.748158455 -0.046836223 -0.296791881 -0.591591001
1413393999955760384.000000 0.380538076 -0.798625469 2.154297829 0.748945177 -0.044299580 -0.293791234 -0.592288256
1413394000005760512.000000 0.364223033 -0.791401386 2.149162054 0.753424942 -0.037262738 -0.282812923 -0.592434943
1413394000055760384.000000 0.358058721 -0.788131475 2.146544218 0.761866868 -0.023111641 -0.264854133 -0.590658188
1413394000105760512.000000 0.365431696 -0.788448095 2.146505117 0.759419918 -0.028852006 -0.270203948 -0.591133475
1413394000155760384.000000 0.375390500 -0.789841175 2.144346952 0.765126169 -0.024846047 -0.257750034 -0.589516461
1413394000205760512.000000 0.381059349 -0.791336298 2.143982649 0.769883633 -0.017925644 -0.247965977 -0.587767601
1413394000255760384.000000 0.378250688 -0.793048620 2.147764206 0.773101687 -0.008236757 -0.242751107 -0.585933387
1413394000305760512.000000 0.366295367 -0.794886589 2.153497696 0.775320590 -0.008813037 -0.246748865 -0.581304848
1413394000355760384.000000 0.358415157 -0.798530340 2.152268648 0.770303130 -0.038345519 -0.264477462 -0.578977108
1413394000405760512.000000 0.363961250 -0.799814939 2.146535635 0.772498548 -0.029894926 -0.256443858 -0.580162883
1413394000455760384.000000 0.363542736 -0.799198389 2.148069143 0.772133708 -0.026759086 -0.257766545 -0.580215454
1413394000505760512.000000 0.358597249 -0.798257828 2.150240660 0.771400452 -0.026144417 -0.260456920 -0.580017388
1413394000555760384.000000 0.359995425 -0.798183203 2.147943735 0.771924734 -0.028307458 -0.258558035 -0.580067813
1413394000605760512.000000 0.360716164 -0.798383713 2.148295164 0.771569848 -0.032772887 -0.259422064 -0.579919040
1413394000655760384.000000 0.359201908 -0.797454596 2.148921251 0.772346020 -0.027334798 -0.257319063 -0.580104589
1413394000705760512.000000 0.359762311 -0.796602249 2.148784637 0.771457314 -0.030169854 -0.259973496 -0.579963088
1413394000755760384.000000 0.359182715 -0.798736334 2.149196625 0.771868408 -0.028302997 -0.258680820 -0.580088317
1413394000805760512.000000 0.359448612 -0.798485041 2.149664640 0.771836281 -0.030887792 -0.258856416 -0.579920828
1413394000855760384.000000 0.359516233 -0.798217773 2.149403572 0.772080362 -0.029011477 -0.258097082 -0.580031276
1413394000905760512.000000 0.359196335 -0.797883987 2.149254322 0.771650612 -0.030369295 -0.259472221 -0.579920053
1413394000955760384.000000 0.359366387 -0.797677755 2.149069071 0.771895826 -0.029420940 -0.258696616 -0.579989076
1413394001005760512.000000 0.359293491 -0.797570705 2.149082899 0.771767199 -0.030525664 -0.259041607 -0.579949260
1413394001055760384.000000 0.359272003 -0.797461033 2.148722172 0.771884739 -0.029800106 -0.258773208 -0.579950273
1413394001105760512.000000 0.359175444 -0.797296047 2.148959875 0.771635234 -0.030285265 -0.259489506 -0.579937220
1413394001155760384.000000 0.359298468 -0.797568321 2.148852110 0.771862268 -0.030023322 -0.258733928 -0.579986274
1413394001205760512.000000 0.359256595 -0.797956467 2.148990154 0.771736681 -0.030483548 -0.259272784 -0.579888701
1413394001255760384.000000 0.358989209 -0.798183441 2.149510860 0.771788955 -0.029979203 -0.258993238 -0.579970360
1413394001305760512.000000 0.359046221 -0.798249960 2.149406672 0.771758616 -0.030378697 -0.259153366 -0.579918444
1413394001355760384.000000 0.359068215 -0.798353672 2.149274588 0.771869481 -0.030136365 -0.258946598 -0.579875946
1413394001405760512.000000 0.359059691 -0.798362494 2.149337292 0.771711469 -0.030407948 -0.259137541 -0.579986751
1413394001455760384.000000 0.358943492 -0.798460245 2.149317741 0.771796584 -0.030173238 -0.259043097 -0.579927921
1413394001505760512.000000 0.358952761 -0.798497438 2.149467707 0.771788299 -0.030447213 -0.259090453 -0.579903483
1413394001555760384.000000 0.358950645 -0.798537970 2.149536371 0.771764457 -0.030227132 -0.259162426 -0.579914510
1413394001605760512.000000 0.359007865 -0.798660517 2.149621248 0.771732271 -0.030432859 -0.259239852 -0.579911947
1413394001655760384.000000 0.359020799 -0.798797607 2.149723053 0.771754563 -0.030437203 -0.259141147 -0.579926193
1413394001705760512.000000 0.359055459 -0.798802137 2.149725914 0.771680653 -0.030483928 -0.259233981 -0.579980612
1413394001755760384.000000 0.358821750 -0.798773050 2.149680853 0.771742284 -0.030529149 -0.259145468 -0.579935730
1413394001805760512.000000 0.358753353 -0.798698187 2.149668217 0.771696806 -0.030595815 -0.259174317 -0.579979956
1413394001855760384.000000 0.358958513 -0.798951864 2.149661779 0.771661401 -0.030595042 -0.259262383 -0.579987586
1413394001905760512.000000 0.359030664 -0.798958063 2.149629593 0.771641016 -0.030667871 -0.259334475 -0.579978704
1413394001955760384.000000 0.358985692 -0.798782825 2.149539709 0.771642506 -0.030700332 -0.259360164 -0.579963505
1413394002005760512.000000 0.358897954 -0.798527479 2.149410725 0.771690428 -0.030707719 -0.259399056 -0.579881907
1413394002055760384.000000 0.358849615 -0.798329353 2.149334192 0.771749854 -0.030710688 -0.259349793 -0.579824746
1413394002105760512.000000 0.358844668 -0.798216343 2.149231672 0.771785378 -0.030761853 -0.259320766 -0.579787791
1413394002155760384.000000 0.358805746 -0.798219919 2.149288416 0.771751821 -0.030782910 -0.259378970 -0.579805315
1413394002205760512.000000 0.358751297 -0.798155785 2.149248362 0.771736085 -0.030808289 -0.259399682 -0.579815567
1413394002255760384.000000 0.358651787 -0.799111843 2.149921179 0.771744847 -0.030863252 -0.259346753 -0.579824746
1413394002305760512.000000 0.358634114 -0.799183130 2.149991751 0.771723092 -0.030851519 -0.259372860 -0.579842627
1413394002355760384.000000 0.358956963 -0.798811913 2.149465084 0.771712363 -0.030946584 -0.259446889 -0.579818726
1413394002405760512.000000 0.358955204 -0.798691273 2.149351597 0.771697044 -0.030913435 -0.259439051 -0.579844415
1413394002455760384.000000 0.358847052 -0.798597336 2.149338484 0.771660805 -0.030945502 -0.259484798 -0.579870284
1413394002505760512.000000 0.358699471 -0.798587561 2.149386168 0.771659076 -0.030944964 -0.259485513 -0.579872489
1413394002555760384.000000 0.358925343 -0.798292398 2.149201393 0.771636784 -0.030966476 -0.259590358 -0.579854012
1413394002605760512.000000 0.358506709 -0.798719406 2.149570942 0.771658599 -0.031005172 -0.259487033 -0.579869151
1413394002655760384.000000 0.358457267 -0.798801661 2.149637461 0.771668315 -0.030951234 -0.259468704 -0.579867363
1413394002705760512.000000 0.358444959 -0.798887014 2.149699450 0.771666586 -0.031039910 -0.259481490 -0.579859197
1413394002755760384.000000 0.359004825 -0.799221754 2.149983168 0.771675766 -0.030970834 -0.259604871 -0.579795420
1413394002805760512.000000 0.359032005 -0.799305201 2.149995565 0.771696866 -0.031118166 -0.259549111 -0.579784393
1413394002855760384.000000 0.358925641 -0.799078703 2.149875641 0.771601021 -0.031044530 -0.259858817 -0.579777122
1413394002905760512.000000 0.358982533 -0.799249411 2.149914980 0.771633625 -0.030997125 -0.259755909 -0.579782486
1413394002955760384.000000 0.358947456 -0.799270391 2.149909973 0.771656096 -0.031102929 -0.259716213 -0.579764605
1413394003005760512.000000 0.358919889 -0.799257994 2.149904490 0.771614790 -0.031052575 -0.259813666 -0.579778671
1413394003055760384.000000 0.358883619 -0.799263954 2.149908066 0.771620154 -0.031181602 -0.259792715 -0.579773962
1413394003105760512.000000 0.358836800 -0.799209595 2.149943113 0.771621585 -0.031085413 -0.259745121 -0.579798579
1413394003155760384.000000 0.358806610 -0.799127340 2.149949551 0.771582186 -0.031208299 -0.259827346 -0.579807580
1413394003205760512.000000 0.358787209 -0.799123287 2.149915218 0.771615744 -0.031153573 -0.259708434 -0.579819143
1413394003255760384.000000 0.359060526 -0.799522638 2.150191307 0.771550536 -0.031209512 -0.260034114 -0.579756975
1413394003305760512.000000 0.359020263 -0.799472570 2.150082350 0.771593153 -0.031188326 -0.259932011 -0.579747140
1413394003355760384.000000 0.359088451 -0.799666882 2.150077343 0.771564007 -0.031331658 -0.260030538 -0.579734027
