input_id,ts,state,px,py,pz,qx,qy,qz,qw,api_ms
0,1413393886.005760431290,1,0.000000000000,0.000000000000,0.000000000000,-0.000000000000,-0.000000000000,-0.000000000000,1.000000000000,17.993891000000
1,1413393886.055760383606,1,0.000000000000,0.000000000000,0.000000000000,-0.000000000000,-0.000000000000,-0.000000000000,1.000000000000,10.803459000000
2,1413393886.105760574341,1,0.000000000000,0.000000000000,0.000000000000,-0.000000000000,-0.000000000000,-0.000000000000,1.000000000000,10.641334000000
3,1413393886.155760288239,1,0.000000000000,0.000000000000,0.000000000000,-0.000000000000,-0.000000000000,-0.000000000000,1.000000000000,9.547457000000
4,1413393886.205760478973,1,0.000000000000,0.000000000000,0.000000000000,-0.000000000000,-0.000000000000,-0.000000000000,1.000000000000,15.419114000000
5,1413393886.255760431290,1,0.000000000000,0.000000000000,0.000000000000,-0.000000000000,-0.000000000000,-0.000000000000,1.000000000000,10.102128000000
6,1413393886.305760622025,1,0.000000000000,0.000000000000,0.000000000000,-0.000000000000,-0.000000000000,-0.000000000000,1.000000000000,10.053411000000
7,1413393886.355760335922,1,0.000000000000,0.000000000000,0.000000000000,-0.000000000000,-0.000000000000,-0.000000000000,1.000000000000,9.804256000000
8,1413393886.405760526657,1,0.000000000000,0.000000000000,0.000000000000,-0.000000000000,-0.000000000000,-0.000000000000,1.000000000000,10.265626000000
9,1413393886.455760478973,1,0.000000000000,0.000000000000,0.000000000000,-0.000000000000,-0.000000000000,-0.000000000000,1.000000000000,11.275556000000
10,1413393886.505760431290,1,0.000000000000,0.000000000000,0.000000000000,-0.000000000000,-0.000000000000,-0.000000000000,1.000000000000,10.102424000000
11,1413393886.555760383606,1,0.000000000000,0.000000000000,0.000000000000,-0.000000000000,-0.000000000000,-0.000000000000,1.000000000000,9.764310000000
12,1413393886.605760574341,1,0.000000000000,0.000000000000,0.000000000000,-0.000000000000,-0.000000000000,-0.000000000000,1.000000000000,9.723219000000
13,1413393886.655760288239,1,0.000000000000,0.000000000000,0.000000000000,-0.000000000000,-0.000000000000,-0.000000000000,1.000000000000,10.328430000000
14,1413393886.705760478973,1,0.000000000000,0.000000000000,0.000000000000,-0.000000000000,-0.000000000000,-0.000000000000,1.000000000000,9.531871000000
15,1413393886.755760431290,1,0.000000000000,0.000000000000,0.000000000000,-0.000000000000,-0.000000000000,-0.000000000000,1.000000000000,9.470354000000
16,1413393886.805760622025,1,0.000000000000,0.000000000000,0.000000000000,-0.000000000000,-0.000000000000,-0.000000000000,1.000000000000,9.637310000000
17,1413393886.855760335922,1,0.000000000000,0.000000000000,0.000000000000,-0.000000000000,-0.000000000000,-0.000000000000,1.000000000000,10.022401000000
18,1413393886.905760526657,1,0.000000000000,0.000000000000,0.000000000000,-0.000000000000,-0.000000000000,-0.000000000000,1.000000000000,9.604929000000
19,1413393886.955760478973,1,0.000000000000,0.000000000000,0.000000000000,-0.000000000000,-0.000000000000,-0.000000000000,1.000000000000,9.307620000000
20,1413393887.005760431290,1,0.000000000000,0.000000000000,0.000000000000,-0.000000000000,-0.000000000000,-0.000000000000,1.000000000000,9.788699000000
21,1413393887.055760383606,1,0.000000000000,0.000000000000,0.000000000000,-0.000000000000,-0.000000000000,-0.000000000000,1.000000000000,9.433927000000
22,1413393887.105760574341,1,0.000000000000,0.000000000000,0.000000000000,-0.000000000000,-0.000000000000,-0.000000000000,1.000000000000,9.230322000000
23,1413393887.155760288239,1,0.000000000000,0.000000000000,0.000000000000,-0.000000000000,-0.000000000000,-0.000000000000,1.000000000000,10.610500000000
24,1413393887.205760478973,1,0.000000000000,0.000000000000,0.000000000000,-0.000000000000,-0.000000000000,-0.000000000000,1.000000000000,10.162301000000
25,1413393887.255760431290,1,0.000000000000,0.000000000000,0.000000000000,-0.000000000000,-0.000000000000,-0.000000000000,1.000000000000,9.563722000000
26,1413393887.305760622025,1,0.000000000000,0.000000000000,0.000000000000,-0.000000000000,-0.000000000000,-0.000000000000,1.000000000000,9.441341000000
27,1413393887.355760335922,1,0.000000000000,0.000000000000,0.000000000000,-0.000000000000,-0.000000000000,-0.000000000000,1.000000000000,9.514942000000
28,1413393887.405760526657,1,0.000000000000,0.000000000000,0.000000000000,-0.000000000000,-0.000000000000,-0.000000000000,1.000000000000,9.681568000000
29,1413393887.455760478973,1,0.000000000000,0.000000000000,0.000000000000,-0.000000000000,-0.000000000000,-0.000000000000,1.000000000000,9.521775000000
30,1413393887.505760431290,1,0.000000000000,0.000000000000,0.000000000000,-0.000000000000,-0.000000000000,-0.000000000000,1.000000000000,9.154279000000
31,1413393887.555760383606,1,0.000000000000,0.000000000000,0.000000000000,-0.000000000000,-0.000000000000,-0.000000000000,1.000000000000,8.888597000000
32,1413393887.605760574341,1,0.000000000000,0.000000000000,0.000000000000,-0.000000000000,-0.000000000000,-0.000000000000,1.000000000000,9.660036000000
33,1413393887.655760288239,1,0.000000000000,0.000000000000,0.000000000000,-0.000000000000,-0.000000000000,-0.000000000000,1.000000000000,10.441606000000
34,1413393887.705760478973,1,0.000000000000,0.000000000000,0.000000000000,-0.000000000000,-0.000000000000,-0.000000000000,1.000000000000,9.844149000000
35,1413393887.755760431290,1,0.000000000000,0.000000000000,0.000000000000,-0.000000000000,-0.000000000000,-0.000000000000,1.000000000000,9.443307000000
36,1413393887.805760622025,1,0.000000000000,0.000000000000,0.000000000000,-0.000000000000,-0.000000000000,-0.000000000000,1.000000000000,9.765318000000
37,1413393887.855760335922,1,0.000000000000,0.000000000000,0.000000000000,-0.000000000000,-0.000000000000,-0.000000000000,1.000000000000,9.626284000000
38,1413393887.905760526657,1,0.000000000000,0.000000000000,0.000000000000,-0.000000000000,-0.000000000000,-0.000000000000,1.000000000000,9.419543000000
39,1413393887.955760478973,1,0.000000000000,0.000000000000,0.000000000000,-0.000000000000,-0.000000000000,-0.000000000000,1.000000000000,9.248182000000
40,1413393888.005760431290,1,0.000000000000,0.000000000000,0.000000000000,-0.000000000000,-0.000000000000,-0.000000000000,1.000000000000,9.557958000000
41,1413393888.055760383606,1,0.000000000000,0.000000000000,0.000000000000,-0.000000000000,-0.000000000000,-0.000000000000,1.000000000000,9.451126000000
42,1413393888.105760574341,1,0.000000000000,0.000000000000,0.000000000000,-0.000000000000,-0.000000000000,-0.000000000000,1.000000000000,9.962377000000
43,1413393888.155760288239,1,0.000000000000,0.000000000000,0.000000000000,-0.000000000000,-0.000000000000,-0.000000000000,1.000000000000,9.743381000000
44,1413393888.205760478973,1,0.000000000000,0.000000000000,0.000000000000,-0.000000000000,-0.000000000000,-0.000000000000,1.000000000000,10.774309000000
45,1413393888.255760431290,1,0.000000000000,0.000000000000,0.000000000000,-0.000000000000,-0.000000000000,-0.000000000000,1.000000000000,9.348442000000
46,1413393888.305760622025,1,0.000000000000,0.000000000000,0.000000000000,-0.000000000000,-0.000000000000,-0.000000000000,1.000000000000,9.886389000000
47,1413393888.355760335922,1,0.000000000000,0.000000000000,0.000000000000,-0.000000000000,-0.000000000000,-0.000000000000,1.000000000000,10.279809000000
48,1413393888.405760526657,1,0.000000000000,0.000000000000,0.000000000000,-0.000000000000,-0.000000000000,-0.000000000000,1.000000000000,9.662255000000
49,1413393888.455760478973,1,0.000000000000,0.000000000000,0.000000000000,-0.000000000000,-0.000000000000,-0.000000000000,1.000000000000,10.312603000000
50,1413393888.505760431290,1,0.000000000000,0.000000000000,0.000000000000,-0.000000000000,-0.000000000000,-0.000000000000,1.000000000000,10.086802000000
51,1413393888.555760383606,1,0.000000000000,0.000000000000,0.000000000000,-0.000000000000,-0.000000000000,-0.000000000000,1.000000000000,9.699705000000
52,1413393888.605760574341,1,0.000000000000,0.000000000000,0.000000000000,-0.000000000000,-0.000000000000,-0.000000000000,1.000000000000,9.973737000000
53,1413393888.655760288239,1,0.000000000000,0.000000000000,0.000000000000,-0.000000000000,-0.000000000000,-0.000000000000,1.000000000000,9.720698000000
54,1413393888.705760478973,1,0.000000000000,0.000000000000,0.000000000000,-0.000000000000,-0.000000000000,-0.000000000000,1.000000000000,14.272959000000
55,1413393888.755760431290,1,0.000000000000,0.000000000000,0.000000000000,-0.000000000000,-0.000000000000,-0.000000000000,1.000000000000,9.490456000000
56,1413393888.805760622025,1,0.000000000000,0.000000000000,0.000000000000,-0.000000000000,-0.000000000000,-0.000000000000,1.000000000000,9.525456000000
57,1413393888.855760335922,1,0.000000000000,0.000000000000,0.000000000000,-0.000000000000,-0.000000000000,-0.000000000000,1.000000000000,9.663801000000
58,1413393888.905760526657,1,0.000000000000,0.000000000000,0.000000000000,-0.000000000000,-0.000000000000,-0.000000000000,1.000000000000,10.045146000000
59,1413393888.955760478973,1,0.000000000000,0.000000000000,0.000000000000,-0.000000000000,-0.000000000000,-0.000000000000,1.000000000000,9.747999000000
60,1413393889.005760431290,1,0.000000000000,0.000000000000,0.000000000000,-0.000000000000,-0.000000000000,-0.000000000000,1.000000000000,9.646518000000
61,1413393889.055760383606,1,0.000000000000,0.000000000000,0.000000000000,-0.000000000000,-0.000000000000,-0.000000000000,1.000000000000,9.636959000000
62,1413393889.105760574341,1,0.000000000000,0.000000000000,0.000000000000,-0.000000000000,-0.000000000000,-0.000000000000,1.000000000000,9.649490000000
63,1413393889.155760288239,1,0.000000000000,0.000000000000,0.000000000000,-0.000000000000,-0.000000000000,-0.000000000000,1.000000000000,9.980731000000
64,1413393889.205760478973,1,0.000000000000,0.000000000000,0.000000000000,-0.000000000000,-0.000000000000,-0.000000000000,1.000000000000,9.729589000000
65,1413393889.255760431290,1,0.000000000000,0.000000000000,0.000000000000,-0.000000000000,-0.000000000000,-0.000000000000,1.000000000000,10.178274000000
66,1413393889.305760622025,1,0.000000000000,0.000000000000,0.000000000000,-0.000000000000,-0.000000000000,-0.000000000000,1.000000000000,9.752382000000
67,1413393889.355760335922,1,0.000000000000,0.000000000000,0.000000000000,-0.000000000000,-0.000000000000,-0.000000000000,1.000000000000,10.683195000000
68,1413393889.405760526657,1,0.000000000000,0.000000000000,0.000000000000,-0.000000000000,-0.000000000000,-0.000000000000,1.000000000000,10.510478000000
69,1413393889.455760478973,1,0.000000000000,0.000000000000,0.000000000000,-0.000000000000,-0.000000000000,-0.000000000000,1.000000000000,9.621597000000
70,1413393889.505760431290,1,0.000000000000,0.000000000000,0.000000000000,-0.000000000000,-0.000000000000,-0.000000000000,1.000000000000,9.243422000000
71,1413393889.555760383606,1,0.000000000000,0.000000000000,0.000000000000,-0.000000000000,-0.000000000000,-0.000000000000,1.000000000000,10.113302000000
72,1413393889.605760574341,2,0.000000022352,0.000000003725,0.000000000000,-0.000000000057,-0.000000001326,-0.000000091627,1.000000000000,11.199539000000
73,1413393889.655760288239,2,0.002865446266,-0.002134418814,-0.002604671754,-0.006806699559,0.001719660941,-0.001537804957,0.999974191189,18.084636000000
74,1413393889.705760478973,2,0.003374598688,-0.005761383567,-0.004233090207,-0.011129809543,0.004344332498,-0.005779001396,0.999911904335,12.053750000000
75,1413393889.755760431290,2,0.004023741465,-0.013781970367,-0.006496284623,-0.016705239192,0.006950448267,-0.010008654557,0.999786198139,11.903986000000
76,1413393889.805760622025,2,0.006955208257,-0.025597807020,-0.011442087591,-0.019688047469,0.008869059384,-0.013332409784,0.999677956104,13.011789000000
77,1413393889.855760335922,2,0.007840723731,-0.041116084903,-0.013091344386,-0.022394649684,0.011473494582,-0.019215313718,0.999498665333,12.217060000000
78,1413393889.905760526657,2,0.009787065908,-0.060866132379,-0.017401395366,-0.022352363914,0.013854335062,-0.025596631691,0.999326407909,14.044169000000
79,1413393889.955760478973,2,0.009854828939,-0.085513375700,-0.020682297647,-0.018292630091,0.016585836187,-0.032090459019,0.999179959297,16.093715000000
80,1413393890.005760431290,2,0.009546793997,-0.115482978523,-0.025176325813,-0.012522122823,0.018285706639,-0.038456551731,0.999014496803,17.254197000000
81,1413393890.055760383606,2,0.003396899439,-0.147258669138,-0.027650376782,-0.006969182286,0.019220765680,-0.038228906691,0.999059855938,14.758903000000
82,1413393890.105760574341,2,-0.002963666804,-0.185027197003,-0.030078582466,-0.003032951849,0.017980212346,-0.034003917128,0.999255359173,19.638208000000
83,1413393890.155760288239,2,-0.009260513820,-0.219092577696,-0.031700331718,0.001388851786,0.016249034554,-0.028853980824,0.999450623989,14.689439000000
84,1413393890.205760478973,2,-0.018178882077,-0.254699140787,-0.032783735543,0.003178798826,0.014795624651,-0.023440860212,0.999610662460,14.438317000000
85,1413393890.255760431290,2,-0.035517975688,-0.285534381866,-0.025001155213,0.004718784243,0.014572346583,-0.018989488482,0.999702394009,16.763485000000
86,1413393890.305760622025,2,-0.046976231039,-0.304573744535,-0.020689520985,0.006343826186,0.013537366875,-0.014365169220,0.999785065651,15.770555000000
87,1413393890.355760335922,2,-0.057546481490,-0.319461613894,-0.016440657899,0.006713280920,0.012551045045,-0.010926630348,0.999839007854,15.537527000000
88,1413393890.405760526657,2,-0.069422565401,-0.331271648407,-0.008656747639,0.006766804494,0.011620564386,-0.007870870642,0.999878585339,15.141436000000
89,1413393890.455760478973,2,-0.084573812783,-0.335519701242,0.001325142104,0.010229870677,0.011325047351,-0.004507887643,0.999873399734,15.620388000000
90,1413393890.505760431290,2,-0.095061898232,-0.335752099752,0.009811647236,0.018813179806,0.009961066768,-0.001781441388,0.999771833420,15.823527000000
91,1413393890.555760383606,2,-0.106710344553,-0.338927388191,0.018068887293,0.030174840242,0.008848840371,0.000863048423,0.999505102634,15.778854000000
92,1413393890.605760574341,2,-0.119484141469,-0.342780232430,0.026789113879,0.039375811815,0.009295145981,0.001216469333,0.999180495739,19.642199000000
93,1413393890.655760288239,2,-0.130870372057,-0.345713406801,0.032541461289,0.040909718722,0.009607113898,0.000102995327,0.999116659164,16.127326000000
94,1413393890.705760478973,2,-0.142076790333,-0.350679188967,0.035905998200,0.035932548344,0.010153705254,-0.001567633240,0.999301433563,19.767607000000
95,1413393890.755760431290,2,-0.150317966938,-0.347576677799,0.036333117634,0.030672615394,0.010052852333,-0.003348246682,0.999473333359,16.726002000000
96,1413393890.805760622025,2,-0.162301778793,-0.351199567318,0.037319250405,0.023888422176,0.010294658132,-0.004195951857,0.999652862549,15.569007000000
97,1413393890.855760335922,2,-0.172679811716,-0.356603235006,0.035781219602,0.017990171909,0.010624600574,-0.005745898001,0.999765217304,15.111436000000
98,1413393890.905760526657,2,-0.185706004500,-0.360212743282,0.035761926323,0.014150040224,0.010870133527,-0.005953233689,0.999823093414,15.696374000000
99,1413393890.955760478973,2,-0.198725551367,-0.366588324308,0.033774100244,0.011223094538,0.011320888065,-0.007171207573,0.999847233295,15.645397000000
100,1413393891.005760431290,2,-0.213351473212,-0.373684763908,0.033484101295,0.008745758794,0.012028301135,-0.007448655088,0.999861717224,17.537890000000
101,1413393891.055760383606,2,-0.225805163383,-0.381146043539,0.030832014978,0.007150394842,0.012002509087,-0.008758337237,0.999864041805,16.426024000000
102,1413393891.105760574341,2,-0.239328011870,-0.388020306826,0.030188817531,0.007822276093,0.011956466362,-0.008590111509,0.999861061573,15.769131000000
103,1413393891.155760288239,2,-0.252330362797,-0.399091929197,0.025534929708,0.006914293859,0.011083589867,-0.007638745010,0.999885499477,15.784609000000
104,1413393891.205760478973,2,-0.266755104065,-0.409220963717,0.023691875860,0.007600425277,0.010733652860,-0.007451450452,0.999885737896,15.330754000000
105,1413393891.255760431290,2,-0.283345520496,-0.412360072136,0.026586679742,0.010029703379,0.010605538264,-0.006846260279,0.999870061874,16.703168000000
106,1413393891.305760622025,2,-0.297830283642,-0.417267292738,0.025330735371,0.018429392949,0.010185690597,-0.006726683583,0.999755680561,16.436650000000
107,1413393891.355760335922,2,-0.314259111881,-0.417468547821,0.030156567693,0.040377344936,0.010036056861,-0.006076726597,0.999115645885,16.863854000000
108,1413393891.405760526657,2,-0.328917503357,-0.417358905077,0.024449540302,0.070212356746,0.009097582661,-0.003363805125,0.997484922409,14.201858000000
109,1413393891.455760478973,2,-0.342990815639,-0.413512587547,0.021727791056,0.100386299193,0.006929466501,-0.001795635442,0.994922816753,14.890610000000
110,1413393891.505760431290,2,-0.358453989029,-0.405737042427,0.012088205665,0.123295679688,0.006289203651,-0.000735444424,0.992349803448,13.916376000000
111,1413393891.555760383606,2,-0.368566334248,-0.395224809647,-0.002465779427,0.136756837368,0.003973611165,0.000552886282,0.990596532822,14.088733000000
112,1413393891.605760574341,2,-0.390182584524,-0.380542069674,-0.016140859574,0.142259076238,0.006069034804,-0.002503103344,0.989807724953,14.844822000000
113,1413393891.655760288239,2,-0.403376966715,-0.367080539465,-0.042689204216,0.142923653126,0.005487812683,-0.002206190489,0.989716053009,14.112454000000
114,1413393891.705760478973,2,-0.416460365057,-0.355942189693,-0.077082656324,0.142096653581,0.005557674915,-0.003346005687,0.989831566811,14.952344000000
115,1413393891.755760431290,2,-0.433074504137,-0.334267556667,-0.109448522329,0.141780897975,0.005827977788,-0.003898646217,0.989873230457,16.126150000000
116,1413393891.805760622025,2,-0.445293545723,-0.321385592222,-0.155350238085,0.138817116618,0.006120858714,-0.004672518466,0.990288138390,15.662982000000
117,1413393891.855760335922,2,-0.456211000681,-0.310215592384,-0.209495261312,0.132172778249,0.006346667651,-0.005446418654,0.991191387177,16.044911000000
118,1413393891.905760526657,2,-0.472798377275,-0.290949136019,-0.268449842930,0.119649253786,0.007336804178,-0.005878868513,0.992771685123,15.636891000000
119,1413393891.955760478973,2,-0.489953219891,-0.276264071465,-0.334678262472,0.099699765444,0.008226960897,-0.005402639043,0.994968891144,15.210047000000
120,1413393892.005760431290,2,-0.503097295761,-0.308430939913,0.366831630468,0.766299009323,0.011113704182,0.011975257657,-0.642276465893,17.643628000000
121,1413393892.055760383606,2,-0.646766781807,-0.370755851269,0.307124525309,0.780078351498,-0.008334636688,0.026211336255,-0.625076949596,16.142976000000
122,1413393892.105760574341,2,-0.663201034069,-0.447853714228,0.315541625023,0.791492998600,-0.008592710830,0.026781385764,-0.610530793667,16.045435000000
123,1413393892.155760288239,2,-0.679962635040,-0.517032206059,0.326233267784,0.799936652184,-0.008465133607,0.027955057099,-0.599373221397,17.644239000000
124,1413393892.205760478973,2,-0.697042107582,-0.593668162823,0.337001085281,0.805588424206,-0.008449925110,0.028765942901,-0.591716587543,16.477342000000
125,1413393892.255760431290,2,-0.715052902699,-0.663325071335,0.338873267174,0.808885455132,-0.008124988526,0.031025707722,-0.587090909481,15.300428000000
126,1413393892.305760622025,2,-0.732603192329,-0.737557232380,0.346587300301,0.810649156570,-0.009142887779,0.031455073506,-0.584615170956,14.969039000000
127,1413393892.355760335922,2,-0.751071214676,-0.807403743267,0.349694311619,0.813062131405,-0.009707766585,0.032578684390,-0.581183612347,15.237656000000
128,1413393892.405760526657,2,-0.768897414207,-0.878446817398,0.352046012878,0.815292418003,-0.010507769883,0.033048111945,-0.578010201454,15.992081000000
129,1413393892.455760478973,2,-0.788080632687,-0.950460135937,0.348462820053,0.816877365112,-0.011253677309,0.033849228173,-0.575707376003,17.899163000000
130,1413393892.505760431290,2,-0.806253433228,-1.018485784531,0.344980478287,0.817766010761,-0.011319048703,0.035328410566,-0.574354052544,15.969977000000
131,1413393892.555760383606,2,-0.824885010719,-1.091000795364,0.334716320038,0.819093167782,-0.012479856610,0.035270437598,-0.572439193726,15.243724000000
132,1413393892.605760574341,2,-0.843705415726,-1.156989336014,0.325922369957,0.821631491184,-0.012898878194,0.035809140652,-0.568746984005,14.888216000000
133,1413393892.655760288239,2,-0.863271355629,-1.218550920486,0.312976717949,0.825818181038,-0.013205105439,0.036578647792,-0.562594056129,15.710787000000
134,1413393892.705760478973,2,-0.882649183273,-1.280367970467,0.301798343658,0.831887304783,-0.013418162242,0.037819698453,-0.553491830826,16.636712000000
135,1413393892.755760431290,2,-0.902359306812,-1.339755654335,0.290714263916,0.839400708675,-0.013664093800,0.037868004292,-0.542020201683,15.594517000000
136,1413393892.805760622025,2,-0.922884702682,-1.398864746094,0.277464509010,0.847188234329,-0.012842298485,0.038803491741,-0.529718339443,15.894981000000
137,1413393892.855760335922,2,-0.943303763866,-1.450779914856,0.268085956573,0.853717625141,-0.012894778512,0.039387270808,-0.519084393978,15.765843000000
138,1413393892.905760526657,2,-0.964204430580,-1.497769713402,0.260071039200,0.860018432140,-0.012863310054,0.039076913148,-0.508601844311,15.896864000000
139,1413393892.955760478973,2,-0.985743463039,-1.539079189301,0.253418207169,0.865348756313,-0.012078654952,0.038708727807,-0.499527156353,15.428976000000
140,1413393893.005760431290,2,-1.006325602531,-1.574076175690,0.247415542603,0.869413137436,-0.011167725548,0.039329599589,-0.492391526699,15.459817000000
141,1413393893.055760383606,2,-1.028712749481,-1.602619409561,0.243854284286,0.871526300907,-0.010222827084,0.038933366537,-0.488693803549,16.310965000000
142,1413393893.105760574341,2,-1.051405310631,-1.624116897583,0.241691827774,0.872287154198,-0.009699984454,0.038337893784,-0.487392395735,14.815007000000
143,1413393893.155760288239,2,-1.074411630630,-1.638546228409,0.241689205170,0.870604217052,-0.009446539916,0.037306219339,-0.490476697683,14.741948000000
144,1413393893.205760478973,2,-1.097451090813,-1.646375656128,0.243458032608,0.867488086224,-0.007822240703,0.037500232458,-0.495980829000,15.029537000000
145,1413393893.255760431290,2,-1.120927095413,-1.647821903229,0.246889352798,0.864329040051,-0.007718160283,0.037077590823,-0.501498818398,15.763448000000
146,1413393893.305760622025,2,-1.144764780998,-1.643328309059,0.251964569092,0.861326456070,-0.009944107383,0.034384362400,-0.506789445877,16.597960000000
147,1413393893.355760335922,2,-1.168876171112,-1.633703470230,0.258313894272,0.859665036201,-0.013714233413,0.029890909791,-0.509798586369,15.526574000000
148,1413393893.405760526657,2,-1.192537903786,-1.618546485901,0.265849351883,0.857294619083,-0.017927769572,0.025424987078,-0.513885438442,15.186316000000
149,1413393893.455760478973,2,-1.215824127197,-1.598586797714,0.273662090302,0.855656027794,-0.021758118644,0.020888002589,-0.516665399075,14.788386000000
150,1413393893.505760431290,2,-1.237552046776,-1.565219521523,0.289052009583,0.855299234390,-0.024983968586,0.016326263547,-0.517274022102,15.803187000000
151,1413393893.555760383606,2,-1.259165406227,-1.537034630775,0.296949863434,0.854194641113,-0.027213212103,0.012607525103,-0.519087731838,15.205896000000
152,1413393893.605760574341,2,-1.279590129852,-1.504545450211,0.305095076561,0.852828025818,-0.029426671565,0.008813692257,-0.521287679672,15.489791000000
153,1413393893.655760288239,2,-1.298603773117,-1.468269824982,0.313012242317,0.852859973907,-0.031699825078,0.004617122002,-0.521156191826,15.518738000000
154,1413393893.705760478973,2,-1.315911531448,-1.427637815475,0.321478247643,0.852320373058,-0.034533195198,0.000739417912,-0.521878302097,14.978849000000
155,1413393893.755760431290,2,-1.331190109253,-1.382920622826,0.330766081810,0.850388646126,-0.036683090031,-0.002409514505,-0.524869203568,15.401568000000
156,1413393893.805760622025,2,-1.343963623047,-1.336364030838,0.342051506042,0.848378777504,-0.037467505783,-0.003442526096,-0.528051078320,17.577867000000
157,1413393893.855760335922,2,-1.354842066765,-1.283943653107,0.352930307388,0.843527555466,-0.038163542747,-0.003183709458,-0.535718977451,15.764615000000
158,1413393893.905760526657,2,-1.363633871078,-1.228586196899,0.363827466965,0.838130116463,-0.036631766707,-0.001721662353,-0.544236183167,17.872877000000
159,1413393893.955760478973,2,-1.370441555977,-1.170672774315,0.375150799751,0.831500589848,-0.035433128476,-0.000174278044,-0.554392576218,17.073565000000
160,1413393894.005760431290,2,-1.375158429146,-1.116651535034,0.387565612793,0.826637864113,-0.034913402051,0.001108845929,-0.561649143696,15.531628000000
161,1413393894.055760383606,2,-1.378892064095,-1.056435585022,0.399075984955,0.823376893997,-0.033393263817,0.001895740861,-0.566508531570,16.086966000000
162,1413393894.105760574341,2,-1.381232619286,-0.994965732098,0.411269903183,0.820936620235,-0.033094540238,0.002132380148,-0.570055484772,18.157448000000
163,1413393894.155760288239,2,-1.385884642601,-0.943285942078,0.426111459732,0.819974064827,-0.033313598484,0.001209089300,-0.571429193020,16.082012000000
164,1413393894.205760478973,2,-1.385564208031,-0.880926370621,0.438967525959,0.819527804852,-0.033658809960,-0.000185300189,-0.572050035000,19.462123000000
165,1413393894.255760431290,2,-1.379509568214,-0.810152351856,0.451826274395,0.819155871868,-0.034361626953,-0.000610180607,-0.572540521622,15.561158000000
166,1413393894.305760622025,2,-1.375477194786,-0.746518909931,0.464033365250,0.818873941898,-0.035749301314,-0.002335429192,-0.572854340076,16.715145000000
167,1413393894.355760335922,2,-1.369826912880,-0.682479143143,0.473420441151,0.818464994431,-0.035947009921,-0.002639442682,-0.573424696922,20.884976000000
168,1413393894.405760526657,2,-1.365601539612,-0.616217613220,0.476676464081,0.818411827087,-0.035123351961,-0.001400359906,-0.573556065559,18.586741000000
169,1413393894.455760478973,2,-1.357256531715,-0.550751447678,0.476172149181,0.818114340305,-0.033553689718,0.000269197160,-0.574075877666,19.753140000000
170,1413393894.505760431290,2,-1.349132657051,-0.480835676193,0.470199495554,0.817315578461,-0.032044392079,0.002147147432,-0.575294673443,17.124320000000
171,1413393894.555760383606,2,-1.338137388229,-0.413678646088,0.463308215141,0.816110491753,-0.030391257256,0.005062223878,-0.577073991299,22.112656000000
172,1413393894.605760574341,2,-1.328473806381,-0.349669843912,0.452807575464,0.815642535686,-0.028501190245,0.007710217033,-0.577802300453,17.832231000000
173,1413393894.655760288239,2,-1.315327405930,-0.281799942255,0.443015515804,0.814322710037,-0.026971099898,0.009943652898,-0.579700171947,20.217251000000
174,1413393894.705760478973,2,-1.301306247711,-0.214632958174,0.429868876934,0.813388824463,-0.025827877223,0.011485749856,-0.581033349037,16.929169000000
175,1413393894.755760431290,2,-1.286542177200,-0.147061526775,0.420812368393,0.812574088573,-0.024244423956,0.012311145663,-0.582223415375,18.921784000000
176,1413393894.805760622025,2,-1.270920515060,-0.082390844822,0.408427536488,0.811143219471,-0.024168115109,0.011296380311,-0.584238827229,18.504723000000
177,1413393894.855760335922,2,-1.254807710648,-0.015144705772,0.401246398687,0.810065031052,-0.023571599275,0.011237056926,-0.585758268833,17.387179000000
178,1413393894.905760526657,2,-1.238424420357,0.051878899336,0.395078182220,0.808297038078,-0.022148974240,0.011503034271,-0.588245749474,20.552078000000
179,1413393894.955760478973,2,-1.227970361710,0.119422316551,0.384403288364,0.805033922195,-0.021115947515,0.012822999619,-0.592714250088,16.808731000000
180,1413393895.005760431290,2,-1.210763812065,0.185496807098,0.380252420902,0.801552057266,-0.019957123324,0.013334201649,-0.597443223000,18.454448000000
181,1413393895.055760383606,2,-1.195697426796,0.250095635653,0.375905573368,0.797900736332,-0.019072961062,0.013338305987,-0.602339386940,16.606119000000
182,1413393895.105760574341,2,-1.178086996078,0.314342945814,0.372706770897,0.796924710274,-0.017653565854,0.014257376082,-0.603652358055,18.401123000000
183,1413393895.155760288239,2,-1.159632921219,0.376415252686,0.368460416794,0.797524690628,-0.016417440027,0.015072737820,-0.602874577045,17.502520000000
184,1413393895.205760478973,2,-1.141822338104,0.437968492508,0.366448611021,0.799478948116,-0.015735175461,0.014669615775,-0.600308895111,17.987772000000
185,1413393895.255760431290,2,-1.125884652138,0.495453894138,0.364242345095,0.800566911697,-0.015187853016,0.015349615365,-0.598854124546,16.743646000000
186,1413393895.305760622025,2,-1.108167290688,0.555170416832,0.361957013607,0.800015330315,-0.014715154655,0.015055160969,-0.599610090256,19.352978000000
187,1413393895.355760335922,2,-1.091174483299,0.610364675522,0.355342686176,0.798474192619,-0.014114630409,0.015707435086,-0.601658642292,17.579592000000
188,1413393895.405760526657,2,-1.073571681976,0.667314529419,0.349655508995,0.796540558338,-0.014218626544,0.015679476783,-0.604214549065,22.099017000000
189,1413393895.455760478973,2,-1.058589935303,0.722299516201,0.341744661331,0.795861124992,-0.014030467719,0.017069172114,-0.605076014996,16.031714000000
190,1413393895.505760431290,2,-1.040621161461,0.776165664196,0.331485033035,0.794724643230,-0.015736805275,0.018381038681,-0.606487751007,17.881278000000
191,1413393895.555760383606,2,-1.022009372711,0.828960478306,0.319069147110,0.795191764832,-0.019212683663,0.020400565118,-0.605710208416,17.452809000000
192,1413393895.605760574341,2,-1.003645658493,0.880173981190,0.308656275272,0.795215249062,-0.024444192648,0.021916842088,-0.605437695980,16.973733000000
193,1413393895.655760288239,2,-0.984851419926,0.929959297180,0.299234271049,0.795261025429,-0.028881667182,0.026815999299,-0.604984939098,19.947716000000
194,1413393895.705760478973,2,-0.965915024281,0.979774415493,0.291072726250,0.792667448521,-0.033741336316,0.033739402890,-0.607784211636,15.900613000000
195,1413393895.755760431290,2,-0.946660876274,1.027054548264,0.284134626389,0.791206657887,-0.040899343789,0.039530977607,-0.608897924423,17.510723000000
196,1413393895.805760622025,2,-0.927147269249,1.077177762985,0.278547763824,0.788803577423,-0.049396593124,0.046395398676,-0.610898017883,15.732213000000
197,1413393895.855760335922,2,-0.907190740108,1.122538566589,0.274327635765,0.787072956562,-0.059469353408,0.054648522288,-0.611549794674,17.178417000000
198,1413393895.905760526657,2,-0.887166857719,1.167945146561,0.270840525627,0.785704076290,-0.070524670184,0.065134108067,-0.611107945442,16.119317000000
199,1413393895.955760478973,2,-0.867484092712,1.207833528519,0.268219828606,0.784496307373,-0.084494896233,0.074171148241,-0.609856486320,16.908768000000
200,1413393896.005760431290,2,-0.846328735352,1.251212954521,0.262631297112,0.784246027470,-0.097497798502,0.087146647274,-0.606512844563,16.878754000000
201,1413393896.055760383606,2,-0.827089786530,1.287423610687,0.259461283684,0.782797634602,-0.112663619220,0.099992364645,-0.603768467903,15.623952000000
202,1413393896.105760574341,2,-0.810204505920,1.321719646454,0.257204771042,0.780185639858,-0.128393813968,0.115400195122,-0.601255595684,14.829227000000
203,1413393896.155760288239,2,-0.792480766773,1.354961156845,0.255972027779,0.776437819004,-0.144920289516,0.128171309829,-0.599762201309,18.538264000000
204,1413393896.205760478973,2,-0.774616003036,1.395517706871,0.256381869316,0.771732866764,-0.160613283515,0.142829298973,-0.598524570465,14.950365000000
205,1413393896.255760431290,2,-0.758040249348,1.425764441490,0.256795763969,0.763955295086,-0.176354870200,0.158520460129,-0.600118875504,15.440069000000
206,1413393896.305760622025,2,-0.742261826992,1.457844018936,0.255481719971,0.756716787815,-0.191814318299,0.173472866416,-0.600411772728,15.305865000000
207,1413393896.355760335922,2,-0.728667140007,1.483812332153,0.256861329079,0.748845040798,-0.208009287715,0.187990605831,-0.600518822670,17.312743000000
208,1413393896.405760526657,2,-0.716100990772,1.510207414627,0.260813832283,0.740277409554,-0.226745426655,0.199691608548,-0.600582420826,15.016190000000
209,1413393896.455760478973,2,-0.707123756409,1.530572175980,0.265952825546,0.731005728245,-0.249127879739,0.205715432763,-0.601038455963,17.247623000000
210,1413393896.505760431290,2,-0.701975703239,1.547761678696,0.272913932800,0.724165737629,-0.271584331989,0.211527436972,-0.597563564777,14.860496000000
211,1413393896.555760383606,2,-0.697011888027,1.560470104218,0.279563069344,0.718245089054,-0.295929372311,0.215163931251,-0.591822981834,15.960550000000
212,1413393896.605760574341,2,-0.692587375641,1.570472359657,0.286048650742,0.713314712048,-0.318813443184,0.219533890486,-0.584247469902,17.467501000000
213,1413393896.655760288239,2,-0.688045740128,1.589718103409,0.291597962379,0.708818435669,-0.340473860502,0.224586799741,-0.575512588024,15.372345000000
214,1413393896.705760478973,2,-0.683360040188,1.595144271851,0.299159049988,0.702853441238,-0.362456321716,0.228173181415,-0.567943215370,16.952065000000
215,1413393896.755760431290,2,-0.678157091141,1.597795963287,0.307339847088,0.696479201317,-0.384366750717,0.230511426926,-0.560395777225,16.194808000000
216,1413393896.805760622025,2,-0.672069966793,1.597597599030,0.316292405128,0.689388155937,-0.405081927776,0.232935205102,-0.553528606892,15.931761000000
217,1413393896.855760335922,2,-0.665144026279,1.594714760780,0.324948012829,0.683246016502,-0.425923764706,0.234295159578,-0.544857382774,16.186689000000
218,1413393896.905760526657,2,-0.656538367271,1.587934732437,0.333366453648,0.678356826305,-0.446571469307,0.235569790006,-0.533772289753,17.616515000000
219,1413393896.955760478973,2,-0.633643984795,1.606984615326,0.343158304691,0.676312923431,-0.464983850718,0.239288821816,-0.518779098988,15.704651000000
220,1413393897.005760431290,2,-0.619041562080,1.594138860703,0.348566412926,0.679103553295,-0.478924900293,0.243844896555,-0.499989092350,15.582864000000
221,1413393897.055760383606,2,-0.601447939873,1.578778982162,0.351299881935,0.686415672302,-0.487513929605,0.252175390720,-0.477044463158,16.129795000000
222,1413393897.105760574341,2,-0.579946279526,1.562936067581,0.352594763041,0.693988263607,-0.489912450314,0.265219092369,-0.456097483635,17.303342000000
223,1413393897.155760288239,2,-0.557108640671,1.563922762871,0.356390893459,0.700052738190,-0.488380134106,0.282310038805,-0.437849521637,16.387030000000
224,1413393897.205760478973,2,-0.527285218239,1.548949837685,0.355740934610,0.704206943512,-0.481543958187,0.302065521479,-0.425399094820,15.270584000000
225,1413393897.255760431290,2,-0.494080424309,1.535997271538,0.355404675007,0.705525219440,-0.470153123140,0.324865639210,-0.419109284878,16.195335000000
226,1413393897.305760622025,2,-0.461956381798,1.542792677879,0.357841402292,0.704536318779,-0.455576330423,0.349055767059,-0.417419344187,15.277294000000
227,1413393897.355760335922,2,-0.425971865654,1.538151860237,0.359512686729,0.701002836227,-0.444052457809,0.367231637239,-0.420182585716,15.293659000000
228,1413393897.405760526657,2,-0.390074372292,1.552046895027,0.357284188271,0.695419311523,-0.438927024603,0.376859366894,-0.426277041435,14.643167000000
229,1413393897.455760478973,2,-0.354996919632,1.561704874039,0.363584876060,0.688866078854,-0.438711106777,0.378573507071,-0.435520738363,17.217957000000
230,1413393897.505760431290,2,-0.320111513138,1.571858048439,0.366491675377,0.682599604130,-0.440374553204,0.376441776752,-0.445443153381,15.537613000000
231,1413393897.555760383606,2,-0.286010146141,1.584753632545,0.369119524956,0.677957952023,-0.442003816366,0.373559981585,-0.453275471926,16.510396000000
232,1413393897.605760574341,2,-0.253047227859,1.599906086922,0.371333718300,0.675512135029,-0.445276796818,0.368311554193,-0.457994103432,19.479813000000
233,1413393897.655760288239,2,-0.220934629440,1.622119188309,0.375022470951,0.674802899361,-0.447315037251,0.364436954260,-0.460147827864,15.708595000000
234,1413393897.705760478973,2,-0.189349055290,1.641353845596,0.377247214317,0.675290584564,-0.448542892933,0.360543489456,-0.461302816868,15.910902000000
235,1413393897.755760431290,2,-0.157760262489,1.661964774132,0.380206465721,0.675990939140,-0.448728233576,0.358834624290,-0.461429357529,16.298945000000
236,1413393897.805760622025,2,-0.117350459099,1.691078662872,0.392346978188,0.677854597569,-0.447454333305,0.358120739460,-0.460485994816,15.994867000000
237,1413393897.855760335922,2,-0.085110545158,1.714612603188,0.396627068520,0.678283989429,-0.446590781212,0.359746843576,-0.459423363209,17.818055000000
238,1413393897.905760526657,2,-0.055877923965,1.741134285927,0.406069397926,0.678510785103,-0.446973264217,0.362306356430,-0.456696957350,15.930058000000
239,1413393897.955760478973,2,-0.023465991020,1.767180323601,0.411408424377,0.677860140800,-0.447525143623,0.367868691683,-0.452658385038,19.594218000000
240,1413393898.005760431290,2,0.008300662041,1.795965790749,0.419363856316,0.675930917263,-0.449006080627,0.375803083181,-0.447530001402,16.217120000000
241,1413393898.055760383606,2,0.040266752243,1.825268983841,0.425284743309,0.672175645828,-0.451144158840,0.386414915323,-0.441964328289,16.459772000000
242,1413393898.105760574341,2,0.068151712418,1.859070062637,0.436782956123,0.664375543594,-0.452718824148,0.399704307318,-0.440326392651,16.426006000000
243,1413393898.155760288239,2,0.097912907600,1.893240451813,0.446043133736,0.651413619518,-0.455600112677,0.413094729185,-0.444343954325,17.644094000000
244,1413393898.205760478973,2,0.121781468391,1.933372735977,0.459226012230,0.634890317917,-0.460274904966,0.425535291433,-0.451642632484,14.421123000000
245,1413393898.255760431290,2,0.144616961479,1.975263595581,0.473422527313,0.616303563118,-0.463926911354,0.437529563904,-0.462071061134,15.126386000000
246,1413393898.305760622025,2,0.164557933807,2.016058683395,0.486834406853,0.598071396351,-0.467662721872,0.446300446987,-0.473727881908,17.500981000000
247,1413393898.355760335922,2,0.179973363876,2.058279752731,0.500821590424,0.578619062901,-0.472432166338,0.451366454363,-0.488135457039,17.696399000000
248,1413393898.405760526657,2,0.196940898895,2.103199481964,0.518885374069,0.559508800507,-0.475465059280,0.455639183521,-0.503265142441,15.934290000000
249,1413393898.455760478973,2,0.201134920120,2.145812273026,0.533887743950,0.540349245071,-0.477728545666,0.457357317209,-0.520213901997,15.565393000000
250,1413393898.505760431290,2,0.199275493622,2.187077760696,0.548372268677,0.526287496090,-0.482867509127,0.454692751169,-0.532085597515,14.317082000000
251,1413393898.555760383606,2,0.184270381927,2.223969221115,0.556007504463,0.522877573967,-0.495848327875,0.439974278212,-0.535869598389,14.430464000000
252,1413393898.605760574341,2,0.168587923050,2.260452747345,0.558853149414,0.530707538128,-0.512187540531,0.422287255526,-0.526960015297,14.522910000000
253,1413393898.655760288239,2,0.147526979446,2.293684005737,0.559309482574,0.540886938572,-0.530393600464,0.401655435562,-0.514584183693,16.783601000000
254,1413393898.705760478973,2,0.108613967896,2.319474697113,0.553517699242,0.554494619370,-0.547605752945,0.381926923990,-0.496785223484,15.007083000000
255,1413393898.755760431290,2,0.079838991165,2.345557212830,0.548129558563,0.569312036037,-0.565165162086,0.360501646996,-0.475931584835,17.349649000000
256,1413393898.805760622025,2,0.047278165817,2.367671489716,0.540943622589,0.585300147533,-0.582025587559,0.339329838753,-0.451137810946,15.649578000000
257,1413393898.855760335922,2,0.019773721695,2.386185407639,0.535075604916,0.600042879581,-0.596813738346,0.319904446602,-0.425937861204,17.396932000000
258,1413393898.905760526657,2,0.008153438568,2.408837795258,0.530619263649,0.611155331135,-0.609006881714,0.304653614759,-0.403467506170,15.751869000000
259,1413393898.955760478973,2,-0.008602380753,2.420890569687,0.529392004013,0.621732413769,-0.617300868034,0.293937712908,-0.382085114717,18.790598000000
260,1413393899.005760431290,2,-0.018408775330,2.430747270584,0.530821800232,0.631824553013,-0.621931374073,0.288330644369,-0.361752212048,15.115776000000
261,1413393899.055760383606,2,-0.018058061600,2.437131881714,0.534309625626,0.640325427055,-0.619736433029,0.293642252684,-0.345954418182,17.066503000000
262,1413393899.105760574341,2,-0.005903959274,2.444564104080,0.544010460377,0.645862936974,-0.610341906548,0.309791386127,-0.338190972805,17.394040000000
263,1413393899.155760288239,2,0.015770435333,2.449730157852,0.556892395020,0.643466949463,-0.594733715057,0.336502164602,-0.344976097345,16.291640000000
264,1413393899.205760478973,2,0.045474529266,2.456137180328,0.574272274971,0.632921457291,-0.575207650661,0.369216471910,-0.363628804684,16.597078000000
265,1413393899.255760431290,2,0.078298330307,2.464354515076,0.589370608330,0.616632580757,-0.553568243980,0.401636868715,-0.389890134335,15.303851000000
266,1413393899.305760622025,2,0.112654685974,2.474516868591,0.611380696297,0.594542384148,-0.531757831573,0.431669533253,-0.421205937862,17.962161000000
267,1413393899.355760335922,2,0.139021635056,2.484864950180,0.637849688530,0.572141468525,-0.511662244797,0.455855160952,-0.450612872839,14.933587000000
268,1413393899.405760526657,2,0.166139364243,2.497568130493,0.660030841827,0.551622331142,-0.494764000177,0.472875893116,-0.476770222187,17.192552000000
269,1413393899.455760478973,2,0.187137842178,2.513784408569,0.685149073601,0.533625602722,-0.481355160475,0.484566003084,-0.498735308647,12.782220000000
270,1413393899.505760431290,2,0.199655294418,2.527640819550,0.708150982857,0.514228761196,-0.469907343388,0.491108983755,-0.523037254810,13.766982000000
271,1413393899.555760383606,2,0.195798397064,2.533990621567,0.734759211540,0.498127400875,-0.460605472326,0.493655532598,-0.544073581696,10.864764000000
272,1413393899.605760574341,2,0.187529802322,2.543590068817,0.758475780487,0.486325412989,-0.456509888172,0.491033077240,-0.560332834721,12.984928000000
273,1413393899.655760288239,2,0.170322179794,2.552606105804,0.775484323502,0.482647359371,-0.459465235472,0.480459541082,-0.570177137852,13.582846000000
274,1413393899.705760478973,2,0.142933130264,2.558828353882,0.788752794266,0.488563239574,-0.468823909760,0.463703393936,-0.571392416954,12.686381000000
275,1413393899.755760431290,2,0.106480121613,2.561717987061,0.798222303391,0.503721177578,-0.486918300390,0.438939839602,-0.562589943409,14.274728000000
276,1413393899.805760622025,2,0.062263965607,2.560648918152,0.806074023247,0.521525144577,-0.506689250469,0.412408262491,-0.548814237118,13.046808000000
277,1413393899.855760335922,2,0.011887788773,2.555499315262,0.811941742897,0.541008412838,-0.529278099537,0.381298303604,-0.530835390091,14.073305000000
278,1413393899.905760526657,2,-0.052051305771,2.553950786591,0.813242673874,0.561865448952,-0.552389085293,0.349117934704,-0.507237792015,13.232467000000
279,1413393899.955760478973,2,-0.119982719421,2.542060852051,0.820092260838,0.582813382149,-0.575246453285,0.316403329372,-0.478862226009,17.776571000000
280,1413393900.005760431290,2,-0.174564599991,2.523860931396,0.821911454201,0.598845481873,-0.594244480133,0.289786428213,-0.451975107193,15.080558000000
281,1413393900.055760383606,2,-0.224797248840,2.500975131989,0.823601484299,0.610304594040,-0.608367621899,0.271560221910,-0.428569972515,15.780528000000
282,1413393900.105760574341,2,-0.268617630005,2.473695278168,0.824782133102,0.618889808655,-0.618017971516,0.261199891567,-0.408416271210,18.759195000000
283,1413393900.155760288239,2,-0.305516958237,2.429254293442,0.814675569534,0.627257764339,-0.622045159340,0.259886115789,-0.389957427979,17.152600000000
284,1413393900.205760478973,2,-0.333563804626,2.394368886948,0.812645256519,0.635099649429,-0.623244583607,0.262789845467,-0.373036444187,17.768154000000
285,1413393900.255760431290,2,-0.336824178696,2.363878488541,0.803705334663,0.643091022968,-0.619595706463,0.272911161184,-0.357847243547,17.043340000000
286,1413393900.305760622025,2,-0.346843957901,2.324546337128,0.799616932869,0.650366127491,-0.611068010330,0.289545655251,-0.346097052097,17.798452000000
287,1413393900.355760335922,2,-0.353163957596,2.284974575043,0.799847364426,0.654716730118,-0.599506855011,0.309849858284,-0.340485990047,16.290468000000
288,1413393900.405760526657,2,-0.345417261124,2.247223377228,0.795986771584,0.653231084347,-0.585273623466,0.334947139025,-0.344317287207,18.313450000000
289,1413393900.455760478973,2,-0.331002950668,2.217179298401,0.784544825554,0.647602736950,-0.570598244667,0.360928297043,-0.353212714195,15.184974000000
290,1413393900.505760431290,2,-0.313415050507,2.184450864792,0.778904199600,0.637953698635,-0.555352687836,0.385829716921,-0.368420898914,15.946508000000
291,1413393900.555760383606,2,-0.296810388565,2.159795284271,0.771383702755,0.624665796757,-0.539466202259,0.410501778126,-0.387630164623,17.855998000000
292,1413393900.605760574341,2,-0.275891065598,2.132065296173,0.762756347656,0.607163667679,-0.522299885750,0.434700369835,-0.411814063787,16.572360000000
293,1413393900.655760288239,2,-0.256271123886,2.098628044128,0.753461599350,0.588546872139,-0.506291925907,0.455495774746,-0.435665845871,14.613367000000
294,1413393900.705760478973,2,-0.240316629410,2.074661731720,0.740665435791,0.569209992886,-0.492054045200,0.472120702267,-0.459330946207,18.092082000000
295,1413393900.755760431290,2,-0.229135513306,2.051498889923,0.726129829884,0.553367137909,-0.481389701366,0.482103496790,-0.479192167521,14.645792000000
296,1413393900.805760622025,2,-0.225522279739,2.030231237411,0.709667086601,0.540606200695,-0.476447790861,0.485570222139,-0.494938492775,14.438025000000
297,1413393900.855760335922,2,-0.229687213898,2.009660720825,0.692550897598,0.532865762711,-0.478121310472,0.481298238039,-0.505772888660,14.566643000000
298,1413393900.905760526657,2,-0.241625785828,1.989058494568,0.674712479115,0.532091259956,-0.485724568367,0.470640838146,-0.509360253811,17.258817000000
299,1413393900.955760478973,2,-0.254428148270,1.964633464813,0.651593625546,0.537456810474,-0.499514251947,0.452189594507,-0.507099926472,14.189382000000
300,1413393901.005760431290,2,-0.279779195786,1.942535877228,0.633758366108,0.545278251171,-0.515842258930,0.431047528982,-0.500775873661,17.028672000000
301,1413393901.055760383606,2,-0.313871860504,1.917249679565,0.623797059059,0.555268108845,-0.532665193081,0.408134132624,-0.491295933723,13.556101000000
302,1413393901.105760574341,2,-0.347934484482,1.890944838524,0.607174515724,0.570436418056,-0.546748459339,0.389900982380,-0.472911894321,15.673317000000
303,1413393901.155760288239,2,-0.382765650749,1.867993474007,0.587350785732,0.587639331818,-0.560385644436,0.372516632080,-0.449309915304,14.472575000000
304,1413393901.205760478973,2,-0.417996406555,1.837716579437,0.572118282318,0.605756103992,-0.568599462509,0.361162334681,-0.423457324505,16.105016000000
305,1413393901.255760431290,2,-0.454581379890,1.803729534149,0.560350060463,0.621109843254,-0.573558151722,0.353361964226,-0.400486022234,15.457946000000
306,1413393901.305760622025,2,-0.483484148979,1.772396564484,0.549531459808,0.633086442947,-0.577223837376,0.347821831703,-0.380833506584,20.349777000000
307,1413393901.355760335922,2,-0.512554764748,1.750770807266,0.538685381413,0.640617132187,-0.579869925976,0.345113724470,-0.366411119699,15.812896000000
308,1413393901.405760526657,2,-0.531175374985,1.721231102943,0.531753540039,0.646905899048,-0.581928551197,0.341805636883,-0.355022370815,17.860233000000
309,1413393901.455760478973,2,-0.543015718460,1.689191818237,0.526114344597,0.651644051075,-0.584291934967,0.338509172201,-0.345506131649,16.050326000000
310,1413393901.505760431290,2,-0.548924326897,1.662784814835,0.521377205849,0.655860126019,-0.584360837936,0.338366925716,-0.337457805872,17.541215000000
311,1413393901.555760383606,2,-0.547824144363,1.638293385506,0.517655372620,0.659593760967,-0.583221435547,0.339590758085,-0.330857783556,23.950024000000
312,1413393901.605760574341,2,-0.529001235962,1.620850801468,0.514252662659,0.662211477757,-0.579572856426,0.344449579716,-0.326995164156,16.612581000000
313,1413393901.655760288239,2,-0.512045145035,1.601499438286,0.514421820641,0.662434279919,-0.570781528950,0.357052028179,-0.328486114740,15.784017000000
314,1413393901.705760478973,2,-0.487819671631,1.585722923279,0.517116487026,0.658769607544,-0.558247208595,0.374965906143,-0.337317824364,18.825664000000
315,1413393901.755760431290,2,-0.458248019218,1.573696255684,0.521663427353,0.652184784412,-0.545889437199,0.393074929714,-0.349502414465,17.435930000000
316,1413393901.805760622025,2,-0.422587513924,1.568570375443,0.522874295712,0.642061769962,-0.535529077053,0.408411264420,-0.366286218166,14.655461000000
317,1413393901.855760335922,2,-0.388233780861,1.564017772675,0.527899503708,0.632070839405,-0.529785215855,0.417788863182,-0.381138652563,21.635676000000
318,1413393901.905760526657,2,-0.350804924965,1.560075998306,0.532958209515,0.624595999718,-0.529060542583,0.420111268759,-0.391767054796,15.269830000000
319,1413393901.955760478973,2,-0.315815091133,1.560932874680,0.536017119884,0.620121121407,-0.530489563942,0.419756501913,-0.397284626961,16.538721000000
320,1413393902.005760431290,2,-0.280580282211,1.564172506332,0.539016485214,0.617577850819,-0.532324016094,0.418529391289,-0.400077372789,17.788200000000
321,1413393902.055760383606,2,-0.244495153427,1.570132732391,0.543444454670,0.616124212742,-0.534582018852,0.416864186525,-0.401045352221,16.181955000000
322,1413393902.105760574341,2,-0.208642959595,1.577423095703,0.547154545784,0.615792512894,-0.535880982876,0.416136443615,-0.400576591492,15.188180000000
323,1413393902.155760288239,2,-0.172405481339,1.586691379547,0.551425039768,0.615258574486,-0.535287797451,0.417292267084,-0.400987625122,17.634473000000
324,1413393902.205760478973,2,-0.136253595352,1.597778558731,0.555564820766,0.615659773350,-0.535260856152,0.417642861605,-0.400041610003,15.643387000000
325,1413393902.255760431290,2,-0.099763393402,1.610803604126,0.560331285000,0.615310251713,-0.534947931767,0.418774276972,-0.399815261364,16.822448000000
326,1413393902.305760622025,2,-0.063068270683,1.625863790512,0.564891755581,0.615358829498,-0.534941017628,0.419153779745,-0.399351805449,17.160678000000
327,1413393902.355760335922,2,-0.022039055824,1.641702771187,0.572742342949,0.615958690643,-0.534413635731,0.419565886259,-0.398699849844,16.243167000000
328,1413393902.405760526657,2,0.015773177147,1.660275101662,0.574852108955,0.614884674549,-0.533447504044,0.421356827021,-0.399761289358,15.839700000000
329,1413393902.455760478973,2,0.053319096565,1.680596590042,0.575140118599,0.613758265972,-0.531769514084,0.423695981503,-0.401252806187,21.138607000000
330,1413393902.505760431290,2,0.092437982559,1.703344941139,0.570451259613,0.611638009548,-0.529881536961,0.426514446735,-0.403992533684,16.357593000000
331,1413393902.555760383606,2,0.128833293915,1.727654099464,0.569517552853,0.610941290855,-0.529584407806,0.427199363708,-0.404711931944,17.234498000000
332,1413393902.605760574341,2,0.162505030632,1.750257730484,0.575038313866,0.610809624195,-0.529997885227,0.426932632923,-0.404651045799,16.220443000000
333,1413393902.655760288239,2,0.197966098785,1.778624415398,0.578872263432,0.611148774624,-0.530964434147,0.426224112511,-0.403617471457,19.276778000000
334,1413393902.705760478973,2,0.233692884445,1.809151887894,0.586673200130,0.611300349236,-0.531661331654,0.425784707069,-0.402933597565,17.173963000000
335,1413393902.755760431290,2,0.270224928856,1.839482069016,0.591494381428,0.611241102219,-0.533062160015,0.423976659775,-0.403079181910,15.979497000000
336,1413393902.805760622025,2,0.304586410522,1.874231100082,0.605297863483,0.610031366348,-0.538382411003,0.417652606964,-0.404440820217,18.255372000000
337,1413393902.855760335922,2,0.339928388596,1.903731942177,0.621510088444,0.608327150345,-0.545278847218,0.408673912287,-0.406933426857,15.242971000000
338,1413393902.905760526657,2,0.374666690826,1.941372752190,0.638370394707,0.606700122356,-0.555471360683,0.395228862762,-0.408853113651,16.209412000000
339,1413393902.955760478973,2,0.410414695740,1.978889703751,0.655323863029,0.605542719364,-0.565010368824,0.382661700249,-0.409452617168,18.303652000000
340,1413393903.005760431290,2,0.451308012009,2.015010118484,0.668706178665,0.603992462158,-0.573141217232,0.371299415827,-0.410900354385,16.511438000000
341,1413393903.055760383606,2,0.490725040436,2.050694465637,0.686030268669,0.601593315601,-0.579101443291,0.363769024611,-0.412794351578,17.042405000000
342,1413393903.105760574341,2,0.531095027924,2.079601526260,0.702102065086,0.600388586521,-0.579638957977,0.363937765360,-0.413644164801,16.285309000000
343,1413393903.155760288239,2,0.574958086014,2.111560821533,0.720135807991,0.598351240158,-0.576295018196,0.369509249926,-0.416320532560,18.479465000000
344,1413393903.205760478973,2,0.620978355408,2.133540868759,0.740010976791,0.597507119179,-0.571817219257,0.376941382885,-0.417043954134,16.829310000000
345,1413393903.255760431290,2,0.668238162994,2.162549018860,0.756608605385,0.595437169075,-0.568080961704,0.384969919920,-0.417776137590,24.021162000000
346,1413393903.305760622025,2,0.716885089874,2.197563648224,0.769052147865,0.592279136181,-0.565840780735,0.393036156893,-0.417794466019,16.772329000000
347,1413393903.355760335922,2,0.765872478485,2.223844289780,0.782991290092,0.588769972324,-0.566693723202,0.400530099869,-0.414468050003,23.523944000000
348,1413393903.405760526657,2,0.815851449966,2.249098300934,0.794356226921,0.581939041615,-0.570757806301,0.408015310764,-0.411225020885,17.088622000000
349,1413393903.455760478973,2,0.865160942078,2.269783973694,0.804662823677,0.572954118252,-0.577807068825,0.414123952389,-0.407877504826,16.560733000000
350,1413393903.505760431290,2,0.915306806564,2.293481349945,0.806551218033,0.561456859112,-0.587102472782,0.419508218765,-0.405079990625,17.823152000000
351,1413393903.555760383606,2,0.962370157242,2.315194845200,0.801493644714,0.548427224159,-0.596695899963,0.425402522087,-0.402758508921,16.536858000000
352,1413393903.605760574341,2,1.011432647705,2.337513208389,0.796523213387,0.532602071762,-0.604777991772,0.432611674070,-0.404259592295,16.236958000000
353,1413393903.655760288239,2,1.059312820435,2.358675718307,0.791458249092,0.516283988953,-0.611960411072,0.440340936184,-0.406269788742,17.223823000000
354,1413393903.705760478973,2,1.100958108902,2.375124931335,0.790146112442,0.501426279545,-0.619667351246,0.446352779865,-0.406636685133,16.386613000000
355,1413393903.755760431290,2,1.145938873291,2.393365383148,0.785763382912,0.487645417452,-0.626811742783,0.451794803143,-0.406436383724,17.580720000000
356,1413393903.805760622025,2,1.188006639481,2.412128210068,0.778485059738,0.476351767778,-0.635055541992,0.453437149525,-0.405201494694,15.443950000000
357,1413393903.855760335922,2,1.228643655777,2.426529169083,0.775314927101,0.466604858637,-0.644020259380,0.451723188162,-0.404306918383,17.452885000000
358,1413393903.905760526657,2,1.267127275467,2.439600706100,0.772892832756,0.458242088556,-0.652213394642,0.449000030756,-0.403770834208,15.992071000000
359,1413393903.955760478973,2,1.303662300110,2.448896646500,0.772160410881,0.450630247593,-0.659132957458,0.446530818939,-0.403839498758,16.188292000000
360,1413393904.005760431290,2,1.338103055954,2.455031871796,0.772560000420,0.444855451584,-0.663948655128,0.445675432682,-0.403298050165,16.800568000000
361,1413393904.055760383606,2,1.370299100876,2.457492828369,0.774953603745,0.442268759012,-0.667775571346,0.445062696934,-0.400491505861,14.859937000000
362,1413393904.105760574341,2,1.400868415833,2.457558393478,0.772173881531,0.440950185061,-0.668787419796,0.447713911533,-0.397288978100,16.518984000000
363,1413393904.155760288239,2,1.429016828537,2.462614059448,0.767564415932,0.443234384060,-0.669336259365,0.449817776680,-0.391403019428,16.119420000000
364,1413393904.205760478973,2,1.455247640610,2.457151174545,0.759866237640,0.446398109198,-0.669529080391,0.451885640621,-0.385044038296,18.330072000000
365,1413393904.255760431290,2,1.478855371475,2.452801227570,0.755257964134,0.450126588345,-0.669519603252,0.453607380390,-0.378642171621,16.267796000000
366,1413393904.305760622025,2,1.501829385757,2.442184448242,0.751847982407,0.452605247498,-0.668079078197,0.456760168076,-0.374418199062,21.133508000000
367,1413393904.355760335922,2,1.522824764252,2.424900054932,0.759608745575,0.453738123178,-0.666901826859,0.458946019411,-0.372467726469,15.212493000000
368,1413393904.405760526657,2,1.543034315109,2.409430027008,0.765566468239,0.453699767590,-0.666870415211,0.460496932268,-0.370652079582,16.421612000000
369,1413393904.455760478973,2,1.563410043716,2.391148805618,0.775950431824,0.452155709267,-0.667694568634,0.462486356497,-0.368572354317,16.970407000000
370,1413393904.505760431290,2,1.599792242050,2.387960672379,0.794594764709,0.450156152248,-0.669253170490,0.464848250151,-0.365206480026,15.691198000000
371,1413393904.555760383606,2,1.619841337204,2.364393711090,0.812764406204,0.448035001755,-0.670495033264,0.470003724098,-0.358883947134,16.980133000000
372,1413393904.605760574341,2,1.638734817505,2.340614318848,0.832073092461,0.450302928686,-0.673759818077,0.474385827780,-0.343850433826,14.398758000000
373,1413393904.655760288239,2,1.656387567520,2.313568353653,0.845816612244,0.454932689667,-0.678854882717,0.477242469788,-0.323159337044,16.242785000000
374,1413393904.705760478973,2,1.673302888870,2.292667865753,0.844303905964,0.457973688841,-0.685124516487,0.479241997004,-0.301979720592,15.516254000000
375,1413393904.755760431290,2,1.690788745880,2.264926671982,0.853055417538,0.458185344934,-0.693174481392,0.479429870844,-0.282351464033,15.735653000000
376,1413393904.805760622025,2,1.300464630127,0.397643923759,1.746879100800,0.488772332668,-0.681645870209,0.462676852942,-0.287037670612,14.670963000000
377,1413393904.855760335922,2,1.324943780899,0.372788548470,1.752899527550,0.484115988016,-0.688205540180,0.466298073530,-0.273077011108,16.438687000000
378,1413393904.905760526657,2,1.347998380661,0.344490289688,1.755803704262,0.476239293814,-0.692969202995,0.473073631525,-0.263042360544,14.455919000000
379,1413393904.955760478973,2,1.378463864326,0.320668220520,1.759805679321,0.465240716934,-0.694634616375,0.484652757645,-0.257187962532,14.436002000000
380,1413393905.005760431290,2,1.412194371223,0.297452092171,1.762476682663,0.451124548912,-0.695081055164,0.498436361551,-0.254774808884,15.027952000000
381,1413393905.055760383606,2,1.447897553444,0.275382399559,1.762822866440,0.436834901571,-0.695446252823,0.511814832687,-0.252141773701,18.365562000000
382,1413393905.105760574341,2,1.489370584488,0.255906224251,1.762198925018,0.422788619995,-0.696962773800,0.523109257221,-0.248695403337,15.113924000000
383,1413393905.155760288239,2,1.526307702065,0.237129926682,1.755348086357,0.408024430275,-0.699957311153,0.532393157482,-0.245220974088,15.036053000000
384,1413393905.205760478973,2,1.563628315926,0.220198273659,1.744930028915,0.392616301775,-0.704745531082,0.538688302040,-0.242901459336,17.595734000000
385,1413393905.255760431290,2,1.602159500122,0.208307623863,1.730978965759,0.377163052559,-0.710007905960,0.544003844261,-0.240201249719,14.781109000000
386,1413393905.305760622025,2,1.639363646507,0.194632053375,1.717027544975,0.361187428236,-0.716241240501,0.547789931297,-0.237630918622,16.084231000000
387,1413393905.355760335922,2,1.676188826561,0.182479739189,1.703480720520,0.346021324396,-0.722716867924,0.550524950027,-0.234247565269,17.463863000000
388,1413393905.405760526657,2,1.709423184395,0.174044013023,1.695207118988,0.332414835691,-0.728936493397,0.552881121635,-0.229073062539,15.103929000000
389,1413393905.455760478973,2,1.744935393333,0.164245009422,1.683444738388,0.318328619003,-0.734788775444,0.555557847023,-0.223848104477,15.702942000000
390,1413393905.505760431290,2,1.779452085495,0.155409216881,1.672642111778,0.304856806993,-0.741008400917,0.557305395603,-0.217668667436,20.350696000000
391,1413393905.555760383606,2,1.812883496284,0.147631645203,1.662888765335,0.289535671473,-0.748476982117,0.557088851929,-0.213549420238,17.642603000000
392,1413393905.605760574341,2,1.843007564545,0.138903737068,1.663388848305,0.273479700089,-0.757375240326,0.554512977600,-0.210016727448,16.020748000000
393,1413393905.655760288239,2,1.873995780945,0.131667137146,1.655142784119,0.256937712431,-0.764853000641,0.553447723389,-0.206587985158,15.463724000000
394,1413393905.705760478973,2,1.903285145760,0.124148726463,1.648041248322,0.239975035191,-0.771134376526,0.553419828415,-0.203691899776,17.877986000000
395,1413393905.755760431290,2,1.930538892746,0.115941047668,1.642442464828,0.222268924117,-0.776318967342,0.554475605488,-0.201202124357,16.805554000000
396,1413393905.805760622025,2,1.951952934265,0.102978110313,1.649762868881,0.205314725637,-0.782280743122,0.553325355053,-0.199283331633,16.003427000000
397,1413393905.855760335922,2,1.974529266357,0.093689084053,1.646175861359,0.188706606627,-0.790226697922,0.548570036888,-0.197490468621,16.054517000000
398,1413393905.905760526657,2,1.994442224503,0.082669377327,1.643095493317,0.174061343074,-0.799077808857,0.541864991188,-0.193803429604,15.605426000000
399,1413393905.955760478973,2,2.011370897293,0.069439172745,1.640808701515,0.161610677838,-0.808082759380,0.534393250942,-0.187904492021,16.124007000000
400,1413393906.005760431290,2,2.025444746017,0.052987098694,1.640169501305,0.150459513068,-0.814938426018,0.529876828194,-0.180188581347,19.657932000000
401,1413393906.055760383606,2,2.044321298599,0.019954919815,1.647985935211,0.145261794329,-0.820083081722,0.528255581856,-0.165253847837,15.989031000000
402,1413393906.105760574341,2,2.053075551987,-0.004265189171,1.649304389954,0.143457233906,-0.821595132351,0.531867146492,-0.146693035960,17.768835000000
403,1413393906.155760288239,2,2.060123443604,-0.031148195267,1.650733709335,0.142000019550,-0.820056676865,0.539162397385,-0.129023045301,15.484492000000
404,1413393906.205760478973,2,2.066165208817,-0.059936165810,1.650615930557,0.141316741705,-0.815767943859,0.549719095230,-0.111180953681,15.892179000000
405,1413393906.255760431290,2,2.072055101395,-0.089806199074,1.649056673050,0.139618873596,-0.809543609619,0.562054216862,-0.096128709614,17.286582000000
406,1413393906.305760622025,2,2.082867622375,-0.117727160454,1.640423774719,0.137293830514,-0.803338944912,0.573492944241,-0.083083800972,15.145397000000
407,1413393906.355760335922,2,2.089586973190,-0.148947000504,1.634123325348,0.134030699730,-0.798926055431,0.581808328629,-0.072471268475,15.661318000000
408,1413393906.405760526657,2,2.097010612488,-0.179242849350,1.625266551971,0.129491820931,-0.796565532684,0.586917817593,-0.065137118101,16.809929000000
409,1413393906.455760478973,2,2.104936122894,-0.207559108734,1.613667011261,0.124248661101,-0.794001996517,0.592116773129,-0.059337463230,15.305464000000
410,1413393906.505760431290,2,2.113525867462,-0.234420180321,1.598608255386,0.117382854223,-0.793090939522,0.595136284828,-0.055144034326,16.221170000000
411,1413393906.555760383606,2,2.123174905777,-0.260321736336,1.580855250359,0.109232582152,-0.792505741119,0.597599565983,-0.053644172847,15.556714000000
412,1413393906.605760574341,2,2.133256673813,-0.284858345985,1.560137987137,0.098876304924,-0.792903125286,0.598772943020,-0.054763950408,15.172046000000
413,1413393906.655760288239,2,2.143253803253,-0.308028221130,1.537470579147,0.086628064513,-0.793356359005,0.599785804749,-0.057777836919,14.973967000000
414,1413393906.705760478973,2,2.153784513474,-0.329823136330,1.514626741409,0.073164068162,-0.794803142548,0.598918139935,-0.065055489540,16.415157000000
415,1413393906.755760431290,2,2.163490295410,-0.350354075432,1.492645263672,0.060668345541,-0.795615136623,0.598282456398,-0.073307462037,16.513341000000
416,1413393906.805760622025,2,2.186637878418,-0.368908703327,1.456606030464,0.049931123853,-0.794463336468,0.599944770336,-0.080006867647,15.928386000000
417,1413393906.855760335922,2,2.192057609558,-0.387293457985,1.435637950897,0.043390497565,-0.793165087700,0.601865351200,-0.082247518003,16.810069000000
418,1413393906.905760526657,2,2.194974899292,-0.404367029667,1.414872407913,0.039651516825,-0.790945231915,0.604981482029,-0.082649484277,15.572068000000
419,1413393906.955760478973,2,2.195404767990,-0.420315444469,1.394337654114,0.037555068731,-0.788683295250,0.608208835125,-0.081550151110,16.332213000000
420,1413393907.005760431290,2,2.193376302719,-0.434966385365,1.373963594437,0.037475936115,-0.787302792072,0.610304176807,-0.079238310456,15.921558000000
421,1413393907.055760383606,2,2.188650131226,-0.448067843914,1.352758407593,0.043164588511,-0.787455618382,0.610864758492,-0.069962978363,15.750289000000
422,1413393907.105760574341,2,2.182065725327,-0.459611356258,1.331510901451,0.049460545182,-0.788155913353,0.610529601574,-0.060146398842,16.837684000000
423,1413393907.155760288239,2,2.173987627029,-0.469680130482,1.310773372650,0.055290393531,-0.789669454098,0.608878552914,-0.051304049790,16.350607000000
424,1413393907.205760478973,2,2.165039300919,-0.478981554508,1.290559530258,0.062099546194,-0.790583014488,0.607835888863,-0.040715146810,16.733225000000
425,1413393907.255760431290,2,2.155394554138,-0.487472355366,1.271026134491,0.071447633207,-0.791118144989,0.606879949570,-0.026909930632,18.038996000000
426,1413393907.305760622025,2,2.156507492065,-0.507578611374,1.244597315788,0.082260102034,-0.791796386242,0.605124354362,-0.010784137063,20.230392000000
427,1413393907.355760335922,2,2.149382591248,-0.512329220772,1.225777506828,0.092570662498,-0.790892541409,0.604894518852,0.004719667137,15.290553000000
428,1413393907.405760526657,2,2.145249843597,-0.515254974365,1.208747982979,0.097242243588,-0.792130351067,0.602406203747,0.013429672457,15.021503000000
429,1413393907.455760478973,2,2.145647525787,-0.516846299171,1.195783495903,0.094601482153,-0.794634044170,0.599580466747,0.010517936200,15.227663000000
430,1413393907.505760431290,2,2.149545907974,-0.516444683075,1.187287449837,0.089223876595,-0.796732068062,0.597700774670,0.003301932709,15.629589000000
431,1413393907.555760383606,2,2.156724929810,-0.516256868839,1.184977531433,0.078783705831,-0.798531651497,0.596679151058,-0.010697209276,15.050998000000
432,1413393907.605760574341,2,2.165014743805,-0.515784084797,1.186809301376,0.071569822729,-0.798579275608,0.597246766090,-0.021099336445,15.131525000000
433,1413393907.655760288239,2,2.173748731613,-0.514930605888,1.188118219376,0.065644718707,-0.799923598766,0.595787703991,-0.029156301171,15.858860000000
434,1413393907.705760478973,2,2.181984424591,-0.513458073139,1.187330245972,0.061443250626,-0.802242696285,0.592805087566,-0.034836653620,17.104391000000
435,1413393907.755760431290,2,2.190115690231,-0.511892437935,1.183044195175,0.058901928365,-0.803807020187,0.590718448162,-0.038427755237,16.747246000000
436,1413393907.805760622025,2,2.205253601074,-0.507317066193,1.166994333267,0.056903872639,-0.803395450115,0.591243445873,-0.041820086539,15.171089000000
437,1413393907.855760335922,2,2.212972879410,-0.505578517914,1.153467655182,0.054962679744,-0.802286326885,0.592805325985,-0.043562054634,15.958338000000
438,1413393907.905760526657,2,2.220113992691,-0.503643214703,1.134349107742,0.053367540240,-0.800111651421,0.595733642578,-0.045550014824,16.667216000000
439,1413393907.955760478973,2,2.226126909256,-0.501287162304,1.109503030777,0.054405897856,-0.797888755798,0.598778665066,-0.043333448470,15.952697000000
440,1413393908.005760431290,2,2.231232643127,-0.497804045677,1.081511020660,0.055741615593,-0.796139299870,0.601211488247,-0.039999075234,16.795596000000
441,1413393908.055760383606,2,2.235929250717,-0.492697298527,1.053561806679,0.058240544051,-0.794909119606,0.602874159813,-0.035642925650,15.622662000000
442,1413393908.105760574341,2,2.240365266800,-0.485637426376,1.027195930481,0.059944752604,-0.795994162560,0.601473510265,-0.032087091357,16.937994000000
443,1413393908.155760288239,2,2.244770765305,-0.476564824581,1.002586603165,0.060952395201,-0.799222290516,0.597207486629,-0.029527917504,15.476889000000
444,1413393908.205760478973,2,2.249310493469,-0.466245234013,0.981873333454,0.062323410064,-0.801352083683,0.594345986843,-0.026524359360,17.472574000000
445,1413393908.255760431290,2,2.252781867981,-0.449983954430,0.955937623978,0.062540970743,-0.801569640636,0.594053089619,-0.025993255898,17.656813000000
446,1413393908.305760622025,2,2.257528066635,-0.437641322613,0.942125558853,0.062620081007,-0.798987030983,0.597536027431,-0.025479758158,16.633438000000
447,1413393908.355760335922,2,2.262774229050,-0.425000131130,0.930978894234,0.061214059591,-0.793608546257,0.604748666286,-0.026785638183,16.897401000000
448,1413393908.405760526657,2,2.268412590027,-0.411015987396,0.919649600983,0.060364853591,-0.791596233845,0.607442378998,-0.027301482856,22.862320000000
449,1413393908.455760478973,2,2.274331808090,-0.396342337132,0.909022331238,0.058967798948,-0.791915833950,0.607116460800,-0.028313919902,17.468016000000
450,1413393908.505760431290,2,2.280330657959,-0.380902409554,0.898368716240,0.057728853077,-0.793909013271,0.604608893394,-0.028704438359,20.203486000000
451,1413393908.555760383606,2,2.286273479462,-0.364706695080,0.887872338295,0.057271204889,-0.796580493450,0.601163923740,-0.027954462916,16.965294000000
452,1413393908.605760574341,2,2.292751789093,-0.347751438618,0.878250002861,0.054757811129,-0.799391984940,0.597555100918,-0.030034309253,15.755451000000
453,1413393908.655760288239,2,2.298956155777,-0.329720318317,0.868572473526,0.050813820213,-0.802947640419,0.592920482159,-0.033741623163,17.066842000000
454,1413393908.705760478973,2,2.305549383163,-0.311570107937,0.861314892769,0.039421480149,-0.805501163006,0.589326143265,-0.048048414290,16.710306000000
455,1413393908.755760431290,2,2.311240673065,-0.292736291885,0.865793108940,0.027170062065,-0.806548595428,0.587145566940,-0.063256405294,16.198474000000
456,1413393908.805760622025,2,2.313982725143,-0.274152249098,0.862056136131,0.016987141222,-0.803817689419,0.589811623096,-0.075570404530,16.154228000000
457,1413393908.855760335922,2,2.312797546387,-0.256709247828,0.863080143929,0.011831426993,-0.798299193382,0.596699059010,-0.080800548196,16.355875000000
458,1413393908.905760526657,2,2.307189702988,-0.238676905632,0.867139220238,0.014779759571,-0.793468773365,0.603819489479,-0.074772179127,18.284850000000
459,1413393908.955760478973,2,2.298131942749,-0.221317946911,0.872420728207,0.023826930672,-0.792727768421,0.606061577797,-0.060862813145,16.760713000000
460,1413393909.005760431290,2,2.286884784698,-0.202899277210,0.880158424377,0.032273143530,-0.794440090656,0.604611992836,-0.047621276230,16.840448000000
461,1413393909.055760383606,2,2.274269580841,-0.183635830879,0.890271425247,0.040382422507,-0.796437501907,0.602405786514,-0.034117169678,15.961768000000
462,1413393909.105760574341,2,2.261624336243,-0.162933647633,0.901612758636,0.046005718410,-0.798654615879,0.599555134773,-0.023829486221,17.137211000000
463,1413393909.155760288239,2,2.249898433685,-0.141121149063,0.913685917854,0.049575407058,-0.800180792809,0.597491681576,-0.016024312004,16.769712000000
464,1413393909.205760478973,2,2.238705396652,-0.119055688381,0.925844013691,0.051091931760,-0.800975382328,0.596418261528,-0.010647211224,17.253957000000
465,1413393909.255760431290,2,2.235505104065,-0.098341226578,0.932555377483,0.050798457116,-0.800254523754,0.597464978695,-0.006911552977,16.167066000000
466,1413393909.305760622025,2,2.225535392761,-0.074594140053,0.941317856312,0.051094200462,-0.799565672874,0.598391592503,-0.003408697434,16.644534000000
467,1413393909.355760335922,2,2.216662168503,-0.050604820251,0.947370469570,0.050989594311,-0.799304902554,0.598758459091,-0.000461262389,17.455584000000
468,1413393909.405760526657,2,2.208937883377,-0.025791883469,0.950593590736,0.050162788481,-0.799577355385,0.598462402821,0.001596368966,16.440786000000
469,1413393909.455760478973,2,2.202534675598,0.000037431717,0.950906515121,0.048926513642,-0.800228893757,0.597690165043,0.002547786804,15.392086000000
470,1413393909.505760431290,2,2.197374582291,0.026846289635,0.948754072189,0.047465935349,-0.800731480122,0.597133576870,0.002766957507,16.506749000000
471,1413393909.555760383606,2,2.193296432495,0.054864168167,0.943210482597,0.046292614192,-0.802822113037,0.594409883022,0.003267409978,15.876120000000
472,1413393909.605760574341,2,2.190151929855,0.083946704865,0.934180021286,0.045067355037,-0.806897580624,0.588954150677,0.004275463056,15.903505000000
473,1413393909.655760288239,2,2.188023567200,0.113287925720,0.921785593033,0.043871030211,-0.812984824181,0.580600738525,0.005822631065,16.816323000000
474,1413393909.705760478973,2,2.186695814133,0.141970217228,0.907694220543,0.042317498475,-0.819554150105,0.571384608746,0.007742875256,16.317749000000
475,1413393909.755760431290,2,2.188905954361,0.174280107021,0.888642311096,0.040663767606,-0.826161205769,0.561871528625,0.010230512358,15.102637000000
476,1413393909.805760622025,2,2.190318584442,0.200846552849,0.871395170689,0.038204919547,-0.831437945366,0.554177403450,0.011782491580,16.751217000000
477,1413393909.855760335922,2,2.192820787430,0.225235819817,0.852346837521,0.036227356642,-0.836069524288,0.547248661518,0.013942316175,18.045848000000
478,1413393909.905760526657,2,2.195131301880,0.252551257610,0.827759742737,0.033751141280,-0.840381205082,0.540709078312,0.015938101336,15.945456000000
479,1413393909.955760478973,2,2.200225353241,0.272764801979,0.804886877537,0.031584896147,-0.843583226204,0.535769045353,0.017926758155,16.343118000000
480,1413393910.005760431290,2,2.206745386124,0.290576279163,0.780901491642,0.029499297962,-0.846513271332,0.531175911427,0.019931191579,15.688740000000
481,1413393910.055760383606,2,2.214944601059,0.305129170418,0.757665038109,0.027521178126,-0.849453270435,0.526509702206,0.021431736648,16.181857000000
482,1413393910.105760574341,2,2.224952220917,0.315714180470,0.737903714180,0.024115622044,-0.851777017117,0.522912085056,0.021384196356,17.924251000000
483,1413393910.155760288239,2,2.233979225159,0.318385422230,0.723254084587,0.020322585478,-0.854552805424,0.518559813499,0.020550163463,15.857459000000
484,1413393910.205760478973,2,2.246914386749,0.319972217083,0.711600422859,0.017601083964,-0.855994939804,0.516276001930,0.020544316620,16.473990000000
485,1413393910.255760431290,2,2.260893344879,0.316935718060,0.704248249531,0.015688529238,-0.857834219933,0.513253569603,0.021098617464,16.661500000000
486,1413393910.305760622025,2,2.275862455368,0.308683395386,0.700891196728,0.013091384433,-0.859487771988,0.510557651520,0.020981619135,16.303449000000
487,1413393910.355760335922,2,2.291486740112,0.293599665165,0.701773047447,0.008928128518,-0.863280117512,0.504306793213,0.018504014239,19.209167000000
488,1413393910.405760526657,2,2.304496765137,0.264912247658,0.708190977573,0.003347623628,-0.867726445198,0.496878474951,0.012309235521,15.721454000000
489,1413393910.455760478973,2,2.321817636490,0.240176826715,0.715767681599,0.003623134922,0.870329618454,-0.492434620857,-0.004630737938,17.058706000000
490,1413393910.505760431290,2,2.338550806046,0.209848344326,0.723874151707,0.008114320226,0.872626662254,-0.488317668438,0.001688811462,15.603662000000
491,1413393910.555760383606,2,2.354287385941,0.173649132252,0.730453372002,0.010712116025,0.873751461506,-0.486204922199,0.006967391819,20.201190000000
492,1413393910.605760574341,2,2.368566751480,0.132161170244,0.735238432884,0.010670320131,0.872466981411,-0.488443672657,0.010505356826,16.518119000000
493,1413393910.655760288239,2,2.381556987762,0.085314363241,0.737508475780,0.008959227242,0.869331181049,-0.493977487087,0.013012682088,18.249087000000
494,1413393910.705760478973,2,2.384833574295,0.028514981270,0.737527608871,0.008430056274,0.865399241447,-0.500670492649,0.018500275910,16.677837000000
495,1413393910.755760431290,2,2.395159721375,-0.026687711477,0.735034704208,0.006637447979,0.860350430012,-0.509170830250,0.022321702912,16.944280000000
496,1413393910.805760622025,2,2.404089689255,-0.085769295692,0.729229450226,0.002633256372,0.855846762657,-0.516653537750,0.024261148646,16.403114000000
497,1413393910.855760335922,2,2.411921024323,-0.148170977831,0.720808744431,0.002745015314,-0.851497650146,0.523722350597,-0.025675605983,16.534947000000
498,1413393910.905760526657,2,2.418579101562,-0.213718980551,0.710513532162,0.008819544688,-0.846317648888,0.531932473183,-0.026769170538,18.062925000000
499,1413393910.955760478973,2,2.426887273788,-0.292076319456,0.696017384529,0.015837714076,-0.838905632496,0.543372571468,-0.027069225907,16.152083000000
500,1413393911.005760431290,2,2.432042121887,-0.362181782722,0.682335019112,0.022535633296,-0.831675589085,0.554058611393,-0.028755366802,18.346284000000
501,1413393911.055760383606,2,2.436754941940,-0.433143585920,0.666486978531,0.029443139210,-0.825311601162,0.563056051731,-0.031012879685,15.728229000000
502,1413393911.105760574341,2,2.441012620926,-0.504560709000,0.649952590466,0.035217635334,-0.820028185844,0.570194602013,-0.034518968314,16.284849000000
503,1413393911.155760288239,2,2.444631099701,-0.576154470444,0.633118808270,0.040635578334,-0.816661775112,0.574441611767,-0.037805564702,15.885647000000
504,1413393911.205760478973,2,2.447779178619,-0.647900700569,0.616296112537,0.046137686819,-0.813404142857,0.578525125980,-0.039418470114,16.588617000000
505,1413393911.255760431290,2,2.450046300888,-0.719715356827,0.598983764648,0.050515320152,-0.811374068260,0.580930352211,-0.040499769151,17.087571000000
506,1413393911.305760622025,2,2.453865051270,-0.791659057140,0.582486629486,0.053355000913,-0.809159934521,0.583692908287,-0.041425526142,15.389934000000
507,1413393911.355760335922,2,2.455449581146,-0.862803578377,0.567349076271,0.056418873370,-0.803272783756,0.591538608074,-0.040643703192,16.941643000000
508,1413393911.405760526657,2,2.456758975983,-0.933076739311,0.552558183670,0.058942124248,-0.796906411648,0.599991202354,-0.038425512612,15.829979000000
509,1413393911.455760478973,2,2.457970619202,-1.001583456993,0.539130389690,0.060962997377,-0.790102183819,0.608860671520,-0.036203488708,16.487623000000
510,1413393911.505760431290,2,2.459653615952,-1.070047616959,0.523156166077,0.063015580177,-0.785097837448,0.615229845047,-0.033805448562,15.102281000000
511,1413393911.555760383606,2,2.461171150208,-1.132835149765,0.511605679989,0.064032636583,-0.782573878765,0.618522405624,-0.030133523047,15.711603000000
512,1413393911.605760574341,2,2.463068008423,-1.191161870956,0.504537224770,0.063782624900,-0.779787302017,0.622160255909,-0.027932995930,15.129853000000
513,1413393911.655760288239,2,2.465968132019,-1.246647596359,0.502781391144,0.063184067607,-0.775701105595,0.627375960350,-0.026362298056,18.830494000000
514,1413393911.705760478973,2,2.473305225372,-1.302344799042,0.507587432861,0.062736108899,-0.774248242378,0.629332125187,-0.023346144706,16.313053000000
515,1413393911.755760431290,2,2.477347612381,-1.348021268845,0.510487198830,0.060843285173,-0.778456032276,0.624374866486,-0.021456945688,16.347092000000
516,1413393911.805760622025,2,2.482345819473,-1.389834642410,0.517330050468,0.060128148645,-0.784925222397,0.616369307041,-0.019128721207,15.373728000000
517,1413393911.855760335922,2,2.488312721252,-1.428361535072,0.528275609016,0.058628395200,-0.792991995811,0.606149971485,-0.017567176372,16.451364000000
518,1413393911.905760526657,2,2.499514579773,-1.471615076065,0.548678040504,0.051838412881,-0.802866876125,0.593479573727,-0.022353516892,14.886337000000
519,1413393911.955760478973,2,2.507903099060,-1.505948781967,0.567079424858,0.042848259211,-0.813691616058,0.578860998154,-0.031464885920,16.031677000000
520,1413393912.005760431290,2,2.519650697708,-1.552997589111,0.590643405914,0.034347768873,-0.826160788536,0.561010003090,-0.039323795587,15.896900000000
521,1413393912.055760383606,2,2.527517080307,-1.590601921082,0.617074489594,0.027163380757,-0.837950348854,0.543182969093,-0.045318026096,16.321948000000
522,1413393912.105760574341,2,2.535276651382,-1.643583536148,0.648627161980,0.021952629089,-0.846668899059,0.529434382915,-0.048673324287,15.456097000000
523,1413393912.155760288239,2,2.540463209152,-1.688539266586,0.680272877216,0.017418803647,-0.853888630867,0.517723739147,-0.050329364836,19.141656000000
524,1413393912.205760478973,2,2.542515993118,-1.741021871567,0.712465584278,0.014184869826,-0.859270453453,0.508824884892,-0.050502017140,16.124955000000
525,1413393912.255760431290,2,2.544304609299,-1.794774055481,0.744925737381,0.012320854701,-0.862639069557,0.503253817558,-0.049373518676,14.899174000000
526,1413393912.305760622025,2,2.544559955597,-1.853517055511,0.777783393860,0.010188530199,-0.864513874054,0.500168979168,-0.048404488713,16.186283000000
527,1413393912.355760335922,2,2.544652938843,-1.920592904091,0.808444380760,0.008738825098,-0.863698840141,0.501742601395,-0.046929083765,15.757909000000
528,1413393912.405760526657,2,2.541799068451,-1.990431189537,0.843703329563,0.007347481325,-0.859340608120,0.509282886982,-0.045943934470,16.455327000000
529,1413393912.455760478973,2,2.536677360535,-2.070194482803,0.876542091370,0.006349042058,-0.851875603199,0.521808862686,-0.044534098357,15.421030000000
530,1413393912.505760431290,2,2.530620813370,-2.148770093918,0.912413120270,0.006635246333,-0.842704057693,0.536619067192,-0.042964491993,15.160040000000
531,1413393912.555760383606,2,2.521074056625,-2.225907802582,0.947249889374,0.006492146291,-0.834747731686,0.548934102058,-0.042725868523,15.725048000000
532,1413393912.605760574341,2,2.512472152710,-2.307750225067,0.977714419365,0.007302749902,-0.828448176384,0.558441936970,-0.041987612844,16.552810000000
533,1413393912.655760288239,2,2.504251956940,-2.392352819443,1.002248287201,0.009876026772,-0.822530329227,0.567193388939,-0.040472235531,14.011661000000
534,1413393912.705760478973,2,2.493444442749,-2.474533081055,1.025780200958,0.012596608140,-0.816965341568,0.575281620026,-0.038211692125,16.196674000000
535,1413393912.755760431290,2,2.480625152588,-2.554183483124,1.043444991112,0.015684146434,-0.811390399933,0.583199441433,-0.035751145333,14.794703000000
536,1413393912.805760622025,2,2.467717409134,-2.636652946472,1.060588836670,0.017952900380,-0.806839406490,0.589640140533,-0.031817030162,14.437817000000
537,1413393912.855760335922,2,2.453662395477,-2.718709468842,1.075070858002,0.018445653841,-0.803372800350,0.594582438469,-0.026901589707,19.929104000000
538,1413393912.905760526657,2,2.444747686386,-2.806383609772,1.080772757530,0.016601424664,-0.801153719425,0.597848713398,-0.021307365969,14.004069000000
539,1413393912.955760478973,2,2.428990602493,-2.886361598969,1.088918924332,0.012016879395,-0.800476133823,0.599025011063,-0.016209006310,14.751903000000
540,1413393913.005760431290,2,2.412636518478,-2.965419769287,1.095287322998,0.002674682532,-0.800174832344,0.599605441093,-0.013656721450,13.904156000000
541,1413393913.055760383606,2,2.395633220673,-3.043463706970,1.099920392036,0.009055710398,0.800020635128,-0.599777758121,0.012318548746,16.529533000000
542,1413393913.105760574341,2,2.377481937408,-3.120051383972,1.102675795555,0.022775955498,0.798474848270,-0.601500988007,0.010761764832,19.516734000000
543,1413393913.155760288239,2,2.361981868744,-3.187325000763,1.098696947098,0.038488399237,0.794435203075,-0.606060028076,0.009095052257,14.968417000000
544,1413393913.205760478973,2,2.341307401657,-3.260658025742,1.097933173180,0.054700504988,0.790897369385,-0.609466493130,0.006313337013,15.225966000000
545,1413393913.255760431290,2,2.318807363510,-3.331740379333,1.095356822014,0.072542376816,0.788078844547,-0.611273527145,0.003762964858,15.359899000000
546,1413393913.305760622025,2,2.294147729874,-3.400250911713,1.090103149414,0.089943461120,0.786366224289,-0.611176252365,-0.001419482520,14.456534000000
547,1413393913.355760335922,2,2.267070770264,-3.465901851654,1.082153081894,0.106970801950,0.786307275295,-0.608447074890,-0.008382434957,15.725788000000
548,1413393913.405760526657,2,2.237445592880,-3.529239177704,1.073555827141,0.125526398420,0.784810066223,-0.606718838215,-0.014442377724,15.324946000000
549,1413393913.455760478973,2,2.204409122467,-3.590461254120,1.066394329071,0.145008966327,0.781822621822,-0.606040537357,-0.020995311439,16.537039000000
550,1413393913.505760431290,2,2.169504404068,-3.639231443405,1.053688049316,0.163174614310,0.776674628258,-0.607665836811,-0.029879236594,14.002576000000
551,1413393913.555760383606,2,2.128969192505,-3.694761753082,1.050211310387,0.180434301496,0.770297229290,-0.610169172287,-0.042180936784,14.741312000000
552,1413393913.605760574341,2,2.084534406662,-3.747895717621,1.048922181129,0.196227669716,0.763589560986,-0.612574279308,-0.056378539652,15.076980000000
553,1413393913.655760288239,2,2.036829710007,-3.797560453415,1.049154043198,0.211166515946,0.755649626255,-0.615786015987,-0.072180613875,15.170176000000
554,1413393913.705760478973,2,1.986054658890,-3.842839241028,1.051672458649,0.225103557110,0.748438060284,-0.617466151714,-0.088907040656,16.399759000000
555,1413393913.755760431290,2,1.939152717590,-3.869147300720,1.050085783005,-0.239328742027,-0.740033209324,0.619753122330,0.104779213667,15.171015000000
556,1413393913.805760622025,2,1.884655952454,-3.904767274857,1.057855606079,-0.253847181797,-0.733034312725,0.619658172131,0.119357176125,15.025204000000
557,1413393913.855760335922,2,1.829089164734,-3.935501098633,1.065739989281,-0.268057972193,-0.726737380028,0.618198871613,0.133521065116,16.596374000000
558,1413393913.905760526657,2,1.784164905548,-3.948396682739,1.062257766724,-0.282759368420,-0.720143854618,0.616574108601,0.145864412189,15.188024000000
559,1413393913.955760478973,2,1.727879524231,-3.967855453491,1.071398615837,-0.295682311058,-0.715358138084,0.612549841404,0.160054802895,15.840441000000
560,1413393914.005760431290,2,1.670709609985,-3.982120513916,1.081984162331,-0.306075632572,-0.709094345570,0.609554231167,0.178736075759,15.591538000000
561,1413393914.055760383606,2,1.615611553192,-3.971582174301,1.086591482162,-0.315405189991,-0.701644241810,0.607330739498,0.198404416442,14.946816000000
562,1413393914.105760574341,2,1.560028076172,-3.974924087524,1.097167730331,-0.324114084244,-0.696966707706,0.600729763508,0.219798400998,16.704280000000
563,1413393914.155760288239,2,1.504176139832,-3.951694965363,1.105801701546,-0.333100408316,-0.694644927979,0.590021729469,0.241634055972,15.982058000000
564,1413393914.205760478973,2,1.452342033386,-3.945758581161,1.114400267601,-0.344309866428,-0.697224199772,0.572711825371,0.259480863810,16.459054000000
565,1413393914.255760431290,2,1.407245635986,-3.940937519073,1.117024898529,-0.356763035059,-0.697994232178,0.557018756866,0.274325340986,15.025452000000
566,1413393914.305760622025,2,1.360281944275,-3.929841518402,1.127293825150,-0.370404809713,-0.697429001331,0.542358636856,0.286775439978,15.716182000000
567,1413393914.355760335922,2,1.329207181931,-3.920174598694,1.133254408836,-0.383769780397,-0.695111751556,0.530072033405,0.297597318888,15.900075000000
568,1413393914.405760526657,2,1.286066055298,-3.906930446625,1.146030306816,-0.397890627384,-0.691449582577,0.518795549870,0.307297438383,15.623118000000
569,1413393914.455760478973,2,1.233332395554,-3.879225730896,1.163532137871,-0.414569824934,-0.685744345188,0.509568333626,0.313411474228,14.199341000000
570,1413393914.505760431290,2,1.193529844284,-3.865184307098,1.177200675011,-0.429878950119,-0.680125296116,0.501253902912,0.318399578333,15.108169000000
571,1413393914.555760383606,2,1.154500961304,-3.851016759872,1.192032694817,-0.444702565670,-0.671468257904,0.496991872787,0.323062241077,15.776024000000
572,1413393914.605760574341,2,1.125588417053,-3.856124401093,1.201478719711,-0.458030134439,-0.662585198879,0.493975758553,0.327379256487,14.172865000000
573,1413393914.655760288239,2,1.087576150894,-3.840589284897,1.216442108154,-0.470660179853,-0.653912723064,0.490364730358,0.332294464111,14.119592000000
574,1413393914.705760478973,2,1.049874782562,-3.824156761169,1.231187343597,-0.484676301479,-0.644805014133,0.486330658197,0.335853874683,14.863398000000
575,1413393914.755760431290,2,1.012609481812,-3.806695222855,1.246170639992,-0.499358534813,-0.635034978390,0.483109861612,0.337604105473,15.855661000000
576,1413393914.805760622025,2,0.962210893631,-3.776431560516,1.266593456268,-0.513798177242,-0.626624703407,0.477370619774,0.339809209108,14.034997000000
577,1413393914.855760335922,2,0.924992561340,-3.755707740784,1.280469775200,-0.527140676975,-0.619054198265,0.470858335495,0.342326074839,14.100850000000
578,1413393914.905760526657,2,0.887645483017,-3.733317852020,1.293556690216,-0.536084592342,-0.614792346954,0.462272763252,0.347775280476,14.958718000000
579,1413393914.955760478973,2,0.850092649460,-3.709398269653,1.305966496468,-0.541638493538,-0.614294171333,0.451097637415,0.354656636715,15.544451000000
580,1413393915.005760431290,2,0.797558546066,-3.698734283447,1.318643212318,-0.546846270561,-0.615795075893,0.438520193100,0.359799563885,14.053653000000
581,1413393915.055760383606,2,0.757995128632,-3.673692226410,1.331082940102,-0.549987256527,-0.616995453835,0.428687036037,0.364771455526,13.810809000000
582,1413393915.105760574341,2,0.717465400696,-3.648643493652,1.343624711037,-0.552458822727,-0.618296802044,0.420745760202,0.368064403534,15.196082000000
583,1413393915.155760288239,2,0.675690889359,-3.624005317688,1.356131672859,-0.554420650005,-0.619542002678,0.413977086544,0.370686501265,14.490349000000
584,1413393915.205760478973,2,0.632595062256,-3.600133657455,1.368304252625,-0.555764198303,-0.620275378227,0.409636259079,0.372267097235,16.156358000000
585,1413393915.255760431290,2,0.582534551620,-3.576811790466,1.384609222412,-0.556369543076,-0.620886325836,0.405933290720,0.374394506216,14.622206000000
586,1413393915.305760622025,2,0.536354303360,-3.554873466492,1.393182873726,-0.555314660072,-0.621175646782,0.405542284250,0.375901460648,14.208967000000
587,1413393915.355760335922,2,0.489061355591,-3.533944368362,1.398981332779,-0.549896299839,-0.622768282890,0.407228797674,0.379392355680,15.042993000000
588,1413393915.405760526657,2,0.440890550613,-3.514145851135,1.402477145195,-0.540665745735,-0.625676333904,0.410036355257,0.384811609983,16.428614000000
589,1413393915.455760478973,2,0.390118122101,-3.501554489136,1.407896518707,-0.527898609638,-0.629761695862,0.412386924028,0.393268764019,14.036059000000
590,1413393915.505760431290,2,0.340421438217,-3.484777927399,1.411132454872,-0.515492022038,-0.633483350277,0.415798932314,0.400097608566,14.922574000000
591,1413393915.555760383606,2,0.290366411209,-3.470153808594,1.414871096611,-0.506276309490,-0.636544048786,0.419409751892,0.403226345778,14.720601000000
592,1413393915.605760574341,2,0.240956544876,-3.457881689072,1.419331312180,-0.499815225601,-0.637720286846,0.425549715757,0.402995139360,16.175544000000
593,1413393915.655760288239,2,0.186868906021,-3.460007905960,1.428488373756,-0.496092379093,-0.639360249043,0.430532902479,0.399690210819,15.135048000000
594,1413393915.705760478973,2,0.139057159424,-3.451819896698,1.433274984360,-0.492200911045,-0.640857100487,0.434119820595,0.398221582174,14.541325000000
595,1413393915.755760431290,2,0.092223405838,-3.445124626160,1.438168406487,-0.487905830145,-0.642563581467,0.436957478523,0.397653222084,15.924846000000
596,1413393915.805760622025,2,0.046386241913,-3.440093755722,1.442744016647,-0.483547657728,-0.644897282124,0.437895357609,0.398166984320,17.044154000000
597,1413393915.855760335922,2,-0.004800558090,-3.436773538589,1.450812101364,-0.480212807655,-0.647957742214,0.437499642372,0.397668957710,15.127294000000
598,1413393915.905760526657,2,-0.048503637314,-3.435248851776,1.455137610435,-0.477602332830,-0.650578975677,0.437227398157,0.396831572056,14.540338000000
599,1413393915.955760478973,2,-0.091284036636,-3.435839891434,1.460027694702,-0.474785149097,-0.651982963085,0.437913298607,0.397151499987,13.912789000000
600,1413393916.005760431290,2,-0.133010625839,-3.438600063324,1.465268135071,-0.470793962479,-0.652975916862,0.438710838556,0.399384915829,16.133047000000
601,1413393916.055760383606,2,-0.173457384109,-3.443824291229,1.470865607262,-0.467538923025,-0.653767466545,0.439496308565,0.401046812534,15.676679000000
602,1413393916.105760574341,2,-0.209084749222,-3.456699609756,1.484007358551,-0.464030921459,-0.654674351215,0.439135253429,0.404026031494,14.024389000000
603,1413393916.155760288239,2,-0.246946096420,-3.467118740082,1.490709424019,-0.461197942495,-0.654383897781,0.439881861210,0.406917959452,14.395215000000
604,1413393916.205760478973,2,-0.283215284348,-3.480002403259,1.497993469238,-0.460194826126,-0.652702152729,0.440731048584,0.409825444221,13.974350000000
605,1413393916.255760431290,2,-0.317790269852,-3.495822429657,1.506170272827,-0.465071290731,-0.647249281406,0.445021182299,0.408329874277,15.823402000000
606,1413393916.305760622025,2,-0.351032018661,-3.519525527954,1.516836166382,-0.472679346800,-0.641170203686,0.447298079729,0.406693339348,15.005039000000
607,1413393916.355760335922,2,-0.384182453156,-3.539233684540,1.525431871414,-0.482726693153,-0.634655356407,0.447666585445,0.404700100422,18.121265000000
608,1413393916.405760526657,2,-0.416759014130,-3.560067653656,1.534881472588,-0.494486808777,-0.628041148186,0.445470333099,0.403241097927,14.397401000000
609,1413393916.455760478973,2,-0.448908329010,-3.581434726715,1.545180320740,-0.506181120872,-0.620876729488,0.441195964813,0.404523164034,14.341886000000
610,1413393916.505760431290,2,-0.478861093521,-3.602997779846,1.556394100189,-0.519008338451,-0.612466931343,0.436257451773,0.406440764666,14.396856000000
611,1413393916.555760383606,2,-0.507309913635,-3.624272584915,1.567230463028,-0.531769454479,-0.603566884995,0.429056406021,0.410900145769,17.408118000000
612,1413393916.605760574341,2,-0.522640943527,-3.648680686951,1.578666687012,-0.546035408974,-0.594960570335,0.418307512999,0.415795892477,15.812573000000
613,1413393916.655760288239,2,-0.549084186554,-3.670600891113,1.590172767639,-0.561378002167,-0.585541129112,0.406778752804,0.420151710510,15.212224000000
614,1413393916.705760478973,2,-0.575654506683,-3.692775011063,1.602627158165,-0.577986717224,-0.575057685375,0.393965810537,0.424300611019,15.348670000000
615,1413393916.755760431290,2,-0.600578308105,-3.715074062347,1.614172458649,-0.593590319157,-0.563452899456,0.381487578154,0.429696083069,18.329816000000
616,1413393916.805760622025,2,-0.617272615433,-3.737582921982,1.620254158974,-0.607245147228,-0.549397170544,0.371834009886,0.437213450670,14.530041000000
617,1413393916.855760335922,2,-0.641556501389,-3.759438037872,1.630255699158,-0.619560718536,-0.534080207348,0.361854672432,0.447173386812,14.907729000000
618,1413393916.905760526657,2,-0.665716409683,-3.781567096710,1.640711069107,-0.632187604904,-0.516903400421,0.354310482740,0.455646604300,15.675735000000
619,1413393916.955760478973,2,-0.689838409424,-3.803572893143,1.651917099953,-0.645132899284,-0.498259007931,0.348169445992,0.462946683168,15.808744000000
620,1413393917.005760431290,2,-0.715509891510,-3.821937561035,1.666861534119,-0.658086657524,-0.476220637560,0.345642954111,0.469751983881,14.572331000000
621,1413393917.055760383606,2,-0.739442825317,-3.842506408691,1.679398179054,-0.670554459095,-0.454011917114,0.342715919018,0.476209759712,16.436902000000
622,1413393917.105760574341,2,-0.760990858078,-3.864186763763,1.694536924362,-0.682103216648,-0.432699620724,0.338290423155,0.482768952847,14.521784000000
623,1413393917.155760288239,2,-0.782963752747,-3.881645441055,1.707180500031,-0.692537009716,-0.412253409624,0.331838339567,0.490227550268,16.649982000000
624,1413393917.205760478973,2,-0.803380250931,-3.897442102432,1.720146894455,-0.702781260014,-0.392660647631,0.324152112007,0.496831625700,16.192312000000
625,1413393917.255760431290,2,-0.820309162140,-3.917325735092,1.737926006317,-0.714366137981,-0.374083220959,0.315692096949,0.500081360340,15.880610000000
626,1413393917.305760622025,2,-0.836311340332,-3.930073499680,1.750159263611,-0.726080656052,-0.358091861010,0.303561419249,0.502421736717,14.564684000000
627,1413393917.355760335922,2,-0.850280880928,-3.940880537033,1.761561393738,-0.737782180309,-0.342241883278,0.290476888418,0.504154026508,20.333374000000
628,1413393917.405760526657,2,-0.862739920616,-3.949609279633,1.771607637405,-0.749161720276,-0.324182689190,0.278918743134,0.505832731724,16.280588000000
629,1413393917.455760478973,2,-0.882548809052,-3.964833736420,1.781928777695,-0.760582685471,-0.306403338909,0.264801323414,0.507455766201,14.452949000000
630,1413393917.505760431290,2,-0.892482399940,-3.969092607498,1.786791324615,-0.770577371120,-0.288407981396,0.250321984291,0.510264933109,14.989871000000
631,1413393917.555760383606,2,-0.900649785995,-3.971323490143,1.789285659790,-0.781023323536,-0.268765628338,0.236353099346,0.511766493320,15.063847000000
632,1413393917.605760574341,2,-0.907446742058,-3.970912933350,1.788908958435,-0.789879202843,-0.250968307257,0.218613058329,0.515086531639,16.588069000000
633,1413393917.655760288239,2,-0.970581889153,-3.937071800232,1.731561422348,-0.799383521080,-0.229785948992,0.196219384670,0.519309580326,15.650881000000
634,1413393917.705760478973,2,-0.972432494164,-3.932311773300,1.733688116074,0.804817795753,0.212910488248,-0.176219418645,-0.525246739388,17.848413000000
635,1413393917.755760431290,2,-0.976505875587,-3.924062728882,1.727468252182,0.807786226273,0.194463491440,-0.157091706991,-0.533842265606,17.273164000000
636,1413393917.805760622025,2,-0.960541665554,-3.924894332886,1.726901531219,0.808148860931,0.176367059350,-0.138639837503,-0.544581532478,16.999427000000
637,1413393917.855760335922,2,-0.964242637157,-3.912916421890,1.721584320068,0.807869255543,0.155127540231,-0.123326271772,-0.555043637753,17.640125000000
638,1413393917.905760526657,2,-0.958017349243,-3.911802053452,1.729106903076,0.808719038963,0.132516562939,-0.110477596521,-0.562323451042,16.484033000000
639,1413393917.955760478973,2,-0.612186908722,-3.793914556503,1.565272808075,0.809006571770,0.123717382550,-0.108240731061,-0.564345955849,17.549789000000
640,1413393918.005760431290,2,-0.613208770752,-3.780300855637,1.562513113022,0.811004459858,0.100683301687,-0.097433164716,-0.568015336990,16.509651000000
641,1413393918.055760383606,2,-0.612889647484,-3.766366720200,1.560554265976,0.813107252121,0.078081227839,-0.086798436940,-0.570285916328,17.435302000000
642,1413393918.105760574341,2,-0.614170491695,-3.758574247360,1.571364879608,0.815578937531,0.055951356888,-0.075658828020,-0.570943295956,15.595265000000
643,1413393918.155760288239,2,-0.611789703369,-3.743565320969,1.569809675217,0.817964613438,0.034639906138,-0.064506843686,-0.570589959621,16.105103000000
644,1413393918.205760478973,2,-0.607811987400,-3.728107452393,1.569108247757,0.820500195026,0.011854684912,-0.055742930621,-0.568798422813,16.747235000000
645,1413393918.255760431290,2,-0.601679682732,-3.711598396301,1.568178415298,0.822123706341,-0.008086681366,-0.043428320438,-0.567592561245,18.965886000000
646,1413393918.305760622025,2,-0.597817659378,-3.691894292831,1.572836160660,0.823337674141,-0.029527813196,-0.032318715006,-0.565861105919,16.849355000000
647,1413393918.355760335922,2,-0.587073147297,-3.673072099686,1.573211431503,0.823442876339,-0.050020270050,-0.020541504025,-0.564816653728,17.257947000000
648,1413393918.405760526657,2,-0.573636949062,-3.653574466705,1.573994159698,0.823177158833,-0.070007890463,-0.007915718481,-0.563396573067,15.741238000000
649,1413393918.455760478973,2,-0.557332277298,-3.633380889893,1.575142860413,0.822550654411,-0.089977830648,0.005788069684,-0.561498880386,16.781687000000
650,1413393918.505760431290,2,-0.538575530052,-3.613773584366,1.582977056503,0.821362555027,-0.110847838223,0.019327191636,-0.559198439121,15.283855000000
651,1413393918.555760383606,2,-0.516498506069,-3.591661930084,1.585976362228,0.819370388985,-0.132435128093,0.032778192312,-0.556793212891,16.401846000000
652,1413393918.605760574341,2,-0.491115987301,-3.568721532822,1.589841842651,0.814936876297,-0.154050827026,0.048109490424,-0.556625306606,18.162389000000
653,1413393918.655760288239,2,-0.457194209099,-3.545260667801,1.595618247986,0.808597564697,-0.174758329988,0.065329767764,-0.557997763157,15.474010000000
654,1413393918.705760478973,2,-0.425262033939,-3.521445751190,1.600479364395,0.800435900688,-0.197845384479,0.080738261342,-0.560036599636,15.989852000000
655,1413393918.755760431290,2,-0.392459005117,-3.496042013168,1.603429079056,0.792347669601,-0.223155409098,0.094853028655,-0.559812307358,15.037470000000
656,1413393918.805760622025,2,-0.355267405510,-3.473458766937,1.608104467392,0.781544029713,-0.249733448029,0.108795017004,-0.561236083508,17.165670000000
657,1413393918.855760335922,2,-0.308742791414,-3.449149131775,1.610753297806,0.768216550350,-0.278212189674,0.121442787349,-0.563642680645,16.078032000000
658,1413393918.905760526657,2,-0.264452308416,-3.429364681244,1.615606546402,0.752770781517,-0.302968174219,0.141130372882,-0.567123234272,17.189642000000
659,1413393918.955760478973,2,-0.219016432762,-3.417155027390,1.621687889099,0.737326204777,-0.325246006250,0.163961574435,-0.568930327892,14.396862000000
660,1413393919.005760431290,2,-0.170566737652,-3.403776168823,1.625816822052,0.722294807434,-0.345771074295,0.189078509808,-0.568314969540,17.669750000000
661,1413393919.055760383606,2,-0.121885776520,-3.392343044281,1.629129648209,0.707010507584,-0.366581201553,0.213699981570,-0.565762042999,16.291181000000
662,1413393919.105760574341,2,-0.071748495102,-3.385532379150,1.633469104767,0.692303478718,-0.386240303516,0.237863689661,-0.561208784580,16.338534000000
663,1413393919.155760288239,2,-0.017976999283,-3.380930662155,1.639178276062,0.677452147007,-0.407198995352,0.258450388908,-0.555383622646,14.871550000000
664,1413393919.205760478973,2,0.031499028206,-3.380719184875,1.644548654556,0.660346865654,-0.426868379116,0.278719365597,-0.551399111748,15.373847000000
665,1413393919.255760431290,2,0.079788446426,-3.384082555771,1.650110006332,0.642555892467,-0.445604413748,0.298123121262,-0.547431528568,16.922511000000
666,1413393919.305760622025,2,0.126569509506,-3.392573356628,1.662469029427,0.622009873390,-0.462852776051,0.317425757647,-0.545996248722,15.247624000000
667,1413393919.355760335922,2,0.170515060425,-3.402888536453,1.667129278183,0.601640045643,-0.478946864605,0.334386765957,-0.544816136360,19.360641000000
668,1413393919.405760526657,2,0.210624575615,-3.416751623154,1.669702649117,0.581344366074,-0.494559258223,0.347867757082,-0.544461071491,17.299637000000
669,1413393919.455760478973,2,0.247215867043,-3.436321496964,1.672256112099,0.564858317375,-0.511190533638,0.355581641197,-0.541462004185,16.124491000000
670,1413393919.505760431290,2,0.281120777130,-3.457530736923,1.669223070145,0.552037060261,-0.526916980743,0.361589163542,-0.535599589348,16.510100000000
671,1413393919.555760383606,2,0.309342145920,-3.486232757568,1.665780186653,0.540365934372,-0.542347609997,0.365860193968,-0.529159843922,15.735661000000
672,1413393919.605760574341,2,0.336244225502,-3.516103029251,1.657914400101,0.530626535416,-0.556081414223,0.370612740517,-0.521397233009,15.363756000000
673,1413393919.655760288239,2,0.360274672508,-3.550048828125,1.647862195969,0.521834135056,-0.566209733486,0.377991348505,-0.514021575451,16.555340000000
674,1413393919.705760478973,2,0.381717324257,-3.587630271912,1.636046648026,0.514758050442,-0.572575926781,0.386590242386,-0.507670104504,16.882834000000
675,1413393919.755760431290,2,0.401432633400,-3.629117965698,1.622141599655,0.510557293892,-0.573040187359,0.400452256203,-0.500593841076,14.658160000000
676,1413393919.805760622025,2,0.416901111603,-3.673755645752,1.607143282890,0.508588612080,-0.569565415382,0.416826277971,-0.493141829967,16.203066000000
677,1413393919.855760335922,2,0.433455228806,-3.720580577850,1.584203481674,0.508812606335,-0.563970863819,0.433457851410,-0.484933972359,13.836468000000
678,1413393919.905760526657,2,0.440885066986,-3.769391298294,1.564162969589,0.511459708214,-0.558427095413,0.447046995163,-0.476148247719,15.919809000000
679,1413393919.955760478973,2,0.441295146942,-3.817888021469,1.538145780563,0.515965521336,-0.554476082325,0.456460148096,-0.466883391142,14.417928000000
680,1413393920.005760431290,2,0.439699411392,-3.867323398590,1.512381792068,0.521752834320,-0.553110063076,0.460435867310,-0.458085358143,16.399578000000
681,1413393920.055760383606,2,0.436285257339,-3.913506269455,1.482770442963,0.526785314083,-0.552760899067,0.461595356464,-0.451533377171,16.054508000000
682,1413393920.105760574341,2,0.427392244339,-3.961619853973,1.453628301620,0.530921876431,-0.552601099014,0.461290419102,-0.447174698114,16.854793000000
683,1413393920.155760288239,2,0.415518999100,-4.009148120880,1.422557353973,0.535465836525,-0.552542388439,0.460170686245,-0.442963093519,18.710777000000
684,1413393920.205760478973,2,0.408644437790,-4.056292057037,1.385778307915,0.538828790188,-0.552708446980,0.458353132010,-0.440555840731,16.575632000000
685,1413393920.255760431290,2,0.391341686249,-4.102404594421,1.352205634117,0.541655302048,-0.552353501320,0.457242161036,-0.438685238361,16.302758000000
686,1413393920.305760622025,2,0.371025323868,-4.147522926331,1.318945884705,0.544441461563,-0.552401781082,0.455013632774,-0.437490940094,18.620227000000
687,1413393920.355760335922,2,0.359467029572,-4.195910453796,1.278452754021,0.547765433788,-0.552019059658,0.453394442797,-0.435501456261,16.489172000000
688,1413393920.405760526657,2,0.334158420563,-4.239870071411,1.245669245720,0.552844405174,-0.554255902767,0.448754608631,-0.431025236845,16.336831000000
689,1413393920.455760478973,2,0.306815385818,-4.282977104187,1.213670969009,0.558808028698,-0.557861983776,0.442129552364,-0.425494015217,18.049496000000
690,1413393920.505760431290,2,0.279618978500,-4.332000255585,1.180147767067,0.564954578876,-0.560320377350,0.436458915472,-0.419965535402,18.065713000000
691,1413393920.555760383606,2,0.250256776810,-4.374024868011,1.150560140610,0.569534778595,-0.562312722206,0.431805610657,-0.415906846523,16.977565000000
692,1413393920.605760574341,2,0.220680475235,-4.415060997009,1.122119069099,0.573858737946,-0.562629759312,0.428848415613,-0.412580847740,18.208719000000
693,1413393920.655760288239,2,0.194362163544,-4.454897403717,1.093334674835,0.577226817608,-0.562655687332,0.426583170891,-0.410188615322,16.447090000000
694,1413393920.705760478973,2,0.165431022644,-4.493847846985,1.066486358643,0.579860329628,-0.561932504177,0.425626307726,-0.408455729485,17.851319000000
695,1413393920.755760431290,2,0.136611938477,-4.531598091125,1.040296792984,0.581766963005,-0.560345053673,0.425639718771,-0.407911270857,18.953383000000
696,1413393920.805760622025,2,0.104907989502,-4.567079067230,1.016988396645,0.583205819130,-0.560238063335,0.424152314663,-0.407552689314,16.366556000000
697,1413393920.855760335922,2,0.076545715332,-4.602394104004,0.991388440132,0.585280895233,-0.558849990368,0.424754112959,-0.405853480101,16.047960000000
698,1413393920.905760526657,2,0.048093795776,-4.636459350586,0.965351343155,0.589272737503,-0.559226751328,0.422997176647,-0.401368379593,17.646153000000
699,1413393920.955760478973,2,0.020017623901,-4.669150829315,0.939593791962,0.593796789646,-0.560008823872,0.420304328203,-0.396408647299,17.550097000000
700,1413393921.005760431290,2,-0.015614032745,-4.701453208923,0.911643981934,0.598698198795,-0.563199698925,0.415582239628,-0.389432877302,19.524678000000
701,1413393921.055760383606,2,-0.042552947998,-4.731376647949,0.885544061661,0.604861497879,-0.566213905811,0.410003334284,-0.381368160248,16.877956000000
702,1413393921.105760574341,2,-0.067615509033,-4.759553909302,0.860450029373,0.610195755959,-0.569090485573,0.404560357332,-0.374336957932,18.950800000000
703,1413393921.155760288239,2,-0.091402053833,-4.787694931030,0.834276676178,0.613450407982,-0.571221053600,0.401088416576,-0.369477003813,17.660541000000
704,1413393921.205760478973,2,-0.110977172852,-4.812447547913,0.811450481415,0.617046296597,-0.571765363216,0.399474710226,-0.364360094070,17.319759000000
705,1413393921.255760431290,2,-0.127309799194,-4.834841251373,0.789958715439,0.619290947914,-0.572173178196,0.398072600365,-0.361434549093,16.672726000000
706,1413393921.305760622025,2,-0.140181541443,-4.855022430420,0.769759654999,0.620113670826,-0.572766184807,0.397379517555,-0.359843850136,17.918365000000
707,1413393921.355760335922,2,-0.153281688690,-4.871340751648,0.750381946564,0.620137274265,-0.574097037315,0.395429223776,-0.359830856323,17.173315000000
708,1413393921.405760526657,2,-0.159229278564,-4.887009620667,0.733254432678,0.618497312069,-0.574290812016,0.395369648933,-0.362400412560,16.802375000000
709,1413393921.455760478973,2,-0.161529541016,-4.900655269623,0.718074560165,0.614304125309,-0.573044419289,0.398165911436,-0.368394553661,17.109612000000
710,1413393921.505760431290,2,-0.160968303680,-4.912411212921,0.704167604446,0.609578907490,-0.569611489773,0.403143137693,-0.376074314117,17.090701000000
711,1413393921.555760383606,2,-0.158073902130,-4.922790050507,0.691104412079,0.603454172611,-0.565884768963,0.409075617790,-0.385064542294,17.787729000000
712,1413393921.605760574341,2,-0.154056549072,-4.931978225708,0.677713632584,0.598644495010,-0.562150955200,0.415475368500,-0.391141086817,20.402878000000
713,1413393921.655760288239,2,-0.149423599243,-4.939733982086,0.663314104080,0.594974279404,-0.560256719589,0.418662786484,-0.396029740572,16.296341000000
714,1413393921.705760478973,2,-0.145253181458,-4.946603298187,0.645738601685,0.592310905457,-0.558821320534,0.421702742577,-0.398814857006,17.329920000000
715,1413393921.755760431290,2,-0.141317844391,-4.952346801758,0.625205278397,0.589820802212,-0.558096647263,0.423924326897,-0.401157975197,16.840613000000
716,1413393921.805760622025,2,-0.136901378632,-4.957118988037,0.602489471436,0.587713062763,-0.556640088558,0.426650553942,-0.403379023075,17.925336000000
717,1413393921.855760335922,2,-0.143925666809,-4.962035179138,0.576973199844,0.584741413593,-0.554921388626,0.430161505938,-0.406326115131,16.478619000000
718,1413393921.905760526657,2,-0.139444828033,-4.964327335358,0.550726175308,0.579998195171,-0.552156150341,0.435172080994,-0.411522805691,16.684262000000
719,1413393921.955760478973,2,-0.135448932648,-4.965643405914,0.524196624756,0.575509548187,-0.548459053040,0.441130399704,-0.416395753622,17.590400000000
720,1413393922.005760431290,2,-0.132720470428,-4.966041564941,0.497697591782,0.572194814682,-0.546678006649,0.444362759590,-0.419854909182,16.366699000000
721,1413393922.055760383606,2,-0.131778717041,-4.965685844421,0.470037460327,0.572756111622,-0.548303246498,0.443534523249,-0.417841166258,17.271117000000
722,1413393922.105760574341,2,-0.132088184357,-4.964332580566,0.442382335663,0.574576854706,-0.551087737083,0.441107958555,-0.414231359959,16.537298000000
723,1413393922.155760288239,2,-0.133787155151,-4.961875438690,0.414049625397,0.578655242920,-0.555655837059,0.436173468828,-0.407624155283,18.107702000000
724,1413393922.205760478973,2,-0.136526584625,-4.958543777466,0.384581565857,0.585317373276,-0.563689172268,0.426630049944,-0.397045254707,17.903905000000
725,1413393922.255760431290,2,-0.138213634491,-4.955252647400,0.356673240662,0.591411530972,-0.570822238922,0.418038785458,-0.386830717325,15.601571000000
726,1413393922.305760622025,2,-0.140343189240,-4.949915885925,0.327745914459,0.596920132637,-0.578707277775,0.408090919256,-0.377155244350,16.193944000000
727,1413393922.355760335922,2,-0.140543460846,-4.943675518036,0.299601793289,0.601759314537,-0.585547447205,0.399185985327,-0.368334770203,15.975174000000
728,1413393922.405760526657,2,-0.137799739838,-4.936539173126,0.272831439972,0.605069220066,-0.591229856014,0.392051994801,-0.361432909966,16.031597000000
729,1413393922.455760478973,2,-0.130966186523,-4.928109169006,0.248128175735,0.604318141937,-0.597484469414,0.384483546019,-0.360533386469,18.627451000000
730,1413393922.505760431290,2,-0.120168209076,-4.919340133667,0.223069190979,0.599864244461,-0.602164030075,0.379221796989,-0.365721523762,15.799237000000
731,1413393922.555760383606,2,-0.104725360870,-4.910426139832,0.202245712280,0.592321157455,-0.605100870132,0.377235919237,-0.375102221966,16.597949000000
732,1413393922.605760574341,2,-0.085448741913,-4.901824951172,0.183129549026,0.583318710327,-0.606555044651,0.376942187548,-0.386968851089,15.191385000000
733,1413393922.655760288239,2,-0.063041210175,-4.894436359406,0.164404630661,0.575935482979,-0.607557237148,0.376471847296,-0.396788865328,16.329353000000
734,1413393922.705760478973,2,-0.037743091583,-4.888792037964,0.146230697632,0.570026040077,-0.607085347176,0.377850741148,-0.404656112194,15.931747000000
735,1413393922.755760431290,2,-0.010385036469,-4.885026454926,0.128105640411,0.567265987396,-0.606674194336,0.377784371376,-0.409187823534,17.040484000000
736,1413393922.805760622025,2,0.018799304962,-4.883323669434,0.110036611557,0.567148268223,-0.605931043625,0.378283590078,-0.409990161657,18.926051000000
737,1413393922.855760335922,2,0.053428649902,-4.879298210144,0.092551708221,0.571022331715,-0.605187356472,0.378990560770,-0.405028313398,15.765009000000
738,1413393922.905760526657,2,0.085811138153,-4.882176399231,0.076354503632,0.576191306114,-0.604708671570,0.378989160061,-0.398369431496,22.715043000000
739,1413393922.955760478973,2,0.120485305786,-4.886724472046,0.062896013260,0.582858562469,-0.603007972240,0.380821615458,-0.389399826527,16.445216000000
740,1413393923.005760431290,2,0.157195091248,-4.892440319061,0.052686214447,0.590634882450,-0.600331246853,0.384419858456,-0.378119409084,16.277158000000
741,1413393923.055760383606,2,0.196631431580,-4.897995948792,0.046545505524,0.597040414810,-0.597606480122,0.388068675995,-0.368526667356,18.158347000000
742,1413393923.105760574341,2,0.240077495575,-4.901576995850,0.041709303856,0.600673973560,-0.596328914165,0.390853017569,-0.361685663462,15.229313000000
743,1413393923.155760288239,2,0.286964416504,-4.906015872955,0.042176485062,0.603902399540,-0.595621228218,0.392215996981,-0.355954945087,16.034980000000
744,1413393923.205760478973,2,0.337898254395,-4.909145832062,0.046260356903,0.605262815952,-0.594986140728,0.393560171127,-0.353212088346,15.875333000000
745,1413393923.255760431290,2,0.392468452454,-4.911037445068,0.052294373512,0.604533910751,-0.594302356243,0.395570069551,-0.353366434574,18.598765000000
746,1413393923.305760622025,2,0.451429367065,-4.908859729767,0.060007452965,0.600203931332,-0.595616102219,0.395336300135,-0.358756273985,15.874698000000
747,1413393923.355760335922,2,0.513089656830,-4.907331943512,0.068662762642,0.592903256416,-0.597983956337,0.392007887363,-0.370419681072,16.846476000000
748,1413393923.405760526657,2,0.577107906342,-4.905032157898,0.078138232231,0.585417985916,-0.601015627384,0.384609460831,-0.384891808033,16.625199000000
749,1413393923.455760478973,2,0.642611503601,-4.903073310852,0.087954521179,0.580053806305,-0.600583732128,0.376947313547,-0.400933355093,17.177049000000
750,1413393923.505760431290,2,0.707536220551,-4.904642581940,0.098757386208,0.577244281769,-0.596489727497,0.369833290577,-0.417387723923,16.058028000000
751,1413393923.555760383606,2,0.774966239929,-4.905835151672,0.109162330627,0.577832102776,-0.588474452496,0.363840639591,-0.432929396629,15.399716000000
752,1413393923.605760574341,2,0.842459678650,-4.909079551697,0.119183301926,0.583236873150,-0.577569186687,0.356570541859,-0.446213155985,17.097922000000
753,1413393923.655760288239,2,0.905617713928,-4.915947914124,0.127344846725,0.594481348991,-0.561827003956,0.352779328823,-0.454410851002,15.089165000000
754,1413393923.705760478973,2,0.973075866699,-4.924493789673,0.136573076248,0.609049558640,-0.543222010136,0.349992632866,-0.459862709045,16.898383000000
755,1413393923.755760431290,2,1.035787582397,-4.937183856964,0.142544031143,0.627289831638,-0.523683488369,0.345924973488,-0.461084634066,14.873591000000
756,1413393923.805760622025,2,1.102648019791,-4.949345588684,0.149917364120,0.645379185677,-0.504792809486,0.338919132948,-0.462389260530,17.300675000000
757,1413393923.855760335922,2,1.168686151505,-4.966454029083,0.153839826584,0.661944508553,-0.485844582319,0.330884426832,-0.465080797672,15.702173000000
758,1413393923.905760526657,2,1.235708713531,-4.980769157410,0.161774396896,0.677311658859,-0.467171877623,0.322103977203,-0.468239814043,17.252279000000
759,1413393923.955760478973,2,1.304666519165,-4.998136520386,0.166618108749,0.690886616707,-0.449991255999,0.311291366816,-0.472526460886,15.782364000000
760,1413393924.005760431290,2,1.372147798538,-5.012881755829,0.174190521240,0.703978836536,-0.433817028999,0.299778521061,-0.475761890411,16.843471000000
761,1413393924.055760383606,2,1.442911624908,-5.027306556702,0.180858135223,0.715709984303,-0.418457865715,0.288960963488,-0.478700041771,17.403450000000
762,1413393924.105760574341,2,1.512321233749,-5.041752338409,0.187664270401,0.727955400944,-0.401183634996,0.281056940556,-0.479728817940,17.310571000000
763,1413393924.155760288239,2,1.583960294724,-5.056685447693,0.194467544556,0.739881753922,-0.381399095058,0.278072416782,-0.479359418154,16.239042000000
764,1413393924.205760478973,2,1.655750513077,-5.068710327148,0.201391696930,0.750636637211,-0.358750641346,0.279360204935,-0.479375183582,18.677173000000
765,1413393924.255760431290,2,1.728409528732,-5.078059196472,0.208159208298,0.760233044624,-0.333670675755,0.284068375826,-0.479598522186,16.641486000000
766,1413393924.305760622025,2,1.799812078476,-5.085040092468,0.215425968170,0.768358886242,-0.310683548450,0.288393676281,-0.479509621859,16.797929000000
767,1413393924.355760335922,2,1.870985746384,-5.085779666901,0.223389148712,0.775513768196,-0.289133369923,0.293384701014,-0.478440940380,16.460136000000
768,1413393924.405760526657,2,1.939099788666,-5.085521221161,0.231536388397,0.781060159206,-0.269255518913,0.299581468105,-0.477176547050,17.719816000000
769,1413393924.455760478973,2,2.005418539047,-5.081599235535,0.240895271301,0.785868644714,-0.251559853554,0.306914061308,-0.474269926548,15.931529000000
770,1413393924.505760431290,2,2.067730903625,-5.070819377899,0.251286029816,0.788690865040,-0.236726269126,0.313170105219,-0.473129898310,17.109144000000
771,1413393924.555760383606,2,2.122221946716,-5.053128242493,0.265170574188,0.790241837502,-0.224200442433,0.318808734417,-0.472877442837,15.034142000000
772,1413393924.605760574341,2,2.174653768539,-5.030913829803,0.278644561768,0.788716554642,-0.212465062737,0.325734406710,-0.476111203432,20.998328000000
773,1413393924.655760288239,2,2.222303390503,-5.000264644623,0.292957782745,0.785897195339,-0.201976820827,0.333246201277,-0.480122864246,17.378171000000
774,1413393924.705760478973,2,2.261570930481,-4.965374469757,0.311019420624,0.781533837318,-0.192397698760,0.341146618128,-0.485599696636,15.959487000000
775,1413393924.755760431290,2,2.295032024384,-4.918537139893,0.334818363190,0.776623487473,-0.186037272215,0.347567886114,-0.491368174553,16.089395000000
776,1413393924.805760622025,2,2.317384958267,-4.870620727539,0.361038208008,0.773048996925,-0.184271410108,0.351917684078,-0.494563728571,16.212373000000
777,1413393924.855760335922,2,2.334139823914,-4.810240268707,0.392441987991,0.770744979382,-0.191218480468,0.347322344780,-0.498753339052,15.163573000000
778,1413393924.905760526657,2,2.338144540787,-4.749167442322,0.428264379501,0.769800901413,-0.205122530460,0.335616111755,-0.502686083317,16.542932000000
779,1413393924.955760478973,2,2.334508657455,-4.677176952362,0.469831943512,0.770371973515,-0.225150913000,0.315915554762,-0.505995690823,15.525312000000
780,1413393925.005760431290,2,2.323085069656,-4.606038570404,0.515523195267,0.770533978939,-0.242767810822,0.294910252094,-0.510263860226,16.831378000000
781,1413393925.055760383606,2,2.304702043533,-4.530816555023,0.562801361084,0.770776689053,-0.257369518280,0.275085598230,-0.513801753521,16.101108000000
782,1413393925.105760574341,2,2.284985065460,-4.454003334045,0.614268302917,0.771429240704,-0.268723487854,0.255586653948,-0.517068803310,18.601155000000
783,1413393925.155760288239,2,2.265454769135,-4.378020286560,0.667185544968,0.773202359676,-0.277787297964,0.234364792705,-0.519678354263,15.404696000000
784,1413393925.205760478973,2,2.243114233017,-4.297407150269,0.721497774124,0.775924921036,-0.285601943731,0.210180342197,-0.521724283695,17.038298000000
785,1413393925.255760431290,2,2.224261999130,-4.217332839966,0.774849653244,0.779964745045,-0.289548456669,0.186820283532,-0.522412538528,15.674727000000
786,1413393925.305760622025,2,2.204235076904,-4.135648250580,0.828962087631,0.783759772778,-0.289457559586,0.166694223881,-0.523591518402,16.121126000000
787,1413393925.355760335922,2,2.194017887115,-4.054561614990,0.882148027420,0.788043975830,-0.284298002720,0.153733611107,-0.523953616619,15.693298000000
788,1413393925.405760526657,2,2.181609630585,-3.972961902618,0.935323238373,0.791219413280,-0.275194674730,0.148994356394,-0.525395512581,18.430345000000
789,1413393925.455760478973,2,2.175178527832,-3.893732070923,0.985091209412,0.792233407497,-0.266540497541,0.146368101239,-0.529054641724,15.612409000000
790,1413393925.505760431290,2,2.169055938721,-3.811908483505,1.038279056549,0.792557954788,-0.257415413857,0.146615579724,-0.533003926277,19.704886000000
791,1413393925.555760383606,2,2.167639732361,-3.734281539917,1.086974382401,0.792962670326,-0.250059366226,0.145634919405,-0.536163210869,16.830205000000
792,1413393925.605760574341,2,2.166349649429,-3.652342557907,1.137489080429,0.792591929436,-0.245383560658,0.143358007073,-0.539475202560,17.861054000000
793,1413393925.655760288239,2,2.167134046555,-3.575548648834,1.179232835770,0.792453467846,-0.240826666355,0.142099469900,-0.542058944702,15.676435000000
794,1413393925.705760478973,2,2.170095443726,-3.493221044540,1.218707799911,0.792947292328,-0.236414372921,0.142090186477,-0.543280184269,16.331665000000
795,1413393925.755760431290,2,2.174557209015,-3.410629272461,1.250865936279,0.792658090591,-0.232448369265,0.143333777785,-0.545083880424,19.640535000000
796,1413393925.805760622025,2,2.188257694244,-3.319258689880,1.270698308945,0.791768908501,-0.229552000761,0.144422814250,-0.547311723232,16.260507000000
797,1413393925.855760335922,2,2.195397615433,-3.236152172089,1.287726640701,0.790269553661,-0.226958885789,0.145849481225,-0.550174295902,15.987761000000
798,1413393925.905760526657,2,2.203634977341,-3.153318881989,1.298798322678,0.787868440151,-0.223820984364,0.148621618748,-0.554147243500,17.257662000000
799,1413393925.955760478973,2,2.215997457504,-3.074490785599,1.299441814423,0.783637166023,-0.221704021096,0.150135740638,-0.560552835464,15.970447000000
800,1413393926.005760431290,2,2.225833415985,-2.992602586746,1.300897598267,0.778555989265,-0.219732761383,0.152694344521,-0.567672908306,18.417483000000
801,1413393926.055760383606,2,2.235862731934,-2.911543846130,1.300321817398,0.771450996399,-0.218947634101,0.153724566102,-0.577316343784,17.877491000000
802,1413393926.105760574341,2,2.246428966522,-2.838506221771,1.294168114662,0.764538109303,-0.218597948551,0.153654828668,-0.586588978767,16.163642000000
803,1413393926.155760288239,2,2.256222724915,-2.762290716171,1.292630434036,0.759965240955,-0.219149902463,0.153002142906,-0.592466413975,16.954406000000
804,1413393926.205760478973,2,2.265963792801,-2.688842058182,1.291277885437,0.757528901100,-0.220816686749,0.151346504688,-0.595385849476,22.533814000000
805,1413393926.255760431290,2,2.273565292358,-2.625711917877,1.285906910896,0.756876170635,-0.222826778889,0.149857729673,-0.595843374729,15.905467000000
806,1413393926.305760622025,2,2.283044815063,-2.558624744415,1.285153269768,0.758523046970,-0.225447863340,0.147584885359,-0.593325197697,16.577352000000
807,1413393926.355760335922,2,2.292589187622,-2.494071960449,1.284950613976,0.761861085892,-0.227866366506,0.145167633891,-0.588702857494,18.432951000000
808,1413393926.405760526657,2,2.302294969559,-2.432116031647,1.285343885422,0.766328334808,-0.227937698364,0.143435344100,-0.583276629448,20.651329000000
809,1413393926.455760478973,2,2.312945365906,-2.373681068420,1.284505844116,0.768194973469,-0.225622132421,0.142374113202,-0.581979990005,16.212012000000
810,1413393926.505760431290,2,2.323163270950,-2.315948009491,1.285619854927,0.767758905888,-0.221752136946,0.141531378031,-0.584244132042,16.229675000000
811,1413393926.555760383606,2,2.333685874939,-2.260053634644,1.283141136169,0.766707122326,-0.215358301997,0.141957625747,-0.587902307510,19.313121000000
812,1413393926.605760574341,2,2.344347476959,-2.205676555634,1.276372194290,0.765535771847,-0.207633778453,0.142014577985,-0.592178285122,17.189656000000
813,1413393926.655760288239,2,2.352594137192,-2.158740282059,1.269542932510,0.765799283981,-0.199277266860,0.140540614724,-0.595053315163,15.828537000000
814,1413393926.705760478973,2,2.362701177597,-2.108529329300,1.259061574936,0.767352879047,-0.189314588904,0.139117553830,-0.596637189388,16.043086000000
815,1413393926.755760431290,2,2.372102499008,-2.060455083847,1.251055836678,0.769785463810,-0.180323719978,0.134413972497,-0.597366452217,18.547491000000
816,1413393926.805760622025,2,2.379209995270,-2.012119531631,1.244083642960,0.772796809673,-0.171495139599,0.129262849689,-0.597214818001,20.049726000000
817,1413393926.855760335922,2,2.387111186981,-1.968515872955,1.243008136749,0.776794672012,-0.161844998598,0.122279793024,-0.596191227436,16.327807000000
818,1413393926.905760526657,2,2.394302368164,-1.927644014359,1.245221972466,0.782833099365,-0.152523726225,0.114236392081,-0.592333555222,17.798329000000
819,1413393926.955760478973,2,2.403274536133,-1.892439246178,1.250920057297,0.788945436478,-0.144061759114,0.104629613459,-0.588101983070,17.185621000000
820,1413393927.005760431290,2,2.410071372986,-1.855966567993,1.260396122932,0.796188950539,-0.136290445924,0.095922775567,-0.581641674042,17.122758000000
821,1413393927.055760383606,2,2.417337656021,-1.820033907890,1.273643255234,0.803229153156,-0.131742596626,0.085670113564,-0.574567198753,17.978400000000
822,1413393927.105760574341,2,2.425097227097,-1.785874247551,1.292721271515,0.808482527733,-0.128621861339,0.075499780476,-0.569308578968,17.578873000000
823,1413393927.155760288239,2,2.434587001801,-1.749620676041,1.310949802399,0.811909317970,-0.127699300647,0.064084693789,-0.566029548645,21.564303000000
824,1413393927.205760478973,2,2.446053266525,-1.713152408600,1.329755306244,0.813953459263,-0.127556562424,0.054110139608,-0.564164280891,18.632761000000
825,1413393927.255760431290,2,2.459589958191,-1.678216218948,1.351897716522,0.817292571068,-0.128450945020,0.043980814517,-0.559999167919,16.846755000000
826,1413393927.305760622025,2,2.475337982178,-1.641370534897,1.370118618011,0.821967363358,-0.127051100135,0.036942370236,-0.553952217102,21.018419000000
827,1413393927.355760335922,2,2.491665363312,-1.601881623268,1.392047286034,0.827269732952,-0.121396370232,0.034517891705,-0.547445297241,17.385044000000
828,1413393927.405760526657,2,2.513137102127,-1.562686562538,1.410233259201,0.831112980843,-0.112310692668,0.036342356354,-0.543430507183,18.617073000000
829,1413393927.455760478973,2,2.539672136307,-1.519510984421,1.430334687233,0.832474350929,-0.098861478269,0.043638154864,-0.543423116207,18.484064000000
830,1413393927.505760431290,2,2.565631151199,-1.476212978363,1.450024843216,0.831611275673,-0.084214150906,0.053368747234,-0.546335577965,18.557357000000
831,1413393927.555760383606,2,2.586426734924,-1.434325456619,1.473395943642,0.830515980721,-0.069744899869,0.063303939998,-0.548973023891,16.265678000000
832,1413393927.605760574341,2,2.611938476562,-1.387604713440,1.494537115097,0.828956186771,-0.054152246565,0.072027757764,-0.552006542683,17.904939000000
833,1413393927.655760288239,2,2.635148763657,-1.336330890656,1.520095348358,0.826389014721,-0.038211937994,0.079543404281,-0.556142032146,16.693039000000
834,1413393927.705760478973,2,2.657157659531,-1.286263942719,1.543194890022,0.822004675865,-0.022151695564,0.085966512561,-0.562518835068,17.703950000000
835,1413393927.755760431290,2,2.675669431686,-1.236586809158,1.569504141808,0.816705882549,-0.006352652796,0.093579620123,-0.569380402565,15.781708000000
836,1413393927.805760622025,2,2.691576957703,-1.184499859810,1.595044732094,0.810745358467,0.007320125587,0.100508145988,-0.576659739017,16.037125000000
837,1413393927.855760335922,2,2.701751232147,-1.131457567215,1.625502347946,0.805486559868,0.017150025815,0.104545019567,-0.583067536354,15.357221000000
838,1413393927.905760526657,2,2.708117723465,-1.078898906708,1.653747558594,0.801630437374,0.022430192679,0.104242146015,-0.588233947754,15.632173000000
839,1413393927.955760478973,2,2.708121061325,-1.028244376183,1.682303190231,0.798893213272,0.026341825724,0.104434311390,-0.591751039028,14.505983000000
840,1413393928.005760431290,2,2.705155372620,-0.977031707764,1.709653019905,0.796409845352,0.028703099117,0.104364536703,-0.594992101192,16.391710000000
841,1413393928.055760383606,2,2.697968721390,-0.926905989647,1.734505057335,0.794762372971,0.031168932095,0.105559915304,-0.596857130527,16.670549000000
842,1413393928.105760574341,2,2.683718681335,-0.878847718239,1.757597208023,0.792846620083,0.032711278647,0.106767684221,-0.599103391171,14.966787000000
843,1413393928.155760288239,2,2.667221546173,-0.831562757492,1.778496503830,0.791427850723,0.033369041979,0.107156068087,-0.600871145725,14.272590000000
844,1413393928.205760478973,2,2.646219491959,-0.785702347755,1.797382116318,0.791241109371,0.033082135022,0.107465922832,-0.601077556610,15.281461000000
845,1413393928.255760431290,2,2.619535684586,-0.745042920113,1.817829728127,0.793027698994,0.029419353232,0.103798858821,-0.599556088448,15.484490000000
846,1413393928.305760622025,2,2.588918924332,-0.701976299286,1.833265066147,0.796344578266,0.020888846368,0.093252144754,-0.597246170044,13.984712000000
847,1413393928.355760335922,2,2.552818536758,-0.665630459785,1.849151134491,0.797576427460,0.009259759448,0.078168809414,-0.598059952259,13.354920000000
848,1413393928.405760526657,2,2.515315771103,-0.624962925911,1.862087726593,0.796949565411,-0.002191879088,0.063568249345,-0.600687682629,13.835965000000
849,1413393928.455760478973,2,2.476912498474,-0.590319275856,1.872136354446,0.796286702156,-0.012862045318,0.050424747169,-0.602676868439,10.399051000000
850,1413393928.505760431290,2,2.436931133270,-0.553267359734,1.879011750221,0.794406771660,-0.022011514753,0.039450582117,-0.605703771114,11.046430000000
851,1413393928.555760383606,2,2.395285367966,-0.516923904419,1.885844707489,0.790960013866,-0.029182305560,0.031763933599,-0.610345661640,10.330404000000
852,1413393928.605760574341,2,2.355519533157,-0.482419729233,1.889513254166,0.784920394421,-0.034089297056,0.026892403141,-0.618073403835,10.209022000000
853,1413393928.655760288239,2,2.315968751907,-0.452049970627,1.895391941071,0.780159890652,-0.038322601467,0.023490549996,-0.623963236809,9.374282000000
854,1413393928.705760478973,2,2.277500391006,-0.423032522202,1.898259878159,0.777585387230,-0.039865165949,0.024040486664,-0.627051711082,9.278828000000
855,1413393928.755760431290,2,2.238330602646,-0.396523714066,1.904071569443,0.776943683624,-0.040975209326,0.025661766529,-0.627710998058,9.187633000000
856,1413393928.805760622025,2,2.201339244843,-0.373759031296,1.907265424728,0.776619076729,-0.038524787873,0.033238884062,-0.627912282944,9.041619000000
857,1413393928.855760335922,2,2.163446903229,-0.353749513626,1.912252426147,0.777145445347,-0.036202035844,0.040714360774,-0.626958370209,8.218839000000
858,1413393928.905760526657,2,2.124943256378,-0.333438396454,1.915969610214,0.776877164841,-0.032913736999,0.051066033542,-0.626714229584,8.626230000000
859,1413393928.955760478973,2,2.088376045227,-0.318989992142,1.920202493668,0.777007400990,-0.031560763717,0.062476091087,-0.625587940216,8.404309000000
860,1413393929.005760431290,2,2.052711248398,-0.305795907974,1.927515268326,0.777566730976,-0.033199716359,0.073820225894,-0.623569071293,8.302988000000
861,1413393929.055760383606,2,2.014146566391,-0.296525001526,1.933171987534,0.778506159782,-0.038506660610,0.083086088300,-0.620920419693,8.262797000000
862,1413393929.105760574341,2,1.973467469215,-0.288312554359,1.941406369209,0.778896450996,-0.045193403959,0.093447759748,-0.618502497673,7.778833000000
863,1413393929.155760288239,2,1.929149031639,-0.290247082710,1.948058485985,0.778591156006,-0.053036827594,0.103368312120,-0.616682946682,8.035432000000
864,1413393929.205760478973,2,1.885462641716,-0.288115620613,1.955997943878,0.779888868332,-0.063227437437,0.112708233297,-0.612431645393,9.056459000000
865,1413393929.255760431290,2,1.839009284973,-0.277841687202,1.967838764191,0.781293451786,-0.076863855124,0.120468512177,-0.607585310936,8.468022000000
866,1413393929.305760622025,2,1.791301131248,-0.278779268265,1.977120161057,0.782773792744,-0.092531032860,0.126321032643,-0.602284193039,9.017342000000
867,1413393929.355760335922,2,1.740204572678,-0.275189161301,1.988204002380,0.783776283264,-0.110663689673,0.131568551064,-0.596773028374,8.716444000000
868,1413393929.405760526657,2,1.689226627350,-0.277608156204,1.999082326889,0.783715486526,-0.129827439785,0.136249497533,-0.591921389103,11.572029000000
869,1413393929.455760478973,2,1.638658642769,-0.276475906372,2.011937618256,0.782821953297,-0.148328989744,0.142592161894,-0.587244331837,8.936430000000
870,1413393929.505760431290,2,1.586365222931,-0.280413627625,2.023502349854,0.782101750374,-0.166203185916,0.151224464178,-0.581226766109,9.580686000000
871,1413393929.555760383606,2,1.533385038376,-0.285006046295,2.035502433777,0.780843019485,-0.183963343501,0.160078793764,-0.575166523457,11.469333000000
872,1413393929.605760574341,2,1.481304168701,-0.287363290787,2.045489549637,0.778610229492,-0.200816094875,0.170815974474,-0.569439232349,9.858994000000
873,1413393929.655760288239,2,1.427626729012,-0.292539358139,2.057988166809,0.776011526585,-0.217343956232,0.182230532169,-0.563347041607,11.053516000000
874,1413393929.705760478973,2,1.373663544655,-0.297661304474,2.071158885956,0.772142231464,-0.233363509178,0.193307459354,-0.558542788029,10.433705000000
875,1413393929.755760431290,2,1.319269657135,-0.302647829056,2.084748029709,0.767924189568,-0.250325113535,0.203087002039,-0.553521037102,10.911176000000
876,1413393929.805760622025,2,1.264674901962,-0.307467699051,2.098979949951,0.762534737587,-0.268930464983,0.209930554032,-0.549678444862,10.553796000000
877,1413393929.855760335922,2,1.210090994835,-0.312204122543,2.113676786423,0.756034493446,-0.289566308260,0.213398054242,-0.546831429005,11.528509000000
878,1413393929.905760526657,2,1.155787348747,-0.316977262497,2.129395246506,0.747776269913,-0.311292856932,0.214169815183,-0.545947670937,11.676334000000
879,1413393929.955760478973,2,1.102472901344,-0.322515726089,2.145334720612,0.739513933659,-0.332148879766,0.214570820332,-0.544752836227,13.288143000000
880,1413393930.005760431290,2,1.050678849220,-0.329076766968,2.160674333572,0.731305122375,-0.351430416107,0.216085225344,-0.543136060238,13.510042000000
881,1413393930.055760383606,2,1.000766396523,-0.337084770203,2.174047470093,0.723563671112,-0.369243919849,0.218277990818,-0.540804266930,19.051152000000
882,1413393930.105760574341,2,0.949891567230,-0.351886749268,2.188336372375,0.716547966003,-0.384776681662,0.221115291119,-0.538157999516,16.020064000000
883,1413393930.155760288239,2,0.903097808361,-0.362566232681,2.197618961334,0.710457921028,-0.396465182304,0.225523501635,-0.535914242268,16.483806000000
884,1413393930.205760478973,2,0.858102142811,-0.374808788300,2.204382419586,0.705388724804,-0.405626982450,0.229822039604,-0.533924579620,15.530252000000
885,1413393930.255760431290,2,0.814826250076,-0.388853073120,2.208580255508,0.702464818954,-0.411001741886,0.235358282924,-0.531250715256,15.278734000000
886,1413393930.305760622025,2,0.773496568203,-0.404709815979,2.209883928299,0.701056301594,-0.413356155157,0.242483824492,-0.528070509434,14.084742000000
887,1413393930.355760335922,2,0.733986735344,-0.422633171082,2.207751750946,0.703150093555,-0.409904032946,0.255160629749,-0.521969139576,15.293076000000
888,1413393930.405760526657,2,0.695464015007,-0.441835880280,2.203128576279,0.706086575985,-0.405197620392,0.266428321600,-0.516016185284,14.603508000000
889,1413393930.455760478973,2,0.657980918884,-0.461944580078,2.194951057434,0.709412515163,-0.399849474430,0.277091532946,-0.509975135326,14.230443000000
890,1413393930.505760431290,2,0.620901286602,-0.482100248337,2.181870460510,0.712159335613,-0.395326793194,0.285121709108,-0.505224227905,17.647537000000
891,1413393930.555760383606,2,0.584224164486,-0.501705884933,2.163870334625,0.712896764278,-0.393041104078,0.288497537374,-0.504049658775,17.443320000000
892,1413393930.605760574341,2,0.543138980865,-0.530530691147,2.138157844543,0.711016416550,-0.392815083265,0.287689715624,-0.507332861423,16.519525000000
893,1413393930.655760288239,2,0.506563305855,-0.549265384674,2.110181570053,0.708500087261,-0.393564045429,0.285072714090,-0.511730909348,16.370313000000
894,1413393930.705760478973,2,0.470313012600,-0.568071126938,2.077707529068,0.705512523651,-0.394280374050,0.281941294670,-0.517014741898,17.595100000000
895,1413393930.755760431290,2,0.434857040644,-0.586922883987,2.043346881866,0.702091336250,-0.394651293755,0.278831124306,-0.523040473461,17.449133000000
896,1413393930.805760622025,2,0.400334835052,-0.606176853180,2.008466243744,0.699927747250,-0.393628984690,0.276850640774,-0.527741551399,15.298910000000
897,1413393930.855760335922,2,0.366297841072,-0.626299977303,1.974728226662,0.698418021202,-0.392961055040,0.274369120598,-0.531521975994,21.406479000000
898,1413393930.905760526657,2,0.336607754230,-0.653578162193,1.940604805946,0.698862135410,-0.391222655773,0.273050814867,-0.532897710800,15.797118000000
899,1413393930.955760478973,2,0.303560167551,-0.676930427551,1.912621498108,0.701394140720,-0.388718664646,0.272420376539,-0.531724870205,16.447620000000
900,1413393931.005760431290,2,0.271107017994,-0.701053977013,1.889332771301,0.702786445618,-0.387789160013,0.270123511553,-0.531736969948,18.245550000000
901,1413393931.055760383606,2,0.239473342896,-0.726315736771,1.870086431503,0.705324709415,-0.386343032122,0.269701749086,-0.529638648033,18.193350000000
902,1413393931.105760574341,2,0.211294114590,-0.745457410812,1.847708702087,0.705797970295,-0.385689467192,0.267857968807,-0.530419588089,16.907101000000
903,1413393931.155760288239,2,0.180577665567,-0.772163748741,1.836253166199,0.708174705505,-0.385850727558,0.265401571989,-0.528365373611,21.474294000000
904,1413393931.205760478973,2,0.150691732764,-0.799469470978,1.828179121017,0.710290849209,-0.386264801025,0.263047933578,-0.526395440102,15.843153000000
905,1413393931.255760431290,2,0.121615931392,-0.826887369156,1.821747541428,0.712338149548,-0.387033462524,0.258917003870,-0.525110960007,17.509991000000
906,1413393931.305760622025,2,0.093435868621,-0.854831695557,1.814210534096,0.713707268238,-0.388625174761,0.254965633154,-0.524008691311,16.485871000000
907,1413393931.355760335922,2,0.066296219826,-0.883112788200,1.804349303246,0.714372336864,-0.390550464392,0.250642925501,-0.523756325245,18.874592000000
908,1413393931.405760526657,2,0.024415165186,-0.914881229401,1.790291547775,0.714556097984,-0.393149882555,0.245402932167,-0.524042248726,17.476806000000
909,1413393931.455760478973,2,-0.000647991896,-0.944511771202,1.775471568108,0.714152216911,-0.395599395037,0.240684658289,-0.524936854839,16.512850000000
910,1413393931.505760431290,2,-0.024247854948,-0.975133895874,1.759016990662,0.713729858398,-0.397812515497,0.236009016633,-0.525960743427,17.052345000000
911,1413393931.555760383606,2,-0.047101646662,-1.007514238358,1.739229321480,0.713476300240,-0.398874700069,0.232900634408,-0.526885032654,18.787911000000
912,1413393931.605760574341,2,-0.066486716270,-1.043784499168,1.709371685982,0.713961660862,-0.399525731802,0.229990452528,-0.527012765408,16.472633000000
913,1413393931.655760288239,2,-0.085631743073,-1.078842043877,1.684204578400,0.713774383068,-0.399120450020,0.228928238153,-0.528034865856,17.332264000000
914,1413393931.705760478973,2,-0.102126233280,-1.114629149437,1.657180786133,0.713980495930,-0.398737221956,0.228252530098,-0.528338193893,16.029802000000
915,1413393931.755760431290,2,-0.116421982646,-1.151222348213,1.628226518631,0.714450180531,-0.397556751966,0.227890849113,-0.528748989105,17.646081000000
916,1413393931.805760622025,2,-0.122432544827,-1.185942649841,1.597392439842,0.715175628662,-0.396338164806,0.227931007743,-0.528665661812,17.757916000000
917,1413393931.855760335922,2,-0.131501957774,-1.224227070808,1.565852165222,0.715866804123,-0.395128160715,0.228455111384,-0.528409719467,16.689377000000
918,1413393931.905760526657,2,-0.138217270374,-1.263786077499,1.534877538681,0.716590940952,-0.394142210484,0.228722587228,-0.528048694134,18.711482000000
919,1413393931.955760478973,2,-0.137248843908,-1.306139230728,1.506385922432,0.717260241508,-0.392558395863,0.229270756245,-0.528081953526,16.621269000000
920,1413393932.005760431290,2,-0.138679429889,-1.347778558731,1.478291034698,0.718143999577,-0.390937924385,0.230782583356,-0.527424097061,17.450162000000
921,1413393932.055760383606,2,-0.137923240662,-1.390435576439,1.451460361481,0.720047295094,-0.388580769300,0.233015224338,-0.525586247444,16.983938000000
922,1413393932.105760574341,2,-0.134847030044,-1.433877229691,1.426043510437,0.722276687622,-0.386005014181,0.235875040293,-0.523143827915,19.254786000000
923,1413393932.155760288239,2,-0.133684337139,-1.483498334885,1.399083375931,0.725187242031,-0.382014304399,0.240506157279,-0.519928216934,17.958647000000
924,1413393932.205760478973,2,-0.127177566290,-1.528116941452,1.375246524811,0.728018403053,-0.377865970135,0.246077597141,-0.516383945942,17.183261000000
925,1413393932.255760431290,2,-0.118944942951,-1.572491288185,1.352514505386,0.730958282948,-0.372700005770,0.253084570169,-0.512584567070,16.955392000000
926,1413393932.305760622025,2,-0.109616339207,-1.616304636002,1.330997943878,0.733682751656,-0.368412286043,0.258839488029,-0.508904814720,19.324248000000
927,1413393932.355760335922,2,-0.108477056026,-1.664544939995,1.319004058838,0.735891699791,-0.365094572306,0.264188200235,-0.505345523357,17.138049000000
928,1413393932.405760526657,2,-0.098291993141,-1.706217050552,1.299926519394,0.737500727177,-0.362884938717,0.267674446106,-0.502750039101,16.545010000000
929,1413393932.455760478973,2,-0.087506532669,-1.746436595917,1.281432867050,0.738843083382,-0.361259967089,0.270908713341,-0.500210583210,16.188030000000
930,1413393932.505760431290,2,-0.076150894165,-1.784874677658,1.263574242592,0.739542245865,-0.360314577818,0.273765087128,-0.498300552368,21.192944000000
931,1413393932.555760383606,2,-0.067850768566,-1.818676233292,1.249858021736,0.739385783672,-0.359375804663,0.276791781187,-0.497537970543,16.548973000000
932,1413393932.605760574341,2,-0.055949807167,-1.852956891060,1.234390258789,0.737893879414,-0.358476370573,0.279740571976,-0.498750954866,17.056261000000
933,1413393932.655760288239,2,-0.043934822083,-1.885335445404,1.219975590706,0.735674917698,-0.357843756676,0.282693624496,-0.500813901424,17.622562000000
934,1413393932.705760478973,2,-0.032388925552,-1.916007041931,1.206398010254,0.733804523945,-0.357804477215,0.284428685904,-0.502600550652,16.419599000000
935,1413393932.755760431290,2,-0.021210372448,-1.945147871971,1.193752169609,0.731772124767,-0.358205437660,0.286061435938,-0.504348516464,19.026552000000
936,1413393932.805760622025,2,-0.017836570740,-1.973541498184,1.183299064636,0.729612827301,-0.358484864235,0.288521617651,-0.505874633789,17.728879000000
937,1413393932.855760335922,2,-0.007662355900,-2.000097274780,1.171863555908,0.728988409042,-0.357860773802,0.291359126568,-0.505590200424,17.329079000000
938,1413393932.905760526657,2,0.001848340034,-2.025077819824,1.161574959755,0.727861464024,-0.357087731361,0.294567376375,-0.505901396275,16.042204000000
939,1413393932.955760478973,2,0.010883569717,-2.048358678818,1.153282523155,0.723959088326,-0.355382204056,0.298932343721,-0.510123789310,16.598875000000
940,1413393933.005760431290,2,0.018638730049,-2.070006608963,1.146275877953,0.718137264252,-0.352105081081,0.303603142500,-0.517809033394,17.830056000000
941,1413393933.055760383606,2,0.024389982224,-2.094859361649,1.138336896896,0.713051438332,-0.348078340292,0.307288497686,-0.525331258774,16.757721000000
942,1413393933.105760574341,2,0.027483820915,-2.114852190018,1.132977008820,0.707422554493,-0.344551265240,0.310519486666,-0.533306181431,16.526615000000
943,1413393933.155760288239,2,0.027906417847,-2.134659051895,1.127979159355,0.703477799892,-0.343335717916,0.311256885529,-0.538849473000,20.261749000000
944,1413393933.205760478973,2,0.025435447693,-2.154478073120,1.124244213104,0.700257897377,-0.344099849463,0.309705287218,-0.543430626392,19.527781000000
945,1413393933.255760431290,2,0.024925470352,-2.171911954880,1.120346307755,0.698087751865,-0.347325623035,0.304110676050,-0.547316431999,17.004937000000
946,1413393933.305760622025,2,0.017032861710,-2.192127704620,1.119482278824,0.694790184498,-0.352895349264,0.296075016260,-0.552332520485,16.715518000000
947,1413393933.355760335922,2,0.006772220135,-2.213425159454,1.119382262230,0.692281842232,-0.358294308186,0.287938982248,-0.556293308735,16.370859000000
948,1413393933.405760526657,2,-0.005397379398,-2.236249446869,1.120523571968,0.690414667130,-0.365352928638,0.277661621571,-0.559239566326,28.914922000000
949,1413393933.455760478973,2,-0.018962979317,-2.261076450348,1.121958613396,0.690447032452,-0.373711109161,0.266088664532,-0.559302866459,20.543686000000
950,1413393933.505760431290,2,-0.024877071381,-2.285071849823,1.123849987984,0.692167103291,-0.382324635983,0.252942800522,-0.557451844215,17.739386000000
951,1413393933.555760383606,2,-0.038592040539,-2.313915252686,1.124426364899,0.694326519966,-0.390307754278,0.241381779313,-0.554351329803,17.696799000000
952,1413393933.605760574341,2,-0.051058590412,-2.344932317734,1.123038172722,0.696670532227,-0.396728008986,0.232865691185,-0.550482213497,19.560307000000
953,1413393933.655760288239,2,-0.063630044460,-2.378234148026,1.120023131371,0.699310958385,-0.399837970734,0.229840636253,-0.546138405800,21.276221000000
954,1413393933.705760478973,2,-0.072586357594,-2.413936138153,1.114961266518,0.703414320946,-0.398507237434,0.232552736998,-0.540665924549,19.545375000000
955,1413393933.755760431290,2,-0.078909456730,-2.450129508972,1.108936071396,0.708256185055,-0.394192010164,0.240244820714,-0.534105122089,17.957974000000
956,1413393933.805760622025,2,-0.085215210915,-2.489592075348,1.099662303925,0.713025748730,-0.388784527779,0.249009549618,-0.527669489384,17.959242000000
957,1413393933.855760335922,2,-0.090922713280,-2.529459476471,1.088546991348,0.717080116272,-0.384526759386,0.255264312029,-0.522279143333,20.007539000000
958,1413393933.905760526657,2,-0.093273401260,-2.569621562958,1.073142766953,0.719502389431,-0.381190776825,0.260112494230,-0.518990814686,17.149278000000
959,1413393933.955760478973,2,-0.097171187401,-2.608921051025,1.060714244843,0.720077812672,-0.377531737089,0.265754461288,-0.518008053303,18.143609000000
960,1413393934.005760431290,2,-0.100418329239,-2.647657632828,1.051024675369,0.717062115669,-0.370381116867,0.275070607662,-0.522471129894,20.195043000000
961,1413393934.055760383606,2,-0.103371977806,-2.685816764832,1.044191598892,0.713380932808,-0.363725036383,0.284302502871,-0.527222871780,17.753436000000
962,1413393934.105760574341,2,-0.108493328094,-2.723876237869,1.041851043701,0.709505081177,-0.357689261436,0.291483402252,-0.532633423805,17.754442000000
963,1413393934.155760288239,2,-0.115568995476,-2.762054204941,1.042178869247,0.708230733871,-0.353656202555,0.296006977558,-0.534524500370,19.644176000000
964,1413393934.205760478973,2,-0.119722008705,-2.801249265671,1.044170141220,0.707692205906,-0.351033538580,0.298321843147,-0.535678446293,19.810763000000
965,1413393934.255760431290,2,-0.131661295891,-2.838780403137,1.047319412231,0.708369553089,-0.351816117764,0.295314222574,-0.535936176777,17.911743000000
966,1413393934.305760622025,2,-0.145136833191,-2.875988006592,1.050192832947,0.709364712238,-0.353942662477,0.290745645761,-0.535717666149,20.445136000000
967,1413393934.355760335922,2,-0.158683896065,-2.914438247681,1.052533626556,0.711777567863,-0.358723521233,0.282444506884,-0.533774495125,21.440696000000
968,1413393934.405760526657,2,-0.174014925957,-2.951309442520,1.049631118774,0.713885962963,-0.364585965872,0.272888869047,-0.531954526901,18.099891000000
969,1413393934.455760478973,2,-0.189621329308,-2.988497972488,1.043205976486,0.715516388416,-0.369770467281,0.264643192291,-0.530349075794,18.923394000000
970,1413393934.505760431290,2,-0.204923868179,-3.025945663452,1.033196687698,0.716712117195,-0.374551653862,0.257111102343,-0.529082953930,20.342745000000
971,1413393934.555760383606,2,-0.215697407722,-3.064754962921,1.020277261734,0.717328011990,-0.378900110722,0.249425828457,-0.528830766678,18.455548000000
972,1413393934.605760574341,2,-0.229557394981,-3.102944374084,1.005002260208,0.717233955860,-0.382890373468,0.243422538042,-0.528881788254,18.579417000000
973,1413393934.655760288239,2,-0.242579221725,-3.141924619675,0.988294601440,0.715793848038,-0.387264758348,0.236975252628,-0.530573308468,18.487985000000
974,1413393934.705760478973,2,-0.254458546638,-3.181968450546,0.969604730606,0.714320003986,-0.391241908073,0.230910480022,-0.532313048840,18.386619000000
975,1413393934.755760431290,2,-0.265069961548,-3.222506761551,0.948726177216,0.713401317596,-0.395798444748,0.220749616623,-0.534482717514,20.867338000000
976,1413393934.805760622025,2,-0.272687315941,-3.263682842255,0.928236961365,0.713666200638,-0.400144010782,0.207469135523,-0.536210834980,18.915195000000
977,1413393934.855760335922,2,-0.280397295952,-3.307263135910,0.903210401535,0.716430902481,-0.401075929403,0.194727912545,-0.536605954170,19.293380000000
978,1413393934.905760526657,2,-0.285721659660,-3.352826595306,0.875604867935,0.722694039345,-0.398276150227,0.183137744665,-0.534368872643,20.681063000000
979,1413393934.955760478973,2,-0.283636927605,-3.399822235107,0.846809387207,0.732811450958,-0.389825344086,0.175359159708,-0.529407918453,18.359785000000
980,1413393935.005760431290,2,-0.281902790070,-3.449035644531,0.814550161362,0.745772778988,-0.373004585505,0.176019325852,-0.523170888424,18.158776000000
981,1413393935.055760383606,2,-0.276761293411,-3.498802423477,0.780344486237,0.760552704334,-0.350469917059,0.180593073368,-0.515864968300,20.312334000000
982,1413393935.105760574341,2,-0.266335248947,-3.544234752655,0.747598648071,0.774325847626,-0.326626867056,0.183727279305,-0.509881019592,19.400084000000
983,1413393935.155760288239,2,-0.255563974380,-3.591453313828,0.716468334198,0.786229848862,-0.303142011166,0.183426260948,-0.506263136864,18.199366000000
984,1413393935.205760478973,2,-0.242887854576,-3.635873079300,0.689732551575,0.796549201012,-0.280417382717,0.179554969072,-0.504614293575,22.144989000000
985,1413393935.255760431290,2,-0.229002833366,-3.675885200500,0.666916370392,0.804991841316,-0.259289026260,0.172619029880,-0.504935741425,18.236701000000
986,1413393935.305760622025,2,-0.212816476822,-3.713002204895,0.649573802948,0.812126159668,-0.239402368665,0.163370281458,-0.506406784058,18.618526000000
987,1413393935.355760335922,2,-0.195570349693,-3.746315717697,0.636611461639,0.817482411861,-0.221656724811,0.151631861925,-0.509508311749,20.813402000000
988,1413393935.405760526657,2,-0.178985118866,-3.775216579437,0.626785755157,0.821976900101,-0.201433777809,0.142514675856,-0.513291299343,19.770683000000
989,1413393935.455760478973,2,-0.159955620766,-3.801805019379,0.621495723724,0.825468838215,-0.180592834949,0.134304121137,-0.517638742924,20.599090000000
990,1413393935.505760431290,2,-0.140697717667,-3.824840784073,0.619999885559,0.827705562115,-0.158686548471,0.127320483327,-0.522983431816,18.943905000000
991,1413393935.555760383606,2,-0.122122049332,-3.844787836075,0.621267318726,0.830703794956,-0.137279510498,0.119627408683,-0.526093959808,20.168893000000
992,1413393935.605760574341,2,-0.103779137135,-3.861522197723,0.624277591705,0.833130836487,-0.115156613290,0.115703009069,-0.528436124325,19.391908000000
993,1413393935.655760288239,2,-0.085736274719,-3.874524831772,0.628498554230,0.835726857185,-0.095424510539,0.113155014813,-0.528820276260,20.792303000000
994,1413393935.705760478973,2,-0.071016013622,-3.887020111084,0.626667499542,0.836629986763,-0.075370706618,0.115122988820,-0.530204057693,18.741907000000
995,1413393935.755760431290,2,-0.055444657803,-3.893697023392,0.631083011627,0.837342381477,-0.056806050241,0.117716118693,-0.530823707581,19.908564000000
996,1413393935.805760622025,2,-0.042609512806,-3.896865844727,0.635702133179,0.836937010288,-0.037509426475,0.122251786292,-0.532150447369,19.392430000000
997,1413393935.855760335922,2,-0.033727049828,-3.896474361420,0.641034603119,0.835642099380,-0.018502473831,0.125964462757,-0.534315288067,19.830351000000
998,1413393935.905760526657,2,-0.029983699322,-3.892828464508,0.647076129913,0.834429264069,-0.003263134975,0.124247804284,-0.536916851997,18.198282000000
999,1413393935.955760478973,2,-0.032587707043,-3.886034488678,0.654395103455,0.833917260170,0.003467303701,0.109829738736,-0.540839612484,18.336528000000
1000,1413393936.005760431290,2,-0.040836513042,-3.876427650452,0.663094520569,0.833213746548,0.006872646511,0.088346287608,-0.545804619789,22.638513000000
1001,1413393936.055760383606,2,-0.056244075298,-3.858522891998,0.673470973969,0.832725584507,0.011063383892,0.066085934639,-0.549616634846,17.481986000000
1002,1413393936.105760574341,2,-0.071867242455,-3.845193624496,0.683163642883,0.831145763397,0.016086479649,0.041270677000,-0.554287552834,18.228626000000
1003,1413393936.155760288239,2,-0.089762061834,-3.830236434937,0.693397521973,0.829169094563,0.022230334580,0.015769002959,-0.558333098888,20.144297000000
1004,1413393936.205760478973,2,-0.108903355896,-3.814082622528,0.707771301270,0.828106760979,0.029060726985,-0.011323285289,-0.559702157974,17.844987000000
1005,1413393936.255760431290,2,-0.127984046936,-3.796438932419,0.718699932098,0.826636552811,0.038535546511,-0.036140929908,-0.560250759125,17.471930000000
1006,1413393936.305760622025,2,-0.146508872509,-3.776994705200,0.730001449585,0.825526356697,0.049755703658,-0.059624008834,-0.558995306492,17.832134000000
1007,1413393936.355760335922,2,-0.163960695267,-3.756460428238,0.740737915039,0.824106693268,0.063547290862,-0.081234104931,-0.556965887547,18.505808000000
1008,1413393936.405760526657,2,-0.178021073341,-3.733253479004,0.751480579376,0.822042524815,0.079243198037,-0.100142978132,-0.554921686649,18.354507000000
1009,1413393936.455760478973,2,-0.191698729992,-3.709790706635,0.762144088745,0.819174170494,0.096954017878,-0.115887768567,-0.553284406662,18.490781000000
1010,1413393936.505760431290,2,-0.203346014023,-3.684488058090,0.773262500763,0.813381671906,0.118025735021,-0.127306565642,-0.555223643780,19.021566000000
1011,1413393936.555760383606,2,-0.213634490967,-3.660866260529,0.785854339600,0.806025445461,0.139493465424,-0.136924460530,-0.558673799038,16.284958000000
1012,1413393936.605760574341,2,-0.221777081490,-3.632756710052,0.797714471817,-0.796900629997,-0.159572154284,0.146447196603,0.563949882984,17.501931000000
1013,1413393936.655760288239,2,-0.228980541229,-3.602949380875,0.811482667923,-0.786500513554,-0.177929192781,0.156311750412,0.570372581482,16.201855000000
1014,1413393936.705760478973,2,-0.234606266022,-3.573875427246,0.824517488480,-0.775950312614,-0.194383859634,0.166065141559,0.576661467552,17.858299000000
1015,1413393936.755760431290,2,-0.238604784012,-3.546333789825,0.836364269257,-0.766614437103,-0.209622249007,0.175735220313,0.580928623676,15.310647000000
1016,1413393936.805760622025,2,-0.241443276405,-3.518727779388,0.849582910538,-0.758289873600,-0.224498838186,0.184770748019,0.583486616611,15.323461000000
1017,1413393936.855760335922,2,-0.242834925652,-3.492587804794,0.863087892532,-0.750356256962,-0.239569917321,0.193676710129,0.584859967232,17.191958000000
1018,1413393936.905760526657,2,-0.242222785950,-3.472404479980,0.878895759583,-0.741769433022,-0.255023747683,0.201577186584,0.586606979370,15.147997000000
1019,1413393936.955760478973,2,-0.240460515022,-3.449971914291,0.893384933472,-0.733862698078,-0.271217644215,0.210075914860,0.586306095123,16.284131000000
1020,1413393937.005760431290,2,-0.237345814705,-3.429791688919,0.908696889877,-0.724267125130,-0.288578450680,0.217332497239,0.587304294109,16.695595000000
1021,1413393937.055760383606,2,-0.234447002411,-3.413096427917,0.924505233765,-0.715129613876,-0.306070894003,0.224742621183,0.586857020855,16.274180000000
1022,1413393937.105760574341,2,-0.228688955307,-3.398851156235,0.941126585007,-0.706242740154,-0.323038607836,0.233295038342,0.585184335709,18.900851000000
1023,1413393937.155760288239,2,-0.221498608589,-3.387734174728,0.958580255508,-0.697838246822,-0.338716983795,0.242783889174,0.582536399364,20.424592000000
1024,1413393937.205760478973,2,-0.215484499931,-3.381105422974,0.974779129028,-0.689089238644,-0.353853940964,0.252763569355,0.579701662064,17.337994000000
1025,1413393937.255760431290,2,-0.205636024475,-3.376468896866,0.993533849716,-0.681322991848,-0.368065774441,0.262484580278,0.575698316097,15.688743000000
1026,1413393937.305760622025,2,-0.194436550140,-3.374968528748,1.013397932053,-0.674162089825,-0.380842864513,0.272809296846,0.570998549461,18.763951000000
1027,1413393937.355760335922,2,-0.185166716576,-3.375789642334,1.036469936371,-0.668461561203,-0.393120944500,0.281146436930,0.565306782722,15.491683000000
1028,1413393937.405760526657,2,-0.171067595482,-3.379355669022,1.057482719421,-0.663811802864,-0.403062880039,0.288438409567,0.560087203979,17.247674000000
1029,1413393937.455760478973,2,-0.155249595642,-3.385029315948,1.077075958252,-0.662273168564,-0.412577122450,0.292778730392,0.552679896355,15.537029000000
1030,1413393937.505760431290,2,-0.138125061989,-3.392535686493,1.092770576477,-0.665623724461,-0.421329319477,0.294506937265,0.541010558605,16.048978000000
1031,1413393937.555760383606,2,-0.120666265488,-3.401684045792,1.104388237000,-0.670493841171,-0.426787883043,0.297867685556,0.528739035130,16.588452000000
1032,1413393937.605760574341,2,-0.103249669075,-3.411669731140,1.110511302948,-0.675033330917,-0.430736422539,0.300427466631,0.518207967281,17.436971000000
1033,1413393937.655760288239,2,-0.094088315964,-3.421838283539,1.113865613937,-0.680496633053,-0.432986915112,0.303234279156,0.507440328598,15.521278000000
1034,1413393937.705760478973,2,-0.076532363892,-3.432481288910,1.111537456512,-0.685676574707,-0.434769511223,0.304817825556,0.497904896736,16.957554000000
1035,1413393937.755760431290,2,-0.059206247330,-3.442953586578,1.107730865479,-0.691112875938,-0.437122911215,0.304097533226,0.488683253527,16.628363000000
1036,1413393937.805760622025,2,-0.042742967606,-3.452879905701,1.104741573334,-0.696445107460,-0.439028412104,0.303078711033,0.479960024357,16.589981000000
1037,1413393937.855760335922,2,-0.027784109116,-3.461709499359,1.103296041489,-0.701006531715,-0.439579457045,0.302419483662,0.473183065653,17.081802000000
1038,1413393937.905760526657,2,-0.014754533768,-3.469138145447,1.104030370712,-0.701672673225,-0.440524876118,0.301152855158,0.472123265266,16.174524000000
1039,1413393937.955760478973,2,-0.002827644348,-3.475479125977,1.105727434158,-0.698430538177,-0.441388458014,0.299988716841,0.476841598749,16.391458000000
1040,1413393938.005760431290,2,0.007243156433,-3.481251955032,1.108009576797,-0.694663226604,-0.442415803671,0.297559082508,0.482876688242,17.698818000000
1041,1413393938.055760383606,2,0.013394832611,-3.486585140228,1.109805107117,-0.689232826233,-0.444642275572,0.293491810560,0.491033524275,16.736602000000
1042,1413393938.105760574341,2,0.021310329437,-3.491624116898,1.113674402237,-0.681489050388,-0.448293387890,0.288927465677,0.501125454903,16.507299000000
1043,1413393938.155760288239,2,0.028084874153,-3.497787714005,1.118615388870,-0.671105146408,-0.453382879496,0.284050852060,0.513202786446,16.023354000000
1044,1413393938.205760478973,2,0.033819794655,-3.506309986115,1.124421834946,-0.658850014210,-0.460202068090,0.279737174511,0.525240719318,16.530312000000
1045,1413393938.255760431290,2,0.038710713387,-3.518281698227,1.130984783173,-0.647638797760,-0.466636985540,0.277918338776,0.534392595291,16.994225000000
1046,1413393938.305760622025,2,0.042914271355,-3.534743309021,1.138687372208,-0.639304101467,-0.471437931061,0.280557870865,0.538817167282,16.669205000000
1047,1413393938.355760335922,2,0.046795368195,-3.555940628052,1.147928953171,-0.633717000484,-0.474188238382,0.289123207331,0.538475751877,17.863711000000
1048,1413393938.405760526657,2,0.050500750542,-3.581350088120,1.158315420151,-0.631079316139,-0.475587010384,0.301923632622,0.533289909363,16.311198000000
1049,1413393938.455760478973,2,0.054466247559,-3.610581636429,1.169822692871,-0.630468666553,-0.475374579430,0.319448381662,0.523909509182,17.029343000000
1050,1413393938.505760431290,2,0.059567213058,-3.642497062683,1.181272506714,-0.629603147507,-0.477231502533,0.335472583771,0.513135671616,17.595159000000
1051,1413393938.555760383606,2,0.066288948059,-3.679474830627,1.193525552750,-0.628039956093,-0.480628848076,0.349014461040,0.502743244171,16.627345000000
1052,1413393938.605760574341,2,0.073265314102,-3.714548587799,1.202798366547,-0.624978423119,-0.485814034939,0.361277043819,0.492814123631,16.445638000000
1053,1413393938.655760288239,2,0.081854820251,-3.750192403793,1.208969831467,-0.622105121613,-0.491753429174,0.372269690037,0.482264697552,16.117954000000
1054,1413393938.705760478973,2,0.091862201691,-3.785851001740,1.211446285248,-0.619603872299,-0.498338699341,0.381291806698,0.471557199955,17.018770000000
1055,1413393938.755760431290,2,0.106132745743,-3.821083307266,1.212855577469,-0.615176737309,-0.504466831684,0.390581697226,0.463159680367,16.837847000000
1056,1413393938.805760622025,2,0.119760751724,-3.855943918228,1.209965944290,-0.608020007610,-0.510684370995,0.399285823107,0.458349347115,16.170992000000
1057,1413393938.855760335922,2,0.134938716888,-3.890057563782,1.206018686295,-0.598553597927,-0.517776668072,0.406053304672,0.456904590130,16.251982000000
1058,1413393938.905760526657,2,0.151735544205,-3.923668861389,1.202074289322,-0.589456439018,-0.525666236877,0.411634653807,0.454723030329,18.998795000000
1059,1413393938.955760478973,2,0.165112733841,-3.952335834503,1.201250314713,-0.581109762192,-0.534562289715,0.415927886963,0.451174646616,15.992126000000
1060,1413393939.005760431290,2,0.185130119324,-3.984845638275,1.198529720306,-0.573536157608,-0.543210446835,0.420011281967,0.446731746197,17.208931000000
1061,1413393939.055760383606,2,0.206557035446,-4.016779899597,1.197583675385,-0.565187931061,-0.550570368767,0.424449384212,0.444159537554,16.834256000000
1062,1413393939.105760574341,2,0.228894233704,-4.048679351807,1.200423479080,-0.552143990993,-0.552199959755,0.436174273491,0.447173625231,17.248766000000
1063,1413393939.155760288239,2,0.253303050995,-4.080293655396,1.204584956169,-0.538370132446,-0.553111255169,0.448348939419,0.450786948204,18.284104000000
1064,1413393939.205760478973,2,0.279514074326,-4.106025695801,1.211946606636,-0.530540704727,-0.558563053608,0.454428762197,0.447245359421,18.629358000000
1065,1413393939.255760431290,2,0.310493946075,-4.136593341827,1.212916612625,-0.528413712978,-0.567993700504,0.453045785427,0.439217031002,16.250698000000
1066,1413393939.305760622025,2,0.344264984131,-4.166450500488,1.212687849998,-0.531225979328,-0.579536318779,0.446767181158,0.427007853985,17.132369000000
1067,1413393939.355760335922,2,0.380718946457,-4.195565700531,1.210467696190,-0.538402676582,-0.594128608704,0.434169352055,0.410646706820,19.302055000000
1068,1413393939.405760526657,2,0.415570735931,-4.219931125641,1.206699967384,-0.550324082375,-0.608280301094,0.419865906239,0.388395637274,16.495580000000
1069,1413393939.455760478973,2,0.452176809311,-4.248439311981,1.201061487198,-0.564460933208,-0.620547354221,0.404910564423,0.363802492619,18.425196000000
1070,1413393939.505760431290,2,0.482062578201,-4.276678562164,1.189783334732,-0.579240798950,-0.629663109779,0.391048401594,0.339242815971,16.610717000000
1071,1413393939.555760383606,2,0.511582851410,-4.304401397705,1.180912971497,0.592479586601,0.635934531689,-0.379448384047,-0.317134380341,18.154629000000
1072,1413393939.605760574341,2,0.532505035400,-4.331298828125,1.167927503586,0.604128062725,0.640279471874,-0.368700057268,-0.298549622297,16.236217000000
1073,1413393939.655760288239,2,0.549887180328,-4.356481552124,1.155762434006,0.613714873791,0.643702208996,-0.358685731888,-0.283453881741,17.578709000000
1074,1413393939.705760478973,2,0.558565616608,-4.379677295685,1.142547845840,0.617218136787,0.648316860199,-0.348568141460,-0.277898013592,16.404490000000
1075,1413393939.755760431290,2,0.558384895325,-4.401082992554,1.129358291626,0.615779519081,0.651137173176,-0.343122124672,-0.281252920628,17.481421000000
1076,1413393939.805760622025,2,0.548142433167,-4.421915054321,1.116101026535,0.608605504036,0.649600207806,-0.346768707037,-0.295584827662,16.265616000000
1077,1413393939.855760335922,2,0.528249740601,-4.441750526428,1.106036901474,0.596898078918,0.640396595001,-0.362730473280,-0.319423913956,16.399161000000
1078,1413393939.905760526657,2,0.501356124878,-4.461154937744,1.099048137665,-0.582422733307,-0.623311936855,0.388344764709,0.348503172398,18.710699000000
1079,1413393939.955760478973,2,0.472798824310,-4.484425067902,1.092000246048,-0.564160406590,-0.602042019367,0.417771816254,0.380440741777,15.922162000000
1080,1413393940.005760431290,2,0.442613601685,-4.503427028656,1.088424682617,-0.546354949474,-0.579685449600,0.445906132460,0.408201873302,16.803347000000
1081,1413393940.055760383606,2,0.417592525482,-4.523332118988,1.087636709213,-0.530307054520,-0.555970609188,0.473975539207,0.430137544870,16.057288000000
1082,1413393940.105760574341,2,0.394484519958,-4.541007041931,1.085849523544,-0.516508460045,-0.535057306290,0.497338622808,0.446751534939,16.101663000000
1083,1413393940.155760288239,2,0.378102302551,-4.557088851929,1.083617687225,-0.507053315639,-0.517506957054,0.516845524311,0.456020087004,15.769124000000
1084,1413393940.205760478973,2,0.370442390442,-4.570701599121,1.081481575966,-0.498735100031,-0.504185795784,0.531166911125,0.463596493006,18.695057000000
1085,1413393940.255760431290,2,0.372334480286,-4.581024646759,1.078809857368,-0.496241629124,-0.497936695814,0.537973523140,0.465175032616,15.856665000000
1086,1413393940.305760622025,2,0.380855560303,-4.589640617371,1.073632001877,-0.501235902309,-0.502081632614,0.534383177757,0.459468632936,18.082396000000
1087,1413393940.355760335922,2,0.398353099823,-4.595505237579,1.068211317062,-0.511990547180,-0.516610383987,0.519209086895,0.448777616024,18.371014000000
1088,1413393940.405760526657,2,0.423235893250,-4.598224639893,1.061437129974,-0.526127338409,-0.535855829716,0.497249662876,0.434501349926,19.727411000000
1089,1413393940.455760478973,2,0.453132152557,-4.598551750183,1.057878017426,-0.543904423714,-0.556235313416,0.472073107958,0.414629012346,20.285836000000
1090,1413393940.505760431290,2,0.487091541290,-4.597091674805,1.050754070282,-0.564282417297,-0.577645421028,0.443401664495,0.388980865479,18.070969000000
1091,1413393940.555760383606,2,0.520406723022,-4.596293926239,1.047129869461,-0.584654808044,-0.594346880913,0.417960733175,0.360886931419,16.929834000000
1092,1413393940.605760574341,2,0.552439689636,-4.592738628387,1.044500350952,-0.602836489677,-0.604686796665,0.398316711187,0.335091024637,18.645568000000
1093,1413393940.655760288239,2,0.579994201660,-4.587370872498,1.046255588531,0.617231786251,0.610067844391,-0.384442746639,-0.314715594053,15.767221000000
1094,1413393940.705760478973,2,0.599942684174,-4.580182075500,1.048815011978,0.629490613937,0.610965073109,-0.376652598381,-0.297651052475,19.212381000000
1095,1413393940.755760431290,2,0.605809211731,-4.572167396545,1.050681352615,0.640945374966,0.607135713100,-0.374610245228,-0.283271104097,15.925013000000
1096,1413393940.805760622025,2,0.608309268951,-4.558949947357,1.057956218719,0.646380484104,0.601227521896,-0.377965152264,-0.279034495354,19.130272000000
1097,1413393940.855760335922,2,0.598450183868,-4.542376041412,1.073783636093,0.642233014107,0.594974577427,-0.385758787394,-0.291088134050,17.639539000000
1098,1413393940.905760526657,2,0.584674835205,-4.520207405090,1.085107803345,0.630842089653,0.590195477009,-0.394493401051,-0.313181281090,17.229434000000
1099,1413393940.955760478973,2,0.565388202667,-4.495304107666,1.097992420197,-0.615890860558,-0.583197057247,0.407051771879,0.338922649622,19.476148000000
1100,1413393941.005760431290,2,0.539099216461,-4.466147422791,1.113967657089,-0.598009526730,-0.573469400406,0.422816604376,0.367074549198,19.006759000000
1101,1413393941.055760383606,2,0.514291286469,-4.437181472778,1.130249261856,-0.579641938210,-0.559199571609,0.442908912897,0.393881648779,16.891352000000
1102,1413393941.105760574341,2,0.490259647369,-4.406804084778,1.147184133530,-0.560573160648,-0.545232295990,0.461559325457,0.418858528137,18.327738000000
1103,1413393941.155760288239,2,0.470271348953,-4.375226020813,1.167900800705,-0.544102966785,-0.532693386078,0.477918446064,0.437931180000,15.972372000000
1104,1413393941.205760478973,2,0.453671455383,-4.342712402344,1.184302330017,-0.530695855618,-0.522859573364,0.490532368422,0.452059656382,16.856626000000
1105,1413393941.255760431290,2,0.442630052567,-4.309099674225,1.198874473572,-0.523048579693,-0.519150555134,0.496189177036,0.459019958973,17.907612000000
1106,1413393941.305760622025,2,0.440091609955,-4.273368835449,1.207594633102,-0.524017095566,-0.525174677372,0.491818100214,0.455755084753,17.380110000000
1107,1413393941.355760335922,2,0.441661357880,-4.237864494324,1.217540740967,-0.531041622162,-0.536666274071,0.481484144926,0.445148527622,18.351161000000
1108,1413393941.405760526657,2,0.451629161835,-4.200903892517,1.222184658051,-0.541619718075,-0.551528930664,0.466603159904,0.429820299149,17.051265000000
1109,1413393941.455760478973,2,0.461787939072,-4.164179801941,1.230317354202,-0.553614377975,-0.567266285419,0.449421256781,0.411996036768,17.741185000000
1110,1413393941.505760431290,2,0.473948717117,-4.126596927643,1.237839698792,-0.566376030445,-0.584419369698,0.428961217403,0.392000794411,17.892900000000
1111,1413393941.555760383606,2,0.482752323151,-4.087150573730,1.244195461273,-0.577750325203,-0.599828898907,0.409349948168,0.372615784407,16.751282000000
1112,1413393941.605760574341,2,0.492639303207,-4.048792839050,1.253535747528,-0.587486267090,-0.612686634064,0.391686677933,0.355044573545,18.625684000000
1113,1413393941.655760288239,2,0.499773502350,-4.010164737701,1.258419275284,-0.594274759293,-0.622308552265,0.377834051847,0.341776132584,16.759560000000
1114,1413393941.705760478973,2,0.500858068466,-3.971352100372,1.268337249756,0.600268423557,0.628885447979,-0.366151541471,-0.331834346056,18.042280000000
1115,1413393941.755760431290,2,0.498266935349,-3.934220075607,1.271554946899,0.605563342571,0.633291363716,-0.355459690094,-0.325397640467,15.902357000000
1116,1413393941.805760622025,2,0.487973690033,-3.895364284515,1.277217626572,0.609079301357,0.636115491390,-0.347265064716,-0.322159111500,17.081993000000
1117,1413393941.855760335922,2,0.470268964767,-3.856877803802,1.281873226166,0.609546780586,0.634812772274,-0.345722764730,-0.325486183167,19.052068000000
1118,1413393941.905760526657,2,0.446980714798,-3.817419528961,1.283494472504,0.605129957199,0.627722144127,-0.354956358671,-0.337325811386,16.392625000000
1119,1413393941.955760478973,2,0.415700674057,-3.779986381531,1.288199424744,-0.597948968410,-0.617528617382,0.368491828442,0.354018747807,17.786258000000
1120,1413393942.005760431290,2,0.380343437195,-3.742610931396,1.294989109039,-0.587680637836,-0.603794038296,0.386991828680,0.374568670988,16.463223000000
1121,1413393942.055760383606,2,0.341297626495,-3.706120491028,1.302366137505,-0.574222326279,-0.586802482605,0.408651143312,0.398667544127,18.858076000000
1122,1413393942.105760574341,2,0.302489280701,-3.667756319046,1.309823393822,-0.559826433659,-0.569504261017,0.429009437561,0.422149509192,16.071620000000
1123,1413393942.155760288239,2,0.265226840973,-3.631831645966,1.317695260048,-0.546160399914,-0.553487837315,0.446424305439,0.442792803049,18.680971000000
1124,1413393942.205760478973,2,0.231667518616,-3.594211816788,1.326328158379,-0.533783197403,-0.539729893208,0.460474133492,0.460142076015,16.576878000000
1125,1413393942.255760431290,2,0.202804803848,-3.558849811554,1.333686351776,-0.524696648121,-0.530942261219,0.468181520700,0.472863405943,16.252699000000
1126,1413393942.305760622025,2,0.179793357849,-3.524060010910,1.341502189636,-0.518831372261,-0.524353444576,0.473786443472,0.481034338474,18.400207000000
1127,1413393942.355760335922,2,0.169512033463,-3.488216638565,1.344748854637,-0.515980362892,-0.521824955940,0.475409775972,0.485230445862,16.063598000000
1128,1413393942.405760526657,2,0.160503864288,-3.454549789429,1.351863265038,-0.517618298531,-0.524585068226,0.471632927656,0.484194487333,16.097291000000
1129,1413393942.455760478973,2,0.158151388168,-3.421671152115,1.358474016190,-0.523951888084,-0.531697750092,0.462870836258,0.478040248156,17.222400000000
1130,1413393942.505760431290,2,0.167917728424,-3.388281822205,1.362577676773,-0.531962871552,-0.541742920876,0.451388388872,0.468805640936,17.080738000000
1131,1413393942.555760383606,2,0.176429986954,-3.357294082642,1.368314862251,-0.543279767036,-0.554898142815,0.435840755701,0.454948395491,18.109644000000
1132,1413393942.605760574341,2,0.188379764557,-3.327083587646,1.372377038002,-0.557194530964,-0.569373607635,0.417369306087,0.437208086252,20.218565000000
1133,1413393942.655760288239,2,0.204611539841,-3.299201011658,1.373312950134,-0.570977330208,-0.582551777363,0.399666070938,0.418193101883,17.515241000000
1134,1413393942.705760478973,2,0.218661069870,-3.271169185638,1.374669432640,-0.582187116146,-0.594996452332,0.382176160812,0.401221513748,17.897530000000
1135,1413393942.755760431290,2,0.230387449265,-3.244263648987,1.375344395638,-0.591806709766,-0.604741930962,0.367798566818,0.385715216398,18.709276000000
1136,1413393942.805760622025,2,0.238311767578,-3.217620849609,1.370841026306,-0.598398625851,-0.613404273987,0.355180829763,0.373498320580,16.623964000000
1137,1413393942.855760335922,2,0.242811918259,-3.192325353622,1.366879940033,0.603200197220,0.619541347027,-0.345994532108,-0.364150822163,16.549170000000
1138,1413393942.905760526657,2,0.242944955826,-3.167912960052,1.360508322716,0.606537103653,0.624528586864,-0.338733643293,-0.356842190027,18.606755000000
1139,1413393942.955760478973,2,0.242655515671,-3.143667936325,1.349144816399,0.608951568604,0.627251744270,-0.335038036108,-0.351401090622,17.474335000000
1140,1413393943.005760431290,2,0.231825828552,-3.120795249939,1.339714407921,0.607551038265,0.627319574356,-0.336227327585,-0.352566540241,16.961299000000
1141,1413393943.055760383606,2,0.213859796524,-3.099070787430,1.331524372101,0.600432097912,0.621403992176,-0.348270475864,-0.363381564617,17.177089000000
1142,1413393943.105760574341,2,0.190259456635,-3.078356266022,1.324978470802,-0.589286804199,-0.612192511559,0.365031898022,0.380411773920,16.972918000000
1143,1413393943.155760288239,2,0.162901639938,-3.058969736099,1.320483684540,-0.575908303261,-0.598642170429,0.386958956718,0.400274842978,17.937942000000
1144,1413393943.205760478973,2,0.127705812454,-3.044104576111,1.312853455544,-0.561102569103,-0.584767758846,0.408201813698,0.420216560364,16.410142000000
1145,1413393943.255760431290,2,0.099374771118,-3.026768207550,1.309491395950,-0.546280384064,-0.570441961288,0.427453458309,0.439837813377,17.756822000000
1146,1413393943.305760622025,2,0.073465347290,-3.010455846786,1.306200504303,-0.535007357597,-0.556817710400,0.444548636675,0.453979820013,16.424842000000
1147,1413393943.355760335922,2,0.051448106766,-2.995079517365,1.303709387779,-0.523693978786,-0.544728159904,0.459973931313,0.466304481030,18.526873000000
1148,1413393943.405760526657,2,0.034695386887,-2.980264902115,1.300974845886,-0.516325652599,-0.535127222538,0.470900058746,0.474657714367,18.202844000000
1149,1413393943.455760478973,2,0.023226022720,-2.966643571854,1.302975535393,-0.511627435684,-0.529526948929,0.477246195078,0.479661107063,16.720686000000
1150,1413393943.505760431290,2,0.017385005951,-2.952856779099,1.298900246620,-0.513522207737,-0.531949579716,0.474126607180,0.478046596050,18.155963000000
1151,1413393943.555760383606,2,0.019951343536,-2.939583301544,1.292225837708,-0.522730648518,-0.541923701763,0.461162447929,0.469468414783,16.668413000000
1152,1413393943.605760574341,2,0.026429653168,-2.926500320435,1.285543203354,-0.532975852489,-0.553536772728,0.446154445410,0.458780914545,17.142203000000
1153,1413393943.655760288239,2,0.036919355392,-2.914294242859,1.277950406075,-0.546722054482,-0.568297266960,0.426764339209,0.442725092173,19.050045000000
1154,1413393943.705760478973,2,0.045014858246,-2.903565883636,1.274836778641,-0.560663998127,-0.582409620285,0.406444191933,0.425744086504,17.246077000000
1155,1413393943.755760431290,2,0.057439565659,-2.893574953079,1.269474267960,-0.574063718319,-0.594332695007,0.388152688742,0.408114016056,17.409359000000
1156,1413393943.805760622025,2,0.068398475647,-2.884558677673,1.265156865120,-0.585629224777,-0.604624748230,0.370816141367,0.392381012440,19.503097000000
1157,1413393943.855760335922,2,0.074654340744,-2.876545429230,1.266222834587,-0.595206618309,-0.610460221767,0.356708914042,0.381872087717,17.866144000000
1158,1413393943.905760526657,2,0.077348709106,-2.868900537491,1.266087770462,-0.603845298290,-0.611991345882,0.346203178167,0.375474244356,16.232697000000
1159,1413393943.955760478973,2,0.071039676666,-2.861743927002,1.268655657768,-0.609176874161,-0.610474050045,0.339191973209,0.375731199980,16.318329000000
1160,1413393944.005760431290,2,0.060421943665,-2.855535984039,1.274816274643,-0.612394630909,-0.601837038994,0.341445773840,0.382334828377,17.446807000000
1161,1413393944.055760383606,2,0.044435262680,-2.850564956665,1.279136061668,-0.613579332829,-0.588984668255,0.348562240601,0.393855243921,15.589919000000
1162,1413393944.105760574341,2,0.024917364120,-2.845753192902,1.287639021873,-0.614846348763,-0.572154462337,0.360291332006,0.405947715044,16.210906000000
1163,1413393944.155760288239,2,0.002942323685,-2.841065645218,1.297628760338,-0.616373598576,-0.551411926746,0.375730633736,0.418156743050,17.850099000000
1164,1413393944.205760478973,2,-0.018003940582,-2.836146831512,1.310117602348,-0.616981863976,-0.529068887234,0.391697049141,0.431269019842,17.172214000000
1165,1413393944.255760431290,2,-0.040412902832,-2.829647779465,1.321754813194,-0.614677608013,-0.507539093494,0.405653744936,0.447236716747,15.930616000000
1166,1413393944.305760622025,2,-0.060837745667,-2.821805953979,1.333539605141,-0.611865520477,-0.486765921116,0.417452692986,0.463047295809,17.121451000000
1167,1413393944.355760335922,2,-0.078309774399,-2.812526226044,1.344380855560,-0.608817398548,-0.468708902597,0.424966603518,0.478598833084,21.343194000000
1168,1413393944.405760526657,2,-0.087513685226,-2.805195569992,1.356689333916,-0.606379210949,-0.455042213202,0.427089571953,0.492783218622,15.994311000000
1169,1413393944.455760478973,2,-0.095836639404,-2.794629335403,1.366041660309,-0.606895685196,-0.444607257843,0.427294462919,0.501419544220,19.012875000000
1170,1413393944.505760431290,2,-0.099815487862,-2.781679391861,1.375013947487,-0.609108805656,-0.442425996065,0.418534487486,0.508010506630,15.624569000000
1171,1413393944.555760383606,2,-0.097269773483,-2.770379304886,1.380370855331,-0.616131842136,-0.447751492262,0.402381032705,0.507926881313,16.273667000000
1172,1413393944.605760574341,2,-0.090227961540,-2.759214162827,1.384493112564,-0.626102745533,-0.457038849592,0.381874293089,0.503272175789,17.925509000000
1173,1413393944.655760288239,2,-0.078793525696,-2.752421855927,1.388979673386,-0.639124810696,-0.467227369547,0.361364930868,0.492578506470,16.885486000000
1174,1413393944.705760478973,2,-0.066157937050,-2.743406295776,1.392786264420,-0.653023481369,-0.478049695492,0.341190695763,0.478139877319,19.383284000000
1175,1413393944.755760431290,2,-0.051012635231,-2.736615896225,1.401003479958,-0.665800690651,-0.487343221903,0.322883337736,0.463629573584,16.284851000000
1176,1413393944.805760622025,2,-0.039584875107,-2.728875637054,1.407347440720,-0.677222490311,-0.494651883841,0.308114469051,0.449171215296,16.688259000000
1177,1413393944.855760335922,2,-0.030855894089,-2.720967531204,1.415063500404,-0.686242580414,-0.500106871128,0.296146929264,0.437334388494,18.135199000000
1178,1413393944.905760526657,2,-0.029399752617,-2.712932348251,1.425046682358,-0.693530857563,-0.503767311573,0.286831825972,0.427739441395,16.696686000000
1179,1413393944.955760478973,2,-0.029453873634,-2.703583955765,1.435992479324,0.699581027031,0.504678189754,-0.281424939632,-0.420340776443,16.864831000000
1180,1413393945.005760431290,2,-0.036502122879,-2.692831993103,1.447415828705,0.702047705650,0.502261400223,-0.279908001423,-0.420135796070,16.089715000000
1181,1413393945.055760383606,2,-0.048343181610,-2.680153608322,1.462975740433,-0.698186993599,-0.495428055525,0.284554392099,0.431410253048,16.084661000000
1182,1413393945.105760574341,2,-0.064771294594,-2.666141986847,1.479140162468,-0.689629137516,-0.484379917383,0.293727368116,0.451123088598,16.786915000000
1183,1413393945.155760288239,2,-0.083770513535,-2.651377916336,1.494368433952,-0.678679406643,-0.469798296690,0.304961472750,0.475060433149,16.437467000000
1184,1413393945.205760478973,2,-0.102240681648,-2.640814781189,1.509321451187,-0.665843248367,-0.452835917473,0.316221535206,0.501593887806,16.135070000000
1185,1413393945.255760431290,2,-0.121159672737,-2.627159118652,1.519408226013,-0.653378665447,-0.434555679560,0.326444596052,0.526964604855,15.914937000000
1186,1413393945.305760622025,2,-0.134698152542,-2.613241195679,1.526365876198,-0.643355309963,-0.417254894972,0.334000706673,0.548120260239,14.888505000000
1187,1413393945.355760335922,2,-0.147342920303,-2.602714061737,1.528150558472,-0.638451218605,-0.402602970600,0.335745662451,0.563529849052,17.512150000000
1188,1413393945.405760526657,2,-0.154818892479,-2.594135522842,1.524435639381,-0.639378607273,-0.390631198883,0.333325862885,0.572272896767,15.707460000000
1189,1413393945.455760478973,2,-0.158984899521,-2.588426113129,1.517409920692,-0.645416080952,-0.381116777658,0.327723056078,0.575139820576,22.595633000000
1190,1413393945.505760431290,2,-0.159321904182,-2.584268093109,1.505240678787,-0.658229589462,-0.373550623655,0.319657206535,0.570099115372,16.039562000000
1191,1413393945.555760383606,2,-0.155415058136,-2.582993030548,1.491054415703,-0.674154996872,-0.368348211050,0.308124661446,0.561154067516,15.104484000000
1192,1413393945.605760574341,2,-0.148304224014,-2.583338260651,1.476475477219,-0.689660429955,-0.364834696054,0.294168889523,0.552022516727,14.250588000000
1193,1413393945.655760288239,2,-0.138132929802,-2.585126399994,1.461938142776,-0.704358160496,-0.361753523350,0.278499156237,0.543555259705,16.533423000000
1194,1413393945.705760478973,2,-0.126130223274,-2.587790489197,1.447873711586,-0.719060957432,-0.359119743109,0.261740148067,0.534300029278,20.398727000000
1195,1413393945.755760431290,2,-0.116587162018,-2.592092037201,1.438093423843,-0.734171748161,-0.356140673161,0.243997633457,0.524042785168,15.945070000000
1196,1413393945.805760622025,2,-0.104328036308,-2.595564603806,1.424870491028,-0.748662531376,-0.352714121342,0.226694017649,0.513524115086,16.380869000000
1197,1413393945.855760335922,2,-0.093702673912,-2.598565101624,1.412629842758,-0.762277662754,-0.347719520330,0.210562348366,0.503673851490,16.114863000000
1198,1413393945.905760526657,2,-0.085653185844,-2.600094795227,1.402075529099,0.772337436676,0.342158347368,-0.195738643408,-0.498105376959,17.799399000000
1199,1413393945.955760478973,2,-0.086921811104,-2.596797704697,1.399444818497,0.776308357716,0.331881403923,-0.188320621848,-0.501732528210,16.295881000000
1200,1413393946.005760431290,2,-0.086460888386,-2.593631744385,1.395190000534,0.773629903793,0.319770455360,-0.183650508523,-0.515282690525,19.747525000000
1201,1413393946.055760383606,2,-0.088421642780,-2.589006900787,1.397381544113,-0.766770720482,-0.305664449930,0.182202100754,0.534260630608,14.823613000000
1202,1413393946.105760574341,2,-0.092287898064,-2.583669662476,1.396476984024,-0.757299065590,-0.290521085262,0.181787192822,0.555921733379,17.438877000000
1203,1413393946.155760288239,2,-0.094427645206,-2.579619169235,1.398370027542,-0.746375381947,-0.274368464947,0.182058602571,0.578360140324,14.824715000000
1204,1413393946.205760478973,2,-0.098417520523,-2.576640844345,1.398629665375,-0.735686779022,-0.257831692696,0.181308567524,0.599512338638,15.418590000000
1205,1413393946.255760431290,2,-0.101128101349,-2.576427698135,1.397575616837,-0.728951513767,-0.242225021124,0.178524732590,0.614886820316,16.721269000000
1206,1413393946.305760622025,2,-0.102086961269,-2.579480648041,1.394660830498,-0.728468775749,-0.228771418333,0.171817585826,0.622475445271,16.579720000000
1207,1413393946.355760335922,2,-0.101510882378,-2.586494207382,1.391466021538,-0.733789682388,-0.213492125273,0.167842224240,0.622738182545,16.391007000000
1208,1413393946.405760526657,2,-0.099007576704,-2.597287178040,1.386542797089,-0.745203316212,-0.199059605598,0.161374837160,0.615634202957,16.263991000000
1209,1413393946.455760478973,2,-0.094919323921,-2.610603332520,1.381732225418,-0.758426964283,-0.184011176229,0.155352309346,0.605635344982,16.460864000000
1210,1413393946.505760431290,2,-0.088957548141,-2.625277519226,1.376837730408,-0.772276282310,-0.170028850436,0.145523428917,0.594560861588,15.516612000000
1211,1413393946.555760383606,2,-0.081170439720,-2.641137599945,1.371885538101,-0.787540078163,-0.156963527203,0.133142530918,0.580875396729,18.259708000000
1212,1413393946.605760574341,2,-0.073608398438,-2.654437303543,1.370756864548,0.803251326084,0.146054774523,-0.117416709661,-0.565392434597,15.520550000000
1213,1413393946.655760288239,2,-0.064182162285,-2.669197797775,1.365627527237,0.818481802940,0.135016590357,-0.099052868783,-0.549587666988,16.236375000000
1214,1413393946.705760478973,2,-0.053138613701,-2.683838605881,1.360890865326,0.831687152386,0.124492615461,-0.078442186117,-0.535392343998,15.581718000000
1215,1413393946.755760431290,2,-0.044082432985,-2.693397760391,1.358291387558,0.841644704342,0.113633997738,-0.057822261006,-0.524764835835,16.458748000000
1216,1413393946.805760622025,2,-0.036458149552,-2.698711156845,1.358687877655,0.847054302692,0.100474238396,-0.040010448545,-0.520387411118,17.988403000000
1217,1413393946.855760335922,2,-0.025694817305,-2.699974060059,1.356296300888,0.848363757133,0.086461223662,-0.025147203356,-0.521700143814,16.624022000000
1218,1413393946.905760526657,2,-0.021874502301,-2.697161912918,1.361394405365,0.844045877457,0.072171323001,-0.012410067953,-0.531247556210,18.516159000000
1219,1413393946.955760478973,2,-0.018799461424,-2.691090822220,1.362878322601,0.833687186241,0.057151727378,-0.002400481375,-0.549266517162,16.195052000000
1220,1413393947.005760431290,2,-0.018792312592,-2.682154655457,1.370894670486,0.818096041679,0.041872501373,0.006102764979,-0.573522865772,16.203320000000
1221,1413393947.055760383606,2,-0.015030898154,-2.675772666931,1.375144481659,0.801754474640,0.026753123850,0.014310461469,-0.596883058548,15.103770000000
1222,1413393947.105760574341,2,-0.016347587109,-2.667733669281,1.377348661423,0.787014424801,0.011970975436,0.023053638637,-0.616387605667,16.625327000000
1223,1413393947.155760288239,2,-0.016521088779,-2.660950899124,1.372916936874,0.776422441006,-0.003355884459,0.032014179975,-0.629390299320,15.394475000000
1224,1413393947.205760478973,2,-0.019054278731,-2.657787799835,1.366032361984,0.771593749523,-0.018555443734,0.041543260217,-0.634486377239,15.971276000000
1225,1413393947.255760431290,2,-0.022537946701,-2.658338069916,1.355468273163,0.769228637218,-0.033406469971,0.051250562072,-0.636038362980,15.763132000000
1226,1413393947.305760622025,2,-0.026768162847,-2.662000656128,1.341566562653,0.768624782562,-0.048747874796,0.061058409512,-0.634910583496,17.015721000000
1227,1413393947.355760335922,2,-0.030032441020,-2.677539110184,1.322402477264,0.767625331879,-0.064853519201,0.070368945599,-0.633714139462,16.288793000000
1228,1413393947.405760526657,2,-0.036305874586,-2.687426090240,1.303266048431,0.768152296543,-0.082688696682,0.077220857143,-0.630191683769,16.054228000000
1229,1413393947.455760478973,2,-0.043647259474,-2.699981212616,1.281619787216,0.771072030067,-0.104980871081,0.077936641872,-0.623179614544,16.336029000000
1230,1413393947.505760431290,2,-0.051176488400,-2.714986085892,1.258679866791,0.774706423283,-0.128712162375,0.076902203262,-0.614287614822,16.478737000000
1231,1413393947.555760383606,2,-0.058030396700,-2.732419490814,1.236050128937,0.777277469635,-0.152245685458,0.075731396675,-0.605744063854,19.003644000000
1232,1413393947.605760574341,2,-0.060934066772,-2.760974407196,1.212953805923,0.779340803623,-0.175792425871,0.074864491820,-0.596758067608,17.546761000000
1233,1413393947.655760288239,2,-0.064483582973,-2.782712936401,1.191077709198,0.782972335815,-0.198666796088,0.074952110648,-0.584694802761,16.421005000000
1234,1413393947.705760478973,2,-0.064950793982,-2.805977582932,1.169148206711,0.788962602615,-0.217825487256,0.079297237098,-0.569036126137,18.709856000000
1235,1413393947.755760431290,2,-0.061768352985,-2.833086967468,1.142929315567,0.795076966286,-0.232421725988,0.090695925057,-0.552817404270,16.781952000000
1236,1413393947.805760622025,2,-0.054895699024,-2.857690334320,1.122572422028,0.800710320473,-0.242123842239,0.108056806028,-0.537180542946,18.536082000000
1237,1413393947.855760335922,2,-0.040179848671,-2.880897045135,1.101465225220,0.803641974926,-0.248598575592,0.129038974643,-0.525078475475,17.588277000000
1238,1413393947.905760526657,2,-0.026277005672,-2.902904033661,1.085746526718,0.803336620331,-0.254384487867,0.149878159165,-0.517180323601,19.182203000000
1239,1413393947.955760478973,2,-0.011044740677,-2.919337749481,1.074455261230,0.799749195576,-0.259246170521,0.170136362314,-0.514048993587,18.543685000000
1240,1413393948.005760431290,2,0.006665825844,-2.935661554337,1.063706159592,0.792563140392,-0.257400900126,0.196388930082,-0.516739726067,18.768763000000
1241,1413393948.055760383606,2,0.025924086571,-2.947160243988,1.054228067398,0.784207224846,-0.254868507385,0.220887348056,-0.520835816860,18.752444000000
1242,1413393948.105760574341,2,0.042569756508,-2.957936525345,1.045915365219,0.776070833206,-0.253956049681,0.241161465645,-0.524463176727,18.541800000000
1243,1413393948.155760288239,2,0.056868314743,-2.966225624084,1.039067745209,0.767268359661,-0.256944239140,0.255010575056,-0.529385089874,20.226871000000
1244,1413393948.205760478973,2,0.069173336029,-2.971295118332,1.034726619720,0.757344722748,-0.262160509825,0.264339894056,-0.536493599415,18.906966000000
1245,1413393948.255760431290,2,0.077955842018,-2.975602388382,1.030377388000,0.746644556522,-0.268434047699,0.270736575127,-0.545130074024,19.176257000000
1246,1413393948.305760622025,2,0.083341002464,-2.979010820389,1.027265071869,0.735121250153,-0.276591390371,0.273275822401,-0.555350661278,19.493433000000
1247,1413393948.355760335922,2,0.087536811829,-2.981581211090,1.024391889572,0.722607553005,-0.284024834633,0.275917917490,-0.566601872444,18.913096000000
1248,1413393948.405760526657,2,0.086750149727,-2.985990524292,1.022552490234,0.710625469685,-0.290373742580,0.280153125525,-0.576375544071,17.944438000000
1249,1413393948.455760478973,2,0.082358121872,-2.991769790649,1.020633459091,0.701307177544,-0.297295510769,0.283145934343,-0.582762420177,17.575117000000
1250,1413393948.505760431290,2,0.074531555176,-2.999349117279,1.018511533737,0.695222914219,-0.305026680231,0.285586953163,-0.584862291813,18.043364000000
1251,1413393948.555760383606,2,0.063055038452,-3.008962869644,1.016064643860,0.694761514664,-0.315544843674,0.284010350704,-0.580582439899,17.441151000000
1252,1413393948.605760574341,2,0.048852801323,-3.020567417145,1.011724233627,0.700462818146,-0.326487749815,0.282460719347,-0.568307697773,17.504951000000
1253,1413393948.655760288239,2,0.033044099808,-3.033296108246,1.006678104401,0.710360586643,-0.338805496693,0.280062049627,-0.549694538116,17.748738000000
1254,1413393948.705760478973,2,0.015141367912,-3.047229528427,1.002063274384,0.720347285271,-0.350855141878,0.277803540230,-0.529929935932,17.458394000000
1255,1413393948.755760431290,2,-0.003777861595,-3.061617374420,0.997407197952,0.729238152504,-0.362996190786,0.276159942150,-0.510079622269,18.367999000000
1256,1413393948.805760622025,2,-0.022690653801,-3.075529336929,0.993998050690,0.735985755920,-0.375676006079,0.274197548628,-0.491943389177,18.743436000000
1257,1413393948.855760335922,2,-0.043010950089,-3.087313175201,0.995027542114,0.739988386631,-0.389417916536,0.271514773369,-0.476498335600,19.472802000000
1258,1413393948.905760526657,2,-0.057747602463,-3.096868991852,0.995583057404,0.739991247654,-0.402200371027,0.271115571260,-0.465987294912,17.263484000000
1259,1413393948.955760478973,2,-0.070390701294,-3.104884386063,0.997532844543,0.736254513264,-0.413929224014,0.273326545954,-0.460309028625,18.010948000000
1260,1413393949.005760431290,2,-0.079843997955,-3.111605644226,1.000957489014,0.727011680603,-0.422858059406,0.281333923340,-0.462056577206,17.380045000000
1261,1413393949.055760383606,2,-0.087046861649,-3.117074489594,1.005378484726,0.716322481632,-0.428132295609,0.294241696596,-0.465839892626,17.805435000000
1262,1413393949.105760574341,2,-0.091030359268,-3.120982170105,1.011891126633,0.703308820724,-0.432688772678,0.308739274740,-0.472035229206,17.853594000000
1263,1413393949.155760288239,2,-0.093964576721,-3.124144315720,1.019773244858,0.689941048622,-0.435761213303,0.324466615915,-0.478346049786,17.590474000000
1264,1413393949.205760478973,2,-0.097649097443,-3.127605438232,1.028014421463,0.675758183002,-0.438790589571,0.339513987303,-0.485328733921,17.706904000000
1265,1413393949.255760431290,2,-0.102203845978,-3.130572319031,1.036177635193,0.662191510201,-0.442324906588,0.352889776230,-0.491243183613,18.944535000000
1266,1413393949.305760622025,2,-0.107198238373,-3.132829904556,1.045429944992,0.648067474365,-0.444274127483,0.367463052273,-0.497594147921,19.369849000000
1267,1413393949.355760335922,2,-0.115851163864,-3.139431715012,1.052609443665,0.634672760963,-0.447274923325,0.379244923592,-0.503298044205,20.164215000000
1268,1413393949.405760526657,2,-0.126724958420,-3.142563581467,1.061979770660,0.620671570301,-0.450446218252,0.390676468611,-0.509153127670,18.949235000000
1269,1413393949.455760478973,2,-0.141221523285,-3.145916461945,1.071239829063,0.607329308987,-0.455202609301,0.398693412542,-0.514767169952,19.448867000000
1270,1413393949.505760431290,2,-0.160096168518,-3.149954080582,1.079271912575,0.597263038158,-0.464241772890,0.399467200041,-0.517863392830,20.144745000000
1271,1413393949.555760383606,2,-0.183451175690,-3.154793739319,1.085207939148,0.593696653843,-0.478583067656,0.391309738159,-0.515130341053,18.110508000000
1272,1413393949.605760574341,2,-0.210513591766,-3.161073207855,1.089835166931,0.593219101429,-0.493791729212,0.379890441895,-0.509847164154,18.966730000000
1273,1413393949.655760288239,2,-0.240153551102,-3.168899297714,1.093976020813,0.594214141369,-0.507852017879,0.367208123207,-0.504136979580,18.502025000000
1274,1413393949.705760478973,2,-0.270994186401,-3.179035902023,1.098221063614,0.594042122364,-0.522215127945,0.352992743254,-0.499801516533,19.785802000000
1275,1413393949.755760431290,2,-0.302313804626,-3.192198276520,1.103356361389,0.591538131237,-0.536428093910,0.339803487062,-0.496851265430,20.311150000000
1276,1413393949.805760622025,2,-0.325898170471,-3.204670429230,1.107904911041,0.587003767490,-0.550556182861,0.327558666468,-0.494994729757,23.519668000000
1277,1413393949.855760335922,2,-0.356757998466,-3.226234912872,1.114526748657,0.579667329788,-0.564671278000,0.315578967333,-0.495522052050,19.939863000000
1278,1413393949.905760526657,2,-0.386373281479,-3.252742528915,1.121126413345,0.573291361332,-0.577265739441,0.304898709059,-0.495114177465,20.867653000000
1279,1413393949.955760478973,2,-0.414314866066,-3.284712314606,1.128637313843,0.567854940891,-0.587408065796,0.295955598354,-0.494876533747,19.586422000000
1280,1413393950.005760431290,2,-0.438452124596,-3.323096036911,1.136986255646,0.565628528595,-0.594184398651,0.292051255703,-0.491645514965,19.120392000000
1281,1413393950.055760383606,2,-0.458845257759,-3.367992639542,1.145224571228,0.571025669575,-0.594300389290,0.297492444515,-0.481907725334,20.717283000000
1282,1413393950.105760574341,2,-0.470055222511,-3.414210081100,1.155822277069,0.583222627640,-0.587814331055,0.312273144722,-0.465629965067,21.331508000000
1283,1413393950.155760288239,2,-0.487055540085,-3.469914436340,1.163424015045,0.597448050976,-0.581619381905,0.324651539326,-0.446515560150,20.674799000000
1284,1413393950.205760478973,2,-0.501379013062,-3.528671741486,1.171868562698,0.611638069153,-0.574088037014,0.337022066116,-0.427478611469,19.278160000000
1285,1413393950.255760431290,2,-0.513034582138,-3.588859081268,1.180776596069,0.624985873699,-0.566378891468,0.348121523857,-0.409168779850,20.192939000000
1286,1413393950.305760622025,2,-0.521455049515,-3.648940563202,1.190584659576,0.634473860264,-0.561110138893,0.355928570032,-0.394858598709,19.216117000000
1287,1413393950.355760335922,2,-0.526933431625,-3.707265853882,1.199656963348,0.639275372028,-0.560356795788,0.357771784067,-0.386428177357,19.926639000000
1288,1413393950.405760526657,2,-0.528887748718,-3.763952732086,1.207581996918,0.641207873821,-0.561247825623,0.357567340136,-0.382098019123,21.234166000000
1289,1413393950.455760478973,2,-0.530351161957,-3.816035747528,1.208905458450,0.640586435795,-0.562158882618,0.358103871346,-0.381297826767,25.191306000000
1290,1413393950.505760431290,2,-0.526047945023,-3.869412660599,1.214138507843,0.637044847012,-0.562757313251,0.359621971846,-0.384902626276,20.091160000000
1291,1413393950.555760383606,2,-0.517880201340,-3.921562671661,1.217308759689,0.632010877132,-0.562172174454,0.363141536713,-0.390708386898,20.275761000000
1292,1413393950.605760574341,2,-0.506301164627,-3.972509860992,1.218631267548,0.626095175743,-0.559618175030,0.369039237499,-0.398299276829,20.622004000000
1293,1413393950.655760288239,2,-0.491574764252,-4.022327899933,1.217904567719,0.619154930115,-0.556336522102,0.376056730747,-0.407085061073,21.554348000000
1294,1413393950.705760478973,2,-0.474977970123,-4.071372032166,1.214595079422,0.612757205963,-0.552604973316,0.383223384619,-0.415085732937,21.633436000000
1295,1413393950.755760431290,2,-0.451641559601,-4.117750167847,1.206269502640,0.608580112457,-0.549225509167,0.389361113310,-0.419975757599,19.810906000000
1296,1413393950.805760622025,2,-0.434357643127,-4.165296077728,1.196927070618,0.605364680290,-0.546549856663,0.394792377949,-0.423031687737,18.915530000000
1297,1413393950.855760335922,2,-0.416612863541,-4.211829662323,1.184044122696,0.603231310844,-0.544443964958,0.398803174496,-0.425027936697,23.801757000000
1298,1413393950.905760526657,2,-0.398639678955,-4.257734775543,1.167803525925,0.603609204292,-0.542018711567,0.403233945370,-0.423407703638,25.941263000000
1299,1413393950.955760478973,2,-0.380749702454,-4.302873611450,1.149413585663,0.606231510639,-0.538246333599,0.409864008427,-0.418073803186,22.202556000000
1300,1413393951.005760431290,2,-0.359575033188,-4.347856998444,1.126811981201,0.610258400440,-0.534630119801,0.415405750275,-0.411331266165,20.550496000000
1301,1413393951.055760383606,2,-0.342038393021,-4.389207363129,1.108586311340,0.613580226898,-0.532544314861,0.418858319521,-0.405553579330,21.582111000000
1302,1413393951.105760574341,2,-0.324541330338,-4.427648544312,1.091952562332,0.614152491093,-0.534264147282,0.417502462864,-0.403819531202,19.604100000000
1303,1413393951.155760288239,2,-0.306459665298,-4.463476657867,1.077427625656,0.612174868584,-0.536458611488,0.415194690228,-0.406284958124,20.431169000000
1304,1413393951.205760478973,2,-0.287881612778,-4.497091293335,1.064109563828,0.609515428543,-0.538922607899,0.413061887026,-0.409186124802,21.010027000000
1305,1413393951.255760431290,2,-0.269058465958,-4.528759479523,1.051937818527,0.606643855572,-0.541220963001,0.411310166121,-0.412173718214,21.253455000000
1306,1413393951.305760622025,2,-0.249174594879,-4.558511734009,1.040101528168,0.604400992393,-0.543575882912,0.410048037767,-0.413624733686,18.475550000000
1307,1413393951.355760335922,2,-0.230370521545,-4.587091445923,1.030059099197,0.602864027023,-0.545948684216,0.408948957920,-0.413830727339,18.778291000000
1308,1413393951.405760526657,2,-0.211575031281,-4.614459514618,1.020967245102,0.602609574795,-0.548719882965,0.407549887896,-0.411911755800,19.528401000000
1309,1413393951.455760478973,2,-0.192697525024,-4.640748977661,1.011963605881,0.604005277157,-0.551711201668,0.405759006739,-0.407617509365,19.951203000000
1310,1413393951.505760431290,2,-0.173636436462,-4.665835380554,1.001909732819,0.605931222439,-0.554540157318,0.403623163700,-0.403014779091,19.122746000000
1311,1413393951.555760383606,2,-0.153393745422,-4.689482212067,0.990054845810,0.607548892498,-0.556851863861,0.402259856462,-0.398732304573,18.722162000000
1312,1413393951.605760574341,2,-0.131846904755,-4.711819648743,0.976480245590,0.608548641205,-0.558180987835,0.402231276035,-0.395363807678,20.496921000000
1313,1413393951.655760288239,2,-0.109474182129,-4.732740402222,0.961489677429,0.607916831970,-0.558519005775,0.403932094574,-0.394122600555,22.151741000000
1314,1413393951.705760478973,2,-0.088092327118,-4.753606796265,0.945578098297,0.606956958771,-0.557484745979,0.407068282366,-0.393839508295,22.360130000000
1315,1413393951.755760431290,2,-0.064560413361,-4.771759986877,0.926409006119,0.605623364449,-0.556170284748,0.411145895720,-0.393515110016,19.247110000000
1316,1413393951.805760622025,2,-0.039714336395,-4.787940979004,0.907514572144,0.602781057358,-0.555867254734,0.414192259312,-0.395109504461,19.102465000000
1317,1413393951.855760335922,2,-0.013957977295,-4.802335739136,0.889470338821,0.599215328693,-0.556218922138,0.416631072760,-0.397467076778,18.365154000000
1318,1413393951.905760526657,2,0.012423515320,-4.815105438232,0.872293472290,0.596170306206,-0.557041704655,0.418562620878,-0.398862063885,19.013250000000
1319,1413393951.955760478973,2,0.039484977722,-4.826216697693,0.856121301651,0.593406498432,-0.558511257172,0.419685721397,-0.399747312069,18.681944000000
1320,1413393952.005760431290,2,0.066949367523,-4.835808753967,0.841019868851,0.590823769569,-0.559581279755,0.421307533979,-0.400369882584,19.508460000000
1321,1413393952.055760383606,2,0.094703674316,-4.843793392181,0.827362537384,0.588445603848,-0.560682296753,0.422974735498,-0.400574147701,19.485659000000
1322,1413393952.105760574341,2,0.122694492340,-4.850336074829,0.816726207733,0.585469186306,-0.562283396721,0.423448622227,-0.402187258005,20.328351000000
1323,1413393952.155760288239,2,0.149527072906,-4.855632781982,0.813145279884,0.583626210690,-0.563643455505,0.424736917019,-0.401603072882,22.832985000000
1324,1413393952.205760478973,2,0.177435874939,-4.859631538391,0.808543443680,0.580962359905,-0.565758049488,0.424569994211,-0.402667373419,18.617611000000
1325,1413393952.255760431290,2,0.204768180847,-4.862594604492,0.807067275047,0.578161835670,-0.567720770836,0.424366861582,-0.404147088528,18.534287000000
1326,1413393952.305760622025,2,0.231444835663,-4.864594459534,0.808592081070,0.576664090157,-0.568967282772,0.423699676991,-0.405232608318,17.764242000000
1327,1413393952.355760335922,2,0.257411956787,-4.865572929382,0.813121080399,0.576502501965,-0.568376958370,0.422493726015,-0.407543331385,18.606418000000
1328,1413393952.405760526657,2,0.283129692078,-4.866005897522,0.818262815475,0.578388333321,-0.565904736519,0.421102404594,-0.409745693207,18.212239000000
1329,1413393952.455760478973,2,0.308825969696,-4.865664482117,0.823448777199,0.581965744495,-0.561152160168,0.420634299517,-0.411692678928,18.689022000000
1330,1413393952.505760431290,2,0.334076881409,-4.864646911621,0.828792452812,0.587194859982,-0.555781126022,0.418459355831,-0.413764953613,18.388646000000
1331,1413393952.555760383606,2,0.358939170837,-4.862826347351,0.834140062332,0.593319356441,-0.549716413021,0.415633141994,-0.415972381830,17.925546000000
1332,1413393952.605760574341,2,0.383350372314,-4.860257148743,0.839597940445,0.599850654602,-0.542420387268,0.413186639547,-0.418612092733,20.731445000000
1333,1413393952.655760288239,2,0.410792350769,-4.863338470459,0.850199699402,0.607323586941,-0.535508096218,0.407859623432,-0.421947449446,20.393130000000
1334,1413393952.705760478973,2,0.434827327728,-4.859000205994,0.854869842529,0.614115476608,-0.527910888195,0.403516411781,-0.425848394632,17.827663000000
1335,1413393952.755760431290,2,0.458446502686,-4.853497505188,0.859494209290,0.620607376099,-0.521041989326,0.397707253695,-0.430337846279,18.523387000000
1336,1413393952.805760622025,2,0.481683254242,-4.847348213196,0.864098787308,0.626271188259,-0.514761745930,0.392502158880,-0.434449970722,18.258723000000
1337,1413393952.855760335922,2,0.504769325256,-4.840575695038,0.868983745575,0.630996227264,-0.509833216667,0.387122809887,-0.438234955072,18.223637000000
1338,1413393952.905760526657,2,0.527426719666,-4.832978725433,0.875217676163,0.632903158665,-0.507753670216,0.379940360785,-0.444145500660,17.874253000000
1339,1413393952.955760478973,2,0.549993753433,-4.825044631958,0.881894111633,0.634050905704,-0.507303535938,0.371619075537,-0.450024366379,19.580862000000
1340,1413393953.005760431290,2,0.572689056396,-4.817008972168,0.889251947403,0.634326100349,-0.507906854153,0.363782286644,-0.455327868462,22.275895000000
1341,1413393953.055760383606,2,0.595854759216,-4.809158325195,0.896658420563,0.634547412395,-0.508597075939,0.356769770384,-0.459776073694,20.009788000000
1342,1413393953.105760574341,2,0.619796991348,-4.799997806549,0.908883810043,0.634661376476,-0.509834229946,0.350859850645,-0.462786614895,18.780126000000
1343,1413393953.155760288239,2,0.644635677338,-4.793921470642,0.911702871323,0.634548008442,-0.510684728622,0.346316188574,-0.465419381857,18.651926000000
1344,1413393953.205760478973,2,0.669861078262,-4.788662910461,0.909619569778,0.634350419044,-0.511170864105,0.342660009861,-0.467854708433,19.716793000000
1345,1413393953.255760431290,2,0.695901632309,-4.784434795380,0.903224229813,0.633514165878,-0.512076854706,0.339511305094,-0.470286428928,18.606943000000
1346,1413393953.305760622025,2,0.722775697708,-4.781183719635,0.895317316055,0.631739258766,-0.514358401299,0.334732800722,-0.473598003387,18.713860000000
1347,1413393953.355760335922,2,0.750439643860,-4.779337406158,0.888015031815,0.629292964935,-0.515864193439,0.331863015890,-0.477222710848,20.023129000000
1348,1413393953.405760526657,2,0.777628660202,-4.779860019684,0.882669925690,0.626103520393,-0.516268968582,0.331447035074,-0.481252282858,19.677984000000
1349,1413393953.455760478973,2,0.805832386017,-4.782801628113,0.881296396255,0.623405873775,-0.516005992889,0.332326710224,-0.484419196844,20.170320000000
1350,1413393953.505760431290,2,0.833354473114,-4.785631179810,0.883248329163,0.621557772160,-0.512464106083,0.338704466820,-0.486133575439,18.201664000000
1351,1413393953.555760383606,2,0.862549304962,-4.794119834900,0.889184236526,0.621736407280,-0.507756769657,0.347057431936,-0.484951615334,21.016501000000
1352,1413393953.605760574341,2,0.891225337982,-4.804746627808,0.896688938141,0.623553216457,-0.500674843788,0.359143912792,-0.481167197227,20.794730000000
1353,1413393953.655760288239,2,0.913726329803,-4.816886901855,0.902241706848,0.624706387520,-0.494310081005,0.369811892509,-0.478161722422,17.350980000000
1354,1413393953.705760478973,2,0.940241813660,-4.829226493835,0.911722183228,0.625414311886,-0.488830864429,0.379218935966,-0.475493967533,19.579772000000
1355,1413393953.755760431290,2,0.962234973907,-4.840210437775,0.915720462799,0.624681174755,-0.484628289938,0.386991947889,-0.474495708942,21.887837000000
1356,1413393953.805760622025,2,0.984973669052,-4.852074623108,0.921646595001,0.624821901321,-0.481653124094,0.391080051661,-0.473987698555,18.881630000000
1357,1413393953.855760335922,2,1.005146265030,-4.863453865051,0.924899578094,0.625626444817,-0.478336393833,0.393234908581,-0.474502116442,18.715760000000
1358,1413393953.905760526657,2,1.022370815277,-4.874206542969,0.925329208374,0.626888453960,-0.475166767836,0.392660677433,-0.476492524147,18.803721000000
1359,1413393953.955760478973,2,1.030846357346,-4.884034156799,0.918454647064,0.630595982075,-0.472357392311,0.390142202377,-0.476462244987,17.677298000000
1360,1413393954.005760431290,2,1.042740821838,-4.894063949585,0.913996458054,0.638145685196,-0.471641838551,0.383458852768,-0.472528815269,18.765848000000
1361,1413393954.055760383606,2,1.052253723145,-4.903303146362,0.909826993942,0.646034300327,-0.469848483801,0.376385688782,-0.469271689653,18.386352000000
1362,1413393954.105760574341,2,1.060437679291,-4.911674499512,0.906121253967,0.654427349567,-0.469837516546,0.366433084011,-0.465515136719,18.844544000000
1363,1413393954.155760288239,2,1.067703247070,-4.919518470764,0.902963399887,0.664555668831,-0.469119995832,0.356217086315,-0.459784299135,19.103496000000
1364,1413393954.205760478973,2,1.074357748032,-4.926214218140,0.900750875473,0.674996316433,-0.468317419291,0.344700574875,-0.454136997461,20.897276000000
1365,1413393954.255760431290,2,1.081532001495,-4.931818962097,0.900019168854,0.685482501984,-0.466567814350,0.332592010498,-0.449233680964,19.446535000000
1366,1413393954.305760622025,2,1.086421728134,-4.936887741089,0.898773670197,0.695023119450,-0.462788671255,0.321786969900,-0.446343719959,19.466381000000
1367,1413393954.355760335922,2,1.096306800842,-4.939472675323,0.901072025299,0.704187095165,-0.457732260227,0.311303675175,-0.444625496864,18.384901000000
1368,1413393954.405760526657,2,1.108180522919,-4.940340042114,0.904052972794,0.712957084179,-0.450564682484,0.302014827728,-0.444376826286,20.442059000000
1369,1413393954.455760478973,2,1.122449159622,-4.939378738403,0.907717227936,0.721190154552,-0.441736191511,0.293370157480,-0.445744156837,19.855066000000
1370,1413393954.505760431290,2,1.138738870621,-4.936766624451,0.912046194077,0.729007005692,-0.431431233883,0.285774618387,-0.448050081730,19.839304000000
1371,1413393954.555760383606,2,1.159426450729,-4.933542251587,0.916380405426,0.737273156643,-0.420675963163,0.277559071779,-0.449912369251,21.436338000000
1372,1413393954.605760574341,2,1.180127859116,-4.927296638489,0.921999454498,0.744161367416,-0.410443186760,0.269785732031,-0.452742606401,19.339681000000
1373,1413393954.655760288239,2,1.203943490982,-4.918869972229,0.927924871445,0.749957442284,-0.399999588728,0.263674497604,-0.456114053726,18.630751000000
1374,1413393954.705760478973,2,1.231143712997,-4.908061981201,0.933673620224,0.755707740784,-0.390953153372,0.257849037647,-0.457794010639,19.842366000000
1375,1413393954.755760431290,2,1.261316299438,-4.895273208618,0.939771890640,0.760245203972,-0.383713304996,0.252908885479,-0.459160625935,20.586572000000
1376,1413393954.805760622025,2,1.294144153595,-4.880329132080,0.945674657822,0.764127016068,-0.377564549446,0.248381897807,-0.460284054279,20.440546000000
1377,1413393954.855760335922,2,1.333781957626,-4.863917350769,0.953327178955,0.767571687698,-0.372357249260,0.244684904814,-0.460774421692,19.090565000000
1378,1413393954.905760526657,2,1.371950149536,-4.844476699829,0.959262132645,0.770154058933,-0.367800533772,0.242467552423,-0.461297154427,19.961788000000
1379,1413393954.955760478973,2,1.412798643112,-4.822425842285,0.965581893921,0.770822584629,-0.363384276628,0.242217496037,-0.463804960251,21.343145000000
1380,1413393955.005760431290,2,1.456211328506,-4.797397613525,0.973119974136,0.768734753132,-0.358637899160,0.244054436684,-0.469960838556,18.745072000000
1381,1413393955.055760383606,2,1.502369165421,-4.768238067627,0.980388879776,0.764906942844,-0.351953953505,0.247722059488,-0.479249089956,18.673696000000
1382,1413393955.105760574341,2,1.548667430878,-4.738363265991,0.988087415695,0.761733114719,-0.345369130373,0.250208556652,-0.487727999687,23.551024000000
1383,1413393955.155760288239,2,1.595492124557,-4.706477642059,0.995254516602,0.759141266346,-0.338272243738,0.252357482910,-0.495572596788,20.050427000000
1384,1413393955.205760478973,2,1.643521785736,-4.669528484344,1.002256870270,0.756490647793,-0.333844244480,0.250038743019,-0.503736615181,19.969540000000
1385,1413393955.255760431290,2,1.689983606339,-4.634262084961,1.009704828262,0.754642128944,-0.330671310425,0.244717463851,-0.511160552502,19.038127000000
1386,1413393955.305760622025,2,1.736474275589,-4.598107337952,1.017388105392,0.752866327763,-0.327990412712,0.238271996379,-0.518498897552,20.626274000000
1387,1413393955.355760335922,2,1.785596847534,-4.557466983795,1.023428916931,0.753660440445,-0.323241859674,0.231703430414,-0.523282229900,18.378414000000
1388,1413393955.405760526657,2,1.831424713135,-4.520626068115,1.030476808548,0.755394876003,-0.316526412964,0.225707516074,-0.527490079403,19.534245000000
1389,1413393955.455760478973,2,1.877410531044,-4.483350753784,1.038674592972,0.756288111210,-0.305777698755,0.221500307322,-0.534290075302,18.092711000000
1390,1413393955.505760431290,2,1.922878503799,-4.446088790894,1.047703981400,0.756536126137,-0.292176455259,0.216850832105,-0.543379843235,18.827513000000
1391,1413393955.555760383606,2,1.967595338821,-4.409010887146,1.055682420731,0.756634712219,-0.276158303022,0.211660176516,-0.553570687771,17.765238000000
1392,1413393955.605760574341,2,2.010757923126,-4.373384475708,1.061561822891,0.756837368011,-0.256447881460,0.208545222878,-0.563862264156,20.353066000000
1393,1413393955.655760288239,2,2.052577018738,-4.338971138000,1.064102172852,0.758383274078,-0.235283717513,0.206345602870,-0.571767389774,19.062371000000
1394,1413393955.705760478973,2,2.096215248108,-4.306258678436,1.060667753220,0.762651085854,-0.213487043977,0.207251369953,-0.574311435223,18.386481000000
1395,1413393955.755760431290,2,2.135375022888,-4.274341106415,1.056672096252,0.767932891846,-0.191908046603,0.211301863194,-0.573412597179,18.939633000000
1396,1413393955.805760622025,2,2.169809579849,-4.243260383606,1.046456336975,0.773363053799,-0.172211274505,0.215970933437,-0.570622086525,22.236371000000
1397,1413393955.855760335922,2,2.202737569809,-4.212789535522,1.037086963654,0.780191779137,-0.156775712967,0.218436181545,-0.564807832241,18.454089000000
1398,1413393955.905760526657,2,2.231087207794,-4.182017326355,1.027113914490,0.787798821926,-0.148520052433,0.213898122311,-0.558177828789,17.685561000000
1399,1413393955.955760478973,2,2.254435300827,-4.149688720703,1.018973350525,0.794262290001,-0.148478850722,0.199755594134,-0.554255545139,16.819646000000
1400,1413393956.005760431290,2,2.273898124695,-4.115809440613,1.012398481369,0.799566924572,-0.151874199510,0.182520970702,-0.551645874977,18.941610000000
1401,1413393956.055760383606,2,2.290542602539,-4.080391407013,1.007738590240,0.802920579910,-0.155388906598,0.164961576462,-0.551326215267,19.016509000000
1402,1413393956.105760574341,2,2.303938865662,-4.044836044312,1.005135297775,0.804770708084,-0.157896548510,0.148844644427,-0.552501738071,20.058264000000
1403,1413393956.155760288239,2,2.317266225815,-4.007420063019,1.002227067947,0.806249082088,-0.157421037555,0.134630292654,-0.554126083851,16.999308000000
1404,1413393956.205760478973,2,2.329782247543,-3.969182014465,1.000073194504,0.807250678539,-0.153710395098,0.122292190790,-0.556564509869,18.416790000000
1405,1413393956.255760431290,2,2.342167377472,-3.929923295975,0.999416828156,0.805484831333,-0.145905181766,0.113496497273,-0.563049256802,17.911844000000
1406,1413393956.305760622025,2,2.354369878769,-3.890111446381,0.999454975128,0.802692890167,-0.134911403060,0.106724090874,-0.571045517921,20.239060000000
1407,1413393956.355760335922,2,2.369644641876,-3.846004962921,1.003129005432,0.799358665943,-0.122193738818,0.099382124841,-0.579842746258,21.254616000000
1408,1413393956.405760526657,2,2.380792140961,-3.806637287140,1.004639863968,0.795876562595,-0.108398064971,0.092206485569,-0.588496685028,16.539050000000
1409,1413393956.455760478973,2,2.390918493271,-3.768184661865,1.006137371063,0.792904198170,-0.093803897500,0.084527231753,-0.596119999886,16.729484000000
1410,1413393956.505760431290,2,2.400048732758,-3.730986595154,1.006839036942,0.792210102081,-0.078999884427,0.074859425426,-0.600464999676,18.698745000000
1411,1413393956.555760383606,2,2.409617424011,-3.690272092819,1.006460905075,0.793820559978,-0.064497619867,0.063349246979,-0.601394951344,17.917794000000
1412,1413393956.605760574341,2,2.416710376740,-3.655299901962,1.006173849106,0.796579480171,-0.049900788814,0.050933044404,-0.600314080715,16.728817000000
1413,1413393956.655760288239,2,2.423144102097,-3.621237277985,1.005424976349,0.800718605518,-0.034484483302,0.038163580000,-0.596828460693,16.889607000000
1414,1413393956.705760478973,2,2.428984642029,-3.588219404221,1.003848552704,0.805730700493,-0.019355935976,0.025348594412,-0.591422796249,18.646343000000
1415,1413393956.755760431290,2,2.433898448944,-3.564344406128,1.004999399185,0.811053752899,-0.004550135694,0.012471306138,-0.584821105003,18.068992000000
1416,1413393956.805760622025,2,2.438872814178,-3.533223152161,1.003759860992,0.814612865448,0.010334427468,-0.000521329755,-0.579912781715,16.734291000000
1417,1413393956.855760335922,2,2.443582534790,-3.501986503601,1.003376483917,0.816966056824,0.023404100910,-0.014897921123,-0.576017975807,17.210269000000
1418,1413393956.905760526657,2,2.448053121567,-3.470567703247,1.003548145294,0.817805528641,0.036127105355,-0.029946623370,-0.573578357697,18.855859000000
1419,1413393956.955760478973,2,2.451043844223,-3.450004577637,1.010286331177,0.817826807499,0.048105582595,-0.045189253986,-0.571666955948,16.951328000000
1420,1413393957.005760431290,2,2.456445217133,-3.418723583221,1.010811328888,0.817247390747,0.061361797154,-0.057903788984,-0.570077836514,17.601706000000
1421,1413393957.055760383606,2,2.462327957153,-3.387207746506,1.011400222778,0.816558063030,0.075387150049,-0.070154704154,-0.568003594875,17.415665000000
1422,1413393957.105760574341,2,2.468818902969,-3.355313301086,1.011842250824,0.815165400505,0.092519536614,-0.079438477755,-0.566246509552,18.267966000000
1423,1413393957.155760288239,2,2.469545841217,-3.333839654922,1.019159793854,0.813221096992,0.110187560320,-0.087898507714,-0.564627408981,24.941739000000
1424,1413393957.205760478973,2,2.475796222687,-3.300309896469,1.020528316498,0.810177743435,0.128521591425,-0.097990952432,-0.563464343548,18.062055000000
1425,1413393957.255760431290,2,2.482225418091,-3.266634941101,1.022216320038,0.806877136230,0.147209212184,-0.108872570097,-0.561627686024,18.583345000000
1426,1413393957.305760622025,2,2.488553762436,-3.232720851898,1.024160385132,0.803380072117,0.165850445628,-0.120537027717,-0.559057235718,19.530675000000
1427,1413393957.355760335922,2,2.495254278183,-3.199428558350,1.030304908752,0.799045979977,0.184213265777,-0.132330864668,-0.556847870350,17.858592000000
1428,1413393957.405760526657,2,2.501897811890,-3.164278507233,1.032876491547,0.794213831425,0.201648414135,-0.143575891852,-0.554930925369,18.235016000000
1429,1413393957.455760478973,2,2.508017539978,-3.128618478775,1.035314083099,-0.787950038910,-0.218157202005,0.155364453793,0.554440438747,19.496116000000
1430,1413393957.505760431290,2,2.513700246811,-3.097136259079,1.035991668701,-0.781530618668,-0.233485057950,0.165775582194,0.554268121719,20.036308000000
1431,1413393957.555760383606,2,2.519754409790,-3.061356306076,1.034606933594,-0.774863660336,-0.248150601983,0.177044823766,0.553771436214,18.647286000000
1432,1413393957.605760574341,2,2.525887966156,-3.026106357574,1.030595302582,-0.767406046391,-0.262764573097,0.188676089048,0.553573966026,18.319850000000
1433,1413393957.655760288239,2,2.531603336334,-2.992424011230,1.021106243134,-0.758244812489,-0.276205033064,0.201626837254,0.555087685585,19.644818000000
1434,1413393957.705760478973,2,2.537932872772,-2.958336353302,1.011859416962,-0.747343540192,-0.289966076612,0.214468091726,0.558032989502,17.013784000000
1435,1413393957.755760431290,2,2.544839382172,-2.925070762634,0.999360561371,-0.737017691135,-0.304277569056,0.226678729057,0.559318244457,17.438112000000
1436,1413393957.805760622025,2,2.552164793015,-2.887840747833,0.980429172516,-0.726606786251,-0.321091383696,0.234752252698,0.560209155083,20.335151000000
1437,1413393957.855760335922,2,2.560740709305,-2.856719017029,0.962630748749,-0.717271864414,-0.338955372572,0.240545988083,0.559256672859,17.151868000000
1438,1413393957.905760526657,2,2.570719718933,-2.827542304993,0.944306850433,-0.708961248398,-0.357163250446,0.243315652013,0.557320296764,19.643376000000
1439,1413393957.955760478973,2,2.581936836243,-2.802987337112,0.924829006195,-0.701340198517,-0.376115888357,0.243471622467,0.554418981075,16.880826000000
1440,1413393958.005760431290,2,2.593333244324,-2.778167247772,0.908771991730,-0.696434736252,-0.393153250217,0.242155119777,0.549336016178,16.263478000000
1441,1413393958.055760383606,2,2.604129314423,-2.755827426910,0.896387577057,-0.693358123302,-0.407476782799,0.241051584482,0.543241560459,16.893959000000
1442,1413393958.105760574341,2,2.613595724106,-2.736180305481,0.889157772064,-0.691436886787,-0.417556047440,0.242271572351,0.537463128567,16.833883000000
1443,1413393958.155760288239,2,2.620592117310,-2.718938112259,0.886669158936,-0.690776526928,-0.424223214388,0.245603919029,0.531546056271,19.286703000000
1444,1413393958.205760478973,2,2.623032331467,-2.702264308929,0.888709545135,-0.689927160740,-0.428867727518,0.249220013618,0.527221500874,21.326460000000
1445,1413393958.255760431290,2,2.623527765274,-2.688353300095,0.895221233368,-0.690089821815,-0.429474204779,0.256300747395,0.523104071617,18.462634000000
1446,1413393958.305760622025,2,2.621659278870,-2.676341772079,0.904801845551,-0.692342102528,-0.427942991257,0.264251798391,0.517395615578,17.147635000000
1447,1413393958.355760335922,2,2.618473052979,-2.665978431702,0.916791439056,-0.695763051510,-0.424025207758,0.273521840572,0.511177361012,19.595882000000
1448,1413393958.405760526657,2,2.614565849304,-2.656435966492,0.927654266357,-0.699667155743,-0.421183973551,0.279603034258,0.504868507385,17.677191000000
1449,1413393958.455760478973,2,2.610354185104,-2.647521734238,0.935933589935,-0.702914655209,-0.419391959906,0.283251017332,0.499790191650,17.046352000000
1450,1413393958.505760431290,2,2.607120513916,-2.640005588531,0.941688537598,-0.707107603550,-0.418806463480,0.284252405167,0.493761599064,17.517805000000
1451,1413393958.555760383606,2,2.608844041824,-2.634631633759,0.945505619049,-0.711835563183,-0.419329971075,0.282941609621,0.487233579159,16.622927000000
1452,1413393958.605760574341,2,2.605980873108,-2.626714944839,0.944910526276,-0.716472387314,-0.420366555452,0.280535101891,0.480894356966,16.290540000000
1453,1413393958.655760288239,2,2.602361440659,-2.618323326111,0.941112041473,-0.720295667648,-0.421441376209,0.277584105730,0.475929021835,19.505023000000
1454,1413393958.705760478973,2,2.608956575394,-2.610178709030,0.934136867523,-0.722943246365,-0.421993017197,0.275499165058,0.472625851631,16.733434000000
1455,1413393958.755760431290,2,2.601495981216,-2.598821163177,0.925456047058,-0.722919702530,-0.420763283968,0.275192260742,0.473935335875,17.542958000000
1456,1413393958.805760622025,2,2.592359781265,-2.586438417435,0.915249824524,-0.720255494118,-0.418347775936,0.276335656643,0.479432851076,17.221917000000
1457,1413393958.855760335922,2,2.581998825073,-2.573498725891,0.903591156006,-0.716511130333,-0.415292114019,0.278161376715,0.486590832472,16.579762000000
1458,1413393958.905760526657,2,2.570465564728,-2.560198783875,0.889153957367,-0.712713837624,-0.412468075752,0.279532313347,0.493731588125,16.935427000000
1459,1413393958.955760478973,2,2.557967901230,-2.546783924103,0.872048854828,-0.710085988045,-0.409196138382,0.281440109015,0.499127149582,17.331718000000
1460,1413393959.005760431290,2,2.543482780457,-2.533478736877,0.854470252991,-0.708159923553,-0.404733449221,0.284975886345,0.503477036953,17.413840000000
1461,1413393959.055760383606,2,2.530185699463,-2.518496751785,0.839110374451,-0.707884013653,-0.398244976997,0.291294634342,0.505419313908,16.343848000000
1462,1413393959.105760574341,2,2.517080545425,-2.505861282349,0.817887306213,-0.707531511784,-0.390507370234,0.299340516329,0.507245898247,17.296187000000
1463,1413393959.155760288239,2,2.504950046539,-2.492869615555,0.797437191010,-0.706100344658,-0.383188575506,0.306851446629,0.510324537754,16.232758000000
1464,1413393959.205760478973,2,2.494080305099,-2.479051589966,0.777729272842,-0.703372359276,-0.378974854946,0.310419887304,0.515058279037,16.236218000000
1465,1413393959.255760431290,2,2.485102176666,-2.464621782303,0.758226394653,-0.700158655643,-0.378542423248,0.308383315802,0.520944595337,18.069283000000
1466,1413393959.305760622025,2,2.470730543137,-2.443522214890,0.742929697037,-0.700279176235,-0.380701154470,0.303487688303,0.522083282471,16.144518000000
1467,1413393959.355760335922,2,2.464816093445,-2.429117918015,0.723963022232,-0.701518177986,-0.383628606796,0.297791749239,0.521556794643,18.202809000000
1468,1413393959.405760526657,2,2.459923744202,-2.414813995361,0.706458091736,-0.702781617641,-0.386430114508,0.292640656233,0.520702719688,16.656803000000
1469,1413393959.455760478973,2,2.455839157104,-2.400749683380,0.690490007401,-0.704179167747,-0.388426303864,0.288632661104,0.519565165043,16.951669000000
1470,1413393959.505760431290,2,2.452071428299,-2.386878013611,0.676430702209,-0.703474283218,-0.389619469643,0.285592257977,0.521303772926,17.878958000000
1471,1413393959.555760383606,2,2.437673091888,-2.368280410767,0.667397022247,-0.702272653580,-0.389991432428,0.284476280212,0.523252487183,16.503120000000
1472,1413393959.605760574341,2,2.434084177017,-2.355225563049,0.657976150513,-0.695281445980,-0.387011975050,0.287740558386,0.532926738262,15.946217000000
1473,1413393959.655760288239,2,2.431439876556,-2.343150138855,0.650633573532,-0.685364544392,-0.382599234581,0.292734056711,0.546077013016,17.179929000000
1474,1413393959.705760478973,2,2.430790424347,-2.332984447479,0.643995285034,-0.677462756634,-0.377961605787,0.298067182302,0.556188225746,16.677549000000
1475,1413393959.755760431290,2,2.432553291321,-2.324709415436,0.637583494186,-0.671293616295,-0.374550789595,0.301424413919,0.564109861851,17.069730000000
1476,1413393959.805760622025,2,2.437274456024,-2.318710803986,0.629726648331,-0.671813905239,-0.375208735466,0.299879699945,0.563876569271,16.997022000000
1477,1413393959.855760335922,2,2.438789844513,-2.311779737473,0.619470119476,-0.679573118687,-0.379013448954,0.294990956783,0.554535567760,16.746885000000
1478,1413393959.905760526657,2,2.448550224304,-2.310309886932,0.611430644989,-0.687658905983,-0.383499175310,0.288325995207,0.544905245304,17.242864000000
1479,1413393959.955760478973,2,2.459798097610,-2.310469865799,0.604400157928,-0.695645451546,-0.388658821583,0.280975282192,0.534859538078,17.964282000000
1480,1413393960.005760431290,2,2.471675395966,-2.311909198761,0.598621129990,-0.702945709229,-0.392563760281,0.275208503008,0.525377452374,17.708066000000
1481,1413393960.055760383606,2,2.483413457870,-2.314259052277,0.593806743622,-0.709171533585,-0.395973473787,0.269990712404,0.517093658447,17.156092000000
1482,1413393960.105760574341,2,2.494455814362,-2.317089557648,0.590221881866,-0.714137911797,-0.399023354053,0.265401989222,0.510244369507,19.669535000000
1483,1413393960.155760288239,2,2.504346370697,-2.320029973984,0.586927413940,-0.719464182854,-0.402117192745,0.260859698057,0.502618432045,18.771446000000
1484,1413393960.205760478973,2,2.512592315674,-2.322893619537,0.583902359009,-0.724953591824,-0.404864072800,0.256225734949,0.494849383831,18.025313000000
1485,1413393960.255760431290,2,2.519067764282,-2.325614929199,0.580313682556,-0.731609463692,-0.408405750990,0.250865876675,0.484787225723,17.921355000000
1486,1413393960.305760622025,2,2.522956848145,-2.327349662781,0.578113555908,-0.735692083836,-0.410626858473,0.247457623482,0.478442758322,18.957191000000
1487,1413393960.355760335922,2,2.522949218750,-2.328749656677,0.575403213501,-0.736552238464,-0.411035090685,0.247341662645,0.476826041937,30.037792000000
1488,1413393960.405760526657,2,2.521263599396,-2.328679800034,0.576790332794,-0.732073307037,-0.410672307014,0.251145780087,0.482019484043,18.676428000000
1489,1413393960.455760478973,2,2.516691923141,-2.328264236450,0.578253269196,-0.725527465343,-0.410800129175,0.257060468197,0.488644093275,20.556978000000
1490,1413393960.505760431290,2,2.510139942169,-2.327720165253,0.577762603760,-0.717742085457,-0.412469029427,0.264274239540,0.494848221540,17.303971000000
1491,1413393960.555760383606,2,2.502772092819,-2.327805519104,0.572590827942,-0.710419476032,-0.416992634535,0.271301060915,0.497812330723,17.594154000000
1492,1413393960.605760574341,2,2.494652986526,-2.328544616699,0.561938285828,-0.702414155006,-0.423583567142,0.279562324286,0.499035418034,16.712294000000
1493,1413393960.655760288239,2,2.486044406891,-2.330280780792,0.545166492462,-0.694300234318,-0.431867510080,0.288345038891,0.498291969299,18.312588000000
1494,1413393960.705760478973,2,2.477611303329,-2.332746505737,0.522259235382,-0.686404049397,-0.441869497299,0.296801954508,0.495489090681,19.517123000000
1495,1413393960.755760431290,2,2.468886375427,-2.335610389709,0.494474887848,-0.679009258747,-0.452998548746,0.304747849703,0.490782678127,20.715456000000
1496,1413393960.805760622025,2,2.458650588989,-2.335831880569,0.459995746613,-0.671850800514,-0.464639335871,0.312825351954,0.484630852938,20.280870000000
1497,1413393960.855760335922,2,2.450425386429,-2.340237855911,0.426331520081,-0.668526411057,-0.476748257875,0.316897600889,0.474720448256,17.183624000000
1498,1413393960.905760526657,2,2.441623687744,-2.344635009766,0.392859458923,-0.667539358139,-0.488547921181,0.318452894688,0.462925523520,18.631296000000
1499,1413393960.955760478973,2,2.429827690125,-2.346537351608,0.359494209290,-0.667612493038,-0.496328532696,0.322669297457,0.451482206583,16.863027000000
1500,1413393961.005760431290,2,2.417379856110,-2.349921464920,0.332020759583,-0.668391227722,-0.502506136894,0.325607419014,0.441271513700,22.959884000000
1501,1413393961.055760383606,2,2.402949810028,-2.352141857147,0.307758808136,-0.666755497456,-0.507077515125,0.328721612692,0.436178445816,20.663061000000
1502,1413393961.105760574341,2,2.381679058075,-2.352314949036,0.288009166718,-0.662006676197,-0.508747696877,0.333543956280,0.437803030014,19.108042000000
1503,1413393961.155760288239,2,2.362293958664,-2.352163076401,0.271038055420,-0.655866563320,-0.508610785007,0.338553160429,0.443323642015,18.519761000000
1504,1413393961.205760478973,2,2.340694904327,-2.351295471191,0.259539604187,-0.649100124836,-0.504716694355,0.347261101007,0.450932294130,18.311924000000
1505,1413393961.255760431290,2,2.318033218384,-2.350041389465,0.255694389343,-0.639805495739,-0.492730170488,0.364927619696,0.463350623846,19.066845000000
1506,1413393961.305760622025,2,2.287921667099,-2.348823070526,0.257098674774,-0.630457222462,-0.479629993439,0.383118480444,0.475078016520,17.495491000000
1507,1413393961.355760335922,2,2.267437219620,-2.347100257874,0.259520769119,-0.619681954384,-0.463190168142,0.404217958450,0.487910956144,18.046337000000
1508,1413393961.405760526657,2,2.248535156250,-2.341874122620,0.269262790680,-0.609308421612,-0.451199144125,0.419156461954,0.499470144510,17.729041000000
1509,1413393961.455760478973,2,2.234750509262,-2.337426900864,0.277377128601,-0.602046489716,-0.445362955332,0.425597757101,0.507994651794,18.539527000000
1510,1413393961.505760431290,2,2.224113464355,-2.330920934677,0.295618534088,-0.603065609932,-0.449805825949,0.419914275408,0.507600843906,17.249790000000
1511,1413393961.555760383606,2,2.222151756287,-2.325571298599,0.307004213333,-0.605648398399,-0.458894819021,0.407801806927,0.506264090538,18.260969000000
1512,1413393961.605760574341,2,2.226557970047,-2.321255683899,0.321208953857,-0.611674726009,-0.469129651785,0.394516110420,0.500128448009,17.006817000000
1513,1413393961.655760288239,2,2.233653068542,-2.317500591278,0.340320110321,-0.618915498257,-0.480549424887,0.379255950451,0.492118746042,18.787943000000
1514,1413393961.705760478973,2,2.245447635651,-2.316470146179,0.372929096222,-0.624057888985,-0.488148927689,0.368348300457,0.486396998167,17.268280000000
1515,1413393961.755760431290,2,2.254484415054,-2.313581466675,0.403850555420,-0.624250531197,-0.491214632988,0.363868832588,0.486435025930,17.523518000000
1516,1413393961.805760622025,2,2.264889240265,-2.311920881271,0.438789844513,-0.627062916756,-0.493923008442,0.359707444906,0.483159065247,18.758733000000
1517,1413393961.855760335922,2,2.284382820129,-2.315584659576,0.487665653229,-0.630054771900,-0.496582329273,0.355444133282,0.479683667421,18.583868000000
1518,1413393961.905760526657,2,2.297072887421,-2.316290616989,0.529769182205,-0.633435428143,-0.499174088240,0.351536244154,0.475401997566,20.565748000000
1519,1413393961.955760478973,2,2.309989213943,-2.318005800247,0.575471162796,-0.636049509048,-0.501689612865,0.348233789206,0.471679717302,17.962182000000
1520,1413393962.005760431290,2,2.322912931442,-2.320662975311,0.623842000961,-0.639166355133,-0.504108965397,0.344748079777,0.467428326607,19.149539000000
1521,1413393962.055760383606,2,2.348871707916,-2.325286149979,0.679543495178,-0.642727375031,-0.505727589130,0.342185765505,0.462655425072,16.713099000000
1522,1413393962.105760574341,2,2.360020875931,-2.328891038895,0.736582994461,-0.645060300827,-0.508360147476,0.339173555374,0.458724886179,18.164156000000
1523,1413393962.155760288239,2,2.369327545166,-2.332950830460,0.796982049942,-0.648337781429,-0.510229647160,0.336566329002,0.453924089670,19.827650000000
1524,1413393962.205760478973,2,2.392037630081,-2.342242002487,0.866285085678,-0.650725424290,-0.511891603470,0.334738999605,0.449970215559,18.317472000000
1525,1413393962.255760431290,2,2.398872375488,-2.347172021866,0.933533906937,-0.652271151543,-0.513616144657,0.333156049252,0.446931719780,18.517921000000
1526,1413393962.305760622025,2,2.414350032806,-2.354229211807,1.005748271942,-0.654403328896,-0.515139758587,0.330990940332,0.443657934666,19.465176000000
1527,1413393962.355760335922,2,2.418162822723,-2.359263420105,1.073759078979,-0.657477259636,-0.518250823021,0.326706051826,0.438637584448,17.337421000000
1528,1413393962.405760526657,2,2.420340061188,-2.364435672760,1.138288259506,-0.661382257938,-0.521933376789,0.321077734232,0.432513833046,18.886427000000
1529,1413393962.455760478973,2,2.431108474731,-2.373747348785,1.194939613342,-0.667279303074,-0.525617837906,0.312792897224,0.424999773502,19.827876000000
1530,1413393962.505760431290,2,2.429559946060,-2.378490924835,1.248031139374,-0.674270689487,-0.527989625931,0.303745597601,0.417522072792,17.739865000000
1531,1413393962.555760383606,2,2.428762435913,-2.384644746780,1.289679050446,0.681592166424,0.528005540371,-0.294512748718,-0.412194818258,17.465080000000
1532,1413393962.605760574341,2,2.420681476593,-2.387736320496,1.331429958344,0.687637567520,0.525866150856,-0.285475760698,-0.411245703697,17.559874000000
1533,1413393962.655760288239,2,2.408402919769,-2.389636278152,1.369256496429,0.691905319691,0.521544694901,-0.276355922222,-0.415795087814,18.366967000000
1534,1413393962.705760478973,2,2.396152734756,-2.389977931976,1.398672103882,0.694542348385,0.514525413513,-0.267815351486,-0.425616770983,17.473920000000
1535,1413393962.755760431290,2,2.374690771103,-2.389896392822,1.432074546814,0.695742607117,0.504903733730,-0.260330289602,-0.439593821764,19.231763000000
1536,1413393962.805760622025,2,2.350274801254,-2.389890909195,1.458664417267,0.695507705212,0.493637889624,-0.252312600613,-0.457087516785,18.996462000000
1537,1413393962.855760335922,2,2.320557594299,-2.389445781708,1.487819433212,-0.695568680763,-0.481122344732,0.242577880621,0.475248932838,20.297793000000
1538,1413393962.905760526657,2,2.287255287170,-2.389784336090,1.511850357056,-0.695025861263,-0.467144578695,0.233046457171,0.494372725487,18.096442000000
1539,1413393962.955760478973,2,2.252128601074,-2.391915798187,1.536223411560,-0.696208715439,-0.451754420996,0.222734808922,0.511469066143,16.906489000000
1540,1413393963.005760431290,2,2.214392185211,-2.396081924438,1.557724714279,-0.699312090874,-0.434938460588,0.212478995323,0.525969505310,18.478136000000
1541,1413393963.055760383606,2,2.171443939209,-2.406643867493,1.568670988083,-0.703327119350,-0.416516870260,0.202773943543,0.539191424847,16.258039000000
1542,1413393963.105760574341,2,2.129075527191,-2.415896177292,1.584703445435,-0.706948578358,-0.398048877716,0.192640036345,0.551969766617,17.513052000000
1543,1413393963.155760288239,2,2.084676265717,-2.428077697754,1.598475217819,-0.711721062660,-0.378042876720,0.184739902616,0.562501549721,16.359726000000
1544,1413393963.205760478973,2,2.038532495499,-2.443738222122,1.609602451324,-0.718110859394,-0.355931490660,0.180396363139,0.570163726807,18.096791000000
1545,1413393963.255760431290,2,1.990679740906,-2.463526248932,1.613307476044,-0.724012494087,-0.332790553570,0.177779689431,0.577452063560,21.917656000000
1546,1413393963.305760622025,2,1.942607164383,-2.485141277313,1.619533538818,-0.730509817600,-0.310900807381,0.173932269216,0.582617998123,16.636695000000
1547,1413393963.355760335922,2,1.893931746483,-2.508634328842,1.623054027557,-0.736752331257,-0.290046393871,0.168061599135,0.587217628956,22.461768000000
1548,1413393963.405760526657,2,1.844925522804,-2.533634662628,1.620320796967,-0.743241429329,-0.270889699459,0.160453215241,0.590309917927,16.449679000000
1549,1413393963.455760478973,2,1.796464323997,-2.560893774033,1.618181467056,-0.749633848667,-0.253340810537,0.150625273585,0.592604100704,16.695479000000
1550,1413393963.505760431290,2,1.747635126114,-2.590111970901,1.613912820816,-0.755420804024,-0.235797241330,0.142321035266,0.594545066357,18.078537000000
1551,1413393963.555760383606,2,1.700791478157,-2.621494770050,1.601348161697,-0.760196626186,-0.219468161464,0.134163603187,0.596602797508,16.464043000000
1552,1413393963.605760574341,2,1.651946783066,-2.653668880463,1.592665433884,-0.763875365257,-0.203624218702,0.126044064760,0.599286794662,18.107307000000
1553,1413393963.655760288239,2,1.603301048279,-2.687495708466,1.578752756119,-0.766472876072,-0.189447924495,0.117380306125,0.602370917797,18.572365000000
1554,1413393963.705760478973,2,1.555085659027,-2.723028659821,1.564941644669,-0.768705666065,-0.175878211856,0.108516022563,0.605295658112,18.179863000000
1555,1413393963.755760431290,2,1.507857322693,-2.759787321091,1.545117139816,-0.770407378674,-0.163404136896,0.098466694355,0.608338594437,17.202058000000
1556,1413393963.805760622025,2,1.460211873055,-2.798831939697,1.527312517166,0.772290825844,0.151897758245,-0.087593391538,-0.610591053963,20.305502000000
1557,1413393963.855760335922,2,1.412117481232,-2.837579965591,1.505854845047,0.775046408176,0.141351982951,-0.076574780047,-0.611112952232,17.840730000000
1558,1413393963.905760526657,2,1.364864230156,-2.881029605865,1.482907772064,0.778421401978,0.130688533187,-0.065028809011,-0.610534191132,19.107491000000
1559,1413393963.955760478973,2,1.313854098320,-2.926229953766,1.452902078629,0.782387971878,0.120228767395,-0.052757393569,-0.608794629574,20.980347000000
1560,1413393964.005760431290,2,1.266038060188,-2.973114252090,1.424690485001,0.786521434784,0.109706088901,-0.041384011507,-0.606329917908,18.660722000000
1561,1413393964.055760383606,2,1.217506885529,-3.021166801453,1.395508766174,0.789731800556,0.098413281143,-0.030697783455,-0.604728221893,20.163413000000
1562,1413393964.105760574341,2,1.167656302452,-3.068240642548,1.362713098526,0.792090952396,0.086086466908,-0.021385610104,-0.603923678398,20.444332000000
1563,1413393964.155760288239,2,1.116971254349,-3.118283748627,1.330127954483,0.794412553310,0.071583040059,-0.014979208820,-0.602959573269,19.408060000000
1564,1413393964.205760478973,2,1.065563559532,-3.168942689896,1.296982765198,0.795930802822,0.055907331407,-0.010386290029,-0.602711141109,22.307853000000
1565,1413393964.255760431290,2,1.009776115417,-3.218238115311,1.260829210281,0.797682464123,0.038791120052,-0.006679550279,-0.601791799068,19.537616000000
1566,1413393964.305760622025,2,0.957737267017,-3.270457983017,1.228281259537,0.800010085106,0.021991010755,-0.003981610294,-0.599570155144,21.165485000000
1567,1413393964.355760335922,2,0.905957639217,-3.323083639145,1.196676969528,0.801892995834,0.007301921025,0.000469338207,-0.597422957420,22.048150000000
1568,1413393964.405760526657,2,0.851391375065,-3.371004104614,1.167194604874,0.803516089916,-0.008170215413,0.004465361591,-0.595210254192,22.622249000000
1569,1413393964.455760478973,2,0.800669431686,-3.424344062805,1.138468027115,0.804508388042,-0.022257611156,0.008824105375,-0.593458592892,21.643301000000
1570,1413393964.505760431290,2,0.750867307186,-3.477700233459,1.111194133759,0.805420517921,-0.035686504096,0.013284248300,-0.591479361057,32.103127000000
1571,1413393964.555760383606,2,0.702078819275,-3.531136751175,1.085791349411,0.805014073849,-0.049637589604,0.016793545336,-0.590936958790,22.937689000000
1572,1413393964.605760574341,2,0.651950240135,-3.581514358521,1.058722734451,0.804786145687,-0.063831172884,0.019523773342,-0.589799761772,20.161581000000
1573,1413393964.655760288239,2,0.606467723846,-3.635409832001,1.035308361053,0.803658366203,-0.077641695738,0.022032478824,-0.589592814445,21.563401000000
1574,1413393964.705760478973,2,0.564199984074,-3.686421632767,1.011307954788,0.801531076431,-0.090181156993,0.026476621628,-0.590520441532,26.169049000000
1575,1413393964.755760431290,2,0.523505449295,-3.740661144257,0.990494489670,0.800738155842,-0.103574335575,0.029291145504,-0.589264750481,22.177603000000
1576,1413393964.805760622025,2,0.485374242067,-3.795377016068,0.970687389374,0.801085591316,-0.117058821023,0.031731124967,-0.586133360863,21.325249000000
1577,1413393964.855760335922,2,0.452442854643,-3.847861051559,0.951837062836,0.802679777145,-0.129099041224,0.034972015768,-0.581219136715,21.390038000000
1578,1413393964.905760526657,2,0.420616984367,-3.903354167938,0.933516502380,0.805584430695,-0.142355740070,0.038084596395,-0.573862552643,20.164833000000
1579,1413393964.955760478973,2,0.391969829798,-3.958956241608,0.916122913361,0.810249090195,-0.156331107020,0.038961805403,-0.563506007195,21.999239000000
1580,1413393965.005760431290,2,0.367783963680,-4.012275695801,0.898575782776,0.814718782902,-0.172619923949,0.036288663745,-0.552375614643,23.600477000000
1581,1413393965.055760383606,2,0.346992552280,-4.065772056580,0.883883476257,0.818157732487,-0.189972400665,0.032631337643,-0.541722953320,20.884672000000
1582,1413393965.105760574341,2,0.331250011921,-4.117818832397,0.870452404022,0.821156144142,-0.208122178912,0.027608510107,-0.530683994293,20.429773000000
1583,1413393965.155760288239,2,0.321981251240,-4.167594909668,0.858818531036,0.822941124439,-0.225345179439,0.024253679439,-0.520959913731,21.614014000000
1584,1413393965.205760478973,2,0.322167634964,-4.215641975403,0.846709251404,0.824877738953,-0.239455714822,0.024616515264,-0.511499583721,21.563913000000
1585,1413393965.255760431290,2,0.328006863594,-4.260403633118,0.837265968323,0.829216361046,-0.249178156257,0.030090112239,-0.499404817820,24.671944000000
1586,1413393965.305760622025,2,0.341083705425,-4.303322792053,0.829964160919,0.833937823772,-0.253854244947,0.039351355284,-0.488423198462,20.983726000000
1587,1413393965.355760335922,2,0.364511847496,-4.340889930725,0.822508335114,0.839807391167,-0.252319723368,0.053668428212,-0.477679848671,20.346271000000
1588,1413393965.405760526657,2,0.392452955246,-4.375961303711,0.817439556122,0.845179319382,-0.243695959449,0.074363678694,-0.469845026731,19.595669000000
1589,1413393965.455760478973,2,0.426424384117,-4.405724525452,0.814390182495,0.849330306053,-0.230438068509,0.098045215011,-0.464675605297,24.754573000000
1590,1413393965.505760431290,2,0.462877869606,-4.428218841553,0.810369014740,0.851312100887,-0.211455628276,0.126136556268,-0.463296622038,20.399582000000
1591,1413393965.555760383606,2,0.504036664963,-4.445931434631,0.810162544250,0.852218210697,-0.190544068813,0.153922647238,-0.462303936481,19.968194000000
1592,1413393965.605760574341,2,0.545369625092,-4.456628322601,0.811585426331,0.850893676281,-0.173339053988,0.175659716129,-0.463764280081,22.469118000000
1593,1413393965.655760288239,2,0.587821006775,-4.456418991089,0.814123630524,0.848695039749,-0.159572258592,0.192231893539,-0.466154932976,26.013896000000
1594,1413393965.705760478973,2,0.625755786896,-4.451664924622,0.819020748138,0.843988656998,-0.153211340308,0.199977427721,-0.473517239094,21.906450000000
1595,1413393965.755760431290,2,0.660216808319,-4.439652919769,0.825968742371,0.837578952312,-0.155526265502,0.197449982166,-0.485063523054,21.477730000000
1596,1413393965.805760622025,2,0.692687153816,-4.416418075562,0.836940765381,0.828404545784,-0.158938303590,0.193225771189,-0.501147150993,20.517158000000
1597,1413393965.855760335922,2,0.722599625587,-4.393010139465,0.846138954163,0.817595124245,-0.162192225456,0.188696235418,-0.519254982471,21.022708000000
1598,1413393965.905760526657,2,0.750603318214,-4.367160797119,0.852188587189,0.810158848763,-0.162995427847,0.187452733517,-0.530977010727,19.596452000000
1599,1413393965.955760478973,2,0.777207851410,-4.339236259460,0.854657649994,0.805373132229,-0.159089222550,0.192486673594,-0.537599802017,19.645758000000
1600,1413393966.005760431290,2,0.801847219467,-4.309356689453,0.854355812073,0.802460849285,-0.153875216842,0.199125319719,-0.541043639183,21.757487000000
1601,1413393966.055760383606,2,0.823414206505,-4.277028083801,0.854177474976,0.801061511040,-0.149911954999,0.204169586301,-0.542348206043,19.401138000000
1602,1413393966.105760574341,2,0.840718388557,-4.242547035217,0.856864929199,0.800022602081,-0.151103198528,0.202136591077,-0.544309139252,20.332908000000
1603,1413393966.155760288239,2,0.853969216347,-4.206350803375,0.862492084503,0.800155043602,-0.154853403568,0.197498992085,-0.544762909412,19.022740000000
1604,1413393966.205760478973,2,0.863997340202,-4.167969703674,0.871547222137,0.799973130226,-0.157394900918,0.194427609444,-0.545406162739,19.534349000000
1605,1413393966.255760431290,2,0.870955824852,-4.127862453461,0.883878231049,0.800419628620,-0.158883988857,0.192126631737,-0.545134544373,22.468508000000
1606,1413393966.305760622025,2,0.873134970665,-4.089342594147,0.902377605438,0.801428675652,-0.155522182584,0.196228832006,-0.543156802654,21.783232000000
1607,1413393966.355760335922,2,0.875463724136,-4.044044494629,0.921100616455,0.800754904747,-0.149389430881,0.203450977802,-0.543214619160,20.843376000000
1608,1413393966.405760526657,2,0.873965978622,-3.996867418289,0.944370269775,0.796994030476,-0.141519144177,0.212212726474,-0.547483921051,19.595972000000
1609,1413393966.455760478973,2,0.867710590363,-3.948131084442,0.970622777939,0.791491150856,-0.137280449271,0.216245040298,-0.554917991161,19.755791000000
1610,1413393966.505760431290,2,0.856733560562,-3.897733211517,0.998811960220,0.784054934978,-0.136234372854,0.215727612376,-0.565826535225,20.105749000000
1611,1413393966.555760383606,2,0.841190099716,-3.846818447113,1.025979995728,0.775955259800,-0.137084960938,0.211799174547,-0.578136980534,20.680899000000
1612,1413393966.605760574341,2,0.821887016296,-3.796637296677,1.050146818161,0.768705606461,-0.138373374939,0.207765072584,-0.588878750801,21.302762000000
1613,1413393966.655760288239,2,0.798897862434,-3.747158527374,1.070936918259,0.762846946716,-0.139973297715,0.204116106033,-0.597334563732,19.963295000000
1614,1413393966.705760478973,2,0.770052671432,-3.707155704498,1.090277433395,0.757859110832,-0.141439199448,0.200847119093,-0.604404747486,19.350200000000
1615,1413393966.755760431290,2,0.740097761154,-3.661459207535,1.104506492615,0.753942906857,-0.143096849322,0.198260679841,-0.609742701054,20.581511000000
1616,1413393966.805760622025,2,0.706617355347,-3.617967128754,1.115614891052,0.751324176788,-0.144039496779,0.196744754910,-0.613234221935,19.693659000000
1617,1413393966.855760335922,2,0.669777512550,-3.576899051666,1.123646736145,0.751512348652,-0.147057294846,0.193383470178,-0.613356471062,19.534689000000
1618,1413393966.905760526657,2,0.627517342567,-3.541141033173,1.128366708755,0.755500495434,-0.153148159385,0.186960339546,-0.608942091465,19.455914000000
1619,1413393966.955760478973,2,0.584467291832,-3.504867792130,1.131567239761,0.760072112083,-0.162732496858,0.177069947124,-0.603700935841,22.225285000000
1620,1413393967.005760431290,2,0.536105930805,-3.474106073380,1.133312940598,0.765367269516,-0.175911292434,0.165536984801,-0.596544742584,21.323131000000
1621,1413393967.055760383606,2,0.490008056164,-3.441288232803,1.132998943329,0.769157826900,-0.188108220696,0.155965685844,-0.590496718884,21.048341000000
1622,1413393967.105760574341,2,0.443544864655,-3.409790277481,1.130814313889,0.771872460842,-0.198562651873,0.148797422647,-0.585359036922,25.454286000000
1623,1413393967.155760288239,2,0.397437512875,-3.379695653915,1.127091884613,0.773253738880,-0.206905305386,0.145392835140,-0.581489264965,20.142206000000
1624,1413393967.205760478973,2,0.352977991104,-3.346484899521,1.120754718781,0.773635745049,-0.214645028114,0.143369078636,-0.578671455383,18.696908000000
1625,1413393967.255760431290,2,0.308788239956,-3.318942546844,1.114516973495,0.771757304668,-0.220832303166,0.145490452647,-0.578321933746,20.471066000000
1626,1413393967.305760622025,2,0.265724301338,-3.292859792709,1.106336116791,0.769272387028,-0.227292731404,0.149430841208,-0.578125059605,20.275409000000
1627,1413393967.355760335922,2,0.226917505264,-3.265472412109,1.096269130707,0.765750467777,-0.233383446932,0.156874865294,-0.578401863575,18.312057000000
1628,1413393967.405760526657,2,0.186736583710,-3.242187261581,1.084770441055,0.761014819145,-0.240931466222,0.165489673615,-0.579155981541,20.612546000000
1629,1413393967.455760478973,2,0.147291719913,-3.217112302780,1.067936658859,0.755118846893,-0.250705897808,0.173702076077,-0.580318689346,22.502933000000
1630,1413393967.505760431290,2,0.108383774757,-3.196549892426,1.053302288055,0.749388933182,-0.262637943029,0.179672867060,-0.580650746822,18.701263000000
1631,1413393967.555760383606,2,0.070062279701,-3.178115606308,1.038248062134,0.744785189629,-0.274132162333,0.188036799431,-0.578609406948,21.563131000000
1632,1413393967.605760574341,2,0.033151388168,-3.160841226578,1.020672321320,0.740395903587,-0.287324696779,0.194564193487,-0.575676381588,24.790197000000
1633,1413393967.655760288239,2,-0.004365205765,-3.146716833115,1.006762981415,0.736236691475,-0.300551980734,0.201627075672,-0.571813464165,18.280024000000
1634,1413393967.705760478973,2,-0.040625452995,-3.134410142899,0.994137763977,0.732160985470,-0.312480747700,0.211533248425,-0.567053556442,19.411120000000
1635,1413393967.755760431290,2,-0.074638128281,-3.122212171555,0.980409383774,0.728150665760,-0.324722737074,0.220840573311,-0.561766266823,19.448486000000
1636,1413393967.805760622025,2,-0.110630750656,-3.114537954330,0.971405267715,0.724328517914,-0.336463153362,0.230104744434,-0.556050837040,19.144343000000
1637,1413393967.855760335922,2,-0.146923422813,-3.109260559082,0.964577436447,0.721793353558,-0.347956955433,0.238086372614,-0.548867225647,20.575090000000
1638,1413393967.905760526657,2,-0.183554768562,-3.106018066406,0.960318326950,0.723166882992,-0.360661327839,0.241855949163,-0.537083685398,21.259144000000
1639,1413393967.955760478973,2,-0.218109965324,-3.103377819061,0.960928201675,0.726670205593,-0.372338324785,0.243325203657,-0.523552834988,23.952866000000
1640,1413393968.005760431290,2,-0.249482870102,-3.101912021637,0.962776899338,0.731129527092,-0.383012682199,0.242515161633,-0.509840548038,20.685924000000
1641,1413393968.055760383606,2,-0.280521869659,-3.100031375885,0.972039937973,0.733006060123,-0.389070242643,0.246734917164,-0.500448226929,20.694073000000
1642,1413393968.105760574341,2,-0.306243777275,-3.097039699554,0.988642215729,0.733651041985,-0.393600076437,0.249899297953,-0.494353622198,21.862204000000
1643,1413393968.155760288239,2,-0.332852840424,-3.093690872192,1.006413698196,0.732230246067,-0.397272616625,0.252606868744,-0.492141366005,19.837979000000
1644,1413393968.205760478973,2,-0.357222318649,-3.089420795441,1.026711463928,0.729612529278,-0.402112931013,0.252493351698,-0.492156475782,19.888694000000
1645,1413393968.255760431290,2,-0.379748821259,-3.084762334824,1.047151327133,0.727844595909,-0.406981050968,0.249985963106,-0.492052584887,69.543702000000
1646,1413393968.305760622025,2,-0.400172710419,-3.080049276352,1.066105127335,0.728052437305,-0.409521341324,0.248690351844,-0.490290760994,24.051052000000
1647,1413393968.355760335922,2,-0.417683720589,-3.075398445129,1.082447052002,0.731250822544,-0.407183289528,0.253090918064,-0.485200077295,21.278352000000
1648,1413393968.405760526657,2,-0.432781934738,-3.070216894150,1.096476316452,0.735955297947,-0.401630371809,0.260419189930,-0.478795051575,19.491862000000
1649,1413393968.455760478973,2,-0.445653319359,-3.063744068146,1.108443737030,0.739683330059,-0.395677536726,0.267744392157,-0.473941892385,21.161288000000
1650,1413393968.505760431290,2,-0.457020521164,-3.055736064911,1.118995189667,0.740460097790,-0.388805657625,0.275691211224,-0.473860234022,19.442598000000
1651,1413393968.555760383606,2,-0.467027664185,-3.045834779739,1.127162933350,0.740101754665,-0.383086293936,0.282306939363,-0.475181102753,21.070017000000
1652,1413393968.605760574341,2,-0.474530220032,-3.034834861755,1.135338783264,0.740864932537,-0.379338920116,0.286610633135,-0.474421262741,24.018175000000
1653,1413393968.655760288239,2,-0.482232570648,-3.020561218262,1.138717412949,0.741080641747,-0.378593862057,0.289299249649,-0.473045676947,20.726564000000
1654,1413393968.705760478973,2,-0.489398837090,-3.004384279251,1.139865875244,0.740789592266,-0.381162822247,0.289789617062,-0.471134513617,20.261312000000
1655,1413393968.755760431290,2,-0.495674014091,-2.986371278763,1.137705087662,0.739796757698,-0.384528458118,0.290353536606,-0.469609975815,19.518616000000
1656,1413393968.805760622025,2,-0.500258088112,-2.966533660889,1.132583379745,0.735739171505,-0.388032913208,0.293277025223,-0.471282184124,19.867715000000
1657,1413393968.855760335922,2,-0.503587245941,-2.944680213928,1.125837564468,0.728683054447,-0.391647994518,0.298733085394,-0.475806176662,21.467416000000
1658,1413393968.905760526657,2,-0.505908131599,-2.921022415161,1.116948604584,0.718839228153,-0.396623522043,0.305019587278,-0.482621014118,19.142272000000
1659,1413393968.955760478973,2,-0.507933855057,-2.896043062210,1.105669498444,0.707281231880,-0.405089437962,0.308722913265,-0.490250945091,20.316702000000
1660,1413393969.005760431290,2,-0.509457826614,-2.870661497116,1.091590642929,0.695381343365,-0.415777921677,0.311303526163,-0.496652454138,20.843751000000
1661,1413393969.055760383606,2,-0.511812090874,-2.846482276917,1.071292161942,0.683018624783,-0.426082670689,0.315976560116,-0.502093613148,27.492617000000
1662,1413393969.105760574341,2,-0.514663696289,-2.822365999222,1.054236173630,0.671969294548,-0.435906112194,0.322415500879,-0.504471421242,19.333702000000
1663,1413393969.155760288239,2,-0.517630815506,-2.799523115158,1.035749197006,0.662713289261,-0.444039076567,0.332380861044,-0.503153502941,24.975275000000
1664,1413393969.205760478973,2,-0.520758628845,-2.777684450150,1.017397165298,0.655121684074,-0.452679663897,0.342457741499,-0.498617559671,20.520768000000
1665,1413393969.255760431290,2,-0.524895668030,-2.756791114807,1.000478744507,0.647348523140,-0.461631000042,0.352472186089,-0.493558704853,19.401454000000
1666,1413393969.305760622025,2,-0.530534029007,-2.737129211426,0.983835935593,0.640864253044,-0.472986310720,0.359542220831,-0.486113637686,26.226929000000
1667,1413393969.355760335922,2,-0.536508083344,-2.717391014099,0.968050241470,0.633561909199,-0.484837055206,0.365030020475,-0.479880750179,23.420572000000
1668,1413393969.405760526657,2,-0.543445229530,-2.698040485382,0.953725337982,0.625093460083,-0.498136073351,0.367727547884,-0.475284337997,22.573299000000
1669,1413393969.455760478973,2,-0.551499366760,-2.679200887680,0.941220283508,0.614553987980,-0.512418210506,0.367742925882,-0.473831444979,20.946599000000
1670,1413393969.505760431290,2,-0.562827467918,-2.662034273148,0.932639122009,0.602183640003,-0.527681529522,0.364728182554,-0.475289940834,18.893383000000
1671,1413393969.555760383606,2,-0.572068095207,-2.646378278732,0.921633958817,0.590630412102,-0.541288852692,0.364160686731,-0.474920213223,20.378524000000
1672,1413393969.605760574341,2,-0.582045555115,-2.633297920227,0.910650253296,0.581921041012,-0.555118441582,0.362095445395,-0.471273034811,20.972047000000
1673,1413393969.655760288239,2,-0.595917701721,-2.625955581665,0.902338504791,0.573654472828,-0.567531824112,0.362528204918,-0.466263443232,21.074508000000
1674,1413393969.705760478973,2,-0.604172229767,-2.619632720947,0.895969390869,0.567292273045,-0.578276872635,0.363547772169,-0.460009157658,20.337027000000
1675,1413393969.755760431290,2,-0.612400054932,-2.616363525391,0.892140626907,0.562100350857,-0.587896347046,0.363480061293,-0.454206287861,19.748532000000
1676,1413393969.805760622025,2,-0.619794964790,-2.616734981537,0.894048571587,0.557421267033,-0.596047103405,0.363259553909,-0.449501842260,18.805880000000
1677,1413393969.855760335922,2,-0.628545641899,-2.620635986328,0.900124311447,0.553029239178,-0.602147400379,0.364162683487,-0.446052432060,19.692486000000
1678,1413393969.905760526657,2,-0.635877966881,-2.628711223602,0.910488486290,0.549863338470,-0.605581462383,0.367038905621,-0.442949026823,19.851513000000
1679,1413393969.955760478973,2,-0.644501090050,-2.641237735748,0.925323486328,0.548796534538,-0.605474114418,0.374075502157,-0.438510030508,20.191309000000
1680,1413393970.005760431290,2,-0.660914778709,-2.664316892624,0.945429682732,0.552593350410,-0.603197157383,0.381795614958,-0.430146485567,20.271316000000
1681,1413393970.055760383606,2,-0.665827155113,-2.683516740799,0.965687751770,0.559697508812,-0.597097516060,0.394061863422,-0.418244600296,19.633032000000
1682,1413393970.105760574341,2,-0.670545816422,-2.704433441162,0.986303806305,0.568300306797,-0.591209292412,0.404727220535,-0.404601305723,19.707052000000
1683,1413393970.155760288239,2,-0.674778699875,-2.725469589233,1.006125688553,0.575595617294,-0.586822390556,0.412247240543,-0.392914116383,20.475351000000
1684,1413393970.205760478973,2,-0.679077625275,-2.745639562607,1.023992896080,0.581212043762,-0.584257483482,0.416145294905,-0.384263992310,18.941199000000
1685,1413393970.255760431290,2,-0.682766914368,-2.764808177948,1.039519667625,0.584537804127,-0.582637846470,0.418405830860,-0.379190474749,20.068211000000
1686,1413393970.305760622025,2,-0.685600280762,-2.782800197601,1.052240848541,0.586530447006,-0.581493914127,0.419632136822,-0.376504659653,19.615168000000
1687,1413393970.355760335922,2,-0.687399625778,-2.799485445023,1.062897562981,0.587990760803,-0.581163406372,0.419401824474,-0.374990850687,19.799547000000
1688,1413393970.405760526657,2,-0.687793016434,-2.815046787262,1.072702646255,0.589384377003,-0.580335497856,0.419490277767,-0.373984962702,20.911524000000
1689,1413393970.455760478973,2,-0.686301946640,-2.829282760620,1.082505345345,0.590106666088,-0.578680038452,0.420635908842,-0.374124437571,22.494648000000
1690,1413393970.505760431290,2,-0.687489032745,-2.844670772552,1.094646334648,0.588514387608,-0.575052142143,0.424507588148,-0.377834916115,24.236714000000
1691,1413393970.555760383606,2,-0.682849645615,-2.855624914169,1.106041789055,0.585794031620,-0.571363568306,0.428621739149,-0.382978558540,19.690613000000
1692,1413393970.605760574341,2,-0.677384376526,-2.865249395370,1.116974234581,0.584340512753,-0.566961526871,0.433450162411,-0.386292487383,21.259307000000
1693,1413393970.655760288239,2,-0.671103000641,-2.873570919037,1.127147197723,0.583057343960,-0.561147332191,0.440484434366,-0.388756215572,19.848640000000
1694,1413393970.705760478973,2,-0.664518833160,-2.880806207657,1.133970022202,0.583031892776,-0.554746329784,0.448505163193,-0.388810276985,21.595008000000
1695,1413393970.755760431290,2,-0.658318519592,-2.886785030365,1.136207699776,0.585663914680,-0.547490537167,0.458010584116,-0.384029030800,19.549841000000
1696,1413393970.805760622025,2,-0.652560472488,-2.890731096268,1.134482026100,0.590820550919,-0.540031552315,0.467346638441,-0.375345498323,19.579447000000
1697,1413393970.855760335922,2,-0.645143985748,-2.892511844635,1.129739165306,0.595954656601,-0.534221172333,0.475032806396,-0.365772783756,19.620490000000
1698,1413393970.905760526657,2,-0.638521671295,-2.889214515686,1.123080730438,0.600062370300,-0.529375433922,0.481107175350,-0.358081936836,20.581824000000
1699,1413393970.955760478973,2,-0.632596969604,-2.880446672440,1.117189645767,0.601742863655,-0.526405632496,0.484794110060,-0.354651004076,20.430288000000
1700,1413393971.005760431290,2,-0.627261161804,-2.865636825562,1.112101316452,0.600742459297,-0.525690853596,0.485599249601,-0.356302022934,21.418841000000
1701,1413393971.055760383606,2,-0.627063035965,-2.844619512558,1.105976223946,0.596152842045,-0.527692556381,0.482685774565,-0.364906638861,19.243365000000
1702,1413393971.105760574341,2,-0.625038623810,-2.819554805756,1.104836225510,0.589109599590,-0.529802501202,0.478941231966,-0.377987354994,20.178459000000
1703,1413393971.155760288239,2,-0.624572038651,-2.790459632874,1.106940984726,0.580850362778,-0.527445018291,0.479830026627,-0.392654895782,19.440943000000
1704,1413393971.205760478973,2,-0.625472068787,-2.757811546326,1.113741159439,0.571066915989,-0.523642122746,0.481806665659,-0.409321248531,19.685708000000
1705,1413393971.255760431290,2,-0.629544734955,-2.722536325455,1.123241186142,0.562196612358,-0.518240153790,0.485547095537,-0.423799812794,19.138309000000
1706,1413393971.305760622025,2,-0.637524366379,-2.685249090195,1.134493708611,0.553700983524,-0.511034905910,0.491074055433,-0.437155365944,19.276960000000
1707,1413393971.355760335922,2,-0.639893293381,-2.643181324005,1.152945995331,0.547381699085,-0.504603683949,0.496203899384,-0.446687877178,23.981178000000
1708,1413393971.405760526657,2,-0.656901836395,-2.602538108826,1.159173130989,0.542262494564,-0.499853104353,0.499693691730,-0.454317748547,18.730379000000
1709,1413393971.455760478973,2,-0.679272651672,-2.560332775116,1.161431431770,0.541057586670,-0.501174807549,0.496164411306,-0.458150058985,23.348160000000
1710,1413393971.505760431290,2,-0.703186392784,-2.516427993774,1.162347316742,0.543705940247,-0.508977055550,0.485694497824,-0.457632094622,26.198691000000
1711,1413393971.555760383606,2,-0.735561847687,-2.472294569016,1.157578349113,0.547605574131,-0.521409988403,0.469670325518,-0.455707699060,18.916372000000
1712,1413393971.605760574341,2,-0.772000908852,-2.427470207214,1.152906179428,0.548114359379,-0.537597894669,0.448196798563,-0.457906961441,19.804243000000
1713,1413393971.655760288239,2,-0.806600332260,-2.380570173264,1.146241784096,0.545440435410,-0.554102778435,0.425700098276,-0.462865352631,19.289072000000
1714,1413393971.705760478973,2,-0.847783803940,-2.337988138199,1.145006179810,0.538499057293,-0.569031536579,0.405395001173,-0.471038103104,19.700266000000
1715,1413393971.755760431290,2,-0.890532433987,-2.298826217651,1.146254658699,0.528871834278,-0.583418905735,0.385765343904,-0.480730861425,21.525110000000
1716,1413393971.805760622025,2,-0.932164847851,-2.266004800797,1.149206280708,0.520111382008,-0.595586776733,0.369752496481,-0.487897276878,20.366482000000
1717,1413393971.855760335922,2,-0.976798295975,-2.237708330154,1.153116703033,0.513699829578,-0.604999542236,0.358280599117,-0.491653382778,24.074286000000
1718,1413393971.905760526657,2,-1.021893739700,-2.216145277023,1.158266425133,0.512208819389,-0.609566330910,0.355016231537,-0.489933222532,20.357665000000
1719,1413393971.955760478973,2,-1.060626029968,-2.199632406235,1.163300752640,0.515636503696,-0.610926270485,0.358274579048,-0.482210993767,26.396292000000
1720,1413393972.005760431290,2,-1.105233073235,-2.191087484360,1.171108007431,0.520299017429,-0.610531270504,0.364314466715,-0.473091363907,19.660836000000
1721,1413393972.055760383606,2,-1.149683237076,-2.187825679779,1.179893970490,0.526701569557,-0.608577132225,0.372018188238,-0.462408840656,20.349714000000
1722,1413393972.105760574341,2,-1.194062590599,-2.188361167908,1.188396453857,0.530960559845,-0.609223842621,0.375202417374,-0.454037845135,22.992061000000
1723,1413393972.155760288239,2,-1.235177516937,-2.191200733185,1.186805725098,0.534540235996,-0.613526761532,0.372136354446,-0.446504473686,28.509117000000
1724,1413393972.205760478973,2,-1.279099702835,-2.197255611420,1.186177730560,0.539176166058,-0.618614077568,0.366877257824,-0.438185691833,20.513052000000
1725,1413393972.255760431290,2,-1.321769714355,-2.206207513809,1.180875301361,0.544795036316,-0.621510326862,0.364317893982,-0.429180502892,21.029088000000
1726,1413393972.305760622025,2,-1.362316131592,-2.219000101089,1.172280073166,0.552049458027,-0.616991043091,0.373274803162,-0.418604075909,21.455526000000
1727,1413393972.355760335922,2,-1.399400472641,-2.236073970795,1.158952474594,0.558417081833,-0.607465684414,0.388135373592,-0.410495877266,21.788038000000
1728,1413393972.405760526657,2,-1.436624288559,-2.252619504929,1.151251792908,0.564673781395,-0.598816037178,0.400794118643,-0.402401506901,20.741785000000
1729,1413393972.455760478973,2,-1.472710728645,-2.269575119019,1.144403934479,0.570259988308,-0.590128302574,0.412533253431,-0.395434737206,20.520799000000
1730,1413393972.505760431290,2,-1.508231401443,-2.286171436310,1.136924505234,0.577652633190,-0.585013568401,0.418362498283,-0.386069118977,20.278912000000
1731,1413393972.555760383606,2,-1.542516946793,-2.301834583282,1.129755258560,0.585512459278,-0.584224462509,0.418515414000,-0.375102341175,20.111502000000
1732,1413393972.605760574341,2,-1.574417829514,-2.315732240677,1.124228239059,0.591145753860,-0.584379017353,0.417749255896,-0.366787910461,21.940487000000
1733,1413393972.655760288239,2,-1.606488108635,-2.329284667969,1.112169265747,0.593304395676,-0.584518969059,0.417776882648,-0.363028824329,22.045337000000
1734,1413393972.705760478973,2,-1.633783340454,-2.340012073517,1.107544898987,0.594366848469,-0.584306776524,0.418624967337,-0.360647678375,20.759586000000
1735,1413393972.755760431290,2,-1.659178733826,-2.348848819733,1.102035999298,0.594422996044,-0.584295153618,0.419660538435,-0.359368234873,19.475130000000
1736,1413393972.805760622025,2,-1.682213664055,-2.355724334717,1.096182346344,0.593095123768,-0.583342492580,0.422390908003,-0.359910517931,20.023607000000
1737,1413393972.855760335922,2,-1.703229308128,-2.360825777054,1.089890480042,0.591262042522,-0.582708716393,0.425316125154,-0.360508054495,19.553765000000
1738,1413393972.905760526657,2,-1.722064614296,-2.364010572433,1.082768917084,0.590350210667,-0.581653237343,0.428445816040,-0.360000669956,20.770261000000
1739,1413393972.955760478973,2,-1.738230943680,-2.365104436874,1.075542688370,0.589123785496,-0.580495297909,0.432500153780,-0.359029322863,19.902544000000
1740,1413393973.005760431290,2,-1.752006173134,-2.363886833191,1.068720817566,0.588851630688,-0.578577220440,0.436897754669,-0.357242912054,21.362257000000
1741,1413393973.055760383606,2,-1.760372161865,-2.356020927429,1.063842535019,0.587064266205,-0.575750529766,0.442106246948,-0.358342111111,20.294801000000
1742,1413393973.105760574341,2,-1.771500229836,-2.349417924881,1.057129144669,0.584090828896,-0.572626888752,0.447261303663,-0.361792355776,19.470304000000
1743,1413393973.155760288239,2,-1.781458020210,-2.340071678162,1.050879716873,0.580434083939,-0.568685233593,0.452703535557,-0.367086976767,19.939514000000
1744,1413393973.205760478973,2,-1.791476249695,-2.327943563461,1.044420719147,0.576325416565,-0.563868165016,0.458595782518,-0.373619705439,19.582899000000
1745,1413393973.255760431290,2,-1.801992058754,-2.313198089600,1.038659095764,0.571131527424,-0.557874858379,0.465727478266,-0.381683468819,20.066279000000
1746,1413393973.305760622025,2,-1.813184857368,-2.295679807663,1.033001899719,0.564908385277,-0.551176488400,0.473220974207,-0.391337513924,19.779248000000
1747,1413393973.355760335922,2,-1.825410127640,-2.275885343552,1.027297019958,0.559234440327,-0.544942975044,0.479670137167,-0.400263220072,21.000479000000
1748,1413393973.405760526657,2,-1.839251756668,-2.253603458405,1.022065877914,0.553426384926,-0.538581013680,0.485655009747,-0.409620553255,20.125130000000
1749,1413393973.455760478973,2,-1.855995059013,-2.229215383530,1.016962051392,0.548941612244,-0.532311201096,0.491069555283,-0.417323261499,22.394081000000
1750,1413393973.505760431290,2,-1.873938202858,-2.202818632126,1.015992164612,0.544518232346,-0.525849997997,0.497075498104,-0.424143493176,20.281398000000
1751,1413393973.555760383606,2,-1.898198604584,-2.173812627792,1.009896516800,0.541188955307,-0.521848678589,0.500118076801,-0.429732918739,19.709489000000
1752,1413393973.605760574341,2,-1.926992774010,-2.142673492432,1.003808975220,0.538711726665,-0.520131886005,0.500254213810,-0.434739381075,20.849168000000
1753,1413393973.655760288239,2,-1.960288882256,-2.109113931656,0.998469591141,0.535444200039,-0.522905051708,0.494576811790,-0.441886395216,19.430453000000
1754,1413393973.705760478973,2,-1.998680114746,-2.073877334595,0.992987155914,0.533203542233,-0.532080054283,0.480782985687,-0.448812454939,19.819700000000
1755,1413393973.755760431290,2,-2.042701721191,-2.040649890900,0.986951112747,0.531898796558,-0.545460879803,0.460773408413,-0.455240607262,19.365772000000
1756,1413393973.805760622025,2,-2.089676380157,-2.005155086517,0.982202768326,0.530576944351,-0.560555934906,0.438150227070,-0.460748821497,19.810865000000
1757,1413393973.855760335922,2,-2.139677286148,-1.971113920212,0.978546380997,0.527722954750,-0.578578352928,0.410552561283,-0.467121183872,19.983056000000
1758,1413393973.905760526657,2,-2.192331790924,-1.941763043404,0.974141359329,0.524026513100,-0.596104621887,0.381972551346,-0.473447412252,21.178987000000
1759,1413393973.955760478973,2,-2.245138406754,-1.916270971298,0.971578836441,0.523263573647,-0.612902522087,0.354760617018,-0.474015623331,19.242937000000
1760,1413393974.005760431290,2,-2.298422813416,-1.897016167641,0.968422412872,0.530437767506,-0.628262579441,0.329291254282,-0.464208245277,19.783144000000
1761,1413393974.055760383606,2,-2.348056793213,-1.886865377426,0.965246915817,0.540801763535,-0.642698585987,0.306056678295,-0.448108524084,18.482583000000
1762,1413393974.105760574341,2,-2.398688077927,-1.882351398468,0.962870359421,0.554024994373,-0.655154764652,0.284694612026,-0.427524983883,19.315302000000
1763,1413393974.155760288239,2,-2.444107294083,-1.885650873184,0.962065935135,0.568130671978,-0.664766848087,0.267749607563,-0.404503077269,19.666854000000
1764,1413393974.205760478973,2,-2.479736328125,-1.902295112610,0.966950654984,0.586093842983,-0.667717397213,0.260372221470,-0.377960026264,20.175188000000
1765,1413393974.255760431290,2,-2.509071350098,-1.921015381813,0.970611810684,0.606235206127,-0.663755476475,0.263476759195,-0.349982261658,17.753571000000
1766,1413393974.305760622025,2,-2.528125524521,-1.945010781288,0.977290153503,0.624314725399,-0.656437695026,0.272033423185,-0.324528157711,20.255855000000
1767,1413393974.355760335922,2,-2.533256769180,-1.978165626526,0.993465185165,0.639629065990,-0.648303031921,0.280616253614,-0.303038597107,19.366284000000
1768,1413393974.405760526657,2,-2.528554201126,-2.006296157837,1.005562543869,0.652349174023,-0.639361321926,0.290707111359,-0.284863352776,17.954135000000
1769,1413393974.455760478973,2,-2.512215137482,-2.034065723419,1.019573450089,0.663610517979,-0.627324283123,0.304682075977,-0.270655214787,18.474455000000
1770,1413393974.505760431290,2,-2.483911991119,-2.059805631638,1.036544799805,0.673176348209,-0.612570285797,0.321560055017,-0.261133104563,20.310330000000
1771,1413393974.555760383606,2,-2.432412147522,-2.087940454483,1.060267925262,0.680191099644,-0.596196055412,0.340434998274,-0.256893664598,17.994144000000
1772,1413393974.605760574341,2,-2.381202220917,-2.105248928070,1.081478118896,0.682598412037,-0.580346763134,0.360127270222,-0.259933680296,18.097030000000
1773,1413393974.655760288239,2,-2.321111917496,-2.116546630859,1.104114770889,0.681365311146,-0.564355731010,0.380463898182,-0.269241809845,21.556730000000
1774,1413393974.705760478973,2,-2.249930381775,-2.116626262665,1.131616115570,0.676523149014,-0.548347532749,0.401739537716,-0.283260971308,23.833525000000
1775,1413393974.755760431290,2,-2.177806377411,-2.114726066589,1.155074357986,0.669358909130,-0.534857928753,0.419640570879,-0.299645513296,19.839161000000
1776,1413393974.805760622025,2,-2.102720737457,-2.106791257858,1.176739692688,0.661401152611,-0.523018479347,0.435239344835,-0.315542399883,19.369334000000
1777,1413393974.855760335922,2,-2.026461601257,-2.092571735382,1.196015596390,0.650141835213,-0.517133414745,0.444401770830,-0.335254639387,21.769704000000
1778,1413393974.905760526657,2,-1.957490921021,-2.069378376007,1.214114904404,0.637569129467,-0.516031146049,0.447931528091,-0.355773657560,19.730539000000
1779,1413393974.955760478973,2,-1.881130576134,-2.045800209045,1.226855516434,0.625128746033,-0.515817463398,0.450433194637,-0.374508261681,20.371451000000
1780,1413393975.005760431290,2,-1.805702209473,-2.018809795380,1.235914230347,0.612857818604,-0.516705334187,0.451199263334,-0.392224639654,21.970074000000
1781,1413393975.055760383606,2,-1.729212760925,-1.990445017815,1.241134166718,0.602155327797,-0.519604444504,0.449142366648,-0.407052159309,21.042610000000
1782,1413393975.105760574341,2,-1.657921314240,-1.959175109863,1.242127418518,0.593093037605,-0.522583186626,0.446834295988,-0.418911218643,19.904464000000
1783,1413393975.155760288239,2,-1.589148998260,-1.926425457001,1.240279674530,0.585567116737,-0.527282357216,0.441855043173,-0.428775757551,22.276270000000
1784,1413393975.205760478973,2,-1.520469665527,-1.892927527428,1.240040302277,0.581521570683,-0.531970024109,0.436932027340,-0.433509975672,21.734355000000
1785,1413393975.255760431290,2,-1.456528663635,-1.858922004700,1.235671758652,0.579043269157,-0.536564409733,0.431811630726,-0.436286926270,19.279593000000
1786,1413393975.305760622025,2,-1.394963026047,-1.824810743332,1.232048749924,0.578199982643,-0.539920747280,0.427917778492,-0.437100529671,21.654813000000
1787,1413393975.355760335922,2,-1.339465737343,-1.793385505676,1.230180263519,0.577811717987,-0.538277864456,0.430333644152,-0.437268286943,22.016121000000
1788,1413393975.405760526657,2,-1.282788395882,-1.759462356567,1.229807376862,0.577387988567,-0.535194814205,0.434776484966,-0.437217354774,20.117263000000
1789,1413393975.455760478973,2,-1.229072332382,-1.725271224976,1.230140805244,0.578094363213,-0.529955506325,0.441279679537,-0.436149537563,32.812412000000
1790,1413393975.505760431290,2,-1.177568912506,-1.690925836563,1.228283405304,0.577711999416,-0.525046885014,0.447154790163,-0.436608940363,19.154817000000
1791,1413393975.555760383606,2,-1.130506515503,-1.655082225800,1.229618787766,0.577599763870,-0.520727753639,0.452341496944,-0.436587244272,19.207080000000
1792,1413393975.605760574341,2,-1.086855411530,-1.617935299873,1.231589436531,0.577000796795,-0.517814695835,0.455566138029,-0.437490075827,20.577878000000
1793,1413393975.655760288239,2,-1.048466682434,-1.579222917557,1.227303385735,0.575565278530,-0.516788601875,0.456545531750,-0.439568400383,22.341955000000
1794,1413393975.705760478973,2,-1.012921333313,-1.539092779160,1.229411721230,0.572906255722,-0.520478963852,0.451772153378,-0.443601310253,28.474072000000
1795,1413393975.755760431290,2,-0.980765759945,-1.498040556908,1.231724739075,0.569472432137,-0.526216804981,0.445142090321,-0.447934776545,20.514942000000
1796,1413393975.805760622025,2,-0.948172688484,-1.455923438072,1.231488108635,0.565839171410,-0.532251894474,0.438971489668,-0.451484322548,20.473191000000
1797,1413393975.855760335922,2,-0.922167539597,-1.414754390717,1.234908699989,0.560222089291,-0.537949740887,0.433586001396,-0.456907510757,19.616395000000
1798,1413393975.905760526657,2,-0.899268388748,-1.374292254448,1.238605976105,0.554298877716,-0.544156253338,0.428176999092,-0.461856156588,20.527664000000
1799,1413393975.955760478973,2,-0.873306870461,-1.336791276932,1.241409778595,0.552242636681,-0.548889636993,0.425107806921,-0.461553514004,19.697001000000
1800,1413393976.005760431290,2,-0.854915559292,-1.299754619598,1.243816614151,0.552772581577,-0.553536415100,0.422888219357,-0.457389950752,20.497820000000
1801,1413393976.055760383606,2,-0.838807761669,-1.264339208603,1.243191957474,0.555520772934,-0.556999623775,0.422541081905,-0.450118988752,21.787726000000
1802,1413393976.105760574341,2,-0.820029735565,-1.230238437653,1.239549160004,0.558184266090,-0.560221850872,0.422439545393,-0.442862033844,20.314284000000
1803,1413393976.155760288239,2,-0.806937873363,-1.196768522263,1.235195994377,0.559122383595,-0.562968015671,0.422349929810,-0.438257664442,19.430926000000
1804,1413393976.205760478973,2,-0.795492172241,-1.163764953613,1.228281974792,0.558971464634,-0.566788136959,0.420422524214,-0.435369938612,27.032415000000
1805,1413393976.255760431290,2,-0.782099008560,-1.132380962372,1.216958522797,0.556904017925,-0.570163190365,0.418096482754,-0.435852348804,22.502167000000
1806,1413393976.305760622025,2,-0.772447824478,-1.100865840912,1.206803083420,0.553395569324,-0.573238790035,0.415738970041,-0.438533604145,19.004916000000
1807,1413393976.355760335922,2,-0.763804316521,-1.070749402046,1.197228074074,0.548330426216,-0.574765801430,0.414824754000,-0.443732559681,20.212272000000
1808,1413393976.405760526657,2,-0.757683098316,-1.043579936028,1.189165711403,0.544234573841,-0.574461698532,0.414621412754,-0.449323505163,19.467588000000
1809,1413393976.455760478973,2,-0.752413392067,-1.016979932785,1.184029817581,0.542502582073,-0.573853313923,0.412203103304,-0.454391956329,19.340762000000
1810,1413393976.505760431290,2,-0.749999642372,-0.992482960224,1.180947780609,0.544831991196,-0.573544383049,0.406918615103,-0.456751853228,20.340335000000
1811,1413393976.555760383606,2,-0.748573184013,-0.970384597778,1.180035352707,0.549755454063,-0.571661651134,0.401974022388,-0.457590162754,21.366949000000
1812,1413393976.605760574341,2,-0.751421868801,-0.951809823513,1.178507089615,0.555488526821,-0.569888472557,0.396755725145,-0.457432538271,18.257118000000
1813,1413393976.655760288239,2,-0.752275824547,-0.934657275677,1.176300048828,0.560789287090,-0.568035423756,0.391826748848,-0.457518339157,20.676225000000
1814,1413393976.705760478973,2,-0.753153204918,-0.921429812908,1.167654156685,0.563339352608,-0.566540300846,0.386099487543,-0.461094439030,20.112308000000
1815,1413393976.755760431290,2,-0.754708051682,-0.908507466316,1.161506295204,0.565869569778,-0.565303087234,0.380650073290,-0.464036256075,19.252535000000
1816,1413393976.805760622025,2,-0.756342113018,-0.898142635822,1.152637720108,0.568942904472,-0.565357506275,0.374579548836,-0.465150505304,19.598390000000
1817,1413393976.855760335922,2,-0.758257150650,-0.890792071819,1.141855955124,0.574743270874,-0.566266179085,0.368427395821,-0.461815983057,19.241508000000
1818,1413393976.905760526657,2,-0.760859847069,-0.886762142181,1.130742549896,0.583473920822,-0.567516624928,0.362484753132,-0.453969001770,23.071772000000
1819,1413393976.955760478973,2,-0.770259678364,-0.886730492115,1.120782494545,0.591561794281,-0.568148851395,0.358319759369,-0.445946931839,22.721548000000
1820,1413393977.005760431290,2,-0.772096037865,-0.888064861298,1.111438155174,0.600892424583,-0.566811740398,0.357871294022,-0.435409009457,19.379598000000
1821,1413393977.055760383606,2,-0.771814286709,-0.891351640224,1.103064537048,0.608537971973,-0.563347220421,0.361641138792,-0.426071763039,19.415525000000
1822,1413393977.105760574341,2,-0.769171118736,-0.895650207996,1.096885800362,0.614496648312,-0.559092700481,0.367055982351,-0.418424665928,19.514218000000
1823,1413393977.155760288239,2,-0.763401389122,-0.899938166142,1.095363020897,0.617231190205,-0.554165899754,0.373281598091,-0.415435671806,20.681666000000
1824,1413393977.205760478973,2,-0.755979955196,-0.903861224651,1.098041176796,0.618461489677,-0.549159526825,0.380432188511,-0.413763999939,20.630445000000
1825,1413393977.255760431290,2,-0.753255844116,-0.909031391144,1.102595090866,0.617701470852,-0.544570744038,0.386855095625,-0.415006905794,19.461884000000
1826,1413393977.305760622025,2,-0.741385996342,-0.911108136177,1.113307952881,0.616517007351,-0.540705323219,0.392279088497,-0.416727453470,18.842384000000
1827,1413393977.355760335922,2,-0.729845702648,-0.912530362606,1.126133918762,0.615365684032,-0.538505256176,0.396349936724,-0.417425274849,19.387768000000
1828,1413393977.405760526657,2,-0.718150913715,-0.913190662861,1.142411470413,0.614233791828,-0.536539614201,0.400489628315,-0.417672276497,20.173136000000
1829,1413393977.455760478973,2,-0.707145094872,-0.912812650204,1.159605264664,0.613224804401,-0.536046445370,0.402582049370,-0.417776614428,20.173856000000
1830,1413393977.505760431290,2,-0.696434915066,-0.911684274673,1.177052855492,0.613530874252,-0.535037219524,0.405768603086,-0.415532141924,19.470569000000
1831,1413393977.555760383606,2,-0.685145139694,-0.909039855003,1.194555282593,0.613275051117,-0.535304486752,0.407475203276,-0.413892209530,19.503976000000
1832,1413393977.605760574341,2,-0.674045085907,-0.905116796494,1.210026025772,0.612948536873,-0.536039054394,0.408557504416,-0.412355542183,22.033388000000
1833,1413393977.655760288239,2,-0.673402130604,-0.896136283875,1.208310484886,0.611478626728,-0.536092579365,0.410851508379,-0.412188827991,19.953480000000
1834,1413393977.705760478973,2,-0.661563754082,-0.889400780201,1.216916441917,0.610875248909,-0.536779820919,0.412109494209,-0.410931438208,20.420841000000
1835,1413393977.755760431290,2,-0.649195492268,-0.881319224834,1.223150730133,0.609934210777,-0.538366675377,0.412376821041,-0.409984201193,18.823335000000
1836,1413393977.805760622025,2,-0.636644124985,-0.871776044369,1.227709293365,0.608490407467,-0.539608657360,0.413072019815,-0.409796923399,19.034963000000
1837,1413393977.855760335922,2,-0.624197542667,-0.860883653164,1.231299400330,0.607546031475,-0.540301442146,0.414269894361,-0.409075438976,20.735627000000
1838,1413393977.905760526657,2,-0.612061977386,-0.848661065102,1.235302567482,0.606106519699,-0.541285097599,0.415372133255,-0.408792704344,21.337155000000
1839,1413393977.955760478973,2,-0.600246548653,-0.835060060024,1.239913463593,0.604639112949,-0.542950272560,0.415806353092,-0.408315747976,19.102279000000
1840,1413393978.005760431290,2,-0.592592716217,-0.820018708706,1.246392250061,0.602872431278,-0.545297443867,0.415534198284,-0.408076941967,19.644353000000
1841,1413393978.055760383606,2,-0.580300509930,-0.803724527359,1.251521587372,0.600576460361,-0.548459887505,0.414611965418,-0.408162415028,19.433196000000
1842,1413393978.105760574341,2,-0.567955791950,-0.786195635796,1.257303953171,0.598055005074,-0.551874518394,0.413183718920,-0.408710092306,19.583667000000
1843,1413393978.155760288239,2,-0.555581271648,-0.767576456070,1.263753652573,0.595044672489,-0.555132389069,0.411563932896,-0.410323202610,20.528905000000
1844,1413393978.205760478973,2,-0.542885184288,-0.748466968536,1.270400762558,0.591420829296,-0.558342516422,0.410526186228,-0.412241876125,21.307344000000
1845,1413393978.255760431290,2,-0.529951691628,-0.729398369789,1.277535915375,0.586727201939,-0.561952471733,0.410384535789,-0.414180248976,20.735566000000
1846,1413393978.305760622025,2,-0.518972635269,-0.707861781120,1.291462063789,0.581493794918,-0.566285669804,0.410980373621,-0.415067017078,19.258940000000
1847,1413393978.355760335922,2,-0.505371868610,-0.689238190651,1.299406051636,0.573652803898,-0.570854067802,0.412920206785,-0.417785823345,25.720103000000
1848,1413393978.405760526657,2,-0.491881370544,-0.671410560608,1.307372450829,0.566264688969,-0.575794637203,0.415484964848,-0.418541669846,21.161584000000
1849,1413393978.455760478973,2,-0.475193917751,-0.658293843269,1.323436379433,0.556831002235,-0.581668138504,0.418661117554,-0.419909864664,24.218431000000
1850,1413393978.505760431290,2,-0.462147712708,-0.642703533173,1.332427263260,0.547022163868,-0.588026165962,0.422746002674,-0.419854611158,19.428123000000
1851,1413393978.555760383606,2,-0.449760138988,-0.628701806068,1.341896057129,0.536689221859,-0.593871712685,0.428951650858,-0.418666511774,21.150334000000
1852,1413393978.605760574341,2,-0.436568975449,-0.617680788040,1.354404687881,0.527451276779,-0.602296054363,0.433453440666,-0.413706153631,26.404301000000
1853,1413393978.655760288239,2,-0.426591575146,-0.606761574745,1.363193511963,0.517831265926,-0.610707998276,0.438475310802,-0.408198535442,18.596066000000
1854,1413393978.705760478973,2,-0.417651236057,-0.597247242928,1.371509671211,0.508905708790,-0.620131909847,0.442582279444,-0.400714933872,20.583568000000
1855,1413393978.755760431290,2,-0.411245107651,-0.588094949722,1.382870912552,0.499820828438,-0.630679011345,0.445778876543,-0.392051488161,22.508467000000
1856,1413393978.805760622025,2,-0.404403299093,-0.580761909485,1.391857147217,0.490684479475,-0.640446066856,0.448824137449,-0.384206414223,19.944213000000
1857,1413393978.855760335922,2,-0.398119568825,-0.574872612953,1.401655673981,0.479935258627,-0.650129318237,0.452545106411,-0.377090066671,19.534898000000
1858,1413393978.905760526657,2,-0.392390012741,-0.570477962494,1.412012100220,0.468892097473,-0.658579409122,0.457617998123,-0.370133906603,21.404538000000
1859,1413393978.955760478973,2,-0.379493206739,-0.569219946861,1.427313208580,0.457338750362,-0.667061448097,0.462186247110,-0.363667786121,20.216511000000
1860,1413393979.005760431290,2,-0.374553889036,-0.567931294441,1.438386797905,0.444663286209,-0.675993561745,0.465786844492,-0.358259499073,19.789353000000
1861,1413393979.055760383606,2,-0.370536208153,-0.568625092506,1.449238181114,0.431876093149,-0.684450268745,0.469939738512,-0.352374255657,19.280882000000
1862,1413393979.105760574341,2,-0.367366611958,-0.571283936501,1.460254311562,0.418337285519,-0.692694604397,0.474249124527,-0.346779286861,19.962855000000
1863,1413393979.155760288239,2,-0.365382432938,-0.576166868210,1.470805168152,0.405271649361,-0.700749814510,0.479405432940,-0.338932126760,21.143708000000
1864,1413393979.205760478973,2,-0.362365514040,-0.584973335266,1.479821085930,0.392727196217,-0.707976818085,0.485655128956,-0.329656392336,21.490732000000
1865,1413393979.255760431290,2,-0.362524092197,-0.593709707260,1.486186623573,0.379897564650,-0.714973151684,0.491541057825,-0.320747137070,21.273917000000
1866,1413393979.305760622025,2,-0.364177048206,-0.603894829750,1.489363431931,0.366016417742,-0.721917033195,0.497208565474,-0.312492370605,24.080119000000
1867,1413393979.355760335922,2,-0.367637425661,-0.615446448326,1.489621639252,0.351224184036,-0.728655517101,0.502437293530,-0.305384397507,20.241293000000
1868,1413393979.405760526657,2,-0.369761437178,-0.634544968605,1.485461235046,0.335990160704,-0.735753238201,0.506240963936,-0.299162000418,21.012063000000
1869,1413393979.455760478973,2,-0.376957446337,-0.649401426315,1.479570865631,0.320617407560,-0.742177844048,0.510543346405,-0.292783439159,20.957530000000
1870,1413393979.505760431290,2,-0.386439472437,-0.665605783463,1.471290707588,0.304825901985,-0.748656570911,0.513852596283,-0.287315189838,20.915654000000
1871,1413393979.555760383606,2,-0.397801309824,-0.684074878693,1.461191177368,0.289023846388,-0.754950702190,0.517131686211,-0.281228721142,20.297574000000
1872,1413393979.605760574341,2,-0.410849779844,-0.705173492432,1.449335098267,0.274123758078,-0.760961651802,0.520600318909,-0.273438870907,20.488741000000
1873,1413393979.655760288239,2,-0.426498711109,-0.728504300117,1.436123132706,0.260884404182,-0.766047954559,0.525142669678,-0.263315558434,19.580422000000
1874,1413393979.705760478973,2,-0.444795131683,-0.754091203213,1.423873424530,0.248130738735,-0.770233511925,0.530739843845,-0.251965850592,20.924151000000
1875,1413393979.755760431290,2,-0.464946478605,-0.781418263912,1.412937641144,0.236774474382,-0.774236798286,0.535650253296,-0.239945992827,21.996796000000
1876,1413393979.805760622025,2,-0.487811177969,-0.810797393322,1.403430938721,0.227188140154,-0.777484118938,0.541395127773,-0.225378200412,20.620030000000
1877,1413393979.855760335922,2,-0.508587062359,-0.844850361347,1.401563882828,0.218173205853,-0.782144963741,0.544784009457,-0.209428414702,19.493888000000
1878,1413393979.905760526657,2,-0.536031484604,-0.876957476139,1.395235180855,0.208806186914,-0.786453306675,0.547617733479,-0.194951400161,20.134571000000
1879,1413393979.955760478973,2,-0.565054357052,-0.910101294518,1.389968037605,0.199150949717,-0.791030585766,0.549457311630,-0.180848956108,20.157695000000
1880,1413393980.005760431290,2,-0.595167994499,-0.944027423859,1.385633587837,0.188603520393,-0.795684218407,0.550605118275,-0.167777821422,20.402471000000
1881,1413393980.055760383606,2,-0.626488983631,-0.978510916233,1.380879998207,0.179933950305,-0.801320374012,0.549801051617,-0.152408584952,22.524401000000
1882,1413393980.105760574341,2,-0.645482063293,-1.018416404724,1.370849132538,0.172107592225,-0.807107746601,0.548209011555,-0.135731264949,19.539896000000
1883,1413393980.155760288239,2,-0.677136838436,-1.055253148079,1.366420626640,0.166657462716,-0.812158703804,0.546612262726,-0.117637895048,21.808258000000
1884,1413393980.205760478973,2,-0.705881476402,-1.092565774918,1.357392907143,0.161824598908,-0.817657232285,0.543340086937,-0.100155457854,25.653527000000
1885,1413393980.255760431290,2,-0.735425114632,-1.131123661995,1.353199839592,0.158055990934,-0.822116017342,0.540256619453,-0.085242472589,21.778006000000
1886,1413393980.305760622025,2,-0.763243436813,-1.170773029327,1.349503278732,0.154679030180,-0.825708448887,0.537483513355,-0.073426321149,21.916792000000
1887,1413393980.355760335922,2,-0.788671970367,-1.211529731750,1.346500992775,0.151835471392,-0.828111171722,0.535709917545,-0.064752385020,20.630244000000
1888,1413393980.405760526657,2,-0.806052565575,-1.254125356674,1.342744231224,0.149997413158,-0.828307449818,0.536708474159,-0.057893171906,22.170694000000
1889,1413393980.455760478973,2,-0.825601100922,-1.298510432243,1.340901970863,0.147619888186,-0.827223360538,0.539392888546,-0.054453063756,21.791014000000
1890,1413393980.505760431290,2,-0.842337012291,-1.344345092773,1.339195728302,0.145839035511,-0.823612213135,0.545579373837,-0.052318066359,20.585793000000
1891,1413393980.555760383606,2,-0.849174022675,-1.391003966331,1.338649630547,0.143682613969,-0.818304598331,0.554100036621,-0.052020441741,19.527632000000
1892,1413393980.605760574341,2,-0.860594034195,-1.438857793808,1.337548494339,0.142593577504,-0.811813294888,0.563857138157,-0.051879182458,20.370653000000
1893,1413393980.655760288239,2,-0.862561821938,-1.488442063332,1.334202647209,0.142086133361,-0.806541979313,0.571529805660,-0.051528796554,20.665024000000
1894,1413393980.705760478973,2,-0.868926167488,-1.536561608315,1.332992315292,0.141686052084,-0.803125619888,0.576348900795,-0.052310213447,20.550824000000
1895,1413393980.755760431290,2,-0.873260378838,-1.583981990814,1.331921696663,0.141782999039,-0.802958548069,0.576566755772,-0.052210230380,20.391283000000
1896,1413393980.805760622025,2,-0.871197104454,-1.629438877106,1.331228137016,0.140943318605,-0.805787086487,0.572699248791,-0.053459189832,21.312441000000
1897,1413393980.855760335922,2,-0.871165871620,-1.674908518791,1.330741167068,0.139536187053,-0.809957981110,0.566896200180,-0.055915590376,18.553041000000
1898,1413393980.905760526657,2,-0.869114518166,-1.720273494720,1.330418825150,0.137610137463,-0.815885365009,0.558512985706,-0.058803934604,19.099709000000
1899,1413393980.955760478973,2,-0.865163683891,-1.766146183014,1.331504821777,0.134303644300,-0.820490658283,0.551977694035,-0.063861526549,18.599975000000
1900,1413393981.005760431290,2,-0.859909892082,-1.813248395920,1.333521008492,0.129577830434,-0.824419915676,0.546456634998,-0.070190444589,20.593762000000
1901,1413393981.055760383606,2,-0.853487491608,-1.862055897713,1.337061285973,0.125112801790,-0.826190054417,0.543929696083,-0.076794452965,18.747091000000
1902,1413393981.105760574341,2,-0.846664667130,-1.912677884102,1.342373967171,0.120347924531,-0.826525509357,0.543507277966,-0.083497874439,18.276095000000
1903,1413393981.155760288239,2,-0.839836001396,-1.965417504311,1.351110696793,0.116211161017,-0.824594974518,0.546465396881,-0.088959664106,28.893996000000
1904,1413393981.205760478973,2,-0.838155746460,-2.021239757538,1.364900588989,0.112636648118,-0.821908593178,0.550302326679,-0.094586841762,21.271463000000
1905,1413393981.255760431290,2,-0.832035064697,-2.077441215515,1.380031585693,0.110661670566,-0.820464670658,0.552214622498,-0.098238706589,20.709556000000
1906,1413393981.305760622025,2,-0.826810240746,-2.135194778442,1.398172616959,0.110393643379,-0.820351541042,0.552063286304,-0.100313268602,18.480523000000
1907,1413393981.355760335922,2,-0.822621703148,-2.193943977356,1.417430281639,0.110110580921,-0.821367681026,0.550248324871,-0.102262899280,19.154838000000
1908,1413393981.405760526657,2,-0.819635868073,-2.253625154495,1.436418056488,0.112135715783,-0.822519600391,0.548194825649,-0.101831689477,18.316379000000
1909,1413393981.455760478973,2,-0.818055510521,-2.314119338989,1.453944683075,0.116392657161,-0.822996139526,0.547258555889,-0.098174341023,19.073442000000
1910,1413393981.505760431290,2,-0.817398190498,-2.375860929489,1.469444632530,0.121735513210,-0.822533905506,0.547651410103,-0.093254335225,19.878722000000
1911,1413393981.555760383606,2,-0.817208886147,-2.438481807709,1.481617927551,0.128123804927,-0.821529030800,0.548694074154,-0.087230995297,19.064398000000
1912,1413393981.605760574341,2,-0.816705584526,-2.502158641815,1.490759134293,0.133083656430,-0.820458352566,0.549748301506,-0.083148702979,19.640008000000
1913,1413393981.655760288239,2,-0.820271492004,-2.566603183746,1.499808073044,0.137529551983,-0.820017814636,0.549742877483,-0.080244891346,21.237393000000
1914,1413393981.705760478973,2,-0.818147063255,-2.632562637329,1.503660321236,0.141212701797,-0.819491863251,0.549952507019,-0.077745713294,18.930239000000
1915,1413393981.755760431290,2,-0.814882636070,-2.699534893036,1.504838347435,0.145058214664,-0.818472981453,0.550895392895,-0.074662491679,18.786679000000
1916,1413393981.805760622025,2,-0.809943079948,-2.767555952072,1.503688573837,0.148435622454,-0.816325843334,0.553460001945,-0.072533778846,18.039475000000
1917,1413393981.855760335922,2,-0.803456544876,-2.835913419724,1.500042557716,0.153925746679,-0.813819289207,0.555871069431,-0.070797778666,18.242744000000
1918,1413393981.905760526657,2,-0.794704914093,-2.904628276825,1.494217395782,0.160594850779,-0.810508131981,0.558835148811,-0.070634506643,18.269634000000
1919,1413393981.955760478973,2,-0.783440113068,-2.973689079285,1.487816333771,0.168421149254,-0.806461989880,0.562169909477,-0.072238840163,20.475148000000
1920,1413393982.005760431290,2,-0.764334440231,-3.049282073975,1.476081013680,0.176643222570,-0.801864385605,0.565695881844,-0.076151087880,24.945288000000
1921,1413393982.055760383606,2,-0.748585462570,-3.116259098053,1.470538854599,0.185872271657,-0.798264920712,0.567078948021,-0.081524498761,18.109252000000
1922,1413393982.105760574341,2,-0.730349540710,-3.182396411896,1.465745449066,0.196673899889,-0.793831825256,0.568581700325,-0.088686786592,19.350565000000
1923,1413393982.155760288239,2,-0.709750890732,-3.247443199158,1.461486339569,0.208186045289,-0.788885891438,0.569911122322,-0.097564421594,18.850196000000
1924,1413393982.205760478973,2,-0.686865091324,-3.311140060425,1.457802772522,0.220670312643,-0.784539937973,0.569315850735,-0.108079232275,17.394130000000
1925,1413393982.255760431290,2,-0.661755800247,-3.373426437378,1.454956531525,0.234422981739,-0.779351532459,0.568466663361,-0.120427176356,20.302642000000
1926,1413393982.305760622025,2,-0.634860277176,-3.439170360565,1.447238802910,0.249523460865,-0.773548841476,0.567056059837,-0.133445829153,17.604845000000
1927,1413393982.355760335922,2,-0.606836795807,-3.497891426086,1.444993257523,0.266203463078,-0.769113004208,0.562262594700,-0.146498203278,17.570118000000
1928,1413393982.405760526657,2,-0.577705621719,-3.554753303528,1.443443298340,0.284514784813,-0.764131784439,0.556591212749,-0.159249141812,17.830860000000
1929,1413393982.455760478973,2,-0.547597646713,-3.609460830688,1.441584706306,0.303852379322,-0.758311569691,0.550393939018,-0.172347962856,18.419390000000
1930,1413393982.505760431290,2,-0.516643524170,-3.661883115768,1.439765810966,0.324230551720,-0.751538813114,0.543620824814,-0.185850486159,19.412697000000
1931,1413393982.555760383606,2,-0.484548807144,-3.719282627106,1.436323046684,0.345227301121,-0.743442356586,0.536462008953,-0.200798809528,18.218497000000
1932,1413393982.605760574341,2,-0.450942993164,-3.769220113754,1.435236215591,0.367145150900,-0.733674585819,0.529688358307,-0.215305238962,17.549370000000
1933,1413393982.655760288239,2,-0.415873765945,-3.818019151688,1.433665394783,0.389848589897,-0.722099661827,0.523265421391,-0.229746699333,17.509417000000
1934,1413393982.705760478973,2,-0.379574060440,-3.865548133850,1.431535601616,0.413263440132,-0.709193587303,0.516737997532,-0.243392154574,25.828196000000
1935,1413393982.755760431290,2,-0.339631557465,-3.916331529617,1.431790471077,0.437674701214,-0.694500386715,0.509722173214,-0.257475167513,19.104209000000
1936,1413393982.805760622025,2,-0.300496578217,-3.961011409760,1.429690361023,0.461584180593,-0.678222715855,0.503632545471,-0.270755201578,17.921705000000
1937,1413393982.855760335922,2,-0.260088443756,-4.003917694092,1.427720189095,0.484751522541,-0.660756349564,0.497586011887,-0.284297853708,22.783952000000
1938,1413393982.905760526657,2,-0.218995809555,-4.044333457947,1.425392985344,0.508073449135,-0.642324924469,0.490748494864,-0.297398746014,19.566649000000
1939,1413393982.955760478973,2,-0.175553560257,-4.088876724243,1.428112864494,0.530286729336,-0.624890863895,0.481611758471,-0.310415059328,17.611614000000
1940,1413393983.005760431290,2,-0.133286952972,-4.124305248260,1.424939632416,0.550951600075,-0.607407331467,0.472092807293,-0.323476582766,18.982883000000
1941,1413393983.055760383606,2,-0.090305328369,-4.156780719757,1.421555042267,0.571522116661,-0.588949084282,0.462467998266,-0.335596352816,19.099177000000
1942,1413393983.105760574341,2,-0.046714305878,-4.185992717743,1.418377161026,0.590964674950,-0.569687366486,0.453396737576,-0.347344845533,19.818837000000
1943,1413393983.155760288239,2,-0.001828670502,-4.213100433350,1.416940808296,0.610595107079,-0.549751102924,0.444217652082,-0.357236683369,18.250010000000
1944,1413393983.205760478973,2,0.043024539948,-4.235707283020,1.413110136986,0.629070937634,-0.529286086559,0.435269176960,-0.366969764233,27.493501000000
1945,1413393983.255760431290,2,0.088059902191,-4.254391670227,1.409331083298,0.646249234676,-0.508304774761,0.426618278027,-0.376809239388,19.694657000000
1946,1413393983.305760622025,2,0.132700204849,-4.266994953156,1.408652067184,0.663070678711,-0.487506002188,0.416761994362,-0.385985314846,20.178365000000
1947,1413393983.355760335922,2,0.177776575089,-4.276973724365,1.405372619629,0.677979052067,-0.465424239635,0.408567726612,-0.395976245403,20.267639000000
1948,1413393983.405760526657,2,0.222363471985,-4.282060623169,1.402890205383,0.691267192364,-0.443092733622,0.400260955095,-0.406951755285,19.166933000000
1949,1413393983.455760478973,2,0.263610363007,-4.278363704681,1.406633615494,0.703419327736,-0.421392977238,0.390898823738,-0.418123722076,18.889863000000
1950,1413393983.505760431290,2,0.306028366089,-4.272985458374,1.406486034393,0.713262617588,-0.399274826050,0.382231116295,-0.430970430374,22.069466000000
1951,1413393983.555760383606,2,0.346505641937,-4.262514591217,1.407172203064,0.722681641579,-0.377671808004,0.372463643551,-0.443132251501,20.277254000000
1952,1413393983.605760574341,2,0.383283853531,-4.244246006012,1.411650180817,0.731286764145,-0.355537563562,0.363064080477,-0.454969555140,18.685981000000
1953,1413393983.655760288239,2,0.418554782867,-4.224185466766,1.414025783539,0.739399373531,-0.334478139877,0.352568536997,-0.465948879719,20.617837000000
1954,1413393983.705760478973,2,0.450735569000,-4.199640274048,1.417440176010,0.745992660522,-0.314234256744,0.340988099575,-0.477994859219,19.602966000000
1955,1413393983.755760431290,2,0.479446172714,-4.171015739441,1.421262502670,0.752867221832,-0.295304238796,0.328220635653,-0.488116413355,20.965583000000
1956,1413393983.805760622025,2,0.505614757538,-4.135221004486,1.429649591446,0.759299099445,-0.278480738401,0.313916385174,-0.497362941504,22.965049000000
1957,1413393983.855760335922,2,0.527047872543,-4.099408149719,1.435052633286,0.764945924282,-0.261677056551,0.299608916044,-0.506574213505,19.003060000000
1958,1413393983.905760526657,2,0.544835329056,-4.060506343842,1.441154956818,0.769936800003,-0.245712086558,0.285580843687,-0.515040397644,21.741937000000
1959,1413393983.955760478973,2,0.559181690216,-4.018938064575,1.447879076004,0.774415969849,-0.227604687214,0.274625927210,-0.522548258305,21.362739000000
1960,1413393984.005760431290,2,0.563421726227,-3.978908300400,1.454518318176,0.778537034988,-0.210299938917,0.263159722090,-0.529529035091,19.134665000000
1961,1413393984.055760383606,2,0.569809198380,-3.932577371597,1.461663246155,0.782314538956,-0.191796183586,0.252779006958,-0.536004602909,19.064619000000
1962,1413393984.105760574341,2,0.571871280670,-3.883894920349,1.469516754150,0.785610973835,-0.172904953361,0.242213472724,-0.542450010777,20.370669000000
1963,1413393984.155760288239,2,0.569399237633,-3.833213567734,1.478060960770,0.788686215878,-0.153771027923,0.231739774346,-0.548293113708,20.252724000000
1964,1413393984.205760478973,2,0.560322880745,-3.784907817841,1.488725900650,0.791338264942,-0.134913042188,0.220749258995,-0.553942263126,18.621681000000
1965,1413393984.255760431290,2,0.548460245132,-3.731448411942,1.498681783676,0.793538987637,-0.116417251527,0.209422215819,-0.559361457825,20.348502000000
1966,1413393984.305760622025,2,0.531684875488,-3.676568269730,1.509444952011,0.795338928699,-0.100414656103,0.196003705263,-0.564743816853,21.052796000000
1967,1413393984.355760335922,2,0.505992412567,-3.623546361923,1.523080825806,0.796676039696,-0.086156941950,0.182702288032,-0.569652795792,18.582602000000
1968,1413393984.405760526657,2,0.480283856392,-3.567445039749,1.535269260406,0.796895623207,-0.072175838053,0.170631617308,-0.575006961823,20.754745000000
1969,1413393984.455760478973,2,0.450490295887,-3.511193275452,1.547744274139,0.797244608402,-0.058712311089,0.160001024604,-0.579097270966,19.869678000000
1970,1413393984.505760431290,2,0.414031505585,-3.457738876343,1.562310934067,0.796544313431,-0.046762384474,0.150344535708,-0.583718299866,18.915461000000
1971,1413393984.555760383606,2,0.375773549080,-3.401961326599,1.575611829758,0.795384168625,-0.034975361079,0.141529768705,-0.588311254978,19.230308000000
1972,1413393984.605760574341,2,0.333505868912,-3.346801280975,1.588186264038,0.795918226242,-0.026231139898,0.131150066853,-0.590445458889,20.740684000000
1973,1413393984.655760288239,2,0.283812880516,-3.294133424759,1.598809719086,0.797841608524,-0.022468753159,0.116701357067,-0.591037034988,23.366476000000
1974,1413393984.705760478973,2,0.233890533447,-3.240632295609,1.608064413071,0.799782574177,-0.023976802826,0.098335735500,-0.591695010662,20.053424000000
1975,1413393984.755760431290,2,0.182140290737,-3.187373876572,1.614656925201,0.800996005535,-0.026469623670,0.082726582885,-0.592335402966,20.985205000000
1976,1413393984.805760622025,2,0.126032978296,-3.132071018219,1.616133928299,0.802032709122,-0.030238809064,0.069244511425,-0.592481553555,17.759545000000
1977,1413393984.855760335922,2,0.072097748518,-3.079414844513,1.617002248764,0.804742097855,-0.037572827190,0.054913803935,-0.589883923531,20.012849000000
1978,1413393984.905760526657,2,0.018637433648,-3.027376174927,1.614832162857,0.808178067207,-0.048749554902,0.042190261185,-0.585398793221,18.763864000000
1979,1413393984.955760478973,2,-0.033737778664,-2.976600646973,1.610634565353,0.811159431934,-0.062137942761,0.032249335200,-0.580619812012,18.652298000000
1980,1413393985.005760431290,2,-0.084195114672,-2.925134658813,1.603774309158,0.812875390053,-0.076310709119,0.026823394001,-0.576793551445,19.728097000000
1981,1413393985.055760383606,2,-0.132030576468,-2.873660802841,1.594244480133,0.813735425472,-0.089317008853,0.028514528647,-0.573623716831,19.910038000000
1982,1413393985.105760574341,2,-0.176551803946,-2.822202682495,1.583623409271,0.812475144863,-0.101576082408,0.035259950906,-0.572994947433,18.106535000000
1983,1413393985.155760288239,2,-0.218626588583,-2.769969463348,1.570468425751,0.809403836727,-0.111633859575,0.048418447375,-0.574507653713,19.577689000000
1984,1413393985.205760478973,2,-0.258500456810,-2.718117952347,1.555232524872,0.805271029472,-0.121799886227,0.063439816236,-0.576783239841,20.275831000000
1985,1413393985.255760431290,2,-0.298164784908,-2.663699626923,1.539592504501,0.801032960415,-0.132071927190,0.080196924508,-0.578335404396,17.373480000000
1986,1413393985.305760622025,2,-0.335189431906,-2.613110542297,1.522132158279,0.796633183956,-0.142495155334,0.097984090447,-0.579197645187,18.963668000000
1987,1413393985.355760335922,2,-0.371532529593,-2.563477993011,1.504676580429,0.793001830578,-0.153275936842,0.116248071194,-0.578049302101,20.447067000000
1988,1413393985.405760526657,2,-0.407738775015,-2.514373302460,1.488353967667,0.788835465908,-0.165103435516,0.133310005069,-0.576808452606,19.384187000000
1989,1413393985.455760478973,2,-0.444005608559,-2.463595151901,1.470934867859,0.784954786301,-0.178683459759,0.148800075054,-0.574262022972,18.562197000000
1990,1413393985.505760431290,2,-0.481053441763,-2.415976047516,1.455965757370,0.780398547649,-0.192421734333,0.163483127952,-0.572036147118,18.443693000000
1991,1413393985.555760383606,2,-0.519165039062,-2.368987560272,1.441585779190,0.776729226112,-0.208634123206,0.174258396029,-0.568152785301,19.795451000000
1992,1413393985.605760574341,2,-0.557934939861,-2.322427988052,1.427550315857,0.774015367031,-0.226685509086,0.181986451149,-0.562489867210,21.365374000000
1993,1413393985.655760288239,2,-0.598241150379,-2.276059865952,1.412075519562,0.772568643093,-0.245680540800,0.187074527144,-0.554781019688,18.327566000000
1994,1413393985.705760478973,2,-0.638098120689,-2.230719566345,1.398966073990,0.771211445332,-0.265669554472,0.190003365278,-0.546398580074,19.017994000000
1995,1413393985.755760431290,2,-0.677389919758,-2.185760498047,1.386056900024,0.770054221153,-0.285079985857,0.193489849567,-0.536942780018,21.088648000000
1996,1413393985.805760622025,2,-0.715628445148,-2.140548467636,1.373979330063,0.768210589886,-0.303316712379,0.197211816907,-0.528165638447,20.023806000000
1997,1413393985.855760335922,2,-0.755190074444,-2.090450286865,1.360585451126,0.765499949455,-0.321530908346,0.200689017773,-0.519953608513,18.132932000000
1998,1413393985.905760526657,2,-0.789167881012,-2.044231414795,1.352184772491,0.761188864708,-0.339895367622,0.203612640500,-0.513424396515,19.418326000000
1999,1413393985.955760478973,2,-0.819847583771,-1.997792243958,1.345696926117,0.756402432919,-0.356933712959,0.207936406136,-0.507164835930,19.708174000000
2000,1413393986.005760431290,2,-0.846595346928,-1.950760841370,1.341844558716,0.749884128571,-0.373333930969,0.213032424450,-0.502904474735,21.127129000000
2001,1413393986.055760383606,2,-0.863504707813,-1.902699589729,1.339270830154,0.743260204792,-0.388067901134,0.219077274203,-0.498971700668,17.263071000000
2002,1413393986.105760574341,2,-0.883918702602,-1.856859803200,1.337610960007,0.735189735889,-0.404198676348,0.224188163877,-0.495841979980,20.716747000000
2003,1413393986.155760288239,2,-0.900665223598,-1.811903834343,1.336845874786,0.726546645164,-0.419651240110,0.229434594512,-0.493338286877,20.648885000000
2004,1413393986.205760478973,2,-0.923066675663,-1.774940252304,1.334476947784,0.715736806393,-0.435805439949,0.232962593436,-0.493480503559,18.919880000000
2005,1413393986.255760431290,2,-0.933484792709,-1.733506679535,1.335973978043,0.704560041428,-0.452518194914,0.236720249057,-0.492733240128,18.298036000000
2006,1413393986.305760622025,2,-0.939839243889,-1.694013237953,1.338302850723,0.693391799927,-0.468892425299,0.240749180317,-0.491312146187,18.550459000000
2007,1413393986.355760335922,2,-0.942870914936,-1.657428383827,1.340319156647,0.682390272617,-0.484320074320,0.245788380504,-0.489250183105,20.149008000000
2008,1413393986.405760526657,2,-0.941112697124,-1.623083829880,1.342647910118,0.670454561710,-0.499456584454,0.251965612173,-0.487388074398,20.348318000000
2009,1413393986.455760478973,2,-0.941687107086,-1.594694256783,1.335082650185,0.658989906311,-0.512715935707,0.259656548500,-0.485214531422,18.800932000000
2010,1413393986.505760431290,2,-0.933364629745,-1.568549633026,1.337854266167,0.649810612202,-0.523115336895,0.271539598703,-0.479961216450,18.853779000000
2011,1413393986.555760383606,2,-0.921974301338,-1.546766519547,1.341708540916,0.642000198364,-0.528681099415,0.290373116732,-0.473302751780,21.840722000000
2012,1413393986.605760574341,2,-0.906903207302,-1.528014779091,1.345988392830,0.635769665241,-0.530388057232,0.313575714827,-0.464925676584,21.798321000000
2013,1413393986.655760288239,2,-0.895221769810,-1.513950586319,1.340024352074,0.629597246647,-0.530556797981,0.337899297476,-0.456005334854,18.942691000000
2014,1413393986.705760478973,2,-0.876810193062,-1.498623132706,1.344458818436,0.621736288071,-0.531835079193,0.359675854445,-0.448585331440,20.434283000000
2015,1413393986.755760431290,2,-0.857709288597,-1.484382629395,1.350092053413,0.613419413567,-0.533206164837,0.380253344774,-0.441378802061,20.264753000000
2016,1413393986.805760622025,2,-0.838780999184,-1.470591783524,1.356685638428,0.604267776012,-0.534523725510,0.400144606829,-0.434774816036,21.490407000000
2017,1413393986.855760335922,2,-0.828655600548,-1.452901601791,1.354323148727,0.594835758209,-0.535297036171,0.419212937355,-0.428821712732,19.214853000000
2018,1413393986.905760526657,2,-0.813204407692,-1.437539219856,1.360670566559,0.587260365486,-0.537292122841,0.433067977428,-0.422959297895,23.182792000000
2019,1413393986.955760478973,2,-0.799931704998,-1.420673370361,1.366441965103,0.581418693066,-0.542180359364,0.440494418144,-0.417082011700,20.670950000000
2020,1413393987.005760431290,2,-0.799274444580,-1.399374246597,1.364169716835,0.576922655106,-0.549481093884,0.442914903164,-0.411165684462,19.708006000000
2021,1413393987.055760383606,2,-0.790139496326,-1.379262208939,1.366663575172,0.573907434940,-0.556578695774,0.443268984556,-0.405417144299,20.710377000000
2022,1413393987.105760574341,2,-0.782144188881,-1.357775211334,1.367152214050,0.571923792362,-0.562808036804,0.442549645901,-0.400374978781,23.167132000000
2023,1413393987.155760288239,2,-0.784243762493,-1.335126757622,1.362430691719,0.570106089115,-0.568015456200,0.441689014435,-0.396545648575,22.712117000000
2024,1413393987.205760478973,2,-0.777894139290,-1.311331748962,1.358522415161,0.568559825420,-0.572393178940,0.440732002258,-0.393523931503,20.085562000000
2025,1413393987.255760431290,2,-0.771331131458,-1.286460399628,1.354368329048,0.568416118622,-0.576025366783,0.439098268747,-0.390244364738,21.267496000000
2026,1413393987.305760622025,2,-0.764570891857,-1.260433673859,1.351393818855,0.567920565605,-0.578823626041,0.437961429358,-0.388096958399,25.073682000000
2027,1413393987.355760335922,2,-0.756249427795,-1.231141328812,1.353922843933,0.568073630333,-0.581085801125,0.436285674572,-0.386376202106,19.526464000000
2028,1413393987.405760526657,2,-0.749110937119,-1.203151702881,1.353075146675,0.568534314632,-0.582169890404,0.435340285301,-0.385130971670,21.611210000000
2029,1413393987.455760478973,2,-0.741831421852,-1.174019336700,1.353730559349,0.568603634834,-0.582697331905,0.434076160192,-0.385657489300,20.993348000000
2030,1413393987.505760431290,2,-0.736387312412,-1.145375013351,1.357246160507,0.568541288376,-0.583009779453,0.433733135462,-0.385663181543,20.131308000000
2031,1413393987.555760383606,2,-0.728316307068,-1.115049123764,1.359372377396,0.567651569843,-0.582171022892,0.435933351517,-0.385759890079,21.784900000000
2032,1413393987.605760574341,2,-0.719858527184,-1.084387183189,1.361821532249,0.566181957722,-0.581986188889,0.439011842012,-0.384706109762,22.159232000000
2033,1413393987.655760288239,2,-0.711472690105,-1.054956316948,1.368243813515,0.563879132271,-0.582810103893,0.441845774651,-0.383594989777,21.025270000000
2034,1413393987.705760478973,2,-0.702442049980,-1.023204326630,1.370792150497,0.560594260693,-0.585003376007,0.444611430168,-0.381871551275,20.337200000000
2035,1413393987.755760431290,2,-0.693312525749,-0.990735769272,1.373609542847,0.555786430836,-0.588017106056,0.447174102068,-0.381277769804,20.621303000000
2036,1413393987.805760622025,2,-0.683421969414,-0.957429707050,1.381169915199,0.552253901958,-0.592056512833,0.447467207909,-0.379812926054,19.142570000000
2037,1413393987.855760335922,2,-0.674941420555,-0.923569858074,1.382568240166,0.547585427761,-0.596227407455,0.447085797787,-0.380496412516,19.790725000000
2038,1413393987.905760526657,2,-0.666556239128,-0.889047324657,1.381585836411,0.544198393822,-0.600370943546,0.445708394051,-0.380456089973,20.106273000000
2039,1413393987.955760478973,2,-0.657318949699,-0.853521466255,1.381267309189,0.541399896145,-0.603724956512,0.445067584515,-0.379891157150,18.469189000000
2040,1413393988.005760431290,2,-0.648887991905,-0.818690836430,1.373106598854,0.538537979126,-0.605669736862,0.445760011673,-0.380051463842,19.640577000000
2041,1413393988.055760383606,2,-0.640121996403,-0.783680558205,1.362286448479,0.536458313465,-0.607375741005,0.446463108063,-0.379444211721,22.811113000000
2042,1413393988.105760574341,2,-0.628758072853,-0.746361374855,1.354323863983,0.534852921963,-0.608493208885,0.448101878166,-0.377985596657,18.780326000000
2043,1413393988.155760288239,2,-0.619806051254,-0.711372256279,1.338070154190,0.533245146275,-0.607315003872,0.452092766762,-0.377399414778,20.266520000000
2044,1413393988.205760478973,2,-0.611508369446,-0.676278710365,1.319115161896,0.532165408134,-0.605879962444,0.456553548574,-0.375856906176,20.702261000000
2045,1413393988.255760431290,2,-0.601215243340,-0.639406323433,1.302889943123,0.531779170036,-0.603956997395,0.460853636265,-0.374246954918,20.083034000000
2046,1413393988.305760622025,2,-0.593363761902,-0.602995634079,1.280973672867,0.531385600567,-0.601939857006,0.464920669794,-0.373023658991,19.327045000000
2047,1413393988.355760335922,2,-0.585939764977,-0.565798640251,1.259616374969,0.531337261200,-0.599193751812,0.469537377357,-0.371728897095,21.726785000000
2048,1413393988.405760526657,2,-0.575036942959,-0.529137015343,1.243926286697,0.533039391041,-0.596935331821,0.473273187876,-0.368170797825,20.210263000000
2049,1413393988.455760478973,2,-0.568567931652,-0.489850401878,1.222803473473,0.536225736141,-0.593616008759,0.478307217360,-0.362359464169,19.722712000000
2050,1413393988.505760431290,2,-0.562711536884,-0.449052929878,1.201955795288,0.541188359261,-0.590176880360,0.483564555645,-0.353513538837,20.318477000000
2051,1413393988.555760383606,2,-0.555200457573,-0.408526897430,1.188913583755,0.545860767365,-0.586701035500,0.488290965557,-0.345528483391,19.359279000000
2052,1413393988.605760574341,2,-0.549709618092,-0.362363100052,1.171098470688,0.548655390739,-0.583305776119,0.493105322123,-0.339968681335,19.024422000000
2053,1413393988.655760288239,2,-0.544464588165,-0.312283039093,1.155127048492,0.547076880932,-0.585293292999,0.491631925106,-0.341228216887,19.538474000000
2054,1413393988.705760478973,2,-0.535091161728,-0.259083628654,1.143669128418,0.545103490353,-0.589663386345,0.487321734428,-0.343040674925,20.208834000000
2055,1413393988.755760431290,2,-0.530195772648,-0.202686429024,1.130425214767,0.539425790310,-0.597703814507,0.479003041983,-0.349751532078,19.610336000000
2056,1413393988.805760622025,2,-0.525215685368,-0.144826769829,1.118108510971,0.532809495926,-0.608245491982,0.469258576632,-0.354891270399,19.201433000000
2057,1413393988.855760335922,2,-0.517072379589,-0.088888049126,1.110538363457,0.524753153324,-0.623244762421,0.454449206591,-0.360105782747,17.869552000000
2058,1413393988.905760526657,2,-0.510277867317,-0.030563354492,1.105112433434,0.514593243599,-0.639639496803,0.439028620720,-0.365115225315,18.736333000000
2059,1413393988.955760478973,2,-0.502046465874,0.025749206543,1.103410720825,0.504424095154,-0.654927790165,0.426338732243,-0.367234706879,20.613490000000
2060,1413393989.005760431290,2,-0.491247028112,0.074005961418,1.106480717659,0.493991672993,-0.669443666935,0.414707243443,-0.368558436632,18.520929000000
2061,1413393989.055760383606,2,-0.480886757374,0.123357892036,1.112488627434,0.484571397305,-0.682758331299,0.404548436403,-0.367929816246,19.235641000000
2062,1413393989.105760574341,2,-0.468886792660,0.168101310730,1.122865200043,0.475316792727,-0.695685684681,0.394124299288,-0.367098629475,21.878945000000
2063,1413393989.155760288239,2,-0.456568121910,0.205412983894,1.135780215263,0.467864036560,-0.706892013550,0.385587006807,-0.364320695400,18.338995000000
2064,1413393989.205760478973,2,-0.440395236015,0.237923622131,1.154528617859,0.462707877159,-0.715750575066,0.380349457264,-0.359077721834,20.070560000000
2065,1413393989.255760431290,2,-0.421466946602,0.263365268707,1.176660299301,0.460597127676,-0.720363438129,0.381368875504,-0.351403772831,20.272836000000
2066,1413393989.305760622025,2,-0.400717854500,0.277541756630,1.198757052422,0.463977694511,-0.712493479252,0.401325106621,-0.340611070395,18.084276000000
2067,1413393989.355760335922,2,-0.376276910305,0.291059255600,1.225617408752,0.466777622700,-0.699586510658,0.427742868662,-0.331260472536,19.681567000000
2068,1413393989.405760526657,2,-0.349807322025,0.301667213440,1.254081487656,0.466905117035,-0.684674203396,0.455439567566,-0.325262427330,18.768921000000
2069,1413393989.455760478973,2,-0.327166378498,0.308487653732,1.278367996216,0.465083032846,-0.669153392315,0.481791019440,-0.322194099426,19.092643000000
2070,1413393989.505760431290,2,-0.299598336220,0.318436026573,1.303432106972,0.462749749422,-0.656340420246,0.502095460892,-0.320905148983,19.827639000000
2071,1413393989.555760383606,2,-0.272911667824,0.329619884491,1.325091958046,0.459849625826,-0.646887838840,0.516693592072,-0.321095347404,19.404229000000
2072,1413393989.605760574341,2,-0.248207509518,0.345703601837,1.344413995743,0.458300292492,-0.641986846924,0.524619102478,-0.320294618607,18.989507000000
2073,1413393989.655760288239,2,-0.224175632000,0.360952734947,1.358572244644,0.457547426224,-0.639951646328,0.528532147408,-0.319007873535,19.561514000000
2074,1413393989.705760478973,2,-0.201037049294,0.377738475800,1.369111657143,0.456646561623,-0.642190158367,0.528204977512,-0.316330939531,19.580767000000
2075,1413393989.755760431290,2,-0.177216529846,0.394735813141,1.372912406921,0.454365402460,-0.646218597889,0.526485443115,-0.314271837473,18.523097000000
2076,1413393989.805760622025,2,-0.155835628510,0.414567947388,1.377882242203,0.450242400169,-0.651827275753,0.523877322674,-0.312978655100,19.605513000000
2077,1413393989.855760335922,2,-0.135265231133,0.435627937317,1.381032228470,0.442349553108,-0.658633828163,0.520968317986,-0.314833939075,22.841225000000
2078,1413393989.905760526657,2,-0.115741372108,0.457539558411,1.381862998009,0.432712614536,-0.666358649731,0.517886936665,-0.317047446966,20.981289000000
2079,1413393989.955760478973,2,-0.096716344357,0.479762196541,1.381051898003,0.420259505510,-0.674057364464,0.515937864780,-0.320681840181,20.193844000000
2080,1413393990.005760431290,2,-0.080797910690,0.501812458038,1.379734516144,0.405218392611,-0.682317554951,0.515025854111,-0.324020355940,18.500826000000
2081,1413393990.055760383606,2,-0.065007209778,0.522536873817,1.374509692192,0.390916526318,-0.689318954945,0.517779946327,-0.322378009558,18.498137000000
2082,1413393990.105760574341,2,-0.051357030869,0.542066454887,1.366865992546,0.376763045788,-0.696157574654,0.522167146206,-0.317420601845,18.989313000000
2083,1413393990.155760288239,2,-0.041954636574,0.563920736313,1.355995416641,0.362154752016,-0.703314960003,0.527427136898,-0.309859156609,18.711480000000
2084,1413393990.205760478973,2,-0.032817363739,0.581892490387,1.343542695045,0.347058236599,-0.710820376873,0.532606482506,-0.301023960114,20.097186000000
2085,1413393990.255760431290,2,-0.027018904686,0.597600102425,1.331589460373,0.332029640675,-0.719384968281,0.536422550678,-0.290675878525,21.824664000000
2086,1413393990.305760622025,2,-0.023286461830,0.614279031754,1.315065383911,0.315861314535,-0.729292333126,0.538340866566,-0.280273914337,18.169579000000
2087,1413393990.355760335922,2,-0.022054791451,0.630500197411,1.297945499420,0.299674779177,-0.740256190300,0.538249254227,-0.269264906645,19.073648000000
2088,1413393990.405760526657,2,-0.023286342621,0.645706892014,1.281956911087,0.282688707113,-0.750462114811,0.538598775864,-0.258466899395,22.331352000000
2089,1413393990.455760478973,2,-0.021631717682,0.660805642605,1.268278598785,0.263999998569,-0.760484635830,0.538285791874,-0.249430313706,19.498417000000
2090,1413393990.505760431290,2,-0.027019858360,0.673577189445,1.254654407501,0.245861485600,-0.770416736603,0.536712288857,-0.240728422999,18.834334000000
2091,1413393990.555760383606,2,-0.034695506096,0.684964776039,1.241996645927,0.228968083858,-0.781047642231,0.532729625702,-0.231813132763,18.542937000000
2092,1413393990.605760574341,2,-0.044969677925,0.694605410099,1.229545593262,0.214402347803,-0.794068276882,0.524118661880,-0.220877379179,20.911296000000
2093,1413393990.655760288239,2,-0.057574868202,0.701787710190,1.217124462128,0.203863963485,-0.808288395405,0.512296378613,-0.206547513604,21.025032000000
2094,1413393990.705760478973,2,-0.073881208897,0.710430681705,1.209610581398,0.200578555465,-0.823479533195,0.497024595737,-0.186054632068,22.807852000000
2095,1413393990.755760431290,2,-0.089185118675,0.710475146770,1.197952985764,0.202805697918,-0.834972500801,0.485375583172,-0.161559343338,20.511545000000
2096,1413393990.805760622025,2,-0.104209959507,0.705977797508,1.187895417213,0.207451924682,-0.843773186207,0.475561559200,-0.137301936746,19.641211000000
2097,1413393990.855760335922,2,-0.116968631744,0.693494498730,1.182021975517,0.213654264808,-0.849927604198,0.467674076557,-0.115134596825,17.565495000000
2098,1413393990.905760526657,2,-0.126643896103,0.678320586681,1.176756739616,0.218574464321,-0.852041244507,0.465594738722,-0.097327440977,18.496006000000
2099,1413393990.955760478973,2,-0.131866604090,0.656759142876,1.174423456192,0.224370077252,-0.847324192524,0.474290579557,-0.082148328424,19.647062000000
2100,1413393991.005760431290,2,-0.131658673286,0.630051434040,1.175277590752,0.229117557406,-0.836598217487,0.492205768824,-0.073089413345,20.839889000000
2101,1413393991.055760383606,2,-0.129334494472,0.596046924591,1.178464651108,0.232018172741,-0.821918904781,0.515598893166,-0.069099485874,18.128126000000
2102,1413393991.105760574341,2,-0.117745600641,0.562272071838,1.184375524521,0.231156021357,-0.804232537746,0.542862832546,-0.071252405643,19.915298000000
2103,1413393991.155760288239,2,-0.100543111563,0.527417957783,1.191554665565,0.227875679731,-0.783886373043,0.572256028652,-0.078216448426,18.136237000000
2104,1413393991.205760478973,2,-0.081047430634,0.494805335999,1.200227975845,0.221233576536,-0.763403475285,0.600162148476,-0.089868724346,20.071864000000
2105,1413393991.255760431290,2,-0.059690818191,0.465565323830,1.209238529205,0.214731976390,-0.742467045784,0.626206398010,-0.102462150156,19.624592000000
2106,1413393991.305760622025,2,-0.037810385227,0.441087245941,1.217640161514,0.208202451468,-0.722797214985,0.648875534534,-0.114789284766,18.806342000000
2107,1413393991.355760335922,2,-0.016373157501,0.421829462051,1.225589513779,0.200664907694,-0.711064875126,0.661292552948,-0.129663333297,19.270393000000
2108,1413393991.405760526657,2,0.003973007202,0.409826993942,1.231484889984,0.194260612130,-0.705673515797,0.666215658188,-0.142983958125,18.491912000000
2109,1413393991.455760478973,2,0.022090613842,0.404300808907,1.234790086746,0.190478548408,-0.712967276573,0.657080590725,-0.153755575418,18.199674000000
2110,1413393991.505760431290,2,0.036426723003,0.399758338928,1.239765286446,0.187827900052,-0.728395342827,0.638252496719,-0.163690924644,18.648809000000
2111,1413393991.555760383606,2,0.049189388752,0.404701590538,1.242580175400,0.184218972921,-0.744668900967,0.617441833019,-0.174061208963,19.028909000000
2112,1413393991.605760574341,2,0.058980345726,0.412410140038,1.245359659195,0.180863782763,-0.762605130672,0.593385338783,-0.183345764875,19.730791000000
2113,1413393991.655760288239,2,0.065342128277,0.421252012253,1.248625755310,0.177965775132,-0.780315160751,0.568425774574,-0.190600559115,19.279176000000
2114,1413393991.705760478973,2,0.068464398384,0.421378791332,1.243661403656,0.176714599133,-0.795271277428,0.546584844589,-0.193805471063,18.259912000000
2115,1413393991.755760431290,2,0.068873941898,0.426482379436,1.249164342880,0.175952553749,-0.806488096714,0.529855489731,-0.194604545832,20.186577000000
2116,1413393991.805760622025,2,0.066543936729,0.427889227867,1.256309747696,0.176471441984,-0.813834726810,0.519215226173,-0.192214548588,19.259903000000
2117,1413393991.855760335922,2,0.062227725983,0.423953890800,1.266611099243,0.178790792823,-0.812493324280,0.522549211979,-0.186630144715,20.977422000000
2118,1413393991.905760526657,2,0.055915892124,0.415547966957,1.278403043747,0.185715332627,-0.803866207600,0.537275493145,-0.175054162741,19.882839000000
2119,1413393991.955760478973,2,0.054579734802,0.395271182060,1.290724754333,0.193261995912,-0.788910925388,0.560318231583,-0.162212550640,20.038795000000
2120,1413393992.005760431290,2,0.046608567238,0.382992506027,1.305768013000,0.198155164719,-0.771991312504,0.583908617496,-0.154320314527,20.182702000000
2121,1413393992.055760383606,2,0.038065075874,0.371994614601,1.320293903351,0.202150002122,-0.756383895874,0.604265689850,-0.147924467921,19.565204000000
2122,1413393992.105760574341,2,0.029714882374,0.361156702042,1.336297988892,0.204541489482,-0.744697630405,0.618902802467,-0.143344104290,19.756558000000
2123,1413393992.155760288239,2,0.019607931376,0.356464862823,1.347325682640,0.206459105015,-0.741998016834,0.622197210789,-0.140300720930,21.764202000000
2124,1413393992.205760478973,2,0.009183317423,0.354535102844,1.352856874466,0.210097923875,-0.750283241272,0.612164497375,-0.134865477681,23.749671000000
2125,1413393992.255760431290,2,-0.002163916826,0.357007384300,1.359512805939,0.213717013597,-0.762710809708,0.596533954144,-0.129401072860,18.875321000000
2126,1413393992.305760622025,2,-0.013123482466,0.361707329750,1.366297602654,0.215402692556,-0.776404380798,0.578686892986,-0.126172587276,18.923162000000
2127,1413393992.355760335922,2,-0.022396832705,0.367695569992,1.374333858490,0.210805594921,-0.791248679161,0.558745086193,-0.131493151188,19.347411000000
2128,1413393992.405760526657,2,-0.030432105064,0.373224735260,1.382898807526,0.204316005111,-0.803970038891,0.540702998638,-0.139740407467,18.059792000000
2129,1413393992.455760478973,2,-0.037469685078,0.376976013184,1.390761733055,0.195786416531,-0.813016712666,0.527328789234,-0.150319218636,18.765107000000
2130,1413393992.505760431290,2,-0.044224739075,0.377534627914,1.397851586342,0.188180670142,-0.816785573959,0.521597027779,-0.159329697490,19.821320000000
2131,1413393992.555760383606,2,-0.050953924656,0.374365210533,1.403492689133,0.182920172811,-0.814820826054,0.524606227875,-0.165516376495,21.283387000000
2132,1413393992.605760574341,2,-0.055778324604,0.361450791359,1.409028053284,0.180416673422,-0.808563351631,0.534350395203,-0.167764231563,26.049944000000
2133,1413393992.655760288239,2,-0.064600348473,0.351739883423,1.410195589066,0.182222306728,-0.795996785164,0.553229629993,-0.164685294032,19.926840000000
2134,1413393992.705760478973,2,-0.074299424887,0.340629696846,1.410782098770,0.185644835234,-0.779377698898,0.576626777649,-0.160025164485,18.573952000000
2135,1413393992.755760431290,2,-0.084947377443,0.329598426819,1.410856604576,0.189806297421,-0.761839210987,0.599742591381,-0.154543042183,18.716132000000
2136,1413393992.805760622025,2,-0.096790313721,0.320531487465,1.410563468933,0.193871587515,-0.746806025505,0.618481636047,-0.148912891746,20.041590000000
2137,1413393992.855760335922,2,-0.109945192933,0.314772009850,1.409895420074,0.198436945677,-0.737265050411,0.629833817482,-0.142732217908,20.775463000000
2138,1413393992.905760526657,2,-0.126200690866,0.311815619469,1.411511301994,0.202448651195,-0.735201776028,0.632046282291,-0.137878641486,20.586458000000
2139,1413393992.955760478973,2,-0.141595169902,0.314770817757,1.409116268158,0.206369102001,-0.741452276707,0.624671518803,-0.132083013654,19.548646000000
2140,1413393993.005760431290,2,-0.157616242766,0.321818351746,1.406629204750,0.210557729006,-0.752061486244,0.611708879471,-0.126021087170,20.053507000000
2141,1413393993.055760383606,2,-0.173731297255,0.332134246826,1.404662370682,0.214665636420,-0.763479590416,0.597118079662,-0.120281785727,20.889278000000
2142,1413393993.105760574341,2,-0.188636332750,0.344496965408,1.404137611389,0.216062873602,-0.773745417595,0.583826065063,-0.117397055030,20.218322000000
2143,1413393993.155760288239,2,-0.202351793647,0.358711361885,1.403809905052,0.216151043773,-0.786916851997,0.566032588482,-0.116824030876,20.319111000000
2144,1413393993.205760478973,2,-0.214598715305,0.373496532440,1.403940677643,0.215037479997,-0.801563084126,0.545410096645,-0.117402747273,19.826468000000
2145,1413393993.255760431290,2,-0.225287139416,0.386889457703,1.403945922852,0.214809179306,-0.816905796528,0.522652864456,-0.115567982197,21.596650000000
2146,1413393993.305760622025,2,-0.233656227589,0.397868871689,1.404537796974,0.214856177568,-0.830869197845,0.500545680523,-0.113785751164,20.509810000000
2147,1413393993.355760335922,2,-0.239687815309,0.404581189156,1.406343460083,0.216100603342,-0.840393960476,0.484629869461,-0.110329546034,23.163205000000
2148,1413393993.405760526657,2,-0.244719296694,0.406635522842,1.414097666740,0.219011664391,-0.845665812492,0.475233346224,-0.105054840446,20.306177000000
2149,1413393993.455760478973,2,-0.244158089161,0.402044653893,1.419522523880,0.222777858377,-0.845964252949,0.474036067724,-0.100021280348,21.941068000000
2150,1413393993.505760431290,2,-0.239232629538,0.391028642654,1.427421331406,0.224739566445,-0.840636312962,0.482895165682,-0.098158121109,22.145774000000
2151,1413393993.555760383606,2,-0.228396087885,0.376002788544,1.438904643059,0.224409550428,-0.830166816711,0.500601172447,-0.099307641387,19.787047000000
2152,1413393993.605760574341,2,-0.215500161052,0.356526613235,1.451532363892,0.222513183951,-0.815540254116,0.524083256721,-0.103531919420,20.550755000000
2153,1413393993.655760288239,2,-0.199653938413,0.334690332413,1.465640068054,0.219816803932,-0.797096014023,0.551721155643,-0.109189495444,22.516568000000
2154,1413393993.705760478973,2,-0.181888446212,0.312693476677,1.480103611946,0.216017737985,-0.777335107327,0.579491734505,-0.115221299231,22.376500000000
2155,1413393993.755760431290,2,-0.164972558618,0.298392653465,1.492971897125,0.212152704597,-0.757204174995,0.605780422688,-0.121092088521,20.466586000000
2156,1413393993.805760622025,2,-0.146328836679,0.280373096466,1.500281572342,0.208866193891,-0.740084528923,0.626794934273,-0.125610351562,23.298671000000
2157,1413393993.855760335922,2,-0.128217086196,0.265631556511,1.501663088799,0.205771848559,-0.725574195385,0.643829464912,-0.129165425897,20.607256000000
2158,1413393993.905760526657,2,-0.113572001457,0.261770963669,1.500913739204,0.203057020903,-0.713765978813,0.657167494297,-0.132048860192,20.155818000000
2159,1413393993.955760478973,2,-0.097447618842,0.256106853485,1.492324113846,0.199763298035,-0.702833414078,0.669146180153,-0.135511338711,18.966914000000
2160,1413393994.005760431290,2,-0.082849144936,0.256536364555,1.481657385826,0.195738196373,-0.694813847542,0.677637279034,-0.140456557274,20.749352000000
2161,1413393994.055760383606,2,-0.074057549238,0.266301274300,1.473916769028,0.190228328109,-0.689836084843,0.682441651821,-0.149039581418,24.125336000000
2162,1413393994.105760574341,2,-0.064668208361,0.282632112503,1.469220161438,0.184486433864,-0.690263032913,0.681808888912,-0.156966045499,19.733079000000
2163,1413393994.155760288239,2,-0.059193104506,0.308220624924,1.469442725182,0.179103836417,-0.693535506725,0.677810728550,-0.165840178728,19.734124000000
2164,1413393994.205760478973,2,-0.057701170444,0.341546177864,1.473605513573,0.173848599195,-0.699741423130,0.670559644699,-0.174609616399,19.210873000000
2165,1413393994.255760431290,2,-0.060211181641,0.380715131760,1.481874108315,0.170984953642,-0.710216045380,0.658755838871,-0.179995119572,19.352912000000
2166,1413393994.305760622025,2,-0.066734433174,0.425083875656,1.493549704552,0.169233962893,-0.725512385368,0.640944182873,-0.184884697199,19.335313000000
2167,1413393994.355760335922,2,-0.079233407974,0.473672628403,1.506326436996,0.172580212355,-0.744569897652,0.618902385235,-0.181084632874,24.614464000000
2168,1413393994.405760526657,2,-0.096678853035,0.526711583138,1.516970634460,0.176635712385,-0.765196025372,0.593443274498,-0.176352143288,20.788068000000
2169,1413393994.455760478973,2,-0.119106709957,0.580198407173,1.524104356766,0.182322189212,-0.787446796894,0.563914120197,-0.169372543693,19.837624000000
2170,1413393994.505760431290,2,-0.138002872467,0.631095409393,1.526565551758,0.187986165285,-0.809293746948,0.532959818840,-0.160183370113,21.033151000000
2171,1413393994.555760383606,2,-0.157584190369,0.680870294571,1.523227572441,0.192820414901,-0.829116284847,0.502618670464,-0.150867730379,20.670711000000
2172,1413393994.605760574341,2,-0.181025207043,0.738291680813,1.510931372643,0.196523129940,-0.846063554287,0.474851697683,-0.141672387719,19.016662000000
2173,1413393994.655760288239,2,-0.199980735779,0.781074464321,1.497741341591,0.198229745030,-0.860647380352,0.449673503637,-0.133359894156,20.994577000000
2174,1413393994.705760478973,2,-0.216846168041,0.817513108253,1.481943368912,0.199341431260,-0.872129559517,0.428816348314,-0.125577330589,20.287014000000
2175,1413393994.755760431290,2,-0.228872388601,0.858499348164,1.462829113007,0.201443627477,-0.878310084343,0.417791992426,-0.115938864648,19.425334000000
2176,1413393994.805760622025,2,-0.239571213722,0.876385569572,1.447751045227,0.205869436264,-0.877825438976,0.419354408979,-0.105746254325,21.737525000000
2177,1413393994.855760335922,2,-0.252570688725,0.891059994698,1.431807637215,0.209376797080,-0.869281232357,0.436558336020,-0.099641263485,23.584612000000
2178,1413393994.905760526657,2,-0.254092454910,0.891577303410,1.422977566719,0.211219057441,-0.856464743614,0.461130619049,-0.095986135304,20.100069000000
2179,1413393994.955760478973,2,-0.251431167126,0.886797547340,1.414931058884,0.209850996733,-0.842801392078,0.486027508974,-0.097085565329,20.759254000000
2180,1413393995.005760431290,2,-0.245455801487,0.877915263176,1.407034873962,0.205522716045,-0.830396652222,0.507868647575,-0.101347006857,20.328945000000
2181,1413393995.055760383606,2,-0.237074047327,0.867128014565,1.398560166359,0.199026077986,-0.819521546364,0.526239275932,-0.108836434782,20.862488000000
2182,1413393995.105760574341,2,-0.227076500654,0.854921221733,1.389283418655,0.191280454397,-0.809959709644,0.541409611702,-0.119384787977,20.484774000000
2183,1413393995.155760288239,2,-0.216079980135,0.842067956924,1.378450036049,0.185238212347,-0.803114175797,0.551067233086,-0.130458787084,21.702087000000
2184,1413393995.205760478973,2,-0.204582870007,0.829365730286,1.366068482399,0.178060382605,-0.798775792122,0.555572211742,-0.146939694881,20.776125000000
2185,1413393995.255760431290,2,-0.193986475468,0.816141605377,1.351830601692,0.175382331014,-0.795068860054,0.557500481606,-0.162172272801,20.212295000000
2186,1413393995.305760622025,2,-0.184910535812,0.802991986275,1.335883140564,0.176455467939,-0.793039858341,0.555906116962,-0.175840318203,22.071800000000
2187,1413393995.355760335922,2,-0.177782714367,0.788682043552,1.319635868073,0.181033506989,-0.790687322617,0.553342401981,-0.189347982407,21.702350000000
2188,1413393995.405760526657,2,-0.176594078541,0.772626280785,1.296281576157,0.189306944609,-0.787649929523,0.550536632538,-0.201692879200,19.319565000000
2189,1413393995.455760478973,2,-0.174737393856,0.758264005184,1.280543327332,0.199950098991,-0.783914208412,0.547950088978,-0.212718456984,20.503159000000
2190,1413393995.505760431290,2,-0.175560832024,0.742600858212,1.265337944031,0.213744074106,-0.779594779015,0.545247316360,-0.221925258636,20.116731000000
2191,1413393995.555760383606,2,-0.178640902042,0.725177407265,1.251505851746,0.229299262166,-0.773519933224,0.544069051743,-0.230386063457,21.030821000000
2192,1413393995.605760574341,2,-0.183242976665,0.705392241478,1.238796710968,0.246870338917,-0.766007304192,0.543805539608,-0.237830758095,20.904356000000
2193,1413393995.655760288239,2,-0.183352470398,0.670764327049,1.229503750801,0.267000526190,-0.757273018360,0.543406903744,-0.244861677289,19.163041000000
2194,1413393995.705760478973,2,-0.192519307137,0.649858832359,1.217707872391,0.288165360689,-0.745590507984,0.545821368694,-0.251265972853,21.920132000000
2195,1413393995.755760431290,2,-0.199298799038,0.621185302734,1.211417078972,0.309650242329,-0.733284592628,0.547321200371,-0.258553743362,25.976719000000
2196,1413393995.805760622025,2,-0.211286365986,0.600157380104,1.201648831367,0.330406665802,-0.720393598080,0.547832012177,-0.267852067947,19.691057000000
2197,1413393995.855760335922,2,-0.224825918674,0.579990267754,1.192641377449,0.349431753159,-0.707461237907,0.547029733658,-0.279561400414,19.408515000000
2198,1413393995.905760526657,2,-0.240096688271,0.560899853706,1.183893203735,0.367199718952,-0.695192754269,0.544246137142,-0.292690128088,20.698820000000
2199,1413393995.955760478973,2,-0.249666869640,0.540549874306,1.176831245422,0.384215205908,-0.682827711105,0.541482210159,-0.304831266403,17.836055000000
2200,1413393996.005760431290,2,-0.268493533134,0.522843956947,1.168206453323,0.399289220572,-0.671356558800,0.537988722324,-0.316885948181,21.031379000000
2201,1413393996.055760383606,2,-0.289483189583,0.505782246590,1.159352779388,0.412273645401,-0.661546945572,0.534002661705,-0.327455669641,19.839301000000
2202,1413393996.105760574341,2,-0.310625314713,0.487297773361,1.154093384743,0.422473192215,-0.653493404388,0.529923260212,-0.337111592293,19.659751000000
2203,1413393996.155760288239,2,-0.335655033588,0.471721649170,1.146005034447,0.429212570190,-0.647901117802,0.524575531483,-0.347593665123,19.658207000000
2204,1413393996.205760478973,2,-0.361068308353,0.451428890228,1.138613462448,0.435446113348,-0.645641446114,0.516140937805,-0.356556355953,25.581986000000
2205,1413393996.255760431290,2,-0.390692532063,0.436327219009,1.128646612167,0.443014532328,-0.647327065468,0.504849791527,-0.360322743654,18.947558000000
2206,1413393996.305760622025,2,-0.422437429428,0.420794129372,1.118246555328,0.450775116682,-0.648984849453,0.495497822762,-0.360697150230,19.936983000000
2207,1413393996.355760335922,2,-0.455481231213,0.403568506241,1.105839014053,0.458978682756,-0.651100754738,0.486873418093,-0.358274579048,21.870032000000
2208,1413393996.405760526657,2,-0.489558547735,0.386939525604,1.092331171036,0.466251581907,-0.652257084846,0.481233417988,-0.354379296303,19.443821000000
2209,1413393996.455760478973,2,-0.524203956127,0.370035052299,1.076098918915,0.472600787878,-0.653870463371,0.475911885500,-0.350156873465,19.218295000000
2210,1413393996.505760431290,2,-0.559029102325,0.352925062180,1.057249188423,0.477471590042,-0.655858635902,0.471055299044,-0.346377551556,21.405683000000
2211,1413393996.555760383606,2,-0.591125071049,0.334719777107,1.037585973740,0.481725573540,-0.658699631691,0.466224312782,-0.341599494219,18.875467000000
2212,1413393996.605760574341,2,-0.624826312065,0.317032575607,1.014195561409,0.485312908888,-0.661051690578,0.462309986353,-0.337270826101,19.681577000000
2213,1413393996.655760288239,2,-0.657491862774,0.299488425255,0.990868806839,0.488949626684,-0.662614881992,0.458387970924,-0.334290862083,20.512275000000
2214,1413393996.705760478973,2,-0.688749969006,0.282018542290,0.968619704247,0.492348223925,-0.662860214710,0.455519765615,-0.332733094692,20.621374000000
2215,1413393996.755760431290,2,-0.720321416855,0.266838371754,0.949169039726,0.495678603649,-0.662011563778,0.453364759684,-0.332421392202,18.682793000000
2216,1413393996.805760622025,2,-0.748038411140,0.249259710312,0.929979145527,0.499797850847,-0.658301770687,0.453740298748,-0.333107650280,19.297639000000
2217,1413393996.855760335922,2,-0.773990869522,0.232163965702,0.912298679352,0.504588305950,-0.653775990009,0.453927725554,-0.334540486336,20.994155000000
2218,1413393996.905760526657,2,-0.798466205597,0.215505599976,0.895884931087,0.509733021259,-0.648900270462,0.453872919083,-0.336303502321,19.129878000000
2219,1413393996.955760478973,2,-0.823077440262,0.198153495789,0.887061893940,0.515895545483,-0.644206941128,0.452556818724,-0.337700366974,18.914875000000
2220,1413393997.005760431290,2,-0.844439268112,0.182319164276,0.873287022114,0.521780848503,-0.639419674873,0.451067775488,-0.339742869139,19.424695000000
2221,1413393997.055760383606,2,-0.864093065262,0.166922628880,0.860844850540,0.526679039001,-0.635883450508,0.448547989130,-0.342149436474,19.126462000000
2222,1413393997.105760574341,2,-0.881788790226,0.151957154274,0.849301099777,0.531635224819,-0.632134556770,0.447079539299,-0.343350857496,25.148138000000
2223,1413393997.155760288239,2,-0.896122574806,0.141966879368,0.842574238777,0.534651398659,-0.629259288311,0.445840060711,-0.345553636551,28.665609000000
2224,1413393997.205760478973,2,-0.909794688225,0.128319561481,0.834273219109,0.536063015461,-0.625437974930,0.446443885565,-0.349502116442,19.775798000000
2225,1413393997.255760431290,2,-0.921956300735,0.115292131901,0.826771020889,0.536932885647,-0.621484160423,0.447685420513,-0.353607475758,20.080910000000
2226,1413393997.305760622025,2,-0.932915687561,0.102959513664,0.819521427155,0.537957727909,-0.617531418800,0.449217587709,-0.357015371323,21.545649000000
2227,1413393997.355760335922,2,-0.943145632744,0.091443657875,0.811075448990,0.538610756397,-0.614054858685,0.450651705265,-0.360205799341,19.687852000000
2228,1413393997.405760526657,2,-0.957310914993,0.083537817001,0.800034523010,0.538686752319,-0.611837506294,0.451345324516,-0.362986147404,19.098373000000
2229,1413393997.455760478973,2,-0.966286778450,0.073271930218,0.783484101295,0.539334654808,-0.609951794147,0.451756447554,-0.364682108164,19.205119000000
2230,1413393997.505760431290,2,-0.974963128567,0.063624799252,0.763303518295,0.539715349674,-0.608851850033,0.451607137918,-0.366139054298,19.515121000000
2231,1413393997.555760383606,2,-0.983679652214,0.054858386517,0.741242408752,0.539564132690,-0.607131600380,0.452851742506,-0.367678016424,18.862287000000
2232,1413393997.605760574341,2,-0.992227137089,0.047215282917,0.719738245010,0.539227306843,-0.605733573437,0.453530490398,-0.369636267424,20.683368000000
2233,1413393997.655760288239,2,-1.000374317169,0.040543138981,0.699830412865,0.538513422012,-0.604172468185,0.455312639475,-0.371038198471,20.419575000000
2234,1413393997.705760478973,2,-1.009646654129,0.034629523754,0.680443286896,0.538289666176,-0.604214370251,0.454985320568,-0.371695756912,18.760691000000
2235,1413393997.755760431290,2,-1.017740964890,0.029683768749,0.663748383522,0.538710355759,-0.604449629784,0.454461723566,-0.371344178915,20.739680000000
2236,1413393997.805760622025,2,-1.025659084320,0.025519728661,0.648817896843,0.539259791374,-0.605323851109,0.454002588987,-0.369680464268,20.411199000000
2237,1413393997.855760335922,2,-1.032749176025,0.024713099003,0.635047912598,0.539747834206,-0.606206893921,0.453498005867,-0.368137300014,20.779022000000
2238,1413393997.905760526657,2,-1.040316700935,0.022819697857,0.622906088829,0.540130198002,-0.607055664062,0.453099220991,-0.366665929556,19.825653000000
2239,1413393997.955760478973,2,-1.047318935394,0.021954238415,0.611888289452,0.540193200111,-0.608043015003,0.452939063311,-0.365131884813,21.056165000000
2240,1413393998.005760431290,2,-1.050859928131,0.023829817772,0.605275988579,0.540307879448,-0.608650088310,0.453100025654,-0.363748490810,19.051538000000
2241,1413393998.055760383606,2,-1.056646585464,0.025036096573,0.596045017242,0.540572881699,-0.609784364700,0.452723652124,-0.361919075251,19.176988000000
2242,1413393998.105760574341,2,-1.061778664589,0.027334928513,0.587453722954,0.540223598480,-0.610757887363,0.453007042408,-0.360441237688,18.776047000000
2243,1413393998.155760288239,2,-1.066225528717,0.030667066574,0.579146146774,0.539260268211,-0.611827433109,0.453733533621,-0.359153747559,20.005732000000
2244,1413393998.205760478973,2,-1.069850206375,0.035531997681,0.570741534233,0.537633657455,-0.612347304821,0.455603927374,-0.358337759972,21.987844000000
2245,1413393998.255760431290,2,-1.073187947273,0.040725648403,0.564254641533,0.536224246025,-0.613407254219,0.456571638584,-0.357403934002,19.735812000000
2246,1413393998.305760622025,2,-1.076013922691,0.047143399715,0.558941125870,0.533952772617,-0.614338338375,0.457744002342,-0.357705682516,18.844401000000
2247,1413393998.355760335922,2,-1.078408479691,0.054795980453,0.554570674896,0.532346665859,-0.615523219109,0.458104759455,-0.357600718737,19.625728000000
2248,1413393998.405760526657,2,-1.080572962761,0.063727021217,0.550877094269,0.531862318516,-0.618539392948,0.455895662308,-0.355936497450,18.266058000000
2249,1413393998.455760478973,2,-1.081954717636,0.073945283890,0.548804998398,0.530837118626,-0.622828781605,0.451740652323,-0.355283886194,18.557098000000
2250,1413393998.505760431290,2,-1.082371115685,0.084848344326,0.548800826073,0.527948856354,-0.627355873585,0.447473585606,-0.357018232346,20.097246000000
2251,1413393998.555760383606,2,-1.083445191383,0.097694039345,0.548390269279,0.524770975113,-0.630631923676,0.444713056087,-0.359373271465,20.225410000000
2252,1413393998.605760574341,2,-1.082072496414,0.109372794628,0.549818754196,0.519585192204,-0.633987247944,0.441410213709,-0.365032255650,18.014909000000
2253,1413393998.655760288239,2,-1.080164909363,0.120861232281,0.550240397453,0.514354169369,-0.636199474335,0.439347416162,-0.371030867100,18.267250000000
2254,1413393998.705760478973,2,-1.078118324280,0.131731271744,0.549606800079,0.509083807468,-0.638420999050,0.436644613743,-0.377616077662,17.644658000000
2255,1413393998.755760431290,2,-1.075994491577,0.141385734081,0.547968387604,0.504861831665,-0.640254139900,0.434065371752,-0.383114129305,19.034122000000
2256,1413393998.805760622025,2,-1.073936700821,0.149498164654,0.545878887177,0.501839160919,-0.640542626381,0.433378279209,-0.387357771397,18.427612000000
2257,1413393998.855760335922,2,-1.072001934052,0.156180024147,0.542371392250,0.501024663448,-0.639877080917,0.434032738209,-0.388776540756,18.643033000000
2258,1413393998.905760526657,2,-1.070838332176,0.161055862904,0.537856101990,0.502375841141,-0.638559758663,0.435620009899,-0.387421309948,17.772199000000
2259,1413393998.955760478973,2,-1.069594621658,0.164448559284,0.532703518867,0.505805969238,-0.635163187981,0.440310806036,-0.383216053247,18.570470000000
2260,1413393999.005760431290,2,-1.069567322731,0.167503118515,0.525704026222,0.509093761444,-0.630521237850,0.447000592947,-0.378757297993,23.713677000000
2261,1413393999.055760383606,2,-1.069001674652,0.168891608715,0.519737243652,0.512697875500,-0.625349044800,0.454230993986,-0.373836606741,17.610390000000
2262,1413393999.105760574341,2,-1.068872451782,0.170449733734,0.512717127800,0.517560839653,-0.621139466763,0.459850162268,-0.367225259542,18.009359000000
2263,1413393999.155760288239,2,-1.068599462509,0.173007786274,0.504878282547,0.522407889366,-0.619844079018,0.461485981941,-0.360435843468,19.026126000000
2264,1413393999.205760478973,2,-1.067665815353,0.176656365395,0.495525240898,0.525839507580,-0.620300531387,0.461123108864,-0.355085223913,17.515640000000
2265,1413393999.255760431290,2,-1.067634224892,0.180908501148,0.486889481544,0.527844548225,-0.622395157814,0.458290398121,-0.352100044489,18.172761000000
2266,1413393999.305760622025,2,-1.066607594490,0.186352670193,0.478799223900,0.527335941792,-0.626768171787,0.452498704195,-0.352595269680,19.142025000000
2267,1413393999.355760335922,2,-1.059369087219,0.191620230675,0.471543073654,0.524325609207,-0.631697356701,0.446023404598,-0.356516987085,22.019351000000
2268,1413393999.405760526657,2,-1.055955767632,0.197948634624,0.464259624481,0.520913720131,-0.635837256908,0.440484404564,-0.361017286777,17.901562000000
2269,1413393999.455760478973,2,-1.051991462708,0.203932195902,0.456651568413,0.518522858620,-0.639220058918,0.435918390751,-0.364015191793,18.364628000000
2270,1413393999.505760431290,2,-1.044851422310,0.208049148321,0.451064944267,0.515410006046,-0.641329944134,0.433412462473,-0.367698460817,16.234402000000
2271,1413393999.555760383606,2,-1.038592815399,0.212359070778,0.445070147514,0.512215197086,-0.643150508404,0.431411594152,-0.371318131685,15.574721000000
2272,1413393999.605760574341,2,-1.031153798103,0.215405464172,0.439387917519,0.508259773254,-0.643958032131,0.430914163589,-0.375903069973,16.636993000000
2273,1413393999.655760288239,2,-1.021187663078,0.212843537331,0.437076091766,0.505873322487,-0.644273340702,0.430491089821,-0.379053562880,15.686302000000
2274,1413393999.705760478973,2,-1.012746214867,0.212646216154,0.431732535362,0.503697752953,-0.644600331783,0.430244356394,-0.381665945053,17.733985000000
2275,1413393999.755760431290,2,-1.000755310059,0.209045201540,0.426713943481,0.502331435680,-0.644932210445,0.429561913013,-0.383669376373,15.891147000000
2276,1413393999.805760622025,2,-0.991777777672,0.205623328686,0.417862534523,0.501130878925,-0.644569277763,0.429731518030,-0.385654300451,16.806266000000
2277,1413393999.855760335922,2,-0.985665500164,0.200069040060,0.406539678574,0.500608205795,-0.645149469376,0.428437680006,-0.386800736189,15.470873000000
2278,1413393999.905760526657,2,-0.977118432522,0.193680644035,0.393550395966,0.500382184982,-0.644971728325,0.427980870008,-0.387893855572,21.444202000000
2279,1413393999.955760478973,2,-0.969653725624,0.185632258654,0.375471591949,0.502179563046,-0.642789483070,0.430550068617,-0.386347085238,16.043689000000
2280,1413394000.005760431290,2,-0.961187243462,0.174397051334,0.359914302826,0.506122708321,-0.635851621628,0.440665304661,-0.381243526936,16.519583000000
2281,1413394000.055760383606,2,-0.956121921539,0.167871624231,0.353154540062,0.512171387672,-0.625263214111,0.458282500505,-0.369734585285,15.152613000000
2282,1413394000.105760574341,2,-0.959989309311,0.173396378756,0.360422968864,0.509515404701,-0.628517985344,0.452987790108,-0.374381184578,16.178630000000
2283,1413394000.155760288239,2,-0.960441589355,0.173952549696,0.369944930077,0.510081529617,-0.621345996857,0.464976966381,-0.370867282152,16.396110000000
2284,1413394000.205760478973,2,-0.962825715542,0.174990087748,0.372395634651,0.512321293354,-0.615659773350,0.474693506956,-0.364905506372,15.894734000000
2285,1413394000.255760431290,2,-0.964929103851,0.176381975412,0.367282390594,0.516237974167,-0.612753689289,0.480719029903,-0.356287091970,17.031716000000
2286,1413394000.305760622025,2,-0.965615093708,0.176672011614,0.352517604828,0.512452363968,-0.617331147194,0.480658292770,-0.353924363852,15.832985000000
2287,1413394000.355760335922,2,-0.966832160950,0.173177212477,0.349995255470,0.494327157736,-0.630810797215,0.465303629637,-0.375780582428,15.658923000000
2288,1413394000.405760526657,2,-0.968822479248,0.170277148485,0.356702804565,0.499915212393,-0.625014901161,0.471826970577,-0.369892507792,15.377841000000
2289,1413394000.455760478973,2,-0.968126654625,0.171391606331,0.355714678764,0.501824378967,-0.625726819038,0.470880240202,-0.367300987244,17.050105000000
2290,1413394000.505760431290,2,-0.965772390366,0.172342658043,0.349997997284,0.502117216587,-0.627521991730,0.468834668398,-0.366453975439,16.258061000000
2291,1413394000.555760383606,2,-0.965902268887,0.170857816935,0.352164983749,0.500833928585,-0.626365363598,0.470265060663,-0.368351221085,16.958760000000
2292,1413394000.605760574341,2,-0.965471506119,0.171418190002,0.353312253952,0.498181819916,-0.627129256725,0.469304740429,-0.371856093407,16.409245000000
2293,1413394000.655760288239,2,-0.964714050293,0.171345680952,0.350902080536,0.501375794411,-0.625540196896,0.471340119839,-0.367641478777,16.176261000000
2294,1413394000.705760478973,2,-0.963839471340,0.171687930822,0.351964235306,0.499737560749,-0.627376377583,0.469000011683,-0.369730055332,18.385920000000
2295,1413394000.755760431290,2,-0.963584363461,0.171069085598,0.351349949837,0.500850796700,-0.626522898674,0.470038920641,-0.368348926306,21.723271000000
2296,1413394000.805760622025,2,-0.965475082397,0.171261727810,0.352368474007,0.499328196049,-0.626694142818,0.469806283712,-0.370415836573,16.174891000000
2297,1413394000.855760335922,2,-0.965228974819,0.170991361141,0.352254629135,0.500465393066,-0.626102626324,0.470506936312,-0.368989318609,16.116992000000
2298,1413394000.905760526657,2,-0.964859604836,0.170867323875,0.352248787880,0.499650686979,-0.627066969872,0.469325184822,-0.369959712029,16.207248000000
2299,1413394000.955760478973,2,-0.964651107788,0.170723199844,0.352306604385,0.500220298767,-0.626514494419,0.470000982285,-0.369267195463,16.706013000000
2300,1413394001.005760431290,2,-0.964517474174,0.170767992735,0.352378129959,0.499566495419,-0.626786410809,0.469657897949,-0.370126545429,18.292413000000
2301,1413394001.055760383606,2,-0.964379251003,0.170405179262,0.352380156517,0.499974489212,-0.626593351364,0.469934880733,-0.369550555944,16.701171000000
2302,1413394001.105760574341,2,-0.964247226715,0.170651465654,0.352310419083,0.499713271856,-0.627067089081,0.469305455685,-0.369899809361,16.692077000000
2303,1413394001.155760288239,2,-0.964499533176,0.170529812574,0.352384567261,0.499872684479,-0.626558780670,0.469928771257,-0.369754374027,17.439272000000
2304,1413394001.205760478973,2,-0.964887857437,0.170628547668,0.352395653725,0.499552309513,-0.626959383488,0.469505339861,-0.370046228170,17.215909000000
2305,1413394001.255760431290,2,-0.965139627457,0.170611560345,0.352291703224,0.499917060137,-0.626742899418,0.469619303942,-0.369775772095,16.517080000000
2306,1413394001.305760622025,2,-0.965557098389,0.170102000237,0.354394912720,0.499756246805,-0.626910567284,0.469449609518,-0.369924277067,16.717527000000
2307,1413394001.355760335922,2,-0.965638577938,0.169957727194,0.354420423508,0.499854207039,-0.626792132854,0.469668626785,-0.369714528322,16.376387000000
2308,1413394001.405760526657,2,-0.965670585632,0.170032799244,0.354436874390,0.499792456627,-0.626869559288,0.469416558743,-0.369986832142,17.075051000000
2309,1413394001.455760478973,2,-0.965757787228,0.169949382544,0.354303002357,0.499877661467,-0.626829922199,0.469551026821,-0.369768172503,17.736839000000
2310,1413394001.505760431290,2,-0.965801537037,0.170097351074,0.354293942451,0.499702543020,-0.626879990101,0.469507485628,-0.369975239038,17.393263000000
2311,1413394001.555760383606,2,-0.965860247612,0.170152336359,0.354250431061,0.499840795994,-0.626913309097,0.469455331564,-0.369798183441,17.666801000000
2312,1413394001.605760574341,2,-0.965988576412,0.170246511698,0.354305744171,0.499723374844,-0.626969873905,0.469377100468,-0.369960129261,16.675483000000
2313,1413394001.655760288239,2,-0.966135740280,0.170327425003,0.354279518127,0.499728143215,-0.626901030540,0.469450712204,-0.369976878166,16.735139000000
2314,1413394001.705760478973,2,-0.966151893139,0.170348495245,0.354324340820,0.499747753143,-0.626935720444,0.469333887100,-0.370040088892,16.649977000000
2315,1413394001.755760431290,2,-0.966284275055,0.170438468456,0.354358315468,0.499732792377,-0.626903653145,0.469357788563,-0.370084017515,16.364154000000
2316,1413394001.805760622025,2,-0.966213464737,0.170416563749,0.354306936264,0.499730259180,-0.626903295517,0.469300091267,-0.370161265135,17.294929000000
2317,1413394001.855760335922,2,-0.975197076797,0.185114234686,0.357647776604,0.499092668295,-0.627810537815,0.469446301460,-0.369297504425,16.307406000000
2318,1413394001.905760526657,2,-0.975200116634,0.185112535954,0.357740163803,0.499046474695,-0.627862513065,0.469386219978,-0.369348078966,16.198839000000
2319,1413394001.955760478973,2,-0.975012242794,0.185034424067,0.357730388641,0.499016791582,-0.627886891365,0.469372123480,-0.369364678860,16.281749000000
2320,1413394002.005760431290,2,-0.974729895592,0.184910923243,0.357688665390,0.498949825764,-0.627949714661,0.469391673803,-0.369323372841,16.535071000000
2321,1413394002.055760383606,2,-0.974512696266,0.184839874506,0.357660889626,0.498901277781,-0.627945363522,0.469470083714,-0.369296669960,16.497264000000
2322,1413394002.105760574341,2,-0.974380254745,0.184754520655,0.357691884041,0.498841673136,-0.627945840359,0.469514936209,-0.369319409132,16.876784000000
2323,1413394002.155760288239,2,-0.974393725395,0.184796839952,0.357642769814,0.498845487833,-0.627975106239,0.469453036785,-0.369343161583,17.115251000000
2324,1413394002.205760478973,2,-0.974326133728,0.184750527143,0.357608675957,0.498839795589,-0.627984166145,0.469427108765,-0.369368404150,17.527592000000
2325,1413394002.255760431290,2,-0.974296152592,0.184733569622,0.357536911964,0.498817473650,-0.627902865410,0.469510614872,-0.369430601597,17.179652000000
2326,1413394002.305760622025,2,-0.974378585815,0.184786856174,0.357498526573,0.498839318752,-0.627910614014,0.469477862120,-0.369429558516,16.650146000000
2327,1413394002.355760335922,2,-0.966937184334,0.174849808216,0.353217840195,0.498869240284,-0.627448558807,0.469427704811,-0.370237112045,15.936927000000
2328,1413394002.405760526657,2,-0.966808915138,0.174757391214,0.353248953819,0.498908132315,-0.627430617809,0.469419986010,-0.370224803686,15.996718000000
2329,1413394002.455760478973,2,-0.966716527939,0.174722641706,0.353157043457,0.498911857605,-0.627448320389,0.469362348318,-0.370262831450,16.335066000000
2330,1413394002.505760431290,2,-0.966710031033,0.174716740847,0.353002429008,0.498913913965,-0.627447783947,0.469360440969,-0.370263516903,16.094705000000
2331,1413394002.555760383606,2,-0.966762781143,0.174766361713,0.352859377861,0.498912334442,-0.627445638180,0.469378381968,-0.370246440172,15.534238000000
2332,1413394002.605760574341,2,-0.966856718063,0.174809366465,0.352767229080,0.498876720667,-0.627452135086,0.469356924295,-0.370310664177,16.142769000000
2333,1413394002.655760288239,2,-0.966946005821,0.174841761589,0.352692365646,0.498905658722,-0.627439737320,0.469377458096,-0.370266705751,16.144205000000
2334,1413394002.705760478973,2,-0.967033743858,0.174888908863,0.352671861649,0.498848557472,-0.627454400063,0.469365596771,-0.370333731174,16.256347000000
2335,1413394002.755760431290,2,-0.967084527016,0.174924343824,0.352594971657,0.498910754919,-0.627452135086,0.469354778528,-0.370267361403,17.620192000000
2336,1413394002.805760622025,2,-0.967162013054,0.174937814474,0.352630257607,0.498815059662,-0.627426683903,0.469398319721,-0.370384305716,16.970972000000
2337,1413394002.855760335922,2,-0.967165589333,0.174109876156,0.351969599724,0.498994886875,-0.627471864223,0.469272822142,-0.370224565268,15.937276000000
2338,1413394002.905760526657,2,-0.967189431190,0.174059987068,0.351962685585,0.498979985714,-0.627480387688,0.469280391932,-0.370220541954,16.165042000000
2339,1413394002.955760478973,2,-0.967201650143,0.174042493105,0.351940631866,0.498903512955,-0.627466976643,0.469317823648,-0.370298981667,16.120111000000
2340,1413394003.005760431290,2,-0.967194676399,0.174031406641,0.351918220520,0.498947322369,-0.627520382404,0.469230175018,-0.370260506868,16.059697000000
2341,1413394003.055760383606,2,-0.967195212841,0.174024730921,0.351895809174,0.498868495226,-0.627513349056,0.469241619110,-0.370364129543,15.436789000000
2342,1413394003.105760574341,2,-0.967149674892,0.174043625593,0.351824760437,0.498941391706,-0.627468824387,0.469272732735,-0.370301961899,16.529241000000
2343,1413394003.155760288239,2,-0.967068552971,0.174055695534,0.351811766624,0.498880982399,-0.627520203590,0.469188719988,-0.370402604342,17.294360000000
2344,1413394003.205760478973,2,-0.967060267925,0.174012660980,0.351790904999,0.498916924000,-0.627438127995,0.469285458326,-0.370370835066,17.017825000000
2345,1413394003.255760431290,2,-0.967061758041,0.173999875784,0.351799845695,0.498916059732,-0.627494513988,0.469158202410,-0.370437562466,16.725542000000
2346,1413394003.305760622025,2,-0.966994047165,0.173886269331,0.351788640022,0.498916536570,-0.627434074879,0.469252198935,-0.370420366526,17.101425000000
2347,1413394003.355760335922,2,-0.968624472618,0.173575133085,0.350843667984,0.498815357685,-0.627478063107,0.469236403704,-0.370502114296,16.935247000000
