input_id,frame_id,ts,frame_ts,state,pose_valid,imu_initialized,map_id,reset_epoch,map_create_epoch,map_change_index,big_change_index,context_changed,last_reloc_id,last_init_id,n_kps,n_associated,n_inlier_observed,n_outlier_associated,n_depth_valid,depth_valid_fraction,n_reproj,reproj_median_px,reproj_p90_px,reproj_mean_px,mean_observations,inlier_grid_coverage,is_kf,n_local_mps,n_local_kfs,imu_rotation_residual_rad,imu_dt,imu_interval_valid,track_core_ms,logger_ms,px,py,pz,qx,qy,qz,qw
0,0,1413393886.005760431290,1413393886.005760431290,1,0,0,0,0,0,0,0,0,0,-1,1208,0,0,0,0,nan,0,nan,nan,nan,nan,nan,0,0,0,nan,nan,0,1.337953000000,3.894471000000,nan,nan,nan,nan,nan,nan,nan
1,1,1413393886.055760383606,1413393886.055760383606,1,0,0,0,0,0,0,0,0,0,-1,1202,0,0,0,0,nan,0,nan,nan,nan,nan,nan,0,0,0,nan,nan,0,1.327614000000,0.015736000000,nan,nan,nan,nan,nan,nan,nan
2,2,1413393886.105760574341,1413393886.105760574341,1,0,0,0,0,0,0,0,0,0,-1,1203,0,0,0,0,nan,0,nan,nan,nan,nan,nan,0,0,0,nan,nan,0,1.034036000000,0.016502000000,nan,nan,nan,nan,nan,nan,nan
3,3,1413393886.155760288239,1413393886.155760288239,1,0,0,0,0,0,0,0,0,0,-1,1205,0,0,0,0,nan,0,nan,nan,nan,nan,nan,0,0,0,nan,nan,0,0.815076000000,0.015692000000,nan,nan,nan,nan,nan,nan,nan
4,4,1413393886.205760478973,1413393886.205760478973,1,0,0,0,0,0,0,0,0,0,-1,1202,0,0,0,0,nan,0,nan,nan,nan,nan,nan,0,0,0,nan,nan,0,1.027279000000,0.015620000000,nan,nan,nan,nan,nan,nan,nan
5,5,1413393886.255760431290,1413393886.255760431290,1,0,0,0,0,0,0,0,0,0,-1,1202,0,0,0,0,nan,0,nan,nan,nan,nan,nan,0,0,0,nan,nan,0,0.942833000000,0.020231000000,nan,nan,nan,nan,nan,nan,nan
6,6,1413393886.305760622025,1413393886.305760622025,1,0,0,0,0,0,0,0,0,0,-1,1201,0,0,0,0,nan,0,nan,nan,nan,nan,nan,0,0,0,nan,nan,0,0.829793000000,0.015384000000,nan,nan,nan,nan,nan,nan,nan
7,7,1413393886.355760335922,1413393886.355760335922,1,0,0,0,0,0,0,0,0,0,-1,1204,0,0,0,0,nan,0,nan,nan,nan,nan,nan,0,0,0,nan,nan,0,0.949065000000,0.016242000000,nan,nan,nan,nan,nan,nan,nan
8,8,1413393886.405760526657,1413393886.405760526657,1,0,0,0,0,0,0,0,0,0,-1,1201,0,0,0,0,nan,0,nan,nan,nan,nan,nan,0,0,0,nan,nan,0,1.071796000000,0.017982000000,nan,nan,nan,nan,nan,nan,nan
9,9,1413393886.455760478973,1413393886.455760478973,1,0,0,0,0,0,0,0,0,0,-1,1202,0,0,0,0,nan,0,nan,nan,nan,nan,nan,0,0,0,nan,nan,0,2.424005000000,0.017164000000,nan,nan,nan,nan,nan,nan,nan
10,10,1413393886.505760431290,1413393886.505760431290,1,0,0,0,0,0,0,0,0,0,-1,1204,0,0,0,0,nan,0,nan,nan,nan,nan,nan,0,0,0,nan,nan,0,1.187359000000,0.020169000000,nan,nan,nan,nan,nan,nan,nan
11,11,1413393886.555760383606,1413393886.555760383606,1,0,0,0,0,0,0,0,0,0,-1,1203,0,0,0,0,nan,0,nan,nan,nan,nan,nan,0,0,0,nan,nan,0,0.886220000000,0.015030000000,nan,nan,nan,nan,nan,nan,nan
12,12,1413393886.605760574341,1413393886.605760574341,1,0,0,0,0,0,0,0,0,0,-1,1201,0,0,0,0,nan,0,nan,nan,nan,nan,nan,0,0,0,nan,nan,0,0.832006000000,0.016525000000,nan,nan,nan,nan,nan,nan,nan
13,13,1413393886.655760288239,1413393886.655760288239,1,0,0,0,0,0,0,0,0,0,-1,1205,0,0,0,0,nan,0,nan,nan,nan,nan,nan,0,0,0,nan,nan,0,0.984626000000,0.015884000000,nan,nan,nan,nan,nan,nan,nan
14,14,1413393886.705760478973,1413393886.705760478973,1,0,0,0,0,0,0,0,0,0,-1,1203,0,0,0,0,nan,0,nan,nan,nan,nan,nan,0,0,0,nan,nan,0,0.818348000000,0.017208000000,nan,nan,nan,nan,nan,nan,nan
15,15,1413393886.755760431290,1413393886.755760431290,1,0,0,0,0,0,0,0,0,0,-1,1201,0,0,0,0,nan,0,nan,nan,nan,nan,nan,0,0,0,nan,nan,0,0.733669000000,0.014682000000,nan,nan,nan,nan,nan,nan,nan
16,16,1413393886.805760622025,1413393886.805760622025,1,0,0,0,0,0,0,0,0,0,-1,1202,0,0,0,0,nan,0,nan,nan,nan,nan,nan,0,0,0,nan,nan,0,0.840885000000,0.015431000000,nan,nan,nan,nan,nan,nan,nan
17,17,1413393886.855760335922,1413393886.855760335922,1,0,0,0,0,0,0,0,0,0,-1,1201,0,0,0,0,nan,0,nan,nan,nan,nan,nan,0,0,0,nan,nan,0,0.789421000000,0.016517000000,nan,nan,nan,nan,nan,nan,nan
18,18,1413393886.905760526657,1413393886.905760526657,1,0,0,0,0,0,0,0,0,0,-1,1206,0,0,0,0,nan,0,nan,nan,nan,nan,nan,0,0,0,nan,nan,0,0.894219000000,0.014914000000,nan,nan,nan,nan,nan,nan,nan
19,19,1413393886.955760478973,1413393886.955760478973,1,0,0,0,0,0,0,0,0,0,-1,1203,0,0,0,0,nan,0,nan,nan,nan,nan,nan,0,0,0,nan,nan,0,0.786078000000,0.016250000000,nan,nan,nan,nan,nan,nan,nan
20,20,1413393887.005760431290,1413393887.005760431290,1,0,0,0,0,0,0,0,0,0,-1,1202,0,0,0,0,nan,0,nan,nan,nan,nan,nan,0,0,0,nan,nan,0,1.419210000000,0.016262000000,nan,nan,nan,nan,nan,nan,nan
21,21,1413393887.055760383606,1413393887.055760383606,1,0,0,0,0,0,0,0,0,0,-1,1202,0,0,0,0,nan,0,nan,nan,nan,nan,nan,0,0,0,nan,nan,0,1.102313000000,0.016196000000,nan,nan,nan,nan,nan,nan,nan
22,22,1413393887.105760574341,1413393887.105760574341,1,0,0,0,0,0,0,0,0,0,-1,1205,0,0,0,0,nan,0,nan,nan,nan,nan,nan,0,0,0,nan,nan,0,0.941871000000,0.014985000000,nan,nan,nan,nan,nan,nan,nan
23,23,1413393887.155760288239,1413393887.155760288239,1,0,0,0,0,0,0,0,0,0,-1,1202,0,0,0,0,nan,0,nan,nan,nan,nan,nan,0,0,0,nan,nan,0,0.861073000000,0.016292000000,nan,nan,nan,nan,nan,nan,nan
24,24,1413393887.205760478973,1413393887.205760478973,1,0,0,0,0,0,0,0,0,0,-1,1203,0,0,0,0,nan,0,nan,nan,nan,nan,nan,0,0,0,nan,nan,0,0.856049000000,0.015658000000,nan,nan,nan,nan,nan,nan,nan
25,25,1413393887.255760431290,1413393887.255760431290,1,0,0,0,0,0,0,0,0,0,-1,1205,0,0,0,0,nan,0,nan,nan,nan,nan,nan,0,0,0,nan,nan,0,0.886343000000,0.016160000000,nan,nan,nan,nan,nan,nan,nan
26,26,1413393887.305760622025,1413393887.305760622025,1,0,0,0,0,0,0,0,0,0,-1,1203,0,0,0,0,nan,0,nan,nan,nan,nan,nan,0,0,0,nan,nan,0,1.029997000000,0.014867000000,nan,nan,nan,nan,nan,nan,nan
27,27,1413393887.355760335922,1413393887.355760335922,1,0,0,0,0,0,0,0,0,0,-1,1206,0,0,0,0,nan,0,nan,nan,nan,nan,nan,0,0,0,nan,nan,0,0.880253000000,0.016752000000,nan,nan,nan,nan,nan,nan,nan
28,28,1413393887.405760526657,1413393887.405760526657,1,0,0,0,0,0,0,0,0,0,-1,1205,0,0,0,0,nan,0,nan,nan,nan,nan,nan,0,0,0,nan,nan,0,1.023796000000,0.015539000000,nan,nan,nan,nan,nan,nan,nan
29,29,1413393887.455760478973,1413393887.455760478973,1,0,0,0,0,0,0,0,0,0,-1,1202,0,0,0,0,nan,0,nan,nan,nan,nan,nan,0,0,0,nan,nan,0,0.784895000000,0.015751000000,nan,nan,nan,nan,nan,nan,nan
30,30,1413393887.505760431290,1413393887.505760431290,1,0,0,0,0,0,0,0,0,0,-1,1202,0,0,0,0,nan,0,nan,nan,nan,nan,nan,0,0,0,nan,nan,0,1.018939000000,0.015578000000,nan,nan,nan,nan,nan,nan,nan
31,31,1413393887.555760383606,1413393887.555760383606,1,0,0,0,0,0,0,0,0,0,-1,1198,0,0,0,0,nan,0,nan,nan,nan,nan,nan,0,0,0,nan,nan,0,0.772544000000,0.015683000000,nan,nan,nan,nan,nan,nan,nan
32,32,1413393887.605760574341,1413393887.605760574341,1,0,0,0,0,0,0,0,0,0,-1,1202,0,0,0,0,nan,0,nan,nan,nan,nan,nan,0,0,0,nan,nan,0,1.065462000000,0.017224000000,nan,nan,nan,nan,nan,nan,nan
33,33,1413393887.655760288239,1413393887.655760288239,1,0,0,0,0,0,0,0,0,0,-1,1202,0,0,0,0,nan,0,nan,nan,nan,nan,nan,0,0,0,nan,nan,0,1.415209000000,0.016717000000,nan,nan,nan,nan,nan,nan,nan
34,34,1413393887.705760478973,1413393887.705760478973,1,0,0,0,0,0,0,0,0,0,-1,1204,0,0,0,0,nan,0,nan,nan,nan,nan,nan,0,0,0,nan,nan,0,1.265989000000,0.016693000000,nan,nan,nan,nan,nan,nan,nan
35,35,1413393887.755760431290,1413393887.755760431290,1,0,0,0,0,0,0,0,0,0,-1,1201,0,0,0,0,nan,0,nan,nan,nan,nan,nan,0,0,0,nan,nan,0,0.864330000000,0.016255000000,nan,nan,nan,nan,nan,nan,nan
36,36,1413393887.805760622025,1413393887.805760622025,1,0,0,0,0,0,0,0,0,0,-1,1204,0,0,0,0,nan,0,nan,nan,nan,nan,nan,0,0,0,nan,nan,0,1.108970000000,0.016426000000,nan,nan,nan,nan,nan,nan,nan
37,37,1413393887.855760335922,1413393887.855760335922,1,0,0,0,0,0,0,0,0,0,-1,1205,0,0,0,0,nan,0,nan,nan,nan,nan,nan,0,0,0,nan,nan,0,0.883425000000,0.015482000000,nan,nan,nan,nan,nan,nan,nan
38,38,1413393887.905760526657,1413393887.905760526657,1,0,0,0,0,0,0,0,0,0,-1,1202,0,0,0,0,nan,0,nan,nan,nan,nan,nan,0,0,0,nan,nan,0,0.735371000000,0.015897000000,nan,nan,nan,nan,nan,nan,nan
39,39,1413393887.955760478973,1413393887.955760478973,1,0,0,0,0,0,0,0,0,0,-1,1202,0,0,0,0,nan,0,nan,nan,nan,nan,nan,0,0,0,nan,nan,0,0.878777000000,0.015714000000,nan,nan,nan,nan,nan,nan,nan
40,40,1413393888.005760431290,1413393888.005760431290,1,0,0,0,0,0,0,0,0,0,-1,1202,0,0,0,0,nan,0,nan,nan,nan,nan,nan,0,0,0,nan,nan,0,0.964584000000,0.015960000000,nan,nan,nan,nan,nan,nan,nan
41,41,1413393888.055760383606,1413393888.055760383606,1,0,0,0,0,0,0,0,0,0,-1,1200,0,0,0,0,nan,0,nan,nan,nan,nan,nan,0,0,0,nan,nan,0,1.090133000000,0.016042000000,nan,nan,nan,nan,nan,nan,nan
42,42,1413393888.105760574341,1413393888.105760574341,1,0,0,0,0,0,0,0,0,0,-1,1203,0,0,0,0,nan,0,nan,nan,nan,nan,nan,0,0,0,nan,nan,0,1.514505000000,0.017169000000,nan,nan,nan,nan,nan,nan,nan
43,43,1413393888.155760288239,1413393888.155760288239,1,0,0,0,0,0,0,0,0,0,-1,1204,0,0,0,0,nan,0,nan,nan,nan,nan,nan,0,0,0,nan,nan,0,0.838435000000,0.016055000000,nan,nan,nan,nan,nan,nan,nan
44,44,1413393888.205760478973,1413393888.205760478973,1,0,0,0,0,0,0,0,0,0,-1,1205,0,0,0,0,nan,0,nan,nan,nan,nan,nan,0,0,0,nan,nan,0,0.809596000000,0.016255000000,nan,nan,nan,nan,nan,nan,nan
45,45,1413393888.255760431290,1413393888.255760431290,1,0,0,0,0,0,0,0,0,0,-1,1203,0,0,0,0,nan,0,nan,nan,nan,nan,nan,0,0,0,nan,nan,0,0.966710000000,0.015686000000,nan,nan,nan,nan,nan,nan,nan
46,46,1413393888.305760622025,1413393888.305760622025,1,0,0,0,0,0,0,0,0,0,-1,1202,0,0,0,0,nan,0,nan,nan,nan,nan,nan,0,0,0,nan,nan,0,1.787588000000,0.015152000000,nan,nan,nan,nan,nan,nan,nan
47,47,1413393888.355760335922,1413393888.355760335922,1,0,0,0,0,0,0,0,0,0,-1,1203,0,0,0,0,nan,0,nan,nan,nan,nan,nan,0,0,0,nan,nan,0,0.952695000000,0.016346000000,nan,nan,nan,nan,nan,nan,nan
48,48,1413393888.405760526657,1413393888.405760526657,1,0,0,0,0,0,0,0,0,0,-1,1202,0,0,0,0,nan,0,nan,nan,nan,nan,nan,0,0,0,nan,nan,0,1.054607000000,0.015913000000,nan,nan,nan,nan,nan,nan,nan
49,49,1413393888.455760478973,1413393888.455760478973,1,0,0,0,0,0,0,0,0,0,-1,1202,0,0,0,0,nan,0,nan,nan,nan,nan,nan,0,0,0,nan,nan,0,1.325264000000,0.016654000000,nan,nan,nan,nan,nan,nan,nan
50,50,1413393888.505760431290,1413393888.505760431290,1,0,0,0,0,0,0,0,0,0,-1,1199,0,0,0,0,nan,0,nan,nan,nan,nan,nan,0,0,0,nan,nan,0,1.667849000000,0.018228000000,nan,nan,nan,nan,nan,nan,nan
51,51,1413393888.555760383606,1413393888.555760383606,1,0,0,0,0,0,0,0,0,0,-1,1203,0,0,0,0,nan,0,nan,nan,nan,nan,nan,0,0,0,nan,nan,0,0.989661000000,0.016247000000,nan,nan,nan,nan,nan,nan,nan
52,52,1413393888.605760574341,1413393888.605760574341,1,0,0,0,0,0,0,0,0,0,-1,1204,0,0,0,0,nan,0,nan,nan,nan,nan,nan,0,0,0,nan,nan,0,1.290746000000,0.016789000000,nan,nan,nan,nan,nan,nan,nan
53,53,1413393888.655760288239,1413393888.655760288239,1,0,0,0,0,0,0,0,0,0,-1,1201,0,0,0,0,nan,0,nan,nan,nan,nan,nan,0,0,0,nan,nan,0,0.862288000000,0.016063000000,nan,nan,nan,nan,nan,nan,nan
54,54,1413393888.705760478973,1413393888.705760478973,1,0,0,0,0,0,0,0,0,0,-1,1203,0,0,0,0,nan,0,nan,nan,nan,nan,nan,0,0,0,nan,nan,0,3.329283000000,0.019190000000,nan,nan,nan,nan,nan,nan,nan
55,55,1413393888.755760431290,1413393888.755760431290,1,0,0,0,0,0,0,0,0,0,-1,1203,0,0,0,0,nan,0,nan,nan,nan,nan,nan,0,0,0,nan,nan,0,1.155515000000,0.020192000000,nan,nan,nan,nan,nan,nan,nan
56,56,1413393888.805760622025,1413393888.805760622025,1,0,0,0,0,0,0,0,0,0,-1,1206,0,0,0,0,nan,0,nan,nan,nan,nan,nan,0,0,0,nan,nan,0,0.931747000000,0.015089000000,nan,nan,nan,nan,nan,nan,nan
57,57,1413393888.855760335922,1413393888.855760335922,1,0,0,0,0,0,0,0,0,0,-1,1203,0,0,0,0,nan,0,nan,nan,nan,nan,nan,0,0,0,nan,nan,0,1.019422000000,0.017025000000,nan,nan,nan,nan,nan,nan,nan
58,58,1413393888.905760526657,1413393888.905760526657,1,0,0,0,0,0,0,0,0,0,-1,1203,0,0,0,0,nan,0,nan,nan,nan,nan,nan,0,0,0,nan,nan,0,1.075406000000,0.016123000000,nan,nan,nan,nan,nan,nan,nan
59,59,1413393888.955760478973,1413393888.955760478973,1,0,0,0,0,0,0,0,0,0,-1,1202,0,0,0,0,nan,0,nan,nan,nan,nan,nan,0,0,0,nan,nan,0,1.139160000000,0.038120000000,nan,nan,nan,nan,nan,nan,nan
60,60,1413393889.005760431290,1413393889.005760431290,1,0,0,0,0,0,0,0,0,0,-1,1202,0,0,0,0,nan,0,nan,nan,nan,nan,nan,0,0,0,nan,nan,0,0.930190000000,0.016139000000,nan,nan,nan,nan,nan,nan,nan
61,61,1413393889.055760383606,1413393889.055760383606,1,0,0,0,0,0,0,0,0,0,-1,1200,0,0,0,0,nan,0,nan,nan,nan,nan,nan,0,0,0,nan,nan,0,0.912089000000,0.015299000000,nan,nan,nan,nan,nan,nan,nan
62,62,1413393889.105760574341,1413393889.105760574341,1,0,0,0,0,0,0,0,0,0,-1,1202,0,0,0,0,nan,0,nan,nan,nan,nan,nan,0,0,0,nan,nan,0,0.998376000000,0.015904000000,nan,nan,nan,nan,nan,nan,nan
63,63,1413393889.155760288239,1413393889.155760288239,1,0,0,0,0,0,0,0,0,0,-1,1204,0,0,0,0,nan,0,nan,nan,nan,nan,nan,0,0,0,nan,nan,0,1.543508000000,0.018117000000,nan,nan,nan,nan,nan,nan,nan
64,64,1413393889.205760478973,1413393889.205760478973,1,0,0,0,0,0,0,0,0,0,-1,1202,0,0,0,0,nan,0,nan,nan,nan,nan,nan,0,0,0,nan,nan,0,1.034591000000,0.016326000000,nan,nan,nan,nan,nan,nan,nan
65,65,1413393889.255760431290,1413393889.255760431290,1,0,0,0,0,0,0,0,0,0,-1,1202,0,0,0,0,nan,0,nan,nan,nan,nan,nan,0,0,0,nan,nan,0,1.797738000000,0.016820000000,nan,nan,nan,nan,nan,nan,nan
66,66,1413393889.305760622025,1413393889.305760622025,1,0,0,0,0,0,0,0,0,0,-1,1204,0,0,0,0,nan,0,nan,nan,nan,nan,nan,0,0,0,nan,nan,0,1.004570000000,0.015275000000,nan,nan,nan,nan,nan,nan,nan
67,67,1413393889.355760335922,1413393889.355760335922,1,0,0,0,0,0,0,0,0,0,-1,1201,0,0,0,0,nan,0,nan,nan,nan,nan,nan,0,0,0,nan,nan,0,1.299085000000,0.017347000000,nan,nan,nan,nan,nan,nan,nan
68,68,1413393889.405760526657,1413393889.405760526657,1,0,0,0,0,0,0,0,0,0,-1,1202,0,0,0,0,nan,0,nan,nan,nan,nan,nan,0,0,0,nan,nan,0,1.388993000000,0.015247000000,nan,nan,nan,nan,nan,nan,nan
69,69,1413393889.455760478973,1413393889.455760478973,1,0,0,0,0,0,0,0,0,0,-1,1204,0,0,0,0,nan,0,nan,nan,nan,nan,nan,0,0,0,nan,nan,0,0.792073000000,0.014998000000,nan,nan,nan,nan,nan,nan,nan
70,70,1413393889.505760431290,1413393889.505760431290,1,0,0,0,0,0,0,0,0,0,-1,1201,0,0,0,0,nan,0,nan,nan,nan,nan,nan,0,0,0,nan,nan,0,0.938381000000,0.016530000000,nan,nan,nan,nan,nan,nan,nan
71,71,1413393889.555760383606,1413393889.555760383606,1,0,0,0,0,0,0,0,0,0,-1,1203,0,0,0,0,nan,0,nan,nan,nan,nan,nan,0,0,0,nan,nan,0,1.281477000000,0.016419000000,nan,nan,nan,nan,nan,nan,nan
72,72,1413393889.605760574341,1413393889.605760574341,2,1,0,0,0,0,0,0,0,0,-1,1202,464,464,0,464,0.386023294509,464,0.000000000000,0.000021579186,0.000007238730,2.000000000000,0.666666666667,0,464,1,nan,nan,0,2.198008000000,0.064686000000,0.000000022352,0.000000003725,0.000000000000,-0.000000000057,-0.000000001326,-0.000000091627,1.000000000000
73,73,1413393889.655760288239,1413393889.655760288239,2,1,0,0,0,0,0,0,0,0,-1,1205,342,342,0,481,0.399170124481,342,1.077370973593,2.548973666112,1.379895708439,2.000000000000,0.562500000000,0,464,1,nan,nan,0,8.700944000000,0.074036000000,0.002865446266,-0.002134418814,-0.002604671754,-0.006806699559,0.001719660941,-0.001537804957,0.999974191189
74,74,1413393889.705760478973,1413393889.705760478973,2,1,0,0,0,0,0,0,0,0,-1,1198,327,327,0,567,0.473288814691,327,1.108462358724,2.639740496013,1.380013345500,2.000000000000,0.520833333333,0,464,1,nan,nan,0,2.908082000000,0.123299000000,0.003374598688,-0.005761383567,-0.004233090207,-0.011129809543,0.004344332498,-0.005779001396,0.999911904335
75,75,1413393889.755760431290,1413393889.755760431290,2,1,0,0,0,0,0,0,0,0,-1,1203,357,357,0,682,0.566916043225,357,1.038349812919,2.542868253195,1.281981634205,2.000000000000,0.520833333333,0,464,1,nan,nan,0,2.841277000000,0.070723000000,0.004023741465,-0.013781970367,-0.006496284623,-0.016705239192,0.006950448267,-0.010008654557,0.999786198139
76,76,1413393889.805760622025,1413393889.805760622025,2,1,0,0,0,0,0,0,0,0,-1,1200,379,379,0,776,0.646666666667,379,1.161661040051,2.647313815992,1.397476714236,2.000000000000,0.520833333333,0,464,1,nan,nan,0,3.338328000000,0.083901000000,0.006955208257,-0.025597807020,-0.011442087591,-0.019688047469,0.008869059384,-0.013332409784,0.999677956104
77,77,1413393889.855760335922,1413393889.855760335922,2,1,0,0,0,0,0,0,0,0,-1,1200,368,368,0,811,0.675833333333,368,1.235491634323,2.863435009168,1.470286097087,2.000000000000,0.500000000000,0,464,1,nan,nan,0,3.011914000000,0.065177000000,0.007840723731,-0.041116084903,-0.013091344386,-0.022394649684,0.011473494582,-0.019215313718,0.999498665333
78,78,1413393889.905760526657,1413393889.905760526657,2,1,0,0,0,0,0,0,0,0,-1,1195,823,823,0,844,0.706276150628,823,0.000031456800,2.202000558109,0.651977294012,2.000000000000,0.729166666667,1,464,1,nan,nan,0,3.498365000000,0.132279000000,0.009787065908,-0.060866132379,-0.017401395366,-0.022352363914,0.013854335062,-0.025596631691,0.999326407909
79,79,1413393889.955760478973,1413393889.955760478973,2,1,0,0,0,0,0,0,0,0,-1,1196,641,641,0,904,0.755852842809,641,1.195636830806,3.050440245972,1.543005631869,3.063962558502,0.645833333333,0,842,2,nan,nan,0,5.909408000000,0.091770000000,0.009854828939,-0.085513375700,-0.020682297647,-0.018292630091,0.016585836187,-0.032090459019,0.999179959297
80,80,1413393890.005760431290,1413393890.005760431290,2,1,0,0,0,0,0,0,0,0,-1,1201,565,565,0,794,0.661115736886,565,1.457546933554,3.234841770024,1.690658373659,3.083185840708,0.666666666667,0,842,2,nan,nan,0,4.831512000000,0.083742000000,0.009546793997,-0.115482978523,-0.025176325813,-0.012522122823,0.018285706639,-0.038456551731,0.999014496803
81,81,1413393890.055760383606,1413393890.055760383606,2,1,0,0,0,0,0,0,0,0,-1,1200,537,537,0,918,0.765000000000,537,1.487085408899,3.766441288376,1.837943690888,3.122905027933,0.604166666667,0,842,2,nan,nan,0,5.055375000000,0.085839000000,0.003396899439,-0.147258669138,-0.027650376782,-0.006969182286,0.019220765680,-0.038228906691,0.999059855938
82,82,1413393890.105760574341,1413393890.105760574341,2,1,0,0,0,0,0,0,0,0,-1,1202,510,510,0,943,0.784525790349,510,1.605305934876,3.921454751617,1.954226321354,3.135294117647,0.520833333333,0,842,2,nan,nan,0,4.716197000000,0.102242000000,-0.002963666804,-0.185027197003,-0.030078582466,-0.003032951849,0.017980212346,-0.034003917128,0.999255359173
83,83,1413393890.155760288239,1413393890.155760288239,2,1,0,0,0,0,0,0,0,0,-1,1200,452,452,0,907,0.755833333333,452,1.687719860141,4.155987210908,2.046687281494,3.110619469027,0.541666666667,0,842,2,nan,nan,0,4.795825000000,0.079181000000,-0.009260513820,-0.219092577696,-0.031700331718,0.001388851786,0.016249034554,-0.028853980824,0.999450623989
84,84,1413393890.205760478973,1413393890.205760478973,2,1,0,0,0,0,0,0,0,0,-1,1200,769,769,0,901,0.750833333333,769,0.501757290410,3.259139057359,1.125868972086,2.599479843953,0.645833333333,1,842,2,nan,nan,0,4.854909000000,0.134742000000,-0.018178882077,-0.254699140787,-0.032783735543,0.003178798826,0.014795624651,-0.023440860212,0.999610662460
85,85,1413393890.255760431290,1413393890.255760431290,2,1,0,0,0,0,1,0,0,0,-1,1200,653,653,0,910,0.758333333333,653,1.173022748443,2.926443135079,1.485898148353,4.090352220521,0.604166666667,0,998,3,nan,nan,0,7.258359000000,0.104382000000,-0.035517975688,-0.285534381866,-0.025001155213,0.004718784243,0.014572346583,-0.018989488482,0.999702394009
86,86,1413393890.305760622025,1413393890.305760622025,2,1,0,0,0,0,1,0,0,0,-1,1200,590,590,0,875,0.729166666667,590,1.225944308621,2.878273268583,1.550248328245,4.110169491525,0.541666666667,0,998,3,nan,nan,0,5.952973000000,0.093285000000,-0.046976231039,-0.304573744535,-0.020689520985,0.006343826186,0.013537366875,-0.014365169220,0.999785065651
87,87,1413393890.355760335922,1413393890.355760335922,2,1,0,0,0,0,1,0,0,0,-1,1201,576,576,0,879,0.731890091590,576,1.198811453998,3.005580567095,1.528129789211,4.100694444444,0.541666666667,0,998,3,nan,nan,0,5.874652000000,0.091129000000,-0.057546481490,-0.319461613894,-0.016440657899,0.006713280920,0.012551045045,-0.010926630348,0.999839007854
88,88,1413393890.405760526657,1413393890.405760526657,2,1,0,0,0,0,1,0,0,0,-1,1201,540,540,0,881,0.733555370525,540,1.393413889208,3.186891097840,1.705796482864,4.122222222222,0.541666666667,0,998,3,nan,nan,0,5.737131000000,0.087209000000,-0.069422565401,-0.331271648407,-0.008656747639,0.006766804494,0.011620564386,-0.007870870642,0.999878585339
89,89,1413393890.455760478973,1413393890.455760478973,2,1,0,0,0,0,1,0,0,0,-1,1202,820,820,0,897,0.746256239601,820,0.836836214431,2.649117529873,1.129284480841,3.391463414634,0.541666666667,1,998,3,nan,nan,0,6.419773000000,0.113530000000,-0.084573812783,-0.335519701242,0.001325142104,0.010229870677,0.011325047351,-0.004507887643,0.999873399734
90,90,1413393890.505760431290,1413393890.505760431290,2,1,0,0,0,0,2,0,0,0,-1,1201,654,654,0,909,0.756869275604,654,1.138561849737,2.645204740123,1.392262552230,5.458715596330,0.541666666667,0,929,4,nan,nan,0,6.344036000000,0.115476000000,-0.095061898232,-0.335752099752,0.009811647236,0.018813179806,0.009961066768,-0.001781441388,0.999771833420
91,91,1413393890.555760383606,1413393890.555760383606,2,1,0,0,0,0,2,0,0,0,-1,1201,619,619,0,890,0.741049125729,619,1.177896067842,2.866292144531,1.480758535208,5.499192245557,0.604166666667,0,929,4,nan,nan,0,6.532147000000,0.094534000000,-0.106710344553,-0.338927388191,0.018068887293,0.030174840242,0.008848840371,0.000863048423,0.999505102634
92,92,1413393890.605760574341,1413393890.605760574341,2,1,0,0,0,0,2,0,0,0,-1,1201,600,600,0,857,0.713572023314,600,1.176383113716,3.137299704716,1.561763696976,5.458333333333,0.562500000000,0,929,4,nan,nan,0,5.809218000000,0.098107000000,-0.119484141469,-0.342780232430,0.026789113879,0.039375811815,0.009295145981,0.001216469333,0.999180495739
93,93,1413393890.655760288239,1413393890.655760288239,2,1,0,0,0,0,2,0,0,0,-1,1201,544,544,0,815,0.678601165695,544,1.224782454551,3.100978644927,1.587968526851,5.549632352941,0.583333333333,0,929,4,nan,nan,0,6.389693000000,0.092315000000,-0.130870372057,-0.345713406801,0.032541461289,0.040909718722,0.009607113898,0.000102995327,0.999116659164
94,94,1413393890.705760478973,1413393890.705760478973,2,1,0,0,0,0,2,0,0,0,-1,1202,760,760,0,835,0.694675540765,760,0.845315864255,2.617080734116,1.094968165077,4.468421052632,0.625000000000,1,929,4,nan,nan,0,6.732612000000,0.109841000000,-0.142076790333,-0.350679188967,0.035905998200,0.035932548344,0.010153705254,-0.001567633240,0.999301433563
95,95,1413393890.755760431290,1413393890.755760431290,2,1,0,0,0,0,3,0,0,0,-1,1200,632,632,0,865,0.720833333333,632,1.119731105315,3.027718288557,1.498995765080,6.905063291139,0.645833333333,0,918,5,nan,nan,0,6.540129000000,0.112096000000,-0.150317966938,-0.347576677799,0.036333117634,0.030672615394,0.010052852333,-0.003348246682,0.999473333359
96,96,1413393890.805760622025,1413393890.805760622025,2,1,0,0,0,0,3,0,0,0,-1,1200,592,592,0,843,0.702500000000,592,1.267882997288,3.112387121701,1.538311331059,6.826013513514,0.645833333333,0,918,5,nan,nan,0,5.903130000000,0.103825000000,-0.162301778793,-0.351199567318,0.037319250405,0.023888422176,0.010294658132,-0.004195951857,0.999652862549
97,97,1413393890.855760335922,1413393890.855760335922,2,1,0,0,0,0,3,0,0,0,-1,1201,584,584,0,840,0.699417152373,584,1.277684503379,3.039136330367,1.575354266809,6.878424657534,0.604166666667,0,918,5,nan,nan,0,5.846348000000,0.094179000000,-0.172679811716,-0.356603235006,0.035781219602,0.017990171909,0.010624600574,-0.005745898001,0.999765217304
98,98,1413393890.905760526657,1413393890.905760526657,2,1,0,0,0,0,3,0,0,0,-1,1203,561,561,0,833,0.692435577722,561,1.227539528715,3.119153278328,1.611404610038,6.926916221034,0.583333333333,0,918,5,nan,nan,0,5.932875000000,0.157855000000,-0.185706004500,-0.360212743282,0.035761926323,0.014150040224,0.010870133527,-0.005953233689,0.999823093414
99,99,1413393890.955760478973,1413393890.955760478973,2,1,0,0,0,0,3,0,0,0,-1,1202,777,777,0,849,0.706322795341,777,0.789714598662,2.659098032282,1.122008442816,5.429858429858,0.645833333333,1,918,5,nan,nan,0,6.108634000000,0.131114000000,-0.198725551367,-0.366588324308,0.033774100244,0.011223094538,0.011320888065,-0.007171207573,0.999847233295
100,100,1413393891.005760431290,1413393891.005760431290,2,1,0,0,0,0,4,0,0,0,-1,1200,659,659,0,817,0.680833333333,659,1.216561726402,3.323638986701,1.563596909508,7.828528072838,0.625000000000,0,955,6,nan,nan,0,6.896508000000,1.103958000000,-0.213351473212,-0.373684763908,0.033484101295,0.008745758794,0.012028301135,-0.007448655088,0.999861717224
101,101,1413393891.055760383606,1413393891.055760383606,2,1,0,0,0,0,4,0,0,0,-1,1203,610,610,0,805,0.669160432253,610,1.243788473140,3.424353692446,1.582340349215,7.893442622951,0.645833333333,0,955,6,nan,nan,0,6.717779000000,0.096033000000,-0.225805163383,-0.381146043539,0.030832014978,0.007150394842,0.012002509087,-0.008758337237,0.999864041805
102,102,1413393891.105760574341,1413393891.105760574341,2,1,0,0,0,0,4,0,0,0,-1,1202,590,590,0,819,0.681364392679,590,1.303010735316,3.188319694897,1.589166734946,7.891525423729,0.604166666667,0,955,6,nan,nan,0,6.258315000000,0.096768000000,-0.239328011870,-0.388020306826,0.030188817531,0.007822276093,0.011956466362,-0.008590111509,0.999861061573
103,103,1413393891.155760288239,1413393891.155760288239,2,1,0,0,0,0,4,0,0,0,-1,1201,556,556,0,849,0.706910907577,556,1.276021895578,3.438421445657,1.663542973439,7.989208633094,0.583333333333,0,955,6,nan,nan,0,6.090250000000,0.104716000000,-0.252330362797,-0.399091929197,0.025534929708,0.006914293859,0.011083589867,-0.007638745010,0.999885499477
104,104,1413393891.205760478973,1413393891.205760478973,2,1,0,0,0,0,4,0,0,0,-1,1201,743,743,0,797,0.663613655287,743,0.885263628230,2.758361809076,1.175413394259,6.294751009421,0.645833333333,1,955,6,nan,nan,0,5.940159000000,0.115110000000,-0.266755104065,-0.409220963717,0.023691875860,0.007600425277,0.010733652860,-0.007451450452,0.999885737896
105,105,1413393891.255760431290,1413393891.255760431290,2,1,0,0,0,0,5,0,0,0,-1,1203,604,604,0,815,0.677472984206,604,1.112274500520,2.881792522812,1.453182928472,9.062913907285,0.645833333333,0,936,7,nan,nan,0,6.863057000000,0.091492000000,-0.283345520496,-0.412360072136,0.026586679742,0.010029703379,0.010605538264,-0.006846260279,0.999870061874
106,106,1413393891.305760622025,1413393891.305760622025,2,1,0,0,0,0,5,0,0,0,-1,1201,554,554,0,861,0.716902581182,554,1.358515641747,3.161715624403,1.667027332414,9.514440433213,0.562500000000,0,936,7,nan,nan,0,6.549544000000,0.092525000000,-0.297830283642,-0.417267292738,0.025330735371,0.018429392949,0.010185690597,-0.006726683583,0.999755680561
107,107,1413393891.355760335922,1413393891.355760335922,2,1,0,0,0,0,5,0,0,0,-1,1175,408,408,0,844,0.718297872340,408,1.864997899821,3.882871474095,2.139116956966,9.742647058824,0.541666666667,0,936,7,nan,nan,0,5.547240000000,0.074973000000,-0.314259111881,-0.417468547821,0.030156567693,0.040377344936,0.010036056861,-0.006076726597,0.999115645885
108,108,1413393891.405760526657,1413393891.405760526657,2,1,0,0,0,0,5,0,0,0,-1,1155,319,319,0,815,0.705627705628,319,1.994602762796,3.932850956620,2.277570986479,10.018808777429,0.479166666667,0,936,7,nan,nan,0,4.972392000000,0.078866000000,-0.328917503357,-0.417358905077,0.024449540302,0.070212356746,0.009097582661,-0.003363805125,0.997484922409
109,109,1413393891.455760478973,1413393891.455760478973,2,1,0,0,0,0,5,0,0,0,-1,1141,675,675,0,780,0.683610867660,675,0.000061035156,3.062966805762,0.969448978890,5.408888888889,0.562500000000,1,936,7,nan,nan,0,5.498015000000,0.105420000000,-0.342990815639,-0.413512587547,0.021727791056,0.100386299193,0.006929466501,-0.001795635442,0.994922816753
110,110,1413393891.505760431290,1413393891.505760431290,2,1,0,0,0,0,6,0,0,0,-1,1070,413,413,0,736,0.687850467290,413,1.406246083638,3.306069247778,1.738962627954,9.646489104116,0.500000000000,0,1058,8,nan,nan,0,5.119920000000,0.074034000000,-0.358453989029,-0.405737042427,0.012088205665,0.123295679688,0.006289203651,-0.000735444424,0.992349803448
111,111,1413393891.555760383606,1413393891.555760383606,2,1,0,0,0,0,6,0,0,0,-1,1150,366,366,0,690,0.600000000000,366,1.647699605633,3.294771181886,1.829701200323,9.754098360656,0.479166666667,0,1058,8,nan,nan,0,5.051620000000,0.070478000000,-0.368566334248,-0.395224809647,-0.002465779427,0.136756837368,0.003973611165,0.000552886282,0.990596532822
112,112,1413393891.605760574341,1413393891.605760574341,2,1,0,0,0,0,6,0,0,0,-1,1155,339,339,0,673,0.582683982684,339,1.426496961014,3.449285625911,1.738346646106,9.805309734513,0.479166666667,0,1058,8,nan,nan,0,5.037240000000,0.219548000000,-0.390182584524,-0.380542069674,-0.016140859574,0.142259076238,0.006069034804,-0.002503103344,0.989807724953
113,113,1413393891.655760288239,1413393891.655760288239,2,1,0,0,0,0,6,0,0,0,-1,1138,344,344,0,705,0.619507908612,344,1.421694470406,3.197146678697,1.719493987412,9.604651162791,0.479166666667,0,1058,8,nan,nan,0,4.904233000000,0.074884000000,-0.403376966715,-0.367080539465,-0.042689204216,0.142923653126,0.005487812683,-0.002206190489,0.989716053009
114,114,1413393891.705760478973,1413393891.705760478973,2,1,0,0,0,0,6,0,0,0,-1,1165,642,642,0,728,0.624892703863,642,0.325655374833,2.700453375512,0.936152360391,5.957943925234,0.666666666667,1,1058,8,nan,nan,0,5.044475000000,0.119903000000,-0.416460365057,-0.355942189693,-0.077082656324,0.142096653581,0.005557674915,-0.003346005687,0.989831566811
115,115,1413393891.755760431290,1413393891.755760431290,2,1,0,0,0,0,7,0,0,0,-1,1164,523,523,0,706,0.606529209622,523,1.274814939114,2.959078613286,1.574374200501,9.667304015296,0.666666666667,0,1074,9,nan,nan,0,6.470816000000,0.123212000000,-0.433074504137,-0.334267556667,-0.109448522329,0.141780897975,0.005827977788,-0.003898646217,0.989873230457
116,116,1413393891.805760622025,1413393891.805760622025,2,1,0,0,0,0,7,0,0,0,-1,1179,474,474,0,781,0.662425784563,474,1.190914608662,3.247839631692,1.565588723200,10.099156118143,0.687500000000,0,1074,9,nan,nan,0,5.967455000000,0.088716000000,-0.445293545723,-0.321385592222,-0.155350238085,0.138817116618,0.006120858714,-0.004672518466,0.990288138390
117,117,1413393891.855760335922,1413393891.855760335922,2,1,0,0,0,0,7,0,0,0,-1,1190,468,468,0,820,0.689075630252,468,1.400510689517,3.104441497174,1.640491077440,10.091880341880,0.687500000000,0,1074,9,nan,nan,0,5.826642000000,0.081822000000,-0.456211000681,-0.310215592384,-0.209495261312,0.132172778249,0.006346667651,-0.005446418654,0.991191387177
118,118,1413393891.905760526657,1413393891.905760526657,2,1,0,0,0,0,7,0,0,0,-1,1191,406,406,0,893,0.749790092359,406,1.646768666629,3.687161781123,1.912106541161,10.972906403941,0.604166666667,0,1074,9,nan,nan,0,5.929617000000,0.073633000000,-0.472798377275,-0.290949136019,-0.268449842930,0.119649253786,0.007336804178,-0.005878868513,0.992771685123
119,119,1413393891.955760478973,1413393891.955760478973,2,1,0,0,0,0,7,0,0,0,-1,1142,675,675,0,816,0.714535901926,675,0.000061035156,3.299654177936,1.110675269308,6.259259259259,0.604166666667,1,1074,9,nan,nan,0,5.599646000000,0.110169000000,-0.489953219891,-0.276264071465,-0.334678262472,0.099699765444,0.008226960897,-0.005402639043,0.994968891144
120,120,1413393892.005760431290,1413393892.005760431290,2,1,1,0,0,0,9,0,0,0,-1,1196,369,369,0,828,0.692307692308,369,1.623575840777,3.739497830221,1.927682296825,9.048780487805,0.541666666667,0,1164,10,nan,nan,0,7.409089000000,0.074646000000,-0.503097295761,-0.308430939913,0.366831630468,0.766299009323,0.011113704182,0.011975257657,-0.642276465893
121,121,1413393892.055760383606,1413393892.055760383606,2,1,1,0,0,0,11,0,0,0,-1,1185,351,351,0,873,0.736708860759,351,1.435447381263,3.308172337606,1.802958545088,9.586894586895,0.520833333333,0,1164,10,nan,nan,0,5.714282000000,0.082169000000,-0.646766781807,-0.370755851269,0.307124525309,0.780078351498,-0.008334636688,0.026211336255,-0.625076949596
122,122,1413393892.105760574341,1413393892.105760574341,2,1,1,0,0,0,11,0,0,0,-1,1086,518,518,0,592,0.545119705341,518,0.697519712777,2.880078190228,1.136718663656,7.038610038610,0.520833333333,1,1164,10,0.000148264793,0.050000190735,1,5.745239000000,0.096637000000,-0.663201034069,-0.447853714228,0.315541625023,0.791492998600,-0.008592710830,0.026781385764,-0.610530793667
123,123,1413393892.155760288239,1413393892.155760288239,2,1,1,0,0,0,12,0,0,0,-1,1178,414,414,0,879,0.746179966044,414,1.481068565315,3.014627613474,1.690949705133,10.710144927536,0.541666666667,0,1164,11,nan,nan,0,5.477757000000,0.076511000000,-0.679962635040,-0.517032206059,0.326233267784,0.799936652184,-0.008465133607,0.027955057099,-0.599373221397
124,124,1413393892.205760478973,1413393892.205760478973,2,1,1,0,0,0,12,0,0,0,-1,1197,748,748,0,852,0.711779448622,748,0.000090263000,2.400948912310,0.835680440229,6.231283422460,0.708333333333,1,1164,11,0.000162402037,0.050000190735,1,5.764508000000,0.117121000000,-0.697042107582,-0.593668162823,0.337001085281,0.805588424206,-0.008449925110,0.028765942901,-0.591716587543
125,125,1413393892.255760431290,1413393892.255760431290,2,1,1,0,0,0,13,0,0,0,-1,1202,402,402,0,769,0.639767054908,402,1.237999213105,2.860063467544,1.495269941607,10.858208955224,0.625000000000,0,1204,12,nan,nan,0,5.603794000000,0.094659000000,-0.715052902699,-0.663325071335,0.338873267174,0.808885455132,-0.008124988526,0.031025707722,-0.587090909481
126,126,1413393892.305760622025,1413393892.305760622025,2,1,1,0,0,0,13,0,0,0,-1,1204,722,722,0,803,0.666943521595,722,0.367761669104,2.427778378692,0.851400305187,6.688365650970,0.729166666667,1,1204,12,0.000064296844,0.050000190735,1,5.557254000000,0.111908000000,-0.732603192329,-0.737557232380,0.346587300301,0.810649156570,-0.009142887779,0.031455073506,-0.584615170956
127,127,1413393892.355760335922,1413393892.355760335922,2,1,1,0,0,0,14,0,0,0,-1,1204,431,431,0,832,0.691029900332,431,1.291465604751,2.924149253528,1.548568063835,11.259860788863,0.625000000000,0,1236,13,nan,nan,0,5.466686000000,0.086039000000,-0.751071214676,-0.807403743267,0.349694311619,0.813062131405,-0.009707766585,0.032578684390,-0.581183612347
128,128,1413393892.405760526657,1413393892.405760526657,2,1,1,0,0,0,14,0,0,0,-1,1202,683,683,0,775,0.644758735441,683,0.555312140770,2.411173303316,0.934925460364,7.532942898975,0.750000000000,1,1236,13,0.000154970185,0.050000190735,1,6.169955000000,0.125720000000,-0.768897414207,-0.878446817398,0.352046012878,0.815292418003,-0.010507769883,0.033048111945,-0.578010201454
129,129,1413393892.455760478973,1413393892.455760478973,2,1,1,0,0,0,15,0,0,0,-1,1202,405,405,0,737,0.613144758735,405,1.233013135556,2.887816952889,1.519686777819,11.412345679012,0.625000000000,0,1252,14,nan,nan,0,6.249025000000,0.072046000000,-0.788080632687,-0.950460135937,0.348462820053,0.816877365112,-0.011253677309,0.033849228173,-0.575707376003
130,130,1413393892.505760431290,1413393892.505760431290,2,1,1,0,0,0,15,0,0,0,-1,1204,632,632,0,746,0.619601328904,632,0.450937968154,2.501626897623,0.932645826398,7.645569620253,0.812500000000,1,1252,14,0.000075920841,0.049999952316,1,5.835632000000,0.107845000000,-0.806253433228,-1.018485784531,0.344980478287,0.817766010761,-0.011319048703,0.035328410566,-0.574354052544
131,131,1413393892.555760383606,1413393892.555760383606,2,1,1,0,0,0,16,0,0,0,-1,1202,380,380,0,736,0.612312811980,380,1.218613768226,2.948733141918,1.493656001191,11.278947368421,0.750000000000,0,1292,15,nan,nan,0,5.749515000000,0.077768000000,-0.824885010719,-1.091000795364,0.334716320038,0.819093167782,-0.012479856610,0.035270437598,-0.572439193726
132,132,1413393892.605760574341,1413393892.605760574341,2,1,1,0,0,0,16,0,0,0,-1,1200,604,604,0,718,0.598333333333,604,0.099369220618,2.368221124477,0.796050715872,7.001655629139,0.812500000000,1,1292,15,0.000038844795,0.050000190735,1,5.472697000000,0.112263000000,-0.843705415726,-1.156989336014,0.325922369957,0.821631491184,-0.012898878194,0.035809140652,-0.568746984005
133,133,1413393892.655760288239,1413393892.655760288239,2,1,1,0,0,0,17,0,0,0,-1,1203,396,396,0,718,0.596841230258,396,1.264239138288,2.948621652584,1.573174116229,10.734848484848,0.812500000000,0,1393,16,nan,nan,0,5.130838000000,0.088424000000,-0.863271355629,-1.218550920486,0.312976717949,0.825818181038,-0.013205105439,0.036578647792,-0.562594056129
134,134,1413393892.705760478973,1413393892.705760478973,2,1,1,0,0,0,17,0,0,0,-1,1201,330,330,0,748,0.622814321399,330,1.397706401706,3.066755866645,1.651043840119,11.378787878788,0.687500000000,0,1393,16,0.000054835102,0.050000190735,1,5.988604000000,0.064226000000,-0.882649183273,-1.280367970467,0.301798343658,0.831887304783,-0.013418162242,0.037819698453,-0.553491830826
135,135,1413393892.755760431290,1413393892.755760431290,2,1,1,0,0,0,17,0,0,0,-1,1203,643,643,0,769,0.639235245220,643,0.000122070312,2.550879164461,0.808902509503,5.617418351477,0.833333333333,1,1393,16,0.000080538848,0.049999952316,1,5.516600000000,0.102724000000,-0.902359306812,-1.339755654335,0.290714263916,0.839400708675,-0.013664093800,0.037868004292,-0.542020201683
136,136,1413393892.805760622025,1413393892.805760622025,2,1,1,0,0,0,18,0,0,0,-1,1201,396,396,0,768,0.639467110741,396,1.333890615270,2.807964931496,1.568262374537,8.494949494949,0.770833333333,0,1562,17,nan,nan,0,5.716376000000,0.079329000000,-0.922884702682,-1.398864746094,0.277464509010,0.847188234329,-0.012842298485,0.038803491741,-0.529718339443
137,137,1413393892.855760335922,1413393892.855760335922,2,1,1,0,0,0,18,0,0,0,-1,1204,338,338,0,798,0.662790697674,338,1.403295404752,2.945807630774,1.623284697686,8.819526627219,0.666666666667,0,1562,17,0.000039748767,0.049999713898,1,6.142834000000,0.079063000000,-0.943303763866,-1.450779914856,0.268085956573,0.853717625141,-0.012894778512,0.039387270808,-0.519084393978
138,138,1413393892.905760526657,1413393892.905760526657,2,1,1,0,0,0,18,0,0,0,-1,1204,283,283,0,720,0.598006644518,283,1.635278776201,3.299538350810,1.827750938570,8.653710247350,0.645833333333,0,1562,17,0.000083657542,0.050000190735,1,5.533945000000,0.060028000000,-0.964204430580,-1.497769713402,0.260071039200,0.860018432140,-0.012863310054,0.039076913148,-0.508601844311
139,139,1413393892.955760478973,1413393892.955760478973,2,1,1,0,0,0,18,0,0,0,-1,1205,581,581,0,717,0.595020746888,581,0.000122070312,2.601483157132,0.746735679807,4.969018932874,0.916666666667,1,1562,17,0.000015354668,0.049999952316,1,5.835494000000,0.120110000000,-0.985743463039,-1.539079189301,0.253418207169,0.865348756313,-0.012078654952,0.038708727807,-0.499527156353
140,140,1413393893.005760431290,1413393893.005760431290,2,1,1,0,0,0,19,0,0,0,-1,1200,360,360,0,706,0.588333333333,360,1.260449568950,2.951024519507,1.537570208805,7.138888888889,0.854166666667,0,1595,18,nan,nan,0,5.113362000000,0.077142000000,-1.006325602531,-1.574076175690,0.247415542603,0.869413137436,-0.011167725548,0.039329599589,-0.492391526699
141,141,1413393893.055760383606,1413393893.055760383606,2,1,1,0,0,0,19,0,0,0,-1,1205,289,289,0,652,0.541078838174,289,1.431381691692,3.212536116450,1.721216721090,7.093425605536,0.854166666667,0,1595,18,0.000053693333,0.049999952316,1,5.226780000000,0.124069000000,-1.028712749481,-1.602619409561,0.243854284286,0.871526300907,-0.010222827084,0.038933366537,-0.488693803549
142,142,1413393893.105760574341,1413393893.105760574341,2,1,1,0,0,0,19,0,0,0,-1,1202,273,273,0,627,0.521630615641,273,1.492733500438,3.223474345111,1.738658673498,7.069597069597,0.770833333333,0,1595,18,0.000135179522,0.050000190735,1,5.041767000000,0.075152000000,-1.051405310631,-1.624116897583,0.241691827774,0.872287154198,-0.009699984454,0.038337893784,-0.487392395735
143,143,1413393893.155760288239,1413393893.155760288239,2,1,1,0,0,0,19,0,0,0,-1,1207,273,273,0,639,0.529411764706,273,1.632627333233,3.390658059768,1.927053420732,6.912087912088,0.770833333333,0,1595,18,0.000190118881,0.049999713898,1,5.262017000000,0.065690000000,-1.074411630630,-1.638546228409,0.241689205170,0.870604217052,-0.009446539916,0.037306219339,-0.490476697683
144,144,1413393893.205760478973,1413393893.205760478973,2,1,1,0,0,0,19,0,0,0,-1,1207,244,244,0,606,0.502071251036,244,1.541348985272,3.381436356241,1.836008169150,8.635245901639,0.791666666667,0,1595,18,0.000198979498,0.050000190735,1,4.962904000000,0.071093000000,-1.097451090813,-1.646375656128,0.243458032608,0.867488086224,-0.007822240703,0.037500232458,-0.495980829000
145,145,1413393893.255760431290,1413393893.255760431290,2,1,1,0,0,0,19,0,0,0,-1,1205,262,262,0,668,0.554356846473,262,1.701916727279,3.459772419800,1.910003172163,8.110687022901,0.833333333333,0,1595,18,0.000204186799,0.049999952316,1,5.338653000000,0.077980000000,-1.120927095413,-1.647821903229,0.246889352798,0.864329040051,-0.007718160283,0.037077590823,-0.501498818398
146,146,1413393893.305760622025,1413393893.305760622025,2,1,1,0,0,0,19,0,0,0,-1,1204,255,255,0,689,0.572259136213,255,1.685211581479,3.142710370498,1.858479772964,8.960784313725,0.770833333333,0,1595,18,0.000131337059,0.050000190735,1,5.250824000000,0.084887000000,-1.144764780998,-1.643328309059,0.251964569092,0.861326456070,-0.009944107383,0.034384362400,-0.506789445877
147,147,1413393893.355760335922,1413393893.355760335922,2,1,1,0,0,0,19,0,0,0,-1,1208,258,258,0,660,0.546357615894,258,1.638931315398,3.124712700348,1.823552792160,9.046511627907,0.770833333333,0,1595,18,0.000128197993,0.049999713898,1,5.928597000000,0.071464000000,-1.168876171112,-1.633703470230,0.258313894272,0.859665036201,-0.013714233413,0.029890909791,-0.509798586369
148,148,1413393893.405760526657,1413393893.405760526657,2,1,1,0,0,0,19,0,0,0,-1,1206,265,265,0,718,0.595356550580,265,1.619074713791,3.031703620984,1.825797328578,8.445283018868,0.750000000000,0,1595,18,0.000079939178,0.050000190735,1,5.469975000000,0.074250000000,-1.192537903786,-1.618546485901,0.265849351883,0.857294619083,-0.017927769572,0.025424987078,-0.513885438442
149,149,1413393893.455760478973,1413393893.455760478973,2,1,1,0,0,0,19,0,0,0,-1,1203,533,533,0,654,0.543640897756,533,0.000086316746,2.884306304358,0.970920192446,5.549718574109,0.916666666667,1,1595,18,0.000078650104,0.049999952316,1,5.360852000000,0.089728000000,-1.215824127197,-1.598586797714,0.273662090302,0.855656027794,-0.021758118644,0.020888002589,-0.516665399075
150,150,1413393893.505760431290,1413393893.505760431290,2,1,1,0,0,0,20,0,0,0,-1,1206,383,383,0,681,0.564676616915,383,1.223650105241,2.904686106079,1.527078611956,7.932114882507,0.875000000000,0,1598,19,nan,nan,0,5.902617000000,0.075432000000,-1.237552046776,-1.565219521523,0.289052009583,0.855299234390,-0.024983968586,0.016326263547,-0.517274022102
151,151,1413393893.555760383606,1413393893.555760383606,2,1,1,0,0,0,20,0,0,0,-1,1210,349,349,0,687,0.567768595041,349,1.354974762694,3.310589297634,1.697147403337,8.349570200573,0.875000000000,0,1598,19,0.000047920206,0.049999952316,1,5.822975000000,0.076338000000,-1.259165406227,-1.537034630775,0.296949863434,0.854194641113,-0.027213212103,0.012607525103,-0.519087731838
152,152,1413393893.605760574341,1413393893.605760574341,2,1,1,0,0,0,20,0,0,0,-1,1205,331,331,0,711,0.590041493776,331,1.527449738930,3.418546967678,1.810140732670,8.851963746224,0.875000000000,0,1598,19,0.000087033834,0.050000190735,1,5.749217000000,0.086774000000,-1.279590129852,-1.504545450211,0.305095076561,0.852828025818,-0.029426671565,0.008813692257,-0.521287679672
153,153,1413393893.655760288239,1413393893.655760288239,2,1,1,0,0,0,20,0,0,0,-1,1205,314,314,0,694,0.575933609959,314,1.705081861513,3.800572588457,1.965338738512,9.917197452229,0.833333333333,0,1598,19,0.000134241374,0.049999713898,1,6.047965000000,0.080856000000,-1.298603773117,-1.468269824982,0.313012242317,0.852859973907,-0.031699825078,0.004617122002,-0.521156191826
154,154,1413393893.705760478973,1413393893.705760478973,2,1,1,0,0,0,20,0,0,0,-1,1202,277,277,0,695,0.578202995008,277,1.653224292227,3.550684572202,1.883597795979,10.967509025271,0.812500000000,0,1598,19,0.000152160355,0.050000190735,1,5.377146000000,0.092878000000,-1.315911531448,-1.427637815475,0.321478247643,0.852320373058,-0.034533195198,0.000739417912,-0.521878302097
155,155,1413393893.755760431290,1413393893.755760431290,2,1,1,0,0,0,20,0,0,0,-1,1204,586,586,0,747,0.620431893688,586,0.000068239379,2.468223592136,0.807070676489,6.170648464164,0.854166666667,1,1598,19,0.000110077948,0.049999952316,1,5.769080000000,0.096099000000,-1.331190109253,-1.382920622826,0.330766081810,0.850388646126,-0.036683090031,-0.002409514505,-0.524869203568
156,156,1413393893.805760622025,1413393893.805760622025,2,1,1,0,0,0,21,0,0,0,-1,1206,409,409,0,768,0.636815920398,409,1.436532102960,3.056027456079,1.720690929088,9.875305623472,0.875000000000,0,1743,20,nan,nan,0,6.431019000000,0.077412000000,-1.343963623047,-1.336364030838,0.342051506042,0.848378777504,-0.037467505783,-0.003442526096,-0.528051078320
157,157,1413393893.855760335922,1413393893.855760335922,2,1,1,0,0,0,21,0,0,0,-1,1201,364,364,0,761,0.633638634471,364,1.624694183785,3.263988581548,1.847966978980,10.703296703297,0.770833333333,0,1743,20,0.000064932574,0.049999713898,1,6.042172000000,0.088389000000,-1.354842066765,-1.283943653107,0.352930307388,0.843527555466,-0.038163542747,-0.003183709458,-0.535718977451
158,158,1413393893.905760526657,1413393893.905760526657,2,1,1,0,0,0,21,0,0,0,-1,1206,606,606,0,795,0.659203980100,606,0.000083709161,2.914316897034,0.968009759599,6.485148514851,0.833333333333,1,1743,20,0.000072562019,0.050000190735,1,6.426961000000,1.053189000000,-1.363633871078,-1.228586196899,0.363827466965,0.838130116463,-0.036631766707,-0.001721662353,-0.544236183167
159,159,1413393893.955760478973,1413393893.955760478973,2,1,1,0,0,0,21,0,0,0,-1,1202,379,379,0,758,0.630615640599,379,1.601072234763,3.258160058792,1.900249211765,11.525065963061,0.750000000000,0,1871,21,0.000110765133,0.049999952316,1,6.898905000000,0.071172000000,-1.370441555977,-1.170672774315,0.375150799751,0.831500589848,-0.035433128476,-0.000174278044,-0.554392576218
160,160,1413393894.005760431290,1413393894.005760431290,2,1,1,0,0,0,22,0,0,0,-1,1204,365,365,0,791,0.656976744186,365,1.370018539579,3.368073371284,1.762546277905,11.841095890411,0.750000000000,0,1824,21,nan,nan,0,6.303848000000,0.068992000000,-1.375158429146,-1.116651535034,0.387565612793,0.826637864113,-0.034913402051,0.001108845929,-0.561649143696
161,161,1413393894.055760383606,1413393894.055760383606,2,1,1,0,0,0,22,0,0,0,-1,1201,594,594,0,785,0.653621981682,594,0.468748309596,2.787617059308,1.006614965563,8.348484848485,0.791666666667,1,1824,21,0.000098122597,0.049999952316,1,6.612799000000,0.103170000000,-1.378892064095,-1.056435585022,0.399075984955,0.823376893997,-0.033393263817,0.001895740861,-0.566508531570
162,162,1413393894.105760574341,1413393894.105760574341,2,1,1,0,0,0,22,0,0,0,-1,1203,387,387,0,793,0.659185369909,387,1.367403830716,3.783393156517,1.809642346610,12.421188630491,0.729166666667,0,1851,22,0.000122234647,0.050000190735,1,7.942588000000,0.092453000000,-1.381232619286,-0.994965732098,0.411269903183,0.820936620235,-0.033094540238,0.002132380148,-0.570055484772
163,163,1413393894.155760288239,1413393894.155760288239,2,1,1,0,0,0,23,0,0,0,-1,1201,670,670,0,816,0.679433805162,670,0.427490542503,2.708935892420,0.947943125086,8.229850746269,0.666666666667,1,1789,21,nan,nan,0,6.089898000000,0.112923000000,-1.385884642601,-0.943285942078,0.426111459732,0.819974064827,-0.033313598484,0.001209089300,-0.571429193020
164,164,1413393894.205760478973,1413393894.205760478973,2,1,1,0,0,0,23,0,0,0,-1,1204,432,432,0,811,0.673588039867,432,1.350240716411,3.545281313955,1.715793060729,13.122685185185,0.687500000000,0,1849,22,0.000071123315,0.050000190735,1,8.262612000000,0.089837000000,-1.385564208031,-0.880926370621,0.438967525959,0.819527804852,-0.033658809960,-0.000185300189,-0.572050035000
165,165,1413393894.255760431290,1413393894.255760431290,2,1,1,0,0,0,24,0,0,0,-1,1202,410,410,0,831,0.691347753744,410,1.268102129633,3.840226357746,1.720369940030,12.453658536585,0.645833333333,0,1782,21,nan,nan,0,6.070716000000,0.092232000000,-1.379509568214,-0.810152351856,0.451826274395,0.819155871868,-0.034361626953,-0.000610180607,-0.572540521622
166,166,1413393894.305760622025,1413393894.305760622025,2,1,1,0,0,0,24,0,0,0,-1,1203,654,654,0,831,0.690773067332,654,0.649637455171,2.552232212040,1.048455103705,8.423547400612,0.687500000000,1,1782,21,0.000037439859,0.050000190735,1,7.148370000000,0.109359000000,-1.375477194786,-0.746518909931,0.464033365250,0.818873941898,-0.035749301314,-0.002335429192,-0.572854340076
167,167,1413393894.355760335922,1413393894.355760335922,2,1,1,0,0,0,24,0,0,0,-1,1201,412,412,0,830,0.691090757702,412,1.405181310692,3.355798453842,1.716101605937,12.548543689320,0.708333333333,0,1839,22,0.000059229085,0.049999713898,1,8.225805000000,0.096905000000,-1.369826912880,-0.682479143143,0.473420441151,0.818464994431,-0.035947009921,-0.002639442682,-0.573424696922
168,168,1413393894.405760526657,1413393894.405760526657,2,1,1,0,0,0,25,0,0,0,-1,1202,684,684,0,824,0.685524126456,684,0.558129561641,2.622325860433,0.998058759034,8.118421052632,0.708333333333,1,1740,21,nan,nan,0,6.956947000000,0.117081000000,-1.365601539612,-0.616217613220,0.476676464081,0.818411827087,-0.035123351961,-0.001400359906,-0.573556065559
169,169,1413393894.455760478973,1413393894.455760478973,2,1,1,0,0,0,25,0,0,0,-1,1202,456,456,0,857,0.712978369384,456,1.294312930046,3.134999812718,1.610133108405,12.221491228070,0.708333333333,0,1812,22,0.000088650682,0.049999952316,1,8.812033000000,0.103238000000,-1.357256531715,-0.550751447678,0.476172149181,0.818114340305,-0.033553689718,0.000269197160,-0.574075877666
170,170,1413393894.505760431290,1413393894.505760431290,2,1,1,0,0,0,26,0,0,0,-1,1201,689,689,0,863,0.718567860117,689,0.491105443725,2.602610238516,0.946753056947,7.573294629898,0.645833333333,1,1714,21,nan,nan,0,7.321755000000,0.143436000000,-1.349132657051,-0.480835676193,0.470199495554,0.817315578461,-0.032044392079,0.002147147432,-0.575294673443
171,171,1413393894.555760383606,1413393894.555760383606,2,1,1,0,0,0,26,0,0,0,-1,1204,434,434,0,841,0.698504983389,434,1.287119287229,3.173684366908,1.600119541489,12.857142857143,0.625000000000,0,1809,22,0.000155418980,0.049999952316,1,11.195194000000,0.114057000000,-1.338137388229,-0.413678646088,0.463308215141,0.816110491753,-0.030391257256,0.005062223878,-0.577073991299
172,172,1413393894.605760574341,1413393894.605760574341,2,1,1,0,0,0,27,0,0,0,-1,1204,675,675,0,840,0.697674418605,675,0.699681089896,2.732426505022,1.091378363178,8.374814814815,0.625000000000,1,1765,21,nan,nan,0,7.728114000000,0.122175000000,-1.328473806381,-0.349669843912,0.452807575464,0.815642535686,-0.028501190245,0.007710217033,-0.577802300453
173,173,1413393894.655760288239,1413393894.655760288239,2,1,1,0,0,0,27,0,0,0,-1,1203,436,436,0,820,0.681629260183,436,1.463521578415,3.617939595194,1.805508412786,13.685779816514,0.625000000000,0,1812,22,0.000141530109,0.049999713898,1,7.720226000000,0.118780000000,-1.315327405930,-0.281799942255,0.443015515804,0.814322710037,-0.026971099898,0.009943652898,-0.579700171947
174,174,1413393894.705760478973,1413393894.705760478973,2,1,1,0,0,0,28,0,0,0,-1,1202,681,681,0,809,0.673044925125,681,0.569652592204,2.729700196799,0.996126935332,8.030837004405,0.625000000000,1,1732,21,nan,nan,0,6.862166000000,0.124110000000,-1.301306247711,-0.214632958174,0.429868876934,0.813388824463,-0.025827877223,0.011485749856,-0.581033349037
175,175,1413393894.755760431290,1413393894.755760431290,2,1,1,0,0,0,28,0,0,0,-1,1202,423,423,0,791,0.658069883527,423,1.395063608867,3.378138063871,1.742729285854,12.933806146572,0.604166666667,0,1818,22,0.000163356657,0.049999952316,1,8.095361000000,0.091131000000,-1.286542177200,-0.147061526775,0.420812368393,0.812574088573,-0.024244423956,0.012311145663,-0.582223415375
176,176,1413393894.805760622025,1413393894.805760622025,2,1,1,0,0,0,30,0,0,0,-1,1204,401,401,0,819,0.680232558140,401,1.303985111110,3.230577942711,1.631668878374,12.239401496259,0.645833333333,0,1732,21,nan,nan,0,7.428557000000,0.113554000000,-1.270920515060,-0.082390844822,0.408427536488,0.811143219471,-0.024168115109,0.011296380311,-0.584238827229
177,177,1413393894.855760335922,1413393894.855760335922,2,1,1,0,0,0,32,0,0,0,-1,1202,669,669,0,825,0.686356073211,669,0.322858162012,2.561169575855,0.964332473560,7.588938714499,0.708333333333,1,1732,21,nan,nan,0,7.617577000000,0.117964000000,-1.254807710648,-0.015144705772,0.401246398687,0.810065031052,-0.023571599275,0.011237056926,-0.585758268833
178,178,1413393894.905760526657,1413393894.905760526657,2,1,1,0,0,0,32,0,0,0,-1,1202,379,379,0,827,0.688019966722,379,1.312200914164,3.399491008348,1.650722707780,13.163588390501,0.645833333333,0,1838,22,0.000142747929,0.050000190735,1,10.148231000000,0.122719000000,-1.238424420357,0.051878899336,0.395078182220,0.808297038078,-0.022148974240,0.011503034271,-0.588245749474
179,179,1413393894.955760478973,1413393894.955760478973,2,1,1,0,0,0,33,0,0,0,-1,1201,663,663,0,810,0.674437968360,663,0.357704853124,2.576373768644,0.952427127779,7.179487179487,0.687500000000,1,1732,21,nan,nan,0,6.919085000000,0.118125000000,-1.227970361710,0.119422316551,0.384403288364,0.805033922195,-0.021115947515,0.012822999619,-0.592714250088
180,180,1413393895.005760431290,1413393895.005760431290,2,1,1,0,0,0,33,0,0,0,-1,1203,403,403,0,798,0.663341645885,403,1.373222672182,3.396631394879,1.720265778044,11.779156327543,0.687500000000,0,1852,22,0.000144789417,0.049999952316,1,8.225693000000,0.136064000000,-1.210763812065,0.185496807098,0.380252420902,0.801552057266,-0.019957123324,0.013334201649,-0.597443223000
181,181,1413393895.055760383606,1413393895.055760383606,2,1,1,0,0,0,34,0,0,0,-1,1202,693,693,0,817,0.679700499168,693,0.635764123462,2.667671150912,1.019497166989,7.386724386724,0.708333333333,1,1811,21,nan,nan,0,6.890645000000,0.139987000000,-1.195697426796,0.250095635653,0.375905573368,0.797900736332,-0.019072961062,0.013338305987,-0.602339386940
182,182,1413393895.105760574341,1413393895.105760574341,2,1,1,0,0,0,34,0,0,0,-1,1202,393,393,0,740,0.615640599002,393,1.568105043108,3.547053834353,1.938778201134,12.335877862595,0.729166666667,0,1885,22,0.000152418826,0.050000190735,1,8.487428000000,0.127045000000,-1.178086996078,0.314342945814,0.372706770897,0.796924710274,-0.017653565854,0.014257376082,-0.603652358055
183,183,1413393895.155760288239,1413393895.155760288239,2,1,1,0,0,0,35,0,0,0,-1,1201,625,625,0,734,0.611157368859,625,0.646048653267,2.738761631109,1.038382434424,7.196800000000,0.729166666667,1,1794,21,nan,nan,0,7.440453000000,0.155639000000,-1.159632921219,0.376415252686,0.368460416794,0.797524690628,-0.016417440027,0.015072737820,-0.602874577045
184,184,1413393895.205760478973,1413393895.205760478973,2,1,1,0,0,0,35,0,0,0,-1,1203,388,388,0,721,0.599334995844,388,1.511881346360,3.476072334599,1.854764072836,11.000000000000,0.666666666667,0,1884,22,0.000136745875,0.050000190735,1,7.866603000000,0.095921000000,-1.141822338104,0.437968492508,0.366448611021,0.799478948116,-0.015735175461,0.014669615775,-0.600308895111
185,185,1413393895.255760431290,1413393895.255760431290,2,1,1,0,0,0,36,0,0,0,-1,1201,601,601,0,711,0.592006661116,601,0.250831519418,2.966935618498,1.010512443222,6.876871880200,0.708333333333,1,1777,21,nan,nan,0,6.931545000000,0.123312000000,-1.125884652138,0.495453894138,0.364242345095,0.800566911697,-0.015187853016,0.015349615365,-0.598854124546
186,186,1413393895.305760622025,1413393895.305760622025,2,1,1,0,0,0,36,0,0,0,-1,1205,369,369,0,657,0.545228215768,369,1.491151209893,3.506423107811,1.804155142600,10.468834688347,0.729166666667,0,1910,22,0.000110909452,0.050000190735,1,8.784096000000,0.092730000000,-1.108167290688,0.555170416832,0.361957013607,0.800015330315,-0.014715154655,0.015055160969,-0.599610090256
187,187,1413393895.355760335922,1413393895.355760335922,2,1,1,0,0,0,37,0,0,0,-1,1205,625,625,0,684,0.567634854772,625,0.340273783719,2.579233494005,0.918012287135,6.296000000000,0.729166666667,1,1797,21,nan,nan,0,7.373282000000,0.129492000000,-1.091174483299,0.610364675522,0.355342686176,0.798474192619,-0.014114630409,0.015707435086,-0.601658642292
188,188,1413393895.405760526657,1413393895.405760526657,2,1,1,0,0,0,37,0,0,0,-1,1204,374,374,0,677,0.562292358804,374,1.343688369125,3.330164618406,1.673860821002,10.852941176471,0.666666666667,0,1942,22,0.000099484801,0.050000190735,1,8.803873000000,0.188790000000,-1.073571681976,0.667314529419,0.349655508995,0.796540558338,-0.014218626544,0.015679476783,-0.604214549065
189,189,1413393895.455760478973,1413393895.455760478973,2,1,1,0,0,0,38,0,0,0,-1,1205,625,625,0,663,0.550207468880,625,0.365443752320,2.672820249557,0.921217922325,6.481600000000,0.708333333333,1,1857,21,nan,nan,0,6.437597000000,0.121466000000,-1.058589935303,0.722299516201,0.341744661331,0.795861124992,-0.014030467719,0.017069172114,-0.605076014996
190,190,1413393895.505760431290,1413393895.505760431290,2,1,1,0,0,0,38,0,0,0,-1,1195,358,358,0,660,0.552301255230,358,1.391104608117,3.345041571888,1.736552641662,10.494413407821,0.687500000000,0,1994,22,0.000040632167,0.049999952316,1,6.877595000000,0.103374000000,-1.040621161461,0.776165664196,0.331485033035,0.794724643230,-0.015736805275,0.018381038681,-0.606487751007
191,191,1413393895.555760383606,1413393895.555760383606,2,1,1,0,0,0,39,0,0,0,-1,1203,347,347,0,644,0.535328345802,347,1.496164209746,3.625332182851,1.867868310595,10.512968299712,0.729166666667,0,1962,22,nan,nan,0,6.361433000000,0.101610000000,-1.022009372711,0.828960478306,0.319069147110,0.795191764832,-0.019212683663,0.020400565118,-0.605710208416
192,192,1413393895.605760574341,1413393895.605760574341,2,1,1,0,0,0,39,0,0,0,-1,1200,617,617,0,655,0.545833333333,617,0.000158757416,2.994481054216,0.999016974312,6.609400324149,0.687500000000,1,1962,22,0.000138006901,0.050000190735,1,7.224062000000,0.120297000000,-1.003645658493,0.880173981190,0.308656275272,0.795215249062,-0.024444192648,0.021916842088,-0.605437695980
193,193,1413393895.655760288239,1413393895.655760288239,2,1,1,0,0,0,39,0,0,0,-1,1203,341,341,0,677,0.562759767249,341,1.507028773807,3.885040948187,1.900358605345,10.882697947214,0.645833333333,0,2079,23,0.000123678634,0.049999713898,1,7.865051000000,0.090329000000,-0.984851419926,0.929959297180,0.299234271049,0.795261025429,-0.028881667182,0.026815999299,-0.604984939098
194,194,1413393895.705760478973,1413393895.705760478973,2,1,1,0,0,0,40,0,0,0,-1,1202,591,591,0,650,0.540765391015,591,0.001575132800,2.638142783702,0.928660554027,6.379018612521,0.666666666667,1,1979,22,nan,nan,0,6.261993000000,0.109321000000,-0.965915024281,0.979774415493,0.291072726250,0.792667448521,-0.033741336316,0.033739402890,-0.607784211636
195,195,1413393895.755760431290,1413393895.755760431290,2,1,1,0,0,0,40,0,0,0,-1,1201,330,330,0,708,0.589508742714,330,1.698853448099,4.064264569689,2.078938969889,10.569696969697,0.604166666667,0,2080,23,0.000154526992,0.049999952316,1,7.168968000000,0.082402000000,-0.946660876274,1.027054548264,0.284134626389,0.791206657887,-0.040899343789,0.039530977607,-0.608897924423
196,196,1413393895.805760622025,1413393895.805760622025,2,1,1,0,0,0,41,0,0,0,-1,1200,652,652,0,722,0.601666666667,652,0.000091552734,2.564466839236,0.816849792530,5.576687116564,0.645833333333,1,1950,22,nan,nan,0,5.841939000000,0.114689000000,-0.927147269249,1.077177762985,0.278547763824,0.788803577423,-0.049396593124,0.046395398676,-0.610898017883
197,197,1413393895.855760335922,1413393895.855760335922,2,1,1,0,0,0,41,0,0,0,-1,1157,331,331,0,741,0.640449438202,331,1.434713075440,3.687221821734,1.854267274707,10.776435045317,0.625000000000,0,2067,23,0.000087646120,0.049999713898,1,6.936875000000,0.097870000000,-0.907190740108,1.122538566589,0.274327635765,0.787072956562,-0.059469353408,0.054648522288,-0.611549794674
198,198,1413393895.905760526657,1413393895.905760526657,2,1,1,0,0,0,42,0,0,0,-1,1111,619,619,0,708,0.637263726373,619,0.000091552734,2.776644440163,0.871494133022,5.948303715670,0.583333333333,1,1952,22,nan,nan,0,6.625264000000,0.121095000000,-0.887166857719,1.167945146561,0.270840525627,0.785704076290,-0.070524670184,0.065134108067,-0.611107945442
199,199,1413393895.955760478973,1413393895.955760478973,2,1,1,0,0,0,42,0,0,0,-1,1017,325,325,0,677,0.665683382498,325,1.467801252103,3.779156283740,1.913690971365,10.436923076923,0.500000000000,0,1999,23,0.000160502692,0.049999952316,1,7.220145000000,0.113280000000,-0.867484092712,1.207833528519,0.268219828606,0.784496307373,-0.084494896233,0.074171148241,-0.609856486320
200,200,1413393896.005760431290,1413393896.005760431290,2,1,1,0,0,0,43,0,0,0,-1,1090,641,641,0,726,0.666055045872,641,0.000096505056,2.723767534387,0.903202130965,5.834633385335,0.541666666667,1,1970,23,nan,nan,0,5.662642000000,1.239684000000,-0.846328735352,1.251212954521,0.262631297112,0.784246027470,-0.097497798502,0.087146647274,-0.606512844563
201,201,1413393896.055760383606,1413393896.055760383606,2,1,1,0,0,0,43,0,0,0,-1,1021,335,335,0,671,0.657198824682,335,1.759315129546,3.754043396695,1.967859724590,10.982089552239,0.520833333333,0,2012,24,0.000157030081,0.049999952316,1,6.401886000000,0.128312000000,-0.827089786530,1.287423610687,0.259461283684,0.782797634602,-0.112663619220,0.099992364645,-0.603768467903
202,202,1413393896.105760574341,1413393896.105760574341,2,1,1,0,0,0,44,0,0,0,-1,1012,592,592,0,714,0.705533596838,592,0.000189320646,2.805505552029,0.946959396226,6.025337837838,0.541666666667,1,1913,22,nan,nan,0,5.645157000000,0.104421000000,-0.810204505920,1.321719646454,0.257204771042,0.780185639858,-0.128393813968,0.115400195122,-0.601255595684
203,203,1413393896.155760288239,1413393896.155760288239,2,1,1,0,0,0,44,0,0,0,-1,1034,311,311,0,736,0.711798839458,311,1.627719979203,3.666528299098,1.971409923959,10.993569131833,0.479166666667,0,1983,23,0.000068772715,0.049999713898,1,7.228251000000,0.204966000000,-0.792480766773,1.354961156845,0.255972027779,0.776437819004,-0.144920289516,0.128171309829,-0.599762201309
204,204,1413393896.205760478973,1413393896.205760478973,2,1,1,0,0,0,45,0,0,0,-1,970,616,616,0,696,0.717525773196,616,0.000183105469,2.921776120958,0.974081686089,5.868506493506,0.520833333333,1,1905,22,nan,nan,0,5.864201000000,0.121352000000,-0.774616003036,1.395517706871,0.256381869316,0.771732866764,-0.160613283515,0.142829298973,-0.598524570465
205,205,1413393896.255760431290,1413393896.255760431290,2,1,1,0,0,0,45,0,0,0,-1,1100,339,339,0,781,0.710000000000,339,1.449382755030,3.467717742229,1.813672032043,10.722713864307,0.500000000000,0,1984,23,0.000025330068,0.049999952316,1,6.107776000000,0.081095000000,-0.758040249348,1.425764441490,0.256795763969,0.763955295086,-0.176354870200,0.158520460129,-0.600118875504
206,206,1413393896.305760622025,1413393896.305760622025,2,1,1,0,0,0,46,0,0,0,-1,1060,657,657,0,784,0.739622641509,657,0.000244140625,2.657666806575,0.899277714915,5.613394216134,0.562500000000,1,1894,22,nan,nan,0,5.570117000000,0.139276000000,-0.742261826992,1.457844018936,0.255481719971,0.756716787815,-0.191814318299,0.173472866416,-0.600411772728
207,207,1413393896.355760335922,1413393896.355760335922,2,1,1,0,0,0,46,0,0,0,-1,1039,357,357,0,717,0.690086621752,357,1.522039378640,3.578654705978,1.883527758331,8.672268907563,0.541666666667,0,2059,23,0.000097118711,0.049999713898,1,7.371682000000,0.077522000000,-0.728667140007,1.483812332153,0.256861329079,0.748845040798,-0.208009287715,0.187990605831,-0.600518822670
208,208,1413393896.405760526657,1413393896.405760526657,2,1,1,0,0,0,47,0,0,0,-1,1046,620,620,0,731,0.698852772467,620,0.299862318312,2.760179665152,0.990935020702,5.217741935484,0.520833333333,1,2045,23,nan,nan,0,5.194970000000,0.116215000000,-0.716100990772,1.510207414627,0.260813832283,0.740277409554,-0.226745426655,0.199691608548,-0.600582420826
209,209,1413393896.455760478973,1413393896.455760478973,2,1,1,0,0,0,47,0,0,0,-1,1188,380,380,0,803,0.675925925926,380,1.637872999044,3.641848840144,1.936640053787,9.100000000000,0.416666666667,0,2123,24,0.000238562236,0.049999952316,1,6.725332000000,0.079309000000,-0.707123756409,1.530572175980,0.265952825546,0.731005728245,-0.249127879739,0.205715432763,-0.601038455963
210,210,1413393896.505760431290,1413393896.505760431290,2,1,1,0,0,0,48,0,0,0,-1,1189,338,338,0,792,0.666105971405,338,1.620731535074,3.762989552822,1.970312658938,8.177514792899,0.500000000000,0,2036,22,nan,nan,0,5.552355000000,0.070963000000,-0.701975703239,1.547761678696,0.272913932800,0.724165737629,-0.271584331989,0.211527436972,-0.597563564777
211,211,1413393896.555760383606,1413393896.555760383606,2,1,1,0,0,0,48,0,0,0,-1,1168,647,647,0,774,0.662671232877,647,0.000204718138,3.191581293777,1.043472474772,4.972179289026,0.562500000000,1,2036,22,0.000308372459,0.049999952316,1,6.387607000000,0.116966000000,-0.697011888027,1.560470104218,0.279563069344,0.718245089054,-0.295929372311,0.215163931251,-0.591822981834
212,212,1413393896.605760574341,1413393896.605760574341,2,1,1,0,0,0,48,0,0,0,-1,1201,391,391,0,817,0.680266444629,391,1.705776693080,3.766598437651,2.037526578101,7.578005115090,0.541666666667,0,2204,23,0.000539522676,0.050000190735,1,7.419310000000,0.084138000000,-0.692587375641,1.570472359657,0.286048650742,0.713314712048,-0.318813443184,0.219533890486,-0.584247469902
213,213,1413393896.655760288239,1413393896.655760288239,2,1,1,0,0,0,49,0,0,0,-1,1200,419,419,0,790,0.658333333333,419,1.698014603293,3.551370709189,1.937659640495,7.257756563246,0.562500000000,0,2111,22,nan,nan,0,5.774698000000,0.085136000000,-0.688045740128,1.589718103409,0.291597962379,0.708818435669,-0.340473860502,0.224586799741,-0.575512588024
214,214,1413393896.705760478973,1413393896.705760478973,2,1,1,0,0,0,49,0,0,0,-1,1201,381,381,0,804,0.669442131557,381,1.847938142084,3.741370340363,2.116683473799,7.236220472441,0.541666666667,0,2111,22,0.000340896921,0.050000190735,1,6.661363000000,0.120253000000,-0.683360040188,1.595144271851,0.299159049988,0.702853441238,-0.362456321716,0.228173181415,-0.567943215370
215,215,1413393896.755760431290,1413393896.755760431290,2,1,1,0,0,0,49,0,0,0,-1,1202,358,358,0,792,0.658901830283,358,1.862213356634,3.605984054050,2.072565958290,7.254189944134,0.520833333333,0,2111,22,0.000574616191,0.049999952316,1,6.185900000000,0.072277000000,-0.678157091141,1.597795963287,0.307339847088,0.696479201317,-0.384366750717,0.230511426926,-0.560395777225
216,216,1413393896.805760622025,1413393896.805760622025,2,1,1,0,0,0,49,0,0,0,-1,1200,347,347,0,806,0.671666666667,347,2.002978009574,4.022712736185,2.231743112212,7.265129682997,0.562500000000,0,2111,22,0.000596206752,0.050000190735,1,6.072650000000,0.079867000000,-0.672069966793,1.597597599030,0.316292405128,0.689388155937,-0.405081927776,0.232935205102,-0.553528606892
217,217,1413393896.855760335922,1413393896.855760335922,2,1,1,0,0,0,49,0,0,0,-1,1201,593,593,0,765,0.636969192340,593,0.649666684714,3.362169819451,1.199285343799,4.816188870152,0.687500000000,1,2111,22,0.000844425813,0.049999713898,1,6.512075000000,0.101323000000,-0.665144026279,1.594714760780,0.324948012829,0.683246016502,-0.425923764706,0.234295159578,-0.544857382774
218,218,1413393896.905760526657,1413393896.905760526657,2,1,1,0,0,0,49,0,0,0,-1,1201,385,385,0,745,0.620316402998,385,1.858375892525,3.816939398414,2.091472519493,7.594805194805,0.645833333333,0,2192,23,0.000448257517,0.050000190735,1,6.850703000000,0.076232000000,-0.656538367271,1.587934732437,0.333366453648,0.678356826305,-0.446571469307,0.235569790006,-0.533772289753
219,219,1413393896.955760478973,1413393896.955760478973,2,1,1,0,0,0,50,0,0,0,-1,1200,365,365,0,806,0.671666666667,365,1.751338451487,3.682782672693,1.976139111244,7.641095890411,0.562500000000,0,2166,23,nan,nan,0,5.814449000000,0.073749000000,-0.633643984795,1.606984615326,0.343158304691,0.676312923431,-0.464983850718,0.239288821816,-0.518779098988
220,220,1413393897.005760431290,1413393897.005760431290,2,1,1,0,0,0,50,0,0,0,-1,1200,339,339,0,802,0.668333333333,339,1.961840092542,3.904288606569,2.176584418490,7.805309734513,0.604166666667,0,2166,23,0.000332186610,0.049999952316,1,6.031958000000,0.069946000000,-0.619041562080,1.594138860703,0.348566412926,0.679103553295,-0.478924900293,0.243844896555,-0.499989092350
221,221,1413393897.055760383606,1413393897.055760383606,2,1,1,0,0,0,50,0,0,0,-1,1201,606,606,0,809,0.673605328893,606,0.000314916161,3.208994704600,1.061745695913,4.896039603960,0.625000000000,1,2166,23,0.000351194380,0.049999952316,1,5.985096000000,0.109360000000,-0.601447939873,1.578778982162,0.351299881935,0.686415672302,-0.487513929605,0.252175390720,-0.477044463158
222,222,1413393897.105760574341,1413393897.105760574341,2,1,1,0,0,0,50,0,0,0,-1,1200,426,426,0,822,0.685000000000,426,1.783717410031,3.997103691148,2.056772838856,7.640845070423,0.604166666667,0,2281,24,0.000968514010,0.050000190735,1,7.090554000000,0.096545000000,-0.579946279526,1.562936067581,0.352594763041,0.693988263607,-0.489912450314,0.265219092369,-0.456097483635
223,223,1413393897.155760288239,1413393897.155760288239,2,1,1,0,0,0,51,0,0,0,-1,1200,414,414,0,800,0.666666666667,414,1.814424722135,3.892272851070,2.084159443948,6.502415458937,0.604166666667,0,2180,22,nan,nan,0,5.938980000000,0.096097000000,-0.557108640671,1.563922762871,0.356390893459,0.700052738190,-0.488380134106,0.282310038805,-0.437849521637
224,224,1413393897.205760478973,1413393897.205760478973,2,1,1,0,0,0,51,0,0,0,-1,1185,495,495,0,648,0.546835443038,495,0.829530144621,4.070148606262,1.443262720704,4.717171717172,0.562500000000,1,2180,22,0.000286909199,0.050000190735,1,6.032687000000,0.085893000000,-0.527285218239,1.548949837685,0.355740934610,0.704206943512,-0.481543958187,0.302065521479,-0.425399094820
225,225,1413393897.255760431290,1413393897.255760431290,2,1,1,0,0,0,51,0,0,0,-1,1178,332,332,0,611,0.518675721562,332,1.895582669628,4.471760953905,2.221745989143,6.801204819277,0.458333333333,0,2276,23,0.000287858857,0.049999952316,1,6.398473000000,0.074716000000,-0.494080424309,1.535997271538,0.355404675007,0.705525219440,-0.470153123140,0.324865639210,-0.419109284878
226,226,1413393897.305760622025,1413393897.305760622025,2,1,1,0,0,0,52,0,0,0,-1,1095,488,488,0,546,0.498630136986,488,1.310370490451,3.561008811250,1.527945313144,5.247950819672,0.562500000000,1,2230,23,nan,nan,0,5.297799000000,0.091126000000,-0.461956381798,1.542792677879,0.357841402292,0.704536318779,-0.455576330423,0.349055767059,-0.417419344187
227,227,1413393897.355760335922,1413393897.355760335922,2,1,1,0,0,0,52,0,0,0,-1,1195,332,332,0,767,0.641841004184,332,2.049655821651,4.044481629522,2.272606133093,8.340361445783,0.541666666667,0,2223,24,0.000183084470,0.049999713898,1,5.695344000000,0.078612000000,-0.425971865654,1.538151860237,0.359512686729,0.701002836227,-0.444052457809,0.367231637239,-0.420182585716
228,228,1413393897.405760526657,1413393897.405760526657,2,1,1,0,0,0,53,0,0,0,-1,1199,623,623,0,811,0.676396997498,623,0.000133241647,3.099993704930,1.069307977303,4.426966292135,0.625000000000,1,2081,22,nan,nan,0,5.177905000000,0.099388000000,-0.390074372292,1.552046895027,0.357284188271,0.695419311523,-0.438927024603,0.376859366894,-0.426277041435
229,229,1413393897.455760478973,1413393897.455760478973,2,1,1,0,0,0,54,0,0,0,-1,1197,432,432,0,802,0.670008354219,432,1.442808319012,3.419738896787,1.771543050395,6.798611111111,0.625000000000,0,2215,23,nan,nan,0,6.494190000000,0.076026000000,-0.354996919632,1.561704874039,0.363584876060,0.688866078854,-0.438711106777,0.378573507071,-0.435520738363
230,230,1413393897.505760431290,1413393897.505760431290,2,1,1,0,0,0,54,0,0,0,-1,1202,399,399,0,785,0.653078202995,399,1.643873099164,3.860711297107,1.958493385107,7.100250626566,0.520833333333,0,2215,23,0.000145062935,0.049999952316,1,5.786116000000,0.077082000000,-0.320111513138,1.571858048439,0.366491675377,0.682599604130,-0.440374553204,0.376441776752,-0.445443153381
231,231,1413393897.555760383606,1413393897.555760383606,2,1,1,0,0,0,54,0,0,0,-1,1201,636,636,0,765,0.636969192340,636,0.674593208617,3.222007207937,1.202174572803,4.875786163522,0.604166666667,1,2215,23,0.000211651131,0.049999952316,1,6.489691000000,0.114971000000,-0.286010146141,1.584753632545,0.369119524956,0.677957952023,-0.442003816366,0.373559981585,-0.453275471926
232,232,1413393897.605760574341,1413393897.605760574341,2,1,1,0,0,0,54,0,0,0,-1,1200,427,427,0,748,0.623333333333,427,1.636354364026,4.005911933334,2.034214604154,7.644028103044,0.625000000000,0,2309,24,0.000331685005,0.050000190735,1,6.470794000000,0.084567000000,-0.253047227859,1.599906086922,0.371333718300,0.675512135029,-0.445276796818,0.368311554193,-0.457994103432
233,233,1413393897.655760288239,1413393897.655760288239,2,1,1,0,0,0,55,0,0,0,-1,1203,415,415,0,756,0.628428927681,415,1.679573986742,3.625918910463,2.024269665437,6.633734939759,0.625000000000,0,2175,22,nan,nan,0,5.836087000000,0.100257000000,-0.220934629440,1.622119188309,0.375022470951,0.674802899361,-0.447315037251,0.364436954260,-0.460147827864
234,234,1413393897.705760478973,1413393897.705760478973,2,1,1,0,0,0,55,0,0,0,-1,1201,594,594,0,735,0.611990008326,594,0.954813023541,3.103864702561,1.280758605415,5.087542087542,0.645833333333,1,2175,22,0.000294610829,0.050000190735,1,6.211749000000,0.142678000000,-0.189349055290,1.641353845596,0.377247214317,0.675290584564,-0.448542892933,0.360543489456,-0.461302816868
235,235,1413393897.755760431290,1413393897.755760431290,2,1,1,0,0,0,55,0,0,0,-1,1204,413,413,0,730,0.606312292359,413,1.724874168321,3.792641673873,2.027687773112,8.246973365617,0.645833333333,0,2231,23,0.000299557054,0.049999952316,1,6.204536000000,0.087394000000,-0.157760262489,1.661964774132,0.380206465721,0.675990939140,-0.448728233576,0.358834624290,-0.461429357529
236,236,1413393897.805760622025,1413393897.805760622025,2,1,1,0,0,0,56,0,0,0,-1,1202,636,636,0,744,0.618968386023,636,0.599001234207,3.016422999376,1.092464262699,4.775157232704,0.666666666667,1,2120,22,nan,nan,0,5.612303000000,0.113389000000,-0.117350459099,1.691078662872,0.392346978188,0.677854597569,-0.447454333305,0.358120739460,-0.460485994816
237,237,1413393897.855760335922,1413393897.855760335922,2,1,1,0,0,0,56,0,0,0,-1,1203,401,401,0,734,0.610141313383,401,1.363879667138,3.530568753945,1.757000935338,7.915211970075,0.666666666667,0,2221,23,0.000152568013,0.049999713898,1,6.360192000000,0.075109000000,-0.085110545158,1.714612603188,0.396627068520,0.678283989429,-0.446590781212,0.359746843576,-0.459423363209
238,238,1413393897.905760526657,1413393897.905760526657,2,1,1,0,0,0,57,0,0,0,-1,1205,615,615,0,736,0.610788381743,615,0.789611484386,2.965472035589,1.172797161774,5.765853658537,0.666666666667,1,2189,23,nan,nan,0,5.935968000000,0.101541000000,-0.055877923965,1.741134285927,0.406069397926,0.678510785103,-0.446973264217,0.362306356430,-0.456696957350
239,239,1413393897.955760478973,1413393897.955760478973,2,1,1,0,0,0,57,0,0,0,-1,1201,407,407,0,724,0.602830974188,407,1.524704619023,3.702749367511,1.887335704874,8.960687960688,0.604166666667,0,2260,24,0.000140087257,0.049999952316,1,8.013882000000,0.098648000000,-0.023465991020,1.767180323601,0.411408424377,0.677860140800,-0.447525143623,0.367868691683,-0.452658385038
240,240,1413393898.005760431290,1413393898.005760431290,2,1,1,0,0,0,58,0,0,0,-1,1204,638,638,0,724,0.601328903654,638,0.730205081441,3.062559825309,1.139595786537,5.507836990596,0.604166666667,1,2104,22,nan,nan,0,5.846821000000,0.110922000000,0.008300662041,1.795965790749,0.419363856316,0.675930917263,-0.449006080627,0.375803083181,-0.447530001402
241,241,1413393898.055760383606,1413393898.055760383606,2,1,1,0,0,0,58,0,0,0,-1,1201,383,383,0,771,0.641965029142,383,1.480979990003,3.956641186274,1.964201066329,8.973890339426,0.583333333333,0,2195,23,0.000131045235,0.049999952316,1,5.896741000000,0.077746000000,0.040266752243,1.825268983841,0.425284743309,0.672175645828,-0.451144158840,0.386414915323,-0.441964328289
242,242,1413393898.105760574341,1413393898.105760574341,2,1,1,0,0,0,59,0,0,0,-1,1202,610,610,0,743,0.618136439268,610,0.522167255032,2.777543172308,1.056730961009,5.309836065574,0.645833333333,1,2104,22,nan,nan,0,6.027457000000,0.114902000000,0.068151712418,1.859070062637,0.436782956123,0.664375543594,-0.452718824148,0.399704307318,-0.440326392651
243,243,1413393898.155760288239,1413393898.155760288239,2,1,1,0,0,0,59,0,0,0,-1,1204,308,308,0,751,0.623754152824,308,1.974745231240,3.925318175547,2.219475706761,8.847402597403,0.562500000000,0,2215,23,0.000098161450,0.049999713898,1,5.948280000000,0.066190000000,0.097912907600,1.893240451813,0.446043133736,0.651413619518,-0.455600112677,0.413094729185,-0.444343954325
244,244,1413393898.205760478973,1413393898.205760478973,2,1,1,0,0,0,60,0,0,0,-1,1204,542,542,0,675,0.560631229236,542,0.000129475119,2.732960573520,0.949622925859,4.793357933579,0.583333333333,1,2098,22,nan,nan,0,4.893932000000,0.092500000000,0.121781468391,1.933372735977,0.459226012230,0.634890317917,-0.460274904966,0.425535291433,-0.451642632484
245,245,1413393898.255760431290,1413393898.255760431290,2,1,1,0,0,0,61,0,0,0,-1,1204,312,312,0,692,0.574750830565,312,1.689015938549,3.808686494456,1.966600333878,8.227564102564,0.479166666667,0,2207,23,nan,nan,0,5.411006000000,0.090667000000,0.144616961479,1.975263595581,0.473422527313,0.616303563118,-0.463926911354,0.437529563904,-0.462071061134
246,246,1413393898.305760622025,1413393898.305760622025,2,1,1,0,0,0,61,0,0,0,-1,1198,572,572,0,706,0.589315525876,572,0.000068239379,2.809594075287,0.900249112066,4.849650349650,0.520833333333,1,2207,23,0.000057507463,0.050000190735,1,5.921039000000,0.162012000000,0.164557933807,2.016058683395,0.486834406853,0.598071396351,-0.467662721872,0.446300446987,-0.473727881908
247,247,1413393898.355760335922,1413393898.355760335922,2,1,1,0,0,0,61,0,0,0,-1,1186,350,350,0,764,0.644182124789,350,1.467155215206,3.608663225935,1.819026650103,7.845714285714,0.479166666667,0,2374,24,0.000153226414,0.049999713898,1,6.257729000000,0.959557000000,0.179973363876,2.058279752731,0.500821590424,0.578619062901,-0.472432166338,0.451366454363,-0.488135457039
248,248,1413393898.405760526657,1413393898.405760526657,2,1,1,0,0,0,62,0,0,0,-1,1121,642,642,0,747,0.666369313113,642,0.000097703922,2.623906210093,0.809426960539,3.900311526480,0.583333333333,1,2067,17,nan,nan,0,5.407113000000,0.103986000000,0.196940898895,2.103199481964,0.518885374069,0.559508800507,-0.475465059280,0.455639183521,-0.503265142441
249,249,1413393898.455760478973,1413393898.455760478973,2,1,1,0,0,0,62,0,0,0,-1,1033,316,316,0,725,0.701839303001,316,1.617220323961,3.886126372970,1.992542689350,6.224683544304,0.520833333333,0,2353,22,0.000063414671,0.049999952316,1,5.301733000000,0.076353000000,0.201134920120,2.145812273026,0.533887743950,0.540349245071,-0.477728545666,0.457357317209,-0.520213901997
250,250,1413393898.505760431290,1413393898.505760431290,2,1,1,0,0,0,63,0,0,0,-1,1044,618,618,0,729,0.698275862069,618,0.000136478758,2.515352949738,0.800483535195,3.516181229773,0.666666666667,1,1818,14,nan,nan,0,4.854119000000,0.148708000000,0.199275493622,2.187077760696,0.548372268677,0.526287496090,-0.482867509127,0.454692751169,-0.532085597515
251,251,1413393898.555760383606,1413393898.555760383606,2,1,1,0,0,0,64,0,0,0,-1,1043,295,295,0,742,0.711409395973,295,1.826388492652,3.400426802050,1.937345636435,6.332203389831,0.500000000000,0,1725,13,nan,nan,0,4.945277000000,0.088408000000,0.184270381927,2.223969221115,0.556007504463,0.522877573967,-0.495848327875,0.439974278212,-0.535869598389
252,252,1413393898.605760574341,1413393898.605760574341,2,1,1,0,0,0,64,0,0,0,-1,1078,585,585,0,771,0.715213358071,585,0.000082171094,3.179796928640,0.901840883590,4.025641025641,0.541666666667,1,2008,14,0.000046491816,0.050000190735,1,5.298198000000,0.125416000000,0.168587923050,2.260452747345,0.558853149414,0.530707538128,-0.512187540531,0.422287255526,-0.526960015297
253,253,1413393898.655760288239,1413393898.655760288239,2,1,1,0,0,0,64,0,0,0,-1,1096,238,238,0,773,0.705291970803,238,2.150400308040,4.396258534894,2.383571534319,8.495798319328,0.395833333333,0,2306,17,0.000064150350,0.049999713898,1,6.315353000000,0.059738000000,0.147526979446,2.293684005737,0.559309482574,0.540886938572,-0.530393600464,0.401655435562,-0.514584183693
254,254,1413393898.705760478973,1413393898.705760478973,2,1,1,0,0,0,65,0,0,0,-1,1130,579,579,0,816,0.722123893805,579,0.000136478758,3.114595554332,0.888717014368,4.324697754750,0.562500000000,1,2217,16,nan,nan,0,5.259336000000,0.208483000000,0.108613967896,2.319474697113,0.553517699242,0.554494619370,-0.547605752945,0.381926923990,-0.496785223484
255,255,1413393898.755760431290,1413393898.755760431290,2,1,1,0,0,0,65,0,0,0,-1,1169,279,279,0,783,0.669803250642,279,2.000327262926,4.418392951157,2.305037605829,8.172043010753,0.437500000000,0,2424,20,0.000052074229,0.049999952316,1,6.522360000000,0.060372000000,0.079838991165,2.345557212830,0.548129558563,0.569312036037,-0.565165162086,0.360501646996,-0.475931584835
256,256,1413393898.805760622025,1413393898.805760622025,2,1,1,0,0,0,66,0,0,0,-1,1192,609,609,0,812,0.681208053691,609,0.000246040581,3.187569916341,1.043856411070,4.366174055829,0.625000000000,1,2363,22,nan,nan,0,6.070515000000,0.097550000000,0.047278165817,2.367671489716,0.540943622589,0.585300147533,-0.582025587559,0.339329838753,-0.451137810946
257,257,1413393898.855760335922,1413393898.855760335922,2,1,1,0,0,0,66,0,0,0,-1,1188,293,293,0,814,0.685185185185,293,1.668767457551,3.790442490427,1.980934298675,7.911262798635,0.541666666667,0,2405,23,0.000093661314,0.049999713898,1,6.392563000000,0.068045000000,0.019773721695,2.386185407639,0.535075604916,0.600042879581,-0.596813738346,0.319904446602,-0.425937861204
258,258,1413393898.905760526657,1413393898.905760526657,2,1,1,0,0,0,67,0,0,0,-1,1203,590,590,0,806,0.669991687448,590,0.000314916161,2.938827201509,1.000907343806,4.889830508475,0.666666666667,1,2357,23,nan,nan,0,6.069519000000,0.107051000000,0.008153438568,2.408837795258,0.530619263649,0.611155331135,-0.609006881714,0.304653614759,-0.403467506170
259,259,1413393898.955760478973,1413393898.955760478973,2,1,1,0,0,0,67,0,0,0,-1,1204,342,342,0,777,0.645348837209,342,1.710440130555,3.707001121910,1.989318869902,8.514619883041,0.604166666667,0,2440,24,0.000097420867,0.049999952316,1,7.612982000000,0.070851000000,-0.008602380753,2.420890569687,0.529392004013,0.621732413769,-0.617300868034,0.293937712908,-0.382085114717
260,260,1413393899.005760431290,1413393899.005760431290,2,1,1,0,0,0,68,0,0,0,-1,1204,479,479,0,604,0.501661129568,479,0.640192401161,3.204038544420,1.226324339269,5.461377870564,0.645833333333,1,2336,23,nan,nan,0,5.638033000000,0.095849000000,-0.018408775330,2.430747270584,0.530821800232,0.631824553013,-0.621931374073,0.288330644369,-0.361752212048
261,261,1413393899.055760383606,1413393899.055760383606,2,1,1,0,0,0,68,0,0,0,-1,1202,323,323,0,774,0.643926788686,323,1.812673489000,3.737132766795,2.074126990435,8.467492260062,0.666666666667,0,2397,24,0.000101935591,0.049999952316,1,6.393521000000,0.064939000000,-0.018058061600,2.437131881714,0.534309625626,0.640325427055,-0.619736433029,0.293642252684,-0.345954418182
262,262,1413393899.105760574341,1413393899.105760574341,2,1,1,0,0,0,69,0,0,0,-1,1203,363,363,0,803,0.667497921862,363,1.727101108205,3.637181231893,1.981751063384,7.980716253444,0.604166666667,0,2298,23,nan,nan,0,6.792017000000,0.083783000000,-0.005903959274,2.444564104080,0.544010460377,0.645862936974,-0.610341906548,0.309791386127,-0.338190972805
263,263,1413393899.155760288239,1413393899.155760288239,2,1,1,0,0,0,69,0,0,0,-1,1163,585,585,0,767,0.659501289768,585,0.000289515167,3.031677241690,1.043250429823,5.029059829060,0.666666666667,1,2298,23,0.000081027931,0.049999713898,1,6.635805000000,0.097851000000,0.015770435333,2.449730157852,0.556892395020,0.643466949463,-0.594733715057,0.336502164602,-0.344976097345
264,264,1413393899.205760478973,1413393899.205760478973,2,1,1,0,0,0,69,0,0,0,-1,1124,221,221,0,612,0.544483985765,221,1.974176728528,4.553440843371,2.389268643908,9.361990950226,0.458333333333,0,2344,24,0.000086010077,0.050000190735,1,6.298543000000,0.060352000000,0.045474529266,2.456137180328,0.574272274971,0.632921457291,-0.575207650661,0.369216471910,-0.363628804684
265,265,1413393899.255760431290,1413393899.255760431290,2,1,1,0,0,0,70,0,0,0,-1,1140,438,438,0,607,0.532456140351,438,0.000130371151,3.281838222930,0.977630887158,4.335616438356,0.541666666667,1,2235,23,nan,nan,0,5.886654000000,0.085503000000,0.078298330307,2.464354515076,0.589370608330,0.616632580757,-0.553568243980,0.401636868715,-0.389890134335
266,266,1413393899.305760622025,1413393899.305760622025,2,1,1,0,0,0,70,0,0,0,-1,1109,166,166,0,570,0.513976555455,166,2.478721179171,5.086784108469,2.732796528483,7.909638554217,0.500000000000,0,2359,24,0.000097490898,0.050000190735,1,5.404531000000,0.052064000000,0.112654685974,2.474516868591,0.611380696297,0.594542384148,-0.531757831573,0.431669533253,-0.421205937862
267,267,1413393899.355760335922,1413393899.355760335922,2,1,1,0,0,0,71,0,0,0,-1,1036,534,534,0,709,0.684362934363,534,0.000061035156,3.141673010430,0.844823385934,4.213483146067,0.479166666667,1,2316,24,nan,nan,0,5.039254000000,0.099051000000,0.139021635056,2.484864950180,0.637849688530,0.572141468525,-0.511662244797,0.455855160952,-0.450612872839
268,268,1413393899.405760526657,1413393899.405760526657,2,1,1,0,0,0,71,0,0,0,-1,998,199,199,0,675,0.676352705411,199,2.058335474959,4.452868817294,2.412317819414,8.924623115578,0.395833333333,0,2435,23,0.000107650405,0.050000190735,1,5.702174000000,0.070096000000,0.166139364243,2.497568130493,0.660030841827,0.551622331142,-0.494764000177,0.472875893116,-0.476770222187
269,269,1413393899.455760478973,1413393899.455760478973,2,1,1,0,0,0,72,0,0,0,-1,918,524,524,0,642,0.699346405229,524,0.000248395090,2.351824592971,0.545431360663,3.293893129771,0.458333333333,1,2216,18,nan,nan,0,4.279171000000,0.093288000000,0.187137842178,2.513784408569,0.685149073601,0.533625602722,-0.481355160475,0.484566003084,-0.498735308647
270,270,1413393899.505760431290,1413393899.505760431290,2,1,1,0,0,0,72,0,0,0,-1,882,177,177,0,564,0.639455782313,177,1.773095694553,3.816574773523,2.064087871172,5.316384180791,0.479166666667,0,1723,15,0.000111001616,0.049999952316,1,3.931023000000,0.060766000000,0.199655294418,2.527640819550,0.708150982857,0.514228761196,-0.469907343388,0.491108983755,-0.523037254810
271,271,1413393899.555760383606,1413393899.555760383606,2,1,1,0,0,0,73,0,0,0,-1,748,500,500,0,543,0.725935828877,500,0.000214167310,2.455728360198,0.591233523868,2.778000000000,0.500000000000,1,1692,15,nan,nan,0,2.901266000000,0.140326000000,0.195798397064,2.533990621567,0.734759211540,0.498127400875,-0.460605472326,0.493655532598,-0.544073581696
272,272,1413393899.605760574341,1413393899.605760574341,2,1,1,0,0,0,74,0,0,0,-1,968,312,312,0,642,0.663223140496,312,1.632229064672,3.170727600289,1.806620910863,4.397435897436,0.416666666667,0,1790,16,nan,nan,0,3.928450000000,0.067818000000,0.187529802322,2.543590068817,0.758475780487,0.486325412989,-0.456509888172,0.491033077240,-0.560332834721
273,273,1413393899.655760288239,1413393899.655760288239,2,1,1,0,0,0,74,0,0,0,-1,1011,296,296,0,734,0.726013847676,296,1.658803883341,3.493471976857,1.909073893468,4.537162162162,0.375000000000,0,1790,16,0.000028553553,0.049999713898,1,4.555568000000,0.078372000000,0.170322179794,2.552606105804,0.775484323502,0.482647359371,-0.459465235472,0.480459541082,-0.570177137852
274,274,1413393899.705760478973,1413393899.705760478973,2,1,1,0,0,0,74,0,0,0,-1,786,262,262,0,572,0.727735368957,262,1.676252184470,3.217674601418,1.821136331913,4.267175572519,0.416666666667,0,1790,16,0.000139420445,0.050000190735,1,4.192591000000,0.061354000000,0.142933130264,2.558828353882,0.788752794266,0.488563239574,-0.468823909760,0.463703393936,-0.571392416954
275,275,1413393899.755760431290,1413393899.755760431290,2,1,1,0,0,0,74,0,0,0,-1,980,196,196,0,685,0.698979591837,196,1.835454555783,3.142820755743,1.962763539184,5.377551020408,0.437500000000,0,1790,16,0.000129297478,0.049999952316,1,4.493757000000,0.060376000000,0.106480121613,2.561717987061,0.798222303391,0.503721177578,-0.486918300390,0.438939839602,-0.562589943409
276,276,1413393899.805760622025,1413393899.805760622025,2,1,1,0,0,0,74,0,0,0,-1,964,446,446,0,588,0.609958506224,446,0.000185631181,2.939513965785,0.807685264506,4.062780269058,0.416666666667,1,1790,16,0.000065013191,0.050000190735,1,4.361292000000,0.148748000000,0.062263965607,2.560648918152,0.806074023247,0.521525144577,-0.506689250469,0.412408262491,-0.548814237118
277,277,1413393899.855760335922,1413393899.855760335922,2,1,1,0,0,0,74,0,0,0,-1,1008,134,134,0,605,0.600198412698,134,2.249683824935,3.959564887998,2.411394597411,9.522388059701,0.354166666667,0,1824,17,0.000045320332,0.049999713898,1,4.731157000000,0.050901000000,0.011887788773,2.555499315262,0.811941742897,0.541008412838,-0.529278099537,0.381298303604,-0.530835390091
278,278,1413393899.905760526657,1413393899.905760526657,2,1,1,0,0,0,75,0,0,0,-1,1034,507,507,0,673,0.650870406190,507,0.000061035156,2.642554206667,0.635584992565,3.542406311637,0.375000000000,1,1693,15,nan,nan,0,4.307039000000,0.088460000000,-0.052051305771,2.553950786591,0.813242673874,0.561865448952,-0.552389085293,0.349117934704,-0.507237792015
279,279,1413393899.955760478973,1413393899.955760478973,2,1,1,0,0,0,76,0,0,0,-1,1103,208,208,0,691,0.626473254760,208,1.874851995424,4.273187290300,2.212648370399,6.552884615385,0.416666666667,0,2230,20,nan,nan,0,7.003079000000,0.064107000000,-0.119982719421,2.542060852051,0.820092260838,0.582813382149,-0.575246453285,0.316403329372,-0.478862226009
280,280,1413393900.005760431290,1413393900.005760431290,2,1,1,0,0,0,76,0,0,0,-1,1117,198,198,0,753,0.674127126231,198,2.010144974002,4.316923237967,2.264917375453,8.409090909091,0.500000000000,0,2230,20,0.000031217849,0.049999952316,1,5.349865000000,0.065871000000,-0.174564599991,2.523860931396,0.821911454201,0.598845481873,-0.594244480133,0.289786428213,-0.451975107193
281,281,1413393900.055760383606,1413393900.055760383606,2,1,1,0,0,0,76,0,0,0,-1,1170,557,557,0,762,0.651282051282,557,0.000082171094,2.703948617691,0.744269133460,4.353680430880,0.562500000000,1,2497,26,0.000123990467,0.049999952316,1,6.174327000000,0.113973000000,-0.224797248840,2.500975131989,0.823601484299,0.610304594040,-0.608367621899,0.271560221910,-0.428569972515
282,282,1413393900.105760574341,1413393900.105760574341,2,1,1,0,0,0,76,0,0,0,-1,1202,301,301,0,814,0.677204658902,301,1.858847950182,4.392736102720,2.247465451272,8.342192691030,0.520833333333,0,2606,27,0.000140408389,0.050000190735,1,7.685233000000,0.066719000000,-0.268617630005,2.473695278168,0.824782133102,0.618889808655,-0.618017971516,0.261199891567,-0.408416271210
283,283,1413393900.155760288239,1413393900.155760288239,2,1,1,0,0,0,77,0,0,0,-1,1201,593,593,0,819,0.681931723564,593,0.160197081972,2.896429542711,1.063506475537,5.357504215852,0.625000000000,1,2543,27,nan,nan,0,7.239008000000,0.100161000000,-0.305516958237,2.429254293442,0.814675569534,0.627257764339,-0.622045159340,0.259886115789,-0.389957427979
284,284,1413393900.205760478973,1413393900.205760478973,2,1,1,0,0,0,77,0,0,0,-1,1200,360,360,0,849,0.707500000000,360,1.565462438755,3.714872529540,1.930899981913,9.169444444444,0.562500000000,0,2551,28,0.000100003410,0.050000190735,1,7.901650000000,0.089911000000,-0.333563804626,2.394368886948,0.812645256519,0.635099649429,-0.623244583607,0.262789845467,-0.373036444187
285,285,1413393900.255760431290,1413393900.255760431290,2,1,1,0,0,0,78,0,0,0,-1,1204,643,643,0,871,0.723421926910,643,0.520581171366,2.919429320708,1.104896191637,5.542768273717,0.625000000000,1,2466,27,nan,nan,0,6.539771000000,0.097483000000,-0.336824178696,2.363878488541,0.803705334663,0.643091022968,-0.619595706463,0.272911161184,-0.357847243547
286,286,1413393900.305760622025,1413393900.305760622025,2,1,1,0,0,0,78,0,0,0,-1,1200,361,361,0,838,0.698333333333,361,1.631700762692,3.368195446817,1.878049778998,9.933518005540,0.645833333333,0,2504,28,0.000099126875,0.050000190735,1,7.396585000000,0.083250000000,-0.346843957901,2.324546337128,0.799616932869,0.650366127491,-0.611068010330,0.289545655251,-0.346097052097
287,287,1413393900.355760335922,1413393900.355760335922,2,1,1,0,0,0,79,0,0,0,-1,1195,538,538,0,697,0.583263598326,538,0.320009135945,3.059044254918,1.109077044203,5.873605947955,0.604166666667,1,2410,27,nan,nan,0,6.708206000000,0.094385000000,-0.353163957596,2.284974575043,0.799847364426,0.654716730118,-0.599506855011,0.309849858284,-0.340485990047
288,288,1413393900.405760526657,1413393900.405760526657,2,1,1,0,0,0,79,0,0,0,-1,1119,303,303,0,685,0.612153708668,303,1.804784575035,3.637042565435,2.011149533272,10.742574257426,0.562500000000,0,2513,28,0.000144531179,0.050000190735,1,7.638517000000,0.100234000000,-0.345417261124,2.247223377228,0.795986771584,0.653231084347,-0.585273623466,0.334947139025,-0.344317287207
289,289,1413393900.455760478973,1413393900.455760478973,2,1,1,0,0,0,80,0,0,0,-1,1117,496,496,0,690,0.617726051925,496,0.676509857854,3.173113935595,1.194549071438,6.368951612903,0.541666666667,1,2395,27,nan,nan,0,6.076634000000,0.085659000000,-0.331002950668,2.217179298401,0.784544825554,0.647602736950,-0.570598244667,0.360928297043,-0.353212714195
290,290,1413393900.505760431290,1413393900.505760431290,2,1,1,0,0,0,80,0,0,0,-1,1115,218,218,0,581,0.521076233184,218,2.176782352154,4.181182197592,2.351458245311,10.981651376147,0.541666666667,0,2440,28,0.000107749584,0.049999952316,1,6.557174000000,0.078587000000,-0.313415050507,2.184450864792,0.778904199600,0.637953698635,-0.555352687836,0.385829716921,-0.368420898914
291,291,1413393900.555760383606,1413393900.555760383606,2,1,1,0,0,0,81,0,0,0,-1,1064,477,477,0,723,0.679511278195,477,0.000068239379,3.302133610298,1.072037361487,5.930817610063,0.604166666667,1,2396,28,nan,nan,0,5.607227000000,0.082179000000,-0.296810388565,2.159795284271,0.771383702755,0.624665796757,-0.539466202259,0.410501778126,-0.387630164623
292,292,1413393900.605760574341,1413393900.605760574341,2,1,1,0,0,0,81,0,0,0,-1,1069,219,219,0,665,0.622076707203,219,1.832632980232,4.307095434301,2.257588975189,10.497716894977,0.437500000000,0,2422,29,0.000056078454,0.050000190735,1,6.216201000000,0.060420000000,-0.275891065598,2.132065296173,0.762756347656,0.607163667679,-0.522299885750,0.434700369835,-0.411814063787
293,293,1413393900.655760288239,1413393900.655760288239,2,1,1,0,0,0,82,0,0,0,-1,1059,434,434,0,631,0.595845136922,434,0.000125827198,2.732773887867,0.937067099110,5.870967741935,0.458333333333,1,2333,28,nan,nan,0,5.759361000000,0.113511000000,-0.256271123886,2.098628044128,0.753461599350,0.588546872139,-0.506291925907,0.455495774746,-0.435665845871
294,294,1413393900.705760478973,1413393900.705760478973,2,1,1,0,0,0,82,0,0,0,-1,1104,261,261,0,640,0.579710144928,261,1.908854614935,3.684596766188,2.104217389675,12.172413793103,0.395833333333,0,2361,29,0.000132352594,0.050000190735,1,6.213928000000,1.317687000000,-0.240316629410,2.074661731720,0.740665435791,0.569209992886,-0.492054045200,0.472120702267,-0.459330946207
295,295,1413393900.755760431290,1413393900.755760431290,2,1,1,0,0,0,83,0,0,0,-1,1141,259,259,0,682,0.597721297108,259,1.714753473334,3.430764802589,1.895286057798,11.038610038610,0.437500000000,0,2010,22,nan,nan,0,5.045723000000,0.071943000000,-0.229135513306,2.051498889923,0.726129829884,0.553367137909,-0.481389701366,0.482103496790,-0.479192167521
296,296,1413393900.805760622025,1413393900.805760622025,2,1,1,0,0,0,83,0,0,0,-1,1150,242,242,0,723,0.628695652174,242,1.829600350176,3.457490046477,1.997274555219,11.764462809917,0.458333333333,0,1496,18,0.000071998475,0.050000190735,1,4.893787000000,0.064615000000,-0.225522279739,2.030231237411,0.709667086601,0.540606200695,-0.476447790861,0.485570222139,-0.494938492775
297,297,1413393900.855760335922,1413393900.855760335922,2,1,1,0,0,0,83,0,0,0,-1,1153,599,599,0,757,0.656548135299,599,0.000092815590,2.375654615665,0.723361756028,5.489148580968,0.645833333333,1,1496,18,0.000157648101,0.049999713898,1,5.324501000000,0.115030000000,-0.229687213898,2.009660720825,0.692550897598,0.532865762711,-0.478121310472,0.481298238039,-0.505772888660
298,298,1413393900.905760526657,1413393900.905760526657,2,1,1,0,0,0,83,0,0,0,-1,1127,334,334,0,761,0.675244010648,334,1.564744618679,3.578267055045,1.881193544122,10.140718562874,0.562500000000,0,1635,19,0.000157130184,0.050000190735,1,6.724426000000,0.075707000000,-0.241625785828,1.989058494568,0.674712479115,0.532091259956,-0.485724568367,0.470640838146,-0.509360253811
299,299,1413393900.955760478973,1413393900.955760478973,2,1,1,0,0,0,84,0,0,0,-1,1089,541,541,0,724,0.664830119376,541,0.000138226860,2.777797816946,0.963335210103,6.306839186691,0.500000000000,1,1580,18,nan,nan,0,5.243908000000,0.127689000000,-0.254428148270,1.964633464813,0.651593625546,0.537456810474,-0.499514251947,0.452189594507,-0.507099926472
300,300,1413393901.005760431290,1413393901.005760431290,2,1,1,0,0,0,84,0,0,0,-1,1046,223,223,0,696,0.665391969407,223,1.770880709335,3.474111521540,1.927150806598,12.470852017937,0.375000000000,0,1663,19,0.000069816582,0.049999952316,1,6.171833000000,0.646804000000,-0.279779195786,1.942535877228,0.633758366108,0.545278251171,-0.515842258930,0.431047528982,-0.500775873661
301,301,1413393901.055760383606,1413393901.055760383606,2,1,1,0,0,0,85,0,0,0,-1,1066,546,546,0,715,0.670731707317,546,0.000075717384,2.777566864576,0.818784056614,5.855311355311,0.479166666667,1,2099,22,nan,nan,0,5.003207000000,0.102310000000,-0.313871860504,1.917249679565,0.623797059059,0.555268108845,-0.532665193081,0.408134132624,-0.491295933723
302,302,1413393901.105760574341,1413393901.105760574341,2,1,1,0,0,0,85,0,0,0,-1,1053,215,215,0,670,0.636277302944,215,2.162481443369,4.173527731246,2.352294301429,10.330232558140,0.479166666667,0,2406,29,0.000058953956,0.050000190735,1,6.248813000000,0.071264000000,-0.347934484482,1.890944838524,0.607174515724,0.570436418056,-0.546748459339,0.389900982380,-0.472911894321
303,303,1413393901.155760288239,1413393901.155760288239,2,1,1,0,0,0,86,0,0,0,-1,1047,458,458,0,671,0.640878701051,458,0.000122664395,3.242918307935,0.926165129801,5.336244541485,0.541666666667,1,2335,28,nan,nan,0,5.351713000000,0.085534000000,-0.382765650749,1.867993474007,0.587350785732,0.587639331818,-0.560385644436,0.372516632080,-0.449309915304
304,304,1413393901.205760478973,1413393901.205760478973,2,1,1,0,0,0,86,0,0,0,-1,1047,247,247,0,685,0.654250238777,247,1.845183190841,3.576406687434,2.081819134478,11.862348178138,0.500000000000,0,2402,29,0.000055582233,0.050000190735,1,6.319485000000,0.073501000000,-0.417996406555,1.837716579437,0.572118282318,0.605756103992,-0.568599462509,0.361162334681,-0.423457324505
305,305,1413393901.255760431290,1413393901.255760431290,2,1,1,0,0,0,87,0,0,0,-1,1052,510,510,0,671,0.637832699620,510,0.000175682960,2.642703327570,0.865538970961,5.974509803922,0.625000000000,1,2290,28,nan,nan,0,6.560818000000,0.089749000000,-0.454581379890,1.803729534149,0.560350060463,0.621109843254,-0.573558151722,0.353361964226,-0.400486022234
306,306,1413393901.305760622025,1413393901.305760622025,2,1,1,0,0,0,87,0,0,0,-1,1147,273,273,0,755,0.658238884045,273,1.570181465805,3.587959783009,1.914857676797,11.527472527473,0.520833333333,0,2364,29,0.000046011657,0.050000190735,1,8.421681000000,0.073614000000,-0.483484148979,1.772396564484,0.549531459808,0.633086442947,-0.577223837376,0.347821831703,-0.380833506584
307,307,1413393901.355760335922,1413393901.355760335922,2,1,1,0,0,0,88,0,0,0,-1,1195,622,622,0,785,0.656903765690,622,0.000086316746,2.742161555101,0.895707641859,6.840836012862,0.625000000000,1,2324,29,nan,nan,0,6.333815000000,0.114013000000,-0.512554764748,1.750770807266,0.538685381413,0.640617132187,-0.579869925976,0.345113724470,-0.366411119699
308,308,1413393901.405760526657,1413393901.405760526657,2,1,1,0,0,0,88,0,0,0,-1,1200,351,351,0,759,0.632500000000,351,1.489358430575,3.292626592831,1.801169342895,11.737891737892,0.645833333333,0,2413,30,0.000086969354,0.050000190735,1,6.911511000000,0.083449000000,-0.531175374985,1.721231102943,0.531753540039,0.646905899048,-0.581928551197,0.341805636883,-0.355022370815
309,309,1413393901.455760478973,1413393901.455760478973,2,1,1,0,0,0,89,0,0,0,-1,1201,332,332,0,631,0.525395503747,332,1.481978925562,3.539142535472,1.897476531865,10.373493975904,0.562500000000,0,2350,29,nan,nan,0,6.280790000000,0.071805000000,-0.543015718460,1.689191818237,0.526114344597,0.651644051075,-0.584291934967,0.338509172201,-0.345506131649
310,310,1413393901.505760431290,1413393901.505760431290,2,1,1,0,0,0,89,0,0,0,-1,1205,539,539,0,626,0.519502074689,539,0.291308237205,2.845953136868,1.013020263927,6.523191094620,0.645833333333,1,2350,29,0.000092090530,0.049999952316,1,8.021069000000,0.115368000000,-0.548924326897,1.662784814835,0.521377205849,0.655860126019,-0.584360837936,0.338366925716,-0.337457805872
311,311,1413393901.555760383606,1413393901.555760383606,2,1,1,0,0,0,89,0,0,0,-1,1194,384,384,0,745,0.623953098827,384,1.699221944934,3.481605406728,1.931277775086,9.908854166667,0.562500000000,0,2478,30,0.000131607463,0.049999952316,1,7.729488000000,0.236876000000,-0.547824144363,1.638293385506,0.517655372620,0.659593760967,-0.583221435547,0.339590758085,-0.330857783556
312,312,1413393901.605760574341,1413393901.605760574341,2,1,1,0,0,0,90,0,0,0,-1,1194,383,383,0,587,0.491624790620,383,1.509397297698,3.553237649342,1.854404292653,9.261096605744,0.583333333333,0,2398,29,nan,nan,0,6.768890000000,0.104182000000,-0.529001235962,1.620850801468,0.514252662659,0.662211477757,-0.579572856426,0.344449579716,-0.326995164156
313,313,1413393901.655760288239,1413393901.655760288239,2,1,1,0,0,0,90,0,0,0,-1,1166,313,313,0,565,0.484562607204,313,1.722375448960,4.014671154908,2.034150988789,10.130990415335,0.541666666667,0,2398,29,0.000040002291,0.049999713898,1,6.104419000000,0.116474000000,-0.512045145035,1.601499438286,0.514421820641,0.662434279919,-0.570781528950,0.357052028179,-0.328486114740
314,314,1413393901.705760478973,1413393901.705760478973,2,1,1,0,0,0,90,0,0,0,-1,1090,563,563,0,707,0.648623853211,563,0.000096505056,2.589317747966,0.869130216311,5.824156305506,0.625000000000,1,2398,29,0.000164550132,0.050000190735,1,6.841089000000,0.114279000000,-0.487819671631,1.585722923279,0.517116487026,0.658769607544,-0.558247208595,0.374965906143,-0.337317824364
315,315,1413393901.755760431290,1413393901.755760431290,2,1,1,0,0,0,90,0,0,0,-1,948,241,241,0,401,0.422995780591,241,1.380902067115,3.629227880247,1.799413445945,9.746887966805,0.562500000000,0,2502,30,0.000152496534,0.049999952316,1,6.605668000000,0.080825000000,-0.458248019218,1.573696255684,0.521663427353,0.652184784412,-0.545889437199,0.393074929714,-0.349502414465
316,316,1413393901.805760622025,1413393901.805760622025,2,1,1,0,0,0,91,0,0,0,-1,976,389,389,0,382,0.391393442623,389,0.893039422569,2.943278205508,1.196563264505,6.526992287918,0.562500000000,1,2408,29,nan,nan,0,5.527566000000,0.085893000000,-0.422587513924,1.568570375443,0.522874295712,0.642061769962,-0.535529077053,0.408411264420,-0.366286218166
317,317,1413393901.855760335922,1413393901.855760335922,2,1,1,0,0,0,91,0,0,0,-1,1179,259,259,0,667,0.565733672604,259,2.160521561361,3.757899698511,2.355945218437,12.486486486486,0.541666666667,0,2410,29,0.000339982304,0.049999713898,1,6.761560000000,0.070672000000,-0.388233780861,1.564017772675,0.527899503708,0.632070839405,-0.529785215855,0.417788863182,-0.381138652563
318,318,1413393901.905760526657,1413393901.905760526657,2,1,1,0,0,0,92,0,0,0,-1,1188,281,281,0,762,0.641414141414,281,1.631587118827,3.229522026462,1.833108619268,12.658362989324,0.520833333333,0,2383,29,nan,nan,0,5.676716000000,0.077384000000,-0.350804924965,1.560075998306,0.532958209515,0.624595999718,-0.529060542583,0.420111268759,-0.391767054796
319,319,1413393901.955760478973,1413393901.955760478973,2,1,1,0,0,0,92,0,0,0,-1,1192,627,627,0,757,0.635067114094,627,0.000086316746,2.428303191214,0.803434241575,6.733652312600,0.666666666667,1,2383,28,0.000144096135,0.049999952316,1,6.895383000000,0.124671000000,-0.315815091133,1.560932874680,0.536017119884,0.620121121407,-0.530489563942,0.419756501913,-0.397284626961
320,320,1413393902.005760431290,1413393902.005760431290,2,1,1,0,0,0,92,0,0,0,-1,1187,377,377,0,748,0.630160067397,377,1.552720291746,3.367520002431,1.817278640969,11.419098143236,0.604166666667,0,2423,31,0.000139537646,0.049999952316,1,7.097977000000,0.093003000000,-0.280580282211,1.564172506332,0.539016485214,0.617577850819,-0.532324016094,0.418529391289,-0.400077372789
321,321,1413393902.055760383606,1413393902.055760383606,2,1,1,0,0,0,93,0,0,0,-1,1186,372,372,0,754,0.635750421585,372,1.468531502219,2.926613711821,1.732187781566,10.940860215054,0.562500000000,0,2292,29,nan,nan,0,6.199990000000,0.075204000000,-0.244495153427,1.570132732391,0.543444454670,0.616124212742,-0.534582018852,0.416864186525,-0.401045352221
322,322,1413393902.105760574341,1413393902.105760574341,2,1,1,0,0,0,93,0,0,0,-1,1191,353,353,0,741,0.622166246851,353,1.587746943666,3.730539788317,1.954159402826,11.481586402266,0.520833333333,0,2201,26,0.000189726474,0.050000190735,1,6.232889000000,0.075616000000,-0.208642959595,1.577423095703,0.547154545784,0.615792512894,-0.535880982876,0.416136443615,-0.400576591492
323,323,1413393902.155760288239,1413393902.155760288239,2,1,1,0,0,0,93,0,0,0,-1,1186,346,346,0,742,0.625632377740,346,1.499380957471,3.472364737802,1.828826322855,11.832369942197,0.541666666667,0,2292,29,0.000173556400,0.049999713898,1,7.278650000000,0.084846000000,-0.172405481339,1.586691379547,0.551425039768,0.615258574486,-0.535287797451,0.417292267084,-0.400987625122
324,324,1413393902.205760478973,1413393902.205760478973,2,1,1,0,0,0,93,0,0,0,-1,1204,346,346,0,763,0.633720930233,346,1.647620231706,3.599505434244,2.019426764426,11.676300578035,0.541666666667,0,2201,27,0.000219372028,0.050000190735,1,6.184900000000,0.071762000000,-0.136253595352,1.597778558731,0.555564820766,0.615659773350,-0.535260856152,0.417642861605,-0.400041610003
325,325,1413393902.255760431290,1413393902.255760431290,2,1,1,0,0,0,93,0,0,0,-1,1199,602,602,0,741,0.618015012510,602,0.437189596808,2.876197347590,1.046564957010,7.290697674419,0.625000000000,1,2292,28,0.000182454634,0.049999952316,1,6.857013000000,0.123140000000,-0.099763393402,1.610803604126,0.560331285000,0.615310251713,-0.534947931767,0.418774276972,-0.399815261364
326,326,1413393902.305760622025,1413393902.305760622025,2,1,1,0,0,0,93,0,0,0,-1,1200,373,373,0,752,0.626666666667,373,1.481904923855,3.415337573250,1.833881333681,12.348525469169,0.604166666667,0,2242,28,0.000178097136,0.050000190735,1,7.439620000000,0.091615000000,-0.063068270683,1.625863790512,0.564891755581,0.615358829498,-0.534941017628,0.419153779745,-0.399351805449
327,327,1413393902.355760335922,1413393902.355760335922,2,1,1,0,0,0,94,0,0,0,-1,1204,356,356,0,774,0.642857142857,356,1.389967687243,3.707616803601,1.823140028528,11.820224719101,0.583333333333,0,2179,26,nan,nan,0,5.754537000000,0.083867000000,-0.022039055824,1.641702771187,0.572742342949,0.615958690643,-0.534413635731,0.419565886259,-0.398699849844
328,328,1413393902.405760526657,1413393902.405760526657,2,1,1,0,0,0,94,0,0,0,-1,1196,648,648,0,765,0.639632107023,648,0.290273084694,2.725893212422,0.960037851037,7.132716049383,0.604166666667,1,1955,23,0.000114732873,0.050000190735,1,6.435463000000,0.118850000000,0.015773177147,1.660275101662,0.574852108955,0.614884674549,-0.533447504044,0.421356827021,-0.399761289358
329,329,1413393902.455760478973,1413393902.455760478973,2,1,1,0,0,0,94,0,0,0,-1,1204,388,388,0,757,0.628737541528,388,1.379210112558,3.221282460803,1.665824088870,12.701030927835,0.500000000000,0,2246,28,0.000155576461,0.049999952316,1,9.668539000000,0.110102000000,0.053319096565,1.680596590042,0.575140118599,0.613758265972,-0.531769514084,0.423695981503,-0.401252806187
330,330,1413393902.505760431290,1413393902.505760431290,2,1,1,0,0,0,95,0,0,0,-1,1188,623,623,0,752,0.632996632997,623,0.551758658147,2.536317437338,0.972857065026,8.386837881220,0.520833333333,1,2000,24,nan,nan,0,6.335527000000,0.103797000000,0.092437982559,1.703344941139,0.570451259613,0.611638009548,-0.529881536961,0.426514446735,-0.403992533684
331,331,1413393902.555760383606,1413393902.555760383606,2,1,1,0,0,0,95,0,0,0,-1,1201,400,400,0,742,0.617818484596,400,1.401881142213,3.473076681287,1.757175965753,13.545000000000,0.520833333333,0,2255,28,0.000135322596,0.049999952316,1,7.363254000000,0.088100000000,0.128833293915,1.727654099464,0.569517552853,0.610941290855,-0.529584407806,0.427199363708,-0.404711931944
332,332,1413393902.605760574341,1413393902.605760574341,2,1,1,0,0,0,96,0,0,0,-1,1199,370,370,0,710,0.592160133445,370,1.494642530877,3.331900661857,1.829344202491,12.659459459459,0.562500000000,0,1950,24,nan,nan,0,5.956376000000,0.125921000000,0.162505030632,1.750257730484,0.575038313866,0.610809624195,-0.529997885227,0.426932632923,-0.404651045799
333,333,1413393902.655760288239,1413393902.655760288239,2,1,1,0,0,0,96,0,0,0,-1,1201,633,633,0,736,0.612822647794,633,0.563093117765,2.525983251355,0.985906427901,8.157977883096,0.583333333333,1,1950,24,0.000127273277,0.049999713898,1,7.127072000000,0.115970000000,0.197966098785,1.778624415398,0.578872263432,0.611148774624,-0.530964434147,0.426224112511,-0.403617471457
334,334,1413393902.705760478973,1413393902.705760478973,2,1,1,0,0,0,96,0,0,0,-1,1201,383,383,0,738,0.614487926728,383,1.549347598645,3.753183189233,1.959698429039,14.146214099217,0.604166666667,0,2235,28,0.000189266764,0.050000190735,1,7.676125000000,0.148281000000,0.233692884445,1.809151887894,0.586673200130,0.611300349236,-0.531661331654,0.425784707069,-0.402933597565
335,335,1413393902.755760431290,1413393902.755760431290,2,1,1,0,0,0,97,0,0,0,-1,1204,602,602,0,689,0.572259136213,602,0.698528087960,2.856366378013,1.129265548689,9.428571428571,0.645833333333,1,1990,25,nan,nan,0,6.596598000000,0.104685000000,0.270224928856,1.839482069016,0.591494381428,0.611241102219,-0.533062160015,0.423976659775,-0.403079181910
336,336,1413393902.805760622025,1413393902.805760622025,2,1,1,0,0,0,97,0,0,0,-1,1208,376,376,0,698,0.577814569536,376,1.561336705449,3.476505005657,1.814522160265,14.896276595745,0.562500000000,0,2307,29,0.000157118877,0.050000190735,1,7.708653000000,0.089081000000,0.304586410522,1.874231100082,0.605297863483,0.610031366348,-0.538382411003,0.417652606964,-0.404440820217
337,337,1413393902.855760335922,1413393902.855760335922,2,1,1,0,0,0,98,0,0,0,-1,1205,374,374,0,699,0.580082987552,374,1.524579275508,3.320548675655,1.826786958810,13.836898395722,0.562500000000,0,2005,25,nan,nan,0,5.930349000000,0.080808000000,0.339928388596,1.903731942177,0.621510088444,0.608327150345,-0.545278847218,0.408673912287,-0.406933426857
338,338,1413393902.905760526657,1413393902.905760526657,2,1,1,0,0,0,98,0,0,0,-1,1202,620,620,0,737,0.613144758735,620,0.722977874001,2.985097029936,1.132028582192,8.935483870968,0.666666666667,1,2005,25,0.000163196179,0.050000190735,1,6.646019000000,0.098587000000,0.374666690826,1.941372752190,0.638370394707,0.606700122356,-0.555471360683,0.395228862762,-0.408853113651
339,339,1413393902.955760478973,1413393902.955760478973,2,1,1,0,0,0,98,0,0,0,-1,1202,378,378,0,768,0.638935108153,378,1.521115506724,3.347893683343,1.821048487160,13.584656084656,0.604166666667,0,2332,30,0.000208755460,0.049999952316,1,7.842349000000,0.085739000000,0.410414695740,1.978889703751,0.655323863029,0.605542719364,-0.565010368824,0.382661700249,-0.409452617168
340,340,1413393903.005760431290,1413393903.005760431290,2,1,1,0,0,0,99,0,0,0,-1,1203,619,619,0,805,0.669160432253,619,0.708763893513,2.925739739630,1.142874642593,8.434571890145,0.645833333333,1,2280,29,nan,nan,0,6.967306000000,0.113073000000,0.451308012009,2.015010118484,0.668706178665,0.603992462158,-0.573141217232,0.371299415827,-0.410900354385
341,341,1413393903.055760383606,1413393903.055760383606,2,1,1,0,0,0,99,0,0,0,-1,1202,353,353,0,780,0.648918469218,353,1.598714217628,3.593421183820,1.964293555724,12.787535410765,0.666666666667,0,2323,29,0.000149305968,0.049999952316,1,7.164736000000,0.079172000000,0.490725040436,2.050694465637,0.686030268669,0.601593315601,-0.579101443291,0.363769024611,-0.412794351578
342,342,1413393903.105760574341,1413393903.105760574341,2,1,1,0,0,0,100,0,0,0,-1,1201,642,642,0,815,0.678601165695,642,0.644141882979,2.743550949895,1.075792694972,8.579439252336,0.645833333333,1,2045,26,nan,nan,0,6.571831000000,0.104828000000,0.531095027924,2.079601526260,0.702102065086,0.600388586521,-0.579638957977,0.363937765360,-0.413644164801
343,343,1413393903.155760288239,1413393903.155760288239,2,1,1,0,0,0,100,0,0,0,-1,1206,360,360,0,829,0.687396351575,360,1.623182925312,3.654412175393,1.923449592572,14.444444444444,0.562500000000,0,2360,31,0.000120011049,0.049999713898,1,7.865549000000,0.084290000000,0.574958086014,2.111560821533,0.720135807991,0.598351240158,-0.576295018196,0.369509249926,-0.416320532560
344,344,1413393903.205760478973,1413393903.205760478973,2,1,1,0,0,0,101,0,0,0,-1,1206,653,653,0,812,0.673300165837,653,0.580640709488,2.669525171485,0.995144411109,8.565084226646,0.562500000000,1,2281,30,nan,nan,0,6.783453000000,0.119222000000,0.620978355408,2.133540868759,0.740010976791,0.597507119179,-0.571817219257,0.376941382885,-0.417043954134
345,345,1413393903.255760431290,1413393903.255760431290,2,1,1,0,0,0,101,0,0,0,-1,1207,368,368,0,827,0.685169842585,368,1.455187919399,3.279946503636,1.692419719881,14.758152173913,0.562500000000,0,2345,30,0.000094532719,0.049999952316,1,7.476594000000,0.104647000000,0.668238162994,2.162549018860,0.756608605385,0.595437169075,-0.568080961704,0.384969919920,-0.417776137590
346,346,1413393903.305760622025,1413393903.305760622025,2,1,1,0,0,0,102,0,0,0,-1,1201,391,391,0,838,0.697751873439,391,1.600702538776,3.129642448182,1.777926319195,13.864450127877,0.562500000000,0,2258,30,nan,nan,0,6.518268000000,0.080154000000,0.716885089874,2.197563648224,0.769052147865,0.592279136181,-0.565840780735,0.393036156893,-0.417794466019
347,347,1413393903.355760335922,1413393903.355760335922,2,1,1,0,0,0,102,0,0,0,-1,1203,676,676,0,840,0.698254364090,676,0.000136478758,2.607984850422,0.876209808094,7.801775147929,0.625000000000,1,2258,30,0.000075861521,0.049999713898,1,6.614916000000,1.239565000000,0.765872478485,2.223844289780,0.782991290092,0.588769972324,-0.566693723202,0.400530099869,-0.414468050003
348,348,1413393903.405760526657,1413393903.405760526657,2,1,1,0,0,0,102,0,0,0,-1,1201,370,370,0,834,0.694421315570,370,1.556635753120,3.247485725424,1.765963845998,13.708108108108,0.604166666667,0,2399,30,0.000065642344,0.050000190735,1,6.936893000000,0.080129000000,0.815851449966,2.249098300934,0.794356226921,0.581939041615,-0.570757806301,0.408015310764,-0.411225020885
349,349,1413393903.455760478973,1413393903.455760478973,2,1,1,0,0,0,103,0,0,0,-1,1202,714,714,0,858,0.713810316140,714,0.000294232772,2.396741935119,0.830542079687,7.259103641457,0.625000000000,1,1574,22,nan,nan,0,6.070400000000,0.140357000000,0.865160942078,2.269783973694,0.804662823677,0.572954118252,-0.577807068825,0.414123952389,-0.407877504826
350,350,1413393903.505760431290,1413393903.505760431290,2,1,1,0,0,0,103,0,0,0,-1,1202,386,386,0,875,0.727953410982,386,1.393996345723,3.148568611546,1.592567565062,13.585492227979,0.645833333333,0,2395,30,0.000043029089,0.049999952316,1,7.594654000000,0.093220000000,0.915306806564,2.293481349945,0.806551218033,0.561456859112,-0.587102472782,0.419508218765,-0.405079990625
351,351,1413393903.555760383606,1413393903.555760383606,2,1,1,0,0,0,104,0,0,0,-1,1201,383,383,0,846,0.704412989176,383,1.489542180412,3.437186128253,1.780440154327,13.174934725849,0.625000000000,0,1628,23,nan,nan,0,6.267432000000,0.082911000000,0.962370157242,2.315194845200,0.801493644714,0.548427224159,-0.596695899963,0.425402522087,-0.402758508921
352,352,1413393903.605760574341,1413393903.605760574341,2,1,1,0,0,0,104,0,0,0,-1,1191,689,689,0,846,0.710327455919,689,0.000204718138,2.604732842782,0.847569485001,7.455732946299,0.645833333333,1,1628,23,0.000056801793,0.050000190735,1,6.276269000000,0.110857000000,1.011432647705,2.337513208389,0.796523213387,0.532602071762,-0.604777991772,0.432611674070,-0.404259592295
353,353,1413393903.655760288239,1413393903.655760288239,2,1,1,0,0,0,104,0,0,0,-1,1161,341,341,0,798,0.687338501292,341,1.504134292467,3.388814407149,1.767322073520,12.791788856305,0.645833333333,0,1765,24,0.000032003511,0.049999713898,1,6.566395000000,0.098121000000,1.059312820435,2.358675718307,0.791458249092,0.516283988953,-0.611960411072,0.440340936184,-0.406269788742
354,354,1413393903.705760478973,1413393903.705760478973,2,1,1,0,0,0,105,0,0,0,-1,1164,687,687,0,796,0.683848797251,687,0.000183105469,2.473915046950,0.835511737910,6.711790393013,0.625000000000,1,1630,22,nan,nan,0,5.808969000000,0.115820000000,1.100958108902,2.375124931335,0.790146112442,0.501426279545,-0.619667351246,0.446352779865,-0.406636685133
355,355,1413393903.755760431290,1413393903.755760431290,2,1,1,0,0,0,105,0,0,0,-1,1159,334,334,0,777,0.670405522002,334,1.451290611962,3.412981910404,1.808774733612,11.275449101796,0.645833333333,0,1779,23,0.000031095507,0.049999952316,1,7.424474000000,0.080993000000,1.145938873291,2.393365383148,0.785763382912,0.487645417452,-0.626811742783,0.451794803143,-0.406436383724
356,356,1413393903.805760622025,1413393903.805760622025,2,1,1,0,0,0,106,0,0,0,-1,1178,632,632,0,780,0.662139219015,632,0.000152587891,2.632534343705,0.835743456353,6.045886075949,0.666666666667,1,1659,22,nan,nan,0,5.683766000000,0.112499000000,1.188006639481,2.412128210068,0.778485059738,0.476351767778,-0.635055541992,0.453437149525,-0.405201494694
357,357,1413393903.855760335922,1413393903.855760335922,2,1,1,0,0,0,106,0,0,0,-1,1176,351,351,0,801,0.681122448980,351,1.398219641207,3.487963321190,1.816155297732,10.940170940171,0.562500000000,0,1782,23,0.000046554804,0.049999713898,1,6.828554000000,0.076879000000,1.228643655777,2.426529169083,0.775314927101,0.466604858637,-0.644020259380,0.451723188162,-0.404306918383
358,358,1413393903.905760526657,1413393903.905760526657,2,1,1,0,0,0,107,0,0,0,-1,1131,344,344,0,771,0.681697612732,344,1.577311634536,3.824419980763,1.926749107284,11.037790697674,0.541666666667,0,1719,23,nan,nan,0,5.811325000000,0.070473000000,1.267127275467,2.439600706100,0.772892832756,0.458242088556,-0.652213394642,0.449000030756,-0.403770834208
359,359,1413393903.955760478973,1413393903.955760478973,2,1,1,0,0,0,107,0,0,0,-1,1169,653,653,0,792,0.677502138580,653,0.000111085661,2.902737324566,0.965167234612,6.601837672282,0.541666666667,1,1719,23,0.000102465965,0.049999952316,1,6.146421000000,0.109293000000,1.303662300110,2.448896646500,0.772160410881,0.450630247593,-0.659132957458,0.446530818939,-0.403839498758
360,360,1413393904.005760431290,1413393904.005760431290,2,1,1,0,0,0,107,0,0,0,-1,1166,335,335,0,725,0.621783876501,335,1.620465786797,3.810575472560,1.946571811402,11.483582089552,0.520833333333,0,1829,24,0.000072052346,0.049999952316,1,6.847182000000,0.101041000000,1.338103055954,2.455031871796,0.772560000420,0.444855451584,-0.663948655128,0.445675432682,-0.403298050165
361,361,1413393904.055760383606,1413393904.055760383606,2,1,1,0,0,0,108,0,0,0,-1,1166,620,620,0,728,0.624356775300,620,0.306275538143,2.938954682396,1.004178767246,6.003225806452,0.541666666667,1,1682,22,nan,nan,0,5.678102000000,0.102895000000,1.370299100876,2.457492828369,0.774953603745,0.442268759012,-0.667775571346,0.445062696934,-0.400491505861
362,362,1413393904.105760574341,1413393904.105760574341,2,1,1,0,0,0,108,0,0,0,-1,1164,364,364,0,733,0.629725085911,364,1.424157168213,3.545289777723,1.759208273737,9.826923076923,0.562500000000,0,1770,23,0.000071805298,0.050000190735,1,6.626282000000,0.127259000000,1.400868415833,2.457558393478,0.772173881531,0.440950185061,-0.668787419796,0.447713911533,-0.397288978100
363,363,1413393904.155760288239,1413393904.155760288239,2,1,1,0,0,0,109,0,0,0,-1,1157,627,627,0,735,0.635263612792,627,0.423671192349,2.770713592297,0.978552374001,6.159489633174,0.604166666667,1,1659,22,nan,nan,0,6.227283000000,0.114321000000,1.429016828537,2.462614059448,0.767564415932,0.443234384060,-0.669336259365,0.449817776680,-0.391403019428
364,364,1413393904.205760478973,1413393904.205760478973,2,1,1,0,0,0,109,0,0,0,-1,1177,365,365,0,755,0.641461342396,365,1.610128782014,3.603886535369,1.862509782176,10.200000000000,0.604166666667,0,1774,23,0.000145134341,0.050000190735,1,7.065026000000,0.085145000000,1.455247640610,2.457151174545,0.759866237640,0.446398109198,-0.669529080391,0.451885640621,-0.385044038296
365,365,1413393904.255760431290,1413393904.255760431290,2,1,1,0,0,0,110,0,0,0,-1,1183,677,677,0,800,0.676246830093,677,0.494081705712,2.777688214991,1.042257192823,6.158050221566,0.604166666667,1,1728,23,nan,nan,0,6.239820000000,0.137045000000,1.478855371475,2.452801227570,0.755257964134,0.450126588345,-0.669519603252,0.453607380390,-0.378642171621
366,366,1413393904.305760622025,1413393904.305760622025,2,1,1,0,0,0,110,0,0,0,-1,1165,397,397,0,773,0.663519313305,397,1.692713293044,3.861789066937,2.074051157767,10.715365239295,0.562500000000,0,1818,24,0.000262786081,0.050000190735,1,10.104586000000,0.129808000000,1.501829385757,2.442184448242,0.751847982407,0.452605247498,-0.668079078197,0.456760168076,-0.374418199062
367,367,1413393904.355760335922,1413393904.355760335922,2,1,1,0,0,0,111,0,0,0,-1,1170,379,379,0,790,0.675213675214,379,1.601708449715,3.738825988598,1.987055139795,9.751978891821,0.562500000000,0,1675,22,nan,nan,0,5.484563000000,0.079017000000,1.522824764252,2.424900054932,0.759608745575,0.453738123178,-0.666901826859,0.458946019411,-0.372467726469
368,368,1413393904.405760526657,1413393904.405760526657,2,1,1,0,0,0,111,0,0,0,-1,1147,678,678,0,780,0.680034873583,678,0.379992195999,3.114938455400,1.148387599471,5.904129793510,0.541666666667,1,1675,22,0.000328988710,0.050000190735,1,6.271986000000,0.104413000000,1.543034315109,2.409430027008,0.765566468239,0.453699767590,-0.666870415211,0.460496932268,-0.370652079582
369,369,1413393904.455760478973,1413393904.455760478973,2,1,1,0,0,0,111,0,0,0,-1,1147,376,376,0,776,0.676547515257,376,1.928154287727,4.046376228264,2.206003029763,11.470744680851,0.520833333333,0,1783,23,0.000451754691,0.049999952316,1,7.319554000000,0.096227000000,1.563410043716,2.391148805618,0.775950431824,0.452155709267,-0.667694568634,0.462486356497,-0.368572354317
370,370,1413393904.505760431290,1413393904.505760431290,2,1,1,0,0,0,112,0,0,0,-1,1163,645,645,0,743,0.638865004299,645,0.525327873737,3.049840553578,1.075966363763,6.241860465116,0.541666666667,1,1685,22,nan,nan,0,5.660093000000,0.116643000000,1.599792242050,2.387960672379,0.794594764709,0.450156152248,-0.669253170490,0.464848250151,-0.365206480026
371,371,1413393904.555760383606,1413393904.555760383606,2,1,1,0,0,0,112,0,0,0,-1,1130,313,313,0,762,0.674336283186,313,1.589820886548,3.182235013585,1.847225316516,11.261980830671,0.500000000000,0,1758,23,0.000100422898,0.049999952316,1,6.583651000000,0.078193000000,1.619841337204,2.364393711090,0.812764406204,0.448035001755,-0.670495033264,0.470003724098,-0.358883947134
372,372,1413393904.605760574341,1413393904.605760574341,2,1,1,0,0,0,113,0,0,0,-1,1100,643,643,0,745,0.677272727273,643,0.000205286011,2.538111133836,0.775501611202,5.643856920684,0.541666666667,1,1636,22,nan,nan,0,5.096785000000,0.134148000000,1.638734817505,2.340614318848,0.832073092461,0.450302928686,-0.673759818077,0.474385827780,-0.343850433826
373,373,1413393904.655760288239,1413393904.655760288239,2,1,1,0,0,0,113,0,0,0,-1,1126,302,302,0,769,0.682948490231,302,1.607510446660,3.471634948436,1.829727928021,10.483443708609,0.520833333333,0,1821,23,0.000160348427,0.049999713898,1,6.382591000000,0.083662000000,1.656387567520,2.313568353653,0.845816612244,0.454932689667,-0.678854882717,0.477242469788,-0.323159337044
374,374,1413393904.705760478973,1413393904.705760478973,2,1,1,0,0,0,115,0,0,0,-1,1145,315,315,0,790,0.689956331878,315,1.687571134713,3.583449721803,1.931233491600,10.596825396825,0.520833333333,0,1784,23,nan,nan,0,4.678305000000,0.081396000000,1.673302888870,2.292667865753,0.844303905964,0.457973688841,-0.685124516487,0.479241997004,-0.301979720592
375,375,1413393904.755760431290,1413393904.755760431290,2,1,1,0,0,0,116,0,0,0,-1,1165,284,284,0,835,0.716738197425,284,1.729061172787,3.976354620139,2.026027999542,10.781690140845,0.479166666667,0,1784,23,nan,nan,0,5.468255000000,0.083394000000,1.690788745880,2.264926671982,0.853055417538,0.458185344934,-0.693174481392,0.479429870844,-0.282351464033
376,376,1413393904.805760622025,1413393904.805760622025,2,1,1,0,0,0,117,0,0,0,-1,1195,719,719,0,846,0.707949790795,719,0.000068239379,2.502913895966,0.762408287309,5.447844228095,0.583333333333,1,1784,23,nan,nan,0,4.842519000000,0.108620000000,1.300464630127,0.397643923759,1.746879100800,0.488772332668,-0.681645870209,0.462676852942,-0.287037670612
377,377,1413393904.855760335922,1413393904.855760335922,2,1,1,0,0,0,117,0,0,0,-1,1197,448,448,0,819,0.684210526316,448,1.517816576611,3.753067211113,1.862518240485,8.448660714286,0.583333333333,0,1935,24,0.000194834138,0.049999713898,1,6.167785000000,0.098408000000,1.324943780899,0.372788548470,1.752899527550,0.484115988016,-0.688205540180,0.466298073530,-0.273077011108
378,378,1413393904.905760526657,1413393904.905760526657,2,1,1,0,0,0,118,0,0,0,-1,1178,397,397,0,787,0.668081494058,397,1.588718973620,3.860178907835,1.915627712571,7.244332493703,0.541666666667,0,1834,22,nan,nan,0,4.770555000000,0.084562000000,1.347998380661,0.344490289688,1.755803704262,0.476239293814,-0.692969202995,0.473073631525,-0.263042360544
379,379,1413393904.955760478973,1413393904.955760478973,2,1,1,0,0,0,118,0,0,0,-1,1195,341,341,0,838,0.701255230126,341,1.789723206172,3.862877053315,2.076505595527,7.076246334311,0.437500000000,0,1834,22,0.000089020454,0.049999952316,1,5.245099000000,0.075551000000,1.378463864326,0.320668220520,1.759805679321,0.465240716934,-0.694634616375,0.484652757645,-0.257187962532
380,380,1413393905.005760431290,1413393905.005760431290,2,1,1,0,0,0,118,0,0,0,-1,1183,745,745,0,838,0.708368554522,745,0.000122070312,2.698681433946,0.830730901268,4.049664429530,0.520833333333,1,1834,22,0.000064505839,0.049999952316,1,5.195757000000,0.129318000000,1.412194371223,0.297452092171,1.762476682663,0.451124548912,-0.695081055164,0.498436361551,-0.254774808884
381,381,1413393905.055760383606,1413393905.055760383606,2,1,1,0,0,0,118,0,0,0,-1,1186,449,449,0,852,0.718381112985,449,1.662377421319,3.928548071486,2.006411207242,6.527839643653,0.500000000000,0,2042,23,0.000112642148,0.049999952316,1,7.225763000000,0.105898000000,1.447897553444,0.275382399559,1.762822866440,0.436834901571,-0.695446252823,0.511814832687,-0.252141773701
382,382,1413393905.105760574341,1413393905.105760574341,2,1,1,0,0,0,119,0,0,0,-1,1158,372,372,0,848,0.732297063903,372,1.445877640948,3.782807399868,1.828935368511,5.580645161290,0.437500000000,0,1959,22,nan,nan,0,4.922151000000,0.073297000000,1.489370584488,0.255906224251,1.762198925018,0.422788619995,-0.696962773800,0.523109257221,-0.248695403337
383,383,1413393905.155760288239,1413393905.155760288239,2,1,1,0,0,0,119,0,0,0,-1,1154,774,774,0,849,0.735701906412,774,0.000091552734,2.612572676967,0.811169157320,3.468992248062,0.541666666667,1,1959,22,0.000034318407,0.049999713898,1,5.274774000000,0.137372000000,1.526307702065,0.237129926682,1.755348086357,0.408024430275,-0.699957311153,0.532393157482,-0.245220974088
384,384,1413393905.205760478973,1413393905.205760478973,2,1,1,0,0,0,119,0,0,0,-1,1175,414,414,0,866,0.737021276596,414,1.399414440146,3.505298698953,1.782405503896,5.014492753623,0.520833333333,0,2185,23,0.000061467072,0.050000190735,1,5.996492000000,0.089773000000,1.563628315926,0.220198273659,1.744930028915,0.392616301775,-0.704745531082,0.538688302040,-0.242901459336
385,385,1413393905.255760431290,1413393905.255760431290,2,1,1,0,0,0,120,0,0,0,-1,1182,423,423,0,877,0.741962774958,423,1.628286573222,3.508914203335,1.873997108043,5.262411347518,0.541666666667,0,2163,23,nan,nan,0,4.787422000000,0.077882000000,1.602159500122,0.208307623863,1.730978965759,0.377163052559,-0.710007905960,0.544003844261,-0.240201249719
386,386,1413393905.305760622025,1413393905.305760622025,2,1,1,0,0,0,120,0,0,0,-1,1183,794,794,0,859,0.726120033812,794,0.000215791864,2.784846831910,0.934065671260,3.517632241814,0.562500000000,1,2163,23,0.000148869207,0.050000190735,1,5.597795000000,0.142853000000,1.639363646507,0.194632053375,1.717027544975,0.361187428236,-0.716241240501,0.547789931297,-0.237630918622
387,387,1413393905.355760335922,1413393905.355760335922,2,1,1,0,0,0,120,0,0,0,-1,1203,500,500,0,836,0.694929343308,500,1.698446136565,3.908497515136,2.008025098331,5.202000000000,0.562500000000,0,2322,24,0.000267448282,0.049999713898,1,6.455547000000,0.095582000000,1.676188826561,0.182479739189,1.703480720520,0.346021324396,-0.722716867924,0.550524950027,-0.234247565269
388,388,1413393905.405760526657,1413393905.405760526657,2,1,1,0,0,0,121,0,0,0,-1,1202,493,493,0,855,0.711314475874,493,1.522598655851,3.600436620414,1.888026411413,4.961460446247,0.583333333333,0,2287,22,nan,nan,0,5.192032000000,0.108679000000,1.709423184395,0.174044013023,1.695207118988,0.332414835691,-0.728936493397,0.552881121635,-0.229073062539
389,389,1413393905.455760478973,1413393905.455760478973,2,1,1,0,0,0,121,0,0,0,-1,1202,438,438,0,839,0.698003327787,438,1.677584148183,3.880845077425,2.061181813842,5.139269406393,0.583333333333,0,2290,23,0.000193200103,0.049999952316,1,5.330166000000,0.094304000000,1.744935393333,0.164245009422,1.683444738388,0.318328619003,-0.734788775444,0.555557847023,-0.223848104477
390,390,1413393905.505760431290,1413393905.505760431290,2,1,1,0,0,0,121,0,0,0,-1,1201,747,747,0,859,0.715237302248,747,0.000185631181,3.035740450069,1.037005150175,3.472556894244,0.604166666667,1,2290,23,0.000223014053,0.049999952316,1,5.376508000000,0.123121000000,1.779452085495,0.155409216881,1.672642111778,0.304856806993,-0.741008400917,0.557305395603,-0.217668667436
391,391,1413393905.555760383606,1413393905.555760383606,2,1,1,0,0,0,121,0,0,0,-1,1201,506,506,0,884,0.736053288926,506,1.612413401144,3.739980195924,1.918896930581,5.055335968379,0.541666666667,0,2351,24,0.000277843035,0.049999952316,1,6.420290000000,0.119148000000,1.812883496284,0.147631645203,1.662888765335,0.289535671473,-0.748476982117,0.557088851929,-0.213549420238
392,392,1413393905.605760574341,1413393905.605760574341,2,1,1,0,0,0,122,0,0,0,-1,1202,495,495,0,886,0.737104825291,495,1.607908043279,3.730529516003,1.946465294900,5.155555555556,0.541666666667,0,2322,23,nan,nan,0,5.812322000000,0.105649000000,1.843007564545,0.138903737068,1.663388848305,0.273479700089,-0.757375240326,0.554512977600,-0.210016727448
393,393,1413393905.655760288239,1413393905.655760288239,2,1,1,0,0,0,122,0,0,0,-1,1201,443,443,0,870,0.724396336386,443,1.594510467918,3.853544032374,1.941190502235,5.227990970655,0.541666666667,0,2322,23,0.000228878256,0.049999713898,1,5.622932000000,0.096829000000,1.873995780945,0.131667137146,1.655142784119,0.256937712431,-0.764853000641,0.553447723389,-0.206587985158
394,394,1413393905.705760478973,1413393905.705760478973,2,1,1,0,0,0,122,0,0,0,-1,1205,740,740,0,878,0.728630705394,740,0.378740338394,2.990534122419,1.097274097461,3.716216216216,0.604166666667,1,2322,23,0.000193077722,0.050000190735,1,7.599276000000,0.997664000000,1.903285145760,0.124148726463,1.648041248322,0.239975035191,-0.771134376526,0.553419828415,-0.203691899776
395,395,1413393905.755760431290,1413393905.755760431290,2,1,1,0,0,0,122,0,0,0,-1,1201,527,527,0,877,0.730224812656,527,1.566627773653,4.020048617196,1.951350776020,5.569259962049,0.604166666667,0,2434,21,0.000210143742,0.049999952316,1,6.680493000000,0.108764000000,1.930538892746,0.115941047668,1.642442464828,0.222268924117,-0.776318967342,0.554475605488,-0.201202124357
396,396,1413393905.805760622025,1413393905.805760622025,2,1,1,0,0,0,123,0,0,0,-1,1205,544,544,0,860,0.713692946058,544,1.471667078239,3.929978990065,1.869093901326,5.123161764706,0.645833333333,0,2379,20,nan,nan,0,5.843867000000,0.101605000000,1.951952934265,0.102978110313,1.649762868881,0.205314725637,-0.782280743122,0.553325355053,-0.199283331633
397,397,1413393905.855760335922,1413393905.855760335922,2,1,1,0,0,0,123,0,0,0,-1,1202,486,486,0,876,0.728785357737,486,1.650710824566,3.855047108072,1.986696914559,5.279835390947,0.625000000000,0,2347,18,0.000121919380,0.049999713898,1,6.060187000000,0.088176000000,1.974529266357,0.093689084053,1.646175861359,0.188706606627,-0.790226697922,0.548570036888,-0.197490468621
398,398,1413393905.905760526657,1413393905.905760526657,2,1,1,0,0,0,123,0,0,0,-1,1202,446,446,0,842,0.700499168053,446,1.694307864030,4.001240547805,2.050012634863,5.233183856502,0.562500000000,0,2347,18,0.000141209006,0.050000190735,1,5.632825000000,0.113942000000,1.994442224503,0.082669377327,1.643095493317,0.174061343074,-0.799077808857,0.541864991188,-0.193803429604
399,399,1413393905.955760478973,1413393905.955760478973,2,1,1,0,0,0,123,0,0,0,-1,1202,751,751,0,841,0.699667221298,751,0.612420808772,3.188162487073,1.137869156063,3.838881491345,0.687500000000,1,2384,21,0.000138331496,0.049999952316,1,5.868129000000,0.119371000000,2.011370897293,0.069439172745,1.640808701515,0.161610677838,-0.808082759380,0.534393250942,-0.187904492021
400,400,1413393906.005760431290,1413393906.005760431290,2,1,1,0,0,0,123,0,0,0,-1,1201,531,531,0,858,0.714404662781,531,1.500467263105,3.924071990679,1.928191751274,5.534839924670,0.687500000000,0,2484,22,0.000150087260,0.049999952316,1,7.207654000000,1.455588000000,2.025444746017,0.052987098694,1.640169501305,0.150459513068,-0.814938426018,0.529876828194,-0.180188581347
401,401,1413393906.055760383606,1413393906.055760383606,2,1,1,0,0,0,124,0,0,0,-1,1205,525,525,0,795,0.659751037344,525,1.272582195840,3.190491432783,1.643427908652,5.653333333333,0.666666666667,0,2464,20,nan,nan,0,5.970457000000,0.109352000000,2.044321298599,0.019954919815,1.647985935211,0.145261794329,-0.820083081722,0.528255581856,-0.165253847837
402,402,1413393906.105760574341,1413393906.105760574341,2,1,1,0,0,0,124,0,0,0,-1,1202,490,490,0,819,0.681364392679,490,1.383627605686,3.664599040428,1.801806667647,5.812244897959,0.729166666667,0,2465,21,0.000110353612,0.050000190735,1,7.389985000000,0.102234000000,2.053075551987,-0.004265189171,1.649304389954,0.143457233906,-0.821595132351,0.531867146492,-0.146693035960
403,403,1413393906.155760288239,1413393906.155760288239,2,1,1,0,0,0,124,0,0,0,-1,1203,476,476,0,789,0.655860349127,476,1.501155234281,3.570398799454,1.918214558541,5.762605042017,0.625000000000,0,2464,20,0.000172775559,0.049999713898,1,5.769911000000,0.104905000000,2.060123443604,-0.031148195267,1.650733709335,0.142000019550,-0.820056676865,0.539162397385,-0.129023045301
404,404,1413393906.205760478973,1413393906.205760478973,2,1,1,0,0,0,124,0,0,0,-1,1202,707,707,0,784,0.652246256240,707,0.742839377629,3.119914086544,1.183189764699,4.169731258840,0.750000000000,1,2464,20,0.000109016823,0.050000190735,1,6.136008000000,0.114450000000,2.066165208817,-0.059936165810,1.650615930557,0.141316741705,-0.815767943859,0.549719095230,-0.111180953681
405,405,1413393906.255760431290,1413393906.255760431290,2,1,1,0,0,0,124,0,0,0,-1,1206,531,531,0,803,0.665837479270,531,1.507140354837,3.736132085820,1.859313997850,5.990583804143,0.708333333333,0,2514,20,0.000137284049,0.049999952316,1,6.917980000000,0.112380000000,2.072055101395,-0.089806199074,1.649056673050,0.139618873596,-0.809543609619,0.562054216862,-0.096128709614
406,406,1413393906.305760622025,1413393906.305760622025,2,1,1,0,0,0,125,0,0,0,-1,1204,509,509,0,745,0.618770764120,509,1.272497502320,3.153648864193,1.667515544951,5.660117878193,0.625000000000,0,2366,15,nan,nan,0,5.664680000000,0.097202000000,2.082867622375,-0.117727160454,1.640423774719,0.137293830514,-0.803338944912,0.573492944241,-0.083083800972
407,407,1413393906.355760335922,1413393906.355760335922,2,1,1,0,0,0,125,0,0,0,-1,1203,507,507,0,754,0.626766417290,507,1.387741625333,3.367626706705,1.731583189469,5.832347140039,0.625000000000,0,2203,15,0.000113791335,0.049999713898,1,5.725208000000,0.090717000000,2.089586973190,-0.148947000504,1.634123325348,0.134030699730,-0.798926055431,0.581808328629,-0.072471268475
408,408,1413393906.405760526657,1413393906.405760526657,2,1,1,0,0,0,125,0,0,0,-1,1204,483,483,0,752,0.624584717608,483,1.417088544518,3.135540269185,1.715620946208,5.753623188406,0.541666666667,0,2223,16,0.000169735096,0.050000190735,1,5.619481000000,0.099526000000,2.097010612488,-0.179242849350,1.625266551971,0.129491820931,-0.796565532684,0.586917817593,-0.065137118101
409,409,1413393906.455760478973,1413393906.455760478973,2,1,1,0,0,0,125,0,0,0,-1,1203,459,459,0,706,0.586866167914,459,1.505687060869,3.570820687172,1.808268134408,5.712418300654,0.562500000000,0,2022,12,0.000207915407,0.049999952316,1,5.401378000000,0.093124000000,2.104936122894,-0.207559108734,1.613667011261,0.124248661101,-0.794001996517,0.592116773129,-0.059337463230
410,410,1413393906.505760431290,1413393906.505760431290,2,1,1,0,0,0,125,0,0,0,-1,1204,454,454,0,710,0.589700996678,454,1.554089510078,3.552779089887,1.865169484306,5.883259911894,0.541666666667,0,2022,12,0.000185981131,0.049999952316,1,6.238051000000,0.118658000000,2.113525867462,-0.234420180321,1.598608255386,0.117382854223,-0.793090939522,0.595136284828,-0.055144034326
411,411,1413393906.555760383606,1413393906.555760383606,2,1,1,0,0,0,125,0,0,0,-1,1207,457,457,0,733,0.607290803645,457,1.536483094183,3.744250340496,1.887748876036,5.687089715536,0.562500000000,0,2022,12,0.000201913819,0.049999952316,1,5.391756000000,0.113385000000,2.123174905777,-0.260321736336,1.580855250359,0.109232582152,-0.792505741119,0.597599565983,-0.053644172847
412,412,1413393906.605760574341,1413393906.605760574341,2,1,1,0,0,0,125,0,0,0,-1,1206,423,423,0,730,0.605306799337,423,1.597644483213,3.547097995801,1.929814574381,5.969267139480,0.562500000000,0,2022,12,0.000138621486,0.050000190735,1,5.364581000000,0.107096000000,2.133256673813,-0.284858345985,1.560137987137,0.098876304924,-0.792903125286,0.598772943020,-0.054763950408
413,413,1413393906.655760288239,1413393906.655760288239,2,1,1,0,0,0,125,0,0,0,-1,1206,437,437,0,693,0.574626865672,437,1.560355688067,3.616040611948,1.897498996336,5.816933638444,0.583333333333,0,2116,13,0.000096932359,0.049999713898,1,5.291954000000,0.111335000000,2.143253803253,-0.308028221130,1.537470579147,0.086628064513,-0.793356359005,0.599785804749,-0.057777836919
414,414,1413393906.705760478973,1413393906.705760478973,2,1,1,0,0,0,125,0,0,0,-1,1204,703,703,0,745,0.618770764120,703,0.740518009832,2.897165099873,1.120661270162,4.263157894737,0.770833333333,1,2022,12,0.000040082708,0.050000190735,1,6.167640000000,0.133860000000,2.153784513474,-0.329823136330,1.514626741409,0.073164068162,-0.794803142548,0.598918139935,-0.065055489540
415,415,1413393906.755760431290,1413393906.755760431290,2,1,1,0,0,0,125,0,0,0,-1,1204,540,540,0,731,0.607142857143,540,1.421334775816,3.310215884394,1.757484160906,6.124074074074,0.750000000000,0,2079,13,0.000026401671,0.049999952316,1,6.198368000000,0.110755000000,2.163490295410,-0.350354075432,1.492645263672,0.060668345541,-0.795615136623,0.598282456398,-0.073307462037
416,416,1413393906.805760622025,1413393906.805760622025,2,1,1,0,0,0,126,0,0,0,-1,1201,522,522,0,690,0.574521232306,522,1.213522395791,3.338079969465,1.645479363115,5.697318007663,0.729166666667,0,2131,13,nan,nan,0,5.530646000000,0.108544000000,2.186637878418,-0.368908703327,1.456606030464,0.049931123853,-0.794463336468,0.599944770336,-0.080006867647
417,417,1413393906.855760335922,1413393906.855760335922,2,1,1,0,0,0,126,0,0,0,-1,1204,529,529,0,716,0.594684385382,529,1.224359701720,3.278452668465,1.612645206770,5.663516068053,0.750000000000,0,2131,13,0.000084242769,0.049999713898,1,6.288338000000,0.117955000000,2.192057609558,-0.387293457985,1.435637950897,0.043390497565,-0.793165087700,0.601865351200,-0.082247518003
418,418,1413393906.905760526657,1413393906.905760526657,2,1,1,0,0,0,126,0,0,0,-1,1203,505,505,0,702,0.583541147132,505,1.308890415328,3.741756051598,1.753537333156,5.625742574257,0.750000000000,0,2193,14,0.000039430677,0.050000190735,1,5.704530000000,0.121322000000,2.194974899292,-0.404367029667,1.414872407913,0.039651516825,-0.790945231915,0.604981482029,-0.082649484277
419,419,1413393906.955760478973,1413393906.955760478973,2,1,1,0,0,0,126,0,0,0,-1,1203,500,500,0,690,0.573566084788,500,1.428322862257,3.702622473102,1.811591219417,5.618000000000,0.729166666667,0,2131,13,0.000076950128,0.049999952316,1,5.894113000000,0.121772000000,2.195404767990,-0.420315444469,1.394337654114,0.037555068731,-0.788683295250,0.608208835125,-0.081550151110
420,420,1413393907.005760431290,1413393907.005760431290,2,1,1,0,0,0,126,0,0,0,-1,1205,486,486,0,710,0.589211618257,486,1.550172037903,3.585536749890,1.875563845994,5.755144032922,0.708333333333,0,2193,14,0.000125678009,0.049999952316,1,5.480218000000,0.103093000000,2.193376302719,-0.434966385365,1.373963594437,0.037475936115,-0.787302792072,0.610304176807,-0.079238310456
421,421,1413393907.055760383606,1413393907.055760383606,2,1,1,0,0,0,126,0,0,0,-1,1205,495,495,0,695,0.576763485477,495,1.590321280271,3.600803945735,1.924823530587,5.496969696970,0.708333333333,0,2131,13,0.000151399989,0.049999952316,1,5.352007000000,0.107083000000,2.188650131226,-0.448067843914,1.352758407593,0.043164588511,-0.787455618382,0.610864758492,-0.069962978363
422,422,1413393907.105760574341,1413393907.105760574341,2,1,1,0,0,0,126,0,0,0,-1,1206,478,478,0,696,0.577114427861,478,1.479015723705,3.719761084646,1.895712709973,5.625523012552,0.708333333333,0,2193,14,0.000145041296,0.050000190735,1,6.012252000000,0.105903000000,2.182065725327,-0.459611356258,1.331510901451,0.049460545182,-0.788155913353,0.610529601574,-0.060146398842
423,423,1413393907.155760288239,1413393907.155760288239,2,1,1,0,0,0,126,0,0,0,-1,1205,465,465,0,660,0.547717842324,465,1.706638773356,3.789491098802,2.003127484315,5.572043010753,0.729166666667,0,2193,14,0.000096436197,0.049999713898,1,5.478689000000,0.082491000000,2.173987627029,-0.469680130482,1.310773372650,0.055290393531,-0.789669454098,0.608878552914,-0.051304049790
424,424,1413393907.205760478973,1413393907.205760478973,2,1,1,0,0,0,126,0,0,0,-1,1206,672,672,0,682,0.565505804312,672,0.932767455247,3.125759316377,1.262633583750,4.337797619048,0.833333333333,1,2131,13,0.000082650520,0.050000190735,1,5.436406000000,0.111689000000,2.165039300919,-0.478981554508,1.290559530258,0.062099546194,-0.790583014488,0.607835888863,-0.040715146810
425,425,1413393907.255760431290,1413393907.255760431290,2,1,1,0,0,0,126,0,0,0,-1,1204,489,489,0,649,0.539036544850,489,1.491299839530,3.789681996201,1.876656225943,6.214723926380,0.854166666667,0,2234,15,0.000021732732,0.049999952316,1,6.333148000000,0.109957000000,2.155394554138,-0.487472355366,1.271026134491,0.071447633207,-0.791118144989,0.606879949570,-0.026909930632
426,426,1413393907.305760622025,1413393907.305760622025,2,1,1,0,0,0,127,0,0,0,-1,1205,507,507,0,625,0.518672199170,507,1.296535150558,3.491236325190,1.675721235449,6.291913214990,0.812500000000,0,2162,14,nan,nan,0,5.035408000000,0.088777000000,2.156507492065,-0.507578611374,1.244597315788,0.082260102034,-0.791796386242,0.605124354362,-0.010784137063
427,427,1413393907.355760335922,1413393907.355760335922,2,1,1,0,0,0,127,0,0,0,-1,1207,500,500,0,609,0.504556752278,500,1.353300857985,3.457112444712,1.700454597714,6.346000000000,0.750000000000,0,2231,16,0.000094260147,0.049999713898,1,5.679360000000,0.099293000000,2.149382591248,-0.512329220772,1.225777506828,0.092570662498,-0.790892541409,0.604894518852,0.004719667137
428,428,1413393907.405760526657,1413393907.405760526657,2,1,1,0,0,0,127,0,0,0,-1,1208,475,475,0,619,0.512417218543,475,1.431058688957,3.658358102439,1.812102073064,6.292631578947,0.750000000000,0,2231,16,0.000119470118,0.050000190735,1,5.518536000000,0.085597000000,2.145249843597,-0.515254974365,1.208747982979,0.097242243588,-0.792130351067,0.602406203747,0.013429672457
429,429,1413393907.455760478973,1413393907.455760478973,2,1,1,0,0,0,127,0,0,0,-1,1209,480,480,0,634,0.524400330852,480,1.533522175510,3.635980676156,1.906185139470,6.354166666667,0.812500000000,0,2162,14,0.000180466450,0.049999952316,1,5.457359000000,0.087487000000,2.145647525787,-0.516846299171,1.195783495903,0.094601482153,-0.794634044170,0.599580466747,0.010517936200
430,430,1413393907.505760431290,1413393907.505760431290,2,1,1,0,0,0,127,0,0,0,-1,1206,459,459,0,649,0.538142620232,459,1.521749150837,3.796783038577,1.952307910282,6.427015250545,0.833333333333,0,2224,15,0.000179525494,0.049999952316,1,5.844560000000,0.101957000000,2.149545907974,-0.516444683075,1.187287449837,0.089223876595,-0.796732068062,0.597700774670,0.003301932709
431,431,1413393907.555760383606,1413393907.555760383606,2,1,1,0,0,0,127,0,0,0,-1,1206,477,477,0,637,0.528192371476,477,1.535529611166,4.084065676913,1.965973052996,6.442348008386,0.833333333333,0,2231,16,0.000134425311,0.049999952316,1,5.432287000000,0.086142000000,2.156724929810,-0.516256868839,1.184977531433,0.078783705831,-0.798531651497,0.596679151058,-0.010697209276
432,432,1413393907.605760574341,1413393907.605760574341,2,1,1,0,0,0,127,0,0,0,-1,1205,488,488,0,636,0.527800829876,488,1.395821181628,3.970688084838,1.852932950738,6.448770491803,0.812500000000,0,2231,16,0.000138781412,0.050000190735,1,5.456142000000,0.113452000000,2.165014743805,-0.515784084797,1.186809301376,0.071569822729,-0.798579275608,0.597246766090,-0.021099336445
433,433,1413393907.655760288239,1413393907.655760288239,2,1,1,0,0,0,127,0,0,0,-1,1204,474,474,0,654,0.543189368771,474,1.461550603798,3.742630532383,1.854440251215,6.443037974684,0.875000000000,0,2231,16,0.000105435392,0.049999713898,1,5.596471000000,0.122482000000,2.173748731613,-0.514930605888,1.188118219376,0.065644718707,-0.799923598766,0.595787703991,-0.029156301171
434,434,1413393907.705760478973,1413393907.705760478973,2,1,1,0,0,0,127,0,0,0,-1,1202,698,698,0,676,0.562396006656,698,0.803683399083,3.118343072895,1.239970546008,5.005730659026,0.875000000000,1,2231,16,0.000136343209,0.050000190735,1,6.817792000000,0.114857000000,2.181984424591,-0.513458073139,1.187330245972,0.061443250626,-0.802242696285,0.592805087566,-0.034836653620
435,435,1413393907.755760431290,1413393907.755760431290,2,1,1,0,0,0,127,0,0,0,-1,1202,563,563,0,673,0.559900166389,563,1.332606040576,3.733180728354,1.779812312315,7.165186500888,0.833333333333,0,2090,14,0.000156932816,0.049999952316,1,6.255473000000,0.135300000000,2.190115690231,-0.511892437935,1.183044195175,0.058901928365,-0.803807020187,0.590718448162,-0.038427755237
436,436,1413393907.805760622025,1413393907.805760622025,2,1,1,0,0,0,128,0,0,0,-1,1205,560,560,0,675,0.560165975104,560,1.287241662219,3.344623070559,1.630228348840,7.075000000000,0.833333333333,0,2088,14,nan,nan,0,5.227322000000,0.093966000000,2.205253601074,-0.507317066193,1.166994333267,0.056903872639,-0.803395450115,0.591243445873,-0.041820086539
437,437,1413393907.855760335922,1413393907.855760335922,2,1,1,0,0,0,128,0,0,0,-1,1204,564,564,0,662,0.549833887043,564,1.454561806776,3.288832093948,1.733711761397,6.994680851064,0.833333333333,0,2241,16,0.000332303811,0.049999713898,1,6.349071000000,0.128119000000,2.212972879410,-0.505578517914,1.153467655182,0.054962679744,-0.802286326885,0.592805325985,-0.043562054634
438,438,1413393907.905760526657,1413393907.905760526657,2,1,1,0,0,0,128,0,0,0,-1,1206,522,522,0,649,0.538142620232,522,1.559234706672,3.527126970940,1.825810505829,7.204980842912,0.812500000000,0,2268,17,0.000400793884,0.050000190735,1,5.766703000000,0.088455000000,2.220113992691,-0.503643214703,1.134349107742,0.053367540240,-0.800111651421,0.595733642578,-0.045550014824
439,439,1413393907.955760478973,1413393907.955760478973,2,1,1,0,0,0,128,0,0,0,-1,1204,515,515,0,645,0.535714285714,515,1.611563620554,3.326310809553,1.844090273227,7.359223300971,0.833333333333,0,2268,17,0.000295867299,0.049999952316,1,6.326296000000,0.087870000000,2.226126909256,-0.501287162304,1.109503030777,0.054405897856,-0.797888755798,0.598778665066,-0.043333448470
440,440,1413393908.005760431290,1413393908.005760431290,2,1,1,0,0,0,128,0,0,0,-1,1207,497,497,0,651,0.539353769677,497,1.710252106777,3.894077009286,1.968089960094,7.376257545272,0.833333333333,0,2268,17,0.000265194394,0.049999952316,1,6.534643000000,0.101088000000,2.231232643127,-0.497804045677,1.081511020660,0.055741615593,-0.796139299870,0.601211488247,-0.039999075234
441,441,1413393908.055760383606,1413393908.055760383606,2,1,1,0,0,0,128,0,0,0,-1,1205,488,488,0,645,0.535269709544,488,1.626490840325,4.113551425539,1.989063883725,7.338114754098,0.854166666667,0,2268,17,0.000331446441,0.049999952316,1,5.706535000000,0.090889000000,2.235929250717,-0.492697298527,1.053561806679,0.058240544051,-0.794909119606,0.602874159813,-0.035642925650
442,442,1413393908.105760574341,1413393908.105760574341,2,1,1,0,0,0,128,0,0,0,-1,1205,445,445,0,640,0.531120331950,445,1.714976608902,3.998943636524,2.047887156440,7.667415730337,0.812500000000,0,2241,16,0.000137386989,0.050000190735,1,6.142792000000,0.079136000000,2.240365266800,-0.485637426376,1.027195930481,0.059944752604,-0.795994162560,0.601473510265,-0.032087091357
443,443,1413393908.155760288239,1413393908.155760288239,2,1,1,0,0,0,128,0,0,0,-1,1205,642,642,0,669,0.555186721992,642,0.999060202740,3.235412254596,1.363328611519,5.906542056075,0.854166666667,1,2241,16,0.000059468526,0.049999713898,1,5.672840000000,0.100266000000,2.244770765305,-0.476564824581,1.002586603165,0.060952395201,-0.799222290516,0.597207486629,-0.029527917504
444,444,1413393908.205760478973,1413393908.205760478973,2,1,1,0,0,0,128,0,0,0,-1,1203,499,499,0,686,0.570241064007,499,1.453053262437,3.561553886147,1.812402079584,7.699398797595,0.854166666667,0,2326,18,0.000105598221,0.050000190735,1,6.834165000000,0.145801000000,2.249310493469,-0.466245234013,0.981873333454,0.062323410064,-0.801352083683,0.594345986843,-0.026524359360
445,445,1413393908.255760431290,1413393908.255760431290,2,1,1,0,0,0,129,0,0,0,-1,1209,543,543,0,659,0.545078577337,543,1.272035480877,3.113462172951,1.613208733679,7.871086556169,0.812500000000,0,2321,18,nan,nan,0,5.661765000000,0.094475000000,2.252781867981,-0.449983954430,0.955937623978,0.062540970743,-0.801569640636,0.594053089619,-0.025993255898
446,446,1413393908.305760622025,1413393908.305760622025,2,1,1,0,0,0,129,0,0,0,-1,1203,531,531,0,672,0.558603491272,531,1.303490246442,3.149097866331,1.660379750665,7.730696798493,0.833333333333,0,2321,18,0.000233359518,0.050000190735,1,6.488838000000,0.090700000000,2.257528066635,-0.437641322613,0.942125558853,0.062620081007,-0.798987030983,0.597536027431,-0.025479758158
447,447,1413393908.355760335922,1413393908.355760335922,2,1,1,0,0,0,129,0,0,0,-1,1203,539,539,0,667,0.554447215295,539,1.342160073035,3.377695655369,1.759304134828,7.721706864564,0.875000000000,0,2314,17,0.000519489637,0.049999713898,1,6.932652000000,0.218686000000,2.262774229050,-0.425000131130,0.930978894234,0.061214059591,-0.793608546257,0.604748666286,-0.026785638183
448,448,1413393908.405760526657,1413393908.405760526657,2,1,1,0,0,0,129,0,0,0,-1,1207,504,504,0,657,0.544324772162,504,1.389927977204,3.398785217064,1.814881767410,8.013888888889,0.875000000000,0,2321,18,0.000594455923,0.050000190735,1,6.201138000000,2.481210000000,2.268412590027,-0.411015987396,0.919649600983,0.060364853591,-0.791596233845,0.607442378998,-0.027301482856
449,449,1413393908.455760478973,1413393908.455760478973,2,1,1,0,0,0,129,0,0,0,-1,1206,491,491,0,642,0.532338308458,491,1.368804380184,3.538778879637,1.805172002496,8.044806517312,0.854166666667,0,2294,17,0.000492514111,0.049999952316,1,6.508286000000,0.094077000000,2.274331808090,-0.396342337132,0.909022331238,0.058967798948,-0.791915833950,0.607116460800,-0.028313919902
450,450,1413393908.505760431290,1413393908.505760431290,2,1,1,0,0,0,129,0,0,0,-1,1204,487,487,0,679,0.563953488372,487,1.450632661720,3.309850588894,1.832676110035,8.012320328542,0.854166666667,0,2321,18,0.000265805429,0.049999952316,1,6.045504000000,0.107490000000,2.280330657959,-0.380902409554,0.898368716240,0.057728853077,-0.793909013271,0.604608893394,-0.028704438359
451,451,1413393908.555760383606,1413393908.555760383606,2,1,1,0,0,0,129,0,0,0,-1,1205,482,482,0,700,0.580912863071,482,1.506882525513,3.846158397896,1.894144141853,8.120331950207,0.833333333333,0,2321,18,0.000094075804,0.049999952316,1,6.523347000000,0.106333000000,2.286273479462,-0.364706695080,0.887872338295,0.057271204889,-0.796580493450,0.601163923740,-0.027954462916
452,452,1413393908.605760574341,1413393908.605760574341,2,1,1,0,0,0,129,0,0,0,-1,1201,452,452,0,715,0.595337218984,452,1.405472427574,3.396823107394,1.799598368591,8.526548672566,0.791666666667,0,2321,18,0.000057413676,0.050000190735,1,6.117036000000,0.104226000000,2.292751789093,-0.347751438618,0.878250002861,0.054757811129,-0.799391984940,0.597555100918,-0.030034309253
453,453,1413393908.655760288239,1413393908.655760288239,2,1,1,0,0,0,129,0,0,0,-1,1207,670,670,0,680,0.563380281690,670,0.807647777028,2.878018993279,1.147798480153,6.019402985075,0.854166666667,1,2342,19,0.000035206638,0.049999713898,1,6.517383000000,0.118927000000,2.298956155777,-0.329720318317,0.868572473526,0.050813820213,-0.802947640419,0.592920482159,-0.033741623163
454,454,1413393908.705760478973,1413393908.705760478973,2,1,1,0,0,0,129,0,0,0,-1,1202,474,474,0,714,0.594009983361,474,1.459210193518,3.448357289635,1.747174749007,8.681434599156,0.791666666667,0,2428,20,0.000047167872,0.050000190735,1,6.155982000000,0.119723000000,2.305549383163,-0.311570107937,0.861314892769,0.039421480149,-0.805501163006,0.589326143265,-0.048048414290
455,455,1413393908.755760431290,1413393908.755760431290,2,1,1,0,0,0,130,0,0,0,-1,1205,527,527,0,715,0.593360995851,527,1.304048320606,2.956489110921,1.556578427047,8.296015180266,0.812500000000,0,2399,19,nan,nan,0,6.469701000000,0.131311000000,2.311240673065,-0.292736291885,0.865793108940,0.027170062065,-0.806548595428,0.587145566940,-0.063256405294
456,456,1413393908.805760622025,1413393908.805760622025,2,1,1,0,0,0,130,0,0,0,-1,1205,498,498,0,714,0.592531120332,498,1.291198950568,3.124729285719,1.646892885248,8.475903614458,0.791666666667,0,2399,19,0.000177815236,0.050000190735,1,5.942014000000,0.104001000000,2.313982725143,-0.274152249098,0.862056136131,0.016987141222,-0.803817689419,0.589811623096,-0.075570404530
457,457,1413393908.855760335922,1413393908.855760335922,2,1,1,0,0,0,130,0,0,0,-1,1205,492,492,0,754,0.625726141079,492,1.356000301214,3.003448281567,1.661437486330,8.493902439024,0.812500000000,0,2420,20,0.000118279866,0.049999713898,1,6.197747000000,0.107182000000,2.312797546387,-0.256709247828,0.863080143929,0.011831426993,-0.798299193382,0.596699059010,-0.080800548196
458,458,1413393908.905760526657,1413393908.905760526657,2,1,1,0,0,0,130,0,0,0,-1,1204,482,482,0,742,0.616279069767,482,1.375303835331,3.176159989375,1.673228059386,8.645228215768,0.812500000000,0,2420,20,0.000139573385,0.050000190735,1,8.094069000000,0.099814000000,2.307189702988,-0.238676905632,0.867139220238,0.014779759571,-0.793468773365,0.603819489479,-0.074772179127
459,459,1413393908.955760478973,1413393908.955760478973,2,1,1,0,0,0,130,0,0,0,-1,1212,523,523,0,674,0.556105610561,523,1.335105374719,3.156170872008,1.633571774602,8.709369024857,0.833333333333,0,2420,20,0.000215115113,0.049999952316,1,6.575683000000,0.102478000000,2.298131942749,-0.221317946911,0.872420728207,0.023826930672,-0.792727768421,0.606061577797,-0.060862813145
460,460,1413393909.005760431290,1413393909.005760431290,2,1,1,0,0,0,130,0,0,0,-1,1203,532,532,0,671,0.557772236076,532,1.222968345035,3.001725862409,1.514734498355,8.272556390977,0.833333333333,0,2399,19,0.000213159758,0.049999952316,1,6.355636000000,0.113376000000,2.286884784698,-0.202899277210,0.880158424377,0.032273143530,-0.794440090656,0.604611992836,-0.047621276230
461,461,1413393909.055760383606,1413393909.055760383606,2,1,1,0,0,0,130,0,0,0,-1,1205,502,502,0,658,0.546058091286,502,1.187978842822,2.933785332636,1.548539384753,8.517928286853,0.812500000000,0,2420,20,0.000124225233,0.049999952316,1,6.327327000000,0.108479000000,2.274269580841,-0.183635830879,0.890271425247,0.040382422507,-0.796437501907,0.602405786514,-0.034117169678
462,462,1413393909.105760574341,1413393909.105760574341,2,1,1,0,0,0,130,0,0,0,-1,1207,518,518,0,692,0.573322286661,518,1.311705938141,3.444381695111,1.656063538261,8.592664092664,0.770833333333,0,2392,18,0.000141864570,0.050000190735,1,7.311973000000,0.152228000000,2.261624336243,-0.162933647633,0.901612758636,0.046005718410,-0.798654615879,0.599555134773,-0.023829486221
463,463,1413393909.155760288239,1413393909.155760288239,2,1,1,0,0,0,130,0,0,0,-1,1204,728,728,0,694,0.576411960133,728,0.912444169445,2.643130488078,1.188471993092,6.815934065934,0.812500000000,1,2420,20,0.000167430408,0.049999713898,1,6.764849000000,0.121359000000,2.249898433685,-0.141121149063,0.913685917854,0.049575407058,-0.800180792809,0.597491681576,-0.016024312004
464,464,1413393909.205760478973,1413393909.205760478973,2,1,1,0,0,0,130,0,0,0,-1,1205,558,558,0,659,0.546887966805,558,1.142536820952,2.950819044488,1.515332501219,9.374551971326,0.770833333333,0,2393,20,0.000072526243,0.050000190735,1,6.610098000000,0.153163000000,2.238705396652,-0.119055688381,0.925844013691,0.051091931760,-0.800975382328,0.596418261528,-0.010647211224
465,465,1413393909.255760431290,1413393909.255760431290,2,1,1,0,0,0,131,0,0,0,-1,1204,566,566,0,693,0.575581395349,566,1.067970348374,2.736793171985,1.362383216979,9.399293286219,0.750000000000,0,2417,20,nan,nan,0,6.143253000000,0.091249000000,2.235505104065,-0.098341226578,0.932555377483,0.050798457116,-0.800254523754,0.597464978695,-0.006911552977
466,466,1413393909.305760622025,1413393909.305760622025,2,1,1,0,0,0,131,0,0,0,-1,1206,538,538,0,685,0.567993366501,538,1.115142331470,2.673768490151,1.396171004078,9.671003717472,0.770833333333,0,2417,20,0.000163335571,0.050000190735,1,6.031065000000,0.111980000000,2.225535392761,-0.074594140053,0.941317856312,0.051094200462,-0.799565672874,0.598391592503,-0.003408697434
467,467,1413393909.355760335922,1413393909.355760335922,2,1,1,0,0,0,131,0,0,0,-1,1204,550,550,0,702,0.583056478405,550,1.109909618916,2.823470527824,1.457616677702,9.632727272727,0.750000000000,0,2389,20,0.000130953107,0.049999713898,1,6.725527000000,0.115644000000,2.216662168503,-0.050604820251,0.947370469570,0.050989594311,-0.799304902554,0.598758459091,-0.000461262389
468,468,1413393909.405760526657,1413393909.405760526657,2,1,1,0,0,0,131,0,0,0,-1,1206,561,561,0,709,0.587893864013,561,1.141319978069,2.886784580523,1.491041287730,9.556149732620,0.708333333333,0,2410,21,0.000166401631,0.050000190735,1,6.419941000000,0.112171000000,2.208937883377,-0.025791883469,0.950593590736,0.050162788481,-0.799577355385,0.598462402821,0.001596368966
469,469,1413393909.455760478973,1413393909.455760478973,2,1,1,0,0,0,131,0,0,0,-1,1205,544,544,0,696,0.577593360996,544,1.134398746442,3.079383011274,1.496061029809,9.718750000000,0.687500000000,0,2389,20,0.000089234200,0.049999952316,1,6.428798000000,0.098070000000,2.202534675598,0.000037431717,0.950906515121,0.048926513642,-0.800228893757,0.597690165043,0.002547786804
470,470,1413393909.505760431290,1413393909.505760431290,2,1,1,0,0,0,131,0,0,0,-1,1207,522,522,0,691,0.572493786247,522,1.154808894323,2.754178803157,1.464869827162,9.775862068966,0.729166666667,0,2410,21,0.000092386486,0.049999952316,1,6.684841000000,0.122673000000,2.197374582291,0.026846289635,0.948754072189,0.047465935349,-0.800731480122,0.597133576870,0.002766957507
471,471,1413393909.555760383606,1413393909.555760383606,2,1,1,0,0,0,131,0,0,0,-1,1209,499,499,0,688,0.569065343259,499,1.130365023586,2.781841463222,1.424326790956,9.923847695391,0.666666666667,0,2389,20,0.000055774082,0.049999952316,1,6.234566000000,0.100140000000,2.193296432495,0.054864168167,0.943210482597,0.046292614192,-0.802822113037,0.594409883022,0.003267409978
472,472,1413393909.605760574341,1413393909.605760574341,2,1,1,0,0,0,131,0,0,0,-1,1201,482,482,0,711,0.592006661116,482,1.276303043689,3.131098615427,1.601325081207,10.037344398340,0.625000000000,0,2410,21,0.000054834920,0.050000190735,1,6.340330000000,0.122392000000,2.190151929855,0.083946704865,0.934180021286,0.045067355037,-0.806897580624,0.588954150677,0.004275463056
473,473,1413393909.655760288239,1413393909.655760288239,2,1,1,0,0,0,131,0,0,0,-1,1204,699,699,0,738,0.612956810631,699,0.576863078753,2.382775050007,0.918631780354,6.998569384835,0.708333333333,1,2410,21,0.000041274994,0.049999713898,1,6.410146000000,0.120342000000,2.188023567200,0.113287925720,0.921785593033,0.043871030211,-0.812984824181,0.580600738525,0.005822631065
474,474,1413393909.705760478973,1413393909.705760478973,2,1,1,0,0,0,131,0,0,0,-1,1203,460,460,0,717,0.596009975062,460,1.227420329449,2.927403473213,1.501651443387,10.091304347826,0.708333333333,0,2477,21,0.000030092580,0.050000190735,1,6.262194000000,0.113406000000,2.186695814133,0.141970217228,0.907694220543,0.042317498475,-0.819554150105,0.571384608746,0.007742875256
475,475,1413393909.755760431290,1413393909.755760431290,2,1,1,0,0,0,132,0,0,0,-1,1204,455,455,0,714,0.593023255814,455,1.267409091328,3.137171723635,1.568008824224,9.876923076923,0.625000000000,0,2471,21,nan,nan,0,5.403500000000,0.130497000000,2.188905954361,0.174280107021,0.888642311096,0.040663767606,-0.826161205769,0.561871528625,0.010230512358
476,476,1413393909.805760622025,1413393909.805760622025,2,1,1,0,0,0,132,0,0,0,-1,1207,702,702,0,749,0.620546810273,702,0.433980463297,2.523080142669,0.898532983113,6.351851851852,0.687500000000,1,2471,21,0.000202329393,0.050000190735,1,6.400271000000,0.123945000000,2.190318584442,0.200846552849,0.871395170689,0.038204919547,-0.831437945366,0.554177403450,0.011782491580
477,477,1413393909.855760335922,1413393909.855760335922,2,1,1,0,0,0,132,0,0,0,-1,1207,496,496,0,663,0.549295774648,496,1.287362903678,2.942562514440,1.550921813114,9.308467741935,0.729166666667,0,2657,22,0.000119285331,0.049999713898,1,6.855348000000,0.104863000000,2.192820787430,0.225235819817,0.852346837521,0.036227356642,-0.836069524288,0.547248661518,0.013942316175
478,478,1413393909.905760526657,1413393909.905760526657,2,1,1,0,0,0,133,0,0,0,-1,1207,464,464,0,707,0.585749792875,464,1.250274555099,3.294832114316,1.675265141231,9.528017241379,0.687500000000,0,2617,23,nan,nan,0,6.013486000000,0.107627000000,2.195131301880,0.252551257610,0.827759742737,0.033751141280,-0.840381205082,0.540709078312,0.015938101336
479,479,1413393909.955760478973,1413393909.955760478973,2,1,1,0,0,0,133,0,0,0,-1,1206,435,435,0,694,0.575456053068,435,1.318320067844,3.505734227201,1.780215489434,9.367816091954,0.645833333333,0,2617,23,0.000111573172,0.049999952316,1,6.198120000000,0.134146000000,2.200225353241,0.272764801979,0.804886877537,0.031584896147,-0.843583226204,0.535769045353,0.017926758155
480,480,1413393910.005760431290,1413393910.005760431290,2,1,1,0,0,0,133,0,0,0,-1,1203,405,405,0,669,0.556109725686,405,1.379942855555,3.587638899021,1.787898564439,9.585185185185,0.604166666667,0,2625,24,0.000142562465,0.049999952316,1,5.708020000000,0.107076000000,2.206745386124,0.290576279163,0.780901491642,0.029499297962,-0.846513271332,0.531175911427,0.019931191579
481,481,1413393910.055760383606,1413393910.055760383606,2,1,1,0,0,0,133,0,0,0,-1,1206,645,645,0,677,0.561359867330,645,0.565877471113,2.883351691495,1.042027607514,6.254263565891,0.708333333333,1,2625,24,0.000162594864,0.049999952316,1,6.004961000000,0.111807000000,2.214944601059,0.305129170418,0.757665038109,0.027521178126,-0.849453270435,0.526509702206,0.021431736648
482,482,1413393910.105760574341,1413393910.105760574341,2,1,1,0,0,0,133,0,0,0,-1,1206,452,452,0,670,0.555555555556,452,1.439870274934,3.485417046818,1.799655125892,8.865044247788,0.750000000000,0,2710,25,0.000151785687,0.050000190735,1,6.944565000000,0.097430000000,2.224952220917,0.315714180470,0.737903714180,0.024115622044,-0.851777017117,0.522912085056,0.021384196356
483,483,1413393910.155760288239,1413393910.155760288239,2,1,1,0,0,0,134,0,0,0,-1,1203,416,416,0,674,0.560266001663,416,1.496531352232,3.289554783413,1.771193221925,9.036057692308,0.729166666667,0,2625,23,nan,nan,0,5.304198000000,0.107575000000,2.233979225159,0.318385422230,0.723254084587,0.020322585478,-0.854552805424,0.518559813499,0.020550163463
484,484,1413393910.205760478973,1413393910.205760478973,2,1,1,0,0,0,134,0,0,0,-1,1204,405,405,0,678,0.563122923588,405,1.641239179590,3.639578399042,1.938351587164,8.883950617284,0.666666666667,0,2625,23,0.000206025201,0.050000190735,1,5.925415000000,0.109252000000,2.246914386749,0.319972217083,0.711600422859,0.017601083964,-0.855994939804,0.516276001930,0.020544316620
485,485,1413393910.255760431290,1413393910.255760431290,2,1,1,0,0,0,134,0,0,0,-1,1207,364,364,0,646,0.535211267606,364,1.715412111133,4.061066518867,2.087239491779,9.758241758242,0.645833333333,0,2625,23,0.000221980023,0.049999952316,1,6.084664000000,0.100279000000,2.260893344879,0.316935718060,0.704248249531,0.015688529238,-0.857834219933,0.513253569603,0.021098617464
486,486,1413393910.305760622025,1413393910.305760622025,2,1,1,0,0,0,134,0,0,0,-1,1209,608,608,0,662,0.547559966915,608,0.696921384267,3.581064907491,1.242105872773,6.391447368421,0.729166666667,1,2625,23,0.000187265003,0.050000190735,1,5.556872000000,0.135622000000,2.275862455368,0.308683395386,0.700891196728,0.013091384433,-0.859487771988,0.510557651520,0.020981619135
487,487,1413393910.355760335922,1413393910.355760335922,2,1,1,0,0,0,134,0,0,0,-1,1211,429,429,0,684,0.564822460776,429,1.578461176604,3.781083933776,1.893098814409,9.039627039627,0.729166666667,0,2671,24,0.000380946964,0.049999713898,1,6.248935000000,0.120668000000,2.291486740112,0.293599665165,0.701773047447,0.008928128518,-0.863280117512,0.504306793213,0.018504014239
488,488,1413393910.405760526657,1413393910.405760526657,2,1,1,0,0,0,135,0,0,0,-1,1208,394,394,0,690,0.571192052980,394,1.476727727444,3.460758205391,1.785349238248,8.631979695431,0.687500000000,0,2580,23,nan,nan,0,5.274224000000,0.079582000000,2.304496765137,0.264912247658,0.708190977573,0.003347623628,-0.867726445198,0.496878474951,0.012309235521
489,489,1413393910.455760478973,1413393910.455760478973,2,1,1,0,0,0,135,0,0,0,-1,1208,397,397,0,670,0.554635761589,397,1.634848174993,3.744804138962,1.983156622476,8.123425692695,0.729166666667,0,2580,23,0.000258816144,0.049999952316,1,5.907542000000,0.125055000000,2.321817636490,0.240176826715,0.715767681599,0.003623134922,0.870329618454,-0.492434620857,-0.004630737938
490,490,1413393910.505760431290,1413393910.505760431290,2,1,1,0,0,0,135,0,0,0,-1,1204,372,372,0,693,0.575581395349,372,1.782831881602,3.849693300325,2.021272716672,8.610215053763,0.750000000000,0,2840,25,0.000204314885,0.049999952316,1,5.612688000000,0.096033000000,2.338550806046,0.209848344326,0.723874151707,0.008114320226,0.872626662254,-0.488317668438,0.001688811462
491,491,1413393910.555760383606,1413393910.555760383606,2,1,1,0,0,0,135,0,0,0,-1,1204,349,349,0,681,0.565614617940,349,1.713560400819,3.921657368064,2.029602526016,8.765042979943,0.750000000000,0,2840,25,0.000137647090,0.049999952316,1,5.833090000000,0.074729000000,2.354287385941,0.173649132252,0.730453372002,0.010712116025,0.873751461506,-0.486204922199,0.006967391819
492,492,1413393910.605760574341,1413393910.605760574341,2,1,1,0,0,0,135,0,0,0,-1,1204,626,626,0,710,0.589700996678,626,0.298222862998,3.312298836584,1.149079697674,5.699680511182,0.833333333333,1,2840,25,0.000150843960,0.050000190735,1,6.073777000000,0.107912000000,2.368566751480,0.132161170244,0.735238432884,0.010670320131,0.872466981411,-0.488443672657,0.010505356826
493,493,1413393910.655760288239,1413393910.655760288239,2,1,1,0,0,0,135,0,0,0,-1,1202,414,414,0,710,0.590682196339,414,1.515878154889,3.885894003578,1.955507625327,9.248792270531,0.854166666667,0,2975,26,0.000139808471,0.049999713898,1,6.285964000000,0.117462000000,2.381556987762,0.085314363241,0.737508475780,0.008959227242,0.869331181049,-0.493977487087,0.013012682088
494,494,1413393910.705760478973,1413393910.705760478973,2,1,1,0,0,0,136,0,0,0,-1,1209,441,441,0,709,0.586435070306,441,1.535036993915,3.310773630450,1.781049525664,9.766439909297,0.854166666667,0,2947,25,nan,nan,0,5.962068000000,0.141641000000,2.384833574295,0.028514981270,0.737527608871,0.008430056274,0.865399241447,-0.500670492649,0.018500275910
495,495,1413393910.755760431290,1413393910.755760431290,2,1,1,0,0,0,136,0,0,0,-1,1207,396,396,0,705,0.584092792046,396,1.538380664341,3.713376219575,1.915285148307,10.353535353535,0.812500000000,0,2947,25,0.000109860142,0.049999952316,1,6.316738000000,0.776330000000,2.395159721375,-0.026687711477,0.735034704208,0.006637447979,0.860350430012,-0.509170830250,0.022321702912
496,496,1413393910.805760622025,1413393910.805760622025,2,1,1,0,0,0,136,0,0,0,-1,1205,368,368,0,715,0.593360995851,368,1.470450909689,3.559793554619,1.796054228431,10.845108695652,0.791666666667,0,2947,25,0.000079126177,0.050000190735,1,5.962431000000,0.094531000000,2.404089689255,-0.085769295692,0.729229450226,0.002633256372,0.855846762657,-0.516653537750,0.024261148646
497,497,1413393910.855760335922,1413393910.855760335922,2,1,1,0,0,0,136,0,0,0,-1,1207,690,690,0,724,0.599834299917,690,0.298222685174,2.796678680160,0.985785634724,6.639130434783,0.812500000000,1,2714,23,0.000049182305,0.049999713898,1,6.327885000000,0.112509000000,2.411921024323,-0.148170977831,0.720808744431,0.002745015314,-0.851497650146,0.523722350597,-0.025675605983
498,498,1413393910.905760526657,1413393910.905760526657,2,1,1,0,0,0,136,0,0,0,-1,1205,462,462,0,705,0.585062240664,462,1.422305508188,3.269836407353,1.765099773905,10.608225108225,0.791666666667,0,2810,24,0.000074335847,0.050000190735,1,6.694765000000,0.099252000000,2.418579101562,-0.213718980551,0.710513532162,0.008819544688,-0.846317648888,0.531932473183,-0.026769170538
499,499,1413393910.955760478973,1413393910.955760478973,2,1,1,0,0,0,137,0,0,0,-1,1203,440,440,0,707,0.587697423109,440,1.288473469755,3.360441284706,1.643552244466,11.231818181818,0.833333333333,0,2781,23,nan,nan,0,6.187602000000,0.081022000000,2.426887273788,-0.292076319456,0.696017384529,0.015837714076,-0.838905632496,0.543372571468,-0.027069225907
500,500,1413393911.005760431290,1413393911.005760431290,2,1,1,0,0,0,137,0,0,0,-1,1206,452,452,0,717,0.594527363184,452,1.430497682264,3.519180049463,1.791717749109,11.519911504425,0.833333333333,0,2781,23,0.000119312521,0.049999952316,1,6.192014000000,0.906473000000,2.432042121887,-0.362181782722,0.682335019112,0.022535633296,-0.831675589085,0.554058611393,-0.028755366802
501,501,1413393911.055760383606,1413393911.055760383606,2,1,1,0,0,0,137,0,0,0,-1,1204,440,440,0,747,0.620431893688,440,1.343728661469,3.290330376755,1.707894571640,12.047727272727,0.812500000000,0,2804,24,0.000090946887,0.049999952316,1,5.883028000000,0.081186000000,2.436754941940,-0.433143585920,0.666486978531,0.029443139210,-0.825311601162,0.563056051731,-0.031012879685
502,502,1413393911.105760574341,1413393911.105760574341,2,1,1,0,0,0,137,0,0,0,-1,1208,430,430,0,706,0.584437086093,430,1.313243859777,3.394082963071,1.682894623191,11.988372093023,0.833333333333,0,2804,24,0.000096318188,0.050000190735,1,6.070941000000,0.114998000000,2.441012620926,-0.504560709000,0.649952590466,0.035217635334,-0.820028185844,0.570194602013,-0.034518968314
503,503,1413393911.155760288239,1413393911.155760288239,2,1,1,0,0,0,137,0,0,0,-1,1208,377,377,0,751,0.621688741722,377,1.466891387620,3.769640866389,1.876122306755,12.880636604775,0.854166666667,0,2781,23,0.000083870727,0.049999713898,1,5.627174000000,0.097587000000,2.444631099701,-0.576154470444,0.633118808270,0.040635578334,-0.816661775112,0.574441611767,-0.037805564702
504,504,1413393911.205760478973,1413393911.205760478973,2,1,1,0,0,0,137,0,0,0,-1,1203,632,632,0,658,0.546965918537,632,0.539651080770,2.807850228904,1.021816971656,8.299050632911,0.895833333333,1,2781,23,0.000044093453,0.050000190735,1,6.494207000000,0.108023000000,2.447779178619,-0.647900700569,0.616296112537,0.046137686819,-0.813404142857,0.578525125980,-0.039418470114
505,505,1413393911.255760431290,1413393911.255760431290,2,1,1,0,0,0,137,0,0,0,-1,1208,468,468,0,698,0.577814569536,468,1.371831119384,3.337931378182,1.759218810580,11.495726495726,0.833333333333,0,2848,24,0.000072326598,0.049999952316,1,6.860307000000,0.134060000000,2.450046300888,-0.719715356827,0.598983764648,0.050515320152,-0.811374068260,0.580930352211,-0.040499769151
506,506,1413393911.305760622025,1413393911.305760622025,2,1,1,0,0,0,138,0,0,0,-1,1201,419,419,0,619,0.515403830142,419,1.401963291254,3.637385572848,1.827075863148,11.625298329356,0.854166666667,0,2847,24,nan,nan,0,5.497552000000,0.082475000000,2.453865051270,-0.791659057140,0.582486629486,0.053355000913,-0.809159934521,0.583692908287,-0.041425526142
507,507,1413393911.355760335922,1413393911.355760335922,2,1,1,0,0,0,138,0,0,0,-1,1208,390,390,0,701,0.580298013245,390,1.498028243954,3.525486841217,1.882240496374,12.617948717949,0.833333333333,0,2831,24,0.000072553245,0.049999713898,1,6.707695000000,0.074977000000,2.455449581146,-0.862803578377,0.567349076271,0.056418873370,-0.803272783756,0.591538608074,-0.040643703192
508,508,1413393911.405760526657,1413393911.405760526657,2,1,1,0,0,0,138,0,0,0,-1,1205,660,660,0,676,0.560995850622,660,0.483518172453,2.761065158369,1.015795505780,8.128787878788,0.916666666667,1,2847,24,0.000125656763,0.050000190735,1,5.964664000000,0.109685000000,2.456758975983,-0.933076739311,0.552558183670,0.058942124248,-0.796906411648,0.599991202354,-0.038425512612
509,509,1413393911.455760478973,1413393911.455760478973,2,1,1,0,0,0,138,0,0,0,-1,1201,406,406,0,676,0.562864279767,406,1.269632294530,3.290306025434,1.676518273777,12.408866995074,0.854166666667,0,2765,23,0.000079319761,0.049999952316,1,6.508546000000,0.106455000000,2.457970619202,-1.001583456993,0.539130389690,0.060962997377,-0.790102183819,0.608860671520,-0.036203488708
510,510,1413393911.505760431290,1413393911.505760431290,2,1,1,0,0,0,139,0,0,0,-1,1206,396,396,0,647,0.536484245439,396,1.342484098935,3.333379137284,1.733677137843,12.406565656566,0.875000000000,0,2760,23,nan,nan,0,5.296327000000,0.077166000000,2.459653615952,-1.070047616959,0.523156166077,0.063015580177,-0.785097837448,0.615229845047,-0.033805448562
511,511,1413393911.555760383606,1413393911.555760383606,2,1,1,0,0,0,139,0,0,0,-1,1206,411,411,0,654,0.542288557214,411,1.550561043702,3.549560242649,1.918153324863,12.240875912409,0.812500000000,0,2760,23,0.000237999964,0.049999952316,1,5.694801000000,0.079472000000,2.461171150208,-1.132835149765,0.511605679989,0.064032636583,-0.782573878765,0.618522405624,-0.030133523047
512,512,1413393911.605760574341,1413393911.605760574341,2,1,1,0,0,0,139,0,0,0,-1,1207,636,636,0,664,0.550124275062,636,0.497532434328,2.988755673677,1.102650988097,7.654088050314,0.937500000000,1,2760,23,0.000266737334,0.050000190735,1,5.731825000000,0.108020000000,2.463068008423,-1.191161870956,0.504537224770,0.063782624900,-0.779787302017,0.622160255909,-0.027932995930
513,513,1413393911.655760288239,1413393911.655760288239,2,1,1,0,0,0,139,0,0,0,-1,1206,454,454,0,648,0.537313432836,454,1.563289153883,3.885568851565,1.931842923116,11.231277533040,0.895833333333,0,2603,23,0.000590707234,0.049999713898,1,7.030550000000,0.096380000000,2.465968132019,-1.246647596359,0.502781391144,0.063184067607,-0.775701105595,0.627375960350,-0.026362298056
514,514,1413393911.705760478973,1413393911.705760478973,2,1,1,0,0,0,140,0,0,0,-1,1203,442,442,0,659,0.547797173732,442,1.651043943303,3.718109643109,1.949728722244,11.085972850679,0.895833333333,0,2600,23,nan,nan,0,5.649483000000,0.086202000000,2.473305225372,-1.302344799042,0.507587432861,0.062736108899,-0.774248242378,0.629332125187,-0.023346144706
515,515,1413393911.755760431290,1413393911.755760431290,2,1,1,0,0,0,140,0,0,0,-1,1203,409,409,0,646,0.536990856193,409,2.031030269347,4.209580126040,2.313636290822,11.356968215159,0.875000000000,0,2506,22,0.000480789895,0.049999952316,1,6.237525000000,0.082875000000,2.477347612381,-1.348021268845,0.510487198830,0.060843285173,-0.778456032276,0.624374866486,-0.021456945688
516,516,1413393911.805760622025,1413393911.805760622025,2,1,1,0,0,0,140,0,0,0,-1,1206,646,646,0,663,0.549751243781,646,0.686153015962,3.385713102974,1.282099738792,7.698142414861,0.875000000000,1,2600,23,0.000732407090,0.050000190735,1,5.540333000000,0.117707000000,2.482345819473,-1.389834642410,0.517330050468,0.060128148645,-0.784925222397,0.616369307041,-0.019128721207
517,517,1413393911.855760335922,1413393911.855760335922,2,1,1,0,0,0,140,0,0,0,-1,1203,392,392,0,647,0.537822111388,392,1.754824956631,4.120354160824,2.102145246145,11.522959183673,0.875000000000,0,2634,24,0.000545866846,0.049999713898,1,6.333718000000,0.089476000000,2.488312721252,-1.428361535072,0.528275609016,0.058628395200,-0.792991995811,0.606149971485,-0.017567176372
518,518,1413393911.905760526657,1413393911.905760526657,2,1,1,0,0,0,141,0,0,0,-1,1205,604,604,0,634,0.526141078838,604,0.743823054256,3.257011045107,1.255429948107,7.091059602649,0.833333333333,1,2486,22,nan,nan,0,4.870544000000,0.099576000000,2.499514579773,-1.471615076065,0.548678040504,0.051838412881,-0.802866876125,0.593479573727,-0.022353516892
519,519,1413393911.955760478973,1413393911.955760478973,2,1,1,0,0,0,141,0,0,0,-1,1204,375,375,0,693,0.575581395349,375,2.136987771337,4.212028311331,2.356111747619,10.373333333333,0.812500000000,0,2580,23,0.000222722185,0.049999952316,1,5.536637000000,0.083965000000,2.507903099060,-1.505948781967,0.567079424858,0.042848259211,-0.813691616058,0.578860998154,-0.031464885920
520,520,1413393912.005760431290,1413393912.005760431290,2,1,1,0,0,0,142,0,0,0,-1,1205,607,607,0,654,0.542738589212,607,0.685114591958,3.504238878572,1.340443362360,6.851729818781,0.833333333333,1,2569,23,nan,nan,0,5.147095000000,0.112640000000,2.519650697708,-1.552997589111,0.590643405914,0.034347768873,-0.826160788536,0.561010003090,-0.039323795587
521,521,1413393912.055760383606,1413393912.055760383606,2,1,1,0,0,0,142,0,0,0,-1,1206,338,338,0,606,0.502487562189,338,1.961378556957,3.933823550392,2.209962167376,11.360946745562,0.770833333333,0,2653,24,0.000115892930,0.049999952316,1,5.828269000000,0.091657000000,2.527517080307,-1.590601921082,0.617074489594,0.027163380757,-0.837950348854,0.543182969093,-0.045318026096
522,522,1413393912.105760574341,1413393912.105760574341,2,1,1,0,0,0,143,0,0,0,-1,1204,584,584,0,610,0.506644518272,584,0.257574383061,2.840911726907,1.058427055050,6.426369863014,0.875000000000,1,2551,23,nan,nan,0,4.641926000000,0.098215000000,2.535276651382,-1.643583536148,0.648627161980,0.021952629089,-0.846668899059,0.529434382915,-0.048673324287
523,523,1413393912.155760288239,1413393912.155760288239,2,1,1,0,0,0,143,0,0,0,-1,1203,354,354,0,656,0.545303408146,354,1.532494049545,3.533861961190,1.887499519656,10.107344632768,0.833333333333,0,2654,24,0.000036141853,0.049999713898,1,6.131691000000,0.090096000000,2.540463209152,-1.688539266586,0.680272877216,0.017418803647,-0.853888630867,0.517723739147,-0.050329364836
524,524,1413393912.205760478973,1413393912.205760478973,2,1,1,0,0,0,144,0,0,0,-1,1204,296,296,0,633,0.525747508306,296,1.646128303902,4.135015123370,1.962212823865,9.641891891892,0.791666666667,0,2546,23,nan,nan,0,4.842992000000,0.064093000000,2.542515993118,-1.741021871567,0.712465584278,0.014184869826,-0.859270453453,0.508824884892,-0.050502017140
525,525,1413393912.255760431290,1413393912.255760431290,2,1,1,0,0,0,144,0,0,0,-1,1207,612,612,0,672,0.556752278376,612,0.000617179822,2.796472289529,0.936945503206,5.683006535948,0.812500000000,1,2546,23,0.000089574460,0.049999952316,1,5.455534000000,0.099901000000,2.544304609299,-1.794774055481,0.744925737381,0.012320854701,-0.862639069557,0.503253817558,-0.049373518676
526,526,1413393912.305760622025,1413393912.305760622025,2,1,1,0,0,0,144,0,0,0,-1,1205,366,366,0,696,0.577593360996,366,1.599251103797,3.481251498550,1.865570607318,8.379781420765,0.729166666667,0,2733,24,0.000128471103,0.050000190735,1,5.672499000000,0.148404000000,2.544559955597,-1.853517055511,0.777783393860,0.010188530199,-0.864513874054,0.500168979168,-0.048404488713
527,527,1413393912.355760335922,1413393912.355760335922,2,1,1,0,0,0,145,0,0,0,-1,1206,607,607,0,669,0.554726368159,607,0.000248395090,2.776563569487,1.007579070368,5.581548599671,0.729166666667,1,2720,24,nan,nan,0,5.459635000000,0.124716000000,2.544652938843,-1.920592904091,0.808444380760,0.008738825098,-0.863698840141,0.501742601395,-0.046929083765
528,528,1413393912.405760526657,1413393912.405760526657,2,1,1,0,0,0,145,0,0,0,-1,1202,341,341,0,662,0.550748752080,341,2.132899857933,4.058964477515,2.300602461413,10.111436950147,0.770833333333,0,2908,25,0.000113162030,0.050000190735,1,5.849770000000,0.076987000000,2.541799068451,-1.990431189537,0.843703329563,0.007347481325,-0.859340608120,0.509282886982,-0.045943934470
529,529,1413393912.455760478973,1413393912.455760478973,2,1,1,0,0,0,146,0,0,0,-1,1204,593,593,0,659,0.547342192691,593,0.000281358168,3.288723248961,1.100881734125,6.042158516020,0.854166666667,1,2787,23,nan,nan,0,5.068593000000,0.106068000000,2.536677360535,-2.070194482803,0.876542091370,0.006349042058,-0.851875603199,0.521808862686,-0.044534098357
530,530,1413393912.505760431290,1413393912.505760431290,2,1,1,0,0,0,146,0,0,0,-1,1204,351,351,0,650,0.539867109635,351,1.769141809623,4.115473581572,2.132288409548,9.752136752137,0.791666666667,0,2859,24,0.000077223376,0.049999952316,1,5.711135000000,0.097327000000,2.530620813370,-2.148770093918,0.912413120270,0.006635246333,-0.842704057693,0.536619067192,-0.042964491993
531,531,1413393912.555760383606,1413393912.555760383606,2,1,1,0,0,0,147,0,0,0,-1,1203,637,637,0,670,0.556940980881,637,0.000556893542,3.114059207482,1.008634772099,5.971742543171,0.833333333333,1,2698,22,nan,nan,0,5.577614000000,0.126414000000,2.521074056625,-2.225907802582,0.947249889374,0.006492146291,-0.834747731686,0.548934102058,-0.042725868523
532,532,1413393912.605760574341,1413393912.605760574341,2,1,1,0,0,0,147,0,0,0,-1,1204,363,363,0,653,0.542358803987,363,1.661955023952,4.059284328861,2.058350286451,9.308539944904,0.750000000000,0,2792,23,0.000094687595,0.050000190735,1,5.786856000000,0.080667000000,2.512472152710,-2.307750225067,0.977714419365,0.007302749902,-0.828448176384,0.558441936970,-0.041987612844
533,533,1413393912.655760288239,1413393912.655760288239,2,1,1,0,0,0,148,0,0,0,-1,1207,419,419,0,335,0.277547638774,419,1.033864232096,3.682373304663,1.444907134981,6.890214797136,0.770833333333,1,2772,23,nan,nan,0,4.374290000000,0.134529000000,2.504251956940,-2.392352819443,1.002248287201,0.009876026772,-0.822530329227,0.567193388939,-0.040472235531
534,534,1413393912.705760478973,1413393912.705760478973,2,1,1,0,0,0,148,0,0,0,-1,1204,319,319,0,359,0.298172757475,319,1.754373172982,4.134752204277,2.079727530136,9.855799373041,0.791666666667,0,2766,24,0.000092296592,0.050000190735,1,6.401111000000,0.076635000000,2.493444442749,-2.474533081055,1.025780200958,0.012596608140,-0.816965341568,0.575281620026,-0.038211692125
535,535,1413393912.755760431290,1413393912.755760431290,2,1,1,0,0,0,149,0,0,0,-1,1204,290,290,0,376,0.312292358804,290,1.606523319114,3.738438427802,1.998218182466,10.672413793103,0.750000000000,0,2690,23,nan,nan,0,4.353233000000,0.064592000000,2.480625152588,-2.554183483124,1.043444991112,0.015684146434,-0.811390399933,0.583199441433,-0.035751145333
536,536,1413393912.805760622025,1413393912.805760622025,2,1,1,0,0,0,149,0,0,0,-1,1205,565,565,0,587,0.487136929461,565,0.000210639003,2.517767190820,0.841146289827,5.722123893805,0.895833333333,1,2690,23,0.000042492571,0.050000190735,1,4.468352000000,0.104942000000,2.467717409134,-2.636652946472,1.060588836670,0.017952900380,-0.806839406490,0.589640140533,-0.031817030162
537,537,1413393912.855760335922,1413393912.855760335922,2,1,1,0,0,0,149,0,0,0,-1,1202,352,352,0,653,0.543261231281,352,1.616405206344,3.994757999408,1.973800084892,8.931818181818,0.854166666667,0,2805,24,0.000144720660,0.049999713898,1,5.978235000000,0.083208000000,2.453662395477,-2.718709468842,1.075070858002,0.018445653841,-0.803372800350,0.594582438469,-0.026901589707
538,538,1413393912.905760526657,1413393912.905760526657,2,1,1,0,0,0,150,0,0,0,-1,1208,322,322,0,689,0.570364238411,322,1.466750846323,3.676578070813,1.875639004447,9.692546583851,0.854166666667,0,2746,23,nan,nan,0,4.836420000000,0.072633000000,2.444747686386,-2.806383609772,1.080772757530,0.016601424664,-0.801153719425,0.597848713398,-0.021307365969
539,539,1413393912.955760478973,1413393912.955760478973,2,1,1,0,0,0,150,0,0,0,-1,1202,288,288,0,669,0.556572379368,288,1.470011447801,3.963855833290,1.913113525873,10.152777777778,0.770833333333,0,2746,23,0.000111932648,0.049999952316,1,5.242418000000,0.066368000000,2.428990602493,-2.886361598969,1.088918924332,0.012016879395,-0.800476133823,0.599025011063,-0.016209006310
540,540,1413393913.005760431290,1413393913.005760431290,2,1,1,0,0,0,150,0,0,0,-1,1204,273,273,0,680,0.564784053156,273,1.635999888219,4.167580785337,2.092798904432,9.780219780220,0.791666666667,0,2746,23,0.000182131465,0.049999952316,1,4.272267000000,0.067720000000,2.412636518478,-2.965419769287,1.095287322998,0.002674682532,-0.800174832344,0.599605441093,-0.013656721450
541,541,1413393913.055760383606,1413393913.055760383606,2,1,1,0,0,0,150,0,0,0,-1,1202,641,641,0,686,0.570715474210,641,0.000305175781,2.684488384069,0.811073573197,5.288611544462,0.854166666667,1,2746,23,0.000193543805,0.049999952316,1,4.650824000000,0.107560000000,2.395633220673,-3.043463706970,1.099920392036,0.009055710398,0.800020635128,-0.599777758121,0.012318548746
542,542,1413393913.105760574341,1413393913.105760574341,2,1,1,0,0,0,150,0,0,0,-1,1203,399,399,0,666,0.553615960100,399,1.578960526230,3.450744757141,1.803186518390,8.002506265664,0.791666666667,0,2891,24,0.000243316070,0.050000190735,1,5.467057000000,0.083670000000,2.377481937408,-3.120051383972,1.102675795555,0.022775955498,0.798474848270,-0.601500988007,0.010761764832
543,543,1413393913.155760288239,1413393913.155760288239,2,1,1,0,0,0,151,0,0,0,-1,1200,387,387,0,670,0.558333333333,387,1.487788922749,3.492904663454,1.826767821182,7.713178294574,0.916666666667,0,2779,22,nan,nan,0,4.797148000000,0.084371000000,2.361981868744,-3.187325000763,1.098696947098,0.038488399237,0.794435203075,-0.606060028076,0.009095052257
544,544,1413393913.205760478973,1413393913.205760478973,2,1,1,0,0,0,151,0,0,0,-1,1203,394,394,0,673,0.559434746467,394,1.568512153354,3.609679535784,1.846593814659,7.776649746193,0.812500000000,0,2779,22,0.000148731531,0.050000190735,1,5.231358000000,0.090205000000,2.341307401657,-3.260658025742,1.097933173180,0.054700504988,0.790897369385,-0.609466493130,0.006313337013
545,545,1413393913.255760431290,1413393913.255760431290,2,1,1,0,0,0,151,0,0,0,-1,1200,349,349,0,721,0.600833333333,349,1.524288381556,3.668075362917,1.913677385762,7.911174785100,0.791666666667,0,2779,22,0.000178613016,0.049999952316,1,5.031112000000,0.076887000000,2.318807363510,-3.331740379333,1.095356822014,0.072542376816,0.788078844547,-0.611273527145,0.003762964858
546,546,1413393913.305760622025,1413393913.305760622025,2,1,1,0,0,0,151,0,0,0,-1,1201,326,326,0,697,0.580349708576,326,1.772275152160,3.869673707541,2.115818462119,7.960122699387,0.812500000000,0,2779,22,0.000203570104,0.050000190735,1,4.594835000000,0.079018000000,2.294147729874,-3.400250911713,1.090103149414,0.089943461120,0.786366224289,-0.611176252365,-0.001419482520
547,547,1413393913.355760335922,1413393913.355760335922,2,1,1,0,0,0,151,0,0,0,-1,1201,303,303,0,660,0.549542048293,303,1.783097930732,3.667433249553,2.021842320037,8.491749174917,0.729166666667,0,2779,22,0.000193158761,0.049999713898,1,4.659491000000,0.077987000000,2.267070770264,-3.465901851654,1.082153081894,0.106970801950,0.786307275295,-0.608447074890,-0.008382434957
548,548,1413393913.405760526657,1413393913.405760526657,2,1,1,0,0,0,151,0,0,0,-1,1202,644,644,0,654,0.544093178037,644,0.000194208978,2.898112519515,0.926332157270,4.701863354037,0.895833333333,1,2779,22,0.000119779957,0.050000190735,1,4.465501000000,1.111807000000,2.237445592880,-3.529239177704,1.073555827141,0.125526398420,0.784810066223,-0.606718838215,-0.014442377724
549,549,1413393913.455760478973,1413393913.455760478973,2,1,1,0,0,0,151,0,0,0,-1,1203,404,404,0,720,0.598503740648,404,1.365376918471,3.316729008092,1.690490469654,6.537128712871,0.854166666667,0,2909,23,0.000166397527,0.049999952316,1,5.936582000000,0.086579000000,2.204409122467,-3.590461254120,1.066394329071,0.145008966327,0.781822621822,-0.606040537357,-0.020995311439
550,550,1413393913.505760431290,1413393913.505760431290,2,1,1,0,0,0,152,0,0,0,-1,1205,405,405,0,730,0.605809128631,405,1.493476992063,3.218870948833,1.768015472287,6.780246913580,0.770833333333,0,2899,23,nan,nan,0,4.676230000000,0.079864000000,2.169504404068,-3.639231443405,1.053688049316,0.163174614310,0.776674628258,-0.607665836811,-0.029879236594
551,551,1413393913.555760383606,1413393913.555760383606,2,1,1,0,0,0,152,0,0,0,-1,1201,355,355,0,673,0.560366361366,355,1.881389493945,4.056210176484,2.159604028313,7.194366197183,0.708333333333,0,2899,23,0.000178834001,0.049999952316,1,4.856764000000,0.085850000000,2.128969192505,-3.694761753082,1.050211310387,0.180434301496,0.770297229290,-0.610169172287,-0.042180936784
552,552,1413393913.605760574341,1413393913.605760574341,2,1,1,0,0,0,152,0,0,0,-1,1202,299,299,0,747,0.621464226290,299,2.015561876364,3.874457236465,2.300541531833,6.789297658863,0.729166666667,0,2899,23,0.000224449701,0.050000190735,1,4.869847000000,0.079373000000,2.084534406662,-3.747895717621,1.048922181129,0.196227669716,0.763589560986,-0.612574279308,-0.056378539652
553,553,1413393913.655760288239,1413393913.655760288239,2,1,1,0,0,0,152,0,0,0,-1,1200,671,671,0,732,0.610000000000,671,0.000262522133,3.385270785404,0.931879798366,4.159463487332,0.916666666667,1,2899,23,0.000271713565,0.049999713898,1,4.688385000000,0.133786000000,2.036829710007,-3.797560453415,1.049154043198,0.211166515946,0.755649626255,-0.615786015987,-0.072180613875
554,554,1413393913.705760478973,1413393913.705760478973,2,1,1,0,0,0,152,0,0,0,-1,1202,339,339,0,688,0.572379367720,339,1.970035910960,4.094629446880,2.228523720662,6.554572271386,0.875000000000,0,3044,24,0.000433248933,0.050000190735,1,5.496332000000,0.074707000000,1.986054658890,-3.842839241028,1.051672458649,0.225103557110,0.748438060284,-0.617466151714,-0.088907040656
555,555,1413393913.755760431290,1413393913.755760431290,2,1,1,0,0,0,153,0,0,0,-1,1205,334,334,0,687,0.570124481328,334,2.074947250732,4.162370903616,2.407786267474,6.805389221557,0.854166666667,0,2987,23,nan,nan,0,5.034016000000,0.078312000000,1.939152717590,-3.869147300720,1.050085783005,-0.239328742027,-0.740033209324,0.619753122330,0.104779213667
556,556,1413393913.805760622025,1413393913.805760622025,2,1,1,0,0,0,153,0,0,0,-1,1202,586,586,0,683,0.568219633943,586,0.000367480303,3.956873520460,1.315497869001,4.136518771331,0.895833333333,1,2987,23,0.000453451095,0.050000190735,1,5.177071000000,0.171554000000,1.884655952454,-3.904767274857,1.057855606079,-0.253847181797,-0.733034312725,0.619658172131,0.119357176125
557,557,1413393913.855760335922,1413393913.855760335922,2,1,1,0,0,0,153,0,0,0,-1,1200,332,332,0,731,0.609166666667,332,2.387327843992,4.787115154369,2.587147572890,6.972891566265,0.854166666667,0,3102,24,0.001035358640,0.049999713898,1,5.495145000000,0.081357000000,1.829089164734,-3.935501098633,1.065739989281,-0.268057972193,-0.726737380028,0.618198871613,0.133521065116
558,558,1413393913.905760526657,1413393913.905760526657,2,1,1,0,0,0,154,0,0,0,-1,1203,332,332,0,688,0.571903574397,332,2.357657876290,4.303696586361,2.622605769158,6.373493975904,0.833333333333,0,3028,23,nan,nan,0,4.722051000000,0.063913000000,1.784164905548,-3.948396682739,1.062257766724,-0.282759368420,-0.720143854618,0.616574108601,0.145864412189
559,559,1413393913.955760478973,1413393913.955760478973,2,1,1,0,0,0,154,0,0,0,-1,1201,597,597,0,662,0.551207327227,597,0.000248395090,3.909490688734,1.331755334353,4.157453936348,0.854166666667,1,3027,22,0.000379051547,0.049999952316,1,5.996146000000,0.108543000000,1.727879524231,-3.967855453491,1.071398615837,-0.295682311058,-0.715358138084,0.612549841404,0.160054802895
560,560,1413393914.005760431290,1413393914.005760431290,2,1,1,0,0,0,154,0,0,0,-1,1201,250,250,0,485,0.403830141549,250,2.386283214686,4.706218159977,2.639933794256,5.496000000000,0.812500000000,0,3119,24,0.000335877383,0.049999952316,1,5.369471000000,0.077744000000,1.670709609985,-3.982120513916,1.081984162331,-0.306075632572,-0.709094345570,0.609554231167,0.178736075759
561,561,1413393914.055760383606,1413393914.055760383606,2,1,1,0,0,0,155,0,0,0,-1,1203,614,614,0,686,0.570241064007,614,0.000363679062,3.311467271050,1.096745158072,3.682410423453,0.875000000000,1,3104,24,nan,nan,0,4.722587000000,0.124423000000,1.615611553192,-3.971582174301,1.086591482162,-0.315405189991,-0.701644241810,0.607330739498,0.198404416442
562,562,1413393914.105760574341,1413393914.105760574341,2,1,1,0,0,0,155,0,0,0,-1,1203,352,352,0,699,0.581047381546,352,2.147813418940,4.534713632760,2.415942867307,6.093750000000,0.791666666667,0,3224,25,0.000236880354,0.050000190735,1,5.858640000000,0.087546000000,1.560028076172,-3.974924087524,1.097167730331,-0.324114084244,-0.696966707706,0.600729763508,0.219798400998
563,563,1413393914.155760288239,1413393914.155760288239,2,1,1,0,0,0,156,0,0,0,-1,1206,700,700,0,718,0.595356550580,700,0.000445191392,3.316690724708,1.117342524793,4.087142857143,0.833333333333,1,3145,23,nan,nan,0,5.161440000000,0.123178000000,1.504176139832,-3.951694965363,1.105801701546,-0.333100408316,-0.694644927979,0.590021729469,0.241634055972
564,564,1413393914.205760478973,1413393914.205760478973,2,1,1,0,0,0,156,0,0,0,-1,1203,367,367,0,651,0.541147132170,367,1.928934032478,4.563848027272,2.323116029565,5.959128065395,0.833333333333,0,3258,25,0.000136538045,0.050000190735,1,5.765912000000,0.083898000000,1.452342033386,-3.945758581161,1.114400267601,-0.344309866428,-0.697224199772,0.572711825371,0.259480863810
565,565,1413393914.255760431290,1413393914.255760431290,2,1,1,0,0,0,157,0,0,0,-1,1203,635,635,0,687,0.571072319202,635,0.000357199094,2.994124808808,0.996912673154,3.571653543307,0.875000000000,1,3130,23,nan,nan,0,4.853075000000,0.121820000000,1.407245635986,-3.940937519073,1.117024898529,-0.356763035059,-0.697994232178,0.557018756866,0.274325340986
566,566,1413393914.305760622025,1413393914.305760622025,2,1,1,0,0,0,157,0,0,0,-1,1203,356,356,0,647,0.537822111388,356,1.793438137156,3.832489765678,2.116205360197,5.789325842697,0.812500000000,0,3193,24,0.000102847902,0.050000190735,1,5.156411000000,0.071964000000,1.360281944275,-3.929841518402,1.127293825150,-0.370404809713,-0.697429001331,0.542358636856,0.286775439978
567,567,1413393914.355760335922,1413393914.355760335922,2,1,1,0,0,0,158,0,0,0,-1,1201,630,630,0,669,0.557035803497,630,0.400782877447,3.131989808994,1.078221995227,3.969841269841,0.875000000000,1,3190,24,nan,nan,0,4.800598000000,0.107510000000,1.329207181931,-3.920174598694,1.133254408836,-0.383769780397,-0.695111751556,0.530072033405,0.297597318888
568,568,1413393914.405760526657,1413393914.405760526657,2,1,1,0,0,0,158,0,0,0,-1,1207,376,376,0,666,0.551781275891,376,1.714435959989,3.330883344940,1.884413343333,5.856382978723,0.833333333333,0,3231,25,0.000106235369,0.050000190735,1,4.984619000000,0.082244000000,1.286066055298,-3.906930446625,1.146030306816,-0.397890627384,-0.691449582577,0.518795549870,0.307297438383
569,569,1413393914.455760478973,1413393914.455760478973,2,1,1,0,0,0,159,0,0,0,-1,1200,365,365,0,651,0.542500000000,365,1.666996321271,3.705608754047,1.968435138078,5.010958904110,0.729166666667,0,2945,20,nan,nan,0,4.339298000000,0.106432000000,1.233332395554,-3.879225730896,1.163532137871,-0.414569824934,-0.685744345188,0.509568333626,0.313411474228
570,570,1413393914.505760431290,1413393914.505760431290,2,1,1,0,0,0,159,0,0,0,-1,1204,622,622,0,650,0.539867109635,622,0.000333069025,2.861812331500,0.976146202158,3.530546623794,0.937500000000,1,2882,19,0.000067338297,0.049999952316,1,4.691565000000,0.107902000000,1.193529844284,-3.865184307098,1.177200675011,-0.429878950119,-0.680125296116,0.501253902912,0.318399578333
571,571,1413393914.555760383606,1413393914.555760383606,2,1,1,0,0,0,159,0,0,0,-1,1205,393,393,0,659,0.546887966805,393,1.584576458242,3.744354217444,1.926456684519,5.086513994911,0.937500000000,0,2949,19,0.000044769484,0.049999952316,1,5.123531000000,0.079794000000,1.154500961304,-3.851016759872,1.192032694817,-0.444702565670,-0.671468257904,0.496991872787,0.323062241077
572,572,1413393914.605760574341,1413393914.605760574341,2,1,1,0,0,0,160,0,0,0,-1,1201,368,368,0,651,0.542048293089,368,1.545915586502,3.631022522103,1.931653813788,5.141304347826,0.895833333333,0,2589,13,nan,nan,0,4.510728000000,0.075317000000,1.125588417053,-3.856124401093,1.201478719711,-0.458030134439,-0.662585198879,0.493975758553,0.327379256487
573,573,1413393914.655760288239,1413393914.655760288239,2,1,1,0,0,0,160,0,0,0,-1,1201,348,348,0,653,0.543713572023,348,1.742739394514,3.624431557867,1.999953318107,5.181034482759,0.708333333333,0,2776,14,0.000111710549,0.049999713898,1,4.499095000000,0.072941000000,1.087576150894,-3.840589284897,1.216442108154,-0.470660179853,-0.653912723064,0.490364730358,0.332294464111
574,574,1413393914.705760478973,1413393914.705760478973,2,1,1,0,0,0,160,0,0,0,-1,1203,616,616,0,682,0.566916043225,616,0.000152587891,2.767340248549,0.966578386709,3.560064935065,0.854166666667,1,2353,10,0.000131008463,0.050000190735,1,4.739962000000,0.105933000000,1.049874782562,-3.824156761169,1.231187343597,-0.484676301479,-0.644805014133,0.486330658197,0.335853874683
575,575,1413393914.755760431290,1413393914.755760431290,2,1,1,0,0,0,160,0,0,0,-1,1203,395,395,0,690,0.573566084788,395,1.637171699696,3.271652863819,1.859264679569,5.488607594937,0.833333333333,0,2222,13,0.000097008298,0.049999952316,1,5.033644000000,0.097542000000,1.012609481812,-3.806695222855,1.246170639992,-0.499358534813,-0.635034978390,0.483109861612,0.337604105473
576,576,1413393914.805760622025,1413393914.805760622025,2,1,1,0,0,0,161,0,0,0,-1,1205,426,426,0,704,0.584232365145,426,1.648830405628,3.537395874393,1.943596581443,5.082159624413,0.770833333333,0,2140,12,nan,nan,0,4.305485000000,0.077906000000,0.962210893631,-3.776431560516,1.266593456268,-0.513798177242,-0.626624703407,0.477370619774,0.339809209108
577,577,1413393914.855760335922,1413393914.855760335922,2,1,1,0,0,0,161,0,0,0,-1,1202,357,357,0,690,0.574043261231,357,1.758599835142,3.842486821770,2.047507537183,5.257703081232,0.708333333333,0,2140,12,0.000133965834,0.049999713898,1,4.620424000000,0.094970000000,0.924992561340,-3.755707740784,1.280469775200,-0.527140676975,-0.619054198265,0.470858335495,0.342326074839
578,578,1413393914.905760526657,1413393914.905760526657,2,1,1,0,0,0,161,0,0,0,-1,1202,646,646,0,697,0.579866888519,646,0.000219268998,3.011675763925,1.083348203827,3.613003095975,0.875000000000,1,1939,11,0.000171889755,0.050000190735,1,4.643808000000,0.151523000000,0.887645483017,-3.733317852020,1.293556690216,-0.536084592342,-0.614792346954,0.462272763252,0.347775280476
579,579,1413393914.955760478973,1413393914.955760478973,2,1,1,0,0,0,161,0,0,0,-1,1204,447,447,0,673,0.558970099668,447,1.651024594588,3.678484044741,1.983018849945,5.149888143177,0.833333333333,0,2075,12,0.000157205068,0.049999952316,1,5.766247000000,0.095957000000,0.850092649460,-3.709398269653,1.305966496468,-0.541638493538,-0.614294171333,0.451097637415,0.354656636715
580,580,1413393915.005760431290,1413393915.005760431290,2,1,1,0,0,0,162,0,0,0,-1,1204,431,431,0,681,0.565614617940,431,1.520012439257,3.467990405988,1.819252976727,4.823665893271,0.812500000000,0,1984,10,nan,nan,0,4.550893000000,0.089949000000,0.797558546066,-3.698734283447,1.318643212318,-0.546846270561,-0.615795075893,0.438520193100,0.359799563885
581,581,1413393915.055760383606,1413393915.055760383606,2,1,1,0,0,0,162,0,0,0,-1,1201,393,393,0,652,0.542880932556,393,1.609804941853,3.495150899938,1.907133942821,4.727735368957,0.770833333333,0,1984,10,0.000205199671,0.049999952316,1,4.422596000000,0.076307000000,0.757995128632,-3.673692226410,1.331082940102,-0.549987256527,-0.616995453835,0.428687036037,0.364771455526
582,582,1413393915.105760574341,1413393915.105760574341,2,1,1,0,0,0,162,0,0,0,-1,1206,351,351,0,667,0.553067993367,351,1.798471776114,3.499846519630,2.059172491124,4.703703703704,0.770833333333,0,1984,10,0.000190196384,0.050000190735,1,4.746484000000,0.072872000000,0.717465400696,-3.648643493652,1.343624711037,-0.552458822727,-0.618296802044,0.420745760202,0.368064403534
583,583,1413393915.155760288239,1413393915.155760288239,2,1,1,0,0,0,162,0,0,0,-1,1203,608,608,0,646,0.536990856193,608,0.361092672213,3.267129764404,1.138600052390,3.480263157895,0.895833333333,1,1984,10,0.000282875204,0.049999713898,1,4.716094000000,0.106110000000,0.675690889359,-3.624005317688,1.356131672859,-0.554420650005,-0.619542002678,0.413977086544,0.370686501265
584,584,1413393915.205760478973,1413393915.205760478973,2,1,1,0,0,0,162,0,0,0,-1,1205,422,422,0,677,0.561825726141,422,1.693045322544,3.567448824802,1.968049262364,4.912322274882,0.916666666667,0,2068,11,0.000250076933,0.050000190735,1,5.950130000000,0.090851000000,0.632595062256,-3.600133657455,1.368304252625,-0.555764198303,-0.620275378227,0.409636259079,0.372267097235
585,585,1413393915.255760431290,1413393915.255760431290,2,1,1,0,0,0,163,0,0,0,-1,1202,426,426,0,655,0.544925124792,426,1.502287878367,3.560279474370,1.839046209500,5.115023474178,0.916666666667,0,2062,11,nan,nan,0,4.351511000000,0.091791000000,0.582534551620,-3.576811790466,1.384609222412,-0.556369543076,-0.620886325836,0.405933290720,0.374394506216
586,586,1413393915.305760622025,1413393915.305760622025,2,1,1,0,0,0,163,0,0,0,-1,1202,395,395,0,642,0.534109816972,395,1.766070050561,3.605074133639,2.002585649110,5.131645569620,0.895833333333,0,2062,11,0.000123981066,0.050000190735,1,4.922225000000,0.153783000000,0.536354303360,-3.554873466492,1.393182873726,-0.555314660072,-0.621175646782,0.405542284250,0.375901460648
587,587,1413393915.355760335922,1413393915.355760335922,2,1,1,0,0,0,163,0,0,0,-1,1202,638,638,0,656,0.545757071547,638,0.488238916032,3.101612495606,1.127242166462,3.750783699060,0.937500000000,1,2062,11,0.000159554111,0.049999713898,1,4.818962000000,0.107779000000,0.489061355591,-3.533944368362,1.398981332779,-0.549896299839,-0.622768282890,0.407228797674,0.379392355680
588,588,1413393915.405760526657,1413393915.405760526657,2,1,1,0,0,0,163,0,0,0,-1,1201,398,398,0,667,0.555370524563,398,1.602477002107,3.758291480713,1.894014162209,5.889447236181,0.916666666667,0,2091,11,0.000196515190,0.050000190735,1,5.509051000000,0.083443000000,0.440890550613,-3.514145851135,1.402477145195,-0.540665745735,-0.625676333904,0.410036355257,0.384811609983
589,589,1413393915.455760478973,1413393915.455760478973,2,1,1,0,0,0,164,0,0,0,-1,1204,405,405,0,674,0.559800664452,405,1.497112781510,3.780977376015,1.863469291060,5.906172839506,0.812500000000,0,2080,11,nan,nan,0,4.339223000000,0.071306000000,0.390118122101,-3.501554489136,1.407896518707,-0.527898609638,-0.629761695862,0.412386924028,0.393268764019
590,590,1413393915.505760431290,1413393915.505760431290,2,1,1,0,0,0,164,0,0,0,-1,1201,366,366,0,629,0.523730224813,366,1.626897407856,3.810985212282,1.975768055738,5.975409836066,0.791666666667,0,2080,11,0.000149457526,0.049999952316,1,4.765350000000,0.074443000000,0.340421438217,-3.484777927399,1.411132454872,-0.515492022038,-0.633483350277,0.415798932314,0.400097608566
591,591,1413393915.555760383606,1413393915.555760383606,2,1,1,0,0,0,164,0,0,0,-1,1201,620,620,0,632,0.526228143214,620,0.552910539464,3.065757776384,1.146267820797,4.293548387097,0.833333333333,1,2080,11,0.000188567894,0.049999952316,1,4.617020000000,0.104132000000,0.290366411209,-3.470153808594,1.414871096611,-0.506276309490,-0.636544048786,0.419409751892,0.403226345778
592,592,1413393915.605760574341,1413393915.605760574341,2,1,1,0,0,0,164,0,0,0,-1,1207,399,399,0,610,0.505385252693,399,1.579225242787,3.759399204012,1.947721337265,6.616541353383,0.854166666667,0,1841,11,0.000174926477,0.050000190735,1,4.968005000000,0.100734000000,0.240956544876,-3.457881689072,1.419331312180,-0.499815225601,-0.637720286846,0.425549715757,0.402995139360
593,593,1413393915.655760288239,1413393915.655760288239,2,1,1,0,0,0,165,0,0,0,-1,1207,381,381,0,622,0.515327257664,381,1.420891186935,3.586135535184,1.808225077461,6.076115485564,0.854166666667,0,2077,11,nan,nan,0,4.935446000000,0.084277000000,0.186868906021,-3.460007905960,1.428488373756,-0.496092379093,-0.639360249043,0.430532902479,0.399690210819
594,594,1413393915.705760478973,1413393915.705760478973,2,1,1,0,0,0,165,0,0,0,-1,1202,375,375,0,634,0.527454242928,375,1.431396397189,3.648568885987,1.790182887928,6.128000000000,0.791666666667,0,2077,11,0.000145550686,0.050000190735,1,4.585492000000,0.073802000000,0.139057159424,-3.451819896698,1.433274984360,-0.492200911045,-0.640857100487,0.434119820595,0.398221582174
595,595,1413393915.755760431290,1413393915.755760431290,2,1,1,0,0,0,165,0,0,0,-1,1203,630,630,0,643,0.534497090607,630,0.368041212921,3.015094863810,1.022365355562,4.285714285714,0.812500000000,1,2077,11,0.000141367054,0.049999952316,1,4.597911000000,1.269904000000,0.092223405838,-3.445124626160,1.438168406487,-0.487905830145,-0.642563581467,0.436957478523,0.397653222084
596,596,1413393915.805760622025,1413393915.805760622025,2,1,1,0,0,0,165,0,0,0,-1,1205,410,410,0,599,0.497095435685,410,1.435113986156,3.479863599442,1.759108817370,6.585365853659,0.833333333333,0,1872,11,0.000196676410,0.050000190735,1,5.489546000000,0.109320000000,0.046386241913,-3.440093755722,1.442744016647,-0.483547657728,-0.644897282124,0.437895357609,0.398166984320
597,597,1413393915.855760335922,1413393915.855760335922,2,1,1,0,0,0,166,0,0,0,-1,1203,406,406,0,637,0.529509559435,406,1.519700979063,3.632669792961,1.867774588049,6.514778325123,0.833333333333,0,1867,11,nan,nan,0,4.684769000000,0.109543000000,-0.004800558090,-3.436773538589,1.450812101364,-0.480212807655,-0.647957742214,0.437499642372,0.397668957710
598,598,1413393915.905760526657,1413393915.905760526657,2,1,1,0,0,0,166,0,0,0,-1,1203,390,390,0,637,0.529509559435,390,1.644828848370,3.528454034795,1.948374137057,6.656410256410,0.854166666667,0,1867,11,0.000207018427,0.050000190735,1,4.663434000000,0.074346000000,-0.048503637314,-3.435248851776,1.455137610435,-0.477602332830,-0.650578975677,0.437227398157,0.396831572056
599,599,1413393915.955760478973,1413393915.955760478973,2,1,1,0,0,0,166,0,0,0,-1,1203,369,369,0,665,0.552784704904,369,1.694419640004,3.723557726138,2.041502047922,6.875338753388,0.895833333333,0,1867,11,0.000241789865,0.049999952316,1,4.349635000000,0.067886000000,-0.091284036636,-3.435839891434,1.460027694702,-0.474785149097,-0.651982963085,0.437913298607,0.397151499987
600,600,1413393916.005760431290,1413393916.005760431290,2,1,1,0,0,0,166,0,0,0,-1,1201,623,623,0,657,0.547044129892,623,0.337153563858,3.199137584065,1.068567939102,4.730337078652,0.895833333333,1,1867,11,0.000256523577,0.049999952316,1,4.734279000000,1.097107000000,-0.133010625839,-3.438600063324,1.465268135071,-0.470793962479,-0.652975916862,0.438710838556,0.399384915829
601,601,1413393916.055760383606,1413393916.055760383606,2,1,1,0,0,0,166,0,0,0,-1,1204,399,399,0,644,0.534883720930,399,1.651944328129,3.614237967228,1.930868710153,7.155388471178,0.875000000000,0,1938,12,0.000252516184,0.049999952316,1,5.153358000000,0.101903000000,-0.173457384109,-3.443824291229,1.470865607262,-0.467538923025,-0.653767466545,0.439496308565,0.401046812534
602,602,1413393916.105760574341,1413393916.105760574341,2,1,1,0,0,0,167,0,0,0,-1,1205,386,386,0,662,0.549377593361,386,1.403678072952,3.636721358562,1.769685689374,7.124352331606,0.875000000000,0,1930,12,nan,nan,0,4.446920000000,0.083134000000,-0.209084749222,-3.456699609756,1.484007358551,-0.464030921459,-0.654674351215,0.439135253429,0.404026031494
603,603,1413393916.155760288239,1413393916.155760288239,2,1,1,0,0,0,167,0,0,0,-1,1204,373,373,0,679,0.563953488372,373,1.483123975216,3.919764915062,1.934709137006,7.187667560322,0.833333333333,0,1930,12,0.000166208760,0.049999713898,1,4.502445000000,0.086251000000,-0.246946096420,-3.467118740082,1.490709424019,-0.461197942495,-0.654383897781,0.439881861210,0.406917959452
604,604,1413393916.205760478973,1413393916.205760478973,2,1,1,0,0,0,167,0,0,0,-1,1206,658,658,0,717,0.594527363184,658,0.000711959508,2.848583722161,0.972173821062,4.796352583587,0.895833333333,1,1930,12,0.000183752010,0.050000190735,1,4.636486000000,0.152680000000,-0.283215284348,-3.480002403259,1.497993469238,-0.460194826126,-0.652702152729,0.440731048584,0.409825444221
605,605,1413393916.255760431290,1413393916.255760431290,2,1,1,0,0,0,167,0,0,0,-1,1203,408,408,0,708,0.588528678304,408,1.468412212788,3.618901988983,1.822691286683,7.531862745098,0.812500000000,0,2007,13,0.000229526049,0.049999952316,1,5.224557000000,0.087324000000,-0.317790269852,-3.495822429657,1.506170272827,-0.465071290731,-0.647249281406,0.445021182299,0.408329874277
606,606,1413393916.305760622025,1413393916.305760622025,2,1,1,0,0,0,168,0,0,0,-1,1208,407,407,0,718,0.594370860927,407,1.438320775605,3.372024822245,1.768873815489,6.656019656020,0.770833333333,0,1927,12,nan,nan,0,4.885814000000,0.094597000000,-0.351032018661,-3.519525527954,1.516836166382,-0.472679346800,-0.641170203686,0.447298079729,0.406693339348
607,607,1413393916.355760335922,1413393916.355760335922,2,1,1,0,0,0,168,0,0,0,-1,1202,378,378,0,721,0.599833610649,378,1.478191855900,3.522432014494,1.807396012335,6.817460317460,0.833333333333,0,1927,12,0.000061554805,0.049999713898,1,4.877556000000,0.077171000000,-0.384182453156,-3.539233684540,1.525431871414,-0.482726693153,-0.634655356407,0.447666585445,0.404700100422
608,608,1413393916.405760526657,1413393916.405760526657,2,1,1,0,0,0,168,0,0,0,-1,1203,381,381,0,753,0.625935162095,381,1.455929463750,3.654662037179,1.908620461124,7.055118110236,0.791666666667,0,1927,12,0.000066499299,0.050000190735,1,4.546633000000,0.075231000000,-0.416759014130,-3.560067653656,1.534881472588,-0.494486808777,-0.628041148186,0.445470333099,0.403241097927
609,609,1413393916.455760478973,1413393916.455760478973,2,1,1,0,0,0,168,0,0,0,-1,1207,351,351,0,761,0.630488815244,351,1.647704295360,3.884796795018,2.094932051663,7.128205128205,0.854166666667,0,1927,12,0.000046953679,0.049999952316,1,4.976433000000,0.073659000000,-0.448908329010,-3.581434726715,1.545180320740,-0.506181120872,-0.620876729488,0.441195964813,0.404523164034
610,610,1413393916.505760431290,1413393916.505760431290,2,1,1,0,0,0,168,0,0,0,-1,1201,696,696,0,767,0.638634471274,696,0.000157458081,2.740950595288,0.920045703218,4.426724137931,0.812500000000,1,1927,12,0.000067407505,0.049999952316,1,4.767550000000,0.115806000000,-0.478861093521,-3.602997779846,1.556394100189,-0.519008338451,-0.612466931343,0.436257451773,0.406440764666
611,611,1413393916.555760383606,1413393916.555760383606,2,1,1,0,0,0,168,0,0,0,-1,1203,419,419,0,775,0.644222776392,419,1.425027638001,3.821046440368,1.896580577981,6.687350835322,0.812500000000,0,2117,13,0.000163188030,0.049999952316,1,6.151304000000,0.091482000000,-0.507309913635,-3.624272584915,1.567230463028,-0.531769454479,-0.603566884995,0.429056406021,0.410900145769
612,612,1413393916.605760574341,1413393916.605760574341,2,1,1,0,0,0,169,0,0,0,-1,1202,430,430,0,774,0.643926788686,430,1.523048233126,3.659107092195,1.867426135024,6.358139534884,0.770833333333,0,2102,13,nan,nan,0,5.009288000000,0.076378000000,-0.522640943527,-3.648680686951,1.578666687012,-0.546035408974,-0.594960570335,0.418307512999,0.415795892477
613,613,1413393916.655760288239,1413393916.655760288239,2,1,1,0,0,0,169,0,0,0,-1,1204,386,386,0,735,0.610465116279,386,1.630306248617,3.626233346995,1.954789758856,6.536269430052,0.729166666667,0,2102,13,0.000227955155,0.049999713898,1,5.302841000000,0.076546000000,-0.549084186554,-3.670600891113,1.590172767639,-0.561378002167,-0.585541129112,0.406778752804,0.420151710510
614,614,1413393916.705760478973,1413393916.705760478973,2,1,1,0,0,0,169,0,0,0,-1,1208,681,681,0,755,0.625000000000,681,0.204657306934,3.197399607608,1.107841259665,4.251101321586,0.750000000000,1,2102,13,0.000282052410,0.050000190735,1,5.409096000000,0.126615000000,-0.575654506683,-3.692775011063,1.602627158165,-0.577986717224,-0.575057685375,0.393965810537,0.424300611019
615,615,1413393916.755760431290,1413393916.755760431290,2,1,1,0,0,0,169,0,0,0,-1,1205,443,443,0,730,0.605809128631,443,1.726170831213,3.697083770576,2.007630882346,6.261851015801,0.729166666667,0,1936,12,0.000265972136,0.049999952316,1,5.890832000000,0.102208000000,-0.600578308105,-3.715074062347,1.614172458649,-0.593590319157,-0.563452899456,0.381487578154,0.429696083069
616,616,1413393916.805760622025,1413393916.805760622025,2,1,1,0,0,0,170,0,0,0,-1,1202,435,435,0,746,0.620632279534,435,1.604104067957,3.522040760451,1.890496095320,6.298850574713,0.625000000000,0,1924,12,nan,nan,0,4.784733000000,0.079927000000,-0.617272615433,-3.737582921982,1.620254158974,-0.607245147228,-0.549397170544,0.371834009886,0.437213450670
617,617,1413393916.855760335922,1413393916.855760335922,2,1,1,0,0,0,170,0,0,0,-1,1202,392,392,0,752,0.625623960067,392,1.661981984068,3.551738553240,1.932403781661,6.589285714286,0.583333333333,0,1924,12,0.000193313448,0.049999713898,1,5.075399000000,0.123711000000,-0.641556501389,-3.759438037872,1.630255699158,-0.619560718536,-0.534080207348,0.361854672432,0.447173386812
618,618,1413393916.905760526657,1413393916.905760526657,2,1,1,0,0,0,170,0,0,0,-1,1204,669,669,0,736,0.611295681063,669,0.122220638221,3.319844529918,1.156654119727,4.378176382661,0.625000000000,1,1924,12,0.000275896658,0.050000190735,1,5.474179000000,0.144574000000,-0.665716409683,-3.781567096710,1.640711069107,-0.632187604904,-0.516903400421,0.354310482740,0.455646604300
619,619,1413393916.955760478973,1413393916.955760478973,2,1,1,0,0,0,170,0,0,0,-1,1204,423,423,0,717,0.595514950166,423,1.797555898632,3.827025668741,2.112245787514,6.472813238771,0.625000000000,0,2058,13,0.000299720326,0.049999952316,1,5.679849000000,0.094981000000,-0.689838409424,-3.803572893143,1.651917099953,-0.645132899284,-0.498259007931,0.348169445992,0.462946683168
620,620,1413393917.005760431290,1413393917.005760431290,2,1,1,0,0,0,171,0,0,0,-1,1203,714,714,0,745,0.619285120532,714,0.582906325124,3.016556860230,1.143657594585,4.620448179272,0.645833333333,1,2041,13,nan,nan,0,5.014639000000,0.122489000000,-0.715509891510,-3.821937561035,1.666861534119,-0.658086657524,-0.476220637560,0.345642954111,0.469751983881
621,621,1413393917.055760383606,1413393917.055760383606,2,1,1,0,0,0,171,0,0,0,-1,1205,422,422,0,744,0.617427385892,422,1.845991434352,3.579487867473,2.077534493139,7.594786729858,0.645833333333,0,2194,14,0.000216733184,0.049999952316,1,6.045860000000,0.116168000000,-0.739442825317,-3.842506408691,1.679398179054,-0.670554459095,-0.454011917114,0.342715919018,0.476209759712
622,622,1413393917.105760574341,1413393917.105760574341,2,1,1,0,0,0,172,0,0,0,-1,1203,414,414,0,722,0.600166251039,414,1.853873317563,3.563640538652,2.016614525961,7.446859903382,0.645833333333,0,2177,14,nan,nan,0,5.043190000000,0.092683000000,-0.760990858078,-3.864186763763,1.694536924362,-0.682103216648,-0.432699620724,0.338290423155,0.482768952847
623,623,1413393917.155760288239,1413393917.155760288239,2,1,1,0,0,0,172,0,0,0,-1,1201,706,706,0,771,0.641965029142,706,0.322610110033,3.061112276256,1.067570666160,4.963172804533,0.750000000000,1,2177,14,0.000254257349,0.049999713898,1,5.900733000000,0.139744000000,-0.782963752747,-3.881645441055,1.707180500031,-0.692537009716,-0.412253409624,0.331838339567,0.490227550268
624,624,1413393917.205760478973,1413393917.205760478973,2,1,1,0,0,0,172,0,0,0,-1,1203,426,426,0,736,0.611803823774,426,1.832734661775,3.933787522942,2.074114541298,7.366197183099,0.750000000000,0,2312,15,0.000249110773,0.050000190735,1,5.776740000000,0.082387000000,-0.803380250931,-3.897442102432,1.720146894455,-0.702781260014,-0.392660647631,0.324152112007,0.496831625700
625,625,1413393917.255760431290,1413393917.255760431290,2,1,1,0,0,0,173,0,0,0,-1,1201,418,418,0,742,0.617818484596,418,1.658085834229,3.560946635523,1.950997894457,7.200956937799,0.729166666667,0,2302,15,nan,nan,0,5.574691000000,0.082969000000,-0.820309162140,-3.917325735092,1.737926006317,-0.714366137981,-0.374083220959,0.315692096949,0.500081360340
626,626,1413393917.305760622025,1413393917.305760622025,2,1,1,0,0,0,173,0,0,0,-1,1205,383,383,0,777,0.644813278008,383,1.899303325181,4.177655039888,2.143650472891,6.783289817232,0.604166666667,0,2302,15,0.000199710761,0.050000190735,1,4.952238000000,0.074619000000,-0.836311340332,-3.930073499680,1.750159263611,-0.726080656052,-0.358091861010,0.303561419249,0.502421736717
627,627,1413393917.355760335922,1413393917.355760335922,2,1,1,0,0,0,173,0,0,0,-1,1202,712,712,0,792,0.658901830283,712,0.000330098078,2.975298474325,1.035535186593,4.297752808989,0.812500000000,1,2302,15,0.000214301617,0.049999713898,1,4.886037000000,0.116858000000,-0.850280880928,-3.940880537033,1.761561393738,-0.737782180309,-0.342241883278,0.290476888418,0.504154026508
628,628,1413393917.405760526657,1413393917.405760526657,2,1,1,0,0,0,173,0,0,0,-1,1202,471,471,0,740,0.615640599002,471,1.696983526862,3.693813980363,1.935687546118,6.125265392781,0.708333333333,0,2427,16,0.000250357698,0.050000190735,1,6.318021000000,0.098667000000,-0.862739920616,-3.949609279633,1.771607637405,-0.749161720276,-0.324182689190,0.278918743134,0.505832731724
629,629,1413393917.455760478973,1413393917.455760478973,2,1,1,0,0,0,174,0,0,0,-1,1200,402,402,0,788,0.656666666667,402,1.732424765518,3.724822135525,2.020516073779,5.786069651741,0.604166666667,0,2333,15,nan,nan,0,4.680716000000,0.106050000000,-0.882548809052,-3.964833736420,1.781928777695,-0.760582685471,-0.306403338909,0.264801323414,0.507455766201
630,630,1413393917.505760431290,1413393917.505760431290,2,1,1,0,0,0,174,0,0,0,-1,1201,380,380,0,799,0.665278934221,380,1.712085016029,3.510083004608,1.962978704743,5.471052631579,0.604166666667,0,2333,15,0.000189243452,0.049999952316,1,5.142771000000,0.094354000000,-0.892482399940,-3.969092607498,1.786791324615,-0.770577371120,-0.288407981396,0.250321984291,0.510264933109
631,631,1413393917.555760383606,1413393917.555760383606,2,1,1,0,0,0,174,0,0,0,-1,1200,718,718,0,781,0.650833333333,718,0.000167846680,2.653076356594,0.887141102279,3.389972144847,0.729166666667,1,2333,15,0.000221405717,0.049999952316,1,4.914261000000,0.126742000000,-0.900649785995,-3.971323490143,1.789285659790,-0.781023323536,-0.268765628338,0.236353099346,0.511766493320
632,632,1413393917.605760574341,1413393917.605760574341,2,1,1,0,0,0,174,0,0,0,-1,1200,444,444,0,831,0.692500000000,444,1.561778686820,3.556822717296,1.928839006082,5.094594594595,0.666666666667,0,2357,15,0.000254416023,0.050000190735,1,5.655174000000,0.093376000000,-0.907446742058,-3.970912933350,1.788908958435,-0.789879202843,-0.250968307257,0.218613058329,0.515086531639
633,633,1413393917.655760288239,1413393917.655760288239,2,1,1,0,0,0,176,0,0,0,-1,1200,420,420,0,819,0.682500000000,420,1.616521653350,3.446262798381,1.899052487586,6.516666666667,0.687500000000,0,3537,27,nan,nan,0,5.872572000000,0.080895000000,-0.970581889153,-3.937071800232,1.731561422348,-0.799383521080,-0.229785948992,0.196219384670,0.519309580326
634,634,1413393917.705760478973,1413393917.705760478973,2,1,1,0,0,0,177,1,1,0,-1,1201,651,651,0,784,0.652789342215,651,0.733624763875,3.025951909854,1.145387788871,4.479262672811,0.729166666667,1,3537,27,nan,nan,0,6.132622000000,0.130248000000,-0.972432494164,-3.932311773300,1.733688116074,0.804817795753,0.212910488248,-0.176219418645,-0.525246739388
635,635,1413393917.755760431290,1413393917.755760431290,2,1,1,0,0,0,177,1,0,0,-1,1204,385,385,0,830,0.689368770764,385,1.779559467014,3.863171002635,2.084017852496,8.036363636364,0.729166666667,0,3551,28,0.000149209503,0.049999952316,1,6.700330000000,0.087505000000,-0.976505875587,-3.924062728882,1.727468252182,0.807786226273,0.194463491440,-0.157091706991,-0.533842265606
636,636,1413393917.805760622025,1413393917.805760622025,2,1,1,0,0,0,178,1,0,0,-1,1200,682,682,0,787,0.655833333333,682,0.733984796532,2.919950855980,1.173861258935,4.920821114370,0.791666666667,1,3426,26,nan,nan,0,6.378348000000,0.123194000000,-0.960541665554,-3.924894332886,1.726901531219,0.808148860931,0.176367059350,-0.138639837503,-0.544581532478
637,637,1413393917.855760335922,1413393917.855760335922,2,1,1,0,0,0,178,1,0,0,-1,1201,439,439,0,764,0.636136552873,439,1.656157457549,3.285644407715,1.905139201787,8.036446469248,0.833333333333,0,3454,27,0.000175607507,0.049999713898,1,6.937713000000,0.112278000000,-0.964242637157,-3.912916421890,1.721584320068,0.807869255543,0.155127540231,-0.123326271772,-0.555043637753
638,638,1413393917.905760526657,1413393917.905760526657,2,1,1,0,0,0,180,1,0,0,-1,1201,424,424,0,843,0.701915070774,424,1.685609245507,3.333416961320,1.900229534909,7.101415094340,0.750000000000,0,3261,25,nan,nan,0,5.938006000000,0.094565000000,-0.958017349243,-3.911802053452,1.729106903076,0.808719038963,0.132516562939,-0.110477596521,-0.562323451042
639,639,1413393917.955760478973,1413393917.955760478973,2,1,1,0,0,0,181,2,1,0,-1,1202,405,405,0,900,0.748752079867,405,1.825792216867,3.895356561061,2.087901427461,7.333333333333,0.687500000000,0,3261,25,nan,nan,0,5.741008000000,0.093727000000,-0.612186908722,-3.793914556503,1.565272808075,0.809006571770,0.123717382550,-0.108240731061,-0.564345955849
640,640,1413393918.005760431290,1413393918.005760431290,2,1,1,0,0,0,181,2,0,0,-1,1204,701,701,0,838,0.696013289037,701,0.599441653972,3.124817450228,1.142557723331,4.977175463623,0.750000000000,1,3261,25,0.000204759403,0.049999952316,1,6.601674000000,0.110946000000,-0.613208770752,-3.780300855637,1.562513113022,0.811004459858,0.100683301687,-0.097433164716,-0.568015336990
641,641,1413393918.055760383606,1413393918.055760383606,2,1,1,0,0,0,181,2,0,0,-1,1203,481,481,0,849,0.705735660848,481,1.785813138750,3.669513976257,2.000501577452,7.964656964657,0.708333333333,0,3314,26,0.000302794972,0.049999952316,1,6.841694000000,0.092225000000,-0.612889647484,-3.766366720200,1.560554265976,0.813107252121,0.078081227839,-0.086798436940,-0.570285916328
642,642,1413393918.105760574341,1413393918.105760574341,2,1,1,0,0,0,182,2,0,0,-1,1203,461,461,0,876,0.728179551122,461,1.575294035096,3.231489833747,1.769022690984,7.201735357918,0.708333333333,0,3140,24,nan,nan,0,5.970328000000,0.091447000000,-0.614170491695,-3.758574247360,1.571364879608,0.815578937531,0.055951356888,-0.075658828020,-0.570943295956
643,643,1413393918.155760288239,1413393918.155760288239,2,1,1,0,0,0,182,2,0,0,-1,1203,462,462,0,883,0.733998337490,462,1.579253574422,3.133814870085,1.813503529315,7.101731601732,0.708333333333,0,3479,28,0.000258446729,0.049999713898,1,6.412282000000,0.106097000000,-0.611789703369,-3.743565320969,1.569809675217,0.817964613438,0.034639906138,-0.064506843686,-0.570589959621
644,644,1413393918.205760478973,1413393918.205760478973,2,1,1,0,0,0,182,2,0,0,-1,1203,745,745,0,856,0.711554447215,745,0.723042070167,2.610461642812,1.051344032265,5.048322147651,0.854166666667,1,3399,28,0.000223617724,0.050000190735,1,6.704991000000,0.123973000000,-0.607811987400,-3.728107452393,1.569108247757,0.820500195026,0.011854684912,-0.055742930621,-0.568798422813
645,645,1413393918.255760431290,1413393918.255760431290,2,1,1,0,0,0,182,2,0,0,-1,1201,515,515,0,844,0.702747710241,515,1.522070648103,3.201383014593,1.774444593313,7.840776699029,0.750000000000,0,3482,29,0.000243175702,0.049999952316,1,7.672821000000,0.120082000000,-0.601679682732,-3.711598396301,1.568178415298,0.822123706341,-0.008086681366,-0.043428320438,-0.567592561245
646,646,1413393918.305760622025,1413393918.305760622025,2,1,1,0,0,0,183,2,0,0,-1,1202,509,509,0,792,0.658901830283,509,1.511436807292,3.338880325433,1.790568729645,7.117878192534,0.729166666667,0,3374,27,nan,nan,0,6.968471000000,0.097219000000,-0.597817659378,-3.691894292831,1.572836160660,0.823337674141,-0.029527813196,-0.032318715006,-0.565861105919
647,647,1413393918.355760335922,1413393918.355760335922,2,1,1,0,0,0,183,2,0,0,-1,1203,444,444,0,828,0.688279301746,444,1.498473000287,3.350997511554,1.813318690488,7.018018018018,0.708333333333,0,3467,30,0.000182447155,0.049999713898,1,6.212187000000,0.944991000000,-0.587073147297,-3.673072099686,1.573211431503,0.823442876339,-0.050020270050,-0.020541504025,-0.564816653728
648,648,1413393918.405760526657,1413393918.405760526657,2,1,1,0,0,0,183,2,0,0,-1,1202,740,740,0,793,0.659733777038,740,0.522393384910,2.752896900616,1.056116125321,4.559459459459,0.833333333333,1,3467,30,0.000196579698,0.050000190735,1,5.970579000000,0.130364000000,-0.573636949062,-3.653574466705,1.573994159698,0.823177158833,-0.070007890463,-0.007915718481,-0.563396573067
649,649,1413393918.455760478973,1413393918.455760478973,2,1,1,0,0,0,183,2,0,0,-1,1203,499,499,0,772,0.641729010806,499,1.510548137144,3.685095482950,1.840749329377,7.000000000000,0.750000000000,0,2923,24,0.000202674724,0.049999952316,1,6.495186000000,0.093017000000,-0.557332277298,-3.633380889893,1.575142860413,0.822550654411,-0.089977830648,0.005788069684,-0.561498880386
650,650,1413393918.505760431290,1413393918.505760431290,2,1,1,0,0,0,184,2,0,0,-1,1201,437,437,0,790,0.657785179017,437,1.423911865673,3.409741007608,1.752503585655,6.427917620137,0.729166666667,0,2859,22,nan,nan,0,5.268768000000,0.081249000000,-0.538575530052,-3.613773584366,1.582977056503,0.821362555027,-0.110847838223,0.019327191636,-0.559198439121
651,651,1413393918.555760383606,1413393918.555760383606,2,1,1,0,0,0,184,2,0,0,-1,1202,692,692,0,753,0.626455906822,692,0.595227322313,2.801705845354,1.066325691793,4.377167630058,0.854166666667,1,2859,22,0.000223926443,0.049999952316,1,6.675323000000,0.125672000000,-0.516498506069,-3.591661930084,1.585976362228,0.819370388985,-0.132435128093,0.032778192312,-0.556793212891
652,652,1413393918.605760574341,1413393918.605760574341,2,1,1,0,0,0,184,2,0,0,-1,1202,449,449,0,722,0.600665557404,449,1.666144281375,3.789743243763,1.963770841930,6.064587973274,0.750000000000,0,3940,26,0.000196038207,0.050000190735,1,7.817729000000,0.116184000000,-0.491115987301,-3.568721532822,1.589841842651,0.814936876297,-0.154050827026,0.048109490424,-0.556625306606
653,653,1413393918.655760288239,1413393918.655760288239,2,1,1,0,0,0,185,2,0,0,-1,1203,527,527,0,487,0.404821280133,527,1.029818124637,3.208544682066,1.347778215069,4.977229601518,0.791666666667,1,3922,26,nan,nan,0,5.338005000000,0.106856000000,-0.457194209099,-3.545260667801,1.595618247986,0.808597564697,-0.174758329988,0.065329767764,-0.557997763157
654,654,1413393918.705760478973,1413393918.705760478973,2,1,1,0,0,0,185,2,0,0,-1,1203,358,358,0,682,0.566916043225,358,1.812149002812,3.674710219669,2.117303177229,7.256983240223,0.729166666667,0,3950,27,0.000058385736,0.050000190735,1,6.253849000000,0.098389000000,-0.425262033939,-3.521445751190,1.600479364395,0.800435900688,-0.197845384479,0.080738261342,-0.560036599636
655,655,1413393918.755760431290,1413393918.755760431290,2,1,1,0,0,0,186,2,0,0,-1,1201,623,623,0,699,0.582014987510,623,0.545800805958,3.305147165374,1.181127142918,4.552166934189,0.750000000000,1,2642,22,nan,nan,0,5.381953000000,0.119375000000,-0.392459005117,-3.496042013168,1.603429079056,0.792347669601,-0.223155409098,0.094853028655,-0.559812307358
656,656,1413393918.805760622025,1413393918.805760622025,2,1,1,0,0,0,186,2,0,0,-1,1202,355,355,0,659,0.548252911814,355,1.949531778493,3.998707968900,2.212727705307,5.890140845070,0.666666666667,0,3690,26,0.000235263593,0.050000190735,1,6.238334000000,0.104136000000,-0.355267405510,-3.473458766937,1.608104467392,0.781544029713,-0.249733448029,0.108795017004,-0.561236083508
657,657,1413393918.855760335922,1413393918.855760335922,2,1,1,0,0,0,187,2,0,0,-1,1201,627,627,0,690,0.574521232306,627,0.492360903832,3.394610860811,1.174724827004,4.098883572568,0.666666666667,1,3766,28,nan,nan,0,5.659540000000,0.107207000000,-0.308742791414,-3.449149131775,1.610753297806,0.768216550350,-0.278212189674,0.121442787349,-0.563642680645
658,658,1413393918.905760526657,1413393918.905760526657,2,1,1,0,0,0,187,2,0,0,-1,1201,319,319,0,705,0.587010824313,319,1.957830517607,4.356998570734,2.351134932289,5.974921630094,0.625000000000,0,3776,26,0.000093404728,0.050000190735,1,6.589692000000,0.077109000000,-0.264452308416,-3.429364681244,1.615606546402,0.752770781517,-0.302968174219,0.141130372882,-0.567123234272
659,659,1413393918.955760478973,1413393918.955760478973,2,1,1,0,0,0,188,2,0,0,-1,1203,545,545,0,568,0.472152950956,545,0.230738693893,3.098869649587,1.144854637671,4.168807339450,0.625000000000,1,3855,28,nan,nan,0,5.439957000000,0.090290000000,-0.219016432762,-3.417155027390,1.621687889099,0.737326204777,-0.325246006250,0.163961574435,-0.568930327892
660,660,1413393919.005760431290,1413393919.005760431290,2,1,1,0,0,0,188,2,0,0,-1,1203,301,301,0,665,0.552784704904,301,2.081700182389,4.663152510482,2.463332088945,6.089700996678,0.625000000000,0,3629,26,0.000088640227,0.049999952316,1,5.942464000000,0.076272000000,-0.170566737652,-3.403776168823,1.625816822052,0.722294807434,-0.345771074295,0.189078509808,-0.568314969540
661,661,1413393919.055760383606,1413393919.055760383606,2,1,1,0,0,0,189,2,0,0,-1,1203,608,608,0,686,0.570241064007,608,0.000068239379,3.379923269794,0.983838113846,3.353618421053,0.729166666667,1,3620,26,nan,nan,0,5.914408000000,0.108622000000,-0.121885776520,-3.392343044281,1.629129648209,0.707010507584,-0.366581201553,0.213699981570,-0.565762042999
662,662,1413393919.105760574341,1413393919.105760574341,2,1,1,0,0,0,189,2,0,0,-1,1201,320,320,0,669,0.557035803497,320,1.878685058490,4.350700136700,2.325513459141,4.321875000000,0.645833333333,0,3786,27,0.000190553081,0.050000190735,1,6.209457000000,0.078393000000,-0.071748495102,-3.385532379150,1.633469104767,0.692303478718,-0.386240303516,0.237863689661,-0.561208784580
663,663,1413393919.155760288239,1413393919.155760288239,2,1,1,0,0,0,190,2,0,0,-1,1202,334,334,0,715,0.594841930116,334,1.865295845682,3.724623704982,2.080903140430,4.362275449102,0.625000000000,0,3556,22,nan,nan,0,4.985606000000,0.089315000000,-0.017976999283,-3.380930662155,1.639178276062,0.677452147007,-0.407198995352,0.258450388908,-0.555383622646
664,664,1413393919.205760478973,1413393919.205760478973,2,1,1,0,0,0,190,2,0,0,-1,1202,591,591,0,687,0.571547420965,591,0.000093128629,3.048210160227,0.977075887651,3.045685279188,0.583333333333,1,3662,22,0.000068967973,0.050000190735,1,5.574688000000,0.104155000000,0.031499028206,-3.380719184875,1.644548654556,0.660346865654,-0.426868379116,0.278719365597,-0.551399111748
665,665,1413393919.255760431290,1413393919.255760431290,2,1,1,0,0,0,190,2,0,0,-1,1200,368,368,0,721,0.600833333333,368,1.746621334097,4.077925583797,2.066747937213,4.524456521739,0.541666666667,0,3838,23,0.000042869662,0.049999952316,1,6.177613000000,0.089492000000,0.079788446426,-3.384082555771,1.650110006332,0.642555892467,-0.445604413748,0.298123121262,-0.547431528568
666,666,1413393919.305760622025,1413393919.305760622025,2,1,1,0,0,0,191,2,0,0,-1,1201,330,330,0,763,0.635303913405,330,2.036417066443,4.113595341450,2.248189435833,4.739393939394,0.541666666667,0,3896,25,nan,nan,0,5.318938000000,0.067260000000,0.126569509506,-3.392573356628,1.662469029427,0.622009873390,-0.462852776051,0.317425757647,-0.545996248722
667,667,1413393919.355760335922,1413393919.355760335922,2,1,1,0,0,0,191,2,0,0,-1,1196,676,676,0,769,0.642976588629,676,0.000068239379,2.975923695404,0.895301093333,3.085798816568,0.666666666667,1,4120,28,0.000005731330,0.049999713898,1,6.472344000000,0.143806000000,0.170515060425,-3.402888536453,1.667129278183,0.601640045643,-0.478946864605,0.334386765957,-0.544816136360
668,668,1413393919.405760526657,1413393919.405760526657,2,1,1,0,0,0,191,2,0,0,-1,1162,347,347,0,769,0.661790017212,347,1.687432260514,3.815570997453,2.058618189733,4.455331412104,0.541666666667,0,4079,26,0.000065172178,0.050000190735,1,6.187076000000,0.075197000000,0.210624575615,-3.416751623154,1.669702649117,0.581344366074,-0.494559258223,0.347867757082,-0.544461071491
669,669,1413393919.455760478973,1413393919.455760478973,2,1,1,0,0,0,192,2,0,0,-1,1143,678,678,0,741,0.648293963255,678,0.000152587891,2.770462198412,0.899442332373,3.262536873156,0.645833333333,1,4146,28,nan,nan,0,5.603580000000,0.119116000000,0.247215867043,-3.436321496964,1.672256112099,0.564858317375,-0.511190533638,0.355581641197,-0.541462004185
670,670,1413393919.505760431290,1413393919.505760431290,2,1,1,0,0,0,192,2,0,0,-1,1116,384,384,0,762,0.682795698925,384,1.665269023397,3.464193127644,1.900102591714,4.934895833333,0.583333333333,0,4381,32,0.000016759901,0.049999952316,1,6.529959000000,0.107646000000,0.281120777130,-3.457530736923,1.669223070145,0.552037060261,-0.526916980743,0.361589163542,-0.535599589348
671,671,1413393919.555760383606,1413393919.555760383606,2,1,1,0,0,0,193,2,0,0,-1,1137,386,386,0,783,0.688654353562,386,1.677516496585,3.541736473980,1.941035150052,5.269430051813,0.625000000000,0,4149,28,nan,nan,0,5.690827000000,0.073765000000,0.309342145920,-3.486232757568,1.665780186653,0.540365934372,-0.542347609997,0.365860193968,-0.529159843922
672,672,1413393919.605760574341,1413393919.605760574341,2,1,1,0,0,0,193,2,0,0,-1,1136,352,352,0,814,0.716549295775,352,1.714591161714,3.735006240276,2.004548561777,5.264204545455,0.541666666667,0,4361,32,0.000043538828,0.050000190735,1,5.940554000000,0.074975000000,0.336244225502,-3.516103029251,1.657914400101,0.530626535416,-0.556081414223,0.370612740517,-0.521397233009
673,673,1413393919.655760288239,1413393919.655760288239,2,1,1,0,0,0,193,2,0,0,-1,1140,708,708,0,796,0.698245614035,708,0.000086316746,2.805618169714,0.922522542633,3.399717514124,0.687500000000,1,4210,31,0.000074467665,0.049999713898,1,5.985389000000,0.117872000000,0.360274672508,-3.550048828125,1.647862195969,0.521834135056,-0.566209733486,0.377991348505,-0.514021575451
674,674,1413393919.705760478973,1413393919.705760478973,2,1,1,0,0,0,193,2,0,0,-1,1098,414,414,0,737,0.671220400729,414,1.604839186962,3.473117638019,1.829827839241,5.509661835749,0.583333333333,0,4242,32,0.000073805117,0.050000190735,1,6.731297000000,0.120615000000,0.381717324257,-3.587630271912,1.636046648026,0.514758050442,-0.572575926781,0.386590242386,-0.507670104504
675,675,1413393919.755760431290,1413393919.755760431290,2,1,1,0,0,0,194,2,0,0,-1,1035,669,669,0,738,0.713043478261,669,0.578965352984,2.580395331710,0.976130822861,3.796711509716,0.729166666667,1,4311,33,nan,nan,0,5.492752000000,0.112447000000,0.401432633400,-3.629117965698,1.622141599655,0.510557293892,-0.573040187359,0.400452256203,-0.500593841076
676,676,1413393919.805760622025,1413393919.805760622025,2,1,1,0,0,0,194,2,0,0,-1,972,388,388,0,674,0.693415637860,388,1.581687531883,3.431106853965,1.787763667044,5.922680412371,0.583333333333,0,4424,34,0.000139788943,0.050000190735,1,5.926181000000,0.096708000000,0.416901111603,-3.673755645752,1.607143282890,0.508588612080,-0.569565415382,0.416826277971,-0.493141829967
677,677,1413393919.855760335922,1413393919.855760335922,2,1,1,0,0,0,195,2,0,0,-1,1004,618,618,0,670,0.667330677291,618,0.612762045701,2.648908649554,0.976796195136,4.022653721683,0.604166666667,1,4352,33,nan,nan,0,5.391574000000,0.114560000000,0.433455228806,-3.720580577850,1.584203481674,0.508812606335,-0.563970863819,0.433457851410,-0.484933972359
678,678,1413393919.905760526657,1413393919.905760526657,2,1,1,0,0,0,195,2,0,0,-1,1011,374,374,0,642,0.635014836795,374,1.656599921631,3.350401107591,1.848136231419,6.724598930481,0.604166666667,0,3883,26,0.000146701030,0.050000190735,1,6.501413000000,0.104932000000,0.440885066986,-3.769391298294,1.564162969589,0.511459708214,-0.558427095413,0.447046995163,-0.476148247719
679,679,1413393919.955760478973,1413393919.955760478973,2,1,1,0,0,0,196,2,0,0,-1,1033,630,630,0,713,0.690222652469,630,0.333546051016,2.439039380311,0.863047319449,4.382539682540,0.687500000000,1,3770,23,nan,nan,0,5.187763000000,0.111704000000,0.441295146942,-3.817888021469,1.538145780563,0.515965521336,-0.554476082325,0.456460148096,-0.466883391142
680,680,1413393920.005760431290,1413393920.005760431290,2,1,1,0,0,0,196,2,0,0,-1,1105,410,410,0,745,0.674208144796,410,1.469102763183,3.496904294006,1.869353755948,6.924390243902,0.625000000000,0,3920,25,0.000158262555,0.049999952316,1,6.282541000000,0.104206000000,0.439699411392,-3.867323398590,1.512381792068,0.521752834320,-0.553110063076,0.460435867310,-0.458085358143
681,681,1413393920.055760383606,1413393920.055760383606,2,1,1,0,0,0,197,2,0,0,-1,1148,406,406,0,824,0.717770034843,406,1.399448266993,3.470529451156,1.795933733901,6.901477832512,0.666666666667,0,3908,26,nan,nan,0,6.372910000000,0.091187000000,0.436285257339,-3.913506269455,1.482770442963,0.526785314083,-0.552760899067,0.461595356464,-0.451533377171
682,682,1413393920.105760574341,1413393920.105760574341,2,1,1,0,0,0,197,2,0,0,-1,1179,678,678,0,816,0.692111959288,678,0.399795486012,3.055310131868,1.073130914516,4.607669616519,0.708333333333,1,3908,26,0.000112908914,0.050000190735,1,6.712333000000,0.108431000000,0.427392244339,-3.961619853973,1.453628301620,0.530921876431,-0.552601099014,0.461290419102,-0.447174698114
683,683,1413393920.155760288239,1413393920.155760288239,2,1,1,0,0,0,197,2,0,0,-1,1193,447,447,0,883,0.740150880134,447,1.603941782963,3.407747340538,1.872925265194,7.000000000000,0.666666666667,0,4064,27,0.000168478931,0.049999713898,1,7.700038000000,0.098337000000,0.415518999100,-4.009148120880,1.422557353973,0.535465836525,-0.552542388439,0.460170686245,-0.442963093519
684,684,1413393920.205760478973,1413393920.205760478973,2,1,1,0,0,0,198,2,0,0,-1,1201,448,448,0,875,0.728559533722,448,1.701827912943,3.629640986475,1.920096946756,6.314732142857,0.687500000000,0,3690,24,nan,nan,0,6.323511000000,0.083796000000,0.408644437790,-4.056292057037,1.385778307915,0.538828790188,-0.552708446980,0.458353132010,-0.440555840731
685,685,1413393920.255760431290,1413393920.255760431290,2,1,1,0,0,0,198,2,0,0,-1,1202,716,716,0,822,0.683860232945,716,0.422542779236,3.007608328933,1.072915727280,4.324022346369,0.791666666667,1,3690,24,0.000157524846,0.049999952316,1,6.422386000000,0.118142000000,0.391341686249,-4.102404594421,1.352205634117,0.541655302048,-0.552353501320,0.457242161036,-0.438685238361
686,686,1413393920.305760622025,1413393920.305760622025,2,1,1,0,0,0,198,2,0,0,-1,1205,482,482,0,813,0.674688796680,482,1.609845705185,3.735002622158,1.910081862332,6.535269709544,0.770833333333,0,3841,25,0.000275547005,0.050000190735,1,7.300412000000,0.133654000000,0.371025323868,-4.147522926331,1.318945884705,0.544441461563,-0.552401781082,0.455013632774,-0.437490940094
687,687,1413393920.355760335922,1413393920.355760335922,2,1,1,0,0,0,199,2,0,0,-1,1203,476,476,0,808,0.671654197839,476,1.485618780434,3.539067257479,1.861013130349,6.325630252101,0.791666666667,0,3776,24,nan,nan,0,6.438267000000,0.092658000000,0.359467029572,-4.195910453796,1.278452754021,0.547765433788,-0.552019059658,0.453394442797,-0.435501456261
688,688,1413393920.405760526657,1413393920.405760526657,2,1,1,0,0,0,199,2,0,0,-1,1201,731,731,0,840,0.699417152373,731,0.556457049232,2.975202649706,1.070282800845,4.485636114911,0.854166666667,1,3776,24,0.000166910206,0.050000190735,1,6.560724000000,0.120448000000,0.334158420563,-4.239870071411,1.245669245720,0.552844405174,-0.554255902767,0.448754608631,-0.431025236845
689,689,1413393920.455760478973,1413393920.455760478973,2,1,1,0,0,0,199,2,0,0,-1,1204,451,451,0,801,0.665282392027,451,1.507788233611,3.795560334470,1.837949776681,6.758314855876,0.812500000000,0,4032,26,0.000123451653,0.049999952316,1,7.221184000000,0.095051000000,0.306815385818,-4.282977104187,1.213670969009,0.558808028698,-0.557861983776,0.442129552364,-0.425494015217
690,690,1413393920.505760431290,1413393920.505760431290,2,1,1,0,0,0,200,2,0,0,-1,1207,462,462,0,799,0.661971830986,462,1.571295015101,3.453946256217,1.836862694921,6.683982683983,0.791666666667,0,4018,26,nan,nan,0,6.309486000000,0.085794000000,0.279618978500,-4.332000255585,1.180147767067,0.564954578876,-0.560320377350,0.436458915472,-0.419965535402
691,691,1413393920.555760383606,1413393920.555760383606,2,1,1,0,0,0,200,2,0,0,-1,1207,716,716,0,791,0.655343827672,716,0.483167976412,2.824702304043,1.019552359464,4.810055865922,0.791666666667,1,4018,26,0.000078270117,0.049999952316,1,6.888830000000,0.127371000000,0.250256776810,-4.374024868011,1.150560140610,0.569534778595,-0.562312722206,0.431805610657,-0.415906846523
692,692,1413393920.605760574341,1413393920.605760574341,2,1,1,0,0,0,200,2,0,0,-1,1205,461,461,0,737,0.611618257261,461,1.432090136084,3.585187245637,1.823454994834,6.932754880694,0.770833333333,0,4098,27,0.000055623437,0.050000190735,1,7.851409000000,0.130921000000,0.220680475235,-4.415060997009,1.122119069099,0.573858737946,-0.562629759312,0.428848415613,-0.412580847740
693,693,1413393920.655760288239,1413393920.655760288239,2,1,1,0,0,0,201,2,0,0,-1,1204,446,446,0,729,0.605481727575,446,1.356911641489,3.642300712325,1.744766914461,6.266816143498,0.791666666667,0,4029,26,nan,nan,0,6.233171000000,0.094407000000,0.194362163544,-4.454897403717,1.093334674835,0.577226817608,-0.562655687332,0.426583170891,-0.410188615322
694,694,1413393920.705760478973,1413393920.705760478973,2,1,1,0,0,0,201,2,0,0,-1,1204,689,689,0,728,0.604651162791,689,0.517515262349,2.694060384622,1.023546716598,4.647314949202,0.875000000000,1,4184,27,0.000054298682,0.050000190735,1,6.568517000000,0.908046000000,0.165431022644,-4.493847846985,1.066486358643,0.579860329628,-0.561932504177,0.425626307726,-0.408455729485
695,695,1413393920.755760431290,1413393920.755760431290,2,1,1,0,0,0,201,2,0,0,-1,1204,467,467,0,718,0.596345514950,467,1.323668108378,3.090069784005,1.636940791509,6.918629550321,0.833333333333,0,4264,28,0.000163905061,0.049999952316,1,7.355743000000,0.098887000000,0.136611938477,-4.531598091125,1.040296792984,0.581766963005,-0.560345053673,0.425639718771,-0.407911270857
696,696,1413393920.805760622025,1413393920.805760622025,2,1,1,0,0,0,202,2,0,0,-1,1204,431,431,0,659,0.547342192691,431,1.306015244891,3.167926666930,1.664641333781,6.819025522042,0.833333333333,0,4093,27,nan,nan,0,6.145786000000,0.085656000000,0.104907989502,-4.567079067230,1.016988396645,0.583205819130,-0.560238063335,0.424152314663,-0.407552689314
697,697,1413393920.855760335922,1413393920.855760335922,2,1,1,0,0,0,202,2,0,0,-1,1202,404,404,0,693,0.576539101498,404,1.462335177992,3.323731015302,1.755962038887,7.064356435644,0.854166666667,0,4247,27,0.000140136151,0.049999713898,1,6.166551000000,0.087509000000,0.076545715332,-4.602394104004,0.991388440132,0.585280895233,-0.558849990368,0.424754112959,-0.405853480101
698,698,1413393920.905760526657,1413393920.905760526657,2,1,1,0,0,0,202,2,0,0,-1,1203,655,655,0,707,0.587697423109,655,0.443202314674,2.809161770118,1.011270683558,4.824427480916,0.875000000000,1,4093,27,0.000143601384,0.050000190735,1,7.354565000000,0.116098000000,0.048093795776,-4.636459350586,0.965351343155,0.589272737503,-0.559226751328,0.422997176647,-0.401368379593
699,699,1413393920.955760478973,1413393920.955760478973,2,1,1,0,0,0,202,2,0,0,-1,1204,419,419,0,725,0.602159468439,419,1.317063415629,3.481129742826,1.721889754813,7.217183770883,0.875000000000,0,4090,28,0.000163643082,0.049999952316,1,6.767821000000,0.092754000000,0.020017623901,-4.669150829315,0.939593791962,0.593796789646,-0.560008823872,0.420304328203,-0.396408647299
700,700,1413393921.005760431290,1413393921.005760431290,2,1,1,0,0,0,203,2,0,0,-1,1204,408,408,0,738,0.612956810631,408,1.398268567670,3.151259028412,1.705280221780,6.286764705882,0.791666666667,0,4001,27,nan,nan,0,6.319141000000,1.548451000000,-0.015614032745,-4.701453208923,0.911643981934,0.598698198795,-0.563199698925,0.415582239628,-0.389432877302
701,701,1413393921.055760383606,1413393921.055760383606,2,1,1,0,0,0,203,2,0,0,-1,1205,688,688,0,726,0.602489626556,688,0.095052291799,2.590001237673,0.912504484271,4.168604651163,0.895833333333,1,4001,27,0.000143876605,0.049999952316,1,6.279448000000,0.121486000000,-0.042552947998,-4.731376647949,0.885544061661,0.604861497879,-0.566213905811,0.410003334284,-0.381368160248
702,702,1413393921.105760574341,1413393921.105760574341,2,1,1,0,0,0,203,2,0,0,-1,1207,412,412,0,684,0.566694283347,412,1.453304071747,3.343662451406,1.773044461195,6.310679611650,0.916666666667,0,4191,28,0.000096648124,0.050000190735,1,7.468304000000,0.095046000000,-0.067615509033,-4.759553909302,0.860450029373,0.610195755959,-0.569090485573,0.404560357332,-0.374336957932
703,703,1413393921.155760288239,1413393921.155760288239,2,1,1,0,0,0,204,2,0,0,-1,1206,394,394,0,711,0.589552238806,394,1.283458920675,3.106760167078,1.571639628578,6.256345177665,0.791666666667,0,4180,28,nan,nan,0,5.839954000000,0.077919000000,-0.091402053833,-4.787694931030,0.834276676178,0.613450407982,-0.571221053600,0.401088416576,-0.369477003813
704,704,1413393921.205760478973,1413393921.205760478973,2,1,1,0,0,0,204,2,0,0,-1,1205,358,358,0,702,0.582572614108,358,1.344246568345,3.419849769107,1.746158096453,6.379888268156,0.791666666667,0,4180,28,0.000169436957,0.050000190735,1,6.414313000000,0.090351000000,-0.110977172852,-4.812447547913,0.811450481415,0.617046296597,-0.571765363216,0.399474710226,-0.364360094070
705,705,1413393921.255760431290,1413393921.255760431290,2,1,1,0,0,0,204,2,0,0,-1,1204,629,629,0,667,0.553986710963,629,0.380876111617,2.671644280009,0.947593888016,4.310015898251,0.937500000000,1,4180,28,0.000130121072,0.049999952316,1,5.918581000000,0.109728000000,-0.127309799194,-4.834841251373,0.789958715439,0.619290947914,-0.572173178196,0.398072600365,-0.361434549093
706,706,1413393921.305760622025,1413393921.305760622025,2,1,1,0,0,0,204,2,0,0,-1,1208,433,433,0,650,0.538079470199,433,1.351122451079,3.079684877451,1.656223567822,6.471131639723,0.916666666667,0,4193,29,0.000151428525,0.050000190735,1,7.073186000000,0.118536000000,-0.140181541443,-4.855022430420,0.769759654999,0.620113670826,-0.572766184807,0.397379517555,-0.359843850136
707,707,1413393921.355760335922,1413393921.355760335922,2,1,1,0,0,0,205,2,0,0,-1,1206,421,421,0,651,0.539800995025,421,1.304164176996,2.963700649133,1.605591141006,6.308788598575,0.937500000000,0,4179,29,nan,nan,0,5.626561000000,0.099357000000,-0.153281688690,-4.871340751648,0.750381946564,0.620137274265,-0.574097037315,0.395429223776,-0.359830856323
708,708,1413393921.405760526657,1413393921.405760526657,2,1,1,0,0,0,205,2,0,0,-1,1208,405,405,0,664,0.549668874172,405,1.469967401295,3.220654053377,1.775024027476,6.296296296296,0.875000000000,0,4179,29,0.000060452570,0.050000190735,1,6.182628000000,0.082579000000,-0.159229278564,-4.887009620667,0.733254432678,0.618497312069,-0.574290812016,0.395369648933,-0.362400412560
709,709,1413393921.455760478973,1413393921.455760478973,2,1,1,0,0,0,205,2,0,0,-1,1207,391,391,0,672,0.556752278376,391,1.462061331510,3.344314702008,1.737331242286,6.677749360614,0.875000000000,0,4034,28,0.000104756866,0.049999952316,1,5.813952000000,0.075783000000,-0.161529541016,-4.900655269623,0.718074560165,0.614304125309,-0.573044419289,0.398165911436,-0.368394553661
710,710,1413393921.505760431290,1413393921.505760431290,2,1,1,0,0,0,205,2,0,0,-1,1203,381,381,0,687,0.571072319202,381,1.400491358381,3.302388083538,1.732844471100,6.719160104987,0.854166666667,0,4179,29,0.000076968696,0.049999952316,1,6.633123000000,0.098672000000,-0.160968303680,-4.912411212921,0.704167604446,0.609578907490,-0.569611489773,0.403143137693,-0.376074314117
711,711,1413393921.555760383606,1413393921.555760383606,2,1,1,0,0,0,205,2,0,0,-1,1203,377,377,0,670,0.556940980881,377,1.414423422961,3.591389512286,1.814410497945,6.904509283820,0.875000000000,0,4179,29,0.000111473848,0.049999952316,1,6.804261000000,0.084948000000,-0.158073902130,-4.922790050507,0.691104412079,0.603454172611,-0.565884768963,0.409075617790,-0.385064542294
712,712,1413393921.605760574341,1413393921.605760574341,2,1,1,0,0,0,205,2,0,0,-1,1206,359,359,0,636,0.527363184080,359,1.571847927100,3.819529025233,1.917295726350,7.105849582173,0.895833333333,0,4179,29,0.000114742084,0.050000190735,1,10.072113000000,0.120570000000,-0.154056549072,-4.931978225708,0.677713632584,0.598644495010,-0.562150955200,0.415475368500,-0.391141086817
713,713,1413393921.655760288239,1413393921.655760288239,2,1,1,0,0,0,205,2,0,0,-1,1202,347,347,0,634,0.527454242928,347,1.663055603324,3.571907029253,1.981362101224,7.077809798271,0.833333333333,0,4179,29,0.000130866552,0.049999713898,1,5.843252000000,0.071361000000,-0.149423599243,-4.939733982086,0.663314104080,0.594974279404,-0.560256719589,0.418662786484,-0.396029740572
714,714,1413393921.705760478973,1413393921.705760478973,2,1,1,0,0,0,205,2,0,0,-1,1204,357,357,0,652,0.541528239203,357,1.521588140164,3.710122878550,1.921883062321,7.198879551821,0.833333333333,0,4179,29,0.000108931235,0.050000190735,1,6.534817000000,0.101033000000,-0.145253181458,-4.946603298187,0.645738601685,0.592310905457,-0.558821320534,0.421702742577,-0.398814857006
715,715,1413393921.755760431290,1413393921.755760431290,2,1,1,0,0,0,205,2,0,0,-1,1204,608,608,0,664,0.551495016611,608,0.549342391052,3.066251200013,1.101546903699,4.901315789474,0.937500000000,1,4179,29,0.000130806686,0.049999952316,1,6.658644000000,0.110848000000,-0.141317844391,-4.952346801758,0.625205278397,0.589820802212,-0.558096647263,0.423924326897,-0.401157975197
716,716,1413393921.805760622025,1413393921.805760622025,2,1,1,0,0,0,205,2,0,0,-1,1207,493,493,0,634,0.525269262635,493,1.427932005758,3.515450365339,1.796381512587,6.929006085193,0.916666666667,0,4246,30,0.000110755951,0.050000190735,1,7.139409000000,0.099456000000,-0.136901378632,-4.957118988037,0.602489471436,0.587713062763,-0.556640088558,0.426650553942,-0.403379023075
717,717,1413393921.855760335922,1413393921.855760335922,2,1,1,0,0,0,206,2,0,0,-1,1211,487,487,0,654,0.540049545830,487,1.372341887063,3.144544800696,1.684911654551,6.375770020534,0.895833333333,0,4196,29,nan,nan,0,6.096149000000,0.093960000000,-0.143925666809,-4.962035179138,0.576973199844,0.584741413593,-0.554921388626,0.430161505938,-0.406326115131
718,718,1413393921.905760526657,1413393921.905760526657,2,1,1,0,0,0,206,2,0,0,-1,1207,431,431,0,673,0.557580778790,431,1.444168084371,3.186551405345,1.750576105012,6.628770301624,0.916666666667,0,4196,29,0.000117171927,0.050000190735,1,6.610628000000,0.086125000000,-0.139444828033,-4.964327335358,0.550726175308,0.579998195171,-0.552156150341,0.435172080994,-0.411522805691
719,719,1413393921.955760478973,1413393921.955760478973,2,1,1,0,0,0,206,2,0,0,-1,1207,457,457,0,685,0.567522783761,457,1.448774728234,3.386227553104,1.750904679660,6.778993435449,0.895833333333,0,4196,29,0.000089504487,0.049999952316,1,7.531457000000,0.124519000000,-0.135448932648,-4.965643405914,0.524196624756,0.575509548187,-0.548459053040,0.441130399704,-0.416395753622
720,720,1413393922.005760431290,1413393922.005760431290,2,1,1,0,0,0,206,2,0,0,-1,1204,428,428,0,675,0.560631229236,428,1.430067742162,3.485190020518,1.790183228619,6.843457943925,0.875000000000,0,4196,29,0.000089037298,0.049999952316,1,6.397812000000,0.092343000000,-0.132720470428,-4.966041564941,0.497697591782,0.572194814682,-0.546678006649,0.444362759590,-0.419854909182
721,721,1413393922.055760383606,1413393922.055760383606,2,1,1,0,0,0,206,2,0,0,-1,1208,426,426,0,689,0.570364238411,426,1.435653884444,3.696491857577,1.857311388863,6.741784037559,0.895833333333,0,4196,29,0.000154015972,0.049999952316,1,6.644239000000,0.100096000000,-0.131778717041,-4.965685844421,0.470037460327,0.572756111622,-0.548303246498,0.443534523249,-0.417841166258
722,722,1413393922.105760574341,1413393922.105760574341,2,1,1,0,0,0,206,2,0,0,-1,1202,391,391,0,713,0.593178036606,391,1.679081872845,3.865229483531,1.971858726831,6.759590792839,0.916666666667,0,4196,29,0.000150515247,0.050000190735,1,6.134124000000,0.099563000000,-0.132088184357,-4.964332580566,0.442382335663,0.574576854706,-0.551087737083,0.441107958555,-0.414231359959
723,723,1413393922.155760288239,1413393922.155760288239,2,1,1,0,0,0,206,2,0,0,-1,1210,625,625,0,740,0.611570247934,625,0.000525044267,2.916448239138,1.070079411099,4.270400000000,0.937500000000,1,4196,29,0.000098775519,0.049999713898,1,6.453063000000,0.121361000000,-0.133787155151,-4.961875438690,0.414049625397,0.578655242920,-0.555655837059,0.436173468828,-0.407624155283
724,724,1413393922.205760478973,1413393922.205760478973,2,1,1,0,0,0,206,2,0,0,-1,1205,415,415,0,734,0.609128630705,415,1.480090176560,3.900893082871,1.860143723632,6.737349397590,0.875000000000,0,4183,29,0.000124772923,0.050000190735,1,7.075542000000,0.097027000000,-0.136526584625,-4.958543777466,0.384581565857,0.585317373276,-0.563689172268,0.426630049944,-0.397045254707
725,725,1413393922.255760431290,1413393922.255760431290,2,1,1,0,0,0,207,2,0,0,-1,1208,372,372,0,733,0.606788079470,372,1.824876302011,3.734900009372,2.035263598572,6.561827956989,0.770833333333,0,4161,29,nan,nan,0,5.316449000000,0.083575000000,-0.138213634491,-4.955252647400,0.356673240662,0.591411530972,-0.570822238922,0.418038785458,-0.386830717325
726,726,1413393922.305760622025,1413393922.305760622025,2,1,1,0,0,0,207,2,0,0,-1,1205,365,365,0,704,0.584232365145,365,1.744969320624,3.802456154809,2.091419292637,6.243835616438,0.791666666667,0,4137,29,0.000061402214,0.050000190735,1,6.272078000000,0.084014000000,-0.140343189240,-4.949915885925,0.327745914459,0.596920132637,-0.578707277775,0.408090919256,-0.377155244350
727,727,1413393922.355760335922,1413393922.355760335922,2,1,1,0,0,0,207,2,0,0,-1,1200,346,346,0,741,0.617500000000,346,1.719131325757,3.606183880251,1.982255323512,6.106936416185,0.791666666667,0,3801,27,0.000112051224,0.049999713898,1,5.799093000000,0.089378000000,-0.140543460846,-4.943675518036,0.299601793289,0.601759314537,-0.585547447205,0.399185985327,-0.368334770203
728,728,1413393922.405760526657,1413393922.405760526657,2,1,1,0,0,0,207,2,0,0,-1,1207,642,642,0,694,0.574979287490,642,0.000366561888,2.842871854772,0.984977709438,4.021806853583,0.875000000000,1,3801,27,0.000098447046,0.050000190735,1,6.004410000000,0.115151000000,-0.137799739838,-4.936539173126,0.272831439972,0.605069220066,-0.591229856014,0.392051994801,-0.361432909966
729,729,1413393922.455760478973,1413393922.455760478973,2,1,1,0,0,0,207,2,0,0,-1,1202,408,408,0,637,0.529950083195,408,1.619704985469,3.824027844130,1.932214252934,6.392156862745,0.770833333333,0,4177,29,0.000051800802,0.049999952316,1,6.560013000000,0.099543000000,-0.130966186523,-4.928109169006,0.248128175735,0.604318141937,-0.597484469414,0.384483546019,-0.360533386469
730,730,1413393922.505760431290,1413393922.505760431290,2,1,1,0,0,0,208,2,0,0,-1,1204,393,393,0,594,0.493355481728,393,1.543351313088,3.484616038565,1.855472524401,6.091603053435,0.770833333333,0,3868,27,nan,nan,0,5.748839000000,0.074590000000,-0.120168209076,-4.919340133667,0.223069190979,0.599864244461,-0.602164030075,0.379221796989,-0.365721523762
731,731,1413393922.555760383606,1413393922.555760383606,2,1,1,0,0,0,208,2,0,0,-1,1203,376,376,0,648,0.538653366584,376,1.606978900642,3.376360576127,1.897291213664,5.646276595745,0.854166666667,0,4084,28,0.000040760438,0.049999952316,1,6.059565000000,0.101928000000,-0.104725360870,-4.910426139832,0.202245712280,0.592321157455,-0.605100870132,0.377235919237,-0.375102221966
732,732,1413393922.605760574341,1413393922.605760574341,2,1,1,0,0,0,208,2,0,0,-1,1207,370,370,0,677,0.560894780447,370,1.625516413066,3.388601642888,1.872208132188,5.905405405405,0.812500000000,0,4084,28,0.000050214261,0.050000190735,1,5.793614000000,0.074423000000,-0.085448741913,-4.901824951172,0.183129549026,0.583318710327,-0.606555044651,0.376942187548,-0.386968851089
733,733,1413393922.655760288239,1413393922.655760288239,2,1,1,0,0,0,208,2,0,0,-1,1205,338,338,0,634,0.526141078838,338,1.616533794090,3.365791074736,1.917156117590,6.091715976331,0.770833333333,0,4332,29,0.000033659711,0.049999713898,1,6.141676000000,0.104481000000,-0.063041210175,-4.894436359406,0.164404630661,0.575935482979,-0.607557237148,0.376471847296,-0.396788865328
734,734,1413393922.705760478973,1413393922.705760478973,2,1,1,0,0,0,208,2,0,0,-1,1208,327,327,0,582,0.481788079470,327,1.688264054052,3.890480534550,2.034690364472,6.024464831804,0.770833333333,0,4084,28,0.000111680696,0.050000190735,1,5.321049000000,0.091536000000,-0.037743091583,-4.888792037964,0.146230697632,0.570026040077,-0.607085347176,0.377850741148,-0.404656112194
735,735,1413393922.755760431290,1413393922.755760431290,2,1,1,0,0,0,208,2,0,0,-1,1205,565,565,0,571,0.473858921162,565,0.404353780473,2.930535241087,1.066049947000,4.155752212389,0.895833333333,1,4084,28,0.000055540801,0.049999952316,1,5.889012000000,0.103094000000,-0.010385036469,-4.885026454926,0.128105640411,0.567265987396,-0.606674194336,0.377784371376,-0.409187823534
736,736,1413393922.805760622025,1413393922.805760622025,2,1,1,0,0,0,208,2,0,0,-1,1211,443,443,0,588,0.485549132948,443,1.402659081747,3.556848251620,1.811165131135,5.812641083521,0.916666666667,0,4134,29,0.000114089802,0.050000190735,1,7.250799000000,0.140888000000,0.018799304962,-4.883323669434,0.110036611557,0.567148268223,-0.605931043625,0.378283590078,-0.409990161657
737,737,1413393922.855760335922,1413393922.855760335922,2,1,1,0,0,0,209,2,0,0,-1,1204,406,406,0,599,0.497508305648,406,1.363150806038,3.223226993756,1.700452025576,6.189655172414,0.854166666667,0,4270,30,nan,nan,0,5.512734000000,0.074700000000,0.053428649902,-4.879298210144,0.092551708221,0.571022331715,-0.605187356472,0.378990560770,-0.405028313398
738,738,1413393922.905760526657,1413393922.905760526657,2,1,1,0,0,0,209,2,0,0,-1,1207,378,378,0,589,0.487986743993,378,1.472791632472,3.572702467408,1.780096117554,6.301587301587,0.895833333333,0,4125,29,0.000203591349,0.050000190735,1,5.436444000000,0.076812000000,0.085811138153,-4.882176399231,0.076354503632,0.576191306114,-0.604708671570,0.378989160061,-0.398369431496
739,739,1413393922.955760478973,1413393922.955760478973,2,1,1,0,0,0,209,2,0,0,-1,1205,352,352,0,603,0.500414937759,352,1.744799689081,3.642619731662,1.995172030951,6.343750000000,0.875000000000,0,3910,28,0.000250750891,0.049999952316,1,5.955779000000,0.110548000000,0.120485305786,-4.886724472046,0.062896013260,0.582858562469,-0.603007972240,0.380821615458,-0.389399826527
740,740,1413393923.005760431290,1413393923.005760431290,2,1,1,0,0,0,209,2,0,0,-1,1201,574,574,0,580,0.482930890924,574,0.274760042413,2.671436800369,0.972658456415,4.254355400697,0.937500000000,1,3910,28,0.000194415406,0.049999952316,1,5.820972000000,0.105572000000,0.157195091248,-4.892440319061,0.052686214447,0.590634882450,-0.600331246853,0.384419858456,-0.378119409084
741,741,1413393923.055760383606,1413393923.055760383606,2,1,1,0,0,0,209,2,0,0,-1,1206,365,365,0,555,0.460199004975,365,1.317059751237,3.446632809825,1.745298302543,6.542465753425,0.833333333333,0,3931,29,0.000246157928,0.049999952316,1,6.191018000000,0.082505000000,0.196631431580,-4.897995948792,0.046545505524,0.597040414810,-0.597606480122,0.388068675995,-0.368526667356
742,742,1413393923.105760574341,1413393923.105760574341,2,1,1,0,0,0,210,2,0,0,-1,1205,329,329,0,566,0.469709543568,329,1.449509159480,3.522295859305,1.800966225515,6.647416413374,0.916666666667,0,4139,30,nan,nan,0,4.892596000000,0.069856000000,0.240077495575,-4.901576995850,0.041709303856,0.600673973560,-0.596328914165,0.390853017569,-0.361685663462
743,743,1413393923.155760288239,1413393923.155760288239,2,1,1,0,0,0,210,2,0,0,-1,1207,315,315,0,579,0.479701739851,315,1.390655097425,3.480343976710,1.801632493658,6.777777777778,0.895833333333,0,3924,29,0.000164495563,0.049999713898,1,5.558569000000,0.077595000000,0.286964416504,-4.906015872955,0.042176485062,0.603902399540,-0.595621228218,0.392215996981,-0.355954945087
744,744,1413393923.205760478973,1413393923.205760478973,2,1,1,0,0,0,210,2,0,0,-1,1206,601,601,0,612,0.507462686567,601,0.000518798828,2.691527001157,0.923242021023,4.545757071547,0.916666666667,1,3924,29,0.000157671544,0.050000190735,1,5.284211000000,0.105264000000,0.337898254395,-4.909145832062,0.046260356903,0.605262815952,-0.594986140728,0.393560171127,-0.353212088346
745,745,1413393923.255760431290,1413393923.255760431290,2,1,1,0,0,0,210,2,0,0,-1,1206,376,376,0,690,0.572139303483,376,1.377012639384,3.585419080166,1.780990182825,7.132978723404,0.875000000000,0,3998,30,0.000112783731,0.049999952316,1,6.439138000000,0.090710000000,0.392468452454,-4.911037445068,0.052294373512,0.604533910751,-0.594302356243,0.395570069551,-0.353366434574
746,746,1413393923.305760622025,1413393923.305760622025,2,1,1,0,0,0,211,2,0,0,-1,1204,337,337,0,670,0.556478405316,337,1.640407249374,3.697282917505,1.947158856001,7.729970326409,0.875000000000,0,3993,30,nan,nan,0,4.918614000000,0.072663000000,0.451429367065,-4.908859729767,0.060007452965,0.600203931332,-0.595616102219,0.395336300135,-0.358756273985
747,747,1413393923.355760335922,1413393923.355760335922,2,1,1,0,0,0,211,2,0,0,-1,1207,309,309,0,733,0.607290803645,309,1.726689224062,4.089468854385,2.122133711850,7.941747572816,0.750000000000,0,4138,31,0.000078618628,0.049999713898,1,6.194406000000,0.070396000000,0.513089656830,-4.907331943512,0.068662762642,0.592903256416,-0.597983956337,0.392007887363,-0.370419681072
748,748,1413393923.405760526657,1413393923.405760526657,2,1,1,0,0,0,211,2,0,0,-1,1205,649,649,0,689,0.571784232365,649,0.000274658203,3.012137325512,0.870202545354,4.479198767334,0.895833333333,1,4138,31,0.000057099052,0.050000190735,1,5.179769000000,0.898265000000,0.577107906342,-4.905032157898,0.078138232231,0.585417985916,-0.601015627384,0.384609460831,-0.384891808033
749,749,1413393923.455760478973,1413393923.455760478973,2,1,1,0,0,0,211,2,0,0,-1,1206,344,344,0,750,0.621890547264,344,1.547935828211,3.799891412034,1.920512844480,7.334302325581,0.916666666667,0,4175,31,0.000136486415,0.049999952316,1,6.306139000000,0.104193000000,0.642611503601,-4.903073310852,0.087954521179,0.580053806305,-0.600583732128,0.376947313547,-0.400933355093
750,750,1413393923.505760431290,1413393923.505760431290,2,1,1,0,0,0,212,2,0,0,-1,1206,327,327,0,743,0.616086235489,327,1.771592314869,3.815493343733,2.073938788718,7.403669724771,0.854166666667,0,4310,32,nan,nan,0,4.957636000000,0.074203000000,0.707536220551,-4.904642581940,0.098757386208,0.577244281769,-0.596489727497,0.369833290577,-0.417387723923
751,751,1413393923.555760383606,1413393923.555760383606,2,1,1,0,0,0,212,2,0,0,-1,1205,674,674,0,739,0.613278008299,674,0.000238349905,3.214637121441,0.891185627041,4.462908011869,0.833333333333,1,4165,31,0.000165099831,0.049999952316,1,5.346396000000,0.131066000000,0.774966239929,-4.905835151672,0.109162330627,0.577832102776,-0.588474452496,0.363840639591,-0.432929396629
752,752,1413393923.605760574341,1413393923.605760574341,2,1,1,0,0,0,212,2,0,0,-1,1206,351,351,0,741,0.614427860697,351,1.708345602548,3.659890560541,1.987229073629,6.726495726496,0.916666666667,0,4439,32,0.000165333564,0.050000190735,1,6.369637000000,0.095456000000,0.842459678650,-4.909079551697,0.119183301926,0.583236873150,-0.577569186687,0.356570541859,-0.446213155985
753,753,1413393923.655760288239,1413393923.655760288239,2,1,1,0,0,0,213,2,0,0,-1,1205,532,532,0,505,0.419087136929,532,0.804954527770,3.315872887474,1.271182116508,4.830827067669,0.895833333333,1,4422,32,nan,nan,0,5.278420000000,0.096022000000,0.905617713928,-4.915947914124,0.127344846725,0.594481348991,-0.561827003956,0.352779328823,-0.454410851002
754,754,1413393923.705760478973,1413393923.705760478973,2,1,1,0,0,0,213,2,0,0,-1,1203,329,329,0,545,0.453034081463,329,2.006488029982,3.915951977422,2.236648690379,7.115501519757,0.812500000000,0,4397,33,0.000223746581,0.050000190735,1,6.276004000000,0.095722000000,0.973075866699,-4.924493789673,0.136573076248,0.609049558640,-0.543222010136,0.349992632866,-0.459862709045
755,755,1413393923.755760431290,1413393923.755760431290,2,1,1,0,0,0,214,2,0,0,-1,1204,648,648,0,709,0.588870431894,648,0.000272957517,3.002366296941,0.915775405065,4.413580246914,0.854166666667,1,4342,32,nan,nan,0,5.033970000000,0.122078000000,1.035787582397,-4.937183856964,0.142544031143,0.627289831638,-0.523683488369,0.345924973488,-0.461084634066
756,756,1413393923.805760622025,1413393923.805760622025,2,1,1,0,0,0,214,2,0,0,-1,1206,345,345,0,594,0.492537313433,345,1.816777765571,3.625054457123,2.079125176515,6.460869565217,0.833333333333,0,4464,33,0.000147101237,0.050000190735,1,6.716417000000,0.126630000000,1.102648019791,-4.949345588684,0.149917364120,0.645379185677,-0.504792809486,0.338919132948,-0.462389260530
757,757,1413393923.855760335922,1413393923.855760335922,2,1,1,0,0,0,215,2,0,0,-1,1205,558,558,0,570,0.473029045643,558,0.465053911929,2.962674026379,1.126365813883,4.245519713262,0.875000000000,1,4448,33,nan,nan,0,5.743707000000,0.097300000000,1.168686151505,-4.966454029083,0.153839826584,0.661944508553,-0.485844582319,0.330884426832,-0.465080797672
758,758,1413393923.905760526657,1413393923.905760526657,2,1,1,0,0,0,215,2,0,0,-1,1206,326,326,0,685,0.567993366501,326,2.031307019955,4.308607581190,2.293412910956,6.987730061350,0.812500000000,0,4766,35,0.000104942257,0.050000190735,1,6.690277000000,0.077402000000,1.235708713531,-4.980769157410,0.161774396896,0.677311658859,-0.467171877623,0.322103977203,-0.468239814043
759,759,1413393923.955760478973,1413393923.955760478973,2,1,1,0,0,0,216,2,0,0,-1,1205,624,624,0,690,0.572614107884,624,0.000259846270,2.997415165209,0.984150175574,4.221153846154,0.833333333333,1,4662,34,nan,nan,0,5.467979000000,0.111695000000,1.304666519165,-4.998136520386,0.166618108749,0.690886616707,-0.449991255999,0.311291366816,-0.472526460886
760,760,1413393924.005760431290,1413393924.005760431290,2,1,1,0,0,0,216,2,0,0,-1,1204,314,314,0,687,0.570598006645,314,1.610525830372,4.043528961106,1.966082747234,6.646496815287,0.791666666667,0,5013,37,0.000102812010,0.049999952316,1,6.411976000000,0.122058000000,1.372147798538,-5.012881755829,0.174190521240,0.703978836536,-0.433817028999,0.299778521061,-0.475761890411
761,761,1413393924.055760383606,1413393924.055760383606,2,1,1,0,0,0,217,2,0,0,-1,1207,649,649,0,725,0.600662800331,649,0.012425407700,2.954231831708,0.999182895971,4.483821263482,0.875000000000,1,5129,38,nan,nan,0,6.220982000000,0.120825000000,1.442911624908,-5.027306556702,0.180858135223,0.715709984303,-0.418457865715,0.288960963488,-0.478700041771
762,762,1413393924.105760574341,1413393924.105760574341,2,1,1,0,0,0,217,2,0,0,-1,1205,351,351,0,673,0.558506224066,351,1.704022499699,3.969937463791,2.084605163825,6.669515669516,0.770833333333,0,4838,36,0.000134841233,0.050000190735,1,6.680087000000,0.085674000000,1.512321233749,-5.041752338409,0.187664270401,0.727955400944,-0.401183634996,0.281056940556,-0.479728817940
763,763,1413393924.155760288239,1413393924.155760288239,2,1,1,0,0,0,218,2,0,0,-1,1205,626,626,0,692,0.574273858921,626,0.449160054356,3.097238089001,1.112747570918,4.730031948882,0.770833333333,1,4818,36,nan,nan,0,5.665324000000,0.116506000000,1.583960294724,-5.056685447693,0.194467544556,0.739881753922,-0.381399095058,0.278072416782,-0.479359418154
764,764,1413393924.205760478973,1413393924.205760478973,2,1,1,0,0,0,218,2,0,0,-1,1204,360,360,0,700,0.581395348837,360,1.503449992247,3.942624907824,1.906797302325,7.394444444444,0.729166666667,0,4893,37,0.000081904429,0.050000190735,1,7.436626000000,0.096274000000,1.655750513077,-5.068710327148,0.201391696930,0.750636637211,-0.358750641346,0.279360204935,-0.479375183582
765,765,1413393924.255760431290,1413393924.255760431290,2,1,1,0,0,0,219,2,0,0,-1,1203,645,645,0,683,0.567747298421,645,0.000244616997,2.654511417509,0.926706343534,3.964341085271,0.729166666667,1,4515,34,nan,nan,0,5.688095000000,0.110761000000,1.728409528732,-5.078059196472,0.208159208298,0.760233044624,-0.333670675755,0.284068375826,-0.479598522186
766,766,1413393924.305760622025,1413393924.305760622025,2,1,1,0,0,0,219,2,0,0,-1,1203,377,377,0,690,0.573566084788,377,1.532172722111,3.448005777790,1.867031879558,6.710875331565,0.708333333333,0,5083,37,0.000085155465,0.050000190735,1,6.632963000000,0.106220000000,1.799812078476,-5.085040092468,0.215425968170,0.768358886242,-0.310683548450,0.288393676281,-0.479509621859
767,767,1413393924.355760335922,1413393924.355760335922,2,1,1,0,0,0,220,2,0,0,-1,1201,622,622,0,669,0.557035803497,622,0.000539520466,2.619543284806,0.915729362141,4.339228295820,0.812500000000,1,4605,35,nan,nan,0,5.633081000000,0.140575000000,1.870985746384,-5.085779666901,0.223389148712,0.775513768196,-0.289133369923,0.293384701014,-0.478440940380
768,768,1413393924.405760526657,1413393924.405760526657,2,1,1,0,0,0,220,2,0,0,-1,1202,378,378,0,672,0.559068219634,378,1.612428742398,3.613496063854,1.918988302872,6.955026455026,0.791666666667,0,4954,37,0.000152098743,0.050000190735,1,6.824672000000,0.084280000000,1.939099788666,-5.085521221161,0.231536388397,0.781060159206,-0.269255518913,0.299581468105,-0.477176547050
769,769,1413393924.455760478973,1413393924.455760478973,2,1,1,0,0,0,221,2,0,0,-1,1203,659,659,0,696,0.578553615960,659,0.000232414951,2.841793030241,0.959655826934,4.679817905918,0.812500000000,1,4923,37,nan,nan,0,5.876467000000,0.119105000000,2.005418539047,-5.081599235535,0.240895271301,0.785868644714,-0.251559853554,0.306914061308,-0.474269926548
770,770,1413393924.505760431290,1413393924.505760431290,2,1,1,0,0,0,221,2,0,0,-1,1206,344,344,0,662,0.548922056385,344,1.614965605631,3.576006718048,1.876461102619,7.107558139535,0.708333333333,0,5154,39,0.000193502172,0.049999952316,1,6.781262000000,0.114610000000,2.067730903625,-5.070819377899,0.251286029816,0.788690865040,-0.236726269126,0.313170105219,-0.473129898310
771,771,1413393924.555760383606,1413393924.555760383606,2,1,1,0,0,0,222,2,0,0,-1,1205,661,661,0,701,0.581742738589,661,0.000348288337,3.061023543962,0.989371450498,4.180030257186,0.791666666667,1,5070,38,nan,nan,0,5.616924000000,0.112564000000,2.122221946716,-5.053128242493,0.265170574188,0.790241837502,-0.224200442433,0.318808734417,-0.472877442837
772,772,1413393924.605760574341,1413393924.605760574341,2,1,1,0,0,0,222,2,0,0,-1,1203,331,331,0,608,0.505403158770,331,2.042653897651,4.135079036812,2.301723968632,6.990936555891,0.708333333333,0,5203,39,0.000184334174,0.050000190735,1,6.538586000000,0.095709000000,2.174653768539,-5.030913829803,0.278644561768,0.788716554642,-0.212465062737,0.325734406710,-0.476111203432
773,773,1413393924.655760288239,1413393924.655760288239,2,1,1,0,0,0,223,2,0,0,-1,1205,576,576,0,644,0.534439834025,576,0.000473760214,2.970936866403,1.053593218852,4.395833333333,0.708333333333,1,5717,42,nan,nan,0,6.976564000000,0.125224000000,2.222303390503,-5.000264644623,0.292957782745,0.785897195339,-0.201976820827,0.333246201277,-0.480122864246
774,774,1413393924.705760478973,1413393924.705760478973,2,1,1,0,0,0,223,2,0,0,-1,1204,310,310,0,633,0.525747508306,310,1.834250106371,4.504459754420,2.276325529303,7.464516129032,0.645833333333,0,4313,31,0.000209901875,0.050000190735,1,6.034954000000,0.096971000000,2.261570930481,-4.965374469757,0.311019420624,0.781533837318,-0.192397698760,0.341146618128,-0.485599696636
775,775,1413393924.755760431290,1413393924.755760431290,2,1,1,0,0,0,224,2,0,0,-1,1203,553,553,0,638,0.530340814630,553,0.000318612870,2.995102196896,1.038985372275,4.144665461121,0.687500000000,1,4750,33,nan,nan,0,5.279549000000,0.114411000000,2.295032024384,-4.918537139893,0.334818363190,0.776623487473,-0.186037272215,0.347567886114,-0.491368174553
776,776,1413393924.805760622025,1413393924.805760622025,2,1,1,0,0,0,224,2,0,0,-1,1204,316,316,0,652,0.541528239203,316,1.782969832632,4.346315583115,2.194613225960,6.563291139241,0.625000000000,0,3737,27,0.000123616293,0.050000190735,1,5.808456000000,0.089820000000,2.317384958267,-4.870620727539,0.361038208008,0.773048996925,-0.184271410108,0.351917684078,-0.494563728571
777,777,1413393924.855760335922,1413393924.855760335922,2,1,1,0,0,0,225,2,0,0,-1,1201,585,585,0,675,0.562031640300,585,0.000136478758,2.773189595782,0.858900044311,3.786324786325,0.604166666667,1,3708,27,nan,nan,0,5.099930000000,0.101526000000,2.334139823914,-4.810240268707,0.392441987991,0.770744979382,-0.191218480468,0.347322344780,-0.498753339052
778,778,1413393924.905760526657,1413393924.905760526657,2,1,1,0,0,0,225,2,0,0,-1,1204,295,295,0,708,0.588039867110,295,1.816462546676,4.638405334284,2.257210184661,6.972881355932,0.562500000000,0,4937,35,0.000063960251,0.050000190735,1,6.134948000000,0.071950000000,2.338144540787,-4.749167442322,0.428264379501,0.769800901413,-0.205122530460,0.335616111755,-0.502686083317
779,779,1413393924.955760478973,1413393924.955760478973,2,1,1,0,0,0,226,2,0,0,-1,1205,573,573,0,708,0.587551867220,573,0.000725394551,3.107387727965,0.856110837646,3.589877835951,0.604166666667,1,5122,37,nan,nan,0,5.696117000000,0.153084000000,2.334508657455,-4.677176952362,0.469831943512,0.770371973515,-0.225150913000,0.315915554762,-0.505995690823
780,780,1413393925.005760431290,1413393925.005760431290,2,1,1,0,0,0,226,2,0,0,-1,1203,258,258,0,683,0.567747298421,258,1.827271756530,4.726752241664,2.313511214994,5.980620155039,0.583333333333,0,5014,35,0.000021668349,0.049999952316,1,6.056297000000,0.095903000000,2.323085069656,-4.606038570404,0.515523195267,0.770533978939,-0.242767810822,0.294910252094,-0.510263860226
781,781,1413393925.055760383606,1413393925.055760383606,2,1,1,0,0,0,227,2,0,0,-1,1202,512,512,0,661,0.549916805324,512,0.000272957517,2.997594338527,0.882811432284,3.500000000000,0.583333333333,1,5275,37,nan,nan,0,5.763994000000,0.095011000000,2.304702043533,-4.530816555023,0.562801361084,0.770776689053,-0.257369518280,0.275085598230,-0.513801753521
782,782,1413393925.105760574341,1413393925.105760574341,2,1,1,0,0,0,227,2,0,0,-1,1202,211,211,0,691,0.574875207987,211,2.245870790935,4.043755391435,2.432077431737,5.962085308057,0.500000000000,0,4827,34,0.000034168770,0.050000190735,1,6.567477000000,0.070502000000,2.284985065460,-4.454003334045,0.614268302917,0.771429240704,-0.268723487854,0.255586653948,-0.517068803310
783,783,1413393925.155760288239,1413393925.155760288239,2,1,1,0,0,0,228,2,0,0,-1,1201,574,574,0,687,0.572023313905,574,0.000175616519,3.058144662309,0.842080417642,3.383275261324,0.645833333333,1,5371,41,nan,nan,0,5.591257000000,0.115691000000,2.265454769135,-4.378020286560,0.667185544968,0.773202359676,-0.277787297964,0.234364792705,-0.519678354263
784,784,1413393925.205760478973,1413393925.205760478973,2,1,1,0,0,0,228,2,0,0,-1,1205,244,244,0,666,0.552697095436,244,2.320523461271,4.385259383934,2.516742191893,5.319672131148,0.562500000000,0,5715,43,0.000073400617,0.050000190735,1,7.355580000000,0.086658000000,2.243114233017,-4.297407150269,0.721497774124,0.775924921036,-0.285601943731,0.210180342197,-0.521724283695
785,785,1413393925.255760431290,1413393925.255760431290,2,1,1,0,0,0,229,2,0,0,-1,1203,525,525,0,699,0.581047381546,525,0.000129475119,3.239309557469,0.893154618528,3.466666666667,0.708333333333,1,4866,38,nan,nan,0,5.575678000000,0.100538000000,2.224261999130,-4.217332839966,0.774849653244,0.779964745045,-0.289548456669,0.186820283532,-0.522412538528
786,786,1413393925.305760622025,1413393925.305760622025,2,1,1,0,0,0,229,2,0,0,-1,1201,266,266,0,699,0.582014987510,266,1.967400736092,4.385079938674,2.340382924624,5.466165413534,0.645833333333,0,6066,46,0.000082230086,0.050000190735,1,6.405671000000,0.070054000000,2.204235076904,-4.135648250580,0.828962087631,0.783759772778,-0.289457559586,0.166694223881,-0.523591518402
787,787,1413393925.355760335922,1413393925.355760335922,2,1,1,0,0,0,230,2,0,0,-1,1204,576,576,0,700,0.581395348837,576,0.000096505056,3.274354331335,0.972510055783,3.751736111111,0.708333333333,1,5272,39,nan,nan,0,5.908267000000,0.114745000000,2.194017887115,-4.054561614990,0.882148027420,0.788043975830,-0.284298002720,0.153733611107,-0.523953616619
788,788,1413393925.405760526657,1413393925.405760526657,2,1,1,0,0,0,230,2,0,0,-1,1204,334,334,0,729,0.605481727575,334,2.006036053876,4.238296759485,2.270841198464,5.703592814371,0.729166666667,0,5554,44,0.000073327974,0.050000190735,1,7.475107000000,0.109846000000,2.181609630585,-3.972961902618,0.935323238373,0.791219413280,-0.275194674730,0.148994356394,-0.525395512581
789,789,1413393925.455760478973,1413393925.455760478973,2,1,1,0,0,0,231,2,0,0,-1,1204,487,487,0,498,0.413621262458,487,0.769133537954,3.670572964603,1.410345301336,4.611909650924,0.750000000000,1,5551,45,nan,nan,0,5.853615000000,0.099927000000,2.175178527832,-3.893732070923,0.985091209412,0.792233407497,-0.266540497541,0.146368101239,-0.529054641724
790,790,1413393925.505760431290,1413393925.505760431290,2,1,1,0,0,0,231,2,0,0,-1,1203,305,305,0,608,0.505403158770,305,1.918931829745,4.827512685211,2.381606962081,6.704918032787,0.708333333333,0,6921,55,0.000037479433,0.049999952316,1,7.663030000000,0.085894000000,2.169055938721,-3.811908483505,1.038279056549,0.792557954788,-0.257415413857,0.146615579724,-0.533003926277
791,791,1413393925.555760383606,1413393925.555760383606,2,1,1,0,0,0,232,2,0,0,-1,1201,649,649,0,828,0.689425478768,649,0.000152587891,3.131608178444,1.025878278279,4.171032357473,0.791666666667,1,6714,53,nan,nan,0,6.318056000000,0.148339000000,2.167639732361,-3.734281539917,1.086974382401,0.792962670326,-0.250059366226,0.145634919405,-0.536163210869
792,792,1413393925.605760574341,1413393925.605760574341,2,1,1,0,0,0,232,2,0,0,-1,1202,401,401,0,780,0.648918469218,401,2.075869802254,4.179455041131,2.402926730988,6.251870324190,0.770833333333,0,6115,48,0.000146724997,0.050000190735,1,7.551410000000,0.125568000000,2.166349649429,-3.652342557907,1.137489080429,0.792591929436,-0.245383560658,0.143358007073,-0.539475202560
793,793,1413393925.655760288239,1413393925.655760288239,2,1,1,0,0,0,233,2,0,0,-1,1204,371,371,0,773,0.642026578073,371,1.938907670495,4.276838684991,2.238472322533,6.266846361186,0.687500000000,0,6002,46,nan,nan,0,6.082432000000,0.101053000000,2.167134046555,-3.575548648834,1.179232835770,0.792453467846,-0.240826666355,0.142099469900,-0.542058944702
794,794,1413393925.705760478973,1413393925.705760478973,2,1,1,0,0,0,233,2,0,0,-1,1204,675,675,0,764,0.634551495017,675,0.000195407844,3.472749208699,1.198193955159,4.306666666667,0.666666666667,1,5398,43,0.000142228542,0.050000190735,1,6.902158000000,0.114488000000,2.170095443726,-3.493221044540,1.218707799911,0.792947292328,-0.236414372921,0.142090186477,-0.543280184269
795,795,1413393925.755760431290,1413393925.755760431290,2,1,1,0,0,0,233,2,0,0,-1,1201,411,411,0,768,0.639467110741,411,1.867874932735,4.160793437258,2.128675889444,6.408759124088,0.687500000000,0,5247,41,0.000167556354,0.049999952316,1,7.291663000000,1.726820000000,2.174557209015,-3.410629272461,1.250865936279,0.792658090591,-0.232448369265,0.143333777785,-0.545083880424
796,796,1413393925.805760622025,1413393925.805760622025,2,1,1,0,0,0,234,2,0,0,-1,1203,433,433,0,768,0.638403990025,433,1.765722480178,3.713742859800,2.036112879547,6.334872979215,0.708333333333,0,5060,38,nan,nan,0,6.286504000000,0.086794000000,2.188257694244,-3.319258689880,1.270698308945,0.791768908501,-0.229552000761,0.144422814250,-0.547311723232
797,797,1413393925.855760335922,1413393925.855760335922,2,1,1,0,0,0,234,2,0,0,-1,1203,728,728,0,830,0.689941812136,728,0.433957398726,3.382532641777,1.117303981834,4.480769230769,0.687500000000,1,5060,38,0.000187887345,0.049999713898,1,6.412569000000,0.167426000000,2.195397615433,-3.236152172089,1.287726640701,0.790269553661,-0.226958885789,0.145849481225,-0.550174295902
798,798,1413393925.905760526657,1413393925.905760526657,2,1,1,0,0,0,234,2,0,0,-1,1201,452,452,0,817,0.680266444629,452,1.511520754166,4.034200325709,1.943839093973,6.816371681416,0.666666666667,0,6570,52,0.000236486478,0.050000190735,1,7.624418000000,0.104449000000,2.203634977341,-3.153318881989,1.298798322678,0.787868440151,-0.223820984364,0.148621618748,-0.554147243500
799,799,1413393925.955760478973,1413393925.955760478973,2,1,1,0,0,0,235,2,0,0,-1,1202,441,441,0,853,0.709650582363,441,1.563021030577,3.786587471908,1.898829260601,6.598639455782,0.625000000000,0,5211,40,nan,nan,0,6.198170000000,0.093974000000,2.215997457504,-3.074490785599,1.299441814423,0.783637166023,-0.221704021096,0.150135740638,-0.560552835464
800,800,1413393926.005760431290,1413393926.005760431290,2,1,1,0,0,0,235,2,0,0,-1,1200,722,722,0,835,0.695833333333,722,0.169472482611,2.847125873600,1.001620739644,4.612188365651,0.562500000000,1,6514,51,0.000171831824,0.049999952316,1,6.767493000000,1.285023000000,2.225833415985,-2.992602586746,1.300897598267,0.778555989265,-0.219732761383,0.152694344521,-0.567672908306
801,801,1413393926.055760383606,1413393926.055760383606,2,1,1,0,0,0,235,2,0,0,-1,1201,425,425,0,857,0.713572023314,425,1.521494727350,3.933247890518,1.929942787853,7.522352941176,0.583333333333,0,6579,51,0.000190384031,0.049999952316,1,7.465018000000,0.111233000000,2.235862731934,-2.911543846130,1.300321817398,0.771450996399,-0.218947634101,0.153724566102,-0.577316343784
802,802,1413393926.105760574341,1413393926.105760574341,2,1,1,0,0,0,236,2,0,0,-1,1197,419,419,0,868,0.725146198830,419,1.678631433909,3.571830369126,1.977738475226,7.441527446301,0.583333333333,0,4560,36,nan,nan,0,6.156999000000,0.107227000000,2.246428966522,-2.838506221771,1.294168114662,0.764538109303,-0.218597948551,0.153654828668,-0.586588978767
803,803,1413393926.155760288239,1413393926.155760288239,2,1,1,0,0,0,236,2,0,0,-1,1201,770,770,0,894,0.744379683597,770,0.000152587891,2.790522792187,0.927597382590,4.753246753247,0.625000000000,1,5039,39,0.000151781598,0.049999713898,1,7.318132000000,0.126019000000,2.256222724915,-2.762290716171,1.292630434036,0.759965240955,-0.219149902463,0.153002142906,-0.592466413975
804,804,1413393926.205760478973,1413393926.205760478973,2,1,1,0,0,0,236,2,0,0,-1,1198,458,458,0,871,0.727045075125,458,1.566640087709,3.708523930236,1.918553528344,8.203056768559,0.604166666667,0,6268,47,0.000185231998,0.050000190735,1,11.718158000000,0.161318000000,2.265963792801,-2.688842058182,1.291277885437,0.757528901100,-0.220816686749,0.151346504688,-0.595385849476
805,805,1413393926.255760431290,1413393926.255760431290,2,1,1,0,0,0,237,2,0,0,-1,1203,447,447,0,877,0.729010806318,447,1.447107465126,3.505375688395,1.824142626916,7.935123042506,0.645833333333,0,6257,47,nan,nan,0,6.246170000000,0.102288000000,2.273565292358,-2.625711917877,1.285906910896,0.756876170635,-0.222826778889,0.149857729673,-0.595843374729
806,806,1413393926.305760622025,1413393926.305760622025,2,1,1,0,0,0,237,2,0,0,-1,1203,421,421,0,879,0.730673316708,421,1.537991903625,3.704740073759,1.895828053989,8.484560570071,0.604166666667,0,4936,38,0.000043912911,0.050000190735,1,6.967995000000,0.093486000000,2.283044815063,-2.558624744415,1.285153269768,0.758523046970,-0.225447863340,0.147584885359,-0.593325197697
807,807,1413393926.355760335922,1413393926.355760335922,2,1,1,0,0,0,237,2,0,0,-1,1203,724,724,0,857,0.712385702411,724,0.447476268977,2.925426627231,1.031782469135,5.671270718232,0.625000000000,1,6257,47,0.000040008897,0.049999713898,1,7.956715000000,0.122054000000,2.292589187622,-2.494071960449,1.284950613976,0.761861085892,-0.227866366506,0.145167633891,-0.588702857494
808,808,1413393926.405760526657,1413393926.405760526657,2,1,1,0,0,0,237,2,0,0,-1,1193,450,450,0,864,0.724224643755,450,1.464041891415,3.773728178961,1.869043685353,9.317777777778,0.645833333333,0,6001,47,0.000054696782,0.050000190735,1,7.365374000000,0.107616000000,2.302294969559,-2.432116031647,1.285343885422,0.766328334808,-0.227937698364,0.143435344100,-0.583276629448
809,809,1413393926.455760478973,1413393926.455760478973,2,1,1,0,0,0,238,2,0,0,-1,1205,441,441,0,924,0.766804979253,441,1.450683389598,3.620981677967,1.816917006151,8.122448979592,0.666666666667,0,5920,46,nan,nan,0,6.095686000000,0.111891000000,2.312945365906,-2.373681068420,1.284505844116,0.768194973469,-0.225622132421,0.142374113202,-0.581979990005
810,810,1413393926.505760431290,1413393926.505760431290,2,1,1,0,0,0,238,2,0,0,-1,1200,395,395,0,920,0.766666666667,395,1.554469963470,3.697793972604,1.870400810966,8.316455696203,0.625000000000,0,5920,46,0.000063940490,0.049999952316,1,6.612695000000,0.095047000000,2.323163270950,-2.315948009491,1.285619854927,0.767758905888,-0.221752136946,0.141531378031,-0.584244132042
811,811,1413393926.555760383606,1413393926.555760383606,2,1,1,0,0,0,238,2,0,0,-1,1186,780,780,0,909,0.766441821248,780,0.000105291254,2.752701180057,0.877101865439,5.073076923077,0.666666666667,1,5891,45,0.000060082628,0.049999952316,1,8.432110000000,0.130234000000,2.333685874939,-2.260053634644,1.283141136169,0.766707122326,-0.215358301997,0.141957625747,-0.587902307510
812,812,1413393926.605760574341,1413393926.605760574341,2,1,1,0,0,0,238,2,0,0,-1,1179,426,426,0,897,0.760814249364,426,1.434397104537,3.629392418674,1.802991386697,9.058685446009,0.583333333333,0,5977,46,0.000054499902,0.050000190735,1,7.008032000000,0.098994000000,2.344347476959,-2.205676555634,1.276372194290,0.765535771847,-0.207633778453,0.142014577985,-0.592178285122
813,813,1413393926.655760288239,1413393926.655760288239,2,1,1,0,0,0,239,2,0,0,-1,1137,430,430,0,867,0.762532981530,430,1.330420486503,3.151960959576,1.649809109439,8.913953488372,0.500000000000,0,5968,46,nan,nan,0,5.947089000000,0.083095000000,2.352594137192,-2.158740282059,1.269542932510,0.765799283981,-0.199277266860,0.140540614724,-0.595053315163
814,814,1413393926.705760478973,1413393926.705760478973,2,1,1,0,0,0,239,2,0,0,-1,1165,778,778,0,833,0.715021459227,778,0.000086316746,2.539079704582,0.858191749128,5.555269922879,0.562500000000,1,5809,45,0.000096549382,0.050000190735,1,6.498818000000,0.147232000000,2.362701177597,-2.108529329300,1.259061574936,0.767352879047,-0.189314588904,0.139117553830,-0.596637189388
815,815,1413393926.755760431290,1413393926.755760431290,2,1,1,0,0,0,239,2,0,0,-1,1175,435,435,0,884,0.752340425532,435,1.234683508286,3.230675392914,1.601660770778,9.383908045977,0.541666666667,0,5924,46,0.000073827716,0.049999952316,1,7.113678000000,0.104253000000,2.372102499008,-2.060455083847,1.251055836678,0.769785463810,-0.180323719978,0.134413972497,-0.597366452217
816,816,1413393926.805760622025,1413393926.805760622025,2,1,1,0,0,0,240,2,0,0,-1,1160,436,436,0,804,0.693103448276,436,1.411447323916,3.382905160337,1.747128486688,8.236238532110,0.479166666667,0,5790,44,nan,nan,0,6.354045000000,0.104747000000,2.379209995270,-2.012119531631,1.244083642960,0.772796809673,-0.171495139599,0.129262849689,-0.597214818001
817,817,1413393926.855760335922,1413393926.855760335922,2,1,1,0,0,0,240,2,0,0,-1,1159,724,724,0,789,0.680759275237,724,0.305450062468,2.713474365136,0.933104733403,5.411602209945,0.520833333333,1,5790,44,0.000069595604,0.049999713898,1,6.792622000000,0.116328000000,2.387111186981,-1.968515872955,1.243008136749,0.776794672012,-0.161844998598,0.122279793024,-0.596191227436
818,818,1413393926.905760526657,1413393926.905760526657,2,1,1,0,0,0,240,2,0,0,-1,1166,426,426,0,862,0.739279588336,426,1.441949876177,3.425440240212,1.763208330362,9.368544600939,0.604166666667,0,5853,45,0.000102733924,0.050000190735,1,7.379928000000,0.109930000000,2.394302368164,-1.927644014359,1.245221972466,0.782833099365,-0.152523726225,0.114236392081,-0.592333555222
819,819,1413393926.955760478973,1413393926.955760478973,2,1,1,0,0,0,241,2,0,0,-1,1180,451,451,0,799,0.677118644068,451,1.556399192957,3.350079283965,1.834052262998,8.849223946785,0.604166666667,0,5913,45,nan,nan,0,6.663826000000,0.101205000000,2.403274536133,-1.892439246178,1.250920057297,0.788945436478,-0.144061759114,0.104629613459,-0.588101983070
820,820,1413393927.005760431290,1413393927.005760431290,2,1,1,0,0,0,241,2,0,0,-1,1160,715,715,0,762,0.656896551724,715,0.665194162132,3.142331811397,1.115571610133,6.030769230769,0.604166666667,1,5586,42,0.000150218344,0.049999952316,1,7.308561000000,0.119733000000,2.410071372986,-1.855966567993,1.260396122932,0.796188950539,-0.136290445924,0.095922775567,-0.581641674042
821,821,1413393927.055760383606,1413393927.055760383606,2,1,1,0,0,0,241,2,0,0,-1,1184,432,432,0,839,0.708614864865,432,1.637904577410,3.419911433043,1.862118943774,9.856481481481,0.604166666667,0,6005,46,0.000196646186,0.049999952316,1,7.776916000000,0.118297000000,2.417337656021,-1.820033907890,1.273643255234,0.803229153156,-0.131742596626,0.085670113564,-0.574567198753
822,822,1413393927.105760574341,1413393927.105760574341,2,1,1,0,0,0,242,2,0,0,-1,1185,394,394,0,805,0.679324894515,394,1.533140887031,3.299078860145,1.795150610507,8.520304568528,0.645833333333,0,5896,45,nan,nan,0,6.506779000000,0.098957000000,2.425097227097,-1.785874247551,1.292721271515,0.808482527733,-0.128621861339,0.075499780476,-0.569308578968
823,823,1413393927.155760288239,1413393927.155760288239,2,1,1,0,0,0,242,2,0,0,-1,1177,729,729,0,819,0.695836873407,729,0.519100225526,2.886172900035,1.026278455436,5.600823045267,0.645833333333,1,5771,44,0.000212844170,0.049999713898,1,6.818287000000,0.151482000000,2.434587001801,-1.749620676041,1.310949802399,0.811909317970,-0.127699300647,0.064084693789,-0.566029548645
824,824,1413393927.205760478973,1413393927.205760478973,2,1,1,0,0,0,242,2,0,0,-1,1190,449,449,0,855,0.718487394958,449,1.547451391447,3.577601897320,1.917687285743,8.839643652561,0.604166666667,0,6008,46,0.000290066935,0.050000190735,1,8.260212000000,0.150411000000,2.446053266525,-1.713152408600,1.329755306244,0.813953459263,-0.127556562424,0.054110139608,-0.564164280891
825,825,1413393927.255760431290,1413393927.255760431290,2,1,1,0,0,0,243,2,0,0,-1,1189,737,737,0,804,0.676198486123,737,0.626051115009,2.857566619785,1.074581118792,5.500678426052,0.583333333333,1,5774,44,nan,nan,0,6.724186000000,0.123217000000,2.459589958191,-1.678216218948,1.351897716522,0.817292571068,-0.128450945020,0.043980814517,-0.559999167919
826,826,1413393927.305760622025,1413393927.305760622025,2,1,1,0,0,0,243,2,0,0,-1,1191,444,444,0,792,0.664987405542,444,1.537558706881,3.591753216989,1.854410289720,8.781531531532,0.604166666667,0,5802,44,0.000209780366,0.050000190735,1,8.300494000000,0.134268000000,2.475337982178,-1.641370534897,1.370118618011,0.821967363358,-0.127051100135,0.036942370236,-0.553952217102
827,827,1413393927.355760335922,1413393927.355760335922,2,1,1,0,0,0,244,2,0,0,-1,1190,693,693,0,812,0.682352941176,693,0.853345496661,3.229145882868,1.235461830374,6.050505050505,0.583333333333,1,5989,46,nan,nan,0,6.762666000000,0.114973000000,2.491665363312,-1.601881623268,1.392047286034,0.827269732952,-0.121396370232,0.034517891705,-0.547445297241
828,828,1413393927.405760526657,1413393927.405760526657,2,1,1,0,0,0,244,2,0,0,-1,1192,431,431,0,876,0.734899328859,431,1.569097504962,3.624367910598,1.892022225313,9.689095127610,0.541666666667,0,6053,47,0.000256834726,0.050000190735,1,7.696715000000,0.098952000000,2.513137102127,-1.562686562538,1.410233259201,0.831112980843,-0.112310692668,0.036342356354,-0.543430507183
829,829,1413393927.455760478973,1413393927.455760478973,2,1,1,0,0,0,245,2,0,0,-1,1191,760,760,0,871,0.731318219983,760,0.386201405597,2.987787733663,1.055500067940,5.418421052632,0.562500000000,1,5741,44,nan,nan,0,8.598039000000,0.151225000000,2.539672136307,-1.519510984421,1.430334687233,0.832474350929,-0.098861478269,0.043638154864,-0.543423116207
830,830,1413393927.505760431290,1413393927.505760431290,2,1,1,0,0,0,245,2,0,0,-1,1184,407,407,0,883,0.745777027027,407,1.650604708177,3.859425366429,1.983404931703,9.356265356265,0.458333333333,0,5893,45,0.000205050965,0.049999952316,1,7.225382000000,0.168016000000,2.565631151199,-1.476212978363,1.450024843216,0.831611275673,-0.084214150906,0.053368747234,-0.546335577965
831,831,1413393927.555760383606,1413393927.555760383606,2,1,1,0,0,0,246,2,0,0,-1,1178,812,812,0,883,0.749575551783,812,0.000096505056,2.737208523437,0.918201994626,5.091133004926,0.520833333333,1,5145,40,nan,nan,0,6.165467000000,0.121197000000,2.586426734924,-1.434325456619,1.473395943642,0.830515980721,-0.069744899869,0.063303939998,-0.548973023891
832,832,1413393927.605760574341,1413393927.605760574341,2,1,1,0,0,0,246,2,0,0,-1,1175,461,461,0,908,0.772765957447,461,1.442200869408,3.728214611579,1.833108057168,8.720173535792,0.479166666667,0,5621,43,0.000176001471,0.050000190735,1,7.424301000000,0.108926000000,2.611938476562,-1.387604713440,1.494537115097,0.828956186771,-0.054152246565,0.072027757764,-0.552006542683
833,833,1413393927.655760288239,1413393927.655760288239,2,1,1,0,0,0,247,2,0,0,-1,1123,795,795,0,874,0.778272484417,795,0.186843709451,2.686385840882,0.882118746627,5.401257861635,0.479166666667,1,5611,43,nan,nan,0,7.083606000000,0.130378000000,2.635148763657,-1.336330890656,1.520095348358,0.826389014721,-0.038211937994,0.079543404281,-0.556142032146
834,834,1413393927.705760478973,1413393927.705760478973,2,1,1,0,0,0,247,2,0,0,-1,1128,412,412,0,881,0.781028368794,412,1.445171623712,3.740352873265,1.863094278299,9.378640776699,0.416666666667,0,5673,44,0.000095531068,0.050000190735,1,7.571079000000,0.101953000000,2.657157659531,-1.286263942719,1.543194890022,0.822004675865,-0.022151695564,0.085966512561,-0.562518835068
835,835,1413393927.755760431290,1413393927.755760431290,2,1,1,0,0,0,248,2,0,0,-1,1098,731,731,0,819,0.745901639344,731,0.217664286069,2.567165930400,0.898307809196,5.362517099863,0.458333333333,1,5366,41,nan,nan,0,6.474305000000,0.113994000000,2.675669431686,-1.236586809158,1.569504141808,0.816705882549,-0.006352652796,0.093579620123,-0.569380402565
836,836,1413393927.805760622025,1413393927.805760622025,2,1,1,0,0,0,248,2,0,0,-1,1014,366,366,0,771,0.760355029586,366,1.390708953786,3.078751145125,1.581834684479,9.008196721311,0.416666666667,0,5432,42,0.000122527752,0.050000190735,1,6.533159000000,0.084082000000,2.691576957703,-1.184499859810,1.595044732094,0.810745358467,0.007320125587,0.100508145988,-0.576659739017
837,837,1413393927.855760335922,1413393927.855760335922,2,1,1,0,0,0,249,2,0,0,-1,1031,696,696,0,768,0.744907856450,696,0.000090426254,2.217890890430,0.757598515229,5.021551724138,0.395833333333,1,5057,39,nan,nan,0,5.747906000000,0.120675000000,2.701751232147,-1.131457567215,1.625502347946,0.805486559868,0.017150025815,0.104545019567,-0.583067536354
838,838,1413393927.905760526657,1413393927.905760526657,2,1,1,0,0,0,249,2,0,0,-1,1047,385,385,0,764,0.729703915950,385,1.278115807677,2.813478692092,1.557991545857,8.561038961039,0.354166666667,0,4216,34,0.000105405416,0.050000190735,1,6.078471000000,0.110410000000,2.708117723465,-1.078898906708,1.653747558594,0.801630437374,0.022430192679,0.104242146015,-0.588233947754
839,839,1413393927.955760478973,1413393927.955760478973,2,1,1,0,0,0,250,2,0,0,-1,1049,372,372,0,793,0.755958055291,372,1.207772418418,2.931086015201,1.581401478863,8.900537634409,0.375000000000,0,4103,33,nan,nan,0,5.336701000000,0.076861000000,2.708121061325,-1.028244376183,1.682303190231,0.798893213272,0.026341825724,0.104434311390,-0.591751039028
840,840,1413393928.005760431290,1413393928.005760431290,2,1,1,0,0,0,250,2,0,0,-1,1020,700,700,0,788,0.772549019608,700,0.000068717492,2.295344287936,0.764895238844,5.395714285714,0.416666666667,1,4103,33,0.000075743992,0.049999952316,1,6.933184000000,0.149125000000,2.705155372620,-0.977031707764,1.709653019905,0.796409845352,0.028703099117,0.104364536703,-0.594992101192
841,841,1413393928.055760383606,1413393928.055760383606,2,1,1,0,0,0,250,2,0,0,-1,1013,387,387,0,772,0.762092793682,387,1.169528740917,2.926735997811,1.511590550281,9.532299741602,0.458333333333,0,5148,41,0.000100448306,0.049999952316,1,6.771304000000,0.099619000000,2.697968721390,-0.926905989647,1.734505057335,0.794762372971,0.031168932095,0.105559915304,-0.596857130527
842,842,1413393928.105760574341,1413393928.105760574341,2,1,1,0,0,0,251,2,0,0,-1,977,375,375,0,761,0.778915046059,375,1.183589449409,2.893016887949,1.473148923725,8.472000000000,0.458333333333,0,4321,34,nan,nan,0,5.508716000000,0.109560000000,2.683718681335,-0.878847718239,1.757597208023,0.792846620083,0.032711278647,0.106767684221,-0.599103391171
843,843,1413393928.155760288239,1413393928.155760288239,2,1,1,0,0,0,251,2,0,0,-1,974,678,678,0,712,0.731006160164,678,0.279176188901,2.372343133218,0.836599673654,5.502949852507,0.458333333333,1,4321,34,0.000040236424,0.049999713898,1,5.529940000000,0.111069000000,2.667221546173,-0.831562757492,1.778496503830,0.791427850723,0.033369041979,0.107156068087,-0.600871145725
844,844,1413393928.205760478973,1413393928.205760478973,2,1,1,0,0,0,251,2,0,0,-1,890,374,374,0,655,0.735955056180,374,1.214338642198,3.314461949722,1.561218201039,8.740641711230,0.479166666667,0,5192,42,0.000091461370,0.050000190735,1,6.048047000000,0.098058000000,2.646219491959,-0.785702347755,1.797382116318,0.791241109371,0.033082135022,0.107465922832,-0.601077556610
845,845,1413393928.255760431290,1413393928.255760431290,2,1,1,0,0,0,252,2,0,0,-1,800,539,539,0,560,0.700000000000,539,0.648160574420,2.368203853245,0.911755128579,6.133580705009,0.437500000000,1,5118,41,nan,nan,0,5.737904000000,0.103105000000,2.619535684586,-0.745042920113,1.817829728127,0.793027698994,0.029419353232,0.103798858821,-0.599556088448
846,846,1413393928.305760622025,1413393928.305760622025,2,1,1,0,0,0,252,2,0,0,-1,685,262,262,0,493,0.719708029197,262,1.427308778423,2.914564226081,1.639310230520,10.385496183206,0.416666666667,0,4129,35,0.000075415846,0.050000190735,1,5.298716000000,0.079081000000,2.588918924332,-0.701976299286,1.833265066147,0.796344578266,0.020888846368,0.093252144754,-0.597246170044
847,847,1413393928.355760335922,1413393928.355760335922,2,1,1,0,0,0,253,2,0,0,-1,670,422,422,0,446,0.665671641791,422,0.350742045223,2.811188498145,0.985923070742,5.926540284360,0.458333333333,1,4085,34,nan,nan,0,4.739550000000,1.377117000000,2.552818536758,-0.665630459785,1.849151134491,0.797576427460,0.009259759448,0.078168809414,-0.598059952259
848,848,1413393928.405760526657,1413393928.405760526657,2,1,1,0,0,0,253,2,0,0,-1,620,204,204,0,433,0.698387096774,204,1.750460575573,3.610268367483,1.866672971230,9.441176470588,0.458333333333,0,5162,43,0.000038778522,0.050000190735,1,5.717812000000,0.110012000000,2.515315771103,-0.624962925911,1.862087726593,0.796949565411,-0.002191879088,0.063568249345,-0.600687682629
849,849,1413393928.455760478973,1413393928.455760478973,2,1,1,0,0,0,254,2,0,0,-1,517,347,347,0,374,0.723404255319,347,0.000086316746,2.575151183232,0.787654902165,5.305475504323,0.500000000000,1,3810,32,nan,nan,0,3.704739000000,0.082323000000,2.476912498474,-0.590319275856,1.872136354446,0.796286702156,-0.012862045318,0.050424747169,-0.602676868439
850,850,1413393928.505760431290,1413393928.505760431290,2,1,1,0,0,0,254,2,0,0,-1,407,145,145,0,289,0.710073710074,145,1.737221438154,3.673971033723,2.129230447680,8.606896551724,0.395833333333,0,5009,41,0.000038819438,0.049999952316,1,4.149148000000,0.055195000000,2.436931133270,-0.553267359734,1.879011750221,0.794406771660,-0.022011514753,0.039450582117,-0.605703771114
851,851,1413393928.555760383606,1413393928.555760383606,2,1,1,0,0,0,255,2,0,0,-1,429,291,291,0,300,0.699300699301,291,0.146238237855,2.728473507700,0.952807985667,5.408934707904,0.479166666667,1,3946,33,nan,nan,0,3.630797000000,0.069104000000,2.395285367966,-0.516923904419,1.885844707489,0.790960013866,-0.029182305560,0.031763933599,-0.610345661640
852,852,1413393928.605760574341,1413393928.605760574341,2,1,1,0,0,0,255,2,0,0,-1,345,133,133,0,257,0.744927536232,133,1.656473928510,4.031597211198,1.859088979744,8.857142857143,0.416666666667,0,4071,36,0.000071757488,0.050000190735,1,3.845959000000,0.054021000000,2.355519533157,-0.482419729233,1.889513254166,0.784920394421,-0.034089297056,0.026892403141,-0.618073403835
853,853,1413393928.655760288239,1413393928.655760288239,2,1,1,0,0,0,256,2,0,0,-1,320,239,239,0,256,0.800000000000,239,0.314545974588,2.741159453161,0.951610511029,5.209205020921,0.437500000000,1,3765,32,nan,nan,0,2.842307000000,0.067741000000,2.315968751907,-0.452049970627,1.895391941071,0.780159890652,-0.038322601467,0.023490549996,-0.623963236809
854,854,1413393928.705760478973,1413393928.705760478973,2,1,1,0,0,0,256,2,0,0,-1,266,110,110,0,213,0.800751879699,110,1.517872206601,3.427309454725,1.791773674544,9.245454545455,0.333333333333,0,4127,37,0.000043554184,0.050000190735,1,3.443844000000,0.045644000000,2.277500391006,-0.423032522202,1.898259878159,0.777585387230,-0.039865165949,0.024040486664,-0.627051711082
855,855,1413393928.755760431290,1413393928.755760431290,2,1,1,0,0,0,257,2,0,0,-1,307,228,228,0,232,0.755700325733,228,0.000110032693,2.501887573654,0.828052276179,5.096491228070,0.354166666667,1,3576,31,nan,nan,0,2.858029000000,0.059194000000,2.238330602646,-0.396523714066,1.904071569443,0.776943683624,-0.040975209326,0.025661766529,-0.627710998058
856,856,1413393928.805760622025,1413393928.805760622025,2,1,1,0,0,0,257,2,0,0,-1,272,121,121,0,209,0.768382352941,121,1.654886772278,4.043234849383,2.034747984872,8.735537190083,0.333333333333,0,3947,35,0.000092155395,0.050000190735,1,3.250755000000,0.044726000000,2.201339244843,-0.373759031296,1.907265424728,0.776619076729,-0.038524787873,0.033238884062,-0.627912282944
857,857,1413393928.855760335922,1413393928.855760335922,2,1,1,0,0,0,258,2,0,0,-1,247,169,169,0,179,0.724696356275,169,0.559285000435,3.468228250985,1.201168321377,6.029585798817,0.354166666667,1,2997,23,nan,nan,0,2.531738000000,0.048494000000,2.163446903229,-0.353749513626,1.912252426147,0.777145445347,-0.036202035844,0.040714360774,-0.626958370209
858,858,1413393928.905760526657,1413393928.905760526657,2,1,1,0,0,0,259,2,0,0,-1,261,185,185,0,186,0.712643678161,185,0.778393907819,3.011411406334,1.097839435652,6.962162162162,0.375000000000,1,3540,29,nan,nan,0,2.613239000000,0.086828000000,2.124943256378,-0.333438396454,1.915969610214,0.776877164841,-0.032913736999,0.051066033542,-0.626714229584
859,859,1413393928.955760478973,1413393928.955760478973,2,1,1,0,0,0,259,2,0,0,-1,260,102,102,0,180,0.692307692308,102,1.395161598305,2.924473593459,1.643762033790,10.990196078431,0.375000000000,0,3617,32,0.000053746040,0.049999952316,1,2.931090000000,0.041408000000,2.088376045227,-0.318989992142,1.920202493668,0.777007400990,-0.031560763717,0.062476091087,-0.625587940216
860,860,1413393929.005760431290,1413393929.005760431290,2,1,1,0,0,0,260,2,0,0,-1,256,191,191,0,186,0.726562500000,191,0.323100830197,2.314844039707,0.854215261555,6.643979057592,0.375000000000,1,3374,29,nan,nan,0,2.621872000000,0.047573000000,2.052711248398,-0.305795907974,1.927515268326,0.777566730976,-0.033199716359,0.073820225894,-0.623569071293
861,861,1413393929.055760383606,1413393929.055760383606,2,1,1,0,0,0,260,2,0,0,-1,261,95,95,0,186,0.712643678161,95,1.381831888591,2.889934943416,1.662939318458,12.884210526316,0.354166666667,0,3983,37,0.000088995948,0.049999952316,1,2.891950000000,0.040921000000,2.014146566391,-0.296525001526,1.933171987534,0.778506159782,-0.038506660610,0.083086088300,-0.620920419693
862,862,1413393929.105760574341,1413393929.105760574341,2,1,1,0,0,0,261,2,0,0,-1,261,177,177,0,175,0.670498084291,177,0.000125827198,2.069221881523,0.798090716973,5.548022598870,0.375000000000,1,4060,37,nan,nan,0,2.338267000000,0.051036000000,1.973467469215,-0.288312554359,1.941406369209,0.778896450996,-0.045193403959,0.093447759748,-0.618502497673
863,863,1413393929.155760288239,1413393929.155760288239,2,1,1,0,0,0,262,2,0,0,-1,254,181,181,0,178,0.700787401575,181,0.607496864897,2.436750803680,0.973077120203,6.872928176796,0.333333333333,1,3982,36,nan,nan,0,2.860462000000,0.047423000000,1.929149031639,-0.290247082710,1.948058485985,0.778591156006,-0.053036827594,0.103368312120,-0.616682946682
864,864,1413393929.205760478973,1413393929.205760478973,2,1,1,0,0,0,262,2,0,0,-1,260,100,100,0,189,0.726923076923,100,1.588941867741,3.941367828115,1.905847419529,12.110000000000,0.333333333333,0,3532,31,0.000073813469,0.050000190735,1,2.892541000000,0.037427000000,1.885462641716,-0.288115620613,1.955997943878,0.779888868332,-0.063227437437,0.112708233297,-0.612431645393
865,865,1413393929.255760431290,1413393929.255760431290,2,1,1,0,0,0,263,2,0,0,-1,285,193,193,0,205,0.719298245614,193,0.425022075103,2.361707731735,0.891830198077,7.217616580311,0.375000000000,1,3614,32,nan,nan,0,2.681593000000,0.047329000000,1.839009284973,-0.277841687202,1.967838764191,0.781293451786,-0.076863855124,0.120468512177,-0.607585310936
866,866,1413393929.305760622025,1413393929.305760622025,2,1,1,0,0,0,263,2,0,0,-1,268,109,109,0,199,0.742537313433,109,1.383056209662,3.091448540499,1.746885242163,10.651376146789,0.333333333333,0,4332,40,0.000109394598,0.050000190735,1,2.972814000000,0.057522000000,1.791301131248,-0.278779268265,1.977120161057,0.782773792744,-0.092531032860,0.126321032643,-0.602284193039
867,867,1413393929.355760335922,1413393929.355760335922,2,1,1,0,0,0,264,2,0,0,-1,329,231,231,0,246,0.747720364742,231,0.000122070312,2.321562137718,0.798350737216,5.701298701299,0.416666666667,1,3853,32,nan,nan,0,3.054797000000,0.059654000000,1.740204572678,-0.275189161301,1.988204002380,0.783776283264,-0.110663689673,0.131568551064,-0.596773028374
868,868,1413393929.405760526657,1413393929.405760526657,2,1,1,0,0,0,264,2,0,0,-1,385,131,131,0,262,0.680519480519,131,1.644523478159,3.137463112558,1.826430961363,10.259541984733,0.437500000000,0,4359,40,0.000096886353,0.050000190735,1,3.587345000000,0.047117000000,1.689226627350,-0.277608156204,1.999082326889,0.783715486526,-0.129827439785,0.136249497533,-0.591921389103
869,869,1413393929.455760478973,1413393929.455760478973,2,1,1,0,0,0,265,2,0,0,-1,387,117,117,0,305,0.788113695090,117,1.338093863664,3.059281112193,1.719255254390,10.102564102564,0.416666666667,0,3889,32,nan,nan,0,2.824943000000,0.047532000000,1.638658642769,-0.276475906372,2.011937618256,0.782821953297,-0.148328989744,0.142592161894,-0.587244331837
870,870,1413393929.505760431290,1413393929.505760431290,2,1,1,0,0,0,265,2,0,0,-1,439,289,289,0,332,0.756264236902,289,0.000068239379,2.190080000843,0.637790368498,4.996539792388,0.458333333333,1,4436,40,0.000024732737,0.049999952316,1,3.554143000000,0.063053000000,1.586365222931,-0.280413627625,2.023502349854,0.782101750374,-0.166203185916,0.151224464178,-0.581226766109
871,871,1413393929.555760383606,1413393929.555760383606,2,1,1,0,0,0,265,2,0,0,-1,503,201,201,0,374,0.743538767396,201,1.312082674176,3.273549845288,1.598497459502,8.373134328358,0.437500000000,0,4525,41,0.000046078148,0.049999952316,1,4.264429000000,0.067150000000,1.533385038376,-0.285006046295,2.035502433777,0.780843019485,-0.183963343501,0.160078793764,-0.575166523457
872,872,1413393929.605760574341,1413393929.605760574341,2,1,1,0,0,0,266,2,0,0,-1,483,174,174,0,365,0.755693581781,174,1.285337272013,2.733006282867,1.570668458688,8.672413793103,0.395833333333,0,4057,34,nan,nan,0,3.489170000000,0.060534000000,1.481304168701,-0.287363290787,2.045489549637,0.778610229492,-0.200816094875,0.170815974474,-0.569439232349
873,873,1413393929.655760288239,1413393929.655760288239,2,1,1,0,0,0,266,2,0,0,-1,540,193,193,0,410,0.759259259259,193,1.523932665046,3.610711204281,1.818905379879,8.704663212435,0.375000000000,0,4411,39,0.000081818602,0.049999713898,1,4.505530000000,0.066325000000,1.427626729012,-0.292539358139,2.057988166809,0.776011526585,-0.217343956232,0.182230532169,-0.563347041607
874,874,1413393929.705760478973,1413393929.705760478973,2,1,1,0,0,0,266,2,0,0,-1,532,184,184,0,427,0.802631578947,184,1.602656699009,2.970673217445,1.715933172362,9.010869565217,0.375000000000,0,4411,39,0.000119385280,0.050000190735,1,3.977876000000,0.056070000000,1.373663544655,-0.297661304474,2.071158885956,0.772142231464,-0.233363509178,0.193307459354,-0.558542788029
875,875,1413393929.755760431290,1413393929.755760431290,2,1,1,0,0,0,266,2,0,0,-1,525,186,186,0,417,0.794285714286,186,1.602753463915,2.918234940094,1.819957273644,8.795698924731,0.437500000000,0,4504,39,0.000109497210,0.049999952316,1,4.144792000000,0.056647000000,1.319269657135,-0.302647829056,2.084748029709,0.767924189568,-0.250325113535,0.203087002039,-0.553521037102
876,876,1413393929.805760622025,1413393929.805760622025,2,1,1,0,0,0,266,2,0,0,-1,583,174,174,0,460,0.789022298456,174,1.578479622839,3.089179201919,1.830026186967,9.000000000000,0.354166666667,0,4110,36,0.000117283169,0.050000190735,1,3.762406000000,0.054231000000,1.264674901962,-0.307467699051,2.098979949951,0.762534737587,-0.268930464983,0.209930554032,-0.549678444862
877,877,1413393929.855760335922,1413393929.855760335922,2,1,1,0,0,0,266,2,0,0,-1,700,174,174,0,527,0.752857142857,174,1.437962202928,3.137096142228,1.748216346376,9.534482758621,0.354166666667,0,4312,38,0.000157690651,0.049999713898,1,4.143728000000,0.060327000000,1.210090994835,-0.312204122543,2.113676786423,0.756034493446,-0.289566308260,0.213398054242,-0.546831429005
878,878,1413393929.905760526657,1413393929.905760526657,2,1,1,0,0,0,266,2,0,0,-1,745,174,174,0,588,0.789261744966,174,1.637086709058,3.682295845091,1.892301035915,10.103448275862,0.354166666667,0,3860,32,0.000108233959,0.050000190735,1,3.904354000000,0.059741000000,1.155787348747,-0.316977262497,2.129395246506,0.747776269913,-0.311292856932,0.214169815183,-0.545947670937
879,879,1413393929.955760478973,1413393929.955760478973,2,1,1,0,0,0,266,2,0,0,-1,901,167,167,0,670,0.743618201998,167,1.666084143148,3.327833728390,1.880491752525,10.197604790419,0.395833333333,0,4263,39,0.000116027222,0.049999952316,1,4.174399000000,0.048613000000,1.102472901344,-0.322515726089,2.145334720612,0.739513933659,-0.332148879766,0.214570820332,-0.544752836227
880,880,1413393930.005760431290,1413393930.005760431290,2,1,1,0,0,0,266,2,0,0,-1,981,601,601,0,700,0.713557594292,601,0.000096505056,2.058035925655,0.556792433024,4.214642262895,0.437500000000,1,3870,33,0.000104225299,0.049999952316,1,4.387360000000,0.116646000000,1.050678849220,-0.329076766968,2.160674333572,0.731305122375,-0.351430416107,0.216085225344,-0.543136060238
881,881,1413393930.055760383606,1413393930.055760383606,2,1,1,0,0,0,266,2,0,0,-1,1037,380,380,0,715,0.689488910318,380,1.370438878672,2.921526311905,1.630119376325,6.415789473684,0.416666666667,0,4704,41,0.000213154170,0.049999952316,1,6.271238000000,0.099077000000,1.000766396523,-0.337084770203,2.174047470093,0.723563671112,-0.369243919849,0.218277990818,-0.540804266930
882,882,1413393930.105760574341,1413393930.105760574341,2,1,1,0,0,0,267,2,0,0,-1,1033,372,372,0,722,0.698935140368,372,1.565564911726,3.045761468044,1.725599596905,7.037634408602,0.395833333333,0,4153,34,nan,nan,0,6.002166000000,0.077986000000,0.949891567230,-0.351886749268,2.188336372375,0.716547966003,-0.384776681662,0.221115291119,-0.538157999516
883,883,1413393930.155760288239,1413393930.155760288239,2,1,1,0,0,0,267,2,0,0,-1,1063,316,316,0,710,0.667920978363,316,1.527873241635,3.247281827367,1.826557676375,7.962025316456,0.395833333333,0,4703,41,0.000084441206,0.049999713898,1,6.255254000000,0.077605000000,0.903097808361,-0.362566232681,2.197618961334,0.710457921028,-0.396465182304,0.225523501635,-0.535914242268
884,884,1413393930.205760478973,1413393930.205760478973,2,1,1,0,0,0,267,2,0,0,-1,1081,274,274,0,689,0.637372802960,274,1.602140566090,3.567340388594,1.914910054327,7.857664233577,0.395833333333,0,4340,34,0.000129218781,0.050000190735,1,5.787990000000,0.073471000000,0.858102142811,-0.374808788300,2.204382419586,0.705388724804,-0.405626982450,0.229822039604,-0.533924579620
885,885,1413393930.255760431290,1413393930.255760431290,2,1,1,0,0,0,267,2,0,0,-1,1093,276,276,0,723,0.661482159195,276,1.683803673106,4.170689067785,2.006056696211,8.369565217391,0.416666666667,0,4433,36,0.000169856328,0.049999952316,1,5.735541000000,0.072804000000,0.814826250076,-0.388853073120,2.208580255508,0.702464818954,-0.411001741886,0.235358282924,-0.531250715256
886,886,1413393930.305760622025,1413393930.305760622025,2,1,1,0,0,0,267,2,0,0,-1,1055,267,267,0,694,0.657819905213,267,1.638309088788,3.864138528637,2.026266825307,8.662921348315,0.354166666667,0,4366,35,0.000160266369,0.050000190735,1,5.170379000000,0.073198000000,0.773496568203,-0.404709815979,2.209883928299,0.701056301594,-0.413356155157,0.242483824492,-0.528070509434
887,887,1413393930.355760335922,1413393930.355760335922,2,1,1,0,0,0,267,2,0,0,-1,1041,248,248,0,695,0.667627281460,248,1.784721819289,3.621288931483,2.106240277349,9.258064516129,0.437500000000,0,4433,36,0.000146732578,0.049999713898,1,5.742649000000,0.072779000000,0.733986735344,-0.422633171082,2.207751750946,0.703150093555,-0.409904032946,0.255160629749,-0.521969139576
888,888,1413393930.405760526657,1413393930.405760526657,2,1,1,0,0,0,267,2,0,0,-1,1056,235,235,0,723,0.684659090909,235,1.796005720841,3.917932570413,2.141630215192,9.076595744681,0.437500000000,0,4573,39,0.000130096436,0.050000190735,1,5.470526000000,0.108233000000,0.695464015007,-0.441835880280,2.203128576279,0.706086575985,-0.405197620392,0.266428321600,-0.516016185284
889,889,1413393930.455760478973,1413393930.455760478973,2,1,1,0,0,0,267,2,0,0,-1,1076,245,245,0,750,0.697026022305,245,1.924977477208,4.063505538323,2.175998727019,9.371428571429,0.437500000000,0,4419,37,0.000158258845,0.049999952316,1,5.140662000000,0.058044000000,0.657980918884,-0.461944580078,2.194951057434,0.709412515163,-0.399849474430,0.277091532946,-0.509975135326
890,890,1413393930.505760431290,1413393930.505760431290,2,1,1,0,0,0,267,2,0,0,-1,1141,601,601,0,751,0.658194566170,601,0.000110032693,2.796782157066,0.909322009545,5.346089850250,0.520833333333,1,5013,44,0.000140435994,0.049999952316,1,5.730099000000,0.212597000000,0.620901286602,-0.482100248337,2.181870460510,0.712159335613,-0.395326793194,0.285121709108,-0.505224227905
891,891,1413393930.555760383606,1413393930.555760383606,2,1,1,0,0,0,267,2,0,0,-1,1148,374,374,0,779,0.678571428571,374,1.598964582213,3.700732908689,1.984404261236,8.133689839572,0.520833333333,0,4904,44,0.000209683814,0.049999952316,1,7.387159000000,0.267054000000,0.584224164486,-0.501705884933,2.163870334625,0.712896764278,-0.393041104078,0.288497537374,-0.504049658775
892,892,1413393930.605760574341,1413393930.605760574341,2,1,1,0,0,0,268,2,0,0,-1,1168,381,381,0,786,0.672945205479,381,1.515817088375,3.882224563842,1.944936733543,8.774278215223,0.541666666667,0,4891,44,nan,nan,0,6.885714000000,0.095958000000,0.543138980865,-0.530530691147,2.138157844543,0.711016416550,-0.392815083265,0.287689715624,-0.507332861423
893,893,1413393930.655760288239,1413393930.655760288239,2,1,1,0,0,0,268,2,0,0,-1,1165,350,350,0,795,0.682403433476,350,1.564753116792,4.161294527125,1.971202600210,9.057142857143,0.562500000000,0,4811,42,0.000049527167,0.049999713898,1,6.648770000000,0.085697000000,0.506563305855,-0.549265384674,2.110181570053,0.708500087261,-0.393564045429,0.285072714090,-0.511730909348
894,894,1413393930.705760478973,1413393930.705760478973,2,1,1,0,0,0,268,2,0,0,-1,1179,352,352,0,758,0.642917726887,352,1.500352732435,3.892771325582,1.983730545522,9.218750000000,0.520833333333,0,4842,43,0.000043262378,0.050000190735,1,6.743068000000,0.977721000000,0.470313012600,-0.568071126938,2.077707529068,0.705512523651,-0.394280374050,0.281941294670,-0.517014741898
895,895,1413393930.755760431290,1413393930.755760431290,2,1,1,0,0,0,268,2,0,0,-1,1154,341,341,0,786,0.681109185442,341,1.489890293831,3.680894068958,1.897213986137,9.434017595308,0.458333333333,0,4824,43,0.000079323538,0.049999952316,1,7.173762000000,0.076372000000,0.434857040644,-0.586922883987,2.043346881866,0.702091336250,-0.394651293755,0.278831124306,-0.523040473461
896,896,1413393930.805760622025,1413393930.805760622025,2,1,1,0,0,0,268,2,0,0,-1,1114,623,623,0,756,0.678635547576,623,0.352772624194,2.901627059827,1.025010624336,5.924558587480,0.479166666667,1,4842,43,0.000112148395,0.050000190735,1,6.170274000000,0.112840000000,0.400334835052,-0.606176853180,2.008466243744,0.699927747250,-0.393628984690,0.276850640774,-0.527741551399
897,897,1413393930.855760335922,1413393930.855760335922,2,1,1,0,0,0,268,2,0,0,-1,1137,414,414,0,788,0.693051890941,414,1.546500982375,3.584010468724,1.866584422682,9.123188405797,0.500000000000,0,4699,43,0.000221786191,0.049999713898,1,6.981515000000,0.109458000000,0.366297841072,-0.626299977303,1.974728226662,0.698418021202,-0.392961055040,0.274369120598,-0.531521975994
898,898,1413393930.905760526657,1413393930.905760526657,2,1,1,0,0,0,269,2,0,0,-1,1162,409,409,0,797,0.685886402754,409,1.433721420388,3.328566882101,1.742879748212,9.058679706601,0.520833333333,0,4611,40,nan,nan,0,6.361473000000,0.090798000000,0.336607754230,-0.653578162193,1.940604805946,0.698862135410,-0.391222655773,0.273050814867,-0.532897710800
899,899,1413393930.955760478973,1413393930.955760478973,2,1,1,0,0,0,269,2,0,0,-1,1077,377,377,0,768,0.713091922006,377,1.478989617438,3.452806341916,1.830644567526,9.599469496021,0.479166666667,0,4511,39,0.000179029987,0.049999952316,1,6.877054000000,0.085832000000,0.303560167551,-0.676930427551,1.912621498108,0.701394140720,-0.388718664646,0.272420376539,-0.531724870205
900,900,1413393931.005760431290,1413393931.005760431290,2,1,1,0,0,0,269,2,0,0,-1,1160,672,672,0,798,0.687931034483,672,0.338696759167,2.656229069584,0.965172764150,5.991071428571,0.583333333333,1,6055,51,0.000181296709,0.049999952316,1,6.850604000000,1.287247000000,0.271107017994,-0.701053977013,1.889332771301,0.702786445618,-0.387789160013,0.270123511553,-0.531736969948
901,901,1413393931.055760383606,1413393931.055760383606,2,1,1,0,0,0,269,2,0,0,-1,1151,464,464,0,805,0.699391833189,464,1.494301989734,3.523151135590,1.848582708710,9.775862068966,0.520833333333,0,4531,42,0.000324985303,0.049999952316,1,7.399442000000,0.116437000000,0.239473342896,-0.726315736771,1.870086431503,0.705324709415,-0.386343032122,0.269701749086,-0.529638648033
902,902,1413393931.105760574341,1413393931.105760574341,2,1,1,0,0,0,270,2,0,0,-1,1143,450,450,0,779,0.681539807524,450,1.481606028892,3.369998014737,1.761667934856,10.111111111111,0.500000000000,0,4547,40,nan,nan,0,6.808055000000,0.094431000000,0.211294114590,-0.745457410812,1.847708702087,0.705797970295,-0.385689467192,0.267857968807,-0.530419588089
903,903,1413393931.155760288239,1413393931.155760288239,2,1,1,0,0,0,270,2,0,0,-1,1158,440,440,0,821,0.708981001727,440,1.387618530810,3.440281235237,1.759121595396,9.809090909091,0.479166666667,0,4439,39,0.000228779885,0.049999713898,1,7.158816000000,0.085106000000,0.180577665567,-0.772163748741,1.836253166199,0.708174705505,-0.385850727558,0.265401571989,-0.528365373611
904,904,1413393931.205760478973,1413393931.205760478973,2,1,1,0,0,0,270,2,0,0,-1,1154,425,425,0,814,0.705372616984,425,1.555645877626,3.245485785844,1.812378343097,10.489411764706,0.520833333333,0,5781,49,0.000188139456,0.050000190735,1,6.877627000000,0.090219000000,0.150691732764,-0.799469470978,1.828179121017,0.710290849209,-0.386264801025,0.263047933578,-0.526395440102
905,905,1413393931.255760431290,1413393931.255760431290,2,1,1,0,0,0,270,2,0,0,-1,1139,400,400,0,813,0.713784021071,400,1.399729416676,3.331260984819,1.722144579576,10.675000000000,0.500000000000,0,5781,49,0.000171409309,0.049999952316,1,7.780906000000,0.100455000000,0.121615931392,-0.826887369156,1.821747541428,0.712338149548,-0.387033462524,0.258917003870,-0.525110960007
906,906,1413393931.305760622025,1413393931.305760622025,2,1,1,0,0,0,270,2,0,0,-1,1164,684,684,0,814,0.699312714777,684,0.559714603232,2.738868455143,0.994634484722,7.254385964912,0.645833333333,1,5781,49,0.000157992530,0.050000190735,1,7.499381000000,0.105151000000,0.093435868621,-0.854831695557,1.814210534096,0.713707268238,-0.388625174761,0.254965633154,-0.524008691311
907,907,1413393931.355760335922,1413393931.355760335922,2,1,1,0,0,0,270,2,0,0,-1,1161,480,480,0,828,0.713178294574,480,1.418897607673,3.954307323880,1.845519397701,10.912500000000,0.687500000000,0,5778,50,0.000185268291,0.049999713898,1,8.953042000000,0.116258000000,0.066296219826,-0.883112788200,1.804349303246,0.714372336864,-0.390550464392,0.250642925501,-0.523756325245
908,908,1413393931.405760526657,1413393931.405760526657,2,1,1,0,0,0,271,2,0,0,-1,1164,433,433,0,806,0.692439862543,433,1.294027798471,3.556936132156,1.669448481481,11.154734411085,0.625000000000,0,5769,50,nan,nan,0,7.017459000000,0.093589000000,0.024415165186,-0.914881229401,1.790291547775,0.714556097984,-0.393149882555,0.245402932167,-0.524042248726
909,909,1413393931.455760478973,1413393931.455760478973,2,1,1,0,0,0,271,2,0,0,-1,1181,418,418,0,843,0.713801862828,418,1.320859585302,3.549514483653,1.684893928995,11.937799043062,0.520833333333,0,5769,50,0.000107007640,0.049999952316,1,7.123586000000,0.075192000000,-0.000647991896,-0.944511771202,1.775471568108,0.714152216911,-0.395599395037,0.240684658289,-0.524936854839
910,910,1413393931.505760431290,1413393931.505760431290,2,1,1,0,0,0,271,2,0,0,-1,1179,680,680,0,824,0.698897370653,680,0.489228811076,2.721207074173,0.976036876310,7.544117647059,0.604166666667,1,5769,50,0.000183815544,0.049999952316,1,7.710963000000,0.110459000000,-0.024247854948,-0.975133895874,1.759016990662,0.713729858398,-0.397812515497,0.236009016633,-0.525960743427
911,911,1413393931.555760383606,1413393931.555760383606,2,1,1,0,0,0,271,2,0,0,-1,1187,478,478,0,805,0.678180286436,478,1.376425264179,3.600059286022,1.764855544708,11.702928870293,0.625000000000,0,5968,53,0.000133915164,0.049999952316,1,8.798802000000,0.128363000000,-0.047101646662,-1.007514238358,1.739229321480,0.713476300240,-0.398874700069,0.232900634408,-0.526885032654
912,912,1413393931.605760574341,1413393931.605760574341,2,1,1,0,0,0,272,2,0,0,-1,1195,454,454,0,775,0.648535564854,454,1.256290063249,3.250749836730,1.661523427369,11.638766519824,0.541666666667,0,5954,53,nan,nan,0,6.810804000000,0.126974000000,-0.066486716270,-1.043784499168,1.709371685982,0.713961660862,-0.399525731802,0.229990452528,-0.527012765408
913,913,1413393931.655760288239,1413393931.655760288239,2,1,1,0,0,0,272,2,0,0,-1,1199,415,415,0,753,0.628023352794,415,1.374013551312,3.583340003261,1.696998872149,12.746987951807,0.500000000000,0,5798,51,0.000113141228,0.049999713898,1,7.803260000000,0.118012000000,-0.085631743073,-1.078842043877,1.684204578400,0.713774383068,-0.399120450020,0.228928238153,-0.528034865856
914,914,1413393931.705760478973,1413393931.705760478973,2,1,1,0,0,0,272,2,0,0,-1,1202,634,634,0,711,0.591514143095,634,0.789935059302,2.873486331530,1.113569817379,8.888012618297,0.562500000000,1,5798,51,0.000115468953,0.050000190735,1,7.068261000000,0.108751000000,-0.102126233280,-1.114629149437,1.657180786133,0.713980495930,-0.398737221956,0.228252530098,-0.528338193893
915,915,1413393931.755760431290,1413393931.755760431290,2,1,1,0,0,0,272,2,0,0,-1,1201,451,451,0,714,0.594504579517,451,1.321187927213,3.438497457411,1.736024746597,12.104212860310,0.562500000000,0,5837,52,0.000181104784,0.049999952316,1,7.833507000000,0.125568000000,-0.116421982646,-1.151222348213,1.628226518631,0.714450180531,-0.397556751966,0.227890849113,-0.528748989105
916,916,1413393931.805760622025,1413393931.805760622025,2,1,1,0,0,0,273,2,0,0,-1,1200,443,443,0,738,0.615000000000,443,1.416001786316,3.409126329188,1.745628692441,12.230248306998,0.562500000000,0,5822,52,nan,nan,0,7.249834000000,0.096804000000,-0.122432544827,-1.185942649841,1.597392439842,0.715175628662,-0.396338164806,0.227931007743,-0.528665661812
917,917,1413393931.855760335922,1413393931.855760335922,2,1,1,0,0,0,273,2,0,0,-1,1200,676,676,0,727,0.605833333333,676,0.538013267331,2.791708202312,1.002814672958,8.198224852071,0.708333333333,1,5978,54,0.000170758591,0.049999713898,1,7.619273000000,0.122611000000,-0.131501957774,-1.224227070808,1.565852165222,0.715866804123,-0.395128160715,0.228455111384,-0.528409719467
918,918,1413393931.905760526657,1413393931.905760526657,2,1,1,0,0,0,273,2,0,0,-1,1200,463,463,0,738,0.615000000000,463,1.385038157024,3.427222898379,1.737424218071,12.053995680346,0.666666666667,0,5950,53,0.000190774910,0.050000190735,1,8.710760000000,0.134037000000,-0.138217270374,-1.263786077499,1.534877538681,0.716590940952,-0.394142210484,0.228722587228,-0.528048694134
919,919,1413393931.955760478973,1413393931.955760478973,2,1,1,0,0,0,274,2,0,0,-1,1202,417,417,0,678,0.564059900166,417,1.413367389728,3.342980297371,1.780667201128,11.266187050360,0.625000000000,0,6038,54,nan,nan,0,7.211344000000,0.097667000000,-0.137248843908,-1.306139230728,1.506385922432,0.717260241508,-0.392558395863,0.229270756245,-0.528081953526
920,920,1413393932.005760431290,1413393932.005760431290,2,1,1,0,0,0,274,2,0,0,-1,1204,378,378,0,714,0.593023255814,378,1.481602970238,3.675287155842,1.899798206709,11.529100529101,0.604166666667,0,6954,63,0.000083007573,0.049999952316,1,7.858212000000,0.094566000000,-0.138679429889,-1.347778558731,1.478291034698,0.718143999577,-0.390937924385,0.230782583356,-0.527424097061
921,921,1413393932.055760383606,1413393932.055760383606,2,1,1,0,0,0,274,2,0,0,-1,1202,599,599,0,709,0.589850249584,599,0.535358836122,2.838786354361,1.047265903113,8.223706176962,0.770833333333,1,6455,57,0.000084465144,0.049999952316,1,8.005752000000,0.105798000000,-0.137923240662,-1.390435576439,1.451460361481,0.720047295094,-0.388580769300,0.233015224338,-0.525586247444
922,922,1413393932.105760574341,1413393932.105760574341,2,1,1,0,0,0,274,2,0,0,-1,1204,430,430,0,722,0.599667774086,430,1.603068628438,3.677628909688,1.906673127962,11.176744186047,0.750000000000,0,6517,58,0.000060808492,0.050000190735,1,8.340887000000,0.095143000000,-0.134847030044,-1.433877229691,1.426043510437,0.722276687622,-0.386005014181,0.235875040293,-0.523143827915
923,923,1413393932.155760288239,1413393932.155760288239,2,1,1,0,0,0,275,2,0,0,-1,1201,425,425,0,714,0.594504579517,425,1.578176654546,3.466159780613,1.885019481714,10.877647058824,0.750000000000,0,6118,54,nan,nan,0,7.900899000000,0.093510000000,-0.133684337139,-1.483498334885,1.399083375931,0.725187242031,-0.382014304399,0.240506157279,-0.519928216934
924,924,1413393932.205760478973,1413393932.205760478973,2,1,1,0,0,0,275,2,0,0,-1,1203,379,379,0,712,0.591853699086,379,1.874917659653,4.007195740214,2.140765612775,11.559366754617,0.625000000000,0,7275,66,0.000168020546,0.050000190735,1,7.758543000000,0.077391000000,-0.127177566290,-1.528116941452,1.375246524811,0.728018403053,-0.377865970135,0.246077597141,-0.516383945942
925,925,1413393932.255760431290,1413393932.255760431290,2,1,1,0,0,0,275,2,0,0,-1,1202,586,586,0,703,0.584858569052,586,0.442846689220,2.983711970809,1.053433583262,8.005119453925,0.625000000000,1,7333,67,0.000150676191,0.049999952316,1,7.809427000000,0.100699000000,-0.118944942951,-1.572491288185,1.352514505386,0.730958282948,-0.372700005770,0.253084570169,-0.512584567070
926,926,1413393932.305760622025,1413393932.305760622025,2,1,1,0,0,0,275,2,0,0,-1,1200,416,416,0,627,0.522500000000,416,1.636643606911,3.469285794551,1.907474307879,10.401442307692,0.604166666667,0,7634,70,0.000144835023,0.050000190735,1,8.956450000000,0.161723000000,-0.109616339207,-1.616304636002,1.330997943878,0.733682751656,-0.368412286043,0.258839488029,-0.508904814720
927,927,1413393932.355760335922,1413393932.355760335922,2,1,1,0,0,0,276,2,0,0,-1,1202,379,379,0,632,0.525790349418,379,1.370708905045,3.563737336389,1.709597143567,10.741424802111,0.625000000000,0,7230,65,nan,nan,0,7.768152000000,0.128844000000,-0.108477056026,-1.664544939995,1.319004058838,0.735891699791,-0.365094572306,0.264188200235,-0.505345523357
928,928,1413393932.405760526657,1413393932.405760526657,2,1,1,0,0,0,276,2,0,0,-1,1201,340,340,0,595,0.495420482931,340,1.634493662074,3.683878461158,2.006193031569,10.900000000000,0.729166666667,0,7166,65,0.000068330810,0.050000190735,1,7.530655000000,0.067550000000,-0.098291993141,-1.706217050552,1.299926519394,0.737500727177,-0.362884938717,0.267674446106,-0.502750039101
929,929,1413393932.455760478973,1413393932.455760478973,2,1,1,0,0,0,276,2,0,0,-1,1201,542,542,0,593,0.493755203997,542,0.495846595648,2.738665555126,0.977491721853,6.457564575646,0.770833333333,1,7546,69,0.000082577120,0.049999952316,1,7.763262000000,0.109171000000,-0.087506532669,-1.746436595917,1.281432867050,0.738843083382,-0.361259967089,0.270908713341,-0.500210583210
930,930,1413393932.505760431290,1413393932.505760431290,2,1,1,0,0,0,276,2,0,0,-1,1200,390,390,0,582,0.485000000000,390,1.549853185068,3.529630480263,1.875784209501,9.548717948718,0.770833333333,0,7638,71,0.000119847151,0.049999952316,1,9.446751000000,0.108978000000,-0.076150894165,-1.784874677658,1.263574242592,0.739542245865,-0.360314577818,0.273765087128,-0.498300552368
931,931,1413393932.555760383606,1413393932.555760383606,2,1,1,0,0,0,277,2,0,0,-1,1201,369,369,0,584,0.486261448793,369,1.517969992819,3.653449519639,1.843193095660,9.826558265583,0.729166666667,0,7213,66,nan,nan,0,7.203415000000,0.172025000000,-0.067850768566,-1.818676233292,1.249858021736,0.739385783672,-0.359375804663,0.276791781187,-0.497537970543
932,932,1413393932.605760574341,1413393932.605760574341,2,1,1,0,0,0,277,2,0,0,-1,1205,332,332,0,595,0.493775933610,332,1.556447738476,3.500240912661,1.903194056653,10.563253012048,0.666666666667,0,7770,72,0.000049791230,0.050000190735,1,7.459737000000,0.088265000000,-0.055949807167,-1.852956891060,1.234390258789,0.737893879414,-0.358476370573,0.279740571976,-0.498750954866
933,933,1413393932.655760288239,1413393932.655760288239,2,1,1,0,0,0,277,2,0,0,-1,1201,308,308,0,582,0.484596169858,308,1.537171934794,3.741891164891,1.898540086840,9.519480519481,0.604166666667,0,7770,72,0.000055157416,0.049999713898,1,7.700171000000,0.095207000000,-0.043934822083,-1.885335445404,1.219975590706,0.735674917698,-0.357843756676,0.282693624496,-0.500813901424
934,934,1413393932.705760478973,1413393932.705760478973,2,1,1,0,0,0,277,2,0,0,-1,1203,540,540,0,600,0.498753117207,540,0.379045138326,2.930059172793,1.041079643123,6.622222222222,0.666666666667,1,7770,72,0.000053282678,0.050000190735,1,7.648893000000,0.095970000000,-0.032388925552,-1.916007041931,1.206398010254,0.733804523945,-0.357804477215,0.284428685904,-0.502600550652
935,935,1413393932.755760431290,1413393932.755760431290,2,1,1,0,0,0,277,2,0,0,-1,1200,378,378,0,565,0.470833333333,378,1.365701960699,3.549159481951,1.767961001600,8.650793650794,0.666666666667,0,7836,73,0.000120803525,0.049999952316,1,8.830111000000,0.119154000000,-0.021210372448,-1.945147871971,1.193752169609,0.731772124767,-0.358205437660,0.286061435938,-0.504348516464
936,936,1413393932.805760622025,1413393932.805760622025,2,1,1,0,0,0,278,2,0,0,-1,1203,372,372,0,544,0.452202826268,372,1.457106844003,3.690430793606,1.845170387036,8.634408602151,0.645833333333,0,6347,57,nan,nan,0,7.333999000000,0.067001000000,-0.017836570740,-1.973541498184,1.183299064636,0.729612827301,-0.358484864235,0.288521617651,-0.505874633789
937,937,1413393932.855760335922,1413393932.855760335922,2,1,1,0,0,0,278,2,0,0,-1,1204,356,356,0,530,0.440199335548,356,1.462938515587,3.877043507492,1.899972874928,8.396067415730,0.645833333333,0,6354,59,0.000036469453,0.049999713898,1,8.284142000000,0.141680000000,-0.007662355900,-2.000097274780,1.171863555908,0.728988409042,-0.357860773802,0.291359126568,-0.505590200424
938,938,1413393932.905760526657,1413393932.905760526657,2,1,1,0,0,0,278,2,0,0,-1,1201,331,331,0,530,0.441298917569,331,1.521718043073,3.785151165825,1.919231165666,8.752265861027,0.645833333333,0,6354,59,0.000029490888,0.050000190735,1,7.259179000000,0.073990000000,0.001848340034,-2.025077819824,1.161574959755,0.727861464024,-0.357087731361,0.294567376375,-0.505901396275
939,939,1413393932.955760478973,1413393932.955760478973,2,1,1,0,0,0,278,2,0,0,-1,1203,499,499,0,536,0.445552784705,499,0.537137595703,2.811010219552,1.065330980011,5.975951903808,0.708333333333,1,6666,60,0.000049802573,0.049999952316,1,7.749256000000,0.085588000000,0.010883569717,-2.048358678818,1.153282523155,0.723959088326,-0.355382204056,0.298932343721,-0.510123789310
940,940,1413393933.005760431290,1413393933.005760431290,2,1,1,0,0,0,278,2,0,0,-1,1202,360,360,0,543,0.451747088186,360,1.493154544223,3.646556193734,1.832757555475,8.500000000000,0.666666666667,0,6814,61,0.000059452668,0.049999952316,1,8.876322000000,0.080582000000,0.018638730049,-2.070006608963,1.146275877953,0.718137264252,-0.352105081081,0.303603142500,-0.517809033394
941,941,1413393933.055760383606,1413393933.055760383606,2,1,1,0,0,0,279,2,0,0,-1,1203,352,352,0,511,0.424771404821,352,1.491901334996,3.626023514836,1.853548167330,7.474431818182,0.625000000000,0,7274,66,nan,nan,0,7.734963000000,0.069232000000,0.024389982224,-2.094859361649,1.138336896896,0.713051438332,-0.348078340292,0.307288497686,-0.525331258774
942,942,1413393933.105760574341,1413393933.105760574341,2,1,1,0,0,0,279,2,0,0,-1,1203,339,339,0,468,0.389027431421,339,1.549816926272,3.421651023447,1.850726280215,7.530973451327,0.604166666667,0,7048,62,0.000057362224,0.050000190735,1,7.679868000000,0.072170000000,0.027483820915,-2.114852190018,1.132977008820,0.707422554493,-0.344551265240,0.310519486666,-0.533306181431
943,943,1413393933.155760288239,1413393933.155760288239,2,1,1,0,0,0,279,2,0,0,-1,1203,482,482,0,480,0.399002493766,482,0.854937117108,3.294903014856,1.248511271572,5.858921161826,0.687500000000,1,7267,64,0.000072449358,0.049999713898,1,8.061735000000,0.118316000000,0.027906417847,-2.134659051895,1.127979159355,0.703477799892,-0.343335717916,0.311256885529,-0.538849473000
944,944,1413393933.205760478973,1413393933.205760478973,2,1,1,0,0,0,279,2,0,0,-1,1204,347,347,0,483,0.401162790698,347,1.493320919652,4.040056559423,1.922117074615,8.057636887608,0.645833333333,0,7368,67,0.000065407534,0.050000190735,1,10.086815000000,0.118862000000,0.025435447693,-2.154478073120,1.124244213104,0.700257897377,-0.344099849463,0.309705287218,-0.543430626392
945,945,1413393933.255760431290,1413393933.255760431290,2,1,1,0,0,0,280,2,0,0,-1,1204,364,364,0,473,0.392857142857,364,1.398421846391,3.743515230901,1.813864046771,7.703296703297,0.645833333333,0,7153,64,nan,nan,0,7.363051000000,0.106593000000,0.024925470352,-2.171911954880,1.120346307755,0.698087751865,-0.347325623035,0.304110676050,-0.547316431999
946,946,1413393933.305760622025,1413393933.305760622025,2,1,1,0,0,0,280,2,0,0,-1,1204,350,350,0,493,0.409468438538,350,1.431847039742,3.735099541986,1.861818969925,7.940000000000,0.625000000000,0,7160,66,0.000064910419,0.050000190735,1,7.678873000000,0.094435000000,0.017032861710,-2.192127704620,1.119482278824,0.694790184498,-0.352895349264,0.296075016260,-0.552332520485
947,947,1413393933.355760335922,1413393933.355760335922,2,1,1,0,0,0,280,2,0,0,-1,1204,314,314,0,484,0.401993355482,314,1.401313293837,3.707363657901,1.940664691583,8.557324840764,0.625000000000,0,6655,58,0.000035914953,0.049999713898,1,7.367833000000,0.068027000000,0.006772220135,-2.213425159454,1.119382262230,0.692281842232,-0.358294308186,0.287938982248,-0.556293308735
948,948,1413393933.405760526657,1413393933.405760526657,2,1,1,0,0,0,280,2,0,0,-1,1206,480,480,0,502,0.416252072968,480,0.598637834119,2.711010582669,1.064085574901,5.631250000000,0.666666666667,1,6766,63,0.000048040987,0.050000190735,1,8.041575000000,11.418802000000,-0.005397379398,-2.236249446869,1.120523571968,0.690414667130,-0.365352928638,0.277661621571,-0.559239566326
949,949,1413393933.455760478973,1413393933.455760478973,2,1,1,0,0,0,280,2,0,0,-1,1205,354,354,0,496,0.411618257261,354,1.484617000460,3.479986409877,1.845985594111,8.158192090395,0.583333333333,0,6850,64,0.000058857229,0.049999952316,1,10.744280000000,0.159745000000,-0.018962979317,-2.261076450348,1.121958613396,0.690447032452,-0.373711109161,0.266088664532,-0.559302866459
950,950,1413393933.505760431290,1413393933.505760431290,2,1,1,0,0,0,281,2,0,0,-1,1201,330,330,0,523,0.435470441299,330,1.226676251668,3.631937052293,1.685094596362,7.575757575758,0.604166666667,0,6664,55,nan,nan,0,7.591829000000,0.073713000000,-0.024877071381,-2.285071849823,1.123849987984,0.692167103291,-0.382324635983,0.252942800522,-0.557451844215
951,951,1413393933.555760383606,1413393933.555760383606,2,1,1,0,0,0,281,2,0,0,-1,1205,490,490,0,478,0.396680497925,490,0.701443425427,3.042040183013,1.179536868642,5.740816326531,0.708333333333,1,7997,76,0.000029513467,0.049999952316,1,8.498626000000,0.106649000000,-0.038592040539,-2.313915252686,1.124426364899,0.694326519966,-0.390307754278,0.241381779313,-0.554351329803
952,952,1413393933.605760574341,1413393933.605760574341,2,1,1,0,0,0,281,2,0,0,-1,1207,336,336,0,515,0.426677713339,336,1.581726910650,3.401051731824,1.801431153469,8.461309523810,0.666666666667,0,8070,79,0.000079439073,0.050000190735,1,8.903963000000,0.105911000000,-0.051058590412,-2.344932317734,1.123038172722,0.696670532227,-0.396728008986,0.232865691185,-0.550482213497
953,953,1413393933.655760288239,1413393933.655760288239,2,1,1,0,0,0,282,2,0,0,-1,1206,520,520,0,508,0.421227197347,520,0.710584079510,2.825312629053,1.147864426190,5.850000000000,0.770833333333,1,7990,76,nan,nan,0,10.055751000000,0.178495000000,-0.063630044460,-2.378234148026,1.120023131371,0.699310958385,-0.399837970734,0.229840636253,-0.546138405800
954,954,1413393933.705760478973,1413393933.705760478973,2,1,1,0,0,0,282,2,0,0,-1,1206,359,359,0,532,0.441127694859,359,1.547847803229,3.363503671746,1.886700625206,8.206128133705,0.687500000000,0,8119,81,0.000194404769,0.050000190735,1,9.385971000000,0.121889000000,-0.072586357594,-2.413936138153,1.114961266518,0.703414320946,-0.398507237434,0.232552736998,-0.540665924549
955,955,1413393933.755760431290,1413393933.755760431290,2,1,1,0,0,0,283,2,0,0,-1,1206,338,338,0,527,0.436981757877,338,1.643748770995,3.321099383926,1.920793310058,8.000000000000,0.625000000000,0,7925,74,nan,nan,0,7.813960000000,0.107020000000,-0.078909456730,-2.450129508972,1.108936071396,0.708256185055,-0.394192010164,0.240244820714,-0.534105122089
956,956,1413393933.805760622025,1413393933.805760622025,2,1,1,0,0,0,283,2,0,0,-1,1204,523,523,0,548,0.455149501661,523,0.751951220745,3.069977928186,1.214346923200,5.650095602294,0.708333333333,1,7852,75,0.000280445442,0.050000190735,1,8.923929000000,0.098984000000,-0.085215210915,-2.489592075348,1.099662303925,0.713025748730,-0.388784527779,0.249009549618,-0.527669489384
957,957,1413393933.855760335922,1413393933.855760335922,2,1,1,0,0,0,283,2,0,0,-1,1203,368,368,0,538,0.447215295096,368,1.788431109007,4.093722400616,2.137430389661,8.108695652174,0.625000000000,0,6721,56,0.000277184561,0.049999713898,1,9.669001000000,0.087538000000,-0.090922713280,-2.529459476471,1.088546991348,0.717080116272,-0.384526759386,0.255264312029,-0.522279143333
958,958,1413393933.905760526657,1413393933.905760526657,2,1,1,0,0,0,284,2,0,0,-1,1201,341,341,0,516,0.429641965029,341,1.516418120779,3.621803603538,1.937493465211,8.161290322581,0.666666666667,0,6809,60,nan,nan,0,7.774181000000,0.086795000000,-0.093273401260,-2.569621562958,1.073142766953,0.719502389431,-0.381190776825,0.260112494230,-0.518990814686
959,959,1413393933.955760478973,1413393933.955760478973,2,1,1,0,0,0,284,2,0,0,-1,1207,525,525,0,526,0.435791217896,525,0.714966518512,2.988401451396,1.181390153596,5.756190476190,0.708333333333,1,6931,63,0.000179754032,0.049999952316,1,8.835265000000,0.135811000000,-0.097171187401,-2.608921051025,1.060714244843,0.720077812672,-0.377531737089,0.265754461288,-0.518008053303
960,960,1413393934.005760431290,1413393934.005760431290,2,1,1,0,0,0,284,2,0,0,-1,1203,382,382,0,529,0.439733998337,382,1.569595188269,3.629400543546,1.924383480543,7.924083769634,0.770833333333,0,8024,80,0.000182840769,0.049999952316,1,9.759011000000,0.118910000000,-0.100418329239,-2.647657632828,1.051024675369,0.717062115669,-0.370381116867,0.275070607662,-0.522471129894
961,961,1413393934.055760383606,1413393934.055760383606,2,1,1,0,0,0,285,2,0,0,-1,1204,353,353,0,522,0.433554817276,353,1.479717683447,3.683117957101,1.915130835693,7.354107648725,0.708333333333,0,6773,61,nan,nan,0,8.190077000000,0.121587000000,-0.103371977806,-2.685816764832,1.044191598892,0.713380932808,-0.363725036383,0.284302502871,-0.527222871780
962,962,1413393934.105760574341,1413393934.105760574341,2,1,1,0,0,0,285,2,0,0,-1,1202,513,513,0,507,0.421797004992,513,0.828983921404,2.947356728944,1.205948028338,5.426900584795,0.750000000000,1,6765,59,0.000136011731,0.050000190735,1,8.688574000000,0.114126000000,-0.108493328094,-2.723876237869,1.041851043701,0.709505081177,-0.357689261436,0.291483402252,-0.532633423805
963,963,1413393934.155760288239,1413393934.155760288239,2,1,1,0,0,0,285,2,0,0,-1,1205,365,365,0,517,0.429045643154,365,1.409162052676,3.276257357754,1.755022596545,7.320547945205,0.729166666667,0,6896,61,0.000088264162,0.049999713898,1,9.447859000000,0.119885000000,-0.115568995476,-2.762054204941,1.042178869247,0.708230733871,-0.353656202555,0.296006977558,-0.534524500370
964,964,1413393934.205760478973,1413393934.205760478973,2,1,1,0,0,0,286,2,0,0,-1,1205,350,350,0,525,0.435684647303,350,1.397378615853,3.301766506400,1.753104901896,7.571428571429,0.708333333333,0,6422,55,nan,nan,0,8.719248000000,0.116180000000,-0.119722008705,-2.801249265671,1.044170141220,0.707692205906,-0.351033538580,0.298321843147,-0.535678446293
965,965,1413393934.255760431290,1413393934.255760431290,2,1,1,0,0,0,286,2,0,0,-1,1206,494,494,0,505,0.418739635158,494,0.920427267909,3.124062984426,1.243210926869,5.641700404858,0.750000000000,1,6455,55,0.000094026924,0.049999952316,1,8.567301000000,0.103105000000,-0.131661295891,-2.838780403137,1.047319412231,0.708369553089,-0.351816117764,0.295314222574,-0.535936176777
966,966,1413393934.305760622025,1413393934.305760622025,2,1,1,0,0,0,286,2,0,0,-1,1206,358,358,0,504,0.417910447761,358,1.398551188069,3.543547657688,1.879844177425,7.634078212291,0.708333333333,0,6621,58,0.000134300382,0.050000190735,1,9.311380000000,0.119891000000,-0.145136833191,-2.875988006592,1.050192832947,0.709364712238,-0.353942662477,0.290745645761,-0.535717666149
967,967,1413393934.355760335922,1413393934.355760335922,2,1,1,0,0,0,287,2,0,0,-1,1207,340,340,0,517,0.428334714167,340,1.501228334181,3.372571738345,1.804762303976,6.820588235294,0.666666666667,0,6385,55,nan,nan,0,7.865745000000,0.126875000000,-0.158683896065,-2.914438247681,1.052533626556,0.711777567863,-0.358723521233,0.282444506884,-0.533774495125
968,968,1413393934.405760526657,1413393934.405760526657,2,1,1,0,0,0,287,2,0,0,-1,1205,326,326,0,531,0.440663900415,326,1.506625119442,3.860847902445,1.927201861260,7.156441717791,0.645833333333,0,5962,51,0.000119841796,0.050000190735,1,8.081101000000,0.078880000000,-0.174014925957,-2.951309442520,1.049631118774,0.713885962963,-0.364585965872,0.272888869047,-0.531954526901
969,969,1413393934.455760478973,1413393934.455760478973,2,1,1,0,0,0,287,2,0,0,-1,1208,529,529,0,542,0.448675496689,529,0.518098326840,2.981048873025,1.108324456060,5.100189035917,0.812500000000,1,6336,55,0.000112726171,0.049999952316,1,8.780559000000,0.097227000000,-0.189621329308,-2.988497972488,1.043205976486,0.715516388416,-0.369770467281,0.264643192291,-0.530349075794
970,970,1413393934.505760431290,1413393934.505760431290,2,1,1,0,0,0,287,2,0,0,-1,1205,371,371,0,573,0.475518672199,371,1.456378830649,3.793383692753,1.913325533438,7.358490566038,0.833333333333,0,5798,48,0.000097721953,0.049999952316,1,8.747882000000,0.125871000000,-0.204923868179,-3.025945663452,1.033196687698,0.716712117195,-0.374551653862,0.257111102343,-0.529082953930
971,971,1413393934.555760383606,1413393934.555760383606,2,1,1,0,0,0,288,2,0,0,-1,1204,394,394,0,552,0.458471760797,394,1.470661687503,3.858916725602,1.914837636593,7.233502538071,0.812500000000,0,6603,61,nan,nan,0,8.496935000000,0.109364000000,-0.215697407722,-3.064754962921,1.020277261734,0.717328011990,-0.378900110722,0.249425828457,-0.528830766678
972,972,1413393934.605760574341,1413393934.605760574341,2,1,1,0,0,0,288,2,0,0,-1,1201,355,355,0,560,0.466278101582,355,1.622769371787,3.672206800226,1.976653938172,7.600000000000,0.770833333333,0,6530,56,0.000071446681,0.050000190735,1,8.499631000000,0.104755000000,-0.229557394981,-3.102944374084,1.005002260208,0.717233955860,-0.382890373468,0.243422538042,-0.528881788254
973,973,1413393934.655760288239,1413393934.655760288239,2,1,1,0,0,0,288,2,0,0,-1,1205,319,319,0,562,0.466390041494,319,1.654353876044,3.607079849174,1.954620523216,7.746081504702,0.750000000000,0,6519,55,0.000066122411,0.049999713898,1,8.641258000000,0.105675000000,-0.242579221725,-3.141924619675,0.988294601440,0.715793848038,-0.387264758348,0.236975252628,-0.530573308468
974,974,1413393934.705760478973,1413393934.705760478973,2,1,1,0,0,0,288,2,0,0,-1,1208,542,542,0,590,0.488410596026,542,0.484507469536,3.190426244788,1.102173959339,5.094095940959,0.833333333333,1,6020,51,0.000081019694,0.050000190735,1,8.320643000000,0.110266000000,-0.254458546638,-3.181968450546,0.969604730606,0.714320003986,-0.391241908073,0.230910480022,-0.532313048840
975,975,1413393934.755760431290,1413393934.755760431290,2,1,1,0,0,0,288,2,0,0,-1,1203,400,400,0,594,0.493765586035,400,1.609025530312,4.180594874688,2.078499891747,7.300000000000,0.791666666667,0,6365,53,0.000140989723,0.049999952316,1,8.930265000000,0.195622000000,-0.265069961548,-3.222506761551,0.948726177216,0.713401317596,-0.395798444748,0.220749616623,-0.534482717514
976,976,1413393934.805760622025,1413393934.805760622025,2,1,1,0,0,0,289,2,0,0,-1,1204,364,364,0,591,0.490863787375,364,1.511661419458,3.763419333615,1.902143970052,6.755494505495,0.729166666667,0,7446,68,nan,nan,0,8.515885000000,0.104982000000,-0.272687315941,-3.263682842255,0.928236961365,0.713666200638,-0.400144010782,0.207469135523,-0.536210834980
977,977,1413393934.855760335922,1413393934.855760335922,2,1,1,0,0,0,289,2,0,0,-1,1204,561,561,0,630,0.523255813953,561,0.684235889741,3.080544837324,1.172935991491,4.934046345811,0.895833333333,1,7446,68,0.000078914811,0.049999713898,1,8.790731000000,0.104120000000,-0.280397295952,-3.307263135910,0.903210401535,0.716430902481,-0.401075929403,0.194727912545,-0.536605954170
978,978,1413393934.905760526657,1413393934.905760526657,2,1,1,0,0,0,289,2,0,0,-1,1203,350,350,0,629,0.522859517872,350,1.602804997686,3.810561798705,1.924840113936,6.765714285714,0.875000000000,0,7796,71,0.000156637718,0.050000190735,1,9.573887000000,0.180809000000,-0.285721659660,-3.352826595306,0.875604867935,0.722694039345,-0.398276150227,0.183137744665,-0.534368872643
979,979,1413393934.955760478973,1413393934.955760478973,2,1,1,0,0,0,290,2,0,0,-1,1205,340,340,0,581,0.482157676349,340,1.457343787390,3.552415576168,1.834033487853,6.614705882353,0.750000000000,0,5899,43,nan,nan,0,7.458828000000,0.113422000000,-0.283636927605,-3.399822235107,0.846809387207,0.732811450958,-0.389825344086,0.175359159708,-0.529407918453
980,980,1413393935.005760431290,1413393935.005760431290,2,1,1,0,0,0,290,2,0,0,-1,1207,545,545,0,589,0.487986743993,545,0.253732596674,2.936924447382,1.076552959737,4.640366972477,0.854166666667,1,6505,52,0.000055775345,0.049999952316,1,8.162093000000,0.143456000000,-0.281902790070,-3.449035644531,0.814550161362,0.745772778988,-0.373004585505,0.176019325852,-0.523170888424
981,981,1413393935.055760383606,1413393935.055760383606,2,1,1,0,0,0,290,2,0,0,-1,1203,350,350,0,626,0.520365752286,350,1.500230911172,3.651434966975,1.896356665096,6.468571428571,0.833333333333,0,6352,52,0.000094265459,0.049999952316,1,9.601988000000,0.089386000000,-0.276761293411,-3.498802423477,0.780344486237,0.760552704334,-0.350469917059,0.180593073368,-0.515864968300
982,982,1413393935.105760574341,1413393935.105760574341,2,1,1,0,0,0,291,2,0,0,-1,1202,330,330,0,603,0.501663893511,330,1.670840723169,3.805510883577,2.033411715907,6.321212121212,0.791666666667,0,7609,68,nan,nan,0,8.496647000000,0.076404000000,-0.266335248947,-3.544234752655,0.747598648071,0.774325847626,-0.326626867056,0.183727279305,-0.509881019592
983,983,1413393935.155760288239,1413393935.155760288239,2,1,1,0,0,0,291,2,0,0,-1,1204,567,567,0,604,0.501661129568,567,0.000355893060,3.023143333193,1.103830017961,4.142857142857,0.895833333333,1,6636,53,0.000135201757,0.049999713898,1,7.935066000000,0.103968000000,-0.255563974380,-3.591453313828,0.716468334198,0.786229848862,-0.303142011166,0.183426260948,-0.506263136864
984,984,1413393935.205760478973,1413393935.205760478973,2,1,1,0,0,0,291,2,0,0,-1,1207,365,365,0,597,0.494614747307,365,1.684353097442,3.395725573130,1.982897765572,5.975342465753,0.875000000000,0,7667,66,0.000156313792,0.050000190735,1,10.450875000000,0.094118000000,-0.242887854576,-3.635873079300,0.689732551575,0.796549201012,-0.280417382717,0.179554969072,-0.504614293575
985,985,1413393935.255760431290,1413393935.255760431290,2,1,1,0,0,0,292,2,0,0,-1,1208,335,335,0,593,0.490894039735,335,1.759723707815,4.059249345838,2.108843253061,5.934328358209,0.791666666667,0,7680,68,nan,nan,0,7.542836000000,0.070829000000,-0.229002833366,-3.675885200500,0.666916370392,0.804991841316,-0.259289026260,0.172619029880,-0.504935741425
986,986,1413393935.305760622025,1413393935.305760622025,2,1,1,0,0,0,292,2,0,0,-1,1204,557,557,0,583,0.484219269103,557,0.162360422267,3.023161367729,1.093344297806,4.023339317774,0.895833333333,1,6273,52,0.000186969817,0.050000190735,1,7.564362000000,0.103202000000,-0.212816476822,-3.713002204895,0.649573802948,0.812126159668,-0.239402368665,0.163370281458,-0.506406784058
987,987,1413393935.355760335922,1413393935.355760335922,2,1,1,0,0,0,292,2,0,0,-1,1204,400,400,0,581,0.482558139535,400,1.790443319413,3.873558738737,2.072811610000,5.655000000000,0.937500000000,0,6503,52,0.000243400209,0.049999713898,1,8.840767000000,0.117159000000,-0.195570349693,-3.746315717697,0.636611461639,0.817482411861,-0.221656724811,0.151631861925,-0.509508311749
988,988,1413393935.405760526657,1413393935.405760526657,2,1,1,0,0,0,293,2,0,0,-1,1204,383,383,0,583,0.484219269103,383,1.667901390924,3.851208709001,1.993958706087,5.840731070496,0.916666666667,0,6326,54,nan,nan,0,7.937853000000,0.109942000000,-0.178985118866,-3.775216579437,0.626785755157,0.821976900101,-0.201433777809,0.142514675856,-0.513291299343
989,989,1413393935.455760478973,1413393935.455760478973,2,1,1,0,0,0,293,2,0,0,-1,1205,390,390,0,594,0.492946058091,390,1.813320362833,3.564108896274,2.081272851502,5.858974358974,0.854166666667,0,6247,54,0.000372951356,0.049999952316,1,8.899183000000,0.120164000000,-0.159955620766,-3.801805019379,0.621495723724,0.825468838215,-0.180592834949,0.134304121137,-0.517638742924
990,990,1413393935.505760431290,1413393935.505760431290,2,1,1,0,0,0,293,2,0,0,-1,1204,324,324,0,573,0.475913621262,324,1.908391074080,3.711748908299,2.133647132963,5.682098765432,0.812500000000,0,7229,60,0.000376456330,0.049999952316,1,8.521114000000,0.102471000000,-0.140697717667,-3.824840784073,0.619999885559,0.827705562115,-0.158686548471,0.127320483327,-0.522983431816
991,991,1413393935.555760383606,1413393935.555760383606,2,1,1,0,0,0,293,2,0,0,-1,1204,318,318,0,619,0.514119601329,318,2.016350615243,3.616220002408,2.195870017822,5.544025157233,0.750000000000,0,6935,60,0.000341039471,0.049999952316,1,9.266266000000,0.137441000000,-0.122122049332,-3.844787836075,0.621267318726,0.830703794956,-0.137279510498,0.119627408683,-0.526093959808
992,992,1413393935.605760574341,1413393935.605760574341,2,1,1,0,0,0,293,2,0,0,-1,1203,560,560,0,580,0.482128013300,560,0.676987111397,3.061977298811,1.193099200825,4.182142857143,0.916666666667,1,7844,70,0.000255452615,0.050000190735,1,8.370811000000,0.104447000000,-0.103779137135,-3.861522197723,0.624277591705,0.833130836487,-0.115156613290,0.115703009069,-0.528436124325
993,993,1413393935.655760288239,1413393935.655760288239,2,1,1,0,0,0,293,2,0,0,-1,1207,390,390,0,586,0.485501242751,390,1.701980518612,3.681940917475,1.960418458454,5.643589743590,0.895833333333,0,7772,69,0.000118856151,0.049999713898,1,9.590587000000,0.125586000000,-0.085736274719,-3.874524831772,0.628498554230,0.835726857185,-0.095424510539,0.113155014813,-0.528820276260
994,994,1413393935.705760478973,1413393935.705760478973,2,1,1,0,0,0,294,2,0,0,-1,1208,424,424,0,592,0.490066225166,424,1.474102828813,3.145180033046,1.735483265875,5.558962264151,0.833333333333,0,6482,56,nan,nan,0,8.361541000000,0.089266000000,-0.071016013622,-3.887020111084,0.626667499542,0.836629986763,-0.075370706618,0.115122988820,-0.530204057693
995,995,1413393935.755760431290,1413393935.755760431290,2,1,1,0,0,0,294,2,0,0,-1,1207,403,403,0,602,0.498757249379,403,1.341118238375,3.395232544574,1.695686752316,5.657568238213,0.875000000000,0,6134,53,0.000110484354,0.049999952316,1,8.294226000000,0.895402000000,-0.055444657803,-3.893697023392,0.631083011627,0.837342381477,-0.056806050241,0.117716118693,-0.530823707581
996,996,1413393935.805760622025,1413393935.805760622025,2,1,1,0,0,0,294,2,0,0,-1,1206,384,384,0,565,0.468490878939,384,1.528721202427,3.719776891579,1.874296506041,5.486979166667,0.770833333333,0,6326,56,0.000119962497,0.050000190735,1,8.261592000000,0.111737000000,-0.042609512806,-3.896865844727,0.635702133179,0.836937010288,-0.037509426475,0.122251786292,-0.532150447369
997,997,1413393935.855760335922,1413393935.855760335922,2,1,1,0,0,0,294,2,0,0,-1,1206,358,358,0,580,0.480928689884,358,1.605143692823,3.503906601785,1.928655263030,5.594972067039,0.791666666667,0,6052,49,0.000208725673,0.049999713898,1,9.159251000000,0.112804000000,-0.033727049828,-3.896474361420,0.641034603119,0.835642099380,-0.018502473831,0.125964462757,-0.534315288067
998,998,1413393935.905760526657,1413393935.905760526657,2,1,1,0,0,0,294,2,0,0,-1,1205,365,365,0,582,0.482987551867,365,1.622016683653,3.598790606368,1.931197936951,5.786301369863,0.729166666667,0,5688,50,0.000149679749,0.050000190735,1,7.950386000000,0.108557000000,-0.029983699322,-3.892828464508,0.647076129913,0.834429264069,-0.003263134975,0.124247804284,-0.536916851997
999,999,1413393935.955760478973,1413393935.955760478973,2,1,1,0,0,0,294,2,0,0,-1,1204,513,513,0,574,0.476744186047,513,0.648627590129,3.274863448263,1.244345291939,4.302144249513,0.812500000000,1,5314,49,0.000105357911,0.049999952316,1,8.212584000000,0.109002000000,-0.032587707043,-3.886034488678,0.654395103455,0.833917260170,0.003467303701,0.109829738736,-0.540839612484
1000,1000,1413393936.005760431290,1413393936.005760431290,2,1,1,0,0,0,294,2,0,0,-1,1205,346,346,0,601,0.498755186722,346,1.798292834811,3.834404278969,2.095502343932,6.627167630058,0.791666666667,0,5306,47,0.000150168024,0.049999952316,1,8.460076000000,1.821021000000,-0.040836513042,-3.876427650452,0.663094520569,0.833213746548,0.006872646511,0.088346287608,-0.545804619789
1001,1001,1413393936.055760383606,1413393936.055760383606,2,1,1,0,0,0,295,2,0,0,-1,1205,367,367,0,588,0.487966804979,367,1.723108036471,3.874177313362,2.125013813988,6.602179836512,0.791666666667,0,6097,53,nan,nan,0,7.656851000000,0.100501000000,-0.056244075298,-3.858522891998,0.673470973969,0.832725584507,0.011063383892,0.066085934639,-0.549616634846
1002,1002,1413393936.105760574341,1413393936.105760574341,2,1,1,0,0,0,295,2,0,0,-1,1208,605,605,0,656,0.543046357616,605,0.300091501046,3.201003824557,1.078824193416,4.317355371901,0.875000000000,1,5757,54,0.000199782546,0.050000190735,1,7.817217000000,0.108934000000,-0.071867242455,-3.845193624496,0.683163642883,0.831145763397,0.016086479649,0.041270677000,-0.554287552834
1003,1003,1413393936.155760288239,1413393936.155760288239,2,1,1,0,0,0,295,2,0,0,-1,1203,372,372,0,673,0.559434746467,372,1.977099710806,4.181433401559,2.210695347295,6.220430107527,0.854166666667,0,6254,53,0.000190758685,0.049999713898,1,9.415832000000,0.116779000000,-0.089762061834,-3.830236434937,0.693397521973,0.829169094563,0.022230334580,0.015769002959,-0.558333098888
1004,1004,1413393936.205760478973,1413393936.205760478973,2,1,1,0,0,0,296,2,0,0,-1,1205,355,355,0,655,0.543568464730,355,1.966211766307,4.068588510870,2.307513565595,5.932394366197,0.708333333333,0,6387,49,nan,nan,0,7.538485000000,0.085991000000,-0.108903355896,-3.814082622528,0.707771301270,0.828106760979,0.029060726985,-0.011323285289,-0.559702157974
1005,1005,1413393936.255760431290,1413393936.255760431290,2,1,1,0,0,0,296,2,0,0,-1,1204,364,364,0,665,0.552325581395,364,1.963455460118,4.523127344055,2.390200393836,6.131868131868,0.750000000000,0,5665,42,0.000136810442,0.049999952316,1,7.754185000000,0.119300000000,-0.127984046936,-3.796438932419,0.718699932098,0.826636552811,0.038535546511,-0.036140929908,-0.560250759125
1006,1006,1413393936.305760622025,1413393936.305760622025,2,1,1,0,0,0,296,2,0,0,-1,1206,616,616,0,699,0.579601990050,616,0.481097893744,3.196453729657,1.200187023646,4.329545454545,0.875000000000,1,5866,47,0.000089620735,0.050000190735,1,7.794152000000,0.114556000000,-0.146508872509,-3.776994705200,0.730001449585,0.825526356697,0.049755703658,-0.059624008834,-0.558995306492
1007,1007,1413393936.355760335922,1413393936.355760335922,2,1,1,0,0,0,296,2,0,0,-1,1205,363,363,0,640,0.531120331950,363,2.079557341093,3.988013109695,2.289034975889,6.625344352617,0.708333333333,0,5208,40,0.000079875885,0.049999713898,1,7.888018000000,0.132027000000,-0.163960695267,-3.756460428238,0.740737915039,0.824106693268,0.063547290862,-0.081234104931,-0.556965887547
1008,1008,1413393936.405760526657,1413393936.405760526657,2,1,1,0,0,0,297,2,0,0,-1,1203,393,393,0,669,0.556109725686,393,1.774610855955,3.681229195113,2.142908554409,6.488549618321,0.791666666667,0,5998,48,nan,nan,0,6.840374000000,0.120217000000,-0.178021073341,-3.733253479004,0.751480579376,0.822042524815,0.079243198037,-0.100142978132,-0.554921686649
1009,1009,1413393936.455760478973,1413393936.455760478973,2,1,1,0,0,0,297,2,0,0,-1,1204,599,599,0,646,0.536544850498,599,0.915499775789,3.439750507179,1.387024808977,4.757929883139,0.854166666667,1,5260,40,0.000092352631,0.049999952316,1,7.466921000000,0.112664000000,-0.191698729992,-3.709790706635,0.762144088745,0.819174170494,0.096954017878,-0.115887768567,-0.553284406662
1010,1010,1413393936.505760431290,1413393936.505760431290,2,1,1,0,0,0,297,2,0,0,-1,1204,340,340,0,600,0.498338870432,340,1.732546016778,3.930930225237,2.077626872395,7.270588235294,0.875000000000,0,5672,44,0.000111561872,0.049999952316,1,8.236592000000,0.102200000000,-0.203346014023,-3.684488058090,0.773262500763,0.813381671906,0.118025735021,-0.127306565642,-0.555223643780
1011,1011,1413393936.555760383606,1413393936.555760383606,2,1,1,0,0,0,298,2,0,0,-1,1200,572,572,0,606,0.505000000000,572,0.814817509186,3.284993381093,1.228375316321,5.216783216783,0.833333333333,1,5414,40,nan,nan,0,6.456813000000,0.104355000000,-0.213634490967,-3.660866260529,0.785854339600,0.806025445461,0.139493465424,-0.136924460530,-0.558673799038
1012,1012,1413393936.605760574341,1413393936.605760574341,2,1,1,0,0,0,298,2,0,0,-1,1206,364,364,0,598,0.495854063018,364,1.698546497183,4.039884691705,2.062845415939,7.961538461538,0.791666666667,0,5032,38,0.000124307247,0.050000190735,1,7.130363000000,0.123832000000,-0.221777081490,-3.632756710052,0.797714471817,-0.796900629997,-0.159572154284,0.146447196603,0.563949882984
1013,1013,1413393936.655760288239,1413393936.655760288239,2,1,1,0,0,0,299,2,0,0,-1,1200,461,461,0,400,0.333333333333,461,0.943128703355,3.570391284342,1.296900123861,5.412147505423,0.750000000000,1,5180,38,nan,nan,0,6.345208000000,0.102420000000,-0.228980541229,-3.602949380875,0.811482667923,-0.786500513554,-0.177929192781,0.156311750412,0.570372581482
1014,1014,1413393936.705760478973,1413393936.705760478973,2,1,1,0,0,0,299,2,0,0,-1,1203,328,328,0,659,0.547797173732,328,1.615374416647,4.197289745397,2.057228677361,7.817073170732,0.666666666667,0,5108,38,0.000095348798,0.050000190735,1,8.262271000000,0.115201000000,-0.234606266022,-3.573875427246,0.824517488480,-0.775950312614,-0.194383859634,0.166065141559,0.576661467552
1015,1015,1413393936.755760431290,1413393936.755760431290,2,1,1,0,0,0,300,2,0,0,-1,1203,308,308,0,642,0.533665835411,308,1.599439317445,3.895291760334,2.017679941806,7.857142857143,0.729166666667,0,5057,37,nan,nan,0,6.022108000000,0.096215000000,-0.238604784012,-3.546333789825,0.836364269257,-0.766614437103,-0.209622249007,0.175735220313,0.580928623676
1016,1016,1413393936.805760622025,1413393936.805760622025,2,1,1,0,0,0,300,2,0,0,-1,1204,543,543,0,590,0.490033222591,543,0.275035458769,2.979109870450,1.036443246297,5.289134438306,0.833333333333,1,4585,35,0.000107406588,0.050000190735,1,6.306055000000,0.137690000000,-0.241443276405,-3.518727779388,0.849582910538,-0.758289873600,-0.224498838186,0.184770748019,0.583486616611
1017,1017,1413393936.855760335922,1413393936.855760335922,2,1,1,0,0,0,300,2,0,0,-1,1203,325,325,0,577,0.479634247714,325,1.468927881272,3.878279395821,1.939557343113,8.061538461538,0.770833333333,0,4672,36,0.000134914430,0.049999713898,1,6.867240000000,0.103235000000,-0.242834925652,-3.492587804794,0.863087892532,-0.750356256962,-0.239569917321,0.193676710129,0.584859967232
1018,1018,1413393936.905760526657,1413393936.905760526657,2,1,1,0,0,0,301,2,0,0,-1,1202,321,321,0,570,0.474209650582,321,1.640944199221,4.171949930765,2.008302094833,7.467289719626,0.750000000000,0,4615,35,nan,nan,0,5.543335000000,0.089954000000,-0.242222785950,-3.472404479980,0.878895759583,-0.741769433022,-0.255023747683,0.201577186584,0.586606979370
1019,1019,1413393936.955760478973,1413393936.955760478973,2,1,1,0,0,0,301,2,0,0,-1,1202,553,553,0,616,0.512479201331,553,0.326728394926,3.251089173806,1.112362777152,5.197106690778,0.750000000000,1,4740,36,0.000171857959,0.049999952316,1,6.405514000000,0.108803000000,-0.240460515022,-3.449971914291,0.893384933472,-0.733862698078,-0.271217644215,0.210075914860,0.586306095123
1020,1020,1413393937.005760431290,1413393937.005760431290,2,1,1,0,0,0,301,2,0,0,-1,1204,345,345,0,584,0.485049833887,345,1.587776902175,3.764299733368,1.964546338559,8.046376811594,0.729166666667,0,4687,36,0.000152420645,0.049999952316,1,7.019483000000,0.116817000000,-0.237345814705,-3.429791688919,0.908696889877,-0.724267125130,-0.288578450680,0.217332497239,0.587304294109
1021,1021,1413393937.055760383606,1413393937.055760383606,2,1,1,0,0,0,302,2,0,0,-1,1202,348,348,0,625,0.519966722130,348,1.556058064158,3.705396573651,1.879382327028,7.931034482759,0.645833333333,0,4674,36,nan,nan,0,6.162859000000,0.093038000000,-0.234447002411,-3.413096427917,0.924505233765,-0.715129613876,-0.306070894003,0.224742621183,0.586857020855
1022,1022,1413393937.105760574341,1413393937.105760574341,2,1,1,0,0,0,302,2,0,0,-1,1205,547,547,0,593,0.492116182573,547,0.736003228561,3.365684720582,1.180022471027,5.330895795247,0.729166666667,1,4677,36,0.000131829089,0.050000190735,1,6.084319000000,0.098225000000,-0.228688955307,-3.398851156235,0.941126585007,-0.706242740154,-0.323038607836,0.233295038342,0.585184335709
1023,1023,1413393937.155760288239,1413393937.155760288239,2,1,1,0,0,0,302,2,0,0,-1,1200,343,343,0,593,0.494166666667,343,1.646986233542,3.798017206207,1.948817282518,8.932944606414,0.750000000000,0,4726,37,0.000167028760,0.049999713898,1,7.230924000000,0.096835000000,-0.221498608589,-3.387734174728,0.958580255508,-0.697838246822,-0.338716983795,0.242783889174,0.582536399364
1024,1024,1413393937.205760478973,1413393937.205760478973,2,1,1,0,0,0,303,2,0,0,-1,1202,339,339,0,637,0.529950083195,339,1.583162974649,3.314773428808,1.911359441016,7.631268436578,0.708333333333,0,4516,35,nan,nan,0,8.109096000000,0.103960000000,-0.215484499931,-3.381105422974,0.974779129028,-0.689089238644,-0.353853940964,0.252763569355,0.579701662064
1025,1025,1413393937.255760431290,1413393937.255760431290,2,1,1,0,0,0,303,2,0,0,-1,1201,577,577,0,614,0.511240632806,577,0.442795929003,3.100282951666,1.118564550065,4.954939341421,0.791666666667,1,4516,35,0.000161488570,0.049999952316,1,5.962335000000,0.101508000000,-0.205636024475,-3.376468896866,0.993533849716,-0.681322991848,-0.368065774441,0.262484580278,0.575698316097
1026,1026,1413393937.305760622025,1413393937.305760622025,2,1,1,0,0,0,303,2,0,0,-1,1202,382,382,0,636,0.529118136439,382,1.673828769888,3.907625664594,1.984800770147,7.743455497382,0.708333333333,0,4588,36,0.000158359631,0.050000190735,1,7.458146000000,0.117574000000,-0.194436550140,-3.374968528748,1.013397932053,-0.674162089825,-0.380842864513,0.272809296846,0.570998549461
1027,1027,1413393937.355760335922,1413393937.355760335922,2,1,1,0,0,0,304,2,0,0,-1,1203,389,389,0,605,0.502909393184,389,1.559223703840,3.469418943752,1.883197737273,7.735218508997,0.729166666667,0,4415,34,nan,nan,0,5.742096000000,0.195414000000,-0.185166716576,-3.375789642334,1.036469936371,-0.668461561203,-0.393120944500,0.281146436930,0.565306782722
1028,1028,1413393937.405760526657,1413393937.405760526657,2,1,1,0,0,0,304,2,0,0,-1,1201,369,369,0,596,0.496253122398,369,1.657971760346,3.855300114864,2.022022798966,8.059620596206,0.708333333333,0,4415,34,0.000161267410,0.050000190735,1,7.466890000000,0.087938000000,-0.171067595482,-3.379355669022,1.057482719421,-0.663811802864,-0.403062880039,0.288438409567,0.560087203979
1029,1029,1413393937.455760478973,1413393937.455760478973,2,1,1,0,0,0,304,2,0,0,-1,1202,371,371,0,664,0.552412645591,371,1.782285767708,3.711672082775,2.026037850695,8.202156334232,0.666666666667,0,4415,34,0.000139273499,0.049999952316,1,6.281294000000,0.083101000000,-0.155249595642,-3.385029315948,1.077075958252,-0.662273168564,-0.412577122450,0.292778730392,0.552679896355
1030,1030,1413393937.505760431290,1413393937.505760431290,2,1,1,0,0,0,304,2,0,0,-1,1201,352,352,0,641,0.533721898418,352,1.845576084273,4.119070535249,2.134891316761,8.488636363636,0.750000000000,0,4248,32,0.000191274128,0.049999952316,1,6.465430000000,0.155202000000,-0.138125061989,-3.392535686493,1.092770576477,-0.665623724461,-0.421329319477,0.294506937265,0.541010558605
1031,1031,1413393937.555760383606,1413393937.555760383606,2,1,1,0,0,0,304,2,0,0,-1,1200,553,553,0,593,0.494166666667,553,0.946610755784,3.362826333422,1.277094065390,5.849909584087,0.791666666667,1,4248,32,0.000203999865,0.049999952316,1,6.662112000000,0.122052000000,-0.120666265488,-3.401684045792,1.104388237000,-0.670493841171,-0.426787883043,0.297867685556,0.528739035130
1032,1032,1413393937.605760574341,1413393937.605760574341,2,1,1,0,0,0,304,2,0,0,-1,1204,413,413,0,607,0.504152823920,413,1.693980942456,3.819006671956,1.986878507148,8.198547215496,0.812500000000,0,4448,35,0.000179606592,0.050000190735,1,7.190288000000,0.158813000000,-0.103249669075,-3.411669731140,1.110511302948,-0.675033330917,-0.430736422539,0.300427466631,0.518207967281
1033,1033,1413393937.655760288239,1413393937.655760288239,2,1,1,0,0,0,305,2,0,0,-1,1206,424,424,0,578,0.479270315091,424,1.445001031257,3.672956401755,1.822221848950,7.919811320755,0.770833333333,0,4374,34,nan,nan,0,5.970383000000,0.092699000000,-0.094088315964,-3.421838283539,1.113865613937,-0.680496633053,-0.432986915112,0.303234279156,0.507440328598
1034,1034,1413393937.705760478973,1413393937.705760478973,2,1,1,0,0,0,305,2,0,0,-1,1202,418,418,0,623,0.518302828619,418,1.659541989912,3.596487365404,1.921698448959,8.023923444976,0.750000000000,0,4374,34,0.000178679649,0.050000190735,1,7.376468000000,0.092360000000,-0.076532363892,-3.432481288910,1.111537456512,-0.685676574707,-0.434769511223,0.304817825556,0.497904896736
1035,1035,1413393937.755760431290,1413393937.755760431290,2,1,1,0,0,0,305,2,0,0,-1,1202,390,390,0,592,0.492512479201,390,1.620198491767,3.698566408247,1.931406392389,8.276923076923,0.729166666667,0,4374,34,0.000234188818,0.049999952316,1,6.505039000000,0.113851000000,-0.059206247330,-3.442953586578,1.107730865479,-0.691112875938,-0.437122911215,0.304097533226,0.488683253527
1036,1036,1413393937.805760622025,1413393937.805760622025,2,1,1,0,0,0,305,2,0,0,-1,1203,391,391,0,580,0.482128013300,391,1.617858430011,3.679829226233,1.922890074535,8.135549872123,0.750000000000,0,4374,34,0.000159958014,0.050000190735,1,6.726314000000,0.111631000000,-0.042742967606,-3.452879905701,1.104741573334,-0.696445107460,-0.439028412104,0.303078711033,0.479960024357
1037,1037,1413393937.855760335922,1413393937.855760335922,2,1,1,0,0,0,305,2,0,0,-1,1205,392,392,0,552,0.458091286307,392,1.748298724004,3.744339538183,2.060295481625,7.954081632653,0.791666666667,0,4374,34,0.000151249798,0.049999713898,1,6.813855000000,0.120881000000,-0.027784109116,-3.461709499359,1.103296041489,-0.701006531715,-0.439579457045,0.302419483662,0.473183065653
1038,1038,1413393937.905760526657,1413393937.905760526657,2,1,1,0,0,0,305,2,0,0,-1,1205,358,358,0,524,0.434854771784,358,1.669805711080,3.882611428033,2.045772015497,8.217877094972,0.791666666667,0,4374,34,0.000062837258,0.050000190735,1,6.530810000000,0.081450000000,-0.014754533768,-3.469138145447,1.104030370712,-0.701672673225,-0.440524876118,0.301152855158,0.472123265266
1039,1039,1413393937.955760478973,1413393937.955760478973,2,1,1,0,0,0,305,2,0,0,-1,1205,572,572,0,554,0.459751037344,572,0.828743553508,3.138747741675,1.218755620944,6.026223776224,0.854166666667,1,4374,34,0.000044327557,0.049999952316,1,6.713053000000,0.133931000000,-0.002827644348,-3.475479125977,1.105727434158,-0.698430538177,-0.441388458014,0.299988716841,0.476841598749
1040,1040,1413393938.005760431290,1413393938.005760431290,2,1,1,0,0,0,305,2,0,0,-1,1207,432,432,0,555,0.459817729909,432,1.437549784442,3.611871238524,1.783780170081,8.476851851852,0.812500000000,0,4368,35,0.000064039006,0.049999952316,1,7.105883000000,0.134253000000,0.007243156433,-3.481251955032,1.108009576797,-0.694663226604,-0.442415803671,0.297559082508,0.482876688242
1041,1041,1413393938.055760383606,1413393938.055760383606,2,1,1,0,0,0,306,2,0,0,-1,1208,452,452,0,566,0.468543046358,452,1.445948060278,3.098210362721,1.745014503119,8.172566371681,0.812500000000,0,4289,34,nan,nan,0,6.931772000000,0.095751000000,0.013394832611,-3.486585140228,1.109805107117,-0.689232826233,-0.444642275572,0.293491810560,0.491033524275
1042,1042,1413393938.105760574341,1413393938.105760574341,2,1,1,0,0,0,306,2,0,0,-1,1204,431,431,0,573,0.475913621262,431,1.429833493960,3.308355777498,1.713838560726,7.819025522042,0.812500000000,0,4289,34,0.000224349860,0.050000190735,1,7.089176000000,0.126730000000,0.021310329437,-3.491624116898,1.113674402237,-0.681489050388,-0.448293387890,0.288927465677,0.501125454903
1043,1043,1413393938.155760288239,1413393938.155760288239,2,1,1,0,0,0,306,2,0,0,-1,1205,418,418,0,592,0.491286307054,418,1.545163828327,3.297232876528,1.765117205131,7.875598086124,0.812500000000,0,4024,32,0.000220110276,0.049999713898,1,6.421886000000,0.111201000000,0.028084874153,-3.497787714005,1.118615388870,-0.671105146408,-0.453382879496,0.284050852060,0.513202786446
1044,1044,1413393938.205760478973,1413393938.205760478973,2,1,1,0,0,0,306,2,0,0,-1,1202,400,400,0,576,0.479201331115,400,1.467568714863,3.206673134882,1.780874303003,7.985000000000,0.791666666667,0,4289,34,0.000220813003,0.050000190735,1,6.970082000000,0.090616000000,0.033819794655,-3.506309986115,1.124421834946,-0.658850014210,-0.460202068090,0.279737174511,0.525240719318
1045,1045,1413393938.255760431290,1413393938.255760431290,2,1,1,0,0,0,306,2,0,0,-1,1205,431,431,0,591,0.490456431535,431,1.395677988693,3.352970764464,1.738040344476,7.958236658933,0.708333333333,0,4060,33,0.000105649480,0.049999952316,1,6.453865000000,0.104454000000,0.038710713387,-3.518281698227,1.130984783173,-0.647638797760,-0.466636985540,0.277918338776,0.534392595291
1046,1046,1413393938.305760622025,1413393938.305760622025,2,1,1,0,0,0,306,2,0,0,-1,1204,425,425,0,606,0.503322259136,425,1.408981659603,3.593232691813,1.772154531872,8.472941176471,0.687500000000,0,4289,34,0.000113198272,0.050000190735,1,6.959943000000,0.095277000000,0.042914271355,-3.534743309021,1.138687372208,-0.639304101467,-0.471437931061,0.280557870865,0.538817167282
1047,1047,1413393938.355760335922,1413393938.355760335922,2,1,1,0,0,0,306,2,0,0,-1,1204,422,422,0,653,0.542358803987,422,1.395692689590,3.445903670968,1.738166290219,8.440758293839,0.791666666667,0,4123,32,0.000074582633,0.049999713898,1,6.646159000000,1.083930000000,0.046795368195,-3.555940628052,1.147928953171,-0.633717000484,-0.474188238382,0.289123207331,0.538475751877
1048,1048,1413393938.405760526657,1413393938.405760526657,2,1,1,0,0,0,306,2,0,0,-1,1204,412,412,0,700,0.581395348837,412,1.577443535791,3.785367941412,1.932265234678,8.643203883495,0.833333333333,0,4468,35,0.000044722015,0.050000190735,1,6.894170000000,0.092848000000,0.050500750542,-3.581350088120,1.158315420151,-0.631079316139,-0.475587010384,0.301923632622,0.533289909363
1049,1049,1413393938.455760478973,1413393938.455760478973,2,1,1,0,0,0,306,2,0,0,-1,1200,695,695,0,704,0.586666666667,695,0.495408067007,2.766144992992,1.006098790728,5.850359712230,0.750000000000,1,4468,35,0.000059556776,0.049999952316,1,7.341517000000,0.115539000000,0.054466247559,-3.610581636429,1.169822692871,-0.630468666553,-0.475374579430,0.319448381662,0.523909509182
1050,1050,1413393938.505760431290,1413393938.505760431290,2,1,1,0,0,0,306,2,0,0,-1,1202,482,482,0,678,0.564059900166,482,1.469419336384,3.580149430118,1.835188918887,9.045643153527,0.791666666667,0,4539,36,0.000051374220,0.049999952316,1,7.640869000000,0.158756000000,0.059567213058,-3.642497062683,1.181272506714,-0.629603147507,-0.477231502533,0.335472583771,0.513135671616
1051,1051,1413393938.555760383606,1413393938.555760383606,2,1,1,0,0,0,307,2,0,0,-1,1202,432,432,0,703,0.584858569052,432,1.411620922267,3.317754928922,1.778139550321,7.930555555556,0.812500000000,0,4312,33,nan,nan,0,6.204066000000,0.095105000000,0.066288948059,-3.679474830627,1.193525552750,-0.628039956093,-0.480628848076,0.349014461040,0.502743244171
1052,1052,1413393938.605760574341,1413393938.605760574341,2,1,1,0,0,0,307,2,0,0,-1,1203,397,397,0,704,0.585203657523,397,1.619694566991,3.197794906106,1.833009464870,8.002518891688,0.708333333333,0,4040,31,0.000061916107,0.050000190735,1,6.228792000000,0.094903000000,0.073265314102,-3.714548587799,1.202798366547,-0.624978423119,-0.485814034939,0.361277043819,0.492814123631
1053,1053,1413393938.655760288239,1413393938.655760288239,2,1,1,0,0,0,307,2,0,0,-1,1204,644,644,0,661,0.549003322259,644,0.599257074402,2.827938138475,1.030946799934,5.223602484472,0.687500000000,1,4040,31,0.000118990552,0.049999713898,1,6.845462000000,0.128736000000,0.081854820251,-3.750192403793,1.208969831467,-0.622105121613,-0.491753429174,0.372269690037,0.482264697552
1054,1054,1413393938.705760478973,1413393938.705760478973,2,1,1,0,0,0,307,2,0,0,-1,1202,447,447,0,654,0.544093178037,447,1.701232184046,3.551801298882,1.949505294556,7.778523489933,0.750000000000,0,3938,29,0.000137848212,0.050000190735,1,7.040165000000,0.125008000000,0.091862201691,-3.785851001740,1.211446285248,-0.619603872299,-0.498338699341,0.381291806698,0.471557199955
1055,1055,1413393938.755760431290,1413393938.755760431290,2,1,1,0,0,0,308,2,0,0,-1,1202,415,415,0,679,0.564891846922,415,1.421478789158,3.314068421795,1.731686687623,6.848192771084,0.750000000000,0,3966,29,nan,nan,0,6.516389000000,0.177581000000,0.106132745743,-3.821083307266,1.212855577469,-0.615176737309,-0.504466831684,0.390581697226,0.463159680367
1056,1056,1413393938.805760622025,1413393938.805760622025,2,1,1,0,0,0,308,2,0,0,-1,1205,408,408,0,664,0.551037344398,408,1.575204568813,3.306556361989,1.854264213991,7.080882352941,0.708333333333,0,3614,26,0.000195221204,0.050000190735,1,6.768901000000,0.092577000000,0.119760751724,-3.855943918228,1.209965944290,-0.608020007610,-0.510684370995,0.399285823107,0.458349347115
1057,1057,1413393938.855760335922,1413393938.855760335922,2,1,1,0,0,0,308,2,0,0,-1,1204,689,689,0,691,0.573920265781,689,0.587792924077,2.715114147204,1.012192857880,4.799709724238,0.687500000000,1,3501,25,0.000221101218,0.049999713898,1,6.161179000000,0.132698000000,0.134938716888,-3.890057563782,1.206018686295,-0.598553597927,-0.517776668072,0.406053304672,0.456904590130
1058,1058,1413393938.905760526657,1413393938.905760526657,2,1,1,0,0,0,308,2,0,0,-1,1204,468,468,0,658,0.546511627907,468,1.560239016868,3.541543592935,1.848532021139,6.980769230769,0.645833333333,0,3525,25,0.000258756569,0.050000190735,1,9.083161000000,0.119852000000,0.151735544205,-3.923668861389,1.202074289322,-0.589456439018,-0.525666236877,0.411634653807,0.454723030329
1059,1059,1413393938.955760478973,1413393938.955760478973,2,1,1,0,0,0,309,2,0,0,-1,1203,488,488,0,652,0.541978387365,488,1.520477544774,3.406524681851,1.813864052114,7.311475409836,0.729166666667,0,3734,27,nan,nan,0,6.068816000000,0.267300000000,0.165112733841,-3.952335834503,1.201250314713,-0.581109762192,-0.534562289715,0.415927886963,0.451174646616
1060,1060,1413393939.005760431290,1413393939.005760431290,2,1,1,0,0,0,309,2,0,0,-1,1204,468,468,0,661,0.549003322259,468,1.622172798370,3.383208571851,1.851025317947,7.495726495726,0.812500000000,0,3622,26,0.000330288109,0.049999952316,1,7.122705000000,0.096684000000,0.185130119324,-3.984845638275,1.198529720306,-0.573536157608,-0.543210446835,0.420011281967,0.446731746197
1061,1061,1413393939.055760383606,1413393939.055760383606,2,1,1,0,0,0,309,2,0,0,-1,1203,423,423,0,726,0.603491271820,423,1.638541581881,3.580334606741,1.937099572165,7.605200945626,0.791666666667,0,3622,26,0.000345796638,0.049999952316,1,6.750401000000,0.087086000000,0.206557035446,-4.016779899597,1.197583675385,-0.565187931061,-0.550570368767,0.424449384212,0.444159537554
1062,1062,1413393939.105760574341,1413393939.105760574341,2,1,1,0,0,0,309,2,0,0,-1,1202,731,731,0,803,0.668053244592,731,0.486899048459,2.883791827121,1.083863987452,4.963064295486,0.770833333333,1,3622,26,0.000222483519,0.050000190735,1,6.636550000000,0.120397000000,0.228894233704,-4.048679351807,1.200423479080,-0.552143990993,-0.552199959755,0.436174273491,0.447173625231
1063,1063,1413393939.155760288239,1413393939.155760288239,2,1,1,0,0,0,309,2,0,0,-1,1203,462,462,0,830,0.689941812136,462,1.699135503983,3.505230088142,1.952099325687,7.889610389610,0.625000000000,0,3729,27,0.000191896135,0.049999713898,1,7.296506000000,0.102642000000,0.253303050995,-4.080293655396,1.204584956169,-0.538370132446,-0.553111255169,0.448348939419,0.450786948204
1064,1064,1413393939.205760478973,1413393939.205760478973,2,1,1,0,0,0,310,2,0,0,-1,1202,436,436,0,814,0.677204658902,436,1.484436088312,3.317010725810,1.776061242676,7.270642201835,0.666666666667,0,3879,27,nan,nan,0,6.197697000000,0.085075000000,0.279514074326,-4.106025695801,1.211946606636,-0.530540704727,-0.558563053608,0.454428762197,0.447245359421
1065,1065,1413393939.255760431290,1413393939.255760431290,2,1,1,0,0,0,310,2,0,0,-1,1205,431,431,0,798,0.662240663900,431,1.519391047130,3.421177488293,1.873656941187,7.617169373550,0.666666666667,0,3879,27,0.000129147564,0.049999952316,1,6.825072000000,0.096654000000,0.310493946075,-4.136593341827,1.212916612625,-0.528413712978,-0.567993700504,0.453045785427,0.439217031002
1066,1066,1413393939.305760622025,1413393939.305760622025,2,1,1,0,0,0,310,2,0,0,-1,1200,704,704,0,816,0.680000000000,704,0.392775379180,3.028889443250,1.131702164609,4.948863636364,0.812500000000,1,3879,27,0.000139022261,0.050000190735,1,7.058142000000,0.128604000000,0.344264984131,-4.166450500488,1.212687849998,-0.531225979328,-0.579536318779,0.446767181158,0.427007853985
1067,1067,1413393939.355760335922,1413393939.355760335922,2,1,1,0,0,0,310,2,0,0,-1,1205,370,370,0,801,0.664730290456,370,1.969674032953,3.880604526778,2.212578243874,8.405405405405,0.791666666667,0,3715,27,0.000103886559,0.049999713898,1,7.092231000000,0.093233000000,0.380718946457,-4.195565700531,1.210467696190,-0.538402676582,-0.594128608704,0.434169352055,0.410646706820
1068,1068,1413393939.405760526657,1413393939.405760526657,2,1,1,0,0,0,311,2,0,0,-1,1200,683,683,0,848,0.706666666667,683,0.000210639003,3.159610414602,1.016335845681,4.464128843338,0.833333333333,1,3655,26,nan,nan,0,6.126499000000,0.119804000000,0.415570735931,-4.219931125641,1.206699967384,-0.550324082375,-0.608280301094,0.419865906239,0.388395637274
1069,1069,1413393939.455760478973,1413393939.455760478973,2,1,1,0,0,0,311,2,0,0,-1,1204,391,391,0,845,0.701827242525,391,1.850159895477,3.901511873712,2.078566664114,7.171355498721,0.645833333333,0,3683,24,0.000032956817,0.049999952316,1,7.293366000000,0.158285000000,0.452176809311,-4.248439311981,1.201061487198,-0.564460933208,-0.620547354221,0.404910564423,0.363802492619
1070,1070,1413393939.505760431290,1413393939.505760431290,2,1,1,0,0,0,312,2,0,0,-1,1202,671,671,0,810,0.673876871880,671,0.377578274104,3.141460144351,1.109551133733,4.396423248882,0.770833333333,1,3669,24,nan,nan,0,6.263574000000,0.113352000000,0.482062578201,-4.276678562164,1.189783334732,-0.579240798950,-0.629663109779,0.391048401594,0.339242815971
1071,1071,1413393939.555760383606,1413393939.555760383606,2,1,1,0,0,0,312,2,0,0,-1,1202,395,395,0,850,0.707154742097,395,1.793150778345,3.823915963655,2.065304518442,7.481012658228,0.708333333333,0,3486,23,0.000034742454,0.049999952316,1,7.361515000000,0.104891000000,0.511582851410,-4.304401397705,1.180912971497,0.592479586601,0.635934531689,-0.379448384047,-0.317134380341
1072,1072,1413393939.605760574341,1413393939.605760574341,2,1,1,0,0,0,313,2,0,0,-1,1203,670,670,0,785,0.652535328346,670,0.558559890633,3.011529818113,1.129242976028,4.579104477612,0.791666666667,1,3713,25,nan,nan,0,6.205020000000,0.124255000000,0.532505035400,-4.331298828125,1.167927503586,0.604128062725,0.640279471874,-0.368700057268,-0.298549622297
1073,1073,1413393939.655760288239,1413393939.655760288239,2,1,1,0,0,0,313,2,0,0,-1,1204,405,405,0,740,0.614617940199,405,1.857534076258,3.798472404445,2.097001385845,7.293827160494,0.791666666667,0,3764,26,0.000039429662,0.049999713898,1,7.103624000000,0.110644000000,0.549887180328,-4.356481552124,1.155762434006,0.613714873791,0.643702208996,-0.358685731888,-0.283453881741
1074,1074,1413393939.705760478973,1413393939.705760478973,2,1,1,0,0,0,314,2,0,0,-1,1202,617,617,0,665,0.553244592346,617,0.585151899314,3.226295539548,1.181827411724,4.893030794165,0.791666666667,1,3756,26,nan,nan,0,6.307967000000,0.112331000000,0.558565616608,-4.379677295685,1.142547845840,0.617218136787,0.648316860199,-0.348568141460,-0.277898013592
1075,1075,1413393939.755760431290,1413393939.755760431290,2,1,1,0,0,0,314,2,0,0,-1,1202,426,426,0,617,0.513311148087,426,1.580675878855,3.991846962742,1.963826422075,6.899061032864,0.770833333333,0,3868,27,0.000085007799,0.049999952316,1,6.826786000000,0.095515000000,0.558384895325,-4.401082992554,1.129358291626,0.615779519081,0.651137173176,-0.343122124672,-0.281252920628
1076,1076,1413393939.805760622025,1413393939.805760622025,2,1,1,0,0,0,315,2,0,0,-1,1202,461,461,0,786,0.653910149750,461,1.896219419677,3.437516075547,2.048843323384,7.188720173536,0.770833333333,0,3803,26,nan,nan,0,6.416801000000,0.090096000000,0.548142433167,-4.421915054321,1.116101026535,0.608605504036,0.649600207806,-0.346768707037,-0.295584827662
1077,1077,1413393939.855760335922,1413393939.855760335922,2,1,1,0,0,0,315,2,0,0,-1,1200,702,702,0,863,0.719166666667,702,0.000213405245,3.487613171088,1.141266798930,4.702279202279,0.791666666667,1,3803,26,0.000122918980,0.049999713898,1,6.869873000000,0.119922000000,0.528249740601,-4.441750526428,1.106036901474,0.596898078918,0.640396595001,-0.362730473280,-0.319423913956
1078,1078,1413393939.905760526657,1413393939.905760526657,2,1,1,0,0,0,315,2,0,0,-1,1201,353,353,0,863,0.718567860117,353,2.300743488883,4.623054205903,2.547735316790,8.419263456091,0.708333333333,0,3920,27,0.000113759146,0.050000190735,1,7.560674000000,0.084096000000,0.501356124878,-4.461154937744,1.099048137665,-0.582422733307,-0.623311936855,0.388344764709,0.348503172398
1079,1079,1413393939.955760478973,1413393939.955760478973,2,1,1,0,0,0,316,2,0,0,-1,1202,659,659,0,819,0.681364392679,659,0.000152587891,3.753240798043,1.255324131447,4.896813353566,0.770833333333,1,3436,22,nan,nan,0,5.908665000000,0.120977000000,0.472798824310,-4.484425067902,1.092000246048,-0.564160406590,-0.602042019367,0.417771816254,0.380440741777
1080,1080,1413393940.005760431290,1413393940.005760431290,2,1,1,0,0,0,316,2,0,0,-1,1202,410,410,0,813,0.676372712146,410,2.035439923199,4.506977015059,2.384005650862,7.641463414634,0.666666666667,0,3616,25,0.000093627423,0.049999952316,1,6.972471000000,0.092296000000,0.442613601685,-4.503427028656,1.088424682617,-0.546354949474,-0.579685449600,0.445906132460,0.408201873302
1081,1081,1413393940.055760383606,1413393940.055760383606,2,1,1,0,0,0,317,2,0,0,-1,1204,389,389,0,835,0.693521594684,389,1.990982848535,4.180807078643,2.351965247226,7.154241645244,0.708333333333,0,3528,24,nan,nan,0,5.785513000000,0.111641000000,0.417592525482,-4.523332118988,1.087636709213,-0.530307054520,-0.555970609188,0.473975539207,0.430137544870
1082,1082,1413393940.105760574341,1413393940.105760574341,2,1,1,0,0,0,317,2,0,0,-1,1202,379,379,0,827,0.688019966722,379,2.129822838397,4.284030493978,2.347491842989,7.517150395778,0.645833333333,0,3771,26,0.000060343205,0.050000190735,1,6.534942000000,0.086764000000,0.394484519958,-4.541007041931,1.085849523544,-0.516508460045,-0.535057306290,0.497338622808,0.446751534939
1083,1083,1413393940.155760288239,1413393940.155760288239,2,1,1,0,0,0,317,2,0,0,-1,1207,719,719,0,859,0.711681855841,719,0.000471851993,3.221485253013,1.091542676698,4.714881780250,0.729166666667,1,3528,24,0.000071860450,0.049999713898,1,6.251141000000,0.121604000000,0.378102302551,-4.557088851929,1.083617687225,-0.507053315639,-0.517506957054,0.516845524311,0.456020087004
1084,1084,1413393940.205760478973,1413393940.205760478973,2,1,1,0,0,0,317,2,0,0,-1,1202,425,425,0,800,0.665557404326,425,1.750525893738,3.691774636565,1.999024374966,7.329411764706,0.645833333333,0,3845,27,0.000119108809,0.050000190735,1,7.487157000000,0.110520000000,0.370442390442,-4.570701599121,1.081481575966,-0.498735100031,-0.504185795784,0.531166911125,0.463596493006
1085,1085,1413393940.255760431290,1413393940.255760431290,2,1,1,0,0,0,318,2,0,0,-1,1203,708,708,0,777,0.645885286783,708,0.754188330619,2.975072295503,1.125745101394,5.073446327684,0.791666666667,1,3587,25,nan,nan,0,6.049041000000,0.113004000000,0.372334480286,-4.581024646759,1.078809857368,-0.496241629124,-0.497936695814,0.537973523140,0.465175032616
1086,1086,1413393940.305760622025,1413393940.305760622025,2,1,1,0,0,0,318,2,0,0,-1,1203,496,496,0,887,0.737323358271,496,1.624215472463,3.436152129524,1.911698373530,8.368951612903,0.687500000000,0,3694,26,0.000164126192,0.050000190735,1,7.479075000000,0.104110000000,0.380855560303,-4.589640617371,1.073632001877,-0.501235902309,-0.502081632614,0.534383177757,0.459468632936
1087,1087,1413393940.355760335922,1413393940.355760335922,2,1,1,0,0,0,319,2,0,0,-1,1202,755,755,0,868,0.722129783694,755,0.997971756323,3.285145915123,1.351836909459,5.982781456954,0.791666666667,1,3508,24,nan,nan,0,7.911638000000,0.137913000000,0.398353099823,-4.595505237579,1.068211317062,-0.511990547180,-0.516610383987,0.519209086895,0.448777616024
1088,1088,1413393940.405760526657,1413393940.405760526657,2,1,1,0,0,0,319,2,0,0,-1,1205,481,481,0,901,0.747717842324,481,1.910311363266,4.215315187674,2.213489802260,10.006237006237,0.666666666667,0,3523,25,0.000149790299,0.050000190735,1,8.638774000000,0.288666000000,0.423235893250,-4.598224639893,1.061437129974,-0.526127338409,-0.535855829716,0.497249662876,0.434501349926
1089,1089,1413393940.455760478973,1413393940.455760478973,2,1,1,0,0,0,320,2,0,0,-1,1202,703,703,0,845,0.702995008319,703,0.737128776129,3.704912294146,1.361740649287,5.623044096728,0.708333333333,1,3443,24,nan,nan,0,6.701881000000,0.160807000000,0.453132152557,-4.598551750183,1.057878017426,-0.543904423714,-0.556235313416,0.472073107958,0.414629012346
1090,1090,1413393940.505760431290,1413393940.505760431290,2,1,1,0,0,0,320,2,0,0,-1,1203,406,406,0,821,0.682460515378,406,2.155340765697,4.599996960389,2.479230491176,9.815270935961,0.645833333333,0,3461,25,0.000116514573,0.049999952316,1,7.819254000000,0.095113000000,0.487091541290,-4.597091674805,1.050754070282,-0.564282417297,-0.577645421028,0.443401664495,0.388980865479
1091,1091,1413393940.555760383606,1413393940.555760383606,2,1,1,0,0,0,321,2,0,0,-1,1202,727,727,0,848,0.705490848586,727,0.399430646529,3.452313097134,1.222079095199,5.430536451169,0.708333333333,1,3385,24,nan,nan,0,6.545021000000,0.130525000000,0.520406723022,-4.596293926239,1.047129869461,-0.584654808044,-0.594346880913,0.417960733175,0.360886931419
1092,1092,1413393940.605760574341,1413393940.605760574341,2,1,1,0,0,0,321,2,0,0,-1,1204,445,445,0,870,0.722591362126,445,1.925864526407,3.825051101256,2.146219119095,9.008988764045,0.708333333333,0,3493,25,0.000186282516,0.050000190735,1,7.749765000000,0.105795000000,0.552439689636,-4.592738628387,1.044500350952,-0.602836489677,-0.604686796665,0.398316711187,0.335091024637
1093,1093,1413393940.655760288239,1413393940.655760288239,2,1,1,0,0,0,322,2,0,0,-1,1202,675,675,0,761,0.633111480865,675,0.572412974954,3.207942711110,1.194138977597,5.078518518519,0.750000000000,1,3342,23,nan,nan,0,5.916008000000,0.111858000000,0.579994201660,-4.587370872498,1.046255588531,0.617231786251,0.610067844391,-0.384442746639,-0.314715594053
1094,1094,1413393940.705760478973,1413393940.705760478973,2,1,1,0,0,0,322,2,0,0,-1,1203,426,426,0,731,0.607647547797,426,1.832392769785,3.852050429806,2.101622415022,7.931924882629,0.791666666667,0,3460,24,0.000138447867,0.050000190735,1,7.207698000000,1.653738000000,0.599942684174,-4.580182075500,1.048815011978,0.629490613937,0.610965073109,-0.376652598381,-0.297651052475
1095,1095,1413393940.755760431290,1413393940.755760431290,2,1,1,0,0,0,323,2,0,0,-1,1204,638,638,0,646,0.536544850498,638,0.661379337740,3.418087516625,1.247456535395,5.343260188088,0.833333333333,1,3245,23,nan,nan,0,5.913445000000,0.111256000000,0.605809211731,-4.572167396545,1.050681352615,0.640945374966,0.607135713100,-0.374610245228,-0.283271104097
1096,1096,1413393940.805760622025,1413393940.805760622025,2,1,1,0,0,0,323,2,0,0,-1,1201,424,424,0,617,0.513738551207,424,1.763831171084,4.015496116872,2.081889714886,8.518867924528,0.770833333333,0,3933,29,0.000213540596,0.050000190735,1,7.526268000000,0.105354000000,0.608309268951,-4.558949947357,1.057956218719,0.646380484104,0.601227521896,-0.377965152264,-0.279034495354
1097,1097,1413393940.855760335922,1413393940.855760335922,2,1,1,0,0,0,324,2,0,0,-1,1200,458,458,0,840,0.700000000000,458,1.710068473072,3.592856871326,1.993001585498,8.028384279476,0.750000000000,0,3853,28,nan,nan,0,7.379116000000,0.139319000000,0.598450183868,-4.542376041412,1.073783636093,0.642233014107,0.594974577427,-0.385758787394,-0.291088134050
1098,1098,1413393940.905760526657,1413393940.905760526657,2,1,1,0,0,0,324,2,0,0,-1,1202,766,766,0,841,0.699667221298,766,0.739308122750,3.045303252488,1.185751366796,5.622715404700,0.770833333333,1,3853,28,0.000185669574,0.050000190735,1,7.079828000000,0.133776000000,0.584674835205,-4.520207405090,1.085107803345,0.630842089653,0.590195477009,-0.394493401051,-0.313181281090
1099,1099,1413393940.955760478973,1413393940.955760478973,2,1,1,0,0,0,324,2,0,0,-1,1200,455,455,0,866,0.721666666667,455,1.966743162032,3.625186553269,2.072288301976,9.426373626374,0.812500000000,0,3898,29,0.000135075315,0.049999952316,1,8.840782000000,0.103472000000,0.565388202667,-4.495304107666,1.097992420197,-0.615890860558,-0.583197057247,0.407051771879,0.338922649622
1100,1100,1413393941.005760431290,1413393941.005760431290,2,1,1,0,0,0,325,2,0,0,-1,1203,416,416,0,870,0.723192019950,416,1.867307697952,4.072606524225,2.185574101039,8.824519230769,0.750000000000,0,3561,26,nan,nan,0,6.737718000000,0.983127000000,0.539099216461,-4.466147422791,1.113967657089,-0.598009526730,-0.573469400406,0.422816604376,0.367074549198
1101,1101,1413393941.055760383606,1413393941.055760383606,2,1,1,0,0,0,325,2,0,0,-1,1203,744,744,0,887,0.737323358271,744,0.395002370122,3.366935140698,1.208995068652,5.767473118280,0.812500000000,1,3392,24,0.000105344334,0.049999952316,1,6.502537000000,0.130323000000,0.514291286469,-4.437181472778,1.130249261856,-0.579641938210,-0.559199571609,0.442908912897,0.393881648779
1102,1102,1413393941.105760574341,1413393941.105760574341,2,1,1,0,0,0,325,2,0,0,-1,1201,456,456,0,868,0.722731057452,456,1.676687309190,3.579441138395,1.960124213054,9.447368421053,0.729166666667,0,3795,29,0.000110635650,0.050000190735,1,7.323988000000,0.121341000000,0.490259647369,-4.406804084778,1.147184133530,-0.560573160648,-0.545232295990,0.461559325457,0.418858528137
1103,1103,1413393941.155760288239,1413393941.155760288239,2,1,1,0,0,0,326,2,0,0,-1,1202,457,457,0,865,0.719633943428,457,1.685708052895,3.493941859658,1.990517661897,9.107221006565,0.708333333333,0,3742,28,nan,nan,0,6.499879000000,0.080380000000,0.470271348953,-4.375226020813,1.167900800705,-0.544102966785,-0.532693386078,0.477918446064,0.437931180000
1104,1104,1413393941.205760478973,1413393941.205760478973,2,1,1,0,0,0,326,2,0,0,-1,1202,738,738,0,824,0.685524126456,738,0.599796513480,2.790647838825,1.031740644536,6.384823848238,0.687500000000,1,3742,28,0.000089101406,0.050000190735,1,6.741581000000,0.126655000000,0.453671455383,-4.342712402344,1.184302330017,-0.530695855618,-0.522859573364,0.490532368422,0.452059656382
1105,1105,1413393941.255760431290,1413393941.255760431290,2,1,1,0,0,0,326,2,0,0,-1,1203,428,428,0,773,0.642560266002,428,1.704113010682,3.709690879081,1.989547847827,10.915887850467,0.666666666667,0,3797,29,0.000228531979,0.049999952316,1,7.508259000000,0.104130000000,0.442630052567,-4.309099674225,1.198874473572,-0.523048579693,-0.519150555134,0.496189177036,0.459019958973
1106,1106,1413393941.305760622025,1413393941.305760622025,2,1,1,0,0,0,327,2,0,0,-1,1204,725,725,0,772,0.641196013289,725,0.848403645116,3.085990903719,1.204295095794,7.347586206897,0.708333333333,1,3786,29,nan,nan,0,7.034886000000,0.116581000000,0.440091609955,-4.273368835449,1.207594633102,-0.524017095566,-0.525174677372,0.491818100214,0.455755084753
1107,1107,1413393941.355760335922,1413393941.355760335922,2,1,1,0,0,0,327,2,0,0,-1,1204,479,479,0,797,0.661960132890,479,1.621149232501,3.414063715680,1.888036705245,11.233820459290,0.729166666667,0,3918,32,0.000231081111,0.049999713898,1,7.677957000000,0.108721000000,0.441661357880,-4.237864494324,1.217540740967,-0.531041622162,-0.536666274071,0.481484144926,0.445148527622
1108,1108,1413393941.405760526657,1413393941.405760526657,2,1,1,0,0,0,328,2,0,0,-1,1203,459,459,0,796,0.661679135495,459,1.634800923102,3.526316032874,1.957902734077,10.562091503268,0.750000000000,0,4100,32,nan,nan,0,7.011899000000,0.099569000000,0.451629161835,-4.200903892517,1.222184658051,-0.541619718075,-0.551528930664,0.466603159904,0.429820299149
1109,1109,1413393941.455760478973,1413393941.455760478973,2,1,1,0,0,0,328,2,0,0,-1,1201,697,697,0,789,0.656952539550,697,0.813062742478,2.962004508496,1.194232687217,6.958393113343,0.833333333333,1,3721,29,0.000133621375,0.049999952316,1,7.063874000000,0.117356000000,0.461787939072,-4.164179801941,1.230317354202,-0.553614377975,-0.567266285419,0.449421256781,0.411996036768
1110,1110,1413393941.505760431290,1413393941.505760431290,2,1,1,0,0,0,328,2,0,0,-1,1203,424,424,0,797,0.662510390690,424,1.982173850589,3.661118377785,2.071895180175,11.301886792453,0.770833333333,0,4149,33,0.000219148395,0.049999952316,1,7.619157000000,0.132833000000,0.473948717117,-4.126596927643,1.237839698792,-0.566376030445,-0.584419369698,0.428961217403,0.392000794411
1111,1111,1413393941.555760383606,1413393941.555760383606,2,1,1,0,0,0,329,2,0,0,-1,1201,654,654,0,730,0.607826810991,654,0.881750789075,3.119223366017,1.286142776734,7.162079510703,0.854166666667,1,3728,29,nan,nan,0,6.747459000000,0.117239000000,0.482752323151,-4.087150573730,1.244195461273,-0.577750325203,-0.599828898907,0.409349948168,0.372615784407
1112,1112,1413393941.605760574341,1413393941.605760574341,2,1,1,0,0,0,329,2,0,0,-1,1203,433,433,0,725,0.602660016625,433,1.877396361774,3.559952398636,2.079695537201,11.367205542725,0.791666666667,0,4158,33,0.000262432586,0.050000190735,1,7.918004000000,0.110945000000,0.492639303207,-4.048792839050,1.253535747528,-0.587486267090,-0.612686634064,0.391686677933,0.355044573545
1113,1113,1413393941.655760288239,1413393941.655760288239,2,1,1,0,0,0,330,2,0,0,-1,1203,682,682,0,696,0.578553615960,682,0.837419040573,2.883245875264,1.149209856604,7.346041055718,0.791666666667,1,4237,34,nan,nan,0,6.736153000000,0.124163000000,0.499773502350,-4.010164737701,1.258419275284,-0.594274759293,-0.622308552265,0.377834051847,0.341776132584
1114,1114,1413393941.705760478973,1413393941.705760478973,2,1,1,0,0,0,330,2,0,0,-1,1204,467,467,0,693,0.575581395349,467,1.765991238888,3.660725824829,2.030032557081,10.847965738758,0.770833333333,0,4335,35,0.000240140114,0.050000190735,1,7.875806000000,0.131499000000,0.500858068466,-3.971352100372,1.268337249756,0.600268423557,0.628885447979,-0.366151541471,-0.331834346056
1115,1115,1413393941.755760431290,1413393941.755760431290,2,1,1,0,0,0,331,2,0,0,-1,1203,419,419,0,650,0.540315876974,419,1.575264568249,3.211999952982,1.799990957958,10.484486873508,0.791666666667,0,3911,31,nan,nan,0,6.240235000000,0.102721000000,0.498266935349,-3.934220075607,1.271554946899,0.605563342571,0.633291363716,-0.355459690094,-0.325397640467
1116,1116,1413393941.805760622025,1413393941.805760622025,2,1,1,0,0,0,331,2,0,0,-1,1208,669,669,0,646,0.534768211921,669,0.786501086793,3.068802201237,1.144161214339,7.125560538117,0.791666666667,1,4050,32,0.000166990212,0.050000190735,1,6.959744000000,0.107424000000,0.487973690033,-3.895364284515,1.277217626572,0.609079301357,0.636115491390,-0.347265064716,-0.322159111500
1117,1117,1413393941.855760335922,1413393941.855760335922,2,1,1,0,0,0,331,2,0,0,-1,1206,425,425,0,679,0.563018242123,425,1.712886185026,3.370868437704,1.950717610180,10.755294117647,0.750000000000,0,4454,36,0.000223863375,0.049999713898,1,8.320837000000,0.099949000000,0.470268964767,-3.856877803802,1.281873226166,0.609546780586,0.634812772274,-0.345722764730,-0.325486183167
1118,1118,1413393941.905760526657,1413393941.905760526657,2,1,1,0,0,0,332,2,0,0,-1,1204,672,672,0,745,0.618770764120,672,0.702682928654,2.980567013919,1.142759641619,7.011904761905,0.729166666667,1,4410,35,nan,nan,0,6.411710000000,0.118871000000,0.446980714798,-3.817419528961,1.283494472504,0.605129957199,0.627722144127,-0.354956358671,-0.337325811386
1119,1119,1413393941.955760478973,1413393941.955760478973,2,1,1,0,0,0,332,2,0,0,-1,1201,385,385,0,726,0.604496253122,385,1.976452730169,4.137780708558,2.208043183695,11.329870129870,0.812500000000,0,4483,36,0.000046079542,0.049999952316,1,7.757130000000,0.092946000000,0.415700674057,-3.779986381531,1.288199424744,-0.597948968410,-0.617528617382,0.368491828442,0.354018747807
1120,1120,1413393942.005760431290,1413393942.005760431290,2,1,1,0,0,0,333,2,0,0,-1,1202,715,715,0,811,0.674708818636,715,0.000287598829,3.225073210121,1.106599519512,6.696503496503,0.854166666667,1,4413,35,nan,nan,0,6.885298000000,0.121953000000,0.380343437195,-3.742610931396,1.294989109039,-0.587680637836,-0.603794038296,0.386991828680,0.374568670988
1121,1121,1413393942.055760383606,1413393942.055760383606,2,1,1,0,0,0,333,2,0,0,-1,1202,346,346,0,891,0.741264559068,346,2.176766486683,4.137640104453,2.344836355031,11.861271676301,0.770833333333,0,4229,34,0.000051667852,0.049999952316,1,8.713105000000,0.103994000000,0.341297626495,-3.706120491028,1.302366137505,-0.574222326279,-0.586802482605,0.408651143312,0.398667544127
1122,1122,1413393942.105760574341,1413393942.105760574341,2,1,1,0,0,0,334,2,0,0,-1,1200,742,742,0,881,0.734166666667,742,0.000177946530,2.899548407455,0.996693105829,6.199460916442,0.645833333333,1,4183,33,nan,nan,0,6.339109000000,0.146408000000,0.302489280701,-3.667756319046,1.309823393822,-0.559826433659,-0.569504261017,0.429009437561,0.422149509192
1123,1123,1413393942.155760288239,1413393942.155760288239,2,1,1,0,0,0,334,2,0,0,-1,1201,434,434,0,893,0.743547044130,434,1.835451290691,3.535019813474,2.045065413034,11.384792626728,0.604166666667,0,4210,34,0.000060960978,0.049999713898,1,7.456780000000,0.104050000000,0.265226840973,-3.631831645966,1.317695260048,-0.546160399914,-0.553487837315,0.446424305439,0.442792803049
1124,1124,1413393942.205760478973,1413393942.205760478973,2,1,1,0,0,0,335,2,0,0,-1,1200,397,397,0,889,0.740833333333,397,1.857954739112,3.481604494504,2.095490516054,11.574307304786,0.625000000000,0,4135,33,nan,nan,0,6.389369000000,0.083922000000,0.231667518616,-3.594211816788,1.326328158379,-0.533783197403,-0.539729893208,0.460474133492,0.460142076015
1125,1125,1413393942.255760431290,1413393942.255760431290,2,1,1,0,0,0,335,2,0,0,-1,1200,735,735,0,879,0.732500000000,735,0.000068239379,2.682076353418,0.878552237534,6.810884353741,0.645833333333,1,4135,33,0.000092385395,0.049999952316,1,6.623507000000,0.119350000000,0.202804803848,-3.558849811554,1.333686351776,-0.524696648121,-0.530942261219,0.468181520700,0.472863405943
1126,1126,1413393942.305760622025,1413393942.305760622025,2,1,1,0,0,0,335,2,0,0,-1,1182,415,415,0,810,0.685279187817,415,1.528505454565,3.422394336335,1.761978231708,11.069879518072,0.604166666667,0,3953,32,0.000222775838,0.050000190735,1,7.851354000000,0.126212000000,0.179793357849,-3.524060010910,1.341502189636,-0.518831372261,-0.524353444576,0.473786443472,0.481034338474
1127,1127,1413393942.355760335922,1413393942.355760335922,2,1,1,0,0,0,336,2,0,0,-1,1172,396,396,0,816,0.696245733788,396,1.583024382590,3.264101893018,1.806355236078,10.103535353535,0.583333333333,0,3860,31,nan,nan,0,5.945383000000,0.088005000000,0.169512033463,-3.488216638565,1.344748854637,-0.515980362892,-0.521824955940,0.475409775972,0.485230445862
1128,1128,1413393942.405760526657,1413393942.405760526657,2,1,1,0,0,0,336,2,0,0,-1,1172,735,735,0,793,0.676621160410,735,0.304643996202,2.650889721665,0.924974909524,6.429931972789,0.666666666667,1,3860,31,0.000149714688,0.050000190735,1,6.381277000000,0.117919000000,0.160503864288,-3.454549789429,1.351863265038,-0.517618298531,-0.524585068226,0.471632927656,0.484194487333
1129,1129,1413393942.455760478973,1413393942.455760478973,2,1,1,0,0,0,336,2,0,0,-1,1185,411,411,0,862,0.727426160338,411,1.635362845603,3.288593875038,1.861451354873,11.790754257908,0.562500000000,0,3532,29,0.000205494405,0.049999952316,1,7.202419000000,0.091321000000,0.158151388168,-3.421671152115,1.358474016190,-0.523951888084,-0.531697750092,0.462870836258,0.478040248156
1130,1130,1413393942.505760431290,1413393942.505760431290,2,1,1,0,0,0,337,2,0,0,-1,1200,450,450,0,874,0.728333333333,450,1.652248869594,3.563587680209,1.920203300601,11.697777777778,0.604166666667,0,3525,29,nan,nan,0,6.859876000000,0.092455000000,0.167917728424,-3.388281822205,1.362577676773,-0.531962871552,-0.541742920876,0.451388388872,0.468805640936
1131,1131,1413393942.555760383606,1413393942.555760383606,2,1,1,0,0,0,337,2,0,0,-1,1201,702,702,0,848,0.706078268110,702,0.793831662010,3.125799454169,1.228317779628,7.947293447293,0.604166666667,1,3905,32,0.000049007576,0.049999952316,1,7.327684000000,0.114770000000,0.176429986954,-3.357294082642,1.368314862251,-0.543279767036,-0.554898142815,0.435840755701,0.454948395491
1132,1132,1413393942.605760574341,1413393942.605760574341,2,1,1,0,0,0,337,2,0,0,-1,1201,390,390,0,872,0.726061615321,390,1.951028963944,3.819764727790,2.138367991295,12.056410256410,0.583333333333,0,3960,33,0.000127553649,0.050000190735,1,7.856410000000,0.126692000000,0.188379764557,-3.327083587646,1.372377038002,-0.557194530964,-0.569373607635,0.417369306087,0.437208086252
1133,1133,1413393942.655760288239,1413393942.655760288239,2,1,1,0,0,0,338,2,0,0,-1,1201,428,428,0,789,0.656952539550,428,1.770309756555,3.647951678987,2.036879781558,10.901869158879,0.604166666667,0,3492,29,nan,nan,0,6.432743000000,0.094035000000,0.204611539841,-3.299201011658,1.373312950134,-0.570977330208,-0.582551777363,0.399666070938,0.418193101883
1134,1134,1413393942.705760478973,1413393942.705760478973,2,1,1,0,0,0,338,2,0,0,-1,1202,648,648,0,720,0.599001663894,648,0.779224318498,2.978124975655,1.151846975406,7.270061728395,0.750000000000,1,3784,31,0.000144800317,0.050000190735,1,7.971312000000,0.112708000000,0.218661069870,-3.271169185638,1.374669432640,-0.582187116146,-0.594996452332,0.382176160812,0.401221513748
1135,1135,1413393942.755760431290,1413393942.755760431290,2,1,1,0,0,0,338,2,0,0,-1,1203,400,400,0,649,0.539484621779,400,1.920470847805,3.678576042444,2.154546942301,11.327500000000,0.791666666667,0,3806,32,0.000234515581,0.049999952316,1,7.472535000000,0.088646000000,0.230387449265,-3.244263648987,1.375344395638,-0.591806709766,-0.604741930962,0.367798566818,0.385715216398
1136,1136,1413393942.805760622025,1413393942.805760622025,2,1,1,0,0,0,339,2,0,0,-1,1203,382,382,0,602,0.500415627598,382,1.786330502557,3.770777361745,2.048686590667,10.541884816754,0.729166666667,0,4067,34,nan,nan,0,6.253305000000,0.085607000000,0.238311767578,-3.217620849609,1.370841026306,-0.598398625851,-0.613404273987,0.355180829763,0.373498320580
1137,1137,1413393942.855760335922,1413393942.855760335922,2,1,1,0,0,0,339,2,0,0,-1,1201,553,553,0,575,0.478767693589,553,0.934988347395,3.127948360150,1.245030900312,7.352622061483,0.791666666667,1,4245,36,0.000216796587,0.049999713898,1,6.760362000000,0.120071000000,0.242811918259,-3.192325353622,1.366879940033,0.603200197220,0.619541347027,-0.345994532108,-0.364150822163
1138,1138,1413393942.905760526657,1413393942.905760526657,2,1,1,0,0,0,339,2,0,0,-1,1204,367,367,0,589,0.489202657807,367,1.862770397670,3.820257480873,2.145016792738,10.792915531335,0.770833333333,0,4094,34,0.000281394896,0.050000190735,1,7.334649000000,0.104296000000,0.242944955826,-3.167912960052,1.360508322716,0.606537103653,0.624528586864,-0.338733643293,-0.356842190027
1139,1139,1413393942.955760478973,1413393942.955760478973,2,1,1,0,0,0,340,2,0,0,-1,1203,354,354,0,571,0.474646716542,354,1.605292274225,3.455304995189,1.940444438340,10.740112994350,0.812500000000,0,4344,37,nan,nan,0,6.766584000000,0.081743000000,0.242655515671,-3.143667936325,1.349144816399,0.608951568604,0.627251744270,-0.335038036108,-0.351401090622
1140,1140,1413393943.005760431290,1413393943.005760431290,2,1,1,0,0,0,340,2,0,0,-1,1205,356,356,0,571,0.473858921162,356,1.871229208870,3.794755303170,2.146209544888,10.387640449438,0.812500000000,0,4166,35,0.000026690479,0.049999952316,1,6.451274000000,0.077057000000,0.231825828552,-3.120795249939,1.339714407921,0.607551038265,0.627319574356,-0.336227327585,-0.352566540241
1141,1141,1413393943.055760383606,1413393943.055760383606,2,1,1,0,0,0,340,2,0,0,-1,1203,360,360,0,645,0.536159600998,360,1.818394493845,4.195502630965,2.177816804798,11.250000000000,0.770833333333,0,4166,35,0.000027903801,0.049999952316,1,7.292273000000,0.104370000000,0.213859796524,-3.099070787430,1.331524372101,0.600432097912,0.621403992176,-0.348270475864,-0.363381564617
1142,1142,1413393943.105760574341,1413393943.105760574341,2,1,1,0,0,0,340,2,0,0,-1,1203,670,670,0,771,0.640897755611,670,0.000096505056,3.378217383701,1.158811015613,6.658208955224,0.791666666667,1,4166,35,0.000065652406,0.050000190735,1,6.965357000000,0.195761000000,0.190259456635,-3.078356266022,1.324978470802,-0.589286804199,-0.612192511559,0.365031898022,0.380411773920
1143,1143,1413393943.155760288239,1413393943.155760288239,2,1,1,0,0,0,340,2,0,0,-1,1200,364,364,0,770,0.641666666667,364,1.972486462905,3.934929322896,2.186215309400,11.568681318681,0.770833333333,0,3983,34,0.000093307637,0.049999713898,1,7.412890000000,0.095652000000,0.162901639938,-3.058969736099,1.320483684540,-0.575908303261,-0.598642170429,0.386958956718,0.400274842978
1144,1144,1413393943.205760478973,1413393943.205760478973,2,1,1,0,0,0,341,2,0,0,-1,1204,369,369,0,794,0.659468438538,369,1.904395360112,3.753481996195,2.118178465460,11.520325203252,0.750000000000,0,3923,33,nan,nan,0,6.198656000000,0.089097000000,0.127705812454,-3.044104576111,1.312853455544,-0.561102569103,-0.584767758846,0.408201813698,0.420216560364
1145,1145,1413393943.255760431290,1413393943.255760431290,2,1,1,0,0,0,341,2,0,0,-1,1200,384,384,0,843,0.702500000000,384,1.777395051952,3.612920560678,2.019766370492,11.789062500000,0.625000000000,0,3923,33,0.000146898514,0.049999952316,1,6.787784000000,0.094112000000,0.099374771118,-3.026768207550,1.309491395950,-0.546280384064,-0.570441961288,0.427453458309,0.439837813377
1146,1146,1413393943.305760622025,1413393943.305760622025,2,1,1,0,0,0,341,2,0,0,-1,1206,367,367,0,848,0.703150912106,367,1.919761457465,3.643244714759,2.132346152296,12.038147138965,0.645833333333,0,3835,32,0.000191488027,0.050000190735,1,6.534611000000,0.107585000000,0.073465347290,-3.010455846786,1.306200504303,-0.535007357597,-0.556817710400,0.444548636675,0.453979820013
1147,1147,1413393943.355760335922,1413393943.355760335922,2,1,1,0,0,0,341,2,0,0,-1,1197,783,783,0,855,0.714285714286,783,0.000082171094,2.859544419112,0.928626100179,6.536398467433,0.666666666667,1,3543,30,0.000193478612,0.049999713898,1,7.041328000000,1.372280000000,0.051448106766,-2.995079517365,1.303709387779,-0.523693978786,-0.544728159904,0.459973931313,0.466304481030
1148,1148,1413393943.405760526657,1413393943.405760526657,2,1,1,0,0,0,341,2,0,0,-1,1162,368,368,0,827,0.711703958692,368,1.625647016713,3.270404476103,1.787802295415,11.730978260870,0.583333333333,0,4003,34,0.000161830336,0.050000190735,1,7.415025000000,0.096745000000,0.034695386887,-2.980264902115,1.300974845886,-0.516325652599,-0.535127222538,0.470900058746,0.474657714367
1149,1149,1413393943.455760478973,1413393943.455760478973,2,1,1,0,0,0,342,2,0,0,-1,1145,748,748,0,775,0.676855895197,748,0.000195407844,2.489131596356,0.867692186430,6.691176470588,0.708333333333,1,3995,34,nan,nan,0,6.300466000000,0.144830000000,0.023226022720,-2.966643571854,1.302975535393,-0.511627435684,-0.529526948929,0.477246195078,0.479661107063
1150,1150,1413393943.505760431290,1413393943.505760431290,2,1,1,0,0,0,342,2,0,0,-1,1154,445,445,0,835,0.723570190641,445,1.465750610656,3.003544513777,1.690263778337,11.946067415730,0.645833333333,0,4052,35,0.000024476651,0.049999952316,1,7.880574000000,0.123423000000,0.017385005951,-2.952856779099,1.298900246620,-0.513522207737,-0.531949579716,0.474126607180,0.478046596050
1151,1151,1413393943.555760383606,1413393943.555760383606,2,1,1,0,0,0,343,2,0,0,-1,1198,454,454,0,860,0.717863105175,454,1.506977705392,3.036846968260,1.704848420779,12.112334801762,0.583333333333,0,4040,35,nan,nan,0,6.947189000000,0.099290000000,0.019951343536,-2.939583301544,1.292225837708,-0.522730648518,-0.541923701763,0.461162447929,0.469468414783
1152,1152,1413393943.605760574341,1413393943.605760574341,2,1,1,0,0,0,343,2,0,0,-1,1200,711,711,0,858,0.715000000000,711,0.722256080560,3.104216405878,1.191815229180,8.192686357243,0.666666666667,1,4040,35,0.000152967448,0.050000190735,1,7.427795000000,0.135252000000,0.026429653168,-2.926500320435,1.285543203354,-0.532975852489,-0.553536772728,0.446154445410,0.458780914545
1153,1153,1413393943.655760288239,1413393943.655760288239,2,1,1,0,0,0,343,2,0,0,-1,1201,410,410,0,869,0.723563696919,410,1.933705081808,3.788322227641,2.120398691113,13.014634146341,0.625000000000,0,4069,36,0.000191721309,0.049999713898,1,8.539149000000,0.092470000000,0.036919355392,-2.914294242859,1.277950406075,-0.546722054482,-0.568297266960,0.426764339209,0.442725092173
1154,1154,1413393943.705760478973,1413393943.705760478973,2,1,1,0,0,0,344,2,0,0,-1,1202,407,407,0,794,0.660565723794,407,1.833716345763,3.791669540509,2.055613997002,12.690417690418,0.666666666667,0,3976,36,nan,nan,0,6.597382000000,0.081183000000,0.045014858246,-2.903565883636,1.274836778641,-0.560663998127,-0.582409620285,0.406444191933,0.425744086504
1155,1155,1413393943.755760431290,1413393943.755760431290,2,1,1,0,0,0,344,2,0,0,-1,1200,656,656,0,714,0.595000000000,656,0.861732866221,3.204061923833,1.209308880909,8.512195121951,0.729166666667,1,3976,35,0.000141855606,0.049999952316,1,7.387800000000,0.108579000000,0.057439565659,-2.893574953079,1.269474267960,-0.574063718319,-0.594332695007,0.388152688742,0.408114016056
1156,1156,1413393943.805760622025,1413393943.805760622025,2,1,1,0,0,0,344,2,0,0,-1,1202,400,400,0,689,0.573211314476,400,1.739819924886,3.616310580748,1.999922636862,13.427500000000,0.708333333333,0,3969,36,0.000165624573,0.050000190735,1,8.033464000000,0.099125000000,0.068398475647,-2.884558677673,1.265156865120,-0.585629224777,-0.604624748230,0.370816141367,0.392381012440
1157,1157,1413393943.855760335922,1413393943.855760335922,2,1,1,0,0,0,345,2,0,0,-1,1202,583,583,0,553,0.460066555740,583,0.976374347204,3.152589642311,1.266064279528,8.728987993139,0.750000000000,1,4185,38,nan,nan,0,7.117681000000,0.115146000000,0.074654340744,-2.876545429230,1.266222834587,-0.595206618309,-0.610460221767,0.356708914042,0.381872087717
1158,1158,1413393943.905760526657,1413393943.905760526657,2,1,1,0,0,0,345,2,0,0,-1,1205,326,326,0,533,0.442323651452,326,1.750475741343,4.172965957120,2.079915028968,13.125766871166,0.750000000000,0,4237,39,0.000020352609,0.050000190735,1,6.466417000000,0.080488000000,0.077348709106,-2.868900537491,1.266087770462,-0.603845298290,-0.611991345882,0.346203178167,0.375474244356
1159,1159,1413393943.955760478973,1413393943.955760478973,2,1,1,0,0,0,346,2,0,0,-1,1202,556,556,0,550,0.457570715474,556,0.578757379398,2.959448271480,1.133841396616,7.931654676259,0.812500000000,1,3924,35,nan,nan,0,6.139841000000,0.102616000000,0.071039676666,-2.861743927002,1.268655657768,-0.609176874161,-0.610474050045,0.339191973209,0.375731199980
1160,1160,1413393944.005760431290,1413393944.005760431290,2,1,1,0,0,0,346,2,0,0,-1,1208,369,369,0,610,0.504966887417,369,1.633341652454,3.665734478035,2.006506125553,12.555555555556,0.770833333333,0,4256,39,0.000093194401,0.049999952316,1,7.230349000000,0.083941000000,0.060421943665,-2.855535984039,1.274816274643,-0.612394630909,-0.601837038994,0.341445773840,0.382334828377
1161,1161,1413393944.055760383606,1413393944.055760383606,2,1,1,0,0,0,347,2,0,0,-1,1201,340,340,0,657,0.547044129892,340,1.813087875942,3.570475812485,2.074943393639,13.311764705882,0.750000000000,0,4201,38,nan,nan,0,6.020122000000,0.073438000000,0.044435262680,-2.850564956665,1.279136061668,-0.613579332829,-0.588984668255,0.348562240601,0.393855243921
1162,1162,1413393944.105760574341,1413393944.105760574341,2,1,1,0,0,0,347,2,0,0,-1,1201,643,643,0,690,0.574521232306,643,0.283320378646,2.599947808024,0.997223455284,7.828926905132,0.833333333333,1,4201,38,0.000050528615,0.050000190735,1,6.656818000000,0.152784000000,0.024917364120,-2.845753192902,1.287639021873,-0.614846348763,-0.572154462337,0.360291332006,0.405947715044
1163,1163,1413393944.155760288239,1413393944.155760288239,2,1,1,0,0,0,347,2,0,0,-1,1202,427,427,0,771,0.641430948419,427,1.754917634336,3.545804619249,1.970640815067,12.922716627635,0.729166666667,0,4275,39,0.000080938087,0.049999713898,1,7.796264000000,0.107097000000,0.002942323685,-2.841065645218,1.297628760338,-0.616373598576,-0.551411926746,0.375730633736,0.418156743050
1164,1164,1413393944.205760478973,1413393944.205760478973,2,1,1,0,0,0,348,2,0,0,-1,1200,369,369,0,802,0.668333333333,369,1.903405146276,4.053011769691,2.219626364286,13.287262872629,0.645833333333,0,4271,39,nan,nan,0,7.258026000000,0.081184000000,-0.018003940582,-2.836146831512,1.310117602348,-0.616981863976,-0.529068887234,0.391697049141,0.431269019842
1165,1165,1413393944.255760431290,1413393944.255760431290,2,1,1,0,0,0,348,2,0,0,-1,1201,366,366,0,817,0.680266444629,366,1.855852150860,3.636559723004,2.038298064081,13.806010928962,0.750000000000,0,4044,37,0.000045739183,0.049999952316,1,6.442019000000,0.071570000000,-0.040412902832,-2.829647779465,1.321754813194,-0.614677608013,-0.507539093494,0.405653744936,0.447236716747
1166,1166,1413393944.305760622025,1413393944.305760622025,2,1,1,0,0,0,348,2,0,0,-1,1195,757,757,0,849,0.710460251046,757,0.000068239379,2.832722964556,0.911276319160,7.347424042272,0.708333333333,1,4044,37,0.000062178646,0.050000190735,1,7.280451000000,0.151279000000,-0.060837745667,-2.821805953979,1.333539605141,-0.611865520477,-0.486765921116,0.417452692986,0.463047295809
1167,1167,1413393944.355760335922,1413393944.355760335922,2,1,1,0,0,0,348,2,0,0,-1,1187,378,378,0,822,0.692502106150,378,1.728880301249,3.504750175740,1.927344726370,12.759259259259,0.687500000000,0,4043,38,0.000078376295,0.049999713898,1,6.716566000000,0.100297000000,-0.078309774399,-2.812526226044,1.344380855560,-0.608817398548,-0.468708902597,0.424966603518,0.478598833084
1168,1168,1413393944.405760526657,1413393944.405760526657,2,1,1,0,0,0,349,2,0,0,-1,1167,786,786,0,840,0.719794344473,786,0.000068239379,2.384387566539,0.819735330055,6.642493638677,0.666666666667,1,4035,38,nan,nan,0,5.811145000000,0.167335000000,-0.087513685226,-2.805195569992,1.356689333916,-0.606379210949,-0.455042213202,0.427089571953,0.492783218622
1169,1169,1413393944.455760478973,1413393944.455760478973,2,1,1,0,0,0,349,2,0,0,-1,1194,446,446,0,841,0.704355108878,446,1.444354611564,3.131305635474,1.724237125674,10.874439461883,0.645833333333,0,4142,39,0.000053954151,0.049999952316,1,8.253033000000,0.109117000000,-0.095836639404,-2.794629335403,1.366041660309,-0.606895685196,-0.444607257843,0.427294462919,0.501419544220
1170,1170,1413393944.505760431290,1413393944.505760431290,2,1,1,0,0,0,350,2,0,0,-1,1180,402,402,0,749,0.634745762712,402,1.564740953298,3.196735022986,1.836781821005,11.012437810945,0.645833333333,0,4081,38,nan,nan,0,5.875878000000,0.103432000000,-0.099815487862,-2.781679391861,1.375013947487,-0.609108805656,-0.442425996065,0.418534487486,0.508010506630
1171,1171,1413393944.555760383606,1413393944.555760383606,2,1,1,0,0,0,350,2,0,0,-1,1182,793,793,0,840,0.710659898477,793,0.000076293945,2.616481419937,0.853348178612,6.315258511980,0.562500000000,1,4304,40,0.000143499783,0.049999952316,1,6.713154000000,0.132630000000,-0.097269773483,-2.770379304886,1.380370855331,-0.616131842136,-0.447751492262,0.402381032705,0.507926881313
1172,1172,1413393944.605760574341,1413393944.605760574341,2,1,1,0,0,0,350,2,0,0,-1,1187,411,411,0,824,0.694187026116,411,1.842799556531,3.684992697039,2.023297977801,11.564476885645,0.583333333333,0,4565,42,0.000087468012,0.050000190735,1,8.100879000000,0.122025000000,-0.090227961540,-2.759214162827,1.384493112564,-0.626102745533,-0.457038849592,0.381874293089,0.503272175789
1173,1173,1413393944.655760288239,1413393944.655760288239,2,1,1,0,0,0,351,2,0,0,-1,1187,719,719,0,802,0.675652906487,719,0.574920032249,2.949328260586,1.078675400772,7.237830319889,0.687500000000,1,4671,43,nan,nan,0,6.755197000000,0.120547000000,-0.078793525696,-2.752421855927,1.388979673386,-0.639124810696,-0.467227369547,0.361364930868,0.492578506470
1174,1174,1413393944.705760478973,1413393944.705760478973,2,1,1,0,0,0,351,2,0,0,-1,1191,438,438,0,777,0.652392947103,438,1.720013948074,3.632666074997,1.961116383853,12.792237442922,0.729166666667,0,4850,46,0.000051245355,0.050000190735,1,8.642875000000,0.125341000000,-0.066157937050,-2.743406295776,1.392786264420,-0.653023481369,-0.478049695492,0.341190695763,0.478139877319
1175,1175,1413393944.755760431290,1413393944.755760431290,2,1,1,0,0,0,352,2,0,0,-1,1198,421,421,0,786,0.656093489149,421,1.703624521122,3.282151236119,1.884069841850,11.437054631829,0.625000000000,0,4764,44,nan,nan,0,5.888303000000,0.082495000000,-0.051012635231,-2.736615896225,1.401003479958,-0.665800690651,-0.487343221903,0.322883337736,0.463629573584
1176,1176,1413393944.805760622025,1413393944.805760622025,2,1,1,0,0,0,352,2,0,0,-1,1204,671,671,0,708,0.588039867110,671,0.728986290369,3.056972684970,1.154721877762,7.271236959762,0.812500000000,1,4596,42,0.000072751849,0.050000190735,1,7.385308000000,0.138499000000,-0.039584875107,-2.728875637054,1.407347440720,-0.677222490311,-0.494651883841,0.308114469051,0.449171215296
1177,1177,1413393944.855760335922,1413393944.855760335922,2,1,1,0,0,0,352,2,0,0,-1,1202,401,401,0,696,0.579034941764,401,1.736395789771,3.663765049438,1.924665595781,11.281795511222,0.708333333333,0,4790,45,0.000112615671,0.049999713898,1,7.710800000000,0.112536000000,-0.030855894089,-2.720967531204,1.415063500404,-0.686242580414,-0.500106871128,0.296146929264,0.437334388494
1178,1178,1413393944.905760526657,1413393944.905760526657,2,1,1,0,0,0,353,2,0,0,-1,1205,601,601,0,634,0.526141078838,601,0.703074148776,3.202597935748,1.168344433105,6.705490848586,0.812500000000,1,4708,44,nan,nan,0,6.895671000000,0.107062000000,-0.029399752617,-2.712932348251,1.425046682358,-0.693530857563,-0.503767311573,0.286831825972,0.427739441395
1179,1179,1413393944.955760478973,1413393944.955760478973,2,1,1,0,0,0,353,2,0,0,-1,1201,352,352,0,541,0.450457951707,352,1.590590724776,3.494873108453,1.865410750217,11.471590909091,0.770833333333,0,4772,45,0.000066234228,0.049999952316,1,6.968820000000,0.091950000000,-0.029453873634,-2.703583955765,1.435992479324,0.699581027031,0.504678189754,-0.281424939632,-0.420340776443
1180,1180,1413393945.005760431290,1413393945.005760431290,2,1,1,0,0,0,354,2,0,0,-1,1206,416,416,0,623,0.516583747927,416,1.601489697902,3.865874372052,1.947856362632,10.108173076923,0.812500000000,0,4762,45,nan,nan,0,6.247935000000,0.106862000000,-0.036502122879,-2.692831993103,1.447415828705,0.702047705650,0.502261400223,-0.279908001423,-0.420135796070
1181,1181,1413393945.055760383606,1413393945.055760383606,2,1,1,0,0,0,354,2,0,0,-1,1203,368,368,0,746,0.620116375727,368,1.873900825876,3.939983970892,2.181328712807,11.260869565217,0.750000000000,0,4762,45,0.000093808885,0.049999952316,1,6.671703000000,0.087702000000,-0.048343181610,-2.680153608322,1.462975740433,-0.698186993599,-0.495428055525,0.284554392099,0.431410253048
1182,1182,1413393945.105760574341,1413393945.105760574341,2,1,1,0,0,0,354,2,0,0,-1,1200,709,709,0,810,0.675000000000,709,0.000082171094,2.837072700067,0.838295850725,5.905500705219,0.750000000000,1,4762,45,0.000056069461,0.050000190735,1,6.643724000000,0.129424000000,-0.064771294594,-2.666141986847,1.479140162468,-0.689629137516,-0.484379917383,0.293727368116,0.451123088598
1183,1183,1413393945.155760288239,1413393945.155760288239,2,1,1,0,0,0,354,2,0,0,-1,1193,355,355,0,815,0.683151718357,355,1.983096410183,4.158215748897,2.270519879485,10.870422535211,0.625000000000,0,4862,46,0.000025519017,0.049999713898,1,6.865280000000,0.102821000000,-0.083770513535,-2.651377916336,1.494368433952,-0.678679406643,-0.469798296690,0.304961472750,0.475060433149
1184,1184,1413393945.205760478973,1413393945.205760478973,2,1,1,0,0,0,355,2,0,0,-1,1155,738,738,0,803,0.695238095238,738,0.000082171094,2.918352929990,0.911284858420,5.269647696477,0.625000000000,1,4742,44,nan,nan,0,5.766523000000,0.135566000000,-0.102240681648,-2.640814781189,1.509321451187,-0.665843248367,-0.452835917473,0.316221535206,0.501593887806
1185,1185,1413393945.255760431290,1413393945.255760431290,2,1,1,0,0,0,355,2,0,0,-1,1079,337,337,0,705,0.653382761816,337,1.648198537762,3.689837558137,1.968774279205,9.243323442136,0.541666666667,0,4825,45,0.000081433784,0.049999952316,1,6.874597000000,0.097918000000,-0.121159672737,-2.627159118652,1.519408226013,-0.653378665447,-0.434555679560,0.326444596052,0.526964604855
1186,1186,1413393945.305760622025,1413393945.305760622025,2,1,1,0,0,0,356,2,0,0,-1,1142,707,707,0,753,0.659369527145,707,0.000068239379,2.664177100583,0.863121550968,4.756718528996,0.604166666667,1,4537,42,nan,nan,0,5.587393000000,0.120363000000,-0.134698152542,-2.613241195679,1.526365876198,-0.643355309963,-0.417254894972,0.334000706673,0.548120260239
1187,1187,1413393945.355760335922,1413393945.355760335922,2,1,1,0,0,0,356,2,0,0,-1,1177,337,337,0,812,0.689889549703,337,1.980946946804,3.520647497651,2.126959273718,8.359050445104,0.520833333333,0,4667,43,0.000057800789,0.049999713898,1,6.977506000000,0.106148000000,-0.147342920303,-2.602714061737,1.528150558472,-0.638451218605,-0.402602970600,0.335745662451,0.563529849052
1188,1188,1413393945.405760526657,1413393945.405760526657,2,1,1,0,0,0,357,2,0,0,-1,1183,667,667,0,719,0.607776838546,667,0.000068239379,2.832672586522,0.940972418296,4.824587706147,0.750000000000,1,4295,39,nan,nan,0,5.775304000000,0.167222000000,-0.154818892479,-2.594135522842,1.524435639381,-0.639378607273,-0.390631198883,0.333325862885,0.572272896767
1189,1189,1413393945.455760478973,1413393945.455760478973,2,1,1,0,0,0,357,2,0,0,-1,1150,410,410,0,745,0.647826086957,410,1.697551458689,3.578318222144,1.947314693877,7.858536585366,0.625000000000,0,4738,43,0.000078035919,0.049999952316,1,6.932870000000,0.121716000000,-0.158984899521,-2.588426113129,1.517409920692,-0.645416080952,-0.381116777658,0.327723056078,0.575139820576
1190,1190,1413393945.505760431290,1413393945.505760431290,2,1,1,0,0,0,358,2,0,0,-1,1055,342,342,0,742,0.703317535545,342,1.753152023806,3.412183006570,1.949476157130,7.450292397661,0.562500000000,0,4462,39,nan,nan,0,5.376861000000,0.081128000000,-0.159321904182,-2.584268093109,1.505240678787,-0.658229589462,-0.373550623655,0.319657206535,0.570099115372
1191,1191,1413393945.555760383606,1413393945.555760383606,2,1,1,0,0,0,358,2,0,0,-1,1070,312,312,0,755,0.705607476636,312,1.844370331421,3.459376868940,1.970296590369,7.919871794872,0.500000000000,0,4630,41,0.000113943235,0.049999952316,1,5.931000000000,0.097755000000,-0.155415058136,-2.582993030548,1.491054415703,-0.674154996872,-0.368348211050,0.308124661446,0.561154067516
1192,1192,1413393945.605760574341,1413393945.605760574341,2,1,1,0,0,0,358,2,0,0,-1,1040,294,294,0,729,0.700961538462,294,1.765865121906,3.606210999506,2.007129885832,8.704081632653,0.541666666667,0,4630,41,0.000209403035,0.050000190735,1,5.781737000000,0.070921000000,-0.148304224014,-2.583338260651,1.476475477219,-0.689660429955,-0.364834696054,0.294168889523,0.552022516727
1193,1193,1413393945.655760288239,1413393945.655760288239,2,1,1,0,0,0,358,2,0,0,-1,1142,713,713,0,838,0.733800350263,713,0.000068239379,2.706879372446,0.840168048343,4.950911640954,0.604166666667,1,4767,42,0.000185465222,0.049999713898,1,6.478900000000,0.133025000000,-0.138132929802,-2.585126399994,1.461938142776,-0.704358160496,-0.361753523350,0.278499156237,0.543555259705
1194,1194,1413393945.705760478973,1413393945.705760478973,2,1,1,0,0,0,358,2,0,0,-1,1189,372,372,0,884,0.743481917578,372,1.517102639708,3.093780850109,1.750175671915,8.309139784946,0.604166666667,0,4967,45,0.000115051706,0.050000190735,1,6.758747000000,0.864028000000,-0.126130223274,-2.587790489197,1.447873711586,-0.719060957432,-0.359119743109,0.261740148067,0.534300029278
1195,1195,1413393945.755760431290,1413393945.755760431290,2,1,1,0,0,0,359,2,0,0,-1,1189,417,417,0,883,0.742640874685,417,1.646198082647,3.394664821072,1.879227848148,8.695443645084,0.520833333333,0,4830,44,nan,nan,0,6.304229000000,0.098537000000,-0.116587162018,-2.592092037201,1.438093423843,-0.734171748161,-0.356140673161,0.243997633457,0.524042785168
1196,1196,1413393945.805760622025,1413393945.805760622025,2,1,1,0,0,0,359,2,0,0,-1,1200,387,387,0,852,0.710000000000,387,1.662299484892,3.437554017774,1.935883724789,8.514211886305,0.562500000000,0,4959,45,0.000097381962,0.050000190735,1,6.746640000000,0.095329000000,-0.104328036308,-2.595564603806,1.424870491028,-0.748662531376,-0.352714121342,0.226694017649,0.513524115086
1197,1197,1413393945.855760335922,1413393945.855760335922,2,1,1,0,0,0,359,2,0,0,-1,1202,701,701,0,814,0.677204658902,701,0.000140679084,2.922908501451,0.945657919519,5.406562054208,0.729166666667,1,4959,45,0.000144427351,0.049999713898,1,6.768232000000,0.116845000000,-0.093702673912,-2.598565101624,1.412629842758,-0.762277662754,-0.347719520330,0.210562348366,0.503673851490
1198,1198,1413393945.905760526657,1413393945.905760526657,2,1,1,0,0,0,359,2,0,0,-1,1200,408,408,0,779,0.649166666667,408,1.709255939691,3.858130507445,2.056430109823,9.267156862745,0.666666666667,0,4963,46,0.000179948256,0.050000190735,1,7.522019000000,0.134647000000,-0.085653185844,-2.600094795227,1.402075529099,0.772337436676,0.342158347368,-0.195738643408,-0.498105376959
1199,1199,1413393945.955760478973,1413393945.955760478973,2,1,1,0,0,0,360,2,0,0,-1,1197,589,589,0,611,0.510442773601,589,0.888686094589,3.234587333265,1.271088831187,5.675721561969,0.645833333333,1,4834,44,nan,nan,0,6.525191000000,0.107282000000,-0.086921811104,-2.596797704697,1.399444818497,0.776308357716,0.331881403923,-0.188320621848,-0.501732528210
1200,1200,1413393946.005760431290,1413393946.005760431290,2,1,1,0,0,0,360,2,0,0,-1,1067,349,349,0,793,0.743205248360,349,1.937112836495,3.594489725325,2.073753961331,9.080229226361,0.604166666667,0,4906,45,0.000136667833,0.049999952316,1,7.118481000000,1.073576000000,-0.086460888386,-2.593631744385,1.395190000534,0.773629903793,0.319770455360,-0.183650508523,-0.515282690525
1201,1201,1413393946.055760383606,1413393946.055760383606,2,1,1,0,0,0,361,2,0,0,-1,1022,652,652,0,771,0.754403131115,652,0.000295313026,2.750087424221,1.028902517051,5.050613496933,0.604166666667,1,4816,43,nan,nan,0,5.753747000000,0.118164000000,-0.088421642780,-2.589006900787,1.397381544113,-0.766770720482,-0.305664449930,0.182202100754,0.534260630608
1202,1202,1413393946.105760574341,1413393946.105760574341,2,1,1,0,0,0,361,2,0,0,-1,1023,360,360,0,792,0.774193548387,360,1.729052031672,4.185257359357,2.084698875137,9.111111111111,0.520833333333,0,3982,33,0.000140695556,0.050000190735,1,8.155954000000,0.116712000000,-0.092287898064,-2.583669662476,1.396476984024,-0.757299065590,-0.290521085262,0.181787192822,0.555921733379
1203,1203,1413393946.155760288239,1413393946.155760288239,2,1,1,0,0,0,362,2,0,0,-1,1013,384,384,0,774,0.764067127345,384,1.807054226782,3.970634720627,2.111438571398,8.322916666667,0.500000000000,0,3750,28,nan,nan,0,5.380847000000,0.087008000000,-0.094427645206,-2.579619169235,1.398370027542,-0.746375381947,-0.274368464947,0.182058602571,0.578360140324
1204,1204,1413393946.205760478973,1413393946.205760478973,2,1,1,0,0,0,362,2,0,0,-1,1082,412,412,0,831,0.768022181146,412,1.644328429436,3.476394227819,1.912677355557,8.303398058252,0.520833333333,0,3850,31,0.000158313720,0.050000190735,1,6.343377000000,0.085706000000,-0.098417520523,-2.576640844345,1.398629665375,-0.735686779022,-0.257831692696,0.181308567524,0.599512338638
1205,1205,1413393946.255760431290,1413393946.255760431290,2,1,1,0,0,0,362,2,0,0,-1,1176,428,428,0,919,0.781462585034,428,1.597717491322,3.255735951627,1.857156457825,8.439252336449,0.479166666667,0,3758,28,0.000197368339,0.049999952316,1,6.877495000000,0.129701000000,-0.101128101349,-2.576427698135,1.397575616837,-0.728951513767,-0.242225021124,0.178524732590,0.614886820316
1206,1206,1413393946.305760622025,1413393946.305760622025,2,1,1,0,0,0,362,2,0,0,-1,1195,453,453,0,850,0.711297071130,453,1.726885586550,3.325746990134,1.910283847869,8.677704194260,0.541666666667,0,3825,30,0.000223208146,0.050000190735,1,6.930471000000,0.109955000000,-0.102086961269,-2.579480648041,1.394660830498,-0.728468775749,-0.228771418333,0.171817585826,0.622475445271
1207,1207,1413393946.355760335922,1413393946.355760335922,2,1,1,0,0,0,362,2,0,0,-1,1196,435,435,0,887,0.741638795987,435,1.644722151040,3.380478400486,1.873079232722,9.085057471264,0.520833333333,0,3825,30,0.000144460137,0.049999713898,1,6.508202000000,0.089094000000,-0.101510882378,-2.586494207382,1.391466021538,-0.733789682388,-0.213492125273,0.167842224240,0.622738182545
1208,1208,1413393946.405760526657,1413393946.405760526657,2,1,1,0,0,0,362,2,0,0,-1,1170,403,403,0,874,0.747008547009,403,1.705934408115,3.400144403107,1.999139725567,9.404466501241,0.520833333333,0,4071,31,0.000146806313,0.050000190735,1,6.145027000000,0.105213000000,-0.099007576704,-2.597287178040,1.386542797089,-0.745203316212,-0.199059605598,0.161374837160,0.615634202957
1209,1209,1413393946.455760478973,1413393946.455760478973,2,1,1,0,0,0,362,2,0,0,-1,1072,398,398,0,868,0.809701492537,398,1.693014126076,3.686470747760,1.988733688382,9.648241206030,0.458333333333,0,4398,33,0.000100436999,0.049999952316,1,6.639230000000,0.091782000000,-0.094919323921,-2.610603332520,1.381732225418,-0.758426964283,-0.184011176229,0.155352309346,0.605635344982
1210,1210,1413393946.505760431290,1413393946.505760431290,2,1,1,0,0,0,362,2,0,0,-1,1034,708,708,0,851,0.823017408124,708,0.364166947745,2.761723264090,0.994689074639,6.098870056497,0.562500000000,1,4276,32,0.000042653253,0.049999952316,1,6.362087000000,0.114287000000,-0.088957548141,-2.625277519226,1.376837730408,-0.772276282310,-0.170028850436,0.145523428917,0.594560861588
1211,1211,1413393946.555760383606,1413393946.555760383606,2,1,1,0,0,0,362,2,0,0,-1,1050,380,380,0,861,0.820000000000,380,1.759464240194,3.738200806533,1.980049949479,11.250000000000,0.520833333333,0,4500,36,0.000046082863,0.049999952316,1,6.949690000000,0.104575000000,-0.081170439720,-2.641137599945,1.371885538101,-0.787540078163,-0.156963527203,0.133142530918,0.580875396729
1212,1212,1413393946.605760574341,1413393946.605760574341,2,1,1,0,0,0,363,2,0,0,-1,1003,687,687,0,790,0.787637088734,687,0.334189136100,2.953944564632,1.063621242674,6.621542940320,0.562500000000,1,4102,32,nan,nan,0,5.691854000000,0.110672000000,-0.073608398438,-2.654437303543,1.370756864548,0.803251326084,0.146054774523,-0.117416709661,-0.565392434597
1213,1213,1413393946.655760288239,1413393946.655760288239,2,1,1,0,0,0,363,2,0,0,-1,1100,356,356,0,888,0.807272727273,356,1.877311101059,3.712575244590,2.060973741577,11.570224719101,0.500000000000,0,4214,32,0.000066355897,0.049999713898,1,6.506619000000,0.109732000000,-0.064182162285,-2.669197797775,1.365627527237,0.818481802940,0.135016590357,-0.099052868783,-0.549587666988
1214,1214,1413393946.705760478973,1413393946.705760478973,2,1,1,0,0,0,364,2,0,0,-1,1128,382,382,0,859,0.761524822695,382,1.751824263470,3.416121774133,1.982172344009,11.198952879581,0.541666666667,0,4247,33,nan,nan,0,6.105057000000,0.118728000000,-0.053138613701,-2.683838605881,1.360890865326,0.831687152386,0.124492615461,-0.078442186117,-0.535392343998
1215,1215,1413393946.755760431290,1413393946.755760431290,2,1,1,0,0,0,364,2,0,0,-1,1201,746,746,0,863,0.718567860117,746,0.000131152978,2.864503510713,0.956603661105,6.285522788204,0.604166666667,1,4749,39,0.000178992661,0.049999952316,1,6.708016000000,0.118138000000,-0.044082432985,-2.693397760391,1.358291387558,0.841644704342,0.113633997738,-0.057822261006,-0.524764835835
1216,1216,1413393946.805760622025,1413393946.805760622025,2,1,1,0,0,0,364,2,0,0,-1,1201,422,422,0,845,0.703580349709,422,1.723887335489,3.382847423709,1.935686779862,10.123222748815,0.645833333333,0,5262,46,0.000251927268,0.050000190735,1,7.385140000000,0.090676000000,-0.036458149552,-2.698711156845,1.358687877655,0.847054302692,0.100474238396,-0.040010448545,-0.520387411118
1217,1217,1413393946.855760335922,1413393946.855760335922,2,1,1,0,0,0,365,2,0,0,-1,1200,578,578,0,594,0.495000000000,578,1.141266746380,3.229398271205,1.390991328138,6.745674740484,0.687500000000,1,5040,42,nan,nan,0,6.610301000000,0.122500000000,-0.025694817305,-2.699974060059,1.356296300888,0.848363757133,0.086461223662,-0.025147203356,-0.521700143814
1218,1218,1413393946.905760526657,1413393946.905760526657,2,1,1,0,0,0,365,2,0,0,-1,1186,398,398,0,770,0.649241146712,398,1.919887899204,3.989549099338,2.160317801245,10.821608040201,0.645833333333,0,5061,43,0.000287534698,0.050000190735,1,8.681817000000,0.093473000000,-0.021874502301,-2.697161912918,1.361394405365,0.844045877457,0.072171323001,-0.012410067953,-0.531247556210
1219,1219,1413393946.955760478973,1413393946.955760478973,2,1,1,0,0,0,366,2,0,0,-1,1140,666,666,0,744,0.652631578947,666,0.503159593022,3.190079260332,1.225418547782,6.043543543544,0.604166666667,1,5044,43,nan,nan,0,6.242010000000,0.127958000000,-0.018799461424,-2.691090822220,1.362878322601,0.833687186241,0.057151727378,-0.002400481375,-0.549266517162
1220,1220,1413393947.005760431290,1413393947.005760431290,2,1,1,0,0,0,366,2,0,0,-1,1000,252,252,0,662,0.662000000000,252,2.165472425589,4.138378853552,2.339745222312,12.055555555556,0.500000000000,0,4966,42,0.000114661132,0.049999952316,1,7.045369000000,0.094087000000,-0.018792312592,-2.682154655457,1.370894670486,0.818096041679,0.041872501373,0.006102764979,-0.573522865772
1221,1221,1413393947.055760383606,1413393947.055760383606,2,1,1,0,0,0,367,2,0,0,-1,978,642,642,0,722,0.738241308793,642,0.000062211872,2.803641098065,0.932092440597,5.710280373832,0.520833333333,1,4864,40,nan,nan,0,5.711535000000,0.121100000000,-0.015030898154,-2.675772666931,1.375144481659,0.801754474640,0.026753123850,0.014310461469,-0.596883058548
1222,1222,1413393947.105760574341,1413393947.105760574341,2,1,1,0,0,0,367,2,0,0,-1,850,355,355,0,622,0.731764705882,355,1.659323958866,3.488705491622,1.954903444529,11.202816901408,0.437500000000,0,4949,42,0.000144168909,0.050000190735,1,6.731807000000,0.104551000000,-0.016347587109,-2.667733669281,1.377348661423,0.787014424801,0.011970975436,0.023053638637,-0.616387605667
1223,1223,1413393947.155760288239,1413393947.155760288239,2,1,1,0,0,0,368,2,0,0,-1,1011,341,341,0,745,0.736894164194,341,1.632873713108,3.483928449871,1.893806523763,10.205278592375,0.458333333333,0,4827,41,nan,nan,0,5.637559000000,0.070114000000,-0.016521088779,-2.660950899124,1.372916936874,0.776422441006,-0.003355884459,0.032014179975,-0.629390299320
1224,1224,1413393947.205760478973,1413393947.205760478973,2,1,1,0,0,0,368,2,0,0,-1,1060,339,339,0,826,0.779245283019,339,1.738258524074,3.749919343104,1.995319755283,10.218289085546,0.520833333333,0,5120,45,0.000151077606,0.050000190735,1,6.856711000000,0.108527000000,-0.019054278731,-2.657787799835,1.366032361984,0.771593749523,-0.018555443734,0.041543260217,-0.634486377239
1225,1225,1413393947.255760431290,1413393947.255760431290,2,1,1,0,0,0,368,2,0,0,-1,1101,761,761,0,809,0.734786557675,761,0.000136478758,2.636570272327,0.854882966579,5.455978975033,0.583333333333,1,5170,46,0.000140276345,0.049999952316,1,6.417317000000,0.130628000000,-0.022537946701,-2.658338069916,1.355468273163,0.769228637218,-0.033406469971,0.051250562072,-0.636038362980
1226,1226,1413393947.305760622025,1413393947.305760622025,2,1,1,0,0,0,368,2,0,0,-1,1085,411,411,0,810,0.746543778802,411,1.678776130609,3.406883146042,1.908214130490,9.768856447689,0.562500000000,0,5239,47,0.000175850670,0.050000190735,1,7.368346000000,0.103914000000,-0.026768162847,-2.662000656128,1.341566562653,0.768624782562,-0.048747874796,0.061058409512,-0.634910583496
1227,1227,1413393947.355760335922,1413393947.355760335922,2,1,1,0,0,0,369,2,0,0,-1,1105,419,419,0,803,0.726696832579,419,1.503020067035,3.305346154366,1.793025991532,9.436754176611,0.541666666667,0,5232,47,nan,nan,0,6.164120000000,0.090230000000,-0.030032441020,-2.677539110184,1.322402477264,0.767625331879,-0.064853519201,0.070368945599,-0.633714139462
1228,1228,1413393947.405760526657,1413393947.405760526657,2,1,1,0,0,0,369,2,0,0,-1,1197,375,375,0,858,0.716791979950,375,1.617261304415,3.428025777812,1.866053452792,10.245333333333,0.520833333333,0,5134,47,0.000141971628,0.050000190735,1,6.522036000000,0.070236000000,-0.036305874586,-2.687426090240,1.303266048431,0.768152296543,-0.082688696682,0.077220857143,-0.630191683769
1229,1229,1413393947.455760478973,1413393947.455760478973,2,1,1,0,0,0,369,2,0,0,-1,1201,342,342,0,784,0.652789342215,342,1.834318811325,3.364173873273,2.020934671528,11.134502923977,0.541666666667,0,5122,45,0.000082564213,0.049999952316,1,7.155842000000,0.095749000000,-0.043647259474,-2.699981212616,1.281619787216,0.771072030067,-0.104980871081,0.077936641872,-0.623179614544
1230,1230,1413393947.505760431290,1413393947.505760431290,2,1,1,0,0,0,369,2,0,0,-1,1201,614,614,0,734,0.611157368859,614,0.000185631181,2.627705486591,0.875378882519,6.224755700326,0.708333333333,1,4857,44,0.000137646726,0.049999952316,1,6.696560000000,0.131236000000,-0.051176488400,-2.714986085892,1.258679866791,0.774706423283,-0.128712162375,0.076902203262,-0.614287614822
1231,1231,1413393947.555760383606,1413393947.555760383606,2,1,1,0,0,0,369,2,0,0,-1,1203,413,413,0,679,0.564422277639,413,1.586713707839,3.230267869085,1.775454492828,10.067796610169,0.666666666667,0,5602,47,0.000166329541,0.049999952316,1,9.043287000000,0.121300000000,-0.058030396700,-2.732419490814,1.236050128937,0.777277469635,-0.152245685458,0.075731396675,-0.605744063854
1232,1232,1413393947.605760574341,1413393947.605760574341,2,1,1,0,0,0,370,2,0,0,-1,1203,348,348,0,473,0.393183707398,348,1.649967739549,3.728787281218,1.926806392046,9.117816091954,0.625000000000,0,5911,49,nan,nan,0,6.905696000000,0.094162000000,-0.060934066772,-2.760974407196,1.212953805923,0.779340803623,-0.175792425871,0.074864491820,-0.596758067608
1233,1233,1413393947.655760288239,1413393947.655760288239,2,1,1,0,0,0,370,2,0,0,-1,1200,629,629,0,673,0.560833333333,629,0.001105393694,2.949819601234,1.054052351582,5.834658187599,0.708333333333,1,5930,51,0.000185064928,0.049999713898,1,7.475583000000,0.122377000000,-0.064483582973,-2.782712936401,1.191077709198,0.782972335815,-0.198666796088,0.074952110648,-0.584694802761
1234,1234,1413393947.705760478973,1413393947.705760478973,2,1,1,0,0,0,370,2,0,0,-1,1203,399,399,0,601,0.499584372402,399,1.605534657752,3.765962991994,1.937261816838,8.458646616541,0.729166666667,0,6608,58,0.000241312388,0.050000190735,1,8.635842000000,0.099286000000,-0.064950793982,-2.805977582932,1.169148206711,0.788962602615,-0.217825487256,0.079297237098,-0.569036126137
1235,1235,1413393947.755760431290,1413393947.755760431290,2,1,1,0,0,0,371,2,0,0,-1,1203,489,489,0,512,0.425602660017,489,1.220758898033,3.524390664259,1.473361516604,6.867075664622,0.687500000000,1,5919,48,nan,nan,0,6.942565000000,0.093483000000,-0.061768352985,-2.833086967468,1.142929315567,0.795076966286,-0.232421725988,0.090695925057,-0.552817404270
1236,1236,1413393947.805760622025,1413393947.805760622025,2,1,1,0,0,0,371,2,0,0,-1,1202,348,348,0,565,0.470049916805,348,1.996295202393,3.964612549334,2.211349487433,9.841954022989,0.687500000000,0,7312,64,0.000035424400,0.050000190735,1,8.344229000000,0.109000000000,-0.054895699024,-2.857690334320,1.122572422028,0.800710320473,-0.242123842239,0.108056806028,-0.537180542946
1237,1237,1413393947.855760335922,1413393947.855760335922,2,1,1,0,0,0,372,2,0,0,-1,1204,558,558,0,586,0.486710963455,558,0.842507170085,3.156652659822,1.219813184239,6.265232974910,0.729166666667,1,7276,64,nan,nan,0,7.160258000000,0.107232000000,-0.040179848671,-2.880897045135,1.101465225220,0.803641974926,-0.248598575592,0.129038974643,-0.525078475475
1238,1238,1413393947.905760526657,1413393947.905760526657,2,1,1,0,0,0,372,2,0,0,-1,1202,412,412,0,564,0.469217970050,412,1.786988120919,3.961711266583,2.137955955791,9.067961165049,0.770833333333,0,6712,59,0.000122228652,0.050000190735,1,9.090706000000,0.102169000000,-0.026277005672,-2.902904033661,1.085746526718,0.803336620331,-0.254384487867,0.149878159165,-0.517180323601
1239,1239,1413393947.955760478973,1413393947.955760478973,2,1,1,0,0,0,373,2,0,0,-1,1202,576,576,0,599,0.498336106489,576,1.026677384717,3.209854699961,1.304841872255,6.067708333333,0.791666666667,1,7283,63,nan,nan,0,7.967404000000,0.112989000000,-0.011044740677,-2.919337749481,1.074455261230,0.799749195576,-0.259246170521,0.170136362314,-0.514048993587
1240,1240,1413393948.005760431290,1413393948.005760431290,2,1,1,0,0,0,373,2,0,0,-1,1205,392,392,0,597,0.495435684647,392,1.957965163210,3.753124105068,2.112064387002,8.107142857143,0.833333333333,0,7724,70,0.000093598232,0.049999952316,1,8.653688000000,0.084757000000,0.006665825844,-2.935661554337,1.063706159592,0.792563140392,-0.257400900126,0.196388930082,-0.516739726067
1241,1241,1413393948.055760383606,1413393948.055760383606,2,1,1,0,0,0,374,2,0,0,-1,1205,414,414,0,605,0.502074688797,414,1.589404269799,3.651276075435,1.935629214225,7.804347826087,0.854166666667,0,7517,66,nan,nan,0,8.189037000000,0.099214000000,0.025924086571,-2.947160243988,1.054228067398,0.784207224846,-0.254868507385,0.220887348056,-0.520835816860
1242,1242,1413393948.105760574341,1413393948.105760574341,2,1,1,0,0,0,374,2,0,0,-1,1204,557,557,0,553,0.459302325581,557,0.947989166340,2.986764913497,1.271397800469,5.861759425494,0.770833333333,1,7773,70,0.000048458136,0.050000190735,1,8.849610000000,0.126101000000,0.042569756508,-2.957936525345,1.045915365219,0.776070833206,-0.253956049681,0.241161465645,-0.524463176727
1243,1243,1413393948.155760288239,1413393948.155760288239,2,1,1,0,0,0,374,2,0,0,-1,1205,416,416,0,575,0.477178423237,416,1.609178468683,3.886931530087,1.975620049407,8.444711538462,0.687500000000,0,7893,72,0.000080548241,0.049999713898,1,9.226107000000,0.090981000000,0.056868314743,-2.966225624084,1.039067745209,0.767268359661,-0.256944239140,0.255010575056,-0.529385089874
1244,1244,1413393948.205760478973,1413393948.205760478973,2,1,1,0,0,0,375,2,0,0,-1,1203,369,369,0,519,0.431421446384,369,1.609606041400,3.696464573601,1.974640727574,7.791327913279,0.645833333333,0,7886,72,nan,nan,0,8.753951000000,0.079532000000,0.069173336029,-2.971295118332,1.034726619720,0.757344722748,-0.262160509825,0.264339894056,-0.536493599415
1245,1245,1413393948.255760431290,1413393948.255760431290,2,1,1,0,0,0,375,2,0,0,-1,1209,560,560,0,518,0.428453267163,560,0.888633492815,3.230722829467,1.263799841029,5.414285714286,0.708333333333,1,7806,71,0.000042828458,0.049999952316,1,8.213435000000,0.102345000000,0.077955842018,-2.975602388382,1.030377388000,0.746644556522,-0.268434047699,0.270736575127,-0.545130074024
1246,1246,1413393948.305760622025,1413393948.305760622025,2,1,1,0,0,0,375,2,0,0,-1,1208,396,396,0,529,0.437913907285,396,1.552548488631,3.818089524084,1.938434779550,8.093434343434,0.729166666667,0,7858,72,0.000089413828,0.050000190735,1,8.921353000000,0.105510000000,0.083341002464,-2.979010820389,1.027265071869,0.735121250153,-0.276591390371,0.273275822401,-0.555350661278
1247,1247,1413393948.355760335922,1413393948.355760335922,2,1,1,0,0,0,376,2,0,0,-1,1203,425,425,0,534,0.443890274314,425,1.357863212098,3.904357797720,1.858793177876,6.592941176471,0.708333333333,0,7828,72,nan,nan,0,8.104522000000,0.997441000000,0.087536811829,-2.981581211090,1.024391889572,0.722607553005,-0.284024834633,0.275917917490,-0.566601872444
1248,1248,1413393948.405760526657,1413393948.405760526657,2,1,1,0,0,0,376,2,0,0,-1,1203,373,373,0,525,0.436408977556,373,1.523491650622,3.817663361990,1.856901346568,6.852546916890,0.729166666667,0,7690,69,0.000118693373,0.050000190735,1,8.405772000000,0.116343000000,0.086750149727,-2.985990524292,1.022552490234,0.710625469685,-0.290373742580,0.280153125525,-0.576375544071
1249,1249,1413393948.455760478973,1413393948.455760478973,2,1,1,0,0,0,376,2,0,0,-1,1206,384,384,0,530,0.439469320066,384,1.461344547453,3.712579186511,1.872868900946,6.674479166667,0.708333333333,0,7386,69,0.000147091865,0.049999952316,1,8.102359000000,0.126301000000,0.082358121872,-2.991769790649,1.020633459091,0.701307177544,-0.297295510769,0.283145934343,-0.582762420177
1250,1250,1413393948.505760431290,1413393948.505760431290,2,1,1,0,0,0,376,2,0,0,-1,1206,360,360,0,524,0.434494195688,360,1.513637984634,3.711924244462,1.858213213006,6.886111111111,0.666666666667,0,7386,69,0.000108158107,0.049999952316,1,8.789274000000,0.103942000000,0.074531555176,-2.999349117279,1.018511533737,0.695222914219,-0.305026680231,0.285586953163,-0.584862291813
1251,1251,1413393948.555760383606,1413393948.555760383606,2,1,1,0,0,0,376,2,0,0,-1,1206,355,355,0,548,0.454394693201,355,1.514434316717,3.871579865646,1.950316694262,6.873239436620,0.708333333333,0,6367,53,0.000142755162,0.049999952316,1,7.890036000000,0.105192000000,0.063055038452,-3.008962869644,1.016064643860,0.694761514664,-0.315544843674,0.284010350704,-0.580582439899
1252,1252,1413393948.605760574341,1413393948.605760574341,2,1,1,0,0,0,376,2,0,0,-1,1209,341,341,0,532,0.440033085194,341,1.639823782930,4.058664953922,2.119220964512,7.134897360704,0.708333333333,0,6390,55,0.000110462024,0.050000190735,1,8.262538000000,0.124826000000,0.048852801323,-3.020567417145,1.011724233627,0.700462818146,-0.326487749815,0.282460719347,-0.568307697773
1253,1253,1413393948.655760288239,1413393948.655760288239,2,1,1,0,0,0,376,2,0,0,-1,1202,339,339,0,555,0.461730449251,339,1.751894532322,3.714197612830,2.090729605894,7.359882005900,0.666666666667,0,6343,54,0.000017565289,0.049999713898,1,7.778251000000,0.094927000000,0.033044099808,-3.033296108246,1.006678104401,0.710360586643,-0.338805496693,0.280062049627,-0.549694538116
1254,1254,1413393948.705760478973,1413393948.705760478973,2,1,1,0,0,0,376,2,0,0,-1,1203,336,336,0,597,0.496259351621,336,1.819327523940,3.940252260826,2.168043347038,7.229166666667,0.645833333333,0,6367,53,0.000034401168,0.050000190735,1,7.750259000000,0.094235000000,0.015141367912,-3.047229528427,1.002063274384,0.720347285271,-0.350855141878,0.277803540230,-0.529929935932
1255,1255,1413393948.755760431290,1413393948.755760431290,2,1,1,0,0,0,376,2,0,0,-1,1208,560,560,0,584,0.483443708609,560,0.747466263980,2.951487957597,1.197517327780,5.316071428571,0.770833333333,1,6514,55,0.000059402653,0.049999952316,1,8.187391000000,0.110055000000,-0.003777861595,-3.061617374420,0.997407197952,0.729238152504,-0.362996190786,0.276159942150,-0.510079622269
1256,1256,1413393948.805760622025,1413393948.805760622025,2,1,1,0,0,0,376,2,0,0,-1,1205,380,380,0,600,0.497925311203,380,1.551617176433,3.424693198025,1.934563451088,7.844736842105,0.770833333333,0,6734,59,0.000064334032,0.050000190735,1,8.865686000000,0.115393000000,-0.022690653801,-3.075529336929,0.993998050690,0.735985755920,-0.375676006079,0.274197548628,-0.491943389177
1257,1257,1413393948.855760335922,1413393948.855760335922,2,1,1,0,0,0,377,2,0,0,-1,1204,395,395,0,566,0.470099667774,395,1.589771813735,3.444214167866,1.923759041817,7.053164556962,0.729166666667,0,6707,57,nan,nan,0,8.787876000000,0.127505000000,-0.043010950089,-3.087313175201,0.995027542114,0.739988386631,-0.389417916536,0.271514773369,-0.476498335600
1258,1258,1413393948.905760526657,1413393948.905760526657,2,1,1,0,0,0,377,2,0,0,-1,1204,373,373,0,567,0.470930232558,373,1.631422626792,3.296393020708,1.922998931595,7.412868632708,0.687500000000,0,6268,48,0.000240776368,0.050000190735,1,7.879976000000,0.108692000000,-0.057747602463,-3.096868991852,0.995583057404,0.739991247654,-0.402200371027,0.271115571260,-0.465987294912
1259,1259,1413393948.955760478973,1413393948.955760478973,2,1,1,0,0,0,377,2,0,0,-1,1208,333,333,0,594,0.491721854305,333,1.760349208934,3.580795473115,2.023951461446,7.510510510511,0.645833333333,0,6267,49,0.000224059753,0.049999952316,1,7.811439000000,0.162533000000,-0.070390701294,-3.104884386063,0.997532844543,0.736254513264,-0.413929224014,0.273326545954,-0.460309028625
1260,1260,1413393949.005760431290,1413393949.005760431290,2,1,1,0,0,0,377,2,0,0,-1,1205,341,341,0,604,0.501244813278,341,1.592110201650,3.259728450489,1.861237569262,7.439882697947,0.604166666667,0,6307,51,0.000391024019,0.049999952316,1,7.618499000000,0.078665000000,-0.079843997955,-3.111605644226,1.000957489014,0.727011680603,-0.422858059406,0.281333923340,-0.462056577206
1261,1261,1413393949.055760383606,1413393949.055760383606,2,1,1,0,0,0,377,2,0,0,-1,1205,339,339,0,609,0.505394190871,339,1.642229982522,3.584772987175,2.035350186941,7.696165191740,0.687500000000,0,6223,49,0.000095342220,0.049999952316,1,7.767153000000,0.105329000000,-0.087046861649,-3.117074489594,1.005378484726,0.716322481632,-0.428132295609,0.294241696596,-0.465839892626
1262,1262,1413393949.105760574341,1413393949.105760574341,2,1,1,0,0,0,377,2,0,0,-1,1207,348,348,0,652,0.540182270091,348,1.528840633125,3.393906584684,1.871609623730,8.037356321839,0.645833333333,0,6291,51,0.000098846664,0.050000190735,1,7.915487000000,0.098970000000,-0.091030359268,-3.120982170105,1.011891126633,0.703308820724,-0.432688772678,0.308739274740,-0.472035229206
1263,1263,1413393949.155760288239,1413393949.155760288239,2,1,1,0,0,0,377,2,0,0,-1,1206,359,359,0,616,0.510779436153,359,1.663771131535,3.820735954596,2.057939891850,7.802228412256,0.687500000000,0,6291,51,0.000154990325,0.049999713898,1,7.969829000000,0.107872000000,-0.093964576721,-3.124144315720,1.019773244858,0.689941048622,-0.435761213303,0.324466615915,-0.478346049786
1264,1264,1413393949.205760478973,1413393949.205760478973,2,1,1,0,0,0,377,2,0,0,-1,1207,375,375,0,608,0.503728251864,375,1.558244677837,3.373581238441,1.899219851494,7.821333333333,0.666666666667,0,6265,51,0.000059371247,0.050000190735,1,8.212796000000,0.105349000000,-0.097649097443,-3.127605438232,1.028014421463,0.675758183002,-0.438790589571,0.339513987303,-0.485328733921
1265,1265,1413393949.255760431290,1413393949.255760431290,2,1,1,0,0,0,377,2,0,0,-1,1205,611,611,0,666,0.552697095436,611,0.737126626530,2.898775317833,1.116034913372,5.201309328969,0.625000000000,1,6376,53,0.000103744082,0.049999952316,1,8.776976000000,0.110233000000,-0.102203845978,-3.130572319031,1.036177635193,0.662191510201,-0.442324906588,0.352889776230,-0.491243183613
1266,1266,1413393949.305760622025,1413393949.305760622025,2,1,1,0,0,0,377,2,0,0,-1,1208,423,423,0,621,0.514072847682,423,1.399482391297,3.208638602866,1.699256112522,8.184397163121,0.687500000000,0,6431,54,0.000073679737,0.050000190735,1,9.694071000000,0.132995000000,-0.107198238373,-3.132829904556,1.045429944992,0.648067474365,-0.444274127483,0.367463052273,-0.497594147921
1267,1267,1413393949.355760335922,1413393949.355760335922,2,1,1,0,0,0,378,2,0,0,-1,1203,479,479,0,608,0.505403158770,479,1.364191840467,3.444341357206,1.745149701225,7.450939457203,0.687500000000,0,6364,53,nan,nan,0,8.903241000000,0.100802000000,-0.115851163864,-3.139431715012,1.052609443665,0.634672760963,-0.447274923325,0.379244923592,-0.503298044205
1268,1268,1413393949.405760526657,1413393949.405760526657,2,1,1,0,0,0,378,2,0,0,-1,1207,422,422,0,635,0.526097763049,422,1.346252731957,3.188325168861,1.668700302318,8.248815165877,0.729166666667,0,7389,64,0.000131352252,0.050000190735,1,9.217496000000,0.118015000000,-0.126724958420,-3.142563581467,1.061979770660,0.620671570301,-0.450446218252,0.390676468611,-0.509153127670
1269,1269,1413393949.455760478973,1413393949.455760478973,2,1,1,0,0,0,378,2,0,0,-1,1209,452,452,0,628,0.519437551696,452,1.381324326956,3.588879964587,1.746849990842,7.827433628319,0.666666666667,0,7366,64,0.000183833254,0.049999952316,1,9.435447000000,0.119443000000,-0.141221523285,-3.145916461945,1.071239829063,0.607329308987,-0.455202609301,0.398693412542,-0.514767169952
1270,1270,1413393949.505760431290,1413393949.505760431290,2,1,1,0,0,0,378,2,0,0,-1,1207,396,396,0,611,0.506213753107,396,1.467262448780,3.814827897844,1.811929622644,7.954545454545,0.708333333333,0,7366,64,0.000103346232,0.049999952316,1,8.713005000000,0.122094000000,-0.160096168518,-3.149954080582,1.079271912575,0.597263038158,-0.464241772890,0.399467200041,-0.517863392830
1271,1271,1413393949.555760383606,1413393949.555760383606,2,1,1,0,0,0,378,2,0,0,-1,1206,395,395,0,613,0.508291873964,395,1.449969653994,3.415001806415,1.772729749882,8.167088607595,0.687500000000,0,7366,64,0.000163032601,0.049999952316,1,8.518625000000,0.106694000000,-0.183451175690,-3.154793739319,1.085207939148,0.593696653843,-0.478583067656,0.391309738159,-0.515130341053
1272,1272,1413393949.605760574341,1413393949.605760574341,2,1,1,0,0,0,378,2,0,0,-1,1206,418,418,0,632,0.524046434494,418,1.517587512222,3.446913070490,1.832640358237,7.980861244019,0.687500000000,0,7366,64,0.000152003762,0.050000190735,1,9.242066000000,0.088284000000,-0.210513591766,-3.161073207855,1.089835166931,0.593219101429,-0.493791729212,0.379890441895,-0.509847164154
1273,1273,1413393949.655760288239,1413393949.655760288239,2,1,1,0,0,0,378,2,0,0,-1,1205,411,411,0,608,0.504564315353,411,1.522123680540,3.339131577204,1.802883048465,8.116788321168,0.687500000000,0,7366,64,0.000123759673,0.049999713898,1,8.620137000000,0.106070000000,-0.240153551102,-3.168899297714,1.093976020813,0.594214141369,-0.507852017879,0.367208123207,-0.504136979580
1274,1274,1413393949.705760478973,1413393949.705760478973,2,1,1,0,0,0,378,2,0,0,-1,1204,599,599,0,612,0.508305647841,599,0.917654927362,2.765031711325,1.211405004390,5.797996661102,0.750000000000,1,7340,63,0.000071535520,0.050000190735,1,9.518620000000,0.119854000000,-0.270994186401,-3.179035902023,1.098221063614,0.594042122364,-0.522215127945,0.352992743254,-0.499801516533
1275,1275,1413393949.755760431290,1413393949.755760431290,2,1,1,0,0,0,378,2,0,0,-1,1207,425,425,0,592,0.490472245236,425,1.478404988420,3.354825978838,1.774328905268,9.018823529412,0.770833333333,0,7326,64,0.000030881267,0.049999952316,1,9.734126000000,0.206644000000,-0.302313804626,-3.192198276520,1.103356361389,0.591538131237,-0.536428093910,0.339803487062,-0.496851265430
1276,1276,1413393949.805760622025,1413393949.805760622025,2,1,1,0,0,0,379,2,0,0,-1,1207,426,426,0,609,0.504556752278,426,1.390744861213,3.347347435805,1.703853877324,8.652582159624,0.791666666667,0,7343,65,nan,nan,0,12.542248000000,0.095173000000,-0.325898170471,-3.204670429230,1.107904911041,0.587003767490,-0.550556182861,0.327558666468,-0.494994729757
1277,1277,1413393949.855760335922,1413393949.855760335922,2,1,1,0,0,0,379,2,0,0,-1,1203,410,410,0,639,0.531172069825,410,1.438661501451,3.075378091626,1.709329074467,8.907317073171,0.729166666667,0,7279,63,0.000120585544,0.049999713898,1,9.011259000000,0.119800000000,-0.356757998466,-3.226234912872,1.114526748657,0.579667329788,-0.564671278000,0.315578967333,-0.495522052050
1278,1278,1413393949.905760526657,1413393949.905760526657,2,1,1,0,0,0,379,2,0,0,-1,1203,393,393,0,622,0.517040731505,393,1.497000990654,3.313709773189,1.795212608429,8.829516539440,0.666666666667,0,7280,64,0.000166294951,0.050000190735,1,9.050837000000,0.163135000000,-0.386373281479,-3.252742528915,1.121126413345,0.573291361332,-0.577265739441,0.304898709059,-0.495114177465
1279,1279,1413393949.955760478973,1413393949.955760478973,2,1,1,0,0,0,379,2,0,0,-1,1208,386,386,0,651,0.538907284768,386,1.706470021779,3.454990554110,1.959459154462,9.414507772021,0.687500000000,0,7280,64,0.000225022493,0.049999952316,1,9.314158000000,0.132933000000,-0.414314866066,-3.284712314606,1.128637313843,0.567854940891,-0.587408065796,0.295955598354,-0.494876533747
1280,1280,1413393950.005760431290,1413393950.005760431290,2,1,1,0,0,0,379,2,0,0,-1,1207,599,599,0,619,0.512841756421,599,0.711013324855,2.974606896488,1.161668648961,6.405676126878,0.791666666667,1,7280,64,0.000151039683,0.049999952316,1,8.947882000000,0.120576000000,-0.438452124596,-3.323096036911,1.136986255646,0.565628528595,-0.594184398651,0.292051255703,-0.491645514965
1281,1281,1413393950.055760383606,1413393950.055760383606,2,1,1,0,0,0,379,2,0,0,-1,1209,450,450,0,628,0.519437551696,450,1.487466603554,3.448200256649,1.794116248780,9.242222222222,0.791666666667,0,7352,64,0.000090534995,0.049999952316,1,10.229482000000,0.130982000000,-0.458845257759,-3.367992639542,1.145224571228,0.571025669575,-0.594300389290,0.297492444515,-0.481907725334
1282,1282,1413393950.105760574341,1413393950.105760574341,2,1,1,0,0,0,380,2,0,0,-1,1205,394,394,0,652,0.541078838174,394,1.512403741746,3.585371808047,1.865845830587,9.342639593909,0.854166666667,0,7371,65,nan,nan,0,10.068385000000,0.138464000000,-0.470055222511,-3.414210081100,1.155822277069,0.583222627640,-0.587814331055,0.312273144722,-0.465629965067
1283,1283,1413393950.155760288239,1413393950.155760288239,2,1,1,0,0,0,380,2,0,0,-1,1205,398,398,0,672,0.557676348548,398,1.742835846284,3.599018399957,2.050238906824,9.597989949749,0.854166666667,0,7294,63,0.000095416559,0.049999713898,1,9.029213000000,0.112401000000,-0.487055540085,-3.469914436340,1.163424015045,0.597448050976,-0.581619381905,0.324651539326,-0.446515560150
1284,1284,1413393950.205760478973,1413393950.205760478973,2,1,1,0,0,0,380,2,0,0,-1,1203,380,380,0,680,0.565253532835,380,1.820397002476,3.904479550357,2.102865882642,9.378947368421,0.833333333333,0,7392,65,0.000173419830,0.050000190735,1,8.920586000000,0.109122000000,-0.501379013062,-3.528671741486,1.171868562698,0.611638069153,-0.574088037014,0.337022066116,-0.427478611469
1285,1285,1413393950.255760431290,1413393950.255760431290,2,1,1,0,0,0,380,2,0,0,-1,1209,342,342,0,707,0.584780810587,342,1.865776906236,3.581238167070,2.114196586452,9.918128654971,0.895833333333,0,7366,64,0.000270587072,0.049999952316,1,9.123082000000,0.101769000000,-0.513034582138,-3.588859081268,1.180776596069,0.624985873699,-0.566378891468,0.348121523857,-0.409168779850
1286,1286,1413393950.305760622025,1413393950.305760622025,2,1,1,0,0,0,380,2,0,0,-1,1204,344,344,0,692,0.574750830565,344,1.754207658685,4.132219521978,2.085434519834,10.061046511628,0.895833333333,0,7427,65,0.000253436825,0.050000190735,1,8.898411000000,0.104576000000,-0.521455049515,-3.648940563202,1.190584659576,0.634473860264,-0.561110138893,0.355928570032,-0.394858598709
1287,1287,1413393950.355760335922,1413393950.355760335922,2,1,1,0,0,0,380,2,0,0,-1,1203,591,591,0,644,0.535328345802,591,0.570506298979,2.790834411821,1.059554868425,6.451776649746,0.895833333333,1,7427,65,0.000250938581,0.049999713898,1,9.709521000000,0.125267000000,-0.526933431625,-3.707265853882,1.199656963348,0.639275372028,-0.560356795788,0.357771784067,-0.386428177357
1288,1288,1413393950.405760526657,1413393950.405760526657,2,1,1,0,0,0,380,2,0,0,-1,1206,435,435,0,678,0.562189054726,435,1.419103306469,3.801587633104,1.815399309172,9.025287356322,0.916666666667,0,7501,65,0.000140830860,0.050000190735,1,9.836063000000,0.112820000000,-0.528887748718,-3.763952732086,1.207581996918,0.641207873821,-0.561247825623,0.357567340136,-0.382098019123
1289,1289,1413393950.455760478973,1413393950.455760478973,2,1,1,0,0,0,381,2,0,0,-1,1206,466,466,0,649,0.538142620232,466,1.551458934565,3.738350900114,1.859008149284,9.122317596567,0.916666666667,0,7485,66,nan,nan,0,12.089699000000,0.632234000000,-0.530351161957,-3.816035747528,1.208905458450,0.640586435795,-0.562158882618,0.358103871346,-0.381297826767
1290,1290,1413393950.505760431290,1413393950.505760431290,2,1,1,0,0,0,381,2,0,0,-1,1206,403,403,0,691,0.572968490879,403,1.694769571108,3.633568945474,1.915755537448,9.091811414392,0.895833333333,0,7380,64,0.000021882281,0.049999952316,1,9.340295000000,0.110351000000,-0.526047945023,-3.869412660599,1.214138507843,0.637044847012,-0.562757313251,0.359621971846,-0.384902626276
1291,1291,1413393950.555760383606,1413393950.555760383606,2,1,1,0,0,0,381,2,0,0,-1,1203,368,368,0,688,0.571903574397,368,1.651746205750,3.474207653614,1.889696947767,9.769021739130,0.875000000000,0,7516,65,0.000043055381,0.049999952316,1,9.312816000000,0.108707000000,-0.517880201340,-3.921562671661,1.217308759689,0.632010877132,-0.562172174454,0.363141536713,-0.390708386898
1292,1292,1413393950.605760574341,1413393950.605760574341,2,1,1,0,0,0,381,2,0,0,-1,1206,587,587,0,693,0.574626865672,587,0.702779719558,3.351399329271,1.218027258548,6.586030664395,0.895833333333,1,7516,65,0.000064553256,0.050000190735,1,9.970518000000,0.111111000000,-0.506301164627,-3.972509860992,1.218631267548,0.626095175743,-0.559618175030,0.369039237499,-0.398299276829
1293,1293,1413393950.655760288239,1413393950.655760288239,2,1,1,0,0,0,381,2,0,0,-1,1202,405,405,0,699,0.581530782030,405,1.564380548820,3.393917110472,1.890028907749,9.901234567901,0.895833333333,0,7433,65,0.000121329358,0.049999713898,1,9.679329000000,0.090754000000,-0.491574764252,-4.022327899933,1.217904567719,0.619154930115,-0.556336522102,0.376056730747,-0.407085061073
1294,1294,1413393950.705760478973,1413393950.705760478973,2,1,1,0,0,0,381,2,0,0,-1,1202,398,398,0,681,0.566555740433,398,1.598226256774,3.662892124360,1.910956469790,10.015075376884,0.833333333333,0,7459,66,0.000150224936,0.050000190735,1,9.663222000000,1.195953000000,-0.474977970123,-4.071372032166,1.214595079422,0.612757205963,-0.552604973316,0.383223384619,-0.415085732937
1295,1295,1413393950.755760431290,1413393950.755760431290,2,1,1,0,0,0,382,2,0,0,-1,1206,402,402,0,662,0.548922056385,402,1.661917753776,3.424732517992,1.915627137950,9.972636815920,0.875000000000,0,7335,64,nan,nan,0,8.884692000000,0.112674000000,-0.451641559601,-4.117750167847,1.206269502640,0.608580112457,-0.549225509167,0.389361113310,-0.419975757599
1296,1296,1413393950.805760622025,1413393950.805760622025,2,1,1,0,0,0,382,2,0,0,-1,1202,387,387,0,675,0.561564059900,387,1.557882429876,3.381938725481,1.808144209651,10.565891472868,0.833333333333,0,7423,65,0.000151296743,0.050000190735,1,8.794386000000,0.088499000000,-0.434357643127,-4.165296077728,1.196927070618,0.605364680290,-0.546549856663,0.394792377949,-0.423031687737
1297,1297,1413393950.855760335922,1413393950.855760335922,2,1,1,0,0,0,382,2,0,0,-1,1203,620,620,0,667,0.554447215295,620,0.574063544115,2.814763431004,1.075131512111,7.183870967742,0.895833333333,1,7249,63,0.000109974339,0.049999713898,1,10.795541000000,0.126377000000,-0.416612863541,-4.211829662323,1.184044122696,0.603231310844,-0.544443964958,0.398803174496,-0.425027936697
1298,1298,1413393950.905760526657,1413393950.905760526657,2,1,1,0,0,0,382,2,0,0,-1,1207,477,477,0,651,0.539353769677,477,1.451208668088,3.598730936767,1.845798004752,9.930817610063,0.895833333333,0,7459,66,0.000097039054,0.050000190735,1,11.168112000000,0.161295000000,-0.398639678955,-4.257734775543,1.167803525925,0.603609204292,-0.542018711567,0.403233945370,-0.423407703638
1299,1299,1413393950.955760478973,1413393950.955760478973,2,1,1,0,0,0,382,2,0,0,-1,1209,434,434,0,673,0.556658395368,434,1.723910843284,3.732248245242,2.059325194495,9.995391705069,0.875000000000,0,7188,63,0.000120390308,0.049999952316,1,11.011208000000,0.277265000000,-0.380749702454,-4.302873611450,1.149413585663,0.606231510639,-0.538246333599,0.409864008427,-0.418073803186
1300,1300,1413393951.005760431290,1413393951.005760431290,2,1,1,0,0,0,383,2,0,0,-1,1203,431,431,0,674,0.560266001663,431,1.386031339159,3.554075573687,1.779089240229,10.524361948956,0.875000000000,0,7183,63,nan,nan,0,8.014107000000,1.279730000000,-0.359575033188,-4.347856998444,1.126811981201,0.610258400440,-0.534630119801,0.415405750275,-0.411331266165
1301,1301,1413393951.055760383606,1413393951.055760383606,2,1,1,0,0,0,383,2,0,0,-1,1206,420,420,0,697,0.577943615257,420,1.394308475500,3.510801354255,1.747988776638,10.521428571429,0.854166666667,0,7081,61,0.000094140640,0.049999952316,1,10.191735000000,0.180312000000,-0.342038393021,-4.389207363129,1.108586311340,0.613580226898,-0.532544314861,0.418858319521,-0.405553579330
1302,1302,1413393951.105760574341,1413393951.105760574341,2,1,1,0,0,0,383,2,0,0,-1,1209,393,393,0,635,0.525227460711,393,1.317851567839,3.426949580447,1.703071500238,10.941475826972,0.875000000000,0,7062,61,0.000084187865,0.050000190735,1,8.866533000000,0.173169000000,-0.324541330338,-4.427648544312,1.091952562332,0.614152491093,-0.534264147282,0.417502462864,-0.403819531202
1303,1303,1413393951.155760288239,1413393951.155760288239,2,1,1,0,0,0,383,2,0,0,-1,1205,613,613,0,649,0.538589211618,613,0.769959190390,2.695334675929,1.065766372643,7.787928221860,0.875000000000,1,7131,62,0.000078152138,0.049999713898,1,9.516101000000,0.118288000000,-0.306459665298,-4.463476657867,1.077427625656,0.612174868584,-0.536458611488,0.415194690228,-0.406284958124
1304,1304,1413393951.205760478973,1413393951.205760478973,2,1,1,0,0,0,383,2,0,0,-1,1205,483,483,0,640,0.531120331950,483,1.406293009474,3.328235145041,1.728372098235,10.809523809524,0.875000000000,0,7123,63,0.000112801215,0.050000190735,1,9.472838000000,0.125133000000,-0.287881612778,-4.497091293335,1.064109563828,0.609515428543,-0.538922607899,0.413061887026,-0.409186124802
1305,1305,1413393951.255760431290,1413393951.255760431290,2,1,1,0,0,0,383,2,0,0,-1,1202,448,448,0,643,0.534941763727,448,1.371594185321,3.381073370394,1.731512266852,11.377232142857,0.854166666667,0,7054,62,0.000129889435,0.049999952316,1,10.408554000000,0.120069000000,-0.269058465958,-4.528759479523,1.051937818527,0.606643855572,-0.541220963001,0.411310166121,-0.412173718214
1306,1306,1413393951.305760622025,1413393951.305760622025,2,1,1,0,0,0,384,2,0,0,-1,1206,430,430,0,646,0.535655058043,430,1.291102098579,3.038717048782,1.664092505452,10.409302325581,0.895833333333,0,6994,61,nan,nan,0,8.220988000000,0.098296000000,-0.249174594879,-4.558511734009,1.040101528168,0.604400992393,-0.543575882912,0.410048037767,-0.413624733686
1307,1307,1413393951.355760335922,1413393951.355760335922,2,1,1,0,0,0,384,2,0,0,-1,1207,418,418,0,633,0.524440762220,418,1.268460512802,3.600576372002,1.697028057372,10.633971291866,0.895833333333,0,6901,60,0.000156408612,0.049999713898,1,8.793438000000,0.118618000000,-0.230370521545,-4.587091445923,1.030059099197,0.602864027023,-0.545948684216,0.408948957920,-0.413830727339
1308,1308,1413393951.405760526657,1413393951.405760526657,2,1,1,0,0,0,384,2,0,0,-1,1210,412,412,0,665,0.549586776860,412,1.351725084543,3.502829594294,1.728380542585,10.771844660194,0.895833333333,0,6821,59,0.000106060652,0.050000190735,1,8.900095000000,0.114762000000,-0.211575031281,-4.614459514618,1.020967245102,0.602609574795,-0.548719882965,0.407549887896,-0.411911755800
1309,1309,1413393951.455760478973,1413393951.455760478973,2,1,1,0,0,0,384,2,0,0,-1,1204,386,386,0,661,0.549003322259,386,1.402998985654,3.416365592714,1.796085434298,10.958549222798,0.875000000000,0,6821,59,0.000081463324,0.049999952316,1,8.959517000000,0.112743000000,-0.192697525024,-4.640748977661,1.011963605881,0.604005277157,-0.551711201668,0.405759006739,-0.407617509365
1310,1310,1413393951.505760431290,1413393951.505760431290,2,1,1,0,0,0,384,2,0,0,-1,1204,373,373,0,667,0.553986710963,373,1.346722614695,2.960016226912,1.597569325248,11.249329758713,0.895833333333,0,6821,59,0.000108763925,0.049999952316,1,8.355480000000,0.117896000000,-0.173636436462,-4.665835380554,1.001909732819,0.605931222439,-0.554540157318,0.403623163700,-0.403014779091
1311,1311,1413393951.555760383606,1413393951.555760383606,2,1,1,0,0,0,384,2,0,0,-1,1208,602,602,0,647,0.535596026490,602,0.655229469674,2.648720547922,0.985715277259,7.509966777409,0.875000000000,1,6658,57,0.000094945666,0.049999952316,1,8.639087000000,0.112760000000,-0.153393745422,-4.689482212067,0.990054845810,0.607548892498,-0.556851863861,0.402259856462,-0.398732304573
1312,1312,1413393951.605760574341,1413393951.605760574341,2,1,1,0,0,0,384,2,0,0,-1,1205,481,481,0,662,0.549377593361,481,1.316267156982,3.062404496209,1.623124476924,10.259875259875,0.895833333333,0,6656,58,0.000159354604,0.050000190735,1,9.814156000000,0.176230000000,-0.131846904755,-4.711819648743,0.976480245590,0.608548641205,-0.558180987835,0.402231276035,-0.395363807678
1313,1313,1413393951.655760288239,1413393951.655760288239,2,1,1,0,0,0,384,2,0,0,-1,1204,461,461,0,657,0.545681063123,461,1.394775019705,3.197624663448,1.687672311350,10.229934924078,0.854166666667,0,6656,58,0.000165231308,0.049999713898,1,9.864452000000,0.144375000000,-0.109474182129,-4.732740402222,0.961489677429,0.607916831970,-0.558519005775,0.403932094574,-0.394122600555
1314,1314,1413393951.705760478973,1413393951.705760478973,2,1,1,0,0,0,385,2,0,0,-1,1207,473,473,0,664,0.550124275062,473,1.515335301421,3.235105671656,1.724083452324,9.644820295983,0.833333333333,0,6417,55,nan,nan,0,9.224403000000,0.159095000000,-0.088092327118,-4.753606796265,0.945578098297,0.606956958771,-0.557484745979,0.407068282366,-0.393839508295
1315,1315,1413393951.755760431290,1413393951.755760431290,2,1,1,0,0,0,385,2,0,0,-1,1205,437,437,0,652,0.541078838174,437,1.650122002884,3.149862271355,1.833986752900,10.121281464531,0.875000000000,0,6417,55,0.000342186628,0.049999952316,1,8.654858000000,0.148992000000,-0.064560413361,-4.771759986877,0.926409006119,0.605623364449,-0.556170284748,0.411145895720,-0.393515110016
1316,1316,1413393951.805760622025,1413393951.805760622025,2,1,1,0,0,0,385,2,0,0,-1,1204,433,433,0,679,0.563953488372,433,1.562835018482,3.130840148880,1.766048991974,10.362586605081,0.875000000000,0,6417,55,0.000527939061,0.050000190735,1,7.938115000000,0.184502000000,-0.039714336395,-4.787940979004,0.907514572144,0.602781057358,-0.555867254734,0.414192259312,-0.395109504461
1317,1317,1413393951.855760335922,1413393951.855760335922,2,1,1,0,0,0,385,2,0,0,-1,1207,429,429,0,688,0.570008285004,429,1.516562068343,3.232118067119,1.786535898812,10.247086247086,0.854166666667,0,6515,56,0.000347675348,0.049999713898,1,8.491291000000,0.126943000000,-0.013957977295,-4.802335739136,0.889470338821,0.599215328693,-0.556218922138,0.416631072760,-0.397467076778
1318,1318,1413393951.905760526657,1413393951.905760526657,2,1,1,0,0,0,385,2,0,0,-1,1206,394,394,0,674,0.558872305141,394,1.621529644560,3.417876545425,1.925586272139,10.449238578680,0.833333333333,0,6417,55,0.000335158664,0.050000190735,1,8.213611000000,0.128530000000,0.012423515320,-4.815105438232,0.872293472290,0.596170306206,-0.557041704655,0.418562620878,-0.398862063885
1319,1319,1413393951.955760478973,1413393951.955760478973,2,1,1,0,0,0,385,2,0,0,-1,1207,397,397,0,676,0.560066280033,397,1.578111104034,3.744884726259,1.889710134768,10.753148614610,0.833333333333,0,6417,55,0.000202461917,0.049999952316,1,8.105355000000,0.120597000000,0.039484977722,-4.826216697693,0.856121301651,0.593406498432,-0.558511257172,0.419685721397,-0.399747312069
1320,1320,1413393952.005760431290,1413393952.005760431290,2,1,1,0,0,0,385,2,0,0,-1,1204,401,401,0,666,0.553156146179,401,1.484686854584,3.749618985923,1.879420421860,10.453865336658,0.875000000000,0,6417,55,0.000120550496,0.049999952316,1,8.223878000000,0.144941000000,0.066949367523,-4.835808753967,0.841019868851,0.590823769569,-0.559581279755,0.421307533979,-0.400369882584
1321,1321,1413393952.055760383606,1413393952.055760383606,2,1,1,0,0,0,385,2,0,0,-1,1208,623,623,0,688,0.569536423841,623,0.687777867436,2.744768954310,1.087597028196,7.195826645265,0.895833333333,1,6417,55,0.000105442545,0.049999952316,1,9.101312000000,0.108708000000,0.094703674316,-4.843793392181,0.827362537384,0.588445603848,-0.560682296753,0.422974735498,-0.400574147701
1322,1322,1413393952.105760574341,1413393952.105760574341,2,1,1,0,0,0,385,2,0,0,-1,1204,462,462,0,678,0.563122923588,462,1.458708681775,3.407785090008,1.721431323708,10.430735930736,0.895833333333,0,6134,50,0.000086024265,0.050000190735,1,9.355619000000,0.164585000000,0.122694492340,-4.850336074829,0.816726207733,0.585469186306,-0.562283396721,0.423448622227,-0.402187258005
1323,1323,1413393952.155760288239,1413393952.155760288239,2,1,1,0,0,0,386,2,0,0,-1,1201,460,460,0,701,0.583680266445,460,1.443610027250,3.110931635990,1.745765574510,10.515217391304,0.854166666667,0,6129,50,nan,nan,0,11.260506000000,0.137701000000,0.149527072906,-4.855632781982,0.813145279884,0.583626210690,-0.563643455505,0.424736917019,-0.401603072882
1324,1324,1413393952.205760478973,1413393952.205760478973,2,1,1,0,0,0,386,2,0,0,-1,1202,428,428,0,700,0.582362728785,428,1.397663532279,3.482128046737,1.736108107247,10.558411214953,0.875000000000,0,6097,49,0.000150102482,0.050000190735,1,8.271826000000,0.130097000000,0.177435874939,-4.859631538391,0.808543443680,0.580962359905,-0.565758049488,0.424569994211,-0.402667373419
1325,1325,1413393952.255760431290,1413393952.255760431290,2,1,1,0,0,0,386,2,0,0,-1,1204,436,436,0,697,0.578903654485,436,1.670271762874,3.535925441171,1.939448254416,10.201834862385,0.875000000000,0,5942,48,0.000285498914,0.049999952316,1,7.841622000000,0.140577000000,0.204768180847,-4.862594604492,0.807067275047,0.578161835670,-0.567720770836,0.424366861582,-0.404147088528
1326,1326,1413393952.305760622025,1413393952.305760622025,2,1,1,0,0,0,386,2,0,0,-1,1204,413,413,0,717,0.595514950166,413,1.681333844936,3.287321101311,1.859641286674,10.171912832930,0.833333333333,0,5942,48,0.000282552617,0.050000190735,1,7.671144000000,0.122852000000,0.231444835663,-4.864594459534,0.808592081070,0.576664090157,-0.568967282772,0.423699676991,-0.405232608318
1327,1327,1413393952.355760335922,1413393952.355760335922,2,1,1,0,0,0,386,2,0,0,-1,1200,397,397,0,705,0.587500000000,397,1.646663013793,3.807407196080,1.935299651554,10.312342569270,0.812500000000,0,6106,50,0.000454347319,0.049999713898,1,7.632930000000,0.120978000000,0.257411956787,-4.865572929382,0.813121080399,0.576502501965,-0.568376958370,0.422493726015,-0.407543331385
1328,1328,1413393952.405760526657,1413393952.405760526657,2,1,1,0,0,0,386,2,0,0,-1,1205,388,388,0,712,0.590871369295,388,1.730529387149,3.656032948690,2.003537686569,10.291237113402,0.833333333333,0,6097,49,0.000365029264,0.050000190735,1,8.048124000000,0.173519000000,0.283129692078,-4.866005897522,0.818262815475,0.578388333321,-0.565904736519,0.421102404594,-0.409745693207
1329,1329,1413393952.455760478973,1413393952.455760478973,2,1,1,0,0,0,386,2,0,0,-1,1205,367,367,0,712,0.590871369295,367,1.687749687461,3.654273623992,1.950474481451,10.588555858311,0.895833333333,0,5787,48,0.000197529953,0.049999952316,1,8.373013000000,0.132129000000,0.308825969696,-4.865664482117,0.823448777199,0.581965744495,-0.561152160168,0.420634299517,-0.411692678928
1330,1330,1413393952.505760431290,1413393952.505760431290,2,1,1,0,0,0,386,2,0,0,-1,1208,385,385,0,708,0.586092715232,385,1.587875597227,3.534060301756,1.888572448619,10.698701298701,0.854166666667,0,5951,49,0.000211235543,0.049999952316,1,8.372381000000,0.139376000000,0.334076881409,-4.864646911621,0.828792452812,0.587194859982,-0.555781126022,0.418459355831,-0.413764953613
1331,1331,1413393952.555760383606,1413393952.555760383606,2,1,1,0,0,0,386,2,0,0,-1,1207,688,688,0,700,0.579950289975,688,0.516770461958,2.994086415591,1.074460294805,6.652616279070,0.895833333333,1,6097,49,0.000149710235,0.049999952316,1,7.816267000000,0.114819000000,0.358939170837,-4.862826347351,0.834140062332,0.593319356441,-0.549716413021,0.415633141994,-0.415972381830
1332,1332,1413393952.605760574341,1413393952.605760574341,2,1,1,0,0,0,386,2,0,0,-1,1204,432,432,0,706,0.586378737542,432,1.494079408990,3.365019762892,1.769472274928,10.164351851852,0.916666666667,0,6507,56,0.000090086949,0.050000190735,1,9.039523000000,0.148971000000,0.383350372314,-4.860257148743,0.839597940445,0.599850654602,-0.542420387268,0.413186639547,-0.418612092733
1333,1333,1413393952.655760288239,1413393952.655760288239,2,1,1,0,0,0,387,2,0,0,-1,1204,478,478,0,740,0.614617940199,478,1.393514147567,3.507226237703,1.729266118183,10.276150627615,0.875000000000,0,6500,56,nan,nan,0,9.971335000000,0.140558000000,0.410792350769,-4.863338470459,0.850199699402,0.607323586941,-0.535508096218,0.407859623432,-0.421947449446
1334,1334,1413393952.705760478973,1413393952.705760478973,2,1,1,0,0,0,387,2,0,0,-1,1206,439,439,0,758,0.628524046434,439,1.526147539830,3.578615336458,1.881832908620,10.193621867882,0.854166666667,0,6318,53,0.000202260591,0.050000190735,1,7.868758000000,0.124774000000,0.434827327728,-4.859000205994,0.854869842529,0.614115476608,-0.527910888195,0.403516411781,-0.425848394632
1335,1335,1413393952.755760431290,1413393952.755760431290,2,1,1,0,0,0,387,2,0,0,-1,1205,439,439,0,782,0.648962655602,439,1.529338949667,3.681671208868,1.891709760991,9.961275626424,0.812500000000,0,6318,53,0.000283688627,0.049999952316,1,8.319361000000,0.131584000000,0.458446502686,-4.853497505188,0.859494209290,0.620607376099,-0.521041989326,0.397707253695,-0.430337846279
1336,1336,1413393952.805760622025,1413393952.805760622025,2,1,1,0,0,0,387,2,0,0,-1,1203,398,398,0,766,0.636741479634,398,1.528961795779,3.351599895328,1.867061833907,10.457286432161,0.812500000000,0,6318,53,0.000265899202,0.050000190735,1,8.218166000000,0.139621000000,0.481683254242,-4.847348213196,0.864098787308,0.626271188259,-0.514761745930,0.392502158880,-0.434449970722
1337,1337,1413393952.855760335922,1413393952.855760335922,2,1,1,0,0,0,387,2,0,0,-1,1203,369,369,0,781,0.649210307564,369,1.632553684676,3.644733252641,1.931913305565,10.712737127371,0.812500000000,0,6503,55,0.000288537442,0.049999713898,1,8.209055000000,0.103681000000,0.504769325256,-4.840575695038,0.868983745575,0.630996227264,-0.509833216667,0.387122809887,-0.438234955072
1338,1338,1413393952.905760526657,1413393952.905760526657,2,1,1,0,0,0,387,2,0,0,-1,1201,398,398,0,764,0.636136552873,398,1.634738424832,3.685666681079,1.924702246284,10.693467336683,0.812500000000,0,6418,54,0.000320785737,0.050000190735,1,8.052695000000,0.101277000000,0.527426719666,-4.832978725433,0.875217676163,0.632903158665,-0.507753670216,0.379940360785,-0.444145500660
1339,1339,1413393952.955760478973,1413393952.955760478973,2,1,1,0,0,0,387,2,0,0,-1,1204,689,689,0,774,0.642857142857,689,0.431207876852,2.917064228618,1.043302464684,6.928882438316,0.854166666667,1,6530,56,0.000168598941,0.049999952316,1,9.515206000000,0.127249000000,0.549993753433,-4.825044631958,0.881894111633,0.634050905704,-0.507303535938,0.371619075537,-0.450024366379
1340,1340,1413393953.005760431290,1413393953.005760431290,2,1,1,0,0,0,387,2,0,0,-1,1201,477,477,0,766,0.637801831807,477,1.377845045798,3.527250588206,1.737847300708,9.863731656184,0.812500000000,0,6883,60,0.000088739209,0.049999952316,1,10.657181000000,0.112105000000,0.572689056396,-4.817008972168,0.889251947403,0.634326100349,-0.507906854153,0.363782286644,-0.455327868462
1341,1341,1413393953.055760383606,1413393953.055760383606,2,1,1,0,0,0,387,2,0,0,-1,1200,452,452,0,785,0.654166666667,452,1.453273582599,3.796109244098,1.831908679827,9.995575221239,0.854166666667,0,6711,58,0.000062975647,0.049999952316,1,9.537903000000,0.145230000000,0.595854759216,-4.809158325195,0.896658420563,0.634547412395,-0.508597075939,0.356769770384,-0.459776073694
1342,1342,1413393953.105760574341,1413393953.105760574341,2,1,1,0,0,0,388,2,0,0,-1,1203,461,461,0,750,0.623441396509,461,1.324501986300,3.780485674243,1.788149728125,9.596529284165,0.854166666667,0,6807,59,nan,nan,0,8.743339000000,0.108654000000,0.619796991348,-4.799997806549,0.908883810043,0.634661376476,-0.509834229946,0.350859850645,-0.462786614895
1343,1343,1413393953.155760288239,1413393953.155760288239,2,1,1,0,0,0,388,2,0,0,-1,1201,449,449,0,773,0.643630308077,449,1.545283533547,3.677302558423,1.889230090637,9.271714922049,0.833333333333,0,6807,59,0.000189423110,0.049999713898,1,8.703186000000,0.173781000000,0.644635677338,-4.793921470642,0.911702871323,0.634548008442,-0.510684728622,0.346316188574,-0.465419381857
1344,1344,1413393953.205760478973,1413393953.205760478973,2,1,1,0,0,0,388,2,0,0,-1,1203,418,418,0,771,0.640897755611,418,1.568162033124,3.698557468566,1.923792789223,9.502392344498,0.833333333333,0,6807,59,0.000198695430,0.050000190735,1,8.596828000000,0.119369000000,0.669861078262,-4.788662910461,0.909619569778,0.634350419044,-0.511170864105,0.342660009861,-0.467854708433
1345,1345,1413393953.255760431290,1413393953.255760431290,2,1,1,0,0,0,388,2,0,0,-1,1204,404,404,0,800,0.664451827243,404,1.565696809221,3.747344249457,1.950125023576,9.547029702970,0.833333333333,0,6972,60,0.000196585519,0.049999952316,1,8.684511000000,0.108505000000,0.695901632309,-4.784434795380,0.903224229813,0.633514165878,-0.512076854706,0.339511305094,-0.470286428928
1346,1346,1413393953.305760622025,1413393953.305760622025,2,1,1,0,0,0,388,2,0,0,-1,1203,424,424,0,754,0.626766417290,424,1.776645082990,3.931549000527,2.063359960772,9.884433962264,0.812500000000,0,6713,58,0.000205622913,0.050000190735,1,8.872436000000,0.114572000000,0.722775697708,-4.781183719635,0.895317316055,0.631739258766,-0.514358401299,0.334732800722,-0.473598003387
1347,1347,1413393953.355760335922,1413393953.355760335922,2,1,1,0,0,0,388,2,0,0,-1,1204,691,691,0,793,0.658637873754,691,0.766315782978,2.991195188133,1.129066794370,6.442836468886,0.833333333333,1,6807,59,0.000228689343,0.049999713898,1,8.596705000000,0.894921000000,0.750439643860,-4.779337406158,0.888015031815,0.629292964935,-0.515864193439,0.331863015890,-0.477222710848
1348,1348,1413393953.405760526657,1413393953.405760526657,2,1,1,0,0,0,388,2,0,0,-1,1202,444,444,0,767,0.638103161398,444,1.563730110450,3.499908821133,1.857280711111,9.819819819820,0.833333333333,0,6797,60,0.000132365443,0.050000190735,1,9.010200000000,0.130117000000,0.777628660202,-4.779860019684,0.882669925690,0.626103520393,-0.516268968582,0.331447035074,-0.481252282858
1349,1349,1413393953.455760478973,1413393953.455760478973,2,1,1,0,0,0,388,2,0,0,-1,1205,409,409,0,756,0.627385892116,409,1.607165042112,3.775913429462,1.971210935818,10.308068459658,0.812500000000,0,6703,59,0.000066606481,0.049999952316,1,8.421097000000,0.111594000000,0.805832386017,-4.782801628113,0.881296396255,0.623405873775,-0.516005992889,0.332326710224,-0.484419196844
1350,1350,1413393953.505760431290,1413393953.505760431290,2,1,1,0,0,0,389,2,0,0,-1,1203,675,675,0,774,0.643391521197,675,0.925472966706,3.178113076149,1.237040661476,6.842962962963,0.812500000000,1,6733,59,nan,nan,0,8.242024000000,0.111799000000,0.833354473114,-4.785631179810,0.883248329163,0.621557772160,-0.512464106083,0.338704466820,-0.486133575439
1351,1351,1413393953.555760383606,1413393953.555760383606,2,1,1,0,0,0,389,2,0,0,-1,1202,404,404,0,798,0.663893510815,404,1.850398951379,3.571622201966,2.058723977775,11.237623762376,0.791666666667,0,6858,60,0.001141193556,0.049999952316,1,10.623938000000,0.110587000000,0.862549304962,-4.794119834900,0.889184236526,0.621736407280,-0.507756769657,0.347057431936,-0.484951615334
1352,1352,1413393953.605760574341,1413393953.605760574341,2,1,1,0,0,0,389,2,0,0,-1,1201,397,397,0,799,0.665278934221,397,1.668268504905,3.757449473663,1.998462495795,11.440806045340,0.750000000000,0,6738,59,0.000402078003,0.050000190735,1,9.163874000000,0.140854000000,0.891225337982,-4.804746627808,0.896688938141,0.623553216457,-0.500674843788,0.359143912792,-0.481167197227
1353,1353,1413393953.655760288239,1413393953.655760288239,2,1,1,0,0,0,390,2,0,0,-1,1201,693,693,0,744,0.619483763530,693,0.755551753667,3.015624862333,1.170869245063,7.131313131313,0.812500000000,1,6650,58,nan,nan,0,7.810769000000,0.122509000000,0.913726329803,-4.816886901855,0.902241706848,0.624706387520,-0.494310081005,0.369811892509,-0.478161722422
1354,1354,1413393953.705760478973,1413393953.705760478973,2,1,1,0,0,0,390,2,0,0,-1,1203,407,407,0,750,0.623441396509,407,1.779829211795,3.533684170723,2.029350133367,11.673218673219,0.770833333333,0,6261,54,0.000469988066,0.050000190735,1,8.831269000000,0.139086000000,0.940241813660,-4.829226493835,0.911722183228,0.625414311886,-0.488830864429,0.379218935966,-0.475493967533
1355,1355,1413393953.755760431290,1413393953.755760431290,2,1,1,0,0,0,391,2,0,0,-1,1202,413,413,0,776,0.645590682196,413,1.670091477434,3.915619631476,2.036292697577,11.651331719128,0.770833333333,0,6346,55,nan,nan,0,11.128053000000,0.144211000000,0.962234973907,-4.840210437775,0.915720462799,0.624681174755,-0.484628289938,0.386991947889,-0.474495708942
1356,1356,1413393953.805760622025,1413393953.805760622025,2,1,1,0,0,0,391,2,0,0,-1,1201,644,644,0,750,0.624479600333,644,0.892787224141,3.137982233499,1.259933242266,8.105590062112,0.812500000000,1,6246,54,0.000289916963,0.050000190735,1,8.805626000000,0.124432000000,0.984973669052,-4.852074623108,0.921646595001,0.624821901321,-0.481653124094,0.391080051661,-0.473987698555
1357,1357,1413393953.855760335922,1413393953.855760335922,2,1,1,0,0,0,391,2,0,0,-1,1203,436,436,0,758,0.630091438071,436,1.579794507726,3.449982018792,1.871922647269,12.006880733945,0.791666666667,0,6354,56,0.000243315604,0.049999713898,1,9.009154000000,0.147025000000,1.005146265030,-4.863453865051,0.924899578094,0.625626444817,-0.478336393833,0.393234908581,-0.474502116442
1358,1358,1413393953.905760526657,1413393953.905760526657,2,1,1,0,0,0,391,2,0,0,-1,1203,408,408,0,721,0.599334995844,408,1.684364969206,3.627714102522,1.992622451221,12.095588235294,0.770833333333,0,6354,56,0.000314558973,0.050000190735,1,8.176906000000,0.136256000000,1.022370815277,-4.874206542969,0.925329208374,0.626888453960,-0.475166767836,0.392660677433,-0.476492524147
1359,1359,1413393953.955760478973,1413393953.955760478973,2,1,1,0,0,0,392,2,0,0,-1,1201,452,452,0,771,0.641965029142,452,1.448452969839,3.406743039037,1.773412023532,10.311946902655,0.750000000000,0,6142,53,nan,nan,0,8.163458000000,0.097260000000,1.030846357346,-4.884034156799,0.918454647064,0.630595982075,-0.472357392311,0.390142202377,-0.476462244987
1360,1360,1413393954.005760431290,1413393954.005760431290,2,1,1,0,0,0,392,2,0,0,-1,1201,428,428,0,776,0.646128226478,428,1.482426452228,3.878740769195,1.920643926561,10.997663551402,0.791666666667,0,6242,54,0.000159118426,0.049999952316,1,8.840754000000,0.125704000000,1.042740821838,-4.894063949585,0.913996458054,0.638145685196,-0.471641838551,0.383458852768,-0.472528815269
1361,1361,1413393954.055760383606,1413393954.055760383606,2,1,1,0,0,0,392,2,0,0,-1,1202,415,415,0,756,0.628951747088,415,1.536673191001,3.454555581925,1.892343189134,11.238554216867,0.854166666667,0,6242,54,0.000186925434,0.049999952316,1,8.611293000000,0.112033000000,1.052253723145,-4.903303146362,0.909826993942,0.646034300327,-0.469848483801,0.376385688782,-0.469271689653
1362,1362,1413393954.105760574341,1413393954.105760574341,2,1,1,0,0,0,392,2,0,0,-1,1202,421,421,0,775,0.644758735441,421,1.581767272707,3.655905397210,1.966791781203,10.990498812352,0.791666666667,0,6327,55,0.000078167148,0.050000190735,1,9.221693000000,0.107952000000,1.060437679291,-4.911674499512,0.906121253967,0.654427349567,-0.469837516546,0.366433084011,-0.465515136719
1363,1363,1413393954.155760288239,1413393954.155760288239,2,1,1,0,0,0,392,2,0,0,-1,1200,684,684,0,808,0.673333333333,684,0.518095442985,2.896990452918,1.062894895317,7.464912280702,0.812500000000,1,6142,53,0.000054219159,0.049999713898,1,8.921706000000,0.158725000000,1.067703247070,-4.919518470764,0.902963399887,0.664555668831,-0.469119995832,0.356217086315,-0.459784299135
1364,1364,1413393954.205760478973,1413393954.205760478973,2,1,1,0,0,0,392,2,0,0,-1,1203,442,442,0,775,0.644222776392,442,1.430504722888,3.509138524104,1.821894984085,11.305429864253,0.770833333333,0,6309,55,0.000072830117,0.050000190735,1,9.971804000000,0.117197000000,1.074357748032,-4.926214218140,0.900750875473,0.674996316433,-0.468317419291,0.344700574875,-0.454136997461
1365,1365,1413393954.255760431290,1413393954.255760431290,2,1,1,0,0,0,392,2,0,0,-1,1202,444,444,0,750,0.623960066556,444,1.389658145340,3.774759950806,1.819500347297,11.342342342342,0.770833333333,0,6636,59,0.000040960287,0.049999952316,1,9.375202000000,0.118004000000,1.081532001495,-4.931818962097,0.900019168854,0.685482501984,-0.466567814350,0.332592010498,-0.449233680964
1366,1366,1413393954.305760622025,1413393954.305760622025,2,1,1,0,0,0,393,2,0,0,-1,1202,440,440,0,763,0.634775374376,440,1.455105634397,3.277165723830,1.723598826012,10.665909090909,0.770833333333,0,6799,60,nan,nan,0,8.114810000000,0.164092000000,1.086421728134,-4.936887741089,0.898773670197,0.695023119450,-0.462788671255,0.321786969900,-0.446343719959
1367,1367,1413393954.355760335922,1413393954.355760335922,2,1,1,0,0,0,393,2,0,0,-1,1206,431,431,0,792,0.656716417910,431,1.523988372462,3.940817817524,1.975113736187,10.819025522042,0.770833333333,0,6726,60,0.000114121947,0.049999713898,1,8.453717000000,0.121508000000,1.096306800842,-4.939472675323,0.901072025299,0.704187095165,-0.457732260227,0.311303675175,-0.444625496864
1368,1368,1413393954.405760526657,1413393954.405760526657,2,1,1,0,0,0,393,2,0,0,-1,1205,633,633,0,753,0.624896265560,633,0.743195116419,2.865975494460,1.169916064689,7.827804107425,0.770833333333,1,6726,60,0.000068774403,0.050000190735,1,9.496290000000,0.118642000000,1.108180522919,-4.940340042114,0.904052972794,0.712957084179,-0.450564682484,0.302014827728,-0.444376826286
1369,1369,1413393954.455760478973,1413393954.455760478973,2,1,1,0,0,0,393,2,0,0,-1,1203,473,473,0,773,0.642560266002,473,1.550356814054,3.759080623942,1.898667812825,10.775898520085,0.687500000000,0,6898,63,0.000086518521,0.049999952316,1,9.731853000000,0.140048000000,1.122449159622,-4.939378738403,0.907717227936,0.721190154552,-0.441736191511,0.293370157480,-0.445744156837
1370,1370,1413393954.505760431290,1413393954.505760431290,2,1,1,0,0,0,393,2,0,0,-1,1208,456,456,0,759,0.628311258278,456,1.542631130519,3.850577189979,1.897136628517,10.521929824561,0.750000000000,0,6940,63,0.000093767478,0.049999952316,1,9.433361000000,0.141672000000,1.138738870621,-4.936766624451,0.912046194077,0.729007005692,-0.431431233883,0.285774618387,-0.448050081730
1371,1371,1413393954.555760383606,1413393954.555760383606,2,1,1,0,0,0,394,2,0,0,-1,1207,435,435,0,758,0.628003314002,435,1.515229884304,3.675719305996,1.939669964666,10.363218390805,0.687500000000,0,6840,63,nan,nan,0,10.194744000000,0.188786000000,1.159426450729,-4.933542251587,0.916380405426,0.737273156643,-0.420675963163,0.277559071779,-0.449912369251
1372,1372,1413393954.605760574341,1413393954.605760574341,2,1,1,0,0,0,394,2,0,0,-1,1203,435,435,0,747,0.620947630923,435,1.644606962650,3.788460205870,1.939987295175,10.002298850575,0.687500000000,0,6814,62,0.000200301220,0.050000190735,1,9.309299000000,0.130295000000,1.180127859116,-4.927296638489,0.921999454498,0.744161367416,-0.410443186760,0.269785732031,-0.452742606401
1373,1373,1413393954.655760288239,1413393954.655760288239,2,1,1,0,0,0,394,2,0,0,-1,1202,426,426,0,746,0.620632279534,426,1.729940366862,3.733828353000,2.030650369646,10.354460093897,0.666666666667,0,6840,63,0.000130388638,0.049999713898,1,8.649829000000,0.133695000000,1.203943490982,-4.918869972229,0.927924871445,0.749957442284,-0.399999588728,0.263674497604,-0.456114053726
1374,1374,1413393954.705760478973,1413393954.705760478973,2,1,1,0,0,0,394,2,0,0,-1,1202,616,616,0,775,0.644758735441,616,0.728280230104,3.088237526468,1.196243871778,7.444805194805,0.750000000000,1,6924,64,0.000092652059,0.050000190735,1,9.527154000000,0.113961000000,1.231143712997,-4.908061981201,0.933673620224,0.755707740784,-0.390953153372,0.257849037647,-0.457794010639
1375,1375,1413393954.755760431290,1413393954.755760431290,2,1,1,0,0,0,394,2,0,0,-1,1204,452,452,0,753,0.625415282392,452,1.445622280501,3.513905799062,1.835684428705,10.672566371681,0.729166666667,0,7110,66,0.000052699383,0.049999952316,1,9.765894000000,0.114041000000,1.261316299438,-4.895273208618,0.939771890640,0.760245203972,-0.383713304996,0.252908885479,-0.459160625935
1376,1376,1413393954.805760622025,1413393954.805760622025,2,1,1,0,0,0,394,2,0,0,-1,1205,438,438,0,775,0.643153526971,438,1.531124062128,3.761473136725,1.909104133769,10.773972602740,0.729166666667,0,7110,66,0.000032093038,0.050000190735,1,9.089582000000,0.135748000000,1.294144153595,-4.880329132080,0.945674657822,0.764127016068,-0.377564549446,0.248381897807,-0.460284054279
1377,1377,1413393954.855760335922,1413393954.855760335922,2,1,1,0,0,0,395,2,0,0,-1,1205,445,445,0,760,0.630705394191,445,1.523223177494,3.301720029321,1.831037929639,10.249438202247,0.729166666667,0,7074,66,nan,nan,0,8.693693000000,0.129687000000,1.333781957626,-4.863917350769,0.953327178955,0.767571687698,-0.372357249260,0.244684904814,-0.460774421692
1378,1378,1413393954.905760526657,1413393954.905760526657,2,1,1,0,0,0,395,2,0,0,-1,1202,636,636,0,749,0.623128119800,636,0.781268135549,2.954006118418,1.190754274930,7.183962264151,0.833333333333,1,7039,65,0.000059596114,0.050000190735,1,9.695959000000,0.143116000000,1.371950149536,-4.844476699829,0.959262132645,0.770154058933,-0.367800533772,0.242467552423,-0.461297154427
1379,1379,1413393954.955760478973,1413393954.955760478973,2,1,1,0,0,0,395,2,0,0,-1,1204,412,412,0,725,0.602159468439,412,1.534442381920,3.581057863588,1.897289247097,10.087378640777,0.770833333333,0,7107,68,0.000081829181,0.049999952316,1,9.977474000000,0.102725000000,1.412798643112,-4.822425842285,0.965581893921,0.770822584629,-0.363384276628,0.242217496037,-0.463804960251
1380,1380,1413393955.005760431290,1413393955.005760431290,2,1,1,0,0,0,395,2,0,0,-1,1205,370,370,0,743,0.616597510373,370,1.917981715752,4.001491552170,2.123611320239,10.391891891892,0.750000000000,0,7048,67,0.000059537488,0.049999952316,1,8.681688000000,0.125907000000,1.456211328506,-4.797397613525,0.973119974136,0.768734753132,-0.358637899160,0.244054436684,-0.469960838556
1381,1381,1413393955.055760383606,1413393955.055760383606,2,1,1,0,0,0,396,2,0,0,-1,1202,650,650,0,754,0.627287853577,650,0.762057227359,3.300498874754,1.222668197076,6.930769230769,0.750000000000,1,7096,69,nan,nan,0,8.358973000000,0.115651000000,1.502369165421,-4.768238067627,0.980388879776,0.764906942844,-0.351953953505,0.247722059488,-0.479249089956
1382,1382,1413393955.105760574341,1413393955.105760574341,2,1,1,0,0,0,396,2,0,0,-1,1201,422,422,0,763,0.635303913405,422,1.588876460320,3.866058687740,1.958688080708,10.161137440758,0.729166666667,0,7215,69,0.000077446632,0.050000190735,1,12.499134000000,0.151171000000,1.548667430878,-4.738363265991,0.988087415695,0.761733114719,-0.345369130373,0.250208556652,-0.487727999687
1383,1383,1413393955.155760288239,1413393955.155760288239,2,1,1,0,0,0,396,2,0,0,-1,1204,401,401,0,751,0.623754152824,401,1.715949733559,3.815114610044,2.086657075107,10.241895261845,0.708333333333,0,6863,64,0.000074655720,0.049999713898,1,9.274396000000,0.135744000000,1.595492124557,-4.706477642059,0.995254516602,0.759141266346,-0.338272243738,0.252357482910,-0.495572596788
1384,1384,1413393955.205760478973,1413393955.205760478973,2,1,1,0,0,0,397,2,0,0,-1,1201,647,647,0,750,0.624479600333,647,0.805362698805,3.261169300248,1.275297460938,7.091190108192,0.729166666667,1,6344,58,nan,nan,0,8.581308000000,0.118451000000,1.643521785736,-4.669528484344,1.002256870270,0.756490647793,-0.333844244480,0.250038743019,-0.503736615181
1385,1385,1413393955.255760431290,1413393955.255760431290,2,1,1,0,0,0,397,2,0,0,-1,1206,413,413,0,762,0.631840796020,413,1.720401351275,4.162546288259,2.102051662330,10.312348668281,0.687500000000,0,6276,59,0.000095123141,0.049999952316,1,9.055435000000,0.118875000000,1.689983606339,-4.634262084961,1.009704828262,0.754642128944,-0.330671310425,0.244717463851,-0.511160552502
1386,1386,1413393955.305760622025,1413393955.305760622025,2,1,1,0,0,0,397,2,0,0,-1,1204,389,389,0,770,0.639534883721,389,1.575928850787,3.946366041767,1.979442420179,10.763496143959,0.708333333333,0,6276,59,0.000043136508,0.050000190735,1,9.386032000000,0.093292000000,1.736474275589,-4.598107337952,1.017388105392,0.752866327763,-0.327990412712,0.238271996379,-0.518498897552
1387,1387,1413393955.355760335922,1413393955.355760335922,2,1,1,0,0,0,398,2,0,0,-1,1203,378,378,0,791,0.657522859518,378,1.557002734017,4.194698310393,1.949403381122,9.933862433862,0.729166666667,0,6212,59,nan,nan,0,7.687017000000,0.140717000000,1.785596847534,-4.557466983795,1.023428916931,0.753660440445,-0.323241859674,0.231703430414,-0.523282229900
1388,1388,1413393955.405760526657,1413393955.405760526657,2,1,1,0,0,0,398,2,0,0,-1,1202,648,648,0,757,0.629783693844,648,0.277273483300,3.007951606980,1.067279886213,6.293209876543,0.750000000000,1,6212,59,0.000163578501,0.050000190735,1,8.796911000000,0.132498000000,1.831424713135,-4.520626068115,1.030476808548,0.755394876003,-0.316526412964,0.225707516074,-0.527490079403
1389,1389,1413393955.455760478973,1413393955.455760478973,2,1,1,0,0,0,398,2,0,0,-1,1202,390,390,0,769,0.639767054908,390,1.469503630084,3.666461473120,1.883513951734,9.700000000000,0.708333333333,0,6074,57,0.000149609361,0.049999952316,1,8.156279000000,0.126809000000,1.877410531044,-4.483350753784,1.038674592972,0.756288111210,-0.305777698755,0.221500307322,-0.534290075302
1390,1390,1413393955.505760431290,1413393955.505760431290,2,1,1,0,0,0,398,2,0,0,-1,1207,363,363,0,788,0.652858326429,363,1.606593779469,3.402709964840,1.879086509418,10.085399449036,0.645833333333,0,6625,63,0.000176257410,0.049999952316,1,8.194813000000,0.108102000000,1.922878503799,-4.446088790894,1.047703981400,0.756536126137,-0.292176455259,0.216850832105,-0.543379843235
1391,1391,1413393955.555760383606,1413393955.555760383606,2,1,1,0,0,0,399,2,0,0,-1,1202,676,676,0,773,0.643094841930,676,0.247245838130,2.985536089558,1.042768264383,6.165680473373,0.645833333333,1,5913,59,nan,nan,0,7.623528000000,0.112186000000,1.967595338821,-4.409010887146,1.055682420731,0.756634712219,-0.276158303022,0.211660176516,-0.553570687771
1392,1392,1413393955.605760574341,1413393955.605760574341,2,1,1,0,0,0,399,2,0,0,-1,1205,394,394,0,777,0.644813278008,394,1.516649060781,3.663656868410,1.881530862957,9.903553299492,0.625000000000,0,7037,65,0.000159736795,0.050000190735,1,9.302951000000,0.135548000000,2.010757923126,-4.373384475708,1.061561822891,0.756837368011,-0.256447881460,0.208545222878,-0.563862264156
1393,1393,1413393955.655760288239,1413393955.655760288239,2,1,1,0,0,0,399,2,0,0,-1,1203,378,378,0,765,0.635910224439,378,1.556303716860,4.166942948403,1.983849164936,10.333333333333,0.645833333333,0,6839,65,0.000185108540,0.049999713898,1,8.599049000000,0.182109000000,2.052577018738,-4.338971138000,1.064102172852,0.758383274078,-0.235283717513,0.206345602870,-0.571767389774
1394,1394,1413393955.705760478973,1413393955.705760478973,2,1,1,0,0,0,400,2,0,0,-1,1200,645,645,0,761,0.634166666667,645,0.494681955658,2.471189220797,0.899397218614,6.116279069767,0.666666666667,1,5844,56,nan,nan,0,7.833658000000,1.331616000000,2.096215248108,-4.306258678436,1.060667753220,0.762651085854,-0.213487043977,0.207251369953,-0.574311435223
1395,1395,1413393955.755760431290,1413393955.755760431290,2,1,1,0,0,0,400,2,0,0,-1,1203,462,462,0,778,0.646716541978,462,1.417741808067,3.336813708874,1.717214586126,8.900432900433,0.604166666667,0,6308,58,0.000162264536,0.049999952316,1,9.072390000000,0.125180000000,2.135375022888,-4.274341106415,1.056672096252,0.767932891846,-0.191908046603,0.211301863194,-0.573412597179
1396,1396,1413393955.805760622025,1413393955.805760622025,2,1,1,0,0,0,401,2,0,0,-1,1201,453,453,0,752,0.626144879267,453,1.425872560739,3.523320609476,1.774991798365,8.849889624724,0.625000000000,0,5862,57,nan,nan,0,12.097316000000,0.117838000000,2.169809579849,-4.243260383606,1.046456336975,0.773363053799,-0.172211274505,0.215970933437,-0.570622086525
1397,1397,1413393955.855760335922,1413393955.855760335922,2,1,1,0,0,0,401,2,0,0,-1,1201,386,386,0,726,0.604496253122,386,1.461494269307,3.458042930210,1.787662149503,8.186528497409,0.645833333333,0,6363,59,0.000041530780,0.049999713898,1,7.820661000000,0.097583000000,2.202737569809,-4.212789535522,1.037086963654,0.780191779137,-0.156775712967,0.218436181545,-0.564807832241
1398,1398,1413393955.905760526657,1413393955.905760526657,2,1,1,0,0,0,401,2,0,0,-1,1203,379,379,0,698,0.580216126351,379,1.506238356880,3.291517252246,1.847161573171,8.166226912929,0.666666666667,0,5919,58,0.000033745509,0.050000190735,1,7.726133000000,0.092992000000,2.231087207794,-4.182017326355,1.027113914490,0.787798821926,-0.148520052433,0.213898122311,-0.558177828789
1399,1399,1413393955.955760478973,1413393955.955760478973,2,1,1,0,0,0,401,2,0,0,-1,1203,345,345,0,740,0.615128844555,345,1.617396840135,3.524965249022,1.911048983037,8.684057971014,0.625000000000,0,5919,58,0.000073748139,0.049999952316,1,7.213490000000,0.088605000000,2.254435300827,-4.149688720703,1.018973350525,0.794262290001,-0.148478850722,0.199755594134,-0.554255545139
1400,1400,1413393956.005760431290,1413393956.005760431290,2,1,1,0,0,0,401,2,0,0,-1,1203,634,634,0,693,0.576059850374,634,0.301636967906,3.224845615729,1.083028842762,5.531545741325,0.729166666667,1,5919,58,0.000097268850,0.049999952316,1,8.058011000000,0.883346000000,2.273898124695,-4.115809440613,1.012398481369,0.799566924572,-0.151874199510,0.182520970702,-0.551645874977
1401,1401,1413393956.055760383606,1413393956.055760383606,2,1,1,0,0,0,401,2,0,0,-1,1203,437,437,0,736,0.611803823774,437,1.397387324913,3.667400058385,1.855508086183,8.045766590389,0.708333333333,0,6362,60,0.000090691021,0.049999952316,1,8.283257000000,0.107557000000,2.290542602539,-4.080391407013,1.007738590240,0.802920579910,-0.155388906598,0.164961576462,-0.551326215267
1402,1402,1413393956.105760574341,1413393956.105760574341,2,1,1,0,0,0,402,2,0,0,-1,1206,438,438,0,733,0.607794361526,438,1.447121261392,3.321452407343,1.760196879879,7.929223744292,0.708333333333,0,6520,62,nan,nan,0,9.188877000000,0.117632000000,2.303938865662,-4.044836044312,1.005135297775,0.804770708084,-0.157896548510,0.148844644427,-0.552501738071
1403,1403,1413393956.155760288239,1413393956.155760288239,2,1,1,0,0,0,402,2,0,0,-1,1204,424,424,0,722,0.599667774086,424,1.575884425055,3.637127326420,1.938519542909,7.773584905660,0.729166666667,0,6532,62,0.000186478253,0.049999713898,1,7.552146000000,0.111522000000,2.317266225815,-4.007420063019,1.002227067947,0.806249082088,-0.157421037555,0.134630292654,-0.554126083851
1404,1404,1413393956.205760478973,1413393956.205760478973,2,1,1,0,0,0,402,2,0,0,-1,1204,405,405,0,703,0.583887043189,405,1.782735682104,3.654056264256,2.064827866599,8.274074074074,0.729166666667,0,6532,62,0.000206850556,0.050000190735,1,8.434987000000,0.097192000000,2.329782247543,-3.969182014465,1.000073194504,0.807250678539,-0.153710395098,0.122292190790,-0.556564509869
1405,1405,1413393956.255760431290,1413393956.255760431290,2,1,1,0,0,0,402,2,0,0,-1,1201,685,685,0,727,0.605328892590,685,0.493850640118,3.086224527025,1.104890660960,5.213138686131,0.791666666667,1,5881,58,0.000203924457,0.049999952316,1,7.754081000000,0.119347000000,2.342167377472,-3.929923295975,0.999416828156,0.805484831333,-0.145905181766,0.113496497273,-0.563049256802
1406,1406,1413393956.305760622025,1413393956.305760622025,2,1,1,0,0,0,402,2,0,0,-1,1202,441,441,0,720,0.599001663894,441,1.571994489487,3.425176298817,1.859182011487,8.117913832200,0.604166666667,0,6441,60,0.000194304972,0.050000190735,1,9.940859000000,0.154059000000,2.354369878769,-3.890111446381,0.999454975128,0.802692890167,-0.134911403060,0.106724090874,-0.571045517921
1407,1407,1413393956.355760335922,1413393956.355760335922,2,1,1,0,0,0,403,2,0,0,-1,1203,411,411,0,766,0.636741479634,411,1.418810078582,3.414593911557,1.786493124049,8.180048661800,0.625000000000,0,5919,57,nan,nan,0,7.274809000000,0.121346000000,2.369644641876,-3.846004962921,1.003129005432,0.799358665943,-0.122193738818,0.099382124841,-0.579842746258
1408,1408,1413393956.405760526657,1413393956.405760526657,2,1,1,0,0,0,403,2,0,0,-1,1202,395,395,0,694,0.577371048253,395,1.545831222953,4.087552283802,1.966911789437,8.473417721519,0.625000000000,0,5766,56,0.000064794142,0.050000190735,1,7.060177000000,0.099125000000,2.380792140961,-3.806637287140,1.004639863968,0.795876562595,-0.108398064971,0.092206485569,-0.588496685028
1409,1409,1413393956.455760478973,1413393956.455760478973,2,1,1,0,0,0,403,2,0,0,-1,1202,692,692,0,727,0.604825291181,692,0.449580679921,3.151686785382,1.097802579699,5.473988439306,0.666666666667,1,5751,55,0.000032816661,0.049999952316,1,7.079229000000,0.175840000000,2.390918493271,-3.768184661865,1.006137371063,0.792904198170,-0.093803897500,0.084527231753,-0.596119999886
1410,1410,1413393956.505760431290,1413393956.505760431290,2,1,1,0,0,0,403,2,0,0,-1,1202,408,408,0,695,0.578202995008,408,1.466925304605,3.693647952859,1.844723837338,8.338235294118,0.645833333333,0,5844,56,0.000093778646,0.049999952316,1,8.365680000000,0.132211000000,2.400048732758,-3.730986595154,1.006839036942,0.792210102081,-0.078999884427,0.074859425426,-0.600464999676
1411,1411,1413393956.555760383606,1413393956.555760383606,2,1,1,0,0,0,404,2,0,0,-1,1202,425,425,0,678,0.564059900166,425,1.469628786165,3.585826597768,1.858112869669,8.310588235294,0.687500000000,0,5840,56,nan,nan,0,7.104617000000,0.147345000000,2.409617424011,-3.690272092819,1.006460905075,0.793820559978,-0.064497619867,0.063349246979,-0.601394951344
1412,1412,1413393956.605760574341,1413393956.605760574341,2,1,1,0,0,0,404,2,0,0,-1,1203,405,405,0,687,0.571072319202,405,1.526953925282,3.457638908088,1.799181914919,8.056790123457,0.604166666667,0,5760,55,0.000084014740,0.050000190735,1,7.388616000000,0.115854000000,2.416710376740,-3.655299901962,1.006173849106,0.796579480171,-0.049900788814,0.050933044404,-0.600314080715
1413,1413,1413393956.655760288239,1413393956.655760288239,2,1,1,0,0,0,404,2,0,0,-1,1203,616,616,0,700,0.581878636741,616,0.653619230159,2.829223293311,1.107007098555,5.551948051948,0.708333333333,1,5760,55,0.000091496295,0.049999713898,1,6.984181000000,0.158269000000,2.423144102097,-3.621237277985,1.005424976349,0.800718605518,-0.034484483302,0.038163580000,-0.596828460693
1414,1414,1413393956.705760478973,1413393956.705760478973,2,1,1,0,0,0,404,2,0,0,-1,1201,422,422,0,686,0.571190674438,422,1.553813353191,3.536919945287,1.881060515366,8.476303317536,0.729166666667,0,6172,56,0.000032268381,0.050000190735,1,7.896595000000,0.135345000000,2.428984642029,-3.588219404221,1.003848552704,0.805730700493,-0.019355935976,0.025348594412,-0.591422796249
1415,1415,1413393956.755760431290,1413393956.755760431290,2,1,1,0,0,0,405,2,0,0,-1,1205,400,400,0,675,0.560165975104,400,1.604630342109,3.670043385392,1.871946569949,8.142500000000,0.812500000000,0,6174,56,nan,nan,0,7.267565000000,0.126352000000,2.433898448944,-3.564344406128,1.004999399185,0.811053752899,-0.004550135694,0.012471306138,-0.584821105003
1416,1416,1413393956.805760622025,1413393956.805760622025,2,1,1,0,0,0,405,2,0,0,-1,1204,378,378,0,654,0.543189368771,378,1.693245444338,3.846952544774,1.995337894762,8.425925925926,0.770833333333,0,5731,54,0.000054297096,0.050000190735,1,7.333205000000,0.108408000000,2.438872814178,-3.533223152161,1.003759860992,0.814612865448,0.010334427468,-0.000521329755,-0.579912781715
1417,1417,1413393956.855760335922,1413393956.855760335922,2,1,1,0,0,0,405,2,0,0,-1,1203,592,592,0,663,0.551122194514,592,0.593934044030,3.230451234480,1.156088912383,5.920608108108,0.895833333333,1,6174,56,0.000082403298,0.049999713898,1,7.049360000000,0.108028000000,2.443582534790,-3.501986503601,1.003376483917,0.816966056824,0.023404100910,-0.014897921123,-0.576017975807
1418,1418,1413393956.905760526657,1413393956.905760526657,2,1,1,0,0,0,405,2,0,0,-1,1205,419,419,0,664,0.551037344398,419,1.671725604310,3.921555262202,1.988050243811,8.441527446301,0.770833333333,0,6161,56,0.000182088028,0.050000190735,1,8.095469000000,0.095205000000,2.448053121567,-3.470567703247,1.003548145294,0.817805528641,0.036127105355,-0.029946623370,-0.573578357697
1419,1419,1413393956.955760478973,1413393956.955760478973,2,1,1,0,0,0,406,2,0,0,-1,1203,390,390,0,660,0.548628428928,390,1.576995601551,3.593397998162,1.932696134637,7.402564102564,0.833333333333,0,5716,54,nan,nan,0,7.031504000000,0.095064000000,2.451043844223,-3.450004577637,1.010286331177,0.817826807499,0.048105582595,-0.045189253986,-0.571666955948
1420,1420,1413393957.005760431290,1413393957.005760431290,2,1,1,0,0,0,406,2,0,0,-1,1203,377,377,0,661,0.549459684123,377,1.713530522072,3.936452784423,2.049994766483,7.814323607427,0.791666666667,0,6572,61,0.000155983987,0.049999952316,1,7.808283000000,0.103755000000,2.456445217133,-3.418723583221,1.010811328888,0.817247390747,0.061361797154,-0.057903788984,-0.570077836514
1421,1421,1413393957.055760383606,1413393957.055760383606,2,1,1,0,0,0,406,2,0,0,-1,1202,601,601,0,661,0.549916805324,601,0.569770482144,3.175169176179,1.166070968714,5.119800332779,0.812500000000,1,6536,55,0.000222641756,0.049999952316,1,7.247463000000,0.119682000000,2.462327957153,-3.387207746506,1.011400222778,0.816558063030,0.075387150049,-0.070154704154,-0.568003594875
1422,1422,1413393957.105760574341,1413393957.105760574341,2,1,1,0,0,0,406,2,0,0,-1,1210,389,389,0,663,0.547933884298,389,1.751985344436,3.888635869245,2.074920518890,7.827763496144,0.791666666667,0,6690,63,0.000226218195,0.050000190735,1,8.199865000000,0.128594000000,2.468818902969,-3.355313301086,1.011842250824,0.815165400505,0.092519536614,-0.079438477755,-0.566246509552
1423,1423,1413393957.155760288239,1413393957.155760288239,2,1,1,0,0,0,407,2,0,0,-1,1205,381,381,0,627,0.520331950207,381,1.567862914360,3.723429877181,1.918438407786,7.740157480315,0.812500000000,0,7155,66,nan,nan,0,6.977842000000,0.121495000000,2.469545841217,-3.333839654922,1.019159793854,0.813221096992,0.110187560320,-0.087898507714,-0.564627408981
1424,1424,1413393957.205760478973,1413393957.205760478973,2,1,1,0,0,0,407,2,0,0,-1,1207,353,353,0,635,0.526097763049,353,1.737423319677,3.900260420092,2.099648773811,8.305949008499,0.729166666667,0,6703,55,0.000149870597,0.050000190735,1,7.793100000000,0.111928000000,2.475796222687,-3.300309896469,1.020528316498,0.810177743435,0.128521591425,-0.097990952432,-0.563464343548
1425,1425,1413393957.255760431290,1413393957.255760431290,2,1,1,0,0,0,407,2,0,0,-1,1206,581,581,0,614,0.509121061360,581,0.672596075478,3.102891256018,1.198027885546,5.127366609294,0.875000000000,1,6756,55,0.000145992613,0.049999952316,1,7.893662000000,0.108553000000,2.482225418091,-3.266634941101,1.022216320038,0.806877136230,0.147209212184,-0.108872570097,-0.561627686024
1426,1426,1413393957.305760622025,1413393957.305760622025,2,1,1,0,0,0,407,2,0,0,-1,1204,385,385,0,637,0.529069767442,385,1.564901896334,3.491654610245,1.876307672713,7.161038961039,0.875000000000,0,6760,55,0.000083264254,0.050000190735,1,8.634328000000,0.131424000000,2.488553762436,-3.232720851898,1.024160385132,0.803380072117,0.165850445628,-0.120537027717,-0.559057235718
1427,1427,1413393957.355760335922,1413393957.355760335922,2,1,1,0,0,0,408,2,0,0,-1,1204,362,362,0,638,0.529900332226,362,1.609212057205,3.423972878484,1.898503450909,7.370165745856,0.812500000000,0,6578,53,nan,nan,0,7.503113000000,0.086462000000,2.495254278183,-3.199428558350,1.030304908752,0.799045979977,0.184213265777,-0.132330864668,-0.556847870350
1428,1428,1413393957.405760526657,1413393957.405760526657,2,1,1,0,0,0,408,2,0,0,-1,1205,574,574,0,608,0.504564315353,574,0.673312328067,2.980973064657,1.164190434444,5.015679442509,0.895833333333,1,6254,50,0.000075452735,0.050000190735,1,7.887424000000,0.124139000000,2.501897811890,-3.164278507233,1.032876491547,0.794213831425,0.201648414135,-0.143575891852,-0.554930925369
1429,1429,1413393957.455760478973,1413393957.455760478973,2,1,1,0,0,0,408,2,0,0,-1,1208,384,384,0,606,0.501655629139,384,1.557630337539,3.715265481065,1.902898310304,7.057291666667,0.833333333333,0,6372,51,0.000090144975,0.049999952316,1,8.310711000000,0.138830000000,2.508017539978,-3.128618478775,1.035314083099,-0.787950038910,-0.218157202005,0.155364453793,0.554440438747
1430,1430,1413393957.505760431290,1413393957.505760431290,2,1,1,0,0,0,409,2,0,0,-1,1206,300,300,0,612,0.507462686567,300,1.534682293957,3.469253647175,1.853149603791,6.120000000000,0.770833333333,0,5746,48,nan,nan,0,9.785771000000,0.111853000000,2.513700246811,-3.097136259079,1.035991668701,-0.781530618668,-0.233485057950,0.165775582194,0.554268121719
1431,1431,1413393957.555760383606,1413393957.555760383606,2,1,1,0,0,0,409,2,0,0,-1,1209,563,563,0,591,0.488833746898,563,0.403075895766,2.716683727626,1.001806763791,4.172291296625,0.750000000000,1,5336,43,0.000125205115,0.049999952316,1,8.597542000000,0.163380000000,2.519754409790,-3.061356306076,1.034606933594,-0.774863660336,-0.248150601983,0.177044823766,0.553771436214
1432,1432,1413393957.605760574341,1413393957.605760574341,2,1,1,0,0,0,409,2,0,0,-1,1204,362,362,0,581,0.482558139535,362,1.469215008185,3.325620313456,1.791020579601,6.060773480663,0.729166666667,0,5301,42,0.000120576464,0.050000190735,1,7.769179000000,0.130408000000,2.525887966156,-3.026106357574,1.030595302582,-0.767406046391,-0.262764573097,0.188676089048,0.553573966026
1433,1433,1413393957.655760288239,1413393957.655760288239,2,1,1,0,0,0,410,2,0,0,-1,1209,312,312,0,541,0.447477253929,312,1.391600992186,3.064250985008,1.708363088578,5.483974358974,0.729166666667,0,5253,42,nan,nan,0,8.345222000000,0.083630000000,2.531603336334,-2.992424011230,1.021106243134,-0.758244812489,-0.276205033064,0.201626837254,0.555087685585
1434,1434,1413393957.705760478973,1413393957.705760478973,2,1,1,0,0,0,410,2,0,0,-1,1203,487,487,0,505,0.419783873649,487,0.530129604609,2.756958238165,1.070197353278,3.845995893224,0.729166666667,1,5161,39,0.000105326217,0.050000190735,1,7.526657000000,0.111299000000,2.537932872772,-2.958336353302,1.011859416962,-0.747343540192,-0.289966076612,0.214468091726,0.558032989502
1435,1435,1413393957.755760431290,1413393957.755760431290,2,1,1,0,0,0,410,2,0,0,-1,1207,316,316,0,506,0.419221209611,316,1.667142697710,3.529698096163,1.927309040689,5.487341772152,0.750000000000,0,4698,37,0.000151820845,0.049999952316,1,6.835246000000,0.113577000000,2.544839382172,-2.925070762634,0.999360561371,-0.737017691135,-0.304277569056,0.226678729057,0.559318244457
1436,1436,1413393957.805760622025,1413393957.805760622025,2,1,1,0,0,0,411,2,0,0,-1,1206,287,287,0,489,0.405472636816,287,1.672322009963,4.133686403599,2.022298060530,5.533101045296,0.687500000000,0,4515,36,nan,nan,0,9.781417000000,0.200104000000,2.552164793015,-2.887840747833,0.980429172516,-0.726606786251,-0.321091383696,0.234752252698,0.560209155083
1437,1437,1413393957.855760335922,1413393957.855760335922,2,1,1,0,0,0,411,2,0,0,-1,1204,498,498,0,535,0.444352159468,498,0.000260965349,2.746938127362,0.918744380640,3.676706827309,0.750000000000,1,5112,44,0.000104257073,0.049999713898,1,6.322940000000,0.097821000000,2.560740709305,-2.856719017029,0.962630748749,-0.717271864414,-0.338955372572,0.240545988083,0.559256672859
1438,1438,1413393957.905760526657,1413393957.905760526657,2,1,1,0,0,0,411,2,0,0,-1,1208,345,345,0,542,0.448675496689,345,1.670649934816,3.885582926508,1.938643653539,5.376811594203,0.750000000000,0,5816,49,0.000134169837,0.050000190735,1,8.583858000000,0.299925000000,2.570719718933,-2.827542304993,0.944306850433,-0.708961248398,-0.357163250446,0.243315652013,0.557320296764
1439,1439,1413393957.955760478973,1413393957.955760478973,2,1,1,0,0,0,412,2,0,0,-1,1205,294,294,0,528,0.438174273859,294,1.593962822494,3.695469545416,1.926327158325,5.251700680272,0.729166666667,0,5917,50,nan,nan,0,6.779636000000,0.113700000000,2.581936836243,-2.802987337112,0.924829006195,-0.701340198517,-0.376115888357,0.243471622467,0.554418981075
1440,1440,1413393958.005760431290,1413393958.005760431290,2,1,1,0,0,0,412,2,0,0,-1,1206,272,272,0,540,0.447761194030,272,1.669431232357,3.810416103655,1.992547692557,5.334558823529,0.729166666667,0,4265,32,0.000016824821,0.049999952316,1,6.376776000000,0.082786000000,2.593333244324,-2.778167247772,0.908771991730,-0.696434736252,-0.393153250217,0.242155119777,0.549336016178
1441,1441,1413393958.055760383606,1413393958.055760383606,2,1,1,0,0,0,412,2,0,0,-1,1202,247,247,0,526,0.437603993344,247,1.758582651057,3.683785019056,2.107871887969,5.437246963563,0.708333333333,0,5811,45,0.000051452669,0.049999952316,1,6.428656000000,0.114756000000,2.604129314423,-2.755827426910,0.896387577057,-0.693358123302,-0.407476782799,0.241051584482,0.543241560459
1442,1442,1413393958.105760574341,1413393958.105760574341,2,1,1,0,0,0,412,2,0,0,-1,1206,489,489,0,513,0.425373134328,489,0.000211981872,2.774395339366,0.881863352886,3.404907975460,0.875000000000,1,5074,38,0.000045682395,0.050000190735,1,6.278839000000,0.130670000000,2.613595724106,-2.736180305481,0.889157772064,-0.691436886787,-0.417556047440,0.242271572351,0.537463128567
1443,1443,1413393958.155760288239,1413393958.155760288239,2,1,1,0,0,0,412,2,0,0,-1,1207,350,350,0,525,0.434962717481,350,1.336899116535,3.505846072246,1.726917761073,4.714285714286,0.854166666667,0,5181,39,0.000047340800,0.049999713898,1,7.639714000000,0.126477000000,2.620592117310,-2.718938112259,0.886669158936,-0.690776526928,-0.424223214388,0.245603919029,0.531546056271
1444,1444,1413393958.205760478973,1413393958.205760478973,2,1,1,0,0,0,413,2,0,0,-1,1207,355,355,0,520,0.430820215410,355,1.310028944913,3.042472582494,1.587317858978,4.377464788732,0.854166666667,0,4094,29,nan,nan,0,10.301758000000,0.099869000000,2.623032331467,-2.702264308929,0.888709545135,-0.689927160740,-0.428867727518,0.249220013618,0.527221500874
1445,1445,1413393958.255760431290,1413393958.255760431290,2,1,1,0,0,0,413,2,0,0,-1,1205,351,351,0,511,0.424066390041,351,1.441716295201,3.254756163918,1.849101965158,4.470085470085,0.812500000000,0,4037,29,0.000114931805,0.049999952316,1,6.279390000000,0.107884000000,2.623527765274,-2.688353300095,0.895221233368,-0.690089821815,-0.429474204779,0.256300747395,0.523104071617
1446,1446,1413393958.305760622025,1413393958.305760622025,2,1,1,0,0,0,413,2,0,0,-1,1204,338,338,0,492,0.408637873754,338,1.416754571929,3.312052383975,1.746874382012,4.500000000000,0.812500000000,0,5872,45,0.000097301941,0.050000190735,1,6.926768000000,0.085129000000,2.621659278870,-2.676341772079,0.904801845551,-0.692342102528,-0.427942991257,0.264251798391,0.517395615578
1447,1447,1413393958.355760335922,1413393958.355760335922,2,1,1,0,0,0,413,2,0,0,-1,1204,335,335,0,501,0.416112956811,335,1.728995044207,3.849607901098,2.023798963474,4.647761194030,0.770833333333,0,5695,45,0.000120885983,0.049999713898,1,8.277276000000,0.863389000000,2.618473052979,-2.665978431702,0.916791439056,-0.695763051510,-0.424025207758,0.273521840572,0.511177361012
1448,1448,1413393958.405760526657,1413393958.405760526657,2,1,1,0,0,0,413,2,0,0,-1,1206,299,299,0,526,0.436152570481,299,1.825450324128,4.274477913441,2.148204760090,4.297658862876,0.791666666667,0,5974,47,0.000060821203,0.050000190735,1,6.956851000000,0.097089000000,2.614565849304,-2.656435966492,0.927654266357,-0.699667155743,-0.421183973551,0.279603034258,0.504868507385
1449,1449,1413393958.455760478973,1413393958.455760478973,2,1,1,0,0,0,413,2,0,0,-1,1207,277,277,0,509,0.421706710853,277,1.936097082516,4.298316667439,2.214371467282,4.537906137184,0.750000000000,0,5519,43,0.000054167976,0.049999952316,1,7.110246000000,0.082823000000,2.610354185104,-2.647521734238,0.935933589935,-0.702914655209,-0.419391959906,0.283251017332,0.499790191650
1450,1450,1413393958.505760431290,1413393958.505760431290,2,1,1,0,0,0,413,2,0,0,-1,1202,252,252,0,517,0.430116472546,252,1.664552761245,4.116639491933,2.071185983178,4.746031746032,0.687500000000,0,5708,44,0.000171849679,0.049999952316,1,7.206213000000,0.100556000000,2.607120513916,-2.640005588531,0.941688537598,-0.707107603550,-0.418806463480,0.284252405167,0.493761599064
1451,1451,1413393958.555760383606,1413393958.555760383606,2,1,1,0,0,0,413,2,0,0,-1,1206,289,289,0,541,0.448590381426,289,1.761050890944,4.016116114996,2.057209395855,4.581314878893,0.729166666667,0,5438,42,0.000328019465,0.049999952316,1,6.201428000000,0.076083000000,2.608844041824,-2.634631633759,0.945505619049,-0.711835563183,-0.419329971075,0.282941609621,0.487233579159
1452,1452,1413393958.605760574341,1413393958.605760574341,2,1,1,0,0,0,413,2,0,0,-1,1209,501,501,0,538,0.444995864351,501,0.555576041414,3.387000599769,1.195974237431,3.556886227545,0.812500000000,1,5872,45,0.000105834180,0.050000190735,1,6.479759000000,0.093720000000,2.605980873108,-2.626714944839,0.944910526276,-0.716472387314,-0.420366555452,0.280535101891,0.480894356966
1453,1453,1413393958.655760288239,1413393958.655760288239,2,1,1,0,0,0,413,2,0,0,-1,1206,386,386,0,560,0.464344941957,386,1.548192739818,3.830388623017,1.928427826003,4.880829015544,0.833333333333,0,6190,49,0.000158089257,0.049999713898,1,8.512883000000,0.113458000000,2.602361440659,-2.618323326111,0.941112041473,-0.720295667648,-0.421441376209,0.277584105730,0.475929021835
1454,1454,1413393958.705760478973,1413393958.705760478973,2,1,1,0,0,0,414,2,0,0,-1,1206,372,372,0,566,0.469320066335,372,1.503269062345,3.526040168557,1.809246317226,5.018817204301,0.833333333333,0,5620,45,nan,nan,0,6.049950000000,0.115221000000,2.608956575394,-2.610178709030,0.934136867523,-0.722943246365,-0.421993017197,0.275499165058,0.472625851631
1455,1455,1413393958.755760431290,1413393958.755760431290,2,1,1,0,0,0,414,2,0,0,-1,1203,333,333,0,537,0.446384039900,333,1.691003659917,3.623049901550,1.958394939305,4.972972972973,0.812500000000,0,6088,48,0.000193393178,0.049999952316,1,7.371833000000,0.117101000000,2.601495981216,-2.598821163177,0.925456047058,-0.722919702530,-0.420763283968,0.275192260742,0.473935335875
1456,1456,1413393958.805760622025,1413393958.805760622025,2,1,1,0,0,0,414,2,0,0,-1,1206,375,375,0,589,0.488391376451,375,1.823247840068,4.129627565622,2.146461942476,5.040000000000,0.812500000000,0,4701,36,0.000337406731,0.050000190735,1,6.715526000000,0.081997000000,2.592359781265,-2.586438417435,0.915249824524,-0.720255494118,-0.418347775936,0.276335656643,0.479432851076
1457,1457,1413393958.855760335922,1413393958.855760335922,2,1,1,0,0,0,414,2,0,0,-1,1207,367,367,0,554,0.458989229495,367,1.682613677499,3.902955215250,2.082381601565,5.111716621253,0.791666666667,0,6088,48,0.000406434003,0.049999713898,1,6.791374000000,0.102925000000,2.581998825073,-2.573498725891,0.903591156006,-0.716511130333,-0.415292114019,0.278161376715,0.486590832472
1458,1458,1413393958.905760526657,1413393958.905760526657,2,1,1,0,0,0,414,2,0,0,-1,1203,324,324,0,541,0.449709060682,324,1.691111084076,3.781822523874,2.011612207518,5.398148148148,0.770833333333,0,6407,51,0.000235275060,0.050000190735,1,7.195399000000,0.124504000000,2.570465564728,-2.560198783875,0.889153957367,-0.712713837624,-0.412468075752,0.279532313347,0.493731588125
1459,1459,1413393958.955760478973,1413393958.955760478973,2,1,1,0,0,0,414,2,0,0,-1,1204,504,504,0,542,0.450166112957,504,0.742853232741,3.117952142390,1.156073016502,4.031746031746,0.875000000000,1,5508,41,0.000273849582,0.049999952316,1,6.983216000000,0.098385000000,2.557967901230,-2.546783924103,0.872048854828,-0.710085988045,-0.409196138382,0.281440109015,0.499127149582
1460,1460,1413393959.005760431290,1413393959.005760431290,2,1,1,0,0,0,414,2,0,0,-1,1204,364,364,0,539,0.447674418605,364,1.541808376699,3.998608168003,1.986674851741,6.063186813187,0.812500000000,0,5548,42,0.000344412954,0.049999952316,1,6.946253000000,0.111476000000,2.543482780457,-2.533478736877,0.854470252991,-0.708159923553,-0.404733449221,0.284975886345,0.503477036953
1461,1461,1413393959.055760383606,1413393959.055760383606,2,1,1,0,0,0,415,2,0,0,-1,1206,335,335,0,573,0.475124378109,335,1.718737865844,4.407241193577,2.176087504073,6.188059701493,0.770833333333,0,5967,47,nan,nan,0,6.201726000000,0.079660000000,2.530185699463,-2.518496751785,0.839110374451,-0.707884013653,-0.398244976997,0.291294634342,0.505419313908
1462,1462,1413393959.105760574341,1413393959.105760574341,2,1,1,0,0,0,415,2,0,0,-1,1207,306,306,0,553,0.458160729080,306,1.834701068502,3.666430766232,2.105300783180,6.434640522876,0.770833333333,0,5811,46,0.000200538823,0.050000190735,1,6.774891000000,0.076774000000,2.517080545425,-2.505861282349,0.817887306213,-0.707531511784,-0.390507370234,0.299340516329,0.507245898247
1463,1463,1413393959.155760288239,1413393959.155760288239,2,1,1,0,0,0,415,2,0,0,-1,1204,301,301,0,572,0.475083056478,301,1.971421177342,4.046686490174,2.268263639724,6.767441860465,0.729166666667,0,5967,47,0.000316637917,0.049999713898,1,6.527380000000,0.103084000000,2.504950046539,-2.492869615555,0.797437191010,-0.706100344658,-0.383188575506,0.306851446629,0.510324537754
1464,1464,1413393959.205760478973,1413393959.205760478973,2,1,1,0,0,0,415,2,0,0,-1,1202,499,499,0,545,0.453410981697,499,0.107520491676,3.580762750031,1.241446404509,4.452905811623,0.854166666667,1,6070,49,0.000554116908,0.050000190735,1,6.552867000000,0.097029000000,2.494080305099,-2.479051589966,0.777729272842,-0.703372359276,-0.378974854946,0.310419887304,0.515058279037
1465,1465,1413393959.255760431290,1413393959.255760431290,2,1,1,0,0,0,415,2,0,0,-1,1207,336,336,0,566,0.468931234466,336,1.998669917925,3.621742732090,2.163013960014,6.354166666667,0.770833333333,0,5526,43,0.000363582949,0.049999952316,1,7.093707000000,0.086661000000,2.485102176666,-2.464621782303,0.758226394653,-0.700158655643,-0.378542423248,0.308383315802,0.520944595337
1466,1466,1413393959.305760622025,1413393959.305760622025,2,1,1,0,0,0,416,2,0,0,-1,1204,358,358,0,539,0.447674418605,358,1.813723815765,4.018684918063,2.136554224827,6.583798882682,0.791666666667,0,5343,41,nan,nan,0,6.219638000000,0.087362000000,2.470730543137,-2.443522214890,0.742929697037,-0.700279176235,-0.380701154470,0.303487688303,0.522083282471
1467,1467,1413393959.355760335922,1413393959.355760335922,2,1,1,0,0,0,416,2,0,0,-1,1207,346,346,0,572,0.473902236951,346,1.921276100667,4.216840551429,2.210610351095,6.630057803468,0.770833333333,0,5371,41,0.000253950653,0.049999713898,1,6.829579000000,0.081443000000,2.464816093445,-2.429117918015,0.723963022232,-0.701518177986,-0.383628606796,0.297791749239,0.521556794643
1468,1468,1413393959.405760526657,1413393959.405760526657,2,1,1,0,0,0,416,2,0,0,-1,1204,307,307,0,603,0.500830564784,307,1.993189417880,4.132506717113,2.335267546525,6.798045602606,0.708333333333,0,5699,45,0.000193261905,0.050000190735,1,6.957709000000,0.082772000000,2.459923744202,-2.414813995361,0.706458091736,-0.702781617641,-0.386430114508,0.292640656233,0.520702719688
1469,1469,1413393959.455760478973,1413393959.455760478973,2,1,1,0,0,0,416,2,0,0,-1,1205,538,538,0,585,0.485477178423,538,0.322676679852,3.146900325321,1.151674530947,4.500000000000,0.854166666667,1,4249,32,0.000194765336,0.049999952316,1,6.244941000000,0.115609000000,2.455839157104,-2.400749683380,0.690490007401,-0.704179167747,-0.388426303864,0.288632661104,0.519565165043
1470,1470,1413393959.505760431290,1413393959.505760431290,2,1,1,0,0,0,416,2,0,0,-1,1204,371,371,0,593,0.492524916944,371,1.812229453534,3.555965999575,2.026791680970,6.641509433962,0.833333333333,0,4359,33,0.000195693734,0.049999952316,1,6.512205000000,0.104429000000,2.452071428299,-2.386878013611,0.676430702209,-0.703474283218,-0.389619469643,0.285592257977,0.521303772926
1471,1471,1413393959.555760383606,1413393959.555760383606,2,1,1,0,0,0,417,2,0,0,-1,1202,388,388,0,586,0.487520798669,388,1.506620976193,3.418446156269,1.853228004820,6.461340206186,0.833333333333,0,3926,29,nan,nan,0,5.753838000000,0.103008000000,2.437673091888,-2.368280410767,0.667397022247,-0.702272653580,-0.389991432428,0.284476280212,0.523252487183
1472,1472,1413393959.605760574341,1413393959.605760574341,2,1,1,0,0,0,417,2,0,0,-1,1204,350,350,0,641,0.532392026578,350,1.660664290109,3.657023837543,1.967511541852,6.497142857143,0.770833333333,0,4312,32,0.000060340644,0.050000190735,1,6.022760000000,0.081838000000,2.434084177017,-2.355225563049,0.657976150513,-0.695281445980,-0.387011975050,0.287740558386,0.532926738262
1473,1473,1413393959.655760288239,1413393959.655760288239,2,1,1,0,0,0,417,2,0,0,-1,1201,322,322,0,639,0.532056619484,322,1.593554277854,3.809308035494,1.982712693323,6.795031055901,0.770833333333,0,4066,30,0.000043486911,0.049999713898,1,6.107903000000,0.070953000000,2.431439876556,-2.343150138855,0.650633573532,-0.685364544392,-0.382599234581,0.292734056711,0.546077013016
1474,1474,1413393959.705760478973,1413393959.705760478973,2,1,1,0,0,0,417,2,0,0,-1,1205,298,298,0,602,0.499585062241,298,1.628187834644,3.813814497161,2.057939592723,6.439597315436,0.687500000000,0,5323,39,0.000073439478,0.050000190735,1,7.302216000000,0.084037000000,2.430790424347,-2.332984447479,0.643995285034,-0.677462756634,-0.377961605787,0.298067182302,0.556188225746
1475,1475,1413393959.755760431290,1413393959.755760431290,2,1,1,0,0,0,417,2,0,0,-1,1204,531,531,0,580,0.481727574751,531,0.421663133969,3.175058583564,1.132789480421,4.346516007533,0.916666666667,1,4066,30,0.000095788149,0.049999952316,1,6.327368000000,0.110124000000,2.432553291321,-2.324709415436,0.637583494186,-0.671293616295,-0.374550789595,0.301424413919,0.564109861851
1476,1476,1413393959.805760622025,1413393959.805760622025,2,1,1,0,0,0,417,2,0,0,-1,1203,372,372,0,646,0.536990856193,372,1.586434881043,3.543608478306,1.990487076184,6.690860215054,0.750000000000,0,4145,31,0.000112160364,0.050000190735,1,6.828249000000,0.094371000000,2.437274456024,-2.318710803986,0.629726648331,-0.671813905239,-0.375208735466,0.299879699945,0.563876569271
1477,1477,1413393959.855760335922,1413393959.855760335922,2,1,1,0,0,0,418,2,0,0,-1,1206,394,394,0,663,0.549751243781,394,1.556050800151,3.791967071155,1.957787889455,6.639593908629,0.687500000000,0,4132,31,nan,nan,0,6.339921000000,0.120291000000,2.438789844513,-2.311779737473,0.619470119476,-0.679573118687,-0.379013448954,0.294990956783,0.554535567760
1478,1478,1413393959.905760526657,1413393959.905760526657,2,1,1,0,0,0,418,2,0,0,-1,1200,394,394,0,662,0.551666666667,394,1.625264104237,3.691864464839,1.945821935230,7.025380710660,0.750000000000,0,5445,42,0.000122502475,0.050000190735,1,6.814842000000,0.084447000000,2.448550224304,-2.310309886932,0.611430644989,-0.687658905983,-0.383499175310,0.288325995207,0.544905245304
1479,1479,1413393959.955760478973,1413393959.955760478973,2,1,1,0,0,0,418,2,0,0,-1,1207,383,383,0,713,0.590720795360,383,1.618879741918,3.968305384871,1.959931008409,7.046997389034,0.791666666667,0,4231,32,0.000185132056,0.049999952316,1,6.876751000000,0.094367000000,2.459798097610,-2.310469865799,0.604400157928,-0.695645451546,-0.388658821583,0.280975282192,0.534859538078
1480,1480,1413393960.005760431290,1413393960.005760431290,2,1,1,0,0,0,418,2,0,0,-1,1204,356,356,0,667,0.553986710963,356,1.624498425054,3.606099926880,1.977576325451,7.367977528090,0.708333333333,0,5545,46,0.000181968702,0.049999952316,1,7.377157000000,0.098860000000,2.471675395966,-2.311909198761,0.598621129990,-0.702945709229,-0.392563760281,0.275208503008,0.525377452374
1481,1481,1413393960.055760383606,1413393960.055760383606,2,1,1,0,0,0,418,2,0,0,-1,1206,361,361,0,630,0.522388059701,361,1.590141261813,3.875076223985,2.025585301279,7.398891966759,0.770833333333,0,4563,37,0.000180028408,0.049999952316,1,7.268093000000,0.117290000000,2.483413457870,-2.314259052277,0.593806743622,-0.709171533585,-0.395973473787,0.269990712404,0.517093658447
1482,1482,1413393960.105760574341,1413393960.105760574341,2,1,1,0,0,0,418,2,0,0,-1,1205,330,330,0,684,0.567634854772,330,1.656541434611,3.878424027753,2.065522467063,7.718181818182,0.770833333333,0,5545,46,0.000140556906,0.050000190735,1,7.699145000000,0.092278000000,2.494455814362,-2.317089557648,0.590221881866,-0.714137911797,-0.399023354053,0.265401989222,0.510244369507
1483,1483,1413393960.155760288239,1413393960.155760288239,2,1,1,0,0,0,418,2,0,0,-1,1202,347,347,0,701,0.583194675541,347,1.633118109189,3.436620670068,1.951370489102,7.821325648415,0.791666666667,0,6123,49,0.000140299060,0.049999713898,1,7.478556000000,0.083653000000,2.504346370697,-2.320029973984,0.586927413940,-0.719464182854,-0.402117192745,0.260859698057,0.502618432045
1484,1484,1413393960.205760478973,1413393960.205760478973,2,1,1,0,0,0,418,2,0,0,-1,1206,319,319,0,700,0.580431177446,319,1.645354820251,3.651183532381,1.986009148240,7.915360501567,0.770833333333,0,5545,46,0.000108071603,0.050000190735,1,6.926980000000,0.112850000000,2.512592315674,-2.322893619537,0.583902359009,-0.724953591824,-0.404864072800,0.256225734949,0.494849383831
1485,1485,1413393960.255760431290,1413393960.255760431290,2,1,1,0,0,0,418,2,0,0,-1,1209,660,660,0,699,0.578163771712,660,0.000096505056,2.460644733295,0.865074076927,4.680303030303,0.916666666667,1,4936,41,0.000122288940,0.049999952316,1,6.727714000000,0.112628000000,2.519067764282,-2.325614929199,0.580313682556,-0.731609463692,-0.408405750990,0.250865876675,0.484787225723
1486,1486,1413393960.305760622025,1413393960.305760622025,2,1,1,0,0,0,418,2,0,0,-1,1202,427,427,0,634,0.527454242928,427,1.270741349981,3.180480228608,1.615477419648,7.100702576112,0.812500000000,0,5028,39,0.000072093244,0.050000190735,1,7.457463000000,0.114387000000,2.522956848145,-2.327349662781,0.578113555908,-0.735692083836,-0.410626858473,0.247457623482,0.478442758322
1487,1487,1413393960.355760335922,1413393960.355760335922,2,1,1,0,0,0,419,2,0,0,-1,1208,467,467,0,616,0.509933774834,467,1.217354607332,3.284684216269,1.604746277220,6.875802997859,0.854166666667,0,5390,43,nan,nan,0,12.138919000000,0.195926000000,2.522949218750,-2.328749656677,0.575403213501,-0.736552238464,-0.411035090685,0.247341662645,0.476826041937
1488,1488,1413393960.405760526657,1413393960.405760526657,2,1,1,0,0,0,419,2,0,0,-1,1204,509,509,0,665,0.552325581395,509,1.237499304552,3.284431620596,1.610380546623,6.512770137525,0.875000000000,0,5196,40,0.000045568464,0.050000190735,1,7.897483000000,0.143376000000,2.521263599396,-2.328679800034,0.576790332794,-0.732073307037,-0.410672307014,0.251145780087,0.482019484043
1489,1489,1413393960.455760478973,1413393960.455760478973,2,1,1,0,0,0,419,2,0,0,-1,1205,481,481,0,678,0.562655601660,481,1.251892272200,3.069240406703,1.565198793783,6.943866943867,0.812500000000,0,6804,59,0.000053603995,0.049999952316,1,8.258484000000,0.126367000000,2.516691923141,-2.328264236450,0.578253269196,-0.725527465343,-0.410800129175,0.257060468197,0.488644093275
1490,1490,1413393960.505760431290,1413393960.505760431290,2,1,1,0,0,0,419,2,0,0,-1,1202,442,442,0,663,0.551580698835,442,1.309163653420,3.340706225057,1.673306370841,7.011312217195,0.875000000000,0,4374,33,0.000105604791,0.049999952316,1,7.018757000000,0.115990000000,2.510139942169,-2.327720165253,0.577762603760,-0.717742085457,-0.412469029427,0.264274239540,0.494848221540
1491,1491,1413393960.555760383606,1413393960.555760383606,2,1,1,0,0,0,419,2,0,0,-1,1205,444,444,0,617,0.512033195021,444,1.362476325755,3.357283192596,1.689359128902,7.128378378378,0.854166666667,0,5944,49,0.000161561678,0.049999952316,1,7.515008000000,0.116144000000,2.502772092819,-2.327805519104,0.572590827942,-0.710419476032,-0.416992634535,0.271301060915,0.497812330723
1492,1492,1413393960.605760574341,1413393960.605760574341,2,1,1,0,0,0,419,2,0,0,-1,1203,410,410,0,631,0.524522028263,410,1.463347512960,3.374509951008,1.761757604696,7.460975609756,0.791666666667,0,5050,39,0.000176654372,0.050000190735,1,6.683597000000,0.102734000000,2.494652986526,-2.328544616699,0.561938285828,-0.702414155006,-0.423583567142,0.279562324286,0.499035418034
1493,1493,1413393960.655760288239,1413393960.655760288239,2,1,1,0,0,0,419,2,0,0,-1,1204,403,403,0,633,0.525747508306,403,1.609516526742,3.418276287522,1.892171066380,7.600496277916,0.791666666667,0,4183,32,0.000192718449,0.049999713898,1,8.044416000000,0.142977000000,2.486044406891,-2.330280780792,0.545166492462,-0.694300234318,-0.431867510080,0.288345038891,0.498291969299
1494,1494,1413393960.705760478973,1413393960.705760478973,2,1,1,0,0,0,419,2,0,0,-1,1206,605,605,0,635,0.526533996683,605,0.699295109870,2.724880905387,1.065016595850,5.338842975207,0.750000000000,1,6060,49,0.000113814676,0.050000190735,1,7.698737000000,1.411039000000,2.477611303329,-2.332746505737,0.522259235382,-0.686404049397,-0.441869497299,0.296801954508,0.495489090681
1495,1495,1413393960.755760431290,1413393960.755760431290,2,1,1,0,0,0,419,2,0,0,-1,1209,430,430,0,629,0.520264681555,430,1.638917906775,3.470761710715,1.890583061545,8.188372093023,0.770833333333,0,6294,52,0.000098283665,0.049999952316,1,9.057837000000,0.100411000000,2.468886375427,-2.335610389709,0.494474887848,-0.679009258747,-0.452998548746,0.304747849703,0.490782678127
1496,1496,1413393960.805760622025,1413393960.805760622025,2,1,1,0,0,0,420,2,0,0,-1,1205,393,393,0,616,0.511203319502,393,1.770138731264,3.631984611761,2.053194828138,8.058524173028,0.645833333333,0,6028,49,nan,nan,0,8.993957000000,0.155829000000,2.458650588989,-2.335831880569,0.459995746613,-0.671850800514,-0.464639335871,0.312825351954,0.484630852938
1497,1497,1413393960.855760335922,1413393960.855760335922,2,1,1,0,0,0,420,2,0,0,-1,1203,594,594,0,652,0.541978387365,594,0.742039266549,2.948621449211,1.132301406305,5.823232323232,0.812500000000,1,5132,40,0.000065384171,0.049999713898,1,7.273733000000,0.117529000000,2.450425386429,-2.340237855911,0.426331520081,-0.668526411057,-0.476748257875,0.316897600889,0.474720448256
1498,1498,1413393960.905760526657,1413393960.905760526657,2,1,1,0,0,0,420,2,0,0,-1,1203,368,368,0,646,0.536990856193,368,1.585342571327,3.613155970811,1.911921371438,8.597826086957,0.729166666667,0,6018,49,0.000075701617,0.050000190735,1,7.897365000000,0.136350000000,2.441623687744,-2.344635009766,0.392859458923,-0.667539358139,-0.488547921181,0.318452894688,0.462925523520
1499,1499,1413393960.955760478973,1413393960.955760478973,2,1,1,0,0,0,421,2,0,0,-1,1207,392,392,0,700,0.579950289975,392,1.450717418904,3.228915453396,1.750346527798,8.079081632653,0.687500000000,0,5979,51,nan,nan,0,6.625300000000,0.081918000000,2.429827690125,-2.346537351608,0.359494209290,-0.667612493038,-0.496328532696,0.322669297457,0.451482206583
1500,1500,1413393961.005760431290,1413393961.005760431290,2,1,1,0,0,0,421,2,0,0,-1,1204,615,615,0,650,0.539867109635,615,0.654055867716,2.940783965807,1.078061920855,5.717073170732,0.854166666667,1,6253,52,0.000102877158,0.049999952316,1,7.575450000000,2.530949000000,2.417379856110,-2.349921464920,0.332020759583,-0.668391227722,-0.502506136894,0.325607419014,0.441271513700
1501,1501,1413393961.055760383606,1413393961.055760383606,2,1,1,0,0,0,421,2,0,0,-1,1204,417,417,0,578,0.480066445183,417,1.615843347023,3.901076402126,1.986726024695,8.534772182254,0.875000000000,0,6103,51,0.000213345862,0.049999952316,1,8.500713000000,0.123636000000,2.402949810028,-2.352141857147,0.307758808136,-0.666755497456,-0.507077515125,0.328721612692,0.436178445816
1502,1502,1413393961.105760574341,1413393961.105760574341,2,1,1,0,0,0,422,2,0,0,-1,1204,421,421,0,599,0.497508305648,421,1.781454162703,3.642656619476,2.031510892046,8.648456057007,0.812500000000,0,6341,54,nan,nan,0,8.041856000000,0.088419000000,2.381679058075,-2.352314949036,0.288009166718,-0.662006676197,-0.508747696877,0.333543956280,0.437803030014
1503,1503,1413393961.155760288239,1413393961.155760288239,2,1,1,0,0,0,422,2,0,0,-1,1204,390,390,0,636,0.528239202658,390,1.973333327437,4.122913271939,2.176624610161,8.797435897436,0.750000000000,0,6317,53,0.001057129004,0.049999713898,1,7.617645000000,0.088330000000,2.362293958664,-2.352163076401,0.271038055420,-0.655866563320,-0.508610785007,0.338553160429,0.443323642015
1504,1504,1413393961.205760478973,1413393961.205760478973,2,1,1,0,0,0,422,2,0,0,-1,1203,624,624,0,757,0.629260182876,624,0.184033229681,3.460562961671,1.239573956036,5.607371794872,0.791666666667,1,5913,50,0.000650710252,0.050000190735,1,8.255522000000,0.116529000000,2.340694904327,-2.351295471191,0.259539604187,-0.649100124836,-0.504716694355,0.347261101007,0.450932294130
1505,1505,1413393961.255760431290,1413393961.255760431290,2,1,1,0,0,0,422,2,0,0,-1,1206,409,409,0,762,0.631840796020,409,1.887700149339,4.311343398212,2.194867484035,8.388753056235,0.854166666667,0,6268,53,0.000918915030,0.049999952316,1,8.360419000000,0.103114000000,2.318033218384,-2.350041389465,0.255694389343,-0.639805495739,-0.492730170488,0.364927619696,0.463350623846
1506,1506,1413393961.305760622025,1413393961.305760622025,2,1,1,0,0,0,423,2,0,0,-1,1206,606,606,0,708,0.587064676617,606,0.527691661269,3.805030268288,1.353540994050,5.267326732673,0.812500000000,1,5880,50,nan,nan,0,6.956330000000,0.109889000000,2.287921667099,-2.348823070526,0.257098674774,-0.630457222462,-0.479629993439,0.383118480444,0.475078016520
1507,1507,1413393961.355760335922,1413393961.355760335922,2,1,1,0,0,0,423,2,0,0,-1,1204,360,360,0,654,0.543189368771,360,2.087146824427,4.662240338997,2.442570120551,7.936111111111,0.770833333333,0,5999,51,0.000623244036,0.049999713898,1,7.845889000000,0.103294000000,2.267437219620,-2.347100257874,0.259520769119,-0.619681954384,-0.463190168142,0.404217958450,0.487910956144
1508,1508,1413393961.405760526657,1413393961.405760526657,2,1,1,0,0,0,424,2,0,0,-1,1203,557,557,0,639,0.531172069825,557,1.638831657459,4.289275754867,1.792095763643,6.175942549372,0.729166666667,1,6082,51,nan,nan,0,7.535485000000,0.122143000000,2.248535156250,-2.341874122620,0.269262790680,-0.609308421612,-0.451199144125,0.419156461954,0.499470144510
1509,1509,1413393961.455760478973,1413393961.455760478973,2,1,1,0,0,0,424,2,0,0,-1,1205,381,381,0,618,0.512863070539,381,2.439873166721,4.336943242694,2.575760733002,10.291338582677,0.708333333333,0,6235,53,0.002493695589,0.049999952316,1,7.743424000000,0.137599000000,2.234750509262,-2.337426900864,0.277377128601,-0.602046489716,-0.445362955332,0.425597757101,0.507994651794
1510,1510,1413393961.505760431290,1413393961.505760431290,2,1,1,0,0,0,425,2,0,0,-1,1208,379,379,0,601,0.497516556291,379,2.365856905032,4.038377103054,2.465270801709,10.213720316623,0.708333333333,0,5981,52,nan,nan,0,7.702880000000,0.147451000000,2.224113464355,-2.330920934677,0.295618534088,-0.603065609932,-0.449805825949,0.419914275408,0.507600843906
1511,1511,1413393961.555760383606,1413393961.555760383606,2,1,1,0,0,0,425,2,0,0,-1,1207,399,399,0,564,0.467274233637,399,2.074042104394,3.908774183236,2.231159260514,10.180451127820,0.687500000000,0,5852,51,0.001526913955,0.049999952316,1,8.198004000000,0.114408000000,2.222151756287,-2.325571298599,0.307004213333,-0.605648398399,-0.458894819021,0.407801806927,0.506264090538
1512,1512,1413393961.605760574341,1413393961.605760574341,2,1,1,0,0,0,425,2,0,0,-1,1203,565,565,0,619,0.514546965919,565,1.283101512204,3.768104773170,1.555737206447,7.600000000000,0.833333333333,1,5563,48,0.001271455316,0.050000190735,1,7.275597000000,0.096583000000,2.226557970047,-2.321255683899,0.321208953857,-0.611674726009,-0.469129651785,0.394516110420,0.500128448009
1513,1513,1413393961.655760288239,1413393961.655760288239,2,1,1,0,0,0,425,2,0,0,-1,1204,391,391,0,624,0.518272425249,391,1.832591685342,3.822702422747,2.104252043143,11.877237851662,0.812500000000,0,5887,53,0.000906906906,0.049999713898,1,7.680696000000,0.120527000000,2.233653068542,-2.317500591278,0.340320110321,-0.618915498257,-0.480549424887,0.379255950451,0.492118746042
1514,1514,1413393961.705760478973,1413393961.705760478973,2,1,1,0,0,0,426,2,0,0,-1,1204,372,372,0,611,0.507475083056,372,2.136960799275,4.055525581680,2.413899537027,11.069892473118,0.750000000000,0,5653,50,nan,nan,0,6.469771000000,0.103976000000,2.245447635651,-2.316470146179,0.372929096222,-0.624057888985,-0.488148927689,0.368348300457,0.486396998167
1515,1515,1413393961.755760431290,1413393961.755760431290,2,1,1,0,0,0,426,2,0,0,-1,1208,557,557,0,559,0.462748344371,557,1.215288369501,3.448024837221,1.473509539499,7.877917414722,0.833333333333,1,5987,53,0.000577644270,0.049999952316,1,7.765776000000,0.119083000000,2.254484415054,-2.313581466675,0.403850555420,-0.624250531197,-0.491214632988,0.363868832588,0.486435025930
1516,1516,1413393961.805760622025,1413393961.805760622025,2,1,1,0,0,0,426,2,0,0,-1,1203,383,383,0,581,0.482959268495,383,1.930272229620,3.793329733004,2.183875921572,11.686684073107,0.791666666667,0,5483,51,0.000258357381,0.050000190735,1,7.501745000000,0.083405000000,2.264889240265,-2.311920881271,0.438789844513,-0.627062916756,-0.493923008442,0.359707444906,0.483159065247
1517,1517,1413393961.855760335922,1413393961.855760335922,2,1,1,0,0,0,427,2,0,0,-1,1205,384,384,0,632,0.524481327801,384,1.601553487445,3.304831217002,1.883196673226,11.247395833333,0.770833333333,0,5766,52,nan,nan,0,7.979140000000,0.142658000000,2.284382820129,-2.315584659576,0.487665653229,-0.630054771900,-0.496582329273,0.355444133282,0.479683667421
1518,1518,1413393961.905760526657,1413393961.905760526657,2,1,1,0,0,0,427,2,0,0,-1,1207,368,368,0,620,0.513670256835,368,1.668785499729,3.509784979448,1.935960887387,11.592391304348,0.645833333333,0,5746,52,0.000119840253,0.050000190735,1,8.224130000000,0.124391000000,2.297072887421,-2.316290616989,0.529769182205,-0.633435428143,-0.499174088240,0.351536244154,0.475401997566
1519,1519,1413393961.955760478973,1413393961.955760478973,2,1,1,0,0,0,427,2,0,0,-1,1204,588,588,0,621,0.515780730897,588,0.927286582811,3.197441602424,1.310171916364,7.918367346939,0.854166666667,1,5560,51,0.000109712615,0.049999952316,1,7.813408000000,0.123350000000,2.309989213943,-2.318005800247,0.575471162796,-0.636049509048,-0.501689612865,0.348233789206,0.471679717302
1520,1520,1413393962.005760431290,1413393962.005760431290,2,1,1,0,0,0,427,2,0,0,-1,1204,405,405,0,637,0.529069767442,405,1.723312146087,3.770670082451,2.028447971442,11.861728395062,0.770833333333,0,5743,52,0.000187412486,0.049999952316,1,8.355603000000,0.100646000000,2.322912931442,-2.320662975311,0.623842000961,-0.639166355133,-0.504108965397,0.344748079777,0.467428326607
1521,1521,1413393962.055760383606,1413393962.055760383606,2,1,1,0,0,0,428,2,0,0,-1,1204,414,414,0,583,0.484219269103,414,1.557505873804,3.536987582594,1.887141771877,12.391304347826,0.708333333333,0,5737,52,nan,nan,0,6.568248000000,0.106602000000,2.348871707916,-2.325286149979,0.679543495178,-0.642727375031,-0.505727589130,0.342185765505,0.462655425072
1522,1522,1413393962.105760574341,1413393962.105760574341,2,1,1,0,0,0,428,2,0,0,-1,1205,557,557,0,592,0.491286307054,557,0.849466619885,2.929736786288,1.197246790035,9.219030520646,0.708333333333,1,5825,53,0.000164810044,0.050000190735,1,8.052916000000,0.105991000000,2.360020875931,-2.328891038895,0.736582994461,-0.645060300827,-0.508360147476,0.339173555374,0.458724886179
1523,1523,1413393962.155760288239,1413393962.155760288239,2,1,1,0,0,0,428,2,0,0,-1,1204,356,356,0,571,0.474252491694,356,1.556787939089,3.264468749453,1.809833106497,13.264044943820,0.750000000000,0,5898,54,0.000169840059,0.049999713898,1,7.898246000000,0.105985000000,2.369327545166,-2.332950830460,0.796982049942,-0.648337781429,-0.510229647160,0.336566329002,0.453924089670
1524,1524,1413393962.205760478973,1413393962.205760478973,2,1,1,0,0,0,429,2,0,0,-1,1204,553,553,0,567,0.470930232558,553,0.804788093043,2.804776237902,1.129537680920,8.669077757685,0.812500000000,1,5887,54,nan,nan,0,7.782292000000,0.114418000000,2.392037630081,-2.342242002487,0.866285085678,-0.650725424290,-0.511891603470,0.334738999605,0.449970215559
1525,1525,1413393962.255760431290,1413393962.255760431290,2,1,1,0,0,0,429,2,0,0,-1,1202,358,358,0,574,0.477537437604,358,1.726954841693,3.825836694412,2.067336380452,13.212290502793,0.770833333333,0,6081,55,0.000201892850,0.049999952316,1,7.896015000000,0.111265000000,2.398872375488,-2.347172021866,0.933533906937,-0.652271151543,-0.513616144657,0.333156049252,0.446931719780
1526,1526,1413393962.305760622025,1413393962.305760622025,2,1,1,0,0,0,430,2,0,0,-1,1206,339,339,0,595,0.493366500829,339,1.745219467274,3.654530505342,2.057539350357,13.197640117994,0.750000000000,0,5989,54,nan,nan,0,7.519351000000,0.108605000000,2.414350032806,-2.354229211807,1.005748271942,-0.654403328896,-0.515139758587,0.330990940332,0.443657934666
1527,1527,1413393962.355760335922,1413393962.355760335922,2,1,1,0,0,0,430,2,0,0,-1,1206,507,507,0,545,0.451907131012,507,0.320152923694,2.946823193132,1.075831673078,8.276134122288,0.791666666667,1,6077,55,0.000256212399,0.049999713898,1,7.203159000000,0.092446000000,2.418162822723,-2.359263420105,1.073759078979,-0.657477259636,-0.518250823021,0.326706051826,0.438637584448
1528,1528,1413393962.405760526657,1413393962.405760526657,2,1,1,0,0,0,430,2,0,0,-1,1206,286,286,0,519,0.430348258706,286,1.837433107129,3.728860993443,2.109925698192,11.486013986014,0.770833333333,0,5986,55,0.000427988532,0.050000190735,1,7.546987000000,0.080714000000,2.420340061188,-2.364435672760,1.138288259506,-0.661382257938,-0.521933376789,0.321077734232,0.432513833046
1529,1529,1413393962.455760478973,1413393962.455760478973,2,1,1,0,0,0,431,2,0,0,-1,1202,478,478,0,495,0.411813643927,478,0.708592539204,3.235357695656,1.238146992031,6.876569037657,0.854166666667,1,5564,51,nan,nan,0,9.526782000000,0.098052000000,2.431108474731,-2.373747348785,1.194939613342,-0.667279303074,-0.525617837906,0.312792897224,0.424999773502
1530,1530,1413393962.505760431290,1413393962.505760431290,2,1,1,0,0,0,431,2,0,0,-1,1206,303,303,0,477,0.395522388060,303,1.974704933628,3.862183689753,2.163581717289,10.755775577558,0.875000000000,0,5911,53,0.000278480584,0.049999952316,1,7.366372000000,0.073921000000,2.429559946060,-2.378490924835,1.248031139374,-0.674270689487,-0.527989625931,0.303745597601,0.417522072792
1531,1531,1413393962.555760383606,1413393962.555760383606,2,1,1,0,0,0,432,2,0,0,-1,1205,284,284,0,473,0.392531120332,284,1.792352536989,3.366473695307,2.044759874228,10.665492957746,0.812500000000,0,5576,52,nan,nan,0,6.031265000000,0.065308000000,2.428762435913,-2.384644746780,1.289679050446,0.681592166424,0.528005540371,-0.294512748718,-0.412194818258
1532,1532,1413393962.605760574341,1413393962.605760574341,2,1,1,0,0,0,432,2,0,0,-1,1203,437,437,0,489,0.406483790524,437,0.413707250122,2.963135521418,1.045612157489,6.972540045767,0.833333333333,1,5576,52,0.000212427723,0.050000190735,1,7.186172000000,0.082929000000,2.420681476593,-2.387736320496,1.331429958344,0.687637567520,0.525866150856,-0.285475760698,-0.411245703697
1533,1533,1413393962.655760288239,1413393962.655760288239,2,1,1,0,0,0,432,2,0,0,-1,1205,276,276,0,490,0.406639004149,276,1.718612482960,3.540616138056,1.953906193682,10.315217391304,0.791666666667,0,5913,54,0.000247665710,0.049999713898,1,7.789464000000,0.073266000000,2.408402919769,-2.389636278152,1.369256496429,0.691905319691,0.521544694901,-0.276355922222,-0.415795087814
1534,1534,1413393962.705760478973,1413393962.705760478973,2,1,1,0,0,0,433,2,0,0,-1,1203,444,444,0,492,0.408977556110,444,0.578035413353,2.918644552859,1.138433836922,6.497747747748,0.875000000000,1,5909,54,nan,nan,0,6.885706000000,0.087388000000,2.396152734756,-2.389977931976,1.398672103882,0.694542348385,0.514525413513,-0.267815351486,-0.425616770983
1535,1535,1413393962.755760431290,1413393962.755760431290,2,1,1,0,0,0,433,2,0,0,-1,1204,292,292,0,585,0.485880398671,292,1.739001182906,3.667300565059,2.031039844196,8.914383561644,0.770833333333,0,5686,54,0.000168986357,0.049999952316,1,7.088782000000,0.071492000000,2.374690771103,-2.389896392822,1.432074546814,0.695742607117,0.504903733730,-0.260330289602,-0.439593821764
1536,1536,1413393962.805760622025,1413393962.805760622025,2,1,1,0,0,0,434,2,0,0,-1,1205,514,514,0,563,0.467219917012,514,0.000160480284,2.660734084343,0.938945313151,5.208171206226,0.791666666667,1,5671,54,nan,nan,0,6.731735000000,0.108101000000,2.350274801254,-2.389890909195,1.458664417267,0.695507705212,0.493637889624,-0.252312600613,-0.457087516785
1537,1537,1413393962.855760335922,1413393962.855760335922,2,1,1,0,0,0,434,2,0,0,-1,1206,342,342,0,528,0.437810945274,342,1.999198690690,4.196166541507,2.243390204868,7.181286549708,0.750000000000,0,6268,57,0.000125556733,0.049999713898,1,10.051154000000,0.091796000000,2.320557594299,-2.389445781708,1.487819433212,-0.695568680763,-0.481122344732,0.242577880621,0.475248932838
1538,1538,1413393962.905760526657,1413393962.905760526657,2,1,1,0,0,0,435,2,0,0,-1,1205,294,294,0,611,0.507053941909,294,2.056171489396,4.393575707482,2.360282810826,7.112244897959,0.666666666667,0,5946,55,nan,nan,0,7.661366000000,0.098288000000,2.287255287170,-2.389784336090,1.511850357056,-0.695025861263,-0.467144578695,0.233046457171,0.494372725487
1539,1539,1413393962.955760478973,1413393962.955760478973,2,1,1,0,0,0,435,2,0,0,-1,1208,530,530,0,602,0.498344370861,530,0.000139004093,3.292605632391,1.095925342632,4.401886792453,0.750000000000,1,7108,68,0.000138458505,0.049999952316,1,7.404607000000,0.116458000000,2.252128601074,-2.391915798187,1.536223411560,-0.696208715439,-0.451754420996,0.222734808922,0.511469066143
1540,1540,1413393963.005760431290,1413393963.005760431290,2,1,1,0,0,0,435,2,0,0,-1,1206,320,320,0,623,0.516583747927,320,1.864331856784,4.070952037263,2.175279235173,6.953125000000,0.708333333333,0,6005,55,0.000152387613,0.049999952316,1,7.958446000000,0.150848000000,2.214392185211,-2.396081924438,1.557724714279,-0.699312090874,-0.434938460588,0.212478995323,0.525969505310
1541,1541,1413393963.055760383606,1413393963.055760383606,2,1,1,0,0,0,436,2,0,0,-1,1203,315,315,0,646,0.536990856193,315,1.922293189936,4.184496345401,2.276897349254,6.692063492063,0.687500000000,0,5858,53,nan,nan,0,6.514915000000,0.069669000000,2.171443939209,-2.406643867493,1.568670988083,-0.703327119350,-0.416516870260,0.202773943543,0.539191424847
1542,1542,1413393963.105760574341,1413393963.105760574341,2,1,1,0,0,0,436,2,0,0,-1,1204,273,273,0,639,0.530730897010,273,2.162552186458,4.341046662255,2.479263048669,6.838827838828,0.708333333333,0,6047,54,0.000049748625,0.050000190735,1,7.486796000000,0.099532000000,2.129075527191,-2.415896177292,1.584703445435,-0.706948578358,-0.398048877716,0.192640036345,0.551969766617
1543,1543,1413393963.155760288239,1413393963.155760288239,2,1,1,0,0,0,436,2,0,0,-1,1202,498,498,0,626,0.520798668885,498,0.000282287598,3.109584283934,1.048948316969,4.365461847390,0.750000000000,1,6362,55,0.000073964249,0.049999713898,1,7.004122000000,0.100599000000,2.084676265717,-2.428077697754,1.598475217819,-0.711721062660,-0.378042876720,0.184739902616,0.562501549721
1544,1544,1413393963.205760478973,1413393963.205760478973,2,1,1,0,0,0,436,2,0,0,-1,1203,304,304,0,636,0.528678304239,304,1.762663125753,3.775425057684,2.048886607485,6.427631578947,0.645833333333,0,5984,52,0.000135350274,0.050000190735,1,7.838503000000,0.081258000000,2.038532495499,-2.443738222122,1.609602451324,-0.718110859394,-0.355931490660,0.180396363139,0.570163726807
1545,1545,1413393963.255760431290,1413393963.255760431290,2,1,1,0,0,0,437,2,0,0,-1,1201,318,318,0,643,0.535387177352,318,1.823728156814,3.749517608120,2.061483564255,6.968553459119,0.645833333333,0,4946,43,nan,nan,0,5.734554000000,0.080377000000,1.990679740906,-2.463526248932,1.613307476044,-0.724012494087,-0.332790553570,0.177779689431,0.577452063560
1546,1546,1413393963.305760622025,1413393963.305760622025,2,1,1,0,0,0,437,2,0,0,-1,1203,563,563,0,666,0.553615960100,563,0.000220065385,2.743716263025,0.935058065865,4.483126110124,0.729166666667,1,5224,47,0.000122390964,0.050000190735,1,7.077981000000,0.109118000000,1.942607164383,-2.485141277313,1.619533538818,-0.730509817600,-0.310900807381,0.173932269216,0.582617998123
1547,1547,1413393963.355760335922,1413393963.355760335922,2,1,1,0,0,0,437,2,0,0,-1,1201,342,342,0,687,0.572023313905,342,1.629141016734,3.390987224319,1.915958989438,6.935672514620,0.750000000000,0,4904,43,0.000148914245,0.049999713898,1,6.985624000000,4.134566000000,1.893931746483,-2.508634328842,1.623054027557,-0.736752331257,-0.290046393871,0.168061599135,0.587217628956
1548,1548,1413393963.405760526657,1413393963.405760526657,2,1,1,0,0,0,438,2,0,0,-1,1204,335,335,0,701,0.582225913621,335,1.881401885098,3.541948837658,2.041726267482,7.495522388060,0.770833333333,0,5241,45,nan,nan,0,6.229689000000,0.077626000000,1.844925522804,-2.533634662628,1.620320796967,-0.743241429329,-0.270889699459,0.160453215241,0.590309917927
1549,1549,1413393963.455760478973,1413393963.455760478973,2,1,1,0,0,0,438,2,0,0,-1,1203,580,580,0,727,0.604322527016,580,0.000224473611,3.211009135777,1.105956652165,4.934482758621,0.750000000000,1,5493,50,0.000194702880,0.049999952316,1,6.895893000000,0.106048000000,1.796464323997,-2.560893774033,1.618181467056,-0.749633848667,-0.253340810537,0.150625273585,0.592604100704
1550,1550,1413393963.505760431290,1413393963.505760431290,2,1,1,0,0,0,438,2,0,0,-1,1200,350,350,0,716,0.596666666667,350,1.990210009896,4.096992564229,2.241881549210,7.291428571429,0.729166666667,0,5446,48,0.000170777668,0.049999952316,1,7.994857000000,0.095518000000,1.747635126114,-2.590111970901,1.613912820816,-0.755420804024,-0.235797241330,0.142321035266,0.594545066357
1551,1551,1413393963.555760383606,1413393963.555760383606,2,1,1,0,0,0,439,2,0,0,-1,1205,599,599,0,747,0.619917012448,599,0.963392780710,3.125617449558,1.260050507085,5.639398998331,0.750000000000,1,5617,54,nan,nan,0,6.982984000000,0.111843000000,1.700791478157,-2.621494770050,1.601348161697,-0.760196626186,-0.219468161464,0.134163603187,0.596602797508
1552,1552,1413393963.605760574341,1413393963.605760574341,2,1,1,0,0,0,439,2,0,0,-1,1200,343,343,0,705,0.587500000000,343,2.019699830494,4.066576031101,2.202438783732,8.787172011662,0.687500000000,0,5919,57,0.000243015194,0.050000190735,1,8.012816000000,0.086316000000,1.651946783066,-2.653668880463,1.592665433884,-0.763875365257,-0.203624218702,0.126044064760,0.599286794662
1553,1553,1413393963.655760288239,1413393963.655760288239,2,1,1,0,0,0,440,2,0,0,-1,1203,551,551,0,678,0.563591022444,551,0.812742722287,3.411828497926,1.313639272801,6.074410163339,0.770833333333,1,5898,56,nan,nan,0,8.221280000000,0.112623000000,1.603301048279,-2.687495708466,1.578752756119,-0.766472876072,-0.189447924495,0.117380306125,0.602370917797
1554,1554,1413393963.705760478973,1413393963.705760478973,2,1,1,0,0,0,440,2,0,0,-1,1203,355,355,0,689,0.572734829593,355,1.873711298600,3.692710234171,2.102088125882,9.118309859155,0.791666666667,0,5692,57,0.000203331132,0.050000190735,1,7.881822000000,0.111864000000,1.555085659027,-2.723028659821,1.564941644669,-0.768705666065,-0.175878211856,0.108516022563,0.605295658112
1555,1555,1413393963.755760431290,1413393963.755760431290,2,1,1,0,0,0,441,2,0,0,-1,1202,593,593,0,699,0.581530782030,593,0.756902569330,3.292886014979,1.190962750064,5.790893760540,0.833333333333,1,6031,58,nan,nan,0,7.510842000000,0.103072000000,1.507857322693,-2.759787321091,1.545117139816,-0.770407378674,-0.163404136896,0.098466694355,0.608338594437
1556,1556,1413393963.805760622025,1413393963.805760622025,2,1,1,0,0,0,441,2,0,0,-1,1203,359,359,0,670,0.556940980881,359,1.772634940959,4.049103173421,2.141596985389,8.802228412256,0.729166666667,0,6126,61,0.000169629391,0.050000190735,1,8.461839000000,0.081442000000,1.460211873055,-2.798831939697,1.527312517166,0.772290825844,0.151897758245,-0.087593391538,-0.610591053963
1557,1557,1413393963.855760335922,1413393963.855760335922,2,1,1,0,0,0,442,2,0,0,-1,1204,610,610,0,720,0.598006644518,610,0.596601155178,3.000818472631,1.121916558388,6.049180327869,0.750000000000,1,6214,61,nan,nan,0,8.036565000000,0.128624000000,1.412117481232,-2.837579965591,1.505854845047,0.775046408176,0.141351982951,-0.076574780047,-0.611112952232
1558,1558,1413393963.905760526657,1413393963.905760526657,2,1,1,0,0,0,442,2,0,0,-1,1203,382,382,0,706,0.586866167914,382,1.745515371750,3.862299661639,2.040328062823,9.421465968586,0.750000000000,0,6236,61,0.000137043666,0.050000190735,1,8.765095000000,0.121946000000,1.364864230156,-2.881029605865,1.482907772064,0.778421401978,0.130688533187,-0.065028809011,-0.610534191132
1559,1559,1413393963.955760478973,1413393963.955760478973,2,1,1,0,0,0,443,2,0,0,-1,1205,346,346,0,759,0.629875518672,346,1.682106154833,3.854490627640,2.037273823178,9.219653179191,0.687500000000,0,6849,63,nan,nan,0,8.988752000000,0.082350000000,1.313854098320,-2.926229953766,1.452902078629,0.782387971878,0.120228767395,-0.052757393569,-0.608794629574
1560,1560,1413393964.005760431290,1413393964.005760431290,2,1,1,0,0,0,443,2,0,0,-1,1203,578,578,0,735,0.610972568579,578,0.000232103005,3.144479960649,1.063540580257,6.003460207612,0.833333333333,1,7010,65,0.000145109734,0.049999952316,1,8.722149000000,0.113861000000,1.266038060188,-2.973114252090,1.424690485001,0.786521434784,0.109706088901,-0.041384011507,-0.606329917908
1561,1561,1413393964.055760383606,1413393964.055760383606,2,1,1,0,0,0,443,2,0,0,-1,1200,345,345,0,673,0.560833333333,345,1.588354497585,4.342044410103,2.082664423684,8.443478260870,0.791666666667,0,7137,66,0.000132593617,0.049999952316,1,10.131249000000,0.097291000000,1.217506885529,-3.021166801453,1.395508766174,0.789731800556,0.098413281143,-0.030697783455,-0.604728221893
1562,1562,1413393964.105760574341,1413393964.105760574341,2,1,1,0,0,0,444,2,0,0,-1,1203,327,327,0,653,0.542809642560,327,1.749832510650,4.193285628420,2.117301693969,7.984709480122,0.791666666667,0,7304,67,nan,nan,0,8.910688000000,0.104693000000,1.167656302452,-3.068240642548,1.362713098526,0.792090952396,0.086086466908,-0.021385610104,-0.603923678398
1563,1563,1413393964.155760288239,1413393964.155760288239,2,1,1,0,0,0,444,2,0,0,-1,1205,513,513,0,691,0.573443983402,513,0.096746498682,3.131987262988,1.117123703440,5.364522417154,0.812500000000,1,7210,67,0.000091971626,0.049999713898,1,9.336460000000,0.106271000000,1.116971254349,-3.118283748627,1.330127954483,0.794412553310,0.071583040059,-0.014979208820,-0.602959573269
1564,1564,1413393964.205760478973,1413393964.205760478973,2,1,1,0,0,0,444,2,0,0,-1,1206,316,316,0,705,0.584577114428,316,1.785693864074,4.216800368403,2.148846126398,7.756329113924,0.833333333333,0,7408,69,0.000053489432,0.050000190735,1,10.589247000000,0.114274000000,1.065563559532,-3.168942689896,1.296982765198,0.795930802822,0.055907331407,-0.010386290029,-0.602711141109
1565,1565,1413393964.255760431290,1413393964.255760431290,2,1,1,0,0,0,445,2,0,0,-1,1203,313,313,0,643,0.534497090607,313,1.777283992670,3.722036660917,2.069866785026,8.252396166134,0.812500000000,0,7383,69,nan,nan,0,9.148646000000,0.105907000000,1.009776115417,-3.218238115311,1.260829210281,0.797682464123,0.038791120052,-0.006679550279,-0.601791799068
1566,1566,1413393964.305760622025,1413393964.305760622025,2,1,1,0,0,0,445,2,0,0,-1,1202,498,498,0,665,0.553244592346,498,0.251665502634,3.321899487919,1.238240470667,5.212851405622,0.916666666667,1,7399,69,0.000109939334,0.050000190735,1,10.356122000000,0.116696000000,0.957737267017,-3.270457983017,1.228281259537,0.800010085106,0.021991010755,-0.003981610294,-0.599570155144
1567,1567,1413393964.355760335922,1413393964.355760335922,2,1,1,0,0,0,445,2,0,0,-1,1206,292,292,0,652,0.540630182421,292,1.932560816235,4.686886404431,2.327461027545,7.921232876712,0.916666666667,0,7353,68,0.000040169678,0.049999713898,1,10.208768000000,0.084307000000,0.905957639217,-3.323083639145,1.196676969528,0.801892995834,0.007301921025,0.000469338207,-0.597422957420
1568,1568,1413393964.405760526657,1413393964.405760526657,2,1,1,0,0,0,446,2,0,0,-1,1206,323,323,0,673,0.558043117745,323,1.745856015025,4.020022233710,2.132351604300,7.931888544892,0.854166666667,0,7641,72,nan,nan,0,12.661987000000,0.095146000000,0.851391375065,-3.371004104614,1.167194604874,0.803516089916,-0.008170215413,0.004465361591,-0.595210254192
1569,1569,1413393964.455760478973,1413393964.455760478973,2,1,1,0,0,0,446,2,0,0,-1,1202,492,492,0,628,0.522462562396,492,0.741210209067,3.590955478467,1.360760340763,5.510162601626,0.854166666667,1,7452,69,0.000083509382,0.049999952316,1,10.435851000000,0.104243000000,0.800669431686,-3.424344062805,1.138468027115,0.804508388042,-0.022257611156,0.008824105375,-0.593458592892
1570,1570,1413393964.505760431290,1413393964.505760431290,2,1,1,0,0,0,446,2,0,0,-1,1204,313,313,0,655,0.544019933555,313,1.925874031583,4.631691282672,2.325281697473,7.817891373802,0.791666666667,0,7489,70,0.000069039372,0.049999952316,1,14.674409000000,0.150841000000,0.750867307186,-3.477700233459,1.111194133759,0.805420517921,-0.035686504096,0.013284248300,-0.591479361057
1571,1571,1413393964.555760383606,1413393964.555760383606,2,1,1,0,0,0,446,2,0,0,-1,1203,264,264,0,573,0.476309226933,264,1.898059219028,4.487519678193,2.244121972517,8.594696969697,0.729166666667,0,7489,70,0.000120782533,0.049999952316,1,11.023667000000,0.119114000000,0.702078819275,-3.531136751175,1.085791349411,0.805014073849,-0.049637589604,0.016793545336,-0.590936958790
1572,1572,1413393964.605760574341,1413393964.605760574341,2,1,1,0,0,0,447,2,0,0,-1,1203,454,454,0,572,0.475477971737,454,0.687343652693,3.367131059379,1.315352336126,5.425110132159,0.833333333333,1,7541,69,nan,nan,0,9.501022000000,0.103727000000,0.651950240135,-3.581514358521,1.058722734451,0.804786145687,-0.063831172884,0.019523773342,-0.589799761772
1573,1573,1413393964.655760288239,1413393964.655760288239,2,1,1,0,0,0,447,2,0,0,-1,1205,301,301,0,590,0.489626556017,301,1.756842506655,4.276287556804,2.156012147020,8.196013289037,0.812500000000,0,7663,71,0.000059371876,0.049999713898,1,10.394208000000,0.117337000000,0.606467723846,-3.635409832001,1.035308361053,0.803658366203,-0.077641695738,0.022032478824,-0.589592814445
1574,1574,1413393964.705760478973,1413393964.705760478973,2,1,1,0,0,0,448,2,0,0,-1,1205,321,321,0,597,0.495435684647,321,1.716603229406,4.072816021091,2.192652992028,8.408099688474,0.812500000000,0,7671,72,nan,nan,0,14.822390000000,0.099575000000,0.564199984074,-3.686421632767,1.011307954788,0.801531076431,-0.090181156993,0.026476621628,-0.590520441532
1575,1575,1413393964.755760431290,1413393964.755760431290,2,1,1,0,0,0,448,2,0,0,-1,1205,518,518,0,583,0.483817427386,518,0.675375863931,3.341319568288,1.180752421572,6.025096525097,0.833333333333,1,7700,72,0.000053481584,0.049999952316,1,10.593077000000,0.108652000000,0.523505449295,-3.740661144257,0.990494489670,0.800738155842,-0.103574335575,0.029291145504,-0.589264750481
1576,1576,1413393964.805760622025,1413393964.805760622025,2,1,1,0,0,0,448,2,0,0,-1,1205,354,354,0,593,0.492116182573,354,1.700141627753,3.969556994024,2.088007046362,8.104519774011,0.812500000000,0,7740,73,0.000052504409,0.050000190735,1,10.559889000000,0.126168000000,0.485374242067,-3.795377016068,0.970687389374,0.801085591316,-0.117058821023,0.031731124967,-0.586133360863
1577,1577,1413393964.855760335922,1413393964.855760335922,2,1,1,0,0,0,449,2,0,0,-1,1203,335,335,0,616,0.512053200333,335,1.520606434355,3.706854171986,1.921251212207,8.952238805970,0.812500000000,0,7689,70,nan,nan,0,9.467847000000,0.110967000000,0.452442854643,-3.847861051559,0.951837062836,0.802679777145,-0.129099041224,0.034972015768,-0.581219136715
1578,1578,1413393964.905760526657,1413393964.905760526657,2,1,1,0,0,0,449,2,0,0,-1,1209,544,544,0,603,0.498759305211,544,0.736264538615,2.848738816267,1.143591060774,5.604779411765,0.916666666667,1,7521,71,0.000022381993,0.050000190735,1,9.840645000000,0.102966000000,0.420616984367,-3.903354167938,0.933516502380,0.805584430695,-0.142355740070,0.038084596395,-0.573862552643
1579,1579,1413393964.955760478973,1413393964.955760478973,2,1,1,0,0,0,449,2,0,0,-1,1206,349,349,0,632,0.524046434494,349,1.590841272194,3.802048831973,1.974683391996,7.945558739255,0.833333333333,0,7735,68,0.000100184727,0.049999952316,1,10.544418000000,0.093828000000,0.391969829798,-3.958956241608,0.916122913361,0.810249090195,-0.156331107020,0.038961805403,-0.563506007195
1580,1580,1413393965.005760431290,1413393965.005760431290,2,1,1,0,0,0,450,2,0,0,-1,1206,381,381,0,633,0.524875621891,381,1.622532360893,3.724489105575,2.000004620928,7.443569553806,0.791666666667,0,7612,71,nan,nan,0,12.387109000000,0.105831000000,0.367783963680,-4.012275695801,0.898575782776,0.814718782902,-0.172619923949,0.036288663745,-0.552375614643
1581,1581,1413393965.055760383606,1413393965.055760383606,2,1,1,0,0,0,450,2,0,0,-1,1207,349,349,0,631,0.522783761392,349,1.700395473999,3.535025656358,1.957586337214,7.286532951289,0.770833333333,0,7834,69,0.000117182302,0.049999952316,1,9.685660000000,0.117400000000,0.346992552280,-4.065772056580,0.883883476257,0.818157732487,-0.189972400665,0.032631337643,-0.541722953320
1582,1582,1413393965.105760574341,1413393965.105760574341,2,1,1,0,0,0,450,2,0,0,-1,1205,558,558,0,591,0.490456431535,558,0.588677811046,3.266801493348,1.175487995409,5.082437275986,0.875000000000,1,7533,68,0.000151922257,0.050000190735,1,9.963106000000,0.108789000000,0.331250011921,-4.117818832397,0.870452404022,0.821156144142,-0.208122178912,0.027608510107,-0.530683994293
1583,1583,1413393965.155760288239,1413393965.155760288239,2,1,1,0,0,0,450,2,0,0,-1,1206,380,380,0,576,0.477611940299,380,1.605409648681,3.814918578525,1.992670886453,7.289473684211,0.812500000000,0,7557,68,0.000145201469,0.049999713898,1,10.638940000000,0.108912000000,0.321981251240,-4.167594909668,0.858818531036,0.822941124439,-0.225345179439,0.024253679439,-0.520959913731
1584,1584,1413393965.205760478973,1413393965.205760478973,2,1,1,0,0,0,451,2,0,0,-1,1207,404,404,0,529,0.438276719138,404,1.483998779344,3.525414354793,1.874548542463,7.227722772277,0.833333333333,0,8066,71,nan,nan,0,10.077994000000,0.133650000000,0.322167634964,-4.215641975403,0.846709251404,0.824877738953,-0.239455714822,0.024616515264,-0.511499583721
1585,1585,1413393965.255760431290,1413393965.255760431290,2,1,1,0,0,0,451,2,0,0,-1,1204,549,549,0,555,0.460963455150,549,0.856717211691,3.083864565828,1.262976866903,5.023679417122,0.958333333333,1,8104,71,0.000062752515,0.049999952316,1,9.815547000000,0.129378000000,0.328006863594,-4.260403633118,0.837265968323,0.829216361046,-0.249178156257,0.030090112239,-0.499404817820
1586,1586,1413393965.305760622025,1413393965.305760622025,2,1,1,0,0,0,451,2,0,0,-1,1207,353,353,0,535,0.443247721624,353,1.689604794579,3.799682303335,1.980197344986,6.923512747875,0.854166666667,0,8105,74,0.000082971426,0.050000190735,1,9.566725000000,0.184620000000,0.341083705425,-4.303322792053,0.829964160919,0.833937823772,-0.253854244947,0.039351355284,-0.488423198462
1587,1587,1413393965.355760335922,1413393965.355760335922,2,1,1,0,0,0,452,2,0,0,-1,1205,336,336,0,503,0.417427385892,336,1.868223370738,3.629734926655,2.032443838255,7.261904761905,0.791666666667,0,7934,71,nan,nan,0,9.396744000000,0.120763000000,0.364511847496,-4.340889930725,0.822508335114,0.839807391167,-0.252319723368,0.053668428212,-0.477679848671
1588,1588,1413393965.405760526657,1413393965.405760526657,2,1,1,0,0,0,452,2,0,0,-1,1205,507,507,0,545,0.452282157676,507,0.522431511418,3.164602209109,1.129398795216,4.660749506903,0.958333333333,1,8172,73,0.000025869624,0.050000190735,1,8.803054000000,0.108981000000,0.392452955246,-4.375961303711,0.817439556122,0.845179319382,-0.243695959449,0.074363678694,-0.469845026731
1589,1589,1413393965.455760478973,1413393965.455760478973,2,1,1,0,0,0,452,2,0,0,-1,1204,325,325,0,527,0.437707641196,325,1.778091536663,3.982499925367,2.136982877185,6.741538461538,0.770833333333,0,8338,73,0.000030129739,0.049999952316,1,10.603547000000,0.133367000000,0.426424384117,-4.405724525452,0.814390182495,0.849330306053,-0.230438068509,0.098045215011,-0.464675605297
1590,1590,1413393965.505760431290,1413393965.505760431290,2,1,1,0,0,0,453,2,0,0,-1,1205,310,310,0,513,0.425726141079,310,1.930749819237,4.012132279399,2.223322139872,6.700000000000,0.895833333333,0,8353,78,nan,nan,0,9.246394000000,0.110397000000,0.462877869606,-4.428218841553,0.810369014740,0.851312100887,-0.211455628276,0.126136556268,-0.463296622038
1591,1591,1413393965.555760383606,1413393965.555760383606,2,1,1,0,0,0,453,2,0,0,-1,1205,505,505,0,537,0.445643153527,505,0.694412586184,3.243649196084,1.238688071008,4.908910891089,0.937500000000,1,7701,73,0.000068905676,0.049999952316,1,9.557755000000,0.131194000000,0.504036664963,-4.445931434631,0.810162544250,0.852218210697,-0.190544068813,0.153922647238,-0.462303936481
1592,1592,1413393965.605760574341,1413393965.605760574341,2,1,1,0,0,0,453,2,0,0,-1,1203,321,321,0,442,0.367414796342,321,1.836064756579,3.822673693133,2.190960425591,7.404984423676,0.875000000000,0,8162,79,0.000155269372,0.050000190735,1,10.567757000000,0.117657000000,0.545369625092,-4.456628322601,0.811585426331,0.850893676281,-0.173339053988,0.175659716129,-0.463764280081
1593,1593,1413393965.655760288239,1413393965.655760288239,2,1,1,0,0,0,454,2,0,0,-1,1203,305,305,0,499,0.414796342477,305,1.878693510342,3.977325947676,2.264319272122,7.908196721311,0.875000000000,0,8227,77,nan,nan,0,10.571144000000,0.187874000000,0.587821006775,-4.456418991089,0.814123630524,0.848695039749,-0.159572258592,0.192231893539,-0.466154932976
1594,1594,1413393965.705760478973,1413393965.705760478973,2,1,1,0,0,0,454,2,0,0,-1,1206,494,494,0,505,0.418739635158,494,0.725053270627,3.245304329257,1.279393705292,5.605263157895,0.916666666667,1,7908,74,0.000164206140,0.050000190735,1,9.368636000000,2.519258000000,0.625755786896,-4.451664924622,0.819020748138,0.843988656998,-0.153211340308,0.199977427721,-0.473517239094
1595,1595,1413393965.755760431290,1413393965.755760431290,2,1,1,0,0,0,454,2,0,0,-1,1207,363,363,0,572,0.473902236951,363,2.088660214315,4.362443832152,2.402758187059,8.192837465565,0.833333333333,0,8033,78,0.000316163234,0.049999952316,1,10.504981000000,0.168083000000,0.660216808319,-4.439652919769,0.825968742371,0.837578952312,-0.155526265502,0.197449982166,-0.485063523054
1596,1596,1413393965.805760622025,1413393965.805760622025,2,1,1,0,0,0,455,2,0,0,-1,1203,358,358,0,586,0.487115544472,358,1.776892917276,3.651128727693,2.013837567009,8.597765363128,0.854166666667,0,8515,81,nan,nan,0,10.029149000000,0.085322000000,0.692687153816,-4.416418075562,0.836940765381,0.828404545784,-0.158938303590,0.193225771189,-0.501147150993
1597,1597,1413393965.855760335922,1413393965.855760335922,2,1,1,0,0,0,455,2,0,0,-1,1204,348,348,0,582,0.483388704319,348,1.897746431597,4.003101785423,2.175184194563,8.793103448276,0.875000000000,0,8023,78,0.000110911453,0.049999713898,1,10.189830000000,0.105292000000,0.722599625587,-4.393010139465,0.846138954163,0.817595124245,-0.162192225456,0.188696235418,-0.519254982471
1598,1598,1413393965.905760526657,1413393965.905760526657,2,1,1,0,0,0,455,2,0,0,-1,1205,379,379,0,519,0.430705394191,379,1.725155594029,4.085942429793,2.063679194695,9.501319261214,0.812500000000,0,8470,80,0.000079184560,0.050000190735,1,9.580952000000,0.086904000000,0.750603318214,-4.367160797119,0.852188587189,0.810158848763,-0.162995427847,0.187452733517,-0.530977010727
1599,1599,1413393965.955760478973,1413393965.955760478973,2,1,1,0,0,0,455,2,0,0,-1,1204,345,345,0,546,0.453488372093,345,1.803268925065,3.975669007356,2.153959498794,9.310144927536,0.833333333333,0,8470,80,0.000211348510,0.049999952316,1,9.459244000000,0.076119000000,0.777207851410,-4.339236259460,0.854657649994,0.805373132229,-0.159089222550,0.192486673594,-0.537599802017
1600,1600,1413393966.005760431290,1413393966.005760431290,2,1,1,0,0,0,455,2,0,0,-1,1209,358,358,0,605,0.500413564930,358,1.746255963301,4.069284671767,2.111266718315,9.578212290503,0.833333333333,0,8470,80,0.000114356553,0.049999952316,1,9.955575000000,0.943116000000,0.801847219467,-4.309356689453,0.854355812073,0.802460849285,-0.153875216842,0.199125319719,-0.541043639183
1601,1601,1413393966.055760383606,1413393966.055760383606,2,1,1,0,0,0,455,2,0,0,-1,1202,364,364,0,602,0.500831946755,364,1.739818798523,4.109972461411,2.175465682346,9.640109890110,0.770833333333,0,8568,81,0.000100827376,0.049999952316,1,9.330021000000,0.079783000000,0.823414206505,-4.277028083801,0.854177474976,0.801061511040,-0.149911954999,0.204169586301,-0.542348206043
1602,1602,1413393966.105760574341,1413393966.105760574341,2,1,1,0,0,0,455,2,0,0,-1,1205,342,342,0,628,0.521161825726,342,1.823584117918,4.211433851665,2.220116826730,9.769005847953,0.770833333333,0,8568,81,0.000071680413,0.050000190735,1,9.973739000000,0.148288000000,0.840718388557,-4.242547035217,0.856864929199,0.800022602081,-0.151103198528,0.202136591077,-0.544309139252
1603,1603,1413393966.155760288239,1413393966.155760288239,2,1,1,0,0,0,455,2,0,0,-1,1206,346,346,0,604,0.500829187396,346,1.895147217398,4.053683246213,2.211738998825,9.953757225434,0.770833333333,0,8470,80,0.000061297775,0.049999713898,1,9.113072000000,0.085227000000,0.853969216347,-4.206350803375,0.862492084503,0.800155043602,-0.154853403568,0.197498992085,-0.544762909412
1604,1604,1413393966.205760478973,1413393966.205760478973,2,1,1,0,0,0,455,2,0,0,-1,1203,569,569,0,623,0.517871986700,569,0.709486159178,3.320523440520,1.259226167914,6.773286467487,0.833333333333,1,8265,81,0.000039970742,0.050000190735,1,9.518403000000,0.103734000000,0.863997340202,-4.167969703674,0.871547222137,0.799973130226,-0.157394900918,0.194427609444,-0.545406162739
1605,1605,1413393966.255760431290,1413393966.255760431290,2,1,1,0,0,0,455,2,0,0,-1,1204,437,437,0,665,0.552325581395,437,1.537854669835,4.202159895910,2.014579259271,9.228832951945,0.833333333333,0,8249,81,0.000042511470,0.049999952316,1,11.426783000000,0.153595000000,0.870955824852,-4.127862453461,0.883878231049,0.800419628620,-0.158883988857,0.192126631737,-0.545134544373
1606,1606,1413393966.305760622025,1413393966.305760622025,2,1,1,0,0,0,456,2,0,0,-1,1204,465,465,0,648,0.538205980066,465,1.460887117588,3.784128283697,1.881211712343,9.124731182796,0.854166666667,0,8448,80,nan,nan,0,10.478745000000,0.138635000000,0.873134970665,-4.089342594147,0.902377605438,0.801428675652,-0.155522182584,0.196228832006,-0.543156802654
1607,1607,1413393966.355760335922,1413393966.355760335922,2,1,1,0,0,0,456,2,0,0,-1,1203,414,414,0,626,0.520365752286,414,1.481844007974,3.904688483053,1.947040888300,9.106280193237,0.812500000000,0,8501,81,0.000053339183,0.049999713898,1,9.785077000000,0.110561000000,0.875463724136,-4.044044494629,0.921100616455,0.800754904747,-0.149389430881,0.203450977802,-0.543214619160
1608,1608,1413393966.405760526657,1413393966.405760526657,2,1,1,0,0,0,456,2,0,0,-1,1203,402,402,0,675,0.561097256858,402,1.726805422687,4.023263137669,2.143162859514,9.651741293532,0.833333333333,0,8358,79,0.000032512067,0.050000190735,1,9.619487000000,0.113621000000,0.873965978622,-3.996867418289,0.944370269775,0.796994030476,-0.141519144177,0.212212726474,-0.547483921051
1609,1609,1413393966.455760478973,1413393966.455760478973,2,1,1,0,0,0,456,2,0,0,-1,1205,365,365,0,648,0.537759336100,365,1.771429856217,4.323091649382,2.216608513706,10.175342465753,0.729166666667,0,8069,81,0.000065216715,0.049999952316,1,9.918696000000,0.119003000000,0.867710590363,-3.948131084442,0.970622777939,0.791491150856,-0.137280449271,0.216245040298,-0.554917991161
1610,1610,1413393966.505760431290,1413393966.505760431290,2,1,1,0,0,0,456,2,0,0,-1,1203,361,361,0,723,0.600997506234,361,1.847728636092,4.156766242757,2.206744388458,9.905817174515,0.729166666667,0,8479,80,0.000027109571,0.049999952316,1,9.878184000000,0.136091000000,0.856733560562,-3.897733211517,0.998811960220,0.784054934978,-0.136234372854,0.215727612376,-0.565826535225
1611,1611,1413393966.555760383606,1413393966.555760383606,2,1,1,0,0,0,456,2,0,0,-1,1205,611,611,0,724,0.600829875519,611,0.650809319361,3.147138467474,1.197814071301,6.319148936170,0.812500000000,1,8413,80,0.000098531484,0.049999952316,1,10.217946000000,0.116501000000,0.841190099716,-3.846818447113,1.025979995728,0.775955259800,-0.137084960938,0.211799174547,-0.578136980534
1612,1612,1413393966.605760574341,1413393966.605760574341,2,1,1,0,0,0,456,2,0,0,-1,1205,414,414,0,733,0.608298755187,414,1.764816752044,4.208054816658,2.102075086630,9.666666666667,0.750000000000,0,8488,81,0.000055382825,0.050000190735,1,10.393479000000,0.118989000000,0.821887016296,-3.796637296677,1.050146818161,0.768705606461,-0.138373374939,0.207765072584,-0.588878750801
1613,1613,1413393966.655760288239,1413393966.655760288239,2,1,1,0,0,0,456,2,0,0,-1,1208,387,387,0,703,0.581953642384,387,1.718159354387,4.010934015082,2.123874324537,10.020671834625,0.750000000000,0,8234,81,0.000065278749,0.049999713898,1,9.894214000000,0.123578000000,0.798897862434,-3.747158527374,1.070936918259,0.762846946716,-0.139973297715,0.204116106033,-0.597334563732
1614,1614,1413393966.705760478973,1413393966.705760478973,2,1,1,0,0,0,457,2,0,0,-1,1206,391,391,0,699,0.579601990050,391,1.453366352491,4.041139770954,1.997017696278,9.698209718670,0.791666666667,0,8467,78,nan,nan,0,9.310949000000,0.122956000000,0.770052671432,-3.707155704498,1.090277433395,0.757859110832,-0.141439199448,0.200847119093,-0.604404747486
1615,1615,1413393966.755760431290,1413393966.755760431290,2,1,1,0,0,0,457,2,0,0,-1,1205,603,603,0,692,0.574273858921,603,0.680082268185,3.308098748025,1.210648803385,7.066334991708,0.812500000000,1,8499,78,0.000074397576,0.049999952316,1,10.016039000000,0.117999000000,0.740097761154,-3.661459207535,1.104506492615,0.753942906857,-0.143096849322,0.198260679841,-0.609742701054
1616,1616,1413393966.805760622025,1413393966.805760622025,2,1,1,0,0,0,457,2,0,0,-1,1203,412,412,0,657,0.546134663342,412,1.616047445234,3.767246622391,1.947741901706,10.092233009709,0.770833333333,0,8510,81,0.000086681830,0.050000190735,1,9.887886000000,0.130571000000,0.706617355347,-3.617967128754,1.115614891052,0.751324176788,-0.144039496779,0.196744754910,-0.613234221935
1617,1617,1413393966.855760335922,1413393966.855760335922,2,1,1,0,0,0,457,2,0,0,-1,1203,376,376,0,632,0.525353283458,376,1.620062770420,3.910496001421,2.032250929364,10.800531914894,0.750000000000,0,8022,81,0.000058084897,0.049999713898,1,9.530465000000,0.123457000000,0.669777512550,-3.576899051666,1.123646736145,0.751512348652,-0.147057294846,0.193383470178,-0.613356471062
1618,1618,1413393966.905760526657,1413393966.905760526657,2,1,1,0,0,0,458,2,0,0,-1,1203,590,590,0,617,0.512884455528,590,0.964126324652,3.217452909154,1.262634005710,7.271186440678,0.729166666667,1,8251,81,nan,nan,0,9.921840000000,0.100805000000,0.627517342567,-3.541141033173,1.128366708755,0.755500495434,-0.153148159385,0.186960339546,-0.608942091465
1619,1619,1413393966.955760478973,1413393966.955760478973,2,1,1,0,0,0,458,2,0,0,-1,1202,359,359,0,594,0.494176372712,359,1.666680049850,3.473169758931,1.983182338002,10.623955431755,0.729166666667,0,8062,81,0.000110920781,0.049999952316,1,11.046245000000,0.089289000000,0.584467291832,-3.504867792130,1.131567239761,0.760072112083,-0.162732496858,0.177069947124,-0.603700935841
1620,1620,1413393967.005760431290,1413393967.005760431290,2,1,1,0,0,0,459,2,0,0,-1,1205,374,374,0,624,0.517842323651,374,1.672122263327,3.935821636396,1.982587181379,10.558823529412,0.750000000000,0,8261,75,nan,nan,0,10.867728000000,0.126320000000,0.536105930805,-3.474106073380,1.133312940598,0.765367269516,-0.175911292434,0.165536984801,-0.596544742584
1621,1621,1413393967.055760383606,1413393967.055760383606,2,1,1,0,0,0,459,2,0,0,-1,1204,567,567,0,598,0.496677740864,567,0.956846370770,3.381999972892,1.308866219103,7.306878306878,0.812500000000,1,8340,79,0.000018541137,0.049999952316,1,11.355733000000,0.112518000000,0.490008056164,-3.441288232803,1.132998943329,0.769157826900,-0.188108220696,0.155965685844,-0.590496718884
1622,1622,1413393967.105760574341,1413393967.105760574341,2,1,1,0,0,0,459,2,0,0,-1,1203,351,351,0,596,0.495428096426,351,1.602694830161,4.057484860908,1.984893256920,10.960113960114,0.750000000000,0,8440,81,0.000060852697,0.050000190735,1,9.901947000000,0.109830000000,0.443544864655,-3.409790277481,1.130814313889,0.771872460842,-0.198562651873,0.148797422647,-0.585359036922
1623,1623,1413393967.155760288239,1413393967.155760288239,2,1,1,0,0,0,459,2,0,0,-1,1206,339,339,0,606,0.502487562189,339,1.691876976189,3.987050543045,2.121583934641,11.383480825959,0.770833333333,0,8384,79,0.000085985201,0.049999713898,1,9.669372000000,0.093375000000,0.397437512875,-3.379695653915,1.127091884613,0.773253738880,-0.206905305386,0.145392835140,-0.581489264965
1624,1624,1413393967.205760478973,1413393967.205760478973,2,1,1,0,0,0,460,2,0,0,-1,1202,491,491,0,526,0.437603993344,491,0.933266748038,3.417416648041,1.338221913969,7.376782077393,0.812500000000,1,8305,77,nan,nan,0,9.213963000000,0.110428000000,0.352977991104,-3.346484899521,1.120754718781,0.773635745049,-0.214645028114,0.143369078636,-0.578671455383
1625,1625,1413393967.255760431290,1413393967.255760431290,2,1,1,0,0,0,460,2,0,0,-1,1207,338,338,0,529,0.438276719138,338,1.815662712621,4.303317883733,2.192749225390,10.289940828402,0.791666666667,0,8234,82,0.000126079889,0.049999952316,1,10.435802000000,0.129673000000,0.308788239956,-3.318942546844,1.114516973495,0.771757304668,-0.220832303166,0.145490452647,-0.578321933746
1626,1626,1413393967.305760622025,1413393967.305760622025,2,1,1,0,0,0,460,2,0,0,-1,1205,299,299,0,544,0.451452282158,299,1.925009461172,4.040373648092,2.158359783249,10.692307692308,0.770833333333,0,8327,78,0.000127974374,0.050000190735,1,9.112503000000,0.106212000000,0.265724301338,-3.292859792709,1.106336116791,0.769272387028,-0.227292731404,0.149430841208,-0.578125059605
1627,1627,1413393967.355760335922,1413393967.355760335922,2,1,1,0,0,0,461,2,0,0,-1,1212,500,500,0,556,0.458745874587,500,0.894801739353,3.144479822167,1.311735964243,6.864000000000,0.833333333333,1,8275,77,nan,nan,0,8.415897000000,0.122424000000,0.226917505264,-3.265472412109,1.096269130707,0.765750467777,-0.233383446932,0.156874865294,-0.578401863575
1628,1628,1413393967.405760526657,1413393967.405760526657,2,1,1,0,0,0,461,2,0,0,-1,1205,363,363,0,549,0.455601659751,363,1.801103086581,3.925126076524,2.089255773145,9.110192837466,0.791666666667,0,7890,78,0.000206128549,0.050000190735,1,10.038003000000,0.120727000000,0.186736583710,-3.242187261581,1.084770441055,0.761014819145,-0.240931466222,0.165489673615,-0.579155981541
1629,1629,1413393967.455760478973,1413393967.455760478973,2,1,1,0,0,0,462,2,0,0,-1,1206,335,335,0,536,0.444444444444,335,1.560132689425,3.633811666666,1.902233086496,9.319402985075,0.708333333333,0,8256,76,nan,nan,0,11.221187000000,1.267237000000,0.147291719913,-3.217112302780,1.067936658859,0.755118846893,-0.250705897808,0.173702076077,-0.580318689346
1630,1630,1413393967.505760431290,1413393967.505760431290,2,1,1,0,0,0,462,2,0,0,-1,1204,498,498,0,536,0.445182724252,498,1.017615711168,3.214222234408,1.339581785473,6.224899598394,0.791666666667,1,7960,73,0.000165892576,0.049999952316,1,9.143517000000,0.097921000000,0.108383774757,-3.196549892426,1.053302288055,0.749388933182,-0.262637943029,0.179672867060,-0.580650746822
1631,1631,1413393967.555760383606,1413393967.555760383606,2,1,1,0,0,0,462,2,0,0,-1,1205,345,345,0,521,0.432365145228,345,1.764806199951,3.814696023092,2.081965605483,8.965217391304,0.770833333333,0,8362,76,0.000172728280,0.049999952316,1,10.409517000000,0.291573000000,0.070062279701,-3.178115606308,1.038248062134,0.744785189629,-0.274132162333,0.188036799431,-0.578609406948
1632,1632,1413393967.605760574341,1413393967.605760574341,2,1,1,0,0,0,463,2,0,0,-1,1207,325,325,0,514,0.425849212925,325,1.492079288993,4.205601065436,2.024673499251,9.286153846154,0.729166666667,0,8305,78,nan,nan,0,9.996432000000,2.186041000000,0.033151388168,-3.160841226578,1.020672321320,0.740395903587,-0.287324696779,0.194564193487,-0.575676381588
1633,1633,1413393967.655760288239,1413393967.655760288239,2,1,1,0,0,0,463,2,0,0,-1,1204,535,535,0,527,0.437707641196,535,0.745150042293,3.215123360136,1.202140140885,5.897196261682,0.833333333333,1,8227,77,0.000081874568,0.049999713898,1,8.820323000000,0.120762000000,-0.004365205765,-3.146716833115,1.006762981415,0.736236691475,-0.300551980734,0.201627075672,-0.571813464165
1634,1634,1413393967.705760478973,1413393967.705760478973,2,1,1,0,0,0,463,2,0,0,-1,1208,371,371,0,520,0.430463576159,371,1.544855867813,4.130809627170,1.964272752625,8.525606469003,0.750000000000,0,8217,76,0.000113017879,0.050000190735,1,9.917263000000,0.091478000000,-0.040625452995,-3.134410142899,0.994137763977,0.732160985470,-0.312480747700,0.211533248425,-0.567053556442
1635,1635,1413393967.755760431290,1413393967.755760431290,2,1,1,0,0,0,464,2,0,0,-1,1204,381,381,0,542,0.450166112957,381,1.464992658358,3.686863887300,1.857801725373,8.750656167979,0.750000000000,0,7973,75,nan,nan,0,8.990093000000,0.284931000000,-0.074638128281,-3.122212171555,0.980409383774,0.728150665760,-0.324722737074,0.220840573311,-0.561766266823
1636,1636,1413393967.805760622025,1413393967.805760622025,2,1,1,0,0,0,464,2,0,0,-1,1206,334,334,0,505,0.418739635158,334,1.557340360253,3.627990245059,1.943539828956,8.482035928144,0.750000000000,0,8274,77,0.000144589983,0.050000190735,1,9.334141000000,0.115743000000,-0.110630750656,-3.114537954330,0.971405267715,0.724328517914,-0.336463153362,0.230104744434,-0.556050837040
1637,1637,1413393967.855760335922,1413393967.855760335922,2,1,1,0,0,0,464,2,0,0,-1,1203,533,533,0,517,0.429758935993,533,0.892595965001,2.984580557385,1.177834182921,5.953095684803,0.812500000000,1,8293,78,0.000222468501,0.049999713898,1,10.883940000000,0.107636000000,-0.146923422813,-3.109260559082,0.964577436447,0.721793353558,-0.347956955433,0.238086372614,-0.548867225647
1638,1638,1413393967.905760526657,1413393967.905760526657,2,1,1,0,0,0,464,2,0,0,-1,1211,362,362,0,570,0.470685383980,362,1.671715149763,3.626815422599,1.981980885240,8.535911602210,0.812500000000,0,8150,76,0.000339100836,0.050000190735,1,10.196688000000,0.110236000000,-0.183554768562,-3.106018066406,0.960318326950,0.723166882992,-0.360661327839,0.241855949163,-0.537083685398
1639,1639,1413393967.955760478973,1413393967.955760478973,2,1,1,0,0,0,464,2,0,0,-1,1204,349,349,0,532,0.441860465116,349,1.687340083371,3.609858544500,1.953043784355,8.260744985673,0.750000000000,0,7033,61,0.000478560105,0.049999952316,1,13.287931000000,0.178431000000,-0.218109965324,-3.103377819061,0.960928201675,0.726670205593,-0.372338324785,0.243325203657,-0.523552834988
1640,1640,1413393968.005760431290,1413393968.005760431290,2,1,1,0,0,0,465,2,0,0,-1,1207,545,545,0,538,0.445733222867,545,0.972019931993,3.466121001859,1.359791664790,5.680733944954,0.812500000000,1,8138,77,nan,nan,0,9.665732000000,0.109169000000,-0.249482870102,-3.101912021637,0.962776899338,0.731129527092,-0.383012682199,0.242515161633,-0.509840548038
1641,1641,1413393968.055760383606,1413393968.055760383606,2,1,1,0,0,0,465,2,0,0,-1,1208,392,392,0,531,0.439569536424,392,1.587601031706,3.622884925483,1.903458487036,7.859693877551,0.750000000000,0,8172,75,0.000961492711,0.049999952316,1,9.905072000000,0.098614000000,-0.280521869659,-3.100031375885,0.972039937973,0.733006060123,-0.389070242643,0.246734917164,-0.500448226929
1642,1642,1413393968.105760574341,1413393968.105760574341,2,1,1,0,0,0,466,2,0,0,-1,1205,402,402,0,542,0.449792531120,402,1.548888430661,3.396416944193,1.860997767028,8.300995024876,0.791666666667,0,7817,74,nan,nan,0,11.539743000000,0.094743000000,-0.306243777275,-3.097039699554,0.988642215729,0.733651041985,-0.393600076437,0.249899297953,-0.494353622198
1643,1643,1413393968.155760288239,1413393968.155760288239,2,1,1,0,0,0,466,2,0,0,-1,1208,369,369,0,553,0.457781456954,369,1.598917491924,3.559009564016,1.953015545641,8.246612466125,0.770833333333,0,8162,76,0.000262904068,0.049999713898,1,9.664714000000,0.124198000000,-0.332852840424,-3.093690872192,1.006413698196,0.732230246067,-0.397272616625,0.252606868744,-0.492141366005
1644,1644,1413393968.205760478973,1413393968.205760478973,2,1,1,0,0,0,466,2,0,0,-1,1203,358,358,0,558,0.463840399002,358,1.525771005672,3.617702632565,1.853276001250,8.296089385475,0.833333333333,0,7095,66,0.000274601538,0.050000190735,1,9.136448000000,0.115693000000,-0.357222318649,-3.089420795441,1.026711463928,0.729612529278,-0.402112931013,0.252493351698,-0.492156475782
1645,1645,1413393968.255760431290,1413393968.255760431290,2,1,1,0,0,0,466,2,0,0,-1,1203,380,380,0,560,0.465502909393,380,1.573943771847,3.495641285141,1.899519061151,8.252631578947,0.770833333333,0,8276,78,0.000255523715,0.049999952316,1,29.275637000000,0.149200000000,-0.379748821259,-3.084762334824,1.047151327133,0.727844595909,-0.406981050968,0.249985963106,-0.492052584887
1646,1646,1413393968.305760622025,1413393968.305760622025,2,1,1,0,0,0,466,2,0,0,-1,1205,382,382,0,564,0.468049792531,382,1.544670346654,3.965747367068,1.944480481979,8.405759162304,0.812500000000,0,7974,75,0.000195684988,0.050000190735,1,9.741187000000,0.123306000000,-0.400172710419,-3.080049276352,1.066105127335,0.728052437305,-0.409521341324,0.248690351844,-0.490290760994
1647,1647,1413393968.355760335922,1413393968.355760335922,2,1,1,0,0,0,466,2,0,0,-1,1205,347,347,0,547,0.453941908714,347,1.477458927181,3.404753920453,1.790612045193,8.763688760807,0.791666666667,0,8305,80,0.000128807049,0.049999713898,1,9.758021000000,1.356440000000,-0.417683720589,-3.075398445129,1.082447052002,0.731250822544,-0.407183289528,0.253090918064,-0.485200077295
1648,1648,1413393968.405760526657,1413393968.405760526657,2,1,1,0,0,0,466,2,0,0,-1,1202,362,362,0,566,0.470881863561,362,1.445690493383,3.425992286881,1.833716561722,8.792817679558,0.812500000000,0,8226,78,0.000082660779,0.050000190735,1,9.571251000000,0.121425000000,-0.432781934738,-3.070216894150,1.096476316452,0.735955297947,-0.401630371809,0.260419189930,-0.478795051575
1649,1649,1413393968.455760478973,1413393968.455760478973,2,1,1,0,0,0,466,2,0,0,-1,1206,337,337,0,589,0.488391376451,337,1.573347103864,3.636314919186,1.908799240510,8.792284866469,0.791666666667,0,8275,78,0.000108867185,0.049999952316,1,9.969060000000,0.087863000000,-0.445653319359,-3.063744068146,1.108443737030,0.739683330059,-0.395677536726,0.267744392157,-0.473941892385
1650,1650,1413393968.505760431290,1413393968.505760431290,2,1,1,0,0,0,466,2,0,0,-1,1204,516,516,0,547,0.454318936877,516,0.716935565252,2.718979403708,1.097575455787,6.306201550388,0.812500000000,1,8170,77,0.000061299841,0.049999952316,1,9.460522000000,0.131469000000,-0.457020521164,-3.055736064911,1.118995189667,0.740460097790,-0.388805657625,0.275691211224,-0.473860234022
1651,1651,1413393968.555760383606,1413393968.555760383606,2,1,1,0,0,0,466,2,0,0,-1,1203,432,432,0,546,0.453865336658,432,1.430758192985,3.367792083618,1.748924638988,8.513888888889,0.812500000000,0,8233,79,0.000089617330,0.049999952316,1,9.958856000000,0.104735000000,-0.467027664185,-3.045834779739,1.127162933350,0.740101754665,-0.383086293936,0.282306939363,-0.475181102753
1652,1652,1413393968.605760574341,1413393968.605760574341,2,1,1,0,0,0,467,2,0,0,-1,1206,422,422,0,570,0.472636815920,422,1.376402014193,3.545052592457,1.797765020412,8.568720379147,0.812500000000,0,8269,79,nan,nan,0,12.915006000000,0.109228000000,-0.474530220032,-3.034834861755,1.135338783264,0.740864932537,-0.379338920116,0.286610633135,-0.474421262741
1653,1653,1413393968.655760288239,1413393968.655760288239,2,1,1,0,0,0,467,2,0,0,-1,1208,415,415,0,530,0.438741721854,415,1.492621179433,3.489872769957,1.812289802845,8.763855421687,0.770833333333,0,8269,79,0.000208135636,0.049999713898,1,10.150798000000,0.131391000000,-0.482232570648,-3.020561218262,1.138717412949,0.741080641747,-0.378593862057,0.289299249649,-0.473045676947
1654,1654,1413393968.705760478973,1413393968.705760478973,2,1,1,0,0,0,467,2,0,0,-1,1204,395,395,0,563,0.467607973422,395,1.662018075547,3.934716087721,2.044691964652,8.612658227848,0.833333333333,0,8269,79,0.000310131087,0.050000190735,1,9.509106000000,0.111169000000,-0.489398837090,-3.004384279251,1.139865875244,0.740789592266,-0.381162822247,0.289789617062,-0.471134513617
1655,1655,1413393968.755760431290,1413393968.755760431290,2,1,1,0,0,0,467,2,0,0,-1,1208,361,361,0,543,0.449503311258,361,1.641776198721,3.425898316687,1.933633682728,9.124653739612,0.833333333333,0,8257,82,0.000535748666,0.049999952316,1,9.399343000000,0.142219000000,-0.495674014091,-2.986371278763,1.137705087662,0.739796757698,-0.384528458118,0.290353536606,-0.469609975815
1656,1656,1413393968.805760622025,1413393968.805760622025,2,1,1,0,0,0,467,2,0,0,-1,1208,363,363,0,555,0.459437086093,363,1.609102472881,3.392432141191,1.911217227676,8.964187327824,0.791666666667,0,8076,81,0.000351913099,0.050000190735,1,9.721156000000,0.113510000000,-0.500258088112,-2.966533660889,1.132583379745,0.735739171505,-0.388032913208,0.293277025223,-0.471282184124
1657,1657,1413393968.855760335922,1413393968.855760335922,2,1,1,0,0,0,467,2,0,0,-1,1205,348,348,0,604,0.501244813278,348,1.632330757338,3.458960686567,1.978804947132,9.330459770115,0.750000000000,0,8248,81,0.000108837929,0.049999713898,1,9.996547000000,0.090471000000,-0.503587245941,-2.944680213928,1.125837564468,0.728683054447,-0.391647994518,0.298733085394,-0.475806176662
1658,1658,1413393968.905760526657,1413393968.905760526657,2,1,1,0,0,0,467,2,0,0,-1,1204,350,350,0,584,0.485049833887,350,1.605665635965,4.067232818480,2.018135523901,9.205714285714,0.708333333333,0,8226,78,0.000069796835,0.050000190735,1,9.281020000000,0.108289000000,-0.505908131599,-2.921022415161,1.116948604584,0.718839228153,-0.396623522043,0.305019587278,-0.482621014118
1659,1659,1413393968.955760478973,1413393968.955760478973,2,1,1,0,0,0,467,2,0,0,-1,1202,563,563,0,619,0.514975041597,563,0.687195193017,3.073452263438,1.151844781742,6.364120781528,0.812500000000,1,8276,80,0.000055324574,0.049999952316,1,9.647933000000,0.105296000000,-0.507933855057,-2.896043062210,1.105669498444,0.707281231880,-0.405089437962,0.308722913265,-0.490250945091
1660,1660,1413393969.005760431290,1413393969.005760431290,2,1,1,0,0,0,467,2,0,0,-1,1207,424,424,0,566,0.468931234466,424,1.504393754923,3.525010562880,1.817139772755,9.049528301887,0.812500000000,0,8139,81,0.000079140977,0.049999952316,1,10.163833000000,0.094683000000,-0.509457826614,-2.870661497116,1.091590642929,0.695381343365,-0.415777921677,0.311303526163,-0.496652454138
1661,1661,1413393969.055760383606,1413393969.055760383606,2,1,1,0,0,0,468,2,0,0,-1,1206,430,430,0,601,0.498341625207,430,1.406729790467,3.289700091345,1.764560478864,9.030232558140,0.812500000000,0,8257,81,nan,nan,0,13.217259000000,4.084642000000,-0.511812090874,-2.846482276917,1.071292161942,0.683018624783,-0.426082670689,0.315976560116,-0.502093613148
1662,1662,1413393969.105760574341,1413393969.105760574341,2,1,1,0,0,0,468,2,0,0,-1,1205,380,380,0,572,0.474688796680,380,1.550170249447,3.638754112507,1.929995768265,9.100000000000,0.812500000000,0,7879,75,0.000095780815,0.050000190735,1,9.830976000000,0.087802000000,-0.514663696289,-2.822365999222,1.054236173630,0.671969294548,-0.435906112194,0.322415500879,-0.504471421242
1663,1663,1413393969.155760288239,1413393969.155760288239,2,1,1,0,0,0,468,2,0,0,-1,1204,365,365,0,607,0.504152823920,365,1.537415547882,3.758979455485,1.899542440325,9.569863013699,0.791666666667,0,8403,81,0.000076705590,0.049999713898,1,9.394205000000,0.086246000000,-0.517630815506,-2.799523115158,1.035749197006,0.662713289261,-0.444039076567,0.332380861044,-0.503153502941
1664,1664,1413393969.205760478973,1413393969.205760478973,2,1,1,0,0,0,468,2,0,0,-1,1208,547,547,0,569,0.471026490066,547,0.924951815684,3.177884062357,1.252612471482,6.692870201097,0.770833333333,1,8168,81,0.000092379276,0.050000190735,1,10.241718000000,0.129197000000,-0.520758628845,-2.777684450150,1.017397165298,0.655121684074,-0.452679663897,0.342457741499,-0.498617559671
1665,1665,1413393969.255760431290,1413393969.255760431290,2,1,1,0,0,0,468,2,0,0,-1,1202,406,406,0,585,0.486688851913,406,1.485677905138,3.819905288591,1.948866136766,9.480295566502,0.770833333333,0,6776,67,0.000069989263,0.049999952316,1,9.050501000000,0.138412000000,-0.524895668030,-2.756791114807,1.000478744507,0.647348523140,-0.461631000042,0.352472186089,-0.493558704853
1666,1666,1413393969.305760622025,1413393969.305760622025,2,1,1,0,0,0,469,2,0,0,-1,1204,382,382,0,562,0.466777408638,382,1.515126020049,3.910474601992,1.911809746027,9.390052356021,0.770833333333,0,6678,65,nan,nan,0,12.363946000000,3.433850000000,-0.530534029007,-2.737129211426,0.983835935593,0.640864253044,-0.472986310720,0.359542220831,-0.486113637686
1667,1667,1413393969.355760335922,1413393969.355760335922,2,1,1,0,0,0,469,2,0,0,-1,1204,532,532,0,549,0.455980066445,532,0.945764505961,3.428069125049,1.346947884488,6.821428571429,0.791666666667,1,7032,67,0.000123892125,0.049999713898,1,10.429537000000,0.120061000000,-0.536508083344,-2.717391014099,0.968050241470,0.633561909199,-0.484837055206,0.365030020475,-0.479880750179
1668,1668,1413393969.405760526657,1413393969.405760526657,2,1,1,0,0,0,469,2,0,0,-1,1206,379,379,0,532,0.441127694859,379,1.559342810544,3.897642535328,1.930933256605,9.846965699208,0.770833333333,0,7692,74,0.000117644806,0.050000190735,1,11.327021000000,0.137937000000,-0.543445229530,-2.698040485382,0.953725337982,0.625093460083,-0.498136073351,0.367727547884,-0.475284337997
1669,1669,1413393969.455760478973,1413393969.455760478973,2,1,1,0,0,0,469,2,0,0,-1,1201,335,335,0,552,0.459616985845,335,1.697584581873,3.796096413303,2.023805993961,10.167164179104,0.791666666667,0,7630,73,0.000082804152,0.049999952316,1,10.385545000000,0.115015000000,-0.551499366760,-2.679200887680,0.941220283508,0.614553987980,-0.512418210506,0.367742925882,-0.473831444979
1670,1670,1413393969.505760431290,1413393969.505760431290,2,1,1,0,0,0,470,2,0,0,-1,1205,343,343,0,558,0.463070539419,343,1.543309415862,3.721015331540,1.952263088404,9.836734693878,0.770833333333,0,7680,74,nan,nan,0,8.926519000000,0.074711000000,-0.562827467918,-2.662034273148,0.932639122009,0.602183640003,-0.527681529522,0.364728182554,-0.475289940834
1671,1671,1413393969.555760383606,1413393969.555760383606,2,1,1,0,0,0,470,2,0,0,-1,1206,532,532,0,536,0.444444444444,532,0.856822779188,3.068812006509,1.194322528643,7.174812030075,0.833333333333,1,7684,74,0.000085377549,0.049999952316,1,10.245195000000,0.108465000000,-0.572068095207,-2.646378278732,0.921633958817,0.590630412102,-0.541288852692,0.364160686731,-0.474920213223
1672,1672,1413393969.605760574341,1413393969.605760574341,2,1,1,0,0,0,470,2,0,0,-1,1207,370,370,0,573,0.474730737365,370,1.479536645930,3.386716394626,1.850850258105,10.118918918919,0.770833333333,0,7680,75,0.000150284730,0.050000190735,1,10.184188000000,0.128286000000,-0.582045555115,-2.633297920227,0.910650253296,0.581921041012,-0.555118441582,0.362095445395,-0.471273034811
1673,1673,1413393969.655760288239,1413393969.655760288239,2,1,1,0,0,0,471,2,0,0,-1,1205,370,370,0,588,0.487966804979,370,1.452068829875,3.743082595002,1.820253576133,10.081081081081,0.812500000000,0,7743,78,nan,nan,0,9.592413000000,0.117950000000,-0.595917701721,-2.625955581665,0.902338504791,0.573654472828,-0.567531824112,0.362528204918,-0.466263443232
1674,1674,1413393969.705760478973,1413393969.705760478973,2,1,1,0,0,0,471,2,0,0,-1,1205,336,336,0,571,0.473858921162,336,1.409212304187,3.635271908608,1.846067204298,9.672619047619,0.750000000000,0,7532,73,0.000073004048,0.050000190735,1,9.207636000000,0.078197000000,-0.604172229767,-2.619632720947,0.895969390869,0.567292273045,-0.578276872635,0.363547772169,-0.460009157658
1675,1675,1413393969.755760431290,1413393969.755760431290,2,1,1,0,0,0,471,2,0,0,-1,1205,352,352,0,558,0.463070539419,352,1.712460181973,3.558607933022,1.973165797278,9.568181818182,0.708333333333,0,7518,75,0.000136983814,0.049999952316,1,8.963263000000,0.109162000000,-0.612400054932,-2.616363525391,0.892140626907,0.562100350857,-0.587896347046,0.363480061293,-0.454206287861
1676,1676,1413393969.805760622025,1413393969.805760622025,2,1,1,0,0,0,471,2,0,0,-1,1204,322,322,0,548,0.455149501661,322,1.837113764223,3.764401683643,2.126760558817,9.807453416149,0.750000000000,0,7532,73,0.000175092122,0.050000190735,1,8.776449000000,0.102727000000,-0.619794964790,-2.616734981537,0.894048571587,0.557421267033,-0.596047103405,0.363259553909,-0.449501842260
1677,1677,1413393969.855760335922,1413393969.855760335922,2,1,1,0,0,0,471,2,0,0,-1,1205,323,323,0,551,0.457261410788,323,1.746946601862,3.723607911215,2.046610535939,9.705882352941,0.687500000000,0,7651,75,0.000438346411,0.049999713898,1,8.907314000000,0.113203000000,-0.628545641899,-2.620635986328,0.900124311447,0.553029239178,-0.602147400379,0.364162683487,-0.446052432060
1678,1678,1413393969.905760526657,1413393969.905760526657,2,1,1,0,0,0,471,2,0,0,-1,1206,553,553,0,544,0.451077943615,553,0.849541677321,3.081340787425,1.226280883507,6.654611211573,0.854166666667,1,7518,74,0.000219924739,0.050000190735,1,9.966452000000,0.105600000000,-0.635877966881,-2.628711223602,0.910488486290,0.549863338470,-0.605581462383,0.367038905621,-0.442949026823
1679,1679,1413393969.955760478973,1413393969.955760478973,2,1,1,0,0,0,471,2,0,0,-1,1205,419,419,0,548,0.454771784232,419,1.565855360802,3.444524034328,1.867424639455,8.744630071599,0.854166666667,0,7632,75,0.000396008283,0.049999952316,1,10.098230000000,0.096220000000,-0.644501090050,-2.641237735748,0.925323486328,0.548796534538,-0.605474114418,0.374075502157,-0.438510030508
1680,1680,1413393970.005760431290,1413393970.005760431290,2,1,1,0,0,0,472,2,0,0,-1,1206,432,432,0,592,0.490878938640,432,1.555962300271,3.611494275684,1.876939462953,9.018518518519,0.833333333333,0,7689,75,nan,nan,0,9.250265000000,0.155781000000,-0.660914778709,-2.664316892624,0.945429682732,0.552593350410,-0.603197157383,0.381795614958,-0.430146485567
1681,1681,1413393970.055760383606,1413393970.055760383606,2,1,1,0,0,0,472,2,0,0,-1,1204,419,419,0,606,0.503322259136,419,1.671388804145,3.568873265761,1.987096281971,9.147971360382,0.895833333333,0,7404,70,0.000158823226,0.049999952316,1,9.460202000000,0.124969000000,-0.665827155113,-2.683516740799,0.965687751770,0.559697508812,-0.597097516060,0.394061863422,-0.418244600296
1682,1682,1413393970.105760574341,1413393970.105760574341,2,1,1,0,0,0,472,2,0,0,-1,1209,382,382,0,612,0.506203473945,382,1.757665718956,3.547194281340,2.016705756178,9.811518324607,0.875000000000,0,7446,72,0.000189962608,0.050000190735,1,9.368391000000,0.110145000000,-0.670545816422,-2.704433441162,0.986303806305,0.568300306797,-0.591209292412,0.404727220535,-0.404601305723
1683,1683,1413393970.155760288239,1413393970.155760288239,2,1,1,0,0,0,472,2,0,0,-1,1204,369,369,0,582,0.483388704319,369,1.757150414339,3.689789431739,2.059160767012,10.027100271003,0.875000000000,0,7359,71,0.000166112077,0.049999713898,1,10.342977000000,0.113581000000,-0.674778699875,-2.725469589233,1.006125688553,0.575595617294,-0.586822390556,0.412247240543,-0.392914116383
1684,1684,1413393970.205760478973,1413393970.205760478973,2,1,1,0,0,0,472,2,0,0,-1,1211,367,367,0,606,0.500412881916,367,1.764144574310,3.748327650234,1.999950388757,10.220708446866,0.895833333333,0,7359,71,0.000191334228,0.050000190735,1,8.746674000000,0.159670000000,-0.679077625275,-2.745639562607,1.023992896080,0.581212043762,-0.584257483482,0.416145294905,-0.384263992310
1685,1685,1413393970.255760431290,1413393970.255760431290,2,1,1,0,0,0,472,2,0,0,-1,1203,346,346,0,583,0.484621778886,346,1.582730769027,3.574850985964,1.894391471517,10.988439306358,0.895833333333,0,7359,71,0.000103545091,0.049999952316,1,9.178581000000,0.072981000000,-0.682766914368,-2.764808177948,1.039519667625,0.584537804127,-0.582637846470,0.418405830860,-0.379190474749
1686,1686,1413393970.305760622025,1413393970.305760622025,2,1,1,0,0,0,472,2,0,0,-1,1205,355,355,0,627,0.520331950207,355,1.573884324508,3.655832422250,1.925519761423,10.408450704225,0.854166666667,0,7223,69,0.000134420683,0.050000190735,1,9.049676000000,0.112880000000,-0.685600280762,-2.782800197601,1.052240848541,0.586530447006,-0.581493914127,0.419632136822,-0.376504659653
1687,1687,1413393970.355760335922,1413393970.355760335922,2,1,1,0,0,0,472,2,0,0,-1,1206,379,379,0,631,0.523217247098,379,1.568912933647,4.040438749735,1.912062654458,10.667546174142,0.875000000000,0,7265,69,0.000121961675,0.049999713898,1,9.376449000000,0.116717000000,-0.687399625778,-2.799485445023,1.062897562981,0.587990760803,-0.581163406372,0.419401824474,-0.374990850687
1688,1688,1413393970.405760526657,1413393970.405760526657,2,1,1,0,0,0,472,2,0,0,-1,1209,616,616,0,638,0.527708850289,616,0.781052648652,2.982655645515,1.132815071094,7.258116883117,0.958333333333,1,7398,70,0.000078872159,0.050000190735,1,9.877354000000,0.107013000000,-0.687793016434,-2.815046787262,1.072702646255,0.589384377003,-0.580335497856,0.419490277767,-0.373984962702
1689,1689,1413393970.455760478973,1413393970.455760478973,2,1,1,0,0,0,472,2,0,0,-1,1205,476,476,0,640,0.531120331950,476,1.351467464727,3.525575071009,1.740295460885,9.632352941176,0.916666666667,0,7419,71,0.000091150745,0.049999952316,1,10.375597000000,0.124725000000,-0.686301946640,-2.829282760620,1.082505345345,0.590106666088,-0.578680038452,0.420635908842,-0.374124437571
1690,1690,1413393970.505760431290,1413393970.505760431290,2,1,1,0,0,0,473,2,0,0,-1,1206,455,455,0,685,0.567993366501,455,1.345487905782,3.271256265327,1.681448918484,10.450549450549,0.854166666667,0,7292,70,nan,nan,0,10.147600000000,2.581614000000,-0.687489032745,-2.844670772552,1.094646334648,0.588514387608,-0.575052142143,0.424507588148,-0.377834916115
1691,1691,1413393970.555760383606,1413393970.555760383606,2,1,1,0,0,0,473,2,0,0,-1,1206,438,438,0,649,0.538142620232,438,1.486951655015,3.453741854313,1.821548218892,9.904109589041,0.875000000000,0,7667,71,0.000135802038,0.049999952316,1,9.548748000000,0.091983000000,-0.682849645615,-2.855624914169,1.106041789055,0.585794031620,-0.571363568306,0.428621739149,-0.382978558540
1692,1692,1413393970.605760574341,1413393970.605760574341,2,1,1,0,0,0,473,2,0,0,-1,1201,424,424,0,660,0.549542048293,424,1.399590282473,3.450282032933,1.799372057317,10.665094339623,0.895833333333,0,7208,68,0.000137899362,0.050000190735,1,10.431154000000,0.124949000000,-0.677384376526,-2.865249395370,1.116974234581,0.584340512753,-0.566961526871,0.433450162411,-0.386292487383
1693,1693,1413393970.655760288239,1413393970.655760288239,2,1,1,0,0,0,473,2,0,0,-1,1206,404,404,0,653,0.541459369818,404,1.464424251537,3.871318686918,1.858574118593,10.962871287129,0.833333333333,0,7385,70,0.000095382005,0.049999713898,1,9.559381000000,0.089738000000,-0.671103000641,-2.873570919037,1.127147197723,0.583057343960,-0.561147332191,0.440484434366,-0.388756215572
1694,1694,1413393970.705760478973,1413393970.705760478973,2,1,1,0,0,0,473,2,0,0,-1,1205,389,389,0,643,0.533609958506,389,1.600631222134,3.842460885776,1.951295121786,10.763496143959,0.812500000000,0,7252,69,0.000072299626,0.050000190735,1,9.548181000000,1.016323000000,-0.664518833160,-2.880806207657,1.133970022202,0.583031892776,-0.554746329784,0.448505163193,-0.388810276985
1695,1695,1413393970.755760431290,1413393970.755760431290,2,1,1,0,0,0,473,2,0,0,-1,1206,380,380,0,627,0.519900497512,380,1.655465729134,3.809447374789,1.989905074162,10.989473684211,0.833333333333,0,7369,69,0.000063007850,0.049999952316,1,9.604615000000,0.084567000000,-0.658318519592,-2.886785030365,1.136207699776,0.585663914680,-0.547490537167,0.458010584116,-0.384029030800
1696,1696,1413393970.805760622025,1413393970.805760622025,2,1,1,0,0,0,473,2,0,0,-1,1206,394,394,0,641,0.531509121061,394,1.715016396862,4.064746923621,2.097225855443,10.994923857868,0.833333333333,0,7369,69,0.000101588972,0.050000190735,1,9.120337000000,0.118782000000,-0.652560472488,-2.890731096268,1.134482026100,0.590820550919,-0.540031552315,0.467346638441,-0.375345498323
1697,1697,1413393970.855760335922,1413393970.855760335922,2,1,1,0,0,0,473,2,0,0,-1,1207,380,380,0,616,0.510356255178,380,1.561349730208,3.644642204635,1.938599457216,11.352631578947,0.854166666667,0,7217,68,0.000187066747,0.049999713898,1,9.275878000000,0.124882000000,-0.645143985748,-2.892511844635,1.129739165306,0.595954656601,-0.534221172333,0.475032806396,-0.365772783756
1698,1698,1413393970.905760526657,1413393970.905760526657,2,1,1,0,0,0,473,2,0,0,-1,1205,615,615,0,591,0.490456431535,615,0.798441549116,3.195528112466,1.213652212770,7.780487804878,0.895833333333,1,7369,69,0.000179018039,0.050000190735,1,10.161184000000,0.118371000000,-0.638521671295,-2.889214515686,1.123080730438,0.600062370300,-0.529375433922,0.481107175350,-0.358081936836
1699,1699,1413393970.955760478973,1413393970.955760478973,2,1,1,0,0,0,473,2,0,0,-1,1207,487,487,0,580,0.480530240265,487,1.384754498580,3.310268125353,1.717387171636,10.414784394251,0.875000000000,0,7242,70,0.000122772442,0.049999952316,1,10.072482000000,0.168622000000,-0.632596969604,-2.880446672440,1.117189645767,0.601742863655,-0.526405632496,0.484794110060,-0.354651004076
1700,1700,1413393971.005760431290,1413393971.005760431290,2,1,1,0,0,0,473,2,0,0,-1,1202,470,470,0,589,0.490016638935,470,1.429386202642,3.635847616947,1.856133668909,10.761702127660,0.875000000000,0,7242,70,0.000106270330,0.049999952316,1,9.535959000000,1.182994000000,-0.627261161804,-2.865636825562,1.112101316452,0.600742459297,-0.525690853596,0.485599249601,-0.356302022934
1701,1701,1413393971.055760383606,1413393971.055760383606,2,1,1,0,0,0,474,2,0,0,-1,1202,449,449,0,619,0.514975041597,449,1.940348953714,3.968067696007,2.195803367766,10.505567928731,0.875000000000,0,7167,69,nan,nan,0,9.184106000000,0.126613000000,-0.627063035965,-2.844619512558,1.105976223946,0.596152842045,-0.527692556381,0.482685774565,-0.364906638861
1702,1702,1413393971.105760574341,1413393971.105760574341,2,1,1,0,0,0,474,2,0,0,-1,1204,438,438,0,646,0.536544850498,438,1.759662691874,4.080471209237,2.061480839897,10.844748858447,0.895833333333,0,7099,67,0.001393756014,0.050000190735,1,9.680132000000,0.139688000000,-0.625038623810,-2.819554805756,1.104836225510,0.589109599590,-0.529802501202,0.478941231966,-0.377987354994
1703,1703,1413393971.155760288239,1413393971.155760288239,2,1,1,0,0,0,474,2,0,0,-1,1203,390,390,0,624,0.518703241895,390,1.962952687967,3.606394946084,2.126402994675,11.261538461538,0.791666666667,0,7143,68,0.000559775392,0.049999713898,1,9.188505000000,0.121611000000,-0.624572038651,-2.790459632874,1.106940984726,0.580850362778,-0.527445018291,0.479830026627,-0.392654895782
1704,1704,1413393971.205760478973,1413393971.205760478973,2,1,1,0,0,0,474,2,0,0,-1,1205,378,378,0,646,0.536099585062,378,1.783261369617,3.651125490172,2.061750323877,11.179894179894,0.833333333333,0,7295,69,0.000626235735,0.050000190735,1,10.025238000000,0.125393000000,-0.625472068787,-2.757811546326,1.113741159439,0.571066915989,-0.523642122746,0.481806665659,-0.409321248531
1705,1705,1413393971.255760431290,1413393971.255760431290,2,1,1,0,0,0,474,2,0,0,-1,1207,600,600,0,636,0.526926263463,600,0.584959455596,3.014849798927,1.146281145105,7.426666666667,0.812500000000,1,7286,68,0.000208379599,0.049999952316,1,8.830833000000,0.119033000000,-0.629544734955,-2.722536325455,1.123241186142,0.562196612358,-0.518240153790,0.485547095537,-0.423799812794
1706,1706,1413393971.305760622025,1413393971.305760622025,2,1,1,0,0,0,474,2,0,0,-1,1205,364,364,0,643,0.533609958506,364,1.574818006678,3.617961673082,1.917864097065,11.491758241758,0.729166666667,0,7369,70,0.000103770042,0.050000190735,1,9.549253000000,0.125354000000,-0.637524366379,-2.685249090195,1.134493708611,0.553700983524,-0.511034905910,0.491074055433,-0.437155365944
1707,1707,1413393971.355760335922,1413393971.355760335922,2,1,1,0,0,0,475,2,0,0,-1,1205,363,363,0,671,0.556846473029,363,1.541781177603,3.293485950313,1.821949974125,11.493112947658,0.645833333333,0,7348,69,nan,nan,0,11.551412000000,2.506887000000,-0.639893293381,-2.643181324005,1.152945995331,0.547381699085,-0.504603683949,0.496203899384,-0.446687877178
1708,1708,1413393971.405760526657,1413393971.405760526657,2,1,1,0,0,0,475,2,0,0,-1,1205,599,599,0,650,0.539419087137,599,0.547658708061,2.685855806870,1.026664469276,7.265442404007,0.729166666667,1,7346,70,0.000137446565,0.050000190735,1,9.196624000000,0.111049000000,-0.656901836395,-2.602538108826,1.159173130989,0.542262494564,-0.499853104353,0.499693691730,-0.454317748547
1709,1709,1413393971.455760478973,1413393971.455760478973,2,1,1,0,0,0,475,2,0,0,-1,1208,425,425,0,658,0.544701986755,425,1.613985945118,3.610594021993,1.901178204169,10.632941176471,0.750000000000,0,7470,72,0.000125332357,0.049999952316,1,11.022789000000,0.111174000000,-0.679272651672,-2.560332775116,1.161431431770,0.541057586670,-0.501174807549,0.496164411306,-0.458150058985
1710,1710,1413393971.505760431290,1413393971.505760431290,2,1,1,0,0,0,476,2,0,0,-1,1202,351,351,0,710,0.590682196339,351,1.483538206044,3.263310641587,1.777275353078,10.868945868946,0.729166666667,0,7312,70,nan,nan,0,12.124330000000,3.364847000000,-0.703186392784,-2.516427993774,1.162347316742,0.543705940247,-0.508977055550,0.485694497824,-0.457632094622
1711,1711,1413393971.555760383606,1413393971.555760383606,2,1,1,0,0,0,476,2,0,0,-1,1201,578,578,0,671,0.558701082431,578,0.194102552652,2.835984803594,0.987807656043,7.006920415225,0.750000000000,1,7323,69,0.000069072725,0.049999952316,1,9.395088000000,0.108157000000,-0.735561847687,-2.472294569016,1.157578349113,0.547605574131,-0.521409988403,0.469670325518,-0.455707699060
1712,1712,1413393971.605760574341,1413393971.605760574341,2,1,1,0,0,0,476,2,0,0,-1,1202,336,336,0,679,0.564891846922,336,1.657443597231,3.687761751237,2.014433547146,10.714285714286,0.708333333333,0,7900,75,0.000124477549,0.050000190735,1,9.751320000000,0.083110000000,-0.772000908852,-2.427470207214,1.152906179428,0.548114359379,-0.537597894669,0.448196798563,-0.457906961441
1713,1713,1413393971.655760288239,1413393971.655760288239,2,1,1,0,0,0,477,2,0,0,-1,1203,328,328,0,676,0.561928512053,328,1.578583385584,3.632656944562,1.914193634782,11.134146341463,0.666666666667,0,7493,72,nan,nan,0,8.822434000000,0.129656000000,-0.806600332260,-2.380570173264,1.146241784096,0.545440435410,-0.554102778435,0.425700098276,-0.462865352631
1714,1714,1413393971.705760478973,1413393971.705760478973,2,1,1,0,0,0,477,2,0,0,-1,1204,565,565,0,648,0.538205980066,565,0.000246040581,2.700762564871,0.945417430387,6.775221238938,0.729166666667,1,7594,71,0.000053217238,0.050000190735,1,9.924987000000,0.108228000000,-0.847783803940,-2.337988138199,1.145006179810,0.538499057293,-0.569031536579,0.405395001173,-0.471038103104
1715,1715,1413393971.755760431290,1413393971.755760431290,2,1,1,0,0,0,477,2,0,0,-1,1209,330,330,0,657,0.543424317618,330,1.535001522251,3.048847686287,1.783019810336,9.984848484848,0.708333333333,0,7603,74,0.000036553898,0.049999952316,1,10.961803000000,0.111092000000,-0.890532433987,-2.298826217651,1.146254658699,0.528871834278,-0.583418905735,0.385765343904,-0.480730861425
1716,1716,1413393971.805760622025,1413393971.805760622025,2,1,1,0,0,0,478,2,0,0,-1,1207,342,342,0,633,0.524440762220,342,1.655018418356,3.426501760853,1.934760703485,9.839181286550,0.708333333333,0,7718,77,nan,nan,0,9.638935000000,0.121835000000,-0.932164847851,-2.266004800797,1.149206280708,0.520111382008,-0.595586776733,0.369752496481,-0.487897276878
1717,1717,1413393971.855760335922,1413393971.855760335922,2,1,1,0,0,0,478,2,0,0,-1,1204,591,591,0,654,0.543189368771,591,0.308543098494,2.719916014733,0.971974737101,5.966159052453,0.791666666667,1,7865,81,0.000083213614,0.049999713898,1,9.536136000000,0.114491000000,-0.976798295975,-2.237708330154,1.153116703033,0.513699829578,-0.604999542236,0.358280599117,-0.491653382778
1718,1718,1413393971.905760526657,1413393971.905760526657,2,1,1,0,0,0,478,2,0,0,-1,1204,396,396,0,647,0.537375415282,396,1.554043997885,3.219043809195,1.824367605475,8.851010101010,0.791666666667,0,7850,77,0.000154121168,0.050000190735,1,9.987839000000,0.081417000000,-1.021893739700,-2.216145277023,1.158266425133,0.512208819389,-0.609566330910,0.355016231537,-0.489933222532
1719,1719,1413393971.955760478973,1413393971.955760478973,2,1,1,0,0,0,479,2,0,0,-1,1204,368,368,0,622,0.516611295681,368,1.541713744240,3.727198196900,1.930217191745,8.399456521739,0.770833333333,0,7866,79,nan,nan,0,10.520947000000,3.542487000000,-1.060626029968,-2.199632406235,1.163300752640,0.515636503696,-0.610926270485,0.358274579048,-0.482210993767
1720,1720,1413393972.005760431290,1413393972.005760431290,2,1,1,0,0,0,479,2,0,0,-1,1208,346,346,0,643,0.532284768212,346,1.612972849038,3.789377709373,1.946901433429,8.930635838150,0.708333333333,0,7772,76,0.000186383506,0.049999952316,1,9.797235000000,0.077455000000,-1.105233073235,-2.191087484360,1.171108007431,0.520299017429,-0.610531270504,0.364314466715,-0.473091363907
1721,1721,1413393972.055760383606,1413393972.055760383606,2,1,1,0,0,0,479,2,0,0,-1,1204,628,628,0,647,0.537375415282,628,0.430830654381,2.763774894690,1.035650410534,5.632165605096,0.812500000000,1,7745,79,0.000285879039,0.049999952316,1,9.510435000000,0.116027000000,-1.149683237076,-2.187825679779,1.179893970490,0.526701569557,-0.608577132225,0.372018188238,-0.462408840656
1722,1722,1413393972.105760574341,1413393972.105760574341,2,1,1,0,0,0,479,2,0,0,-1,1206,429,429,0,648,0.537313432836,429,1.587764558151,3.421583761184,1.873661244212,8.489510489510,0.833333333333,0,7489,72,0.000331201503,0.050000190735,1,11.566859000000,0.114482000000,-1.194062590599,-2.188361167908,1.188396453857,0.530960559845,-0.609223842621,0.375202417374,-0.454037845135
1723,1723,1413393972.155760288239,1413393972.155760288239,2,1,1,0,0,0,480,2,0,0,-1,1203,440,440,0,736,0.611803823774,440,1.534046758639,3.218422080322,1.843425533643,8.631818181818,0.791666666667,0,7863,77,nan,nan,0,13.100772000000,2.408024000000,-1.235177516937,-2.191200733185,1.186805725098,0.534540235996,-0.613526761532,0.372136354446,-0.446504473686
1724,1724,1413393972.205760478973,1413393972.205760478973,2,1,1,0,0,0,480,2,0,0,-1,1211,396,396,0,742,0.612716763006,396,1.567490309825,3.470747609235,1.893008084624,7.648989898990,0.770833333333,0,7808,76,0.000222751609,0.050000190735,1,9.771698000000,0.116001000000,-1.279099702835,-2.197255611420,1.186177730560,0.539176166058,-0.618614077568,0.366877257824,-0.438185691833
1725,1725,1413393972.255760431290,1413393972.255760431290,2,1,1,0,0,0,480,2,0,0,-1,1204,658,658,0,695,0.577242524917,658,0.312340896676,2.789231415509,0.981528812723,5.392097264438,0.833333333333,1,7584,75,0.000293854653,0.049999952316,1,9.805904000000,0.126711000000,-1.321769714355,-2.206207513809,1.180875301361,0.544795036316,-0.621510326862,0.364317893982,-0.429180502892
1726,1726,1413393972.305760622025,1413393972.305760622025,2,1,1,0,0,0,480,2,0,0,-1,1206,452,452,0,707,0.586235489221,452,1.525959602270,3.423626306097,1.847558207717,8.272123893805,0.791666666667,0,7725,76,0.000532102946,0.050000190735,1,10.226357000000,0.117558000000,-1.362316131592,-2.219000101089,1.172280073166,0.552049458027,-0.616991043091,0.373274803162,-0.418604075909
1727,1727,1413393972.355760335922,1413393972.355760335922,2,1,1,0,0,0,481,2,0,0,-1,1207,452,452,0,693,0.574150787075,452,1.697938642719,3.726510713007,2.008803687456,8.404867256637,0.833333333333,0,7798,76,nan,nan,0,10.064725000000,0.104960000000,-1.399400472641,-2.236073970795,1.158952474594,0.558417081833,-0.607465684414,0.388135373592,-0.410495877266
1728,1728,1413393972.405760526657,1413393972.405760526657,2,1,1,0,0,0,481,2,0,0,-1,1207,388,388,0,644,0.533554266777,388,1.873663764404,4.036339778513,2.143273937914,8.817010309278,0.791666666667,0,7798,76,0.000295269478,0.050000190735,1,10.318089000000,0.093947000000,-1.436624288559,-2.252619504929,1.151251792908,0.564673781395,-0.598816037178,0.400794118643,-0.402401506901
1729,1729,1413393972.455760478973,1413393972.455760478973,2,1,1,0,0,0,481,2,0,0,-1,1202,367,367,0,665,0.553244592346,367,1.649821709308,3.645305912354,1.992069295302,9.163487738420,0.770833333333,0,7913,76,0.000333470642,0.049999952316,1,10.122935000000,0.126604000000,-1.472710728645,-2.269575119019,1.144403934479,0.570259988308,-0.590128302574,0.412533253431,-0.395434737206
1730,1730,1413393972.505760431290,1413393972.505760431290,2,1,1,0,0,0,481,2,0,0,-1,1206,364,364,0,659,0.546434494196,364,1.602232181785,3.707738565543,1.938883467579,9.409340659341,0.791666666667,0,7947,78,0.000503418618,0.049999952316,1,9.679798000000,0.137071000000,-1.508231401443,-2.286171436310,1.136924505234,0.577652633190,-0.585013568401,0.418362498283,-0.386069118977
1731,1731,1413393972.555760383606,1413393972.555760383606,2,1,1,0,0,0,481,2,0,0,-1,1206,601,601,0,636,0.527363184080,601,0.375955159953,2.925961276909,0.987109697821,6.126455906822,0.875000000000,1,7790,75,0.000216980377,0.049999952316,1,9.152628000000,0.130903000000,-1.542516946793,-2.301834583282,1.129755258560,0.585512459278,-0.584224462509,0.418515414000,-0.375102341175
1732,1732,1413393972.605760574341,1413393972.605760574341,2,1,1,0,0,0,481,2,0,0,-1,1206,401,401,0,635,0.526533996683,401,1.431145620265,3.563058886692,1.775550744271,8.553615960100,0.854166666667,0,7581,72,0.000194603475,0.050000190735,1,11.080867000000,0.169988000000,-1.574417829514,-2.315732240677,1.124228239059,0.591145753860,-0.584379017353,0.417749255896,-0.366787910461
1733,1733,1413393972.655760288239,1413393972.655760288239,2,1,1,0,0,0,482,2,0,0,-1,1203,416,416,0,622,0.517040731505,416,1.333212169459,3.448711342258,1.766806027081,8.810096153846,0.833333333333,0,7970,76,nan,nan,0,9.989349000000,0.131401000000,-1.606488108635,-2.329284667969,1.112169265747,0.593304395676,-0.584518969059,0.417776882648,-0.363028824329
1734,1734,1413393972.705760478973,1413393972.705760478973,2,1,1,0,0,0,482,2,0,0,-1,1210,382,382,0,596,0.492561983471,382,1.393510659521,3.732038149167,1.772483033695,9.005235602094,0.791666666667,0,7664,73,0.000140941105,0.050000190735,1,9.664482000000,0.125975000000,-1.633783340454,-2.340012073517,1.107544898987,0.594366848469,-0.584306776524,0.418624967337,-0.360647678375
1735,1735,1413393972.755760431290,1413393972.755760431290,2,1,1,0,0,0,482,2,0,0,-1,1204,367,367,0,606,0.503322259136,367,1.324468551219,3.360524401202,1.745056603397,9.452316076294,0.770833333333,0,7346,72,0.000096390126,0.049999952316,1,8.913893000000,0.109364000000,-1.659178733826,-2.348848819733,1.102035999298,0.594422996044,-0.584295153618,0.419660538435,-0.359368234873
1736,1736,1413393972.805760622025,1413393972.805760622025,2,1,1,0,0,0,482,2,0,0,-1,1204,363,363,0,593,0.492524916944,363,1.362853609606,3.441597536684,1.717434520469,9.393939393939,0.770833333333,0,7568,73,0.000103157348,0.050000190735,1,9.644590000000,0.108778000000,-1.682213664055,-2.355724334717,1.096182346344,0.593095123768,-0.583342492580,0.422390908003,-0.359910517931
1737,1737,1413393972.855760335922,1413393972.855760335922,2,1,1,0,0,0,482,2,0,0,-1,1206,365,365,0,611,0.506633499171,365,1.451517492730,3.267097346895,1.769474218946,9.490410958904,0.791666666667,0,7641,72,0.000111558133,0.049999713898,1,8.882152000000,0.111774000000,-1.703229308128,-2.360825777054,1.089890480042,0.591262042522,-0.582708716393,0.425316125154,-0.360508054495
1738,1738,1413393972.905760526657,1413393972.905760526657,2,1,1,0,0,0,482,2,0,0,-1,1207,346,346,0,603,0.499585749793,346,1.317289310783,3.404633511295,1.770494256912,9.260115606936,0.770833333333,0,7703,74,0.000102901155,0.050000190735,1,9.953889000000,0.111768000000,-1.722064614296,-2.364010572433,1.082768917084,0.590350210667,-0.581653237343,0.428445816040,-0.360000669956
1739,1739,1413393972.955760478973,1413393972.955760478973,2,1,1,0,0,0,482,2,0,0,-1,1204,582,582,0,594,0.493355481728,582,0.492090790068,2.817986206685,1.017824986364,6.120274914089,0.854166666667,1,7696,73,0.000133277863,0.049999952316,1,9.544173000000,0.118680000000,-1.738230943680,-2.365104436874,1.075542688370,0.589123785496,-0.580495297909,0.432500153780,-0.359029322863
1740,1740,1413393973.005760431290,1413393973.005760431290,2,1,1,0,0,0,482,2,0,0,-1,1208,442,442,0,629,0.520695364238,442,1.403639139776,3.208283205325,1.688930852187,8.337104072398,0.791666666667,0,7619,74,0.000078390614,0.049999952316,1,10.463217000000,0.115256000000,-1.752006173134,-2.363886833191,1.068720817566,0.588851630688,-0.578577220440,0.436897754669,-0.357242912054
1741,1741,1413393973.055760383606,1413393973.055760383606,2,1,1,0,0,0,483,2,0,0,-1,1206,438,438,0,618,0.512437810945,438,1.260086386334,3.359790679871,1.598396774332,8.538812785388,0.875000000000,0,7579,71,nan,nan,0,9.526258000000,0.099658000000,-1.760372161865,-2.356020927429,1.063842535019,0.587064266205,-0.575750529766,0.442106246948,-0.358342111111
1742,1742,1413393973.105760574341,1413393973.105760574341,2,1,1,0,0,0,483,2,0,0,-1,1205,384,384,0,608,0.504564315353,384,1.295028176883,3.412525379356,1.658781998249,9.153645833333,0.875000000000,0,7452,70,0.000135263719,0.050000190735,1,9.668773000000,0.132273000000,-1.771500229836,-2.349417924881,1.057129144669,0.584090828896,-0.572626888752,0.447261303663,-0.361792355776
1743,1743,1413393973.155760288239,1413393973.155760288239,2,1,1,0,0,0,483,2,0,0,-1,1205,395,395,0,638,0.529460580913,395,1.295840485936,3.231285855736,1.637491746254,8.853164556962,0.875000000000,0,8151,76,0.000128362517,0.049999713898,1,9.822011000000,0.090913000000,-1.781458020210,-2.340071678162,1.050879716873,0.580434083939,-0.568685233593,0.452703535557,-0.367086976767
1744,1744,1413393973.205760478973,1413393973.205760478973,2,1,1,0,0,0,483,2,0,0,-1,1210,377,377,0,623,0.514876033058,377,1.307898849339,3.375518573659,1.684201863578,9.143236074271,0.854166666667,0,8011,77,0.000080985345,0.050000190735,1,9.931551000000,0.085070000000,-1.791476249695,-2.327943563461,1.044420719147,0.576325416565,-0.563868165016,0.458595782518,-0.373619705439
1745,1745,1413393973.255760431290,1413393973.255760431290,2,1,1,0,0,0,483,2,0,0,-1,1205,372,372,0,629,0.521991701245,372,1.467022748640,3.411299444908,1.796041621239,9.209677419355,0.812500000000,0,7956,75,0.000156539827,0.049999952316,1,9.024720000000,0.077355000000,-1.801992058754,-2.313198089600,1.038659095764,0.571131527424,-0.557874858379,0.465727478266,-0.381683468819
1746,1746,1413393973.305760622025,1413393973.305760622025,2,1,1,0,0,0,483,2,0,0,-1,1205,339,339,0,654,0.542738589212,339,1.265416290741,3.349548522823,1.675126749164,9.230088495575,0.770833333333,0,7768,75,0.000169345003,0.050000190735,1,9.380549000000,0.111513000000,-1.813184857368,-2.295679807663,1.033001899719,0.564908385277,-0.551176488400,0.473220974207,-0.391337513924
1747,1747,1413393973.355760335922,1413393973.355760335922,2,1,1,0,0,0,483,2,0,0,-1,1204,339,339,0,659,0.547342192691,339,1.406689978025,3.394267146691,1.735491107687,9.628318584071,0.791666666667,0,7823,77,0.000171313979,0.049999713898,1,9.833768000000,0.952672000000,-1.825410127640,-2.275885343552,1.027297019958,0.559234440327,-0.544942975044,0.479670137167,-0.400263220072
1748,1748,1413393973.405760526657,1413393973.405760526657,2,1,1,0,0,0,483,2,0,0,-1,1205,597,597,0,682,0.565975103734,597,0.467760858387,2.681223284648,0.953338914627,6.346733668342,0.916666666667,1,7832,76,0.000085018706,0.050000190735,1,10.397103000000,0.159295000000,-1.839251756668,-2.253603458405,1.022065877914,0.553426384926,-0.538581013680,0.485655009747,-0.409620553255
1749,1749,1413393973.455760478973,1413393973.455760478973,2,1,1,0,0,0,483,2,0,0,-1,1206,390,390,0,640,0.530679933665,390,1.342594392120,3.327544356408,1.700681906997,9.441025641026,0.875000000000,0,8215,79,0.000073680167,0.049999952316,1,10.779845000000,0.123715000000,-1.855995059013,-2.229215383530,1.016962051392,0.548941612244,-0.532311201096,0.491069555283,-0.417323261499
1750,1750,1413393973.505760431290,1413393973.505760431290,2,1,1,0,0,0,484,2,0,0,-1,1202,401,401,0,683,0.568219633943,401,1.248361080836,3.232042432250,1.591102909882,9.491271820449,0.812500000000,0,7940,81,nan,nan,0,9.626572000000,0.118749000000,-1.873938202858,-2.202818632126,1.015992164612,0.544518232346,-0.525849997997,0.497075498104,-0.424143493176
1751,1751,1413393973.555760383606,1413393973.555760383606,2,1,1,0,0,0,484,2,0,0,-1,1208,380,380,0,652,0.539735099338,380,1.347533673298,3.616620417407,1.784485151536,9.371052631579,0.812500000000,0,8308,81,0.000075802862,0.049999952316,1,9.658725000000,0.128701000000,-1.898198604584,-2.173812627792,1.009896516800,0.541188955307,-0.521848678589,0.500118076801,-0.429732918739
1752,1752,1413393973.605760574341,1413393973.605760574341,2,1,1,0,0,0,484,2,0,0,-1,1204,376,376,0,635,0.527408637874,376,1.380694358194,3.472229159871,1.773076982626,9.210106382979,0.854166666667,0,8037,82,0.000095315241,0.050000190735,1,10.666216000000,0.164938000000,-1.926992774010,-2.142673492432,1.003808975220,0.538711726665,-0.520131886005,0.500254213810,-0.434739381075
1753,1753,1413393973.655760288239,1413393973.655760288239,2,1,1,0,0,0,484,2,0,0,-1,1205,571,571,0,633,0.525311203320,571,0.511848738955,2.807901454467,1.044392962938,6.481611208406,0.875000000000,1,7853,79,0.000098188597,0.049999713898,1,9.112730000000,0.134142000000,-1.960288882256,-2.109113931656,0.998469591141,0.535444200039,-0.522905051708,0.494576811790,-0.441886395216
1754,1754,1413393973.705760478973,1413393973.705760478973,2,1,1,0,0,0,484,2,0,0,-1,1202,363,363,0,688,0.572379367720,363,1.408770210270,3.277608059573,1.716911602903,9.517906336088,0.791666666667,0,7963,80,0.000142579956,0.050000190735,1,10.031453000000,0.148215000000,-1.998680114746,-2.073877334595,0.992987155914,0.533203542233,-0.532080054283,0.480782985687,-0.448812454939
1755,1755,1413393973.755760431290,1413393973.755760431290,2,1,1,0,0,0,485,2,0,0,-1,1203,330,330,0,734,0.610141313383,330,1.522680843936,3.427367833693,1.858490032743,9.372727272727,0.770833333333,0,7822,78,nan,nan,0,8.458272000000,0.107846000000,-2.042701721191,-2.040649890900,0.986951112747,0.531898796558,-0.545460879803,0.460773408413,-0.455240607262
1756,1756,1413393973.805760622025,1413393973.805760622025,2,1,1,0,0,0,485,2,0,0,-1,1201,629,629,0,725,0.603663613655,629,0.000193010111,2.928385349163,0.980437710077,5.534181240064,0.895833333333,1,7760,78,0.000077415229,0.050000190735,1,9.499801000000,0.159481000000,-2.089676380157,-2.005155086517,0.982202768326,0.530576944351,-0.560555934906,0.438150227070,-0.460748821497
1757,1757,1413393973.855760335922,1413393973.855760335922,2,1,1,0,0,0,485,2,0,0,-1,1204,361,361,0,699,0.580564784053,361,1.841805196181,3.758243615864,2.060619422518,7.908587257618,0.833333333333,0,8024,79,0.000039341445,0.049999713898,1,9.811504000000,0.115102000000,-2.139677286148,-1.971113920212,0.978546380997,0.527722954750,-0.578578352928,0.410552561283,-0.467121183872
1758,1758,1413393973.905760526657,1413393973.905760526657,2,1,1,0,0,0,486,2,0,0,-1,1202,371,371,0,683,0.568219633943,371,1.753671069151,3.648301595313,2.044697369965,8.172506738544,0.708333333333,0,8128,80,nan,nan,0,10.373380000000,0.119025000000,-2.192331790924,-1.941763043404,0.974141359329,0.524026513100,-0.596104621887,0.381972551346,-0.473447412252
1759,1759,1413393973.955760478973,1413393973.955760478973,2,1,1,0,0,0,486,2,0,0,-1,1205,596,596,0,704,0.584232365145,596,0.000476699809,3.223123511856,1.146798244949,5.062080536913,0.854166666667,1,8102,80,0.000156033449,0.049999952316,1,8.991730000000,0.113400000000,-2.245138406754,-1.916270971298,0.971578836441,0.523263573647,-0.612902522087,0.354760617018,-0.474015623331
1760,1760,1413393974.005760431290,1413393974.005760431290,2,1,1,0,0,0,486,2,0,0,-1,1204,306,306,0,659,0.547342192691,306,2.062905179512,4.119830742478,2.283398469864,7.156862745098,0.791666666667,0,8376,82,0.000154615525,0.049999952316,1,9.627656000000,0.075170000000,-2.298422813416,-1.897016167641,0.968422412872,0.530437767506,-0.628262579441,0.329291254282,-0.464208245277
1761,1761,1413393974.055760383606,1413393974.055760383606,2,1,1,0,0,0,487,2,0,0,-1,1207,306,306,0,630,0.521955260978,306,2.066434573177,4.223620127282,2.352332662489,5.767973856209,0.750000000000,0,8467,81,nan,nan,0,8.564685000000,0.072987000000,-2.348056793213,-1.886865377426,0.965246915817,0.540801763535,-0.642698585987,0.306056678295,-0.448108524084
1762,1762,1413393974.105760574341,1413393974.105760574341,2,1,1,0,0,0,487,2,0,0,-1,1202,615,615,0,703,0.584858569052,615,0.000238349905,3.044988844741,0.969234961632,3.513821138211,0.875000000000,1,7815,73,0.000092238108,0.050000190735,1,9.055200000000,0.134134000000,-2.398688077927,-1.882351398468,0.962870359421,0.554024994373,-0.655154764652,0.284694612026,-0.427524983883
1763,1763,1413393974.155760288239,1413393974.155760288239,2,1,1,0,0,0,487,2,0,0,-1,1204,371,371,0,748,0.621262458472,371,1.922289675720,3.621829203735,2.111150557931,4.862533692722,0.708333333333,0,8137,77,0.000216233588,0.049999713898,1,9.487637000000,0.124926000000,-2.444107294083,-1.885650873184,0.962065935135,0.568130671978,-0.664766848087,0.267749607563,-0.404503077269
1764,1764,1413393974.205760478973,1413393974.205760478973,2,1,1,0,0,0,488,2,0,0,-1,1202,308,308,0,751,0.624792013311,308,2.214545223673,3.571259618613,2.268481253981,5.107142857143,0.687500000000,0,8212,81,nan,nan,0,9.672384000000,0.113064000000,-2.479736328125,-1.902295112610,0.966950654984,0.586093842983,-0.667717397213,0.260372221470,-0.377960026264
1765,1765,1413393974.255760431290,1413393974.255760431290,2,1,1,0,0,0,488,2,0,0,-1,1202,606,606,0,710,0.590682196339,606,0.000410004149,3.258357504780,1.107003616876,3.379537953795,0.833333333333,1,6416,56,0.000082022219,0.049999952316,1,7.721913000000,0.128202000000,-2.509071350098,-1.921015381813,0.970611810684,0.606235206127,-0.663755476475,0.263476759195,-0.349982261658
1766,1766,1413393974.305760622025,1413393974.305760622025,2,1,1,0,0,0,488,2,0,0,-1,1207,422,422,0,735,0.608947804474,422,1.794364675146,3.855661663208,2.097318076589,4.834123222749,0.750000000000,0,5976,49,0.000198681446,0.050000190735,1,8.285806000000,0.138889000000,-2.528125524521,-1.945010781288,0.977290153503,0.624314725399,-0.656437695026,0.272033423185,-0.324528157711
1767,1767,1413393974.355760335922,1413393974.355760335922,2,1,1,0,0,0,489,2,0,0,-1,1202,414,414,0,484,0.402662229617,414,1.926936936093,3.723965906948,2.115591273906,5.050724637681,0.708333333333,0,6333,51,nan,nan,0,7.813508000000,0.132268000000,-2.533256769180,-1.978165626526,0.993465185165,0.639629065990,-0.648303031921,0.280616253614,-0.303038597107
1768,1768,1413393974.405760526657,1413393974.405760526657,2,1,1,0,0,0,489,2,0,0,-1,1206,367,367,0,442,0.366500829187,367,1.989256502543,3.673030650331,2.232375410156,5.277929155313,0.708333333333,0,6429,57,0.000147517669,0.050000190735,1,8.093610000000,0.095332000000,-2.528554201126,-2.006296157837,1.005562543869,0.652349174023,-0.639361321926,0.290707111359,-0.284863352776
1769,1769,1413393974.455760478973,1413393974.455760478973,2,1,1,0,0,0,489,2,0,0,-1,1206,590,590,0,704,0.583747927032,590,0.000712267232,3.407061938310,1.174184937716,3.735593220339,0.854166666667,1,7111,55,0.000157222617,0.049999952316,1,7.596915000000,0.109508000000,-2.512215137482,-2.034065723419,1.019573450089,0.663610517979,-0.627324283123,0.304682075977,-0.270655214787
1770,1770,1413393974.505760431290,1413393974.505760431290,2,1,1,0,0,0,489,2,0,0,-1,1207,374,374,0,720,0.596520298260,374,2.063913071653,4.084579401717,2.267574427057,5.855614973262,0.729166666667,0,7343,64,0.000186021993,0.049999952316,1,8.779475000000,0.131562000000,-2.483911991119,-2.059805631638,1.036544799805,0.673176348209,-0.612570285797,0.321560055017,-0.261133104563
1771,1771,1413393974.555760383606,1413393974.555760383606,2,1,1,0,0,0,490,2,0,0,-1,1203,392,392,0,696,0.578553615960,392,2.069669034008,4.235712476575,2.328823315564,6.500000000000,0.750000000000,0,7473,61,nan,nan,0,7.746191000000,0.093899000000,-2.432412147522,-2.087940454483,1.060267925262,0.680191099644,-0.596196055412,0.340434998274,-0.256893664598
1772,1772,1413393974.605760574341,1413393974.605760574341,2,1,1,0,0,0,490,2,0,0,-1,1205,562,562,0,673,0.558506224066,562,0.452812203600,3.549692318448,1.270963675045,4.709964412811,0.833333333333,1,7328,64,0.000087899760,0.050000190735,1,8.064788000000,0.100957000000,-2.381202220917,-2.105248928070,1.081478118896,0.682598412037,-0.580346763134,0.360127270222,-0.259933680296
1773,1773,1413393974.655760288239,1413393974.655760288239,2,1,1,0,0,0,490,2,0,0,-1,1206,366,366,0,691,0.572968490879,366,2.015561309762,4.438297169901,2.362252589741,7.103825136612,0.854166666667,0,7920,70,0.000101081707,0.049999713898,1,10.221406000000,0.138670000000,-2.321111917496,-2.116546630859,1.104114770889,0.681365311146,-0.564355731010,0.380463898182,-0.269241809845
1774,1774,1413393974.705760478973,1413393974.705760478973,2,1,1,0,0,0,491,2,0,0,-1,1202,379,379,0,670,0.557404326123,379,2.190682499285,5.037918206283,2.628825573436,7.604221635884,0.770833333333,0,8490,75,nan,nan,0,13.618020000000,0.142387000000,-2.249930381775,-2.116626262665,1.131616115570,0.676523149014,-0.548347532749,0.401739537716,-0.283260971308
1775,1775,1413393974.755760431290,1413393974.755760431290,2,1,1,0,0,0,491,2,0,0,-1,1209,346,346,0,527,0.435897435897,346,2.105270580309,4.649877427925,2.455141292422,9.436416184971,0.854166666667,0,8036,75,0.000051232997,0.049999952316,1,9.023025000000,0.101070000000,-2.177806377411,-2.114726066589,1.155074357986,0.669358909130,-0.534857928753,0.419640570879,-0.299645513296
1776,1776,1413393974.805760622025,1413393974.805760622025,2,1,1,0,0,0,491,2,0,0,-1,1202,539,539,0,637,0.529950083195,539,1.039147025808,3.248554975612,1.345650039362,7.081632653061,0.833333333333,1,8245,76,0.000079696787,0.050000190735,1,9.309963000000,0.108892000000,-2.102720737457,-2.106791257858,1.176739692688,0.661401152611,-0.523018479347,0.435239344835,-0.315542399883
1777,1777,1413393974.855760335922,1413393974.855760335922,2,1,1,0,0,0,491,2,0,0,-1,1206,363,363,0,644,0.533996683250,363,1.724056807718,3.967834764909,2.012804447613,11.421487603306,0.770833333333,0,8043,73,0.000099012737,0.049999713898,1,10.362623000000,0.122040000000,-2.026461601257,-2.092571735382,1.196015596390,0.650141835213,-0.517133414745,0.444401770830,-0.335254639387
1778,1778,1413393974.905760526657,1413393974.905760526657,2,1,1,0,0,0,492,2,0,0,-1,1205,344,344,0,649,0.538589211618,344,1.841192323721,3.760122303728,2.106782359298,11.715116279070,0.750000000000,0,8023,73,nan,nan,0,9.350220000000,0.115405000000,-1.957490921021,-2.069378376007,1.214114904404,0.637569129467,-0.516031146049,0.447931528091,-0.355773657560
1779,1779,1413393974.955760478973,1413393974.955760478973,2,1,1,0,0,0,492,2,0,0,-1,1204,591,591,0,683,0.567275747508,591,0.838698274106,3.481381003569,1.328595825161,7.922165820643,0.895833333333,1,7957,74,0.000083978302,0.049999952316,1,9.899766000000,0.109092000000,-1.881130576134,-2.045800209045,1.226855516434,0.625128746033,-0.515817463398,0.450433194637,-0.374508261681
1780,1780,1413393975.005760431290,1413393975.005760431290,2,1,1,0,0,0,492,2,0,0,-1,1204,354,354,0,651,0.540697674419,354,1.524689557138,4.043899569670,1.959544975903,11.621468926554,0.812500000000,0,8358,82,0.000107880100,0.049999952316,1,11.106508000000,0.130320000000,-1.805702209473,-2.018809795380,1.235914230347,0.612857818604,-0.516705334187,0.451199263334,-0.392224639654
1781,1781,1413393975.055760383606,1413393975.055760383606,2,1,1,0,0,0,493,2,0,0,-1,1202,416,416,0,649,0.539933444260,416,1.631184147354,3.977964437897,2.070948233091,11.170673076923,0.770833333333,0,8260,80,nan,nan,0,10.363331000000,0.338377000000,-1.729212760925,-1.990445017815,1.241134166718,0.602155327797,-0.519604444504,0.449142366648,-0.407052159309
1782,1782,1413393975.105760574341,1413393975.105760574341,2,1,1,0,0,0,493,2,0,0,-1,1208,617,617,0,694,0.574503311258,617,0.809403463847,3.292175004037,1.250183747076,7.897893030794,0.812500000000,1,8262,81,0.000165418300,0.050000190735,1,9.994871000000,0.112441000000,-1.657921314240,-1.959175109863,1.242127418518,0.593093037605,-0.522583186626,0.446834295988,-0.418911218643
1783,1783,1413393975.155760288239,1413393975.155760288239,2,1,1,0,0,0,493,2,0,0,-1,1203,423,423,0,697,0.579384871155,423,1.652310795207,3.990389790438,1.952858465175,11.550827423168,0.791666666667,0,8165,81,0.000129654523,0.049999713898,1,11.321430000000,0.165619000000,-1.589148998260,-1.926425457001,1.240279674530,0.585567116737,-0.527282357216,0.441855043173,-0.428775757551
1784,1784,1413393975.205760478973,1413393975.205760478973,2,1,1,0,0,0,494,2,0,0,-1,1210,370,370,0,526,0.434710743802,370,1.735975038916,3.866556614913,2.043701834131,11.278378378378,0.770833333333,0,8116,82,nan,nan,0,10.793512000000,0.120731000000,-1.520469665527,-1.892927527428,1.240040302277,0.581521570683,-0.531970024109,0.436932027340,-0.433509975672
1785,1785,1413393975.255760431290,1413393975.255760431290,2,1,1,0,0,0,494,2,0,0,-1,1205,590,590,0,651,0.540248962656,590,0.759436508375,2.931925214892,1.188338606789,7.906779661017,0.770833333333,1,7975,78,0.000064713851,0.049999952316,1,9.527508000000,0.115746000000,-1.456528663635,-1.858922004700,1.235671758652,0.579043269157,-0.536564409733,0.431811630726,-0.436286926270
1786,1786,1413393975.305760622025,1413393975.305760622025,2,1,1,0,0,0,494,2,0,0,-1,1207,422,422,0,689,0.570836785418,422,1.787513191613,4.326935561519,2.151513935531,11.374407582938,0.791666666667,0,8045,79,0.000044219702,0.050000190735,1,10.339326000000,0.118136000000,-1.394963026047,-1.824810743332,1.232048749924,0.578199982643,-0.539920747280,0.427917778492,-0.437100529671
1787,1787,1413393975.355760335922,1413393975.355760335922,2,1,1,0,0,0,495,2,0,0,-1,1205,420,420,0,688,0.570954356846,420,1.775881077499,3.844223847048,2.083285885075,11.616666666667,0.729166666667,0,8007,79,nan,nan,0,11.803604000000,0.091905000000,-1.339465737343,-1.793385505676,1.230180263519,0.577811717987,-0.538277864456,0.430333644152,-0.437268286943
1788,1788,1413393975.405760526657,1413393975.405760526657,2,1,1,0,0,0,495,2,0,0,-1,1203,605,605,0,693,0.576059850374,605,0.782921336678,3.479570860973,1.271711894185,7.709090909091,0.729166666667,1,8043,81,0.000086787106,0.050000190735,1,9.773170000000,0.115461000000,-1.282788395882,-1.759462356567,1.229807376862,0.577387988567,-0.535194814205,0.434776484966,-0.437217354774
1789,1789,1413393975.455760478973,1413393975.455760478973,2,1,1,0,0,0,495,2,0,0,-1,1204,378,378,0,702,0.583056478405,378,1.668748741597,4.446275183786,2.138380595704,11.751322751323,0.729166666667,0,8070,81,0.000115614552,0.049999952316,1,10.630074000000,0.107945000000,-1.229072332382,-1.725271224976,1.230140805244,0.578094363213,-0.529955506325,0.441279679537,-0.436149537563
1790,1790,1413393975.505760431290,1413393975.505760431290,2,1,1,0,0,0,496,2,0,0,-1,1203,394,394,0,700,0.581878636741,394,1.726749375834,4.146445562675,2.108403477483,11.639593908629,0.708333333333,0,8075,82,nan,nan,0,9.740602000000,0.080271000000,-1.177568912506,-1.690925836563,1.228283405304,0.577711999416,-0.525046885014,0.447154790163,-0.436608940363
1791,1791,1413393975.555760383606,1413393975.555760383606,2,1,1,0,0,0,496,2,0,0,-1,1203,572,572,0,683,0.567747298421,572,0.383811296639,3.211720260284,1.113207424661,7.078671328671,0.729166666667,1,7964,79,0.000116157986,0.049999952316,1,9.561425000000,0.119037000000,-1.130506515503,-1.655082225800,1.229618787766,0.577599763870,-0.520727753639,0.452341496944,-0.436587244272
1792,1792,1413393975.605760574341,1413393975.605760574341,2,1,1,0,0,0,496,2,0,0,-1,1201,361,361,0,712,0.592839300583,361,1.590885378293,3.844040388312,1.948398511851,10.393351800554,0.708333333333,0,7942,79,0.000163413628,0.050000190735,1,10.428671000000,0.094741000000,-1.086855411530,-1.617935299873,1.231589436531,0.577000796795,-0.517814695835,0.455566138029,-0.437490075827
1793,1793,1413393975.655760288239,1413393975.655760288239,2,1,1,0,0,0,497,2,0,0,-1,1204,342,342,0,711,0.590531561462,342,1.617586685693,4.036744172141,2.047938699583,9.590643274854,0.687500000000,0,8040,81,nan,nan,0,12.410382000000,0.080855000000,-1.048466682434,-1.579222917557,1.227303385735,0.575565278530,-0.516788601875,0.456545531750,-0.439568400383
1794,1794,1413393975.705760478973,1413393975.705760478973,2,1,1,0,0,0,497,2,0,0,-1,1203,604,604,0,721,0.599334995844,604,0.107160106493,2.912324228365,1.032492749613,6.115894039735,0.729166666667,1,7833,77,0.000083947431,0.050000190735,1,9.513287000000,9.469372000000,-1.012921333313,-1.539092779160,1.229411721230,0.572906255722,-0.520478963852,0.451772153378,-0.443601310253
1795,1795,1413393975.755760431290,1413393975.755760431290,2,1,1,0,0,0,497,2,0,0,-1,1202,394,394,0,739,0.614808652246,394,1.497810339235,3.814477408982,1.937252244082,9.195431472081,0.666666666667,0,8100,81,0.000090553469,0.049999952316,1,10.406272000000,0.156026000000,-0.980765759945,-1.498040556908,1.231724739075,0.569472432137,-0.526216804981,0.445142090321,-0.447934776545
1796,1796,1413393975.805760622025,1413393975.805760622025,2,1,1,0,0,0,498,2,0,0,-1,1203,385,385,0,738,0.613466334165,385,1.656018659342,4.686990523103,2.216760775426,9.000000000000,0.770833333333,0,8020,77,nan,nan,0,9.551008000000,0.122193000000,-0.948172688484,-1.455923438072,1.231488108635,0.565839171410,-0.532251894474,0.438971489668,-0.451484322548
1797,1797,1413393975.855760335922,1413393975.855760335922,2,1,1,0,0,0,498,2,0,0,-1,1203,607,607,0,720,0.598503740648,607,0.686111691641,3.553153700277,1.344334527852,6.522240527183,0.791666666667,1,8073,78,0.000109680201,0.049999713898,1,9.416641000000,0.116718000000,-0.922167539597,-1.414754390717,1.234908699989,0.560222089291,-0.537949740887,0.433586001396,-0.456907510757
1798,1798,1413393975.905760526657,1413393975.905760526657,2,1,1,0,0,0,498,2,0,0,-1,1203,378,378,0,710,0.590191188695,378,1.663753630877,3.976627724220,2.052921054366,9.444444444444,0.687500000000,0,8097,78,0.000163849792,0.050000190735,1,10.745433000000,0.102478000000,-0.899268388748,-1.374292254448,1.238605976105,0.554298877716,-0.544156253338,0.428176999092,-0.461856156588
1799,1799,1413393975.955760478973,1413393975.955760478973,2,1,1,0,0,0,499,2,0,0,-1,1202,420,420,0,704,0.585690515807,420,1.667738284447,4.469954675401,2.172627911145,9.492857142857,0.645833333333,0,8137,80,nan,nan,0,9.638001000000,0.090674000000,-0.873306870461,-1.336791276932,1.241409778595,0.552242636681,-0.548889636993,0.425107806921,-0.461553514004
1800,1800,1413393976.005760431290,1413393976.005760431290,2,1,1,0,0,0,499,2,0,0,-1,1200,597,597,0,708,0.590000000000,597,0.966507668539,3.753525520246,1.403059271686,6.996649916248,0.708333333333,1,8086,79,0.000058302685,0.049999952316,1,9.325072000000,1.186091000000,-0.854915559292,-1.299754619598,1.243816614151,0.552772581577,-0.553536415100,0.422888219357,-0.457389950752
1801,1801,1413393976.055760383606,1413393976.055760383606,2,1,1,0,0,0,499,2,0,0,-1,1201,390,390,0,700,0.582847626978,390,1.535625938285,3.914647351779,1.960694981625,10.282051282051,0.687500000000,0,8107,79,0.000064404303,0.049999952316,1,11.146425000000,0.098690000000,-0.838807761669,-1.264339208603,1.243191957474,0.555520772934,-0.556999623775,0.422541081905,-0.450118988752
1802,1802,1413393976.105760574341,1413393976.105760574341,2,1,1,0,0,0,500,2,0,0,-1,1205,392,392,0,694,0.575933609959,392,1.306928318729,3.807075548282,1.753633976622,10.025510204082,0.750000000000,0,8062,79,nan,nan,0,9.956345000000,0.089901000000,-0.820029735565,-1.230238437653,1.239549160004,0.558184266090,-0.560221850872,0.422439545393,-0.442862033844
1803,1803,1413393976.155760288239,1413393976.155760288239,2,1,1,0,0,0,500,2,0,0,-1,1203,598,598,0,656,0.545303408146,598,0.704786380515,3.160120936744,1.167823083360,6.563545150502,0.770833333333,1,7945,76,0.000033763979,0.049999713898,1,9.953288000000,0.110234000000,-0.806937873363,-1.196768522263,1.235195994377,0.559122383595,-0.562968015671,0.422349929810,-0.438257664442
1804,1804,1413393976.205760478973,1413393976.205760478973,2,1,1,0,0,0,500,2,0,0,-1,1203,401,401,0,674,0.560266001663,401,1.470422670200,4.056779245300,1.919710057860,9.960099750623,0.770833333333,0,8039,78,0.000120232806,0.050000190735,1,10.730644000000,0.138781000000,-0.795492172241,-1.163764953613,1.228281974792,0.558971464634,-0.566788136959,0.420422524214,-0.435369938612
1805,1805,1413393976.255760431290,1413393976.255760431290,2,1,1,0,0,0,501,2,0,0,-1,1202,391,391,0,661,0.549916805324,391,1.571703139752,3.825080207397,1.912160611804,10.478260869565,0.770833333333,0,7995,77,nan,nan,0,9.943374000000,2.687288000000,-0.782099008560,-1.132380962372,1.216958522797,0.556904017925,-0.570163190365,0.418096482754,-0.435852348804
1806,1806,1413393976.305760622025,1413393976.305760622025,2,1,1,0,0,0,501,2,0,0,-1,1201,602,602,0,658,0.547876769359,602,0.746730645885,3.126184563036,1.193461997710,7.480066445183,0.770833333333,1,7995,77,0.000089315996,0.050000190735,1,9.521587000000,0.112184000000,-0.772447824478,-1.100865840912,1.206803083420,0.553395569324,-0.573238790035,0.415738970041,-0.438533604145
1807,1807,1413393976.355760335922,1413393976.355760335922,2,1,1,0,0,0,501,2,0,0,-1,1204,416,416,0,684,0.568106312292,416,1.454845769706,3.667052234417,1.801619477839,10.451923076923,0.729166666667,0,8056,78,0.000160471347,0.049999713898,1,9.951997000000,0.157874000000,-0.763804316521,-1.070749402046,1.197228074074,0.548330426216,-0.574765801430,0.414824754000,-0.443732559681
1808,1808,1413393976.405760526657,1413393976.405760526657,2,1,1,0,0,0,502,2,0,0,-1,1201,402,402,0,696,0.579517069109,402,1.459445895732,3.800892892432,1.866336851310,10.616915422886,0.750000000000,0,7705,74,nan,nan,0,8.833985000000,0.091961000000,-0.757683098316,-1.043579936028,1.189165711403,0.544234573841,-0.574461698532,0.414621412754,-0.449323505163
1809,1809,1413393976.455760478973,1413393976.455760478973,2,1,1,0,0,0,502,2,0,0,-1,1200,605,605,0,703,0.585833333333,605,0.713988076684,3.190196176228,1.150136471808,7.006611570248,0.750000000000,1,7771,75,0.000212473431,0.049999952316,1,9.702612000000,0.123630000000,-0.752413392067,-1.016979932785,1.184029817581,0.542502582073,-0.573853313923,0.412203103304,-0.454391956329
1810,1810,1413393976.505760431290,1413393976.505760431290,2,1,1,0,0,0,502,2,0,0,-1,1202,450,450,0,709,0.589850249584,450,1.433866420569,3.663658272091,1.816296411835,10.622222222222,0.770833333333,0,8037,79,0.000206585100,0.049999952316,1,9.769515000000,0.202362000000,-0.749999642372,-0.992482960224,1.180947780609,0.544831991196,-0.573544383049,0.406918615103,-0.456751853228
1811,1811,1413393976.555760383606,1413393976.555760383606,2,1,1,0,0,0,502,2,0,0,-1,1203,421,421,0,716,0.595178719867,421,1.444829174367,3.724462218196,1.827031186489,11.109263657957,0.791666666667,0,8109,80,0.000173774271,0.049999952316,1,10.183466000000,0.095087000000,-0.748573184013,-0.970384597778,1.180035352707,0.549755454063,-0.571661651134,0.401974022388,-0.457590162754
1812,1812,1413393976.605760574341,1413393976.605760574341,2,1,1,0,0,0,503,2,0,0,-1,1201,654,654,0,706,0.587843463780,654,0.790882440943,2.999132915784,1.174403834861,7.842507645260,0.791666666667,1,8098,80,nan,nan,0,9.089893000000,0.116407000000,-0.751421868801,-0.951809823513,1.178507089615,0.555488526821,-0.569888472557,0.396755725145,-0.457432538271
1813,1813,1413393976.655760288239,1413393976.655760288239,2,1,1,0,0,0,503,2,0,0,-1,1201,463,463,0,747,0.621981681932,463,1.437141207824,3.578091538215,1.741595588997,11.431965442765,0.770833333333,0,8136,81,0.000191963933,0.049999713898,1,10.432823000000,0.153189000000,-0.752275824547,-0.934657275677,1.176300048828,0.560789287090,-0.568035423756,0.391826748848,-0.457518339157
1814,1814,1413393976.705760478973,1413393976.705760478973,2,1,1,0,0,0,504,2,0,0,-1,1206,466,466,0,759,0.629353233831,466,1.274930691096,3.390636957459,1.626450332851,10.849785407725,0.708333333333,0,8125,81,nan,nan,0,9.696900000000,0.170921000000,-0.753153204918,-0.921429812908,1.167654156685,0.563339352608,-0.566540300846,0.386099487543,-0.461094439030
1815,1815,1413393976.755760431290,1413393976.755760431290,2,1,1,0,0,0,504,2,0,0,-1,1204,446,446,0,768,0.637873754153,446,1.332192472967,3.305651674607,1.704447053601,10.872197309417,0.770833333333,0,8144,82,0.000120275079,0.049999952316,1,9.769049000000,0.132607000000,-0.754708051682,-0.908507466316,1.161506295204,0.565869569778,-0.565303087234,0.380650073290,-0.464036256075
1816,1816,1413393976.805760622025,1413393976.805760622025,2,1,1,0,0,0,504,2,0,0,-1,1201,450,450,0,795,0.661948376353,450,1.540557765916,3.412656751764,1.806455828287,10.775555555556,0.812500000000,0,8144,82,0.000238857014,0.050000190735,1,9.287193000000,0.158212000000,-0.756342113018,-0.898142635822,1.152637720108,0.568942904472,-0.565357506275,0.374579548836,-0.465150505304
1817,1817,1413393976.855760335922,1413393976.855760335922,2,1,1,0,0,0,504,2,0,0,-1,1202,699,699,0,770,0.640599001664,699,0.705960636153,2.972265866584,1.067817392822,7.377682403433,0.770833333333,1,7948,81,0.000192665437,0.049999713898,1,9.262876000000,0.130803000000,-0.758257150650,-0.890792071819,1.141855955124,0.574743270874,-0.566266179085,0.368427395821,-0.461815983057
1818,1818,1413393976.905760526657,1413393976.905760526657,2,1,1,0,0,0,504,2,0,0,-1,1200,491,491,0,818,0.681666666667,491,1.435835270880,3.395408899373,1.754869657203,10.832993890020,0.750000000000,0,7969,81,0.000187808837,0.050000190735,1,10.076644000000,0.138515000000,-0.760859847069,-0.886762142181,1.130742549896,0.583473920822,-0.567516624928,0.362484753132,-0.453969001770
1819,1819,1413393976.955760478973,1413393976.955760478973,2,1,1,0,0,0,505,2,0,0,-1,1202,521,521,0,779,0.648086522463,521,1.422810674026,3.116939176412,1.715248856604,10.558541266795,0.750000000000,0,8025,81,nan,nan,0,10.196710000000,2.203163000000,-0.770259678364,-0.886730492115,1.120782494545,0.591561794281,-0.568148851395,0.358319759369,-0.445946931839
1820,1820,1413393977.005760431290,1413393977.005760431290,2,1,1,0,0,0,505,2,0,0,-1,1201,480,480,0,768,0.639467110741,480,1.382183147408,3.337084905936,1.728489006552,10.185416666667,0.750000000000,0,8082,81,0.000167381455,0.049999952316,1,9.436262000000,0.147499000000,-0.772096037865,-0.888064861298,1.111438155174,0.600892424583,-0.566811740398,0.357871294022,-0.435409009457
1821,1821,1413393977.055760383606,1413393977.055760383606,2,1,1,0,0,0,505,2,0,0,-1,1203,482,482,0,735,0.610972568579,482,1.455254144261,3.676577348426,1.835894074105,9.995850622407,0.750000000000,0,8112,80,0.000147836457,0.049999952316,1,9.099418000000,0.219230000000,-0.771814286709,-0.891351640224,1.103064537048,0.608537971973,-0.563347220421,0.361641138792,-0.426071763039
1822,1822,1413393977.105760574341,1413393977.105760574341,2,1,1,0,0,0,505,2,0,0,-1,1203,469,469,0,793,0.659185369909,469,1.433780428444,3.266832119612,1.750491853093,9.812366737740,0.791666666667,0,8034,81,0.000278841326,0.050000190735,1,9.694267000000,0.129048000000,-0.769171118736,-0.895650207996,1.096885800362,0.614496648312,-0.559092700481,0.367055982351,-0.418424665928
1823,1823,1413393977.155760288239,1413393977.155760288239,2,1,1,0,0,0,505,2,0,0,-1,1202,698,698,0,731,0.608153078203,698,0.738023256872,2.892430709888,1.115404972783,6.540114613181,0.833333333333,1,8112,81,0.000238945286,0.049999713898,1,9.690436000000,0.126479000000,-0.763401389122,-0.899938166142,1.095363020897,0.617231190205,-0.554165899754,0.373281598091,-0.415435671806
1824,1824,1413393977.205760478973,1413393977.205760478973,2,1,1,0,0,0,505,2,0,0,-1,1202,565,565,0,790,0.657237936772,565,1.385818350986,3.359455735517,1.732757999839,9.465486725664,0.833333333333,0,8039,80,0.000411329122,0.050000190735,1,10.512510000000,0.130863000000,-0.755979955196,-0.903861224651,1.098041176796,0.618461489677,-0.549159526825,0.380432188511,-0.413763999939
1825,1825,1413393977.255760431290,1413393977.255760431290,2,1,1,0,0,0,506,2,0,0,-1,1200,554,554,0,793,0.660833333333,554,1.492254033871,3.469535125871,1.777112666234,9.633574007220,0.875000000000,0,8006,81,nan,nan,0,9.596164000000,0.134918000000,-0.753255844116,-0.909031391144,1.102595090866,0.617701470852,-0.544570744038,0.386855095625,-0.415006905794
1826,1826,1413393977.305760622025,1413393977.305760622025,2,1,1,0,0,0,506,2,0,0,-1,1202,511,511,0,698,0.580698835275,511,1.570656379665,3.188795501865,1.808167890813,9.373776908023,0.833333333333,0,7809,78,0.000298473809,0.050000190735,1,9.365750000000,0.108469000000,-0.741385996342,-0.911108136177,1.113307952881,0.616517007351,-0.540705323219,0.392279088497,-0.416727453470
1827,1827,1413393977.355760335922,1413393977.355760335922,2,1,1,0,0,0,506,2,0,0,-1,1200,540,540,0,747,0.622500000000,540,1.571731218732,3.834454535170,1.901845009978,9.742592592593,0.854166666667,0,7984,81,0.001091535552,0.049999713898,1,9.602880000000,0.098070000000,-0.729845702648,-0.912530362606,1.126133918762,0.615365684032,-0.538505256176,0.396349936724,-0.417425274849
1828,1828,1413393977.405760526657,1413393977.405760526657,2,1,1,0,0,0,506,2,0,0,-1,1203,539,539,0,754,0.626766417290,539,1.539759562863,3.563778774503,1.848734098331,9.814471243043,0.833333333333,0,8070,81,0.000643765670,0.050000190735,1,9.897099000000,0.136335000000,-0.718150913715,-0.913190662861,1.142411470413,0.614233791828,-0.536539614201,0.400489628315,-0.417672276497
1829,1829,1413393977.455760478973,1413393977.455760478973,2,1,1,0,0,0,506,2,0,0,-1,1203,520,520,0,757,0.629260182876,520,1.532863549614,3.327340567733,1.811474637637,10.042307692308,0.812500000000,0,8056,81,0.000523727154,0.049999952316,1,10.527067000000,0.137686000000,-0.707145094872,-0.912812650204,1.159605264664,0.613224804401,-0.536046445370,0.402582049370,-0.417776614428
1830,1830,1413393977.505760431290,1413393977.505760431290,2,1,1,0,0,0,506,2,0,0,-1,1205,484,484,0,745,0.618257261411,484,1.569520423123,3.540364384098,1.879476007216,10.181818181818,0.812500000000,0,8056,81,0.000272574543,0.049999952316,1,9.991853000000,0.111102000000,-0.696434915066,-0.911684274673,1.177052855492,0.613530874252,-0.535037219524,0.405768603086,-0.415532141924
1831,1831,1413393977.555760383606,1413393977.555760383606,2,1,1,0,0,0,506,2,0,0,-1,1202,724,724,0,747,0.621464226290,724,0.835716572818,3.342274804288,1.249832926392,7.475138121547,0.875000000000,1,8056,81,0.000108142798,0.049999952316,1,9.302424000000,0.121362000000,-0.685145139694,-0.909039855003,1.194555282593,0.613275051117,-0.535304486752,0.407475203276,-0.413892209530
1832,1832,1413393977.605760574341,1413393977.605760574341,2,1,1,0,0,0,506,2,0,0,-1,1201,515,515,0,718,0.597835137386,515,1.463284247274,3.817500644776,1.854837331707,10.912621359223,0.875000000000,0,8061,81,0.000090693946,0.050000190735,1,11.004881000000,0.148447000000,-0.674045085907,-0.905116796494,1.210026025772,0.612948536873,-0.536039054394,0.408557504416,-0.412355542183
1833,1833,1413393977.655760288239,1413393977.655760288239,2,1,1,0,0,0,507,2,0,0,-1,1204,516,516,0,726,0.602990033223,516,1.298336387949,3.764046338480,1.699694479236,10.668604651163,0.875000000000,0,8054,81,nan,nan,0,9.578169000000,0.766739000000,-0.673402130604,-0.896136283875,1.208310484886,0.611478626728,-0.536092579365,0.410851508379,-0.412188827991
1834,1834,1413393977.705760478973,1413393977.705760478973,2,1,1,0,0,0,507,2,0,0,-1,1201,488,488,0,716,0.596169858451,488,1.414227479505,3.263093110404,1.734895732756,11.104508196721,0.833333333333,0,8054,81,0.000102846549,0.050000190735,1,10.297062000000,0.133825000000,-0.661563754082,-0.889400780201,1.216916441917,0.610875248909,-0.536779820919,0.412109494209,-0.410931438208
1835,1835,1413393977.755760431290,1413393977.755760431290,2,1,1,0,0,0,507,2,0,0,-1,1202,472,472,0,724,0.602329450915,472,1.492091779551,3.389449078318,1.792281096767,11.110169491525,0.812500000000,0,7954,80,0.000135772556,0.049999952316,1,9.226909000000,0.121397000000,-0.649195492268,-0.881319224834,1.223150730133,0.609934210777,-0.538366675377,0.412376821041,-0.409984201193
1836,1836,1413393977.805760622025,1413393977.805760622025,2,1,1,0,0,0,507,2,0,0,-1,1203,478,478,0,717,0.596009975062,478,1.542227577318,4.133564974520,1.916748786352,11.010460251046,0.791666666667,0,7954,80,0.000096237636,0.050000190735,1,8.932223000000,0.128053000000,-0.636644124985,-0.871776044369,1.227709293365,0.608490407467,-0.539608657360,0.413072019815,-0.409796923399
1837,1837,1413393977.855760335922,1413393977.855760335922,2,1,1,0,0,0,507,2,0,0,-1,1205,686,686,0,705,0.585062240664,686,0.986849047274,2.956554970562,1.238775005382,8.255102040816,0.895833333333,1,7954,80,0.000167368446,0.049999713898,1,10.685140000000,0.125446000000,-0.624197542667,-0.860883653164,1.231299400330,0.607546031475,-0.540301442146,0.414269894361,-0.409075438976
1838,1838,1413393977.905760526657,1413393977.905760526657,2,1,1,0,0,0,507,2,0,0,-1,1202,513,513,0,739,0.614808652246,513,1.389854966886,3.177938153056,1.723062912618,11.600389863548,0.812500000000,0,7911,81,0.000160159077,0.050000190735,1,10.494225000000,0.120478000000,-0.612061977386,-0.848661065102,1.235302567482,0.606106519699,-0.541285097599,0.415372133255,-0.408792704344
1839,1839,1413393977.955760478973,1413393977.955760478973,2,1,1,0,0,0,507,2,0,0,-1,1203,494,494,0,750,0.623441396509,494,1.494661156563,3.289933422194,1.769661818508,11.327935222672,0.791666666667,0,7995,81,0.000164380559,0.049999952316,1,9.113094000000,0.102082000000,-0.600246548653,-0.835060060024,1.239913463593,0.604639112949,-0.542950272560,0.415806353092,-0.408315747976
1840,1840,1413393978.005760431290,1413393978.005760431290,2,1,1,0,0,0,508,2,0,0,-1,1203,498,498,0,762,0.633416458853,498,1.444073875915,3.604720027097,1.802638525601,11.279116465863,0.833333333333,0,7978,81,nan,nan,0,9.183278000000,0.100841000000,-0.592592716217,-0.820018708706,1.246392250061,0.602872431278,-0.545297443867,0.415534198284,-0.408076941967
1841,1841,1413393978.055760383606,1413393978.055760383606,2,1,1,0,0,0,508,2,0,0,-1,1202,501,501,0,767,0.638103161398,501,1.529920991735,3.800993864664,1.946966984164,11.516966067864,0.833333333333,0,7965,80,0.000270434772,0.049999952316,1,9.544091000000,0.111023000000,-0.580300509930,-0.803724527359,1.251521587372,0.600576460361,-0.548459887505,0.414611965418,-0.408162415028
1842,1842,1413393978.105760574341,1413393978.105760574341,2,1,1,0,0,0,508,2,0,0,-1,1201,454,454,0,749,0.623646960866,454,1.581680810908,3.773542559191,1.939428829019,11.991189427313,0.812500000000,0,7978,81,0.000271045865,0.050000190735,1,10.203192000000,0.133278000000,-0.567955791950,-0.786195635796,1.257303953171,0.598055005074,-0.551874518394,0.413183718920,-0.408710092306
1843,1843,1413393978.155760288239,1413393978.155760288239,2,1,1,0,0,0,508,2,0,0,-1,1203,712,712,0,764,0.635078969244,712,0.828627206594,3.124281291659,1.188798722601,8.466292134831,0.812500000000,1,7978,81,0.000332617376,0.049999713898,1,10.315249000000,0.159710000000,-0.555581271648,-0.767576456070,1.263753652573,0.595044672489,-0.555132389069,0.411563932896,-0.410323202610
1844,1844,1413393978.205760478973,1413393978.205760478973,2,1,1,0,0,0,508,2,0,0,-1,1202,493,493,0,746,0.620632279534,493,1.477290387857,3.458722586479,1.825862859444,12.407707910751,0.791666666667,0,7916,81,0.000231475060,0.050000190735,1,9.875943000000,0.118543000000,-0.542885184288,-0.748466968536,1.270400762558,0.591420829296,-0.558342516422,0.410526186228,-0.412241876125
1845,1845,1413393978.255760431290,1413393978.255760431290,2,1,1,0,0,0,508,2,0,0,-1,1202,472,472,0,787,0.654742096506,472,1.545525218746,3.718162607395,1.905276171246,12.889830508475,0.791666666667,0,8000,81,0.000233622006,0.049999952316,1,10.332126000000,0.100341000000,-0.529951691628,-0.729398369789,1.277535915375,0.586727201939,-0.561952471733,0.410384535789,-0.414180248976
1846,1846,1413393978.305760622025,1413393978.305760622025,2,1,1,0,0,0,509,2,0,0,-1,1205,495,495,0,760,0.630705394191,495,1.455962821012,3.571575126692,1.852556921778,12.593939393939,0.770833333333,0,7995,80,nan,nan,0,9.569722000000,0.096106000000,-0.518972635269,-0.707861781120,1.291462063789,0.581493794918,-0.566285669804,0.410980373621,-0.415067017078
1847,1847,1413393978.355760335922,1413393978.355760335922,2,1,1,0,0,0,509,2,0,0,-1,1206,706,706,0,780,0.646766169154,706,0.801527739748,2.895837836082,1.180666681940,8.694050991501,0.750000000000,1,7785,75,0.000434152258,0.049999713898,1,11.084834000000,2.631212000000,-0.505371868610,-0.689238190651,1.299406051636,0.573652803898,-0.570854067802,0.412920206785,-0.417785823345
1848,1848,1413393978.405760526657,1413393978.405760526657,2,1,1,0,0,0,509,2,0,0,-1,1202,473,473,0,756,0.628951747088,473,1.420691660619,3.394901852577,1.827291814442,13.369978858351,0.708333333333,0,7825,76,0.000275990256,0.050000190735,1,10.547768000000,0.118860000000,-0.491881370544,-0.671410560608,1.307372450829,0.566264688969,-0.575794637203,0.415484964848,-0.418541669846
1849,1849,1413393978.455760478973,1413393978.455760478973,2,1,1,0,0,0,510,2,0,0,-1,1203,457,457,0,775,0.644222776392,457,1.309879249826,3.037503199716,1.625339876287,13.547045951860,0.708333333333,0,7819,77,nan,nan,0,11.006915000000,3.475764000000,-0.475193917751,-0.658293843269,1.323436379433,0.556831002235,-0.581668138504,0.418661117554,-0.419909864664
1850,1850,1413393978.505760431290,1413393978.505760431290,2,1,1,0,0,0,510,2,0,0,-1,1203,722,722,0,764,0.635078969244,722,0.735703699408,2.684703146745,1.080947435930,9.114958448753,0.687500000000,1,7785,77,0.000143798286,0.049999952316,1,9.289909000000,0.140751000000,-0.462147712708,-0.642703533173,1.332427263260,0.547022163868,-0.588026165962,0.422746002674,-0.419854611158
1851,1851,1413393978.555760383606,1413393978.555760383606,2,1,1,0,0,0,510,2,0,0,-1,1202,461,461,0,794,0.660565723794,461,1.310808462740,3.578796375919,1.720447649840,13.906724511931,0.708333333333,0,7850,78,0.000136784278,0.049999952316,1,10.521745000000,0.115906000000,-0.449760138988,-0.628701806068,1.341896057129,0.536689221859,-0.593871712685,0.428951650858,-0.418666511774
1852,1852,1413393978.605760574341,1413393978.605760574341,2,1,1,0,0,0,511,2,0,0,-1,1202,467,467,0,793,0.659733777038,467,1.344647857479,3.761353829138,1.725891268155,14.051391862955,0.666666666667,0,7733,77,nan,nan,0,12.714482000000,3.740106000000,-0.436568975449,-0.617680788040,1.354404687881,0.527451276779,-0.602296054363,0.433453440666,-0.413706153631
1853,1853,1413393978.655760288239,1413393978.655760288239,2,1,1,0,0,0,511,2,0,0,-1,1208,676,676,0,763,0.631622516556,676,0.752871460332,2.838714037130,1.107304952653,9.394970414201,0.708333333333,1,7875,78,0.000168867715,0.049999713898,1,9.214752000000,0.124524000000,-0.426591575146,-0.606761574745,1.363193511963,0.517831265926,-0.610707998276,0.438475310802,-0.408198535442
1854,1854,1413393978.705760478973,1413393978.705760478973,2,1,1,0,0,0,511,2,0,0,-1,1200,438,438,0,788,0.656666666667,438,1.523616108360,3.462308758510,1.790871689508,13.353881278539,0.729166666667,0,7922,78,0.000148386112,0.050000190735,1,10.272617000000,0.097251000000,-0.417651236057,-0.597247242928,1.371509671211,0.508905708790,-0.620131909847,0.442582279444,-0.400714933872
1855,1855,1413393978.755760431290,1413393978.755760431290,2,1,1,0,0,0,512,2,0,0,-1,1202,437,437,0,782,0.650582362729,437,1.475311765139,3.234747668978,1.877541631165,12.647597254005,0.708333333333,0,7931,80,nan,nan,0,10.746028000000,1.831375000000,-0.411245107651,-0.588094949722,1.382870912552,0.499820828438,-0.630679011345,0.445778876543,-0.392051488161
1856,1856,1413393978.805760622025,1413393978.805760622025,2,1,1,0,0,0,512,2,0,0,-1,1203,432,432,0,762,0.633416458853,432,1.674681044214,3.619430156795,1.986264599390,11.620370370370,0.729166666667,0,7818,77,0.000173894732,0.050000190735,1,10.096049000000,0.130113000000,-0.404403299093,-0.580761909485,1.391857147217,0.490684479475,-0.640446066856,0.448824137449,-0.384206414223
1857,1857,1413393978.855760335922,1413393978.855760335922,2,1,1,0,0,0,512,2,0,0,-1,1203,684,684,0,795,0.660847880299,684,0.647800214128,2.841456731454,1.114624553217,7.378654970760,0.708333333333,1,7779,75,0.000186288293,0.049999713898,1,9.338877000000,0.121955000000,-0.398119568825,-0.574872612953,1.401655673981,0.479935258627,-0.650129318237,0.452545106411,-0.377090066671
1858,1858,1413393978.905760526657,1413393978.905760526657,2,1,1,0,0,0,512,2,0,0,-1,1201,488,488,0,770,0.641132389675,488,1.515862333493,3.403587431050,1.838075078241,10.620901639344,0.687500000000,0,7883,77,0.000195972636,0.050000190735,1,11.433754000000,0.120034000000,-0.392390012741,-0.570477962494,1.412012100220,0.468892097473,-0.658579409122,0.457617998123,-0.370133906603
1859,1859,1413393978.955760478973,1413393978.955760478973,2,1,1,0,0,0,513,2,0,0,-1,1203,471,471,0,744,0.618453865337,471,1.335616352356,3.336665903428,1.698984300157,10.401273885350,0.625000000000,0,7716,74,nan,nan,0,9.909531000000,0.101993000000,-0.379493206739,-0.569219946861,1.427313208580,0.457338750362,-0.667061448097,0.462186247110,-0.363667786121
1860,1860,1413393979.005760431290,1413393979.005760431290,2,1,1,0,0,0,513,2,0,0,-1,1204,441,441,0,750,0.622923588040,441,1.397636339942,3.271504981844,1.726769333307,10.755102040816,0.645833333333,0,7595,73,0.000061183084,0.049999952316,1,9.225410000000,0.136439000000,-0.374553889036,-0.567931294441,1.438386797905,0.444663286209,-0.675993561745,0.465786844492,-0.358259499073
1861,1861,1413393979.055760383606,1413393979.055760383606,2,1,1,0,0,0,513,2,0,0,-1,1201,410,410,0,710,0.591174021649,410,1.486999794083,3.442741074010,1.815415810545,11.439024390244,0.583333333333,0,7514,72,0.000057072190,0.049999952316,1,9.454096000000,0.136025000000,-0.370536208153,-0.568625092506,1.449238181114,0.431876093149,-0.684450268745,0.469939738512,-0.352374255657
1862,1862,1413393979.105760574341,1413393979.105760574341,2,1,1,0,0,0,513,2,0,0,-1,1206,587,587,0,704,0.583747927032,587,0.850307944220,2.786129438147,1.101616738022,8.076660988075,0.729166666667,1,7554,73,0.000029501221,0.050000190735,1,10.040375000000,0.112689000000,-0.367366611958,-0.571283936501,1.460254311562,0.418337285519,-0.692694604397,0.474249124527,-0.346779286861
1863,1863,1413393979.155760288239,1413393979.155760288239,2,1,1,0,0,0,513,2,0,0,-1,1203,425,425,0,735,0.610972568579,425,1.461018754111,3.630357482154,1.897147539930,10.889411764706,0.770833333333,0,7255,71,0.000095299190,0.049999713898,1,10.496272000000,0.141385000000,-0.365382432938,-0.576166868210,1.470805168152,0.405271649361,-0.700749814510,0.479405432940,-0.338932126760
1864,1864,1413393979.205760478973,1413393979.205760478973,2,1,1,0,0,0,514,2,0,0,-1,1205,473,473,0,712,0.590871369295,473,1.409553737260,3.584467709104,1.791313996872,10.604651162791,0.708333333333,0,7228,70,nan,nan,0,9.714493000000,1.568977000000,-0.362365514040,-0.584973335266,1.479821085930,0.392727196217,-0.707976818085,0.485655128956,-0.329656392336
1865,1865,1413393979.255760431290,1413393979.255760431290,2,1,1,0,0,0,514,2,0,0,-1,1208,411,411,0,701,0.580298013245,411,1.408858233181,3.506892881441,1.843608022686,10.540145985401,0.708333333333,0,7308,70,0.000136930568,0.049999952316,1,10.401451000000,0.115096000000,-0.362524092197,-0.593709707260,1.486186623573,0.379897564650,-0.714973151684,0.491541057825,-0.320747137070
1866,1866,1413393979.305760622025,1413393979.305760622025,2,1,1,0,0,0,514,2,0,0,-1,1202,579,579,0,689,0.573211314476,579,0.864438612933,3.017132512372,1.194742025555,7.457685664940,0.750000000000,1,7209,71,0.000162193115,0.050000190735,1,9.435889000000,0.114333000000,-0.364177048206,-0.603894829750,1.489363431931,0.366016417742,-0.721917033195,0.497208565474,-0.312492370605
1867,1867,1413393979.355760335922,1413393979.355760335922,2,1,1,0,0,0,514,2,0,0,-1,1202,454,454,0,664,0.552412645591,454,1.472377125013,3.332478358867,1.807347628128,10.237885462555,0.750000000000,0,7116,71,0.000235237472,0.049999713898,1,10.020366000000,0.111635000000,-0.367637425661,-0.615446448326,1.489621639252,0.351224184036,-0.728655517101,0.502437293530,-0.305384397507
1868,1868,1413393979.405760526657,1413393979.405760526657,2,1,1,0,0,0,515,2,0,0,-1,1202,462,462,0,659,0.548252911814,462,1.413296036079,3.416548476468,1.790352164506,10.523809523810,0.791666666667,0,7060,69,nan,nan,0,9.419391000000,0.969211000000,-0.369761437178,-0.634544968605,1.485461235046,0.335990160704,-0.735753238201,0.506240963936,-0.299162000418
1869,1869,1413393979.455760478973,1413393979.455760478973,2,1,1,0,0,0,515,2,0,0,-1,1206,469,469,0,634,0.525704809287,469,1.580235384214,3.420798657509,1.871762425417,11.398720682303,0.750000000000,0,7130,70,0.000202181502,0.049999952316,1,10.118217000000,0.113995000000,-0.376957446337,-0.649401426315,1.479570865631,0.320617407560,-0.742177844048,0.510543346405,-0.292783439159
1870,1870,1413393979.505760431290,1413393979.505760431290,2,1,1,0,0,0,515,2,0,0,-1,1203,461,461,0,655,0.544472152951,461,1.566909423035,3.796337908219,1.926406593069,11.173535791757,0.687500000000,0,7273,72,0.000259000139,0.049999952316,1,10.685691000000,0.157826000000,-0.386439472437,-0.665605783463,1.471290707588,0.304825901985,-0.748656570911,0.513852596283,-0.287315189838
1871,1871,1413393979.555760383606,1413393979.555760383606,2,1,1,0,0,0,515,2,0,0,-1,1209,440,440,0,657,0.543424317618,440,1.711491376366,3.711034905042,2.008283651393,11.254545454545,0.729166666667,0,7215,69,0.000257334614,0.049999952316,1,9.656853000000,0.118278000000,-0.397801309824,-0.684074878693,1.461191177368,0.289023846388,-0.754950702190,0.517131686211,-0.281228721142
1872,1872,1413393979.605760574341,1413393979.605760574341,2,1,1,0,0,0,515,2,0,0,-1,1204,420,420,0,647,0.537375415282,420,1.621635058757,3.809178811725,2.007780106087,11.695238095238,0.729166666667,0,7348,71,0.000181877491,0.050000190735,1,10.171669000000,0.117537000000,-0.410849779844,-0.705173492432,1.449335098267,0.274123758078,-0.760961651802,0.520600318909,-0.273438870907
1873,1873,1413393979.655760288239,1413393979.655760288239,2,1,1,0,0,0,515,2,0,0,-1,1202,390,390,0,675,0.561564059900,390,1.737002898468,3.836515036167,2.045220821570,11.625641025641,0.708333333333,0,7456,73,0.000059195048,0.049999713898,1,9.489861000000,0.142191000000,-0.426498711109,-0.728504300117,1.436123132706,0.260884404182,-0.766047954559,0.525142669678,-0.263315558434
1874,1874,1413393979.705760478973,1413393979.705760478973,2,1,1,0,0,0,515,2,0,0,-1,1206,605,605,0,675,0.559701492537,605,0.877146544106,3.174609085587,1.255917047619,8.137190082645,0.854166666667,1,7368,72,0.000041523053,0.050000190735,1,10.826397000000,0.120140000000,-0.444795131683,-0.754091203213,1.423873424530,0.248130738735,-0.770233511925,0.530739843845,-0.251965850592
1875,1875,1413393979.755760431290,1413393979.755760431290,2,1,1,0,0,0,515,2,0,0,-1,1205,428,428,0,663,0.550207468880,428,1.569165772290,3.566118421186,1.877031256741,10.960280373832,0.833333333333,0,7457,71,0.000110394074,0.049999952316,1,10.821242000000,0.134275000000,-0.464946478605,-0.781418263912,1.412937641144,0.236774474382,-0.774236798286,0.535650253296,-0.239945992827
1876,1876,1413393979.805760622025,1413393979.805760622025,2,1,1,0,0,0,515,2,0,0,-1,1200,407,407,0,673,0.560833333333,407,1.607043620411,3.495892344283,1.887478267882,11.439803439803,0.854166666667,0,7440,71,0.000017535345,0.050000190735,1,9.934254000000,0.121714000000,-0.487811177969,-0.810797393322,1.403430938721,0.227188140154,-0.777484118938,0.541395127773,-0.225378200412
1877,1877,1413393979.855760335922,1413393979.855760335922,2,1,1,0,0,0,516,2,0,0,-1,1202,414,414,0,697,0.579866888519,414,1.567712220759,3.394326868647,1.846354539110,10.086956521739,0.812500000000,0,7584,71,nan,nan,0,9.280052000000,0.118634000000,-0.508587062359,-0.844850361347,1.401563882828,0.218173205853,-0.782144963741,0.544784009457,-0.209428414702
1878,1878,1413393979.905760526657,1413393979.905760526657,2,1,1,0,0,0,516,2,0,0,-1,1209,395,395,0,714,0.590570719603,395,1.638790137022,3.608645130985,1.939316018720,10.205063291139,0.791666666667,0,7721,74,0.000103727769,0.050000190735,1,9.305269000000,0.113883000000,-0.536031484604,-0.876957476139,1.395235180855,0.208806186914,-0.786453306675,0.547617733479,-0.194951400161
1879,1879,1413393979.955760478973,1413393979.955760478973,2,1,1,0,0,0,516,2,0,0,-1,1207,604,604,0,707,0.585749792875,604,0.814562398096,2.798233322521,1.178785778651,7.514900662252,0.854166666667,1,7538,69,0.000166386948,0.049999952316,1,9.598051000000,0.109556000000,-0.565054357052,-0.910101294518,1.389968037605,0.199150949717,-0.791030585766,0.549457311630,-0.180848956108
1880,1880,1413393980.005760431290,1413393980.005760431290,2,1,1,0,0,0,516,2,0,0,-1,1205,434,434,0,673,0.558506224066,434,1.483510458941,3.664008208769,1.854457129456,9.944700460829,0.812500000000,0,7737,72,0.000158574912,0.049999952316,1,9.758084000000,0.092462000000,-0.595167994499,-0.944027423859,1.385633587837,0.188603520393,-0.795684218407,0.550605118275,-0.167777821422
1881,1881,1413393980.055760383606,1413393980.055760383606,2,1,1,0,0,0,516,2,0,0,-1,1202,393,393,0,676,0.562396006656,393,1.541420515945,3.550137288555,1.896197545405,10.295165394402,0.833333333333,0,7139,66,0.000197862799,0.049999952316,1,10.827718000000,0.101286000000,-0.626488983631,-0.978510916233,1.380879998207,0.179933950305,-0.801320374012,0.549801051617,-0.152408584952
1882,1882,1413393980.105760574341,1413393980.105760574341,2,1,1,0,0,0,517,2,0,0,-1,1201,612,612,0,686,0.571190674438,612,0.833415196774,2.901759233803,1.187336476958,7.076797385621,0.916666666667,1,7808,72,nan,nan,0,9.208318000000,0.104991000000,-0.645482063293,-1.018416404724,1.370849132538,0.172107592225,-0.807107746601,0.548209011555,-0.135731264949
1883,1883,1413393980.155760288239,1413393980.155760288239,2,1,1,0,0,0,517,2,0,0,-1,1203,420,420,0,691,0.574397339983,420,1.579255318787,3.520529812143,1.904558874545,9.109523809524,0.854166666667,0,7297,66,0.000164437806,0.049999713898,1,11.061968000000,0.154113000000,-0.677136838436,-1.055253148079,1.366420626640,0.166657462716,-0.812158703804,0.546612262726,-0.117637895048
1884,1884,1413393980.205760478973,1413393980.205760478973,2,1,1,0,0,0,518,2,0,0,-1,1203,415,415,0,680,0.565253532835,415,1.493759059180,3.419152389575,1.766900014134,9.238554216867,0.854166666667,0,7524,67,nan,nan,0,12.653842000000,1.871492000000,-0.705881476402,-1.092565774918,1.357392907143,0.161824598908,-0.817657232285,0.543340086937,-0.100155457854
1885,1885,1413393980.255760431290,1413393980.255760431290,2,1,1,0,0,0,518,2,0,0,-1,1204,632,632,0,658,0.546511627907,632,0.783260834287,3.228196823454,1.234614716078,6.145569620253,0.937500000000,1,7502,67,0.000108334563,0.049999952316,1,10.512948000000,0.114380000000,-0.735425114632,-1.131123661995,1.353199839592,0.158055990934,-0.822116017342,0.540256619453,-0.085242472589
1886,1886,1413393980.305760622025,1413393980.305760622025,2,1,1,0,0,0,518,2,0,0,-1,1203,398,398,0,678,0.563591022444,398,1.475016777341,3.663838599786,1.851344721624,8.592964824121,0.958333333333,0,7609,68,0.000108962056,0.050000190735,1,10.483622000000,0.124424000000,-0.763243436813,-1.170773029327,1.349503278732,0.154679030180,-0.825708448887,0.537483513355,-0.073426321149
1887,1887,1413393980.355760335922,1413393980.355760335922,2,1,1,0,0,0,518,2,0,0,-1,1203,378,378,0,623,0.517871986700,378,1.609431921201,3.728036639155,1.877851057216,9.097883597884,0.854166666667,0,7219,64,0.000124952581,0.049999713898,1,9.502171000000,0.087837000000,-0.788671970367,-1.211529731750,1.346500992775,0.151835471392,-0.828111171722,0.535709917545,-0.064752385020
1888,1888,1413393980.405760526657,1413393980.405760526657,2,1,1,0,0,0,519,2,0,0,-1,1207,582,582,0,609,0.504556752278,582,0.762567429843,3.242614991112,1.216602380280,6.482817869416,0.958333333333,1,6993,59,nan,nan,0,10.062177000000,0.120158000000,-0.806052565575,-1.254125356674,1.342744231224,0.149997413158,-0.828307449818,0.536708474159,-0.057893171906
1889,1889,1413393980.455760478973,1413393980.455760478973,2,1,1,0,0,0,519,2,0,0,-1,1205,419,419,0,647,0.536929460581,419,1.489474738222,3.429784213680,1.783840727557,9.472553699284,0.895833333333,0,6814,56,0.000195811313,0.049999952316,1,10.621777000000,0.107777000000,-0.825601100922,-1.298510432243,1.340901970863,0.147619888186,-0.827223360538,0.539392888546,-0.054453063756
1890,1890,1413393980.505760431290,1413393980.505760431290,2,1,1,0,0,0,519,2,0,0,-1,1207,370,370,0,631,0.522783761392,370,1.650510570806,3.477014275145,1.926275337722,9.721621621622,0.812500000000,0,6542,55,0.000205422126,0.049999952316,1,9.029032000000,0.090652000000,-0.842337012291,-1.344345092773,1.339195728302,0.145839035511,-0.823612213135,0.545579373837,-0.052318066359
1891,1891,1413393980.555760383606,1413393980.555760383606,2,1,1,0,0,0,520,2,0,0,-1,1203,611,611,0,646,0.536990856193,611,0.744606506292,3.100793220357,1.179673156880,6.145662847791,0.812500000000,1,6635,54,nan,nan,0,9.324781000000,0.130076000000,-0.849174022675,-1.391003966331,1.338649630547,0.143682613969,-0.818304598331,0.554100036621,-0.052020441741
1892,1892,1413393980.605760574341,1413393980.605760574341,2,1,1,0,0,0,520,2,0,0,-1,1208,422,422,0,670,0.554635761589,422,1.330625680947,3.378656222740,1.755554860957,9.251184834123,0.854166666667,0,6658,54,0.000153996094,0.050000190735,1,10.125788000000,0.103067000000,-0.860594034195,-1.438857793808,1.337548494339,0.142593577504,-0.811813294888,0.563857138157,-0.051879182458
1893,1893,1413393980.655760288239,1413393980.655760288239,2,1,1,0,0,0,521,2,0,0,-1,1208,400,400,0,614,0.508278145695,400,1.266795012846,3.580436642389,1.749957509182,9.082500000000,0.812500000000,0,6402,54,nan,nan,0,10.825160000000,0.099295000000,-0.862561821938,-1.488442063332,1.334202647209,0.142086133361,-0.806541979313,0.571529805660,-0.051528796554
1894,1894,1413393980.705760478973,1413393980.705760478973,2,1,1,0,0,0,521,2,0,0,-1,1205,578,578,0,620,0.514522821577,578,0.683390198093,2.657604392657,1.040410767188,6.809688581315,0.833333333333,1,6490,54,0.000125883191,0.050000190735,1,8.582472000000,1.169377000000,-0.868926167488,-1.536561608315,1.332992315292,0.141686052084,-0.803125619888,0.576348900795,-0.052310213447
1895,1895,1413393980.755760431290,1413393980.755760431290,2,1,1,0,0,0,521,2,0,0,-1,1203,484,484,0,663,0.551122194514,484,1.279401548449,3.452064872583,1.658124604811,9.780991735537,0.833333333333,0,6447,54,0.000091159403,0.049999952316,1,9.546915000000,0.151061000000,-0.873260378838,-1.583981990814,1.331921696663,0.141782999039,-0.802958548069,0.576566755772,-0.052210230380
1896,1896,1413393980.805760622025,1413393980.805760622025,2,1,1,0,0,0,522,2,0,0,-1,1206,464,464,0,537,0.445273631841,464,1.361624087070,3.593342598465,1.750338551927,9.392241379310,0.812500000000,0,6439,54,nan,nan,0,10.782425000000,0.095480000000,-0.871197104454,-1.629438877106,1.331228137016,0.140943318605,-0.805787086487,0.572699248791,-0.053459189832
1897,1897,1413393980.855760335922,1413393980.855760335922,2,1,1,0,0,0,522,2,0,0,-1,1204,419,419,0,520,0.431893687708,419,1.202294527887,3.688972224996,1.675085931641,10.059665871122,0.791666666667,0,6370,53,0.000080205733,0.049999713898,1,8.795427000000,0.118779000000,-0.871165871620,-1.674908518791,1.330741167068,0.139536187053,-0.809957981110,0.566896200180,-0.055915590376
1898,1898,1413393980.905760526657,1413393980.905760526657,2,1,1,0,0,0,522,2,0,0,-1,1205,444,444,0,661,0.548547717842,444,1.361313450946,3.312397358166,1.713078977915,9.691441441441,0.791666666667,0,6370,53,0.000170570740,0.050000190735,1,8.834447000000,0.088831000000,-0.869114518166,-1.720273494720,1.330418825150,0.137610137463,-0.815885365009,0.558512985706,-0.058803934604
1899,1899,1413393980.955760478973,1413393980.955760478973,2,1,1,0,0,0,522,2,0,0,-1,1205,397,397,0,628,0.521161825726,397,1.351496295189,3.303421621396,1.700701914897,10.390428211587,0.770833333333,0,6370,53,0.000113146394,0.049999952316,1,8.225149000000,0.094580000000,-0.865163683891,-1.766146183014,1.331504821777,0.134303644300,-0.820490658283,0.551977694035,-0.063861526549
1900,1900,1413393981.005760431290,1413393981.005760431290,2,1,1,0,0,0,522,2,0,0,-1,1206,417,417,0,648,0.537313432836,417,1.410460994277,3.622441740882,1.797275324076,10.270983213429,0.791666666667,0,6370,53,0.000164731871,0.049999952316,1,8.489094000000,0.985529000000,-0.859909892082,-1.813248395920,1.333521008492,0.129577830434,-0.824419915676,0.546456634998,-0.070190444589
1901,1901,1413393981.055760383606,1413393981.055760383606,2,1,1,0,0,0,522,2,0,0,-1,1203,397,397,0,661,0.549459684123,397,1.518440739383,3.921753599030,1.927417681497,10.526448362720,0.750000000000,0,6370,53,0.000114069924,0.049999952316,1,8.719598000000,0.120234000000,-0.853487491608,-1.862055897713,1.337061285973,0.125112801790,-0.826190054417,0.543929696083,-0.076794452965
1902,1902,1413393981.105760574341,1413393981.105760574341,2,1,1,0,0,0,522,2,0,0,-1,1203,658,658,0,705,0.586034912718,658,0.573316819499,3.012297631476,1.035502107394,7.066869300912,0.854166666667,1,6659,55,0.000200211711,0.050000190735,1,8.435143000000,0.118110000000,-0.846664667130,-1.912677884102,1.342373967171,0.120347924531,-0.826525509357,0.543507277966,-0.083497874439
1903,1903,1413393981.155760288239,1413393981.155760288239,2,1,1,0,0,0,522,2,0,0,-1,1204,446,446,0,720,0.598006644518,446,1.446846560638,3.514224929090,1.784864612033,10.372197309417,0.770833333333,0,6372,54,0.000230620557,0.049999713898,1,9.991414000000,0.173023000000,-0.839836001396,-1.965417504311,1.351110696793,0.116211161017,-0.824594974518,0.546465396881,-0.088959664106
1904,1904,1413393981.205760478973,1413393981.205760478973,2,1,1,0,0,0,523,2,0,0,-1,1206,455,455,0,725,0.601160862355,455,1.293326328513,3.446422959457,1.718236087246,10.169230769231,0.812500000000,0,6369,54,nan,nan,0,10.970876000000,0.105314000000,-0.838155746460,-2.021239757538,1.364900588989,0.112636648118,-0.821908593178,0.550302326679,-0.094586841762
1905,1905,1413393981.255760431290,1413393981.255760431290,2,1,1,0,0,0,523,2,0,0,-1,1209,424,424,0,709,0.586435070306,424,1.258982962665,3.253989097188,1.736472191569,9.922169811321,0.812500000000,0,6247,52,0.000185676399,0.049999952316,1,9.529021000000,0.138038000000,-0.832035064697,-2.077441215515,1.380031585693,0.110661670566,-0.820464670658,0.552214622498,-0.098238706589
1906,1906,1413393981.305760622025,1413393981.305760622025,2,1,1,0,0,0,523,2,0,0,-1,1205,401,401,0,651,0.540248962656,401,1.474350883315,3.327449092382,1.844437118005,10.112219451372,0.791666666667,0,6306,53,0.000184821518,0.050000190735,1,8.687806000000,0.091006000000,-0.826810240746,-2.135194778442,1.398172616959,0.110393643379,-0.820351541042,0.552063286304,-0.100313268602
1907,1907,1413393981.355760335922,1413393981.355760335922,2,1,1,0,0,0,523,2,0,0,-1,1203,378,378,0,687,0.571072319202,378,1.371028373475,3.608271645769,1.742099781136,10.322751322751,0.791666666667,0,6306,53,0.000180068979,0.049999713898,1,8.869371000000,0.088117000000,-0.822621703148,-2.193943977356,1.417430281639,0.110110580921,-0.821367681026,0.550248324871,-0.102262899280
1908,1908,1413393981.405760526657,1413393981.405760526657,2,1,1,0,0,0,523,2,0,0,-1,1205,393,393,0,674,0.559336099585,393,1.334216415773,3.440277614316,1.744495141661,10.114503816794,0.770833333333,0,6247,52,0.000138817661,0.050000190735,1,8.221701000000,0.116378000000,-0.819635868073,-2.253625154495,1.436418056488,0.112135715783,-0.822519600391,0.548194825649,-0.101831689477
1909,1909,1413393981.455760478973,1413393981.455760478973,2,1,1,0,0,0,523,2,0,0,-1,1207,398,398,0,655,0.542667771334,398,1.442487135611,3.475754961116,1.868010672578,10.148241206030,0.770833333333,0,6306,53,0.000130342363,0.049999952316,1,8.300534000000,0.117667000000,-0.818055510521,-2.314119338989,1.453944683075,0.116392657161,-0.822996139526,0.547258555889,-0.098174341023
1910,1910,1413393981.505760431290,1413393981.505760431290,2,1,1,0,0,0,523,2,0,0,-1,1206,378,378,0,669,0.554726368159,378,1.450972911249,3.679791671919,1.861653935435,10.140211640212,0.770833333333,0,6306,53,0.000104847648,0.049999952316,1,8.523541000000,0.141143000000,-0.817398190498,-2.375860929489,1.469444632530,0.121735513210,-0.822533905506,0.547651410103,-0.093254335225
1911,1911,1413393981.555760383606,1413393981.555760383606,2,1,1,0,0,0,523,2,0,0,-1,1202,628,628,0,661,0.549916805324,628,0.587279272244,2.831226602685,1.043424550671,6.606687898089,0.812500000000,1,6334,54,0.000083433421,0.049999952316,1,8.840224000000,0.117267000000,-0.817208886147,-2.438481807709,1.481617927551,0.128123804927,-0.821529030800,0.548694074154,-0.087230995297
1912,1912,1413393981.605760574341,1413393981.605760574341,2,1,1,0,0,0,523,2,0,0,-1,1209,446,446,0,627,0.518610421836,446,1.238516817702,3.146475108758,1.651984354845,9.580717488789,0.812500000000,0,6263,53,0.000114307230,0.050000190735,1,8.903148000000,0.110484000000,-0.816705584526,-2.502158641815,1.490759134293,0.133083656430,-0.820458352566,0.549748301506,-0.083148702979
1913,1913,1413393981.655760288239,1413393981.655760288239,2,1,1,0,0,0,524,2,0,0,-1,1203,459,459,0,642,0.533665835411,459,1.190388576406,2.920775494074,1.527927211898,9.771241830065,0.854166666667,0,6286,53,nan,nan,0,8.833574000000,0.115558000000,-0.820271492004,-2.566603183746,1.499808073044,0.137529551983,-0.820017814636,0.549742877483,-0.080244891346
1914,1914,1413393981.705760478973,1413393981.705760478973,2,1,1,0,0,0,524,2,0,0,-1,1203,450,450,0,634,0.527015793849,450,1.377905824517,3.297449665540,1.709379032579,8.924444444444,0.729166666667,0,6228,53,0.000068779264,0.050000190735,1,8.173388000000,0.121728000000,-0.818147063255,-2.632562637329,1.503660321236,0.141212701797,-0.819491863251,0.549952507019,-0.077745713294
1915,1915,1413393981.755760431290,1413393981.755760431290,2,1,1,0,0,0,524,2,0,0,-1,1207,451,451,0,646,0.535211267606,451,1.472432406717,3.485973120628,1.810760645345,9.392461197339,0.729166666667,0,5969,49,0.000086016858,0.049999952316,1,8.570348000000,0.116970000000,-0.814882636070,-2.699534893036,1.504838347435,0.145058214664,-0.818472981453,0.550895392895,-0.074662491679
1916,1916,1413393981.805760622025,1413393981.805760622025,2,1,1,0,0,0,524,2,0,0,-1,1206,426,426,0,671,0.556384742952,426,1.487961712994,3.628040196031,1.843554887525,9.453051643192,0.729166666667,0,5969,49,0.000152400855,0.050000190735,1,8.199585000000,0.107915000000,-0.809943079948,-2.767555952072,1.503688573837,0.148435622454,-0.816325843334,0.553460001945,-0.072533778846
1917,1917,1413393981.855760335922,1413393981.855760335922,2,1,1,0,0,0,524,2,0,0,-1,1203,420,420,0,651,0.541147132170,420,1.569137628217,3.663025108795,1.911359144539,9.364285714286,0.729166666667,0,6123,51,0.000125916602,0.049999713898,1,8.074844000000,0.105434000000,-0.803456544876,-2.835913419724,1.500042557716,0.153925746679,-0.813819289207,0.555871069431,-0.070797778666
1918,1918,1413393981.905760526657,1413393981.905760526657,2,1,1,0,0,0,524,2,0,0,-1,1206,667,667,0,670,0.555555555556,667,0.522898001883,2.923455472963,1.072001768470,6.394302848576,0.791666666667,1,6064,49,0.000157339266,0.050000190735,1,8.141351000000,0.120015000000,-0.794704914093,-2.904628276825,1.494217395782,0.160594850779,-0.810508131981,0.558835148811,-0.070634506643
1919,1919,1413393981.955760478973,1413393981.955760478973,2,1,1,0,0,0,524,2,0,0,-1,1206,469,469,0,669,0.554726368159,469,1.479593531911,3.472823537909,1.800072222989,9.272921108742,0.791666666667,0,5993,49,0.000197013753,0.049999952316,1,9.378952000000,0.156893000000,-0.783440113068,-2.973689079285,1.487816333771,0.168421149254,-0.806461989880,0.562169909477,-0.072238840163
1920,1920,1413393982.005760431290,1413393982.005760431290,2,1,1,0,0,0,525,2,0,0,-1,1205,491,491,0,697,0.578423236515,491,1.298462145376,3.195784346973,1.610398509437,9.435845213849,0.812500000000,0,6072,50,nan,nan,0,13.788916000000,0.160917000000,-0.764334440231,-3.049282073975,1.476081013680,0.176643222570,-0.801864385605,0.565695881844,-0.076151087880
1921,1921,1413393982.055760383606,1413393982.055760383606,2,1,1,0,0,0,525,2,0,0,-1,1205,462,462,0,695,0.576763485477,462,1.305331113628,3.483601750572,1.690885479625,9.099567099567,0.812500000000,0,5940,48,0.000142392833,0.049999952316,1,8.108259000000,0.151904000000,-0.748585462570,-3.116259098053,1.470538854599,0.185872271657,-0.798264920712,0.567078948021,-0.081524498761
1922,1922,1413393982.105760574341,1413393982.105760574341,2,1,1,0,0,0,525,2,0,0,-1,1208,436,436,0,651,0.538907284768,436,1.453329586058,3.232633197813,1.765852130384,9.247706422018,0.812500000000,0,5940,48,0.000181866621,0.050000190735,1,8.267770000000,0.113381000000,-0.730349540710,-3.182396411896,1.465745449066,0.196673899889,-0.793831825256,0.568581700325,-0.088686786592
1923,1923,1413393982.155760288239,1413393982.155760288239,2,1,1,0,0,0,525,2,0,0,-1,1205,424,424,0,735,0.609958506224,424,1.501497628911,3.287376752990,1.764504428115,9.297169811321,0.770833333333,0,6077,49,0.000191195461,0.049999713898,1,7.975084000000,0.124385000000,-0.709750890732,-3.247443199158,1.461486339569,0.208186045289,-0.788885891438,0.569911122322,-0.097564421594
1924,1924,1413393982.205760478973,1413393982.205760478973,2,1,1,0,0,0,525,2,0,0,-1,1207,676,676,0,711,0.589063794532,676,0.702128513055,2.751063501105,1.068236375403,6.393491124260,0.791666666667,1,6034,48,0.000190318198,0.050000190735,1,7.720198000000,0.116082000000,-0.686865091324,-3.311140060425,1.457802772522,0.220670312643,-0.784539937973,0.569315850735,-0.108079232275
1925,1925,1413393982.255760431290,1413393982.255760431290,2,1,1,0,0,0,525,2,0,0,-1,1206,472,472,0,714,0.592039800995,472,1.475566184062,3.449499811976,1.753005990522,9.561440677966,0.770833333333,0,5669,44,0.000155328889,0.049999952316,1,9.678292000000,0.147183000000,-0.661755800247,-3.373426437378,1.454956531525,0.234422981739,-0.779351532459,0.568466663361,-0.120427176356
1926,1926,1413393982.305760622025,1413393982.305760622025,2,1,1,0,0,0,526,2,0,0,-1,1208,451,451,0,724,0.599337748344,451,1.331528141078,3.278200694298,1.687182232800,9.341463414634,0.833333333333,0,5739,45,nan,nan,0,7.563746000000,0.111111000000,-0.634860277176,-3.439170360565,1.447238802910,0.249523460865,-0.773548841476,0.567056059837,-0.133445829153
1927,1927,1413393982.355760335922,1413393982.355760335922,2,1,1,0,0,0,526,2,0,0,-1,1204,399,399,0,694,0.576411960133,399,1.528651046311,3.266152471772,1.790374955222,9.170426065163,0.833333333333,0,5692,45,0.000131769179,0.049999713898,1,7.315908000000,0.142009000000,-0.606836795807,-3.497891426086,1.444993257523,0.266203463078,-0.769113004208,0.562262594700,-0.146498203278
1928,1928,1413393982.405760526657,1413393982.405760526657,2,1,1,0,0,0,526,2,0,0,-1,1206,404,404,0,659,0.546434494196,404,1.678503660723,3.557233172600,1.943585025190,9.913366336634,0.895833333333,0,5909,48,0.000159555086,0.050000190735,1,7.588986000000,0.129982000000,-0.577705621719,-3.554753303528,1.443443298340,0.284514784813,-0.764131784439,0.556591212749,-0.159249141812
1929,1929,1413393982.455760478973,1413393982.455760478973,2,1,1,0,0,0,526,2,0,0,-1,1205,612,612,0,634,0.526141078838,612,0.741151668272,3.249499357800,1.229054445391,6.901960784314,0.937500000000,1,5850,47,0.000127322652,0.049999952316,1,8.637271000000,0.115724000000,-0.547597646713,-3.609460830688,1.441584706306,0.303852379322,-0.758311569691,0.550393939018,-0.172347962856
1930,1930,1413393982.505760431290,1413393982.505760431290,2,1,1,0,0,0,526,2,0,0,-1,1205,391,391,0,648,0.537759336100,391,1.582904601101,3.277879970330,1.819263890933,9.943734015345,0.937500000000,0,5987,50,0.000131784953,0.049999952316,1,8.865898000000,0.134652000000,-0.516643524170,-3.661883115768,1.439765810966,0.324230551720,-0.751538813114,0.543620824814,-0.185850486159
1931,1931,1413393982.555760383606,1413393982.555760383606,2,1,1,0,0,0,527,2,0,0,-1,1204,362,362,0,548,0.455149501661,362,1.921581719055,3.900436506659,2.208176970190,10.919889502762,0.979166666667,0,6239,53,nan,nan,0,7.810309000000,0.098917000000,-0.484548807144,-3.719282627106,1.436323046684,0.345227301121,-0.743442356586,0.536462008953,-0.200798809528
1932,1932,1413393982.605760574341,1413393982.605760574341,2,1,1,0,0,0,527,2,0,0,-1,1204,365,365,0,480,0.398671096346,365,1.641879186182,3.684161934867,2.030666989829,10.589041095890,0.895833333333,0,6066,50,0.000167633392,0.050000190735,1,7.545456000000,0.160406000000,-0.450942993164,-3.769220113754,1.435236215591,0.367145150900,-0.733674585819,0.529688358307,-0.215305238962
1933,1933,1413393982.655760288239,1413393982.655760288239,2,1,1,0,0,0,527,2,0,0,-1,1201,532,532,0,516,0.429641965029,532,0.850788962078,3.007995919184,1.195913308048,7.498120300752,0.895833333333,1,6147,50,0.000223295399,0.049999713898,1,7.428993000000,0.099474000000,-0.415873765945,-3.818019151688,1.433665394783,0.389848589897,-0.722099661827,0.523265421391,-0.229746699333
1934,1934,1413393982.705760478973,1413393982.705760478973,2,1,1,0,0,0,527,2,0,0,-1,1204,342,342,0,567,0.470930232558,342,1.970547182914,4.027551416988,2.270014943274,10.859649122807,0.833333333333,0,6256,52,0.000249957462,0.050000190735,1,8.297900000000,0.099305000000,-0.379574060440,-3.865548133850,1.431535601616,0.413263440132,-0.709193587303,0.516737997532,-0.243392154574
1935,1935,1413393982.755760431290,1413393982.755760431290,2,1,1,0,0,0,528,2,0,0,-1,1202,327,327,0,588,0.489184692180,327,2.094294338494,4.127457882321,2.336848165757,11.470948012232,0.833333333333,0,6530,54,nan,nan,0,8.428225000000,0.124130000000,-0.339631557465,-3.916331529617,1.431790471077,0.437674701214,-0.694500386715,0.509722173214,-0.257475167513
1936,1936,1413393982.805760622025,1413393982.805760622025,2,1,1,0,0,0,528,2,0,0,-1,1204,581,581,0,588,0.488372093023,581,0.617922490121,3.301688082262,1.184975074983,7.242685025818,0.895833333333,1,6645,57,0.000236881911,0.050000190735,1,7.679407000000,0.112350000000,-0.300496578217,-3.961011409760,1.429690361023,0.461584180593,-0.678222715855,0.503632545471,-0.270755201578
1937,1937,1413393982.855760335922,1413393982.855760335922,2,1,1,0,0,0,528,2,0,0,-1,1204,358,358,0,631,0.524086378738,358,1.809366108357,3.661141448830,2.061072508255,11.016759776536,0.875000000000,0,6604,56,0.000315432291,0.049999713898,1,10.606553000000,0.105390000000,-0.260088443756,-4.003917694092,1.427720189095,0.484751522541,-0.660756349564,0.497586011887,-0.284297853708
1938,1938,1413393982.905760526657,1413393982.905760526657,2,1,1,0,0,0,528,2,0,0,-1,1205,322,322,0,667,0.553526970954,322,2.004227191729,4.021534712914,2.218739224680,12.257763975155,0.895833333333,0,6875,64,0.000266374671,0.050000190735,1,8.718948000000,0.097531000000,-0.218995809555,-4.044333457947,1.425392985344,0.508073449135,-0.642324924469,0.490748494864,-0.297398746014
1939,1939,1413393982.955760478973,1413393982.955760478973,2,1,1,0,0,0,529,2,0,0,-1,1203,344,344,0,678,0.563591022444,344,1.805009219778,3.695752903482,2.033578514937,11.290697674419,0.916666666667,0,6829,63,nan,nan,0,7.644200000000,0.077613000000,-0.175553560257,-4.088876724243,1.428112864494,0.530286729336,-0.624890863895,0.481611758471,-0.310415059328
1940,1940,1413393983.005760431290,1413393983.005760431290,2,1,1,0,0,0,529,2,0,0,-1,1201,620,620,0,687,0.572023313905,620,0.205969325557,3.009827555359,1.066886581464,6.630645161290,0.937500000000,1,6702,62,0.000162615615,0.049999952316,1,8.408009000000,0.107945000000,-0.133286952972,-4.124305248260,1.424939632416,0.550951600075,-0.607407331467,0.472092807293,-0.323476582766
1941,1941,1413393983.055760383606,1413393983.055760383606,2,1,1,0,0,0,529,2,0,0,-1,1204,385,385,0,717,0.595514950166,385,1.649706305039,3.437995277810,1.934001379492,10.664935064935,0.895833333333,0,6771,63,0.000244988885,0.049999952316,1,8.578163000000,0.138021000000,-0.090305328369,-4.156780719757,1.421555042267,0.571522116661,-0.588949084282,0.462467998266,-0.335596352816
1942,1942,1413393983.105760574341,1413393983.105760574341,2,1,1,0,0,0,529,2,0,0,-1,1200,343,343,0,730,0.608333333333,343,1.776711715110,3.793709617121,2.047971210133,11.440233236152,0.833333333333,0,6843,64,0.000206293917,0.050000190735,1,8.635950000000,0.109638000000,-0.046714305878,-4.185992717743,1.418377161026,0.590964674950,-0.569687366486,0.453396737576,-0.347344845533
1943,1943,1413393983.155760288239,1413393983.155760288239,2,1,1,0,0,0,530,2,0,0,-1,1202,660,660,0,749,0.623128119800,660,0.775250447789,3.052546687313,1.167332456374,6.936363636364,0.895833333333,1,6783,65,nan,nan,0,8.560220000000,0.125363000000,-0.001828670502,-4.213100433350,1.416940808296,0.610595107079,-0.549751102924,0.444217652082,-0.357236683369
1944,1944,1413393983.205760478973,1413393983.205760478973,2,1,1,0,0,0,530,2,0,0,-1,1205,429,429,0,757,0.628215767635,429,1.699087361759,3.579127275382,1.974445070448,10.351981351981,0.833333333333,0,7010,68,0.000324405468,0.050000190735,1,9.836349000000,0.144263000000,0.043024539948,-4.235707283020,1.413110136986,0.629070937634,-0.529286086559,0.435269176960,-0.366969764233
1945,1945,1413393983.255760431290,1413393983.255760431290,2,1,1,0,0,0,530,2,0,0,-1,1203,387,387,0,806,0.669991687448,387,1.908169774415,3.692577780054,2.143281174557,10.857881136951,0.770833333333,0,7068,70,0.000305962487,0.049999952316,1,9.252607000000,0.128948000000,0.088059902191,-4.254391670227,1.409331083298,0.646249234676,-0.508304774761,0.426618278027,-0.376809239388
1946,1946,1413393983.305760622025,1413393983.305760622025,2,1,1,0,0,0,531,2,0,0,-1,1203,642,642,0,798,0.663341645885,642,0.559310150274,3.083386333572,1.169922379996,6.190031152648,0.833333333333,1,7108,69,nan,nan,0,8.864450000000,0.121765000000,0.132700204849,-4.266994953156,1.408652067184,0.663070678711,-0.487506002188,0.416761994362,-0.385985314846
1947,1947,1413393983.355760335922,1413393983.355760335922,2,1,1,0,0,0,531,2,0,0,-1,1201,424,424,0,820,0.682764363031,424,1.811190360447,3.340659557512,2.001735103993,10.389150943396,0.854166666667,0,7162,70,0.000347938883,0.049999713898,1,9.162391000000,1.525981000000,0.177776575089,-4.276973724365,1.405372619629,0.677979052067,-0.465424239635,0.408567726612,-0.395976245403
1948,1948,1413393983.405760526657,1413393983.405760526657,2,1,1,0,0,0,531,2,0,0,-1,1203,351,351,0,779,0.647547797174,351,1.887053395836,3.823772912214,2.148684584513,10.743589743590,0.729166666667,0,7324,71,0.000332367112,0.050000190735,1,8.920334000000,0.104913000000,0.222363471985,-4.282060623169,1.402890205383,0.691267192364,-0.443092733622,0.400260955095,-0.406951755285
1949,1949,1413393983.455760478973,1413393983.455760478973,2,1,1,0,0,0,532,2,0,0,-1,1201,659,659,0,766,0.637801831807,659,0.650889816536,3.011048002211,1.111852203998,6.294385432473,0.687500000000,1,7424,71,nan,nan,0,7.904083000000,0.109588000000,0.263610363007,-4.278363704681,1.406633615494,0.703419327736,-0.421392977238,0.390898823738,-0.418123722076
1950,1950,1413393983.505760431290,1413393983.505760431290,2,1,1,0,0,0,532,2,0,0,-1,1201,409,409,0,724,0.602830974188,409,1.522359537867,3.363622994877,1.817006599962,9.300733496333,0.729166666667,0,7371,71,0.000254449435,0.049999952316,1,10.083979000000,0.128121000000,0.306028366089,-4.272985458374,1.406486034393,0.713262617588,-0.399274826050,0.382231116295,-0.430970430374
1951,1951,1413393983.555760383606,1413393983.555760383606,2,1,1,0,0,0,532,2,0,0,-1,1204,365,365,0,719,0.597176079734,365,1.661697265164,3.301391336014,1.878590764536,9.468493150685,0.708333333333,0,7318,69,0.000251918245,0.049999952316,1,9.940651000000,0.123328000000,0.346505641937,-4.262514591217,1.407172203064,0.722681641579,-0.377671808004,0.372463643551,-0.443132251501
1952,1952,1413393983.605760574341,1413393983.605760574341,2,1,1,0,0,0,533,2,0,0,-1,1204,384,384,0,685,0.568936877076,384,1.575583127503,3.390703988642,1.871022381580,9.239583333333,0.666666666667,0,7713,72,nan,nan,0,8.671331000000,0.097143000000,0.383283853531,-4.244246006012,1.411650180817,0.731286764145,-0.355537563562,0.363064080477,-0.454969555140
1953,1953,1413393983.655760288239,1413393983.655760288239,2,1,1,0,0,0,533,2,0,0,-1,1204,571,571,0,642,0.533222591362,571,0.902630021565,2.948620717610,1.212058291836,6.654991243433,0.666666666667,1,7910,74,0.000161679025,0.049999713898,1,10.120455000000,0.118068000000,0.418554782867,-4.224185466766,1.414025783539,0.739399373531,-0.334478139877,0.352568536997,-0.465948879719
1954,1954,1413393983.705760478973,1413393983.705760478973,2,1,1,0,0,0,533,2,0,0,-1,1201,406,406,0,655,0.545378850958,406,1.565966514511,3.493601449564,1.889808860350,9.502463054187,0.729166666667,0,8005,75,0.000125991151,0.050000190735,1,9.628846000000,0.095969000000,0.450735569000,-4.199640274048,1.417440176010,0.745992660522,-0.314234256744,0.340988099575,-0.477994859219
1955,1955,1413393983.755760431290,1413393983.755760431290,2,1,1,0,0,0,533,2,0,0,-1,1203,387,387,0,645,0.536159600998,387,1.726859388944,3.916597959254,2.068684395775,8.865633074935,0.687500000000,0,8483,77,0.000182461154,0.049999952316,1,10.718784000000,0.096816000000,0.479446172714,-4.171015739441,1.421262502670,0.752867221832,-0.295304238796,0.328220635653,-0.488116413355
1956,1956,1413393983.805760622025,1413393983.805760622025,2,1,1,0,0,0,534,2,0,0,-1,1205,385,385,0,668,0.554356846473,385,1.518472708930,3.694004497960,1.851840143604,8.677922077922,0.750000000000,0,8730,80,nan,nan,0,8.854210000000,0.119266000000,0.505614757538,-4.135221004486,1.429649591446,0.759299099445,-0.278480738401,0.313916385174,-0.497362941504
1957,1957,1413393983.855760335922,1413393983.855760335922,2,1,1,0,0,0,534,2,0,0,-1,1204,630,630,0,688,0.571428571429,630,0.711730118172,2.875198674457,1.125931787241,5.823809523810,0.666666666667,1,8495,75,0.000155050497,0.049999713898,1,9.252566000000,0.117632000000,0.527047872543,-4.099408149719,1.435052633286,0.764945924282,-0.261677056551,0.299608916044,-0.506574213505
1958,1958,1413393983.905760526657,1413393983.905760526657,2,1,1,0,0,0,534,2,0,0,-1,1205,453,453,0,690,0.572614107884,453,1.556990464804,3.697317931433,1.860013244908,8.355408388521,0.645833333333,0,8706,78,0.000133818874,0.050000190735,1,9.883735000000,0.125239000000,0.544835329056,-4.060506343842,1.441154956818,0.769936800003,-0.245712086558,0.285580843687,-0.515040397644
1959,1959,1413393983.955760478973,1413393983.955760478973,2,1,1,0,0,0,534,2,0,0,-1,1202,405,405,0,665,0.553244592346,405,1.467920775642,3.370548181639,1.738226691232,8.676543209877,0.666666666667,0,8770,81,0.000102566264,0.049999952316,1,10.152578000000,0.118155000000,0.559181690216,-4.018938064575,1.447879076004,0.774415969849,-0.227604687214,0.274625927210,-0.522548258305
1960,1960,1413393984.005760431290,1413393984.005760431290,2,1,1,0,0,0,535,2,0,0,-1,1202,393,393,0,680,0.565723793677,393,1.580484301527,3.530801743198,1.923977510770,7.994910941476,0.729166666667,0,8599,76,nan,nan,0,9.315592000000,0.084761000000,0.563421726227,-3.978908300400,1.454518318176,0.778537034988,-0.210299938917,0.263159722090,-0.529529035091
1961,1961,1413393984.055760383606,1413393984.055760383606,2,1,1,0,0,0,535,2,0,0,-1,1203,627,627,0,688,0.571903574397,627,0.628584607727,2.898117672382,1.078650854498,5.582137161085,0.729166666667,1,8693,81,0.000158270515,0.049999952316,1,9.468653000000,0.109730000000,0.569809198380,-3.932577371597,1.461663246155,0.782314538956,-0.191796183586,0.252779006958,-0.536004602909
1962,1962,1413393984.105760574341,1413393984.105760574341,2,1,1,0,0,0,535,2,0,0,-1,1203,427,427,0,656,0.545303408146,427,1.470183376278,3.254638127672,1.765895863371,8.393442622951,0.687500000000,0,8711,81,0.000139704061,0.050000190735,1,9.677693000000,0.127236000000,0.571871280670,-3.883894920349,1.469516754150,0.785610973835,-0.172904953361,0.242213472724,-0.542450010777
1963,1963,1413393984.155760288239,1413393984.155760288239,2,1,1,0,0,0,535,2,0,0,-1,1201,418,418,0,682,0.567860116570,418,1.681888716822,3.692809791019,1.983249314262,8.232057416268,0.687500000000,0,8363,81,0.000159952338,0.049999713898,1,10.004607000000,0.135768000000,0.569399237633,-3.833213567734,1.478060960770,0.788686215878,-0.153771027923,0.231739774346,-0.548293113708
1964,1964,1413393984.205760478973,1413393984.205760478973,2,1,1,0,0,0,536,2,0,0,-1,1201,633,633,0,722,0.601165695254,633,0.751940145009,2.861749838543,1.148111452292,5.802527646130,0.708333333333,1,8484,81,nan,nan,0,9.181530000000,0.115417000000,0.560322880745,-3.784907817841,1.488725900650,0.791338264942,-0.134913042188,0.220749258995,-0.553942263126
1965,1965,1413393984.255760431290,1413393984.255760431290,2,1,1,0,0,0,536,2,0,0,-1,1202,440,440,0,699,0.581530782030,440,1.703416754871,3.573235561615,1.910817788978,8.829545454545,0.645833333333,0,8311,81,0.000185452445,0.049999952316,1,10.656013000000,0.130526000000,0.548460245132,-3.731448411942,1.498681783676,0.793538987637,-0.116417251527,0.209422215819,-0.559361457825
1966,1966,1413393984.305760622025,1413393984.305760622025,2,1,1,0,0,0,536,2,0,0,-1,1204,386,386,0,725,0.602159468439,386,1.648743626269,3.573369642974,1.999765993572,8.857512953368,0.750000000000,0,8608,81,0.000195662418,0.050000190735,1,9.789528000000,0.108110000000,0.531684875488,-3.676568269730,1.509444952011,0.795338928699,-0.100414656103,0.196003705263,-0.564743816853
1967,1967,1413393984.355760335922,1413393984.355760335922,2,1,1,0,0,0,537,2,0,0,-1,1201,638,638,0,725,0.603663613655,638,0.622715125965,3.060923451115,1.116584469324,5.957680250784,0.729166666667,1,8366,82,nan,nan,0,8.946858000000,0.114984000000,0.505992412567,-3.623546361923,1.523080825806,0.796676039696,-0.086156941950,0.182702288032,-0.569652795792
1968,1968,1413393984.405760526657,1413393984.405760526657,2,1,1,0,0,0,537,2,0,0,-1,1200,427,427,0,750,0.625000000000,427,1.563077286010,3.447773990191,1.889556454733,8.807962529274,0.708333333333,0,8697,80,0.000058004414,0.050000190735,1,10.294610000000,0.094161000000,0.480283856392,-3.567445039749,1.535269260406,0.796895623207,-0.072175838053,0.170631617308,-0.575006961823
1969,1969,1413393984.455760478973,1413393984.455760478973,2,1,1,0,0,0,537,2,0,0,-1,1204,349,349,0,684,0.568106312292,349,1.697298754708,3.635992366934,1.990429641980,9.060171919771,0.708333333333,0,8423,81,0.000101390906,0.049999952316,1,10.068318000000,0.088694000000,0.450490295887,-3.511193275452,1.547744274139,0.797244608402,-0.058712311089,0.160001024604,-0.579097270966
1970,1970,1413393984.505760431290,1413393984.505760431290,2,1,1,0,0,0,538,2,0,0,-1,1203,582,582,0,692,0.575228595179,582,0.568491777458,2.969823838283,1.130673844334,6.058419243986,0.770833333333,1,8008,75,nan,nan,0,8.562913000000,0.101708000000,0.414031505585,-3.457738876343,1.562310934067,0.796544313431,-0.046762384474,0.150344535708,-0.583718299866
1971,1971,1413393984.555760383606,1413393984.555760383606,2,1,1,0,0,0,538,2,0,0,-1,1200,351,351,0,701,0.584166666667,351,1.769431085309,3.889257462740,2.130415581282,9.698005698006,0.750000000000,0,7717,73,0.000112526832,0.049999952316,1,8.670642000000,0.111654000000,0.375773549080,-3.401961326599,1.575611829758,0.795384168625,-0.034975361079,0.141529768705,-0.588311254978
1972,1972,1413393984.605760574341,1413393984.605760574341,2,1,1,0,0,0,538,2,0,0,-1,1202,320,320,0,737,0.613144758735,320,1.776499872069,3.844434850894,2.070724332780,9.865625000000,0.687500000000,0,7516,72,0.000059142541,0.050000190735,1,9.714259000000,0.100900000000,0.333505868912,-3.346801280975,1.588186264038,0.795918226242,-0.026231139898,0.131150066853,-0.590445458889
1973,1973,1413393984.655760288239,1413393984.655760288239,2,1,1,0,0,0,539,2,0,0,-1,1202,628,628,0,756,0.628951747088,628,0.000140679084,2.969020216468,0.928292053311,5.103503184713,0.708333333333,1,7793,70,nan,nan,0,13.426005000000,0.161523000000,0.283812880516,-3.294133424759,1.598809719086,0.797841608524,-0.022468753159,0.116701357067,-0.591037034988
1974,1974,1413393984.705760478973,1413393984.705760478973,2,1,1,0,0,0,539,2,0,0,-1,1201,401,401,0,785,0.653621981682,401,1.716935540589,3.706443315543,2.003847704228,7.798004987531,0.750000000000,0,7866,70,0.000096590462,0.050000190735,1,9.491261000000,0.124505000000,0.233890533447,-3.240632295609,1.608064413071,0.799782574177,-0.023976802826,0.098335735500,-0.591695010662
1975,1975,1413393984.755760431290,1413393984.755760431290,2,1,1,0,0,0,539,2,0,0,-1,1200,331,331,0,775,0.645833333333,331,1.801468909499,4.089198047996,2.076065018329,8.577039274924,0.645833333333,0,7473,65,0.000055051842,0.049999952316,1,10.429737000000,0.089974000000,0.182140290737,-3.187373876572,1.614656925201,0.800996005535,-0.026469623670,0.082726582885,-0.592335402966
1976,1976,1413393984.805760622025,1413393984.805760622025,2,1,1,0,0,0,540,2,0,0,-1,1201,644,644,0,773,0.643630308077,644,0.000097703922,2.831532952432,0.950458552324,4.900621118012,0.750000000000,1,6851,63,nan,nan,0,7.661291000000,0.112501000000,0.126032978296,-3.132071018219,1.616133928299,0.802032709122,-0.030238809064,0.069244511425,-0.592481553555
1977,1977,1413393984.855760335922,1413393984.855760335922,2,1,1,0,0,0,540,2,0,0,-1,1201,377,377,0,797,0.663613655287,377,1.771865028443,3.941126280756,2.062700568425,8.082228116711,0.666666666667,0,6953,63,0.000136228991,0.049999713898,1,8.905085000000,0.124868000000,0.072097748518,-3.079414844513,1.617002248764,0.804742097855,-0.037572827190,0.054913803935,-0.589883923531
1978,1978,1413393984.905760526657,1413393984.905760526657,2,1,1,0,0,0,540,2,0,0,-1,1201,292,292,0,730,0.607826810991,292,1.679300160487,3.581296108778,2.000228027541,9.410958904110,0.687500000000,0,6556,57,0.000079979662,0.050000190735,1,7.927183000000,0.096978000000,0.018637433648,-3.027376174927,1.614832162857,0.808178067207,-0.048749554902,0.042190261185,-0.585398793221
1979,1979,1413393984.955760478973,1413393984.955760478973,2,1,1,0,0,0,541,2,0,0,-1,1200,601,601,0,679,0.565833333333,601,0.000136478758,2.768303023275,0.935643142649,5.306156405990,0.750000000000,1,7248,63,nan,nan,0,8.855978000000,0.117454000000,-0.033737778664,-2.976600646973,1.610634565353,0.811159431934,-0.062137942761,0.032249335200,-0.580619812012
1980,1980,1413393985.005760431290,1413393985.005760431290,2,1,1,0,0,0,541,2,0,0,-1,1204,353,353,0,742,0.616279069767,353,1.584910130465,3.710442896656,1.919821561277,9.155807365439,0.645833333333,0,7488,66,0.000075383221,0.049999952316,1,9.103650000000,0.112791000000,-0.084195114672,-2.925134658813,1.603774309158,0.812875390053,-0.076310709119,0.026823394001,-0.576793551445
1981,1981,1413393985.055760383606,1413393985.055760383606,2,1,1,0,0,0,541,2,0,0,-1,1204,303,303,0,746,0.619601328904,303,1.614049592871,3.880465440280,2.013969550973,9.554455445545,0.604166666667,0,7357,66,0.000047311485,0.049999952316,1,9.197689000000,0.121584000000,-0.132030576468,-2.873660802841,1.594244480133,0.813735425472,-0.089317008853,0.028514528647,-0.573623716831
1982,1982,1413393985.105760574341,1413393985.105760574341,2,1,1,0,0,0,542,2,0,0,-1,1202,677,677,0,750,0.623960066556,677,0.000136478758,2.913548586912,0.952169177109,5.338257016248,0.604166666667,1,7264,63,nan,nan,0,8.147592000000,0.120253000000,-0.176551803946,-2.822202682495,1.583623409271,0.812475144863,-0.101576082408,0.035259950906,-0.572994947433
1983,1983,1413393985.155760288239,1413393985.155760288239,2,1,1,0,0,0,542,2,0,0,-1,1201,427,427,0,782,0.651124063281,427,1.718084816202,3.902692497599,2.063100021227,8.227166276347,0.562500000000,0,7647,68,0.000049604965,0.049999713898,1,9.087454000000,0.125878000000,-0.218626588583,-2.769969463348,1.570468425751,0.809403836727,-0.111633859575,0.048418447375,-0.574507653713
1984,1984,1413393985.205760478973,1413393985.205760478973,2,1,1,0,0,0,542,2,0,0,-1,1201,359,359,0,787,0.655287260616,359,1.918537444529,4.298339494176,2.207296448723,9.376044568245,0.562500000000,0,7210,67,0.000031254407,0.050000190735,1,10.037363000000,0.124696000000,-0.258500456810,-2.718117952347,1.555232524872,0.805271029472,-0.121799886227,0.063439816236,-0.576783239841
1985,1985,1413393985.255760431290,1413393985.255760431290,2,1,1,0,0,0,543,2,0,0,-1,1201,337,337,0,765,0.636969192340,337,1.589504270429,3.854207472953,2.021303559514,9.727002967359,0.666666666667,0,6977,65,nan,nan,0,7.928365000000,0.093942000000,-0.298164784908,-2.663699626923,1.539592504501,0.801032960415,-0.132071927190,0.080196924508,-0.578335404396
1986,1986,1413393985.305760622025,1413393985.305760622025,2,1,1,0,0,0,543,2,0,0,-1,1203,588,588,0,716,0.595178719867,588,0.533188929457,3.161309082123,1.155846302459,6.462585034014,0.708333333333,1,7452,66,0.000112029797,0.050000190735,1,9.100445000000,0.114605000000,-0.335189431906,-2.613110542297,1.522132158279,0.796633183956,-0.142495155334,0.097984090447,-0.579197645187
1987,1987,1413393985.355760335922,1413393985.355760335922,2,1,1,0,0,0,543,2,0,0,-1,1207,396,396,0,735,0.608947804474,396,1.634773010685,4.347401248457,2.120191942859,9.878787878788,0.708333333333,0,7971,73,0.000077378070,0.049999713898,1,9.310436000000,0.121524000000,-0.371532529593,-2.563477993011,1.504676580429,0.793001830578,-0.153275936842,0.116248071194,-0.578049302101
1988,1988,1413393985.405760526657,1413393985.405760526657,2,1,1,0,0,0,543,2,0,0,-1,1203,310,310,0,709,0.589359933500,310,1.612326814049,4.126503067749,2.139179428955,10.774193548387,0.625000000000,0,8046,73,0.000119806871,0.050000190735,1,9.655327000000,0.134215000000,-0.407738775015,-2.514373302460,1.488353967667,0.788835465908,-0.165103435516,0.133310005069,-0.576808452606
1989,1989,1413393985.455760478973,1413393985.455760478973,2,1,1,0,0,0,544,2,0,0,-1,1201,322,322,0,673,0.560366361366,322,1.760359266430,4.039688647286,2.132936375434,9.267080745342,0.666666666667,0,7650,66,nan,nan,0,7.978043000000,0.121915000000,-0.444005608559,-2.463595151901,1.470934867859,0.784954786301,-0.178683459759,0.148800075054,-0.574262022972
1990,1990,1413393985.505760431290,1413393985.505760431290,2,1,1,0,0,0,544,2,0,0,-1,1200,609,609,0,730,0.608333333333,609,0.000137329102,2.878167973514,1.001742740429,5.612479474548,0.708333333333,1,7792,71,0.000149320258,0.049999952316,1,8.749172000000,0.111275000000,-0.481053441763,-2.415976047516,1.455965757370,0.780398547649,-0.192421734333,0.163483127952,-0.572036147118
1991,1991,1413393985.555760383606,1413393985.555760383606,2,1,1,0,0,0,544,2,0,0,-1,1204,415,415,0,763,0.633720930233,415,1.621675751111,3.306477501639,1.832527908639,8.214457831325,0.645833333333,0,8598,79,0.000186709003,0.049999952316,1,9.596332000000,0.122189000000,-0.519165039062,-2.368987560272,1.441585779190,0.776729226112,-0.208634123206,0.174258396029,-0.568152785301
1992,1992,1413393985.605760574341,1413393985.605760574341,2,1,1,0,0,0,544,2,0,0,-1,1203,394,394,0,741,0.615960099751,394,1.695799715015,3.852350855524,1.992285781653,8.868020304569,0.708333333333,0,7818,70,0.000159734336,0.050000190735,1,10.226951000000,0.212693000000,-0.557934939861,-2.322427988052,1.427550315857,0.774015367031,-0.226685509086,0.181986451149,-0.562489867210
1993,1993,1413393985.655760288239,1413393985.655760288239,2,1,1,0,0,0,545,2,0,0,-1,1200,360,360,0,732,0.610000000000,360,1.736527098158,4.074888381700,2.071683590824,9.100000000000,0.645833333333,0,7931,71,nan,nan,0,8.265517000000,0.114860000000,-0.598241150379,-2.276059865952,1.412075519562,0.772568643093,-0.245680540800,0.187074527144,-0.554781019688
1994,1994,1413393985.705760478973,1413393985.705760478973,2,1,1,0,0,0,545,2,0,0,-1,1202,595,595,0,731,0.608153078203,595,0.520923800981,3.045723558285,1.144838691661,6.072268907563,0.729166666667,1,7818,69,0.000143566547,0.050000190735,1,8.458973000000,0.862254000000,-0.638098120689,-2.230719566345,1.398966073990,0.771211445332,-0.265669554472,0.190003365278,-0.546398580074
1995,1995,1413393985.755760431290,1413393985.755760431290,2,1,1,0,0,0,545,2,0,0,-1,1207,402,402,0,734,0.608119304060,402,1.500933295809,3.645904303034,1.893831176250,8.937810945274,0.687500000000,0,7964,71,0.000150678476,0.049999952316,1,10.208776000000,0.116280000000,-0.677389919758,-2.185760498047,1.386056900024,0.770054221153,-0.285079985857,0.193489849567,-0.536942780018
1996,1996,1413393985.805760622025,1413393985.805760622025,2,1,1,0,0,0,545,2,0,0,-1,1203,389,389,0,731,0.607647547797,389,1.603131988080,3.763229271475,1.940044480055,9.573264781491,0.687500000000,0,7980,74,0.000144435995,0.050000190735,1,9.775765000000,0.120716000000,-0.715628445148,-2.140548467636,1.373979330063,0.768210589886,-0.303316712379,0.197211816907,-0.528165638447
1997,1997,1413393985.855760335922,1413393985.855760335922,2,1,1,0,0,0,546,2,0,0,-1,1202,384,384,0,709,0.589850249584,384,1.590378597412,3.692658318311,1.923134751777,9.380208333333,0.687500000000,0,8635,81,nan,nan,0,8.692507000000,0.125439000000,-0.755190074444,-2.090450286865,1.360585451126,0.765499949455,-0.321530908346,0.200689017773,-0.519953608513
1998,1998,1413393985.905760526657,1413393985.905760526657,2,1,1,0,0,0,546,2,0,0,-1,1201,553,553,0,595,0.495420482931,553,0.804722893096,3.100218315413,1.188398445926,6.611211573237,0.770833333333,1,8777,81,0.000132140281,0.050000190735,1,9.666256000000,0.118692000000,-0.789167881012,-2.044231414795,1.352184772491,0.761188864708,-0.339895367622,0.203612640500,-0.513424396515
1999,1999,1413393985.955760478973,1413393985.955760478973,2,1,1,0,0,0,546,2,0,0,-1,1200,364,364,0,594,0.495000000000,364,1.525858911366,3.210252962490,1.784876447139,9.439560439560,0.791666666667,0,7927,75,0.000172834421,0.049999952316,1,9.885416000000,0.168512000000,-0.819847583771,-1.997792243958,1.345696926117,0.756402432919,-0.356933712959,0.207936406136,-0.507164835930
2000,2000,1413393986.005760431290,1413393986.005760431290,2,1,1,0,0,0,546,2,0,0,-1,1201,302,302,0,650,0.541215653622,302,1.908902718951,4.260168072303,2.211640603474,10.937086092715,0.750000000000,0,8618,81,0.000195623012,0.049999952316,1,9.859016000000,0.972331000000,-0.846595346928,-1.950760841370,1.341844558716,0.749884128571,-0.373333930969,0.213032424450,-0.502904474735
2001,2001,1413393986.055760383606,1413393986.055760383606,2,1,1,0,0,0,547,2,0,0,-1,1201,486,486,0,577,0.480432972523,486,0.878214705772,3.192226436211,1.269198256860,6.539094650206,0.812500000000,1,8809,81,nan,nan,0,7.885065000000,0.098551000000,-0.863504707813,-1.902699589729,1.339270830154,0.743260204792,-0.388067901134,0.219077274203,-0.498971700668
2002,2002,1413393986.105760574341,1413393986.105760574341,2,1,1,0,0,0,547,2,0,0,-1,1203,354,354,0,643,0.534497090607,354,1.885796803453,4.116588078336,2.182783426126,9.152542372881,0.750000000000,0,8166,76,0.000688688306,0.050000190735,1,9.632924000000,0.108143000000,-0.883918702602,-1.856859803200,1.337610960007,0.735189735889,-0.404198676348,0.224188163877,-0.495841979980
2003,2003,1413393986.155760288239,1413393986.155760288239,2,1,1,0,0,0,547,2,0,0,-1,1202,366,366,0,708,0.589018302829,366,1.885111655737,4.451978360882,2.320525154504,10.215846994536,0.750000000000,0,8931,81,0.001400555018,0.049999713898,1,10.128255000000,0.092462000000,-0.900665223598,-1.811903834343,1.336845874786,0.726546645164,-0.419651240110,0.229434594512,-0.493338286877
2004,2004,1413393986.205760478973,1413393986.205760478973,2,1,1,0,0,0,548,2,0,0,-1,1204,339,339,0,735,0.610465116279,339,2.142475214376,4.366737287741,2.455723470597,10.023598820059,0.666666666667,0,8622,80,nan,nan,0,8.764052000000,0.098469000000,-0.923066675663,-1.774940252304,1.334476947784,0.715736806393,-0.435805439949,0.232962593436,-0.493480503559
2005,2005,1413393986.255760431290,1413393986.255760431290,2,1,1,0,0,0,548,2,0,0,-1,1202,316,316,0,701,0.583194675541,316,1.982410501130,4.321313598534,2.403263813255,10.784810126582,0.729166666667,0,8328,78,0.001572893583,0.049999952316,1,8.675001000000,0.152746000000,-0.933484792709,-1.733506679535,1.335973978043,0.704560041428,-0.452518194914,0.236720249057,-0.492733240128
2006,2006,1413393986.305760622025,1413393986.305760622025,2,1,1,0,0,0,548,2,0,0,-1,1202,551,551,0,700,0.582362728785,551,0.000281358168,3.369571022103,1.176156434812,6.537205081670,0.770833333333,1,8491,79,0.001000644523,0.050000190735,1,8.661577000000,0.100554000000,-0.939839243889,-1.694013237953,1.338302850723,0.693391799927,-0.468892425299,0.240749180317,-0.491312146187
2007,2007,1413393986.355760335922,1413393986.355760335922,2,1,1,0,0,0,548,2,0,0,-1,1203,398,398,0,698,0.580216126351,398,1.444500940023,3.695144944749,1.847039820192,9.168341708543,0.770833333333,0,8534,80,0.001049006940,0.049999713898,1,9.311051000000,0.088980000000,-0.942870914936,-1.657428383827,1.340319156647,0.682390272617,-0.484320074320,0.245788380504,-0.489250183105
2008,2008,1413393986.405760526657,1413393986.405760526657,2,1,1,0,0,0,548,2,0,0,-1,1201,366,366,0,708,0.589508742714,366,1.647952682657,3.729422795600,2.050030001337,9.838797814208,0.770833333333,0,8515,81,0.000652097806,0.050000190735,1,9.514218000000,0.085958000000,-0.941112697124,-1.623083829880,1.342647910118,0.670454561710,-0.499456584454,0.251965612173,-0.487388074398
2009,2009,1413393986.455760478973,1413393986.455760478973,2,1,1,0,0,0,549,2,0,0,-1,1203,347,347,0,713,0.592684954281,347,2.101957790963,4.248440679057,2.463064244388,9.423631123919,0.770833333333,0,8444,81,nan,nan,0,8.002221000000,0.073536000000,-0.941687107086,-1.594694256783,1.335082650185,0.658989906311,-0.512715935707,0.259656548500,-0.485214531422
2010,2010,1413393986.505760431290,1413393986.505760431290,2,1,1,0,0,0,549,2,0,0,-1,1206,607,607,0,710,0.588723051410,607,0.592317081269,3.030920512210,1.188914845120,6.410214168040,0.812500000000,1,8579,80,0.002199593931,0.049999952316,1,8.960892000000,0.108288000000,-0.933364629745,-1.568549633026,1.337854266167,0.649810612202,-0.523115336895,0.271539598703,-0.479961216450
2011,2011,1413393986.555760383606,1413393986.555760383606,2,1,1,0,0,0,549,2,0,0,-1,1204,403,403,0,773,0.642026578073,403,1.641083811286,4.016397090563,2.012126515881,9.483870967742,0.791666666667,0,8118,81,0.000705060316,0.049999952316,1,10.061091000000,0.101134000000,-0.921974301338,-1.546766519547,1.341708540916,0.642000198364,-0.528681099415,0.290373116732,-0.473302751780
2012,2012,1413393986.605760574341,1413393986.605760574341,2,1,1,0,0,0,549,2,0,0,-1,1202,381,381,0,728,0.605657237937,381,1.891100854202,3.926856831747,2.170774975151,9.923884514436,0.833333333333,0,8423,81,0.000303548499,0.050000190735,1,10.415195000000,0.094514000000,-0.906903207302,-1.528014779091,1.345988392830,0.635769665241,-0.530388057232,0.313575714827,-0.464925676584
2013,2013,1413393986.655760288239,1413393986.655760288239,2,1,1,0,0,0,550,2,0,0,-1,1205,375,375,0,751,0.623236514523,375,2.205311240012,4.509036053262,2.476207825256,9.669333333333,0.770833333333,0,8322,81,nan,nan,0,9.089822000000,0.079831000000,-0.895221769810,-1.513950586319,1.340024352074,0.629597246647,-0.530556797981,0.337899297476,-0.456005334854
2014,2014,1413393986.705760478973,1413393986.705760478973,2,1,1,0,0,0,550,2,0,0,-1,1201,611,611,0,720,0.599500416320,611,0.831111941848,3.502064032063,1.300757299783,6.823240589198,0.770833333333,1,8432,82,0.002007692121,0.050000190735,1,10.724040000000,0.145933000000,-0.876810193062,-1.498623132706,1.344458818436,0.621736288071,-0.531835079193,0.359675854445,-0.448585331440
2015,2015,1413393986.755760431290,1413393986.755760431290,2,1,1,0,0,0,550,2,0,0,-1,1205,445,445,0,728,0.604149377593,445,1.627769925769,3.913598099899,2.039351092904,9.991011235955,0.750000000000,0,8121,81,0.000563063193,0.049999952316,1,9.826520000000,0.128108000000,-0.857709288597,-1.484382629395,1.350092053413,0.613419413567,-0.533206164837,0.380253344774,-0.441378802061
2016,2016,1413393986.805760622025,1413393986.805760622025,2,1,1,0,0,0,550,2,0,0,-1,1206,409,409,0,692,0.573797678275,409,1.697694819928,4.268914804278,2.154349001500,9.924205378973,0.708333333333,0,7789,77,0.000242648690,0.050000190735,1,11.376957000000,0.169343000000,-0.838780999184,-1.470591783524,1.356685638428,0.604267776012,-0.534523725510,0.400144606829,-0.434774816036
2017,2017,1413393986.855760335922,1413393986.855760335922,2,1,1,0,0,0,551,2,0,0,-1,1204,641,641,0,713,0.592192691030,641,0.850555012187,3.515827218174,1.328674399441,6.277691107644,0.750000000000,1,7504,71,nan,nan,0,9.329293000000,0.115675000000,-0.828655600548,-1.452901601791,1.354323148727,0.594835758209,-0.535297036171,0.419212937355,-0.428821712732
2018,2018,1413393986.905760526657,1413393986.905760526657,2,1,1,0,0,0,551,2,0,0,-1,1202,432,432,0,719,0.598169717138,432,1.553208784161,4.048550190540,1.992935117954,9.787037037037,0.687500000000,0,7955,77,0.000340982864,0.050000190735,1,10.487769000000,0.127093000000,-0.813204407692,-1.437539219856,1.360670566559,0.587260365486,-0.537292122841,0.433067977428,-0.422959297895
2019,2019,1413393986.955760478973,1413393986.955760478973,2,1,1,0,0,0,551,2,0,0,-1,1205,411,411,0,697,0.578423236515,411,1.753968702940,4.461532839066,2.178784122541,9.722627737226,0.708333333333,0,7797,74,0.000249956036,0.049999952316,1,9.983299000000,0.377579000000,-0.799931704998,-1.420673370361,1.366441965103,0.581418693066,-0.542180359364,0.440494418144,-0.417082011700
2020,2020,1413393987.005760431290,1413393987.005760431290,2,1,1,0,0,0,552,2,0,0,-1,1202,640,640,0,681,0.566555740433,640,0.870754014165,3.408115163523,1.286353614472,7.157812500000,0.770833333333,1,7951,77,nan,nan,0,9.700536000000,0.108793000000,-0.799274444580,-1.399374246597,1.364169716835,0.576922655106,-0.549481093884,0.442914903164,-0.411165684462
2021,2021,1413393987.055760383606,1413393987.055760383606,2,1,1,0,0,0,552,2,0,0,-1,1203,465,465,0,691,0.574397339983,465,1.435688091731,3.913703301230,1.908511542711,9.806451612903,0.812500000000,0,7975,79,0.000055859942,0.049999952316,1,10.191053000000,0.106507000000,-0.790139496326,-1.379262208939,1.366663575172,0.573907434940,-0.556578695774,0.443268984556,-0.405417144299
2022,2022,1413393987.105760574341,1413393987.105760574341,2,1,1,0,0,0,552,2,0,0,-1,1204,447,447,0,710,0.589700996678,447,1.533462097079,3.872260716784,1.952518803856,9.847874720358,0.770833333333,0,8052,79,0.000060705155,0.050000190735,1,11.646580000000,0.133281000000,-0.782144188881,-1.357775211334,1.367152214050,0.571923792362,-0.562808036804,0.442549645901,-0.400374978781
2023,2023,1413393987.155760288239,1413393987.155760288239,2,1,1,0,0,0,553,2,0,0,-1,1204,445,445,0,694,0.576411960133,445,1.540769136983,4.231734564792,2.028806046792,10.008988764045,0.770833333333,0,8038,80,nan,nan,0,9.068798000000,0.088473000000,-0.784243762493,-1.335126757622,1.362430691719,0.570106089115,-0.568015456200,0.441689014435,-0.396545648575
2024,2024,1413393987.205760478973,1413393987.205760478973,2,1,1,0,0,0,553,2,0,0,-1,1206,629,629,0,681,0.564676616915,629,0.911917360730,3.121157654256,1.283947786639,7.316375198728,0.791666666667,1,8038,80,0.000189195402,0.050000190735,1,10.313294000000,0.114093000000,-0.777894139290,-1.311331748962,1.358522415161,0.568559825420,-0.572393178940,0.440732002258,-0.393523931503
2025,2025,1413393987.255760431290,1413393987.255760431290,2,1,1,0,0,0,553,2,0,0,-1,1202,471,471,0,708,0.589018302829,471,1.574797357142,3.582717191088,1.960554074437,10.670912951168,0.770833333333,0,7962,80,0.000243923525,0.049999952316,1,10.727093000000,0.133775000000,-0.771331131458,-1.286460399628,1.354368329048,0.568416118622,-0.576025366783,0.439098268747,-0.390244364738
2026,2026,1413393987.305760622025,1413393987.305760622025,2,1,1,0,0,0,553,2,0,0,-1,1202,396,396,0,712,0.592346089850,396,1.572070799506,3.821743883934,1.891469595735,11.638888888889,0.750000000000,0,7994,79,0.000226639400,0.050000190735,1,12.523349000000,0.138461000000,-0.764570891857,-1.260433673859,1.351393818855,0.567920565605,-0.578823626041,0.437961429358,-0.388096958399
2027,2027,1413393987.355760335922,1413393987.355760335922,2,1,1,0,0,0,554,2,0,0,-1,1203,642,642,0,692,0.575228595179,642,1.002171360940,3.157160725690,1.329944051803,8.028037383178,0.791666666667,1,7949,80,nan,nan,0,9.644972000000,0.128835000000,-0.756249427795,-1.231141328812,1.353922843933,0.568073630333,-0.581085801125,0.436285674572,-0.386376202106
2028,2028,1413393987.405760526657,1413393987.405760526657,2,1,1,0,0,0,554,2,0,0,-1,1205,485,485,0,709,0.588381742739,485,1.432815916405,3.394233447085,1.784091126274,11.484536082474,0.729166666667,0,7997,80,0.000268090458,0.050000190735,1,10.817296000000,0.147565000000,-0.749110937119,-1.203151702881,1.353075146675,0.568534314632,-0.582169890404,0.435340285301,-0.385130971670
2029,2029,1413393987.455760478973,1413393987.455760478973,2,1,1,0,0,0,554,2,0,0,-1,1201,421,421,0,709,0.590341382182,421,1.531996164754,3.656812566905,1.832979616845,11.852731591449,0.770833333333,0,7997,81,0.000290668162,0.049999952316,1,10.532288000000,0.134413000000,-0.741831421852,-1.174019336700,1.353730559349,0.568603634834,-0.582697331905,0.434076160192,-0.385657489300
2030,2030,1413393987.505760431290,1413393987.505760431290,2,1,1,0,0,0,555,2,0,0,-1,1203,617,617,0,685,0.569409808811,617,0.997846871346,3.091267883495,1.306839349621,7.941653160454,0.791666666667,1,7839,77,nan,nan,0,9.550717000000,0.118765000000,-0.736387312412,-1.145375013351,1.357246160507,0.568541288376,-0.583009779453,0.433733135462,-0.385663181543
2031,2031,1413393987.555760383606,1413393987.555760383606,2,1,1,0,0,0,555,2,0,0,-1,1204,454,454,0,695,0.577242524917,454,1.453399139116,3.287951107429,1.786576382985,11.317180616740,0.770833333333,0,7894,78,0.000387601991,0.049999952316,1,10.686285000000,0.105668000000,-0.728316307068,-1.115049123764,1.359372377396,0.567651569843,-0.582171022892,0.435933351517,-0.385759890079
2032,2032,1413393987.605760574341,1413393987.605760574341,2,1,1,0,0,0,555,2,0,0,-1,1202,417,417,0,697,0.579866888519,417,1.554137781195,3.400550322773,1.864763327492,11.311750599520,0.770833333333,0,7714,76,0.000532999518,0.050000190735,1,11.657331000000,0.107577000000,-0.719858527184,-1.084387183189,1.361821532249,0.566181957722,-0.581986188889,0.439011842012,-0.384706109762
2033,2033,1413393987.655760288239,1413393987.655760288239,2,1,1,0,0,0,556,2,0,0,-1,1202,645,645,0,699,0.581530782030,645,1.013862701349,2.839944617271,1.200726030904,7.959689922481,0.812500000000,1,7730,76,nan,nan,0,9.799441000000,0.121643000000,-0.711472690105,-1.054956316948,1.368243813515,0.563879132271,-0.582810103893,0.441845774651,-0.383594989777
2034,2034,1413393987.705760478973,1413393987.705760478973,2,1,1,0,0,0,556,2,0,0,-1,1201,459,459,0,694,0.577851790175,459,1.551887983284,3.449455797848,1.851004240482,11.625272331155,0.791666666667,0,7781,77,0.000399311917,0.050000190735,1,10.132951000000,0.110446000000,-0.702442049980,-1.023204326630,1.370792150497,0.560594260693,-0.585003376007,0.444611430168,-0.381871551275
2035,2035,1413393987.755760431290,1413393987.755760431290,2,1,1,0,0,0,556,2,0,0,-1,1203,400,400,0,693,0.576059850374,400,1.661258212332,3.532386514171,1.905946907639,12.300000000000,0.750000000000,0,7689,76,0.000448922045,0.049999952316,1,10.581500000000,0.102905000000,-0.693312525749,-0.990735769272,1.373609542847,0.555786430836,-0.588017106056,0.447174102068,-0.381277769804
2036,2036,1413393987.805760622025,1413393987.805760622025,2,1,1,0,0,0,557,2,0,0,-1,1205,645,645,0,675,0.560165975104,645,0.863458730073,3.000802982254,1.238381821304,7.556589147287,0.812500000000,1,7799,77,nan,nan,0,8.760971000000,0.107077000000,-0.683421969414,-0.957429707050,1.381169915199,0.552253901958,-0.592056512833,0.447467207909,-0.379812926054
2037,2037,1413393987.855760335922,1413393987.855760335922,2,1,1,0,0,0,557,2,0,0,-1,1201,448,448,0,713,0.593671940050,448,1.517707059167,3.596331327142,1.895097437637,11.419642857143,0.812500000000,0,7874,79,0.000633777876,0.049999713898,1,9.678409000000,0.135910000000,-0.674941420555,-0.923569858074,1.382568240166,0.547585427761,-0.596227407455,0.447085797787,-0.380496412516
2038,2038,1413393987.905760526657,1413393987.905760526657,2,1,1,0,0,0,557,2,0,0,-1,1204,401,401,0,710,0.589700996678,401,1.552535876296,3.861329822541,1.894876201333,11.825436408978,0.770833333333,0,7874,78,0.000810698431,0.050000190735,1,9.664869000000,0.089820000000,-0.666556239128,-0.889047324657,1.381585836411,0.544198393822,-0.600370943546,0.445708394051,-0.380456089973
2039,2039,1413393987.955760478973,1413393987.955760478973,2,1,1,0,0,0,558,2,0,0,-1,1202,665,665,0,715,0.594841930116,665,1.073993494519,2.970294031438,1.251744356636,7.085714285714,0.750000000000,1,7808,78,nan,nan,0,8.590313000000,0.136532000000,-0.657318949699,-0.853521466255,1.381267309189,0.541399896145,-0.603724956512,0.445067584515,-0.379891157150
2040,2040,1413393988.005760431290,1413393988.005760431290,2,1,1,0,0,0,558,2,0,0,-1,1203,465,465,0,705,0.586034912718,465,1.636769982235,3.437488481345,1.932175691131,10.705376344086,0.729166666667,0,7791,77,0.000844225578,0.049999952316,1,9.520606000000,0.097475000000,-0.648887991905,-0.818690836430,1.373106598854,0.538537979126,-0.605669736862,0.445760011673,-0.380051463842
2041,2041,1413393988.055760383606,1413393988.055760383606,2,1,1,0,0,0,558,2,0,0,-1,1203,410,410,0,745,0.619285120532,410,1.641968556780,3.375238472042,1.885029973962,10.934146341463,0.729166666667,0,7791,77,0.000704853737,0.049999952316,1,9.976203000000,0.098754000000,-0.640121996403,-0.783680558205,1.362286448479,0.536458313465,-0.607375741005,0.446463108063,-0.379444211721
2042,2042,1413393988.105760574341,1413393988.105760574341,2,1,1,0,0,0,559,2,0,0,-1,1201,674,674,0,757,0.630308076603,674,0.916607358484,2.965673931808,1.196743975718,7.713649851632,0.750000000000,1,7766,76,nan,nan,0,9.120647000000,0.120026000000,-0.628758072853,-0.746361374855,1.354323863983,0.534852921963,-0.608493208885,0.448101878166,-0.377985596657
2043,2043,1413393988.155760288239,1413393988.155760288239,2,1,1,0,0,0,559,2,0,0,-1,1204,460,460,0,761,0.632059800664,460,1.468723283439,3.200996525484,1.808972569472,12.195652173913,0.770833333333,0,7864,79,0.000947640045,0.049999713898,1,9.466732000000,0.110199000000,-0.619806051254,-0.711372256279,1.338070154190,0.533245146275,-0.607315003872,0.452092766762,-0.377399414778
2044,2044,1413393988.205760478973,1413393988.205760478973,2,1,1,0,0,0,559,2,0,0,-1,1203,446,446,0,767,0.637572734830,446,1.660792864787,3.522444109636,1.924744075485,12.154708520179,0.791666666667,0,7863,78,0.000611589290,0.050000190735,1,10.131522000000,0.101197000000,-0.611508369446,-0.676278710365,1.319115161896,0.532165408134,-0.605879962444,0.456553548574,-0.375856906176
2045,2045,1413393988.255760431290,1413393988.255760431290,2,1,1,0,0,0,560,2,0,0,-1,1204,691,691,0,798,0.662790697674,691,0.858894753649,2.991943833138,1.182543292745,7.835021707670,0.770833333333,1,7700,77,nan,nan,0,8.919726000000,0.121945000000,-0.601215243340,-0.639406323433,1.302889943123,0.531779170036,-0.603956997395,0.460853636265,-0.374246954918
2046,2046,1413393988.305760622025,1413393988.305760622025,2,1,1,0,0,0,560,2,0,0,-1,1202,492,492,0,770,0.640599001664,492,1.565600865805,3.522393137110,1.896676418316,11.770325203252,0.729166666667,0,7797,77,0.000902909611,0.050000190735,1,9.314143000000,0.100407000000,-0.593363761902,-0.602995634079,1.280973672867,0.531385600567,-0.601939857006,0.464920669794,-0.373023658991
2047,2047,1413393988.355760335922,1413393988.355760335922,2,1,1,0,0,0,560,2,0,0,-1,1204,416,416,0,758,0.629568106312,416,1.540432051554,3.656802822184,1.894136315186,12.716346153846,0.750000000000,0,7797,77,0.000684551429,0.049999713898,1,10.633407000000,1.246384000000,-0.585939764977,-0.565798640251,1.259616374969,0.531337261200,-0.599193751812,0.469537377357,-0.371728897095
2048,2048,1413393988.405760526657,1413393988.405760526657,2,1,1,0,0,0,561,2,0,0,-1,1206,681,681,0,783,0.649253731343,681,0.610180960654,2.775215410934,1.059910312401,7.309838472834,0.791666666667,1,7722,76,nan,nan,0,8.924333000000,0.127528000000,-0.575036942959,-0.529137015343,1.243926286697,0.533039391041,-0.596935331821,0.473273187876,-0.368170797825
2049,2049,1413393988.455760478973,1413393988.455760478973,2,1,1,0,0,0,561,2,0,0,-1,1205,452,452,0,766,0.635684647303,452,1.481099797741,3.497084425287,1.886586400124,11.090707964602,0.812500000000,0,7822,77,0.000266579067,0.049999952316,1,9.227706000000,0.097343000000,-0.568567931652,-0.489850401878,1.222803473473,0.536225736141,-0.593616008759,0.478307217360,-0.362359464169
2050,2050,1413393988.505760431290,1413393988.505760431290,2,1,1,0,0,0,561,2,0,0,-1,1203,391,391,0,749,0.622610141313,391,1.691059330893,3.605742903927,1.999805321751,11.450127877238,0.770833333333,0,7822,77,0.000285857503,0.049999952316,1,9.690653000000,0.091006000000,-0.562711536884,-0.449052929878,1.201955795288,0.541188359261,-0.590176880360,0.483564555645,-0.353513538837
2051,2051,1413393988.555760383606,1413393988.555760383606,2,1,1,0,0,0,562,2,0,0,-1,1203,645,645,0,701,0.582709891937,645,0.785928458551,2.918334870534,1.162007120325,8.038759689922,0.812500000000,1,7790,76,nan,nan,0,9.704006000000,0.120025000000,-0.555200457573,-0.408526897430,1.188913583755,0.545860767365,-0.586701035500,0.488290965557,-0.345528483391
2052,2052,1413393988.605760574341,1413393988.605760574341,2,1,1,0,0,0,562,2,0,0,-1,1204,434,434,0,719,0.597176079734,434,1.495378256828,3.381201000141,1.830317560698,11.225806451613,0.770833333333,0,8003,79,0.000145196464,0.050000190735,1,9.226414000000,0.089276000000,-0.549709618092,-0.362363100052,1.171098470688,0.548655390739,-0.583305776119,0.493105322123,-0.339968681335
2053,2053,1413393988.655760288239,1413393988.655760288239,2,1,1,0,0,0,562,2,0,0,-1,1205,384,384,0,718,0.595850622407,384,1.608130429241,3.589606083051,1.924470958517,11.992187500000,0.750000000000,0,7866,78,0.000212566767,0.049999713898,1,9.501820000000,0.089600000000,-0.544464588165,-0.312283039093,1.155127048492,0.547076880932,-0.585293292999,0.491631925106,-0.341228216887
2054,2054,1413393988.705760478973,1413393988.705760478973,2,1,1,0,0,0,563,2,0,0,-1,1203,622,622,0,743,0.617622610141,622,0.687680709206,2.885930468736,1.093348515734,7.233118971061,0.791666666667,1,7793,78,nan,nan,0,9.764671000000,0.109525000000,-0.535091161728,-0.259083628654,1.143669128418,0.545103490353,-0.589663386345,0.487321734428,-0.343040674925
2055,2055,1413393988.755760431290,1413393988.755760431290,2,1,1,0,0,0,563,2,0,0,-1,1202,388,388,0,756,0.628951747088,388,1.530128549253,3.418366473512,1.849435649108,10.925257731959,0.729166666667,0,7902,78,0.000221287817,0.049999952316,1,9.562107000000,0.093828000000,-0.530195772648,-0.202686429024,1.130425214767,0.539425790310,-0.597703814507,0.479003041983,-0.349751532078
2056,2056,1413393988.805760622025,1413393988.805760622025,2,1,1,0,0,0,563,2,0,0,-1,1200,333,333,0,743,0.619166666667,333,1.598636839249,3.454270884763,1.870993479646,11.558558558559,0.750000000000,0,7902,78,0.000268190313,0.050000190735,1,9.264304000000,0.085358000000,-0.525215685368,-0.144826769829,1.118108510971,0.532809495926,-0.608245491982,0.469258576632,-0.354891270399
2057,2057,1413393988.855760335922,1413393988.855760335922,2,1,1,0,0,0,564,2,0,0,-1,1202,645,645,0,752,0.625623960067,645,0.000076293945,2.704927715103,0.877197776019,5.831007751938,0.729166666667,1,7683,72,nan,nan,0,7.800576000000,0.121036000000,-0.517072379589,-0.088888049126,1.110538363457,0.524753153324,-0.623244762421,0.454449206591,-0.360105782747
2058,2058,1413393988.905760526657,1413393988.905760526657,2,1,1,0,0,0,564,2,0,0,-1,1201,358,358,0,747,0.621981681932,358,1.778832889941,3.791290629845,2.047166719513,9.541899441341,0.729166666667,0,7881,73,0.000168979997,0.050000190735,1,8.919227000000,0.127668000000,-0.510277867317,-0.030563354492,1.105112433434,0.514593243599,-0.639639496803,0.439028620720,-0.365115225315
2059,2059,1413393988.955760478973,1413393988.955760478973,2,1,1,0,0,0,564,2,0,0,-1,1204,320,320,0,761,0.632059800664,320,1.709345736570,3.886118280905,2.039338468729,9.521875000000,0.666666666667,0,7881,74,0.000134436021,0.049999952316,1,8.923030000000,0.114703000000,-0.502046465874,0.025749206543,1.103410720825,0.504424095154,-0.654927790165,0.426338732243,-0.367234706879
2060,2060,1413393989.005760431290,1413393989.005760431290,2,1,1,0,0,0,565,2,0,0,-1,1202,638,638,0,766,0.637271214642,638,0.000084243920,2.942293982446,1.034874199383,6.119122257053,0.729166666667,1,7614,69,nan,nan,0,8.311767000000,0.115200000000,-0.491247028112,0.074005961418,1.106480717659,0.493991672993,-0.669443666935,0.414707243443,-0.368558436632
2061,2061,1413393989.055760383606,1413393989.055760383606,2,1,1,0,0,0,565,2,0,0,-1,1202,392,392,0,740,0.615640599002,392,1.577426303790,3.897568456305,1.956799794694,9.808673469388,0.687500000000,0,8136,79,0.000250746176,0.049999952316,1,9.035269000000,0.080095000000,-0.480886757374,0.123357892036,1.112488627434,0.484571397305,-0.682758331299,0.404548436403,-0.367929816246
2062,2062,1413393989.105760574341,1413393989.105760574341,2,1,1,0,0,0,565,2,0,0,-1,1205,330,330,0,732,0.607468879668,330,1.696160069676,4.012918683487,2.097973873590,10.918181818182,0.645833333333,0,7670,70,0.000152971159,0.050000190735,1,11.548639000000,0.087569000000,-0.468886792660,0.168101310730,1.122865200043,0.475316792727,-0.695685684681,0.394124299288,-0.367098629475
2063,2063,1413393989.155760288239,1413393989.155760288239,2,1,1,0,0,0,566,2,0,0,-1,1202,624,624,0,741,0.616472545757,624,0.661092733582,3.255191824603,1.230190367030,6.125000000000,0.708333333333,1,7867,74,nan,nan,0,8.218657000000,0.115301000000,-0.456568121910,0.205412983894,1.135780215263,0.467864036560,-0.706892013550,0.385587006807,-0.364320695400
2064,2064,1413393989.205760478973,1413393989.205760478973,2,1,1,0,0,0,566,2,0,0,-1,1205,410,410,0,756,0.627385892116,410,1.684777739256,3.792832285433,2.004133285689,8.965853658537,0.666666666667,0,8060,78,0.000243509770,0.050000190735,1,9.214559000000,0.114407000000,-0.440395236015,0.237923622131,1.154528617859,0.462707877159,-0.715750575066,0.380349457264,-0.359077721834
2065,2065,1413393989.255760431290,1413393989.255760431290,2,1,1,0,0,0,566,2,0,0,-1,1203,369,369,0,767,0.637572734830,369,1.757769752883,3.879991085478,2.140920335465,9.373983739837,0.666666666667,0,7940,76,0.000279417844,0.049999952316,1,9.625267000000,0.086378000000,-0.421466946602,0.263365268707,1.176660299301,0.460597127676,-0.720363438129,0.381368875504,-0.351403772831
2066,2066,1413393989.305760622025,1413393989.305760622025,2,1,1,0,0,0,567,2,0,0,-1,1202,622,622,0,769,0.639767054908,622,0.213853635983,3.296614018029,1.125551767458,5.935691318328,0.645833333333,1,7763,73,nan,nan,0,8.565340000000,0.112911000000,-0.400717854500,0.277541756630,1.198757052422,0.463977694511,-0.712493479252,0.401325106621,-0.340611070395
2067,2067,1413393989.355760335922,1413393989.355760335922,2,1,1,0,0,0,567,2,0,0,-1,1202,338,338,0,680,0.565723793677,338,1.901713389469,4.353509870104,2.238256207228,9.852071005917,0.645833333333,0,7774,74,0.000197582151,0.049999713898,1,8.534452000000,0.080006000000,-0.376276910305,0.291059255600,1.225617408752,0.466777622700,-0.699586510658,0.427742868662,-0.331260472536
2068,2068,1413393989.405760526657,1413393989.405760526657,2,1,1,0,0,0,567,2,0,0,-1,1201,271,271,0,681,0.567027477102,271,2.069242926637,4.215753632531,2.351734452837,10.280442804428,0.604166666667,0,7734,74,0.000147360290,0.050000190735,1,9.162102000000,0.073836000000,-0.349807322025,0.301667213440,1.254081487656,0.466905117035,-0.684674203396,0.455439567566,-0.325262427330
2069,2069,1413393989.455760478973,1413393989.455760478973,2,1,1,0,0,0,568,2,0,0,-1,1203,577,577,0,707,0.587697423109,577,0.000122070312,2.993140441713,0.978577016809,5.310225303293,0.645833333333,1,7972,73,nan,nan,0,8.213374000000,0.120860000000,-0.327166378498,0.308487653732,1.278367996216,0.465083032846,-0.669153392315,0.481791019440,-0.322194099426
2070,2070,1413393989.505760431290,1413393989.505760431290,2,1,1,0,0,0,568,2,0,0,-1,1205,369,369,0,719,0.596680497925,369,1.870395073277,4.165731339913,2.148955023531,7.905149051491,0.604166666667,0,8076,75,0.000056639936,0.049999952316,1,9.391722000000,0.087650000000,-0.299598336220,0.318436026573,1.303432106972,0.462749749422,-0.656340420246,0.502095460892,-0.320905148983
2071,2071,1413393989.555760383606,1413393989.555760383606,2,1,1,0,0,0,568,2,0,0,-1,1204,301,301,0,702,0.583056478405,301,1.681711953563,4.520572659931,2.121255982905,8.943521594684,0.604166666667,0,8011,74,0.000075447409,0.049999952316,1,9.074184000000,0.117001000000,-0.272911667824,0.329619884491,1.325091958046,0.459849625826,-0.646887838840,0.516693592072,-0.321095347404
2072,2072,1413393989.605760574341,1413393989.605760574341,2,1,1,0,0,0,569,2,0,0,-1,1201,598,598,0,705,0.587010824313,598,0.000154952341,2.805004158953,0.969040936926,5.250836120401,0.625000000000,1,8021,79,nan,nan,0,8.443881000000,0.140524000000,-0.248207509518,0.345703601837,1.344413995743,0.458300292492,-0.641986846924,0.524619102478,-0.320294618607
2073,2073,1413393989.655760288239,1413393989.655760288239,2,1,1,0,0,0,569,2,0,0,-1,1202,376,376,0,584,0.485856905158,376,1.534975434407,3.915935413882,1.968171226166,8.186170212766,0.645833333333,0,8129,78,0.000071600734,0.049999713898,1,9.266835000000,0.082583000000,-0.224175632000,0.360952734947,1.358572244644,0.457547426224,-0.639951646328,0.528532147408,-0.319007873535
2074,2074,1413393989.705760478973,1413393989.705760478973,2,1,1,0,0,0,569,2,0,0,-1,1203,364,364,0,588,0.488778054863,364,1.669092549611,4.513476917078,2.096065130713,8.543956043956,0.645833333333,0,8129,78,0.000065443746,0.050000190735,1,9.591584000000,0.092673000000,-0.201037049294,0.377738475800,1.369111657143,0.456646561623,-0.642190158367,0.528204977512,-0.316330939531
2075,2075,1413393989.755760431290,1413393989.755760431290,2,1,1,0,0,0,570,2,0,0,-1,1201,371,371,0,579,0.482098251457,371,1.749769972687,4.305369360886,2.131865055415,8.460916442049,0.625000000000,0,8166,78,nan,nan,0,8.831524000000,0.080011000000,-0.177216529846,0.394735813141,1.372912406921,0.454365402460,-0.646218597889,0.526485443115,-0.314271837473
2076,2076,1413393989.805760622025,1413393989.805760622025,2,1,1,0,0,0,570,2,0,0,-1,1204,354,354,0,642,0.533222591362,354,1.646321674404,4.036530623316,1.986778888590,8.483050847458,0.604166666667,0,8103,77,0.000037903839,0.050000190735,1,10.181542000000,0.100117000000,-0.155835628510,0.414567947388,1.377882242203,0.450242400169,-0.651827275753,0.523877322674,-0.312978655100
2077,2077,1413393989.855760335922,1413393989.855760335922,2,1,1,0,0,0,570,2,0,0,-1,1202,535,535,0,675,0.561564059900,535,0.567610970754,2.966374017391,1.158631009784,6.125233644860,0.645833333333,1,8121,78,0.000039679864,0.049999713898,1,8.921706000000,0.095742000000,-0.135265231133,0.435627937317,1.381032228470,0.442349553108,-0.658633828163,0.520968317986,-0.314833939075
2078,2078,1413393989.905760526657,1413393989.905760526657,2,1,1,0,0,0,570,2,0,0,-1,1202,373,373,0,676,0.562396006656,373,1.529344517172,3.470333802042,1.906601361616,8.042895442359,0.562500000000,0,7925,76,0.000069246104,0.050000190735,1,9.959298000000,0.081795000000,-0.115741372108,0.457539558411,1.381862998009,0.432712614536,-0.666358649731,0.517886936665,-0.317047446966
2079,2079,1413393989.955760478973,1413393989.955760478973,2,1,1,0,0,0,570,2,0,0,-1,1205,321,321,0,693,0.575103734440,321,1.527131512840,3.619305250539,1.908382490924,8.956386292835,0.625000000000,0,7977,77,0.000088606743,0.049999952316,1,10.124051000000,0.079965000000,-0.096716344357,0.479762196541,1.381051898003,0.420259505510,-0.674057364464,0.515937864780,-0.320681840181
2080,2080,1413393990.005760431290,1413393990.005760431290,2,1,1,0,0,0,571,2,0,0,-1,1203,556,556,0,645,0.536159600998,556,0.709468184462,3.235546487804,1.184061145473,5.838129496403,0.625000000000,1,7767,71,nan,nan,0,8.088821000000,0.095172000000,-0.080797910690,0.501812458038,1.379734516144,0.405218392611,-0.682317554951,0.515025854111,-0.324020355940
2081,2081,1413393990.055760383606,1413393990.055760383606,2,1,1,0,0,0,571,2,0,0,-1,1202,368,368,0,592,0.492512479201,368,1.536488812825,3.602046930423,1.861753297986,8.728260869565,0.666666666667,0,7706,73,0.000052515024,0.049999952316,1,8.871345000000,0.084205000000,-0.065007209778,0.522536873817,1.374509692192,0.390916526318,-0.689318954945,0.517779946327,-0.322378009558
2082,2082,1413393990.105760574341,1413393990.105760574341,2,1,1,0,0,0,571,2,0,0,-1,1204,321,321,0,599,0.497508305648,321,1.723486196061,4.155428394614,2.148291199151,9.096573208723,0.583333333333,0,7756,71,0.000014457836,0.050000190735,1,9.011305000000,0.098365000000,-0.051357030869,0.542066454887,1.366865992546,0.376763045788,-0.696157574654,0.522167146206,-0.317420601845
2083,2083,1413393990.155760288239,1413393990.155760288239,2,1,1,0,0,0,572,2,0,0,-1,1206,601,601,0,627,0.519900497512,601,0.000137329102,3.009427223793,1.000226995329,4.845257903494,0.625000000000,1,7669,69,nan,nan,0,8.749211000000,0.122267000000,-0.041954636574,0.563920736313,1.355995416641,0.362154752016,-0.703314960003,0.527427136898,-0.309859156609
2084,2084,1413393990.205760478973,1413393990.205760478973,2,1,1,0,0,0,572,2,0,0,-1,1200,375,375,0,631,0.525833333333,375,1.572296402020,3.624825392442,1.928073690269,6.882666666667,0.625000000000,0,7606,69,0.000062506588,0.050000190735,1,10.655229000000,0.116517000000,-0.032817363739,0.581892490387,1.343542695045,0.347058236599,-0.710820376873,0.532606482506,-0.301023960114
2085,2085,1413393990.255760431290,1413393990.255760431290,2,1,1,0,0,0,573,2,0,0,-1,1202,329,329,0,670,0.557404326123,329,1.522060115187,4.086966216335,2.000286833242,6.987841945289,0.625000000000,0,7497,66,nan,nan,0,11.850577000000,0.076429000000,-0.027018904686,0.597600102425,1.331589460373,0.332029640675,-0.719384968281,0.536422550678,-0.290675878525
2086,2086,1413393990.305760622025,1413393990.305760622025,2,1,1,0,0,0,573,2,0,0,-1,1203,564,564,0,636,0.528678304239,564,0.585747809950,3.052603280487,1.177188736808,4.657801418440,0.750000000000,1,7135,63,0.000054648877,0.050000190735,1,8.547606000000,0.109622000000,-0.023286461830,0.614279031754,1.315065383911,0.315861314535,-0.729292333126,0.538340866566,-0.280273914337
2087,2087,1413393990.355760335922,1413393990.355760335922,2,1,1,0,0,0,573,2,0,0,-1,1202,388,388,0,644,0.535773710483,388,1.691799100911,3.569097438014,1.928325629296,6.920103092784,0.750000000000,0,7549,68,0.000116225361,0.049999713898,1,9.385908000000,0.085772000000,-0.022054791451,0.630500197411,1.297945499420,0.299674779177,-0.740256190300,0.538249254227,-0.269264906645
2088,2088,1413393990.405760526657,1413393990.405760526657,2,1,1,0,0,0,573,2,0,0,-1,1203,347,347,0,634,0.527015793849,347,1.821082538626,4.028929310365,2.097715286501,7.210374639769,0.645833333333,0,7519,70,0.000127129533,0.050000190735,1,10.431364000000,0.086860000000,-0.023286342621,0.645706892014,1.281956911087,0.282688707113,-0.750462114811,0.538598775864,-0.258466899395
2089,2089,1413393990.455760478973,1413393990.455760478973,2,1,1,0,0,0,574,2,0,0,-1,1206,358,358,0,645,0.534825870647,358,1.620206856675,3.487265193575,1.911993422890,7.270949720670,0.604166666667,0,7538,71,nan,nan,0,8.728955000000,0.073792000000,-0.021631717682,0.660805642605,1.268278598785,0.263999998569,-0.760484635830,0.538285791874,-0.249430313706
2090,2090,1413393990.505760431290,1413393990.505760431290,2,1,1,0,0,0,574,2,0,0,-1,1206,338,338,0,665,0.551409618574,338,1.822203182071,3.428848665895,2.010316792082,7.011834319527,0.583333333333,0,7628,69,0.000146139850,0.049999952316,1,9.286069000000,0.100392000000,-0.027019858360,0.673577189445,1.254654407501,0.245861485600,-0.770416736603,0.536712288857,-0.240728422999
2091,2091,1413393990.555760383606,1413393990.555760383606,2,1,1,0,0,0,574,2,0,0,-1,1203,604,604,0,671,0.557772236076,604,0.241706174490,3.002057152356,1.105697227653,5.000000000000,0.812500000000,1,7644,71,0.000172780085,0.049999952316,1,8.764573000000,0.214404000000,-0.034695506096,0.684964776039,1.241996645927,0.228968083858,-0.781047642231,0.532729625702,-0.231813132763
2092,2092,1413393990.605760574341,1413393990.605760574341,2,1,1,0,0,0,574,2,0,0,-1,1205,393,393,0,654,0.542738589212,393,1.553447663488,3.298030942600,1.795240593113,6.699745547074,0.791666666667,0,7721,72,0.000113824281,0.050000190735,1,10.211698000000,0.116800000000,-0.044969677925,0.694605410099,1.229545593262,0.214402347803,-0.794068276882,0.524118661880,-0.220877379179
2093,2093,1413393990.655760288239,1413393990.655760288239,2,1,1,0,0,0,574,2,0,0,-1,1201,308,308,0,676,0.562864279767,308,2.008650876803,4.367124634225,2.300589276950,6.185064935065,0.708333333333,0,7605,67,0.000101510341,0.049999713898,1,10.716847000000,0.120345000000,-0.057574868202,0.701787710190,1.217124462128,0.203863963485,-0.808288395405,0.512296378613,-0.206547513604
2094,2094,1413393990.705760478973,1413393990.705760478973,2,1,1,0,0,0,575,2,0,0,-1,1212,615,615,0,681,0.561881188119,615,0.000125827198,2.924228628383,0.969360102639,3.562601626016,0.666666666667,1,7515,66,nan,nan,0,8.082111000000,5.150305000000,-0.073881208897,0.710430681705,1.209610581398,0.200578555465,-0.823479533195,0.497024595737,-0.186054632068
2095,2095,1413393990.755760431290,1413393990.755760431290,2,1,1,0,0,0,575,2,0,0,-1,1205,423,423,0,651,0.540248962656,423,1.549945893672,3.669097525453,1.843464223642,4.962174940898,0.645833333333,0,7952,71,0.000177528185,0.049999952316,1,10.568975000000,0.153307000000,-0.089185118675,0.710475146770,1.197952985764,0.202805697918,-0.834972500801,0.485375583172,-0.161559343338
2096,2096,1413393990.805760622025,1413393990.805760622025,2,1,1,0,0,0,575,2,0,0,-1,1203,390,390,0,647,0.537822111388,390,1.694905301689,3.451932689305,1.962801722659,4.928205128205,0.645833333333,0,7475,64,0.000150314023,0.050000190735,1,9.408966000000,0.126482000000,-0.104209959507,0.705977797508,1.187895417213,0.207451924682,-0.843773186207,0.475561559200,-0.137301936746
2097,2097,1413393990.855760335922,1413393990.855760335922,2,1,1,0,0,0,576,2,0,0,-1,1203,330,330,0,580,0.482128013300,330,1.763584030213,3.653800255022,2.124240209899,5.024242424242,0.562500000000,0,7055,57,nan,nan,0,8.130933000000,0.100595000000,-0.116968631744,0.693494498730,1.182021975517,0.213654264808,-0.849927604198,0.467674076557,-0.115134596825
2098,2098,1413393990.905760526657,1413393990.905760526657,2,1,1,0,0,0,576,2,0,0,-1,1205,547,547,0,576,0.478008298755,547,0.804734226949,3.403392971918,1.299732574663,3.621572212066,0.666666666667,1,7818,69,0.000139163676,0.050000190735,1,9.134258000000,0.150796000000,-0.126643896103,0.678320586681,1.176756739616,0.218574464321,-0.852041244507,0.465594738722,-0.097327440977
2099,2099,1413393990.955760478973,1413393990.955760478973,2,1,1,0,0,0,576,2,0,0,-1,1203,351,351,0,529,0.439733998337,351,1.870294070843,3.742143429393,2.145818316158,4.851851851852,0.625000000000,0,7275,60,0.000150561958,0.049999952316,1,9.790288000000,0.125936000000,-0.131866604090,0.656759142876,1.174423456192,0.224370077252,-0.847324192524,0.474290579557,-0.082148328424
2100,2100,1413393991.005760431290,1413393991.005760431290,2,1,1,0,0,0,576,2,0,0,-1,1204,312,312,0,669,0.555647840532,312,2.227128697179,4.114725529182,2.432107650038,5.544871794872,0.645833333333,0,6386,54,0.000121201934,0.049999952316,1,8.908833000000,0.734046000000,-0.131658673286,0.630051434040,1.175277590752,0.229117557406,-0.836598217487,0.492205768824,-0.073089413345
2101,2101,1413393991.055760383606,1413393991.055760383606,2,1,1,0,0,0,577,2,0,0,-1,1204,569,569,0,647,0.537375415282,569,1.113698621781,3.663679424930,1.480400112890,4.087873462214,0.687500000000,1,7394,63,nan,nan,0,8.640586000000,0.109937000000,-0.129334494472,0.596046924591,1.178464651108,0.232018172741,-0.821918904781,0.515598893166,-0.069099485874
2102,2102,1413393991.105760574341,1413393991.105760574341,2,1,1,0,0,0,577,2,0,0,-1,1205,330,330,0,616,0.511203319502,330,2.080356889444,4.091842398493,2.334851400079,6.509090909091,0.562500000000,0,6690,55,0.000131527995,0.050000190735,1,9.300212000000,0.111712000000,-0.117745600641,0.562272071838,1.184375524521,0.231156021357,-0.804232537746,0.542862832546,-0.071252405643
2103,2103,1413393991.155760288239,1413393991.155760288239,2,1,1,0,0,0,578,2,0,0,-1,1201,290,290,0,637,0.530391340550,290,2.239979126776,4.266607886458,2.438780318899,6.713793103448,0.562500000000,0,6242,49,nan,nan,0,8.214289000000,0.071065000000,-0.100543111563,0.527417957783,1.191554665565,0.227875679731,-0.783886373043,0.572256028652,-0.078216448426
2104,2104,1413393991.205760478973,1413393991.205760478973,2,1,1,0,0,0,578,2,0,0,-1,1203,549,549,0,646,0.536990856193,549,0.640102002172,3.500660579791,1.316436243012,4.748633879781,0.604166666667,1,6363,48,0.000053956344,0.050000190735,1,10.126049000000,0.103425000000,-0.081047430634,0.494805335999,1.200227975845,0.221233576536,-0.763403475285,0.600162148476,-0.089868724346
2105,2105,1413393991.255760431290,1413393991.255760431290,2,1,1,0,0,0,578,2,0,0,-1,1202,387,387,0,679,0.564891846922,387,1.757421189834,4.098318949381,2.119379814155,6.816537467700,0.604166666667,0,6798,57,0.000053163898,0.049999952316,1,9.222339000000,0.085854000000,-0.059690818191,0.465565323830,1.209238529205,0.214731976390,-0.742467045784,0.626206398010,-0.102462150156
2106,2106,1413393991.305760622025,1413393991.305760622025,2,1,1,0,0,0,578,2,0,0,-1,1206,328,328,0,468,0.388059701493,328,2.023841962373,4.563124434937,2.383461996015,7.966463414634,0.479166666667,0,6752,56,0.000091989059,0.050000190735,1,8.600966000000,0.119548000000,-0.037810385227,0.441087245941,1.217640161514,0.208202451468,-0.722797214985,0.648875534534,-0.114789284766
2107,2107,1413393991.355760335922,1413393991.355760335922,2,1,1,0,0,0,579,2,0,0,-1,1205,471,471,0,525,0.435684647303,471,0.904948381568,3.212486491686,1.340708803916,5.700636942675,0.604166666667,1,6677,52,nan,nan,0,9.468446000000,0.092839000000,-0.016373157501,0.421829462051,1.225589513779,0.200664907694,-0.711064875126,0.661292552948,-0.129663333297
2108,2108,1413393991.405760526657,1413393991.405760526657,2,1,1,0,0,0,579,2,0,0,-1,1205,345,345,0,654,0.542738589212,345,1.770815468825,3.961813308943,2.079440442417,8.582608695652,0.562500000000,0,6687,55,0.000134528542,0.050000190735,1,8.461199000000,0.073076000000,0.003973007202,0.409826993942,1.231484889984,0.194260612130,-0.705673515797,0.666215658188,-0.142983958125
2109,2109,1413393991.455760478973,1413393991.455760478973,2,1,1,0,0,0,579,2,0,0,-1,1206,308,308,0,666,0.552238805970,308,1.933834688235,3.999467478190,2.227242984974,8.720779220779,0.625000000000,0,6397,53,0.000142367018,0.049999952316,1,8.717139000000,0.183135000000,0.022090613842,0.404300808907,1.234790086746,0.190478548408,-0.712967276573,0.657080590725,-0.153755575418
2110,2110,1413393991.505760431290,1413393991.505760431290,2,1,1,0,0,0,580,2,0,0,-1,1202,368,368,0,693,0.576539101498,368,1.934537791556,3.898957004778,2.196202599782,8.149456521739,0.729166666667,0,6289,51,nan,nan,0,8.227052000000,0.075008000000,0.036426723003,0.399758338928,1.239765286446,0.187827900052,-0.728395342827,0.638252496719,-0.163690924644
2111,2111,1413393991.555760383606,1413393991.555760383606,2,1,1,0,0,0,580,2,0,0,-1,1205,522,522,0,666,0.552697095436,522,1.175178447464,3.511570277756,1.463492011629,5.703065134100,0.625000000000,1,6112,52,0.000217044682,0.049999952316,1,8.873734000000,0.111408000000,0.049189388752,0.404701590538,1.242580175400,0.184218972921,-0.744668900967,0.617441833019,-0.174061208963
2112,2112,1413393991.605760574341,1413393991.605760574341,2,1,1,0,0,0,580,2,0,0,-1,1205,394,394,0,656,0.544398340249,394,1.888588513054,4.566146307113,2.279536238380,8.426395939086,0.625000000000,0,6187,53,0.000182951204,0.050000190735,1,9.800110000000,0.089277000000,0.058980345726,0.412410140038,1.245359659195,0.180863782763,-0.762605130672,0.593385338783,-0.183345764875
2113,2113,1413393991.655760288239,1413393991.655760288239,2,1,1,0,0,0,580,2,0,0,-1,1207,357,357,0,635,0.526097763049,357,2.168242947748,4.850699996029,2.485337632668,8.714285714286,0.687500000000,0,7452,65,0.000233657673,0.049999713898,1,9.686241000000,0.112382000000,0.065342128277,0.421252012253,1.248625755310,0.177965775132,-0.780315160751,0.568425774574,-0.190600559115
2114,2114,1413393991.705760478973,1413393991.705760478973,2,1,1,0,0,0,581,2,0,0,-1,1206,386,386,0,613,0.508291873964,386,1.808919125025,3.761073977528,2.051252735132,8.567357512953,0.687500000000,0,7542,67,nan,nan,0,8.637788000000,0.140926000000,0.068464398384,0.421378791332,1.243661403656,0.176714599133,-0.795271277428,0.546584844589,-0.193805471063
2115,2115,1413393991.755760431290,1413393991.755760431290,2,1,1,0,0,0,581,2,0,0,-1,1200,392,392,0,638,0.531666666667,392,1.695075501706,3.997718081216,2.083465578906,9.002551020408,0.645833333333,0,7616,68,0.000051934199,0.049999952316,1,9.921868000000,0.104922000000,0.068873941898,0.426482379436,1.249164342880,0.175952553749,-0.806488096714,0.529855489731,-0.194604545832
2116,2116,1413393991.805760622025,1413393991.805760622025,2,1,1,0,0,0,581,2,0,0,-1,1203,602,602,0,634,0.527015793849,602,0.709290963875,3.230828971645,1.256051562506,6.418604651163,0.729166666667,1,7698,69,0.000054545882,0.050000190735,1,9.614218000000,0.108009000000,0.066543936729,0.427889227867,1.256309747696,0.176471441984,-0.813834726810,0.519215226173,-0.192214548588
2117,2117,1413393991.855760335922,1413393991.855760335922,2,1,1,0,0,0,581,2,0,0,-1,1205,458,458,0,616,0.511203319502,458,1.642305410487,4.306701747936,2.029918943242,8.949781659389,0.729166666667,0,7712,70,0.000095235206,0.049999713898,1,10.241074000000,0.095452000000,0.062227725983,0.423953890800,1.266611099243,0.178790792823,-0.812493324280,0.522549211979,-0.186630144715
2118,2118,1413393991.905760526657,1413393991.905760526657,2,1,1,0,0,0,581,2,0,0,-1,1207,370,370,0,608,0.503728251864,370,2.021044317457,4.779096835486,2.425442905497,9.048648648649,0.666666666667,0,7388,67,0.000100077945,0.050000190735,1,10.053525000000,0.079998000000,0.055915892124,0.415547966957,1.278403043747,0.185715332627,-0.803866207600,0.537275493145,-0.175054162741
2119,2119,1413393991.955760478973,1413393991.955760478973,2,1,1,0,0,0,582,2,0,0,-1,1204,586,586,0,617,0.512458471761,586,1.150801284956,3.403409826491,1.468315146251,6.075085324232,0.729166666667,1,7429,65,nan,nan,0,10.015311000000,0.110845000000,0.054579734802,0.395271182060,1.290724754333,0.193261995912,-0.788910925388,0.560318231583,-0.162212550640
2120,2120,1413393992.005760431290,1413393992.005760431290,2,1,1,0,0,0,582,2,0,0,-1,1202,430,430,0,657,0.546589018303,430,1.833332468518,3.785197661897,2.072190919535,9.260465116279,0.708333333333,0,6045,53,0.000056054625,0.049999952316,1,9.949578000000,0.132184000000,0.046608567238,0.382992506027,1.305768013000,0.198155164719,-0.771991312504,0.583908617496,-0.154320314527
2121,2121,1413393992.055760383606,1413393992.055760383606,2,1,1,0,0,0,582,2,0,0,-1,1202,409,409,0,464,0.386023294509,409,1.768313010126,3.964093231976,2.121167944563,9.100244498778,0.666666666667,0,6123,53,0.000116690477,0.049999952316,1,10.201691000000,0.124338000000,0.038065075874,0.371994614601,1.320293903351,0.202150002122,-0.756383895874,0.604265689850,-0.147924467921
2122,2122,1413393992.105760574341,1413393992.105760574341,2,1,1,0,0,0,583,2,0,0,-1,1204,512,512,0,494,0.410299003322,512,1.039238013509,3.441094355095,1.403200525374,7.148437500000,0.729166666667,1,6247,53,nan,nan,0,10.193488000000,0.107737000000,0.029714882374,0.361156702042,1.336297988892,0.204541489482,-0.744697630405,0.618902802467,-0.143344104290
2123,2123,1413393992.155760288239,1413393992.155760288239,2,1,1,0,0,0,583,2,0,0,-1,1205,394,394,0,533,0.442323651452,394,1.403836120336,3.708650954332,1.792171155646,9.837563451777,0.666666666667,0,6181,51,0.000104266459,0.049999713898,1,10.379027000000,0.095539000000,0.019607931376,0.356464862823,1.347325682640,0.206459105015,-0.741998016834,0.622197210789,-0.140300720930
2124,2124,1413393992.205760478973,1413393992.205760478973,2,1,1,0,0,0,584,2,0,0,-1,1204,425,425,0,633,0.525747508306,425,1.497770394290,3.691258146252,1.905815987436,9.543529411765,0.666666666667,0,6035,52,nan,nan,0,12.840153000000,0.094889000000,0.009183317423,0.354535102844,1.352856874466,0.210097923875,-0.750283241272,0.612164497375,-0.134865477681
2125,2125,1413393992.255760431290,1413393992.255760431290,2,1,1,0,0,0,584,2,0,0,-1,1206,410,410,0,672,0.557213930348,410,1.681280100452,3.494548831611,2.007262136142,8.929268292683,0.625000000000,0,6325,54,0.000120974248,0.049999952316,1,9.467494000000,0.117831000000,-0.002163916826,0.357007384300,1.359512805939,0.213717013597,-0.762710809708,0.596533954144,-0.129401072860
2126,2126,1413393992.305760622025,1413393992.305760622025,2,1,1,0,0,0,584,2,0,0,-1,1203,403,403,0,538,0.447215295096,403,1.703878359469,3.915535263009,2.038364722686,9.188585607940,0.666666666667,0,6201,52,0.000353834708,0.050000190735,1,9.447033000000,0.123159000000,-0.013123482466,0.361707329750,1.366297602654,0.215402692556,-0.776404380798,0.578686892986,-0.126172587276
2127,2127,1413393992.355760335922,1413393992.355760335922,2,1,1,0,0,0,584,2,0,0,-1,1206,372,372,0,530,0.439469320066,372,1.656679041708,4.095198537739,2.078954808807,9.166666666667,0.750000000000,0,5980,52,0.000141585842,0.049999713898,1,9.858835000000,0.087955000000,-0.022396832705,0.367695569992,1.374333858490,0.210805594921,-0.791248679161,0.558745086193,-0.131493151188
2128,2128,1413393992.405760526657,1413393992.405760526657,2,1,1,0,0,0,584,2,0,0,-1,1206,377,377,0,535,0.443615257048,377,1.563674927577,4.346453463491,2.075881604514,9.368700265252,0.729166666667,0,6217,52,0.000081530008,0.050000190735,1,8.781262000000,0.113558000000,-0.030432105064,0.373224735260,1.382898807526,0.204316005111,-0.803970038891,0.540702998638,-0.139740407467
2129,2129,1413393992.455760478973,1413393992.455760478973,2,1,1,0,0,0,584,2,0,0,-1,1208,425,425,0,645,0.533940397351,425,1.679492147880,3.854909804286,2.047130189192,9.477647058824,0.729166666667,0,6011,50,0.000218182031,0.049999952316,1,9.600081000000,0.085489000000,-0.037469685078,0.376976013184,1.390761733055,0.195786416531,-0.813016712666,0.527328789234,-0.150319218636
2130,2130,1413393992.505760431290,1413393992.505760431290,2,1,1,0,0,0,584,2,0,0,-1,1204,527,527,0,565,0.469269102990,527,0.941693217219,2.949513766219,1.255902305726,6.965844402277,0.791666666667,1,6711,59,0.000111923575,0.049999952316,1,10.007337000000,0.128236000000,-0.044224739075,0.377534627914,1.397851586342,0.188180670142,-0.816785573959,0.521597027779,-0.159329697490
2131,2131,1413393992.555760383606,1413393992.555760383606,2,1,1,0,0,0,584,2,0,0,-1,1203,473,473,0,648,0.538653366584,473,1.421499527643,3.638792751231,1.773631585009,9.363636363636,0.770833333333,0,7481,68,0.000127706138,0.049999952316,1,11.199616000000,0.141050000000,-0.050953924656,0.374365210533,1.403492689133,0.182920172811,-0.814820826054,0.524606227875,-0.165516376495
2132,2132,1413393992.605760574341,1413393992.605760574341,2,1,1,0,0,0,585,2,0,0,-1,1204,474,474,0,671,0.557308970100,474,1.528659874760,3.413719309002,1.887183305033,9.943037974684,0.770833333333,0,7359,67,nan,nan,0,11.373604000000,4.270080000000,-0.055778324604,0.361450791359,1.409028053284,0.180416673422,-0.808563351631,0.534350395203,-0.167764231563
2133,2133,1413393992.655760288239,1413393992.655760288239,2,1,1,0,0,0,585,2,0,0,-1,1204,432,432,0,684,0.568106312292,432,1.813956141754,3.894610829876,2.107624839355,9.708333333333,0.687500000000,0,7359,67,0.000078559693,0.049999713898,1,10.362587000000,0.088524000000,-0.064600348473,0.351739883423,1.410195589066,0.182222306728,-0.795996785164,0.553229629993,-0.164685294032
2134,2134,1413393992.705760478973,1413393992.705760478973,2,1,1,0,0,0,585,2,0,0,-1,1202,408,408,0,652,0.542429284526,408,1.960014603223,3.720628405561,2.152410832632,9.872549019608,0.645833333333,0,6578,57,0.000048867314,0.050000190735,1,9.328731000000,0.115597000000,-0.074299424887,0.340629696846,1.410782098770,0.185644835234,-0.779377698898,0.576626777649,-0.160025164485
2135,2135,1413393992.755760431290,1413393992.755760431290,2,1,1,0,0,0,585,2,0,0,-1,1205,357,357,0,429,0.356016597510,357,1.687865559015,3.747385560509,2.067511255389,10.061624649860,0.583333333333,0,6809,59,0.000111905079,0.049999952316,1,9.243378000000,0.105148000000,-0.084947377443,0.329598426819,1.410856604576,0.189806297421,-0.761839210987,0.599742591381,-0.154543042183
2136,2136,1413393992.805760622025,1413393992.805760622025,2,1,1,0,0,0,585,2,0,0,-1,1204,635,635,0,663,0.550664451827,635,0.688519391966,2.878121204497,1.076492971820,6.721259842520,0.666666666667,1,6702,59,0.000204728422,0.050000190735,1,10.233498000000,0.120420000000,-0.096790313721,0.320531487465,1.410563468933,0.193871587515,-0.746806025505,0.618481636047,-0.148912891746
2137,2137,1413393992.855760335922,1413393992.855760335922,2,1,1,0,0,0,585,2,0,0,-1,1202,455,455,0,679,0.564891846922,455,1.431631717940,3.416382967477,1.761970860312,10.054945054945,0.687500000000,0,6724,58,0.000206110650,0.049999713898,1,10.362588000000,0.148481000000,-0.109945192933,0.314772009850,1.409895420074,0.198436945677,-0.737265050411,0.629833817482,-0.142732217908
2138,2138,1413393992.905760526657,1413393992.905760526657,2,1,1,0,0,0,586,2,0,0,-1,1205,464,464,0,616,0.511203319502,464,1.313964078253,3.374407453709,1.673698825153,9.379310344828,0.687500000000,0,7716,67,nan,nan,0,10.186027000000,0.141860000000,-0.126200690866,0.311815619469,1.411511301994,0.202448651195,-0.735201776028,0.632046282291,-0.137878641486
2139,2139,1413393992.955760478973,1413393992.955760478973,2,1,1,0,0,0,586,2,0,0,-1,1204,454,454,0,708,0.588039867110,454,1.335470761575,3.006216436718,1.621848508720,9.517621145374,0.666666666667,0,6747,58,0.000060739421,0.049999952316,1,9.636385000000,0.182498000000,-0.141595169902,0.314770817757,1.409116268158,0.206369102001,-0.741452276707,0.624671518803,-0.132083013654
2140,2140,1413393993.005760431290,1413393993.005760431290,2,1,1,0,0,0,586,2,0,0,-1,1203,463,463,0,770,0.640066500416,463,1.383951196669,3.224573527299,1.701562630592,9.663066954644,0.666666666667,0,7415,64,0.000029894152,0.049999952316,1,9.979804000000,0.142040000000,-0.157616242766,0.321818351746,1.406629204750,0.210557729006,-0.752061486244,0.611708879471,-0.126021087170
2141,2141,1413393993.055760383606,1413393993.055760383606,2,1,1,0,0,0,586,2,0,0,-1,1206,450,450,0,701,0.581260364842,450,1.467047289191,3.524267292825,1.823493616524,9.744444444444,0.583333333333,0,7235,63,0.000055875145,0.049999952316,1,10.188540000000,0.115625000000,-0.173731297255,0.332134246826,1.404662370682,0.214665636420,-0.763479590416,0.597118079662,-0.120281785727
2142,2142,1413393993.105760574341,1413393993.105760574341,2,1,1,0,0,0,586,2,0,0,-1,1208,443,443,0,711,0.588576158940,443,1.506877769897,3.274686403223,1.757927505234,10.182844243792,0.604166666667,0,7290,64,0.000090254784,0.050000190735,1,10.589843000000,0.137643000000,-0.188636332750,0.344496965408,1.404137611389,0.216062873602,-0.773745417595,0.583826065063,-0.117397055030
2143,2143,1413393993.155760288239,1413393993.155760288239,2,1,1,0,0,0,586,2,0,0,-1,1208,443,443,0,716,0.592715231788,443,1.531875623727,3.701043181924,1.900846758833,9.571106094808,0.666666666667,0,7494,66,0.000077693716,0.049999713898,1,10.239331000000,0.118874000000,-0.202351793647,0.358711361885,1.403809905052,0.216151043773,-0.786916851997,0.566032588482,-0.116824030876
2144,2144,1413393993.205760478973,1413393993.205760478973,2,1,1,0,0,0,586,2,0,0,-1,1205,404,404,0,697,0.578423236515,404,1.787937925573,3.675003081647,2.078562233923,9.967821782178,0.645833333333,0,7300,65,0.000024509045,0.050000190735,1,9.725172000000,0.107322000000,-0.214598715305,0.373496532440,1.403940677643,0.215037479997,-0.801563084126,0.545410096645,-0.117402747273
2145,2145,1413393993.255760431290,1413393993.255760431290,2,1,1,0,0,0,586,2,0,0,-1,1205,601,601,0,657,0.545228215768,601,1.014634180933,3.093550600534,1.298644009605,7.000000000000,0.666666666667,1,7298,64,0.000058108100,0.049999952316,1,10.337918000000,0.160180000000,-0.225287139416,0.386889457703,1.403945922852,0.214809179306,-0.816905796528,0.522652864456,-0.115567982197
2146,2146,1413393993.305760622025,1413393993.305760622025,2,1,1,0,0,0,586,2,0,0,-1,1203,404,404,0,691,0.574397339983,404,1.597339751640,3.507666427287,1.907122105233,9.413366336634,0.625000000000,0,7092,61,0.000102414029,0.050000190735,1,10.817849000000,0.101349000000,-0.233656227589,0.397868871689,1.404537796974,0.214856177568,-0.830869197845,0.500545680523,-0.113785751164
2147,2147,1413393993.355760335922,1413393993.355760335922,2,1,1,0,0,0,586,2,0,0,-1,1205,407,407,0,701,0.581742738589,407,1.609977877198,3.480679620245,1.868098538243,9.712530712531,0.604166666667,0,6719,59,0.000152081237,0.049999713898,1,10.291753000000,1.351606000000,-0.239687815309,0.404581189156,1.406343460083,0.216100603342,-0.840393960476,0.484629869461,-0.110329546034
2148,2148,1413393993.405760526657,1413393993.405760526657,2,1,1,0,0,0,587,2,0,0,-1,1202,611,611,0,634,0.527454242928,611,0.896764379735,3.172144125612,1.239200646455,6.531914893617,0.687500000000,1,6685,57,nan,nan,0,9.771412000000,0.118128000000,-0.244719296694,0.406635522842,1.414097666740,0.219011664391,-0.845665812492,0.475233346224,-0.105054840446
2149,2149,1413393993.455760478973,1413393993.455760478973,2,1,1,0,0,0,587,2,0,0,-1,1205,507,507,0,636,0.527800829876,507,1.383516283750,3.347676859658,1.706002135072,8.830374753452,0.645833333333,0,6921,62,0.000134443471,0.049999952316,1,11.500235000000,0.151040000000,-0.244158089161,0.402044653893,1.419522523880,0.222777858377,-0.845964252949,0.474036067724,-0.100021280348
2150,2150,1413393993.505760431290,1413393993.505760431290,2,1,1,0,0,0,587,2,0,0,-1,1202,510,510,0,709,0.589850249584,510,1.575468595788,3.466943471343,1.838440924337,9.476470588235,0.687500000000,0,6719,60,0.000101054342,0.049999952316,1,11.752089000000,0.143113000000,-0.239232629538,0.391028642654,1.427421331406,0.224739566445,-0.840636312962,0.482895165682,-0.098158121109
2151,2151,1413393993.555760383606,1413393993.555760383606,2,1,1,0,0,0,588,2,0,0,-1,1205,450,450,0,691,0.573443983402,450,1.691209749644,3.610824846016,1.926414412486,9.511111111111,0.645833333333,0,6746,59,nan,nan,0,9.772423000000,0.088469000000,-0.228396087885,0.376002788544,1.438904643059,0.224409550428,-0.830166816711,0.500601172447,-0.099307641387
2152,2152,1413393993.605760574341,1413393993.605760574341,2,1,1,0,0,0,588,2,0,0,-1,1203,585,585,0,655,0.544472152951,585,1.408210588044,3.794436389387,1.667502560936,7.391452991453,0.687500000000,1,6570,55,0.000046324949,0.050000190735,1,10.509195000000,0.107948000000,-0.215500161052,0.356526613235,1.451532363892,0.222513183951,-0.815540254116,0.524083256721,-0.103531919420
2153,2153,1413393993.655760288239,1413393993.655760288239,2,1,1,0,0,0,588,2,0,0,-1,1205,444,444,0,683,0.566804979253,444,2.110417671439,4.323671179471,2.379960866247,10.531531531532,0.687500000000,0,6623,59,0.000060551578,0.049999713898,1,10.552296000000,0.270700000000,-0.199653938413,0.334690332413,1.465640068054,0.219816803932,-0.797096014023,0.551721155643,-0.109189495444
2154,2154,1413393993.705760478973,1413393993.705760478973,2,1,1,0,0,0,588,2,0,0,-1,1204,344,344,0,686,0.569767441860,344,2.013822244499,4.239267683275,2.372433654940,11.250000000000,0.625000000000,0,7068,61,0.000068229936,0.050000190735,1,10.841409000000,0.146094000000,-0.181888446212,0.312693476677,1.480103611946,0.216017737985,-0.777335107327,0.579491734505,-0.115221299231
2155,2155,1413393993.755760431290,1413393993.755760431290,2,1,1,0,0,0,589,2,0,0,-1,1205,604,604,0,714,0.592531120332,604,0.973917870027,3.363015983815,1.385293454631,7.897350993377,0.687500000000,1,6691,61,nan,nan,0,9.732594000000,0.106865000000,-0.164972558618,0.298392653465,1.492971897125,0.212152704597,-0.757204174995,0.605780422688,-0.121092088521
2156,2156,1413393993.805760622025,1413393993.805760622025,2,1,1,0,0,0,589,2,0,0,-1,1204,450,450,0,720,0.598006644518,450,1.804786096135,3.763579270328,2.088670138396,11.540000000000,0.687500000000,0,7485,67,0.000138305739,0.050000190735,1,12.244995000000,0.116607000000,-0.146328836679,0.280373096466,1.500281572342,0.208866193891,-0.740084528923,0.626794934273,-0.125610351562
2157,2157,1413393993.855760335922,1413393993.855760335922,2,1,1,0,0,0,589,2,0,0,-1,1207,402,402,0,465,0.385252692626,402,1.709592287901,3.760034289365,1.962192941747,11.537313432836,0.583333333333,0,7270,66,0.000111756453,0.049999713898,1,10.146819000000,0.107392000000,-0.128217086196,0.265631556511,1.501663088799,0.205771848559,-0.725574195385,0.643829464912,-0.129165425897
2158,2158,1413393993.905760526657,1413393993.905760526657,2,1,1,0,0,0,590,2,0,0,-1,1206,394,394,0,532,0.441127694859,394,1.528177286712,3.873373773109,1.922123976547,10.923857868020,0.583333333333,0,7008,64,nan,nan,0,9.750353000000,0.106614000000,-0.113572001457,0.261770963669,1.500913739204,0.203057020903,-0.713765978813,0.657167494297,-0.132048860192
2159,2159,1413393993.955760478973,1413393993.955760478973,2,1,1,0,0,0,590,2,0,0,-1,1208,528,528,0,483,0.399834437086,528,0.992995421333,3.284656977425,1.406371126365,8.306818181818,0.708333333333,1,6526,59,0.000068734298,0.049999952316,1,8.968071000000,0.112450000000,-0.097447618842,0.256106853485,1.492324113846,0.199763298035,-0.702833414078,0.669146180153,-0.135511338711
2160,2160,1413393994.005760431290,1413393994.005760431290,2,1,1,0,0,0,590,2,0,0,-1,1204,403,403,0,490,0.406976744186,403,1.404361048586,3.561786580819,1.747759101567,11.531017369727,0.625000000000,0,6619,60,0.000048546393,0.049999952316,1,10.262844000000,0.156218000000,-0.082849144936,0.256536364555,1.481657385826,0.195738196373,-0.694813847542,0.677637279034,-0.140456557274
2161,2161,1413393994.055760383606,1413393994.055760383606,2,1,1,0,0,0,591,2,0,0,-1,1206,371,371,0,493,0.408789386401,371,1.391446316074,3.744795758978,1.852888607018,11.371967654987,0.645833333333,0,6703,63,nan,nan,0,12.892163000000,0.141661000000,-0.074057549238,0.266301274300,1.473916769028,0.190228328109,-0.689836084843,0.682441651821,-0.149039581418
2162,2162,1413393994.105760574341,1413393994.105760574341,2,1,1,0,0,0,591,2,0,0,-1,1205,390,390,0,654,0.542738589212,390,1.376858813977,3.420145653331,1.784590183827,11.997435897436,0.645833333333,0,6365,60,0.000114332266,0.050000190735,1,9.251760000000,0.162486000000,-0.064668208361,0.282632112503,1.469220161438,0.184486433864,-0.690263032913,0.681808888912,-0.156966045499
2163,2163,1413393994.155760288239,1413393994.155760288239,2,1,1,0,0,0,591,2,0,0,-1,1204,376,376,0,654,0.543189368771,376,1.544195682768,3.464358914199,1.879285997130,12.199468085106,0.645833333333,0,6575,61,0.000171520165,0.049999713898,1,9.003820000000,0.103360000000,-0.059193104506,0.308220624924,1.469442725182,0.179103836417,-0.693535506725,0.677810728550,-0.165840178728
2164,2164,1413393994.205760478973,1413393994.205760478973,2,1,1,0,0,0,591,2,0,0,-1,1206,366,366,0,743,0.616086235489,366,1.445474962932,3.523235255212,1.840236504576,12.393442622951,0.666666666667,0,6350,57,0.000242578026,0.050000190735,1,9.025258000000,0.148605000000,-0.057701170444,0.341546177864,1.473605513573,0.173848599195,-0.699741423130,0.670559644699,-0.174609616399
2165,2165,1413393994.255760431290,1413393994.255760431290,2,1,1,0,0,0,591,2,0,0,-1,1206,382,382,0,705,0.584577114428,382,1.630645568544,3.642615105877,1.949631269467,12.120418848168,0.729166666667,0,6120,55,0.000252322672,0.049999952316,1,8.976547000000,0.131381000000,-0.060211181641,0.380715131760,1.481874108315,0.170984953642,-0.710216045380,0.658755838871,-0.179995119572
2166,2166,1413393994.305760622025,1413393994.305760622025,2,1,1,0,0,0,591,2,0,0,-1,1202,565,565,0,697,0.579866888519,565,0.794478933310,3.177241000151,1.195591870165,8.683185840708,0.770833333333,1,6415,58,0.000246845448,0.050000190735,1,9.659825000000,0.110283000000,-0.066734433174,0.425083875656,1.493549704552,0.169233962893,-0.725512385368,0.640944182873,-0.184884697199
2167,2167,1413393994.355760335922,1413393994.355760335922,2,1,1,0,0,0,591,2,0,0,-1,1202,444,444,0,706,0.587354409318,444,1.545404123767,3.619246687389,1.889548605671,12.560810810811,0.687500000000,0,6223,57,0.000709114305,0.049999713898,1,12.880414000000,0.158765000000,-0.079233407974,0.473672628403,1.506326436996,0.172580212355,-0.744569897652,0.618902385235,-0.181084632874
2168,2168,1413393994.405760526657,1413393994.405760526657,2,1,1,0,0,0,591,2,0,0,-1,1204,397,397,0,687,0.570598006645,397,1.867803257989,3.854256995328,2.138524631491,13.654911838791,0.687500000000,0,6759,60,0.000733915716,0.050000190735,1,10.723236000000,0.094399000000,-0.096678853035,0.526711583138,1.516970634460,0.176635712385,-0.765196025372,0.593443274498,-0.176352143288
2169,2169,1413393994.455760478973,1413393994.455760478973,2,1,1,0,0,0,592,2,0,0,-1,1208,596,596,0,667,0.552152317881,596,1.165031760590,3.708777096962,1.512936399416,8.884228187919,0.687500000000,1,7317,69,nan,nan,0,9.831821000000,0.124931000000,-0.119106709957,0.580198407173,1.524104356766,0.182322189212,-0.787446796894,0.563914120197,-0.169372543693
2170,2170,1413393994.505760431290,1413393994.505760431290,2,1,1,0,0,0,592,2,0,0,-1,1205,397,397,0,693,0.575103734440,397,2.019598933917,4.126582742141,2.340976936913,12.433249370277,0.687500000000,0,7619,71,0.000539732922,0.049999952316,1,10.808676000000,0.161047000000,-0.138002872467,0.631095409393,1.526565551758,0.187986165285,-0.809293746948,0.532959818840,-0.160183370113
2171,2171,1413393994.555760383606,1413393994.555760383606,2,1,1,0,0,0,592,2,0,0,-1,1202,293,293,0,708,0.589018302829,293,2.299945796307,4.393238146652,2.513911652978,11.754266211604,0.687500000000,0,6823,66,0.001036984148,0.049999952316,1,10.165537000000,0.093987000000,-0.157584190369,0.680870294571,1.523227572441,0.192820414901,-0.829116284847,0.502618670464,-0.150867730379
2172,2172,1413393994.605760574341,1413393994.605760574341,2,1,1,0,0,0,593,2,0,0,-1,1203,624,624,0,674,0.560266001663,624,0.791400683227,3.775765432776,1.384287271499,6.783653846154,0.791666666667,1,6573,61,nan,nan,0,9.121890000000,0.112629000000,-0.181025207043,0.738291680813,1.510931372643,0.196523129940,-0.846063554287,0.474851697683,-0.141672387719
2173,2173,1413393994.655760288239,1413393994.655760288239,2,1,1,0,0,0,593,2,0,0,-1,1201,404,404,0,701,0.583680266445,404,2.132383611271,4.196406021328,2.428447846154,9.811881188119,0.708333333333,0,7074,67,0.001187307294,0.049999713898,1,10.670268000000,0.157228000000,-0.199980735779,0.781074464321,1.497741341591,0.198229745030,-0.860647380352,0.449673503637,-0.133359894156
2174,2174,1413393994.705760478973,1413393994.705760478973,2,1,1,0,0,0,593,2,0,0,-1,1201,349,349,0,363,0.302248126561,349,2.218369511138,4.511259961029,2.521220118561,9.372492836676,0.583333333333,0,7662,73,0.000331454881,0.050000190735,1,10.382883000000,0.102332000000,-0.216846168041,0.817513108253,1.481943368912,0.199341431260,-0.872129559517,0.428816348314,-0.125577330589
2175,2175,1413393994.755760431290,1413393994.755760431290,2,1,1,0,0,0,594,2,0,0,-1,1204,655,655,0,739,0.613787375415,655,0.553879834878,3.388006469723,1.290365670907,5.883969465649,0.729166666667,1,7464,70,nan,nan,0,9.352980000000,0.118897000000,-0.228872388601,0.858499348164,1.462829113007,0.201443627477,-0.878310084343,0.417791992426,-0.115938864648
2176,2176,1413393994.805760622025,1413393994.805760622025,2,1,1,0,0,0,594,2,0,0,-1,1202,471,471,0,655,0.544925124792,471,1.963042544896,3.970340078127,2.175997378734,8.594479830149,0.729166666667,0,7340,67,0.000424630649,0.050000190735,1,11.197695000000,0.114008000000,-0.239571213722,0.876385569572,1.447751045227,0.205869436264,-0.877825438976,0.419354408979,-0.105746254325
2177,2177,1413393994.855760335922,1413393994.855760335922,2,1,1,0,0,0,595,2,0,0,-1,1200,513,513,0,696,0.580000000000,513,1.841584566821,3.569883524439,2.057521433840,8.760233918129,0.708333333333,0,7730,71,nan,nan,0,11.897554000000,0.111336000000,-0.252570688725,0.891059994698,1.431807637215,0.209376797080,-0.869281232357,0.436558336020,-0.099641263485
2178,2178,1413393994.905760526657,1413393994.905760526657,2,1,1,0,0,0,595,2,0,0,-1,1202,500,500,0,669,0.556572379368,500,1.653406355842,3.206918994853,1.854575592076,9.204000000000,0.729166666667,0,7511,69,0.000317982340,0.050000190735,1,9.640294000000,0.099669000000,-0.254092454910,0.891577303410,1.422977566719,0.211219057441,-0.856464743614,0.461130619049,-0.095986135304
2179,2179,1413393994.955760478973,1413393994.955760478973,2,1,1,0,0,0,595,2,0,0,-1,1204,508,508,0,700,0.581395348837,508,1.546443119033,3.146259352086,1.807229977603,9.751968503937,0.708333333333,0,7866,72,0.000289929361,0.049999952316,1,10.674370000000,0.106572000000,-0.251431167126,0.886797547340,1.414931058884,0.209850996733,-0.842801392078,0.486027508974,-0.097085565329
2180,2180,1413393995.005760431290,1413393995.005760431290,2,1,1,0,0,0,595,2,0,0,-1,1202,467,467,0,577,0.480033277870,467,1.537467604583,3.890437977684,1.950720567907,10.190578158458,0.750000000000,0,7955,74,0.000095017771,0.049999952316,1,10.809692000000,0.152256000000,-0.245455801487,0.877915263176,1.407034873962,0.205522716045,-0.830396652222,0.507868647575,-0.101347006857
2181,2181,1413393995.055760383606,1413393995.055760383606,2,1,1,0,0,0,595,2,0,0,-1,1206,514,514,0,751,0.622719734660,514,1.500392231015,3.128767034390,1.735357930608,10.844357976654,0.770833333333,0,6999,65,0.000242619572,0.049999952316,1,10.653585000000,0.227939000000,-0.237074047327,0.867128014565,1.398560166359,0.199026077986,-0.819521546364,0.526239275932,-0.108836434782
2182,2182,1413393995.105760574341,1413393995.105760574341,2,1,1,0,0,0,595,2,0,0,-1,1206,541,541,0,682,0.565505804312,541,1.458500784530,3.080831138480,1.740208965943,11.121996303142,0.770833333333,0,7917,73,0.000117209478,0.050000190735,1,10.813881000000,0.149946000000,-0.227076500654,0.854921221733,1.389283418655,0.191280454397,-0.809959709644,0.541409611702,-0.119384787977
2183,2183,1413393995.155760288239,1413393995.155760288239,2,1,1,0,0,0,595,2,0,0,-1,1206,505,505,0,679,0.563018242123,505,1.426560723901,3.232098714917,1.784095523861,11.247524752475,0.854166666667,0,7938,73,0.000135046794,0.049999713898,1,11.474097000000,0.202590000000,-0.216079980135,0.842067956924,1.378450036049,0.185238212347,-0.803114175797,0.551067233086,-0.130458787084
2184,2184,1413393995.205760478973,1413393995.205760478973,2,1,1,0,0,0,595,2,0,0,-1,1203,486,486,0,639,0.531172069825,486,1.482412443991,3.484712257977,1.827808441160,11.176954732510,0.791666666667,0,7461,70,0.000041143543,0.050000190735,1,10.482421000000,0.145100000000,-0.204582870007,0.829365730286,1.366068482399,0.178060382605,-0.798775792122,0.555572211742,-0.146939694881
2185,2185,1413393995.255760431290,1413393995.255760431290,2,1,1,0,0,0,595,2,0,0,-1,1204,618,618,0,611,0.507475083056,618,1.200206385465,3.206427396353,1.430126144597,9.441747572816,0.750000000000,1,8024,76,0.000082781102,0.049999952316,1,10.531087000000,0.167136000000,-0.193986475468,0.816141605377,1.351830601692,0.175382331014,-0.795068860054,0.557500481606,-0.162172272801
2186,2186,1413393995.305760622025,1413393995.305760622025,2,1,1,0,0,0,595,2,0,0,-1,1206,515,515,0,633,0.524875621891,515,1.608823940285,3.595418601514,1.918134648201,12.836893203883,0.729166666667,0,8033,80,0.000142193050,0.050000190735,1,11.924402000000,0.156555000000,-0.184910535812,0.802991986275,1.335883140564,0.176455467939,-0.793039858341,0.555906116962,-0.175840318203
2187,2187,1413393995.355760335922,1413393995.355760335922,2,1,1,0,0,0,595,2,0,0,-1,1207,470,470,0,611,0.506213753107,470,1.689397426474,3.799456833204,2.066271203639,13.259574468085,0.791666666667,0,7503,69,0.000117041622,0.049999713898,1,10.057309000000,0.100049000000,-0.177782714367,0.788682043552,1.319635868073,0.181033506989,-0.790687322617,0.553342401981,-0.189347982407
2188,2188,1413393995.405760526657,1413393995.405760526657,2,1,1,0,0,0,596,2,0,0,-1,1205,489,489,0,617,0.512033195021,489,1.703747690179,3.666963662125,1.965054328703,12.404907975460,0.854166666667,0,7362,72,nan,nan,0,9.312455000000,0.124630000000,-0.176594078541,0.772626280785,1.296281576157,0.189306944609,-0.787649929523,0.550536632538,-0.201692879200
2189,2189,1413393995.455760478973,1413393995.455760478973,2,1,1,0,0,0,596,2,0,0,-1,1205,467,467,0,643,0.533609958506,467,1.766160872306,3.765427374684,2.101990862530,12.158458244111,0.875000000000,0,7314,71,0.000187428916,0.049999952316,1,10.343027000000,0.119305000000,-0.174737393856,0.758264005184,1.280543327332,0.199950098991,-0.783914208412,0.547950088978,-0.212718456984
2190,2190,1413393995.505760431290,1413393995.505760431290,2,1,1,0,0,0,596,2,0,0,-1,1204,606,606,0,646,0.536544850498,606,1.331697959955,3.556754002784,1.519937572849,9.095709570957,0.895833333333,1,7381,73,0.000209032863,0.049999952316,1,10.314523000000,0.119925000000,-0.175560832024,0.742600858212,1.265337944031,0.213744074106,-0.779594779015,0.545247316360,-0.221925258636
2191,2191,1413393995.555760383606,1413393995.555760383606,2,1,1,0,0,0,596,2,0,0,-1,1205,444,444,0,635,0.526970954357,444,1.856620255150,4.041023443618,2.167152256094,12.391891891892,0.854166666667,0,7526,76,0.000165155914,0.049999952316,1,10.576925000000,0.139920000000,-0.178640902042,0.725177407265,1.251505851746,0.229299262166,-0.773519933224,0.544069051743,-0.230386063457
2192,2192,1413393995.605760574341,1413393995.605760574341,2,1,1,0,0,0,596,2,0,0,-1,1204,394,394,0,664,0.551495016611,394,2.046328520647,4.371223227364,2.326174331465,12.934010152284,0.812500000000,0,7520,77,0.000324429449,0.050000190735,1,10.271058000000,0.159206000000,-0.183242976665,0.705392241478,1.238796710968,0.246870338917,-0.766007304192,0.543805539608,-0.237830758095
2193,2193,1413393995.655760288239,1413393995.655760288239,2,1,1,0,0,0,597,2,0,0,-1,1204,663,663,0,695,0.577242524917,663,1.017782792145,3.022260068828,1.272113569056,8.782805429864,0.812500000000,1,7523,77,nan,nan,0,9.328460000000,0.113060000000,-0.183352470398,0.670764327049,1.229503750801,0.267000526190,-0.757273018360,0.543406903744,-0.244861677289
2194,2194,1413393995.705760478973,1413393995.705760478973,2,1,1,0,0,0,597,2,0,0,-1,1202,429,429,0,635,0.528286189684,429,1.946414188456,3.802788476248,2.202291728825,13.188811188811,0.729166666667,0,7691,78,0.000305361289,0.050000190735,1,10.331299000000,1.305919000000,-0.192519307137,0.649858832359,1.217707872391,0.288165360689,-0.745590507984,0.545821368694,-0.251265972853
2195,2195,1413393995.755760431290,1413393995.755760431290,2,1,1,0,0,0,598,2,0,0,-1,1204,422,422,0,648,0.538205980066,422,1.824469382107,3.946110942755,2.093027191994,11.997630331754,0.750000000000,0,7470,76,nan,nan,0,12.521052000000,3.506151000000,-0.199298799038,0.621185302734,1.211417078972,0.309650242329,-0.733284592628,0.547321200371,-0.258553743362
2196,2196,1413393995.805760622025,1413393995.805760622025,2,1,1,0,0,0,598,2,0,0,-1,1206,587,587,0,652,0.540630182421,587,0.919499300727,3.455454996113,1.346666643020,8.211243611584,0.708333333333,1,7386,77,0.000176911388,0.050000190735,1,9.798639000000,0.110240000000,-0.211286365986,0.600157380104,1.201648831367,0.330406665802,-0.720393598080,0.547832012177,-0.267852067947
2197,2197,1413393995.855760335922,1413393995.855760335922,2,1,1,0,0,0,598,2,0,0,-1,1209,371,371,0,667,0.551695616212,371,1.754891019546,3.746515931858,1.987198762532,12.700808625337,0.708333333333,0,7764,79,0.000201446863,0.049999713898,1,9.800289000000,0.118228000000,-0.224825918674,0.579990267754,1.192641377449,0.349431753159,-0.707461237907,0.547029733658,-0.279561400414
2198,2198,1413393995.905760526657,1413393995.905760526657,2,1,1,0,0,0,598,2,0,0,-1,1205,326,326,0,679,0.563485477178,326,1.796306537845,3.934549903235,2.087708519727,12.576687116564,0.666666666667,0,7469,78,0.000190749764,0.050000190735,1,9.599670000000,0.143273000000,-0.240096688271,0.560899853706,1.183893203735,0.367199718952,-0.695192754269,0.544246137142,-0.292690128088
2199,2199,1413393995.955760478973,1413393995.955760478973,2,1,1,0,0,0,599,2,0,0,-1,1203,610,610,0,704,0.585203657523,610,0.573767184037,3.195322007482,1.168978233406,7.257377049180,0.729166666667,1,7426,74,nan,nan,0,8.741694000000,0.111177000000,-0.249666869640,0.540549874306,1.176831245422,0.384215205908,-0.682827711105,0.541482210159,-0.304831266403
2200,2200,1413393996.005760431290,1413393996.005760431290,2,1,1,0,0,0,599,2,0,0,-1,1203,381,381,0,673,0.559434746467,381,1.664881407428,3.685431911735,1.924025829903,11.853018372703,0.645833333333,0,7651,77,0.000210630737,0.049999952316,1,9.714515000000,0.960612000000,-0.268493533134,0.522843956947,1.168206453323,0.399289220572,-0.671356558800,0.537988722324,-0.316885948181
2201,2201,1413393996.055760383606,1413393996.055760383606,2,1,1,0,0,0,599,2,0,0,-1,1203,373,373,0,708,0.588528678304,373,1.723575162329,4.040664240556,2.104686499801,11.978552278820,0.645833333333,0,7868,81,0.000222592527,0.049999952316,1,9.362369000000,0.137170000000,-0.289483189583,0.505782246590,1.159352779388,0.412273645401,-0.661546945572,0.534002661705,-0.327455669641
2202,2202,1413393996.105760574341,1413393996.105760574341,2,1,1,0,0,0,600,2,0,0,-1,1204,625,625,0,664,0.551495016611,625,0.688838040751,3.199884612803,1.164470201071,7.803200000000,0.687500000000,1,7930,83,nan,nan,0,8.959356000000,0.116912000000,-0.310625314713,0.487297773361,1.154093384743,0.422473192215,-0.653493404388,0.529923260212,-0.337111592293
2203,2203,1413393996.155760288239,1413393996.155760288239,2,1,1,0,0,0,600,2,0,0,-1,1206,417,417,0,705,0.584577114428,417,1.543025121987,3.505074500734,1.835066317251,11.858513189448,0.729166666667,0,7976,83,0.000149809348,0.049999713898,1,9.955519000000,0.110244000000,-0.335655033588,0.471721649170,1.146005034447,0.429212570190,-0.647901117802,0.524575531483,-0.347593665123
2204,2204,1413393996.205760478973,1413393996.205760478973,2,1,1,0,0,0,601,2,0,0,-1,1200,432,432,0,678,0.565000000000,432,1.444725744903,3.487794235578,1.759843234788,11.844907407407,0.708333333333,0,7871,81,nan,nan,0,11.995764000000,3.213220000000,-0.361068308353,0.451428890228,1.138613462448,0.435446113348,-0.645641446114,0.516140937805,-0.356556355953
2205,2205,1413393996.255760431290,1413393996.255760431290,2,1,1,0,0,0,601,2,0,0,-1,1201,639,639,0,697,0.580349708576,639,0.822788510741,2.791029806552,1.134680034139,7.769953051643,0.770833333333,1,7958,83,0.000054262957,0.049999952316,1,9.114525000000,0.121381000000,-0.390692532063,0.436327219009,1.128646612167,0.443014532328,-0.647327065468,0.504849791527,-0.360322743654
2206,2206,1413393996.305760622025,1413393996.305760622025,2,1,1,0,0,0,601,2,0,0,-1,1205,401,401,0,721,0.598340248963,401,1.554565680781,3.500421858381,1.833933004287,12.174563591022,0.770833333333,0,7993,84,0.000093382754,0.050000190735,1,10.045473000000,0.120786000000,-0.422437429428,0.420794129372,1.118246555328,0.450775116682,-0.648984849453,0.495497822762,-0.360697150230
2207,2207,1413393996.355760335922,1413393996.355760335922,2,1,1,0,0,0,602,2,0,0,-1,1205,405,405,0,732,0.607468879668,405,1.517634804660,3.822897617353,1.861502295547,12.123456790123,0.729166666667,0,8012,81,nan,nan,0,11.399242000000,0.114383000000,-0.455481231213,0.403568506241,1.105839014053,0.458978682756,-0.651100754738,0.486873418093,-0.358274579048
2208,2208,1413393996.405760526657,1413393996.405760526657,2,1,1,0,0,0,602,2,0,0,-1,1202,644,644,0,712,0.592346089850,644,0.579615818481,2.966534205097,1.070687458071,7.467391304348,0.729166666667,1,7870,80,0.000084902385,0.050000190735,1,9.392203000000,0.114131000000,-0.489558547735,0.386939525604,1.092331171036,0.466251581907,-0.652257084846,0.481233417988,-0.354379296303
2209,2209,1413393996.455760478973,1413393996.455760478973,2,1,1,0,0,0,602,2,0,0,-1,1203,426,426,0,742,0.616791354946,426,1.413147736784,3.922865062997,1.803249295582,12.208920187793,0.708333333333,0,8191,85,0.000100066820,0.049999952316,1,9.426307000000,0.111379000000,-0.524203956127,0.370035052299,1.076098918915,0.472600787878,-0.653870463371,0.475911885500,-0.350156873465
2210,2210,1413393996.505760431290,1413393996.505760431290,2,1,1,0,0,0,602,2,0,0,-1,1204,402,402,0,731,0.607142857143,402,1.441710735668,3.579623303696,1.798079599169,12.119402985075,0.687500000000,0,8213,87,0.000068529203,0.049999952316,1,10.071033000000,0.104050000000,-0.559029102325,0.352925062180,1.057249188423,0.477471590042,-0.655858635902,0.471055299044,-0.346377551556
2211,2211,1413393996.555760383606,1413393996.555760383606,2,1,1,0,0,0,603,2,0,0,-1,1203,420,420,0,723,0.600997506234,420,1.436714205505,3.383398319804,1.791873769333,11.288095238095,0.645833333333,0,8022,85,nan,nan,0,8.826248000000,0.098114000000,-0.591125071049,0.334719777107,1.037585973740,0.481725573540,-0.658699631691,0.466224312782,-0.341599494219
2212,2212,1413393996.605760574341,1413393996.605760574341,2,1,1,0,0,0,603,2,0,0,-1,1205,620,620,0,738,0.612448132780,620,0.593321382647,2.741654139165,1.065882877870,7.720967741935,0.708333333333,1,8145,87,0.000151778600,0.050000190735,1,9.639447000000,0.116865000000,-0.624826312065,0.317032575607,1.014195561409,0.485312908888,-0.661051690578,0.462309986353,-0.337270826101
2213,2213,1413393996.655760288239,1413393996.655760288239,2,1,1,0,0,0,603,2,0,0,-1,1203,430,430,0,717,0.596009975062,430,1.389106881804,3.574868409202,1.848844938236,11.286046511628,0.666666666667,0,8298,89,0.000214219108,0.049999713898,1,9.936032000000,0.110090000000,-0.657491862774,0.299488425255,0.990868806839,0.488949626684,-0.662614881992,0.458387970924,-0.334290862083
2214,2214,1413393996.705760478973,1413393996.705760478973,2,1,1,0,0,0,603,2,0,0,-1,1203,395,395,0,716,0.595178719867,395,1.479012511648,3.546071038916,1.842492434210,11.513924050633,0.708333333333,0,8298,89,0.000162170414,0.050000190735,1,9.364392000000,0.107560000000,-0.688749969006,0.282018542290,0.968619704247,0.492348223925,-0.662860214710,0.455519765615,-0.332733094692
2215,2215,1413393996.755760431290,1413393996.755760431290,2,1,1,0,0,0,604,2,0,0,-1,1205,381,381,0,692,0.574273858921,381,1.353569932429,3.875821091276,1.862994025273,10.456692913386,0.625000000000,0,8173,87,nan,nan,0,8.633193000000,0.106898000000,-0.720321416855,0.266838371754,0.949169039726,0.495678603649,-0.662011563778,0.453364759684,-0.332421392202
2216,2216,1413393996.805760622025,1413393996.805760622025,2,1,1,0,0,0,604,2,0,0,-1,1203,583,583,0,541,0.449709060682,583,0.555680758097,3.206151682728,1.166371874539,6.627787307033,0.666666666667,1,8296,89,0.000214580403,0.050000190735,1,9.485925000000,0.112442000000,-0.748038411140,0.249259710312,0.929979145527,0.499797850847,-0.658301770687,0.453740298748,-0.333107650280
2217,2217,1413393996.855760335922,1413393996.855760335922,2,1,1,0,0,0,604,2,0,0,-1,1205,437,437,0,707,0.586721991701,437,1.400892828052,3.862504913299,1.803395446460,9.304347826087,0.666666666667,0,8307,88,0.000191823841,0.049999713898,1,10.925141000000,0.113709000000,-0.773990869522,0.232163965702,0.912298679352,0.504588305950,-0.653775990009,0.453927725554,-0.334540486336
2218,2218,1413393996.905760526657,1413393996.905760526657,2,1,1,0,0,0,604,2,0,0,-1,1202,392,392,0,684,0.569051580699,392,1.530264804039,4.109046266215,1.949466532478,9.262755102041,0.625000000000,0,8408,88,0.000151648521,0.050000190735,1,9.220188000000,0.105786000000,-0.798466205597,0.215505599976,0.895884931087,0.509733021259,-0.648900270462,0.453872919083,-0.336303502321
2219,2219,1413393996.955760478973,1413393996.955760478973,2,1,1,0,0,0,605,2,0,0,-1,1202,385,385,0,700,0.582362728785,385,1.565169640619,3.882401077646,1.961113001820,9.363636363636,0.645833333333,0,8296,87,nan,nan,0,8.666506000000,0.123370000000,-0.823077440262,0.198153495789,0.887061893940,0.515895545483,-0.644206941128,0.452556818724,-0.337700366974
2220,2220,1413393997.005760431290,1413393997.005760431290,2,1,1,0,0,0,605,2,0,0,-1,1204,363,363,0,714,0.593023255814,363,1.634878638052,4.272409910053,2.079855820070,9.658402203857,0.583333333333,0,8281,85,0.000234472987,0.049999952316,1,9.243912000000,0.123047000000,-0.844439268112,0.182319164276,0.873287022114,0.521780848503,-0.639419674873,0.451067775488,-0.339742869139
2221,2221,1413393997.055760383606,1413393997.055760383606,2,1,1,0,0,0,605,2,0,0,-1,1203,614,614,0,694,0.576891105569,614,0.556939350894,3.454643619675,1.179782804573,6.319218241042,0.666666666667,1,8153,82,0.000160725351,0.049999952316,1,9.613743000000,0.123460000000,-0.864093065262,0.166922628880,0.860844850540,0.526679039001,-0.635883450508,0.448547989130,-0.342149436474
2222,2222,1413393997.105760574341,1413393997.105760574341,2,1,1,0,0,0,605,2,0,0,-1,1205,433,433,0,661,0.548547717842,433,1.337918800319,3.972402125052,1.832637273888,8.034642032333,0.604166666667,0,8242,85,0.000197319037,0.050000190735,1,9.819811000000,0.137124000000,-0.881788790226,0.151957154274,0.849301099777,0.531635224819,-0.632134556770,0.447079539299,-0.343350857496
2223,2223,1413393997.155760288239,1413393997.155760288239,2,1,1,0,0,0,606,2,0,0,-1,1202,452,452,0,749,0.623128119800,452,1.384287215251,3.467929490415,1.750631493585,9.000000000000,0.625000000000,0,7839,77,nan,nan,0,11.858005000000,3.725661000000,-0.896122574806,0.141966879368,0.842574238777,0.534651398659,-0.629259288311,0.445840060711,-0.345553636551
2224,2224,1413393997.205760478973,1413393997.205760478973,2,1,1,0,0,0,606,2,0,0,-1,1201,399,399,0,745,0.620316402998,399,1.366426899374,3.754020838839,1.845767646839,8.142857142857,0.604166666667,0,8138,83,0.000159922449,0.050000190735,1,9.636711000000,0.105184000000,-0.909794688225,0.128319561481,0.834273219109,0.536063015461,-0.625437974930,0.446443885565,-0.349502116442
2225,2225,1413393997.255760431290,1413393997.255760431290,2,1,1,0,0,0,606,2,0,0,-1,1203,614,614,0,721,0.599334995844,614,0.672400779574,3.049773653040,1.181245276927,5.677524429967,0.687500000000,1,8138,82,0.000117629643,0.049999952316,1,9.782471000000,0.147074000000,-0.921956300735,0.115292131901,0.826771020889,0.536932885647,-0.621484160423,0.447685420513,-0.353607475758
2226,2226,1413393997.305760622025,1413393997.305760622025,2,1,1,0,0,0,606,2,0,0,-1,1203,467,467,0,687,0.571072319202,467,1.505425225626,4.008249151531,1.947867061703,8.308351177730,0.625000000000,0,8332,86,0.000064576896,0.050000190735,1,10.657369000000,0.266628000000,-0.932915687561,0.102959513664,0.819521427155,0.537957727909,-0.617531418800,0.449217587709,-0.357015371323
2227,2227,1413393997.355760335922,1413393997.355760335922,2,1,1,0,0,0,606,2,0,0,-1,1206,440,440,0,707,0.586235489221,440,1.662462257652,3.899381675960,2.024572608931,8.670454545455,0.687500000000,0,8198,84,0.000058981946,0.049999713898,1,9.119387000000,0.145219000000,-0.943145632744,0.091443657875,0.811075448990,0.538610756397,-0.614054858685,0.450651705265,-0.360205799341
2228,2228,1413393997.405760526657,1413393997.405760526657,2,1,1,0,0,0,607,2,0,0,-1,1202,475,475,0,743,0.618136439268,475,1.294805503974,3.574925163753,1.793047450637,8.250526315789,0.666666666667,0,8240,85,nan,nan,0,9.609094000000,0.136643000000,-0.957310914993,0.083537817001,0.800034523010,0.538686752319,-0.611837506294,0.451345324516,-0.362986147404
2229,2229,1413393997.455760478973,1413393997.455760478973,2,1,1,0,0,0,607,2,0,0,-1,1202,442,442,0,719,0.598169717138,442,1.425505405544,3.650188130269,1.860423464338,8.703619909502,0.625000000000,0,8143,84,0.000055276716,0.049999952316,1,9.458204000000,0.130384000000,-0.966286778450,0.073271930218,0.783484101295,0.539334654808,-0.609951794147,0.451756447554,-0.364682108164
2230,2230,1413393997.505760431290,1413393997.505760431290,2,1,1,0,0,0,607,2,0,0,-1,1205,447,447,0,710,0.589211618257,447,1.502983625599,3.901271560280,1.944337171822,8.861297539150,0.625000000000,0,8328,88,0.000062907668,0.049999952316,1,9.456394000000,0.129205000000,-0.974963128567,0.063624799252,0.763303518295,0.539715349674,-0.608851850033,0.451607137918,-0.366139054298
2231,2231,1413393997.555760383606,1413393997.555760383606,2,1,1,0,0,0,607,2,0,0,-1,1201,660,660,0,715,0.595337218984,660,0.837261640272,3.020520328120,1.203010973008,6.634848484848,0.687500000000,1,8212,84,0.000087310538,0.049999952316,1,9.969543000000,0.116837000000,-0.983679652214,0.054858386517,0.741242408752,0.539564132690,-0.607131600380,0.452851742506,-0.367678016424
2232,2232,1413393997.605760574341,1413393997.605760574341,2,1,1,0,0,0,607,2,0,0,-1,1203,525,525,0,722,0.600166251039,525,1.388697976727,3.742601395627,1.789813080716,9.213333333333,0.645833333333,0,8254,85,0.000086664062,0.050000190735,1,10.385942000000,0.167151000000,-0.992227137089,0.047215282917,0.719738245010,0.539227306843,-0.605733573437,0.453530490398,-0.369636267424
2233,2233,1413393997.655760288239,1413393997.655760288239,2,1,1,0,0,0,607,2,0,0,-1,1203,491,491,0,710,0.590191188695,491,1.462431695574,3.587227363545,1.808233971578,9.380855397149,0.666666666667,0,8409,88,0.000061419778,0.049999713898,1,10.128056000000,0.115919000000,-1.000374317169,0.040543138981,0.699830412865,0.538513422012,-0.604172468185,0.455312639475,-0.371038198471
2234,2234,1413393997.705760478973,1413393997.705760478973,2,1,1,0,0,0,608,2,0,0,-1,1202,607,607,0,642,0.534109816972,607,0.760967765517,3.180142958066,1.222466105933,7.288303130148,0.750000000000,1,8074,82,nan,nan,0,8.815609000000,0.118719000000,-1.009646654129,0.034629523754,0.680443286896,0.538289666176,-0.604214370251,0.454985320568,-0.371695756912
2235,2235,1413393997.755760431290,1413393997.755760431290,2,1,1,0,0,0,608,2,0,0,-1,1204,476,476,0,632,0.524916943522,476,1.440324404072,3.988159224850,1.861741624036,10.235294117647,0.708333333333,0,8411,86,0.000132959467,0.049999952316,1,10.352009000000,0.157064000000,-1.017740964890,0.029683768749,0.663748383522,0.538710355759,-0.604449629784,0.454461723566,-0.371344178915
2236,2236,1413393997.805760622025,1413393997.805760622025,2,1,1,0,0,0,608,2,0,0,-1,1204,428,428,0,625,0.519102990033,428,1.419240138722,3.772760706274,1.823858144337,11.130841121495,0.625000000000,0,8413,87,0.000095878553,0.050000190735,1,9.057255000000,0.094471000000,-1.025659084320,0.025519728661,0.648817896843,0.539259791374,-0.605323851109,0.454002588987,-0.369680464268
2237,2237,1413393997.855760335922,1413393997.855760335922,2,1,1,0,0,0,609,2,0,0,-1,1203,631,631,0,614,0.510390689942,631,0.684006520718,3.131368047980,1.139381037821,6.717908082409,0.833333333333,1,8388,86,nan,nan,0,9.356161000000,0.140974000000,-1.032749176025,0.024713099003,0.635047912598,0.539747834206,-0.606206893921,0.453498005867,-0.368137300014
2238,2238,1413393997.905760526657,1413393997.905760526657,2,1,1,0,0,0,609,2,0,0,-1,1204,423,423,0,626,0.519933554817,423,1.379288779821,3.719404077171,1.776270638842,10.401891252955,0.812500000000,0,8413,86,0.000131707216,0.050000190735,1,9.056708000000,0.098610000000,-1.040316700935,0.022819697857,0.622906088829,0.540130198002,-0.607055664062,0.453099220991,-0.366665929556
2239,2239,1413393997.955760478973,1413393997.955760478973,2,1,1,0,0,0,609,2,0,0,-1,1204,421,421,0,653,0.542358803987,421,1.468832623981,3.811611048449,1.819252259499,10.543942992874,0.812500000000,0,8413,87,0.000151922402,0.049999952316,1,9.515948000000,0.094440000000,-1.047318935394,0.021954238415,0.611888289452,0.540193200111,-0.608043015003,0.452939063311,-0.365131884813
2240,2240,1413393998.005760431290,1413393998.005760431290,2,1,1,0,0,0,610,2,0,0,-1,1206,378,378,0,628,0.520729684909,378,1.356047869857,4.080920470656,1.853147723653,10.661375661376,0.750000000000,0,8298,85,nan,nan,0,8.326405000000,0.114810000000,-1.050859928131,0.023829817772,0.605275988579,0.540307879448,-0.608650088310,0.453100025654,-0.363748490810
2241,2241,1413393998.055760383606,1413393998.055760383606,2,1,1,0,0,0,610,2,0,0,-1,1207,392,392,0,585,0.484672742336,392,1.344007107636,3.515851797048,1.740014267477,10.497448979592,0.729166666667,0,8446,88,0.000130274624,0.049999952316,1,8.766979000000,0.086903000000,-1.056646585464,0.025036096573,0.596045017242,0.540572881699,-0.609784364700,0.452723652124,-0.361919075251
2242,2242,1413393998.105760574341,1413393998.105760574341,2,1,1,0,0,0,610,2,0,0,-1,1202,570,570,0,579,0.481697171381,570,0.634511999518,2.766695718737,1.047920048172,7.401754385965,0.833333333333,1,8291,85,0.000087693974,0.050000190735,1,8.905284000000,0.104902000000,-1.061778664589,0.027334928513,0.587453722954,0.540223598480,-0.610757887363,0.453007042408,-0.360441237688
2243,2243,1413393998.155760288239,1413393998.155760288239,2,1,1,0,0,0,610,2,0,0,-1,1204,419,419,0,563,0.467607973422,419,1.459261542667,3.785739482982,1.860803960030,10.780429594272,0.750000000000,0,8351,86,0.000094620918,0.049999713898,1,9.589348000000,0.107925000000,-1.066225528717,0.030667066574,0.579146146774,0.539260268211,-0.611827433109,0.453733533621,-0.359153747559
2244,2244,1413393998.205760478973,1413393998.205760478973,2,1,1,0,0,0,611,2,0,0,-1,1206,394,394,0,541,0.448590381426,394,1.250527977026,3.443231032345,1.683396354277,10.700507614213,0.729166666667,0,8084,84,nan,nan,0,8.853527000000,2.342154000000,-1.069850206375,0.035531997681,0.570741534233,0.537633657455,-0.612347304821,0.455603927374,-0.358337759972
2245,2245,1413393998.255760431290,1413393998.255760431290,2,1,1,0,0,0,611,2,0,0,-1,1204,363,363,0,509,0.422757475083,363,1.389103429739,3.810783488326,1.837759989068,10.016528925620,0.708333333333,0,8245,84,0.000134018526,0.049999952316,1,8.774049000000,0.091388000000,-1.073187947273,0.040725648403,0.564254641533,0.536224246025,-0.613407254219,0.456571638584,-0.357403934002
2246,2246,1413393998.305760622025,1413393998.305760622025,2,1,1,0,0,0,611,2,0,0,-1,1206,366,366,0,540,0.447761194030,366,1.336939135545,3.717564552882,1.824727984772,9.967213114754,0.687500000000,0,8243,84,0.000123070335,0.050000190735,1,8.769433000000,0.113723000000,-1.076013922691,0.047143399715,0.558941125870,0.533952772617,-0.614338338375,0.457744002342,-0.357705682516
2247,2247,1413393998.355760335922,1413393998.355760335922,2,1,1,0,0,0,611,2,0,0,-1,1202,324,324,0,543,0.451747088186,324,1.396701570287,3.830422194011,1.858743084884,10.157407407407,0.645833333333,0,8243,84,0.000135479175,0.049999713898,1,8.406779000000,1.056577000000,-1.078408479691,0.054795980453,0.554570674896,0.532346665859,-0.615523219109,0.458104759455,-0.357600718737
2248,2248,1413393998.405760526657,1413393998.405760526657,2,1,1,0,0,0,611,2,0,0,-1,1203,330,330,0,544,0.452202826268,330,1.418671927216,3.782317513548,1.848448819281,10.506060606061,0.645833333333,0,8056,82,0.000132021858,0.050000190735,1,8.345771000000,0.112788000000,-1.080572962761,0.063727021217,0.550877094269,0.531862318516,-0.618539392948,0.455895662308,-0.355936497450
2249,2249,1413393998.455760478973,1413393998.455760478973,2,1,1,0,0,0,611,2,0,0,-1,1204,537,537,0,530,0.440199335548,537,0.561007188576,3.006262347702,1.091652345279,7.189944134078,0.833333333333,1,7936,81,0.000108839056,0.049999952316,1,8.816212000000,0.098688000000,-1.081954717636,0.073945283890,0.548804998398,0.530837118626,-0.622828781605,0.451740652323,-0.355283886194
2250,2250,1413393998.505760431290,1413393998.505760431290,2,1,1,0,0,0,611,2,0,0,-1,1204,345,345,0,485,0.402823920266,345,1.229146796018,3.425432311801,1.668938841279,10.533333333333,0.687500000000,0,8114,83,0.000029302872,0.049999952316,1,9.333572000000,0.104067000000,-1.082371115685,0.084848344326,0.548800826073,0.527948856354,-0.627355873585,0.447473585606,-0.357018232346
2251,2251,1413393998.555760383606,1413393998.555760383606,2,1,1,0,0,0,612,2,0,0,-1,1205,362,362,0,464,0.385062240664,362,1.283807096090,3.333597010054,1.678383237999,10.185082872928,0.666666666667,0,7943,81,nan,nan,0,9.093848000000,0.121459000000,-1.083445191383,0.097694039345,0.548390269279,0.524770975113,-0.630631923676,0.444713056087,-0.359373271465
2252,2252,1413393998.605760574341,1413393998.605760574341,2,1,1,0,0,0,612,2,0,0,-1,1204,326,326,0,420,0.348837209302,326,1.340955383375,3.340642130525,1.716852312072,9.659509202454,0.687500000000,0,8019,81,0.000078259814,0.050000190735,1,7.833307000000,0.113562000000,-1.082072496414,0.109372794628,0.549818754196,0.519585192204,-0.633987247944,0.441410213709,-0.365032255650
2253,2253,1413393998.655760288239,1413393998.655760288239,2,1,1,0,0,0,612,2,0,0,-1,1204,321,321,0,420,0.348837209302,321,1.367888776556,3.512063437154,1.758858491572,9.769470404984,0.708333333333,0,8002,80,0.000051254287,0.049999713898,1,8.351028000000,0.127264000000,-1.080164909363,0.120861232281,0.550240397453,0.514354169369,-0.636199474335,0.439347416162,-0.371030867100
2254,2254,1413393998.705760478973,1413393998.705760478973,2,1,1,0,0,0,612,2,0,0,-1,1208,301,301,0,386,0.319536423841,301,1.405707316275,3.481408841589,1.799865195448,9.920265780731,0.645833333333,0,8139,81,0.000007730503,0.050000190735,1,8.149351000000,0.082134000000,-1.078118324280,0.131731271744,0.549606800079,0.509083807468,-0.638420999050,0.436644613743,-0.377616077662
2255,2255,1413393998.755760431290,1413393998.755760431290,2,1,1,0,0,0,612,2,0,0,-1,1204,315,315,0,431,0.357973421927,315,1.338912668245,3.547832745685,1.743034822000,10.203174603175,0.687500000000,0,7979,81,0.000033331544,0.049999952316,1,8.242395000000,0.109228000000,-1.075994491577,0.141385734081,0.547968387604,0.504861831665,-0.640254139900,0.434065371752,-0.383114129305
2256,2256,1413393998.805760622025,1413393998.805760622025,2,1,1,0,0,0,612,2,0,0,-1,1205,318,318,0,450,0.373443983402,318,1.443026704987,3.450194156934,1.700496397751,10.210691823899,0.687500000000,0,8111,83,0.000013295898,0.050000190735,1,9.080832000000,0.170387000000,-1.073936700821,0.149498164654,0.545878887177,0.501839160919,-0.640542626381,0.433378279209,-0.387357771397
2257,2257,1413393998.855760335922,1413393998.855760335922,2,1,1,0,0,0,612,2,0,0,-1,1206,298,298,0,398,0.330016583748,298,1.406578540719,3.139334451454,1.700420622143,10.751677852349,0.604166666667,0,7980,82,0.000067142042,0.049999713898,1,8.392202000000,0.116382000000,-1.072001934052,0.156180024147,0.542371392250,0.501024663448,-0.639877080917,0.434032738209,-0.388776540756
2258,2258,1413393998.905760526657,1413393998.905760526657,2,1,1,0,0,0,612,2,0,0,-1,1208,445,445,0,410,0.339403973510,445,0.584673707923,3.248663365789,1.096491926369,7.400000000000,0.729166666667,1,8115,81,0.000064055421,0.050000190735,1,8.126246000000,0.084902000000,-1.070838332176,0.161055862904,0.537856101990,0.502375841141,-0.638559758663,0.435620009899,-0.387421309948
2259,2259,1413393998.955760478973,1413393998.955760478973,2,1,1,0,0,0,612,2,0,0,-1,1207,332,332,0,411,0.340513670257,332,1.398204630293,3.601355093178,1.827431776702,9.286144578313,0.750000000000,0,7964,83,0.000059455491,0.049999952316,1,8.622367000000,0.120454000000,-1.069594621658,0.164448559284,0.532703518867,0.505805969238,-0.635163187981,0.440310806036,-0.383216053247
2260,2260,1413393999.005760431290,1413393999.005760431290,2,1,1,0,0,0,613,2,0,0,-1,1202,312,312,0,409,0.340266222962,312,1.538232091148,3.304757099210,1.722042281078,10.233974358974,0.750000000000,0,7996,81,nan,nan,0,12.516632000000,0.144686000000,-1.069567322731,0.167503118515,0.525704026222,0.509093761444,-0.630521237850,0.447000592947,-0.378757297993
2261,2261,1413393999.055760383606,1413393999.055760383606,2,1,1,0,0,0,613,2,0,0,-1,1204,310,310,0,418,0.347176079734,310,1.542005809057,3.360168374739,1.792051674911,10.351612903226,0.729166666667,0,7911,81,0.000112231362,0.049999952316,1,7.864196000000,0.105944000000,-1.069001674652,0.168891608715,0.519737243652,0.512697875500,-0.625349044800,0.454230993986,-0.373836606741
2262,2262,1413393999.105760574341,1413393999.105760574341,2,1,1,0,0,0,613,2,0,0,-1,1204,411,411,0,424,0.352159468439,411,0.724699617079,3.016008426974,1.133873020527,7.386861313869,0.791666666667,1,7839,81,0.000134714603,0.050000190735,1,8.242434000000,0.081164000000,-1.068872451782,0.170449733734,0.512717127800,0.517560839653,-0.621139466763,0.459850162268,-0.367225259542
2263,2263,1413393999.155760288239,1413393999.155760288239,2,1,1,0,0,0,613,2,0,0,-1,1207,309,309,0,472,0.391052195526,309,1.596667666273,3.790715784543,1.909375457297,11.702265372168,0.770833333333,0,7689,76,0.000191735249,0.049999713898,1,8.931563000000,0.110377000000,-1.068599462509,0.173007786274,0.504878282547,0.522407889366,-0.619844079018,0.461485981941,-0.360435843468
2264,2264,1413393999.205760478973,1413393999.205760478973,2,1,1,0,0,0,614,2,0,0,-1,1206,301,301,0,437,0.362354892206,301,1.568180160687,4.036472257083,2.001343497784,11.392026578073,0.666666666667,0,7634,76,nan,nan,0,7.699883000000,0.104891000000,-1.067665815353,0.176656365395,0.495525240898,0.525839507580,-0.620300531387,0.461123108864,-0.355085223913
2265,2265,1413393999.255760431290,1413393999.255760431290,2,1,1,0,0,0,614,2,0,0,-1,1202,404,404,0,407,0.338602329451,404,0.805410724244,3.300982629868,1.240628273996,8.254950495050,0.729166666667,1,7412,70,0.000072198505,0.049999952316,1,8.382835000000,0.085255000000,-1.067634224892,0.180908501148,0.486889481544,0.527844548225,-0.622395157814,0.458290398121,-0.352100044489
2266,2266,1413393999.305760622025,1413393999.305760622025,2,1,1,0,0,0,614,2,0,0,-1,1207,274,274,0,411,0.340513670257,274,1.636711098367,3.999538915935,2.064193210267,12.233576642336,0.604166666667,0,7703,77,0.000066889421,0.050000190735,1,8.295038000000,0.112037000000,-1.066607594490,0.186352670193,0.478799223900,0.527335941792,-0.626768171787,0.452498704195,-0.352595269680
2267,2267,1413393999.355760335922,1413393999.355760335922,2,1,1,0,0,0,615,2,0,0,-1,1206,230,230,0,370,0.306799336650,230,1.573721896675,4.050918770160,1.992338635703,13.530434782609,0.562500000000,0,7372,72,nan,nan,0,11.113579000000,0.094522000000,-1.059369087219,0.191620230675,0.471543073654,0.524325609207,-0.631697356701,0.446023404598,-0.356516987085
2268,2268,1413393999.405760526657,1413393999.405760526657,2,1,1,0,0,0,615,2,0,0,-1,1207,336,336,0,334,0.276719138360,336,0.630067400071,3.053276241446,1.147351528010,8.904761904762,0.687500000000,1,7356,73,0.000078052261,0.050000190735,1,7.809210000000,0.072523000000,-1.055955767632,0.197948634624,0.464259624481,0.520913720131,-0.635837256908,0.440484404564,-0.361017286777
2269,2269,1413393999.455760478973,1413393999.455760478973,2,1,1,0,0,0,615,2,0,0,-1,1205,204,204,0,299,0.248132780083,204,1.535091781767,3.729084229297,1.958899366540,13.289215686275,0.604166666667,0,7215,68,0.000064226762,0.049999952316,1,8.155797000000,0.119214000000,-1.051991462708,0.203932195902,0.456651568413,0.518522858620,-0.639220058918,0.435918390751,-0.364015191793
2270,2270,1413393999.505760431290,1413393999.505760431290,2,1,1,0,0,0,616,2,0,0,-1,1207,195,195,0,262,0.217067108534,195,1.586935061152,4.651275361546,2.164060840716,11.948717948718,0.583333333333,0,7181,69,nan,nan,0,6.603006000000,0.061297000000,-1.044851422310,0.208049148321,0.451064944267,0.515410006046,-0.641329944134,0.433412462473,-0.367698460817
2271,2271,1413393999.555760383606,1413393999.555760383606,2,1,1,0,0,0,616,2,0,0,-1,1209,247,247,0,236,0.195202646816,247,0.863458277063,3.829144536014,1.357648785654,8.878542510121,0.687500000000,1,7068,66,0.000072123068,0.049999952316,1,6.662992000000,0.059933000000,-1.038592815399,0.212359070778,0.445070147514,0.512215197086,-0.643150508404,0.431411594152,-0.371318131685
2272,2272,1413393999.605760574341,1413393999.605760574341,2,1,1,0,0,0,616,2,0,0,-1,1210,173,173,0,215,0.177685950413,173,1.422010681617,4.164412850296,1.920606431452,13.468208092486,0.541666666667,0,6633,66,0.000099295430,0.050000190735,1,6.913121000000,0.067255000000,-1.031153798103,0.215405464172,0.439387917519,0.508259773254,-0.643958032131,0.430914163589,-0.375903069973
2273,2273,1413393999.655760288239,1413393999.655760288239,2,1,1,0,0,0,617,2,0,0,-1,1209,246,246,0,200,0.165425971878,246,0.649911444861,2.714919177282,1.049643549381,8.882113821138,0.562500000000,1,7157,70,nan,nan,0,5.610249000000,0.065756000000,-1.021187663078,0.212843537331,0.437076091766,0.505873322487,-0.644273340702,0.430491089821,-0.379053562880
2274,2274,1413393999.705760478973,1413393999.705760478973,2,1,1,0,0,0,617,2,0,0,-1,1207,186,186,0,197,0.163214581607,186,1.629385042722,3.576476447745,1.947922697361,12.715053763441,0.562500000000,0,6557,65,0.000089541572,0.050000190735,1,6.791237000000,0.088429000000,-1.012746214867,0.212646216154,0.431732535362,0.503697752953,-0.644600331783,0.430244356394,-0.381665945053
2275,2275,1413393999.755760431290,1413393999.755760431290,2,1,1,0,0,0,618,2,0,0,-1,1206,241,241,0,174,0.144278606965,241,0.906105502839,3.311968461225,1.320252420264,8.883817427386,0.625000000000,1,6638,62,nan,nan,0,6.103256000000,0.057230000000,-1.000755310059,0.209045201540,0.426713943481,0.502331435680,-0.644932210445,0.429561913013,-0.383669376373
2276,2276,1413393999.805760622025,1413393999.805760622025,2,1,1,0,0,0,618,2,0,0,-1,1208,170,170,0,153,0.126655629139,170,1.620427111321,4.376606893589,2.099207705111,13.841176470588,0.437500000000,0,7183,71,0.000075900694,0.050000190735,1,6.827558000000,0.057354000000,-0.991777777672,0.205623328686,0.417862534523,0.501130878925,-0.644569277763,0.429731518030,-0.385654300451
2277,2277,1413393999.855760335922,1413393999.855760335922,2,1,1,0,0,0,619,2,0,0,-1,1211,198,198,0,150,0.123864574732,198,1.007145564580,3.862449869885,1.561308108923,10.095959595960,0.562500000000,1,7232,70,nan,nan,0,6.147173000000,0.053189000000,-0.985665500164,0.200069040060,0.406539678574,0.500608205795,-0.645149469376,0.428437680006,-0.386800736189
2278,2278,1413393999.905760526657,1413393999.905760526657,2,1,1,0,0,0,619,2,0,0,-1,1207,100,100,0,124,0.102734051367,100,1.429678367021,4.317964274119,2.068793206286,15.890000000000,0.416666666667,0,6971,69,0.000062009429,0.050000190735,1,6.468606000000,0.054729000000,-0.977118432522,0.193680644035,0.393550395966,0.500382184982,-0.644971728325,0.427980870008,-0.387893855572
2279,2279,1413393999.955760478973,1413393999.955760478973,2,1,1,0,0,0,620,2,0,0,-1,1205,165,165,0,128,0.106224066390,165,0.497135723942,3.104673529075,1.199039945510,9.145454545455,0.520833333333,1,6768,67,nan,nan,0,5.386501000000,0.049365000000,-0.969653725624,0.185632258654,0.375471591949,0.502179563046,-0.642789483070,0.430550068617,-0.386347085238
2280,2280,1413394000.005760431290,1413394000.005760431290,2,1,1,0,0,0,621,2,0,0,-1,1207,41,41,0,82,0.067937033969,41,2.095703883931,6.000735079933,2.832126518817,12.707317073171,0.312500000000,0,6728,68,nan,nan,0,6.162260000000,0.035425000000,-0.961187243462,0.174397051334,0.359914302826,0.506122708321,-0.635851621628,0.440665304661,-0.381243526936
2281,2281,1413394000.055760383606,1413394000.055760383606,2,1,1,0,0,0,621,2,0,0,-1,1203,112,112,0,122,0.101413133832,112,0.000276348423,3.176226918036,0.886214140974,6.437500000000,0.479166666667,1,5228,46,0.000027296252,0.049999952316,1,5.289631000000,0.041414000000,-0.956121921539,0.167871624231,0.353154540062,0.512171387672,-0.625263214111,0.458282500505,-0.369734585285
2282,2282,1413394000.105760574341,1413394000.105760574341,2,1,1,0,0,0,622,2,0,0,-1,1179,58,58,0,157,0.133163698049,58,1.950920738009,5.911520967780,2.762573387493,12.034482758621,0.375000000000,0,6604,61,nan,nan,0,5.999837000000,0.063422000000,-0.959989309311,0.173396378756,0.360422968864,0.509515404701,-0.628517985344,0.452987790108,-0.374381184578
2283,2283,1413394000.155760288239,1413394000.155760288239,2,1,1,0,0,0,622,2,0,0,-1,1206,200,200,0,210,0.174129353234,200,0.000611587409,2.889121824619,1.010778911825,6.285000000000,0.583333333333,1,5883,51,0.000025040903,0.049999713898,1,6.212028000000,0.074495000000,-0.960441589355,0.173952549696,0.369944930077,0.510081529617,-0.621345996857,0.464976966381,-0.370867282152
2284,2284,1413394000.205760478973,1413394000.205760478973,2,1,1,0,0,0,623,2,0,0,-1,1203,85,85,0,146,0.121363258520,85,1.823560267604,5.069678444737,2.308399166032,11.894117647059,0.458333333333,0,6455,63,nan,nan,0,5.734713000000,0.065932000000,-0.962825715542,0.174990087748,0.372395634651,0.512321293354,-0.615659773350,0.474693506956,-0.364905506372
2285,2285,1413394000.255760431290,1413394000.255760431290,2,1,1,0,0,0,623,2,0,0,-1,1195,221,221,0,202,0.169037656904,221,0.000155609726,3.017012818363,1.039498194091,5.230769230769,0.583333333333,1,6922,65,0.000013119165,0.049999952316,1,6.946156000000,0.067264000000,-0.964929103851,0.176381975412,0.367282390594,0.516237974167,-0.612753689289,0.480719029903,-0.356287091970
2286,2286,1413394000.305760622025,1413394000.305760622025,2,1,1,0,0,0,624,2,0,0,-1,1208,54,54,0,141,0.116721854305,54,1.953834157028,4.775477590792,2.320806775403,10.592592592593,0.333333333333,0,6746,61,nan,nan,0,5.641089000000,0.036702000000,-0.965615093708,0.176672011614,0.352517604828,0.512452363968,-0.617331147194,0.480658292770,-0.353924363852
2287,2287,1413394000.355760335922,1413394000.355760335922,2,1,1,0,0,0,624,2,0,0,-1,1206,147,147,0,152,0.126036484245,147,0.000236880107,2.612932076978,0.894392443106,5.455782312925,0.666666666667,1,6487,60,0.000020711774,0.049999713898,1,6.150379000000,0.048668000000,-0.966832160950,0.173177212477,0.349995255470,0.494327157736,-0.630810797215,0.465303629637,-0.375780582428
2288,2288,1413394000.405760526657,1413394000.405760526657,2,1,1,0,0,0,625,2,0,0,-1,1206,60,60,0,128,0.106135986733,60,1.333733228449,4.679012770693,1.996996438606,11.350000000000,0.312500000000,0,5960,56,nan,nan,0,4.748588000000,0.065250000000,-0.968822479248,0.170277148485,0.356702804565,0.499915212393,-0.625014901161,0.471826970577,-0.369892507792
2289,2289,1413394000.455760478973,1413394000.455760478973,2,1,1,0,0,0,625,2,0,0,-1,1211,139,139,0,146,0.120561519405,139,0.633570829681,3.196535488770,1.182829914135,6.618705035971,0.479166666667,1,6490,59,0.000019611154,0.049999952316,1,5.970530000000,0.048145000000,-0.968126654625,0.171391606331,0.355714678764,0.501824378967,-0.625726819038,0.470880240202,-0.367300987244
2290,2290,1413394000.505760431290,1413394000.505760431290,2,1,1,0,0,0,626,2,0,0,-1,1207,78,78,0,112,0.092792046396,78,1.747982381318,4.876414569816,2.255701059946,10.269230769231,0.416666666667,0,6662,65,nan,nan,0,5.205929000000,0.038233000000,-0.965772390366,0.172342658043,0.349997997284,0.502117216587,-0.627521991730,0.468834668398,-0.366453975439
2291,2291,1413394000.555760383606,1413394000.555760383606,2,1,1,0,0,0,626,2,0,0,-1,1208,91,91,0,125,0.103476821192,91,1.193396087385,4.288308794820,1.837337226067,10.582417582418,0.375000000000,0,6350,63,0.000020762527,0.049999952316,1,6.460395000000,0.043700000000,-0.965902268887,0.170857816935,0.352164983749,0.500833928585,-0.626365363598,0.470265060663,-0.368351221085
2292,2292,1413394000.605760574341,1413394000.605760574341,2,1,1,0,0,0,626,2,0,0,-1,1206,87,87,0,104,0.086235489221,87,1.508736467216,3.762507862783,1.892605876971,10.045977011494,0.375000000000,0,6528,63,0.000027403194,0.050000190735,1,5.626387000000,0.041005000000,-0.965471506119,0.171418190002,0.353312253952,0.498181819916,-0.627129256725,0.469304740429,-0.371856093407
2293,2293,1413394000.655760288239,1413394000.655760288239,2,1,1,0,0,0,626,2,0,0,-1,1206,76,76,0,108,0.089552238806,76,1.536743913740,5.109946976963,2.296740267896,10.921052631579,0.395833333333,0,6666,63,0.000035641235,0.049999713898,1,6.046187000000,0.037757000000,-0.964714050293,0.171345680952,0.350902080536,0.501375794411,-0.625540196896,0.471340119839,-0.367641478777
2294,2294,1413394000.705760478973,1413394000.705760478973,2,1,1,0,0,0,626,2,0,0,-1,1205,87,87,0,105,0.087136929461,87,1.550713094739,4.288138264245,1.942524420926,10.678160919540,0.416666666667,0,6498,61,0.000037342692,0.050000190735,1,6.048789000000,1.016888000000,-0.963839471340,0.171687930822,0.351964235306,0.499737560749,-0.627376377583,0.469000011683,-0.369730055332
2295,2295,1413394000.755760431290,1413394000.755760431290,2,1,1,0,0,0,626,2,0,0,-1,1211,116,116,0,108,0.089182493807,116,0.955475380980,3.188492330664,1.346986351097,8.086206896552,0.479166666667,1,6333,62,0.000038940179,0.049999952316,1,5.900268000000,0.050438000000,-0.963584363461,0.171069085598,0.351349949837,0.500850796700,-0.626522898674,0.470038920641,-0.368348926306
2296,2296,1413394000.805760622025,1413394000.805760622025,2,1,1,0,0,0,627,2,0,0,-1,1203,95,95,0,109,0.090606816293,95,1.148811451370,3.587737799131,1.588116871987,9.968421052632,0.458333333333,0,6465,64,nan,nan,0,5.539425000000,0.040343000000,-0.965475082397,0.171261727810,0.352368474007,0.499328196049,-0.626694142818,0.469806283712,-0.370415836573
2297,2297,1413394000.855760335922,1413394000.855760335922,2,1,1,0,0,0,627,2,0,0,-1,1205,94,94,0,112,0.092946058091,94,1.375250891803,4.070336696178,1.885878667964,11.329787234043,0.416666666667,0,6382,62,0.000010580344,0.049999713898,1,5.818895000000,0.040513000000,-0.965228974819,0.170991361141,0.352254629135,0.500465393066,-0.626102626324,0.470506936312,-0.368989318609
2298,2298,1413394000.905760526657,1413394000.905760526657,2,1,1,0,0,0,627,2,0,0,-1,1210,100,100,0,107,0.088429752066,100,1.382412134038,4.006889832890,1.997556546047,11.120000000000,0.458333333333,0,6619,63,0.000005413343,0.050000190735,1,5.991814000000,0.041498000000,-0.964859604836,0.170867323875,0.352248787880,0.499650686979,-0.627066969872,0.469325184822,-0.369959712029
2299,2299,1413394000.955760478973,1413394000.955760478973,2,1,1,0,0,0,627,2,0,0,-1,1207,90,90,0,111,0.091963545982,90,1.429167535340,3.858584553322,1.897124145594,10.822222222222,0.375000000000,0,6659,67,0.000017630720,0.049999952316,1,5.880673000000,0.061808000000,-0.964651107788,0.170723199844,0.352306604385,0.500220298767,-0.626514494419,0.470000982285,-0.369267195463
2300,2300,1413394001.005760431290,1413394001.005760431290,2,1,1,0,0,0,627,2,0,0,-1,1205,101,101,0,107,0.088796680498,101,1.172645792293,4.018168567363,1.769905440835,10.227722772277,0.520833333333,0,6355,65,0.000018304991,0.049999952316,1,5.825377000000,0.892919000000,-0.964517474174,0.170767992735,0.352378129959,0.499566495419,-0.626786410809,0.469657897949,-0.370126545429
2301,2301,1413394001.055760383606,1413394001.055760383606,2,1,1,0,0,0,627,2,0,0,-1,1207,93,93,0,108,0.089478044739,93,1.331207754321,4.048342218361,1.836872424578,11.537634408602,0.479166666667,0,6428,68,0.000021864083,0.049999952316,1,6.300871000000,0.083326000000,-0.964379251003,0.170405179262,0.352380156517,0.499974489212,-0.626593351364,0.469934880733,-0.369550555944
2302,2302,1413394001.105760574341,1413394001.105760574341,2,1,1,0,0,0,627,2,0,0,-1,1209,98,98,0,112,0.092638544251,98,1.364925438940,3.913214684564,1.726010940695,11.663265306122,0.437500000000,0,6659,68,0.000023038956,0.050000190735,1,6.103997000000,0.073442000000,-0.964247226715,0.170651465654,0.352310419083,0.499713271856,-0.627067089081,0.469305455685,-0.369899809361
2303,2303,1413394001.155760288239,1413394001.155760288239,2,1,1,0,0,0,627,2,0,0,-1,1208,94,94,0,106,0.087748344371,94,1.248287175204,4.226547599003,1.979486527348,11.404255319149,0.416666666667,0,6756,66,0.000046931196,0.049999713898,1,5.766128000000,0.041957000000,-0.964499533176,0.170529812574,0.352384567261,0.499872684479,-0.626558780670,0.469928771257,-0.369754374027
2304,2304,1413394001.205760478973,1413394001.205760478973,2,1,1,0,0,0,627,2,0,0,-1,1204,101,101,0,113,0.093853820598,101,1.228098396024,3.933982866077,1.881465728669,10.762376237624,0.375000000000,0,6354,64,0.000066755456,0.050000190735,1,5.689834000000,0.065598000000,-0.964887857437,0.170628547668,0.352395653725,0.499552309513,-0.626959383488,0.469505339861,-0.370046228170
2305,2305,1413394001.255760431290,1413394001.255760431290,2,1,1,0,0,0,627,2,0,0,-1,1204,134,134,0,103,0.085548172757,134,0.853248283016,3.036634736546,1.218992947381,8.417910447761,0.541666666667,1,6385,66,0.000055507931,0.049999952316,1,5.812829000000,0.044406000000,-0.965139627457,0.170611560345,0.352291703224,0.499917060137,-0.626742899418,0.469619303942,-0.369775772095
2306,2306,1413394001.305760622025,1413394001.305760622025,2,1,1,0,0,0,628,2,0,0,-1,1211,119,119,0,110,0.090834021470,119,1.079519876494,3.959849704967,1.724079418413,10.453781512605,0.541666666667,0,6539,66,nan,nan,0,5.537326000000,0.064328000000,-0.965557098389,0.170102000237,0.354394912720,0.499756246805,-0.626910567284,0.469449609518,-0.369924277067
2307,2307,1413394001.355760335922,1413394001.355760335922,2,1,1,0,0,0,628,2,0,0,-1,1204,118,118,0,115,0.095514950166,118,1.101150359285,3.726826029120,1.733778769008,10.313559322034,0.562500000000,0,6477,65,0.000020330956,0.049999713898,1,5.848224000000,0.065177000000,-0.965638577938,0.169957727194,0.354420423508,0.499854207039,-0.626792132854,0.469668626785,-0.369714528322
2308,2308,1413394001.405760526657,1413394001.405760526657,2,1,1,0,0,0,628,2,0,0,-1,1204,112,112,0,105,0.087209302326,112,1.024883792547,3.496285817206,1.550726768524,10.053571428571,0.541666666667,0,6470,65,0.000022325794,0.050000190735,1,6.155700000000,0.067841000000,-0.965670585632,0.170032799244,0.354436874390,0.499792456627,-0.626869559288,0.469416558743,-0.369986832142
2309,2309,1413394001.455760478973,1413394001.455760478973,2,1,1,0,0,0,628,2,0,0,-1,1204,120,120,0,106,0.088039867110,120,1.025615435687,3.716499423059,1.636117261851,10.075000000000,0.583333333333,0,6477,65,0.000025394967,0.049999952316,1,5.939325000000,0.043464000000,-0.965757787228,0.169949382544,0.354303002357,0.499877661467,-0.626829922199,0.469551026821,-0.369768172503
2310,2310,1413394001.505760431290,1413394001.505760431290,2,1,1,0,0,0,628,2,0,0,-1,1203,108,108,0,106,0.088113050707,108,0.910722384323,3.774032735931,1.602902821330,10.750000000000,0.520833333333,0,6460,62,0.000020925592,0.049999952316,1,6.436939000000,0.065844000000,-0.965801537037,0.170097351074,0.354293942451,0.499702543020,-0.626879990101,0.469507485628,-0.369975239038
2311,2311,1413394001.555760383606,1413394001.555760383606,2,1,1,0,0,0,628,2,0,0,-1,1206,115,115,0,102,0.084577114428,115,1.124672429858,3.688144566801,1.639847325780,9.930434782609,0.583333333333,0,6445,63,0.000045220324,0.049999952316,1,6.625434000000,0.066014000000,-0.965860247612,0.170152336359,0.354250431061,0.499840795994,-0.626913309097,0.469455331564,-0.369798183441
2312,2312,1413394001.605760574341,1413394001.605760574341,2,1,1,0,0,0,628,2,0,0,-1,1208,112,112,0,100,0.082781456954,112,0.987867496040,3.828518350692,1.656898343403,10.107142857143,0.520833333333,0,6290,63,0.000064168969,0.050000190735,1,5.986555000000,0.041188000000,-0.965988576412,0.170246511698,0.354305744171,0.499723374844,-0.626969873905,0.469377100468,-0.369960129261
2313,2313,1413394001.655760288239,1413394001.655760288239,2,1,1,0,0,0,628,2,0,0,-1,1205,112,112,0,115,0.095435684647,112,1.069257259546,3.918180162690,1.668204832657,10.107142857143,0.541666666667,0,6248,62,0.000044455268,0.049999713898,1,6.033228000000,0.060243000000,-0.966135740280,0.170327425003,0.354279518127,0.499728143215,-0.626901030540,0.469450712204,-0.369976878166
2314,2314,1413394001.705760478973,1413394001.705760478973,2,1,1,0,0,0,628,2,0,0,-1,1207,118,118,0,119,0.098591549296,118,1.041770906361,3.804612023196,1.589661031473,10.000000000000,0.583333333333,0,6264,62,0.000057339228,0.050000190735,1,5.927959000000,0.041589000000,-0.966151893139,0.170348495245,0.354324340820,0.499747753143,-0.626935720444,0.469333887100,-0.370040088892
2315,2315,1413394001.755760431290,1413394001.755760431290,2,1,1,0,0,0,628,2,0,0,-1,1210,147,147,0,115,0.095041322314,147,0.765915214751,3.674930679668,1.339516453139,8.326530612245,0.604166666667,1,6323,67,0.000055823512,0.049999952316,1,5.684964000000,0.044341000000,-0.966284275055,0.170438468456,0.354358315468,0.499732792377,-0.626903653145,0.469357788563,-0.370084017515
2316,2316,1413394001.805760622025,1413394001.805760622025,2,1,1,0,0,0,628,2,0,0,-1,1207,122,122,0,104,0.086164043082,122,0.872298945276,3.411050037795,1.420748681018,10.827868852459,0.562500000000,0,6475,66,0.000076672084,0.050000190735,1,6.378394000000,0.046464000000,-0.966213464737,0.170416563749,0.354306936264,0.499730259180,-0.626903295517,0.469300091267,-0.370161265135
2317,2317,1413394001.855760335922,1413394001.855760335922,2,1,1,0,0,0,629,2,0,0,-1,1205,115,115,0,112,0.092946058091,115,0.941213420355,3.158375853684,1.381442122195,10.147826086957,0.520833333333,0,6476,66,nan,nan,0,5.395935000000,0.039945000000,-0.975197076797,0.185114234686,0.357647776604,0.499092668295,-0.627810537815,0.469446301460,-0.369297504425
2318,2318,1413394001.905760526657,1413394001.905760526657,2,1,1,0,0,0,629,2,0,0,-1,1206,119,119,0,100,0.082918739635,119,0.896576841319,3.014595826693,1.284640435579,9.806722689076,0.541666666667,0,6276,61,0.000024209501,0.050000190735,1,5.781903000000,0.041641000000,-0.975200116634,0.185112535954,0.357740163803,0.499046474695,-0.627862513065,0.469386219978,-0.369348078966
2319,2319,1413394001.955760478973,1413394001.955760478973,2,1,1,0,0,0,629,2,0,0,-1,1207,126,126,0,108,0.089478044739,126,0.919143381478,2.965497325976,1.358154127909,10.809523809524,0.583333333333,0,6276,60,0.000046974561,0.049999952316,1,5.935723000000,0.040395000000,-0.975012242794,0.185034424067,0.357730388641,0.499016791582,-0.627886891365,0.469372123480,-0.369364678860
2320,2320,1413394002.005760431290,1413394002.005760431290,2,1,1,0,0,0,629,2,0,0,-1,1204,118,118,0,107,0.088870431894,118,0.938138244581,3.132609005740,1.396830788125,11.228813559322,0.562500000000,0,6346,62,0.000058477526,0.049999952316,1,6.237471000000,0.043412000000,-0.974729895592,0.184910923243,0.357688665390,0.498949825764,-0.627949714661,0.469391673803,-0.369323372841
2321,2321,1413394002.055760383606,1413394002.055760383606,2,1,1,0,0,0,629,2,0,0,-1,1206,122,122,0,113,0.093698175788,122,0.960275221600,3.245124347373,1.451514946952,10.696721311475,0.583333333333,0,6213,64,0.000062274325,0.049999952316,1,5.695827000000,0.090401000000,-0.974512696266,0.184839874506,0.357660889626,0.498901277781,-0.627945363522,0.469470083714,-0.369296669960
2322,2322,1413394002.105760574341,1413394002.105760574341,2,1,1,0,0,0,629,2,0,0,-1,1205,112,112,0,113,0.093775933610,112,0.949073333069,3.268985361335,1.454808797416,10.866071428571,0.541666666667,0,6306,60,0.000074444593,0.050000190735,1,5.786291000000,0.042181000000,-0.974380254745,0.184754520655,0.357691884041,0.498841673136,-0.627945840359,0.469514936209,-0.369319409132
2323,2323,1413394002.155760288239,1413394002.155760288239,2,1,1,0,0,0,629,2,0,0,-1,1207,114,114,0,112,0.092792046396,114,0.926493374955,3.335644696027,1.465461958489,11.210526315789,0.583333333333,0,6308,63,0.000077680270,0.049999713898,1,6.213199000000,0.062199000000,-0.974393725395,0.184796839952,0.357642769814,0.498845487833,-0.627975106239,0.469453036785,-0.369343161583
2324,2324,1413394002.205760478973,1413394002.205760478973,2,1,1,0,0,0,629,2,0,0,-1,1205,114,114,0,108,0.089626556017,114,0.961721168236,3.226489980360,1.482750860401,10.491228070175,0.562500000000,0,6336,63,0.000097288008,0.050000190735,1,5.782126000000,0.039809000000,-0.974326133728,0.184750527143,0.357608675957,0.498839795589,-0.627984166145,0.469427108765,-0.369368404150
2325,2325,1413394002.255760431290,1413394002.255760431290,2,1,1,0,0,0,629,2,0,0,-1,1205,140,140,0,108,0.089626556017,140,0.743009057295,2.990056736801,1.103790723432,8.864285714286,0.562500000000,1,6302,63,0.000089596775,0.049999952316,1,5.994393000000,0.042449000000,-0.974296152592,0.184733569622,0.357536911964,0.498817473650,-0.627902865410,0.469510614872,-0.369430601597
2326,2326,1413394002.305760622025,1413394002.305760622025,2,1,1,0,0,0,629,2,0,0,-1,1208,119,119,0,108,0.089403973510,119,0.947460968606,3.212834626273,1.321209788888,12.168067226891,0.541666666667,0,6145,58,0.000094795570,0.050000190735,1,6.033637000000,0.045829000000,-0.974378585815,0.184786856174,0.357498526573,0.498839318752,-0.627910614014,0.469477862120,-0.369429558516
2327,2327,1413394002.355760335922,1413394002.355760335922,2,1,1,0,0,0,630,2,0,0,-1,1206,115,115,0,106,0.087893864013,115,0.945977639051,3.084250114741,1.485365217780,11.860869565217,0.583333333333,0,6285,64,nan,nan,0,5.417281000000,0.040805000000,-0.966937184334,0.174849808216,0.353217840195,0.498869240284,-0.627448558807,0.469427704811,-0.370237112045
2328,2328,1413394002.405760526657,1413394002.405760526657,2,1,1,0,0,0,630,2,0,0,-1,1210,125,125,0,109,0.090082644628,125,1.059229741649,3.182162702430,1.544746223046,11.200000000000,0.604166666667,0,6211,62,0.000051186824,0.050000190735,1,5.820409000000,0.045228000000,-0.966808915138,0.174757391214,0.353248953819,0.498908132315,-0.627430617809,0.469419986010,-0.370224803686
2329,2329,1413394002.455760478973,1413394002.455760478973,2,1,1,0,0,0,630,2,0,0,-1,1205,121,121,0,99,0.082157676349,121,0.967357374886,3.065467551843,1.398588655523,11.438016528926,0.541666666667,0,6207,61,0.000042911412,0.049999952316,1,5.527851000000,0.043531000000,-0.966716527939,0.174722641706,0.353157043457,0.498911857605,-0.627448320389,0.469362348318,-0.370262831450
2330,2330,1413394002.505760431290,1413394002.505760431290,2,1,1,0,0,0,630,2,0,0,-1,1207,113,113,0,106,0.087821043911,113,0.995668847137,3.123933557926,1.475863617340,11.831858407080,0.500000000000,0,6169,61,0.000040072933,0.049999952316,1,5.732423000000,0.040669000000,-0.966710031033,0.174716740847,0.353002429008,0.498913913965,-0.627447783947,0.469360440969,-0.370263516903
2331,2331,1413394002.555760383606,1413394002.555760383606,2,1,1,0,0,0,630,2,0,0,-1,1208,110,110,0,109,0.090231788079,110,0.928825281826,3.117518944401,1.344464276784,11.736363636364,0.479166666667,0,6143,61,0.000049365422,0.049999952316,1,5.642246000000,0.039522000000,-0.966762781143,0.174766361713,0.352859377861,0.498912334442,-0.627445638180,0.469378381968,-0.370246440172
2332,2332,1413394002.605760574341,1413394002.605760574341,2,1,1,0,0,0,630,2,0,0,-1,1206,116,116,0,114,0.094527363184,116,0.871412905915,2.911891546708,1.232283232323,11.862068965517,0.500000000000,0,6143,61,0.000088356035,0.050000190735,1,6.028394000000,0.051132000000,-0.966856718063,0.174809366465,0.352767229080,0.498876720667,-0.627452135086,0.469356924295,-0.370310664177
2333,2333,1413394002.655760288239,1413394002.655760288239,2,1,1,0,0,0,630,2,0,0,-1,1204,113,113,0,106,0.088039867110,113,0.797692732486,3.098222605321,1.265121447077,11.486725663717,0.520833333333,0,6322,61,0.000071999384,0.049999713898,1,6.083570000000,0.052160000000,-0.966946005821,0.174841761589,0.352692365646,0.498905658722,-0.627439737320,0.469377458096,-0.370266705751
2334,2334,1413394002.705760478973,1413394002.705760478973,2,1,1,0,0,0,630,2,0,0,-1,1210,115,115,0,107,0.088429752066,115,0.804818643258,2.934833630715,1.238814528557,11.678260869565,0.479166666667,0,6185,61,0.000095473508,0.050000190735,1,5.718313000000,0.044865000000,-0.967033743858,0.174888908863,0.352671861649,0.498848557472,-0.627454400063,0.469365596771,-0.370333731174
2335,2335,1413394002.755760431290,1413394002.755760431290,2,1,1,0,0,0,630,2,0,0,-1,1205,137,137,0,104,0.086307053942,137,0.673094093949,2.844805658168,1.065167692042,9.649635036496,0.541666666667,1,7122,68,0.000088501540,0.049999952316,1,6.031436000000,0.042941000000,-0.967084527016,0.174924343824,0.352594971657,0.498910754919,-0.627452135086,0.469354778528,-0.370267361403
2336,2336,1413394002.805760622025,1413394002.805760622025,2,1,1,0,0,0,630,2,0,0,-1,1210,119,119,0,109,0.090082644628,119,0.864431638533,3.111832786229,1.358084499126,12.554621848739,0.541666666667,0,6348,64,0.000093696195,0.050000190735,1,5.856965000000,0.041331000000,-0.967162013054,0.174937814474,0.352630257607,0.498815059662,-0.627426683903,0.469398319721,-0.370384305716
2337,2337,1413394002.855760335922,1413394002.855760335922,2,1,1,0,0,0,631,2,0,0,-1,1204,118,118,0,98,0.081395348837,118,0.803045396791,3.009250994854,1.345688448716,13.576271186441,0.541666666667,0,6390,65,nan,nan,0,5.218256000000,0.046398000000,-0.967165589333,0.174109876156,0.351969599724,0.498994886875,-0.627471864223,0.469272822142,-0.370224565268
2338,2338,1413394002.905760526657,1413394002.905760526657,2,1,1,0,0,0,631,2,0,0,-1,1204,118,118,0,107,0.088870431894,118,0.804229877665,2.636413784710,1.207529240298,13.245762711864,0.520833333333,0,6230,66,0.000022890154,0.050000190735,1,5.482687000000,0.041881000000,-0.967189431190,0.174059987068,0.351962685585,0.498979985714,-0.627480387688,0.469280391932,-0.370220541954
2339,2339,1413394002.955760478973,1413394002.955760478973,2,1,1,0,0,0,631,2,0,0,-1,1207,119,119,0,106,0.087821043911,119,0.801247757570,3.217968940476,1.407537020554,12.647058823529,0.520833333333,0,7013,68,0.000053972217,0.049999952316,1,5.971971000000,0.040419000000,-0.967201650143,0.174042493105,0.351940631866,0.498903512955,-0.627466976643,0.469317823648,-0.370298981667
2340,2340,1413394003.005760431290,1413394003.005760431290,2,1,1,0,0,0,631,2,0,0,-1,1208,116,116,0,96,0.079470198675,116,0.907891533738,3.243858000685,1.457339108974,12.741379310345,0.562500000000,0,6169,62,0.000064996682,0.049999952316,1,5.531231000000,0.041149000000,-0.967194676399,0.174031406641,0.351918220520,0.498947322369,-0.627520382404,0.469230175018,-0.370260506868
2341,2341,1413394003.055760383606,1413394003.055760383606,2,1,1,0,0,0,631,2,0,0,-1,1203,117,117,0,110,0.091438071488,117,0.865140924940,2.871934694079,1.304948351253,12.059829059829,0.541666666667,0,6211,64,0.000074287520,0.049999952316,1,5.482026000000,0.041842000000,-0.967195212841,0.174024730921,0.351895809174,0.498868495226,-0.627513349056,0.469241619110,-0.370364129543
2342,2342,1413394003.105760574341,1413394003.105760574341,2,1,1,0,0,0,631,2,0,0,-1,1205,121,121,0,104,0.086307053942,121,0.875257991005,2.957326711536,1.352844242635,12.801652892562,0.541666666667,0,7036,66,0.000079441015,0.050000190735,1,6.165589000000,0.046087000000,-0.967149674892,0.174043625593,0.351824760437,0.498941391706,-0.627468824387,0.469272732735,-0.370301961899
2343,2343,1413394003.155760288239,1413394003.155760288239,2,1,1,0,0,0,631,2,0,0,-1,1206,112,112,0,101,0.083747927032,112,0.899189109909,3.002029138752,1.321251629764,12.866071428571,0.562500000000,0,6209,63,0.000075666881,0.049999713898,1,5.383830000000,0.039096000000,-0.967068552971,0.174055695534,0.351811766624,0.498880982399,-0.627520203590,0.469188719988,-0.370402604342
2344,2344,1413394003.205760478973,1413394003.205760478973,2,1,1,0,0,0,631,2,0,0,-1,1205,122,122,0,100,0.082987551867,122,0.831112145150,3.203582101327,1.356955217615,12.893442622951,0.583333333333,0,6181,61,0.000091257709,0.050000190735,1,5.787259000000,0.040016000000,-0.967060267925,0.174012660980,0.351790904999,0.498916924000,-0.627438127995,0.469285458326,-0.370370835066
2345,2345,1413394003.255760431290,1413394003.255760431290,2,1,1,0,0,0,631,2,0,0,-1,1210,143,143,0,100,0.082644628099,143,0.706085830281,2.371367827778,0.965382513962,11.132867132867,0.583333333333,1,6392,66,0.000096641867,0.049999952316,1,6.164734000000,0.047258000000,-0.967061758041,0.173999875784,0.351799845695,0.498916059732,-0.627494513988,0.469158202410,-0.370437562466
2346,2346,1413394003.305760622025,1413394003.305760622025,2,1,1,0,0,0,631,2,0,0,-1,1206,120,120,0,101,0.083747927032,120,0.779636490659,2.857474358960,1.301660098138,13.750000000000,0.541666666667,0,6468,69,0.000112666610,0.050000190735,1,6.362440000000,0.066522000000,-0.966994047165,0.173886269331,0.351788640022,0.498916536570,-0.627434074879,0.469252198935,-0.370420366526
2347,2347,1413394003.355760335922,1413394003.355760335922,2,1,1,0,0,0,632,2,0,0,-1,1206,114,114,0,106,0.087893864013,114,0.793670525813,2.579439850811,1.160732505108,13.912280701754,0.520833333333,0,6172,64,nan,nan,0,5.412556000000,1.355070000000,-0.968624472618,0.173575133085,0.350843667984,0.498815357685,-0.627478063107,0.469236403704,-0.370502114296
