input_id,start_ts,end_ts,pair_valid,imu_initialized,imu_ba1,imu_ba2,map_id,reset_epoch,map_create_epoch,dx,dy,dz,qx,qy,qz,qw
0,nan,1413393886.005760431290,0,0,0,0,0,0,0,nan,nan,nan,nan,nan,nan,nan
1,nan,1413393886.055760383606,0,0,0,0,0,0,0,nan,nan,nan,nan,nan,nan,nan
2,nan,1413393886.105760574341,0,0,0,0,0,0,0,nan,nan,nan,nan,nan,nan,nan
3,nan,1413393886.155760288239,0,0,0,0,0,0,0,nan,nan,nan,nan,nan,nan,nan
4,nan,1413393886.205760478973,0,0,0,0,0,0,0,nan,nan,nan,nan,nan,nan,nan
5,nan,1413393886.255760431290,0,0,0,0,0,0,0,nan,nan,nan,nan,nan,nan,nan
6,nan,1413393886.305760622025,0,0,0,0,0,0,0,nan,nan,nan,nan,nan,nan,nan
7,nan,1413393886.355760335922,0,0,0,0,0,0,0,nan,nan,nan,nan,nan,nan,nan
8,nan,1413393886.405760526657,0,0,0,0,0,0,0,nan,nan,nan,nan,nan,nan,nan
9,nan,1413393886.455760478973,0,0,0,0,0,0,0,nan,nan,nan,nan,nan,nan,nan
10,nan,1413393886.505760431290,0,0,0,0,0,0,0,nan,nan,nan,nan,nan,nan,nan
11,nan,1413393886.555760383606,0,0,0,0,0,0,0,nan,nan,nan,nan,nan,nan,nan
12,nan,1413393886.605760574341,0,0,0,0,0,0,0,nan,nan,nan,nan,nan,nan,nan
13,nan,1413393886.655760288239,0,0,0,0,0,0,0,nan,nan,nan,nan,nan,nan,nan
14,nan,1413393886.705760478973,0,0,0,0,0,0,0,nan,nan,nan,nan,nan,nan,nan
15,nan,1413393886.755760431290,0,0,0,0,0,0,0,nan,nan,nan,nan,nan,nan,nan
16,nan,1413393886.805760622025,0,0,0,0,0,0,0,nan,nan,nan,nan,nan,nan,nan
17,nan,1413393886.855760335922,0,0,0,0,0,0,0,nan,nan,nan,nan,nan,nan,nan
18,nan,1413393886.905760526657,0,0,0,0,0,0,0,nan,nan,nan,nan,nan,nan,nan
19,nan,1413393886.955760478973,0,0,0,0,0,0,0,nan,nan,nan,nan,nan,nan,nan
20,nan,1413393887.005760431290,0,0,0,0,0,0,0,nan,nan,nan,nan,nan,nan,nan
21,nan,1413393887.055760383606,0,0,0,0,0,0,0,nan,nan,nan,nan,nan,nan,nan
22,nan,1413393887.105760574341,0,0,0,0,0,0,0,nan,nan,nan,nan,nan,nan,nan
23,nan,1413393887.155760288239,0,0,0,0,0,0,0,nan,nan,nan,nan,nan,nan,nan
24,nan,1413393887.205760478973,0,0,0,0,0,0,0,nan,nan,nan,nan,nan,nan,nan
25,nan,1413393887.255760431290,0,0,0,0,0,0,0,nan,nan,nan,nan,nan,nan,nan
26,nan,1413393887.305760622025,0,0,0,0,0,0,0,nan,nan,nan,nan,nan,nan,nan
27,nan,1413393887.355760335922,0,0,0,0,0,0,0,nan,nan,nan,nan,nan,nan,nan
28,nan,1413393887.405760526657,0,0,0,0,0,0,0,nan,nan,nan,nan,nan,nan,nan
29,nan,1413393887.455760478973,0,0,0,0,0,0,0,nan,nan,nan,nan,nan,nan,nan
30,nan,1413393887.505760431290,0,0,0,0,0,0,0,nan,nan,nan,nan,nan,nan,nan
31,nan,1413393887.555760383606,0,0,0,0,0,0,0,nan,nan,nan,nan,nan,nan,nan
32,nan,1413393887.605760574341,0,0,0,0,0,0,0,nan,nan,nan,nan,nan,nan,nan
33,nan,1413393887.655760288239,0,0,0,0,0,0,0,nan,nan,nan,nan,nan,nan,nan
34,nan,1413393887.705760478973,0,0,0,0,0,0,0,nan,nan,nan,nan,nan,nan,nan
35,nan,1413393887.755760431290,0,0,0,0,0,0,0,nan,nan,nan,nan,nan,nan,nan
36,nan,1413393887.805760622025,0,0,0,0,0,0,0,nan,nan,nan,nan,nan,nan,nan
37,nan,1413393887.855760335922,0,0,0,0,0,0,0,nan,nan,nan,nan,nan,nan,nan
38,nan,1413393887.905760526657,0,0,0,0,0,0,0,nan,nan,nan,nan,nan,nan,nan
39,nan,1413393887.955760478973,0,0,0,0,0,0,0,nan,nan,nan,nan,nan,nan,nan
40,nan,1413393888.005760431290,0,0,0,0,0,0,0,nan,nan,nan,nan,nan,nan,nan
41,nan,1413393888.055760383606,0,0,0,0,0,0,0,nan,nan,nan,nan,nan,nan,nan
42,nan,1413393888.105760574341,0,0,0,0,0,0,0,nan,nan,nan,nan,nan,nan,nan
43,nan,1413393888.155760288239,0,0,0,0,0,0,0,nan,nan,nan,nan,nan,nan,nan
44,nan,1413393888.205760478973,0,0,0,0,0,0,0,nan,nan,nan,nan,nan,nan,nan
45,nan,1413393888.255760431290,0,0,0,0,0,0,0,nan,nan,nan,nan,nan,nan,nan
46,nan,1413393888.305760622025,0,0,0,0,0,0,0,nan,nan,nan,nan,nan,nan,nan
47,nan,1413393888.355760335922,0,0,0,0,0,0,0,nan,nan,nan,nan,nan,nan,nan
48,nan,1413393888.405760526657,0,0,0,0,0,0,0,nan,nan,nan,nan,nan,nan,nan
49,nan,1413393888.455760478973,0,0,0,0,0,0,0,nan,nan,nan,nan,nan,nan,nan
50,nan,1413393888.505760431290,0,0,0,0,0,0,0,nan,nan,nan,nan,nan,nan,nan
51,nan,1413393888.555760383606,0,0,0,0,0,0,0,nan,nan,nan,nan,nan,nan,nan
52,nan,1413393888.605760574341,0,0,0,0,0,0,0,nan,nan,nan,nan,nan,nan,nan
53,nan,1413393888.655760288239,0,0,0,0,0,0,0,nan,nan,nan,nan,nan,nan,nan
54,nan,1413393888.705760478973,0,0,0,0,0,0,0,nan,nan,nan,nan,nan,nan,nan
55,nan,1413393888.755760431290,0,0,0,0,0,0,0,nan,nan,nan,nan,nan,nan,nan
56,nan,1413393888.805760622025,0,0,0,0,0,0,0,nan,nan,nan,nan,nan,nan,nan
57,nan,1413393888.855760335922,0,0,0,0,0,0,0,nan,nan,nan,nan,nan,nan,nan
58,nan,1413393888.905760526657,0,0,0,0,0,0,0,nan,nan,nan,nan,nan,nan,nan
59,nan,1413393888.955760478973,0,0,0,0,0,0,0,nan,nan,nan,nan,nan,nan,nan
60,nan,1413393889.005760431290,0,0,0,0,0,0,0,nan,nan,nan,nan,nan,nan,nan
61,nan,1413393889.055760383606,0,0,0,0,0,0,0,nan,nan,nan,nan,nan,nan,nan
62,nan,1413393889.105760574341,0,0,0,0,0,0,0,nan,nan,nan,nan,nan,nan,nan
63,nan,1413393889.155760288239,0,0,0,0,0,0,0,nan,nan,nan,nan,nan,nan,nan
64,nan,1413393889.205760478973,0,0,0,0,0,0,0,nan,nan,nan,nan,nan,nan,nan
65,nan,1413393889.255760431290,0,0,0,0,0,0,0,nan,nan,nan,nan,nan,nan,nan
66,nan,1413393889.305760622025,0,0,0,0,0,0,0,nan,nan,nan,nan,nan,nan,nan
67,nan,1413393889.355760335922,0,0,0,0,0,0,0,nan,nan,nan,nan,nan,nan,nan
68,nan,1413393889.405760526657,0,0,0,0,0,0,0,nan,nan,nan,nan,nan,nan,nan
69,nan,1413393889.455760478973,0,0,0,0,0,0,0,nan,nan,nan,nan,nan,nan,nan
70,nan,1413393889.505760431290,0,0,0,0,0,0,0,nan,nan,nan,nan,nan,nan,nan
71,nan,1413393889.555760383606,0,0,0,0,0,0,0,nan,nan,nan,nan,nan,nan,nan
72,nan,1413393889.605760574341,0,0,0,0,0,0,0,nan,nan,nan,nan,nan,nan,nan
73,nan,1413393889.655760288239,0,0,0,0,0,0,0,nan,nan,nan,nan,nan,nan,nan
74,nan,1413393889.705760478973,0,0,0,0,0,0,0,nan,nan,nan,nan,nan,nan,nan
75,nan,1413393889.755760431290,0,0,0,0,0,0,0,nan,nan,nan,nan,nan,nan,nan
76,nan,1413393889.805760622025,0,0,0,0,0,0,0,nan,nan,nan,nan,nan,nan,nan
77,nan,1413393889.855760335922,0,0,0,0,0,0,0,nan,nan,nan,nan,nan,nan,nan
78,nan,1413393889.905760526657,0,0,0,0,0,0,0,nan,nan,nan,nan,nan,nan,nan
79,nan,1413393889.955760478973,0,0,0,0,0,0,0,nan,nan,nan,nan,nan,nan,nan
80,nan,1413393890.005760431290,0,0,0,0,0,0,0,nan,nan,nan,nan,nan,nan,nan
81,nan,1413393890.055760383606,0,0,0,0,0,0,0,nan,nan,nan,nan,nan,nan,nan
82,nan,1413393890.105760574341,0,0,0,0,0,0,0,nan,nan,nan,nan,nan,nan,nan
83,nan,1413393890.155760288239,0,0,0,0,0,0,0,nan,nan,nan,nan,nan,nan,nan
84,nan,1413393890.205760478973,0,0,0,0,0,0,0,nan,nan,nan,nan,nan,nan,nan
85,nan,1413393890.255760431290,0,0,0,0,0,0,0,nan,nan,nan,nan,nan,nan,nan
86,nan,1413393890.305760622025,0,0,0,0,0,0,0,nan,nan,nan,nan,nan,nan,nan
87,nan,1413393890.355760335922,0,0,0,0,0,0,0,nan,nan,nan,nan,nan,nan,nan
88,nan,1413393890.405760526657,0,0,0,0,0,0,0,nan,nan,nan,nan,nan,nan,nan
89,nan,1413393890.455760478973,0,0,0,0,0,0,0,nan,nan,nan,nan,nan,nan,nan
90,nan,1413393890.505760431290,0,0,0,0,0,0,0,nan,nan,nan,nan,nan,nan,nan
91,nan,1413393890.555760383606,0,0,0,0,0,0,0,nan,nan,nan,nan,nan,nan,nan
92,nan,1413393890.605760574341,0,0,0,0,0,0,0,nan,nan,nan,nan,nan,nan,nan
93,nan,1413393890.655760288239,0,0,0,0,0,0,0,nan,nan,nan,nan,nan,nan,nan
94,nan,1413393890.705760478973,0,0,0,0,0,0,0,nan,nan,nan,nan,nan,nan,nan
95,nan,1413393890.755760431290,0,0,0,0,0,0,0,nan,nan,nan,nan,nan,nan,nan
96,nan,1413393890.805760622025,0,0,0,0,0,0,0,nan,nan,nan,nan,nan,nan,nan
97,nan,1413393890.855760335922,0,0,0,0,0,0,0,nan,nan,nan,nan,nan,nan,nan
98,nan,1413393890.905760526657,0,0,0,0,0,0,0,nan,nan,nan,nan,nan,nan,nan
99,nan,1413393890.955760478973,0,0,0,0,0,0,0,nan,nan,nan,nan,nan,nan,nan
100,nan,1413393891.005760431290,0,0,0,0,0,0,0,nan,nan,nan,nan,nan,nan,nan
101,nan,1413393891.055760383606,0,0,0,0,0,0,0,nan,nan,nan,nan,nan,nan,nan
102,nan,1413393891.105760574341,0,0,0,0,0,0,0,nan,nan,nan,nan,nan,nan,nan
103,nan,1413393891.155760288239,0,0,0,0,0,0,0,nan,nan,nan,nan,nan,nan,nan
104,nan,1413393891.205760478973,0,0,0,0,0,0,0,nan,nan,nan,nan,nan,nan,nan
105,nan,1413393891.255760431290,0,0,0,0,0,0,0,nan,nan,nan,nan,nan,nan,nan
106,nan,1413393891.305760622025,0,0,0,0,0,0,0,nan,nan,nan,nan,nan,nan,nan
107,nan,1413393891.355760335922,0,0,0,0,0,0,0,nan,nan,nan,nan,nan,nan,nan
108,nan,1413393891.405760526657,0,0,0,0,0,0,0,nan,nan,nan,nan,nan,nan,nan
109,nan,1413393891.455760478973,0,0,0,0,0,0,0,nan,nan,nan,nan,nan,nan,nan
110,nan,1413393891.505760431290,0,0,0,0,0,0,0,nan,nan,nan,nan,nan,nan,nan
111,nan,1413393891.555760383606,0,0,0,0,0,0,0,nan,nan,nan,nan,nan,nan,nan
112,nan,1413393891.605760574341,0,0,0,0,0,0,0,nan,nan,nan,nan,nan,nan,nan
113,nan,1413393891.655760288239,0,0,0,0,0,0,0,nan,nan,nan,nan,nan,nan,nan
114,nan,1413393891.705760478973,0,0,0,0,0,0,0,nan,nan,nan,nan,nan,nan,nan
115,nan,1413393891.755760431290,0,0,0,0,0,0,0,nan,nan,nan,nan,nan,nan,nan
116,nan,1413393891.805760622025,0,0,0,0,0,0,0,nan,nan,nan,nan,nan,nan,nan
117,nan,1413393891.855760335922,0,0,0,0,0,0,0,nan,nan,nan,nan,nan,nan,nan
118,nan,1413393891.905760526657,0,0,0,0,0,0,0,nan,nan,nan,nan,nan,nan,nan
119,nan,1413393891.955760478973,0,0,0,0,0,0,0,nan,nan,nan,nan,nan,nan,nan
120,1413393891.005760431290,1413393892.005760431290,1,1,0,0,0,0,0,-0.285268962383,0.101990938187,-0.443180829287,-0.066248834133,0.001898438204,-0.002153159119,-0.997799038887
121,1413393891.055760383606,1413393892.055760383606,1,1,0,0,0,0,0,-0.273322999477,0.117794394493,-0.525045573711,-0.043069519103,0.003550075227,-0.002970059868,-0.999061405659
122,1413393891.105760574341,1413393892.105760574341,1,1,0,0,0,0,0,-0.272081434727,0.139105170965,-0.601257562637,-0.023925796151,0.003113433952,-0.002116176067,-0.999706685543
123,1413393891.155760288239,1413393892.155760288239,1,1,0,0,0,0,0,-0.273793995380,0.162535399199,-0.665818214417,-0.010752681643,0.001332069980,0.000080644808,-0.999941289425
124,1413393891.205760478973,1413393892.205760478973,1,1,0,0,0,0,0,-0.269924312830,0.185056507587,-0.744634389877,-0.000244693336,0.000828996592,0.000922005391,-0.999999165535
125,1413393891.255760431290,1413393892.255760431290,1,1,0,0,0,0,0,-0.270106941462,0.207520484924,-0.815276920795,0.007371031679,-0.001211049035,0.002998399781,-0.999967634678
126,1413393891.305760622025,1413393892.305760622025,1,1,0,0,0,0,0,-0.269877910614,0.212120145559,-0.891392469406,0.018834644929,-0.002474857261,0.002747392748,-0.999815821648
127,1413393891.355760335922,1413393892.355760335922,1,1,0,0,0,0,0,-0.267605751753,0.186927795410,-0.973636269569,0.044845636934,-0.003512967378,0.003990788013,-0.998979866505
128,1413393891.405760526657,1413393892.405760526657,1,1,0,0,0,0,0,-0.262844592333,0.135893404484,-1.049741029739,0.078823730350,-0.004300205503,0.007311394438,-0.996852517128
129,1413393891.455760478973,1413393892.455760478973,1,1,0,0,0,0,0,-0.273262649775,0.088146537542,-1.126621007919,0.110885530710,-0.008022082038,0.008639595471,-0.993763267994
130,1413393891.505760431290,1413393892.505760431290,1,1,0,0,0,0,0,-0.284883439541,0.047018975019,-1.188348412514,0.134526684880,-0.010907510296,0.011236092076,-0.990786314011
131,1413393891.555760383606,1413393892.555760383606,1,1,0,0,0,0,0,-0.295600324869,0.022021919489,-1.244064092636,0.150529697537,-0.013885088265,0.011904499494,-0.988436281681
132,1413393891.605760574341,1413393892.605760574341,1,1,0,0,0,0,0,-0.286334812641,0.007018506527,-1.294050574303,0.160483807325,-0.012334365398,0.009150212631,-0.986919045448
133,1413393891.655760288239,1413393892.655760288239,1,1,0,0,0,0,0,-0.292582333088,0.014306813478,-1.326233983040,0.168446391821,-0.013633923605,0.009861350060,-0.985567212105
134,1413393891.705760478973,1413393892.705760478973,1,1,0,0,0,0,0,-0.286156594753,0.022715538740,-1.353909730911,0.179051190615,-0.013332615606,0.010486258194,-0.983693540096
135,1413393891.755760431290,1413393892.755760431290,1,1,0,0,0,0,0,-0.293364524841,0.046843230724,-1.371764063835,0.190180242062,-0.013989032246,0.010226052254,-0.981596291065
136,1413393891.805760622025,1413393892.805760622025,1,1,0,0,0,0,0,-0.299416661263,0.070350170135,-1.383356213570,0.201568514109,-0.013701654039,0.010991215706,-0.979316949844
137,1413393891.855760335922,1413393892.855760335922,1,1,0,0,0,0,0,-0.307531893253,0.103966116905,-1.379140377045,0.207223594189,-0.013902952895,0.010754504241,-0.978135764599
138,1413393891.905760526657,1413393892.905760526657,1,1,0,0,0,0,0,-0.308567106724,0.145419508219,-1.361586928368,0.206838563085,-0.012745571323,0.010252319276,-0.978238403797
139,1413393891.955760478973,1413393892.955760478973,1,1,0,0,0,0,0,-0.309484779835,0.190760254860,-1.330276012421,0.198990136385,-0.010988894850,0.010193216614,-0.979886949062
140,1413393892.005760431290,1413393893.005760431290,1,1,0,0,0,0,0,-0.313049197197,0.260064631701,-1.282502293587,-0.182705789804,0.010709240101,-0.010986495763,0.983047962189
141,1413393892.055760383606,1413393893.055760383606,1,1,0,0,0,0,0,-0.324018120766,0.317778289318,-1.220359683037,-0.164084762335,0.009705743752,-0.010546392761,0.986342191696
142,1413393892.105760574341,1413393893.105760574341,1,1,0,0,0,0,0,-0.331681013107,0.355352669954,-1.154496788979,0.147343158722,-0.008491680026,0.009901504032,-0.988999485970
143,1413393892.155760288239,1413393893.155760288239,1,1,0,0,0,0,0,-0.340138912201,0.378607332706,-1.082456350327,-0.130065575242,0.006626706570,-0.008226304315,0.991449117661
144,1413393892.205760478973,1413393893.205760478973,1,1,0,0,0,0,0,-0.348730266094,0.383405864239,-1.008122205734,0.114387586713,-0.005230221897,0.008712335490,-0.993384242058
145,1413393892.255760431290,1413393893.255760431290,1,1,0,0,0,0,0,-0.357388138771,0.376058638096,-0.932625651360,-0.102361083031,0.003405969823,-0.006896549370,0.994717597961
146,1413393892.305760622025,1413393893.305760622025,1,1,0,0,0,0,0,-0.365530252457,0.357351034880,-0.855834960938,0.093391366303,-0.001698556822,0.003878913121,-0.995620548725
147,1413393892.355760335922,1413393893.355760335922,1,1,0,0,0,0,0,-0.374799847603,0.336185961962,-0.776970207691,-0.086053289473,-0.000700084725,0.002085616114,0.996288120747
148,1413393892.405760526657,1413393893.405760526657,1,1,0,0,0,0,0,-0.383653879166,0.306596875191,-0.694889187813,0.077713117003,0.002677269746,-0.007942511700,-0.996940612793
149,1413393892.455760478973,1413393893.455760478973,1,1,0,0,0,0,0,-0.392302513123,0.272122293711,-0.612808942795,-0.071698963642,-0.005207641516,0.013700738549,0.997318625450
150,1413393892.505760431290,1413393893.505760431290,1,1,0,0,0,0,0,-0.399601340294,0.221793994308,-0.525801181793,0.069373518229,0.008468816988,-0.019738454372,-0.997359514236
151,1413393892.555760383606,1413393893.555760383606,1,1,0,0,0,0,0,-0.406624495983,0.179051399231,-0.441118955612,-0.064627133310,-0.010930835269,0.022767575458,0.997589886189
152,1413393892.605760574341,1413393893.605760574341,1,1,0,0,0,0,0,-0.412893116474,0.132278233767,-0.354453563690,0.057686440647,0.013532125391,-0.026861662045,-0.997881650925
153,1413393892.655760288239,1413393893.655760288239,1,1,0,0,0,0,0,-0.417863488197,0.083113759756,-0.266662716866,-0.050511814654,-0.016534853727,0.031340129673,0.998094677925
154,1413393892.705760478973,1413393893.705760478973,1,1,0,0,0,0,0,-0.421046018600,0.030436560512,-0.178820014000,-0.038884498179,-0.019611338153,0.036576431245,0.998381495476
155,1413393892.755760431290,1413393893.755760431290,1,1,0,0,0,0,0,-0.422708749771,-0.026023119688,-0.091249942780,0.021763922647,0.021618140861,-0.040278173983,-0.998717546463
156,1413393892.805760622025,1413393893.805760622025,1,1,0,0,0,0,0,-0.419801950455,-0.090747267008,-0.007733225822,-0.003362637013,-0.022949619219,0.043071422726,0.998802721500
157,1413393892.855760335922,1413393893.855760335922,1,1,0,0,0,0,0,-0.415640532970,-0.157042950392,0.073499321938,0.018125170842,-0.023218715563,0.044367164373,0.998580992222
158,1413393892.905760526657,1413393893.905760526657,1,1,0,0,0,0,0,-0.408732116222,-0.224823623896,0.151279211044,0.040503978729,-0.022779909894,0.042775414884,0.998003423214
159,1413393892.955760478973,1413393893.955760478973,1,1,0,0,0,0,0,-0.399148464203,-0.291325628757,0.224653482437,-0.063256792724,0.021525725722,-0.042027071118,-0.996879637241
160,1413393893.005760431290,1413393894.005760431290,1,1,0,0,0,0,0,-0.385560929775,-0.357645988464,0.286993503571,0.080119930208,-0.020821977407,0.042608238757,0.995656430721
161,1413393893.055760383606,1413393894.055760383606,1,1,0,0,0,0,0,-0.370018243790,-0.419509232044,0.353757858276,0.090272411704,-0.020069900900,0.041757881641,0.994838893414
162,1413393893.105760574341,1413393894.105760574341,1,1,0,0,0,0,0,-0.352685928345,-0.476083219051,0.417613506317,0.096090838313,-0.019205521792,0.041663024575,0.994314789772
163,1413393893.155760288239,1413393894.155760288239,1,1,0,0,0,0,0,-0.336361944675,-0.521233916283,0.475029468536,0.094187751412,-0.018715843558,0.041975080967,0.994493126869
164,1413393893.205760478973,1413393894.205760478973,1,1,0,0,0,0,0,-0.314149677753,-0.560634374619,0.538475751877,0.088621586561,-0.018793700263,0.044325850904,0.994901120663
165,1413393893.255760431290,1413393894.255760431290,1,1,0,0,0,0,0,-0.288393974304,-0.595187485218,0.600119590759,0.082892723382,-0.018455246463,0.044910673052,0.995374977589
166,1413393893.305760622025,1413393894.305760622025,1,1,0,0,0,0,0,-0.266105771065,-0.620444238186,0.657899737358,0.077277272940,-0.018116701394,0.043530680239,0.995894134045
167,1413393893.355760335922,1413393894.355760335922,1,1,0,0,0,0,0,-0.243686556816,-0.641692996025,0.711092293262,0.074699774384,-0.016642248258,0.038165871054,0.996336460114
168,1413393893.405760526657,1413393894.405760526657,1,1,0,0,0,0,0,-0.223547577858,-0.652666747570,0.766683697701,0.070319332182,-0.014639978297,0.030745370314,0.996943116188
169,1413393893.455760478973,1413393894.455760478973,1,1,0,0,0,0,0,-0.200003266335,-0.655243456364,0.818473339081,-0.068281136453,0.012626971118,-0.022455463186,-0.997333526611
170,1413393893.505760431290,1413393894.505760431290,1,1,0,0,0,0,0,-0.173502087593,-0.662418544292,0.869309067726,0.068510249257,-0.009711044841,0.015233240090,0.997486829758
171,1413393893.555760383606,1413393894.555760383606,1,1,0,0,0,0,0,-0.144781589508,-0.663431942463,0.915647983551,0.068761654198,-0.006299517583,0.008364335634,0.997578144073
172,1413393893.605760574341,1413393894.605760574341,1,1,0,0,0,0,0,-0.117859363556,-0.657191574574,0.957716047764,0.067256778479,-0.003095896915,0.001434955047,0.997729897499
173,1413393893.655760288239,1413393894.655760288239,1,1,0,0,0,0,0,-0.088062405586,-0.656902492046,0.995425045490,0.069903507829,0.000064074811,-0.005259287078,0.997539937496
174,1413393893.705760478973,1413393894.705760478973,1,1,0,0,0,0,0,-0.061789393425,-0.648933529854,1.031552433968,0.070824958384,0.002355883596,-0.011566053145,0.997418940067
175,1413393893.755760431290,1413393894.755760431290,1,1,0,0,0,0,0,-0.033452987671,-0.636237382889,1.069124937057,-0.068928308785,-0.003487267997,0.016961885616,-0.997471332550
176,1413393893.805760622025,1413393894.805760622025,1,1,1,0,0,0,0,-0.006653547287,-0.615964472294,1.099194765091,0.065234825015,0.003304258687,-0.017971685156,0.997702658176
177,1413393893.855760335922,1413393894.855760335922,1,1,1,0,0,0,0,0.018833994865,-0.587331056595,1.132373809814,0.058028489351,0.002385769272,-0.019026882946,0.998130798340
178,1413393893.905760526657,1413393894.905760526657,1,1,1,0,0,0,0,0.046452283859,-0.554898262024,1.164768934250,-0.050972569734,-0.001535624382,0.018407607451,-0.998529255390
179,1413393893.955760478973,1413393894.955760478973,1,1,1,0,0,0,0,0.067875623703,-0.511225879192,1.192484855652,-0.044182412326,-0.001050312072,0.018151162192,-0.998858034611
180,1413393894.005760431290,1413393895.005760431290,1,1,1,0,0,0,0,0.089863657951,-0.479480683804,1.214973688126,0.041472300887,0.000053501510,-0.018315101042,0.998971819878
181,1413393894.055760383606,1413393895.055760383606,1,1,1,0,0,0,0,0.112259149551,-0.452603876591,1.231831073761,-0.041664179415,0.000463376724,0.017391007394,-0.998980224133
182,1413393894.105760574341,1413393895.105760574341,1,1,1,0,0,0,0,0.132940053940,-0.429159849882,1.244602799416,-0.039024267346,0.000538579887,0.018753834069,-0.999062120914
183,1413393894.155760288239,1413393895.155760288239,1,1,1,0,0,0,0,0.152110457420,-0.410214573145,1.248769998550,-0.036432582885,-0.000151933389,0.021064104512,-0.999114096165
184,1413393894.205760478973,1413393895.205760478973,1,1,1,0,0,0,0,0.171639323235,-0.395195066929,1.254232168198,-0.032461371273,-0.000427529274,0.022587576881,-0.999217629433
185,1413393894.255760431290,1413393895.255760431290,1,1,1,0,0,0,0,0.185225486755,-0.378036558628,1.255754828453,0.030059499666,0.000728144485,-0.024342073128,0.999251425266
186,1413393894.305760622025,1413393895.305760622025,1,1,1,0,0,0,0,0.202665925026,-0.367807567120,1.258695721626,-0.030375553295,-0.000449958374,0.026563579217,-0.999185442924
187,1413393894.355760335922,1413393895.355760335922,1,1,1,0,0,0,0,0.214063048363,-0.348979949951,1.256165862083,-0.032139081508,-0.000683047052,0.027764240280,-0.999097466469
188,1413393894.405760526657,1413393895.405760526657,1,1,1,0,0,0,0,0.226244091988,-0.337001502514,1.252682924271,-0.035211410373,-0.000298056577,0.026225648820,-0.999035656452
189,1413393894.455760478973,1413393895.455760478973,1,1,1,0,0,0,0,0.234164357185,-0.323994219303,1.247608423233,-0.035782039165,-0.000944249565,0.024837229401,-0.999050498009
190,1413393894.505760431290,1413393895.505760431290,1,1,1,0,0,0,0,0.244290351868,-0.311850637197,1.239982604980,-0.036121156067,-0.002398449928,0.021884260699,-0.999104976654
191,1413393894.555760383606,1413393895.555760383606,1,1,1,0,0,0,0,0.250521183014,-0.294412821531,1.228306055069,-0.033222053200,-0.004742097110,0.017186995596,-0.999288976192
192,1413393894.605760574341,1413393895.605760574341,1,1,1,0,0,0,0,0.258597016335,-0.287120908499,1.215779066086,-0.031966798007,-0.007970836945,0.010807620361,-0.999398708344
193,1413393894.655760288239,1413393895.655760288239,1,1,1,0,0,0,0,0.264403343201,-0.274375259876,1.200740575790,-0.029264787212,-0.013707189821,0.007564221509,-0.999449133873
194,1413393894.705760478973,1413393895.705760478973,1,1,1,0,0,0,0,0.273356676102,-0.268318831921,1.189472913742,-0.031382586807,-0.021372720599,0.005663372576,-0.999262869358
195,1413393894.755760431290,1413393895.755760431290,1,1,1,0,0,0,0,0.280395150185,-0.259173661470,1.170541405678,-0.031670454890,-0.030560640618,0.001502563246,-0.999029934406
196,1413393894.805760622025,1413393895.805760622025,1,1,1,0,0,0,0,0.285726964474,-0.257523566484,1.151057004929,0.034704070538,0.041902132332,0.001138576888,0.998518168926
197,1413393894.855760335922,1413393895.855760335922,1,1,1,0,0,0,0,0.293180346489,-0.250457167625,1.131512403488,-0.034407112747,-0.054859884083,-0.004828053992,-0.997889399529
198,1413393894.905760526657,1413393895.905760526657,1,1,1,0,0,0,0,0.300039052963,-0.238252818584,1.113758325577,-0.031877182424,-0.070673502982,-0.008796079084,-0.996951282024
199,1413393894.955760478973,1413393895.955760478973,1,1,1,0,0,0,0,0.306578576565,-0.221562623978,1.091529488564,-0.026253417134,-0.086503297091,-0.015696791932,-0.995781898499
200,1413393895.005760431290,1413393896.005760431290,1,1,1,0,0,0,0,0.313021838665,-0.199693858624,1.073511958122,-0.017921369523,-0.105346836150,-0.018855215982,-0.994095265865
201,1413393895.055760383606,1413393896.055760383606,1,1,1,0,0,0,0,0.319515645504,-0.180198937654,1.049280643463,-0.010517839342,-0.125703468919,-0.023133061826,-0.991742372513
202,1413393895.105760574341,1413393896.105760574341,1,1,1,0,0,0,0,0.320931792259,-0.168474733829,1.019785881042,-0.008137328550,-0.147462829947,-0.027909372002,-0.988640308380
203,1413393895.155760288239,1413393896.155760288239,1,1,1,0,0,0,0,0.324069380760,-0.163029640913,0.988404572010,-0.010041660629,-0.167718634009,-0.035086944699,-0.985159218311
204,1413393895.205760478973,1413393896.205760478973,1,1,1,0,0,0,0,0.327889144421,-0.164297938347,0.966591119766,-0.015053332783,-0.189661115408,-0.039888411760,-0.980923533440
205,1413393895.255760431290,1413393896.255760431290,1,1,1,0,0,0,0,0.328863382339,-0.161261975765,0.936303079128,-0.022601457313,-0.211583718657,-0.044370766729,-0.976090550423
206,1413393895.305760622025,1413393896.305760622025,1,1,1,0,0,0,0,0.329801976681,-0.152316957712,0.910394310951,-0.026356605813,-0.233512833714,-0.047657426447,-0.970827460289
207,1413393895.355760335922,1413393896.355760335922,1,1,1,0,0,0,0,0.327938318253,-0.144022464752,0.878835082054,-0.028625266626,-0.254964947701,-0.052276894450,-0.965111732483
208,1413393895.405760526657,1413393896.405760526657,1,1,1,0,0,0,0,0.323692679405,-0.139140963554,0.847921252251,-0.030781127512,-0.275915980339,-0.059402812272,-0.958850562572
209,1413393895.455760478973,1413393896.455760478973,1,1,1,0,0,0,0,0.316180169582,-0.140530467033,0.810644567013,-0.035019233823,-0.293673664331,-0.074253000319,-0.952373862267
210,1413393895.505760431290,1413393896.505760431290,1,1,1,0,0,0,0,0.302221834660,-0.145152807236,0.771475613117,-0.034327574074,-0.310173988342,-0.087643526495,-0.946008682251
211,1413393895.555760383606,1413393896.555760383606,1,1,1,0,0,0,0,0.285102605820,-0.154155611992,0.729973673820,0.033846307546,0.324396401644,0.103690862656,0.939611434937
212,1413393895.605760574341,1413393896.605760574341,1,1,1,0,0,0,0,0.266369462013,-0.160622537136,0.678152501583,-0.031306680292,-0.337629348040,-0.116494715214,-0.933517754078
213,1413393895.655760288239,1413393896.655760288239,1,1,1,0,0,0,0,0.246190547943,-0.166013896465,0.649101853371,-0.026945082471,-0.348944693804,-0.130644679070,-0.927600920200
214,1413393895.705760478973,1413393896.705760478973,1,1,1,0,0,0,0,0.225500464439,-0.164321839809,0.604680955410,-0.019278584048,-0.358313560486,-0.144852742553,-0.922094047070
215,1413393895.755760431290,1413393896.755760431290,1,1,1,0,0,0,0,0.205175817013,-0.166207492352,0.560864269733,-0.014319474809,-0.365981817245,-0.158221438527,-0.916961431503
216,1413393895.805760622025,1413393896.805760622025,1,1,1,0,0,0,0,0.186025381088,-0.166404187679,0.514845430851,-0.008850069717,-0.371814250946,-0.169625088573,-0.912635326385
217,1413393895.855760335922,1413393896.855760335922,1,1,1,0,0,0,0,0.166926264763,-0.166220307350,0.468516945839,-0.002295590239,-0.375061720610,-0.181878045201,-0.908979535103
218,1413393895.905760526657,1413393896.905760526657,1,1,1,0,0,0,0,0.150610208511,-0.166563510895,0.418703258038,0.007044138387,-0.375985980034,-0.194454103708,-0.905964970589
219,1413393895.955760478973,1413393896.955760478973,1,1,1,0,0,0,0,0.144217014313,-0.173503577709,0.400570511818,0.018696555868,-0.377210795879,-0.200701296329,-0.903925597668
220,1413393896.005760431290,1413393897.005760431290,1,1,1,0,0,0,0,0.136973500252,-0.169520854950,0.343007743359,0.036678481847,-0.373468637466,-0.205744862556,-0.903794765472
221,1413393896.055760383606,1413393897.055760383606,1,1,1,0,0,0,0,0.135896801949,-0.164408564568,0.298098802567,0.060315635055,-0.369046002626,-0.200453802943,-0.905530452728
222,1413393896.105760574341,1413393897.105760574341,1,1,1,0,0,0,0,0.142295002937,-0.156390845776,0.254347145557,0.082607321441,-0.362885713577,-0.187046766281,-0.909122407436
223,1413393896.155760288239,1413393897.155760288239,1,1,1,0,0,0,0,0.147781968117,-0.153554856777,0.232010543346,0.099934995174,-0.358920335770,-0.165420338511,-0.913140416145
224,1413393896.205760478973,1413393897.205760478973,1,1,1,0,0,0,0,0.167937278748,-0.143183469772,0.200555026531,0.111884534359,-0.352352201939,-0.139230936766,-0.918664574623
225,1413393896.255760431290,1413393897.255760431290,1,1,1,0,0,0,0,0.192142128944,-0.133224904537,0.180112481117,0.118913270533,-0.344542950392,-0.107033781707,-0.925037026405
226,1413393896.305760622025,1413393897.305760622025,1,1,1,0,0,0,0,0.210419774055,-0.126299440861,0.168202996254,0.117147438228,-0.335131883621,-0.074492275715,-0.931887388229
227,1413393896.355760335922,1413393897.355760335922,1,1,1,0,0,0,0,0.236827492714,-0.123038858175,0.165175974369,0.111390016973,-0.322281241417,-0.047291088849,-0.938877344131
228,1413393896.405760526657,1413393897.405760526657,1,1,1,0,0,0,0,0.255520820618,-0.118891149759,0.177244782448,0.102042406797,-0.306733816862,-0.028320768848,-0.945885658264
229,1413393896.455760478973,1413393897.455760478973,1,1,1,0,0,0,0,0.269257903099,-0.126899659634,0.194767415524,0.089039266109,-0.290018737316,-0.013772540726,-0.952770411968
230,1413393896.505760431290,1413393897.505760431290,1,1,1,0,0,0,0,0.283562660217,-0.135270893574,0.218155145645,-0.073655180633,0.270250856876,0.005443074740,0.959953069687
231,1413393896.555760383606,1413393897.555760383606,1,1,1,0,0,0,0,0.298165559769,-0.146048665047,0.238939523697,0.057631857693,-0.249413654208,0.003926164471,-0.966672658920
232,1413393896.605760574341,1413393897.605760574341,1,1,1,0,0,0,0,0.300860285759,-0.159257620573,0.272748470306,0.045766532421,-0.228013038635,0.009554080665,-0.972534954548
233,1413393896.655760288239,1413393897.655760288239,1,1,1,0,0,0,0,0.292335867882,-0.174659997225,0.313926100731,-0.036277443171,0.206907615066,-0.016744511202,0.977544248104
234,1413393896.705760478973,1413393897.705760478973,1,1,1,0,0,0,0,0.282066226006,-0.189145088196,0.352461844683,-0.028712375090,0.186182692647,-0.026647202671,0.981733977795
235,1413393896.755760431290,1413393897.755760431290,1,1,1,0,0,0,0,0.265410542488,-0.205155581236,0.392152428627,-0.020759060979,0.167460575700,-0.039626847953,0.984863281250
236,1413393896.805760622025,1413393897.805760622025,1,1,1,0,0,0,0,0.241465926170,-0.230026215315,0.440348893404,-0.014541676268,0.149252504110,-0.054738182575,0.987175762653
237,1413393896.855760335922,1413393897.855760335922,1,1,1,0,0,0,0,0.227165579796,-0.246230021119,0.466708868742,0.004408130888,-0.131876558065,0.069090716541,-0.988845586777
238,1413393896.905760526657,1413393897.905760526657,1,1,1,0,0,0,0,0.185159206390,-0.268767297268,0.502982318401,-0.006855644286,-0.117949187756,0.082298278809,-0.989579677582
239,1413393896.955760478973,1413393897.955760478973,1,1,1,0,0,0,0,0.140020847321,-0.289396703243,0.535529315472,0.020352369174,0.106389336288,-0.092174999416,0.989833772182
240,1413393897.005760431290,1413393898.005760431290,1,1,1,0,0,0,0,0.087837457657,-0.316838324070,0.563154041767,0.038456168026,0.098505273461,-0.094459243119,0.989896655083
241,1413393897.055760383606,1413393898.055760383606,1,1,1,0,0,0,0,0.047627568245,-0.348885387182,0.580747663975,-0.059234730899,-0.092921629548,0.087756186724,-0.990028142929
242,1413393897.105760574341,1413393898.105760574341,1,1,1,0,0,0,0,-0.006050109863,-0.379539608955,0.592891871929,-0.080168649554,-0.089204862714,0.073752626777,-0.990038454533
243,1413393897.155760288239,1413393898.155760288239,1,1,1,0,0,0,0,-0.058993935585,-0.403945535421,0.603048682213,0.100278273225,0.086118862033,-0.051692146808,0.989876687527
244,1413393897.205760478973,1413393898.205760478973,1,1,1,0,0,0,0,-0.103255271912,-0.420864164829,0.605351030827,-0.115238524973,-0.084423013031,0.022495266050,-0.989488244057
245,1413393897.255760431290,1413393898.255760431290,1,1,1,0,0,0,0,-0.154486298561,-0.434046000242,0.608437418938,-0.123858988285,-0.083950042725,-0.008176968433,-0.988708496094
246,1413393897.305760622025,1413393898.305760622025,1,1,1,0,0,0,0,-0.196069478989,-0.438673913479,0.613084375858,-0.125049620867,-0.083671636879,-0.038874436170,-0.987851500511
247,1413393897.355760335922,1413393898.355760335922,1,1,1,0,0,0,0,-0.243306756020,-0.441213726997,0.612789452076,-0.126804158092,-0.084369800985,-0.066688977182,-0.986080646515
248,1413393897.405760526657,1413393898.405760526657,1,1,1,0,0,0,0,-0.288311243057,-0.444424510002,0.610273063183,-0.133333280683,-0.087258458138,-0.082818828523,-0.983742475510
249,1413393897.455760478973,1413393898.455760478973,1,1,1,0,0,0,0,-0.335255503654,-0.439428269863,0.596622407436,0.143616423011,0.089913077652,0.091422423720,0.981290996075
250,1413393897.505760431290,1413393898.505760431290,1,1,1,0,0,0,0,-0.380231738091,-0.430991947651,0.578130960464,0.148334622383,0.092575065792,0.097175136209,0.979787647724
251,1413393897.555760383606,1413393898.555760383606,1,1,1,0,0,0,0,-0.417857766151,-0.410021424294,0.546674489975,-0.136721059680,-0.090119376779,-0.107635803521,-0.980612337589
252,1413393897.605760574341,1413393898.605760574341,1,1,1,0,0,0,0,-0.456452488899,-0.394726574421,0.511897563934,-0.113486103714,-0.088926233351,-0.112170353532,-0.983173906803
253,1413393897.655760288239,1413393898.655760288239,1,1,1,0,0,0,0,-0.488879561424,-0.378036260605,0.471077382565,0.085836745799,0.087481379509,0.120044544339,0.985174238682
254,1413393897.705760478973,1413393898.705760478973,1,1,1,0,0,0,0,-0.517797827721,-0.348837077618,0.413648366928,-0.054764479399,-0.087199062109,-0.125580340624,-0.986725270748
255,1413393897.755760431290,1413393898.755760431290,1,1,1,0,0,0,0,-0.543349146843,-0.325520634651,0.364329427481,-0.019201835617,-0.085984282196,-0.132565483451,-0.987250924110
256,1413393897.805760622025,1413393898.805760622025,1,1,1,0,0,0,0,-0.562330842018,-0.298792600632,0.309601068497,0.019499158487,-0.085669487715,-0.139250665903,-0.986351788044
257,1413393897.855760335922,1413393898.855760335922,1,1,1,0,0,0,0,-0.578358769417,-0.273965001106,0.256549030542,0.057787533849,-0.084155246615,-0.144375920296,-0.984242916107
258,1413393897.905760526657,1413393898.905760526657,1,1,1,0,0,0,0,-0.590216994286,-0.251753926277,0.215898126364,0.088961131871,-0.081827715039,-0.147894352674,-0.981589198112
259,1413393897.955760478973,1413393898.955760478973,1,1,1,0,0,0,0,-0.594711303711,-0.233466207981,0.162301242352,0.117107003927,-0.077701583505,-0.148486375809,-0.978877007961
260,1413393898.005760431290,1413393899.005760431290,1,1,1,0,0,0,0,-0.592337727547,-0.215421974659,0.115597128868,0.141656145453,-0.072061486542,-0.144102245569,-0.976716518402
261,1413393898.055760383606,1413393899.055760383606,1,1,1,0,0,0,0,-0.581211924553,-0.204113841057,0.068214803934,0.156604066491,-0.066491819918,-0.132104858756,-0.976525664330
262,1413393898.105760574341,1413393899.105760574341,1,1,1,0,0,0,0,-0.563993453979,-0.194165229797,0.035073518753,0.162478059530,-0.062217168510,-0.112411357462,-0.978311598301
263,1413393898.155760288239,1413393899.155760288239,1,1,1,0,0,0,0,-0.539773225784,-0.185574829578,0.010389804840,0.152632534504,-0.059426981956,-0.087841704488,-0.982576012611
264,1413393898.205760478973,1413393899.205760478973,1,1,1,0,0,0,0,-0.511258602142,-0.176667273045,-0.003476262093,0.128793522716,-0.056473106146,-0.062157928944,-0.988109052181
265,1413393898.255760431290,1413393899.255760431290,1,1,1,0,0,0,0,-0.480718493462,-0.166926980019,-0.008131414652,-0.099369548261,0.051707711071,0.040550936013,0.992878496647
266,1413393898.305760622025,1413393899.305760622025,1,1,1,0,0,0,0,-0.449004888535,-0.163521587849,-0.001278340816,0.064133219421,-0.046712044626,-0.023978522047,-0.996559083462
267,1413393898.355760335922,1413393899.355760335922,1,1,1,0,0,0,0,-0.421033024788,-0.160669267178,0.002328157425,0.033182591200,-0.041201476008,-0.007278414443,-0.998573243618
268,1413393898.405760526657,1413393899.405760526657,1,1,1,0,0,0,0,-0.392958164215,-0.154841661453,0.017526447773,0.010867734440,-0.034389331937,0.005659929942,-0.999333441257
269,1413393898.455760478973,1413393899.455760478973,1,1,1,0,0,0,0,-0.370701074600,-0.150718390942,0.034297555685,-0.003949883394,-0.028822772205,0.018226772547,-0.999410510063
270,1413393898.505760431290,1413393899.505760431290,1,1,1,0,0,0,0,-0.345002174377,-0.150238782167,0.048260241747,-0.025477023795,-0.021094739437,0.023842558265,-0.999168336391
271,1413393898.555760383606,1413393899.555760383606,1,1,1,0,0,0,0,-0.320051908493,-0.158181637526,0.050911188126,0.060066651553,0.015075562522,-0.030787562951,0.997605621815
272,1413393898.605760574341,1413393899.605760574341,1,1,1,0,0,0,0,-0.296041965485,-0.178774744272,0.045535176992,-0.100183181465,-0.007837231271,0.028453761712,-0.994531214237
273,1413393898.655760288239,1413393899.655760288239,1,1,1,0,0,0,0,-0.277122020721,-0.194287776947,0.032572239637,-0.130665004253,0.000946569489,0.025230910629,-0.991105079651
274,1413393898.705760478973,1413393899.705760478973,1,1,1,0,0,0,0,-0.257138490677,-0.211394280195,0.010668039322,-0.149504110217,0.010420445353,0.019491273910,-0.988514065742
275,1413393898.755760431290,1413393899.755760431290,1,1,1,0,0,0,0,-0.238677024841,-0.223226845264,-0.021085262299,-0.153586417437,0.018888520077,0.013418105431,-0.987863540649
276,1413393898.805760622025,1413393899.805760622025,1,1,1,0,0,0,0,-0.217993021011,-0.230716645718,-0.064274579287,-0.154315531254,0.027049675584,0.006815150380,-0.987627744675
277,1413393898.855760335922,1413393899.855760335922,1,1,1,0,0,0,0,-0.197286128998,-0.227092534304,-0.112177312374,-0.146603673697,0.036271210760,-0.002048044698,-0.988527953625
278,1413393898.905760526657,1413393899.905760526657,1,1,1,0,0,0,0,-0.179277181625,-0.203789412975,-0.164948910475,-0.127629935741,0.044142615050,-0.009156783111,-0.990796804428
279,1413393898.955760478973,1413393899.955760478973,1,1,1,0,0,0,0,-0.156647682190,-0.178455561399,-0.225866168737,-0.101065099239,0.050751537085,-0.017906913534,-0.993423104286
280,1413393899.005760431290,1413393900.005760431290,1,1,1,0,0,0,0,-0.125612258911,-0.147087097168,-0.273356199265,-0.077550858259,0.055909316987,-0.028821075335,-0.995002269745
281,1413393899.055760383606,1413393900.055760383606,1,1,1,0,0,0,0,-0.090009212494,-0.114149063826,-0.320402443409,-0.052664563060,0.060683086514,-0.043526381254,-0.995815992355
282,1413393899.105760574341,1413393900.105760574341,1,1,1,0,0,0,0,-0.050266981125,-0.082949697971,-0.363604754210,0.022055579349,-0.063420884311,0.060007408261,0.995936989784
283,1413393899.155760288239,1413393900.155760288239,1,1,1,0,0,0,0,-0.003556251526,-0.050929367542,-0.392626762390,0.020602004603,0.061377942562,-0.069045282900,-0.995510458946
284,1413393899.205760478973,1413393900.205760478973,1,1,1,0,0,0,0,0.039660692215,-0.036683619022,-0.430655777454,0.074170276523,0.056310374290,-0.071587391198,-0.993077695370
285,1413393899.255760431290,1413393900.255760431290,1,1,1,0,0,0,0,0.083979845047,-0.031619966030,-0.457058906555,0.127755433321,0.047056093812,-0.063302516937,-0.988664329052
286,1413393899.305760622025,1413393900.305760622025,1,1,1,0,0,0,0,0.130287647247,-0.039104819298,-0.488403677940,0.177871748805,0.035786624998,-0.044856350869,-0.982379257679
287,1413393899.355760335922,1413393900.355760335922,1,1,1,0,0,0,0,0.176448106766,-0.051056921482,-0.510349512100,0.214670941234,0.025395924225,-0.023510022089,-0.976073145866
288,1413393899.405760526657,1413393900.405760526657,1,1,1,0,0,0,0,0.221535921097,-0.063595354557,-0.524717569351,0.232252448797,0.015598602593,-0.002702885075,-0.972526729107
289,1413393899.455760478973,1413393900.455760478973,1,1,1,0,0,0,0,0.260703325272,-0.066147863865,-0.529013991356,0.237161621451,0.007182104979,0.016178311780,-0.971309006214
290,1413393899.505760431290,1413393900.505760431290,1,1,1,0,0,0,0,0.300348281860,-0.075965940952,-0.525276422501,0.235562324524,-0.001908803009,0.035119492561,-0.971222698689
291,1413393899.555760383606,1413393900.555760383606,1,1,1,0,0,0,0,0.339365720749,-0.080680131912,-0.516341567039,0.224214941263,-0.010252758861,0.051108594984,-0.973144650459
292,1413393899.605760574341,1413393900.605760574341,1,1,1,0,0,0,0,0.374110460281,-0.074961721897,-0.496509492397,-0.198223516345,0.017059462145,-0.064545534551,0.977880477905
293,1413393899.655760288239,1413393900.655760288239,1,1,1,0,0,0,0,0.407902956009,-0.060671329498,-0.474020004272,-0.159617900848,0.024388208985,-0.076502382755,0.983907938004
294,1413393899.705760478973,1413393900.705760478973,1,1,1,0,0,0,0,0.438236713409,-0.029797315598,-0.443726241589,-0.108023345470,0.031346432865,-0.083256646991,0.990159988403
295,1413393899.755760431290,1413393900.755760431290,1,1,1,0,0,0,0,0.470369100571,0.009882569313,-0.407175540924,-0.046901457012,0.036670375615,-0.087966293097,0.994342803955
296,1413393899.805760622025,1413393900.805760622025,1,1,1,0,0,0,0,0.500275135040,0.046232700348,-0.358083546162,-0.010380307212,-0.040137007833,0.088048569858,-0.995253086090
297,1413393899.855760335922,1413393900.855760335922,1,1,1,0,0,0,0,0.525024890900,0.079707026482,-0.309966444969,-0.062585465610,-0.042487677187,0.086272686720,-0.993395626545
298,1413393899.905760526657,1413393900.905760526657,1,1,1,0,0,0,0,0.547645330429,0.105886489153,-0.256997644901,-0.106332868338,-0.042981158942,0.082496002316,-0.989969909191
299,1413393899.955760478973,1413393900.955760478973,1,1,1,0,0,0,0,0.571805715561,0.128068894148,-0.192815482616,0.140007346869,0.040355198085,-0.075042985380,0.986477613449
300,1413393900.005760431290,1413393901.005760431290,1,1,1,0,0,0,0,0.586168289185,0.141345500946,-0.142965689301,0.159845948219,0.035125993192,-0.065772987902,0.984321773052
301,1413393900.055760383606,1413393901.055760383606,1,1,1,0,0,0,0,0.591995239258,0.146683841944,-0.108273059130,-0.165416851640,-0.027321301401,0.055125426501,-0.984302818775
302,1413393900.105760574341,1413393901.105760574341,1,1,1,0,0,0,0,0.596750140190,0.161503702402,-0.073954358697,-0.157770365477,-0.023022547364,0.050809767097,-0.985898971558
303,1413393900.155760288239,1413393901.155760288239,1,1,1,0,0,0,0,0.591690778732,0.183185219765,-0.048092097044,-0.138523399830,-0.019534483552,0.043534379452,-0.989208996296
304,1413393900.205760478973,1413393901.205760478973,1,1,1,0,0,0,0,0.585532784462,0.210587441921,-0.028114110231,-0.118421912193,-0.017974041402,0.040892206132,-0.991958200932
305,1413393900.255760431290,1413393901.255760431290,1,1,1,0,0,0,0,0.568591356277,0.247016549110,-0.014856964350,-0.097108788788,-0.015117623843,0.033597048372,-0.994591653347
306,1413393900.305760622025,1413393901.305760622025,1,1,1,0,0,0,0,0.549671769142,0.285052120686,-0.011926293373,-0.073392875493,-0.010230875574,0.022026250139,-0.997007369995
307,1413393900.355760335922,1413393901.355760335922,1,1,1,0,0,0,0,0.525472998619,0.323255121708,-0.023686289787,-0.047896131873,-0.004518498201,0.009189608507,-0.998799860477
308,1413393900.405760526657,1413393901.405760526657,1,1,1,0,0,0,0,0.504913806915,0.354476273060,-0.048445641994,-0.013226086274,0.001559419557,-0.001922974363,-0.999909460545
309,1413393900.455760478973,1413393901.455760478973,1,1,1,0,0,0,0,0.486079931259,0.377178609371,-0.080870807171,0.024849083275,0.006938600447,-0.010964103974,-0.999606966972
310,1413393900.505760431290,1413393901.505760431290,1,1,1,0,0,0,0,0.473090648651,0.387034595013,-0.121741771698,0.064586907625,0.009528703056,-0.013365412131,-0.997777104378
311,1413393900.555760383606,1413393901.555760383606,1,1,1,0,0,0,0,0.461599946022,0.385049700737,-0.166758835316,0.105444394052,0.011259981431,-0.012352897786,-0.994284749031
312,1413393900.605760574341,1413393901.605760574341,1,1,1,0,0,0,0,0.455934405327,0.365187227726,-0.202951371670,0.146314814687,0.011015921831,-0.006033873651,-0.989158391953
313,1413393900.655760288239,1413393901.655760288239,1,1,1,0,0,0,0,0.453879475594,0.337424516678,-0.233350783587,0.174645632505,0.009238809347,0.005551436916,-0.984572350979
314,1413393900.705760478973,1413393901.705760478973,1,1,1,0,0,0,0,0.451067447662,0.297513008118,-0.250671684742,0.189802959561,0.007158196066,0.019535366446,-0.981601715088
315,1413393900.755760431290,1413393901.755760431290,1,1,1,0,0,0,0,0.446645855904,0.254667937756,-0.249417468905,-0.193065047264,-0.004141735844,-0.032054129988,0.980653524399
316,1413393900.805760622025,1413393901.805760622025,1,1,1,0,0,0,0,0.439480781555,0.219852447510,-0.222940951586,-0.185288324952,-0.000708915410,-0.040851786733,0.981834471226
317,1413393900.855760335922,1413393901.855760335922,1,1,1,0,0,0,0,0.430344700813,0.181420922279,-0.196291863918,0.171905964613,-0.003729527583,0.048050533980,-0.983933806419
318,1413393900.905760526657,1413393901.905760526657,1,1,1,0,0,0,0,0.417229413986,0.148799121380,-0.145859599113,0.154687389731,-0.008454864845,0.051731195301,-0.986571967602
319,1413393900.955760478973,1413393901.955760478973,1,1,1,0,0,0,0,0.402285695076,0.118776917458,-0.087696641684,0.131145849824,-0.015482413583,0.057919334620,-0.989548563957
320,1413393901.005760431290,1413393902.005760431290,1,1,1,0,0,0,0,0.384286761284,0.085149347782,-0.024916619062,0.104679442942,-0.021941257641,0.065516225994,-0.992103099823
321,1413393901.055760383606,1413393902.055760383606,1,1,1,0,0,0,0,0.367385029793,0.042830109596,0.038927614689,0.076384969056,-0.027774449438,0.073048733175,-0.994010984898
322,1413393901.105760574341,1413393902.105760574341,1,1,1,0,0,0,0,0.339394569397,0.003349989653,0.107940018177,0.044374920428,-0.030461402610,0.072224639356,-0.995935082436
323,1413393901.155760288239,1413393902.155760288239,1,1,1,0,0,0,0,0.307717800140,-0.045293927193,0.175678461790,0.006273404695,-0.030938940123,0.068703062832,-0.997137606144
324,1413393901.205760478973,1413393902.205760478973,1,1,1,0,0,0,0,0.271526455879,-0.095754444599,0.237910985947,-0.025880128145,-0.028959983960,0.058587100357,-0.997526526451
325,1413393901.255760431290,1413393902.255760431290,1,1,1,0,0,0,0,0.233489394188,-0.149560183287,0.293746083975,-0.053204104304,-0.026475306600,0.047721039504,-0.997091352940
326,1413393901.305760622025,1413393902.305760622025,1,1,1,0,0,0,0,0.193125724792,-0.203902900219,0.343757390976,-0.074507452548,-0.023424621671,0.037916306406,-0.996224045753
327,1413393901.355760335922,1413393902.355760335922,1,1,1,0,0,0,0,0.153422832489,-0.261345893145,0.387313961983,-0.088972404599,-0.020766660571,0.031216641888,-0.995328247547
328,1413393901.405760526657,1413393902.405760526657,1,1,1,0,0,0,0,0.111113190651,-0.309159487486,0.428333938122,-0.103567332029,-0.019105523825,0.025936774909,-0.994100630283
329,1413393901.455760478973,1413393902.455760478973,1,1,1,0,0,0,0,0.067294955254,-0.352805674076,0.464300930500,0.117113135755,0.017344739288,-0.022831272334,0.992704570293
330,1413393901.505760431290,1413393902.505760431290,1,1,1,0,0,0,0,0.024562358856,-0.384395986795,0.496874570847,-0.128483831882,-0.015175525099,0.017419423908,-0.991442441940
331,1413393901.555760383606,1413393902.555760383606,1,1,1,0,0,0,0,-0.019340038300,-0.415007025003,0.523414015770,-0.134102776647,-0.013153864071,0.011207840405,-0.990816771984
332,1413393901.605760574341,1413393902.605760574341,1,1,1,0,0,0,0,-0.061367273331,-0.439155995846,0.543544292450,0.132986649871,0.010342315771,-0.003411016194,0.991057991982
333,1413393901.655760288239,1413393902.655760288239,1,1,1,0,0,0,0,-0.103289365768,-0.447017788887,0.567797124386,0.120195515454,0.007401753217,0.006857464090,0.992699027061
334,1413393901.705760478973,1413393902.705760478973,1,1,1,0,0,0,0,-0.144838690758,-0.440797477961,0.593254327774,-0.097451917827,-0.004878331441,-0.016314173117,-0.995094537735
335,1413393901.755760431290,1413393902.755760431290,1,1,1,0,0,0,0,-0.185291886330,-0.423031032085,0.619728207588,-0.070922367275,-0.001695932006,-0.023980563506,-0.997192144394
336,1413393901.805760622025,1413393902.805760622025,1,1,1,0,0,0,0,-0.228179931641,-0.402356624603,0.639986455441,-0.039676826447,0.000981503050,-0.031091826037,-0.998728275299
337,1413393901.855760335922,1413393902.855760335922,1,1,1,0,0,0,0,-0.269048929214,-0.389311134815,0.655541896820,-0.013935884461,0.004431542940,-0.036880038679,-0.999212741852
338,1413393901.905760526657,1413393902.905760526657,1,1,1,0,0,0,0,-0.310134530067,-0.387815892696,0.661651730537,-0.006619347725,-0.007620936260,0.043203845620,0.999015390873
339,1413393901.955760478973,1413393902.955760478973,1,1,1,0,0,0,0,-0.348591804504,-0.394949078560,0.660472810268,0.020903168246,0.010473222472,-0.049226108938,-0.998513996601
340,1413393902.005760431290,1413393903.005760431290,1,1,1,0,0,0,0,-0.380723595619,-0.405010640621,0.663301467896,0.030113169923,0.013636597432,-0.056081302464,-0.997878909111
341,1413393902.055760383606,1413393903.055760383606,1,1,1,0,0,0,0,-0.410991072655,-0.420956909657,0.663451910019,-0.033858962357,-0.015429882333,0.061647556722,0.997404217720
342,1413393902.105760574341,1413393903.105760574341,1,1,1,0,0,0,0,-0.433919787407,-0.438066303730,0.663611412048,-0.032088696957,-0.015676133335,0.061782326549,0.997450530529
343,1413393902.155760288239,1413393903.155760288239,1,1,1,0,0,0,0,-0.455026507378,-0.454425454140,0.668051123619,-0.026600183919,-0.014574551955,0.060077100992,0.997732818127
344,1413393902.205760478973,1413393903.205760478973,1,1,1,0,0,0,0,-0.470438599586,-0.473239481449,0.675032377243,-0.019193531945,-0.012577520683,0.056350208819,0.998147368431
345,1413393902.255760431290,1413393903.255760431290,1,1,1,0,0,0,0,-0.486748099327,-0.487885117531,0.681498587132,0.012507455423,0.009291626513,-0.052848376334,-0.998480975628
346,1413393902.305760622025,1413393903.305760622025,1,1,1,0,0,0,0,-0.494908571243,-0.503795742989,0.687410473824,0.006258830428,0.004144468810,-0.049920804799,-0.998725056648
347,1413393902.355760335922,1413393903.355760335922,1,1,1,0,0,0,0,-0.502377510071,-0.518641591072,0.695832133293,-0.003515976248,0.003570507048,0.048868224025,0.998792707920
348,1413393902.405760526657,1413393903.405760526657,1,1,1,0,0,0,0,-0.510800957680,-0.531911849976,0.703554213047,0.003061379073,-0.014139278792,-0.050798334181,-0.998604178429
349,1413393902.455760478973,1413393903.455760478973,1,1,1,0,0,0,0,-0.511486411095,-0.539809346199,0.715301334858,0.004625029396,-0.026126587763,-0.056774120778,-0.998034477234
350,1413393902.505760431290,1413393903.505760431290,1,1,1,0,0,0,0,-0.513003230095,-0.540777027607,0.731212913990,0.007399050985,-0.039487935603,-0.065116345882,-0.997068643570
351,1413393902.555760383606,1413393903.555760383606,1,1,1,0,0,0,0,-0.510668873787,-0.537794589996,0.742450773716,0.005636770744,-0.053696881980,-0.074271917343,-0.995775401592
352,1413393902.605760574341,1413393903.605760574341,1,1,1,0,0,0,0,-0.506617546082,-0.534865021706,0.757019340992,0.002296575811,0.067539095879,0.084803491831,0.994103431702
353,1413393902.655760288239,1413393903.655760288239,1,1,1,0,0,0,0,-0.501775741577,-0.533595860004,0.768175721169,-0.012668271549,-0.080636531115,-0.095414161682,-0.992085397243
354,1413393902.705760478973,1413393903.705760478973,1,1,1,0,0,0,0,-0.495865225792,-0.526680827141,0.778122782707,-0.019828088582,-0.092935815454,-0.105945609510,-0.989820897579
355,1413393902.755760431290,1413393903.755760431290,1,1,1,0,0,0,0,-0.486568689346,-0.516851842403,0.791186869144,-0.027020748705,-0.105482831597,-0.114046826959,-0.987490057945
356,1413393902.805760622025,1413393903.805760622025,1,1,1,0,0,0,0,-0.470501422882,-0.499040365219,0.799594044685,-0.033194310963,-0.116290703416,-0.117007791996,-0.985740244389
357,1413393902.855760335922,1413393903.855760335922,1,1,1,0,0,0,0,-0.453917503357,-0.480334520340,0.808864295483,0.038804709911,0.125811219215,0.118657410145,0.984167814255
358,1413393902.905760526657,1413393903.905760526657,1,1,1,0,0,0,0,-0.436093091965,-0.466639220715,0.811543405056,-0.048742242157,-0.133833318949,-0.117289893329,-0.982830524445
359,1413393902.955760478973,1413393903.955760478973,1,1,1,0,0,0,0,-0.413148283958,-0.455411672592,0.810920834541,-0.059598147869,-0.139832869172,-0.116349764168,-0.981507837772
360,1413393903.005760431290,1413393904.005760431290,1,1,1,0,0,0,0,-0.388384103775,-0.442818760872,0.808139085770,-0.069106556475,-0.145662784576,-0.112802423537,-0.980450034142
361,1413393903.055760383606,1413393904.055760383606,1,1,1,0,0,0,0,-0.365191459656,-0.425703048706,0.806040167809,-0.072751432657,-0.150478199124,-0.107976473868,-0.980002343655
362,1413393903.105760574341,1413393904.105760574341,1,1,1,0,0,0,0,-0.334504842758,-0.400763571262,0.802051067352,-0.072063863277,-0.154609471560,-0.105883181095,-0.979638516903
363,1413393903.155760288239,1413393904.155760288239,1,1,1,0,0,0,0,-0.299704313278,-0.363618373871,0.795248091221,-0.061249472201,-0.158418133855,-0.102944374084,-0.980078935623
364,1413393903.205760478973,1413393904.205760478973,1,1,1,0,0,0,0,-0.265755653381,-0.325354993343,0.790200829506,-0.049366891384,-0.160803750157,-0.101511821151,-0.980510354042
365,1413393903.255760431290,1413393904.255760431290,1,1,1,0,0,0,0,-0.235532522202,-0.286848902702,0.775769233704,-0.036851637065,-0.161402925849,-0.099351063371,-0.981183171272
366,1413393903.305760622025,1413393904.305760622025,1,1,1,0,0,0,0,-0.205411911011,-0.251111030579,0.757867157459,0.028276454657,0.159562602639,0.096499457955,0.982052981853
367,1413393903.355760335922,1413393904.355760335922,1,1,1,0,0,0,0,-0.180452823639,-0.231292128563,0.734015345573,-0.024007849395,-0.153521642089,-0.095163919032,-0.983259201050
368,1413393903.405760526657,1413393904.405760526657,1,1,1,0,0,0,0,-0.156703472137,-0.210072159767,0.704759597778,-0.019656877965,-0.145258083940,-0.091664418578,-0.984942376614
369,1413393903.455760478973,1413393904.455760478973,1,1,1,0,0,0,0,-0.133673906326,-0.199092507362,0.674331665039,0.017213121057,0.136649712920,0.085875153542,0.986740171909
370,1413393903.505760431290,1413393904.505760431290,1,1,1,0,0,0,0,-0.115409612656,-0.203947067261,0.646519362926,0.014747891575,0.128811135888,0.076932325959,0.988570451736
371,1413393903.555760383606,1413393904.555760383606,1,1,1,0,0,0,0,-0.089208126068,-0.210555791855,0.613127052784,0.011374478228,0.123040132225,0.064272962511,0.990252852440
372,1413393903.605760574341,1413393904.605760574341,1,1,1,0,0,0,0,-0.057542562485,-0.212164759636,0.583320975304,-0.003601712640,0.122075594962,0.044136166573,0.991532504559
373,1413393903.655760288239,1413393904.655760288239,1,1,1,0,0,0,0,-0.026227474213,-0.213348746300,0.557080566883,-0.024994889274,0.123905599117,0.021133041009,0.991753995419
374,1413393903.705760478973,1413393904.705760478973,1,1,1,1,0,0,0,0.005899667740,-0.216240823269,0.532175838947,-0.044053558260,0.126680150628,0.002510144841,0.990961730480
375,1413393903.755760431290,1413393904.755760431290,1,1,1,1,0,0,0,0.038503646851,-0.221261024475,0.512827277184,-0.061687849462,0.130841687322,-0.013634276576,0.989388346672
376,1413393903.805760622025,1413393904.805760622025,1,1,1,1,0,0,0,0.067148566246,-0.232738733292,0.498470872641,-0.070684619248,0.137178674340,-0.025544034317,0.987690865993
377,1413393903.855760335922,1413393904.855760335922,1,1,1,1,0,0,0,0.097927451134,-0.246807456017,0.486997514963,-0.072955898941,0.145535245538,-0.037831354886,0.985934019089
378,1413393903.905760526657,1413393904.905760526657,1,1,1,1,0,0,0,0.124910950661,-0.257958889008,0.479493439198,-0.068175040185,0.155084416270,-0.047535996884,0.984399020672
379,1413393903.955760478973,1413393904.955760478973,1,1,1,1,0,0,0,0.156068384647,-0.267409801483,0.480140298605,-0.056430172175,0.165240839124,-0.056289196014,0.983027338982
380,1413393904.005760431290,1413393905.005760431290,1,1,1,1,0,0,0,0.179812669754,-0.278362274170,0.485114455223,-0.041082020849,0.175508528948,-0.059925001115,0.981793344021
381,1413393904.055760383606,1413393905.055760383606,1,1,1,1,0,0,0,0.202311694622,-0.288031697273,0.493679642677,-0.024955883622,0.186089038849,-0.059663075954,0.980402171612
382,1413393904.105760574341,1413393905.105760574341,1,1,1,1,0,0,0,0.217942833900,-0.292505979538,0.509166717529,-0.014469937421,0.196151822805,-0.054937839508,0.978926420212
383,1413393904.155760288239,1413393905.155760288239,1,1,1,1,0,0,0,0.235449314117,-0.295539498329,0.521060466766,-0.003622845281,0.206352159381,-0.044047556818,0.977479159832
384,1413393904.205760478973,1413393905.205760478973,1,1,1,1,0,0,0,0.246381938457,-0.298779010773,0.534471392632,0.005188509356,0.215796604753,-0.029142208397,0.975989580154
385,1413393904.255760431290,1413393905.255760431290,1,1,1,1,0,0,0,0.254812240601,-0.296200156212,0.548479199409,0.012947794050,0.225734397769,-0.013282614760,0.974012255669
386,1413393904.305760622025,1413393905.305760622025,1,1,1,1,0,0,0,0.258279740810,-0.288413882256,0.566382527351,0.016590178013,0.236204177141,0.002819289453,0.971557796001
387,1413393904.355760335922,1413393905.355760335922,1,1,1,1,0,0,0,0.258195400238,-0.275512695312,0.585414886475,0.018275694922,0.247670263052,0.015879508108,0.968541800976
388,1413393904.405760526657,1413393905.405760526657,1,1,1,1,0,0,0,0.254658937454,-0.265585780144,0.598847627640,0.019141782075,0.258138746023,0.025871589780,0.965571701527
389,1413393904.455760478973,1413393905.455760478973,1,1,1,1,0,0,0,0.243052780628,-0.246915340424,0.618804216385,0.020481687039,0.268139183521,0.034685272723,0.962537705898
390,1413393904.505760431290,1413393905.505760431290,1,1,1,1,0,0,0,0.227769315243,-0.223697423935,0.638656616211,0.020262934268,0.276516675949,0.043244838715,0.959821760654
391,1413393904.555760383606,1413393905.555760383606,1,1,1,1,0,0,0,0.204259395599,-0.196449518204,0.658333778381,0.018657075241,0.281224519014,0.057697936893,0.957724273205
392,1413393904.605760574341,1413393905.605760574341,1,1,1,1,0,0,0,0.173653185368,-0.184921383858,0.673601150513,0.019829291850,0.281065165997,0.082025937736,0.955971240997
393,1413393904.655760288239,1413393905.655760288239,1,1,1,1,0,0,0,0.137831747532,-0.177677154541,0.686446309090,0.026094703004,0.278052985668,0.109947711229,0.953895747662
394,1413393904.705760478973,1413393905.705760478973,1,1,1,1,0,0,0,0.099188864231,-0.178898334503,0.695526540279,0.035918008536,0.274186253548,0.134160771966,0.951594769955
395,1413393904.755760431290,1413393905.755760431290,1,1,1,1,0,0,0,0.059555351734,-0.183831214905,0.699446320534,0.046776920557,0.269464790821,0.156846269965,0.948999464512
396,1413393904.805760622025,1413393905.805760622025,1,1,1,1,0,0,0,0.023396492004,-0.193532228470,0.695838928223,0.053141962737,0.264029085636,0.176621764898,0.946714997292
397,1413393904.855760335922,1413393905.855760335922,1,1,1,1,0,0,0,-0.011795699596,-0.190914392471,0.690393745899,0.052542921156,0.257325440645,0.195799842477,0.944820284843
398,1413393904.905760526657,1413393905.905760526657,1,1,1,1,0,0,0,-0.042174220085,-0.180408000946,0.681742787361,0.043751712888,0.251798927784,0.209575131536,0.943801522255
399,1413393904.955760478973,1413393905.955760478973,1,1,1,1,0,0,0,-0.068021237850,-0.157958745956,0.669667840004,0.025184070691,0.247796893120,0.217806667089,0.943675100803
400,1413393905.005760431290,1413393906.005760431290,1,1,1,1,0,0,0,-0.086092591286,-0.128177881241,0.655505597591,0.004805529490,0.246525213122,0.218385174870,0.944198191166
401,1413393905.055760383606,1413393906.055760383606,1,1,1,1,0,0,0,-0.095737695694,-0.108360528946,0.647243916988,-0.016717914492,0.248541250825,0.208893448114,0.945680320263
402,1413393905.105760574341,1413393906.105760574341,1,1,1,1,0,0,0,-0.097860634327,-0.090694189072,0.624185383320,-0.032548226416,0.252184659243,0.192017853260,0.947878003120
403,1413393905.155760288239,1413393906.155760288239,1,1,1,1,0,0,0,-0.093567609787,-0.076283931732,0.601938426495,-0.041157159954,0.255497127771,0.171895578504,0.950515210629
404,1413393905.205760478973,1413393906.205760478973,1,1,1,1,0,0,0,-0.082864046097,-0.070591211319,0.579513907433,-0.042492642999,0.259823799133,0.147269651294,0.953413724899
405,1413393905.255760431290,1413393906.255760431290,1,1,1,1,0,0,0,-0.068780183792,-0.068867921829,0.559339642525,-0.038155190647,0.262549996376,0.123668678105,0.956199586391
406,1413393905.305760622025,1413393906.305760622025,1,1,1,1,0,0,0,-0.052352309227,-0.061944723129,0.545000493526,-0.031329531223,0.263542085886,0.101455822587,0.958786070347
407,1413393905.355760335922,1413393906.355760335922,1,1,1,1,0,0,0,-0.033717036247,-0.062408685684,0.531847536564,-0.025086464360,0.262523174286,0.083605468273,0.960969567299
408,1413393905.405760526657,1413393906.405760526657,1,1,1,1,0,0,0,-0.015071868896,-0.062288284302,0.522634148598,-0.019965039566,0.258891373873,0.072185710073,0.962998449802
409,1413393905.455760478973,1413393906.455760478973,1,1,1,1,0,0,0,0.001927614212,-0.059155821800,0.515620708466,-0.014333595522,0.253985941410,0.062111560255,0.965105116367
410,1413393905.505760431290,1413393906.505760431290,1,1,1,1,0,0,0,0.019291639328,-0.050215601921,0.511274397373,-0.008868447505,0.248229369521,0.056287180632,0.967023968697
411,1413393905.555760383606,1413393906.555760383606,1,1,1,1,0,0,0,0.034466028214,-0.044360399246,0.511269032955,-0.001136534382,0.241695627570,0.050285693258,0.969047665596
412,1413393905.605760574341,1413393906.605760574341,1,1,1,1,0,0,0,0.048546433449,-0.038127303123,0.513742327690,0.008533849381,0.234179675579,0.046752970666,0.971031069756
413,1413393905.655760288239,1413393906.655760288239,1,1,1,1,0,0,0,0.060896515846,-0.028587579727,0.518189311028,0.017119040713,0.226067423820,0.045844793320,0.972881674767
414,1413393905.705760478973,1413393906.705760478973,1,1,1,1,0,0,0,0.073029756546,-0.014444351196,0.523012459278,0.023418804631,0.215132057667,0.048553720117,0.975096046925
415,1413393905.755760431290,1413393906.755760431290,1,1,1,1,0,0,0,0.081465125084,-0.001060724258,0.529461979866,0.028121013194,0.202659308910,0.050255704671,0.977554559708
416,1413393905.805760622025,1413393906.805760622025,1,1,1,1,0,0,0,0.090311169624,0.015216588974,0.547462582588,0.036950316280,0.191211044788,0.048867549747,0.979635119438
417,1413393905.855760335922,1413393906.855760335922,1,1,1,1,0,0,0,0.099455952644,0.021834254265,0.553353428841,0.048197280616,0.181332260370,0.041754793376,0.981352269650
418,1413393905.905760526657,1413393906.905760526657,1,1,1,1,0,0,0,0.106966257095,0.026165843010,0.558101415634,0.062282245606,0.170961692929,0.033647246659,0.982731342316
419,1413393905.955760478973,1413393906.955760478973,1,1,1,1,0,0,0,0.114177227020,0.029666185379,0.555923700333,0.076940916479,0.160196751356,0.026606008410,0.983722209930
420,1413393906.005760431290,1413393907.005760431290,1,1,1,1,0,0,0,0.116479754448,0.040655016899,0.557632684708,0.086153596640,0.148927256465,0.020143112168,0.984882056713
421,1413393906.055760383606,1413393907.055760383606,1,1,1,1,0,0,0,0.113420844078,0.060254573822,0.555634856224,0.088187627494,0.138525247574,0.015184240416,0.986307859421
422,1413393906.105760574341,1413393907.105760574341,1,1,1,1,0,0,0,0.104526758194,0.088667869568,0.551425933838,0.083961747587,0.127319738269,0.015047921799,0.988187074661
423,1413393906.155760288239,1413393907.155760288239,1,1,1,1,0,0,0,0.094013333321,0.123621582985,0.542434692383,0.073880545795,0.116307504475,0.016085660085,0.990330994129
424,1413393906.205760478973,1413393907.205760478973,1,1,1,1,0,0,0,0.082626700401,0.159056067467,0.525489866734,0.060117013752,0.106269165874,0.016118025407,0.992387592793
425,1413393906.255760431290,1413393907.255760431290,1,1,1,1,0,0,0,0.072089433670,0.198234558105,0.506315946579,0.043545734137,0.098666802049,0.009655177593,0.994120478630
426,1413393906.305760622025,1413393907.305760622025,1,1,1,1,0,0,0,0.061733007431,0.232518672943,0.496413946152,0.027036463842,0.093185961246,-0.001813241048,0.995279908180
427,1413393906.355760335922,1413393907.355760335922,1,1,1,1,0,0,0,0.053228497505,0.262258291245,0.469911217690,0.016139280051,0.088469095528,-0.014879066497,0.995837032795
428,1413393906.405760526657,1413393907.405760526657,1,1,1,1,0,0,0,0.047019958496,0.283760070801,0.442643612623,0.007232827600,0.083396941423,-0.022344306111,0.996239662170
429,1413393906.455760478973,1413393907.455760478973,1,1,1,1,0,0,0,0.039863467216,0.297791957855,0.414214730263,-0.000999586191,0.074151650071,-0.018522506580,0.997074425220
430,1413393906.505760431290,1413393907.505760431290,1,1,1,1,0,0,0,0.033098697662,0.301413536072,0.384790062904,-0.005068516824,0.063775755465,-0.012498594820,0.997873127460
431,1413393906.555760383606,1413393907.555760383606,1,1,1,1,0,0,0,0.028415560722,0.295342564583,0.354380786419,-0.007012017071,0.052608389407,-0.001160365064,0.998589992523
432,1413393906.605760574341,1413393907.605760574341,1,1,1,1,0,0,0,0.026685714722,0.280897974968,0.323799222708,-0.006062128581,0.043348073959,0.001805096748,0.999040007591
433,1413393906.655760288239,1413393907.655760288239,1,1,1,1,0,0,0,0.026433467865,0.264629483223,0.293808549643,-0.007994264364,0.035462517291,-0.000052511281,0.999339044094
434,1413393906.705760478973,1413393907.705760478973,1,1,1,1,0,0,0,0.033147573471,0.248021364212,0.253023564816,-0.010712028481,0.030924970284,-0.008056232706,0.999431908131
435,1413393906.755760431290,1413393907.755760431290,1,1,1,1,0,0,0,0.036792278290,0.236269116402,0.226904809475,-0.012857927941,0.028799129650,-0.018626730889,0.999328970909
436,1413393906.805760622025,1413393907.805760622025,1,1,1,1,0,0,0,0.040837287903,0.228957891464,0.205509603024,-0.014366506599,0.027016891167,-0.028163187206,0.999134957790
437,1413393906.855760335922,1413393907.855760335922,1,1,1,1,0,0,0,0.036668300629,0.228022575378,0.183758944273,-0.014929789118,0.024650625885,-0.032178986818,0.999066531658
438,1413393906.905760526657,1413393907.905760526657,1,1,1,1,0,0,0,0.029941558838,0.232935190201,0.164298266172,-0.015084362589,0.022002445534,-0.033027175814,0.999098360538
439,1413393906.955760478973,1413393907.955760478973,1,1,1,1,0,0,0,0.021571397781,0.243320941925,0.147141814232,-0.015463335440,0.020848540589,-0.036283746362,0.999004364014
440,1413393907.005760431290,1413393908.005760431290,1,1,1,1,0,0,0,0.011078596115,0.256305694580,0.131813526154,-0.015086689964,0.020662276074,-0.038143020123,0.998944699764
441,1413393907.055760383606,1413393908.055760383606,1,1,1,1,0,0,0,-0.006809711456,0.267598271370,0.117903918028,-0.013001992367,0.018554659560,-0.032820630819,0.999204456806
442,1413393907.105760574341,1413393908.105760574341,1,1,1,1,0,0,0,-0.027042150497,0.276565670967,0.103864729404,-0.013565192930,0.016308235005,-0.025322731584,0.999454259872
443,1413393907.155760288239,1413393908.155760288239,1,1,1,1,0,0,0,-0.048287630081,0.283621668816,0.089881986380,-0.016153763980,0.014175597578,-0.017457533628,0.999616622925
444,1413393907.205760478973,1413393908.205760478973,1,1,1,1,0,0,0,-0.072686910629,0.288495898247,0.063720881939,-0.017487160861,0.011234170757,-0.008584202267,0.999747216702
445,1413393907.255760431290,1413393908.255760431290,1,1,1,1,0,0,0,-0.097721338272,0.296527028084,0.042120516300,-0.015638744459,0.006136265118,0.006769207772,0.999835968018
446,1413393907.305760622025,1413393908.305760622025,1,1,1,1,0,0,0,-0.124122262001,0.288496494293,0.025246948004,-0.008767778054,0.000263441441,0.024801561609,0.999653995037
447,1413393907.355760335922,1413393908.355760335922,1,1,1,1,0,0,0,-0.148197054863,0.279045462608,0.006870180368,0.001174476929,-0.005414709449,0.043789211661,0.999025404453
448,1413393907.405760526657,1413393908.405760526657,1,1,1,1,0,0,0,-0.164301991463,0.273560881615,-0.009131640196,0.007937760092,-0.008989562280,0.053446359932,0.998498678207
449,1413393907.455760478973,1413393908.455760478973,1,1,1,1,0,0,0,-0.169457793236,0.276104927063,-0.022517055273,0.011081040837,-0.008187294006,0.051104914397,0.998598277569
450,1413393907.505760431290,1413393908.505760431290,1,1,1,1,0,0,0,-0.169090390205,0.284939765930,-0.033919423819,0.010112066753,-0.005487152375,0.043680939823,0.998979330063
451,1413393907.555760383606,1413393908.555760383606,1,1,1,1,0,0,0,-0.161360025406,0.302897691727,-0.044877976179,0.006512496620,-0.000050182593,0.026962360367,0.999615252018
452,1413393907.605760574341,1413393908.605760574341,1,1,1,1,0,0,0,-0.153221130371,0.322580695152,-0.054098427296,0.001023167162,0.003398189088,0.018566643819,0.999821364880
453,1413393907.655760288239,1413393908.655760288239,1,1,1,1,0,0,0,-0.149848699570,0.340875744820,-0.068748027086,-0.003169836244,0.005627251230,0.014570152387,0.999873042107
454,1413393907.705760478973,1413393908.705760478973,1,1,1,1,0,0,0,-0.147974729538,0.348120450974,-0.079021304846,-0.002982627368,0.003132319311,0.025492819026,0.999665677547
455,1413393907.755760431290,1413393908.755760431290,1,1,1,1,0,0,0,-0.147361516953,0.346781373024,-0.092967212200,-0.001426847535,-0.000425794628,0.040158458054,0.999192237854
456,1413393907.805760622025,1413393908.805760622025,1,1,1,1,0,0,0,-0.141666650772,0.349281668663,-0.111776143312,0.002265887801,-0.003370134858,0.052301540971,0.998623132706
457,1413393907.855760335922,1413393908.855760335922,1,1,1,1,0,0,0,-0.133450031281,0.340493798256,-0.133511036634,0.009491181001,-0.004057633225,0.056481543928,0.998350322247
458,1413393907.905760526657,1413393908.905760526657,1,1,1,1,0,0,0,-0.121953725815,0.322824120522,-0.159592449665,0.013820906170,-0.000051876588,0.047749560326,0.998763740063
459,1413393907.955760478973,1413393908.955760478973,1,1,1,1,0,0,0,-0.110398530960,0.296834528446,-0.186907827854,0.011251556687,0.004710519221,0.034487240016,0.999330699444
460,1413393908.005760431290,1413393909.005760431290,1,1,1,1,0,0,0,-0.097341537476,0.265430450439,-0.215119481087,0.005158900749,0.008378303610,0.023225435987,0.999681830406
461,1413393908.055760383606,1413393909.055760383606,1,1,1,1,0,0,0,-0.083245277405,0.231753230095,-0.242433577776,-0.000685194100,0.012222576886,0.013571892865,0.999832987785
462,1413393908.105760574341,1413393909.105760574341,1,1,1,1,0,0,0,-0.068088531494,0.200572133064,-0.267249494791,-0.003118327819,0.015143280849,0.006541900802,0.999859094620
463,1413393908.155760288239,1413393909.155760288239,1,1,1,1,0,0,0,-0.053214788437,0.175282955170,-0.288851112127,-0.001279095421,0.018059123307,0.001196443918,0.999835431576
464,1413393908.205760478973,1413393909.205760478973,1,1,1,1,0,0,0,-0.038247346878,0.150168776512,-0.310263514519,0.000742638775,0.019940618426,-0.000396314339,0.999800860882
465,1413393908.255760431290,1413393909.255760431290,1,1,1,1,0,0,0,-0.027998924255,0.131766557693,-0.330035358667,0.003128447104,0.022250633687,-0.001938913250,0.999745666981
466,1413393908.305760622025,1413393909.305760622025,1,1,1,1,0,0,0,-0.013946771622,0.111491084099,-0.350159585476,-0.000250028854,0.024392709136,-0.003807038302,0.999695122242
467,1413393908.355760335922,1413393909.355760335922,1,1,1,1,0,0,0,-0.000493288040,0.092480897903,-0.369225084782,-0.009036106057,0.026664817706,-0.007135418244,0.999578177929
468,1413393908.405760526657,1413393909.405760526657,1,1,1,1,0,0,0,0.012108564377,0.079538464546,-0.385568916798,-0.012922743335,0.028553243726,-0.008588349447,0.999471843243
469,1413393908.455760478973,1413393909.455760478973,1,1,1,1,0,0,0,0.023509263992,0.072819709778,-0.400486230850,-0.013548385352,0.030019134283,-0.009864682332,0.999408841133
470,1413393908.505760431290,1413393909.505760431290,1,1,1,1,0,0,0,0.033841133118,0.070718407631,-0.414430588484,-0.011083620600,0.030756425112,-0.010108696297,0.999414384365
471,1413393908.555760383606,1413393909.555760383606,1,1,1,1,0,0,0,0.043075084686,0.073378562927,-0.427517265081,-0.010115639307,0.031058276072,-0.009315634146,0.999422967434
472,1413393908.605760574341,1413393909.605760574341,1,1,1,1,0,0,0,0.051435709000,0.080161690712,-0.439672827721,-0.012451410294,0.032768111676,-0.011925774626,0.999314248562
473,1413393908.655760288239,1413393909.655760288239,1,1,1,1,0,0,0,0.063240766525,0.093560099602,-0.450580298901,-0.016263417900,0.034973338246,-0.016869494691,0.999113500118
474,1413393908.705760478973,1413393909.705760478973,1,1,1,1,0,0,0,0.069083690643,0.104092776775,-0.459397137165,-0.023728050292,0.042551841587,-0.033721506596,0.998243033886
475,1413393908.755760431290,1413393909.755760431290,1,1,1,1,0,0,0,0.071610450745,0.116006314754,-0.471341043711,-0.034928895533,0.051467906684,-0.051649920642,0.996726334095
476,1413393908.805760622025,1413393909.805760622025,1,1,1,1,0,0,0,0.072965860367,0.124542951584,-0.476778686047,-0.048207141459,0.058751285076,-0.065167732537,0.994976222515
477,1413393908.855760335922,1413393909.855760335922,1,1,1,1,0,0,0,0.071016550064,0.136150062084,-0.479782789946,-0.065295532346,0.063112616539,-0.071318604052,0.993311107159
478,1413393908.905760526657,1413393909.905760526657,1,1,1,1,0,0,0,0.065584182739,0.158609211445,-0.482022315264,-0.081337526441,0.062478862703,-0.064228206873,0.992650628090
479,1413393908.955760478973,1413393909.955760478973,1,1,1,1,0,0,0,0.053480148315,0.187776803970,-0.475433856249,-0.089061938226,0.058557093143,-0.048229701817,0.993132948875
480,1413393909.005760431290,1413393910.005760431290,1,1,1,1,0,0,0,0.036681890488,0.222710907459,-0.462720155716,-0.092033535242,0.054829247296,-0.033286266029,0.993687987328
481,1413393909.055760383606,1413393910.055760383606,1,1,1,1,0,0,0,0.015568971634,0.257573246956,-0.444896757603,-0.094341680408,0.050104930997,-0.018320880830,0.994109392166
482,1413393909.105760574341,1413393910.105760574341,1,1,1,1,0,0,0,-0.007680416107,0.287656903267,-0.422101080418,-0.094769641757,0.046343814582,-0.005192626733,0.994406402111
483,1413393909.155760288239,1413393910.155760288239,1,1,1,1,0,0,0,-0.025076627731,0.303282380104,-0.388340979815,-0.097297057509,0.042645536363,0.005535434000,0.994325935841
484,1413393909.205760478973,1413393910.205760478973,1,1,1,1,0,0,0,-0.048240900040,0.319626986980,-0.359265208244,-0.098547704518,0.040391474962,0.011901021004,0.994241058826
485,1413393909.255760431290,1413393910.255760431290,1,1,1,1,0,0,0,-0.071815967560,0.328061759472,-0.328357458115,-0.103149846196,0.039225105196,0.014922262169,0.993780136108
486,1413393909.305760622025,1413393910.305760622025,1,1,1,1,0,0,0,-0.094358205795,0.327831566334,-0.293675988913,-0.107379816473,0.037671279162,0.019203983247,0.993318498135
487,1413393909.355760335922,1413393910.355760335922,1,1,1,1,0,0,0,-0.115519762039,0.319451928139,-0.253961831331,-0.114927232265,0.035269968212,0.025619572029,0.992416977882
488,1413393909.405760526657,1413393910.405760526657,1,1,1,1,0,0,0,-0.133288860321,0.299642086029,-0.200095385313,-0.122826084495,0.031561177224,0.034547850490,0.991324424744
489,1413393909.455760478973,1413393910.455760478973,1,1,1,1,0,0,0,-0.151768445969,0.277114033699,-0.152238309383,0.126565396786,-0.027930269018,-0.044239889830,-0.990577578545
490,1413393909.505760431290,1413393910.505760431290,1,1,1,1,0,0,0,-0.167860269547,0.249994039536,-0.099255561829,0.130205944180,-0.024440703914,-0.050549734384,-0.989895880222
491,1413393909.555760383606,1413393910.555760383606,1,1,1,1,0,0,0,-0.181756258011,0.219247758389,-0.039096519351,0.128941595554,-0.020610021427,-0.055052340031,-0.989908397198
492,1413393909.605760574341,1413393910.605760574341,1,1,1,1,0,0,0,-0.193136453629,0.184171080589,0.027138650417,0.119489312172,-0.016273114830,-0.056480310857,-0.991094112396
493,1413393909.655760288239,1413393910.655760288239,1,1,1,1,0,0,0,-0.203873395920,0.142303884029,0.099659949541,0.102903731167,-0.011378185824,-0.056035295129,-0.993046581745
494,1413393909.705760478973,1413393910.705760478973,1,1,1,1,0,0,0,-0.204199790955,0.097443580627,0.177318066359,0.083690501750,-0.004379906226,-0.057993467897,-0.994793236256
495,1413393909.755760431290,1413393910.755760431290,1,1,1,1,0,0,0,-0.209786891937,0.049701392651,0.251579940319,0.061682857573,0.002382853068,-0.058146733791,-0.996397793293
496,1413393909.805760622025,1413393910.805760622025,1,1,1,1,0,0,0,-0.214448690414,0.002256453037,0.324941009283,0.043616916984,0.008583087474,-0.054349001497,-0.997532069683
497,1413393909.855760335922,1413393910.855760335922,1,1,1,1,0,0,0,-0.216773033142,-0.047700464725,0.399162828922,-0.026932919398,-0.015392357484,0.049834657460,0.998275637627
498,1413393909.905760526657,1413393910.905760526657,1,1,1,1,0,0,0,-0.217681169510,-0.100648999214,0.473273634911,-0.009183789603,-0.022244466469,0.044121600688,0.998736262321
499,1413393909.955760478973,1413393910.955760478973,1,1,1,1,0,0,0,-0.217948436737,-0.154907703400,0.554435968399,0.010559729300,-0.028664281592,0.037351910025,0.998835146427
500,1413393910.005760431290,1413393911.005760431290,1,1,1,1,0,0,0,-0.216418266296,-0.208110690117,0.626215159893,0.029047595337,-0.036009505391,0.031741045415,0.998424768448
501,1413393910.055760383606,1413393911.055760383606,1,1,1,1,0,0,0,-0.216250896454,-0.254107534885,0.688347160816,0.045929659158,-0.043170358986,0.026049729437,0.997671425343
502,1413393910.105760574341,1413393911.105760574341,1,1,1,1,0,0,0,-0.212346792221,-0.298482239246,0.757136404514,0.059151064605,-0.050735708326,0.019965371117,0.996758997440
503,1413393910.155760288239,1413393911.155760288239,1,1,1,1,0,0,0,-0.207194566727,-0.339402616024,0.823322653770,0.069459900260,-0.057755760849,0.013263290748,0.995823144913
504,1413393910.205760478973,1413393911.205760478973,1,1,1,1,0,0,0,-0.200701236725,-0.372158110142,0.888319015503,0.077367946506,-0.063357897103,0.007038763259,0.994962513447
505,1413393910.255760431290,1413393911.255760431290,1,1,1,1,0,0,0,-0.192480325699,-0.401221692562,0.950609862804,0.084053948522,-0.067941375077,0.002417820273,0.994139432907
506,1413393910.305760622025,1413393911.305760622025,1,1,1,1,0,0,0,-0.188531160355,-0.422181665897,1.002471566200,0.091126687825,-0.071356169879,-0.002060998930,0.993277370930
507,1413393910.355760335922,1413393911.355760335922,1,1,1,1,0,0,0,-0.178981065750,-0.448330879211,1.053198099136,0.107885509729,-0.072297766805,-0.010286455974,0.991477668285
508,1413393910.405760526657,1413393911.405760526657,1,1,1,1,0,0,0,-0.166848897934,-0.472543537617,1.100207805634,0.125982597470,-0.070382423699,-0.022400895134,0.989279031754
509,1413393910.455760478973,1413393911.455760478973,1,1,1,1,0,0,0,-0.153544664383,-0.485317587852,1.144830346107,-0.141450941563,0.067351207137,0.035674892366,-0.987006962299
510,1413393910.505760431290,1413393911.505760431290,1,1,1,1,0,0,0,-0.137647151947,-0.493058532476,1.184132337570,-0.153290212154,0.063217580318,0.046051234007,-0.985081195831
511,1413393910.555760383606,1413393911.555760383606,1,1,1,1,0,0,0,-0.120195388794,-0.496495693922,1.214745521545,-0.159357771277,0.057915981859,0.054151732475,-0.984031736851
512,1413393910.605760574341,1413393911.605760574341,1,1,1,1,0,0,0,-0.103217124939,-0.487760424614,1.232993483543,0.161347195506,-0.052897293121,-0.056996826082,0.983829498291
513,1413393910.655760288239,1413393911.655760288239,1,1,1,1,0,0,0,-0.084940433502,-0.473498582840,1.248998761177,0.161541998386,-0.048583127558,-0.057168994099,0.984009981155
514,1413393910.705760478973,1413393911.705760478973,1,1,1,1,0,0,0,-0.070735454559,-0.460440158844,1.258683323860,-0.155516311526,0.041772048920,0.060532093048,-0.985091745853
515,1413393910.755760431290,1413393911.755760431290,1,1,1,1,0,0,0,-0.053912401199,-0.435946464539,1.256922483444,-0.139207214117,0.035383295268,0.060287088156,-0.987792968750
516,1413393910.805760622025,1413393911.805760622025,1,1,1,1,0,0,0,-0.038893461227,-0.417685389519,1.243335008621,-0.120364733040,0.029192352667,0.058358218521,-0.990582883358
517,1413393910.855760335922,1413393911.855760335922,1,1,1,1,0,0,0,-0.024342536926,-0.403166353703,1.216860890388,0.099241256714,-0.022931396961,-0.053768876940,0.993345022202
518,1413393910.905760526657,1413393911.905760526657,1,1,1,1,0,0,0,-0.015017986298,-0.399832725525,1.191086173058,0.073737606406,-0.019303120673,-0.040525939316,0.996266961098
519,1413393910.955760478973,1413393911.955760478973,1,1,1,1,0,0,0,-0.005594968796,-0.381209433079,1.158584117889,0.042333535850,-0.017948841676,-0.021360203624,0.998713910580
520,1413393911.005760431290,1413393912.005760431290,1,1,1,1,0,0,0,0.003459453583,-0.377986550331,1.132416009903,0.008392826654,-0.014823144302,-0.003935662098,0.999847173691
521,1413393911.055760383606,1413393912.055760383606,1,1,1,1,0,0,0,0.013322830200,-0.380437076092,1.094191193581,-0.023363361135,-0.010204550810,0.011288862675,0.999611198902
522,1413393911.105760574341,1413393912.105760574341,1,1,1,1,0,0,0,0.024772167206,-0.401361942291,1.067050695419,-0.048010688275,-0.004110946320,0.021758101881,0.998601317406
523,1413393911.155760288239,1413393912.155760288239,1,1,1,1,0,0,0,0.034163713455,-0.426461100578,1.029845952988,-0.066665574908,0.002656739438,0.030280904844,0.997312247753
524,1413393911.205760478973,1413393912.205760478973,1,1,1,1,0,0,0,0.045866012573,-0.450747072697,0.993623673916,-0.081478729844,0.008228154853,0.037675794214,0.995928823948
525,1413393911.255760431290,1413393912.255760431290,1,1,1,1,0,0,0,0.053239583969,-0.485767960548,0.962946474552,-0.090830944479,0.013305095956,0.042290568352,0.994879007339
526,1413393911.305760622025,1413393912.305760622025,1,1,1,1,0,0,0,0.060853004456,-0.521630465984,0.939187765121,-0.097938276827,0.017910227180,0.046034213156,0.993965923786
527,1413393911.355760335922,1413393912.355760335922,1,1,1,1,0,0,0,0.067182540894,-0.545117497444,0.930872321129,-0.105663917959,0.021098777652,0.049766380340,0.992931663990
528,1413393911.405760526657,1413393912.405760526657,1,1,1,1,0,0,0,0.075978994370,-0.569706857204,0.924862146378,-0.107340961695,0.022521860898,0.053459271789,0.992528557777
529,1413393911.455760478973,1413393912.455760478973,1,1,1,1,0,0,0,0.087395191193,-0.595642924309,0.935782909393,-0.103901669383,0.024135120213,0.055782545358,0.992728710175
530,1413393911.505760431290,1413393912.505760431290,1,1,1,1,0,0,0,0.098920822144,-0.631243526936,0.944908618927,-0.094299286604,0.024379981682,0.056550931185,0.993637382984
531,1413393911.555760383606,1413393912.555760383606,1,1,1,1,0,0,0,0.110290765762,-0.669165790081,0.954645395279,-0.083814509213,0.022740200162,0.058761171997,0.994487404823
532,1413393911.605760574341,1413393912.605760574341,1,1,1,1,0,0,0,0.122946739197,-0.692905187607,0.961705446243,-0.076808907092,0.021243216470,0.058138269931,0.995122611523
533,1413393911.655760288239,1413393912.655760288239,1,1,1,1,0,0,0,0.138262510300,-0.710982978344,0.990515470505,-0.073055610061,0.019852215424,0.055229168385,0.995599627495
534,1413393911.705760478973,1413393912.705760478973,1,1,1,1,0,0,0,0.153708457947,-0.733901679516,1.017576813698,-0.065974548459,0.017372870818,0.052437465638,0.996291100979
535,1413393911.755760431290,1413393912.755760431290,1,1,1,1,0,0,0,0.168308973312,-0.767509758472,1.036239862442,-0.050161976367,0.014936899766,0.047275550663,0.997509837151
536,1413393911.805760622025,1413393912.805760622025,1,1,1,1,0,0,0,0.186976432800,-0.802395105362,1.047608971596,-0.031656637788,0.014376997948,0.042992569506,0.998470246792
537,1413393911.855760335922,1413393912.855760335922,1,1,1,1,0,0,0,0.206961154938,-0.843211293221,1.065689444542,-0.012950381264,0.015989299864,0.038576260209,0.999043881893
538,1413393911.905760526657,1413393912.905760526657,1,1,1,1,0,0,0,0.219332933426,-0.883984923363,1.079141259193,0.005804917309,0.021894348785,0.027803264558,0.999356806278
539,1413393911.955760478973,1413393912.955760478973,1,1,1,1,0,0,0,0.229047298431,-0.931294918060,1.090187668800,0.024918049574,0.030649639666,0.015377172269,0.999101221561
540,1413393912.005760431290,1413393913.005760431290,1,1,1,1,0,0,0,0.238212823868,-0.982795000076,1.085866451263,0.047101888806,0.039317887276,0.009618819691,0.998069703579
541,1413393912.055760383606,1413393913.055760383606,1,1,1,1,0,0,0,0.249120473862,-1.028711318970,1.086264252663,-0.069043330848,-0.047173220664,-0.009094162844,-0.996456205845
542,1413393912.105760574341,1413393913.105760574341,1,1,1,1,0,0,0,0.263274669647,-1.056723833084,1.091553092003,-0.087979011238,-0.055058088154,-0.013389581814,-0.994509458542
543,1413393912.155760288239,1413393913.155760288239,1,1,1,1,0,0,0,0.274169206619,-1.067604541779,1.098509550095,-0.108340322971,-0.062808535993,-0.021211355925,-0.991900980473
544,1413393912.205760478973,1413393913.205760478973,1,1,1,1,0,0,0,0.291771888733,-1.074959635735,1.111579656601,-0.124068409204,-0.071217589080,-0.030993254855,-0.989229321480
545,1413393912.255760431290,1413393913.255760431290,1,1,1,1,0,0,0,0.312524557114,-1.071627616882,1.126380205154,-0.134197279811,-0.079958945513,-0.044357530773,-0.986726939678
546,1413393912.305760622025,1413393913.305760622025,1,1,1,1,0,0,0,0.333117008209,-1.053070783615,1.144992709160,-0.139255300164,-0.090761564672,-0.055830527097,-0.984506666660
547,1413393912.355760335922,1413393913.355760335922,1,1,1,1,0,0,0,0.356562137604,-1.016219496727,1.168305873871,-0.135709434748,-0.103446424007,-0.066775977612,-0.983068108559
548,1413393912.405760526657,1413393913.405760526657,1,1,1,1,0,0,0,0.382055044174,-0.955142736435,1.199837803841,-0.127119287848,-0.117176026106,-0.078672572970,-0.981794893742
549,1413393912.455760478973,1413393913.455760478973,1,1,1,1,0,0,0,0.409948587418,-0.877602100372,1.232728481293,-0.114378005266,-0.132491603494,-0.090832956135,-0.980363786221
550,1413393912.505760431290,1413393913.505760431290,1,1,1,1,0,0,0,0.441746473312,-0.778911590576,1.252324819565,-0.101762659848,-0.150492489338,-0.100751489401,-0.978184819221
551,1413393912.555760383606,1413393913.555760383606,1,1,1,1,0,0,0,0.476742982864,-0.700467586517,1.264046788216,-0.093538388610,-0.171462267637,-0.106473080814,-0.974943459034
552,1413393912.605760574341,1413393913.605760574341,1,1,1,1,0,0,0,0.514923095703,-0.631114363670,1.262071609497,-0.088500902057,-0.193157553673,-0.111001089215,-0.970843255520
553,1413393912.655760288239,1413393913.655760288239,1,1,1,1,0,0,0,0.557361125946,-0.568581819534,1.252829790115,-0.085225865245,-0.216003209352,-0.115307942033,-0.965807080269
554,1413393912.705760478973,1413393913.705760478973,1,1,1,1,0,0,0,0.599734783173,-0.508505344391,1.233072042465,-0.080855861306,-0.238703906536,-0.118590898812,-0.960426509380
555,1413393912.755760431290,1413393913.755760431290,1,1,1,1,0,0,0,0.634872913361,-0.442860364914,1.196992397308,0.077719628811,0.260777771473,0.122797362506,0.954397916794
556,1413393912.805760622025,1413393913.805760622025,1,1,1,1,0,0,0,0.674181461334,-0.399392843246,1.163736820221,0.073128856719,0.280409902334,0.128140076995,0.948473811150
557,1413393912.855760335922,1413393913.855760335922,1,1,1,1,0,0,0,0.706791996956,-0.359542012215,1.123533487320,0.068738006055,0.297587543726,0.132982507348,0.942885100842
558,1413393912.905760526657,1413393913.905760526657,1,1,1,1,0,0,0,0.724549293518,-0.315616488457,1.070628404617,0.066760487854,0.311322361231,0.138851851225,0.937732219696
559,1413393912.955760478973,1413393913.955760478973,1,1,1,1,0,0,0,0.747637867928,-0.297340273857,1.021375417709,0.064387977123,0.324034780264,0.140175387263,0.933384478092
560,1413393913.005760431290,1413393914.005760431290,1,1,1,1,0,0,0,0.767766118050,-0.290781497955,0.968768358231,0.065958574414,0.337701559067,0.132005274296,0.929613828659
561,1413393913.055760383606,1413393914.055760383606,1,1,1,1,0,0,0,0.783393502235,-0.284772515297,0.912227392197,0.069806821644,0.350711256266,0.120483428240,0.926073670387
562,1413393913.105760574341,1413393914.105760574341,1,1,1,1,0,0,0,0.798975348473,-0.284736514091,0.856143236160,0.067980952561,0.363953769207,0.105205453932,0.922956228256
563,1413393913.155760288239,1413393914.155760288239,1,1,1,1,0,0,0,0.806195735931,-0.273476123810,0.791422605515,-0.059507865459,-0.376419872046,-0.087327167392,-0.920402646065
564,1413393913.205760478973,1413393914.205760478973,1,1,1,1,0,0,0,0.817395925522,-0.275136828423,0.736117362976,-0.043776169419,-0.387111812830,-0.073628619313,-0.918045103550
565,1413393913.255760431290,1413393914.255760431290,1,1,1,1,0,0,0,0.824332714081,-0.280773282051,0.680679798126,-0.032926648855,-0.395394891500,-0.062007039785,-0.915824115276
566,1413393913.305760622025,1413393914.305760622025,1,1,1,1,0,0,0,0.829494714737,-0.295197725296,0.627573490143,-0.024822611362,-0.401026964188,-0.055274426937,-0.914060175419
567,1413393913.355760335922,1413393914.355760335922,1,1,1,1,0,0,0,0.829469203949,-0.312690258026,0.569463729858,-0.021715402603,-0.404293984175,-0.052083417773,-0.912886798382
568,1413393913.405760526657,1413393914.405760526657,1,1,1,1,0,0,0,0.832502603531,-0.351854920387,0.535935401917,0.018885366619,0.406975567341,0.047579295933,0.912003576756
569,1413393913.455760478973,1413393914.455760478973,1,1,1,1,0,0,0,0.828508853912,-0.371339082718,0.490135908127,0.017953695729,0.406843006611,0.046406567097,0.912141919136
570,1413393913.505760431290,1413393914.505760431290,1,1,1,1,0,0,0,0.824080944061,-0.385585546494,0.451705217361,-0.013934364542,-0.404967039824,-0.045631010085,-0.913085639477
571,1413393913.555760383606,1413393914.555760383606,1,1,1,1,0,0,0,0.818748474121,-0.393918395042,0.420233726501,-0.011385430582,-0.400790959597,-0.046442974359,-0.914920866489
572,1413393913.605760574341,1413393914.605760574341,1,1,1,1,0,0,0,0.818153619766,-0.397217869759,0.393523931503,-0.008131247014,-0.395545363426,-0.048302549869,-0.917139470577
573,1413393913.655760288239,1413393914.655760288239,1,1,1,1,0,0,0,0.814542770386,-0.412331938744,0.381643533707,0.001940793474,0.389618337154,0.049340393394,0.919651806355
574,1413393913.705760478973,1413393914.705760478973,1,1,1,1,0,0,0,0.810117959976,-0.409023523331,0.360323667526,-0.003818200435,0.383309066296,0.054389212281,0.922009527683
575,1413393913.755760431290,1413393914.755760431290,1,1,1,1,0,0,0,0.805365800858,-0.405356049538,0.342239856720,-0.009160879999,0.376711696386,0.059885874391,0.924347400665
576,1413393913.805760622025,1413393914.805760622025,1,1,1,1,0,0,0,0.799506187439,-0.414604187012,0.333392858505,-0.015218877234,0.370576322079,0.064611956477,0.926427006721
577,1413393913.855760335922,1413393914.855760335922,1,1,1,1,0,0,0,0.795393466949,-0.412994444370,0.316214084625,-0.020952362567,0.364881753922,0.068970322609,0.928259432316
578,1413393913.905760526657,1413393914.905760526657,1,1,1,1,0,0,0,0.790847063065,-0.414597630501,0.301571011543,-0.027297383174,0.359785467386,0.065504081547,0.930332541466
579,1413393913.955760478973,1413393914.955760478973,1,1,1,1,0,0,0,0.787121295929,-0.417749106884,0.294892072678,-0.036905970424,0.353032380342,0.060883335769,0.932898402214
580,1413393914.005760431290,1413393915.005760431290,1,1,1,1,0,0,0,0.790940046310,-0.410272836685,0.306275844574,-0.053236227483,0.343554288149,0.058164738119,0.935816943645
581,1413393914.055760383606,1413393915.055760383606,1,1,1,1,0,0,0,0.789055824280,-0.400750279427,0.313704848289,-0.068504638970,0.331695348024,0.054666362703,0.939306616783
582,1413393914.105760574341,1413393915.105760574341,1,1,1,1,0,0,0,0.788528919220,-0.385216593742,0.322331428528,-0.080809682608,0.315484821796,0.055861487985,0.943831920624
583,1413393914.155760288239,1413393915.155760288239,1,1,1,1,0,0,0,0.786233425140,-0.373113989830,0.333173990250,-0.088462628424,0.296946704388,0.059826485813,0.948903560638
584,1413393914.205760478973,1413393915.205760478973,1,1,1,1,0,0,0,0.783503770828,-0.368133783340,0.344792127609,-0.085653230548,0.275786787271,0.066768705845,0.955063939095
585,1413393914.255760431290,1413393915.255760431290,1,1,1,1,0,0,0,0.775735616684,-0.375496625900,0.365258753300,-0.081034429371,0.256042689085,0.069329090416,0.960764825344
586,1413393914.305760622025,1413393915.305760622025,1,1,1,1,0,0,0,0.768784999847,-0.377346992493,0.385469913483,-0.073542132974,0.234950169921,0.069326408207,0.966738820076
587,1413393914.355760335922,1413393915.355760335922,1,1,1,1,0,0,0,0.759628295898,-0.377244114876,0.409466445446,-0.064448885620,0.213085159659,0.062948040664,0.972871422768
588,1413393914.405760526657,1413393915.405760526657,1,1,1,1,0,0,0,0.749003171921,-0.378072619438,0.437753796577,-0.053457628936,0.190650895238,0.050889521837,0.978879392147
589,1413393914.455760478973,1413393915.455760478973,1,1,1,1,0,0,0,0.732117891312,-0.389616370201,0.469362527132,-0.040005963296,0.169930890203,0.029759051278,0.984193801880
590,1413393914.505760431290,1413393915.505760431290,1,1,1,1,0,0,0,0.717052698135,-0.396498918533,0.495844632387,-0.026291323826,0.149625226855,0.010111241601,0.988341510296
591,1413393914.555760383606,1413393915.555760383606,1,1,1,1,0,0,0,0.698339223862,-0.404501438141,0.529037058353,-0.018392207101,0.129770085216,-0.008028552867,0.991341054440
592,1413393914.605760574341,1413393915.605760574341,1,1,1,1,0,0,0,0.676033973694,-0.411513328552,0.562198758125,-0.011248135008,0.109027177095,-0.020601602271,0.993761658669
593,1413393914.655760288239,1413393915.655760288239,1,1,1,1,0,0,0,0.648082494736,-0.422972083092,0.596049368382,-0.007360493764,0.088853806257,-0.028717581183,0.995603442192
594,1413393914.705760478973,1413393915.705760478973,1,1,1,1,0,0,0,0.619988918304,-0.428016424179,0.623341619968,-0.002492452972,0.069677576423,-0.040365472436,0.996749460697
595,1413393914.755760431290,1413393915.755760431290,1,1,1,1,0,0,0,0.585507869720,-0.438495755196,0.652768015862,0.002444845624,0.052260827273,-0.054874956608,0.997121632099
596,1413393914.805760622025,1413393915.805760622025,1,1,1,1,0,0,0,0.548182010651,-0.448139905930,0.679862856865,0.008010520600,0.036064960063,-0.068758077919,0.996949076653
597,1413393914.855760335922,1413393915.855760335922,1,1,1,1,0,0,0,0.508462667465,-0.461684107780,0.708539545536,0.012210712768,0.019779017195,-0.080939732492,0.996447980404
598,1413393914.905760526657,1413393915.905760526657,1,1,1,1,0,0,0,0.471616029739,-0.458107709885,0.726574361324,0.016145896167,0.003908982966,-0.085711471736,0.996181488037
599,1413393914.955760478973,1413393915.955760478973,1,1,1,1,0,0,0,0.432895421982,-0.457100510597,0.745620727539,0.023068437353,-0.010470331647,-0.084496103227,0.996101737022
600,1413393915.005760431290,1413393916.005760431290,1,1,1,1,0,0,0,0.393272876740,-0.458489537239,0.757498919964,0.033743422478,-0.022674493492,-0.083454310894,0.995682001114
601,1413393915.055760383606,1413393916.055760383606,1,1,1,1,0,0,0,0.353391408920,-0.457471609116,0.767338812351,0.041844725609,-0.032536234707,-0.081694267690,0.995246946812
602,1413393915.105760574341,1413393916.105760574341,1,1,1,1,0,0,0,0.307506322861,-0.462569236755,0.769460558891,0.049415852875,-0.038596693426,-0.081938579679,0.994663000107
603,1413393915.155760288239,1413393916.155760288239,1,1,1,1,0,0,0,0.270079374313,-0.456270933151,0.770581007004,0.057518873364,-0.043752238154,-0.081238210201,0.994071304798
604,1413393915.205760478973,1413393916.205760478973,1,1,1,1,0,0,0,0.228831052780,-0.453993201256,0.769199490547,0.063698947430,-0.045530743897,-0.079873070121,0.993725121021
605,1413393915.255760431290,1413393916.255760431290,1,1,1,1,0,0,0,0.186818122864,-0.449751615524,0.764614820480,0.067174240947,-0.047626048326,-0.069334954023,0.994189143181
606,1413393915.305760622025,1413393916.305760622025,1,1,1,1,0,0,0,0.142978429794,-0.447909951210,0.757559180260,0.066469304264,-0.045127931982,-0.057937305421,0.995082259178
607,1413393915.355760335922,1413393916.355760335922,1,1,1,1,0,0,0,0.110119581223,-0.436101794243,0.750629544258,0.060409769416,-0.038501936942,-0.041983503848,0.996546924114
608,1413393915.405760526657,1413393916.405760526657,1,1,1,1,0,0,0,0.080085754395,-0.426710844040,0.743276834488,0.049594718963,-0.027632027864,-0.022740621120,0.998128175735
609,1413393915.455760478973,1413393916.455760478973,1,1,1,1,0,0,0,0.054896116257,-0.415987133980,0.736407995224,0.036983940750,-0.012991419062,-0.001227717614,0.999230682850
610,1413393915.505760431290,1413393916.505760431290,1,1,1,1,0,0,0,0.030109882355,-0.407061219215,0.726566314697,0.024246741086,0.003940598108,0.019681626931,0.999504506588
611,1413393915.555760383606,1413393916.555760383606,1,1,1,1,0,0,0,0.006660223007,-0.398171186447,0.713084936142,0.014495595358,0.024523520842,0.034709047526,0.998991370201
612,1413393915.605760574341,1413393916.605760574341,1,1,1,1,0,0,0,-0.019520521164,-0.390950918198,0.689797401428,0.002136869822,0.049166351557,0.043666098267,0.997833311558
613,1413393915.655760288239,1413393916.655760288239,1,1,1,1,0,0,0,-0.045833110809,-0.390473484993,0.674428343773,-0.007839354686,0.074508242309,0.050572682172,0.995906412601
614,1413393915.705760478973,1413393916.705760478973,1,1,1,1,0,0,0,-0.071388721466,-0.392670392990,0.659494340420,-0.018379781395,0.099940143526,0.060489095747,0.992983043194
615,1413393915.755760431290,1413393916.755760431290,1,1,1,1,0,0,0,-0.095000743866,-0.390321135521,0.643995702267,-0.027168743312,0.125293120742,0.070930361748,0.989207983017
616,1413393915.805760622025,1413393916.805760622025,1,1,1,1,0,0,0,-0.118573665619,-0.384569644928,0.620261669159,-0.030983811244,0.149372249842,0.083112798631,0.984794497490
617,1413393915.855760335922,1413393916.855760335922,1,1,1,1,0,0,0,-0.141213178635,-0.389091134071,0.604316473007,-0.030960952863,0.174637287855,0.093777693808,0.979667782784
618,1413393915.905760526657,1413393916.905760526657,1,1,1,1,0,0,0,-0.162726163864,-0.394949197769,0.588883817196,-0.028887838125,0.198485627770,0.106331415474,0.973890423775
619,1413393915.955760478973,1413393916.955760478973,1,1,1,1,0,0,0,-0.183002710342,-0.398900151253,0.575200021267,-0.027755618095,0.221142351627,0.120128907263,0.967416524887
620,1413393916.005760431290,1413393917.005760431290,1,1,1,1,0,0,0,-0.191025257111,-0.402945756912,0.568562626839,-0.024962559342,0.242321267724,0.138027057052,0.960003077984
621,1413393916.055760383606,1413393917.055760383606,1,1,1,1,0,0,0,-0.205479621887,-0.406529903412,0.556342184544,-0.021832870319,0.263524472713,0.154825404286,0.951896727085
622,1413393916.105760574341,1413393917.105760574341,1,1,1,1,0,0,0,-0.214977502823,-0.412398338318,0.543830513954,-0.020562086254,0.283748924732,0.170647576451,0.943368077278
623,1413393916.155760288239,1413393917.155760288239,1,1,1,1,0,0,0,-0.223096609116,-0.413227796555,0.531042814255,-0.020362377167,0.304596275091,0.182634308934,0.934586167336
624,1413393916.205760478973,1413393917.205760478973,1,1,1,1,0,0,0,-0.229370355606,-0.412658929825,0.520073592663,-0.021244462579,0.323818504810,0.192070811987,0.926174461842
625,1413393916.255760431290,1413393917.255760431290,1,1,1,1,0,0,0,-0.240394115448,-0.413010120392,0.503084778786,-0.021561859176,0.341861009598,0.194831699133,0.919079363346
626,1413393916.305760622025,1413393917.305760622025,1,1,1,1,0,0,0,-0.250040054321,-0.406950473785,0.482864856720,-0.023695793003,0.357811808586,0.194855332375,0.912929773331
627,1413393916.355760335922,1413393917.355760335922,1,1,1,1,0,0,0,-0.259122133255,-0.400020122528,0.457943260670,-0.024413658306,0.371546268463,0.194734424353,0.907433629036
628,1413393916.405760526657,1413393917.405760526657,1,1,1,1,0,0,0,-0.266607999802,-0.391910552979,0.429366707802,-0.021545268595,0.382804304361,0.197171717882,0.902286052704
629,1413393916.455760478973,1413393917.455760478973,1,1,1,1,0,0,0,-0.273001909256,-0.385593175888,0.404625892639,-0.021515356377,0.392911076546,0.199807196856,0.897348999977
630,1413393916.505760431290,1413393917.505760431290,1,1,1,1,0,0,0,-0.278225183487,-0.372581601143,0.381856799126,-0.020604327321,0.401789397001,0.200853094459,0.893195867538
631,1413393916.555760383606,1413393917.555760383606,1,1,1,1,0,0,0,-0.278978586197,-0.355701565742,0.351943790913,-0.021151617169,0.408104777336,0.205483838916,0.889257907867
632,1413393916.605760574341,1413393917.605760574341,1,1,1,1,0,0,0,-0.275908946991,-0.337677240372,0.320324629545,-0.021632065997,0.413453608751,0.207822471857,0.886226892471
633,1413393916.655760288239,1413393917.655760288239,1,1,1,1,0,0,0,-0.266082286835,-0.323196172714,0.298495650291,-0.022376824170,0.418777436018,0.208079829812,0.883644402027
634,1413393916.705760478973,1413393917.705760478973,1,1,1,1,0,0,0,-0.256323814392,-0.295289874077,0.273276209831,0.019833434373,-0.424132198095,-0.205650880933,-0.881717801094
635,1413393916.755760431290,1413393917.755760431290,1,1,1,1,0,0,0,-0.241153240204,-0.270267724991,0.247358635068,0.015201925300,-0.429358065128,-0.201637655497,-0.880206108093
636,1413393916.805760622025,1413393917.805760622025,1,1,1,1,0,0,0,-0.221663236618,-0.249725222588,0.233421891928,0.010354339145,-0.435621172190,-0.193281471729,-0.879073023796
637,1413393916.855760335922,1413393917.855760335922,1,1,1,1,0,0,0,-0.199733257294,-0.225368738174,0.215278208256,0.005893071648,-0.440185338259,-0.188032329082,-0.877978384495
638,1413393916.905760526657,1413393917.905760526657,1,1,1,1,0,0,0,-0.179149627686,-0.201570272446,0.188337445259,0.000521101814,-0.444254159927,-0.184074670076,-0.876786530018
639,1413393916.955760478973,1413393917.955760478973,1,1,1,1,0,0,0,-0.152225494385,-0.174872875214,0.181225180626,-0.003329123603,-0.447327524424,-0.180217042565,-0.876018822193
640,1413393917.005760431290,1413393918.005760431290,1,1,1,1,0,0,0,-0.123923778534,-0.146960020065,0.169385135174,-0.007390898652,-0.450705051422,-0.172772765160,-0.875762522221
641,1413393917.055760383606,1413393918.055760383606,1,1,1,1,0,0,0,-0.094075202942,-0.124957680702,0.159440875053,-0.011010625400,-0.453416109085,-0.166150629520,-0.875606417656
642,1413393917.105760574341,1413393918.105760574341,1,1,1,1,0,0,0,-0.064260005951,-0.114150047302,0.160488367081,-0.013288780116,-0.455746799707,-0.161435142159,-0.875246882439
643,1413393917.155760288239,1413393918.155760288239,1,1,1,1,0,0,0,-0.030946254730,-0.093985676765,0.152469277382,-0.013319061138,-0.456249088049,-0.159055784345,-0.875420331955
644,1413393917.205760478973,1413393918.205760478973,1,1,1,1,0,0,0,0.000504732132,-0.079778671265,0.148382425308,-0.014358001761,-0.455393821001,-0.160866975784,-0.875518262386
645,1413393917.255760431290,1413393918.255760431290,1,1,1,1,0,0,0,0.033205747604,-0.067690432072,0.146741867065,-0.017216473818,-0.456148982048,-0.159577399492,-0.875309526920
646,1413393917.305760622025,1413393918.305760622025,1,1,1,1,0,0,0,0.065089464188,-0.063403308392,0.152379870415,-0.021918298677,-0.455049395561,-0.164551869035,-0.874855697155
647,1413393917.355760335922,1413393918.355760335922,1,1,1,1,0,0,0,0.102403640747,-0.052740454674,0.150568246841,-0.027535576373,-0.453353792429,-0.169169411063,-0.874696433544
648,1413393917.405760526657,1413393918.405760526657,1,1,1,1,0,0,0,0.133627653122,-0.049602687359,0.153885364532,-0.032195918262,-0.452416390181,-0.170563057065,-0.874752044678
649,1413393917.455760478973,1413393918.455760478973,1,1,1,1,0,0,0,0.164709329605,-0.049304008484,0.157570838928,-0.035416603088,-0.450732618570,-0.173223182559,-0.874974071980
650,1413393917.505760431290,1413393918.505760431290,1,1,1,1,0,0,0,0.192602634430,-0.058481782675,0.159612655640,-0.037598509341,-0.449103921652,-0.176969677210,-0.874970734119
651,1413393917.555760383606,1413393918.555760383606,1,1,1,1,0,0,0,0.227037429810,-0.061772823334,0.159846782684,-0.041775904596,-0.447100847960,-0.180120915174,-0.875164031982
652,1413393917.605760574341,1413393918.605760574341,1,1,1,1,0,0,0,0.256354093552,-0.071293681860,0.165027141571,-0.045128460974,-0.445571869612,-0.184734165668,-0.874815583229
653,1413393917.655760288239,1413393918.655760288239,1,1,1,1,0,0,0,0.290693998337,-0.082299694419,0.164125204086,-0.048624962568,-0.444540888071,-0.188514128327,-0.874346315861
654,1413393917.705760478973,1413393918.705760478973,1,1,1,1,0,0,0,0.323958635330,-0.090284183621,0.168189287186,-0.050960481167,-0.443291395903,-0.194766089320,-0.873476862907
655,1413393917.755760431290,1413393918.755760431290,1,1,1,1,0,0,0,0.353602409363,-0.099246516824,0.178204774857,-0.048818942159,-0.443235993385,-0.201925918460,-0.872000336647
656,1413393917.805760622025,1413393918.805760622025,1,1,1,1,0,0,0,0.387940287590,-0.103800058365,0.184997558594,-0.045926373452,-0.445081770420,-0.208024606109,-0.869780898094
657,1413393917.855760335922,1413393918.855760335922,1,1,1,1,0,0,0,0.427198171616,-0.112146794796,0.194335222244,-0.046891685575,-0.448526382446,-0.212029978633,-0.866988241673
658,1413393917.905760526657,1413393918.905760526657,1,1,1,1,0,0,0,0.461204528809,-0.123940020800,0.203287124634,0.052405092865,0.456717312336,0.207206547260,0.863555729389
659,1413393917.955760478973,1413393918.955760478973,1,1,1,1,0,0,0,0.492700219154,-0.137702792883,0.205433368683,0.059750664979,0.466076701880,0.200605720282,0.859627783298
660,1413393918.005760431290,1413393919.005760431290,1,1,1,1,0,0,0,0.530880212784,-0.148452416062,0.208688497543,-0.066099248827,-0.476909548044,-0.190850615501,-0.855432212353
661,1413393918.055760383606,1413393919.055760383606,1,1,1,1,0,0,0,0.563214659691,-0.163467541337,0.216369152069,-0.072776332498,-0.487970530987,-0.182770848274,-0.850401818752
662,1413393918.105760574341,1413393919.105760574341,1,1,1,1,0,0,0,0.596998095512,-0.178784191608,0.221697330475,0.078544691205,0.498248547316,0.175439119339,0.845458626747
663,1413393918.155760288239,1413393919.155760288239,1,1,1,1,0,0,0,0.631198525429,-0.196518421173,0.226987123489,0.085330106318,0.506714463234,0.173088565469,0.840237796307
664,1413393918.205760478973,1413393919.205760478973,1,1,1,1,0,0,0,0.659831464291,-0.214105039835,0.229456663132,-0.097718931735,-0.514652907848,-0.168770596385,-0.834925174713
665,1413393918.255760431290,1413393919.255760431290,1,1,1,1,0,0,0,0.685942173004,-0.228539377451,0.233673810959,-0.107516951859,-0.521302402020,-0.168150410056,-0.829704344273
666,1413393918.305760622025,1413393919.305760622025,1,1,1,1,0,0,0,0.707898378372,-0.250249803066,0.231738090515,0.122192785144,0.527437925339,0.165161445737,0.824378490448
667,1413393918.355760335922,1413393919.355760335922,1,1,1,1,0,0,0,0.726434886456,-0.261654675007,0.233665466309,0.135682046413,0.531160414219,0.163953155279,0.820108771324
668,1413393918.405760526657,1413393919.405760526657,1,1,1,1,0,0,0,0.738029778004,-0.265401840210,0.236398220062,-0.149424716830,-0.531654357910,-0.165896996856,-0.817003130913
669,1413393918.455760478973,1413393919.455760478973,1,1,1,1,0,0,0,0.747794330120,-0.268937170506,0.234123706818,-0.157810240984,-0.527649104595,-0.172839179635,-0.816583693027
670,1413393918.505760431290,1413393919.505760431290,1,1,1,1,0,0,0,0.754604399204,-0.265525549650,0.234040975571,0.161449015141,0.521789133549,0.179363504052,0.818229258060
671,1413393918.555760383606,1413393919.555760383606,1,1,1,1,0,0,0,0.754775464535,-0.258636116982,0.226827859879,-0.163753896952,-0.514189481735,-0.185987412930,-0.821098327637
672,1413393918.605760574341,1413393919.605760574341,1,1,1,1,0,0,0,0.756019413471,-0.243337020278,0.223363399506,-0.160282507539,-0.505928993225,-0.189766302705,-0.826035141945
673,1413393918.655760288239,1413393919.655760288239,1,1,1,1,0,0,0,0.755194783211,-0.220163226128,0.218153238297,-0.153739959002,-0.497758477926,-0.188975468278,-0.832399427891
674,1413393918.705760478973,1413393919.705760478973,1,1,1,1,0,0,0,0.754724502563,-0.198093771935,0.208846569061,-0.148563161492,-0.488190203905,-0.180631697178,-0.840815961361
675,1413393918.755760431290,1413393919.755760431290,1,1,1,1,0,0,0,0.754581689835,-0.176960408688,0.197461366653,-0.146082162857,-0.478063166142,-0.162976846099,-0.850619792938
676,1413393918.805760622025,1413393919.805760622025,1,1,1,1,0,0,0,0.755137443542,-0.156531870365,0.181810617447,-0.142366155982,-0.467044204473,-0.137409716845,-0.861812114716
677,1413393918.855760335922,1413393919.855760335922,1,1,1,1,0,0,0,0.759581923485,-0.131864130497,0.168026924133,-0.137925714254,-0.454286187887,-0.106036469340,-0.873702943325
678,1413393918.905760526657,1413393919.905760526657,1,1,1,1,0,0,0,0.761430740356,-0.099396944046,0.151674270630,-0.125085711479,-0.436902523041,-0.078848272562,-0.887272655964
679,1413393918.955760478973,1413393919.955760478973,1,1,1,1,0,0,0,0.761804103851,-0.055664300919,0.135699987411,-0.108555376530,-0.415546119213,-0.057477660477,-0.901239931583
680,1413393919.005760431290,1413393920.005760431290,1,1,1,1,0,0,0,0.764528512955,-0.010137915611,0.118681669235,-0.089300647378,-0.389842778444,-0.043661501259,-0.915500879288
681,1413393919.055760383606,1413393920.055760383606,1,1,1,1,0,0,0,0.766869068146,0.038539052010,0.105599403381,-0.072582282126,-0.360805869102,-0.032730467618,-0.929236114025
682,1413393919.105760574341,1413393920.105760574341,1,1,1,1,0,0,0,0.771409511566,0.085893392563,0.086297035217,-0.058648400009,-0.330289632082,-0.024693746120,-0.941732168198
683,1413393919.155760288239,1413393920.155760288239,1,1,1,1,0,0,0,0.778757333755,0.129994273186,0.065435409546,0.047366704792,0.299575656652,0.014930819161,0.952779054642
684,1413393919.205760478973,1413393920.205760478973,1,1,1,1,0,0,0,0.792962551117,0.177612781525,0.050300598145,-0.035587918013,-0.268943548203,-0.004687347449,-0.962486863136
685,1413393919.255760431290,1413393920.255760431290,1,1,1,1,0,0,0,0.806158065796,0.220362544060,0.026912331581,-0.024619894102,-0.238963723183,0.006305155810,-0.970695912838
686,1413393919.305760622025,1413393920.305760622025,1,1,1,1,0,0,0,0.822365760803,0.260135293007,0.000145554543,0.010213555768,0.209103211761,-0.018277022988,0.977669417858
687,1413393919.355760335922,1413393920.355760335922,1,1,1,1,0,0,0,0.848914146423,0.298652529716,-0.022320866585,0.003830857808,-0.181560024619,0.031951423734,-0.982853233814
688,1413393919.405760526657,1413393920.405760526657,1,1,1,1,0,0,0,0.871809482574,0.323531985283,-0.053624033928,0.021274153143,-0.156943798065,0.045916318893,-0.986310184002
689,1413393919.455760478973,1413393920.455760478973,1,1,1,1,0,0,0,0.895745038986,0.340881824493,-0.085005283356,0.034711755812,-0.135462224483,0.058916300535,-0.988420009613
690,1413393919.505760431290,1413393920.505760431290,1,1,1,1,0,0,0,0.925491333008,0.359921932220,-0.109686553478,0.043538242579,-0.115351125598,0.070617198944,-0.989854395390
691,1413393919.555760383606,1413393920.555760383606,1,1,1,1,0,0,0,0.947310686111,0.375264644623,-0.131609380245,-0.048286698759,0.096843212843,-0.081569559872,0.990775525570
692,1413393919.605760574341,1413393920.605760574341,1,1,1,1,0,0,0,0.965478420258,0.391144514084,-0.149781256914,-0.050436865538,0.078699417412,-0.091468878090,0.991411149502
693,1413393919.655760288239,1413393920.655760288239,1,1,1,1,0,0,0,0.977439880371,0.407752513885,-0.170682966709,0.053932953626,-0.061276953667,0.097706139088,-0.991861879826
694,1413393919.705760478973,1413393920.705760478973,1,1,1,1,0,0,0,0.984122276306,0.430046558380,-0.192104429007,0.057785231620,-0.046224363148,0.101191624999,-0.992111086845
695,1413393919.755760431290,1413393920.755760431290,1,1,1,1,0,0,0,0.979635715485,0.461429834366,-0.218723505735,0.063558690250,-0.030956622213,0.097248099744,-0.992746114731
696,1413393919.805760622025,1413393920.805760622025,1,1,1,1,0,0,0,0.965538024902,0.498618125916,-0.248031690717,0.072369351983,-0.016639405861,0.086748331785,-0.993458867073
697,1413393919.855760335922,1413393920.855760335922,1,1,1,1,0,0,0,0.945146083832,0.537023305893,-0.275942414999,-0.080070234835,0.004429722670,-0.075820580125,0.993891537189
698,1413393919.905760526657,1413393920.905760526657,1,1,1,1,0,0,0,0.919911384583,0.574594020844,-0.300376206636,-0.089144632220,-0.005059451796,-0.065055310726,0.993879020214
699,1413393919.955760478973,1413393920.955760478973,1,1,1,1,0,0,0,0.890905141830,0.603815317154,-0.323502957821,-0.095263972878,-0.012606251054,-0.055677622557,0.993813872337
700,1413393920.005760431290,1413393921.005760431290,1,1,1,1,0,0,0,0.865517616272,0.632139325142,-0.344468832016,-0.100577853620,-0.016333466396,-0.048407025635,0.993616640568
701,1413393920.055760383606,1413393921.055760383606,1,1,1,1,0,0,0,0.840582609177,0.649079799652,-0.357839614153,-0.107008427382,-0.018327021971,-0.045269355178,0.993057906628
702,1413393920.105760574341,1413393921.105760574341,1,1,1,1,0,0,0,0.813982486725,0.655829906464,-0.373507261276,-0.113171704113,-0.019036106765,-0.043401412666,0.992444574833
703,1413393920.155760288239,1413393921.155760288239,1,1,1,1,0,0,0,0.789219856262,0.663354516029,-0.379957169294,-0.115223892033,-0.018606575206,-0.040912784636,0.992322206497
704,1413393920.205760478973,1413393921.205760478973,1,1,1,1,0,0,0,0.763698577881,0.660546779633,-0.384767651558,-0.116933248937,-0.016985831782,-0.042077511549,0.992102682590
705,1413393920.255760431290,1413393921.255760431290,1,1,1,1,0,0,0,0.734028339386,0.651684999466,-0.386810183525,-0.117912337184,-0.015989320353,-0.041676353663,0.992020308971
706,1413393920.305760622025,1413393921.305760622025,1,1,1,1,0,0,0,0.706278324127,0.641195535660,-0.381407916546,-0.116750568151,-0.013814123347,-0.040992949158,0.992218792439
707,1413393920.355760335922,1413393921.355760335922,1,1,1,1,0,0,0,0.673339843750,0.630508303642,-0.373785138130,-0.115085639060,-0.013098872267,-0.037042487413,0.992578268051
708,1413393920.405760526657,1413393921.405760526657,1,1,1,1,0,0,0,0.640277385712,0.617887020111,-0.349925845861,-0.105013519526,-0.012113449164,-0.033255442977,0.993840813637
709,1413393920.455760478973,1413393921.455760478973,1,1,1,1,0,0,0,0.608471870422,0.603658318520,-0.318958610296,-0.086956389248,-0.010598220862,-0.029170863330,0.995728552341
710,1413393920.505760431290,1413393921.505760431290,1,1,1,1,0,0,0,0.573252201080,0.587542176247,-0.285580426455,-0.066406108439,-0.009829047136,-0.024955689907,0.997432112694
711,1413393920.555760383606,1413393921.555760383606,1,1,1,1,0,0,0,0.539548397064,0.566642880440,-0.251187115908,0.046184398234,0.008779288270,0.020982835442,-0.998673975468
712,1413393920.605760574341,1413393921.605760574341,1,1,1,1,0,0,0,0.504534721375,0.546983599663,-0.219151318073,0.030035927892,0.006455092225,0.017976423725,-0.999366343021
713,1413393920.655760288239,1413393921.655760288239,1,1,1,1,0,0,0,0.470010280609,0.526779413223,-0.188104808331,-0.019097505137,-0.005162661429,-0.014175516553,0.999703884125
714,1413393920.705760478973,1413393921.705760478973,1,1,1,1,0,0,0,0.435753345490,0.508571028709,-0.156021162868,0.011813331395,0.003425985808,0.011330287904,-0.999860227108
715,1413393920.755760431290,1413393921.755760431290,1,1,1,1,0,0,0,0.401675224304,0.494020938873,-0.127212330699,0.007475172170,0.001557746087,0.008024735376,-0.999938726425
716,1413393920.805760622025,1413393921.805760622025,1,1,1,1,0,0,0,0.370077133179,0.480524718761,-0.095910206437,-0.001567589003,0.000398926815,-0.007417996880,0.999971210957
717,1413393920.855760335922,1413393921.855760335922,1,1,1,1,0,0,0,0.337376117706,0.473470330238,-0.072197094560,0.004850362893,0.001411334961,-0.004033682868,0.999979138374
718,1413393920.905760526657,1413393921.905760526657,1,1,1,1,0,0,0,0.302868843079,0.461372017860,-0.032602190971,-0.019001537934,-0.002435900038,-0.000355815340,-0.999816477299
719,1413393920.955760478973,1413393921.955760478973,1,1,1,1,0,0,0,0.269251346588,0.451887309551,0.003709584475,-0.035131372511,-0.004134654533,-0.003455146216,-0.999368250370
720,1413393921.005760431290,1413393922.005760431290,1,1,1,1,0,0,0,0.236932277679,0.440177381039,0.042568713427,0.051398135722,0.004549272824,0.006378084421,0.998647511005
721,1413393921.055760383606,1413393922.055760383606,1,1,1,1,0,0,0,0.204796791077,0.427833467722,0.080541998148,-0.060360066593,-0.005830524955,-0.009402222000,-0.998115360737
722,1413393921.105760574341,1413393922.105760574341,1,1,1,1,0,0,0,0.174075126648,0.417428404093,0.113045275211,-0.065485052764,-0.007137332112,-0.011632392183,-0.997760295868
723,1413393921.155760288239,1413393922.155760288239,1,1,1,1,0,0,0,0.144053459167,0.409474313259,0.139387309551,0.062378153205,0.007843589410,0.012654824182,0.997941553593
724,1413393921.205760478973,1413393922.205760478973,1,1,1,1,0,0,0,0.113214492798,0.405571490526,0.162033975124,0.050318308175,0.007706113625,0.016308678314,0.998570322990
725,1413393921.255760431290,1413393922.255760431290,1,1,1,1,0,0,0,0.086854934692,0.401328295469,0.185966193676,-0.037665337324,-0.008299865760,-0.017902545631,-0.999095618725
726,1413393921.305760622025,1413393922.305760622025,1,1,1,1,0,0,0,0.060503959656,0.401844114065,0.200765401125,-0.022754449397,-0.007939736359,-0.019884862006,-0.999511778355
727,1413393921.355760335922,1413393922.355760335922,1,1,1,1,0,0,0,0.037776947021,0.403134554625,0.214410513639,0.009452330880,0.008877250366,0.019561367109,0.999724626541
728,1413393921.405760526657,1413393922.405760526657,1,1,1,1,0,0,0,0.016616344452,0.407105356455,0.224505722523,-0.004397599492,0.009994830936,0.018907491118,0.999761641026
729,1413393921.455760478973,1413393922.455760478973,1,1,1,1,0,0,0,-0.003125667572,0.413566082716,0.230659663677,-0.018785001710,0.009123364463,0.022545907646,0.999527692795
730,1413393921.505760431290,1413393922.505760431290,1,1,1,1,0,0,0,-0.020655155182,0.423637658358,0.236350983381,-0.029511997476,0.007529422175,0.030046023428,0.999084413052
731,1413393921.555760383606,1413393922.555760383606,1,1,1,1,0,0,0,-0.037610530853,0.430966824293,0.240117758512,-0.035890005529,0.006132939830,0.037996057421,0.998614430428
732,1413393921.605760574341,1413393922.605760574341,1,1,1,1,0,0,0,-0.055366992950,0.434976786375,0.247113376856,-0.036718413234,0.003065796336,0.048381220549,0.998149156570
733,1413393921.655760288239,1413393922.655760288239,1,1,1,1,0,0,0,-0.068806171417,0.435786396265,0.259281516075,-0.035554029047,0.001226523775,0.055680643767,0.997814714909
734,1413393921.705760478973,1413393922.705760478973,1,1,1,1,0,0,0,-0.080793857574,0.431423246861,0.274968266487,-0.032615873963,-0.000542535447,0.060836818069,0.997614562511
735,1413393921.755760431290,1413393922.755760431290,1,1,1,1,0,0,0,-0.090390682220,0.423230201006,0.294452577829,0.032730787992,0.002616497688,-0.062635660172,-0.997496187687
736,1413393921.805760622025,1413393922.805760622025,1,1,1,1,0,0,0,-0.096456527710,0.413342565298,0.312774777412,0.035943314433,0.003421396948,-0.062229145318,-0.997408628464
737,1413393921.855760335922,1413393922.855760335922,1,1,1,1,0,0,0,-0.100340366364,0.399801641703,0.334677994251,-0.045063614845,-0.002706203144,0.057078793645,0.997348487377
738,1413393921.905760526657,1413393922.905760526657,1,1,1,1,0,0,0,-0.098571777344,0.388475865126,0.351212054491,-0.059814974666,-0.001870401204,0.049817994237,0.996963858604
739,1413393921.955760478973,1413393922.955760478973,1,1,1,1,0,0,0,-0.095212936401,0.374595165253,0.369627833366,-0.075599133968,-0.000259599445,0.040405362844,0.996319293976
740,1413393922.005760431290,1413393923.005760431290,1,1,1,1,0,0,0,-0.088601589203,0.355068504810,0.393820673227,-0.088097706437,0.003021393204,0.027080476284,0.995739042759
741,1413393922.055760383606,1413393923.055760383606,1,1,1,1,0,0,0,-0.082190036774,0.322665512562,0.427146673203,-0.090536616743,0.005275590811,0.016068294644,0.995749533176
742,1413393922.105760574341,1413393923.105760574341,1,1,1,1,0,0,0,-0.078536510468,0.283856272697,0.467113435268,-0.088492415845,0.007601381280,0.009157793596,0.996005773544
743,1413393922.155760288239,1413393923.155760288239,1,1,1,1,0,0,0,-0.072156429291,0.231904089451,0.506930828094,0.081838592887,-0.008964360692,-0.004227976780,-0.996596336365
744,1413393922.205760478973,1413393923.205760478973,1,1,1,1,0,0,0,-0.064551353455,0.165239721537,0.554856657982,0.065360657871,-0.009685650468,-0.001262707054,-0.997813940048
745,1413393922.255760431290,1413393923.255760431290,1,1,1,1,0,0,0,-0.058228015900,0.094611287117,0.601571321487,-0.047500986606,0.009595552459,0.001087079174,0.998824536800
746,1413393922.305760622025,1413393923.305760622025,1,1,1,1,0,0,0,-0.054726123810,0.016377128661,0.647293806076,-0.026552250609,0.008241619915,0.005464454181,0.999598562717
747,1413393922.355760335922,1413393923.355760335922,1,1,1,1,0,0,0,-0.048966407776,-0.061686240137,0.688886046410,-0.004698546603,0.002746921498,0.016116878018,0.999855339527
748,1413393922.405760526657,1413393923.405760526657,1,1,1,1,0,0,0,-0.043306350708,-0.136951729655,0.724649846554,-0.012948477641,0.006927929819,-0.029422339052,-0.999459207058
749,1413393922.455760478973,1413393923.455760478973,1,1,1,1,0,0,0,-0.035928726196,-0.203627139330,0.760098576546,-0.027360357344,0.018040312454,-0.034618072212,-0.998863160610
750,1413393922.505760431290,1413393923.505760431290,1,1,1,1,0,0,0,-0.025781154633,-0.258245646954,0.793537139893,0.035838749260,-0.030204668641,0.033423021436,0.998341739178
751,1413393922.555760383606,1413393923.555760383606,1,1,1,1,0,0,0,-0.017497539520,-0.298860937357,0.830162644386,0.037932615727,-0.043658941984,0.025935729966,0.997989177704
752,1413393922.605760574341,1413393923.605760574341,1,1,1,1,0,0,0,-0.008119106293,-0.329301625490,0.867681562901,0.033242654055,-0.058964457363,0.013531673700,0.997614681721
753,1413393922.655760288239,1413393923.655760288239,1,1,1,1,0,0,0,0.002822399139,-0.357131242752,0.900770783424,0.028834054247,-0.073737390339,-0.006279803347,0.996841013432
754,1413393922.705760478973,1413393923.705760478973,1,1,1,1,0,0,0,0.013896465302,-0.385335028172,0.934509217739,0.023085568100,-0.089934855700,-0.027734369040,0.995293736458
755,1413393922.755760431290,1413393923.755760431290,1,1,1,1,0,0,0,0.031769275665,-0.414784044027,0.960214972496,0.017020655796,-0.106529638171,-0.050624694675,0.992874026299
756,1413393922.805760622025,1413393923.805760622025,1,1,1,1,0,0,0,0.044174194336,-0.451365441084,0.986273586750,0.012179816142,-0.125470519066,-0.068579673767,0.989649295807
757,1413393922.855760335922,1413393923.855760335922,1,1,1,1,0,0,0,0.058339595795,-0.493183493614,1.009096503258,0.013647405431,-0.146915003657,-0.080640919507,0.985762000084
758,1413393922.905760526657,1413393923.905760526657,1,1,1,1,0,0,0,0.070142269135,-0.540353894234,1.025898933411,0.017778702080,-0.168448925018,-0.090970553458,0.981342613697
759,1413393922.955760478973,1413393923.955760478973,1,1,1,1,0,0,0,0.082206726074,-0.582737743855,1.044433832169,0.023013941944,-0.191742479801,-0.095327720046,0.976533591747
760,1413393923.005760431290,1413393924.005760431290,1,1,1,1,0,0,0,0.096451282501,-0.622812449932,1.059003353119,0.028229901567,-0.215813964605,-0.096595324576,0.971234738827
761,1413393923.055760383606,1413393924.055760383606,1,1,1,1,0,0,0,0.109250068665,-0.654864072800,1.077137231827,0.032789632678,-0.237913280725,-0.098573036492,0.965715050697
762,1413393923.105760574341,1413393924.105760574341,1,1,1,1,0,0,0,0.118889808655,-0.680355370045,1.092922210693,0.036109354347,-0.257150143385,-0.107354722917,0.959710896015
763,1413393923.155760288239,1413393924.155760288239,1,1,1,1,0,0,0,0.127749443054,-0.704720377922,1.110779523849,0.042759858072,-0.272632658482,-0.121357619762,0.953475415707
764,1413393923.205760478973,1413393924.205760478973,1,1,1,1,0,0,0,0.136599540710,-0.718181312084,1.127048730850,-0.050684113055,0.285509765148,0.139516383410,-0.946810662746
765,1413393923.255760431290,1413393924.255760431290,1,1,1,1,0,0,0,0.139832973480,-0.723641395569,1.147083759308,-0.058883003891,0.296860784292,0.160731613636,-0.939453005791
766,1413393923.305760622025,1413393924.305760622025,1,1,1,1,0,0,0,0.141904830933,-0.720946550369,1.164815902710,0.061762224883,-0.305307596922,-0.185065895319,0.932053267956
767,1413393923.355760335922,1413393924.355760335922,1,1,1,1,0,0,0,0.141511917114,-0.710495471954,1.180489897728,0.059059828520,-0.309512287378,-0.213458865881,0.924742877483
768,1413393923.405760526657,1413393924.405760526657,1,1,1,1,0,0,0,0.142706871033,-0.703843772411,1.190397262573,0.055724814534,-0.308534592390,-0.243581369519,0.917806744576
769,1413393923.455760478973,1413393924.455760478973,1,1,1,1,0,0,0,0.151218891144,-0.691360116005,1.199102759361,0.050085987896,-0.302538871765,-0.270297855139,0.912633955479
770,1413393923.505760431290,1413393924.505760431290,1,1,1,1,0,0,0,0.164309024811,-0.672716140747,1.201590538025,0.043801996857,-0.294848859310,-0.289519399405,0.909573614597
771,1413393923.555760383606,1413393924.555760383606,1,1,1,1,0,0,0,0.178257465363,-0.653907835484,1.193608999252,0.037679813802,-0.285039573908,-0.301327228546,0.909139513969
772,1413393923.605760574341,1413393924.605760574341,1,1,1,1,0,0,0,0.198018074036,-0.637542307377,1.180069565773,0.038651164621,-0.271951496601,-0.307072848082,0.911183178425
773,1413393923.655760288239,1413393924.655760288239,1,1,1,1,0,0,0,0.212812423706,-0.623702704906,1.159722089767,-0.044751416892,0.257822215557,0.303321868181,-0.916253745556
774,1413393923.705760478973,1413393924.705760478973,1,1,1,1,0,0,0,0.226954936981,-0.610310196877,1.131504178047,-0.054829921573,0.241773560643,0.294092714787,-0.923064827919
775,1413393923.755760431290,1413393924.755760431290,1,1,1,1,0,0,0,0.229910850525,-0.612886548042,1.090916275978,-0.068295508623,0.222456067801,0.279903113842,-0.931398630142
776,1413393923.805760622025,1413393924.805760622025,1,1,1,1,0,0,0,0.224869728088,-0.620178103447,1.043213367462,-0.077429786325,0.199603423476,0.266034275293,-0.939887762070
777,1413393923.855760335922,1413393924.855760335922,1,1,1,1,0,0,0,0.202289581299,-0.632140874863,0.994788289070,-0.077632240951,0.178741991520,0.243910536170,-0.950016975403
778,1413393923.905760526657,1413393924.905760526657,1,1,1,1,0,0,0,0.169721603394,-0.646217584610,0.941117167473,-0.071224093437,0.159675642848,0.215461835265,-0.960732519627
779,1413393923.955760478973,1413393924.955760478973,1,1,1,1,0,0,0,0.118142604828,-0.668033123016,0.884707212448,-0.057825330645,0.143692880869,0.182342112064,-0.970958292484
780,1413393924.005760431290,1413393925.005760431290,1,1,1,1,0,0,0,0.057947635651,-0.696684718132,0.828320264816,-0.047976817936,0.130090311170,0.150193601847,-0.978885412216
781,1413393924.055760383606,1413393925.055760383606,1,1,1,1,0,0,0,-0.014702796936,-0.726673364639,0.773187279701,-0.039480675012,0.118436098099,0.120740219951,-0.984802484512
782,1413393924.105760574341,1413393925.105760574341,1,1,1,1,0,0,0,-0.090658187866,-0.764973640442,0.723080515862,-0.033331040293,0.110084198415,0.090349584818,-0.989245951176
783,1413393924.155760288239,1413393925.155760288239,1,1,1,1,0,0,0,-0.164041996002,-0.807617425919,0.678535163403,-0.025818021968,0.107259385288,0.056261103600,-0.992302179337
784,1413393924.205760478973,1413393925.205760478973,1,1,1,1,0,0,0,-0.237898349762,-0.855762958527,0.642731845379,-0.015129906125,0.109869167209,0.018042368814,-0.993667125702
785,1413393924.255760431290,1413393925.255760431290,1,1,1,1,0,0,0,-0.301028251648,-0.909180283546,0.615694582462,-0.003028812585,0.115523084998,-0.019513426349,-0.993108451366
786,1413393924.305760622025,1413393925.305760622025,1,1,1,1,0,0,0,-0.366375923157,-0.971859335899,0.592642188072,0.005313738249,0.122367307544,-0.050812207162,-0.991169154644
787,1413393924.355760335922,1413393925.355760335922,1,1,1,1,0,0,0,-0.420429706573,-1.040442466736,0.573226451874,0.009402540512,0.128084331751,-0.073690675199,-0.988977193832
788,1413393924.405760526657,1413393925.405760526657,1,1,1,1,0,0,0,-0.473144531250,-1.114523887634,0.558892965317,0.009225035086,0.131433814764,-0.089097201824,-0.987269818783
789,1413393924.455760478973,1413393925.455760478973,1,1,1,1,0,0,0,-0.516994953156,-1.190079569817,0.541097402573,0.004730727989,0.135577619076,-0.104039981961,-0.985277712345
790,1413393924.505760431290,1413393925.505760431290,1,1,1,1,0,0,0,-0.559776782990,-1.265788197517,0.531096577644,0.000270618970,0.137722179294,-0.113869145513,-0.983903706074
791,1413393924.555760383606,1413393925.555760383606,1,1,1,1,0,0,0,-0.594009876251,-1.330191731453,0.525094628334,-0.001891185879,0.140168786049,-0.122745856643,-0.982487976551
792,1413393924.605760574341,1413393925.605760574341,1,1,1,1,0,0,0,-0.628250598907,-1.392869949341,0.533958911896,0.001091751154,0.143373057246,-0.133468851447,-0.980626821518
793,1413393924.655760288239,1413393925.655760288239,1,1,1,1,0,0,0,-0.653615951538,-1.437486171722,0.549055337906,0.005798976403,0.146583676338,-0.142176970840,-0.978910267353
794,1413393924.705760478973,1413393925.705760478973,1,1,1,1,0,0,0,-0.678735733032,-1.477723836899,0.575945436954,0.013544490561,0.149495914578,-0.149102240801,-0.977361798286
795,1413393924.755760431290,1413393925.755760431290,1,1,1,1,0,0,0,-0.707586765289,-1.500849246979,0.605294585228,0.020031791180,0.151622667909,-0.152325481176,-0.976425230503
796,1413393924.805760622025,1413393925.805760622025,1,1,1,1,0,0,0,-0.742104053497,-1.510683894157,0.638361036777,0.022192982957,0.154998153448,-0.152889877558,-0.975760102272
797,1413393924.855760335922,1413393925.855760335922,1,1,1,1,0,0,0,-0.798506736755,-1.494436740875,0.657829344273,0.020764246583,0.154794290662,-0.142041504383,-0.977461934090
798,1413393924.905760526657,1413393925.905760526657,1,1,1,1,0,0,0,-0.867932319641,-1.455592751503,0.674875140190,0.013831884600,0.151895076036,-0.121844738722,-0.980760157108
799,1413393924.955760478973,1413393925.955760478973,1,1,1,1,0,0,0,-0.941877365112,-1.387228131294,0.690771698952,0.000353011652,0.146124228835,-0.095189705491,-0.984675824642
800,1413393925.005760431290,1413393926.005760431290,1,1,1,1,0,0,0,-1.001635074615,-1.311809659004,0.722761273384,-0.012968945317,0.137847319245,-0.069509819150,-0.987926244736
801,1413393925.055760383606,1413393926.055760383606,1,1,1,1,0,0,0,-1.042175769806,-1.236586332321,0.761291980743,-0.028702156618,0.129886180162,-0.049715191126,-0.989865779877
802,1413393925.105760574341,1413393926.105760574341,1,1,1,1,0,0,0,-1.055579185486,-1.153420209885,0.806155681610,-0.043414928019,0.121387466788,-0.033316571265,-0.991095483303
803,1413393925.155760288239,1413393926.155760288239,1,1,1,1,0,0,0,-1.059100627899,-1.080757856369,0.854014992714,-0.054985430092,0.110623009503,-0.017175106332,-0.992191612720
804,1413393925.205760478973,1413393926.205760478973,1,1,1,1,0,0,0,-1.043806791306,-1.009528517723,0.905344963074,-0.064240835607,0.096758134663,-0.000646843342,-0.993232369423
805,1413393925.255760431290,1413393926.255760431290,1,1,1,1,0,0,0,-1.008955001831,-0.946314096451,0.948807001114,-0.071698404849,0.081021375954,0.012804689817,-0.994047820568
806,1413393925.305760622025,1413393926.305760622025,1,1,1,1,0,0,0,-0.960451126099,-0.894130170345,0.997259736061,-0.073594570160,0.064860858023,0.021724492311,-0.994939625263
807,1413393925.355760335922,1413393926.355760335922,1,1,1,1,0,0,0,-0.904618024826,-0.856390893459,1.036692142487,-0.071374639869,0.051104210317,0.023072456941,-0.995872378349
808,1413393925.405760526657,1413393926.405760526657,1,1,1,1,0,0,0,-0.843543052673,-0.819092631340,1.070760726929,-0.064774036407,0.041844680905,0.019491262734,-0.996831715107
809,1413393925.455760478973,1413393926.455760478973,1,1,1,1,0,0,0,-0.789283275604,-0.774326145649,1.102267384529,-0.060014110059,0.035522099584,0.016725406051,-0.997425079346
810,1413393925.505760431290,1413393926.505760431290,1,1,1,1,0,0,0,-0.736689805984,-0.724323213100,1.127905130386,-0.058187425137,0.032713875175,0.012237711810,-0.997694492340
811,1413393925.555760383606,1413393926.555760383606,1,1,1,1,0,0,0,-0.692281723022,-0.672943592072,1.147588729858,-0.059599664062,0.030988788232,0.012009420432,-0.997669041157
812,1413393925.605760574341,1413393926.605760574341,1,1,1,1,0,0,0,-0.650879383087,-0.610388636589,1.164311766624,-0.061807967722,0.030838927254,0.015566513874,-0.997490048409
813,1413393925.655760288239,1413393926.655760288239,1,1,1,1,0,0,0,-0.612117528915,-0.550852179527,1.169118046761,0.062307622284,-0.033128708601,-0.018500551581,0.997335433960
814,1413393925.705760478973,1413393926.705760478973,1,1,1,1,0,0,0,-0.579950332642,-0.501127302647,1.169726133347,-0.062582068145,0.037279240787,0.022479299456,-0.997090041637
815,1413393925.755760431290,1413393926.755760431290,1,1,1,1,0,0,0,-0.549480438232,-0.452838778496,1.163439273834,-0.059684500098,0.044710673392,0.024026855826,-0.996926069260
816,1413393925.805760622025,1413393926.805760622025,1,1,1,1,0,0,0,-0.524177551270,-0.409163415432,1.148539543152,0.055008422583,-0.052678693086,-0.026320811361,0.996747851372
817,1413393925.855760335922,1413393926.855760335922,1,1,1,1,0,0,0,-0.502000808716,-0.378381669521,1.129446744919,-0.048055563122,0.063038907945,0.028963027522,-0.996432662010
818,1413393925.905760526657,1413393926.905760526657,1,1,1,1,0,0,0,-0.478727579117,-0.348208546638,1.102345824242,-0.035903122276,0.074507229030,0.030560420826,-0.996105253696
819,1413393925.955760478973,1413393926.955760478973,1,1,1,1,0,0,0,-0.452629089355,-0.318154335022,1.070152044296,0.020239939913,-0.086256295443,-0.032375764102,0.995541095734
820,1413393926.005760431290,1413393927.005760431290,1,1,1,1,0,0,0,-0.433171272278,-0.297316372395,1.036620140076,-0.001087972894,0.097446613014,0.034495126456,-0.994642198086
821,1413393926.055760383606,1413393927.055760383606,1,1,1,1,0,0,0,-0.412142992020,-0.273066997528,1.001494288445,0.022006154060,0.107245467603,0.035381890833,-0.993359088898
822,1413393926.105760574341,1413393927.105760574341,1,1,1,1,0,0,0,-0.390726089478,-0.259182393551,0.965950369835,-0.042110797018,-0.115870662034,-0.035194683820,0.991746962070
823,1413393926.155760288239,1413393927.155760288239,1,1,1,1,0,0,0,-0.371983289719,-0.255941748619,0.934993147850,0.056321498007,0.124253764749,0.032226398587,-0.990126490593
824,1413393926.205760478973,1413393927.205760478973,1,1,1,1,0,0,0,-0.352786302567,-0.260482311249,0.901939511299,0.064566090703,0.131174817681,0.029918836430,-0.988801956177
825,1413393926.255760431290,1413393927.255760431290,1,1,1,1,0,0,0,-0.333458185196,-0.276321649551,0.869458913803,-0.072417847812,-0.137610137463,-0.027063563466,0.987464785576
826,1413393926.305760622025,1413393927.305760622025,1,1,1,1,0,0,0,-0.315009117126,-0.294687032700,0.840318262577,-0.077770978212,-0.142969489098,-0.028991423547,0.986240804195
827,1413393926.355760335922,1413393927.355760335922,1,1,1,1,0,0,0,-0.297826528549,-0.322276473045,0.815537631512,0.079614162445,0.147213950753,0.036709282547,-0.985211730003
828,1413393926.405760526657,1413393927.405760526657,1,1,1,1,0,0,0,-0.275224208832,-0.348680973053,0.793137311935,0.076064042747,0.149862989783,0.046467650682,-0.984680712223
829,1413393926.455760478973,1413393927.455760478973,1,1,1,1,0,0,0,-0.249808073044,-0.369678616524,0.780806839466,-0.071077153087,-0.150301903486,-0.059952665120,0.984257638454
830,1413393926.505760431290,1413393927.505760431290,1,1,1,1,0,0,0,-0.222981691360,-0.384452342987,0.774485290051,-0.066309154034,-0.148899897933,-0.073656648397,0.983873307705
831,1413393926.555760383606,1413393927.555760383606,1,1,1,1,0,0,0,-0.198871612549,-0.402614712715,0.769240081310,0.063449248672,0.146863758564,0.084521092474,-0.983494520187
832,1413393926.605760574341,1413393927.605760574341,1,1,1,1,0,0,0,-0.170799970627,-0.424300312996,0.768494486809,0.060857620090,0.145404428244,0.094773255289,-0.982940495014
833,1413393926.655760288239,1413393927.655760288239,1,1,1,1,0,0,0,-0.145034790039,-0.457380175591,0.768587410450,-0.055264100432,-0.143521055579,-0.104509778321,0.982560575008
834,1413393926.705760478973,1413393927.705760478973,1,1,1,1,0,0,0,-0.117063045502,-0.491383194923,0.769350051880,0.045460935682,0.141929835081,0.111573629081,-0.982517480850
835,1413393926.755760431290,1413393927.755760431290,1,1,1,1,0,0,0,-0.091326475143,-0.528533458710,0.766718387604,0.033388562500,0.136796161532,0.121706597507,-0.982527196407
836,1413393926.805760622025,1413393927.805760622025,1,1,1,1,0,0,0,-0.067197084427,-0.564022779465,0.767599940300,-0.020246915519,-0.130155339837,-0.130200088024,0.982699155807
837,1413393926.855760335922,1413393927.855760335922,1,1,1,1,0,0,0,-0.047816514969,-0.600752115250,0.768407821655,0.008233122528,0.121564224362,0.134750708938,-0.983359932899
838,1413393926.905760526657,1413393927.905760526657,1,1,1,1,0,0,0,-0.030025005341,-0.639285564423,0.764129877090,-0.004165717401,0.112664557993,0.134409189224,-0.984491527081
839,1413393926.955760478973,1413393927.955760478973,1,1,1,1,0,0,0,-0.019296884537,-0.675317704678,0.757245302200,0.014883249998,-0.101657174528,-0.135376349092,0.985452950001
840,1413393927.005760431290,1413393928.005760431290,1,1,1,1,0,0,0,-0.011322736740,-0.705048382282,0.750626206398,-0.027692982927,0.090877093375,0.135014981031,-0.986278533936
841,1413393927.055760383606,1413393928.055760383606,1,1,1,1,0,0,0,-0.014976501465,-0.734614193439,0.740287661552,-0.039560385048,0.079628810287,0.139248386025,-0.986257731915
842,1413393927.105760574341,1413393928.105760574341,1,1,1,1,0,0,0,-0.029061555862,-0.753145098686,0.730846762657,0.049230344594,-0.068998925388,-0.143893152475,0.985956549644
843,1413393927.155760288239,1413393928.155760288239,1,1,1,1,0,0,0,-0.050852775574,-0.762073457241,0.725004911423,-0.055850207806,0.059126313776,0.150225162506,-0.985300600529
844,1413393927.205760478973,1413393928.205760478973,1,1,1,1,0,0,0,-0.080798149109,-0.765695810318,0.720710873604,-0.058505658060,0.050468251109,0.155880704522,-0.984749376774
845,1413393927.255760431290,1413393928.255760431290,1,1,1,1,0,0,0,-0.117789268494,-0.768740415573,0.707990288734,-0.060473401099,0.043451394886,0.157519251108,-0.984704375267
846,1413393927.305760622025,1413393928.305760622025,1,1,1,1,0,0,0,-0.158462524414,-0.771959185600,0.693690896034,-0.062330916524,0.040140710771,0.147789478302,-0.986236214638
847,1413393927.355760335922,1413393928.355760335922,1,1,1,1,0,0,0,-0.195480823517,-0.770290374756,0.674790620804,-0.067848175764,0.040575794876,0.126450613141,-0.988817751408
848,1413393927.405760526657,1413393928.405760526657,1,1,1,1,0,0,0,-0.234496116638,-0.767369747162,0.661059856415,-0.073125272989,0.042443297803,0.100215554237,-0.991366803646
849,1413393927.455760478973,1413393928.455760478973,1,1,1,1,0,0,0,-0.267288208008,-0.754085898399,0.650851964951,-0.073286876082,0.045459415764,0.068759001791,-0.993898749352
850,1413393927.505760431290,1413393928.505760431290,1,1,1,1,0,0,0,-0.304388523102,-0.737430155277,0.645246744156,-0.071717001498,0.048666156828,0.037462949753,-0.995532453060
851,1413393927.555760383606,1413393928.555760383606,1,1,1,1,0,0,0,-0.343492031097,-0.721024990082,0.637465357780,-0.072993904352,0.050170004368,0.009647255763,-0.996022999287
852,1413393927.605760574341,1413393928.605760574341,1,1,1,1,0,0,0,-0.379605054855,-0.704663157463,0.629469513893,-0.078014828265,0.048826798797,-0.015508389100,-0.995635092258
853,1413393927.655760288239,1413393928.655760288239,1,1,1,1,0,0,0,-0.412476778030,-0.687120139599,0.622702360153,-0.079514287412,0.045227363706,-0.038577891886,-0.995059728622
854,1413393927.705760478973,1413393928.705760478973,1,1,1,1,0,0,0,-0.444869041443,-0.665549039841,0.615897655487,-0.075047954917,0.038602717221,-0.056079450995,-0.994853138924
855,1413393927.755760431290,1413393928.755760431290,1,1,1,1,0,0,0,-0.476386308670,-0.645995676517,0.605200886726,-0.066480286419,0.032472103834,-0.072885498405,-0.994592189789
856,1413393927.805760622025,1413393928.805760622025,1,1,1,1,0,0,0,-0.508403778076,-0.622436583042,0.591883301735,-0.056990507990,0.024363309145,-0.081088669598,-0.994778037071
857,1413393927.855760335922,1413393928.855760335922,1,1,1,1,0,0,0,-0.543175697327,-0.595892369747,0.575887918472,-0.047411829233,0.016702167690,-0.084554120898,-0.995150148869
858,1413393927.905760526657,1413393928.905760526657,1,1,1,1,0,0,0,-0.580896377563,-0.567471683025,0.556933522224,-0.040748301893,0.006726952270,-0.079653061926,-0.995966732502
859,1413393927.955760478973,1413393928.955760478973,1,1,1,1,0,0,0,-0.614471197128,-0.537503659725,0.530472755432,0.034908603877,0.003821616294,0.074534282088,0.996599972248
860,1413393928.005760431290,1413393929.005760431290,1,1,1,1,0,0,0,-0.645575284958,-0.508050382137,0.502336978912,-0.028426326811,-0.014999360777,-0.070040754974,-0.997026264668
861,1413393928.055760383606,1413393929.055760383606,1,1,1,1,0,0,0,-0.674140453339,-0.484363138676,0.467386662960,-0.022212317213,-0.025897847489,-0.070948570967,-0.996896326542
862,1413393928.105760574341,1413393929.105760574341,1,1,1,1,0,0,0,-0.702531099319,-0.463583230972,0.430444419384,0.015932131559,0.037886258215,0.071193337440,0.996615469456
863,1413393928.155760288239,1413393929.155760288239,1,1,1,1,0,0,0,-0.726986646652,-0.442216873169,0.388416230679,-0.011003286578,-0.050387997180,-0.072200529277,-0.996055781841
864,1413393928.205760478973,1413393929.205760478973,1,1,1,1,0,0,0,-0.748416185379,-0.423723578453,0.345865726471,-0.005188059062,-0.063195876777,-0.074169002473,-0.995227813721
865,1413393928.255760431290,1413393929.255760431290,1,1,1,1,0,0,0,-0.771041154861,-0.400558829308,0.313651561737,-0.002019324107,-0.078043505549,-0.074708141387,-0.994144797325
866,1413393928.305760622025,1413393929.305760622025,1,1,1,1,0,0,0,-0.793290138245,-0.367317557335,0.273362159729,-0.000981973950,-0.095090217888,-0.070683583617,-0.992955625057
867,1413393928.355760335922,1413393929.355760335922,1,1,1,1,0,0,0,-0.817202806473,-0.324694991112,0.244729161263,0.002379203681,-0.115061409771,-0.063398934901,-0.991330325603
868,1413393928.405760526657,1413393929.405760526657,1,1,1,1,0,0,0,-0.836155414581,-0.281153678894,0.211426794529,0.006737345364,-0.135129317641,-0.057448793203,-0.989138185978
869,1413393928.455760478973,1413393929.455760478973,1,1,1,1,0,0,0,-0.851380825043,-0.244890570641,0.180157780647,0.009544352069,-0.155616834760,-0.051636755466,-0.986420810223
870,1413393928.505760431290,1413393929.505760431290,1,1,1,1,0,0,0,-0.865455389023,-0.213551521301,0.145191788673,0.014950647950,-0.176855891943,-0.046071570367,-0.983044266701
871,1413393928.555760383606,1413393929.555760383606,1,1,1,1,0,0,0,-0.877713799477,-0.188613414764,0.108960270882,0.022560469806,-0.197004109621,-0.043197460473,-0.979190766811
872,1413393928.605760574341,1413393929.605760574341,1,1,1,1,0,0,0,-0.889744520187,-0.170761942863,0.075081169605,0.033574759960,-0.217521265149,-0.040730629116,-0.974627315998
873,1413393928.655760288239,1413393929.655760288239,1,1,1,1,0,0,0,-0.899823665619,-0.156872749329,0.035025000572,0.042568091303,-0.237637713552,-0.039314124733,-0.969623982906
874,1413393928.705760478973,1413393929.705760478973,1,1,1,1,0,0,0,-0.912642359734,-0.157115221024,-0.002939522266,0.047508750111,-0.255486786366,-0.042860437185,-0.964692890644
875,1413393928.755760431290,1413393929.755760431290,1,1,1,1,0,0,0,-0.925134420395,-0.159767866135,-0.040098965168,0.049808610231,-0.272196829319,-0.049696139991,-0.959665715694
876,1413393928.805760622025,1413393929.805760622025,1,1,1,1,0,0,0,-0.937215805054,-0.176809668541,-0.078837513924,0.052492830902,-0.285044014454,-0.065889522433,-0.954805314541
877,1413393928.855760335922,1413393929.855760335922,1,1,1,1,0,0,0,-0.946888327599,-0.192836880684,-0.118147969246,0.052805420011,-0.296449452639,-0.086082436144,-0.949694216251
878,1413393928.905760526657,1413393929.905760526657,1,1,1,1,0,0,0,-0.956185102463,-0.216281294823,-0.155434310436,0.052898336202,-0.304949522018,-0.110575430095,-0.944447338581
879,1413393928.955760478973,1413393929.955760478973,1,1,1,1,0,0,0,-0.963222265244,-0.239423274994,-0.195143193007,0.052873648703,-0.310743153095,-0.134253144264,-0.939478218555
880,1413393929.005760431290,1413393930.005760431290,1,1,1,1,0,0,0,-0.966139674187,-0.257133245468,-0.236946493387,0.052250199020,-0.314923137426,-0.154371649027,-0.935020208359
881,1413393929.055760383606,1413393930.055760383606,1,1,1,1,0,0,0,-0.967651724815,-0.263482213020,-0.278935164213,0.050320200622,-0.318035155535,-0.169042170048,-0.931529045105
882,1413393929.105760574341,1413393930.105760574341,1,1,1,1,0,0,0,-0.963178634644,-0.268690705299,-0.329094022512,0.050139825791,-0.318688422441,-0.180965080857,-0.929072320461
883,1413393929.155760288239,1413393930.155760288239,1,1,1,1,0,0,0,-0.955542802811,-0.264240264893,-0.371223121881,0.049714300781,-0.318011611700,-0.187109306455,-0.928109467030
884,1413393929.205760478973,1413393930.205760478973,1,1,1,1,0,0,0,-0.943862676620,-0.252879858017,-0.413224518299,0.046606998891,-0.314181357622,-0.190960749984,-0.928790569305
885,1413393929.255760431290,1413393930.255760431290,1,1,1,1,0,0,0,-0.927182674408,-0.230406403542,-0.457515180111,0.043310049921,-0.307918727398,-0.188070684671,-0.931632876396
886,1413393929.305760622025,1413393930.305760622025,1,1,1,1,0,0,0,-0.907325863838,-0.198066115379,-0.496612966061,0.038796555251,-0.301122426987,-0.179304987192,-0.935772359371
887,1413393929.355760335922,1413393930.355760335922,1,1,1,1,0,0,0,-0.881634950638,-0.155451774597,-0.533891379833,0.036340035498,-0.294200479984,-0.159725740552,-0.941601455212
888,1413393929.405760526657,1413393930.405760526657,1,1,1,1,0,0,0,-0.850983619690,-0.109973907471,-0.569268524647,0.034285213798,-0.285319864750,-0.138351619244,-0.947774231434
889,1413393929.455760478973,1413393930.455760478973,1,1,1,1,0,0,0,-0.814517855644,-0.064709901810,-0.602550148964,-0.033506933600,0.274782031775,0.117659419775,0.953692018986
890,1413393929.505760431290,1413393930.505760431290,1,1,1,1,0,0,0,-0.773540914059,-0.017774701118,-0.632533788681,0.031397901475,-0.260958999395,-0.101370617747,-0.959499180317
891,1413393929.555760383606,1413393930.555760383606,1,1,1,1,0,0,0,-0.729509770870,0.032313704491,-0.657206118107,0.026506487280,-0.244345828891,-0.090370737016,-0.965103983879
892,1413393929.605760574341,1413393930.605760574341,1,1,1,1,0,0,0,-0.679644584656,0.086878418922,-0.686893105507,-0.019862640649,0.224081292748,0.085677213967,0.970593929291
893,1413393929.655760288239,1413393930.655760288239,1,1,1,1,0,0,0,-0.630403101444,0.139951944351,-0.702474236488,-0.012451160699,0.202338591218,0.083840340376,0.975640773773
894,1413393929.705760478973,1413393930.705760478973,1,1,1,1,0,0,0,-0.580298841000,0.195035815239,-0.712709128857,-0.005939235911,0.180631145835,0.082015924156,0.980107367039
895,1413393929.755760431290,1413393930.755760431290,1,1,1,1,0,0,0,-0.527914822102,0.253540039062,-0.717863976955,0.002017517341,0.158802673221,0.078934669495,0.984147846699
896,1413393929.805760622025,1413393930.805760622025,1,1,1,1,0,0,0,-0.473077476025,0.314548492432,-0.717920482159,0.008840249851,0.138372316957,0.070264086127,0.987845063210
897,1413393929.855760335922,1413393930.855760335922,1,1,1,1,0,0,0,-0.414739310741,0.376532673836,-0.714044570923,0.014858026989,0.119131065905,0.057966690511,0.991073608398
898,1413393929.905760526657,1413393930.905760526657,1,1,1,1,0,0,0,-0.347859978676,0.436907529831,-0.708454072475,0.017340773717,0.102400481701,0.039806671441,0.993795156479
899,1413393929.955760478973,1413393930.955760478973,1,1,1,1,0,0,0,-0.283652603626,0.489322423935,-0.701245784760,0.017398010939,0.086311414838,0.019928641617,0.995916903019
900,1413393930.005760431290,1413393931.005760431290,1,1,1,1,0,0,0,-0.225626528263,0.532714605331,-0.688739538193,-0.017736634240,-0.069942094386,-0.004473500419,-0.997383415699
901,1413393930.055760383606,1413393931.055760383606,1,1,1,1,0,0,0,-0.163960576057,0.567134618759,-0.681115865707,-0.016499584541,-0.055074851960,0.011470342986,-0.998279988766
902,1413393930.105760574341,1413393931.105760574341,1,1,1,1,0,0,0,-0.108185946941,0.599083423615,-0.664907455444,0.017349282280,0.039590205997,-0.022270139307,0.998817145824
903,1413393930.155760288239,1413393931.155760288239,1,1,1,1,0,0,0,-0.058785796165,0.615609407425,-0.658747553825,0.013393876143,0.026408020407,-0.029910201207,0.999113917351
904,1413393930.205760478973,1413393931.205760478973,1,1,1,1,0,0,0,-0.016168713570,0.625401735306,-0.653182387352,0.009331494570,0.015288159251,-0.035322442651,0.999215483665
905,1413393930.255760431290,1413393931.255760431290,1,1,1,1,0,0,0,0.016754806042,0.631131768227,-0.647280454636,0.005100387149,0.004279867280,-0.035064291209,0.999362885952
906,1413393930.305760622025,1413393931.305760622025,1,1,1,1,0,0,0,0.042132318020,0.635304570198,-0.641553759575,0.000964154606,-0.005433101207,-0.030355574563,0.999523997307
907,1413393930.355760335922,1413393931.355760335922,1,1,1,1,0,0,0,0.055079042912,0.639986276627,-0.634922504425,-0.002179221949,-0.016614766791,-0.015610655770,0.999737739563
908,1413393930.405760526657,1413393931.405760526657,1,1,1,1,0,0,0,0.059283435345,0.653330564499,-0.639582455158,-0.004751320463,-0.026496889070,0.000866981281,0.999637246132
909,1413393930.455760478973,1413393931.455760478973,1,1,1,1,0,0,0,0.066106438637,0.659203529358,-0.631276726723,-0.005920975469,-0.035221613944,0.017617082223,0.999206721783
910,1413393930.505760431290,1413393931.505760431290,1,1,1,1,0,0,0,0.070036947727,0.655708312988,-0.621556162834,0.007186998613,0.041886076331,-0.031727287918,-0.998592734337
911,1413393930.555760383606,1413393931.555760383606,1,1,1,1,0,0,0,0.084802269936,0.655518531799,-0.616986513138,0.008585376665,0.045358620584,-0.038395673037,-0.998195707798
912,1413393930.605760574341,1413393931.605760574341,1,1,1,1,0,0,0,0.108530580997,0.656268835068,-0.613315045834,-0.012670920230,-0.046016752720,0.038657557219,0.998111963272
913,1413393930.655760288239,1413393931.655760288239,1,1,1,1,0,0,0,0.133904159069,0.646863460541,-0.613033175468,-0.015400574543,-0.044670425355,0.035349711776,0.998257339001
914,1413393930.705760478973,1413393931.705760478973,1,1,1,1,0,0,0,0.161083400249,0.633024215698,-0.613222241402,-0.019385330379,-0.042237918824,0.030867725611,0.998442471027
915,1413393930.755760431290,1413393931.755760431290,1,1,1,1,0,0,0,0.189218163490,0.617419123650,-0.613994479179,-0.023939779028,-0.039753079414,0.025511505082,0.998596966267
916,1413393930.805760622025,1413393931.805760622025,1,1,1,1,0,0,0,0.213984966278,0.596252560616,-0.604591190815,0.028215229511,0.036817774177,-0.022028680891,-0.998680710793
917,1413393930.855760335922,1413393931.855760335922,1,1,1,1,0,0,0,0.241765618324,0.585708260536,-0.599377572536,0.030893109739,0.033900901675,-0.018270296976,-0.998780548573
918,1413393930.905760526657,1413393931.905760526657,1,1,1,1,0,0,0,0.267839372158,0.580602645874,-0.588874220848,-0.031576547772,-0.032325699925,0.017559139058,0.998824119568
919,1413393930.955760478973,1413393931.955760478973,1,1,1,1,0,0,0,0.295758366585,0.577674031258,-0.571445763111,-0.029490746558,-0.030895782635,0.018574360758,0.998914778233
920,1413393931.005760431290,1413393932.005760431290,1,1,1,1,0,0,0,0.326883494854,0.574060082436,-0.555480062962,0.028123354539,0.028380524367,-0.016109686345,-0.999071657658
921,1413393931.055760383606,1413393932.055760383606,1,1,1,1,0,0,0,0.355814695358,0.579735636711,-0.534719347954,0.026253079996,0.027032012120,-0.014326768927,-0.999187111855
922,1413393931.105760574341,1413393932.105760574341,1,1,1,1,0,0,0,0.388161718845,0.583084940910,-0.516090750694,-0.026912784204,-0.023593099788,0.008965881541,0.999319136143
923,1413393931.155760288239,1413393932.155760288239,1,1,1,1,0,0,0,0.423492372036,0.593967080116,-0.498256504536,-0.024475051090,-0.020457154140,0.001868941123,0.999489426613
924,1413393931.205760478973,1413393932.205760478973,1,1,1,1,0,0,0,0.457775235176,0.604955911636,-0.471379637718,-0.021715799347,-0.016819523647,-0.006277245469,0.999603033066
925,1413393931.255760431290,1413393932.255760431290,1,1,1,1,0,0,0,0.492965996265,0.614619970322,-0.444462656975,-0.018177760765,-0.011210976169,-0.017359782010,0.999621212482
926,1413393931.305760622025,1413393932.305760622025,1,1,1,1,0,0,0,0.530540347099,0.616634607315,-0.415183484554,0.015789378434,0.006807525642,0.027844365686,-0.999464452267
927,1413393931.355760335922,1413393932.355760335922,1,1,1,1,0,0,0,0.565597891808,0.612232089043,-0.402396678925,0.013912773691,0.001652330975,0.038025390357,-0.999178588390
928,1413393931.405760526657,1413393932.405760526657,1,1,1,1,0,0,0,0.600939989090,0.605635285378,-0.378084301949,-0.011729208753,0.003563368926,-0.047336742282,0.998803794384
929,1413393931.455760478973,1413393932.455760478973,1,1,1,1,0,0,0,0.634096920490,0.595004081726,-0.356545329094,-0.011071387678,0.008166273125,-0.055899899453,0.998341619968
930,1413393931.505760431290,1413393932.505760431290,1,1,1,1,0,0,0,0.663274705410,0.581149458885,-0.338047623634,0.010162995197,-0.012926270254,0.063224449754,-0.997863888741
931,1413393931.555760383606,1413393932.555760383606,1,1,1,1,0,0,0,0.684582591057,0.561917662621,-0.319902181625,0.008615412749,-0.016874579713,0.068428002298,-0.997476160526
932,1413393931.605760574341,1413393932.605760574341,1,1,1,1,0,0,0,0.704055011272,0.541813850403,-0.298233389854,-0.003856480587,0.020234461874,-0.071607165039,0.997220218182
933,1413393931.655760288239,1413393932.655760288239,1,1,1,1,0,0,0,0.718651354313,0.520073056221,-0.279486775398,-0.000469028659,0.022992681712,-0.072846516967,0.997078061104
934,1413393931.705760478973,1413393932.705760478973,1,1,1,1,0,0,0,0.728964090347,0.499919891357,-0.258137822151,-0.002602568828,-0.024799009785,0.072727508843,-0.997040092945
935,1413393931.755760431290,1413393932.755760431290,1,1,1,1,0,0,0,0.734817326069,0.476374387741,-0.242242217064,-0.005212010350,-0.027084870264,0.071364179254,-0.997068881989
936,1413393931.805760622025,1413393932.805760622025,1,1,1,1,0,0,0,0.736996173859,0.454089999199,-0.233042359352,0.008419850841,0.028866054490,-0.070019409060,0.997092306614
937,1413393931.855760335922,1413393932.855760335922,1,1,1,1,0,0,0,0.734355211258,0.430737137794,-0.216198086739,-0.009911403991,-0.031247088686,0.070308141410,-0.996986567974
938,1413393931.905760526657,1413393932.905760526657,1,1,1,1,0,0,0,0.729054152966,0.406105279922,-0.202954411507,-0.012417438440,-0.033657815307,0.070822685957,-0.996843576431
939,1413393931.955760478973,1413393932.955760478973,1,1,1,1,0,0,0,0.719081044197,0.382395744324,-0.191298961639,0.019212326035,0.035382945091,-0.070091634989,0.996727705002
940,1413393932.005760431290,1413393933.005760431290,1,1,1,1,0,0,0,0.704905152321,0.360459923744,-0.179634451866,0.030291294679,0.035110991448,-0.068398818374,0.996579825878
941,1413393932.055760383606,1413393933.055760383606,1,1,1,1,0,0,0,0.686416506767,0.343524932861,-0.164771080017,-0.041430152953,-0.033880669624,0.065384164453,-0.996423900127
942,1413393932.105760574341,1413393933.105760574341,1,1,1,1,0,0,0,0.663341164589,0.328049659729,-0.155757308006,-0.053340397775,-0.031767174602,0.060702282935,-0.996223390102
943,1413393932.155760288239,1413393933.155760288239,1,1,1,1,0,0,0,0.636150836945,0.315965771675,-0.147672414780,0.061327762902,0.028957661241,-0.052049927413,0.996338963509
944,1413393932.205760478973,1413393933.205760478973,1,1,1,1,0,0,0,0.605952620506,0.305483877659,-0.143468737602,0.066367119551,0.025263976306,-0.040351890028,0.996658921242
945,1413393932.255760431290,1413393933.255760431290,1,1,1,1,0,0,0,0.574926495552,0.299540758133,-0.131322145462,-0.067994944751,-0.019502537325,0.023642316461,-0.997214853764
946,1413393932.305760622025,1413393933.305760622025,1,1,1,1,0,0,0,0.541629076004,0.289416730404,-0.134773373604,-0.069707795978,-0.013325868174,0.004745562561,-0.997467219830
947,1413393932.355760335922,1413393933.355760335922,1,1,1,1,0,0,0,0.509599566460,0.278880476952,-0.140723228455,0.070029377937,0.006885707844,0.012315720320,0.997445106506
948,1413393932.405760526657,1413393933.405760526657,1,1,1,1,0,0,0,0.479710578918,0.266534686089,-0.151995062828,0.068327978253,0.000634595286,0.028947196901,0.997242689133
949,1413393932.455760478973,1413393933.455760478973,1,1,1,1,0,0,0,0.452988147736,0.255302608013,-0.165343999863,-0.062835060060,0.005609851796,-0.045051481575,-0.996990859509
950,1413393932.505760431290,1413393933.505760431290,1,1,1,1,0,0,0,0.430171608925,0.241467773914,-0.175338983536,-0.053987383842,0.012685986236,-0.059949025512,-0.996659755707
951,1413393932.555760383606,1413393933.555760383606,1,1,1,1,0,0,0,0.409697532654,0.231973648071,-0.195474624634,0.043249700218,-0.018530579284,0.072660215199,0.996246278286
952,1413393932.605760574341,1413393933.605760574341,1,1,1,1,0,0,0,0.393614411354,0.223971128464,-0.217342615128,0.031340975314,-0.022318808362,0.081107564270,0.995962500572
953,1413393932.655760288239,1413393933.655760288239,1,1,1,1,0,0,0,0.383063793182,0.218228042126,-0.240260004997,0.020986486226,-0.023769740015,0.083365477622,0.996014535427
954,1413393932.705760478973,1413393933.705760478973,1,1,1,1,0,0,0,0.375922083855,0.214002788067,-0.261705994606,-0.013233780861,0.022513842210,-0.077846392989,-0.996623337269
955,1413393932.755760431290,1413393933.755760431290,1,1,1,1,0,0,0,0.373685598373,0.214236140251,-0.281886100769,-0.007358143572,0.019338205457,-0.066564969718,-0.997567594051
956,1413393932.805760622025,1413393933.805760622025,1,1,1,1,0,0,0,0.374622464180,0.216591298580,-0.302066445351,0.001798400539,-0.016104115173,0.054453961551,0.998384773731
957,1413393932.855760335922,1413393933.855760335922,1,1,1,1,0,0,0,0.376836895943,0.223541021347,-0.320746779442,-0.002092704177,-0.014905053191,0.046939373016,0.998784422874
958,1413393932.905760526657,1413393933.905760526657,1,1,1,1,0,0,0,0.379012584686,0.235344946384,-0.336882948875,-0.005143546965,-0.014384416863,0.041962035000,0.999002456665
959,1413393932.955760478973,1413393933.955760478973,1,1,1,1,0,0,0,0.384771227837,0.241363108158,-0.358544468880,0.010204846039,0.013575053774,-0.036873184144,-0.999175667763
960,1413393933.005760431290,1413393934.005760431290,1,1,1,1,0,0,0,0.392643928528,0.241987586021,-0.380442261696,0.011177859269,0.011547146365,-0.029854413122,-0.999425053596
961,1413393933.055760383606,1413393934.055760383606,1,1,1,1,0,0,0,0.399799227715,0.242170751095,-0.400856137276,-0.010662592947,-0.008453950286,0.023872043937,0.999622404575
962,1413393933.105760574341,1413393934.105760574341,1,1,1,1,0,0,0,0.409713029861,0.235165894032,-0.423615336418,-0.011256908067,-0.006390272174,0.018683319911,0.999741733074
963,1413393933.155760288239,1413393934.155760288239,1,1,1,1,0,0,0,0.420287847519,0.226922094822,-0.448937177658,0.013135778718,0.004617983475,-0.012680348009,-0.999822676182
964,1413393933.205760478973,1413393934.205760478973,1,1,1,1,0,0,0,0.432352423668,0.220039129257,-0.465975284576,0.014367725700,0.002976022195,-0.006130767055,-0.999873638153
965,1413393933.255760431290,1413393934.255760431290,1,1,1,1,0,0,0,0.443747997284,0.210869491100,-0.485512852669,-0.016971388832,-0.002135682153,0.000834038830,0.999853372574
966,1413393933.305760622025,1413393934.305760622025,1,1,1,1,0,0,0,0.455750942230,0.200045943260,-0.503572344780,-0.020753627643,-0.000869403360,-0.006478907540,0.999763250351
967,1413393933.355760335922,1413393934.355760335922,1,1,1,1,0,0,0,0.468209385872,0.192032456398,-0.518739938736,-0.027414100245,-0.000428405998,-0.010201580822,0.999572038651
968,1413393933.405760526657,1413393934.405760526657,1,1,1,1,0,0,0,0.478079438210,0.188917040825,-0.534517765045,0.032408684492,-0.000426835933,0.014079691842,-0.999375402927
969,1413393933.455760478973,1413393934.455760478973,1,1,1,1,0,0,0,0.488302350044,0.193493962288,-0.542149186134,0.032404985279,-0.001626780489,0.019051438197,-0.999291956425
970,1413393933.505760431290,1413393934.505760431290,1,1,1,1,0,0,0,0.497720122337,0.204178452492,-0.547085404396,-0.028684018180,0.003660008544,-0.024428511038,0.999283254147
971,1413393933.555760383606,1413393934.555760383606,1,1,1,1,0,0,0,0.508373141289,0.215788960457,-0.546539664268,0.023596225306,-0.004353289027,0.027726016939,-0.999327600002
972,1413393933.605760574341,1413393934.605760574341,1,1,1,1,0,0,0,0.516548037529,0.232233226299,-0.545391678810,0.017968136817,-0.004190775566,0.028843373060,-0.999413669109
973,1413393933.655760288239,1413393934.655760288239,1,1,1,1,0,0,0,0.522741556168,0.249868631363,-0.544050574303,0.013253709301,-0.001413592836,0.022966600955,-0.999647438526
974,1413393933.705760478973,1413393934.705760478973,1,1,1,1,0,0,0,0.525869846344,0.274746358395,-0.539667606354,0.009844719432,0.003435855731,0.010615622625,-0.999889373779
975,1413393933.755760431290,1413393934.755760431290,1,1,1,1,0,0,0,0.525962233543,0.303458690643,-0.533080577850,-0.009876674041,-0.013376476243,0.009546021931,0.999816179276
976,1413393933.805760622025,1413393934.805760622025,1,1,1,1,0,0,0,0.525133728981,0.328521788120,-0.527565240860,0.012518186122,0.026157366112,-0.031705901027,-0.999076545238
977,1413393933.855760335922,1413393934.855760335922,1,1,1,1,0,0,0,0.524754881859,0.355160713196,-0.521542906761,0.016185266897,0.039158217609,-0.047204524279,-0.997986197472
978,1413393933.905760526657,1413393934.905760526657,1,1,1,1,0,0,0,0.527508497238,0.377989351749,-0.516755819321,-0.023693019524,-0.052488010377,0.054807282984,0.996834874153
979,1413393933.955760478973,1413393934.955760478973,1,1,1,1,0,0,0,0.534566164017,0.396753191948,-0.512104034424,0.035101924092,0.065533801913,-0.053518101573,-0.995795667171
980,1413393934.005760431290,1413393935.005760431290,1,1,1,1,0,0,0,0.541968107224,0.416568994522,-0.512924432755,0.051255375147,0.076918691397,-0.042802158743,-0.994798719883
981,1413393934.055760383606,1413393935.055760383606,1,1,1,1,0,0,0,0.552771329880,0.439517796040,-0.510295271873,-0.066355153918,-0.089393340051,0.024304214865,0.993486344814
982,1413393934.105760574341,1413393935.105760574341,1,1,1,1,0,0,0,0.562560796738,0.463030695915,-0.503407835960,0.079541668296,0.102876625955,-0.004930230323,-0.991496503353
983,1413393934.155760288239,1413393935.155760288239,1,1,1,1,0,0,0,0.575753927231,0.491632461548,-0.489792585373,0.085987150669,0.118936032057,0.012167023495,-0.989096760750
984,1413393934.205760478973,1413393935.205760478973,1,1,1,1,0,0,0,0.589882373810,0.517274856567,-0.471290469170,-0.089870966971,-0.136891767383,-0.027261886746,0.986124098301
985,1413393934.255760431290,1413393935.255760431290,1,1,1,1,0,0,0,0.605052947998,0.538997292519,-0.448165178299,0.089122489095,0.153500705957,0.043339006603,-0.983166515827
986,1413393934.305760622025,1413393935.305760622025,1,1,1,1,0,0,0,0.623269319534,0.551154911518,-0.419115304947,0.087177023292,0.170587018132,0.058320645243,-0.979744374752
987,1413393934.355760335922,1413393935.355760335922,1,1,1,1,0,0,0,0.642989873886,0.554232299328,-0.385069131851,-0.081659793854,-0.186867684126,-0.072900675237,0.976267278194
988,1413393934.405760526657,1413393935.405760526657,1,1,1,1,0,0,0,0.660434961319,0.549042761326,-0.349266767502,-0.073433443904,-0.201895788312,-0.092098884284,0.972298026085
989,1413393934.455760478973,1413393935.455760478973,1,1,1,1,0,0,0,0.676999807358,0.534678280354,-0.315988540649,0.065030463040,0.217180877924,0.110761903226,-0.967644274235
990,1413393934.505760431290,1413393935.505760431290,1,1,1,1,0,0,0,0.690764665604,0.509599447250,-0.281790256500,0.055715430528,0.232677176595,0.129703998566,-0.962254703045
991,1413393934.555760383606,1413393935.555760383606,1,1,1,1,0,0,0,0.700741767883,0.477026432753,-0.250154495239,-0.050285387784,-0.247695744038,-0.148800954223,0.956021189690
992,1413393934.605760574341,1413393935.605760574341,1,1,1,1,0,0,0,0.706022739410,0.440203607082,-0.219569921494,-0.044809527695,-0.260810047388,-0.169454723597,0.949344635010
993,1413393934.655760288239,1413393935.655760288239,1,1,1,1,0,0,0,0.707229137421,0.397515714169,-0.190459728241,-0.043155316263,-0.270775228739,-0.190563336015,0.942604899406
994,1413393934.705760478973,1413393935.705760478973,1,1,1,1,0,0,0,0.704388856888,0.362067669630,-0.167062282562,0.038540970534,0.277824133635,0.212952867150,-0.935937762260
995,1413393934.755760431290,1413393935.755760431290,1,1,1,1,0,0,0,0.694885015488,0.313375592232,-0.141833543777,0.034378517419,0.280152946711,0.237252131104,-0.929539680481
996,1413393934.805760622025,1413393935.805760622025,1,1,1,1,0,0,0,0.677812099457,0.262513816357,-0.119407653809,-0.027636464685,-0.278925925493,-0.263643562794,0.922999858856
997,1413393934.855760335922,1413393935.855760335922,1,1,1,1,0,0,0,0.649815559387,0.216859042645,-0.101802349091,0.018458254635,0.276595979929,0.285808116198,-0.917315483093
998,1413393934.905760526657,1413393935.905760526657,1,1,1,1,0,0,0,0.610413074493,0.177308559418,-0.086104631424,0.008755358867,0.274861395359,0.298403114080,-0.913963913918
999,1413393934.955760478973,1413393935.955760478973,1,1,1,1,0,0,0,0.558497667313,0.147150218487,-0.074341773987,-0.001565107261,-0.278442144394,-0.291019052267,0.915300726891
1000,1413393935.005760431290,1413393936.005760431290,1,1,1,1,0,0,0,0.496825456619,0.124222934246,-0.065771818161,-0.005416136701,0.288056105375,0.266127794981,-0.919875204563
1001,1413393935.055760383606,1413393936.055760383606,1,1,1,1,0,0,0,0.422220230103,0.102565109730,-0.058184862137,-0.013787623495,0.298684537411,0.234875261784,-0.924895226955
1002,1413393935.105760574341,1413393936.105760574341,1,1,1,1,0,0,0,0.352707147598,0.076386064291,-0.056764125824,0.021903481334,-0.310244679451,-0.202840387821,0.928506493568
1003,1413393935.155760288239,1413393936.155760288239,1,1,1,1,0,0,0,0.285604953766,0.042279303074,-0.056863069534,-0.028092762455,0.320542961359,0.174029782414,-0.930686175823
1004,1413393935.205760478973,1413393936.205760478973,1,1,1,1,0,0,0,0.219171285629,0.005378365517,-0.056966543198,-0.030280912295,0.329627662897,0.148746266961,-0.931827962399
1005,1413393935.255760431290,1413393936.255760431290,1,1,1,1,0,0,0,0.155503034592,-0.029741644859,-0.054428100586,0.031056363136,-0.336667865515,-0.130134478211,0.932070434093
1006,1413393935.305760622025,1413393936.305760622025,1,1,1,1,0,0,0,0.096430659294,-0.067261993885,-0.048120260239,-0.029931547120,0.342584729195,0.116184785962,-0.931794524193
1007,1413393935.355760335922,1413393936.355760335922,1,1,1,1,0,0,0,0.038645386696,-0.100212395191,-0.037528514862,-0.027222564444,0.347474455833,0.108443811536,-0.930999636650
1008,1413393935.405760526657,1413393936.405760526657,1,1,1,1,0,0,0,-0.013603091240,-0.132490336895,-0.020706653595,0.025418167934,-0.352265924215,-0.099664129317,0.930231094360
1009,1413393935.455760478973,1413393936.455760478973,1,1,1,1,0,0,0,-0.061615228653,-0.162124872208,0.000712871552,0.024917606264,-0.356124997139,-0.093105949461,0.929454386234
1010,1413393935.505760431290,1413393936.505760431290,1,1,1,1,0,0,0,-0.103810667992,-0.190690755844,0.027435302734,0.029175158590,-0.359093874693,-0.088929213583,0.928596854210
1011,1413393935.555760383606,1413393936.555760383606,1,1,1,1,0,0,0,-0.139156103134,-0.219650745392,0.055586814880,0.038202259690,-0.360477447510,-0.087073206902,0.927908837795
1012,1413393935.605760574341,1413393936.605760574341,1,1,1,1,0,0,0,-0.166183471680,-0.249790906906,0.088065147400,0.050299093127,-0.364081591368,-0.081136189401,0.926461815834
1013,1413393935.655760288239,1413393936.655760288239,1,1,1,1,0,0,0,-0.191381692886,-0.279835224152,0.117934226990,0.066074207425,-0.368726372719,-0.075544208288,0.924104034901
1014,1413393935.705760478973,1413393936.705760478973,1,1,1,1,0,0,0,-0.210177540779,-0.310288548470,0.147173643112,-0.081660777330,0.374712973833,0.066227346659,-0.921159982681
1015,1413393935.755760431290,1413393936.755760431290,1,1,1,1,0,0,0,-0.222625970840,-0.341583371162,0.173427581787,-0.094851337373,0.381622463465,0.056846529245,-0.917679667473
1016,1413393935.805760622025,1413393936.805760622025,1,1,1,1,0,0,0,-0.227307081223,-0.370215296745,0.198678016663,-0.106002308428,0.388630002737,0.046133965254,-0.914112687111
1017,1413393935.855760335922,1413393936.855760335922,1,1,1,1,0,0,0,-0.224003016949,-0.395364761353,0.222663640976,-0.115081511438,0.395099788904,0.036396790296,-0.910674333572
1018,1413393935.905760526657,1413393936.905760526657,1,1,1,1,0,0,0,-0.213824927807,-0.414984941483,0.240786552429,-0.122877359390,0.399104833603,0.033567622304,-0.908014178276
1019,1413393935.955760478973,1413393936.955760478973,1,1,1,1,0,0,0,-0.204626917839,-0.420677661896,0.261011600494,0.123504079878,-0.400381952524,-0.045189492404,0.906862199306
1020,1413393936.005760431290,1413393937.005760431290,1,1,1,1,0,0,0,-0.190567046404,-0.423297822475,0.281772375107,0.122004337609,-0.398479819298,-0.064569436014,0.906730234623
1021,1413393936.055760383606,1413393937.055760383606,1,1,1,1,0,0,0,-0.171013072133,-0.425175249577,0.295865297318,-0.118626981974,0.395828217268,0.084416560829,-0.906709194183
1022,1413393936.105760574341,1413393937.105760574341,1,1,1,1,0,0,0,-0.143994897604,-0.422359764576,0.307681798935,0.112377762794,-0.392315685749,-0.103475414217,0.907057046890
1023,1413393936.155760288239,1413393937.155760288239,1,1,1,1,0,0,0,-0.111000582576,-0.420448303223,0.312580347061,0.104522325099,-0.388102114201,-0.120429642498,0.907716095448
1024,1413393936.205760478973,1413393937.205760478973,1,1,1,1,0,0,0,-0.078170955181,-0.417398512363,0.307885646820,-0.097756586969,0.382515937090,0.137575611472,-0.908404231071
1025,1413393936.255760431290,1413393937.255760431290,1,1,1,1,0,0,0,-0.039799153805,-0.417138457298,0.295336246490,-0.091064907610,0.376174181700,0.151236221194,-0.909575641155
1026,1413393936.305760622025,1413393937.305760622025,1,1,1,1,0,0,0,-0.001423358917,-0.416347742081,0.273615121841,0.085591048002,-0.369237661362,-0.161907330155,0.911111295223
1027,1413393936.355760335922,1413393937.355760335922,1,1,1,1,0,0,0,0.033336877823,-0.420257091522,0.243162393570,0.079689145088,-0.360216945410,-0.170320928097,0.913720011711
1028,1413393936.405760526657,1413393937.405760526657,1,1,1,1,0,0,0,0.068826317787,-0.419968426228,0.206539630890,-0.074608460069,0.349869221449,0.174291878939,-0.917413532734
1029,1413393936.455760478973,1413393937.455760478973,1,1,1,1,0,0,0,0.103328347206,-0.414845883846,0.165923595428,0.067048490047,-0.337795913219,-0.175350129604,0.922307312489
1030,1413393936.505760431290,1413393937.505760431290,1,1,1,1,0,0,0,0.135878443718,-0.402216494083,0.123992204666,0.051772769541,-0.324908643961,-0.169031113386,0.929076194763
1031,1413393936.555760383606,1413393937.555760383606,1,1,1,1,0,0,0,0.163413167000,-0.382464855909,0.081781625748,0.034734640270,-0.313125252724,-0.155934169888,0.936178803444
1032,1413393936.605760574341,1413393937.605760574341,1,1,1,1,0,0,0,0.183837056160,-0.357168555260,0.040027618408,-0.017181731761,0.300940215588,0.141477748752,-0.942933619022
1033,1413393936.655760288239,1413393937.655760288239,1,1,1,1,0,0,0,0.192779898643,-0.330130994320,0.002798080444,-0.002838721965,-0.289284437895,-0.125161573291,0.949021100998
1034,1413393936.705760478973,1413393937.705760478973,1,1,1,1,0,0,0,0.200678706169,-0.298459857702,-0.037304401398,-0.022061068565,-0.277071803808,-0.110316947103,0.954240381718
1035,1413393936.755760431290,1413393937.755760431290,1,1,1,1,0,0,0,0.202771902084,-0.267206788063,-0.077992200851,-0.039951290935,-0.263632178307,-0.098899826407,0.958707869053
1036,1413393936.805760622025,1413393937.805760622025,1,1,1,1,0,0,0,0.201794266701,-0.238107606769,-0.117047309875,-0.055486958474,-0.250105917454,-0.087837733328,0.962628126144
1037,1413393936.855760335922,1413393937.855760335922,1,1,1,1,0,0,0,0.194646358490,-0.212219715118,-0.154648065567,-0.067597158253,-0.235438749194,-0.076113112271,0.966543376446
1038,1413393936.905760526657,1413393937.905760526657,1,1,1,1,0,0,0,0.183918237686,-0.189331769943,-0.187464237213,-0.073308542371,-0.220391646028,-0.065850496292,0.970421135426
1039,1413393936.955760478973,1413393937.955760478973,1,1,1,1,0,0,0,0.173050403595,-0.166367202997,-0.219195842743,-0.070719391108,-0.203479319811,-0.058322850615,0.974778711796
1040,1413393937.005760431290,1413393938.005760431290,1,1,1,1,0,0,0,0.156515121460,-0.146988421679,-0.244109869003,-0.068311490119,-0.185609415174,-0.049690730870,0.978985965252
1041,1413393937.055760383606,1413393938.055760383606,1,1,1,1,0,0,0,0.135690212250,-0.128894567490,-0.263865947723,-0.063399165869,-0.166115701199,-0.044806051999,0.983045518398
1042,1413393937.105760574341,1413393938.105760574341,1,1,1,1,0,0,0,0.117159605026,-0.111482441425,-0.281554698944,-0.056026432663,-0.146099016070,-0.043966960162,0.986703217030
1043,1413393937.155760288239,1413393938.155760288239,1,1,1,1,0,0,0,0.094245910645,-0.097416698933,-0.293580532074,-0.046550646424,-0.126147061586,-0.047870952636,0.989761769772
1044,1413393937.205760478973,1413393938.205760478973,1,1,1,1,0,0,0,0.069495201111,-0.085343003273,-0.302096128464,-0.037296872586,-0.107679031789,-0.054473306984,0.991991400719
1045,1413393937.255760431290,1413393938.255760431290,1,1,1,1,0,0,0,0.044203042984,-0.071489453316,-0.309855222702,-0.028783679008,-0.091910041869,-0.059738442302,0.993556976318
1046,1413393937.305760622025,1413393938.305760622025,1,1,1,1,0,0,0,0.014081001282,-0.060496032238,-0.313133239746,-0.023387616500,-0.079319611192,-0.061054728925,0.994702875614
1047,1413393937.355760335922,1413393938.355760335922,1,1,1,1,0,0,0,-0.017898321152,-0.049695074558,-0.314777851105,-0.017942983657,-0.071930058300,-0.055696185678,0.995691776276
1048,1413393937.405760526657,1413393938.405760526657,1,1,1,1,0,0,0,-0.051071405411,-0.040121674538,-0.314559102058,-0.014930544421,-0.070267409086,-0.045952189714,0.996357321739
1049,1413393937.455760478973,1413393938.455760478973,1,1,1,1,0,0,0,-0.085016250610,-0.030833125114,-0.313490867615,-0.008852339350,-0.074004977942,-0.031448218971,0.996722638607
1050,1413393937.505760431290,1413393938.505760431290,1,1,1,1,0,0,0,-0.118546009064,-0.021039545536,-0.312711715698,0.001733495272,-0.080318927765,-0.021919973195,0.996526718140
1051,1413393937.555760383606,1413393938.555760383606,1,1,1,1,0,0,0,-0.151469469070,-0.012122631073,-0.317667841911,0.011083920486,-0.087054006755,-0.019142504781,0.995958030224
1052,1413393937.605760574341,1413393938.605760574341,1,1,1,1,0,0,0,-0.182858228683,-0.008453428745,-0.318781852722,0.018737340346,-0.096150189638,-0.019300336018,0.995003283024
1053,1413393937.655760288239,1413393938.655760288239,1,1,1,1,0,0,0,-0.213410139084,-0.005332648754,-0.321465134621,0.024385875091,-0.105510450900,-0.022484363988,0.993864834309
1054,1413393937.705760478973,1413393938.705760478973,1,1,1,1,0,0,0,-0.242059469223,-0.001173138618,-0.325104594231,0.028521234170,-0.115787796676,-0.026080682874,0.992521882057
1055,1413393937.755760431290,1413393938.755760431290,1,1,1,1,0,0,0,-0.266545534134,0.004789412022,-0.332835555077,0.036645099521,-0.127130091190,-0.029656587169,0.990765154362
1056,1413393937.805760622025,1413393938.805760622025,1,1,1,1,0,0,0,-0.291811943054,0.015723645687,-0.339064478874,0.047761347145,-0.137883365154,-0.035945240408,0.988643050194
1057,1413393937.855760335922,1413393938.855760335922,1,1,1,1,0,0,0,-0.315322637558,0.029250323772,-0.347287654877,0.058826811612,-0.147990226746,-0.045835699886,0.986173093319
1058,1413393937.905760526657,1413393938.905760526657,1,1,1,1,0,0,0,-0.337208747864,0.040099203587,-0.359116196632,0.063654147089,-0.159380704165,-0.051715772599,0.983804583549
1059,1413393937.955760478973,1413393938.955760478973,1,1,1,1,0,0,0,-0.352410078049,0.040953218937,-0.367917776108,0.061515994370,-0.172318324447,-0.053660664707,0.981653094292
1060,1413393938.005760431290,1413393939.005760431290,1,1,1,1,0,0,0,-0.370662927628,0.045506238937,-0.387677907944,0.057845827192,-0.186152771115,-0.053508877754,0.979355812073
1061,1413393938.055760383606,1413393939.055760383606,1,1,1,1,0,0,0,-0.388800859451,0.046192884445,-0.410887122154,0.055906783789,-0.199671059847,-0.050034977496,0.976986408234
1062,1413393938.105760574341,1413393939.105760574341,1,1,1,1,0,0,0,-0.404740571976,0.039400815964,-0.437458634377,0.064204819500,-0.214118674397,-0.039348848164,0.973900735378
1063,1413393938.155760288239,1413393939.155760288239,1,1,1,1,0,0,0,-0.418194770813,0.027378618717,-0.466274499893,0.072563342750,-0.227582305670,-0.024989202619,0.970729827881
1064,1413393938.205760478973,1413393939.205760478973,1,1,1,1,0,0,0,-0.423770904541,0.009106874466,-0.493923664093,0.069020047784,-0.238719776273,-0.010220274329,0.968578696251
1065,1413393938.255760431290,1413393939.255760431290,1,1,1,1,0,0,0,-0.431667089462,0.002210855484,-0.521889328957,0.055765748024,-0.245302721858,-0.001181476167,0.967840552330
1066,1413393938.305760622025,1413393939.305760622025,1,1,1,1,0,0,0,-0.437837839127,0.004905581474,-0.547131299973,0.034927144647,-0.247707873583,0.000919973361,0.968204557896
1067,1413393938.355760335922,1413393939.355760335922,1,1,1,1,0,0,0,-0.443660974503,0.018777012825,-0.568370819092,0.004564459901,-0.244847774506,-0.006093824748,0.969531595707
1068,1413393938.405760526657,1413393939.405760526657,1,1,1,1,0,0,0,-0.446488618851,0.043044567108,-0.580202460289,-0.032068107277,-0.238645389676,-0.015449972823,0.970454216003
1069,1413393938.455760478973,1413393939.455760478973,1,1,1,1,0,0,0,-0.454494714737,0.079313993454,-0.592202067375,-0.071621954441,-0.227619454265,-0.027074465528,0.970735192299
1070,1413393938.505760431290,1413393939.505760431290,1,1,1,1,0,0,0,-0.461900472641,0.115746855736,-0.592932462692,-0.107822470367,-0.213600307703,-0.033179853112,0.970385670662
1071,1413393938.555760383606,1413393939.555760383606,1,1,1,1,0,0,0,-0.466600418091,0.148337006569,-0.592347383499,0.137989223003,0.198820814490,0.034794367850,-0.969648718834
1072,1413393938.605760574341,1413393939.605760574341,1,1,1,1,0,0,0,-0.472679615021,0.178989231586,-0.581826448441,0.163030624390,0.182685047388,0.033109262586,-0.968994915485
1073,1413393938.655760288239,1413393939.655760288239,1,1,1,1,0,0,0,-0.480211734772,0.206899106503,-0.567249536514,0.182508021593,0.165615230799,0.031506311148,-0.968643248081
1074,1413393938.705760478973,1413393939.705760478973,1,1,1,1,0,0,0,-0.484238624573,0.227569520473,-0.543446540833,0.192027583718,0.147699147463,0.036016378552,-0.969542801380
1075,1413393938.755760431290,1413393939.755760431290,1,1,1,1,0,0,0,-0.487572431564,0.238151252270,-0.511262655258,0.193092316389,0.130037948489,0.040939152241,-0.971663296223
1076,1413393938.805760622025,1413393939.805760622025,1,1,1,1,0,0,0,-0.491321563721,0.238058030605,-0.471255421638,0.181206598878,0.114379473031,0.043372001499,-0.975807607174
1077,1413393938.855760335922,1413393939.855760335922,1,1,1,1,0,0,0,-0.499811410904,0.227692246437,-0.429197251797,0.153303474188,0.101534128189,0.038401007652,-0.982198715210
1078,1413393938.905760526657,1413393939.905760526657,1,1,1,1,0,0,0,-0.503041744232,0.211204051971,-0.374087035656,-0.111399859190,-0.088992170990,-0.028324067593,0.989377677441
1079,1413393938.955760478973,1413393939.955760478973,1,1,1,1,0,0,0,-0.508993387222,0.195680141449,-0.315478146076,-0.060564827174,-0.076206043363,-0.018137386069,0.995085775852
1080,1413393939.005760431290,1413393940.005760431290,1,1,1,1,0,0,0,-0.507745265961,0.178753733635,-0.253601968288,-0.011237358674,-0.063326157629,-0.008057493716,0.997897148132
1081,1413393939.055760383606,1413393940.055760383606,1,1,1,1,0,0,0,-0.505377054214,0.159433603287,-0.199353575706,0.032446064055,-0.052735585719,0.005686721765,0.998065114021
1082,1413393939.105760574341,1413393940.105760574341,1,1,1,1,0,0,0,-0.501212596893,0.145718932152,-0.148796558380,0.057192608714,-0.041467115283,0.017246196046,0.997352540493
1083,1413393939.155760288239,1413393940.155760288239,1,1,1,1,0,0,0,-0.489640235901,0.135988473892,-0.100565880537,0.071022681892,-0.031562525779,0.030280666426,0.996515333652
1084,1413393939.205760478973,1413393940.205760478973,1,1,1,1,0,0,0,-0.474083423615,0.131555318832,-0.055661588907,0.090345174074,-0.021552482620,0.038035109639,0.994950532913
1085,1413393939.255760431290,1413393940.255760431290,1,1,1,1,0,0,0,-0.454598903656,0.127552747726,-0.017226994038,0.107701413333,-0.013793500140,0.044327355921,0.993098855019
1086,1413393939.305760622025,1413393940.305760622025,1,1,1,1,0,0,0,-0.432715415955,0.123813986778,0.016006439924,0.115269340575,-0.007771200035,0.046753622591,0.992202997208
1087,1413393939.355760335922,1413393940.355760335922,1,1,1,1,0,0,0,-0.408723354340,0.120123147964,0.045251101255,0.115306921303,-0.002458267612,0.044480256736,0.992330551147
1088,1413393939.405760526657,1413393940.405760526657,1,1,1,1,0,0,0,-0.380093574524,0.118219971657,0.066799193621,0.111831866205,0.003448959440,0.036040280014,0.993067443371
1089,1413393939.455760478973,1413393940.455760478973,1,1,1,1,0,0,0,-0.349376678467,0.114912152290,0.081040799618,0.103510737419,0.008647063747,0.027533039451,0.994209647179
1090,1413393939.505760431290,1413393940.505760431290,1,1,1,1,0,0,0,-0.316220283508,0.115552544594,0.087333977222,0.086890637875,0.012806597166,0.019076041877,0.995952904224
1091,1413393939.555760383606,1413393940.555760383606,1,1,1,1,0,0,0,-0.286029815674,0.114006161690,0.086415857077,-0.068389892578,-0.015279944986,-0.015346339904,-0.997423648834
1092,1413393939.605760574341,1413393940.605760574341,1,1,1,1,0,0,0,-0.253796577454,0.112191140652,0.079547703266,0.054218627512,0.015668429434,0.016198547557,0.998274743557
1093,1413393939.655760288239,1413393940.655760288239,1,1,1,1,0,0,0,-0.223805904388,0.107250332832,0.064726114273,-0.046481527388,-0.015108651482,-0.019105315208,-0.998622119427
1094,1413393939.705760478973,1413393940.705760478973,1,1,1,1,0,0,0,-0.195156097412,0.098649203777,0.045612633228,-0.039709154516,-0.010059140623,-0.032024983317,-0.998647332191
1095,1413393939.755760431290,1413393940.755760431290,1,1,1,1,0,0,0,-0.168942928314,0.087870597839,0.027360618114,-0.029402313754,-0.002852779813,-0.051842104644,-0.998218297958
1096,1413393939.805760622025,1413393940.805760622025,1,1,1,1,0,0,0,-0.138852119446,0.078014492989,-0.001502633095,0.015443082899,-0.002432761248,0.069153890014,0.997483551502
1097,1413393939.855760335922,1413393940.855760335922,1,1,1,1,0,0,0,-0.102509498596,0.061228215694,-0.031830072403,0.000460931624,0.001150549273,-0.073937155306,-0.997262179852
1098,1413393939.905760526657,1413393940.905760526657,1,1,1,1,0,0,0,-0.062355518341,0.048338413239,-0.061076939106,-0.021041652188,0.004542905372,0.065498650074,0.997620463371
1099,1413393939.955760478973,1413393940.955760478973,1,1,1,1,0,0,0,-0.017991065979,0.030699491501,-0.084922909737,-0.041764598340,0.009657652117,0.055169384927,0.997556447983
1100,1413393940.005760431290,1413393941.005760431290,1,1,1,1,0,0,0,0.029936313629,0.004283189774,-0.099940240383,-0.054310090840,0.014193610288,0.042400222272,0.997522532940
1101,1413393940.055760383606,1413393941.055760383606,1,1,1,1,0,0,0,0.077075958252,-0.022739946842,-0.109008908272,-0.059301339090,0.018173258752,0.029448114336,0.997640192509
1102,1413393940.105760574341,1413393941.105760574341,1,1,1,1,0,0,0,0.123917579651,-0.051804363728,-0.111521035433,-0.058348510414,0.020779818296,0.016130555421,0.997949600220
1103,1413393940.155760288239,1413393941.155760288239,1,1,1,1,0,0,0,0.169335842133,-0.083234131336,-0.108188942075,-0.054067838937,0.022412449121,0.002958845813,0.998281359673
1104,1413393940.205760478973,1413393941.205760478973,1,1,1,1,0,0,0,0.213528633118,-0.111066818237,-0.099479064345,-0.050984039903,0.022575391456,-0.006012222730,0.998426258564
1105,1413393940.255760431290,1413393941.255760431290,1,1,1,1,0,0,0,0.258044719696,-0.133063197136,-0.092554509640,0.047643739730,-0.022074688226,0.013411733322,-0.998530387878
1106,1413393940.305760622025,1413393941.305760622025,1,1,1,1,0,0,0,0.301846504211,-0.149798452854,-0.088058471680,0.045952163637,-0.020898533985,0.017747446895,-0.998567402363
1107,1413393940.355760335922,1413393941.355760335922,1,1,1,1,0,0,0,0.344018459320,-0.163902282715,-0.080127313733,0.040211651474,-0.018145006150,0.015462064184,-0.998906731606
1108,1413393940.405760526657,1413393941.405760526657,1,1,1,1,0,0,0,0.385973453522,-0.169463038445,-0.078222885728,0.033296033740,-0.014288746752,0.010899023153,-0.999283969402
1109,1413393940.455760478973,1413393941.455760478973,1,1,1,1,0,0,0,0.426402568817,-0.177916705608,-0.080174744129,-0.023146787658,0.010634111241,-0.008679281920,0.999637901783
1110,1413393940.505760431290,1413393941.505760431290,1,1,1,1,0,0,0,0.463388919830,-0.191030621529,-0.081632763147,-0.010336340405,0.007949712686,-0.009520201012,0.999869704247
1111,1413393940.555760383606,1413393941.555760383606,1,1,1,1,0,0,0,0.498747348785,-0.205655515194,-0.083589434624,0.002085215412,0.007171129342,-0.015237133019,0.999855995178
1112,1413393940.605760574341,1413393941.605760574341,1,1,1,1,0,0,0,0.530099868774,-0.229543566704,-0.087701261044,0.010122352280,0.007290840615,-0.024191202596,0.999629497528
1113,1413393940.655760288239,1413393941.655760288239,1,1,1,1,0,0,0,0.560200691223,-0.248323291540,-0.089260458946,0.015548623167,0.007836711593,-0.033943943679,0.999272048473
1114,1413393940.705760478973,1413393941.705760478973,1,1,1,1,0,0,0,0.585580825806,-0.275749713182,-0.091279685497,-0.017408458516,-0.011073844507,0.045038465410,-0.998772263527
1115,1413393940.755760431290,1413393941.755760431290,1,1,1,1,0,0,0,0.605329513550,-0.300727754831,-0.091816425323,-0.016039913520,-0.016907241195,0.059542994946,-0.997953712940
1116,1413393940.805760622025,1413393941.805760622025,1,1,1,1,0,0,0,0.624931335449,-0.321371763945,-0.083987891674,-0.007078387775,-0.021655125543,0.069936156273,-0.997291266918
1117,1413393940.855760335922,1413393941.855760335922,1,1,1,1,0,0,0,0.647178649902,-0.326157540083,-0.060257673264,-0.007557579782,0.021837042645,-0.069920413196,0.997284948826
1118,1413393940.905760526657,1413393941.905760526657,1,1,1,1,0,0,0,0.671437263489,-0.312547683716,-0.027476191521,0.014806588180,-0.017327416688,0.060748789459,-0.997892856598
1119,1413393940.955760478973,1413393941.955760478973,1,1,1,1,0,0,0,0.691521406174,-0.298300087452,0.009987652302,0.021036606282,-0.013646229170,0.050816405565,-0.998393237591
1120,1413393941.005760431290,1413393942.005760431290,1,1,1,1,0,0,0,0.707950115204,-0.279693305492,0.048664510250,-0.025160178542,0.010217340663,-0.040440417826,0.998812854290
1121,1413393941.055760383606,1413393942.055760383606,1,1,1,1,0,0,0,0.719065189362,-0.263714253902,0.088400244713,-0.026523524895,0.009236285463,-0.034714166075,0.999002635479
1122,1413393941.105760574341,1413393942.105760574341,1,1,1,1,0,0,0,0.730651617050,-0.241471171379,0.124182730913,-0.026802625507,0.009550182149,-0.029218779877,0.999168038368
1123,1413393941.155760288239,1413393942.155760288239,1,1,1,1,0,0,0,0.738124132156,-0.220651090145,0.154888421297,-0.025091921911,0.011641372927,-0.026354573667,0.999269962311
1124,1413393941.205760478973,1413393942.205760478973,1,1,1,1,0,0,0,0.744669198990,-0.205287218094,0.181583464146,-0.021211918443,0.014210776426,-0.024805486202,0.999366164207
1125,1413393941.255760431290,1413393942.255760431290,1,1,1,1,0,0,0,0.748978614807,-0.191054880619,0.202531188726,-0.014021687210,0.017388297245,-0.024955619127,0.999438941479
1126,1413393941.305760622025,1413393942.305760622025,1,1,1,1,0,0,0,0.751002788544,-0.193451285362,0.217491984367,0.006396931130,0.020685505122,-0.022965136915,0.999501824379
1127,1413393941.355760335922,1413393942.355760335922,1,1,1,1,0,0,0,0.753328323364,-0.194645762444,0.219723299146,0.031537488103,0.024285823107,-0.022150538862,0.998961925507
1128,1413393941.405760526657,1413393942.405760526657,1,1,1,1,0,0,0,0.752756834030,-0.206722617149,0.221588939428,0.054913464934,0.027903253213,-0.021869974211,0.997861564159
1129,1413393941.455760478973,1413393942.455760478973,1,1,1,1,0,0,0,0.750369787216,-0.223122298717,0.217561572790,0.072127901018,0.031566970050,-0.021290054545,0.996668398380
1130,1413393941.505760431290,1413393942.505760431290,1,1,1,1,0,0,0,0.748167037964,-0.232884466648,0.202591896057,0.088063329458,0.034345474094,-0.019996087998,0.995321750641
1131,1413393941.555760383606,1413393942.555760383606,1,1,1,1,0,0,0,0.741847276688,-0.245600998402,0.189183712006,0.094154737890,0.036650691181,-0.018564291298,0.994709551334
1132,1413393941.605760574341,1413393942.605760574341,1,1,1,1,0,0,0,0.734633684158,-0.249270617962,0.173644363880,0.091185808182,0.038704488426,-0.016194954515,0.994949698448
1133,1413393941.655760288239,1413393942.655760288239,1,1,1,1,0,0,0,0.722522735596,-0.245029985905,0.159102678299,0.081444449723,0.039546094835,-0.012316070497,0.995816826820
1134,1413393941.705760478973,1413393942.705760478973,1,1,1,1,0,0,0,0.711146831512,-0.236075818539,0.145373702049,-0.069597914815,-0.038823004812,0.011141996831,-0.996757149696
1135,1413393941.755760431290,1413393942.755760431290,1,1,1,1,0,0,0,0.697911739349,-0.225316882133,0.133073925972,-0.058540504426,-0.035577256233,0.008760974742,-0.997612357140
1136,1413393941.805760622025,1413393942.805760622025,1,1,1,1,0,0,0,0.683751344681,-0.207551836967,0.124754607677,0.047320023179,0.031987100840,-0.008159539662,0.998334109783
1137,1413393941.855760335922,1413393942.855760335922,1,1,1,1,0,0,0,0.668945789337,-0.187285065651,0.117005407810,-0.030772218481,-0.027697155252,0.007912608795,-0.999111294746
1138,1413393941.905760526657,1413393942.905760526657,1,1,1,1,0,0,0,0.652891635895,-0.161432087421,0.112011551857,-0.002190654632,-0.024019258097,0.009358349256,-0.999665379524
1139,1413393941.955760478973,1413393942.955760478973,1,1,1,1,0,0,0,0.638862371445,-0.126538634300,0.104515254498,-0.029744423926,0.019290823489,-0.009679033421,0.999324560165
1140,1413393942.005760431290,1413393943.005760431290,1,1,1,1,0,0,0,0.622421264648,-0.098174333572,0.101289093494,0.060242358595,-0.015619152226,0.012016154826,-0.997989296913
1141,1413393942.055760383606,1413393943.055760383606,1,1,1,1,0,0,0,0.606454610825,-0.068822026253,0.098317205906,0.080396674573,-0.011092770845,0.013841032982,-0.996605217457
1142,1413393942.105760574341,1413393943.105760574341,1,1,1,1,0,0,0,0.589023351669,-0.046287655830,0.100129604340,-0.090851932764,0.006823324598,-0.015931446105,0.995713651180
1143,1413393942.155760288239,1413393943.155760288239,1,1,1,1,0,0,0,0.571782112122,-0.024745821953,0.099528670311,-0.089766003191,0.002409465844,-0.015267682262,0.995842993259
1144,1413393942.205760478973,1413393943.205760478973,1,1,1,1,0,0,0,0.549249410629,-0.004321455956,0.108124345541,-0.083305843174,-0.001654379885,-0.014859253541,0.996411859989
1145,1413393942.255760431290,1413393943.255760431290,1,1,1,1,0,0,0,0.530136823654,0.010795354843,0.114510715008,-0.068179458380,-0.004601459485,-0.012978727929,0.997578084469
1146,1413393942.305760622025,1413393943.305760622025,1,1,1,1,0,0,0,0.511092901230,0.025305747986,0.119866132736,-0.053057964891,-0.006828700658,-0.009530864656,0.998522639275
1147,1413393942.355760335922,1413393943.355760335922,1,1,1,1,0,0,0,0.491434812546,0.036980152130,0.128037303686,-0.032593369484,-0.009305400774,-0.006287056021,0.999405622482
1148,1413393942.405760526657,1413393943.405760526657,1,1,1,1,0,0,0,0.472142219543,0.041871428490,0.139392495155,-0.009986318648,-0.010276539251,-0.001972408965,0.999895453453
1149,1413393942.455760478973,1413393943.455760478973,1,1,1,1,0,0,0,0.452397108078,0.042104840279,0.150387525558,0.015075541101,-0.011145561934,0.000864968344,0.999823927879
1150,1413393942.505760431290,1413393943.505760431290,1,1,1,1,0,0,0,0.432865619659,0.049936532974,0.163026034832,0.030374664813,-0.010657807812,0.001639777096,0.999480426311
1151,1413393942.555760383606,1413393943.555760383606,1,1,1,1,0,0,0,0.416520595551,0.047619581223,0.174594044685,0.036827106029,-0.008728371002,0.000880711712,0.999283194542
1152,1413393942.605760574341,1413393943.605760574341,1,1,1,1,0,0,0,0.399078845978,0.045196413994,0.185022383928,0.045492328703,-0.006918188650,-0.001339901006,0.998939812183
1153,1413393942.655760288239,1413393943.655760288239,1,1,1,1,0,0,0,0.382561206818,0.040682554245,0.193009018898,0.045505709946,-0.004920374602,-0.004234549124,0.998943030834
1154,1413393942.705760478973,1413393943.705760478973,1,1,1,1,0,0,0,0.365525245667,0.029262304306,0.201219081879,0.042130991817,-0.002766870661,-0.004931020550,0.999096155167
1155,1413393942.755760431290,1413393943.755760431290,1,1,1,1,0,0,0,0.348875522614,0.024226665497,0.203416764736,0.036206066608,-0.001074874541,-0.004777969792,0.999332368374
1156,1413393942.805760622025,1413393943.805760622025,1,1,1,1,0,0,0,0.331809043884,0.019984126091,0.202435493469,0.028663774952,0.000849056873,-0.003312339308,0.999583244324
1157,1413393942.855760335922,1413393943.855760335922,1,1,1,1,0,0,0,0.314515590668,0.010153412819,0.198361694813,0.023254817352,0.004993874580,-0.001472948585,0.999716043472
1158,1413393942.905760526657,1413393943.905760526657,1,1,1,1,0,0,0,0.298254251480,0.001525044441,0.192469596863,0.021046653390,0.010598464869,0.002506566001,0.999719142914
1159,1413393942.955760478973,1413393943.955760478973,1,1,1,1,0,0,0,0.283055543900,-0.012634277344,0.187631368637,-0.023120129481,-0.018626144156,-0.003864529543,-0.999551713467
1160,1413393943.005760431290,1413393944.005760431290,1,1,1,1,0,0,0,0.267131567001,-0.025144577026,0.178919434547,-0.028374686837,-0.026040965691,-0.010551240295,-0.999202430248
1161,1413393943.055760383606,1413393944.055760383606,1,1,1,1,0,0,0,0.251352548599,-0.028765916824,0.169845938683,-0.025060672313,-0.035036478192,-0.017315689474,-0.998921692371
1162,1413393943.105760574341,1413393944.105760574341,1,1,1,1,0,0,0,0.238292455673,-0.027731180191,0.158457994461,0.017130522057,0.042918790132,0.028321912512,0.998530209064
1163,1413393943.155760288239,1413393944.155760288239,1,1,1,1,0,0,0,0.224124670029,-0.028847813606,0.149343609810,0.005745977629,0.051676750183,0.040220249444,0.997837126255
1164,1413393943.205760478973,1413393944.205760478973,1,1,1,1,0,0,0,0.212680816650,-0.031308889389,0.137582868338,-0.003954680637,0.061731778085,0.052811171860,0.996686756611
1165,1413393943.255760431290,1413393944.255760431290,1,1,1,1,0,0,0,0.202132463455,-0.035019636154,0.130291461945,-0.011354085058,0.072843030095,0.060971587896,0.995413243771
1166,1413393943.305760622025,1413393944.305760622025,1,1,1,1,0,0,0,0.193905591965,-0.042618155479,0.123838931322,-0.013757266104,0.085340425372,0.064297437668,0.994179904461
1167,1413393943.355760335922,1413393944.355760335922,1,1,1,1,0,0,0,0.188075304031,-0.047135710716,0.119337677956,-0.016902176663,0.099507682025,0.064665198326,0.992789506912
1168,1413393943.405760526657,1413393944.405760526657,1,1,1,1,0,0,0,0.182270288467,-0.057299256325,0.112231314182,-0.018744705245,0.112451769412,0.061069779098,0.991601645947
1169,1413393943.455760478973,1413393944.455760478973,1,1,1,1,0,0,0,0.179796218872,-0.064526915550,0.107369653881,-0.020411945879,0.122751936316,0.060222938657,0.990398168564
1170,1413393943.505760431290,1413393944.505760431290,1,1,1,1,0,0,0,0.179154872894,-0.077371120453,0.103448860347,-0.017434993759,0.131990775466,0.056870911270,0.989464640617
1171,1413393943.555760383606,1413393944.555760383606,1,1,1,1,0,0,0,0.177053928375,-0.092667222023,0.098064340651,-0.012071800418,0.138332426548,0.055242545903,0.988770365715
1172,1413393943.605760574341,1413393944.605760574341,1,1,1,1,0,0,0,0.175231456757,-0.104288339615,0.089846789837,-0.011151553132,0.144184410572,0.054288487881,0.987997651100
1173,1413393943.655760288239,1413393944.655760288239,1,1,1,1,0,0,0,0.170619249344,-0.120878338814,0.079823851585,-0.007263996638,0.147672146559,0.058103412390,0.987301468849
1174,1413393943.705760478973,1413393944.705760478973,1,1,1,1,0,0,0,0.168834686279,-0.134786963463,0.068082690239,-0.005462352652,0.148490622640,0.063737355173,0.986842572689
1175,1413393943.755760431290,1413393944.755760431290,1,1,1,1,0,0,0,0.166621208191,-0.149633288383,0.050975143909,-0.002741626929,0.149168312550,0.068301036954,0.986446261406
1176,1413393943.805760622025,1413393944.805760622025,1,1,1,1,0,0,0,0.165704965591,-0.161785840988,0.037922024727,0.000277697662,0.147577539086,0.074636809528,0.986230254173
1177,1413393943.855760335922,1413393944.855760335922,1,1,1,1,0,0,0,0.164210796356,-0.171997785568,0.031310200691,0.000473781518,0.143732517958,0.079021818936,0.986456453800
1178,1413393943.905760526657,1413393944.905760526657,1,1,1,1,0,0,0,0.165028095245,-0.181838512421,0.026094615459,-0.000848727126,0.138503611088,0.080376088619,0.987094640732
1179,1413393943.955760478973,1413393944.955760478973,1,1,1,1,0,0,0,0.166748046875,-0.188452005386,0.019336879253,0.006209536921,-0.131841376424,-0.083427578211,-0.987734317780
1180,1413393944.005760431290,1413393945.005760431290,1,1,1,1,0,0,0,0.169710397720,-0.192342877388,0.018681645393,0.014127003029,-0.128053605556,-0.079025067389,-0.988512933254
1181,1413393944.055760383606,1413393945.055760383606,1,1,1,1,0,0,0,0.174130678177,-0.200723767281,0.020979523659,-0.015146197751,0.126704111695,0.069562844932,0.989382565022
1182,1413393944.105760574341,1413393945.105760574341,1,1,1,1,0,0,0,0.178158760071,-0.208979845047,0.027480602264,-0.008871364407,0.128367319703,0.054160349071,0.990207016468
1183,1413393944.155760288239,1413393945.155760288239,1,1,1,1,0,0,0,0.181523323059,-0.217037916183,0.035879492760,0.000806326861,0.131589874625,0.034443873912,0.990705370903
1184,1413393944.205760478973,1413393945.205760478973,1,1,1,1,0,0,0,0.179909944534,-0.222111225128,0.044712007046,0.012506210245,0.135021880269,0.013595299795,0.990670442581
1185,1413393944.255760431290,1413393945.255760431290,1,1,1,1,0,0,0,0.181453466415,-0.221717238426,0.057595014572,0.021337689832,0.136771887541,-0.002408853034,0.990369856358
1186,1413393944.305760622025,1413393945.305760622025,1,1,1,1,0,0,0,0.183365821838,-0.216064453125,0.068167209625,0.025933047757,0.137132078409,-0.015321330167,0.990094721317
1187,1413393944.355760335922,1413393945.355760335922,1,1,1,1,0,0,0,0.181831598282,-0.205571770668,0.078568160534,0.023835705593,0.137726038694,-0.023655448109,0.989900887012
1188,1413393944.405760526657,1413393945.405760526657,1,1,1,1,0,0,0,0.179591655731,-0.189437150955,0.085319936275,0.017009997740,0.138656973839,-0.025627581403,0.989862680435
1189,1413393944.455760478973,1413393945.455760478973,1,1,1,1,0,0,0,0.174316167831,-0.171658158302,0.089240729809,0.008500766009,0.141298502684,-0.025308940560,0.989606976509
1190,1413393944.505760431290,1413393945.505760431290,1,1,1,1,0,0,0,0.169022083282,-0.149091720581,0.091163754463,-0.001687552081,0.143066123128,-0.012121237814,0.989637434483
1191,1413393944.555760383606,1413393945.555760383606,1,1,1,1,0,0,0,0.162801742554,-0.128301262856,0.089394569397,-0.006549885031,0.145334333181,0.006016416941,0.989342629910
1192,1413393944.605760574341,1413393945.605760574341,1,1,1,1,0,0,0,0.152921199799,-0.109583497047,0.087734282017,-0.005966183729,0.147603720427,0.024426622316,0.988726973534
1193,1413393944.655760288239,1413393945.655760288239,1,1,1,1,0,0,0,0.142596483231,-0.093988299370,0.086384773254,0.000229053112,0.152154847980,0.039014250040,0.987586319447
1194,1413393944.705760478973,1413393945.705760478973,1,1,1,1,0,0,0,0.131081581116,-0.079678297043,0.085058569908,0.008072490804,0.157959192991,0.052446808666,0.986018836498
1195,1413393944.755760431290,1413393945.755760431290,1,1,1,1,0,0,0,0.115552425385,-0.066910386086,0.087536096573,0.012999249622,0.164801508188,0.064778685570,0.984111487865
1196,1413393944.805760622025,1413393945.805760622025,1,1,1,1,0,0,0,0.104897737503,-0.051693439484,0.087868452072,0.015489261597,0.172654166818,0.075291521847,0.981978535652
1197,1413393944.855760335922,1413393945.855760335922,1,1,1,1,0,0,0,0.094230651855,-0.034933626652,0.090235114098,0.015134350397,0.180976510048,0.085760451853,0.979624271393
1198,1413393944.905760526657,1413393945.905760526657,1,1,1,1,0,0,0,0.085265636444,-0.017504155636,0.093288183212,-0.015651285648,-0.190489590168,-0.092960312963,-0.977152585983
1199,1413393944.955760478973,1413393945.955760478973,1,1,1,1,0,0,0,0.077692508698,-0.006444036961,0.100402474403,0.026657694951,0.200565487146,0.098051354289,0.974396646023
1200,1413393945.005760431290,1413393946.005760431290,1,1,1,1,0,0,0,0.071444749832,0.011950433254,0.101642966270,0.039721902460,0.212245374918,0.097551941872,0.971523404121
1201,1413393945.055760383606,1413393946.055760383606,1,1,1,1,0,0,0,0.067652940750,0.031562149525,0.098670482635,0.045860614628,0.223768383265,0.093541063368,0.969058573246
1202,1413393945.105760574341,1413393946.105760574341,1,1,1,1,0,0,0,0.063266754150,0.057916760445,0.093159317970,0.044714026153,0.235226631165,0.085701271892,0.967121720314
1203,1413393945.155760288239,1413393946.155760288239,1,1,1,1,0,0,0,0.058863878250,0.081929445267,0.075843453407,0.039873931557,0.245358690619,0.074946135283,0.965708196163
1204,1413393945.205760478973,1413393946.205760478973,1,1,1,1,0,0,0,0.053287029266,0.104367136955,0.057305335999,0.030847076327,0.254246324301,0.063012972474,0.964591503143
1205,1413393945.255760431290,1413393946.255760431290,1,1,1,1,0,0,0,0.047006368637,0.122983932495,0.034039616585,0.016237270087,0.261059731245,0.052027020603,0.963782846928
1206,1413393945.305760622025,1413393946.305760622025,1,1,1,1,0,0,0,0.040461778641,0.137503862381,0.008948802948,-0.003133171005,0.267085641623,0.043259423226,0.962696254253
1207,1413393945.355760335922,1413393946.355760335922,1,1,1,1,0,0,0,0.031349897385,0.144934535027,-0.013959050179,-0.019634870812,0.269592851400,0.044848423451,0.961729109287
1208,1413393945.405760526657,1413393946.405760526657,1,1,1,1,0,0,0,0.021381378174,0.149717807770,-0.034323573112,-0.035546395928,0.271664679050,0.051274035126,0.960367560387
1209,1413393945.455760478973,1413393946.455760478973,1,1,1,1,0,0,0,0.011074304581,0.149242281914,-0.050336599350,-0.045819226652,0.273137748241,0.061473246664,0.958914697170
1210,1413393945.505760431290,1413393946.505760431290,1,1,1,1,0,0,0,0.001965284348,0.145666122437,-0.062075614929,-0.048278447241,0.276045709848,0.069696918130,0.957397639751
1211,1413393945.555760383606,1413393946.555760383606,1,1,1,1,0,0,0,-0.007271766663,0.140937089920,-0.070770263672,-0.049033682793,0.278573751450,0.080237083137,0.955800414085
1212,1413393945.605760574341,1413393946.605760574341,1,1,1,1,0,0,0,-0.016584873199,0.130812406540,-0.077327966690,0.053005062044,-0.280990332365,-0.090962015092,-0.953918695450
1213,1413393945.655760288239,1413393946.655760288239,1,1,1,1,0,0,0,-0.022598743439,0.128709912300,-0.084549188614,0.058914873749,-0.283405393362,-0.101951844990,-0.951743781567
1214,1413393945.705760478973,1413393946.705760478973,1,1,1,1,0,0,0,-0.029451370239,0.124270856380,-0.088548660278,0.063217453659,-0.286760270596,-0.111115857959,-0.949434280396
1215,1413393945.755760431290,1413393946.755760431290,1,1,1,1,0,0,0,-0.033420085907,0.117583394051,-0.088818073273,0.062730900943,-0.290149927139,-0.118567615747,-0.947533428669
1216,1413393945.805760622025,1413393946.805760622025,1,1,1,1,0,0,0,-0.034751415253,0.107640802860,-0.087706089020,0.053859498352,-0.293920755386,-0.126119181514,-0.945940673351
1217,1413393945.855760335922,1413393946.855760335922,1,1,1,1,0,0,0,-0.031860589981,0.106714069843,-0.087272405624,0.038958493620,-0.297299802303,-0.131884306669,-0.944828927517
1218,1413393945.905760526657,1413393946.905760526657,1,1,1,1,0,0,0,-0.028254985809,0.092375695705,-0.086481571198,-0.019880188629,0.301427215338,0.135240107775,0.943639993668
1219,1413393945.955760478973,1413393946.955760478973,1,1,1,1,0,0,0,-0.022560238838,0.085377216339,-0.086631774902,0.001999659464,-0.308885425329,-0.129729479551,-0.942208111286
1220,1413393946.005760431290,1413393947.005760431290,1,1,1,1,0,0,0,-0.015371680260,0.070422589779,-0.090056657791,-0.012369054370,-0.316903293133,-0.120372660458,-0.940707027912
1221,1413393946.055760383606,1413393947.055760383606,1,1,1,1,0,0,0,-0.006903290749,0.063058793545,-0.099983215332,-0.019780663773,-0.325674384832,-0.107670471072,-0.939123094082
1222,1413393946.105760574341,1413393947.105760574341,1,1,1,1,0,0,0,0.000186681747,0.055258572102,-0.103587388992,-0.020120389760,-0.333392441273,-0.094195462763,-0.937854945660
1223,1413393946.155760288239,1413393947.155760288239,1,1,1,1,0,0,0,0.009967088699,0.053038656712,-0.105045557022,-0.012100106105,-0.340074449778,-0.082104839385,-0.936729252338
1224,1413393946.205760478973,1413393947.205760478973,1,1,1,1,0,0,0,0.014430642128,0.054842829704,-0.106374502182,0.003567140782,-0.345368266106,-0.072305135429,-0.935670912266
1225,1413393946.255760431290,1413393947.255760431290,1,1,1,1,0,0,0,0.016598463058,0.060277104378,-0.106245040894,0.016207449138,-0.349482387304,-0.065255768597,-0.934527218342
1226,1413393946.305760622025,1413393947.305760622025,1,1,1,1,0,0,0,0.016829371452,0.069231271744,-0.103425025940,0.021925773472,-0.352329194546,-0.063879899681,-0.933436036110
1227,1413393946.355760335922,1413393947.355760335922,1,1,1,1,0,0,0,0.013184547424,0.085560441017,-0.105185747147,0.017532570288,-0.356268465519,-0.060855183750,-0.932235002518
1228,1413393946.405760526657,1413393947.405760526657,1,1,1,1,0,0,0,0.010659575462,0.100540161133,-0.095078229904,0.005669760518,-0.357983797789,-0.064851336181,-0.931455731392
1229,1413393946.455760478973,1413393947.455760478973,1,1,1,1,0,0,0,0.006128311157,0.118158102036,-0.082238912582,-0.007269867696,-0.357295691967,-0.077045731246,-0.930779755116
1230,1413393946.505760431290,1413393947.505760431290,1,1,1,1,0,0,0,-0.004816532135,0.134252190590,-0.064194202423,-0.019385930151,-0.353393584490,-0.095521241426,-0.930383145809
1231,1413393946.555760383606,1413393947.555760383606,1,1,1,1,0,0,0,-0.014243483543,0.152734875679,-0.049423933029,-0.033893220127,-0.346953690052,-0.116783611476,-0.929965615273
1232,1413393946.605760574341,1413393947.605760574341,1,1,1,1,0,0,0,-0.026264548302,0.173280924559,-0.043991804123,-0.047694023699,-0.338293313980,-0.142147794366,-0.929019331932
1233,1413393946.655760288239,1413393947.655760288239,1,1,1,1,0,0,0,-0.038015723228,0.191806346178,-0.032910346985,-0.057103700936,-0.327161431313,-0.168703481555,-0.928032219410
1234,1413393946.705760478973,1413393947.705760478973,1,1,1,1,0,0,0,-0.049378216267,0.211985170841,-0.026063442230,0.057502735406,0.315497189760,0.191842034459,0.927551448345
1235,1413393946.755760431290,1413393947.755760431290,1,1,1,1,0,0,0,-0.060516536236,0.235903918743,-0.022826671600,-0.050405222923,-0.307310819626,-0.205896675587,-0.927699327469
1236,1413393946.805760622025,1413393947.805760622025,1,1,1,1,0,0,0,-0.063889861107,0.263353079557,-0.029055595398,-0.036419086158,-0.303765207529,-0.207280457020,-0.929212152958
1237,1413393946.855760335922,1413393947.855760335922,1,1,1,1,0,0,0,-0.059196352959,0.294129669666,-0.041136980057,-0.020619139075,-0.304606586695,-0.199479371309,-0.931127071381
1238,1413393946.905760526657,1413393947.905760526657,1,1,1,1,0,0,0,-0.049142777920,0.324146300554,-0.063116312027,-0.001435316633,-0.308768361807,-0.186239242554,-0.932724475861
1239,1413393946.955760478973,1413393947.955760478973,1,1,1,1,0,0,0,-0.035532131791,0.343048959970,-0.087198734283,0.020423065871,-0.315394431353,-0.166413471103,-0.934032082558
1240,1413393947.005760431290,1413393948.005760431290,1,1,1,1,0,0,0,-0.012377925217,0.365429192781,-0.125553607941,0.042180459946,-0.324917167425,-0.133527010679,-0.935318291187
1241,1413393947.055760383606,1413393948.055760383606,1,1,1,1,0,0,0,0.013729639351,0.378543019295,-0.159346342087,0.060572545975,-0.331643909216,-0.100216612220,-0.936109006405
1242,1413393947.105760574341,1413393948.105760574341,1,1,1,1,0,0,0,0.041780151427,0.385763525963,-0.192055463791,0.074837528169,-0.334400981665,-0.071876823902,-0.936701118946
1243,1413393947.155760288239,1413393948.155760288239,1,1,1,1,0,0,0,0.069705247879,0.387192428112,-0.215391635895,-0.079471357167,0.333096772432,0.052790068090,0.938053369522
1244,1413393947.205760478973,1413393948.205760478973,1,1,1,1,0,0,0,0.097220987082,0.382838606834,-0.225142717361,-0.072742067277,0.328604638577,0.042191166431,0.940716505051
1245,1413393947.255760431290,1413393948.255760431290,1,1,1,1,0,0,0,0.120025813580,0.372185289860,-0.223556041718,0.060489378870,-0.322375714779,-0.036508627236,-0.943971455097
1246,1413393947.305760622025,1413393948.305760622025,1,1,1,1,0,0,0,0.141623526812,0.360583066940,-0.218745946884,0.043640725315,-0.313553422689,-0.036384470761,-0.947869181633
1247,1413393947.355760335922,1413393948.355760335922,1,1,1,1,0,0,0,0.162321448326,0.343588769436,-0.209645509720,-0.025235204026,0.304143279791,0.035587582737,0.951626837254
1248,1413393947.405760526657,1413393948.405760526657,1,1,1,1,0,0,0,0.179796576500,0.323924005032,-0.198245286942,-0.004483862780,0.295599579811,0.031654089689,0.954776883125
1249,1413393947.455760478973,1413393948.455760478973,1,1,1,1,0,0,0,0.196700930595,0.300540387630,-0.183915615082,0.018737995997,0.287703901529,0.023982465267,0.957235753536
1250,1413393947.505760431290,1413393948.505760431290,1,1,1,1,0,0,0,0.205580353737,0.272145330906,-0.167539834976,-0.039222050458,-0.280019760132,-0.015642004088,-0.959065198898
1251,1413393947.555760383606,1413393948.555760383606,1,1,1,1,0,0,0,0.211691260338,0.247269809246,-0.155256271362,-0.049678590149,-0.271045058966,-0.010697696358,-0.961224377155
1252,1413393947.605760574341,1413393948.605760574341,1,1,1,1,0,0,0,0.211826026440,0.225114822388,-0.143458127975,0.050239570439,0.262680768967,0.004663701635,0.963562726974
1253,1413393947.655760288239,1413393948.655760288239,1,1,1,1,0,0,0,0.206214606762,0.206680655479,-0.135121583939,-0.045496225357,-0.255017668009,-0.000945534150,-0.965865015984
1254,1413393947.705760478973,1413393948.705760478973,1,1,1,1,0,0,0,0.193089604378,0.192501068115,-0.125423908234,-0.041100334376,-0.246384158731,-0.003198417136,-0.968295156956
1255,1413393947.755760431290,1413393948.755760431290,1,1,1,1,0,0,0,0.172710895538,0.182917580009,-0.119683027267,-0.034143768251,-0.235679402947,-0.012222955935,-0.971153974533
1256,1413393947.805760622025,1413393948.805760622025,1,1,1,1,0,0,0,0.147050023079,0.175634711981,-0.116608381271,-0.024821255356,-0.222869411111,-0.027999438345,-0.974129974842
1257,1413393947.855760335922,1413393948.855760335922,1,1,1,1,0,0,0,0.116882205009,0.166180253029,-0.121899604797,-0.011966564693,-0.208728924394,-0.047555025667,-0.976743400097
1258,1413393947.905760526657,1413393948.905760526657,1,1,1,1,0,0,0,0.088625073433,0.156645864248,-0.128026247025,-0.000669685076,-0.196360692382,-0.064138971269,-0.978431522846
1259,1413393947.955760478973,1413393948.955760478973,1,1,1,1,0,0,0,0.062334179878,0.147238388658,-0.139982938766,0.009831910953,-0.186833977699,-0.077786490321,-0.979257702827
1260,1413393948.005760431290,1413393949.005760431290,1,1,1,1,0,0,0,0.037724733353,0.134524643421,-0.155466556549,0.020017182454,-0.179826706648,-0.093182146549,-0.979070365429
1261,1413393948.055760383606,1413393949.055760383606,1,1,1,1,0,0,0,0.017298102379,0.119854941964,-0.172893524170,-0.027400748804,0.176796182990,0.102693013847,0.978491961956
1262,1413393948.105760574341,1413393949.105760574341,1,1,1,1,0,0,0,0.001768112183,0.104551956058,-0.188534259796,0.028366629034,-0.177049100399,-0.109030976892,-0.977732717991
1263,1413393948.155760288239,1413393949.155760288239,1,1,1,1,0,0,0,-0.007906436920,0.086975239217,-0.203225851059,0.025874901563,-0.180789321661,-0.107216745615,-0.977317929268
1264,1413393948.205760478973,1413393949.205760478973,1,1,1,1,0,0,0,-0.014344215393,0.070215880871,-0.218025922775,-0.021968463436,0.186633646488,0.101239636540,0.976952314377
1265,1413393948.255760431290,1413393949.255760431290,1,1,1,1,0,0,0,-0.019108533859,0.055532723665,-0.231680154800,0.019177697599,-0.193408340216,-0.093088865280,-0.976503908634
1266,1413393948.305760622025,1413393949.305760622025,1,1,1,1,0,0,0,-0.021756172180,0.038974463940,-0.242703199387,0.013840137981,-0.202071055770,-0.079214893281,-0.976063907146
1267,1413393948.355760335922,1413393949.355760335922,1,1,1,1,0,0,0,-0.021971702576,0.025458723307,-0.256146669388,-0.011464987881,0.209274187684,0.066846102476,0.975502192974
1268,1413393948.405760526657,1413393949.405760526657,1,1,1,1,0,0,0,-0.024944782257,0.008651375771,-0.265582799911,-0.008523659781,0.215387880802,0.057259380817,0.974811136723
1269,1413393948.455760478973,1413393949.455760478973,1,1,1,1,0,0,0,-0.029134273529,-0.006178677082,-0.273751974106,-0.003127665957,0.219742000103,0.052019726485,0.974165141582
1270,1413393948.505760431290,1413393949.505760431290,1,1,1,1,0,0,0,-0.034677743912,-0.017263114452,-0.281719207764,0.000129450593,0.220561683178,0.054764006287,0.973834455013
1271,1413393948.555760383606,1413393949.555760383606,1,1,1,1,0,0,0,-0.042256593704,-0.020871818066,-0.289762973785,0.000902652508,0.218417257071,0.064209602773,0.973740339279
1272,1413393948.605760574341,1413393949.605760574341,1,1,1,1,0,0,0,-0.049971342087,-0.019430339336,-0.299222230911,0.004695800133,0.212560430169,0.080250397325,0.973835706711
1273,1413393948.655760288239,1413393949.655760288239,1,1,1,1,0,0,0,-0.056961774826,-0.012855231762,-0.310564041138,0.013808899559,0.202648699284,0.098698079586,0.974167108536
1274,1413393948.705760478973,1413393949.705760478973,1,1,1,1,0,0,0,-0.061951398849,-0.004503130913,-0.322136878967,0.024149093777,0.190486609936,0.119460843503,0.974094927311
1275,1413393948.755760431290,1413393949.755760431290,1,1,1,1,0,0,0,-0.065150976181,0.003942012787,-0.332448601723,-0.036226190627,-0.177650436759,-0.140166640282,-0.973386466503
1276,1413393948.805760622025,1413393949.805760622025,1,1,1,1,0,0,0,-0.063464879990,0.011603146791,-0.340406537056,-0.048132248223,-0.165082260966,-0.158997207880,-0.972188770771
1277,1413393948.855760335922,1413393949.855760335922,1,1,1,1,0,0,0,-0.055511951447,0.022580981255,-0.359774231911,0.060303587466,0.152521893382,0.175937756896,0.970642328262
1278,1413393948.905760526657,1413393949.905760526657,1,1,1,1,0,0,0,-0.041387796402,0.035220056772,-0.382255196571,0.065627112985,0.140343427658,0.188408076763,0.969793379307
1279,1413393948.955760478973,1413393949.955760478973,1,1,1,1,0,0,0,-0.019907951355,0.045467495918,-0.407854795456,0.065195590258,0.128517761827,0.196128487587,0.969931066036
1280,1413393949.005760431290,1413393950.005760431290,1,1,1,1,0,0,0,0.011013746262,0.047989532351,-0.436292648315,0.052699148655,0.120124019682,0.195841386914,0.971822619438
1281,1413393949.055760383606,1413393950.055760383606,1,1,1,1,0,0,0,0.051849842072,0.046507865191,-0.465562939644,0.031985517591,0.115888051689,0.184124171734,0.975523054600
1282,1413393949.105760574341,1413393950.105760574341,1,1,1,1,0,0,0,0.099840641022,0.038432270288,-0.490661263466,0.006274732295,0.115892708302,0.157083541155,0.980741679668
1283,1413393949.155760288239,1413393950.155760288239,1,1,1,1,0,0,0,0.155721187592,0.034531652927,-0.520611166954,-0.024503380060,0.114122435451,0.130198538303,0.984593331814
1284,1413393949.205760478973,1413393950.205760478973,1,1,1,1,0,0,0,0.216696739197,0.026169836521,-0.546415448189,-0.054542601109,0.111483126879,0.100815944374,0.987133622169
1285,1413393949.255760431290,1413393950.255760431290,1,1,1,1,0,0,0,0.281896114349,0.016385674477,-0.571390032768,0.081746906042,-0.107824601233,-0.071806550026,-0.988197982311
1286,1413393949.305760622025,1413393950.305760622025,1,1,1,1,0,0,0,0.349725484848,0.002195954323,-0.585954785347,0.107665568590,-0.101909376681,-0.049566391855,-0.987707316875
1287,1413393949.355760335922,1413393950.355760335922,1,1,1,1,0,0,0,0.416721343994,-0.012505292892,-0.591088294983,-0.128629088402,0.093906931579,0.036225855350,0.986571729183
1288,1413393949.405760526657,1413393950.405760526657,1,1,1,1,0,0,0,0.483815670013,-0.029666781425,-0.586976289749,-0.147166311741,0.085166595876,0.026773979887,0.985074579716
1289,1413393949.455760478973,1413393950.455760478973,1,1,1,1,0,0,0,0.545437812805,-0.042573034763,-0.575940847397,-0.158998996019,0.078057050705,0.017363457009,0.984035015106
1290,1413393949.505760431290,1413393950.505760431290,1,1,1,1,0,0,0,0.606734514236,-0.057813346386,-0.556692242622,-0.157562717795,0.073202826083,0.007756857667,0.984761476517
1291,1413393949.555760383606,1413393950.555760383606,1,1,1,1,0,0,0,0.664390325546,-0.065729498863,-0.532024621964,-0.139488950372,0.071033306420,-0.003020932665,0.987667977810
1292,1413393949.605760574341,1413393950.605760574341,1,1,1,1,0,0,0,0.718932628632,-0.072737812996,-0.501689434052,-0.112988941371,0.069855943322,-0.014160205610,0.991036415100
1293,1413393949.655760288239,1413393950.655760288239,1,1,1,1,0,0,0,0.770010232925,-0.081315755844,-0.467323422432,-0.083240188658,0.069965630770,-0.024086438119,0.993778586388
1294,1413393949.705760478973,1413393950.705760478973,1,1,1,1,0,0,0,0.820602655411,-0.094564080238,-0.436760187149,0.054126050323,-0.070481255651,0.036866299808,-0.995361089706
1295,1413393949.755760431290,1413393950.755760431290,1,1,1,1,0,0,0,0.863774776459,-0.113475680351,-0.389063835144,0.031123733148,-0.070792146027,0.052322737873,-0.995631515980
1296,1413393949.805760622025,1413393950.805760622025,1,1,1,1,0,0,0,0.901418924332,-0.138894557953,-0.344725370407,-0.012676613405,0.071130938828,-0.069283798337,0.994977176189
1297,1413393949.855760335922,1413393950.855760335922,1,1,1,1,0,0,0,0.933064699173,-0.168720126152,-0.297656297684,0.001164952177,0.070625416934,-0.088486678898,0.993569731712
1298,1413393949.905760526657,1413393950.905760526657,1,1,1,1,0,0,0,0.959380149841,-0.193597435951,-0.248907208443,0.011719984934,0.071105666459,-0.108226634562,0.991510808468
1299,1413393949.955760478973,1413393950.955760478973,1,1,1,1,0,0,0,0.979935407639,-0.212205171585,-0.200102090836,0.019183093682,0.074141994119,-0.129526108503,0.988614201546
1300,1413393950.005760431290,1413393951.005760431290,1,1,1,1,0,0,0,1.000033855438,-0.212825059891,-0.148056983948,0.023873955011,0.075071662664,-0.144175678492,0.986411571503
1301,1413393950.055760383606,1413393951.055760383606,1,1,1,1,0,0,0,1.012800693512,-0.184394836426,-0.090526342392,0.026948349550,0.072158686817,-0.141620621085,0.986919760704
1302,1413393950.105760574341,1413393951.105760574341,1,1,1,1,0,0,0,1.018285274506,-0.128175735474,-0.024757504463,0.028107957914,0.063221983612,-0.117766536772,0.990628123283
1303,1413393950.155760288239,1413393951.155760288239,1,1,1,1,0,0,0,1.010816097260,-0.072061896324,0.039756059647,0.036691509187,0.052657857537,-0.089090302587,0.993953704834
1304,1413393950.205760478973,1413393951.205760478973,1,1,1,1,0,0,0,0.992654323578,-0.016583204269,0.102209448814,0.045202240348,0.042803496122,-0.059013672173,0.996314287186
1305,1413393950.255760431290,1413393951.255760431290,1,1,1,1,0,0,0,0.966091394424,0.033371984959,0.160788893700,0.053906280547,0.033991795033,-0.030196525156,0.997510373592
1306,1413393950.305760622025,1413393951.305760622025,1,1,1,1,0,0,0,0.934521198273,0.069309473038,0.213855266571,0.060399282724,0.027730459347,-0.008924399503,0.997749209404
1307,1413393950.355760335922,1413393951.355760335922,1,1,1,1,0,0,0,0.906708002090,0.081449270248,0.251016855240,-0.065044380724,-0.024803217500,-0.001259225537,-0.997573256493
1308,1413393950.405760526657,1413393951.405760526657,1,1,1,1,0,0,0,0.878147363663,0.086680769920,0.283907175064,-0.066021181643,-0.024313418195,-0.005230221897,-0.997508227825
1309,1413393950.455760478973,1413393951.455760478973,1,1,1,1,0,0,0,0.850440502167,0.089378535748,0.312584161758,0.061493858695,0.024915508926,0.005409676582,0.997781813145
1310,1413393950.505760431290,1413393951.505760431290,1,1,1,1,0,0,0,0.823804855347,0.092024505138,0.334958910942,0.051385030150,0.025931384414,0.002136050025,0.998339951038
1311,1413393950.555760383606,1413393951.555760383606,1,1,1,1,0,0,0,0.796636104584,0.098625123501,0.354201376438,0.038705598563,0.027084326372,-0.001696515712,0.998882174492
1312,1413393950.605760574341,1413393951.605760574341,1,1,1,1,0,0,0,0.769230365753,0.110207080841,0.366172194481,-0.024399425834,-0.028409063816,0.005069899373,-0.999285697937
1313,1413393950.655760288239,1413393951.655760288239,1,1,1,1,0,0,0,0.741024255753,0.125301837921,0.379257440567,-0.011379097588,-0.029671436176,0.008305248804,-0.999460399151
1314,1413393950.705760478973,1413393951.705760478973,1,1,1,1,0,0,0,0.712938785553,0.142006099224,0.388613522053,-0.000868379779,-0.030732698739,0.011540054344,-0.999460697174
1315,1413393950.755760431290,1413393951.755760431290,1,1,1,1,0,0,0,0.682558059692,0.158675551414,0.400267899036,-0.005568048451,0.032046876848,-0.013449593447,0.999380409718
1316,1413393950.805760622025,1413393951.805760622025,1,1,1,1,0,0,0,0.650155067444,0.170905351639,0.413105487823,-0.008853138424,0.032156404108,-0.012027936988,0.999371290207
1317,1413393950.855760335922,1413393951.855760335922,1,1,1,1,0,0,0,0.616796016693,0.176871895790,0.423284113407,0.009994712658,-0.032468654215,0.009192283265,-0.999380528927
1318,1413393950.905760526657,1413393951.905760526657,1,1,1,1,0,0,0,0.580981731415,0.180414795876,0.436093568802,0.009502666071,-0.032020095736,0.003201889573,-0.999436974525
1319,1413393950.955760478973,1413393951.955760478973,1,1,1,1,0,0,0,0.541065216064,0.183749020100,0.450916886330,0.008855859749,-0.029649732634,-0.007655887399,-0.999491870403
1320,1413393951.005760431290,1413393952.005760431290,1,1,1,1,0,0,0,0.501046180725,0.182353675365,0.465560138226,-0.005798119586,0.027911106125,0.018750205636,0.999417722225
1321,1413393951.055760383606,1413393952.055760383606,1,1,1,1,0,0,0,0.463820457458,0.176174879074,0.479238569736,-0.002350067487,0.027230028063,0.027009857818,0.999261498451
1322,1413393951.105760574341,1413393952.105760574341,1,1,1,1,0,0,0,0.433143138885,0.160725653172,0.490252673626,0.002164782723,0.027926672250,0.029564928263,0.999170303345
1323,1413393951.155760288239,1413393952.155760288239,1,1,1,1,0,0,0,0.406872272491,0.140938550234,0.495346188545,-0.002604939044,-0.031188739464,-0.026194436476,-0.999166846275
1324,1413393951.205760478973,1413393952.205760478973,1,1,1,1,0,0,0,0.380815029144,0.123835146427,0.502115368843,-0.002867147326,-0.033239699900,-0.024401217699,-0.999145388603
1325,1413393951.255760431290,1413393952.255760431290,1,1,1,1,0,0,0,0.355197906494,0.106251895428,0.507598400116,-0.003076216206,-0.034839458764,-0.022866273299,-0.999126553535
1326,1413393951.305760622025,1413393952.305760622025,1,1,1,1,0,0,0,0.329288005829,0.087058067322,0.512871861458,0.003323795507,0.034663289785,0.021328205243,0.999165952206
1327,1413393951.355760335922,1413393952.355760335922,1,1,1,1,0,0,0,0.302498340607,0.066620469093,0.517072439194,0.005255746655,0.031634993851,0.019729137421,0.999290943146
1328,1413393951.405760526657,1413393952.405760526657,1,1,1,1,0,0,0,0.275352478027,0.045342504978,0.521512508392,0.009018801153,0.026280289516,0.017173808068,0.999466478825
1329,1413393951.455760478973,1413393952.455760478973,1,1,1,1,0,0,0,0.247763633728,0.022531688213,0.525833368301,0.015735542402,0.019502006471,0.013444707729,0.999595642090
1330,1413393951.505760431290,1413393952.505760431290,1,1,1,1,0,0,0,0.221020221710,-0.001624405384,0.528346419334,0.021705750376,0.011065050028,0.009494837373,0.999658107758
1331,1413393951.555760383606,1413393952.555760383606,1,1,1,1,0,0,0,0.194267272949,-0.021924734116,0.531445682049,-0.026684826240,-0.001588812447,-0.005084347911,-0.999629735947
1332,1413393951.605760574341,1413393952.605760574341,1,1,1,1,0,0,0,0.168438911438,-0.045035362244,0.528613090515,-0.030258649960,0.008855438791,-0.000175998372,-0.999502837658
1333,1413393951.655760288239,1413393952.655760288239,1,1,1,1,0,0,0,0.149856567383,-0.071499645710,0.524054646492,-0.028852848336,0.021678034216,0.003986402880,-0.999340653419
1334,1413393951.705760478973,1413393952.705760478973,1,1,1,1,0,0,0,0.125291347504,-0.092208445072,0.517995595932,0.026646530256,-0.034540820867,-0.007426701952,0.999020457268
1335,1413393951.755760431290,1413393952.755760431290,1,1,1,1,0,0,0,0.100685596466,-0.112457394600,0.511386990547,0.023352948949,-0.048581678420,-0.009094725363,0.998504757881
1336,1413393951.805760622025,1413393952.805760622025,1,1,1,1,0,0,0,0.077520370483,-0.131651163101,0.503393411636,0.019381903112,-0.060891829431,-0.012884808704,0.997873008251
1337,1413393951.855760335922,1413393952.855760335922,1,1,1,1,0,0,0,0.055257797241,-0.149951517582,0.494749844074,0.014690887183,-0.072013899684,-0.016672762111,0.997156023979
1338,1413393951.905760526657,1413393952.905760526657,1,1,1,1,0,0,0,0.033553600311,-0.169482886791,0.484704911709,0.011443257332,-0.083262562752,-0.015401118435,0.996342957020
1339,1413393951.955760478973,1413393952.955760478973,1,1,1,1,0,0,0,0.012962818146,-0.189198613167,0.473748981953,0.008215360343,-0.094109453261,-0.012686341070,0.995447099209
1340,1413393952.005760431290,1413393953.005760431290,1,1,1,1,0,0,0,-0.006262779236,-0.208085775375,0.462731659412,0.004617637023,-0.103735432029,-0.008602016605,0.994557023048
1341,1413393952.055760383606,1413393953.055760383606,1,1,1,1,0,0,0,-0.027184009552,-0.220873177052,0.453602135181,-0.002241148148,0.112270675600,0.005360619631,-0.993660748005
1342,1413393952.105760574341,1413393953.105760574341,1,1,1,1,0,0,0,-0.045139312744,-0.240530967712,0.443454951048,0.001963393763,0.118220753968,0.003881643061,-0.992977857590
1343,1413393952.155760288239,1413393953.155760288239,1,1,1,1,0,0,0,-0.058584213257,-0.249485671520,0.436997860670,-0.004769764375,-0.124270088971,-0.000893722405,0.992236614227
1344,1413393952.205760478973,1413393953.205760478973,1,1,1,1,0,0,0,-0.070459365845,-0.250361382961,0.433736950159,-0.006645410787,-0.128750681877,-0.001142157824,0.991654157639
1345,1413393952.255760431290,1413393953.255760431290,1,1,1,1,0,0,0,-0.080382347107,-0.244107663631,0.434321880341,-0.008543423377,-0.132224336267,-0.001118410379,0.991182386875
1346,1413393952.305760622025,1413393953.305760622025,1,1,1,1,0,0,0,-0.087110519409,-0.234691619873,0.437517791986,-0.010224056430,-0.135305047035,0.002307474380,0.990748524666
1347,1413393952.355760335922,1413393953.355760335922,1,1,1,1,0,0,0,-0.088863849640,-0.222996056080,0.443607807159,-0.010515674949,-0.135197266936,0.006210787222,0.990743398666
1348,1413393952.405760526657,1413393953.405760526657,1,1,1,1,0,0,0,-0.085119247437,-0.212991476059,0.449260205030,-0.007871090434,-0.132391735911,0.011248636059,0.991102397442
1349,1413393952.455760478973,1413393953.455760478973,1,1,1,1,0,0,0,-0.076013088226,-0.206786394119,0.455020546913,-0.005144124385,-0.127858221531,0.017528831959,0.991624236107
1350,1413393952.505760431290,1413393953.505760431290,1,1,1,1,0,0,0,-0.064887523651,-0.205070853233,0.458604991436,0.002086343244,-0.118939712644,0.018851200119,0.992720305920
1351,1413393952.555760383606,1413393953.555760383606,1,1,1,1,0,0,0,-0.046685695648,-0.202512085438,0.465160965919,-0.009543637745,0.107086673379,-0.016477255151,-0.994067370892
1352,1413393952.605760574341,1413393953.605760574341,1,1,1,1,0,0,0,-0.022707939148,-0.204970002174,0.468763828278,-0.016216540709,0.092820316553,-0.010362997651,-0.995496928692
1353,1413393952.655760288239,1413393953.655760288239,1,1,1,1,0,0,0,0.003802776337,-0.204434216022,0.465280354023,0.023016687483,-0.077647298574,0.004880792927,0.996703267097
1354,1413393952.705760478973,1413393953.705760478973,1,1,1,1,0,0,0,0.032798767090,-0.208056628704,0.464417666197,0.028402984142,-0.062296807766,0.000644863816,0.997653305531
1355,1413393952.755760431290,1413393953.755760431290,1,1,1,1,0,0,0,0.061122894287,-0.205172300339,0.459643810987,0.034399107099,-0.046998463571,-0.002380822785,0.998299717903
1356,1413393952.805760622025,1413393953.805760622025,1,1,1,1,0,0,0,0.089560031891,-0.204291701317,0.454829275608,0.037504788488,-0.035108849406,-0.003683562856,0.998672783375
1357,1413393952.855760335922,1413393953.855760335922,1,1,1,1,0,0,0,0.115952014923,-0.200256228447,0.447785258293,0.040399581194,-0.026408664882,-0.005604968872,0.998818814754
1358,1413393952.905760526657,1413393953.905760526657,1,1,1,1,0,0,0,0.139653205872,-0.192156791687,0.439146339893,0.041838444769,-0.020612124354,-0.010757768527,0.998853802681
1359,1413393952.955760478973,1413393953.955760478973,1,1,1,1,0,0,0,0.163888454437,-0.176444768906,0.426151812077,-0.040823388845,0.016686156392,0.018649876118,-0.998852968216
1360,1413393953.005760431290,1413393954.005760431290,1,1,1,1,0,0,0,0.183462142944,-0.163335740566,0.413388133049,-0.032481960952,0.014736140147,0.027386823669,-0.998988449574
1361,1413393953.055760383606,1413393954.055760383606,1,1,1,1,0,0,0,0.200792789459,-0.149822711945,0.398040235043,-0.024670705199,0.014877847396,0.035809472203,-0.998943269253
1362,1413393953.105760574341,1413393954.105760574341,1,1,1,1,0,0,0,0.214451313019,-0.136554300785,0.379895925522,0.013980782591,-0.017219047993,-0.041425138712,0.998895466328
1363,1413393953.155760288239,1413393954.155760288239,1,1,1,1,0,0,0,0.225858211517,-0.126779854298,0.360598444939,0.001335453242,-0.020847011358,-0.047969538718,0.998630344868
1364,1413393953.205760478973,1413393954.205760478973,1,1,1,1,0,0,0,0.234537601471,-0.121712982655,0.339199662209,-0.012561088428,-0.025944212452,-0.053323756903,0.998161196709
1365,1413393953.255760431290,1413393954.255760431290,1,1,1,1,0,0,0,0.240045070648,-0.122047483921,0.316521823406,-0.026436256245,-0.032926082611,-0.059039793909,0.997362136841
1366,1413393953.305760622025,1413393954.305760622025,1,1,1,1,0,0,0,0.243035793304,-0.123990833759,0.291457176208,-0.037192877382,-0.040153101087,-0.067830219865,0.996194541454
1367,1413393953.355760335922,1413393954.355760335922,1,1,1,1,0,0,0,0.245580673218,-0.137895703316,0.276244461536,0.048783633858,0.049567777663,0.075808972120,-0.994694054127
1368,1413393953.405760526657,1413393954.405760526657,1,1,1,1,0,0,0,0.241094589233,-0.140352964401,0.260056436062,0.059511303902,0.060648925602,0.083605885506,-0.992869734764
1369,1413393953.455760478973,1413393954.455760478973,1,1,1,1,0,0,0,0.233095645905,-0.139506340027,0.247715473175,0.068096347153,0.073657996953,0.090292565525,-0.990850448608
1370,1413393953.505760431290,1413393954.505760431290,1,1,1,1,0,0,0,0.221817016602,-0.131786823273,0.240206360817,0.076295256615,0.089660972357,0.092314071953,-0.988745689392
1371,1413393953.555760383606,1413393954.555760383606,1,1,1,1,0,0,0,0.208753585815,-0.121491312981,0.238737046719,0.083401374519,0.108238428831,0.090994812548,-0.986432313919
1372,1413393953.605760574341,1413393954.605760574341,1,1,1,1,0,0,0,0.190878391266,-0.110234439373,0.239421248436,0.088598340750,0.128719657660,0.083588056266,-0.984172105789
1373,1413393953.655760288239,1413393954.655760288239,1,1,1,1,0,0,0,0.171093940735,-0.104176044464,0.246025800705,0.091567285359,0.147280707955,0.078150473535,-0.981741487980
1374,1413393953.705760478973,1413393954.705760478973,1,1,1,1,0,0,0,0.148443222046,-0.096868336201,0.255252450705,0.095543712378,0.163666591048,0.073822490871,-0.979099035263
1375,1413393953.755760431290,1413393954.755760431290,1,1,1,1,0,0,0,0.124905109406,-0.093753933907,0.268279194832,-0.099948354065,-0.176919728518,-0.070906929672,0.976566433907
1376,1413393953.805760622025,1413393954.805760622025,1,1,1,1,0,0,0,0.101603507996,-0.098369002342,0.285377502441,0.102883011103,0.186594501138,0.069721393287,-0.974544286728
1377,1413393953.855760335922,1413393954.855760335922,1,1,1,1,0,0,0,0.080027580261,-0.107319772243,0.309315115213,0.105452157557,0.192588061094,0.068953022361,-0.973157346249
1378,1413393953.905760526657,1413393954.905760526657,1,1,1,1,0,0,0,0.058358669281,-0.118892371655,0.334383755922,0.107125505805,0.194460943341,0.069622516632,-0.972554326057
1379,1413393953.955760478973,1413393954.955760478973,1,1,1,1,0,0,0,0.037741661072,-0.138480067253,0.364245742559,-0.101915910840,-0.193877339363,-0.069425709546,0.973244547844
1380,1413393954.005760431290,1413393955.005760431290,1,1,1,1,0,0,0,0.017455577850,-0.167737901211,0.396072506905,-0.085525549948,-0.191166579723,-0.068831212819,0.975398957729
1381,1413393954.055760383606,1413393955.055760383606,1,1,1,1,0,0,0,-0.002558231354,-0.199211239815,0.433704495430,-0.065204098821,-0.187824159861,-0.067899718881,0.977681040764
1382,1413393954.105760574341,1413393955.105760574341,1,1,1,1,0,0,0,-0.020547866821,-0.234849631786,0.470864892006,-0.044200681150,-0.183706983924,-0.069647625089,0.979513764381
1383,1413393954.155760288239,1413393955.155760288239,1,1,1,1,0,0,0,-0.037865638733,-0.274396032095,0.507098615170,0.021812854335,0.179575562477,0.070908248425,-0.980942904949
1384,1413393954.205760478973,1413393955.205760478973,1,1,1,1,0,0,0,-0.055273056030,-0.316606521606,0.546464025974,0.001437009778,0.175999894738,0.068899117410,-0.981974959373
1385,1413393954.255760431290,1413393955.255760431290,1,1,1,1,0,0,0,-0.067168235779,-0.358652204275,0.582766354084,-0.015651509166,0.172895029187,0.065400071442,-0.982641935349
1386,1413393954.305760622025,1413393955.305760622025,1,1,1,1,0,0,0,-0.075501918793,-0.397900849581,0.620551288128,0.029478540644,-0.169787183404,-0.060045044869,0.983208060265
1387,1413393954.355760335922,1413393955.355760335922,1,1,1,1,0,0,0,-0.082805156708,-0.434523522854,0.661409735680,0.039339289069,-0.166773170233,-0.057471733540,0.983532488346
1388,1413393954.405760526657,1413393955.405760526657,1,1,1,1,0,0,0,-0.083066940308,-0.466181278229,0.695004463196,-0.047120548785,0.163637891412,0.055679373443,-0.983820140362
1389,1413393954.455760478973,1413393955.455760478973,1,1,1,1,0,0,0,-0.077919006348,-0.496211707592,0.731078386307,-0.056969076395,0.161244466901,0.055565256625,-0.983700811863
1390,1413393954.505760431290,1413393955.505760431290,1,1,1,1,0,0,0,-0.068469047546,-0.523255467415,0.766119182110,-0.067829944193,0.161026149988,0.055312376469,-0.983061671257
1391,1413393954.555760383606,1413393955.555760383606,1,1,1,1,0,0,0,-0.054473400116,-0.548220753670,0.798973560333,0.080559559166,-0.162202239037,-0.056156005710,0.981859087944
1392,1413393954.605760574341,1413393955.605760574341,1,1,1,1,0,0,0,-0.039682388306,-0.566972255707,0.828993439674,0.093814820051,-0.163928359747,-0.061994884163,0.980042278767
1393,1413393954.655760288239,1413393955.655760288239,1,1,1,1,0,0,0,-0.024223804474,-0.577330470085,0.857318639755,0.103839524090,-0.166203811765,-0.070172876120,0.978094816208
1394,1413393954.705760478973,1413393955.705760478973,1,1,1,1,0,0,0,-0.008066654205,-0.581777691841,0.878889203072,-0.111624464393,0.166256830096,0.083551876247,-0.976175129414
1395,1413393954.755760431290,1413393955.755760431290,1,1,1,1,0,0,0,0.002022743225,-0.583358108997,0.898340225220,-0.116632491350,0.164899989963,0.100716345012,-0.974197626114
1396,1413393954.805760622025,1413393955.805760622025,1,1,1,1,0,0,0,0.008285522461,-0.576427936554,0.913626074791,-0.119454592466,0.162806883454,0.117929048836,-0.972274303436
1397,1413393954.855760335922,1413393955.855760335922,1,1,1,1,0,0,0,0.010151386261,-0.567778706551,0.925060510635,0.117274411023,-0.161231592298,-0.132363915443,0.970943272114
1398,1413393954.905760526657,1413393955.905760526657,1,1,1,1,0,0,0,0.007944583893,-0.554167389870,0.928364872932,-0.109476305544,0.163024663925,0.138420701027,-0.970709919930
1399,1413393954.955760478973,1413393955.955760478973,1,1,1,1,0,0,0,-0.002080917358,-0.533670544624,0.930795907974,-0.095820203424,0.170910805464,0.132294371724,-0.971651256084
1400,1413393955.005760431290,1413393956.005760431290,1,1,1,1,0,0,0,-0.017374515533,-0.501900970936,0.932695269585,-0.077048264444,0.181257322431,0.120880655944,-0.972932338715
1401,1413393955.055760383606,1413393956.055760383606,1,1,1,1,0,0,0,-0.033105850220,-0.462163895369,0.931238412857,-0.056823510677,0.192251861095,0.105926431715,-0.973955810070
1402,1413393955.105760574341,1413393956.105760574341,1,1,1,1,0,0,0,-0.049615383148,-0.425531655550,0.925133585930,-0.040700312704,0.201864838600,0.091887123883,-0.974243700504
1403,1413393955.155760288239,1413393956.155760288239,1,1,1,1,0,0,0,-0.065671920776,-0.391173422337,0.916592597961,-0.027373747900,0.210769787431,0.079979188740,-0.973873794079
1404,1413393955.205760478973,1413393956.205760478973,1,1,1,1,0,0,0,-0.081398487091,-0.360514074564,0.902914881706,-0.017151303589,0.217922300100,0.075508028269,-0.972889661789
1405,1413393955.255760431290,1413393956.255760431290,1,1,1,1,0,0,0,-0.095318317413,-0.335039108992,0.889230728149,-0.015359709039,0.223284170032,0.076328359544,-0.971638977528
1406,1413393955.305760622025,1413393956.305760622025,1,1,1,1,0,0,0,-0.108942508698,-0.310831576586,0.874948501587,-0.016953792423,0.228468224406,0.080838829279,-0.970041215420
1407,1413393955.355760335922,1413393956.355760335922,1,1,1,1,0,0,0,-0.119541168213,-0.297516673803,0.861816525459,0.022756109014,-0.234264597297,-0.083814978600,0.968285799026
1408,1413393955.405760526657,1413393956.405760526657,1,1,1,1,0,0,0,-0.128100872040,-0.283509522676,0.844362735748,-0.029714494944,0.239410445094,0.085716582835,-0.966670751572
1409,1413393955.455760478973,1413393956.455760478973,1,1,1,1,0,0,0,-0.133053302765,-0.260723143816,0.829466819763,-0.032537776977,0.244189873338,0.084507353604,-0.965490102768
1410,1413393955.505760431290,1413393956.505760431290,1,1,1,1,0,0,0,-0.134151458740,-0.232847958803,0.816086649895,-0.028822394088,0.247994080186,0.082045428455,-0.964850664139
1411,1413393955.555760383606,1413393956.555760383606,1,1,1,1,0,0,0,-0.135018348694,-0.205876976252,0.806735396385,-0.019592171535,0.250694185495,0.078306987882,-0.964695096016
1412,1413393955.605760574341,1413393956.605760574341,1,1,1,1,0,0,0,-0.132386684418,-0.179119527340,0.794354438782,-0.007983571850,0.253615409136,0.070155672729,-0.964724719524
1413,1413393955.655760288239,1413393956.655760288239,1,1,1,1,0,0,0,-0.130644798279,-0.160466417670,0.781192302704,0.003186071757,0.257214963436,0.061031103134,-0.964419782162
1414,1413393955.705760478973,1413393956.705760478973,1,1,1,1,0,0,0,-0.133264064789,-0.154719859362,0.765060067177,0.010117759928,0.263145714998,0.049351125956,-0.963439941406
1415,1413393955.755760431290,1413393956.755760431290,1,1,1,1,0,0,0,-0.135047912598,-0.157167568803,0.741852521896,0.014265962876,0.271813571453,0.036029357463,-0.961569428444
1416,1413393955.805760622025,1413393956.805760622025,1,1,1,1,0,0,0,-0.141988277435,-0.167566120625,0.726069808006,-0.013824152760,-0.282251864672,-0.023235529661,0.958959281445
1417,1413393955.855760335922,1413393956.855760335922,1,1,1,1,0,0,0,-0.148874282837,-0.187381118536,0.710042357445,-0.008872036822,-0.293742030859,-0.012614175677,0.955760300159
1418,1413393955.905760526657,1413393956.905760526657,1,1,1,1,0,0,0,-0.153038740158,-0.211029827595,0.694892168045,-0.000974963943,-0.304002553225,-0.011042387225,0.952606678009
1419,1413393955.955760478973,1413393956.955760478973,1,1,1,1,0,0,0,-0.149962425232,-0.231207996607,0.669929981232,0.004041703418,-0.310797095299,-0.021112531424,0.950233221054
1420,1413393956.005760431290,1413393957.005760431290,1,1,1,1,0,0,0,-0.149451255798,-0.242060303688,0.659681797028,-0.007771396078,0.315824180841,0.037986859679,-0.948025166988
1421,1413393956.055760383606,1413393957.055760383606,1,1,1,1,0,0,0,-0.146041870117,-0.248643547297,0.650953054428,-0.007763646077,0.320782333612,0.055846422911,-0.945473313332
1422,1413393956.105760574341,1413393957.105760574341,1,1,1,1,0,0,0,-0.140833377838,-0.251479417086,0.644601106644,0.006800136063,-0.325636982918,-0.075560867786,0.942446291447
1423,1413393956.155760288239,1413393957.155760288239,1,1,1,1,0,0,0,-0.133949041367,-0.255665957928,0.625756978989,0.005640008021,-0.330250710249,-0.092628613114,0.939320325851
1424,1413393956.205760478973,1413393957.205760478973,1,1,1,1,0,0,0,-0.124175310135,-0.255717098713,0.621320962906,0.004619196057,-0.336278617382,-0.105331480503,0.935842216015
1425,1413393956.255760431290,1413393957.255760431290,1,1,1,1,0,0,0,-0.113152265549,-0.246720418334,0.621707201004,0.000880589650,0.343909919262,0.111846663058,-0.932317376137
1426,1413393956.305760622025,1413393957.305760622025,1,1,1,1,0,0,0,-0.099227428436,-0.236586824059,0.620544195175,0.008373212069,0.352434098721,0.113611429930,-0.928876996040
1427,1413393956.355760335922,1413393957.355760335922,1,1,1,1,0,0,0,-0.082831859589,-0.227679327130,0.617023229599,-0.016255496070,-0.359835296869,-0.113401137292,0.925955951214
1428,1413393956.405760526657,1413393957.405760526657,1,1,1,1,0,0,0,-0.065546512604,-0.216318562627,0.617905378342,-0.022921752185,-0.366118609905,-0.111493587494,0.923580527306
1429,1413393956.455760478973,1413393957.455760478973,1,1,1,1,0,0,0,-0.047604799271,-0.205882489681,0.622118949890,-0.026494301856,-0.371623665094,-0.107986330986,0.921701073647
1430,1413393956.505760431290,1413393957.505760431290,1,1,1,1,0,0,0,-0.026170969009,-0.199273556471,0.618606090546,-0.026036437601,-0.373823732138,-0.106226213276,0.921028733253
1431,1413393956.555760383606,1413393957.555760383606,1,1,1,1,0,0,0,-0.003912448883,-0.197729408741,0.618451356888,0.022261789069,0.374728381634,0.105769969523,-0.920812547207
1432,1413393956.605760574341,1413393957.605760574341,1,1,1,1,0,0,0,0.019903898239,-0.197088271379,0.618325948715,0.015922173858,0.374895483255,0.106501176953,-0.920791804790
1433,1413393956.655760288239,1413393957.655760288239,1,1,1,1,0,0,0,0.046242475510,-0.192527458072,0.626938819885,-0.004752976354,-0.374490827322,-0.106159210205,0.921121239662
1434,1413393956.705760478973,1413393957.705760478973,1,1,1,1,0,0,0,0.072524785995,-0.193922355771,0.625171184540,0.010545451194,-0.374163568020,-0.107472337782,0.921053826809
1435,1413393956.755760431290,1413393957.755760431290,1,1,1,1,0,0,0,0.099340677261,-0.194092407823,0.624069690704,-0.025176145136,0.373707205057,0.110701486468,-0.920572817326
1436,1413393956.805760622025,1413393957.805760622025,1,1,1,1,0,0,0,0.127008676529,-0.186075419188,0.627435684204,-0.037128698081,0.371506124735,0.118107467890,-0.920138776302
1437,1413393956.855760335922,1413393957.855760335922,1,1,1,1,0,0,0,0.158504486084,-0.172244966030,0.632647752762,0.044222656637,-0.368272721767,-0.129796221852,0.919550120831
1438,1413393956.905760526657,1413393957.905760526657,1,1,1,1,0,0,0,0.189220428467,-0.156283527613,0.628811120987,0.047147627920,-0.362767875195,-0.143498629332,0.919556796551
1439,1413393956.955760478973,1413393957.955760478973,1,1,1,1,0,0,0,0.220419526100,-0.135785251856,0.622555255890,-0.047285124660,0.356267422438,0.159492418170,-0.919456243515
1440,1413393957.005760431290,1413393958.005760431290,1,1,1,1,0,0,0,0.248947620392,-0.117332160473,0.612648963928,-0.044115029275,0.348495572805,0.172098875046,-0.920318782330
1441,1413393957.055760383606,1413393958.055760383606,1,1,1,1,0,0,0,0.278243303299,-0.099473267794,0.602537393570,0.039599835873,-0.339328855276,-0.181465402246,0.922148704529
1442,1413393957.105760574341,1413393958.105760574341,1,1,1,1,0,0,0,0.301004290581,-0.084241330624,0.583005428314,0.036112964153,-0.329921245575,-0.181741580367,0.925644516945
1443,1413393957.155760288239,1413393958.155760288239,1,1,1,1,0,0,0,0.319654107094,-0.070632219315,0.559651374817,-0.032131075859,0.320212304592,0.176793590188,-0.930148243904
1444,1413393957.205760478973,1413393958.205760478973,1,1,1,1,0,0,0,0.332742691040,-0.059415549040,0.532576799393,-0.028530975804,0.308450341225,0.169900581241,-0.935509681702
1445,1413393957.255760431290,1413393958.255760431290,1,1,1,1,0,0,0,0.343294382095,-0.052926033735,0.502967357635,0.025632796809,-0.296302258968,-0.157831281424,0.941614210606
1446,1413393957.305760622025,1413393958.305760622025,1,1,1,1,0,0,0,0.348270058632,-0.048405915499,0.469980478287,0.021007107571,-0.282709836960,-0.143495827913,0.948178768158
1447,1413393957.355760335922,1413393958.355760335922,1,1,1,1,0,0,0,0.348558902740,-0.043897241354,0.436017036438,-0.015283276327,0.268926262856,0.125747427344,-0.954794585705
1448,1413393957.405760526657,1413393958.405760526657,1,1,1,1,0,0,0,0.345378220081,-0.040584564209,0.403311252594,0.008551251143,-0.254076153040,-0.110513255000,0.960811734200
1449,1413393957.455760478973,1413393958.455760478973,1,1,1,1,0,0,0,0.338760137558,-0.032159030437,0.371245384216,-0.000661902886,0.238021552563,0.097481273115,-0.966355383396
1450,1413393957.505760431290,1413393958.505760431290,1,1,1,1,0,0,0,0.328975737095,-0.022973328829,0.339847087860,-0.009171285667,-0.221927136183,-0.086285166442,0.971194684505
1451,1413393957.555760383606,1413393958.555760383606,1,1,1,1,0,0,0,0.320643991232,-0.015447825193,0.304637908936,-0.020806495100,-0.204739958048,-0.077638968825,0.975510597229
1452,1413393957.605760574341,1413393958.605760574341,1,1,1,1,0,0,0,0.307997792959,-0.006702125072,0.276318073273,-0.033295881003,-0.186667010188,-0.069544129074,0.979392945766
1453,1413393957.655760288239,1413393958.655760288239,1,1,1,1,0,0,0,0.293978691101,0.001899704337,0.250602483749,-0.047110166401,-0.167814746499,-0.062377292663,0.982714593410
1454,1413393957.705760478973,1413393958.705760478973,1,1,1,1,0,0,0,0.282201766968,0.010599344969,0.220218181610,-0.061051331460,-0.149208143353,-0.053571883589,0.985464274883
1455,1413393957.755760431290,1413393958.755760431290,1,1,1,1,0,0,0,0.264554589987,0.015457443893,0.202775239944,-0.066911086440,-0.130010470748,-0.043851122260,0.988279938698
1456,1413393957.805760622025,1413393958.805760622025,1,1,1,1,0,0,0,0.244667232037,0.018076315522,0.190100908279,-0.064959019423,-0.112027548254,-0.030842417851,0.991099834442
1457,1413393957.855760335922,1413393958.855760335922,1,1,1,1,0,0,0,0.224415957928,0.016969960183,0.184713363647,-0.057725638151,-0.094370357692,-0.016903925687,0.993718445301
1458,1413393957.905760526657,1413393958.905760526657,1,1,1,1,0,0,0,0.203631758690,0.016365695745,0.183172464371,-0.048118799925,-0.078191570938,-0.002616142621,0.995772957802
1459,1413393957.955760478973,1413393958.955760478973,1,1,1,1,0,0,0,0.183043122292,0.015994101763,0.187199592590,-0.037791159004,-0.063554711640,0.014308064245,0.997159957886
1460,1413393958.005760431290,1413393959.005760431290,1,1,1,1,0,0,0,0.162538290024,0.014067247510,0.196796417236,-0.024742236361,-0.051296785474,0.030883699656,0.997899115086
1461,1413393958.055760383606,1413393959.055760383606,1,1,1,1,0,0,0,0.144960045815,0.009273171425,0.208839416504,-0.011826852337,-0.041631776839,0.048579812050,0.997881293297
1462,1413393958.105760574341,1413393959.105760574341,1,1,1,1,0,0,0,0.129283785820,0.015156060457,0.230462551117,0.000439707859,-0.033510304987,0.063239999115,0.997435510159
1463,1413393958.155760288239,1413393959.155760288239,1,1,1,1,0,0,0,0.117613732815,0.024827927351,0.246858119965,0.012856332585,-0.025604113936,0.072441659868,0.996961057186
1464,1413393958.205760478973,1413393959.205760478973,1,1,1,1,0,0,0,0.109444975853,0.040052965283,0.263004541397,0.022798338905,-0.017669668421,0.075368523598,0.996738493443
1465,1413393958.255760431290,1413393959.255760431290,1,1,1,1,0,0,0,0.106662273407,0.060453385115,0.277678489685,0.028262099251,-0.007531169802,0.067153416574,0.997313916683
1466,1413393958.305760622025,1413393959.305760622025,1,1,1,1,0,0,0,0.111081361771,0.076637417078,0.300927639008,0.028001762927,0.001447603689,0.055130664259,0.998085379601
1467,1413393958.355760335922,1413393959.355760335922,1,1,1,1,0,0,0,0.116910219193,0.101470321417,0.313981533051,0.025208827108,0.009807928465,0.040080312639,0.998830258846
1468,1413393958.405760526657,1413393959.405760526657,1,1,1,1,0,0,0,0.124054074287,0.123338758945,0.326045513153,0.024303771555,0.016035215929,0.027750467882,0.999190807343
1469,1413393958.455760478973,1413393959.455760478973,1,1,1,1,0,0,0,0.131411314011,0.141885995865,0.336611986160,0.023885346949,0.020417887717,0.019353438169,0.999318838120
1470,1413393958.505760431290,1413393959.505760431290,1,1,1,1,0,0,0,0.138873100281,0.154220163822,0.348051309586,0.029716180637,0.024039575830,0.011918054894,0.999198138714
1471,1413393958.555760383606,1413393959.555760383606,1,1,1,1,0,0,0,0.144293427467,0.152381867170,0.374686002731,0.038915503770,0.025657780468,0.007445926312,0.998885333538
1472,1413393958.605760574341,1413393959.605760574341,1,1,1,1,0,0,0,0.146541237831,0.158339858055,0.384122371674,0.059687905014,0.026944104582,0.003819748294,0.997846066952
1473,1413393958.655760288239,1413393959.655760288239,1,1,1,1,0,0,0,0.150030970573,0.155645668507,0.388721942902,0.084150403738,0.027578698471,0.000954896910,0.996070921421
1474,1413393958.705760478973,1413393959.705760478973,1,1,1,1,0,0,0,0.151333212852,0.152728080750,0.384947061539,0.104018762708,0.027156971395,0.000632706680,0.994204282761
1475,1413393958.755760431290,1413393959.755760431290,1,1,1,1,0,0,0,0.152288496494,0.155246078968,0.375349521637,0.113868564367,0.026606379077,-0.000347537862,0.993139445782
1476,1413393958.805760622025,1413393959.805760622025,1,1,1,1,0,0,0,0.152109980583,0.163864791393,0.359001874924,0.106272868812,0.025601120666,-0.000889858580,0.994006991386
1477,1413393958.855760335922,1413393959.855760335922,1,1,1,1,0,0,0,0.149946272373,0.174891233444,0.347485303879,0.084292232990,0.023585462943,0.000404870807,0.996161878109
1478,1413393958.905760526657,1413393959.905760526657,1,1,1,1,0,0,0,0.148589372635,0.183625131845,0.320189237595,0.061121802777,0.022186279297,0.000812616898,0.997883379459
1479,1413393958.955760478973,1413393959.955760478973,1,1,1,1,0,0,0,0.147878170013,0.196382910013,0.282399892807,0.039601020515,0.021205477417,-0.000975155795,0.998990058899
1480,1413393959.005760431290,1413393960.005760431290,1,1,1,1,0,0,0,0.149292826653,0.198194324970,0.247638940811,0.019079666585,0.020480932668,-0.004009574652,0.999600112438
1481,1413393959.055760383606,1413393960.055760383606,1,1,1,1,0,0,0,0.151704251766,0.191822499037,0.212409257889,0.000388116692,0.021317644045,-0.011759676039,0.999703526497
1482,1413393959.105760574341,1413393960.105760574341,1,1,1,1,0,0,0,0.154323518276,0.184048682451,0.176721334457,-0.016434142366,0.022900167853,-0.021270880476,0.999376356602
1483,1413393959.155760288239,1413393960.155760288239,1,1,1,1,0,0,0,0.154447019100,0.176108837128,0.142628908157,-0.035094905645,0.024016629905,-0.029063828290,0.998672604561
1484,1413393959.205760478973,1413393960.205760478973,1,1,1,1,0,0,0,0.149735927582,0.173347592354,0.102787256241,-0.052766431123,0.024002773687,-0.031290553510,0.997827887535
1485,1413393959.255760431290,1413393960.255760431290,1,1,1,1,0,0,0,0.140703976154,0.166374444962,0.076331853867,-0.071547016501,0.020904736593,-0.027431510389,0.996840834618
1486,1413393959.305760622025,1413393960.305760622025,1,1,1,1,0,0,0,0.130409479141,0.155486196280,0.054957866669,-0.078938104212,0.017849735916,-0.023257307708,0.996448397636
1487,1413393959.355760335922,1413393960.355760335922,1,1,1,1,0,0,0,0.119107663631,0.145786881447,0.040514945984,-0.076500333846,0.014482845552,-0.018609192222,0.996790707111
1488,1413393959.405760526657,1413393960.405760526657,1,1,1,1,0,0,0,0.107245385647,0.131303966045,0.027002573013,-0.064900428057,0.010278508998,-0.015834821388,0.997713208199
1489,1413393959.455760478973,1413393960.455760478973,1,1,1,1,0,0,0,0.095537602901,0.119368791580,0.008237123489,-0.050603955984,0.004956229124,-0.014696846716,0.998598396778
1490,1413393959.505760431290,1413393960.505760431290,1,1,1,1,0,0,0,0.082042932510,0.108332246542,0.000060796738,-0.039896946400,-0.002942642197,-0.013833317906,0.999103724957
1491,1413393959.555760383606,1413393960.555760383606,1,1,1,1,0,0,0,0.068471968174,0.102946490049,-0.006949424744,-0.034641910344,-0.012268282473,-0.015344334766,0.999206721783
1492,1413393959.605760574341,1413393960.605760574341,1,1,1,1,0,0,0,0.054053306580,0.104928210378,-0.012529611588,-0.040747635067,-0.024652943015,-0.017183126882,0.998717427254
1493,1413393959.655760288239,1413393960.655760288239,1,1,1,1,0,0,0,0.038678228855,0.114101648331,-0.016262054443,-0.053426370025,-0.039344433695,-0.018674485385,0.997621595860
1494,1413393959.705760478973,1413393960.705760478973,1,1,1,1,0,0,0,0.023616731167,0.129289269447,-0.016491174698,-0.065316766500,-0.054743520916,-0.022453390062,0.996108829975
1495,1413393959.755760431290,1413393960.755760431290,1,1,1,1,0,0,0,0.009368479252,0.146418988705,-0.019127130508,-0.075715154409,-0.071302011609,-0.025770217180,0.994243085384
1496,1413393959.805760622025,1413393960.805760622025,1,1,1,1,0,0,0,-0.006023943424,0.170427665114,-0.006975889206,-0.074883796275,-0.088504210114,-0.028794676065,0.992839515209
1497,1413393959.855760335922,1413393960.855760335922,1,1,1,1,0,0,0,-0.020965874195,0.192661970854,0.011510372162,-0.068435750902,-0.102518960834,-0.034819129854,0.991763114929
1498,1413393959.905760526657,1413393960.905760526657,1,1,1,1,0,0,0,-0.036813914776,0.213575854897,0.035338878632,-0.063938006759,-0.115125186741,-0.039808083326,0.990491569042
1499,1413393959.955760478973,1413393960.955760478973,1,1,1,1,0,0,0,-0.052043139935,0.231925934553,0.066208600998,-0.056965537369,-0.126898527145,-0.040108401328,0.989466011524
1500,1413393960.005760431290,1413393961.005760431290,1,1,1,1,0,0,0,-0.067556440830,0.244563758373,0.097433328629,-0.051350884140,-0.135738939047,-0.041265107691,0.988552153111
1501,1413393960.055760383606,1413393961.055760383606,1,1,1,1,0,0,0,-0.082380294800,0.253092169762,0.130287408829,-0.042101956904,-0.142616286874,-0.043414566666,0.987928748131
1502,1413393960.105760574341,1413393961.105760574341,1,1,1,1,0,0,0,-0.097609758377,0.257325291634,0.168832540512,-0.027125872672,-0.147325217724,-0.045752327889,0.987656950951
1503,1413393960.155760288239,1413393961.155760288239,1,1,1,1,0,0,0,-0.111419260502,0.256526947021,0.203659772873,-0.007296650205,-0.149790585041,-0.048261564225,0.987512230873
1504,1413393960.205760478973,1413393961.205760478973,1,1,1,1,0,0,0,-0.124809503555,0.249216139317,0.237322092056,0.016905093566,-0.152559831738,-0.047384705395,0.987012863159
1505,1413393960.255760431290,1413393961.255760431290,1,1,1,1,0,0,0,-0.137550175190,0.229182660580,0.264113187790,0.053648747504,-0.155948236585,-0.039220698178,0.985527157784
1506,1413393960.305760622025,1413393961.305760622025,1,1,1,1,0,0,0,-0.153111994267,0.205712080002,0.295361518860,0.086046710610,-0.160163119435,-0.028301559389,0.982925653458
1507,1413393960.355760335922,1413393961.355760335922,1,1,1,1,0,0,0,-0.162604928017,0.193011462688,0.314369678497,0.115403756499,-0.164762318134,-0.014227065258,0.979455411434
1508,1413393960.405760526657,1413393961.405760526657,1,1,1,1,0,0,0,-0.167233347893,0.183437824249,0.323578357697,0.130833208561,-0.166110977530,-0.003533723764,0.977382898331
1509,1413393960.455760478973,1413393961.455760478973,1,1,1,1,0,0,0,-0.166970789433,0.179563760757,0.327348470688,0.134791493416,-0.162876084447,0.001525158063,0.977394700050
1510,1413393960.505760431290,1413393961.505760431290,1,1,1,1,0,0,0,-0.159118115902,0.166046023369,0.324825525284,0.120301589370,-0.155257821083,-0.000651129463,0.980521380901
1511,1413393960.555760383606,1413393961.555760383606,1,1,1,1,0,0,0,-0.147219300270,0.155197560787,0.317204475403,0.103783510625,-0.142757132649,-0.007998857647,0.984269022942
1512,1413393960.605760574341,1413393961.605760574341,1,1,1,1,0,0,0,-0.130443453789,0.138032019138,0.301826477051,0.082079567015,-0.128400608897,-0.013569092378,0.988226771355
1513,1413393960.655760288239,1413393961.655760288239,1,1,1,1,0,0,0,-0.110758721828,0.110252797604,0.281021356583,0.058570317924,-0.111798249185,-0.019478416070,0.991812169552
1514,1413393960.705760478973,1413393961.705760478973,1,1,1,1,0,0,0,-0.090388655663,0.062955796719,0.242199182510,0.042295366526,-0.094348095357,-0.021499192342,0.994408011436
1515,1413393960.755760431290,1413393961.755760431290,1,1,1,1,0,0,0,-0.069448351860,0.011944234371,0.212256431580,0.038817297667,-0.077343098819,-0.020743213594,0.996032655239
1516,1413393960.805760622025,1413393961.805760622025,1,1,1,1,0,0,0,-0.048127532005,-0.045157909393,0.178759098053,0.033309586346,-0.060381062329,-0.017732415348,0.997461855412
1517,1413393960.855760335922,1413393961.855760335922,1,1,1,1,0,0,0,-0.029808402061,-0.114112913609,0.123773336411,0.033773999661,-0.045038480312,-0.015327988192,0.998296499252
1518,1413393960.905760526657,1413393961.905760526657,1,1,1,1,0,0,0,-0.013427734375,-0.179778456688,0.076478004456,0.036990545690,-0.031788561493,-0.012867605314,0.998727023602
1519,1413393960.955760478973,1413393961.955760478973,1,1,1,1,0,0,0,-0.001223087311,-0.242944955826,0.024505853653,0.039052769542,-0.019607486203,-0.014524922706,0.998939156532
1520,1413393961.005760431290,1413393962.005760431290,1,1,1,1,0,0,0,0.006188869476,-0.295068562031,-0.030452251434,0.040029227734,-0.009749035351,-0.016099043190,0.999021291733
1521,1413393961.055760383606,1413393962.055760383606,1,1,1,1,0,0,0,0.014051437378,-0.352213799953,-0.101801633835,0.035822167993,-0.002959589474,-0.014767012559,0.999244689941
1522,1413393961.105760574341,1413393962.105760574341,1,1,1,1,0,0,0,0.019981026649,-0.413608610630,-0.155174016953,0.024908039719,0.001155684935,-0.012918326072,0.999605655670
1523,1413393961.155760288239,1413393962.155760288239,1,1,1,1,0,0,0,0.025191903114,-0.476895570755,-0.203828096390,0.009377188049,0.003150404897,-0.009401596151,0.999906897545
1524,1413393961.205760478973,1413393962.205760478973,1,1,1,1,0,0,0,0.025467395782,-0.530332028866,-0.257973194122,-0.008734663948,0.004720229190,-0.009094524197,0.999909400940
1525,1413393961.255760431290,1413393962.255760431290,1,1,1,1,0,0,0,0.017364382744,-0.601496517658,-0.281396150589,-0.038125835359,0.006849344820,-0.015895739198,0.999123096466
1526,1413393961.305760622025,1413393962.305760622025,1,1,1,1,0,0,0,0.005191564560,-0.673598051071,-0.301608324051,-0.069940857589,0.009819542058,-0.024449655786,0.997203171253
1527,1413393961.355760335922,1413393962.355760335922,1,1,1,1,0,0,0,-0.014733195305,-0.749435365200,-0.298781394958,-0.107287488878,0.013327328488,-0.035328689963,0.993510782719
1528,1413393961.405760526657,1413393962.405760526657,1,1,1,1,0,0,0,-0.029564857483,-0.812888860703,-0.289290904999,-0.140982329845,0.015535911545,-0.041082069278,0.989037394524
1529,1413393961.455760478973,1413393962.455760478973,1,1,1,1,0,0,0,-0.039793968201,-0.865163445473,-0.298995018005,-0.167875424027,0.017414852977,-0.041692264378,0.984772264957
1530,1413393961.505760431290,1413393962.505760431290,1,1,1,1,0,0,0,-0.040475964546,-0.904974281788,-0.322759866714,-0.176107123494,0.019255764782,-0.036419235170,0.983508586884
1531,1413393961.555760383606,1413393962.555760383606,1,1,1,1,0,0,0,-0.032195091248,-0.926419615746,-0.352261543274,0.176182657480,-0.020968571305,0.026269696653,-0.983783483505
1532,1413393961.605760574341,1413393962.605760574341,1,1,1,1,0,0,0,-0.025962591171,-0.936559736729,-0.365049600601,0.165342390537,-0.025651767850,0.018596954644,-0.985727190971
1533,1413393961.655760288239,1413393962.655760288239,1,1,1,1,0,0,0,-0.019157648087,-0.943555593491,-0.390102624893,0.147589698434,-0.033582374454,0.012062836438,-0.988404750824
1534,1413393961.705760478973,1413393962.705760478973,1,1,1,1,0,0,0,-0.017443180084,-0.944911956787,-0.399667501450,0.131547287107,-0.045547191054,0.009047993459,-0.990221679211
1535,1413393961.755760431290,1413393962.755760431290,1,1,1,1,0,0,0,-0.018677473068,-0.950798392296,-0.372115373611,0.120112352073,-0.060146208853,0.007192806806,-0.990910530090
1536,1413393961.805760622025,1413393962.805760622025,1,1,1,1,0,0,0,-0.025704264641,-0.946081399918,-0.349436998367,0.102533213794,-0.078352324665,0.009062018245,-0.991597592831
1537,1413393961.855760335922,1413393962.855760335922,1,1,1,1,0,0,0,-0.034432172775,-0.943668842316,-0.318854570389,-0.085487470031,0.098996788263,-0.010948230512,0.991348385811
1538,1413393961.905760526657,1413393962.905760526657,1,1,1,1,0,0,0,-0.044847965240,-0.935114800930,-0.285498619080,-0.065869435668,0.120664730668,-0.012693539262,0.990424275398
1539,1413393961.955760478973,1413393962.955760478973,1,1,1,1,0,0,0,-0.057182431221,-0.930751919746,-0.232460498810,-0.049573823810,0.143464162946,-0.011826540343,0.988342344761
1540,1413393962.005760431290,1413393963.005760431290,1,1,1,1,0,0,0,-0.072139739990,-0.918310284615,-0.190425157547,-0.034447211772,0.166301742196,-0.008214709349,0.985438823700
1541,1413393962.055760383606,1413393963.055760383606,1,1,1,1,0,0,0,-0.093893051147,-0.893661975861,-0.137501239777,-0.019652599469,0.189705982804,-0.003079685615,0.981639504433
1542,1413393962.105760574341,1413393963.105760574341,1,1,1,1,0,0,0,-0.112815856934,-0.873025298119,-0.080144643784,-0.006175179966,0.212806478143,0.003392352490,0.977069020271
1543,1413393962.155760288239,1413393963.155760288239,1,1,1,1,0,0,0,-0.137196779251,-0.846746981144,-0.028284311295,0.007792933844,0.234470903873,0.012181243859,0.972015559673
1544,1413393962.205760478973,1413393963.205760478973,1,1,1,1,0,0,0,-0.163456916809,-0.818759262562,0.033529281616,0.020336663350,0.254193037748,0.025963811204,0.966591000557
1545,1413393962.255760431290,1413393963.255760431290,1,1,1,1,0,0,0,-0.194150328636,-0.780361592770,0.096216440201,0.032486956567,0.272720664740,0.041632987559,0.960642874241
1546,1413393962.305760622025,1413393963.305760622025,1,1,1,1,0,0,0,-0.225721001625,-0.742195665836,0.157216310501,0.043025709689,0.289816349745,0.056997116655,0.954414367676
1547,1413393962.355760335922,1413393963.355760335922,1,1,1,1,0,0,0,-0.256835937500,-0.714592695236,0.215491771698,0.054092466831,0.306906074286,0.072656378150,0.947419524193
1548,1413393962.405760526657,1413393963.405760526657,1,1,1,1,0,0,0,-0.288338780403,-0.678317964077,0.268495559692,0.064480148256,0.322960168123,0.088227093220,0.940082490444
1549,1413393962.455760478973,1413393963.455760478973,1,1,1,1,0,0,0,-0.324075460434,-0.654640972614,0.314606189728,0.075933009386,0.337407231331,0.103174611926,0.932601511478
1550,1413393962.505760431290,1413393963.505760431290,1,1,1,1,0,0,0,-0.364515900612,-0.631058454514,0.355786561966,0.088177062571,0.348597645760,0.118223533034,0.925595819950
1551,1413393962.555760383606,1413393963.555760383606,1,1,1,1,0,0,0,-0.409629702568,-0.603186488152,0.393603086472,-0.098699666560,-0.356564164162,-0.131198585033,-0.919732213020
1552,1413393962.605760574341,1413393963.605760574341,1,1,1,1,0,0,0,-0.459327340126,-0.585656404495,0.427891016006,0.105132415891,0.362427562475,0.142122864723,0.915092706680
1553,1413393962.655760288239,1413393963.655760288239,1,1,1,1,0,0,0,-0.512201428413,-0.556084990501,0.460167169571,0.106024824083,0.365517735481,0.150773286819,0.912372231483
1554,1413393962.705760478973,1413393963.705760478973,1,1,1,1,0,0,0,-0.571840405464,-0.525751531124,0.484921455383,0.101125724614,0.366658389568,0.157368600368,0.911356389523
1555,1413393962.755760431290,1413393963.755760431290,1,1,1,1,0,0,0,-0.636799097061,-0.479325860739,0.506136417389,0.090836144984,0.366849809885,0.160199701786,0.911869585514
1556,1413393962.805760622025,1413393963.805760622025,1,1,1,1,0,0,0,-0.705137133598,-0.434582710266,0.514580726624,-0.075526997447,-0.365338176489,-0.161688953638,-0.913608491421
1557,1413393962.855760335922,1413393963.855760335922,1,1,1,1,0,0,0,-0.777875065804,-0.381517052650,0.512123584747,0.058334466070,0.361200779676,0.163016512990,0.916273295879
1558,1413393962.905760526657,1413393963.905760526657,1,1,1,1,0,0,0,-0.851687788963,-0.326428622007,0.497374296188,-0.038519352674,-0.356517076492,-0.162979066372,-0.919157087803
1559,1413393962.955760478973,1413393963.955760478973,1,1,1,1,0,0,0,-0.926446676254,-0.269967585802,0.470649480820,-0.019697455689,-0.350653886795,-0.161412581801,-0.922279655933
1560,1413393963.005760431290,1413393964.005760431290,1,1,1,1,0,0,0,-0.998516023159,-0.209639459848,0.433213233948,-0.003964726347,-0.343786329031,-0.158550366759,-0.925557672977
1561,1413393963.055760383606,1413393964.055760383606,1,1,1,1,0,0,0,-1.065330028534,-0.147577136755,0.387278079987,0.008548709564,-0.337232500315,-0.154054626822,-0.928691804409
1562,1413393963.105760574341,1413393964.105760574341,1,1,1,1,0,0,0,-1.127469778061,-0.083234667778,0.336682796478,0.019196683541,-0.330441534519,-0.150222405791,-0.931597054005
1563,1413393963.155760288239,1413393964.155760288239,1,1,1,1,0,0,0,-1.182505249977,-0.017627894878,0.280694484711,0.026391183957,-0.323936760426,-0.146647557616,-0.934271395206
1564,1413393963.205760478973,1413393964.205760478973,1,1,1,1,0,0,0,-1.227786779404,0.062188565731,0.226022005081,0.028498899192,-0.318959444761,-0.140545457602,-0.936856210232
1565,1413393963.255760431290,1413393964.255760431290,1,1,1,1,0,0,0,-1.263341903687,0.147319912910,0.174252986908,0.030210733414,-0.314711838961,-0.134509161115,-0.939122557640
1566,1413393963.305760622025,1413393964.305760622025,1,1,1,1,0,0,0,-1.292035937309,0.222169458866,0.116342306137,0.031488768756,-0.309807747602,-0.130887553096,-0.941220581532
1567,1413393963.355760335922,1413393964.355760335922,1,1,1,1,0,0,0,-1.313204526901,0.293073236942,0.054998397827,0.032895516604,-0.304097682238,-0.126695513725,-0.943605184555
1568,1413393963.405760526657,1413393964.405760526657,1,1,1,1,0,0,0,-1.327288746834,0.352682590485,-0.000744342804,0.032429799438,-0.298220247030,-0.125999405980,-0.945588290691
1569,1413393963.455760478973,1413393964.455760478973,1,1,1,1,0,0,0,-1.338909626007,0.400487542152,-0.064399003983,0.031528074294,-0.291381180286,-0.126224741340,-0.947718501091
1570,1413393963.505760431290,1413393964.505760431290,1,1,1,1,0,0,0,-1.343021154404,0.452145636082,-0.124992132187,0.030872019008,-0.285412609577,-0.125117659569,-0.949701130390
1571,1413393963.555760383606,1413393964.555760383606,1,1,1,1,0,0,0,-1.342763543129,0.494223535061,-0.184273719788,0.028387703001,-0.280003428459,-0.125453576446,-0.951343119144
1572,1413393963.605760574341,1413393964.605760574341,1,1,1,1,0,0,0,-1.339597940445,0.535274267197,-0.239317178726,0.027989469469,-0.274672746658,-0.126750379801,-0.952735960484
1573,1413393963.655760288239,1413393964.655760288239,1,1,1,1,0,0,0,-1.331346035004,0.564316630363,-0.298763036728,0.027439469472,-0.269685953856,-0.129386544228,-0.953821659088
1574,1413393963.705760478973,1413393964.705760478973,1,1,1,1,0,0,0,-1.316465258598,0.590816855431,-0.355371236801,0.026280893013,-0.265764743090,-0.130460500717,-0.954808056355
1575,1413393963.755760431290,1413393964.755760431290,1,1,1,1,0,0,0,-1.299088716507,0.606027066708,-0.418154239655,0.027639154345,-0.260778963566,-0.135090023279,-0.955500423908
1576,1413393963.805760622025,1413393964.805760622025,1,1,1,1,0,0,0,-1.278809666634,0.618505299091,-0.476133108139,-0.030948817730,0.255251526833,0.141666173935,0.955939054489
1577,1413393963.855760335922,1413393964.855760335922,1,1,1,1,0,0,0,-1.250326633453,0.626714468002,-0.528825521469,0.035091068596,-0.249464601278,-0.147668346763,-0.956415235996
1578,1413393963.905760526657,1413393964.905760526657,1,1,1,1,0,0,0,-1.219413995743,0.634736955166,-0.579866409302,0.040829561651,-0.243785768747,-0.155551746488,-0.956402182579
1579,1413393963.955760478973,1413393964.955760478973,1,1,1,1,0,0,0,-1.182883143425,0.639803051949,-0.628213644028,-0.048723869026,0.236075311899,0.166298046708,0.956158638000
1580,1413393964.005760431290,1413393965.005760431290,1,1,1,1,0,0,0,-1.137933969498,0.644858777523,-0.673895597458,0.056230597198,-0.227459236979,-0.180300548673,-0.955296874046
1581,1413393964.055760383606,1413393965.055760383606,1,1,1,1,0,0,0,-1.086188554764,0.647322475910,-0.716722488403,0.064188636839,-0.219014629722,-0.194198653102,-0.954043626785
1582,1413393964.105760574341,1413393965.105760574341,1,1,1,1,0,0,0,-1.024169445038,0.648267507553,-0.757710456848,-0.073419235647,0.210537075996,0.207483083010,0.952488660812
1583,1413393964.155760288239,1413393965.155760288239,1,1,1,1,0,0,0,-0.949435651302,0.651267826557,-0.795869827271,0.080679759383,-0.204479306936,-0.215454414487,-0.951450645924
1584,1413393964.205760478973,1413393965.205760478973,1,1,1,1,0,0,0,-0.861918985844,0.653473436832,-0.826770305634,0.089106447995,-0.200746089220,-0.216464802623,-0.951264500618
1585,1413393964.255760431290,1413393965.255760431290,1,1,1,1,0,0,0,-0.766227602959,0.654235422611,-0.849859952927,-0.100207306445,0.198853909969,0.209475234151,0.952121794224
1586,1413393964.305760622025,1413393965.305760622025,1,1,1,1,0,0,0,-0.662733495235,0.652997612953,-0.867201328278,0.109134033322,-0.197721511126,-0.195881441236,-0.954267561436
1587,1413393964.355760335922,1413393965.355760335922,1,1,1,1,0,0,0,-0.552867114544,0.643015027046,-0.872421026230,0.119239702821,-0.196853950620,-0.176488310099,-0.957017362118
1588,1413393964.405760526657,1413393965.405760526657,1,1,1,1,0,0,0,-0.438910543919,0.629115581512,-0.871455669403,-0.126086816192,0.197346657515,0.146524369717,0.961086452007
1589,1413393964.455760478973,1413393965.455760478973,1,1,1,1,0,0,0,-0.323615908623,0.605934381485,-0.863113403320,0.130130976439,-0.197956293821,-0.112154267728,-0.965039193630
1590,1413393964.505760431290,1413393965.505760431290,1,1,1,1,0,0,0,-0.209906458855,0.579269289970,-0.840190172195,0.128781840205,-0.198924660683,-0.071039132774,-0.968915760517
1591,1413393964.555760383606,1413393965.555760383606,1,1,1,1,0,0,0,-0.095449447632,0.543226480484,-0.810178995132,0.127085968852,-0.199347570539,-0.027452727780,-0.971265256405
1592,1413393964.605760574341,1413393965.605760574341,1,1,1,1,0,0,0,0.013164401054,0.500745177269,-0.771573066711,0.121044665575,-0.197512611747,0.009615291841,-0.972751021385
1593,1413393964.655760288239,1413393965.655760288239,1,1,1,1,0,0,0,0.115943074226,0.450336039066,-0.715951919556,0.114497572184,-0.193815290928,0.041113764048,-0.973465740681
1594,1413393964.705760478973,1413393965.705760478973,1,1,1,1,0,0,0,0.206121802330,0.393904894590,-0.655940771103,-0.104885257781,0.185882657766,-0.059460636228,0.975146710873
1595,1413393964.755760431290,1413393965.755760431290,1,1,1,1,0,0,0,0.283957242966,0.335681021214,-0.586378335953,0.089259773493,-0.175187289715,0.064957380295,-0.978326439857
1596,1413393964.805760622025,1413393965.805760622025,1,1,1,1,0,0,0,0.350627422333,0.271051257849,-0.501954793930,0.066520921886,-0.163232520223,0.067687228322,-0.982012569904
1597,1413393964.855760335922,1413393965.855760335922,1,1,1,1,0,0,0,0.405472517014,0.210239276290,-0.415201425552,-0.039706524462,0.150090992451,-0.067529655993,0.985563755035
1598,1413393964.905760526657,1413393965.905760526657,1,1,1,1,0,0,0,0.449464559555,0.151036128402,-0.326198577881,0.016662422568,-0.138115987182,0.072125509381,-0.987645804882
1599,1413393964.955760478973,1413393965.955760478973,1,1,1,1,0,0,0,0.484080433846,0.093172013760,-0.232367515564,-0.005691326223,-0.130201473832,0.085274480283,-0.987797319889
1600,1413393965.005760431290,1413393966.005760431290,1,1,1,1,0,0,0,0.507954597473,0.030815809965,-0.140411853790,0.026214417070,0.124651387334,-0.104349508882,0.986349821091
1601,1413393965.055760383606,1413393966.055760383606,1,1,1,1,0,0,0,0.518224120140,-0.035406738520,-0.051313161850,0.043561242521,0.119029961526,-0.123269192874,0.984245419502
1602,1413393965.105760574341,1413393966.105760574341,1,1,1,1,0,0,0,0.511166810989,-0.105553746223,0.029557704926,-0.060235846788,-0.110894165933,0.135542646050,-0.982701599598
1603,1413393965.155760288239,1413393966.155760288239,1,1,1,1,0,0,0,0.489902734756,-0.175112545490,0.106871128082,-0.072150230408,-0.101139150560,0.143426880240,-0.981831908226
1604,1413393965.205760478973,1413393966.205760478973,1,1,1,1,0,0,0,0.454198837280,-0.240475893021,0.179290771484,0.083586193621,0.090562991798,-0.148476332426,0.981206655502
1605,1413393965.255760431290,1413393966.255760431290,1,1,1,1,0,0,0,0.406683921814,-0.297979950905,0.241369962692,-0.095653973520,-0.078764140606,0.147985115647,-0.981196761131
1606,1413393965.305760622025,1413393966.305760622025,1,1,1,1,0,0,0,0.350127220154,-0.350436747074,0.293585300446,-0.105319485068,-0.070261657238,0.148959249258,-0.980705022812
1607,1413393965.355760335922,1413393966.355760335922,1,1,1,1,0,0,0,0.288876771927,-0.397194147110,0.343204021454,0.117090173066,0.062142077833,-0.145178064704,0.980485379696
1608,1413393965.405760526657,1413393966.405760526657,1,1,1,1,0,0,0,0.225830316544,-0.437256574631,0.384416341782,-0.129555612803,-0.053118925542,0.134176984429,-0.981014907360
1609,1413393965.455760478973,1413393966.455760478973,1,1,1,1,0,0,0,0.160375833511,-0.474583745003,0.418597459793,-0.140008494258,-0.041932236403,0.112437143922,-0.982851624489
1610,1413393965.505760431290,1413393966.505760431290,1,1,1,1,0,0,0,0.097391128540,-0.508285522461,0.448012590408,0.147031188011,0.028300335631,-0.078588157892,0.985598742962
1611,1413393965.555760383606,1413393966.555760383606,1,1,1,1,0,0,0,0.036386966705,-0.540341138840,0.468260765076,-0.153417304158,-0.014391201548,0.040162306279,-0.987240135670
1612,1413393965.605760574341,1413393966.605760574341,1,1,1,1,0,0,0,-0.025601148605,-0.572349190712,0.483351469040,-0.156470730901,-0.003966658842,0.008627015166,-0.987636983395
1613,1413393965.655760288239,1413393966.655760288239,1,1,1,1,0,0,0,-0.087961435318,-0.601175546646,0.491703033447,0.156941682100,-0.003407406388,0.016682881862,0.987461090088
1614,1413393965.705760478973,1413393966.705760478973,1,1,1,1,0,0,0,-0.154441833496,-0.615318298340,0.492797851562,-0.153836324811,0.007534529548,-0.028950171545,-0.987643420696
1615,1413393965.755760431290,1413393966.755760431290,1,1,1,1,0,0,0,-0.230950117111,-0.619472026825,0.498791694641,-0.147676691413,0.008094114251,-0.026746056974,-0.988640844822
1616,1413393965.805760622025,1413393966.805760622025,1,1,1,1,0,0,0,-0.308074474335,-0.606325507164,0.506742477417,0.134851709008,-0.007322355174,0.019797893241,0.990640878677
1617,1413393965.855760335922,1413393966.855760335922,1,1,1,1,0,0,0,-0.383926868439,-0.581682682037,0.513738393784,0.114800356328,-0.006668698508,0.013658585027,0.993272364140
1618,1413393965.905760526657,1413393966.905760526657,1,1,1,1,0,0,0,-0.454823017120,-0.562953054905,0.504364252090,0.093695342541,-0.007932377048,0.015752224252,0.995444715023
1619,1413393965.955760478973,1413393966.955760478973,1,1,1,1,0,0,0,-0.517135858536,-0.557123780251,0.486282825470,0.074179992080,-0.012094439007,0.031097942963,0.996686577797
1620,1413393966.005760431290,1413393967.005760431290,1,1,1,1,0,0,0,-0.575917243958,-0.557716667652,0.455034017563,0.054795507342,-0.016027444974,0.052592668682,0.996982693672
1621,1413393966.055760383606,1413393967.055760383606,1,1,1,1,0,0,0,-0.630875110626,-0.559666454792,0.423856019974,0.040594130754,-0.018443379551,0.071332283318,0.996455550194
1622,1413393966.105760574341,1413393967.105760574341,1,1,1,1,0,0,0,-0.687922239304,-0.548004388809,0.395045518875,0.030258495361,-0.017189424485,0.079532347620,0.996224701405
1623,1413393966.155760288239,1413393967.155760288239,1,1,1,1,0,0,0,-0.743054389954,-0.528352797031,0.365577459335,0.025442985818,-0.013544673100,0.081434562802,0.996261835098
1624,1413393966.205760478973,1413393967.205760478973,1,1,1,1,0,0,0,-0.793740749359,-0.504126787186,0.350313186646,-0.021833006293,0.009561481886,-0.084252014756,-0.996159374714
1625,1413393966.255760431290,1413393967.255760431290,1,1,1,1,0,0,0,-0.836780786514,-0.477118730545,0.322293281555,-0.022902555764,0.003150200937,-0.085930809379,-0.996032893658
1626,1413393966.305760622025,1413393967.305760622025,1,1,1,1,0,0,0,-0.870055437088,-0.456659615040,0.289383411407,0.024014024064,0.002373751020,0.094733759761,0.995210111141
1627,1413393966.355760335922,1413393967.355760335922,1,1,1,1,0,0,0,-0.895469188690,-0.435749411583,0.262302637100,0.023066332564,0.010170733556,0.104828447104,0.994170844555
1628,1413393966.405760526657,1413393967.405760526657,1,1,1,1,0,0,0,-0.917544364929,-0.407728850842,0.236885309219,0.017155205831,0.020314693451,0.116504341364,0.992834210396
1629,1413393966.455760478973,1413393967.455760478973,1,1,1,1,0,0,0,-0.941056013107,-0.360033452511,0.220329999924,0.009943146259,0.033552430570,0.123779043555,0.991692602634
1630,1413393966.505760431290,1413393967.505760431290,1,1,1,1,0,0,0,-0.961193084717,-0.299559593201,0.204081058502,-0.000919794664,0.048615686595,0.127340555191,0.990666508675
1631,1413393966.555760383606,1413393967.555760383606,1,1,1,1,0,0,0,-0.975919008255,-0.231924101710,0.192904233932,0.013933991082,-0.067276537418,-0.124355643988,-0.989856243134
1632,1413393966.605760574341,1413393967.605760574341,1,1,1,1,0,0,0,-0.984767675400,-0.165444314480,0.175682067871,0.026247093454,-0.085236974061,-0.123390823603,-0.988342285156
1633,1413393966.655760288239,1413393967.655760288239,1,1,1,1,0,0,0,-0.987574815750,-0.108554363251,0.152029037476,0.036694254726,-0.102985657752,-0.122442640364,-0.986435651779
1634,1413393966.705760478973,1413393967.705760478973,1,1,1,1,0,0,0,-0.984967947006,-0.058976456523,0.126410245895,-0.045751724392,0.121674872935,0.119175583124,0.984326779842
1635,1413393966.755760431290,1413393967.755760431290,1,1,1,1,0,0,0,-0.975483298302,-0.015073597431,0.104372262955,0.053462740034,-0.139382123947,-0.117152176797,-0.981829822063
1636,1413393966.805760622025,1413393967.805760622025,1,1,1,1,0,0,0,-0.963635683060,0.018010258675,0.076768398285,0.059701088816,-0.156249195337,-0.116555757821,-0.978997886181
1637,1413393966.855760335922,1413393967.855760335922,1,1,1,1,0,0,0,-0.948075175285,0.048047125340,0.050059080124,0.062752112746,-0.171688854694,-0.115256436169,-0.976371347904
1638,1413393966.905760526657,1413393967.905760526657,1,1,1,1,0,0,0,-0.928554415703,0.075539439917,0.023892164230,0.065026849508,-0.184550598264,-0.114711709321,-0.973937332630
1639,1413393966.955760478973,1413393967.955760478973,1,1,1,1,0,0,0,-0.903627634048,0.106085717678,0.004297733307,0.067127846181,-0.195523947477,-0.110398277640,-0.972150504589
1640,1413393967.005760431290,1413393968.005760431290,1,1,1,1,0,0,0,-0.872135043144,0.137573748827,-0.012888669968,-0.066811993718,0.203122779727,0.104062497616,0.971312701702
1641,1413393967.055760383606,1413393968.055760383606,1,1,1,1,0,0,0,-0.840036988258,0.156477868557,-0.034188270569,0.062282852829,-0.210812866688,-0.093525141478,-0.971046864986
1642,1413393967.105760574341,1413393968.105760574341,1,1,1,1,0,0,0,-0.804592013359,0.160696506500,-0.053076028824,0.056975565851,-0.215741723776,-0.085107155144,-0.971064448357
1643,1413393967.155760288239,1413393968.155760288239,1,1,1,1,0,0,0,-0.772004723549,0.156310468912,-0.075118780136,0.050886262208,-0.217834353447,-0.080048866570,-0.971365571022
1644,1413393967.205760478973,1413393968.205760478973,1,1,1,1,0,0,0,-0.739997386932,0.143216609955,-0.099632740021,0.045048419386,-0.217690289021,-0.078703254461,-0.971795976162
1645,1413393967.255760431290,1413393968.255760431290,1,1,1,1,0,0,0,-0.708241224289,0.125000894070,-0.124233484268,0.045327860862,-0.213644385338,-0.080147333443,-0.972562551498
1646,1413393967.305760622025,1413393968.305760622025,1,1,1,1,0,0,0,-0.676001310349,0.104145824909,-0.148883819580,0.048544116318,-0.207738280296,-0.078813374043,-0.973795056343
1647,1413393967.355760335922,1413393968.355760335922,1,1,1,1,0,0,0,-0.644006252289,0.078599750996,-0.177813053131,0.056469343603,-0.201272994280,-0.070620849729,-0.975352764130
1648,1413393967.405760526657,1413393968.405760526657,1,1,1,1,0,0,0,-0.609199166298,0.054585188627,-0.201465606689,0.065825842321,-0.193542450666,-0.056494656950,-0.977249562740
1649,1413393967.455760478973,1413393968.455760478973,1,1,1,1,0,0,0,-0.573573470116,0.031654208899,-0.221716642380,-0.073223270476,0.184522196651,0.040020979941,0.979279458523
1650,1413393967.505760431290,1413393968.505760431290,1,1,1,1,0,0,0,-0.539944648743,0.011035948992,-0.238015890121,0.072621323168,-0.174893662333,-0.021650258452,-0.981666743755
1651,1413393967.555760383606,1413393968.555760383606,1,1,1,1,0,0,0,-0.506260514259,-0.010920792818,-0.248986482620,0.069289483130,-0.162511765957,-0.008129213005,-0.984237134457
1652,1413393967.605760574341,1413393968.605760574341,1,1,1,1,0,0,0,-0.473794102669,-0.031019896269,-0.254716157913,-0.066939249635,0.150149494410,-0.005161473528,0.986381113529
1653,1413393967.655760288239,1413393968.655760288239,1,1,1,1,0,0,0,-0.446696639061,-0.046366482973,-0.255191564560,0.065101832151,-0.137962564826,0.014523358084,-0.988188862801
1654,1413393967.705760478973,1413393968.705760478973,1,1,1,1,0,0,0,-0.420913100243,-0.063253819942,-0.251389741898,0.065416634083,-0.124474488199,0.017557809129,-0.989908277988
1655,1413393967.755760431290,1413393968.755760431290,1,1,1,1,0,0,0,-0.398506999016,-0.076224744320,-0.242241621017,-0.064288765192,0.111748203635,-0.019958943129,0.991454005241
1656,1413393967.805760622025,1413393968.805760622025,1,1,1,1,0,0,0,-0.379245877266,-0.085681080818,-0.226074218750,-0.058356493711,0.100510694087,-0.021441750228,0.992991685867
1657,1413393967.855760335922,1413393968.855760335922,1,1,1,1,0,0,0,-0.366839170456,-0.088134020567,-0.205094575882,0.045685727149,-0.091916292906,0.021877577528,-0.994477510452
1658,1413393967.905760526657,1413393968.905760526657,1,1,1,1,0,0,0,-0.356194972992,-0.088618576527,-0.177739381790,0.022837657481,-0.086060337722,0.019860265777,-0.995830178261
1659,1413393967.955760478973,1413393968.955760478973,1,1,1,1,0,0,0,-0.350239276886,-0.083300620317,-0.147052288055,-0.002483932069,-0.082164786756,0.011651375331,-0.996547579765
1660,1413393968.005760431290,1413393969.005760431290,1,1,1,1,0,0,0,-0.347800135612,-0.074529781938,-0.112718820572,-0.027245661244,-0.080946065485,0.000880488544,-0.996345639229
1661,1413393968.055760383606,1413393969.055760383606,1,1,1,1,0,0,0,-0.346286535263,-0.058647915721,-0.076459407806,-0.044177230448,-0.081173576415,-0.012005086057,-0.995648086071
1662,1413393968.105760574341,1413393969.105760574341,1,1,1,1,0,0,0,-0.347285747528,-0.043679147959,-0.038825988770,0.055825117975,0.085643559694,0.021786216646,0.994522094727
1663,1413393968.155760288239,1413393969.155760288239,1,1,1,1,0,0,0,-0.349248886108,-0.021025925875,-0.000184774399,0.062098156661,0.094709455967,0.025171605870,0.993247389793
1664,1413393968.205760478973,1413393969.205760478973,1,1,1,1,0,0,0,-0.351365089417,0.007273554802,0.038034439087,0.064732022583,0.106831304729,0.023990463465,0.991877734661
1665,1413393968.255760431290,1413393969.255760431290,1,1,1,1,0,0,0,-0.353582024574,0.036013484001,0.074305057526,0.068705819547,0.121089875698,0.022271774709,0.990010499954
1666,1413393968.305760622025,1413393969.305760622025,1,1,1,1,0,0,0,-0.356273055077,0.061825573444,0.106350421906,0.069308534265,0.135241866112,0.026300510392,0.988035559654
1667,1413393968.355760335922,1413393969.355760335922,1,1,1,1,0,0,0,-0.363387584686,0.079031735659,0.133614778519,0.069428265095,0.146450504661,0.040680211037,0.985939741135
1668,1413393968.405760526657,1413393969.405760526657,1,1,1,1,0,0,0,-0.373579144478,0.090244725347,0.155819177628,0.068459622562,0.155489578843,0.063034296036,0.983444511890
1669,1413393968.455760478973,1413393969.455760478973,1,1,1,1,0,0,0,-0.384770631790,0.099806845188,0.173063516617,0.067533180118,0.162870898843,0.088217206299,0.980372488499
1670,1413393968.505760431290,1413393969.505760431290,1,1,1,1,0,0,0,-0.397279620171,0.104031324387,0.180964231491,-0.063131123781,-0.169615581632,-0.114776007831,-0.976765871048
1671,1413393968.555760383606,1413393969.555760383606,1,1,1,1,0,0,0,-0.404737591743,0.116402126849,0.189346313477,-0.057748813182,-0.178363174200,-0.135355249047,-0.972898125648
1672,1413393968.605760574341,1413393969.605760574341,1,1,1,1,0,0,0,-0.408780097961,0.129013225436,0.193398237228,0.050975281745,0.186112552881,0.153708100319,0.969091117382
1673,1413393968.655760288239,1413393969.655760288239,1,1,1,1,0,0,0,-0.407967448235,0.141175240278,0.187438011169,0.046822372824,0.194560751319,0.166631415486,0.965498745441
1674,1413393968.705760478973,1413393969.705760478973,1,1,1,1,0,0,0,-0.401371121407,0.151337713003,0.183357954025,0.044076651335,0.201941847801,0.174000367522,0.962808668613
1675,1413393968.755760431290,1413393969.755760431290,1,1,1,1,0,0,0,-0.390509843826,0.158545479178,0.173631429672,0.040709804744,0.207042366266,0.179785013199,0.960808873177
1676,1413393968.805760622025,1413393969.805760622025,1,1,1,1,0,0,0,-0.374842882156,0.161704644561,0.154840469360,0.033750995994,0.210196405649,0.182681411505,0.959846854210
1677,1413393968.855760335922,1413393969.855760335922,1,1,1,1,0,0,0,-0.355265140533,0.162999093533,0.126838684082,0.024227416143,0.211889520288,0.181969970465,0.959897398949
1678,1413393968.905760526657,1413393969.905760526657,1,1,1,1,0,0,0,-0.328848123550,0.160556972027,0.093018293381,0.013486044481,0.212634801865,0.174997776747,0.961238980293
1679,1413393968.955760478973,1413393969.955760478973,1,1,1,1,0,0,0,-0.296519994736,0.153422325850,0.057874679565,-0.004674703348,-0.214384138584,-0.157461702824,-0.963962316513
1680,1413393969.005760431290,1413393970.005760431290,1,1,1,1,0,0,0,-0.256648540497,0.141107112169,0.007189035416,0.005519134924,-0.214258745313,-0.133500993252,-0.967595160007
1681,1413393969.055760383606,1413393970.055760383606,1,1,1,1,0,0,0,-0.214403152466,0.120085775852,-0.030838608742,-0.016321927309,0.213766306639,0.103709869087,0.971227049828
1682,1413393969.105760574341,1413393970.105760574341,1,1,1,1,0,0,0,-0.171395063400,0.092777192593,-0.067684650421,-0.029207993299,0.210487708449,0.075880385935,0.974209487438
1683,1413393969.155760288239,1413393970.155760288239,1,1,1,1,0,0,0,-0.128831148148,0.061197042465,-0.101463198662,-0.041422527283,0.202547356486,0.056532215327,0.976761460304
1684,1413393969.205760478973,1413393970.205760478973,1,1,1,1,0,0,0,-0.086882591248,0.031639695168,-0.127818226814,0.049974404275,-0.190893918276,-0.043791100383,-0.979359149933
1685,1413393969.255760431290,1413393970.255760431290,1,1,1,1,0,0,0,-0.044532060623,0.003627121449,-0.151376962662,0.055458910763,-0.177276447415,-0.034508820623,-0.981991112232
1686,1413393969.305760622025,1413393970.305760622025,1,1,1,1,0,0,0,-0.002670526505,-0.021631062031,-0.169554591179,-0.054737489671,0.162553578615,0.026666229591,0.984819293022
1687,1413393969.355760335922,1413393970.355760335922,1,1,1,1,0,0,0,0.037516117096,-0.044710159302,-0.176199674606,0.053714636713,-0.148064196110,-0.018771156669,-0.987339556217
1688,1413393969.405760526657,1413393970.405760526657,1,1,1,1,0,0,0,0.076518774033,-0.067776858807,-0.183897018433,0.051121372730,-0.134921088815,-0.007340956014,-0.989509582520
1689,1413393969.455760478973,1413393970.455760478973,1,1,1,1,0,0,0,0.112381935120,-0.092708110809,-0.186380028725,0.047286406159,-0.123892866075,0.008460475132,-0.991132199764
1690,1413393969.505760431290,1413393970.505760431290,1,1,1,1,0,0,0,0.145228862762,-0.121398150921,-0.189334273338,-0.038235086948,0.114679791033,-0.028612421826,0.992254018784
1691,1413393969.555760383606,1413393970.555760383606,1,1,1,1,0,0,0,0.170461177826,-0.152578175068,-0.177478075027,0.028441233560,-0.103724576533,0.044178426266,-0.993217349052
1692,1413393969.605760574341,1413393970.605760574341,1,1,1,1,0,0,0,0.192352533340,-0.182297885418,-0.170344352722,0.015641812235,-0.093245640397,0.059317078441,-0.993751525879
1693,1413393969.655760288239,1413393970.655760288239,1,1,1,1,0,0,0,0.209792852402,-0.209834396839,-0.159979462624,-0.002550080651,0.082303158939,-0.073748037219,0.993871748447
1694,1413393969.705760478973,1413393970.705760478973,1,1,1,1,0,0,0,0.223297834396,-0.229996085167,-0.148303508759,0.009795609862,0.072802253067,-0.087721519172,0.993432819843
1695,1413393969.755760431290,1413393970.755760431290,1,1,1,1,0,0,0,0.232231378555,-0.242962062359,-0.135179519653,0.019858829677,0.067454136908,-0.105318114161,0.991949439049
1696,1413393969.805760622025,1413393970.805760622025,1,1,1,1,0,0,0,0.235954046249,-0.246106624603,-0.119871258736,0.025791037828,0.064886786044,-0.125168576837,0.989675462246
1697,1413393969.855760335922,1413393970.855760335922,1,1,1,1,0,0,0,0.234947443008,-0.242945730686,-0.098466634750,0.027707703412,0.063700079918,-0.142415195704,0.987366437912
1698,1413393969.905760526657,1413393970.905760526657,1,1,1,1,0,0,0,0.222517967224,-0.231813371181,-0.068424820900,0.027766281739,0.062366623431,-0.154326930642,0.985658526421
1699,1413393969.955760478973,1413393970.955760478973,1,1,1,1,0,0,0,0.206534624100,-0.213273108006,-0.042995452881,0.026993861422,0.057484854013,-0.155724063516,0.985757052898
1700,1413393970.005760431290,1413393971.005760431290,1,1,1,1,0,0,0,0.182478666306,-0.187784612179,-0.023449063301,0.030672470108,0.050109826028,-0.145005181432,0.987685024738
1701,1413393970.055760383606,1413393971.055760383606,1,1,1,1,0,0,0,0.151165246964,-0.156417787075,-0.005424678326,0.035194694996,0.037866294384,-0.118938706815,0.991554856300
1702,1413393970.105760574341,1413393971.105760574341,1,1,1,1,0,0,0,0.111117601395,-0.131443858147,0.009304165840,0.045214500278,0.024451868609,-0.088238842785,0.994772195816
1703,1413393970.155760288239,1413393971.155760288239,1,1,1,1,0,0,0,0.064299106598,-0.113392055035,0.018919289112,0.061954289675,0.013362883590,-0.064160652459,0.995924949646
1704,1413393970.205760478973,1413393971.205760478973,1,1,1,1,0,0,0,0.013127565384,-0.104286432266,0.023608148098,0.082080394030,0.004256828688,-0.044343244284,0.995629668236
1705,1413393970.255760431290,1413393971.255760431290,1,1,1,1,0,0,0,-0.040390014648,-0.100287377834,0.022608399391,0.100640580058,-0.002015123842,-0.031654383987,0.994417190552
1706,1413393970.305760622025,1413393971.305760622025,1,1,1,1,0,0,0,-0.094856977463,-0.099565625191,0.015471279621,0.119072809815,-0.006320092827,-0.023914089426,0.992577433586
1707,1413393970.355760335922,1413393971.355760335922,1,1,1,1,0,0,0,-0.153415918350,-0.110540807247,0.009649753571,0.134055614471,-0.008301160298,-0.020289637148,0.990731358528
1708,1413393970.405760526657,1413393971.405760526657,1,1,1,1,0,0,0,-0.211294889450,-0.101300656796,-0.011437833309,-0.145151436329,0.009379058145,0.016341002658,-0.989230096340
1709,1413393970.455760478973,1413393971.455760478973,1,1,1,1,0,0,0,-0.267184734344,-0.089133858681,-0.033008754253,-0.144119068980,0.012116125785,0.010221739300,-0.989433407784
1710,1413393970.505760431290,1413393971.505760431290,1,1,1,1,0,0,0,-0.322356939316,-0.074234962463,-0.056423246861,0.127403795719,-0.015881491825,-0.002160939621,0.991721391678
1711,1413393970.555760383606,1413393971.555760383606,1,1,1,1,0,0,0,-0.377697229385,-0.050274074078,-0.086299121380,0.102372400463,-0.020335741341,0.008209291846,0.994504392147
1712,1413393970.605760574341,1413393971.605760574341,1,1,1,1,0,0,0,-0.432094097137,-0.027890324593,-0.122142255306,0.077208273113,-0.027697283775,0.028922064230,0.996210455894
1713,1413393970.655760288239,1413393971.655760288239,1,1,1,1,0,0,0,-0.486880064011,-0.009054183960,-0.158445119858,0.052837923169,-0.036530114710,0.055612388998,0.996384024620
1714,1413393970.705760478973,1413393971.705760478973,1,1,1,1,0,0,0,-0.535484790802,-0.000221312046,-0.205775260925,0.035129994154,-0.045381560922,0.086892046034,0.994563400745
1715,1413393970.755760431290,1413393971.755760431290,1,1,1,1,0,0,0,-0.577572822571,-0.004163265228,-0.259090065956,0.022629629821,-0.055607758462,0.124385401607,0.990416109562
1716,1413393970.805760622025,1413393971.805760622025,1,1,1,1,0,0,0,-0.609311819077,-0.017983764410,-0.313228189945,0.014517992735,-0.064729608595,0.160430714488,0.984815418720
1717,1413393970.855760335922,1413393971.855760335922,1,1,1,1,0,0,0,-0.632282018661,-0.031974822283,-0.373902797699,0.009258441627,-0.072051338851,0.188813224435,0.979322493076
1718,1413393970.905760526657,1413393971.905760526657,1,1,1,1,0,0,0,-0.640841722488,-0.036156803370,-0.438428640366,-0.005799273495,0.074686281383,-0.203472435474,-0.976210713387
1719,1413393970.955760478973,1413393971.955760478973,1,1,1,1,0,0,0,-0.641481399536,-0.041667968035,-0.487589478493,-0.000408588967,0.071960970759,-0.203175291419,-0.976494371891
1720,1413393971.005760431290,1413393972.005760431290,1,1,1,1,0,0,0,-0.631630182266,-0.039516508579,-0.538080930710,0.005444047041,0.065358519554,-0.193465545774,-0.978912532330
1721,1413393971.055760383606,1413393972.055760383606,1,1,1,1,0,0,0,-0.616824865341,-0.033231437206,-0.575781166553,-0.013577498496,-0.054718222469,0.172509714961,0.983393132687
1722,1413393971.105760574341,1413393972.105760574341,1,1,1,1,0,0,0,-0.595474481583,-0.019049435854,-0.614824533463,-0.025825673714,-0.043867964298,0.153427913785,0.986847758293
1723,1413393971.155760288239,1413393972.155760288239,1,1,1,1,0,0,0,-0.569330215454,-0.005205035210,-0.646948516369,-0.048211686313,-0.035275068134,0.142617180943,0.987973511219
1724,1413393971.205760478973,1413393972.205760478973,1,1,1,1,0,0,0,-0.537180185318,0.005849897861,-0.680716097355,-0.075973279774,-0.026851335540,0.131951004267,0.987975776196
1725,1413393971.255760431290,1413393972.255760431290,1,1,1,1,0,0,0,-0.495752811432,0.023831546307,-0.719523310661,0.100830540061,0.019594205543,-0.121233284473,-0.987295210361
1726,1413393971.305760622025,1413393972.305760622025,1,1,1,1,0,0,0,-0.451463460922,0.032146573067,-0.745875716209,0.120038919151,0.009459010325,-0.102083578706,-0.987461507320
1727,1413393971.355760335922,1413393972.355760335922,1,1,1,1,0,0,0,-0.399364471436,0.043896496296,-0.767412722111,-0.129863053560,-0.000992144458,0.080711863935,0.988240957260
1728,1413393971.405760526657,1413393972.405760526657,1,1,1,1,0,0,0,-0.345677137375,0.050477504730,-0.787588536739,0.136699467897,-0.005532715004,-0.061119966209,-0.988709747791
1729,1413393971.455760478973,1413393972.455760478973,1,1,1,1,0,0,0,-0.291061401367,0.068404793739,-0.798522830009,0.132832884789,-0.011901778169,-0.040362618864,-0.990244746208
1730,1413393971.505760431290,1413393972.505760431290,1,1,1,1,0,0,0,-0.235751628876,0.099327325821,-0.803049147129,-0.125421196222,0.017706859857,0.019898761064,0.991745948792
1731,1413393971.555760383606,1413393972.555760383606,1,1,1,1,0,0,0,-0.179226398468,0.135350108147,-0.803617537022,0.117406591773,-0.024353850633,0.000196701527,-0.992785274982
1732,1413393971.605760574341,1413393972.605760574341,1,1,1,1,0,0,0,-0.123667716980,0.171090245247,-0.792613744736,0.106808140874,-0.033953700215,0.024685982615,-0.993393123150
1733,1413393971.655760288239,1413393972.655760288239,1,1,1,1,0,0,0,-0.066343307495,0.206412672997,-0.779082298279,-0.093578554690,0.044426143169,-0.049155272543,0.993404805660
1734,1413393971.705760478973,1413393972.705760478973,1,1,1,1,0,0,0,-0.012498140335,0.217849612236,-0.765885233879,-0.084178499877,0.054197400808,-0.075016789138,0.992143750191
1735,1413393971.755760431290,1413393972.755760431290,1,1,1,1,0,0,0,0.039908885956,0.224842190742,-0.746878266335,-0.076023340225,0.063573285937,-0.101363793015,0.989901125431
1736,1413393971.805760622025,1413393972.805760622025,1,1,1,1,0,0,0,0.087044000626,0.227366924286,-0.725228667259,-0.066085040569,0.070389278233,-0.123284697533,0.987663507462
1737,1413393971.855760335922,1413393972.855760335922,1,1,1,1,0,0,0,0.126308321953,0.225238084793,-0.702730298042,-0.056840915233,0.074787244201,-0.138799980283,0.985855221748
1738,1413393971.905760526657,1413393972.905760526657,1,1,1,1,0,0,0,0.158315181732,0.228105545044,-0.673650383949,-0.050046369433,0.075153820217,-0.144512131810,0.985374867916
1739,1413393971.955760478973,1413393972.955760478973,1,1,1,1,0,0,0,0.181293129921,0.236249208450,-0.640271067619,-0.042767878622,0.072544932365,-0.140964031219,0.986426532269
1740,1413393972.005760431290,1413393973.005760431290,1,1,1,1,0,0,0,0.195333838463,0.246950984001,-0.602924227715,-0.036811463535,0.068421393633,-0.135476097465,0.987729609013
1741,1413393972.055760383606,1413393973.055760383606,1,1,1,1,0,0,0,0.194107055664,0.253933191299,-0.561995625496,-0.028025316074,0.062590889633,-0.125604525208,0.989707350731
1742,1413393972.105760574341,1413393973.105760574341,1,1,1,1,0,0,0,0.191242694855,0.267061114311,-0.520960330963,-0.015635149553,0.057883378118,-0.119584672153,0.991011917591
1743,1413393972.155760288239,1413393973.155760288239,1,1,1,1,0,0,0,0.182074546814,0.278074383736,-0.478709101677,0.003261881648,0.054649475962,-0.117826648057,0.991523981094
1744,1413393972.205760478973,1413393973.205760478973,1,1,1,1,0,0,0,0.165986061096,0.285854339600,-0.436908006668,0.025820970535,0.051735032350,-0.116548351943,0.991500556469
1745,1413393972.255760431290,1413393973.255760431290,1,1,1,1,0,0,0,0.141111850739,0.283742725849,-0.400958180428,0.048872690648,0.047861166298,-0.112041108310,0.991346359253
1746,1413393972.305760622025,1413393973.305760622025,1,1,1,1,0,0,0,0.106596708298,0.279026508331,-0.371866464615,0.065639778972,0.039643552154,-0.096461072564,0.992378532887
1747,1413393972.355760335922,1413393973.355760335922,1,1,1,1,0,0,0,0.065464973450,0.270012497902,-0.350638270378,0.073882468045,0.031282197684,-0.076918564737,0.993803977966
1748,1413393972.405760526657,1413393973.405760526657,1,1,1,1,0,0,0,0.020781755447,0.260384261608,-0.332034945488,0.083621680737,0.023800851777,-0.058493345976,0.994494676590
1749,1413393972.455760478973,1413393973.455760478973,1,1,1,1,0,0,0,-0.026039361954,0.250116586685,-0.318056702614,0.091172404587,0.017738090828,-0.042375747114,0.994774997234
1750,1413393972.505760431290,1413393973.505760431290,1,1,1,1,0,0,0,-0.074843406677,0.237909317017,-0.304639339447,0.105620592833,0.014160847291,-0.029154609889,0.993878185749
1751,1413393972.555760383606,1413393973.555760383606,1,1,1,1,0,0,0,-0.121555328369,0.233345091343,-0.295115709305,-0.121855027974,-0.010955126956,0.018301909789,-0.992318689823
1752,1413393972.605760574341,1413393973.605760574341,1,1,1,1,0,0,0,-0.168369770050,0.233311623335,-0.291513919830,-0.133918568492,-0.007339294069,0.009142111987,-0.990923047066
1753,1413393972.655760288239,1413393973.655760288239,1,1,1,1,0,0,0,-0.215265512466,0.233530491590,-0.295456767082,0.138669237494,0.001209226088,0.002486692043,0.990334868431
1754,1413393972.705760478973,1413393973.705760478973,1,1,1,1,0,0,0,-0.260909318924,0.235895127058,-0.308123707771,0.132889240980,-0.007873780094,0.019342653453,0.990910828114
1755,1413393972.755760431290,1413393973.755760431290,1,1,1,1,0,0,0,-0.300564050674,0.239060908556,-0.328484058380,0.119904898107,-0.019456090406,0.039048433304,0.991826355457
1756,1413393972.805760622025,1413393973.805760622025,1,1,1,1,0,0,0,-0.341026306152,0.242608219385,-0.355995416641,0.101251132786,-0.031434655190,0.060013383627,0.992551505566
1757,1413393972.855760335922,1413393973.855760335922,1,1,1,1,0,0,0,-0.377258539200,0.246670573950,-0.389227628708,0.079219117761,-0.045487657189,0.085382305086,0.992151796818
1758,1413393972.905760526657,1413393973.905760526657,1,1,1,1,0,0,0,-0.407216787338,0.252052575350,-0.426922559738,0.057746633887,-0.059917256236,0.112568669021,0.990153312683
1759,1413393972.955760478973,1413393973.955760478973,1,1,1,1,0,0,0,-0.427535533905,0.259233236313,-0.469710826874,-0.032354824245,0.072738572955,-0.135143190622,-0.987622678280
1760,1413393973.005760431290,1413393974.005760431290,1,1,1,1,0,0,0,-0.441861629486,0.263949215412,-0.513092041016,0.000001189684,0.082297794521,-0.148396924138,-0.985497534275
1761,1413393973.055760383606,1413393974.055760383606,1,1,1,1,0,0,0,-0.442833662033,0.265607059002,-0.554877877235,-0.038742441684,-0.087231509387,0.154349386692,0.983395159245
1762,1413393973.105760574341,1413393974.105760574341,1,1,1,1,0,0,0,-0.436925411224,0.266672998667,-0.598146200180,-0.080819845200,-0.089409753680,0.153603926301,0.980754792690
1763,1413393973.155760288239,1413393974.155760288239,1,1,1,1,0,0,0,-0.421235799789,0.263223409653,-0.637378334999,-0.122531600296,-0.087912082672,0.147563606501,0.977487802505
1764,1413393973.205760478973,1413393974.205760478973,1,1,1,1,0,0,0,-0.390087842941,0.249001801014,-0.668693184853,-0.160640195012,-0.082457929850,0.130320474505,0.974890768528
1765,1413393973.255760431290,1413393974.255760431290,1,1,1,1,0,0,0,-0.354952096939,0.230624347925,-0.692692041397,-0.193737581372,-0.073853820562,0.103245280683,0.972806155682
1766,1413393973.305760622025,1413393974.305760622025,1,1,1,1,0,0,0,-0.312505960464,0.204059749842,-0.706172227859,-0.221778273582,-0.063842557371,0.073760889471,0.970205008984
1767,1413393973.355760335922,1413393974.355760335922,1,1,1,1,0,0,0,-0.259895801544,0.167304664850,-0.704606652260,-0.244691044092,-0.055547256023,0.046982359141,0.966867864132
1768,1413393973.405760526657,1413393974.405760526657,1,1,1,1,0,0,0,-0.213873624802,0.135371387005,-0.691569209099,0.263230741024,0.047439660877,-0.021568819880,-0.963324427605
1769,1413393973.455760478973,1413393974.455760478973,1,1,1,1,0,0,0,-0.163846254349,0.098748207092,-0.661313056946,0.273966193199,0.040878616273,0.003316089045,-0.960864484310
1770,1413393973.505760431290,1413393974.505760431290,1,1,1,1,0,0,0,-0.112848997116,0.057646870613,-0.615789890289,-0.278820663691,-0.036876641214,-0.027233012021,0.959248423576
1771,1413393973.555760383606,1413393974.555760383606,1,1,1,1,0,0,0,-0.058853864670,0.014064311981,-0.541123151779,-0.273758947849,-0.033550243825,-0.050336088985,0.959894061089
1772,1413393973.605760574341,1413393974.605760574341,1,1,1,1,0,0,0,-0.013728857040,-0.023809790611,-0.462491631508,-0.259706079960,-0.030132355168,-0.069150656462,0.962737262249
1773,1413393973.655760288239,1413393974.655760288239,1,1,1,1,0,0,0,0.020253658295,-0.059428334236,-0.372921466827,0.236957505345,0.024268103763,0.089363537729,-0.967096924782
1774,1413393973.705760478973,1413393974.705760478973,1,1,1,1,0,0,0,0.047219038010,-0.100402712822,-0.268533229828,0.202275231481,0.015295390040,0.111912794411,-0.972793042660
1775,1413393973.755760431290,1413393974.755760431290,1,1,1,1,0,0,0,0.070718526840,-0.142095983028,-0.162050247192,-0.162575632334,-0.004902851768,-0.133700236678,0.977583467960
1776,1413393973.805760622025,1413393974.805760622025,1,1,1,1,0,0,0,0.084050774574,-0.188566207886,-0.054300546646,-0.122112937272,0.005531266332,-0.155656486750,0.980218768120
1777,1413393973.855760335922,1413393974.855760335922,1,1,1,1,0,0,0,0.089350104332,-0.243600368500,0.054639577866,-0.081561312079,0.015477697365,-0.173335060477,0.981357812881
1778,1413393973.905760526657,1413393974.905760526657,1,1,1,1,0,0,0,0.080533862114,-0.304278373718,0.155973911285,-0.045221008360,0.023545786738,-0.185900717974,0.981244981289
1779,1413393973.955760478973,1413393974.955760478973,1,1,1,1,0,0,0,0.064395427704,-0.364431500435,0.258716106415,-0.006849350408,0.029049992561,-0.193966493011,0.980554103851
1780,1413393974.005760431290,1413393975.005760431290,1,1,1,1,0,0,0,0.045369267464,-0.436429977417,0.352673292160,0.037309512496,0.031110173091,-0.191330581903,0.980322837830
1781,1413393974.055760383606,1413393975.055760383606,1,1,1,1,0,0,0,0.019522547722,-0.515280246735,0.436557292938,0.080432847142,0.030033092946,-0.182776480913,0.979398488998
1782,1413393974.105760574341,1413393975.105760574341,1,1,1,1,0,0,0,-0.015680909157,-0.595457315445,0.507209062576,0.123081259429,0.027874726802,-0.170909002423,0.977171480656
1783,1413393974.155760288239,1413393975.155760288239,1,1,1,1,0,0,0,-0.055268526077,-0.680496692657,0.567518234253,0.159873351455,0.022697182372,-0.153716087341,0.974831700325
1784,1413393974.205760478973,1413393975.205760478973,1,1,1,1,0,0,0,-0.094643592834,-0.764983117580,0.620832443237,0.188035503030,0.016393899918,-0.128697693348,0.973555803299
1785,1413393974.255760431290,1413393975.255760431290,1,1,1,1,0,0,0,-0.127045989037,-0.835117280483,0.667640686035,0.207622095942,0.007537641097,-0.095143020153,0.973542034626
1786,1413393974.305760622025,1413393975.305760622025,1,1,1,1,0,0,0,-0.159808993340,-0.899472713470,0.711363673210,0.219805002213,-0.001709825825,-0.062340125442,0.973548471928
1787,1413393974.355760335922,1413393975.355760335922,1,1,1,1,0,0,0,-0.194256901741,-0.952079534531,0.744469046593,0.232777833939,-0.007026385516,-0.038074709475,0.971759021282
1788,1413393974.405760526657,1413393975.405760526657,1,1,1,1,0,0,0,-0.230850577354,-0.996342897415,0.774736404419,0.243380948901,-0.011073502712,-0.016845181584,0.969721317291
1789,1413393974.455760478973,1413393975.455760478973,1,1,1,1,0,0,0,-0.263781785965,-1.021093964577,0.804064512253,-0.248709514737,0.013169574551,-0.002384481020,-0.968485653400
1790,1413393974.505760431290,1413393975.505760431290,1,1,1,1,0,0,0,-0.294228315353,-1.029844164848,0.839658498764,-0.248531267047,0.014748051763,-0.023124938831,-0.968235552311
1791,1413393974.555760383606,1413393975.555760383606,1,1,1,1,0,0,0,-0.325666546822,-1.019897937775,0.872682690620,0.240961730480,-0.015356083401,0.042246650904,0.969493150711
1792,1413393974.605760574341,1413393975.605760574341,1,1,1,1,0,0,0,-0.360951781273,-0.986441254616,0.909010767937,-0.226527363062,0.016035763547,-0.057708531618,-0.972161471844
1793,1413393974.655760288239,1413393975.655760288239,1,1,1,1,0,0,0,-0.402993202209,-0.928205072880,0.946468591690,-0.205257415771,0.016760356724,-0.071527168155,-0.975946903229
1794,1413393974.705760478973,1413393975.705760478973,1,1,1,1,0,0,0,-0.445721030235,-0.854249656200,0.977209210396,0.175936296582,-0.020054826513,0.087968543172,0.980257987976
1795,1413393974.755760431290,1413393975.755760431290,1,1,1,1,0,0,0,-0.489988684654,-0.773960590363,0.995021820068,0.145934000611,-0.022634208202,0.101983167231,0.983763396740
1796,1413393974.805760622025,1413393975.805760622025,1,1,1,1,0,0,0,-0.531629920006,-0.693347156048,1.004203796387,-0.117470674217,0.023845598102,-0.113865405321,-0.986238718033
1797,1413393974.855760335922,1413393975.855760335922,1,1,1,1,0,0,0,-0.572729110718,-0.609637022018,0.996310949326,-0.093867816031,0.022718371823,-0.117505498230,-0.988364934921
1798,1413393974.905760526657,1413393975.905760526657,1,1,1,1,0,0,0,-0.608637571335,-0.527790248394,0.977656126022,0.073933020234,-0.019661748782,0.115022502840,0.990412652493
1799,1413393974.955760478973,1413393975.955760478973,1,1,1,1,0,0,0,-0.636705279350,-0.454957664013,0.953749895096,-0.053022779524,0.015178865753,-0.106384254992,-0.992794394493
1800,1413393975.005760431290,1413393976.005760431290,1,1,1,1,0,0,0,-0.658135890961,-0.385416924953,0.918248653412,-0.031532827765,0.009122803807,-0.093542106450,-0.995074093342
1801,1413393975.055760383606,1413393976.055760383606,1,1,1,1,0,0,0,-0.673250675201,-0.326882302761,0.876461744308,0.013503532857,-0.001916863606,0.076613806188,0.996967554092
1802,1413393975.105760574341,1413393976.105760574341,1,1,1,1,0,0,0,-0.682638883591,-0.278691768646,0.835611820221,0.001491711242,-0.004619872198,-0.061212856323,-0.998112916946
1803,1413393975.155760288239,1413393976.155760288239,1,1,1,1,0,0,0,-0.688865780830,-0.237706899643,0.788356304169,0.009912309237,-0.010812762193,-0.047118186951,-0.998781681061
1804,1413393975.205760478973,1413393976.205760478973,1,1,1,1,0,0,0,-0.692914366722,-0.208770275116,0.737367153168,-0.014074775390,0.014592737891,0.039924453944,0.998996973038
1805,1413393975.255760431290,1413393976.255760431290,1,1,1,1,0,0,0,-0.695247650146,-0.185533165932,0.691665410995,0.013546786271,-0.016853915527,-0.036867737770,-0.999086201191
1806,1413393975.305760622025,1413393976.305760622025,1,1,1,1,0,0,0,-0.695873498917,-0.163635611534,0.643213152885,0.010245775804,-0.017717571929,-0.038332682103,-0.999055445194
1807,1413393975.355760335922,1413393976.355760335922,1,1,1,1,0,0,0,-0.695783376694,-0.143044352531,0.595625758171,-0.008178493008,0.016252312809,0.046482775360,0.998753428459
1808,1413393975.405760526657,1413393976.405760526657,1,1,1,1,0,0,0,-0.692495942116,-0.125162601471,0.542104482651,0.007226231042,-0.013512262143,-0.054439973086,-0.998399496078
1809,1413393975.455760478973,1413393976.455760478973,1,1,1,1,0,0,0,-0.687715172768,-0.112417638302,0.494801878929,0.009563696571,-0.008418712765,-0.064920850098,-0.997809052467
1810,1413393975.505760431290,1413393976.505760431290,1,1,1,1,0,0,0,-0.679895401001,-0.098675966263,0.447470903397,-0.017563361675,0.002078199992,0.071746572852,0.997266113758
1811,1413393975.555760383606,1413393976.555760383606,1,1,1,1,0,0,0,-0.668177843094,-0.089462161064,0.399738550186,0.025790413842,0.005233863369,-0.075284250081,-0.996814787388
1812,1413393975.605760574341,1413393976.605760574341,1,1,1,1,0,0,0,-0.651173710823,-0.074557423592,0.354139447212,0.033937536180,0.011835093610,-0.075886495411,-0.996468544006
1813,1413393975.655760288239,1413393976.655760288239,1,1,1,1,0,0,0,-0.631805956364,-0.058836519718,0.315587937832,-0.040232192725,-0.017344785854,0.073686853051,0.996318697929
1814,1413393975.705760478973,1413393976.705760478973,1,1,1,1,0,0,0,-0.607369124889,-0.031652510166,0.280046582222,0.041180372238,0.022102395073,-0.068297728896,-0.996569693089
1815,1413393975.755760431290,1413393976.755760431290,1,1,1,1,0,0,0,-0.580695152283,-0.004381120205,0.249865651131,0.041010562330,0.026209866628,-0.060107689351,-0.997004687786
1816,1413393975.805760622025,1413393976.805760622025,1,1,1,1,0,0,0,-0.550879299641,0.023711442947,0.221990108490,-0.042823482305,-0.030193168670,0.051981352270,0.997272491455
1817,1413393975.855760335922,1413393976.855760335922,1,1,1,1,0,0,0,-0.517876982689,0.055690526962,0.194335699081,0.051520057023,0.032605789602,-0.039768170565,-0.997346997261
1818,1413393975.905760526657,1413393976.905760526657,1,1,1,1,0,0,0,-0.480619907379,0.086408436298,0.171102881432,0.063901990652,0.033923707902,-0.023852268234,-0.997094213963
1819,1413393975.955760478973,1413393976.955760478973,1,1,1,1,0,0,0,-0.441811501980,0.108981192112,0.140399217606,-0.071719169617,-0.036287553608,0.013391382992,0.996674597263
1820,1413393976.005760431290,1413393977.005760431290,1,1,1,1,0,0,0,-0.405318856239,0.122204244137,0.119848966599,-0.075902856886,-0.038216549903,0.001283752266,0.996381759644
1821,1413393976.055760383606,1413393977.055760383606,1,1,1,1,0,0,0,-0.368375837803,0.128808915615,0.103399991989,-0.073964543641,-0.040152113885,-0.008616975509,0.996414959431
1822,1413393976.105760574341,1413393977.105760574341,1,1,1,1,0,0,0,-0.331675708294,0.130928754807,0.090071201324,-0.069319836795,-0.041638057679,-0.017842821777,0.996565461159
1823,1413393976.155760288239,1413393977.155760288239,1,1,1,1,0,0,0,-0.295585870743,0.126249492168,0.080794095993,-0.062357444316,-0.043131545186,-0.025644183159,0.996791660786
1824,1413393976.205760478973,1413393977.205760478973,1,1,1,1,0,0,0,-0.258813858032,0.117699325085,0.073703765869,-0.053456060588,-0.042939186096,-0.035121090710,0.997028231621
1825,1413393976.255760431290,1413393977.255760431290,1,1,1,1,0,0,0,-0.220987915993,0.107426822186,0.062496423721,-0.045337118208,-0.042247135192,-0.043912973255,0.997111558914
1826,1413393976.305760622025,1413393977.305760622025,1,1,1,1,0,0,0,-0.188159406185,0.086437106133,0.058861374855,-0.039817083627,-0.041179865599,-0.052842363715,0.996958673000
1827,1413393976.355760335922,1413393977.355760335922,1,1,1,1,0,0,0,-0.156725168228,0.065207242966,0.055058240891,-0.039894804358,-0.039094436914,-0.061003062874,0.996573507786
1828,1413393976.405760526657,1413393977.405760526657,1,1,1,1,0,0,0,-0.128439188004,0.040954768658,0.053054213524,-0.041094984859,-0.035717453808,-0.067514508963,0.996231615543
1829,1413393976.455760478973,1413393977.455760478973,1,1,1,1,0,0,0,-0.104695379734,0.015270471573,0.055742323399,-0.042073909193,-0.030597563833,-0.071699880064,0.996068656445
1830,1413393976.505760431290,1413393977.505760431290,1,1,1,1,0,0,0,-0.082305788994,-0.008297324181,0.059078335762,-0.038963463157,-0.022587491199,-0.076513424516,0.996050894260
1831,1413393976.555760383606,1413393977.555760383606,1,1,1,1,0,0,0,-0.063442647457,-0.030668497086,0.063926577568,-0.035466060042,-0.014225106686,-0.076265528798,0.996355116367
1832,1413393976.605760574341,1413393977.605760574341,1,1,1,1,0,0,0,-0.049591124058,-0.054057896137,0.073371052742,-0.031483862549,-0.005964332726,-0.074721358716,0.996689438820
1833,1413393976.655760288239,1413393977.655760288239,1,1,1,1,0,0,0,-0.039713740349,-0.057676255703,0.072239160538,-0.025902539492,0.001920463168,-0.073122292757,0.996984660625
1834,1413393976.705760478973,1413393977.705760478973,1,1,1,1,0,0,0,-0.030935347080,-0.074308931828,0.080859541893,-0.024384174496,0.010948707350,-0.075028151274,0.996823132038
1835,1413393976.755760431290,1413393977.755760431290,1,1,1,1,0,0,0,-0.025509476662,-0.090708792210,0.090317249298,-0.023278491572,0.019190084189,-0.075418822467,0.996695518494
1836,1413393976.805760622025,1413393977.805760622025,1,1,1,1,0,0,0,-0.024237692356,-0.108422398567,0.099384784698,-0.018914688379,0.026358606294,-0.075614959002,0.996609210968
1837,1413393976.855760335922,1413393977.855760335922,1,1,1,1,0,0,0,-0.027683317661,-0.133637070656,0.113903760910,0.010730051436,-0.032213892788,0.074045769870,-0.996676683426
1838,1413393976.905760526657,1413393977.905760526657,1,1,1,1,0,0,0,-0.034281611443,-0.155309736729,0.120547056198,-0.002094905125,-0.036458384246,0.068479843438,-0.996983945370
1839,1413393976.955760478973,1413393977.955760478973,1,1,1,1,0,0,0,-0.044486045837,-0.176337838173,0.126722455025,0.012879955582,0.039440374821,-0.061506662518,0.997244000435
1840,1413393977.005760431290,1413393978.005760431290,1,1,1,1,0,0,0,-0.058898746967,-0.199404895306,0.128082156181,0.022124802694,0.040087129921,-0.048929147422,0.997752189636
1841,1413393977.055760383606,1413393978.055760383606,1,1,1,1,0,0,0,-0.073913395405,-0.219176113605,0.133649230003,0.026745600626,0.038874316961,-0.033615708351,0.998320400715
1842,1413393977.105760574341,1413393978.105760574341,1,1,1,1,0,0,0,-0.090903460979,-0.236718475819,0.138631582260,0.028376210481,0.036798987538,-0.018109293655,0.998755574226
1843,1413393977.155760288239,1413393978.155760288239,1,1,1,1,0,0,0,-0.108903467655,-0.257608950138,0.152633666992,-0.025426648557,-0.035235811025,0.004774041474,-0.999044179916
1844,1413393977.205760478973,1413393978.205760478973,1,1,1,1,0,0,0,-0.128225505352,-0.264715909958,0.159862399101,-0.021790260449,-0.033622205257,-0.007638784125,-0.999167859554
1845,1413393977.255760431290,1413393978.255760431290,1,1,1,1,0,0,0,-0.148641288280,-0.265311479568,0.166583418846,0.017531901598,0.034155171365,0.017548639327,0.999108672142
1846,1413393977.305760622025,1413393978.305760622025,1,1,1,1,0,0,0,-0.170055568218,-0.269202351570,0.169383049011,0.012734926306,0.036731690168,0.026276966557,0.998898446560
1847,1413393977.355760335922,1413393978.355760335922,1,1,1,1,0,0,0,-0.189352691174,-0.266087412834,0.176294684410,0.012821273878,0.039948917925,0.035603668541,0.998484909534
1848,1413393977.405760526657,1413393978.405760526657,1,1,1,1,0,0,0,-0.208681106567,-0.253298521042,0.178073048592,0.012138430029,0.044245772064,0.043898858130,0.997981905937
1849,1413393977.455760478973,1413393978.455760478973,1,1,1,1,0,0,0,-0.224459290504,-0.253951489925,0.185291051865,0.014471817762,0.050635896623,0.052236743271,0.997245192528
1850,1413393977.505760431290,1413393978.505760431290,1,1,1,1,0,0,0,-0.238481044769,-0.249012351036,0.190500795841,0.017223795876,0.057268273085,0.062675528228,0.996240675449
1851,1413393977.555760383606,1413393978.555760383606,1,1,1,1,0,0,0,-0.246281623840,-0.252296447754,0.205559551716,-0.020178794861,-0.066102728248,-0.069913789630,-0.995155930519
1852,1413393977.605760574341,1413393978.605760574341,1,1,1,1,0,0,0,-0.256301820278,-0.250141322613,0.208551287651,-0.020451696590,-0.077009722590,-0.076647311449,-0.993869483471
1853,1413393977.655760288239,1413393978.655760288239,1,1,1,1,0,0,0,-0.262237668037,-0.247290968895,0.206915080547,0.020439684391,0.088652871549,0.082844763994,0.992400944233
1854,1413393977.705760478973,1413393978.705760478973,1,1,1,1,0,0,0,-0.265928089619,-0.246544480324,0.203341960907,0.017796054482,0.100763864815,0.088964030147,0.990765035152
1855,1413393977.755760431290,1413393978.755760431290,1,1,1,1,0,0,0,-0.269027233124,-0.249192774296,0.195353031158,0.014272423461,0.113709621131,0.094527415931,0.988903939724
1856,1413393977.805760622025,1413393978.805760622025,1,1,1,1,0,0,0,-0.268210649490,-0.250613808632,0.187703430653,0.010497036390,0.125974342227,0.099739953876,0.986950993538
1857,1413393977.855760335922,1413393978.855760335922,1,1,1,1,0,0,0,-0.263464391232,-0.248392939568,0.182496607304,-0.008427845314,-0.138700738549,-0.106802016497,-0.984522461891
1858,1413393977.905760526657,1413393978.905760526657,1,1,1,1,0,0,0,-0.256786465645,-0.251100659370,0.173369586468,-0.007285370491,-0.151842698455,-0.112081028521,-0.982002317905
1859,1413393977.955760478973,1413393978.955760478973,1,1,1,1,0,0,0,-0.246280372143,-0.258546948433,0.169600546360,-0.007408013102,-0.164658516645,-0.117645114660,-0.979281544685
1860,1413393978.005760431290,1413393979.005760431290,1,1,1,1,0,0,0,-0.234106957912,-0.260915040970,0.157887160778,0.008397450671,0.176988095045,0.123902551830,0.976346671581
1861,1413393978.055760383606,1413393979.055760383606,1,1,1,1,0,0,0,-0.219705402851,-0.261145770550,0.146389663219,0.010093661025,0.189718544483,0.128543496132,0.973335325718
1862,1413393978.105760574341,1413393979.105760574341,1,1,1,1,0,0,0,-0.202374994755,-0.260356366634,0.134331226349,0.012714421377,0.202939108014,0.132923498750,0.970044076443
1863,1413393978.155760288239,1413393979.155760288239,1,1,1,1,0,0,0,-0.181389868259,-0.250522553921,0.123092293739,-0.014488072135,-0.218152597547,-0.134929865599,-0.966433465481
1864,1413393978.205760478973,1413393979.205760478973,1,1,1,1,0,0,0,-0.156810224056,-0.246431946754,0.112142443657,-0.014984723181,-0.234102323651,-0.134690806270,-0.962720155716
1865,1413393978.255760431290,1413393979.255760431290,1,1,1,1,0,0,0,-0.132710874081,-0.238693356514,0.099309742451,-0.015053156763,-0.248666614294,-0.134208872914,-0.959127843380
1866,1413393978.305760622025,1413393979.305760622025,1,1,1,1,0,0,0,-0.106865406036,-0.228302717209,0.085731148720,0.015561706387,0.261918574572,0.134681954980,0.955519437790
1867,1413393978.355760335922,1413393979.355760335922,1,1,1,1,0,0,0,-0.080404043198,-0.209791421890,0.072234511375,-0.015594114549,-0.273749440908,-0.133855342865,-0.952313482761
1868,1413393978.405760526657,1413393979.405760526657,1,1,1,1,0,0,0,-0.046391606331,-0.193842649460,0.060710787773,-0.015644555911,-0.283223241568,-0.135589331388,-0.949292123318
1869,1413393978.455760478973,1413393979.455760478973,1,1,1,1,0,0,0,-0.017890214920,-0.172726392746,0.046772241592,0.015112688765,0.291632443666,0.134993225336,0.946836352348
1870,1413393978.505760431290,1413393979.505760431290,1,1,1,1,0,0,0,0.012082397938,-0.147457838058,0.029456138611,0.015476317145,0.297748059034,0.136037439108,0.944775342941
1871,1413393978.555760383606,1413393979.555760383606,1,1,1,1,0,0,0,0.044428110123,-0.123737215996,0.015847027302,0.013825573027,0.302755773067,0.137707248330,0.942965805531
1872,1413393978.605760574341,1413393979.605760574341,1,1,1,1,0,0,0,0.079240441322,-0.099864959717,0.002395033836,0.014836691320,0.305994868279,0.139333888888,0.941665112972
1873,1413393978.655760288239,1413393979.655760288239,1,1,1,1,0,0,0,0.116830050945,-0.073595404625,-0.010799884796,0.015031179413,0.309482991695,0.138400390744,0.940659165382
1874,1413393978.705760478973,1413393979.705760478973,1,1,1,1,0,0,0,0.156247258186,-0.050777435303,-0.022651016712,0.017391070724,0.312715411186,0.136900380254,0.939768552780
1875,1413393978.755760431290,1413393979.755760431290,1,1,1,1,0,0,0,0.197666406631,-0.029726147652,-0.032450556755,0.019984750077,0.314424872398,0.134542465210,0.939487099648
1876,1413393978.805760622025,1413393979.805760622025,1,1,1,1,0,0,0,0.241476178169,-0.010135173798,-0.041789889336,0.021283082664,0.318090498447,0.129083037376,0.938990473747
1877,1413393978.855760335922,1413393979.855760335922,1,1,1,1,0,0,0,0.289519488811,0.002901434898,-0.050196528435,0.019047059119,0.321207284927,0.122748069465,0.938826978207
1878,1413393978.905760526657,1413393979.905760526657,1,1,1,1,0,0,0,0.336314201355,0.019217252731,-0.057331323624,0.015463315882,0.323615133762,0.117652706802,0.938718259335
1879,1413393978.955760478973,1413393979.955760478973,1,1,1,1,0,0,0,0.384235799313,0.033962249756,-0.064166128635,0.011492045596,0.326103568077,0.112301565707,0.938569486141
1880,1413393979.005760431290,1413393980.005760431290,1,1,1,1,0,0,0,0.432661831379,0.045127391815,-0.068880677223,0.008921157569,0.328452736139,0.106826789677,0.938417434692
1881,1413393979.055760383606,1413393980.055760383606,1,1,1,1,0,0,0,0.480943322182,0.055608153343,-0.071177899837,0.002466200618,0.330759167671,0.100431486964,0.938352763653
1882,1413393979.105760574341,1413393980.105760574341,1,1,1,1,0,0,0,0.525850892067,0.066871047020,-0.059299767017,-0.005487838760,0.333364337683,0.092236056924,0.938259422779
1883,1413393979.155760288239,1413393980.155760288239,1,1,1,1,0,0,0,0.573101460934,0.075021028519,-0.053624629974,-0.014668427408,0.334245353937,0.083052322268,0.938705086708
1884,1413393979.205760478973,1413393980.205760478973,1,1,1,1,0,0,0,0.618393957615,0.086464762688,-0.040341377258,-0.026070114225,0.333136022091,0.075602419674,0.939481317997
1885,1413393979.255760431290,1413393980.255760431290,1,1,1,1,0,0,0,0.661706566811,0.089319109917,-0.026777714491,-0.035764563829,0.330002278090,0.067465983331,0.940886735916
1886,1413393979.305760622025,1413393980.305760622025,1,1,1,1,0,0,0,0.701854586601,0.088133931160,-0.015203684568,-0.043577305973,0.324576735497,0.058657158166,0.943032562733
1887,1413393979.355760335922,1413393980.355760335922,1,1,1,1,0,0,0,0.739955902100,0.077185988426,0.006211936474,-0.048928648233,0.317310243845,0.048713352531,0.945805072784
1888,1413393979.405760526657,1413393980.405760526657,1,1,1,1,0,0,0,0.771448016167,0.061852097511,0.035951197147,-0.049355119467,0.309029489756,0.036788780242,0.949058234692
1889,1413393979.455760478973,1413393980.455760478973,1,1,1,1,0,0,0,0.801040828228,0.038548827171,0.066354840994,-0.047272089869,0.298782199621,0.025649992749,0.952804625034
1890,1413393979.505760431290,1413393980.505760431290,1,1,1,1,0,0,0,0.825486600399,0.009267807007,0.100608885288,-0.040226332843,0.288255423307,0.012130324729,0.956631362438
1891,1413393979.555760383606,1413393980.555760383606,1,1,1,1,0,0,0,0.838489651680,-0.023686647415,0.144410312176,-0.029648961499,0.275998383760,-0.000764966244,0.960700392723
1892,1413393979.605760574341,1413393980.605760574341,1,1,1,1,0,0,0,0.849061071873,-0.055179238319,0.186771214008,-0.017754811794,0.262125283480,-0.012999091297,0.964782953262
1893,1413393979.655760288239,1413393980.655760288239,1,1,1,1,0,0,0,0.848537445068,-0.082149028778,0.239754751325,-0.009076615795,0.246678799391,-0.021750885993,0.968810677528
1894,1413393979.705760478973,1413393980.705760478973,1,1,1,1,0,0,0,0.848132014275,-0.104582190514,0.280366122723,-0.004008885939,0.228962168097,-0.027025060728,0.973051905632
1895,1413393979.755760431290,1413393980.755760431290,1,1,1,1,0,0,0,0.836425364017,-0.124661803246,0.331452757120,-0.004332200624,0.211890041828,-0.029729422182,0.976831674576
1896,1413393979.805760622025,1413393980.805760622025,1,1,1,1,0,0,0,0.812806606293,-0.138058900833,0.386421263218,-0.009593570605,0.192890182137,-0.026295294985,0.980821013451
1897,1413393979.855760335922,1413393980.855760335922,1,1,1,1,0,0,0,0.783961474895,-0.150790810585,0.439872890711,-0.014673559926,0.172941923141,-0.020594974980,0.984607398510
1898,1413393979.905760526657,1413393980.905760526657,1,1,1,1,0,0,0,0.749733448029,-0.164877057076,0.491529732943,-0.021895414218,0.153453916311,-0.014452200383,0.987807512283
1899,1413393979.955760478973,1413393980.955760478973,1,1,1,1,0,0,0,0.714546144009,-0.184372067451,0.536531090736,-0.025620670989,0.133229225874,-0.007525706664,0.990725517273
1900,1413393980.005760431290,1413393981.005760431290,1,1,1,1,0,0,0,0.670065283775,-0.203900218010,0.585290193558,-0.027490524575,0.113411553204,-0.000607673661,0.993167519569
1901,1413393980.055760383606,1413393981.055760383606,1,1,1,1,0,0,0,0.621538758278,-0.226669430733,0.632271647453,-0.023500185460,0.092686936259,0.007766409311,0.995387673378
1902,1413393980.105760574341,1413393981.105760574341,1,1,1,1,0,0,0,0.574910581112,-0.253310203552,0.672189533710,-0.016281729564,0.071704491973,0.017392478883,0.997141361237
1903,1413393980.155760288239,1413393981.155760288239,1,1,1,1,0,0,0,0.523571133614,-0.280263304710,0.712146878242,-0.005644647405,0.051647912711,0.027656972408,0.998266398907
1904,1413393980.205760478973,1413393981.205760478973,1,1,1,1,0,0,0,0.479178667068,-0.317018151283,0.744396686554,0.007589454763,0.032287862152,0.037378326058,0.998750627041
1905,1413393980.255760431290,1413393981.255760431290,1,1,1,1,0,0,0,0.437041401863,-0.354158759117,0.770390391350,0.016985414550,0.016040783376,0.044880993664,0.998719096184
1906,1413393980.305760622025,1413393981.305760622025,1,1,1,1,0,0,0,0.397293925285,-0.393224835396,0.792213737965,0.022495893762,0.002833932173,0.049293484539,0.998526990414
1907,1413393980.355760335922,1413393981.355760335922,1,1,1,1,0,0,0,0.364042758942,-0.430411934853,0.810171127319,0.024215469137,-0.007570261601,0.052854351699,0.998279869556
1908,1413393980.405760526657,1413393981.405760526657,1,1,1,1,0,0,0,0.340589523315,-0.460258841515,0.825846493244,0.021556701511,-0.015160402283,0.053210146725,0.998235583305
1909,1413393980.455760478973,1413393981.455760478973,1,1,1,1,0,0,0,0.319449067116,-0.483678340912,0.842484176159,0.017098464072,-0.018866162747,0.048163559288,0.998514950275
1910,1413393980.505760431290,1413393981.505760431290,1,1,1,1,0,0,0,0.303509593010,-0.496430635452,0.862661838531,0.009687698446,-0.020793065429,0.041725073010,0.998865783215
1911,1413393980.555760383606,1413393981.555760383606,1,1,1,1,0,0,0,0.293833613396,-0.498744726181,0.885202884674,-0.000365777465,-0.021005522460,0.032755363733,0.999242544174
1912,1413393980.605760574341,1413393981.605760574341,1,1,1,1,0,0,0,0.285228848457,-0.494381427765,0.911098480225,-0.011398037896,-0.021793765947,0.027087751776,0.999330461025
1913,1413393980.655760288239,1413393981.655760288239,1,1,1,1,0,0,0,0.284260749817,-0.492907524109,0.933280766010,-0.021176304668,-0.023068780079,0.022902864963,0.999247133732
1914,1413393980.705760478973,1413393981.705760478973,1,1,1,1,0,0,0,0.280693054199,-0.492730140686,0.956399023533,-0.027214162052,-0.023174688220,0.018478987738,0.999190151691
1915,1413393980.755760431290,1413393981.755760431290,1,1,1,1,0,0,0,0.279298186302,-0.501290678978,0.975638747215,-0.026755383238,-0.022883400321,0.013594822958,0.999287605286
1916,1413393980.805760622025,1413393981.805760622025,1,1,1,1,0,0,0,0.279469132423,-0.518543481827,0.991818010807,-0.019399143755,-0.021754743531,0.007161556277,0.999549508095
1917,1413393980.855760335922,1413393981.855760335922,1,1,1,1,0,0,0,0.279590606689,-0.538963198662,1.007220387459,-0.009996581823,-0.021478861570,-0.002301445697,0.999716699123
1918,1413393980.905760526657,1413393981.905760526657,1,1,1,1,0,0,0,0.278883337975,-0.564623236656,1.020065546036,0.003391331295,-0.022705415264,-0.013141527772,0.999650120735
1919,1413393980.955760478973,1413393981.955760478973,1,1,1,1,0,0,0,0.276713728905,-0.584895253181,1.035727500916,0.014899190515,-0.025175949559,-0.026139799505,0.999230146408
1920,1413393981.005760431290,1413393982.005760431290,1,1,1,1,0,0,0,0.267171740532,-0.599318742752,1.062989950180,0.025575593114,-0.029654946178,-0.039959199727,0.998433649540
1921,1413393981.055760383606,1413393982.055760383606,1,1,1,1,0,0,0,0.260959625244,-0.607058048248,1.081051111221,0.030159117654,-0.036136507988,-0.053038336337,0.997482597828
1922,1413393981.105760574341,1413393982.105760574341,1,1,1,1,0,0,0,0.248103022575,-0.604817152023,1.100349187851,0.032584436238,-0.045086789876,-0.066397659481,0.996241390705
1923,1413393981.155760288239,1413393982.155760288239,1,1,1,1,0,0,0,0.236245036125,-0.591745615005,1.124375462532,0.031502727419,-0.057411693037,-0.077480822802,0.994840800762
1924,1413393981.205760478973,1413393982.205760478973,1,1,1,1,0,0,0,0.222656846046,-0.572496414185,1.148068189621,0.027437569574,-0.071862697601,-0.087333738804,0.993204832077
1925,1413393981.255760431290,1413393982.255760431290,1,1,1,1,0,0,0,0.207448482513,-0.554073452950,1.168061017990,0.026280432940,-0.088717103004,-0.095391988754,0.991130232811
1926,1413393981.305760622025,1413393982.305760622025,1,1,1,1,0,0,0,0.193067193031,-0.534493207932,1.189473390579,0.027799546719,-0.106954611838,-0.102573737502,0.988567948341
1927,1413393981.355760335922,1413393982.355760335922,1,1,1,1,0,0,0,0.173257946968,-0.521100521088,1.201838850975,0.027488805354,-0.126170217991,-0.110909596086,0.985405802727
1928,1413393981.405760526657,1413393982.405760526657,1,1,1,1,0,0,0,0.152123332024,-0.508590459824,1.211722970009,0.027756368741,-0.146654874086,-0.117768332362,0.981759965420
1929,1413393981.455760478973,1413393982.455760478973,1,1,1,1,0,0,0,0.127825260162,-0.493806600571,1.220567464828,0.028164278716,-0.169545933604,-0.121578671038,0.977588713169
1930,1413393981.505760431290,1413393982.505760431290,1,1,1,1,0,0,0,0.100830435753,-0.476729869843,1.227482199669,0.027906598523,-0.194099262357,-0.124169744551,0.972691357136
1931,1413393981.555760383606,1413393982.555760383606,1,1,1,1,0,0,0,0.075151324272,-0.462633609772,1.230721235275,0.028480732813,-0.220284983516,-0.125005215406,0.966973245144
1932,1413393981.605760574341,1413393982.605760574341,1,1,1,1,0,0,0,0.043759942055,-0.450211763382,1.232470989227,0.029438868165,-0.246475100517,-0.129293918610,0.960034668446
1933,1413393981.655760288239,1413393982.655760288239,1,1,1,1,0,0,0,0.009798645973,-0.442070007324,1.230847001076,0.032474521548,-0.272772043943,-0.136052593589,0.951856434345
1934,1413393981.705760478973,1413393982.705760478973,1,1,1,1,0,0,0,-0.024666547775,-0.435325384140,1.226435780525,0.035723149776,-0.298594295979,-0.144832357764,0.942650020123
1935,1413393981.755760431290,1413393982.755760431290,1,1,1,1,0,0,0,-0.060827493668,-0.433425903320,1.223117351532,0.039341762662,-0.326024442911,-0.153669118881,0.931958198547
1936,1413393981.805760622025,1413393982.805760622025,1,1,1,1,0,0,0,-0.097133636475,-0.423945426941,1.214884638786,0.042542446405,-0.352508038282,-0.162783309817,0.920559585094
1937,1413393981.855760335922,1413393982.855760335922,1,1,1,1,0,0,0,-0.128828644753,-0.417365312576,1.204043745995,0.047165233642,-0.377419978380,-0.169964730740,0.909088313580
1938,1413393981.905760526657,1413393982.905760526657,1,1,1,1,0,0,0,-0.154320478439,-0.412255287170,1.182891011238,0.050566721708,-0.400811314583,-0.176991626620,0.897478222847
1939,1413393981.955760478973,1413393982.955760478973,1,1,1,1,0,0,0,-0.173300385475,-0.409704446793,1.172957420349,0.051084123552,-0.422183305025,-0.182650059462,0.886448264122
1940,1413393982.005760431290,1413393983.005760431290,1,1,1,1,0,0,0,-0.189167141914,-0.397209405899,1.159097075462,0.050186946988,-0.441229581833,-0.187627449632,0.876124322414
1941,1413393982.055760383606,1413393983.055760383606,1,1,1,1,0,0,0,-0.201156377792,-0.388783931732,1.143495082855,0.051022313535,-0.457841157913,-0.194325461984,0.866034567356
1942,1413393982.105760574341,1413393983.105760574341,1,1,1,1,0,0,0,-0.207653164864,-0.377957582474,1.127779245377,0.051945351064,-0.471873492002,-0.199979707599,0.857114493847
1943,1413393982.155760288239,1413393983.155760288239,1,1,1,1,0,0,0,-0.211758494377,-0.367704868317,1.112944126129,0.051926940680,-0.483444303274,-0.207083031535,0.848941624165
1944,1413393982.205760478973,1413393983.205760478973,1,1,1,1,0,0,0,-0.213359117508,-0.356890916824,1.091455221176,0.052954386920,-0.492312163115,-0.214890539646,0.841811478138
1945,1413393982.255760431290,1413393983.255760431290,1,1,1,1,0,0,0,-0.208991050720,-0.344040632248,1.074170112610,0.053836986423,-0.499346911907,-0.221703007817,0.835824191570
1946,1413393982.305760622025,1413393983.305760622025,1,1,1,1,0,0,0,-0.204298973083,-0.334816932678,1.052420139313,0.053805500269,-0.505168199539,-0.227994412184,0.830619454384
1947,1413393982.355760335922,1413393983.355760335922,1,1,1,1,0,0,0,-0.197132587433,-0.329499483109,1.030938148499,0.058660902083,-0.508445858955,-0.234743565321,0.826400220394
1948,1413393982.405760526657,1413393983.405760526657,1,1,1,1,0,0,0,-0.189879417419,-0.325601220131,1.007681846619,0.064954802394,-0.510914802551,-0.239380031824,0.823070049286
1949,1413393982.455760478973,1413393983.455760478973,1,1,1,1,0,0,0,-0.186852693558,-0.324794530869,0.974922418594,0.070027455688,-0.512183785439,-0.242555454373,0.820932924747
1950,1413393982.505760431290,1413393983.505760431290,1,1,1,1,0,0,0,-0.180649995804,-0.322594523430,0.948748588562,0.077097259462,-0.512863814831,-0.243281543255,0.819658935070
1951,1413393982.555760383606,1413393983.555760383606,1,1,1,1,0,0,0,-0.175762653351,-0.318668127060,0.920795202255,0.082016669214,-0.512355208397,-0.243935614824,0.819305121899
1952,1413393982.605760574341,1413393983.605760574341,1,1,1,1,0,0,0,-0.173297643661,-0.315565586090,0.886798620224,0.087413460016,-0.511009752750,-0.243034452200,0.819855034351
1953,1413393982.655760288239,1413393983.655760288239,1,1,1,1,0,0,0,-0.173709630966,-0.304246187210,0.855194687843,0.091247849166,-0.508592903614,-0.240653648973,0.821640431881
1954,1413393982.705760478973,1413393983.705760478973,1,1,1,1,0,0,0,-0.175782203674,-0.299566864967,0.821071505547,0.095318362117,-0.506596684456,-0.235128566623,0.824007809162
1955,1413393982.755760431290,1413393983.755760431290,1,1,1,1,0,0,0,-0.179800748825,-0.294373035431,0.785617470741,0.097023069859,-0.502828717232,-0.229065552354,0.827815771103
1956,1413393982.805760622025,1413393983.805760622025,1,1,1,1,0,0,0,-0.192941427231,-0.290747880936,0.746578693390,0.096631087363,-0.499138236046,-0.220733985305,0.832346141338
1957,1413393982.855760335922,1413393983.855760335922,1,1,1,1,0,0,0,-0.206242322922,-0.286200284958,0.709928750992,0.095843821764,-0.495422035456,-0.211504459381,0.837040603161
1958,1413393982.905760526657,1413393983.905760526657,1,1,1,1,0,0,0,-0.222626686096,-0.284995079041,0.673463463783,0.095549754798,-0.490198493004,-0.201681748033,0.842555761337
1959,1413393982.955760478973,1413393983.955760478973,1,1,1,1,0,0,0,-0.245065689087,-0.286997556686,0.636998295784,0.098737984896,-0.483117043972,-0.196260482073,0.847543835640
1960,1413393983.005760431290,1413393984.005760431290,1,1,1,1,0,0,0,-0.265346050262,-0.283616662025,0.598803460598,0.100523658097,-0.475883990526,-0.191804096103,0.852432131767
1961,1413393983.055760383606,1413393984.055760383606,1,1,1,1,0,0,0,-0.294703483582,-0.289786159992,0.564172029495,0.104035951197,-0.468351602554,-0.187719374895,0.857079267502
1962,1413393983.105760574341,1413393984.105760574341,1,1,1,1,0,0,0,-0.327890396118,-0.297096073627,0.530764102936,0.107358224690,-0.461728066206,-0.183208361268,0.861229479313
1963,1413393983.155760288239,1413393984.155760288239,1,1,1,1,0,0,0,-0.362678527832,-0.305515348911,0.498161256313,-0.112155593932,0.455207198858,0.178601771593,-0.865048527718
1964,1413393983.205760478973,1413393984.205760478973,1,1,1,1,0,0,0,-0.397101879120,-0.318968713284,0.461969584227,-0.116236113012,0.449144542217,0.173671528697,-0.868675172329
1965,1413393983.255760431290,1413393984.255760431290,1,1,1,1,0,0,0,-0.438134908676,-0.334006965160,0.430330455303,-0.119313403964,0.443536043167,0.168209239841,-0.872207403183
1966,1413393983.305760622025,1413393984.305760622025,1,1,1,1,0,0,0,-0.479281425476,-0.348886996508,0.401312649250,-0.121213734150,0.438003212214,0.161350056529,-0.876028895378
1967,1413393983.355760335922,1413393984.355760335922,1,1,1,1,0,0,0,-0.522197246552,-0.367059141397,0.366501152515,-0.120584979653,0.432554423809,0.151972025633,-0.880488753319
1968,1413393983.405760526657,1413393984.405760526657,1,1,1,1,0,0,0,-0.567780971527,-0.385334849358,0.340798258781,-0.119904786348,0.426335483789,0.142480984330,-0.885189294815
1969,1413393983.455760478973,1413393984.455760478973,1,1,1,1,0,0,0,-0.612521171570,-0.401052117348,0.320603370667,-0.118506297469,0.418519288301,0.135407269001,-0.890203714371
1970,1413393983.505760431290,1413393984.505760431290,1,1,1,1,0,0,0,-0.658281326294,-0.417028844357,0.297471046448,-0.115173026919,0.410095244646,0.126679986715,-0.895828902721
1971,1413393983.555760383606,1413393984.555760383606,1,1,1,1,0,0,0,-0.705464839935,-0.433851182461,0.280375003815,-0.113074310124,0.400621563196,0.119023941457,-0.901415526867
1972,1413393983.605760574341,1413393984.605760574341,1,1,1,1,0,0,0,-0.751452207565,-0.450128853321,0.266777634621,0.106487624347,-0.390966534615,-0.109520539641,0.907640218735
1973,1413393983.655760288239,1413393984.655760288239,1,1,1,1,0,0,0,-0.797633647919,-0.462278425694,0.254508972168,-0.096239745617,0.382131010294,0.096698224545,-0.913982093334
1974,1413393983.705760478973,1413393984.705760478973,1,1,1,1,0,0,0,-0.845692157745,-0.472709953785,0.247554063797,-0.081684350967,0.373737871647,0.079125970602,-0.920536100864
1975,1413393983.755760431290,1413393984.755760431290,1,1,1,1,0,0,0,-0.893609046936,-0.481437325478,0.243788957596,-0.070548221469,0.362531095743,0.063018076122,-0.927158474922
1976,1413393983.805760622025,1413393984.805760622025,1,1,1,1,0,0,0,-0.945991277695,-0.483002483845,0.243740081787,0.060266353190,-0.349134385586,-0.048968732357,0.933849632740
1977,1413393983.855760335922,1413393984.855760335922,1,1,1,1,0,0,0,-0.992409467697,-0.482590824366,0.255166053772,-0.046146418899,0.334543257952,0.032999232411,-0.940671265125
1978,1413393983.905760526657,1413393984.905760526657,1,1,1,1,0,0,0,-1.037444829941,-0.478219240904,0.266175746918,-0.030383624136,0.317157357931,0.015657024458,-0.947756826878
1979,1413393983.955760478973,1413393984.955760478973,1,1,1,1,0,0,0,-1.074973106384,-0.478906184435,0.279982328415,-0.015445869416,0.297690808773,-0.006086654495,-0.954518020153
1980,1413393984.005760431290,1413393985.005760431290,1,1,1,1,0,0,0,-1.109999895096,-0.476898521185,0.300943136215,0.003850101726,-0.274167656898,0.025945205241,0.961324155331
1981,1413393984.055760383606,1413393985.055760383606,1,1,1,1,0,0,0,-1.137513518333,-0.475114554167,0.331033706665,0.004778976552,0.245887801051,-0.043427817523,-0.968313217163
1982,1413393984.105760574341,1413393985.105760574341,1,1,1,1,0,0,0,-1.158327341080,-0.472115457058,0.364473342896,0.009319845587,0.213398844004,-0.058824393898,-0.975148141384
1983,1413393984.155760288239,1413393985.155760288239,1,1,1,1,0,0,0,-1.172832012177,-0.467701077461,0.403036355972,0.009344312362,0.176857396960,-0.070019423962,-0.981698274612
1984,1413393984.205760478973,1413393985.205760478973,1,1,1,1,0,0,0,-1.179867863655,-0.459797292948,0.449621915817,0.008245573379,0.138330876827,-0.079939432442,-0.987120270729
1985,1413393984.255760431290,1413393985.255760431290,1,1,1,1,0,0,0,-1.183756947517,-0.449808895588,0.497159719467,0.007783154026,0.098044335842,-0.087873205543,-0.991264402866
1986,1413393984.305760622025,1413393985.305760622025,1,1,1,1,0,0,0,-1.180589795113,-0.427833735943,0.545691967010,0.007648359984,0.056379538029,-0.091597691178,-0.994169354439
1987,1413393984.355760335922,1413393985.355760335922,1,1,1,1,0,0,0,-1.171260833740,-0.401650130749,0.594007015228,0.009475542232,0.015269541182,-0.093294702470,-0.995476365089
1988,1413393984.405760526657,1413393985.405760526657,1,1,1,1,0,0,0,-1.159301996231,-0.374045670033,0.638445854187,0.012748002075,-0.024428062141,-0.096522480249,-0.994949400425
1989,1413393984.455760478973,1413393985.455760478973,1,1,1,1,0,0,0,-1.144900321960,-0.347607642412,0.681344985962,0.016809487715,-0.062381546944,-0.102194428444,-0.992664217949
1990,1413393984.505760431290,1413393985.505760431290,1,1,1,1,0,0,0,-1.126428008080,-0.318723678589,0.719069004059,0.021319847554,-0.098093323410,-0.107555083930,-0.989118337631
1991,1413393984.555760383606,1413393985.555760383606,1,1,1,1,0,0,0,-1.106688499451,-0.289273887873,0.753067016602,0.028648691252,-0.131174489856,-0.116872698069,-0.984029114246
1992,1413393984.605760574341,1413393985.605760574341,1,1,1,1,0,0,0,-1.085225582123,-0.258877635002,0.783996343613,0.034434914589,-0.162058532238,-0.126638531685,-0.978015363216
1993,1413393984.655760288239,1413393985.655760288239,1,1,1,1,0,0,0,-1.061988711357,-0.218618303537,0.815140485764,0.038674931973,-0.191714912653,-0.133029401302,-0.971623837948
1994,1413393984.705760478973,1413393985.705760478973,1,1,1,1,0,0,0,-1.035523653030,-0.170677959919,0.844576358795,0.041112046689,-0.220099151134,-0.135489761829,-0.965146958828
1995,1413393984.755760431290,1413393985.755760431290,1,1,1,1,0,0,0,-1.008592367172,-0.127200007439,0.866961240768,0.044728036970,-0.245814755559,-0.137967750430,-0.958404660225
1996,1413393984.805760622025,1413393985.805760622025,1,1,1,1,0,0,0,-0.980332911015,-0.088832199574,0.883133888245,0.046677410603,-0.268838316202,-0.139842048287,-0.951835811138
1997,1413393984.855760335922,1413393985.855760335922,1,1,1,1,0,0,0,-0.955725908279,-0.054807841778,0.899716377258,0.043265629560,-0.289717733860,-0.140160158277,-0.945804953575
1998,1413393984.905760526657,1413393985.905760526657,1,1,1,1,0,0,0,-0.930564045906,-0.029063344002,0.905001163483,0.035093545914,-0.306506991386,-0.140060037374,-0.940853357315
1999,1413393984.955760478973,1413393985.955760478973,1,1,1,1,0,0,0,-0.908587574959,-0.008570849895,0.903076410294,0.026240391657,-0.320183783770,-0.138179689646,-0.936856508255
2000,1413393985.005760431290,1413393986.005760431290,1,1,1,1,0,0,0,-0.891826629639,0.005312025547,0.893754005432,0.017342912033,-0.330188512802,-0.136894777417,-0.933774411678
2001,1413393985.055760383606,1413393986.055760383606,1,1,1,1,0,0,0,-0.876584529877,0.007794916630,0.876791000366,0.011559755541,-0.335231453180,-0.138042360544,-0.931896209717
2002,1413393985.105760574341,1413393986.105760574341,1,1,1,1,0,0,0,-0.872490108013,0.008704066277,0.847481489182,0.009646567516,-0.337551027536,-0.142987713218,-0.930333733559
2003,1413393985.155760288239,1413393986.155760288239,1,1,1,1,0,0,0,-0.874107122421,0.004524528980,0.812686443329,0.012575031258,-0.336633354425,-0.150880202651,-0.929384231567
2004,1413393985.205760478973,1413393986.205760478973,1,1,1,1,0,0,0,-0.881987094879,0.003669500351,0.766353130341,0.014593203552,-0.333447188139,-0.160935521126,-0.928816378117
2005,1413393985.255760431290,1413393986.255760431290,1,1,1,1,0,0,0,-0.881446957588,-0.007478296757,0.724488973618,-0.017570935190,0.329841583967,0.172172039747,0.928036987782
2006,1413393985.305760622025,1413393986.305760622025,1,1,1,1,0,0,0,-0.877224206924,-0.023196160793,0.679406881332,0.021676450968,-0.325497537851,-0.183559149504,-0.927301228046
2007,1413393985.355760335922,1413393986.355760335922,1,1,1,1,0,0,0,-0.869391620159,-0.040874719620,0.636145353317,0.024933399633,-0.320632100105,-0.194403871894,-0.926704168320
2008,1413393985.405760526657,1413393986.405760526657,1,1,1,1,0,0,0,-0.854352355003,-0.055286526680,0.596065998077,0.027067741379,-0.317078828812,-0.203072220087,-0.926007568836
2009,1413393985.455760478973,1413393986.455760478973,1,1,1,1,0,0,0,-0.836950063705,-0.055017352104,0.556174039841,-0.027202939615,0.313349366188,0.208108410239,0.926155030727
2010,1413393985.505760431290,1413393986.505760431290,1,1,1,1,0,0,0,-0.806920766830,-0.067474305630,0.519894123077,0.030361695215,-0.312316834927,-0.206561252475,-0.926751732826
2011,1413393985.555760383606,1413393986.555760383606,1,1,1,1,0,0,0,-0.770988047123,-0.075207829475,0.487969398499,0.028618177399,-0.315048038960,-0.194428429008,-0.928505957127
2012,1413393985.605760574341,1413393986.605760574341,1,1,1,1,0,0,0,-0.728576064110,-0.082977175713,0.460863828659,0.023150160909,-0.319714397192,-0.174867004156,-0.930950284004
2013,1413393985.655760288239,1413393986.655760288239,1,1,1,1,0,0,0,-0.683699190617,-0.081235289574,0.436731100082,-0.013214057311,0.325075894594,0.153133869171,0.933113694191
2014,1413393985.705760478973,1413393986.705760478973,1,1,1,1,0,0,0,-0.633816123009,-0.096359014511,0.419202566147,-0.000547103118,-0.330090016127,-0.133630335331,-0.934442758560
2015,1413393985.755760431290,1413393986.755760431290,1,1,1,1,0,0,0,-0.584824979305,-0.112061977386,0.403702735901,-0.015554836951,-0.334017485380,-0.116884335876,-0.935162246227
2016,1413393985.805760622025,1413393986.805760622025,1,1,1,1,0,0,0,-0.536371886730,-0.129672586918,0.390635728836,-0.030612649396,-0.338090330362,-0.101665303111,-0.935105383396
2017,1413393985.855760335922,1413393986.855760335922,1,1,1,1,0,0,0,-0.498098850250,-0.135999202728,0.382246732712,0.046146415174,0.341534346342,0.086847983301,0.934709787369
2018,1413393985.905760526657,1413393986.905760526657,1,1,1,1,0,0,0,-0.457967638969,-0.154036581516,0.373038053513,-0.057936120778,-0.341748446226,-0.073289498687,-0.935136437416
2019,1413393985.955760478973,1413393986.955760478973,1,1,1,1,0,0,0,-0.421808958054,-0.165711641312,0.364201426506,-0.064786881208,-0.337978214025,-0.066033996642,-0.936596453190
2020,1413393986.005760431290,1413393987.005760431290,1,1,1,1,0,0,0,-0.398124039173,-0.162554025650,0.354124426842,-0.066065475345,-0.331453382969,-0.061718560755,-0.939129889011
2021,1413393986.055760383606,1413393987.055760383606,1,1,1,1,0,0,0,-0.370315134525,-0.176798343658,0.347685217857,-0.064219519496,-0.323386013508,-0.058533981442,-0.942269146442
2022,1413393986.105760574341,1413393987.105760574341,1,1,1,1,0,0,0,-0.348580956459,-0.175800085068,0.343064785004,-0.062628187239,-0.313646286726,-0.052827849984,-0.945998370647
2023,1413393986.155760288239,1413393987.155760288239,1,1,1,1,0,0,0,-0.334279179573,-0.166823267937,0.334311604500,-0.060831137002,-0.303105056286,-0.046404197812,-0.949880838394
2024,1413393986.205760478973,1413393987.205760478973,1,1,1,1,0,0,0,-0.319447398186,-0.155150651932,0.336371064186,0.058923672885,0.293251752853,0.036221638322,0.953529953957
2025,1413393986.255760431290,1413393987.255760431290,1,1,1,1,0,0,0,-0.309933662415,-0.143652796745,0.335670590401,0.056311033666,0.281352788210,0.024763522670,0.957630693913
2026,1413393986.305760622025,1413393987.305760622025,1,1,1,1,0,0,0,-0.303499281406,-0.147826075554,0.335130572319,-0.053757291287,-0.268979102373,-0.012955616228,-0.961557388306
2027,1413393986.355760335922,1413393987.355760335922,1,1,1,1,0,0,0,-0.304622113705,-0.141518354416,0.332054138184,-0.052064657211,-0.254784345627,-0.002503841883,-0.965592026711
2028,1413393986.405760526657,1413393987.405760526657,1,1,1,1,0,0,0,-0.309913158417,-0.130299925804,0.326613903046,-0.049719914794,-0.239560961723,0.009223483503,-0.969563603401
2029,1413393986.455760478973,1413393987.455760478973,1,1,1,1,0,0,0,-0.320545077324,-0.118596732616,0.320463776588,0.048587337136,0.222766727209,-0.018036166206,0.973493218422
2030,1413393986.505760431290,1413393987.505760431290,1,1,1,1,0,0,0,-0.336268424988,-0.122417628765,0.310486555099,-0.043992999941,-0.205143436790,0.022205570713,-0.977490603924
2031,1413393986.555760383606,1413393987.555760383606,1,1,1,1,0,0,0,-0.356838941574,-0.116799950600,0.298662424088,-0.038095548749,-0.186227932572,0.020899580792,-0.981545329094
2032,1413393986.605760574341,1413393987.605760574341,1,1,1,1,0,0,0,-0.380464911461,-0.113660097122,0.282818913460,-0.029396966100,-0.167667791247,0.014044467360,-0.985305130482
2033,1413393986.655760288239,1413393987.655760288239,1,1,1,1,0,0,0,-0.405454277992,-0.115697741508,0.262828707695,0.020917898044,0.149411454797,-0.003918757197,0.988546133041
2034,1413393986.705760478973,1413393987.705760478973,1,1,1,1,0,0,0,-0.429631114006,-0.117752075195,0.248171091080,-0.009977925569,-0.133305251598,-0.003559537698,-0.991018474102
2035,1413393986.755760431290,1413393987.755760431290,1,1,1,1,0,0,0,-0.457284927368,-0.113652646542,0.226922869682,-0.001392161939,-0.118371680379,-0.012002385221,-0.992895841599
2036,1413393986.805760622025,1413393987.805760622025,1,1,1,1,0,0,0,-0.484680116177,-0.113706052303,0.204634904861,0.010368232615,-0.102868646383,-0.019985973835,-0.994440078735
2037,1413393986.855760335922,1413393987.855760335922,1,1,1,1,0,0,0,-0.510148227215,-0.110261261463,0.186411976814,0.019911587238,-0.087762191892,-0.029196174815,-0.995514452457
2038,1413393986.905760526657,1413393987.905760526657,1,1,1,1,0,0,0,-0.534829556942,-0.103525757790,0.167730808258,0.028077166528,-0.074966378510,-0.036287147552,-0.996129989624
2039,1413393986.955760478973,1413393987.955760478973,1,1,1,1,0,0,0,-0.558009684086,-0.097487926483,0.152760744095,0.030374094844,-0.065534591675,-0.039053916931,-0.996623039246
2040,1413393987.005760431290,1413393988.005760431290,1,1,1,1,0,0,0,-0.578057944775,-0.083876371384,0.145269334316,0.025788230821,-0.058579541743,-0.038486644626,-0.997207224369
2041,1413393987.055760383606,1413393988.055760383606,1,1,1,1,0,0,0,-0.596342623234,-0.069634318352,0.138519644737,0.020759643987,-0.053222216666,-0.037113282830,-0.997676789761
2042,1413393987.105760574341,1413393988.105760574341,1,1,1,1,0,0,0,-0.614636182785,-0.060956478119,0.135907471180,0.015252161771,-0.050189349800,-0.034710995853,-0.998019874096
2043,1413393987.155760288239,1413393988.155760288239,1,1,1,1,0,0,0,-0.629446625710,-0.047222852707,0.136338949203,-0.007637424860,0.048468738794,0.030716210604,0.998323082924
2044,1413393987.205760478973,1413393988.205760478973,1,1,1,1,0,0,0,-0.642722010612,-0.025565743446,0.138367831707,-0.000983510166,0.048125106841,0.025805972517,0.998507440090
2045,1413393987.255760431290,1413393988.255760431290,1,1,1,1,0,0,0,-0.656484723091,-0.016189932823,0.141927599907,0.005823324900,0.048376243562,0.021389564499,0.998583137989
2046,1413393987.305760622025,1413393988.305760622025,1,1,1,1,0,0,0,-0.668391883373,0.002107501030,0.145653784275,0.011452151462,0.048816114664,0.017135899514,0.998595178127
2047,1413393987.355760335922,1413393988.355760335922,1,1,1,1,0,0,0,-0.679917931557,0.023391544819,0.151246190071,0.017370169982,0.050413858145,0.012282347307,0.998501837254
2048,1413393987.405760526657,1413393988.405760526657,1,1,1,1,0,0,0,-0.689465880394,0.035354495049,0.158969700336,0.019733555615,0.052569828928,0.006973442622,0.998397946358
2049,1413393987.455760478973,1413393988.455760478973,1,1,1,1,0,0,0,-0.700165987015,0.057081103325,0.165840744972,0.020323967561,0.056982345879,-0.002188845072,0.998165965080
2050,1413393987.505760431290,1413393988.505760431290,1,1,1,1,0,0,0,-0.712141513824,0.082846462727,0.171175181866,0.018482677639,0.061608500779,-0.013157466426,0.997842550278
2051,1413393987.555760383606,1413393988.555760383606,1,1,1,1,0,0,0,-0.723624169827,0.096751987934,0.172969639301,0.014416598715,0.064322441816,-0.022424310446,0.997573018074
2052,1413393987.605760574341,1413393988.605760574341,1,1,1,1,0,0,0,-0.741064786911,0.115796983242,0.170855164528,0.012657292187,0.064801566303,-0.029446838424,0.997383356094
2053,1413393987.655760288239,1413393988.655760288239,1,1,1,1,0,0,0,-0.761443734169,0.143339574337,0.166066408157,0.011133057065,0.061047308147,-0.026560898870,0.997719347477
2054,1413393987.705760478973,1413393988.705760478973,1,1,1,1,0,0,0,-0.784803569317,0.158334970474,0.160733997822,0.007763080765,0.055251684040,-0.021867465228,0.998202860355
2055,1413393987.755760431290,1413393988.755760431290,1,1,1,1,0,0,0,-0.809534907341,0.180122196674,0.150759577751,0.003801108338,0.047150839120,-0.011195366271,0.998817861080
2056,1413393987.805760622025,1413393988.805760622025,1,1,1,1,0,0,0,-0.833502769470,0.204899191856,0.142685174942,-0.000072535593,0.041574317962,0.001011677319,0.999134957790
2057,1413393987.855760335922,1413393988.855760335922,1,1,1,1,0,0,0,-0.854330837727,0.222594738007,0.137046515942,-0.009539557621,0.036609854549,0.016528744251,0.999147474766
2058,1413393987.905760526657,1413393988.905760526657,1,1,1,1,0,0,0,-0.876361727715,0.235361039639,0.130662918091,-0.017972670496,0.033624820411,0.034887369722,0.998663783073
2059,1413393987.955760478973,1413393988.955760478973,1,1,1,1,0,0,0,-0.896319985390,0.244013190269,0.122117877007,-0.026279659942,0.033268474042,0.051502689719,0.997772574425
2060,1413393988.005760431290,1413393989.005760431290,1,1,1,1,0,0,0,-0.908880412579,0.238208055496,0.114644348621,-0.035862267017,0.034187074751,0.067870870233,0.996463119984
2061,1413393988.055760383606,1413393989.055760383606,1,1,1,1,0,0,0,-0.922737181187,0.225125551224,0.104627847672,-0.044971633703,0.036121856421,0.082588665187,0.994913041592
2062,1413393988.105760574341,1413393989.105760574341,1,1,1,1,0,0,0,-0.933900892735,0.209070265293,0.091579437256,-0.054591305554,0.037480961531,0.098355934024,0.992945671082
2063,1413393988.155760288239,1413393989.155760288239,1,1,1,1,0,0,0,-0.937091410160,0.178387641907,0.079089164734,-0.067073136568,0.039705052972,0.111933931708,0.990654110909
2064,1413393988.205760478973,1413393989.205760478973,1,1,1,1,0,0,0,-0.935953080654,0.135801136494,0.068392157555,-0.078520864248,0.042704168707,0.121482163668,0.988561093807
2065,1413393988.255760431290,1413393989.255760431290,1,1,1,1,0,0,0,-0.927240431309,0.089492797852,0.060057103634,-0.086443230510,0.047989498824,0.124098397791,0.987331926823
2066,1413393988.305760622025,1413393989.305760622025,1,1,1,1,0,0,0,-0.906248986721,0.038786053658,0.057836294174,-0.081039100885,0.058477174491,0.107846714556,0.989132046700
2067,1413393988.355760335922,1413393989.355760335922,1,1,1,1,0,0,0,-0.883552610874,-0.018597245216,0.059923946857,-0.068967677653,0.069870926440,0.088438324630,0.991231739521
2068,1413393988.405760526657,1413393989.405760526657,1,1,1,1,0,0,0,-0.857405960560,-0.077769160271,0.062700748444,-0.050095293671,0.079987257719,0.072373613715,0.992902100086
2069,1413393988.455760478973,1413393989.455760478973,1,1,1,1,0,0,0,-0.823245704174,-0.139170169830,0.064915537834,-0.029308462515,0.087392985821,0.062131337821,0.993802428246
2070,1413393988.505760431290,1413393989.505760431290,1,1,1,1,0,0,0,-0.788990199566,-0.205931067467,0.070311546326,-0.010469007306,0.090884692967,0.059649810195,0.994018316269
2071,1413393988.555760383606,1413393989.555760383606,1,1,1,1,0,0,0,-0.755831360817,-0.263068139553,0.076571762562,0.003832602641,0.092924542725,0.061120111495,0.993788123131
2072,1413393988.605760574341,1413393989.605760574341,1,1,1,1,0,0,0,-0.720400571823,-0.314605891705,0.085300981998,0.009455189109,0.093484088778,0.064247362316,0.993500709534
2073,1413393988.655760288239,1413393989.655760288239,1,1,1,1,0,0,0,-0.687349140644,-0.341643691063,0.101154267788,0.013205450028,0.096072003245,0.058549407870,0.993563234806
2074,1413393988.705760478973,1413393989.705760478973,1,1,1,1,0,0,0,-0.657171666622,-0.359914302826,0.116217911243,0.014171670191,0.099382512271,0.053504470736,0.993508756161
2075,1413393988.755760431290,1413393989.755760431290,1,1,1,1,0,0,0,-0.629554808140,-0.362633466721,0.137668907642,0.015610185452,0.104797035456,0.043007504195,0.993440628052
2076,1413393988.805760622025,1413393989.805760622025,1,1,1,1,0,0,0,-0.604587078094,-0.365756750107,0.152752339840,0.019605046138,0.109078548849,0.033991005272,0.993258297443
2077,1413393988.855760335922,1413393989.855760335922,1,1,1,1,0,0,0,-0.587883472443,-0.363221049309,0.164639890194,0.031069997698,0.113626010716,0.024824535474,0.992727339268
2078,1413393988.905760526657,1413393989.905760526657,1,1,1,1,0,0,0,-0.570704162121,-0.352784156799,0.174200594425,0.043661549687,0.117356680334,0.015655593947,0.992006123066
2079,1413393988.955760478973,1413393989.955760478973,1,1,1,1,0,0,0,-0.554344296455,-0.342029750347,0.180761158466,0.057757318020,0.118931978941,0.011449232697,0.991154968739
2080,1413393989.005760431290,1413393990.005760431290,1,1,1,1,0,0,0,-0.542702794075,-0.329712152481,0.184544980526,0.072200253606,0.121277242899,0.010081452318,0.989938020706
2081,1413393989.055760383606,1413393990.055760383606,1,1,1,1,0,0,0,-0.527464866638,-0.312594294548,0.189002394676,0.086719356477,0.126627281308,0.006767558865,0.988129317760
2082,1413393989.105760574341,1413393990.105760574341,1,1,1,1,0,0,0,-0.512803554535,-0.289298593998,0.193070471287,0.101149804890,0.134802222252,0.001933799009,0.985694408417
2083,1413393989.155760288239,1413393990.155760288239,1,1,1,1,0,0,0,-0.502347290516,-0.261346876621,0.194776177406,0.114415913820,0.144607618451,0.000132603993,0.982851862907
2084,1413393989.205760478973,1413393990.205760478973,1,1,1,1,0,0,0,-0.487898945808,-0.230501711369,0.195372879505,0.125268325210,0.154515057802,0.003493829630,0.980010628700
2085,1413393989.255760431290,1413393990.255760431290,1,1,1,1,0,0,0,-0.472445547581,-0.198888421059,0.192111849785,0.129092723131,0.164158120751,0.014351210557,0.977845191956
2086,1413393989.305760622025,1413393990.305760622025,1,1,1,1,0,0,0,-0.459074735641,-0.169147670269,0.188536405563,0.113061584532,0.171845212579,0.042532294989,0.977689862251
2087,1413393989.355760335922,1413393990.355760335922,1,1,1,1,0,0,0,-0.448498308659,-0.132158100605,0.180236101151,0.086050368845,0.180019006133,0.072841316462,0.977180957794
2088,1413393989.405760526657,1413393990.405760526657,1,1,1,1,0,0,0,-0.441335290670,-0.089437127113,0.166626274586,0.055424164981,0.189973667264,0.099442847073,0.975166320801
2089,1413393989.455760478973,1413393990.455760478973,1,1,1,1,0,0,0,-0.438153058290,-0.048066139221,0.153186023235,0.024735171348,0.201254919171,0.123927943408,0.971352994442
2090,1413393989.505760431290,1413393990.505760431290,1,1,1,1,0,0,0,-0.431454956532,-0.005621552467,0.129770040512,-0.002074094955,0.214134365320,0.143930852413,0.966139853001
2091,1413393989.555760383606,1413393990.555760383606,1,1,1,1,0,0,0,-0.422151565552,0.034320116043,0.103846848011,-0.025886619464,0.227489843965,0.159921094775,0.960210204124
2092,1413393989.605760574341,1413393990.605760574341,1,1,1,1,0,0,0,-0.407098412514,0.071210503578,0.077771365643,-0.047262039036,0.240281254053,0.174149721861,0.953783571720
2093,1413393989.655760288239,1413393990.655760288239,1,1,1,1,0,0,0,-0.388508409262,0.104432582855,0.052142560482,-0.069600746036,0.252344042063,0.184981375933,0.947238206863
2094,1413393989.705760478973,1413393990.705760478973,1,1,1,1,0,0,0,-0.368025898933,0.131118178368,0.024259269238,-0.094048969448,0.262033462524,0.188154444098,0.941855192184
2095,1413393989.755760431290,1413393990.755760431290,1,1,1,1,0,0,0,-0.337524265051,0.159914016724,0.001234889030,-0.116084039211,0.271613031626,0.181008681655,0.938076138496
2096,1413393989.805760622025,1413393990.805760622025,1,1,1,1,0,0,0,-0.299984902143,0.186336278915,-0.018332839012,-0.134974226356,0.279866367579,0.167932152748,0.935550928116
2097,1413393989.855760335922,1413393990.855760335922,1,1,1,1,0,0,0,-0.251555293798,0.207528233528,-0.033405900002,-0.150912120938,0.287207394838,0.148213937879,0.934221684933
2098,1413393989.905760526657,1413393990.905760526657,1,1,1,1,0,0,0,-0.200431436300,0.223417878151,-0.043250262737,-0.158012494445,0.293437093496,0.126057222486,0.934364140034
2099,1413393989.955760478973,1413393990.955760478973,1,1,1,1,0,0,0,-0.143552005291,0.231144309044,-0.047516644001,-0.154720112681,0.299797207117,0.095375776291,0.936529159546
2100,1413393990.005760431290,1413393991.005760431290,1,1,1,1,0,0,0,-0.083722144365,0.229338645935,-0.044247150421,-0.139446586370,0.302499711514,0.060964029282,0.940920889378
2101,1413393990.055760383606,1413393991.055760383606,1,1,1,1,0,0,0,-0.024105072021,0.215850830078,-0.034703910351,-0.117819711566,0.298634052277,0.031026287004,0.946558833122
2102,1413393990.105760574341,1413393991.105760574341,1,1,1,1,0,0,0,0.026616632938,0.194262742996,-0.015402197838,-0.088428176939,0.289383322001,0.007078398019,0.953093826771
2103,1413393990.155760288239,1413393991.155760288239,1,1,1,1,0,0,0,0.072976648808,0.168532133102,0.012839674950,-0.053083129227,0.274787396193,-0.012332289480,0.959959447384
2104,1413393990.205760478973,1413393991.205760478973,1,1,1,1,0,0,0,0.108793318272,0.135611057281,0.045847356319,-0.015228722245,0.256230860949,-0.024988533929,0.966172516346
2105,1413393990.255760431290,1413393991.255760431290,1,1,1,1,0,0,0,0.134771227837,0.099334239960,0.082611143589,0.023908091709,0.234584480524,-0.035022411495,0.971170485020
2106,1413393990.305760622025,1413393991.305760622025,1,1,1,1,0,0,0,0.151902914047,0.061837673187,0.120290338993,0.062151674181,0.211514875293,-0.043620146811,0.974420845509
2107,1413393990.355760335922,1413393991.355760335922,1,1,1,1,0,0,0,0.157843798399,0.021735072136,0.158757448196,0.091765761375,0.185392349958,-0.043720815331,0.977393090725
2108,1413393990.405760526657,1413393991.405760526657,1,1,1,1,0,0,0,0.153786778450,-0.013654112816,0.191792011261,0.110244736075,0.158535242081,-0.041472986341,0.980302333832
2109,1413393990.455760478973,1413393991.455760478973,1,1,1,1,0,0,0,0.142266124487,-0.043959498405,0.219019770622,0.108931571245,0.131780549884,-0.037767194211,0.984551370144
2110,1413393990.505760431290,1413393991.505760431290,1,1,1,1,0,0,0,0.124906063080,-0.072634637356,0.242714762688,0.095810920000,0.105506032705,-0.031394910067,0.989294230938
2111,1413393990.555760383606,1413393991.555760383606,1,1,1,1,0,0,0,0.099366545677,-0.094591319561,0.259218156338,0.082873046398,0.080054037273,-0.023736495525,0.993055880070
2112,1413393990.605760574341,1413393991.605760574341,1,1,1,1,0,0,0,0.071197509766,-0.120209455490,0.267543494701,0.071036085486,0.055420693010,-0.015031362884,0.995819568634
2113,1413393990.655760288239,1413393991.655760288239,1,1,1,1,0,0,0,0.041595667601,-0.146341085434,0.268383383751,0.061981957406,0.031954642385,-0.004471265711,0.997555613518
2114,1413393990.705760478973,1413393991.705760478973,1,1,1,1,0,0,0,0.019322335720,-0.169634699821,0.270142316818,0.060958899558,0.010301318020,0.008566445671,0.998050391674
2115,1413393990.755760431290,1413393991.755760431290,1,1,1,1,0,0,0,-0.004771918058,-0.195976078510,0.258904933929,0.062138095498,-0.010005760007,0.025447014719,0.997692942619
2116,1413393990.805760622025,1413393991.805760622025,1,1,1,1,0,0,0,-0.023293167353,-0.220246255398,0.243656992912,0.066848948598,-0.026518944651,0.040005918592,0.996608018875
2117,1413393990.855760335922,1413393991.855760335922,1,1,1,1,0,0,0,-0.035096958280,-0.242802262306,0.225557208061,0.083601541817,-0.037095930427,0.048640679568,0.994619905949
2118,1413393990.905760526657,1413393991.905760526657,1,1,1,1,0,0,0,-0.042260900140,-0.258187592030,0.205338597298,0.103883467615,-0.039919983596,0.046561617404,0.992696642876
2119,1413393990.955760478973,1413393991.955760478973,1,1,1,1,0,0,0,-0.042280226946,-0.268786549568,0.199245572090,0.121358685195,-0.038616791368,0.043853867799,0.990887403488
2120,1413393991.005760431290,1413393992.005760431290,1,1,1,1,0,0,0,-0.037166938186,-0.266210794449,0.186614871025,0.129638850689,-0.036469720304,0.044080164284,0.989909470081
2121,1413393991.055760383606,1413393992.055760383606,1,1,1,1,0,0,0,-0.030877653509,-0.254492282867,0.169826626778,0.127317011356,-0.033609773964,0.043625991791,0.990332007408
2122,1413393991.105760574341,1413393992.105760574341,1,1,1,1,0,0,0,-0.022846948355,-0.238944232464,0.154787480831,0.112410135567,-0.030470214784,0.041227318347,0.992338538170
2123,1413393991.155760288239,1413393992.155760288239,1,1,1,1,0,0,0,-0.012636933476,-0.216039180756,0.135242164135,0.079195290804,-0.028323255479,0.038740213960,0.995703339577
2124,1413393991.205760478973,1413393992.205760478973,1,1,1,1,0,0,0,-0.001979781315,-0.191742658615,0.108266472816,0.028205009177,-0.026191323996,0.031358014792,0.998766839504
2125,1413393991.255760431290,1413393992.255760431290,1,1,1,1,0,0,0,0.010902117938,-0.171026229858,0.080317914486,-0.028606951237,-0.023666542023,0.024842750281,0.999001741409
2126,1413393991.305760622025,1413393992.305760622025,1,1,1,1,0,0,0,0.025082852691,-0.156911134720,0.051120162010,-0.083762280643,-0.021366564557,0.021232051775,0.996030390263
2127,1413393991.355760335922,1413393992.355760335922,1,1,1,1,0,0,0,0.037849277258,-0.152533650398,0.017898797989,-0.126682564616,-0.018170816824,0.023131398484,0.991507172585
2128,1413393991.405760526657,1413393992.405760526657,1,1,1,1,0,0,0,0.051564358175,-0.152604222298,-0.008006602526,-0.155920848250,-0.014723832719,0.027528209612,0.987276136875
2129,1413393991.455760478973,1413393992.455760478973,1,1,1,1,0,0,0,0.065486595035,-0.155877828598,-0.031610757113,-0.159517899156,-0.010356259532,0.032706722617,0.986598730087
2130,1413393991.505760431290,1413393992.505760431290,1,1,1,1,0,0,0,0.079974532127,-0.159304022789,-0.050845533609,-0.142171651125,-0.004715967923,0.032304320484,0.989303469658
2131,1413393991.555760383606,1413393992.555760383606,1,1,1,1,0,0,0,0.093300759792,-0.164009094238,-0.066959261894,-0.113781772554,0.002067032736,0.024428779259,0.993203282356
2132,1413393991.605760574341,1413393992.605760574341,1,1,1,1,0,0,0,0.107981771231,-0.167739272118,-0.064782321453,-0.074745766819,0.009798957035,0.009948094375,0.997104883194
2133,1413393991.655760288239,1413393992.655760288239,1,1,1,1,0,0,0,0.124974220991,-0.169337630272,-0.066923081875,-0.025913788006,0.017989579588,-0.012649733573,0.999422311783
2134,1413393991.705760478973,1413393992.705760478973,1,1,1,1,0,0,0,0.141365289688,-0.171275496483,-0.067477583885,0.025215245783,0.024171922356,-0.034310601652,0.998800635338
2135,1413393991.755760431290,1413393992.755760431290,1,1,1,1,0,0,0,0.157214552164,-0.170531511307,-0.065179407597,0.070612028241,0.028537983075,-0.053968597203,0.995633959770
2136,1413393991.805760622025,1413393992.805760622025,1,1,1,1,0,0,0,0.171497881413,-0.164339303970,-0.066533267498,0.104940190911,0.030765054747,-0.067627228796,0.991699397564
2137,1413393991.855760335922,1413393992.855760335922,1,1,1,1,0,0,0,0.183652460575,-0.152464866638,-0.063305735588,0.115301951766,0.030472237617,-0.072444856167,0.990216434002
2138,1413393991.905760526657,1413393992.905760526657,1,1,1,1,0,0,0,0.196077942848,-0.137168169022,-0.062661051750,0.103445462883,0.026413770393,-0.062922187150,0.992291390896
2139,1413393991.955760478973,1413393992.955760478973,1,1,1,1,0,0,0,0.203578531742,-0.109576225281,-0.067631721497,0.069705374539,0.021278625354,-0.046817954630,0.996241152287
2140,1413393992.005760431290,1413393993.005760431290,1,1,1,1,0,0,0,0.205335363746,-0.084011077881,-0.075159072876,0.025869127363,0.017158187926,-0.034322217107,0.998928666115
2141,1413393992.055760383606,1413393993.055760383606,1,1,1,1,0,0,0,0.204065710306,-0.060894131660,-0.087625026703,-0.016843209043,0.013075174764,-0.023661639541,0.999492704868
2142,1413393992.105760574341,1413393993.105760574341,1,1,1,1,0,0,0,0.200462251902,-0.041194796562,-0.103977322578,-0.050884332508,0.009299943224,-0.013754406013,0.998566567898
2143,1413393992.155760288239,1413393993.155760288239,1,1,1,1,0,0,0,0.194606438279,-0.025841474533,-0.119089186192,-0.075655728579,0.006215964910,-0.004727782216,0.997103452682
2144,1413393992.205760478973,1413393993.205760478973,1,1,1,1,0,0,0,0.188098281622,-0.010974168777,-0.131841123104,-0.085539087653,0.003049317980,0.005326963961,0.996315896511
2145,1413393992.255760431290,1413393993.255760431290,1,1,1,1,0,0,0,0.181984871626,0.003531932831,-0.139409303665,-0.091504395008,0.001204021741,0.012007973157,0.995731532574
2146,1413393992.305760622025,1413393993.305760622025,1,1,1,1,0,0,0,0.176229983568,0.016032814980,-0.141634583473,-0.094513639808,0.000055720611,0.014800949953,0.995413541794
2147,1413393992.355760335922,1413393993.355760335922,1,1,1,1,0,0,0,0.172183722258,0.023491740227,-0.139278054237,-0.090987123549,0.004705936182,0.004046599381,0.995832741261
2148,1413393992.405760526657,1413393993.405760526657,1,1,1,1,0,0,0,0.170426264405,0.022822141647,-0.135438323021,-0.083986975253,0.012469935231,-0.012976930477,0.996304333210
2149,1413393992.455760478973,1413393993.455760478973,1,1,1,1,0,0,0,0.166607081890,0.017396092415,-0.124520242214,-0.074324406683,0.021265164018,-0.034039534628,0.996426165104
2150,1413393992.505760431290,1413393993.505760431290,1,1,1,1,0,0,0,0.162213832140,0.012953877449,-0.115228593349,-0.060825489461,0.027236681432,-0.051162801683,0.996464133263
2151,1413393992.555760383606,1413393993.555760383606,1,1,1,1,0,0,0,0.151584193110,-0.001851439476,-0.100137889385,-0.045958682895,0.030127007514,-0.061823256314,0.996573209763
2152,1413393992.605760574341,1413393993.605760574341,1,1,1,1,0,0,0,0.138759210706,-0.020968556404,-0.084095239639,-0.030567441136,0.028853090480,-0.065645188093,0.996957302094
2153,1413393992.655760288239,1413393993.655760288239,1,1,1,1,0,0,0,0.122839450836,-0.040843844414,-0.065328896046,-0.017999580130,0.023362055421,-0.060448877513,0.997735559940
2154,1413393992.705760478973,1413393993.705760478973,1,1,1,1,0,0,0,0.104760944843,-0.060278415680,-0.044408142567,-0.009653909132,0.017674993724,-0.050619427115,0.998515009880
2155,1413393992.755760431290,1413393993.755760431290,1,1,1,1,0,0,0,0.084312260151,-0.079914450645,-0.030160069466,-0.002521521179,0.012545425445,-0.039098300040,0.999153494835
2156,1413393992.805760622025,1413393993.805760622025,1,1,1,1,0,0,0,0.063011080027,-0.084460258484,-0.002834916115,0.003687416902,0.008833267726,-0.028508085757,0.999547779560
2157,1413393992.855760335922,1413393993.855760335922,1,1,1,1,0,0,0,0.041618544608,-0.089815735817,0.021478891373,0.014015353285,0.006573170424,-0.018629839644,0.999706625938
2158,1413393992.905760526657,1413393993.905760526657,1,1,1,1,0,0,0,0.019276630133,-0.094092607498,0.037434637547,0.030845671892,0.005913468078,-0.012026157230,0.999434292316
2159,1413393992.955760478973,1413393993.955760478973,1,1,1,1,0,0,0,-0.004062473774,-0.094259619713,0.058343291283,0.058772630990,0.005543347448,-0.006894649006,0.998232245445
2160,1413393993.005760431290,1413393994.005760431290,1,1,1,1,0,0,0,-0.027933359146,-0.094419240952,0.076126217842,0.089600667357,0.004758168012,-0.000477471476,0.995966255665
2161,1413393993.055760383606,1413393994.055760383606,1,1,1,1,0,0,0,-0.051800347865,-0.097782611847,0.086367666721,0.118140526116,0.002243702766,0.009492954239,0.992949008942
2162,1413393993.105760574341,1413393994.105760574341,1,1,1,1,0,0,0,-0.075481086969,-0.100481629372,0.091384470463,0.136722028255,-0.000656664430,0.017731159925,0.990450561047
2163,1413393993.155760288239,1413393994.155760288239,1,1,1,1,0,0,0,-0.098284289241,-0.105134010315,0.085754811764,0.155654162169,-0.004187705461,0.023397268727,0.987525641918
2164,1413393993.205760478973,1413393994.205760478973,1,1,1,1,0,0,0,-0.119977034628,-0.108751177788,0.070111632347,0.172903478146,-0.008260664530,0.027376381680,0.984523594379
2165,1413393993.255760431290,1413393994.255760431290,1,1,1,1,0,0,0,-0.139887362719,-0.110947012901,0.049653649330,0.185805976391,-0.012647652999,0.030618907884,0.982027888298
2166,1413393993.305760622025,1413393994.305760622025,1,1,1,1,0,0,0,-0.157829418778,-0.108715534210,0.013756752014,0.189814463258,-0.017878178507,0.034683812410,0.981044292450
2167,1413393993.355760335922,1413393994.355760335922,1,1,1,1,0,0,0,-0.171801686287,-0.098321616650,-0.030537009239,0.179331824183,-0.019734824076,0.035152878612,0.982962310314
2168,1413393993.405760526657,1413393994.405760526657,1,1,1,1,0,0,0,-0.182644933462,-0.077231347561,-0.079670548439,0.157940253615,-0.022483708337,0.039653718472,0.986395955086
2169,1413393993.455760478973,1413393994.455760478973,1,1,1,1,0,0,0,-0.188408464193,-0.046549022198,-0.134139418602,0.123002856970,-0.025071231648,0.045077152550,0.991064965725
2170,1413393993.505760431290,1413393994.505760431290,1,1,1,1,0,0,0,-0.196012616158,-0.012653470039,-0.187857985497,0.074499025941,-0.025969062001,0.048900485039,0.995682835579
2171,1413393993.555760383606,1413393994.555760383606,1,1,1,1,0,0,0,-0.201620399952,0.024804592133,-0.244384765625,0.016590731218,-0.026249110699,0.051658798009,0.998181939125
2172,1413393993.605760574341,1413393994.605760574341,1,1,1,1,0,0,0,-0.207304775715,0.067206621170,-0.305777788162,-0.045451607555,-0.024804960936,0.053179074079,0.997241616249
2173,1413393993.655760288239,1413393994.655760288239,1,1,1,1,0,0,0,-0.208596378565,0.097987413406,-0.368249177933,-0.109215155244,-0.022375103086,0.055756032467,0.992200970650
2174,1413393993.705760478973,1413393994.705760478973,1,1,1,1,0,0,0,-0.206986546516,0.121183276176,-0.430172085762,-0.168377131224,-0.019538275898,0.056897029281,0.983885228634
2175,1413393993.755760431290,1413393994.755760431290,1,1,1,1,0,0,0,-0.206750914454,0.142749667168,-0.494880855083,-0.215493023396,-0.014783935621,0.053686913103,0.974916338921
2176,1413393993.805760622025,1413393994.805760622025,1,1,1,1,0,0,0,-0.198652595282,0.145738482475,-0.542871832848,-0.243620872498,-0.009395716712,0.044834937900,0.968788087368
2177,1413393993.855760335922,1413393994.855760335922,1,1,1,1,0,0,0,-0.190702795982,0.144491910934,-0.587166905403,-0.249457284808,-0.004599218257,0.034931790084,0.967744708061
2178,1413393993.905760526657,1413393994.905760526657,1,1,1,1,0,0,0,-0.178809225559,0.130699634552,-0.609182596207,-0.242068290710,-0.000140318283,0.025363523513,0.969927728176
2179,1413393993.955760478973,1413393994.955760478973,1,1,1,1,0,0,0,-0.166581571102,0.108647108078,-0.612915396690,-0.231462433934,0.003103774507,0.019988814369,0.972633540630
2180,1413393994.005760431290,1413393995.005760431290,1,1,1,1,0,0,0,-0.153974965215,0.091864109039,-0.611295580864,-0.218919739127,0.006817419548,0.017081635073,0.975569605827
2181,1413393994.055760383606,1413393995.055760383606,1,1,1,1,0,0,0,-0.142135575414,0.083686828613,-0.597647011280,-0.205013170838,0.011434907094,0.014636561275,0.978582978249
2182,1413393994.105760574341,1413393995.105760574341,1,1,1,1,0,0,0,-0.129769295454,0.088930487633,-0.571870267391,-0.186316609383,0.014286945574,0.013996254653,0.982286155224
2183,1413393994.155760288239,1413393995.155760288239,1,1,1,1,0,0,0,-0.117623314261,0.104922652245,-0.533948063850,-0.169319525361,0.015942363068,0.012594921514,0.985351800919
2184,1413393994.205760478973,1413393995.205760478973,1,1,1,1,0,0,0,-0.104606926441,0.129543781281,-0.485957413912,-0.152201369405,0.013924246654,0.015976725146,0.988122284412
2185,1413393994.255760431290,1413393995.255760431290,1,1,1,1,0,0,0,-0.089662402868,0.163432002068,-0.428099721670,-0.131430551410,0.007800335996,0.018051166087,0.991130352020
2186,1413393994.305760622025,1413393995.305760622025,1,1,1,1,0,0,0,-0.074220165610,0.194008231163,-0.346153438091,-0.107997126877,0.000371326692,0.016298420727,0.994017601013
2187,1413393994.355760335922,1413393995.355760335922,1,1,1,1,0,0,0,-0.058220371604,0.231382608414,-0.265768349171,-0.077610366046,-0.014007247053,0.018847320229,0.996707141399
2188,1413393994.405760526657,1413393995.405760526657,1,1,1,1,0,0,0,-0.038616329432,0.263248682022,-0.172250628471,-0.044031463563,-0.029978951439,0.016738347709,0.998439967632
2189,1413393994.455760478973,1413393995.455760478973,1,1,1,1,0,0,0,-0.018812060356,0.276336610317,-0.079862833023,-0.005575296469,-0.047437943518,0.012458065525,0.998780965805
2190,1413393994.505760431290,1413393995.505760431290,1,1,1,1,0,0,0,-0.001957088709,0.271587371826,0.010462403297,0.033336464316,-0.065991580486,0.004349611700,0.997253656387
2191,1413393994.555760383606,1413393995.555760383606,1,1,1,1,0,0,0,0.015537589788,0.248356223106,0.094990730286,0.072220116854,-0.084502637386,-0.007406338118,0.993775010109
2192,1413393994.605760574341,1413393995.605760574341,1,1,1,1,0,0,0,0.033194750547,0.205111622810,0.171614170074,0.108257681131,-0.102880746126,-0.022679382935,0.988524913788
2193,1413393994.655760288239,1413393995.655760288239,1,1,1,1,0,0,0,0.051100343466,0.145553410053,0.245480298996,0.140243798494,-0.121856398880,-0.042269088328,0.981680214405
2194,1413393994.705760478973,1413393995.705760478973,1,1,1,1,0,0,0,0.068564236164,0.096379399300,0.293367147446,0.170354962349,-0.140028387308,-0.063712604344,0.973299503326
2195,1413393994.755760431290,1413393995.755760431290,1,1,1,1,0,0,0,0.083642825484,0.046025514603,0.333342075348,0.190930709243,-0.160598218441,-0.079958133399,0.965070188046
2196,1413393994.805760622025,1413393995.805760622025,1,1,1,1,0,0,0,0.096561267972,0.020988523960,0.357768654823,0.199376538396,-0.184125706553,-0.087616898119,0.958472788334
2197,1413393994.855760335922,1413393995.855760335922,1,1,1,1,0,0,0,0.111072972417,0.018947780132,0.374786734581,0.190934553742,-0.210251659155,-0.088407933712,0.954736769199
2198,1413393994.905760526657,1413393995.905760526657,1,1,1,1,0,0,0,0.127010405064,0.034397602081,0.384298682213,0.172663629055,-0.238035008311,-0.085262872279,0.951975345612
2199,1413393994.955760478973,1413393995.955760478973,1,1,1,1,0,0,0,0.143700495362,0.050029873848,0.390242815018,0.151505604386,-0.263634979725,-0.085248902440,0.948828339577
2200,1413393995.005760431290,1413393996.005760431290,1,1,1,1,0,0,0,0.168439686298,0.072796225548,0.385759472847,0.130787402391,-0.287231564522,-0.087495617568,0.944847762585
2201,1413393995.055760383606,1413393996.055760383606,1,1,1,1,0,0,0,0.198559090495,0.092954516411,0.375873208046,0.110135108232,-0.306950807571,-0.092328138649,0.940811872482
2202,1413393995.105760574341,1413393996.105760574341,1,1,1,1,0,0,0,0.232861325145,0.104821920395,0.362772345543,0.089849285781,-0.322364598513,-0.098288811743,0.937201917171
2203,1413393995.155760288239,1413393996.155760288239,1,1,1,1,0,0,0,0.271561473608,0.113279461861,0.343865752220,0.073038704693,-0.333963066339,-0.101939946413,0.934206843376
2204,1413393995.205760478973,1413393996.205760478973,1,1,1,1,0,0,0,0.315975368023,0.109682917595,0.325538039207,0.053445518017,-0.339867293835,-0.110885664821,0.932383120060
2205,1413393995.255760431290,1413393996.255760431290,1,1,1,1,0,0,0,0.359428465366,0.112495839596,0.283562183380,0.032089401037,-0.339782178402,-0.119873672724,0.932281434536
2206,1413393995.305760622025,1413393996.305760622025,1,1,1,1,0,0,0,0.404070943594,0.106249868870,0.255100369453,0.016789002344,-0.334924906492,-0.129767909646,0.933115124702
2207,1413393995.355760335922,1413393996.355760335922,1,1,1,1,0,0,0,0.447556644678,0.101612031460,0.224367022514,0.002873197431,-0.325643151999,-0.139033943415,0.935210108757
2208,1413393995.405760526657,1413393996.405760526657,1,1,1,1,0,0,0,0.488384217024,0.098388016224,0.195071876049,-0.006218564231,-0.313398987055,-0.145578026772,0.938375949860
2209,1413393995.455760478973,1413393996.455760478973,1,1,1,1,0,0,0,0.525519490242,0.103445172310,0.161564826965,-0.014944355004,-0.299442827702,-0.148969143629,0.942294538021
2210,1413393995.505760431290,1413393996.505760431290,1,1,1,1,0,0,0,0.557986855507,0.121988415718,0.118046343327,-0.021258441731,-0.284261733294,-0.147671893239,0.947067320347
2211,1413393995.555760383606,1413393996.555760383606,1,1,1,1,0,0,0,0.584782481194,0.140721380711,0.084652006626,-0.029219798744,-0.267823308706,-0.143107697368,0.952332496643
2212,1413393995.605760574341,1413393996.605760574341,1,1,1,1,0,0,0,0.605962336063,0.168310225010,0.047504007816,-0.036329708993,-0.251060754061,-0.135086596012,0.957810163498
2213,1413393995.655760288239,1413393996.655760288239,1,1,1,1,0,0,0,0.619032502174,0.203942537308,0.003685593605,-0.042542420328,-0.234497934580,-0.123830273747,0.963258504868
2214,1413393995.705760478973,1413393996.705760478973,1,1,1,1,0,0,0,0.625582695007,0.238175690174,-0.035746693611,-0.049121707678,-0.219270616770,-0.108833111823,0.968329966068
2215,1413393995.755760431290,1413393996.755760431290,1,1,1,1,0,0,0,0.624202847481,0.269545257092,-0.081537187099,-0.054863855243,-0.203844323754,-0.093487255275,0.972983956337
2216,1413393995.805760622025,1413393996.805760622025,1,1,1,1,0,0,0,0.619532763958,0.301454961300,-0.124786913395,-0.057197324932,-0.187813162804,-0.081385567784,0.977154612541
2217,1413393995.855760335922,1413393996.855760335922,1,1,1,1,0,0,0,0.611300349236,0.325140357018,-0.165007770061,-0.060272272676,-0.171590223908,-0.072225764394,0.980666935444
2218,1413393995.905760526657,1413393996.905760526657,1,1,1,1,0,0,0,0.600151717663,0.343887746334,-0.203083872795,-0.062935389578,-0.154899075627,-0.065710812807,0.983731448650
2219,1413393995.955760478973,1413393996.955760478973,1,1,1,1,0,0,0,0.585203528404,0.357366502285,-0.241976797581,-0.066857323050,-0.139501839876,-0.059746049345,0.986154019833
2220,1413393996.005760431290,1413393997.005760431290,1,1,1,1,0,0,0,0.568767130375,0.369322776794,-0.271185398102,-0.070400029421,-0.125880375504,-0.055058006197,0.988011419773
2221,1413393996.055760383606,1413393997.055760383606,1,1,1,1,0,0,0,0.551799476147,0.377580046654,-0.293070316315,-0.073769956827,-0.114251986146,-0.050358861685,0.989428341389
2222,1413393996.105760574341,1413393997.105760574341,1,1,1,1,0,0,0,0.535153627396,0.384957075119,-0.307878613472,-0.076550222933,-0.103822737932,-0.048909325153,0.990438759327
2223,1413393996.155760288239,1413393997.155760288239,1,1,1,1,0,0,0,0.517539978027,0.379302501678,-0.318220257759,-0.078389048576,-0.094008497894,-0.049813609570,0.991229653358
2224,1413393996.205760478973,1413393997.205760478973,1,1,1,1,0,0,0,0.504492819309,0.375675439835,-0.318752050400,-0.073250412941,-0.084872089326,-0.052501849830,0.992307782173
2225,1413393996.255760431290,1413393997.255760431290,1,1,1,1,0,0,0,0.490992754698,0.374508559704,-0.307860553265,-0.060500063002,-0.077627360821,-0.055003378540,0.993623852730
2226,1413393996.305760622025,1413393997.305760622025,1,1,1,1,0,0,0,0.475677728653,0.373637795448,-0.290975153446,-0.047282684594,-0.072939120233,-0.055858507752,0.994647741318
2227,1413393996.355760335922,1413393997.355760335922,1,1,1,1,0,0,0,0.458941757679,0.373632907867,-0.269499659538,-0.032995380461,-0.069956772029,-0.055066376925,0.995482385159
2228,1413393996.405760526657,1413393997.405760526657,1,1,1,1,0,0,0,0.440567791462,0.377569556236,-0.250209510326,-0.021569263190,-0.068827800453,-0.051593709737,0.996060132980
2229,1413393996.455760478973,1413393997.455760478973,1,1,1,1,0,0,0,0.422563016415,0.378524273634,-0.224223494530,-0.011265758425,-0.068145699799,-0.049256935716,0.996395051479
2230,1413393996.505760431290,1413393997.505760431290,1,1,1,1,0,0,0,0.405088901520,0.378038823605,-0.197707712650,-0.002607308095,-0.067941524088,-0.047459907830,0.996556460857
2231,1413393996.555760383606,1413393997.555760383606,1,1,1,1,0,0,0,0.387099534273,0.376212477684,-0.171621203423,0.007943376899,-0.068315327168,-0.046393360943,0.996552944183
2232,1413393996.605760574341,1413393997.605760574341,1,1,1,1,0,0,0,0.369741529226,0.373840481043,-0.145252108574,0.017296245322,-0.069467522204,-0.044763054699,0.996429383755
2233,1413393996.655760288239,1413393997.655760288239,1,1,1,1,0,0,0,0.350486636162,0.366345614195,-0.123971700668,0.026152549312,-0.068337745965,-0.043745461851,0.996359586716
2234,1413393996.705760478973,1413393997.705760478973,1,1,1,1,0,0,0,0.330786705017,0.359446018934,-0.107133626938,0.030275769532,-0.066696889699,-0.041591186076,0.996446251869
2235,1413393996.755760431290,1413393997.755760431290,1,1,1,1,0,0,0,0.310874342918,0.351288944483,-0.092779278755,0.031874109060,-0.063886225224,-0.039925366640,0.996648669243
2236,1413393996.805760622025,1413393997.805760622025,1,1,1,1,0,0,0,0.290127784014,0.346207290888,-0.080456733704,0.029510185122,-0.059567347169,-0.036152157933,0.997132837772
2237,1413393996.855760335922,1413393997.855760335922,1,1,1,1,0,0,0,0.266763240099,0.339263767004,-0.073052167892,0.026632757857,-0.054275508970,-0.031726244837,0.997666478157
2238,1413393996.905760526657,1413393997.905760526657,1,1,1,1,0,0,0,0.244128867984,0.332716226578,-0.066665768623,0.023875335231,-0.048185080290,-0.027145428583,0.998184084892
2239,1413393996.955760478973,1413393997.955760478973,1,1,1,1,0,0,0,0.220324248075,0.327074885368,-0.060489416122,0.022443531081,-0.040865976363,-0.021991141140,0.998670518398
2240,1413393997.005760431290,1413393998.005760431290,1,1,1,1,0,0,0,0.195914924145,0.316295057535,-0.053503036499,0.021246887743,-0.033320147544,-0.017660168931,0.999062776566
2241,1413393997.055760383606,1413393998.055760383606,1,1,1,1,0,0,0,0.176995962858,0.311519265175,-0.045096039772,0.019992105663,-0.025903243572,-0.015072333626,0.999350905418
2242,1413393997.105760574341,1413393998.105760574341,1,1,1,1,0,0,0,0.154700994492,0.306251406670,-0.039776802063,0.019414585084,-0.019201152027,-0.011118945666,0.999565362930
2243,1413393997.155760288239,1413393998.155760288239,1,1,1,1,0,0,0,0.133943513036,0.301918745041,-0.035266757011,0.018237810582,-0.012538288720,-0.008812114596,0.999716281891
2244,1413393997.205760478973,1413393998.205760478973,1,1,1,1,0,0,0,0.112552478909,0.298468559980,-0.032359957695,0.015540721826,-0.006004210096,-0.007122422569,0.999835848808
2245,1413393997.255760431290,1413393998.255760431290,1,1,1,1,0,0,0,0.093285217881,0.295009106398,-0.029616594315,0.011256626807,-0.000380584417,-0.005160758272,0.999923288822
2246,1413393997.305760622025,1413393998.305760622025,1,1,1,1,0,0,0,0.072297804058,0.290791660547,-0.029022812843,0.008330165409,0.004566946998,-0.001798696700,0.999953329563
2247,1413393997.355760335922,1413393998.355760335922,1,1,1,1,0,0,0,0.051361612976,0.284528762102,-0.028970718384,0.004597618245,0.008713910356,0.000959800207,0.999951064587
2248,1413393997.405760526657,1413393998.405760526657,1,1,1,1,0,0,0,0.030680328608,0.274351537228,-0.029282093048,-0.001671157661,0.012198454700,0.003281148383,0.999918818474
2249,1413393997.455760478973,1413393998.455760478973,1,1,1,1,0,0,0,0.009366452694,0.258324176073,-0.031239509583,-0.007906571031,0.014179385267,0.008217119612,0.999834477901
2250,1413393997.505760431290,1413393998.505760431290,1,1,1,1,0,0,0,-0.011484399438,0.236681401730,-0.033820748329,-0.011597317643,0.015331930481,0.014874401502,0.999704599380
2251,1413393997.555760383606,1413393998.555760383606,1,1,1,1,0,0,0,-0.032982245088,0.214859038591,-0.038549900055,-0.014851380140,0.015826996416,0.021341940388,0.999536633492
2252,1413393997.605760574341,1413393998.605760574341,1,1,1,1,0,0,0,-0.052628904581,0.189921140671,-0.040281891823,-0.015603973530,0.015445277095,0.029975213110,0.999309480190
2253,1413393997.655760288239,1413393998.655760288239,1,1,1,1,0,0,0,-0.071356981993,0.167279720306,-0.040934085846,-0.015494484454,0.014134586789,0.038215059787,0.999049425125
2254,1413393997.705760478973,1413393998.705760478973,1,1,1,1,0,0,0,-0.087708100677,0.147025674582,-0.039676547050,-0.012784806080,0.012347514741,0.046092849225,0.998778998852
2255,1413393997.755760431290,1413393998.755760431290,1,1,1,1,0,0,0,-0.103042617440,0.129653304815,-0.036698698997,-0.009872580878,0.010373062454,0.053193751723,0.998481512070
2256,1413393997.805760622025,1413393998.805760622025,1,1,1,1,0,0,0,-0.116141989827,0.114416480064,-0.032954812050,-0.005290239584,0.007984158583,0.057816643268,0.998281359673
2257,1413393997.855760335922,1413393998.855760335922,1,1,1,1,0,0,0,-0.125681117177,0.102243378758,-0.028439521790,-0.001834933879,0.006881433073,0.058581758291,0.998257219791
2258,1413393997.905760526657,1413393998.905760526657,1,1,1,1,0,0,0,-0.133337974548,0.092253923416,-0.023653507233,0.000007076269,0.006559555419,0.056156713516,0.998400390148
2259,1413393997.955760478973,1413393998.955760478973,1,1,1,1,0,0,0,-0.138486653566,0.084072038531,-0.018575787544,0.002200049581,0.007601006888,0.048768781126,0.998778820038
2260,1413393998.005760431290,1413393999.005760431290,1,1,1,1,0,0,0,-0.142503321171,0.079262807965,-0.014678239822,0.005619587842,0.009666888043,0.040038142353,0.999135613441
2261,1413393998.055760383606,1413393999.055760383606,1,1,1,1,0,0,0,-0.143506169319,0.074063748121,-0.009921908379,0.010180964135,0.011797255836,0.030463784933,0.999414384365
2262,1413393998.105760574341,1413393999.105760574341,1,1,1,1,0,0,0,-0.141763761640,0.068654865026,-0.005229115486,0.010990800336,0.013439028524,0.020216906443,0.999644875526
2263,1413393998.155760288239,1413393999.155760288239,1,1,1,1,0,0,0,-0.141671061516,0.066727042198,-0.001389622688,0.007530616131,0.013796175830,0.012589732185,0.999797284603
2264,1413393998.205760478973,1413393999.205760478973,1,1,1,1,0,0,0,-0.142433494329,0.068622082472,0.004287004471,0.002192193875,0.013174830005,0.008164065890,0.999877512455
2265,1413393998.255760431290,1413393999.255760431290,1,1,1,1,0,0,0,-0.142115548253,0.069713115692,0.007666230202,-0.002940258710,0.011205163784,0.007049303502,0.999908089638
2266,1413393998.305760622025,1413393999.305760622025,1,1,1,1,0,0,0,-0.141767889261,0.071533814073,0.011627674103,-0.009315830655,0.007805438247,0.010364393704,0.999872505665
2267,1413393998.355760335922,1413393999.355760335922,1,1,1,1,0,0,0,-0.140094146132,0.071619853377,0.021161675453,-0.012562551536,0.003651937004,0.017485864460,0.999761581421
2268,1413393998.405760526657,1413393999.405760526657,1,1,1,1,0,0,0,-0.138479292393,0.073487594724,0.028166651726,-0.010827710852,-0.000233564060,0.023888323456,0.999656021595
2269,1413393998.455760478973,1413393999.455760478973,1,1,1,1,0,0,0,-0.133658424020,0.076385408640,0.036586999893,-0.008369804360,-0.002770276507,0.025993533432,0.999623298645
2270,1413393998.505760431290,1413393999.505760431290,1,1,1,1,0,0,0,-0.126871839166,0.079168111086,0.047755837440,-0.005185186863,-0.003858633339,0.025063307956,0.999664962292
2271,1413393998.555760383606,1413393999.555760383606,1,1,1,1,0,0,0,-0.120379880071,0.085358604789,0.057122945786,-0.003077133559,-0.004575758707,0.024406054989,0.999686896801
2272,1413393998.605760574341,1413393999.605760574341,1,1,1,1,0,0,0,-0.111341536045,0.091618657112,0.066924691200,-0.001177811762,-0.003854094306,0.020817410201,0.999775230885
2273,1413393998.655760288239,1413393999.655760288239,1,1,1,1,0,0,0,-0.098056629300,0.093192875385,0.077886104584,-0.001779718208,-0.003046189202,0.016184264794,0.999862849712
2274,1413393998.705760478973,1413393999.705760478973,1,1,1,1,0,0,0,-0.086332656443,0.096510499716,0.087273240089,-0.002561711939,-0.001269330620,0.010594836436,0.999939799309
2275,1413393998.755760431290,1413393999.755760431290,1,1,1,1,0,0,0,-0.072793841362,0.098374664783,0.099770188332,-0.003357193433,0.000121819758,0.005764009431,0.999977827072
2276,1413393998.805760622025,1413393999.805760622025,1,1,1,1,0,0,0,-0.061295375228,0.102382034063,0.110025167465,-0.004355715122,0.000985688646,0.002964447485,0.999985694885
2277,1413393998.855760335922,1413393999.855760335922,1,1,1,1,0,0,0,-0.049782834947,0.107264041901,0.118395566940,-0.006418919656,0.000573182013,0.004047845490,0.999971032143
2278,1413393998.905760526657,1413393999.905760526657,1,1,1,1,0,0,0,-0.039574392140,0.112229213119,0.125466465950,-0.006414380856,-0.000941250008,0.007468751166,0.999951064587
2279,1413393998.955760478973,1413393999.955760478973,1,1,1,1,0,0,0,-0.030806206167,0.118844360113,0.136371731758,-0.006499307696,-0.002643437358,0.011121592484,0.999913573265
2280,1413393999.005760431290,1413394000.005760431290,1,1,1,1,0,0,0,-0.024091750383,0.125732332468,0.148126125336,-0.003697118489,-0.001350577921,0.008349882439,0.999957442284
2281,1413393999.055760383606,1413394000.055760383606,1,1,1,1,0,0,0,-0.020633116364,0.125018581748,0.153112292290,0.000949004781,0.004956370685,-0.002838031622,0.999983251095
2282,1413393999.105760574341,1413394000.105760574341,1,1,1,1,0,0,0,-0.027340244502,0.113520771265,0.141903519630,-0.000652395363,-0.001525742002,0.014888367616,0.999887764454
2283,1413393999.155760288239,1413394000.155760288239,1,1,1,1,0,0,0,-0.026961192489,0.095755472779,0.136856555939,0.011704824865,0.001656483277,0.012244584970,0.999855220318
2284,1413393999.205760478973,1413394000.205760478973,1,1,1,1,0,0,0,-0.026298079640,0.084020100534,0.133981704712,0.020746733993,0.005869716872,0.005712973420,0.999751269817
2285,1413393999.255760431290,1413394000.255760431290,1,1,1,1,0,0,0,-0.025226429105,0.082766108215,0.129914879799,0.024949673563,0.011417608708,-0.003824189305,0.999616265297
2286,1413393999.305760622025,1413394000.305760622025,1,1,1,1,0,0,0,-0.019048616290,0.087996348739,0.131326436996,0.028029488400,0.017648825422,-0.004797062837,0.999439775944
2287,1413393999.355760335922,1413394000.355760335922,1,1,1,1,0,0,0,-0.006687477231,0.083728313446,0.128547787666,0.033401809633,0.011267313734,0.020389985293,0.999170422554
2288,1413393999.405760526657,1413394000.405760526657,1,1,1,1,0,0,0,0.004171032459,0.074925534427,0.120084166527,0.037151861936,0.016328314319,0.000525225420,0.999176084995
2289,1413393999.455760478973,1413394000.455760478973,1,1,1,1,0,0,0,0.010917481035,0.068930983543,0.115886926651,0.036266174167,0.018695620820,-0.007398779970,0.999139904976
2290,1413393999.505760431290,1413394000.505760431290,1,1,1,1,0,0,0,0.017198840156,0.068976476789,0.112726449966,0.033217977732,0.019961329177,-0.011850372888,0.999178588390
2291,1413393999.555760383606,1413394000.555760383606,1,1,1,1,0,0,0,0.023121561855,0.063799679279,0.104699134827,0.035215660930,0.020760407671,-0.016693510115,0.999024689198
2292,1413393999.605760574341,1413394000.605760574341,1,1,1,1,0,0,0,0.027552822605,0.059854757041,0.095843553543,0.033987697214,0.020407563075,-0.017949461937,0.999052703381
2293,1413393999.655760288239,1413394000.655760288239,1,1,1,1,0,0,0,0.030654029921,0.057912748307,0.088210582733,0.030469588935,0.022977868095,-0.026555538177,0.998918592930
2294,1413393999.705760478973,1413394000.705760478973,1,1,1,1,0,0,0,0.031729429960,0.054543934762,0.078687667847,0.028048850596,0.022470200434,-0.025630129501,0.999025225639
2295,1413393999.755760431290,1413394000.755760431290,1,1,1,1,0,0,0,0.031907096505,0.051190569997,0.068518400192,0.026855180040,0.023898204789,-0.029987132177,0.998903632164
2296,1413393999.805760622025,1413394000.805760622025,1,1,1,1,0,0,0,0.029184952378,0.046732999384,0.054000258446,0.026591198519,0.024003135040,-0.029333475977,0.998927652836
2297,1413393999.855760335922,1413394000.855760335922,1,1,1,1,0,0,0,0.026503957808,0.038078732789,0.042547583580,0.026530539617,0.025405833498,-0.032850947231,0.998785078526
2298,1413393999.905760526657,1413394000.905760526657,1,1,1,1,0,0,0,0.021197602153,0.029264394194,0.029526352882,0.025730114430,0.025783441961,-0.031704843044,0.998833358288
2299,1413393999.955760478973,1413394000.955760478973,1,1,1,1,0,0,0,0.014431541786,0.017472922802,0.015916943550,0.024746112525,0.025649350137,-0.029018539935,0.998943269253
2300,1413394000.005760431290,1413394001.005760431290,1,1,1,1,0,0,0,0.004928715527,0.006887167692,0.001585841179,0.019399946555,0.021376226097,-0.016042949632,0.999454557896
2301,1413394000.055760383606,1413394001.055760383606,1,1,1,1,0,0,0,0.000696273521,0.001121371984,-0.005902051926,0.011112213135,0.012361244299,0.004285704810,0.999852716923
2302,1413394000.105760574341,1413394001.105760574341,1,1,1,1,0,0,0,0.003173094243,0.008406601846,-0.002303242683,0.012307012454,0.015171825886,-0.002405591775,0.999806225300
2303,1413394000.155760288239,1413394001.155760288239,1,1,1,1,0,0,0,0.003485325724,0.016388423741,0.001110911369,0.003880311735,0.010034568608,0.006950685289,0.999918043613
2304,1413394000.205760478973,1413394001.205760478973,1,1,1,1,0,0,0,0.003473214805,0.020018354058,0.002983093262,-0.001222557272,0.004366701003,0.018327612430,0.999821722507
2305,1413394000.255760431290,1413394001.255760431290,1,1,1,1,0,0,0,0.004686154425,0.014554813504,0.003514409065,-0.000702152553,-0.001175508020,0.028017483652,0.999606549740
2306,1413394000.305760622025,1413394001.305760622025,1,1,1,1,0,0,0,0.006039410830,0.002052493393,0.000362396240,0.001596535556,-0.005999604240,0.024630645290,0.999677419662
2307,1413394000.355760335922,1413394001.355760335922,1,1,1,1,0,0,0,0.003041256219,-0.000837836415,0.000607013702,-0.000101504083,0.002022253582,-0.009692760184,0.999951004982
2308,1413394000.405760526657,1413394001.405760526657,1,1,1,1,0,0,0,-0.001216281205,0.004669316113,0.002122998238,-0.002136256313,-0.000426622049,0.002151492983,0.999995350838
2309,1413394000.455760478973,1413394001.455760478973,1,1,1,1,0,0,0,0.000217225403,0.003685381263,0.001792430878,0.000740701042,-0.000811907172,0.003638842609,0.999992787838
2310,1413394000.505760431290,1413394001.505760431290,1,1,1,1,0,0,0,0.000785693526,-0.001170102507,-0.000351548195,0.003494112985,-0.000800865353,0.002773253713,0.999989807606
2311,1413394000.555760383606,1413394001.555760383606,1,1,1,1,0,0,0,-0.000780746341,0.001208685338,-0.000530123711,0.000456640468,-0.000468114740,0.002046393463,0.999997735023
2312,1413394000.605760574341,1413394001.605760574341,1,1,1,1,0,0,0,-0.000165216625,0.002189055085,-0.000098943710,-0.001278488431,0.000616771693,-0.001787837711,0.999997437000
2313,1413394000.655760288239,1413394001.655760288239,1,1,1,1,0,0,0,-0.000102628022,0.000164829195,-0.001651406288,0.000071166127,-0.000956451229,0.003683776828,0.999992847443
2314,1413394000.705760478973,1413394001.705760478973,1,1,1,1,0,0,0,0.000405125320,0.001372881234,-0.002119660378,0.000686015177,-0.000021099819,-0.000029238323,0.999999821186
2315,1413394000.755760431290,1413394001.755760431290,1,1,1,1,0,0,0,-0.000316556543,-0.000039435923,-0.000636219978,0.000740224030,-0.000593325996,0.002158796880,0.999997198582
2316,1413394000.805760622025,1413394001.805760622025,1,1,1,1,0,0,0,0.000370979309,0.000392548740,-0.000570893288,-0.000587512623,-0.000160754440,0.000047562382,0.999999821186
2317,1413394000.855760335922,1413394001.855760335922,1,1,1,1,0,0,0,-0.000149797648,0.000512443483,-0.000848650932,-0.000319182232,-0.000589337666,0.002104195999,0.999997556210
2318,1413394000.905760526657,1413394001.905760526657,1,1,1,1,0,0,0,-0.000183053315,0.000531312078,-0.001250267029,0.000068247769,-0.000150646476,0.000319664454,0.999999940395
2319,1413394000.955760478973,1413394001.955760478973,1,1,1,1,0,0,0,-0.000244360417,0.000604983419,-0.001264810562,-0.000059021266,-0.000445169542,0.001571799745,0.999998748302
2320,1413394001.005760431290,1413394002.005760431290,1,1,1,1,0,0,0,-0.000114042312,0.000660941005,-0.001057624817,-0.000400749763,-0.000052051360,0.000542456750,0.999999821186
2321,1413394001.055760383606,1413394002.055760383606,1,1,1,1,0,0,0,-0.000417605042,0.000684399158,-0.001039266586,-0.000170558313,-0.000211588325,0.001254410716,0.999999165535
2322,1413394001.105760574341,1413394002.105760574341,1,1,1,1,0,0,0,-0.000094141811,0.000569131225,-0.000993847847,0.000236645908,0.000060072762,0.000488827995,0.999999940395
2323,1413394001.155760288239,1413394002.155760288239,1,1,1,1,0,0,0,-0.000309139490,0.000629466027,-0.000772118568,-0.000303310924,-0.000116187541,0.001187821385,0.999999284744
2324,1413394001.205760478973,1413394002.205760478973,1,1,1,1,0,0,0,-0.000271331519,0.000537555665,-0.000301837921,-0.000119892873,-0.000043041859,0.000522682793,0.999999940395
2325,1413394001.255760431290,1413394002.255760431290,1,1,1,1,0,0,0,0.000285588205,-0.000157833099,0.000530838966,0.000152479857,-0.000131403911,0.000993569032,0.999999523163
2326,1413394001.305760622025,1413394002.305760622025,1,1,1,1,0,0,0,0.000174809247,0.000038199127,0.000517368317,0.000024026855,-0.000084426225,0.000577212661,0.999999880791
2327,1413394001.355760335922,1413394002.355760335922,1,1,1,1,0,0,0,-0.000134501606,-0.000202283263,-0.000364422798,-0.000089180357,-0.000269371783,0.001104699099,0.999999403954
2328,1413394001.405760526657,1413394002.405760526657,1,1,1,1,0,0,0,-0.000007633120,-0.000271186233,-0.000182509422,-0.000070497823,-0.000051368213,0.000769870938,0.999999761581
2329,1413394001.455760478973,1413394002.455760478973,1,1,1,1,0,0,0,-0.000095520169,-0.000358153135,-0.000037908554,-0.000059518145,-0.000248861877,0.001041136915,0.999999463558
2330,1413394001.505760431290,1413394002.505760431290,1,1,1,1,0,0,0,0.000042010099,-0.000242006034,0.000084519386,-0.000178333532,-0.000200461567,0.000792561215,0.999999701977
2331,1413394001.555760383606,1413394002.555760383606,1,1,1,1,0,0,0,0.000045236200,-0.000148434192,0.000119805336,0.000013935773,-0.000213381034,0.000911675917,0.999999582767
2332,1413394001.605760574341,1413394002.605760574341,1,1,1,1,0,0,0,0.000086288899,-0.000020019710,0.000205397606,-0.000006090942,-0.000180621282,0.000768430589,0.999999701977
2333,1413394001.655760288239,1413394002.655760288239,1,1,1,1,0,0,0,0.000120460987,0.000007618219,0.000283598900,-0.000105094063,-0.000159504285,0.000772637373,0.999999701977
2334,1413394001.705760478973,1413394002.705760478973,1,1,1,1,0,0,0,0.000110976398,0.000091280788,0.000229001045,0.000000401720,-0.000080806494,0.000773715146,0.999999761581
2335,1413394001.755760431290,1413394002.755760431290,1,1,1,1,0,0,0,0.000119097531,-0.000137049705,0.000223875046,-0.000130717191,-0.000114775568,0.000641684397,0.999999821186
2336,1413394001.805760622025,1413394002.805760622025,1,1,1,1,0,0,0,0.000118169934,-0.000176928937,0.000052809715,-0.000001158085,-0.000054606233,0.000668853405,0.999999761581
2337,1413394001.855760335922,1413394002.855760335922,1,1,1,1,0,0,0,-0.000127319247,0.000074557960,-0.000104904175,-0.000214366621,0.000038381899,0.000715399568,0.999999761581
2338,1413394001.905760526657,1413394002.905760526657,1,1,1,1,0,0,0,-0.000075697899,0.000172100961,-0.000086188316,-0.000190239778,0.000075690383,0.000623430358,0.999999821186
2339,1413394001.955760478973,1413394002.955760478973,1,1,1,1,0,0,0,-0.000088974833,0.000243648887,-0.000282406807,-0.000091961403,0.000070675422,0.000643831212,0.999999821186
2340,1413394002.005760431290,1413394003.005760431290,1,1,1,1,0,0,0,-0.000135328621,0.000309359282,-0.000569224358,-0.000194405395,-0.000040110241,0.000610584335,0.999999821186
2341,1413394002.055760383606,1413394003.055760383606,1,1,1,1,0,0,0,-0.000147704035,0.000369038433,-0.000788450241,-0.000158982875,-0.000141979253,0.000714154798,0.999999821186
2342,1413394002.105760574341,1413394003.105760574341,1,1,1,1,0,0,0,-0.000229731202,0.000497438014,-0.000862836838,-0.000237911008,-0.000174458648,0.000573738711,0.999999821186
2343,1413394002.155760288239,1413394003.155760288239,1,1,1,1,0,0,0,-0.000221740454,0.000434380025,-0.000778675079,-0.000199995062,-0.000195307090,0.000669442932,0.999999761581
2344,1413394002.205760478973,1413394003.205760478973,1,1,1,1,0,0,0,-0.000211186707,0.000438574702,-0.000838398933,-0.000124060520,-0.000151541492,0.000525653420,0.999999880791
2345,1413394002.255760431290,1413394003.255760431290,1,1,1,1,0,0,0,0.000048398972,-0.000134781003,0.000132083893,-0.000248953555,-0.000216211862,0.000589953561,0.999999761581
2346,1413394002.305760622025,1413394003.305760622025,1,1,1,1,0,0,0,0.000176865608,-0.000212598592,0.000301480293,-0.000137565978,-0.000158077673,0.000514799496,0.999999880791
2347,1413394002.355760335922,1413394003.355760335922,1,1,1,1,0,0,0,-0.000323187560,0.000273223966,-0.000978708267,-0.000272990321,-0.000099686127,0.000658599660,0.999999821186
