kf_id,ts,n_inertial_edges,n_vis_edges,err_R_mean,err_R_std,err_R_max,err_V_mean,err_V_std,err_V_max,err_P_mean,err_P_std,err_P_max,chi2_inertial_mean,chi2_inertial_max,rel_robust_chi2,n_gyro_rw,n_acc_rw,bg_x,bg_y,bg_z,ba_x,ba_y,ba_z,vel_x,vel_y,vel_z
10,1413393892.11,9,5786,0.000297230049436,0.000165346729871,0.000590890872455,0.00872138262847,0.0115300288897,0.0365224234401,0.000708335423932,0.000773558875163,0.00262581181789,78.6832582756,465.367995437,0.824707686901,9,9,-0.00338741508313,0.0257122144103,0.0796080082655,-0.0985704734921,0.0122808758169,-0.0541452914476,-0.328177630901,-1.53759360313,0.18458019197
11,1413393892.21,10,6096,0.000256782228839,9.43444345128e-05,0.000400308058847,0.00777908134736,0.0117673937761,0.036913926092,0.000592203437315,0.000851117848018,0.00302732756474,77.8121519227,601.575031195,0.882488667965,10,10,-0.00339108589105,0.0257102381438,0.079615727067,-0.0994208827615,0.0208270139992,-0.072202257812,-0.344591408968,-1.51912510395,0.214162617922
12,1413393892.31,11,6541,0.000239063671847,0.000112416569735,0.000428584030176,0.0071585884126,0.0117372805031,0.0375653832504,0.000551054427251,0.000870346541851,0.0031552874825,75.158195787,665.578813754,0.884450674057,11,11,-0.00339226564392,0.0257104076445,0.0796167254448,-0.0885742679238,0.0178534518927,-0.072397775948,-0.355005800724,-1.46558439732,0.127434700727
13,1413393892.41,12,7014,0.000246153686019,0.000117848043113,0.00047556936646,0.00658131628099,0.0109819497825,0.0362973154744,0.000510109592175,0.000832192886635,0.00312069177692,69.190832746,652.273814639,0.882724165916,12,12,-0.00338778202422,0.0257126241922,0.0796193405986,-0.0834710225463,0.0170985385776,-0.0762785822153,-0.358952581882,-1.40929245949,0.0136683387682
14,1413393892.51,13,7390,0.000275572505219,0.000171275279259,0.000673042448051,0.00627627944976,0.010273439398,0.036295043102,0.00046098630656,0.000723947684047,0.00286749695231,59.6494581837,549.288171564,0.897107005119,13,13,-0.00338915945031,0.0257123690099,0.079620629549,-0.0744822397828,0.0179690308869,-0.0751237347722,-0.368531793356,-1.34248101711,-0.0970729365945
15,1413393892.61,14,7813,0.000251592853887,0.000166661453357,0.000574577525088,0.0059314098804,0.0100878482602,0.0371479812679,0.000448123093567,0.000691617605549,0.0027551827554,54.2154248641,505.141648101,0.9165776968,14,14,-0.00339302048087,0.0257109552622,0.0796218365431,-0.0669418796897,0.0159222427756,-0.0722788497806,-0.381491333246,-1.30067563057,-0.201991721988
16,1413393892.76,15,8283,0.000271256157086,0.000216302876086,0.000705563413981,0.00568274375468,0.00967691869302,0.0371729353267,0.000434516499465,0.00064844032349,0.00261720548031,51.2047359317,457.841808792,0.9182279706,15,15,-0.00338741042651,0.025711927563,0.0796223282814,-0.0658399760723,0.0181139167398,-0.0741416290402,-0.402144342661,-1.15201747417,-0.219625368714
17,1413393892.96,16,8439,0.000256019010447,0.000232468960474,0.000759007823005,0.00532482944794,0.00949231274098,0.0374367637034,0.00040919052649,0.000632770124834,0.00257511717539,47.5647606945,445.497749994,0.906096994877,16,16,-0.00338678457774,0.0257143694907,0.0796224474907,-0.060661830008,0.0176597200334,-0.0718653053045,-0.434829711914,-0.749963998795,-0.118864908814
18,1413393893.46,17,8614,0.000273140680396,0.000208853745007,0.000807655867652,0.00550421372055,0.0092933527428,0.0371452454573,0.000462675521077,0.000672138664509,0.00278757262005,53.6459806353,525.763751567,0.879218995571,17,17,-0.00338458968326,0.0257017742842,0.0796212777495,-0.0728157311678,0.0138209350407,-0.0736193060875,-0.460160791874,0.424771994352,0.127678215504
19,1413393893.76,18,9062,0.000272953416925,0.000207813828133,0.000899600321845,0.00544184342406,0.00914195590503,0.0370599833276,0.000461260267445,0.00068300886177,0.00286965304167,55.5990250578,556.901010107,0.842974066734,18,18,-0.0033749891445,0.0257110055536,0.0796122699976,-0.078743763268,0.0116668641567,-0.0697972029448,-0.290788114071,0.93144261837,0.178527981043
20,1413393893.91,19,9585,0.000266334968694,0.000232668443712,0.00102055803472,0.00547460806533,0.00895167150586,0.0368205334199,0.000490022665254,0.000714505398019,0.00291913096097,58.0056506615,577.628198889,0.857904791832,19,19,-0.00336527777836,0.0257086567581,0.0795946270227,-0.0836187526584,0.00921565666795,-0.0679776966572,-0.16310377419,1.12749087811,0.219232589006
21,1413393894.06,20,10007,0.000267801849064,0.000232986285272,0.0010269776685,0.00534263536037,0.00880244330166,0.0371755515168,0.000479874010469,0.000711265172971,0.00287768308863,55.5046484703,557.507618736,0.925484716892,20,20,-0.00336350407451,0.0256961788982,0.0795969814062,-0.0834772065282,0.00607046950608,-0.0601710863411,-0.0630604699254,1.21585357189,0.233110457659
22,1413393894.16,20,9929,0.000265898212786,0.000259750175713,0.00118165601368,0.00545253839502,0.00886438341678,0.036872619102,0.000503224565122,0.000719258938712,0.00297902254282,61.1264811141,604.340335347,0.863906979561,20,20,-0.00335313775577,0.0256913956255,0.0795985162258,-0.081914678216,0.00714234728366,-0.0573192276061,-0.0168218072504,1.24293851852,0.253215909004
23,1413393894.31,20,9964,0.000279759451551,0.000241129216696,0.00107391814853,0.00534879714588,0.00888132884294,0.0373184733584,0.000510936976803,0.000708920337964,0.00285244904527,56.8155062916,550.954844572,0.85945981741,20,20,-0.00335568957962,0.0256900172681,0.0795992910862,-0.0829245299101,0.00139567430597,-0.0527413189411,0.0991179943085,1.27232921124,0.218469694257
24,1413393894.41,20,9891,0.000276874225639,0.000225646147035,0.00101806767352,0.00529949702887,0.00899660795092,0.0384765728899,0.000510566660465,0.00069081422012,0.00275724109491,52.3859989974,505.404127101,0.88653844595,20,20,-0.00333994487301,0.0256851818413,0.0796005725861,-0.0823413580656,0.00179553148337,-0.0562588647008,0.150834560394,1.30393397808,0.0482513867319
25,1413393894.51,20,9870,0.000278836683673,0.000230638320927,0.00107539864506,0.00538348300792,0.00906656519643,0.0393493093054,0.000525197288053,0.000683500707846,0.0026426329006,52.062785518,465.542841706,0.867672979832,20,20,-0.00333557231352,0.0256890114397,0.0796001330018,-0.0846229568124,0.00141385011375,-0.0609825700521,0.204198509455,1.33449280262,-0.110371246934
26,1413393894.61,20,9972,0.000291887651679,0.000224771179552,0.000971306019697,0.00563512441123,0.00916846788062,0.039779985393,0.000598890657819,0.000791189997975,0.00265598235754,51.9454369838,463.888579281,0.869078993797,20,20,-0.00332920392975,0.0256902948022,0.0796016603708,-0.0813453122973,0.00285943038762,-0.0574520900846,0.245935812593,1.35181617737,-0.188873663545
27,1413393894.71,20,9882,0.000315981422647,0.000217572143095,0.000794634876096,0.00591544186771,0.00913476392539,0.0398362925852,0.00067140488181,0.00086240620299,0.00281380270057,52.7396431059,455.84101122,0.878284990788,20,20,-0.00333128264174,0.0256796181202,0.0796022638679,-0.0739814341068,0.00577232195064,-0.0569121465087,0.287585347891,1.35137295723,-0.185365870595
28,1413393894.86,20,9763,0.000301557635259,0.000200345403408,0.000746118219096,0.00541382852416,0.00763580164291,0.0324017751222,0.000670343750693,0.00112360141089,0.00521380245759,39.4813493347,261.235942173,0.864302039146,20,20,-0.0029265426565,0.0253525748849,0.0797306746244,-0.0855215936899,0.0159675646573,-0.106212548912,0.324357509613,1.34170329571,-0.133080810308
29,1413393894.96,20,9716,0.000298142676633,0.00021057736548,0.000850497067257,0.00548792804485,0.00809574367814,0.0330213534537,0.000718653982545,0.00126163321171,0.0058535457247,41.1557595586,336.467051245,0.855755984783,20,20,-0.00289674615487,0.0253247562796,0.0797272846103,-0.0769614130259,0.0155202243477,-0.0974148511887,0.344397068024,1.3235834837,-0.0953859910369
30,1413393895.06,20,9878,0.000299313379637,0.000225705540514,0.000921257653976,0.00544474007739,0.00791193477173,0.0321892185568,0.00072002605502,0.00122101814887,0.00573588910942,40.5492310232,339.712027374,0.850830554962,20,20,-0.00288259447552,0.0253201462328,0.0797296985984,-0.075029976666,0.0184538010508,-0.0982503965497,0.347856074572,1.29528462887,-0.0581332705915
31,1413393895.16,20,9672,0.000308170875439,0.000242218628606,0.00091952677313,0.00563930970786,0.00820027845285,0.0330712421308,0.000748707157533,0.00127972387815,0.00606437434614,44.4753280493,374.717573954,0.866588354111,20,20,-0.00287454249337,0.0253200121224,0.0797360911965,-0.0729148462415,0.0207872092724,-0.097012296319,0.351913124323,1.24575924873,-0.0411709956825
32,1413393895.26,20,9511,0.000315206105573,0.000263415423184,0.000954341815722,0.00572096666616,0.00826869449821,0.0323724985509,0.00076676778549,0.00135071433048,0.00642448745977,47.9795974647,420.724812478,0.852384388447,20,20,-0.00287056993693,0.0253226142377,0.0797441080213,-0.0687655508518,0.020783405751,-0.0943491458893,0.357451409101,1.20477628708,-0.02752818726
33,1413393895.36,20,9351,0.000328206655826,0.000262318556828,0.000974902885419,0.00577357969884,0.00838647746171,0.0333788444647,0.000794110445715,0.00133120995761,0.00631510107245,47.2600123811,415.66408669,0.839161992073,20,20,-0.00287302583456,0.0253136903048,0.0797399356961,-0.063313767314,0.023691482842,-0.0942310392857,0.352678656578,1.15009081364,-0.0849787890911
34,1413393895.46,20,9471,0.000322426457223,0.000238438278264,0.000848407286983,0.00574919747715,0.00831406179674,0.0339688357796,0.000785294727538,0.00126634996644,0.00599772015585,43.9417200765,364.290255693,0.875437915325,20,20,-0.0028596224729,0.0253168307245,0.0797385424376,-0.0636875554919,0.026014059782,-0.0945529639721,0.356859177351,1.08342266083,-0.191316232085
35,1413393895.61,21,9923,0.000316108126322,0.000240571841339,0.000848051171467,0.00549165248077,0.00818907434292,0.0337457612081,0.000746029945706,0.00126311318425,0.00610941041653,42.1089874168,374.826918439,0.894891142845,21,21,-0.00285673700273,0.0253160074353,0.0797420740128,-0.0584263503551,0.0261705946177,-0.08896073699,0.369942039251,1.00268936157,-0.190522000194
36,1413393895.71,21,9760,0.00031039691617,0.000225252375734,0.00081361312632,0.00543247948388,0.00816287718521,0.0342031313744,0.000730680366581,0.00121576209302,0.00589700830776,39.8201031352,350.093075489,0.882164716721,21,21,-0.00285235722549,0.0253080595285,0.0797458291054,-0.0595075003803,0.0267005283386,-0.0929455161095,0.37973600626,0.936613082886,-0.138807177544
37,1413393895.81,21,9661,0.000303945297037,0.000216096583869,0.000759022847869,0.00543229369428,0.00812227447538,0.0340165317246,0.00074662600322,0.00121653516183,0.00591519052795,39.1688111696,349.32561224,0.884976327419,21,21,-0.00285251508467,0.025311479345,0.079747736454,-0.0604313798249,0.0311558172107,-0.0932191684842,0.388561815023,0.889262139797,-0.0976667627692
38,1413393895.91,21,9512,0.000292778936578,0.000192939026305,0.00072633402206,0.00542175059331,0.00815745428261,0.033731805738,0.000750056002043,0.00125576019347,0.00613189696771,38.6238279829,370.71945966,0.887893497944,21,21,-0.00285555096343,0.0253163930029,0.0797592699528,-0.0600283294916,0.0300356224179,-0.0954658612609,0.387951731682,0.777072548866,-0.0747761800885
39,1413393896.01,22,9932,0.00031052942447,0.000210888829276,0.000834675576531,0.00523324977032,0.00807530586488,0.0337284810033,0.000717819761893,0.00125761202245,0.00624476263083,38.6755537326,399.729229023,0.887098908424,22,22,-0.00285636959597,0.0253146030009,0.0797645300627,-0.0528084225953,0.0323661267757,-0.0978284552693,0.370353460312,0.698260605335,-0.0657246857882
40,1413393896.11,21,9506,0.000263579459461,0.000200088018983,0.000792249710573,0.00410466596417,0.00564617814248,0.0260886336146,0.000772524248684,0.00134444034176,0.00621950643011,36.092354593,394.142384697,0.854833900928,21,21,-0.00282663106918,0.0253165084869,0.0797685459256,-0.0506865531206,0.0320365913212,-0.100587330759,0.350113689899,0.635923802853,-0.0156741924584
41,1413393896.21,21,9393,0.000261596020311,0.00019795276105,0.000811826096573,0.00420441700233,0.00579647103463,0.0268728864804,0.000805707450774,0.00139227008673,0.00640623651391,36.9503814346,416.393631758,0.875418126583,21,21,-0.00283330841921,0.0253289844841,0.0797729566693,-0.0532371252775,0.0296445451677,-0.10563158989,0.317189186811,0.573996126652,0.00517718028277
42,1413393896.31,21,9500,0.000252854314913,0.000192411121991,0.00076040014317,0.00418891629671,0.00577950450779,0.0265943550556,0.000813236405468,0.00138306951734,0.00632120294888,35.9104539887,404.385490315,0.855849862099,21,21,-0.00283818575554,0.0253279749304,0.0797583535314,-0.0504348911345,0.0332482792437,-0.109045945108,0.249900326133,0.498145848513,0.0116487676278
43,1413393896.41,22,9902,0.000250561775022,0.000193225882882,0.000767490114746,0.00397730131455,0.00568150712346,0.0264004954837,0.000783217475657,0.00136636286778,0.0062649805631,34.3034229482,399.336500326,0.918174147606,22,22,-0.00284631946124,0.0253349859267,0.0797685757279,-0.0496692471206,0.0318124778569,-0.10807877779,0.182349443436,0.378907173872,0.0811519771814
44,1413393896.56,21,9504,0.000311640924986,0.000224194024936,0.000962988688045,0.00380656222595,0.0051744809409,0.0258163609338,0.000741860385109,0.00127156276775,0.00610126075948,34.4935819128,379.885961769,0.886966824532,21,21,-0.00284431013279,0.0253321547061,0.0797702297568,-0.0527712926269,0.0324154347181,-0.10879393667,0.0560258515179,0.173967406154,0.0879646316171
45,1413393896.86,21,9386,0.000381934757629,0.00033821599589,0.00157186262725,0.00447650282186,0.00510034699126,0.0255702237227,0.00087331159223,0.00126294368219,0.00604274475101,52.2093564608,385.135305277,0.89024490118,21,21,-0.00285610090941,0.0253533050418,0.0797779038548,-0.0475209802389,0.0425120219588,-0.112046614289,0.130709201097,-0.141536027193,0.145422697067
46,1413393897.06,22,9887,0.00038946536973,0.000278768756326,0.00108150262481,0.00492515713203,0.00549296564924,0.0250294200607,0.000929944754548,0.00127013777049,0.00593986792901,54.2145224203,353.844269271,0.896787106991,22,22,-0.00285859475844,0.0254033096135,0.0797696560621,-0.0510346628726,0.0514780841768,-0.127594977617,0.374571025372,-0.332485407591,0.0883415713906
47,1413393897.21,21,9372,0.000449777646703,0.000387089731774,0.00142286000235,0.00537108363506,0.00603019744594,0.0237204671736,0.000947849548336,0.00124594658712,0.00561256763884,76.2237080359,390.471227079,0.835610568523,21,21,-0.00285828160122,0.0254320111126,0.0797562152147,-0.0511158667505,0.063941039145,-0.127756431699,0.611852407455,-0.270178884268,0.0481527373195
48,1413393897.31,22,9636,0.000457713950808,0.000420029331571,0.00152791569706,0.00548417605815,0.00644196679187,0.024693684209,0.000940769967538,0.00126932344756,0.0055727642468,77.6267915515,569.939427137,0.874187588692,22,22,-0.00286767631769,0.0254441294819,0.0797614604235,-0.0437281094491,0.0735584646463,-0.113904111087,0.681940436363,-0.124349825084,0.0720045566559
49,1413393897.41,21,9119,0.000423083558717,0.00038472453425,0.00137323871394,0.00594162357573,0.00715952104506,0.0275375591006,0.00104264684355,0.00135601603369,0.00558473334555,86.5280862921,719.068832508,0.860294997692,21,21,-0.0028494510334,0.025445330888,0.079768255353,-0.0382018126547,0.0803511664271,-0.110845252872,0.711607635021,0.0633148550987,0.044279333204
50,1413393897.56,22,9714,0.000451193370671,0.00043298417352,0.00157356534843,0.00597528940724,0.0072646626184,0.0277932047519,0.00104002544809,0.00136114921432,0.0055005891509,93.8822938373,778.103403649,0.888420581818,22,22,-0.00285379868001,0.025446139276,0.0797732695937,-0.0383525528014,0.0843628495932,-0.103466525674,0.675624847412,0.269225031137,0.020014854148
51,1413393897.71,21,9244,0.000498038628399,0.000481742473418,0.00182835156496,0.00599167173939,0.00676394940901,0.0233077513544,0.00104457023774,0.00131582433279,0.00538598066854,96.4753280816,612.281481943,0.86639803648,21,21,-0.00283959787339,0.0254394579679,0.0797745957971,-0.039889395237,0.0910392403603,-0.103235550225,0.638489425182,0.392731338739,0.0593659169972
52,1413393897.81,21,9212,0.000509578052879,0.000504031295832,0.00204275407982,0.0059341890062,0.00646487274109,0.0220424314748,0.00106673955732,0.00126975532406,0.00524167688568,95.6961633569,481.995681893,0.876298427582,21,21,-0.00284224259667,0.0254527870566,0.0797823965549,-0.0497446246445,0.0970440134406,-0.102245822549,0.636865198612,0.46733340621,0.0764278098941
53,1413393897.91,22,9752,0.00051216550171,0.000530510211795,0.00224545735612,0.00565505762936,0.0061005288214,0.0215240204462,0.00101274142662,0.00121410992242,0.00511018719491,93.3486006568,565.968166785,0.899560272694,22,22,-0.00284476531669,0.0254630632699,0.0797849819064,-0.0490485951304,0.100345872343,-0.0972534716129,0.630436599255,0.510970294476,0.120131567121
54,1413393898.01,21,9237,0.00053105376359,0.000539280312292,0.00227271214951,0.00589207840927,0.005932521297,0.0201006689562,0.00102753352321,0.00117105990337,0.0048076535913,96.2502543603,600.092063295,0.899642527103,21,21,-0.00284097879194,0.0254662241787,0.0797883272171,-0.0498950779438,0.105118848383,-0.0920064523816,0.614190757275,0.565415501595,0.126507282257
55,1413393898.11,21,9114,0.000535991732342,0.000561169726034,0.00238757917185,0.00587090649589,0.00582627069734,0.0199349326029,0.00103964708616,0.00115375569252,0.00476412064473,98.9412159971,674.531033645,0.887727916241,21,21,-0.00284023652785,0.0254629440606,0.0798020064831,-0.054764971137,0.109523884952,-0.0906444340944,0.566351354122,0.65939617157,0.185511514544
56,1413393898.21,21,8901,0.000538622737799,0.000578985332306,0.00244845251906,0.00603714078537,0.00604384629732,0.0195126982,0.00107560809747,0.00116843488528,0.00465730487289,104.487276563,727.174236434,0.877790331841,21,21,-0.00283748051152,0.0254657566547,0.0798125267029,-0.0565725192428,0.111092142761,-0.0833508297801,0.463357299566,0.739711105824,0.208560273051
57,1413393898.31,22,9416,0.000531386584718,0.000586740834589,0.00248646832267,0.00579846040912,0.00594414585893,0.0192706898955,0.00103341109048,0.00115157298463,0.00460743447782,102.765752805,746.750494932,0.879395902157,22,22,-0.00283641344868,0.0254624336958,0.0798170417547,-0.0609594322741,0.10781249404,-0.0800005793571,0.316031366587,0.816736876965,0.239169314504
58,1413393898.41,21,8995,0.000542846530894,0.000574527344245,0.0023507286086,0.00593958501305,0.00579923722732,0.0189675259234,0.00126362178384,0.00157792495247,0.00616512146815,97.4370783392,665.054858158,0.874249517918,21,21,-0.00283814431168,0.025475403294,0.0798190534115,-0.0684093236923,0.111847668886,-0.0815373510122,0.122649125755,0.845145344734,0.254087418318
59,1413393898.51,21,8988,0.000555577880265,0.000579844610996,0.00235097983538,0.00596589854555,0.00579224488944,0.0185583739742,0.00131959263079,0.00172892074815,0.00722273012259,98.3952320036,664.894274614,0.837114989758,21,21,-0.00283517269418,0.0254726279527,0.0798162296414,-0.0665669068694,0.117787115276,-0.0774880126119,-0.119358964264,0.79001301527,0.177501186728
60,1413393898.61,22,9447,0.00055306767345,0.000586684556098,0.00238837484814,0.00574358773288,0.00578992300034,0.0183311480361,0.00128160684124,0.00179225919045,0.00774717206216,97.150312411,680.81875439,0.863807380199,22,22,-0.00283186463639,0.0254653207958,0.0798091813922,-0.0620979741216,0.116517670453,-0.0711960494518,-0.349663108587,0.690375983715,0.00955081172287
61,1413393898.71,22,9537,0.000523948144484,0.000581584678631,0.00222149330569,0.00507693184381,0.00526217878748,0.0171817870843,0.00100457068588,0.00109644010866,0.00359288303376,82.8114510488,605.876265419,0.857547819614,22,22,-0.00282323989086,0.0254585370421,0.0798064172268,-0.0548250116408,0.115615263581,-0.0620181970298,-0.534550845623,0.562265396118,-0.0974509492517
62,1413393898.81,21,9001,0.000500209503292,0.000546712150636,0.00211208953946,0.00479167205847,0.00439403754104,0.0157246080525,0.000838289265341,0.000788027632868,0.00283341321039,72.1089157257,539.823118274,0.865206003189,21,21,-0.00282014370896,0.0254593957216,0.0797994509339,-0.0550286471844,0.114959053695,-0.0531491525471,-0.553476154804,0.412934660912,-0.129016608
63,1413393898.91,22,9460,0.000488472635429,0.000551400820585,0.00214154132351,0.00458743075501,0.00436537360931,0.0160886762296,0.000796166468557,0.000776705803093,0.00289754470643,69.8357879007,557.777032225,0.890579223633,22,22,-0.0028198286891,0.0254672374576,0.0798139646649,-0.0523647777736,0.122327774763,-0.056633580476,-0.384442180395,0.277353435755,-0.0324895977974
64,1413393899.01,22,9363,0.000492026544544,0.000540936982426,0.00208014821581,0.00454124538799,0.00421850154155,0.0156560659997,0.000787306646044,0.000755235893249,0.00283161065422,67.7370261284,529.197083204,0.873555541039,22,22,-0.00280511239544,0.0254734903574,0.0797953829169,-0.0503265038133,0.123195424676,-0.0569739192724,-0.0970400795341,0.160145312548,0.058248154819
65,1413393899.16,22,9201,0.000502114746691,0.00055794159684,0.00220185596912,0.00462505496169,0.00428002199944,0.0159482061796,0.000806042163268,0.00075975985263,0.00286203594929,72.5513065824,579.149357035,0.889814734459,22,22,-0.00278848875314,0.02548388578,0.0797896757722,-0.0512462407351,0.127754941583,-0.05947220698,0.489390075207,0.120370395482,0.338892877102
66,1413393899.26,22,8981,0.000516388278722,0.000568639115702,0.00222528721412,0.00470154539375,0.00442336680121,0.0165614657497,0.000828672430657,0.000778715548188,0.00297426844,75.7625470676,599.470975734,0.894833922386,22,22,-0.00278744613752,0.0254648029804,0.0797872394323,-0.0452700518072,0.121703885496,-0.056665096432,0.636872172356,0.186709746718,0.43040561676
67,1413393899.36,23,9363,0.000498280903463,0.000561219650511,0.00220444606282,0.00445145840374,0.00438343350292,0.0164405658383,0.000779347118442,0.000772986042282,0.00295133724788,71.069068525,586.378420623,0.873699367046,23,23,-0.00277616875246,0.025461519137,0.0797887146473,-0.049294963479,0.119677603245,-0.0511508733034,0.558386862278,0.244507402182,0.429042100906
68,1413393899.46,23,9140,0.000490545829588,0.000561134521599,0.00220102803855,0.00445727220144,0.00434611312269,0.016419660767,0.000779095524425,0.000765771400111,0.00295455611883,70.3045012488,587.026000782,0.891924142838,23,23,-0.00277905538678,0.0254575945437,0.0797804221511,-0.0524668581784,0.126790851355,-0.0494782179594,0.315335720778,0.259227216244,0.423543035984
69,1413393899.56,24,9292,0.000475427470031,0.000555652683979,0.00220428216844,0.00434107632249,0.00443949820664,0.0166759200478,0.000754959989729,0.000779604728483,0.00299969687568,68.9413587034,593.56585574,0.912568390369,24,24,-0.00279471511021,0.0254581421614,0.0797777101398,-0.0563107468188,0.124637760222,-0.0466588586569,-0.0321274287999,0.23339343071,0.386525839567
70,1413393899.81,25,9652,0.000458945725933,0.00056271215665,0.00226537196844,0.00415358045853,0.00441086926372,0.0166348313415,0.000721432495623,0.00077612219294,0.00298429497801,67.1313759021,616.553439322,0.900554299355,25,25,-0.00280075031333,0.0254646744579,0.0797722861171,-0.059478264302,0.122578769922,-0.0448510944843,-0.909475147724,-0.0649423524737,0.128297924995
71,1413393899.91,24,9241,0.000481455105501,0.000574328863972,0.00229299850381,0.00445909575693,0.00451926477018,0.0169887846938,0.000783824850953,0.000790381779411,0.00304360949392,72.7222081745,636.75890284,0.905538737774,24,24,-0.0027865874581,0.0254579111934,0.0797898992896,-0.0534804090858,0.125361964107,-0.0376183763146,-1.07376122475,-0.220452934504,0.0220913663507
72,1413393900.06,25,9784,0.000478360290187,0.000572507903465,0.00231029685115,0.00428396135858,0.00441666176902,0.0166503727652,0.000751532714991,0.000781157196829,0.00297564448531,70.5375920814,636.662223439,0.870018780231,25,25,-0.00279374141246,0.0254547186196,0.0798069983721,-0.0604025647044,0.127468153834,-0.0348331257701,-0.935765206814,-0.50106793642,0.0342021882534
73,1413393900.16,25,10147,0.000459095549079,0.000535815174124,0.00228923212677,0.00410629389925,0.00422821880794,0.0179523052016,0.000712290382813,0.00075825532115,0.00321199883645,68.1936103532,648.652892379,0.85024780035,25,25,-0.00278779747896,0.0254418700933,0.0797785073519,-0.0455808453262,0.125136002898,-0.0363786444068,-0.642434716225,-0.662051737309,-0.00317886727862
74,1413393900.26,25,10272,0.00045443089033,0.000508858947144,0.00212062567795,0.00395069423388,0.00408128079045,0.0158057295826,0.000684069389928,0.000709745928559,0.00282220542009,64.3470074959,546.8902292,0.857585012913,25,25,-0.00275815045461,0.0254601780325,0.0797335281968,-0.039585031569,0.122232243419,-0.0290459115058,-0.288390040398,-0.763858735561,-0.00820929836482
75,1413393900.36,25,10228,0.000474322956847,0.000497869861734,0.00202185305295,0.00415526122097,0.0039624435822,0.0154980987576,0.000715066067502,0.000696446899332,0.00279192324506,65.9414524468,505.054709023,0.869360625744,25,25,-0.00276425946504,0.0254902597517,0.0797197595239,-0.0416145510972,0.127295047045,-0.0278441552073,0.054938159883,-0.755603730679,-0.0285228770226
76,1413393900.46,25,9999,0.000507825836466,0.000498389169334,0.00194426519237,0.00427765754012,0.00393190857332,0.0146404638119,0.000750226110874,0.000698831710821,0.00267142496082,69.6099796397,463.173823878,0.896222829819,25,25,-0.00273852213286,0.0254887808114,0.079718708992,-0.0308486986905,0.129783675075,-0.0269216764718,0.283142894506,-0.672298431396,-0.0697198361158
77,1413393900.56,25,10125,0.000507497761676,0.000515575646988,0.00197855975427,0.00416548756272,0.00454578967003,0.0149550787888,0.000778532806858,0.000923404675897,0.00375168195338,69.1499748912,466.868114212,0.911486268044,25,25,-0.00273521663621,0.0254334844649,0.0796931311488,-0.0325252898037,0.127942964435,-0.0273202992976,0.379486858845,-0.576951026917,-0.141297206283
78,1413393900.66,25,9911,0.00047576133803,0.000511805097716,0.00204414256219,0.00403686569013,0.0044815708006,0.0144069580306,0.000759607388866,0.000922200085631,0.00379743587494,66.0427475974,490.246703362,0.907282233238,25,25,-0.00273210345767,0.0254456643015,0.0796896144748,-0.0385212413967,0.125651836395,-0.0225981660187,0.318834871054,-0.503700137138,-0.232802301645
79,1413393900.86,25,9878,0.000469819416124,0.000509853209839,0.00206442277312,0.00407327030051,0.00445470000486,0.0147532846545,0.000771913704903,0.00091946177246,0.00378809839058,65.379805598,506.584055629,0.912123680115,25,25,-0.00276200892404,0.0254351831973,0.0796923562884,-0.0399406552315,0.126001641154,-0.0215499754995,-0.156131133437,-0.422112703323,-0.393837511539
80,1413393900.96,25,9980,0.000458160482857,0.000502790100928,0.00207936408999,0.00401674171296,0.00444901249675,0.0147763318225,0.000760533591397,0.000915874418187,0.0037862780745,63.7196291249,512.53650475,0.910807192326,25,25,-0.00275291828439,0.0254290755838,0.0796884074807,-0.0384871661663,0.121606737375,-0.0325070954859,-0.42336410284,-0.436397492886,-0.386555671692
81,1413393901.06,25,10063,0.000483160618689,0.000492751520398,0.00207270671794,0.00395166056994,0.00443381155762,0.014612698846,0.000747723806476,0.000895214881754,0.00365407061738,63.4631730266,510.238713777,0.920205652714,25,25,-0.00276040937752,0.0254426095635,0.0796910002828,-0.0417390018702,0.122106358409,-0.0237542055547,-0.627247512341,-0.496382504702,-0.33486238122
82,1413393901.16,25,10008,0.00046806531516,0.000489222958626,0.00210707676275,0.00394640425999,0.00438797103402,0.0150366259767,0.000759692534729,0.000923761584328,0.00385942925557,61.6908028842,529.77152078,0.911972045898,25,25,-0.00273121614009,0.025412177667,0.0796658173203,-0.0408532842994,0.128829583526,-0.0270352754742,-0.68544459343,-0.577469110489,-0.300903350115
83,1413393901.26,25,9968,0.000506329403465,0.000486351685608,0.00199199885549,0.00406081364913,0.00441080734209,0.0145066771336,0.000787473805183,0.000929148907988,0.00383793472638,64.8219904614,475.903397643,0.914545297623,25,25,-0.00275824754499,0.0254186056554,0.079678542912,-0.0386999472976,0.130414247513,-0.026623878628,-0.602348446846,-0.622031331062,-0.214053705335
84,1413393901.36,25,10092,0.000486267419461,0.000484453214984,0.00205014742359,0.00369194626363,0.00406639191174,0.0145036699127,0.000690958208723,0.000742641970152,0.00261923839908,63.7867307685,499.676212418,0.917010128498,25,25,-0.00267991307192,0.0253988858312,0.0796636492014,-0.039692081511,0.129267156124,-0.0266524702311,-0.419561028481,-0.589500308037,-0.137965112925
85,1413393901.51,25,10203,0.000490121028082,0.000472513783579,0.00207561513094,0.00363522833982,0.00402998445872,0.014891799917,0.000669678182603,0.000721224260033,0.00269980739169,62.1247486727,516.57999553,0.90280687809,25,25,-0.00270035117865,0.0254183895886,0.0796400308609,-0.0349000059068,0.131755381823,-0.0207906104624,-0.0439165048301,-0.500233054161,-0.0722268223763
86,1413393901.71,25,10012,0.000504430668491,0.000469400605741,0.00212274545782,0.00367597082439,0.00389229058567,0.0151066847082,0.00068385213094,0.0007193966698,0.00273116401259,63.2864739945,538.265130461,0.904545068741,25,25,-0.00269454997033,0.0254343561828,0.0796258896589,-0.0372157990932,0.13121779263,-0.0209551416337,0.521918237209,-0.27201038599,0.0912511944771
87,1413393901.81,25,9796,0.000512394918478,0.000465814051463,0.00211622965311,0.00366588369624,0.00380447699077,0.0150396620622,0.000682337937215,0.000690633628594,0.00271433275042,63.0455750563,534.488608666,0.92263686657,25,25,-0.00267453771085,0.0254513081163,0.0795990228653,-0.0272442866117,0.126703590155,-0.0197817273438,0.654283106327,-0.125460997224,0.104268856347
88,1413393901.96,25,10033,0.000534113586353,0.000470155194385,0.0021180036765,0.00354647141341,0.00377131389279,0.0151367352226,0.00061668616051,0.000659202767147,0.00275429923994,65.0277597171,539.554484819,0.898139178753,25,25,-0.0026778250467,0.0254278294742,0.0795930251479,-0.0340781472623,0.126212269068,-0.0221881289035,0.698285281658,0.0375956706703,0.0441590845585
89,1413393902.26,25,10025,0.000536000540245,0.000478059533969,0.00214001644608,0.00360275528042,0.00363094305003,0.0153045989902,0.000630110554381,0.000637553363099,0.00277517763099,64.8254816846,549.478895587,0.904986321926,25,25,-0.00264769745991,0.0254139713943,0.0795828998089,-0.0376779958606,0.126928389072,-0.0256816111505,0.728105068207,0.284817665815,0.0969816893339
90,1413393902.41,25,10295,0.0005512398635,0.00048512689472,0.00213119066218,0.00364987998619,0.00357544042712,0.0150656613553,0.000647867466261,0.000633262505118,0.00274524098902,66.5320452516,543.862063047,0.913143575191,25,25,-0.00266098510474,0.0254178494215,0.079581707716,-0.0429668463767,0.122849941254,-0.0202560462058,0.756182074547,0.390144109726,0.0216751080006
91,1413393902.51,25,10447,0.000575909707812,0.000550268102257,0.00215329923687,0.00399946055174,0.0045347874959,0.0187067374593,0.000929408823421,0.00163646058969,0.00834228680951,60.0358521863,463.365712243,0.914145708084,25,25,-0.00265405583195,0.0253897607327,0.0795857831836,-0.04040517658,0.121068954468,-0.0276337359101,0.731959700584,0.462277889252,-0.0157533995807
92,1413393902.66,25,10375,0.000592936635802,0.000575435398252,0.00231784530785,0.00420196673075,0.00477881592291,0.0207776201868,0.000992066734923,0.0017978690342,0.00924557655219,61.8219241151,455.576697681,0.924445509911,25,25,-0.00263530621305,0.02539662458,0.0795638635755,-0.0421918444335,0.112860172987,-0.0255799721926,0.709518909454,0.589796602726,0.111998222768
93,1413393902.76,25,10697,0.00054296489074,0.000577984211679,0.00259470051897,0.00409657672825,0.00529757298681,0.0239785099752,0.000937142950035,0.00174667678276,0.00883101201566,51.0484787598,364.970429949,0.916528701782,25,25,-0.00263736071065,0.0253689289093,0.0795457735658,-0.0371457114816,0.113141439855,-0.0297862086445,0.686119735241,0.667328298092,0.240304872394
94,1413393902.91,25,10646,0.000541306548095,0.000596432993437,0.00276752075075,0.0041131513096,0.005346503756,0.0241753437581,0.000985343607925,0.00193505100236,0.0098513215454,50.0165704592,380.816455508,0.90548992157,25,25,-0.00264128786512,0.0253768861294,0.0795284882188,-0.0330226719379,0.101791128516,-0.0249432083219,0.711980879307,0.741470098495,0.32169547677
95,1413393903.01,25,10543,0.000564246405854,0.000614136832063,0.00288952305075,0.00432767095636,0.00567286648508,0.0261384639589,0.00103025163804,0.00198667634634,0.0101381097372,52.4864709237,394.16914321,0.899387598038,25,25,-0.00265122763813,0.0253847148269,0.0795269981027,-0.0284446496516,0.100305691361,-0.0251337792724,0.768341362476,0.720697164536,0.31355085969
96,1413393903.11,25,10383,0.000495677242984,0.000556183169355,0.00269366170657,0.00381973073292,0.00501738928664,0.0226252019591,0.000866003480018,0.00157605891409,0.00788801179577,38.3138807978,238.843853186,0.899141311646,25,25,-0.00264966324903,0.0253584459424,0.0795149281621,-0.0299219954759,0.0958234593272,-0.0260440558195,0.850621342659,0.657745301723,0.355404913425
97,1413393903.21,25,10595,0.00056518411023,0.000692197700838,0.00284661079075,0.00410367346577,0.0061285606721,0.0261041801015,0.00113876294347,0.00233065333678,0.00900579066331,57.0975890768,716.078725111,0.890302240849,25,25,-0.00265324115753,0.0253723096102,0.0795031487942,-0.0253614149988,0.0839970260859,-0.0240996479988,0.919377207756,0.594863295555,0.354147851467
98,1413393903.36,25,10600,0.000565053380961,0.000725295448712,0.00310787853269,0.00415055626232,0.0066028631807,0.0283564583216,0.00114821806052,0.00242033683357,0.00947225656502,60.5214296155,859.698698214,0.900045871735,25,25,-0.00265155197121,0.0253650099039,0.0795066729188,-0.0302275922149,0.0879639312625,-0.0302548408508,0.963909208775,0.516145467758,0.269528746605
99,1413393903.46,25,10436,0.000564175830441,0.00072406777171,0.00314276155828,0.00417900244271,0.00675459918387,0.0292038546894,0.00115585794295,0.00245122264036,0.00966220288245,59.6883926632,890.741813862,0.914446473122,25,25,-0.00267263059504,0.0253646373749,0.0795033425093,-0.0316819511354,0.0863102450967,-0.029425015673,0.962113618851,0.480281472206,0.0868395194411
100,1413393903.61,25,10399,0.000519621811497,0.000607806465976,0.00278474861197,0.00395865558502,0.00640781647583,0.0275613889295,0.00106253539775,0.00225689566894,0.00958287585194,42.6644462806,514.834518447,0.90014064312,25,25,-0.00267000705935,0.0253689773381,0.0794924348593,-0.0266347881407,0.0862867459655,-0.0247487928718,0.928042411804,0.435229480267,-0.119744725525
101,1413393903.71,25,10600,0.000597475473218,0.000923531710136,0.00458996037908,0.00405952773487,0.00724550916556,0.0337562185243,0.00123276914041,0.00298462281055,0.0141232438206,66.7199529525,1133.26234813,0.871605098248,25,25,-0.00265688099898,0.0253525320441,0.0794859603047,-0.0274843461812,0.0849183350801,-0.0190875604749,0.881777763367,0.385834425688,-0.106383420527
102,1413393903.81,25,10514,0.000593545631288,0.000967303934744,0.00482151356739,0.00411335313148,0.00756317763865,0.0354080529555,0.00125074455289,0.00305849487607,0.0144885953268,70.5920724115,1260.30107109,0.887682199478,25,25,-0.00267451745458,0.0253412220627,0.0794752910733,-0.028034042567,0.0881576091051,-0.0243450868875,0.802490055561,0.307482987642,-0.088438898325
103,1413393903.96,25,10378,0.000554353323002,0.000752715190849,0.00319807742771,0.00390598154517,0.00665542627193,0.030226342756,0.00122944980315,0.00303560023581,0.0145334295159,48.9637617768,719.677804648,0.872341930866,25,25,-0.00266392994672,0.0253380909562,0.0794855505228,-0.0273781530559,0.08315987885,-0.02452884987,0.689604878426,0.154381170869,-0.0281796846539
104,1413393904.06,25,10489,0.000631744196569,0.00123167261482,0.00638779751063,0.00451947570155,0.00967335320286,0.0487454014037,0.00148412814458,0.00431079233544,0.0218546421879,75.0730251877,1386.7423423,0.883213102818,25,25,-0.0026435025502,0.0253429878503,0.0794684067369,-0.0265841893852,0.0868195220828,-0.0204373393208,0.622973799706,0.0349622257054,-0.028642706573
105,1413393904.16,25,10437,0.00063208114964,0.00125027296041,0.00649049739145,0.00461289243222,0.00987518119391,0.0499497831432,0.00151540040781,0.00439135524443,0.0222917725401,76.6959608619,1432.19844238,0.910010159016,25,25,-0.00265525747091,0.0253381412476,0.0794684290886,-0.0279402434826,0.0859592854977,-0.0186333581805,0.543433308601,-0.0758031308651,-0.124302200973
106,1413393904.26,25,10370,0.000586307447854,0.000941746513632,0.00454345154671,0.00411557392749,0.00724902439555,0.0343684213462,0.00139467181463,0.00375214388579,0.0187386117149,52.247549484,797.450579996,0.909135520458,25,25,-0.00264398707077,0.0253404378891,0.0794770866632,-0.0289201345295,0.0877716094255,-0.0145481759682,0.47541859746,-0.184549286962,-0.102891311049
107,1413393904.41,25,10538,0.000641501601953,0.00139593356879,0.00730785048424,0.00576907332658,0.0148117395653,0.0765567243704,0.00236452891722,0.00855807638566,0.0440193963478,76.0339780267,1387.45896303,0.894888937473,25,25,-0.00264633446932,0.025348527357,0.0794697776437,-0.0384109281003,0.0917633622885,-0.0119317146018,0.385562360287,-0.337342321873,0.159174203873
108,1413393904.51,25,10421,0.000654097893587,0.00143323493133,0.00750036525349,0.0058761482913,0.0151478586863,0.0782711957058,0.00241022039129,0.00870443466065,0.0447835441918,79.5784648937,1447.90393557,0.912084698677,25,25,-0.00266072922386,0.0253724232316,0.0794661715627,-0.0434506572783,0.104842096567,-0.0115955797955,0.410848170519,-0.434820204973,0.356187850237
109,1413393904.61,25,10326,0.000674068522006,0.00148196663792,0.00775484454724,0.00595944689342,0.015204847485,0.078707298988,0.00243249022306,0.00866854804507,0.0446183610706,82.8905060785,1515.21850701,0.91678994894,25,25,-0.00266034994274,0.0253774616867,0.0794561356306,-0.0427447780967,0.1037466079,-0.00901067443192,0.34811770916,-0.513935804367,0.343702465296
110,1413393904.81,25,10118,0.000216464899273,0.000228207082597,0.00117801299607,0.00264089967139,0.00224263379727,0.0110964566154,0.000749862293293,0.00122125440762,0.00495591726517,7.72895275482,24.7627604451,0.898642003536,25,25,-0.00171945209149,0.02470613271,0.078452065587,-0.00879170838743,0.115628510714,0.0814661607146,0.444442689419,-0.485222518444,0.156340807676
111,1413393905.01,25,10458,0.000241673907323,0.000299428402948,0.00156884559041,0.00303637598948,0.00331922725263,0.0159818984291,0.000829880099949,0.00168067233912,0.0087408352412,7.84265875328,21.5413268868,0.853933930397,25,25,-0.00172836089041,0.0247105658054,0.0784576237202,-7.87413155194e-05,0.11094327271,0.0841869041324,0.64959025383,-0.431463509798,0.026564694941
112,1413393905.16,25,10588,0.000248309204725,0.000306113398482,0.00160895082837,0.00313472181294,0.0033513187858,0.0160965143041,0.000861169899481,0.00169779091181,0.00884362479049,8.19801537966,23.8539420445,0.896567583084,25,25,-0.00171544752084,0.0247200317681,0.0784686207771,0.0020038052462,0.112850703299,0.082763902843,0.701352775097,-0.333243429661,-0.18692740798
113,1413393905.31,25,10514,0.000198660783222,0.000146162477205,0.000595350038074,0.0025336610887,0.00192163412992,0.0091230701035,0.000750430473967,0.00133562111088,0.00685767541714,7.29928662151,21.9037837708,0.893295168877,25,25,-0.00170523684938,0.0247042737901,0.0784869864583,0.00315420539118,0.109014905989,0.0860820785165,0.705830276012,-0.239726141095,-0.297026455402
114,1413393905.51,25,10585,0.000194364404439,0.000144393582172,0.000650722894483,0.00264282391095,0.00266093403003,0.0131741909746,0.000852883179484,0.00206961135418,0.0108177693837,7.20022017524,19.4961308776,0.871633291245,25,25,-0.001696468913,0.0246984567493,0.0785014852881,-0.00293082068674,0.106628522277,0.0942678377032,0.653352320194,-0.142700299621,-0.216097652912
115,1413393905.71,25,10818,0.000177092677605,0.000133203614676,0.000601314062474,0.00250817460098,0.0020236105152,0.0100557327537,0.000789742863649,0.00181667954727,0.00953042416256,6.7139384071,19.0747294493,0.845750808716,25,25,-0.00170012027957,0.0247008409351,0.0785022526979,-0.00996693968773,0.108622469008,0.0981754362583,0.535522639751,-0.127120926976,-0.156456932425
116,1413393905.96,25,11100,0.000235112920856,0.000300675963111,0.00151384465756,0.00294124193007,0.0032583597022,0.0135764196995,0.000976438184861,0.00260576337274,0.0136178295115,6.8561519769,18.7542142767,0.832216978073,25,25,-0.00171286414843,0.0247132703662,0.0785176306963,-0.0208247806877,0.11261767149,0.103225514293,0.289861828089,-0.270326465368,-0.032823882997
117,1413393906.21,25,10879,0.000190049739057,0.000136668765946,0.000700538042852,0.00254175227312,0.00237055687616,0.0122068540867,0.000883897294664,0.00220714534849,0.0115214375748,6.6322797364,18.2391770997,0.89960950613,25,25,-0.00171596603468,0.0247410200536,0.0784958004951,-0.0230358671397,0.121364310384,0.0970533266664,0.112080559134,-0.547705292702,0.0315914824605
118,1413393906.71,25,10765,0.000201178163247,0.000131644614583,0.000661522797873,0.00283811942367,0.00264163125232,0.0137794833848,0.000697615064135,0.00135062754088,0.00721328237949,7.19652194772,18.5397876954,0.891290724277,25,25,-0.00171139917802,0.0247644837946,0.0784858539701,-0.00974386371672,0.120797529817,0.0959506481886,0.185407817364,-0.411535322666,-0.480543404818
119,1413393907.21,25,10664,0.000213129788509,0.000138530957842,0.000669280307984,0.0029530830461,0.00278765790996,0.0150304193689,0.000733518025952,0.00130586892165,0.00702712830405,7.79814300881,20.0568582366,0.87262737751,25,25,-0.00170485035051,0.0247591901571,0.078492872417,-0.00879344996065,0.1223545596,0.0849579423666,-0.176700726151,-0.154381781816,-0.379937112331
120,1413393907.71,25,10240,0.000247281903799,0.000304831882608,0.00165694471736,0.00258683777986,0.00200741383834,0.0114826377248,0.00100217748026,0.00273446819564,0.0143590161002,7.74742091718,19.2649753173,0.901072502136,25,25,-0.00169309065677,0.0247431416065,0.0784894451499,-0.0124620897695,0.119846537709,0.072552293539,0.175289541483,0.0376034900546,-0.0588810183108
121,1413393908.16,25,10795,0.00022209538047,0.000167620204406,0.000790632924592,0.00271375072594,0.00179684364176,0.00985337737907,0.000552084364192,0.000380488902139,0.00188388815247,9.12237636457,26.1854733481,0.833750247955,25,25,-0.00167046417482,0.0247326344252,0.0784704759717,-0.00563631858677,0.12902957201,0.0771728232503,0.0893432050943,0.187901347876,-0.453563153744
122,1413393908.66,25,11389,0.000231776842122,0.000170068421593,0.00083551968077,0.00255006452938,0.00130357300974,0.00593361170181,0.000522242358452,0.000400940417664,0.0019267429214,12.257304986,70.2247412154,0.790164589882,25,25,-0.00168183469214,0.0246792789549,0.0784658193588,-0.0107299732044,0.126983344555,0.0761800706387,0.113252237439,0.3802985847,-0.220870092511
123,1413393909.16,25,11856,0.000238701359993,0.000179923814861,0.000835420178288,0.00272108185172,0.00144029116779,0.00653183474454,0.000622970159489,0.000572516087309,0.00273774556548,12.4902818881,69.8908688511,0.903073251247,25,25,-0.00170098373201,0.0247472617775,0.0785024091601,-0.019013222307,0.142199456692,0.0772993266582,-0.241265818477,0.436380058527,0.278505176306
124,1413393909.66,25,12336,0.000235172875208,0.00017896869049,0.000792300836274,0.00267038126265,0.00126242110815,0.0057355246033,0.000591996294366,0.000400292705146,0.00194422448311,12.6407082563,67.6440996717,0.912814438343,25,25,-0.00165654078592,0.0247614607215,0.0785181894898,-0.0153487268835,0.144438520074,0.0808644518256,-0.0356295891106,0.569768190384,-0.257956564426
125,1413393909.81,25,12885,0.000254574249685,0.000215576845189,0.000803022331837,0.00286201553889,0.00165299308103,0.00671849915054,0.000622864907206,0.000483432737891,0.00213148570596,13.2104418393,70.1194018811,0.921849250793,25,25,-0.00166930921841,0.0247323010117,0.0785425230861,-0.0111305285245,0.14385779202,0.0845015123487,0.0400827489793,0.508813202381,-0.364979207516
126,1413393910.06,25,12587,0.000281637783896,0.00029556720659,0.00142010191318,0.00299519221136,0.00245268722265,0.0126813730702,0.000590542815334,0.000480244194959,0.00201584116224,13.0362798728,66.57973013,0.902358174324,25,25,-0.00168122339528,0.0247106291354,0.0785403847694,-0.00626220507547,0.141515746713,0.0883168205619,0.184725239873,0.262487620115,-0.45915171504
127,1413393910.31,25,12200,0.000259687055532,0.000184147904225,0.000770219746673,0.00297018557596,0.00139922929406,0.00655622347405,0.000698681177034,0.000497605974755,0.00189033268731,14.9007068633,63.1116589697,0.883691966534,25,25,-0.00169017165899,0.0247195158154,0.0785557106137,-0.0133777940646,0.136214450002,0.0836544558406,0.30789732933,-0.207333862782,-0.0432008430362
128,1413393910.61,25,12116,0.000271019484079,0.000187784054107,0.00077335809544,0.00323658310844,0.00167353732543,0.00782834709849,0.000761878050274,0.000521121664433,0.00200555318164,16.6382835649,63.8432149218,0.872333645821,25,25,-0.00170744885691,0.024773100391,0.0785523280501,-0.026774879545,0.128492802382,0.0683372691274,0.278635948896,-0.875119447708,0.0653945878148
129,1413393910.86,25,12384,0.000269936129785,0.000201127532212,0.000777525124394,0.0034076112686,0.00219827537287,0.0100955791334,0.000778524445734,0.000676329497875,0.00261449652578,16.1556652731,63.7289893093,0.881315171719,25,25,-0.00173541903496,0.0247784852982,0.07853410393,-0.0309029445052,0.120660178363,0.0605881251395,0.152425661683,-1.28564965725,-0.177673354745
130,1413393911.21,25,12779,0.000297749593114,0.000275303621777,0.00126501915308,0.00328167180307,0.00208945700555,0.00846815716911,0.000729875819898,0.000725134963607,0.0032962746967,16.4361909424,62.7752849486,0.889503180981,25,25,-0.00174323027022,0.0248054340482,0.0785470455885,-0.0308031961322,0.123412333429,0.057439070195,0.0589245073497,-1.44340646267,-0.329554140568
131,1413393911.41,25,13117,0.00031232321484,0.000368499433504,0.00184998029113,0.00323825649262,0.00277172390356,0.0129911484236,0.000641693944613,0.000611626711805,0.00219319869161,15.9076456572,66.137606424,0.891359686852,25,25,-0.00174476252869,0.024796936661,0.078582778573,-0.0314548313618,0.12895783782,0.0604539588094,0.0284329801798,-1.38719892502,-0.262719392776
132,1413393911.61,25,13473,0.000268668392077,0.000209961664817,0.000770182883624,0.00301878993965,0.00206211518901,0.0079861138222,0.000571226128052,0.000533309906549,0.00205955540997,16.1435419724,67.2038538974,0.894645273685,25,25,-0.00174256437458,0.0247797220945,0.0786170512438,-0.0320151858032,0.129582732916,0.0530023165047,0.0449781753123,-1.11248314381,-0.0866729393601
133,1413393911.81,25,13686,0.000285402515916,0.000196467614552,0.000758477065823,0.00315356887047,0.00183833577356,0.00836191543029,0.000656978450298,0.000607614597539,0.00211617924081,18.5514734624,65.6766660937,0.880159020424,25,25,-0.00174914277159,0.0247773882002,0.0786392241716,-0.0488823503256,0.133582308888,0.0483089834452,0.113862141967,-0.797952950001,0.169036135077
134,1413393911.91,25,13633,0.000284404542289,0.000196472491415,0.000760838586781,0.00320559547993,0.00208202340444,0.00862410929706,0.000685322948973,0.000630835715509,0.00216420131347,18.4774564289,66.8796302835,0.91455167532,25,25,-0.00173168815672,0.0248032137752,0.0786576122046,-0.072117716074,0.135515198112,0.040847145021,0.15317158401,-0.696983098984,0.285928636789
135,1413393912.01,25,13726,0.000278276840962,0.000186587916411,0.000765517056786,0.00329604878929,0.00222007292915,0.00890238530196,0.000651667627957,0.000603496510738,0.00220214164254,20.0209135227,67.1956156143,0.902688324451,25,25,-0.00172555807512,0.0248287748545,0.0786593481898,-0.0768710076809,0.131462335587,0.0331572815776,0.156109690666,-0.755027592182,0.459950894117
136,1413393912.11,25,13563,0.00027917821916,0.000189238579673,0.000765820224987,0.00328296587499,0.00228212763781,0.00900295159312,0.000668693557844,0.000611421069071,0.00222848912716,19.8075558153,68.2202515029,0.915782868862,25,25,-0.00173948868178,0.0248537957668,0.0786710530519,-0.0883208885789,0.126082763076,0.0219627059996,0.115497887135,-0.871636450291,0.612186968327
137,1413393912.26,25,13500,0.000282137986435,0.000194015355976,0.000783722559124,0.00324297099603,0.00226809546231,0.00900447419849,0.000681243792642,0.00062339920709,0.00223140109188,19.7433632677,67.3353061223,0.90195775032,25,25,-0.00172774738166,0.0248619038612,0.0786654725671,-0.0860550329089,0.123924061656,0.0194390267134,0.0202939230949,-1.11889004707,0.647114634514
138,1413393912.36,25,13693,0.000287531136897,0.000195407033615,0.000785666302502,0.00330454771749,0.00233117370531,0.00907481413936,0.000689683341547,0.000645386868668,0.00223715264941,20.6828508157,66.0850949471,0.911872684956,25,25,-0.00172047491651,0.0248757377267,0.0786719992757,-0.0801539346576,0.124725542963,0.0178554859012,-0.0369205437601,-1.33211350441,0.690886199474
139,1413393912.46,25,13655,0.000295589549093,0.000200301102302,0.00079267084585,0.00328372187623,0.00243110719266,0.00902172452343,0.000689375484609,0.000652341127341,0.00222625830849,20.7674476471,65.5528425598,0.881722450256,25,25,-0.00174090755172,0.0248842015862,0.0786703974009,-0.0730248838663,0.122339509428,0.0111170485616,-0.108503267169,-1.5249171257,0.731285452843
140,1413393912.56,25,13561,0.000287245525139,0.000191980272589,0.000776531878029,0.00320362530278,0.00239553781036,0.00904220032637,0.000701369419255,0.000650654658727,0.00222850864463,19.8001379203,64.7090353092,0.867676138878,25,25,-0.00174936966505,0.0249003190547,0.0786772668362,-0.0690998286009,0.120788060129,0.0116395233199,-0.161665678024,-1.61705601215,0.646587252617
141,1413393912.66,25,13390,0.000290010075886,0.000194080026618,0.000769511449878,0.00322971793369,0.00246129526834,0.00909877743175,0.000703582262326,0.000669201973481,0.0022085174137,20.3680508099,63.6226423763,0.914076328278,25,25,-0.00175934378058,0.0249010343105,0.0786828845739,-0.0672190785408,0.120276361704,0.00990846659988,-0.20178437233,-1.62655770779,0.507363975048
142,1413393912.81,25,13209,0.000277015238662,0.000201010837729,0.000764163321382,0.00322291826466,0.00268965594579,0.00922417814918,0.000699698268524,0.000731717129949,0.00221156904463,19.851801742,63.2487542194,0.900989472866,25,25,-0.00177494017407,0.0249079186469,0.0786770582199,-0.0596686340868,0.120758347213,0.0112860072404,-0.267243564129,-1.63771557808,0.330555856228
143,1413393913.06,25,13179,0.000284990973825,0.000208006035498,0.000763812151947,0.00357327546094,0.00284094251023,0.0101453666748,0.000780341969404,0.000911278774927,0.00381686437559,21.2318287149,68.0986757026,0.885230064392,25,25,-0.0017753157299,0.0248993281275,0.078676097095,-0.0579310022295,0.119972832501,0.00884040538222,-0.354373961687,-1.51917135715,0.0682242289186
144,1413393913.41,25,12996,0.000301157814826,0.000212531103635,0.000744266552465,0.00373960014,0.00262580771324,0.0107131800646,0.00090295335484,0.00113507971681,0.00544158189787,21.8169686042,74.3689725914,0.854234755039,25,25,-0.00177392875776,0.0248839445412,0.078695744276,-0.0433033108711,0.122807383537,0.0111208474264,-0.619871079922,-1.202054739,-0.1725692451
145,1413393913.66,25,12988,0.000290280136192,0.00020182435891,0.000760174743261,0.00385176433539,0.00274613819973,0.0114665895237,0.000923394154386,0.0011354204795,0.00531073590873,23.4743843905,85.2679460554,0.890495181084,25,25,-0.00178290298209,0.02484896034,0.0786997526884,-0.0323694869876,0.12457267195,0.0157062709332,-0.957596540451,-0.900010347366,0.0492953546345
146,1413393913.81,25,12965,0.000324999608508,0.000192649801093,0.000822512729093,0.00401080540635,0.00289667259344,0.0123135555874,0.00100808476689,0.00132462528569,0.00645045334095,28.0037560219,98.9600601334,0.854305922985,25,25,-0.00177447113674,0.0248375926167,0.0787314996123,-0.0164099894464,0.126624658704,0.0214774124324,-1.06207370758,-0.608848750591,0.152611404657
147,1413393913.96,25,12799,0.00034177067385,0.000196558409833,0.000768045955368,0.00451312697711,0.00357565671295,0.0129119990168,0.00131823095284,0.0028086652334,0.0146008364458,32.1837384702,109.424564128,0.880886971951,25,25,-0.00174653914291,0.0248324368149,0.0787893608212,0.0105853872374,0.126228034496,0.0322816520929,-1.10024797916,-0.295657902956,0.21660579741
148,1413393914.06,25,12979,0.000386872029716,0.000247062307881,0.00112304171906,0.00472191565758,0.00365013967092,0.0133765872495,0.00105095320405,0.00146847495042,0.00723761310945,36.5916942059,117.935066266,0.900701344013,25,25,-0.00172040099278,0.0248201526701,0.0788433402777,0.0323006995022,0.119913302362,0.0382778644562,-1.06883990765,-0.0766577646136,0.23739041388
149,1413393914.16,25,12834,0.000385321785221,0.000249319908266,0.00101950960122,0.00499604019622,0.00382682933698,0.0135384367042,0.00121632569666,0.00217645928924,0.011215351945,37.6783869911,120.522559851,0.897103607655,25,25,-0.0017011599848,0.0248134490103,0.0788792222738,0.0489582382143,0.113031029701,0.0494106598198,-1.00895512104,0.101790651679,0.212685018778
150,1413393914.26,25,12461,0.000355728686263,0.000228401034358,0.000937573506873,0.0045906195255,0.00405297059606,0.0134357242927,0.00128888416779,0.00264690726089,0.0136291996792,32.2052172852,118.576532555,0.874639928341,25,25,-0.00169534073211,0.0248193163425,0.0788836553693,0.0582098215818,0.111117780209,0.0513898171484,-0.914157986641,0.229585796595,0.198636755347
151,1413393914.36,25,12573,0.000381621985063,0.000326207071125,0.00156043480564,0.00472614223456,0.00454849957316,0.0171368428194,0.00109772047109,0.0015332695492,0.00687159287327,31.834814561,119.326979591,0.907673478127,25,25,-0.00169385026675,0.0248086769134,0.0788819119334,0.0574064031243,0.11317525804,0.0555432997644,-0.836896061897,0.276901215315,0.259114772081
152,1413393914.51,25,12289,0.000357940550489,0.000263313306898,0.00117747634779,0.0043857379256,0.00443137501645,0.0167709855077,0.00130830754257,0.0025440099577,0.0115735360845,30.0848893334,112.783100295,0.873705923557,25,25,-0.00169482431374,0.0248098894954,0.0788855180144,0.0611824654043,0.110450945795,0.0592579655349,-0.748184382915,0.300452947617,0.275582402945
153,1413393914.71,25,12468,0.000377487571148,0.000323285891733,0.00147900373358,0.00453741282089,0.00499428862899,0.0167960170989,0.00114387617824,0.00192382627062,0.00868929483093,29.4949464949,112.485252555,0.891345560551,25,25,-0.00168826268055,0.024795813486,0.0788907557726,0.0619015172124,0.104983329773,0.0539107620716,-0.714442074299,0.360629737377,0.281913340092
154,1413393914.91,25,12469,0.000367589531673,0.000307462334844,0.00144878674941,0.00452076189616,0.00485014351312,0.0161329806292,0.00116775277429,0.00190126658045,0.00859238968578,28.8577989709,111.310605643,0.897002518177,25,25,-0.0016938598128,0.0248002130538,0.0788789317012,0.0599443428218,0.107312850654,0.0554390624166,-0.719130337238,0.463195830584,0.268153786659
155,1413393915.16,25,12417,0.000375651054355,0.00030494958455,0.00155444913391,0.00463307874617,0.00471540503411,0.0154065041388,0.00117609821382,0.00186244833254,0.00849208852922,29.6800249499,109.726515774,0.868359804153,25,25,-0.00171005725861,0.0247987471521,0.0788561552763,0.0550431720912,0.111955173314,0.0483347736299,-0.842451989651,0.486619263887,0.2593536973
156,1413393915.36,25,11449,0.000396394366651,0.0005653976086,0.00306430935301,0.00445670111074,0.00440621097959,0.0145719773932,0.00111261354904,0.00185221899838,0.0085084600587,29.3255302199,107.732308795,0.884515941143,25,25,-0.00171571504325,0.0248139817268,0.0788351148367,0.0478687882423,0.123354338109,0.0503170490265,-0.957795798779,0.402426302433,0.0964836627245
157,1413393915.56,25,11905,0.00038377768736,0.0006166125794,0.00330898044917,0.00452027956007,0.00616042537852,0.0289375262978,0.000965950925261,0.001997611758,0.0100419987759,28.3167490014,111.794634756,0.893893659115,25,25,-0.00174374715425,0.024826426059,0.0787820667028,0.0423938110471,0.118160098791,0.0491792149842,-1.00581526756,0.260278314352,0.0829818025231
158,1413393915.76,25,11823,0.000385553948351,0.000624797817759,0.00334897071949,0.00460102471036,0.0061485641758,0.0289147022414,0.000988117140216,0.00200884972384,0.010125552598,28.4447463619,114.613518892,0.888619661331,25,25,-0.00174698769115,0.024783089757,0.0787653252482,0.0378367044032,0.116666525602,0.061317011714,-0.934948682785,0.117080718279,0.0999608188868
159,1413393916.01,25,12217,0.000273936138115,0.000182903154182,0.000702231051118,0.00375723056308,0.00370513506152,0.013641587537,0.000692509809287,0.000873582110916,0.00282428569486,28.8741333792,122.730460393,0.896550178528,25,25,-0.00174767465796,0.0247863642871,0.0787659063935,0.0305945146829,0.116639614105,0.0613919384778,-0.823267102242,-0.081858061254,0.11763458699
160,1413393916.21,25,12535,0.000266334232335,0.000187835869136,0.00072742510587,0.00384747470147,0.00389263603835,0.0138582056929,0.000676660660149,0.000866771314171,0.00273379315881,29.3008898477,126.28793671,0.910547077656,25,25,-0.00174192804843,0.0248005557805,0.0787724331021,0.0200116690248,0.121910080314,0.0636085867882,-0.703013896942,-0.27577227354,0.141330108047
161,1413393916.51,25,12561,0.000266100689387,0.00019852732356,0.00082013561682,0.00389329392824,0.00388793936126,0.0138146465626,0.000709665796625,0.00087145442885,0.0027242159023,29.0053049078,125.210770169,0.867345392704,25,25,-0.00174506800249,0.0248107165098,0.0787744298577,0.0123911090195,0.12422439456,0.0625155642629,-0.547250807285,-0.426387667656,0.217083498836
162,1413393916.71,25,13075,0.000267977065386,0.00016375382339,0.000627800828065,0.00392223629015,0.00365050298532,0.013655472027,0.000672430539041,0.000766243580023,0.00269410032028,30.1463134716,122.738559101,0.883327007294,25,25,-0.00174013758078,0.0248009543866,0.0787754580379,0.0166324656457,0.120421595871,0.0704129859805,-0.475705265999,-0.442559838295,0.245006084442
163,1413393916.91,25,13531,0.000270635471358,0.000159761367124,0.000635959721877,0.00379521398208,0.00362244024916,0.0137165220043,0.000639590605718,0.000755707392589,0.00270490591769,29.9967824921,123.310214211,0.883166432381,25,25,-0.00173774349969,0.0247869137675,0.0787674412131,0.0287750251591,0.117098286748,0.0760937556624,-0.419340133667,-0.45986816287,0.196684092283
164,1413393917.01,25,13720,0.000266840182287,0.000158660098109,0.000645443124522,0.00378842073738,0.00348123594557,0.0137505234004,0.000616170209422,0.000731965409167,0.00270923028625,29.1031959185,123.558341535,0.908569097519,25,25,-0.00174762110692,0.0247882362455,0.07874815166,0.0201319996268,0.106993936002,0.0727504789829,-0.4167522192,-0.430533975363,0.217164129019
165,1413393917.16,25,13623,0.000249710129957,0.000147618916849,0.000641874442234,0.00402418376979,0.00445199470423,0.0199190130383,0.000699510178031,0.00106132270518,0.00487680034597,27.0878667014,120.611892623,0.89882338047,25,25,-0.00174897676334,0.0247864816338,0.0787325575948,0.0119113530964,0.103725209832,0.069856338203,-0.364373236895,-0.358377963305,0.237593486905
166,1413393917.36,25,13407,0.000269794806027,0.000311431569425,0.00162173977334,0.00411571176248,0.00694010302487,0.0351035320051,0.000828227948554,0.00209775278389,0.0107166375902,26.8605349919,158.09126743,0.898498952389,25,25,-0.00174844532739,0.0247964598238,0.078732997179,-0.00102058867924,0.10948112607,0.0730576142669,-0.212638065219,-0.229406997561,0.214422881603
167,1413393917.56,25,13264,0.000283777551369,0.000374212590717,0.00192802364782,0.00426801815084,0.00709324055285,0.0360425133946,0.000879517049608,0.0022272741612,0.0114206845041,27.692822853,174.250328918,0.882667779922,25,25,-0.00174683658406,0.0248076338321,0.0787291452289,-0.00748651707545,0.12504324317,0.0727551579475,-0.0995079353452,-0.0694340765476,0.0206367019564
168,1413393917.71,25,14647,0.000244184917648,0.000228876023927,0.000924470715399,0.00337200283273,0.00356877513889,0.0134867207903,0.000522670704594,0.000720397136173,0.00264060461888,22.1204806814,116.430670886,0.216138452291,25,25,-0.00175552640576,0.0248144920915,0.0787186995149,-0.0169951766729,0.132735639811,0.0649108737707,-0.0576980672777,0.0815447717905,-0.0927328169346
169,1413393917.81,25,14685,0.000252764687493,0.000252861695954,0.00106576232733,0.00339630248771,0.00381194213598,0.0146402420141,0.000551164886069,0.000784446965602,0.00299374257134,22.3014936069,116.653661841,0.890183448792,25,25,-0.0017208000645,0.0248246323317,0.0787021964788,-0.0179912671447,0.143653601408,0.058783352375,-0.0486136339605,0.155705779791,-0.102667443454
170,1413393918.01,25,14767,0.000284033656505,0.000388214209064,0.0019694393611,0.00378119563437,0.00464430222511,0.0211913393067,0.000618463992085,0.000924411159316,0.00398210809623,21.9513775415,120.296514258,0.674975037575,25,25,-0.00171578850131,0.0248496290296,0.0786887928843,-0.0244627259672,0.14911672473,0.0697031319141,0.014024217613,0.216824218631,-0.0622861944139
171,1413393918.21,25,14922,0.000300684819455,0.000400593069721,0.00205556718028,0.0038837295968,0.00471141214602,0.0219406852011,0.00063763668453,0.000935334598881,0.00414933516123,22.6354559357,119.196155562,0.901845395565,25,25,-0.00158672931138,0.0245904065669,0.0784950107336,-0.0309119727463,0.174502909184,0.0656240433455,0.110850565135,0.250003874302,-0.0344329401851
172,1413393918.41,25,14984,0.000230725607672,0.00018082529139,0.000794830187762,0.00316134232876,0.00294976807077,0.0134307830246,0.000515586022891,0.000607921536581,0.00261103460075,22.2823924898,118.701553002,0.921900331974,25,25,-0.00157212442718,0.0246015433222,0.0784844979644,-0.0381430722773,0.179812654853,0.0577486455441,0.287468343973,0.334205925465,0.00686531001702
173,1413393918.56,25,14887,0.000231871889402,0.000175827354908,0.000790865243109,0.00321807398278,0.00303799567575,0.0134711811001,0.000544350247047,0.000633902491166,0.00262037256243,22.5850628992,119.01800644,0.910281896591,25,25,-0.00155544816516,0.0246042627841,0.0784827247262,-0.0496144928038,0.180802851915,0.0593797415495,0.459268331528,0.393266916275,0.0792662575841
174,1413393918.66,25,14979,0.000223902040303,0.000174470133108,0.000793427224649,0.00302343128791,0.00307333360048,0.0134453313385,0.000493016670173,0.000628910215589,0.00261484718539,21.8271746123,118.977158398,0.931970596313,25,25,-0.00155597832054,0.0245972666889,0.0784743055701,-0.0532010160387,0.170656964183,0.0620408020914,0.581847429276,0.410052746534,0.0932591333985
175,1413393918.76,25,15268,0.000229601593207,0.000170239209277,0.000780333238868,0.00311793726955,0.00305010646723,0.0134894795069,0.000505142535633,0.000633180388993,0.00262464509841,22.5769364357,118.898378096,0.915559709072,25,25,-0.00155945669394,0.0246044322848,0.0784738361835,-0.0502957180142,0.17449440062,0.0596456117928,0.67157638073,0.380782663822,0.0646047070622
176,1413393918.86,25,15177,0.000224258643661,0.000171926537088,0.000767256922644,0.00311157413933,0.00308423343543,0.0134438783404,0.000520800892317,0.000639548976992,0.00261760254807,22.3661120235,117.858368855,0.908720314503,25,25,-0.00154739175923,0.0245961826295,0.0784639641643,-0.0531028583646,0.162467390299,0.0558557063341,0.809407353401,0.348677605391,0.0988615751266
177,1413393918.96,25,14874,0.000222651063507,0.00017171425055,0.000725263437756,0.00315301330462,0.00307596079703,0.0134240419329,0.000562294079667,0.000643105306748,0.00261954030517,21.732866772,116.530854704,0.925573408604,25,25,-0.00155282882042,0.0246111415327,0.0784716308117,-0.0488703548908,0.16245046258,0.0655253380537,0.887204527855,0.239283815026,0.107229821384
178,1413393919.06,25,14986,0.000237445607965,0.000271511165842,0.00131588318311,0.00314993820497,0.002894052922,0.0127720802292,0.000524912888288,0.000602917966278,0.00247750396846,19.583111588,103.366023862,0.895000815392,25,25,-0.00156904745381,0.0246064346284,0.0784773379564,-0.0474352166057,0.166567906737,0.0649536326528,0.917667508125,0.111860595644,0.0968910232186
179,1413393919.21,25,14910,0.000237597519466,0.000271799657612,0.00132638503236,0.00314089398834,0.00286190627624,0.0127543124111,0.000523258713376,0.000593002260201,0.00247291881929,19.2551557304,103.126917526,0.881426632404,25,25,-0.00157050474081,0.0246008168906,0.078490011394,-0.0525927729905,0.163745820522,0.0651026442647,0.896580994129,-0.0737789198756,0.105976201594
180,1413393919.36,25,15171,0.000216835398471,0.000227230233773,0.00104748700837,0.00309183324049,0.00261813857914,0.0117151431302,0.000517988016012,0.000555030699153,0.00223773198482,17.601099011,86.8415802594,0.886564731598,25,25,-0.00156390189659,0.024596016854,0.0784839019179,-0.0587532371283,0.166915655136,0.0679072141647,0.763850986958,-0.26708573103,0.0571472682059
181,1413393919.46,25,15213,0.000176765200345,0.000166594031376,0.000728556461309,0.0033177620557,0.00491891518017,0.0261067320721,0.000732600532694,0.00176743807725,0.00920658978921,15.9098855673,136.449885612,0.900930404663,25,25,-0.00156588933896,0.0245887953788,0.0784922912717,-0.0626588612795,0.168100729585,0.072680093348,0.653762161732,-0.393893361092,-0.054437071085
182,1413393919.66,25,14937,0.000141754671341,0.000140675238455,0.000611504057104,0.00265604187629,0.00412212340892,0.0214925410297,0.00055993004788,0.00131734010277,0.00679067626422,10.0915149728,60.14554856,0.888283193111,25,25,-0.00157886312809,0.02457986027,0.078502073884,-0.0652400329709,0.168133661151,0.0752877518535,0.413686871529,-0.716961801052,-0.213987112045
183,1413393919.76,25,15049,0.000139598305717,0.000138787785453,0.00060450242231,0.00196306445843,0.00160173450256,0.00613625630629,0.000327553017203,0.000384962398233,0.00135824506008,7.97046402648,39.2333528888,0.780275166035,25,25,-0.00157895148732,0.0245846975595,0.0784953013062,-0.0628218799829,0.167179599404,0.0729885995388,0.311208635569,-0.856378793716,-0.2471652776
184,1413393919.86,25,15123,0.00013268189435,0.000120368037506,0.000599834477927,0.00191007497117,0.00156473317099,0.00628951491961,0.000307765333723,0.000362358005702,0.00139054533366,8.47734548249,38.7206086399,0.910160064697,25,25,-0.00158046931028,0.024578537792,0.0784909948707,-0.0575989075005,0.163515299559,0.0662954449654,0.171351671219,-0.951272189617,-0.334155708551
185,1413393919.96,25,15195,0.000137699714829,0.000118781375403,0.000601975042813,0.00194147801867,0.00156984701107,0.00640121926524,0.000310974318797,0.000364919603483,0.00141372685385,8.7321254499,38.7757652424,0.862839221954,25,25,-0.00157930888236,0.0245770383626,0.0784893035889,-0.0517203137279,0.16384370625,0.0672717839479,-0.00347125320695,-0.981831371784,-0.461903065443
186,1413393920.11,25,15596,0.000149602293957,0.000129706382483,0.000573557633618,0.00204316033487,0.00158891279378,0.00672455845171,0.000309660768634,0.000377253390082,0.00147441513045,9.37412441503,35.7403463593,0.841090738773,25,25,-0.00157661025878,0.0245835520327,0.0784895718098,-0.0490902103484,0.165094152093,0.0637858510017,-0.202820494771,-0.948837935925,-0.591560661793
187,1413393920.26,25,15637,0.000155471041193,0.000130688028079,0.000587089727489,0.00224454839651,0.00161362799974,0.00717777025798,0.000333696954897,0.000389083284974,0.00155922000214,10.4763979718,36.6805353702,0.853004336357,25,25,-0.00158898939844,0.0245894007385,0.0784859135747,-0.0437854863703,0.162949860096,0.058685798198,-0.372457414865,-0.909562051296,-0.661731719971
188,1413393920.41,25,15692,0.000160589070617,0.000132166532615,0.000596387556647,0.00232176763331,0.00167472924959,0.00731035879047,0.000351332726204,0.000396607444861,0.0015807867889,10.8710654834,37.5604466134,0.861896216869,25,25,-0.00159217102919,0.0245946832001,0.0784859582782,-0.0369986481965,0.150395289063,0.0490482524037,-0.513954162598,-0.866562068462,-0.642132222652
189,1413393920.56,25,15714,0.000155428828495,0.000130148174076,0.000609821514488,0.00238370496583,0.00175169826546,0.00747991486489,0.000400029550413,0.000471228371763,0.0016164927839,10.9594441959,38.6489575452,0.870365202427,25,25,-0.0015985367354,0.024601072073,0.0784802958369,-0.0358781516552,0.142560139298,0.0448784083128,-0.58161264658,-0.832999587059,-0.576205968857
190,1413393920.71,25,15563,0.000152418234512,0.000131969737694,0.000608952735842,0.00234606675341,0.00177792665122,0.00739393149859,0.000403695113576,0.000465655052056,0.00160000355488,10.5033460779,38.5017641866,0.891486823559,25,25,-0.00159732159227,0.0246030520648,0.0784823670983,-0.0327186770737,0.141717746854,0.0426597222686,-0.569904506207,-0.764097929001,-0.526867687702
191,1413393920.91,25,15659,0.00013969941841,0.000116638597826,0.000608772700867,0.00231923882239,0.00169063790287,0.00739012245376,0.000359641005804,0.000397774871248,0.00159882872327,10.2908878006,38.3088087758,0.905693888664,25,25,-0.00159437407274,0.0246034711599,0.0784824565053,-0.0339017063379,0.142843559384,0.0454786419868,-0.556920945644,-0.659104049206,-0.504414141178
192,1413393921.06,25,15518,0.000137321777546,0.000116337219469,0.000608101920075,0.00236437167636,0.0016787160064,0.00736759667285,0.00037709235719,0.000407481377618,0.00159173541752,10.1971298971,38.3580243012,0.90112644434,25,25,-0.00159290048759,0.0245965439826,0.0784849822521,-0.0276013743132,0.140570864081,0.0515284202993,-0.508684456348,-0.572839260101,-0.512574017048
193,1413393921.26,25,15618,0.000140532417887,0.000113186139182,0.000593269764451,0.00240127095082,0.00166554001415,0.00735150354476,0.000376555875009,0.000405488571759,0.00158720829575,10.3879535317,36.8878511865,0.921319484711,25,25,-0.00158951501362,0.0245931837708,0.0784823447466,-0.021280111745,0.140595346689,0.0491298884153,-0.286932736635,-0.42883810401,-0.411449342966
194,1413393921.76,25,15739,0.0001416400954,0.000107398341145,0.000592543029894,0.00247327443664,0.0015714168278,0.00731300345088,0.000402850499899,0.00039815051642,0.00157622014321,10.5247869613,36.4124954007,0.897524774075,25,25,-0.00159264774993,0.0245981831104,0.0784937739372,-0.016477432102,0.140971928835,0.0599395558238,0.0862998217344,-0.0984578877687,-0.437791228294
195,1413393922.16,25,15712,0.000146199522093,0.000108509371556,0.000589211142932,0.00247216433909,0.00152756379961,0.00728429647014,0.000411496499352,0.000380857888974,0.00157111379615,10.4758285026,36.1179432831,0.898927509785,25,25,-0.00159661134239,0.0245816912502,0.0784944370389,-0.0167852584273,0.139237329364,0.0612150132656,-0.0431593507528,0.05988593027,-0.575975298882
196,1413393922.41,25,15741,0.000145780485234,0.000121156843402,0.000515958923241,0.00261537691274,0.00238704055113,0.0119708355104,0.000506804687884,0.000783922588779,0.00391286365109,9.22755566135,28.5171069444,0.925511419773,25,25,-0.00159899774007,0.0246049799025,0.078494541347,-0.0168304443359,0.137742385268,0.055766005069,0.0930700600147,0.149626970291,-0.52927595377
197,1413393922.76,25,15464,0.000158386075395,0.000119384777737,0.000538046636457,0.00271710540372,0.00235244270268,0.0120796002243,0.000532298723672,0.000770538827335,0.00388923774156,9.54799990938,27.5352252961,0.922718763351,25,25,-0.00159915385302,0.0245947707444,0.0784726813436,-0.0143814757466,0.136378973722,0.0506746433675,0.557992577553,0.0542206056416,-0.377826243639
198,1413393923.01,25,15510,0.000165909977993,0.000110079433681,0.000495735591916,0.00263330021765,0.00169937274899,0.0074329373381,0.000445877944877,0.000405737390196,0.001446895961,9.94211411586,27.5813387884,0.93271613121,25,25,-0.00160134234466,0.0246094483882,0.0784835666418,-0.0167139545083,0.141407728195,0.0460584163666,0.76176905632,-0.11536218226,-0.144164189696
199,1413393923.21,25,15607,0.000166412006978,0.000125281482121,0.000658732389465,0.0026456559927,0.0014752281122,0.00633002435928,0.000466395399683,0.000421937616855,0.00144039194607,9.67873920122,25.5728541646,0.939894795418,25,25,-0.00159638735931,0.0246075466275,0.0784975290298,-0.0157967805862,0.152185440063,0.0460885502398,1.0489397049,-0.0559870041907,0.110098905861
200,1413393923.41,25,15327,0.000155382888755,0.000115900328156,0.000618846042539,0.00256686133421,0.00211515266198,0.0105620000954,0.000452832807609,0.000545486098252,0.00257370589013,8.75488711045,25.3980011778,0.920465171337,25,25,-0.00159249734133,0.0246103201061,0.0785045921803,-0.020229883492,0.16058331728,0.0453712679446,1.301191926,0.0362322926521,0.160180941224
201,1413393923.56,25,14998,0.000159677229429,9.27843815626e-05,0.00048277849787,0.00234236346289,0.00142503412876,0.00551091262983,0.00038848081717,0.000364741581419,0.00119244026127,8.75867267237,22.8596018231,0.889316141605,25,25,-0.00161999789998,0.0246107224375,0.0785087347031,-0.019406536594,0.155250459909,0.0485334545374,1.38431429863,-0.0430125370622,0.184396162629
202,1413393923.66,25,14746,0.000150250462235,6.71158335458e-05,0.000294682126662,0.00235024710187,0.00121710976907,0.00479659937929,0.000355377093357,0.000288603322859,0.000928481729498,8.98470850076,18.8474108169,0.909453034401,25,25,-0.00162496103439,0.0246089547873,0.0785267204046,-0.0119206253439,0.152592286468,0.0525269135833,1.40369784832,-0.135918334126,0.205122798681
203,1413393923.76,25,14673,0.000160580694256,0.000103554643491,0.000503340475293,0.00246898912104,0.00129628732459,0.00565069526979,0.00038233364526,0.000314747291216,0.00100775197847,10.2251385501,31.8399826448,0.898498594761,25,25,-0.00160841981415,0.0245941709727,0.0785091817379,-0.00441034417599,0.148967593908,0.0529234185815,1.40084600449,-0.209136351943,0.177257224917
204,1413393923.86,25,14461,0.000170256196289,0.000141953892478,0.000677624286979,0.00254043869046,0.00249911646353,0.0133394692883,0.000385042623578,0.000458868906117,0.00214635801476,9.84020764952,32.1384566805,0.882858395576,25,25,-0.0016106790863,0.0245990008116,0.0785161927342,0.0032435010653,0.139588207006,0.0508852936327,1.40268564224,-0.255429267883,0.168757006526
205,1413393923.96,25,14006,0.000170331723454,0.000158188089175,0.000779747108104,0.00214171299287,0.00147932829787,0.00613913341967,0.000348201469956,0.000388164794998,0.00152414154142,9.25383409841,32.0753925931,0.87429100275,25,25,-0.00161520019174,0.024606000632,0.0785275250673,0.00986733101308,0.139013871551,0.0482869558036,1.40231609344,-0.262573570013,0.16102296114
206,1413393924.06,25,14077,0.00016151744938,0.000134418188266,0.000584496935115,0.00193634978588,0.00134171828572,0.00586481303022,0.00028184190218,0.000294489313379,0.00097584010927,8.81007951396,31.351609781,0.800881445408,25,25,-0.00161986064631,0.0246184580028,0.0785158649087,0.014107988216,0.139390051365,0.047460090369,1.42900919914,-0.265695214272,0.151211038232
207,1413393924.16,25,13876,0.000148598606789,0.000102488292252,0.000465242947773,0.00196724503729,0.00158281657955,0.0062522161871,0.000297811570691,0.000313155195096,0.00092857544161,8.83133624016,27.8949582589,0.886012256145,25,25,-0.0016204243293,0.0246274620295,0.0785260796547,0.0109626296908,0.137848079205,0.0471437461674,1.46959877014,-0.223320841789,0.164939776063
208,1413393924.26,25,13936,0.000162698683191,0.000136448788979,0.000591138627963,0.00191127969359,0.00127375353068,0.00549804940555,0.000286695846423,0.000278779022354,0.000909891235893,8.38499144848,26.8028181289,0.843228816986,25,25,-0.00160950259306,0.0246250480413,0.0785326063633,0.00877266656607,0.139949664474,0.045136552304,1.45842254162,-0.124566964805,0.181016594172
209,1413393924.36,25,13807,0.000150203475833,0.00011450465835,0.000481895415815,0.00196550562847,0.00155464921552,0.00626513524645,0.00030698489507,0.000306274443544,0.000934522921832,8.72159112898,28.5976741948,0.878262341022,25,25,-0.00161223486066,0.0246273241937,0.078528739512,0.00907758902758,0.141653761268,0.0450601354241,1.38945972919,0.00363535340875,0.189293086529
210,1413393924.46,25,13718,0.000157519679882,0.000118403846941,0.000507464345351,0.00195293169686,0.00123752084724,0.00508759364047,0.000279557550681,0.000265441283105,0.00084072838176,9.42135814418,30.4931126657,0.857819616795,25,25,-0.00161031098105,0.024621380493,0.0785330310464,0.00586177641526,0.141666591167,0.0436458997428,1.28735911846,0.181501984596,0.227733701468
211,1413393924.56,25,13652,0.000161668704672,0.000111670068731,0.000505254887033,0.00202506378776,0.00121356972046,0.00491478466307,0.000286968134911,0.000256605402783,0.000812501430957,10.0020658943,30.1824552325,0.893040001392,25,25,-0.00160145026166,0.0246106535196,0.0785397365689,0.000311467912979,0.145955190063,0.0459505207837,1.08801245689,0.393783062696,0.27135938406
212,1413393924.66,25,13496,0.000176581892278,0.000122788409531,0.000522254273322,0.00215289339803,0.00114110134209,0.00483401195942,0.000298676713762,0.000250341434126,0.000797686692349,11.3076283819,32.4063553202,0.896754980087,25,25,-0.00159584952053,0.0246054325253,0.0785545557737,-0.00324780330993,0.148111671209,0.0411936417222,0.839248001575,0.636918067932,0.354311674833
213,1413393924.76,25,13409,0.000193156249369,0.000130200555431,0.000544698594455,0.00226076212283,0.00128370282968,0.00486331138994,0.000317890210825,0.0002616010048,0.0007984987723,12.7059911662,35.8803086192,0.87654197216,25,25,-0.00159100501332,0.0245962962508,0.0785625502467,-0.0116564258933,0.151336178184,0.0351922661066,0.518506646156,0.887414693832,0.494336485863
214,1413393924.86,25,13248,0.000220455060764,0.000231707972725,0.00118120988578,0.00240519889265,0.00131186347175,0.00474308759781,0.000316493261941,0.000258386647218,0.00077975379135,13.618950343,39.9338901232,0.875113010406,25,25,-0.001591292792,0.0245980732143,0.0785766690969,-0.0159790720791,0.150289028883,0.0267452020198,0.174599975348,1.13302111626,0.643373966217
215,1413393924.96,25,13075,0.000217695212781,0.000238164191559,0.00122108073251,0.00236422952455,0.00133400227786,0.0046907612845,0.000319830802663,0.000254811171194,0.000772987895895,12.9258064998,37.1634906158,0.869365572929,25,25,-0.0015835291706,0.0245958659798,0.0785837247968,-0.0246421732008,0.153603062034,0.0208865366876,-0.119326241314,1.37862849236,0.822513699532
216,1413393925.06,25,12610,0.000192033746581,0.000160634299874,0.000639194212967,0.0022176944215,0.00143836025527,0.00481845878021,0.000358266852414,0.000362321041319,0.00163176173605,12.4553507925,39.1322316804,0.833123981953,25,25,-0.00157803099137,0.024586610496,0.0785784125328,-0.0226276889443,0.160359144211,0.0177002251148,-0.339766949415,1.49807178974,0.953512072563
217,1413393925.16,25,12587,0.000194674175673,0.000157998984715,0.00063926121113,0.00223634326351,0.0014316859917,0.00486596329885,0.000378617992332,0.00038753537688,0.00178633600753,12.7506950313,41.1129850342,0.827173531055,25,25,-0.00158191623632,0.0246016588062,0.0785903930664,-0.0201326198876,0.154217496514,0.0173518955708,-0.403469145298,1.60399246216,1.02339792252
218,1413393925.26,25,12722,0.000197858304889,0.000150040782685,0.000563170834475,0.00227044498471,0.0014140337081,0.00525053595858,0.000307659219202,0.000265409612435,0.000804449219999,13.1819699322,44.5580317286,0.813578426838,25,25,-0.00158498319797,0.0246116723865,0.0785871073604,-0.0188685525209,0.150628834963,0.0201630089432,-0.386922687292,1.64621925354,1.04223966599
219,1413393925.36,25,12914,0.000186155701105,0.000134580843539,0.000536561018099,0.00219782227926,0.00137877240641,0.0053554892195,0.000305427872304,0.000259451500337,0.000807960198882,12.7176760023,41.7965993117,0.825543940067,25,25,-0.00157431792468,0.0246267635375,0.0785762295127,-0.0172692183405,0.142267733812,0.0186897702515,-0.264302015305,1.65368819237,1.06905460358
220,1413393925.46,25,12822,0.000191537373065,0.00013840607105,0.000557434283113,0.00231015179188,0.00145551027874,0.00593426048398,0.000314001346529,0.000276401171616,0.000816585180046,13.7446963128,43.4566863552,0.86376363039,25,25,-0.00156438350677,0.024619249627,0.0785695686936,-0.0135735236108,0.138996571302,0.0186822954565,-0.143016919494,1.65315961838,1.08244419098
221,1413393925.56,25,12773,0.000195341151757,0.000138097141752,0.000565210623143,0.00236693032367,0.00143171376438,0.00659163493467,0.000334706998067,0.000309727689094,0.000912247049761,14.8533611015,44.1243456993,0.854634404182,25,25,-0.00156511832029,0.0246253106743,0.0785595849156,-0.00583799323067,0.132498070598,0.0185685586184,-0.0423933751881,1.65018749237,1.03263914585
222,1413393925.71,25,13118,0.000215744346794,0.000194739378061,0.000919426760056,0.00236203153421,0.00151091556817,0.00659389736369,0.000419715446107,0.000646616627748,0.00323340144463,15.4062832699,46.1300013674,0.837456703186,25,25,-0.00156615348533,0.0246259253472,0.0785475894809,0.00371004920453,0.126428261399,0.0178045742214,0.0769105702639,1.65639638901,0.722794294357
223,1413393925.86,25,13207,0.000213634865161,0.000210496047175,0.00101837814625,0.00252232622851,0.00173180172975,0.00719832728527,0.00042713763873,0.000681392300681,0.00334853127812,15.956764873,51.5732234226,0.850738942623,25,25,-0.00155626796186,0.0246282089502,0.0785410776734,0.00449993275106,0.125309675932,0.00867487676442,0.154038980603,1.65919649601,0.292262345552
224,1413393926.01,25,13264,0.00021980149855,0.00021397744048,0.00103802112562,0.00266483103174,0.00176504312744,0.00774553404984,0.000468758504891,0.000781884329966,0.00392603563136,17.0130091014,58.555701877,0.865596830845,25,25,-0.00156112422701,0.0246217157692,0.0785267427564,0.0148352431133,0.119354382157,0.0124518610537,0.195768490434,1.62292206287,0.00108688534237
225,1413393926.16,25,13484,0.000235223341917,0.000255429083597,0.00130115367197,0.00278977752267,0.00189491992347,0.0080860401292,0.000545882239509,0.00102117487782,0.00523627830145,17.7895362671,62.5694335528,0.859011888504,25,25,-0.00156668736599,0.0246224999428,0.0785271823406,0.0242077950388,0.114973567426,0.0153877073899,0.194721400738,1.49447751045,-0.0331691689789
226,1413393926.36,25,13884,0.000200162738769,0.000147330297053,0.000604989316046,0.0026196926826,0.00171058493872,0.00820387264683,0.000333680568609,0.000323273991097,0.00114720375202,17.458493955,64.7554912506,0.872575283051,25,25,-0.00156533438712,0.0246171224862,0.0785244554281,0.033259537071,0.110912717879,0.0210100114346,0.194754123688,1.26547861099,0.00334821036085
227,1413393926.56,25,13867,0.000205474298528,0.000150653083425,0.000600371155716,0.00265611954347,0.00171987240897,0.00822429346236,0.000344803763094,0.000322462804236,0.0011520920811,17.757369427,64.0667493265,0.880727231503,25,25,-0.00155662943143,0.0246149171144,0.0785189345479,0.0369590930641,0.110071331263,0.0216290447861,0.216009303927,1.10918498039,-0.0845916345716
228,1413393926.71,25,14463,0.000216137928875,0.000223165126599,0.0011187610024,0.00277687307514,0.00229688957874,0.0107260824081,0.000404312046163,0.00061174066516,0.00302659811742,17.1930266322,62.7062984574,0.903567135334,25,25,-0.001553348382,0.0246179122478,0.0785258412361,0.0336517952383,0.109921783209,0.0265370570123,0.205894961953,1.00231659412,-0.182385414839
229,1413393926.86,25,14388,0.000211724796252,0.00023009066377,0.00114992201757,0.00273655146838,0.00232684815821,0.0107477567373,0.000406496729381,0.000613188502,0.00303693017944,16.6804330357,63.618216829,0.891924262047,25,25,-0.00154673866928,0.0246049258858,0.0785125419497,0.0370692722499,0.112580724061,0.0284158680588,0.166994288564,0.883045196533,0.016787821427
230,1413393927.01,25,14694,0.000181048721619,0.000160937447294,0.000630418909792,0.00243639045915,0.00191333148675,0.00809527758496,0.000300226824338,0.000332577355518,0.00113189164077,15.8819510313,62.3126417666,0.861195385456,25,25,-0.00154929980636,0.024602137506,0.0785107910633,0.0390195883811,0.107438892126,0.0311460271478,0.152799531817,0.74438983202,0.218922227621
231,1413393927.16,25,14653,0.000192159426602,0.000158491717735,0.000645637089966,0.00259272716911,0.0018252859821,0.00806870245663,0.000312920419968,0.000318890102044,0.0011282728576,16.793434338,61.865410648,0.886453032494,25,25,-0.00154990563169,0.024605255574,0.0785059258342,0.0349144674838,0.106326304376,0.0327135249972,0.222011268139,0.745242655277,0.355892151594
232,1413393927.26,25,14616,0.000194390320483,0.000152149230854,0.000608506726899,0.00265739726583,0.00182300417328,0.00799714823172,0.000325962109899,0.000318571639208,0.00111981171811,17.0868052068,60.3372716962,0.906453192234,25,25,-0.00155049795285,0.0246092248708,0.0785061120987,0.027257533744,0.105802081525,0.0357264690101,0.296023964882,0.747931301594,0.34449967742
233,1413393927.36,25,14819,0.000189033546035,0.000134158041738,0.000563371299975,0.00258011471722,0.00171451449026,0.00812341673626,0.000308347399318,0.000303307777526,0.00113741523996,17.4839689833,62.7344981048,0.885040640831,25,25,-0.0015500591835,0.0246065165848,0.0785054564476,0.0223895162344,0.106981597841,0.0351063013077,0.401189208031,0.791785299778,0.374901175499
234,1413393927.46,25,14656,0.000188130804591,0.000128408122953,0.000546087883791,0.00267512963745,0.00171201019252,0.00811572082537,0.000331530171793,0.000317673579251,0.00113873062635,18.1676839148,61.5301692694,0.870714128017,25,25,-0.00155444524717,0.0246115271002,0.0785012617707,0.0194216724485,0.109650909901,0.0361032634974,0.492762625217,0.862443387508,0.416750699282
235,1413393927.56,25,14624,0.000192931633727,0.000131259483807,0.000547904939924,0.00278087631221,0.00174507973046,0.00806742218838,0.000354559185968,0.000331815883396,0.00113200917177,18.8238493119,60.8029607407,0.907609283924,25,25,-0.00154767464846,0.0245940051973,0.0785137563944,0.0147473001853,0.111831925809,0.0385555662215,0.50671339035,0.935306251049,0.461804330349
236,1413393927.66,25,15042,0.000192796202699,0.000132084633194,0.000571763809208,0.00296923882956,0.00202768096371,0.00826712701996,0.000387012230447,0.000406306374049,0.00150862840455,19.8747250233,63.7952413901,0.894538521767,25,25,-0.00155158701818,0.0245964508504,0.0785136446357,0.00993264373392,0.11492715776,0.0399249270558,0.454327881336,1.00451886654,0.482863247395
237,1413393927.76,25,14806,0.000196685956679,0.00013580782381,0.000561081277917,0.00302653140236,0.00201858727518,0.0082490154022,0.000400839736795,0.000420700140047,0.00165086793707,20.1763102979,63.0931119188,0.916599929333,25,25,-0.00154581258539,0.024593167007,0.0785132646561,0.00729058170691,0.117422923446,0.0448954738677,0.340821743011,1.04153490067,0.522947371006
238,1413393927.86,25,14521,0.00020017923185,0.000138113030462,0.000561904403064,0.00308705373977,0.00200354110633,0.00828649633823,0.000412384104759,0.000420483299372,0.00168206810456,20.4498551955,63.7083581321,0.929228067398,25,25,-0.00154830492102,0.0245863646269,0.0785101205111,0.00315144308843,0.119581334293,0.0435069203377,0.170398935676,1.05876338482,0.562615573406
239,1413393928.01,25,14705,0.000188788182361,0.000142037998022,0.000548220588327,0.00298928333439,0.00273244744384,0.0129453684894,0.00038011406948,0.000458670800468,0.00192712980194,18.0160787578,56.9762937668,0.929940462112,25,25,-0.00154882902279,0.0245885886252,0.0785154253244,0.00156597234309,0.122690975666,0.0452177412808,-0.100981518626,1.01269841194,0.525746047497
240,1413393928.16,25,14527,0.000187376502951,0.000138812428299,0.000550232825117,0.00304589059991,0.00271285218767,0.0129404117599,0.000388864986786,0.000462229213127,0.00196058915762,18.2384073025,57.3555764773,0.920221269131,25,25,-0.00154891924467,0.0245818663388,0.0785190686584,0.00292706955224,0.125052928925,0.0480348579586,-0.379161566496,0.927906632423,0.399006605148
241,1413393928.26,25,14595,0.000180445960111,0.000134544047788,0.000573252607365,0.00272838233784,0.0020393444341,0.0075910069245,0.000351147871465,0.000371689962797,0.00112127126179,18.1056514547,58.7029382316,0.943070709705,25,25,-0.00154703157023,0.0245817545801,0.0785245522857,0.000890247523785,0.124804407358,0.0519531331956,-0.55446690321,0.880024015903,0.298045068979
242,1413393928.36,25,14276,0.000180708174673,0.000132716077684,0.000570020861193,0.00272835410739,0.00202944405857,0.00758471022505,0.000355414874873,0.000371936465348,0.00116500482866,18.0561689264,58.3694397939,0.950206756592,25,25,-0.00154531153385,0.0245710425079,0.0785206183791,0.0011842144886,0.12523598969,0.0555826723576,-0.702297747135,0.822086930275,0.237260505557
243,1413393928.46,25,13945,0.000178278431009,0.000135092531917,0.000572549084677,0.00273504629555,0.00202617137193,0.00758445148169,0.000358705440877,0.000367205931358,0.00114453101055,18.009141282,58.7330467111,0.949518561363,25,25,-0.001543992199,0.0245718434453,0.0785223543644,0.00212374469265,0.123890958726,0.0581877417862,-0.778816401958,0.749807655811,0.123524442315
244,1413393928.56,25,13604,0.00017371763615,0.000131596694275,0.00058168435452,0.00257703008151,0.00186294676125,0.00752886231752,0.000333551741921,0.000328594546487,0.00110179860436,17.5623892392,59.5226117686,0.961394548416,25,25,-0.00154388102237,0.024572044611,0.0785238593817,-0.000927241519094,0.124910764396,0.0584537237883,-0.789734482765,0.69705927372,0.0569263286889
245,1413393928.66,25,13392,0.000173370859396,0.000130762911881,0.00058386548795,0.00261221354118,0.00181712916536,0.00753251211763,0.000337660961795,0.000323895557917,0.00110536023246,17.587088745,59.7498028989,0.952353179455,25,25,-0.00154292955995,0.0245701763779,0.0785282924771,-0.00351645424962,0.124597527087,0.0623585060239,-0.774230003357,0.603849768639,0.0474446192384
246,1413393928.76,25,13310,0.000175655279622,0.000126953727388,0.000586056309635,0.00264593969204,0.00180603015802,0.00754519481422,0.000344038489361,0.000322527108342,0.00110900259794,17.7104130001,60.1400046592,0.954347848892,25,25,-0.00154237565584,0.0245690513402,0.0785312280059,-0.00641254941002,0.12588211894,0.0643689408898,-0.752690255642,0.478059887886,0.0751756355166
247,1413393928.86,10,5750,0.000198565020632,0.000226055269235,0.000807237613291,0.00241153077092,0.00229541298003,0.00768362644041,0.000535316393614,0.000702654228929,0.00248161736491,6.55237698541,27.3137066505,0.953463077545,10,10,-0.00154236820526,0.0245709903538,0.078537799418,-0.00689246552065,0.128189742565,0.065139606595,-0.74296683073,0.352524787188,0.093687698245
248,1413393928.91,25,12812,0.00018307866657,0.000149350849377,0.000610252691758,0.00256752258405,0.00177574157008,0.00723450115269,0.000333323742842,0.000316642029093,0.00109627091785,16.8344151924,58.5362736015,0.961500108242,25,25,-0.00154300627764,0.0245708767325,0.0785368084908,-0.00954081583768,0.125374183059,0.0610800050199,-0.744246244431,0.309492498636,0.106281176209
249,1413393929.01,25,12007,0.000186944290872,0.000197956090017,0.00097831786111,0.0026354193227,0.00208917175414,0.00919330512558,0.000334527226792,0.000318447292932,0.00104513984276,14.3832120193,52.4097090291,0.979645252228,25,25,-0.00154274189845,0.024571057409,0.0785422548652,-0.00954446382821,0.131920471787,0.0636864081025,-0.76916795969,0.189730614424,0.130720034242
250,1413393929.11,10,5333,0.000249227984525,0.000321090043912,0.00116967796424,0.00203409904283,0.00150844276873,0.00452580122327,0.000561463042887,0.000765560874289,0.00271075895479,6.99708535887,26.9181449234,0.947614192963,10,10,-0.00154149066657,0.0245741214603,0.0785542055964,-0.0108693502843,0.138631150126,0.0644426196814,-0.830078780651,0.0916756391525,0.157599359751
251,1413393929.16,25,11989,0.000194536390932,0.000187975372299,0.000939668361419,0.00267892055467,0.00204629355872,0.00920932323338,0.000341387435104,0.000317257469726,0.00104536790793,14.6547678654,52.5408358086,0.942581772804,25,25,-0.00154056074098,0.0245726145804,0.0785545632243,-0.0109354862943,0.131267160177,0.0666448399425,-0.872030496597,0.0333620868623,0.162333220243
252,1413393929.26,25,12004,0.000197842710984,0.000188028712131,0.000944624155511,0.00271976789627,0.00202823084227,0.00920769325249,0.000346175548294,0.000314227597294,0.00104755559993,14.8490972629,52.3248334421,0.971611559391,25,25,-0.00154035224114,0.0245798714459,0.0785689651966,-0.0139436181635,0.142180725932,0.0624253563583,-0.941736459732,-0.0409177280962,0.171250462532
253,1413393929.36,25,12082,0.000196713228313,0.000191187906201,0.000964637571707,0.00273269536333,0.00200976157828,0.00915685878946,0.000347502179642,0.000309946405922,0.00105222993812,14.7962516489,52.080484813,0.958411574364,25,25,-0.00153768935706,0.0245821289718,0.0785719379783,-0.0149547997862,0.144907623529,0.0592359863222,-1.01123595238,-0.0869137868285,0.188649147749
254,1413393929.51,25,12248,0.000198358535473,0.000193688087163,0.000984900697336,0.00274883191272,0.00200389606916,0.00912722308157,0.000352528974212,0.000306520052185,0.00105367187172,14.8299510319,51.7590608816,0.94430822134,25,25,-0.00154044956435,0.0245856437832,0.0785682424903,-0.0173049475998,0.145751863718,0.058135047555,-1.07764315605,-0.130636498332,0.219542130828
255,1413393930.01,25,12840,0.000202378732313,0.000188096250471,0.000960895844857,0.00277262953137,0.00196459021221,0.00927136319666,0.000370901152416,0.000308117978933,0.00108592393227,14.9402558033,53.2678226871,0.880210697651,25,25,-0.00153630343266,0.0245827343315,0.0785719081759,-0.0180353522301,0.141907811165,0.0578738115728,-1.05334973335,-0.170521721244,0.26535654068
256,1413393930.51,25,13355,0.000205705851413,0.000112240137305,0.000540971593581,0.00264959321074,0.00127476234914,0.00682801749961,0.000371555432439,0.000276164160074,0.00103976343858,15.3386627528,49.7418506729,0.857314169407,25,25,-0.00151902658399,0.0245697703212,0.0785624235868,-0.0194677058607,0.13471442461,0.0617405958474,-0.744276106358,-0.378919631243,-0.285000026226
257,1413393930.81,25,13125,0.000208825249276,0.000229985726992,0.00124834203905,0.00301088133002,0.00341498677681,0.0185489279482,0.000523010029989,0.000915982786547,0.00480776505983,13.8968093512,69.4435435975,0.872225522995,25,25,-0.00151793216355,0.0245264098048,0.0785646289587,-0.0166106373072,0.128223836422,0.0618021674454,-0.680745124817,-0.389352172613,-0.708049058914
258,1413393931.01,25,13108,0.000176552342888,0.000102976405403,0.000463966180998,0.00250958614382,0.00120191575186,0.00637140443104,0.000355063970456,0.000277428528077,0.000992204002846,11.2944313408,34.8799019813,0.877649128437,25,25,-0.00152409786824,0.024538166821,0.078565992415,-0.013309889473,0.125359654427,0.0601284280419,-0.631006062031,-0.499477624893,-0.4243927598
259,1413393931.31,25,13278,0.000199461260699,0.000118472750424,0.000559425319428,0.00267776302946,0.00144844093847,0.00813783657929,0.000401340412929,0.000358969539305,0.00168218368735,12.1166754155,42.8712786309,0.868994832039,25,25,-0.00151747791097,0.0245469100773,0.0785734802485,-0.00256767962128,0.128702446818,0.0542238652706,-0.542591035366,-0.565332949162,-0.170064851642
260,1413393931.51,25,12903,0.000213402563424,0.000227405486096,0.00120950626515,0.00275417024887,0.00225833981234,0.0120615741833,0.000407323979478,0.000338620289682,0.00128069473266,10.3566181945,26.1610939105,0.874137580395,25,25,-0.00149758020416,0.0245320163667,0.0785818472505,0.00633706478402,0.133312344551,0.0618502050638,-0.460498571396,-0.627016782761,-0.367170035839
261,1413393931.71,25,13012,0.000202143591724,0.000227439975028,0.00121054738563,0.00242207187731,0.00163094961279,0.00851687350196,0.000348461232769,0.000269096169181,0.000873898604255,8.41263746021,21.4931860981,0.878190338612,25,25,-0.00148205214646,0.0245450511575,0.07858171314,0.0132824946195,0.129209667444,0.0579274445772,-0.308637708426,-0.721798419952,-0.569007992744
262,1413393931.86,25,13110,0.000174109566224,0.0001245767848,0.000555740736843,0.00220627437308,0.00132116528836,0.00656134400978,0.000319791329214,0.000240585094929,0.000758297333771,7.57315187082,20.4261375472,0.885984539986,25,25,-0.0014688448282,0.0245655924082,0.0785714685917,0.00902865547687,0.135020717978,0.0464246459305,-0.159888625145,-0.773698210716,-0.62662011385
263,1413393932.06,25,12953,0.000175245165399,0.000147821373522,0.000690447329436,0.00213263160211,0.00141173274023,0.00728671973768,0.000306514976024,0.000223603146544,0.00073995716613,6.99757089137,21.2498485232,0.886419653893,25,25,-0.001474740915,0.0245728641748,0.078557997942,0.0034133028239,0.132028132677,0.0447331927717,0.0418426729739,-0.854843497276,-0.509266257286
264,1413393932.26,25,13050,0.000160313270169,0.000107784475028,0.000394085577734,0.00203922865212,0.000891200873426,0.00376074830817,0.00031254857531,0.000206800751012,0.000717060856677,7.2230310706,20.4657232519,0.864212393761,25,25,-0.00148927688133,0.0245434232056,0.078576400876,0.00358395581134,0.126590430737,0.0480164624751,0.169995680451,-0.870110452175,-0.428870856762
265,1413393932.46,25,12874,0.000168756961298,0.00011040336523,0.00042624238017,0.00217408189866,0.000962357477985,0.00379723425628,0.000341604512379,0.000215094358835,0.000730543103229,7.96296912996,22.5775424702,0.871969461441,25,25,-0.00147536676377,0.0245483331382,0.078575193882,-0.00455545959994,0.126191735268,0.0629495158792,0.220520153642,-0.787824869156,-0.35595536232
266,1413393932.71,25,12506,0.0001875857864,0.000188376617188,0.000946878072194,0.00213221572765,0.00122793644057,0.0058040165158,0.000431613012829,0.000560389183284,0.00296300609048,7.462347484,21.7174174164,0.865849018097,25,25,-0.00147561414633,0.0245449915528,0.0785517171025,-0.00900208670646,0.131081104279,0.067575417459,0.219993710518,-0.601049542427,-0.269269049168
267,1413393932.96,25,12891,0.000164764913098,9.64015875206e-05,0.00038811990172,0.00196514080026,0.000970029568917,0.00365429314215,0.000317036293084,0.0002221100482,0.000714914110701,7.21781549549,21.924793314,0.858719825745,25,25,-0.00147959799506,0.0245400927961,0.078556522727,-0.00648495787755,0.126504823565,0.074704580009,0.16048450768,-0.451020300388,-0.141268193722
268,1413393933.16,25,12670,0.000167095829077,9.88150869676e-05,0.000381421921466,0.00202741353856,0.000976486962538,0.00365927880565,0.00033777566979,0.000233083213992,0.000743296171827,7.48850917937,21.446341181,0.87773001194,25,25,-0.0015268343268,0.024514881894,0.0785569921136,-0.00843961536884,0.12832224369,0.0739548131824,-0.0186504609883,-0.405983924866,-0.0996090620756
269,1413393933.41,25,12521,0.000174302662774,9.60225839818e-05,0.000374525676759,0.00206638166575,0.000953856865968,0.00350397458282,0.000352482742948,0.000231752360913,0.000745356026932,7.52790120865,19.4506391151,0.884522199631,25,25,-0.00154395401478,0.0245403815061,0.0785713195801,-0.00359175354242,0.123908057809,0.0695016160607,-0.251579076052,-0.483232557774,-0.0114607634023
270,1413393933.56,25,12299,0.000177071336317,9.76835892551e-05,0.000376093646527,0.00200295405938,0.00103208603987,0.00343682319827,0.000370808541494,0.000340161584839,0.00160881573116,7.2172078294,19.6378564221,0.881706178188,25,25,-0.00156756234355,0.0245485957712,0.0785744860768,-0.00509263249114,0.120431892574,0.0606991946697,-0.252288490534,-0.597955942154,-0.0267541948706
271,1413393933.66,25,12275,0.000181624631675,0.000121736937936,0.000548449464683,0.00215270176048,0.00150995600345,0.00669628983594,0.00037081075312,0.00037525482137,0.00179799385009,7.3824878188,25.0591607776,0.891270577908,25,25,-0.00155957380775,0.0245590489358,0.0785598084331,-0.00603178935125,0.120236828923,0.0619233958423,-0.194961622357,-0.688074886799,-0.0731921195984
272,1413393933.81,25,12010,0.000191437650484,0.000167578929727,0.000693511592832,0.00239999787586,0.0018491238306,0.00929801140882,0.000392658992122,0.000353144482686,0.00165847297484,7.50278406075,21.5742351381,0.860379040241,25,25,-0.00155877263751,0.0245670434088,0.0785484910011,-0.00050010351697,0.119338616729,0.0651765465736,-0.12519530952,-0.787878811359,-0.172987058759
273,1413393933.96,25,12364,0.000174703760277,0.000121977382071,0.000621303841254,0.00222448329815,0.00118848913504,0.00588422312921,0.000367992242542,0.000311404290669,0.00135265299792,7.83110605387,18.8630539407,0.876645326614,25,25,-0.00157668266911,0.0245998166502,0.0785364806652,0.0106314476579,0.124063029885,0.063461355865,-0.0774107426405,-0.777192115784,-0.211425065994
274,1413393934.11,25,12034,0.00018912971039,0.000170611386521,0.000761455548982,0.0025764443268,0.00185634913424,0.00812138631013,0.000478906834014,0.000497199022792,0.0023102020026,8.21883141126,21.7679701353,0.865074038506,25,25,-0.00159695593175,0.024605223909,0.0785433426499,0.0167871080339,0.128280118108,0.0644819587469,-0.12464736402,-0.762083590031,-0.00396913476288
275,1413393934.26,25,12363,0.000177250084844,0.000121299646462,0.000644499195697,0.00228902873902,0.00130855038353,0.00602109137181,0.000376055441076,0.000305262239537,0.00121730403475,8.17906740865,19.9533500016,0.881186127663,25,25,-0.00161173846573,0.024636413902,0.0785100460052,0.0216317400336,0.131266504526,0.0659458786249,-0.257030844688,-0.743697345257,0.0531415008008
276,1413393934.46,25,12114,0.000206718747087,0.000186108587345,0.00088301022301,0.0028679219236,0.00237694615361,0.0100809005371,0.000553385415224,0.000658419180106,0.00313919613216,9.81201887692,27.4594252275,0.87024718523,25,25,-0.00161746505182,0.0246544312686,0.0785047635436,0.0171264056116,0.126974284649,0.0663695037365,-0.301794588566,-0.74571877718,-0.188752636313
277,1413393934.71,25,12629,0.000197166542872,0.000153773106851,0.000794080460603,0.00261027632721,0.0017729276659,0.00925649305957,0.000472146179901,0.000518914088735,0.0026653159676,10.4985704715,34.7340292592,0.867448210716,25,25,-0.00163988769054,0.0246490463614,0.0784824639559,0.0118123888969,0.124812036753,0.0614587701857,-0.222076877952,-0.812168598175,-0.42917573452
278,1413393934.86,25,12652,0.000234009645828,0.000198606109224,0.000882449488792,0.00306358039142,0.00271423605078,0.01505332478,0.000783244163249,0.00189599328559,0.00999221834472,11.7853205991,42.6757180167,0.871853351593,25,25,-0.00164296699222,0.024664785713,0.078447304666,0.0061121606268,0.126268669963,0.0646953806281,-0.114365488291,-0.878196597099,-0.560087800026
279,1413393935.01,25,12571,0.000235550751421,0.000198369863432,0.000865066873621,0.00307780549711,0.00269020080421,0.0147970622323,0.000790720581729,0.00186260606778,0.00983346743149,11.7775282666,42.8403874566,0.867551624775,25,25,-0.00165748922154,0.0246933475137,0.0784017145634,0.000503147835843,0.125967010856,0.061407148838,0.0986973941326,-0.951356709003,-0.622059106827
280,1413393935.16,25,12484,0.000214402494566,0.000213419307719,0.00111616896916,0.00310133790427,0.00401524715056,0.0219088380304,0.000771132562807,0.00194036088397,0.0101956216465,10.1561395967,40.5262072859,0.883429825306,25,25,-0.0016628614394,0.0247193481773,0.0784005820751,-0.00117903854698,0.128905534744,0.0596367046237,0.265094786882,-0.862977683544,-0.553509056568
281,1413393935.31,25,13026,0.000184912980064,0.00011207254151,0.000527541609552,0.00241032665934,0.00132413125636,0.00584428252383,0.000408418701999,0.000345122557584,0.0015822005905,10.7553920741,40.4242087637,0.878320395947,25,25,-0.00166904064827,0.0247130449861,0.0784081593156,0.00329479947686,0.130752950907,0.0625894144177,0.366519212723,-0.651606678963,-0.298848867416
282,1413393935.61,25,13403,0.000196155623036,0.000112403015153,0.000509207274571,0.00271288947817,0.00158888518776,0.00721209765319,0.000467687734631,0.000473450690639,0.0023956701397,12.8899033769,36.5720053166,0.861329376698,25,25,-0.00168905733153,0.0247342493385,0.0784043297172,0.0150332823396,0.140283003449,0.0650821700692,0.381098538637,-0.24187001586,0.105007857084
283,1413393935.96,25,13342,0.000197012737533,0.000107679615831,0.00050322595607,0.00276881203884,0.00148724646799,0.00710020987871,0.00049457973086,0.000445863849336,0.00223459712927,12.8222652117,36.5512271221,0.87852704525,25,25,-0.00168006133754,0.0246985629201,0.0784154310822,0.0303160194308,0.146972894669,0.0688873901963,-0.090530090034,0.182219058275,0.121980339289
284,1413393936.11,25,13995,0.000197123677901,0.00010905768286,0.000501529245593,0.00265023212528,0.00126995233226,0.00629642727993,0.00042614256674,0.000275317372352,0.00111660384261,13.0550392996,36.1460373915,0.91103374958,25,25,-0.00166245398577,0.0246830694377,0.0784645602107,0.0233710240573,0.150847703218,0.0673942640424,-0.318587452173,0.323609530926,0.157869726419
285,1413393936.31,25,14617,0.000191594649765,0.000115912289541,0.000476179290679,0.00264506994019,0.00151275078747,0.00644287837236,0.000444633287447,0.000390691504747,0.00183974849224,12.6146909693,33.204450859,0.897872984409,25,25,-0.00167429272551,0.0246968977153,0.0784838274121,0.0181478206068,0.148315191269,0.0704588219523,-0.362915456295,0.464753568172,0.193105712533
286,1413393936.46,25,15058,0.000185031475097,0.000105224085923,0.000485117720021,0.00242792267348,0.00126866504448,0.00584518683918,0.000371598524753,0.000266591341994,0.00104678463454,12.3662040521,34.4811775888,0.909259319305,25,25,-0.00168108998332,0.0246963426471,0.0784929990768,0.0137752452865,0.14433722198,0.0673786699772,-0.273116290569,0.542748391628,0.217108458281
287,1413393936.56,25,15394,0.000193026415995,0.000117034091434,0.000490609322494,0.00248913726579,0.00135864781553,0.0057999656828,0.00041096736177,0.000385652719273,0.00181988137668,12.4655387968,34.9110717613,0.926668941975,25,25,-0.00169506436214,0.0247115790844,0.0785083994269,0.0117446454242,0.146680340171,0.0704904347658,-0.196664780378,0.601970553398,0.247296869755
288,1413393936.66,25,15584,0.000180933833758,0.000117667582077,0.00048163216565,0.00237706838956,0.00160509415878,0.00709441438476,0.000361034721352,0.00033408814921,0.00138209331864,11.3396266456,33.9738985371,0.930269300938,25,25,-0.00169686693698,0.0247243568301,0.0785273686051,0.011202506721,0.147159025073,0.0721737146378,-0.144321665168,0.619859158993,0.269636213779
289,1413393936.81,25,16155,0.000166510682084,0.000115724276315,0.000489688960795,0.00224839126964,0.00149414453458,0.00569610765066,0.000347312738055,0.000339929847013,0.00139419438671,11.0333883057,34.9968703088,0.929961562157,25,25,-0.00170743651688,0.0247197523713,0.0785224810243,0.00688161235303,0.146310210228,0.0695158839226,-0.0663698390126,0.574148833752,0.272676676512
290,1413393936.96,25,16139,0.000171021758923,0.000111065203164,0.000489754667942,0.0023392367041,0.00139311358619,0.00576752917531,0.00035377268378,0.000325599949339,0.00135827882952,11.3236518361,34.9124835991,0.93018335104,25,25,-0.00171033246443,0.0247101970017,0.0785163193941,0.00570714706555,0.147041901946,0.0747308135033,0.0165684744716,0.460376769304,0.314552098513
291,1413393937.11,25,16641,0.000178955254969,0.000101891980574,0.000483423184188,0.00223273869059,0.0011567691139,0.005336485392,0.00031395752363,0.000250061790488,0.000961054467497,11.5528004969,34.1320950551,0.933524668217,25,25,-0.00171498081181,0.0247057899833,0.0785187929869,0.0031927623786,0.154057890177,0.0747218951583,0.0917593464255,0.289097487926,0.350463122129
292,1413393937.26,25,16686,0.000176675605554,0.000100882617666,0.000482127554088,0.00228922854864,0.00117038574535,0.00527947847223,0.000326770070166,0.000247646529603,0.000951574922632,11.4774201183,33.978841626,0.932657063007,25,25,-0.00172081985511,0.0246917475015,0.0785356834531,0.00418184651062,0.158975735307,0.0725121125579,0.176083162427,0.0910918936133,0.393148183823
293,1413393937.56,25,17392,0.000178315321585,9.69254759447e-05,0.000459830485245,0.0024612373694,0.00107672615989,0.00513093075747,0.000355460583162,0.000248424142108,0.000927394229781,11.8404664307,31.6093313496,0.921363651752,25,25,-0.0017119118711,0.0246966928244,0.0785321742296,-0.00283965910785,0.164026215672,0.0709348767996,0.342058539391,-0.175592705607,0.157542675734
294,1413393937.96,25,17357,0.000183073409425,9.31467555367e-05,0.000466405485124,0.00251426300355,0.00103346902299,0.00511469742,0.000381706645326,0.000239524172786,0.000922383100157,11.8088508386,32.1814496362,0.937437236309,25,25,-0.00166332966182,0.0246842447668,0.0785213559866,-0.0116336494684,0.171749353409,0.0638059303164,0.218062728643,-0.107636794448,0.0589301176369
295,1413393938.46,25,17522,0.000189969786723,0.000111996629427,0.000498693820006,0.00258270816855,0.00160012953108,0.00901338725928,0.000458385820034,0.000596785435369,0.00320833638287,11.1536967677,30.5366653498,0.92841565609,25,25,-0.00166843470652,0.0246790014207,0.0785071924329,-0.016765974462,0.180850058794,0.0631688386202,0.064394287765,-0.591037929058,0.190783709288
296,1413393938.66,25,16880,0.000186752664598,9.49248939288e-05,0.000438723795768,0.00240716474468,0.00166929384024,0.00884204416313,0.000381088116306,0.000401457819294,0.00208068949959,10.8095014383,27.7925114476,0.92234647274,25,25,-0.0016721773427,0.0246678423136,0.0785420462489,-0.0167474374175,0.185752421618,0.0653806701303,0.153456613421,-0.698037385941,0.0614853538573
297,1413393938.86,25,16218,0.000192725518317,0.000154906994618,0.00082244863178,0.00217695604828,0.00100765964279,0.00499010277118,0.000348523642288,0.000310194626534,0.00149527233745,10.1063790953,24.7489015694,0.91747623682,25,25,-0.00164728739765,0.0246683079749,0.0785226225853,-0.0167249720544,0.181062310934,0.0692407265306,0.288199663162,-0.676558732986,-0.084645755589
298,1413393939.11,25,16338,0.000185198540927,0.000102501767066,0.000399443897453,0.00234282106359,0.000947194592895,0.00496342052364,0.000342028378072,0.00020654417801,0.000900228518321,11.6480720887,23.2925661286,0.895049929619,25,25,-0.00164361961652,0.0246854834259,0.0785241127014,-0.0250924266875,0.176034942269,0.0644100159407,0.444093883038,-0.641699552536,0.0796873867512
299,1413393939.31,25,16376,0.000190557953615,9.69014799876e-05,0.000418914542662,0.00242811943368,0.00113218549235,0.00495195749736,0.000378406434085,0.000246430649365,0.000919384425173,11.8228528608,22.8929479604,0.905726492405,25,25,-0.00163361930754,0.0246832147241,0.0785127729177,-0.0379022397101,0.166975557804,0.0639785602689,0.66745787859,-0.593788087368,-0.0194347184151
300,1413393939.41,25,16083,0.000189441974978,0.000125031016033,0.000601998265599,0.00240974632379,0.00114775515508,0.00479319580559,0.000362254134969,0.000257441730548,0.000929524240688,11.1364203687,20.3123152247,0.918335974216,25,25,-0.00163732166402,0.0246947780252,0.078509695828,-0.034878987819,0.160385191441,0.0632739216089,0.706017374992,-0.569844841957,-0.108988590539
301,1413393939.51,25,16292,0.000182056994153,0.000112065592015,0.000495017955259,0.00239314032609,0.00143816754805,0.0065007413068,0.000355250588779,0.000292918067188,0.00106652619129,10.752857303,18.6835565128,0.914316117764,25,25,-0.00162481341977,0.0246887542307,0.0785041376948,-0.0320833325386,0.160500764847,0.0577993318439,0.61402630806,-0.556747317314,-0.201001852751
302,1413393939.61,25,16346,0.000176403966938,0.000119073406836,0.000489888100474,0.00232719071816,0.00142626752434,0.00646974390171,0.000358638662436,0.000289995526721,0.00108403221799,10.2464857656,17.8007698018,0.904995679855,25,25,-0.00162571622059,0.02470578067,0.0785003304482,-0.0282096695155,0.162727177143,0.0549590550363,0.405392318964,-0.508893489838,-0.254188776016
303,1413393939.71,25,16524,0.000183985093823,0.000130701419629,0.000557188669244,0.00233310456551,0.00145562660314,0.00638732449739,0.000353648217177,0.000310104732159,0.00116037391225,10.7225465873,19.3709477683,0.928239047527,25,25,-0.00163318903651,0.0247015431523,0.0785017088056,-0.0307862311602,0.164785891771,0.0550375245512,0.090126529336,-0.447333455086,-0.258831471205
304,1413393939.86,25,16166,0.000172193335511,0.000125009946828,0.000450372276717,0.00225214950514,0.0013478656487,0.00571020321562,0.000330534175123,0.000281613870762,0.00110110013002,10.1479907071,20.8184344635,0.912405192852,25,25,-0.00163502432406,0.0247112140059,0.0785063877702,-0.0288360845298,0.167960867286,0.053320735693,-0.443504482508,-0.392582774162,-0.142025992274
305,1413393939.96,25,16053,0.000170044393084,0.00012366528043,0.000456444118517,0.0022770333948,0.00135287443452,0.00568026856677,0.000337407155736,0.000284816623727,0.00112820370264,10.0587961953,21.2627536796,0.914346814156,25,25,-0.00163473852444,0.0247108601034,0.0785179287195,-0.0257708076388,0.176041215658,0.050177924335,-0.560597777367,-0.379550278187,-0.0776438117027
306,1413393940.16,25,15958,0.00017563629975,0.000115145030778,0.000457721884682,0.00228627114387,0.00130469321469,0.00568482188242,0.000340750129274,0.00027443646685,0.00107975003562,10.0153470455,20.9988724422,0.896723210812,25,25,-0.00163556588814,0.0246972013265,0.0785369947553,-0.0281722135842,0.176300033927,0.0558049082756,-0.225702255964,-0.290192246437,-0.0775113999844
307,1413393940.26,25,16138,0.000172139545815,0.000110552735695,0.000469214389337,0.00218884116973,0.00121267928916,0.00524522545107,0.000315945842201,0.000249141702164,0.00106726411192,9.9745579152,21.6827065591,0.924598515034,25,25,-0.00163120427169,0.0246901903301,0.078537389636,-0.0295900404453,0.176963031292,0.0580200701952,0.0769470259547,-0.194111660123,-0.0852525085211
308,1413393940.36,25,16043,0.000172804051769,0.000139945513622,0.000635655872294,0.00224728993074,0.0013012912258,0.00540656938634,0.000327398334519,0.000278760135129,0.00108687431769,9.46530963464,23.5893762136,0.92418807745,25,25,-0.0016339244321,0.0246800463647,0.0785457640886,-0.0325602926314,0.17848302424,0.0547298304737,0.397519230843,-0.089772388339,-0.113592639565
309,1413393940.46,25,15854,0.000173773731619,0.000135072448631,0.000633366313448,0.00229516701184,0.0012989948318,0.00543840502127,0.000338035115393,0.000280756741943,0.00110146953797,9.49564399911,22.0223942538,0.921302318573,25,25,-0.00163240858819,0.0246839839965,0.0785363838077,-0.0374146439135,0.180590927601,0.0579579733312,0.620074152946,0.0141217140481,-0.12225548923
310,1413393940.56,25,15841,0.000180116409332,0.00013153176991,0.000625182296842,0.00234203421045,0.00132965676157,0.00542369067266,0.000351065231984,0.000289579050756,0.00110798817606,9.96966111049,21.7901761796,0.914427399635,25,25,-0.00163533759769,0.0246930439025,0.0785351023078,-0.0394435040653,0.185482650995,0.0590011626482,0.647891104221,0.060959842056,-0.105078570545
311,1413393940.66,25,15865,0.000190338101257,0.000103380980196,0.000448943026658,0.00239527205831,0.00117325196354,0.00568588783069,0.00035640852341,0.000261647264618,0.00114687712339,11.302388063,22.8916834728,0.899697422981,25,25,-0.00163821491878,0.0246715713292,0.0785330981016,-0.0417547076941,0.187537670135,0.0590386576951,0.466083139181,0.124797672033,-0.00232488685288
312,1413393940.76,25,15613,0.000175259733047,0.000133260126563,0.000620693241561,0.00239979294263,0.00129474926229,0.0054408428954,0.000363251718002,0.000285980893867,0.00110790788372,9.7262095082,22.7594941879,0.935723006725,25,25,-0.00164692476392,0.0246513932943,0.0785374566913,-0.0422936044633,0.189231187105,0.0482292622328,0.157243594527,0.228112667799,0.0816206932068
313,1413393940.91,25,15573,0.000176384850537,0.000130908780835,0.000607805680859,0.00247268891745,0.00118894361264,0.00530403046632,0.000374279467577,0.000274619548031,0.00106834378389,9.90834151972,23.2142222483,0.928205728531,25,25,-0.00163276947569,0.0246909335256,0.07852948457,-0.0486935228109,0.190059572458,0.051629088819,-0.317722260952,0.466980904341,0.278879344463
314,1413393941.06,25,15399,0.00017505467515,0.000128282005685,0.000597281426034,0.00249378225712,0.00115438062529,0.00527020225733,0.00037790922428,0.000267257301553,0.0010554305178,9.76565795751,22.1364186739,0.914869070053,25,25,-0.00163516565226,0.0246909968555,0.0785192549229,-0.0556483529508,0.186835482717,0.0473885461688,-0.461136221886,0.592523992062,0.342433840036
315,1413393941.21,25,15563,0.000182872774191,0.000129910581992,0.000616717732706,0.00247822419149,0.00121827608569,0.00530407533981,0.000386636071093,0.000271303595691,0.00105314062667,10.022155372,23.4373705722,0.909490942955,25,25,-0.00163645180874,0.0246986150742,0.0785225257277,-0.0590033829212,0.188730582595,0.0472185127437,-0.265282452106,0.661042094231,0.318674147129
316,1413393941.31,25,15341,0.000166816008909,9.46060908048e-05,0.000478368477673,0.00246039842212,0.00200546217102,0.0104288649415,0.000396929616889,0.000409700405242,0.00190552857103,9.51341250666,23.2540462745,0.901965260506,25,25,-0.00164250156377,0.0246905051172,0.0785236805677,-0.052285477519,0.184118330479,0.0486618094146,-0.0457098260522,0.700157821178,0.216403901577
317,1413393941.46,25,15257,0.000175624010599,9.27643255511e-05,0.000472375818879,0.00252508508127,0.00204052760625,0.0105067904366,0.000412590464111,0.000412230321936,0.00187851040692,10.0144425786,24.0214421401,0.909237146378,25,25,-0.00163686159067,0.0246786512434,0.078532718122,-0.0426548682153,0.180589362979,0.0483560599387,0.193226888776,0.740861356258,0.1636467278
318,1413393941.56,25,15172,0.00017424360411,9.1618182877e-05,0.000459825040754,0.00262246887069,0.00205845137294,0.0104861082832,0.000431293830953,0.000416393342363,0.00187334024155,10.4429741331,22.4600734518,0.921482622623,25,25,-0.00166630616877,0.0247091148049,0.0785399824381,-0.0385787002742,0.179744526744,0.0485376566648,0.192513272166,0.760558009148,0.181264296174
319,1413393941.66,25,15263,0.000184489108886,0.00011379121269,0.000473667666995,0.00240392438692,0.00151339839925,0.00645594932253,0.000380985698288,0.000323462199476,0.00126191084023,10.9733632758,26.0992916449,0.918411314487,25,25,-0.00165779504459,0.0247011035681,0.0785337686539,-0.0306015498936,0.176543042064,0.0472847856581,0.0546384491026,0.774402797222,0.214643448591
320,1413393941.81,25,15124,0.000188658389325,0.000116748245832,0.000456969494783,0.00251595109661,0.00159320738941,0.00686359013005,0.000404845969738,0.00033455095297,0.00135626860417,11.6262536114,29.3919444642,0.917526483536,25,25,-0.00162969704252,0.0246874894947,0.0785235017538,-0.0211191363633,0.174401566386,0.0474206842482,-0.271565169096,0.768935978413,0.101023286581
321,1413393941.91,25,15164,0.000193659723032,0.000122946528402,0.000466298231643,0.00251559516924,0.00165619051454,0.00704660780549,0.000418711772072,0.000352800136894,0.00141007006946,11.8054568065,31.4167028133,0.914951920509,25,25,-0.00164137408137,0.0246808510274,0.0785055980086,-0.0164149869233,0.173608645797,0.0483790412545,-0.542460143566,0.748813688755,0.105264522135
322,1413393942.01,25,15025,0.000196601471225,0.000130477998806,0.000480265773816,0.00255068961816,0.00171596390545,0.00706233058646,0.000434483526419,0.000356723685137,0.00142359296185,12.0451377893,31.9342172832,0.920353114605,25,25,-0.0016499228077,0.0246864371002,0.0785004422069,-0.0173939093947,0.175605475903,0.0479700192809,-0.720610797405,0.732281386852,0.133558303118
323,1413393942.11,25,14979,0.000196842580803,0.000132578109174,0.000482403028182,0.00260340684019,0.00167230231126,0.00714828827057,0.000441616257154,0.000348722196891,0.00142767009997,12.0556268427,32.1513879839,0.925643444061,25,25,-0.001654664753,0.0246883127838,0.0784973502159,-0.0161049775779,0.173188224435,0.0492695011199,-0.732273101807,0.721492767334,0.167863205075
324,1413393942.26,25,15016,0.000195929632654,0.000134658915375,0.000471542143265,0.00271294292775,0.00159416708768,0.00740385342818,0.000455055282253,0.000341638355574,0.00147992825626,12.3087983958,35.3135762147,0.899081289768,25,25,-0.0016626319848,0.0246926955879,0.0785149484873,-0.015842853114,0.168039172888,0.0505722537637,-0.505048632622,0.70102339983,0.138842731714
325,1413393942.41,25,14905,0.00020962891146,0.000134453947602,0.0004979942341,0.0027979777634,0.00159515644387,0.00760869902835,0.000471646559862,0.000356347228412,0.00151829218913,13.0669244674,37.4126544543,0.913288772106,25,25,-0.00167054135818,0.024654423818,0.0785273686051,-0.00763889122754,0.16425190866,0.0504584908485,-0.118560068309,0.664361298084,0.164795696735
326,1413393942.56,25,15001,0.000197895122295,0.000120341883522,0.000445795511755,0.00282016401869,0.00162471409242,0.00773715574796,0.000473065328291,0.000363957566008,0.00153751738414,13.2882635273,38.8286161782,0.8927064538,25,25,-0.00167139829136,0.0246340651065,0.0785528868437,-0.00145827000961,0.159902796149,0.0540706031024,0.181050434709,0.610346376896,0.118447624147
327,1413393942.71,25,14739,0.000198212222478,0.00011241566149,0.000422078122264,0.0028972128495,0.00162680528948,0.00791375026554,0.000487883062084,0.000362854235458,0.00155643253284,13.5328208869,40.2049438604,0.909400105476,25,25,-0.00167639786378,0.0246417857707,0.0785300135612,0.00510519882664,0.165043383837,0.0561962872744,0.235919848084,0.550272941589,0.0219703409821
328,1413393942.86,25,14676,0.000197924526751,0.000110758301736,0.000436402396996,0.00295395271601,0.00173138476278,0.00792474620088,0.000512179662027,0.000392644043329,0.00154886038468,13.8756116024,40.1327760418,0.906715512276,25,25,-0.00168680457864,0.0246634446084,0.0785436183214,0.0141040254384,0.165807172656,0.058461483568,0.0377046875656,0.496773511171,-0.102617256343
329,1413393943.11,25,14745,0.000205781811014,0.000107803427672,0.000427499075418,0.00298375330678,0.00173067624821,0.00794292055245,0.00051732689177,0.000394894506761,0.00155635574925,14.0457699503,40.7495788714,0.901809453964,25,25,-0.00168146018405,0.0246583148837,0.0785391405225,0.0245642922819,0.161261841655,0.0625316947699,-0.488862067461,0.405367672443,-0.100163012743
330,1413393943.36,25,14711,0.000223259132191,0.000112474753205,0.000453610594016,0.00310894571925,0.00173975625063,0.00791741445306,0.000549650531611,0.00039952192129,0.00155215420504,15.2558153019,41.1490904333,0.901411533356,25,25,-0.00168478267733,0.0246484894305,0.0785517394543,0.0222450047731,0.168955922127,0.0515770353377,-0.371488332748,0.301026046276,-0.0616664402187
331,1413393943.46,25,14683,0.000219434217353,0.000118373122848,0.000446188400881,0.00317069679406,0.00192832360622,0.00795935304492,0.000572100294728,0.00043452256253,0.0015599293716,14.8003690659,41.0913163006,0.931627929211,25,25,-0.00170062389225,0.0246449671686,0.0785854011774,0.0121058998629,0.167747780681,0.0538267865777,-0.174560755491,0.278976649046,-0.0630009397864
332,1413393943.61,25,14605,0.000218284100006,0.000137054323323,0.000522528444805,0.00314428010241,0.00213744642748,0.00789787403525,0.000553080271518,0.000451160585286,0.0016015553661,14.3898190764,40.6499897687,0.915055930614,25,25,-0.00169378903229,0.0246216729283,0.0785983651876,0.0120175620541,0.166113272309,0.0543023496866,0.157734364271,0.252211242914,-0.136350527406
333,1413393943.76,25,14362,0.000225183861568,0.000141437023914,0.000525926919616,0.00326625923106,0.00216547435018,0.0078659763054,0.000578939900195,0.000465154523262,0.00173010368328,15.3758903456,40.5486822368,0.909074723721,25,25,-0.00169784005266,0.0246412307024,0.0785892978311,0.00470710592344,0.167045384645,0.0523417107761,0.214276194572,0.185420960188,-0.103340543807
334,1413393943.86,25,14218,0.000205125043738,0.000128827380402,0.000476657544839,0.00299341362628,0.00203928924894,0.00773960111494,0.000541312271782,0.000458171439104,0.0017445082076,14.8661329212,39.1848856998,0.926563680172,25,25,-0.0017071289476,0.0246596857905,0.07859493047,-0.000737113587093,0.169082596898,0.0524195022881,0.0968466773629,0.163572922349,-0.0287654232234
335,1413393943.96,25,14150,0.000222170545895,0.00015184807859,0.000569829336658,0.00313977251103,0.00219734455488,0.00776539819484,0.000595395552563,0.000490082228168,0.00168681795384,14.6823378225,39.4892720248,0.911031484604,25,25,-0.00170015951153,0.0246714111418,0.0785787403584,-0.00166361674201,0.169242367148,0.0512077137828,-0.13785071671,0.131574973464,0.0926135703921
336,1413393944.11,25,14110,0.000221878953762,0.000155253200559,0.000603698788381,0.00312204377422,0.00215009690637,0.0077565302008,0.000592890920024,0.000477242994729,0.00165663447603,14.426167397,38.7965159495,0.911043524742,25,25,-0.00170207151677,0.0246459860355,0.0785748511553,0.0023368508555,0.168969795108,0.050945289433,-0.367532163858,0.0969019904733,0.151842772961
337,1413393944.31,25,14030,0.00021816215983,0.000126758074626,0.000462163958055,0.00290974275115,0.00206204522735,0.00781028602434,0.000550501893138,0.00046215382987,0.00167549950965,14.5780299982,38.8372475338,0.916118264198,25,25,-0.00168097426649,0.024644177407,0.078590400517,0.00175204919651,0.16359706223,0.0538550056517,-0.329721689224,0.16737216711,0.205739036202
338,1413393944.41,25,14241,0.000248213292113,0.000156546359015,0.000690829414646,0.0031148967599,0.00215301028443,0.00778089097336,0.000644030993544,0.000603301716995,0.00247102211171,15.2491482459,38.6985144252,0.911539971828,25,25,-0.00163297506515,0.0246222447604,0.0786516740918,-0.000477483292343,0.153266593814,0.0586599074304,-0.180992156267,0.196093976498,0.18251632154
339,1413393944.56,25,14242,0.000267168544096,0.000156755881703,0.00068144927188,0.00314199515581,0.00216489125039,0.00783673150564,0.000651027863111,0.000603186852523,0.00243163049664,16.1225366329,40.9224680993,0.919102907181,25,25,-0.00164086651057,0.0246001463383,0.0786726102233,-0.00322762061842,0.147506251931,0.0569908507168,0.105599492788,0.214343562722,0.124555923045
340,1413393944.66,25,14270,0.00024832016345,0.000135407896912,0.000473809175729,0.0029846125068,0.0020861433123,0.00785760421806,0.000595539131841,0.000532779214797,0.00189777396167,15.8937105867,39.4279314133,0.923255443573,25,25,-0.00164315442089,0.0245921052992,0.0786989331245,-0.00267593096942,0.155079528689,0.0569283887744,0.224794834852,0.1890797019,0.0952418521047
341,1413393944.81,25,14373,0.000269424524825,0.000199699555952,0.000904838589477,0.00318871839998,0.00251635561053,0.00936194102234,0.00076445508426,0.00101013105536,0.00497598290834,15.6312930919,39.4933402903,0.904518544674,25,25,-0.00165241793729,0.0246306415647,0.0786969363689,-0.00138113647699,0.157034039497,0.0624518245459,0.189908444881,0.157523095608,0.147107347846
342,1413393944.91,25,14276,0.000267581032434,0.000214913811197,0.00100989175344,0.00320127140654,0.00252442127287,0.00949226170177,0.000780587679006,0.00104106231941,0.00507918426564,15.3805635291,39.6371394173,0.92134565115,25,25,-0.00163900083862,0.0246755909175,0.0786667764187,0.00127925677225,0.156492158771,0.0623445808887,0.0413891412318,0.178722128272,0.203004658222
343,1413393945.11,25,14270,0.000234976267374,0.000155088324178,0.000634676659907,0.00301909314409,0.00230568746125,0.00798360715906,0.000664224915366,0.000823196640439,0.00403484697673,14.957103222,39.7228678871,0.92398673296,25,25,-0.00164760113694,0.0246740598232,0.0786620080471,0.00388887687586,0.157673850656,0.0630922988057,-0.317502081394,0.276670634747,0.317390114069
344,1413393945.21,25,14294,0.000271330631095,0.00021115100271,0.000992493993127,0.00324175303846,0.00274682722412,0.0113586854289,0.000882409806929,0.00158782331195,0.0081976995228,15.0508148965,38.4648685291,0.91756772995,25,25,-0.0016335088294,0.0246772505343,0.0786835998297,0.00584006961435,0.16223603487,0.0686237439513,-0.340911149979,0.262930572033,0.231101498008
345,1413393945.31,25,14366,0.000274088216912,0.000203220333969,0.00095327678471,0.00325384581978,0.0026939481481,0.0110714060373,0.000888793664537,0.00157572243968,0.00816706102938,15.1069963488,38.6341239944,0.919002830982,25,25,-0.00164662022144,0.0246432721615,0.0787082388997,0.00225107278675,0.159956544638,0.0693085864186,-0.24248033762,0.206782877445,0.0790488049388
346,1413393945.41,25,14323,0.000248242762154,0.000150987859429,0.000660932684778,0.00296645302891,0.00245971204361,0.00920557806083,0.000752422089315,0.00126488003615,0.00653760495289,14.7606408826,38.8418390926,0.94057071209,25,25,-0.00165715557523,0.024623464793,0.0787199959159,0.0033380468376,0.160081580281,0.0670413151383,-0.094571955502,0.119031973183,-0.0995623543859
347,1413393945.66,25,14504,0.000272573560146,0.000224488534638,0.00110674142722,0.00327004051628,0.00300253763434,0.0129687918108,0.000998747372053,0.00228784504635,0.0119375377317,14.4186253699,36.5622453023,0.92083632946,25,25,-0.00166445795912,0.0246258918196,0.0787290260196,0.00506114307791,0.157297477126,0.0663835406303,0.238229721785,-0.0596766062081,-0.271295517683
348,1413393945.86,25,14433,0.000243554966627,0.000142978989647,0.000653370897338,0.00302426457117,0.00274210039968,0.0119796465947,0.000830360326125,0.00177693992632,0.0092524736863,14.0397640476,38.0906684182,0.917029976845,25,25,-0.00166565366089,0.0246555078775,0.0787106826901,0.0069556129165,0.167229786515,0.0703366920352,0.206330105662,-0.0639565438032,-0.228327393532
349,1413393945.96,25,14596,0.000271693271483,0.000235552570796,0.00123387623985,0.00344735364071,0.00346210745648,0.0160585934862,0.00120779366049,0.00326570734464,0.0170000437631,14.485465346,37.9469590086,0.908288657665,25,25,-0.00168603204656,0.0247030388564,0.0787075012922,0.00225018220954,0.167781054974,0.0671249851584,0.0721871778369,0.00658837240189,-0.114247612655
350,1413393946.06,25,14494,0.000272459288876,0.000236584319119,0.00122644375662,0.00339115239209,0.00347756650358,0.0160781004913,0.00120227265454,0.00326573528203,0.0170018949417,14.3071271436,37.4504857451,0.932393670082,25,25,-0.00165657768957,0.0247066617012,0.0786942616105,-0.00491053937003,0.16338044405,0.0687521547079,-0.0322368368506,0.0607622377574,-0.0267769824713
351,1413393946.51,25,14889,0.000234853334902,0.000132579005872,0.000499732172111,0.00326955433343,0.00309822724138,0.0152399700743,0.00103939315008,0.00260601285186,0.0136317882507,13.9829320282,37.2177865255,0.925450026989,25,25,-0.00165756011847,0.0246782172471,0.0786978453398,-0.0113842273131,0.163431465626,0.0685221627355,0.156364843249,-0.338315874338,-0.112588152289
352,1413393946.61,25,14644,0.000228485824348,0.000122557106462,0.000489404280092,0.00320931930348,0.0027628233808,0.0124248819482,0.000871836519262,0.00182596089646,0.00956371297437,13.575531278,37.1916875957,0.936748147011,25,25,-0.00168402248528,0.0246641729027,0.0786812081933,-0.0205928198993,0.166272327304,0.0695023685694,0.185969501734,-0.335577040911,-0.0861080214381
353,1413393946.76,25,14854,0.000244578439106,0.000119579070848,0.000487801568103,0.00329793781715,0.00269383599499,0.0123790520323,0.000875036721433,0.00181348200944,0.00950833141559,14.522107432,37.0238781462,0.920101225376,25,25,-0.00167958368547,0.0246483143419,0.0786880478263,-0.0194004680961,0.165779262781,0.0704355835915,0.168177440763,-0.197931930423,-0.00120334874373
354,1413393946.86,25,14124,0.000259120224912,0.00018404480578,0.000925818312324,0.00355727612517,0.00386289070183,0.0199358342254,0.000716059485788,0.00114076613283,0.00585483367416,15.1317723158,36.652064058,0.929439842701,25,25,-0.00171344436239,0.0246231369674,0.078685708344,-0.0107450177893,0.162549719214,0.0711141824722,0.102171055973,-0.0400119721889,0.100924916565
355,1413393946.96,25,14173,0.000259474577371,0.000178754016417,0.000862628839629,0.00368750383314,0.0037940114559,0.0196987161626,0.000754721904287,0.00118035936533,0.00611509556382,15.7670707378,38.0648784,0.91937315464,25,25,-0.00175229820888,0.0246268492192,0.0786614567041,0.000835856772028,0.16283890605,0.0710100382566,0.0233040507883,0.0882425904274,0.161726653576
356,1413393947.06,25,14028,0.000273667100587,0.000208701481238,0.0010728093007,0.00371133383022,0.00383650347388,0.0199028590593,0.000750586000818,0.00109429468183,0.00565060147485,15.9097006944,38.3051792324,0.932886719704,25,25,-0.00175520696212,0.0246069375426,0.0786471366882,0.00450851023197,0.15875197947,0.0790366381407,-0.0173674598336,0.100225865841,0.0847008824348
357,1413393947.26,25,14071,0.000272041510836,0.00021343935087,0.00107474853396,0.00381968678108,0.00379528038819,0.0196971654417,0.000790896054892,0.00114552330198,0.00591750632114,16.3330101535,42.9972059861,0.927310943604,25,25,-0.00173952395562,0.0245998520404,0.0786657184362,0.00160526193213,0.14840978384,0.0745789334178,-0.0883435159922,-0.0898600891232,-0.258133381605
358,1413393947.51,25,14859,0.000233177700018,0.0001486545529,0.000741635047286,0.00333321318,0.00203666378479,0.00766776334303,0.000609725009603,0.000488927450303,0.0017041845192,17.1620730472,47.8719401282,0.914770662785,25,25,-0.0017149070045,0.0245756898075,0.0786547586322,0.0104043884203,0.153151482344,0.0810397714376,-0.156513303518,-0.363725781441,-0.490443170071
359,1413393947.66,25,15540,0.000241018622938,0.000147937160169,0.000755951965351,0.00337327567474,0.00199582668183,0.00764280976171,0.000622059959593,0.00047388904628,0.0017017246598,17.3496135107,48.9693093118,0.907911896706,25,25,-0.00170485349372,0.0245693176985,0.0786615684628,0.0167616046965,0.146941646934,0.0897528231144,-0.0604695491493,-0.487255781889,-0.459585875273
360,1413393947.76,25,16485,0.00024882405928,0.000145488029994,0.000740779703948,0.0034203195998,0.00216816144323,0.00932562613005,0.000619696723637,0.000502613259495,0.00188903672567,16.9579373563,47.7618447289,0.920275509357,25,25,-0.0016943536466,0.0245628561825,0.0786667317152,0.0222198460251,0.142455548048,0.0873306393623,0.0792701393366,-0.528626680374,-0.395773857832
361,1413393947.86,25,16758,0.000251084778256,0.000151055861153,0.000760780649227,0.0033725921105,0.00228509631758,0.00926591938229,0.000641472209294,0.000542727048977,0.00215067079245,17.1202858554,50.2923248713,0.91842097044,25,25,-0.00168928469066,0.0245668813586,0.0786344781518,0.0288797263056,0.132206737995,0.0851284340024,0.222545206547,-0.492779016495,-0.299244910479
362,1413393947.96,25,17303,0.000265190691755,0.00017065284887,0.000769004742345,0.00302512989272,0.00192246298409,0.00726932372616,0.000545449017696,0.000443521693709,0.00169356098854,16.418479431,51.8886886022,0.931158602238,25,25,-0.00168696593028,0.0245649460703,0.0786199644208,0.0217602495104,0.145493999124,0.080076187849,0.29652890563,-0.388162821531,-0.190443068743
363,1413393948.11,25,17653,0.000265307938371,0.000169805276504,0.000762207170579,0.00302364015839,0.00186871452451,0.00727369614285,0.000544161564921,0.000435986810658,0.00169422466148,16.1586819857,50.9654802805,0.921293139458,25,25,-0.00169799150899,0.0245572477579,0.0785976424813,0.0211869515479,0.145588949323,0.076172798872,0.274335056543,-0.215831384063,-0.130033671856
364,1413393948.26,25,17633,0.000270977227554,0.000170819618216,0.000779918449285,0.00305410004379,0.00183658101573,0.00726634054152,0.000550630671671,0.000429825761277,0.00169258667728,16.4067953305,52.8820848102,0.934194386005,25,25,-0.00170191482175,0.0245620086789,0.0785927027464,0.0190810076892,0.143447101116,0.0750752612948,0.120160542428,-0.103237174451,-0.0935295075178
365,1413393948.76,25,17396,0.000289954741573,0.000167893033358,0.000784491428045,0.00335289941801,0.00173795584018,0.00726513287425,0.000618345189166,0.000429274327926,0.00169240167581,18.1409901646,53.9394613534,0.909535109997,25,25,-0.00171106855851,0.0245449729264,0.0785924643278,0.00641437107697,0.141820520163,0.0703058391809,-0.381413459778,-0.285526543856,-0.0915492549539
366,1413393949.26,25,18215,0.000309925033695,0.000262371099066,0.00135954983774,0.0034753480109,0.00276364742347,0.0143405819149,0.000795692371444,0.00109648055625,0.00578648885546,17.3720293195,52.3437438251,0.912034451962,25,25,-0.00167442602105,0.0245682839304,0.0786032453179,0.00373824988492,0.134690359235,0.0740555003285,-0.133964151144,-0.0655533224344,0.182395279408
367,1413393949.71,25,18697,0.000281818511985,0.000158775140002,0.000802537890653,0.00307600408788,0.00167299078924,0.00673390919489,0.000620382858127,0.000434693160768,0.00155738630388,16.3652331575,55.6201567399,0.914593756199,25,25,-0.00169056921732,0.0245904903859,0.0785562172532,0.00541181629524,0.138023361564,0.0723469033837,-0.6363966465,-0.255292475224,0.0459308065474
368,1413393950.01,25,19275,0.000288558514289,0.000160563925803,0.000814697463567,0.00308783405715,0.00165385172688,0.00673252567236,0.00059619227887,0.00040674708793,0.00155097942277,16.9335890096,57.1490268186,0.92406308651,25,25,-0.00168626545928,0.024594867602,0.0785794854164,6.15896497038e-05,0.143821626902,0.0641931444407,-0.454307556152,-0.837181687355,0.176145255566
369,1413393950.36,25,19741,0.000280234821029,0.000154921409511,0.000819658452023,0.00317739217683,0.00183360724768,0.00744098354599,0.000611831684399,0.000425926080378,0.00152481324125,16.4583687181,57.5588674857,0.885382950306,25,25,-0.00169408565853,0.0246304757893,0.0785843729973,-0.00610015913844,0.147628217936,0.0591063611209,-0.0770636796951,-1.1481076479,0.185247033834
370,1413393950.61,25,20294,0.000279876953056,0.000161026816959,0.000820036740474,0.00310329198446,0.00176220371077,0.006758927045,0.000605020008402,0.000432490695218,0.00151273303849,16.0824333233,57.645463088,0.8212864995,25,25,-0.00171210605185,0.024609638378,0.0785744935274,0.0034700455144,0.156927481294,0.0574384182692,0.247524023056,-1.01109588146,0.0023942226544
371,1413393950.86,25,20368,0.000264760569805,0.000197253707786,0.000814602262877,0.0031796971576,0.00278487363989,0.0148318675563,0.000651586721591,0.000768489891654,0.00398169754917,14.1645814778,56.9659784217,0.905132114887,25,25,-0.00171205506194,0.0246403962374,0.0785801410675,0.00579688465223,0.154618158937,0.0496908053756,0.348450005054,-0.919032812119,-0.281065613031
372,1413393951.16,25,20921,0.00024967458782,0.000166888315508,0.000823825648288,0.00289725805522,0.00182936150811,0.00824982225559,0.000574806990836,0.000504818254368,0.00229000158749,13.6212598548,58.0561717201,0.922353506088,25,25,-0.0017272279365,0.0246437583119,0.0785858854651,0.0091880839318,0.152310907841,0.0430654212832,0.361847788095,-0.699021279812,-0.289816021919
373,1413393951.56,25,21001,0.000249609393741,0.000172114574384,0.000827987353691,0.00275216816138,0.00179792781967,0.00726217717504,0.000522634842303,0.000400581207168,0.00140812107507,13.2591294282,58.5177679796,0.9236805439,25,25,-0.00173372053541,0.0246521793306,0.0785984843969,0.00772931147367,0.150262415409,0.0419607684016,0.423115551472,-0.45445305109,-0.260443031788
374,1413393952.06,25,21133,0.000241096954096,0.000169201952663,0.000805102917362,0.00294922101713,0.00147044677721,0.00662237244114,0.000580327461474,0.000376821662818,0.00141327627592,13.9034725121,55.7598080894,0.912989139557,25,25,-0.00174822541885,0.0246459636837,0.0786028653383,-0.00277981883846,0.147886186838,0.0480265840888,0.550714433193,-0.146508067846,-0.272480368614
375,1413393952.56,25,21181,0.000249007443672,0.000162501845434,0.000789965650767,0.00334669410939,0.00164770794794,0.00705065248699,0.00066675030651,0.000444626490658,0.00163614600527,16.0710012046,53.9271812052,0.919646441936,25,25,-0.00172576191835,0.0246348511428,0.0786189362407,-0.0298784542829,0.138972431421,0.0516274236143,0.515902340412,0.0518891140819,0.100915297866
376,1413393952.96,25,21034,0.000253768185439,0.000158905572806,0.000784127728438,0.00345043689667,0.00171850757629,0.00656906953702,0.000677270414929,0.000456233786786,0.00168007606953,16.7179636986,53.051871715,0.907449364662,25,25,-0.00177667918615,0.0246474836022,0.0786318555474,-0.0408851206303,0.13302642107,0.0564905405045,0.473770618439,0.151109039783,0.108969025314
377,1413393953.36,25,20620,0.000266132970838,0.000161150515621,0.000765451828425,0.00363777306195,0.00193464601541,0.00828953811246,0.000748433594554,0.000565549934223,0.0019961753887,18.7445715946,51.070452782,0.912950754166,25,25,-0.00179170502815,0.0246581435204,0.0786467343569,-0.0469506010413,0.140584796667,0.0619920529425,0.572412550449,0.00291218236089,-0.113067664206
378,1413393953.51,25,20144,0.000283861791991,0.000169976545012,0.000767080509091,0.00376399413113,0.00214745992844,0.00943632043264,0.000732571400704,0.00058179371714,0.0023506832227,21.6031495654,62.4644621717,0.920582830906,25,25,-0.0017863183748,0.0246050786227,0.078655809164,-0.0380583368242,0.148761346936,0.063990354538,0.592917084694,-0.140599921346,0.115518540144
379,1413393953.66,25,20000,0.000287152432575,0.000177011727137,0.00072795764324,0.00405585010631,0.0025373213398,0.0103120115819,0.000812049791193,0.000701148436349,0.00266022049016,23.1805828211,75.7598022699,0.893286943436,25,25,-0.00178636354394,0.0245820991695,0.0786811336875,-0.0240962579846,0.148392468691,0.0699439942837,0.536065280437,-0.235188990831,0.210490614176
380,1413393953.81,25,19593,0.000291591577184,0.000190089952465,0.000812931572608,0.00417867774599,0.00279940642768,0.0110899677342,0.000849399713376,0.00082635088371,0.00302339758183,25.9672074569,93.8156770708,0.915825009346,25,25,-0.00176686351188,0.0245738178492,0.0786754116416,-0.011139751412,0.151813611388,0.0739742144942,0.429264068604,-0.230993255973,0.102415412664
381,1413393954.16,25,19322,0.000293608879451,0.000195876675564,0.000842872397421,0.0043188233121,0.00296225805556,0.0117226822023,0.000898911661925,0.000842827366268,0.00316117886987,26.9220199401,102.859499177,0.908030092716,25,25,-0.00175020028837,0.024552680552,0.0786908343434,0.00342060113326,0.151636451483,0.0789432302117,0.17259067297,-0.137364536524,-0.0521112456918
382,1413393954.41,25,19181,0.00030053517974,0.000191162387069,0.000830103280948,0.00437975983733,0.00301135298342,0.0117932041155,0.000948216799563,0.000880436083765,0.0031690149659,26.9569082962,103.371189006,0.909943819046,25,25,-0.00174501514994,0.0245448183268,0.0786918476224,0.00907961837947,0.150294616818,0.0762885659933,0.294793784618,0.0184467546642,0.0678398013115
383,1413393954.71,25,19411,0.000299054559409,0.000183851233517,0.000817600767435,0.00447336907397,0.003223808149,0.0116374692492,0.000927395489396,0.000833149485865,0.00313572132708,26.0786991901,100.736721046,0.914540946484,25,25,-0.00174359057564,0.0245701111853,0.0786752998829,0.0105501879007,0.146717488766,0.0753609761596,0.596694469452,0.25269010663,0.131885871291
384,1413393954.91,25,19098,0.00028748775862,0.00020571911795,0.000808515286107,0.00405789902249,0.00300983325392,0.0115868328853,0.000824899625184,0.000778586941165,0.0031277636958,24.5657971852,100.226544513,0.918289363384,25,25,-0.00176479213405,0.0245976168662,0.078673876822,0.00600901758298,0.142664834857,0.0701217874885,0.796689033508,0.419828891754,0.125434413552
385,1413393955.06,25,19582,0.000266998114693,0.000194269401066,0.000809610374754,0.00417541906396,0.00344629218967,0.0116243888702,0.000895282944267,0.000941121842453,0.0033782207215,24.113561119,100.35434187,0.916661381721,25,25,-0.00177044933662,0.0245963037014,0.0786775276065,0.00595037080348,0.143886119127,0.0668614879251,0.918736994267,0.577519178391,0.166970342398
386,1413393955.21,25,19123,0.000253183880979,0.000194156126175,0.000804976855486,0.00394596340046,0.00328482051953,0.0116461722898,0.000818405683152,0.000843942270151,0.00314444291839,23.5849821893,100.306995668,0.921106398106,25,25,-0.00178715062793,0.0246053300798,0.0786782428622,0.00550842797384,0.149221867323,0.0656715631485,0.938475131989,0.693976223469,0.130134776235
387,1413393955.41,25,19496,0.000305615093694,0.00024214826481,0.000962267988105,0.00391893558608,0.00314388436988,0.0116073615421,0.000896902900497,0.000894164018292,0.00313553195322,24.4092011912,101.065501943,0.864177405834,25,25,-0.00179563567508,0.0246152412146,0.0786970928311,0.00527216261253,0.151493176818,0.0624766983092,0.935738682747,0.758096754551,0.14098572731
388,1413393955.56,25,19784,0.000272736382787,0.000202188098892,0.000798704581237,0.00404115050798,0.00345548087098,0.0116089628091,0.000925229810186,0.000958982427646,0.00315680202001,23.6987544613,101.480070199,0.917305290699,25,25,-0.0017758961767,0.0246366709471,0.078732021153,0.00798663590103,0.146598905325,0.0615651234984,0.90227496624,0.75063675642,0.156855359674
389,1413393955.71,25,19628,0.000313305818058,0.000244336938318,0.000860924535196,0.00426079184249,0.00336741741433,0.0116356852833,0.00129487449692,0.00222348297859,0.0112395072816,25.3973328144,102.190223368,0.877534329891,25,25,-0.0017764744116,0.0246510934085,0.0787377730012,0.0132719995454,0.141713961959,0.0592243373394,0.813488900661,0.690657258034,-0.0105968331918
390,1413393956.01,25,18722,0.000309321351405,0.000244410311126,0.000959984237316,0.00380843356953,0.00313383945016,0.0116250401615,0.00102124524288,0.00155409861212,0.00757314776785,23.7728282759,102.304464723,0.918349981308,25,25,-0.00174652365968,0.0246291887015,0.078745752573,0.0161065068096,0.139658078551,0.0559948831797,0.383815854788,0.703647136688,-0.148894652724
391,1413393956.26,25,18672,0.00027955995065,0.000198907862555,0.000815973551374,0.00406460432359,0.00351358948116,0.0119373934964,0.000913265215976,0.000938001903933,0.00312475666052,23.8164287242,103.893820846,0.934925436974,25,25,-0.001717258594,0.0246563162655,0.0787448734045,0.0139463627711,0.140592396259,0.0576190985739,0.25792247057,0.810281336308,-0.0114145567641
392,1413393956.46,25,18802,0.000284208967187,0.000203800302998,0.000804929310536,0.00396951237456,0.00351055940423,0.0115768393915,0.000954996389835,0.00110291382483,0.00388049970992,23.1651152871,102.528086752,0.926575183868,25,25,-0.00169265340082,0.0246700737625,0.0787528008223,0.00628947699443,0.13615886867,0.0541051700711,0.199167832732,0.797872126102,0.0217785369605
393,1413393956.66,25,18623,0.000289696631265,0.000209217003774,0.000794778999068,0.00402480885098,0.00343558262947,0.0116054470088,0.00095977452666,0.00108903382239,0.00385523333312,22.9822940038,102.545228805,0.935488581657,25,25,-0.00170110026374,0.0246906001121,0.0787330046296,0.00569504359737,0.141528084874,0.0518548674881,0.123472318053,0.730588257313,-0.035173792392
394,1413393956.86,25,16386,0.000298143238702,0.000368948448009,0.00184825358752,0.00410954419314,0.00378070953798,0.0147295212477,0.000780102743634,0.000856081715134,0.00313962938696,22.0301248095,101.180806936,0.909102737904,25,25,-0.00169309077319,0.0246958695352,0.0787134468555,0.00747424643487,0.137454971671,0.0624777711928,0.0940816029906,0.68178653717,-0.0165399033576
395,1413393957.06,25,17034,0.000368082257257,0.00032039404393,0.00130483572781,0.005314180465,0.00517428178059,0.0261984007982,0.00190551793827,0.00461366699285,0.0241079045191,27.0500480563,96.8009365717,0.905255734921,25,25,-0.00171679118648,0.0246617998928,0.0786953642964,0.00289385695942,0.139502748847,0.0790733993053,0.114383719862,0.685119986534,0.00176735955756
396,1413393957.26,25,16404,0.000355747133607,0.000576827477558,0.00304249840438,0.00529995171746,0.00636565458089,0.033004092738,0.00167046044427,0.00428338237706,0.022316109355,23.8360936355,96.8082906522,0.926448047161,25,25,-0.00166956614703,0.0247197560966,0.0786940604448,-0.00550380023196,0.145368903875,0.0881160199642,0.112042158842,0.729839503765,0.0351399891078
397,1413393957.41,25,16780,0.000248860636027,0.000184306934086,0.000776331464508,0.00416763328399,0.00298268349838,0.0115137358483,0.000808987630946,0.000789227445112,0.00310590747153,24.0574681178,97.407549589,0.927637577057,25,25,-0.00170067430008,0.024668622762,0.0786974057555,-0.00943238288164,0.149881914258,0.0969268605113,0.104093909264,0.756165087223,0.0503610856831
398,1413393957.56,25,16582,0.000260234633302,0.000177982540454,0.000767348898553,0.00424707000462,0.00293084476779,0.0115280585393,0.000829874445108,0.000781192549008,0.00310963924892,24.5255834406,96.5078874811,0.917081415653,25,25,-0.00166313850787,0.0246438458562,0.0786980912089,-0.00516403280199,0.147122696042,0.102048747241,0.0911478921771,0.754347264767,-0.0487725101411
399,1413393957.71,25,16786,0.000241390558753,0.000183589403285,0.000774311697732,0.00433079411135,0.00396847617254,0.0171737797878,0.000817249381951,0.000887582384197,0.00300600944837,22.9697012593,92.4682619285,0.934795022011,25,25,-0.00165459106211,0.0246228389442,0.0786931142211,-0.00024062988814,0.15127786994,0.102787271142,0.0981534868479,0.706474781036,-0.215991973877
400,1413393957.86,25,16828,0.000247446582394,0.000186547625007,0.00075752550933,0.00382865978249,0.00307357943817,0.0109801673675,0.000747318435242,0.000794598268732,0.00297181666178,22.8053215035,89.9665429167,0.932270348072,25,25,-0.00165058695711,0.0246077608317,0.0787097066641,0.00368154863827,0.14775827527,0.0991859361529,0.146435335279,0.632195711136,-0.333595275879
401,1413393958.11,25,16826,0.000244956799545,0.000191619907611,0.000745916368644,0.00369096977087,0.00306791605235,0.0108172336215,0.000711115518463,0.000780605780774,0.00293431023713,22.5051396815,87.356150315,0.921576559544,25,25,-0.00164455280174,0.0246176198125,0.0787011086941,0.00831351708621,0.144615143538,0.100315779448,0.156228303909,0.380608022213,-0.0994499176741
402,1413393958.61,25,16811,0.000261720242959,0.000185723424532,0.000712656200078,0.00380503018892,0.00290838513352,0.0109012979977,0.000763859919935,0.000757829495262,0.00294859063733,23.0265064446,86.0100203996,0.841994941235,25,25,-0.0016339418944,0.024626519531,0.078689225018,0.0125144049525,0.149483963847,0.130506664515,-0.0892779752612,0.17973151803,-0.0584857054055
403,1413393958.96,25,16844,0.000271539164767,0.000187713551924,0.000727206568531,0.00396179832894,0.00284070705791,0.0108705792761,0.000780607974563,0.000742399579875,0.00295492244445,24.7425282139,87.1484887335,0.91002368927,25,25,-0.00163774134126,0.0246139839292,0.0786591395736,0.0071223010309,0.1481885463,0.129943475127,-0.240874573588,0.262846082449,-0.378612428904
404,1413393959.21,25,16809,0.000279294888887,0.000192479252093,0.000738487582778,0.00429591141564,0.00271125144573,0.0108702010685,0.000807659267812,0.000726079711753,0.00295299877053,27.6905631154,87.8206331055,0.918500125408,25,25,-0.00163704424631,0.024616099894,0.0786742046475,-0.0117881791666,0.148905202746,0.130131393671,-0.18232087791,0.26818972826,-0.393394172192
405,1413393959.46,25,17014,0.000288857838836,0.000202454014212,0.000817579647406,0.00471437861795,0.00266001802522,0.0112092174728,0.000858374967888,0.000678726986616,0.00270198645683,29.0709355554,74.2402880303,0.913888514042,25,25,-0.0016280147247,0.0246216617525,0.0786735713482,-0.028538428247,0.14371278882,0.116288281977,-0.0694541633129,0.274756729603,-0.295412272215
406,1413393959.76,25,17050,0.000296595585048,0.000208316708563,0.000900999917635,0.00482961703851,0.00274543613414,0.0114080389737,0.000911561596907,0.000693973912198,0.00268206793491,29.8691931809,80.2659872667,0.918511092663,25,25,-0.00161927274894,0.0246552042663,0.0786780193448,-0.042806878686,0.143491789699,0.103829927742,0.078007042408,0.131004035473,-0.130331888795
407,1413393960.26,25,17217,0.000309301563281,0.000261200485583,0.0011367230052,0.0049788342634,0.00445742134749,0.0246181785482,0.000911374384649,0.00093602593298,0.00490947939601,27.0504308841,98.3611543411,0.909414172173,25,25,-0.00164130772464,0.0246792864054,0.0787116885185,-0.0333020761609,0.14525988698,0.0815745219588,0.112963967025,-0.0462540090084,-0.0487374775112
408,1413393960.71,25,17089,0.000299079245182,0.000217773238453,0.00102175785927,0.00452186371816,0.00274583320515,0.0133601821003,0.000828976246215,0.000654568448952,0.0030109799721,26.7920734689,108.617019546,0.921539962292,25,25,-0.00166051893029,0.0247062090784,0.0786949321628,-0.0224521216005,0.143885403872,0.078865095973,-0.205857977271,-0.0463358685374,-0.502823412418
409,1413393960.86,25,17068,0.000264501292773,0.000198926499792,0.00101134370488,0.00422516120939,0.00259135887499,0.0121767558452,0.000776390299285,0.000630641248735,0.00290807401219,24.513710569,109.328658261,0.881679296494,25,25,-0.0016933203442,0.0247094128281,0.0787335634232,-0.0194597560912,0.139799922705,0.077694632113,-0.201949000359,-0.0696832612157,-0.684845268726
410,1413393961.01,25,17078,0.000270601873088,0.000298447569009,0.00134728399206,0.00422472924184,0.00414735882234,0.0213937151144,0.000816738093392,0.0011600833445,0.00600572380244,23.2893121403,117.557580466,0.92557567358,25,25,-0.00169310311321,0.0246962849051,0.0787171944976,-0.017876163125,0.138926759362,0.0711323395371,-0.29247969389,-0.0476503893733,-0.516984701157
411,1413393961.21,25,17195,0.000259615803606,0.000208991499683,0.00103772802644,0.00381522648159,0.0021167128831,0.00881537776548,0.000659079765157,0.000515644725352,0.00194339566618,25.3237766322,113.576508632,0.822455465794,25,25,-0.00168860028498,0.0247116088867,0.0786851868033,-0.020755296573,0.147894561291,0.0629326403141,-0.417408049107,0.0184710044414,-0.178308352828
412,1413393961.31,25,17164,0.000270045677848,0.000216466372325,0.0010580120548,0.00396561332354,0.00230821290305,0.00874045397918,0.000695548772668,0.000537863597111,0.00220848314435,26.91732782,115.434940865,0.92112082243,25,25,-0.00167528446764,0.0247314367443,0.0787476748228,-0.0483453981578,0.139456242323,0.0555674135685,-0.422374367714,0.0314141400158,-0.000388425309211
413,1413393961.41,25,17255,0.000280170483372,0.000230212018202,0.00107434734455,0.00435976462243,0.00266344904079,0.0115321665404,0.000740692491715,0.000634635514279,0.00286999289936,33.9776287105,117.797333479,0.91072934866,25,25,-0.00169002183247,0.0247588250786,0.0787429884076,-0.057719938457,0.141879484057,0.0609311126173,-0.299079865217,0.0651515498757,0.0775571614504
414,1413393961.61,25,16896,0.000288197158782,0.000230192908101,0.00103341132314,0.00502679248104,0.0030217853198,0.015072574885,0.000845529697642,0.000766408068129,0.00369137920792,42.8938989721,123.352878302,0.871743023396,25,25,-0.00169130298309,0.0247604101896,0.0787119045854,-0.082809895277,0.139690279961,0.0645481795073,0.0994935110211,0.0802213400602,0.314380973577
415,1413393961.76,25,16829,0.000289202706431,0.00023231171517,0.00107208125615,0.00532043178364,0.00332863077454,0.0163269254618,0.000905263281417,0.000814782631953,0.0040078603507,45.2111510222,142.214422036,0.920329213142,25,25,-0.00170452403836,0.0247302800417,0.0787214040756,-0.114620022476,0.147736936808,0.0782765969634,0.191057965159,0.0481393672526,0.671858727932
416,1413393961.96,25,17064,0.000292788862571,0.000239643313543,0.0010979373889,0.00550974842406,0.0038139885487,0.0170366827615,0.00100018868242,0.000956659003089,0.00416484225772,46.6773307668,156.885436303,0.913142681122,25,25,-0.00169392221142,0.0247442889959,0.0787302926183,-0.123512037098,0.152691587806,0.0957081317902,0.265812665224,-0.039767421782,0.937871873379
417,1413393962.11,25,16762,0.000286990965617,0.000241918245953,0.00112067279966,0.00587091157845,0.00399543329603,0.0180318033148,0.00103426328534,0.00101195418036,0.00440554293169,49.7721658213,176.710545944,0.93298459053,25,25,-0.00166534027085,0.0247188173234,0.0786964297295,-0.123582027853,0.158949881792,0.111801192164,0.207298323512,-0.0700880661607,1.17412805557
418,1413393962.21,25,16756,0.000297151862711,0.000233765284054,0.00112869984334,0.00601125354098,0.00417553722077,0.0184531195486,0.00108843432254,0.00104011853645,0.00452556995756,50.8587085255,177.41643603,0.919070661068,25,25,-0.00166566448752,0.0246989633888,0.0786933898926,-0.124997138977,0.16558727622,0.129757136106,0.154897540808,-0.102159805596,1.30655097961
419,1413393962.36,25,15878,0.000314932301717,0.000243782770324,0.0011154226241,0.00625799869747,0.00448065837722,0.0185308886084,0.00111729517266,0.00109331517254,0.00452598276289,55.6250675859,210.898059862,0.913970708847,25,25,-0.00167734152637,0.0246814526618,0.0786928161979,-0.125928997993,0.163924172521,0.134770914912,0.0504743717611,-0.0995071604848,1.33693051338
420,1413393962.46,25,15643,0.0003303343222,0.000248957298211,0.00110804823928,0.00638108004636,0.00440342623928,0.0181353761589,0.00114431722202,0.00106841301695,0.00444867632966,57.6889907583,220.237241731,0.921899318695,25,25,-0.00168211455457,0.0246523004025,0.0787091776729,-0.113915227354,0.166408225894,0.146506860852,-0.00975387822837,-0.101218819618,1.12091493607
421,1413393962.61,25,15426,0.00033166120673,0.000263534817268,0.00113080406957,0.00652318013379,0.00448413150253,0.0179694380748,0.00119242648845,0.0010767258274,0.00441069554202,59.5522596616,236.247730451,0.912036538124,25,25,-0.00169860769529,0.0246397815645,0.0787218734622,-0.103474266827,0.171922013164,0.148069813848,-0.184042707086,-0.0593918859959,0.800965130329
422,1413393962.71,25,14455,0.000336527776607,0.000271098319173,0.00114826775506,0.00649024487168,0.00450355036695,0.0176976235718,0.00119463567671,0.0010762384822,0.00435640940488,61.8660307303,247.644489405,0.720982670784,25,25,-0.0016837771982,0.0246260706335,0.0787116140127,-0.0946243703365,0.168438673019,0.153163701296,-0.346743315458,-0.0233703721315,0.710768342018
423,1413393962.81,25,14415,0.000347854817468,0.000285438349289,0.00116634849348,0.00634504144147,0.00470752336215,0.0177274996145,0.00113403316238,0.00109677125372,0.00437408000836,63.388515255,262.737520165,0.920943200588,25,25,-0.00169906055089,0.0246189739555,0.0786944553256,-0.084153957665,0.168550550938,0.153051689267,-0.506994485855,-0.0152926817536,0.635505259037
424,1413393962.96,25,14358,0.000339059943346,0.000306985333858,0.00115434605562,0.0066835756959,0.00470984609633,0.0175590257742,0.00123444962212,0.0011709442978,0.00433565907429,64.4843482153,280.656640559,0.907762169838,25,25,-0.00169403944165,0.024623112753,0.0787092447281,-0.0778616368771,0.166145265102,0.150946259499,-0.672675728798,-0.0980590432882,0.471411079168
425,1413393963.16,25,14255,0.000343749163173,0.000308789559005,0.00116837770153,0.00663671354172,0.00464023127811,0.0180317398417,0.00119060584415,0.00107988893086,0.00426828513237,65.5118941449,292.426145167,0.85995054245,25,25,-0.00168781529646,0.0246015209705,0.0786995440722,-0.0649744719267,0.170337453485,0.139852672815,-0.857028245926,-0.318113923073,0.243067920208
426,1413393963.31,25,14284,0.00034359751193,0.000317409202078,0.00116800822101,0.00687624328455,0.00453837143839,0.0181062914616,0.00130420574274,0.00108724689944,0.0042252229181,65.9921971711,298.487549712,0.881623804569,25,25,-0.00166686298326,0.0245753973722,0.0787138864398,-0.0578635670245,0.171730428934,0.132935211062,-0.927382826805,-0.49259147048,0.0794682204723
427,1413393963.46,25,14408,0.000355452530965,0.000312391768422,0.00116228737857,0.0067819196073,0.00459848449653,0.0187610671007,0.00124934674219,0.00109851033178,0.00420240281864,67.0148351821,312.804582634,0.880805671215,25,25,-0.00165718898643,0.0245453231037,0.0786877050996,-0.0527170859277,0.167683213949,0.130796790123,-0.94147580862,-0.604894578457,-0.0754986256361
428,1413393963.56,25,14348,0.000358917524649,0.000306847137044,0.00114916160815,0.00696848886922,0.00454496690583,0.0190295005448,0.00129457737923,0.00112444315925,0.00419178019898,67.1269363638,321.290125823,0.892155170441,25,25,-0.00165572913829,0.0245155990124,0.0787235349417,-0.0387032404542,0.162898480892,0.129699796438,-0.95098477602,-0.668584823608,-0.158959209919
429,1413393963.66,25,13890,0.000361705460528,0.000344333152715,0.00128798394043,0.00700415240737,0.00489562630458,0.0192014687977,0.00124234355797,0.00119160293534,0.00417081144022,66.9807843458,324.216567355,0.889211833477,25,25,-0.00166816962883,0.0245085600764,0.0787317082286,-0.0280389878899,0.158699467778,0.130286335945,-0.949455320835,-0.736671805382,-0.259923875332
430,1413393963.76,25,13730,0.000320963523304,0.000282713642693,0.00110243462404,0.00668392487104,0.00503488657107,0.0194711643841,0.00124515266289,0.00133558657967,0.00473247336126,66.2494253305,326.234791852,0.888039648533,25,25,-0.0016639813548,0.0245021600276,0.0787659212947,-0.0171389095485,0.156714126468,0.130684763193,-0.941543996334,-0.800765872002,-0.339271068573
431,1413393963.86,25,13657,0.00031751857936,0.000274187352319,0.000981008473444,0.00637321415321,0.00506635904767,0.0195770273866,0.00115414470998,0.00125448596401,0.00419807298822,65.0625285984,329.819864647,0.872911036015,25,25,-0.00169134221505,0.0245020277798,0.0787746086717,-0.0081755341962,0.155922099948,0.13269867003,-0.938379824162,-0.885903060436,-0.430507987738
432,1413393964.01,25,14011,0.000342597958823,0.000302214829669,0.00112950596265,0.00662801689873,0.00572431391897,0.0212646676872,0.0012700106117,0.00156912699583,0.00648083385801,63.8367837843,321.515075695,0.756625294685,25,25,-0.00168896047398,0.0244921483099,0.0787718445063,0.00195735809393,0.155552789569,0.133820608258,-0.960257709026,-0.981317400932,-0.5663600564
433,1413393964.16,25,14126,0.000329890622026,0.000298601687881,0.00114433441875,0.00668531722495,0.00581964595796,0.0213713225227,0.00127113923015,0.00147588289947,0.00573583330211,63.0532216937,325.91503537,0.844767570496,25,25,-0.00171319209039,0.0244938768446,0.0787885710597,0.00568849314004,0.161679953337,0.128438591957,-1.01781082153,-1.04290568829,-0.672727584839
434,1413393964.31,25,14426,0.000307302266416,0.00027056429077,0.000966878056539,0.00638258759317,0.00544834671866,0.0195275139027,0.00116601219895,0.00129126016595,0.00417010263429,60.8021294363,329.526254188,0.856697916985,25,25,-0.00169793260284,0.0245058164001,0.0787845030427,0.01052906923,0.159401223063,0.121998988092,-1.03521025181,-1.08498609066,-0.664496183395
435,1413393964.46,25,14646,0.0003375953933,0.000333834457501,0.00138685247075,0.00685569551569,0.00617922348541,0.0242738966156,0.00122743436854,0.00143599336045,0.00551615415356,62.3438905537,327.298041213,0.738898813725,25,25,-0.0016925635282,0.0244922526181,0.0787866339087,0.00633504102007,0.159865066409,0.115198411047,-1.00623095036,-1.10219788551,-0.569936513901
436,1413393964.61,25,14657,0.000310612709485,0.000288785860565,0.000972104949213,0.00637820915723,0.00568508019995,0.0194081952368,0.00121261915573,0.00140845600815,0.00434564814472,58.8923838521,327.1189691,0.876722812653,25,25,-0.00169110239949,0.0244913622737,0.0787696912885,0.00606192229316,0.167242094874,0.108134001493,-0.933536946774,-1.10918688774,-0.498641729355
437,1413393964.76,25,15119,0.000313525948135,0.00028816585276,0.000975899924697,0.00600565642624,0.00544085940483,0.0190238059408,0.00113738283415,0.00132606679285,0.0040477825184,54.3387564777,317.412779554,0.87909257412,25,25,-0.00169456528965,0.0244814325124,0.0787855610251,0.0083887707442,0.163162648678,0.107205294073,-0.787149727345,-1.12412858009,-0.420619130135
438,1413393964.91,25,15455,0.000308669846216,0.000296431243967,0.00107338158264,0.0059118977533,0.00544446569985,0.0184745558329,0.00109962003734,0.00131712836255,0.00454604008529,50.107225522,303.274472314,0.898246765137,25,25,-0.0017190433573,0.0244687199593,0.0787843763828,0.00792527757585,0.161199510098,0.102677449584,-0.609916508198,-1.13921093941,-0.369645118713
439,1413393965.11,25,15854,0.000294921779777,0.000284026045401,0.00107043791991,0.005820256093,0.00559181140754,0.0186802570815,0.00111339663272,0.00154796046783,0.00684413599238,45.6785058762,277.31741525,0.885810017586,25,25,-0.00172104663216,0.0244853440672,0.078781068325,0.0101042632014,0.160739183426,0.0969586968422,-0.265030145645,-1.04423940182,-0.285495877266
440,1413393965.26,25,15918,0.000297924947815,0.000309657758211,0.00112831295447,0.00607201176492,0.00692639703699,0.0263803510844,0.00123631152085,0.00232500531006,0.0115023304782,42.1834921255,229.433151923,0.846304893494,25,25,-0.00171018694527,0.0244569536299,0.0787807777524,0.00850015226752,0.153032585979,0.0927510485053,0.1845728755,-0.89065015316,-0.143252596259
441,1413393965.41,25,16015,0.000266069000902,0.000244235023833,0.000957182451307,0.00534889754689,0.00573026680559,0.0228046794102,0.00122493136969,0.00255986043989,0.0129742124335,39.7428624021,231.5819828,0.918182253838,25,25,-0.00171324983239,0.0244499668479,0.0787661448121,0.00645135436207,0.15031132102,0.090080216527,0.611294031143,-0.64614880085,-0.00909118354321
442,1413393965.56,25,16427,0.000254387757048,0.000238164378526,0.000976850315837,0.00500969260984,0.00506343012213,0.0207660066363,0.00123045636779,0.00311588832579,0.0160298201356,38.503400459,233.190601071,0.871978402138,25,25,-0.0016889993567,0.0244144182652,0.0787267759442,0.00919881090522,0.155552715063,0.086261972785,0.805208742619,-0.26291590929,0.0947613790631
443,1413393965.71,25,16756,0.000258518574439,0.00023259132569,0.000937429276484,0.00508820638941,0.00542303350793,0.0221874779584,0.00134051333419,0.00341880849428,0.0173623208645,38.8196365804,213.757209614,0.906075835228,25,25,-0.00169278867543,0.0244166497141,0.0787033736706,0.00504313968122,0.159281626344,0.0808239132166,0.7177490592,0.152821674943,0.109553545713
444,1413393966.21,25,16742,0.000277616165926,0.000346892207241,0.00173927883198,0.00575837518837,0.00913485041556,0.0454707187909,0.00121361820862,0.00280020413664,0.0140059855309,32.6398881966,174.864211227,0.901394724846,25,25,-0.0016909056576,0.0244128517807,0.0786983519793,-0.00511179678142,0.160512045026,0.0815889164805,0.17585259676,0.803323864937,0.209891095757
445,1413393966.56,25,16957,0.000288128608146,0.000356580967014,0.00180894463328,0.00584478529955,0.00907746931936,0.04540624136,0.00124486935952,0.0028327571782,0.0142330730534,32.7993381863,173.182138053,0.904958963394,25,25,-0.00170487922151,0.0244524832815,0.0787083134055,-0.00886893644929,0.160808846354,0.087103150785,-0.339975625277,1.00923573971,0.489960193634
446,1413393966.76,25,17410,0.000220107640139,0.000365846565458,0.00197980021776,0.00466046876921,0.00967325685212,0.0509369883149,0.000729497519261,0.0016873310539,0.00874621257769,16.7477454195,65.5359506209,0.8903683424,25,25,-0.00174644507933,0.0244721099734,0.0787188187242,-0.00403111567721,0.159361824393,0.0983826220036,-0.632784187794,0.885395586491,0.238267824054
447,1413393966.91,25,17446,0.000221830828148,0.000364556196881,0.00196675364914,0.00472748814729,0.00971294110828,0.0511882382693,0.000748775851124,0.0016707418288,0.00866925893364,16.8901150448,65.4653702971,0.916967749596,25,25,-0.00173747271765,0.0244906041771,0.0787206068635,-0.00462815491483,0.162422418594,0.0990723073483,-0.821589171886,0.74720209837,0.0553267337382
448,1413393967.06,25,17729,0.00015289868247,9.15598528679e-05,0.000417241634844,0.00287944598709,0.00262516347814,0.0125050310324,0.000512584490527,0.000818053226006,0.00415852726151,16.1981799703,110.791180814,0.914110064507,25,25,-0.0017344962107,0.0244873166084,0.0787141099572,-0.00340827018954,0.16370819509,0.104028277099,-0.922490298748,0.63568842411,-0.0544608011842
449,1413393967.21,25,17593,0.000159260805583,9.00423906871e-05,0.000439467899321,0.00287829964129,0.00267706358076,0.0130289648747,0.000515382927427,0.000845394622948,0.00432872503516,16.6577545823,120.369295371,0.896878957748,25,25,-0.00172474898864,0.0244784560055,0.0787015780807,-0.000626484048553,0.164860963821,0.10013306886,-0.900123775005,0.552857458591,-0.114541113377
450,1413393967.36,25,17582,0.000144273716355,6.76689938935e-05,0.000291146052896,0.002860267542,0.00368101271719,0.0193262955427,0.000510203226168,0.00109197262851,0.00565749117437,12.3342405483,48.4502835825,0.913559436798,25,25,-0.00173291366082,0.0244852323085,0.0786872506142,0.00109211937524,0.162837952375,0.0974324867129,-0.833331942558,0.457828849554,-0.209210112691
451,1413393967.51,25,17586,0.000146396569835,6.26249926686e-05,0.000275729130468,0.00300581191271,0.00371900382924,0.0195458772636,0.000548003164331,0.001136795522,0.00588830310331,12.9143983595,47.3606981477,0.903595328331,25,25,-0.00172276585363,0.0244959983975,0.0786849558353,0.0114996284246,0.163000911474,0.0943744182587,-0.796264708042,0.356620401144,-0.30016580224
452,1413393967.66,25,17589,0.000142065250013,6.45877031076e-05,0.000290048210466,0.00299026884637,0.00378656940918,0.0196919054223,0.000563997232486,0.00114651977562,0.0058996982463,12.5247332466,48.0938185584,0.919256150723,25,25,-0.00172883563209,0.0245032515377,0.078690290451,0.0191596001387,0.161675736308,0.0918727293611,-0.76635992527,0.238122552633,-0.268056720495
453,1413393967.86,25,17485,0.000141571280001,6.16922451955e-05,0.000244203318555,0.00228516972985,0.00164894994701,0.00705623107292,0.00033720580162,0.000353892968025,0.00119669174282,10.6822744506,48.7414565399,0.928194761276,25,25,-0.00170789135154,0.024486746639,0.0786854475737,0.0186331886798,0.159993380308,0.0869096666574,-0.759727776051,0.0707661435008,-0.11235383898
454,1413393968.01,25,17593,0.000163472138596,0.000110472423048,0.000601291076951,0.00262675171757,0.00176162450173,0.00715300107327,0.000394606249302,0.000427019870265,0.00139139226462,12.3499093652,50.9327814117,0.920025467873,25,25,-0.00170555210207,0.0244795009494,0.0786744579673,0.0130900815129,0.152493849397,0.0846848413348,-0.670677125454,0.0325484424829,0.11939457804
455,1413393968.51,25,17579,0.000177262965752,0.000116605328355,0.000634684775991,0.00282783349488,0.00185911861102,0.00717615282607,0.000458061911632,0.00046162098655,0.00157734133635,13.3097302308,51.0370339921,0.890291512012,25,25,-0.00169776182156,0.0244770478457,0.0786591693759,-0.00605876697227,0.144560977817,0.0804832205176,-0.221184879541,0.18599767983,0.215376928449
456,1413393968.96,25,17357,0.000186312931702,0.000140766187098,0.000743681992724,0.00315783545807,0.00204798397315,0.00821099399581,0.000519024236394,0.000516661332543,0.00211141360151,18.8569483022,70.813159822,0.857561945915,25,25,-0.0017080422258,0.0244859531522,0.0786387771368,0.00262996833771,0.142670840025,0.0810429379344,-0.0647450536489,0.48521026969,-0.26002907753
457,1413393969.21,25,17103,0.000190136463537,0.000130238927312,0.000709099878041,0.00303292692822,0.00204965018244,0.00799393583646,0.000472851572778,0.000490157446804,0.00203534657875,18.2181355153,62.5113125856,0.910102784634,25,25,-0.00171628140379,0.0244491323829,0.0786216706038,0.0215182267129,0.138297095895,0.0767970085144,-0.116414800286,0.417923718691,-0.355653166771
458,1413393969.36,25,17269,0.000191614333862,0.00013376397955,0.000712676375133,0.00310784787292,0.00192191494637,0.00782535128001,0.000482979593269,0.000485804596567,0.00201253803957,17.6202177814,65.5865173305,0.917999625206,25,25,-0.00170637911651,0.0244556423277,0.0786189958453,0.0220303125679,0.134786218405,0.0798244178295,-0.16216635704,0.379049003124,-0.309457361698
459,1413393969.56,25,17396,0.000184351112048,0.000141175794029,0.000760991078693,0.00316912480109,0.00191270817074,0.00789047121927,0.000512857476236,0.000489583999929,0.00195840866262,16.6907444743,70.1466491807,0.927684783936,25,25,-0.00170895142946,0.0244519822299,0.0786453858018,0.0183628965169,0.137199774384,0.0858233198524,-0.222952798009,0.277925282717,-0.241107717156
460,1413393969.91,25,17369,0.000193082746558,0.000149681479987,0.000823850715756,0.00347698558867,0.00181870645094,0.00842585926067,0.00057521300702,0.000469954682809,0.00184933505837,18.5944080083,78.6744176895,0.903750419617,25,25,-0.0016827210784,0.0244433134794,0.078634954989,0.0206387918442,0.138100907207,0.100467689335,-0.13041973114,-0.202486261725,0.271731764078
461,1413393970.41,25,17536,0.000207934396987,0.000154439528121,0.000841855713914,0.00358872266673,0.00173133971584,0.00844552329244,0.000613547961622,0.00044481863317,0.00170664382767,19.3516476017,80.4148554695,0.900250375271,25,25,-0.00167304079514,0.0244085714221,0.0786276757717,0.0259903911501,0.135924890637,0.126290366054,0.0173182282597,-0.284201741219,0.188053488731
462,1413393970.91,25,17558,0.000206465987501,0.000157327651925,0.000852571256035,0.00369567756107,0.00192058013274,0.00829405987943,0.000650752038664,0.000483176232885,0.00177191388165,20.3721235487,80.1791832731,0.901469409466,25,25,-0.00167283113115,0.0243859216571,0.0785834565759,0.0167371425778,0.135585814714,0.111422263086,0.0699830502272,0.120558694005,-0.131038323045
463,1413393971.26,25,17659,0.000238052699402,0.000185293547711,0.000845574139738,0.00405731425837,0.00232356683002,0.00965206303383,0.000730256010557,0.000570717173496,0.00221795886268,24.8301946637,81.1006587788,0.869951784611,25,25,-0.00165025773458,0.0244060251862,0.0785951316357,0.0135087408125,0.131971970201,0.110885158181,-0.142276078463,0.72162848711,0.197434097528
464,1413393971.41,25,17596,0.000248908503139,0.000200422171908,0.000858146666268,0.00397368502329,0.00261011807126,0.0102050791633,0.000752990047993,0.000629363675011,0.00228294481584,24.9925585029,83.2733660193,0.824020624161,25,25,-0.00166429043747,0.0244072508067,0.0786379575729,-0.0158694628626,0.133957386017,0.101723723114,-0.392610669136,0.823911428452,0.0684579610825
465,1413393971.56,25,17102,0.000235800790987,0.000197821237676,0.000863456435239,0.00383459653113,0.0027251555068,0.0105924085711,0.000716725485415,0.000626998191233,0.00238673444884,25.5489221356,83.6058187295,0.915754795074,25,25,-0.0016486083623,0.0244316477329,0.0786164999008,-0.0198946837336,0.134276703,0.100357785821,-0.670019805431,0.874996125698,-0.138905525208
466,1413393971.71,25,16979,0.000235823715035,0.000201531301505,0.000879465651032,0.00380878916635,0.00277652758676,0.0102819030989,0.000706103467878,0.000621583627691,0.00227021567832,24.8822274774,85.0281446657,0.909212291241,25,25,-0.00163294293452,0.024418303743,0.0786319226027,-0.0180317666382,0.135786145926,0.092883951962,-0.83318567276,0.807165920734,-0.0761063918471
467,1413393971.86,25,17063,0.000258003049583,0.000223398889872,0.000877272412134,0.00392552227242,0.00288924833574,0.0104833841641,0.000777923796905,0.000736760554597,0.00269687194287,25.1048595562,83.6276743408,0.88497287035,25,25,-0.00163126259577,0.0244328789413,0.0786329582334,-0.0200275499374,0.133675441146,0.0876893475652,-0.903163313866,0.49888291955,0.0653411597013
468,1413393972.06,25,16646,0.000257363286704,0.000218449647853,0.000889633543974,0.00386936269891,0.00283805334349,0.0115952197047,0.000731353793995,0.000668691131549,0.00257031352176,26.6660852568,85.2565964882,0.924562335014,25,25,-0.00160129147116,0.0244762301445,0.0786253735423,-0.0169832017273,0.13105237484,0.0832376852632,-0.893435180187,0.0300971865654,0.223938465118
469,1413393972.26,25,16723,0.000274682478843,0.000217398204801,0.000886666061633,0.00403557715095,0.00285324714579,0.0126589268953,0.000766971015313,0.000691014140319,0.00282783181182,28.3268913486,95.8209039626,0.921215176582,25,25,-0.00159551191609,0.0244785044342,0.0785898640752,-0.00318530877121,0.13261897862,0.0780238509178,-0.829748690128,-0.210964441299,-0.113109849393
470,1413393972.56,25,16419,0.000286513865736,0.000213248508267,0.000886348899214,0.00413106578991,0.00302239737123,0.0140612627511,0.00075343651688,0.000710090122969,0.00314573284207,30.6585990481,114.847395031,0.911955118179,25,25,-0.00160368834622,0.0244948603213,0.07855758816,0.0114476066083,0.131745353341,0.0789289548993,-0.653399765491,-0.294440001249,-0.0994087606668
471,1413393972.96,25,15675,0.000304056548149,0.000264525323993,0.0010565779923,0.00426119443147,0.00302621058269,0.0137378455534,0.0007282956465,0.000695616582286,0.00307215019396,30.1887857585,111.251970153,0.914040088654,25,25,-0.00162041909061,0.0244854297489,0.0785536244512,0.0253481399268,0.130622640252,0.0775471031666,-0.310812175274,-0.00655120098963,-0.139546856284
472,1413393973.41,25,16102,0.000290801830442,0.000211283085995,0.000899974697469,0.00427723080792,0.00284564557548,0.0134580323491,0.000753792065039,0.000666781280501,0.0030173827107,31.5165736682,105.425870283,0.905899882317,25,25,-0.00162006355822,0.0245148614049,0.0785817727447,0.0193988718092,0.13532397151,0.0765837207437,-0.31894621253,0.466609954834,-0.117368929088
473,1413393973.66,25,15639,0.000309960217626,0.000236300499118,0.000889824406014,0.0043585895997,0.00284146345681,0.0131822645539,0.000812277145662,0.00066744544238,0.00296491398184,30.3539749035,100.013808691,0.874706745148,25,25,-0.00162799051031,0.0245142038912,0.0785985738039,0.0124995820224,0.136500492692,0.0773494020104,-0.704272031784,0.675491631031,-0.139744400978
474,1413393973.81,25,16022,0.000295534107329,0.000206337320981,0.000903456113499,0.00423467133411,0.00290235080382,0.0132864147317,0.000780517870592,0.000663020016599,0.00299049560932,30.6154851654,101.147521135,0.910520553589,25,25,-0.00163346843328,0.0244941823184,0.0785913467407,0.0107402158901,0.128701969981,0.076097920537,-0.949344992638,0.678460419178,-0.151480600238
475,1413393973.96,25,16046,0.000303988616908,0.000212345988,0.000901221793489,0.00434038773519,0.00286794794588,0.013187682893,0.000795745012992,0.000677920801243,0.00297172901458,30.7890586246,99.818069266,0.910375595093,25,25,-0.00164236978162,0.0245016738772,0.0785938948393,0.013689538464,0.127027660608,0.075209364295,-1.03814804554,0.447957664728,-0.116613268852
476,1413393974.11,25,15896,0.000312044657567,0.000237795541923,0.000907327138682,0.00468474083639,0.00307964167297,0.0131406563928,0.00085867748193,0.000845137444877,0.00336305058542,31.8930954935,98.9872808456,0.921884596348,25,25,-0.00161495769862,0.0244980864227,0.0785661116242,0.0120001900941,0.120001092553,0.0746017619967,-0.951045036316,0.0161762032658,-0.033473353833
477,1413393974.26,25,15725,0.000312211245571,0.000242050556054,0.000898822884549,0.00460159784498,0.0030274538774,0.0131041796707,0.000854468381552,0.000968521714317,0.00429402367057,31.166616969,98.2238607529,0.910701811314,25,25,-0.00162895314861,0.0245058257133,0.0785574540496,0.00453501474112,0.113282822073,0.0745630040765,-0.458329081535,-0.423313885927,0.182948619127
478,1413393974.46,25,15751,0.000312568548655,0.000216744859819,0.000896726863827,0.00450582568436,0.00275768771607,0.0130138823653,0.000852388847075,0.000956700392972,0.00423281527781,32.1230254425,96.6858382216,0.915526747704,25,25,-0.00164375430904,0.0245008002967,0.0785638317466,-0.00562159484252,0.108170837164,0.0753497704864,0.466670244932,-0.514259934425,0.370155185461
479,1413393974.61,25,15854,0.0003211937929,0.000212272490736,0.000886669542919,0.00455402633491,0.00272749692897,0.0129588056551,0.00086228210376,0.000949103116241,0.0042043755559,32.3557068153,95.2946477539,0.908459663391,25,25,-0.00165288383141,0.0245340205729,0.078553751111,-0.016328824684,0.104803591967,0.0685728117824,1.10362148285,-0.266189694405,0.478310346603
480,1413393974.81,25,15791,0.000315992249004,0.000205026049419,0.000802987988891,0.00424662607201,0.00267379392216,0.0129543592625,0.00079496295328,0.000756248792387,0.00291848373135,29.4113550764,95.2411832422,0.89631485939,25,25,-0.00162429339252,0.024545904249,0.0785748958588,-0.021622499451,0.110434576869,0.0665974318981,1.48914921284,0.212615385652,0.399788290262
481,1413393974.96,25,15619,0.000328190128985,0.000238665798816,0.000992771252862,0.00426656737018,0.00309240094386,0.0126961887281,0.000836030730351,0.00093733277282,0.00394121393118,27.2093222573,93.552315686,0.868631005287,25,25,-0.00161910732277,0.0245469026268,0.0786035135388,-0.0222105048597,0.113180361688,0.0701985508204,1.50199830532,0.484580457211,0.174767747521
482,1413393975.11,25,15700,0.000316758568663,0.000230118715059,0.000987637330247,0.00404117181499,0.00287670960635,0.0126566675684,0.000809924025523,0.000875056706525,0.00327921660144,26.8460261213,91.9706446229,0.886139750481,25,25,-0.00163823144976,0.0245464257896,0.0785598158836,-0.021502058953,0.116392172873,0.0728016495705,1.39259898663,0.62691283226,-0.039722237736
483,1413393975.26,25,15368,0.000338290933003,0.00028250387859,0.00124681731043,0.00440243938157,0.00333425722634,0.012637506681,0.000890440976704,0.00118201492742,0.00535408609822,26.626224586,91.2844338124,0.878373682499,25,25,-0.00163440348115,0.024548728019,0.0785574615002,-0.0267448183149,0.117674045265,0.0712893605232,1.25579333305,0.676691353321,-0.0872972011566
484,1413393975.41,25,15479,0.000333006181451,0.000257870232468,0.00122921925116,0.00416266165626,0.00300122732245,0.012597113288,0.000863840705,0.00106718392147,0.00414635733436,26.5864068096,90.1819768817,0.89570504427,25,25,-0.00166483514477,0.0244956612587,0.0785281732678,-0.0259475111961,0.120458520949,0.072561621666,1.10535418987,0.686314404011,0.00450753979385
485,1413393975.56,25,15366,0.000370194623508,0.000363106335384,0.0018275061088,0.0050375452703,0.00501404086265,0.0230153176314,0.0010429710953,0.00172510266173,0.00778663238124,28.858512264,120.017619195,0.853468775749,25,25,-0.00166453490965,0.0244815163314,0.0785424560308,-0.0183046292514,0.121459074318,0.0689876973629,0.903156399727,0.731722354889,0.0442989133298
486,1413393975.71,25,15295,0.000372672462474,0.000360976376407,0.00181028584762,0.00507369814467,0.0049936972329,0.0228939866214,0.00105369832114,0.00172011603816,0.00779723863857,28.8400604469,119.339180111,0.87889868021,25,25,-0.00167407584377,0.0244524441659,0.0785422846675,-0.0116736842319,0.126687601209,0.0621332973242,0.671458721161,0.803389072418,0.0112558677793
487,1413393975.86,25,15524,0.000360340337327,0.000357718368462,0.00186023305299,0.00480378943328,0.00494869123193,0.0244474539186,0.0011009787628,0.00189998128994,0.00815291856326,28.2586202266,118.921777643,0.886315584183,25,25,-0.00167850567959,0.0244319215417,0.0785507038236,-0.0115844774991,0.127544045448,0.05609786883,0.480328887701,0.803177475929,0.0546528249979
488,1413393976.01,25,15591,0.000360692398806,0.000380281423775,0.00200288736993,0.00486824008873,0.00587639887493,0.03019168972,0.00123150835956,0.00248603655466,0.0119153998211,27.288812731,134.623507436,0.875551402569,25,25,-0.00167193636298,0.0244163274765,0.0785233899951,-0.0139812966809,0.129489153624,0.047047380358,0.335734426975,0.725920975208,0.022931246087
489,1413393976.16,25,15477,0.000347665987512,0.000373187359359,0.00192722907105,0.00489379520377,0.00629232637617,0.0330497384194,0.00132935801716,0.00337211768808,0.0174871173221,23.5167549209,106.470599033,0.877343595028,25,25,-0.00166650197934,0.0244277920574,0.0785231366754,-0.0133504252881,0.125791311264,0.0400242470205,0.241210266948,0.664003670216,-0.1107923612
490,1413393976.31,25,15650,0.000331484521653,0.000357880496319,0.001893390966,0.00468904556254,0.00628766148786,0.0336189332075,0.00135499947675,0.0034561501093,0.0178222515331,22.9097752951,102.364248347,0.904620349407,25,25,-0.00167579948902,0.0244240891188,0.078523747623,-0.00853358022869,0.128472566605,0.0348877385259,0.180585354567,0.61043971777,-0.216896861792
491,1413393976.46,25,15704,0.000335397880156,0.000350873859187,0.00187479992916,0.00474635474661,0.00621493199298,0.0333390010219,0.00135857879157,0.00340766116909,0.0175812967862,23.2965741604,101.38205741,0.885184526443,25,25,-0.00166651862673,0.0244109127671,0.0785239189863,-0.00457626115531,0.126930743456,0.0338675379753,0.0735677629709,0.505575656891,-0.100041560829
492,1413393976.61,25,15700,0.000376002725437,0.000549850776415,0.00294883322466,0.00519164666231,0.00747353229704,0.037930362748,0.00123370410464,0.00278530558134,0.0140096906801,20.7727020606,58.1635874252,0.895523250103,25,25,-0.00165338884108,0.0244290512055,0.078520141542,0.00140993972309,0.123663648963,0.0383837148547,0.0121186170727,0.365216940641,-0.0229209661484
493,1413393976.86,25,15785,0.000347468420977,0.000363117214349,0.00181513038063,0.00467420111702,0.00595504361752,0.0322811740916,0.00135750790196,0.00340435609181,0.017570627556,23.4668262824,92.1945222311,0.86350184679,25,25,-0.00162646349054,0.0244783125818,0.0785578414798,0.00757998554036,0.119874179363,0.0337831154466,-0.0168254245073,0.119431078434,-0.209732308984
494,1413393977.16,25,15718,0.000349704845501,0.000355955400455,0.00178376367613,0.00482100127036,0.0058549169502,0.0319475490131,0.00139611621502,0.00336375249087,0.0174101408298,23.981182346,90.54354667,0.898642838001,25,25,-0.0016324139433,0.0244390647858,0.0785253271461,0.0139451520517,0.1133717224,0.0472058355808,0.141868025064,-0.0751420930028,0.0301944129169
495,1413393977.56,25,15724,0.00038789764437,0.000345042589559,0.00174717324638,0.00525071727177,0.00562588031948,0.0314883372284,0.00147189497874,0.00328584103733,0.0171333381223,28.2378059593,89.0101939993,0.832099676132,25,25,-0.00163838779554,0.0244221575558,0.0785115882754,0.0317811071873,0.111413069069,0.0620876252651,0.243304386735,0.0707102119923,0.345672637224
496,1413393977.86,25,15702,0.000429547088066,0.000548663788595,0.00289762597031,0.00576255996821,0.00693053204949,0.0362397747656,0.00135004852453,0.0026419750146,0.0134768783549,25.4715095693,79.4830760697,0.901087999344,25,25,-0.00164561264683,0.024321757257,0.078509747982,0.0546296685934,0.111589364707,0.0705859065056,0.245982185006,0.232176616788,0.0639495849609
497,1413393978.16,25,15804,0.000411464476827,0.000554753438473,0.002959440276,0.00537188286953,0.00633012349075,0.034002193914,0.00123651273139,0.00221554072198,0.0111620865904,22.1304265689,42.3712964867,0.902462601662,25,25,-0.00163955881726,0.024338401854,0.0785887241364,0.0468886569142,0.111991077662,0.0737911760807,0.241972565651,0.374527931213,0.102264069021
498,1413393978.36,25,15945,0.000405640208068,0.000550839638425,0.00292664995489,0.00512290021499,0.00605766629377,0.0329313672645,0.00112996214937,0.00192222143406,0.00940808084797,21.6719802182,46.22942388,0.903683006763,25,25,-0.00161677214783,0.0243462473154,0.0786081701517,0.0331676565111,0.113001063466,0.0829004123807,0.249654695392,0.362593621016,0.143812566996
499,1413393978.51,25,16163,0.000397479372716,0.000565057024238,0.00298995558339,0.00512008812471,0.00649499820306,0.0346666840062,0.00113039911526,0.00203812586653,0.00997888925265,21.0293814605,47.3463058027,0.907204926014,25,25,-0.00165988854133,0.0243412237614,0.0786028280854,0.0213950630277,0.116182476282,0.0864757224917,0.224689409137,0.303035199642,0.161367088556
500,1413393978.66,25,16197,0.000400600661899,0.000583481658582,0.0030771341055,0.00517343843925,0.00647046701388,0.0342442623373,0.001159769747,0.00204899126905,0.00994669091942,21.1224414249,51.1490425535,0.895919024944,25,25,-0.00166430789977,0.0243659988046,0.0786190852523,0.0185384023935,0.118847228587,0.0891317501664,0.150613948703,0.215653002262,0.166438087821
501,1413393978.86,25,16320,0.000382788930171,0.000336284652493,0.00155123251934,0.00465538471811,0.00453439536823,0.0251173945257,0.00178031799907,0.0037745639511,0.0170885584994,25.3174997434,59.4109777904,0.876602351665,25,25,-0.00168995955028,0.0243756212294,0.0786157920957,0.0146105950698,0.124484196305,0.090796969831,0.0734103396535,0.105872660875,0.194456502795
502,1413393979.11,25,16116,0.000397657881471,0.00054832133065,0.00286261777136,0.00514199655972,0.00609871020976,0.0318474524581,0.00126108442645,0.00222233002605,0.00992338343728,21.3226080802,57.2545245822,0.891955912113,25,25,-0.00170834001619,0.0243655964732,0.0785885304213,0.00858654081821,0.124367304146,0.0883825942874,0.0101464791223,-0.0566611737013,0.214048087597
503,1413393979.31,25,16131,0.000411268208504,0.000552400423816,0.0029111293803,0.00521886907033,0.00610157575523,0.0321449197495,0.00129356851078,0.00225862517269,0.010094055094,22.0354283024,58.7409913468,0.871144354343,25,25,-0.00170363555662,0.0244234632701,0.078615039587,0.00941589474678,0.12271849066,0.0876448601484,-0.0930209383368,-0.187706172466,0.0249396730214
504,1413393979.71,25,16319,0.000309461162567,0.000275466389182,0.00140264067215,0.00437640129159,0.00489152959477,0.0268075778335,0.000956919861679,0.00141115719379,0.00642195239467,20.7961192702,60.21537858,0.870153069496,25,25,-0.00169733224902,0.0244102627039,0.0785711407661,0.00352772092447,0.116614356637,0.0826072618365,-0.422129780054,-0.487161576748,-0.232092618942
505,1413393979.96,25,16737,0.000428113457128,0.000568502523737,0.0030257161702,0.00527743121874,0.00613663313971,0.0323533874751,0.00138133798678,0.00235431764064,0.0105118538406,22.0287928353,61.6910325439,0.873748898506,25,25,-0.00167405442335,0.0244494490325,0.0785534530878,-0.00710625573993,0.113994643092,0.0821517705917,-0.610979557037,-0.633348107338,-0.0807999968529
506,1413393980.11,25,16574,0.000313591673129,0.000265220821221,0.00128122230503,0.00448611875929,0.00488611081767,0.0267674795033,0.00106032040436,0.00163115001551,0.00751911464111,20.9250618039,60.2294999154,0.877876698971,25,25,-0.00160983577371,0.0244713481516,0.0785313174129,-0.00302227190696,0.120050147176,0.0693650245667,-0.642441630363,-0.690785944462,-0.0638709440827
507,1413393980.26,25,16850,0.000298046066766,0.000263864915202,0.00127274555099,0.00370253545108,0.0023788095873,0.0113736838319,0.000649001326463,0.000499889483215,0.00215528783122,20.5988025839,60.9423821875,0.881270051003,25,25,-0.00161920231767,0.0244283843786,0.0785381197929,0.00210332055576,0.120592348278,0.0673867538571,-0.575416088104,-0.756710410118,-0.0606162585318
508,1413393980.41,25,16999,0.000305250375359,0.000310779428894,0.00152483382263,0.00390482212054,0.00347470346127,0.0176374628969,0.000723172742147,0.000757104977841,0.00292166481974,19.7975840533,62.8554428789,0.894387483597,25,25,-0.00160656729713,0.0244364757091,0.0785837993026,0.00646204128861,0.120272383094,0.0678771138191,-0.420320361853,-0.858800113201,-0.0464200899005
509,1413393980.56,25,16946,0.000308022478217,0.000297924897634,0.00146286419806,0.00401854020317,0.00338219614523,0.017305735677,0.000805032509793,0.000927161565024,0.00420000693574,20.3265558477,61.8926266458,0.886584877968,25,25,-0.00158133159857,0.0244603678584,0.0785786956549,0.00727440882474,0.126564323902,0.0660056322813,-0.253961473703,-0.937668383121,-0.022066636011
510,1413393980.71,25,17517,0.000258945703775,0.000202901494047,0.000638793147647,0.00360815722774,0.00309210210166,0.0151970336173,0.000561039229516,0.000433940433542,0.00148241107855,19.4987995338,61.65322341,0.902781963348,25,25,-0.00158804818057,0.0244650449604,0.0785687565804,0.00802944879979,0.133168265224,0.0612290389836,-0.10745369643,-0.953594088554,-0.0143729485571
511,1413393981.11,25,17865,0.00026236274853,0.000190099362946,0.000655940506297,0.00301904894268,0.00199925049083,0.00769130062106,0.0005292083358,0.000409020823826,0.00147378495784,19.6756577373,60.0728915656,0.888127028942,25,25,-0.00157560769003,0.0244554188102,0.0785552188754,0.00724346190691,0.136549830437,0.0612851604819,0.140018507838,-1.03324329853,0.111799255013
512,1413393981.56,25,17866,0.000268100832729,0.00019480081133,0.000667557187789,0.00311743754997,0.00191731511144,0.00770450605675,0.000550923399277,0.000391116690569,0.00147055248237,20.114240505,60.0173708084,0.901463270187,25,25,-0.0015749563463,0.0244427192956,0.0785363391042,0.00350409932435,0.129130855203,0.0624933354557,0.0138806663454,-1.26382637024,0.239254340529
513,1413393981.91,25,18366,0.000269665748687,0.000185127878418,0.000676528529569,0.00302339044728,0.00190642205217,0.00769685962283,0.000532172318354,0.000377905221719,0.00145377075153,19.49566087,58.809361498,0.904536366463,25,25,-0.00158064358402,0.0244278851897,0.0785300806165,0.000314759090543,0.127009660006,0.0614528730512,0.204351872206,-1.38154363632,-0.110137626529
514,1413393982.21,25,18574,0.000276422676361,0.000183545637907,0.000663214814774,0.00311080929304,0.00182085636709,0.00768962646504,0.000547376725484,0.000367910062809,0.00144984410077,19.5367709021,58.7050278124,0.910488963127,25,25,-0.00158164731693,0.0244318470359,0.0785418450832,0.00816944241524,0.130482703447,0.0492018200457,0.503594756126,-1.29221653938,-0.0666604489088
515,1413393982.46,25,18730,0.000266853333022,0.000171578305384,0.000637595052307,0.00318389265063,0.00182951727066,0.00764538486533,0.000577944622542,0.000374739558957,0.00141944226644,19.4295413565,58.75220022,0.924385368824,25,25,-0.00158497469965,0.0244346372783,0.0785349681973,0.0150554506108,0.127824187279,0.0426570400596,0.646743416786,-1.11471927166,-0.047099661082
516,1413393982.66,25,18741,0.000274962012031,0.000177601587247,0.000603790399774,0.00318276358581,0.00185818686241,0.00753007493727,0.000591398904123,0.000407447890949,0.00145608114841,18.9819919496,58.1098601784,0.917222619057,25,25,-0.00159524439368,0.0244415700436,0.078542329371,0.0166711378843,0.121877215803,0.0389479808509,0.7737429142,-1.01200532913,-0.0357024744153
517,1413393982.81,25,19140,0.000278155313935,0.000158882155866,0.000598137970264,0.00320237233713,0.00170261587967,0.00751071805676,0.000567551458392,0.000358309377529,0.00134940956265,19.676352285,58.2759178951,0.92147320509,25,25,-0.00159977399744,0.0244524292648,0.078546255827,0.00967980641872,0.118466220796,0.0366166420281,0.86830586195,-0.913231134415,-0.0307172425091
518,1413393983.01,25,19142,0.000276562696977,0.000194222861973,0.00081265289,0.0033283845676,0.00194822952096,0.00734851490989,0.000632203304715,0.000430396731696,0.0014892255064,18.6499512994,53.8970759174,0.889908492565,25,25,-0.00159996782895,0.0244823694229,0.0785320624709,4.85903801746e-05,0.113449312747,0.0356986522675,0.933008015156,-0.689091444016,-0.0633704215288
519,1413393983.16,25,19717,0.000266665278956,0.000181614769438,0.000783228202022,0.00317146907996,0.00174726135421,0.00724797711187,0.000592802919856,0.000395851610993,0.00144104743011,18.2410212116,53.9304575407,0.895936489105,25,25,-0.00160781200975,0.0244716219604,0.0785538107157,-0.00351320556365,0.11373065412,0.0347790010273,0.974502503872,-0.482089519501,-0.0583287104964
520,1413393983.31,25,19820,0.000294983470935,0.000284067522951,0.00145818346435,0.00379361581227,0.00289453397367,0.0134740317704,0.000745530454643,0.000813076502214,0.00421154553737,20.622985326,99.3111650535,0.876895785332,25,25,-0.00161680241581,0.0244594179094,0.0785659775138,-0.010342746973,0.115505889058,0.0358674302697,0.968533158302,-0.226110190153,-0.0726923719049
521,1413393983.46,25,20032,0.000283441792304,0.000266373214396,0.00140510267507,0.0035782790288,0.00255050459244,0.0129418258705,0.000698342122905,0.000754011810779,0.00398151697641,20.3960182636,93.7242439804,0.920120477676,25,25,-0.00164026173297,0.0244358889759,0.0785770490766,-0.0205142442137,0.119723014534,0.0380515642464,0.9176171422,0.0710343420506,-0.022626593709
522,1413393983.66,25,20158,0.000295893719518,0.000345839637463,0.00183873731198,0.00386734387595,0.00400737695722,0.0215705558124,0.000832299069395,0.00141541855857,0.00751028208797,21.8183144696,153.112327859,0.925870597363,25,25,-0.00162908947095,0.0244205445051,0.0785894691944,-0.0265779104084,0.12120064348,0.0397334247828,0.726814210415,0.474935829639,0.0522432141006
523,1413393983.86,25,19993,0.000319280616196,0.000382579379681,0.0020140911058,0.00427549108841,0.00589067744981,0.0303199482102,0.00109192143803,0.00255140155762,0.0133672321921,21.1649305977,168.473823477,0.895781219006,25,25,-0.00162082805764,0.0244402475655,0.0785961449146,-0.0316096618772,0.124635867774,0.0425365939736,0.438565045595,0.778688967228,0.0972110107541
524,1413393984.06,25,19917,0.000319156290397,0.000378783645497,0.00200476906904,0.00426651311534,0.00584987976134,0.0302697162358,0.00110246848702,0.00254792212939,0.0133622556487,20.8762312821,167.777154683,0.91314458847,25,25,-0.00165455718525,0.0244403425604,0.0785839036107,-0.0287238825113,0.127538651228,0.0503693781793,0.114616960287,0.993047773838,0.152642294765
525,1413393984.21,25,20515,0.000304185193927,0.000350797097692,0.00189483961372,0.00391631910209,0.00537526076696,0.0290352986091,0.00102802253887,0.0024236282337,0.012740388518,19.8426350054,155.824302302,0.925103068352,25,25,-0.00166092801373,0.0244468171149,0.078577786684,-0.0302713979036,0.12331931293,0.0568627417088,-0.161501944065,1.10166549683,0.192367121577
526,1413393984.36,25,20762,0.000282716616547,0.000271545336555,0.00140279561012,0.00372543446203,0.00527287953231,0.0284022108687,0.00119593773637,0.00350927598528,0.0183045022929,15.5081406383,84.3446423264,0.917643070221,25,25,-0.00165812275372,0.0244534295052,0.0785791948438,-0.0307686310261,0.126298397779,0.0657658651471,-0.448721379042,1.15875709057,0.229410856962
527,1413393984.51,25,21007,0.000274009126255,0.000241675768247,0.00116579549129,0.00373394545917,0.0051325438528,0.0277022022377,0.00141239330116,0.00453325842442,0.023547851122,14.9617151641,66.8134827989,0.88670194149,25,25,-0.00164652394596,0.0244636591524,0.0785699188709,-0.0303690675646,0.128668099642,0.071275934577,-0.712606370449,1.15000891685,0.261689186096
528,1413393984.66,25,20939,0.000275403908626,0.000240594356829,0.00101710229538,0.00406506747099,0.00522589139637,0.0274143555187,0.00172482443845,0.00587943108234,0.0304617857739,15.4873918093,58.9757571091,0.886935412884,25,25,-0.00162135378923,0.0244685988873,0.0786000937223,-0.0250923708081,0.13124999404,0.0759579241276,-0.944989264011,1.10631835461,0.178121969104
529,1413393984.81,25,20821,0.000251738179269,0.0001934355639,0.000852297623219,0.00360812269424,0.00450549812458,0.0241541083671,0.00155710034302,0.00528744962082,0.0273948152883,13.9061713578,50.2887005588,0.885327875614,25,25,-0.00160854565911,0.0244382116944,0.0786066278815,-0.0249026026577,0.135668411851,0.0753227099776,-1.06472194195,1.07308793068,0.00195583631285
530,1413393984.96,25,20649,0.000247669757803,0.000196259714098,0.000857179197305,0.00355663598063,0.00449937248368,0.0240518956265,0.0015565797199,0.00528896651984,0.0274024993561,13.6100959601,50.4961159046,0.905753970146,25,25,-0.0015888173366,0.0244118012488,0.0785863921046,-0.0270797703415,0.129974275827,0.0756707638502,-1.01999056339,1.01277220249,-0.153794318438
531,1413393985.11,25,20318,0.000273788894341,0.000384286784301,0.00204897711951,0.00369085516535,0.00499883134964,0.0242738675677,0.00107104912412,0.00246207311141,0.0121997279233,11.7835741277,37.3800724789,0.9214823246,25,25,-0.00159319094382,0.0244218707085,0.0785726308823,-0.0269640348852,0.130498513579,0.0760522037745,-0.878817737103,1.00516831875,-0.243919059634
532,1413393985.31,25,20446,0.000208396760864,0.00021879334661,0.00111882111614,0.00316954317419,0.00490871295502,0.0257438174041,0.00066492339753,0.00140739041535,0.00732425578968,9.74214148647,38.0849713982,0.911829292774,25,25,-0.00156394706573,0.0244421735406,0.0785862654448,-0.0294554233551,0.133107975125,0.0741925016046,-0.756883502007,0.950731098652,-0.32121989131
533,1413393985.51,25,20149,0.000210596398714,0.000188099068262,0.000955519931886,0.00325091948339,0.00488129645826,0.0257468656329,0.000694623917335,0.00148467965889,0.00774858725787,10.1102004562,38.1780073383,0.896712720394,25,25,-0.00158459064551,0.0244226325303,0.078564427793,-0.0268521420658,0.135503545403,0.0719096586108,-0.78029358387,0.898087859154,-0.294873118401
534,1413393985.71,25,20163,0.000206331652209,0.000187768274932,0.00093596662823,0.00334369526389,0.00481808943676,0.0256341715203,0.00068539161112,0.00138053364492,0.00722239167444,10.259412508,38.4279025012,0.887331545353,25,25,-0.00161540147383,0.0244354344904,0.0786006748676,-0.0231298729777,0.137487277389,0.0712675452232,-0.812810063362,0.865582644939,-0.266274690628
535,1413393985.91,25,20489,0.00019136437077,0.00011291951431,0.000519837776925,0.00243933971001,0.00155515263873,0.00623521413797,0.000439002613572,0.00035978877411,0.00117863936619,10.5815690141,38.6368613445,0.916520416737,25,25,-0.00161103100982,0.024460721761,0.0785953104496,-0.0187958776951,0.14331844449,0.0679478272796,-0.683210372925,0.894803643227,-0.164736196399
536,1413393986.06,25,20023,0.000217066976236,0.000234292132048,0.0010428823163,0.00348376034346,0.00500204749869,0.0267804713117,0.000726125087575,0.00132103097936,0.00691228228779,11.1725091245,40.6009369133,0.898461937904,25,25,-0.00161509925965,0.0244755987078,0.0786047503352,-0.0170388668776,0.134600028396,0.0659812986851,-0.469401687384,0.900501072407,-0.0555080920458
537,1413393986.31,25,20397,0.000207793584487,0.000161092500683,0.000763704567721,0.00321984723273,0.00153297820355,0.00640249989497,0.00057101885902,0.000377074717247,0.00130339432267,17.7421091166,67.5239362222,0.869535803795,25,25,-0.00157235923689,0.0244639571756,0.0785827115178,-0.00288245687261,0.136125162244,0.0731821283698,-0.133551180363,0.734891712666,0.059230864048
538,1413393986.51,25,20443,0.000226254508053,0.000150278272996,0.000715649289853,0.00366147334896,0.00216285558825,0.00962631134432,0.000663891921823,0.000445799335883,0.00151272558783,21.5866831674,86.1197881293,0.872485280037,25,25,-0.00152521207929,0.0244843307883,0.0785744190216,0.0360189750791,0.133961677551,0.0709141045809,0.152623131871,0.463690519333,0.117118507624
539,1413393986.71,25,20638,0.000246331947388,0.000136089204797,0.000559949519295,0.00445687806815,0.0026828849943,0.010566299899,0.000792401555644,0.000686349522838,0.00329224859683,27.1510133298,104.355558286,0.881449520588,25,25,-0.00148256926332,0.0244623571634,0.0785571113229,0.0604882091284,0.13373914361,0.0677420273423,0.330600202084,0.289296120405,0.15484264493
540,1413393986.86,25,20747,0.000262028626517,0.000150097367467,0.000706100625054,0.00454597629889,0.00259415248908,0.00957466438191,0.000845864040527,0.000764677547083,0.00352631626712,29.2436662876,110.722660128,0.915281355381,25,25,-0.00148307939526,0.0244762338698,0.0785857886076,0.0891514569521,0.140601918101,0.0627405419946,0.285050988197,0.306027859449,0.153021872044
541,1413393987.01,25,20710,0.000274176445227,0.000177241755446,0.000806240935466,0.0044801366058,0.00287514479411,0.0107506817141,0.000903607084425,0.000886401144523,0.00393524304462,29.1531221421,121.066254575,0.917329013348,25,25,-0.00144298968371,0.0244402941316,0.0786074697971,0.10379499197,0.141258880496,0.0647780448198,0.182480350137,0.388122171164,0.0772063657641
542,1413393987.21,25,20889,0.000273420258217,0.000231646007779,0.00110555633452,0.00443111397634,0.0036647811182,0.0144914277363,0.000752114289754,0.000693337265018,0.00242120884654,27.7830389468,126.308143437,0.740572094917,25,25,-0.0014349592384,0.0244058202952,0.0786288902164,0.105029307306,0.141143724322,0.0677254423499,0.126422047615,0.48794862628,-0.0895880386233
543,1413393987.36,25,21041,0.000239997408946,0.000159633944103,0.000807296700699,0.00396022739597,0.0030631970673,0.0103684243886,0.000677611192671,0.000632332371741,0.00245372679031,28.4750383395,136.32319524,0.907049000263,25,25,-0.00142906559631,0.0244251564145,0.0786280632019,0.0998473539948,0.141541242599,0.0725526735187,0.13806733489,0.552523255348,-0.0313919372857
544,1413393987.51,25,20188,0.000298337991179,0.000210247071075,0.00099760979634,0.00462305460274,0.00313263054463,0.0107080766262,0.00101059771761,0.00118343905204,0.00600369714297,30.2645726622,142.246762146,0.900950968266,25,25,-0.00143264827784,0.0244057290256,0.0786432176828,0.0910395011306,0.142760083079,0.0701273903251,0.154549658298,0.604841053486,0.0274443551898
545,1413393987.66,25,20282,0.000314735903519,0.000304602321355,0.00159363585161,0.00488819382074,0.00378080269436,0.0154281154012,0.00104149405921,0.00148049537254,0.0075891820846,32.5484776121,153.402830696,0.918599903584,25,25,-0.00142380874604,0.0244038961828,0.0786322653294,0.0826109424233,0.1374271065,0.0710894539952,0.172338366508,0.63408690691,0.052721761167
546,1413393987.81,25,20186,0.000323718862795,0.00030502036732,0.0016063575735,0.00505272042391,0.00391580559658,0.0157920213601,0.0010856639238,0.00154304905143,0.00794261282142,34.6298716619,165.079631266,0.855527758598,25,25,-0.00141594768502,0.02440373227,0.0786520317197,0.0702790021896,0.134007185698,0.0713941976428,0.155587911606,0.668756067753,0.0318498723209
547,1413393987.96,25,20183,0.000334342022144,0.000319001015698,0.00168990537007,0.00520626193101,0.00403131850073,0.0153432179648,0.00115148788969,0.00163826765995,0.00838226298557,36.7845304218,170.569619982,0.910878777504,25,25,-0.00141722848639,0.0243999585509,0.0786690413952,0.0597337335348,0.136099249125,0.0716676488519,0.152856200933,0.692487895489,-0.146138995886
548,1413393988.11,25,20776,0.000288409000722,0.000158876471148,0.000858998859465,0.00491072276312,0.00368815664582,0.0145516210921,0.000843099419799,0.000756261706023,0.00326174933717,41.2082043236,184.650139355,0.913663983345,25,25,-0.00140291673597,0.0244076475501,0.0786486119032,0.0497626848519,0.140586927533,0.0725245401263,0.171709746122,0.70251262188,-0.30189883709
549,1413393988.26,25,20288,0.000354468271957,0.00032487712951,0.00171035766919,0.00564687221458,0.00446759368931,0.0160088799185,0.00130674794132,0.00191732433679,0.00975177852181,43.1939420783,193.007506546,0.89744591713,25,25,-0.00140745576937,0.0243893153965,0.0786599591374,0.0329913832247,0.143856555223,0.0703595429659,0.156724914908,0.727125227451,-0.423087865114
550,1413393988.41,25,20198,0.000352034118691,0.000305194250966,0.00157990340811,0.00580875829136,0.0046923121435,0.016704925328,0.00134905055006,0.00186127304642,0.00933521719424,44.6300396601,197.845500191,0.905323266983,25,25,-0.00139310385566,0.0243955329061,0.0786700323224,0.0207294356078,0.140419855714,0.0676425695419,0.135786861181,0.781175732613,-0.416662544012
551,1413393988.56,25,20703,0.000292357782469,0.000182386087865,0.000850813231086,0.00531239361601,0.00420467766326,0.0165371117248,0.00100039704853,0.000925167507588,0.00361872183958,45.3223617534,204.206796639,0.91467744112,25,25,-0.00139966898132,0.0244302488863,0.0786821991205,0.01264994964,0.13628578186,0.0685015767813,0.109369844198,0.901146411896,-0.354698985815
552,1413393988.71,25,20599,0.000298842878682,0.000180951609872,0.000856580198237,0.00536825491701,0.00417910009901,0.0167683160003,0.00101617867174,0.000905290789275,0.0036582474408,45.8043117215,208.87133919,0.906359314919,25,25,-0.00140220986214,0.024447677657,0.0786812230945,0.00471645221114,0.138712704182,0.0658269375563,0.0988548249006,1.08983826637,-0.306895643473
553,1413393988.86,25,20503,0.000300790247028,0.000181649494155,0.000862386609741,0.00540472495811,0.00418029765584,0.0168564648014,0.00104637045694,0.000912983152391,0.00367929223871,45.8786817039,212.20310008,0.905985474586,25,25,-0.00141380238347,0.0244475733489,0.0786945894361,-0.00122137006838,0.134523168206,0.0645217224956,0.102732084692,1.16000270844,-0.212862282991
554,1413393989.01,25,20916,0.00031242069214,0.000180002788147,0.000860142931916,0.00546034358372,0.00419847553537,0.0168164362928,0.00106769211973,0.00098017682913,0.00366772520736,46.0568442877,211.473828009,0.918180763721,25,25,-0.00141114450525,0.0244510900229,0.0786520391703,-0.00228694849648,0.129119634628,0.0631792098284,0.175838798285,1.02754127979,0.0333670116961
555,1413393989.16,25,20848,0.000323727491727,0.000177596895486,0.000866241749157,0.0055253684817,0.00418783854549,0.0166693297855,0.0010834023746,0.000978333683963,0.00364470682641,46.8857287996,208.861443938,0.904306173325,25,25,-0.00141229585279,0.0244494155049,0.0786412283778,0.000790685648099,0.126333937049,0.0636247694492,0.284986704588,0.722641587257,0.316312611103
556,1413393989.31,25,20755,0.000331237178051,0.000242548348911,0.00113483608285,0.00593075837624,0.00569142193352,0.024335319499,0.00113670851841,0.00130338330664,0.00579789308449,45.0801577187,207.192795323,0.914363205433,25,25,-0.001427253359,0.0244386773556,0.0786031633615,0.00572320166975,0.125210985541,0.0639160498977,0.451202571392,0.331515669823,0.585720956326
557,1413393989.46,25,20701,0.000321610861188,0.00024261377929,0.00112093905422,0.00587708859887,0.00570533467191,0.0244143166606,0.00113675664997,0.00128149236425,0.00572323809779,43.7384454265,207.669820757,0.919408261776,25,25,-0.0014231482055,0.0244246050715,0.078581109643,0.0135491183028,0.119301810861,0.0652092248201,0.530575335026,0.212148934603,0.565077602863
558,1413393989.61,25,20857,0.000294313499311,0.000197738418814,0.000864193821407,0.00511923312405,0.00431917174256,0.0165069831324,0.000954917004179,0.000888281327272,0.00361428390438,43.6702357534,204.643933329,0.919868409634,25,25,-0.00140511454083,0.0244148224592,0.0786352679133,0.0109222540632,0.11840800941,0.0658637061715,0.491788774729,0.294686883688,0.334281295538
559,1413393989.86,25,20582,0.000295963508356,0.000203378242478,0.00086648913999,0.00517884474118,0.00442344139426,0.0164988963077,0.000995989791321,0.00094910177919,0.00361660804225,43.7408827941,205.055841022,0.9046702981,25,25,-0.00141984876245,0.0244011022151,0.0785993933678,0.0140312565491,0.12237598747,0.0642317980528,0.381470948458,0.426408410072,0.0134000787511
560,1413393990.01,25,20334,0.000281670321535,0.000213165637179,0.000863857569744,0.00526054401843,0.00465756905975,0.0164579516189,0.00112700542049,0.00138252575286,0.00617476881703,44.4800517385,204.909115286,0.915050983429,25,25,-0.00142785755452,0.0243950355798,0.0786055251956,0.0156489480287,0.124267138541,0.0665086507797,0.297727763653,0.438834756613,-0.110908932984
561,1413393990.16,25,19904,0.00031106701372,0.000242652543087,0.00104937622442,0.00609549918025,0.00639700330306,0.0261433684037,0.00137711902783,0.00195737584717,0.00866257003027,44.8988908557,204.756523224,0.895616531372,25,25,-0.00141807761975,0.0244164094329,0.0785978585482,0.020407890901,0.128645464778,0.0685696527362,0.159973680973,0.397658675909,-0.24030405283
562,1413393990.31,25,19958,0.000310466184802,0.00024180180211,0.00106095515623,0.00612625654031,0.00639147738888,0.0261966089866,0.00139956060039,0.00196641278732,0.00866420131209,44.7223718182,203.221127761,0.91909211874,25,25,-0.00143448961899,0.0244307667017,0.0786085799336,0.0185257717967,0.124296993017,0.071285828948,0.00900909211487,0.364046305418,-0.353630810976
563,1413393990.56,25,20007,0.000292962878423,0.000191263193441,0.000859345766344,0.00542046341394,0.00499851016458,0.0164712754792,0.00130635652939,0.00211319552077,0.0106370187674,44.6897229849,203.865116562,0.927101671696,25,25,-0.00140909512993,0.0244570765644,0.0785942524672,0.0186844654381,0.128174871206,0.0681410059333,-0.209568038583,0.244670465589,-0.269224315882
564,1413393990.71,25,20113,0.000296601719064,0.000189500720061,0.000863497122553,0.00544670907014,0.00494432992967,0.0164695166911,0.00130510915156,0.00210921945636,0.0106429403191,44.6244021883,203.7435937,0.915370225906,25,25,-0.00140561338048,0.0244401264936,0.0785895809531,0.0104806674644,0.133463904262,0.0695883631706,-0.299473464489,0.0602013319731,-0.20605455339
565,1413393990.91,25,19889,0.000285189912209,0.000186015901858,0.00086054994852,0.00525402491522,0.00475374823398,0.0164825240158,0.00119777470278,0.00171183699575,0.00834465922632,44.4555587605,203.636223943,0.921347141266,25,25,-0.00141957320739,0.0244328677654,0.0786007270217,0.00667413044721,0.130930900574,0.0722463130951,-0.140026777983,-0.35645827651,-0.0344226621091
566,1413393991.06,25,18786,0.000295393639961,0.000192144134595,0.000871251403735,0.00546487971619,0.00661073121121,0.0294035932032,0.000992354208158,0.00122889554963,0.00500891642369,40.7724887093,198.909598926,0.930048286915,25,25,-0.0014287577942,0.0244267210364,0.0785972252488,0.00458865007386,0.125871360302,0.0706041455269,0.169527128339,-0.632796823978,0.123451143503
567,1413393991.21,25,19015,0.00028863856977,0.000188938446583,0.000867804815803,0.0043063865898,0.00445408176876,0.0161184701654,0.000788677260435,0.000915166854114,0.00352692384432,39.7586053131,196.899657592,0.931452453136,25,25,-0.00140502571594,0.0244516693056,0.0785660147667,0.00738969724625,0.121092133224,0.0711674913764,0.39258992672,-0.605638206005,0.170038059354
568,1413393991.36,25,18878,0.000284325362756,0.00019262523344,0.000866552368619,0.00428647008999,0.00447354875537,0.0161221659711,0.00079134378756,0.000914293365529,0.0035333004032,39.5066738005,196.965928296,0.930650651455,25,25,-0.0013992106542,0.0244514923543,0.0785684585571,0.00455114291981,0.123493410647,0.0685626640916,0.411831468344,-0.303196281195,0.106113240123
569,1413393991.56,25,18919,0.000285367536339,0.000189003238155,0.000863423913251,0.00433169616469,0.00441587194557,0.0158831945191,0.000804868474815,0.000906708644947,0.00347896977983,38.0207818405,189.706365787,0.915979504585,25,25,-0.00142183562275,0.0244599655271,0.0785780325532,0.00430807704106,0.123387284577,0.0669601261616,0.230473980308,0.10186509788,0.0215713530779
570,1413393991.81,25,18409,0.0002802450554,0.000200367178011,0.000824372048052,0.00443563396703,0.00528522997307,0.0193791278938,0.000824053967262,0.00109127125747,0.00397709913773,35.0851959483,176.947522701,0.919611811638,25,25,-0.00141721428372,0.024480143562,0.0785536319017,0.0124952401966,0.116675637662,0.0589820668101,-0.0701020658016,-0.0210860557854,0.176665872335
571,1413393991.96,25,18124,0.000288424287645,0.000224525449236,0.000993784749243,0.00464693277751,0.00560655393473,0.0227859764433,0.000855062122689,0.00110971069108,0.00428083975658,33.4485070458,163.082819389,0.844716966152,25,25,-0.00139332260005,0.024479970336,0.0785306543112,0.0107765113935,0.119369439781,0.049879360944,-0.15897372365,-0.221247449517,0.341951698065
572,1413393992.11,25,18387,0.000322614441461,0.00031516375077,0.00161517501268,0.00477077484133,0.00517161126294,0.0200446827616,0.000917965634988,0.00117899463944,0.00474767476648,40.0814585787,241.920279447,0.880852758884,25,25,-0.00139465706889,0.0245058909059,0.0785312354565,0.00840719137341,0.120555400848,0.0508046969771,-0.197014644742,-0.12164670229,0.255731016397
573,1413393992.51,25,18311,0.000336749289448,0.000311951555419,0.00162137585479,0.00493848918609,0.00500567827771,0.0199646200018,0.000945171618379,0.00114994928591,0.00475274207537,40.2787038244,239.681669319,0.913385391235,25,25,-0.0014004240511,0.0244990196079,0.0785333365202,0.00608157552779,0.124177902937,0.0472481623292,-0.151421904564,-0.0147515526041,0.104249984026
574,1413393992.81,25,18106,0.00032080053256,0.000305617862314,0.00134118367672,0.00518451892146,0.00653159973841,0.0263909388728,0.00110331185659,0.00165423444278,0.00614926654462,33.9506367884,185.991967227,0.918116152287,25,25,-0.00140156561974,0.0245430041105,0.0785327702761,0.00223986036144,0.127991139889,0.042198497802,-0.249122545123,-0.132397592068,0.0142762027681
575,1413393993.26,25,18476,0.000352354316573,0.000339711892419,0.00179714440854,0.00510054342664,0.00612055532587,0.0288538143471,0.00111783352829,0.00186296597774,0.00925813685693,39.4995471103,312.593779828,0.836447536945,25,25,-0.00141922244802,0.0245438814163,0.0785172954202,-0.00767695577815,0.127108708024,0.0435249470174,-0.187408849597,0.2200178653,-0.0131781818345
576,1413393993.41,25,18232,0.000334286577418,0.000323673693329,0.00139214039368,0.00507293172243,0.00728347109095,0.0278644885195,0.00124266807218,0.00230791960543,0.0105888273892,32.4632510548,236.495449743,0.918112099171,25,25,-0.00140802329406,0.0245623700321,0.0784702822566,-0.0103642065078,0.126019731164,0.04671208933,-0.0201362334192,-0.0394850000739,0.102481931448
577,1413393993.61,25,18545,0.000334567078766,0.000323980420626,0.00167090380806,0.0048515492356,0.00717868277801,0.0381249231561,0.00130496328242,0.00338372718062,0.0176713270188,32.6364719044,320.072471349,0.847488045692,25,25,-0.00139988830779,0.024584338069,0.0784627050161,-0.00840173754841,0.129014626145,0.046696126461,0.280453562737,-0.395663291216,0.281824469566
578,1413393993.76,25,18142,0.000309619359043,0.000306386505701,0.0013195342624,0.0049532430094,0.00766932094007,0.0354326797674,0.00143330714769,0.00363428090111,0.0185021461337,27.1005977428,249.817936391,0.894118726254,25,25,-0.00139265006874,0.0245619099587,0.0784643217921,-0.00650768401101,0.129872173071,0.0527788363397,0.365903347731,-0.362984359264,0.202719047666
579,1413393993.96,25,17867,0.000312893946471,0.000302689064224,0.00133128361884,0.00495726334979,0.0076740454946,0.0354339648539,0.00143807764336,0.00363299856625,0.0185030608202,26.9257960666,249.709830311,0.932798683643,25,25,-0.00140292954165,0.0245524551719,0.0784970670938,-0.00900613237172,0.126967251301,0.0597696229815,0.301194578409,-0.042896617204,-0.214211940765
580,1413393994.31,25,17771,0.000306078988467,0.000206719230524,0.000904228456712,0.00448130140938,0.00633661016253,0.0341028336535,0.00129984549009,0.00348125527588,0.0182019118641,27.4938872747,234.505848385,0.922414958477,25,25,-0.00144534581341,0.0245118197054,0.0784774422646,-0.0103625403717,0.130577072501,0.0588442049921,-0.150805458426,0.892602562904,0.251486122608
581,1413393994.46,25,17702,0.000318805675495,0.000200187536233,0.000909824899577,0.0047265906715,0.00625801118893,0.0340067044212,0.00135024691203,0.00346031756487,0.0181546301658,29.0063615833,233.434629869,0.922553241253,25,25,-0.00146111566573,0.0245442334563,0.0784782171249,0.00400526029989,0.122360959649,0.0679774880409,-0.345890760422,0.998341798782,0.106203012168
582,1413393994.61,25,17051,0.000333711167756,0.000457214047671,0.00252053878998,0.00554849505361,0.0117098187482,0.0623247466293,0.000824262075384,0.00128443331762,0.00681731638454,16.5766111035,30.2301761484,0.163756147027,25,25,-0.00145924440585,0.0245594643056,0.078479975462,0.0142926815897,0.122729517519,0.0785283818841,-0.3803396523,0.882902145386,-0.21644949913
583,1413393994.76,25,17093,0.000350212537615,0.000473666991155,0.00260801274007,0.00595144250955,0.0120146584197,0.0640261894102,0.000888190095927,0.00125617303433,0.00653785102803,19.4174338164,38.7740718154,0.896203815937,25,25,-0.00144281529356,0.0245503019542,0.078450165689,0.0316161811352,0.120638437569,0.0976021140814,-0.251287728548,0.466570138931,-0.306794077158
584,1413393995.26,25,17605,0.000366836815582,0.000319341991897,0.00170355509313,0.00513867622091,0.0054790960038,0.0285904127936,0.00147159209119,0.00303735342977,0.0153435806535,32.6581725831,165.26538899,0.854848742485,25,25,-0.00148104690015,0.0245466381311,0.0784371569753,0.0429408065975,0.12635037303,0.0992972999811,0.194325983524,-0.263710767031,-0.32682493329
585,1413393995.51,25,17505,0.000397819355233,0.000347134544417,0.00166380614821,0.00538144116596,0.00540735962522,0.0285695873397,0.00154117577352,0.00301904058808,0.0153326268619,35.9554234107,165.133041437,0.615903556347,25,25,-0.00148648582399,0.0246358886361,0.0783973038197,0.0462254807353,0.128805726767,0.0918895602226,-0.017079718411,-0.359609305859,-0.282430738211
586,1413393995.66,25,16830,0.000399075382783,0.000467981847499,0.00238487698367,0.00638792894481,0.0121419241488,0.064607053249,0.000994569999073,0.00116860487271,0.00488036456605,25.2112005059,133.094972927,0.901662111282,25,25,-0.00149811175652,0.0246905107051,0.0784087926149,0.0306482538581,0.131610974669,0.0786260589957,-0.12597759068,-0.447224617004,-0.215543791652
587,1413393995.81,25,16957,0.000312331970053,0.000241636779978,0.00116079789926,0.00406482293349,0.00255142114369,0.0108506395904,0.000846749995707,0.000910533005614,0.00463978822233,25.9295590474,134.583736257,0.918715298176,25,25,-0.00153432541993,0.0246991477907,0.0783972516656,0.0258504319936,0.129051446915,0.074857018888,-0.210652172565,-0.443766176701,-0.173568114638
588,1413393995.96,25,16770,0.000401297349794,0.000502478989404,0.00246794569985,0.00659949776943,0.0119548266064,0.0636034745425,0.00110253773561,0.00122176489729,0.00472448515872,27.4026438778,139.754068026,0.857106506824,25,25,-0.00148770655505,0.0246718805283,0.0784060060978,0.0141132380813,0.132177039981,0.0654797554016,-0.308937579393,-0.391610652208,-0.163158759475
589,1413393996.11,25,16883,0.000311911281628,0.000277065956671,0.0011654058136,0.00423296869215,0.00278001545109,0.0107432211142,0.000958009921231,0.00105727082992,0.00459918729426,27.3672220086,142.31896668,0.905338704586,25,25,-0.00145783030894,0.0246863756329,0.0783865749836,0.00836639944464,0.131448805332,0.064095877111,-0.452317118645,-0.341536641121,-0.173614248633
590,1413393996.26,25,16852,0.00031022671511,0.000280294712105,0.00117219032634,0.0042386091787,0.00278391675899,0.0107820454857,0.000971478818194,0.00104315761631,0.00463010106306,27.2930433163,143.25776402,0.913004636765,25,25,-0.00147088861559,0.0246891994029,0.0784149691463,0.00161402660888,0.128156736493,0.0577772594988,-0.585907995701,-0.319825947285,-0.215709015727
591,1413393996.41,25,16871,0.000316272511975,0.000284428458872,0.00118965792324,0.00424798811261,0.0027701177914,0.0108996218717,0.000985285467844,0.00104749977701,0.00469772754849,27.6432457086,146.742907585,0.907901525497,25,25,-0.00148261431605,0.024695545435,0.0784404799342,0.000567160896026,0.124811120331,0.0559476353228,-0.670639693737,-0.339585483074,-0.288066416979
592,1413393996.61,25,16692,0.00031182951336,0.000277962263053,0.00117361171195,0.00421493509516,0.00268861673985,0.00986414293903,0.000990630285622,0.00106163045166,0.00427683982749,26.6641110425,146.048825154,0.899179399014,25,25,-0.00149939325638,0.0247319862247,0.0784604847431,0.000575322424993,0.124362789094,0.0561791360378,-0.656387269497,-0.354479521513,-0.469357788563
593,1413393996.81,25,16557,0.000405697032617,0.000474436771262,0.00234200136681,0.00667132748523,0.0117002284536,0.0624901348014,0.00123766381558,0.00158102771033,0.00721641349193,27.4673730485,148.269724564,0.901326179504,25,25,-0.00150441180449,0.0247224904597,0.0784463956952,-0.0061702542007,0.127719953656,0.0580182783306,-0.520880222321,-0.347060680389,-0.35790604353
594,1413393997.06,25,16727,0.000325180815242,0.000260802024051,0.00116397557975,0.00432252038584,0.00267110359263,0.00985902669794,0.0010919346079,0.00146436549593,0.00718759400064,26.7578269239,150.364915443,0.897244334221,25,25,-0.00147958146408,0.0247395373881,0.0784192159772,-0.0134031772614,0.12590482831,0.060694064945,-0.355932950974,-0.308207213879,-0.240121170878
595,1413393997.26,25,16718,0.000399907478299,0.000487322058822,0.00240082712698,0.00676529816406,0.0115829526385,0.0619449263698,0.00134165780508,0.00187228640729,0.0091312323965,27.0095032226,149.006026749,0.89939904213,25,25,-0.00148787500802,0.024736514315,0.0784277617931,-0.0211676824838,0.133709698915,0.0629130676389,-0.222928643227,-0.253095775843,-0.145316004753
596,1413393997.56,25,16893,0.000315796542427,0.000268702893757,0.00115817361825,0.00437980267194,0.00273110611388,0.0102003749987,0.00118150058354,0.00176693322368,0.00908847235381,26.3166843199,148.437903166,0.908923923969,25,25,-0.00148915115278,0.0247323941439,0.0783989951015,-0.0207918938249,0.137187466025,0.0694371312857,-0.171006768942,-0.165525600314,-0.441525399685
597,1413393997.71,25,17011,0.000305099291352,0.000265097721485,0.00115285744626,0.00425657124586,0.00280760581865,0.0107766651091,0.00122601683807,0.00212863426729,0.0111447258569,25.332067817,146.495306486,0.932649672031,25,25,-0.0015055811964,0.0247197411954,0.0784081667662,-0.0195250660181,0.1372846663,0.0713753849268,-0.163186818361,-0.102970503271,-0.35839509964
598,1413393997.86,25,16825,0.000394662197757,0.000522028868705,0.00252542039258,0.00672251836064,0.0117114711305,0.0615395035959,0.00163558300861,0.00328220323538,0.016797758745,25.8352855581,146.148344242,0.924778878689,25,25,-0.0014965981245,0.0247135460377,0.0784292295575,-0.0211186204106,0.135124906898,0.0693607926369,-0.153549209237,-0.0470023490489,-0.252111583948
599,1413393998.11,25,16752,0.000305019894972,0.000290857020352,0.00114638035664,0.00431927815988,0.00361206119873,0.0166107247791,0.00145828132904,0.00329713608142,0.0172031119565,24.8714248122,146.106133595,0.944181442261,25,25,-0.00150358490646,0.024716604501,0.0784397125244,-0.0279274079949,0.135769248009,0.0671816244721,-0.0984691977501,0.0537124797702,-0.158038765192
600,1413393998.46,25,16283,0.000398812862125,0.000492944701602,0.00239774864474,0.0067953678213,0.0116019368474,0.0609295928974,0.00185605305755,0.00412891186813,0.0212488091479,26.146051777,146.130829868,0.92744499445,25,25,-0.00151529477444,0.0247033685446,0.0784629881382,-0.0225613359362,0.139527410269,0.0655958428979,-0.0137411588803,0.201860696077,-0.020355515182
601,1413393998.91,25,16046,0.000396349730838,0.000488591029491,0.00235526347936,0.00682889079111,0.0116348530534,0.0611288613943,0.00186116641757,0.00414302578678,0.0213762887015,25.7748537154,144.534267007,0.947141110897,25,25,-0.00154444284271,0.0246710944921,0.0785256847739,-0.016514275223,0.142892181873,0.0658186301589,0.0165382120758,0.078912705183,-0.0847205817699
602,1413393999.11,25,15976,0.000315298119326,0.000279360837799,0.00114102360458,0.00463604884432,0.00347417744004,0.017500203299,0.00168749968756,0.00414807228513,0.0217466888901,25.5483930663,144.06610421,0.94702911377,25,25,-0.00150098570157,0.024680936709,0.0784808769822,-0.0164180956781,0.147385910153,0.0652343034744,-0.000827921263408,0.0451160334051,-0.132946804166
603,1413393999.26,25,15619,0.000307358851719,0.000272803535571,0.00112636236744,0.00537813757603,0.00547712966729,0.0275736949961,0.00131874179786,0.00268802182259,0.0142536425129,23.7847417941,142.115444377,0.95402598381,25,25,-0.0015156106092,0.024697618559,0.0785148218274,-0.014091167599,0.154350280762,0.0591258518398,0.0106063252315,0.094446234405,-0.180546432734
604,1413393999.41,25,15354,0.000310385834007,0.000277923002591,0.00111919034283,0.00551225691523,0.00519381458807,0.0264654903097,0.00134328988112,0.00268083808227,0.0142740544532,24.510873794,140.091534165,0.831415951252,25,25,-0.0015148621751,0.024701371789,0.0785283818841,-0.0230064783245,0.153492107987,0.0529228672385,0.0722023099661,0.11890950799,-0.170395582914
605,1413393999.56,25,15057,0.000316634504694,0.000275609763559,0.00111260531625,0.00566980201115,0.00517839537107,0.0266880873499,0.00138807610578,0.00263305282945,0.0140684834852,25.425932901,139.225021078,0.940019607544,25,25,-0.00151163164992,0.0246996525675,0.078508362174,-0.0340833812952,0.151071116328,0.0463268607855,0.127067819238,0.0742000490427,-0.140876322985
606,1413393999.66,25,14434,0.000307658351302,0.000339431325366,0.00142187064587,0.00476088757915,0.00343816693274,0.0179362959872,0.00127145779395,0.00243386421907,0.0129646841154,24.9551812459,137.72065512,0.969744563103,25,25,-0.00151915242895,0.0246956516057,0.0784919634461,-0.0410081036389,0.143861919641,0.0470166243613,0.167084276676,0.0143315456808,-0.10967554152
607,1413393999.76,25,14400,0.000312336230693,0.000339481465573,0.00143593203265,0.00477350176061,0.00344009560315,0.0178406463586,0.00130920104821,0.00254356251164,0.0135556538812,25.1794038371,137.84394656,0.968732357025,25,25,-0.00152485840954,0.0246808547527,0.0784973502159,-0.0419084690511,0.140168234706,0.0468563735485,0.176586821675,-0.0535372011364,-0.156738042831
608,1413393999.86,25,14596,0.000317881673295,0.000269047437345,0.00110164051467,0.00575313488652,0.00518346194405,0.0267109152865,0.00144462159857,0.00259788109734,0.0139436043836,25.7034859843,137.031862465,0.965200603008,25,25,-0.00152297248133,0.0246716868132,0.0784918144345,-0.035738363862,0.137313440442,0.0496650785208,0.170488759875,-0.111055992544,-0.257924795151
609,1413393999.96,10,6127,0.000190321361476,0.000174744900856,0.000663391483307,0.00321629414267,0.00204025860499,0.00675420690398,0.000621514339228,0.000475503798699,0.00136483315268,12.4307441374,42.5577404162,0.951279759407,10,10,-0.00150134938303,0.0246952939779,0.0784768015146,-0.0335738360882,0.134615138173,0.0482445992529,0.166967943311,-0.180970177054,-0.30801409483
610,1413394000.06,10,5901,0.000198368802886,0.000204104446102,0.00077205428754,0.00339866125008,0.00204149937331,0.00731422810612,0.000634092806247,0.000465842510007,0.00144629952945,13.2486890013,46.8993688915,0.938352108002,10,10,-0.00150013249367,0.0246974974871,0.0784762129188,-0.0301647819579,0.132796302438,0.0498214960098,0.0348014198244,0.0183563195169,0.038411475718
611,1413394000.16,10,5906,0.000204253038005,0.000228396823409,0.000852465376897,0.00354144567347,0.00224500710863,0.00752645856907,0.000681069663623,0.000484664941105,0.00159006042871,13.6286111045,49.2269962435,0.940350055695,10,10,-0.00150075100828,0.0246967244893,0.0784787535667,-0.0221436750144,0.141041770577,0.0530152432621,-0.0203121919185,0.0231720115989,0.188756421208
612,1413394000.26,10,5971,0.000216161462161,0.000236775475605,0.000886753439332,0.00348282841311,0.00226765954403,0.00731676727056,0.000697649303789,0.000467686875355,0.00135754598468,13.4183831616,46.4447971595,0.922418653965,10,10,-0.00150531216059,0.0246943030506,0.0784776732326,-0.0176812820137,0.142063289881,0.0527598299086,-0.0522589795291,0.0468459129333,-0.185087144375
613,1413394000.36,10,5845,0.000162059796515,0.000159727730567,0.000561937262112,0.00339509082924,0.00241545341487,0.0070921968917,0.000738604813541,0.000681771953053,0.00232371476878,12.8202219012,45.1198197178,0.940643310547,10,10,-0.00150080525782,0.0246860776097,0.078486867249,-0.0187891777605,0.138441279531,0.0515588186681,-0.0320851206779,-0.144271090627,0.0907884538174
614,1413394000.46,10,5636,0.000159627670657,0.000157567396564,0.000559876153336,0.00340894642405,0.00231001914062,0.00718251757891,0.000796477042559,0.000782702610945,0.00278404555966,12.7688927011,45.4061941763,0.954862356186,10,10,-0.00150432623923,0.0246853157878,0.0784852355719,-0.0157343503088,0.140980318189,0.0571343451738,0.0268730837852,0.0414435751736,-0.106491364539
615,1413394000.76,10,5437,0.000182895774879,0.000186434785364,0.000684371759719,0.00371352701515,0.00225086968215,0.00767314922342,0.00088677872352,0.000848721025309,0.00315163866454,14.0416187468,50.7842759464,0.946066200733,10,10,-0.00150150549598,0.0246870461851,0.0784867480397,-0.0136676616967,0.141076952219,0.0562155172229,0.00698819896206,-0.00108856125735,-0.0105833960697
616,1413394001.26,10,5145,0.00015178598192,0.000118164177189,0.000419598426788,0.00341398088878,0.002328943901,0.00740403475941,0.00078896854374,0.000718808689214,0.0025807372042,12.6365937528,47.3502814855,0.962762355804,10,10,-0.00150443415623,0.0246829707175,0.0784899964929,-0.00716967601329,0.14106477797,0.0661845654249,0.000605286157224,0.000283464760287,0.00103284313809
617,1413394001.76,25,13074,0.000298202099267,0.000266110708262,0.00104723963732,0.00457243201183,0.00360352030324,0.0186296916464,0.00196445500668,0.00420948031859,0.0202341370607,20.5746474328,88.1558329777,0.607295751572,25,25,-0.00150303309783,0.0246767885983,0.0784945711493,-0.00455010170117,0.140417128801,0.0686025619507,-0.00279593863524,0.00274168420583,0.00113486277405
618,1413394002.26,25,12472,0.000304386350717,0.000269793770375,0.000981608011516,0.00529100200505,0.00501309742342,0.0231481586593,0.00177252277905,0.00343656275916,0.0168336273611,19.6144208065,91.0862283793,0.967494189739,25,25,-0.00144359632395,0.0247405637056,0.0785592347383,0.00587583193555,0.142542108893,0.0735687240958,0.00411034282297,-0.00273017026484,0.000908316171262
619,1413394002.76,25,12022,0.000310813053575,0.000281142139137,0.00104249885591,0.00512795891031,0.00469947973554,0.0203454283599,0.00190344780588,0.00391425661464,0.0191622060988,17.4149039387,73.0725811433,0.965966582298,25,25,-0.00147938157897,0.0245934482664,0.0785990282893,0.00582484202459,0.145692363381,0.0644338876009,-0.000521082023624,-7.17058283044e-05,-0.00105990457814
620,1413394003.26,25,11447,0.000296180354665,0.000324337159105,0.00159123215864,0.0045408761069,0.00579173009807,0.0316114770606,0.00148567993518,0.00341962007701,0.0180271114695,16.0674797309,69.6682036812,0.987210392952,25,25,-0.00148353748955,0.0245660673827,0.0786511600018,0.00973108969629,0.145178332925,0.0650160014629,-3.84974409826e-05,-0.000603861582931,0.000418695795815
