1413393216555760384.000000 -0.000000028 0.000000015 -0.000000016 0.000000005 -0.000000005 0.000000032 1.000000000
1413393216605760512.000000 -0.000272455 0.001272882 -0.000500756 -0.000492542 -0.000496283 0.001036226 0.999999225
1413393216655760384.000000 -0.001464735 0.001748897 -0.000602367 -0.001351574 0.000691048 0.001054470 0.999998331
1413393216705760512.000000 -0.000201000 0.001153596 -0.000375815 -0.003403806 0.001428390 -0.001037006 0.999992669
1413393216755760384.000000 0.000414712 0.002094842 -0.002517473 -0.005711009 0.001889216 -0.002859424 0.999977887
1413393216805760512.000000 0.004172490 0.003075582 -0.006013825 -0.007592694 0.002338241 -0.005054848 0.999955714
1413393216855760384.000000 0.007457609 0.003561757 -0.008269698 -0.009231726 0.003583185 -0.006409457 0.999930441
1413393216905760512.000000 0.014466031 0.003428853 -0.011957142 -0.010930869 0.005524472 -0.008036338 0.999892771
1413393216955760384.000000 0.018818283 0.002217421 -0.015144944 -0.012964369 0.005882192 -0.010731195 0.999841154
1413393217005760512.000000 0.027207788 0.002086323 -0.020106161 -0.014366701 0.004839429 -0.012271782 0.999809802
1413393217055760384.000000 0.032905255 0.001124806 -0.026526583 -0.015036166 0.002988118 -0.012417687 0.999805391
1413393217105760512.000000 0.045966689 -0.000889549 -0.034204353 -0.015603693 0.001211551 -0.012644231 0.999797583
1413393217155760384.000000 0.058499962 -0.003712882 -0.042730879 -0.015912021 -0.000615935 -0.012119531 0.999799788
1413393217205760512.000000 0.069633305 -0.006598230 -0.052135102 -0.016221225 -0.001410193 -0.011932252 0.999796271
1413393217255760384.000000 0.079223417 -0.010555655 -0.060672540 -0.017185729 -0.000893719 -0.012734257 0.999770820
1413393217305760512.000000 0.088679850 -0.014851050 -0.070233248 -0.017883804 -0.001672018 -0.013671228 0.999745250
1413393217355760384.000000 0.095398985 -0.020037714 -0.079486594 -0.017631490 -0.002615171 -0.013635022 0.999748170
1413393217405760512.000000 0.101583600 -0.027491685 -0.085497811 -0.018479392 -0.003840527 -0.014048098 0.999723196
1413393217455760384.000000 0.106194116 -0.034710668 -0.095339425 -0.018746400 -0.004975382 -0.014111169 0.999712348
1413393217505760512.000000 0.109430537 -0.042652782 -0.104446001 -0.018702703 -0.005294473 -0.014684186 0.999703288
1413393217555760384.000000 0.113059722 -0.050268680 -0.114117347 -0.019203695 -0.005319966 -0.014713451 0.999693215
1413393217605760512.000000 0.114891633 -0.058442552 -0.124665178 -0.019135330 -0.005081781 -0.015349245 0.999686182
1413393217655760384.000000 0.117352478 -0.068905778 -0.135731205 -0.018750554 -0.005251161 -0.015437622 0.999691248
1413393217705760512.000000 0.119067110 -0.081354000 -0.143594027 -0.019544991 -0.005057700 -0.015352380 0.999678373
1413393217755760384.000000 0.125069484 -0.090078205 -0.157577276 -0.018579196 -0.004858119 -0.015370472 0.999697506
1413393217805760512.000000 0.131107345 -0.102340370 -0.170843199 -0.018299554 -0.004910092 -0.014778448 0.999711335
1413393217855760384.000000 0.139764413 -0.114476457 -0.185089931 -0.018067181 -0.005146092 -0.013682857 0.999729991
1413393217905760512.000000 0.146912128 -0.129514337 -0.198887751 -0.017627381 -0.004549051 -0.013260506 0.999746382
1413393217955760384.000000 0.156252652 -0.150367960 -0.208922371 -0.018508902 -0.003735633 -0.012904937 0.999738514
1413393218005760512.000000 0.167089611 -0.163874239 -0.226162732 -0.017813534 -0.004280291 -0.011695534 0.999763787
1413393218055760384.000000 0.174994171 -0.180116504 -0.240873620 -0.016559398 -0.003579783 -0.008193966 0.999822974
1413393218105760512.000000 0.182519570 -0.194143698 -0.258236319 -0.015071841 -0.004330438 -0.004331773 0.999867678
1413393218155760384.000000 0.187732488 -0.213715300 -0.270819902 -0.013635318 -0.004617144 0.001966868 0.999894440
1413393218205760512.000000 0.186383069 -0.232717752 -0.278868318 -0.011174446 -0.003625253 0.008458032 0.999895275
1413393218255760384.000000 0.185250938 -0.245756969 -0.293039054 -0.008733395 -0.004440894 0.016024876 0.999823570
1413393218305760512.000000 0.182369545 -0.261138648 -0.306909978 -0.006991911 -0.006035754 0.021888925 0.999717772
1413393218355760384.000000 0.178312898 -0.276892990 -0.319499463 -0.006836339 -0.006510154 0.021524660 0.999723792
1413393218405760512.000000 0.173709258 -0.288407594 -0.333167642 -0.009021588 -0.005874857 0.016985284 0.999797761
1413393218455760384.000000 0.165754467 -0.303299338 -0.341613263 -0.011647496 -0.005600963 0.011163487 0.999854207
1413393218505760512.000000 0.157479092 -0.311111510 -0.356071532 -0.013065062 -0.004639429 0.005307919 0.999889851
1413393218555760384.000000 0.149560556 -0.323035121 -0.369601071 -0.015808549 -0.004060873 -0.000144871 0.999866843
1413393218605760512.000000 0.142839402 -0.335418165 -0.382569581 -0.017174724 -0.003008431 -0.004373912 0.999838412
1413393218655760384.000000 0.135052010 -0.346483469 -0.394742459 -0.017726824 -0.002114999 -0.007049843 0.999815822
1413393218705760512.000000 0.128022924 -0.359682798 -0.408013314 -0.018576989 -0.002137853 -0.007365199 0.999798000
1413393218755760384.000000 0.123618729 -0.370224804 -0.424534202 -0.018290835 -0.004499354 -0.008847767 0.999783456
1413393218805760512.000000 0.116023421 -0.381856263 -0.440350711 -0.017544078 -0.009725557 -0.007328360 0.999772012
1413393218855760384.000000 0.111308001 -0.395211071 -0.454900980 -0.016662473 -0.018526906 -0.002249509 0.999687016
1413393218905760512.000000 0.103312254 -0.407596022 -0.470831692 -0.014985400 -0.026853869 0.001591417 0.999525785
1413393218955760384.000000 0.095707998 -0.425177276 -0.481289744 -0.014564949 -0.033479661 0.004600628 0.999322712
1413393219005760512.000000 0.090833411 -0.438335776 -0.493511230 0.014526881 0.038065016 -0.006986431 -0.999145269
1413393219055760384.000000 0.089932509 -0.450587928 -0.506866693 0.013429465 0.040568240 -0.008880708 -0.999047041
1413393219105760512.000000 0.089793347 -0.474882126 -0.511268735 -0.014389396 -0.040239230 0.009602793 0.999040365
1413393219155760384.000000 0.090628415 -0.486155152 -0.520702958 0.014102709 0.038971528 -0.010200487 -0.999088764
1413393219205760512.000000 0.092432722 -0.496998519 -0.528888941 0.013358316 0.038097013 -0.010256262 -0.999132156
1413393219255760384.000000 0.095560357 -0.507178962 -0.536044657 0.012592280 0.036252741 -0.009895851 -0.999214351
1413393219305760512.000000 0.099639133 -0.516687691 -0.542142928 0.011896491 0.034921966 -0.009794885 -0.999271214
1413393219355760384.000000 0.104116946 -0.525687039 -0.547033310 0.011035655 0.034596860 -0.009771601 -0.999292731
1413393219405760512.000000 0.108929068 -0.534187794 -0.550766230 0.009881539 0.033862650 -0.010972857 -0.999317408
1413393219455760384.000000 0.112824708 -0.541917682 -0.553171575 0.009685415 0.032528352 -0.010704703 -0.999366581
1413393219505760512.000000 0.114373997 -0.549070477 -0.554033279 0.009548819 0.031204127 -0.010369264 -0.999413669
1413393219555760384.000000 0.115527458 -0.558067441 -0.559512019 -0.009161492 -0.029179914 0.010427299 0.999477804
1413393219605760512.000000 0.116356626 -0.563664377 -0.557487726 0.009169579 0.027159842 -0.009867189 -0.999540329
1413393219655760384.000000 0.118117690 -0.568688393 -0.554914892 0.008626846 0.024487333 -0.009897145 -0.999614000
1413393219705760512.000000 0.122116677 -0.573147893 -0.552430928 0.008668738 0.021147406 -0.008835335 -0.999699771
1413393219755760384.000000 0.129107326 -0.577009082 -0.550205588 0.008882685 0.017484941 -0.007316074 -0.999780893
1413393219805760512.000000 0.139470071 -0.580687225 -0.549543738 0.009637694 0.013850588 -0.004113645 -0.999849200
1413393219855760384.000000 0.152904913 -0.584341586 -0.549981356 0.009966879 0.012662299 -0.003143352 -0.999865294
1413393219905760512.000000 0.169053152 -0.587858319 -0.552458942 0.010291281 0.010933687 -0.001460731 -0.999886215
1413393219955760384.000000 0.186018646 -0.591514587 -0.555378377 0.010839078 0.009317284 0.000676186 -0.999897718
1413393220005760512.000000 0.202027544 -0.597098291 -0.558477581 -0.011041858 -0.007820493 -0.001411650 0.999907494
1413393220055760384.000000 0.215150282 -0.600544989 -0.560849845 0.011481415 0.006222344 0.002264851 -0.999912202
1413393220105760512.000000 0.226153433 -0.604162872 -0.563628852 0.011791298 0.005495176 0.002507429 -0.999912262
1413393220155760384.000000 0.236571938 -0.607922077 -0.566532075 0.012133817 0.004900846 0.003090947 -0.999909639
1413393220205760512.000000 0.247316509 -0.611879051 -0.569773853 0.012368385 0.004053817 0.004192213 -0.999906540
1413393220255760384.000000 0.258277178 -0.616054118 -0.573320746 0.012656365 0.003441194 0.003887520 -0.999906421
1413393220305760512.000000 0.269568801 -0.620555580 -0.577243626 0.013226654 0.002849577 0.005194963 -0.999894977
1413393220355760384.000000 0.280890346 -0.625412345 -0.581439435 0.012985916 0.002306313 0.004914598 -0.999900997
1413393220405760512.000000 0.294075400 -0.630715787 -0.575336814 -0.013584932 -0.002570485 -0.004811593 0.999892831
1413393220455760384.000000 0.305488706 -0.636293769 -0.580277085 0.013722415 0.003426328 0.004939943 -0.999887824
1413393220505760512.000000 0.316364557 -0.642153978 -0.585481584 0.013562765 0.005698390 0.004409284 -0.999882102
1413393220555760384.000000 0.325651884 -0.648085415 -0.590658724 0.013823197 0.007814338 0.003464558 -0.999867976
1413393220605760512.000000 0.332389772 -0.654223680 -0.595179081 0.014055101 0.008949175 0.003095409 -0.999856412
1413393220655760384.000000 0.336386859 -0.660349905 -0.598402023 0.013756135 0.008156681 0.003224867 -0.999866962
1413393220705760512.000000 0.337660432 -0.666380584 -0.600850523 0.013921581 0.007509135 0.002002702 -0.999872983
1413393220755760384.000000 0.335742533 -0.672508359 -0.602102458 0.013064587 0.007920706 -0.001114096 -0.999882698
1413393220805760512.000000 0.332587153 -0.678330183 -0.603082597 0.011121539 0.010626886 -0.005331567 -0.999867499
1413393220855760384.000000 0.334883809 -0.683704376 -0.603021622 -0.010400502 -0.012325651 0.010272140 0.999817193
1413393220905760512.000000 0.335772067 -0.688735545 -0.605403841 0.009380297 0.013588380 -0.012896413 -0.999780536
1413393220955760384.000000 0.340061128 -0.693136692 -0.608386815 0.008830360 0.014889391 -0.014182098 -0.999749601
1413393221005760512.000000 0.346896678 -0.696354210 -0.612290740 0.010499938 0.014346048 -0.014099757 -0.999742568
1413393221055760384.000000 0.355898380 -0.698987782 -0.616246641 0.011234801 0.014941559 -0.013597630 -0.999732792
1413393221105760512.000000 0.366310120 -0.700904369 -0.620250463 0.011588315 0.016101407 -0.013280204 -0.999715090
1413393221155760384.000000 0.377544791 -0.702059567 -0.624450147 0.013008180 0.016582593 -0.012881865 -0.999694943
1413393221205760512.000000 0.389611691 -0.702830195 -0.628540039 0.014039087 0.018262662 -0.011509508 -0.999668419
1413393221255760384.000000 0.402452469 -0.703049898 -0.632466495 0.014311127 0.019697322 -0.011184564 -0.999641001
1413393221305760512.000000 0.430030257 -0.704475641 -0.647490084 -0.016171969 -0.022998480 0.009011729 0.999564111
1413393221355760384.000000 0.443849176 -0.703788817 -0.650689721 -0.016626019 -0.025045792 0.008559562 0.999511421
1413393221405760512.000000 0.456930697 -0.701602101 -0.652129829 0.017021285 0.026760045 -0.006808910 -0.999473751
1413393221455760384.000000 0.471049815 -0.699700713 -0.653359294 0.018303517 0.027351638 -0.004437208 -0.999448478
1413393221505760512.000000 0.483437330 -0.697809279 -0.653311253 0.018689161 0.028246464 -0.002890014 -0.999422073
1413393221555760384.000000 0.493128419 -0.695974231 -0.651702583 0.019658735 0.029162832 0.000337208 -0.999381363
1413393221605760512.000000 0.501425385 -0.694443405 -0.648639083 0.020416856 0.029035144 0.002535183 -0.999366701
1413393221655760384.000000 0.509720802 -0.693484128 -0.644863367 0.020438012 0.028221209 0.004141834 -0.999384224
1413393221705760512.000000 0.518742859 -0.692921877 -0.640919983 0.020341171 0.024376167 0.005081106 -0.999483049
1413393221755760384.000000 0.536685109 -0.697824717 -0.650743783 -0.020216824 -0.020738501 -0.005916624 0.999563038
1413393221805760512.000000 0.546279192 -0.698434293 -0.646826923 -0.019039068 -0.016813217 -0.006293394 0.999657631
1413393221855760384.000000 0.555865347 -0.698025942 -0.641839087 0.018643526 0.014342719 0.007207364 -0.999697328
1413393221905760512.000000 0.565483749 -0.698489368 -0.637368977 0.017932571 0.012950677 0.006522499 -0.999734104
1413393221955760384.000000 0.574494302 -0.699739873 -0.631392598 0.016336648 0.011140734 0.005665740 -0.999788463
1413393222005760512.000000 0.581401348 -0.700669408 -0.626284420 0.015922599 0.011044666 0.005435789 -0.999797463
1413393222055760384.000000 0.585504889 -0.701754928 -0.620553553 0.015276893 0.010274017 0.004973607 -0.999818206
1413393222105760512.000000 0.586878419 -0.703188300 -0.614253581 0.013685272 0.009458725 0.004377272 -0.999852121
1413393222155760384.000000 0.585481942 -0.704603970 -0.607048690 0.013161640 0.009337380 0.004825097 -0.999858201
1413393222205760512.000000 0.580510080 -0.706180930 -0.600365758 0.012697951 0.009541188 0.005063117 -0.999861121
1413393222255760384.000000 0.567338467 -0.705455124 -0.600760877 -0.011543045 -0.010707785 -0.004839280 0.999864399
1413393222305760512.000000 0.557321012 -0.706877589 -0.593248487 -0.011310373 -0.013652805 -0.005399126 0.999828339
1413393222355760384.000000 0.548339605 -0.708106399 -0.584490716 0.011194659 0.018604929 0.005409218 -0.999749660
1413393222405760512.000000 0.539414406 -0.709813833 -0.576380610 0.010238443 0.023763115 0.005126952 -0.999652088
1413393222455760384.000000 0.531901300 -0.711570740 -0.568270385 0.010573940 0.027798628 0.006802395 -0.999534488
1413393222505760512.000000 0.525638819 -0.713635743 -0.559959590 0.009867820 0.031123629 0.005796179 -0.999450088
1413393222555760384.000000 0.521605790 -0.715983331 -0.551775634 0.008189234 0.032590065 0.003516623 -0.999429166
1413393222605760512.000000 0.519459844 -0.718188047 -0.543494165 0.007733564 0.034039546 0.003179354 -0.999385536
1413393222655760384.000000 0.519736588 -0.720434666 -0.534849167 0.007034490 0.035944141 0.002631443 -0.999325633
1413393222705760512.000000 0.522873044 -0.722688079 -0.525676847 0.006713160 0.035820559 0.004348411 -0.999326289
1413393222755760384.000000 0.521443844 -0.724182725 -0.513617396 -0.005788828 -0.037008166 -0.003080131 0.999293506
1413393222805760512.000000 0.528548419 -0.726688385 -0.503304064 -0.005194745 -0.039209329 -0.002859065 0.999213517
1413393222855760384.000000 0.539045751 -0.728570282 -0.493450761 0.004332211 0.041649155 0.002701422 -0.999119282
1413393222905760512.000000 0.551425457 -0.730963528 -0.482437551 0.002928022 0.042952109 0.001897408 -0.999071062
1413393222955760384.000000 0.565806627 -0.733319998 -0.470559388 0.001732865 0.045105055 0.002222336 -0.998978257
1413393223005760512.000000 0.582037270 -0.735695362 -0.457875401 0.001032117 0.043780744 0.003835955 -0.999033272
1413393223055760384.000000 0.597631633 -0.738839984 -0.439997733 0.000111734 -0.041009769 -0.004126795 0.999150276
1413393223105760512.000000 0.614771366 -0.741015077 -0.425297230 0.001193944 -0.038677137 -0.003997053 0.999243140
1413393223155760384.000000 0.632095933 -0.742451072 -0.409729242 -0.001340842 0.036893159 0.005919835 -0.999300778
1413393223205760512.000000 0.649642348 -0.744211555 -0.393138200 -0.001636957 0.034821488 0.008641654 -0.999354839
1413393223255760384.000000 0.666496694 -0.747023106 -0.373905957 0.001490779 -0.033529535 -0.010460434 0.999381959
1413393223305760512.000000 0.682525039 -0.749247611 -0.355200231 0.001946732 -0.031600613 -0.010627824 0.999442220
1413393223355760384.000000 0.695314586 -0.751808167 -0.333891094 -0.002044496 0.030304004 0.011804866 -0.999468923
1413393223405760512.000000 0.713456988 -0.759813249 -0.303877532 0.001580715 -0.029109759 -0.012272619 0.999499619
1413393223455760384.000000 0.717069924 -0.762492955 -0.279247463 0.001252418 -0.026557047 -0.013559586 0.999554574
1413393223505760512.000000 0.715707421 -0.765655458 -0.253348529 -0.000950969 0.023226455 0.014121879 -0.999630034
1413393223555760384.000000 0.712415159 -0.769372463 -0.224097580 0.000687200 -0.019850612 -0.013735948 0.999708414
1413393223605760512.000000 0.703312278 -0.772708654 -0.195471764 -0.000270782 -0.016454244 -0.013971605 0.999767005
1413393223655760384.000000 0.690859199 -0.775923550 -0.166800708 0.001622224 0.013965085 0.014269008 -0.999799371
1413393223705760512.000000 0.677978873 -0.779642224 -0.138198182 0.003178628 0.012712026 0.013774762 -0.999819279
1413393223755760384.000000 0.675896764 -0.786556005 -0.105336696 -0.005034740 -0.012274503 -0.013576437 0.999819815
1413393223805760512.000000 0.669413626 -0.791804016 -0.078854769 -0.006593776 -0.010762841 -0.012517506 0.999842048
1413393223855760384.000000 0.666273117 -0.797224820 -0.053499177 0.008308844 0.012343594 0.012017475 -0.999817133
1413393223905760512.000000 0.665945768 -0.803471804 -0.029585399 0.010943947 0.012116266 0.012951215 -0.999782860
1413393223955760384.000000 0.669928491 -0.810591757 -0.006651853 0.012604798 0.012415025 0.012687879 -0.999763012
1413393224005760512.000000 0.680027246 -0.819648147 0.016518468 -0.014119726 -0.011580447 -0.012179575 0.999759078
1413393224055760384.000000 0.686471164 -0.828107953 0.038782075 -0.015416159 -0.012402020 -0.010526403 0.999748886
1413393224105760512.000000 0.691664159 -0.837021410 0.061042655 0.016420010 0.011136751 0.009671704 -0.999756396
1413393224155760384.000000 0.694223762 -0.846310973 0.083168805 0.017548487 0.010495381 0.009415406 -0.999746680
1413393224205760512.000000 0.695104301 -0.858240128 0.109165415 -0.018488204 -0.009275785 -0.008888382 0.999746561
1413393224255760384.000000 0.693281412 -0.868314445 0.131904557 -0.019600032 -0.007969725 -0.009907357 0.999727130
1413393224305760512.000000 0.688807607 -0.879001737 0.154189751 0.020062858 0.006137280 0.009597133 -0.999733865
1413393224355760384.000000 0.682577789 -0.890357673 0.179018363 -0.020649996 -0.005521933 -0.009841627 0.999723077
1413393224405760512.000000 0.672538996 -0.901192486 0.202928990 -0.022605414 -0.005346645 -0.008475697 0.999694288
1413393224455760384.000000 0.660507262 -0.912259698 0.227523565 0.025051525 0.003880556 0.005900598 -0.999661207
1413393224505760512.000000 0.646293640 -0.923445106 0.252108753 0.028678829 0.003052267 0.002544762 -0.999580860
1413393224555760384.000000 0.628960073 -0.937660038 0.288470179 -0.033079904 -0.002794927 0.003409884 0.999443054
1413393224605760512.000000 0.612286031 -0.948765278 0.312694460 -0.038439900 -0.001164966 0.008729571 0.999222100
1413393224655760384.000000 0.596272647 -0.959742963 0.336301178 0.044703599 0.000325425 -0.014934745 -0.998888612
1413393224705760512.000000 0.580722392 -0.970859706 0.360646486 -0.051307168 -0.002467344 0.020690395 0.998465598
1413393224755760384.000000 0.565241456 -0.980964601 0.380557358 -0.057964787 -0.004392800 0.026711181 0.997951627
1413393224805760512.000000 0.548115969 -0.991034806 0.404515386 -0.066110812 -0.006454651 0.030838758 0.997314811
1413393224855760384.000000 0.534783065 -1.000084519 0.420433491 -0.073652923 -0.008487626 0.035591669 0.996612489
1413393224905760512.000000 0.525183022 -1.008537650 0.435277849 0.079714276 0.008866268 -0.038288236 -0.996042669
1413393224955760384.000000 0.512643337 -1.017888546 0.461622000 -0.085878558 -0.010797841 0.041235223 0.995393395
1413393225005760512.000000 0.508898199 -1.025338888 0.472887129 -0.090792418 -0.012304663 0.041410074 0.994932473
1413393225055760384.000000 0.508289218 -1.032458901 0.485639960 0.094727397 0.014094916 -0.040398739 -0.994583368
1413393225105760512.000000 0.510976434 -1.038614988 0.497492492 0.098499283 0.014943226 -0.040108666 -0.994216323
1413393225155760384.000000 0.507509708 -1.045273423 0.515131831 -0.101370797 -0.014820528 0.039412927 0.993957281
1413393225205760512.000000 0.509829938 -1.050778985 0.527236640 -0.102397792 -0.015889859 0.040955845 0.993773043
1413393225255760384.000000 0.512385130 -1.055764437 0.540439069 0.104488559 0.016750013 -0.040513236 -0.993559420
1413393225305760512.000000 0.510030329 -1.061219811 0.555763781 -0.106528975 -0.017569883 0.041564383 0.993285179
1413393225355760384.000000 0.513824463 -1.064830661 0.568572700 -0.110072799 -0.017478893 0.042531095 0.992859364
1413393225405760512.000000 0.514727056 -1.068951249 0.586346328 -0.114687577 -0.018495297 0.046985809 0.992117465
1413393225455760384.000000 0.519759297 -1.071111321 0.599898756 -0.120332189 -0.019392522 0.051364724 0.991214335
1413393225505760512.000000 0.525319338 -1.072284341 0.613314390 0.127858490 0.018226955 -0.057725582 -0.989943326
1413393225555760384.000000 0.529033005 -1.072885871 0.625716329 -0.137123078 -0.019046959 0.064033151 0.988298655
1413393225605760512.000000 0.535263360 -1.071779013 0.638363481 -0.147437617 -0.019022351 0.070679098 0.986359358
1413393225655760384.000000 0.541582108 -1.069386125 0.650157988 0.159298941 0.017582605 -0.076631829 -0.984094679
1413393225705760512.000000 0.548150778 -1.065408349 0.661070168 -0.172952756 -0.016723167 0.081385426 0.981419504
1413393225755760384.000000 0.556067705 -1.060399175 0.671670318 -0.187563732 -0.015939159 0.083362430 0.978578866
1413393225805760512.000000 0.563804984 -1.054082036 0.681091368 0.203092411 0.014729710 -0.084698983 -0.975378215
1413393225855760384.000000 0.570853710 -1.047127604 0.689833760 0.220056966 0.014063139 -0.084020257 -0.971760213
1413393225905760512.000000 0.582076669 -1.038893819 0.703375399 -0.236589670 -0.013126495 0.083462223 0.967929304
1413393225955760384.000000 0.580221891 -1.031156898 0.714233935 -0.253164858 -0.013151625 0.081955567 0.963855803
1413393226005760512.000000 0.574698567 -1.023417950 0.726316929 0.269034505 0.011917107 -0.081232250 -0.959624767
1413393226055760384.000000 0.566755772 -1.016024947 0.739057362 0.283742100 0.010291167 -0.083070680 -0.955240250
1413393226105760512.000000 0.558586061 -1.009549975 0.751772881 0.296228409 0.008904635 -0.087057196 -0.951099634
1413393226155760384.000000 0.551815510 -1.003521681 0.764670730 0.307413042 0.006731536 -0.092071198 -0.947087526
1413393226205760512.000000 0.556975186 -0.998555779 0.783657610 -0.318237573 -0.006392452 0.096898451 0.943024278
1413393226255760384.000000 0.556438744 -0.993392646 0.795029223 -0.326280981 -0.005929878 0.102534644 0.939676642
1413393226305760512.000000 0.558533549 -0.988286972 0.807170570 0.333370864 0.005459860 -0.107549563 -0.936625421
1413393226355760384.000000 0.561841905 -0.983431935 0.818158567 0.338181138 0.006643934 -0.114253648 -0.934096098
1413393226405760512.000000 0.565349460 -0.978438139 0.828792453 0.342664152 0.009889579 -0.118653663 -0.931882441
1413393226455760384.000000 0.568865776 -0.973635495 0.840389132 0.345784068 0.013531459 -0.124036342 -0.929981351
1413393226505760512.000000 0.569588900 -0.968110204 0.852749646 0.348162353 0.017205833 -0.128353789 -0.928446174
1413393226555760384.000000 0.569268823 -0.962104976 0.866169572 0.349801749 0.019483862 -0.131989121 -0.927274525
1413393226605760512.000000 0.568520188 -0.955653667 0.880710661 0.351233572 0.021851940 -0.135169476 -0.926221788
1413393226655760384.000000 0.566302955 -0.947971940 0.895290554 0.352970570 0.022956302 -0.135878280 -0.925430715
1413393226705760512.000000 0.565799236 -0.940261543 0.917522430 -0.356113344 -0.023561973 0.130978361 0.924917758
1413393226755760384.000000 0.565293789 -0.930968463 0.932758391 -0.359036028 -0.021883639 0.125249043 0.924622595
1413393226805760512.000000 0.565787494 -0.919213355 0.948765934 0.361103803 0.021940626 -0.119427487 -0.924586296
1413393226855760384.000000 0.566748023 -0.908192158 0.965171099 0.362007082 0.021803821 -0.115213707 -0.924770951
1413393226905760512.000000 0.568538368 -0.897077978 0.981973708 0.363177061 0.022697551 -0.110522188 -0.924863338
1413393226955760384.000000 0.570383668 -0.886462808 0.999328732 0.363224924 0.023482738 -0.108253308 -0.925093174
1413393227005760512.000000 0.573217630 -0.875970960 1.017293096 0.362837732 0.023884520 -0.106516019 -0.925436437
1413393227055760384.000000 0.575155675 -0.866551518 1.035496950 0.362301499 0.023203997 -0.106287390 -0.925690174
1413393227105760512.000000 0.578880250 -0.856911898 1.054330230 0.361591756 0.021202058 -0.106273912 -0.926017225
1413393227155760384.000000 0.582862258 -0.847680807 1.073414445 0.360379487 0.019037502 -0.108360954 -0.926294863
1413393227205760512.000000 0.576722205 -0.840909660 1.095778346 -0.359095693 -0.016219717 0.110134043 0.926637888
1413393227255760384.000000 0.581858754 -0.832201600 1.114978671 -0.357362986 -0.013046419 0.114163801 0.926870048
1413393227305760512.000000 0.587970674 -0.823034525 1.134037137 0.356653184 0.012662982 -0.116464861 -0.926862538
1413393227355760384.000000 0.594373763 -0.814200461 1.152869821 0.356364757 0.011340933 -0.117852859 -0.926815152
1413393227405760512.000000 0.600597024 -0.805356026 1.171571732 0.355904043 0.011781173 -0.119962245 -0.926716030
1413393227455760384.000000 0.606978536 -0.796376705 1.189985514 0.355587631 0.011624697 -0.122181326 -0.926549613
1413393227505760512.000000 0.613479972 -0.787205875 1.208125710 0.355613798 0.011315422 -0.123216100 -0.926406264
1413393227555760384.000000 0.620151997 -0.777594090 1.225803614 0.356870890 0.009726333 -0.124736115 -0.925737262
1413393227605760512.000000 0.626653910 -0.767622650 1.243145943 0.359072238 0.008129765 -0.126915142 -0.924604595
1413393227655760384.000000 0.625970066 -0.758899689 1.264987350 -0.363062173 -0.007000703 0.128463790 0.922840118
1413393227705760512.000000 0.631461978 -0.747970641 1.281001806 -0.367974728 -0.007152842 0.131055340 0.920525908
1413393227755760384.000000 0.635681033 -0.737115860 1.295834303 0.373939425 0.006570539 -0.133972779 -0.917702258
1413393227805760512.000000 0.639925241 -0.725634217 1.310168266 0.380921006 0.006669994 -0.135881335 -0.914544225
1413393227855760384.000000 0.643456459 -0.713830769 1.323884487 0.388288170 0.004868560 -0.140687123 -0.910722673
1413393227905760512.000000 0.646711588 -0.701549113 1.337085843 0.396705687 0.004130294 -0.144029811 -0.906566560
1413393227955760384.000000 0.649825335 -0.688833416 1.349407554 0.405921221 0.002170363 -0.147507191 -0.901922882
1413393228005760512.000000 0.652052164 -0.675556898 1.360672355 0.416191846 0.001175689 -0.151816741 -0.896512508
1413393228055760384.000000 0.655738115 -0.657198668 1.380165339 -0.427925944 -0.000446121 0.154414117 0.890525401
1413393228105760512.000000 0.657226861 -0.643190145 1.390144587 -0.438811690 0.000237581 0.158422828 0.884503484
1413393228155760384.000000 0.658084273 -0.628651977 1.399994254 0.450623780 0.001019287 -0.161074489 -0.878061652
1413393228205760512.000000 0.658955574 -0.613887668 1.409025788 0.461066097 0.002119069 -0.164857253 -0.871914983
1413393228255760384.000000 0.659998894 -0.598760605 1.417461276 0.470806569 0.003878177 -0.165908158 -0.866487622
1413393228305760512.000000 0.661318898 -0.583413184 1.425577521 0.479638636 0.005044805 -0.167233333 -0.861367702
1413393228355760384.000000 0.663268447 -0.567650557 1.433314800 0.487721801 0.005882702 -0.168049678 -0.856651723
1413393228405760512.000000 0.665568411 -0.551354349 1.440620542 0.496274531 0.006781326 -0.168820530 -0.851566374
1413393228455760384.000000 0.672734499 -0.528708160 1.455790520 -0.505308211 -0.006644348 0.170834631 0.845833957
1413393228505760512.000000 0.675526440 -0.512078166 1.462645888 -0.513336122 -0.004837953 0.171701580 0.840821743
1413393228555760384.000000 0.678367138 -0.495461226 1.470210314 0.521217108 0.003628186 -0.173295632 -0.835636377
1413393228605760512.000000 0.680584431 -0.478898406 1.477285981 0.528650284 0.004059494 -0.175828382 -0.830419719
1413393228655760384.000000 0.683134496 -0.462495565 1.484440327 0.534166336 0.003684487 -0.178829446 -0.826240242
1413393228705760512.000000 0.685884714 -0.446138263 1.491461158 0.539267004 0.004948520 -0.180404127 -0.822569788
1413393228755760384.000000 0.688915193 -0.429803967 1.498574495 0.543051422 0.005761230 -0.182768658 -0.819547236
1413393228805760512.000000 0.694600761 -0.410019875 1.510875106 -0.544991910 -0.007572361 0.187340602 0.817208648
1413393228855760384.000000 0.696856201 -0.392601490 1.518804789 -0.546307266 -0.009136570 0.191512153 0.815345287
1413393228905760512.000000 0.698722363 -0.374841571 1.526998758 0.546744585 0.012290734 -0.196367294 -0.813854516
1413393228955760384.000000 0.700419128 -0.356335521 1.534967303 0.547179341 0.013195453 -0.198428512 -0.813047886
1413393229005760512.000000 0.701887846 -0.336954117 1.542947531 0.548590839 0.014925363 -0.197213233 -0.812362194
1413393229055760384.000000 0.703026950 -0.316418052 1.551069856 0.550724089 0.018084789 -0.192510471 -0.811982572
1413393229105760512.000000 0.703139961 -0.292881966 1.562293768 -0.552482307 -0.019301571 0.186859429 0.812080264
1413393229155760384.000000 0.702773392 -0.271644831 1.571716309 -0.553905070 -0.020277997 0.182312757 0.812120795
1413393229205760512.000000 0.702305853 -0.249833107 1.582080483 0.555040538 0.021617331 -0.177642867 -0.812345803
1413393229255760384.000000 0.701108992 -0.227899909 1.593490362 0.555544496 0.022476289 -0.173546299 -0.812863290
1413393229305760512.000000 0.699171662 -0.203676224 1.606009245 -0.556081414 -0.022311388 0.170286506 0.813190162
1413393229355760384.000000 0.696825087 -0.181825519 1.619516373 -0.556050479 -0.021299515 0.168022290 0.813709319
1413393229405760512.000000 0.693738461 -0.159406781 1.634376884 0.555191875 0.018786849 -0.167595342 -0.814445198
1413393229455760384.000000 0.690871716 -0.137389898 1.650094509 0.553905785 0.014180728 -0.169394076 -0.815041721
1413393229505760512.000000 0.687904656 -0.115569472 1.665879965 -0.551986098 -0.008812875 0.173108280 0.815639198
1413393229555760384.000000 0.685674489 -0.093801498 1.682162285 -0.549483895 -0.006128218 0.177128300 0.816489816
1413393229605760512.000000 0.683861017 -0.071823239 1.698291540 -0.547265112 -0.003859245 0.182432190 0.816825867
1413393229655760384.000000 0.682413042 -0.049971700 1.713872552 -0.544787407 -0.003426966 0.187718004 0.817286313
1413393229705760512.000000 0.681452751 -0.028601646 1.729553580 -0.543106854 -0.005083521 0.191112801 0.817609370
1413393229755760384.000000 0.681483567 -0.005737662 1.743704319 -0.541596949 -0.007016067 0.194095120 0.817894101
1413393229805760512.000000 0.681949258 0.016523242 1.756911993 -0.539915919 -0.010237766 0.197474852 0.818162382
1413393229855760384.000000 0.683175802 0.040980220 1.769807100 -0.538446665 -0.014677657 0.200027153 0.818443000
1413393229905760512.000000 0.686001897 0.064628005 1.783215404 -0.537416339 -0.017866053 0.202270687 0.818505406
1413393229955760384.000000 0.689713120 0.091421247 1.794766307 -0.536776781 -0.020311262 0.201981977 0.818939269
1413393230005760512.000000 0.694370270 0.118788600 1.805350184 0.537327290 0.023198126 -0.198837832 -0.819270909
1413393230055760384.000000 0.699580669 0.146592736 1.817031503 -0.538885713 -0.024552956 0.191726074 0.819902778
1413393230105760512.000000 0.705547452 0.176890433 1.828052282 -0.540163577 -0.025376290 0.185118213 0.820555091
1413393230155760384.000000 0.710138619 0.206797004 1.840545058 -0.541142702 -0.025466602 0.179876179 0.821072876
1413393230205760512.000000 0.715467393 0.238361597 1.853574276 -0.541522145 -0.025993453 0.175606966 0.821730077
1413393230255760384.000000 0.720484495 0.269339740 1.867164373 0.541623473 0.024749376 -0.172167704 -0.822429180
1413393230305760512.000000 0.723223090 0.300917149 1.884201288 -0.541258574 -0.021951362 0.170432851 0.823109925
1413393230355760384.000000 0.726461172 0.332298279 1.900210619 -0.539782524 -0.020056151 0.172381833 0.823721468
1413393230405760512.000000 0.728527009 0.363469541 1.917156816 -0.538635373 -0.016665254 0.174020678 0.824203312
1413393230455760384.000000 0.731282592 0.394548953 1.934380531 -0.538255155 -0.014664728 0.176836908 0.823890209
1413393230505760512.000000 0.733424067 0.426370740 1.951275349 -0.538937747 -0.012388302 0.180921167 0.822593629
1413393230555760384.000000 0.736572742 0.457631111 1.967846394 -0.541242659 -0.010663386 0.185554430 0.820068479
1413393230605760512.000000 0.738614798 0.490691066 1.984180450 -0.545078218 -0.008197381 0.190747514 0.816356599
1413393230655760384.000000 0.742958605 0.523501873 1.999389887 -0.549980164 -0.007015810 0.196183980 0.811778545
1413393230705760512.000000 0.746800184 0.556233525 2.014522314 -0.556432545 -0.005042423 0.200692952 0.806275308
1413393230755760384.000000 0.753889382 0.590224266 2.026823997 -0.563513160 -0.003413792 0.205236942 0.800199389
1413393230805760512.000000 0.759987473 0.624271214 2.038399458 -0.571028829 -0.002047402 0.209191427 0.793826759
1413393230855760384.000000 0.767348170 0.659451306 2.048627853 -0.579730332 -0.001631274 0.212495089 0.786610484
1413393230905760512.000000 0.773726225 0.694594979 2.058493376 -0.589450896 -0.002510094 0.214090914 0.778913677
1413393230955760384.000000 0.782370687 0.731252968 2.066481113 -0.599591076 -0.005285163 0.213532716 0.771275878
1413393231005760512.000000 0.789668560 0.766045988 2.073974133 -0.609582245 -0.009393212 0.211201206 0.764012694
1413393231055760384.000000 0.799159646 0.803308070 2.080852985 -0.618670106 -0.013857685 0.208304539 0.757406414
1413393231105760512.000000 0.807437360 0.841262996 2.091848850 -0.626664281 -0.016791735 0.205210268 0.751597464
1413393231155760384.000000 0.817586243 0.879040956 2.099843025 -0.632944882 -0.019567600 0.202582851 0.746965945
1413393231205760512.000000 0.827740431 0.916587949 2.109388828 0.637704194 0.021156752 -0.202517807 -0.742881119
1413393231255760384.000000 0.837826312 0.954184055 2.120367527 -0.641632855 -0.022904342 0.201449811 0.739730179
1413393231305760512.000000 0.847736537 0.991774321 2.132081032 -0.644065320 -0.021403667 0.202671751 0.737323523
1413393231355760384.000000 0.854649663 1.028382659 2.145191669 0.645556867 0.018779777 -0.205157354 -0.735400736
1413393231405760512.000000 0.859119236 1.066839457 2.161154985 -0.646174490 -0.014684651 0.207781643 0.734213650
1413393231455760384.000000 0.862095594 1.104087830 2.177186012 -0.646701396 -0.007869562 0.209919155 0.733245730
1413393231505760512.000000 0.864069581 1.143855572 2.197145462 0.647603154 -0.001326099 -0.210242301 -0.732397914
1413393231555760384.000000 0.863686919 1.180516243 2.214781284 0.648237824 -0.012074621 -0.208093330 -0.732351780
1413393231605760512.000000 0.862539172 1.217814922 2.232718945 0.648973227 -0.021951916 -0.205934271 -0.732081234
1413393231655760384.000000 0.858958721 1.252200842 2.249950409 0.650043607 -0.028990390 -0.204771563 -0.731212378
1413393231705760512.000000 0.854566276 1.285055876 2.266017437 -0.651522934 0.031688172 0.204203397 0.729941607
1413393231755760384.000000 0.849873900 1.316299438 2.280753374 -0.653782368 0.031644430 0.206097260 0.727386594
1413393231805760512.000000 0.845517874 1.346247673 2.295278311 0.655778468 -0.030703504 -0.210118309 -0.724473774
1413393231855760384.000000 0.843128324 1.378930330 2.309424162 0.657585740 -0.030784944 -0.216690391 -0.720887363
1413393231905760512.000000 0.839622259 1.406130552 2.320065022 0.659973800 -0.028893923 -0.225059777 -0.716203809
1413393231955760384.000000 0.836668968 1.432497740 2.328479290 0.662703156 -0.028210092 -0.232932210 -0.711176038
1413393232005760512.000000 0.834343553 1.457997322 2.334697485 0.666525602 -0.027837116 -0.239681557 -0.705352068
1413393232055760384.000000 0.833700061 1.485462904 2.340439796 0.671809196 -0.025157699 -0.243998975 -0.698930621
1413393232105760512.000000 0.832997441 1.510378003 2.341799259 0.677936673 -0.022965917 -0.246736571 -0.692095041
1413393232155760384.000000 0.832232594 1.535311699 2.341356277 0.684806645 -0.020574680 -0.248879001 -0.684599042
1413393232205760512.000000 0.831099033 1.559678555 2.339108944 0.693085134 -0.017900806 -0.247672275 -0.676735580
1413393232255760384.000000 0.829007685 1.585660577 2.339048147 0.701114416 -0.016246060 -0.247595221 -0.668484390
1413393232305760512.000000 0.824634254 1.609624267 2.335285664 0.708946168 -0.015179047 -0.247814745 -0.660115778
1413393232355760384.000000 0.818416953 1.633502364 2.331508636 0.716251433 -0.015764194 -0.250340939 -0.651202619
1413393232405760512.000000 0.811563373 1.658969283 2.327214718 0.722775280 -0.014590902 -0.253665090 -0.642679572
1413393232455760384.000000 0.801383734 1.682568431 2.322296619 0.729393899 -0.013956774 -0.256536901 -0.634017944
1413393232505760512.000000 0.790859222 1.707435966 2.317140102 0.735250533 -0.013374445 -0.260042936 -0.625783861
1413393232555760384.000000 0.777197361 1.731428504 2.311722040 0.740412533 -0.013449298 -0.262426376 -0.618660569
1413393232605760512.000000 0.761578798 1.756204486 2.306542397 0.744490921 -0.013149448 -0.264096171 -0.613036394
1413393232655760384.000000 0.745211840 1.780407906 2.300528526 0.748069763 -0.013851423 -0.265847683 -0.607885540
1413393232705760512.000000 0.732387185 1.805661678 2.291440964 0.750994325 -0.014376091 -0.266577423 -0.603934944
1413393232755760384.000000 0.716893792 1.829992294 2.282995939 0.753576040 -0.013318439 -0.266325891 -0.600846410
1413393232805760512.000000 0.701818466 1.854894757 2.273346186 0.755537033 -0.012285061 -0.266856104 -0.598164439
1413393232855760384.000000 0.687104821 1.880383253 2.262484312 0.757156134 -0.012386636 -0.266418278 -0.596307337
1413393232905760512.000000 0.675040960 1.905199528 2.248995543 0.757782519 -0.010613590 -0.267191082 -0.595198989
1413393232955760384.000000 0.661738038 1.930835485 2.235595465 0.759393632 -0.006907765 -0.265119135 -0.594125867
1413393233005760512.000000 0.649743080 1.956842065 2.220818281 0.760147572 -0.003163396 -0.264014095 -0.593685210
1413393233055760384.000000 0.641240358 1.982858062 2.204748631 0.760685205 0.000887830 -0.262096256 -0.593854189
1413393233105760512.000000 0.632453740 2.009607077 2.188004017 0.760808766 0.004369696 -0.261755049 -0.593831062
1413393233155760384.000000 0.626816690 2.036495447 2.170599222 0.760983229 0.006103237 -0.260931939 -0.593954325
1413393233205760512.000000 0.621958673 2.064355850 2.152169704 0.761528134 0.007451416 -0.259201735 -0.593998194
1413393233255760384.000000 0.620968640 2.091496706 2.132781506 0.764070570 0.006806714 -0.255475402 -0.592353165
1413393233305760512.000000 0.620462656 2.119903088 2.112150669 0.767073572 0.005689017 -0.251959026 -0.589985073
1413393233355760384.000000 0.625821054 2.146568060 2.090425730 0.770895600 0.003439307 -0.247589514 -0.586862624
1413393233405760512.000000 0.628985703 2.174860001 2.068733692 0.775606215 -0.000460896 -0.244282544 -0.582031727
1413393233455760384.000000 0.634746850 2.201786041 2.047455549 0.780143797 -0.005187699 -0.242914259 -0.576490641
1413393233505760512.000000 0.642415762 2.229093552 2.025129318 0.785276234 -0.006192260 -0.241406709 -0.570110261
1413393233555760384.000000 0.651980281 2.254079342 2.003337860 0.790078580 -0.008044212 -0.242910132 -0.562766314
1413393233605760512.000000 0.661644638 2.279481888 1.981085777 0.795294225 -0.005289159 -0.245010763 -0.554480731
1413393233655760384.000000 0.673197746 2.303367615 1.959096789 0.800279617 -0.001379601 -0.249027312 -0.545468807
1413393233705760512.000000 0.686148226 2.327450275 1.937145114 0.805157244 0.002417350 -0.254370153 -0.535734832
1413393233755760384.000000 0.704223871 2.348167896 1.914555192 0.811387658 0.005808381 -0.254294574 -0.526261032
1413393233805760512.000000 0.722053707 2.371742725 1.892766595 0.817032754 0.004381774 -0.254448295 -0.517391980
1413393233855760384.000000 0.740445316 2.395247936 1.871621132 0.822544992 0.002921594 -0.252084672 -0.509769201
1413393233905760512.000000 0.758832216 2.418215752 1.851913333 0.826952338 -0.001837081 -0.251173168 -0.503049195
1413393233955760384.000000 0.777547956 2.439851999 1.832108498 0.831838012 -0.004673087 -0.249877766 -0.495565176
1413393234005760512.000000 0.795427918 2.461296797 1.814078569 0.835515380 -0.009028070 -0.252953202 -0.487695962
1413393234055760384.000000 0.813527048 2.481888294 1.796533704 0.838772535 -0.013169085 -0.257335633 -0.479651541
1413393234105760512.000000 0.830942452 2.501359224 1.779690027 0.841943800 -0.015339833 -0.262610823 -0.471095473
1413393234155760384.000000 0.848281026 2.520851851 1.762090445 0.844587922 -0.016003232 -0.268612564 -0.462885022
1413393234205760512.000000 0.861892700 2.539028645 1.746701598 0.847217441 -0.018884588 -0.272144526 -0.455854625
1413393234255760384.000000 0.873704374 2.555489540 1.733844995 0.851394892 -0.028210925 -0.271107346 -0.448142529
1413393234305760512.000000 0.883044660 2.571952105 1.719481468 0.855596066 -0.041603599 -0.268485218 -0.440613538
1413393234355760384.000000 0.890989721 2.586607695 1.705827117 0.859338760 -0.057851706 -0.265782863 -0.433070004
1413393234405760512.000000 0.896823704 2.598631382 1.691643000 0.863360584 -0.071827270 -0.262879044 -0.424669325
1413393234455760384.000000 0.900945544 2.607232809 1.678471327 0.866510928 -0.083054192 -0.261873066 -0.416753232
1413393234505760512.000000 0.902996182 2.612276077 1.664480329 0.870403230 -0.088469915 -0.260335624 -0.408407390
1413393234555760384.000000 0.903521419 2.614508152 1.650230885 0.875073493 -0.089083694 -0.258470684 -0.399378806
1413393234605760512.000000 0.906295300 2.610232592 1.634645939 0.881459177 -0.079554573 -0.254474699 -0.389799356
1413393234655760384.000000 0.913551152 2.602075577 1.620394349 0.888314545 -0.060991485 -0.250914156 -0.379762441
1413393234705760512.000000 0.924971223 2.589344025 1.603160143 0.894530118 -0.039359894 -0.248807535 -0.369271755
1413393234755760384.000000 0.941000640 2.573500156 1.586936593 0.898683012 -0.021515511 -0.251346588 -0.358790964
1413393234805760512.000000 0.958371937 2.556418419 1.571679831 0.901588559 -0.004246106 -0.256661147 -0.348202646
1413393234855760384.000000 0.974003494 2.538973808 1.558811903 0.903075218 0.005588110 -0.265386105 -0.337630421
1413393234905760512.000000 0.986277163 2.522342205 1.548445225 0.904567778 0.007190624 -0.273455441 -0.326997906
1413393234955760384.000000 0.994373024 2.506039381 1.540364623 0.906326830 0.005417315 -0.280173540 -0.316299289
1413393235005760512.000000 0.997498810 2.490233898 1.534788370 0.907927990 -0.001178654 -0.287090421 -0.305359721
1413393235055760384.000000 0.995707333 2.474916458 1.531127453 0.909887135 -0.009454946 -0.292507946 -0.294032395
1413393235105760512.000000 0.988807738 2.460081339 1.529421687 0.912104726 -0.016713446 -0.296855748 -0.282245129
1413393235155760384.000000 0.975622952 2.449046373 1.527719259 0.914703608 -0.020946568 -0.300428689 -0.269483209
1413393235205760512.000000 0.962704003 2.434110880 1.526836872 0.917848945 -0.019587373 -0.301632464 -0.257269472
1413393235255760384.000000 0.949475408 2.418384314 1.526205301 0.920508325 -0.013334249 -0.303867340 -0.245257825
1413393235305760512.000000 0.936600447 2.403021574 1.525229454 0.923004270 -0.004538196 -0.305645913 -0.233716190
1413393235355760384.000000 0.924411178 2.388360739 1.524114966 0.924460769 0.003386346 -0.308729470 -0.223711982
1413393235405760512.000000 0.913109839 2.374756098 1.522651076 0.924999475 0.010759591 -0.312724948 -0.215553433
1413393235455760384.000000 0.902639151 2.362589121 1.520517826 0.925309360 0.016580921 -0.316161036 -0.208734214
1413393235505760512.000000 0.892962933 2.352455854 1.517450929 0.925074518 0.022722837 -0.319942474 -0.203365773
1413393235555760384.000000 0.884914637 2.344487906 1.513104796 0.926743150 0.031652726 -0.317622542 -0.198144481
1413393235605760512.000000 0.877449989 2.338762522 1.508200884 0.929018915 0.041963913 -0.312900871 -0.193018138
1413393235655760384.000000 0.869527221 2.336143255 1.495502591 0.931198359 0.048164714 -0.308907837 -0.187418625
1413393235705760512.000000 0.863199890 2.336418867 1.490695477 0.933489501 0.051389266 -0.303945512 -0.183231130
1413393235755760384.000000 0.855916739 2.340217352 1.486289501 0.935019612 0.049624581 -0.301531464 -0.179873690
1413393235805760512.000000 0.849808276 2.347077608 1.482762456 0.936212480 0.044317976 -0.299982697 -0.177630305
1413393235855760384.000000 0.844455957 2.356730461 1.479854584 0.937344790 0.031270009 -0.298830986 -0.176371962
1413393235905760512.000000 0.839743376 2.368139744 1.477544665 0.938235044 0.015810234 -0.298430622 -0.174368054
1413393235955760384.000000 0.835668325 2.380315065 1.475630522 0.938867569 0.000972620 -0.298492849 -0.171548158
1413393236005760512.000000 0.833072662 2.392396450 1.473687172 0.940097690 -0.009792044 -0.296960384 -0.167137921
1413393236055760384.000000 0.831110358 2.403886795 1.472060084 0.941050828 -0.020277230 -0.296600729 -0.161370084
1413393236105760512.000000 0.829953849 2.414142370 1.469845772 0.941932023 -0.027437668 -0.296985686 -0.154307544
1413393236155760384.000000 0.823744893 2.427996397 1.450004339 0.942777276 -0.032283567 -0.298011184 -0.146007702
1413393236205760512.000000 0.825783134 2.434402704 1.449093461 0.943668723 -0.030360224 -0.300234407 -0.135746211
1413393236255760384.000000 0.831467330 2.439746380 1.449765444 0.944565713 -0.024320755 -0.302543193 -0.125186890
1413393236305760512.000000 0.836862087 2.443534851 1.451298475 0.945606232 -0.015729496 -0.304503292 -0.113398515
1413393236355760384.000000 0.842921615 2.446942329 1.452354431 0.946631849 -0.010111199 -0.305916935 -0.100998752
1413393236405760512.000000 0.837081134 2.458254099 1.433551073 0.947117627 -0.008307630 -0.308162123 -0.089080602
1413393236455760384.000000 0.843976796 2.461990356 1.434405327 0.947712123 -0.008430738 -0.309478313 -0.077419981
1413393236505760512.000000 0.849653363 2.466436625 1.434728622 -0.947190225 0.010116029 0.313720077 0.065635547
1413393236555760384.000000 0.855879188 2.470727205 1.435148239 -0.946079373 0.011248508 0.319187492 0.054098886
1413393236605760512.000000 0.861609817 2.475186825 1.435242295 -0.943915427 0.012776585 0.327157617 0.042760126
1413393236655760384.000000 0.865928233 2.479890823 1.434765697 -0.941935897 0.015022729 0.333921969 0.032052837
1413393236705760512.000000 0.867423058 2.484900475 1.434011340 -0.940954328 0.018373843 0.337257922 0.022903131
1413393236755760384.000000 0.865883827 2.490556479 1.431628704 -0.940676808 0.024425486 0.338115007 0.014453950
1413393236805760512.000000 0.859659553 2.495405436 1.422496557 -0.941051841 0.032151397 0.336668342 0.006491229
1413393236855760384.000000 0.853805423 2.499577761 1.417199612 -0.941854835 0.036520351 0.334029019 -0.000723429
1413393236905760512.000000 0.846155167 2.510370016 1.425506473 0.943358481 -0.038362164 -0.329430282 0.008881707
1413393236955760384.000000 0.843592286 2.512583017 1.415223241 0.945056617 -0.037126727 -0.324507833 0.013578095
1413393237005760512.000000 0.845620096 2.514458895 1.407066703 -0.946908474 0.032979619 0.319363892 -0.016838377
1413393237055760384.000000 0.850534618 2.514858007 1.396070600 -0.948262811 0.027382916 0.315721184 -0.019182432
1413393237105760512.000000 0.858355224 2.514627218 1.383456230 -0.949468017 0.019459721 0.312570006 -0.020781692
1413393237155760384.000000 0.867047727 2.513970613 1.350860834 -0.950561821 0.009087028 0.309755236 -0.020033393
1413393237205760512.000000 0.874481022 2.513942242 1.337594509 -0.951522529 -0.000495812 0.306922764 -0.020077301
1413393237255760384.000000 0.878678262 2.514796019 1.344101906 -0.952616334 -0.006422661 0.303348243 -0.021464881
1413393237305760512.000000 0.878936470 2.516616344 1.331697702 -0.952453911 -0.011738904 0.303720921 -0.021151932
1413393237355760384.000000 0.879671574 2.521240234 1.316505909 0.952220380 0.015540604 -0.304345161 0.020222403
1413393237405760512.000000 0.873713911 2.525889874 1.305721283 0.952571034 0.016956843 -0.303231031 0.019284986
1413393237455760384.000000 0.863847375 2.532706738 1.296955347 -0.952861547 -0.014739108 0.302521467 -0.017844772
1413393237505760512.000000 0.853964448 2.540888309 1.287892222 -0.953343570 -0.007837905 0.301369011 -0.015855996
1413393237555760384.000000 0.844005585 2.550218821 1.279205322 -0.953379869 0.001880102 0.301451743 -0.013791543
1413393237605760512.000000 0.834898949 2.560148478 1.270649791 -0.953594863 0.011870328 0.300626040 -0.011828916
1413393237655760384.000000 0.825925469 2.570222616 1.262676120 -0.952817440 0.021800468 0.302598804 -0.009884959
1413393237705760512.000000 0.817979336 2.579912186 1.254756689 -0.952416182 0.029636906 0.303249955 -0.008040993
1413393237755760384.000000 0.810905159 2.588693380 1.247002125 -0.951783359 0.034888625 0.304716587 -0.006263835
1413393237805760512.000000 0.805229306 2.596091032 1.239410400 -0.951176047 0.037754726 0.306293577 -0.004794162
1413393237855760384.000000 0.815258384 2.599774361 1.243254066 0.950170398 -0.036877692 -0.309524298 0.003319972
1413393237905760512.000000 0.810792446 2.605032444 1.235013604 0.949256122 -0.033912037 -0.312662035 0.002311113
1413393237955760384.000000 0.804058135 2.609546661 1.224468708 -0.948762178 0.030772949 0.314483583 -0.001904855
1413393238005760512.000000 0.797183275 2.612915993 1.215331197 -0.947303534 0.021784231 0.319590300 -0.001894824
1413393238055760384.000000 0.790546060 2.615865946 1.205370903 -0.946134269 0.013236837 0.323498845 -0.001822954
1413393238105760512.000000 0.784301579 2.618774176 1.194680691 -0.944846749 0.007015181 0.327430755 -0.002174035
1413393238155760384.000000 0.779242337 2.621815443 1.182942629 -0.944597721 0.001577701 0.328206539 -0.003624187
1413393238205760512.000000 0.775082052 2.625668526 1.170669556 -0.944188237 -0.002468487 0.329357922 -0.005090936
1413393238255760384.000000 0.773841679 2.630542994 1.158933759 -0.944048285 -0.005437254 0.329702318 -0.006308429
1413393238305760512.000000 0.773547232 2.636211634 1.144574523 -0.943727255 -0.007162153 0.330530941 -0.008773287
1413393238355760384.000000 0.792793989 2.637295246 1.139531612 0.943315268 0.006903605 -0.331674486 0.010040992
1413393238405760512.000000 0.797665238 2.644463062 1.119899511 0.943535447 0.006009250 -0.331014693 0.011580437
1413393238455760384.000000 0.797527313 2.652979612 1.092707276 -0.944319129 -0.001434556 0.328762591 -0.013213093
1413393238505760512.000000 0.799682736 2.662225723 1.067441225 -0.944935262 0.007149709 0.326845825 -0.014768230
1413393238555760384.000000 0.800094664 2.671771049 1.042372584 -0.946173549 0.017514460 0.322778016 -0.016229892
1413393238605760512.000000 0.812629282 2.678806543 1.029431701 0.947029471 -0.029084831 -0.319374472 0.017007835
1413393238655760384.000000 0.808178902 2.687062263 1.005647421 0.947488308 -0.039551273 -0.316807866 0.018285882
1413393238705760512.000000 0.801668048 2.694544554 0.982540131 -0.947647810 0.047816187 0.315145701 -0.018987084
1413393238755760384.000000 0.792590737 2.700309753 0.960343719 -0.947815657 0.053904310 0.313596785 -0.019921256
1413393238805760512.000000 0.782456815 2.704209566 0.938223243 -0.948205769 0.055749059 0.312035799 -0.020774720
1413393238855760384.000000 0.772307992 2.706084013 0.916249394 -0.948479652 0.053506903 0.311533868 -0.021680256
1413393238905760512.000000 0.762808204 2.705938816 0.894361734 -0.948794246 0.047637921 0.311458677 -0.022662792
1413393238955760384.000000 0.754450023 2.704876184 0.872126102 0.949087262 -0.037734877 -0.311894566 0.023052050
1413393239005760512.000000 0.747827053 2.701635599 0.850158095 0.949585617 -0.027108561 -0.311367422 0.024550669
1413393239055760384.000000 0.741469324 2.698261499 0.828573823 0.949559033 -0.017307004 -0.312112361 0.024981920
1413393239105760512.000000 0.736328840 2.694051266 0.806255460 -0.949584782 0.009687448 0.312308967 -0.025651436
1413393239155760384.000000 0.730612278 2.690512657 0.784327507 -0.949622869 0.004285718 0.312251776 -0.026400233
1413393239205760512.000000 0.724931121 2.687706709 0.762337208 -0.949383318 -0.000429438 0.313016891 -0.026299221
1413393239255760384.000000 0.719531596 2.685637236 0.740339875 -0.949511111 -0.002606102 0.312563092 -0.026949929
1413393239305760512.000000 0.714195967 2.684368849 0.718206525 -0.949284732 -0.004994758 0.313158929 -0.027660778
1413393239355760384.000000 0.709075153 2.684521914 0.696133733 -0.948892593 -0.006143226 0.314330727 -0.027593352
1413393239405760512.000000 0.704283953 2.685330391 0.673531055 -0.948765218 -0.006342933 0.314657599 -0.028197277
1413393239455760384.000000 0.688428760 2.687108278 0.645656228 0.948536456 0.005370918 -0.315337837 0.028493520
1413393239505760512.000000 0.685030758 2.689858437 0.621972322 0.948515832 0.008065795 -0.315356582 0.028337326
1413393239555760384.000000 0.683234096 2.694989681 0.597415447 -0.948350430 -0.005603370 0.315899819 -0.028414132
1413393239605760512.000000 0.681345165 2.700784445 0.572728515 -0.948162794 -0.000998932 0.316573471 -0.027704710
1413393239655760384.000000 0.679709911 2.707422972 0.547596455 -0.948240817 0.007867093 0.316297114 -0.027086787
1413393239705760512.000000 0.678049564 2.714246511 0.522209287 -0.948139668 0.021061188 0.316017300 -0.026846128
1413393239755760384.000000 0.676733553 2.720645189 0.496539950 -0.947996914 0.031333245 0.315663725 -0.026011929
1413393239805760512.000000 0.663689911 2.723227739 0.466548443 0.947971225 -0.037782308 -0.315071493 0.025556786
1413393239855760384.000000 0.661646724 2.726758718 0.440915048 0.947249472 -0.041281682 -0.316800296 0.025532836
1413393239905760512.000000 0.659395874 2.730014563 0.415190458 -0.946935594 0.038953397 0.318043590 -0.025375372
1413393239955760384.000000 0.657259047 2.731438160 0.389108658 -0.946931124 0.037034158 0.318287909 -0.025352037
1413393240005760512.000000 0.655548453 2.731624603 0.362446129 -0.947498739 0.031566836 0.317187011 -0.025338965
1413393240055760384.000000 0.654286146 2.730960608 0.335226238 -0.948076367 0.024996795 0.316068232 -0.025048254
1413393240105760512.000000 0.653511167 2.729572058 0.307446837 -0.949015260 0.015889678 0.313836277 -0.024988607
1413393240155760384.000000 0.652115822 2.728181601 0.279573619 -0.949660718 0.007975209 0.312206358 -0.024660507
1413393240205760512.000000 0.648999631 2.727108717 0.252259433 -0.950201213 0.002593827 0.310702920 -0.023974326
1413393240255760384.000000 0.630402744 2.728059292 0.225711823 0.950191140 0.001112703 -0.310763478 0.023700055
1413393240305760512.000000 0.622225165 2.728355169 0.200359583 0.950082183 0.000570764 -0.311144412 0.023082368
1413393240355760384.000000 0.612325668 2.729974508 0.177080452 -0.950111270 0.001835380 0.311076075 -0.022735078
1413393240405760512.000000 0.599979997 2.731967926 0.153519988 -0.950169325 0.007312324 0.310847729 -0.022326401
1413393240455760384.000000 0.585748553 2.734297276 0.130184352 -0.950509310 0.012252788 0.309686899 -0.021819465
1413393240505760512.000000 0.569771886 2.736736536 0.107439160 -0.950460255 0.019510156 0.309489548 -0.021470342
1413393240555760384.000000 0.554659247 2.738842487 0.084377587 -0.950613081 0.024903232 0.308636189 -0.021407967
1413393240605760512.000000 0.541896522 2.740295172 0.060457706 -0.950623930 0.029411996 0.308204532 -0.021425446
1413393240655760384.000000 0.531053960 2.740695238 0.034770846 -0.950431168 0.030881725 0.308614224 -0.022005130
1413393240705760512.000000 0.523722410 2.740036011 0.005152881 -0.950259268 0.030278206 0.309127718 -0.023038603
1413393240755760384.000000 0.512542248 2.741553545 -0.003958762 0.951026857 -0.026092334 -0.307011575 0.024720158
1413393240805760512.000000 0.509354472 2.739307642 -0.034728706 0.951866746 -0.021622643 -0.304629475 0.026136072
1413393240855760384.000000 0.512535274 2.737091541 -0.068409115 -0.952805579 0.015809238 0.301917642 -0.027521541
1413393240905760512.000000 0.510182202 2.734763384 -0.098946601 -0.954003513 0.013185245 0.298075467 -0.029231697
1413393240955760384.000000 0.504789710 2.732633591 -0.126904815 -0.955261469 0.010384305 0.293948054 -0.031021828
1413393241005760512.000000 0.496010870 2.731028318 -0.152485043 -0.956383228 0.008403187 0.290194929 -0.032364469
1413393241055760384.000000 0.485143185 2.732385397 -0.156091928 0.957695484 -0.009096795 -0.285653591 0.033745822
1413393241105760512.000000 0.470410496 2.731667995 -0.178355843 0.957942605 -0.013408755 -0.284497529 0.035034560
1413393241155760384.000000 0.452365547 2.731438398 -0.196184829 -0.957803369 0.019783754 0.284432322 -0.036326341
1413393241205760512.000000 0.432735085 2.731181145 -0.213343665 -0.957249522 0.026471324 0.285617650 -0.037353337
1413393241255760384.000000 0.412909448 2.730575323 -0.229203612 -0.956420779 0.032386318 0.287615895 -0.038569529
1413393241305760512.000000 0.393447548 2.729293346 -0.243970677 -0.955105960 0.036801156 0.291258305 -0.039837364
1413393241355760384.000000 0.374204904 2.727074862 -0.257798225 -0.952402890 0.037543237 0.299706489 -0.041174680
1413393241405760512.000000 0.356337726 2.723771572 -0.271354675 -0.950440943 0.038445178 0.305604398 -0.042309005
1413393241455760384.000000 0.339840025 2.719333649 -0.284926325 -0.949068964 0.035686411 0.309956759 -0.043834925
1413393241505760512.000000 0.325506508 2.714075327 -0.298670232 -0.948617697 0.030429980 0.311774790 -0.044665944
1413393241555760384.000000 0.329463363 2.706979036 -0.320383698 0.948664844 -0.024500849 -0.312187016 0.044430662
1413393241605760512.000000 0.316686869 2.700780869 -0.334758550 0.949688137 -0.017747831 -0.309426159 0.045087576
1413393241655760384.000000 0.302485645 2.694415331 -0.350273252 -0.950331986 0.012354665 0.307697773 -0.045152001
1413393241705760512.000000 0.289365798 2.688362122 -0.365075111 -0.951130092 0.006799205 0.305377454 -0.045276158
1413393241755760384.000000 0.276358277 2.682836294 -0.379704684 -0.951260984 0.004247355 0.304986596 -0.045473244
1413393241805760512.000000 0.263841897 2.678068876 -0.394337654 -0.950929463 0.001237510 0.306114972 -0.045002624
1413393241855760384.000000 0.251979291 2.674105406 -0.409042776 -0.950663030 -0.000361962 0.307038128 -0.044354834
1413393241905760512.000000 0.241478890 2.670925617 -0.423989952 -0.951211035 -0.001430920 0.305373013 -0.044077542
1413393241955760384.000000 0.232056811 2.668997526 -0.438593745 -0.952459753 -0.002960085 0.301653534 -0.042624444
1413393242005760512.000000 0.229824573 2.667357922 -0.448606670 0.953203738 0.002878833 -0.299491882 0.041219328
1413393242055760384.000000 0.221489102 2.667256355 -0.462831378 0.954675198 0.003578025 -0.294951797 0.039824400
1413393242105760512.000000 0.213446453 2.668977261 -0.476653934 -0.955996454 -0.004024138 0.290854812 -0.038185623
1413393242155760384.000000 0.206565425 2.671293259 -0.489668787 -0.957769334 -0.001715053 0.285123885 -0.037139215
1413393242205760512.000000 0.200824529 2.674615383 -0.501523733 -0.959691525 0.001539406 0.278786033 -0.035613567
1413393242255760384.000000 0.195888847 2.678339958 -0.511806846 -0.960887015 0.003215350 0.274755538 -0.034571614
1413393242305760512.000000 0.191778719 2.682354927 -0.520334184 -0.961431682 0.005639050 0.272868901 -0.034057759
1413393242355760384.000000 0.188153639 2.686983824 -0.526989758 -0.960947394 0.010119515 0.274541557 -0.033237536
1413393242405760512.000000 0.185101390 2.691703558 -0.531986117 -0.959435463 0.016535524 0.279581368 -0.032318894
1413393242455760384.000000 0.182728633 2.696392536 -0.535386860 -0.956947327 0.024182007 0.287517309 -0.031635739
1413393242505760512.000000 0.183279932 2.700130463 -0.540517449 0.953665972 -0.032849792 -0.297474086 0.030844998
1413393242555760384.000000 0.181923002 2.703320980 -0.542742014 0.950688899 -0.039118197 -0.306200981 0.030025106
1413393242605760512.000000 0.180945635 2.705725431 -0.544187188 -0.948258996 0.043707784 0.313069344 -0.029701348
1413393242655760384.000000 0.180657789 2.706493855 -0.546641648 -0.946686983 0.045641832 0.317570418 -0.029150445
1413393242705760512.000000 0.181027874 2.705629349 -0.549932957 -0.946046650 0.048180681 0.319103092 -0.029112814
1413393242755760384.000000 0.183182880 2.704693794 -0.557805121 0.945944250 -0.052189846 -0.318856776 0.028213969
1413393242805760512.000000 0.184633404 2.700922012 -0.563100457 0.946421564 -0.052325491 -0.317585498 0.026227308
1413393242855760384.000000 0.186313450 2.695371151 -0.568645000 -0.947085023 0.049169078 0.316380888 -0.022707118
1413393242905760512.000000 0.188570514 2.688696384 -0.575407386 -0.948074341 0.038713973 0.315197587 -0.017516514
1413393242955760384.000000 0.190638423 2.681150913 -0.582421124 -0.947981477 0.029703341 0.316723168 -0.011634843
1413393243005760512.000000 0.193094924 2.673401356 -0.590017617 -0.947424352 0.021603214 0.319221169 -0.004282263
1413393243055760384.000000 0.195546061 2.665966034 -0.598467588 -0.946905911 0.014899570 0.321123272 0.005204493
1413393243105760512.000000 0.197328627 2.659989357 -0.609972954 0.945983529 -0.010227353 -0.323705971 -0.015002030
1413393243155760384.000000 0.200127065 2.653764009 -0.620391846 0.945775032 -0.007900042 -0.323628336 -0.026682792
1413393243205760512.000000 0.203303307 2.647707939 -0.631141186 -0.946738303 0.006295981 0.319510967 0.039493758
1413393243255760384.000000 0.207387805 2.642111540 -0.642986774 -0.948776186 0.005252137 0.311913192 0.050064538
1413393243305760512.000000 0.209784985 2.636148453 -0.655362487 0.950755179 -0.004271757 -0.304053307 -0.059983533
1413393243355760384.000000 0.209732115 2.631115675 -0.666121721 -0.952035725 0.005092179 0.298197418 0.068414263
1413393243405760512.000000 0.207804561 2.626120090 -0.676226854 0.953319132 -0.005358905 -0.292477071 -0.074907027
1413393243455760384.000000 0.204548895 2.620068312 -0.684011459 0.953806400 -0.005692558 -0.289185911 -0.081194691
1413393243505760512.000000 0.198729515 2.615541697 -0.691043377 0.954252839 -0.006477671 -0.286257029 -0.086119317
1413393243555760384.000000 0.190503895 2.611137867 -0.696209431 0.954228878 -0.007159873 -0.284997165 -0.090402611
1413393243605760512.000000 0.181593955 2.606790543 -0.700048804 0.953949451 -0.007339745 -0.284847677 -0.093746513
1413393243655760384.000000 0.172841489 2.602578640 -0.702714086 0.953509510 -0.006921186 -0.285448372 -0.096389905
1413393243705760512.000000 0.164908111 2.598549604 -0.704220295 0.952668071 -0.005760282 -0.287510872 -0.098630667
1413393243755760384.000000 0.158367753 2.594657183 -0.705040097 0.951704800 -0.005261540 -0.290143520 -0.100235023
1413393243805760512.000000 0.153174341 2.591012955 -0.705149889 0.950870812 -0.004029606 -0.292541116 -0.101233453
1413393243855760384.000000 0.149342358 2.587568760 -0.704552412 0.950408161 -0.004998442 -0.293652743 -0.102310896
1413393243905760512.000000 0.146737516 2.584466696 -0.703357577 0.950157821 -0.004162673 -0.294326603 -0.102736056
1413393243955760384.000000 0.142740071 2.582019806 -0.699944496 0.950152099 -0.004021051 -0.294123948 -0.103373744
1413393244005760512.000000 0.142044246 2.579745054 -0.698212624 0.949980676 -0.003724094 -0.294584334 -0.103648357
1413393244055760384.000000 0.142619610 2.577476025 -0.696078300 0.950197697 -0.002342261 -0.293948084 -0.103505872
1413393244105760512.000000 0.143803358 2.575844526 -0.693584800 0.950026393 -0.001068405 -0.294526428 -0.103454761
1413393244155760384.000000 0.145421684 2.574907780 -0.690550804 0.949833393 -0.000019114 -0.294815302 -0.104405478
1413393244205760512.000000 0.147160530 2.575056791 -0.686808586 0.949524879 -0.000271900 -0.294685692 -0.107530549
1413393244255760384.000000 0.149276316 2.576147318 -0.682626486 0.948739767 0.000547633 -0.295316964 -0.112607837
1413393244305760512.000000 0.151520789 2.578472853 -0.677657604 0.947728336 0.001663792 -0.296045870 -0.119017713
1413393244355760384.000000 0.153864741 2.581749916 -0.672284365 0.946457922 0.001850034 -0.296696335 -0.127221689
1413393244405760512.000000 0.155487359 2.585660934 -0.666260481 0.945882559 0.001068472 -0.295347780 -0.134442300
1413393244455760384.000000 0.152126908 2.591640949 -0.659879923 0.946059823 -0.001096269 -0.292041183 -0.140291169
1413393244505760512.000000 0.150000989 2.595941544 -0.650680423 0.945401251 -0.003752541 -0.291126341 -0.146451280
1413393244555760384.000000 0.144585907 2.599946022 -0.639474392 0.945021689 -0.006675144 -0.289910048 -0.151134744
1413393244605760512.000000 0.137544453 2.604346275 -0.627209663 0.944075584 -0.009062310 -0.290530324 -0.155664414
1413393244655760384.000000 0.130785882 2.608849525 -0.614584088 0.943167329 -0.011416978 -0.291267574 -0.159587681
1413393244705760512.000000 0.127467573 2.613061905 -0.602308035 0.942896962 -0.012741910 -0.290285707 -0.162841290
1413393244755760384.000000 0.124884784 2.616496086 -0.588125229 0.941892445 -0.016967343 -0.291941404 -0.165290803
1413393244805760512.000000 0.132774472 2.620450497 -0.581697583 0.941245854 -0.021935141 -0.292734891 -0.166977599
1413393244855760384.000000 0.137278020 2.622703552 -0.571686387 0.940344512 -0.025403827 -0.294466853 -0.168511778
1413393244905760512.000000 0.143691778 2.624144554 -0.557977796 0.940133989 -0.028071100 -0.294568241 -0.169084683
1413393244955760384.000000 0.155104280 2.624834299 -0.549660325 0.940271080 -0.028259736 -0.293950975 -0.169365197
1413393245005760512.000000 0.167009175 2.624310732 -0.540891886 0.939732254 -0.024966951 -0.296005160 -0.169295326
1413393245055760384.000000 0.179197311 2.622914314 -0.532446027 0.938848436 -0.022636745 -0.299386621 -0.168579385
1413393245105760512.000000 0.189410985 2.620947838 -0.523396611 0.937678516 -0.019409670 -0.303484321 -0.168165401
1413393245155760384.000000 0.197083235 2.618442297 -0.513830662 0.936285734 -0.017542602 -0.308271527 -0.167421550
1413393245205760512.000000 0.202480912 2.615451336 -0.503656983 0.934854209 -0.015637645 -0.313103974 -0.166640341
1413393245255760384.000000 0.205540240 2.612340927 -0.492774606 0.934316516 -0.013132752 -0.315044463 -0.166214436
1413393245305760512.000000 0.207156062 2.611756563 -0.479456782 0.933890939 -0.010661751 -0.316743731 -0.165552348
1413393245355760384.000000 0.205136061 2.609115124 -0.468260884 0.934262097 -0.008068692 -0.315866053 -0.165281147
1413393245405760512.000000 0.200430930 2.606587887 -0.458824396 0.934810221 -0.005942817 -0.314490736 -0.164894715
1413393245455760384.000000 0.194438279 2.604295969 -0.448486567 0.935776711 -0.003369673 -0.311822325 -0.164552107
1413393245505760512.000000 0.186517298 2.602465630 -0.437446237 0.936538219 -0.001488279 -0.309704781 -0.164246693
1413393245555760384.000000 0.178547382 2.601137638 -0.426415324 0.937746704 0.000657584 -0.306309491 -0.163723290
1413393245605760512.000000 0.170907736 2.600254297 -0.415368319 0.938899040 0.002534681 -0.303213209 -0.162862003
1413393245655760384.000000 0.163741112 2.600249767 -0.403395653 0.939846694 0.004251471 -0.300680131 -0.162054688
1413393245705760512.000000 0.157350063 2.600732327 -0.391874790 0.940552950 0.006610804 -0.299095780 -0.160804942
1413393245755760384.000000 0.151229143 2.602413177 -0.378881097 0.940676808 0.007901195 -0.299622267 -0.159032181
1413393245805760512.000000 0.141927719 2.604317904 -0.366915345 0.940780222 0.007811273 -0.300415754 -0.156914428
1413393245855760384.000000 0.137579083 2.606867552 -0.355430961 0.940879762 0.005346822 -0.301108956 -0.155081376
1413393245905760512.000000 0.134942293 2.609841585 -0.345052123 0.940343976 0.001711950 -0.303759873 -0.153232768
1413393245955760384.000000 0.132299960 2.613567352 -0.334155202 0.939717233 -0.003948024 -0.306432903 -0.151706576
1413393246005760512.000000 0.129569352 2.617590189 -0.323298812 0.938376427 -0.011354950 -0.311024189 -0.150282204
1413393246055760384.000000 0.126981735 2.621346712 -0.312967539 0.936970711 -0.019414751 -0.315439910 -0.149019077
1413393246105760512.000000 0.123767316 2.624473810 -0.302989125 0.935373247 -0.025884807 -0.320455492 -0.147360787
1413393246155760384.000000 0.120293796 2.626671076 -0.294157505 0.934206069 -0.031220611 -0.323423207 -0.147247255
1413393246205760512.000000 0.117647231 2.628432274 -0.287171602 0.933957934 -0.032984976 -0.322965860 -0.149424583
1413393246255760384.000000 0.114284694 2.629121065 -0.281247616 0.934212327 -0.030714434 -0.320588261 -0.153386116
1413393246305760512.000000 0.105668664 2.626635790 -0.272498250 0.935101092 -0.024184933 -0.315361857 -0.159837276
1413393246355760384.000000 0.102788627 2.626436949 -0.268532872 0.935884058 -0.016519804 -0.309698433 -0.167138025
1413393246405760512.000000 0.102099180 2.627353191 -0.266739607 0.936554968 -0.010740058 -0.304101020 -0.173988864
1413393246455760384.000000 0.100799561 2.627257347 -0.264328122 0.937190473 -0.006444083 -0.298380077 -0.180559874
1413393246505760512.000000 0.098640025 2.626648426 -0.260969162 0.937378347 -0.004046479 -0.294228077 -0.186374411
1413393246555760384.000000 0.096162140 2.625755310 -0.256695271 0.937303364 -0.001724403 -0.291276276 -0.191357359
1413393246605760512.000000 0.093932867 2.625130177 -0.252265811 0.936651707 0.000437050 -0.290434420 -0.195783928
1413393246655760384.000000 0.091564715 2.624488831 -0.246930957 0.935483098 0.001528138 -0.292062849 -0.198918194
1413393246705760512.000000 0.089705288 2.624156475 -0.241122723 0.934662104 0.002932834 -0.292981416 -0.201395303
1413393246755760384.000000 0.088000178 2.624007702 -0.234804630 0.934071183 0.003306475 -0.293477505 -0.203398883
1413393246805760512.000000 0.083236217 2.624109745 -0.227462530 0.934166074 0.003930719 -0.292166620 -0.204834193
1413393246855760384.000000 0.080829740 2.625077486 -0.220196724 0.933929086 0.004520626 -0.291922599 -0.206245676
1413393246905760512.000000 0.077636540 2.625889540 -0.212792158 0.933970094 0.004911663 -0.290630460 -0.207869589
1413393246955760384.000000 0.073837996 2.627636909 -0.204255819 0.934289277 0.003851734 -0.288322061 -0.209664196
1413393247005760512.000000 0.069068968 2.629878283 -0.194607496 0.934027135 0.003890098 -0.287927896 -0.211366266
1413393247055760384.000000 0.063698530 2.632651091 -0.183937550 0.933659673 0.003660115 -0.287983119 -0.212913021
1413393247105760512.000000 0.057932913 2.636123657 -0.172562838 0.933326781 0.003418260 -0.287840843 -0.214562505
1413393247155760384.000000 0.061205208 2.641215324 -0.161790848 0.932119071 0.002152904 -0.290564537 -0.216152221
1413393247205760512.000000 0.053749382 2.645714760 -0.148785591 0.930613160 0.000105298 -0.293955356 -0.218058422
1413393247255760384.000000 0.045347750 2.649652958 -0.134535789 0.928186655 -0.002182429 -0.300280035 -0.219765261
1413393247305760512.000000 0.036089897 2.654482126 -0.121767521 0.925189435 -0.004283129 -0.308272421 -0.221301645
1413393247355760384.000000 0.026432216 2.659276009 -0.108028412 0.921962678 -0.005605799 -0.316823989 -0.222657010
1413393247405760512.000000 0.016710043 2.664415598 -0.095086098 0.919292927 -0.008661777 -0.323521942 -0.223962024
1413393247455760384.000000 0.007025003 2.669807434 -0.083773375 0.916991055 -0.010213410 -0.328796178 -0.225646287
1413393247505760512.000000 -0.001780152 2.674980640 -0.076581955 0.915226817 -0.014642206 -0.332834840 -0.226641849
1413393247555760384.000000 -0.011532605 2.680245161 -0.069235325 0.913912177 -0.016196340 -0.335506409 -0.227898568
1413393247605760512.000000 -0.021264732 2.684506416 -0.062299252 0.912330210 -0.020562271 -0.338520318 -0.229422808
1413393247655760384.000000 -0.031805277 2.689413548 -0.058883905 0.911544859 -0.023469212 -0.339395195 -0.230967879
1413393247705760512.000000 -0.043684959 2.693809509 -0.057816505 0.911309361 -0.024295982 -0.338895649 -0.232539669
1413393247755760384.000000 -0.055874705 2.698132753 -0.059179306 0.911062241 -0.027979353 -0.337792486 -0.234689176
1413393247805760512.000000 -0.068506181 2.701983929 -0.063018799 0.910142958 -0.030719798 -0.338577598 -0.236772716
1413393247855760384.000000 -0.080416381 2.705022812 -0.069479465 0.910583198 -0.034788918 -0.335770369 -0.238508672
1413393247905760512.000000 -0.091090262 2.707524300 -0.079272270 0.913102806 -0.040925890 -0.326512426 -0.240744635
1413393247955760384.000000 -0.098949194 2.708576202 -0.093024969 0.917205930 -0.040675513 -0.313444048 -0.242552444
1413393248005760512.000000 -0.109760821 2.708314896 -0.105428696 0.921230972 -0.039514650 -0.300755084 -0.243554100
1413393248055760384.000000 -0.121452212 2.706799746 -0.117816925 0.924420536 -0.036881227 -0.289937645 -0.244995162
1413393248105760512.000000 -0.132059157 2.703234196 -0.129334211 0.926571965 -0.032765560 -0.282882601 -0.245699659
1413393248155760384.000000 -0.140184164 2.697323799 -0.140587568 0.927917600 -0.030325314 -0.278212637 -0.246266276
1413393248205760512.000000 -0.147306561 2.690453529 -0.152166128 0.928324819 -0.025731014 -0.276804864 -0.246840268
1413393248255760384.000000 -0.153286934 2.682227612 -0.162683249 0.927645683 -0.022479428 -0.279782623 -0.246353433
1413393248305760512.000000 -0.158236384 2.673552036 -0.173015118 0.926629305 -0.017084058 -0.284053177 -0.245723546
1413393248355760384.000000 -0.160638332 2.664372921 -0.183205605 0.926438093 -0.015330164 -0.285247356 -0.245176554
1413393248405760512.000000 -0.160335124 2.655015230 -0.193437338 0.927154541 -0.013817188 -0.284436673 -0.243494153
1413393248455760384.000000 -0.152988493 2.644460440 -0.205256939 0.928698123 -0.014904877 -0.280336857 -0.242299199
1413393248505760512.000000 -0.149600387 2.634410620 -0.214592457 0.930633008 -0.017265212 -0.274903417 -0.240940660
1413393248555760384.000000 -0.150661945 2.622276306 -0.219192028 0.932562232 -0.019512590 -0.269967645 -0.238881573
1413393248605760512.000000 -0.146190822 2.610440731 -0.225705147 0.934518397 -0.021283831 -0.264236033 -0.237490505
1413393248655760384.000000 -0.136817575 2.599009514 -0.234776020 0.934916019 -0.022409737 -0.264197171 -0.235859767
1413393248705760512.000000 -0.129818976 2.585466862 -0.238455534 0.935452461 -0.020831812 -0.264345288 -0.233701438
1413393248755760384.000000 -0.123336136 2.570310593 -0.238926649 0.934637547 -0.018008085 -0.269084662 -0.231779784
1413393248805760512.000000 -0.113397598 2.555480003 -0.240542650 0.933808148 -0.015295448 -0.273928821 -0.229633540
1413393248855760384.000000 -0.103319108 2.540091038 -0.240730524 0.931974828 -0.010683497 -0.282379150 -0.227092102
1413393248905760512.000000 -0.094080269 2.524679184 -0.240006685 0.928931177 -0.007154159 -0.294253320 -0.224612400
1413393248955760384.000000 -0.086576700 2.509275436 -0.238671541 0.926075041 -0.003587659 -0.305374622 -0.221626878
1413393249005760512.000000 -0.086749911 2.493083477 -0.236445904 0.923572242 -0.001355516 -0.314738333 -0.218980014
1413393249055760384.000000 -0.084553659 2.478796721 -0.234888315 0.922207236 0.000140116 -0.320505321 -0.216356799
1413393249105760512.000000 -0.079752862 2.466734886 -0.233777761 0.921819985 0.000675170 -0.323270649 -0.213877782
1413393249155760384.000000 -0.080573201 2.454378128 -0.232394576 0.922098577 0.000624155 -0.324222863 -0.211218998
1413393249205760512.000000 -0.083605766 2.442955971 -0.231001258 0.923322797 0.000233017 -0.322099924 -0.209109277
1413393249255760384.000000 -0.087486506 2.432305813 -0.230278492 0.924757063 0.000561030 -0.319292545 -0.207066387
1413393249305760512.000000 -0.090211391 2.422670364 -0.230989814 0.926038742 -0.000023667 -0.316774100 -0.205198631
1413393249355760384.000000 -0.093473971 2.413316488 -0.231963992 0.927029848 0.001747374 -0.314463675 -0.204267487
1413393249405760512.000000 -0.097002804 2.404952049 -0.233267665 0.928004503 0.003820181 -0.312043101 -0.203524575
1413393249455760384.000000 -0.102641284 2.395473957 -0.232430935 0.929006696 0.008121506 -0.308998406 -0.203471676
1413393249505760512.000000 -0.105133772 2.389439583 -0.234312773 0.929603100 0.013755396 -0.306658089 -0.203984842
1413393249555760384.000000 -0.105450988 2.384840965 -0.237079382 0.929938674 0.022366311 -0.304884106 -0.204351604
1413393249605760512.000000 -0.109383285 2.381785154 -0.237944245 0.930095077 0.029685842 -0.303040832 -0.205446467
1413393249655760384.000000 -0.114158571 2.380728245 -0.238117576 0.930758774 0.033246186 -0.299654275 -0.206857681
1413393249705760512.000000 -0.120599687 2.381762028 -0.237437844 0.931091011 0.030566132 -0.297836393 -0.208395794
1413393249755760384.000000 -0.129671037 2.384501934 -0.235417366 0.931030273 0.026506297 -0.297330528 -0.209939733
1413393249805760512.000000 -0.138916671 2.388350010 -0.232547760 0.931067348 0.021159254 -0.296469122 -0.211593837
1413393249855760384.000000 -0.147845566 2.393785477 -0.229502797 0.931446493 0.016601067 -0.294847041 -0.212596193
1413393249905760512.000000 -0.156618774 2.400281668 -0.225921392 0.931509376 0.012601269 -0.293937683 -0.213850990
1413393249955760384.000000 -0.162685156 2.406938791 -0.222221136 0.930972934 0.010980247 -0.294859439 -0.215004370
1413393250005760512.000000 -0.170792043 2.414754391 -0.217598915 0.929940939 0.009166737 -0.298279226 -0.214838281
1413393250055760384.000000 -0.176468730 2.423899651 -0.212424517 0.928539395 0.009448811 -0.302850187 -0.214492664
1413393250105760512.000000 -0.182791054 2.433393955 -0.207459450 0.927201331 0.010197065 -0.307282746 -0.213941887
1413393250155760384.000000 -0.189045966 2.443493366 -0.202687263 0.926507175 0.009925904 -0.310237557 -0.212693959
1413393250205760512.000000 -0.195013762 2.454498529 -0.198448658 0.926095784 0.008705229 -0.312236428 -0.211611092
1413393250255760384.000000 -0.203920543 2.465171814 -0.192856550 0.927112877 0.007637409 -0.310101748 -0.210333914
1413393250305760512.000000 -0.209476948 2.477732658 -0.189545155 0.928131700 0.007126153 -0.308301330 -0.208497375
1413393250355760384.000000 -0.213405550 2.491349220 -0.186891317 0.929704130 0.004748145 -0.305014640 -0.206382588
1413393250405760512.000000 -0.217776358 2.505226612 -0.184040308 0.931143939 0.000620355 -0.301965177 -0.204420671
1413393250455760384.000000 -0.221686333 2.519525051 -0.181000233 0.932871580 -0.005000680 -0.297274977 -0.203354985
1413393250505760512.000000 -0.225223541 2.533833504 -0.177682638 0.934471846 -0.012545475 -0.292584449 -0.202483058
1413393250555760384.000000 -0.230345041 2.549111366 -0.173745394 0.935968220 -0.020656312 -0.287392765 -0.202341989
1413393250605760512.000000 -0.233620107 2.562186718 -0.169548750 0.936594188 -0.026855769 -0.284789264 -0.202398762
1413393250655760384.000000 -0.235924095 2.574420929 -0.164137840 0.936616838 -0.028351516 -0.284665614 -0.202264026
1413393250705760512.000000 -0.238399744 2.585240841 -0.158609867 0.935856581 -0.029890807 -0.286858410 -0.202463314
1413393250755760384.000000 -0.240069687 2.594979525 -0.152807713 0.934765279 -0.029832721 -0.289885044 -0.203200787
1413393250805760512.000000 -0.242000252 2.603562355 -0.146555662 0.932493567 -0.030013891 -0.296712786 -0.203756079
1413393250855760384.000000 -0.244805455 2.613450050 -0.141938925 0.930482090 -0.028875686 -0.302516073 -0.204581022
1413393250905760512.000000 -0.245357901 2.619909525 -0.136629343 0.929041207 -0.025732927 -0.307027191 -0.204828069
1413393250955760384.000000 -0.245277792 2.624792576 -0.131734610 0.927849412 -0.022903835 -0.311453879 -0.203881159
1413393251005760512.000000 -0.244871169 2.629075289 -0.127998590 0.927097261 -0.019946435 -0.315572470 -0.201263100
1413393251055760384.000000 -0.243569106 2.632693052 -0.125636816 0.927692652 -0.017195148 -0.316788733 -0.196813762
1413393251105760512.000000 -0.242202669 2.636151314 -0.124475002 0.929192781 -0.016037406 -0.316739798 -0.189788222
1413393251155760384.000000 -0.239701837 2.638763905 -0.124571919 0.931651592 -0.015464033 -0.314856082 -0.180698425
1413393251205760512.000000 -0.237455398 2.640745878 -0.125150084 0.934692502 -0.016075499 -0.312412202 -0.168790340
1413393251255760384.000000 -0.234528989 2.642037868 -0.126178741 0.938090265 -0.016167078 -0.309400618 -0.154908299
1413393251305760512.000000 -0.232207805 2.643069029 -0.127641678 0.941242456 -0.016082838 -0.306913435 -0.140029490
1413393251355760384.000000 -0.226642191 2.645372152 -0.131653786 0.944812477 -0.016554618 -0.303093106 -0.123247594
1413393251405760512.000000 -0.222204983 2.645585060 -0.133081079 0.947789550 -0.016708355 -0.300094634 -0.106578805
1413393251455760384.000000 -0.217668086 2.644510031 -0.133448482 0.950835884 -0.017793983 -0.295805305 -0.089965992
1413393251505760512.000000 -0.212715194 2.643417597 -0.133774817 -0.953587353 0.018709918 0.291478783 0.073220700
1413393251555760384.000000 -0.206225812 2.642255306 -0.134048879 -0.956010640 0.018124841 0.287141919 0.057138205
1413393251605760512.000000 -0.198972851 2.640928745 -0.133425832 -0.957969964 0.018748099 0.283189893 0.041781254
1413393251655760384.000000 -0.190469101 2.639530420 -0.132241488 -0.959674478 0.019123854 0.279199541 0.026587315
1413393251705760512.000000 -0.181511447 2.637737751 -0.129537433 -0.960867345 0.019042544 0.276106060 0.011696594
1413393251755760384.000000 -0.173532724 2.636299610 -0.125547111 0.961241066 -0.018623538 -0.275064319 0.002919460
1413393251805760512.000000 -0.163754001 2.634214163 -0.119535200 0.960632265 -0.017953156 -0.276690215 0.017489519
1413393251855760384.000000 -0.153894931 2.631301641 -0.111597434 -0.958768487 0.018143402 0.281850010 -0.031534530
1413393251905760512.000000 -0.143513039 2.628831625 -0.102857977 -0.955616236 0.017895304 0.290565997 -0.045264538
1413393251955760384.000000 -0.132433906 2.626275778 -0.093513519 -0.952153921 0.015957434 0.299414277 -0.059156660
1413393252005760512.000000 -0.120557606 2.623852491 -0.084094435 -0.949150562 0.012226840 0.306085229 -0.072634116
1413393252055760384.000000 -0.108511657 2.621812344 -0.074715734 -0.946189821 0.009840385 0.311932594 -0.085593075
1413393252105760512.000000 -0.095869720 2.620228529 -0.065850496 -0.944015443 0.010170123 0.314757317 -0.098281704
1413393252155760384.000000 -0.085925281 2.619770527 -0.055180311 0.942596078 -0.010835426 -0.315027297 0.110241607
1413393252205760512.000000 -0.073628098 2.618833303 -0.047352791 0.941067398 -0.012600186 -0.315208286 0.121971719
1413393252255760384.000000 -0.060317189 2.617025375 -0.041312814 -0.939861357 0.013013400 0.313749254 -0.134360760
1413393252305760512.000000 -0.047715902 2.615905523 -0.035324931 -0.938745081 0.013235785 0.311892927 -0.145963639
1413393252355760384.000000 -0.035679400 2.615037680 -0.029650092 -0.937319875 0.014117340 0.310531318 -0.157488197
1413393252405760512.000000 -0.024716079 2.614387751 -0.023762345 -0.935297072 0.016639210 0.310019732 -0.169795036
1413393252455760384.000000 -0.015777946 2.613950968 -0.017835736 -0.932431042 0.020459857 0.312204778 -0.180781946
1413393252505760512.000000 -0.008747995 2.614101648 -0.011798739 -0.930368364 0.025145469 0.312720239 -0.189706653
1413393252555760384.000000 -0.004141986 2.614032269 -0.005655527 -0.928884864 0.026828043 0.312188029 -0.197463542
1413393252605760512.000000 -0.001874387 2.613674164 0.000079751 -0.927880526 0.027512519 0.311413914 -0.203229755
1413393252655760384.000000 -0.000800133 2.612668514 0.010802388 0.927139938 -0.027343675 -0.310096264 0.208576590
1413393252705760512.000000 -0.001964509 2.611276388 0.016448259 0.925877392 -0.026441801 -0.310044765 0.214299321
1413393252755760384.000000 -0.003883004 2.608563900 0.021402597 0.925072074 -0.023597561 -0.308700651 0.219974443
1413393252805760512.000000 -0.005164862 2.605922937 0.026021004 0.924104869 -0.019975316 -0.307380497 0.226160318
1413393252855760384.000000 -0.005928874 2.603093863 0.030179977 0.922989607 -0.015836416 -0.306041867 0.232761189
1413393252905760512.000000 -0.006243885 2.600484848 0.033957481 0.922071993 -0.012476377 -0.304220647 0.238908976
1413393252955760384.000000 -0.005915880 2.598208666 0.037222385 0.921232402 -0.008071178 -0.302746207 0.244152650
1413393253005760512.000000 -0.005152047 2.596434832 0.040013313 0.919945359 -0.004492995 -0.302917361 0.248840362
1413393253055760384.000000 -0.003696263 2.595500469 0.042103291 0.918472826 -0.001016269 -0.304272652 0.252635837
1413393253105760512.000000 -0.002106249 2.595633745 0.043727875 0.916635513 0.000895200 -0.306847483 0.256170183
1413393253155760384.000000 -0.000417233 2.595873833 0.047887325 0.914333284 -0.001415400 -0.311976373 0.258192569
1413393253205760512.000000 0.000358820 2.597303867 0.047547579 0.912035942 -0.004745668 -0.317065299 0.260072380
1413393253255760384.000000 0.001466870 2.598598003 0.045130968 0.909718990 -0.010035642 -0.322139442 0.261795700
1413393253305760512.000000 0.002081275 2.600239277 0.041559219 0.908103943 -0.014272678 -0.326024532 0.262395829
1413393253355760384.000000 0.002666295 2.601578474 0.036289692 0.907172859 -0.017451126 -0.328104258 0.262831569
1413393253405760512.000000 0.003198206 2.602504730 0.029367447 -0.906886637 0.020849116 0.327869654 -0.263862610
1413393253455760384.000000 0.003815591 2.602881908 0.020720959 -0.907189548 0.022829466 0.326922864 -0.263832301
1413393253505760512.000000 0.004752278 2.602745056 0.010508060 0.907917321 -0.023599057 -0.324621946 0.264101923
1413393253555760384.000000 0.005740702 2.601871252 -0.001215458 0.908667862 -0.024379577 -0.322111636 0.264523387
1413393253605760512.000000 0.007585526 2.600302458 -0.014509678 0.910537124 -0.023617337 -0.317489117 0.263751954
1413393253655760384.000000 0.013788402 2.598952293 -0.027556181 0.912105858 -0.022053633 -0.313286632 0.263491988
1413393253705760512.000000 0.015930831 2.596117020 -0.042963028 0.913511336 -0.020796884 -0.309732467 0.262926668
1413393253755760384.000000 0.017778516 2.592323780 -0.059453487 0.914852679 -0.017865604 -0.307114959 0.261544794
1413393253805760512.000000 0.019911408 2.588448048 -0.076022863 0.915496588 -0.017014079 -0.304809123 0.262045592
1413393253855760384.000000 0.022313774 2.584653378 -0.092993975 0.915423989 -0.017402411 -0.304039121 0.263166100
1413393253905760512.000000 0.030380964 2.584445477 -0.107313871 0.914966106 -0.017740991 -0.303208798 0.265681803
1413393253955760384.000000 0.033606768 2.581789970 -0.124311209 0.913944542 -0.018644691 -0.302598268 0.269800186
1413393254005760512.000000 0.036649466 2.576571465 -0.142430067 0.913019061 -0.020460071 -0.300860286 0.274701089
1413393254055760384.000000 0.040838957 2.572168112 -0.160475969 0.911334872 -0.020902570 -0.300197065 0.280915588
1413393254105760512.000000 0.045543432 2.567608595 -0.178498507 0.909488499 -0.022057010 -0.298850030 0.288154185
1413393254155760384.000000 0.050650418 2.562803745 -0.196693182 0.907645702 -0.022785980 -0.296448737 0.296274066
1413393254205760512.000000 0.055977046 2.557888508 -0.214712143 0.905075610 -0.023129944 -0.294887364 0.305523574
1413393254255760384.000000 0.062357605 2.553279400 -0.232528925 0.902752757 -0.023759788 -0.292914897 0.314124018
1413393254305760512.000000 0.073279679 2.549008846 -0.245015144 0.899956226 -0.020722542 -0.292701036 0.322452456
1413393254355760384.000000 0.080753684 2.544553280 -0.262826443 0.896844625 -0.016645901 -0.294054776 0.330037177
1413393254405760512.000000 0.088298857 2.539144278 -0.281287432 0.893517911 -0.011467778 -0.297450036 0.336181164
1413393254455760384.000000 0.095541358 2.534644604 -0.299768925 0.889625549 -0.008509741 -0.302388161 0.342133611
1413393254505760512.000000 0.102708161 2.530663967 -0.319173098 0.886207998 -0.005342879 -0.306950808 0.346969843
1413393254555760384.000000 0.109544516 2.527279377 -0.339609861 0.884064555 -0.006349482 -0.308952212 0.350625336
1413393254605760512.000000 0.115389884 2.524319172 -0.360867262 0.882066846 -0.008233330 -0.310980350 0.353810042
1413393254655760384.000000 0.120469570 2.521667480 -0.383136034 0.881429434 -0.011306153 -0.310355842 0.355856210
1413393254705760512.000000 0.125763357 2.519088030 -0.406892776 0.882665038 -0.012942506 -0.305454195 0.356977135
1413393254755760384.000000 0.130822599 2.516772747 -0.431278229 0.884379625 -0.014260373 -0.299052596 0.358101934
1413393254805760512.000000 0.133302033 2.512528896 -0.453560114 0.886290669 -0.014728968 -0.293815106 0.357693583
1413393254855760384.000000 0.137047470 2.510522366 -0.477921009 0.887736976 -0.015386794 -0.290197432 0.357031941
1413393254905760512.000000 0.141980410 2.508390427 -0.503434658 0.889242291 -0.015605617 -0.285859883 0.356775582
1413393254955760384.000000 0.145572364 2.506718397 -0.527792931 0.890299439 -0.016053244 -0.283729017 0.355819017
1413393255005760512.000000 0.148799956 2.505303860 -0.551456451 0.890953243 -0.016126785 -0.282982409 0.354772151
1413393255055760384.000000 0.151823878 2.504108906 -0.574602365 0.891863346 -0.017911671 -0.281151056 0.353854716
1413393255105760512.000000 0.151737690 2.499864101 -0.597191095 0.892946959 -0.020326225 -0.279081672 0.352627397
1413393255155760384.000000 0.153977573 2.498702049 -0.618690729 0.893898785 -0.024338694 -0.276996523 0.351604193
1413393255205760512.000000 0.156164289 2.497932911 -0.638954878 0.894768000 -0.028789368 -0.275166512 0.350492358
1413393255255760384.000000 0.157874107 2.496601582 -0.658242226 0.895442843 -0.032133803 -0.273807466 0.349541306
1413393255305760512.000000 0.158863664 2.494979382 -0.676138401 0.895914733 -0.035021491 -0.273145169 0.348571420
1413393255355760384.000000 0.159349561 2.492713451 -0.692660332 0.896030009 -0.037047558 -0.273054034 0.348136932
1413393255405760512.000000 0.159355044 2.489679813 -0.707831621 0.896298289 -0.038495187 -0.272272497 0.347901165
1413393255455760384.000000 0.159177840 2.485880375 -0.721726418 0.896316946 -0.039438955 -0.272122353 0.347864985
1413393255505760512.000000 0.159328461 2.481121540 -0.734688163 0.896172404 -0.039861053 -0.271806270 0.348435998
1413393255555760384.000000 0.159986675 2.475428104 -0.746635675 0.895589471 -0.039102551 -0.272563100 0.349428028
1413393255605760512.000000 0.159191906 2.466068268 -0.765502810 0.894822598 -0.038244814 -0.273414463 0.350819737
1413393255655760384.000000 0.160067022 2.458837986 -0.775210977 0.893909216 -0.037075069 -0.274414122 0.352489412
1413393255705760512.000000 0.160328448 2.451549530 -0.783440590 0.892698288 -0.036043968 -0.276117295 0.354330182
1413393255755760384.000000 0.160120964 2.443562746 -0.790712714 0.890912414 -0.035322592 -0.279511809 0.356231123
1413393255805760512.000000 0.159804165 2.435110092 -0.797111034 0.889196157 -0.034030870 -0.282239527 0.358487010
1413393255855760384.000000 0.158744872 2.426287174 -0.802790403 0.886709154 -0.033533320 -0.287421167 0.360571235
1413393255905760512.000000 0.158258617 2.417037010 -0.808431983 0.884349942 -0.030510737 -0.292831868 0.362275869
1413393255955760384.000000 0.157966733 2.407279968 -0.814518332 0.882580578 -0.025277290 -0.296514183 0.363994390
1413393256005760512.000000 0.157058835 2.397247553 -0.821180463 0.881086349 -0.021276912 -0.299452960 0.365461648
1413393256055760384.000000 0.154778183 2.387420654 -0.832885385 0.880010605 -0.017350124 -0.301039249 0.366954774
1413393256105760512.000000 0.151399791 2.377221346 -0.840719461 0.879195750 -0.015135040 -0.301689655 0.368468732
1413393256155760384.000000 0.147436142 2.366430759 -0.848607421 0.878694713 -0.014054205 -0.301957756 0.369485795
1413393256205760512.000000 0.142563820 2.356197834 -0.857418418 0.878562689 -0.014799752 -0.301504433 0.370139956
1413393256255760384.000000 0.137323797 2.345924616 -0.867043614 0.878178418 -0.016563328 -0.301475167 0.371000141
1413393256305760512.000000 0.132285178 2.335641384 -0.877732038 0.878080428 -0.018369602 -0.301242828 0.371335626
1413393256355760384.000000 0.127117693 2.325217247 -0.889167190 0.878057003 -0.021394847 -0.301154226 0.371300936
1413393256405760512.000000 0.122410476 2.314358711 -0.901380777 0.877608061 -0.024647705 -0.302064627 0.371421129
1413393256455760384.000000 0.118821442 2.303091049 -0.914765835 0.877875805 -0.029702429 -0.301230043 0.371096164
1413393256505760512.000000 0.116581321 2.290987015 -0.929113269 0.878401995 -0.033840526 -0.300146222 0.370374322
1413393256555760384.000000 0.113596797 2.276239872 -0.944396973 0.878564835 -0.035834342 -0.300531328 0.369486988
1413393256605760512.000000 0.114358902 2.261901379 -0.960396409 0.879023552 -0.033166371 -0.301461756 0.367883682
1413393256655760384.000000 0.115825117 2.247574329 -0.977550745 0.879557192 -0.027757546 -0.302176118 0.366467535
1413393256705760512.000000 0.115808278 2.232423782 -0.994666457 0.880055547 -0.023164622 -0.302934527 0.364960879
1413393256755760384.000000 0.113549411 2.217050552 -1.011943698 0.880579650 -0.019533591 -0.303719431 0.363252699
1413393256805760512.000000 0.108530968 2.201502800 -1.029236317 0.881310880 -0.016259015 -0.303644359 0.361700118
1413393256855760384.000000 0.100824028 2.186282158 -1.046297550 0.882052481 -0.014046838 -0.303681999 0.359949321
1413393256905760512.000000 0.091173202 2.171634197 -1.062953472 0.883129358 -0.014727979 -0.302712440 0.358093381
1413393256955760384.000000 0.079966009 2.157155037 -1.079621196 0.883996010 -0.016892672 -0.301744312 0.356673747
1413393257005760512.000000 0.067975491 2.142474174 -1.096751332 0.885057211 -0.019809714 -0.300197005 0.355194598
1413393257055760384.000000 0.050415397 2.125345230 -1.115614891 0.885779738 -0.020350859 -0.299160063 0.354236305
1413393257105760512.000000 0.037630469 2.110450745 -1.133314610 0.886790574 -0.022299007 -0.297096431 0.353325725
1413393257155760384.000000 0.025388628 2.096401215 -1.151795387 0.886988401 -0.024637183 -0.296878427 0.352856636
1413393257205760512.000000 0.013209820 2.081471920 -1.170349956 0.887274981 -0.025378408 -0.296145618 0.352699578
1413393257255760384.000000 0.000937849 2.066349506 -1.189066172 0.887075782 -0.026812993 -0.296625286 0.352691412
1413393257305760512.000000 -0.010708094 2.050786018 -1.208129644 0.887561440 -0.026457747 -0.294981897 0.352874607
1413393257355760384.000000 -0.022782654 2.034867764 -1.227299929 0.887522340 -0.026339512 -0.294955909 0.353003412
1413393257405760512.000000 -0.034844637 2.018553257 -1.246456742 0.887506068 -0.026024336 -0.294418961 0.353515506
1413393257455760384.000000 -0.047169417 2.002112865 -1.265569806 0.887109995 -0.026124740 -0.295025408 0.353996396
1413393257505760512.000000 -0.059643984 1.985209465 -1.284479856 0.886962950 -0.027776308 -0.294484288 0.354688942
1413393257555760384.000000 -0.073796123 1.966153383 -1.303163648 0.886988342 -0.027215082 -0.293608725 0.355394155
1413393257605760512.000000 -0.086603463 1.948810816 -1.321974039 0.887022734 -0.027957520 -0.292057157 0.356527418
1413393257655760384.000000 -0.099611789 1.931084394 -1.340042114 0.886703789 -0.029159000 -0.291187048 0.357933432
1413393257705760512.000000 -0.113108546 1.913052559 -1.358208299 0.885979652 -0.029121021 -0.291695833 0.359312773
1413393257755760384.000000 -0.126419067 1.894697189 -1.376285315 0.885668516 -0.028456237 -0.290908843 0.360768169
1413393257805760512.000000 -0.139710084 1.876137018 -1.394076824 0.884913325 -0.026073175 -0.291695625 0.362163424
1413393257855760384.000000 -0.152543113 1.857289791 -1.411960125 0.883821666 -0.021968992 -0.293692410 0.363485187
1413393257905760512.000000 -0.164727718 1.838328838 -1.430317998 0.882848859 -0.017770983 -0.295111924 0.364926100
1413393257955760384.000000 -0.176045701 1.819359541 -1.449532866 0.882202446 -0.013981324 -0.296103865 0.365849733
1413393258005760512.000000 -0.186911047 1.800595045 -1.469147921 0.881837368 -0.011426751 -0.296113551 0.366809368
1413393258055760384.000000 -0.198633969 1.782654762 -1.493549824 0.881469667 -0.009546819 -0.296237379 0.367646039
1413393258105760512.000000 -0.209078491 1.764817953 -1.514422536 0.881637156 -0.009482080 -0.295545071 0.367803007
1413393258155760384.000000 -0.219236344 1.747960329 -1.535572648 0.882323205 -0.009254052 -0.295333922 0.366330624
1413393258205760512.000000 -0.229324281 1.731687307 -1.557631493 0.883448660 -0.009664880 -0.295512170 0.363452435
1413393258255760384.000000 -0.238604605 1.716064453 -1.580562592 0.886035383 -0.009121977 -0.292873532 0.359281570
1413393258305760512.000000 -0.247088000 1.701293945 -1.603993893 0.889778197 -0.006686701 -0.288186312 0.353834361
1413393258355760384.000000 -0.255090326 1.687583923 -1.627817392 0.894605935 -0.004296255 -0.281491697 0.347021967
1413393258405760512.000000 -0.263319731 1.675134897 -1.651609063 0.899109304 -0.004657861 -0.277031898 0.338871986
1413393258455760384.000000 -0.271697968 1.663949013 -1.674703836 0.903273761 -0.005880676 -0.274742156 0.329512805
1413393258505760512.000000 -0.280023456 1.654210329 -1.696959734 0.908024788 -0.010002505 -0.271711171 0.318691164
1413393258555760384.000000 -0.290035278 1.643748760 -1.726969481 0.912881136 -0.012481808 -0.269549996 0.306325227
1413393258605760512.000000 -0.296689838 1.635884762 -1.748142719 0.917448401 -0.013268629 -0.269513100 0.292361170
1413393258655760384.000000 -0.303300560 1.629129171 -1.768424988 0.920949221 -0.013856038 -0.272799045 0.277923316
1413393258705760512.000000 -0.309415102 1.623266220 -1.787395239 0.923776925 -0.014504888 -0.278584391 0.262329370
1413393258755760384.000000 -0.314976364 1.617796183 -1.805509567 0.925961673 -0.015994379 -0.285015315 0.247195348
1413393258805760512.000000 -0.320030957 1.612693787 -1.823260188 0.928340435 -0.018774090 -0.290242076 0.231497750
1413393258855760384.000000 -0.324602634 1.607805729 -1.840708017 0.930938780 -0.021888498 -0.294250458 0.215152591
1413393258905760512.000000 -0.329077840 1.602741003 -1.857604146 0.932964087 -0.022206642 -0.298949331 0.199284121
1413393258955760384.000000 -0.339386195 1.596475363 -1.876936674 0.934863389 -0.021504015 -0.303418577 0.183044255
1413393259005760512.000000 -0.343278766 1.591511011 -1.893546939 0.936858475 -0.020484494 -0.306848615 0.166494742
1413393259055760384.000000 -0.346239060 1.586811781 -1.909852266 -0.938789368 0.019596279 0.309364408 -0.150280267
1413393259105760512.000000 -0.349457532 1.582148552 -1.926163912 -0.940594316 0.019810440 0.311688453 -0.133192480
1413393259155760384.000000 -0.352305293 1.577343225 -1.942703366 -0.942249179 0.018705163 0.313430965 -0.116523355
1413393259205760512.000000 -0.355239928 1.572438717 -1.959436178 -0.943918824 0.018596688 0.314048201 -0.100226223
1413393259255760384.000000 -0.358423769 1.567631721 -1.976215482 -0.945192397 0.017995041 0.315170646 -0.083396375
1413393259305760512.000000 -0.361865759 1.562701464 -1.993518710 -0.946166754 0.018500719 0.316206187 -0.066632614
1413393259355760384.000000 -0.365584433 1.557717681 -2.011227131 -0.946662307 0.018547360 0.317701161 -0.050522301
1413393259405760512.000000 -0.373141706 1.550994396 -2.029757023 0.947482228 -0.018867610 -0.317488968 0.033500366
1413393259455760384.000000 -0.376703084 1.545933604 -2.048907280 0.948028624 -0.019220673 -0.317152470 0.016930478
1413393259505760512.000000 -0.379575670 1.540180922 -2.067733288 -0.948077202 0.018379703 0.317508578 -0.000244489
1413393259555760384.000000 -0.382609546 1.535041690 -2.087697983 -0.947830141 0.017680546 0.317807168 0.017440597
1413393259605760512.000000 -0.385311723 1.529919147 -2.107964039 -0.947452843 0.016246594 0.317549706 0.035090648
1413393259655760384.000000 -0.388267040 1.524880409 -2.128447294 -0.946444333 0.015654942 0.318141013 0.052766744
1413393259705760512.000000 -0.390926957 1.519900441 -2.149302721 -0.945274234 0.014995963 0.318092525 0.071055338
1413393259755760384.000000 -0.393456817 1.514835715 -2.170469761 0.943846643 -0.014625662 -0.317946732 -0.088598087
1413393259805760512.000000 -0.395695806 1.509815097 -2.192077160 0.942449927 -0.013836513 -0.316867352 -0.105791822
1413393259855760384.000000 -0.394778132 1.506312847 -2.212197781 0.940755606 -0.013508903 -0.315861344 -0.122589372
1413393259905760512.000000 -0.396656871 1.501289606 -2.234941721 0.938962340 -0.012948513 -0.314607680 -0.138579100
1413393259955760384.000000 -0.399488926 1.496662617 -2.256911755 0.936816096 -0.012527334 -0.313719541 -0.154268712
1413393260005760512.000000 -0.402247787 1.491875410 -2.279497623 0.934616804 -0.012495807 -0.312310398 -0.169698432
1413393260055760384.000000 -0.405150056 1.487032413 -2.302291870 0.932203591 -0.011609561 -0.311490864 -0.183943108
1413393260105760512.000000 -0.407501459 1.482358098 -2.325490713 0.929954708 -0.012091353 -0.309168726 -0.198627353
1413393260155760384.000000 -0.410060644 1.477375746 -2.348787308 0.927244723 -0.012152033 -0.307767957 -0.212952033
1413393260205760512.000000 -0.407454252 1.472668886 -2.366645098 0.924663842 -0.012316592 -0.306023359 -0.226262867
1413393260255760384.000000 -0.410533309 1.467557788 -2.389890432 0.921678126 -0.011899737 -0.304228246 -0.240443647
1413393260305760512.000000 -0.414649367 1.462645769 -2.413240433 0.920007050 -0.012211842 -0.298122257 -0.254088730
1413393260355760384.000000 -0.419263482 1.457237363 -2.436347961 0.920032680 -0.010371863 -0.287356585 -0.266192526
1413393260405760512.000000 -0.425268292 1.451304436 -2.458281994 0.920640707 -0.006060958 -0.275567532 -0.276489854
1413393260455760384.000000 -0.431949258 1.444742799 -2.478905439 0.922379076 0.000323829 -0.261222661 -0.284569085
1413393260505760512.000000 -0.435406744 1.436978817 -2.495464087 0.924286008 0.006987048 -0.246801987 -0.291093588
1413393260555760384.000000 -0.443717957 1.429825068 -2.510387182 0.926061809 0.015220156 -0.234516159 -0.295262843
1413393260605760512.000000 -0.452985883 1.422604918 -2.522023678 0.927331686 0.022468356 -0.224431157 -0.298633277
1413393260655760384.000000 -0.462030113 1.416074514 -2.529432774 0.927109003 0.031397335 -0.219787002 -0.301955104
1413393260705760512.000000 -0.469257593 1.410703540 -2.532772303 0.926199257 0.038991958 -0.216894329 -0.305927247
1413393260755760384.000000 -0.475805998 1.406560779 -2.531699419 0.923120320 0.043510754 -0.224906072 -0.308825254
1413393260805760512.000000 -0.481032670 1.403726339 -2.526657104 0.919081450 0.045540377 -0.237627983 -0.311044008
1413393260855760384.000000 -0.483916700 1.402647853 -2.518369913 0.914670944 0.039861757 -0.252222806 -0.313323796
1413393260905760512.000000 -0.484618306 1.403157711 -2.507791042 0.910710156 0.032092612 -0.265274912 -0.314970583
1413393260955760384.000000 -0.483854175 1.404694319 -2.495375633 0.906938493 0.023405081 -0.277671158 -0.315932959
1413393261005760512.000000 -0.480007172 1.406476259 -2.481050968 0.903730273 0.015902586 -0.288358808 -0.316018879
1413393261055760384.000000 -0.477550149 1.410123229 -2.467993498 0.901252925 0.010453364 -0.296703696 -0.315596014
1413393261105760512.000000 -0.475099325 1.414975882 -2.454903603 0.899062455 0.006545407 -0.304241240 -0.314771503
1413393261155760384.000000 -0.472366691 1.420553327 -2.442776680 0.897499979 0.006077329 -0.310050547 -0.313569069
1413393261205760512.000000 -0.469855428 1.427017450 -2.431387186 0.896172106 0.006240984 -0.314738303 -0.312692314
1413393261255760384.000000 -0.467161298 1.434410095 -2.421237946 0.895868123 0.006348654 -0.316762716 -0.311514676
1413393261305760512.000000 -0.463789940 1.442990780 -2.412300825 0.896388948 0.006155367 -0.314614713 -0.312196583
1413393261355760384.000000 -0.460014105 1.452745199 -2.404307604 0.896766245 0.005160282 -0.310570985 -0.315165758
1413393261405760512.000000 -0.456261635 1.463386774 -2.396896362 0.896691322 0.004586956 -0.306769997 -0.319086164
1413393261455760384.000000 -0.452362180 1.475155354 -2.389964104 0.895925522 0.004787298 -0.302890331 -0.324887872
1413393261505760512.000000 -0.450839639 1.486396790 -2.383796692 0.893286705 0.001110908 -0.302420050 -0.332535475
1413393261555760384.000000 -0.447229862 1.499972224 -2.377836943 0.889906645 -0.004772800 -0.303068072 -0.340871304
1413393261605760512.000000 -0.443781137 1.514863014 -2.373226881 0.885377467 -0.012093699 -0.305509597 -0.350177586
1413393261655760384.000000 -0.440854669 1.529173613 -2.368453264 0.879980862 -0.017300457 -0.308299333 -0.360951453
1413393261705760512.000000 -0.439057708 1.542676449 -2.365503311 0.873907924 -0.021585314 -0.311315358 -0.372695178
1413393261755760384.000000 -0.436597228 1.556772709 -2.363547087 0.867688179 -0.024605397 -0.313461959 -0.385036975
1413393261805760512.000000 -0.434673786 1.570622325 -2.363309860 0.861333430 -0.025669595 -0.314273447 -0.398344159
1413393261855760384.000000 -0.432433605 1.583860874 -2.365135670 0.856176674 -0.024869666 -0.311401159 -0.411548823
1413393261905760512.000000 -0.430183053 1.596712112 -2.370164394 0.853432536 -0.021176456 -0.303891510 -0.422911942
1413393261955760384.000000 -0.427930355 1.608726382 -2.376409531 0.850854933 -0.018869488 -0.296603590 -0.433262318
1413393262005760512.000000 -0.426449180 1.620080113 -2.384485722 0.848573208 -0.015141219 -0.290445834 -0.441967785
1413393262055760384.000000 -0.424939275 1.631155849 -2.393204212 0.846749365 -0.013161193 -0.284701318 -0.449207753
1413393262105760512.000000 -0.422400653 1.644364953 -2.402446747 0.844888926 -0.011057618 -0.280605555 -0.455303222
1413393262155760384.000000 -0.420854568 1.654835343 -2.412472963 0.843323469 -0.010562610 -0.277625620 -0.460019648
1413393262205760512.000000 -0.419062972 1.665077329 -2.423205853 0.842208982 -0.008349278 -0.275488138 -0.463379741
1413393262255760384.000000 -0.416621864 1.675075531 -2.434298515 0.841152966 -0.007718182 -0.274382055 -0.465957850
1413393262305760512.000000 -0.414552093 1.684813976 -2.445358992 0.839818716 -0.005798347 -0.275118560 -0.467953771
1413393262355760384.000000 -0.412542760 1.694555640 -2.456727505 0.839308381 -0.003425052 -0.274627626 -0.469179660
1413393262405760512.000000 -0.410725176 1.704544425 -2.467994690 0.838722289 -0.003779545 -0.274970680 -0.470023274
1413393262455760384.000000 -0.408901572 1.714926362 -2.479469776 0.838207424 -0.003288174 -0.275541574 -0.470610797
1413393262505760512.000000 -0.407538295 1.725596309 -2.491043091 0.838073909 -0.002874918 -0.275443465 -0.470908433
1413393262555760384.000000 -0.408060670 1.736571431 -2.502036572 0.837917149 -0.002056578 -0.275418460 -0.471206337
1413393262605760512.000000 -0.409105659 1.746685505 -2.510775089 0.837833047 -0.000656625 -0.275469869 -0.471329838
1413393262655760384.000000 -0.414720535 1.757762551 -2.519389629 0.837837100 -0.000445179 -0.275584310 -0.471255958
1413393262705760512.000000 -0.423020065 1.769047141 -2.527342319 0.837869585 -0.000557284 -0.275333703 -0.471344471
1413393262755760384.000000 -0.434492648 1.780132890 -2.535529375 0.837708414 0.000052649 -0.275317222 -0.471640855
1413393262805760512.000000 -0.446715295 1.791596293 -2.542264938 0.837502599 0.000127304 -0.275655538 -0.471808821
1413393262855760384.000000 -0.459439933 1.803609014 -2.548941612 0.837227583 -0.000415328 -0.276218712 -0.471967280
1413393262905760512.000000 -0.471926510 1.816026688 -2.555615425 0.836884201 -0.001366273 -0.276291639 -0.472531527
1413393262955760384.000000 -0.484175920 1.828691721 -2.562593937 0.836106718 -0.002456896 -0.278189570 -0.472789764
1413393263005760512.000000 -0.495566607 1.841373444 -2.569611311 0.835463703 -0.003614685 -0.279084772 -0.473391086
1413393263055760384.000000 -0.504909396 1.854314685 -2.566953659 0.835591674 -0.007225984 -0.280914068 -0.472039998
1413393263105760512.000000 -0.515343606 1.867274880 -2.574690342 0.834572256 -0.008435355 -0.282982022 -0.472587883
1413393263155760384.000000 -0.524759769 1.880737305 -2.583534479 0.833924592 -0.011017084 -0.284036785 -0.473045021
1413393263205760512.000000 -0.534513116 1.893868804 -2.593023300 0.833037198 -0.012776348 -0.285510510 -0.473676771
1413393263255760384.000000 -0.542469621 1.906701922 -2.603349447 0.832880855 -0.014488738 -0.285414606 -0.473959923
1413393263305760512.000000 -0.549656153 1.919516921 -2.614764929 0.832977355 -0.015470977 -0.284820467 -0.474116683
1413393263355760384.000000 -0.556454539 1.931871295 -2.626781702 0.832722366 -0.016491877 -0.285166174 -0.474322557
1413393263405760512.000000 -0.563494921 1.944126725 -2.639548779 0.832591236 -0.017445559 -0.286294430 -0.473838627
1413393263455760384.000000 -0.571380496 1.956586480 -2.652787685 0.833216250 -0.015838301 -0.285081118 -0.473527968
1413393263505760512.000000 -0.580677629 1.967897892 -2.663919926 0.833897531 -0.014258943 -0.283501863 -0.473326951
1413393263555760384.000000 -0.592568517 1.980362415 -2.676699877 0.835736871 -0.013760252 -0.279417932 -0.472525418
1413393263605760512.000000 -0.606332123 1.992493510 -2.688894033 0.837624133 -0.013310443 -0.274278909 -0.472207367
1413393263655760384.000000 -0.621343672 2.003756523 -2.701066732 0.840024471 -0.014068126 -0.267247200 -0.471953422
1413393263705760512.000000 -0.638369441 2.015281677 -2.711732864 0.841736734 -0.016062116 -0.261124671 -0.472266048
1413393263755760384.000000 -0.656080484 2.026329517 -2.719911814 0.842164099 -0.016123060 -0.255682021 -0.474474907
1413393263805760512.000000 -0.674151063 2.036796331 -2.728038549 0.841905713 -0.015687222 -0.250178248 -0.477869838
1413393263855760384.000000 -0.692153513 2.046530962 -2.734920263 0.839891016 -0.015818179 -0.247054189 -0.483008444
1413393263905760512.000000 -0.708646357 2.054652929 -2.740498066 0.837396622 -0.014976719 -0.243981332 -0.488892406
1413393263955760384.000000 -0.724492669 2.062197447 -2.745091438 0.834312618 -0.015257588 -0.241071239 -0.495554537
1413393264005760512.000000 -0.739751816 2.068764925 -2.748582840 0.830605328 -0.013981693 -0.240893826 -0.501865983
1413393264055760384.000000 -0.752005577 2.074103117 -2.750923634 0.826454222 -0.014416662 -0.243366852 -0.507482052
1413393264105760512.000000 -0.765128613 2.078571558 -2.752657413 0.822239995 -0.011658929 -0.248032227 -0.512118638
1413393264155760384.000000 -0.777693093 2.081690788 -2.753762722 0.818434238 -0.009288783 -0.253877968 -0.515388250
1413393264205760512.000000 -0.789643109 2.084215403 -2.754593134 0.814701676 -0.006299333 -0.260699213 -0.517935693
1413393264255760384.000000 -0.800476372 2.085912943 -2.755346298 0.812187612 -0.001510593 -0.265504956 -0.519476891
1413393264305760512.000000 -0.810974419 2.087804556 -2.756186485 0.810124874 0.001083826 -0.270396113 -0.520175457
1413393264355760384.000000 -0.818916142 2.091297626 -2.756734848 0.809316993 0.005420145 -0.273390383 -0.519840777
1413393264405760512.000000 -0.827691078 2.094621897 -2.757979631 0.808543801 0.008660046 -0.276352018 -0.519433916
1413393264455760384.000000 -0.835610628 2.099055052 -2.759713173 0.808662832 0.009280267 -0.277111709 -0.518832803
1413393264505760512.000000 -0.843353570 2.104251385 -2.761499882 0.809244812 0.008966565 -0.277819276 -0.517550945
1413393264555760384.000000 -0.850493133 2.110482693 -2.763443470 0.810167968 0.008872561 -0.277556807 -0.516247392
1413393264605760512.000000 -0.857746243 2.116445065 -2.766171455 0.811372280 0.005700633 -0.276262701 -0.515093744
1413393264655760384.000000 -0.864095867 2.124508142 -2.768378019 0.812256217 0.003278873 -0.276187897 -0.513760030
1413393264705760512.000000 -0.870257378 2.133572102 -2.770587921 0.812556088 -0.000280574 -0.275384098 -0.513727784
1413393264755760384.000000 -0.876755893 2.143230200 -2.772532225 0.811562538 -0.002161472 -0.275988549 -0.514967978
1413393264805760512.000000 -0.882077515 2.151509523 -2.773705482 0.811694086 -0.003009627 -0.274312317 -0.515651524
1413393264855760384.000000 -0.888757527 2.161643982 -2.776001215 0.811290562 -0.001764267 -0.273359090 -0.516797304
1413393264905760512.000000 -0.895454407 2.172075510 -2.778386116 0.811403990 -0.000208301 -0.271819055 -0.517434120
1413393264955760384.000000 -0.902609110 2.182592869 -2.780687571 0.811466694 0.001459518 -0.271350831 -0.517579377
1413393265005760512.000000 -0.909651756 2.193628311 -2.783059597 0.811502635 0.003148916 -0.270533890 -0.517942965
1413393265055760384.000000 -0.915525079 2.205084801 -2.785951853 0.812284708 0.003422049 -0.268272966 -0.517891407
1413393265105760512.000000 -0.922179878 2.216705561 -2.788279533 0.813161910 0.003146447 -0.266247272 -0.517561913
1413393265155760384.000000 -0.927211881 2.226320744 -2.790101051 0.815131187 0.000296755 -0.259881854 -0.517709017
1413393265205760512.000000 -0.931839764 2.238191843 -2.792013407 0.818215132 -0.004766143 -0.251231134 -0.517092228
1413393265255760384.000000 -0.936356306 2.249512434 -2.792971611 0.820931137 -0.008263063 -0.243467122 -0.516456842
1413393265305760512.000000 -0.940230131 2.260116339 -2.793072224 0.822447121 -0.014405947 -0.237913519 -0.516498208
1413393265355760384.000000 -0.944070697 2.269225359 -2.792366028 0.822658539 -0.022401145 -0.237592772 -0.516024053
1413393265405760512.000000 -0.946376324 2.278110027 -2.792088985 0.821804583 -0.028051477 -0.241197139 -0.515436172
1413393265455760384.000000 -0.949725091 2.283757687 -2.789879322 0.819966435 -0.030269470 -0.247456789 -0.515270650
1413393265505760512.000000 -0.952227414 2.287741661 -2.787625074 0.817453742 -0.032011900 -0.255136460 -0.515412509
1413393265555760384.000000 -0.953925133 2.290647030 -2.785602570 0.815006971 -0.028923776 -0.260356069 -0.516857624
1413393265605760512.000000 -0.954055071 2.292488813 -2.784087181 0.812794566 -0.022356126 -0.261184007 -0.520238638
1413393265655760384.000000 -0.953782439 2.293512344 -2.783647060 0.810680568 -0.014193166 -0.259736538 -0.524530828
1413393265705760512.000000 -0.952374101 2.294251442 -2.782484531 0.807757735 -0.008383261 -0.257772893 -0.530104101
1413393265755760384.000000 -0.950219691 2.295248270 -2.781435490 0.803943872 -0.003048111 -0.255748123 -0.536896527
1413393265805760512.000000 -0.946933031 2.295919657 -2.780091763 0.800351620 0.000866038 -0.253174543 -0.543451250
1413393265855760384.000000 -0.942602515 2.296609163 -2.777544975 0.795567811 0.003335753 -0.251510829 -0.551183403
1413393265905760512.000000 -0.937741041 2.297701359 -2.775442123 0.790317833 0.004964185 -0.250196159 -0.559262872
1413393265955760384.000000 -0.934441686 2.296605110 -2.771280766 0.784774780 0.005066341 -0.249394476 -0.567367017
1413393266005760512.000000 -0.927428961 2.298279285 -2.768217564 0.777954757 0.004946806 -0.247906461 -0.577325106
1413393266055760384.000000 -0.920342684 2.300241232 -2.764699936 0.769715786 0.003706329 -0.248165712 -0.588164747
1413393266105760512.000000 -0.911790252 2.302576780 -2.761045218 0.761538327 0.003785947 -0.245085180 -0.599981964
1413393266155760384.000000 -0.901840329 2.305887222 -2.756705761 0.751993477 0.003885338 -0.241482407 -0.613332748
1413393266205760512.000000 -0.891328275 2.308710575 -2.752144098 0.740830302 0.003727787 -0.238614872 -0.627869070
1413393266255760384.000000 -0.879879594 2.311384916 -2.747437954 0.728580832 0.003999369 -0.235336885 -0.643250048
1413393266305760512.000000 -0.869370937 2.311658621 -2.744204044 0.714617074 0.003116689 -0.231432751 -0.660114944
1413393266355760384.000000 -0.856024444 2.314163208 -2.739171982 0.699310780 0.003935084 -0.226537183 -0.677960157
1413393266405760512.000000 -0.842216909 2.317105293 -2.734066963 0.682867289 0.003858174 -0.221532211 -0.696132839
1413393266455760384.000000 -0.828628421 2.319906235 -2.728914738 0.664129794 0.005008590 -0.215855941 -0.715760350
1413393266505760512.000000 -0.812676072 2.322775602 -2.723609447 0.644365907 0.004447230 -0.210031390 -0.735295653
1413393266555760384.000000 -0.796905875 2.325115204 -2.718423128 0.624403656 0.002531450 -0.203303993 -0.754175842
1413393266605760512.000000 -0.783937514 2.326257944 -2.714170933 -0.604866683 0.002472344 0.194591597 0.772181571
1413393266655760384.000000 -0.772607803 2.328383446 -2.708496571 -0.585991621 0.005915135 0.187920436 0.788203537
1413393266705760512.000000 -0.765700221 2.329378605 -2.702961683 -0.568600476 0.008974565 0.182173133 0.802138448
1413393266755760384.000000 -0.764676929 2.327886581 -2.699024439 -0.551898777 0.011663907 0.177026615 0.814821124
1413393266805760512.000000 -0.762480319 2.327824354 -2.693367958 -0.536517501 0.013828473 0.172690704 0.825915039
1413393266855760384.000000 -0.759339452 2.326273441 -2.689675808 0.524130106 -0.017005462 -0.166321233 -0.835066319
1413393266905760512.000000 -0.753585577 2.324973106 -2.688800812 -0.514269650 0.018740864 0.159744337 0.842411637
1413393266955760384.000000 -0.744924068 2.322876930 -2.690090895 -0.505499065 0.015003056 0.159165755 0.847886801
1413393267005760512.000000 -0.731978416 2.319316387 -2.694622517 -0.498989969 0.012287065 0.158535033 0.851894855
1413393267055760384.000000 -0.716574132 2.317022562 -2.702590466 -0.492530167 0.007294345 0.162064657 0.855041444
1413393267105760512.000000 -0.698553681 2.312241316 -2.711721182 -0.489510179 0.006067851 0.161905110 0.856813729
1413393267155760384.000000 -0.682561636 2.307085991 -2.721981525 0.487294078 -0.004163067 -0.164325401 -0.857627153
1413393267205760512.000000 -0.670318365 2.301294088 -2.729171515 -0.486431837 0.002267581 0.166322455 0.857738853
1413393267255760384.000000 -0.660307765 2.296156406 -2.738631487 -0.485968798 0.002204283 0.168658867 0.857545197
1413393267305760512.000000 -0.653334439 2.291247368 -2.747816086 0.486792028 -0.000799175 -0.170763388 -0.856663704
1413393267355760384.000000 -0.648461103 2.286834240 -2.756971836 0.488183975 -0.001462110 -0.172095045 -0.855603695
1413393267405760512.000000 -0.646382928 2.282886028 -2.765530586 0.489969641 -0.001302353 -0.172141835 -0.854573250
1413393267455760384.000000 -0.646528482 2.279187441 -2.773908377 0.492380053 -0.000640618 -0.172011584 -0.853213668
1413393267505760512.000000 -0.654697239 2.278997660 -2.776165962 -0.496077478 0.000132047 0.169185683 0.851635695
1413393267555760384.000000 -0.659890413 2.275605917 -2.783686161 -0.499596208 -0.002262417 0.167149067 0.849976301
1413393267605760512.000000 -0.666351736 2.271800518 -2.791857958 0.502790272 0.004389132 -0.164954215 -0.848512173
1413393267655760384.000000 -0.675118804 2.267388582 -2.799234629 0.505596042 0.006094972 -0.163133487 -0.847185314
1413393267705760512.000000 -0.686031640 2.267115116 -2.804061413 -0.507963657 -0.007146626 0.161286980 0.846113741
1413393267755760384.000000 -0.699241817 2.262489319 -2.809649944 -0.510321736 -0.009579553 0.158973962 0.845107794
1413393267805760512.000000 -0.713844359 2.257321835 -2.815052032 0.511256158 0.010792744 -0.157840475 -0.844740868
1413393267855760384.000000 -0.727740228 2.251994848 -2.819473982 0.512448549 0.011875315 -0.154442683 -0.844631910
1413393267905760512.000000 -0.741133213 2.254265070 -2.819352627 -0.513169050 -0.012830953 0.152272969 0.844574392
1413393267955760384.000000 -0.752480090 2.250179529 -2.821292877 -0.512456417 -0.011455952 0.152897432 0.844913900
1413393268005760512.000000 -0.763635576 2.243994236 -2.824634075 0.510595679 0.009115085 -0.156878039 -0.845339179
1413393268055760384.000000 -0.772543490 2.241377354 -2.827320576 -0.508503020 -0.006615113 0.162205309 0.845618367
1413393268105760512.000000 -0.780591667 2.236796618 -2.829410076 -0.506968439 -0.005481817 0.165531948 0.845903158
1413393268155760384.000000 -0.788855851 2.232097149 -2.831618786 0.504915178 0.004784286 -0.170210749 -0.846206903
1413393268205760512.000000 -0.795274496 2.228726625 -2.835397482 -0.504212976 -0.005062121 0.171638876 0.846335471
1413393268255760384.000000 -0.801683307 2.225357294 -2.838104725 -0.504440784 -0.006998686 0.169841662 0.846548498
1413393268305760512.000000 -0.808052719 2.222355366 -2.840966702 0.505551457 0.010401344 -0.166298732 -0.846554399
1413393268355760384.000000 -0.811163366 2.223260641 -2.844209194 -0.507077277 -0.015258031 0.161329269 0.846529841
1413393268405760512.000000 -0.815191329 2.221051693 -2.847011089 -0.508721292 -0.021368746 0.156078964 0.846395552
1413393268455760384.000000 -0.817762256 2.219321728 -2.849629402 0.509526432 0.023954611 -0.153469771 -0.846319139
1413393268505760512.000000 -0.819192648 2.217952013 -2.851462364 0.510504484 0.026472706 -0.152835414 -0.845769346
1413393268555760384.000000 -0.819054902 2.216769457 -2.852426767 0.510131240 0.025719894 -0.156262189 -0.845391512
1413393268605760512.000000 -0.816729665 2.215898514 -2.853072643 0.510237813 0.022609198 -0.159739882 -0.844765902
1413393268655760384.000000 -0.812928915 2.215207100 -2.853595734 0.510520577 0.019314390 -0.161983117 -0.844249547
1413393268705760512.000000 -0.807995319 2.214819908 -2.854058027 0.510970771 0.016141549 -0.163626492 -0.843726754
1413393268755760384.000000 -0.802317858 2.214499950 -2.854321480 0.511075139 0.014115895 -0.166585758 -0.843120515
1413393268805760512.000000 -0.795950174 2.214454651 -2.854622841 0.510841429 0.013921228 -0.169519842 -0.842680395
1413393268855760384.000000 -0.786591828 2.212625504 -2.855331659 -0.511229098 -0.012089123 0.171803579 0.842010856
1413393268905760512.000000 -0.780489028 2.213664532 -2.855220318 -0.511017263 -0.012002383 0.173968628 0.841696084
1413393268955760384.000000 -0.776007652 2.217129707 -2.854496002 0.511947393 0.010211953 -0.172930375 -0.841368318
1413393269005760512.000000 -0.773042381 2.220282793 -2.853475094 0.514116168 0.009730263 -0.168245539 -0.841001451
1413393269055760384.000000 -0.771920800 2.223731756 -2.851724863 0.516477048 0.010768833 -0.161431864 -0.840877712
1413393269105760512.000000 -0.773852587 2.228528500 -2.849109888 0.519203842 0.013803259 -0.152622625 -0.840799153
1413393269155760384.000000 -0.769986808 2.228781700 -2.846882820 0.519554675 0.016389474 -0.146998733 -0.841537714
1413393269205760512.000000 -0.767779350 2.229640007 -2.843189716 0.517710090 0.014817085 -0.142688662 -0.843443394
1413393269255760384.000000 -0.762809396 2.223979235 -2.839237928 -0.512764931 -0.011224990 0.142853379 0.846486390
1413393269305760512.000000 -0.758578002 2.222732306 -2.833947182 -0.506115913 -0.005419086 0.143374130 0.850447595
1413393269355760384.000000 -0.754657030 2.221343040 -2.827457905 -0.499293923 0.002454698 0.142643213 0.854606688
1413393269405760512.000000 -0.750063539 2.219136477 -2.821202755 -0.491692543 0.009222966 0.143529922 0.858808815
1413393269455760384.000000 -0.747306228 2.216090202 -2.815133572 -0.485691994 0.013122069 0.143838301 0.862114727
1413393269505760512.000000 -0.751200080 2.210801601 -2.809148073 -0.480013222 0.015605780 0.145985246 0.864888549
1413393269555760384.000000 -0.756034613 2.206087589 -2.803392172 -0.475058556 0.014671948 0.148714334 0.867172480
1413393269605760512.000000 -0.764370024 2.200639486 -2.799342632 -0.470735162 0.013188160 0.151584968 0.869054973
1413393269655760384.000000 -0.775485158 2.195005894 -2.793489456 -0.467465103 0.012210788 0.154267877 0.870361269
1413393269705760512.000000 -0.789097548 2.189287663 -2.787429810 0.464958161 -0.011072737 -0.156016186 -0.871407092
1413393269755760384.000000 -0.807332575 2.182772398 -2.782556295 -0.462888002 0.007682580 0.157662794 0.872249007
1413393269805760512.000000 -0.824352026 2.176829338 -2.778133154 -0.461556017 0.002680793 0.159081534 0.872726798
1413393269855760384.000000 -0.839811206 2.171414375 -2.774427891 0.461120576 0.001901938 -0.158274800 -0.873105586
1413393269905760512.000000 -0.859195709 2.165790081 -2.772153378 -0.461001307 -0.006657165 0.155656531 0.873615742
1413393269955760384.000000 -0.875290573 2.161069632 -2.769973516 -0.461542755 -0.011757415 0.152682140 0.873801053
1413393270005760512.000000 -0.890650511 2.156924248 -2.768051147 0.462283224 0.016728502 -0.149131313 -0.873941839
1413393270055760384.000000 -0.905385852 2.152906418 -2.766018867 0.461837381 0.018085022 -0.147968814 -0.874348104
1413393270105760512.000000 -0.920478344 2.149025679 -2.763824463 -0.460749269 -0.020220891 0.149297744 0.874649346
1413393270155760384.000000 -0.934626043 2.145202160 -2.761564732 -0.460018635 -0.021306571 0.150303349 0.874835968
1413393270205760512.000000 -0.948366821 2.141189098 -2.759217501 0.458889186 0.021497114 -0.151194796 -0.875270724
1413393270255760384.000000 -0.961765766 2.137608290 -2.756714106 0.458180964 0.021960702 -0.152004734 -0.875489950
1413393270305760512.000000 -0.974508524 2.134688854 -2.753864765 0.457056671 0.021651383 -0.152817756 -0.875943601
1413393270355760384.000000 -0.985886753 2.132977486 -2.750783205 0.457196236 0.020388614 -0.152843982 -0.875896513
1413393270405760512.000000 -0.996671736 2.132080555 -2.747760773 0.457831264 0.019538293 -0.155482545 -0.875119448
1413393270455760384.000000 -1.005738974 2.132141590 -2.745152473 0.459923387 0.017579490 -0.157551020 -0.873692870
1413393270505760512.000000 -1.014689803 2.132344484 -2.743029833 0.462888539 0.016311778 -0.160345554 -0.871640742
1413393270555760384.000000 -1.028268933 2.138610840 -2.737179756 -0.468010038 -0.016161118 0.160994008 0.868784487
1413393270605760512.000000 -1.037179232 2.141980410 -2.734801769 -0.473798871 -0.016195480 0.161949724 0.865462124
1413393270655760384.000000 -1.049328685 2.135222435 -2.738610268 0.480196625 0.017767452 -0.163242280 -0.861653984
1413393270705760512.000000 -1.056190848 2.136118889 -2.738457203 0.488493621 0.018877901 -0.160017833 -0.857561648
1413393270755760384.000000 -1.058593631 2.139554739 -2.737424374 0.494779468 0.017777858 -0.159382716 -0.854092777
1413393270805760512.000000 -1.057816982 2.145700932 -2.735699177 0.500810623 0.019351289 -0.158172324 -0.850761890
1413393270855760384.000000 -1.053761959 2.154278040 -2.733881235 0.506491840 0.020489192 -0.156785756 -0.847622871
1413393270905760512.000000 -1.045860291 2.160366297 -2.733727694 0.510586321 0.022859169 -0.155831426 -0.845278442
1413393270955760384.000000 -1.036910057 2.166598082 -2.733657598 0.515264988 0.022398083 -0.152475148 -0.843060911
1413393271005760512.000000 -1.026165009 2.173832178 -2.733046055 0.518749297 0.024984971 -0.150552586 -0.841194868
1413393271055760384.000000 -1.011014700 2.178554535 -2.737640142 -0.520248592 -0.025446041 0.151548207 0.840075672
1413393271105760512.000000 -1.003739834 2.184973240 -2.733977556 -0.522452116 -0.024183737 0.151178822 0.838811040
1413393271155760384.000000 -0.998778164 2.190580368 -2.728206158 0.524021685 0.021289557 -0.151933908 -0.837773383
1413393271205760512.000000 -0.995664656 2.196921587 -2.721064329 0.526026964 0.020642087 -0.150330946 -0.836821496
1413393271255760384.000000 -0.994207442 2.202877998 -2.712764263 0.528642058 0.019273125 -0.146920353 -0.835811377
1413393271305760512.000000 -0.995175362 2.203699589 -2.705832005 -0.532196403 -0.019040165 0.142761171 0.834280372
1413393271355760384.000000 -0.997327030 2.208181620 -2.695828676 -0.536533356 -0.019642910 0.140210658 0.831917703
1413393271405760512.000000 -0.998720229 2.209428787 -2.686377287 -0.541385710 -0.017901354 0.139350250 0.828952789
1413393271455760384.000000 -0.999598384 2.212451935 -2.674414396 -0.546384275 -0.015101217 0.142534673 0.825178802
1413393271505760512.000000 -0.999121368 2.213871956 -2.662436008 0.551815271 0.011773200 -0.147447526 -0.820743918
1413393271555760384.000000 -0.997729957 2.212098837 -2.650856733 -0.556953192 -0.006212980 0.152553856 0.816389620
1413393271605760512.000000 -0.995459318 2.211721420 -2.637599468 -0.561508000 -0.002419155 0.156428352 0.812547386
1413393271655760384.000000 -0.992723823 2.209838390 -2.624224186 0.566069961 0.001122362 -0.160504594 -0.808580220
1413393271705760512.000000 -0.988861442 2.205547810 -2.612712860 -0.571290195 -0.002673310 0.164845973 0.804018795
1413393271755760384.000000 -0.985030234 2.202718496 -2.599953175 -0.576736391 -0.006612996 0.171341240 0.798732579
1413393271805760512.000000 -0.979642928 2.199094534 -2.587470531 0.582327843 0.009270337 -0.177553937 -0.793273628
1413393271855760384.000000 -0.974726796 2.191526651 -2.577576637 -0.587576687 -0.012727133 0.182246953 0.788275182
1413393271905760512.000000 -0.968321800 2.188220263 -2.564841747 -0.593562543 -0.013329457 0.183964148 0.783366501
1413393271955760384.000000 -0.961452365 2.183107138 -2.552372456 -0.598980367 -0.013749650 0.184557304 0.779084146
1413393272005760512.000000 -0.953500390 2.180313349 -2.538955688 -0.603716791 -0.012663433 0.184376717 0.775481164
1413393272055760384.000000 -0.945522666 2.177145004 -2.525288820 0.607588649 0.013333040 -0.185167268 -0.772250831
1413393272105760512.000000 -0.936933994 2.171433687 -2.512227297 -0.610791087 -0.013171844 0.185206696 0.769713759
1413393272155760384.000000 -0.928016782 2.167936802 -2.498233318 -0.614465773 -0.012158851 0.185977966 0.766613483
1413393272205760512.000000 -0.918417811 2.163988590 -2.484159946 0.618529856 0.007959591 -0.187189728 -0.763097286
1413393272255760384.000000 -0.908154845 2.156157017 -2.471311331 -0.621657372 -0.003535069 0.192163631 0.759343684
1413393272305760512.000000 -0.898385525 2.151920080 -2.457652807 -0.626019299 0.000747977 0.196135998 0.754738390
1413393272355760384.000000 -0.888504744 2.146177769 -2.444642544 0.630617082 -0.003995430 -0.200298473 -0.749791145
1413393272405760512.000000 -0.879255474 2.141191483 -2.431949377 0.636000693 -0.004130454 -0.203272238 -0.744423628
1413393272455760384.000000 -0.869297147 2.135386467 -2.420332193 0.642783701 -0.003024182 -0.203451321 -0.738530695
1413393272505760512.000000 -0.859670758 2.130136728 -2.409267902 0.649729490 -0.002311002 -0.204260394 -0.732204914
1413393272555760384.000000 -0.850251794 2.124265432 -2.398825884 0.657156527 0.000006054 -0.204122171 -0.725589097
1413393272605760512.000000 -0.840413213 2.118375778 -2.388689041 0.665013850 0.002779203 -0.203554377 -0.718550265
1413393272655760384.000000 -0.828231692 2.109534740 -2.376266003 0.672921777 0.005268243 -0.204243138 -0.710938334
1413393272705760512.000000 -0.818409503 2.102936983 -2.365752697 0.680451214 0.008292090 -0.205219403 -0.703421891
1413393272755760384.000000 -0.807629406 2.096108913 -2.354581833 0.687915802 0.009544412 -0.206792891 -0.695641816
1413393272805760512.000000 -0.797548294 2.089038372 -2.343084097 0.695480108 0.011190237 -0.208377376 -0.687576294
1413393272855760384.000000 -0.785932064 2.081815720 -2.331122160 0.703578770 0.012354790 -0.209024817 -0.679067731
1413393272905760512.000000 -0.775017858 2.074454308 -2.318688631 0.710911393 0.012067295 -0.211175635 -0.670719326
1413393272955760384.000000 -0.763538957 2.067155838 -2.305774927 0.717832267 0.011967837 -0.214268431 -0.662316203
1413393273005760512.000000 -0.748942971 2.058909893 -2.292036772 0.724849880 0.010969084 -0.217933878 -0.653434932
1413393273055760384.000000 -0.737764180 2.051612377 -2.277705669 0.731095672 0.009039912 -0.224340916 -0.644273698
1413393273105760512.000000 -0.726502419 2.044810772 -2.263056278 0.737588584 0.009136522 -0.230501443 -0.634624898
1413393273155760384.000000 -0.714910030 2.038082838 -2.248247147 0.744289577 0.007455671 -0.235956535 -0.624741495
1413393273205760512.000000 -0.703598738 2.031625748 -2.233296394 0.751238167 0.007223960 -0.241694719 -0.614143968
1413393273255760384.000000 -0.692372322 2.025558949 -2.218400955 0.758164346 0.007956295 -0.247812033 -0.603086054
1413393273305760512.000000 -0.679088473 2.018297911 -2.203356028 0.765317798 0.007444146 -0.253646672 -0.591520607
1413393273355760384.000000 -0.667798936 2.012884378 -2.189004183 0.772873938 0.008202654 -0.257840633 -0.579755902
1413393273405760512.000000 -0.656540155 2.008737564 -2.174447536 0.780977786 0.006728164 -0.259620786 -0.568001390
1413393273455760384.000000 -0.643872619 2.002657175 -2.160551548 0.788099051 0.008804732 -0.263214737 -0.556363642
1413393273505760512.000000 -0.632365406 1.999127150 -2.146910906 0.796305656 0.007922167 -0.263393521 -0.544480026
1413393273555760384.000000 -0.620195746 1.995943546 -2.133388996 0.804404140 0.006001726 -0.262436539 -0.532940090
1413393273605760512.000000 -0.607596159 1.993489027 -2.119991779 0.811915338 0.003509823 -0.261318654 -0.522009313
1413393273655760384.000000 -0.593848526 1.991399169 -2.107111692 0.819322288 0.000516743 -0.260555327 -0.510707140
1413393273705760512.000000 -0.580327988 1.989007831 -2.093834639 0.826331258 -0.001265756 -0.259872496 -0.499641150
1413393273755760384.000000 -0.566525638 1.986573458 -2.080356598 0.832314074 -0.002713429 -0.260245770 -0.489405990
1413393273805760512.000000 -0.553215206 1.983247638 -2.067523003 0.838186741 -0.003783563 -0.261855543 -0.478393584
1413393273855760384.000000 -0.540144980 1.980224133 -2.053711891 0.842977285 -0.005973828 -0.265953779 -0.467570633
1413393273905760512.000000 -0.527349055 1.977268457 -2.040003300 0.847051978 -0.007710075 -0.270850062 -0.457256913
1413393273955760384.000000 -0.515002906 1.974473953 -2.026245594 0.851678491 -0.008682038 -0.275313109 -0.445837587
1413393274005760512.000000 -0.501459777 1.971245527 -2.013380527 0.855713546 -0.009173710 -0.279822975 -0.435165793
1413393274055760384.000000 -0.487657249 1.967895985 -2.000858545 0.859518170 -0.009814429 -0.283870995 -0.424911171
1413393274105760512.000000 -0.473569751 1.964287043 -1.989464760 0.863871574 -0.011035855 -0.287007183 -0.413800776
1413393274155760384.000000 -0.459254742 1.960817099 -1.978649616 0.868244171 -0.012616900 -0.289100289 -0.403006196
1413393274205760512.000000 -0.445142746 1.957300901 -1.968482971 0.872187674 -0.014619690 -0.291251004 -0.392744005
1413393274255760384.000000 -0.432766199 1.955268383 -1.958780289 0.876110852 -0.015594579 -0.293693870 -0.382008731
1413393274305760512.000000 -0.419056416 1.951696634 -1.950227261 0.880200028 -0.016427856 -0.294984192 -0.371432930
1413393274355760384.000000 -0.405186534 1.947709560 -1.942384720 0.883818686 -0.016712263 -0.296502411 -0.361485273
1413393274405760512.000000 -0.392018676 1.943512797 -1.935383320 0.887763679 -0.016418608 -0.297701925 -0.350684673
1413393274455760384.000000 -0.379207373 1.940532207 -1.930072308 0.891688406 -0.016868167 -0.298486441 -0.339872390
1413393274505760512.000000 -0.369943142 1.935445189 -1.922813892 0.895703495 -0.017520892 -0.298637271 -0.328974336
1413393274555760384.000000 -0.364102960 1.930038214 -1.914981127 0.899093211 -0.018543709 -0.300485611 -0.317798764
1413393274605760512.000000 -0.360904217 1.924427629 -1.906931639 0.902861118 -0.019137193 -0.300956666 -0.306432366
1413393274655760384.000000 -0.360067725 1.919095159 -1.899237156 0.906141818 -0.019504588 -0.302316129 -0.295180708
1413393274705760512.000000 -0.361281157 1.913762093 -1.892118692 0.909610391 -0.019427160 -0.302780598 -0.283823013
1413393274755760384.000000 -0.363946199 1.908317804 -1.885401249 0.913505197 -0.017859638 -0.301324904 -0.272750050
1413393274805760512.000000 -0.366965055 1.902609110 -1.879127979 0.917745173 -0.016220968 -0.298237473 -0.261792183
1413393274855760384.000000 -0.369255066 1.896719933 -1.873625517 0.921809375 -0.014387287 -0.295214236 -0.250816792
1413393274905760512.000000 -0.370748520 1.890661001 -1.868409634 0.925821245 -0.012364093 -0.291903824 -0.239779934
1413393274955760384.000000 -0.371260047 1.887965918 -1.863505602 0.929127276 -0.010456062 -0.290010780 -0.229144067
1413393275005760512.000000 -0.371731877 1.881572723 -1.857700109 0.932556927 -0.010275542 -0.287461102 -0.218170136
1413393275055760384.000000 -0.370910764 1.875329256 -1.851597071 0.935204625 -0.010346957 -0.286529154 -0.207813323
1413393275105760512.000000 -0.370096266 1.868877530 -1.844756126 0.937725604 -0.010197309 -0.285718352 -0.197311312
1413393275155760384.000000 -0.369213462 1.862154365 -1.837271214 0.939805388 -0.010853447 -0.286092341 -0.186545715
1413393275205760512.000000 -0.368503690 1.855431080 -1.829191923 0.941280127 -0.012433272 -0.287817121 -0.176063716
1413393275255760384.000000 -0.367110133 1.848289967 -1.820873976 0.942731380 -0.013795063 -0.289652973 -0.164828688
1413393275305760512.000000 -0.365505278 1.840961337 -1.812277794 0.943797350 -0.014443901 -0.292634666 -0.152980387
1413393275355760384.000000 -0.363643467 1.833333731 -1.803313732 0.944945574 -0.016620195 -0.294710159 -0.141236156
1413393275405760512.000000 -0.361571252 1.825282574 -1.794213533 0.946028650 -0.018551739 -0.296800643 -0.128821805
1413393275455760384.000000 -0.358111620 1.814550281 -1.783477306 0.947081268 -0.021127857 -0.298257291 -0.116762035
1413393275505760512.000000 -0.354584277 1.805838585 -1.774052143 0.948165178 -0.022360042 -0.299147636 -0.104849964
1413393275555760384.000000 -0.349303961 1.796675563 -1.764731646 0.949201167 -0.023041774 -0.299848139 -0.092613913
1413393275605760512.000000 -0.344080746 1.787030816 -1.755271673 0.950241864 -0.025451178 -0.299904376 -0.080312081
1413393275655760384.000000 -0.338288188 1.776896596 -1.746015787 -0.950992167 0.026486875 0.300309986 0.068748124
1413393275705760512.000000 -0.331726491 1.765884757 -1.737093925 -0.951915979 0.027274413 0.299906492 0.056287322
1413393275755760384.000000 -0.325259864 1.754294157 -1.727945209 -0.951401293 0.026465043 0.303568423 0.044514105
1413393275805760512.000000 -0.319079518 1.742535949 -1.718690872 -0.949660063 0.026624214 0.310235023 0.034514468
1413393275855760384.000000 -0.312859535 1.730386376 -1.709846616 -0.947362304 0.028728703 0.317835599 0.025690038
1413393275905760512.000000 -0.306721210 1.718002677 -1.701775789 -0.944583833 0.032027505 0.326165646 0.018752372
1413393275955760384.000000 -0.299561381 1.704868913 -1.692221999 0.942150772 -0.034727722 -0.333126277 -0.013148939
1413393276005760512.000000 -0.293879986 1.691488862 -1.687209964 0.940373540 -0.036811870 -0.338035315 -0.008643182
1413393276055760384.000000 -0.287711740 1.677275538 -1.684202552 -0.940411925 0.033580642 0.338331074 0.005461021
1413393276105760512.000000 -0.280493081 1.662350059 -1.684056878 -0.942890346 0.025171598 0.332132190 0.003525249
1413393276155760384.000000 -0.273016870 1.647202730 -1.684976935 -0.945741355 0.015757540 0.324529737 0.002350997
1413393276205760512.000000 -0.265249074 1.632501483 -1.686692715 -0.948461235 0.006717033 0.316815019 0.002134384
1413393276255760384.000000 -0.257854462 1.618554592 -1.688537121 -0.950472116 -0.000233444 0.310799211 0.002576640
1413393276305760512.000000 -0.250990093 1.605622530 -1.690125108 -0.951778114 -0.006142493 0.306707144 0.003389911
1413393276355760384.000000 -0.245259464 1.593842149 -1.691318154 -0.952300012 -0.008239307 0.305014729 0.004786726
1413393276405760512.000000 -0.241597950 1.583405614 -1.691739202 -0.952512324 -0.008024467 0.304324985 0.006503917
1413393276455760384.000000 -0.238709390 1.573132038 -1.692123890 0.952202022 0.006305613 -0.305293649 -0.008210550
1413393276505760512.000000 -0.240811884 1.564376473 -1.691634297 0.951466799 0.002429245 -0.307570726 -0.010266405
1413393276555760384.000000 -0.245584965 1.557601213 -1.689679623 -0.950200140 0.003229526 0.311394721 0.011939503
1413393276605760512.000000 -0.251818419 1.550742865 -1.687373519 -0.949190795 0.008636327 0.314292341 0.013516602
1413393276655760384.000000 -0.258198082 1.544068098 -1.685743093 -0.947993159 0.012649680 0.317679405 0.015128172
1413393276705760512.000000 -0.264200270 1.537340283 -1.685171723 -0.947358787 0.015858904 0.319365591 0.016297765
1413393276755760384.000000 -0.270266891 1.530474424 -1.685418725 -0.946549058 0.015829872 0.321704775 0.017331561
1413393276805760512.000000 -0.275620937 1.523337245 -1.686909080 -0.946446538 0.017423803 0.321881622 0.018102635
1413393276855760384.000000 -0.280388892 1.515995622 -1.689606190 -0.946505487 0.017105604 0.321709394 0.018382650
1413393276905760512.000000 -0.284902573 1.508355856 -1.693401694 -0.946619272 0.016646879 0.321360141 0.019038949
1413393276955760384.000000 -0.288744688 1.498363256 -1.697952271 0.946905792 -0.015844705 -0.320504099 -0.019885985
1413393277005760512.000000 -0.293081403 1.490692496 -1.703752279 0.946877539 -0.015543051 -0.320608944 -0.019782826
1413393277055760384.000000 -0.297507465 1.483069539 -1.709238052 -0.946958840 0.015200634 0.320385098 0.019785225
1413393277105760512.000000 -0.301581383 1.475621104 -1.715994954 -0.947123349 0.014560875 0.319930166 0.019750150
1413393277155760384.000000 -0.305162311 1.468126655 -1.723578691 -0.947584331 0.014758781 0.318574429 0.019403515
1413393277205760512.000000 -0.308121443 1.460717320 -1.731894135 -0.948282182 0.014857001 0.316509157 0.019031834
1413393277255760384.000000 -0.310354173 1.453203440 -1.740934610 -0.949241757 0.014193689 0.313654304 0.018965326
1413393277305760512.000000 -0.312220216 1.445584059 -1.750204325 -0.949814796 0.013300413 0.311982363 0.018494908
1413393277355760384.000000 -0.313652277 1.438017368 -1.759773016 -0.950338900 0.011395615 0.310507387 0.017646899
1413393277405760512.000000 -0.314907014 1.430484891 -1.769597054 -0.950510442 0.010387653 0.310030401 0.017414488
1413393277455760384.000000 -0.316300273 1.423372269 -1.780631423 0.950385094 -0.009872483 -0.310467005 -0.016764769
1413393277505760512.000000 -0.316601634 1.416539788 -1.790993452 0.950308561 -0.008277159 -0.310770780 -0.016330222
1413393277555760384.000000 -0.316463709 1.410166621 -1.801858902 0.950419009 -0.009136877 -0.310417116 -0.016170407
1413393277605760512.000000 -0.316196322 1.403612614 -1.812188268 -0.951464534 0.011544026 0.307151347 0.015496168
1413393277655760384.000000 -0.316637099 1.397600889 -1.822630048 -0.952038169 0.014299275 0.305305034 0.014413853
1413393277705760512.000000 -0.318531394 1.391515136 -1.832874060 -0.952945232 0.018365698 0.302350491 0.011935323
1413393277755760384.000000 -0.322472990 1.384975672 -1.842766285 -0.953970015 0.021266839 0.299051672 0.007557304
1413393277805760512.000000 -0.328233898 1.378023267 -1.851613522 -0.954650164 0.023958776 0.296755880 0.002227765
1413393277855760384.000000 -0.336311877 1.370480299 -1.859204173 -0.955063641 0.025667936 0.295256287 -0.004289435
1413393277905760512.000000 -0.349414408 1.362480283 -1.864789844 0.955736220 -0.026506819 -0.292780280 0.012060220
1413393277955760384.000000 -0.359987259 1.353339911 -1.869651556 0.956421256 -0.027810963 -0.289919734 0.020774474
1413393278005760512.000000 -0.368480384 1.344113111 -1.873816967 -0.956859946 0.029816488 0.287385166 -0.030656774
1413393278055760384.000000 -0.376717389 1.333581448 -1.876806974 -0.956279576 0.031026376 0.287853241 -0.041319244
1413393278105760512.000000 -0.384082198 1.322167158 -1.878784060 -0.954853117 0.030705199 0.290710270 -0.052918527
1413393278155760384.000000 -0.390299261 1.309961915 -1.880076766 -0.953412175 0.030603934 0.292953938 -0.065166660
1413393278205760512.000000 -0.395469725 1.297146440 -1.880862236 -0.951694846 0.030996704 0.295553982 -0.077227615
1413393278255760384.000000 -0.399568498 1.283793569 -1.880186558 0.949568987 -0.032212246 -0.298545152 0.090288505
1413393278305760512.000000 -0.403414249 1.269617200 -1.880213380 0.947078884 -0.037738599 -0.301904589 0.102328531
1413393278355760384.000000 -0.406313658 1.254850626 -1.880251288 0.944580078 -0.043967694 -0.305232882 0.112553827
1413393278405760512.000000 -0.409046233 1.239081860 -1.879605174 -0.942039847 0.051034424 0.308555484 -0.121449932
1413393278455760384.000000 -0.411393046 1.222091198 -1.879268885 -0.939466298 0.057369124 0.312195390 -0.129019588
1413393278505760512.000000 -0.412966579 1.203327894 -1.879639745 -0.937375486 0.062158544 0.315122932 -0.134763286
1413393278555760384.000000 -0.414136350 1.182532787 -1.880555630 -0.935447991 0.066401757 0.317860067 -0.139617220
1413393278605760512.000000 -0.414223403 1.159458876 -1.882032871 -0.934422731 0.069075540 0.318629444 -0.143381149
1413393278655760384.000000 -0.414323956 1.134205580 -1.883705616 -0.933761835 0.068780608 0.319573462 -0.145708099
1413393278705760512.000000 -0.413757503 1.106602669 -1.886429787 -0.934211373 0.062149975 0.318672091 -0.147765532
1413393278755760384.000000 -0.404303223 1.074683666 -1.892297983 0.935525596 -0.048117340 -0.316614300 0.149104059
1413393278805760512.000000 -0.401931405 1.043346167 -1.896446943 0.937494040 -0.034930546 -0.312137663 0.149849519
1413393278855760384.000000 -0.398553163 1.011331797 -1.901331425 0.938644469 -0.022824191 -0.309673488 0.150093302
1413393278905760512.000000 -0.396964133 0.979342103 -1.903945923 -0.939436853 0.013788555 0.308013737 -0.149652600
1413393278955760384.000000 -0.393797934 0.947773457 -1.908339620 -0.939912200 0.007572155 0.306990981 -0.149212033
1413393279005760512.000000 -0.389721692 0.916946530 -1.913178563 -0.940025389 0.003090842 0.307147086 -0.148335427
1413393279055760384.000000 -0.385584533 0.886928916 -1.918185830 -0.940006495 0.000824283 0.307916284 -0.146883279
1413393279105760512.000000 -0.376815975 0.855489492 -1.925426126 0.939408779 0.001304238 -0.310311288 0.145658866
1413393279155760384.000000 -0.374398947 0.827100754 -1.930446029 0.939359009 0.001288189 -0.311120600 0.144246563
1413393279205760512.000000 -0.374572873 0.799522758 -1.935289264 0.938952208 0.002531196 -0.313096315 0.142593831
1413393279255760384.000000 -0.378275335 0.773817182 -1.939421415 -0.938177943 -0.002708107 0.316142976 -0.140955642
1413393279305760512.000000 -0.384126246 0.748420596 -1.943278909 -0.937297642 -0.002059294 0.319419444 -0.139428273
1413393279355760384.000000 -0.390811086 0.723954201 -1.947251558 -0.936045289 -0.001224555 0.323828220 -0.137670204
1413393279405760512.000000 -0.397468209 0.700283170 -1.951601267 -0.934483230 -0.000588384 0.329045385 -0.135904223
1413393279455760384.000000 -0.403727651 0.677080274 -1.957298875 -0.934042752 -0.000907115 0.330966741 -0.134254828
1413393279505760512.000000 -0.409481823 0.654530764 -1.964374900 -0.934193730 -0.000802386 0.331137329 -0.132776365
1413393279555760384.000000 -0.414505601 0.633028626 -1.972749472 -0.934963107 -0.001293551 0.329705030 -0.130908445
1413393279605760512.000000 -0.419654608 0.611284256 -1.979505181 0.936328232 0.003067782 -0.326545805 0.129026964
1413393279655760384.000000 -0.423731267 0.591274619 -1.990320206 0.938081384 0.004458227 -0.322070748 0.127491370
1413393279705760512.000000 -0.426856995 0.571890116 -2.002248764 -0.939298153 -0.005361739 0.319257289 -0.125559255
1413393279755760384.000000 -0.430719197 0.553439140 -2.014797688 -0.940584064 -0.005723512 0.315947711 -0.124281950
1413393279805760512.000000 -0.435788333 0.536137819 -2.027184486 -0.941834331 -0.005272405 0.312722743 -0.122983366
1413393279855760384.000000 -0.441863596 0.519762516 -2.039649248 -0.943209291 -0.004177683 0.309298754 -0.121132612
1413393279905760512.000000 -0.448629141 0.504343390 -2.051933765 -0.944147408 -0.002933832 0.306775540 -0.120274082
1413393279955760384.000000 -0.454767466 0.489962220 -2.064154387 -0.945326865 -0.001081006 0.303605407 -0.119079039
1413393280005760512.000000 -0.460798681 0.476711035 -2.076164722 -0.945804358 0.000823839 0.302815765 -0.117286421
1413393280055760384.000000 -0.466363788 0.464597821 -2.087909222 -0.946102321 0.002522610 0.302373528 -0.115992904
1413393280105760512.000000 -0.474307239 0.455600977 -2.097641468 0.946797788 -0.006608984 -0.300767303 0.114321545
1413393280155760384.000000 -0.477977514 0.445063353 -2.108649254 0.947271466 -0.011405635 -0.299888670 0.112309784
1413393280205760512.000000 -0.479839742 0.434521198 -2.118708849 -0.948045969 0.016560424 0.298003137 -0.110130779
1413393280255760384.000000 -0.481852770 0.424248934 -2.128408909 -0.948010027 0.021321200 0.298587263 -0.108019359
1413393280305760512.000000 -0.482681394 0.413741231 -2.137787104 -0.948463678 0.024080243 0.297521472 -0.106385574
1413393280355760384.000000 -0.482586563 0.402880192 -2.146686554 -0.949195445 0.027435012 0.295514762 -0.104625598
1413393280405760512.000000 -0.481411636 0.391530395 -2.155129910 -0.950327516 0.031525530 0.291936368 -0.103232771
1413393280455760384.000000 -0.479791343 0.379583716 -2.162891626 -0.950992823 0.038004216 0.289472252 -0.101853795
1413393280505760512.000000 -0.477456748 0.366629124 -2.169934273 -0.951279759 0.042573817 0.288576335 -0.099889815
1413393280555760384.000000 -0.476447761 0.352399349 -2.175463676 -0.949988544 0.045274317 0.292763561 -0.098800629
1413393280605760512.000000 -0.475702286 0.336566567 -2.182285309 0.949219406 -0.048127446 -0.295248568 0.097440369
1413393280655760384.000000 -0.477753222 0.320008039 -2.184835434 0.948134780 -0.050793752 -0.298681110 0.096177198
1413393280705760512.000000 -0.481496036 0.302209020 -2.183741570 -0.947243154 0.054072965 0.301116854 -0.095578238
1413393280755760384.000000 -0.487222970 0.283088684 -2.182127476 -0.946429729 0.058508169 0.303148061 -0.094598532
1413393280805760512.000000 -0.494904459 0.262241840 -2.179093361 -0.945458055 0.062751159 0.305622429 -0.093629092
1413393280855760384.000000 -0.503760993 0.239284635 -2.175557613 -0.944138348 0.065479673 0.309212625 -0.093288988
1413393280905760512.000000 -0.511676610 0.213897467 -2.172705650 -0.943690538 0.065197736 0.310902059 -0.092398338
1413393280955760384.000000 -0.520775855 0.186051607 -2.174093723 0.943357706 -0.063212126 -0.312550724 0.091611542
1413393281005760512.000000 -0.524903536 0.155659556 -2.173838139 0.943243206 -0.055630445 -0.314234078 0.091948882
1413393281055760384.000000 -0.525063217 0.122632980 -2.175341368 -0.943548739 0.044378296 0.315252304 -0.091446131
1413393281105760512.000000 -0.525096774 0.088847637 -2.177122355 -0.943188310 0.034833465 0.317502767 -0.091512449
1413393281155760384.000000 -0.525139093 0.054390728 -2.180227757 -0.943084776 0.025539806 0.318583131 -0.091889858
1413393281205760512.000000 -0.524163961 0.019874513 -2.183768272 -0.943226397 0.018913850 0.318638355 -0.091846950
1413393281255760384.000000 -0.522678077 -0.014521837 -2.187956810 -0.943024278 0.012891984 0.319404751 -0.092302188
1413393281305760512.000000 -0.529716134 -0.044861853 -2.180427551 0.943725884 -0.008483010 -0.317111462 0.093540594
1413393281355760384.000000 -0.527166367 -0.078066647 -2.185826778 0.943714142 -0.005489254 -0.316947311 0.094435066
1413393281405760512.000000 -0.522545516 -0.110808551 -2.191354990 -0.943800271 0.002390614 0.316505909 -0.095180854
1413393281455760384.000000 -0.519714475 -0.142388999 -2.197301388 -0.943637192 0.002161354 0.316538841 -0.096682638
1413393281505760512.000000 -0.517362535 -0.172959089 -2.203561306 -0.943313420 0.001518116 0.317020714 -0.098262206
1413393281555760384.000000 -0.515296340 -0.202464759 -2.210219145 -0.943174183 0.001839353 0.317027420 -0.099562801
1413393281605760512.000000 -0.515474617 -0.229695588 -2.213033676 0.943660021 -0.001957808 -0.314899981 0.101685688
1413393281655760384.000000 -0.513076723 -0.257321388 -2.220808983 0.944254041 -0.000920542 -0.312427253 0.103792109
1413393281705760512.000000 -0.510147095 -0.284040749 -2.228492022 -0.945035934 0.001112491 0.309480637 -0.105487853
1413393281755760384.000000 -0.506834269 -0.309723377 -2.236841440 -0.946083128 -0.000106603 0.305495918 -0.107698612
1413393281805760512.000000 -0.502963543 -0.334307671 -2.245556116 -0.947774589 -0.001732754 0.299464285 -0.109733947
1413393281855760384.000000 -0.498901546 -0.357443810 -2.254044771 -0.949528039 0.002082629 0.293262869 -0.111306682
1413393281905760512.000000 -0.494737089 -0.379576296 -2.261826992 -0.950211346 0.004021800 0.290187001 -0.113462977
1413393281955760384.000000 -0.485418797 -0.400958657 -2.270143747 0.949954927 -0.008172181 -0.290316164 0.115045622
1413393282005760512.000000 -0.480452180 -0.421556801 -2.276511431 0.948756516 -0.010952873 -0.293398082 0.116870165
1413393282055760384.000000 -0.476649880 -0.441035092 -2.281169415 -0.947234333 0.015080447 0.297528148 -0.118308239
1413393282105760512.000000 -0.471584976 -0.460308015 -2.286061287 -0.945802391 0.020093678 0.301345706 -0.119352572
1413393282155760384.000000 -0.465494394 -0.479602814 -2.291172743 -0.944619596 0.026716469 0.304110020 -0.120404445
1413393282205760512.000000 -0.459193587 -0.498936415 -2.296426535 -0.943485439 0.031192735 0.307054877 -0.120745972
1413393282255760384.000000 -0.451827526 -0.519089162 -2.302419424 -0.942464471 0.035248414 0.309560537 -0.121205278
1413393282305760512.000000 -0.443899274 -0.539915204 -2.308805466 -0.941962242 0.035918199 0.310855180 -0.121598087
1413393282355760384.000000 -0.434913278 -0.561668754 -2.315833092 -0.942552209 0.031515293 0.309554189 -0.121566541
1413393282405760512.000000 -0.425333977 -0.583814204 -2.323155165 -0.943378448 0.025577134 0.307547241 -0.121645279
1413393282455760384.000000 -0.410616398 -0.606649756 -2.331319332 0.943875730 -0.017382812 -0.306730688 0.121296585
1413393282505760512.000000 -0.403096557 -0.628683388 -2.338297844 0.944232285 -0.011464084 -0.306109458 0.120793089
1413393282555760384.000000 -0.397554398 -0.650317311 -2.344956636 0.944676995 -0.006546632 -0.305036515 0.120396852
1413393282605760512.000000 -0.395653844 -0.670939326 -2.350509644 -0.945393026 0.002042199 0.303087056 -0.119858727
1413393282655760384.000000 -0.395676851 -0.690713167 -2.355791807 -0.946143389 -0.001238450 0.301022202 -0.119150542
1413393282705760512.000000 -0.397460341 -0.709327519 -2.360393763 -0.946933746 -0.003210902 0.298937440 -0.118079387
1413393282755760384.000000 -0.399560452 -0.726490378 -2.364541769 -0.948140621 -0.002887218 0.296193838 -0.115283698
1413393282805760512.000000 -0.401674509 -0.742013693 -2.368166924 -0.949795306 0.000359026 0.292665988 -0.110613823
1413393282855760384.000000 -0.403236389 -0.756194234 -2.371206522 -0.950937688 0.004173903 0.291422099 -0.103794456
1413393282905760512.000000 -0.404570580 -0.769440711 -2.373285294 -0.950829566 0.006881821 0.294284493 -0.096294180
1413393282955760384.000000 -0.403791308 -0.782134295 -2.372963428 0.950199664 -0.007960615 -0.299129784 0.087055989
1413393283005760512.000000 -0.404125452 -0.793742836 -2.374071598 0.949086368 -0.009039393 -0.305237293 0.077353887
1413393283055760384.000000 -0.403713822 -0.804754198 -2.375699759 0.947959483 -0.008348863 -0.311214477 0.066699810
1413393283105760512.000000 -0.403969526 -0.814348102 -2.377501726 -0.947186112 0.007220226 0.315842897 -0.055042114
1413393283155760384.000000 -0.402480483 -0.823758841 -2.379576445 -0.947042763 0.004523194 0.318184316 -0.042992827
1413393283205760512.000000 -0.400816202 -0.832384467 -2.382221460 -0.946947515 0.002493166 0.319918811 -0.030597998
1413393283255760384.000000 -0.399144411 -0.840334356 -2.385953903 -0.946832776 -0.000860169 0.321244150 -0.017583016
1413393283305760512.000000 -0.397684693 -0.847380161 -2.390161037 -0.946705461 -0.002190434 0.322060406 -0.004607375
1413393283355760384.000000 -0.396236300 -0.853266954 -2.395014524 -0.946370840 -0.004033841 0.322940171 0.008692170
1413393283405760512.000000 -0.395338058 -0.858023524 -2.400536537 -0.946168780 -0.004809489 0.322829008 0.022870276
1413393283455760384.000000 -0.395857334 -0.862146854 -2.409327269 0.945512533 0.005016651 -0.323463023 -0.036778405
1413393283505760512.000000 -0.398156166 -0.864530683 -2.415222406 0.944871008 0.005041321 -0.323409736 -0.050985795
1413393283555760384.000000 -0.402436614 -0.865738750 -2.421110392 -0.944189847 -0.003437051 0.322778791 0.065632761
1413393283605760512.000000 -0.409210563 -0.865921140 -2.426716805 0.943240345 0.001866792 -0.322581202 -0.078965969
1413393283655760384.000000 -0.419840455 -0.865299225 -2.431581497 0.942647696 0.001345031 -0.320625186 -0.092806853
1413393283705760512.000000 -0.432180226 -0.863869548 -2.435864925 0.942200363 -0.000221045 -0.317575216 -0.106791846
1413393283755760384.000000 -0.445664823 -0.861831665 -2.440177917 0.942103446 -0.000224500 -0.313089818 -0.120066158
1413393283805760512.000000 -0.457442880 -0.858430624 -2.445741177 0.941283524 -0.001158213 -0.309984475 -0.133767486
1413393283855760384.000000 -0.471361697 -0.854934454 -2.450207710 0.940217257 -0.000442476 -0.306878299 -0.147706360
1413393283905760512.000000 -0.484765828 -0.850785971 -2.454448223 0.938559532 0.000852976 -0.304956168 -0.161576837
1413393283955760384.000000 -0.498811483 -0.845024347 -2.458732128 0.936227322 0.002348938 -0.304053843 -0.176137090
1413393284005760512.000000 -0.511499524 -0.839030743 -2.462426662 0.932744443 0.003530233 -0.305946857 -0.190714180
1413393284055760384.000000 -0.522876441 -0.832215071 -2.466027737 0.929654479 0.004108876 -0.306012660 -0.205138907
1413393284105760512.000000 -0.533281744 -0.824521303 -2.469738007 0.926091254 0.005196324 -0.306320399 -0.220217809
1413393284155760384.000000 -0.542411387 -0.816008806 -2.473618984 0.922753215 0.005404619 -0.305272967 -0.235171631
1413393284205760512.000000 -0.550497949 -0.806596994 -2.477994919 0.919375479 0.005785450 -0.303948194 -0.249661446
1413393284255760384.000000 -0.555829644 -0.797568083 -2.483892441 0.915659904 0.006995434 -0.301864237 -0.265322387
1413393284305760512.000000 -0.562174320 -0.786128759 -2.488495111 0.911805093 0.007064587 -0.299692690 -0.280616939
1413393284355760384.000000 -0.567875504 -0.774053335 -2.493157625 0.908225715 0.006549310 -0.295910090 -0.295838624
1413393284405760512.000000 -0.572288990 -0.760171652 -2.496649265 0.904081523 0.005849398 -0.292392671 -0.311623067
1413393284455760384.000000 -0.576589823 -0.746069193 -2.500398636 0.899851859 0.005656487 -0.288310915 -0.327278852
1413393284505760512.000000 -0.580470681 -0.732918501 -2.504457474 0.895039082 0.004775810 -0.284716189 -0.343247592
1413393284555760384.000000 -0.584481001 -0.717893124 -2.506892920 0.889344931 0.004782239 -0.282841176 -0.359226435
1413393284605760512.000000 -0.588104129 -0.702750921 -2.508545876 0.883414388 0.004130553 -0.281056404 -0.374925762
1413393284655760384.000000 -0.591553152 -0.686923742 -2.509057045 0.876319587 0.001490877 -0.281639695 -0.390820742
1413393284705760512.000000 -0.593424559 -0.670738697 -2.509550571 0.868073404 -0.002104928 -0.284702629 -0.406679899
1413393284755760384.000000 -0.596682310 -0.654505730 -2.509690762 0.859682262 -0.006213257 -0.286808193 -0.422668785
1413393284805760512.000000 -0.599455178 -0.638197660 -2.510127306 0.851140499 -0.009148847 -0.287595272 -0.439050257
1413393284855760384.000000 -0.601509154 -0.621588945 -2.511260986 0.842221439 -0.010819473 -0.287949651 -0.455665529
1413393284905760512.000000 -0.604052067 -0.605498075 -2.512481213 0.833489358 -0.011945740 -0.287281781 -0.471828431
1413393284955760384.000000 -0.606337547 -0.589301825 -2.514376163 0.824799836 -0.012227898 -0.285405546 -0.487954348
1413393285005760512.000000 -0.608863533 -0.572820187 -2.517215252 0.815618098 -0.013068811 -0.283562601 -0.504171312
1413393285055760384.000000 -0.611162424 -0.556632996 -2.520948172 0.806769013 -0.012875960 -0.281066209 -0.519576609
1413393285105760512.000000 -0.613073885 -0.540285587 -2.525648117 0.797521889 -0.013857391 -0.278654099 -0.534900665
1413393285155760384.000000 -0.611954808 -0.524490595 -2.530738354 0.788429379 -0.013708795 -0.275226653 -0.549946785
1413393285205760512.000000 -0.613939941 -0.508708715 -2.537724495 0.779111266 -0.013787377 -0.272538126 -0.564374447
1413393285255760384.000000 -0.615942299 -0.492522001 -2.544489145 0.769826472 -0.014299953 -0.269171566 -0.578540742
1413393285305760512.000000 -0.618255794 -0.476670265 -2.552564144 0.760217190 -0.013826602 -0.265868425 -0.592615068
1413393285355760384.000000 -0.619899154 -0.461739063 -2.561280489 0.751105547 -0.013870670 -0.261833280 -0.605880678
1413393285405760512.000000 -0.622456491 -0.446030140 -2.571009636 0.741449952 -0.013045731 -0.258061290 -0.619262695
1413393285455760384.000000 -0.624976873 -0.429633379 -2.581438780 0.731871367 -0.011747179 -0.254319131 -0.632098198
1413393285505760512.000000 -0.627744615 -0.413510084 -2.592668295 0.722166061 -0.011016695 -0.250320166 -0.644743919
1413393285555760384.000000 -0.630241275 -0.397288322 -2.604716778 0.712615728 -0.009055135 -0.244759545 -0.657411277
1413393285605760512.000000 -0.632315099 -0.384229660 -2.616916180 0.703102589 -0.007665786 -0.238896996 -0.669713616
1413393285655760384.000000 -0.634144247 -0.368276596 -2.629941463 0.693680108 -0.006666039 -0.231626049 -0.681991875
1413393285705760512.000000 -0.635535657 -0.352404356 -2.643918753 0.684594870 -0.004595749 -0.223762423 -0.693714023
1413393285755760384.000000 -0.636224568 -0.336722612 -2.657978058 0.676654518 -0.000182730 -0.213450611 -0.704682529
1413393285805760512.000000 -0.636434197 -0.321655750 -2.671846151 0.668291330 0.003431853 -0.204880461 -0.715121627
1413393285855760384.000000 -0.637021959 -0.311928272 -2.684564590 0.659415066 0.004959566 -0.199907362 -0.724695981
1413393285905760512.000000 -0.637295604 -0.298166990 -2.697664261 0.650718272 0.004292120 -0.200074241 -0.732473612
1413393285955760384.000000 -0.637274861 -0.285438776 -2.710400820 0.643053174 0.003460060 -0.200337559 -0.739145160
1413393286005760512.000000 -0.637237132 -0.272840500 -2.723100185 0.636959434 0.002026831 -0.201727942 -0.744032562
1413393286055760384.000000 -0.637343466 -0.260390282 -2.735724211 0.631890893 0.000939557 -0.204496309 -0.747592330
1413393286105760512.000000 -0.637118101 -0.248017550 -2.748340607 0.628056765 -0.000632849 -0.207005680 -0.750128686
1413393286155760384.000000 -0.636473477 -0.235704422 -2.761322498 0.625795424 -0.002515418 -0.208090559 -0.751712859
1413393286205760512.000000 -0.635867476 -0.223583698 -2.774700165 0.624623537 -0.003604284 -0.209149376 -0.752388835
1413393286255760384.000000 -0.636257887 -0.211727858 -2.788411379 0.624569058 -0.004489558 -0.208836496 -0.752516270
1413393286305760512.000000 -0.638887465 -0.200498581 -2.801987886 0.625101745 -0.004739119 -0.209196791 -0.751972198
1413393286355760384.000000 -0.640825152 -0.185967684 -2.817172050 0.626691937 -0.004116740 -0.207918748 -0.751006126
1413393286405760512.000000 -0.648309767 -0.175844193 -2.829919100 0.628705502 -0.003249709 -0.206478223 -0.749723732
1413393286455760384.000000 -0.658540010 -0.165269852 -2.842279911 0.631236553 -0.002409582 -0.205046460 -0.747991025
1413393286505760512.000000 -0.672357321 -0.156416178 -2.853351593 0.633286059 -0.002290616 -0.205103204 -0.746241391
1413393286555760384.000000 -0.686962306 -0.147791147 -2.863983393 0.635336757 -0.002614576 -0.205711007 -0.744327486
1413393286605760512.000000 -0.701000988 -0.139541149 -2.874479294 0.636639059 -0.002660559 -0.208043560 -0.742564201
1413393286655760384.000000 -0.713200629 -0.131533146 -2.885641813 0.638406694 -0.001543263 -0.208830550 -0.740826845
1413393286705760512.000000 -0.723211229 -0.123399734 -2.897574425 0.640293717 0.000423031 -0.208760425 -0.739217758
1413393286755760384.000000 -0.730482519 -0.114830494 -2.909911156 0.642533720 0.004051741 -0.207127690 -0.737720966
1413393286805760512.000000 -0.735854208 -0.106692553 -2.922595739 0.645142138 0.009387132 -0.203787997 -0.736324728
1413393286855760384.000000 -0.737933338 -0.095114470 -2.936315060 0.647179246 0.015440810 -0.200143680 -0.735434055
1413393286905760512.000000 -0.740181625 -0.086770296 -2.947689056 0.647958517 0.020845300 -0.195136160 -0.735960007
1413393286955760384.000000 -0.742301106 -0.079439402 -2.957629442 0.646995306 0.025111575 -0.190596938 -0.737861335
1413393287005760512.000000 -0.742692113 -0.070734262 -2.965930462 0.644803047 0.028576903 -0.186697677 -0.740645945
1413393287055760384.000000 -0.741847992 -0.061690092 -2.972256184 0.641385019 0.029470539 -0.182965830 -0.744500041
1413393287105760512.000000 -0.740174234 -0.052571535 -2.976491690 0.636497915 0.030513238 -0.180926457 -0.749136209
1413393287155760384.000000 -0.736847699 -0.043540955 -2.978881359 0.630067289 0.030179499 -0.180221692 -0.754734814
1413393287205760512.000000 -0.732852101 -0.034752607 -2.979147673 0.622019112 0.027434206 -0.182352811 -0.760977745
1413393287255760384.000000 -0.728285313 -0.026230097 -2.977568865 0.612089753 0.023683799 -0.185383752 -0.768386662
1413393287305760512.000000 -0.722325325 -0.017475367 -2.974842072 0.601718605 0.019213127 -0.187195837 -0.776223719
1413393287355760384.000000 -0.721616507 -0.012502909 -2.970788002 -0.590678155 -0.014055374 0.187347949 0.784730911
1413393287405760512.000000 -0.714370966 -0.004074812 -2.966895819 -0.579134345 -0.009796082 0.186577663 0.793534040
1413393287455760384.000000 -0.704401135 0.005495787 -2.962527514 0.566903591 0.007241524 -0.185716420 -0.802544236
1413393287505760512.000000 -0.697695136 0.012137413 -2.957747459 -0.554596961 -0.006354562 0.183195367 0.811678112
1413393287555760384.000000 -0.687981963 0.021015644 -2.953257799 -0.542004168 -0.007004808 0.180537328 0.820724487
1413393287605760512.000000 -0.679112196 0.029127121 -2.949015141 0.528721988 0.007530982 -0.177991867 -0.829888701
1413393287655760384.000000 -0.670254290 0.037763715 -2.944579124 0.515320837 0.008210468 -0.176048398 -0.838679910
1413393287705760512.000000 -0.665261865 0.040955663 -2.938774347 -0.501906455 -0.007020993 0.173130915 0.847387969
1413393287755760384.000000 -0.656085491 0.049896836 -2.934767962 -0.488325655 -0.005963804 0.170109928 0.855900168
1413393287805760512.000000 -0.648137212 0.058452487 -2.931081295 0.475033879 0.005516110 -0.166401505 -0.864073455
1413393287855760384.000000 -0.640600681 0.067477822 -2.927352428 0.461263031 0.003030700 -0.162857726 -0.872183800
1413393287905760512.000000 -0.634030342 0.076732635 -2.923843384 0.447841287 0.002451424 -0.158684686 -0.879915535
1413393287955760384.000000 -0.630902410 0.083070636 -2.919529438 -0.435057610 -0.001329818 0.153519258 0.887217581
1413393288005760512.000000 -0.625141561 0.093354583 -2.916618586 -0.422366381 0.000397405 0.149280742 0.894047976
1413393288055760384.000000 -0.620510995 0.103876829 -2.913989067 0.410895646 0.000114791 -0.145415470 -0.900010586
1413393288105760512.000000 -0.617010474 0.114879370 -2.912202358 0.401680976 0.001284315 -0.141497567 -0.904781282
1413393288155760384.000000 -0.614631355 0.126330316 -2.910904884 0.393850237 0.003971974 -0.139294878 -0.908550024
1413393288205760512.000000 -0.613146842 0.138478041 -2.910070896 0.388362795 0.007563815 -0.137593135 -0.911145091
1413393288255760384.000000 -0.612597883 0.151055515 -2.909177780 0.384059161 0.012978984 -0.137695938 -0.912890971
1413393288305760512.000000 -0.612629056 0.164218605 -2.908259153 0.380658567 0.019219484 -0.137703091 -0.914203286
1413393288355760384.000000 -0.613046050 0.178413928 -2.907340050 0.378618568 0.023857335 -0.139268011 -0.914703965
1413393288405760512.000000 -0.613295555 0.193704844 -2.905955315 0.377842516 0.025481140 -0.139293268 -0.914977133
1413393288455760384.000000 -0.614734292 0.207867682 -2.908223391 -0.378125519 -0.022338156 0.137199581 0.915258646
1413393288505760512.000000 -0.614771247 0.224708974 -2.906567812 -0.379432976 -0.018214082 0.135816634 0.915015161
1413393288555760384.000000 -0.613699019 0.242935538 -2.904585600 0.381599456 0.012848830 -0.133459285 -0.914551973
1413393288605760512.000000 -0.613487661 0.260846794 -2.902303696 0.382369250 0.007484253 -0.130567491 -0.914707601
1413393288655760384.000000 -0.613215029 0.278507054 -2.900331020 0.382374018 0.001972408 -0.127670705 -0.915142834
1413393288705760512.000000 -0.613454819 0.295550227 -2.898452759 0.380551100 -0.002718280 -0.124753840 -0.916302383
1413393288755760384.000000 -0.614703357 0.312073231 -2.896776676 0.377480298 -0.003795943 -0.122306123 -0.917897284
1413393288805760512.000000 -0.616699576 0.328357995 -2.895410538 0.375248700 -0.003799781 -0.120215975 -0.919087708
1413393288855760384.000000 -0.619600773 0.344375730 -2.894072056 0.373212099 -0.001460009 -0.118747391 -0.920113981
1413393288905760512.000000 -0.622052670 0.360245168 -2.892889738 0.370506793 -0.000205654 -0.118595794 -0.921227336
1413393288955760384.000000 -0.627299130 0.375616670 -2.894772291 -0.368442833 -0.002502536 0.118604958 0.922050238
1413393289005760512.000000 -0.633606076 0.391199410 -2.893066406 -0.366777033 -0.003345603 0.117920667 0.922799051
1413393289055760384.000000 -0.641853809 0.406650424 -2.891083717 0.365405947 0.004857272 -0.116973691 -0.923456609
1413393289105760512.000000 -0.652168989 0.421429574 -2.888769150 0.364174932 0.004016389 -0.117120653 -0.923928201
1413393289155760384.000000 -0.663002372 0.436122179 -2.885982037 0.362267733 0.002325022 -0.117014505 -0.924696922
1413393289205760512.000000 -0.673644423 0.450753808 -2.883279324 0.359917462 0.001352192 -0.117850572 -0.925510108
1413393289255760384.000000 -0.683340490 0.465093970 -2.881466389 0.358397156 0.000617153 -0.116647944 -0.926252902
1413393289305760512.000000 -0.691936076 0.479221880 -2.880445957 0.357527614 0.000292566 -0.115464672 -0.926737249
1413393289355760384.000000 -0.699393153 0.493139625 -2.880087852 0.356357932 0.001277486 -0.114807010 -0.927268505
1413393289405760512.000000 -0.705693483 0.506902516 -2.880458355 0.356143832 0.003379788 -0.112839945 -0.927586794
1413393289455760384.000000 -0.711712182 0.516735733 -2.884016275 -0.355475873 -0.004664304 0.112351239 0.927896798
1413393289505760512.000000 -0.714513898 0.529493213 -2.885723352 -0.355095595 -0.006724154 0.113246404 0.927920938
1413393289555760384.000000 -0.715351641 0.542625308 -2.888105392 0.355121017 0.008532451 -0.112598509 -0.927975178
1413393289605760512.000000 -0.715660095 0.555281937 -2.890558958 0.355611414 0.010005339 -0.112341814 -0.927803755
1413393289655760384.000000 -0.715875149 0.567757308 -2.892662525 0.355620652 0.011210000 -0.112541817 -0.927762210
1413393289705760512.000000 -0.715996206 0.579758108 -2.894526482 0.355572969 0.011974346 -0.113132559 -0.927699089
1413393289755760384.000000 -0.715380609 0.591540456 -2.896200418 0.356422633 0.011661896 -0.113191761 -0.927369714
1413393289805760512.000000 -0.714026988 0.603079498 -2.897570848 0.357052058 0.010627395 -0.113237709 -0.927134395
1413393289855760384.000000 -0.711665988 0.614294052 -2.898940563 0.358014315 0.008744718 -0.113229550 -0.926783860
1413393289905760512.000000 -0.708750963 0.625177085 -2.900249243 0.359628111 0.007215572 -0.112395391 -0.926273644
1413393289955760384.000000 -0.704403818 0.632471323 -2.893647671 -0.361773610 -0.005377793 0.112271585 0.925465286
1413393290005760512.000000 -0.701382101 0.642246664 -2.894672394 -0.363029838 -0.004725556 0.112525791 0.924945891
1413393290055760384.000000 -0.699446321 0.653008521 -2.895904303 0.363964856 0.004462120 -0.113797463 -0.924424052
1413393290105760512.000000 -0.699831367 0.662685513 -2.896286011 0.365076900 0.003834111 -0.114952624 -0.923845291
1413393290155760384.000000 -0.702950239 0.671714544 -2.895787954 0.365931213 0.003287155 -0.116194263 -0.923353970
1413393290205760512.000000 -0.709005058 0.680079401 -2.894692421 0.366883487 0.003381251 -0.118331350 -0.922704101
1413393290255760384.000000 -0.717260242 0.687955976 -2.892978907 0.367836237 0.003668560 -0.119673066 -0.922150433
1413393290305760512.000000 -0.728096426 0.695564747 -2.890472889 0.368941545 0.005639821 -0.120689727 -0.921566248
1413393290355760384.000000 -0.740043581 0.702976525 -2.887292862 0.369788021 0.008170194 -0.121332675 -0.921123564
1413393290405760512.000000 -0.752196491 0.710316122 -2.883801460 0.369305104 0.011081138 -0.121715687 -0.921236336
1413393290455760384.000000 -0.765314102 0.718255937 -2.876060247 -0.367564350 -0.013541335 0.121582203 0.921917021
1413393290505760512.000000 -0.776948571 0.725545585 -2.871658802 -0.364660770 -0.016168106 0.121125445 0.923087060
1413393290555760384.000000 -0.788525224 0.732435822 -2.867496967 0.362187207 0.018017815 -0.120321043 -0.924131334
1413393290605760512.000000 -0.799149692 0.739930809 -2.862833738 0.359728068 0.018846514 -0.119459301 -0.925186515
1413393290655760384.000000 -0.809594214 0.747776151 -2.857685804 0.357317328 0.019902995 -0.119827233 -0.926050544
1413393290705760512.000000 -0.819966555 0.756020010 -2.851965904 0.355294734 0.021317856 -0.119330779 -0.926861107
1413393290755760384.000000 -0.830072403 0.764821231 -2.845663309 0.353834718 0.020785535 -0.118303366 -0.927563131
1413393290805760512.000000 -0.837639689 0.777058244 -2.837255239 -0.352560788 -0.020787856 0.116843343 0.928232968
1413393290855760384.000000 -0.847893238 0.786034346 -2.830242157 -0.351919442 -0.020174837 0.115893155 0.928608894
1413393290905760512.000000 -0.859607339 0.794463873 -2.822838306 0.350632608 0.018373843 -0.117091775 -0.928982615
1413393290955760384.000000 -0.870101094 0.803587198 -2.814493895 0.348442942 0.014065434 -0.120655283 -0.929425657
1413393291005760512.000000 -0.880730391 0.813476861 -2.805776596 0.346814543 0.009786353 -0.123796292 -0.929676533
1413393291055760384.000000 -0.891631544 0.824072480 -2.796935558 0.345572650 0.004374492 -0.127293020 -0.929707944
1413393291105760512.000000 -0.903176069 0.835239649 -2.788268089 0.344465911 -0.000118237 -0.129910007 -0.929767013
1413393291155760384.000000 -0.913995147 0.847226858 -2.780305386 0.344470531 -0.005452787 -0.130804643 -0.929623842
1413393291205760512.000000 -0.921645939 0.863159895 -2.770463467 -0.344523400 0.008730495 0.131590605 0.929468274
1413393291255760384.000000 -0.932468116 0.876240969 -2.764560223 -0.345077664 0.011519504 0.131531894 0.929240704
1413393291305760512.000000 -0.945245981 0.888936996 -2.760408401 0.346810848 -0.010740777 -0.129604384 -0.928875446
1413393291355760384.000000 -0.957596719 0.902296841 -2.756897211 0.348512411 -0.007446256 -0.127221063 -0.928600311
1413393291405760512.000000 -0.969567001 0.915643096 -2.754258633 0.349556684 -0.003794361 -0.123619996 -0.928716242
1413393291455760384.000000 -0.981293440 0.928474307 -2.752577305 0.349480480 0.000742248 -0.120138451 -0.929209173
1413393291505760512.000000 -0.991903424 0.941183984 -2.751648426 0.348375529 0.004147677 -0.116740704 -0.930047810
1413393291555760384.000000 -1.001125813 0.954086304 -2.751400948 0.347536892 0.006877438 -0.113759369 -0.930714548
1413393291605760512.000000 -1.008984685 0.967101097 -2.751146078 0.346310645 0.008354523 -0.111032479 -0.931488633
1413393291655760384.000000 -1.016834617 0.982619166 -2.747835398 -0.345197290 -0.010344814 0.108624332 0.932165563
1413393291705760512.000000 -1.022684932 0.995692790 -2.747586489 -0.344044566 -0.012080130 0.107142463 0.932742178
1413393291755760384.000000 -1.026837349 1.008142591 -2.748936415 0.342996687 0.013260236 -0.105517901 -0.933297098
1413393291805760512.000000 -1.029202223 1.020277262 -2.749645710 0.341361314 0.014043873 -0.103644349 -0.934094846
1413393291855760384.000000 -1.028679490 1.031886101 -2.750379801 0.338124454 0.015141618 -0.101841353 -0.935452282
1413393291905760512.000000 -1.024083376 1.043167114 -2.751391888 0.334836751 0.015508597 -0.099811472 -0.936846614
1413393291955760384.000000 -1.016027808 1.053900957 -2.753117085 0.332527071 0.015530835 -0.097592689 -0.937902033
1413393292005760512.000000 -1.005462646 1.063783050 -2.755109310 0.330356926 0.013541687 -0.094834521 -0.938982069
1413393292055760384.000000 -0.993911922 1.073205709 -2.757254124 0.328866452 0.010950847 -0.091409758 -0.939878345
1413393292105760512.000000 -0.982500613 1.082039595 -2.758675575 0.326853544 0.007454047 -0.089471005 -0.940800846
1413393292155760384.000000 -0.968988299 1.087685823 -2.761730433 -0.325613052 -0.003994052 0.086720072 0.941509366
1413393292205760512.000000 -0.957805812 1.094890356 -2.762488127 -0.323526144 -0.001108162 0.084020823 0.942480862
1413393292255760384.000000 -0.947646081 1.100490093 -2.764227629 0.321360916 -0.001729894 -0.081006184 -0.943484068
1413393292305760512.000000 -0.938144147 1.104807138 -2.765455723 0.319127142 -0.003937827 -0.079717100 -0.944345057
1413393292355760384.000000 -0.929477990 1.107552409 -2.766682863 0.316630989 -0.005731468 -0.079263233 -0.945213974
1413393292405760512.000000 -0.919970930 1.109260798 -2.768015862 0.313965827 -0.007875948 -0.080375209 -0.945993304
1413393292455760384.000000 -0.910707891 1.109782457 -2.769667864 0.312016904 -0.009747325 -0.079849519 -0.946664989
1413393292505760512.000000 -0.902403057 1.108990431 -2.771380901 0.309690028 -0.008426800 -0.079933845 -0.947434306
1413393292555760384.000000 -0.894243896 1.107122183 -2.773649693 0.307928979 -0.007482227 -0.079475321 -0.948054612
1413393292605760512.000000 -0.886145115 1.103714705 -2.776811838 0.305998951 -0.004706212 -0.078971073 -0.948739171
1413393292655760384.000000 -0.873894155 1.096234441 -2.783544779 -0.304969519 0.001206238 0.077069528 0.949237883
1413393292705760512.000000 -0.865536332 1.090079427 -2.787151814 -0.303491801 -0.001510690 0.075406604 0.949844420
1413393292755760384.000000 -0.860471249 1.085340023 -2.787157297 0.301076144 0.002970044 -0.073479608 -0.950760305
1413393292805760512.000000 -0.853232324 1.078065157 -2.789359331 0.299186409 0.002620442 -0.071977027 -0.951472580
1413393292855760384.000000 -0.843886375 1.068696618 -2.792546272 0.296836406 0.000552163 -0.070648283 -0.952311277
1413393292905760512.000000 -0.834296286 1.058341265 -2.795525074 0.294179261 -0.001173491 -0.069661945 -0.953207493
1413393292955760384.000000 -0.823489666 1.045845509 -2.799845934 0.291062921 -0.002995564 -0.070809118 -0.954075158
1413393293005760512.000000 -0.811958194 1.030864477 -2.805305481 0.287896037 -0.002981441 -0.071915366 -0.954952955
1413393293055760384.000000 -0.801556826 1.015860796 -2.810177803 0.284884840 -0.003143329 -0.073123261 -0.955763459
1413393293105760512.000000 -0.791150153 0.999687552 -2.815367937 0.282090634 -0.002366952 -0.074116960 -0.956517696
1413393293155760384.000000 -0.773876250 0.981311798 -2.826284647 -0.278713256 0.001199045 0.077213801 0.957264662
1413393293205760512.000000 -0.763064981 0.963392854 -2.832023144 -0.276433975 0.000679637 0.078261517 0.957840800
1413393293255760384.000000 -0.753273129 0.947463036 -2.834729195 0.273620367 -0.001109619 -0.081331678 -0.958392322
1413393293305760512.000000 -0.744842172 0.929672599 -2.838715076 0.271215558 -0.000202673 -0.083273515 -0.958909631
1413393293355760384.000000 -0.738785148 0.911531746 -2.842436075 0.268774927 -0.001921588 -0.086724736 -0.959288895
1413393293405760512.000000 -0.736001909 0.893075466 -2.845672607 0.266523719 -0.002691616 -0.090027004 -0.959610939
1413393293455760384.000000 -0.735254645 0.874773145 -2.848827362 0.264719576 -0.003494290 -0.093422286 -0.959783196
1413393293505760512.000000 -0.737151206 0.856763363 -2.851922035 0.264104456 -0.002578920 -0.094646290 -0.959835529
1413393293555760384.000000 -0.740708828 0.838331640 -2.855546713 0.264434785 -0.001056862 -0.093147218 -0.959894121
1413393293605760512.000000 -0.745564044 0.819984615 -2.859781742 0.265348315 0.000946940 -0.089768521 -0.959964097
1413393293655760384.000000 -0.759119511 0.798140526 -2.866085052 -0.266839951 -0.003878296 0.085413255 0.959940672
1413393293705760512.000000 -0.763887644 0.779009938 -2.870769501 -0.268044472 -0.007668789 0.080460995 0.960010111
1413393293755760384.000000 -0.763920426 0.762358606 -2.875102758 0.268824518 0.010718159 -0.076333083 -0.960099936
1413393293805760512.000000 -0.764992595 0.743662000 -2.879992247 0.269507855 0.012776718 -0.073442630 -0.960108578
1413393293855760384.000000 -0.765828967 0.723814607 -2.884796143 0.269158810 0.014609425 -0.071922906 -0.960295379
1413393293905760512.000000 -0.765959740 0.703043103 -2.889398575 0.268808544 0.015825752 -0.070570514 -0.960474551
1413393293955760384.000000 -0.765551448 0.681481242 -2.893580914 0.268886477 0.017521475 -0.068721920 -0.960557342
1413393294005760512.000000 -0.764915109 0.658709168 -2.897266626 0.268267810 0.017645501 -0.068167299 -0.960767567
1413393294055760384.000000 -0.763605475 0.635319114 -2.900236607 0.267916083 0.017791854 -0.067727968 -0.960894108
1413393294105760512.000000 -0.760425448 0.611410141 -2.903096676 0.267500013 0.013925538 -0.067311481 -0.961103082
1413393294155760384.000000 -0.770685911 0.587948561 -2.901394367 -0.267259002 -0.006976373 0.067005217 0.961267054
1413393294205760512.000000 -0.767625391 0.562516689 -2.903816223 -0.266675562 -0.001515243 0.068503208 0.961347640
1413393294255760384.000000 -0.760514855 0.536437392 -2.907220364 0.267123520 0.000460476 -0.068895377 -0.961196244
1413393294305760512.000000 -0.756220460 0.509529471 -2.910369635 0.267863393 0.001838222 -0.068685360 -0.961003721
1413393294355760384.000000 -0.752979159 0.481881082 -2.913417339 0.268789023 0.004437347 -0.069317311 -0.960691392
1413393294405760512.000000 -0.750021994 0.453428537 -2.916400194 0.270025551 0.007358152 -0.069025017 -0.960347712
1413393294455760384.000000 -0.747617126 0.424394041 -2.919071674 0.271867037 0.010300817 -0.068183534 -0.959861100
1413393294505760512.000000 -0.745364666 0.394628227 -2.921087027 0.273220450 0.013669027 -0.068572417 -0.959406912
1413393294555760384.000000 -0.743187547 0.364301980 -2.922336578 0.274192095 0.015723344 -0.070128918 -0.958985627
1413393294605760512.000000 -0.741459429 0.333424211 -2.922891140 0.274715543 0.016598552 -0.073134311 -0.958596528
1413393294655760384.000000 -0.747209668 0.306534827 -2.921726704 -0.274672657 -0.015099421 0.076549299 0.958366930
1413393294705760512.000000 -0.745988786 0.274735391 -2.921989679 -0.274026662 -0.014958232 0.081103541 0.958179474
1413393294755760384.000000 -0.743514419 0.242086291 -2.922212362 0.273774743 0.013617349 -0.085371062 -0.957900703
1413393294805760512.000000 -0.741816163 0.209772199 -2.922063589 0.273180872 0.012090730 -0.090351708 -0.957633853
1413393294855760384.000000 -0.740170598 0.177718997 -2.921791315 0.272680700 0.012410022 -0.093398914 -0.957480013
1413393294905760512.000000 -0.737990260 0.146348864 -2.921581030 0.273482412 0.013346603 -0.094232403 -0.957157016
1413393294955760384.000000 -0.735289037 0.115499139 -2.921222925 0.274731457 0.014616791 -0.092479885 -0.956951678
1413393295005760512.000000 -0.724429011 0.090776712 -2.924769402 -0.275263906 -0.017343445 0.089227647 0.957061887
1413393295055760384.000000 -0.720771670 0.060899138 -2.924184322 -0.277452081 -0.018983295 0.085238472 0.956762433
1413393295105760512.000000 -0.716883302 0.030792654 -2.923973560 0.278937101 0.020559732 -0.081491098 -0.956624627
1413393295155760384.000000 -0.712619007 0.000592947 -2.922700405 0.278841227 0.020725477 -0.080933064 -0.956696391
1413393295205760512.000000 -0.708193004 -0.029459044 -2.920982838 0.278857619 0.019389080 -0.082440481 -0.956590891
1413393295255760384.000000 -0.703880310 -0.059565827 -2.918592930 0.278029740 0.018794967 -0.085536852 -0.956571877
1413393295305760512.000000 -0.699288547 -0.089322373 -2.915749311 0.276775748 0.017649103 -0.089177661 -0.956624866
1413393295355760384.000000 -0.693902552 -0.113843828 -2.909748793 -0.276142716 -0.016892873 0.092342988 0.956521094
1413393295405760512.000000 -0.688809037 -0.142411947 -2.905884266 -0.273959279 -0.016240595 0.097737603 0.956624329
1413393295455760384.000000 -0.683201373 -0.170275986 -2.902282476 0.272797406 0.014550912 -0.101505689 -0.956591129
1413393295505760512.000000 -0.677962363 -0.197144017 -2.898260832 0.271287739 0.013167292 -0.106211647 -0.956529498
1413393295555760384.000000 -0.673724532 -0.222971231 -2.893800735 0.269356579 0.011492287 -0.110066779 -0.956661046
1413393295605760512.000000 -0.671736121 -0.247553021 -2.889011383 0.268621981 0.010526428 -0.112790413 -0.956561506
1413393295655760384.000000 -0.671746373 -0.270975858 -2.884164095 0.267659903 0.009731513 -0.114681408 -0.956614673
1413393295705760512.000000 -0.673995137 -0.293561190 -2.879756689 0.266975999 0.009710073 -0.115328230 -0.956728339
1413393295755760384.000000 -0.677731276 -0.311573863 -2.870328426 -0.267529547 -0.010379476 0.114901870 0.956617951
1413393295805760512.000000 -0.683111429 -0.331061929 -2.864778042 -0.268235385 -0.011332153 0.111403123 0.956823289
1413393295855760384.000000 -0.688969851 -0.349362284 -2.860249519 0.270191431 0.013859089 -0.104099028 -0.957062125
1413393295905760512.000000 -0.693755388 -0.366415203 -2.855650902 0.272874773 0.016627731 -0.095839195 -0.957119465
1413393295955760384.000000 -0.697240353 -0.382859290 -2.850933790 0.275201827 0.019832032 -0.087104902 -0.957226992
1413393296005760512.000000 -0.699580431 -0.399160624 -2.845947981 0.276830614 0.021521859 -0.080756865 -0.957277417
1413393296055760384.000000 -0.700780213 -0.415653765 -2.840451479 0.278359473 0.023503082 -0.075595863 -0.957208931
1413393296105760512.000000 -0.700690925 -0.432565093 -2.834202051 0.278816402 0.025106234 -0.072270989 -0.957292080
1413393296155760384.000000 -0.699428737 -0.449953318 -2.827041864 0.279116720 0.025612470 -0.071535379 -0.957246363
1413393296205760512.000000 -0.697231650 -0.467841029 -2.819085360 0.279615313 0.027222564 -0.070584647 -0.957127035
1413393296255760384.000000 -0.693591833 -0.483320326 -2.807651758 -0.279485494 -0.028855551 0.070910215 0.957093060
1413393296305760512.000000 -0.689047277 -0.502402306 -2.797800541 -0.279972106 -0.029665327 0.070734814 0.956938982
1413393296355760384.000000 -0.684372663 -0.522763133 -2.786742210 0.279509544 0.029551143 -0.073512875 -0.956868351
1413393296405760512.000000 -0.678829849 -0.543199539 -2.774773836 0.278543681 0.028661512 -0.078460343 -0.956784248
1413393296455760384.000000 -0.674436092 -0.563760519 -2.761817932 0.278178781 0.028011460 -0.084311485 -0.956411839
1413393296505760512.000000 -0.672638297 -0.584339738 -2.747822523 0.279010326 0.026950046 -0.090360411 -0.955647469
1413393296555760384.000000 -0.673427939 -0.604584754 -2.733093739 0.281596363 0.025553808 -0.095616691 -0.954415023
1413393296605760512.000000 -0.676859021 -0.624187112 -2.717229366 0.284927398 0.023678798 -0.100749947 -0.952945530
1413393296655760384.000000 -0.683189273 -0.640672445 -2.691917658 -0.290623188 -0.022070635 0.105402119 0.950758398
1413393296705760512.000000 -0.689645052 -0.657853663 -2.673878670 -0.295037180 -0.020271037 0.109842278 0.948934615
1413393296755760384.000000 -0.698250294 -0.676038921 -2.656141043 0.299032748 0.019537225 -0.113813303 -0.947229803
1413393296805760512.000000 -0.704891562 -0.692392826 -2.637943268 0.302754402 0.018242488 -0.116753876 -0.945714355
1413393296855760384.000000 -0.710420847 -0.707628489 -2.619899750 0.306806654 0.017216085 -0.117835909 -0.944292367
1413393296905760512.000000 -0.715098023 -0.721775055 -2.601936817 0.310408115 0.016986702 -0.118075311 -0.943088770
1413393296955760384.000000 -0.718649864 -0.734660983 -2.584013224 0.314037353 0.016353458 -0.117725842 -0.941941500
1413393297005760512.000000 -0.720713615 -0.745809913 -2.565936565 0.317631930 0.016500156 -0.117448926 -0.940767527
1413393297055760384.000000 -0.722573102 -0.756216228 -2.548212051 0.321834952 0.016457444 -0.117358416 -0.939350009
1413393297105760512.000000 -0.720182657 -0.760884047 -2.528169394 -0.325766265 -0.016889321 0.118611149 0.937828660
1413393297155760384.000000 -0.721284807 -0.769575655 -2.510155439 -0.329104394 -0.016826423 0.119909130 0.936498344
1413393297205760512.000000 -0.723114491 -0.778610706 -2.492276669 0.331228614 0.015652660 -0.122552715 -0.935426891
1413393297255760384.000000 -0.724065900 -0.786242127 -2.474271774 0.332868189 0.013892327 -0.125337020 -0.934503376
1413393297305760512.000000 -0.724763811 -0.792957902 -2.456447601 0.334548384 0.012423810 -0.126794070 -0.933727145
1413393297355760384.000000 -0.725097418 -0.798548758 -2.438800335 0.336351067 0.012190163 -0.127022445 -0.933051288
1413393297405760512.000000 -0.724857450 -0.802946091 -2.421146154 0.337935030 0.011286376 -0.126760408 -0.932525814
1413393297455760384.000000 -0.724437535 -0.806303740 -2.403658390 0.339827508 0.011939897 -0.125714675 -0.931971371
1413393297505760512.000000 -0.723538876 -0.808670759 -2.386137962 0.341221422 0.012678603 -0.123405777 -0.931760848
1413393297555760384.000000 -0.722744346 -0.810343385 -2.368444920 0.341678441 0.012128087 -0.122740537 -0.931688607
1413393297605760512.000000 -0.722251475 -0.807357192 -2.349091291 -0.342066735 -0.011123854 0.123213753 0.931496084
1413393297655760384.000000 -0.721259594 -0.808039427 -2.331710815 -0.341109961 -0.009524910 0.124841593 0.931647956
1413393297705760512.000000 -0.720464647 -0.808037519 -2.313823700 0.339788079 0.007713648 -0.127262786 -0.931820154
1413393297755760384.000000 -0.719251633 -0.807328939 -2.296532869 0.338610977 0.004879727 -0.129188389 -0.932002842
1413393297805760512.000000 -0.718273044 -0.805730581 -2.279581547 0.337248772 0.002552608 -0.131133392 -0.932234347
1413393297855760384.000000 -0.717520237 -0.803446770 -2.263371706 0.336275935 -0.000489413 -0.132467970 -0.932400465
1413393297905760512.000000 -0.717178583 -0.800399363 -2.247817516 0.335144669 -0.001244461 -0.132989526 -0.932732761
1413393297955760384.000000 -0.716915488 -0.796376705 -2.233222246 0.334044039 -0.001509435 -0.133308604 -0.933081567
1413393298005760512.000000 -0.717118204 -0.791592002 -2.219521761 0.333314538 -0.001667532 -0.133464202 -0.933319867
1413393298055760384.000000 -0.717573881 -0.786045015 -2.206759214 0.332313120 -0.001247359 -0.133350566 -0.933693826
1413393298105760512.000000 -0.718917131 -0.782417893 -2.196851730 -0.332156777 -0.000731134 0.132718220 0.933840036
1413393298155760384.000000 -0.719965518 -0.774927080 -2.185614586 -0.331452727 -0.004206082 0.131714672 0.934223056
1413393298205760512.000000 -0.721137524 -0.766425610 -2.174486876 0.331454575 0.008703470 -0.129233509 -0.934537828
1413393298255760384.000000 -0.722297668 -0.756885767 -2.163686514 0.332346201 0.012664201 -0.125243843 -0.934719026
1413393298305760512.000000 -0.723375440 -0.746689260 -2.152566433 0.332872421 0.017436523 -0.120342158 -0.935098767
1413393298355760384.000000 -0.724431753 -0.735850632 -2.141181231 0.333783180 0.022133235 -0.114792831 -0.935372412
1413393298405760512.000000 -0.725122988 -0.724570870 -2.129125595 0.335276157 0.025612952 -0.107958689 -0.935563385
1413393298455760384.000000 -0.725083590 -0.713475883 -2.116097212 0.336370498 0.026716728 -0.100898862 -0.935927689
1413393298505760512.000000 -0.724285781 -0.702616394 -2.101982355 0.337119341 0.026454072 -0.095221661 -0.936260462
1413393298555760384.000000 -0.722993016 -0.692079842 -2.086906672 0.337604254 0.024943484 -0.091627456 -0.936485827
1413393298605760512.000000 -0.720476449 -0.683004797 -2.072827816 -0.336596757 -0.022738755 0.091533847 0.936913669
1413393298655760384.000000 -0.717865884 -0.673780978 -2.055607557 -0.334448218 -0.020404080 0.094549708 0.937437177
1413393298705760512.000000 -0.715070903 -0.665942550 -2.037311077 0.332048386 0.017294502 -0.099760428 -0.937812686
1413393298755760384.000000 -0.711709857 -0.657987475 -2.018651485 0.329577357 0.014521895 -0.105220355 -0.938134670
1413393298805760512.000000 -0.707749724 -0.649912000 -1.999833107 0.327945232 0.012061187 -0.109681860 -0.938230455
1413393298855760384.000000 -0.703035235 -0.641768217 -1.981069803 0.326570719 0.009976624 -0.113544539 -0.938274860
1413393298905760512.000000 -0.697988987 -0.633197725 -1.962777138 0.326060891 0.008385400 -0.116444133 -0.938112378
1413393298955760384.000000 -0.692987442 -0.624265432 -1.944658041 0.326090842 0.008004963 -0.119283549 -0.937748492
1413393299005760512.000000 -0.687643766 -0.614984870 -1.926935792 0.326329499 0.007122953 -0.121481754 -0.937390327
1413393299055760384.000000 -0.683945537 -0.605330110 -1.912017703 -0.327229857 -0.007674647 0.121915139 0.937015772
1413393299105760512.000000 -0.677896500 -0.594748974 -1.894930720 -0.329089046 -0.007505718 0.120528787 0.936545253
1413393299155760384.000000 -0.670427799 -0.584097445 -1.878439426 0.332219273 0.007451942 -0.116061285 -0.936004639
1413393299205760512.000000 -0.663088202 -0.573128641 -1.862000585 0.336173177 0.006195837 -0.109682538 -0.935371101
1413393299255760384.000000 -0.655290484 -0.562634230 -1.845525503 0.339538664 0.002728968 -0.103827856 -0.934840083
1413393299305760512.000000 -0.647379637 -0.553010464 -1.829097509 0.342627108 -0.002510495 -0.098499790 -0.934290171
1413393299355760384.000000 -0.641535103 -0.546335757 -1.815958023 -0.344798297 0.009305322 0.096060857 0.933702290
1413393299405760512.000000 -0.634784281 -0.539423704 -1.799920321 -0.346102774 0.014604789 0.095198944 0.933239877
1413393299455760384.000000 -0.628469765 -0.533808649 -1.785070181 0.346433550 -0.017954702 -0.096767604 -0.932897389
1413393299505760512.000000 -0.622640133 -0.529534101 -1.770526290 0.346362591 -0.019812172 -0.099425405 -0.932606637
1413393299555760384.000000 -0.617214561 -0.526675940 -1.756739140 0.345757127 -0.019704951 -0.103218682 -0.932421446
1413393299605760512.000000 -0.611961544 -0.525081038 -1.743903995 0.344744384 -0.018669721 -0.107324339 -0.932354212
1413393299655760384.000000 -0.606763422 -0.524278224 -1.732172012 0.343494952 -0.017114200 -0.112127900 -0.932279825
1413393299705760512.000000 -0.601157665 -0.524056971 -1.721877575 0.342839181 -0.014381751 -0.114950158 -0.932223678
1413393299755760384.000000 -0.594826341 -0.524309993 -1.712837577 0.342361629 -0.013361973 -0.116144635 -0.932266355
1413393299805760512.000000 -0.588412225 -0.525079548 -1.704818010 0.342424303 -0.012407208 -0.114784271 -0.932424963
1413393299855760384.000000 -0.582420766 -0.525704503 -1.700610399 -0.342566699 0.010612051 0.112858161 0.932629943
1413393299905760512.000000 -0.575989723 -0.527053714 -1.694237113 -0.342837155 0.006324768 0.110075742 0.932901978
1413393299955760384.000000 -0.569374621 -0.529125094 -1.687694788 0.344084918 -0.001032983 -0.105498292 -0.932992280
1413393300005760512.000000 -0.562404871 -0.531715333 -1.681796551 0.345173031 0.002886237 -0.100511856 -0.933137059
1413393300055760384.000000 -0.555603921 -0.534950197 -1.675611854 0.345847130 0.007139682 -0.096230619 -0.933315933
1413393300105760512.000000 -0.548888981 -0.538852811 -1.669068456 0.346323073 0.009714433 -0.094131462 -0.933330238
1413393300155760384.000000 -0.541982591 -0.543949127 -1.661813021 0.345282644 0.010276559 -0.095152214 -0.933606148
1413393300205760512.000000 -0.534754276 -0.550040245 -1.653904438 0.342516392 0.009826282 -0.099250428 -0.934203088
1413393300255760384.000000 -0.527329147 -0.556940854 -1.645377040 0.337721139 0.008002708 -0.104876190 -0.935350955
1413393300305760512.000000 -0.519458711 -0.564633191 -1.636532307 0.330206424 0.005690702 -0.110932037 -0.937350273
1413393300355760384.000000 -0.512522459 -0.574973464 -1.635861635 -0.322161674 -0.004219776 0.116209902 0.939515471
1413393300405760512.000000 -0.504222631 -0.582284093 -1.627120852 -0.312474370 -0.002833368 0.120320506 0.942271054
1413393300455760384.000000 -0.494593441 -0.589470625 -1.617821574 0.301468968 0.001568597 -0.123468094 -0.945446789
1413393300505760512.000000 -0.485054433 -0.595688820 -1.609432936 0.291022837 0.000799299 -0.123452879 -0.948717296
1413393300555760384.000000 -0.476126015 -0.601061821 -1.601590514 0.279517144 0.000245121 -0.122227259 -0.952329040
1413393300605760512.000000 -0.467571676 -0.605539560 -1.594547987 0.267905861 0.000508881 -0.118659176 -0.956110001
1413393300655760384.000000 -0.462209761 -0.609625280 -1.591454983 -0.256614834 -0.001181295 0.112433508 0.959951162
1413393300705760512.000000 -0.454114377 -0.611995578 -1.585898757 -0.245299026 -0.003455590 0.104437865 0.963799357
1413393300755760384.000000 -0.445885420 -0.613646865 -1.580797076 -0.233987987 -0.005618362 0.095836118 0.967488229
1413393300805760512.000000 -0.437851667 -0.614486873 -1.576395750 0.224652559 0.007360038 -0.086498052 -0.970564365
1413393300855760384.000000 -0.432517588 -0.614992321 -1.571883678 0.216563985 0.007501784 -0.077643164 -0.973147154
1413393300905760512.000000 -0.429862678 -0.614823282 -1.566567659 0.209886834 0.006328479 -0.069566593 -0.975227177
1413393300955760384.000000 -0.430489123 -0.614551067 -1.560241461 0.204141140 0.003963554 -0.063422114 -0.976876855
1413393301005760512.000000 -0.433971047 -0.614529312 -1.552907825 0.198923394 0.000082845 -0.058779806 -0.978250742
1413393301055760384.000000 -0.439209163 -0.614757359 -1.544669986 0.193928033 -0.004192997 -0.055467740 -0.979437470
1413393301105760512.000000 -0.446083218 -0.615550518 -1.535944462 0.188522935 -0.007422237 -0.052737318 -0.980623722
1413393301155760384.000000 -0.457632780 -0.620539248 -1.534533858 -0.182631403 0.010241867 0.050095152 0.981851041
1413393301205760512.000000 -0.469070196 -0.623037279 -1.525426745 -0.175743863 0.011948963 0.048110493 0.983187020
1413393301255760384.000000 -0.480852365 -0.625191689 -1.515849829 0.167935580 -0.012396185 -0.046243154 -0.984634817
1413393301305760512.000000 -0.492563695 -0.628977537 -1.507939816 0.159576744 -0.013133988 -0.043658175 -0.986132205
1413393301355760384.000000 -0.504659057 -0.634108245 -1.501217842 0.150253341 -0.012603828 -0.040478352 -0.987738192
1413393301405760512.000000 -0.516687095 -0.640443444 -1.496170163 0.139941052 -0.012255524 -0.038233072 -0.989345551
1413393301455760384.000000 -0.528499484 -0.649294913 -1.499199748 -0.129242018 0.011705978 0.035633121 0.990903497
1413393301505760512.000000 -0.539634109 -0.657188773 -1.496905923 -0.117933497 0.009020630 0.032464329 0.992449760
1413393301555760384.000000 -0.550420463 -0.665215611 -1.495168090 0.106580876 -0.003852029 -0.028684704 -0.993882716
1413393301605760512.000000 -0.560664535 -0.674142778 -1.494554162 0.095215790 0.002036745 -0.024104850 -0.995162725
1413393301655760384.000000 -0.570106745 -0.683687747 -1.494838238 0.083973601 0.007704712 -0.018857030 -0.996259749
1413393301705760512.000000 -0.578702748 -0.693544567 -1.495884657 0.074401237 0.011377803 -0.013718669 -0.997069180
1413393301755760384.000000 -0.581619143 -0.703825891 -1.500045180 -0.065684736 -0.015193494 0.009383732 0.997680664
1413393301805760512.000000 -0.588942885 -0.714730144 -1.501949906 -0.058582496 -0.017335204 0.004642774 0.998121321
1413393301855760384.000000 -0.596916616 -0.726461470 -1.503964901 0.052653816 0.017544096 -0.002084021 -0.998456538
1413393301905760512.000000 -0.603776693 -0.738775909 -1.505835772 0.047854051 0.017849455 0.000651404 -0.998694658
1413393301955760384.000000 -0.609306276 -0.752063572 -1.507465482 0.044030253 0.017995311 0.003415103 -0.998862267
1413393302005760512.000000 -0.614418864 -0.766077340 -1.508886814 0.041325971 0.016898325 0.005282546 -0.998988867
1413393302055760384.000000 -0.612225354 -0.779119432 -1.507435441 -0.039170835 -0.016612103 -0.006322605 0.999074459
1413393302105760512.000000 -0.615136504 -0.794965565 -1.508259416 -0.037196320 -0.016152781 -0.006200730 0.999158204
1413393302155760384.000000 -0.619558394 -0.811411262 -1.509098530 0.036069926 0.015296399 0.005014597 -0.999219656
1413393302205760512.000000 -0.621593118 -0.828955531 -1.509632349 0.035721157 0.014759438 0.004047716 -0.999244630
1413393302255760384.000000 -0.622741342 -0.847206891 -1.510160089 0.035245206 0.014490603 0.001911017 -0.999271870
1413393302305760512.000000 -0.622953296 -0.866187990 -1.510708332 0.035681296 0.012823409 -0.000333105 -0.999280930
1413393302355760384.000000 -0.621459067 -0.882817984 -1.506318450 -0.036157906 -0.013044839 0.005020441 0.999248385
1413393302405760512.000000 -0.620624065 -0.902664721 -1.506858110 -0.037255123 -0.012796247 0.007539082 0.999195457
1413393302455760384.000000 -0.619668245 -0.922949433 -1.507372141 0.038661987 0.012435901 -0.011243192 -0.999111712
1413393302505760512.000000 -0.617526591 -0.943260491 -1.508152127 0.040241573 0.012833943 -0.014717407 -0.998999238
1413393302555760384.000000 -0.614662409 -0.963516116 -1.509176612 0.041697286 0.012730469 -0.019464999 -0.998859525
1413393302605760512.000000 -0.611527741 -0.982042074 -1.509902000 -0.042866036 -0.013433333 0.024396867 0.998692572
1413393302655760384.000000 -0.606938899 -1.001452327 -1.511297107 -0.044779502 -0.014472467 0.027462520 0.998514473
1413393302705760512.000000 -0.601476252 -1.020559549 -1.512805820 0.046612862 0.015361006 -0.029183300 -0.998368502
1413393302755760384.000000 -0.595192194 -1.038999557 -1.514345050 0.047920767 0.016126804 -0.031274889 -0.998231232
1413393302805760512.000000 -0.588412583 -1.053148627 -1.514798522 -0.049032304 -0.016075615 0.032897096 0.998125911
1413393302855760384.000000 -0.580438972 -1.069952965 -1.516339421 -0.049653791 -0.016610045 0.034544729 0.998030722
1413393302905760512.000000 -0.571651101 -1.085882664 -1.517520785 0.050120581 0.016815869 -0.035066959 -0.997985780
1413393302955760384.000000 -0.562638402 -1.100878716 -1.518631339 0.050735176 0.017609652 -0.035647772 -0.997920394
1413393303005760512.000000 -0.553135872 -1.114890695 -1.519638181 0.051678188 0.017742068 -0.033770401 -0.997934997
1413393303055760384.000000 -0.546342492 -1.127496600 -1.519038320 -0.051858868 -0.016903494 0.031985730 0.997998953
1413393303105760512.000000 -0.537138700 -1.139690042 -1.519699097 -0.052503478 -0.016180361 0.030536626 0.998022676
1413393303155760384.000000 -0.527129173 -1.151364446 -1.520104408 0.052582346 0.016164482 -0.029338976 -0.998054683
1413393303205760512.000000 -0.517270863 -1.162410140 -1.520570636 0.052268449 0.015248597 -0.028938197 -0.998097241
1413393303255760384.000000 -0.510233343 -1.170621514 -1.520325780 -0.052246731 -0.015629373 0.028572826 0.998103082
1413393303305760512.000000 -0.500043154 -1.180345654 -1.520460606 -0.053451393 -0.016282443 0.025001934 0.998124599
1413393303355760384.000000 -0.489363730 -1.189257860 -1.520724177 0.055379141 0.017229525 -0.019601390 -0.998124301
1413393303405760512.000000 -0.478341788 -1.198307991 -1.520677805 0.057295546 0.018113881 -0.014586321 -0.998086393
1413393303455760384.000000 -0.466884047 -1.207572937 -1.520464897 0.058636215 0.019020990 -0.011503827 -0.998031974
1413393303505760512.000000 -0.454677701 -1.217333436 -1.520084381 0.059723195 0.018456766 -0.008727418 -0.998006165
1413393303555760384.000000 -0.443622917 -1.228433728 -1.519839764 -0.061707448 -0.017750686 0.007651083 0.997907162
1413393303605760512.000000 -0.430014700 -1.239219785 -1.518883109 -0.062850773 -0.015971405 0.006744710 0.997872353
1413393303655760384.000000 -0.415543556 -1.250634909 -1.518554211 0.063506640 0.013731517 -0.007204429 -0.997860968
1413393303705760512.000000 -0.401138812 -1.262444735 -1.518090367 0.064446740 0.012753959 -0.008682687 -0.997801900
1413393303755760384.000000 -0.386387527 -1.274821281 -1.517621398 0.064644180 0.012910433 -0.010419087 -0.997770548
1413393303805760512.000000 -0.370696396 -1.287264943 -1.516637683 -0.064834110 -0.011926204 0.011697537 0.997756243
1413393303855760384.000000 -0.355519891 -1.300088763 -1.516427159 -0.064606905 -0.011563692 0.014881746 0.997732818
1413393303905760512.000000 -0.340515405 -1.313224673 -1.516751766 0.063858539 0.011418912 -0.017947344 -0.997732222
1413393303955760384.000000 -0.326310128 -1.326086164 -1.516567111 0.062555552 0.010779453 -0.022163600 -0.997737169
1413393304005760512.000000 -0.316020936 -1.337311983 -1.515773416 -0.061676756 -0.011396294 0.026539292 0.997678280
1413393304055760384.000000 -0.306773990 -1.349291563 -1.513929725 -0.060721561 -0.011197164 0.029535504 0.997654855
1413393304105760512.000000 -0.299044520 -1.360442162 -1.511484385 -0.060074095 -0.013411622 0.031537879 0.997605443
1413393304155760384.000000 -0.297097743 -1.370640278 -1.507969499 -0.060388111 -0.017361682 0.031854961 0.997515500
1413393304205760512.000000 -0.297228396 -1.379927754 -1.503192425 0.060127735 0.021445971 -0.031246856 -0.997471035
1413393304255760384.000000 -0.298733175 -1.388412356 -1.497590303 0.060869895 0.025263036 -0.027854068 -0.997437119
1413393304305760512.000000 -0.301109612 -1.396181703 -1.490887523 0.061723653 0.027885299 -0.024194043 -0.997410238
1413393304355760384.000000 -0.304250658 -1.403769374 -1.483775973 0.062122930 0.030424496 -0.020053886 -0.997403085
1413393304405760512.000000 -0.307301432 -1.410849333 -1.475911975 0.062268015 0.031886365 -0.016931502 -0.997406304
1413393304455760384.000000 -0.302558064 -1.417744875 -1.469877839 -0.062495835 -0.033212163 0.013822745 0.997396767
1413393304505760512.000000 -0.303969920 -1.424678922 -1.460717916 -0.061914586 -0.032551941 0.011780789 0.997480929
1413393304555760384.000000 -0.305599928 -1.431732893 -1.450133562 0.061132032 0.030177671 -0.009297444 -0.997630119
1413393304605760512.000000 -0.306357265 -1.438731432 -1.439565420 0.061285410 0.027897084 -0.005870065 -0.997713149
1413393304655760384.000000 -0.306738168 -1.446113467 -1.428671837 0.060459271 0.025788331 -0.004112713 -0.997829080
1413393304705760512.000000 -0.306441069 -1.452147603 -1.417256474 -0.059704226 -0.022586022 0.002185683 0.997958183
1413393304755760384.000000 -0.305682778 -1.460238695 -1.405732512 -0.058050532 -0.022280442 0.002912523 0.998060763
1413393304805760512.000000 -0.303718895 -1.469272971 -1.393717885 0.055928618 0.021001218 -0.003404488 -0.998208106
1413393304855760384.000000 -0.301459849 -1.478466272 -1.381635070 0.053340692 0.020842617 -0.005888346 -0.998341501
1413393304905760512.000000 -0.297492564 -1.485430717 -1.370739460 -0.052087691 -0.021920303 0.005086740 0.998389006
1413393304955760384.000000 -0.294190973 -1.494821548 -1.358364940 -0.050607365 -0.021952152 0.005658436 0.998461366
1413393305005760512.000000 -0.290435970 -1.504018784 -1.346017003 0.050299097 0.023098227 -0.003978435 -0.998459160
1413393305055760384.000000 -0.286429375 -1.513769507 -1.332787871 -0.049357872 -0.024490714 0.004748749 0.998469591
1413393305105760512.000000 -0.281724125 -1.523224354 -1.320186377 -0.049022198 -0.024862407 0.005326193 0.998474061
1413393305155760384.000000 -0.276598692 -1.532592297 -1.307273865 0.048909690 0.026115507 -0.006924266 -0.998437762
1413393305205760512.000000 -0.270093411 -1.541972160 -1.294067621 0.049854841 0.026059983 -0.005522085 -0.998401225
1413393305255760384.000000 -0.262954623 -1.551624537 -1.279433727 -0.052236449 -0.026696194 0.001282639 0.998277068
1413393305305760512.000000 -0.254250228 -1.561569095 -1.266204834 -0.054537613 -0.025914371 0.000144773 0.998175442
1413393305355760384.000000 -0.244988143 -1.571857452 -1.253046632 0.057609569 0.025084032 0.000405797 -0.998023987
1413393305405760512.000000 -0.235585630 -1.582912564 -1.239384770 0.060402736 0.025351798 -0.000823175 -0.997851849
1413393305455760384.000000 -0.227271616 -1.595035195 -1.223799706 -0.062432609 -0.025980016 0.004614205 0.997700393
1413393305505760512.000000 -0.217032343 -1.607734680 -1.209588289 -0.064483635 -0.025711274 0.007057066 0.997562587
1413393305555760384.000000 -0.206367925 -1.620806694 -1.195084929 0.066639662 0.025401998 -0.009510751 -0.997408330
1413393305605760512.000000 -0.195305958 -1.634604335 -1.180340767 0.068155386 0.025689321 -0.011939517 -0.997272491
1413393305655760384.000000 -0.183456555 -1.648439527 -1.165217996 0.071398422 0.025826139 -0.012648683 -0.997033298
1413393305705760512.000000 -0.176847279 -1.660064936 -1.146721244 -0.075765744 -0.025407126 0.013270034 0.996713579
1413393305755760384.000000 -0.163849175 -1.674163699 -1.130816817 -0.081732899 -0.024458366 0.010905933 0.996294498
1413393305805760512.000000 -0.149335310 -1.688965321 -1.114773750 0.088423282 0.023079144 -0.008755428 -0.995777190
1413393305855760384.000000 -0.137820750 -1.703994036 -1.098228574 -0.095227234 -0.021774432 0.004270168 0.995208204
1413393305905760512.000000 -0.123073563 -1.720517993 -1.081566811 -0.101831995 -0.022414431 -0.000312696 0.994549096
1413393305955760384.000000 -0.108562216 -1.738642216 -1.064673424 0.106488600 0.020788014 0.001161288 -0.994095981
1413393306005760512.000000 -0.096619964 -1.758347869 -1.046580315 -0.108993709 -0.019948650 0.001925831 0.993840456
1413393306055760384.000000 -0.081399545 -1.779878378 -1.028691769 -0.110064976 -0.018258609 0.006360235 0.993736386
1413393306105760512.000000 -0.066704907 -1.802532434 -1.010414243 0.110925660 0.017741209 -0.010401716 -0.993615925
1413393306155760384.000000 -0.058281746 -1.823353529 -0.994195163 -0.110976763 -0.017154220 0.013736377 0.993580043
1413393306205760512.000000 -0.043488197 -1.848306775 -0.975566745 -0.110623531 -0.016903257 0.016953960 0.993573964
1413393306255760384.000000 -0.029277138 -1.873864651 -0.956773162 0.110467181 0.017353810 -0.019294111 -0.993540943
1413393306305760512.000000 -0.017045200 -1.899188757 -0.938423812 -0.110216834 -0.019034227 0.022238320 0.993476510
1413393306355760384.000000 -0.003042779 -1.925416231 -0.919461787 -0.111238524 -0.021152135 0.026364513 0.993218780
1413393306405760512.000000 0.009420546 -1.951358318 -0.899887264 0.114010274 0.023542622 -0.031060036 -0.992714882
1413393306455760384.000000 0.019622717 -1.976321101 -0.880278468 -0.118912652 -0.025640057 0.036600158 0.991898656
1413393306505760512.000000 0.028868694 -2.001400709 -0.859243870 -0.125707388 -0.026273910 0.042579528 0.990804911
1413393306555760384.000000 0.035599303 -2.025620461 -0.837324440 -0.134822652 -0.026280228 0.047282007 0.989392102
1413393306605760512.000000 0.034993652 -2.044221401 -0.816112578 -0.145238921 -0.023700774 0.051932395 0.987748504
1413393306655760384.000000 0.038194530 -2.067232847 -0.792867661 -0.156289741 -0.021247391 0.056556743 0.985861778
1413393306705760512.000000 0.038761541 -2.088687658 -0.769257724 -0.164931774 -0.017534524 0.066780321 0.983885467
1413393306755760384.000000 0.041032773 -2.110605478 -0.745634913 -0.172980711 -0.015112073 0.075778708 0.981889486
1413393306805760512.000000 0.043953944 -2.131468534 -0.722248912 0.179485947 0.011454250 -0.084291838 -0.980075836
1413393306855760384.000000 0.045948531 -2.150135517 -0.699881554 -0.185550913 -0.010252538 0.091305435 0.978329778
1413393306905760512.000000 0.049946398 -2.168301582 -0.677953184 -0.192486823 -0.008841895 0.096657217 0.976487637
1413393306955760384.000000 0.054434486 -2.184460163 -0.657064915 0.199428946 0.008098371 -0.102181107 -0.974536657
1413393307005760512.000000 0.059920367 -2.198863506 -0.637073517 0.207889229 0.008283242 -0.105700433 -0.972389340
1413393307055760384.000000 0.061944753 -2.209095716 -0.618764877 -0.217186689 -0.008584196 0.107496999 0.970155001
1413393307105760512.000000 0.067421913 -2.219850779 -0.600509882 -0.227733582 -0.009205376 0.107546285 0.967722297
1413393307155760384.000000 0.072681971 -2.228635788 -0.582765818 0.238932207 0.010526763 -0.106114775 -0.965163350
1413393307205760512.000000 0.078266397 -2.236096621 -0.565507650 0.250457406 0.012089578 -0.105577342 -0.962277770
1413393307255760384.000000 0.082957886 -2.241638660 -0.547939718 -0.261916667 -0.012511291 0.105414912 0.959234536
1413393307305760512.000000 0.089438148 -2.247029543 -0.531630814 -0.273733109 -0.012489758 0.104868568 0.955989957
1413393307355760384.000000 0.095236592 -2.251454830 -0.515486956 0.285348117 0.014255060 -0.107200839 -0.952303112
1413393307405760512.000000 0.101905279 -2.255156040 -0.499855787 0.297780335 0.015090036 -0.109111845 -0.948258340
1413393307455760384.000000 0.109402671 -2.257928848 -0.484638959 0.311071873 0.015887868 -0.111377783 -0.943703830
1413393307505760512.000000 0.112028114 -2.251337767 -0.470292807 -0.323848456 -0.017324230 0.114781313 0.938960850
1413393307555760384.000000 0.120072149 -2.253125191 -0.455548406 -0.336736351 -0.020213829 0.119486406 0.933768272
1413393307605760512.000000 0.128745034 -2.254814386 -0.440580934 0.349393606 0.021946901 -0.125028759 -0.928337395
1413393307655760384.000000 0.137779891 -2.255802155 -0.425353587 0.361563057 0.024463104 -0.132471278 -0.922564507
1413393307705760512.000000 0.147190571 -2.256136417 -0.409928977 0.373540729 0.026931774 -0.139082134 -0.916732371
1413393307755760384.000000 0.159159437 -2.252318621 -0.394902229 -0.386406690 -0.028111825 0.142853439 0.910764813
1413393307805760512.000000 0.170251206 -2.250680685 -0.379089713 -0.400234878 -0.026558949 0.141817540 0.904983163
1413393307855760384.000000 0.181461155 -2.248479128 -0.362235069 0.413273633 0.024429159 -0.141704619 -0.899181843
1413393307905760512.000000 0.193043262 -2.245833874 -0.345259786 0.426391602 0.022002820 -0.140858859 -0.893232882
1413393307955760384.000000 0.204853520 -2.242992401 -0.327850342 0.438978195 0.020722391 -0.140873119 -0.887143433
1413393308005760512.000000 0.214091748 -2.237590075 -0.310555816 -0.451094031 -0.018689647 0.141864941 0.880930960
1413393308055760384.000000 0.226304352 -2.234995365 -0.292069972 -0.462912738 -0.018108359 0.143378705 0.874543667
1413393308105760512.000000 0.238574177 -2.231853724 -0.272804677 0.474446058 0.017416671 -0.145229712 -0.868047237
1413393308155760384.000000 0.250956297 -2.229223967 -0.253001809 0.485602140 0.017640414 -0.148430333 -0.861305952
1413393308205760512.000000 0.263871282 -2.226862431 -0.232534409 0.496564388 0.017754473 -0.151146576 -0.854554474
1413393308255760384.000000 0.277159423 -2.224807262 -0.211479664 0.507673860 0.017312465 -0.153920412 -0.847511709
1413393308305760512.000000 0.284853160 -2.218772650 -0.190360308 -0.518868327 -0.015070750 0.157446295 0.840094805
1413393308355760384.000000 0.298373729 -2.217373610 -0.168328881 -0.529233098 -0.013056776 0.161991507 0.832766891
1413393308405760512.000000 0.312383324 -2.216431618 -0.145518184 0.539356649 0.010473526 -0.167516708 -0.825180590
1413393308455760384.000000 0.325315118 -2.215822458 -0.122420907 0.548898458 0.009272122 -0.174466968 -0.817426324
1413393308505760512.000000 0.335155129 -2.213030815 -0.098934889 -0.557646394 -0.008338900 0.182722285 0.809675038
1413393308555760384.000000 0.344702542 -2.212670565 -0.074976563 -0.566666186 -0.007556915 0.190322340 0.801629484
1413393308605760512.000000 0.351212800 -2.212228298 -0.050958991 0.575942814 0.006139291 -0.197434932 -0.793266535
1413393308655760384.000000 0.349696636 -2.206573486 -0.024999022 -0.584932268 -0.004746863 0.205817521 0.784519553
1413393308705760512.000000 0.352602363 -2.204881191 -0.000633836 -0.593939304 -0.002634689 0.213926852 0.775541425
1413393308755760384.000000 0.354438514 -2.201969147 0.023346543 0.603677690 -0.000177764 -0.220178798 -0.766220987
1413393308805760512.000000 0.351346940 -2.198774815 0.048004031 0.614003599 -0.004263630 -0.223893940 -0.756870568
1413393308855760384.000000 0.348999977 -2.196381569 0.070605397 0.625188768 -0.006966796 -0.224396944 -0.747486830
1413393308905760512.000000 0.344450802 -2.194122791 0.092364788 0.635919392 -0.009440729 -0.225078508 -0.738144338
1413393308955760384.000000 0.334086478 -2.187483072 0.117005229 0.646554172 -0.011276782 -0.225137025 -0.728803039
1413393309005760512.000000 0.329271972 -2.184348345 0.136660576 0.657001495 -0.012053238 -0.224881977 -0.719466448
1413393309055760384.000000 0.323638827 -2.181567192 0.155937910 0.665942490 -0.012499171 -0.227225900 -0.710445523
1413393309105760512.000000 0.312555164 -2.176164389 0.175839663 0.675441623 -0.014586098 -0.227050856 -0.701436937
1413393309155760384.000000 0.307603478 -2.174292564 0.192778111 0.683685660 -0.014763096 -0.229229465 -0.692683101
1413393309205760512.000000 0.303455085 -2.172611952 0.208883286 0.690918207 -0.016020814 -0.230208144 -0.685112953
1413393309255760384.000000 0.298806906 -2.170682907 0.224002838 0.697177231 -0.015151015 -0.230681047 -0.678601980
1413393309305760512.000000 0.291215539 -2.167852402 0.240463972 0.702380955 -0.013624653 -0.229770035 -0.673558533
1413393309355760384.000000 0.288052410 -2.166901350 0.254687309 0.706748784 -0.010286194 -0.227524191 -0.669800937
1413393309405760512.000000 0.284380972 -2.165861845 0.269136190 0.709725082 -0.006933180 -0.225979239 -0.667214930
1413393309455760384.000000 0.281944424 -2.165537834 0.283275843 0.711727858 -0.003425151 -0.224437147 -0.665627360
1413393309505760512.000000 0.280794829 -2.165348053 0.297339201 0.712168753 0.000799296 -0.224766657 -0.665052593
1413393309555760384.000000 0.280348152 -2.165140867 0.311609507 0.711321592 0.004332656 -0.226445630 -0.665376008
1413393309605760512.000000 0.279865324 -2.165098429 0.326267242 0.709697485 0.010097674 -0.229955435 -0.665843964
1413393309655760384.000000 0.280111462 -2.164595127 0.341335058 0.707585037 0.014364001 -0.232519627 -0.667122066
1413393309705760512.000000 0.280916363 -2.163138866 0.353781462 0.705526829 0.016679307 -0.235394552 -0.668238938
1413393309755760384.000000 0.282281816 -2.160537243 0.368328571 0.703529179 0.015904190 -0.238696948 -0.669191718
1413393309805760512.000000 0.284076810 -2.157785892 0.383361697 0.700820625 0.012064027 -0.242497757 -0.670745671
1413393309855760384.000000 0.285749555 -2.153856277 0.397552490 0.698487282 0.008742592 -0.246444166 -0.671791911
1413393309905760512.000000 0.287513793 -2.149008036 0.410749078 0.696828902 0.005827386 -0.248887166 -0.672644675
1413393309955760384.000000 0.288818896 -2.143282890 0.423145890 0.694709182 0.003307162 -0.252238840 -0.673605144
1413393310005760512.000000 0.290065229 -2.136667013 0.434116483 0.692895114 -0.000107035 -0.255120277 -0.674396038
1413393310055760384.000000 0.291492522 -2.128975153 0.443467975 0.692031443 -0.002203544 -0.255808949 -0.675018072
1413393310105760512.000000 0.293392420 -2.120208025 0.451175213 0.691667438 -0.004606814 -0.254531205 -0.675861537
1413393310155760384.000000 0.295330882 -2.110672474 0.456813693 0.692662001 -0.005392812 -0.250453740 -0.676360309
1413393310205760512.000000 0.303551227 -2.103551149 0.457407355 0.694225907 -0.002705411 -0.244073719 -0.677105010
1413393310255760384.000000 0.305250317 -2.093246698 0.460734129 0.696091712 0.000658533 -0.236996323 -0.677708447
1413393310305760512.000000 0.305928588 -2.083599091 0.464831948 0.698019803 0.004775354 -0.230976477 -0.677787185
1413393310355760384.000000 0.306517035 -2.073200226 0.468153000 0.699196994 0.008712902 -0.226170748 -0.678155184
1413393310405760512.000000 0.307094753 -2.062462330 0.471396089 0.700564981 0.011328597 -0.221958727 -0.678096414
1413393310455760384.000000 0.307485789 -2.051759243 0.474936604 0.701319098 0.012177573 -0.220253304 -0.677858233
1413393310505760512.000000 0.307984054 -2.040938139 0.479069352 0.700757265 0.009821563 -0.221714243 -0.678001285
1413393310555760384.000000 0.308510303 -2.030091047 0.483385205 0.700427294 0.007424184 -0.223004311 -0.677949607
1413393310605760512.000000 0.308613330 -2.019246817 0.487884998 0.699246049 0.004129060 -0.226527631 -0.678028941
1413393310655760384.000000 0.308883637 -2.008226633 0.492373228 0.697997749 -0.000478463 -0.230654895 -0.677936077
1413393310705760512.000000 0.307839841 -1.996936798 0.494675994 0.696681499 -0.005132127 -0.234761074 -0.677861273
1413393310755760384.000000 0.307674497 -1.986288548 0.498038292 0.695115626 -0.008388653 -0.239396527 -0.677815020
1413393310805760512.000000 0.306101471 -1.975792646 0.501202345 0.694123864 -0.011408052 -0.242934451 -0.677528441
1413393310855760384.000000 0.304923147 -1.965034246 0.502614379 0.693819106 -0.012879310 -0.245721608 -0.676808834
1413393310905760512.000000 0.303331047 -1.954073310 0.502681613 0.694922924 -0.010452566 -0.245011494 -0.675975144
1413393310955760384.000000 0.300916284 -1.942789316 0.501549482 0.697144806 -0.003807739 -0.242137805 -0.674791813
1413393311005760512.000000 0.298159510 -1.931180358 0.499586463 0.699408710 0.002023685 -0.239565626 -0.673373461
1413393311055760384.000000 0.295474768 -1.919031858 0.497336149 0.701360524 0.007267546 -0.238019586 -0.671853721
1413393311105760512.000000 0.290937960 -1.906232834 0.495116472 0.702741981 0.010977997 -0.237948284 -0.670383334
1413393311155760384.000000 0.284932822 -1.892838478 0.493173599 0.704660535 0.012757103 -0.236205801 -0.668952584
1413393311205760512.000000 0.284349442 -1.876690388 0.491814017 0.705249250 0.011994335 -0.238605931 -0.667493045
1413393311255760384.000000 0.273403317 -1.862001896 0.491680145 0.705317557 0.009757987 -0.240695477 -0.666706622
1413393311305760512.000000 0.258879393 -1.846680999 0.492722034 0.705592334 0.009704321 -0.241466448 -0.666137576
1413393311355760384.000000 0.245634556 -1.830717206 0.492832780 0.706358433 0.011478704 -0.240840942 -0.665523648
1413393311405760512.000000 0.232695460 -1.814006567 0.492453098 0.707225800 0.013269903 -0.239752471 -0.664961934
1413393311455760384.000000 0.220176250 -1.796335936 0.491596937 0.707933784 0.015474627 -0.238650247 -0.664557278
1413393311505760512.000000 0.208687603 -1.777823329 0.490195990 0.708361506 0.017015761 -0.238553673 -0.664098382
1413393311555760384.000000 0.202482134 -1.760398149 0.486584306 0.708822429 0.019845264 -0.237726092 -0.663824797
1413393311605760512.000000 0.193322569 -1.739897490 0.484435081 0.709358096 0.021424562 -0.236390918 -0.663680315
1413393311655760384.000000 0.185234487 -1.718364835 0.482707739 0.709840000 0.020960053 -0.234390974 -0.663889110
1413393311705760512.000000 0.179222941 -1.695826292 0.480599046 0.710540175 0.018979041 -0.231304735 -0.664282084
1413393311755760384.000000 0.174489677 -1.672361612 0.478604913 0.711093843 0.017232873 -0.227923736 -0.664905608
1413393311805760512.000000 0.170636475 -1.648480773 0.476955652 0.711181402 0.015183948 -0.224194020 -0.666128755
1413393311855760384.000000 0.167627096 -1.624501467 0.475715637 0.710598946 0.012571468 -0.221821636 -0.667597413
1413393311905760512.000000 0.165199965 -1.600404739 0.474998474 0.709408581 0.011464152 -0.219279185 -0.669719875
1413393311955760384.000000 0.163256019 -1.576540470 0.475110292 0.707234442 0.009251229 -0.218127251 -0.672424316
1413393312005760512.000000 0.164948881 -1.557459593 0.475082159 0.705794513 0.006571704 -0.214203164 -0.675224423
1413393312055760384.000000 0.164434999 -1.534526825 0.475795507 0.704733312 0.005008712 -0.208784595 -0.678037524
1413393312105760512.000000 0.163824320 -1.511109114 0.477364302 0.703885376 0.003515077 -0.203188270 -0.680622935
1413393312155760384.000000 0.163497090 -1.488972425 0.479733229 0.702413917 0.002484896 -0.200427100 -0.682962298
1413393312205760512.000000 0.163264245 -1.467774510 0.482745051 0.700503707 0.002382289 -0.200281754 -0.684964359
1413393312255760384.000000 0.163155466 -1.447437286 0.486272454 0.698672354 0.002428208 -0.202244550 -0.686256647
1413393312305760512.000000 0.163740039 -1.427690625 0.490211785 0.696493208 -0.002297983 -0.206325829 -0.687256575
1413393312355760384.000000 0.164774418 -1.408832312 0.494368434 0.693760395 -0.006582915 -0.212508425 -0.688108623
1413393312405760512.000000 0.165829718 -1.394633293 0.499463379 0.690449357 -0.009396950 -0.220645577 -0.688844621
1413393312455760384.000000 0.166313529 -1.377302885 0.503775537 0.687547147 -0.013200764 -0.227148190 -0.689571142
1413393312505760512.000000 0.167085826 -1.359073639 0.507697046 0.685123920 -0.014996006 -0.233682543 -0.689762890
1413393312555760384.000000 0.168089956 -1.341791391 0.510016561 0.684513092 -0.016102662 -0.235767871 -0.689634740
1413393312605760512.000000 0.169529736 -1.324683428 0.511053264 0.685680270 -0.014449874 -0.232712194 -0.689549744
1413393312655760384.000000 0.170552433 -1.308022976 0.511120260 0.687460899 -0.010296239 -0.228096575 -0.689393520
1413393312705760512.000000 0.170977265 -1.291901350 0.510841131 0.688964427 -0.004312105 -0.223936006 -0.689320087
1413393312755760384.000000 0.171450615 -1.275938511 0.510387659 0.689720571 -0.001713023 -0.221508697 -0.689359546
1413393312805760512.000000 0.172000170 -1.260086417 0.509936512 0.690017700 -0.000183211 -0.219820991 -0.689604521
1413393312855760384.000000 0.173899382 -1.244121075 0.510284603 0.689577401 -0.000385131 -0.218545809 -0.690449595
1413393312905760512.000000 0.175466090 -1.228565931 0.509970546 0.689140975 -0.003069098 -0.216318652 -0.691579044
1413393312955760384.000000 0.176201016 -1.213850498 0.509007990 0.687714934 -0.006308618 -0.215862289 -0.693117559
1413393313005760512.000000 0.178913549 -1.199559212 0.508126140 0.686941445 -0.012650156 -0.212041840 -0.694974661
1413393313055760384.000000 0.180694491 -1.186030269 0.507581592 0.684516490 -0.010876285 -0.212943226 -0.697118461
1413393313105760512.000000 0.183579311 -1.173732519 0.506596625 0.682560742 -0.005812575 -0.212073863 -0.699358165
1413393313155760384.000000 0.186101645 -1.161750555 0.506050229 0.680195987 0.000725977 -0.212230891 -0.701634526
1413393313205760512.000000 0.190737128 -1.149558306 0.505002320 0.677584887 0.005651456 -0.211431339 -0.704374671
1413393313255760384.000000 0.190324038 -1.138383746 0.503759801 0.675110281 0.010327669 -0.211142823 -0.706780195
1413393313305760512.000000 0.195209578 -1.126753688 0.502709329 0.671921134 0.009936679 -0.212825596 -0.709315598
1413393313355760384.000000 0.200592741 -1.115485668 0.502004445 0.669086516 0.009264790 -0.214316279 -0.711551785
1413393313405760512.000000 0.205514491 -1.104596972 0.500959337 0.667277932 0.008183024 -0.215039641 -0.713043690
1413393313455760384.000000 0.211191982 -1.093416452 0.499390483 0.665904045 0.004548717 -0.215971813 -0.714078009
1413393313505760512.000000 0.216048881 -1.081459880 0.497659951 0.665217042 -0.001070109 -0.215984896 -0.714727700
1413393313555760384.000000 0.219226420 -1.069981337 0.495065302 0.665630281 -0.008162250 -0.215423435 -0.714466572
1413393313605760512.000000 0.219325066 -1.060032129 0.492650181 0.666493893 -0.015995316 -0.215855837 -0.713397741
1413393313655760384.000000 0.210991144 -1.053126454 0.493381917 0.668650925 -0.024975086 -0.215381056 -0.711261749
1413393313705760512.000000 0.207788587 -1.044913888 0.489147455 0.672353864 -0.030376457 -0.212852672 -0.708315849
1413393313755760384.000000 0.208577633 -1.034699440 0.481816053 0.677502275 -0.031757016 -0.208494872 -0.704636097
1413393313805760512.000000 0.205920860 -1.029280782 0.474418819 0.682084441 -0.032231182 -0.204834655 -0.701259434
1413393313855760384.000000 0.202005714 -1.026028514 0.466387749 0.686508954 -0.028785558 -0.203364581 -0.697509646
1413393313905760512.000000 0.195954427 -1.025487661 0.458544135 0.689809263 -0.020839525 -0.206587523 -0.693578124
1413393313955760384.000000 0.190770656 -1.025740266 0.449423313 0.692454219 -0.012737350 -0.213115171 -0.689149439
1413393314005760512.000000 0.185494736 -1.027067184 0.439944804 0.695099533 -0.005799878 -0.219570726 -0.684537709
1413393314055760384.000000 0.180517003 -1.028819442 0.430134416 0.697331071 -0.000196319 -0.226610273 -0.679983199
1413393314105760512.000000 0.182155088 -1.027315617 0.416940093 0.698636413 0.002106928 -0.231609553 -0.676948845
1413393314155760384.000000 0.177793130 -1.032786131 0.410543680 0.700413346 0.003579762 -0.231991023 -0.674973071
1413393314205760512.000000 0.175564736 -1.033173203 0.400357068 0.701007962 0.004983712 -0.231496483 -0.674516439
1413393314255760384.000000 0.172946081 -1.033094883 0.389283121 0.700407624 0.007238625 -0.229299664 -0.675868690
1413393314305760512.000000 0.171113566 -1.032118678 0.378888369 0.698140264 0.007643345 -0.227565855 -0.678789854
1413393314355760384.000000 0.169191465 -1.030816078 0.369154096 0.694674671 0.009512584 -0.225031987 -0.683152437
1413393314405760512.000000 0.167052492 -1.029160023 0.360101581 0.689639449 0.013044497 -0.222476274 -0.689007759
1413393314455760384.000000 0.165188685 -1.027091742 0.351595402 0.683326066 0.015615668 -0.220144346 -0.695958495
1413393314505760512.000000 0.163278967 -1.024475336 0.343913972 0.675611258 0.018147307 -0.217875645 -0.704095483
1413393314555760384.000000 0.161920890 -1.021040082 0.337232947 0.666810811 0.019354990 -0.213798359 -0.713637948
1413393314605760512.000000 0.160374016 -1.017217159 0.331522226 0.657295883 0.021654818 -0.210515290 -0.723309457
1413393314655760384.000000 0.159822598 -1.017483115 0.327080548 0.646851897 0.024014931 -0.207219556 -0.733529866
1413393314705760512.000000 0.158687577 -1.012807369 0.323169708 0.636725843 0.026318785 -0.203908741 -0.743174851
1413393314755760384.000000 0.156391174 -1.006208420 0.320097685 0.627248883 0.028193502 -0.202437952 -0.751520395
1413393314805760512.000000 0.154309005 -0.999260068 0.318099439 0.618404925 0.029802497 -0.200704336 -0.759213388
1413393314855760384.000000 0.151837021 -0.991690874 0.317129850 0.609432817 0.030113528 -0.199863389 -0.766641676
1413393314905760512.000000 0.149129316 -0.983252764 0.317156732 0.600567818 0.030939640 -0.199219897 -0.773739338
1413393314955760384.000000 0.146877170 -0.973738074 0.318390876 0.591365337 0.030858576 -0.197784930 -0.781163216
1413393315005760512.000000 0.144356400 -0.963035226 0.320349693 0.582418799 0.030337235 -0.197325394 -0.787991583
1413393315055760384.000000 0.141655833 -0.951258540 0.322864175 0.575193286 0.029064540 -0.197178453 -0.793365419
1413393315105760512.000000 0.138614774 -0.938370585 0.325998545 0.568996012 0.027703101 -0.196826100 -0.797957122
1413393315155760384.000000 0.140411243 -0.927367866 0.330018640 -0.564537764 -0.029130274 0.195265219 0.801448703
1413393315205760512.000000 0.137136951 -0.912375808 0.334217966 -0.562187970 -0.028791031 0.191241980 0.804078579
1413393315255760384.000000 0.132019892 -0.895449936 0.339044958 0.561183393 0.030378435 -0.186713025 -0.805784464
1413393315305760512.000000 0.127095506 -0.878217220 0.344642818 0.561682522 0.031193621 -0.181157947 -0.806673169
1413393315355760384.000000 0.122607522 -0.860319495 0.351053834 0.563559294 0.031070020 -0.174220279 -0.806897044
1413393315405760512.000000 0.118794799 -0.841989458 0.358471036 0.566312194 0.031128978 -0.166695192 -0.806557059
1413393315455760384.000000 0.116327606 -0.823702991 0.367329091 0.569570005 0.030281436 -0.159224138 -0.805804431
1413393315505760512.000000 0.114144757 -0.805962086 0.377908140 0.571690738 0.027485868 -0.156291634 -0.804976523
1413393315555760384.000000 0.120546356 -0.785719872 0.389342964 -0.573730946 -0.025760865 0.154040202 0.804015458
1413393315605760512.000000 0.120991953 -0.769469380 0.403050423 -0.574824631 -0.022093792 0.154390737 0.803275824
1413393315655760384.000000 0.123191297 -0.754408956 0.417536318 0.575307906 0.015677921 -0.155186877 -0.802927256
1413393315705760512.000000 0.128563151 -0.740489125 0.432548463 0.575789869 0.012799046 -0.156767085 -0.802325666
1413393315755760384.000000 0.137657225 -0.727516592 0.447722733 0.575321972 0.008241067 -0.160771385 -0.801928520
1413393315805760512.000000 0.150114298 -0.715946794 0.462722301 0.574091852 0.005986707 -0.165841132 -0.801797688
1413393315855760384.000000 0.173540458 -0.698751330 0.475195199 -0.572509408 -0.000939700 0.171528190 0.801754475
1413393315905760512.000000 0.192153245 -0.687700987 0.489151627 -0.571420431 0.000001018 0.176014766 0.801559448
1413393315955760384.000000 0.209531680 -0.679004192 0.503109932 0.570188224 -0.001716889 -0.178513661 -0.801882446
1413393316005760512.000000 0.228064403 -0.669672132 0.516534448 0.570214391 -0.001989019 -0.178773522 -0.801805317
1413393316055760384.000000 0.247058243 -0.660424054 0.529769540 0.570135474 -0.003005562 -0.178597093 -0.801897466
1413393316105760512.000000 0.269959450 -0.645770729 0.541116595 -0.569904864 0.000697956 0.177665368 0.802273631
1413393316155760384.000000 0.290670753 -0.637027085 0.553286076 -0.570955992 -0.000175460 0.174295798 0.802265644
1413393316205760512.000000 0.312878996 -0.628341317 0.565240979 0.571705520 0.000991676 -0.171167314 -0.802404881
1413393316255760384.000000 0.335606813 -0.620626628 0.577228487 0.571716309 0.001860655 -0.168676540 -0.802922904
1413393316305760512.000000 0.358546317 -0.613628328 0.589301288 0.571617484 0.001787766 -0.167381525 -0.803264380
1413393316355760384.000000 0.381913275 -0.604073346 0.601900339 -0.570188165 -0.001891634 0.168384880 0.804069936
1413393316405760512.000000 0.405436128 -0.598368645 0.614475250 -0.569146454 -0.001800446 0.168540820 0.804775178
1413393316455760384.000000 0.429206491 -0.592847049 0.627141118 0.567591310 0.002126233 -0.170510620 -0.805457473
1413393316505760512.000000 0.452941477 -0.588021934 0.640011191 0.565916061 0.001931451 -0.172480345 -0.806217015
1413393316555760384.000000 0.474600315 -0.580569386 0.652544737 -0.564560354 -0.002656923 0.173558876 0.806933641
1413393316605760512.000000 0.497515589 -0.576280951 0.665862322 -0.563279390 -0.003598668 0.174529046 0.807615638
1413393316655760384.000000 0.519611537 -0.571721017 0.679924190 0.561652184 0.005077522 -0.175785199 -0.808468044
1413393316705760512.000000 0.540158808 -0.567364275 0.694514215 0.560199201 0.006946694 -0.176753670 -0.809250772
1413393316755760384.000000 0.558669269 -0.562993884 0.709903538 0.558689892 0.009191363 -0.177312464 -0.810149074
1413393316805760512.000000 0.573079824 -0.556827009 0.725950420 -0.557108760 -0.009929891 0.177419931 0.811204970
1413393316855760384.000000 0.585724771 -0.552017272 0.743510425 -0.555503666 -0.011501377 0.177487105 0.812269568
1413393316905760512.000000 0.594910860 -0.547293246 0.762469113 0.554230571 0.012258704 -0.176505089 -0.813341439
1413393316955760384.000000 0.601368487 -0.542165101 0.782428384 0.552545309 0.012842040 -0.176781803 -0.814418256
1413393317005760512.000000 0.607545435 -0.533382535 0.801946878 -0.551432967 -0.012127915 0.175321996 0.815497935
1413393317055760384.000000 0.611192048 -0.527859092 0.823297977 -0.551342309 -0.010460439 0.172619179 0.816158652
1413393317105760512.000000 0.613178074 -0.522395670 0.844939351 0.551158071 0.007223797 -0.169597939 -0.816951156
1413393317155760384.000000 0.614687800 -0.517307460 0.867285252 0.551219881 0.003926996 -0.166404754 -0.817588389
1413393317205760512.000000 0.616442561 -0.512675226 0.889539599 0.552081645 0.001007774 -0.162794992 -0.817742467
1413393317255760384.000000 0.620651782 -0.506187439 0.911565304 -0.552475572 0.001456531 0.161069974 0.817817330
1413393317305760512.000000 0.623261213 -0.502864122 0.934034050 -0.553109527 0.003704047 0.159236819 0.817740738
1413393317355760384.000000 0.626552165 -0.500013292 0.956550658 0.553640366 -0.005774504 -0.158582881 -0.817496479
1413393317405760512.000000 0.629908562 -0.498505235 0.978957653 0.554749250 -0.006506981 -0.157698601 -0.816910088
1413393317455760384.000000 0.636583149 -0.495011449 1.001060247 -0.555212617 0.006496298 0.157385305 0.816655815
1413393317505760512.000000 0.639307082 -0.495506942 1.023765802 -0.555936456 0.006847664 0.156922072 0.816249490
1413393317555760384.000000 0.639407516 -0.497474074 1.047260404 0.556723833 -0.008022342 -0.156840727 -0.815717638
1413393317605760512.000000 0.637144029 -0.500673294 1.071672320 0.556818008 -0.007445844 -0.157810807 -0.815471768
1413393317655760384.000000 0.632345617 -0.504747272 1.096809030 0.557405293 -0.008015445 -0.158791244 -0.814874530
1413393317705760512.000000 0.625480592 -0.509693384 1.122537851 0.557805896 -0.009160278 -0.160628766 -0.814227939
1413393317755760384.000000 0.618870437 -0.515339136 1.148178220 0.558161318 -0.009369785 -0.161603317 -0.813789070
1413393317805760512.000000 0.620826960 -0.518038750 1.172131538 -0.558609128 0.008803163 0.163411245 0.813126802
1413393317855760384.000000 0.615661442 -0.525324821 1.196807146 -0.559499204 0.007463856 0.163936406 0.812422216
1413393317905760512.000000 0.611075103 -0.533843696 1.221078396 0.561061919 -0.005082955 -0.163446620 -0.811461031
1413393317955760384.000000 0.606286466 -0.543001652 1.245334148 0.562310100 -0.002673212 -0.164989799 -0.810295403
1413393318005760512.000000 0.601704836 -0.552882671 1.269597411 0.564281225 -0.000428534 -0.165271983 -0.808870673
1413393318055760384.000000 0.599556088 -0.561880469 1.293538094 -0.565189302 -0.001753062 0.168873653 0.807489753
1413393318105760512.000000 0.594789505 -0.572852254 1.318442822 -0.566393852 -0.002559229 0.171779662 0.806029260
1413393318155760384.000000 0.589709342 -0.583968163 1.344042182 0.566867888 0.003272791 -0.176315188 -0.804713011
1413393318205760512.000000 0.584254265 -0.595248580 1.369738221 0.567244351 0.002551664 -0.181360707 -0.803327918
1413393318255760384.000000 0.578726411 -0.606499910 1.395610332 0.567160130 -0.000047763 -0.186292663 -0.802262068
1413393318305760512.000000 0.574757218 -0.615647197 1.419469237 -0.567320764 0.002927871 0.189570621 0.801374793
1413393318355760384.000000 0.568459809 -0.626421928 1.444799781 -0.567570806 0.005864392 0.192986131 0.800365806
1413393318405760512.000000 0.561942756 -0.636576772 1.469893098 0.567753196 -0.007218268 -0.195198029 -0.799688756
1413393318455760384.000000 0.554755569 -0.646373630 1.494248271 0.567955673 -0.009114752 -0.196798444 -0.799133122
1413393318505760512.000000 0.546545506 -0.655712605 1.517920136 0.568591595 -0.010160604 -0.197930932 -0.798388243
1413393318555760384.000000 0.538644075 -0.667445302 1.537397146 -0.569152653 0.010773810 0.197849080 0.798000693
1413393318605760512.000000 0.529360712 -0.676468849 1.559241295 -0.569267273 0.010930361 0.198699772 0.797705352
1413393318655760384.000000 0.520473778 -0.685212374 1.579990745 -0.569721639 0.011657081 0.198855937 0.797331631
1413393318705760512.000000 0.512431502 -0.693665624 1.599480867 0.569399834 -0.012052422 -0.199732959 -0.797336400
1413393318755760384.000000 0.505405068 -0.701805949 1.617618203 0.569146991 -0.012970792 -0.199891791 -0.797462642
1413393318805760512.000000 0.500530720 -0.715185523 1.631998539 -0.569541216 0.012931362 0.198302552 0.797578692
1413393318855760384.000000 0.495802522 -0.723023057 1.646979451 -0.570308983 0.014181485 0.195436001 0.797716379
1413393318905760512.000000 0.492574334 -0.731129289 1.660605311 -0.571365714 0.017858908 0.190861285 0.797993958
1413393318955760384.000000 0.490652323 -0.738971353 1.673002601 0.572242022 -0.021365449 -0.186257973 -0.798367441
1413393319005760512.000000 0.488525510 -0.748054147 1.684086561 0.573022604 -0.023783641 -0.182713166 -0.798558354
1413393319055760384.000000 0.486483157 -0.758094549 1.694228649 0.572656274 -0.023337284 -0.181584954 -0.799091399
1413393319105760512.000000 0.484679818 -0.769164801 1.703356624 0.571279347 -0.021383550 -0.184218228 -0.799528837
1413393319155760384.000000 0.483497113 -0.781118751 1.711263299 0.569702506 -0.017511649 -0.188115656 -0.799840569
1413393319205760512.000000 0.483287096 -0.805083156 1.716491103 -0.568080842 0.015155762 0.191140130 0.800324857
1413393319255760384.000000 0.484086305 -0.818512678 1.722033858 -0.566392541 0.010826754 0.194731787 0.800725818
1413393319305760512.000000 0.484273463 -0.832239032 1.727045417 -0.564671040 0.007215134 0.198434934 0.801073194
1413393319355760384.000000 0.484526038 -0.847420454 1.730729699 -0.563371420 0.003833098 0.201555148 0.801232517
1413393319405760512.000000 0.481549263 -0.860261440 1.735011101 -0.562518120 0.000470416 0.203335106 0.801391304
1413393319455760384.000000 0.476819634 -0.872219324 1.739673376 -0.561589003 -0.001986936 0.205227643 0.801558137
1413393319505760512.000000 0.470122278 -0.885801315 1.744700789 -0.559864283 -0.005647197 0.208772972 0.801831603
1413393319555760384.000000 0.462077022 -0.895789623 1.749480367 -0.557373345 -0.008335982 0.214707509 0.801976442
1413393319605760512.000000 0.453525066 -0.904993653 1.753852487 0.554993927 0.010175995 -0.219943911 -0.802186310
1413393319655760384.000000 0.440901339 -0.912340283 1.759334326 -0.552736104 -0.011663553 0.225448057 0.802196980
1413393319705760512.000000 0.431065500 -0.918917656 1.761956811 -0.551212728 -0.013081744 0.228456005 0.802372277
1413393319755760384.000000 0.421843290 -0.923066139 1.763491154 0.552217662 0.014127092 -0.223909602 -0.802945018
1413393319805760512.000000 0.411384702 -0.924933672 1.764940143 0.554368138 0.017576041 -0.216164500 -0.803517222
1413393319855760384.000000 0.394404590 -0.925011516 1.769759059 -0.556591153 -0.018378358 0.207573190 0.804227531
1413393319905760512.000000 0.380938679 -0.924096346 1.772162080 -0.558579087 -0.019006694 0.199412048 0.804899395
1413393319955760384.000000 0.368114352 -0.922298908 1.774855375 0.560442150 0.018616199 -0.192117080 -0.805387616
1413393320005760512.000000 0.345089257 -0.916439176 1.782645583 -0.561961293 -0.017240942 0.185795769 0.805842638
1413393320055760384.000000 0.329976380 -0.914381981 1.786828876 -0.562914491 -0.015846280 0.181646526 0.806151867
1413393320105760512.000000 0.313187540 -0.913098574 1.792159319 0.563940287 0.012876515 -0.177704081 -0.806366444
1413393320155760384.000000 0.296329588 -0.907471538 1.799098849 -0.565455258 -0.008382673 0.173332766 0.806316197
1413393320205760512.000000 0.280957043 -0.905977249 1.805286288 -0.566738307 -0.003007823 0.170309052 0.806097746
1413393320255760384.000000 0.266333044 -0.904460073 1.811907530 0.567975819 -0.000022180 -0.168302670 -0.805653632
1413393320305760512.000000 0.254807591 -0.901127219 1.818708897 -0.568330467 -0.000512297 0.170433342 0.804955184
1413393320355760384.000000 0.246733606 -0.901563764 1.824564695 -0.568511963 -0.001541663 0.173058063 0.804265380
1413393320405760512.000000 0.239352018 -0.895944834 1.831459761 -0.567617774 -0.003815324 0.178056896 0.803798079
1413393320455760384.000000 0.238988370 -0.897013545 1.836281896 -0.567216039 -0.008025486 0.182557136 0.803040802
1413393320505760512.000000 0.241838753 -0.896474600 1.840726137 -0.567436099 -0.011840294 0.184871778 0.802308321
1413393320555760384.000000 0.245096132 -0.896815658 1.845553398 -0.567981660 -0.014076442 0.185515270 0.801737428
1413393320605760512.000000 0.245731100 -0.896592379 1.851466298 -0.568858027 -0.015119090 0.186048642 0.800973117
1413393320655760384.000000 0.241166532 -0.896049261 1.859742522 -0.570028603 -0.018083107 0.185600072 0.800183117
1413393320705760512.000000 0.230556041 -0.894410729 1.870482922 -0.570657551 -0.019007642 0.185555696 0.799723566
1413393320755760384.000000 0.213684410 -0.892669439 1.884198427 0.571397066 0.017728912 -0.184633464 -0.799438357
1413393320805760512.000000 0.189774215 -0.890890121 1.899716258 -0.571539879 -0.014580676 0.183896333 0.799569726
1413393320855760384.000000 0.182297170 -0.892258763 1.904903889 0.576517642 -0.000345929 -0.174147844 -0.798310637
1413393320905760512.000000 0.197992325 -0.895303726 1.895157576 0.579463899 -0.000884253 -0.167579412 -0.797582567
1413393320955760384.000000 0.204769552 -0.898003459 1.888366103 0.578359008 0.017925113 -0.174155459 -0.796774447
1413393321005760512.000000 0.206415325 -0.902438760 1.883324862 -0.577649653 -0.033546966 0.176304102 0.796311796
1413393321055760384.000000 0.200937733 -0.904510975 1.882736683 0.576537251 0.036516886 -0.175894797 -0.797077417
1413393321105760512.000000 0.189850301 -0.909668803 1.885569811 -0.576606691 -0.029170495 0.175057739 0.797514021
1413393321155760384.000000 0.175651237 -0.911213517 1.883985758 -0.575596809 0.008827953 0.174226880 0.798908949
1413393321205760512.000000 0.187734336 -0.915848255 1.877918482 -0.581306458 0.012663224 0.161226660 0.797451258
1413393321255760384.000000 0.192113131 -0.915767550 1.878053904 0.583555758 -0.002425102 -0.160044223 -0.796142399
1413393321305760512.000000 0.182559937 -0.915441871 1.881149054 -0.585009277 -0.010203756 0.171283752 0.792667627
1413393321355760384.000000 0.178114206 -0.913844824 1.881015062 -0.581062734 -0.000021711 0.179753140 0.793760061
1413393321405760512.000000 0.182880059 -0.914146662 1.877430677 0.583095849 -0.002824864 -0.174351498 -0.793468833
1413393321455760384.000000 0.181543276 -0.914783835 1.878694773 -0.583483934 0.007443653 0.172594711 0.793537796
1413393321505760512.000000 0.180570617 -0.913693309 1.879440069 0.584215820 -0.003434168 -0.170006707 -0.793585479
1413393321555760384.000000 0.182851017 -0.912878513 1.878604889 0.583069861 -0.002613232 -0.174995258 -0.793346941
1413393321605760512.000000 0.182654470 -0.912425041 1.878722668 0.583337069 -0.002540414 -0.173889175 -0.793394029
1413393321655760384.000000 0.181684464 -0.912333369 1.878594279 0.583520830 -0.004580885 -0.172281072 -0.793600500
1413393321705760512.000000 0.183461472 -0.912144065 1.878062725 0.583845973 -0.004253898 -0.172329709 -0.793352544
1413393321755760384.000000 0.180886984 -0.911411762 1.878264904 0.583062828 -0.004045994 -0.173533767 -0.793667078
1413393321805760512.000000 0.182313591 -0.911929846 1.878671527 0.583691716 -0.003592090 -0.172919065 -0.793341160
1413393321855760384.000000 0.180150628 -0.911909103 1.878382206 0.583294213 -0.005033448 -0.172809795 -0.793649435
1413393321905760512.000000 0.179921627 -0.912294626 1.878451586 0.583388448 -0.005106512 -0.172599077 -0.793625534
1413393321955760384.000000 0.179616749 -0.913233519 1.879399657 -0.583230078 0.004715010 0.173152760 0.793623745
1413393322005760512.000000 0.179802313 -0.913513780 1.878988266 0.583462954 -0.005269762 -0.172483355 -0.793594897
1413393322055760384.000000 0.179886699 -0.913912892 1.879085541 0.583289683 -0.005440207 -0.172766313 -0.793659449
1413393322105760512.000000 0.179934815 -0.914222956 1.879062176 0.583353341 -0.005126568 -0.172703981 -0.793628395
1413393322155760384.000000 0.179916978 -0.914660931 1.879051685 0.583257675 -0.005185812 -0.172869965 -0.793662190
1413393322205760512.000000 0.179940283 -0.915153027 1.879154444 0.583270669 -0.005388916 -0.172673374 -0.793694079
1413393322255760384.000000 0.179861784 -0.915516257 1.879320025 0.583351970 -0.005336737 -0.172804058 -0.793606222
1413393322305760512.000000 0.179769769 -0.915783644 1.879442215 0.583343923 -0.005243149 -0.172883272 -0.793595552
1413393322355760384.000000 0.179794669 -0.915938497 1.879593372 0.583333969 -0.005396178 -0.172785163 -0.793623090
1413393322405760512.000000 0.179663867 -0.915980458 1.879551291 0.583375275 -0.005331661 -0.172872081 -0.793574274
1413393322455760384.000000 0.179377764 -0.913756728 1.879117012 -0.583385170 0.005338151 0.172804624 0.793581665
1413393322505760512.000000 0.179513589 -0.914186716 1.879110575 0.583306670 -0.005397237 -0.172796324 -0.793640792
1413393322555760384.000000 0.179651231 -0.914546013 1.879011631 0.583266497 -0.005391730 -0.172719985 -0.793686986
1413393322605760512.000000 0.179810554 -0.914918065 1.878991246 0.583317935 -0.005341792 -0.172805429 -0.793630898
1413393322655760384.000000 0.180003792 -0.915243387 1.878905177 0.583340824 -0.005324011 -0.172866881 -0.793600798
1413393322705760512.000000 0.180157721 -0.915426970 1.878941536 0.583291590 -0.005316193 -0.172928333 -0.793623626
1413393322755760384.000000 0.180226594 -0.915489078 1.879097462 0.583248496 -0.005333482 -0.172973275 -0.793645382
1413393322805760512.000000 0.180224940 -0.915465593 1.879223347 0.583311498 -0.005349027 -0.172925144 -0.793609500
1413393322855760384.000000 0.180122882 -0.915220857 1.879250646 0.583319545 -0.005348756 -0.172970250 -0.793593705
1413393322905760512.000000 0.180036575 -0.914889693 1.879280567 0.583300531 -0.005364005 -0.173037067 -0.793593049
1413393322955760384.000000 0.179568857 -0.914297342 1.879043818 -0.583260119 0.005482997 0.172947213 0.793641508
1413393323005760512.000000 0.179741561 -0.914458990 1.879071951 0.583221853 -0.005488760 -0.172969341 -0.793664813
1413393323055760384.000000 0.179860309 -0.914635777 1.879088163 0.583176017 -0.005519421 -0.172988713 -0.793694019
1413393323105760512.000000 0.179934293 -0.914833069 1.879056215 0.583141685 -0.005496687 -0.173020542 -0.793712437
1413393323155760384.000000 0.179971546 -0.914975524 1.879034638 0.583135188 -0.005546499 -0.173039377 -0.793712795
1413393323205760512.000000 0.179897577 -0.915040970 1.879038215 0.583139598 -0.005558049 -0.173056468 -0.793705761
1413393323255760384.000000 0.180315852 -0.915836096 1.879167438 0.583133519 -0.005497400 -0.173156053 -0.793688953
1413393323305760512.000000 0.180205137 -0.915667176 1.879229069 0.583147168 -0.005533507 -0.173213080 -0.793666244
1413393323355760384.000000 0.180056632 -0.915524602 1.879234076 0.583155274 -0.005522793 -0.173223004 -0.793658197
1413393323405760512.000000 0.179360092 -0.914299846 1.879158497 0.583205044 -0.005563305 -0.173266903 -0.793611765
1413393323455760384.000000 0.180050343 -0.914844275 1.878741264 -0.583110929 0.005640578 0.173192322 0.793696642
1413393323505760512.000000 0.179650813 -0.914788246 1.878985882 0.583087504 -0.005722810 -0.173218399 -0.793707550
1413393323555760384.000000 0.179312915 -0.914682150 1.879211783 0.583076835 -0.005677840 -0.173250124 -0.793708742
1413393323605760512.000000 0.179073095 -0.914496541 1.879346132 0.583092451 -0.005713279 -0.173304364 -0.793685257
1413393323655760384.000000 0.179057539 -0.914275289 1.879305243 0.583118379 -0.005723975 -0.173330307 -0.793660343
1413393323705760512.000000 0.179234743 -0.914016247 1.879116058 0.583127916 -0.005748527 -0.173321694 -0.793655157
1413393323755760384.000000 0.179442048 -0.913798571 1.878899217 0.583133757 -0.005750121 -0.173378050 -0.793638527
1413393323805760512.000000 0.179664761 -0.913716078 1.878779292 0.583118379 -0.005772451 -0.173417464 -0.793641090
1413393323855760384.000000 0.179852232 -0.913722038 1.878693581 0.583121896 -0.005758520 -0.173371628 -0.793648601
1413393323905760512.000000 0.180009976 -0.913691282 1.878619790 0.583113670 -0.005794897 -0.173457414 -0.793635607
1413393323955760384.000000 0.179178119 -0.914573908 1.879137397 -0.583090901 0.005686762 0.173375398 0.793671072
1413393324005760512.000000 0.179455012 -0.914348006 1.878989816 0.583078623 -0.005727202 -0.173459083 -0.793661475
1413393324055760384.000000 0.179752469 -0.914110303 1.878810883 0.583097517 -0.005675345 -0.173447669 -0.793650448
1413393324105760512.000000 0.179970652 -0.913890600 1.878658652 0.583071172 -0.005684630 -0.173528850 -0.793652058
1413393324155760384.000000 0.180057973 -0.913715124 1.878594637 0.583093226 -0.005647277 -0.173520356 -0.793637872
1413393324205760512.000000 0.180033475 -0.913631439 1.878603339 0.583100975 -0.005697321 -0.173558801 -0.793623447
1413393324255760384.000000 0.179902762 -0.913594604 1.878677011 0.583082914 -0.005672405 -0.173589408 -0.793630242
1413393324305760512.000000 0.179745346 -0.913576007 1.878733039 0.583079457 -0.005696905 -0.173624188 -0.793624938
1413393324355760384.000000 0.179643780 -0.913740754 1.878782034 0.583097696 -0.005708577 -0.173632875 -0.793609560
1413393324405760512.000000 0.179476768 -0.914116979 1.878831267 0.583086431 -0.005756509 -0.173624501 -0.793619394
1413393324455760384.000000 0.179645136 -0.914517879 1.878997922 -0.583085537 0.005737233 0.173614606 0.793622315
1413393324505760512.000000 0.179611906 -0.914506912 1.878858924 0.583056092 -0.005683678 -0.173623756 -0.793642342
1413393324555760384.000000 0.179883197 -0.914666891 1.878430963 0.582997561 -0.005678928 -0.173796847 -0.793647528
1413393324605760512.000000 0.179817751 -0.914579749 1.878312469 0.582985938 -0.005671519 -0.173785076 -0.793658674
1413393324655760384.000000 0.180152327 -0.915503263 1.878453255 0.582942009 -0.005656744 -0.173969567 -0.793650627
1413393324705760512.000000 0.179736912 -0.914336681 1.878354669 0.582955956 -0.005675090 -0.173809528 -0.793675303
1413393324755760384.000000 0.179667324 -0.914222598 1.878412008 0.582946539 -0.005689455 -0.173801541 -0.793683887
1413393324805760512.000000 0.179608077 -0.913999200 1.878576994 0.582939148 -0.005727576 -0.173811153 -0.793686926
1413393324855760384.000000 0.179717660 -0.914190054 1.878742814 0.582931340 -0.005701515 -0.173904538 -0.793672383
1413393324905760512.000000 0.179445058 -0.913525105 1.878647327 0.582959533 -0.005771195 -0.173832968 -0.793666780
1413393324955760384.000000 0.180175155 -0.914722800 1.878626823 -0.582980514 0.005637600 0.173737273 0.793673337
1413393325005760512.000000 0.179918826 -0.914607644 1.878573179 0.582960665 -0.005662765 -0.173764810 -0.793681741
1413393325055760384.000000 0.179601640 -0.914464712 1.878512383 0.582960784 -0.005710021 -0.173778817 -0.793678224
1413393325105760512.000000 0.179324761 -0.914297223 1.878523827 0.582884610 -0.005747332 -0.173767358 -0.793736458
1413393325155760384.000000 0.179240972 -0.914082050 1.878601670 0.582888246 -0.005727313 -0.173829183 -0.793720365
1413393325205760512.000000 0.179326057 -0.913890004 1.878677487 0.582851589 -0.005760437 -0.173848674 -0.793742716
1413393325255760384.000000 0.179388955 -0.913724542 1.878758669 0.582855761 -0.005810271 -0.173809737 -0.793747842
1413393325305760512.000000 0.179160953 -0.913269639 1.878844261 0.582755327 -0.005872846 -0.173968777 -0.793786287
1413393325355760384.000000 0.179264948 -0.913313389 1.878785610 0.582763195 -0.005895526 -0.174008027 -0.793771684
1413393325405760512.000000 0.179756507 -0.913941503 1.878677607 0.582812965 -0.005926076 -0.173854589 -0.793768644
1413393325455760384.000000 0.179648370 -0.915402889 1.878975868 -0.582935512 0.005791853 0.173934042 0.793662131
1413393325505760512.000000 0.179619700 -0.915312052 1.878813744 0.583007336 -0.005803404 -0.173930407 -0.793610156
1413393325555760384.000000 0.179614291 -0.915177584 1.878626585 0.583033204 -0.005860752 -0.174038664 -0.793567002
1413393325605760512.000000 0.179651693 -0.914989352 1.878458261 0.583132267 -0.005814516 -0.173969895 -0.793509662
1413393325655760384.000000 0.179873809 -0.914509177 1.878286719 0.583073020 -0.005917627 -0.174167484 -0.793509007
1413393325705760512.000000 0.179875508 -0.914279938 1.878394842 0.583009779 -0.005924805 -0.174129456 -0.793563783
1413393325755760384.000000 0.179838151 -0.913889050 1.878385782 0.582974434 -0.005956878 -0.174076840 -0.793601096
1413393325805760512.000000 0.179788977 -0.914012313 1.878589392 0.582981229 -0.005994172 -0.174142540 -0.793581426
1413393325855760384.000000 0.179654539 -0.914179325 1.878816605 0.583024144 -0.005954310 -0.174029797 -0.793574929
1413393325905760512.000000 0.179804295 -0.913902998 1.878692150 0.582914591 -0.006056495 -0.174155623 -0.793626964
1413393325955760384.000000 0.179824919 -0.915134072 1.878790259 -0.582957029 0.005938552 0.174134329 0.793601394
1413393326005760512.000000 0.180033356 -0.915026426 1.878794670 0.582928240 -0.005963827 -0.174123272 -0.793624759
1413393326055760384.000000 0.180230513 -0.914903879 1.878766537 0.582934797 -0.005937348 -0.174125776 -0.793619573
1413393326105760512.000000 0.180342287 -0.914780617 1.878764391 0.582909226 -0.005934766 -0.174174771 -0.793627620
1413393326155760384.000000 0.180280149 -0.914736390 1.878826499 0.582941532 -0.005962048 -0.174184665 -0.793601573
1413393326205760512.000000 0.180135280 -0.914749861 1.878844261 0.582935929 -0.005964929 -0.174222276 -0.793597341
