ts,state,px,py,pz,qx,qy,qz,qw
1413393212.255760431290,1,0.000000000000,0.000000000000,0.000000000000,-0.000000000000,-0.000000000000,-0.000000000000,1.000000000000
1413393212.305760622025,1,0.000000000000,0.000000000000,0.000000000000,-0.000000000000,-0.000000000000,-0.000000000000,1.000000000000
1413393212.355760335922,1,0.000000000000,0.000000000000,0.000000000000,-0.000000000000,-0.000000000000,-0.000000000000,1.000000000000
1413393212.405760526657,1,0.000000000000,0.000000000000,0.000000000000,-0.000000000000,-0.000000000000,-0.000000000000,1.000000000000
1413393212.455760478973,1,0.000000000000,0.000000000000,0.000000000000,-0.000000000000,-0.000000000000,-0.000000000000,1.000000000000
1413393212.505760431290,1,0.000000000000,0.000000000000,0.000000000000,-0.000000000000,-0.000000000000,-0.000000000000,1.000000000000
1413393212.555760383606,1,0.000000000000,0.000000000000,0.000000000000,-0.000000000000,-0.000000000000,-0.000000000000,1.000000000000
1413393212.605760574341,1,0.000000000000,0.000000000000,0.000000000000,-0.000000000000,-0.000000000000,-0.000000000000,1.000000000000
1413393212.655760288239,1,0.000000000000,0.000000000000,0.000000000000,-0.000000000000,-0.000000000000,-0.000000000000,1.000000000000
1413393212.705760478973,1,0.000000000000,0.000000000000,0.000000000000,-0.000000000000,-0.000000000000,-0.000000000000,1.000000000000
1413393212.755760431290,1,0.000000000000,0.000000000000,0.000000000000,-0.000000000000,-0.000000000000,-0.000000000000,1.000000000000
1413393212.805760622025,1,0.000000000000,0.000000000000,0.000000000000,-0.000000000000,-0.000000000000,-0.000000000000,1.000000000000
1413393212.855760335922,1,0.000000000000,0.000000000000,0.000000000000,-0.000000000000,-0.000000000000,-0.000000000000,1.000000000000
1413393212.905760526657,1,0.000000000000,0.000000000000,0.000000000000,-0.000000000000,-0.000000000000,-0.000000000000,1.000000000000
1413393212.955760478973,1,0.000000000000,0.000000000000,0.000000000000,-0.000000000000,-0.000000000000,-0.000000000000,1.000000000000
1413393213.005760431290,1,0.000000000000,0.000000000000,0.000000000000,-0.000000000000,-0.000000000000,-0.000000000000,1.000000000000
1413393213.055760383606,1,0.000000000000,0.000000000000,0.000000000000,-0.000000000000,-0.000000000000,-0.000000000000,1.000000000000
1413393213.105760574341,1,0.000000000000,0.000000000000,0.000000000000,-0.000000000000,-0.000000000000,-0.000000000000,1.000000000000
1413393213.155760288239,1,0.000000000000,0.000000000000,0.000000000000,-0.000000000000,-0.000000000000,-0.000000000000,1.000000000000
1413393213.205760478973,1,0.000000000000,0.000000000000,0.000000000000,-0.000000000000,-0.000000000000,-0.000000000000,1.000000000000
1413393213.255760431290,1,0.000000000000,0.000000000000,0.000000000000,-0.000000000000,-0.000000000000,-0.000000000000,1.000000000000
1413393213.305760622025,1,0.000000000000,0.000000000000,0.000000000000,-0.000000000000,-0.000000000000,-0.000000000000,1.000000000000
1413393213.355760335922,1,0.000000000000,0.000000000000,0.000000000000,-0.000000000000,-0.000000000000,-0.000000000000,1.000000000000
1413393213.405760526657,1,0.000000000000,0.000000000000,0.000000000000,-0.000000000000,-0.000000000000,-0.000000000000,1.000000000000
1413393213.455760478973,1,0.000000000000,0.000000000000,0.000000000000,-0.000000000000,-0.000000000000,-0.000000000000,1.000000000000
1413393213.505760431290,1,0.000000000000,0.000000000000,0.000000000000,-0.000000000000,-0.000000000000,-0.000000000000,1.000000000000
1413393213.555760383606,1,0.000000000000,0.000000000000,0.000000000000,-0.000000000000,-0.000000000000,-0.000000000000,1.000000000000
1413393213.605760574341,1,0.000000000000,0.000000000000,0.000000000000,-0.000000000000,-0.000000000000,-0.000000000000,1.000000000000
1413393213.655760288239,1,0.000000000000,0.000000000000,0.000000000000,-0.000000000000,-0.000000000000,-0.000000000000,1.000000000000
1413393213.705760478973,1,0.000000000000,0.000000000000,0.000000000000,-0.000000000000,-0.000000000000,-0.000000000000,1.000000000000
1413393213.755760431290,1,0.000000000000,0.000000000000,0.000000000000,-0.000000000000,-0.000000000000,-0.000000000000,1.000000000000
1413393213.805760622025,1,0.000000000000,0.000000000000,0.000000000000,-0.000000000000,-0.000000000000,-0.000000000000,1.000000000000
1413393213.855760335922,1,0.000000000000,0.000000000000,0.000000000000,-0.000000000000,-0.000000000000,-0.000000000000,1.000000000000
1413393213.905760526657,1,0.000000000000,0.000000000000,0.000000000000,-0.000000000000,-0.000000000000,-0.000000000000,1.000000000000
1413393213.955760478973,1,0.000000000000,0.000000000000,0.000000000000,-0.000000000000,-0.000000000000,-0.000000000000,1.000000000000
1413393214.005760431290,1,0.000000000000,0.000000000000,0.000000000000,-0.000000000000,-0.000000000000,-0.000000000000,1.000000000000
1413393214.055760383606,1,0.000000000000,0.000000000000,0.000000000000,-0.000000000000,-0.000000000000,-0.000000000000,1.000000000000
1413393214.105760574341,1,0.000000000000,0.000000000000,0.000000000000,-0.000000000000,-0.000000000000,-0.000000000000,1.000000000000
1413393214.155760288239,1,0.000000000000,0.000000000000,0.000000000000,-0.000000000000,-0.000000000000,-0.000000000000,1.000000000000
1413393214.205760478973,1,0.000000000000,0.000000000000,0.000000000000,-0.000000000000,-0.000000000000,-0.000000000000,1.000000000000
1413393214.255760431290,1,0.000000000000,0.000000000000,0.000000000000,-0.000000000000,-0.000000000000,-0.000000000000,1.000000000000
1413393214.305760622025,1,0.000000000000,0.000000000000,0.000000000000,-0.000000000000,-0.000000000000,-0.000000000000,1.000000000000
1413393214.355760335922,1,0.000000000000,0.000000000000,0.000000000000,-0.000000000000,-0.000000000000,-0.000000000000,1.000000000000
1413393214.405760526657,1,0.000000000000,0.000000000000,0.000000000000,-0.000000000000,-0.000000000000,-0.000000000000,1.000000000000
1413393214.455760478973,1,0.000000000000,0.000000000000,0.000000000000,-0.000000000000,-0.000000000000,-0.000000000000,1.000000000000
1413393214.505760431290,1,0.000000000000,0.000000000000,0.000000000000,-0.000000000000,-0.000000000000,-0.000000000000,1.000000000000
1413393214.555760383606,1,0.000000000000,0.000000000000,0.000000000000,-0.000000000000,-0.000000000000,-0.000000000000,1.000000000000
1413393214.605760574341,1,0.000000000000,0.000000000000,0.000000000000,-0.000000000000,-0.000000000000,-0.000000000000,1.000000000000
1413393214.655760288239,1,0.000000000000,0.000000000000,0.000000000000,-0.000000000000,-0.000000000000,-0.000000000000,1.000000000000
1413393214.705760478973,1,0.000000000000,0.000000000000,0.000000000000,-0.000000000000,-0.000000000000,-0.000000000000,1.000000000000
1413393214.755760431290,1,0.000000000000,0.000000000000,0.000000000000,-0.000000000000,-0.000000000000,-0.000000000000,1.000000000000
1413393214.805760622025,1,0.000000000000,0.000000000000,0.000000000000,-0.000000000000,-0.000000000000,-0.000000000000,1.000000000000
1413393214.855760335922,1,0.000000000000,0.000000000000,0.000000000000,-0.000000000000,-0.000000000000,-0.000000000000,1.000000000000
1413393214.905760526657,1,0.000000000000,0.000000000000,0.000000000000,-0.000000000000,-0.000000000000,-0.000000000000,1.000000000000
1413393214.955760478973,1,0.000000000000,0.000000000000,0.000000000000,-0.000000000000,-0.000000000000,-0.000000000000,1.000000000000
1413393215.005760431290,1,0.000000000000,0.000000000000,0.000000000000,-0.000000000000,-0.000000000000,-0.000000000000,1.000000000000
1413393215.055760383606,1,0.000000000000,0.000000000000,0.000000000000,-0.000000000000,-0.000000000000,-0.000000000000,1.000000000000
1413393215.105760574341,1,0.000000000000,0.000000000000,0.000000000000,-0.000000000000,-0.000000000000,-0.000000000000,1.000000000000
1413393215.155760288239,1,0.000000000000,0.000000000000,0.000000000000,-0.000000000000,-0.000000000000,-0.000000000000,1.000000000000
1413393215.205760478973,1,0.000000000000,0.000000000000,0.000000000000,-0.000000000000,-0.000000000000,-0.000000000000,1.000000000000
1413393215.255760431290,1,0.000000000000,0.000000000000,0.000000000000,-0.000000000000,-0.000000000000,-0.000000000000,1.000000000000
1413393215.305760622025,1,0.000000000000,0.000000000000,0.000000000000,-0.000000000000,-0.000000000000,-0.000000000000,1.000000000000
1413393215.355760335922,1,0.000000000000,0.000000000000,0.000000000000,-0.000000000000,-0.000000000000,-0.000000000000,1.000000000000
1413393215.405760526657,1,0.000000000000,0.000000000000,0.000000000000,-0.000000000000,-0.000000000000,-0.000000000000,1.000000000000
1413393215.455760478973,1,0.000000000000,0.000000000000,0.000000000000,-0.000000000000,-0.000000000000,-0.000000000000,1.000000000000
1413393215.505760431290,1,0.000000000000,0.000000000000,0.000000000000,-0.000000000000,-0.000000000000,-0.000000000000,1.000000000000
1413393215.555760383606,1,0.000000000000,0.000000000000,0.000000000000,-0.000000000000,-0.000000000000,-0.000000000000,1.000000000000
1413393215.605760574341,1,0.000000000000,0.000000000000,0.000000000000,-0.000000000000,-0.000000000000,-0.000000000000,1.000000000000
1413393215.655760288239,1,0.000000000000,0.000000000000,0.000000000000,-0.000000000000,-0.000000000000,-0.000000000000,1.000000000000
1413393215.705760478973,1,0.000000000000,0.000000000000,0.000000000000,-0.000000000000,-0.000000000000,-0.000000000000,1.000000000000
1413393215.755760431290,1,0.000000000000,0.000000000000,0.000000000000,-0.000000000000,-0.000000000000,-0.000000000000,1.000000000000
1413393215.805760622025,1,0.000000000000,0.000000000000,0.000000000000,-0.000000000000,-0.000000000000,-0.000000000000,1.000000000000
1413393215.855760335922,1,0.000000000000,0.000000000000,0.000000000000,-0.000000000000,-0.000000000000,-0.000000000000,1.000000000000
1413393215.905760526657,1,0.000000000000,0.000000000000,0.000000000000,-0.000000000000,-0.000000000000,-0.000000000000,1.000000000000
1413393215.955760478973,1,0.000000000000,0.000000000000,0.000000000000,-0.000000000000,-0.000000000000,-0.000000000000,1.000000000000
1413393216.005760431290,1,0.000000000000,0.000000000000,0.000000000000,-0.000000000000,-0.000000000000,-0.000000000000,1.000000000000
1413393216.055760383606,1,0.000000000000,0.000000000000,0.000000000000,-0.000000000000,-0.000000000000,-0.000000000000,1.000000000000
1413393216.105760574341,1,0.000000000000,0.000000000000,0.000000000000,-0.000000000000,-0.000000000000,-0.000000000000,1.000000000000
1413393216.155760288239,1,0.000000000000,0.000000000000,0.000000000000,-0.000000000000,-0.000000000000,-0.000000000000,1.000000000000
1413393216.205760478973,1,0.000000000000,0.000000000000,0.000000000000,-0.000000000000,-0.000000000000,-0.000000000000,1.000000000000
1413393216.255760431290,1,0.000000000000,0.000000000000,0.000000000000,-0.000000000000,-0.000000000000,-0.000000000000,1.000000000000
1413393216.305760622025,1,0.000000000000,0.000000000000,0.000000000000,-0.000000000000,-0.000000000000,-0.000000000000,1.000000000000
1413393216.355760335922,1,0.000000000000,0.000000000000,0.000000000000,-0.000000000000,-0.000000000000,-0.000000000000,1.000000000000
1413393216.405760526657,1,0.000000000000,0.000000000000,0.000000000000,-0.000000000000,-0.000000000000,-0.000000000000,1.000000000000
1413393216.455760478973,1,0.000000000000,0.000000000000,0.000000000000,-0.000000000000,-0.000000000000,-0.000000000000,1.000000000000
1413393216.505760431290,1,0.000000000000,0.000000000000,0.000000000000,-0.000000000000,-0.000000000000,-0.000000000000,1.000000000000
1413393216.555760383606,2,0.000000022352,0.000000003725,0.000000000000,-0.000000000057,-0.000000001326,-0.000000091627,1.000000000000
1413393216.605760574341,2,0.001243200735,0.000163596254,-0.000438276562,-0.000522515096,0.000495417626,0.001021730015,0.999999225140
1413393216.655760288239,2,0.001715305378,0.001338623581,-0.000381829188,0.000650127244,0.001374085317,0.001051259693,0.999998271465
1413393216.705760478973,2,0.001259493292,0.000328491995,0.000144874459,0.001390786376,0.003415561281,-0.001049550134,0.999992668629
1413393216.755760431290,2,0.002367049921,-0.000063834726,-0.001655452070,0.001846083440,0.005710290279,-0.002889034571,0.999977827072
1413393216.805760622025,2,0.002058903454,-0.002679550322,-0.001872309949,0.002504573669,0.007812772878,-0.004946980160,0.999954104424
1413393216.855760335922,2,0.002728147665,-0.005827491172,-0.003818718251,0.003745815950,0.009457903914,-0.006297603715,0.999928414822
1413393216.905760526657,2,0.002879256150,-0.012703555636,-0.007128742523,0.005686965305,0.011171853170,-0.007908971980,0.999890148640
1413393216.955760478973,2,0.001954667270,-0.016766643152,-0.010013398714,0.006058149040,0.013182426803,-0.010619277135,0.999838411808
1413393217.005760431290,2,0.002146082930,-0.024986285716,-0.014753554948,0.005019490141,0.014550827444,-0.012192690745,0.999807178974
1413393217.055760383606,2,0.001410995494,-0.030706305057,-0.021125633270,0.003160232212,0.015187778510,-0.012377877720,0.999803066254
1413393217.105760574341,2,-0.000080460115,-0.040955744684,-0.028291355819,0.002056895755,0.015672819689,-0.012163079344,0.999801099300
1413393217.155760288239,2,-0.002209713915,-0.051104154438,-0.036537684500,0.000792387291,0.016013059765,-0.011100369506,0.999809861183
1413393217.205760478973,2,-0.004725368693,-0.062369525433,-0.045895203948,-0.000010318702,0.016309907660,-0.010929881595,0.999807238579
1413393217.255760431290,2,-0.008298587985,-0.072005055845,-0.054274823517,0.000503099873,0.017275897786,-0.011732096784,0.999781847000
1413393217.305760622025,2,-0.012194119394,-0.081476643682,-0.063777364790,-0.000270829216,0.017951380461,-0.012689070776,0.999758303165
1413393217.355760335922,2,-0.017100991681,-0.088348910213,-0.073138438165,-0.001209905604,0.017682792619,-0.012666704133,0.999762713909
1413393217.405760526657,2,-0.020891604945,-0.094973638654,-0.083632633090,-0.002625197638,0.017909951508,-0.012818017043,0.999754011631
1413393217.455760478973,2,-0.030230024830,-0.100398868322,-0.090410508215,-0.004054951482,0.018577203155,-0.013345669024,0.999730169773
1413393217.505760431290,2,-0.037925060838,-0.103781305254,-0.099645674229,-0.004363080021,0.018522324041,-0.013923707418,0.999722003937
1413393217.555760383606,2,-0.045289166272,-0.107630357146,-0.109351977706,-0.004396755714,0.019022481516,-0.013958511874,0.999711990356
1413393217.605760574341,2,-0.053213909268,-0.109629362822,-0.120022773743,-0.004146238789,0.018952103332,-0.014589291997,0.999705374241
1413393217.655760288239,2,-0.063438177109,-0.112366430461,-0.131304070354,-0.004307323601,0.018563570455,-0.014676705934,0.999710679054
1413393217.705760478973,2,-0.074641063809,-0.116176314652,-0.142389178276,-0.004397202283,0.019057681784,-0.014852854423,0.999698400497
1413393217.755760431290,2,-0.086835511029,-0.121228985488,-0.152163445950,-0.004091064446,0.018761960790,-0.014721438289,0.999707221985
1413393217.805760622025,2,-0.098793141544,-0.127686500549,-0.165612101555,-0.004148422740,0.018487354741,-0.014127518050,0.999720692635
1413393217.855760335922,2,-0.110581941903,-0.136830046773,-0.180015966296,-0.004399269354,0.018261814490,-0.013033770025,0.999738633633
1413393217.905760526657,2,-0.125280857086,-0.144445121288,-0.194023787975,-0.003802111140,0.017836706713,-0.012596799061,0.999754309654
1413393217.955760478973,2,-0.140903577209,-0.158296316862,-0.209340855479,-0.003569902387,0.017954951152,-0.012470982037,0.999754667282
1413393218.005760431290,2,-0.155618190765,-0.167899459600,-0.224201664329,-0.003798665712,0.017613515258,-0.010933420621,0.999777853489
1413393218.055760383606,2,-0.171628788114,-0.176712810993,-0.239240035415,-0.003138619009,0.016407541931,-0.007407087367,0.999833047390
1413393218.105760574341,2,-0.185401722789,-0.185149401426,-0.256989270449,-0.003931638785,0.014946427196,-0.003543240717,0.999874293804
1413393218.155760288239,2,-0.204938292503,-0.191658794880,-0.270049333572,-0.004304914270,0.013569259085,0.002764130011,0.999894857407
1413393218.205760478973,2,-0.219548419118,-0.194096907973,-0.286590665579,-0.003802687395,0.010417939164,0.009493320249,0.999893426895
1413393218.255760431290,2,-0.239941671491,-0.193833962083,-0.293670117855,-0.004924498498,0.009431256913,0.016796162352,0.999802350998
1413393218.305760622025,2,-0.255387902260,-0.192131355405,-0.308103114367,-0.006589120254,0.007725660689,0.022651327774,0.999691843987
1413393218.355760335922,2,-0.270993739367,-0.188445582986,-0.321032822132,-0.007054461166,0.007557900622,0.022280866280,0.999698281288
1413393218.405760526657,2,-0.282157272100,-0.183612674475,-0.334635853767,-0.006379446480,0.009704723023,0.017728883773,0.999775409698
1413393218.455760478973,2,-0.294714123011,-0.175574913621,-0.345415204763,-0.006097105797,0.011978152208,0.011902057566,0.999838888645
1413393218.505760431290,2,-0.306299388409,-0.165096789598,-0.355549246073,-0.004843696952,0.014045936987,0.005613719579,0.999873876572
1413393218.555760383606,2,-0.317866265774,-0.156828656793,-0.368978083134,-0.004220484756,0.016740569845,0.000141571465,0.999850988388
1413393218.605760574341,2,-0.329952895641,-0.149934425950,-0.381994664669,-0.003120742971,0.018079280853,-0.004084166605,0.999823331833
1413393218.655760288239,2,-0.340833127499,-0.142143398523,-0.394315540791,-0.002192178043,0.018617941067,-0.006750891451,0.999801516533
1413393218.705760478973,2,-0.353222250938,-0.133884698153,-0.407582402229,-0.001861473545,0.019262231886,-0.006519852206,0.999791502953
1413393218.755760431290,2,-0.369632333517,-0.126494497061,-0.419599860907,-0.003603664460,0.019736798480,-0.007801671978,0.999768316746
1413393218.805760622025,2,-0.381259143353,-0.119347006083,-0.435974895954,-0.008839677088,0.018911894411,-0.006358366460,0.999761879444
1413393218.855760335922,2,-0.394726246595,-0.115494430065,-0.451247096062,-0.017704829574,0.017922878265,-0.001411941252,0.999681651592
1413393218.905760526657,2,-0.407225549221,-0.108218640089,-0.467993885279,-0.026061845943,0.016134900972,0.002312158700,0.999527454376
1413393218.955760478973,2,-0.420968681574,-0.102440208197,-0.479993551970,-0.032968983054,0.015145544894,0.005570920184,0.999326109886
1413393219.005760431290,2,-0.431493580341,-0.449779421091,0.223261296749,0.822987854481,-0.002724856837,0.008556614630,-0.567987978458
1413393219.055760383606,2,-0.379332274199,-0.405506521463,0.097973823547,0.824793636799,0.002801934257,0.002425254090,-0.565421819687
1413393219.105760574341,2,-0.390775829554,-0.416718363762,0.101165264845,0.824534058571,0.003117862623,0.002235398861,-0.565799355507
1413393219.155760288239,2,-0.400198131800,-0.425163060427,0.103842914104,0.823783159256,0.002782778116,0.001495892066,-0.566896200180
1413393219.205760478973,2,-0.410678476095,-0.433004766703,0.108079463243,0.823285996914,0.003152722260,0.000848183758,-0.567617535591
1413393219.255760431290,2,-0.420538812876,-0.439417630434,0.113228678703,0.822227358818,0.003844419029,0.000413206639,-0.569146096706
1413393219.305760622025,2,-0.429793924093,-0.444515496492,0.118999123573,0.821464180946,0.004299452994,-0.000109967783,-0.570243954659
1413393219.355760335922,2,-0.438603758812,-0.448383182287,0.124805390835,0.821274101734,0.004817026202,-0.000796494540,-0.570513010025
1413393219.405760526657,2,-0.447028666735,-0.450991094112,0.130753338337,0.820873141289,0.004507938866,-0.002448251471,-0.571087479591
1413393219.455760478973,2,-0.454662442207,-0.452478826046,0.135212182999,0.820103883743,0.004802893847,-0.002469453495,-0.572189271450
1413393219.505760431290,2,-0.461769133806,-0.453150004148,0.136960536242,0.819337785244,0.005117406603,-0.002402657643,-0.573283195496
1413393219.555760383606,2,-0.468404382467,-0.453151732683,0.137185066938,0.818121135235,0.005453494377,-0.002711679554,-0.575013697147
1413393219.605760574341,2,-0.475448936224,-0.458291232586,0.138521999121,0.816887259483,0.005836952478,-0.002432585927,-0.576762795448
1413393219.655760288239,2,-0.480615407228,-0.455495685339,0.139520645142,0.815340280533,0.006058519240,-0.002930734074,-0.578942894936
1413393219.705760478973,2,-0.485178142786,-0.452042549849,0.142526865005,0.813380300999,0.006797249429,-0.002323535737,-0.581687986851
1413393219.755760431290,2,-0.489134073257,-0.447911918163,0.148404866457,0.811212658882,0.007794389501,-0.001312610926,-0.584697842598
1413393219.805760622025,2,-0.492780238390,-0.444274783134,0.157735794783,0.809010207653,0.009830974042,0.001128486008,-0.587711453438
1413393219.855760335922,2,-0.496474981308,-0.440867334604,0.170604348183,0.808288395405,0.010386205278,0.001947814482,-0.588692009449
1413393219.905760526657,2,-0.499928653240,-0.438607960939,0.186580330133,0.807226479053,0.011503711343,0.003174918704,-0.590121209621
1413393219.955760478973,2,-0.503483235836,-0.436531364918,0.203402936459,0.806213974953,0.012858998030,0.004852164537,-0.591464459896
1413393220.005760431290,2,-0.507296919823,-0.434647023678,0.218795597553,0.805372476578,0.013307242654,0.005458029918,-0.592594563961
1413393220.055760383606,2,-0.513355374336,-0.433755248785,0.234422862530,0.804469048977,0.013638384640,0.006695114076,-0.593800306320
1413393220.105760574341,2,-0.516922593117,-0.433283448219,0.245738834143,0.804031312466,0.013631074689,0.007076973096,-0.594388663769
1413393220.155760288239,2,-0.520603895187,-0.433123052120,0.256488710642,0.803661346436,0.013883331791,0.007688341662,-0.594875276089
1413393220.205760478973,2,-0.524448573589,-0.433219850063,0.267593711615,0.803123474121,0.014609956183,0.008513859473,-0.595572769642
1413393220.255760431290,2,-0.528561711311,-0.433507084846,0.279164701700,0.802769660950,0.014177136123,0.008557121269,-0.596059322357
1413393220.305760622025,2,-0.532907843590,-0.434096932411,0.290955394506,0.802376389503,0.014879096299,0.009779313579,-0.596552789211
1413393220.355760335922,2,-0.537683010101,-0.434999346733,0.303082168102,0.802061021328,0.014779761434,0.009411062114,-0.596984982491
1413393220.405760526657,2,-0.542476058006,-0.435929656029,0.315332770348,0.802091360092,0.014348988421,0.009606181644,-0.596951782703
1413393220.455760478973,2,-0.548289299011,-0.431529849768,0.328511565924,0.802796661854,0.014406919479,0.010014715604,-0.595994710922
1413393220.505760431290,2,-0.554021477699,-0.433687120676,0.340521991253,0.804164290428,0.014136184938,0.009608561173,-0.594161450863
1413393220.555760383606,2,-0.559824228287,-0.436212480068,0.351042360067,0.805449366570,0.013279173523,0.009295175783,-0.592442870140
1413393220.605760574341,2,-0.565817594528,-0.438846915960,0.358871459961,0.806132733822,0.012875988148,0.009282613173,-0.591521799564
1413393220.655760288239,2,-0.571824133396,-0.441038548946,0.363671988249,0.805659413338,0.013134809211,0.009105057456,-0.592163503170
1413393220.705760478973,2,-0.577800393105,-0.443185061216,0.365788191557,0.805314660072,0.012033005245,0.008507965133,-0.592664480209
1413393220.755760431290,2,-0.584000408649,-0.445237606764,0.364768743515,0.805647492409,0.010034669191,0.005984730087,-0.592279970646
1413393220.805760622025,2,-0.589955687523,-0.447580188513,0.362649202347,0.807349979877,0.007852205075,0.001971675316,-0.590017378330
1413393220.855760335922,2,-0.595498681068,-0.449401170015,0.362254619598,0.808506965637,0.004320224747,-0.001522034290,-0.588468849659
1413393220.905760526657,2,-0.600814282894,-0.447248637676,0.364879220724,0.809327900410,0.002872991143,-0.003836670192,-0.587337613106
1413393220.955760478973,2,-0.605170726776,-0.449118882418,0.370051980019,0.810110986233,0.002195312642,-0.005018120166,-0.586251020432
1413393221.005760431290,2,-0.608236253262,-0.450757235289,0.377675652504,0.809800744057,0.001262285630,-0.003629639279,-0.586692452431
1413393221.055760383606,2,-0.610730588436,-0.451965957880,0.387360483408,0.810144424438,0.001250800095,-0.002730777021,-0.586222708225
1413393221.105760574341,2,-0.612531363964,-0.452838867903,0.398437827826,0.810819327831,0.001330624684,-0.002239919966,-0.585290789604
1413393221.155760288239,2,-0.613550424576,-0.453461557627,0.410306811333,0.811098694801,0.000828241638,-0.000850708573,-0.584908246994
1413393221.205760478973,2,-0.614161074162,-0.453858762980,0.422824114561,0.812056243420,0.001374586020,0.000817302382,-0.583577156067
1413393221.255760431290,2,-0.614292144775,-0.453888654709,0.436192274094,0.812886357307,0.001516118064,0.001251220237,-0.582419037819
1413393221.305760622025,2,-0.613541364670,-0.453535348177,0.449301153421,0.814082205296,0.002291718731,0.004075518344,-0.580730915070
1413393221.355760335922,2,-0.612799346447,-0.452587306499,0.463361501694,0.815259218216,0.002444484737,0.004741347861,-0.579071700573
1413393221.405760526657,2,-0.608968913555,-0.451375961304,0.486556798220,0.816792011261,0.003837070428,0.006156482268,-0.576886653900
1413393221.455760478973,2,-0.607014477253,-0.448280543089,0.500057458878,0.817073583603,0.005011002067,0.008599727415,-0.576447606087
1413393221.505760431290,2,-0.605163216591,-0.444565832615,0.511664152145,0.817547559738,0.006056701764,0.009837683290,-0.575745224953
1413393221.555760383606,2,-0.603329360485,-0.440153300762,0.520006179810,0.817981660366,0.008114167489,0.012538064271,-0.575050413609
1413393221.605760574341,2,-0.601903438568,-0.434709697962,0.526731193066,0.817839562893,0.009437005036,0.014444139786,-0.575187683105
1413393221.655760288239,2,-0.601121246815,-0.428646028042,0.533354640007,0.817319989204,0.010698702186,0.015395469032,-0.575878918171
1413393221.705760478973,2,-0.600787043571,-0.422067046165,0.540729820728,0.815070688725,0.011408319697,0.015809567645,-0.579033493996
1413393221.755760431290,2,-0.601118564606,-0.415527284145,0.548530936241,0.812465250492,0.011150619015,0.015111247078,-0.582707107067
1413393221.805760622025,2,-0.601980984211,-0.408979654312,0.556593775749,0.810162603855,0.012037797831,0.014323776588,-0.585906565189
1413393221.855760335922,2,-0.604291200638,-0.409037649632,0.569084882736,0.808468520641,0.012732530013,0.014864728786,-0.588213860989
1413393221.905760526657,2,-0.605068027973,-0.401979148388,0.577108085155,0.807673096657,0.012561169453,0.013865874149,-0.589333593845
1413393221.955760478973,2,-0.806091487408,-0.457504153252,0.634436249733,0.806681632996,-0.007896959782,0.024688405916,-0.590417563915
1413393222.005760431290,2,-0.806966006756,-0.450641632080,0.639612376690,0.806632339954,-0.007839280181,0.024219188839,-0.590505182743
1413393222.055760383606,2,-0.808044254780,-0.443985342979,0.641969382763,0.806189179420,-0.007842810825,0.023429708555,-0.591141760349
1413393222.105760574341,2,-0.809528827667,-0.437687098980,0.641606330872,0.805729329586,-0.007396235131,0.021798431873,-0.591836512089
1413393222.155760288239,2,-0.810959279537,-0.431273102760,0.638155460358,0.805657267570,-0.006727618165,0.021641409025,-0.591948390007
1413393222.205760478973,2,-0.812599122524,-0.426398873329,0.631458759308,0.805779278278,-0.006258449517,0.021406933665,-0.591795980930
1413393222.255760431290,2,-0.814262449741,-0.421861350536,0.622127473354,0.806605398655,-0.005896392278,0.020397078246,-0.590708911419
1413393222.305760622025,2,-0.815788090229,-0.417783915997,0.610294163227,0.808337688446,-0.005261093378,0.020522616804,-0.588337838650
1413393222.355760335922,2,-0.810970067978,-0.424518465996,0.602848649025,0.811245203018,-0.005116500892,0.019706046209,-0.584351599216
1413393222.405760526657,2,-0.812837719917,-0.419713318348,0.592015624046,0.814259648323,-0.004694947507,0.018736684695,-0.580179512501
1413393222.455760478973,2,-0.814623773098,-0.414364695549,0.582249164581,0.816573381424,-0.003475100501,0.019972700626,-0.576885581017
1413393222.505760431290,2,-0.816841542721,-0.408441722393,0.574000358582,0.818505108356,-0.003815197386,0.018788317218,-0.574179291725
1413393222.555760383606,2,-0.819386899471,-0.401963710785,0.568129718304,0.819380581379,-0.004638607614,0.016078529879,-0.573005676270
1413393222.605760574341,2,-0.821656525135,-0.394774079323,0.563745975494,0.820216238499,-0.004617752973,0.015502773225,-0.571824967861
1413393222.655760288239,2,-0.823952555656,-0.386572539806,0.561608731747,0.821312606335,-0.004615559243,0.014603397809,-0.570272862911
1413393222.705760478973,2,-0.826114356518,-0.376985788345,0.561767578125,0.821225643158,-0.003042594064,0.015359399840,-0.570388674736
1413393222.755760431290,2,-0.828372776508,-0.366392076015,0.563928842545,0.822289109230,-0.003554526716,0.013883105479,-0.568889558315
1413393222.805760622025,2,-0.830827355385,-0.354614734650,0.567780315876,0.823543906212,-0.003346171463,0.013259414583,-0.567087769508
1413393222.855760335922,2,-0.831935048103,-0.343982577324,0.569429516792,0.824649393559,-0.002952896524,0.012543007731,-0.565497398376
1413393222.905760526657,2,-0.834250390530,-0.330030441284,0.578242063522,0.825394749641,-0.002751064720,0.010926977731,-0.564443647861
1413393222.955760478973,2,-0.836452245712,-0.314731001854,0.588567912579,0.826606154442,-0.001747865696,0.010141084902,-0.562686860561
1413393223.005760431290,2,-0.838585734367,-0.297949850559,0.600256025791,0.825843095779,-0.000053758053,0.010537234135,-0.563801586628
1413393223.055760383606,2,-0.840815365314,-0.280005455017,0.612558007240,0.824345409870,0.000836789259,0.009687795304,-0.566003680229
1413393223.105760574341,2,-0.842823266983,-0.260951161385,0.624751627445,0.823020279408,0.001332716201,0.008752526715,-0.567943036556
1413393223.155760288239,2,-0.844939947128,-0.237903237343,0.632321417332,0.821743905544,0.002748355502,0.009809931740,-0.569765925407
1413393223.205760478973,2,-0.846382737160,-0.216968059540,0.643981754780,0.820524871349,0.005084891338,0.011192643084,-0.571478664875
1413393223.255760431290,2,-0.847924649715,-0.195104658604,0.654952824116,0.819787979126,0.006486374885,0.012314264663,-0.572498142719
1413393223.305760622025,2,-0.849972009659,-0.172505199909,0.664867997169,0.818677365780,0.006858938374,0.012057559565,-0.574086248875
1413393223.355760335922,2,-0.854359745979,-0.143884360790,0.670001149178,0.818067669868,0.007971978746,0.012837907299,-0.574923455715
1413393223.405760526657,2,-0.856903970242,-0.119583725929,0.671667158604,0.816865682602,0.008368237875,0.013022498228,-0.576620221138
1413393223.455760478973,2,-0.859538018703,-0.094849050045,0.667850196362,0.815368831158,0.009168962948,0.014063098468,-0.578698396683
1413393223.505760431290,2,-0.865506529808,-0.072363555431,0.659665346146,0.813343405724,0.009318668395,0.015019706450,-0.581515312195
1413393223.555760383606,2,-0.868945419788,-0.047419428825,0.646254479885,0.811324715614,0.008790377527,0.014991450123,-0.584337472916
1413393223.605760574341,2,-0.872421920300,-0.022377073765,0.629238963127,0.809333205223,0.008357942104,0.015923002735,-0.587074458599
1413393223.655760288239,2,-0.873449981213,0.002183675766,0.608803510666,0.808003723621,0.007786585949,0.017027227208,-0.588879823685
1413393223.705760478973,2,-0.877386569977,0.026096880436,0.588233828545,0.807275295258,0.006447000429,0.017997145653,-0.589865446091
1413393223.755760431290,2,-0.881841778755,0.049736797810,0.570079803467,0.806658327579,0.005210855510,0.019243232906,-0.590681672096
1413393223.805760622025,2,-0.887254655361,0.073528766632,0.556367814541,0.805780351162,0.003409547033,0.019881661981,-0.591870963573
1413393223.855760335922,2,-0.894955039024,0.103815734386,0.552177190781,0.807107329369,0.002141332021,0.021112659946,-0.590023338795
1413393223.905760526657,2,-0.901165783405,0.126910209656,0.544786453247,0.806942760944,0.001332678716,0.023790668696,-0.590148806572
1413393223.955760478973,2,-0.908268570900,0.150219917297,0.541996300220,0.807112216949,0.000143485537,0.024972420186,-0.589869618416
1413393224.005760431290,2,-0.916070342064,0.173615098000,0.541666805744,0.806383848190,-0.001129719778,0.025712344795,-0.590832293034
1413393224.055760383606,2,-0.924558281898,0.196981251240,0.541644155979,0.806885123253,-0.003215436125,0.025774709880,-0.590137004852
1413393224.105760574341,2,-0.936425447464,0.222339987755,0.544031918049,0.806319177151,-0.004258889239,0.026543574408,-0.590869426727
1413393224.155760288239,2,-0.945722818375,0.244446218014,0.540163159370,0.805930972099,-0.005143234972,0.027305152267,-0.591357111931
1413393224.205760478973,2,-0.955560207367,0.265990138054,0.534119546413,0.805463135242,-0.006007491611,0.027800809592,-0.591963052750
1413393224.255760431290,2,-0.965637266636,0.287384510040,0.525717198849,0.804658293724,-0.005863768049,0.029306394979,-0.592985570431
1413393224.305760622025,2,-0.977746725082,0.308848798275,0.517931997776,0.803763091564,-0.006410572678,0.029689341784,-0.594173729420
1413393224.355760335922,2,-0.988714516163,0.329021364450,0.503716945648,0.803301036358,-0.006557858549,0.030288258567,-0.594766438007
1413393224.405760526657,2,-0.999723911285,0.349283456802,0.487364202738,0.803187847137,-0.008817630820,0.031059242785,-0.594850361347
1413393224.455760478973,2,-1.011216878891,0.373462826014,0.471069842577,0.802365183830,-0.012323111296,0.031481176615,-0.595875263214
1413393224.505760431290,2,-1.022662281990,0.393463373184,0.450714915991,0.801838874817,-0.017186177894,0.032428320497,-0.596412122250
1413393224.555760383606,2,-1.034181356430,0.412986665964,0.428578257561,0.801695764065,-0.024353301153,0.032385930419,-0.596357285976
1413393224.605760574341,2,-1.045588731766,0.432242631912,0.406156599522,0.800597846508,-0.031836770475,0.033574048430,-0.597413063049
1413393224.655760288239,2,-1.057819366455,0.454737961292,0.387396544218,0.800053954124,-0.040587972850,0.035025265068,-0.597527921200
1413393224.705760478973,2,-1.068802118301,0.471357226372,0.366959124804,0.801039278507,-0.049037441611,0.036852449179,-0.595460653305
1413393224.755760431290,2,-1.079126596451,0.486847221851,0.346912562847,0.801846504211,-0.057794261724,0.038655966520,-0.593470931053
1413393224.805760622025,2,-1.091139554977,0.503927946091,0.324537783861,0.802538335323,-0.065963305533,0.043068129569,-0.591376602650
1413393224.855760335922,2,-1.100249886513,0.516285896301,0.307497233152,0.803248226643,-0.074218049645,0.046330984682,-0.589183807373
1413393224.905760526657,2,-1.108282208443,0.531933426857,0.293332308531,0.802942872047,-0.079868100584,0.049594104290,-0.588595092297
1413393224.955760478973,2,-1.116210341454,0.542595684528,0.282363653183,0.803651213646,-0.085478022695,0.052894365042,-0.586549639702
1413393225.005760431290,2,-1.123535513878,0.552807927132,0.275369971991,0.804195761681,-0.088496692479,0.056745260954,-0.584993600845
1413393225.055760383606,2,-1.131471276283,0.572441697121,0.268521696329,0.805157423019,-0.090175136924,0.060554470867,-0.583029329777
1413393225.105760574341,2,-1.137460947037,0.584962844849,0.267488390207,0.805375874043,-0.092153735459,0.063762754202,-0.582075357437
1413393225.155760288239,2,-1.143266081810,0.597171664238,0.266948193312,0.805294275284,-0.093221314251,0.066333979368,-0.581730902195
1413393225.205760478973,2,-1.148790717125,0.609566628933,0.265807926655,0.805802643299,-0.095055267215,0.066245883703,-0.580739378929
1413393225.255760431290,2,-1.156034946442,0.634702146053,0.254556000233,0.806028306484,-0.096060827374,0.068353757262,-0.580015897751
1413393225.305760622025,2,-1.160479307175,0.648072719574,0.253316670656,0.806510388851,-0.097977921367,0.069281704724,-0.578913927078
1413393225.355760335922,2,-1.163951754570,0.661897897720,0.253204524517,0.806129872799,-0.100849889219,0.071568973362,-0.578672528267
1413393225.405760526657,2,-1.169624686241,0.683472275734,0.247306674719,0.805736243725,-0.107170194387,0.072816960514,-0.577928543091
1413393225.455760478973,2,-1.171627044678,0.698721289635,0.248477905989,0.805598437786,-0.114021144807,0.074772819877,-0.576558291912
1413393225.505760431290,2,-1.172734141350,0.714108765125,0.247229307890,0.803893923759,-0.123690195382,0.077120527625,-0.576634883881
1413393225.555760383606,2,-1.172529816628,0.729488193989,0.249236315489,0.803251743317,-0.134222880006,0.080830283463,-0.574662864208
1413393225.605760574341,2,-1.170985102654,0.744896590710,0.251884847879,0.801758587360,-0.145672932267,0.085211619735,-0.573325037956
1413393225.655760288239,2,-1.169925570488,0.759291291237,0.247517645359,0.798769295216,-0.157734110951,0.091228827834,-0.573380172253
1413393225.705760478973,2,-1.165314793587,0.773736357689,0.251089125872,0.796372354031,-0.169638141990,0.099386639893,-0.571958422661
1413393225.755760431290,2,-1.159332036972,0.787940740585,0.255192190409,0.793669283390,-0.179870992899,0.109985537827,-0.570647537708
1413393225.805760622025,2,-1.152058482170,0.797334671021,0.261787652969,0.790524363518,-0.190101876855,0.121563516557,-0.569346070290
1413393225.855760335922,2,-1.143797039986,0.809588968754,0.265171527863,0.787253677845,-0.199577838182,0.135625049472,-0.567455947399
1413393225.905760526657,2,-1.135173201561,0.821373581886,0.264471590519,0.783577501774,-0.208701834083,0.149187982082,-0.565855920315
1413393225.955760478973,2,-1.126110911369,0.832879483700,0.258633255959,0.780350208282,-0.217271432281,0.163416266441,-0.563153564930
1413393226.005760431290,2,-1.117589831352,0.848210692406,0.250915169716,0.776213586330,-0.226358294487,0.176648840308,-0.561292767525
1413393226.055760383606,2,-1.109011769295,0.859709203243,0.239257782698,0.771771788597,-0.236547127366,0.187399148941,-0.559727907181
1413393226.105760574341,2,-1.101548790932,0.870959639549,0.227729171515,0.767682850361,-0.247153162956,0.195089071989,-0.558138608932
1413393226.155760288239,2,-1.094604253769,0.882725775242,0.217697411776,0.763231217861,-0.257831722498,0.201126590371,-0.557269215584
1413393226.205760478973,2,-1.088250041008,0.894122064114,0.209851413965,0.759590625763,-0.267855525017,0.206780299544,-0.555443465710
1413393226.255760431290,2,-1.082387447357,0.905872523785,0.206360340118,0.756699740887,-0.277157276869,0.209908366203,-0.553649544716
1413393226.305760622025,2,-1.076180458069,0.926086425781,0.213377118111,0.754773259163,-0.285043835640,0.212822586298,-0.551156938076
1413393226.355760335922,2,-1.070922017097,0.938251852989,0.213803350925,0.753526747227,-0.293270319700,0.212721854448,-0.548579514027
1413393226.405760526657,2,-1.065555572510,0.949910402298,0.214161992073,0.753746867180,-0.299411505461,0.213710680604,-0.544560492039
1413393226.455760478973,2,-1.060534000397,0.962399005890,0.214388698339,0.754460752010,-0.305535227060,0.213019996881,-0.540425539017
1413393226.505760431290,2,-1.054884195328,0.974685907364,0.211615949869,0.755476057529,-0.310361534357,0.212362334132,-0.536501586437
1413393226.555760383606,2,-1.048812747002,0.987643837929,0.207553625107,0.755938351154,-0.314224392176,0.211520045996,-0.533928513527
1413393226.605760574341,2,-1.042321085930,1.001506090164,0.202698767185,0.756545245647,-0.317596286535,0.210779309273,-0.531360566616
1413393226.655760288239,2,-1.034544587135,1.014939785004,0.196188479662,0.756583273411,-0.319174438715,0.211751744151,-0.529972255230
1413393226.705760478973,2,-1.025490164757,1.028963327408,0.190065592527,0.756295979023,-0.316457808018,0.217015057802,-0.529882371426
1413393226.755760431290,2,-1.015878677368,1.043459057808,0.184382975101,0.755004107952,-0.313589394093,0.222761765122,-0.531044065952
1413393226.805760622025,2,-1.007603764534,1.063950300217,0.186671197414,0.755727827549,-0.310012638569,0.228470221162,-0.529687702656
1413393226.855760335922,2,-0.996492803097,1.079802274704,0.182155221701,0.755756139755,-0.307144254446,0.231686055660,-0.529921352863
1413393226.905760526657,2,-0.985262334347,1.096231818199,0.178199380636,0.756323158741,-0.304030627012,0.235394239426,-0.529273450375
1413393226.955760478973,2,-0.974676668644,1.113228440285,0.174456477165,0.756955921650,-0.302214056253,0.236769288778,-0.528795480728
1413393227.005760431290,2,-0.964253365993,1.131104826927,0.171577394009,0.757454395294,-0.300576716661,0.237481996417,-0.528695523739
1413393227.055760383606,2,-0.954926133156,1.149053931236,0.168010413647,0.757247328758,-0.300087094307,0.237188309431,-0.529401540756
1413393227.105760574341,2,-0.945362329483,1.168187499046,0.166062831879,0.756310164928,-0.299690306187,0.236633375287,-0.531211256981
1413393227.155760288239,2,-0.936282873154,1.187700390816,0.164553582668,0.755254924297,-0.300696343184,0.234434425831,-0.533115684986
1413393227.205760478973,2,-0.927556753159,1.207600355148,0.163212060928,0.754394710064,-0.301341027021,0.232198953629,-0.534944832325
1413393227.255760431290,2,-0.919052720070,1.227652311325,0.163032472134,0.752717554569,-0.303629487753,0.228439837694,-0.537625074387
1413393227.305760622025,2,-0.910370528698,1.250206232071,0.150600075722,0.751782476902,-0.304302573204,0.226949483156,-0.539181888103
1413393227.355760335922,2,-0.901592195034,1.270203351974,0.151354670525,0.750967204571,-0.305273950100,0.225901350379,-0.540208101273
1413393227.405760526657,2,-0.892860233784,1.289963960648,0.151970028877,0.751172423363,-0.306698679924,0.224283158779,-0.539789855480
1413393227.455760478973,2,-0.883964657784,1.309539079666,0.152859866619,0.750967919827,-0.308306276798,0.222717985511,-0.539806604385
1413393227.505760431290,2,-0.874825000763,1.328870058060,0.153804302216,0.750678777695,-0.309162080288,0.222128525376,-0.539962112904
1413393227.555760383606,2,-0.865087449551,1.347993850708,0.155121326447,0.749209463596,-0.311155527830,0.222246244550,-0.540808796883
1413393227.605760574341,2,-0.854889869690,1.366858005524,0.156411409378,0.747372388840,-0.314237982035,0.222733959556,-0.541367411613
1413393227.655760288239,2,-0.844209909439,1.384967327118,0.157162606716,0.745787143707,-0.317681461573,0.224655985832,-0.540749192238
1413393227.705760478973,2,-0.832795381546,1.402448534966,0.157694220543,0.744060814381,-0.322667121887,0.227078646421,-0.539161145687
1413393227.755760431290,2,-0.823716163635,1.421381115913,0.145859420300,0.740876913071,-0.328396558762,0.230590641499,-0.538595557213
1413393227.805760622025,2,-0.811485826969,1.437016844749,0.145578563213,0.738436996937,-0.334055006504,0.235074594617,-0.536523997784
1413393227.855760335922,2,-0.798848092556,1.452081561089,0.145213663578,0.734359502792,-0.342309653759,0.238159745932,-0.535555958748
1413393227.905760526657,2,-0.785604238510,1.466534852982,0.144469857216,0.730636179447,-0.349986255169,0.242950633168,-0.533531069756
1413393227.955760478973,2,-0.771779417992,1.480206727982,0.143906593323,0.725793480873,-0.358261346817,0.248305350542,-0.532181441784
1413393228.005760431290,2,-0.757257342339,1.492663860321,0.142797887325,0.720924973488,-0.367815971375,0.254012048244,-0.529581427574
1413393228.055760383606,2,-0.742095232010,1.504289150238,0.141328692436,0.715995013714,-0.376522630453,0.261670917273,-0.526412546635
1413393228.105760574341,2,-0.726711332798,1.515277147293,0.139809191227,0.710824906826,-0.386193811893,0.268048942089,-0.523194134235
1413393228.155760288239,2,-0.708064496517,1.530542612076,0.139321506023,0.706619143486,-0.395599693060,0.276245266199,-0.517570078373
1413393228.205760478973,2,-0.691949188709,1.540257215500,0.137335181236,0.702408075333,-0.404792457819,0.282397270203,-0.512852549553
1413393228.255760431290,2,-0.675566017628,1.549241304398,0.135373055935,0.699137747288,-0.411354511976,0.289596736431,-0.508062601089
1413393228.305760622025,2,-0.659047365189,1.557958841324,0.133868813515,0.695760965347,-0.417612135410,0.295904934406,-0.503941595554
1413393228.355760335922,2,-0.642191171646,1.566427707672,0.133071064949,0.692504525185,-0.423022478819,0.301912188530,-0.500338375568
1413393228.405760526657,2,-0.624716639519,1.574591636658,0.132706224918,0.688988804817,-0.428671866655,0.308322399855,-0.496459722519
1413393228.455760478973,2,-0.606907725334,1.582681298256,0.132751941681,0.684496104717,-0.435246676207,0.314211368561,-0.493251025677
1413393228.505760431290,2,-0.589072346687,1.590616106987,0.133223235607,0.679423093796,-0.440709948540,0.320148766041,-0.491593062878
1413393228.555760383606,2,-0.567258358002,1.606722235680,0.137386500835,0.674932539463,-0.446863979101,0.325472056866,-0.488719344139
1413393228.605760574341,2,-0.549593448639,1.614607572556,0.137242794037,0.671051144600,-0.453281879425,0.329945296049,-0.485141217709
1413393228.655760288239,2,-0.532336592674,1.622616767883,0.137567520142,0.667520225048,-0.458961993456,0.332603663206,-0.482851475477
1413393228.705760478973,2,-0.515237450600,1.630411148071,0.137866973877,0.665361046791,-0.463218271732,0.335766196251,-0.479567110538
1413393228.755760431290,2,-0.498334765434,1.638365268707,0.138563454151,0.663457095623,-0.467344731092,0.337405979633,-0.477043807507
1413393228.805760622025,2,-0.481387615204,1.646733164787,0.139169394970,0.662814974785,-0.471914887428,0.336173981428,-0.474299252033
1413393228.855760335922,2,-0.463785171509,1.655195236206,0.139078795910,0.662304818630,-0.476035296917,0.334761619568,-0.471887141466
1413393228.905760526657,2,-0.443957448006,1.666838526726,0.143027901649,0.663242161274,-0.480265647173,0.332261323929,-0.468035519123
1413393228.955760478973,2,-0.425412416458,1.675079822540,0.142241120338,0.663159012794,-0.482172459364,0.331390678883,-0.466808497906
1413393229.005760431290,2,-0.405917048454,1.683144569397,0.140803635120,0.663633286953,-0.481992870569,0.333237439394,-0.465001791716
1413393229.055760383606,2,-0.385250091553,1.691083192825,0.138521194458,0.665171802044,-0.479395985603,0.337719500065,-0.462246268988
1413393229.105760574341,2,-0.364009022713,1.699434638023,0.135365247726,0.665944516659,-0.475868970156,0.342329025269,-0.461386561394
1413393229.155760288239,2,-0.342694401741,1.708228588104,0.131468474865,0.666515588760,-0.473016262054,0.346154123545,-0.460640907288
1413393229.205760478973,2,-0.318341851234,1.721181511879,0.128432750702,0.667718470097,-0.469710409641,0.349927961826,-0.459428727627
1413393229.255760431290,2,-0.296476483345,1.731615066528,0.123223960400,0.668604075909,-0.466681003571,0.352747887373,-0.459071278572
1413393229.305760622025,2,-0.274612307549,1.742769241333,0.117239475250,0.668705582619,-0.464397072792,0.355145096779,-0.459391087294
1413393229.355760335922,2,-0.252858877182,1.754994392395,0.110652327538,0.668493449688,-0.462565332651,0.356459081173,-0.460528790951
1413393229.405760526657,2,-0.226554989815,1.771848678589,0.102756261826,0.667552649975,-0.461809724569,0.355889350176,-0.463085323572
1413393229.455760478973,2,-0.204717755318,1.786309242249,0.095729708672,0.665295183659,-0.462583929300,0.353807389736,-0.467138886452
1413393229.505760431290,2,-0.183098077774,1.801308035851,0.089073896408,0.662796854973,-0.464525371790,0.350023090839,-0.471593469381
1413393229.555760383606,2,-0.161730170250,1.816453456879,0.082585692406,0.661911129951,-0.466348499060,0.345647573471,-0.474257946014
1413393229.605760574341,2,-0.137333631516,1.832464337349,0.076461791992,0.660982012749,-0.469345718622,0.340649634600,-0.476209312677
1413393229.655760288239,2,-0.115905880928,1.847129106522,0.070873618126,0.661141633987,-0.472168534994,0.335540264845,-0.476824283600
1413393229.705760478973,2,-0.090596079826,1.863514184952,0.066010117531,0.662471771240,-0.473864048719,0.332095682621,-0.475706309080
1413393229.755760431290,2,-0.068075180054,1.877119183540,0.061805486679,0.663881182671,-0.475353330374,0.329116731882,-0.474323868752
1413393229.805760622025,2,-0.045244455338,1.888863801956,0.058542609215,0.666177511215,-0.477022379637,0.325772851706,-0.471730023623
1413393229.855760335922,2,-0.021178126335,1.901526451111,0.055592417717,0.669075727463,-0.478144824505,0.323072999716,-0.468336552382
1413393229.905760526657,2,0.000816583633,1.912326574326,0.055155038834,0.671277940273,-0.479010105133,0.320983409882,-0.465730488300
1413393229.955760478973,2,0.027381539345,1.924459218979,0.054795980453,0.673080086708,-0.478357940912,0.320632636547,-0.464038342237
1413393230.005760431290,2,0.050658702850,1.937008142471,0.056076765060,0.675001561642,-0.476118415594,0.322991311550,-0.461909919977
1413393230.055760383606,2,0.080032467842,1.948754429817,0.057335376740,0.676290631294,-0.471224427223,0.328350245953,-0.461264193058
1413393230.105760574341,2,0.110380411148,1.960937976837,0.058684110641,0.677238225937,-0.466617524624,0.333272010088,-0.461027532816
1413393230.155760288239,2,0.141702055931,1.975646734238,0.058830976486,0.677617490292,-0.462962269783,0.337231636047,-0.461275726557
1413393230.205760478973,2,0.173212409019,1.989628314972,0.059250593185,0.678414404392,-0.459723562002,0.340052098036,-0.461272984743
1413393230.255760431290,2,0.201686263084,2.004810810089,0.058942914009,0.678132891655,-0.457072347403,0.342335432768,-0.462630629539
1413393230.305760622025,2,0.233134865761,2.020573616028,0.058455586433,0.677188634872,-0.455408722162,0.342952013016,-0.465190649033
1413393230.355760335922,2,0.264265418053,2.037067174911,0.056838154793,0.676564931870,-0.456150412560,0.340621083975,-0.467080295086
1413393230.405760526657,2,0.291729569435,2.057241439819,0.051783323288,0.674799323082,-0.456749677658,0.339063823223,-0.470171749592
1413393230.455760478973,2,0.322731733322,2.074821472168,0.049422860146,0.673384130001,-0.458838462830,0.337103605270,-0.471574366093
1413393230.505760431290,2,0.354321122169,2.092602729797,0.044017434120,0.670940458775,-0.462584972382,0.335286438465,-0.472691327333
1413393230.555760383606,2,0.385944366455,2.109840869904,0.042300224304,0.667941868305,-0.467717617750,0.334413558245,-0.472505629063
1413393230.605760574341,2,0.423836946487,2.126672029495,0.041069507599,0.663663864136,-0.474371105433,0.334222942591,-0.472035497427
1413393230.655760288239,2,0.457448363304,2.143063783646,0.040807962418,0.659358322620,-0.481670886278,0.334964305162,-0.470147550106
1413393230.705760478973,2,0.489514112473,2.156628608704,0.040122270584,0.653994679451,-0.488808870316,0.337564647198,-0.468409001827
1413393230.755760431290,2,0.524713993073,2.171110630035,0.043214321136,0.648218870163,-0.496677160263,0.340585112572,-0.465967774391
1413393230.805760622025,2,0.561306118965,2.185302019119,0.046616315842,0.642377555370,-0.504200994968,0.344161361456,-0.463341683149
1413393230.855760335922,2,0.597948312759,2.197813510895,0.050306558609,0.636403024197,-0.512000381947,0.349211156368,-0.459236711264
1413393230.905760526657,2,0.639035582542,2.209849357605,0.051610708237,0.630774319172,-0.519088625908,0.356006830931,-0.453795194626
1413393230.955760478973,2,0.677285313606,2.220328330994,0.056491374969,0.626327514648,-0.524555087090,0.364481180906,-0.446888625622
1413393231.005760431290,2,0.709846973419,2.228078842163,0.061732530594,0.622946023941,-0.528466522694,0.373814791441,-0.439231067896
1413393231.055760383606,2,0.748471617699,2.237522363663,0.067431688309,0.620306193829,-0.531394004822,0.382816255093,-0.431616008282
1413393231.105760574341,2,0.788358688354,2.247751712799,0.070381879807,0.617503404617,-0.533285439014,0.391091674566,-0.425844460726
1413393231.155760288239,2,0.827088475227,2.258470058441,0.076655864716,0.615433335304,-0.534808874130,0.397681772709,-0.420797616243
1413393231.205760478973,2,0.862278938293,2.271213769913,0.081509113312,0.613080799580,-0.537550747395,0.401591747999,-0.417007386684
1413393231.255760431290,2,0.900860428810,2.284326076508,0.087939739227,0.611600875854,-0.539002656937,0.405367344618,-0.413639813662
1413393231.305760622025,2,0.938923120499,2.298776626587,0.093719959259,0.608796060085,-0.541449189186,0.406603544950,-0.413368701935
1413393231.355760335922,2,0.970572829247,2.310713052750,0.094294309616,0.605564773083,-0.544369757175,0.406496316195,-0.414383530617
1413393231.405760526657,2,1.008029937744,2.326796293259,0.094773769379,0.602198421955,-0.546917140484,0.405416339636,-0.416984856129
1413393231.455760478973,2,1.045531272888,2.343505859375,0.093296527863,0.597381472588,-0.549073636532,0.404591143131,-0.421852618456
1413393231.505760431290,2,1.085664987564,2.365177631378,0.087833642960,0.591543436050,-0.549852132797,0.404948323965,-0.428667634726
1413393231.555760383606,2,1.122584819794,2.382413864136,0.082660436630,0.585071086884,-0.548675477505,0.406742066145,-0.437273442745
1413393231.605760574341,2,1.161011338234,2.400418996811,0.077767610550,0.578954219818,-0.547521173954,0.408496230841,-0.445155620575
1413393231.655760288239,2,1.195613026619,2.416204690933,0.069432497025,0.574047267437,-0.547335028648,0.410050868988,-0.450280368328
1413393231.705760478973,2,1.231561779976,2.435034275055,0.048390626907,0.572874903679,-0.547875642776,0.411219120026,-0.450050532818
1413393231.755760431290,2,1.263048648834,2.447934389114,0.039191007614,0.570880651474,-0.550734877586,0.411924600601,-0.448446869850
1413393231.805760622025,2,1.229876279831,2.518891334534,-0.064337730408,0.530301988125,-0.592592179775,0.440248697996,-0.416887819767
1413393231.855760335922,2,1.259599447250,2.525945425034,-0.071443796158,0.527362585068,-0.598507881165,0.437509298325,-0.415045380592
1413393231.905760526657,2,1.288254261017,2.531569004059,-0.077875614166,0.524287223816,-0.606460034847,0.434214293957,-0.410837173462
1413393231.955760478973,2,1.324644565582,2.541080474854,-0.080289125443,0.520633637905,-0.613958775997,0.431322544813,-0.407377094030
1413393232.005760431290,2,1.351448297501,2.543025493622,-0.084299564362,0.515764653683,-0.621350288391,0.430173218250,-0.403561234474
1413393232.055760383606,2,1.377822875977,2.542643547058,-0.087614536285,0.511803925037,-0.627539515495,0.431496977806,-0.397569358349
1413393232.105760574341,2,1.403791427612,2.540305614471,-0.089197874069,0.507303774357,-0.633022010326,0.434411585331,-0.391423970461
1413393232.155760288239,2,1.435554027557,2.538559436798,-0.088597059250,0.502426743507,-0.638721823692,0.437990009785,-0.384404152632
1413393232.205760478973,2,1.460777282715,2.532503604889,-0.089965105057,0.497490942478,-0.642227590084,0.444880485535,-0.376998603344
1413393232.255760431290,2,1.485635519028,2.525306224823,-0.092247724533,0.491811692715,-0.646395564079,0.450741320848,-0.370305746794
1413393232.305760622025,2,1.510167598724,2.516922473907,-0.095956563950,0.485469192266,-0.650734424591,0.456505984068,-0.363959729671
1413393232.355760335922,2,1.539285182953,2.513362884521,-0.101369142532,0.477689176798,-0.656579315662,0.460745573044,-0.358371645212
1413393232.405760526657,2,1.563136339188,2.503198146820,-0.108184814453,0.471206903458,-0.662595629692,0.463625818491,-0.352111071348
1413393232.455760478973,2,1.586785078049,2.492048740387,-0.116795539856,0.464294850826,-0.668341100216,0.466869801283,-0.346096992493
1413393232.505760431290,2,1.609509944916,2.478532314301,-0.125290393829,0.457706332207,-0.674086213112,0.469656318426,-0.339905411005
1413393232.555760383606,2,1.633044242859,2.465858697891,-0.136991500854,0.451670974493,-0.678647935390,0.472120136023,-0.335459262133
1413393232.605760574341,2,1.658584117889,2.452778577805,-0.149521708488,0.447238653898,-0.682148218155,0.474061012268,-0.331538319588
1413393232.655760288239,2,1.681816577911,2.438824415207,-0.163569211960,0.442493498325,-0.685366213322,0.475739806890,-0.328853130341
1413393232.705760478973,2,1.704906463623,2.423927307129,-0.176802992821,0.438765734434,-0.687366247177,0.477733254433,-0.326777189970
1413393232.755760431290,2,1.727681159973,2.407949924469,-0.189573407173,0.436841964722,-0.688527226448,0.479769259691,-0.323915004730
1413393232.805760622025,2,1.753613948822,2.389157295227,-0.198312640190,0.435310661793,-0.690197348595,0.480289816856,-0.321642637253
1413393232.855760335922,2,1.777158260345,2.371114253998,-0.209516406059,0.433726757765,-0.690688967705,0.481778025627,-0.320499420166
1413393232.905760526657,2,1.800300836563,2.352210044861,-0.220622777939,0.433837026358,-0.691632866859,0.481833875179,-0.318222612143
1413393232.955760478973,2,1.823528289795,2.332079648972,-0.230235457420,0.435219407082,-0.690915286541,0.484090209007,-0.314446836710
1413393233.005760431290,2,1.850360870361,2.311877250671,-0.235788106918,0.437240958214,-0.690569043159,0.484834372997,-0.311240285635
1413393233.055760383606,2,1.874144315720,2.290376186371,-0.241609573364,0.439833581448,-0.689377665520,0.486227720976,-0.308038055897
1413393233.105760574341,2,1.898134946823,2.268451929092,-0.245743513107,0.441898524761,-0.689241170883,0.486328631639,-0.305216163397
1413393233.155760288239,2,1.921169281006,2.246859073639,-0.245459079742,0.442995101213,-0.688884258270,0.486689776182,-0.303853422403
1413393233.205760478973,2,1.946382284164,2.224351644516,-0.245252132416,0.443891137838,-0.687833189964,0.488068819046,-0.302712917328
1413393233.255760431290,2,1.971832990646,2.200297832489,-0.240676164627,0.442216902971,-0.686251521111,0.492234051228,-0.302008032799
1413393233.305760622025,2,1.998068809509,2.176702499390,-0.235594034195,0.439708709717,-0.685017347336,0.496679395437,-0.301192790270
1413393233.355760335922,2,2.023375034332,2.153555393219,-0.226849794388,0.435701876879,-0.683710873127,0.502372324467,-0.300541907549
1413393233.405760526657,2,2.050016403198,2.129894495010,-0.217668294907,0.429497569799,-0.683456182480,0.508124709129,-0.300381064415
1413393233.455760478973,2,2.077832460403,2.107889175415,-0.205795049667,0.422144144773,-0.684675455093,0.512559711933,-0.300493746996
1413393233.505760431290,2,2.103694915771,2.084948539734,-0.192302465439,0.416328728199,-0.686095356941,0.517364442348,-0.297115534544
1413393233.555760383606,2,2.123722553253,2.063824176788,-0.175868511200,0.409182101488,-0.689643979073,0.520191907883,-0.293873608112
1413393233.605760574341,2,2.147807836533,2.041669607162,-0.160640835762,0.403915017843,-0.693999171257,0.522650837898,-0.286450684071
1413393233.655760288239,2,2.169990539551,2.020559310913,-0.143369674683,0.398650109768,-0.699708700180,0.523795723915,-0.277711957693
1413393233.705760478973,2,2.192997932434,1.999791622162,-0.124995350838,0.392708361149,-0.706428885460,0.523958742619,-0.268711239100
1413393233.755760431290,2,2.212449312210,1.980357527733,-0.101115584373,0.386670589447,-0.709506750107,0.528785228729,-0.259754419327
1413393233.805760622025,2,2.235382080078,1.961177945137,-0.077863335609,0.378514558077,-0.712421298027,0.532944023609,-0.255251735449
1413393233.855760335922,2,2.257299661636,1.944098472595,-0.053975462914,0.371447801590,-0.713290572166,0.538524329662,-0.251465231180
1413393233.905760526657,2,2.279772996902,1.927337288857,-0.030451536179,0.363120853901,-0.714669942856,0.542594194412,-0.250961720943
1413393233.955760478973,2,2.305818319321,1.912743449211,-0.007221341133,0.355354040861,-0.715814530849,0.547370314598,-0.248432710767
1413393234.005760431290,2,2.326950311661,1.897659301758,0.015556693077,0.346192121506,-0.719936132431,0.548441529274,-0.247092902660
1413393234.055760383606,2,2.346822023392,1.883025169373,0.038421392441,0.336961209774,-0.724867284298,0.548353970051,-0.245626941323
1413393234.105760574341,2,2.366015434265,1.869129061699,0.060301542282,0.328467547894,-0.730479121208,0.547572076321,-0.242227613926
1413393234.155760288239,2,2.386527299881,1.854763269424,0.078414082527,0.321077555418,-0.736035168171,0.546394348145,-0.237938642502
1413393234.205760478973,2,2.404255390167,1.841372489929,0.096268296242,0.313479125500,-0.739989519119,0.546303749084,-0.236005693674
1413393234.255760431290,2,2.423457622528,1.826323509216,0.112475156784,0.301919400692,-0.741038560867,0.550241410732,-0.238623172045
1413393234.305760622025,2,2.439887523651,1.812660694122,0.126910805702,0.287890821695,-0.740695178509,0.555601775646,-0.244532778859
1413393234.355760335922,2,2.452278375626,1.799917221069,0.140828132629,0.272165834904,-0.739950418472,0.560808241367,-0.252771228552
1413393234.405760526657,2,2.464108228683,1.785824775696,0.152070045471,0.257109940052,-0.739215195179,0.566183149815,-0.258635044098
1413393234.455760478973,2,2.471690416336,1.771388173103,0.161570787430,0.243947863579,-0.739628076553,0.569610655308,-0.262647122145
1413393234.505760431290,2,2.476077318192,1.757151365280,0.168288350105,0.233970016241,-0.740097761154,0.573595106602,-0.261729151011
1413393234.555760383606,2,2.472599983215,1.742323160172,0.174043655396,0.226099178195,-0.741054117680,0.577890515327,-0.256438463926
1413393234.605760574341,2,2.467321395874,1.727501392365,0.180046081543,0.224048212171,-0.741230070591,0.584416687489,-0.242564514279
1413393234.655760288239,2,2.458424329758,1.714525222778,0.188645601273,0.227085903287,-0.742155849934,0.590615928173,-0.220928966999
1413393234.705760478973,2,2.444494247437,1.701542258263,0.202112436295,0.231422990561,-0.743951261044,0.595162332058,-0.196880117059
1413393234.755760431290,2,2.427298545837,1.692653656006,0.220880210400,0.233506396413,-0.748241424561,0.595534324646,-0.175921723247
1413393234.805760622025,2,2.409435510635,1.684278368950,0.240380078554,0.234949290752,-0.754005551338,0.593308866024,-0.155753195286
1413393234.855760335922,2,2.391632318497,1.677985548973,0.258548647165,0.231878250837,-0.761550605297,0.588370680809,-0.141750559211
1413393234.905760526657,2,2.375131130219,1.673022985458,0.273716330528,0.223892509937,-0.768400609493,0.584293127060,-0.134291380644
1413393234.955760478973,2,2.359160661697,1.668888926506,0.284558117390,0.213897690177,-0.774242222309,0.581413507462,-0.129441633821
1413393235.005760431290,2,2.343930721283,1.665584206581,0.290491133928,0.200838014483,-0.780042409897,0.578557670116,-0.128331422806
1413393235.055760383606,2,2.329221963882,1.662429690361,0.291306942701,0.186523199081,-0.784784317017,0.576948523521,-0.128270089626
1413393235.105760574341,2,2.314883708954,1.659395694733,0.286490857601,0.172483891249,-0.788806974888,0.576095223427,-0.127071291208
1413393235.155760288239,2,2.300154924393,1.655885100365,0.277131885290,0.159938052297,-0.792654335499,0.575237691402,-0.123372018337
1413393235.205760478973,2,2.285083770752,1.651560902596,0.265126764774,0.150798112154,-0.794833123684,0.576462686062,-0.114852719009
1413393235.255760431290,2,2.276211738586,1.643881082535,0.246745675802,0.144565582275,-0.797567903996,0.576747775078,-0.101726718247
1413393235.305760622025,2,2.260226964951,1.639629244804,0.233907371759,0.140379443765,-0.800003290176,0.576711118221,-0.087708249688
1413393235.355760335922,2,2.244884490967,1.635638237000,0.221907615662,0.136883467436,-0.802953779697,0.575188279152,-0.075409241021
1413393235.405760526657,2,2.230515241623,1.631746649742,0.210942089558,0.134528890252,-0.806196033955,0.572502613068,-0.064736299217
1413393235.455760478973,2,2.217548131943,1.627443909645,0.201132118702,0.132358103991,-0.808895051479,0.570107698441,-0.056101545691
1413393235.505760431290,2,2.206447839737,1.622451186180,0.192303419113,0.131543919444,-0.811641097069,0.567115247250,-0.048117823899
1413393235.555760383606,2,2.197271585464,1.616160988808,0.184885323048,0.132717713714,-0.810627818108,0.569077014923,-0.037681397051
1413393235.605760574341,2,2.190177440643,1.609111666679,0.177945375443,0.134877249599,-0.808059334755,0.572859466076,-0.026083774865
1413393235.655760288239,2,2.186211347580,1.601572394371,0.171752095222,0.134265214205,-0.805705308914,0.576631605625,-0.017545310780
1413393235.705760478973,2,2.185502767563,1.594279527664,0.166664958000,0.132970571518,-0.802862823009,0.581018030643,-0.012177794240
1413393235.755760431290,2,2.189935922623,1.578510522842,0.159281969070,0.129062861204,-0.801854014397,0.583301603794,-0.011501333676
1413393235.805760622025,2,2.196376562119,1.572099924088,0.155026793480,0.124137111008,-0.801071107388,0.585380911827,-0.014296888374
1413393235.855760335922,2,2.206117153168,1.566301345825,0.152231216431,0.115380115807,-0.800475358963,0.587669730186,-0.023897064850
1413393235.905760526657,2,2.217808008194,1.560985565186,0.150172710419,0.104564890265,-0.800257146358,0.589430212975,-0.035026047379
1413393235.955760478973,2,2.230262994766,1.556055784225,0.148544549942,0.093453072011,-0.800229668617,0.590640127659,-0.045203268528
1413393236.005760431290,2,2.242492198944,1.551257610321,0.147807598114,0.083540931344,-0.799254775047,0.592961311340,-0.051085479558
1413393236.055760383606,2,2.254184007645,1.546900153160,0.147585630417,0.072662889957,-0.798997223377,0.594296813011,-0.055990900844
1413393236.105760574341,2,2.264471769333,1.542238950729,0.147917509079,0.062693409622,-0.799294173717,0.594889283180,-0.057489763945
1413393236.155760288239,2,2.272954463959,1.538212656975,0.151048183441,0.052880905569,-0.799717307091,0.595400869846,-0.056158058345
1413393236.205760478973,2,2.279376983643,1.535865306854,0.152934193611,0.045661833137,-0.801508307457,0.594259083271,-0.048535205424
1413393236.255760431290,2,2.284724712372,1.540867924690,0.160285353661,0.040965590626,-0.803550064564,0.592621743679,-0.037797775120
1413393236.305760622025,2,2.288679361343,1.541974544525,0.163790106773,0.036495875567,-0.805266737938,0.591305553913,-0.023903813213
1413393236.355760335922,2,2.292325973511,1.542782306671,0.168459415436,0.029793141410,-0.806440472603,0.590442061424,-0.012016000226
1413393236.405760526657,2,2.296405792236,1.543927192688,0.173986673355,0.021361391991,-0.807974040508,0.588818490505,-0.003789190669
1413393236.455760478973,2,2.300589323044,1.544848561287,0.180248975754,0.011857502162,-0.808747768402,0.588028430939,0.003031652421
1413393236.505760431290,2,2.305406808853,1.530732870102,0.183002114296,-0.000728399784,0.811430990696,-0.584381997585,-0.008770745248
1413393236.555760383606,2,2.310044765472,1.531179428101,0.188883662224,0.009403880686,0.814545631409,-0.579842686653,-0.014474738389
1413393236.605760574341,2,2.314786672592,1.531294941902,0.194432377815,0.019689992070,0.819071054459,-0.573019087315,-0.019599398598
1413393236.655760288239,2,2.319637060165,1.530437707901,0.198881864548,0.029848959297,0.822749614716,-0.567119657993,-0.023821529001
1413393236.705760478973,2,2.324635505676,1.528467059135,0.200852274895,0.039295949042,0.824302971363,-0.564166069031,-0.026401730254
1413393236.755760431290,2,2.330011367798,1.523916959763,0.200763821602,0.049700174481,0.824248075485,-0.563419580460,-0.026522306725
1413393236.805760622025,2,2.333578824997,1.511632561684,0.198488593102,0.060628790408,0.822705209255,-0.564667284489,-0.025124125183
1413393236.855760335922,2,2.336790323257,1.503249406815,0.194988965988,0.068921104074,0.820556223392,-0.566797554493,-0.026036178693
1413393236.905760526657,2,2.338599681854,1.489070892334,0.192803621292,0.074611701071,0.818396031857,-0.569091260433,-0.028218364343
1413393236.955760478973,2,2.339307785034,1.477484464645,0.193238139153,0.077479384840,0.815189599991,-0.573081851006,-0.032251611352
1413393237.005760431290,2,2.345021486282,1.455106854439,0.194675326347,0.078180059791,0.812565207481,-0.576309800148,-0.038635786623
1413393237.055760383606,2,2.344095468521,1.445652365685,0.201906561852,0.076597042382,0.810401141644,-0.579124033451,-0.044703111053
1413393237.105760574341,2,2.342424154282,1.435727000237,0.212105989456,0.073045231402,0.808630943298,-0.581428825855,-0.052163444459
1413393237.155760288239,2,2.340462207794,1.425624608994,0.223489522934,0.067808762193,0.806145071983,-0.584698379040,-0.060498166829
1413393237.205760478973,2,2.338775157928,1.415202617645,0.233345508575,0.062039755285,0.804614007473,-0.586579859257,-0.068347446620
1413393237.255760431290,2,2.337826728821,1.404027104378,0.239917278290,0.057830557227,0.803495943546,-0.587887406349,-0.073744662106
1413393237.305760622025,2,2.337956905365,1.392218708992,0.243134260178,0.054416000843,0.803820133209,-0.587248802185,-0.077788598835
1413393237.355760335922,2,2.339284420013,1.380063772202,0.243365526199,0.051254410297,0.804213106632,-0.586698412895,-0.079995155334
1413393237.405760526657,2,2.342287778854,1.367586851120,0.240636348724,0.049621265382,0.803597033024,-0.587596118450,-0.080624707043
1413393237.455760478973,2,2.348538398743,1.341546773911,0.233426332474,0.050299514085,0.803607642651,-0.587834537029,-0.078328512609
1413393237.505760431290,2,2.355479001999,1.329171657562,0.227424740791,0.052798371762,0.802934348583,-0.589380383492,-0.071691095829
1413393237.555760383606,2,2.363734245300,1.317041158676,0.221578717232,0.056959982961,0.802944898605,-0.590004205704,-0.062691017985
1413393237.605760574341,2,2.372622966766,1.305156946182,0.216548085213,0.061331517994,0.802316665649,-0.591317653656,-0.053572114557
1413393237.655760288239,2,2.381717443466,1.293979763985,0.211452841759,0.065772846341,0.803363084793,-0.590180873871,-0.044365014881
1413393237.705760478973,2,2.390368223190,1.283144950867,0.207072257996,0.068996913731,0.803599715233,-0.590001106262,-0.036954730749
1413393237.755760431290,2,2.398066997528,1.272881269455,0.203150510788,0.070757992566,0.804404973984,-0.589004814625,-0.031611699611
1413393237.805760622025,2,2.404383420944,1.263334512711,0.200226902962,0.071344904602,0.805344283581,-0.587814986706,-0.028357876465
1413393237.855760335922,2,2.409518957138,1.253673553467,0.196931958199,0.069985240698,0.806917548180,-0.585825681686,-0.028187448159
1413393237.905760526657,2,2.413459062576,1.244177103043,0.194630384445,0.067516379058,0.809027314186,-0.583119094372,-0.029806714505
1413393237.955760478973,2,2.416434288025,1.235011816025,0.199276924133,0.065213471651,0.810837626457,-0.580747246742,-0.031974058598
1413393238.005760431290,2,2.418004274368,1.224225878716,0.194158434868,0.060011155903,0.814276516438,-0.576054394245,-0.038908764720
1413393238.055760383606,2,2.419068336487,1.212744951248,0.189588665962,0.054979529232,0.816913425922,-0.572327554226,-0.045507851988
1413393238.105760574341,2,2.420107841492,1.200627207756,0.185917139053,0.051673498005,0.819431185722,-0.568606197834,-0.050490975380
1413393238.155760288239,2,2.421208858490,1.187548637390,0.183797240257,0.049609590322,0.819938123226,-0.567575573921,-0.055663470179
1413393238.205760478973,2,2.423161029816,1.174125432968,0.182860016823,0.048401907086,0.820625543594,-0.566273391247,-0.059711862355
1413393238.255760431290,2,2.426393985748,1.161914587021,0.184680581093,0.047611992806,0.820812880993,-0.565735518932,-0.062791727483
1413393238.305760622025,2,2.430192232132,1.147243857384,0.188317060471,0.048578582704,0.821192204952,-0.564783871174,-0.065594680607
1413393238.355760335922,2,2.435107707977,1.131087899208,0.195794939995,0.050197433680,0.821526229382,-0.564046323299,-0.066533535719
1413393238.405760526657,2,2.440176248550,1.112747430801,0.206259608269,0.051941018552,0.821020841599,-0.564596176147,-0.066769711673
1413393238.455760478973,2,2.444239854813,1.091569542885,0.221162676811,0.055311437696,0.819652915001,-0.566596269608,-0.063863061368
1413393238.505760431290,2,2.450951576233,1.066686391830,0.231655478477,0.061620011926,0.818217873573,-0.568643987179,-0.058022636920
1413393238.555760383606,2,2.457934856415,1.041342735291,0.240670800209,0.068842753768,0.815383255482,-0.572563946247,-0.050806302577
1413393238.605760574341,2,2.464617013931,1.016018152237,0.247370600700,0.076497614384,0.812627494335,-0.576168179512,-0.042602259666
1413393238.655760288239,2,2.470155477524,0.990756034851,0.251429319382,0.083671040833,0.810552120209,-0.578595459461,-0.035097628832
1413393238.705760478973,2,2.474689006805,0.977209448814,0.260855078697,0.088890478015,0.809257447720,-0.579996943474,-0.028362425044
1413393238.755760431290,2,2.477533578873,0.952557027340,0.259489417076,0.093211911619,0.807937264442,-0.581350028515,-0.024106033146
1413393238.805760622025,2,2.478329896927,0.927945613861,0.256560564041,0.094940625131,0.806824564934,-0.582650661469,-0.023210361600
1413393238.855760335922,2,2.476998090744,0.903790950775,0.253055572510,0.094312541187,0.806574761868,-0.582999408245,-0.025575852022
1413393238.905760526657,2,2.473575353622,0.880196392536,0.249692559242,0.091599576175,0.806759357452,-0.582919716835,-0.030878137797
1413393238.955760478973,2,2.468309164047,0.857280611992,0.247718095779,0.086229950190,0.807359397411,-0.582395136356,-0.039384964854
1413393239.005760431290,2,2.461706161499,0.834803521633,0.246570825577,0.081074893475,0.807351827621,-0.582431197166,-0.048825040460
1413393239.055760383606,2,2.455075263977,0.812978446484,0.245673656464,0.075597904623,0.808104872704,-0.581389963627,-0.056897360831
1413393239.105760574341,2,2.447941541672,0.805372655392,0.256657481194,0.071512639523,0.808706402779,-0.580458283424,-0.062834724784
1413393239.155760288239,2,2.441311120987,0.783314943314,0.257038712502,0.068881757557,0.808747828007,-0.580182671547,-0.067603863776
1413393239.205760478973,2,2.435457944870,0.761258602142,0.257546782494,0.066008470953,0.809322118759,-0.579275727272,-0.071275159717
1413393239.255760431290,2,2.430440425873,0.739005744457,0.258650064468,0.065212234855,0.809038519859,-0.579493582249,-0.073424927890
1413393239.305760622025,2,2.426198005676,0.716588735580,0.259805560112,0.064371936023,0.809394478798,-0.578793883324,-0.075725913048
1413393239.355760335922,2,2.423473119736,0.694226682186,0.261282920837,0.063670150936,0.810135602951,-0.577726244926,-0.076543770730
1413393239.405760526657,2,2.421372890472,0.671238958836,0.263347268105,0.064044065773,0.810295641422,-0.577393651009,-0.077045433223
1413393239.455760478973,2,2.420673370361,0.647939622402,0.266111969948,0.064813852310,0.810807645321,-0.576686441898,-0.076308183372
1413393239.505760431290,2,2.420348405838,0.624192237854,0.269471883774,0.063077926636,0.810871839523,-0.576512575150,-0.078367255628
1413393239.555760383606,2,2.423133850098,0.601081728935,0.273985862732,0.064719773829,0.811166822910,-0.576164722443,-0.076512441039
1413393239.605760574341,2,2.426163434982,0.576462149620,0.279963016510,0.066928729415,0.811547935009,-0.575909852982,-0.072376891971
1413393239.655760288239,2,2.430178165436,0.551286756992,0.286860346794,0.071725860238,0.811230421066,-0.576666474342,-0.064934723079
1413393239.705760478973,2,2.434503793716,0.525755524635,0.294374823570,0.079406179488,0.810699403286,-0.577510654926,-0.054246027023
1413393239.755760431290,2,2.438246488571,0.500217854977,0.301941871643,0.084860242903,0.810173809528,-0.578224301338,-0.045538283885
1413393239.805760622025,2,2.440436601639,0.474614471197,0.308683872223,0.088452190161,0.810002744198,-0.578324735165,-0.040153320879
1413393239.855760335922,2,2.440992832184,0.449305146933,0.314654231071,0.090579561889,0.810903966427,-0.576925456524,-0.037244666368
1413393239.905760526657,2,2.435944318771,0.421227306128,0.313615441322,0.089228086174,0.811553120613,-0.576119601727,-0.038809195161
1413393239.955760478973,2,2.434135437012,0.395718157291,0.318978786469,0.088071972132,0.811787009239,-0.575864076614,-0.040321577340
1413393240.005760431290,2,2.430897474289,0.369909614325,0.324483036995,0.084761723876,0.811342597008,-0.576659262180,-0.044753044844
1413393240.055760383606,2,2.426728248596,0.343854486942,0.330452322960,0.080569446087,0.810926556587,-0.577422380447,-0.049901235849
1413393240.105760574341,2,2.421665430069,0.317443281412,0.336745381355,0.075007304549,0.809863388538,-0.578977704048,-0.057271502912
1413393240.155760288239,2,2.416602611542,0.290813863277,0.342630505562,0.069960668683,0.809103906155,-0.580021858215,-0.063491202891
1413393240.205760478973,2,2.411945819855,0.264201760292,0.347032904625,0.066145062447,0.808353543282,-0.581066489220,-0.067462235689
1413393240.255760431290,2,2.408008813858,0.237846970558,0.348933935165,0.063641026616,0.808872997761,-0.580318152905,-0.070037424564
1413393240.305760622025,2,2.404976844788,0.211479425430,0.348615646362,0.063484899700,0.809138357639,-0.580063641071,-0.069217279553
1413393240.355760335922,2,2.399769067764,0.178920269012,0.342735946178,0.064950555563,0.809102356434,-0.580184578896,-0.067235864699
1413393240.405760526657,2,2.398621320724,0.152732342482,0.338518023491,0.067895263433,0.808864235878,-0.580695033073,-0.062628127635
1413393240.455760478973,2,2.397697925568,0.126145392656,0.332366347313,0.070408761501,0.808056533337,-0.581955790520,-0.058436509222
1413393240.505760431290,2,2.396960735321,0.099608480930,0.324668586254,0.074464820325,0.807741105556,-0.582460284233,-0.052434232086
1413393240.555760383606,2,2.395798921585,0.073015168309,0.317659318447,0.077611669898,0.807037949562,-0.583395421505,-0.048125054687
1413393240.605760574341,2,2.393966197968,0.046387806535,0.313041329384,0.080306559801,0.806604564190,-0.583913981915,-0.044547919184
1413393240.655760288239,2,2.390843868256,0.018763542175,0.310387372971,0.081661231816,0.806760251522,-0.583575367928,-0.043695289642
1413393240.705760478973,2,2.386294364929,-0.011479318142,0.311984002590,0.082142494619,0.807029128075,-0.583054482937,-0.044767808169
1413393240.755760431290,2,2.380583286285,-0.043080225587,0.315713942051,0.080838665366,0.806256771088,-0.583973586559,-0.048888746649
1413393240.805760622025,2,2.374356746674,-0.073178589344,0.321102976799,0.079214744270,0.804847180843,-0.585740089417,-0.053429465741
1413393240.855760335922,2,2.367420911789,-0.108074665070,0.323983013630,0.076978929341,0.802932143211,-0.588072001934,-0.059545364231
1413393240.905760526657,2,2.361207962036,-0.137813180685,0.330394864082,0.076644025743,0.800502061844,-0.591076374054,-0.062856562436
1413393240.955760478973,2,2.355320215225,-0.166028797626,0.333127319813,0.076256535947,0.797876715660,-0.594283580780,-0.066369198263
1413393241.005760431290,2,2.350110054016,-0.192964315414,0.332024812698,0.076014436781,0.795480489731,-0.597226977348,-0.068939745426
1413393241.055760383606,2,2.345222711563,-0.219565093517,0.328389465809,0.077587552369,0.793160438538,-0.600058317184,-0.069330699742
1413393241.105760574341,2,2.341282606125,-0.245077744126,0.321341812611,0.081160187721,0.792217016220,-0.601127862930,-0.066712729633
1413393241.155760288239,2,2.340266227722,-0.250015437603,0.296100258827,0.086123600602,0.790926575661,-0.602577567101,-0.062596380711
1413393241.205760478973,2,2.337227344513,-0.272050827742,0.283232510090,0.090981334448,0.791362524033,-0.601770341396,-0.057795215398
1413393241.255760431290,2,2.333945512772,-0.292849987745,0.269693851471,0.095554441214,0.792297482491,-0.600210249424,-0.053681317717
1413393241.305760622025,2,2.330083608627,-0.312348842621,0.255978018045,0.099327243865,0.794299662113,-0.597201943398,-0.050714600831
1413393241.355760335922,2,2.325306177139,-0.330551981926,0.241672784090,0.101123057306,0.799430072308,-0.590031266212,-0.050485815853
1413393241.405760526657,2,2.319548368454,-0.348048090935,0.228671461344,0.102764442563,0.802948832512,-0.584977984428,-0.050134178251
1413393241.455760478973,2,2.312568664551,-0.365102946758,0.216535687447,0.102478750050,0.805622994900,-0.581083476543,-0.053026355803
1413393241.505760431290,2,2.304766416550,-0.381588041782,0.206233382225,0.100061558187,0.806885480881,-0.579311251640,-0.057636313140
1413393241.555760383606,2,2.296159744263,-0.398252695799,0.196718990803,0.097203895450,0.806427598000,-0.579881489277,-0.062955193222
1413393241.605760574341,2,2.287279367447,-0.414939761162,0.188016206026,0.093604840338,0.804907262325,-0.581906557083,-0.068899862468
1413393241.655760288239,2,2.280079603195,-0.420538008213,0.186166316271,0.090545453131,0.804239094257,-0.582827925682,-0.072888031602
1413393241.705760478973,2,2.271342754364,-0.437672406435,0.177399039268,0.087247572839,0.802948653698,-0.584509015083,-0.077528193593
1413393241.755760431290,2,2.263304233551,-0.454625636339,0.169049113989,0.085866801441,0.802754104137,-0.584687829018,-0.079706378281
1413393241.805760622025,2,2.256052017212,-0.471375256777,0.161082983017,0.083730623126,0.803559899330,-0.583604097366,-0.081774391234
1413393241.855760335922,2,2.249692440033,-0.488108873367,0.153935998678,0.082288734615,0.804217815399,-0.582783162594,-0.082620255649
1413393241.905760526657,2,2.244143486023,-0.504955589771,0.148247301579,0.081372231245,0.803234994411,-0.584154963493,-0.083397820592
1413393241.955760478973,2,2.239929437637,-0.521276414394,0.143435239792,0.079172350466,0.801081359386,-0.587326407433,-0.083953030407
1413393242.005760431290,2,2.236900329590,-0.537300169468,0.138642370701,0.078132122755,0.799513339996,-0.589657247066,-0.083535291255
1413393242.055760383606,2,2.234619140625,-0.553241312504,0.134863168001,0.076443739235,0.796806335449,-0.593534529209,-0.083503320813
1413393242.105760574341,2,2.235396623611,-0.561918675900,0.135994821787,0.074388481677,0.794675171375,-0.596749901772,-0.082749024034
1413393242.155760288239,2,2.235877990723,-0.576725244522,0.133598893881,0.074735499918,0.791102647781,-0.601730048656,-0.080574594438
1413393242.205760478973,2,2.237609624863,-0.590199708939,0.132064834237,0.075242131948,0.787134528160,-0.607263684273,-0.077387385070
1413393242.255760431290,2,2.239896774292,-0.601938307285,0.130600646138,0.075270712376,0.784607529640,-0.610741615295,-0.075630612671
1413393242.305760622025,2,2.242760181427,-0.611775636673,0.129472434521,0.076242402196,0.783382654190,-0.612453520298,-0.073481358588
1413393242.355760335922,2,2.246609687805,-0.619579195976,0.128463655710,0.078322678804,0.784397602081,-0.611375272274,-0.069326959550
1413393242.405760526657,2,2.250889778137,-0.625497758389,0.127723366022,0.081596918404,0.787489414215,-0.607604742050,-0.063394151628
1413393242.455760478973,2,2.255422115326,-0.629613280296,0.127296760678,0.085891313851,0.792304933071,-0.601404666901,-0.056463450193
1413393242.505760431290,2,2.259519100189,-0.632639527321,0.127061754465,0.090734906495,0.798100888729,-0.593654632568,-0.048748292029
1413393242.555760383606,2,2.262676239014,-0.635111927986,0.127117410302,0.094115458429,0.803306341171,-0.586524546146,-0.042779799551
1413393242.605760574341,2,2.263164997101,-0.637708902359,0.128672882915,0.096930935979,0.807471573353,-0.580637276173,-0.038137264550
1413393242.655760288239,2,2.263737916946,-0.639969408512,0.129333153367,0.097793117166,0.810168027878,-0.576859652996,-0.036018289626
1413393242.705760478973,2,2.262609720230,-0.642820000648,0.130995988846,0.099326692522,0.810976207256,-0.575590312481,-0.033875834197
1413393242.755760431290,2,2.259995460510,-0.646144568920,0.133601516485,0.100865699351,0.810584008694,-0.576088726521,-0.030024863780
1413393242.805760622025,2,2.255750894547,-0.650051891804,0.136641994119,0.099317416549,0.809944510460,-0.577318191528,-0.028803627938
1413393242.855760335922,2,2.251056909561,-0.655514419079,0.141939237714,0.094526588917,0.809762179852,-0.578354775906,-0.029254203662
1413393242.905760526657,2,2.243494749069,-0.659706830978,0.144828438759,0.084108382463,0.809894323349,-0.579481184483,-0.034621283412
1413393242.955760478973,2,2.235086917877,-0.663880944252,0.147804334760,0.074084058404,0.811582982540,-0.578256368637,-0.038265749812
1413393243.005760431290,2,2.226475715637,-0.668236732483,0.151454001665,0.063454777002,0.813844442368,-0.576204121113,-0.040244404227
1413393243.055760383606,2,2.218143701553,-0.673203587532,0.155548229814,0.051927976310,0.815734982491,-0.574709951878,-0.039855167270
1413393243.105760574341,2,2.210016965866,-0.679012775421,0.159886077046,0.041284382343,0.817769408226,-0.572841584682,-0.037433851510
1413393243.155760288239,2,2.202826261520,-0.685742437840,0.165471822023,0.030539456755,0.818269729614,-0.573111891747,-0.032322101295
1413393243.205760478973,2,2.198868036270,-0.697026789188,0.174319952726,0.019003236666,0.816491186619,-0.576443612576,-0.026342228055
1413393243.255760431290,2,2.192148923874,-0.705335021019,0.181680798531,0.009657920338,0.812159240246,-0.582969129086,-0.021240605041
1413393243.305760622025,2,2.185699224472,-0.714010238647,0.187742352486,0.000868563307,0.807515442371,-0.589614152908,-0.016530681401
1413393243.355760335922,2,2.179497957230,-0.722762584686,0.191039204597,0.005600083154,-0.803987801075,0.594515740871,0.011111406609
1413393243.405760526657,2,2.172616004944,-0.734479069710,0.193294852972,0.010938343592,-0.800560772419,0.599107205868,0.007301949430
1413393243.455760478973,2,2.166898727417,-0.742299616337,0.192350178957,0.015795238316,-0.798446476460,0.601848959923,0.003407321172
1413393243.505760431290,2,2.161311149597,-0.749572873116,0.189019441605,0.019379416481,-0.796598911285,0.604197561741,-0.000038024678
1413393243.555760383606,2,2.155126571655,-0.754158139229,0.183452129364,0.022499756888,-0.795801758766,0.605131089687,-0.003129037796
1413393243.605760574341,2,2.149904727936,-0.759399294853,0.176156878471,0.025082560256,-0.795695781708,0.605153977871,-0.005281188525
1413393243.655760288239,2,2.144935846329,-0.763554453850,0.168590664864,0.027435055003,-0.796074807644,0.604540467262,-0.006570710335
1413393243.705760478973,2,2.140295267105,-0.766378223896,0.161376535892,0.029858017340,-0.797390520573,0.602682769299,-0.007097961381
1413393243.755760431290,2,2.135976076126,-0.768219351768,0.155379891396,0.031355019659,-0.799046039581,0.600401163101,-0.007800471969
1413393243.805760622025,2,2.132021427155,-0.769116878510,0.150362491608,0.032811749727,-0.800570130348,0.598292648792,-0.007539781276
1413393243.855760335922,2,2.128525018692,-0.769027769566,0.146708488464,0.033060662448,-0.801233530045,0.597369730473,-0.009021485224
1413393243.905760526657,2,2.125413656235,-0.768164396286,0.143810212612,0.033878833055,-0.801670551300,0.596742630005,-0.008644192480
1413393243.955760478973,2,2.122771501541,-0.767053127289,0.141911208630,0.034409705549,-0.801681876183,0.596695244312,-0.008776970208
1413393244.005760431290,2,2.120671272278,-0.765261173248,0.140734016895,0.034792128950,-0.801973700523,0.596281468868,-0.008728981949
1413393244.055760383606,2,2.118371725082,-0.761802911758,0.139915108681,0.035564616323,-0.801485776901,0.596905946732,-0.007687899284
1413393244.105760574341,2,2.117050647736,-0.758861362934,0.140173554420,0.036265403032,-0.801875472069,0.596352338791,-0.006668230519
1413393244.155760288239,2,2.116508960724,-0.755252242088,0.140704810619,0.037646729499,-0.802068829536,0.596009314060,-0.006418208592
1413393244.205760478973,2,2.117188453674,-0.750812888145,0.141292273998,0.040011033416,-0.801948130131,0.595991611481,-0.008500780910
1413393244.255760431290,2,2.118807315826,-0.745671510696,0.141967594624,0.044560074806,-0.802290081978,0.595168352127,-0.010945574380
1413393244.305760622025,2,2.121715545654,-0.739724755287,0.142481386662,0.050355505198,-0.802656531334,0.594147980213,-0.013966199942
1413393244.355760335922,2,2.125637531281,-0.733255982399,0.143080294132,0.057042174041,-0.802885949612,0.593099057674,-0.018815174699
1413393244.405760526657,2,2.130270242691,-0.726691246033,0.142889618874,0.062428869307,-0.801837503910,0.593797504902,-0.023744052276
1413393244.455760478973,2,2.135406494141,-0.719268262386,0.141299426556,0.066280432045,-0.800178647041,0.595369458199,-0.029264809564
1413393244.505760431290,2,2.140684604645,-0.710932493210,0.136843919754,0.069675073028,-0.799332439899,0.595803916454,-0.035082466900
1413393244.555760383606,2,2.147979736328,-0.703158020973,0.127078473568,0.071562990546,-0.798211276531,0.596758425236,-0.040211182088
1413393244.605760574341,2,2.153466701508,-0.693491339684,0.117007434368,0.073758982122,-0.798350274563,0.595969855785,-0.044905118644
1413393244.655760288239,2,2.159114837646,-0.683488428593,0.107097625732,0.075483493507,-0.798573672771,0.595113933086,-0.049211900681
1413393244.705760478973,2,2.164573669434,-0.672955572605,0.100422620773,0.077343083918,-0.797771811485,0.595695674419,-0.052201718092
1413393244.755760431290,2,2.169660568237,-0.660278022289,0.094319343567,0.076732918620,-0.798560082912,0.594261705875,-0.057156957686
1413393244.805760622025,2,2.174364566803,-0.649315834045,0.092664599419,0.075330466032,-0.798525810242,0.593975067139,-0.062253836542
1413393244.855760335922,2,2.178118228912,-0.638511061668,0.094472169876,0.074436627328,-0.799403548241,0.592494904995,-0.066053494811
1413393244.905760526657,2,2.182397365570,-0.625603139400,0.099968194962,0.073101408780,-0.799761891365,0.591935276985,-0.068189084530
1413393244.955760478973,2,2.184657096863,-0.614492774010,0.108443140984,0.073235370219,-0.799356460571,0.592432677746,-0.068479523063
1413393245.005760431290,2,2.185648918152,-0.602587223053,0.116866588593,0.075078018010,-0.800759136677,0.590596854687,-0.065905787051
1413393245.055760383606,2,2.185801506042,-0.590815007687,0.125816464424,0.075780995190,-0.802973270416,0.587727427483,-0.063777983189
1413393245.105760574341,2,2.185311317444,-0.578892409801,0.132609248161,0.077240116894,-0.805631399155,0.584167838097,-0.061155021191
1413393245.155760288239,2,2.184279680252,-0.567152857780,0.137018978596,0.077598549426,-0.808668017387,0.580085754395,-0.059456892312
1413393245.205760478973,2,2.182721138000,-0.555432081223,0.139080524445,0.077949009836,-0.811716973782,0.575941979885,-0.057710271329
1413393245.255760431290,2,2.180974006653,-0.543785870075,0.138571977615,0.079040527344,-0.812992870808,0.574203252792,-0.055549670011
1413393245.305760622025,2,2.179334163666,-0.532918810844,0.135236084461,0.080008715391,-0.813791692257,0.573144733906,-0.053355492651
1413393245.355760335922,2,2.177822113037,-0.522622466087,0.129697382450,0.081369355321,-0.813341259956,0.573800325394,-0.051070429385
1413393245.405760526657,2,2.178952217102,-0.512364387512,0.121912062168,0.082688651979,-0.813238561153,0.573935806751,-0.049023196101
1413393245.455760478973,2,2.177474498749,-0.504156827927,0.112815201283,0.084042318165,-0.811691641808,0.576125204563,-0.046620260924
1413393245.505760431290,2,2.176465511322,-0.495866060257,0.101762473583,0.084993757308,-0.810455620289,0.577865779400,-0.044821843505
1413393245.555760383606,2,2.175942659378,-0.487755030394,0.090600490570,0.085971012712,-0.808447003365,0.580694794655,-0.042614195496
1413393245.605760574341,2,2.175899028778,-0.479622244835,0.079783976078,0.086506120861,-0.806622445583,0.583302855492,-0.040431726724
1413393245.655760288239,2,2.176864624023,-0.470552831888,0.069167852402,0.086970157921,-0.805130779743,0.585425555706,-0.038439974189
1413393245.705760478973,2,2.178275823593,-0.461763083935,0.059352755547,0.087431974709,-0.804250180721,0.586738348007,-0.035715043545
1413393245.755760431290,2,2.181120395660,-0.451613545418,0.049516677856,0.086761698127,-0.804677009583,0.586375534534,-0.033632442355
1413393245.805760622025,2,2.184061050415,-0.442265629768,0.041059374809,0.085191972554,-0.805422663689,0.585644423962,-0.032517060637
1413393245.855760335922,2,2.187868118286,-0.433145582676,0.033830940723,0.082217052579,-0.805890977383,0.585375487804,-0.033401612192
1413393245.905760526657,2,2.193910121918,-0.426518708467,0.025154590607,0.078462690115,-0.807236552238,0.583931744099,-0.035165015608
1413393245.955760478973,2,2.199045419693,-0.417490184307,0.020144283772,0.073755927384,-0.808825194836,0.582107663155,-0.038893118501
1413393246.005760431290,2,2.204530715942,-0.408464878798,0.015317201614,0.068023279309,-0.811509549618,0.578682243824,-0.044181279838
1413393246.055760383606,2,2.209711074829,-0.399860084057,0.010873675346,0.062038239092,-0.814009964466,0.575352489948,-0.050086438656
1413393246.105760574341,2,2.214113235474,-0.391719520092,0.005750834942,0.056669577956,-0.816891014576,0.571406602859,-0.054516635835
1413393246.155760288239,2,2.217365264893,-0.384515643120,0.000559270382,0.053290609270,-0.818482041359,0.569017469883,-0.058875128627
1413393246.205760478973,2,2.219826698303,-0.378608793020,-0.003807425499,0.054001782089,-0.818050503731,0.569283902645,-0.061588346958
1413393246.255760431290,2,2.220865249634,-0.373616695404,-0.009084999561,0.058623157442,-0.816545188427,0.570934653282,-0.062055625021
1413393246.305760622025,2,2.221295595169,-0.369381219149,-0.014106333256,0.067834652960,-0.813725650311,0.574119329453,-0.060300510377
1413393246.355760335922,2,2.220931053162,-0.365700453520,-0.019079744816,0.078485026956,-0.810176968575,0.577971339226,-0.058330509812
1413393246.405760526657,2,2.218637704849,-0.361029267311,-0.025187015533,0.087635025382,-0.806116580963,0.582388699055,-0.057616572827
1413393246.455760478973,2,2.218409061432,-0.358511745930,-0.027774512768,0.095690324903,-0.802324831486,0.586315393448,-0.057901263237
1413393246.505760431290,2,2.217832803726,-0.355306088924,-0.031185388565,0.101949781179,-0.799454510212,0.589032471180,-0.059326127172
1413393246.555760383606,2,2.217078685760,-0.351342350245,-0.035135030746,0.107455052435,-0.797349750996,0.590798318386,-0.060367502272
1413393246.605760574341,2,2.216632127762,-0.347166180611,-0.038835048676,0.112345136702,-0.796572208405,0.590840935707,-0.061305601150
1413393246.655760288239,2,2.216347455978,-0.342214345932,-0.042748570442,0.115469425917,-0.797389030457,0.589015781879,-0.062433637679
1413393246.705760478973,2,2.216455936432,-0.336829364300,-0.046373128891,0.118276268244,-0.797809064388,0.587842106819,-0.062874384224
1413393246.755760431290,2,2.216877222061,-0.331019848585,-0.049880862236,0.120098464191,-0.797977507114,0.587140798569,-0.063827574253
1413393246.805760622025,2,2.217762708664,-0.325141787529,-0.053611397743,0.121662057936,-0.797565102577,0.587361454964,-0.063991151750
1413393246.855760335922,2,2.219375133514,-0.318886756897,-0.058121323586,0.123161472380,-0.797317922115,0.587342739105,-0.064373537898
1413393246.905760526657,2,2.218399763107,-0.307312786579,-0.068526387215,0.124319866300,-0.795707345009,0.589193522930,-0.065157614648
1413393246.955760478973,2,2.220949172974,-0.300413072109,-0.074601292610,0.125211372972,-0.794110715389,0.590951204300,-0.066985547543
1413393247.005760431290,2,2.224007606506,-0.292723327875,-0.082034707069,0.126620918512,-0.793732404709,0.591045856476,-0.067977353930
1413393247.055760383606,2,2.227700233459,-0.284303367138,-0.090307116508,0.127729281783,-0.793640315533,0.590799510479,-0.069111265242
1413393247.105760574341,2,2.232145547867,-0.275415301323,-0.099176883698,0.128920301795,-0.793414711952,0.590702593327,-0.070307753980
1413393247.155760288239,2,2.237391948700,-0.266016334295,-0.108689785004,0.129494026303,-0.793995976448,0.589537382126,-0.072439230978
1413393247.205760478973,2,2.243025064468,-0.256021142006,-0.119383335114,0.129697307944,-0.795909047127,0.586532056332,-0.075415574014
1413393247.255760431290,2,2.248594760895,-0.244349434972,-0.129619598389,0.129582583904,-0.799608111382,0.581126570702,-0.078277222812
1413393247.305760622025,2,2.254301548004,-0.233578562737,-0.142214298248,0.129329994321,-0.804305613041,0.574236929417,-0.081353142858
1413393247.355760335922,2,2.260147094727,-0.223405987024,-0.155179142952,0.129353806376,-0.809359550476,0.566745638847,-0.083691149950
1413393247.405760526657,2,2.267583847046,-0.219872549176,-0.169024705887,0.128435984254,-0.813156664371,0.560961425304,-0.087194323540
1413393247.455760478973,2,2.273739337921,-0.212207913399,-0.181349992752,0.128700375557,-0.816122531891,0.556170046329,-0.089751057327
1413393247.505760431290,2,2.280013561249,-0.206427544355,-0.192667007446,0.126735940576,-0.818220078945,0.552809298038,-0.094105906785
1413393247.555760383606,2,2.285593986511,-0.202712237835,-0.203950405121,0.126739546657,-0.819641828537,0.550324738026,-0.096265904605
1413393247.605760574341,2,2.290873050690,-0.199118778110,-0.214273214340,0.125151574612,-0.821018517017,0.547831237316,-0.100730232894
1413393247.655760288239,2,2.295645713806,-0.199370697141,-0.225009560585,0.124641284347,-0.821288883686,0.546920180321,-0.104055292904
1413393247.705760478973,2,2.298690319061,-0.196869537234,-0.235673904419,0.125436976552,-0.820701539516,0.547306895256,-0.105687566102
1413393247.755760431290,2,2.302244663239,-0.202071130276,-0.246505498886,0.125017926097,-0.819707334042,0.548062860966,-0.109898298979
1413393247.805760622025,2,2.304964542389,-0.209610730410,-0.257074832916,0.125047340989,-0.819859385490,0.547110855579,-0.113417111337
1413393247.855760335922,2,2.306693077087,-0.219520509243,-0.266107916832,0.124119669199,-0.817861855030,0.549425482750,-0.117592923343
1413393247.905760526657,2,2.307647705078,-0.232363581657,-0.272886633873,0.122575536370,-0.811859786510,0.557345926762,-0.123387619853
1413393247.955760478973,2,2.306872129440,-0.247360616922,-0.278607726097,0.124449871480,-0.803297936916,0.569143891335,-0.123692899942
1413393248.005760431290,2,2.304568767548,-0.262686938047,-0.285716176033,0.126369774342,-0.795482516289,0.579812288284,-0.122703261673
1413393248.055760383606,2,2.301178932190,-0.277219265699,-0.292101264000,0.129483610392,-0.789154589176,0.588131666183,-0.120707139373
1413393248.105760574341,2,2.295568704605,-0.291033387184,-0.299456477165,0.132744356990,-0.784842193127,0.593802571297,-0.117474533617
1413393248.155760288239,2,2.287851333618,-0.303471058607,-0.304202556610,0.134816288948,-0.781941294670,0.597513914108,-0.115627177060
1413393248.205760478973,2,2.279082775116,-0.315668106079,-0.308070302010,0.138064995408,-0.781169891357,0.598429620266,-0.112221747637
1413393248.255760431290,2,2.269230842590,-0.326277464628,-0.310855627060,0.139504477382,-0.783217489719,0.595924794674,-0.109465070069
1413393248.305760622025,2,2.258912086487,-0.336320728064,-0.312944054604,0.142061665654,-0.786148250103,0.592259287834,-0.104969196022
1413393248.355760335922,2,2.248411178589,-0.345519870520,-0.312251806259,0.142622768879,-0.787006974220,0.591278493404,-0.103288829327
1413393248.405760526657,2,2.237940788269,-0.354181230068,-0.308988094330,0.142189800739,-0.786711633205,0.592169880867,-0.101003877819
1413393248.455760478973,2,2.227509260178,-0.361302226782,-0.304044365883,0.140918329358,-0.784247457981,0.595780253410,-0.100717425346
1413393248.505760431290,2,2.216806411743,-0.368265807629,-0.297708749771,0.138601049781,-0.780870556831,0.600606143475,-0.101504966617
1413393248.555760383606,2,2.204789876938,-0.368458420038,-0.299993276596,0.135478168726,-0.778311312199,0.604579567909,-0.101787954569
1413393248.605760574341,2,2.192679405212,-0.372221738100,-0.293516516685,0.133499234915,-0.774719417095,0.609564781189,-0.102071620524
1413393248.655760288239,2,2.180151939392,-0.368705064058,-0.281285405159,0.131114721298,-0.774115741253,0.610939204693,-0.101524092257
1413393248.705760478973,2,2.166670322418,-0.368643999100,-0.273501992226,0.130300983787,-0.774463415146,0.611095786095,-0.098945252597
1413393248.755760431290,2,2.152016162872,-0.364444911480,-0.260277867317,0.130322009325,-0.777697443962,0.607473850250,-0.095803610981
1413393248.805760622025,2,2.137583494186,-0.361179232597,-0.250327944756,0.130027979612,-0.781064033508,0.603708982468,-0.092559635639
1413393248.855760335922,2,2.122686386108,-0.356336772442,-0.240820765495,0.130420356989,-0.786774456501,0.596890747547,-0.087738089263
1413393248.905760526657,2,2.107857227325,-0.350686013699,-0.232161879539,0.130103513598,-0.794522702694,0.587153792381,-0.084007032216
1413393248.955760478973,2,2.093037843704,-0.345061689615,-0.225359678268,0.129431322217,-0.801745295525,0.577984809875,-0.079909928143
1413393249.005760431290,2,2.078779459000,-0.340534001589,-0.220719814301,0.128301396966,-0.807458102703,0.570621728897,-0.077078647912
1413393249.055760383606,2,2.064916610718,-0.336609929800,-0.218940258026,0.126876428723,-0.811206877232,0.565934658051,-0.074591331184
1413393249.105760574341,2,2.053502082825,-0.333719491959,-0.214109539986,0.124870397151,-0.813549160957,0.563282787800,-0.072509959340
1413393249.155760288239,2,2.041468143463,-0.331335455179,-0.215108036995,0.122657425702,-0.814332485199,0.562831878662,-0.070979692042
1413393249.205760478973,2,2.030250072479,-0.329796642065,-0.218267321587,0.120789036155,-0.813209116459,0.564992487431,-0.069889396429
1413393249.255760431290,2,2.019636392593,-0.329268276691,-0.222153425217,0.119426988065,-0.811674892902,0.567684888840,-0.068227738142
1413393249.305760622025,2,2.009952068329,-0.329852491617,-0.224394917488,0.117653094232,-0.810275077820,0.570146143436,-0.067420296371
1413393249.355760335922,2,2.000340938568,-0.330748200417,-0.227363348007,0.118034221232,-0.808975219727,0.572155356407,-0.065310202539
1413393249.405760526657,2,1.991631627083,-0.332145959139,-0.230539202690,0.118751510978,-0.807593524456,0.574206650257,-0.063068255782
1413393249.455760478973,2,1.984051108360,-0.334137171507,-0.232683897018,0.121420606971,-0.806449532509,0.575696349144,-0.058906983584
1413393249.505760431290,2,1.977405786514,-0.335910856724,-0.235166192055,0.125281557441,-0.805056750774,0.577241539955,-0.054593887180
1413393249.555760383606,2,1.971237421036,-0.339088946581,-0.238769948483,0.131364703178,-0.803744852543,0.578205943108,-0.049148172140
1413393249.605760574341,2,1.967462420464,-0.340630143881,-0.243167757988,0.136686399579,-0.802560210228,0.579041182995,-0.043878115714
1413393249.655760288239,2,1.965906977654,-0.342061161995,-0.248171746731,0.140069916844,-0.800366759300,0.581423044205,-0.041723128408
1413393249.705760478973,2,1.966782808304,-0.343333035707,-0.254243075848,0.139771923423,-0.799122810364,0.582982003689,-0.044705886394
1413393249.755760431290,2,1.969441890717,-0.344252496958,-0.263046860695,0.138609722257,-0.798679292202,0.583533406258,-0.048862114549
1413393249.805760622025,2,1.973355054855,-0.344561040401,-0.272133111954,0.136780157685,-0.797985553741,0.584451735020,-0.054096467793
1413393249.855760335922,2,1.978854775429,-0.344939738512,-0.281108856201,0.134921997786,-0.796858906746,0.586017966270,-0.058265648782
1413393249.905760526657,2,1.985431909561,-0.344831049442,-0.290162324905,0.133578091860,-0.796147584915,0.586889684200,-0.062181197107
1413393249.955760478973,2,1.992586255074,-0.344039201736,-0.299448013306,0.133135244250,-0.796418726444,0.586350142956,-0.064698599279
1413393250.005760431290,2,2.000555515289,-0.342897146940,-0.308359265327,0.131804108620,-0.798527181149,0.583606362343,-0.066225081682
1413393250.055760383606,2,2.008156776428,-0.329139709473,-0.318470716476,0.130209788680,-0.800313174725,0.581529259682,-0.066090568900
1413393250.105760574341,2,2.017822265625,-0.327420830727,-0.326085090637,0.130064666271,-0.803101360798,0.577784240246,-0.065397024155
1413393250.155760288239,2,2.028149127960,-0.326107680798,-0.333493947983,0.128796488047,-0.805010080338,0.575450420380,-0.065015405416
1413393250.205760478973,2,2.039371013641,-0.325358688831,-0.340381622314,0.127127915621,-0.806298673153,0.573967158794,-0.065442733467
1413393250.255760431290,2,2.051388025284,-0.325464218855,-0.346755981445,0.125318884850,-0.805475473404,0.575546741486,-0.065195359290
1413393250.305760622025,2,2.064058542252,-0.325964659452,-0.353178501129,0.123586654663,-0.804504394531,0.577367722988,-0.064386464655
1413393250.355760335922,2,2.076633930206,-0.323096334934,-0.358184933662,0.120431087911,-0.802301287651,0.581019282341,-0.065005570650
1413393250.405760526657,2,2.090795278549,-0.323928445578,-0.362909317017,0.116485320032,-0.800475299358,0.584113001823,-0.066951178014
1413393250.455760478973,2,2.105466127396,-0.324455827475,-0.367094755173,0.112431876361,-0.797505915165,0.588528513908,-0.070552609861
1413393250.505760431290,2,2.120269775391,-0.324570745230,-0.370753169060,0.107393473387,-0.794427514076,0.592961251736,-0.075818985701
1413393250.555760383606,2,2.134719371796,-0.324056655169,-0.373965978622,0.102585934103,-0.791132032871,0.597393214703,-0.081899642944
1413393250.605760574341,2,2.148302078247,-0.322866141796,-0.377741336823,0.099033594131,-0.789253771305,0.599784553051,-0.086772158742
1413393250.655760288239,2,2.159562110901,-0.321440279484,-0.384744882584,0.098145782948,-0.788715302944,0.600424587727,-0.088237725198
1413393250.705760478973,2,2.170890808105,-0.318238109350,-0.388634562492,0.097320199013,-0.790018737316,0.598624289036,-0.089712083340
1413393250.755760431290,2,2.181136846542,-0.314293235540,-0.392017841339,0.097851656377,-0.791869163513,0.596002280712,-0.090275272727
1413393250.805760622025,2,2.190279483795,-0.309700101614,-0.395657777786,0.097969233990,-0.796087145805,0.590206384659,-0.091125249863
1413393250.855760335922,2,2.198603868484,-0.305118232965,-0.398879528046,0.098728016019,-0.799812138081,0.584994435310,-0.091295219958
1413393250.905760526657,2,2.205480098724,-0.300881206989,-0.401367664337,0.100650452077,-0.802703619003,0.581020832062,-0.089169703424
1413393250.955760478973,2,2.210570335388,-0.300052136183,-0.405752778053,0.101498067379,-0.805341959000,0.577591717243,-0.086662255228
1413393251.005760431290,2,2.215235471725,-0.297121465206,-0.406826496124,0.101004831493,-0.808161079884,0.574279844761,-0.082924626768
1413393251.055760383606,2,2.219188213348,-0.295509815216,-0.406676173210,0.098998829722,-0.809317231178,0.573679804802,-0.078079089522
1413393251.105760574341,2,2.222980499268,-0.295392245054,-0.405936241150,0.094001628458,-0.809802412987,0.574519395828,-0.072879157960
1413393251.155760288239,2,2.225903511047,-0.296375989914,-0.403696179390,0.087047129869,-0.809238970280,0.577142298222,-0.066797643900
1413393251.205760478973,2,2.228224277496,-0.298209100962,-0.401408195496,0.077131420374,-0.808382451534,0.580496668816,-0.059935458004
1413393251.255760431290,2,2.229809284210,-0.300465494394,-0.398398578167,0.065954275429,-0.807181000710,0.584348022938,-0.051442582160
1413393251.305760622025,2,2.231003761292,-0.303386241198,-0.395833849907,0.054068613797,-0.806210100651,0.587636590004,-0.042251162231
1413393251.355760335922,2,2.231618165970,-0.306688636541,-0.391611158848,0.040590368211,-0.804264128208,0.591990709305,-0.032537024468
1413393251.405760526657,2,2.231993913651,-0.309094905853,-0.386972904205,0.027156369761,-0.802679538727,0.595368206501,-0.022470489144
1413393251.455760478973,2,2.233421564102,-0.309963315725,-0.381597340107,0.013159126043,-0.800109803677,0.599581658840,-0.012373956852
1413393251.505760431290,2,2.232537269592,-0.311063796282,-0.376652240753,0.000718926720,0.797284305096,-0.603596806526,0.002843595808
1413393251.555760383606,2,2.231525182724,-0.311550080776,-0.370431482792,0.013160048053,0.794329822063,-0.607298195362,-0.007474303246
1413393251.605760574341,2,2.230490207672,-0.310816794634,-0.363574266434,0.025738395751,0.791426479816,-0.610503494740,-0.016349211335
1413393251.655760288239,2,2.229438066483,-0.309139311314,-0.355706781149,0.038027666509,0.788357675076,-0.613519012928,-0.025309583172
1413393251.705760478973,2,2.228129386902,-0.305743843317,-0.347910642624,0.049822952598,0.785742104053,-0.615584492683,-0.034392334521
1413393251.755760431290,2,2.226938962936,-0.300448656082,-0.340239852667,0.061203707010,0.784258902073,-0.615880131721,-0.043403942138
1413393251.805760622025,2,2.225684404373,-0.293355911970,-0.332766532898,0.072536647320,0.784438371658,-0.613709807396,-0.052490878850
1413393251.855760335922,2,2.222800970078,-0.287064552307,-0.324415475130,0.083884634078,0.787067353725,-0.608169734478,-0.060150410980
1413393251.905760526657,2,2.221528291702,-0.276712238789,-0.317240804434,0.095011249185,0.791529476643,-0.599857866764,-0.068004123867
1413393251.955760478973,2,2.220169067383,-0.265554696321,-0.309830039740,0.105256512761,0.795947611332,-0.591114223003,-0.077282525599
1413393252.005760431290,2,2.218867301941,-0.254116237164,-0.301906973124,0.114022791386,0.798938214779,-0.583933651447,-0.087852746248
1413393252.055760383606,2,2.217987060547,-0.242679342628,-0.293644994497,0.123138673604,0.801284670830,-0.577371239662,-0.097067788243
1413393252.105760574341,2,2.217593669891,-0.231734469533,-0.284278035164,0.133549734950,0.801599144936,-0.573382198811,-0.104097388685
1413393252.155760288239,2,2.217584609985,-0.221379220486,-0.274412870407,0.143570154905,0.800503194332,-0.571279227734,-0.110554881394
1413393252.205760478973,2,2.217695951462,-0.211610406637,-0.264838993549,0.153971865773,0.799076020718,-0.569486320019,-0.115998424590
1413393252.255760431290,2,2.216675758362,-0.204275771976,-0.256546497345,0.163801744580,0.796453177929,-0.568906605244,-0.123193688691
1413393252.305760622025,2,2.216244697571,-0.196162313223,-0.246279776096,0.173108696938,0.793662190437,-0.568561732769,-0.129889935255
1413393252.355760335922,2,2.216002941132,-0.188507437706,-0.236385405064,0.182756111026,0.791079223156,-0.567719042301,-0.135974660516
1413393252.405760526657,2,2.215948820114,-0.181055814028,-0.227396726608,0.194022804499,0.788752973080,-0.565953135490,-0.141142040491
1413393252.455760478973,2,2.216152667999,-0.173931479454,-0.220264673233,0.205094143748,0.788154602051,-0.562062740326,-0.144341006875
1413393252.505760431290,2,2.216979503632,-0.167196363211,-0.214831590652,0.214983016253,0.786769330502,-0.559945344925,-0.145730853081
1413393252.555760383606,2,2.217409133911,-0.160915240645,-0.212089180946,0.222122818232,0.785009384155,-0.558792412281,-0.148905858397
1413393252.605760574341,2,2.217467308044,-0.155445128679,-0.211562514305,0.227079957724,0.783465623856,-0.558203995228,-0.151738420129
1413393252.655760288239,2,2.216845035553,-0.150554284453,-0.212535977364,0.231227278709,0.781954348087,-0.557688772678,-0.155127629638
1413393252.705760478973,2,2.215640068054,-0.145978078246,-0.215464472771,0.235225379467,0.780882060528,-0.556379675865,-0.159166350961
1413393252.755760431290,2,2.215277671814,-0.140128597617,-0.216791391373,-0.237738341093,-0.779108881950,0.555995047092,0.165346324444
1413393252.805760622025,2,2.212520360947,-0.136439636350,-0.219806551933,-0.240439370275,-0.777218461037,0.555491805077,0.171899288893
1413393252.855760335922,2,2.209480285645,-0.133035287261,-0.222249746323,-0.243158668280,-0.775215327740,0.554830789566,0.179103031754
1413393252.905760526657,2,2.206680774689,-0.129868179560,-0.224031448364,-0.245964840055,-0.772945225239,0.554678380489,0.185442775488
1413393252.955760478973,2,2.204202651978,-0.126904383302,-0.225184559822,-0.247442319989,-0.771074473858,0.554367363453,0.192076176405
1413393253.005760431290,2,2.202288627625,-0.124203994870,-0.225740313530,-0.249024987221,-0.770282685757,0.552803814411,0.197633832693
1413393253.055760383606,2,2.201249361038,-0.121924728155,-0.225463747978,-0.249999940395,-0.770385563374,0.550443470478,0.202529326081
1413393253.105760574341,2,2.201328754425,-0.120128676295,-0.224785923958,-0.251740038395,-0.771238625050,0.547176003456,0.205952659249
1413393253.155760288239,2,2.202340364456,-0.119372189045,-0.223916530609,-0.255008399487,-0.774021923542,0.542019367218,0.205124258995
1413393253.205760478973,2,2.203837871552,-0.119673207402,-0.222889184952,-0.258644312620,-0.776605010033,0.537284731865,0.203255936503
1413393253.255760431290,2,2.206485271454,-0.118074245751,-0.221319079399,-0.263157159090,-0.778884589672,0.533028244972,0.199920117855
1413393253.305760622025,2,2.207906246185,-0.121463254094,-0.219312429428,-0.266280055046,-0.780947625637,0.529664516449,0.196650296450
1413393253.355760335922,2,2.208751678467,-0.126472502947,-0.216881632805,-0.268583595753,-0.781985998154,0.527857661247,0.194234639406
1413393253.405760526657,2,2.208892822266,-0.133176699281,-0.213890552521,0.271413564682,0.781494677067,-0.527913510799,-0.192114964128
1413393253.455760478973,2,2.208303213120,-0.141308799386,-0.210434794426,0.272537767887,0.780864000320,-0.528829514980,-0.190562382340
1413393253.505760431290,2,2.206930160522,-0.150825738907,-0.206299304962,-0.273134887218,-0.779399275780,0.530798316002,0.190229699016
1413393253.555760383606,2,2.204625606537,-0.161682605743,-0.201645374298,-0.273851335049,-0.777769982815,0.532901823521,0.189986720681
1413393253.605760574341,2,2.201488494873,-0.173622801900,-0.195794582367,-0.272638171911,-0.775190949440,0.537112772465,0.190413802862
1413393253.655760288239,2,2.197654008865,-0.186783581972,-0.189610362053,-0.271004527807,-0.772670388222,0.540963292122,0.192082807422
1413393253.705760478973,2,2.193010330200,-0.200432449579,-0.182925462723,-0.269691735506,-0.770681619644,0.544134497643,0.192961066961
1413393253.755760431290,2,2.187588691711,-0.215364515781,-0.176413893700,-0.266686439514,-0.769497156143,0.546642005444,0.194769322872
1413393253.805760622025,2,2.181720972061,-0.230039536953,-0.169380664825,-0.266498178244,-0.768002569675,0.548441231251,0.195865079761
1413393253.855760335922,2,2.175924301147,-0.245043680072,-0.161881566048,-0.267589420080,-0.767266988754,0.548805415630,0.196239188313
1413393253.905760526657,2,2.170094966888,-0.260254442692,-0.153980612755,-0.269614636898,-0.766158282757,0.548976838589,0.197316929698
1413393253.955760478973,2,2.165236949921,-0.275486230850,-0.145656943321,-0.273388057947,-0.764818489552,0.548374772072,0.198989450932
1413393254.005760431290,2,2.159657955170,-0.290409713984,-0.133488059044,-0.278022944927,-0.762916207314,0.548142135143,0.200505062938
1413393254.055760383606,2,2.152779340744,-0.306322813034,-0.123991012573,-0.283173322678,-0.761039853096,0.546915411949,0.203751683235
1413393254.105760574341,2,2.145688533783,-0.322175383568,-0.113895654678,-0.289531558752,-0.758444011211,0.545953810215,0.207047551870
1413393254.155760288239,2,2.138220787048,-0.338152140379,-0.103371500969,-0.296294242144,-0.754959166050,0.545548915863,0.211240887642
1413393254.205760478973,2,2.130556583405,-0.353931307793,-0.092778921127,-0.303744137287,-0.751672387123,0.543990850449,0.216338261962
1413393254.255760431290,2,2.123318195343,-0.369197219610,-0.081186056137,-0.310834914446,-0.748228073120,0.542919456959,0.220850542188
1413393254.305760622025,2,2.115968227386,-0.383988976479,-0.069342017174,-0.315572261810,-0.745843946934,0.540354013443,0.228360638022
1413393254.355760335922,2,2.108899116516,-0.398585051298,-0.057430863380,-0.319167286158,-0.744779765606,0.536467432976,0.235877260566
1413393254.405760526657,2,2.103027820587,-0.410160601139,-0.042492866516,-0.321040183306,-0.745433628559,0.531038820744,0.243433311582
1413393254.455760478973,2,2.096088886261,-0.425152599812,-0.030645251274,-0.324129611254,-0.746872007847,0.524558067322,0.248919919133
1413393254.505760431290,2,2.089641094208,-0.441011667252,-0.018602728844,-0.326200395823,-0.748352289200,0.518719136715,0.253954112530
1413393254.555760383606,2,2.083877086639,-0.458140313625,-0.005942344666,-0.329743027687,-0.748486280441,0.515708386898,0.255113035440
1413393254.605760574341,2,2.078465938568,-0.476374298334,0.006116747856,-0.333438336849,-0.748734533787,0.512872219086,0.255299121141
1413393254.655760288239,2,2.073299169540,-0.495887309313,0.018029689789,-0.336858153343,-0.747675716877,0.512811064720,0.254032254219
1413393254.705760478973,2,2.067975759506,-0.516830444336,0.030649185181,-0.338551819324,-0.744343757629,0.516729176044,0.253625869751
1413393254.755760431290,2,2.062774419785,-0.538525044918,0.043273806572,-0.340007066727,-0.740087866783,0.521895170212,0.253555983305
1413393254.805760622025,2,2.057691097260,-0.560092389584,0.055273056030,-0.340197563171,-0.736909449100,0.526351451874,0.253346085548
1413393254.855760335922,2,2.052937030792,-0.581899821758,0.066421270370,-0.339946091175,-0.734858632088,0.529710233212,0.252639353275
1413393254.905760526657,2,2.047605991364,-0.601233720779,0.076478958130,-0.339510083199,-0.732238471508,0.533790051937,0.252245783806
1413393254.955760478973,2,2.043249130249,-0.623031795025,0.087385296822,-0.338951557875,-0.731180369854,0.535962820053,0.251457750797
1413393255.005760431290,2,2.039240360260,-0.644239068031,0.097615003586,-0.338146328926,-0.731017231941,0.536980390549,0.250844657421
1413393255.055760383606,2,2.035528659821,-0.665137469769,0.107753992081,-0.338424861431,-0.730083346367,0.538935005665,0.248990029097
1413393255.105760574341,2,2.032063961029,-0.685555279255,0.117599606514,-0.338949680328,-0.729111731052,0.541010916233,0.246609821916
1413393255.155760288239,2,2.028625011444,-0.705175161362,0.126772403717,-0.340462148190,-0.727954506874,0.543283820152,0.242920964956
1413393255.205760478973,2,2.024473428726,-0.719788134098,0.132261991501,-0.341961532831,-0.726898491383,0.545668303967,0.238593667746
1413393255.255760431290,2,2.021098375320,-0.737401545048,0.140163660049,-0.343155860901,-0.726176142693,0.547248125076,0.235439673066
1413393255.305760622025,2,2.017564296722,-0.753832161427,0.146873354912,-0.344087302685,-0.725908637047,0.548229753971,0.232604533434
1413393255.355760335922,2,2.013454914093,-0.769033074379,0.152562975883,-0.344947069883,-0.725882470608,0.548513948917,0.230735242367
1413393255.405760526657,2,2.008667469025,-0.783028185368,0.157366871834,-0.345595330000,-0.725389897823,0.549283981323,0.229478865862
1413393255.455760478973,2,2.003241062164,-0.795752644539,0.161528587341,-0.346122771502,-0.725260913372,0.549443721771,0.228707820177
1413393255.505760431290,2,1.996907830238,-0.807419419289,0.165679574013,-0.346812248230,-0.724879980087,0.549511134624,0.228709295392
1413393255.555760383606,2,1.989736795425,-0.817828536034,0.169820189476,-0.347168236971,-0.725111126900,0.548507511616,0.229842692614
1413393255.605760574341,2,1.981864094734,-0.827231585979,0.174024462700,-0.347701013088,-0.725479960442,0.547017514706,0.231418803334
1413393255.655760288239,2,1.973371148109,-0.835296750069,0.177650809288,-0.348353147507,-0.725684404373,0.545549929142,0.233254238963
1413393255.705760478973,2,1.960982561111,-0.851180791855,0.178876638412,-0.349483221769,-0.726209282875,0.543444573879,0.234839692712
1413393255.755760431290,2,1.952018499374,-0.857088923454,0.180672645569,-0.350665450096,-0.727814257145,0.539883017540,0.236318826675
1413393255.805760622025,2,1.942620873451,-0.862182497978,0.182073593140,-0.351763993502,-0.728914499283,0.536719560623,0.238491103053
1413393255.855760335922,2,1.933006048203,-0.866668581963,0.182519674301,-0.353282451630,-0.731536626816,0.531548321247,0.239796146750
1413393255.905760526657,2,1.922960042953,-0.870793461800,0.183192968369,-0.353006184101,-0.734495520592,0.526216268539,0.242897942662
1413393255.955760478973,2,1.912246823311,-0.875230371952,0.184020996094,-0.351365387440,-0.736452341080,0.522245109081,0.247872009873
1413393256.005760431290,2,1.901206374168,-0.880386769772,0.184628248215,-0.350234717131,-0.737956523895,0.519015312195,0.251751750708
1413393256.055760383606,2,1.889807701111,-0.886477410793,0.184794783592,-0.348953634501,-0.738610029221,0.517133891582,0.255458831787
1413393256.105760574341,2,1.878341078758,-0.893591642380,0.183736205101,-0.348845869303,-0.738622605801,0.515897572041,0.258056044579
1413393256.155760288239,2,1.865636229515,-0.909420847893,0.183717727661,-0.349222958088,-0.738614499569,0.514794766903,0.259765863419
1413393256.205760478973,2,1.854117870331,-0.917938709259,0.181936740875,-0.350166141987,-0.738118290901,0.514967918396,0.259563535452
1413393256.255760431290,2,1.842465400696,-0.927353322506,0.180144190788,-0.351891666651,-0.737782359123,0.514738380909,0.258638471365
1413393256.305760622025,2,1.830738782883,-0.937682271004,0.178882002831,-0.353223621845,-0.737478673458,0.514885544777,0.257393240929
1413393256.355760335922,2,1.818862795830,-0.948731899261,0.177862644196,-0.354995578527,-0.737328350544,0.515096306801,0.254952967167
1413393256.405760526657,2,1.806496977806,-0.960299849510,0.177491903305,-0.357057362795,-0.737721383572,0.514383673668,0.252362132072
1413393256.455760478973,2,1.793711185455,-0.972675263882,0.178858637810,-0.359784066677,-0.737110614777,0.515398681164,0.248168632388
1413393256.505760431290,2,1.780047655106,-0.985407471657,0.181719899178,-0.361644148827,-0.736492395401,0.516733288765,0.244498029351
1413393256.555760383606,2,1.765363216400,-0.998261928558,0.186066508293,-0.362167805433,-0.736975848675,0.516712307930,0.242300510406
1413393256.605760574341,2,1.749348282814,-1.011071920395,0.191395521164,-0.359351366758,-0.738144397736,0.516454517841,0.243483781815
1413393256.655760288239,2,1.734791636467,-1.021725296974,0.194558858871,-0.355200976133,-0.738867223263,0.516634106636,0.246975407004
1413393256.705760478973,2,1.717701196671,-1.035669088364,0.199286103249,-0.351308852434,-0.739957749844,0.516392529011,0.249766811728
1413393256.755760431290,2,1.700306892395,-1.050400495529,0.202041625977,-0.347830772400,-0.741074621677,0.516221582890,0.251669377089
1413393256.805760622025,2,1.682567119598,-1.065994262695,0.202258229256,-0.344658225775,-0.741601645947,0.516735851765,0.253420323133
1413393256.855760335922,2,1.665102720261,-1.082209706306,0.199958443642,-0.341965645552,-0.742213189602,0.517263412476,0.254200220108
1413393256.905760526657,2,1.648255348206,-1.098796844482,0.196073412895,-0.340879827738,-0.742149293423,0.518825888634,0.252656280994
1413393256.955760478973,2,1.631503105164,-1.115946292877,0.190877437592,-0.341020315886,-0.741906046867,0.520284354687,0.250169634819
1413393257.005760431290,2,1.614473462105,-1.133773088455,0.185196518898,-0.341542214155,-0.741295516491,0.522286176682,0.247076958418
1413393257.055760383606,2,1.597142934799,-1.151942133904,0.178899526596,-0.341118335724,-0.741076946259,0.523408293724,0.245941236615
1413393257.105760574341,2,1.579688549042,-1.170558691025,0.172526955605,-0.341493606567,-0.740009427071,0.525589585304,0.243974894285
1413393257.155760288239,2,1.562945246696,-1.190703988075,0.162677407265,-0.342364996672,-0.739717483521,0.526372730732,0.241942241788
1413393257.205760478973,2,1.545287251472,-1.209930062294,0.156941294670,-0.342657923698,-0.739285647869,0.527084052563,0.241298004985
1413393257.255760431290,2,1.527451038361,-1.229288697243,0.151186227798,-0.343520969152,-0.739525198936,0.526725888252,0.240115970373
1413393257.305760622025,2,1.509034156799,-1.248796582222,0.146031975746,-0.343398749828,-0.738479793072,0.528052568436,0.240593999624
1413393257.355760335922,2,1.490280985832,-1.268419384956,0.140449762344,-0.343428879976,-0.738431334496,0.528023481369,0.240763366222
1413393257.405760526657,2,1.471079468727,-1.288022398949,0.134880185127,-0.343626290560,-0.737966597080,0.528283536434,0.241335704923
1413393257.455760478973,2,1.451786756516,-1.307604432106,0.129040122032,-0.344084709883,-0.738195478916,0.527592062950,0.241494894028
1413393257.505760431290,2,1.432061910629,-1.327076673508,0.123246610165,-0.345593899488,-0.737597286701,0.527855217457,0.240591093898
1413393257.555760383606,2,1.411805033684,-1.346589803696,0.117206871510,-0.346025168896,-0.736977756023,0.527958095074,0.241641744971
1413393257.605760574341,2,1.391524314880,-1.366047620773,0.110993623734,-0.347305804491,-0.735664963722,0.528887271881,0.241772606969
1413393257.655760288239,2,1.369830012321,-1.382391452789,0.102191805840,-0.348744302988,-0.734629392624,0.529483199120,0.241546526551
1413393257.705760478973,2,1.348913192749,-1.401290059090,0.094950258732,-0.349823713303,-0.734540343285,0.528535306454,0.242331162095
1413393257.755760431290,2,1.327634334564,-1.420051574707,0.087857663631,-0.350546330214,-0.733656048775,0.528640687466,0.243731558323
1413393257.805760622025,2,1.306169271469,-1.438403129578,0.080410480499,-0.350252151489,-0.733824133873,0.527367413044,0.246392264962
1413393257.855760335922,2,1.284403085709,-1.456572175026,0.073161959648,-0.348916262388,-0.734814405441,0.525016248226,0.250326275826
1413393257.905760526657,2,1.262466311455,-1.475010395050,0.066695570946,-0.347597897053,-0.735403418541,0.523088634014,0.254432410002
1413393257.955760478973,2,1.240518927574,-1.493984699249,0.061390280724,-0.346100866795,-0.735857963562,0.521722495556,0.257939845324
1413393258.005760431290,2,1.218770146370,-1.513304829597,0.056834340096,-0.345334231853,-0.735654771328,0.521229803562,0.260529935360
1413393258.055760383606,2,1.197542190552,-1.533214807510,0.052739024162,-0.344712495804,-0.735717236996,0.520601570606,0.262426108122
1413393258.105760574341,2,1.176759839058,-1.553756713867,0.049278140068,-0.344774305820,-0.735249042511,0.521132051945,0.262604296207
1413393258.155760288239,2,1.159381151199,-1.576535224915,0.046743988991,-0.343495398760,-0.735442936420,0.521862328053,0.262286722660
1413393258.205760478973,2,1.140378355980,-1.598022460938,0.043998479843,-0.341483533382,-0.736397862434,0.522820651531,0.260318607092
1413393258.255760431290,2,1.121988773346,-1.620176076889,0.042321741581,-0.337791472673,-0.736026883125,0.526613771915,0.258533209562
1413393258.305760622025,2,1.104431152344,-1.642616748810,0.041432023048,-0.331896692514,-0.734791219234,0.532489120960,0.257646709681
1413393258.355760335922,2,1.087997436523,-1.665399074554,0.041215837002,-0.324882626534,-0.732645034790,0.540482461452,0.256049484015
1413393258.405760526657,2,1.073101520538,-1.688225865364,0.040961354971,-0.318528413773,-0.732128143311,0.547124266624,0.251362621784
1413393258.455760478973,2,1.059731483459,-1.710409164429,0.040325194597,-0.311806142330,-0.733213901520,0.552324712276,0.245176941156
1413393258.505760431290,2,1.048135042191,-1.731910109520,0.039852678776,-0.305628299713,-0.734062790871,0.558669090271,0.235864579678
1413393258.555760383606,2,1.037664175034,-1.752822995186,0.039605364203,-0.297160476446,-0.735989511013,0.564483582973,0.226657196879
1413393258.605760574341,2,1.028321981430,-1.772523164749,0.039809212089,-0.286608636379,-0.739392459393,0.568870961666,0.218037262559
1413393258.655760288239,2,1.017658233643,-1.796239376068,0.041196793318,-0.275669395924,-0.744933366776,0.570378124714,0.209163919091
1413393258.705760478973,2,1.010744094849,-1.813470840454,0.040957093239,-0.263932764530,-0.752112090588,0.570011317730,0.199384272099
1413393258.755760431290,2,1.004301309586,-1.829769372940,0.041080266237,-0.253072261810,-0.759391307831,0.568774998188,0.189141213894
1413393258.805760622025,2,0.998307943344,-1.845594286919,0.041805088520,-0.242482438684,-0.765814721584,0.568502604961,0.177580937743
1413393258.855760335922,2,0.992568016052,-1.860965251923,0.043003976345,-0.231526449323,-0.771411359310,0.569171488285,0.165420398116
1413393258.905760526657,2,0.986520528793,-1.875700712204,0.043769299984,-0.219295412302,-0.777264297009,0.568789064884,0.155720412731
1413393258.955760478973,2,0.980663061142,-1.889952659607,0.044499158859,0.205991670489,0.783190310001,-0.568023085594,-0.146731883287
1413393259.005760431290,2,0.974619269371,-1.904147267342,0.045616209507,0.192363351583,0.788067340851,-0.568310916424,-0.137727871537
1413393259.055760383606,2,0.968312501907,-1.920116305351,0.045001447201,0.179080337286,0.791980147362,-0.569298803806,-0.128827959299
1413393259.105760574341,2,0.962566494942,-1.933805942535,0.046879053116,0.165697932243,0.795855939388,-0.570180296898,-0.118541479111
1413393259.155760288239,2,0.956514239311,-1.947610855103,0.049027442932,0.151832073927,0.799179553986,-0.571186602116,-0.109567344189
1413393259.205760478973,2,0.950277686119,-1.961692214012,0.051302671432,0.138808235526,0.801560878754,-0.572906613350,-0.100052781403
1413393259.255760431290,2,0.944061160088,-1.975784778595,0.053282380104,0.125072702765,0.804158031940,-0.574006378651,-0.090572908521
1413393259.305760622025,2,0.937617897987,-1.990431070328,0.055320143700,0.112036138773,0.806481599808,-0.574977219105,-0.080228477716
1413393259.355760335922,2,0.930949568748,-2.005566596985,0.057150363922,0.099252723157,0.808869123459,-0.575235903263,-0.070593029261
1413393259.405760526657,2,0.923594951630,-2.020925521851,0.059444189072,0.085776425898,0.810424327850,-0.576369702816,-0.060438998044
1413393259.455760478973,2,0.916559100151,-2.037362575531,0.061899542809,0.072732426226,0.811384022236,-0.577782094479,-0.050337739289
1413393259.505760431290,2,0.904768586159,-2.058657646179,0.063265204430,0.058860894293,0.812602877617,-0.578362882137,-0.041332907975
1413393259.555760383606,2,0.897418618202,-2.075481414795,0.066334724426,0.044296864420,0.813697934151,-0.578750014305,-0.031335793436
1413393259.605760574341,2,0.889950990677,-2.092508792877,0.069716095924,0.029292345047,0.814281702042,-0.579314589500,-0.021955307573
1413393259.655760288239,2,0.882487297058,-2.109774112701,0.073031187057,0.014786393382,0.815163195133,-0.578922152519,-0.011815894395
1413393259.705760478973,2,0.874966859818,-2.127252578735,0.076734781265,-0.000284757349,0.815468847752,-0.578799307346,-0.001374124200
1413393259.755760431290,2,0.867257118225,-2.145069837570,0.080692410469,0.014600092545,-0.815497040749,0.578509151936,-0.008869414218
1413393259.805760622025,2,0.859454929829,-2.163308858871,0.084995269775,0.028927801177,-0.814779341221,0.578752279282,-0.018539311364
1413393259.855760335922,2,0.851618528366,-2.181693315506,0.089716196060,0.042833477259,-0.813752472401,0.578931093216,-0.028480345383
1413393259.905760526657,2,0.843577623367,-2.201065301895,0.094733715057,0.056085165590,-0.812586545944,0.578913867474,-0.037634924054
1413393259.955760478973,2,0.835749626160,-2.221557140350,0.098013162613,0.068930014968,-0.811409413815,0.578535020351,-0.046483609825
1413393260.005760431290,2,0.827812612057,-2.241147041321,0.102210760117,0.081441022456,-0.809841692448,0.578287124634,-0.055749390274
1413393260.055760383606,2,0.819714903831,-2.261098146439,0.106232881546,0.093493960798,-0.808576762676,0.577416837215,-0.063658930361
1413393260.105760574341,2,0.811763644218,-2.281308412552,0.111043691635,0.105145454407,-0.806189954281,0.577661395073,-0.072867348790
1413393260.155760288239,2,0.803417503834,-2.301639080048,0.115654230118,0.116734370589,-0.804265558720,0.576952278614,-0.081584975123
1413393260.205760478973,2,0.794772863388,-2.322292804718,0.120415449142,0.127849370241,-0.801996827126,0.576504468918,-0.089990831912
1413393260.255760431290,2,0.786177039146,-2.342768192291,0.124445199966,0.139634996653,-0.799589455128,0.575765967369,-0.098246961832
1413393260.305760622025,2,0.774889647961,-2.361865520477,0.132838964462,0.150741577148,-0.794844567776,0.577937722206,-0.107178345323
1413393260.355760335922,2,0.765942931175,-2.383352756500,0.134848117828,0.162005469203,-0.786874711514,0.584726989269,-0.112591221929
1413393260.405760526657,2,0.756497502327,-2.404380798340,0.134822845459,0.173325836658,-0.778374075890,0.592363417149,-0.114881157875
1413393260.455760478973,2,0.746561288834,-2.424737453461,0.133422613144,0.184185892344,-0.768396914005,0.602193892002,-0.114036619663
1413393260.505760431290,2,0.736617207527,-2.443499088287,0.130565643311,0.193578645587,-0.758256137371,0.612402081490,-0.111975975335
1413393260.555760383606,2,0.726743638515,-2.459333896637,0.125775814056,0.202320560813,-0.749789059162,0.620768129826,-0.107376262546
1413393260.605760574341,2,0.716331243515,-2.469924211502,0.121940135956,0.209733396769,-0.742902040482,0.627231180668,-0.103389933705
1413393260.655760288239,2,0.707857906818,-2.478700876236,0.114360094070,0.217940583825,-0.739398062229,0.629419088364,-0.098102524877
1413393260.705760478973,2,0.701122224331,-2.483054399490,0.107511520386,0.225816503167,-0.736910700798,0.630129992962,-0.094370216131
1413393260.755760431290,2,0.696313321590,-2.482682228088,0.100678920746,0.230583012104,-0.741823315620,0.622809708118,-0.092940069735
1413393260.805760622025,2,0.693490564823,-2.478114128113,0.094373941422,0.233141839504,-0.749881923199,0.612058937550,-0.093305476010
1413393260.855760335922,2,0.693354904652,-2.469806909561,0.090328693390,0.231073856354,-0.759070932865,0.600354492664,-0.099953547120
1413393260.905760526657,2,0.695336759090,-2.459060668945,0.087899923325,0.227304026484,-0.767199456692,0.590011239052,-0.107817962766
1413393260.955760478973,2,0.698707580566,-2.446418285370,0.086430788040,0.222460806370,-0.774852514267,0.580227911472,-0.115975931287
1413393261.005760431290,2,0.703259348869,-2.433156013489,0.085814714432,0.217903450131,-0.781103789806,0.572139620781,-0.122683785856
1413393261.055760383606,2,0.708795785904,-2.420135021210,0.085218191147,0.214026793838,-0.786245465279,0.565532505512,-0.127214685082
1413393261.105760574341,2,0.717216968536,-2.404695272446,0.086584329605,0.210616379976,-0.791223764420,0.559242129326,-0.129823103547
1413393261.155760288239,2,0.724393367767,-2.392998695374,0.085798740387,0.209167644382,-0.794918000698,0.554540574551,-0.129765674472
1413393261.205760478973,2,0.732306480408,-2.382198810577,0.084889411926,0.208399102092,-0.797876417637,0.550665497780,-0.129346743226
1413393261.255760431290,2,0.741046428680,-2.372808933258,0.084405183792,0.207440793514,-0.799269080162,0.549170911312,-0.128641679883
1413393261.305760622025,2,0.750787913799,-2.364490270615,0.084797859192,0.207949429750,-0.797874867916,0.550895392895,-0.129101172090
1413393261.355760335922,2,0.761513173580,-2.356901407242,0.085882663727,0.209899544716,-0.794975340366,0.553768873215,-0.131516396999
1413393261.405760526657,2,0.772960722446,-2.349854707718,0.087070703506,0.212867394090,-0.792067468166,0.556153953075,-0.134199485183
1413393261.455760478973,2,0.785312056541,-2.343140125275,0.088440656662,0.217830076814,-0.788810551167,0.558069169521,-0.137429684401
1413393261.505760431290,2,0.798656225204,-2.336777925491,0.090338945389,0.221813604236,-0.787296712399,0.556746900082,-0.144898429513
1413393261.555760383606,2,0.812712192535,-2.330739259720,0.092652320862,0.225056797266,-0.786169290543,0.554362237453,-0.154821753502
1413393261.605760574341,2,0.825703442097,-2.325388669968,0.095185279846,0.228289261460,-0.785795271397,0.550056576729,-0.166876018047
1413393261.655760288239,2,0.839996457100,-2.320382118225,0.097244977951,0.233860552311,-0.785357654095,0.544857263565,-0.177913576365
1413393261.705760478973,2,0.853842020035,-2.316384553909,0.099584460258,0.240679889917,-0.784885287285,0.538896501064,-0.188729643822
1413393261.755760431290,2,0.867252111435,-2.314041852951,0.101779818535,0.248867854476,-0.783579409122,0.533357739449,-0.198991641402
1413393261.805760622025,2,0.879985928535,-2.313426256180,0.103690624237,0.259061545134,-0.781211912632,0.528425753117,-0.208233639598
1413393261.855760335922,2,0.889635920525,-2.315150022507,0.104480624199,0.270550191402,-0.776480257511,0.526572048664,-0.215877190232
1413393261.905760526657,2,0.900564908981,-2.319381952286,0.107217311859,0.282255589962,-0.769523680210,0.529088854790,-0.219613388181
1413393261.955760478973,2,0.910852491856,-2.325345993042,0.110490202904,0.292331218719,-0.762746691704,0.531632542610,-0.223890423775
1413393262.005760431290,2,0.919885337353,-2.334201097488,0.113182663918,0.301844507456,-0.756990492344,0.533531069756,-0.226274043322
1413393262.055760383606,2,0.929168403149,-2.342917919159,0.116573095322,0.309139758348,-0.751722753048,0.535654127598,-0.228954866529
1413393262.105760574341,2,0.938112854958,-2.352347850800,0.120013356209,0.315570026636,-0.747628390789,0.536722242832,-0.231077179313
1413393262.155760288239,2,0.946903824806,-2.362368106842,0.124138951302,0.319826006889,-0.744572222233,0.537398993969,-0.233507931232
1413393262.205760478973,2,0.957604467869,-2.372545242310,0.128446578979,0.323936790228,-0.742484688759,0.537825465202,-0.233506485820
1413393262.255760431290,2,0.966027379036,-2.383416414261,0.133816123009,0.326462537050,-0.741126716137,0.537705540657,-0.234576687217
1413393262.305760622025,2,0.974150717258,-2.394333839417,0.138777494431,0.329219609499,-0.741087675095,0.536177337170,-0.234344661236
1413393262.355760335922,2,0.982319355011,-2.405704975128,0.143636941910,0.331657826900,-0.740509629250,0.535973489285,-0.233197346330
1413393262.405760526657,2,0.990884065628,-2.417035579681,0.148644208908,0.332125961781,-0.740480899811,0.535358309746,-0.234034091234
1413393262.455760478973,2,0.999799251556,-2.428641319275,0.153625488281,0.332881808281,-0.740681827068,0.534606039524,-0.234043911099
1413393262.505760431290,2,1.009011030197,-2.440573692322,0.158156871796,0.333375930786,-0.740549445152,0.534545958042,-0.233896970749
1413393262.555760383606,2,1.018477916718,-2.452548027039,0.160669207573,0.334109663963,-0.740470945835,0.534400582314,-0.233430087566
1413393262.605760574341,2,1.028038978577,-2.464565753937,0.160163521767,0.334989726543,-0.740310370922,0.534454107285,-0.232553765178
1413393262.655760288239,2,1.037697792053,-2.475813150406,0.157190203667,0.335051655769,-0.740405678749,0.534374594688,-0.232343897223
1413393262.705760478973,2,1.047507643700,-2.487238883972,0.151471734047,0.335065603256,-0.740224957466,0.534558594227,-0.232476383448
1413393262.755760431290,2,1.056072711945,-2.499941349030,0.145075559616,0.335882931948,-0.740363180637,0.534128606319,-0.231844037771
1413393262.805760622025,2,1.065967798233,-2.511348724365,0.135248661041,0.336053818464,-0.740526080132,0.533767104149,-0.231908753514
1413393262.855760335922,2,1.076413869858,-2.522899866104,0.125003099442,0.335840702057,-0.740816175938,0.533252954483,-0.232472956181
1413393262.905760526657,2,1.087255835533,-2.534404754639,0.115000128746,0.335732698441,-0.740684270859,0.533013880253,-0.233595311642
1413393262.955760478973,2,1.098327994347,-2.546110153198,0.105434656143,0.335229456425,-0.741750180721,0.531346201897,-0.234732002020
1413393263.005760431290,2,1.109438180923,-2.557610511780,0.096651911736,0.335000962019,-0.742103397846,0.530395865440,-0.236087352037
1413393263.055760383606,2,1.120964050293,-2.569507598877,0.088676929474,0.333337426186,-0.742843925953,0.529141187668,-0.238911554217
1413393263.105760574341,2,1.132341384888,-2.581360101700,0.081092357635,0.332997322083,-0.743919909000,0.527196168900,-0.240333527327
1413393263.155760288239,2,1.144225716591,-2.594065666199,0.074898481369,0.331796914339,-0.744364440441,0.526219964027,-0.242744833231
1413393263.205760478973,2,1.154853820801,-2.608504772186,0.068999528885,0.331278741360,-0.745169103146,0.524565219879,-0.244558215141
1413393263.255760431290,2,1.166016697884,-2.622188329697,0.064464569092,0.330491840839,-0.744981586933,0.524604916573,-0.246104195714
1413393263.305760622025,2,1.177066922188,-2.636719942093,0.060870409012,0.330053269863,-0.744547963142,0.525094389915,-0.246959611773
1413393263.355760335922,2,1.187589645386,-2.651602983475,0.057895421982,0.329601496458,-0.744668185711,0.524752259254,-0.247925803065
1413393263.405760526657,2,1.197976112366,-2.667300224304,0.054945468903,0.328599661589,-0.745457053185,0.524016141891,-0.248441398144
1413393263.455760478973,2,1.208383321762,-2.683831453323,0.050878524780,0.329343497753,-0.744859814644,0.525128781796,-0.246894001961
1413393263.505760431290,2,1.218677043915,-2.700842857361,0.044733047485,0.330066919327,-0.743927896023,0.526696026325,-0.245394662023
1413393263.555760383606,2,1.229080796242,-2.718277931213,0.036662817001,0.329840749502,-0.741678535938,0.530515968800,-0.244276463985
1413393263.605760574341,2,1.239090204239,-2.735658168793,0.026587724686,0.330016762018,-0.738630712032,0.535018682480,-0.243451714516
1413393263.655760288239,2,1.247787594795,-2.752147436142,0.015993833542,0.329792022705,-0.734367430210,0.540926039219,-0.243599742651
1413393263.705760478973,2,1.257256031036,-2.768888235092,0.002598762512,0.329061776400,-0.730409562588,0.546032071114,-0.245090290904
1413393263.755760431290,2,1.266075611115,-2.784466266632,-0.012648582458,0.331034034491,-0.726377964020,0.549690306187,-0.246235996485
1413393263.805760622025,2,1.274280548096,-2.798652887344,-0.027997255325,0.334259659052,-0.721974670887,0.552840888500,-0.247770056129
1413393263.855760335922,2,1.281691789627,-2.811248779297,-0.043419837952,0.338496148586,-0.718543052673,0.553284883499,-0.250982552767
1413393263.905760526657,2,1.288079857826,-2.822067737579,-0.057615041733,0.343854218721,-0.714999139309,0.553195893764,-0.253997683525
1413393263.955760478973,2,1.293508291245,-2.831419706345,-0.071587085724,0.349245548248,-0.711190581322,0.552727997303,-0.258316487074
1413393264.005760431290,2,1.298039436340,-2.839385509491,-0.085326671600,0.355187684298,-0.709232687950,0.550047516823,-0.261301547289
1413393264.055760383606,2,1.301658987999,-2.845867395401,-0.098152160645,0.359503298998,-0.709075510502,0.545533120632,-0.265260308981
1413393264.105760574341,2,1.304446697235,-2.851281404495,-0.110212564468,0.364795684814,-0.710667610168,0.539439260960,-0.266234755516
1413393264.155760288239,2,1.306149721146,-2.855852127075,-0.121787309647,0.368697851896,-0.713371455669,0.532943129539,-0.266710817814
1413393264.205760478973,2,1.307363629341,-2.859948873520,-0.132852077484,0.372347176075,-0.716878890991,0.525865972042,-0.266284286976
1413393264.255760431290,2,1.307825922966,-2.864800453186,-0.142856836319,0.376387804747,-0.719427466393,0.520789861679,-0.263693749905
1413393264.305760622025,2,1.308760285378,-2.868661880493,-0.152612686157,0.378351092339,-0.722250998020,0.516135334969,-0.262313306332
1413393264.355760335922,2,1.310418128967,-2.872845649719,-0.162007093430,0.380654275417,-0.724191486835,0.513477146626,-0.258825004101
1413393264.405760526657,2,1.312959074974,-2.876969814301,-0.170236825943,0.382160454988,-0.726168572903,0.510912299156,-0.256127625704
1413393264.455760478973,2,1.316776037216,-2.881520032883,-0.177381753922,0.382012903690,-0.726831436157,0.510500490665,-0.255287021399
1413393264.505760431290,2,1.321484446526,-2.886219024658,-0.184266805649,0.380749911070,-0.727669656277,0.510515630245,-0.254755228758
1413393264.555760383606,2,1.327242255211,-2.891071081161,-0.190635442734,0.379631847143,-0.727928459644,0.511362731457,-0.253984183073
1413393264.605760574341,2,1.332411408424,-2.896024227142,-0.195218086243,0.376876026392,-0.727476716042,0.513211905956,-0.255647808313
1413393264.655760288239,2,1.340102553368,-2.901081323624,-0.200507402420,0.374336570501,-0.727817296982,0.514047205448,-0.256728589535
1413393264.705760478973,2,1.348698258400,-2.906097173691,-0.205531358719,0.372209876776,-0.727274358273,0.514961004257,-0.259513258934
1413393264.755760431290,2,1.357634663582,-2.910871982574,-0.211035966873,0.372085154057,-0.727208733559,0.513964772224,-0.261840462685
1413393264.805760622025,2,1.366689443588,-2.916319847107,-0.216472387314,0.372357398272,-0.725889444351,0.515079081059,-0.262922316790
1413393264.855760335922,2,1.375952959061,-2.921662569046,-0.222515106201,0.374072611332,-0.724968075752,0.515293538570,-0.262609034777
1413393264.905760526657,2,1.385559916496,-2.927215814590,-0.228637695312,0.375574886799,-0.723855495453,0.516230225563,-0.261692792177
1413393264.955760478973,2,1.395273685455,-2.932841300964,-0.235171079636,0.376705557108,-0.723554193974,0.516468405724,-0.260427981615
1413393265.005760431290,2,1.405475854874,-2.938558101654,-0.241605997086,0.378039956093,-0.722967743874,0.516898214817,-0.259267896414
1413393265.055760383606,2,1.416487932205,-2.943536758423,-0.246834993362,0.378338485956,-0.721648991108,0.518761157990,-0.258784979582
1413393265.105760574341,2,1.427492976189,-2.949259757996,-0.252796649933,0.377969950438,-0.720506250858,0.520660400391,-0.258693188429
1413393265.155760288239,2,1.439199328423,-2.954802274704,-0.257551431656,0.376559615135,-0.716528058052,0.526203989983,-0.260575979948
1413393265.205760478973,2,1.450976967812,-2.959809303284,-0.261596918106,0.373320460320,-0.711227178574,0.534035205841,-0.263807088137
1413393265.255760431290,2,1.462234735489,-2.963799715042,-0.265918970108,0.370974868536,-0.706454753876,0.540959239006,-0.265824288130
1413393265.305760622025,2,1.472895145416,-2.966473579407,-0.269409894943,0.367532998323,-0.702747821808,0.545795440674,-0.270504057407
1413393265.355760335922,2,1.482193946838,-2.967967033386,-0.272538423538,0.362385809422,-0.702435612679,0.546586573124,-0.276593327522
1413393265.405760526657,2,1.488482952118,-2.968630552292,-0.273582458496,0.358359128237,-0.704651474953,0.544024467468,-0.281216084957
1413393265.455760478973,2,1.494147300720,-2.967936277390,-0.276869058609,0.356689512730,-0.708572804928,0.538980364799,-0.283191412687
1413393265.505760431290,2,1.498125195503,-2.966666698456,-0.279290437698,0.355510324240,-0.713269352913,0.532543957233,-0.285054743290
1413393265.555760383606,2,1.500757813454,-2.965304613113,-0.281558036804,0.358364075422,-0.716181099415,0.527391314507,-0.283757448196
1413393265.605760574341,2,1.502065896988,-2.963875293732,-0.282822847366,0.365028619766,-0.715855896473,0.524897038937,-0.280691146851
1413393265.655760288239,2,1.502298355103,-2.962433099747,-0.283716678619,0.373451501131,-0.713940620422,0.523771524429,-0.276561528444
1413393265.705760478973,2,1.502327322960,-2.960653781891,-0.283439636230,0.381562352180,-0.711049139500,0.522481381893,-0.275377035141
1413393265.755760431290,2,1.502484798431,-2.958685159683,-0.282344579697,0.390397012234,-0.707641422749,0.520588517189,-0.275356948376
1413393265.805760622025,2,1.502499103546,-2.956099033356,-0.280124902725,0.398209452629,-0.703881025314,0.519267201424,-0.276301264763
1413393265.855760335922,2,1.502217292786,-2.952722787857,-0.276882171631,0.406242996454,-0.699996709824,0.516571342945,-0.279509246349
1413393265.905760526657,2,1.502651095390,-2.948794603348,-0.273013591766,0.413908541203,-0.696313858032,0.513368964195,-0.283335506916
1413393265.955760478973,2,1.503177762032,-2.944177865982,-0.268313884735,0.421610206366,-0.692739427090,0.509337127209,-0.287980467081
1413393266.005760431290,2,1.504187941551,-2.938619136810,-0.262468099594,0.429788708687,-0.688063740730,0.505138039589,-0.294424325228
1413393266.055760383606,2,1.505387663841,-2.932494163513,-0.256414413452,0.437972187996,-0.683992385864,0.498868227005,-0.302432388067
1413393266.105760574341,2,1.506881713867,-2.925980806351,-0.249375939369,0.447869539261,-0.677336752415,0.494577676058,-0.309872120619
1413393266.155760288239,2,1.506968855858,-2.918188333511,-0.241377115250,0.459194779396,-0.669375419617,0.489529818296,-0.318492293358
1413393266.205760478973,2,1.508621692657,-2.910173654556,-0.232628107071,0.471210420132,-0.661275386810,0.482833474874,-0.327944487333
1413393266.255760431290,2,1.509973168373,-2.901765346527,-0.223066210747,0.484210103750,-0.652258515358,0.475514113903,-0.337617844343
1413393266.305760622025,2,1.510336518288,-2.891631126404,-0.212638735771,0.497756212950,-0.641824960709,0.467392534018,-0.349061131477
1413393266.355760335922,2,1.511070609093,-2.882450342178,-0.201450467110,0.513222932816,-0.629851162434,0.458632141352,-0.359925538301
1413393266.405760526657,2,1.512139439583,-2.873206615448,-0.189738452435,0.528457760811,-0.617122650146,0.449083417654,-0.371774405241
1413393266.455760478973,2,1.514535784721,-2.863468885422,-0.177124738693,0.545618176460,-0.602739453316,0.438058793545,-0.383549958467
1413393266.505760431290,2,1.515193462372,-2.853677749634,-0.163344740868,0.561795294285,-0.587466478348,0.426400899887,-0.396801710129
1413393266.555760383606,2,1.515370368958,-2.844179868698,-0.149652600288,0.576684892178,-0.571288585663,0.415162622929,-0.410735785961
1413393266.605760574341,2,1.517778754234,-2.834713697433,-0.137654244900,0.588945627213,-0.553853571415,0.405519366264,-0.426548331976
1413393266.655760288239,2,1.517959237099,-2.826363801956,-0.128282234073,0.600598990917,-0.538179814816,0.395095586777,-0.439935147762
1413393266.705760478973,2,1.517082452774,-2.819419384003,-0.123082250357,0.610723793507,-0.524018228054,0.385215491056,-0.451697230339
1413393266.755760431290,2,1.513617873192,-2.812764883041,-0.121459096670,0.619973480701,-0.510700643063,0.375272959471,-0.462588310242
1413393266.805760622025,2,1.511879086494,-2.807125568390,-0.120796203613,0.628230154514,-0.498719245195,0.366015076637,-0.471846342087
1413393266.855760335922,2,1.506002068520,-2.805766344070,-0.118856072426,0.634236216545,-0.486724406481,0.360063582659,-0.480830639601
1413393266.905760526657,2,1.503430962563,-2.803109645844,-0.112501025200,0.639644861221,-0.476010978222,0.356410205364,-0.487072676420
1413393266.955760478973,2,1.500216245651,-2.801972866058,-0.103867590427,0.646558582783,-0.470747143030,0.349703550339,-0.487920731306
1413393267.005760431290,2,1.495799303055,-2.802394866943,-0.090150415897,0.651619434357,-0.466674119234,0.344845652580,-0.488558053970
1413393267.055760383606,2,1.495915055275,-2.805519104004,-0.073313295841,0.657302975655,-0.465897113085,0.337887436152,-0.486543685198
1413393267.105760574341,2,1.490617871284,-2.808471202850,-0.053313195705,0.659556210041,-0.464111417532,0.335552752018,-0.486816883087
1413393267.155760288239,2,1.483024954796,-2.815177440643,-0.035713613033,0.661240637302,-0.464864522219,0.332109302282,-0.486174166203
1413393267.205760478973,2,1.477313876152,-2.820023536682,-0.019970178604,0.662503838539,-0.465979635715,0.329923927784,-0.484872996807
1413393267.255760431290,2,1.471648693085,-2.825365543365,-0.007259547710,0.662299871445,-0.467584073544,0.328164994717,-0.484800845385
1413393267.305760622025,2,1.462605953217,-2.829704999924,0.000569522381,0.662118494511,-0.469547212124,0.328126072884,-0.483174800873
1413393267.355760335922,2,1.457689881325,-2.836285114288,0.008149802685,0.660772085190,-0.471371144056,0.328457057476,-0.483016997576
1413393267.405760526657,2,1.453170537949,-2.843240261078,0.012669384480,0.659983813763,-0.472405970097,0.329815924168,-0.482157170773
1413393267.455760478973,2,1.448878049850,-2.850710391998,0.014929890633,0.659219682217,-0.473656624556,0.331740260124,-0.480653047562
1413393267.505760431290,2,1.444839477539,-2.858139991760,0.013981759548,0.658527851105,-0.473782718182,0.335892975330,-0.478588432074
1413393267.555760383606,2,1.440767168999,-2.866415262222,0.010810852051,0.658608019352,-0.474158972502,0.339721351862,-0.475392729044
1413393267.605760574341,2,1.435278892517,-2.873270511627,0.001964509487,0.658544659615,-0.473903477192,0.344180852175,-0.472518742085
1413393267.655760288239,2,1.429944753647,-2.882333278656,-0.004542708397,0.658489465714,-0.474041223526,0.347359925508,-0.470125228167
1413393267.705760478973,2,1.423984527588,-2.891448974609,-0.013233065605,0.658242940903,-0.473867386580,0.350277870893,-0.468477815390
1413393267.755760431290,2,1.418316960335,-2.900162935257,-0.024595618248,0.658914268017,-0.473375618458,0.353358089924,-0.465709924698
1413393267.805760622025,2,1.414508819580,-2.907555341721,-0.037993729115,0.659375011921,-0.472887009382,0.354831069708,-0.464432299137
1413393267.855760335922,2,1.408104896545,-2.915315151215,-0.050315558910,0.660042464733,-0.470857411623,0.357723087072,-0.463326603174
1413393267.905760526657,2,1.402183055878,-2.921696424484,-0.061782836914,0.660698056221,-0.469769626856,0.359259247780,-0.462306678295
1413393267.955760478973,2,1.397248506546,-2.926300048828,-0.071778893471,0.660144865513,-0.469848364592,0.358409792185,-0.463674157858
1413393268.005760431290,2,1.395550966263,-2.930334091187,-0.082261741161,0.659429728985,-0.471944630146,0.354533851147,-0.465538889170
1413393268.055760383606,2,1.389432430267,-2.934171676636,-0.089934706688,0.657904326916,-0.474940299988,0.350057244301,-0.468031555414
1413393268.105760574341,2,1.384063243866,-2.937822818756,-0.096435666084,0.657360017300,-0.476722031832,0.346942603588,-0.469302445650
1413393268.155760288239,2,1.382259607315,-2.941791534424,-0.102356374264,0.657224595547,-0.479240208864,0.342405736446,-0.470258384943
1413393268.205760478973,2,1.377485752106,-2.945710182190,-0.108124375343,0.657352983952,-0.480028361082,0.341177970171,-0.470167636871
1413393268.255760431290,2,1.373441457748,-2.949878692627,-0.113702714443,0.658749639988,-0.478756666183,0.342316210270,-0.468679636717
1413393268.305760622025,2,1.373488903046,-2.955304622650,-0.118652462959,0.661099076271,-0.476644158363,0.344802469015,-0.465692669153
1413393268.355760335922,2,1.370507240295,-2.959501028061,-0.123552620411,0.664087891579,-0.473716527224,0.348778247833,-0.461447328329
1413393268.405760526657,2,1.367777347565,-2.963478565216,-0.127543866634,0.667802691460,-0.470541179180,0.352833658457,-0.456222563982
1413393268.455760478973,2,1.366003274918,-2.967296838760,-0.128327250481,0.669418454170,-0.469037920237,0.354551970959,-0.454065352678
1413393268.505760431290,2,1.364420652390,-2.969382524490,-0.129397153854,0.670477330685,-0.469114035368,0.355547249317,-0.451639592648
1413393268.555760383606,2,1.363147020340,-2.969938278198,-0.128545701504,0.669586956501,-0.471629559994,0.353261291981,-0.452134251595
1413393268.605760574341,2,1.362489223480,-2.969480276108,-0.125551700592,0.667074561119,-0.474412739277,0.351455837488,-0.454337924719
1413393268.655760288239,2,1.362124204636,-2.968539714813,-0.121304571629,0.664588510990,-0.476304650307,0.350532382727,-0.456708908081
1413393268.705760478973,2,1.362146139145,-2.967274427414,-0.116074383259,0.662191212177,-0.477812051773,0.350088894367,-0.458951205015
1413393268.755760431290,2,1.362226009369,-2.965610265732,-0.110131680965,0.660364329815,-0.480195373297,0.348525315523,-0.460284084082
1413393268.805760622025,2,1.362504720688,-2.963894128799,-0.103646397591,0.659774303436,-0.482401251793,0.346606940031,-0.460272341967
1413393268.855760335922,2,1.363415002823,-2.961881399155,-0.096456468105,0.657991826534,-0.484236985445,0.345921814442,-0.461410224438
1413393268.905760526657,2,1.364791154861,-2.960021734238,-0.090454220772,0.657599925995,-0.485843420029,0.344471663237,-0.461365193129
1413393268.955760478973,2,1.367826223373,-2.959146022797,-0.086779356003,0.656240105629,-0.485393404961,0.345902532339,-0.462702631950
1413393269.005760431290,2,1.371507883072,-2.957804203033,-0.084826946259,0.655794739723,-0.482852816582,0.350414037704,-0.462597429752
1413393269.055760383606,2,1.375427961349,-2.956495761871,-0.085187196732,0.656537711620,-0.478745639324,0.356254905462,-0.461349546909
1413393269.105760574341,2,1.379098176956,-2.955015182495,-0.086410522461,0.658673822880,-0.473436385393,0.363214820623,-0.458346784115
1413393269.155760288239,2,1.381236791611,-2.952712059021,-0.086836814880,0.660950660706,-0.469027966261,0.366921812296,-0.456645846367
1413393269.205760478973,2,1.382362604141,-2.948848009109,-0.086100459099,0.661784887314,-0.464538037777,0.368133544922,-0.459045678377
1413393269.255760431290,2,1.381962776184,-2.943454265594,-0.083798944950,0.662086427212,-0.461560130119,0.364203214645,-0.464714735746
1413393269.305760622025,2,1.380727767944,-2.937003612518,-0.080621361732,0.661979794502,-0.458183228970,0.359027266502,-0.472176253796
1413393269.355760335922,2,1.373771667480,-2.927134275436,-0.075247406960,0.660707056522,-0.453757762909,0.355087310076,-0.481126993895
1413393269.405760526657,2,1.371617197990,-2.919559001923,-0.071867942810,0.660238742828,-0.450112342834,0.348995089531,-0.489577502012
1413393269.455760478973,2,1.368663430214,-2.912688493729,-0.070492625237,0.660738289356,-0.446944415569,0.344334393740,-0.495075315237
1413393269.505760431290,2,1.364519834518,-2.906790018082,-0.072076559067,0.661478519440,-0.445524275303,0.338723540306,-0.499220013618
1413393269.555760383606,2,1.359513163567,-2.902299404144,-0.077946066856,0.663905024529,-0.444959372282,0.333170145750,-0.500238895416
1413393269.605760574341,2,1.352588772774,-2.898411273956,-0.088153958321,0.665886878967,-0.444769650698,0.328251451254,-0.501024663448
1413393269.655760288239,2,1.346616744995,-2.895491600037,-0.100091695786,0.667506873608,-0.445103198290,0.324040323496,-0.501313984394
1413393269.705760478973,2,1.339422702789,-2.892885684967,-0.117501497269,0.669107615948,-0.445090472698,0.320920884609,-0.501197814941
1413393269.755760431290,2,1.332911491394,-2.892022371292,-0.134012222290,0.671959042549,-0.445565134287,0.318036645651,-0.498794078827
1413393269.805760622025,2,1.326303720474,-2.892270326614,-0.151620149612,0.675308048725,-0.446047753096,0.315868377686,-0.495204746723
1413393269.855760335922,2,1.320556759834,-2.894857406616,-0.171344995499,0.678157150745,-0.445041388273,0.315932095051,-0.492166697979
1413393269.905760526657,2,1.314950227737,-2.896396398544,-0.187881350517,0.681428670883,-0.443212062120,0.317204058170,-0.488466620445
1413393269.955760478973,2,1.309582829475,-2.898754119873,-0.204495072365,0.684733152390,-0.441235661507,0.319109946489,-0.484376490116
1413393270.005760431290,2,1.304825544357,-2.902872800827,-0.224081277847,0.687856018543,-0.438699245453,0.321490585804,-0.480667084455
1413393270.055760383606,2,1.300203800201,-2.904885292053,-0.238886713982,0.689055800438,-0.437546372414,0.321756452322,-0.479820847511
1413393270.105760574341,2,1.295543909073,-2.906700134277,-0.253469705582,0.690546214581,-0.438201427460,0.320019185543,-0.478239625692
1413393270.155760288239,2,1.291150808334,-2.908255338669,-0.267527222633,0.691324293613,-0.438614815474,0.318786323071,-0.477559596300
1413393270.205760478973,2,1.284673213959,-2.910389184952,-0.281134128571,0.691652357578,-0.438765108585,0.317459702492,-0.477830141783
1413393270.255760431290,2,1.280611038208,-2.911504745483,-0.294533252716,0.692092835903,-0.439023464918,0.316396266222,-0.477660298347
1413393270.305760622025,2,1.277241945267,-2.912172317505,-0.307352542877,0.692272901535,-0.439037621021,0.315049231052,-0.478276342154
1413393270.355760335922,2,1.275366306305,-2.912311077118,-0.319024562836,0.691475331783,-0.439113825560,0.315215140581,-0.479249745607
1413393270.405760526657,2,1.274402379990,-2.912311077118,-0.329896211624,0.690210640430,-0.441559016705,0.314189791679,-0.479499489069
1413393270.455760478973,2,1.274662494659,-2.912238597870,-0.339062809944,0.687740981579,-0.444343954325,0.314707875252,-0.480135262012
1413393270.505760431290,2,1.275127649307,-2.912567138672,-0.347976565361,0.685123383999,-0.448207765818,0.315436840057,-0.479807764292
1413393270.555760383606,2,1.275510072708,-2.913822412491,-0.357455492020,0.683086335659,-0.452169209719,0.318315535784,-0.477086365223
1413393270.605760574341,2,1.279475927353,-2.914317131042,-0.366852641106,0.680221080780,-0.456160366535,0.322277873755,-0.474714815617
1413393270.655760288239,2,1.276247262955,-2.918334245682,-0.376135289669,0.678140521049,-0.461026906967,0.326176345348,-0.470307052135
1413393270.705760478973,2,1.277908325195,-2.920180559158,-0.383472859859,0.675409555435,-0.463088512421,0.334524810314,-0.466330617666
1413393270.755760431290,2,1.282249927521,-2.920095205307,-0.386363327503,0.671806693077,-0.466055512428,0.339883834124,-0.464700967073
1413393270.805760622025,2,1.289415121078,-2.918907642365,-0.386713266373,0.669943094254,-0.468463867903,0.345227748156,-0.461015909910
1413393270.855760335922,2,1.299150943756,-2.916985988617,-0.383980154991,0.667992055416,-0.470527142286,0.350426048040,-0.457812637091
1413393270.905760526657,2,1.306173086166,-2.915289163589,-0.377017498016,0.667443037033,-0.472073704004,0.354053765535,-0.454216092825
1413393270.955760478973,2,1.313544034958,-2.913365125656,-0.369089424610,0.665394902229,-0.471979558468,0.359730988741,-0.452856034040
1413393271.005760431290,2,1.321810722351,-2.910623550415,-0.359657824039,0.665420472622,-0.472416073084,0.363443046808,-0.449386090040
1413393271.055760383606,2,1.329884529114,-2.906884670258,-0.351056933403,0.664047896862,-0.473802119493,0.365221500397,-0.448514491320
1413393271.105760574341,2,1.337434053421,-2.901995420456,-0.345337331295,0.662226378918,-0.474703788757,0.367232590914,-0.448612213135
1413393271.155760288239,2,1.345780611038,-2.898240327835,-0.332972764969,0.660880684853,-0.476705789566,0.366159826517,-0.449349850416
1413393271.205760478973,2,1.353367090225,-2.891343355179,-0.332456231117,0.659743666649,-0.476524025202,0.368716865778,-0.449122637510
1413393271.255760431290,2,1.360710144043,-2.883822917938,-0.334002196789,0.658192574978,-0.475224345922,0.372866421938,-0.449349552393
1413393271.305760622025,2,1.367774724960,-2.875899076462,-0.337841868401,0.656861305237,-0.473915308714,0.378229022026,-0.448196858168
1413393271.355760335922,2,1.373857975006,-2.867654561996,-0.343421727419,0.655311763287,-0.474278688431,0.383092492819,-0.445944458246
1413393271.405760526657,2,1.375917673111,-2.859798908234,-0.348092526197,0.651654660702,-0.476145684719,0.387584745884,-0.445431888103
1413393271.455760478973,2,1.381116390228,-2.848747968674,-0.352213472128,0.646666228771,-0.481395065784,0.389752656221,-0.445167958736
1413393271.505760431290,2,1.382622241974,-2.838248252869,-0.355386257172,0.640559732914,-0.488198190928,0.391463637352,-0.445086449385
1413393271.555760383606,2,1.385809898376,-2.825303554535,-0.357053577900,0.633435189724,-0.495080351830,0.392695963383,-0.446592986584
1413393271.605760574341,2,1.387967586517,-2.811666011810,-0.358316361904,0.627780914307,-0.500605106354,0.394154965878,-0.447132676840
1413393271.655760288239,2,1.384727001190,-2.798395872116,-0.360899657011,0.623345553875,-0.506116926670,0.395573616028,-0.445878446102
1413393271.705760478973,2,1.384823799133,-2.784615993500,-0.361369371414,0.620236337185,-0.512503087521,0.397029608488,-0.441605150700
1413393271.755760431290,2,1.384530067444,-2.770891904831,-0.361349314451,0.617892742157,-0.520724296570,0.397160083055,-0.435107648373
1413393271.805760622025,2,1.381761789322,-2.757196426392,-0.358175188303,0.614618182182,-0.528763055801,0.397738844156,-0.429485619068
1413393271.855760335922,2,1.381033420563,-2.743042230606,-0.356453716755,0.611907243729,-0.535784959793,0.398995816708,-0.423445969820
1413393271.905760526657,2,1.380581378937,-2.728631496429,-0.354171186686,0.608069419861,-0.540423870087,0.402572005987,-0.419677674770
1413393271.955760478973,2,1.377451419830,-2.715188026428,-0.351475805044,0.604652583599,-0.543722450733,0.406342417002,-0.416709870100
1413393272.005760431290,2,1.377492308617,-2.699776411057,-0.347915768623,0.600978016853,-0.546138703823,0.410177946091,-0.415104806423
1413393272.055760383606,2,1.376695990562,-2.685681581497,-0.344975888729,0.598696768284,-0.548745989799,0.412772804499,-0.412381678820
1413393272.105760574341,2,1.376084566116,-2.669554710388,-0.340969055891,0.596481680870,-0.550581514835,0.415229886770,-0.410674929619
1413393272.155760288239,2,1.375393867493,-2.653205633163,-0.336534142494,0.593243896961,-0.553171694279,0.417667806149,-0.409409761429
1413393272.205760478973,2,1.370495557785,-2.636538505554,-0.331626415253,0.587642490864,-0.556015908718,0.420498758554,-0.410735249519
1413393272.255760431290,2,1.369577288628,-2.619549036026,-0.326105594635,0.581441104412,-0.561752557755,0.420294195414,-0.411962509155
1413393272.305760622025,2,1.368482947350,-2.603003025055,-0.320181369781,0.574880659580,-0.567188382149,0.421528071165,-0.412460565567
1413393272.355760335922,2,1.364398479462,-2.587310791016,-0.315285354853,0.568461656570,-0.572823941708,0.423006445169,-0.412055462599
1413393272.405760526657,2,1.362438321114,-2.571948051453,-0.310045450926,0.563776493073,-0.578088998795,0.425377398729,-0.408684730530
1413393272.455760478973,2,1.358812689781,-2.558028459549,-0.303398877382,0.559459149837,-0.581922471523,0.430374294519,-0.403918027878
1413393272.505760431290,2,1.356624722481,-2.544231176376,-0.297621876001,0.554559290409,-0.586320638657,0.435185939074,-0.399130821228
1413393272.555760383606,2,1.352463006973,-2.531105756760,-0.292085707188,0.550269246101,-0.590244948864,0.440906971693,-0.392957836390
1413393272.605760574341,2,1.349604725838,-2.518227815628,-0.286149978638,0.546058952808,-0.594067931175,0.447111964226,-0.385997146368
1413393272.655760288239,2,1.346515297890,-2.505247354507,-0.280075669289,0.541455686092,-0.598672747612,0.452325403690,-0.379233986139
1413393272.705760478973,2,1.342968583107,-2.491950511932,-0.274138092995,0.536958217621,-0.603531479836,0.457327574492,-0.371856272221
1413393272.755760431290,2,1.337228775024,-2.476048231125,-0.267340660095,0.531359136105,-0.608649015427,0.462102293968,-0.365602761507
1413393272.805760622025,2,1.333430171013,-2.461688756943,-0.261271178722,0.525570690632,-0.613962292671,0.466832697392,-0.359016656876
1413393272.855760335922,2,1.329241394997,-2.445370912552,-0.254847764969,0.519320249557,-0.618613064289,0.472824364901,-0.352223783731
1413393272.905760526657,2,1.325375556946,-2.429824113846,-0.248031616211,0.512131810188,-0.624194025993,0.477135956287,-0.347050666809
1413393272.955760478973,2,1.321070432663,-2.412936449051,-0.239240765572,0.504982829094,-0.630330860615,0.480511248112,-0.341737329960
1413393273.005760431290,2,1.317352771759,-2.396148681641,-0.232156872749,0.496849656105,-0.636844635010,0.483760714531,-0.336964368820
1413393273.055760383606,2,1.313807725906,-2.378637313843,-0.225145459175,0.487878620625,-0.645152330399,0.484755277634,-0.332814186811
1413393273.105760574341,2,1.311485767365,-2.360531806946,-0.217130541801,0.479874670506,-0.653481781483,0.485798060894,-0.326622277498
1413393273.155760288239,2,1.308659434319,-2.342677116394,-0.209993958473,0.470501869917,-0.661252558231,0.487676054239,-0.321784287691
1413393273.205760478973,2,1.306114554405,-2.324910879135,-0.203315973282,0.461400896311,-0.669385373592,0.489474505186,-0.315352588892
1413393273.255760431290,2,1.303930401802,-2.307345151901,-0.196792125702,0.452490210533,-0.677804112434,0.490957915783,-0.307887285948
1413393273.305760622025,2,1.302221536636,-2.290079116821,-0.190049529076,0.442380160093,-0.685980558395,0.492897182703,-0.301301985979
1413393273.355760335922,2,1.300689578056,-2.273298501968,-0.183486819267,0.432983875275,-0.693180024624,0.495984792709,-0.293301165104
1413393273.405760526657,2,1.301597833633,-2.253706932068,-0.177159667015,0.422076642513,-0.698954403400,0.501298904419,-0.286379933357
1413393273.455760478973,2,1.301187157631,-2.237385272980,-0.171427130699,0.413507461548,-0.705421507359,0.504435658455,-0.277374774218
1413393273.505760431290,2,1.301527023315,-2.221701145172,-0.164590239525,0.403188288212,-0.709711015224,0.510491311550,-0.270459175110
1413393273.555760383606,2,1.303791999817,-2.205502271652,-0.157078146935,0.391856521368,-0.713255167007,0.517522394657,-0.264360040426
1413393273.605760574341,2,1.305137515068,-2.189863920212,-0.149002432823,0.381417542696,-0.716104149818,0.523904383183,-0.259306281805
1413393273.655760288239,2,1.306567668915,-2.174226045609,-0.140384912491,0.370302557945,-0.719087183475,0.530112683773,-0.254500180483
1413393273.705760478973,2,1.307903885841,-2.158497333527,-0.131412744522,0.360174030066,-0.721999704838,0.535786092281,-0.248846188188
1413393273.755760431290,2,1.304845452309,-2.139292716980,-0.119708776474,0.351158708334,-0.725215375423,0.539881289005,-0.243471741676
1413393273.805760622025,2,1.305729031563,-2.123344182968,-0.110805273056,0.341246813536,-0.729382455349,0.543374300003,-0.237268373370
1413393273.855760335922,2,1.306280732155,-2.106976509094,-0.102046489716,0.330927908421,-0.734860599041,0.544489264488,-0.232374891639
1413393273.905760526657,2,1.309203267097,-2.089468717575,-0.093762874603,0.320625573397,-0.740974426270,0.544467031956,-0.227402195334
1413393273.955760478973,2,1.309334754944,-2.073645591736,-0.084798812866,0.310564845800,-0.746634364128,0.545114457607,-0.221217066050
1413393274.005760431290,2,1.309419155121,-2.058063983917,-0.075470447540,0.301385194063,-0.752039551735,0.545279145241,-0.215114563704
1413393274.055760383606,2,1.309645414352,-2.043024539948,-0.066940307617,0.292566865683,-0.756938695908,0.545555233955,-0.209327384830
1413393274.105760574341,2,1.309240102768,-2.028760194778,-0.056646108627,0.282652795315,-0.761381864548,0.546807706356,-0.203485995531
1413393274.155760288239,2,1.308883666992,-2.015017509460,-0.045971155167,0.272824138403,-0.765004098415,0.548722863197,-0.198088526726
1413393274.205760478973,2,1.308330893517,-2.001886129379,-0.035232067108,0.263182073832,-0.768442392349,0.550306320190,-0.193376705050
1413393274.255760431290,2,1.307491064072,-1.989549279213,-0.024695158005,0.253731071949,-0.772214293480,0.551438689232,-0.187672838569
1413393274.305760622025,2,1.306592941284,-1.978178620338,-0.014037132263,0.244571119547,-0.775050103664,0.553561806679,-0.181801334023
1413393274.355760335922,2,1.305620551109,-1.967477083206,-0.005141496658,0.236234501004,-0.777774989605,0.555231273174,-0.176004663110
1413393274.405760526657,2,1.303792357445,-1.957715511322,0.005330562592,0.227575361729,-0.780463933945,0.557215213776,-0.169105842710
1413393274.455760478973,2,1.301533699036,-1.948588728905,0.014406204224,0.218468323350,-0.782835066319,0.559404551983,-0.162811234593
1413393274.505760431290,2,1.298631429672,-1.939691305161,0.021172761917,0.209212511778,-0.784694075584,0.562111556530,-0.156575575471
1413393274.555760383606,2,1.300424218178,-1.925624489784,0.022206544876,0.198176890612,-0.787619888783,0.563898205757,-0.149665340781
1413393274.605760574341,2,1.296746373177,-1.917744278908,0.022959947586,0.188569292426,-0.789551973343,0.566182911396,-0.143130287528
1413393274.655760288239,2,1.293110609055,-1.910887479782,0.021569252014,0.179163724184,-0.791927278042,0.567545175552,-0.136543661356
1413393274.705760478973,2,1.289248228073,-1.905244469643,0.018309593201,0.169973760843,-0.793693125248,0.569552898407,-0.129497691989
1413393274.755760431290,2,1.285044670105,-1.900460124016,0.013537645340,0.161975190043,-0.794205784798,0.572955310345,-0.121340475976
1413393274.805760622025,2,1.280469298363,-1.896231174469,0.008514642715,0.154175505042,-0.793610811234,0.577594578266,-0.113121144474
1413393274.855760335922,2,1.275614261627,-1.892500638962,0.004413127899,0.146481171250,-0.792967736721,0.582042098045,-0.104749605060
1413393274.905760526657,2,1.270556211472,-1.888812899590,0.001141309738,0.138865813613,-0.792062520981,0.586601853371,-0.096184842288
1413393274.955760478973,2,1.265653014183,-1.884685993195,-0.001475095749,0.131449848413,-0.791520774364,0.590193986893,-0.088808700442
1413393275.005760431290,2,1.260395526886,-1.880057334900,-0.003674983978,0.122764833272,-0.790860354900,0.593947350979,-0.081825189292
1413393275.055760383606,2,1.251628994942,-1.876831531525,0.001664161682,0.115190818906,-0.791852414608,0.594937086105,-0.075832925737
1413393275.105760574341,2,1.246410131454,-1.870701551437,0.000463247299,0.106827624142,-0.792097330093,0.596969664097,-0.069260783494
1413393275.155760288239,2,1.241010665894,-1.863882064819,-0.000727415085,0.097733445466,-0.793008148670,0.597985625267,-0.063241794705
1413393275.205760478973,2,1.235674738884,-1.856448292732,-0.002115488052,0.088273838162,-0.794650852680,0.597786784172,-0.058212347329
1413393275.255760431290,2,1.229966878891,-1.848632097244,-0.002944231033,0.078337460756,-0.796332061291,0.597457528114,-0.052565108985
1413393275.305760622025,2,1.224061965942,-1.840496063232,-0.003728628159,0.068297065794,-0.798692464828,0.596075475216,-0.046042948961
1413393275.355760335922,2,1.217950820923,-1.831927299500,-0.004192113876,0.057466469705,-0.800344049931,0.595386207104,-0.040771868080
1413393275.405760526657,2,1.211407542229,-1.823203563690,-0.004524230957,0.046247258782,-0.801937282085,0.594591557980,-0.034910991788
1413393275.455760478973,2,1.204759120941,-1.814041137695,-0.004272818565,0.034914776683,-0.802784383297,0.594521582127,-0.029365664348
1413393275.505760431290,2,1.197571516037,-1.804484009743,-0.003412604332,0.024567052722,-0.803447186947,0.594415962696,-0.023212883621
1413393275.555760383606,2,1.198421120644,-1.790872097015,-0.006048560143,0.012878123671,-0.803445339203,0.595035910606,-0.015556262806
1413393275.605760574341,2,1.190409660339,-1.780719161034,-0.003435611725,0.001551155001,-0.803344964981,0.595426201820,-0.010100513697
1413393275.655760288239,2,1.181826233864,-1.770408272743,-0.000388741493,0.008372297511,0.803428709507,-0.595328569412,0.004015028011
1413393275.705760478973,2,1.172318935394,-1.760219097137,0.003471612930,0.018834019080,0.802914559841,-0.595789849758,-0.002839396009
1413393275.755760431290,2,1.162175774574,-1.749479770660,0.006977200508,0.027934432030,0.804915368557,-0.592641592026,-0.010336467996
1413393275.805760622025,2,1.151913046837,-1.738330602646,0.010298609734,0.036290276796,0.808705091476,-0.586880564690,-0.015824861825
1413393275.855760335922,2,1.141298890114,-1.727317571640,0.014030933380,0.044888731092,0.812948048115,-0.580292999744,-0.018989529461
1413393275.905760526657,2,1.130423545837,-1.716762065887,0.018070816994,0.052705690265,0.817580580711,-0.573047518730,-0.020020144060
1413393275.955760478973,2,1.118841886520,-1.707589507103,0.022515058517,0.059141766280,0.821516275406,-0.566733479500,-0.020652005449
1413393276.005760431290,2,1.106537580490,-1.699767231941,0.026891946793,0.064160086215,0.824136793613,-0.562338709831,-0.021385941654
1413393276.055760383606,2,1.090924978256,-1.691576957703,0.029298067093,0.064437478781,0.824141621590,-0.562124133110,-0.025591507554
1413393276.105760574341,2,1.076125383377,-1.687776684761,0.035270214081,0.060774296522,0.820657610893,-0.567170679569,-0.033837873489
1413393276.155760288239,2,1.060932278633,-1.684847831726,0.041699528694,0.055849861354,0.816322922707,-0.573315918446,-0.042505364865
1413393276.205760478973,2,1.046110987663,-1.682543039322,0.048706650734,0.050371229649,0.811866819859,-0.579486966133,-0.050298843533
1413393276.255760431290,2,1.032106399536,-1.680433511734,0.055660247803,0.045664820820,0.808360099792,-0.584244012833,-0.055925719440
1413393276.305760622025,2,1.019169688225,-1.678244590759,0.062147021294,0.041346866637,0.805993080139,-0.587382972240,-0.060389898717
1413393276.355760335922,2,1.007574796677,-1.676006793976,0.067894816399,0.038917999715,0.805056035519,-0.588735282421,-0.061326749623
1413393276.405760526657,2,0.997423768044,-1.673755407333,0.071706652641,0.037645913661,0.804715991020,-0.589401960373,-0.060170203447
1413393276.455760478973,2,0.988384127617,-1.671590209007,0.072935938835,0.037360906601,0.805138111115,-0.589104771614,-0.057553987950
1413393276.505760431290,2,0.979900836945,-1.670237421989,0.071405887604,0.038102652878,0.806580007076,-0.587500274181,-0.053107131273
1413393276.555760383606,2,0.973616242409,-1.668543100357,0.069125056267,0.040352147073,0.809138357639,-0.584303319454,-0.047503069043
1413393276.605760574341,2,0.967064261436,-1.666984200478,0.063286304474,0.042410846800,0.810859918594,-0.582183063030,-0.042077362537
1413393276.655760288239,2,0.960535407066,-1.666095733643,0.057330489159,0.043627642095,0.812898755074,-0.579542577267,-0.037718407810
1413393276.705760478973,2,0.953787207603,-1.666224241257,0.051953196526,0.044659767300,0.813885927200,-0.578286051750,-0.034357704222
1413393276.755760431290,2,0.946653723717,-1.667090654373,0.046340584755,0.043895121664,0.815360546112,-0.576306283474,-0.033637687564
1413393276.805760622025,2,0.939192056656,-1.669034838676,0.041999101639,0.044232062995,0.815452456474,-0.576249837875,-0.031890772283
1413393276.855760335922,2,0.931317210197,-1.671986222267,0.038330435753,0.043812211603,0.815370619297,-0.576392233372,-0.031988501549
1413393276.905760526657,2,0.923025965691,-1.675821304321,0.035221695900,0.043000925332,0.815202414989,-0.576691508293,-0.031984362751
1413393276.955760478973,2,0.914602279663,-1.680551171303,0.032584905624,0.041986193508,0.814718008041,-0.577434241772,-0.032272662967
1413393277.005760431290,2,0.906036734581,-1.686299800873,0.030264616013,0.041892968118,0.814786791801,-0.577327191830,-0.032570224255
1413393277.055760383606,2,0.895279526711,-1.692640781403,0.027969241142,0.041360497475,0.814757883549,-0.577403783798,-0.032618556172
1413393277.105760574341,2,0.886819720268,-1.699268579483,0.026137828827,0.040991909802,0.814498603344,-0.577763795853,-0.033177006990
1413393277.155760288239,2,0.878269433975,-1.706617832184,0.025133132935,0.041340626776,0.813649773598,-0.578926920891,-0.033298529685
1413393277.205760478973,2,0.869737505913,-1.714523077011,0.024928689003,0.041625339538,0.812367200851,-0.580690264702,-0.033553101122
1413393277.255760431290,2,0.861019730568,-1.722878694534,0.025539278984,0.041184268892,0.810633897781,-0.583096623421,-0.034278355539
1413393277.305760622025,2,0.852178692818,-1.731324195862,0.026537895203,0.040971014649,0.809611797333,-0.584465265274,-0.035364456475
1413393277.355760335922,2,0.843322873116,-1.739963889122,0.027908086777,0.040464650840,0.808720529079,-0.585601627827,-0.037475261837
1413393277.405760526657,2,0.834538221359,-1.748676776886,0.029637932777,0.040033869445,0.808444380760,-0.585949480534,-0.038446903229
1413393277.455760478973,2,0.826117753983,-1.757668375969,0.031779289246,0.040191490203,0.808596849442,-0.585678458214,-0.039199430496
1413393277.505760431290,2,0.817987322807,-1.766687273979,0.034494638443,0.039600297809,0.808807313442,-0.585324287415,-0.040720257908
1413393277.555760383606,2,0.810388684273,-1.776126265526,0.038092970848,0.040228068829,0.808558762074,-0.585664510727,-0.040145512670
1413393277.605760574341,2,0.801117300987,-1.785709619522,0.042301416397,0.041955485940,0.806509792805,-0.588465154171,-0.038607154042
1413393277.655760288239,2,0.793960571289,-1.795170545578,0.045463562012,0.044399123639,0.805234253407,-0.590124547482,-0.037141222507
1413393277.705760478973,2,0.786698937416,-1.805101156235,0.047356128693,0.048702843487,0.803152203560,-0.592717111111,-0.035512696952
1413393277.755760431290,2,0.778821110725,-1.815494537354,0.047052502632,0.053821664304,0.800779044628,-0.595451712608,-0.035964794457
1413393277.805760622025,2,0.770530104637,-1.825453400612,0.044678807259,0.059612143785,0.798965275288,-0.597264468670,-0.037095323205
1413393277.855760335922,2,0.761607289314,-1.834937810898,0.039597153664,0.065795622766,0.797592699528,-0.598283171654,-0.039675582200
1413393277.905760526657,2,0.751925349236,-1.843606233597,0.031943678856,0.072341538966,0.795463621616,-0.600080013275,-0.043685328215
1413393277.955760478973,2,0.741501450539,-1.851370334625,0.023661017418,0.079990610480,0.793036162853,-0.601992905140,-0.047955118120
1413393278.005760431290,2,0.731349706650,-1.858272075653,0.016418457031,0.089012220502,0.790758669376,-0.603346586227,-0.052444983274
1413393278.055760383606,2,0.719808459282,-1.863473296165,0.009784579277,0.098273903131,0.790170550346,-0.602193057537,-0.057760242373
1413393278.105760574341,2,0.707458138466,-1.867337107658,0.003457069397,0.107454277575,0.790996432304,-0.598822891712,-0.064726181328
1413393278.155760288239,2,0.694416284561,-1.870209097862,-0.001937985420,0.117256589234,0.791277050972,-0.595784485340,-0.071919389069
1413393278.205760478973,2,0.680884003639,-1.872164011002,-0.006427526474,0.127210229635,0.791683554649,-0.592351794243,-0.078575730324
1413393278.255760431290,2,0.666543841362,-1.873480439186,-0.010228276253,0.138435393572,0.792220413685,-0.588209390640,-0.085043139756
1413393278.305760622025,2,0.651967883110,-1.874137878418,-0.013029575348,0.151439338923,0.792679190636,-0.584011256695,-0.087503217161
1413393278.355760335922,2,0.636933207512,-1.874233961105,-0.014830827713,0.163407385349,0.793194651604,-0.579947948456,-0.088322058320
1413393278.405760526657,2,0.620366334915,-1.873787045479,-0.018729329109,0.174833059311,0.793571591377,-0.576214373112,-0.087490722537
1413393278.455760478973,2,0.603289484978,-1.872747898102,-0.020088076591,0.184748426080,0.794444024563,-0.572033464909,-0.086628250778
1413393278.505760431290,2,0.584434628487,-1.871711254120,-0.020656347275,0.192264541984,0.795159339905,-0.568651676178,-0.085972942412
1413393278.555760383606,2,0.563539266586,-1.870700001717,-0.020713925362,0.198739483953,0.795878052711,-0.565521299839,-0.085243254900
1413393278.605760574341,2,0.540359139442,-1.869530916214,-0.019694685936,0.203347086906,0.795630514622,-0.564229965210,-0.085245028138
1413393278.655760288239,2,0.514988541603,-1.868052482605,-0.018985033035,0.205055505037,0.795881807804,-0.563020467758,-0.086789369583
1413393278.705760478973,2,0.486995816231,-1.867023229599,-0.018077135086,0.202726244926,0.795443832874,-0.563428342342,-0.093379445374
1413393278.755760431290,2,0.456272482872,-1.865928649902,-0.016144394875,0.195393428206,0.794291615486,-0.565540730953,-0.105290420353
1413393278.805760622025,2,0.424250602722,-1.865134477615,-0.013776540756,0.188005596399,0.792065560818,-0.568944096565,-0.116570673883
1413393278.855760335922,2,0.391579031944,-1.864517450333,-0.010112881660,0.180922463536,0.790992558002,-0.570594489574,-0.126569285989
1413393278.905760526657,2,0.359003067017,-1.860455751419,-0.002947807312,0.175231680274,0.790778398514,-0.571012318134,-0.133822500706
1413393278.955760478973,2,0.327085852623,-1.859425067902,0.001088619232,0.171144306660,0.790389418602,-0.571649968624,-0.138602241874
1413393279.005760431290,2,0.296010136604,-1.858562111855,0.006309628487,0.167783081532,0.790727615356,-0.571425974369,-0.141672253609
1413393279.055760383606,2,0.265860557556,-1.857883810997,0.011893749237,0.165304124355,0.791468381882,-0.570892274380,-0.142599016428
1413393279.105760574341,2,0.236345648766,-1.857581853867,0.017543792725,0.163347914815,0.792759001255,-0.569498360157,-0.143256053329
1413393279.155760288239,2,0.207819461823,-1.857666254044,0.021748661995,0.162260949612,0.793462872505,-0.569049358368,-0.142376348376
1413393279.205760478973,2,0.179948925972,-1.858355164528,0.023233294487,0.160272866488,0.794941425323,-0.567565798759,-0.142301663756
1413393279.255760431290,2,0.153954148293,-1.861454486847,0.025968790054,0.158964410424,0.797497153282,-0.564591407776,-0.141298562288
1413393279.305760622025,2,0.128163576126,-1.863155722618,0.021912217140,0.158246666193,0.799699723721,-0.562067449093,-0.139708906412
1413393279.355760335922,2,0.103272080421,-1.865256190300,0.017083764076,0.157493561506,0.802608072758,-0.558600783348,-0.137772485614
1413393279.405760526657,2,0.079124927521,-1.867766022682,0.012343764305,0.156641885638,0.805992901325,-0.554398894310,-0.135943889618
1413393279.455760478973,2,0.055203080177,-1.871653437614,0.008334279060,0.155203253031,0.807386279106,-0.552973330021,-0.135128811002
1413393279.505760431290,2,0.031774997711,-1.876895666122,0.005299568176,0.154094651341,0.807692945004,-0.553068816662,-0.134171441197
1413393279.555760383606,2,0.009236693382,-1.883312106133,0.003296136856,0.152267381549,0.807101607323,-0.554585933685,-0.133552238345
1413393279.605760574341,2,-0.012842535973,-1.891045808792,0.002097845078,0.149679869413,0.805390000343,-0.557665824890,-0.133984208107
1413393279.655760288239,2,-0.034249663353,-1.899862527847,0.001656293869,0.147478565574,0.802917003632,-0.561692774296,-0.134445503354
1413393279.705760478973,2,-0.057900071144,-1.903953075409,0.001877546310,0.144858762622,0.801524281502,-0.564518392086,-0.133768185973
1413393279.755760431290,2,-0.077898323536,-1.914566755295,0.002243161201,0.143515422940,0.799681186676,-0.567533314228,-0.133489057422
1413393279.805760622025,2,-0.096758425236,-1.925540208817,0.001494407654,0.142641738057,0.797869265079,-0.570518076420,-0.132541283965
1413393279.855760335922,2,-0.114705145359,-1.936958312988,-0.000116467476,0.141704440117,0.795986175537,-0.573782622814,-0.130764722824
1413393279.905760526657,2,-0.131751894951,-1.948609113693,-0.002456307411,0.141676366329,0.794517099857,-0.576130151749,-0.129400491714
1413393279.955760478973,2,-0.147690713406,-1.960146188736,-0.004138469696,0.141720607877,0.792671978474,-0.579102337360,-0.127385139465
1413393280.005760431290,2,-0.162417054176,-1.971414566040,-0.005842208862,0.141400098801,0.792371511459,-0.580142676830,-0.124851733446
1413393280.055760383606,2,-0.175991714001,-1.982480049133,-0.007229924202,0.141366094351,0.792223453522,-0.580799758434,-0.122756913304
1413393280.105760574341,2,-0.188417255878,-1.993095993996,-0.007717132568,0.142163842916,0.791934549809,-0.581921637058,-0.118306741118
1413393280.155760288239,2,-0.200067400932,-2.003087043762,-0.007156491280,0.143391072750,0.791509926319,-0.583187282085,-0.113330483437
1413393280.205760478973,2,-0.207683980465,-2.009447336197,-0.009104728699,0.145041286945,0.789804816246,-0.586019158363,-0.108411706984
1413393280.255760431290,2,-0.218829512596,-2.017642974854,-0.007366538048,0.146210566163,0.790269494057,-0.586021065712,-0.103324212134
1413393280.305760622025,2,-0.230238854885,-2.025263786316,-0.004815936089,0.146512553096,0.789704561234,-0.587247073650,-0.100208170712
1413393280.355760335922,2,-0.241874098778,-2.032141208649,-0.001427412033,0.147035419941,0.788536190987,-0.589289486408,-0.096588186920
1413393280.405760526657,2,-0.253890395164,-2.038319110870,0.002991080284,0.148233458400,0.786295652390,-0.592602431774,-0.092673048377
1413393280.455760478973,2,-0.266293615103,-2.043609142303,0.007926940918,0.150899127126,0.784629762173,-0.595024049282,-0.086787179112
1413393280.505760431290,2,-0.279606938362,-2.047715902328,0.013062357903,0.152016878128,0.784083485603,-0.596136391163,-0.082008227706
1413393280.555760383606,2,-0.294133335352,-2.050495386124,0.016150474548,0.152897328138,0.786713004112,-0.592846691608,-0.078980520368
1413393280.605760574341,2,-0.309554368258,-2.052188634872,0.017737507820,0.153453886509,0.788502156734,-0.590734064579,-0.075826242566
1413393280.655760288239,2,-0.326195299625,-2.052764177322,0.017062902451,0.154148682952,0.790652513504,-0.588058412075,-0.072760693729
1413393280.705760478973,2,-0.345154553652,-2.050735712051,0.012862920761,0.155450910330,0.792050123215,-0.586222767830,-0.069531336427
1413393280.755760431290,2,-0.364001661539,-2.048240661621,0.007736444473,0.157372340560,0.793174147606,-0.584676980972,-0.065279982984
1413393280.805760622025,2,-0.384499967098,-2.044736862183,0.000312328339,0.159201979637,0.794567167759,-0.582732141018,-0.061164259911
1413393280.855760335922,2,-0.407161355019,-2.040853738785,-0.008573174477,0.160671621561,0.796655476093,-0.579735696316,-0.058577317744
1413393280.905760526657,2,-0.432352840900,-2.037004470825,-0.016685366631,0.159850850701,0.797813475132,-0.578407526016,-0.058191556484
1413393280.955760478973,2,-0.460046440363,-2.033169746399,-0.023628830910,0.157971382141,0.798739671707,-0.577523410320,-0.059386327863
1413393281.005760431290,2,-0.490608930588,-2.030092239380,-0.028233051300,0.153799518943,0.800175189972,-0.575987875462,-0.065600827336
1413393281.055760383606,2,-0.526266992092,-2.031591892242,-0.028350234032,0.146532803774,0.801662206650,-0.574768602848,-0.074209637940
1413393281.105760574341,2,-0.560316145420,-2.028705120087,-0.028640508652,0.140989229083,0.803466498852,-0.572601437569,-0.081800244749
1413393281.155760288239,2,-0.595228612423,-2.027071475983,-0.028474330902,0.135800421238,0.804453313351,-0.571328222752,-0.089427486062
1413393281.205760478973,2,-0.630096375942,-2.025562286377,-0.026835203171,0.131826251745,0.804722428322,-0.571027636528,-0.094716273248
1413393281.255760431290,2,-0.664894819260,-2.024563312531,-0.024448633194,0.128631338477,0.805324673653,-0.570045351982,-0.099772244692
1413393281.305760622025,2,-0.699097216129,-2.024112462997,-0.021581411362,0.126325905323,0.805436849594,-0.569662868977,-0.103911258280
1413393281.355760335922,2,-0.732709646225,-2.024293184280,-0.017444849014,0.125243991613,0.805310547352,-0.569538176060,-0.106841765344
1413393281.405760526657,2,-0.763392329216,-2.016458034515,-0.021811008453,0.124454274774,0.803153216839,-0.572050333023,-0.110519520938
1413393281.455760478973,2,-0.795336842537,-2.017304897308,-0.016861438751,0.125517353415,0.803005397320,-0.571819067001,-0.111582599580
1413393281.505760431290,2,-0.826361715794,-2.018704891205,-0.012350082397,0.126411303878,0.803130805492,-0.571167469025,-0.112999036908
1413393281.555760383606,2,-0.856341838837,-2.020707130432,-0.007878065109,0.127640455961,0.802975773811,-0.571012079716,-0.113504156470
1413393281.605760574341,2,-0.885494947433,-2.023613452911,-0.003483772278,0.129161730409,0.801963567734,-0.571857511997,-0.114676661789
1413393281.655760288239,2,-0.913859128952,-2.027035713196,0.001471042633,0.130138620734,0.800218462944,-0.573633193970,-0.116873808205
1413393281.705760478973,2,-0.941324889660,-2.027734994888,0.001490116119,0.131528913975,0.797483384609,-0.576902985573,-0.117912888527
1413393281.755760431290,2,-0.967813253403,-2.031751632690,0.007493257523,0.132429972291,0.794776082039,-0.579912960529,-0.120392195880
1413393281.805760622025,2,-0.993263065815,-2.036163091660,0.014115095139,0.132876902819,0.790808737278,-0.584625959396,-0.123198673129
1413393281.855760335922,2,-1.016959071159,-2.040502071381,0.021531343460,0.136185362935,0.786654293537,-0.589826762676,-0.121379695833
1413393281.905760526657,2,-1.039656758308,-2.044169902802,0.028514385223,0.138951092958,0.784407198429,-0.592197597027,-0.121243946254
1413393281.955760478973,2,-1.061020851135,-2.046950101852,0.035584926605,0.142696425319,0.784100413322,-0.592206478119,-0.118810035288
1413393282.005760431290,2,-1.081864237785,-2.048919200897,0.042853355408,0.145913124084,0.785733282566,-0.589515626431,-0.117490321398
1413393282.055760383606,2,-1.100925445557,-2.049668788910,0.051903963089,0.149557754397,0.788152992725,-0.585857212543,-0.114972524345
1413393282.105760574341,2,-1.120132088661,-2.050289630890,0.059076309204,0.153504148126,0.790241241455,-0.582712113857,-0.111364051700
1413393282.155760288239,2,-1.139284253120,-2.050880670547,0.067526578903,0.158374890685,0.791590392590,-0.580478966236,-0.106518752873
1413393282.205760478973,2,-1.158537745476,-2.051425457001,0.075943231583,0.161408632994,0.793197393417,-0.578085184097,-0.102969661355
1413393282.255760431290,2,-1.178666114807,-2.052275657654,0.085566997528,0.164270207286,0.794517517090,-0.576010167599,-0.099848270416
1413393282.305760622025,2,-1.199621558189,-2.053252220154,0.095444202423,0.165025696158,0.795234858990,-0.574868202209,-0.099471889436
1413393282.355760335922,2,-1.221722364426,-2.054405689240,0.105935335159,0.162340685725,0.794619798660,-0.575850307941,-0.103060074151
1413393282.405760526657,2,-1.244296312332,-2.055637359619,0.116905927658,0.158806234598,0.793597459793,-0.577342033386,-0.107980944216
1413393282.455760478973,2,-1.267126321793,-2.057126522064,0.127304553986,0.153904572129,0.792599141598,-0.578774929047,-0.114540465176
1413393282.505760431290,2,-1.289631962776,-2.058491706848,0.136199235916,0.149967923760,0.792454302311,-0.579100370407,-0.119031943381
1413393282.555760383606,2,-1.311785459518,-2.060242891312,0.143246650696,0.146694317460,0.791968762875,-0.579815208912,-0.122803509235
1413393282.605760574341,2,-1.334337592125,-2.063360929489,0.151428461075,0.143389984965,0.791755735874,-0.580226838589,-0.126091480255
1413393282.655760288239,2,-1.354717254639,-2.065763950348,0.152942180634,0.140800893307,0.790632367134,-0.581881344318,-0.128412723541
1413393282.705760478973,2,-1.373881697655,-2.068171977997,0.152723073959,0.138699904084,0.789509534836,-0.583672583103,-0.129473716021
1413393282.755760431290,2,-1.391378998756,-2.070290088654,0.152345657349,0.136567369103,0.788146913052,-0.586397171021,-0.127719670534
1413393282.805760622025,2,-1.406963586807,-2.071978569031,0.152157783508,0.134651273489,0.786456704140,-0.590197026730,-0.122565828264
1413393282.855760335922,2,-1.420965909958,-2.072757244110,0.152318000793,0.131437733769,0.786421597004,-0.592374205589,-0.115577153862
1413393282.905760526657,2,-1.433902978897,-2.072385787964,0.152166843414,0.127164617181,0.789035379887,-0.591101706028,-0.108862869442
1413393282.955760478973,2,-1.445978403091,-2.070995807648,0.152331113815,0.120809666812,0.792914092541,-0.588406622410,-0.102323099971
1413393283.005760431290,2,-1.457108736038,-2.069167852402,0.152566671371,0.113914862275,0.797721326351,-0.584427118301,-0.095441885293
1413393283.055760383606,2,-1.467742443085,-2.067548036575,0.153455972672,0.105197668076,0.802505016327,-0.580451488495,-0.089416533709
1413393283.105760574341,2,-1.477983474731,-2.061562299728,0.155907154083,0.095137044787,0.806570649147,-0.577455699444,-0.083293274045
1413393283.155760288239,2,-1.487173914909,-2.060212850571,0.157756090164,0.083975404501,0.809108257294,-0.576344668865,-0.078223071992
1413393283.205760478973,2,-1.495649576187,-2.059436798096,0.160030126572,0.072907626629,0.811188936234,-0.575682520866,-0.072434566915
1413393283.255760431290,2,-1.503676891327,-2.059693336487,0.162469863892,0.060535766184,0.812989056110,-0.575194180012,-0.067349031568
1413393283.305760622025,2,-1.510828614235,-2.060621023178,0.165102720261,0.049375671893,0.814326465130,-0.575110852718,-0.060680016875
1413393283.355760335922,2,-1.516972303391,-2.062256813049,0.167839765549,0.037646416575,0.815622568130,-0.574807345867,-0.054213624448
1413393283.405760526657,2,-1.522090196609,-2.064772129059,0.170379757881,0.025807384402,0.816222071648,-0.575292766094,-0.046408727765
1413393283.455760478973,2,-1.526395559311,-2.068292379379,0.171896576881,0.014621295966,0.816890001297,-0.575326859951,-0.038417659700
1413393283.505760431290,2,-1.529446601868,-2.072402000427,0.171567797661,0.003190023592,0.817267894745,-0.575469434261,-0.029966179281
1413393283.555760383606,2,-1.531409978867,-2.077222824097,0.169537663460,0.007652825210,-0.817146480083,0.576033473015,0.019962728024
1413393283.605760574341,2,-1.533979654312,-2.085256576538,0.166922330856,0.017693342641,-0.817480027676,0.575589478016,0.010494441725
1413393283.655760288239,2,-1.534510612488,-2.091380596161,0.158342599869,0.028585979715,-0.816312491894,0.576899766922,0.001875302987
1413393283.705760478973,2,-1.534263730049,-2.097601175308,0.148063302040,0.039017666131,-0.814332306385,0.579035818577,-0.007623701356
1413393283.755760431290,2,-1.533597707748,-2.104422092438,0.136463761330,0.049863513559,-0.811388850212,0.582172811031,-0.015382459387
1413393283.805760622025,2,-1.531894683838,-2.111819744110,0.124457955360,0.060568764806,-0.808948934078,0.584245681763,-0.024292811751
1413393283.855760335922,2,-1.529954195023,-2.118949890137,0.112381219864,0.072347402573,-0.806602656841,0.585777819157,-0.031974077225
1413393283.905760526657,2,-1.527391076088,-2.125749349594,0.100654721260,0.084382139146,-0.804875910282,0.586102187634,-0.039225876331
1413393283.955760478973,2,-1.523297548294,-2.133333206177,0.090701580048,0.097263850272,-0.803819119930,0.584980607033,-0.047035038471
1413393284.005760431290,2,-1.518924951553,-2.139354944229,0.079554438591,0.109682135284,-0.804141461849,0.581632971764,-0.055039796978
1413393284.055760383606,2,-1.513674974442,-2.145119428635,0.069662690163,0.121689110994,-0.803196012974,0.579701602459,-0.063356511295
1413393284.105760574341,2,-1.507620811462,-2.150719881058,0.060668826103,0.134528353810,-0.802215456963,0.577245593071,-0.071693658829
1413393284.155760288239,2,-1.500715732574,-2.156299114227,0.053010582924,0.146797850728,-0.800246596336,0.575811207294,-0.080605797470
1413393284.205760478973,2,-1.492967367172,-2.162235260010,0.046452999115,0.158811911941,-0.798007905483,0.574476718903,-0.089098863304
1413393284.255760431290,2,-1.484232902527,-2.168094873428,0.040919899940,0.172019883990,-0.794770717621,0.573789477348,-0.097541250288
1413393284.305760622025,2,-1.474549531937,-2.173959255219,0.036087930202,0.184553816915,-0.791608572006,0.572623312473,-0.106763213873
1413393284.355760335922,2,-1.464223146439,-2.179867506027,0.031893491745,0.196745440364,-0.787288486958,0.572653710842,-0.116343684494
1413393284.405760526657,2,-1.452884674072,-2.185223817825,0.029848456383,0.209094345570,-0.783117949963,0.571796953678,-0.126704812050
1413393284.455760478973,2,-1.440532207489,-2.190102577209,0.026621401310,0.221857339144,-0.778204202652,0.571483194828,-0.136325374246
1413393284.505760431290,2,-1.427710771561,-2.194327592850,0.023436129093,0.234353423119,-0.773381471634,0.570502519608,-0.146582826972
1413393284.555760383606,2,-1.414464473724,-2.197893857956,0.020138919353,0.247444808483,-0.769419550896,0.567717432976,-0.156402394176
1413393284.605760574341,2,-1.401006221771,-2.200664043427,0.017061054707,0.259924441576,-0.765362858772,0.564714670181,-0.166602209210
1413393284.655760288239,2,-1.389544248581,-2.203851938248,0.014692276716,0.271375715733,-0.762489557266,0.559423744678,-0.178913414478
1413393284.705760478973,2,-1.375389099121,-2.205078840256,0.011563092470,0.282560378313,-0.760680079460,0.551997601986,-0.191896080971
1413393284.755760431290,2,-1.360801219940,-2.206256866455,0.009015180171,0.293122619390,-0.758267879486,0.544934928417,-0.205316498876
1413393284.805760622025,2,-1.346308231354,-2.207645416260,0.006830736995,0.304761976004,-0.754746794701,0.538472592831,-0.218001797795
1413393284.855760335922,2,-1.333043336868,-2.212090730667,0.005860924721,0.317153841257,-0.750862181187,0.531696736813,-0.230039432645
1413393284.905760526657,2,-1.319051742554,-2.214315176010,0.003870785236,0.329763919115,-0.746074438095,0.525823235512,-0.241119533777
1413393284.955760478973,2,-1.305116176605,-2.217226982117,0.002165496349,0.342899888754,-0.740350008011,0.520641982555,-0.251462846994
1413393285.005760431290,2,-1.289580821991,-2.222521543503,0.000009238720,0.355746805668,-0.734300136566,0.515203952789,-0.262321382761
1413393285.055760383606,2,-1.275952816010,-2.227375745773,-0.001238405704,0.368623137474,-0.727951645851,0.510198593140,-0.271847248077
1413393285.105760574341,2,-1.262277841568,-2.233083724976,-0.001679778099,0.380745112896,-0.721409559250,0.504886925220,-0.282295346260
1413393285.155760288239,2,-1.248861789703,-2.239906311035,-0.001647949219,0.393348783255,-0.713954389095,0.500419557095,-0.291763931513
1413393285.205760478973,2,-1.236074447632,-2.247931003571,-0.001575469971,0.405307024717,-0.707114458084,0.495121330023,-0.300948947668
1413393285.255760431290,2,-1.223126173019,-2.254744768143,0.001598238945,0.416631132364,-0.699934959412,0.490048766136,-0.310421913862
1413393285.305760622025,2,-1.210505723953,-2.264073371887,0.001580595970,0.428669869900,-0.692418813705,0.484831959009,-0.318961262703
1413393285.355760335922,2,-1.198029279709,-2.274480342865,0.001743197441,0.439780533314,-0.684524178505,0.480480939150,-0.327349632978
1413393285.405760526657,2,-1.185776948929,-2.285610675812,0.001918792725,0.451496958733,-0.676571547985,0.475449979305,-0.335184693336
1413393285.455760478973,2,-1.169620275497,-2.296461105347,0.003200650215,0.463047802448,-0.668699622154,0.470447778702,-0.342208296061
1413393285.505760431290,2,-1.157130956650,-2.309293508530,0.003612041473,0.474130600691,-0.660493552685,0.465481817722,-0.349678575993
1413393285.555760383606,2,-1.144689798355,-2.322973251343,0.004272818565,0.486028522253,-0.651142597198,0.461486011744,-0.356118351221
1413393285.605760574341,2,-1.132284879684,-2.337341308594,0.005334019661,0.497219562531,-0.641562879086,0.457820117474,-0.362726688385
1413393285.655760288239,2,-1.120143175125,-2.351893424988,0.006877303123,0.508307397366,-0.630863964558,0.454968839884,-0.369645357132
1413393285.705760478973,2,-1.112537384033,-2.368574857712,0.011518359184,0.519652843475,-0.619849205017,0.452389776707,-0.375621318817
1413393285.755760431290,2,-1.100612163544,-2.384116172791,0.013817548752,0.531804621220,-0.607555449009,0.452263295650,-0.378838032484
1413393285.805760622025,2,-1.089206457138,-2.399249076843,0.016753673553,0.542993128300,-0.596376240253,0.450797021389,-0.382460534573
1413393285.855760335922,2,-1.078289270401,-2.413805007935,0.020183324814,0.552122473717,-0.587758004665,0.446828544140,-0.387357175350
1413393285.905760526657,2,-1.067723035812,-2.427768707275,0.023988962173,0.558247506618,-0.583211362362,0.440098851919,-0.393112361431
1413393285.955760478973,2,-1.061320543289,-2.438726186752,0.026842594147,0.562894940376,-0.579448103905,0.434351503849,-0.398406803608
1413393286.005760431290,2,-1.051325798035,-2.452141523361,0.030948400497,0.566105842590,-0.577239573002,0.428923457861,-0.402918606997
1413393286.055760383606,2,-1.041271448135,-2.465514659882,0.034959554672,0.568361639977,-0.576679706573,0.423434555531,-0.406335860491
1413393286.105760574341,2,-1.031044483185,-2.478797912598,0.039271593094,0.569477200508,-0.576567232609,0.419075161219,-0.409441024065
1413393286.155760288239,2,-1.020650148392,-2.492363452911,0.043946266174,0.569654583931,-0.576166212559,0.416794925928,-0.412077814341
1413393286.205760478973,2,-1.010338544846,-2.506335496902,0.048598051071,0.569540679455,-0.576349377632,0.415322184563,-0.413463860750
1413393286.255760431290,2,-1.000229358673,-2.520948410034,0.052227735519,0.569131314754,-0.576052844524,0.415518581867,-0.414242804050
1413393286.305760622025,2,-0.990747690201,-2.536023378372,0.053673744202,0.568512082100,-0.576620936394,0.415726959705,-0.414093703032
1413393286.355760335922,2,-0.981907367706,-2.551502704620,0.052653312683,0.568110346794,-0.576477348804,0.417722612619,-0.412834614515
1413393286.405760526657,2,-0.973507165909,-2.567198991776,0.048930406570,0.567594230175,-0.576440691948,0.420083701611,-0.411196619272
1413393286.455760478973,2,-0.967846870422,-2.585073947906,0.041436195374,0.566597640514,-0.576598763466,0.422739535570,-0.409624516964
1413393286.505760431290,2,-0.960753917694,-2.600826263428,0.031383514404,0.565193176270,-0.577752768993,0.424273490906,-0.408351093531
1413393286.555760383606,2,-0.953843355179,-2.616336822510,0.020539999008,0.563368499279,-0.579334199429,0.425503253937,-0.407351166010
1413393286.605760574341,2,-0.947355270386,-2.631446838379,0.010349988937,0.561778962612,-0.581884860992,0.425108432770,-0.406321704388
1413393286.655760288239,2,-0.941092252731,-2.646703243256,0.001862049103,0.560956418514,-0.583485543728,0.425929814577,-0.404297500849
1413393286.705760478973,2,-0.934715747833,-2.662112236023,-0.004465579987,0.560776710510,-0.584488630295,0.427307158709,-0.401635676622
1413393286.755760431290,2,-0.927855253220,-2.677258014679,-0.008364677429,0.561735153198,-0.584477365017,0.429795265198,-0.397637903690
1413393286.805760622025,2,-0.921407461166,-2.692234992981,-0.010652065277,0.563854694366,-0.583344578743,0.433488130569,-0.392256438732
1413393286.855760335922,2,-0.914512872696,-2.706529617310,-0.011172056198,0.566843807697,-0.581452488899,0.437072426081,-0.386741250753
1413393286.905760526657,2,-0.907898426056,-2.719403266907,-0.010953664780,0.570680797100,-0.578006803989,0.440352022648,-0.382520288229
1413393286.955760478973,2,-0.900396823883,-2.729526996613,-0.004812240601,0.575245678425,-0.574297964573,0.441781759262,-0.379609167576
1413393287.005760431290,2,-0.893373250961,-2.738833427429,-0.003389596939,0.579792201519,-0.570087909698,0.442223817110,-0.378522008657
1413393287.055760383606,2,-0.885819673538,-2.745831489563,-0.001108169556,0.583698391914,-0.565300107002,0.441775619984,-0.380218952894
1413393287.105760574341,2,-0.878118991852,-2.750535011292,0.001514196396,0.588294386864,-0.561065495014,0.439176231623,-0.382412761450
1413393287.155760288239,2,-0.870382070541,-2.752877235413,0.005443334579,0.592834651470,-0.557029485703,0.434671819210,-0.386426806450
1413393287.205760478973,2,-0.862722873688,-2.752778768539,0.009886980057,0.596382617950,-0.554322719574,0.427368104458,-0.392951071262
1413393287.255760431290,2,-0.855333566666,-2.750674724579,0.014556646347,0.600290477276,-0.551284253597,0.418129593134,-0.401129215956
1413393287.305760622025,2,-0.847562313080,-2.747165918350,0.020179748535,0.604182422161,-0.547010362148,0.409310221672,-0.410132378340
1413393287.355760335922,2,-0.839585781097,-2.742691516876,0.026577472687,0.608333647251,-0.541286945343,0.400692611933,-0.419980943203
1413393287.405760526657,2,-0.832148790359,-2.737863540649,0.032861471176,0.613277792931,-0.534298539162,0.392472594976,-0.429395705462
1413393287.455760478973,2,-0.825603485107,-2.735598802567,0.040419101715,0.619460761547,-0.526545464993,0.383434146643,-0.438174128532
1413393287.505760431290,2,-0.817587852478,-2.729985952377,0.048377752304,0.626845538616,-0.517840683460,0.375354677439,-0.444988191128
1413393287.555760383606,2,-0.809804439545,-2.724338054657,0.056294679642,0.635025739670,-0.508819162846,0.367121964693,-0.450629353523
1413393287.605760574341,2,-0.807171463966,-2.719417810440,0.061077833176,0.643051028252,-0.499454587698,0.358313620090,-0.456773310900
1413393287.655760288239,2,-0.799727916718,-2.714160919189,0.068312883377,0.651040613651,-0.490519315004,0.349000722170,-0.462315320969
1413393287.705760478973,2,-0.792152047157,-2.709110260010,0.076238870621,0.658051729202,-0.480793297291,0.340148836374,-0.469152957201
1413393287.755760431290,2,-0.784351587296,-2.704313755035,0.083923339844,0.664833426476,-0.470832705498,0.331408113241,-0.475900948048
1413393287.805760622025,2,-0.782550334930,-2.701443910599,0.085834026337,0.671648800373,-0.460175216198,0.323517262936,-0.482144534588
1413393287.855760335922,2,-0.774706125259,-2.697496891022,0.092086791992,0.677289783955,-0.449625939131,0.314995974302,-0.489788413048
1413393287.905760526657,2,-0.766682863235,-2.694206714630,0.097265720367,0.683780133724,-0.438791722059,0.306999683380,-0.495638817549
1413393287.955760478973,2,-0.758138418198,-2.691385269165,0.102161884308,0.689801812172,-0.427498757839,0.299813508987,-0.501527845860
1413393288.005760431290,2,-0.748993992805,-2.689051151276,0.106755733490,0.694859564304,-0.416968256235,0.292467474937,-0.507711112499
1413393288.055760383606,2,-0.742139220238,-2.685478687286,0.105715513229,0.700174927711,-0.407378286123,0.286088913679,-0.511811673641
1413393288.105760574341,2,-0.732087016106,-2.684934139252,0.108211755753,0.705182015896,-0.399090975523,0.281106144190,-0.514221787453
1413393288.155760288239,2,-0.721539497375,-2.685159444809,0.109826803207,0.710169017315,-0.392978161573,0.276100814342,-0.514778196812
1413393288.205760478973,2,-0.710110545158,-2.686053037643,0.110636472702,0.714652776718,-0.388599753380,0.272586584091,-0.513768613338
1413393288.255760431290,2,-0.698182106018,-2.687141895294,0.110587835312,0.719423770905,-0.386365383863,0.268825352192,-0.510768234730
1413393288.305760622025,2,-0.685601949692,-2.688433170319,0.109886407852,0.724312961102,-0.384577006102,0.265781879425,-0.506785154343
1413393288.355760335922,2,-0.671801924706,-2.689748287201,0.109015941620,0.727480888367,-0.384767830372,0.262976050377,-0.503556251526
1413393288.405760526657,2,-0.656624436378,-2.690583944321,0.108097076416,0.728693664074,-0.384381562471,0.262255072594,-0.502472519875
1413393288.455760478973,2,-0.640387654305,-2.690997600555,0.107680082321,0.727210462093,-0.382984250784,0.263861507177,-0.504841744900
1413393288.505760431290,2,-0.623231768608,-2.691419124603,0.106929063797,0.724573016167,-0.382535308599,0.265953034163,-0.507867813110
1413393288.555760383606,2,-0.606308937073,-2.695311784744,0.106400728226,0.720885097980,-0.381741315126,0.269450128078,-0.511854469776
1413393288.605760574341,2,-0.588039159775,-2.695261001587,0.105619907379,0.717911839485,-0.379753708839,0.272082597017,-0.516101479530
1413393288.655760288239,2,-0.570143461227,-2.695496797562,0.105034351349,0.715101301670,-0.377325624228,0.274122208357,-0.520684778690
1413393288.705760478973,2,-0.553143262863,-2.696046829224,0.104014635086,0.713424086571,-0.373865574598,0.274685353041,-0.525165379047
1413393288.755760431290,2,-0.536978363991,-2.697221755981,0.101990699768,0.714272618294,-0.370151251554,0.273779779673,-0.527112245560
1413393288.805760622025,2,-0.521045088768,-2.698851585388,0.099296569824,0.715392947197,-0.367218554020,0.273261189461,-0.527912676334
1413393288.855760335922,2,-0.505459547043,-2.700795650482,0.095681905746,0.717745542526,-0.364942103624,0.272393494844,-0.526745200157
1413393288.905760526657,2,-0.490072727203,-2.702678680420,0.092778444290,0.719484925270,-0.363319277763,0.270279437304,-0.526583075523
1413393288.955760478973,2,-0.474680900574,-2.705099105835,0.087808370590,0.721670031548,-0.362438976765,0.268745332956,-0.524982213974
1413393289.005760431290,2,-0.459574937820,-2.707533836365,0.081003665924,0.722860813141,-0.360967785120,0.267789363861,-0.524846076965
1413393289.055760383606,2,-0.444455146790,-2.711160182953,0.075171470642,0.724471569061,-0.359688729048,0.266884148121,-0.523963570595
1413393289.105760574341,2,-0.430197000504,-2.713959455490,0.064527511597,0.724383354187,-0.359093666077,0.265875101089,-0.525005817413
1413393289.155760288239,2,-0.416054964066,-2.716475009918,0.053292989731,0.724060297012,-0.357896029949,0.264531821012,-0.526944220066
1413393289.205760478973,2,-0.402045130730,-2.719025611877,0.042349815369,0.724174320698,-0.357216894627,0.262238621712,-0.528392493725
1413393289.255760431290,2,-0.388281822205,-2.722149372101,0.032304763794,0.724436819553,-0.355379164219,0.261794686317,-0.529490828514
1413393289.305760622025,2,-0.374696731567,-2.725640535355,0.023506641388,0.724713981152,-0.353933185339,0.261828750372,-0.530062913895
1413393289.355760335922,2,-0.361406683922,-2.729447841644,0.015996456146,0.725796461105,-0.352765411139,0.261238813400,-0.529651165009
1413393289.405760526657,2,-0.348205447197,-2.733624696732,0.009566545486,0.727400958538,-0.351112306118,0.262114018202,-0.528113961220
1413393289.455760478973,2,-0.335391521454,-2.737781047821,0.005012035370,0.728571414948,-0.350792676210,0.261859208345,-0.526837766171
1413393289.505760431290,2,-0.323195338249,-2.741951942444,0.002659797668,0.729791104794,-0.351337015629,0.260908246040,-0.525256216526
1413393289.555760383606,2,-0.309157729149,-2.749245882034,0.000133037567,0.730891942978,-0.350538909435,0.260885208845,-0.524269342422
1413393289.605760574341,2,-0.296891927719,-2.753331422806,0.000253677368,0.731628119946,-0.350640147924,0.261338502169,-0.522947430611
1413393289.655760288239,2,-0.284812331200,-2.757036685944,0.000445127487,0.732304155827,-0.350829541683,0.261157035828,-0.521963953972
1413393289.705760478973,2,-0.273166656494,-2.760391950607,0.000730752945,0.732684552670,-0.351290941238,0.260724693537,-0.521335482597
1413393289.755760431290,2,-0.261541962624,-2.763239860535,0.001629590988,0.732202887535,-0.351812690496,0.261378377676,-0.521333038807
1413393289.805760622025,2,-0.250092387199,-2.765538215637,0.003189802170,0.731373906136,-0.352184921503,0.261908173561,-0.521979153156
1413393289.855760335922,2,-0.238850593567,-2.767442703247,0.005742311478,0.729937851429,-0.352684974670,0.262781947851,-0.523211002350
1413393289.905760526657,2,-0.227827429771,-2.769089698792,0.008675098419,0.728599667549,-0.352898597717,0.264638453722,-0.523995757103
1413393289.955760478973,2,-0.216920137405,-2.770158290863,0.012277126312,0.727195382118,-0.353292196989,0.265969842672,-0.525006294250
1413393290.005760431290,2,-0.207020044327,-2.771354675293,0.015332937241,0.726337194443,-0.354193389416,0.266847908497,-0.525141477585
1413393290.055760383606,2,-0.201438307762,-2.772832393646,0.018498659134,0.725633859634,-0.355773538351,0.267236322165,-0.524848043919
1413393290.105760574341,2,-0.191760420799,-2.774386167526,0.018222808838,0.724707067013,-0.357314825058,0.267465382814,-0.524964928627
1413393290.155760288239,2,-0.182797908783,-2.775846481323,0.015100240707,0.723903536797,-0.358781129122,0.267435103655,-0.525088906288
1413393290.205760478973,2,-0.174582004547,-2.777499198914,0.009070396423,0.723312258720,-0.361032605171,0.266914546490,-0.524625062943
1413393290.255760431290,2,-0.166895389557,-2.779198646545,0.000662326813,0.722948491573,-0.362651050091,0.266854435205,-0.524040460587
1413393290.305760622025,2,-0.159537792206,-2.780947685242,-0.010574817657,0.723573625088,-0.364128857851,0.267010480165,-0.522069811821
1413393290.355760335922,2,-0.152398228645,-2.782418489456,-0.023133754730,0.724670708179,-0.365171849728,0.267151474953,-0.519742310047
1413393290.405760526657,2,-0.145475268364,-2.783764362335,-0.035979747772,0.726496040821,-0.365263164043,0.266375750303,-0.517523229122
1413393290.455760478973,2,-0.138505458832,-2.784757852554,-0.048918485641,0.728814899921,-0.364168882370,0.264600157738,-0.515942633152
1413393290.505760431290,2,-0.131790041924,-2.785280466080,-0.061526536942,0.731435298920,-0.362212926149,0.262427508831,-0.514719486237
1413393290.555760383606,2,-0.125844478607,-2.782183170319,-0.076998949051,0.733162224293,-0.360205918550,0.261218369007,-0.514285743237
1413393290.605760574341,2,-0.118729114532,-2.782102108002,-0.088683366776,0.734622836113,-0.358141422272,0.259740799665,-0.514391601086
1413393290.655760288239,2,-0.111199975014,-2.781501770020,-0.100220918655,0.736010253429,-0.357092857361,0.257558912039,-0.514234423637
1413393290.705760478973,2,-0.103164196014,-2.780418395996,-0.111995697021,0.737593531609,-0.355578154325,0.256174534559,-0.513706743717
1413393290.755760431290,2,-0.094378352165,-2.778682231903,-0.123680591583,0.737933218479,-0.353918939829,0.255661964417,-0.514619231224
1413393290.805760622025,2,-0.085611820221,-2.776916980743,-0.135679244995,0.738409221172,-0.352013111115,0.255729168653,-0.515209853649
1413393290.855760335922,2,-0.076470971107,-2.774506568909,-0.147734880447,0.738408446312,-0.350877106190,0.255821734667,-0.515939414501
1413393290.905760526657,2,-0.063950896263,-2.770431041718,-0.161024093628,0.737920522690,-0.351092576981,0.253975331783,-0.517401039600
1413393290.955760478973,2,-0.054633617401,-2.766599655151,-0.172957897186,0.735622763634,-0.352624177933,0.250383764505,-0.521366775036
1413393291.005760431290,2,-0.044451713562,-2.762540817261,-0.185212850571,0.733188390732,-0.354133725166,0.247482687235,-0.525144279003
1413393291.055760383606,2,-0.033495306969,-2.758450984955,-0.197687149048,0.729874014854,-0.356122553349,0.244739487767,-0.529682278633
1413393291.105760574341,2,-0.022028803825,-2.754860401154,-0.210882902145,0.727164089680,-0.357499897480,0.242570325732,-0.533465862274
1413393291.155760288239,2,-0.009646177292,-2.751797199249,-0.223380565643,0.723829150200,-0.358109593391,0.242347463965,-0.537677168846
1413393291.205760478973,2,0.003081083298,-2.749709129333,-0.235925197601,0.721414089203,-0.358575910330,0.242385655642,-0.540587007999
1413393291.255760431290,2,0.016323566437,-2.748830080032,-0.248075962067,0.719551801682,-0.358783662319,0.243015632033,-0.542644381523
1413393291.305760622025,2,0.031346082687,-2.749521255493,-0.258038997650,0.720001637936,-0.358479440212,0.245180919766,-0.541272997856
1413393291.355760335922,2,0.044482946396,-2.751648426056,-0.271586656570,0.721793949604,-0.357603818178,0.247751161456,-0.538286507130
1413393291.405760526657,2,0.057439565659,-2.754610300064,-0.284641981125,0.724188983440,-0.355387359858,0.250503093004,-0.535255491734
1413393291.455760478973,2,0.069636225700,-2.758456707001,-0.297159910202,0.727445900440,-0.352648764849,0.252247154713,-0.531820178032
1413393291.505760431290,2,0.081591129303,-2.762703657150,-0.308273792267,0.730336248875,-0.349370479584,0.253192543983,-0.529568433762
1413393291.555760383606,2,0.093778133392,-2.767150640488,-0.317788124084,0.732658684254,-0.346561759710,0.254139423370,-0.527749478817
1413393291.605760574341,2,0.106135725975,-2.771168947220,-0.325895786285,0.734321773052,-0.343711674213,0.254700779915,-0.527030825615
1413393291.655760288239,2,0.118633627892,-2.774972915649,-0.332722902298,0.735962033272,-0.341028332710,0.255369633436,-0.526161611080
1413393291.705760478973,2,0.131159543991,-2.778359174728,-0.338778018951,0.737563550472,-0.339222103357,0.255237072706,-0.525150001049
1413393291.755760431290,2,0.144403219223,-2.780911922455,-0.340029954910,0.739033579826,-0.337469160557,0.255060732365,-0.524297654629
1413393291.805760622025,2,0.156034111977,-2.784076929092,-0.342442750931,0.740278065205,-0.335055679083,0.254832208157,-0.524200975895
1413393291.855760335922,2,0.167102336884,-2.786479949951,-0.342031002045,0.742209196091,-0.331796675920,0.253277659416,-0.524296760559
1413393291.905760526657,2,0.178042888641,-2.787889480591,-0.337631464005,0.743745684624,-0.328311800957,0.251858651638,-0.524996161461
1413393291.955760478973,2,0.188660383224,-2.788807630539,-0.329751968384,0.744780659676,-0.325222522020,0.251344025135,-0.525697946548
1413393292.005760431290,2,0.198602318764,-2.789060115814,-0.319355010986,0.744655072689,-0.321740001440,0.251374572515,-0.527999103069
1413393292.055760383606,2,0.208221197128,-2.789061546326,-0.308039426804,0.744030117989,-0.318095386028,0.252370804548,-0.530606806278
1413393292.105760574341,2,0.217283487320,-2.788270235062,-0.296832561493,0.742837667465,-0.315327912569,0.252126395702,-0.534034430981
1413393292.155760288239,2,0.226111769676,-2.787015199661,-0.285917758942,0.741499304771,-0.312379240990,0.253015667200,-0.537197411060
1413393292.205760478973,2,0.233613610268,-2.785526037216,-0.275219917297,0.740746974945,-0.308968991041,0.253125369549,-0.540147900581
1413393292.255760431290,2,0.241403222084,-2.783610343933,-0.266521930695,0.740116715431,-0.304956912994,0.253399580717,-0.543154954910
1413393292.305760622025,2,0.245849370956,-2.782661914825,-0.257112026215,0.739622235298,-0.302607029676,0.252518594265,-0.545547723770
1413393292.355760335922,2,0.248645782471,-2.781761646271,-0.248393058777,0.739353239536,-0.300786942244,0.250912606716,-0.547655940056
1413393292.405760526657,2,0.250414371490,-2.780504941940,-0.238625049591,0.738740026951,-0.300120770931,0.248267203569,-0.550049245358
1413393292.455760478973,2,0.251051187515,-2.779505729675,-0.229202508926,0.738251328468,-0.298551410437,0.247140318155,-0.552063226700
1413393292.505760431290,2,0.250211000443,-2.778821468353,-0.220726728439,0.739729940891,-0.297323316336,0.245173245668,-0.551623642445
1413393292.555760383606,2,0.248308897018,-2.778534412384,-0.212270975113,0.740869820118,-0.295972794294,0.243995890021,-0.551342129707
1413393292.605760574341,2,0.244716286659,-2.779011726379,-0.203667640686,0.743160963058,-0.294526964426,0.242607757449,-0.549642860889
1413393292.655760288239,2,0.239450216293,-2.779886722565,-0.194802045822,0.745781421661,-0.292168468237,0.242506980896,-0.547392070293
1413393292.705760478973,2,0.233161211014,-2.780386686325,-0.185922622681,0.748009920120,-0.290045589209,0.242164820433,-0.545628964901
1413393292.755760431290,2,0.228307008743,-2.778437137604,-0.176333189011,0.750293076038,-0.287180721760,0.241344824433,-0.544371366501
1413393292.805760622025,2,0.221040964127,-2.777672290802,-0.168747663498,0.750784933567,-0.284890353680,0.240752279758,-0.545158565044
1413393292.855760335922,2,0.211678743362,-2.776901721954,-0.158713340759,0.750362098217,-0.282443284988,0.239789605141,-0.547433555126
1413393292.905760526657,2,0.201331377029,-2.775762557983,-0.148459672928,0.750184655190,-0.280103027821,0.238361328840,-0.549499034882
1413393292.955760478973,2,0.188689708710,-2.775195121765,-0.136346101761,0.749848723412,-0.279214799404,0.235315784812,-0.551717817783
1413393293.005760431290,2,0.173448324203,-2.775266885757,-0.123245239258,0.750618100166,-0.278301090002,0.232149541378,-0.552474081516
1413393293.055760383606,2,0.158215641975,-2.775090694427,-0.111384391785,0.751219034195,-0.277553498745,0.229056417942,-0.553323745728
1413393293.105760574341,2,0.141793966293,-2.775101184845,-0.099477767944,0.752335965633,-0.276775687933,0.226208195090,-0.553367614746
1413393293.155760288239,2,0.124157905579,-2.775036334991,-0.087099790573,0.752866566181,-0.277145892382,0.222123667598,-0.554114818573
1413393293.205760478973,2,0.106000304222,-2.775188922882,-0.074650049210,0.753670275211,-0.276696473360,0.219667196274,-0.554226100445
1413393293.255760431290,2,0.088321208954,-2.775690793991,-0.058276414871,0.754545032978,-0.277780562639,0.215237110853,-0.554231762886
1413393293.305760622025,2,0.070366024971,-2.774870395660,-0.048498868942,0.755495309830,-0.277987271547,0.212129384279,-0.554031670094
1413393293.355760335922,2,0.052003383636,-2.774275779724,-0.040769100189,0.754705727100,-0.279333025217,0.208250731230,-0.555899262428
1413393293.405760526657,2,0.033220171928,-2.774187564850,-0.036365747452,0.754435658455,-0.280685245991,0.204555839300,-0.556955635548
1413393293.455760478973,2,0.014540433884,-2.774600028992,-0.033934116364,0.754007041454,-0.282365888357,0.201162397861,-0.557921707630
1413393293.505760431290,2,-0.003872036934,-2.775844097137,-0.034419536591,0.754561245441,-0.283016055822,0.199898734689,-0.557296931744
1413393293.555760383606,2,-0.022742748260,-2.778095245361,-0.036706686020,0.755569577217,-0.282031536102,0.200960412621,-0.556046605110
1413393293.605760574341,2,-0.041599273682,-2.781377792358,-0.040311813354,0.756936967373,-0.279879689217,0.203567877412,-0.554323017597
1413393293.655760288239,2,-0.061789155006,-2.785498619080,-0.044478416443,0.758984625340,-0.277481913567,0.207100868225,-0.551412165165
1413393293.705760478973,2,-0.081452608109,-2.789214134216,-0.048105239868,0.761475801468,-0.274262785912,0.210762321949,-0.548191428185
1413393293.755760431290,2,-0.102202892303,-2.793593645096,-0.047275781631,0.763289570808,-0.271586328745,0.213738501072,-0.545844137669
1413393293.805760622025,2,-0.121304392815,-2.796333312988,-0.046994447708,0.764627754688,-0.269692152739,0.215867444873,-0.544069766998
1413393293.855760335922,2,-0.141641259193,-2.798788785934,-0.046286821365,0.765948116779,-0.268306195736,0.216380417347,-0.542692124844
1413393293.905760526657,2,-0.162824869156,-2.800692081451,-0.044908523560,0.766887903214,-0.267042011023,0.216829180717,-0.541808724403
1413393293.955760478973,2,-0.184672713280,-2.801945686340,-0.043223142624,0.768043518066,-0.265632003546,0.217882707715,-0.540440440178
1413393294.005760431290,2,-0.207708954811,-2.802433490753,-0.041211605072,0.768331229687,-0.264835208654,0.217710927129,-0.540491878986
1413393294.055760383606,2,-0.231214523315,-2.801936149597,-0.038762331009,0.768551111221,-0.264283776283,0.217681959271,-0.540460884571
1413393294.105760574341,2,-0.255052685738,-2.800535678864,-0.034391164780,0.766448020935,-0.263637006283,0.217820569873,-0.543697834015
1413393294.155760288239,2,-0.279907345772,-2.798607349396,-0.029436349869,0.763291358948,-0.263711839914,0.217298209667,-0.548291742802
1413393294.205760478973,2,-0.305215001106,-2.796476364136,-0.024919748306,0.760058879852,-0.264483183622,0.216270089149,-0.552798807621
1413393294.255760431290,2,-0.334145784378,-2.794980049133,-0.025031566620,0.758419334888,-0.264554172754,0.217448845506,-0.554551362991
1413393294.305760622025,2,-0.360924601555,-2.793258428574,-0.019694328308,0.759070098400,-0.264835208654,0.218081593513,-0.553277015686
1413393294.355760335922,2,-0.388499140739,-2.791655540466,-0.015339612961,0.760308623314,-0.265923798084,0.218295231462,-0.550965189934
1413393294.405760526657,2,-0.416840195656,-2.790004253387,-0.011394977570,0.761744201183,-0.266452193260,0.219281867146,-0.548328876495
1413393294.455760478973,2,-0.445681333542,-2.788124084473,-0.008149623871,0.763082265854,-0.266883790493,0.221071049571,-0.545532941818
1413393294.505760431290,2,-0.475256264210,-2.785577297211,-0.005092620850,0.764661610126,-0.268034249544,0.221722126007,-0.542484641075
1413393294.555760383606,2,-0.505331337452,-2.782171964645,-0.002126693726,0.765445768833,-0.269880264997,0.221457198262,-0.540568411350
1413393294.605760574341,2,-0.535938858986,-2.778082609177,0.000442028046,0.765504121780,-0.272612690926,0.220050185919,-0.539688587189
1413393294.655760288239,2,-0.567157149315,-2.773837089539,0.002833366394,0.764824450016,-0.275673061609,0.217669889331,-0.540062844753
1413393294.705760478973,2,-0.598777532578,-2.769476652145,0.005160093307,0.764406800270,-0.278965204954,0.214480862021,-0.540239512920
1413393294.755760431290,2,-0.632033646107,-2.763937473297,-0.000019073486,0.762509942055,-0.282110005617,0.212539598346,-0.542051255703
1413393294.805760622025,2,-0.664053678513,-2.758880376816,0.002701997757,0.761184453964,-0.285741955042,0.209216058254,-0.543303310871
1413393294.855760335922,2,-0.695805251598,-2.753923416138,0.005027294159,0.761132240295,-0.287910014391,0.207000583410,-0.543080449104
1413393294.905760526657,2,-0.726718962193,-2.748974800110,0.007535219193,0.761366784573,-0.289054930210,0.207090511918,-0.542108356953
1413393294.955760478973,2,-0.757008075714,-2.743902206421,0.010152578354,0.761994659901,-0.288385003805,0.209043607116,-0.540831923485
1413393295.005760431290,2,-0.786809086800,-2.738865137100,0.012742996216,0.763298511505,-0.286210119724,0.211779087782,-0.539081513882
1413393295.055760383606,2,-0.815941929817,-2.733448505402,0.015847206116,0.764138281345,-0.284288585186,0.215776756406,-0.537320375443
1413393295.105760574341,2,-0.843249619007,-2.728743076324,0.018101453781,0.765024244785,-0.282163530588,0.218950942159,-0.535893857479
1413393295.155760288239,2,-0.872825920582,-2.722423076630,0.022139549255,0.765208721161,-0.281663864851,0.219194859266,-0.535793483257
1413393295.205760478973,2,-0.902181088924,-2.715473890305,0.026494026184,0.764259636402,-0.282857298851,0.218395367265,-0.536844968796
1413393295.255760431290,2,-0.931633949280,-2.707940578461,0.030726909637,0.763780653477,-0.284859508276,0.215943738818,-0.537459254265
1413393295.305760622025,2,-0.960706889629,-2.699928760529,0.035189867020,0.763020932674,-0.287043958902,0.212863937020,-0.538603603840
1413393295.355760335922,2,-0.989203095436,-2.691531658173,0.039849042892,0.762314677238,-0.289229840040,0.210537284613,-0.539348304272
1413393295.405760526657,2,-1.017061471939,-2.682578802109,0.044693946838,0.761843323708,-0.292298763990,0.205652266741,-0.540243923664
1413393295.455760478973,2,-1.037665367126,-2.672196865082,0.048827648163,0.760803222656,-0.294654011726,0.202346503735,-0.541676580906
1413393295.505760431290,2,-1.063712000847,-2.663227558136,0.053681135178,0.759770572186,-0.297538012266,0.198443919420,-0.542991518974
1413393295.555760383606,2,-1.088752269745,-2.654344081879,0.057364702225,0.758771419525,-0.299492001534,0.194726243615,-0.544657945633
1413393295.605760574341,2,-1.112521409988,-2.645950794220,0.058573961258,0.758019387722,-0.301235854626,0.192586347461,-0.545503616333
1413393295.655760288239,2,-1.135259389877,-2.638309001923,0.057747602463,0.757536709309,-0.302185535431,0.190748825669,-0.546293914318
1413393295.705760478973,2,-1.157316923141,-2.631915092468,0.054713249207,0.757609486580,-0.302312761545,0.189824014902,-0.546444714069
1413393295.755760431290,2,-1.177603721619,-2.625817298889,0.049077987671,0.757927656174,-0.301672995090,0.190608292818,-0.546083807945
1413393295.805760622025,2,-1.196479082108,-2.619792461395,0.042062520981,0.758789837360,-0.299291819334,0.193186417222,-0.545290350914
1413393295.855760335922,2,-1.209790825844,-2.611555576324,0.032941341400,0.760781884193,-0.294612109661,0.198910400271,-0.543000280857
1413393295.905760526657,2,-1.226121664047,-2.606710195541,0.026036262512,0.762749671936,-0.289574444294,0.205767691135,-0.540388166904
1413393295.955760478973,2,-1.241788268089,-2.601531982422,0.020277738571,0.765050411224,-0.283956408501,0.212593525648,-0.537466943264
1413393296.005760431290,2,-1.257275104523,-2.595664501190,0.015902042389,0.766321480274,-0.279821693897,0.217539206147,-0.535843074322
1413393296.055760383606,2,-1.272856712341,-2.588921070099,0.012599229813,0.767622470856,-0.276586979628,0.221685722470,-0.533957779408
1413393296.105760574341,2,-1.288820266724,-2.581015110016,0.010577678680,0.768775522709,-0.274207174778,0.223918318748,-0.532593011856
1413393296.155760288239,2,-1.305121183395,-2.571671485901,0.009757518768,0.769062817097,-0.273797184229,0.224561452866,-0.532118141651
1413393296.205760478973,2,-1.321774959564,-2.561279773712,0.009521245956,0.769951879978,-0.273348957300,0.225424647331,-0.530695974827
1413393296.255760431290,2,-1.339298605919,-2.549601078033,0.010099887848,0.770886361599,-0.273346394300,0.225019231439,-0.529511511326
1413393296.305760622025,2,-1.356796503067,-2.536500930786,0.011671304703,0.771236777306,-0.273498833179,0.225461840630,-0.528733611107
1413393296.355760335922,2,-1.372435450554,-2.523257732391,0.011993885040,0.771011829376,-0.275539726019,0.223492711782,-0.528838157654
1413393296.405760526657,2,-1.391158819199,-2.507463455200,0.014618635178,0.770230293274,-0.278946727514,0.219856381416,-0.529714286327
1413393296.455760478973,2,-1.409897327423,-2.490974426270,0.015924692154,0.769300520420,-0.283425807953,0.216147765517,-0.530213952065
1413393296.505760431290,2,-1.428526878357,-2.474131107330,0.014437675476,0.767761409283,-0.288736641407,0.213293462992,-0.530734896660
1413393296.555760383606,2,-1.446668148041,-2.457278966904,0.010108709335,0.765622019768,-0.294404000044,0.212317168713,-0.531103312969
1413393296.605760574341,2,-1.464074730873,-2.440136432648,0.002888202667,0.762986958027,-0.300386041403,0.212030410767,-0.531659960747
1413393296.655760288239,2,-1.480322599411,-2.422594547272,-0.007211923599,0.760549902916,-0.306415051222,0.213129550219,-0.531271576881
1413393296.705760478973,2,-1.495139002800,-2.404599189758,-0.018131971359,0.757677078247,-0.312458246946,0.214105740190,-0.531464040279
1413393296.755760431290,2,-1.507255673409,-2.387375831604,-0.030162096024,0.755647659302,-0.317776650190,0.214592650533,-0.531003355980
1413393296.805760622025,2,-1.521318316460,-2.369558334351,-0.041473388672,0.753412246704,-0.322229474783,0.215875312686,-0.530976474285
1413393296.855760335922,2,-1.534191846848,-2.351774930954,-0.051932334900,0.751480281353,-0.325384497643,0.218504384160,-0.530714869499
1413393296.905760526657,2,-1.546009898186,-2.334063053131,-0.061685085297,0.750249326229,-0.327621519566,0.221229359508,-0.529950559139
1413393296.955760478973,2,-1.556508064270,-2.316226959229,-0.070419073105,0.748847067356,-0.329393982887,0.224347218871,-0.529524326324
1413393297.005760431290,2,-1.565208673477,-2.298055887222,-0.077830553055,0.747886419296,-0.331218659878,0.227350026369,-0.528462052345
1413393297.055760383606,2,-1.573128461838,-2.280187845230,-0.084944725037,0.746589541435,-0.333534181118,0.230734124780,-0.527371644974
1413393297.105760574341,2,-1.580124258995,-2.262016773224,-0.091719150543,0.745000660419,-0.336646139622,0.233348950744,-0.526489973068
1413393297.155760288239,2,-1.586355090141,-2.243863105774,-0.098014354706,0.743730127811,-0.339582234621,0.235223159194,-0.525565803051
1413393297.205760478973,2,-1.588052392006,-2.221460342407,-0.099850654602,0.742557168007,-0.343099802732,0.235004737973,-0.525037407875
1413393297.255760431290,2,-1.593387007713,-2.203408241272,-0.105706214905,0.740594327450,-0.346227884293,0.234752133489,-0.525868594646
1413393297.305760622025,2,-1.597819924355,-2.185639619827,-0.111445665359,0.738979160786,-0.348320662975,0.235301077366,-0.526513040066
1413393297.355760335922,2,-1.601151347160,-2.168170213699,-0.117007493973,0.738229036331,-0.349521726370,0.236605063081,-0.526184976101
1413393297.405760526657,2,-1.603276848793,-2.150686740875,-0.122055053711,0.737228274345,-0.350192964077,0.238064318895,-0.526483416557
1413393297.455760478973,2,-1.604379892349,-2.133512496948,-0.127076148987,0.737155854702,-0.350440591574,0.240144029260,-0.525474607944
1413393297.505760431290,2,-1.604529380798,-2.116391181946,-0.131792545319,0.737480461597,-0.349394977093,0.242572769523,-0.524599075317
1413393297.555760383606,2,-1.604054570198,-2.099165916443,-0.136380434036,0.737107932568,-0.349110692739,0.243359372020,-0.524947524071
1413393297.605760574341,2,-1.602990031242,-2.082116127014,-0.140814065933,0.736734271049,-0.349046528339,0.243721097708,-0.525346755981
1413393297.655760288239,2,-1.601710796356,-2.065212249756,-0.144785404205,0.735866606236,-0.349779009819,0.242089644074,-0.526827871799
1413393297.705760478973,2,-1.594901084900,-2.045709133148,-0.146661281586,0.734929084778,-0.351288259029,0.239654883742,-0.528243720531
1413393297.755760431290,2,-1.592229247093,-2.028955936432,-0.150312662125,0.733344852924,-0.352110683918,0.237741917372,-0.530756235123
1413393297.805760622025,2,-1.588758111000,-2.012741565704,-0.154113769531,0.732106864452,-0.352852851152,0.235642150044,-0.532904565334
1413393297.855760335922,2,-1.584641695023,-1.997353553772,-0.157963991165,0.730404078960,-0.353311955929,0.234251305461,-0.535543560982
1413393297.905760526657,2,-1.579934716225,-1.982941150665,-0.162225008011,0.730236053467,-0.353074163198,0.233088955283,-0.536435961723
1413393297.955760478973,2,-1.574380755424,-1.969606399536,-0.166335344315,0.730380654335,-0.352700948715,0.232043355703,-0.536937654018
1413393298.005760431290,2,-1.568157196045,-1.957335233688,-0.170669555664,0.730495035648,-0.352409124374,0.231382444501,-0.537258744240
1413393298.055760383606,2,-1.561341762543,-1.946177363396,-0.175024032593,0.731082916260,-0.351758778095,0.230633482337,-0.537207365036
1413393298.105760574341,2,-1.553904652596,-1.936232924461,-0.179651975632,0.732541978359,-0.351146250963,0.230743125081,-0.535570979118
1413393298.155760288239,2,-1.545403003693,-1.927072048187,-0.184412717819,0.734983384609,-0.350010007620,0.230585828424,-0.533031582832
1413393298.205760478973,2,-1.538728833199,-1.921453237534,-0.193472623825,0.737745761871,-0.347902983427,0.231945082545,-0.529996514320
1413393298.255760431290,2,-1.528074264526,-1.913029193878,-0.198648452759,0.740389466286,-0.345286846161,0.234792217612,-0.526757180691
1413393298.305760622025,2,-1.516781449318,-1.904471755028,-0.203976154327,0.743726491928,-0.341745644808,0.237842783332,-0.522983491421
1413393298.355760335922,2,-1.504766583443,-1.895744562149,-0.209452629089,0.746948122978,-0.337899029255,0.241582900286,-0.519163310528
1413393298.405760526657,2,-1.492110729218,-1.886307835579,-0.214893579483,0.749414026737,-0.333326309919,0.246609851718,-0.516193687916
1413393298.455760478973,2,-1.479466915131,-1.875656604767,-0.219817161560,0.750626742840,-0.328299999237,0.251586437225,-0.515250384808
1413393298.505760431290,2,-1.466902613640,-1.863623619080,-0.224103450775,0.750953257084,-0.324160784483,0.255547851324,-0.515445768833
1413393298.555760383606,2,-1.454538464546,-1.850352287292,-0.227897167206,0.750370860100,-0.321520924568,0.258139580488,-0.516654551029
1413393298.605760574341,2,-1.443043112755,-1.835527181625,-0.230825662613,0.749443888664,-0.320812582970,0.257533043623,-0.518738746643
1413393298.655760288239,2,-1.432011961937,-1.819498777390,-0.233107328415,0.748416662216,-0.321974098682,0.254183024168,-0.521148979664
1413393298.705760478973,2,-1.422976493835,-1.802648782730,-0.235011577606,0.746590614319,-0.324711203575,0.249604240060,-0.524273633957
1413393298.755760431290,2,-1.413032770157,-1.784775972366,-0.236670970917,0.745048701763,-0.327639609575,0.244576334953,-0.527007818222
1413393298.805760622025,2,-1.402821660042,-1.766593098640,-0.237966299057,0.743525564671,-0.330246508121,0.240783736110,-0.529273390770
1413393298.855760335922,2,-1.392482161522,-1.748274326324,-0.238620996475,0.742201864719,-0.332525044680,0.237526997924,-0.531172633171
1413393298.905760526657,2,-1.381664752960,-1.730358839035,-0.238989830017,0.741018116474,-0.334530442953,0.235496461391,-0.532468736172
1413393298.955760478973,2,-1.370474338531,-1.712676763535,-0.239441156387,0.740378558636,-0.336816906929,0.233861118555,-0.532637774944
1413393299.005760431290,2,-1.358929276466,-1.695306539536,-0.239507436752,0.739464998245,-0.338697671890,0.232798025012,-0.533179700375
1413393299.055760383606,2,-1.346667528152,-1.678301572800,-0.239305019379,0.739351212978,-0.339761435986,0.233524814248,-0.532342076302
1413393299.105760574341,2,-1.333682537079,-1.661565423012,-0.239036321640,0.738869786263,-0.339701384306,0.235826566815,-0.532034158707
1413393299.155760288239,2,-1.319825172424,-1.645064234734,-0.236875295639,0.738789558411,-0.337815850973,0.240574479103,-0.531219720840
1413393299.205760478973,2,-1.306185603142,-1.628631234169,-0.235794305801,0.737673819065,-0.334914624691,0.247546270490,-0.531404316425
1413393299.255760431290,2,-1.292995572090,-1.611898422241,-0.234081506729,0.735321402550,-0.332054346800,0.253862977028,-0.533475339413
1413393299.305760622025,2,-1.280654072762,-1.594989657402,-0.232066631317,0.731885552406,-0.329421848059,0.259744971991,-0.536989271641
1413393299.355760335922,2,-1.269739866257,-1.578113317490,-0.229884147644,0.727588415146,-0.328575640917,0.263234019279,-0.541628122330
1413393299.405760526657,2,-1.260424613953,-1.561500787735,-0.228248596191,0.724057555199,-0.328513741493,0.265066474676,-0.545489966869
1413393299.455760478973,2,-1.255385518074,-1.550311923027,-0.228384494781,0.721410214901,-0.329764544964,0.264711558819,-0.548407256603
1413393299.505760431290,2,-1.249173879623,-1.535148859024,-0.226857185364,0.719960689545,-0.331819862127,0.263186454773,-0.549804568291
1413393299.555760383606,2,-1.244588375092,-1.520720243454,-0.225425481796,0.719735383987,-0.334524899721,0.260460466146,-0.549758613110
1413393299.605760574341,2,-1.241440653801,-1.507140517235,-0.223854541779,0.720157504082,-0.337268590927,0.257176369429,-0.549075067043
1413393299.655760288239,2,-1.239246129990,-1.494531393051,-0.221931934357,0.720862030983,-0.340447962284,0.253263115883,-0.548006296158
1413393299.705760478973,2,-1.237717986107,-1.483180046082,-0.219488382339,0.722346127033,-0.342397302389,0.250926077366,-0.545908629894
1413393299.755760431290,2,-1.236700892448,-1.472732782364,-0.216068983078,0.722952842712,-0.343105971813,0.249785974622,-0.545183062553
1413393299.805760622025,2,-1.236235976219,-1.463233470917,-0.212564706802,0.723704159260,-0.342069983482,0.250588059425,-0.544468700886
1413393299.855760335922,2,-1.235923171043,-1.454520702362,-0.208705186844,0.725032150745,-0.340747803450,0.251805037260,-0.542967319489
1413393299.905760526657,2,-1.236263394356,-1.446688413620,-0.205025911331,0.727912127972,-0.338755995035,0.253428131342,-0.539594888687
1413393299.955760478973,2,-1.237066388130,-1.438714742661,-0.201454639435,0.731263101101,-0.335941672325,0.256723135710,-0.535248339176
1413393300.005760431290,2,-1.238540649414,-1.431058406830,-0.197354078293,0.733888745308,-0.332632392645,0.260312885046,-0.531977653503
1413393300.055760383606,2,-1.240685820580,-1.423119783401,-0.193410873413,0.736724615097,-0.329659223557,0.263138175011,-0.528507292271
1413393300.105760574341,2,-1.243457078934,-1.414624929428,-0.189308404922,0.738342761993,-0.328292459249,0.264610499144,-0.526360571384
1413393300.155760288239,2,-1.247477293015,-1.405121564865,-0.184714078903,0.738889873028,-0.328534126282,0.263153344393,-0.526172459126
1413393300.205760478973,2,-1.252593755722,-1.394714832306,-0.179534435272,0.739018082619,-0.330250263214,0.258569568396,-0.527189552784
1413393300.255760431290,2,-1.258638620377,-1.383589267731,-0.174020528793,0.738773047924,-0.332014918327,0.251553177834,-0.529812812805
1413393300.305760622025,2,-1.265697121620,-1.372112274170,-0.167984008789,0.738992094994,-0.332569807768,0.242153868079,-0.533525645733
1413393300.355760335922,2,-1.272868037224,-1.361037373543,-0.161785602570,0.739661395550,-0.331882089376,0.232537984848,-0.537290871143
1413393300.405760526657,2,-1.279766559601,-1.349931001663,-0.155474185944,0.741193175316,-0.329642415047,0.222507253289,-0.540794849396
1413393300.455760478973,2,-1.288239240646,-1.341816186905,-0.152678012848,0.743050932884,-0.325302779675,0.212304309011,-0.544959008694
1413393300.505760431290,2,-1.294087171555,-1.331141471863,-0.145569562912,0.745565772057,-0.319317936897,0.204072177410,-0.548199236393
1413393300.555760383606,2,-1.299273848534,-1.321445345879,-0.138998746872,0.748568177223,-0.311755478382,0.195698946714,-0.551503598690
1413393300.605760574341,2,-1.303669095039,-1.312900066376,-0.132865428925,0.752294301987,-0.302263319492,0.188578113914,-0.554191768169
1413393300.655760288239,2,-1.306956052780,-1.305630922318,-0.127393484116,0.756551384926,-0.290987610817,0.183269828558,-0.556209087372
1413393300.705760478973,2,-1.309352159500,-1.299191236496,-0.121902227402,0.761704862118,-0.278136759996,0.178875118494,-0.557179927826
1413393300.755760431290,2,-1.311021327972,-1.293281793594,-0.116219997406,0.766689300537,-0.264788359404,0.174838736653,-0.558127403259
1413393300.805760622025,2,-1.310998678207,-1.292582035065,-0.110841989517,0.770718753338,-0.251858174801,0.172436043620,-0.559308528900
1413393300.855760335922,2,-1.311321258545,-1.287888407707,-0.107837438583,0.773509681225,-0.240094766021,0.171214774251,-0.561001598835
1413393300.905760526657,2,-1.310847282410,-1.283083796501,-0.107557296753,0.775034368038,-0.229736194015,0.170724630356,-0.563379287720
1413393300.955760478973,2,-1.310226559639,-1.278069019318,-0.110481262207,0.775392472744,-0.221439287066,0.169897586107,-0.566450357437
1413393301.005760431290,2,-1.309824228287,-1.272722005844,-0.116224408150,0.774545907974,-0.214621558785,0.168685019016,-0.570580124855
1413393301.055760383606,2,-1.309645295143,-1.266903877258,-0.123752593994,0.773251175880,-0.208991721272,0.166884183884,-0.574939012527
1413393301.105760574341,2,-1.310105681419,-1.261100053787,-0.132933020592,0.772569656372,-0.203612178564,0.164354607463,-0.578503131866
1413393301.155760288239,2,-1.311437368393,-1.255430698395,-0.144339203835,0.772192239761,-0.198157951236,0.161268249154,-0.581760466099
1413393301.205760478973,2,-1.313910484314,-1.250598549843,-0.157878160477,0.772556483746,-0.192549720407,0.157029092312,-0.584314107895
1413393301.255760431290,2,-1.319088816643,-1.252794504166,-0.170362472534,0.773873627186,-0.186053872108,0.151512369514,-0.586129367352
1413393301.305760622025,2,-1.323078155518,-1.249263048172,-0.183839082718,0.775014579296,-0.179124042392,0.146392285824,-0.588078558445
1413393301.355760335922,2,-1.328606963158,-1.247002720833,-0.197383403778,0.777054667473,-0.171177878976,0.140779480338,-0.589122533798
1413393301.405760526657,2,-1.335582375526,-1.246229648590,-0.210191130638,0.778981685638,-0.163403257728,0.133830383420,-0.590403676033
1413393301.455760478973,2,-1.343257904053,-1.246605873108,-0.222325205803,0.781305789948,-0.155128121376,0.126741766930,-0.591128706932
1413393301.505760431290,2,-1.352058172226,-1.248283386230,-0.233560562134,0.784647047520,-0.146068215370,0.119397863746,-0.590539932251
1413393301.555760383606,2,-1.361667752266,-1.253295183182,-0.241092801094,0.788856148720,-0.136966437101,0.112044915557,-0.588550865650
1413393301.605760574341,2,-1.371564388275,-1.256399393082,-0.251170396805,0.793956875801,-0.126774951816,0.105305932462,-0.585210502148
1413393301.655760288239,2,-1.382062077522,-1.260066390038,-0.260268807411,0.798803150654,-0.116102449596,0.099062494934,-0.581911087036
1413393301.705760478973,2,-1.392765641212,-1.263890981674,-0.268332362175,0.802169501781,-0.106445349753,0.094197407365,-0.579931378365
1413393301.755760431290,2,-1.404016494751,-1.267901539803,-0.275814294815,0.805257320404,-0.097849957645,0.089752160013,-0.577867388725
1413393301.805760622025,2,-1.415610671043,-1.271673083305,-0.282414317131,0.807318806648,-0.089915290475,0.086714781821,-0.576742768288
1413393301.855760335922,2,-1.426904201508,-1.281376242638,-0.283626198769,0.807884395123,-0.084812358022,0.083172351122,-0.577245295048
1413393301.905760526657,2,-1.439799070358,-1.284355044365,-0.289590477943,0.808528661728,-0.079802818596,0.080904856324,-0.577379822731
1413393301.955760478973,2,-1.453513383865,-1.286477208138,-0.294383645058,0.808990538120,-0.075336962938,0.079446315765,-0.577535271645
1413393302.005760431290,2,-1.467873692513,-1.287957668304,-0.298755407333,0.808603465557,-0.072226360440,0.078429661691,-0.578612685204
1413393302.055760383606,2,-1.483080148697,-1.288402557373,-0.301665067673,0.808107614517,-0.069756425917,0.077590972185,-0.579720497131
1413393302.105760574341,2,-1.499126076698,-1.288301587105,-0.303897380829,0.807960033417,-0.068689115345,0.075957261026,-0.580269694328
1413393302.155760288239,2,-1.511921405792,-1.285006880760,-0.310198068619,0.808060884476,-0.069091185927,0.075032457709,-0.580201864243
1413393302.205760478973,2,-1.529536843300,-1.283920884132,-0.311631798744,0.807731866837,-0.069657765329,0.074213564396,-0.580697357655
1413393302.255760431290,2,-1.547861456871,-1.282456636429,-0.312067270279,0.807520270348,-0.071099929512,0.072590224445,-0.581022024155
1413393302.305760622025,2,-1.566820859909,-1.280466556549,-0.311604022980,0.806424379349,-0.073135353625,0.071714438498,-0.582398474216
1413393302.355760335922,2,-1.586389303207,-1.278253912926,-0.310606837273,0.806102991104,-0.076519645751,0.069466300309,-0.582680940628
1413393302.405760526657,2,-1.606148481369,-1.275840997696,-0.309160113335,0.805772125721,-0.079190000892,0.068880923092,-0.582851231098
1413393302.455760478973,2,-1.625650644302,-1.269269347191,-0.303758382797,0.805861055851,-0.083490051329,0.067960590124,-0.582236051559
1413393302.505760431290,2,-1.645842432976,-1.266549348831,-0.300888061523,0.805810868740,-0.087225988507,0.067168354988,-0.581849575043
1413393302.555760383606,2,-1.666011214256,-1.263787508011,-0.297087669373,0.805391371250,-0.091906532645,0.065554730594,-0.581894040108
1413393302.605760574341,2,-1.685821890831,-1.261002779007,-0.292504072189,0.805434584618,-0.096613690257,0.063673093915,-0.581280350685
1413393302.655760288239,2,-1.705038189888,-1.258257627487,-0.287197351456,0.805719494820,-0.100225031376,0.063352368772,-0.580308198929
1413393302.705760478973,2,-1.723482966423,-1.254195690155,-0.281071066856,0.805972456932,-0.102913945913,0.063832469285,-0.579432964325
1413393302.755760431290,2,-1.741662859917,-1.251302361488,-0.274205446243,0.806187450886,-0.105379633605,0.063611567020,-0.578714489937
1413393302.805760622025,2,-1.758912801743,-1.248299241066,-0.266375660896,0.805871188641,-0.107393153012,0.063647106290,-0.578781008720
1413393302.855760335922,2,-1.775404334068,-1.245200872421,-0.257941484451,0.806023776531,-0.109094873071,0.063147470355,-0.578304767609
1413393302.905760526657,2,-1.788538336754,-1.244990587234,-0.248664379120,0.806146085262,-0.109494194388,0.062839992344,-0.578092217445
1413393302.955760478973,2,-1.803110122681,-1.241477370262,-0.239519119263,0.806522428989,-0.110336653888,0.062948636711,-0.577394902706
1413393303.005760431290,2,-1.816581010818,-1.237889766693,-0.230260252953,0.806659102440,-0.109376698732,0.064804844558,-0.577181279659
1413393303.055760383606,2,-1.829234004021,-1.234213352203,-0.220913887024,0.806418836117,-0.108152814209,0.065975286067,-0.577614784241
1413393303.105760574341,2,-1.840888738632,-1.230581045151,-0.211986184120,0.806045234203,-0.107346668839,0.067386195064,-0.578123569489
1413393303.155760288239,2,-1.849977016449,-1.227608680725,-0.206386566162,0.806030631065,-0.106183707714,0.068134613335,-0.578271090984
1413393303.205760478973,2,-1.860516548157,-1.223800659180,-0.196736574173,0.805545628071,-0.105659529567,0.068168275058,-0.579038381577
1413393303.255760431290,2,-1.870317697525,-1.220062732697,-0.187201261520,0.805790960789,-0.105181120336,0.068629719317,-0.578729629517
1413393303.305760622025,2,-1.879346847534,-1.216046571732,-0.177827596664,0.806303858757,-0.103017099202,0.071663334966,-0.578036367893
1413393303.355760335922,2,-1.883518218994,-1.211163759232,-0.175041437149,0.807005226612,-0.099535159767,0.076746113598,-0.577014148235
1413393303.405760526657,2,-1.891739487648,-1.206813097000,-0.165149450302,0.807641565800,-0.096623852849,0.081186667085,-0.576010167599
1413393303.455760478973,2,-1.900221586227,-1.202125906944,-0.154627799988,0.808218896389,-0.094935789704,0.084026426077,-0.575072944164
1413393303.505760431290,2,-1.909148454666,-1.196944952011,-0.143370628357,0.807938098907,-0.093317314982,0.086562156677,-0.575356423855
1413393303.555760383606,2,-1.918627381325,-1.191108345985,-0.131560206413,0.807522654533,-0.093438200653,0.088557898998,-0.575616180897
1413393303.605760574341,2,-1.928490161896,-1.184689283371,-0.118884682655,0.806431889534,-0.093338280916,0.090105973184,-0.576919853687
1413393303.655760288239,2,-1.942527532578,-1.175513625145,-0.106309413910,0.804797470570,-0.094321005046,0.091119706631,-0.578879773617
1413393303.705760478973,2,-1.953528165817,-1.169144511223,-0.092430949211,0.804073870182,-0.096043199301,0.091059803963,-0.579611182213
1413393303.755760431290,2,-1.965129613876,-1.162725925446,-0.078172087669,0.804063975811,-0.097563534975,0.090189583600,-0.579506933689
1413393303.805760622025,2,-1.977054715157,-1.156386375427,-0.063441157341,0.803396344185,-0.098656922579,0.089617356658,-0.580335974693
1413393303.855760335922,2,-1.989174008369,-1.149990439415,-0.048492908478,0.803038775921,-0.101087138057,0.087582789361,-0.580723106861
1413393303.905760526657,2,-2.002480983734,-1.140620350838,-0.034660100937,0.802622079849,-0.103488773108,0.085439950228,-0.581195354462
1413393303.955760478973,2,-2.014758586884,-1.134592652321,-0.020452380180,0.802115678787,-0.106115639210,0.081947557628,-0.581923127174
1413393304.005760431290,2,-2.026701450348,-1.128674507141,-0.008789420128,0.802299916744,-0.108984880149,0.078814461827,-0.581571519375
1413393304.055760383606,2,-2.038086175919,-1.122680902481,0.000009655952,0.802072584629,-0.110838599503,0.076294057071,-0.581870734692
1413393304.105760574341,2,-2.046743631363,-1.119184017181,0.004041075706,0.803470134735,-0.111777774990,0.074364170432,-0.580009996891
1413393304.155760288239,2,-2.056399345398,-1.114146828651,0.004917263985,0.805730521679,-0.112298123538,0.074215151370,-0.576783895493
1413393304.205760478973,2,-2.065680980682,-1.103139162064,0.005850791931,0.808106899261,-0.112194761634,0.074272915721,-0.573462367058
1413393304.255760431290,2,-2.073418378830,-1.097470402718,0.002327561378,0.810470879078,-0.109970167279,0.076655581594,-0.570234596729
1413393304.305760622025,2,-2.080331087112,-1.091053962708,-0.002382993698,0.812134802341,-0.107569836080,0.079350113869,-0.567951917648
1413393304.355760335922,2,-2.087053775787,-1.084573030472,-0.007983565331,0.813800752163,-0.104514084756,0.081965595484,-0.565762221813
1413393304.405760526657,2,-2.093212842941,-1.077346801758,-0.013577580452,0.814799189568,-0.102108664811,0.083837173879,-0.564488768578
1413393304.455760478973,2,-2.099135160446,-1.069192767143,-0.018657207489,0.815064072609,-0.099376790226,0.085998348892,-0.564268648624
1413393304.505760431290,2,-2.104970693588,-1.060197353363,-0.022874236107,0.814840972424,-0.097376957536,0.086770243943,-0.564821183681
1413393304.555760383606,2,-2.114541530609,-1.048683404922,-0.020372629166,0.814276576042,-0.095372758806,0.087455138564,-0.565870404243
1413393304.605760574341,2,-2.120146989822,-1.038062453270,-0.024575233459,0.813118994236,-0.092649541795,0.089719131589,-0.567630290985
1413393304.655760288239,2,-2.126183032990,-1.027012348175,-0.028271079063,0.812055408955,-0.090705849230,0.090204693377,-0.569387018681
1413393304.705760478973,2,-2.132427453995,-1.015313863754,-0.031118392944,0.810272455215,-0.088672168553,0.091036655009,-0.572108507156
1413393304.755760431290,2,-2.139183521271,-1.003302812576,-0.033592104912,0.810200393200,-0.088287189603,0.089297764003,-0.572544038296
1413393304.805760622025,2,-2.146950483322,-0.990574479103,-0.031529784203,0.809752345085,-0.087600454688,0.087064221501,-0.573626399040
1413393304.855760335922,2,-2.154773712158,-0.977486848831,-0.032475590706,0.809751451015,-0.088091820478,0.083533577621,-0.574077188969
1413393304.905760526657,2,-2.162412881851,-0.964245855808,-0.033364295959,0.810481429100,-0.086764976382,0.083043277264,-0.573319792747
1413393304.955760478973,2,-2.170227050781,-0.950522005558,-0.033680081367,0.810586333275,-0.086362488568,0.081515491009,-0.573451399803
1413393305.005760431290,2,-2.174155712128,-0.938135981560,-0.033656835556,0.811426818371,-0.084911353886,0.081782609224,-0.572440624237
1413393305.055760383606,2,-2.182007312775,-0.924128651619,-0.033693194389,0.812291085720,-0.085010595620,0.080484218895,-0.571383118629
1413393305.105760574341,2,-2.189748287201,-0.909655451775,-0.032781839371,0.812503933907,-0.085288114846,0.079854466021,-0.571127593517
1413393305.155760288239,2,-2.196263074875,-0.894335389137,-0.031357765198,0.813184976578,-0.086505755782,0.078709870577,-0.570133209229
1413393305.205760478973,2,-2.203644514084,-0.878694653511,-0.029200673103,0.813148319721,-0.085924431682,0.080296695232,-0.570051968098
1413393305.255760431290,2,-2.210981130600,-0.862864196301,-0.026348233223,0.813532054424,-0.083851628006,0.084656931460,-0.569181740284
1413393305.305760622025,2,-2.218756198883,-0.846280574799,-0.022109866142,0.812952220440,-0.084260910749,0.087218694389,-0.569562733173
1413393305.355760335922,2,-2.227480411530,-0.828240215778,-0.017684936523,0.812211751938,-0.085577182472,0.090241119266,-0.569952011108
1413393305.405760526657,2,-2.236341238022,-0.810782551765,-0.012643814087,0.812085449696,-0.088205650449,0.091749593616,-0.569490194321
1413393305.455760478973,2,-2.246114730835,-0.793034851551,-0.007112503052,0.812137365341,-0.092405766249,0.091005779803,-0.568869173527
1413393305.505760431290,2,-2.256577491760,-0.774607658386,-0.001235961914,0.811694264412,-0.095569893718,0.091233946383,-0.568942308426
1413393305.555760383606,2,-2.268115043640,-0.751999497414,0.006732106209,0.811206817627,-0.099298454821,0.091591686010,-0.568941414356
1413393305.605760574341,2,-2.279573202133,-0.732766866684,0.013265848160,0.811114668846,-0.102148815989,0.091366216540,-0.568604350090
1413393305.655760288239,2,-2.290838956833,-0.712818861008,0.020158767700,0.810862481594,-0.104614764452,0.093546845019,-0.568160951138
1413393305.705760478973,2,-2.302077293396,-0.692175567150,0.027413845062,0.810330629349,-0.107596211135,0.096814483404,-0.567815363407
1413393305.755760431290,2,-2.313195228577,-0.670903682709,0.034689784050,0.809321343899,-0.109143435955,0.103048019111,-0.567862570286
1413393305.805760622025,2,-2.324348449707,-0.649068593979,0.040596842766,0.808046638966,-0.110708236694,0.109774313867,-0.568114399910
1413393305.855760335922,2,-2.336472749710,-0.626793265343,0.049251675606,0.806836485863,-0.111054494977,0.117969505489,-0.568124115467
1413393305.905760526657,2,-2.349713802338,-0.604121148586,0.057672023773,0.806650400162,-0.111202053726,0.125922024250,-0.566650688648
1413393305.955760478973,2,-2.363473653793,-0.581535220146,0.064405083656,0.805049479008,-0.113543145359,0.130136907101,-0.567510128021
1413393306.005760431290,2,-2.380405187607,-0.557643651962,0.073943138123,0.804201662540,-0.117490850389,0.130382671952,-0.567852139473
1413393306.055760383606,2,-2.399043560028,-0.533091425896,0.083853006363,0.802888095379,-0.121661506593,0.128732860088,-0.569207429886
1413393306.105760574341,2,-2.417096138000,-0.506850540638,0.089084148407,0.802252531052,-0.125391900539,0.126998290420,-0.569683551788
1413393306.155760288239,2,-2.438155889511,-0.481760799885,0.098283529282,0.801888227463,-0.127999767661,0.125135838985,-0.570028483868
1413393306.205760478973,2,-2.460181951523,-0.456500709057,0.107481718063,0.801611721516,-0.130387723446,0.122976914048,-0.570345938206
1413393306.255760431290,2,-2.484020233154,-0.429910391569,0.112001299858,0.801485121250,-0.132325023413,0.121724255383,-0.570346415043
1413393306.305760622025,2,-2.507162094116,-0.404557824135,0.120492935181,0.802376806736,-0.134611621499,0.119745649397,-0.568974614143
1413393306.355760335922,2,-2.530402183533,-0.378964066505,0.128865480423,0.803224444389,-0.138576894999,0.118020951748,-0.567184388638
1413393306.405760526657,2,-2.553226709366,-0.355365574360,0.134378433228,0.804128229618,-0.143764808774,0.117036722600,-0.564811468124
1413393306.455760478973,2,-2.575668334961,-0.328964143991,0.139653682709,0.804323136806,-0.151151090860,0.117636993527,-0.562476038933
1413393306.505760431290,2,-2.597414255142,-0.302174001932,0.142860054970,0.803339898586,-0.159923791885,0.119527205825,-0.561055004597
1413393306.555760383606,2,-2.618110895157,-0.275186032057,0.143151998520,0.801699817181,-0.168995156884,0.124058499932,-0.559756755829
1413393306.605760574341,2,-2.638929367065,-0.251909464598,0.140342116356,0.798406779766,-0.178551763296,0.129785358906,-0.560197889805
1413393306.655760288239,2,-2.658216714859,-0.224576801062,0.136818051338,0.794858634472,-0.188617840409,0.136038348079,-0.560461163521
1413393306.705760478973,2,-2.675979137421,-0.195181906223,0.129009723663,0.790107309818,-0.202048644423,0.137339636683,-0.562178492546
1413393306.755760431290,2,-2.694387435913,-0.168018549681,0.125153541565,0.786407768726,-0.213884800673,0.138595312834,-0.562678933144
1413393306.805760622025,2,-2.710055351257,-0.141282349825,0.121147274971,0.782148540020,-0.224342301488,0.138880372047,-0.564470112324
1413393306.855760335922,2,-2.726443529129,-0.115131199360,0.118557929993,0.779552042484,-0.233496934175,0.139707788825,-0.564145028591
1413393306.905760526657,2,-2.741211652756,-0.089894980192,0.116404891014,0.776770234108,-0.241763189435,0.142156407237,-0.563888490200
1413393306.955760478973,2,-2.750589847565,-0.070973604918,0.114036083221,0.774374783039,-0.250001817942,0.144256845117,-0.563056647778
1413393307.005760431290,2,-2.761634349823,-0.047621130943,0.113506913185,0.772325396538,-0.257699728012,0.148910045624,-0.561186432838
1413393307.055760383606,2,-2.770886182785,-0.025334864855,0.113121271133,0.770419299603,-0.264590799809,0.155354127288,-0.558847963810
1413393307.105760574341,2,-2.778262138367,-0.004082113504,0.112532734871,0.768472194672,-0.270699948072,0.163691282272,-0.556216955185
1413393307.155760288239,2,-2.781503915787,0.015041828156,0.109326243401,0.766769707203,-0.276005953550,0.173312231898,-0.553035199642
1413393307.205760478973,2,-2.785592079163,0.034957855940,0.108968734741,0.765012145042,-0.282212883234,0.182709813118,-0.549299120903
1413393307.255760431290,2,-2.788573265076,0.054357528687,0.109290838242,0.762491822243,-0.288702040911,0.191935569048,-0.546276628971
1413393307.305760622025,2,-2.790554761887,0.073425590992,0.110101103783,0.759492218494,-0.295018941164,0.201644361019,-0.543576061726
1413393307.355760335922,2,-2.790817022324,0.094001770020,0.106424570084,0.756828010082,-0.303702116013,0.209511235356,-0.539519608021
1413393307.405760526657,2,-2.791091680527,0.112356185913,0.107838988304,0.753571927547,-0.312345325947,0.218188524246,-0.535689890385
1413393307.455760478973,2,-2.790328264236,0.130506604910,0.110166072845,0.749840497971,-0.321752101183,0.227329567075,-0.531541347504
1413393307.505760431290,2,-2.789010524750,0.148403048515,0.113082051277,0.746102154255,-0.332093894482,0.235530599952,-0.526849746704
1413393307.555760383606,2,-2.787306785583,0.166074246168,0.116252303123,0.743014931679,-0.343246221542,0.242767393589,-0.520744621754
1413393307.605760574341,2,-2.784590959549,0.180934816599,0.118328928947,0.739049792290,-0.354653090239,0.249334409833,-0.515615105629
1413393307.655760288239,2,-2.781995773315,0.199282288551,0.122629642487,0.735187888145,-0.367559343576,0.254379540682,-0.509597957134
1413393307.705760478973,2,-2.778690338135,0.217761397362,0.127127051353,0.731291830540,-0.379677027464,0.259758144617,-0.503570735455
1413393307.755760431290,2,-2.774149417877,0.236468672752,0.131932973862,0.726569116116,-0.390035569668,0.267691135406,-0.498308211565
1413393307.805760622025,2,-2.768376350403,0.255398958921,0.137193799019,0.720568895340,-0.396976023912,0.279272794724,-0.495173990726
1413393307.855760335922,2,-2.758397579193,0.276115864515,0.140935659409,0.714142441750,-0.404055148363,0.289638668299,-0.492797583342
1413393307.905760526657,2,-2.751462459564,0.296080350876,0.146447777748,0.707504689693,-0.410708338022,0.300574630499,-0.490317016840
1413393307.955760478973,2,-2.744334697723,0.316421091557,0.152103900909,0.701420783997,-0.417762041092,0.310508251190,-0.486896812916
1413393308.005760431290,2,-2.737150430679,0.337257653475,0.158213138580,0.694758355618,-0.425533443689,0.319382697344,-0.483969897032
1413393308.055760383606,2,-2.730168819427,0.358686864376,0.164094686508,0.688818752766,-0.433346450329,0.327765405178,-0.479905754328
1413393308.105760574341,2,-2.715497016907,0.386065334082,0.166056871414,0.682578325272,-0.441449314356,0.335329741240,-0.476196855307
1413393308.155760288239,2,-2.708370685577,0.408720254898,0.171879529953,0.676792383194,-0.450238108635,0.342124432325,-0.471368908882
1413393308.205760478973,2,-2.701408863068,0.432131052017,0.177981138229,0.670959949493,-0.458519130945,0.349053084850,-0.466620713472
1413393308.255760431290,2,-2.694600582123,0.456235855818,0.184309959412,0.664554893970,-0.466906189919,0.356083869934,-0.462136059999
1413393308.305760622025,2,-2.687849044800,0.481206297874,0.190886497498,0.656692862511,-0.476138889790,0.362745821476,-0.458761036396
1413393308.355760335922,2,-2.681543350220,0.506411671638,0.197479248047,0.649072289467,-0.485468864441,0.368209123611,-0.455463737249
1413393308.405760526657,2,-2.672906160355,0.530036926270,0.207680463791,0.640836596489,-0.495872646570,0.372526377439,-0.452396869659
1413393308.455760478973,2,-2.667335033417,0.556136488914,0.213618040085,0.633287847042,-0.506653904915,0.375848948956,-0.448314517736
1413393308.505760431290,2,-2.661836862564,0.582290828228,0.218279838562,0.625882267952,-0.518077671528,0.377778708935,-0.444016069174
1413393308.555760383606,2,-2.656592369080,0.608159005642,0.220765352249,0.618340075016,-0.529069185257,0.380262970924,-0.439478576183
1413393308.605760574341,2,-2.647577762604,0.635611653328,0.215327739716,0.609811365604,-0.539962768555,0.383356481791,-0.435440272093
1413393308.655760288239,2,-2.642154693604,0.660282015800,0.213045835495,0.601361572742,-0.551574468613,0.385249614716,-0.430943876505
1413393308.705760478973,2,-2.635695934296,0.684331238270,0.209210395813,0.592255771160,-0.562891364098,0.387450963259,-0.426928728819
1413393308.755760431290,2,-2.622820377350,0.707852303982,0.205027341843,0.582352638245,-0.573375284672,0.391114592552,-0.423244208097
1413393308.805760622025,2,-2.615569114685,0.729775190353,0.198543071747,0.571980297565,-0.581865489483,0.396954923868,-0.420354545116
1413393308.855760335922,2,-2.608619928360,0.750139772892,0.189504861832,0.562451779842,-0.588291168213,0.405398428440,-0.416189551353
1413393308.905760526657,2,-2.602833032608,0.766042351723,0.176449298859,0.553082168102,-0.594590544701,0.413426548243,-0.411874741316
1413393308.955760478973,2,-2.595626831055,0.783807635307,0.165559053421,0.544288754463,-0.600393891335,0.421434313059,-0.407025873661
1413393309.005760431290,2,-2.588577270508,0.800342917442,0.154839277267,0.536009609699,-0.605816781521,0.429625660181,-0.401374667883
1413393309.055760383606,2,-2.582149982452,0.816376209259,0.143697261810,0.528119862080,-0.612474799156,0.435070276260,-0.395825743675
1413393309.105760574341,2,-2.562167882919,0.840878367424,0.128076791763,0.518453598022,-0.618705630302,0.443875908852,-0.389080256224
1413393309.155760288239,2,-2.556936025620,0.854882061481,0.118234872818,0.510950148106,-0.624808430672,0.448851317167,-0.383506178856
1413393309.205760478973,2,-2.552123546600,0.868371009827,0.109449863434,0.503840148449,-0.629391491413,0.453833878040,-0.379534423351
1413393309.255760431290,2,-2.538986444473,0.874178349972,0.095461606979,0.498860627413,-0.633253514767,0.457996577024,-0.374656289816
1413393309.305760622025,2,-2.535651922226,0.886603832245,0.087584495544,0.495770156384,-0.635436773300,0.462106913328,-0.369985640049
1413393309.355760335922,2,-2.532553672791,0.898637354374,0.079689502716,0.494707733393,-0.636048734188,0.466579347849,-0.364705413580
1413393309.405760526657,2,-2.523389101028,0.908435106277,0.063415288925,0.494559109211,-0.636339664459,0.469653576612,-0.360428571701
1413393309.455760478973,2,-2.521302938461,0.920825242996,0.056355714798,0.495383739471,-0.636257469654,0.471895635128,-0.356491267681
1413393309.505760431290,2,-2.519549846649,0.933652877808,0.050667047501,0.497415304184,-0.636840820312,0.471783250570,-0.352749735117
1413393309.555760383606,2,-2.517884969711,0.947006642818,0.045798540115,0.499736100435,-0.637792468071,0.469921290874,-0.350226461887
1413393309.605760574341,2,-2.516511678696,0.960765063763,0.040729999542,0.503448069096,-0.639821827412,0.466232925653,-0.346114277840
1413393309.655760288239,2,-2.514651536942,0.975113034248,0.036322355270,0.506974101067,-0.640814125538,0.462831556797,-0.343688160181
1413393309.705760478973,2,-2.511716365814,0.989294111729,0.032638072968,0.509397268295,-0.642148554325,0.459047347307,-0.342688143253
1413393309.755760431290,2,-2.507530212402,1.003343105316,0.029981136322,0.509614288807,-0.643677771091,0.455585241318,-0.344113975763
1413393309.805760622025,2,-2.498626708984,1.020544767380,0.024678468704,0.508154034615,-0.645282268524,0.451572835445,-0.348528862000
1413393309.855760335922,2,-2.493071079254,1.034252762794,0.022722959518,0.506907045841,-0.647083938122,0.447615772486,-0.352090746164
1413393309.905760526657,2,-2.486666202545,1.046840548515,0.020956039429,0.505793571472,-0.648066520691,0.445053696632,-0.355119585991
1413393309.955760478973,2,-2.479578971863,1.058448791504,0.019026041031,0.504976511002,-0.649526059628,0.441567391157,-0.357956737280
1413393310.005760431290,2,-2.471708059311,1.068559646606,0.017490148544,0.503500819206,-0.650756955147,0.438648641109,-0.361372023821
1413393310.055760383606,2,-2.462921619415,1.076926827431,0.016255378723,0.502744734287,-0.650795340538,0.437699615955,-0.363500028849
1413393310.105760574341,2,-2.453217506409,1.083680391312,0.015797853470,0.502055525780,-0.649546205997,0.438337177038,-0.365910470486
1413393310.155760288239,2,-2.442922592163,1.088229179382,0.015548467636,0.502137899399,-0.646851062775,0.441604465246,-0.366642504930
1413393310.205760478973,2,-2.432202577591,1.091246366501,0.014970779419,0.504369497299,-0.642630577087,0.446852415800,-0.364637285471
1413393310.255760431290,2,-2.421536922455,1.093217492104,0.014498233795,0.507120549679,-0.638121306896,0.452345252037,-0.361958146095
1413393310.305760622025,2,-2.411193847656,1.090873241425,0.016387224197,0.510084986687,-0.634494602680,0.456936895847,-0.358383417130
1413393310.355760335922,2,-2.400550842285,1.092548012733,0.015004158020,0.512910366058,-0.631412625313,0.460495501757,-0.355225294828
1413393310.405760526657,2,-2.389471292496,1.094129204750,0.013802766800,0.514571130276,-0.628869473934,0.463917255402,-0.352874785662
1413393310.455760478973,2,-2.378360033035,1.096081018448,0.012724161148,0.514939486980,-0.627940893173,0.465466558933,-0.351949512959
1413393310.505760431290,2,-2.367069721222,1.098849296570,0.012172460556,0.513599514961,-0.628747403622,0.464300096035,-0.354002386332
1413393310.555760383606,2,-2.355691194534,1.101778030396,0.011576890945,0.512078821659,-0.629540503025,0.463414490223,-0.355951070786
1413393310.605760574341,2,-2.344364166260,1.104876399040,0.010813713074,0.510053932667,-0.631623983383,0.460588932037,-0.358823060989
1413393310.655760288239,2,-2.332792282104,1.108031511307,0.010392427444,0.507082104683,-0.634117782116,0.457423686981,-0.362665116787
1413393310.705760478973,2,-2.321615219116,1.110782146454,0.010125637054,0.504181563854,-0.636551797390,0.454317986965,-0.366330385208
1413393310.755760431290,2,-2.310658931732,1.112763166428,0.009547948837,0.502041518688,-0.639301836491,0.450521975756,-0.369157880545
1413393310.805760622025,2,-2.297279357910,1.114951133728,0.009790897369,0.499795585871,-0.641875743866,0.447636008263,-0.371243715286
1413393310.855760335922,2,-2.286404609680,1.114612340927,0.008453369141,0.498222053051,-0.643874228001,0.445807218552,-0.372097671032
1413393310.905760526657,2,-2.275540590286,1.112632989883,0.006404161453,0.498998731375,-0.643953800201,0.446931988001,-0.369561523199
1413393310.955760478973,2,-2.264587879181,1.109036207199,0.003293275833,0.502076148987,-0.643013536930,0.449962675571,-0.363299787045
1413393311.005760431290,2,-2.253382205963,1.104516983032,0.000204563141,0.504464387894,-0.642310738564,0.452887773514,-0.357554793358
1413393311.055760383606,2,-2.241669416428,1.099717259407,-0.002587318420,0.506383657455,-0.642234623432,0.454988598824,-0.352272331715
1413393311.105760574341,2,-2.229401826859,1.094414234161,-0.006880283356,0.507377982140,-0.642984032631,0.455856531858,-0.348330378532
1413393311.155760288239,2,-2.216471910477,1.088846206665,-0.012625217438,0.507310092449,-0.642661154270,0.458256036043,-0.345867961645
1413393311.205760478973,2,-2.202792167664,1.083760023117,-0.020488500595,0.505400002003,-0.644344389439,0.457770615816,-0.346175342798
1413393311.255760431290,2,-2.188651561737,1.078582406044,-0.030729055405,0.503337323666,-0.645978450775,0.456693172455,-0.347555518150
1413393311.305760622025,2,-2.172564983368,1.074618577957,-0.040782690048,0.502976536751,-0.647125065327,0.455885976553,-0.347004145384
1413393311.355760335922,2,-2.157399654388,1.068642735481,-0.053963899612,0.503547370434,-0.647073388100,0.456738144159,-0.345147103071
1413393311.405760526657,2,-2.141535997391,1.062175393105,-0.066760540009,0.504188001156,-0.646710813046,0.457945376635,-0.343286484480
1413393311.455760478973,2,-2.124803066254,1.055250644684,-0.079065561295,0.505207419395,-0.646261215210,0.459015011787,-0.341199576855
1413393311.505760431290,2,-2.107234954834,1.048053145409,-0.090085268021,0.505750298500,-0.646441400051,0.459304422140,-0.339661061764
1413393311.555760383606,2,-2.088920831680,1.040512561798,-0.100067377090,0.507030665874,-0.645839154720,0.460481971502,-0.337295264006
1413393311.605760574341,2,-2.069365262985,1.032979011536,-0.108751296997,0.507900595665,-0.645102143288,0.461598485708,-0.335867583752
1413393311.655760288239,2,-2.048863172531,1.025754094124,-0.110601663589,0.507790267467,-0.644298076630,0.462551087141,-0.336267083883
1413393311.705760478973,2,-2.027004241943,1.018963575363,-0.116141319275,0.507039904594,-0.642199456692,0.465065568686,-0.337941646576
1413393311.755760431290,2,-2.004186868668,1.012527108192,-0.120550513268,0.506633043289,-0.639794945717,0.467631846666,-0.339567124844
1413393311.805760622025,2,-1.980950474739,1.006648421288,-0.124209642410,0.506557404995,-0.636862635612,0.470073133707,-0.341814070940
1413393311.855760335922,2,-1.957575559616,1.001478433609,-0.127005577087,0.506301641464,-0.634633481503,0.471220970154,-0.344746202230
1413393311.905760526657,2,-1.934166193008,0.996949136257,-0.129547119141,0.507497191429,-0.631978988647,0.471919685602,-0.346902161837
1413393311.955760478973,2,-1.910953044891,0.993497788906,-0.131625175476,0.508467257023,-0.629877388477,0.471100211143,-0.350400090218
1413393312.005760431290,2,-1.887690305710,0.990317165852,-0.132883667946,0.509251177311,-0.625914454460,0.472632765770,-0.354277789593
1413393312.055760383606,2,-1.865189433098,0.987783253193,-0.134185075760,0.510855734348,-0.621044278145,0.475185751915,-0.357111960649
1413393312.105760574341,2,-1.842191696167,0.989145576954,-0.135004878044,0.512279152870,-0.616278469563,0.477903723717,-0.359692990780
1413393312.155760288239,2,-1.820281982422,0.988402724266,-0.136446237564,0.513714253902,-0.613296270370,0.478510528803,-0.361929476261
1413393312.205760478973,2,-1.799268960953,0.988482713699,-0.137845754623,0.515327692032,-0.612167358398,0.477154910564,-0.363334357738
1413393312.255760431290,2,-1.778975725174,0.989245831966,-0.139114737511,0.516361236572,-0.612748503685,0.474581569433,-0.364256471395
1413393312.305760622025,2,-1.758995294571,0.990885436535,-0.139188885689,0.514222860336,-0.614715039730,0.470751911402,-0.368907868862
1413393312.355760335922,2,-1.739901065826,0.993032217026,-0.138738393784,0.512151420116,-0.618052423000,0.465207338333,-0.373221606016
1413393312.405760526657,2,-1.721639037132,0.995326280594,-0.138717055321,0.510724782944,-0.622593104839,0.458038538694,-0.376482188702
1413393312.455760478973,2,-1.704088211060,0.997628986835,-0.138811826706,0.508832454681,-0.626091778278,0.452134847641,-0.380358785391
1413393312.505760431290,2,-1.691098093987,1.002279996872,-0.137603878975,0.507601320744,-0.629834592342,0.446638673544,-0.382312893867
1413393312.555760383606,2,-1.673630475998,1.002567768097,-0.137292385101,0.506762444973,-0.631126642227,0.444979846478,-0.383228451014
1413393312.605760574341,2,-1.656427145004,1.001544952393,-0.136929869652,0.507782578468,-0.629378616810,0.447615385056,-0.381680339575
1413393312.655760288239,2,-1.639842510223,0.999416470528,-0.137062072754,0.510290920734,-0.626783251762,0.451511055231,-0.377999603748
1413393312.705760478973,2,-1.623969912529,0.996822834015,-0.137785077095,0.513947784901,-0.624436736107,0.454811334610,-0.372938424349
1413393312.755760431290,2,-1.608220577240,0.994251608849,-0.137911081314,0.515618264675,-0.622981965542,0.456695854664,-0.370756387711
1413393312.805760622025,2,-1.592594385147,0.991784870625,-0.137785792351,0.516796171665,-0.621842145920,0.457848489285,-0.369606494904
1413393312.855760335922,2,-1.577163696289,0.989645659924,-0.137058019638,0.517438411713,-0.620809912682,0.458088397980,-0.370145499706
1413393312.905760526657,2,-1.561741828918,0.987778306007,-0.135618686676,0.516856670380,-0.618762671947,0.459258258343,-0.372926145792
1413393312.955760478973,2,-1.549826383591,0.987004578114,-0.133670926094,0.516129910946,-0.617449998856,0.458754003048,-0.376709818840
1413393313.005760431290,2,-1.535627603531,0.985176622868,-0.130707383156,0.514029502869,-0.613879799843,0.460839569569,-0.382821291685
1413393313.055760383606,2,-1.522677540779,0.983473062515,-0.129083514214,0.516847789288,-0.613341212273,0.458349734545,-0.382879197598
1413393313.105760574341,2,-1.511034011841,0.981682062149,-0.126731514931,0.521774590015,-0.611727297306,0.457088917494,-0.380277186632
1413393313.155760288239,2,-1.499771595001,0.980238318443,-0.124890565872,0.527579009533,-0.610735237598,0.454809278250,-0.376578688622
1413393313.205760478973,2,-1.488255381584,0.978929698467,-0.120796799660,0.532843291759,-0.608817636967,0.453010857105,-0.374433487654
1413393313.255760431290,2,-1.476500034332,0.977461338043,-0.115870475769,0.537793755531,-0.607527732849,0.450809597969,-0.372100472450
1413393313.305760622025,2,-1.465348005295,0.976530551910,-0.110804200172,0.539620637894,-0.607145667076,0.447390317917,-0.374199986458
1413393313.355760335922,2,-1.452416419983,0.975052177906,-0.105740785599,0.541086554527,-0.606936752796,0.444238662720,-0.376171678305
1413393313.405760526657,2,-1.441745162010,0.974165201187,-0.100689649582,0.541662156582,-0.606518626213,0.442489057779,-0.378075033426
1413393313.455760478973,2,-1.430624485016,0.973022997379,-0.094523310661,0.540321230888,-0.606443881989,0.441098064184,-0.381721436977
1413393313.505760431290,2,-1.418627142906,0.971387743950,-0.089016437531,0.537505686283,-0.605967283249,0.440901905298,-0.386648178101
1413393313.555760383606,2,-1.407065033913,0.968488276005,-0.084790349007,0.533069729805,-0.605590641499,0.441976249218,-0.392114341259
1413393313.605760574341,2,-1.397027492523,0.965086042881,-0.083385705948,0.527482807636,-0.606218636036,0.442836016417,-0.397689729929
1413393313.655760288239,2,-1.387620806694,0.960384488106,-0.083623766899,0.520517051220,-0.607006847858,0.444904059172,-0.403317749500
1413393313.705760478973,2,-1.379372358322,0.954275608063,-0.085362076759,0.514923810959,-0.606863498688,0.449564069510,-0.405539691448
1413393313.755760431290,2,-1.380251407623,0.924961447716,-0.080740928650,0.511973142624,-0.605691075325,0.455262094736,-0.404670596123
1413393313.805760622025,2,-1.375152707100,0.916201889515,-0.081568479538,0.509005546570,-0.605236828327,0.460985541344,-0.402609169483
1413393313.855760335922,2,-1.372464299202,0.906705975533,-0.083571076393,0.507988989353,-0.606513142586,0.465045243502,-0.397268116474
1413393313.905760526657,2,-1.372816085815,0.897154688835,-0.087654352188,0.509340882301,-0.610991835594,0.465163528919,-0.388437718153
1413393313.955760478973,2,-1.374090552330,0.886839389801,-0.090252995491,0.510258615017,-0.617724955082,0.462777167559,-0.379327714443
1413393314.005760431290,2,-1.376424312592,0.876317918301,-0.092713952065,0.510336518288,-0.624366581440,0.460493981838,-0.371036797762
1413393314.055760383606,2,-1.379197359085,0.865684568882,-0.094601511955,0.509649336338,-0.631212294102,0.457614988089,-0.363891661167
1413393314.105760574341,2,-1.381671786308,0.855203449726,-0.095091223717,0.508245527744,-0.635701537132,0.455794841051,-0.360307186842
1413393314.155760288239,2,-1.383915305138,0.844790518284,-0.095038056374,0.507710397243,-0.637539267540,0.455838143826,-0.357750564814
1413393314.205760478973,2,-1.385595798492,0.834454894066,-0.094364643097,0.508189201355,-0.637492239475,0.456505239010,-0.356300979853
1413393314.255760431290,2,-1.380516290665,0.841138541698,-0.100829720497,0.509838938713,-0.635194599628,0.458958595991,-0.354893058538
1413393314.305760622025,2,-1.381401181221,0.830708742142,-0.099632263184,0.512575805187,-0.632637023926,0.458260565996,-0.356417834759
1413393314.355760335922,2,-1.382189035416,0.820838570595,-0.098891019821,0.517419397831,-0.628842234612,0.457046508789,-0.357691347599
1413393314.405760526657,2,-1.382904410362,0.811526000500,-0.098676800728,0.524505734444,-0.624226570129,0.454549849033,-0.358635425568
1413393314.455760478973,2,-1.383309006691,0.802828371525,-0.098213672638,0.531927525997,-0.619081854820,0.450998812914,-0.361096918583
1413393314.505760431290,2,-1.383311748505,0.794860661030,-0.097989678383,0.540319800377,-0.613230466843,0.446337878704,-0.364397406578
1413393314.555760383606,2,-1.382532715797,0.787884652615,-0.097535252571,0.549166321754,-0.605333626270,0.442008972168,-0.369615495205
1413393314.605760574341,2,-1.381390929222,0.781683683395,-0.097563982010,0.558756530285,-0.597687900066,0.436578363180,-0.374111831188
1413393314.655760288239,2,-1.379945516586,0.776285052299,-0.097588658333,0.568927645683,-0.589479327202,0.430392384529,-0.378943145275
1413393314.705760478973,2,-1.377782464027,0.771696567535,-0.097741365433,0.578520774841,-0.581450045109,0.424483656883,-0.383462131023
1413393314.755760431290,2,-1.372025609016,0.769075334072,-0.098887324333,0.586658418179,-0.575330257416,0.418071627617,-0.387353986502
1413393314.805760622025,2,-1.367109179497,0.765677571297,-0.100381374359,0.594158947468,-0.569204568863,0.412220418453,-0.391223430634
1413393314.855760335922,2,-1.361411333084,0.763098001480,-0.102362871170,0.600634813309,-0.563681125641,0.405806362629,-0.396008431911
1413393314.905760526657,2,-1.354726195335,0.761231660843,-0.104902744293,0.607141137123,-0.558372080326,0.399316728115,-0.400183141232
1413393314.955760478973,2,-1.346829056740,0.760467469692,-0.107363939285,0.613414883614,-0.552225530148,0.393089681864,-0.405277252197
1413393315.005760431290,2,-1.337586283684,0.760170221329,-0.110195994377,0.618894934654,-0.546973228455,0.386494427919,-0.410379767418
1413393315.055760383606,2,-1.326895356178,0.760218620300,-0.113355338573,0.622688472271,-0.542886137962,0.381080418825,-0.415104150772
1413393315.105760574341,2,-1.314873456955,0.760590195656,-0.117092072964,0.625777721405,-0.539191484451,0.376585304737,-0.419354736805
1413393315.155760288239,2,-1.301763057709,0.761102855206,-0.121653437614,0.629644036293,-0.535378098488,0.374003022909,-0.420761704445
1413393315.205760478973,2,-1.287022590637,0.761980593204,-0.126535654068,0.631812870502,-0.530892908573,0.374616682529,-0.422643721104
1413393315.255760431290,2,-1.273991227150,0.763535916805,-0.133127689362,0.634466469288,-0.526654899120,0.376565039158,-0.422239094973
1413393315.305760622025,2,-1.256550431252,0.764881074429,-0.140379428864,0.635905027390,-0.522533774376,0.380226135254,-0.421914011240
1413393315.355760335922,2,-1.238089680672,0.767022967339,-0.147572815418,0.636267542839,-0.518049418926,0.385835587978,-0.421804934740
1413393315.405760526657,2,-1.218903303146,0.770228505135,-0.154522240162,0.636285007000,-0.513577997684,0.392459839582,-0.421134680510
1413393315.455760478973,2,-1.199383497238,0.775230348110,-0.160547316074,0.635410845280,-0.509404420853,0.399494111538,-0.420909404755
1413393315.505760431290,2,-1.180230379105,0.782274723053,-0.166179001331,0.633141040802,-0.508178830147,0.403055250645,-0.422413468361
1413393315.555760383606,2,-1.161505460739,0.791107892990,-0.171617805958,0.631076872349,-0.507015705109,0.406595140696,-0.423506259918
1413393315.605760574341,2,-1.143398761749,0.802247941494,-0.175194144249,0.628239393234,-0.507820129395,0.407450973988,-0.425931721926
1413393315.655760288239,2,-1.127866506577,0.818242728710,-0.171976387501,0.624252915382,-0.508983731270,0.407681584358,-0.430162459612
1413393315.705760478973,2,-1.111750841141,0.832360267639,-0.171151816845,0.621961772442,-0.510445952415,0.407284289598,-0.432120531797
1413393315.755760431290,2,-1.096418380737,0.847993850708,-0.166412115097,0.618751943111,-0.513281762600,0.404805600643,-0.435683906078
1413393315.805760622025,2,-1.082500696182,0.864575266838,-0.158445984125,0.617108047009,-0.516594231129,0.400961816311,-0.437650144100
1413393315.855760335922,2,-1.069574117661,0.881959676743,-0.146429419518,0.613541722298,-0.519846260548,0.397073596716,-0.442333608866
1413393315.905760526657,2,-1.056003689766,0.899336338043,-0.132407397032,0.612655699253,-0.522795081139,0.393604874611,-0.443185657263
1413393315.955760478973,2,-1.040064334869,0.917441129684,-0.113085150719,0.612104892731,-0.524350345135,0.390987247229,-0.444424837828
1413393316.005760431290,2,-1.028152942657,0.934348881245,-0.099472135305,0.611867606640,-0.524565100670,0.390868186951,-0.444602638483
1413393316.055760383606,2,-1.016322255135,0.951231777668,-0.085338383913,0.611345350742,-0.524359583855,0.390972971916,-0.445470541716
1413393316.105760574341,2,-1.004981756210,0.967825889587,-0.071152567863,0.612667381763,-0.523157477379,0.391898512840,-0.444252818823
1413393316.155760288239,2,-0.993648290634,0.984096050262,-0.055530875921,0.613299965858,-0.521074652672,0.394674062729,-0.443369776011
1413393316.205760478973,2,-0.974328815937,0.999503314495,-0.029436171055,0.614666402340,-0.519468545914,0.396167516708,-0.442028343678
1413393316.255760431290,2,-0.964043140411,1.016354203224,-0.011730581522,0.615715622902,-0.517512500286,0.397611856461,-0.441565394402
1413393316.305760622025,2,-0.954412341118,1.033519148827,0.006356865168,0.616009175777,-0.516427040100,0.398313075304,-0.441794604063
1413393316.355760335922,2,-0.945575773716,1.051259279251,0.024638861418,0.616572558880,-0.516348540783,0.396801412106,-0.442460387945
1413393316.405760526657,2,-0.937274158001,1.069288969040,0.043329477310,0.617111682892,-0.515900611877,0.395907998085,-0.443031221628
1413393316.455760478973,2,-0.925540864468,1.087187528610,0.065679103136,0.617916762829,-0.516784667969,0.393391460180,-0.443120449781
1413393316.505760431290,2,-0.918119549751,1.105741977692,0.084694653749,0.618374466896,-0.517429888248,0.390930235386,-0.443906515837
1413393316.555760383606,2,-0.910987973213,1.124374270439,0.103313997388,0.619338929653,-0.517609179020,0.389255166054,-0.443824946880
1413393316.605760574341,2,-0.904073834419,1.143109202385,0.121222481132,0.620446026325,-0.517699182034,0.387627720833,-0.443597823381
1413393316.655760288239,2,-0.893641531467,1.162415742874,0.137797445059,0.622045457363,-0.517840623856,0.385498911142,-0.443047553301
1413393316.705760478973,2,-0.886691093445,1.181619524956,0.152998358011,0.623792886734,-0.517853915691,0.383682936430,-0.442150741816
1413393316.755760431290,2,-0.879769146442,1.200952410698,0.165951192379,0.625878155231,-0.517517983913,0.382045269012,-0.441013872623
1413393316.805760622025,2,-0.872634172440,1.220586895943,0.176304847002,0.627279341221,-0.516858160496,0.380640029907,-0.441011965275
1413393316.855760335922,2,-0.865327656269,1.240201473236,0.183011710644,0.629121959209,-0.516064345837,0.379261314869,-0.440504401922
1413393316.905760526657,2,-0.857985079288,1.259760260582,0.181032881141,0.630491971970,-0.514344215393,0.379089444876,-0.440705329180
1413393316.955760478973,2,-0.850389599800,1.279833912849,0.181215360761,0.631748080254,-0.513652086258,0.377583116293,-0.441006809473
1413393317.005760431290,2,-0.842311918736,1.300095677376,0.179840862751,0.632166683674,-0.511924505234,0.377799928188,-0.442228347063
1413393317.055760383606,2,-0.834017276764,1.320592164993,0.176752045751,0.631830155849,-0.509690701962,0.379444450140,-0.443878412247
1413393317.105760574341,2,-0.824801146984,1.336310386658,0.171526759863,0.630758404732,-0.506960511208,0.381157904863,-0.447049796581
1413393317.155760288239,2,-0.816867351532,1.357227444649,0.166188836098,0.629447340965,-0.504383921623,0.383308947086,-0.449963688850
1413393317.205760478973,2,-0.809271514416,1.378172397614,0.161023736000,0.627966284752,-0.501921415329,0.386304885149,-0.452218800783
1413393317.255760431290,2,-0.802288889885,1.399521231651,0.156297713518,0.626543462276,-0.500678896904,0.387892335653,-0.454206377268
1413393317.305760622025,2,-0.795946955681,1.421135902405,0.152035832405,0.625203669071,-0.499518066645,0.389610320330,-0.455857366323
1413393317.355760335922,2,-0.787808895111,1.442888498306,0.149234443903,0.623832643032,-0.499116927385,0.390670508146,-0.457265436649
1413393317.405760526657,2,-0.783196091652,1.464893579483,0.145684599876,0.622928202152,-0.499004691839,0.392100185156,-0.457397252321
1413393317.455760478973,2,-0.779684424400,1.487101674080,0.142286345363,0.622653067112,-0.499024838209,0.392718821764,-0.457219213247
1413393317.505760431290,2,-0.777119755745,1.509467363358,0.138097345829,0.622114121914,-0.499045073986,0.393576472998,-0.457193315029
1413393317.555760383606,2,-0.774291753769,1.529908180237,0.129635959864,0.621035099030,-0.499298036098,0.394140332937,-0.457897752523
1413393317.605760574341,2,-0.774590730667,1.552802801132,0.120307266712,0.621134042740,-0.500135123730,0.393600881100,-0.457313597202
1413393317.655760288239,2,-0.775686025620,1.575804710388,0.108433663845,0.620249986649,-0.501225292683,0.393504470587,-0.457402884960
1413393317.705760478973,2,-0.777684330940,1.598927736282,0.094558939338,0.618949890137,-0.502882421017,0.392785876989,-0.457962393761
1413393317.755760431290,2,-0.780421495438,1.622067570686,0.080807268620,0.618415951729,-0.503848493099,0.392492026091,-0.457873940468
1413393317.805760622025,2,-0.784132003784,1.645142793655,0.067699357867,0.617671906948,-0.505390226841,0.392100453377,-0.457514375448
1413393317.855760335922,2,-0.788482785225,1.667952895164,0.055458724499,0.617851793766,-0.506327390671,0.392397403717,-0.455978244543
1413393317.905760526657,2,-0.790836215019,1.690540909767,0.054061263800,0.619068562984,-0.506797075272,0.393491894007,-0.452852100134
1413393317.955760478973,2,-0.797065854073,1.713302373886,0.042317241430,0.619458198547,-0.508762538433,0.393395900726,-0.450191080570
1413393318.005760431290,2,-0.803894162178,1.736190915108,0.030647546053,0.619574546814,-0.510115921497,0.394621104002,-0.447418510914
1413393318.055760383606,2,-0.811416864395,1.759648323059,0.018782913685,0.619420289993,-0.513477802277,0.393128126860,-0.445094704628
1413393318.105760574341,2,-0.819287300110,1.783379912376,0.007154345512,0.618556022644,-0.516466796398,0.392277121544,-0.443586885929
1413393318.155760288239,2,-0.825734019279,1.804969549179,-0.000806361437,0.618010699749,-0.520252645016,0.389603585005,-0.442277222872
1413393318.205760478973,2,-0.833912014961,1.829402446747,-0.012967109680,0.616226494312,-0.524454116821,0.386922657490,-0.442158043385
1413393318.255760431290,2,-0.842049837112,1.854025602341,-0.025093078613,0.613598406315,-0.528271019459,0.384062081575,-0.443760246038
1413393318.305760622025,2,-0.849949598312,1.878346204758,-0.037410140038,0.610590398312,-0.531277239323,0.382310122252,-0.445828199387
1413393318.355760335922,2,-0.857660055161,1.902134656906,-0.050218403339,0.607862949371,-0.534059941769,0.380631268024,-0.447663426399
1413393318.405760526657,2,-0.861013889313,1.926257848740,-0.062249630690,0.606566786766,-0.535833597183,0.379556417465,-0.448214381933
1413393318.455760478973,2,-0.868004918098,1.948626875877,-0.075898408890,0.604908823967,-0.537172079086,0.378865867853,-0.449435472488
1413393318.505760431290,2,-0.874648332596,1.969949603081,-0.090457111597,0.603613674641,-0.538394927979,0.378740608692,-0.449818819761
1413393318.555760383606,2,-0.881533265114,1.990329027176,-0.105583667755,0.602832078934,-0.538598835468,0.379335910082,-0.450121253729
1413393318.605760574341,2,-0.888260364532,2.009526252747,-0.120712608099,0.602458894253,-0.539332747459,0.378924071789,-0.450088858604
1413393318.655760288239,2,-0.894762754440,2.027763843536,-0.135172396898,0.601702868938,-0.539688766003,0.379224270582,-0.450420647860
1413393318.705760478973,2,-0.900702714920,2.042527198792,-0.148378342390,0.601462006569,-0.540135800838,0.378347933292,-0.450943112373
1413393318.755760431290,2,-0.906941056252,2.058757066727,-0.160251289606,0.601016342640,-0.540102601051,0.378110796213,-0.451775223017
1413393318.805760622025,2,-0.913117289543,2.073726177216,-0.170893251896,0.601172387600,-0.538993358612,0.379366755486,-0.451839357615
1413393318.855760335922,2,-0.919206380844,2.087517261505,-0.179936647415,0.600640833378,-0.537111222744,0.381750047207,-0.452779233456
1413393318.905760526657,2,-0.925549983978,2.100518226624,-0.187111049891,0.598840057850,-0.533975362778,0.385519385338,-0.455670773983
1413393318.955760478973,2,-0.931536674500,2.110098123550,-0.191572904587,0.597401618958,-0.530525624752,0.389088422060,-0.458545804024
1413393319.005760431290,2,-0.939164400101,2.121131420135,-0.196923464537,0.596245288849,-0.528081178665,0.391951113939,-0.460430443287
1413393319.055760383606,2,-0.948089480400,2.131408214569,-0.201873958111,0.597002744675,-0.526994884014,0.392317175865,-0.460381746292
1413393319.105760574341,2,-0.958294153214,2.140999555588,-0.206014335155,0.598447144032,-0.528378248215,0.389565557241,-0.459256082773
1413393319.155760288239,2,-0.969561100006,2.149713993073,-0.209216892719,0.600885450840,-0.530698955059,0.385791748762,-0.456574171782
1413393319.205760478973,2,-0.981860518456,2.157831668854,-0.210617512465,0.602836072445,-0.532261013985,0.382344603539,-0.455081969500
1413393319.255760431290,2,-0.994807362556,2.165050506592,-0.211254388094,0.605635702610,-0.534283101559,0.378637820482,-0.452084511518
1413393319.305760622025,2,-1.008120059967,2.171651124954,-0.212238311768,0.607960283756,-0.536357402802,0.374878525734,-0.449634611607
1413393319.355760335922,2,-1.030256152153,2.176091670990,-0.219269037247,0.609585165977,-0.538068771362,0.372121602297,-0.447675615549
1413393319.405760526657,2,-1.042831063271,2.180915355682,-0.223275095224,0.611669898033,-0.539086163044,0.370198905468,-0.445195406675
1413393319.455760478973,2,-1.054552793503,2.185502052307,-0.228990793228,0.613217830658,-0.540130555630,0.368202209473,-0.443452566862
1413393319.505760431290,2,-1.070445895195,2.188819408417,-0.236244723201,0.615662992001,-0.541937649250,0.364533483982,-0.440883219242
1413393319.555760383606,2,-1.080527424812,2.192396163940,-0.244753614068,0.617203116417,-0.545330822468,0.358888298273,-0.439174145460
1413393319.605760574341,2,-1.094538211823,2.195579051971,-0.251890718937,0.618255019188,-0.548097968102,0.354033052921,-0.438189566135
1413393319.655760288239,2,-1.102736711502,2.197438001633,-0.261777639389,0.619369804859,-0.551145374775,0.348785638809,-0.436999380589
1413393319.705760478973,2,-1.109656095505,2.197935581207,-0.271614551544,0.620273709297,-0.552720069885,0.345716416836,-0.436166435480
1413393319.755760431290,2,-1.115866661072,2.195790290833,-0.280218452215,0.621559023857,-0.549753189087,0.349014401436,-0.435459434986
1413393319.805760622025,2,-1.118076920509,2.194001674652,-0.291721642017,0.624351382256,-0.544868350029,0.355123192072,-0.432656139135
1413393319.855760335922,2,-1.117987036705,2.191909790039,-0.303970694542,0.625824153423,-0.539336442947,0.361822307110,-0.431908637285
1413393319.905760526657,2,-1.117394208908,2.189822673798,-0.318468153477,0.627038240433,-0.533964931965,0.368212640285,-0.431420832872
1413393319.955760478973,2,-1.118012905121,2.189685344696,-0.336600482464,0.627344369888,-0.529139578342,0.374154955149,-0.431808471680
1413393320.005760431290,2,-1.116141080856,2.188274145126,-0.352164030075,0.627461135387,-0.525099694729,0.378954976797,-0.432384163141
1413393320.055760383606,2,-1.114283561707,2.187426805496,-0.368188202381,0.627033233643,-0.522296428680,0.382255643606,-0.433493196964
1413393320.105760574341,2,-1.112425446510,2.189426422119,-0.394015341997,0.625387728214,-0.519554197788,0.385842263699,-0.435981005430
1413393320.155760288239,2,-1.110591650009,2.189844131470,-0.410749733448,0.622833132744,-0.516842186451,0.389861196280,-0.439273536205
1413393320.205760478973,2,-1.108834862709,2.191078662872,-0.427187472582,0.619544565678,-0.515026926994,0.392975270748,-0.443263322115
1413393320.255760431290,2,-1.103759884834,2.192800998688,-0.447216540575,0.617355644703,-0.513954162598,0.395419985056,-0.445383161306
1413393320.305760622025,2,-1.103246688843,2.195332050323,-0.460482358932,0.616983830929,-0.515894412994,0.394407302141,-0.444552540779
1413393320.355760335922,2,-1.103363513947,2.198627948761,-0.469765365124,0.616920113564,-0.518104076385,0.392920643091,-0.443386077881
1413393320.405760526657,2,-1.093636035919,2.203974246979,-0.474283754826,0.618307769299,-0.521818757057,0.388734340668,-0.440779179335
1413393320.455760478973,2,-1.094266176224,2.208593368530,-0.475950926542,0.620018661022,-0.525263071060,0.385487705469,-0.437121063471
1413393320.505760431290,2,-1.090791940689,2.213322401047,-0.477938175201,0.621673822403,-0.527334332466,0.384127795696,-0.433458358049
1413393320.555760383606,2,-1.090348124504,2.218849182129,-0.476407706738,0.622501194477,-0.528188169003,0.384032934904,-0.431310027838
1413393320.605760574341,2,-1.088267803192,2.223751068115,-0.477346450090,0.622599303722,-0.528850615025,0.384327560663,-0.430092573166
1413393320.655760288239,2,-1.086907267570,2.230057239532,-0.484510391951,0.623713731766,-0.529191374779,0.385325819254,-0.427155464888
1413393320.705760478973,2,-1.084540486336,2.237211942673,-0.497314512730,0.623759031296,-0.529654681683,0.385862648487,-0.426028937101
1413393320.755760431290,2,-1.082698464394,2.240723133087,-0.516507744789,0.623205423355,-0.528926908970,0.387041777372,-0.426673322916
1413393320.805760622025,2,-1.079936981201,2.249094009399,-0.543462514877,0.621387004852,-0.528601109982,0.387829214334,-0.429007768631
1413393320.855760335922,2,-1.081841349602,2.251940727234,-0.550837635994,0.611749351025,-0.523411691189,0.398241609335,-0.439552754164
1413393320.905760526657,2,-1.084761142731,2.247542381287,-0.533559799194,0.611048638821,-0.519778013229,0.404469758272,-0.439152270555
1413393320.955760478973,2,-1.088610053062,2.243049383163,-0.525887727737,0.621340990067,-0.524782717228,0.398576408625,-0.423881411552
1413393321.005760431290,2,-1.092185139656,2.239300251007,-0.524747371674,0.630264580250,-0.526168346405,0.395775854588,-0.411430329084
1413393321.055760383606,2,-1.097659826279,2.237057209015,-0.528590738773,0.632717311382,-0.525247931480,0.395058244467,-0.409527122974
1413393321.105760574341,2,-1.099046468735,2.236239194870,-0.542736053467,0.628162741661,-0.524061858654,0.396302044392,-0.416791975498
1413393321.155760288239,2,-1.099353551865,2.233907938004,-0.548123896122,0.607112288475,-0.522804021835,0.398015856743,-0.446848988533
1413393321.205760478973,2,-1.101365208626,2.231088876724,-0.535041689873,0.603766620159,-0.515165030956,0.410547077656,-0.448912113905
1413393321.255760431290,2,-1.100221991539,2.232531547546,-0.533782243729,0.608649492264,-0.515767991543,0.412421941757,-0.439815074205
1413393321.305760622025,2,-1.098488450050,2.233065605164,-0.543292582035,0.612833380699,-0.525774240494,0.406108349562,-0.427869945765
1413393321.355760335922,2,-1.100366115570,2.232519626617,-0.547394335270,0.607172012329,-0.530191779137,0.398620635271,-0.437424898148
1413393321.405760526657,2,-1.100731134415,2.228181362152,-0.543465971947,0.605488240719,-0.526857793331,0.403528571129,-0.439282983541
1413393321.455760478973,2,-1.100563645363,2.229958295822,-0.543274700642,0.603174746037,-0.525955140591,0.405204802752,-0.441996037960
1413393321.505760431290,2,-1.102226257324,2.229927539825,-0.548161804676,0.605418443680,-0.524240612984,0.407214492559,-0.439108997583
1413393321.555760383606,2,-1.101307511330,2.229115486145,-0.546769738197,0.605210602283,-0.527227878571,0.403247386217,-0.439479798079
1413393321.605760574341,2,-1.100830078125,2.229068040848,-0.547117173672,0.605332255363,-0.526495754719,0.404110312462,-0.439397424459
1413393321.655760288239,2,-1.100960254669,2.229397296906,-0.546537458897,0.604666531086,-0.525647103786,0.405387550592,-0.440152853727
1413393321.705760478973,2,-1.100470423698,2.228646278381,-0.546173453331,0.604329288006,-0.525496125221,0.405533850193,-0.440661191940
1413393321.755760431290,2,-1.100203752518,2.228755950928,-0.547126531601,0.604997038841,-0.526405572891,0.404254674911,-0.439833968878
1413393321.805760622025,2,-1.100283861160,2.228856563568,-0.547448694706,0.604693830013,-0.525895059109,0.405024498701,-0.440153419971
1413393321.855760335922,2,-1.100661277771,2.228722572327,-0.547849178314,0.604419469833,-0.525934457779,0.404923319817,-0.440575897694
1413393321.905760526657,2,-1.101032614708,2.228766679764,-0.548098981380,0.604363203049,-0.525816619396,0.405126214027,-0.440607249737
1413393321.955760478973,2,-1.102095484734,2.229307174683,-0.548775017262,0.604624807835,-0.526187658310,0.404595255852,-0.440293133259
1413393322.005760431290,2,-1.103371143341,2.228978157043,-0.547897756100,0.604264914989,-0.525673508644,0.405304908752,-0.440748602152
1413393322.055760383606,2,-1.103768706322,2.229163169861,-0.547794282436,0.604208171368,-0.525800526142,0.405012100935,-0.440944045782
1413393322.105760574341,2,-1.104077577591,2.229183197021,-0.547770559788,0.604370832443,-0.525792360306,0.405080199242,-0.440668165684
1413393322.155760288239,2,-1.104524970055,2.229233503342,-0.547754049301,0.604358255863,-0.525871038437,0.404910653830,-0.440747320652
1413393322.205760478973,2,-1.104993462563,2.229402065277,-0.547756791115,0.604271352291,-0.525717258453,0.405049860477,-0.440922051668
1413393322.255760431290,2,-1.105323672295,2.229586124420,-0.547870457172,0.604223191738,-0.525866746902,0.405031710863,-0.440826296806
1413393322.305760622025,2,-1.105582594872,2.229708909988,-0.547991573811,0.604267060757,-0.525927364826,0.404972732067,-0.440748006105
1413393322.355760335922,2,-1.105714082718,2.229882240295,-0.548006653786,0.604202866554,-0.525840640068,0.405032575130,-0.440884649754
1413393322.405760526657,2,-1.105761885643,2.229810237885,-0.548116147518,0.604196786880,-0.525933742523,0.405008852482,-0.440803706646
1413393322.455760478973,2,-1.105699181557,2.229743719101,-0.548240005970,0.604165732861,-0.525979638100,0.405045986176,-0.440757304430
1413393322.505760431290,2,-1.105491518974,2.229551315308,-0.547980904579,0.604231655598,-0.525853157043,0.404865294695,-0.440983861685
1413393322.555760383606,2,-1.105860114098,2.229542255402,-0.547820746899,0.604276835918,-0.525770604610,0.404879450798,-0.441007405519
1413393322.605760574341,2,-1.106214880943,2.229620218277,-0.547654986382,0.604255914688,-0.525867700577,0.404865324497,-0.440933078527
1413393322.655760288239,2,-1.106533527374,2.229640007019,-0.547436177731,0.604238927364,-0.525929450989,0.404845297337,-0.440901249647
1413393322.705760478973,2,-1.106709718704,2.229745864868,-0.547290802002,0.604260683060,-0.525951683521,0.404770135880,-0.440913796425
1413393322.755760431290,2,-1.106754541397,2.229924201965,-0.547263741493,0.604267299175,-0.525963604450,0.404711067677,-0.440944880247
1413393322.805760622025,2,-1.106706738472,2.230038404465,-0.547308206558,0.604229211807,-0.525959253311,0.404789298773,-0.440930187702
1413393322.855760335922,2,-1.106464028358,2.230003833771,-0.547413706779,0.604214429855,-0.525999605656,0.404768615961,-0.440921396017
1413393322.905760526657,2,-1.106138110161,2.229966640472,-0.547501981258,0.604202389717,-0.526042044163,0.404715001583,-0.440936535597
1413393322.955760478973,2,-1.105892658234,2.229867458344,-0.547587037086,0.604142725468,-0.526060342789,0.404725342989,-0.440986990929
1413393323.005760431290,2,-1.106431245804,2.229738235474,-0.547347307205,0.604114890099,-0.525977373123,0.404767304659,-0.441085636616
1413393323.055760383606,2,-1.106603980064,2.229813337326,-0.547230422497,0.604120731354,-0.525967121124,0.404722124338,-0.441131263971
1413393323.105760574341,2,-1.106805443764,2.229831218719,-0.547144889832,0.604148745537,-0.525974214077,0.404675275087,-0.441127389669
1413393323.155760288239,2,-1.106946468353,2.229842662811,-0.547095060349,0.604118704796,-0.525984585285,0.404661893845,-0.441168487072
1413393323.205760478973,2,-1.107013583183,2.229833602905,-0.547163009644,0.604105234146,-0.526000320911,0.404655814171,-0.441173732281
1413393323.255760431290,2,-1.106943130493,2.229804992676,-0.547311484814,0.604092240334,-0.526048362255,0.404639363289,-0.441149353981
1413393323.305760622025,2,-1.106769561768,2.229811906815,-0.547430515289,0.604049444199,-0.526100337505,0.404618024826,-0.441165477037
1413393323.355760335922,2,-1.106634736061,2.229754209518,-0.547576248646,0.604048609734,-0.526112914085,0.404617697001,-0.441151887178
1413393323.405760526657,2,-1.106279134750,2.229699611664,-0.547704696655,0.604014873505,-0.526203274727,0.404581099749,-0.441123813391
1413393323.455760478973,2,-1.106145381927,2.229633331299,-0.547910332680,0.603997290134,-0.526210427284,0.404528915882,-0.441187381744
1413393323.505760431290,2,-1.105459928513,2.229552268982,-0.549675345421,0.603779137135,-0.526138782501,0.404413461685,-0.441677033901
1413393323.555760383606,2,-1.105347990990,2.229652404785,-0.550067067146,0.603805899620,-0.526159167290,0.404383689165,-0.441643446684
1413393323.605760574341,2,-1.105156421661,2.229686737061,-0.550331652164,0.603762865067,-0.526209950447,0.404365420341,-0.441658288240
1413393323.655760288239,2,-1.104937314987,2.229616641998,-0.550335049629,0.603734493256,-0.526244580746,0.404370635748,-0.441651046276
1413393323.705760478973,2,-1.104691743851,2.229455947876,-0.550112664700,0.603715717793,-0.526242434978,0.404384583235,-0.441666692495
1413393323.755760431290,2,-1.104489326477,2.229284763336,-0.549847602844,0.603698670864,-0.526290357113,0.404355525970,-0.441659361124
1413393323.805760622025,2,-1.104411244392,2.229228496552,-0.549594402313,0.603686094284,-0.526312887669,0.404321372509,-0.441681057215
1413393323.855760335922,2,-1.104418277740,2.229200601578,-0.549396097660,0.603702425957,-0.526278614998,0.404350668192,-0.441672712564
1413393323.905760526657,2,-1.104386806488,2.229177951813,-0.549212098122,0.603666663170,-0.526341617107,0.404295176268,-0.441697299480
1413393323.955760478973,2,-1.104361057281,2.229199409485,-0.549134731293,0.603687584400,-0.526304423809,0.404343843460,-0.441668450832
1413393324.005760431290,2,-1.104396104813,2.229054450989,-0.548916161060,0.603792428970,-0.526257455349,0.404138594866,-0.441769003868
1413393324.055760383606,2,-1.104165196419,2.228939056396,-0.548588275909,0.603814423084,-0.526259779930,0.404157012701,-0.441719293594
1413393324.105760574341,2,-1.103956818581,2.228832721710,-0.548328757286,0.603807330132,-0.526309788227,0.404088675976,-0.441731959581
1413393324.155760288239,2,-1.103783249855,2.228774547577,-0.548233509064,0.603817999363,-0.526315867901,0.404108703136,-0.441691845655
1413393324.205760478973,2,-1.103697299957,2.228766918182,-0.548253715038,0.603774487972,-0.526349604130,0.404094576836,-0.441723883152
1413393324.255760431290,2,-1.103662133217,2.228794097900,-0.548399448395,0.603794097900,-0.526364624500,0.404060870409,-0.441710233688
1413393324.305760622025,2,-1.103644132614,2.228800296783,-0.548560976982,0.603773772717,-0.526389896870,0.404038935900,-0.441727966070
1413393324.355760335922,2,-1.103803396225,2.228839874268,-0.548668444157,0.603753447533,-0.526406526566,0.404048502445,-0.441727161407
1413393324.405760526657,2,-1.104179978371,2.228886842728,-0.548833608627,0.603733420372,-0.526392638683,0.404047548771,-0.441771835089
1413393324.455760478973,2,-1.104432463646,2.228939533234,-0.548875451088,0.603687047958,-0.526420593262,0.404038131237,-0.441810458899
1413393324.505760431290,2,-1.105857014656,2.229094028473,-0.548527836800,0.603618979454,-0.526391565800,0.404106706381,-0.441875427961
1413393324.555760383606,2,-1.105854630470,2.228914737701,-0.548531889915,0.603627204895,-0.526420235634,0.404064297676,-0.441868841648
1413393324.605760574341,2,-1.105787992477,2.228771209717,-0.548561573029,0.603641510010,-0.526404619217,0.404061943293,-0.441869974136
1413393324.655760288239,2,-1.105676174164,2.228736877441,-0.548582732677,0.603644013405,-0.526407957077,0.404045283794,-0.441877812147
1413393324.705760478973,2,-1.105550527573,2.228756427765,-0.548651576042,0.603652596474,-0.526407659054,0.404024392366,-0.441885530949
1413393324.755760431290,2,-1.105435967445,2.228775024414,-0.548736095428,0.603651642799,-0.526395738125,0.404022693634,-0.441902548075
1413393324.805760622025,2,-1.105196952820,2.228886842728,-0.548840701580,0.603631138802,-0.526398599148,0.404013514519,-0.441935658455
1413393324.855760335922,2,-1.104911804199,2.228877067566,-0.548918426037,0.603636562824,-0.526409804821,0.404009908438,-0.441918075085
1413393324.905760526657,2,-1.104722142220,2.228846549988,-0.549018740654,0.603587329388,-0.526426136494,0.404018729925,-0.441957831383
1413393324.955760478973,2,-1.104790687561,2.228853702545,-0.549029111862,0.603582799435,-0.526445209980,0.404009819031,-0.441949576139
1413393325.005760431290,2,-1.104487538338,2.228448390961,-0.549340426922,0.603704035282,-0.526200771332,0.403959602118,-0.442121028900
1413393325.055760383606,2,-1.104367852211,2.228281021118,-0.549622058868,0.603672325611,-0.526210963726,0.403953999281,-0.442157119513
1413393325.105760574341,2,-1.104226112366,2.228188991547,-0.549887955189,0.603699862957,-0.526159405708,0.403904169798,-0.442226529121
1413393325.155760288239,2,-1.104007244110,2.228212356567,-0.549989879131,0.603696048260,-0.526210963726,0.403868883848,-0.442202568054
1413393325.205760478973,2,-1.103807568550,2.228285789490,-0.549928486347,0.603694617748,-0.526205778122,0.403830826283,-0.442245513201
1413393325.255760431290,2,-1.103628516197,2.228359937668,-0.549894690514,0.603670537472,-0.526176035404,0.403860181570,-0.442286938429
1413393325.305760622025,2,-1.103603959084,2.228404521942,-0.549726426601,0.603678107262,-0.526149034500,0.403827220201,-0.442338705063
1413393325.355760335922,2,-1.103646397591,2.228387355804,-0.549604058266,0.603650927544,-0.526184082031,0.403811186552,-0.442348837852
1413393325.405760526657,2,-1.103837013245,2.228424072266,-0.549501359463,0.603617548943,-0.526185750961,0.403807014227,-0.442396312952
1413393325.455760478973,2,-1.104037165642,2.228449106216,-0.549355924129,0.603501498699,-0.526284456253,0.403944373131,-0.442311733961
1413393325.505760431290,2,-1.105129718781,2.228569984436,-0.548922538757,0.603539764881,-0.526266753674,0.403957009315,-0.442269086838
1413393325.555760383606,2,-1.105010867119,2.228379726410,-0.548859238625,0.603465139866,-0.526365756989,0.403915643692,-0.442290842533
1413393325.605760574341,2,-1.104828953743,2.228203296661,-0.548789262772,0.603446424007,-0.526366233826,0.404030561447,-0.442210793495
1413393325.655760288239,2,-1.104584574699,2.228192567825,-0.548744559288,0.603403687477,-0.526430308819,0.403992414474,-0.442227721214
1413393325.705760478973,2,-1.104354500771,2.228265047073,-0.548779428005,0.603447139263,-0.526365339756,0.403966754675,-0.442269235849
1413393325.755760431290,2,-1.104188561440,2.228345394135,-0.548829853535,0.603437244892,-0.526339173317,0.403923749924,-0.442353129387
1413393325.805760622025,2,-1.104073047638,2.228390693665,-0.548915982246,0.603420257568,-0.526358544827,0.403940826654,-0.442337542772
1413393325.855760335922,2,-1.103995203972,2.228444337845,-0.548884153366,0.603416383266,-0.526351690292,0.403919309378,-0.442370712757
1413393325.905760526657,2,-1.103960156441,2.228480815887,-0.548924803734,0.603421330452,-0.526331186295,0.403885096312,-0.442419528961
1413393325.955760478973,2,-1.104199051857,2.228573322296,-0.548923909664,0.603396177292,-0.526340663433,0.403901517391,-0.442427515984
1413393326.005760431290,2,-1.105069160461,2.228736400604,-0.548610806465,0.603468239307,-0.526325523853,0.403863757849,-0.442381709814
1413393326.055760383606,2,-1.104940772057,2.228751659393,-0.548417568207,0.603479623795,-0.526331722736,0.403865814209,-0.442357122898
1413393326.105760574341,2,-1.104816317558,2.228767871857,-0.548306584358,0.603486239910,-0.526356756687,0.403816640377,-0.442363083363
1413393326.155760288239,2,-1.104761838913,2.228804349899,-0.548382937908,0.603447556496,-0.526381671429,0.403837263584,-0.442367494106
1413393326.205760478973,2,-1.104780793190,2.228781700134,-0.548522412777,0.603440940380,-0.526408553123,0.403810650110,-0.442368805408
