1403715893984058112.000000 -0.022963969 -0.044365522 -0.038249485 0.020092906 -0.008622999 0.014265998 0.999659181
1403715894034057984.000000 -0.024705496 -0.048058085 -0.044897765 0.012707927 -0.008839798 0.014476912 0.999775350
1403715894084058368.000000 -0.026051372 -0.046026088 -0.041929159 0.006171628 -0.008952213 0.013024440 0.999856114
1403715894134057984.000000 -0.034434933 -0.056040484 -0.054695375 0.001854932 -0.006005204 0.010420817 0.999925971
1403715894184058112.000000 -0.016220422 -0.008543690 -0.015078466 0.019722071 -0.008385995 0.002576975 0.999767005
1403715894234058240.000000 -0.017359413 -0.009117629 -0.015322039 0.027393427 -0.006402033 -0.002033325 0.999602139
1403715894284058112.000000 -0.044969883 -0.078988157 -0.068996862 0.016283346 0.001898169 -0.006550982 0.999844193
1403715894334057984.000000 -0.045749478 -0.079370059 -0.070858717 0.022665448 0.003098852 -0.010940387 0.999678433
1403715894384058112.000000 -0.031471305 -0.018811988 -0.025543800 0.044058636 0.003060308 -0.017417014 0.998872459
1403715894434058240.000000 -0.031410605 -0.016369579 -0.022124374 0.048836332 0.002685222 -0.019260416 0.998617470
1403715894484058112.000000 -0.033001464 -0.017025653 -0.022762287 0.048562244 0.000771298 -0.017066717 0.998674095
1403715894534057984.000000 -0.047651395 -0.022229020 -0.025875043 0.045111403 0.002892927 -0.016373003 0.998843610
1403715894584058368.000000 -0.049594536 -0.023025095 -0.024608744 0.042794056 0.000693651 -0.015976509 0.998955965
1403715894634057984.000000 -0.111413136 -0.142806515 -0.099590190 0.009242233 0.007414096 -0.011179918 0.999867320
1403715894684058112.000000 -0.130149916 -0.156045333 -0.105737738 0.005287784 0.006502558 -0.007068478 0.999939919
1403715894734058240.000000 -0.063602574 -0.060909551 -0.051678892 0.031992286 -0.011159254 -0.002479354 0.999422729
1403715894784058112.000000 -0.160415605 -0.172098845 -0.112992793 0.007355139 0.003323595 0.001336442 0.999966562
1403715894834057984.000000 -0.174711823 -0.174502596 -0.113325067 0.011797846 0.002013759 0.004494889 0.999918342
1403715894884058112.000000 -0.065694422 -0.061975222 -0.060169242 0.047853734 -0.026720019 0.009205008 0.998454511
1403715894934058240.000000 -0.117627330 -0.082044862 -0.063907601 0.048139680 -0.017645605 0.007822215 0.998654127
1403715894984058112.000000 -0.143390641 -0.088105612 -0.062378097 0.051772632 -0.015904725 0.008549224 0.998495638
1403715895034057984.000000 -0.151981518 -0.090566553 -0.054535858 0.054116737 -0.017817603 0.006985725 0.998351216
1403715895084058368.000000 -0.170226038 -0.095337704 -0.063783497 0.057665348 -0.017491812 0.009104453 0.998141289
1403715895134057984.000000 -0.192027181 -0.104889840 -0.063623518 0.057549458 -0.016908282 0.010055886 0.998148918
1403715895184058112.000000 -0.197676316 -0.107874885 -0.068439536 0.059469294 -0.020179931 0.011234248 0.997962952
1403715895234058240.000000 -0.185504019 -0.100058392 -0.063810572 0.063582085 -0.026960546 0.013955293 0.997514784
1403715895284058112.000000 -0.306117654 -0.222383887 -0.116274484 0.031480283 -0.002590999 0.012339604 0.999424815
1403715895334057984.000000 -0.313925952 -0.223690495 -0.115148410 0.033311434 -0.004621888 0.013172111 0.999347568
1403715895384058112.000000 -0.323110670 -0.228655174 -0.117072038 0.034447331 -0.006500147 0.012578196 0.999306262
1403715895434058240.000000 -0.252100497 -0.123754911 -0.076188326 0.067042574 -0.027411450 0.013815841 0.997277856
1403715895484058112.000000 -0.262907416 -0.128120735 -0.077553175 0.067156784 -0.028838590 0.014059355 0.997226477
1403715895534057984.000000 -0.280546635 -0.133716449 -0.082555883 0.067722961 -0.028522557 0.014381131 0.997192740
1403715895584058368.000000 -0.416588992 -0.301226169 -0.143936440 0.022602025 -0.000186506 0.016243784 0.999612510
1403715895634057984.000000 -0.427650839 -0.302559257 -0.142645925 0.025383372 -0.000764730 0.016184675 0.999546468
1403715895684058112.000000 -0.488934219 -0.348341078 -0.157546699 0.020967102 0.001643797 0.016980439 0.999634683
1403715895734058240.000000 -0.507802427 -0.356840670 -0.159270093 0.020701062 0.001829971 0.017409852 0.999632537
1403715895784058112.000000 -0.517117143 -0.361198813 -0.163677469 0.021352306 0.000056292 0.017979458 0.999610305
1403715895834057984.000000 -0.527193964 -0.365471125 -0.165612414 0.022344485 -0.001304328 0.018115925 0.999585390
1403715895884058112.000000 -0.540145755 -0.367360175 -0.166381791 0.023604348 -0.001667638 0.017627154 0.999564588
1403715895934058240.000000 -0.571599305 -0.381006062 -0.167146370 0.022803523 0.001294987 0.018082807 0.999575615
1403715895984058112.000000 -0.588291705 -0.388134360 -0.169926092 0.022553092 0.000917630 0.019892532 0.999547362
1403715896034057984.000000 -0.597752512 -0.390336573 -0.173303694 0.023542687 -0.001352096 0.021717172 0.999486029
1403715896084058368.000000 -0.579884052 -0.383021057 -0.178851247 0.026086919 -0.010707404 0.024533410 0.999301255
1403715896134057984.000000 -0.621205032 -0.408541590 -0.180792332 0.020798154 -0.007047486 0.028816396 0.999343514
1403715896184058112.000000 -0.638669670 -0.412684500 -0.181728750 0.022309771 -0.008643848 0.033715069 0.999145091
1403715896234058240.000000 -0.649698734 -0.414655209 -0.183265522 0.023882026 -0.012200425 0.041145246 0.998793304
1403715896284058112.000000 -0.679922998 -0.435608000 -0.185983270 0.023159714 -0.011917928 0.049703456 0.998424411
1403715896334057984.000000 -0.691766441 -0.443613410 -0.190007076 0.025368543 -0.015976626 0.059373595 0.997785628
1403715896384058112.000000 -0.699662268 -0.449218720 -0.191447467 0.026349107 -0.020377384 0.068001099 0.997129083
1403715896434058240.000000 -0.737327039 -0.469479322 -0.193330824 0.028013114 -0.020571053 0.075014234 0.996576607
1403715896484058112.000000 -0.742047668 -0.478095323 -0.198354378 0.028568374 -0.023995131 0.081784964 0.995951533
1403715896534057984.000000 -0.716730833 -0.465556592 -0.199610114 0.032886609 -0.028226107 0.085082933 0.995430946
1403715896584058368.000000 -0.721857965 -0.467199296 -0.201421276 0.037238482 -0.029401539 0.089858152 0.994823813
1403715896634057984.000000 -0.776207924 -0.523812830 -0.207859114 0.033224076 -0.026062286 0.092346527 0.994831204
1403715896684058112.000000 -0.776172996 -0.528314710 -0.211555272 0.035907090 -0.026281286 0.094316214 0.994547367
1403715896734058240.000000 -0.775253713 -0.526071668 -0.215509564 0.039046820 -0.026838396 0.096437529 0.994210720
1403715896784058112.000000 -0.765671611 -0.539986789 -0.220812112 0.034086104 -0.028661337 0.098280489 0.994161785
1403715896834057984.000000 -0.758671403 -0.538704097 -0.225174800 0.032014124 -0.029994350 0.100699350 0.993949234
1403715896884058112.000000 -0.739076138 -0.553191900 -0.234779954 0.026334848 -0.033009008 0.104678556 0.993609309
1403715896934058240.000000 -0.727100432 -0.552621067 -0.239840984 0.024491582 -0.034906231 0.109902538 0.993027270
1403715896984058112.000000 -0.711935401 -0.553522050 -0.247493193 0.022270013 -0.037548780 0.116705656 0.992206633
1403715897034057984.000000 -0.694244087 -0.554090977 -0.253686309 0.020749932 -0.039926514 0.124103300 0.991248548
1403715897084058368.000000 -0.654595733 -0.559372902 -0.262344003 0.018827420 -0.043030046 0.129787192 0.990428865
1403715897134057984.000000 -0.622113287 -0.568653107 -0.270033568 0.016860243 -0.043469146 0.131336659 0.990240812
1403715897184058112.000000 -0.591370821 -0.570573926 -0.274963289 0.017598599 -0.042247105 0.130977511 0.990328491
1403715897234058240.000000 -0.542623699 -0.570540369 -0.283800155 0.016475301 -0.041110966 0.124324910 0.991252661
1403715897284058112.000000 -0.501156926 -0.578496933 -0.289800912 0.014256861 -0.036311399 0.111974761 0.992945075
1403715897334057984.000000 -0.452217400 -0.571518004 -0.296322793 0.015394854 -0.029472109 0.096054763 0.994820535
1403715897384058112.000000 -0.408957839 -0.571895242 -0.299195349 0.014564564 -0.021560710 0.077377908 0.996662319
1403715897434058240.000000 -0.369575709 -0.573130250 -0.301585019 0.013059119 -0.014097976 0.064153731 0.997754991
1403715897484058112.000000 -0.314939737 -0.587353468 -0.307234079 0.009253105 -0.013360823 0.052693311 0.998478472
1403715897534057984.000000 -0.266156226 -0.587371886 -0.311041325 0.009110942 -0.010511192 0.044894464 0.998894930
1403715897584058368.000000 -0.214786768 -0.575105786 -0.318733245 0.013003712 -0.008067214 0.044865817 0.998875856
1403715897634057984.000000 -0.168435276 -0.576765716 -0.321163803 0.013478673 -0.008130538 0.048112791 0.998717844
1403715897684058112.000000 -0.082335569 -0.585517168 -0.329919547 0.012409389 -0.011680429 0.051257227 0.998540103
1403715897734058240.000000 -0.037131224 -0.590993524 -0.330764472 0.012317858 -0.012933264 0.058856782 0.998106658
1403715897784058112.000000 0.024544757 -0.591555536 -0.334214509 0.014254692 -0.015443881 0.064387195 0.997703731
1403715897834057984.000000 0.079686932 -0.579691172 -0.336683482 0.019977149 -0.017245887 0.068499245 0.997302115
1403715897884058112.000000 0.152974933 -0.589000165 -0.335800022 0.021138020 -0.020252815 0.069249958 0.997169793
1403715897934058240.000000 0.208482713 -0.573178649 -0.339843839 0.028840052 -0.019025963 0.066426456 0.997193038
1403715897984058112.000000 0.288053602 -0.589917481 -0.341030091 0.028279332 -0.017676029 0.063452587 0.997427523
1403715898034057984.000000 0.345309079 -0.586714149 -0.339641780 0.034639079 -0.015525810 0.058331784 0.997575343
1403715898084058368.000000 0.406614065 -0.603877962 -0.341552436 0.038566269 -0.010965673 0.053523444 0.997761369
1403715898134057984.000000 0.447932899 -0.622258425 -0.342266232 0.041676357 -0.002490323 0.047265619 0.998009443
1403715898184058112.000000 0.529444396 -0.620444357 -0.345663190 0.048803005 -0.000286666 0.045905106 0.997752964
1403715898234058240.000000 0.582274318 -0.624742091 -0.351475805 0.051641840 0.007871733 0.043460280 0.997688472
1403715898284058112.000000 0.660058558 -0.624107301 -0.351646602 0.052097376 0.013945027 0.041382696 0.997686744
1403715898334057984.000000 0.714093506 -0.625894070 -0.359159142 0.049995702 0.023713792 0.041090816 0.997622013
1403715898384058112.000000 0.788180113 -0.622826278 -0.364090770 0.046094395 0.031269971 0.041078977 0.997602165
1403715898434058240.000000 0.849077642 -0.608868718 -0.368924379 0.041444775 0.041269168 0.042749546 0.997372389
1403715898484058112.000000 0.913912773 -0.607291520 -0.371761978 0.034412969 0.050096326 0.046124093 0.997085094
1403715898534057984.000000 0.962605000 -0.605574667 -0.378939390 0.025756080 0.062707335 0.049270783 0.996482253
1403715898584058368.000000 1.036893487 -0.597923815 -0.386484146 0.021301262 0.070012450 0.050695408 0.996029377
1403715898634057984.000000 1.094177723 -0.595418155 -0.393950224 0.015230875 0.081340395 0.053598188 0.995127678
1403715898684058112.000000 1.148388386 -0.588918209 -0.400135219 0.015274755 0.094394624 0.057363760 0.993763387
1403715898734058240.000000 1.233952045 -0.569480062 -0.404295802 0.017930027 0.101729393 0.062279057 0.992698848
1403715898784058112.000000 1.267675042 -0.575945675 -0.397818416 0.012067855 0.116408534 0.064201862 0.991050780
1403715898834057984.000000 1.339626193 -0.552320719 -0.407513648 0.012496267 0.122976452 0.067306519 0.990045786
1403715898884058112.000000 1.397938132 -0.535369813 -0.409042835 0.011130791 0.130545408 0.069513455 0.988939822
1403715898934058240.000000 1.462505102 -0.509229183 -0.412464589 0.010398675 0.134889737 0.072608769 0.988142014
1403715898984058112.000000 1.514617443 -0.494979113 -0.411381721 0.007480585 0.141392231 0.073677316 0.987179875
1403715899034057984.000000 1.568196058 -0.476493120 -0.408745050 0.007070631 0.145415857 0.075771861 0.986439526
1403715899084058368.000000 1.622099876 -0.457142830 -0.408643067 0.003249363 0.148545280 0.076860413 0.985908866
1403715899134057984.000000 1.675292134 -0.424331129 -0.406786531 0.000045792 0.150597662 0.078393050 0.985482097
1403715899184058112.000000 1.730816007 -0.401844025 -0.406049758 -0.006678944 0.151826099 0.078511752 0.985261559
1403715899234058240.000000 1.776732445 -0.375908524 -0.397536546 -0.013575478 0.155947745 0.075069740 0.984815001
1403715899284058112.000000 1.831150055 -0.355798423 -0.399100155 -0.019942030 0.156596556 0.072636046 0.984786272
1403715899334057984.000000 1.876499295 -0.344646424 -0.394387752 -0.030563626 0.158344805 0.070449486 0.984393060
1403715899384058112.000000 1.926223159 -0.326731443 -0.390180767 -0.036573581 0.159045294 0.067141965 0.984306335
1403715899434058240.000000 1.990927935 -0.315685779 -0.379500270 -0.042758871 0.160147086 0.061947908 0.984219015
1403715899484058112.000000 2.033489466 -0.310288608 -0.372199893 -0.043891285 0.161170244 0.060703490 0.984079719
1403715899534057984.000000 2.080488920 -0.300624967 -0.366273969 -0.042561635 0.159758240 0.060522970 0.984379411
1403715899584058368.000000 2.123166084 -0.300832212 -0.351669341 -0.042892601 0.159695759 0.060695902 0.984364569
1403715899634057984.000000 2.172391653 -0.300242692 -0.344090283 -0.043190144 0.156532884 0.062553927 0.984743178
1403715899684058112.000000 2.212152958 -0.295801640 -0.326895982 -0.041582800 0.157049671 0.061959431 0.984767675
1403715899734058240.000000 2.260133982 -0.295645088 -0.312695265 -0.040975053 0.155465752 0.059263811 0.985210299
1403715899784058112.000000 2.301622152 -0.292301089 -0.294104546 -0.037168764 0.156389058 0.055111073 0.985456109
1403715899834057984.000000 2.355214596 -0.299544603 -0.274830043 -0.034572151 0.155969456 0.049215216 0.985929132
1403715899884058112.000000 2.390718937 -0.305118799 -0.252026945 -0.030162614 0.158746958 0.041507579 0.985985160
1403715899934058240.000000 2.429295301 -0.306538492 -0.230042428 -0.026180420 0.160509139 0.033366010 0.986122787
1403715899984058112.000000 2.472284555 -0.305892199 -0.209305868 -0.022776697 0.161317781 0.024635427 0.986332059
1403715900034057984.000000 2.507685661 -0.309910744 -0.185645565 -0.020227157 0.162692606 0.018583560 0.986294448
1403715900084058368.000000 2.540673256 -0.313616574 -0.160770029 -0.018853519 0.163266912 0.013880777 0.986304164
1403715900134057984.000000 2.569233418 -0.318380415 -0.135636210 -0.017779222 0.164357439 0.010836790 0.986181080
1403715900184058112.000000 2.605615377 -0.325473100 -0.107256413 -0.017402427 0.164029717 0.006758869 0.986278713
1403715900234058240.000000 2.629688501 -0.328908503 -0.078572005 -0.015534960 0.164430976 0.004159454 0.986257493
1403715900284058112.000000 2.649670601 -0.340025395 -0.047498897 -0.016388204 0.165905669 0.001833014 0.986003757
1403715900334057984.000000 2.666884184 -0.347855031 -0.016117126 -0.016728032 0.166590691 0.001539591 0.985883057
1403715900384058112.000000 2.685813427 -0.357330084 0.015323412 -0.017047375 0.166291818 -0.000014586 0.985929191
1403715900434058240.000000 2.701117277 -0.367811620 0.047426816 -0.017457241 0.164867789 0.002839411 0.986157119
1403715900484058112.000000 2.710088968 -0.380311519 0.081945360 -0.015974056 0.161626682 0.013794333 0.986626267
1403715900534057984.000000 2.716823578 -0.395467937 0.117078856 -0.010259292 0.158363536 0.024999969 0.987011015
1403715900584058368.000000 2.721436739 -0.408385843 0.151941806 -0.002484719 0.156013548 0.033291202 0.987190604
1403715900634057984.000000 2.730940104 -0.423981696 0.185719386 0.006926712 0.151564524 0.043513022 0.987464845
1403715900684058112.000000 2.738550186 -0.436792076 0.219333604 0.018128559 0.146968290 0.054026254 0.987498343
1403715900734058240.000000 2.736104012 -0.451330572 0.254321992 0.031243050 0.145900756 0.061915874 0.986865401
1403715900784058112.000000 2.742321491 -0.466092587 0.289464831 0.044009298 0.144569516 0.064627141 0.986400604
1403715900834057984.000000 2.748741150 -0.479559898 0.318646550 0.055667486 0.145001456 0.062218688 0.985902905
1403715900884058112.000000 2.751872540 -0.493917972 0.349762589 0.064564571 0.146201238 0.059579041 0.985346079
1403715900934058240.000000 2.754868984 -0.506332815 0.376707971 0.071011052 0.147646189 0.056343693 0.984877408
1403715900984058112.000000 2.755024910 -0.513147473 0.402021736 0.079509467 0.148631766 0.052550513 0.984289229
1403715901034057984.000000 2.745846033 -0.544673085 0.433792174 0.083040029 0.152159736 0.053404931 0.983412325
1403715901084058368.000000 2.748232603 -0.552619517 0.452536464 0.090805724 0.151918620 0.050612126 0.982910693
1403715901134057984.000000 2.740799427 -0.565584183 0.470651567 0.097713798 0.153019726 0.051038831 0.982055008
1403715901184058112.000000 2.736673355 -0.573331892 0.484357953 0.105343275 0.153557599 0.050266981 0.981221735
1403715901234058240.000000 2.725820541 -0.583245277 0.496022224 0.110116951 0.154587463 0.051109325 0.980492115
1403715901284058112.000000 2.726899385 -0.585918725 0.501799643 0.114475347 0.151985943 0.051947180 0.980355680
1403715901334057984.000000 2.712786913 -0.596886337 0.506154537 0.113064796 0.152856231 0.054886445 0.980223835
1403715901384058112.000000 2.703929901 -0.599792957 0.507107735 0.109015211 0.151383325 0.058373824 0.980709612
1403715901434058240.000000 2.689388752 -0.613651752 0.503296256 0.096865863 0.151091650 0.062726632 0.981760502
1403715901484058112.000000 2.686257601 -0.612351179 0.496205747 0.086906560 0.147636041 0.064485505 0.983103514
1403715901534057984.000000 2.666861534 -0.616949081 0.489085048 0.076739661 0.149182484 0.067319043 0.983526170
1403715901584058368.000000 2.658511162 -0.605957091 0.481369048 0.075681463 0.147743568 0.067198232 0.983833611
1403715901634057984.000000 2.622486115 -0.620609999 0.468511522 0.068848945 0.155182660 0.065700926 0.983291209
1403715901684058112.000000 2.613829613 -0.621697068 0.454228282 0.067239344 0.153134942 0.066521138 0.983668447
1403715901734058240.000000 2.588154554 -0.619530499 0.438604861 0.062888682 0.155671790 0.066344790 0.983569860
1403715901784058112.000000 2.574769735 -0.619637191 0.421883345 0.057343930 0.154434174 0.066937476 0.984063625
1403715901834057984.000000 2.569639444 -0.617697239 0.401445210 0.050670482 0.150493458 0.066230588 0.985087693
1403715901884058112.000000 2.568865061 -0.609158218 0.383938074 0.047449067 0.145414814 0.064457826 0.986127973
1403715901934058240.000000 2.528523922 -0.607299030 0.364363879 0.044020846 0.150685519 0.066233799 0.985377669
1403715901984058112.000000 2.516852617 -0.604922891 0.342993170 0.041413214 0.148439258 0.065854229 0.985857010
1403715902034057984.000000 2.487226248 -0.594400227 0.325324655 0.044446178 0.150161177 0.067104466 0.985379696
1403715902084058368.000000 2.457473040 -0.587438941 0.302653521 0.047588721 0.153414562 0.067401715 0.984711289
1403715902134057984.000000 2.438018322 -0.600998223 0.283192307 0.042681836 0.154070988 0.063778520 0.985074997
1403715902184058112.000000 2.434096098 -0.587361336 0.254335582 0.044677738 0.149834961 0.059295278 0.985919654
1403715902234058240.000000 2.402242422 -0.595376551 0.235138148 0.038604263 0.154798165 0.056102309 0.985596120
1403715902284058112.000000 2.382243872 -0.594302475 0.214869872 0.032909896 0.154835030 0.053799767 0.985925257
1403715902334057984.000000 2.348727465 -0.594692707 0.191997871 0.026412115 0.158249304 0.050815545 0.985736966
1403715902384058112.000000 2.323923349 -0.588784516 0.170900151 0.021764807 0.158985347 0.048841871 0.985831857
1403715902434058240.000000 2.298901320 -0.575390220 0.144193649 0.020426061 0.158199504 0.047663502 0.986044586
1403715902484058112.000000 2.268000126 -0.570531726 0.118482128 0.017026730 0.156442121 0.052357078 0.986151457
1403715902534057984.000000 2.242022514 -0.569886029 0.098678708 0.012282555 0.154238373 0.058772456 0.986207604
1403715902584058368.000000 2.217588663 -0.563456059 0.073701419 0.008740367 0.149869695 0.064629100 0.986552477
1403715902634057984.000000 2.184396267 -0.563079298 0.054033715 0.004734975 0.146892741 0.068773530 0.986747324
1403715902684058112.000000 2.165656090 -0.551602006 0.027587410 0.002697689 0.139273748 0.071546085 0.987662256
1403715902734058240.000000 2.130289316 -0.560634315 0.008331727 -0.005448258 0.133905187 0.074128315 0.988202810
1403715902784058112.000000 2.100939274 -0.555845678 -0.010734953 -0.010909660 0.126400843 0.073486872 0.989193380
1403715902834057984.000000 2.080345154 -0.536553085 -0.035852011 -0.013764260 0.115059316 0.071371883 0.990695715
1403715902884058112.000000 2.053125858 -0.533953786 -0.051177703 -0.020114059 0.106325738 0.069106467 0.991723061
1403715902934058240.000000 2.021995068 -0.514311135 -0.065924846 -0.021819791 0.097498395 0.063616745 0.992960751
1403715902984058112.000000 2.007594347 -0.502585769 -0.086392313 -0.024205349 0.087552838 0.056586925 0.994256794
1403715903034057984.000000 1.981420279 -0.488300472 -0.098257117 -0.022356598 0.077423371 0.050373957 0.995473921
1403715903084058368.000000 1.952369571 -0.483917892 -0.108272582 -0.023133643 0.068503745 0.041760888 0.996507943
1403715903134057984.000000 1.927919030 -0.470889956 -0.117871918 -0.020570977 0.058681786 0.032945901 0.997520924
1403715903184058112.000000 1.899001122 -0.463123620 -0.125677630 -0.019555222 0.050868195 0.023557477 0.998236001
1403715903234058240.000000 1.876022816 -0.451524794 -0.135319024 -0.018419866 0.042006012 0.019637220 0.998754561
1403715903284058112.000000 1.848504543 -0.442572802 -0.144438103 -0.020644868 0.033656493 0.017428054 0.999068260
1403715903334057984.000000 1.821635365 -0.431787461 -0.148768842 -0.023038598 0.026566954 0.016545776 0.999244630
1403715903384058112.000000 1.795275331 -0.433123857 -0.153024107 -0.029846901 0.018663676 0.016711168 0.999240518
1403715903434058240.000000 1.768214703 -0.428143054 -0.156304449 -0.032773942 0.010213075 0.016465865 0.999275029
1403715903484058112.000000 1.744382739 -0.430276752 -0.159103394 -0.035406101 0.000819216 0.015132402 0.999258161
1403715903534057984.000000 1.710706472 -0.435604930 -0.158986107 -0.036509868 -0.009611342 0.012910225 0.999203682
1403715903584058368.000000 1.682543278 -0.440518558 -0.160162657 -0.034795612 -0.019800162 0.009118846 0.999156773
1403715903634057984.000000 1.658004165 -0.453989804 -0.158496082 -0.035536766 -0.031857695 0.005474392 0.998845518
1403715903684058112.000000 1.632791162 -0.471485704 -0.155975580 -0.033676043 -0.044255484 0.001266460 0.998451769
1403715903734058240.000000 1.606309772 -0.489900351 -0.151552945 -0.029066902 -0.056871604 -0.004429270 0.997948468
1403715903784058112.000000 1.579999685 -0.504365563 -0.146757200 -0.021135714 -0.072119750 -0.004772384 0.997160673
1403715903834057984.000000 1.549229860 -0.529163361 -0.142763644 -0.014334126 -0.088022113 -0.008110411 0.995982349
1403715903884058112.000000 1.521607876 -0.551795900 -0.140739545 -0.005950359 -0.104737319 -0.010262412 0.994429171
1403715903934058240.000000 1.499269843 -0.579231501 -0.134466842 0.001003148 -0.123080112 -0.014656041 0.992288053
1403715903984058112.000000 1.465249658 -0.602676988 -0.133848980 0.009321553 -0.139229104 -0.020206297 0.990010202
1403715904034057984.000000 1.437426567 -0.627802491 -0.128474295 0.015169259 -0.157792002 -0.024018604 0.987063706
1403715904084058368.000000 1.423255682 -0.648210645 -0.118094273 0.020943703 -0.179919481 -0.029830452 0.983005881
1403715904134057984.000000 1.399567246 -0.677868783 -0.111373171 0.023188720 -0.199374884 -0.035487428 0.979005992
1403715904184058112.000000 1.377431273 -0.721973956 -0.095447719 0.021277465 -0.219142780 -0.045063701 0.974419296
1403715904234058240.000000 1.358386755 -0.743229449 -0.087711066 0.024048040 -0.238225058 -0.054450806 0.969384193
1403715904284058112.000000 1.339690208 -0.765462279 -0.080471464 0.027732266 -0.255420864 -0.067920409 0.964042544
1403715904334057984.000000 1.320791841 -0.791761518 -0.070923522 0.032603923 -0.272585750 -0.080061823 0.958240151
1403715904384058112.000000 1.300351024 -0.806631982 -0.061024286 0.039645299 -0.288588434 -0.092404038 0.952158928
1403715904434058240.000000 1.285688996 -0.813727081 -0.053767756 0.047108710 -0.305209488 -0.099311776 0.945920289
1403715904484058112.000000 1.261329293 -0.851450741 -0.041722216 0.046476543 -0.319424063 -0.108952627 0.940179586
1403715904534057984.000000 1.240267038 -0.864419818 -0.036166333 0.052117076 -0.331437469 -0.120224275 0.934333503
1403715904584058368.000000 1.220838666 -0.885279953 -0.024580017 0.056626096 -0.344667345 -0.130188227 0.927927256
1403715904634057984.000000 1.208538294 -0.889919221 -0.010950938 0.063744500 -0.359225124 -0.139318720 0.920589089
1403715904684058112.000000 1.192748070 -0.890073895 -0.002434969 0.070872582 -0.373957306 -0.146303043 0.913087308
1403715904734058240.000000 1.147350073 -0.904338241 -0.004783764 0.071088545 -0.386265546 -0.150030509 0.907323718
1403715904784058112.000000 1.130130291 -0.902919352 -0.000910729 0.070661210 -0.405242354 -0.150099427 0.899030507
1403715904834057984.000000 1.106385946 -0.901944041 0.002116963 0.067471862 -0.423917323 -0.151508108 0.890385926
1403715904884058112.000000 1.084244609 -0.917853832 0.018870533 0.062347453 -0.445547968 -0.153143942 0.879856110
1403715904934058240.000000 1.065990686 -0.917311192 0.019664139 0.062054027 -0.464663684 -0.155333549 0.869544983
1403715904984058112.000000 1.051383734 -0.907929301 0.033465147 0.064431034 -0.486484647 -0.158011049 0.856862843
1403715905034057984.000000 1.033344984 -0.906929851 0.034949273 0.066887096 -0.505231798 -0.162742406 0.844856203
1403715905084058368.000000 1.017946482 -0.892893434 0.049643517 0.072991066 -0.525299311 -0.165830597 0.831404328
1403715905134057984.000000 1.003769159 -0.887750089 0.056693316 0.077279679 -0.543729305 -0.168801397 0.818469584
1403715905184058112.000000 0.994387865 -0.867967248 0.059436768 0.084748924 -0.557968438 -0.173220992 0.807145178
1403715905234058240.000000 0.986799240 -0.869194806 0.060759455 0.085894547 -0.573641598 -0.178858876 0.794711888
1403715905284058112.000000 0.974380314 -0.831623673 0.062127709 0.090933971 -0.582620919 -0.189743757 0.785035789
1403715905334057984.000000 0.965704203 -0.832378864 0.061689794 0.084043100 -0.593040705 -0.202050552 0.774864614
1403715905384058112.000000 0.959865093 -0.798522353 0.067150950 0.083519809 -0.602737725 -0.212082565 0.764691234
1403715905434058240.000000 0.962770939 -0.798134327 0.068097651 0.077330425 -0.614184380 -0.222432494 0.753207445
1403715905484058112.000000 0.954752326 -0.795714438 0.068273067 0.069624640 -0.624074578 -0.232005805 0.742870569
1403715905534057984.000000 0.955750227 -0.795634449 0.068478465 0.062246546 -0.634780645 -0.240913257 0.731532454
1403715905584058368.000000 0.954372048 -0.727856815 0.055966914 0.064750113 -0.643108130 -0.244264677 0.722879052
1403715905634057984.000000 0.961959004 -0.728594303 0.057871342 0.053768232 -0.657777667 -0.247730091 0.709272444
1403715905684058112.000000 0.963182092 -0.730234683 0.055950344 0.042255934 -0.671377361 -0.250889271 0.696075797
1403715905734058240.000000 0.960382938 -0.737619817 -0.004383147 0.029332656 -0.678122938 -0.257130474 0.687875569
1403715905784058112.000000 0.947119951 -0.735264540 -0.003326237 0.021362102 -0.693503320 -0.262258381 0.670684278
1403715905834057984.000000 0.946800828 -0.735505819 -0.003562689 0.010871485 -0.708007932 -0.267096788 0.653655827
1403715905884058112.000000 0.944652319 -0.727342367 -0.013157010 0.006508889 -0.719405293 -0.278237432 0.636394203
1403715905934058240.000000 0.944624662 -0.728092670 -0.013535976 -0.003977409 -0.732065201 -0.290171742 0.616332054
1403715905984058112.000000 0.961585939 -0.652361453 -0.015114307 -0.001173449 -0.743985474 -0.295759976 0.599174678
1403715906034057984.000000 0.961800218 -0.652407706 -0.014901996 -0.006855044 -0.756148458 -0.307786733 0.577459931
1403715906084058368.000000 0.941260338 -0.724659085 -0.015938878 -0.016272910 -0.768703341 -0.322842211 0.551908851
1403715906084058368.000000 0.941260338 -0.724659085 -0.015938878 -0.016272910 -0.768703341 -0.322842211 0.551908851
1403715906084058368.000000 0.941260338 -0.724659085 -0.015938878 -0.016272910 -0.768703341 -0.322842211 0.551908851
1403715906084058368.000000 0.941260338 -0.724659085 -0.015938878 -0.016272910 -0.768703341 -0.322842211 0.551908851
1403715906084058368.000000 0.941260338 -0.724659085 -0.015938878 -0.016272910 -0.768703341 -0.322842211 0.551908851
1403715906084058368.000000 0.941260338 -0.724659085 -0.015938878 -0.016272910 -0.768703341 -0.322842211 0.551908851
1403715906084058368.000000 0.941260338 -0.724659085 -0.015938878 -0.016272910 -0.768703341 -0.322842211 0.551908851
1403715906084058368.000000 0.941260338 -0.724659085 -0.015938878 -0.016272910 -0.768703341 -0.322842211 0.551908851
1403715906084058368.000000 0.941260338 -0.724659085 -0.015938878 -0.016272910 -0.768703341 -0.322842211 0.551908851
1403715906084058368.000000 0.941260338 -0.724659085 -0.015938878 -0.016272910 -0.768703341 -0.322842211 0.551908851
1403715906084058368.000000 0.941260338 -0.724659085 -0.015938878 -0.016272910 -0.768703341 -0.322842211 0.551908851
1403715906084058368.000000 0.941260338 -0.724659085 -0.015938878 -0.016272910 -0.768703341 -0.322842211 0.551908851
1403715906084058368.000000 0.941260338 -0.724659085 -0.015938878 -0.016272910 -0.768703341 -0.322842211 0.551908851
1403715906084058368.000000 0.941260338 -0.724659085 -0.015938878 -0.016272910 -0.768703341 -0.322842211 0.551908851
1403715906084058368.000000 0.941260338 -0.724659085 -0.015938878 -0.016272910 -0.768703341 -0.322842211 0.551908851
1403715906084058368.000000 0.941260338 -0.724659085 -0.015938878 -0.016272910 -0.768703341 -0.322842211 0.551908851
1403715906084058368.000000 0.941260338 -0.724659085 -0.015938878 -0.016272910 -0.768703341 -0.322842211 0.551908851
1403715906084058368.000000 0.941260338 -0.724659085 -0.015938878 -0.016272910 -0.768703341 -0.322842211 0.551908851
1403715906084058368.000000 0.941260338 -0.724659085 -0.015938878 -0.016272910 -0.768703341 -0.322842211 0.551908851
1403715906084058368.000000 0.941260338 -0.724659085 -0.015938878 -0.016272910 -0.768703341 -0.322842211 0.551908851
1403715906084058368.000000 0.941260338 -0.724659085 -0.015938878 -0.016272910 -0.768703341 -0.322842211 0.551908851
1403715906084058368.000000 0.941260338 -0.724659085 -0.015938878 -0.016272910 -0.768703341 -0.322842211 0.551908851
1403715906084058368.000000 0.941260338 -0.724659085 -0.015938878 -0.016272910 -0.768703341 -0.322842211 0.551908851
1403715906084058368.000000 0.941260338 -0.724659085 -0.015938878 -0.016272910 -0.768703341 -0.322842211 0.551908851
1403715906084058368.000000 0.941260338 -0.724659085 -0.015938878 -0.016272910 -0.768703341 -0.322842211 0.551908851
1403715906084058368.000000 0.941260338 -0.724659085 -0.015938878 -0.016272910 -0.768703341 -0.322842211 0.551908851
1403715906084058368.000000 0.941260338 -0.724659085 -0.015938878 -0.016272910 -0.768703341 -0.322842211 0.551908851
1403715906084058368.000000 0.941260338 -0.724659085 -0.015938878 -0.016272910 -0.768703341 -0.322842211 0.551908851
1403715906084058368.000000 0.941260338 -0.724659085 -0.015938878 -0.016272910 -0.768703341 -0.322842211 0.551908851
1403715906084058368.000000 0.941260338 -0.724659085 -0.015938878 -0.016272910 -0.768703341 -0.322842211 0.551908851
1403715906084058368.000000 0.941260338 -0.724659085 -0.015938878 -0.016272910 -0.768703341 -0.322842211 0.551908851
1403715906084058368.000000 0.941260338 -0.724659085 -0.015938878 -0.016272910 -0.768703341 -0.322842211 0.551908851
1403715906084058368.000000 0.941260338 -0.724659085 -0.015938878 -0.016272910 -0.768703341 -0.322842211 0.551908851
1403715906084058368.000000 0.941260338 -0.724659085 -0.015938878 -0.016272910 -0.768703341 -0.322842211 0.551908851
1403715906084058368.000000 0.941260338 -0.724659085 -0.015938878 -0.016272910 -0.768703341 -0.322842211 0.551908851
1403715906084058368.000000 0.941260338 -0.724659085 -0.015938878 -0.016272910 -0.768703341 -0.322842211 0.551908851
1403715906084058368.000000 0.941260338 -0.724659085 -0.015938878 -0.016272910 -0.768703341 -0.322842211 0.551908851
1403715906084058368.000000 0.941260338 -0.724659085 -0.015938878 -0.016272910 -0.768703341 -0.322842211 0.551908851
1403715906084058368.000000 0.941260338 -0.724659085 -0.015938878 -0.016272910 -0.768703341 -0.322842211 0.551908851
1403715906084058368.000000 0.941260338 -0.724659085 -0.015938878 -0.016272910 -0.768703341 -0.322842211 0.551908851
1403715906084058368.000000 0.941260338 -0.724659085 -0.015938878 -0.016272910 -0.768703341 -0.322842211 0.551908851
1403715906084058368.000000 0.941260338 -0.724659085 -0.015938878 -0.016272910 -0.768703341 -0.322842211 0.551908851
1403715906084058368.000000 0.941260338 -0.724659085 -0.015938878 -0.016272910 -0.768703341 -0.322842211 0.551908851
1403715906084058368.000000 0.941260338 -0.724659085 -0.015938878 -0.016272910 -0.768703341 -0.322842211 0.551908851
1403715906084058368.000000 0.941260338 -0.724659085 -0.015938878 -0.016272910 -0.768703341 -0.322842211 0.551908851
1403715906084058368.000000 0.941260338 -0.724659085 -0.015938878 -0.016272910 -0.768703341 -0.322842211 0.551908851
1403715906084058368.000000 0.941260338 -0.724659085 -0.015938878 -0.016272910 -0.768703341 -0.322842211 0.551908851
1403715906084058368.000000 0.941260338 -0.724659085 -0.015938878 -0.016272910 -0.768703341 -0.322842211 0.551908851
1403715906084058368.000000 0.941260338 -0.724659085 -0.015938878 -0.016272910 -0.768703341 -0.322842211 0.551908851
1403715906084058368.000000 0.941260338 -0.724659085 -0.015938878 -0.016272910 -0.768703341 -0.322842211 0.551908851
1403715906084058368.000000 0.941260338 -0.724659085 -0.015938878 -0.016272910 -0.768703341 -0.322842211 0.551908851
1403715906084058368.000000 0.941260338 -0.724659085 -0.015938878 -0.016272910 -0.768703341 -0.322842211 0.551908851
1403715906084058368.000000 0.941260338 -0.724659085 -0.015938878 -0.016272910 -0.768703341 -0.322842211 0.551908851
1403715906084058368.000000 0.941260338 -0.724659085 -0.015938878 -0.016272910 -0.768703341 -0.322842211 0.551908851
1403715906084058368.000000 0.941260338 -0.724659085 -0.015938878 -0.016272910 -0.768703341 -0.322842211 0.551908851
1403715908834057984.000000 1.246197343 -0.250664651 -0.389019847 0.012902533 0.695092678 0.264638901 0.668315828
1403715908834057984.000000 1.246197343 -0.250664651 -0.389019847 0.012902533 0.695092678 0.264638901 0.668315828
1403715908834057984.000000 1.246197343 -0.250664651 -0.389019847 0.012902533 0.695092678 0.264638901 0.668315828
1403715908984058112.000000 1.327063084 -0.438477546 -0.324311256 0.007678258 0.632774293 0.226949543 0.740291655
1403715909034057984.000000 1.320000648 -0.448649406 -0.313124418 0.002113356 0.616293073 0.220401868 0.756043315
1403715909084058368.000000 1.313367605 -0.457794964 -0.306937277 -0.002734599 0.598805428 0.217622593 0.770756185
1403715909134057984.000000 1.305600524 -0.466959387 -0.290886104 -0.007755532 0.583447814 0.208952665 0.784772098
1403715909184058112.000000 1.287896514 -0.467050582 -0.274037242 -0.008758035 0.568495214 0.204778194 0.796744883
1403715909234058240.000000 1.278973699 -0.474206716 -0.260609388 -0.010935243 0.552941740 0.198791087 0.809084713
1403715909284058112.000000 1.270661235 -0.477362126 -0.242751360 -0.010444995 0.537139773 0.195926100 0.820356488
1403715909334057984.000000 1.255590916 -0.481821209 -0.226841241 -0.010060065 0.523319125 0.189232498 0.830798984
1403715909384058112.000000 1.252883196 -0.483145148 -0.220872253 -0.010227326 0.506699562 0.184268981 0.842137754
1403715909434058240.000000 1.240612507 -0.487067640 -0.198230267 -0.010495142 0.493243068 0.176810786 0.851668417
1403715909484058112.000000 1.225697279 -0.494990230 -0.185332745 -0.011950596 0.480136752 0.166324809 0.861197948
1403715909534057984.000000 1.211729288 -0.490419507 -0.162719101 -0.011771452 0.466846019 0.156183675 0.870357931
1403715909584058368.000000 1.213033915 -0.496690392 -0.148621649 -0.014060467 0.449729234 0.148258135 0.880661964
1403715909634057984.000000 1.193158627 -0.500063479 -0.126438051 -0.013681578 0.433701426 0.138131753 0.890300810
1403715909684058112.000000 1.175083637 -0.514328122 -0.102551177 -0.012861637 0.416295707 0.131317377 0.899604499
1403715909734058240.000000 1.164803505 -0.507682681 -0.087328017 -0.009375827 0.394737333 0.124829188 0.910226524
1403715909784058112.000000 1.147363186 -0.508473933 -0.070202336 -0.004944456 0.371403337 0.119631782 0.920718968
1403715909834057984.000000 1.124243975 -0.514445543 -0.045703366 -0.001401325 0.348965794 0.113422081 0.930245399
1403715909884058112.000000 1.108198285 -0.512539864 -0.021746427 0.006751975 0.321588188 0.106752247 0.940818548
1403715909934058240.000000 1.084798336 -0.511984646 0.006614596 0.017303322 0.296024472 0.101574376 0.949606657
1403715909984058112.000000 1.060047507 -0.524276137 0.029213645 0.025044963 0.267134964 0.095656000 0.958572745
1403715910034057984.000000 1.037410617 -0.523555517 0.057794966 0.033724260 0.237965211 0.087063044 0.966775715
1403715910084058368.000000 1.017691731 -0.523143351 0.074779004 0.039583195 0.206974939 0.077598915 0.974460423
1403715910134057984.000000 0.984520674 -0.527633786 0.097124800 0.040309433 0.178841501 0.067315467 0.980744362
1403715910184058112.000000 0.957997501 -0.524920404 0.116077557 0.041501921 0.149248764 0.058066893 0.986220419
1403715910234058240.000000 0.932458222 -0.522493780 0.134861007 0.040348925 0.121615440 0.046872556 0.990648627
1403715910284058112.000000 0.903788447 -0.516110480 0.148267671 0.042276945 0.095033944 0.038129374 0.993844748
1403715910334057984.000000 0.869409621 -0.506309211 0.162177041 0.046270836 0.072249889 0.028947694 0.995892048
1403715910384058112.000000 0.867681623 -0.512586236 0.183491066 0.047582354 0.041971166 0.019413970 0.997796357
1403715910434058240.000000 0.849951267 -0.514944971 0.198056564 0.052061107 0.017467750 0.010904081 0.998431623
1403715910484058112.000000 0.834763944 -0.519063175 0.209913149 0.056813274 -0.006792756 0.002362448 0.998358965
1403715910534057984.000000 0.800169230 -0.509796917 0.217453927 0.064567611 -0.024668422 -0.005173728 0.997595012
1403715910584058368.000000 0.758898914 -0.506571770 0.226638854 0.068672866 -0.040615126 -0.011568584 0.996745050
1403715910634057984.000000 0.743193626 -0.501024008 0.233980358 0.071338952 -0.063196123 -0.017644687 0.995291770
1403715910684058112.000000 0.719638944 -0.498326927 0.237061962 0.072074696 -0.082840495 -0.023276377 0.993680537
1403715910734058240.000000 0.658674240 -0.496475041 0.242332414 0.069936290 -0.092520773 -0.028087044 0.992854416
1403715910784058112.000000 0.634307981 -0.485049218 0.242171988 0.072321370 -0.111098967 -0.033383437 0.990612030
1403715910834057984.000000 0.611854315 -0.488177955 0.240459681 0.071545199 -0.130673498 -0.039029241 0.988070071
1403715910884058112.000000 0.574331999 -0.484535247 0.239861086 0.071244016 -0.145948902 -0.043378487 0.985769510
1403715910934058240.000000 0.547928631 -0.484510899 0.234438017 0.069319300 -0.164359763 -0.048535284 0.982764006
1403715910984058112.000000 0.529825747 -0.484884590 0.230091274 0.065816291 -0.184940070 -0.052629936 0.979129970
1403715911034057984.000000 0.495703131 -0.481958956 0.219332427 0.065674208 -0.200910076 -0.057278894 0.975726008
1403715911084058368.000000 0.475478798 -0.458387673 0.213779137 0.073819175 -0.220170081 -0.060776297 0.970763743
1403715911134057984.000000 0.453086704 -0.456330478 0.203705966 0.076757312 -0.238716215 -0.063363612 0.965975165
1403715911184058112.000000 0.417112231 -0.444148421 0.185229138 0.080828860 -0.254618526 -0.068947986 0.961187959
1403715911234058240.000000 0.385123670 -0.430872738 0.170427561 0.084814847 -0.270157635 -0.073291659 0.956268668
1403715911284058112.000000 0.405723661 -0.437873542 0.169598773 0.080718979 -0.299536675 -0.078434795 0.947422981
1403715911334057984.000000 0.353852272 -0.422493130 0.139651299 0.080205254 -0.310126424 -0.084490880 0.943530679
1403715911384058112.000000 0.336226642 -0.422144443 0.119326450 0.074689262 -0.328342617 -0.089526005 0.937335432
1403715911434058240.000000 0.322754323 -0.406587899 0.102142192 0.073187269 -0.346972585 -0.095773384 0.930097401
1403715911484058112.000000 0.308501005 -0.399079800 0.084141366 0.066328205 -0.363197625 -0.100229025 0.923927605
1403715911534057984.000000 0.295405984 -0.396593541 0.059796486 0.056864996 -0.379971802 -0.106431983 0.917093277
1403715911584058368.000000 0.289806843 -0.395454943 0.035561882 0.045766272 -0.395786524 -0.114388205 0.910040617
1403715911634057984.000000 0.268290788 -0.344215512 0.017081531 0.050608017 -0.407671511 -0.121902160 0.903538942
1403715911684058112.000000 0.257262856 -0.331798583 -0.009516578 0.046072166 -0.419676751 -0.132250503 0.896804690
1403715911734058240.000000 0.251693904 -0.330933392 -0.021944910 0.042402588 -0.434306085 -0.144042432 0.888162196
1403715911784058112.000000 0.238452286 -0.315764427 -0.047261421 0.043513253 -0.445498019 -0.154866412 0.880712569
1403715911834057984.000000 0.231091574 -0.309224844 -0.069524758 0.043347310 -0.458648294 -0.162629023 0.872533441
1403715911884058112.000000 0.216557503 -0.289414912 -0.101938374 0.047849044 -0.468085647 -0.168471709 0.866154552
1403715911934058240.000000 0.209930643 -0.298726380 -0.133655250 0.045306548 -0.480120212 -0.175155342 0.858342886
1403715911984058112.000000 0.200697243 -0.284971952 -0.167671978 0.048581343 -0.489970386 -0.177154705 0.852164984
1403715912034057984.000000 0.197189674 -0.287555486 -0.186564863 0.047891848 -0.502508879 -0.180495650 0.844163835
1403715912084058368.000000 0.185479254 -0.292443007 -0.225910947 0.045775495 -0.511328220 -0.182785958 0.838473320
1403715912134057984.000000 0.175703198 -0.296559840 -0.255118370 0.043435495 -0.521056771 -0.182970643 0.832547307
1403715912184058112.000000 0.172091976 -0.295200735 -0.282367349 0.043243993 -0.531057596 -0.183910429 0.826005280
1403715912234058240.000000 0.160150737 -0.310410947 -0.324702650 0.038899455 -0.539870799 -0.186790809 0.819838822
1403715912284058112.000000 0.155224875 -0.314830184 -0.350903243 0.037891302 -0.549636245 -0.188002184 0.813092589
1403715912334057984.000000 0.149678707 -0.310866058 -0.379650354 0.039382044 -0.558263004 -0.189177677 0.806847751
1403715912384058112.000000 0.142938226 -0.313287199 -0.416383207 0.038525224 -0.565703452 -0.192871481 0.800809622
1403715912434058240.000000 0.138554305 -0.313430279 -0.447208047 0.037266791 -0.573768497 -0.196227103 0.794289589
1403715912484058112.000000 0.138834372 -0.313822806 -0.470971256 0.037005983 -0.584102929 -0.198558852 0.786148071
1403715912534057984.000000 0.115001902 -0.310457051 -0.529773414 0.036148962 -0.587792575 -0.203098342 0.782268643
1403715912584058368.000000 0.115590960 -0.309989393 -0.545778990 0.035206966 -0.600725830 -0.206228599 0.771595001
1403715912634057984.000000 0.106427968 -0.306923330 -0.587658405 0.035022862 -0.608747005 -0.210268155 0.764190912
1403715912684058112.000000 0.104777604 -0.305896491 -0.609021723 0.035405673 -0.621508420 -0.215074167 0.752473891
1403715912734058240.000000 0.108612806 -0.297611296 -0.631896675 0.036704022 -0.635365009 -0.216754347 0.740257859
1403715912784058112.000000 0.114670843 -0.295766950 -0.645953536 0.037515536 -0.651971281 -0.220194057 0.724596918
1403715912834057984.000000 0.113559723 -0.288699359 -0.676718414 0.038642194 -0.664872766 -0.225260139 0.711132169
1403715912884058112.000000 0.120022953 -0.287763119 -0.694041312 0.038841777 -0.681465089 -0.230526716 0.693508565
1403715912934058240.000000 0.119254589 -0.273737878 -0.726738393 0.039893512 -0.694515526 -0.235508770 0.678669572
1403715912984058112.000000 0.123871565 -0.266666621 -0.749390721 0.040750068 -0.709524989 -0.240799949 0.661006212
1403715913034057984.000000 0.117047369 -0.249525398 -0.780787289 0.041948374 -0.722569883 -0.245608255 0.644833088
1403715913084058368.000000 0.116884470 -0.239900589 -0.800925016 0.042111605 -0.736531854 -0.251067221 0.626667976
1403715913134057984.000000 0.109935403 -0.227814883 -0.829456925 0.042504825 -0.747676611 -0.257637411 0.610570252
1403715913184058112.000000 0.112246156 -0.218076348 -0.850590885 0.043231826 -0.760614991 -0.261889338 0.592460871
1403715913234058240.000000 0.108508408 -0.202325061 -0.873739362 0.046611365 -0.772696555 -0.263551980 0.575593412
1403715913284058112.000000 0.110192716 -0.190793753 -0.893605351 0.052130848 -0.783928156 -0.266788960 0.558178067
1403715913334057984.000000 0.107451677 -0.178827584 -0.912998915 0.060055137 -0.793392181 -0.270001769 0.542237222
1403715913384058112.000000 0.109722614 -0.168866202 -0.934371889 0.068411879 -0.800209045 -0.274786443 0.528656662
1403715913434058240.000000 0.107245803 -0.156127721 -0.951948166 0.076473929 -0.806644738 -0.277340353 0.516292870
1403715913484058112.000000 0.107282519 -0.145904154 -0.968951344 0.084299475 -0.811824739 -0.278462321 0.506253898
1403715913534057984.000000 0.110244155 -0.135666043 -0.985457659 0.093578294 -0.815375328 -0.279849589 0.498086840
1403715913584058368.000000 0.116808295 -0.122745395 -1.004878759 0.107216828 -0.816139460 -0.283327311 0.492083997
1403715913634057984.000000 0.121631145 -0.113713712 -1.019563198 0.118054360 -0.817394972 -0.285425842 0.486272275
1403715913684058112.000000 0.136239767 -0.098591864 -1.044825196 0.127735928 -0.816466272 -0.287352204 0.484246939
1403715913734058240.000000 0.151301742 -0.085077733 -1.065679789 0.130609691 -0.816449225 -0.289145589 0.482438207
1403715913784058112.000000 0.168667436 -0.072251648 -1.085166454 0.128239378 -0.816850424 -0.291099310 0.481218576
1403715913834057984.000000 0.195263863 -0.057344466 -1.115540028 0.121951029 -0.815027416 -0.295470655 0.483275682
1403715913884058112.000000 0.212692499 -0.049029976 -1.135152340 0.113641217 -0.814926982 -0.300091475 0.482622951
1403715913934058240.000000 0.242169976 -0.033428699 -1.164605379 0.106082685 -0.813509047 -0.302689731 0.485106736
1403715913984058112.000000 0.265846252 -0.023073763 -1.187237740 0.100053832 -0.813404083 -0.304707021 0.485300750
1403715914034057984.000000 0.299123406 -0.006033450 -1.220329523 0.097015820 -0.811437309 -0.305915654 0.488439381
1403715914084058368.000000 0.322903514 -0.001438528 -1.244315386 0.095125571 -0.810758889 -0.308140159 0.488539517
1403715914134057984.000000 0.363832474 0.019082159 -1.284892082 0.095801212 -0.807358146 -0.308689952 0.493665397
1403715914184058112.000000 0.396225572 0.027420461 -1.311616421 0.091472551 -0.807158649 -0.307528406 0.495533973
1403715914234058240.000000 0.433584094 0.044766992 -1.351247311 0.080312103 -0.804760873 -0.306862056 0.501742601
1403715914284058112.000000 0.463101387 0.052872658 -1.377217412 0.066698216 -0.802949727 -0.307731211 0.506087661
1403715914334057984.000000 0.503607988 0.067557856 -1.417621136 0.054603696 -0.797487855 -0.310266376 0.514554560
1403715914384058112.000000 0.536510348 0.078841478 -1.448544741 0.042285427 -0.792100906 -0.314288020 0.521546900
1403715914434058240.000000 0.570924520 0.092087768 -1.483457565 0.032681212 -0.785395920 -0.318379462 0.529830039
1403715914484058112.000000 0.604934216 0.103195325 -1.517041683 0.025916148 -0.778624117 -0.321860194 0.538032413
1403715914534057984.000000 0.641582489 0.120579794 -1.556969285 0.019770961 -0.771136463 -0.324080199 0.547658384
1403715914584058368.000000 0.673798442 0.129445687 -1.594874263 0.013833299 -0.764769733 -0.324813783 0.556266129
1403715914634057984.000000 0.704308867 0.148075968 -1.633526087 0.006083786 -0.758156955 -0.323055327 0.566388786
1403715914684058112.000000 0.731479287 0.156785816 -1.673690319 -0.006212263 -0.751723289 -0.320320308 0.576427221
1403715914734058240.000000 0.760932803 0.175993070 -1.715245962 -0.018427262 -0.745013893 -0.314873338 0.587766528
1403715914784058112.000000 0.781323910 0.180796415 -1.751352072 -0.037262622 -0.739721298 -0.308695078 0.596767306
1403715914834057984.000000 0.803549170 0.199947745 -1.789003849 -0.053367268 -0.734597266 -0.300903887 0.605785131
1403715914884058112.000000 0.819466591 0.211048037 -1.822890997 -0.068267889 -0.730319619 -0.294310838 0.612661421
1403715914934058240.000000 0.832683921 0.224423349 -1.862262487 -0.078892000 -0.725683093 -0.288954586 0.619407237
1403715914984058112.000000 0.841473937 0.234315932 -1.895602584 -0.085556529 -0.722545385 -0.284378886 0.624289215
1403715915034057984.000000 0.844915032 0.243270487 -1.922378302 -0.091557987 -0.720573604 -0.279593557 0.627868116
1403715915084058368.000000 0.847077727 0.255627900 -1.955010653 -0.094981283 -0.718540490 -0.274840176 0.631776214
1403715915134057984.000000 0.844164371 0.262304485 -1.978425026 -0.095843002 -0.717493355 -0.272369564 0.633902490
1403715915184058112.000000 0.835091710 0.267641962 -2.001530409 -0.094728306 -0.717510402 -0.268755227 0.635591090
1403715915234058240.000000 0.823240876 0.272877961 -2.023925543 -0.083177529 -0.718186915 -0.266168058 0.637529314
1403715915284058112.000000 0.807442188 0.274858207 -2.043417692 -0.066924654 -0.719344139 -0.264789641 0.638710916
1403715915334057984.000000 0.789147258 0.276778966 -2.055458307 -0.047263063 -0.720711827 -0.266222060 0.638331056
1403715915384058112.000000 0.768054247 0.277944803 -2.068793297 -0.028403617 -0.721558750 -0.268284619 0.637628138
1403715915434058240.000000 0.747328281 0.285770595 -2.081192493 -0.012000374 -0.721447945 -0.271397412 0.636955559
1403715915484058112.000000 0.725711823 0.292908549 -2.089704275 0.000049939 -0.722272635 -0.272077531 0.635842919
1403715915534057984.000000 0.701135516 0.302816510 -2.096504688 0.009175117 -0.723406255 -0.272372395 0.634359896
1403715915584058368.000000 0.677309036 0.318114251 -2.109165907 0.017096408 -0.723399460 -0.272645801 0.634086132
1403715915634057984.000000 0.650418758 0.327553242 -2.112592697 0.025355445 -0.723671138 -0.275764614 0.632148087
1403715915684058112.000000 0.620659113 0.336726278 -2.115025759 0.031319067 -0.724396706 -0.278461486 0.629863322
1403715915734058240.000000 0.593747616 0.350933820 -2.124199629 0.032000773 -0.724188387 -0.281579643 0.628681302
1403715915784058112.000000 0.567994356 0.364708662 -2.134555340 0.028541224 -0.723933458 -0.284263819 0.627933085
1403715915834057984.000000 0.539890051 0.379135013 -2.142383814 0.023265593 -0.723992825 -0.287261844 0.626716733
1403715915884058112.000000 0.512499809 0.394108653 -2.153405428 0.018243767 -0.723469019 -0.290789783 0.625860393
1403715915934058240.000000 0.485104561 0.408498645 -2.158681631 0.013978578 -0.723908007 -0.292841971 0.624504209
1403715915984058112.000000 0.455805540 0.424583614 -2.170440435 0.013623279 -0.724924266 -0.291782051 0.623829007
1403715916034057984.000000 0.427871704 0.442864209 -2.183353186 0.015463293 -0.726115108 -0.288229048 0.624052703
1403715916084058368.000000 0.390451908 0.446018428 -2.182521343 0.016081901 -0.728704095 -0.285581946 0.622233629
1403715916134057984.000000 0.359430313 0.460878760 -2.195915937 0.018505925 -0.726888835 -0.283444911 0.625259340
1403715916184058112.000000 0.324838638 0.476482928 -2.201588869 0.022068961 -0.725664496 -0.277791500 0.629091322
1403715916234058240.000000 0.290313005 0.487367928 -2.210753679 0.023889137 -0.721929371 -0.273278296 0.635268748
1403715916284058112.000000 0.253366470 0.501148224 -2.214560032 0.025409032 -0.717443168 -0.268062443 0.642473578
1403715916334057984.000000 0.219096184 0.513612449 -2.226095438 0.027910342 -0.709846556 -0.263454050 0.652633786
1403715916384058112.000000 0.182694435 0.523400068 -2.230421543 0.027892301 -0.703186333 -0.257839680 0.662019491
1403715916434058240.000000 0.148185968 0.537519455 -2.241176605 0.027592225 -0.694719374 -0.250760764 0.673589408
1403715916484058112.000000 0.112804413 0.548326492 -2.245139599 0.025322570 -0.686413169 -0.244680032 0.684344530
1403715916534057984.000000 0.077093840 0.556356311 -2.250306845 0.021086199 -0.676565766 -0.239877760 0.695897162
1403715916584058368.000000 0.043149710 0.570233107 -2.262542725 0.019876920 -0.664353430 -0.234777495 0.709308863
1403715916634057984.000000 0.010725975 0.584475219 -2.261360884 0.016875241 -0.655190289 -0.225884736 0.720705926
1403715916684058112.000000 -0.021936417 0.589127302 -2.266023397 0.011407589 -0.645174444 -0.219063729 0.731868088
1403715916734058240.000000 -0.060529947 0.597568214 -2.272861481 0.006196868 -0.635947645 -0.211174220 0.742251813
1403715916784058112.000000 -0.093572140 0.605125725 -2.275784731 0.001385475 -0.628534079 -0.202677846 0.750909269
1403715916834057984.000000 -0.133044004 0.603709757 -2.282730103 -0.004959594 -0.620349526 -0.197972894 0.758912861
1403715916884058112.000000 -0.167380929 0.618025541 -2.288353682 -0.009595810 -0.614727497 -0.185226709 0.766621947
1403715916934058240.000000 -0.205843925 0.621046960 -2.288238287 -0.012477553 -0.610546589 -0.176704422 0.771915019
1403715916984058112.000000 -0.238905787 0.621670008 -2.285129070 -0.015296316 -0.607145190 -0.168496057 0.776369691
1403715917034057984.000000 -0.271606922 0.630287051 -2.284169436 -0.014504356 -0.603205502 -0.159493580 0.781341553
1403715917084058368.000000 -0.302907825 0.632307172 -2.278174162 -0.007516690 -0.600003779 -0.154010415 0.784996688
1403715917134057984.000000 -0.330147505 0.639671147 -2.261596680 0.009538398 -0.598069489 -0.145020440 0.788156688
1403715917184058112.000000 -0.365387559 0.631268620 -2.257553339 0.029503264 -0.589204907 -0.147131726 0.793926656
1403715917234058240.000000 -0.399102330 0.615431786 -2.254723310 0.048237957 -0.578051507 -0.153945684 0.799893975
1403715917284058112.000000 -0.424800277 0.615101039 -2.244215488 0.063206889 -0.567950547 -0.155639634 0.805737793
1403715917334057984.000000 -0.444540024 0.622540832 -2.227378845 0.077208929 -0.560765028 -0.152360752 0.810165226
1403715917384058112.000000 -0.470674157 0.610494852 -2.219459772 0.081206404 -0.553385437 -0.154793814 0.814376473
1403715917434058240.000000 -0.494114399 0.607725859 -2.213016748 0.082877547 -0.546926081 -0.154615089 0.818594813
1403715917484058112.000000 -0.507797956 0.607811451 -2.202725410 0.076992281 -0.544755340 -0.152325362 0.821042538
1403715917534057984.000000 -0.527865648 0.603694201 -2.195027828 0.066769026 -0.541708589 -0.154458344 0.823551118
1403715917584058368.000000 -0.538594246 0.604474247 -2.183821201 0.054906201 -0.542078674 -0.151248857 0.824778676
1403715917634057984.000000 -0.552341342 0.605693281 -2.177497149 0.046632849 -0.541752696 -0.148870423 0.825934052
1403715917684058112.000000 -0.566489816 0.608070612 -2.168951035 0.042569153 -0.543183446 -0.142748430 0.826294422
1403715917734058240.000000 -0.580060959 0.612895966 -2.162707806 0.043450799 -0.544698536 -0.134968832 0.826558590
1403715917784058112.000000 -0.592271328 0.614628077 -2.153613329 0.047447700 -0.546275437 -0.130152509 0.826070309
1403715917834057984.000000 -0.602134109 0.616901100 -2.148294449 0.053408835 -0.546626508 -0.126384407 0.826059341
1403715917884058112.000000 -0.600720048 0.619167924 -2.129787445 0.059649702 -0.550945401 -0.122854069 0.823291004
1403715917934058240.000000 -0.603532314 0.618401170 -2.121702194 0.065381624 -0.550965071 -0.124069259 0.822660089
1403715917984058112.000000 -0.604655027 0.616419315 -2.112866402 0.069873981 -0.551125646 -0.126964152 0.821741045
1403715918034057984.000000 -0.602065921 0.616461217 -2.099985123 0.075654387 -0.550447345 -0.131649509 0.820946097
1403715918084058368.000000 -0.601608276 0.621124089 -2.093849182 0.080711737 -0.545130312 -0.136996686 0.823134542
1403715918134057984.000000 -0.595266581 0.621614158 -2.083285570 0.082993641 -0.539075851 -0.144559503 0.825597882
1403715918184058112.000000 -0.591215014 0.621788442 -2.081405401 0.085390478 -0.530447960 -0.149089605 0.830123901
1403715918234058240.000000 -0.578649998 0.618970275 -2.070047617 0.085980617 -0.526034594 -0.147892386 0.833080351
1403715918284058112.000000 -0.568365932 0.617095828 -2.065106869 0.083072148 -0.520587981 -0.143566936 0.837541521
1403715918334057984.000000 -0.554909348 0.617869198 -2.058303118 0.073969513 -0.516119659 -0.137657091 0.842139900
1403715918384058112.000000 -0.540807962 0.625959933 -2.054131746 0.062052242 -0.510034263 -0.130963296 0.847858071
1403715918434058240.000000 -0.525109053 0.630155623 -2.049463034 0.047196157 -0.503612459 -0.126244456 0.853351831
1403715918484058112.000000 -0.507157922 0.643434405 -2.041614532 0.033907488 -0.496932298 -0.120683812 0.858687401
1403715918534057984.000000 -0.490095019 0.660246789 -2.028976917 0.025534952 -0.490227520 -0.116110772 0.863448501
1403715918584058368.000000 -0.466562748 0.669126213 -2.011294127 0.016421754 -0.484537780 -0.112769105 0.867315769
1403715918634057984.000000 -0.449038804 0.684747100 -1.996864796 0.012824880 -0.477820069 -0.111437008 0.871266544
1403715918684058112.000000 -0.427381754 0.693741560 -1.988970041 0.010007953 -0.469435930 -0.112890847 0.875662863
1403715918734058240.000000 -0.402183414 0.708624721 -1.974459887 0.011704575 -0.462269455 -0.119829059 0.878527701
1403715918784058112.000000 -0.378500879 0.716990352 -1.958183289 0.014361039 -0.455995172 -0.128497362 0.880539954
1403715918834057984.000000 -0.356472492 0.724322140 -1.945582867 0.014293563 -0.448266000 -0.139426276 0.882844090
1403715918884058112.000000 -0.339215934 0.725375950 -1.940115929 0.010668703 -0.439605623 -0.152520075 0.885082364
1403715918934058240.000000 -0.306573927 0.726477563 -1.924946070 0.005637994 -0.436356336 -0.162478596 0.884964466
1403715918984058112.000000 -0.286163628 0.723235369 -1.919403672 -0.002227811 -0.431330711 -0.169486269 0.886128247
1403715919034057984.000000 -0.270875216 0.719437957 -1.914318919 -0.008787149 -0.426336735 -0.177788675 0.886877120
1403715919084058368.000000 -0.243149698 0.715580642 -1.892643809 -0.011582643 -0.426249057 -0.184768528 0.885459304
1403715919134057984.000000 -0.225990295 0.706055462 -1.879940033 -0.010035280 -0.424382806 -0.192866072 0.884647548
1403715919184058112.000000 -0.211914241 0.698908269 -1.868659258 -0.003466291 -0.422226578 -0.201109692 0.883893490
1403715919234058240.000000 -0.200591564 0.687705278 -1.860834718 0.004627137 -0.419320315 -0.209027782 0.883434534
1403715919284058112.000000 -0.192371130 0.678415537 -1.850574970 0.017131217 -0.418480009 -0.215087652 0.882223547
1403715919334057984.000000 -0.184425116 0.667223155 -1.837524652 0.029109098 -0.419033974 -0.220875651 0.880214274
1403715919384058112.000000 -0.186888754 0.663836598 -1.841631889 0.035672788 -0.417158931 -0.218144625 0.881543458
1403715919434058240.000000 -0.184317291 0.658825755 -1.838574648 0.036422603 -0.419995219 -0.210178703 0.882101119
1403715919484058112.000000 -0.178776741 0.654910028 -1.818344712 0.037583508 -0.427155107 -0.201793537 0.880571067
1403715919534057984.000000 -0.180397689 0.650644541 -1.812678099 0.035960119 -0.430460155 -0.194881871 0.880586147
1403715919584058368.000000 -0.183075428 0.657968044 -1.804388285 0.037047978 -0.433363229 -0.186953142 0.880836189
1403715919634057984.000000 -0.185601950 0.663589180 -1.795263767 0.036501206 -0.435523242 -0.180596083 0.881119907
1403715919684058112.000000 -0.191037595 0.668436885 -1.788197279 0.035876933 -0.435940981 -0.178996399 0.881265402
1403715919734058240.000000 -0.196019471 0.678475440 -1.780057907 0.036514182 -0.435535192 -0.178990826 0.881440997
1403715919784058112.000000 -0.200825155 0.691369593 -1.769866228 0.038656320 -0.434322715 -0.180412188 0.881658077
1403715919834057984.000000 -0.207702875 0.702443421 -1.762831688 0.039709549 -0.433625847 -0.182066515 0.881614208
1403715919884058112.000000 -0.214802802 0.715944171 -1.753223896 0.040956903 -0.433343142 -0.183960825 0.881302893
1403715919934058240.000000 -0.222279191 0.729276538 -1.745808125 0.038136616 -0.433339715 -0.185411289 0.881127119
1403715919984058112.000000 -0.232345223 0.742186666 -1.741284609 0.032027829 -0.433184594 -0.186680406 0.881178677
1403715920034057984.000000 -0.243353605 0.751306593 -1.739339232 0.026832018 -0.433003306 -0.188135266 0.881131887
1403715920084058368.000000 -0.253447711 0.759921551 -1.735229492 0.022139121 -0.434429646 -0.188749716 0.880428553
1403715920134057984.000000 -0.265439332 0.766898751 -1.734854221 0.017606927 -0.435493112 -0.188604653 0.880036414
1403715920184058112.000000 -0.279702544 0.772355378 -1.735640764 0.015380231 -0.436691076 -0.187885597 0.879638255
1403715920234058240.000000 -0.293813646 0.772169709 -1.736158609 0.011590087 -0.439688414 -0.184884951 0.878838718
1403715920284058112.000000 -0.312825918 0.772017181 -1.741740704 0.012695907 -0.442787319 -0.180548564 0.878168821
1403715920334057984.000000 -0.329453111 0.767401457 -1.744600296 0.014182292 -0.448606372 -0.174782351 0.876357496
1403715920384058112.000000 -0.345544696 0.761853516 -1.746733665 0.016045893 -0.454306245 -0.170379266 0.874253631
1403715920434058240.000000 -0.369684160 0.754970551 -1.756348968 0.018964609 -0.457247883 -0.164521575 0.873783350
1403715920484058112.000000 -0.391377211 0.749044418 -1.763232350 0.022955373 -0.460578471 -0.159808308 0.872812629
1403715920534057984.000000 -0.409933686 0.742668092 -1.766509771 0.027765865 -0.465063661 -0.154249683 0.871293247
1403715920584058368.000000 -0.429004550 0.732509077 -1.771427393 0.031816520 -0.468857199 -0.149258748 0.869989932
1403715920634057984.000000 -0.446065128 0.726817966 -1.774199247 0.036480941 -0.472810388 -0.143810108 0.868584037
1403715920684058112.000000 -0.463325679 0.718478203 -1.778609276 0.040406205 -0.476431638 -0.139671758 0.867105603
1403715920734058240.000000 -0.479072273 0.710529625 -1.780811071 0.046385720 -0.480461419 -0.136685237 0.865056276
1403715920784058112.000000 -0.494005919 0.698585570 -1.786101103 0.049876783 -0.485830128 -0.134075955 0.862267435
1403715920834057984.000000 -0.507806957 0.686866343 -1.795474768 0.052316450 -0.489517689 -0.134790242 0.859922767
1403715920884058112.000000 -0.519253135 0.674301982 -1.801699877 0.052332912 -0.495192587 -0.137114376 0.856297493
1403715920934058240.000000 -0.529166818 0.660168529 -1.812663913 0.048434731 -0.500690997 -0.139257833 0.852977097
1403715920984058112.000000 -0.535296559 0.644090176 -1.819251895 0.040375635 -0.508162916 -0.142661020 0.848403275
1403715921034057984.000000 -0.540168047 0.622048855 -1.829774141 0.031434521 -0.514866769 -0.147499487 0.843900442
1403715921084058368.000000 -0.546871662 0.605340958 -1.840445995 0.025678916 -0.520473063 -0.153565735 0.839562953
1403715921134057984.000000 -0.550807595 0.587555766 -1.851454973 0.022057014 -0.525604248 -0.159854054 0.835284591
1403715921184058112.000000 -0.557550192 0.564790308 -1.861355662 0.020665297 -0.530098796 -0.164912641 0.831487834
1403715921234058240.000000 -0.557359815 0.549454331 -1.865467072 0.021238867 -0.535049558 -0.167868927 0.827702165
1403715921284058112.000000 -0.564773321 0.526097894 -1.875483394 0.021656595 -0.536797941 -0.174206838 0.825246036
1403715921334057984.000000 -0.569960833 0.506850362 -1.882578254 0.022827990 -0.537742138 -0.180476964 0.823249936
1403715921384058112.000000 -0.570939660 0.489378214 -1.884878516 0.023744633 -0.539744794 -0.185511187 0.820790708
1403715921434058240.000000 -0.578889608 0.467247188 -1.896295667 0.024966044 -0.538077354 -0.192862019 0.820154667
1403715921484058112.000000 -0.582799196 0.445847094 -1.900423765 0.025226800 -0.538844585 -0.196403131 0.818801582
1403715921534057984.000000 -0.587157249 0.425387800 -1.907254934 0.026543900 -0.539097905 -0.197935626 0.818223834
1403715921584058368.000000 -0.595008969 0.404085934 -1.914154530 0.026937025 -0.538971841 -0.199905843 0.817815006
1403715921634057984.000000 -0.603447199 0.380356103 -1.925080538 0.028761012 -0.537944257 -0.200429142 0.818301320
1403715921684058112.000000 -0.610791802 0.357407808 -1.930156350 0.028034177 -0.538637280 -0.199759573 0.818034351
1403715921734058240.000000 -0.618710279 0.328388751 -1.938994288 0.026897507 -0.538886070 -0.198693022 0.818168402
1403715921784058112.000000 -0.626032591 0.303304464 -1.947161913 0.025126427 -0.540534139 -0.193367019 0.818413615
1403715921834057984.000000 -0.635571003 0.273484617 -1.956487060 0.023084758 -0.541171491 -0.191130161 0.818578005
1403715921884058112.000000 -0.642941117 0.247354493 -1.963685751 0.021651071 -0.542316437 -0.188157603 0.818548083
1403715921934058240.000000 -0.651580572 0.229719296 -1.974165678 0.023522010 -0.541735351 -0.183113456 0.820023775
1403715921984058112.000000 -0.665433526 0.210851848 -1.981177092 0.023254016 -0.540541708 -0.181163535 0.821251333
1403715922034057984.000000 -0.671548128 0.183561593 -1.984498978 0.022783043 -0.540824473 -0.181337833 0.821039915
1403715922084058368.000000 -0.682093143 0.162094593 -1.992739916 0.025789313 -0.539075971 -0.182230875 0.821902633
1403715922134057984.000000 -0.688423038 0.144805297 -1.996380568 0.029718986 -0.539970636 -0.175657958 0.822613418
1403715922184058112.000000 -0.701044202 0.116866887 -2.004342794 0.032550022 -0.539682865 -0.175073832 0.822819650
1403715922234058240.000000 -0.710934281 0.092738204 -2.013920069 0.036892794 -0.539219499 -0.171046942 0.823786557
1403715922284058112.000000 -0.720445871 0.063369498 -2.021040201 0.040364426 -0.539510369 -0.169452429 0.823762774
1403715922334057984.000000 -0.726496220 0.042607211 -2.024408340 0.046238843 -0.540476084 -0.164133862 0.823897898
1403715922384058112.000000 -0.730226874 0.008637562 -2.034800768 0.050238729 -0.539821208 -0.167596623 0.823395789
1403715922434058240.000000 -0.737513900 -0.027001426 -2.044533253 0.051523373 -0.538221419 -0.173788071 0.823080122
1403715922484058112.000000 -0.730427504 -0.031943470 -2.044483185 0.057646409 -0.540776968 -0.164342970 0.822938979
1403715922534057984.000000 -0.739643931 -0.081061751 -2.056847334 0.052313726 -0.540778458 -0.170359820 0.822070241
1403715922584058368.000000 -0.739829063 -0.108460665 -2.063184977 0.052114643 -0.543016732 -0.166658938 0.821365774
1403715922634057984.000000 -0.742319465 -0.136433721 -2.071904182 0.051827654 -0.544387043 -0.164215729 0.820968926
1403715922684058112.000000 -0.746359825 -0.159761831 -2.082566023 0.052159555 -0.544581711 -0.161623701 0.821333051
1403715922734058240.000000 -0.748983264 -0.177988693 -2.091223717 0.053408310 -0.543750107 -0.161626816 0.821803033
1403715922784058112.000000 -0.748498440 -0.193785325 -2.097582102 0.056050755 -0.542997837 -0.163355485 0.821782589
1403715922834057984.000000 -0.746276140 -0.215339094 -2.099901915 0.055612985 -0.542991042 -0.167444319 0.820993543
1403715922884058112.000000 -0.745067120 -0.230546057 -2.102420807 0.056067701 -0.542340159 -0.171651617 0.820523798
1403715922934058240.000000 -0.742690563 -0.240862548 -2.105385303 0.057312477 -0.541580141 -0.174782664 0.820278704
1403715922984058112.000000 -0.742161751 -0.251248658 -2.109533548 0.057637751 -0.540964901 -0.176368013 0.820322692
1403715923034057984.000000 -0.739258766 -0.260060698 -2.113441706 0.058734957 -0.540726423 -0.178436488 0.819954634
1403715923084058368.000000 -0.734931350 -0.267333388 -2.115515947 0.058977563 -0.540946245 -0.179697290 0.819516778
1403715923134057984.000000 -0.732613564 -0.275094599 -2.123170137 0.057864286 -0.539820492 -0.181573033 0.819924951
1403715923184058112.000000 -0.727207422 -0.283519328 -2.129544497 0.055727616 -0.539431810 -0.183894366 0.819811404
1403715923234058240.000000 -0.726548910 -0.295510530 -2.140264273 0.052263148 -0.537059128 -0.187802866 0.820710838
1403715923284058112.000000 -0.718941092 -0.311579376 -2.147569418 0.046924300 -0.538409472 -0.189639762 0.819725692
1403715923334057984.000000 -0.714952350 -0.329889625 -2.157439709 0.040918700 -0.539672434 -0.188352585 0.819513679
1403715923384058112.000000 -0.709129572 -0.342388064 -2.166964293 0.035909828 -0.542108297 -0.184260890 0.819070876
1403715923434058240.000000 -0.706967115 -0.357052565 -2.180971384 0.030556547 -0.543316185 -0.179107800 0.819630563
1403715923484058112.000000 -0.702179670 -0.370426983 -2.189847231 0.024830302 -0.546327710 -0.173757270 0.818973780
1403715923534057984.000000 -0.700174212 -0.380396962 -2.202806234 0.020335276 -0.547273099 -0.167900398 0.819687903
1403715923584058368.000000 -0.695876241 -0.388564020 -2.210659027 0.016840450 -0.550064325 -0.161584303 0.819167972
1403715923634057984.000000 -0.691937923 -0.393113822 -2.216780663 0.014089682 -0.552005351 -0.156425968 0.818915486
1403715923684058112.000000 -0.689985037 -0.393970639 -2.219270706 0.012867738 -0.553547144 -0.152432427 0.818647921
1403715923734058240.000000 -0.686196566 -0.393027157 -2.219879866 0.011766966 -0.554785490 -0.149761170 0.818319201
1403715923784058112.000000 -0.680696487 -0.387174845 -2.213377953 0.012507486 -0.557172120 -0.146257073 0.817319870
1403715923834057984.000000 -0.677174926 -0.378891826 -2.207368851 0.015884385 -0.558058441 -0.144515157 0.816966236
1403715923884058112.000000 -0.673330426 -0.364934266 -2.202430010 0.022853024 -0.558246017 -0.141492933 0.817201853
1403715923934058240.000000 -0.669238448 -0.354201525 -2.194358587 0.029048415 -0.558860302 -0.138812095 0.817044973
1403715923984058112.000000 -0.665637493 -0.340347171 -2.185143948 0.035718802 -0.558254063 -0.138104558 0.817314923
1403715924034057984.000000 -0.656597853 -0.320706666 -2.171046495 0.042809781 -0.558518171 -0.138060078 0.816801190
1403715924084058368.000000 -0.647571683 -0.303305477 -2.154866219 0.048801593 -0.557984650 -0.140217066 0.816462398
1403715924134057984.000000 -0.637916565 -0.286213994 -2.141008377 0.052664064 -0.556590378 -0.143689811 0.816570282
1403715924184058112.000000 -0.628031373 -0.265749216 -2.127206087 0.055555243 -0.554859102 -0.146825567 0.816998959
1403715924234058240.000000 -0.616878748 -0.247593090 -2.116489887 0.055310555 -0.551678658 -0.152095482 0.818204403
1403715924284058112.000000 -0.603640556 -0.228901446 -2.100389957 0.054489564 -0.550823927 -0.155059502 0.818278909
1403715924334057984.000000 -0.586116910 -0.208561748 -2.082370520 0.054583028 -0.550223351 -0.158097416 0.818095446
1403715924384058112.000000 -0.571967125 -0.190310180 -2.069031000 0.052824937 -0.547644138 -0.163503170 0.818878651
1403715924434058240.000000 -0.557220817 -0.173337340 -2.057774067 0.046938770 -0.545426965 -0.165696517 0.820274889
1403715924484058112.000000 -0.538650155 -0.152525067 -2.042593956 0.041719731 -0.543575227 -0.168785617 0.821155846
1403715924534057984.000000 -0.521834612 -0.134559423 -2.022893906 0.035676606 -0.542944372 -0.172875851 0.821007013
1403715924584058368.000000 -0.506597877 -0.120626122 -2.008207321 0.030949643 -0.541569531 -0.176714510 0.821289539
1403715924634057984.000000 -0.489961028 -0.101550058 -1.998188615 0.025590526 -0.539804757 -0.173720971 0.823272169
1403715924684058112.000000 -0.471800566 -0.081961773 -1.978771210 0.020585641 -0.539363027 -0.167773589 0.824933827
1403715924734058240.000000 -0.459404230 -0.073437847 -1.968670607 0.015357568 -0.535030067 -0.163710371 0.828677177
1403715924784058112.000000 -0.440166473 -0.062379066 -1.946870327 0.012137029 -0.531918466 -0.158023775 0.831831694
1403715924834057984.000000 -0.427155018 -0.043612741 -1.930439711 0.013639262 -0.525119960 -0.151616201 0.837302625
1403715924884058112.000000 -0.409215689 -0.026638510 -1.907915950 0.014118101 -0.517730951 -0.144185886 0.843187928
1403715924934058240.000000 -0.391596675 -0.012288228 -1.891549706 0.016630055 -0.507696688 -0.137214705 0.850376189
1403715924984058112.000000 -0.377824187 -0.016634811 -1.861618519 0.018312529 -0.498250216 -0.134196147 0.856389463
1403715925034057984.000000 -0.352597535 0.004974991 -1.838066339 0.028222067 -0.486217260 -0.124752283 0.864426494
1403715925084058368.000000 -0.338488400 0.010162905 -1.823205709 0.037829023 -0.470495820 -0.120387763 0.873332441
1403715925134057984.000000 -0.312512457 0.018391415 -1.797781229 0.047651753 -0.458014250 -0.114617079 0.880235910
1403715925184058112.000000 -0.294291675 0.017945463 -1.784069538 0.053006828 -0.441902906 -0.111272849 0.888555288
1403715925234058240.000000 -0.267058492 0.024010994 -1.757873058 0.055538740 -0.430443108 -0.102887012 0.895013094
1403715925284058112.000000 -0.238819242 0.018619644 -1.741672873 0.053276651 -0.416716158 -0.099144511 0.902041912
1403715925334057984.000000 -0.200075656 0.027441280 -1.716857076 0.050117802 -0.405898511 -0.089796528 0.908114135
1403715925384058112.000000 -0.177011997 0.019783681 -1.701004028 0.042472966 -0.391091108 -0.084548794 0.915475488
1403715925434058240.000000 -0.143926054 0.022211324 -1.679965615 0.036089003 -0.378838986 -0.076494344 0.921589613
1403715925484058112.000000 -0.111979127 0.016045317 -1.663529754 0.026676089 -0.364837468 -0.071224988 0.927959561
1403715925534057984.000000 -0.090498209 0.003230866 -1.652031422 0.018046180 -0.349075139 -0.068056718 0.934445918
1403715925584058368.000000 -0.057173014 -0.002362326 -1.635188341 0.013085937 -0.333832264 -0.063753940 0.940383077
1403715925634057984.000000 -0.007515356 0.000539817 -1.611576319 0.011255162 -0.320788026 -0.056011464 0.945426404
1403715925684058112.000000 0.020085633 -0.011844827 -1.598822713 0.010285379 -0.303890765 -0.052818377 0.951186001
1403715925734058240.000000 0.060801715 -0.017277356 -1.578302145 0.009983127 -0.289610833 -0.045924269 0.955990076
1403715925784058112.000000 0.083139494 -0.023174405 -1.562478900 0.009594947 -0.271651208 -0.040409822 0.961499155
1403715925834057984.000000 0.129029572 -0.026694734 -1.542423725 0.011408302 -0.256937236 -0.034758415 0.965735495
1403715925884058112.000000 0.163663417 -0.032281183 -1.523019671 0.013077067 -0.239770174 -0.029289853 0.970299661
1403715925934058240.000000 0.199227691 -0.036200233 -1.502147913 0.016066600 -0.222393617 -0.026669899 0.974459708
1403715925984058112.000000 0.220704108 -0.040174812 -1.486026525 0.018544430 -0.202166289 -0.020711903 0.978956580
1403715926034057984.000000 0.275196940 -0.039747745 -1.454673529 0.023673724 -0.187115118 -0.013492637 0.981959999
1403715926084058368.000000 0.334226578 -0.044091653 -1.424017787 0.028659062 -0.172903419 -0.004431748 0.984511793
1403715926134057984.000000 0.365337819 -0.052361544 -1.405115366 0.033527289 -0.153550625 0.005334382 0.987557471
1403715926184058112.000000 0.401961565 -0.037816390 -1.382518411 0.041391097 -0.134707779 0.014622207 0.989912570
1403715926234058240.000000 0.418271273 -0.040649977 -1.364947081 0.044376541 -0.111806110 0.023827529 0.992452741
1403715926284058112.000000 0.493944049 -0.032159138 -1.338266015 0.048831228 -0.096753605 0.032340154 0.993583620
1403715926334057984.000000 0.538443863 -0.025386294 -1.304798603 0.052901749 -0.076562479 0.038950764 0.994898260
1403715926384058112.000000 0.582735121 -0.014405331 -1.295161843 0.056138936 -0.055942412 0.044117272 0.995877802
1403715926434058240.000000 0.625434577 -0.003786458 -1.267654061 0.062687166 -0.033467934 0.046352874 0.996394336
1403715926484058112.000000 0.699999034 0.000817526 -1.227636337 0.069042116 -0.013629082 0.050495915 0.996241808
1403715926534057984.000000 0.743629813 0.025372898 -1.236721158 0.071452633 0.006511422 0.051644001 0.996084869
1403715926584058368.000000 0.801848888 0.053527143 -1.221568584 0.072912924 0.024485495 0.053394057 0.995607018
1403715926634057984.000000 0.852645516 0.067332581 -1.208308578 0.067111708 0.043721866 0.056950640 0.995158851
1403715926684058112.000000 0.892298698 0.076669343 -1.190626144 0.058821693 0.063871063 0.062483706 0.994261742
1403715926734058240.000000 0.942565918 0.108388834 -1.176483035 0.052513074 0.082047582 0.065227568 0.993104219
1403715926784058112.000000 1.005766749 0.116578847 -1.189061522 0.041729651 0.097940676 0.066833861 0.992068350
1403715926834057984.000000 1.053573251 0.128306612 -1.177832365 0.031520329 0.116195835 0.066387333 0.990503848
1403715926884058112.000000 1.100849628 0.145431668 -1.173630953 0.023617893 0.132352233 0.067177750 0.988641679
1403715926934058240.000000 1.147486210 0.158023387 -1.172435999 0.017766481 0.146990374 0.068113185 0.986630023
1403715926984058112.000000 1.201174617 0.174373999 -1.170041323 0.012357327 0.160113782 0.071409211 0.984434664
1403715927034057984.000000 1.245976925 0.178721473 -1.169989228 0.009800483 0.172733873 0.074007832 0.982135415
1403715927084058368.000000 1.286937952 0.188709617 -1.166884542 0.012357034 0.185903385 0.076462917 0.979510427
1403715927134057984.000000 1.331399083 0.197421104 -1.168133974 0.015207649 0.198633283 0.076983288 0.976927400
1403715927184058112.000000 1.372568965 0.204351649 -1.168367147 0.018464254 0.213902578 0.071424179 0.974065423
1403715927234058240.000000 1.421158075 0.215801537 -1.170819640 0.022353282 0.227418348 0.066188626 0.971287966
1403715927284058112.000000 1.464763403 0.224944130 -1.167671800 0.025014345 0.242761180 0.059381198 0.967943847
1403715927334057984.000000 1.494391561 0.229184300 -1.161648273 0.027700800 0.258575648 0.052737091 0.964152575
1403715927384058112.000000 1.532240748 0.236976355 -1.165078640 0.035345417 0.270398319 0.049490217 0.960825861
1403715927434058240.000000 1.568053961 0.244586140 -1.168709755 0.043219294 0.282234788 0.048813228 0.957127512
1403715927484058112.000000 1.593411565 0.244090468 -1.167442799 0.052921332 0.292706549 0.054462537 0.953182101
1403715927534057984.000000 1.624975443 0.254244059 -1.178107023 0.064743966 0.299417436 0.064924024 0.949706495
1403715927584058368.000000 1.647812724 0.258114129 -1.183628917 0.074461274 0.308610529 0.074677780 0.945324481
1403715927634057984.000000 1.669508934 0.261148572 -1.187269330 0.083697148 0.318731397 0.086596839 0.940162838
1403715927684058112.000000 1.683223486 0.266467035 -1.192505598 0.088916913 0.331731647 0.095676534 0.934287965
1403715927734058240.000000 1.696594477 0.276158869 -1.203869462 0.090695791 0.345512867 0.103243046 0.928297400
1403715927784058112.000000 1.711560011 0.285035610 -1.215739250 0.087888516 0.362286597 0.108549528 0.921542764
1403715927834057984.000000 1.722722530 0.293749154 -1.234655380 0.082558468 0.379928738 0.111687057 0.914529562
1403715927884058112.000000 1.722742915 0.306541860 -1.242692232 0.077349648 0.400576591 0.115326978 0.905679405
1403715927934058240.000000 1.733767748 0.321833849 -1.265643954 0.069616280 0.419045001 0.117720552 0.897606194
1403715927984058112.000000 1.731564283 0.333889455 -1.280575871 0.060976099 0.439654887 0.122285798 0.887711465
1403715928034057984.000000 1.733989716 0.348199368 -1.300101519 0.053639408 0.458777815 0.128880337 0.877516747
1403715928084058368.000000 1.723089814 0.362061620 -1.320330739 0.047972415 0.477451473 0.139134273 0.866245031
1403715928134057984.000000 1.715879917 0.381450832 -1.332150698 0.042729832 0.495980203 0.152917311 0.853694439
1403715928184058112.000000 1.705812335 0.400905132 -1.355192661 0.036215659 0.513509214 0.165536612 0.841186345
1403715928234058240.000000 1.696357608 0.422682464 -1.371233702 0.035644531 0.531884849 0.179348961 0.826838553
1403715928284058112.000000 1.683835387 0.448920488 -1.390624762 0.037496455 0.550663590 0.188019350 0.812411547
1403715928334057984.000000 1.671210527 0.474252582 -1.403727531 0.042181134 0.570670307 0.193967447 0.796826720
1403715928384058112.000000 1.657094121 0.501426697 -1.423280001 0.046716616 0.589192510 0.198645398 0.781799138
1403715928434058240.000000 1.634166837 0.524438679 -1.437433004 0.050604466 0.607114971 0.204203561 0.766258121
1403715928484058112.000000 1.612487674 0.549136043 -1.453365684 0.051476385 0.622031391 0.213311642 0.751615167
1403715928534057984.000000 1.587424994 0.575545251 -1.471394539 0.046926972 0.634205341 0.224215284 0.738450408
1403715928584058368.000000 1.559833646 0.600167036 -1.487557888 0.041351814 0.644060969 0.236154705 0.726434171
1403715928634057984.000000 1.532095790 0.629775226 -1.508802772 0.037469845 0.652055681 0.244986326 0.716520190
1403715928684058112.000000 1.500159025 0.652650952 -1.528460383 0.029322069 0.658337772 0.251390517 0.708896697
1403715928734058240.000000 1.468823791 0.675981104 -1.549484015 0.017484827 0.660987318 0.260345548 0.703569710
1403715928784058112.000000 1.437830448 0.694874585 -1.570092440 0.001793605 0.660638094 0.272445232 0.699519694
1403715928834057984.000000 1.401107788 0.709314108 -1.592986465 -0.014776272 0.656940579 0.284033239 0.698237717
1403715928884058112.000000 1.368006706 0.717903793 -1.616224289 -0.030516053 0.650452495 0.295253426 0.699146450
1403715928934058240.000000 1.338189960 0.728148818 -1.638505220 -0.041879863 0.642005861 0.302644372 0.703193367
1403715928984058112.000000 1.309863448 0.727131426 -1.665119171 -0.054758411 0.631311476 0.310135812 0.708705246
1403715929034057984.000000 1.287290454 0.722910523 -1.695368767 -0.064142600 0.620146394 0.315773010 0.715256274
1403715929084058368.000000 1.265709043 0.713474870 -1.724933624 -0.072332606 0.609852076 0.320155174 0.721352339
1403715929134057984.000000 1.250493526 0.702782154 -1.754688025 -0.081150137 0.600764275 0.321864933 0.727255046
1403715929184058112.000000 1.238252163 0.691778779 -1.784169436 -0.089392059 0.592417896 0.322480083 0.732841492
1403715929234058240.000000 1.232308030 0.683015883 -1.815052509 -0.096513428 0.585409164 0.319661289 0.738781393
1403715929284058112.000000 1.228970885 0.673261225 -1.843554020 -0.103609294 0.582705140 0.309354872 0.744324863
1403715929334057984.000000 1.232005119 0.666363418 -1.872795582 -0.107149936 0.584065139 0.288980454 0.750917554
1403715929384058112.000000 1.237118125 0.662253380 -1.897006750 -0.109478332 0.588780820 0.261966348 0.756786227
1403715929434058240.000000 1.242729664 0.656218171 -1.916869164 -0.110875338 0.595349252 0.231607869 0.761330247
1403715929484058112.000000 1.256495357 0.651593685 -1.937440872 -0.111191228 0.601648688 0.201852635 0.764794707
1403715929534057984.000000 1.264758468 0.644511700 -1.951437235 -0.112796918 0.608538985 0.173839420 0.765987635
1403715929584058368.000000 1.276517153 0.633510232 -1.960998535 -0.113331012 0.614729822 0.149795011 0.766044974
1403715929634057984.000000 1.289632201 0.622558415 -1.966320038 -0.115141474 0.619471312 0.132925406 0.765067697
1403715929684058112.000000 1.300855875 0.610063195 -1.969348192 -0.110330887 0.620633364 0.133034542 0.764815867
1403715929734058240.000000 1.307867885 0.592675924 -1.960080504 -0.102177821 0.620357811 0.147297680 0.763557017
1403715929784058112.000000 1.318092227 0.574275196 -1.948758602 -0.088301316 0.618335128 0.165782660 0.763138771
1403715929834057984.000000 1.326555967 0.555970848 -1.931786060 -0.071849093 0.616805971 0.181638956 0.762492895
1403715929884058112.000000 1.334910631 0.536224842 -1.914829969 -0.049946416 0.614499211 0.198591262 0.761877716
1403715929934058240.000000 1.342093825 0.519939601 -1.895507812 -0.027573096 0.611372411 0.215744704 0.760866463
1403715929984058112.000000 1.348785281 0.503669381 -1.870759249 -0.007160330 0.609606206 0.229745120 0.758647621
1403715930034057984.000000 1.356588006 0.491809189 -1.846712947 0.010125898 0.607138991 0.241439000 0.756959021
1403715930084058368.000000 1.361784697 0.478443652 -1.824311256 0.027002454 0.604186058 0.254679739 0.754565060
1403715930134057984.000000 1.367385387 0.468751073 -1.800809979 0.040621400 0.602111220 0.264286488 0.752306223
1403715930184058112.000000 1.372145534 0.456823140 -1.779139757 0.053015254 0.599999189 0.274005771 0.749740779
1403715930234058240.000000 1.377843261 0.449682236 -1.761585474 0.062645949 0.597772419 0.282421887 0.747650683
1403715930284058112.000000 1.378798366 0.440595001 -1.744861364 0.069140524 0.597236335 0.288445532 0.745203078
1403715930334057984.000000 1.381898880 0.436572611 -1.734639645 0.069622308 0.597116470 0.291130006 0.744209707
1403715930384058112.000000 1.382754683 0.433425367 -1.722892880 0.063328438 0.597951651 0.292497516 0.743564725
1403715930434058240.000000 1.383415699 0.430625558 -1.714882016 0.051740430 0.599126220 0.293005258 0.743315935
1403715930484058112.000000 1.383384347 0.432383388 -1.708644629 0.038993258 0.600182593 0.294054151 0.742827475
1403715930534057984.000000 1.384106517 0.434209853 -1.703872681 0.027077703 0.600804448 0.295150161 0.742419899
1403715930584058368.000000 1.383317709 0.439766586 -1.699078560 0.015327984 0.600593507 0.298265815 0.741680622
1403715930634057984.000000 1.384070158 0.447675884 -1.695552588 0.005437914 0.600401521 0.301106095 0.740826368
1403715930684058112.000000 1.388728619 0.455121905 -1.697726011 -0.001460220 0.598832607 0.305757195 0.740209460
1403715930734058240.000000 1.393557668 0.459920645 -1.700603247 -0.004790081 0.598285079 0.308826596 0.739363432
1403715930784058112.000000 1.399772763 0.462375671 -1.705918789 -0.007817285 0.598474503 0.311074406 0.738241196
1403715930834057984.000000 1.408922315 0.462150961 -1.714023829 -0.014071616 0.599860728 0.309180886 0.737818599
1403715930884058112.000000 1.420390010 0.462506384 -1.727171779 -0.023421459 0.602050006 0.303460747 0.738172591
1403715930934058240.000000 1.432784915 0.457984924 -1.737596273 -0.032239273 0.605562627 0.296135187 0.737942100
1403715930984058112.000000 1.447014570 0.455399036 -1.750384569 -0.040641475 0.607353389 0.290871620 0.738148928
1403715931034057984.000000 1.463905334 0.452472508 -1.763173103 -0.049585011 0.607606232 0.289871722 0.737787485
1403715931084058368.000000 1.481244087 0.451195896 -1.771756887 -0.057790041 0.607625544 0.290888637 0.736773670
1403715931134057984.000000 1.501674533 0.453834355 -1.784246922 -0.063746952 0.605983794 0.293690532 0.736522794
1403715931184058112.000000 1.524507403 0.452815652 -1.794011950 -0.068397395 0.604857028 0.295691013 0.736231446
1403715931234058240.000000 1.549082875 0.450447202 -1.802303314 -0.070139632 0.605159044 0.296189904 0.735618532
1403715931284058112.000000 1.577699184 0.447130859 -1.811282992 -0.070559114 0.605296254 0.296417683 0.735373735
1403715931334057984.000000 1.610317349 0.440851837 -1.822860718 -0.066707082 0.605178118 0.297105610 0.735552847
1403715931384058112.000000 1.646196008 0.432025373 -1.831239939 -0.063019976 0.605975509 0.296528310 0.735454440
1403715931434058240.000000 1.684313059 0.420370668 -1.842451334 -0.059535813 0.606884897 0.293890983 0.736053288
1403715931484058112.000000 1.722720385 0.409632713 -1.852279425 -0.056048818 0.607031345 0.292712718 0.736675501
1403715931534057984.000000 1.765990376 0.398568094 -1.859143496 -0.053995192 0.607678115 0.290253520 0.737268507
1403715931584058368.000000 1.807544947 0.395144165 -1.866733313 -0.051820729 0.608596683 0.285190791 0.738641262
1403715931634057984.000000 1.854190230 0.392440677 -1.876002192 -0.050413106 0.608050287 0.282174528 0.740345180
1403715931684058112.000000 1.898997307 0.387756050 -1.876877069 -0.050245985 0.609509766 0.276313543 0.741366327
1403715931734058240.000000 1.943121672 0.388359129 -1.880176783 -0.050242484 0.609557688 0.272306770 0.742808282
1403715931784058112.000000 1.993150115 0.389147192 -1.880540967 -0.049643196 0.609628975 0.268394828 0.744212627
1403715931834057984.000000 2.041096210 0.391334027 -1.882429361 -0.045363236 0.609382212 0.264881015 0.745944738
1403715931884058112.000000 2.090296984 0.389012247 -1.880473852 -0.039277978 0.611027896 0.258907646 0.747040153
1403715931934058240.000000 2.141946077 0.389272273 -1.883079767 -0.032091618 0.611521482 0.252990991 0.749004126
1403715931984058112.000000 2.192822218 0.389232934 -1.881929278 -0.024223493 0.613295853 0.245458156 0.750354528
1403715932034057984.000000 2.245240450 0.387288392 -1.879225135 -0.014569064 0.614552736 0.239645615 0.751453698
1403715932084058368.000000 2.297054052 0.385586947 -1.881574035 -0.004009190 0.616185129 0.230680242 0.753051460
1403715932134057984.000000 2.346611500 0.381608516 -1.878760576 0.008662548 0.619717777 0.219698295 0.753397346
1403715932184058112.000000 2.393611908 0.377709657 -1.877075791 0.021189664 0.623558581 0.207170442 0.753529191
1403715932234058240.000000 2.442962646 0.375736475 -1.877769470 0.035988282 0.627812028 0.191756770 0.753516018
1403715932284058112.000000 2.484913826 0.361052006 -1.872599125 0.050393101 0.632310569 0.180237547 0.751770139
1403715932334057984.000000 2.523890495 0.356694847 -1.872672319 0.065953620 0.635321975 0.168005526 0.750859737
1403715932384058112.000000 2.559336662 0.345942885 -1.872014046 0.077813275 0.638053000 0.157819420 0.749617577
1403715932434058240.000000 2.584331274 0.331214547 -1.864902735 0.086244904 0.641362667 0.151129365 0.747245371
1403715932484058112.000000 2.607609749 0.322128773 -1.861709714 0.095589727 0.642700016 0.145570636 0.746061981
1403715932534057984.000000 2.625976324 0.311701775 -1.859955311 0.104609072 0.644248486 0.139064461 0.744756401
1403715932584058368.000000 2.637720108 0.306908816 -1.860835791 0.115877531 0.645247221 0.131368399 0.743620157
1403715932634057984.000000 2.643092632 0.292919487 -1.861128330 0.125794083 0.646065414 0.125919417 0.742239654
1403715932684058112.000000 2.640451908 0.282278985 -1.862591505 0.134336233 0.646909416 0.121134989 0.740802467
1403715932734058240.000000 2.629850864 0.267554641 -1.862348318 0.140560806 0.648543358 0.115877897 0.739057839
1403715932784058112.000000 2.612958431 0.256484985 -1.868665218 0.143749326 0.649037063 0.113021657 0.738453269
1403715932834057984.000000 2.587116718 0.242707372 -1.873330116 0.140976503 0.649476528 0.114833884 0.738321781
1403715932884058112.000000 2.554143429 0.232056975 -1.878746390 0.129071176 0.649569690 0.122628070 0.739163220
1403715932934058240.000000 2.511803627 0.223606288 -1.881069541 0.110934839 0.648352861 0.137555152 0.740547538
1403715932984058112.000000 2.465528965 0.212176979 -1.883282900 0.087373950 0.645725548 0.157873318 0.741943657
1403715933034057984.000000 2.413921833 0.203547955 -1.893180251 0.063795388 0.641077757 0.177982271 0.743822455
1403715933084058368.000000 2.358405113 0.187418610 -1.895683289 0.040457103 0.637630939 0.197440103 0.743510246
1403715933134057984.000000 2.301980972 0.179460943 -1.911456466 0.018416908 0.630874515 0.216132015 0.744946420
1403715933184058112.000000 2.241910458 0.166226327 -1.919820547 -0.004474978 0.624612868 0.235563621 0.744545937
1403715933234058240.000000 2.181569576 0.155706882 -1.926790833 -0.024855204 0.618546784 0.252575606 0.743631542
1403715933284058112.000000 2.121609211 0.144267261 -1.916452408 -0.045008056 0.614145398 0.269553214 0.740365386
1403715933334057984.000000 2.061491966 0.135114342 -1.922903299 -0.062857449 0.606269836 0.287222922 0.738910675
1403715933384058112.000000 2.001801729 0.133609563 -1.929659843 -0.077330776 0.597213626 0.306157470 0.737308323
1403715933434058240.000000 1.959959030 0.113688290 -1.932808518 -0.094149925 0.587445259 0.329766750 0.733006001
1403715933484058112.000000 1.911372781 0.099928319 -1.938511133 -0.108568914 0.577465892 0.351317406 0.728918493
1403715933534057984.000000 1.872780800 0.086329371 -1.939708829 -0.122260906 0.569232762 0.369308084 0.724318981
1403715933584058368.000000 1.838620782 0.075942218 -1.942483664 -0.134726569 0.562647641 0.382333755 0.720484138
1403715933634057984.000000 1.812980652 0.062801898 -1.947324753 -0.145878568 0.556741536 0.394016206 0.716595888
1403715933684058112.000000 1.800224423 0.048715234 -1.951235414 -0.157450870 0.553587317 0.398978591 0.713839233
1403715933734058240.000000 1.794298887 0.036676913 -1.956056595 -0.166848853 0.552337706 0.399610311 0.712317467
1403715933784058112.000000 1.800137639 0.024762869 -1.963967681 -0.171834901 0.552338660 0.398704469 0.711638629
1403715933834057984.000000 1.814161420 0.008320391 -1.969502211 -0.173231170 0.555010736 0.394201517 0.711729765
1403715933884058112.000000 1.843266726 -0.013976038 -1.973423004 -0.169063047 0.561200440 0.385323644 0.712739408
1403715933934058240.000000 1.881694913 -0.036512613 -1.980442762 -0.154032767 0.571036816 0.371867120 0.715475857
1403715933984058112.000000 1.925528765 -0.058231890 -1.983372927 -0.128351957 0.586423516 0.350091368 0.719075382
1403715934034057984.000000 1.973113179 -0.078957379 -1.993621349 -0.095585957 0.601539254 0.325052857 0.723432422
1403715934084058368.000000 2.032389164 -0.111270070 -2.007710934 -0.064946614 0.615360916 0.298159570 0.726783156
1403715934134057984.000000 2.081633568 -0.121317387 -2.008002520 -0.028661087 0.629909456 0.267983973 0.728407323
1403715934184058112.000000 2.144858837 -0.158384025 -2.005146742 0.002447266 0.644082129 0.240146473 0.726279557
1403715934234058240.000000 2.200602293 -0.171164036 -2.000719786 0.031177538 0.654661179 0.214754492 0.724104464
1403715934284058112.000000 2.254987240 -0.185906529 -2.003684521 0.053478844 0.661849141 0.191528067 0.722781301
1403715934334057984.000000 2.298170328 -0.189629376 -1.997896910 0.075792089 0.667814493 0.173555583 0.719831824
1403715934384058112.000000 2.338526487 -0.185977876 -1.996678948 0.096381702 0.671403646 0.155580819 0.718138158
1403715934434058240.000000 2.375824928 -0.187029600 -1.994393110 0.113414086 0.674572051 0.139301121 0.716020286
1403715934484058112.000000 2.412543774 -0.211919665 -1.989771366 0.123992398 0.677605093 0.129444361 0.713247120
1403715934534057984.000000 2.436222553 -0.211333632 -1.985326290 0.137688711 0.678863823 0.117127493 0.711664975
1403715934584058368.000000 2.452305794 -0.212473214 -1.980280399 0.150612727 0.679923773 0.106157497 0.709753573
1403715934634057984.000000 2.460892439 -0.214215219 -1.980761051 0.161097378 0.679323733 0.097882994 0.709215045
1403715934684058112.000000 2.458133459 -0.220564544 -1.972431064 0.168519303 0.679356039 0.093226083 0.708085895
1403715934734058240.000000 2.446528912 -0.227221429 -1.976597548 0.174831226 0.676715136 0.092540741 0.709173381
1403715934784058112.000000 2.423193932 -0.229961634 -1.977931499 0.180437908 0.673959494 0.093089208 0.710320532
1403715934834057984.000000 2.389229298 -0.242424667 -1.978806376 0.174564809 0.671272099 0.101978026 0.713106930
1403715934884058112.000000 2.345627308 -0.247534931 -1.987489343 0.157295048 0.667250156 0.117522672 0.718487263
1403715934934058240.000000 2.294006586 -0.257488191 -1.991269827 0.132861346 0.662846386 0.139699876 0.723509908
1403715934984058112.000000 2.233206749 -0.258288085 -1.997692108 0.108835563 0.656627953 0.162942976 0.728316069
1403715935034057984.000000 2.171584606 -0.268226266 -1.995653510 0.081814848 0.651480794 0.188027143 0.730427980
1403715935084058368.000000 2.098404408 -0.262982666 -2.005558014 0.054825712 0.643426657 0.211934894 0.733539283
1403715935134057984.000000 2.028671265 -0.262048125 -2.021980286 0.027962506 0.635083139 0.234163821 0.735564291
1403715935184058112.000000 1.955963016 -0.261192083 -2.027129889 0.003251501 0.627892435 0.255278051 0.735237181
1403715935234058240.000000 1.884934783 -0.258602738 -2.034532547 -0.018878078 0.620955229 0.272851914 0.734581530
1403715935284058112.000000 1.814023376 -0.259763837 -2.039634705 -0.039827254 0.614430249 0.288218468 0.733361721
1403715935334057984.000000 1.743347049 -0.254246831 -2.035690069 -0.057427403 0.609834313 0.299717009 0.731419146
1403715935384058112.000000 1.678582907 -0.241683334 -2.036131382 -0.071962111 0.604865134 0.309658170 0.730117500
1403715935434058240.000000 1.612880826 -0.231852084 -2.034946203 -0.085504614 0.600665927 0.318284273 0.728412449
1403715935484058112.000000 1.557364583 -0.221082211 -2.038492203 -0.096815206 0.596064150 0.325749248 0.727476418
1403715935534057984.000000 1.507053256 -0.202741712 -2.036243200 -0.106157362 0.593048036 0.330612004 0.726443648
1403715935584058368.000000 1.459491134 -0.191515774 -2.035058022 -0.114704818 0.590288460 0.335048169 0.725358665
1403715935634057984.000000 1.415006757 -0.172838330 -2.033875465 -0.120992921 0.587111712 0.339829803 0.724690497
1403715935684058112.000000 1.375786304 -0.157173425 -2.029834509 -0.127276018 0.584285200 0.344734430 0.723581195
1403715935734058240.000000 1.344807863 -0.141259298 -2.025532961 -0.134533346 0.581242800 0.349883884 0.722245753
1403715935784058112.000000 1.318921328 -0.127707735 -2.019876003 -0.141440958 0.578490078 0.354556084 0.720856249
1403715935834057984.000000 1.303073406 -0.119411275 -2.015991688 -0.148667589 0.575986028 0.358492941 0.719458818
1403715935884058112.000000 1.294489264 -0.108670592 -2.011251688 -0.153561592 0.574227810 0.361401796 0.718380213
1403715935934058240.000000 1.292670608 -0.097592488 -2.006235123 -0.153788865 0.574735820 0.361381590 0.717935264
1403715935984058112.000000 1.300989032 -0.091975018 -2.000329971 -0.148242801 0.578619897 0.356285721 0.718528748
1403715936034057984.000000 1.314016461 -0.083270609 -1.992938519 -0.132847041 0.587077200 0.343813747 0.720752537
1403715936084058368.000000 1.335671902 -0.082111686 -1.990146995 -0.111905389 0.597552061 0.327694654 0.723204672
1403715936134057984.000000 1.364546895 -0.082387269 -1.982202053 -0.088926725 0.609846473 0.306370497 0.725476801
1403715936184058112.000000 1.393233538 -0.079575539 -1.975876808 -0.063967533 0.621579528 0.284585655 0.727020085
1403715936234058240.000000 1.428026915 -0.079430908 -1.968641639 -0.039740924 0.632557452 0.263331085 0.727288425
1403715936284058112.000000 1.460762382 -0.077978373 -1.956921577 -0.014710372 0.642963886 0.241601259 0.726642966
1403715936334057984.000000 1.492977262 -0.077380598 -1.949705362 0.007435379 0.650677860 0.224935919 0.725235760
1403715936384058112.000000 1.525165439 -0.077228308 -1.942462206 0.028011473 0.656056821 0.213544041 0.723328233
1403715936434058240.000000 1.551885247 -0.078215599 -1.932091951 0.041361440 0.660333037 0.204357773 0.721448183
1403715936484058112.000000 1.576065660 -0.075896502 -1.922282338 0.051315289 0.662966549 0.198720291 0.719967008
1403715936534057984.000000 1.598652124 -0.073800266 -1.910858393 0.060990091 0.665059209 0.195444047 0.718176961
1403715936584058368.000000 1.615286708 -0.069313824 -1.900922537 0.070426285 0.666309655 0.193163246 0.716770232
1403715936634057984.000000 1.627982736 -0.069588602 -1.890269637 0.078328490 0.667101681 0.192788571 0.715312898
1403715936684058112.000000 1.638804197 -0.068161845 -1.882604122 0.085195981 0.667072296 0.193335652 0.714407146
1403715936734058240.000000 1.641886592 -0.064478993 -1.876010299 0.085024469 0.667158127 0.194568768 0.714012563
1403715936784058112.000000 1.642012715 -0.063587487 -1.868782640 0.078293376 0.666204154 0.199490204 0.714314938
1403715936834057984.000000 1.638982534 -0.060211122 -1.860825658 0.067659199 0.665699840 0.204291075 0.714514673
1403715936884058112.000000 1.631954432 -0.056785822 -1.856805563 0.058265880 0.664532006 0.208992034 0.715069652
1403715936934058240.000000 1.621553898 -0.053745806 -1.851976156 0.050112274 0.662950158 0.214765683 0.715445042
1403715936984058112.000000 1.608179092 -0.048926175 -1.844330788 0.044569463 0.660793066 0.219358161 0.716413319
1403715937034057984.000000 1.592139959 -0.044868588 -1.841383934 0.038419738 0.656828821 0.223408252 0.719158292
1403715937084058368.000000 1.574691653 -0.039484322 -1.834246397 0.031519793 0.651561737 0.228248030 0.722756267
1403715937134057984.000000 1.554854870 -0.035646915 -1.829733014 0.023373481 0.643990099 0.234742418 0.727754414
1403715937184058112.000000 1.535746694 -0.030371964 -1.820818424 0.017631266 0.636392713 0.238408521 0.733385980
1403715937234058240.000000 1.513628364 -0.024870753 -1.812534332 0.011780536 0.628464699 0.239905208 0.739823520
1403715937284058112.000000 1.491325736 -0.018490076 -1.809369445 0.008434718 0.618274331 0.241990253 0.747734249
1403715937334057984.000000 1.467153072 -0.010864198 -1.798126578 0.005231552 0.609609663 0.239327416 0.755692542
1403715937384058112.000000 1.446682572 -0.005111963 -1.793233156 0.003307159 0.599609911 0.236789852 0.764452457
1403715937434058240.000000 1.423214912 0.004716605 -1.786867380 0.002394952 0.589369357 0.234062925 0.773209274
1403715937484058112.000000 1.398836851 0.016602188 -1.776306391 -0.001450516 0.579444945 0.233131945 0.780955195
1403715937534057984.000000 1.372886181 0.032137260 -1.766811609 -0.008903058 0.568329573 0.237474695 0.787736058
1403715937584058368.000000 1.351483345 0.048801273 -1.756593466 -0.021035809 0.557136416 0.242964134 0.793804169
1403715937634057984.000000 1.327543855 0.065339603 -1.747230530 -0.033044722 0.545441091 0.247634307 0.800049663
1403715937684058112.000000 1.307765126 0.080896318 -1.735930562 -0.043115225 0.533944547 0.251651943 0.806049466
1403715937734058240.000000 1.289101839 0.101050690 -1.728229403 -0.050206378 0.523570657 0.253516436 0.811839044
1403715937784058112.000000 1.272218227 0.116610244 -1.715350866 -0.055381767 0.513905644 0.254615217 0.817315757
1403715937834057984.000000 1.257173777 0.133830398 -1.701107740 -0.060282595 0.505082011 0.252846092 0.822998881
1403715937884058112.000000 1.246412158 0.147100657 -1.690015912 -0.062745899 0.495435148 0.252814353 0.828668773
1403715937934058240.000000 1.236467242 0.159811676 -1.675222874 -0.065852642 0.486962378 0.250396520 0.834165812
1403715937984058112.000000 1.232264280 0.175173745 -1.661039948 -0.068974815 0.477497011 0.247312546 0.840283036
1403715938034057984.000000 1.227152705 0.185469791 -1.643316031 -0.071242869 0.468233645 0.244500190 0.846109569
1403715938084058368.000000 1.227225780 0.198603123 -1.628370762 -0.073830381 0.457951158 0.242056355 0.852196336
1403715938134057984.000000 1.227462053 0.205785260 -1.611524105 -0.076202564 0.447960109 0.238410011 0.858303964
1403715938184058112.000000 1.232757568 0.212691337 -1.595592499 -0.078429788 0.437070906 0.234429061 0.864789486
1403715938234058240.000000 1.244640112 0.215502277 -1.578344345 -0.077291720 0.426771253 0.228271365 0.871656239
1403715938284058112.000000 1.256403685 0.214751154 -1.561505079 -0.072942004 0.418321520 0.216662765 0.879058480
1403715938334057984.000000 1.273794770 0.205984339 -1.540683746 -0.065121688 0.411908865 0.199776188 0.886667788
1403715938384058112.000000 1.291623473 0.201465696 -1.520822525 -0.055826992 0.404762715 0.182442993 0.894295871
1403715938434058240.000000 1.313278794 0.188654348 -1.500288963 -0.046401832 0.395762771 0.171231881 0.901054084
1403715938484058112.000000 1.336228967 0.176412866 -1.478098869 -0.035015304 0.386064291 0.160055235 0.907805443
1403715938534057984.000000 1.360703230 0.164607048 -1.456072450 -0.025620366 0.375032485 0.153309643 0.913887560
1403715938584058368.000000 1.378941417 0.153900638 -1.432640195 -0.017863957 0.365400970 0.147512540 0.918914139
1403715938634057984.000000 1.399360418 0.141849503 -1.407583237 -0.013638546 0.357198119 0.144231096 0.922724724
1403715938684058112.000000 1.420436740 0.130881652 -1.381879568 -0.012820273 0.349272043 0.143297389 0.925910711
1403715938734058240.000000 1.440850019 0.119208008 -1.358245730 -0.018327223 0.342284203 0.144942895 0.928168774
1403715938784058112.000000 1.460892558 0.108535834 -1.330523014 -0.027670993 0.336515248 0.146814913 0.929751217
1403715938834057984.000000 1.484737039 0.099059120 -1.304406047 -0.039756369 0.330307752 0.151074544 0.930855930
1403715938884058112.000000 1.506112218 0.089922726 -1.274687648 -0.051169753 0.325126737 0.155008391 0.931475580
1403715938934058240.000000 1.529712200 0.083004266 -1.243804097 -0.060554765 0.320771843 0.158347398 0.931860864
1403715938984058112.000000 1.552450299 0.072913632 -1.212018609 -0.069793195 0.316869617 0.161882490 0.931942463
1403715939034057984.000000 1.576336145 0.062856846 -1.177781582 -0.077250570 0.313413620 0.164873049 0.931998491
1403715939084058368.000000 1.605211496 0.055770405 -1.140479684 -0.082344659 0.310900688 0.165440038 0.932303488
1403715939134057984.000000 1.636556625 0.036387268 -1.103356600 -0.083021320 0.309364289 0.164465174 0.932926834
1403715939184058112.000000 1.671294689 0.026269577 -1.064673066 -0.071031697 0.309773833 0.159730971 0.934601903
1403715939234058240.000000 1.707096815 0.010310339 -1.025659680 -0.051137730 0.312063903 0.152257547 0.936386049
1403715939284058112.000000 1.745043278 -0.006045275 -0.983474851 -0.028931836 0.314139664 0.143983364 0.937948883
1403715939334057984.000000 1.785678506 -0.028876442 -0.944657922 -0.007228123 0.316120595 0.136829287 0.938772202
1403715939384058112.000000 1.815344572 -0.034312606 -0.894977927 0.018669121 0.320137143 0.127811626 0.938524306
1403715939434058240.000000 1.844351768 -0.054009169 -0.846958399 0.038984857 0.324728489 0.121240094 0.937193990
1403715939484058112.000000 1.884776950 -0.074928954 -0.811779916 0.056457866 0.325722218 0.115424842 0.936693549
1403715939534057984.000000 1.917404175 -0.091267109 -0.771536589 0.072943866 0.328676373 0.109264679 0.935260534
1403715939584058368.000000 1.950443029 -0.103565156 -0.735803843 0.089014329 0.330760241 0.103370257 0.933803380
1403715939634057984.000000 1.981920242 -0.121766448 -0.706162691 0.108972766 0.333243042 0.096256912 0.931562483
1403715939684058112.000000 1.998345971 -0.131547764 -0.670018435 0.130825430 0.337888837 0.089100592 0.927780688
1403715939734058240.000000 2.015477419 -0.157425165 -0.643341899 0.146665007 0.341559827 0.083825432 0.924553812
1403715939784058112.000000 2.029387951 -0.160978377 -0.611625731 0.162989035 0.345024794 0.077753432 0.921057522
1403715939834057984.000000 2.048041821 -0.176396102 -0.601496398 0.173263773 0.346204519 0.074154243 0.919033945
1403715939884058112.000000 2.047821522 -0.185659528 -0.588456392 0.181501865 0.349326164 0.070812173 0.916522741
1403715939934058240.000000 2.048442125 -0.194102794 -0.584807754 0.183637664 0.350709736 0.069152966 0.915695310
1403715939984058112.000000 2.043925762 -0.211207956 -0.594853818 0.177918583 0.350604862 0.071519710 0.916682184
1403715940034057984.000000 2.024259567 -0.228538692 -0.597918987 0.157801405 0.352557153 0.077246539 0.919149220
1403715940084058368.000000 2.005595922 -0.243390650 -0.615085244 0.131499588 0.351006716 0.086881459 0.923013508
1403715940134057984.000000 1.983641028 -0.246075392 -0.631243348 0.103445157 0.348840564 0.095607750 0.926535845
1403715940184058112.000000 1.955579877 -0.263562620 -0.651619792 0.074394397 0.346846342 0.106794082 0.928847790
1403715940234058240.000000 1.923734784 -0.272036761 -0.684378386 0.046523362 0.342873007 0.117726877 0.930813670
1403715940284058112.000000 1.894670725 -0.280650616 -0.705362916 0.019484216 0.339090109 0.127199784 0.931911230
1403715940334057984.000000 1.864564300 -0.290868402 -0.731649518 -0.007747770 0.333898216 0.137951076 0.932427764
1403715940384058112.000000 1.835232615 -0.301104665 -0.753545046 -0.032623254 0.329365373 0.148397297 0.931897283
1403715940434058240.000000 1.802619457 -0.316811621 -0.774035931 -0.060208432 0.325071633 0.157856762 0.930475533
1403715940484058112.000000 1.767927647 -0.322905481 -0.786737323 -0.083795428 0.321778893 0.167384744 0.928126693
1403715940534057984.000000 1.736325026 -0.325357407 -0.803218663 -0.105728507 0.316053718 0.178570017 0.925766885
1403715940584058368.000000 1.715694189 -0.340358227 -0.820960760 -0.130559146 0.308930963 0.192118213 0.922283351
1403715940634057984.000000 1.694737792 -0.349855661 -0.829351604 -0.153720066 0.302642971 0.204903454 0.918037057
1403715940684058112.000000 1.675464630 -0.363081038 -0.831985950 -0.175195426 0.296959758 0.218087360 0.912994742
1403715940734058240.000000 1.669735193 -0.381825089 -0.832650423 -0.193710089 0.291743755 0.226613998 0.908849895
1403715940784058112.000000 1.666461587 -0.397288799 -0.821152449 -0.206941038 0.289692789 0.228553966 0.906099677
1403715940834057984.000000 1.670344591 -0.411746502 -0.814193130 -0.211319119 0.288401514 0.227198526 0.905842006
1403715940884058112.000000 1.681150556 -0.443247885 -0.792764962 -0.210904852 0.291568577 0.222023174 0.906207860
1403715940934058240.000000 1.697210312 -0.465519398 -0.771438360 -0.196168959 0.296864271 0.213423789 0.909856915
1403715940984058112.000000 1.713646412 -0.473525912 -0.751801729 -0.162677363 0.305260748 0.201627448 0.916350603
1403715941034057984.000000 1.743495226 -0.526733816 -0.710595608 -0.134182945 0.315357536 0.187297374 0.920578301
1403715941084058368.000000 1.791914225 -0.583640158 -0.678845644 -0.091052040 0.324309379 0.173813596 0.925376594
1403715941134057984.000000 1.829184651 -0.609573543 -0.640918612 -0.040797837 0.333589911 0.156983390 0.928660095
1403715941184058112.000000 1.879547715 -0.658748031 -0.603036284 0.005897474 0.341134578 0.142618150 0.929113865
1403715941234058240.000000 1.921959281 -0.681104302 -0.562667012 0.045667704 0.346772641 0.126319781 0.928281486
1403715941284058112.000000 1.953994751 -0.709203482 -0.522870243 0.081066012 0.350841820 0.114755422 0.925834596
1403715941334057984.000000 1.957016468 -0.770111442 -0.467619061 0.106791332 0.359431058 0.112215839 0.920224190
1403715941384058112.000000 1.978698611 -0.805075824 -0.428856701 0.129438996 0.362921774 0.106311642 0.916641235
1403715941434058240.000000 2.001864195 -0.825876832 -0.401784897 0.150214270 0.363207310 0.101919957 0.913853645
1403715941484058112.000000 2.046680212 -0.850782871 -0.391057760 0.162366673 0.357376218 0.101879939 0.914078712
1403715941534057984.000000 2.063923597 -0.871543050 -0.368037760 0.172833145 0.356679171 0.101114966 0.912515461
1403715941584058368.000000 2.048121214 -0.889984727 -0.318468958 0.182454795 0.364081055 0.099473320 0.907887816
1403715941634057984.000000 2.086542368 -0.893154025 -0.317330450 0.194875658 0.356126845 0.099438645 0.908465266
1403715941684058112.000000 2.093141556 -0.899958968 -0.297023654 0.208182320 0.355938911 0.099440880 0.905582190
1403715941734058240.000000 2.098974466 -0.901179790 -0.298312664 0.222703621 0.352122337 0.098922350 0.903674424
1403715941784058112.000000 2.101637363 -0.896614313 -0.297463059 0.236404672 0.350054890 0.096286505 0.901278734
1403715941834057984.000000 2.099857807 -0.888441086 -0.302889913 0.247432649 0.348087162 0.093907490 0.899329662
1403715941884058112.000000 2.085894346 -0.885726392 -0.313463807 0.251867324 0.347783059 0.093673944 0.898239970
1403715941934058240.000000 2.061926365 -0.865263343 -0.320563078 0.249146491 0.350792706 0.090148397 0.898189187
1403715941984058112.000000 2.050452709 -0.841485322 -0.345980048 0.234600067 0.349012583 0.091128998 0.902689636
1403715942034057984.000000 2.017482519 -0.828707933 -0.375091344 0.206012547 0.350004733 0.095242023 0.908836842
1403715942084058368.000000 2.002709866 -0.796781778 -0.424510002 0.174877003 0.344401360 0.103586569 0.916556358
1403715942134057984.000000 1.985404968 -0.766441464 -0.472416937 0.138218492 0.338067442 0.112132810 0.924138665
1403715942184058112.000000 1.966460943 -0.735521078 -0.523655415 0.100699514 0.330713779 0.121703297 0.930417299
1403715942234058240.000000 1.874460936 -0.705215931 -0.518385828 0.066619650 0.338819534 0.133224487 0.928985715
1403715942284058112.000000 1.805885077 -0.666629910 -0.542632401 0.028940117 0.338087738 0.146078572 0.929257870
1403715942334057984.000000 1.748905420 -0.615663052 -0.579578400 -0.003132958 0.334314644 0.157579452 0.929189265
1403715942384058112.000000 1.703828454 -0.561895311 -0.621344566 -0.029820640 0.328122646 0.168158755 0.929068863
1403715942434058240.000000 1.654511213 -0.502830267 -0.653568149 -0.051486239 0.325412989 0.175376460 0.927738488
1403715942484058112.000000 1.621833801 -0.453738630 -0.685931623 -0.071813852 0.318811983 0.186647892 0.926479578
1403715942534057984.000000 1.586096764 -0.398753613 -0.716423452 -0.088904828 0.313670605 0.194427431 0.925151169
1403715942584058368.000000 1.549879193 -0.361352235 -0.738144755 -0.109514549 0.310143173 0.200417176 0.922849298
1403715942634057984.000000 1.514120102 -0.311822534 -0.756203175 -0.125861496 0.306961745 0.203190118 0.921220481
1403715942684058112.000000 1.490109563 -0.272327751 -0.776356936 -0.141845480 0.303384274 0.205029860 0.919674158
1403715942734058240.000000 1.469847083 -0.228376955 -0.787264466 -0.151319534 0.301154763 0.205969319 0.918686509
1403715942784058112.000000 1.455278397 -0.184822932 -0.802114844 -0.156354532 0.298464119 0.205372885 0.918855011
1403715942834057984.000000 1.439363956 -0.152333915 -0.804427743 -0.160172075 0.298388690 0.203424603 0.918655336
1403715942884058112.000000 1.432187676 -0.117834322 -0.804637134 -0.160004795 0.298098356 0.200910479 0.919331729
1403715942934058240.000000 1.433137059 -0.084698901 -0.802240372 -0.159390643 0.296899259 0.198581681 0.920331895
1403715942984058112.000000 1.433571815 -0.051455975 -0.791631579 -0.155203626 0.297856420 0.194069535 0.921699762
1403715943034057984.000000 1.442343831 -0.027127922 -0.778876543 -0.151388556 0.298674792 0.188288942 0.923267186
1403715943084058368.000000 1.454943538 -0.004561581 -0.761869609 -0.146914572 0.300261348 0.179014117 0.925317943
1403715943134057984.000000 1.470780015 0.006929278 -0.737124920 -0.139691770 0.302823633 0.170927033 0.927128911
1403715943184058112.000000 1.491503596 0.017988693 -0.711160481 -0.122606754 0.305453867 0.163196996 0.930071115
1403715943234058240.000000 1.513249755 0.018818904 -0.681431770 -0.096662477 0.309564143 0.157202527 0.932798922
1403715943284058112.000000 1.540339708 0.021797270 -0.653246224 -0.062332038 0.312298030 0.148958683 0.936160207
1403715943334057984.000000 1.570347071 0.013201077 -0.620397091 -0.027835401 0.314480454 0.141239777 0.938284993
1403715943384058112.000000 1.592512131 0.013511442 -0.589748621 0.009118129 0.315991938 0.128889248 0.939922094
1403715943434058240.000000 1.623515248 0.009438314 -0.555109143 0.042635649 0.316583693 0.117656261 0.940273345
1403715943484058112.000000 1.651016474 -0.007786550 -0.529091895 0.067231141 0.314198583 0.110470921 0.940508127
1403715943534057984.000000 1.675415277 -0.018750682 -0.504926383 0.084881216 0.311894536 0.104964532 0.940478325
1403715943584058368.000000 1.698365092 -0.021420598 -0.480052292 0.099424727 0.310888290 0.099973418 0.939930081
1403715943634057984.000000 1.713297009 -0.027427316 -0.454082191 0.111332938 0.311511487 0.096448049 0.938756347
1403715943684058112.000000 1.722496867 -0.027372718 -0.424729049 0.123617284 0.313917398 0.093859524 0.936677694
1403715943734058240.000000 1.740637064 -0.025221184 -0.412574351 0.136076078 0.313284099 0.093287021 0.935218632
1403715943784058112.000000 1.749058127 -0.031245336 -0.402558982 0.147853538 0.315539628 0.091918707 0.932805002
1403715943834057984.000000 1.751215935 -0.037384197 -0.382663041 0.159129500 0.320842564 0.089868732 0.929333925
1403715943884058112.000000 1.756077170 -0.035273179 -0.390655220 0.167408302 0.321201175 0.088301629 0.927904665
1403715943934058240.000000 1.752159476 -0.036623850 -0.391846836 0.173575908 0.325305194 0.085894875 0.925564706
1403715943984058112.000000 1.746157527 -0.041310877 -0.409088850 0.171140492 0.325827628 0.088515855 0.925587535
1403715944034057984.000000 1.731598973 -0.051478952 -0.428105533 0.155260548 0.324311227 0.098080456 0.927952945
1403715944084058368.000000 1.714924574 -0.045441628 -0.455471277 0.128434464 0.318386257 0.110664971 0.932677925
1403715944134057984.000000 1.691938996 -0.040254146 -0.483484447 0.097026490 0.312286973 0.123778425 0.936878741
1403715944184058112.000000 1.670974493 -0.053203002 -0.529139280 0.060563829 0.300993741 0.137712315 0.941684783
1403715944234058240.000000 1.646497250 -0.051944062 -0.549820006 0.022447329 0.289642692 0.151140690 0.944859684
1403715944284058112.000000 1.620898724 -0.052705612 -0.583958030 -0.013943113 0.277313024 0.160033494 0.947255254
1403715944334057984.000000 1.601680040 -0.058314100 -0.615751326 -0.045510754 0.264544427 0.165018961 0.949059427
1403715944384058112.000000 1.574263573 -0.053620227 -0.643285036 -0.069328882 0.253290594 0.164957494 0.950697899
1403715944434058240.000000 1.554909945 -0.048083644 -0.674798727 -0.090559132 0.239342049 0.164306134 0.952637434
1403715944484058112.000000 1.538478136 -0.043159932 -0.701470912 -0.109351248 0.225089833 0.162770525 0.954401791
1403715944534057984.000000 1.526310444 -0.035080232 -0.721395195 -0.124020196 0.210675970 0.158886492 0.956550956
1403715944584058368.000000 1.515624523 -0.036257729 -0.738602996 -0.135125607 0.195878118 0.156598389 0.958566606
1403715944634057984.000000 1.506192446 -0.036588002 -0.751354098 -0.142438710 0.181958318 0.152379453 0.960928202
1403715944684058112.000000 1.503981948 -0.040044941 -0.758539021 -0.147594422 0.167205259 0.148763746 0.963393867
1403715944734058240.000000 1.506060481 -0.050402950 -0.760884106 -0.152520791 0.152429104 0.144040585 0.965792537
1403715944784058112.000000 1.509584188 -0.059616938 -0.760962248 -0.153956980 0.139159173 0.134878442 0.968885899
1403715944834057984.000000 1.516921997 -0.070995241 -0.753090739 -0.149135441 0.127148062 0.123509139 0.972798884
1403715944884058112.000000 1.529827476 -0.084461495 -0.738223493 -0.133198172 0.117554232 0.106029943 0.978364408
1403715944934058240.000000 1.544320941 -0.100635707 -0.722695887 -0.106932849 0.108970262 0.084625475 0.984646916
1403715944984058112.000000 1.560366631 -0.123168029 -0.702226043 -0.075079136 0.101624452 0.065194085 0.989841104
1403715945034057984.000000 1.571778059 -0.136729151 -0.680600464 -0.033300687 0.096400045 0.045150127 0.993760347
1403715945084058368.000000 1.588257432 -0.172185108 -0.653683305 0.003529864 0.091287680 0.028981440 0.995396554
1403715945134057984.000000 1.617407918 -0.200347468 -0.630873203 0.035396393 0.085132696 0.017643640 0.995584428
1403715945184058112.000000 1.629880071 -0.228421077 -0.604948223 0.060711559 0.082990631 0.007795500 0.994668722
1403715945234058240.000000 1.642928004 -0.243196651 -0.581501842 0.084390268 0.080958903 0.000576834 0.993138254
1403715945284058112.000000 1.639641762 -0.262876272 -0.554033935 0.105081640 0.081731111 -0.003855594 0.991091907
1403715945334057984.000000 1.650568247 -0.285388380 -0.537059009 0.123431727 0.081513308 -0.006765549 0.988976479
1403715945384058112.000000 1.651122928 -0.310835212 -0.525756598 0.140572444 0.083274372 -0.009905836 0.986512363
1403715945434058240.000000 1.650901318 -0.322812498 -0.514276505 0.159263924 0.085102469 -0.010744889 0.983502507
1403715945484058112.000000 1.668032885 -0.330298334 -0.514196396 0.177293554 0.083734721 -0.008909580 0.980548859
1403715945534057984.000000 1.666094542 -0.346029401 -0.517950177 0.188343540 0.084494479 -0.006783468 0.978438258
1403715945584058368.000000 1.661107063 -0.354112238 -0.524956703 0.180843040 0.082929797 0.000892097 0.980009019
1403715945634057984.000000 1.656173348 -0.359890878 -0.538847148 0.155219644 0.080596626 0.010567131 0.984530091
1403715945684058112.000000 1.648334026 -0.363253713 -0.558467090 0.125018686 0.077390417 0.020305388 0.988923013
1403715945734058240.000000 1.635770559 -0.353552788 -0.580729306 0.097356245 0.076377191 0.027650474 0.991929352
1403715945784058112.000000 1.624026537 -0.363582045 -0.607877076 0.064898312 0.075506903 0.033664715 0.994461477
1403715945834057984.000000 1.616453648 -0.358335674 -0.637310982 0.033453193 0.074144229 0.036112398 0.996031880
1403715945884058112.000000 1.603975058 -0.361165673 -0.663429379 0.000817409 0.073597327 0.040649634 0.996458948
1403715945934058240.000000 1.589253306 -0.372168243 -0.691401064 -0.032260094 0.073156856 0.042991657 0.995871067
1403715945984058112.000000 1.576812029 -0.356689215 -0.717934191 -0.054724656 0.070577614 0.047460914 0.994872630
1403715946034057984.000000 1.566667438 -0.362151772 -0.734200537 -0.078263126 0.066649377 0.048926450 0.993498325
1403715946084058368.000000 1.555090070 -0.371138871 -0.752808750 -0.097320445 0.061977543 0.048777934 0.992123127
1403715946134057984.000000 1.538014770 -0.364805341 -0.770054519 -0.112981848 0.056541979 0.049104109 0.990770876
1403715946184058112.000000 1.528020382 -0.380473167 -0.779858887 -0.129721433 0.049265061 0.047380071 0.989191830
1403715946234058240.000000 1.517032266 -0.389256179 -0.785425663 -0.142600909 0.041380089 0.045213941 0.987880826
1403715946284058112.000000 1.505003333 -0.399368465 -0.784803450 -0.150549993 0.034189407 0.042859297 0.987080991
1403715946334057984.000000 1.496541619 -0.413532197 -0.779199660 -0.150806129 0.026166579 0.037156209 0.987518251
1403715946384058112.000000 1.486883283 -0.431385309 -0.765989304 -0.140315443 0.019394502 0.028447971 0.989508033
1403715946434058240.000000 1.479326010 -0.450252563 -0.749017596 -0.118610829 0.012729626 0.018381651 0.992689013
1403715946484058112.000000 1.474018574 -0.471559495 -0.728961945 -0.089244872 0.006974647 0.009867168 0.995936453
1403715946534057984.000000 1.463607073 -0.506718218 -0.703567743 -0.059936576 0.001764048 0.006648957 0.998178482
1403715946584058368.000000 1.461125851 -0.524390638 -0.675036371 -0.024116395 -0.004960607 0.004965473 0.999684513
1403715946634057984.000000 1.451993585 -0.560799658 -0.643455565 0.007214507 -0.008918813 0.003494879 0.999928117
1403715946684058112.000000 1.426564693 -0.575548828 -0.616246223 0.040087406 -0.010899615 0.003698969 0.999129951
1403715946734058240.000000 1.419004321 -0.608508468 -0.590208769 0.062613457 -0.013829980 0.003259807 0.997936785
1403715946784058112.000000 1.412628531 -0.636674702 -0.553231299 0.081198148 -0.018162843 0.005206910 0.996518910
1403715946834057984.000000 1.410149932 -0.673187494 -0.527729928 0.091015808 -0.022310182 0.005524519 0.995584190
1403715946884058112.000000 1.395900965 -0.689093053 -0.506067157 0.103702150 -0.023343083 0.006065389 0.994315922
1403715946934058240.000000 1.379538655 -0.712827325 -0.498608440 0.114539482 -0.023494670 0.005407204 0.993126094
1403715946984058112.000000 1.362222672 -0.733956993 -0.484196097 0.123359308 -0.021751624 0.003955815 0.992115796
1403715947034057984.000000 1.351007104 -0.756711483 -0.472297966 0.133275792 -0.021370839 0.004728859 0.990837276
1403715947084058368.000000 1.340604782 -0.761390865 -0.462094843 0.147505268 -0.021500083 0.007725013 0.988797367
1403715947134057984.000000 1.330303431 -0.758793473 -0.450647712 0.172586411 -0.020769177 0.010990290 0.984714091
1403715947184058112.000000 1.334391832 -0.773454010 -0.458452374 0.193590179 -0.020656984 0.012268183 0.980788350
1403715947234058240.000000 1.313378334 -0.785610020 -0.464884847 0.207906783 -0.017728519 0.015243373 0.977869213
1403715947284058112.000000 1.303723812 -0.782576203 -0.475333303 0.216011584 -0.016050892 0.018623147 0.976081252
1403715947334057984.000000 1.298889399 -0.776694417 -0.491866320 0.210679829 -0.015612943 0.020911248 0.977206767
1403715947384058112.000000 1.287556529 -0.768964767 -0.511829674 0.193449542 -0.013196190 0.022544906 0.980762422
1403715947434058240.000000 1.281865954 -0.754349768 -0.537398040 0.165388018 -0.012095008 0.022236640 0.985903740
1403715947484058112.000000 1.269727468 -0.741118073 -0.571178138 0.133016452 -0.011672214 0.023917189 0.990756452
1403715947534057984.000000 1.261883616 -0.717056215 -0.599876285 0.103190541 -0.013161475 0.027192978 0.994202733
1403715947584058368.000000 1.250084639 -0.699138105 -0.629964292 0.073768884 -0.015151225 0.032176800 0.996641040
1403715947634057984.000000 1.252059102 -0.685181081 -0.670867980 0.037611216 -0.019113023 0.035516337 0.998478234
1403715947684058112.000000 1.243410826 -0.643258154 -0.706383526 0.008241445 -0.022046678 0.040907472 0.998885691
1403715947734058240.000000 1.236671925 -0.609220564 -0.741032302 -0.018951217 -0.024364624 0.044096090 0.998550355
1403715947784058112.000000 1.227018952 -0.576821148 -0.772963583 -0.041522224 -0.023642495 0.041853197 0.997980595
1403715947834057984.000000 1.227166772 -0.543669403 -0.799503386 -0.059833787 -0.024148906 0.036773242 0.997238457
1403715947884058112.000000 1.221763849 -0.514551103 -0.823046386 -0.078604743 -0.023037132 0.031134060 0.996153235
1403715947934058240.000000 1.232527733 -0.478042930 -0.845373571 -0.095625713 -0.024559978 0.025905618 0.994777143
1403715947984058112.000000 1.227951169 -0.450917453 -0.861523211 -0.112832025 -0.025014758 0.020643955 0.993084669
1403715948034057984.000000 1.220187902 -0.421164036 -0.873547137 -0.128585115 -0.025292002 0.016349679 0.991241157
1403715948084058368.000000 1.216468334 -0.391237110 -0.884047747 -0.142367989 -0.027712587 0.013246696 0.989337087
1403715948134057984.000000 1.214827776 -0.367538750 -0.885667920 -0.152610332 -0.029076824 0.009648741 0.987811506
1403715948184058112.000000 1.208893299 -0.351913333 -0.880962372 -0.161163166 -0.029561097 0.006427308 0.986464024
1403715948234058240.000000 1.206765771 -0.337509215 -0.866867721 -0.160833135 -0.030792959 0.006056088 0.986482561
1403715948284058112.000000 1.203088999 -0.331680030 -0.851652980 -0.152278200 -0.031607606 0.006107793 0.987813234
1403715948334057984.000000 1.201188207 -0.325067073 -0.826033235 -0.133878559 -0.032761917 0.007671518 0.990426362
1403715948384058112.000000 1.199043632 -0.326257050 -0.798624575 -0.108340867 -0.033571776 0.009875874 0.993497729
1403715948434058240.000000 1.192725062 -0.333791941 -0.763468921 -0.080999412 -0.033199009 0.011161662 0.996098578
1403715948484058112.000000 1.193899632 -0.341965228 -0.727781475 -0.051741466 -0.032485314 0.011489548 0.998065948
1403715948534057984.000000 1.182758927 -0.344624132 -0.686379433 -0.023686241 -0.029078674 0.010310207 0.999243259
1403715948584058368.000000 1.181450963 -0.353344679 -0.649447262 0.004286423 -0.026438542 0.009930776 0.999592006
1403715948634057984.000000 1.181215048 -0.349357545 -0.610232055 0.029232096 -0.024237530 0.009904288 0.999229670
1403715948684058112.000000 1.174033880 -0.363400072 -0.569767416 0.049227070 -0.020125903 0.009171335 0.998542726
1403715948734058240.000000 1.171437979 -0.365414619 -0.523067832 0.072299860 -0.016857317 0.010210565 0.997188210
1403715948784058112.000000 1.169047475 -0.364803493 -0.480557173 0.089226179 -0.013190581 0.010528954 0.995868444
1403715948834057984.000000 1.157477975 -0.367431819 -0.457267523 0.101448998 -0.010475297 0.010012455 0.994735241
1403715948884058112.000000 1.160327554 -0.366967767 -0.427533358 0.113346845 -0.011131959 0.010654278 0.993436038
1403715948934058240.000000 1.148932815 -0.361149102 -0.397556365 0.124737166 -0.011803384 0.012619613 0.992039382
1403715948984058112.000000 1.148482203 -0.359406382 -0.376896173 0.135274246 -0.015529308 0.012851211 0.990603149
1403715949034057984.000000 1.146516919 -0.361001730 -0.363200784 0.144138679 -0.020392351 0.012917478 0.989263058
1403715949084058368.000000 1.138313413 -0.354769588 -0.351615280 0.150254250 -0.025318177 0.012027538 0.988250017
1403715949134057984.000000 1.142995477 -0.351726741 -0.340944141 0.149543270 -0.035011820 0.012278926 0.988058805
1403715949184058112.000000 1.145393372 -0.350216419 -0.337866724 0.139120653 -0.044709701 0.010344297 0.989211559
1403715949234058240.000000 1.136630416 -0.338844508 -0.341014683 0.118540272 -0.052544393 0.006736917 0.991535187
1403715949284058112.000000 1.135084391 -0.334365904 -0.347298235 0.092676230 -0.063030548 0.001583773 0.993698120
1403715949334057984.000000 1.136481643 -0.311239302 -0.350927144 0.066743426 -0.073882788 -0.002357336 0.995028257
1403715949384058112.000000 1.117446184 -0.284606606 -0.369868934 0.038627561 -0.078204677 -0.008834583 0.996149540
1403715949434058240.000000 1.127118707 -0.267057449 -0.381523579 0.008310278 -0.088821761 -0.014300585 0.995910227
1403715949484058112.000000 1.128290534 -0.263852626 -0.392768770 -0.019916456 -0.096666858 -0.021341478 0.994888663
1403715949534057984.000000 1.126582742 -0.255578220 -0.399382442 -0.042671192 -0.104818486 -0.026972577 0.993209302
1403715949584058368.000000 1.128634691 -0.244318739 -0.409354419 -0.058391038 -0.113021038 -0.033980846 0.991293192
1403715949634057984.000000 1.127974391 -0.246370375 -0.411553472 -0.074671522 -0.122632302 -0.038550716 0.988887966
1403715949684058112.000000 1.126697063 -0.236996979 -0.421193510 -0.086236380 -0.132276252 -0.045005396 0.986428380
1403715949734058240.000000 1.113742948 -0.228363112 -0.409635544 -0.097487941 -0.140383705 -0.052041005 0.983910739
1403715949784058112.000000 1.112280846 -0.226959750 -0.403176457 -0.106795326 -0.150181159 -0.060479686 0.981010973
1403715949834057984.000000 1.109616280 -0.227789834 -0.395123780 -0.110209271 -0.159293324 -0.069300279 0.978609741
1403715949884058112.000000 1.098674178 -0.232811242 -0.381697834 -0.111100614 -0.167017907 -0.079612508 0.976434171
1403715949934058240.000000 1.087495327 -0.241170734 -0.358825833 -0.107643574 -0.175759494 -0.091142103 0.974276423
1403715949984058112.000000 1.071429014 -0.251853406 -0.337207973 -0.100339688 -0.181908876 -0.104917444 0.972539783
1403715950034057984.000000 1.056016207 -0.260198593 -0.316007733 -0.090066105 -0.188580722 -0.116153985 0.970996261
1403715950084058368.000000 1.041647077 -0.277044296 -0.284129113 -0.073902242 -0.198325142 -0.126779094 0.969088614
1403715950134057984.000000 1.021255851 -0.291768581 -0.256570935 -0.047578819 -0.207341939 -0.131969973 0.968157768
1403715950184058112.000000 1.000106692 -0.310409486 -0.223797962 -0.020187251 -0.217152491 -0.129134417 0.967347741
1403715950234058240.000000 0.965696037 -0.329209208 -0.188105494 0.011968975 -0.224954739 -0.123826988 0.966394842
1403715950284058112.000000 0.930658937 -0.357357144 -0.145205915 0.038271133 -0.237693429 -0.109504186 0.964388967
1403715950334057984.000000 0.900106370 -0.367684662 -0.114081487 0.065528691 -0.244595468 -0.098525517 0.962378204
1403715950384058112.000000 0.871229827 -0.387451917 -0.089096382 0.087774344 -0.250165105 -0.087967023 0.960195243
1403715950434058240.000000 0.846746445 -0.396801829 -0.060647383 0.110790536 -0.254482538 -0.078203723 0.957521975
1403715950484058112.000000 0.814148247 -0.420849949 -0.040279385 0.129252419 -0.255559951 -0.070993982 0.955480456
1403715950534057984.000000 0.797807693 -0.447971821 -0.016802493 0.145072713 -0.255268931 -0.065262057 0.953694224
1403715950584058368.000000 0.771341205 -0.453984529 0.000086213 0.158553123 -0.254040539 -0.060702048 0.952176332
1403715950634057984.000000 0.759483337 -0.456730932 0.024562474 0.169549838 -0.256858170 -0.057002924 0.949751258
1403715950684058112.000000 0.741625190 -0.473060369 0.030125406 0.176738575 -0.257523179 -0.053207021 0.948480010
1403715950734058240.000000 0.723514318 -0.472065508 0.041809473 0.189300850 -0.257570237 -0.049322687 0.946250558
1403715950784058112.000000 0.702789903 -0.492137015 0.017861715 0.193793952 -0.254161477 -0.046166182 0.946421981
1403715950834057984.000000 0.696362078 -0.493816763 0.021470442 0.202658892 -0.257048190 -0.043214407 0.943921745
1403715950884058112.000000 0.699448407 -0.499688059 0.016640697 0.206369519 -0.260332972 -0.043097749 0.942221344
1403715950934058240.000000 0.696169317 -0.490366876 0.003773698 0.204173028 -0.261792392 -0.043772332 0.942264378
1403715950984058112.000000 0.702604413 -0.481595129 -0.025794242 0.186408594 -0.265791863 -0.042511005 0.944880605
1403715951034057984.000000 0.693199635 -0.479992926 -0.080747113 0.155703306 -0.262174070 -0.045524735 0.951287925
1403715951084058368.000000 0.676505387 -0.489843667 -0.145703778 0.119172104 -0.257142961 -0.050159212 0.957684517
1403715951134057984.000000 0.710294962 -0.461842179 -0.123128295 0.097592399 -0.268616587 -0.061362468 0.956323981
1403715951184058112.000000 0.708292305 -0.438245237 -0.164291739 0.068852492 -0.266250253 -0.072947197 0.958670378
1403715951234058240.000000 0.719734132 -0.439275503 -0.210919589 0.032217477 -0.268216759 -0.084496915 0.959104836
1403715951284058112.000000 0.745565653 -0.440114111 -0.242112398 -0.000150167 -0.275154471 -0.094138674 0.956780016
1403715951334057984.000000 0.749897003 -0.433170080 -0.283147454 -0.026963377 -0.277430117 -0.104593880 0.954654753
1403715951384058112.000000 0.753331661 -0.383961201 -0.323059678 -0.040922053 -0.281909078 -0.112747729 0.951914191
1403715951434058240.000000 0.753980458 -0.386092812 -0.357576370 -0.063154548 -0.285801768 -0.122426607 0.948335707
1403715951484058112.000000 0.780666530 -0.370555520 -0.392776757 -0.078930683 -0.290658295 -0.131676972 0.944430470
1403715951534057984.000000 0.769554138 -0.381023735 -0.423620492 -0.098457530 -0.295210272 -0.138092011 0.940259337
1403715951584058368.000000 0.768651843 -0.374522388 -0.448470294 -0.110654712 -0.300555140 -0.146243200 0.935967445
1403715951634057984.000000 0.760522962 -0.376714438 -0.467137992 -0.122658864 -0.306521833 -0.152364507 0.931549370
1403715951684058112.000000 0.758655012 -0.379409939 -0.482941121 -0.130178139 -0.313784033 -0.159181803 0.926959813
1403715951734058240.000000 0.745047092 -0.381834894 -0.493615031 -0.136187181 -0.320633441 -0.164259717 0.922857523
1403715951784058112.000000 0.728098512 -0.393028587 -0.502323031 -0.140919387 -0.327156067 -0.169742152 0.918857098
1403715951834057984.000000 0.709397197 -0.402946532 -0.507450342 -0.139779821 -0.335959435 -0.172119454 0.915405810
1403715951884058112.000000 0.680368423 -0.417107463 -0.507076025 -0.129149348 -0.344746083 -0.171814397 0.913756251
1403715951934058240.000000 0.657961071 -0.442692727 -0.501429200 -0.107337236 -0.358948797 -0.164848998 0.912392080
1403715951984058112.000000 0.638419986 -0.467499137 -0.487335145 -0.078195728 -0.375403166 -0.154772684 0.910496235
1403715952034057984.000000 0.612319469 -0.473454356 -0.473744631 -0.042977639 -0.390466481 -0.142446280 0.908514142
1403715952084058368.000000 0.573390365 -0.495376766 -0.449120551 -0.008900126 -0.405845106 -0.130914092 0.904473364
1403715952134057984.000000 0.524510264 -0.533752203 -0.432543099 0.019558461 -0.418336540 -0.121492647 0.899917603
1403715952184058112.000000 0.470237881 -0.564519107 -0.430014729 0.042500503 -0.427177608 -0.114696540 0.895855904
1403715952234058240.000000 0.409746230 -0.590182364 -0.449087083 0.062532187 -0.431671888 -0.109778151 0.893139303
1403715952284058112.000000 0.392973155 -0.623428643 -0.412884206 0.078553386 -0.446596950 -0.106667660 0.884874344
1403715952334057984.000000 0.349687129 -0.616171002 -0.419161379 0.096578300 -0.450933188 -0.099978581 0.881666660
1403715952384058112.000000 0.314020872 -0.647177756 -0.437374234 0.105181523 -0.452050239 -0.098072343 0.880323470
1403715952434058240.000000 0.326808363 -0.672754586 -0.360760391 0.116656773 -0.471069545 -0.092105947 0.869483352
1403715952484058112.000000 0.303321272 -0.680699885 -0.352326453 0.127036348 -0.476533353 -0.088595293 0.865406632
1403715952534057984.000000 0.288428247 -0.686003983 -0.351567268 0.136603162 -0.480741113 -0.087145329 0.861761808
1403715952584058368.000000 0.302546173 -0.696212590 -0.321284533 0.145793661 -0.493039131 -0.084520757 0.853529692
1403715952634057984.000000 0.294584006 -0.709179878 -0.323889315 0.154107705 -0.498129964 -0.080895230 0.849454701
1403715952684058112.000000 0.289021462 -0.716547906 -0.334804624 0.166049570 -0.501067877 -0.076640151 0.845863342
1403715952734058240.000000 0.294047236 -0.757676363 -0.330494195 0.173999071 -0.507202387 -0.073561400 0.840867877
1403715952784058112.000000 0.312468886 -0.760515153 -0.319673866 0.187594220 -0.513731956 -0.064835511 0.834676206
1403715952834057984.000000 0.328750134 -0.748977423 -0.333937675 0.200785100 -0.513314545 -0.058414571 0.832334876
1403715952884058112.000000 0.358446449 -0.757755041 -0.331238478 0.196252123 -0.516486883 -0.062946841 0.831122220
1403715952934058240.000000 0.393450588 -0.746496439 -0.332808256 0.178563610 -0.517644525 -0.074890196 0.833397150
1403715952984058112.000000 0.431663126 -0.742582321 -0.337824553 0.149904683 -0.517664731 -0.094424605 0.837039888
1403715953034057984.000000 0.470640123 -0.747435927 -0.361064255 0.116696261 -0.515303910 -0.115505770 0.841131568
1403715953084058368.000000 0.538204551 -0.743777692 -0.359566331 0.080814101 -0.516200483 -0.138251647 0.841363549
1403715953134057984.000000 0.585591912 -0.722086549 -0.375579685 0.049076356 -0.511622369 -0.158909976 0.842960060
1403715953184058112.000000 0.631132364 -0.711274266 -0.398187310 0.016270319 -0.505438209 -0.178944722 0.843946934
1403715953234058240.000000 0.664435983 -0.690010726 -0.419094950 -0.009449893 -0.498591781 -0.194151521 0.844761610
1403715953284058112.000000 0.707412541 -0.681674540 -0.437969983 -0.031201564 -0.493321061 -0.208247572 0.843975008
1403715953334057984.000000 0.759697914 -0.666460752 -0.427216589 -0.047486980 -0.493203670 -0.218628258 0.840652645
1403715953384058112.000000 0.791091204 -0.683498025 -0.446675867 -0.070505373 -0.489989519 -0.231866315 0.837363303
1403715953434058240.000000 0.831451893 -0.663908839 -0.447971642 -0.084333949 -0.490355372 -0.240420401 0.833449185
1403715953484058112.000000 0.857581615 -0.648290217 -0.456160426 -0.096917473 -0.490343183 -0.249900982 0.829288960
1403715953534057984.000000 0.884284377 -0.638324201 -0.452963710 -0.107724868 -0.493266761 -0.259460986 0.823263884
1403715953584058368.000000 0.902851343 -0.626364708 -0.454365671 -0.116285056 -0.496721238 -0.269055367 0.816918015
1403715953634057984.000000 0.919367135 -0.622202814 -0.451015949 -0.123309813 -0.502071083 -0.278546929 0.809401631
1403715953684058112.000000 0.927181482 -0.613742471 -0.441758335 -0.128024340 -0.508007526 -0.287089378 0.801946282
1403715953734058240.000000 0.937524915 -0.612213612 -0.427305818 -0.132561848 -0.515850186 -0.294761866 0.793373466
1403715953784058112.000000 0.931035280 -0.607385218 -0.415581822 -0.130890489 -0.519228041 -0.302521646 0.788511634
1403715953834057984.000000 0.915037215 -0.608108997 -0.402139187 -0.124686390 -0.524249554 -0.309747487 0.783372343
1403715953884058112.000000 0.894846082 -0.611525714 -0.392400265 -0.109380431 -0.528723955 -0.316834301 0.779809594
1403715953934058240.000000 0.866397381 -0.615519881 -0.377790272 -0.085686728 -0.534276843 -0.323797554 0.776119411
1403715953984058112.000000 0.827724040 -0.629241228 -0.370672703 -0.051332936 -0.538861394 -0.330542445 0.773133278
1403715954034057984.000000 0.786575079 -0.622545242 -0.344257176 -0.012543921 -0.545779705 -0.329184115 0.770457685
1403715954084058368.000000 0.740876913 -0.624336481 -0.335298449 0.021309830 -0.552191317 -0.322492242 0.768524230
1403715954134057984.000000 0.704256356 -0.636120319 -0.296024859 0.051825222 -0.564313233 -0.309325039 0.763664067
1403715954184058112.000000 0.650003672 -0.620437264 -0.304649293 0.081877358 -0.568845212 -0.290299833 0.765138745
1403715954234058240.000000 0.603400767 -0.614592016 -0.283844739 0.105191782 -0.578302920 -0.267960846 0.763346255
1403715954284058112.000000 0.545595586 -0.636271715 -0.289997160 0.119509451 -0.585246861 -0.252692491 0.761150599
1403715954334057984.000000 0.479481190 -0.644330382 -0.308669031 0.128274962 -0.589483380 -0.232142225 0.762997329
1403715954384058112.000000 0.436629087 -0.639779150 -0.312615633 0.134632364 -0.597936749 -0.206256717 0.762760818
1403715954434058240.000000 0.396086633 -0.642940164 -0.311833143 0.139746249 -0.607412577 -0.181577906 0.760625005
1403715954484058112.000000 0.359414428 -0.632288337 -0.319310427 0.148434192 -0.613813519 -0.157375485 0.759231985
1403715954534057984.000000 0.329366595 -0.637192965 -0.317336231 0.157570198 -0.620577514 -0.138998389 0.755469859
1403715954584058368.000000 0.299117088 -0.633881390 -0.321249932 0.170193225 -0.625647485 -0.123618692 0.751210928
1403715954634057984.000000 0.273805320 -0.617923915 -0.342207611 0.179964766 -0.626529574 -0.109614529 0.750371933
1403715954684058112.000000 0.264981121 -0.621558309 -0.346973777 0.185882270 -0.631041944 -0.100232095 0.746449888
1403715954734058240.000000 0.258554727 -0.609220386 -0.360374570 0.188086346 -0.631721258 -0.097271450 0.745714486
1403715954784058112.000000 0.260741025 -0.600307703 -0.363964677 0.184728861 -0.633514047 -0.100185350 0.744646370
1403715954834057984.000000 0.270739466 -0.591011405 -0.368282616 0.175300941 -0.634486318 -0.108818896 0.744886041
1403715954884058112.000000 0.273282230 -0.571724713 -0.411599398 0.163378835 -0.627694249 -0.119774260 0.751639187
1403715954934058240.000000 0.297443241 -0.563439310 -0.425176263 0.144456506 -0.625456631 -0.135323346 0.754734337
1403715954984058112.000000 0.324241310 -0.554296196 -0.438162327 0.123987623 -0.621449172 -0.155253991 0.757841885
1403715955034057984.000000 0.355120480 -0.541856289 -0.453985274 0.103498891 -0.617498696 -0.171528578 0.760632157
1403715955084058368.000000 0.389822900 -0.520283222 -0.472202778 0.083552241 -0.612398803 -0.186098114 0.763776302
1403715955134057984.000000 0.431068182 -0.517783642 -0.489329606 0.058144595 -0.608343005 -0.201783508 0.765389800
1403715955184058112.000000 0.449968010 -0.498152107 -0.538424730 0.033136230 -0.598063350 -0.216381639 0.770974219
1403715955234058240.000000 0.476946205 -0.488347352 -0.569289565 0.006185068 -0.590318978 -0.230444074 0.773550689
1403715955284058112.000000 0.516438484 -0.463207722 -0.583771646 -0.013632575 -0.585704386 -0.239687771 0.774154007
1403715955334057984.000000 0.539680004 -0.441609442 -0.610405564 -0.029262591 -0.578121185 -0.250724822 0.775923133
1403715955384058112.000000 0.573396683 -0.429701686 -0.621024966 -0.044591416 -0.574564278 -0.258719832 0.775210738
1403715955434058240.000000 0.609686673 -0.414242417 -0.627724230 -0.056425940 -0.572303295 -0.265663892 0.773762107
1403715955484058112.000000 0.650366783 -0.425148427 -0.621924520 -0.073754832 -0.572326720 -0.273499817 0.769545555
1403715955534057984.000000 0.657539129 -0.408164203 -0.659711361 -0.089393556 -0.567752779 -0.278609574 0.769442916
1403715955584058368.000000 0.668738008 -0.411393076 -0.676704764 -0.106334478 -0.566773355 -0.284047753 0.766014218
1403715955634057984.000000 0.676242590 -0.410616189 -0.690869749 -0.118749268 -0.567274630 -0.289595187 0.761730194
1403715955684058112.000000 0.676531076 -0.413620889 -0.701136470 -0.126390457 -0.569430709 -0.295572102 0.756578743
1403715955734058240.000000 0.665445745 -0.406532168 -0.716110468 -0.120863311 -0.573800027 -0.300514936 0.752221048
1403715955784058112.000000 0.660399854 -0.405867547 -0.713544250 -0.102573402 -0.586421788 -0.298671603 0.745911241
1403715955834057984.000000 0.651656032 -0.410638243 -0.701724052 -0.074901648 -0.605464876 -0.286562890 0.738704205
1403715955884058112.000000 0.621858001 -0.424370706 -0.721223831 -0.048471443 -0.619704425 -0.273033887 0.734213531
1403715955934058240.000000 0.600589871 -0.428854525 -0.716796815 -0.020349337 -0.638599694 -0.256655842 0.725192487
1403715955984058112.000000 0.546504676 -0.446234733 -0.733098149 0.006106897 -0.653736830 -0.244287387 0.716180563
1403715956034057984.000000 0.513728201 -0.463472724 -0.743441761 0.035389110 -0.668910801 -0.234400377 0.704530001
1403715956084058368.000000 0.492496938 -0.459202409 -0.743207812 0.064866044 -0.683816314 -0.222629905 0.691826344
1403715956134057984.000000 0.460019797 -0.465688467 -0.740244210 0.085027389 -0.698221028 -0.215929508 0.677223980
1403715956184058112.000000 0.432992697 -0.485053480 -0.759677827 0.102008075 -0.708227456 -0.215355739 0.664552629
1403715956234058240.000000 0.409429312 -0.486488342 -0.762582660 0.116134778 -0.720449150 -0.212503627 0.649852335
1403715956284058112.000000 0.393442929 -0.486791611 -0.767600656 0.124818318 -0.731592536 -0.211695731 0.635907054
1403715956334057984.000000 0.385523379 -0.495923489 -0.784262300 0.131603420 -0.742570877 -0.209579632 0.622370899
1403715956384058112.000000 0.357421726 -0.508060813 -0.797691643 0.138386443 -0.755577326 -0.206188694 0.606167018
1403715956434058240.000000 0.356411457 -0.513468206 -0.795978546 0.147387415 -0.771100640 -0.192572564 0.588724613
1403715956484058112.000000 0.350256920 -0.517537773 -0.809411168 0.157245874 -0.784527361 -0.179518506 0.572331905
1403715956534057984.000000 0.355249047 -0.527284384 -0.812871575 0.163837925 -0.797045708 -0.169448227 0.556023955
1403715956584058368.000000 0.363827229 -0.542425990 -0.828689039 0.167150110 -0.806492686 -0.163602039 0.543014526
1403715956634057984.000000 0.381683588 -0.548456967 -0.836487293 0.167717546 -0.814743876 -0.157740220 0.532147884
1403715956684058112.000000 0.404213905 -0.556289077 -0.838752687 0.163504213 -0.819489002 -0.160742298 0.525229633
1403715956734058240.000000 0.437892318 -0.564516723 -0.843453228 0.153113410 -0.822557747 -0.168714717 0.521047413
1403715956784058112.000000 0.471891820 -0.583341837 -0.845161676 0.138679877 -0.824233055 -0.182565957 0.517761946
1403715956834057984.000000 0.510686815 -0.591633141 -0.843045890 0.123622678 -0.824405015 -0.195970073 0.516400695
1403715956884058112.000000 0.551808596 -0.598675132 -0.836990833 0.107263170 -0.822754502 -0.212412342 0.516188622
1403715956934058240.000000 0.597187221 -0.612656355 -0.839777410 0.089555010 -0.818490982 -0.232041791 0.517889082
1403715956984058112.000000 0.646077156 -0.619526088 -0.833003938 0.072160006 -0.812878251 -0.253442377 0.519412041
1403715957034057984.000000 0.700978994 -0.612979949 -0.822075307 0.058337212 -0.805771351 -0.273648798 0.521963358
1403715957084058368.000000 0.751133084 -0.612736344 -0.813649535 0.045400247 -0.798538804 -0.292860001 0.523934782
1403715957134057984.000000 0.801025271 -0.617717028 -0.807946146 0.029820330 -0.790799975 -0.311349243 0.526125431
1403715957184058112.000000 0.851455450 -0.629243076 -0.806599617 0.013540070 -0.782459736 -0.330171883 0.527787924
1403715957234058240.000000 0.896135867 -0.621775150 -0.796962738 -0.000910741 -0.774638414 -0.346566111 0.528986335
1403715957284058112.000000 0.951985121 -0.616909146 -0.786673725 -0.018059675 -0.766620874 -0.361760259 0.530184805
1403715957334057984.000000 0.993499458 -0.614345908 -0.779999733 -0.035311103 -0.757275224 -0.379230499 0.530539036
1403715957384058112.000000 1.039936423 -0.593550146 -0.772994101 -0.047600016 -0.748181522 -0.393826246 0.531845450
1403715957434058240.000000 1.069645643 -0.587025702 -0.765189052 -0.060162622 -0.739726722 -0.408379018 0.531424105
1403715957484058112.000000 1.101682544 -0.572889686 -0.762069821 -0.070640281 -0.731162727 -0.421478122 0.531758726
1403715957534057984.000000 1.127145767 -0.546161175 -0.749083519 -0.076789677 -0.725862503 -0.429987162 0.531354904
1403715957584058368.000000 1.132954001 -0.536642432 -0.742323875 -0.083773255 -0.720032454 -0.440958351 0.529236317
1403715957634057984.000000 1.158623934 -0.517718196 -0.772428989 -0.089077890 -0.712226927 -0.449237674 0.531961918
1403715957684058112.000000 1.157054424 -0.491125584 -0.773246527 -0.087523706 -0.710993648 -0.452805787 0.530843437
1403715957734058240.000000 1.147436142 -0.473145217 -0.781641245 -0.081140116 -0.713486075 -0.450524330 0.530454278
1403715957784058112.000000 1.125033975 -0.467932612 -0.798621416 -0.072065227 -0.720230162 -0.441783309 0.530002475
1403715957834057984.000000 1.114196658 -0.442373812 -0.813936174 -0.052648533 -0.733381748 -0.419975460 0.531977475
1403715957884058112.000000 1.078124881 -0.427670240 -0.834069133 -0.034590323 -0.749286711 -0.394300252 0.530942738
1403715957934058240.000000 1.039166689 -0.409131080 -0.846071839 -0.013106359 -0.766890109 -0.366969466 0.526347160
1403715957984058112.000000 1.005932570 -0.388132125 -0.872256994 0.008843772 -0.782370269 -0.339872628 0.521828711
1403715958034057984.000000 0.952143371 -0.385206848 -0.888944983 0.025664095 -0.798418641 -0.314590633 0.512739420
1403715958084058368.000000 0.925405145 -0.351921916 -0.914981782 0.049436208 -0.812545180 -0.287306935 0.504758537
1403715958134057984.000000 0.877763212 -0.352443188 -0.941723704 0.062138900 -0.825113535 -0.267034918 0.493982613
1403715958184058112.000000 0.862542868 -0.331764221 -0.977799356 0.078098536 -0.835171521 -0.244576201 0.486386359
1403715958234058240.000000 0.833361804 -0.301632941 -1.007281780 0.090785913 -0.845043898 -0.225461245 0.476262480
1403715958284058112.000000 0.809820294 -0.283887267 -1.030838013 0.101401940 -0.853311777 -0.211748943 0.465552390
1403715958334057984.000000 0.786820292 -0.273295224 -1.055017829 0.108719103 -0.860907793 -0.200254783 0.454880267
1403715958384058112.000000 0.771446228 -0.251991808 -1.076644540 0.117462113 -0.867687762 -0.188459724 0.444751084
1403715958434058240.000000 0.750698447 -0.246066570 -1.088825107 0.121295244 -0.876547933 -0.174336866 0.431923479
1403715958484058112.000000 0.751062989 -0.222893804 -1.103848457 0.129150331 -0.883494020 -0.160016477 0.420895725
1403715958534057984.000000 0.751419425 -0.206404775 -1.109351039 0.130885273 -0.890349090 -0.150259241 0.409352869
1403715958584058368.000000 0.749297142 -0.199144632 -1.109422922 0.126904532 -0.896364868 -0.149004072 0.397772670
1403715958634057984.000000 0.773354650 -0.181801111 -1.119060040 0.120711677 -0.900275230 -0.150902897 0.390078813
1403715958684058112.000000 0.783079863 -0.176540494 -1.106992483 0.108778641 -0.905539751 -0.157359913 0.378685683
1403715958734058240.000000 0.805526972 -0.182338774 -1.102291107 0.094679974 -0.908804655 -0.170941517 0.368630975
1403715958784058112.000000 0.830251575 -0.194239914 -1.094133139 0.076888397 -0.910616338 -0.190496892 0.358576477
1403715958834057984.000000 0.841270566 -0.193223447 -1.068514228 0.054462492 -0.913162231 -0.209333241 0.345468134
1403715958884058112.000000 0.874753118 -0.194261670 -1.052137256 0.031342831 -0.912441373 -0.231700644 0.335832238
1403715958934058240.000000 0.933502078 -0.142552823 -1.036208153 0.014184639 -0.911186099 -0.245957419 0.330217749
1403715958984058112.000000 0.962016821 -0.139806777 -1.006925344 -0.004212254 -0.909527421 -0.266608864 0.318844587
1403715959034057984.000000 0.980520368 -0.159440190 -0.977288902 -0.020119969 -0.904735208 -0.295110971 0.306527346
1403715959084058368.000000 1.018093944 -0.160281673 -0.952709675 -0.026194913 -0.899573267 -0.319269419 0.296898544
1403715959134057984.000000 1.049339056 -0.148011073 -0.910491049 -0.024685334 -0.895902693 -0.339086771 0.285953254
1403715959184058112.000000 1.074669957 -0.141093776 -0.876765013 -0.017300336 -0.891782939 -0.359095335 0.274726391
1403715959234058240.000000 1.093534946 -0.142979622 -0.843538404 -0.010477625 -0.887515306 -0.378247857 0.262936175
1403715959284058112.000000 1.117755294 -0.147526577 -0.813628733 -0.004996966 -0.881989181 -0.398220927 0.251972675
1403715959334057984.000000 1.152991176 -0.136155933 -0.787280202 -0.000908142 -0.874222159 -0.420130044 0.243363172
1403715959384058112.000000 1.165947676 -0.133972794 -0.756315291 -0.002322318 -0.865830243 -0.442459077 0.233586654
1403715959434058240.000000 1.175127268 -0.140861452 -0.731766641 -0.003077831 -0.857284546 -0.463042557 0.225045338
1403715959484058112.000000 1.197832108 -0.129357561 -0.716487408 -0.002483422 -0.849744797 -0.478757977 0.220722720
1403715959534057984.000000 1.205709219 -0.127966046 -0.705922782 -0.004961715 -0.843088031 -0.492693305 0.215479448
1403715959584058368.000000 1.209065437 -0.124989912 -0.701486886 -0.002150772 -0.839019477 -0.502705336 0.208156154
1403715959634057984.000000 1.213870168 -0.124374270 -0.704251111 0.000820458 -0.838186502 -0.506641030 0.201885208
1403715959684058112.000000 1.214161396 -0.118780471 -0.716410756 0.005996939 -0.842570007 -0.501974940 0.195092350
1403715959734058240.000000 1.213855028 -0.118848458 -0.737569332 0.012291933 -0.852775335 -0.487333506 0.187428176
1403715959784058112.000000 1.199853897 -0.112468675 -0.764615417 0.015285406 -0.869629502 -0.459937036 0.178798273
1403715959834057984.000000 1.191552281 -0.111780822 -0.796909034 0.019952664 -0.886283219 -0.430095971 0.170650318
1403715959884058112.000000 1.179545283 -0.110437095 -0.824854970 0.025377996 -0.903348207 -0.396433622 0.161735773
1403715959934058240.000000 1.168826938 -0.109523207 -0.873980820 0.031623218 -0.918505609 -0.362360060 0.155057207
1403715959984058112.000000 1.169337988 -0.106016725 -0.928077400 0.038982827 -0.931275129 -0.329595119 0.150246724
1403715960034057984.000000 1.158787131 -0.103461891 -0.954779506 0.044932459 -0.942828000 -0.297327131 0.143711835
1403715960084058368.000000 1.149010777 -0.089504004 -0.986132681 0.048646852 -0.952230215 -0.267779559 0.138510823
1403715960134057984.000000 1.147236586 -0.090450704 -1.019320965 0.053670254 -0.957942545 -0.247207567 0.135477677
1403715960184058112.000000 1.148765683 -0.074933499 -1.053948283 0.059719700 -0.962842166 -0.226869032 0.133786976
1403715960234058240.000000 1.142422438 -0.080846071 -1.077940702 0.061933126 -0.966760039 -0.210427985 0.131374821
1403715960284058112.000000 1.141175389 -0.074924767 -1.096180677 0.065576173 -0.969643176 -0.196492553 0.129932761
1403715960334057984.000000 1.139991283 -0.085424483 -1.106366873 0.069126725 -0.971891284 -0.184823945 0.128409669
1403715960384058112.000000 1.145767331 -0.088118970 -1.118723869 0.072225876 -0.973936439 -0.172708571 0.128073990
1403715960434058240.000000 1.152779102 -0.107133180 -1.120186090 0.072506510 -0.975495994 -0.164039791 0.127441749
1403715960484058112.000000 1.155898094 -0.115308732 -1.112378359 0.073217176 -0.975887239 -0.161775023 0.126934111
1403715960534057984.000000 1.157337427 -0.129473269 -1.092862248 0.072310112 -0.974730134 -0.169225335 0.126630113
1403715960584058368.000000 1.176602483 -0.134660780 -1.074473262 0.072022967 -0.970717728 -0.188734144 0.129997090
1403715960634057984.000000 1.186350942 -0.141125798 -1.050862670 0.068353474 -0.964716375 -0.216655836 0.133080930
1403715960684058112.000000 1.201135516 -0.161529064 -1.024235368 0.063339882 -0.957260549 -0.247326210 0.135904938
1403715960734058240.000000 1.222785115 -0.178744048 -0.986630201 0.063502960 -0.948781013 -0.276872516 0.138288617
1403715960784058112.000000 1.249959469 -0.193536043 -0.958365083 0.059912521 -0.938572645 -0.308105230 0.143398747
1403715960834057984.000000 1.268363953 -0.202542633 -0.920990169 0.055767149 -0.925363600 -0.344976902 0.146912143
1403715960884058112.000000 1.275596738 -0.222642154 -0.874369621 0.052562792 -0.912024617 -0.379042357 0.147564217
1403715960934058240.000000 1.304315925 -0.237753928 -0.837585568 0.048128806 -0.897586226 -0.411180466 0.151503384
1403715960984058112.000000 1.325462699 -0.256542563 -0.803650856 0.045690954 -0.885651827 -0.435682595 0.153993398
1403715961034057984.000000 1.347134590 -0.269091129 -0.781405210 0.043386441 -0.873773277 -0.458222389 0.157067388
1403715961084058368.000000 1.365080714 -0.284224510 -0.756000519 0.040088031 -0.863106906 -0.477718085 0.158823550
1403715961134057984.000000 1.388888121 -0.312484026 -0.733826399 0.036293671 -0.851487458 -0.497848421 0.160620242
1403715961184058112.000000 1.408664107 -0.332421273 -0.719045520 0.030709235 -0.841382504 -0.514456749 0.162686080
1403715961234058240.000000 1.425207376 -0.331575483 -0.713771582 0.022642098 -0.835772276 -0.522934198 0.165867090
1403715961284058112.000000 1.442739487 -0.346461803 -0.721605003 0.013847709 -0.833365619 -0.526191354 0.168620020
1403715961334057984.000000 1.459499598 -0.354327142 -0.734532714 0.006533323 -0.838346720 -0.517951906 0.169876173
1403715961384058112.000000 1.466072083 -0.360931724 -0.753500819 -0.001219526 -0.848287702 -0.502111852 0.168196753
1403715961434058240.000000 1.469828606 -0.362615973 -0.781490743 -0.005633460 -0.860556006 -0.481888294 0.164910272
1403715961484058112.000000 1.480016708 -0.368923843 -0.815958619 -0.005155916 -0.873707891 -0.459894508 0.158445776
1403715961534057984.000000 1.485341549 -0.374463946 -0.856056929 -0.004006165 -0.887157917 -0.436253786 0.150390998
1403715961584058368.000000 1.480631709 -0.368906438 -0.887336910 -0.000211835 -0.901595473 -0.409765869 0.138627276
1403715961634057984.000000 1.481996417 -0.368905544 -0.942067742 0.005371319 -0.913890600 -0.385467887 0.127238765
1403715961684058112.000000 1.492274880 -0.376295745 -0.985504031 0.011895876 -0.925851047 -0.359975666 0.114349745
1403715961734058240.000000 1.495842338 -0.385158837 -1.034759164 0.022189487 -0.935890973 -0.336813182 0.100859500
1403715961784058112.000000 1.492159605 -0.381944388 -1.065759897 0.031409953 -0.946154058 -0.310151547 0.087247044
1403715961834057984.000000 1.481946349 -0.371052027 -1.106575251 0.038100313 -0.954466164 -0.286428452 0.074172333
1403715961884058112.000000 1.494016409 -0.387122869 -1.155563712 0.045546498 -0.959977984 -0.268897116 0.063735157
1403715961934058240.000000 1.484701991 -0.383706391 -1.179418206 0.050686505 -0.965247393 -0.250920743 0.052604359
1403715961984058112.000000 1.479391098 -0.382337034 -1.204548717 0.053338367 -0.971228361 -0.228319958 0.041720476
1403715962034057984.000000 1.494287610 -0.383497357 -1.237289429 0.054471597 -0.976557970 -0.205579937 0.033230793
1403715962084058368.000000 1.501251817 -0.375584841 -1.260650158 0.051807903 -0.981878221 -0.180780202 0.023443978
1403715962134057984.000000 1.495793343 -0.364789367 -1.262349129 -0.048554879 0.985734880 0.160719916 -0.011764092
1403715962184058112.000000 1.498686314 -0.355564594 -1.264799476 -0.045680806 0.987988055 0.147621438 -0.000885859
1403715962234058240.000000 1.500631094 -0.373833001 -1.265891671 -0.041722149 0.988124788 0.147506148 0.010516499
1403715962284058112.000000 1.505576491 -0.371486694 -1.252392650 -0.035884537 0.987760961 0.150313705 0.021131471
1403715962334057984.000000 1.514287353 -0.379409820 -1.235157490 -0.027310578 0.986140609 0.160712495 0.030861052
1403715962384058112.000000 1.513306379 -0.377641439 -1.201579928 -0.017050613 0.984213769 0.171481267 0.040333688
1403715962434058240.000000 1.515879035 -0.383062452 -1.166284323 -0.006052677 0.980988383 0.187668577 0.049047757
1403715962484058112.000000 1.520432115 -0.370102078 -1.109858513 0.006485434 0.977412343 0.203111351 0.058041584
1403715962534057984.000000 1.524463773 -0.367778987 -1.059288621 0.020019794 0.971846461 0.225384712 0.065691955
1403715962584058368.000000 1.507205963 -0.385919064 -1.014947295 0.034137174 0.962411225 0.258051544 0.077515610
1403715962634057984.000000 1.507533193 -0.389038086 -0.957559586 0.046295028 0.953625977 0.285144717 0.084538445
1403715962684058112.000000 1.504702806 -0.397883326 -0.902676344 0.055929575 0.944798172 0.309483469 0.091914535
1403715962734058240.000000 1.485725880 -0.407663971 -0.845469058 0.064557008 0.935798466 0.331663847 0.100562707
1403715962784058112.000000 1.478119254 -0.403721213 -0.785479546 0.067739457 0.927203059 0.352330059 0.107561342
1403715962834057984.000000 1.463839769 -0.398951352 -0.726142347 0.064346507 0.919081926 0.371277481 0.115330100
1403715962884058112.000000 1.443063378 -0.407097936 -0.671215117 0.058434408 0.910644531 0.390043259 0.123200372
1403715962934058240.000000 1.416462779 -0.392785788 -0.608848989 0.042868927 0.902513325 0.407250822 0.133337259
1403715962984058112.000000 1.392605662 -0.382972121 -0.552236021 0.018696725 0.893581212 0.425014943 0.143266663
1403715963034057984.000000 1.367452264 -0.367077351 -0.491933465 -0.002613023 0.883577168 0.442707896 0.152625203
1403715963084058368.000000 1.341409087 -0.364914238 -0.433994949 -0.020976458 0.871458411 0.462453961 0.162038833
1403715963134057984.000000 1.313653708 -0.344923496 -0.377760589 -0.035139699 0.860015571 0.479154199 0.171900511
1403715963184058112.000000 1.286909580 -0.323203862 -0.333988011 -0.046024080 0.847510695 0.496510416 0.181892306
1403715963234058240.000000 1.262546778 -0.300131202 -0.292027652 -0.055195119 0.836325645 0.510340750 0.192523524
1403715963284058112.000000 1.240097046 -0.270241380 -0.253647447 -0.060843214 0.825787783 0.522748113 0.202748686
1403715963334057984.000000 1.224300385 -0.242198586 -0.223949015 -0.066521049 0.818406284 0.529161394 0.213949725
1403715963384058112.000000 1.205570102 -0.201938152 -0.195698380 -0.065078676 0.820665658 0.520156026 0.227399200
1403715963434058240.000000 1.195866227 -0.171033442 -0.181512535 -0.063262850 0.831305504 0.496108025 0.242499098
1403715963484058112.000000 1.190250158 -0.133909047 -0.168457508 -0.057788022 0.845790267 0.463782936 0.257302910
1403715963534057984.000000 1.184787273 -0.096147239 -0.163340509 -0.050371692 0.861383796 0.425019711 0.273567200
1403715963584058368.000000 1.186332226 -0.066772640 -0.162771702 -0.042035922 0.872678041 0.392741799 0.287088722
1403715963634057984.000000 1.183925748 -0.034332097 -0.161387205 -0.035355035 0.881591439 0.361877441 0.300983995
1403715963684058112.000000 1.182696342 0.003661394 -0.160535336 -0.030014850 0.887759030 0.336416155 0.312741339
1403715963734058240.000000 1.182113767 0.033973455 -0.158085585 -0.025913812 0.891209781 0.317335308 0.323066473
1403715963784058112.000000 1.183354378 0.058139384 -0.158362627 -0.022291565 0.891704381 0.306827962 0.331998587
1403715963834057984.000000 1.184105277 0.081845105 -0.157318115 -0.018274559 0.891354442 0.299759179 0.339555323
1403715963884058112.000000 1.181481004 0.101630598 -0.154924750 -0.015623607 0.889903724 0.297226071 0.345664501
1403715963934058240.000000 1.178740621 0.119697362 -0.152252555 -0.015064246 0.886895895 0.300081164 0.350913286
1403715963984058112.000000 1.175677061 0.133148074 -0.150725245 -0.012733169 0.882716954 0.307552457 0.355049551
1403715964034057984.000000 1.171775103 0.144521177 -0.146203160 -0.017918155 0.878437102 0.315106869 0.358796358
1403715964084058368.000000 1.166830063 0.159342974 -0.136983275 -0.028262151 0.871583998 0.329771847 0.361653388
1403715964134057984.000000 1.163204789 0.168377131 -0.128719687 -0.047486749 0.864854038 0.342574328 0.363889247
1403715964184058112.000000 1.160706520 0.168287218 -0.128562570 -0.058645736 0.857293189 0.356815726 0.366458178
1403715964234058240.000000 1.161925673 0.165227234 -0.127377152 -0.064566903 0.853850663 0.362913638 0.367510498
1403715964284058112.000000 1.164654136 0.158639491 -0.131355524 -0.056593221 0.854059875 0.362751484 0.368497521
1403715964334057984.000000 1.170912623 0.149008572 -0.136281848 -0.050174616 0.855310917 0.360079557 0.369145572
1403715964384058112.000000 1.176893711 0.136941910 -0.141159058 -0.041596510 0.857600987 0.354909033 0.369905323
1403715964434058240.000000 1.185049295 0.127440989 -0.145731091 -0.036038704 0.858760476 0.352668107 0.369941682
1403715964484058112.000000 1.193739653 0.111605048 -0.152395844 -0.034338769 0.859117389 0.351468086 0.370416433
1403715964534057984.000000 1.202994227 0.105323136 -0.156919360 -0.034871459 0.860488415 0.347356558 0.371062189
1403715964584058368.000000 1.213089943 0.096913934 -0.162333846 -0.035198115 0.860294521 0.347804934 0.371061057
1403715964634057984.000000 1.225843191 0.087348878 -0.168979883 -0.031126050 0.860679150 0.347252280 0.371050447
1403715964684058112.000000 1.238563418 0.077636003 -0.175394297 -0.023207314 0.861168027 0.346795171 0.370923400
1403715964734058240.000000 1.253412485 0.062524319 -0.183103204 -0.015560782 0.861907125 0.346034288 0.370316595
1403715964784058112.000000 1.266106963 0.047784746 -0.192350864 -0.003490156 0.862816274 0.343963593 0.370439082
1403715964834057984.000000 1.278325081 0.029850602 -0.202548504 0.009132828 0.863431931 0.341327816 0.371345311
1403715964884058112.000000 1.290159225 0.013669431 -0.215430617 0.018847171 0.865058482 0.335416347 0.372578293
1403715964934058240.000000 1.299108386 -0.001839876 -0.224633336 0.023606895 0.867359638 0.327376544 0.374105245
1403715964984058112.000000 1.307702065 -0.017031193 -0.235935092 0.028474698 0.869350314 0.319325000 0.376099646
1403715965034057984.000000 1.314455748 -0.029070735 -0.244764686 0.030485049 0.872282267 0.308143049 0.378473610
1403715965084058368.000000 1.321182370 -0.040947735 -0.251846910 0.032222342 0.875473857 0.296067208 0.380593807
1403715965134057984.000000 1.322873116 -0.048965693 -0.259230256 0.034824092 0.878255427 0.284693867 0.382627875
1403715965184058112.000000 1.324305415 -0.052620471 -0.264067769 0.026949255 0.876989484 0.286363572 0.384914517
1403715965234058240.000000 1.321504235 -0.056499422 -0.264780521 0.012611592 0.871828020 0.300091743 0.386913300
1403715965284058112.000000 1.318984151 -0.058563828 -0.263158917 -0.006144225 0.864526212 0.319866478 0.387610823
1403715965334057984.000000 1.314521551 -0.056590676 -0.260524392 -0.024800137 0.854466498 0.345459759 0.387207448
1403715965384058112.000000 1.307469964 -0.062695920 -0.266914487 -0.040685400 0.841540396 0.375098437 0.386594921
1403715965434058240.000000 1.307742238 -0.066922784 -0.265768170 -0.054990061 0.830833077 0.399911821 0.383096755
1403715965484058112.000000 1.307661653 -0.069653809 -0.268079638 -0.067240298 0.821567118 0.419951648 0.379666835
1403715965534057984.000000 1.307756305 -0.074663460 -0.278101802 -0.076202929 0.814125299 0.434877127 0.377193570
1403715965584058368.000000 1.312891006 -0.076951563 -0.288272738 -0.081911393 0.810142994 0.443132877 0.374956220
1403715965634057984.000000 1.321843505 -0.079986691 -0.305420041 -0.082360931 0.811229408 0.441598296 0.374318838
1403715965684058112.000000 1.338443041 -0.088962078 -0.323040366 -0.078262858 0.819916308 0.426095963 0.374238402
1403715965734058240.000000 1.358098865 -0.091902435 -0.343302488 -0.068365291 0.833154440 0.400135636 0.375594676
1403715965784058112.000000 1.376357436 -0.095006526 -0.363469005 -0.054948289 0.846961081 0.370100409 0.377708048
1403715965834057984.000000 1.394179225 -0.098886430 -0.389832258 -0.036716919 0.860348582 0.338389665 0.379400432
1403715965884058112.000000 1.418288231 -0.102812648 -0.412862539 -0.022735883 0.871554196 0.308733791 0.380210310
1403715965934058240.000000 1.437301517 -0.111805618 -0.440532446 -0.007925588 0.880051136 0.283046573 0.381224185
1403715965984058112.000000 1.454360485 -0.113703072 -0.460219979 0.001063474 0.886872828 0.259969145 0.381931305
1403715966034057984.000000 1.474642396 -0.122297764 -0.477094889 0.008449220 0.891260386 0.244240463 0.382008135
1403715966084058368.000000 1.493444443 -0.129887462 -0.493263006 0.016406633 0.896065533 0.224462628 0.382640719
1403715966134057984.000000 1.505612373 -0.137486637 -0.502505064 0.027277783 0.900532186 0.203814700 0.383089215
1403715966184058112.000000 1.512609005 -0.146475881 -0.509742260 0.033260841 0.902696967 0.190973476 0.384136915
1403715966234058240.000000 1.515705824 -0.158847630 -0.514116764 0.032841448 0.902263820 0.190843806 0.385253280
1403715966284058112.000000 1.516596437 -0.169716388 -0.513401389 0.026470125 0.899550557 0.203357920 0.385686100
1403715966334057984.000000 1.512882471 -0.179882228 -0.503561735 0.015812011 0.893893123 0.228138879 0.385561556
1403715966384058112.000000 1.504983187 -0.192617178 -0.493258238 0.003656842 0.887134075 0.254968792 0.384669632
1403715966434058240.000000 1.496240854 -0.205223978 -0.482223630 -0.010202684 0.879310131 0.282964855 0.382936627
1403715966484058112.000000 1.476749897 -0.226163745 -0.468173385 -0.025882594 0.868261993 0.316505730 0.381150037
1403715966534057984.000000 1.470147729 -0.241638005 -0.453481793 -0.042328835 0.855658948 0.352440417 0.376619071
1403715966584058368.000000 1.460059643 -0.257573962 -0.439636588 -0.055774443 0.844178557 0.381936640 0.371989608
1403715966634057984.000000 1.450638056 -0.271097124 -0.424693704 -0.067188896 0.833676100 0.407392174 0.366744459
1403715966684058112.000000 1.442606807 -0.283733845 -0.412557960 -0.074460126 0.825882554 0.425716281 0.362131715
1403715966734058240.000000 1.441725492 -0.298900723 -0.404769063 -0.079983607 0.819911182 0.439951390 0.357478976
1403715966784058112.000000 1.443877101 -0.310250044 -0.399506927 -0.085450791 0.814203322 0.452594280 0.353453696
1403715966834057984.000000 1.447538972 -0.324120164 -0.400144935 -0.089098372 0.810902834 0.459596276 0.351097345
1403715966884058112.000000 1.457468152 -0.332620263 -0.404077768 -0.089780971 0.813523889 0.455870301 0.349715054
1403715966934058240.000000 1.473653793 -0.350407004 -0.414354205 -0.083520375 0.823047042 0.439485520 0.349957734
1403715966984058112.000000 1.490080357 -0.362649322 -0.423847914 -0.074106112 0.835193515 0.417289019 0.350471258
1403715967034057984.000000 1.510621190 -0.366888106 -0.432258844 -0.065670259 0.849306166 0.388401717 0.351440728
1403715967084058368.000000 1.534999490 -0.384696662 -0.453512430 -0.051678989 0.862323225 0.359551936 0.352775246
1403715967134057984.000000 1.560280561 -0.396306574 -0.467425346 -0.039773222 0.874861240 0.328943312 0.353316188
1403715967184058112.000000 1.583016872 -0.400254846 -0.481746197 -0.026861100 0.885733664 0.299528331 0.353606045
1403715967234058240.000000 1.604258060 -0.409226418 -0.492450118 -0.014224838 0.896214068 0.268734455 0.352675229
1403715967284058112.000000 1.626407623 -0.421879172 -0.503370643 -0.001550777 0.904716909 0.239843503 0.352079660
1403715967334057984.000000 1.642041087 -0.426272392 -0.508226395 0.011168418 0.912308276 0.210813090 0.350894272
1403715967384058112.000000 1.658655763 -0.442748696 -0.508401632 0.020516211 0.916180789 0.194713965 0.349683166
1403715967434058240.000000 1.670515776 -0.460498661 -0.508560300 0.023802690 0.917942345 0.187950283 0.348554194
1403715967484058112.000000 1.674345970 -0.473545015 -0.500784755 0.027400816 0.917159975 0.190334216 0.349055558
1403715967534057984.000000 1.679635286 -0.492937237 -0.485505104 0.030293927 0.914146960 0.200277850 0.351150095
1403715967584058368.000000 1.675974131 -0.509854138 -0.467967033 0.033066493 0.908468068 0.216484427 0.355987221
1403715967634057984.000000 1.670882344 -0.526628375 -0.449491024 0.033294644 0.900186777 0.238511249 0.362860411
1403715967684058112.000000 1.665183306 -0.551314116 -0.425150752 0.031963572 0.889744043 0.264451891 0.370673954
1403715967734058240.000000 1.656623602 -0.571925342 -0.396453381 0.033879586 0.878216207 0.289956987 0.378831744
1403715967784058112.000000 1.640626907 -0.591400981 -0.368218541 0.033432685 0.864527047 0.317219079 0.388390720
1403715967834057984.000000 1.625651956 -0.621022284 -0.343602538 0.031253926 0.848469377 0.347155213 0.398253977
1403715967884058112.000000 1.614081264 -0.639950395 -0.313925266 0.029415477 0.835194767 0.369161338 0.406576514
1403715967934058240.000000 1.590781331 -0.651715875 -0.286629319 0.026090344 0.822666228 0.387111068 0.415553510
1403715967984058112.000000 1.571615934 -0.670014679 -0.268280506 0.014189087 0.811153233 0.403124064 0.423462063
1403715968034057984.000000 1.552770853 -0.680324018 -0.246324658 -0.003688050 0.800864458 0.416261822 0.430498153
1403715968084058368.000000 1.536946177 -0.687755287 -0.229072452 -0.023620773 0.791903019 0.426735312 0.436152130
1403715968134057984.000000 1.515061140 -0.689260006 -0.205468178 -0.041247927 0.784700811 0.433678210 0.440983504
1403715968184058112.000000 1.502581716 -0.690532267 -0.193383694 -0.053880546 0.780085206 0.436500490 0.445007175
1403715968234058240.000000 1.492231727 -0.695030510 -0.184367061 -0.058471177 0.780857742 0.431090474 0.448333889
1403715968284058112.000000 1.484719992 -0.691565633 -0.177591562 -0.055500109 0.787775695 0.414772749 0.451987714
1403715968334057984.000000 1.479296207 -0.688276649 -0.176785946 -0.047771178 0.795984387 0.396210223 0.455131054
1403715968384058112.000000 1.477323532 -0.686889350 -0.177641273 -0.039687801 0.804633796 0.376624316 0.457322180
1403715968434058240.000000 1.474349022 -0.681724727 -0.174190283 -0.027567595 0.813854396 0.355871499 0.458515644
1403715968484058112.000000 1.472580075 -0.665688396 -0.173018575 -0.015804742 0.822678924 0.334247738 0.459595531
1403715968534057984.000000 1.468543291 -0.650713682 -0.161168694 -0.004275992 0.831211448 0.313649148 0.459013581
1403715968584058368.000000 1.467370629 -0.640204072 -0.161539435 0.005055553 0.838074386 0.294631243 0.459127724
1403715968634057984.000000 1.462935805 -0.626213849 -0.157236934 0.014151166 0.844497859 0.275720656 0.458913267
1403715968684058112.000000 1.456714511 -0.609486401 -0.154262781 0.022677271 0.850105822 0.258040518 0.458498627
1403715968734058240.000000 1.448905945 -0.594400465 -0.145286322 0.029215112 0.855166376 0.241737396 0.457602531
1403715968784058112.000000 1.437002659 -0.581806898 -0.137121797 0.035472069 0.858650446 0.228250295 0.457562089
1403715968834057984.000000 1.423193455 -0.567489326 -0.126816392 0.039720766 0.861715078 0.215755001 0.457514137
1403715968884058112.000000 1.406126261 -0.559064865 -0.111928940 0.043395497 0.863585055 0.208572000 0.456985235
1403715968934058240.000000 1.384018660 -0.552186847 -0.097239017 0.044477623 0.863896728 0.206489980 0.457237452
1403715968984058112.000000 1.352631330 -0.537052572 -0.076484680 0.042558897 0.862083614 0.212145656 0.458251864
1403715969034057984.000000 1.320235848 -0.531192601 -0.052370310 0.032947723 0.857272983 0.229735807 0.459585726
1403715969084058368.000000 1.285681605 -0.522602677 -0.029615164 0.019350000 0.849603057 0.255768031 0.460850388
1403715969134057984.000000 1.234606266 -0.500698447 0.004241347 0.001397494 0.838752806 0.288189858 0.461993963
1403715969184058112.000000 1.199296355 -0.486973941 0.038357258 -0.022759430 0.825056791 0.325468123 0.461339146
1403715969234058240.000000 1.164887547 -0.496283889 0.065261841 -0.044800628 0.809994638 0.363528907 0.457982928
1403715969284058112.000000 1.125664353 -0.491523862 0.078049898 -0.063669875 0.794658124 0.395167619 0.456406832
1403715969334057984.000000 1.097336650 -0.489991367 0.097567618 -0.078386270 0.782802880 0.419257820 0.453098387
1403715969384058112.000000 1.066778779 -0.479340792 0.118246555 -0.092744529 0.772857964 0.437663287 0.450044334
1403715969434058240.000000 1.032980204 -0.467184544 0.139918089 -0.103016779 0.764557779 0.452532709 0.447272986
1403715969484058112.000000 1.008751631 -0.458787024 0.151447296 -0.114850588 0.758242607 0.461989552 0.445469648
1403715969534057984.000000 0.995222688 -0.451934159 0.158163130 -0.128993586 0.754549623 0.465189934 0.444537789
1403715969584058368.000000 0.987563848 -0.438453913 0.162828565 -0.143832177 0.756207824 0.456877649 0.445785671
1403715969634057984.000000 0.988401711 -0.429702938 0.165382564 -0.156296715 0.761007845 0.442181945 0.448233902
1403715969684058112.000000 0.996137500 -0.417523861 0.161513686 -0.164841875 0.767214954 0.424498528 0.451674014
1403715969734058240.000000 1.011297584 -0.408514738 0.157765329 -0.170090362 0.775732338 0.402888209 0.454961151
1403715969784058112.000000 1.037528753 -0.401197433 0.155203640 -0.169405118 0.785533428 0.380126059 0.457977474
1403715969834057984.000000 1.064877033 -0.392360091 0.149750471 -0.158214837 0.796824515 0.356346279 0.461580008
1403715969884058112.000000 1.104463696 -0.386247873 0.144405186 -0.138914078 0.807192087 0.337952793 0.463607460
1403715969934058240.000000 1.139995933 -0.380313993 0.138556838 -0.109327592 0.817078769 0.321014881 0.466239572
1403715969984058112.000000 1.179658532 -0.379596889 0.134796739 -0.077537961 0.826366603 0.303916126 0.467697769
1403715970034057984.000000 1.219742537 -0.376062393 0.134394169 -0.052638624 0.833359599 0.287188500 0.469322681
1403715970084058368.000000 1.261818647 -0.373397768 0.136128187 -0.030350924 0.839326560 0.271014869 0.470277399
1403715970134057984.000000 1.302913189 -0.377806395 0.132517576 -0.011822636 0.844215453 0.255199105 0.471204877
1403715970184058112.000000 1.337781191 -0.373569310 0.135068893 0.005516103 0.848611534 0.238553345 0.472144455
1403715970234058240.000000 1.370664835 -0.377532184 0.139271021 0.024127979 0.852566838 0.221207127 0.472879469
1403715970284058112.000000 1.407424212 -0.376137435 0.157418847 0.039264515 0.856348097 0.204869837 0.472392410
1403715970334057984.000000 1.429979682 -0.377553761 0.164591551 0.054401286 0.858239233 0.191851869 0.472925723
1403715970384058112.000000 1.450284839 -0.385777116 0.177384734 0.063235052 0.859867513 0.182234958 0.472672850
1403715970434058240.000000 1.470807076 -0.398261249 0.198982000 0.071831688 0.859926522 0.179092020 0.472538531
1403715970484058112.000000 1.482404351 -0.406747103 0.220679641 0.076947354 0.857961297 0.183810413 0.473492622
1403715970534057984.000000 1.479536176 -0.415144622 0.239708900 0.079910517 0.852506399 0.198873997 0.476756126
1403715970584058368.000000 1.476869464 -0.421457559 0.270345449 0.079901904 0.845377028 0.222697392 0.478914678
1403715970634057984.000000 1.470109463 -0.430518329 0.301731944 0.072445273 0.837480903 0.250790864 0.480084807
1403715970684058112.000000 1.452351332 -0.441053391 0.321078300 0.061595459 0.827059984 0.282264411 0.482187450
1403715970734058240.000000 1.432532430 -0.455755621 0.345393896 0.048688877 0.815000892 0.317905873 0.482015342
1403715970784058112.000000 1.413543701 -0.468938768 0.369244933 0.033945903 0.801380277 0.355128437 0.480126292
1403715970834057984.000000 1.394989848 -0.486393690 0.387890577 0.019239055 0.785930455 0.393557906 0.476503342
1403715970884058112.000000 1.374351740 -0.492731333 0.410475254 0.005225818 0.772681534 0.424285322 0.472141802
1403715970934058240.000000 1.354561925 -0.502291322 0.424849510 -0.007183185 0.759807646 0.451100528 0.468133688
1403715970984058112.000000 1.336922884 -0.511797428 0.432099342 -0.020029444 0.747751951 0.473549306 0.464991331
1403715971034057984.000000 1.323135376 -0.524470448 0.437058210 -0.037317403 0.738601446 0.487980187 0.463627696
1403715971084058368.000000 1.311918378 -0.530703187 0.436255574 -0.055664212 0.731849253 0.495267421 0.464767009
1403715971134057984.000000 1.306669712 -0.535979807 0.423417211 -0.073519766 0.728305638 0.493787915 0.469403148
1403715971184058112.000000 1.309815645 -0.541764796 0.405179501 -0.088960513 0.728518188 0.484511971 0.476020396
1403715971234058240.000000 1.319205523 -0.546527088 0.382148027 -0.102506652 0.732761085 0.464839339 0.486290157
1403715971284058112.000000 1.335125208 -0.550442159 0.354655206 -0.109127574 0.740391254 0.438187391 0.497899354
1403715971334057984.000000 1.351274371 -0.549713910 0.326982379 -0.111223124 0.749123216 0.405813217 0.511624396
1403715971384058112.000000 1.375121117 -0.557076454 0.297081947 -0.111456163 0.756905615 0.371353209 0.526087701
1403715971434058240.000000 1.412475705 -0.561638355 0.265563607 -0.108262040 0.763248265 0.337052882 0.540487528
1403715971484058112.000000 1.444725513 -0.569248676 0.235604525 -0.101647526 0.767703295 0.304744124 0.554464161
1403715971534057984.000000 1.482046127 -0.574854374 0.207515121 -0.093351029 0.769859254 0.274194628 0.568699956
1403715971584058368.000000 1.521745563 -0.585519969 0.178337097 -0.083973140 0.769163370 0.247066557 0.583347619
1403715971634057984.000000 1.554447174 -0.589821577 0.153355241 -0.071603499 0.766369343 0.224385396 0.597663999
1403715971684058112.000000 1.593636155 -0.598602593 0.134374619 -0.059434138 0.761947036 0.208156869 0.610389352
1403715971734058240.000000 1.636347532 -0.614911079 0.123341799 -0.044488568 0.756193995 0.197281778 0.622311234
1403715971784058112.000000 1.671652794 -0.633534312 0.115025759 -0.028520618 0.749304831 0.190432414 0.633612216
1403715971834057984.000000 1.703717470 -0.650275707 0.110422969 -0.011536964 0.740291059 0.188853666 0.645112693
1403715971884058112.000000 1.735855222 -0.657726526 0.108076215 0.004808398 0.730251491 0.189568132 0.656333447
1403715971934058240.000000 1.759002805 -0.662242949 0.107293844 0.017354567 0.720253110 0.190229580 0.666893601
1403715971984058112.000000 1.783364773 -0.672914386 0.105970383 0.025161313 0.709481597 0.192978531 0.677319825
1403715972034057984.000000 1.804795027 -0.688976765 0.103196144 0.029566413 0.699587047 0.195133194 0.686750948
1403715972084058368.000000 1.818050861 -0.690272689 0.104671121 0.038355548 0.691486299 0.192338794 0.695256352
1403715972134057984.000000 1.831575036 -0.699899673 0.103033185 0.046684016 0.685527325 0.186225072 0.702277124
1403715972184058112.000000 1.846007228 -0.733603954 0.110011101 0.054348569 0.683387458 0.179942787 0.705442071
1403715972234058240.000000 1.847348571 -0.732910395 0.109326363 0.069024630 0.681007445 0.167261913 0.709568918
1403715972284058112.000000 1.852169037 -0.757959902 0.107882261 0.077440694 0.679482639 0.159276545 0.711995304
1403715972334057984.000000 1.848102689 -0.772444069 0.108406425 0.086026840 0.678581715 0.150969416 0.713676810
1403715972384058112.000000 1.837443352 -0.784688652 0.112692475 0.092095412 0.677664518 0.146826416 0.714654624
1403715972434058240.000000 1.822939157 -0.790634990 0.114336014 0.094970316 0.676199913 0.145392314 0.715957701
1403715972484058112.000000 1.800733209 -0.811480761 0.118164420 0.091005631 0.675291955 0.149873480 0.716405451
1403715972534057984.000000 1.776550412 -0.817690730 0.122591496 0.082529552 0.673120916 0.157896295 0.717750609
1403715972584058368.000000 1.740549207 -0.828002930 0.131575823 0.068429179 0.669053733 0.174833417 0.719109118
1403715972634057984.000000 1.708157063 -0.838958263 0.135145187 0.053159162 0.663928151 0.194397464 0.720127225
1403715972684058112.000000 1.674225926 -0.855257750 0.136297822 0.034993745 0.657325864 0.217201099 0.720778644
1403715972734058240.000000 1.622097492 -0.854379594 0.132642388 0.020154815 0.649017036 0.238123730 0.722265720
1403715972784058112.000000 1.577858925 -0.882659495 0.160997033 0.003328640 0.644329906 0.262785226 0.718172610
1403715972834057984.000000 1.540998578 -0.916906595 0.167407632 -0.012402204 0.639061272 0.283677042 0.714824617
1403715972884058112.000000 1.506874561 -0.927346051 0.170100093 -0.020135872 0.636392474 0.293797135 0.712939262
1403715972934058240.000000 1.471522689 -0.928897381 0.169496298 -0.016856888 0.636885226 0.295718074 0.711789191
1403715972984058112.000000 1.432435989 -0.921444833 0.164309144 -0.009731771 0.638383150 0.294135809 0.711235821
1403715973034057984.000000 1.389128923 -0.934321582 0.170587897 0.000629430 0.641509175 0.295728534 0.707820833
1403715973084058368.000000 1.350869298 -0.948744178 0.184358597 0.008177014 0.646001637 0.296270669 0.703447819
1403715973134057984.000000 1.320556164 -0.951079786 0.187848091 0.012256625 0.649089098 0.294768155 0.701173902
1403715973184058112.000000 1.284056425 -0.952798009 0.176993489 0.012164746 0.650187492 0.292295784 0.701192975
1403715973234058240.000000 1.245196819 -0.904860914 0.149216056 0.016054533 0.650332749 0.286154628 0.703509092
1403715973284058112.000000 1.211190224 -0.878849924 0.118836641 0.017903186 0.647843659 0.284482330 0.706433296
1403715973334057984.000000 1.174113631 -0.872707725 0.119327068 0.016025824 0.647971213 0.287442356 0.705161929
1403715973384058112.000000 1.143329382 -0.871736407 0.104498744 0.010219008 0.645570695 0.293127626 0.705131412
1403715973434058240.000000 1.105524540 -0.873916209 0.102681518 0.000985466 0.644704342 0.298345625 0.703807712
1403715973484058112.000000 1.075502872 -0.879048824 0.086183846 -0.008044559 0.641722083 0.305592090 0.703378677
1403715973534057984.000000 1.044080496 -0.884554267 0.086395979 -0.016753661 0.640645146 0.312779456 0.701043606
1403715973584058368.000000 1.010344744 -0.880638719 0.072197795 -0.021745866 0.637123048 0.320151091 0.700788617
1403715973634057984.000000 0.956754923 -0.854637861 0.095183790 -0.022590579 0.636520565 0.325041920 0.699055851
1403715973684058112.000000 0.931926966 -0.853348970 0.086896777 -0.025325805 0.633127928 0.333867997 0.697882354
1403715973734058240.000000 0.904198706 -0.846826434 0.067060351 -0.026250621 0.628581643 0.342338890 0.697854042
1403715973784058112.000000 0.884323299 -0.843501806 0.051396132 -0.028037440 0.625273645 0.348712325 0.697600543
1403715973834057984.000000 0.860840201 -0.837999821 0.037760317 -0.029226331 0.623823345 0.351990014 0.697203994
1403715973884058112.000000 0.836782932 -0.826789379 0.021919131 -0.031334855 0.622248232 0.352934688 0.698041797
1403715973934058240.000000 0.828610003 -0.821878910 -0.001730204 -0.033454776 0.620506942 0.355271578 0.698308051
1403715973984058112.000000 0.813985348 -0.813868046 -0.019487143 -0.036133636 0.622401953 0.349659711 0.699319839
1403715974034057984.000000 0.804198623 -0.805213869 -0.034323394 -0.037020221 0.626784384 0.339801878 0.700218201
1403715974084058368.000000 0.799670517 -0.792847753 -0.067889810 -0.036002416 0.628957033 0.330254167 0.702886283
1403715974134057984.000000 0.794650555 -0.788395286 -0.083775818 -0.034340009 0.633909464 0.319062948 0.703689218
1403715974184058112.000000 0.793398440 -0.786395788 -0.114383221 -0.031438097 0.636376560 0.311493039 0.704988420
1403715974234058240.000000 0.791567862 -0.764892459 -0.135070145 -0.027055845 0.639326692 0.302930772 0.706231117
1403715974284058112.000000 0.792361677 -0.761750937 -0.154365718 -0.027237257 0.642155647 0.297397017 0.706009448
1403715974334057984.000000 0.819663584 -0.778965771 -0.222040117 -0.032090906 0.637793660 0.299018323 0.709068060
1403715974384058112.000000 0.792456686 -0.738266706 -0.225632429 -0.029213034 0.640399694 0.295496881 0.708319485
1403715974434058240.000000 0.797279954 -0.719342947 -0.255009592 -0.029846987 0.639179647 0.295245260 0.709499002
1403715974484058112.000000 0.801588655 -0.708022356 -0.279601067 -0.030750711 0.638922036 0.294464618 0.710016727
1403715974534057984.000000 0.808618903 -0.692835569 -0.298444420 -0.029408475 0.640254378 0.291332662 0.710165322
1403715974584058368.000000 0.817040861 -0.675294042 -0.327093601 -0.026586199 0.640719473 0.288303554 0.711092710
1403715974634057984.000000 0.827368438 -0.657460213 -0.359387845 -0.024003806 0.640965581 0.284537226 0.712478459
1403715974684058112.000000 0.834049642 -0.645399749 -0.375254214 -0.021073706 0.642726541 0.282343864 0.711857080
1403715974734058240.000000 0.844252706 -0.631259680 -0.393191159 -0.019628050 0.644421935 0.279311597 0.711561859
1403715974784058112.000000 0.854339004 -0.618623257 -0.422519147 -0.019002130 0.644142807 0.277996629 0.712346017
1403715974834057984.000000 0.867598832 -0.602229774 -0.447971225 -0.018605055 0.643345237 0.278250009 0.712978065
1403715974884058112.000000 0.872472286 -0.588034689 -0.464047074 -0.017955365 0.644383073 0.276788205 0.712626457
1403715974934058240.000000 0.891678393 -0.569125354 -0.494894803 -0.017524080 0.643243074 0.276003212 0.713970304
1403715974984058112.000000 0.902274609 -0.556356072 -0.517866373 -0.016977662 0.642717779 0.275499821 0.714650691
1403715975034057984.000000 0.920151830 -0.517788053 -0.536686361 -0.015760485 0.643693089 0.270603657 0.715670764
1403715975084058368.000000 0.931031466 -0.500437021 -0.557195783 -0.015730809 0.643342555 0.268520534 0.716770351
1403715975134057984.000000 0.943802714 -0.482869327 -0.582398295 -0.017286146 0.642738938 0.266133696 0.718164921
1403715975184058112.000000 0.956433415 -0.463112205 -0.605480194 -0.017827524 0.642385364 0.263465881 0.719450533
1403715975234058240.000000 0.968230546 -0.438257396 -0.626887202 -0.019016877 0.642089784 0.260032713 0.720931470
1403715975284058112.000000 0.982642591 -0.437108040 -0.650972605 -0.021398971 0.641319931 0.259619892 0.721698284
1403715975334057984.000000 0.997234821 -0.428098649 -0.676421762 -0.020969538 0.640663385 0.256512284 0.723403215
1403715975384058112.000000 1.007750273 -0.414103448 -0.694428563 -0.019305032 0.641375422 0.252519757 0.724222839
1403715975434058240.000000 1.018865347 -0.407546937 -0.705579877 -0.017821310 0.643415511 0.247791782 0.724084377
1403715975484058112.000000 1.030093074 -0.385751396 -0.715188205 -0.015188882 0.645768464 0.240847200 0.724392891
1403715975534057984.000000 1.039017916 -0.372396678 -0.725110888 -0.013252605 0.646462202 0.238911122 0.724453330
1403715975584058368.000000 1.044366121 -0.371917516 -0.733380377 -0.014733769 0.646445155 0.240377560 0.723954678
1403715975634057984.000000 1.066087723 -0.357604086 -0.758177638 -0.015315944 0.644263685 0.241348997 0.725562215
1403715975684058112.000000 1.079486847 -0.353800058 -0.779991031 -0.015824715 0.642371833 0.244039506 0.726328254
1403715975734058240.000000 1.099873185 -0.359625548 -0.820971251 -0.019388229 0.639194489 0.245968670 0.728391290
1403715975784058112.000000 1.111441731 -0.352707952 -0.837094128 -0.018909410 0.638379335 0.247357860 0.728648305
1403715975834057984.000000 1.124775410 -0.347456545 -0.852400959 -0.018891620 0.638209403 0.247708380 0.728678584
1403715975884058112.000000 1.138919830 -0.349901021 -0.871245921 -0.021164825 0.637310028 0.249890283 0.728658319
1403715975934058240.000000 1.148102760 -0.346946180 -0.889643312 -0.021980831 0.636661053 0.250654548 0.728938937
1403715975984058112.000000 1.161612988 -0.347395509 -0.904051006 -0.023588685 0.636285722 0.251844764 0.728806138
1403715976034057984.000000 1.174106359 -0.348407298 -0.915919185 -0.026266836 0.636580944 0.252562046 0.728208244
1403715976084058368.000000 1.188069105 -0.344822168 -0.927163959 -0.026377052 0.636695147 0.253153801 0.727898836
1403715976134057984.000000 1.200167894 -0.341045231 -0.938334763 -0.025555888 0.637519836 0.252563238 0.727411389
1403715976184058112.000000 1.213853359 -0.340564549 -0.943795562 -0.025418282 0.639620125 0.250734627 0.726203978
1403715976234058240.000000 1.226795554 -0.341292113 -0.956799328 -0.025417974 0.640772521 0.249111727 0.725746453
1403715976284058112.000000 1.241148949 -0.345656097 -0.965915561 -0.025297189 0.641894519 0.249119565 0.724755824
1403715976334057984.000000 1.255355239 -0.348438799 -0.971544147 -0.026931085 0.644083738 0.246753439 0.723563135
1403715976384058112.000000 1.269394636 -0.345690370 -0.977595389 -0.026883757 0.645723045 0.243438959 0.723226547
1403715976434058240.000000 1.282896042 -0.347959787 -0.983751476 -0.029518681 0.645747185 0.240749612 0.724002004
1403715976484058112.000000 1.296669722 -0.347693652 -0.985383451 -0.031525403 0.644924521 0.237265468 0.725798607
1403715976534057984.000000 1.311870098 -0.350427926 -0.993130505 -0.032720033 0.642242253 0.234593883 0.728985667
1403715976584058368.000000 1.324005365 -0.350151449 -0.991961241 -0.033817109 0.639071107 0.230410486 0.733045459
1403715976634057984.000000 1.335742116 -0.351028979 -0.992103994 -0.033720586 0.633709848 0.228847593 0.738175929
1403715976684058112.000000 1.351009846 -0.356624722 -0.992420971 -0.031780645 0.626964748 0.228829116 0.744004428
1403715976734058240.000000 1.362101316 -0.354650378 -0.986173034 -0.029128358 0.620563269 0.229643449 0.749210775
1403715976784058112.000000 1.375729084 -0.357617468 -0.981093168 -0.027139904 0.615133047 0.230068371 0.753620148
1403715976834057984.000000 1.385851145 -0.359052747 -0.972554684 -0.025952967 0.610705972 0.229538351 0.757414579
1403715976884058112.000000 1.403198481 -0.363455415 -0.970803261 -0.024882285 0.606015265 0.229324952 0.761272967
1403715976934058240.000000 1.413022518 -0.363036752 -0.962276280 -0.024306206 0.602783620 0.228143007 0.764206767
1403715976984058112.000000 1.425287724 -0.367491663 -0.950510800 -0.023506274 0.599434078 0.227610633 0.767020047
1403715977034057984.000000 1.437542200 -0.367439598 -0.939872324 -0.022818509 0.595311821 0.225453153 0.770878851
1403715977084058368.000000 1.449731112 -0.370521545 -0.931801498 -0.022194771 0.590014219 0.223528519 0.775516331
1403715977134057984.000000 1.462139130 -0.373598188 -0.919230819 -0.022235069 0.584113061 0.221061155 0.780672550
1403715977184058112.000000 1.472111702 -0.377770841 -0.903827429 -0.022241222 0.577476621 0.217580423 0.786565304
1403715977234058240.000000 1.484797120 -0.386076570 -0.894353449 -0.022142645 0.568387508 0.215055972 0.793849111
1403715977284058112.000000 1.498167396 -0.390054643 -0.877448201 -0.022231463 0.558702648 0.211329430 0.801683843
1403715977334057984.000000 1.507034302 -0.397237211 -0.859917402 -0.021920979 0.548245728 0.206108347 0.810225606
1403715977384058112.000000 1.517183065 -0.402995288 -0.843324125 -0.021158528 0.535994411 0.201212764 0.819619298
1403715977434058240.000000 1.526619554 -0.405476511 -0.828072369 -0.019011306 0.521939218 0.197135195 0.829672098
1403715977484058112.000000 1.536066771 -0.415043682 -0.809450388 -0.019238196 0.508136511 0.191204056 0.839564383
1403715977534057984.000000 1.545612574 -0.424438596 -0.791325688 -0.019228034 0.492779940 0.186060593 0.849811554
1403715977584058368.000000 1.549364090 -0.430972815 -0.765685916 -0.017361255 0.478111237 0.179151535 0.859658659
1403715977634057984.000000 1.555773973 -0.435203969 -0.745310545 -0.014665015 0.461186111 0.172864318 0.870178282
1403715977684058112.000000 1.562482476 -0.437682480 -0.721778154 -0.011786425 0.444159001 0.167292789 0.880111933
1403715977734058240.000000 1.569290161 -0.445164382 -0.701741934 -0.011072644 0.425462544 0.161893651 0.890308678
1403715977784058112.000000 1.577051282 -0.452684999 -0.679107964 -0.010006389 0.407201439 0.154447153 0.900129437
1403715977834057984.000000 1.576315641 -0.458954394 -0.653573751 -0.007780269 0.389596999 0.145843118 0.909331381
1403715977884058112.000000 1.587184310 -0.465419501 -0.629570127 -0.005692585 0.371037781 0.135751858 0.918624043
1403715977934058240.000000 1.589612603 -0.475968122 -0.609780490 -0.003855409 0.352839917 0.123737268 0.927457929
1403715977984058112.000000 1.592055678 -0.486441672 -0.581754267 -0.002248523 0.335756302 0.110408552 0.935453236
1403715978034057984.000000 1.590829372 -0.495542854 -0.555044055 -0.000450399 0.317609876 0.096931882 0.943253994
1403715978084058368.000000 1.594320774 -0.498189509 -0.535506666 0.004368067 0.296800077 0.082855366 0.951328397
1403715978134057984.000000 1.584914684 -0.508408546 -0.508404613 0.006299025 0.279041260 0.067685835 0.957870007
1403715978184058112.000000 1.584317565 -0.509489954 -0.487690955 0.009336429 0.259047806 0.052455980 0.964393854
1403715978234058240.000000 1.574358106 -0.521322191 -0.455723792 0.009666520 0.241411701 0.038725834 0.969601631
1403715978284058112.000000 1.561387539 -0.525823534 -0.428839326 0.013070339 0.223025575 0.025330946 0.974395812
1403715978334057984.000000 1.549486160 -0.537503183 -0.400065839 0.015642717 0.202966630 0.017659221 0.978901505
1403715978384058112.000000 1.537605405 -0.542715430 -0.375114262 0.021428809 0.181066826 0.012534333 0.983157456
1403715978434058240.000000 1.522640705 -0.556980968 -0.350130051 0.022479247 0.159779176 0.010261750 0.986843526
1403715978484058112.000000 1.493218422 -0.568964422 -0.324741662 0.024675785 0.139498442 0.011494490 0.989848077
1403715978534057984.000000 1.475813985 -0.573446274 -0.294180751 0.029405603 0.114409864 0.013900829 0.992901087
1403715978584058368.000000 1.448649526 -0.583558917 -0.273372322 0.033859976 0.091331914 0.015971301 0.995116591
1403715978634057984.000000 1.425842285 -0.582788169 -0.246815532 0.039803471 0.066321343 0.015424575 0.996884823
1403715978684058112.000000 1.400312662 -0.592311263 -0.223767251 0.040988967 0.042324588 0.013305732 0.998174071
1403715978734058240.000000 1.368484974 -0.597470164 -0.201219112 0.041980159 0.021029625 0.009000137 0.998856544
1403715978784058112.000000 1.345447063 -0.600322068 -0.181298301 0.043415125 -0.001446803 0.000593498 0.999055922
1403715978834057984.000000 1.318230510 -0.608851910 -0.161550984 0.040641602 -0.022928290 -0.008184897 0.998877168
1403715978884058112.000000 1.287444711 -0.617402494 -0.145014346 0.037338033 -0.043576151 -0.017896349 0.998191714
1403715978934058240.000000 1.258326888 -0.617167175 -0.130392402 0.037061553 -0.065022975 -0.027761146 0.996808827
1403715978984058112.000000 1.222030282 -0.608649731 -0.124933295 0.038303480 -0.084398307 -0.038666468 0.994944572
1403715979034057984.000000 1.205178380 -0.626283884 -0.096950330 0.036286771 -0.110317528 -0.049731646 0.991988003
1403715979084058368.000000 1.172021508 -0.632307053 -0.084261872 0.039483268 -0.132793590 -0.057925228 0.988661528
1403715979134057984.000000 1.133163452 -0.636772871 -0.076301336 0.044950813 -0.155576095 -0.064211152 0.984709382
1403715979184058112.000000 1.099297285 -0.643624783 -0.061773829 0.053249162 -0.180014625 -0.071136415 0.979642212
1403715979234058240.000000 1.075656295 -0.657248020 -0.048334293 0.063036159 -0.208211154 -0.074389532 0.973211586
1403715979284058112.000000 1.029919624 -0.684395850 -0.047730543 0.070558906 -0.230206683 -0.080603957 0.967227697
1403715979334057984.000000 1.002184987 -0.695576668 -0.037643861 0.079675056 -0.253841221 -0.092740431 0.959487319
1403715979384058112.000000 0.971458554 -0.687224150 -0.037056088 0.090379864 -0.274489969 -0.103706867 0.951699436
1403715979434058240.000000 0.938138843 -0.694425941 -0.040352214 0.092968613 -0.292858720 -0.119120501 0.944140375
1403715979484058112.000000 0.910946131 -0.699114680 -0.038512412 0.095071822 -0.312631309 -0.131356254 0.935931981
1403715979534057984.000000 0.884132624 -0.698484063 -0.042489916 0.097244024 -0.331484854 -0.142461598 0.927559316
1403715979584058368.000000 0.853760481 -0.706615984 -0.048183747 0.095439732 -0.350208640 -0.151956409 0.919322848
1403715979634057984.000000 0.822900355 -0.700706482 -0.055600613 0.095821187 -0.367801934 -0.159923643 0.911023915
1403715979684058112.000000 0.789471447 -0.704084516 -0.068133228 0.093989097 -0.386816442 -0.166690156 0.902082920
1403715979734058240.000000 0.766652584 -0.710957050 -0.078652427 0.095009401 -0.407308102 -0.174079835 0.891498506
1403715979784058112.000000 0.735974908 -0.725851417 -0.086478770 0.094396926 -0.428930610 -0.180461273 0.880080402
1403715979834057984.000000 0.707178771 -0.717936277 -0.099204332 0.099266164 -0.449782610 -0.185043067 0.868101895
1403715979884058112.000000 0.685845673 -0.700307071 -0.124669820 0.104688741 -0.469026983 -0.186705679 0.856851876
1403715979934058240.000000 0.656000793 -0.706493080 -0.154603601 0.106761120 -0.489643633 -0.191470116 0.843913734
1403715979984058112.000000 0.632660806 -0.717224181 -0.168292448 0.109281778 -0.512956083 -0.195902407 0.828586698
1403715980034057984.000000 0.617322028 -0.713280976 -0.180312842 0.114343949 -0.536478758 -0.198234543 0.812292457
1403715980084058368.000000 0.587384105 -0.697406054 -0.218153149 0.119184613 -0.553990722 -0.200764909 0.799113810
1403715980134057984.000000 0.569698751 -0.691550732 -0.248070389 0.121490486 -0.573286533 -0.205536768 0.783796728
1403715980184058112.000000 0.558333635 -0.678291917 -0.273747921 0.122778341 -0.594185650 -0.208472595 0.767077625
1403715980234058240.000000 0.532166898 -0.676872849 -0.321511298 0.118131615 -0.611756086 -0.213266730 0.752540171
1403715980284058112.000000 0.526160121 -0.658381701 -0.356083304 0.115070917 -0.631035626 -0.215254799 0.736354709
1403715980334057984.000000 0.508715749 -0.645712674 -0.406170636 0.111684598 -0.647828698 -0.220957249 0.720432103
1403715980384058112.000000 0.504562259 -0.629902422 -0.431715935 0.109157845 -0.667736292 -0.222695485 0.701868653
1403715980434058240.000000 0.498677433 -0.610156476 -0.473307639 0.106751062 -0.686196983 -0.223253503 0.684029162
1403715980484058112.000000 0.488145649 -0.594921887 -0.519832969 0.105617143 -0.704306483 -0.224181145 0.665237010
1403715980534057984.000000 0.487576097 -0.580931425 -0.572028279 0.101560809 -0.722230434 -0.223614618 0.646579564
1403715980584058368.000000 0.487019002 -0.562974870 -0.621864438 0.097788103 -0.739390254 -0.224176556 0.627283454
1403715980634057984.000000 0.486259341 -0.548464537 -0.665878057 0.093107596 -0.756079674 -0.227171317 0.606685936
1403715980684058112.000000 0.491966933 -0.531191349 -0.712834716 0.090577334 -0.771598935 -0.230658904 0.585856080
1403715980734058240.000000 0.497288823 -0.520330667 -0.762156248 0.085217454 -0.786387742 -0.234577104 0.565071702
1403715980784058112.000000 0.504634261 -0.511248410 -0.795334756 0.079218671 -0.802113295 -0.239594668 0.541232944
1403715980834057984.000000 0.508173406 -0.509137213 -0.831351578 0.072398409 -0.816177070 -0.247992277 0.516830206
1403715980884058112.000000 0.522512615 -0.486295581 -0.874552250 0.067188799 -0.829314768 -0.250677079 0.494857192
1403715980934058240.000000 0.544997811 -0.469183058 -0.909537017 0.064642191 -0.842144310 -0.254400611 0.471057057
1403715980984058112.000000 0.558382392 -0.451200128 -0.952895641 0.061064366 -0.854852736 -0.257209122 0.446476698
1403715981034057984.000000 0.580755830 -0.436436236 -0.990654290 0.058430973 -0.867041469 -0.258931607 0.421638995
1403715981084058368.000000 0.603233814 -0.420124412 -1.026087046 0.055513918 -0.879006088 -0.259478360 0.396153331
1403715981134057984.000000 0.630689144 -0.411872506 -1.062211871 0.052241579 -0.889779449 -0.262165159 0.369909227
1403715981184058112.000000 0.654152513 -0.403196156 -1.088081360 0.052472942 -0.899842918 -0.264382303 0.342974365
1403715981234058240.000000 0.673864484 -0.391134024 -1.111524343 0.050561909 -0.909939826 -0.266465157 0.313766539
1403715981284058112.000000 0.691700578 -0.387852460 -1.124925971 0.046179172 -0.919923663 -0.268356055 0.282122344
1403715981334057984.000000 0.734254837 -0.374086916 -1.164013147 0.045638297 -0.926939189 -0.270876855 0.255590588
1403715981384058112.000000 0.757972121 -0.362242907 -1.177592993 0.042213831 -0.934979618 -0.271661222 0.224123791
1403715981434058240.000000 0.808228135 -0.348453730 -1.199149489 0.039598685 -0.941403866 -0.271506906 0.196150064
1403715981484058112.000000 0.829091549 -0.353125781 -1.210952520 0.034830507 -0.947567701 -0.272129387 0.163853511
1403715981534057984.000000 0.869703650 -0.327638924 -1.224154234 0.033092856 -0.954065800 -0.265775353 0.134263888
1403715981584058368.000000 0.882861733 -0.341867864 -1.224966288 0.029746529 -0.958940446 -0.263576657 0.100378588
1403715981634057984.000000 0.920811415 -0.342326105 -1.224871159 0.029896449 -0.962474942 -0.260760039 0.068937324
1403715981684058112.000000 0.948159337 -0.338764131 -1.224587202 0.029693166 -0.964756608 -0.258729905 0.037708167
1403715981734058240.000000 0.980512679 -0.352300704 -1.228773355 0.030983686 -0.964020193 -0.263913155 0.007419846
1403715981784058112.000000 1.011172295 -0.343810499 -1.217323780 -0.032054603 0.962350070 0.269015372 0.022037789
1403715981834057984.000000 1.039197445 -0.357765079 -1.214348078 -0.033162948 0.956793189 0.284261823 0.051403351
1403715981884058112.000000 1.063747406 -0.369653404 -1.198310137 -0.033769079 0.950939953 0.296612918 0.081201978
1403715981934058240.000000 1.086517215 -0.378691137 -1.184896111 -0.033126157 0.944894314 0.306673348 0.109676689
1403715981984058112.000000 1.125055313 -0.376117647 -1.153460383 -0.035897624 0.940805495 0.308977991 0.134644568
1403715982034057984.000000 1.144211769 -0.384082019 -1.142876387 -0.034705412 0.935271561 0.313230574 0.161088094
1403715982084058368.000000 1.178073645 -0.396206915 -1.115002990 -0.034698289 0.930824280 0.313711315 0.184248388
1403715982134057984.000000 1.205031991 -0.409997106 -1.092273355 -0.034253050 0.925524533 0.314657599 0.207898557
1403715982184058112.000000 1.228722572 -0.417418838 -1.064345479 -0.034738336 0.920566380 0.312548995 0.231654719
1403715982234058240.000000 1.247313380 -0.424397588 -1.039342523 -0.032856863 0.915013433 0.310463667 0.255505830
1403715982284058112.000000 1.268089175 -0.433625877 -1.013818383 -0.030474093 0.908533275 0.310165554 0.278273344
1403715982334057984.000000 1.297942996 -0.447165668 -0.978527665 -0.030360376 0.902353346 0.308318794 0.299626946
1403715982384058112.000000 1.326911926 -0.455513000 -0.945690036 -0.028405156 0.896021545 0.306584060 0.319913834
1403715982434058240.000000 1.349192381 -0.468567550 -0.916403770 -0.027147641 0.888612807 0.304508686 0.341913313
1403715982484058112.000000 1.371776581 -0.487507463 -0.884373665 -0.025931766 0.880046725 0.303447902 0.364368916
1403715982534057984.000000 1.391451597 -0.499511659 -0.848807335 -0.026342154 0.872321129 0.298609555 0.386256844
1403715982584058368.000000 1.422140718 -0.511356473 -0.812979221 -0.024682637 0.863815248 0.295244604 0.407485843
1403715982634057984.000000 1.433869958 -0.526128769 -0.779085875 -0.022420866 0.853584647 0.290687084 0.431730896
1403715982684058112.000000 1.449910164 -0.542850375 -0.744318604 -0.019945581 0.842177629 0.288090795 0.455349028
1403715982734058240.000000 1.468623877 -0.557799160 -0.706303835 -0.018243844 0.830770552 0.284748554 0.477918178
1403715982784058112.000000 1.477346420 -0.576742411 -0.671754360 -0.016432542 0.817690015 0.281013995 0.502139688
1403715982834057984.000000 1.490448475 -0.583977699 -0.627161622 -0.013201481 0.804679453 0.276306152 0.525330007
1403715982884058112.000000 1.499755979 -0.604057133 -0.587366343 -0.012562989 0.790625632 0.272396564 0.548227549
1403715982934058240.000000 1.513759375 -0.626560390 -0.545076013 -0.013738128 0.776882410 0.268505782 0.569358945
1403715982984058112.000000 1.524405003 -0.645242333 -0.504043341 -0.010901998 0.762868226 0.264538437 0.589858055
1403715983034057984.000000 1.530039907 -0.656523049 -0.465529442 -0.007276885 0.747712433 0.259395450 0.611217797
1403715983084058368.000000 1.532936811 -0.676696539 -0.420286059 -0.005146912 0.732903123 0.255180627 0.630642056
1403715983134057984.000000 1.541882515 -0.684633970 -0.385626078 -0.001173694 0.716480196 0.250396073 0.651119530
1403715983184058112.000000 1.549908519 -0.707134068 -0.330057383 0.001389429 0.701531768 0.245209366 0.669121563
1403715983234058240.000000 1.550079465 -0.721930385 -0.291300893 0.005046111 0.683509529 0.239043593 0.689672053
1403715983284058112.000000 1.562746406 -0.743467808 -0.240122914 0.006695305 0.665588200 0.234741524 0.708409488
1403715983334057984.000000 1.554419875 -0.765768230 -0.191129446 0.008801145 0.648812115 0.226540014 0.726391852
1403715983384058112.000000 1.558090448 -0.785011768 -0.144614577 0.010213446 0.629626930 0.220742688 0.744807541
1403715983434058240.000000 1.554814219 -0.794792414 -0.101231456 0.015758254 0.609157622 0.213259667 0.763674736
1403715983484058112.000000 1.551555514 -0.822432637 -0.059866071 0.021809939 0.588511407 0.205850944 0.781539619
1403715983534057984.000000 1.556744218 -0.836079001 -0.035781860 0.031657536 0.563912392 0.197179347 0.801324546
1403715983584058368.000000 1.542537928 -0.853870988 -0.008382261 0.041810762 0.541597724 0.188271865 0.818216085
1403715983634057984.000000 1.523908615 -0.869489312 0.030869424 0.053354640 0.520490527 0.179672301 0.833043098
1403715983684058112.000000 1.519234538 -0.876237631 0.070292532 0.064487241 0.496187657 0.171797857 0.848601639
1403715983734058240.000000 1.514139533 -0.889657140 0.078231514 0.073612139 0.470352381 0.165056720 0.863774419
1403715983784058112.000000 1.494516015 -0.911377430 0.120258331 0.078766212 0.450633913 0.159078047 0.874882400
1403715983834057984.000000 1.476678610 -0.912055016 0.155073166 0.086047292 0.428838789 0.151381671 0.886440575
1403715983884058112.000000 1.470011830 -0.927297771 0.142197311 0.089280277 0.399513334 0.146717727 0.900495529
1403715983934058240.000000 1.448134303 -0.952565670 0.176509827 0.090496659 0.379379690 0.141108528 0.909928560
1403715983984058112.000000 1.429336667 -0.935580075 0.187429279 0.097751826 0.353576183 0.134565607 0.920500219
1403715984034057984.000000 1.368703365 -0.983370841 0.290829450 0.094104394 0.349469393 0.132709235 0.922715425
1403715984084058368.000000 1.332964659 -1.005658150 0.339992374 0.093232848 0.334509164 0.131850347 0.928453982
1403715984134057984.000000 1.313416600 -1.006223679 0.320456266 0.089438543 0.306685477 0.127241910 0.939017713
1403715984184058112.000000 1.293369293 -1.004527092 0.305693746 0.086792767 0.281312287 0.123143278 0.947716296
1403715984234058240.000000 1.272355318 -1.007128239 0.275924265 0.080462247 0.254196674 0.115649648 0.956835985
1403715984284058112.000000 1.231503725 -1.012377620 0.313516557 0.081824243 0.240066960 0.113512784 0.960618317
1403715984334057984.000000 1.186988950 -1.033429146 0.338580966 0.083147950 0.225839853 0.112878546 0.964023471
1403715984384058112.000000 1.156197906 -1.038937211 0.315511227 0.081676424 0.203314498 0.106785543 0.969839692
1403715984434058240.000000 1.122908354 -1.040297031 0.310024023 0.083025612 0.185159609 0.098686866 0.974209189
1403715984484058112.000000 1.091653466 -1.043821096 0.296447873 0.079800181 0.166168734 0.089561567 0.978774071
1403715984534057984.000000 1.059222460 -1.045950532 0.303530961 0.078275897 0.148737386 0.083765522 0.982208431
1403715984584058368.000000 1.030446768 -1.047376633 0.289494365 0.069316901 0.129062757 0.075224511 0.986346424
1403715984634057984.000000 0.999426603 -1.043472171 0.275245905 0.061040789 0.109250546 0.065724939 0.989958882
1403715984684058112.000000 0.965820432 -1.046550989 0.252619833 0.050014604 0.087715246 0.056321070 0.993293762
1403715984734058240.000000 0.935463130 -1.041534066 0.235552028 0.045206737 0.064596780 0.049072411 0.995678425
1403715984784058112.000000 0.887507141 -1.041579843 0.212375596 0.040935803 0.044083327 0.045343969 0.997158408
1403715984834057984.000000 0.852536678 -1.047335982 0.183910117 0.037119143 0.018717118 0.044643372 0.998137653
1403715984884058112.000000 0.832048476 -1.032646775 0.173394918 0.042675607 -0.008079250 0.037647173 0.998346806
1403715984934058240.000000 0.826599896 -1.018230438 0.161707669 0.049036868 -0.038584422 0.032157511 0.997533262
1403715984984058112.000000 0.823833883 -1.009043336 0.153813064 0.053664435 -0.067077763 0.022113279 0.996058106
1403715985034057984.000000 0.763226151 -0.974813104 0.127696350 0.063166320 -0.076399498 0.013389554 0.994984329
1403715985084058368.000000 0.679613113 -0.994984806 0.100276873 0.057598829 -0.075889945 0.006263165 0.995431483
1403715985134057984.000000 0.640027165 -1.004722357 0.073332816 0.052672669 -0.083243400 0.000662982 0.995136023
1403715985184058112.000000 0.609849274 -0.994464278 0.051897764 0.054817930 -0.090785317 -0.006240074 0.994341075
1403715985234058240.000000 0.611616790 -0.989124179 0.028684132 0.056271549 -0.103789248 -0.016875399 0.992862821
1403715985284058112.000000 0.605788052 -0.980061650 0.001957658 0.058019824 -0.109105080 -0.027900241 0.991943240
1403715985334057984.000000 0.585934639 -0.973032475 -0.018332940 0.058855496 -0.110142238 -0.039280400 0.991393864
1403715985384058112.000000 0.564090908 -0.958355904 -0.051130161 0.061269172 -0.107666962 -0.044103365 0.991316736
1403715985434058240.000000 0.522548914 -0.957813978 -0.081884995 0.058654960 -0.101831362 -0.041387871 0.992208183
1403715985484058112.000000 0.495213777 -0.955995917 -0.113123290 0.052576415 -0.097478762 -0.035667714 0.993207693
1403715985534057984.000000 0.475046009 -0.946383953 -0.145787627 0.045296907 -0.093234047 -0.029466663 0.994176745
1403715985584058368.000000 0.458132595 -0.940951705 -0.176335901 0.033782337 -0.088121973 -0.023229670 0.995265663
1403715985634057984.000000 0.430436164 -0.915812612 -0.212673157 0.022274060 -0.079073310 -0.015527415 0.996498942
1403715985684058112.000000 0.410117179 -0.896392345 -0.243707478 0.009457470 -0.072693020 -0.009702661 0.997262359
1403715985734058240.000000 0.369450390 -0.905450106 -0.267695904 -0.011379099 -0.063355677 -0.003701033 0.997919261
1403715985784058112.000000 0.354847193 -0.876869202 -0.298059970 -0.021408463 -0.061368831 0.007405492 0.997858107
1403715985834057984.000000 0.316398859 -0.865570724 -0.325831831 -0.030799663 -0.054467425 0.017279118 0.997890890
1403715985884058112.000000 0.305006415 -0.845832348 -0.351394117 -0.033770464 -0.053063042 0.025925212 0.997683227
1403715985934058240.000000 0.283643097 -0.815395117 -0.374229670 -0.029753285 -0.049570739 0.032083847 0.997811735
1403715985984058112.000000 0.258875549 -0.821024597 -0.388320744 -0.030639868 -0.045896053 0.037977535 0.997753739
1403715986034057984.000000 0.238345936 -0.786618173 -0.406613737 -0.023009537 -0.042904604 0.043051839 0.997885942
1403715986084058368.000000 0.210572466 -0.774923682 -0.418569922 -0.018246433 -0.038790338 0.046392813 0.998003066
1403715986134057984.000000 0.187746406 -0.754177153 -0.434000850 -0.013400521 -0.036594376 0.050858021 0.997945309
1403715986184058112.000000 0.162603483 -0.727536500 -0.444646239 -0.007822106 -0.034204952 0.054044556 0.997921944
1403715986234058240.000000 0.149306476 -0.714474380 -0.453623980 -0.006049500 -0.034002751 0.054953478 0.997891486
1403715986284058112.000000 0.133612514 -0.679783821 -0.461490929 -0.000471650 -0.032491915 0.052778758 0.998077393
1403715986334057984.000000 0.138572097 -0.649610221 -0.470776379 0.007604973 -0.033472102 0.045886546 0.998356819
1403715986384058112.000000 0.106748417 -0.646604300 -0.478671372 0.013001133 -0.026152587 0.038769785 0.998821259
1403715986434058240.000000 0.088148326 -0.623656631 -0.482450128 0.020185815 -0.022533869 0.032776944 0.999004781
1403715986484058112.000000 0.071984738 -0.602686465 -0.489633799 0.020779517 -0.020762719 0.027947037 0.999177754
1403715986534057984.000000 0.071754672 -0.583595395 -0.490981817 0.013361521 -0.022593670 0.024652250 0.999351501
1403715986584058368.000000 0.054008655 -0.565371633 -0.498997599 0.001651495 -0.021167723 0.020805424 0.999558151
1403715986634057984.000000 0.043976996 -0.545060515 -0.504466116 -0.013100537 -0.022055274 0.017265126 0.999521852
1403715986684058112.000000 0.040120408 -0.532970965 -0.509626985 -0.028298618 -0.024491975 0.015826980 0.999174118
1403715986734058240.000000 0.030160330 -0.517156839 -0.507762194 -0.038767681 -0.025664873 0.014320960 0.998815954
1403715986784058112.000000 0.019953193 -0.477204353 -0.506918967 -0.038530443 -0.026149401 0.012821518 0.998832941
1403715986834057984.000000 0.014021588 -0.460075259 -0.505323768 -0.037660155 -0.027222037 0.012872118 0.998836875
1403715986884058112.000000 0.001795842 -0.439556420 -0.502927899 -0.032138940 -0.027160328 0.011707578 0.999045730
1403715986934058240.000000 -0.006315706 -0.424980164 -0.498652309 -0.024979010 -0.027020313 0.013691724 0.999229014
1403715986984058112.000000 -0.020936359 -0.415074438 -0.488597035 -0.015010916 -0.023857178 0.015506332 0.999482453
1403715987034057984.000000 -0.031954601 -0.400697738 -0.480375350 -0.001142664 -0.021459680 0.022937845 0.999505937
1403715987084058368.000000 -0.036101766 -0.397055387 -0.471143574 0.009408516 -0.018467158 0.029012427 0.999364197
1403715987134057984.000000 -0.039562959 -0.387661844 -0.463265479 0.018598687 -0.016189648 0.042270515 0.998801887
1403715987184058112.000000 -0.049265210 -0.376001537 -0.454910547 0.027774660 -0.011183844 0.052577272 0.998167992
1403715987234058240.000000 -0.048556320 -0.370244086 -0.447956681 0.033667918 -0.007057318 0.062221937 0.997469366
1403715987284058112.000000 -0.054102246 -0.358697444 -0.439129025 0.040096764 -0.000340433 0.070262425 0.996722341
1403715987334057984.000000 -0.060695212 -0.347788662 -0.433542490 0.041960251 0.006634391 0.072512984 0.996462345
1403715987384058112.000000 -0.060919836 -0.329657316 -0.426184952 0.043325160 0.013607006 0.069364682 0.996557295
1403715987434058240.000000 -0.068853021 -0.320333749 -0.422296166 0.041049436 0.021741921 0.063450269 0.996903360
1403715987484058112.000000 -0.068002090 -0.303806782 -0.416261017 0.038727459 0.027869038 0.056259755 0.997275472
1403715987534057984.000000 -0.063771367 -0.291053057 -0.415438145 0.033796519 0.030940333 0.051447995 0.997623980
1403715987584058368.000000 -0.065652803 -0.270836234 -0.414061159 0.030852979 0.034258880 0.046964005 0.997832119
1403715987634057984.000000 -0.062075641 -0.262459934 -0.411004007 0.025851164 0.035534121 0.044436980 0.998045325
1403715987684058112.000000 -0.057601802 -0.250114024 -0.413246095 0.024444133 0.035815798 0.041715328 0.998188138
1403715987734058240.000000 -0.056750819 -0.239578485 -0.411966860 0.021720449 0.036125217 0.038877308 0.998354554
1403715987784058112.000000 -0.057823975 -0.227040067 -0.412497073 0.017356243 0.037027042 0.036240481 0.998506069
1403715987834057984.000000 -0.052949280 -0.211547732 -0.414869308 0.009902187 0.035195939 0.034334928 0.998741329
1403715987884058112.000000 -0.050583623 -0.200989500 -0.415746003 0.001056372 0.034230169 0.032476608 0.998885632
1403715987934058240.000000 -0.056579642 -0.189321592 -0.412229151 -0.006269761 0.034216870 0.031351060 0.998902917
1403715987984058112.000000 -0.050238274 -0.178105518 -0.413738549 -0.012283602 0.031850629 0.030271877 0.998958588
1403715988034057984.000000 -0.048292432 -0.169569522 -0.411337435 -0.014104236 0.030091153 0.029341368 0.999016881
1403715988084058368.000000 -0.042844143 -0.165967107 -0.409775019 -0.012311006 0.027561383 0.028931821 0.999125540
1403715988134057984.000000 -0.050735418 -0.149488285 -0.401689798 -0.003853294 0.028628398 0.028186897 0.999185205
1403715988184058112.000000 -0.052959520 -0.141718403 -0.398955375 0.003566035 0.028601157 0.026981462 0.999220371
1403715988234058240.000000 -0.051764168 -0.137456208 -0.393799931 0.009750814 0.027559884 0.025228286 0.999254227
1403715988284058112.000000 -0.046685215 -0.135916501 -0.388273329 0.016086522 0.026295895 0.023740673 0.999242783
1403715988334057984.000000 -0.047296345 -0.133061334 -0.384689033 0.021285154 0.026420524 0.021637473 0.999190092
1403715988384058112.000000 -0.049152538 -0.129078388 -0.382340670 0.026984137 0.025543258 0.023191599 0.999040425
1403715988434058240.000000 -0.049360707 -0.124815390 -0.378924459 0.029993784 0.024077026 0.025635136 0.998931170
1403715988484058112.000000 -0.047592025 -0.121387929 -0.375814050 0.032659288 0.021779539 0.029597726 0.998790801
1403715988534057984.000000 -0.049584221 -0.113395512 -0.374050826 0.034576695 0.019654464 0.036029033 0.998558998
1403715988584058368.000000 -0.052017357 -0.109276712 -0.371839613 0.034803063 0.018437576 0.041136108 0.998377025
1403715988634057984.000000 -0.049251396 -0.107616886 -0.371368557 0.033247627 0.015464950 0.047545809 0.998195827
1403715988684058112.000000 -0.050157897 -0.103496514 -0.369898111 0.031296078 0.013319247 0.054700691 0.997923374
1403715988734058240.000000 -0.050208058 -0.102624774 -0.370699555 0.027386051 0.012534486 0.058262270 0.997846901
1403715988784058112.000000 -0.052279513 -0.098081097 -0.371718585 0.022550579 0.013067772 0.059942190 0.997861564
1403715988834057984.000000 -0.046215292 -0.097744167 -0.374808848 0.016317805 0.013440886 0.057595357 0.998116136
1403715988884058112.000000 -0.047416806 -0.086366661 -0.372835100 0.013393916 0.016431406 0.054278769 0.998300850
1403715988934058240.000000 -0.040250257 -0.079894453 -0.374011427 0.010828347 0.017877508 0.050764870 0.998491943
1403715988984058112.000000 -0.041182559 -0.080842659 -0.376028925 0.008503708 0.021147164 0.046677861 0.998649895
1403715989034057984.000000 -0.024149785 -0.083070911 -0.379211098 0.006557668 0.020808328 0.043240182 0.998826504
1403715989084058368.000000 -0.016804930 -0.084558927 -0.381096542 0.004347489 0.022017621 0.041101892 0.998902917
1403715989134057984.000000 -0.014002440 -0.080409504 -0.381451845 0.005674922 0.024447631 0.039292213 0.998912513
1403715989184058112.000000 -0.003989185 -0.078643523 -0.380851746 0.005202189 0.024491878 0.039292276 0.998914003
1403715989234058240.000000 -0.000126031 -0.077443115 -0.381299764 0.004743017 0.025888285 0.038148355 0.998925507
1403715989284058112.000000 0.008529812 -0.077863209 -0.378953755 0.005109941 0.026017820 0.038408689 0.998910308
1403715989334057984.000000 0.012537113 -0.078479864 -0.381471097 0.005502050 0.027579129 0.038001515 0.998881876
1403715989384058112.000000 0.017398296 -0.077855580 -0.380078763 0.006870951 0.028524477 0.037713759 0.998857737
1403715989434058240.000000 0.025379352 -0.077577591 -0.378062010 0.005922036 0.028971162 0.037573494 0.998856306
1403715989484058112.000000 0.028838452 -0.076526523 -0.376686662 0.006162220 0.029733039 0.037695281 0.998827875
1403715989534057984.000000 0.038454197 -0.076531686 -0.374562174 0.005288330 0.029387830 0.038285404 0.998820603
1403715989584058368.000000 0.046146333 -0.078590266 -0.372236788 0.006871305 0.029719135 0.037522525 0.998830140
1403715989634057984.000000 0.051500134 -0.079237431 -0.369270593 0.011323086 0.031155961 0.036490459 0.998784065
1403715989684058112.000000 0.058539335 -0.078437671 -0.367096364 0.017045710 0.031519528 0.034549184 0.998760402
1403715989734058240.000000 0.066383287 -0.078505017 -0.363681018 0.021546466 0.031654045 0.034041923 0.998686671
1403715989784058112.000000 0.072650656 -0.077660091 -0.358289212 0.025160635 0.032310944 0.032370832 0.998636663
1403715989834057984.000000 0.078317389 -0.074329652 -0.357694387 0.027734948 0.032657180 0.030870933 0.998604655
1403715989884058112.000000 0.085393630 -0.075209811 -0.352905810 0.028655967 0.032729972 0.028802171 0.998638093
1403715989934058240.000000 0.088909872 -0.072619349 -0.349812657 0.029706208 0.034345843 0.025121804 0.998652577
1403715989984058112.000000 0.095651470 -0.069940500 -0.347951174 0.029351644 0.033506647 0.023716465 0.998725891
1403715990034057984.000000 0.099954918 -0.067749292 -0.346208155 0.028634593 0.033455253 0.022513915 0.998776257
1403715990084058368.000000 0.105084822 -0.064462423 -0.343346477 0.028185859 0.032840926 0.022129241 0.998818040
1403715990134057984.000000 0.107936010 -0.061387278 -0.340892702 0.026864307 0.032645669 0.021108685 0.998882890
1403715990184058112.000000 0.111912213 -0.057918999 -0.339465380 0.025605647 0.031447381 0.020984294 0.998956978
1403715990234058240.000000 0.114757545 -0.052928574 -0.336148024 0.024010545 0.031362031 0.019530708 0.999028802
1403715990284058112.000000 0.115414962 -0.047920745 -0.338317007 0.023576524 0.031101169 0.019119307 0.999055266
1403715990334057984.000000 0.117943861 -0.042160321 -0.334640265 0.023193004 0.030793574 0.017376207 0.999105573
1403715990384058112.000000 0.119596481 -0.036123600 -0.329852164 0.022245849 0.030577289 0.016454687 0.999149382
1403715990434058240.000000 0.120221548 -0.028484346 -0.327263653 0.021306716 0.030648001 0.016419370 0.999168217
1403715990484058112.000000 0.119024634 -0.021025637 -0.326481223 0.019163257 0.030865200 0.014866304 0.999229252
1403715990534057984.000000 0.117575467 -0.011661413 -0.323475093 0.019019382 0.030754723 0.015719028 0.999222398
1403715990584058368.000000 0.114400074 -0.000393065 -0.323225915 0.016968358 0.030022737 0.014532343 0.999299526
1403715990634057984.000000 0.111583062 0.010002110 -0.320794851 0.013759210 0.030248567 0.013143315 0.999361277
1403715990684058112.000000 0.109887376 0.019411119 -0.313673317 0.009716086 0.030154068 0.013050831 0.999412835
1403715990734058240.000000 0.106953941 0.033115391 -0.309123188 0.007250372 0.029067012 0.012538525 0.999472499
1403715990784058112.000000 0.102039553 0.043169826 -0.302925944 0.005686260 0.029267263 0.011404946 0.999490380
1403715990834057984.000000 0.096616969 0.055141196 -0.298286349 0.003821598 0.027973937 0.012852335 0.999518752
1403715990884058112.000000 0.088727243 0.064139888 -0.292301357 -0.000024816 0.030218909 0.008471799 0.999507427
1403715990934058240.000000 0.080731884 0.075432576 -0.286260784 -0.000477814 0.030095462 0.010254965 0.999494314
1403715990984058112.000000 0.072450779 0.082727894 -0.280453116 -0.000106326 0.030244606 0.008990861 0.999502122
1403715991034057984.000000 0.064264856 0.088641629 -0.271442950 0.001987816 0.026952313 0.013160804 0.999548137
1403715991084058368.000000 0.052102566 0.093692556 -0.266029745 0.006827120 0.029059030 0.009230595 0.999511778
1403715991134057984.000000 0.044317886 0.093199909 -0.263172090 0.015596841 0.027247841 0.016057989 0.999378085
1403715991184058112.000000 0.039368119 0.092705473 -0.258926898 0.016135652 0.028056927 0.011733121 0.999407232
1403715991234058240.000000 0.036965333 0.090774007 -0.260160714 0.014117025 0.030194953 0.004824609 0.999432743
1403715991284058112.000000 0.033860799 0.092965193 -0.263971984 0.016607087 0.032224752 0.001360321 0.999341786
1403715991334057984.000000 0.034532562 0.091966599 -0.255046308 0.019560197 0.030343728 0.007870399 0.999317169
1403715991384058112.000000 0.039791103 0.092993289 -0.261238486 0.017728249 0.025958853 0.018715002 0.999330580
1403715991434058240.000000 0.039581727 0.093156740 -0.261101604 0.018044312 0.027015410 0.016485108 0.999336243
1403715991484058112.000000 0.038667068 0.092515558 -0.259624630 0.018048931 0.026610466 0.017177332 0.999335349
1403715991534057984.000000 0.038991764 0.092785552 -0.261068553 0.017338039 0.026720483 0.016256349 0.999360383
1403715991584058368.000000 0.038523488 0.092504203 -0.260577321 0.018538870 0.026933245 0.017069282 0.999319553
1403715991634057984.000000 0.039090779 0.092578366 -0.260820210 0.017562339 0.026426984 0.016265498 0.999364138
1403715991684058112.000000 0.038249768 0.093671694 -0.258179307 0.018551750 0.026472455 0.016884694 0.999334812
1403715991734058240.000000 0.038493708 0.092846952 -0.260529608 0.019022342 0.026644574 0.017870160 0.999304235
1403715991784058112.000000 0.038309399 0.093318328 -0.258626133 0.018067826 0.026873698 0.016965656 0.999331594
1403715991834057984.000000 0.038344555 0.093646355 -0.258530110 0.019030120 0.026242664 0.017977903 0.999312758
1403715991884058112.000000 0.038109917 0.093208589 -0.259261042 0.018650874 0.026585486 0.017271554 0.999323368
1403715991934058240.000000 0.038173739 0.093545772 -0.259667426 0.018813474 0.026394576 0.016840236 0.999332726
1403715991984058112.000000 0.038336698 0.093740448 -0.259755641 0.018876474 0.026396593 0.017479660 0.999320447
1403715992034057984.000000 0.038402531 0.093535818 -0.260013402 0.017887078 0.025818272 0.017855512 0.999347150
1403715992084058368.000000 0.038261268 0.093032196 -0.260842592 0.017645741 0.026550792 0.016998254 0.999347210
1403715992134057984.000000 0.038419295 0.093243003 -0.260718048 0.018003305 0.026222814 0.016911926 0.999350905
1403715992184058112.000000 0.038355030 0.093339302 -0.260919511 0.018062448 0.026254727 0.017760394 0.999334335
1403715992234058240.000000 0.038038321 0.093683809 -0.258360237 0.018865291 0.026427323 0.016774660 0.999332011
1403715992284058112.000000 0.037513893 0.093313225 -0.256024092 0.018901039 0.027074976 0.016740570 0.999314487
1403715992334057984.000000 0.038272433 0.093698591 -0.259965181 0.018753491 0.026684634 0.017907955 0.999307573
1403715992384058112.000000 0.038389578 0.093257390 -0.260552764 0.018269518 0.026375137 0.017750829 0.999327540
1403715992434058240.000000 0.038049426 0.093574569 -0.258765459 0.019173669 0.026736442 0.017428560 0.999306679
1403715992484058112.000000 0.038171753 0.093699202 -0.258738220 0.018861096 0.026779426 0.017300846 0.999313653
1403715992534057984.000000 0.038385570 0.092684343 -0.261127293 0.017538810 0.026917279 0.015233469 0.999367714
1403715992584058368.000000 0.038462747 0.093427889 -0.259679615 0.018514965 0.026699863 0.017500613 0.999318779
1403715992634057984.000000 0.038031209 0.093226969 -0.259077460 0.018362710 0.026630176 0.016679581 0.999337554
1403715992684058112.000000 0.037925176 0.093274541 -0.258465886 0.018473480 0.026606623 0.016917653 0.999332130
1403715992734058240.000000 0.038223539 0.093144745 -0.259817630 0.018113788 0.026704527 0.016401192 0.999344766
1403715992784058112.000000 0.038385164 0.093392424 -0.259329617 0.019169072 0.026697282 0.017424066 0.999307930
1403715992834057984.000000 0.038792688 0.093279712 -0.260635525 0.018247826 0.026483363 0.017473143 0.999329984
1403715992884058112.000000 0.038078941 0.093486220 -0.258502454 0.019027613 0.026538188 0.017695811 0.999310076
1403715992934058240.000000 0.038230378 0.093326695 -0.258998632 0.018643592 0.025856351 0.017372882 0.999340892
1403715992984058112.000000 0.037767690 0.093446292 -0.258751839 0.018428341 0.027096229 0.016678456 0.999323785
1403715993034057984.000000 0.037885804 0.093406007 -0.258801609 0.018327622 0.026635259 0.016984969 0.999332964
1403715993084058368.000000 0.037940498 0.093491375 -0.258592159 0.018706838 0.026665818 0.016948760 0.999325633
1403715993134057984.000000 0.038096938 0.093666963 -0.258475780 0.018933378 0.026274810 0.017721549 0.999318361
1403715993184058112.000000 0.037870560 0.093606211 -0.258448809 0.018791629 0.026658755 0.017424518 0.999316096
1403715993234058240.000000 0.037957445 0.093784846 -0.258448243 0.019194983 0.026833259 0.017178178 0.999307990
1403715993284058112.000000 0.038107514 0.093622647 -0.259127498 0.019076187 0.026640803 0.016463209 0.999327481
1403715993334057984.000000 0.038253643 0.093603089 -0.259406865 0.019334389 0.026335584 0.017469617 0.999313533
1403715993384058112.000000 0.038097583 0.093767308 -0.258567214 0.019108552 0.026595809 0.016578432 0.999326169
1403715993434058240.000000 0.038165651 0.093782254 -0.258419186 0.018900836 0.026382715 0.017663196 0.999317169
1403715993484058112.000000 0.038129605 0.093865506 -0.258241355 0.019154999 0.026475620 0.017129485 0.999319136
1403715993534057984.000000 0.038383145 0.093419775 -0.259613454 0.018592253 0.026266987 0.017152078 0.999334872
1403715993584058368.000000 0.038155332 0.093899854 -0.258339852 0.019128516 0.026611999 0.017349690 0.999312222
1403715993634057984.000000 0.038156189 0.093874164 -0.258562744 0.019352835 0.026539968 0.017466530 0.999307811
1403715993684058112.000000 0.038258150 0.093652576 -0.258790910 0.018574193 0.026626751 0.016550951 0.999335825
1403715993734058240.000000 0.038334232 0.093686000 -0.258888155 0.019736400 0.026185732 0.017756924 0.999304533
1403715993784058112.000000 0.038180273 0.093625337 -0.258935899 0.019013250 0.026008464 0.017253660 0.999332011
1403715993834057984.000000 0.038170628 0.093981266 -0.258318275 0.019779395 0.026628461 0.017236790 0.999301076
1403715993884058112.000000 0.038007781 0.093903780 -0.258487910 0.019596210 0.026655717 0.017401913 0.999301076
1403715993934058240.000000 0.038126994 0.093640044 -0.259103894 0.018186612 0.026619392 0.017664570 0.999324083
1403715993984058112.000000 0.038119234 0.093933269 -0.258494437 0.020070715 0.026519770 0.017178409 0.999299228
