frame_id,ts,state,n_kps,n_map_pts,n_inliers,n_lost_kps,reproj_mean_px,reproj_std_px,reproj_median_px,n_reproj,obs_per_mp,n_local_mps,n_local_kfs,is_kf,n_global_kfs,n_global_mps,image_name
0,1403715886.58,1,3313,0,0,3313,0,0,0,0,0,0,0,0,0,0,
1,1403715886.63,1,3373,0,0,3373,0,0,0,0,0,0,0,0,0,0,
2,1403715886.68,1,3409,0,0,3409,0,0,0,0,0,0,0,0,0,0,
3,1403715886.73,1,3325,0,0,3325,0,0,0,0,0,0,0,0,0,0,
4,1403715886.78,1,3409,0,0,3409,0,0,0,0,0,0,0,0,0,0,
5,1403715886.83,1,3425,0,0,3425,0,0,0,0,0,0,0,0,0,0,
6,1403715886.88,1,3294,0,0,3294,0,0,0,0,0,0,0,0,0,0,
7,1403715886.93,1,3437,0,0,3437,0,0,0,0,0,0,0,0,0,0,
8,1403715886.98,1,3421,0,0,3421,0,0,0,0,0,0,0,0,0,0,
9,1403715887.03,1,3305,0,0,3305,0,0,0,0,0,0,0,0,0,0,
10,1403715887.08,1,3386,0,0,3386,0,0,0,0,0,0,0,0,0,0,
11,1403715887.13,1,3400,0,0,3400,0,0,0,0,0,0,0,0,0,0,
12,1403715887.18,1,3323,0,0,3323,0,0,0,0,0,0,0,0,0,0,
13,1403715887.23,1,3417,0,0,3417,0,0,0,0,0,0,0,0,0,0,
14,1403715887.28,1,3348,0,0,3348,0,0,0,0,0,0,0,0,0,0,
15,1403715887.33,1,3353,0,0,3353,0,0,0,0,0,0,0,0,0,0,
16,1403715887.38,1,3408,0,0,3408,0,0,0,0,0,0,0,0,0,0,
17,1403715887.43,1,3306,0,0,3306,0,0,0,0,0,0,0,0,0,0,
18,1403715887.48,1,3368,0,0,3368,0,0,0,0,0,0,0,0,0,0,
19,1403715887.53,1,3335,0,0,3335,0,0,0,0,0,0,0,0,0,0,
20,1403715887.58,1,3448,0,0,3448,0,0,0,0,0,0,0,0,0,0,
21,1403715887.63,1,3379,0,0,3379,0,0,0,0,0,0,0,0,0,0,
22,1403715887.68,1,3368,0,0,3368,0,0,0,0,0,0,0,0,0,0,
23,1403715887.73,1,3347,0,0,3347,0,0,0,0,0,0,0,0,0,0,
24,1403715887.78,1,3432,0,0,3432,0,0,0,0,0,0,0,0,0,0,
25,1403715887.83,1,3332,0,0,3332,0,0,0,0,0,0,0,0,0,0,
26,1403715887.88,1,3343,0,0,3343,0,0,0,0,0,0,0,0,0,0,
27,1403715887.93,1,3301,0,0,3301,0,0,0,0,0,0,0,0,0,0,
28,1403715887.98,1,3359,0,0,3359,0,0,0,0,0,0,0,0,0,0,
29,1403715888.03,1,3461,0,0,3461,0,0,0,0,0,0,0,0,0,0,
30,1403715888.08,1,3373,0,0,3373,0,0,0,0,0,0,0,0,0,0,
31,1403715888.13,1,3370,0,0,3370,0,0,0,0,0,0,0,0,0,0,
32,1403715888.18,1,3325,0,0,3325,0,0,0,0,0,0,0,0,0,0,
33,1403715888.23,1,3357,0,0,3357,0,0,0,0,0,0,0,0,0,0,
34,1403715888.28,1,3427,0,0,3427,0,0,0,0,0,0,0,0,0,0,
35,1403715888.33,1,3396,0,0,3396,0,0,0,0,0,0,0,0,0,0,
36,1403715888.38,1,3464,0,0,3464,0,0,0,0,0,0,0,0,0,0,
37,1403715888.43,1,3335,0,0,3335,0,0,0,0,0,0,0,0,0,0,
38,1403715888.48,1,3370,0,0,3370,0,0,0,0,0,0,0,0,0,0,
39,1403715888.53,1,3360,0,0,3360,0,0,0,0,0,0,0,0,0,0,
40,1403715888.58,1,3399,0,0,3399,0,0,0,0,0,0,0,0,0,0,
41,1403715888.63,1,3448,0,0,3448,0,0,0,0,0,0,0,0,0,0,
42,1403715888.68,1,3431,0,0,3431,0,0,0,0,0,0,0,0,0,0,
43,1403715888.73,1,3385,0,0,3385,0,0,0,0,0,0,0,0,0,0,
44,1403715888.78,1,3320,0,0,3320,0,0,0,0,0,0,0,0,0,0,
45,1403715888.83,1,3254,0,0,3254,0,0,0,0,0,0,0,0,0,0,
46,1403715888.88,1,3368,0,0,3368,0,0,0,0,0,0,0,0,0,0,
47,1403715888.93,1,3341,0,0,3341,0,0,0,0,0,0,0,0,0,0,
48,1403715888.98,1,3308,0,0,3308,0,0,0,0,0,0,0,0,0,0,
49,1403715889.03,1,3296,0,0,3296,0,0,0,0,0,0,0,0,0,0,
50,1403715889.08,1,3383,0,0,3383,0,0,0,0,0,0,0,0,0,0,
51,1403715889.13,1,3430,0,0,3430,0,0,0,0,0,0,0,0,0,0,
52,1403715889.18,1,3497,0,0,3497,0,0,0,0,0,0,0,0,0,0,
53,1403715889.23,1,3334,0,0,3334,0,0,0,0,0,0,0,0,0,0,
54,1403715889.28,1,3408,0,0,3408,0,0,0,0,0,0,0,0,0,0,
55,1403715889.33,1,3349,0,0,3349,0,0,0,0,0,0,0,0,0,0,
56,1403715889.38,1,3445,0,0,3445,0,0,0,0,0,0,0,0,0,0,
57,1403715889.43,1,3321,0,0,3321,0,0,0,0,0,0,0,0,0,0,
58,1403715889.48,1,3456,0,0,3456,0,0,0,0,0,0,0,0,0,0,
59,1403715889.53,1,3415,0,0,3415,0,0,0,0,0,0,0,0,0,0,
60,1403715889.58,1,3445,0,0,3445,0,0,0,0,0,0,0,0,0,0,
61,1403715889.63,1,3319,0,0,3319,0,0,0,0,0,0,0,0,0,0,
62,1403715889.68,1,3430,0,0,3430,0,0,0,0,0,0,0,0,0,0,
63,1403715889.73,1,3334,0,0,3334,0,0,0,0,0,0,0,0,0,0,
64,1403715889.78,1,3345,0,0,3345,0,0,0,0,0,0,0,0,0,0,
65,1403715889.83,1,3330,0,0,3330,0,0,0,0,0,0,0,0,0,0,
66,1403715889.88,1,3393,0,0,3393,0,0,0,0,0,0,0,0,0,0,
67,1403715889.93,1,3343,0,0,3343,0,0,0,0,0,0,0,0,0,0,
68,1403715889.98,1,3336,0,0,3336,0,0,0,0,0,0,0,0,0,0,
69,1403715890.03,1,3448,0,0,3448,0,0,0,0,0,0,0,0,0,0,
70,1403715890.08,1,3310,0,0,3310,0,0,0,0,0,0,0,0,0,0,
71,1403715890.13,1,3359,0,0,3359,0,0,0,0,0,0,0,0,0,0,
72,1403715890.18,1,3430,0,0,3430,0,0,0,0,0,0,0,0,0,0,
73,1403715890.23,1,3317,0,0,3317,0,0,0,0,0,0,0,0,0,0,
74,1403715890.28,1,3413,0,0,3413,0,0,0,0,0,0,0,0,0,0,
75,1403715890.33,1,3383,0,0,3383,0,0,0,0,0,0,0,0,0,0,
76,1403715890.38,1,3369,0,0,3369,0,0,0,0,0,0,0,0,0,0,
77,1403715890.43,1,3380,0,0,3380,0,0,0,0,0,0,0,0,0,0,
78,1403715890.48,1,3355,0,0,3355,0,0,0,0,0,0,0,0,0,0,
79,1403715890.53,1,3369,0,0,3369,0,0,0,0,0,0,0,0,0,0,
80,1403715890.58,1,3363,0,0,3363,0,0,0,0,0,0,0,0,0,0,
81,1403715890.63,1,3379,0,0,3379,0,0,0,0,0,0,0,0,0,0,
82,1403715890.68,1,3335,0,0,3335,0,0,0,0,0,0,0,0,0,0,
83,1403715890.73,1,3474,0,0,3474,0,0,0,0,0,0,0,0,0,0,
84,1403715890.78,1,3366,0,0,3366,0,0,0,0,0,0,0,0,0,0,
85,1403715890.83,1,3362,0,0,3362,0,0,0,0,0,0,0,0,0,0,
86,1403715890.88,1,3384,0,0,3384,0,0,0,0,0,0,0,0,0,0,
87,1403715890.93,1,3287,0,0,3287,0,0,0,0,0,0,0,0,0,0,
88,1403715890.98,1,3348,0,0,3348,0,0,0,0,0,0,0,0,0,0,
89,1403715891.03,1,3358,0,0,3358,0,0,0,0,0,0,0,0,0,0,
90,1403715891.08,1,3408,0,0,3408,0,0,0,0,0,0,0,0,0,0,
91,1403715891.13,1,3382,0,0,3382,0,0,0,0,0,0,0,0,0,0,
92,1403715891.18,1,3349,0,0,3349,0,0,0,0,0,0,0,0,0,0,
93,1403715891.23,1,3447,0,0,3447,0,0,0,0,0,0,0,0,0,0,
94,1403715891.28,1,3356,0,0,3356,0,0,0,0,0,0,0,0,0,0,
95,1403715891.33,1,3443,0,0,3443,0,0,0,0,0,0,0,0,0,0,
96,1403715891.38,1,3379,0,0,3379,0,0,0,0,0,0,0,0,0,0,
97,1403715891.43,1,3263,0,0,3263,0,0,0,0,0,0,0,0,0,0,
98,1403715891.48,1,3363,0,0,3363,0,0,0,0,0,0,0,0,0,0,
99,1403715891.53,1,3389,0,0,3389,0,0,0,0,0,0,0,0,0,0,
100,1403715891.58,1,3463,0,0,3463,0,0,0,0,0,0,0,0,0,0,
101,1403715891.63,1,3364,0,0,3364,0,0,0,0,0,0,0,0,0,0,
102,1403715891.68,1,3429,0,0,3429,0,0,0,0,0,0,0,0,0,0,
103,1403715891.73,1,3394,0,0,3394,0,0,0,0,0,0,0,0,0,0,
104,1403715891.78,1,3444,0,0,3444,0,0,0,0,0,0,0,0,0,0,
105,1403715891.83,1,3321,0,0,3321,0,0,0,0,0,0,0,0,0,0,
106,1403715891.88,1,3344,0,0,3344,0,0,0,0,0,0,0,0,0,0,
107,1403715891.93,1,3376,0,0,3376,0,0,0,0,0,0,0,0,0,0,
108,1403715891.98,1,3424,0,0,3424,0,0,0,0,0,0,0,0,0,0,
109,1403715892.03,1,3396,0,0,3396,0,0,0,0,0,0,0,0,0,0,
110,1403715892.08,1,3417,0,0,3417,0,0,0,0,0,0,0,0,0,0,
111,1403715892.13,1,3318,0,0,3318,0,0,0,0,0,0,0,0,0,0,
112,1403715892.18,1,3335,0,0,3335,0,0,0,0,0,0,0,0,0,0,
113,1403715892.23,1,3286,0,0,3286,0,0,0,0,0,0,0,0,0,0,
114,1403715892.28,1,3317,0,0,3317,0,0,0,0,0,0,0,0,0,0,
115,1403715892.33,1,3287,0,0,3287,0,0,0,0,0,0,0,0,0,0,
116,1403715892.38,1,3385,0,0,3385,0,0,0,0,0,0,0,0,0,0,
117,1403715892.43,1,3257,0,0,3257,0,0,0,0,0,0,0,0,0,0,
118,1403715892.48,1,3330,0,0,3330,0,0,0,0,0,0,0,0,0,0,
119,1403715892.53,1,3335,0,0,3335,0,0,0,0,0,0,0,0,0,0,
120,1403715892.58,1,3311,0,0,3311,0,0,0,0,0,0,0,0,0,0,
121,1403715892.63,1,3357,0,0,3357,0,0,0,0,0,0,0,0,0,0,
122,1403715892.68,1,3361,0,0,3361,0,0,0,0,0,0,0,0,0,0,
123,1403715892.73,1,3298,0,0,3298,0,0,0,0,0,0,0,0,0,0,
124,1403715892.78,1,3375,0,0,3375,0,0,0,0,0,0,0,0,0,0,
125,1403715892.83,1,3329,0,0,3329,0,0,0,0,0,0,0,0,0,0,
126,1403715892.88,1,3293,0,0,3293,0,0,0,0,0,0,0,0,0,0,
127,1403715892.93,1,3236,0,0,3236,0,0,0,0,0,0,0,0,0,0,
128,1403715892.98,1,3375,0,0,3375,0,0,0,0,0,0,0,0,0,0,
129,1403715893.03,1,3341,0,0,3341,0,0,0,0,0,0,0,0,0,0,
130,1403715893.08,1,3257,0,0,3257,0,0,0,0,0,0,0,0,0,0,
131,1403715893.13,1,3308,0,0,3308,0,0,0,0,0,0,0,0,0,0,
132,1403715893.18,1,3406,0,0,3406,0,0,0,0,0,0,0,0,0,0,
133,1403715893.23,1,3404,0,0,3404,0,0,0,0,0,0,0,0,0,0,
134,1403715893.28,1,3346,0,0,3346,0,0,0,0,0,0,0,0,0,0,
135,1403715893.33,1,3360,0,0,3360,0,0,0,0,0,0,0,0,0,0,
136,1403715893.38,1,3379,0,0,3379,0,0,0,0,0,0,0,0,0,0,
137,1403715893.43,1,3344,0,0,3344,0,0,0,0,0,0,0,0,0,0,
138,1403715893.48,1,2904,0,0,2904,0,0,0,0,0,0,0,0,0,0,
139,1403715893.53,1,2700,0,0,2700,0,0,0,0,0,0,0,0,0,0,
140,1403715893.58,1,2617,0,0,2617,0,0,0,0,0,0,0,0,0,0,
141,1403715893.63,1,2746,0,0,2746,0,0,0,0,0,0,0,0,0,0,
142,1403715893.68,1,2780,0,0,2780,0,0,0,0,0,0,0,0,0,0,
143,1403715893.73,1,2694,0,0,2694,0,0,0,0,0,0,0,0,0,0,
144,1403715893.78,1,2725,0,0,2725,0,0,0,0,0,0,0,0,0,0,
145,1403715893.83,1,2725,0,0,2725,0,0,0,0,0,0,0,0,0,0,
146,1403715893.88,1,2768,0,0,2768,0,0,0,0,0,0,0,0,0,0,
147,1403715893.93,1,2757,0,0,2757,0,0,0,0,0,0,0,0,0,0,
148,1403715893.98,2,2770,172,0,2598,0.201913894604,0.181972968582,0.149248406291,172,2,172,2,0,2,172,
149,1403715894.03,2,1005,147,147,858,1.37136313106,1.13335984044,0.94422262907,147,2,403,2,1,2,403,
150,1403715894.08,2,1004,154,154,850,1.36380979574,1.22931094329,0.978855133057,154,2.81168831169,322,3,0,3,322,
151,1403715894.13,2,1002,151,151,851,1.35037664171,1.05823299468,1.11052155495,151,2.80794701987,322,3,1,3,322,
152,1403715894.18,2,1003,178,178,825,1.41075592538,1.11325404672,1.19116938114,178,3.66853932584,262,4,1,4,262,
153,1403715894.23,2,1005,182,182,823,1.40748019684,0.992122210605,1.14344584942,182,4.57142857143,292,5,1,5,292,
154,1403715894.28,2,1001,174,174,827,1.46310714384,1.05328655069,1.19345605373,174,5.24137931034,326,6,1,6,326,
155,1403715894.33,2,1001,211,211,790,1.57739704341,1.10240142966,1.3091032505,211,5.70616113744,341,7,0,7,341,
156,1403715894.38,2,1004,189,189,815,1.82806001655,1.3130705214,1.51064038277,189,5.85185185185,341,7,1,7,341,
157,1403715894.43,2,1006,194,194,812,1.49751575986,1.24229981946,1.15771794319,194,5.91237113402,346,7,1,7,346,
158,1403715894.48,2,1006,225,225,781,1.62020709295,1.17131547868,1.27151703835,225,6.40888888889,380,8,0,8,380,
159,1403715894.53,2,1005,208,208,797,1.58448724352,1.13436870571,1.27953326702,208,6.52403846154,380,8,1,8,380,
160,1403715894.58,2,1004,243,243,761,1.59267200024,1.31383945719,1.17193210125,243,6.3621399177,447,8,1,8,447,
161,1403715894.63,2,1005,278,278,727,1.65586455997,1.27543005078,1.34237492085,278,6.92446043165,513,9,1,9,513,
162,1403715894.68,2,1004,294,294,710,1.68937447984,1.25506850583,1.35954141617,294,7.0306122449,548,9,1,9,548,
163,1403715894.73,2,1001,316,316,685,1.8027606984,1.15261565088,1.5714379549,316,7.67088607595,586,10,1,10,586,
164,1403715894.78,2,1001,292,292,709,1.79156861431,1.14273695858,1.6161750555,292,7.06506849315,589,9,1,9,589,
165,1403715894.83,2,1000,313,313,687,1.74265998417,1.13307166771,1.53637444973,313,7.66453674121,641,10,1,10,641,
166,1403715894.88,2,1001,296,296,705,1.76289774855,1.11764914846,1.51364207268,296,7.67905405405,671,10,1,10,671,
167,1403715894.93,2,1003,299,299,704,1.84606155105,1.1164004747,1.65681600571,299,8.12040133779,715,11,1,11,715,
168,1403715894.98,2,956,287,287,669,1.75484936417,1.1886438636,1.59833025932,287,8.67944250871,744,12,1,12,744,
169,1403715895.03,2,964,308,308,656,1.58010564976,1.12755424573,1.29182553291,308,8.50649350649,734,12,0,12,734,
170,1403715895.08,2,971,307,307,664,1.66494346345,1.12539706545,1.43224716187,307,8.52768729642,734,12,1,12,734,
171,1403715895.13,2,927,268,268,659,1.61734792521,1.17853206843,1.26123785973,268,8.41791044776,754,12,1,12,754,
172,1403715895.18,2,912,323,323,589,1.4639814177,1.10709991532,1.16154360771,323,8.62229102167,802,13,0,13,802,
173,1403715895.23,2,918,319,319,599,1.48775881014,1.01071746513,1.29710257053,319,8.63322884013,802,13,1,13,802,
174,1403715895.28,2,861,317,317,544,1.39165790647,1.01420257516,1.17265021801,317,8.40063091483,845,13,1,13,845,
175,1403715895.33,2,839,358,358,481,1.42284253797,1.07988296291,1.06034648418,358,8.93016759777,863,14,0,14,863,
176,1403715895.38,2,888,358,358,530,1.41976826877,1.01691628926,1.19223940372,358,8.96089385475,863,14,0,14,863,
177,1403715895.43,2,857,329,329,528,1.39766456185,0.949699758181,1.20239627361,329,8.98480243161,863,14,1,14,863,
178,1403715895.48,2,866,353,353,513,1.4245637505,1.10168005177,1.14599871635,353,8.73371104816,873,14,1,14,873,
179,1403715895.53,2,844,360,360,484,1.43449544224,0.975557418507,1.22956073284,360,8.87222222222,880,14,1,14,880,
180,1403715895.58,2,818,336,336,482,1.41476000176,1.06390288212,1.13259899616,336,9.4255952381,907,15,1,15,907,
181,1403715895.63,2,855,363,363,492,1.34412418686,1.03639240546,1.10403883457,363,9.29201101928,924,15,0,15,924,
182,1403715895.68,2,826,336,336,490,1.32998316519,0.952768439933,1.04211485386,336,9.23511904762,924,15,1,15,924,
183,1403715895.73,2,841,367,367,474,1.43923165497,1.0756959018,1.1336556673,367,9.05177111717,943,15,1,15,943,
184,1403715895.78,2,836,388,388,448,1.31976479107,0.979005141092,1.0851111412,388,9.13402061856,976,16,0,16,976,
185,1403715895.83,2,824,390,390,434,1.34198200539,0.954318595941,1.15472757816,390,9.26923076923,976,16,0,16,976,
186,1403715895.88,2,724,283,283,441,1.41384145004,1.07443906613,1.14256572723,283,9.83038869258,976,16,1,16,976,
187,1403715895.93,2,648,262,262,386,1.43266562381,1.11919598463,1.11869215965,262,8.76717557252,968,15,1,15,968,
188,1403715895.98,2,614,257,257,357,1.50299837688,1.15782900756,1.19004499912,257,9.20622568093,963,16,1,16,963,
189,1403715896.03,2,720,311,311,409,1.32480027274,1.14983853879,1.068349123,311,9.6077170418,969,17,0,17,969,
190,1403715896.08,2,768,322,322,446,1.48290033503,1.17431150968,1.19809997082,322,9.69565217391,969,17,1,17,969,
191,1403715896.13,2,696,324,324,372,1.41429493206,1.0456090981,1.20764732361,324,9.69135802469,1024,18,1,18,1024,
192,1403715896.18,2,662,331,331,331,1.31067718017,0.973592582616,1.10019111633,331,9.25377643505,1012,17,1,17,1012,
193,1403715896.23,2,665,341,341,324,1.35747856675,0.994272258183,1.03171205521,341,9.58944281525,1035,18,0,18,1035,
194,1403715896.28,2,625,295,295,330,1.38377562795,0.951212352702,1.14174771309,295,9.89152542373,1035,18,1,18,1035,
195,1403715896.33,2,634,296,296,338,1.39085527849,1.05344249021,1.09675693512,296,9.63513513514,1023,18,1,18,1023,
196,1403715896.38,2,618,310,310,308,1.35473415925,0.991941351307,1.1416759491,310,10.0709677419,1043,19,0,19,1043,
197,1403715896.43,2,615,279,279,336,1.5370240498,1.00925196712,1.25860142708,279,10.1720430108,1043,19,1,19,1043,
198,1403715896.48,2,704,262,264,442,1.37704561995,1.09160672199,1.09773612022,262,9.90076335878,1061,20,0,19,1045,
199,1403715896.53,2,714,250,250,464,1.43063101417,1.06615788075,1.1700206995,250,9.624,1045,19,1,19,1045,
200,1403715896.58,2,739,261,261,478,1.37064554541,0.999931226292,1.17451703548,261,9.56704980843,1026,19,0,19,1026,
201,1403715896.63,2,589,227,227,362,1.47365667935,1.09356750387,1.16860353947,227,9.1718061674,1026,19,1,19,1026,
202,1403715896.68,2,560,222,222,338,1.30159611715,0.903792808538,1.07750403881,222,10.0540540541,1027,20,1,20,1027,
203,1403715896.73,2,718,286,286,432,1.25700252501,0.846404656593,1.07677161694,286,10.2517482517,1027,21,0,21,1027,
204,1403715896.78,2,684,258,258,426,1.24864844312,1.03885967431,0.984106123447,258,9.7519379845,1017,20,0,20,1017,
205,1403715896.83,2,703,254,254,449,1.40339360462,0.990449134878,1.20128059387,254,9.98031496063,1017,20,0,20,1017,
206,1403715896.88,2,690,254,254,436,1.34037715365,0.990092631131,1.08532702923,254,10.1299212598,1017,20,1,20,1017,
207,1403715896.93,2,734,331,331,403,1.40025879672,1.00400922542,1.12791824341,331,8.77643504532,1059,19,0,19,1059,
208,1403715896.98,2,695,312,312,383,1.37818295374,0.947188939089,1.16354084015,312,8.77564102564,1059,19,0,19,1059,
209,1403715897.03,2,735,323,323,412,1.50324364173,1.01300135618,1.25088739395,323,8.89164086687,1059,19,0,19,1059,
210,1403715897.08,2,665,286,286,379,1.4559276129,0.981793744347,1.16266548634,286,9.2027972028,1059,19,1,19,1059,
211,1403715897.13,2,674,321,321,353,1.40525188213,0.993337384988,1.14959621429,321,9.28971962617,1080,19,1,19,1080,
212,1403715897.18,2,667,338,338,329,1.45145715408,1.12193355732,1.20852935314,338,8.86390532544,1089,19,0,19,1089,
213,1403715897.23,2,741,311,311,430,1.44995873326,1.02523233675,1.23129534721,311,9.13183279743,1089,19,1,19,1089,
214,1403715897.28,2,752,335,335,417,1.49063003353,1.06768157846,1.23830747604,335,9.44179104478,1123,20,1,20,1123,
215,1403715897.33,2,697,316,316,381,1.39517286949,1.02287613544,1.11157155037,316,9.15506329114,1127,20,1,20,1127,
216,1403715897.38,2,702,330,330,372,1.36923667323,1.02928562597,1.10236334801,330,9.94848484848,1148,21,1,21,1148,
217,1403715897.43,2,695,329,329,366,1.4471981593,1.22881091907,1.12677514553,329,10.4893617021,1162,22,0,22,1162,
218,1403715897.48,2,637,299,299,338,1.43399155549,1.1117706111,1.16301488876,299,10.3678929766,1159,21,1,21,1159,
219,1403715897.53,2,650,300,300,350,1.38158320452,1.02145645014,1.12943267822,300,11.1466666667,1157,22,0,22,1157,
220,1403715897.58,2,707,298,298,409,1.37110670025,1.002240998,1.13823282719,298,11.0939597315,1157,22,1,22,1157,
221,1403715897.63,2,678,295,295,383,1.35123736588,0.986011733604,1.16209483147,295,11.2508474576,1158,23,0,23,1158,
222,1403715897.68,2,730,300,300,430,1.23683990147,0.95142541535,1.01254141331,300,11.4733333333,1158,23,1,23,1158,
223,1403715897.73,2,676,273,273,403,1.38249038758,1.03595607647,1.11172521114,273,12.1135531136,1185,24,0,24,1185,
224,1403715897.78,2,768,275,275,493,1.46925311141,1.05842054594,1.20594954491,275,11.9563636364,1169,23,1,23,1169,
225,1403715897.83,2,746,282,282,464,1.34829400371,0.904289538884,1.14932441711,282,11.9645390071,1200,24,0,24,1200,
226,1403715897.88,2,762,256,256,506,1.43846460701,1.04615914303,1.17126691341,256,11.29296875,1187,23,1,23,1187,
227,1403715897.93,2,793,276,277,517,1.37894377658,1.05860789952,1.09344995022,276,11.0398550725,1199,24,0,23,1187,
228,1403715897.98,2,797,255,255,542,1.4492646732,1.23145941792,1.15584158897,255,11.3411764706,1187,23,1,23,1187,
229,1403715898.03,2,736,247,247,489,1.54752151173,1.18952393919,1.27483332157,247,11.4696356275,1213,24,0,24,1213,
230,1403715898.08,2,748,212,212,536,1.55460411057,1.06951625717,1.31256711483,212,11.820754717,1213,24,1,24,1213,
231,1403715898.13,2,744,227,227,517,1.50669342494,1.13304476228,1.27376711369,227,11.2907488987,1264,25,0,25,1264,
232,1403715898.18,2,761,216,216,545,1.63206614173,1.1350812914,1.36457443237,216,10.5648148148,1236,23,1,23,1236,
233,1403715898.23,2,684,237,237,447,1.49854516335,1.07486760573,1.29244887829,237,9.89873417722,1279,24,0,24,1279,
234,1403715898.28,2,703,202,202,501,1.6356156239,1.0892304365,1.37604439259,202,10.5693069307,1279,24,1,24,1279,
235,1403715898.33,2,712,252,252,460,1.62796030492,1.16672741744,1.39047205448,252,10.1547619048,1338,25,0,25,1338,
236,1403715898.38,2,706,241,241,465,1.57240621814,1.08206354647,1.32903456688,241,9.84647302905,1320,24,1,24,1320,
237,1403715898.43,2,650,209,209,441,1.55748774436,1.0499360097,1.33750641346,209,10.3062200957,1333,25,0,25,1333,
238,1403715898.48,2,554,147,147,407,1.90276909321,1.38561026738,1.68029379845,147,9.66666666667,1328,25,1,25,1328,
239,1403715898.53,2,673,176,176,497,1.67104254,1.29842955803,1.29196488857,176,10.4545454545,1324,26,0,26,1324,
240,1403715898.58,2,695,168,168,527,1.69697401211,1.15329014568,1.41409313679,168,10.494047619,1323,26,1,26,1323,
241,1403715898.63,2,685,218,218,467,1.74427021192,1.09286002108,1.52250349522,218,8.9128440367,1403,27,0,27,1403,
242,1403715898.68,2,759,215,215,544,1.71508538744,1.2539456373,1.39002835751,215,8.7488372093,1402,27,0,27,1402,
243,1403715898.73,2,972,130,130,842,1.60678080313,1.01660094228,1.52583765984,130,10.4307692308,1402,27,1,27,1402,
244,1403715898.78,2,970,200,200,770,1.59884914111,0.962393598855,1.40801262856,200,7.78,1496,28,0,28,1496,
245,1403715898.83,2,978,204,204,774,1.64011214392,0.966866781725,1.51576423645,204,7.78921568627,1495,28,0,28,1495,
246,1403715898.88,2,986,182,182,804,1.61624500765,1.20558424793,1.25490498543,182,8.26373626374,1495,28,0,28,1495,
247,1403715898.93,2,982,161,161,821,1.71788076844,1.11176692031,1.55340456963,161,7.98757763975,1495,28,1,28,1495,
248,1403715898.98,2,976,250,250,726,1.85165880896,1.32952604945,1.50602912903,250,5.656,1586,29,0,29,1586,
249,1403715899.03,2,973,247,247,726,1.71136113514,1.13097133379,1.4817289114,247,5.28340080972,1573,28,0,28,1573,
250,1403715899.08,2,977,231,231,746,1.81842913095,1.22328926887,1.54065525532,231,4.66233766234,1573,28,0,28,1573,
251,1403715899.13,2,997,210,210,787,2.03930238081,1.42116010888,1.65105855465,210,4.48095238095,1573,28,0,28,1573,
252,1403715899.18,2,988,159,159,829,1.99396236236,1.34358442314,1.69431066513,159,3.59119496855,1573,28,1,28,1573,
253,1403715899.23,2,996,248,248,748,1.70241979242,1.39071201494,1.3848940134,248,3.22177419355,1572,20,0,29,1640,
254,1403715899.28,2,994,242,242,752,1.79207508338,1.4042943587,1.48245501518,242,3.30991735537,1630,25,0,29,1640,
255,1403715899.33,2,999,218,218,781,1.82274765603,1.41895807133,1.42574906349,218,3.2752293578,1640,29,0,29,1640,
256,1403715899.38,2,1009,208,208,801,2.03436154256,1.52606571586,1.59221732616,208,3.25961538462,1640,29,0,29,1640,
257,1403715899.43,2,1007,180,180,827,2.04463079944,1.39346846231,1.75839340687,180,3.2,925,8,1,29,1640,
258,1403715899.48,2,1004,313,313,691,1.74868438295,1.25224656902,1.38046717644,313,3.32268370607,1479,12,0,30,1740,
259,1403715899.53,2,1005,311,311,694,1.97327295075,1.41066524933,1.60596346855,311,3.29903536977,1479,12,0,30,1740,
260,1403715899.58,2,1004,297,297,707,2.02468301953,1.44741191622,1.69177913666,297,3.35016835017,1479,12,0,30,1740,
261,1403715899.63,2,1004,282,282,722,2.06178173711,1.39411686548,1.67721354961,282,3.33687943262,1479,12,0,30,1740,
262,1403715899.68,2,1005,265,265,740,2.12367262081,1.58195201,1.71419203281,265,3.36603773585,1320,10,0,30,1740,
263,1403715899.73,2,997,260,260,737,2.16980980509,1.51173057457,1.8049197197,260,3.38461538462,1320,10,0,30,1740,
264,1403715899.78,2,998,241,241,757,2.24977763945,1.48463468539,1.9650144577,241,3.41078838174,1320,10,0,30,1740,
265,1403715899.83,2,996,244,244,752,2.2751952556,1.53523749149,2.01247406006,244,3.47131147541,1320,10,1,30,1740,
266,1403715899.88,2,983,298,298,685,1.95789779093,1.436449117,1.59073889256,298,3.88926174497,1394,11,0,31,1814,
267,1403715899.93,2,970,286,286,684,1.80925369482,1.27031772585,1.49321603775,286,3.96503496503,1394,11,0,31,1814,
268,1403715899.98,2,966,239,239,727,1.9658008307,1.39795260312,1.59007656574,239,3.91631799163,1394,11,1,31,1814,
269,1403715900.03,2,954,299,299,655,1.6320916191,1.21386928821,1.22109949589,299,4.19397993311,1684,15,0,32,1867,
270,1403715900.08,2,947,276,276,671,1.59608164748,1.06045572549,1.29294729233,276,4.21739130435,1447,12,0,32,1867,
271,1403715900.13,2,934,275,275,659,1.76108510951,1.17968598265,1.4317201376,275,4.07272727273,1447,12,0,32,1867,
272,1403715900.18,2,919,253,253,666,1.85999913693,1.31621548797,1.49080491066,253,4.13833992095,1684,15,1,32,1867,
273,1403715900.23,2,889,290,290,599,1.68333507381,1.22473007694,1.35979866982,290,4.55517241379,1491,13,0,33,1911,
274,1403715900.28,2,928,265,265,663,1.81776452649,1.27100158401,1.46971583366,265,4.4,1685,15,1,33,1911,
275,1403715900.33,2,915,306,306,609,1.64269160287,1.25254538067,1.28251004219,306,4.83006535948,1714,15,0,34,1972,
276,1403715900.38,2,894,276,276,618,1.83326458229,1.30227629781,1.3868085146,276,4.88043478261,1257,13,1,34,1972,
277,1403715900.43,2,887,309,309,578,1.5613788763,1.12713863893,1.30639064312,309,5.3430420712,1646,14,0,35,2045,
278,1403715900.48,2,936,292,292,644,1.80212328036,1.35245735326,1.53159487247,292,5.30479452055,1646,14,1,35,2045,
279,1403715900.53,2,906,272,272,634,1.6863080904,1.20911952728,1.41857051849,272,5.90808823529,1692,15,1,36,2091,
280,1403715900.58,2,873,273,273,600,1.70591611887,1.30622940049,1.31226789951,273,6.42124542125,1707,16,1,37,2106,
281,1403715900.63,2,895,272,272,623,1.81216888237,1.48043183025,1.37808012962,272,6.93382352941,1720,17,1,38,2119,
282,1403715900.68,2,861,239,239,622,1.66958068034,1.25690897701,1.34332251549,239,7.37656903766,1770,18,1,39,2169,
283,1403715900.73,2,887,287,287,600,1.49988504112,1.11622160224,1.15972471237,287,7.47038327526,1811,19,0,40,2210,
284,1403715900.78,2,874,256,256,618,1.60610926472,1.27289631618,1.2638669014,256,7.53515625,1811,19,1,40,2210,
285,1403715900.83,2,806,222,222,584,1.72167066277,1.30348579389,1.41093623638,222,7.9009009009,1856,20,1,41,2255,
286,1403715900.88,2,822,259,259,563,1.57587513247,1.15127310826,1.23165941238,259,7.89575289575,1872,21,1,42,2271,
287,1403715900.93,2,836,284,284,552,1.59201897153,1.39720762647,1.15635538101,284,8.23591549296,1889,22,1,43,2288,
288,1403715900.98,2,764,241,241,523,1.6131569157,1.36197073545,1.20635187626,241,8.93360995851,1915,23,0,44,2314,
289,1403715901.03,2,768,225,225,543,1.60855432361,1.27632548306,1.19627702236,225,9.08,1914,23,1,44,2313,
290,1403715901.08,2,756,273,273,483,1.53802768065,1.16403600769,1.15323865414,273,8.83882783883,1946,24,0,45,2345,
291,1403715901.13,2,773,248,248,525,1.53003139659,1.12855391109,1.23100888729,248,8.64112903226,1945,24,1,45,2344,
292,1403715901.18,2,766,266,266,500,1.42588408123,1.09152329727,1.07723677158,266,8.33458646617,1942,24,0,45,2341,
293,1403715901.23,2,779,260,260,519,1.44761943302,1.17405768922,1.069922328,260,8.13461538462,1942,24,1,45,2341,
294,1403715901.28,2,812,251,251,561,1.70515213177,1.21755067174,1.31919646263,251,8.72111553785,1990,25,0,46,2389,
295,1403715901.33,2,801,249,249,552,1.61377708523,1.18536299442,1.2952259779,249,7.51004016064,1978,24,1,45,2377,
296,1403715901.38,2,758,248,248,510,1.45641698814,1.12938475806,1.12805187702,248,8.0685483871,1992,25,0,46,2391,
297,1403715901.43,2,690,165,165,525,1.65610417067,1.33431826148,1.20050013065,165,9.0303030303,1992,25,1,46,2391,
298,1403715901.48,2,637,178,178,459,1.61218597003,1.27779885624,1.38633036613,178,9.15168539326,1986,26,0,47,2385,
299,1403715901.53,2,659,172,172,487,1.64440356767,1.28163550612,1.18097949028,172,8.55813953488,1975,25,1,46,2374,
300,1403715901.58,2,775,148,148,627,1.93447627968,1.73931073873,1.31416416168,148,8.9527027027,2006,26,0,47,2405,
301,1403715901.63,2,776,147,147,629,1.80375186359,1.51583248526,1.38912630081,147,8.69387755102,2234,33,1,47,2405,
302,1403715901.68,2,762,169,169,593,1.80859116522,1.32585495385,1.36574923992,169,8.63313609467,2025,27,0,48,2423,
303,1403715901.73,2,728,163,163,565,1.72220659494,1.20406907997,1.36966836452,163,7.86503067485,2025,27,1,48,2423,
304,1403715901.78,2,718,178,178,540,1.76308669652,1.48244676644,1.23636496067,178,8.63483146067,2021,28,0,49,2419,
305,1403715901.83,2,690,168,168,522,1.88804444901,1.56783709309,1.40051341057,168,8.94642857143,2021,28,1,49,2419,
306,1403715901.88,2,676,217,217,459,1.6605021201,1.19130947511,1.30575525761,217,8.66359447005,2041,29,0,50,2439,
307,1403715901.93,2,648,187,187,461,1.62012102096,1.28783370904,1.17539775372,187,9.04278074866,2041,29,1,50,2439,
308,1403715901.98,2,601,253,253,348,1.64322275904,1.32505181629,1.29348397255,253,8.06324110672,2365,37,0,51,2536,
309,1403715902.03,2,587,232,232,355,1.67197514817,1.18105789336,1.44376778603,232,8.63793103448,2363,37,1,51,2534,
310,1403715902.08,2,616,247,247,369,1.76595033434,1.34799443071,1.46863603592,247,9.12550607287,2374,38,0,52,2545,
311,1403715902.13,2,537,227,227,310,1.4772496446,1.19386382674,1.23905110359,227,9.45374449339,2373,38,1,52,2544,
312,1403715902.18,2,529,211,211,318,1.6562330363,1.17412454848,1.47461652756,211,9.6018957346,2143,32,0,53,2541,
313,1403715902.23,2,565,216,216,349,1.41872285103,1.05490373035,1.14190256596,216,9.02777777778,2123,30,1,51,2521,
314,1403715902.28,2,540,195,195,345,1.55837663691,1.18270007125,1.23183608055,195,9.90769230769,2350,38,0,52,2521,
315,1403715902.33,2,573,177,177,396,1.51447929849,1.33742802407,1.15481829643,177,11.0338983051,2349,38,1,52,2520,
316,1403715902.38,2,535,184,184,351,1.55339943686,1.3615259616,1.22322797775,184,11.1630434783,2355,39,0,53,2526,
317,1403715902.43,2,502,178,178,324,1.45124562921,0.972751365866,1.20496976376,178,11.2303370787,2127,32,1,53,2525,
318,1403715902.48,2,610,181,181,429,1.38239250859,1.14675572028,1.06535959244,181,12.5745856354,2141,33,0,54,2537,
319,1403715902.53,2,571,174,174,397,1.46267686204,1.27504013855,1.11472284794,174,12.6954022989,2139,33,1,54,2537,
320,1403715902.58,2,529,159,159,370,1.49886267391,1.04603425902,1.12719190121,159,12.9308176101,2146,34,0,55,2544,
321,1403715902.63,2,511,174,174,337,1.48353336443,1.19726460603,1.22421383858,174,12.5517241379,2133,33,1,54,2531,
322,1403715902.68,2,442,174,174,268,1.64237734923,1.44281588631,1.25773084164,174,12.275862069,2124,34,0,55,2522,
323,1403715902.73,2,444,175,175,269,1.53201436547,1.06463561466,1.3239582777,175,11.56,2124,34,1,55,2522,
324,1403715902.78,2,422,172,172,250,1.48132503189,1.05648751627,1.23812389374,172,12.1976744186,2142,35,0,56,2540,
325,1403715902.83,2,457,176,176,281,1.35531943766,1.06532277537,1.0766544342,176,11.5795454545,2141,35,1,56,2539,
326,1403715902.88,2,415,194,194,221,1.50697688224,1.10407457619,1.24953114986,194,11.6855670103,2146,36,0,57,2544,
327,1403715902.93,2,878,198,198,680,1.57710814421,1.15150621626,1.4012966156,198,11.1313131313,1829,36,0,57,2544,
328,1403715902.98,2,901,221,221,680,1.58736993747,1.21304794511,1.32849383354,221,10.8009049774,2237,38,1,57,2544,
329,1403715903.03,2,897,289,289,608,1.69602325606,1.21272147752,1.39378046989,289,9.49480968858,2664,58,0,58,2664,
330,1403715903.08,2,923,306,306,617,1.59850174249,1.27594612778,1.29520535469,306,9.77450980392,2664,58,0,58,2664,
331,1403715903.13,2,918,294,294,624,1.61077278731,1.15814745565,1.3166410923,294,10.3367346939,2664,58,0,58,2664,
332,1403715903.18,2,936,306,306,630,1.70185015657,1.23039698896,1.38229441643,306,10.4052287582,2664,58,0,58,2664,
333,1403715903.23,2,952,307,307,645,1.79888622016,1.20292756413,1.56499457359,307,10.2052117264,2664,58,0,58,2664,
334,1403715903.28,2,944,269,269,675,1.82135316681,1.21550554796,1.6021130085,269,10.936802974,2664,58,1,58,2664,
335,1403715903.33,2,961,329,329,632,1.839325494,1.26189661295,1.60802578926,329,10.5288753799,2695,59,0,59,2695,
336,1403715903.38,2,977,330,330,647,1.75288328063,1.26734051354,1.42053592205,330,9.60303030303,2695,59,0,59,2695,
337,1403715903.43,2,987,337,337,650,1.73821811679,1.21629924007,1.4397302866,337,9.96735905045,2691,59,0,59,2691,
338,1403715903.48,2,984,322,322,662,1.70580431283,1.31507248116,1.46344542503,322,10.2453416149,2691,59,0,59,2691,
339,1403715903.53,2,986,302,302,684,1.6997917425,1.17007820834,1.45769655704,302,10.1854304636,2691,59,1,59,2691,
340,1403715903.58,2,991,348,348,643,1.60001674584,1.12575416233,1.37465393543,348,9.88793103448,2730,60,0,60,2730,
341,1403715903.63,2,994,343,343,651,1.68271963172,1.14218012042,1.43629467487,343,9.97084548105,2730,60,0,60,2730,
342,1403715903.68,2,989,327,327,662,1.80095812724,1.25258625018,1.46134018898,327,9.42813455657,2728,60,1,60,2728,
343,1403715903.73,2,986,335,335,651,1.67708821163,1.1243557299,1.39701461792,335,10.2507462687,2787,61,0,61,2787,
344,1403715903.78,2,972,310,310,662,1.80814396018,1.25681783307,1.4523512125,310,10.3451612903,2787,61,0,61,2787,
345,1403715903.83,2,973,289,289,684,1.73410260432,1.16087963955,1.46454393864,289,10.5778546713,2787,61,1,61,2787,
346,1403715903.88,2,951,321,321,630,1.83347555004,1.17969868974,1.61221575737,321,10.3395638629,2856,62,0,62,2856,
347,1403715903.93,2,953,305,305,648,1.81289483018,1.33350494631,1.46604001522,305,9.94754098361,2855,62,0,62,2855,
348,1403715903.98,2,903,274,274,629,1.77635692465,1.4142525621,1.41769182682,274,10.3102189781,2373,39,1,62,2855,
349,1403715904.03,2,908,314,314,594,1.68304581929,1.2794571497,1.36427259445,314,10.6687898089,2414,40,0,63,2896,
350,1403715904.08,2,914,323,323,591,1.67717867458,1.22838020716,1.40810108185,323,10.3715170279,2412,40,0,63,2894,
351,1403715904.13,2,864,315,315,549,1.54166419711,1.09011853098,1.32500827312,315,10.7714285714,2412,40,0,63,2894,
352,1403715904.18,2,876,299,299,577,1.55867697712,1.18743124149,1.26597678661,299,11.397993311,2362,39,1,63,2894,
353,1403715904.23,2,889,318,318,571,1.50242687865,1.19125949207,1.18693125248,318,11.9025157233,2347,40,0,64,2879,
354,1403715904.28,2,853,327,327,526,1.5038306172,1.26655335548,1.15463352203,327,11.7370030581,2344,40,0,64,2876,
355,1403715904.33,2,820,316,316,504,1.43351507064,1.11007399946,1.16413414478,316,12.0189873418,2236,38,1,64,2876,
356,1403715904.38,2,863,359,359,504,1.63388686652,1.1869016466,1.35594213009,359,11.8857938719,2389,41,0,65,2921,
357,1403715904.43,2,839,338,338,501,1.51002795367,1.13538209005,1.26382172108,338,10.9940828402,2280,39,0,65,2920,
358,1403715904.48,2,863,308,308,555,1.59460830205,1.18794573202,1.29845738411,308,10.6980519481,2280,39,1,65,2920,
359,1403715904.53,2,814,302,302,512,1.60911303511,1.0467619074,1.4960436821,302,11.0132450331,2295,40,0,66,2935,
360,1403715904.58,2,729,236,236,493,1.66677594422,1.31065936815,1.32547128201,236,11.3898305085,2292,40,0,66,2932,
361,1403715904.63,2,726,220,220,506,1.60297440856,1.15376306144,1.37959945202,220,10.5454545455,2292,40,1,66,2932,
362,1403715904.68,2,738,198,198,540,1.61056616345,1.17358795026,1.32568585873,198,10.1060606061,2305,41,0,67,2945,
363,1403715904.73,2,711,142,142,569,1.79004138044,1.17391025015,1.52580761909,142,9.82394366197,2305,41,1,67,2945,
364,1403715904.78,2,720,149,149,571,1.82063993784,1.09042689216,1.61056637764,149,9.28187919463,2306,42,0,68,2946,
365,1403715904.83,2,704,129,129,575,1.90040826962,1.12177063991,1.73455810547,129,8.98449612403,2300,42,0,68,2940,
366,1403715904.88,2,761,111,111,650,1.77701371519,1.02525471073,1.51121628284,111,8.7027027027,2241,41,1,68,2940,
367,1403715904.93,2,736,131,131,605,1.85344373315,1.05062108695,1.74630486965,131,8.36641221374,2171,40,0,69,2965,
368,1403715904.98,2,765,116,116,649,1.99728948071,1.29786486661,1.7166107893,116,8.14655172414,2168,40,1,69,2962,
369,1403715905.03,2,800,156,156,644,2.06939011421,1.32861670135,1.88661158085,156,7.53846153846,2200,41,0,70,2994,
370,1403715905.08,2,843,149,149,694,1.75185697891,1.12914635425,1.56836020947,149,7.37583892617,2197,41,1,70,2991,
371,1403715905.13,2,918,178,178,740,2.1403119729,1.26307364588,1.88924908638,178,7.60112359551,2217,42,0,71,3011,
372,1403715905.18,2,1001,153,153,848,2.28717453564,1.28440539165,2.15564012527,153,8.26797385621,2247,42,1,70,2996,
373,1403715905.23,2,1001,172,172,829,2.24055659754,1.32133688262,1.98750078678,172,8.1511627907,2272,43,0,71,3021,
374,1403715905.28,2,996,152,152,844,2.21925626872,1.33325670178,2.03339219093,152,8.26315789474,2255,42,1,70,3004,
375,1403715905.33,2,985,161,161,824,2.3334164087,1.32503234572,2.17882156372,161,8.65217391304,2273,43,0,71,3022,
376,1403715905.38,2,977,146,146,831,2.29245236965,1.34321536547,2.01839852333,146,8.31506849315,2225,42,1,71,3019,
377,1403715905.43,2,952,156,156,796,2.36166234324,1.32961080378,2.12277650833,156,9.16666666667,2099,40,0,72,3014,
378,1403715905.48,2,961,155,155,806,2.34050223664,1.46078058181,2.03979468346,155,8.64516129032,2026,39,1,72,3014,
379,1403715905.53,2,932,137,137,795,2.25569919557,1.30386301454,2.11752510071,137,9.47445255474,2092,41,0,73,3031,
380,1403715905.58,2,960,131,131,829,2.07769612857,1.23384872091,2.00332331657,131,8.93129770992,2081,40,1,72,3020,
381,1403715905.63,2,808,116,116,692,2.12588341072,1.21706143368,1.99537754059,116,9.47413793103,2095,41,0,73,3034,
382,1403715905.68,2,765,100,100,665,1.8969397033,1.06756055793,1.65152692795,100,8.5,1942,38,1,73,3034,
383,1403715905.73,2,823,103,103,720,1.85863300652,1.01854239629,1.68727862835,103,8.63106796117,1951,39,1,74,3043,
384,1403715905.78,2,840,87,87,753,1.94583538517,1.22943191124,1.7129021883,87,9.45977011494,1947,40,1,75,3039,
385,1403715905.83,2,807,95,95,712,1.72076897409,1.07973939625,1.53141689301,95,9.01052631579,1923,39,1,75,3031,
386,1403715905.88,2,841,95,95,746,1.69549301282,1.11675216896,1.33270001411,95,9.28421052632,1381,23,1,76,3040,
387,1403715905.93,2,814,94,94,720,1.6314111902,1.04665974743,1.45901370049,94,9.86170212766,1163,22,1,77,3045,
388,1403715905.98,2,813,81,81,732,1.76976964466,1.18876062814,1.37089920044,81,9.40740740741,1227,22,1,76,3042,
389,1403715906.03,2,777,88,88,689,1.82554108175,1.06055293856,1.70737028122,88,8.39772727273,1271,23,0,75,3038,
390,1403715906.08,3,935,28,28,907,2.05596964913,0.988487116763,2.01637530327,28,8,1662,35,0,75,3038,
391,1403715906.13,3,975,0,28,975,0,0,0,0,0,1662,35,0,75,3038,
392,1403715906.18,3,982,0,28,982,0,0,0,0,0,1662,35,0,75,3038,
393,1403715906.23,3,967,0,28,967,0,0,0,0,0,1662,35,0,75,3038,
394,1403715906.28,3,968,0,28,968,0,0,0,0,0,1662,35,0,75,3038,
395,1403715906.33,3,962,0,28,962,0,0,0,0,0,1662,35,0,75,3038,
396,1403715906.38,3,983,0,28,983,0,0,0,0,0,1662,35,0,75,3038,
397,1403715906.43,3,982,0,28,982,0,0,0,0,0,1662,35,0,75,3038,
398,1403715906.48,3,989,0,28,989,0,0,0,0,0,1662,35,0,75,3038,
399,1403715906.53,3,1000,0,28,1000,0,0,0,0,0,1662,35,0,75,3038,
400,1403715906.58,3,1001,0,28,1001,0,0,0,0,0,1662,35,0,75,3038,
401,1403715906.63,3,998,0,28,998,0,0,0,0,0,1662,35,0,75,3038,
402,1403715906.68,3,1000,0,28,1000,0,0,0,0,0,1662,35,0,75,3038,
403,1403715906.73,3,1001,0,28,1001,0,0,0,0,0,1662,35,0,75,3038,
404,1403715906.78,3,1001,0,28,1001,0,0,0,0,0,1662,35,0,75,3038,
405,1403715906.83,3,945,0,28,945,0,0,0,0,0,1662,35,0,75,3038,
406,1403715906.88,3,967,0,28,967,0,0,0,0,0,1662,35,0,75,3038,
407,1403715906.93,3,960,0,28,960,0,0,0,0,0,1662,35,0,75,3038,
408,1403715906.98,3,978,0,28,978,0,0,0,0,0,1662,35,0,75,3038,
409,1403715907.03,3,995,0,28,995,0,0,0,0,0,1662,35,0,75,3038,
410,1403715907.08,3,995,0,28,995,0,0,0,0,0,1662,35,0,75,3038,
411,1403715907.13,3,976,0,28,976,0,0,0,0,0,1662,35,0,75,3038,
412,1403715907.18,3,972,0,28,972,0,0,0,0,0,1662,35,0,75,3038,
413,1403715907.23,3,936,0,28,936,0,0,0,0,0,1662,35,0,75,3038,
414,1403715907.28,3,965,0,28,965,0,0,0,0,0,1662,35,0,75,3038,
415,1403715907.33,3,961,0,28,961,0,0,0,0,0,1662,35,0,75,3038,
416,1403715907.38,3,959,0,28,959,0,0,0,0,0,1662,35,0,75,3038,
417,1403715907.43,3,973,0,28,973,0,0,0,0,0,1662,35,0,75,3038,
418,1403715907.48,3,962,0,28,962,0,0,0,0,0,1662,35,0,75,3038,
419,1403715907.53,3,960,0,28,960,0,0,0,0,0,1662,35,0,75,3038,
420,1403715907.58,3,964,0,28,964,0,0,0,0,0,1662,35,0,75,3038,
421,1403715907.63,3,983,0,28,983,0,0,0,0,0,1662,35,0,75,3038,
422,1403715907.68,3,961,0,28,961,0,0,0,0,0,1662,35,0,75,3038,
423,1403715907.73,3,991,0,28,991,0,0,0,0,0,1662,35,0,75,3038,
424,1403715907.78,3,1001,0,28,1001,0,0,0,0,0,1662,35,0,75,3038,
425,1403715907.83,3,1000,0,28,1000,0,0,0,0,0,1662,35,0,75,3038,
426,1403715907.88,3,1001,0,28,1001,0,0,0,0,0,1662,35,0,75,3038,
427,1403715907.93,3,999,0,28,999,0,0,0,0,0,1662,35,0,75,3038,
428,1403715907.98,3,1000,0,28,1000,0,0,0,0,0,1662,35,0,75,3038,
429,1403715908.03,3,1001,0,28,1001,0,0,0,0,0,1662,35,0,75,3038,
430,1403715908.08,3,997,0,28,997,0,0,0,0,0,1662,35,0,75,3038,
431,1403715908.13,3,997,0,28,997,0,0,0,0,0,1662,35,0,75,3038,
432,1403715908.18,3,989,0,28,989,0,0,0,0,0,1662,35,0,75,3038,
433,1403715908.23,3,994,0,28,994,0,0,0,0,0,1662,35,0,75,3038,
434,1403715908.28,3,990,0,28,990,0,0,0,0,0,1662,35,0,75,3038,
435,1403715908.33,3,996,0,28,996,0,0,0,0,0,1662,35,0,75,3038,
436,1403715908.38,3,996,0,28,996,0,0,0,0,0,1662,35,0,75,3038,
437,1403715908.43,3,993,0,28,993,0,0,0,0,0,1662,35,0,75,3038,
438,1403715908.48,3,1002,0,28,1002,0,0,0,0,0,1662,35,0,75,3038,
439,1403715908.53,3,994,0,28,994,0,0,0,0,0,1662,35,0,75,3038,
440,1403715908.58,3,998,0,28,998,0,0,0,0,0,1662,35,0,75,3038,
441,1403715908.63,3,1002,0,28,1002,0,0,0,0,0,1662,35,0,75,3038,
442,1403715908.68,3,997,0,28,997,0,0,0,0,0,1662,35,0,75,3038,
443,1403715908.73,3,1004,0,28,1004,0,0,0,0,0,1662,35,0,75,3038,
444,1403715908.78,3,1001,0,28,1001,0,0,0,0,0,1662,35,0,75,3038,
445,1403715908.83,3,1000,38,28,962,1.83418726588,1.3492999168,1.52955174446,38,9.47368421053,1662,35,0,75,3038,
446,1403715908.88,3,998,0,28,998,0,0,0,0,0,1662,35,0,75,3038,
447,1403715908.93,3,999,0,28,999,0,0,0,0,0,1662,35,0,75,3038,
448,1403715908.98,2,995,83,83,912,1.69059440332,1.19906147473,1.40338504314,83,11.1084337349,2075,41,0,75,3038,
449,1403715909.03,2,982,85,85,897,1.50733469418,1.05980142027,1.43864035606,85,11.9647058824,2075,41,0,75,3038,
450,1403715909.08,2,1000,116,116,884,1.59782972649,1.10816496529,1.33544802666,116,11.5344827586,2075,41,0,75,3038,
451,1403715909.13,2,993,140,140,853,1.77180328566,1.0955733791,1.58261334896,140,11.55,2075,41,0,75,3038,
452,1403715909.18,2,1004,153,153,851,1.73395333863,1.19239468257,1.35536730289,153,11.568627451,2075,41,0,75,3038,
453,1403715909.23,2,1002,163,163,839,1.69303382225,1.14817349384,1.45191645622,163,11.3128834356,2124,42,0,75,3038,
454,1403715909.28,2,1002,164,164,838,1.83681174986,1.34060625426,1.59355592728,164,11.4085365854,2124,42,0,75,3038,
455,1403715909.33,2,1004,175,175,829,1.51201317432,1.11531232805,1.20338404179,175,11.2857142857,2124,42,0,75,3038,
456,1403715909.38,2,1001,166,166,835,1.66019612869,1.22664349896,1.34977698326,166,11.4518072289,2124,42,0,75,3038,
457,1403715909.43,2,1004,174,174,830,1.85375794794,1.45665437823,1.46324658394,174,11.0172413793,2124,42,0,75,3038,
458,1403715909.48,2,1003,171,171,832,1.6813672537,1.2001871122,1.48175990582,171,11.5555555556,2075,41,0,75,3038,
459,1403715909.53,2,1005,175,175,830,1.69129729731,1.25197773308,1.42972373962,175,11.0914285714,2075,41,0,75,3038,
460,1403715909.58,2,1002,172,172,830,1.67963853106,1.25269852307,1.37754702568,172,10.9360465116,2075,41,0,75,3038,
461,1403715909.63,2,1008,169,169,839,1.65323602666,1.21320126354,1.40617239475,169,10.6804733728,2124,42,0,75,3038,
462,1403715909.68,2,1001,163,163,838,1.82768749359,1.33006749958,1.58163702488,163,10.9570552147,2186,43,0,75,3038,
463,1403715909.73,2,1002,168,168,834,1.77088887964,1.08763848724,1.59885191917,168,10.9226190476,2223,44,0,75,3038,
464,1403715909.78,2,1002,172,172,830,1.9072478181,1.21061141686,1.69291746616,172,10.8895348837,2855,64,0,75,3038,
465,1403715909.83,2,997,177,177,820,1.92410546133,1.29889740709,1.59305763245,177,10.9039548023,2855,64,0,75,3038,
466,1403715909.88,2,978,156,156,822,1.98551923772,1.2239970485,1.74082386494,156,10.3012820513,2652,50,0,75,3038,
467,1403715909.93,2,944,145,145,799,1.8713780545,1.2394794984,1.69549977779,145,10.3931034483,2757,51,0,75,3038,
468,1403715909.98,2,919,158,158,761,2.12407689645,1.2796044624,1.81240093708,158,11.417721519,2915,65,1,75,3038,
469,1403715910.03,2,899,205,205,694,1.90741331116,1.15137044167,1.68980312347,205,11.3219512195,3042,67,0,76,3111,
470,1403715910.08,2,933,232,232,701,1.95746202407,1.14999015466,1.77212202549,232,12.2974137931,3084,68,0,76,3111,
471,1403715910.13,2,939,244,244,695,1.92427779423,1.23152442248,1.63694965839,244,13.3073770492,3105,71,1,76,3110,
472,1403715910.18,2,942,283,283,659,1.98174563003,1.1393813201,1.74265563488,283,13.1766784452,3170,72,0,77,3175,
473,1403715910.23,2,943,245,245,698,1.94465506892,1.20693773439,1.64750158787,245,13.4448979592,3170,72,0,77,3175,
474,1403715910.28,2,936,250,250,686,1.75501871794,1.205121019,1.57658195496,250,13.3,3168,72,1,77,3173,
475,1403715910.33,2,943,276,276,667,1.80082280206,1.32666509793,1.5050920248,276,13.2210144928,2929,58,0,78,3196,
476,1403715910.38,2,968,296,296,672,1.90649465052,1.39882752783,1.59375607967,296,13,2665,53,0,78,3196,
477,1403715910.43,2,969,291,291,678,1.89473622131,1.39695326832,1.6069021225,291,13.0274914089,2665,53,1,78,3196,
478,1403715910.48,2,956,303,303,653,1.83514554309,1.24450492723,1.59537267685,303,13.5544554455,2678,54,0,79,3209,
479,1403715910.53,2,956,293,293,663,1.77346671061,1.12388278955,1.56806075573,293,13.3924914676,2675,54,0,79,3206,
480,1403715910.58,2,908,277,277,631,1.71441242252,1.16280703756,1.47597265244,277,14.0108303249,2675,54,1,79,3206,
481,1403715910.63,2,828,261,261,567,1.44292070531,0.943050593939,1.26110386848,261,13.6206896552,2713,55,0,80,3244,
482,1403715910.68,2,885,280,280,605,1.56182551653,1.11179174802,1.37211275101,280,14.0357142857,2713,55,0,80,3244,
483,1403715910.73,2,860,290,290,570,1.51395657267,1.11115238896,1.28856658936,290,14.2482758621,2711,55,1,80,3242,
484,1403715910.78,2,850,324,324,526,1.55141077352,1.20107407477,1.24930644035,324,14.1172839506,2679,56,0,81,3265,
485,1403715910.83,2,862,315,315,547,1.62893991369,1.28194714183,1.3547283411,315,14.5904761905,2679,56,0,81,3265,
486,1403715910.88,2,837,295,295,542,1.53861415497,1.17073304073,1.20071566105,295,15.3016949153,2677,56,1,81,3263,
487,1403715910.93,2,853,368,368,485,1.46235590647,1.08067755627,1.21832084656,368,13.652173913,2729,57,0,82,3315,
488,1403715910.98,2,866,330,330,536,1.5248344205,1.08097953134,1.27745914459,330,14.003030303,2729,57,0,82,3315,
489,1403715911.03,2,756,269,269,487,1.5777868346,1.2084987124,1.28637051582,269,15.7211895911,2728,57,1,82,3314,
490,1403715911.08,2,788,308,308,480,1.56538117053,1.15351790973,1.33571684361,308,14.7337662338,2769,58,0,83,3355,
491,1403715911.13,2,763,296,296,467,1.55106132182,1.00908496347,1.27023029327,296,14.7668918919,2769,58,0,83,3355,
492,1403715911.18,2,653,222,222,431,1.77050970918,1.14788405426,1.50281763077,222,14.3693693694,2767,58,1,83,3353,
493,1403715911.23,2,662,237,237,425,1.83476788406,1.24654155215,1.63995707035,237,15.1012658228,2759,59,0,84,3345,
494,1403715911.28,2,638,213,213,425,1.844183885,1.3158016761,1.61205923557,213,13.9953051643,2759,59,0,84,3345,
495,1403715911.33,2,675,220,220,455,1.72552639268,1.12525355732,1.49374961853,220,12.9681818182,2740,58,1,83,3326,
496,1403715911.38,2,642,228,228,414,1.71073961415,1.11197015229,1.40853536129,228,11.8728070175,2726,58,0,84,3364,
497,1403715911.43,2,628,187,187,441,1.73095317169,1.29774020042,1.37834966183,187,11.5294117647,2668,57,0,84,3364,
498,1403715911.48,2,680,166,166,514,2.05293648118,1.28994709341,1.87081229687,166,12.9698795181,2666,57,1,84,3362,
499,1403715911.53,2,639,152,152,487,1.81752650111,1.22817995456,1.54566061497,152,12.5328947368,2702,58,0,85,3398,
500,1403715911.58,2,622,136,136,486,2.02230163138,1.26701493168,1.81768596172,136,11.5882352941,2646,56,0,85,3398,
501,1403715911.63,2,659,121,121,538,2.09614786358,1.41498890101,1.74059414864,121,12.2066115702,2545,54,1,85,3398,
502,1403715911.68,2,694,189,189,505,1.70155190696,1.04770708076,1.52367651463,189,9.89947089947,2611,55,0,86,3464,
503,1403715911.73,2,696,187,187,509,1.9657789397,1.3848500611,1.64695429802,187,9.85561497326,2611,55,0,86,3464,
504,1403715911.78,2,705,162,162,543,1.76781156006,1.24155985929,1.51265347004,162,10.8024691358,2588,54,1,86,3462,
505,1403715911.83,2,702,224,224,478,1.71105295659,1.11653836443,1.52143394947,224,9.41964285714,2650,54,0,87,3529,
506,1403715911.88,2,688,200,200,488,1.76665217005,1.09714594696,1.51858282089,200,10.05,2645,54,0,87,3524,
507,1403715911.93,2,611,185,185,426,1.92539851299,1.11555431464,1.75831723213,185,10.3513513514,2575,53,1,87,3524,
508,1403715911.98,2,618,202,202,416,1.89166910091,1.22621328916,1.61946630478,202,9.74257425743,2614,54,0,88,3563,
509,1403715912.03,2,682,206,206,476,1.91781858409,1.17812411119,1.80304479599,206,8.93689320388,2614,54,0,88,3563,
510,1403715912.08,2,639,205,205,434,1.80592411858,1.16212551089,1.59094393253,205,9.31707317073,2610,54,1,88,3559,
511,1403715912.13,2,709,214,214,495,1.73202830346,1.15955784574,1.51420140266,214,9.47196261682,2569,55,0,89,3545,
512,1403715912.18,2,743,194,194,549,1.89732596247,1.18557767513,1.76705431938,194,9.75257731959,2569,55,0,89,3545,
513,1403715912.23,2,740,193,193,547,1.72184981645,1.03310284156,1.54768276215,193,8.9170984456,2520,54,1,89,3539,
514,1403715912.28,2,791,215,215,576,1.82541224056,1.26145103519,1.56638324261,215,9.45581395349,2590,56,0,90,3566,
515,1403715912.33,2,828,218,218,610,1.72521915881,1.21033127319,1.48501765728,218,9.44495412844,2589,56,0,90,3565,
516,1403715912.38,2,782,186,186,596,1.77698670552,1.28173915021,1.52077770233,186,10.1612903226,2445,54,1,90,3565,
517,1403715912.43,2,846,210,210,636,1.78570156156,1.21210343859,1.57284736633,210,8.92380952381,2437,54,0,91,3620,
518,1403715912.48,2,857,198,198,659,1.77164337753,1.23291608765,1.54102408886,198,8.5404040404,2434,54,0,91,3617,
519,1403715912.53,2,843,170,170,673,1.77135257283,1.10842982289,1.61730480194,170,8.81764705882,2394,53,1,91,3617,
520,1403715912.58,2,817,222,222,595,1.77767599159,1.21163776307,1.48201930523,222,7.49099099099,2101,40,0,92,3683,
521,1403715912.63,2,809,179,179,630,1.80024897686,1.2940813147,1.49215364456,179,7.89944134078,2078,39,1,92,3680,
522,1403715912.68,2,816,228,228,588,1.83422896459,1.21484014845,1.56056165695,228,7.74561403509,2121,36,0,93,3732,
523,1403715912.73,2,851,207,207,644,2.01569444301,1.2756438493,1.6859818697,207,7.95652173913,2138,37,1,93,3729,
524,1403715912.78,2,855,231,231,624,1.90609894998,1.34119000005,1.61119365692,231,7.84848484848,2267,40,0,94,3774,
525,1403715912.83,2,791,175,175,616,2.06809445364,1.28583747048,1.77616155148,175,8.10285714286,2143,34,1,94,3769,
526,1403715912.88,2,815,201,201,614,1.84111211204,1.16449138885,1.76367855072,201,7.56218905473,1786,31,0,95,3809,
527,1403715912.93,2,890,172,172,718,2.04822396132,1.3019959114,1.77653956413,172,7.43604651163,1702,29,1,95,3809,
528,1403715912.98,2,918,200,200,718,2.19739216015,1.34174450983,1.91996085644,200,7.67,1749,30,0,96,3856,
529,1403715913.03,2,876,171,171,705,1.82130219896,1.28595911178,1.44680905342,171,7.52046783626,1562,26,1,96,3855,
530,1403715913.08,2,889,231,231,658,1.72303603806,1.17048330282,1.54454004765,231,6.31601731602,1633,27,0,97,3926,
531,1403715913.13,2,888,206,206,682,1.96570952287,1.25171535645,1.70246136189,206,6.72815533981,1633,27,1,97,3926,
532,1403715913.18,2,899,263,263,636,1.83304111728,1.2638240011,1.55404949188,263,6.37642585551,1696,28,0,98,3989,
533,1403715913.23,2,859,234,234,625,1.89634824703,1.27334931807,1.69163179398,234,5.93162393162,1488,26,1,98,3989,
534,1403715913.28,2,876,233,233,643,2.0422352448,1.3278248226,1.7959202528,233,5.97424892704,1531,27,0,99,4032,
535,1403715913.33,2,918,234,234,684,1.94289627557,1.29634288559,1.67352116108,234,5.98290598291,1525,27,1,99,4026,
536,1403715913.38,2,923,242,242,681,2.040595392,1.47010312213,1.73934018612,242,6.32644628099,1572,28,0,100,4073,
537,1403715913.43,2,988,200,200,788,2.07726461492,1.47868352921,1.70861363411,200,5.855,1570,28,1,100,4071,
538,1403715913.48,2,985,213,213,772,1.87902124845,1.27847895066,1.63809978962,213,5.96244131455,1503,28,1,101,4096,
539,1403715913.53,2,997,239,239,758,1.73529466538,1.11543073981,1.55581092834,239,6.51464435146,1509,29,1,102,4102,
540,1403715913.58,2,1002,237,237,765,1.86991489808,1.25875404972,1.61803090572,237,6.77215189873,1500,29,1,103,4139,
541,1403715913.63,2,997,287,287,710,1.83421652749,1.16490103287,1.63775062561,287,6.8118466899,1598,31,0,104,4191,
542,1403715913.68,2,994,264,264,730,2.02191866515,1.2014895182,1.83720338345,264,6.7803030303,1463,29,1,104,4191,
543,1403715913.73,2,996,306,306,690,1.90878534069,1.26063277918,1.59610557556,306,6.87581699346,1517,28,1,105,4287,
544,1403715913.78,2,1001,361,361,640,1.72588129865,1.23000401756,1.4858546257,361,7.34349030471,1772,33,0,106,4365,
545,1403715913.83,2,996,323,323,673,1.97324641395,1.37328632435,1.61198294163,323,7.38080495356,1579,28,1,106,4365,
546,1403715913.88,2,994,390,390,604,2.02861818423,1.47677881965,1.71459710598,390,7.26666666667,1686,29,0,107,4472,
547,1403715913.93,2,990,362,362,628,1.87639997478,1.30094394705,1.55635404587,362,7.39502762431,1685,29,1,107,4471,
548,1403715913.98,2,985,401,401,584,1.94519500232,1.21256298981,1.71312606335,401,7.536159601,1752,30,0,108,4536,
549,1403715914.03,2,979,367,367,612,1.70914920578,1.20554290006,1.43806219101,367,7.61035422343,1750,30,1,108,4536,
550,1403715914.08,2,977,381,381,596,1.90910320324,1.33133871414,1.57443058491,381,8.08923884514,1747,29,0,109,4575,
551,1403715914.13,2,975,384,384,591,1.69908774227,1.25114603346,1.45507478714,384,8.12760416667,1745,29,1,109,4573,
552,1403715914.18,2,972,395,395,577,1.76431990024,1.16264191822,1.52251243591,395,8.05569620253,1811,30,0,110,4639,
553,1403715914.23,2,972,389,389,583,1.77530063271,1.32138496727,1.3853738308,389,7.50128534704,1791,29,1,109,4619,
554,1403715914.28,2,968,403,403,565,1.82454558299,1.21692118494,1.51187837124,403,8.06699751861,1808,28,0,110,4685,
555,1403715914.33,2,973,390,390,583,1.67638291548,1.22285444465,1.4006254673,390,7.32307692308,1814,28,1,109,4671,
556,1403715914.38,2,972,422,422,550,1.73689911662,1.16581102163,1.50796103477,422,7.74170616114,1831,29,0,110,4688,
557,1403715914.43,2,959,388,388,571,1.69468979322,1.23130900913,1.42702949047,388,7.76288659794,1828,29,1,110,4685,
558,1403715914.48,2,963,391,391,572,1.83163151166,1.28055446808,1.57065677643,391,8.32225063939,2072,37,0,111,4711,
559,1403715914.53,2,968,363,363,605,1.74047770889,1.24483913816,1.46124482155,363,8.56473829201,1831,29,1,111,4708,
560,1403715914.58,2,968,385,385,583,1.83084761413,1.26690911937,1.55282735825,385,8.91168831169,1902,31,0,112,4759,
561,1403715914.63,2,967,368,368,599,1.78747679324,1.27452404304,1.46606886387,368,8.4347826087,1897,31,1,112,4754,
562,1403715914.68,2,979,391,391,588,1.82836970656,1.2600743909,1.54450833797,391,8.87212276215,1954,32,0,113,4811,
563,1403715914.73,2,975,372,372,603,1.76757228601,1.27421537149,1.45903670788,372,8.73387096774,1951,32,1,113,4808,
564,1403715914.78,2,983,359,359,624,1.89417790829,1.28233512315,1.60138404369,359,9.26462395543,1988,33,0,114,4845,
565,1403715914.83,2,997,347,347,650,1.80729337554,1.31702891819,1.4415166378,347,9.17867435159,1964,32,1,114,4841,
566,1403715914.88,2,993,367,367,626,1.92754745778,1.37802219501,1.57172358036,367,9.31335149864,2020,33,0,115,4897,
567,1403715914.93,2,991,378,378,613,1.8377941035,1.39126829854,1.49006402493,378,9.33333333333,2015,33,1,115,4892,
568,1403715914.98,2,983,399,399,584,1.90792383381,1.39479164092,1.61500990391,399,9.45363408521,2041,34,0,116,4918,
569,1403715915.03,2,984,409,409,575,1.84678150779,1.41837752596,1.48804521561,409,9,2023,33,0,115,4900,
570,1403715915.08,2,994,378,378,616,1.83995849458,1.41948797555,1.48037874699,378,9.29365079365,2023,33,1,115,4900,
571,1403715915.13,2,995,450,450,545,1.89219131485,1.43736429509,1.46417605877,450,9.35333333333,2083,34,0,116,4960,
572,1403715915.18,2,1001,423,423,578,1.77085500058,1.25151274976,1.49416744709,423,9.49172576832,2364,43,0,116,4957,
573,1403715915.23,2,1002,414,414,588,1.75186651542,1.2937654533,1.46568453312,414,9.62560386473,2318,42,1,116,4957,
574,1403715915.28,2,1001,440,440,561,1.82335314683,1.35491461363,1.48943769932,440,10.2136363636,2340,43,0,117,4979,
575,1403715915.33,2,1003,433,433,570,1.77936996408,1.32314145042,1.42964243889,433,10.0138568129,2339,43,0,117,4978,
576,1403715915.38,2,984,394,394,590,1.76478039071,1.28469755621,1.44470608234,394,10.2106598985,2121,36,1,117,4978,
577,1403715915.43,2,988,432,432,556,1.7767918999,1.30923625981,1.47829687595,432,10.5925925926,2133,37,0,118,4990,
578,1403715915.48,2,988,430,430,558,1.78093048535,1.37731624539,1.4622836113,430,10.5558139535,2132,37,1,118,4989,
579,1403715915.53,2,994,430,430,564,1.72223215389,1.23724939959,1.43085432053,430,11.6511627907,2096,37,0,119,4973,
580,1403715915.58,2,992,429,429,563,1.74953080709,1.32788272071,1.51011133194,429,11.5011655012,2379,46,1,119,4972,
581,1403715915.63,2,985,453,453,532,1.65722571764,1.20086562389,1.3674390316,453,12.2207505519,2403,47,0,120,4996,
582,1403715915.68,2,987,440,440,547,1.63623346614,1.26590174897,1.26831662655,440,11.6931818182,2386,46,1,119,4979,
583,1403715915.73,2,981,450,450,531,1.65495571933,1.25564509616,1.38322770596,450,12.3911111111,2410,47,0,120,5003,
584,1403715915.78,2,982,433,433,549,1.69312751492,1.27452162871,1.3724514246,433,12.3718244804,2126,38,1,120,5003,
585,1403715915.83,2,988,438,438,550,1.72399314539,1.32497234666,1.37248086929,438,13.3515981735,2156,39,0,121,5033,
586,1403715915.88,2,985,435,435,550,1.68942706551,1.36611536456,1.29365301132,435,12.9172413793,2156,39,0,121,5033,
587,1403715915.93,2,985,398,398,587,1.68890706197,1.1917798371,1.35851252079,398,13.5628140704,2156,39,1,121,5033,
588,1403715915.98,2,984,402,402,582,1.83540772411,1.41647637377,1.52029335499,402,13.6890547264,2200,40,0,122,5077,
589,1403715916.03,2,987,400,400,587,1.73713573565,1.21702612689,1.45006871223,400,13.91,2200,40,0,122,5077,
590,1403715916.08,2,982,385,385,597,1.77442660841,1.27931897121,1.45247411728,385,13.7428571429,2200,40,1,122,5077,
591,1403715916.13,2,984,404,404,580,1.73466244707,1.23140966013,1.39767956734,404,14.4183168317,2215,41,0,123,5092,
592,1403715916.18,2,972,380,380,592,1.73618629336,1.22143137172,1.44699800014,380,14.0763157895,2213,41,1,123,5090,
593,1403715916.23,2,967,388,388,579,1.79151990822,1.27114424523,1.53451287746,388,14.8969072165,2228,42,0,124,5105,
594,1403715916.28,2,922,340,340,582,1.74256263754,1.18238434546,1.48425352573,340,15.1029411765,2226,42,0,124,5103,
595,1403715916.33,2,924,308,308,616,1.79107768863,1.1683882117,1.53789722919,308,14.3376623377,2208,41,1,123,5085,
596,1403715916.38,2,898,316,316,582,1.81690617427,1.19421043312,1.5057091713,316,14.6993670886,2287,42,0,124,5164,
597,1403715916.43,2,857,284,284,573,1.74497139251,1.21316488841,1.40879333019,284,13.7077464789,2287,42,0,124,5164,
598,1403715916.48,2,847,254,254,593,1.94690292377,1.2622544745,1.64744138718,254,14.2440944882,2287,42,1,124,5164,
599,1403715916.53,2,820,252,252,568,1.75907154488,1.21676435846,1.471347332,252,14.0674603175,2332,43,0,125,5209,
600,1403715916.58,2,742,227,227,515,1.7993085001,1.26115285309,1.41988146305,227,13.9295154185,2331,43,0,125,5208,
601,1403715916.63,2,707,192,192,515,1.86463776751,1.27914605459,1.60615324974,192,15.0416666667,2331,43,1,125,5208,
602,1403715916.68,2,713,220,220,493,1.94717262719,1.30055024131,1.63477778435,220,14.0318181818,2356,44,0,126,5233,
603,1403715916.73,2,647,150,150,497,2.00232771177,1.44070496893,1.64873611927,150,14.92,2337,43,0,126,5233,
604,1403715916.78,2,703,149,149,554,2.05366254233,1.26405675874,1.67505431175,149,15.1409395973,2640,53,1,126,5233,
605,1403715916.83,2,686,170,170,516,1.92775273875,1.33940363957,1.63444662094,170,13.5941176471,2650,54,0,127,5243,
606,1403715916.88,2,674,172,172,502,2.02764229918,1.30268034055,1.8337635994,172,14.3081395349,2650,54,0,127,5243,
607,1403715916.93,2,625,147,147,478,1.96584610104,1.25923731428,1.78277003765,147,14.6598639456,2650,54,1,127,5243,
608,1403715916.98,2,710,181,181,529,1.87718756898,1.37921679513,1.50439500809,181,13.2044198895,2758,56,0,128,5259,
609,1403715917.03,2,654,158,158,496,1.9939452986,1.38458186342,1.60956549644,158,12.4303797468,2730,55,0,127,5231,
610,1403715917.08,2,667,140,140,527,2.19248231096,1.47771759919,1.84703445435,140,11.6928571429,2638,54,1,127,5231,
611,1403715917.13,2,592,138,138,454,2.07756491351,1.32638363755,1.80178058147,138,12.9420289855,2647,55,0,128,5240,
612,1403715917.18,2,604,135,135,469,2.07126581804,1.27381119564,1.93628847599,135,12.8074074074,2738,56,0,128,5239,
613,1403715917.23,2,677,143,143,534,2.21784733765,1.4784744416,1.89194059372,143,12.4195804196,2738,56,1,128,5239,
614,1403715917.28,2,723,185,185,538,1.96592737428,1.32563655949,1.6733083725,185,10.2810810811,2901,58,0,129,5275,
615,1403715917.33,2,779,170,170,609,2.03681808763,1.40313269125,1.71233463287,170,11.1411764706,2901,58,0,129,5275,
616,1403715917.38,2,787,154,154,633,1.97700642147,1.40234546755,1.60109353065,154,11.1688311688,2901,58,1,129,5275,
617,1403715917.43,2,802,209,209,593,1.88677177047,1.25230575421,1.62240040302,209,9.54545454545,2953,59,0,130,5327,
618,1403715917.48,2,795,207,207,588,2.13682378071,1.44821439951,1.84536874294,207,9.36231884058,2953,59,0,130,5327,
619,1403715917.53,2,785,189,189,596,1.97679193062,1.33941245457,1.59101426601,189,10.6931216931,2953,59,1,130,5327,
620,1403715917.58,2,761,214,214,547,1.91204825468,1.34951534858,1.6112370491,214,9.56074766355,3001,60,0,131,5375,
621,1403715917.63,2,758,214,214,544,1.98122514925,1.39627190533,1.6800109148,214,9.86448598131,3001,60,0,131,5375,
622,1403715917.68,2,733,202,202,531,1.96078445781,1.32814959358,1.64264333248,202,9.75247524752,2781,58,1,131,5374,
623,1403715917.73,2,723,226,226,497,1.90050171382,1.18185908182,1.63730096817,226,9.86283185841,2821,59,0,132,5414,
624,1403715917.78,2,667,228,228,439,1.95969075187,1.22845472521,1.72657310963,228,9.2149122807,3040,61,0,132,5414,
625,1403715917.83,2,719,206,206,513,2.08756579455,1.43098691792,1.75830340385,206,9.83009708738,3040,61,0,132,5414,
626,1403715917.88,2,772,226,226,546,1.95473528967,1.33824766591,1.71897399426,226,9.09292035398,3119,62,1,132,5412,
627,1403715917.93,2,744,260,260,484,1.84977190856,1.25869282308,1.61712527275,260,9.99615384615,3121,63,0,133,5414,
628,1403715917.98,2,740,237,237,503,1.83309037713,1.22902799939,1.55413603783,237,9.56540084388,3121,63,0,133,5414,
629,1403715918.03,2,703,236,236,467,1.83186494505,1.19324942484,1.56183087826,236,10.0169491525,3121,63,0,133,5414,
630,1403715918.08,2,723,218,218,505,1.93871238735,1.30253326916,1.73870182037,218,9.66972477064,3121,63,1,133,5414,
631,1403715918.13,2,632,224,224,408,1.79207586715,1.1193149824,1.63173782825,224,10.375,2948,62,0,134,5449,
632,1403715918.18,2,675,208,208,467,2.00584505334,1.38196341949,1.70969331264,208,10.1682692308,3075,63,0,134,5449,
633,1403715918.23,2,739,195,195,544,1.8406779635,1.21142102855,1.53825426102,195,10.2717948718,3153,64,1,134,5446,
634,1403715918.28,2,670,219,219,451,1.84724984102,1.29568229039,1.5415147543,219,10.5616438356,3189,65,0,135,5482,
635,1403715918.33,2,762,210,210,552,1.7670667268,1.16361185934,1.55422389507,210,12.1523809524,3374,69,0,135,5482,
636,1403715918.38,2,744,206,206,538,1.84350259381,1.16981923043,1.68465149403,206,11.7330097087,3187,65,0,135,5480,
637,1403715918.43,2,725,179,179,546,1.85966370288,1.27067198252,1.61491906643,179,12.3687150838,3187,65,1,135,5480,
638,1403715918.48,2,661,177,177,484,1.93478000356,1.37587144474,1.63427841663,177,13.1694915254,3176,66,0,136,5469,
639,1403715918.53,2,738,131,131,607,1.80933008497,1.23467222344,1.52866137028,131,16.7022900763,3176,66,0,136,5469,
640,1403715918.58,2,776,149,149,627,1.76936922157,1.18533740718,1.52998185158,149,14.9261744966,3360,70,1,136,5468,
641,1403715918.63,2,825,158,158,667,1.67918379053,1.21916542002,1.46796190739,158,14.9810126582,3398,71,0,137,5506,
642,1403715918.68,2,937,142,142,795,1.81206027728,1.21106784461,1.60953700542,142,14.4295774648,3398,71,0,137,5506,
643,1403715918.73,2,937,146,146,791,1.97483851505,1.37265491388,1.79648685455,146,14.6369863014,3398,71,1,137,5506,
644,1403715918.78,2,984,188,188,796,1.72451541708,1.14247958793,1.4271337986,188,12.4255319149,4010,87,0,138,5567,
645,1403715918.83,2,989,172,172,817,1.97338254594,1.40269228262,1.66944074631,172,11.9593023256,2892,64,0,138,5567,
646,1403715918.88,2,994,169,169,825,2.0541255039,1.24888393852,1.79968905449,169,12.3313609467,3191,67,0,138,5565,
647,1403715918.93,2,991,142,142,849,1.99719370765,1.29872475175,1.82254171371,142,13.0070422535,3191,67,1,138,5565,
648,1403715918.98,2,988,181,181,807,2.01501457298,1.44167474168,1.76838386059,181,13.138121547,3193,68,0,139,5567,
649,1403715919.03,2,991,159,159,832,1.93829633014,1.24996508944,1.66265058517,159,13.8805031447,3193,68,0,139,5567,
650,1403715919.08,2,992,157,157,835,2.15267554395,1.37937611178,1.88231122494,157,11.9299363057,3053,66,1,138,5554,
651,1403715919.13,2,1002,204,204,798,1.95217422608,1.4473085022,1.61745238304,204,9.57843137255,2829,60,0,139,5642,
652,1403715919.18,2,1000,206,206,794,2.07294417625,1.37521833275,1.87920069695,206,9.59223300971,3049,66,0,139,5642,
653,1403715919.23,2,1000,203,203,797,2.03829424781,1.50907514273,1.6076580286,203,9.85714285714,4224,95,0,139,5641,
654,1403715919.28,2,1002,204,204,798,2.22748369517,1.60326627369,1.72362089157,204,9.99019607843,4034,80,0,139,5641,
655,1403715919.33,2,1005,191,191,814,2.16664984955,1.57322723799,1.68693256378,191,10.5078534031,4036,81,0,139,5641,
656,1403715919.38,2,1003,197,197,806,2.26240437714,1.54542566188,1.86228847504,197,10.7512690355,4084,88,0,139,5641,
657,1403715919.43,2,1002,197,197,805,2.15459317457,1.35974914837,1.79614543915,197,11.4416243655,4180,89,0,139,5641,
658,1403715919.48,2,1001,186,186,815,2.26059856821,1.55715370492,1.93601620197,186,11.5,4184,93,1,139,5641,
659,1403715919.53,2,1002,231,231,771,2.09435640543,1.45536180647,1.72481167316,231,10.2857142857,4185,91,0,140,5643,
660,1403715919.58,2,1000,237,237,763,2.20697616685,1.59125165319,1.73343515396,237,10.4894514768,4185,91,0,140,5643,
661,1403715919.63,2,1002,248,248,754,2.12927597253,1.49536349526,1.80084860325,248,9.59677419355,3502,74,0,140,5639,
662,1403715919.68,2,1002,237,237,765,1.90830772213,1.37600642561,1.44027543068,237,10.1856540084,3265,69,0,140,5639,
663,1403715919.73,2,1005,229,229,776,2.02874619179,1.48905760867,1.63580489159,229,9.94323144105,4205,95,0,140,5639,
664,1403715919.78,2,1000,221,221,779,1.95974843076,1.43476173247,1.68739211559,221,10.0226244344,4205,95,1,140,5639,
665,1403715919.83,2,1002,293,293,709,1.96342572162,1.46145702155,1.55248188972,293,9.07167235495,3108,68,0,141,5700,
666,1403715919.88,2,1002,258,258,744,2.0282714855,1.5589182915,1.65484154224,258,10.003875969,3200,69,0,141,5700,
667,1403715919.93,2,1002,252,252,750,2.02226138881,1.52001868015,1.69657993317,252,9.27777777778,4238,94,0,141,5695,
668,1403715919.98,2,1000,233,233,767,2.11401825999,1.61722161802,1.74317717552,233,9.4678111588,3435,72,1,141,5695,
669,1403715920.03,2,997,282,282,715,1.98307647165,1.44699588979,1.59757137299,282,9.64184397163,3235,70,0,142,5735,
670,1403715920.08,2,997,255,255,742,2.03187495117,1.55955015279,1.63334786892,255,9.97254901961,3143,69,0,142,5735,
671,1403715920.13,2,1002,254,254,748,1.99969323095,1.53331010715,1.62283492088,254,9.86220472441,3141,69,0,142,5733,
672,1403715920.18,2,1000,243,243,757,2.01312376479,1.34957253966,1.75369048119,243,10.4115226337,3141,69,1,142,5733,
673,1403715920.23,2,998,282,282,716,2.07353211509,1.45190420569,1.76395761967,282,10.6134751773,4201,90,0,143,5761,
674,1403715920.28,2,992,285,285,707,2.03504291339,1.50482065929,1.66959941387,285,9.96842105263,3169,70,0,143,5761,
675,1403715920.33,2,984,263,263,721,1.97585450079,1.46597513783,1.61853659153,263,10.9885931559,3168,70,0,143,5760,
676,1403715920.38,2,983,269,269,714,1.92181743177,1.44482045128,1.52870571613,269,11.1189591078,4111,83,0,143,5760,
677,1403715920.43,2,994,241,241,753,1.98813599744,1.50874268512,1.52303028107,241,11.4315352697,3978,79,1,143,5760,
678,1403715920.48,2,976,274,274,702,1.95627721273,1.48991711415,1.58752536774,274,12.003649635,3449,73,0,144,5822,
679,1403715920.53,2,999,254,254,745,2.04821756817,1.52971656208,1.67950880527,254,12.2519685039,4164,83,0,144,5822,
680,1403715920.58,2,990,249,249,741,1.91221705441,1.40951958871,1.60768830776,249,12.5502008032,4154,86,1,144,5818,
681,1403715920.63,2,989,287,287,702,2.09008101057,1.51439768893,1.62242603302,287,12.3066202091,3595,75,0,145,5887,
682,1403715920.68,2,980,272,272,708,1.93098842495,1.38757882182,1.53438174725,272,13.1691176471,3595,75,0,145,5887,
683,1403715920.73,2,973,250,250,723,2.05357411003,1.50378088518,1.68891835213,250,12.752,3777,79,0,145,5885,
684,1403715920.78,2,937,236,236,701,2.01289745512,1.43922344023,1.67840027809,236,13.5127118644,3777,79,1,145,5885,
685,1403715920.83,2,924,274,274,650,1.85459083232,1.20022666488,1.62155389786,274,12.7116788321,3777,80,0,146,5885,
686,1403715920.88,2,911,240,240,671,1.86912141191,1.37908310474,1.45609140396,240,13.9041666667,3777,80,0,146,5885,
687,1403715920.93,2,868,220,220,648,1.74110575139,1.27110510908,1.41840660572,220,14.5136363636,3777,80,0,146,5885,
688,1403715920.98,2,864,223,223,641,1.84473620181,1.0639582212,1.71625077724,223,15.0852017937,3777,80,1,146,5885,
689,1403715921.03,2,878,248,248,630,1.82339646359,1.303904474,1.58174598217,248,14.2983870968,3622,77,0,147,5914,
690,1403715921.08,2,876,240,240,636,1.77669797254,1.27924986901,1.45740139484,240,14.7666666667,3622,77,0,147,5914,
691,1403715921.13,2,842,230,230,612,1.89677406148,1.24591271203,1.57211410999,230,15.6086956522,3621,77,0,147,5913,
692,1403715921.18,2,849,231,231,618,2.00973385431,1.40201882884,1.71484529972,231,15.4199134199,3621,77,1,147,5913,
693,1403715921.23,2,832,233,233,599,1.97924739007,1.45935687058,1.63558292389,233,15.008583691,3608,78,0,148,5900,
694,1403715921.28,2,881,223,223,658,1.94850911985,1.35185016907,1.61884987354,223,15.5739910314,3608,78,0,148,5900,
695,1403715921.33,2,873,210,210,663,1.97050562762,1.31523525563,1.7337025404,210,15.980952381,3608,78,0,148,5900,
696,1403715921.38,2,762,191,191,571,1.87326710698,1.43739108219,1.51399874687,191,15.7068062827,3518,76,0,147,5891,
697,1403715921.43,2,768,186,186,582,1.93543433726,1.37383923473,1.6813904047,186,16.4139784946,3783,81,1,147,5891,
698,1403715921.48,2,770,221,221,549,1.96760751213,1.28319243074,1.83170700073,221,15.8325791855,3730,81,0,148,5881,
699,1403715921.53,2,806,216,216,590,2.07440785039,1.43515039069,1.83336830139,216,15.9212962963,3589,78,0,148,5881,
700,1403715921.58,2,791,186,186,605,1.9512093924,1.4314679799,1.67960441113,186,16.5161290323,3589,78,0,148,5881,
701,1403715921.63,2,806,196,196,610,2.02281317381,1.43102159938,1.73938715458,196,16.2704081633,3586,78,0,148,5878,
702,1403715921.68,2,741,170,170,571,2.04060981168,1.27399854731,1.85334444046,170,16.2823529412,3586,78,1,148,5878,
703,1403715921.73,2,780,195,195,585,1.97516872245,1.3979750986,1.76539373398,195,15.7179487179,3608,79,0,149,5900,
704,1403715921.78,2,792,180,180,612,2.05998320758,1.41326044076,1.77806651592,180,16.3111111111,3608,79,0,149,5900,
705,1403715921.83,2,725,165,165,560,2.25610875636,1.62505369406,1.98830842972,165,15.6303030303,3401,77,0,149,5900,
706,1403715921.88,2,757,165,165,592,2.19668199786,1.74548882895,1.81470835209,165,13.9878787879,3387,76,0,148,5886,
707,1403715921.93,2,790,146,146,644,2.07247975882,1.51549993193,1.85385167599,146,14.1301369863,3513,77,1,148,5886,
708,1403715921.98,2,806,173,173,633,2.09004615773,1.50177348038,1.78139710426,173,14.161849711,3406,77,0,149,5905,
709,1403715922.03,2,819,161,161,658,1.96007918469,1.4805367728,1.54150271416,161,14.1366459627,3406,77,0,149,5905,
710,1403715922.08,2,788,134,134,654,2.13147424195,1.50344458549,1.71677017212,134,13.1791044776,3406,77,0,149,5905,
711,1403715922.13,2,814,131,131,683,2.2703750609,1.49630520191,2.03861045837,131,14.2366412214,3402,77,0,149,5901,
712,1403715922.18,2,826,142,142,684,2.1804169918,1.37847944564,1.89921152592,142,13.9507042254,3402,77,1,149,5901,
713,1403715922.23,2,849,157,157,692,2.03053381785,1.34740430203,1.87166452408,157,11.0891719745,3441,78,0,150,5940,
714,1403715922.28,2,826,132,132,694,2.36958473402,1.36363627908,2.08270740509,132,12.3939393939,3441,78,0,150,5940,
715,1403715922.33,2,845,111,111,734,2.61593260153,1.64316895339,2.15322184563,111,12.2432432432,3441,78,0,150,5940,
716,1403715922.38,2,871,109,109,762,2.25357805343,1.57213816039,1.87661421299,109,11.5321100917,3440,78,1,150,5939,
717,1403715922.43,2,893,126,126,767,2.20097789145,1.34645395041,1.95389962196,126,10.0476190476,3445,79,0,151,5944,
718,1403715922.48,2,906,113,113,793,2.11504944223,1.19397953171,1.9427241087,113,11.0707964602,3445,79,0,151,5944,
719,1403715922.53,2,899,107,107,792,2.15947708474,1.42301836423,1.81988346577,107,11.4018691589,3443,79,1,151,5942,
720,1403715922.58,2,908,148,148,760,2.19033526211,1.5411055664,1.83024775982,148,9.22297297297,3517,80,0,152,6016,
721,1403715922.63,2,881,129,129,752,2.36276582877,1.64894799556,1.90594005585,129,8.99224806202,3517,80,0,152,6016,
722,1403715922.68,2,894,125,125,769,2.32533917814,1.34413080437,2.2521944046,125,9.712,3513,80,1,152,6012,
723,1403715922.73,2,924,172,172,752,2.00314319134,1.3004727986,1.65428006649,172,7.3023255814,3602,81,0,153,6101,
724,1403715922.78,2,945,169,169,776,2.09353801211,1.29606706445,1.83630621433,169,7.37869822485,3600,81,0,153,6099,
725,1403715922.83,2,940,167,167,773,2.08272351066,1.43697206019,1.73187732697,167,7.90419161677,3600,81,0,153,6099,
726,1403715922.88,2,958,157,157,801,2.30685371882,1.55201839645,2.00577545166,157,8.12101910828,3600,81,1,153,6099,
727,1403715922.93,2,960,214,214,746,1.96275458461,1.18997601238,1.67333745956,214,6.47196261682,3731,81,0,154,6133,
728,1403715922.98,2,962,176,176,786,2.08198886881,1.36888069099,1.66993176937,176,7.17045454545,3634,81,0,154,6133,
729,1403715923.03,2,971,189,189,782,2.07304208036,1.32999934227,1.78544676304,189,6.4126984127,3631,81,1,154,6130,
730,1403715923.08,2,971,286,286,685,1.81042598235,1.22874357614,1.54427874088,286,5.71328671329,3702,81,0,155,6273,
731,1403715923.13,2,975,290,290,685,1.97382428662,1.28690864628,1.707639575,290,6.09310344828,3702,81,0,155,6273,
732,1403715923.18,2,976,283,283,693,2.06308036323,1.30421502922,1.7759629488,283,6.05653710247,3761,81,0,154,6260,
733,1403715923.23,2,971,260,260,711,2.16207810541,1.39277921427,1.8219037056,260,6.07307692308,3827,81,0,154,6260,
734,1403715923.28,2,982,236,236,746,2.18965165866,1.37795065775,2.0139605999,236,6.37288135593,3761,81,1,154,6260,
735,1403715923.33,2,974,264,264,710,2.05564819134,1.40687992833,1.79787194729,264,5.55681818182,3712,81,0,155,6303,
736,1403715923.38,2,984,233,233,751,2.12832115642,1.46408657284,1.73787379265,233,6.84549356223,3709,81,0,155,6303,
737,1403715923.43,2,976,228,228,748,1.97062168859,1.30714530026,1.63357770443,228,6.01754385965,3701,81,1,155,6303,
738,1403715923.48,2,958,276,276,682,2.0327147483,1.38178185495,1.65824067593,276,5.6231884058,3725,81,0,156,6398,
739,1403715923.53,2,963,256,256,707,2.29775529006,1.56343650013,1.99195194244,256,5.6875,3804,81,0,156,6398,
740,1403715923.58,2,970,266,266,704,2.01804746902,1.38719675513,1.70608901978,266,5.57518796992,3306,70,1,156,6396,
741,1403715923.63,2,958,319,319,639,1.9470672519,1.3162741824,1.73936629295,319,5.7868338558,3760,81,0,157,6457,
742,1403715923.68,2,957,319,319,638,1.95780583164,1.36119560891,1.72548019886,319,5.52037617555,3704,81,0,157,6455,
743,1403715923.73,2,957,297,297,660,1.92734059335,1.2188676345,1.70530080795,297,5.0404040404,3584,74,1,157,6455,
744,1403715923.78,2,944,328,328,616,1.90675119129,1.34652930591,1.6096508503,328,5.66463414634,3809,81,0,158,6447,
745,1403715923.83,2,942,309,309,633,1.95092949536,1.36950072469,1.61545455456,309,5.94174757282,3680,75,0,158,6447,
746,1403715923.88,2,963,310,310,653,2.03673442056,1.46503474051,1.68145847321,310,6.37741935484,3729,78,1,158,6447,
747,1403715923.93,2,964,350,350,614,2.0960802963,1.46421091172,1.73274707794,350,6.16285714286,3730,69,0,159,6523,
748,1403715923.98,2,959,312,312,647,2.16542117859,1.55424447222,1.70381855965,312,6.47115384615,3894,81,0,159,6523,
749,1403715924.03,2,961,287,287,674,2.20924354789,1.69526166222,1.76075208187,287,6.27526132404,3901,81,1,159,6522,
750,1403715924.08,2,967,327,327,640,2.07824819635,1.47290494466,1.6932977438,327,7.14373088685,3227,54,0,160,6607,
751,1403715924.13,2,961,270,270,691,2.2889548948,1.65035375427,1.90975058079,270,7.28518518519,3933,83,0,160,6607,
752,1403715924.18,2,974,260,260,714,2.24717677069,1.64533023283,1.87534105778,260,7.41538461538,3930,85,1,160,6603,
753,1403715924.23,2,979,258,258,721,2.06849604916,1.47159266858,1.7121309042,258,8.08139534884,4149,81,0,161,6627,
754,1403715924.28,2,964,252,252,712,2.18362789504,1.54671212719,1.7767213583,252,8.01984126984,3859,84,0,161,6627,
755,1403715924.33,2,987,228,228,759,2.23521645929,1.57282264017,1.86899602413,228,8.3201754386,3800,81,1,161,6627,
756,1403715924.38,2,990,231,231,759,2.17067169224,1.49606070907,1.77301442623,231,9.09090909091,3828,82,0,162,6617,
757,1403715924.43,2,994,205,205,789,2.38791759,1.57740245273,1.91718554497,205,9.54146341463,4325,92,0,162,6617,
758,1403715924.48,2,999,182,182,817,2.28426858013,1.40473509035,2.08774757385,182,10.0879120879,4314,88,0,162,6615,
759,1403715924.53,2,998,170,170,828,2.13872813372,1.42745374554,1.79279863834,170,10.8058823529,4317,90,1,162,6615,
760,1403715924.58,2,991,199,199,792,2.15455767265,1.3360859425,1.85188043118,199,11.6783919598,3801,81,0,163,6621,
761,1403715924.63,2,988,163,163,825,2.37274291353,1.58468800582,2.06192612648,163,12.1840490798,3744,81,0,163,6621,
762,1403715924.68,2,998,160,160,838,2.0776117566,1.42047750686,1.78963088989,160,12.95,3750,81,0,163,6621,
763,1403715924.73,2,998,171,171,827,2.10415442462,1.47706567328,1.74202251434,171,12.514619883,3724,80,0,163,6614,
764,1403715924.78,2,986,147,147,839,2.28912583749,1.49146363958,1.96048283577,147,13.8843537415,4313,90,1,163,6614,
765,1403715924.83,2,989,177,177,812,2.08695424908,1.33053330222,1.94393312931,177,13.8305084746,4299,94,0,164,6591,
766,1403715924.88,2,961,175,175,786,2.21483598692,1.35901298926,1.98871469498,175,16.6057142857,4299,94,0,164,6591,
767,1403715924.93,2,971,132,132,839,2.17991701838,1.58103497296,1.87347352505,132,15.2651515152,4299,94,0,164,6591,
768,1403715924.98,2,1000,137,137,863,2.15318350407,1.48422394957,1.72822988033,137,16.0948905109,4812,101,0,164,6588,
769,1403715925.03,2,996,113,113,883,2.21512100773,1.32899026244,1.97404539585,113,15.1238938053,4861,101,1,164,6588,
770,1403715925.08,2,1000,150,150,850,2.12022669365,1.31202213368,1.83792555332,150,12.7133333333,4844,103,0,165,6571,
771,1403715925.13,2,1002,135,135,867,2.20729659586,1.41203580412,1.94595110416,135,11.9481481481,4934,107,0,165,6571,
772,1403715925.18,2,1000,150,150,850,2.41621948309,1.52114656748,2.04044795036,150,12.86,5013,113,0,165,6571,
773,1403715925.23,2,1000,133,133,867,2.34371400686,1.59204559184,2.01367497444,133,13.8345864662,5040,116,0,165,6571,
774,1403715925.28,2,994,139,139,855,2.37304298821,1.66711865572,2.00643491745,139,12.3884892086,5035,114,0,165,6569,
775,1403715925.33,2,996,140,140,856,2.47051262788,1.57262089289,2.20639467239,140,14.5928571429,5098,115,1,164,6556,
776,1403715925.38,2,998,198,198,800,2.31829838686,1.49459914287,1.99344015121,198,12.6666666667,5211,124,0,165,6582,
777,1403715925.43,2,961,173,173,788,2.10202232865,1.5563403455,1.71270859241,173,13.6300578035,5211,124,0,165,6582,
778,1403715925.48,2,988,163,163,825,2.27994500768,1.54628985703,1.93447840214,163,13.6257668712,5211,124,0,165,6582,
779,1403715925.53,2,980,167,167,813,2.39185325284,1.5661575099,2.0535838604,167,12.8143712575,5211,124,0,165,6582,
780,1403715925.58,2,934,138,138,796,2.20486394856,1.4307396503,1.96744799614,138,14.8260869565,5325,126,0,165,6582,
781,1403715925.63,2,924,163,163,761,2.00693403626,1.26000031531,1.80558156967,163,14.8588957055,5368,127,1,165,6582,
782,1403715925.68,2,943,190,190,753,1.89264349622,1.12215626666,1.65986549854,190,14.5157894737,5754,135,0,166,6607,
783,1403715925.73,2,937,170,170,767,2.05836523607,1.32056360333,1.76674211025,170,14.1470588235,5754,135,0,166,6607,
784,1403715925.78,2,940,158,158,782,2.21378050419,1.53272350245,1.98338198662,158,15.3164556962,5754,134,0,166,6607,
785,1403715925.83,2,926,162,162,764,2.0234793718,1.23072429942,1.76779139042,162,14.9012345679,5811,135,0,166,6607,
786,1403715925.88,2,839,150,150,689,2.30216857631,1.58093873611,1.9860817194,150,14.66,5182,114,0,166,6607,
787,1403715925.93,2,812,145,145,667,1.89733125794,1.29373117804,1.68849551678,145,15.6275862069,5413,116,0,166,6607,
788,1403715925.98,2,774,140,140,634,2.156886246,1.47176561196,1.78447067738,140,16.0785714286,5105,112,0,166,6607,
789,1403715926.03,2,794,140,140,654,2.06980994412,1.39524171895,1.97788631916,140,17.7785714286,4991,111,1,166,6607,
790,1403715926.08,2,685,150,150,535,1.81109777217,1.13866445364,1.67102968693,150,17.0866666667,5004,110,0,167,6587,
791,1403715926.13,2,709,146,146,563,2.00470130926,1.24334285007,1.86201012135,146,17.4931506849,5003,108,0,167,6587,
792,1403715926.18,2,732,170,170,562,1.84534632231,1.23417245951,1.60889565945,170,17.1588235294,4964,103,0,167,6587,
793,1403715926.23,2,648,132,132,516,1.60041918792,1.11118591448,1.32178413868,132,17.3257575758,4758,91,0,167,6585,
794,1403715926.28,2,681,135,135,546,1.82523780774,1.15580898539,1.58573102951,135,15.6666666667,4625,86,1,166,6579,
795,1403715926.33,2,728,142,142,586,1.88582913769,1.17422728619,1.69977247715,142,14.9014084507,4932,105,0,167,6580,
796,1403715926.38,2,780,134,134,646,2.01554217746,1.33829625758,1.82132506371,134,16.0671641791,4856,110,0,167,6580,
797,1403715926.43,2,795,120,120,675,1.97741777388,1.32927477511,1.67083227634,120,15.725,4553,102,0,167,6580,
798,1403715926.48,2,826,134,134,692,1.82771291834,1.28470762658,1.65822863579,134,18.2164179104,4561,104,0,167,6580,
799,1403715926.53,2,898,154,154,744,1.90313849801,1.24778826021,1.5850943327,154,15.8896103896,4539,103,1,167,6580,
800,1403715926.58,2,896,187,187,709,1.8053414524,1.01761530771,1.68949842453,187,15.5561497326,4458,101,0,168,6604,
801,1403715926.63,2,899,179,179,720,1.79263513598,1.02514834528,1.61680185795,179,14.3798882682,3847,90,0,168,6604,
802,1403715926.68,2,906,169,169,737,1.81747484101,1.07759357256,1.68644964695,169,13.6863905325,3836,89,0,168,6604,
803,1403715926.73,2,953,169,169,784,1.72496647762,1.06844806495,1.57666814327,169,14.201183432,3845,90,0,168,6603,
804,1403715926.78,2,1004,157,157,847,1.84078141383,1.15292700642,1.58969843388,157,13.5732484076,3681,85,1,167,6590,
805,1403715926.83,2,1000,224,224,776,1.66228085212,1.12168191009,1.38593554497,224,11.375,3760,86,0,168,6669,
806,1403715926.88,2,1004,210,210,794,1.76477136105,1.22075284296,1.51441919804,210,11.4380952381,3680,81,0,168,6669,
807,1403715926.93,2,1002,189,189,813,1.79654254926,1.25527661261,1.45622932911,189,12.7619047619,3574,81,0,168,6669,
808,1403715926.98,2,1002,190,190,812,1.75320187658,1.25867591722,1.46733188629,190,11.4473684211,3680,81,1,168,6669,
809,1403715927.03,2,1006,293,293,713,1.74377191547,1.16466328978,1.53921556473,293,10.0921501706,3755,82,0,169,6744,
810,1403715927.08,2,1004,272,272,732,1.74211682733,1.24013491923,1.4372446537,272,10.3382352941,3755,82,0,169,6744,
811,1403715927.13,2,1003,266,266,737,1.76878751561,1.20627291872,1.51981782913,266,10.2744360902,3754,82,0,169,6743,
812,1403715927.18,2,1004,244,244,760,1.71232193544,1.07614060745,1.50102305412,244,9.84016393443,3676,80,0,169,6743,
813,1403715927.23,2,1006,232,232,774,1.88684345756,1.24425285534,1.67019093037,232,9.87931034483,3676,80,0,169,6743,
814,1403715927.28,2,1004,210,210,794,1.85471767414,1.25302949115,1.59443902969,210,9.07142857143,3301,64,1,169,6743,
815,1403715927.33,2,1003,267,267,736,1.79140027049,1.24608673663,1.48810994625,267,8.38951310861,3671,80,0,170,6776,
816,1403715927.38,2,1004,246,246,758,1.49331442606,1.07203545577,1.26712107658,246,8.23577235772,3668,80,0,170,6773,
817,1403715927.43,2,1005,227,227,778,1.58285314206,1.09719268922,1.272539258,227,8.33480176211,3668,80,1,170,6773,
818,1403715927.48,2,1004,305,305,699,1.78381820631,1.252961564,1.49776542187,305,7.34098360656,3433,66,0,171,6875,
819,1403715927.53,2,1003,300,300,703,1.64295508681,1.17965206827,1.37066411972,300,7.62333333333,3700,74,0,170,6863,
820,1403715927.58,2,1003,283,283,720,1.70092027295,1.16429914319,1.38552808762,283,7.33922261484,3359,60,0,170,6863,
821,1403715927.63,2,1002,271,271,731,1.76380457369,1.19717167759,1.42501926422,271,7.9520295203,2928,53,1,170,6863,
822,1403715927.68,2,1003,327,327,676,1.61933887643,1.07029205369,1.38882315159,327,7.46483180428,3200,60,0,171,6907,
823,1403715927.73,2,1003,328,328,675,1.71648641417,1.14852339001,1.47345352173,328,7.71951219512,3200,60,0,171,6907,
824,1403715927.78,2,1003,289,289,714,1.73686258851,1.13337042496,1.57669436932,289,7.91003460208,2716,50,1,171,6907,
825,1403715927.83,2,1002,285,285,717,1.83159845698,1.18866471178,1.61708259583,285,8.20350877193,2762,51,0,172,6953,
826,1403715927.88,2,1005,306,306,699,1.73340837905,1.12734000893,1.49254763126,306,7.57843137255,3018,55,0,172,6953,
827,1403715927.93,2,1005,250,250,755,1.8098097195,1.11731940392,1.59026503563,250,8.1,3018,55,1,172,6953,
828,1403715927.98,2,1001,268,268,733,1.88235896872,1.2256725595,1.67791855335,268,8.87313432836,2784,52,0,173,6975,
829,1403715928.03,2,1003,256,256,747,1.77061136195,1.14323117461,1.55097866058,256,8.55859375,2783,52,0,173,6974,
830,1403715928.08,2,1003,237,237,766,1.72722644678,1.08802591249,1.5960316658,237,8.65400843882,2783,52,1,173,6974,
831,1403715928.13,2,1003,244,244,759,1.87460405514,1.21745764,1.67022633553,244,8.04918032787,2716,51,0,174,7009,
832,1403715928.18,2,1002,220,220,782,1.67513718382,1.07444255625,1.39951765537,220,7.12727272727,2982,56,0,174,7008,
833,1403715928.23,2,1002,201,201,801,1.74390099227,1.13178737706,1.50201928616,201,7.19402985075,2580,48,1,174,7008,
834,1403715928.28,2,1001,246,246,755,1.82872786197,1.22635067224,1.55782723427,246,6.32113821138,3048,57,0,175,7074,
835,1403715928.33,2,1000,200,200,800,1.75643441498,1.11976324664,1.54723381996,200,5.39,2509,47,1,175,7073,
836,1403715928.38,2,996,243,243,753,1.8032285414,1.25355442101,1.43757605553,243,5.08641975309,2578,48,0,176,7142,
837,1403715928.43,2,1003,206,206,797,1.76210366674,1.20615947575,1.51595759392,206,4.73786407767,2578,48,1,176,7142,
838,1403715928.48,2,1002,280,280,722,1.66527888813,1.22452569827,1.39885675907,280,4.23214285714,2417,33,0,177,7260,
839,1403715928.53,2,1003,217,217,786,2.02190539012,1.36682073211,1.6556122303,217,3.67741935484,2171,27,1,177,7260,
840,1403715928.58,2,1003,261,261,742,1.72180006639,1.18857006065,1.44724929333,261,4.01915708812,2041,24,0,178,7329,
841,1403715928.63,2,1006,257,257,749,1.85265487888,1.31935099643,1.51904559135,257,3.86770428016,1600,15,1,178,7329,
842,1403715928.68,2,1002,309,309,693,1.79556836361,1.27015121111,1.55652630329,309,4.17799352751,1686,16,0,179,7415,
843,1403715928.73,2,1001,259,259,742,1.97003886434,1.26263472001,1.71827352047,259,4.10810810811,1686,16,1,179,7415,
844,1403715928.78,2,1002,296,296,706,1.66058551205,1.19678836585,1.34615314007,296,4.41216216216,1739,17,0,180,7468,
845,1403715928.83,2,1003,241,241,762,1.85979918363,1.26580947484,1.53944659233,241,4.31950207469,1739,17,1,180,7468,
846,1403715928.88,2,1002,289,289,713,1.58055186447,1.20679489112,1.26914858818,289,4.31833910035,1813,18,0,181,7542,
847,1403715928.93,2,1004,262,262,742,1.77044920495,1.43066094085,1.36608755589,262,4.3358778626,1433,15,1,181,7542,
848,1403715928.98,2,1005,303,303,702,1.63208833853,1.27799629485,1.27812027931,303,4.43234323432,1910,19,0,182,7639,
849,1403715929.03,2,1002,264,264,738,1.7255691836,1.19407846583,1.43559241295,264,4.27651515152,1530,16,1,182,7639,
850,1403715929.08,2,1003,302,302,701,1.59911407703,1.23302583543,1.27796196938,302,4.6059602649,1865,19,0,183,7669,
851,1403715929.13,2,1004,257,257,747,1.74101559635,1.21002522215,1.45459234715,257,4.5953307393,1940,20,1,183,7669,
852,1403715929.18,2,1004,299,299,705,1.5620800525,1.09693721606,1.32017791271,299,5.05016722408,1583,18,0,184,7692,
853,1403715929.23,2,1008,278,278,730,1.74448708324,1.23624996461,1.43048632145,278,5.06474820144,1963,21,1,184,7692,
854,1403715929.28,2,1006,331,331,675,1.55543702157,1.2065568927,1.23359060287,331,5.44108761329,2025,22,0,185,7754,
855,1403715929.33,2,1004,326,326,678,1.81915696048,1.26217122174,1.50111961365,326,5.44171779141,2466,31,0,185,7754,
856,1403715929.38,2,1004,297,297,707,1.89922800284,1.28299810276,1.60183310509,297,5.58585858586,2025,22,0,185,7754,
857,1403715929.43,2,1003,279,279,724,1.86350683483,1.27799159066,1.57970547676,279,5.96415770609,2025,22,1,185,7754,
858,1403715929.48,2,1003,332,332,671,1.70894006487,1.16615002946,1.51196694374,332,6.31927710843,2058,23,0,186,7787,
859,1403715929.53,2,1001,310,310,691,1.77101843521,1.23367263062,1.45643186569,310,6.38709677419,2058,23,1,186,7787,
860,1403715929.58,2,1006,380,380,626,1.669223829,1.30168804187,1.22592544556,380,6.56052631579,2835,40,0,187,7851,
861,1403715929.63,2,1007,349,349,658,1.73987725966,1.42110136298,1.34451460838,349,6.54154727794,2835,40,0,187,7851,
862,1403715929.68,2,1005,344,344,661,1.67868272183,1.24619239818,1.37992203236,344,6.53488372093,2835,40,0,187,7851,
863,1403715929.73,2,1002,339,339,663,1.78955485511,1.3330336588,1.42165350914,339,6.62241887906,2835,40,1,187,7851,
864,1403715929.78,2,1004,391,391,613,1.60324455361,1.17050015657,1.35327374935,391,6.79795396419,2850,41,0,188,7866,
865,1403715929.83,2,1002,398,398,604,1.72362993512,1.2025255198,1.40278851986,398,6.97738693467,2850,41,0,188,7866,
866,1403715929.88,2,1001,362,362,639,1.8437009843,1.42525245516,1.4433016777,362,7.1546961326,2656,35,1,188,7866,
867,1403715929.93,2,1001,414,414,587,1.77687628754,1.24469605502,1.48131740093,414,7.35024154589,2725,36,0,189,7935,
868,1403715929.98,2,1002,410,410,592,1.79883164398,1.36146814846,1.47654008865,410,7.60975609756,2781,39,1,189,7932,
869,1403715930.03,2,1003,454,454,549,1.74525166666,1.39613442965,1.36583781242,454,8.31497797357,2976,43,0,190,7950,
870,1403715930.08,2,1002,438,438,564,1.68578532001,1.225688366,1.38808274269,438,8.20319634703,3279,54,1,190,7949,
871,1403715930.13,2,1003,454,454,549,1.68221622672,1.24647133617,1.37614917755,454,8.79074889868,3233,54,0,191,7960,
872,1403715930.18,2,1002,453,453,549,1.68885387293,1.24375557665,1.36416745186,453,8.76158940397,3352,56,1,191,7958,
873,1403715930.23,2,1005,468,468,537,1.79117418178,1.33157304415,1.4644421339,468,9.53205128205,3350,57,0,192,7956,
874,1403715930.28,2,1004,469,469,535,1.65691287384,1.18643713161,1.36503791809,469,9.60767590618,3351,58,1,192,7956,
875,1403715930.33,2,1001,481,481,520,1.60096502866,1.16071416455,1.28028476238,481,10.0249480249,3347,59,0,193,7952,
876,1403715930.38,2,1008,468,468,540,1.62202736267,1.1939863934,1.31250548363,468,9.92948717949,3347,59,1,193,7952,
877,1403715930.43,2,1005,473,473,532,1.61236370577,1.20021949528,1.34905123711,473,10.8033826638,3226,58,0,194,7952,
878,1403715930.48,2,1003,446,446,557,1.55946882064,1.25372361333,1.1932952404,446,10.3587443946,3338,59,1,193,7943,
879,1403715930.53,2,1007,470,470,537,1.63408657301,1.33067158601,1.25754714012,470,10.8468085106,3347,60,0,194,7952,
880,1403715930.58,2,1001,470,470,531,1.54964691916,1.18016538706,1.20143568516,470,10.7829787234,3344,59,0,194,7950,
881,1403715930.63,2,1007,477,477,530,1.66923559415,1.28970223674,1.27117466927,477,10.6037735849,3344,59,0,194,7950,
882,1403715930.68,2,1007,461,461,546,1.59941176165,1.19137300785,1.26302540302,461,10.4815618221,3344,59,1,194,7950,
883,1403715930.73,2,1004,474,474,530,1.66578265419,1.3443310732,1.28975141048,474,11.0316455696,3346,60,0,195,7952,
884,1403715930.78,2,1005,492,492,513,1.47747129346,1.1560877484,1.1734739542,492,11.1280487805,3346,60,0,195,7952,
885,1403715930.83,2,1005,469,469,536,1.55260778033,1.1584439069,1.23843991756,469,10.9957356077,3346,60,1,195,7952,
886,1403715930.88,2,1003,470,470,533,1.5266761275,1.21073006904,1.17193925381,470,11.9531914894,2799,46,0,196,7950,
887,1403715930.93,2,1006,465,465,541,1.49854528426,1.19311729019,1.18452823162,465,11.4494623656,2798,46,0,196,7949,
888,1403715930.98,2,1005,451,451,554,1.55212436348,1.2507432384,1.20752573013,451,11.421286031,2798,46,1,196,7949,
889,1403715931.03,2,1007,457,457,550,1.59010494274,1.24433880632,1.24050998688,457,12.3107221007,2655,43,0,197,7943,
890,1403715931.08,2,1008,423,423,585,1.70214447813,1.35121762936,1.36550486088,423,11.0307328605,2625,41,1,195,7913,
891,1403715931.13,2,1009,429,429,580,1.67599734548,1.27351159759,1.38464283943,429,11.6993006993,2661,42,0,196,7949,
892,1403715931.18,2,1005,438,438,567,1.73232709474,1.37983859445,1.32844674587,438,11.3789954338,2660,42,1,196,7948,
893,1403715931.23,2,1007,468,468,539,1.79098308444,1.40514946233,1.34636569023,468,11.8568376068,2709,43,0,197,7997,
894,1403715931.28,2,1004,418,418,586,1.63842100754,1.26916408427,1.30153512955,418,11.4066985646,2693,42,1,196,7981,
895,1403715931.33,2,1007,413,413,594,1.86336407497,1.4164099105,1.51008832455,413,12.1138014528,2714,43,0,197,8002,
896,1403715931.38,2,1007,397,397,610,1.82460403338,1.40520955543,1.44552516937,397,11.6120906801,2257,33,1,196,7984,
897,1403715931.43,2,1002,388,388,614,1.83329751566,1.40616236843,1.49926304817,388,12.1907216495,2275,34,0,197,8002,
898,1403715931.48,2,1007,349,349,658,1.79981588051,1.35124177007,1.44885993004,349,12.2091690544,2274,34,1,197,8001,
899,1403715931.53,2,1004,355,355,649,1.93210491596,1.48373392267,1.45520985126,355,12.4253521127,2295,35,0,198,8022,
900,1403715931.58,2,1001,325,325,676,1.71182580739,1.40462925198,1.27332782745,325,11.9107692308,2281,34,1,197,8008,
901,1403715931.63,2,1007,350,350,657,1.94236916211,1.48350110154,1.52343583107,350,11.8657142857,2324,35,0,198,8051,
902,1403715931.68,2,1004,308,308,696,1.88362003902,1.42412611316,1.44380927086,308,12.25,2323,35,0,198,8050,
903,1403715931.73,2,1003,279,279,724,1.84272507634,1.5179445112,1.34092175961,279,12.3333333333,2323,35,1,198,8050,
904,1403715931.78,2,1005,294,294,711,1.87115398876,1.4789522673,1.44126319885,294,11.9897959184,1945,32,0,199,8104,
905,1403715931.83,2,1002,282,282,720,1.83189331278,1.46927439211,1.36908817291,282,12.0035460993,2376,36,1,199,8103,
906,1403715931.88,2,1005,296,296,709,1.8144041071,1.40059947383,1.49757361412,296,12.2432432432,2045,34,0,200,8150,
907,1403715931.93,2,1001,298,298,703,1.81774136679,1.37890102625,1.48646950722,298,12.0234899329,2347,36,1,200,8149,
908,1403715931.98,2,1000,315,315,685,1.84631110566,1.52954737823,1.43082928658,315,12.2825396825,2086,35,0,201,8191,
909,1403715932.03,2,981,289,289,692,1.78205191295,1.33363329231,1.40477204323,289,12.2560553633,2387,37,1,201,8189,
910,1403715932.08,2,945,305,305,640,1.80402653457,1.30399961254,1.4901881218,305,12.006557377,2436,38,0,202,8238,
911,1403715932.13,2,933,270,270,663,1.84286794555,1.32837281624,1.54161441326,270,12.3962962963,2131,36,1,202,8236,
912,1403715932.18,2,926,311,311,615,1.87640434918,1.42333155034,1.51691961288,311,11.8360128617,2191,37,0,203,8296,
913,1403715932.23,2,899,277,277,622,1.690878834,1.19922344799,1.3121676445,277,11.5090252708,2494,39,0,203,8296,
914,1403715932.28,2,868,252,252,616,1.83087062865,1.38678293654,1.54746508598,252,11.0952380952,2494,39,1,203,8296,
915,1403715932.33,2,799,252,252,547,1.56596230461,1.18733948063,1.29723513126,252,10.0476190476,2576,40,0,204,8378,
916,1403715932.38,2,799,243,243,556,1.47869505608,1.13382992872,1.12542557716,243,10.0740740741,2575,40,0,203,8364,
917,1403715932.43,2,835,229,229,606,1.79234452285,1.22139864357,1.45744466782,229,9.24017467249,2562,39,1,203,8364,
918,1403715932.48,2,861,273,273,588,1.62048278303,1.24013962982,1.33093094826,273,9.03296703297,2584,40,0,204,8386,
919,1403715932.53,2,846,240,240,606,1.5755949477,1.09940942294,1.33008265495,240,8.75416666667,2584,40,1,204,8386,
920,1403715932.58,2,852,264,264,588,1.53914590476,1.13001405997,1.22110271454,264,8.18560606061,2612,41,0,205,8414,
921,1403715932.63,2,823,239,239,584,1.5228102118,1.20850261182,1.21886622906,239,7.62343096234,2610,41,1,205,8412,
922,1403715932.68,2,810,252,252,558,1.52522582803,1.09342273904,1.2199023962,252,7.84126984127,2638,42,0,206,8440,
923,1403715932.73,2,805,243,243,562,1.42386507395,1.02133899409,1.16943991184,243,7.59670781893,2638,42,1,206,8440,
924,1403715932.78,2,768,279,279,489,1.45076032689,1.07471694326,1.20397913456,279,7.84946236559,2678,43,0,207,8480,
925,1403715932.83,2,754,270,270,484,1.37544300084,1.12485901906,1.01100444794,270,7.86296296296,2678,43,1,207,8480,
926,1403715932.88,2,790,330,330,460,1.48102771547,1.07822271476,1.19911086559,330,8.41212121212,2754,44,0,208,8556,
927,1403715932.93,2,734,292,292,442,1.44953451454,1.00229890391,1.21627902985,292,8.88698630137,2754,44,0,208,8556,
928,1403715932.98,2,769,272,272,497,1.70077140087,1.03156087348,1.5282279253,272,9.80147058824,2451,42,1,208,8556,
929,1403715933.03,2,819,292,292,527,1.72216140688,1.18488603028,1.49248158932,292,10.9691780822,2469,43,0,209,8574,
930,1403715933.08,2,841,288,288,553,1.62477935748,1.10326619653,1.44987368584,288,11.5173611111,2772,45,0,209,8574,
931,1403715933.13,2,835,253,253,582,1.679629948,1.07392584598,1.49435317516,253,12.814229249,2772,45,1,209,8574,
932,1403715933.18,2,902,283,283,619,1.70074401375,1.16719884353,1.52281332016,283,12.6749116608,2481,44,0,210,8586,
933,1403715933.23,2,989,315,315,674,1.80883655574,1.27221710386,1.51550340652,315,13.2285714286,2784,46,0,210,8586,
934,1403715933.28,2,981,283,283,698,1.86416122645,1.26678978111,1.57675135136,283,14.0883392226,2859,47,1,210,8586,
935,1403715933.33,2,992,288,288,704,1.62578649239,1.07754485957,1.43972635269,288,14.8680555556,2462,45,0,211,8567,
936,1403715933.38,2,1003,283,283,720,1.84164031358,1.27177115978,1.53175342083,283,15.2332155477,2765,47,0,211,8565,
937,1403715933.43,2,1001,296,296,705,1.847103363,1.32580031784,1.51654005051,296,14.6655405405,2747,46,1,210,8549,
938,1403715933.48,2,1005,320,320,685,1.79804895937,1.27541178306,1.57308709621,320,14.753125,2835,48,0,211,8562,
939,1403715933.53,2,1009,316,316,693,1.66497024684,1.18381465777,1.41440868378,316,14.4335443038,2835,48,0,211,8562,
940,1403715933.58,2,1005,321,321,684,1.81968661735,1.33334742983,1.50356531143,321,14.3707165109,2834,48,1,211,8561,
941,1403715933.63,2,1003,348,348,655,1.70065118925,1.3159292198,1.42090535164,348,13.5459770115,3268,57,0,212,8591,
942,1403715933.68,2,1004,346,346,658,1.77741187359,1.32926523524,1.47537195683,346,13.5606936416,2864,49,0,212,8591,
943,1403715933.73,2,1006,341,341,665,1.8911282853,1.29637529434,1.55173695087,341,12.5454545455,3251,56,1,211,8574,
944,1403715933.78,2,1006,379,379,627,1.83213509073,1.27360086834,1.56758224964,379,12.3509234828,2871,49,0,212,8598,
945,1403715933.83,2,1002,379,379,623,1.79626300267,1.28752493839,1.48220491409,379,12.2875989446,2871,49,0,212,8598,
946,1403715933.88,2,1002,341,341,661,1.90833407652,1.27278038661,1.69102346897,341,13.0381231672,2856,48,1,211,8583,
947,1403715933.93,2,1005,312,312,693,2.18479567795,1.3491058056,1.94913232327,312,12.9903846154,2920,49,0,212,8647,
948,1403715933.98,2,1001,231,231,770,2.39786473729,1.44062396354,2.11012148857,231,14.0649350649,2920,49,0,212,8647,
949,1403715934.03,2,1003,188,188,815,2.46020902899,1.39439239934,2.19102811813,188,13.6117021277,2898,48,1,211,8625,
950,1403715934.08,2,1003,197,197,806,2.51513642965,1.52039419502,2.28840351105,197,13.6903553299,2899,49,0,212,8626,
951,1403715934.13,2,1001,205,205,796,2.41848415282,1.3685442304,2.15373277664,205,12.8097560976,2521,46,0,212,8626,
952,1403715934.18,2,975,181,181,794,2.33433417029,1.3576930537,2.06749081612,181,12.9723756906,2521,46,1,212,8626,
953,1403715934.23,2,976,248,248,728,1.98530098081,1.17139813229,1.75023591518,248,11.7379032258,2534,47,0,213,8639,
954,1403715934.28,2,870,210,210,660,2.01173289539,1.30358761017,1.77455103397,210,10.7047619048,2837,49,0,213,8639,
955,1403715934.33,2,845,215,215,630,1.84953316041,1.20036738412,1.57855284214,215,9.58139534884,2817,48,1,212,8619,
956,1403715934.38,2,864,227,227,637,1.83142202738,1.10932097839,1.65424668789,227,8.80616740088,2848,49,0,213,8650,
957,1403715934.43,2,817,191,191,626,1.74844917,1.32488778169,1.35172724724,191,8.24083769634,2848,46,0,213,8650,
958,1403715934.48,2,847,183,183,664,1.82627220651,1.33156141783,1.45821046829,183,7.62841530055,2847,47,1,213,8650,
959,1403715934.53,2,876,209,209,667,1.70840989135,1.26837783398,1.36637473106,209,7.05741626794,2587,46,0,214,8693,
960,1403715934.58,2,934,224,224,710,1.59350549174,1.20507462365,1.23979604244,224,6.9375,2586,46,0,214,8692,
961,1403715934.63,2,922,218,218,704,1.65699214811,1.16373256498,1.31607484818,218,6.99082568807,2586,46,0,214,8692,
962,1403715934.68,2,920,207,207,713,1.66998786346,1.19496303091,1.40808606148,207,6.64251207729,2586,45,0,214,8692,
963,1403715934.73,2,919,195,195,724,1.77747751367,1.16342125071,1.64329838753,195,6.44615384615,2586,45,1,214,8692,
964,1403715934.78,2,939,219,219,720,1.45235763021,0.990071197935,1.22985816002,219,6.83105022831,2552,45,0,214,8658,
965,1403715934.83,2,928,230,230,698,1.5715672562,1.09581857494,1.30975818634,230,6.79130434783,2855,47,0,214,8658,
966,1403715934.88,2,889,211,211,678,1.66401165653,1.15395549219,1.3988301754,211,6.99526066351,2855,47,1,214,8658,
967,1403715934.93,2,844,310,310,534,1.73882517036,1.18832331415,1.51795721054,310,6.13225806452,3057,49,0,215,8860,
968,1403715934.98,2,797,263,263,534,1.83705913953,1.16568222272,1.58624315262,263,7.20912547529,2754,47,1,215,8860,
969,1403715935.03,2,788,241,241,547,1.9038748751,1.19237842645,1.6771402359,241,9.35684647303,3119,52,0,216,8921,
970,1403715935.08,2,848,241,241,607,1.83062458808,1.18493939186,1.71499586105,241,10.9128630705,3119,52,0,216,8921,
971,1403715935.13,2,861,259,259,602,1.83611643734,1.12089329127,1.62152850628,259,12.1930501931,3190,53,1,216,8917,
972,1403715935.18,2,916,305,305,611,1.62795126433,0.972188711024,1.47960793972,305,12.4852459016,3142,54,0,217,8869,
973,1403715935.23,2,970,323,323,647,1.64075241879,0.98477245302,1.44488120079,323,12.7616099071,3142,54,0,217,8869,
974,1403715935.28,2,995,327,327,668,1.63305423008,1.00760111627,1.45149028301,327,12.752293578,3129,53,0,216,8856,
975,1403715935.33,2,998,316,316,682,1.65569417919,1.13771879639,1.39549911022,316,12.9746835443,3129,53,0,216,8856,
976,1403715935.38,2,1002,323,323,679,1.63071971673,1.14511715024,1.36523020267,323,13.6253869969,3129,53,0,216,8856,
977,1403715935.43,2,1002,344,344,658,1.59529434365,1.12919860665,1.31384658813,344,13.4651162791,3129,53,0,216,8856,
978,1403715935.48,2,1003,344,344,659,1.61273226277,1.27481088996,1.29396522045,344,14.226744186,3646,63,0,216,8856,
979,1403715935.53,2,1003,331,331,672,1.45110745676,0.93190668147,1.25124025345,331,14.4712990937,3646,63,1,216,8856,
980,1403715935.58,2,1003,354,354,649,1.5166348386,1.16601963832,1.17456960678,354,15.2683615819,3566,66,0,217,8795,
981,1403715935.63,2,1007,375,375,632,1.58020347777,1.18045248211,1.27272248268,375,14.9173333333,4136,81,0,217,8795,
982,1403715935.68,2,1003,330,330,673,1.57091505864,1.25421495403,1.1921967268,330,14.9272727273,4136,81,1,217,8795,
983,1403715935.73,2,1001,380,380,621,1.54667472288,1.13749957398,1.35260081291,380,13.7894736842,4238,81,0,218,8847,
984,1403715935.78,2,1006,367,367,639,1.5790118084,1.14146322513,1.29316830635,367,13.8910081744,4238,81,0,218,8847,
985,1403715935.83,2,1003,354,354,649,1.56768388465,1.2109827488,1.26568555832,354,13.104519774,4233,81,1,217,8839,
986,1403715935.88,2,1003,421,421,582,1.54657786026,1.1878291285,1.21135830879,421,12.3087885986,4281,81,0,218,8890,
987,1403715935.93,2,1005,391,391,614,1.53056652653,1.09240165803,1.26604866982,391,12.7186700767,4281,81,0,218,8890,
988,1403715935.98,2,1002,423,423,579,1.44640743601,1.05147896306,1.18891227245,423,12.1938534279,4279,81,0,218,8888,
989,1403715936.03,2,1003,403,403,600,1.58510458269,1.12954391945,1.30168557167,403,12.8858560794,3600,64,0,218,8888,
990,1403715936.08,2,1003,354,354,649,1.84165016384,1.16098605962,1.70109021664,354,13.5197740113,3162,55,1,218,8888,
991,1403715936.13,2,1003,369,369,634,1.85964115735,1.17558119564,1.60779988766,369,13.8048780488,3184,56,0,219,8910,
992,1403715936.18,2,1003,363,363,640,1.91256675992,1.31764078131,1.64683067799,363,13.4297520661,3184,56,0,219,8910,
993,1403715936.23,2,1002,344,344,658,1.89868870417,1.07219499366,1.73909235001,344,13.1511627907,3184,56,1,219,8910,
994,1403715936.28,2,1004,370,370,634,1.7061747293,1.14299191692,1.47450006008,370,12.9054054054,3617,65,0,220,8940,
995,1403715936.33,2,1000,377,377,623,1.7767434387,1.20685857947,1.48750662804,377,13.050397878,3214,57,0,220,8940,
996,1403715936.38,2,995,363,363,632,1.48657344895,1.13546120803,1.13834321499,363,13.2727272727,3214,57,0,220,8940,
997,1403715936.43,2,987,355,355,632,1.49860060244,1.09762207892,1.15370905399,355,13.2873239437,3214,57,1,220,8940,
998,1403715936.48,2,987,396,396,591,1.48352441357,1.00826215491,1.22867596149,396,13.5378787879,3214,58,0,221,8940,
999,1403715936.53,2,972,388,388,584,1.41610197362,1.02058365628,1.0952026844,388,13.3969072165,3214,58,0,221,8940,
1000,1403715936.58,2,975,410,412,565,1.39537769045,0.94534683528,1.18421590328,410,12.5365853659,3212,58,0,220,8925,
1001,1403715936.63,2,976,387,387,589,1.46633128709,0.997272192206,1.23447489738,387,12.850129199,3199,57,1,220,8925,
1002,1403715936.68,2,974,454,454,520,1.48102958201,0.989112632608,1.32809793949,454,12.5396475771,3608,66,0,221,8931,
1003,1403715936.73,2,978,443,443,535,1.41178993565,0.98939359737,1.20548164845,443,12.2979683973,3205,58,0,221,8931,
1004,1403715936.78,2,981,452,452,529,1.39097353809,0.963082225926,1.16737258434,452,12.4336283186,3204,58,0,221,8930,
1005,1403715936.83,2,980,447,447,533,1.37268692688,0.963722774746,1.10450351238,447,12.3109619687,3194,57,0,220,8920,
1006,1403715936.88,2,984,439,439,545,1.4558547461,1.07563225086,1.13827693462,439,12.7425968109,3194,57,0,220,8920,
1007,1403715936.93,2,991,436,436,555,1.43642060149,0.957997919079,1.21356165409,436,12.5229357798,3597,65,0,220,8920,
1008,1403715936.98,2,995,450,450,545,1.53539274411,1.07187513075,1.29595971107,450,12.4288888889,3597,65,0,220,8920,
1009,1403715937.03,2,999,438,438,561,1.55685889265,1.14595798161,1.28689444065,438,13.0433789954,3597,65,0,220,8920,
1010,1403715937.08,2,997,441,441,556,1.49461149126,1.03870923303,1.24489557743,441,12.9160997732,3194,57,0,220,8920,
1011,1403715937.13,2,1003,420,420,583,1.62522056165,1.17356921967,1.30078792572,420,13.25,3570,64,0,220,8920,
1012,1403715937.18,2,1003,424,424,579,1.65473874911,1.19187005867,1.35564172268,424,12.8018867925,3831,70,0,220,8920,
1013,1403715937.23,2,1004,439,439,565,1.65827339931,1.23255033602,1.3729108572,439,13.3189066059,3769,70,0,220,8920,
1014,1403715937.28,2,1000,417,417,583,1.73753634729,1.34320180284,1.37627279758,417,13.2925659472,4164,81,0,220,8920,
1015,1403715937.33,2,1001,422,422,579,1.77628932395,1.35994274445,1.43550825119,422,13.9834123223,4164,81,0,220,8920,
1016,1403715937.38,2,1002,411,411,591,1.76304481051,1.32127185774,1.41318869591,411,14.0194647202,4164,81,1,220,8920,
1017,1403715937.43,2,1001,431,431,570,1.74196685961,1.24792967032,1.44073104858,431,14.5197215777,3996,76,0,221,8912,
1018,1403715937.48,2,1001,422,422,579,1.68019842438,1.22581004266,1.39487230778,422,14.7037914692,4135,81,0,221,8912,
1019,1403715937.53,2,1001,394,394,607,1.68840649955,1.19368401839,1.35579192638,394,15.9593908629,4051,82,0,221,8912,
1020,1403715937.58,2,1003,396,396,607,1.67565149725,1.32128066887,1.35426080227,396,16.0808080808,4184,84,1,221,8910,
1021,1403715937.63,2,1001,421,421,580,1.73795563325,1.23652993688,1.45694434643,421,16.8028503563,4407,95,0,222,8909,
1022,1403715937.68,2,1003,434,434,569,1.66453553564,1.28313593516,1.37188661098,434,16.5437788018,4350,94,0,222,8909,
1023,1403715937.73,2,1001,422,422,579,1.67316375958,1.22277735503,1.38955819607,422,16.8530805687,4526,97,0,222,8909,
1024,1403715937.78,2,1003,408,408,595,1.56712368063,1.24121221189,1.26224839687,408,17.0098039216,4525,97,0,222,8908,
1025,1403715937.83,2,1001,408,408,593,1.46712572251,1.17619151904,1.18323934078,408,16.0171568627,4514,96,1,221,8897,
1026,1403715937.88,2,1001,435,435,566,1.63820594222,1.27962588535,1.27463805676,435,16.5517241379,4497,97,0,222,8880,
1027,1403715937.93,2,1003,397,397,606,1.609275125,1.29254652946,1.29117536545,397,16.3828715365,4456,96,0,222,8880,
1028,1403715937.98,2,1004,397,397,607,1.45828976345,1.13930339717,1.19873356819,397,16.322418136,4380,93,0,222,8880,
1029,1403715938.03,2,1005,377,377,628,1.54479055621,1.1428087133,1.26153075695,377,16.2864721485,4512,95,0,222,8880,
1030,1403715938.08,2,1004,373,373,631,1.45514344664,1.21734331446,1.1212143898,373,15.6166219839,4443,93,0,221,8873,
1031,1403715938.13,2,1002,370,370,632,1.43657891889,1.12732763396,1.13254523277,370,15.1081081081,4571,95,1,221,8873,
1032,1403715938.18,2,1005,405,405,600,1.48560891137,1.15624692079,1.21133482456,405,14.8913580247,4512,95,0,222,8894,
1033,1403715938.23,2,1005,428,428,577,1.51395341998,1.22086618238,1.20210134983,428,14.2126168224,4512,95,0,222,8894,
1034,1403715938.28,2,1009,401,401,608,1.53498171994,1.1588600379,1.22035551071,401,14.1321695761,4592,96,0,222,8894,
1035,1403715938.33,2,1003,386,386,617,1.53760592742,1.05664507948,1.27900648117,386,14.0284974093,4616,97,0,222,8893,
1036,1403715938.38,2,1003,372,372,631,1.55268438455,1.066007078,1.3625869751,372,14.6021505376,4619,99,1,222,8893,
1037,1403715938.43,2,1002,407,407,595,1.56972876598,1.08764469295,1.31049072742,407,13.9508599509,4669,100,0,223,8943,
1038,1403715938.48,2,1003,393,393,610,1.55013274718,1.09017532745,1.30150580406,393,14.0254452926,4589,99,0,223,8943,
1039,1403715938.53,2,1003,383,383,620,1.48968106812,1.05978287963,1.2908642292,383,14.1984334204,4589,99,0,223,8943,
1040,1403715938.58,2,1003,382,382,621,1.46354996633,1.08596963784,1.18781483173,382,14.0706806283,4589,99,0,223,8943,
1041,1403715938.63,2,1004,370,370,634,1.52577247419,1.0628800197,1.2797267437,370,13.5297297297,4765,101,1,223,8943,
1042,1403715938.68,2,1009,426,426,583,1.51705893756,1.12059876212,1.30102837086,426,13.0258215962,5028,103,0,224,8969,
1043,1403715938.73,2,1006,399,399,607,1.62336233757,1.12489340153,1.34388363361,399,12.6992481203,4695,101,0,224,8969,
1044,1403715938.78,2,1005,375,375,630,1.55034946823,1.09033729702,1.23991334438,375,12.6213333333,4695,101,0,224,8969,
1045,1403715938.83,2,1005,365,365,640,1.60971244203,1.22560333813,1.27241563797,365,12.8301369863,4791,102,0,224,8969,
1046,1403715938.88,2,1007,344,344,663,1.62612326404,1.20149561206,1.31246697903,344,13.1220930233,4779,101,0,223,8957,
1047,1403715938.93,2,1004,344,344,660,1.68075848882,1.29405082229,1.32066345215,344,13.2325581395,4683,100,1,223,8957,
1048,1403715938.98,2,1006,406,406,600,1.67053455032,1.25999594688,1.37558615208,406,12.5147783251,4720,101,0,224,8994,
1049,1403715939.03,2,1005,375,375,630,1.83489049716,1.31975546137,1.50736582279,375,12.896,4816,102,0,224,8994,
1050,1403715939.08,2,1006,363,363,643,1.80404173228,1.32265415085,1.44883573055,363,12.4104683196,5144,103,0,224,8994,
1051,1403715939.13,2,1007,343,343,664,1.85767246497,1.37649305015,1.559202075,343,12.6997084548,5053,102,0,224,8994,
1052,1403715939.18,2,1002,329,329,673,1.89270477463,1.26087224392,1.61499083042,329,13.0790273556,4719,100,0,224,8993,
1053,1403715939.23,2,1003,329,329,674,1.95803906264,1.24495863801,1.68309724331,329,13.0881458967,4705,100,1,223,8979,
1054,1403715939.28,2,1001,342,342,659,1.84086174741,1.24014311081,1.52504658699,342,14.4035087719,4728,101,0,224,9002,
1055,1403715939.33,2,1000,352,352,648,1.88914867124,1.28043990382,1.54261744022,352,14.4261363636,4728,101,0,224,9002,
1056,1403715939.38,2,1001,323,323,678,1.95692727625,1.26477403948,1.69832897186,323,15.0340557276,4728,101,0,224,9002,
1057,1403715939.43,2,1001,319,319,682,1.72623083094,1.15321737833,1.47003209591,319,15.1222570533,4727,101,0,224,9001,
1058,1403715939.48,2,1002,291,291,711,1.9141511421,1.36190873436,1.60972344875,291,15.3058419244,4727,101,1,224,9001,
1059,1403715939.53,2,966,314,314,652,1.73222734454,1.13685999614,1.55590689182,314,15.2229299363,4750,102,0,225,9024,
1060,1403715939.58,2,977,292,292,685,1.80843520154,1.20250018863,1.60667848587,292,15.7465753425,4750,102,0,225,9024,
1061,1403715939.63,2,975,259,259,716,1.83037511964,1.13656977169,1.64863812923,259,15.8996138996,4750,102,0,225,9024,
1062,1403715939.68,2,1003,247,247,756,1.71759196858,1.08258574043,1.52679991722,247,15.7246963563,4751,97,0,225,9024,
1063,1403715939.73,2,1002,248,248,754,1.66071762322,1.27156617178,1.3749114275,248,15.9193548387,4598,98,0,225,9022,
1064,1403715939.78,2,1001,242,242,759,1.70403877181,1.1049663384,1.42487049103,242,15.1404958678,4668,99,1,225,9022,
1065,1403715939.83,2,1001,297,297,704,1.62110389721,1.18637962951,1.30882751942,297,14.7138047138,4674,101,0,226,9028,
1066,1403715939.88,2,1002,287,287,715,1.59879646097,1.19658486154,1.2723031044,287,14.0766550523,4674,101,0,226,9028,
1067,1403715939.93,2,997,281,281,716,1.67776328284,1.17832358678,1.44309580326,281,13.768683274,4669,98,0,226,9028,
1068,1403715939.98,2,1003,287,287,716,1.62626118579,1.17677389048,1.32008039951,287,13.5714285714,4674,99,0,226,9028,
1069,1403715940.03,2,990,277,277,713,1.63117603049,1.06256314312,1.51470839977,277,14.3393501805,4664,99,0,225,9018,
1070,1403715940.08,2,988,270,270,718,1.8371515809,1.20054472502,1.63095188141,270,14.7333333333,4664,99,0,225,9018,
1071,1403715940.13,2,1000,287,287,713,1.82228157568,1.27761403789,1.54576337337,287,15.0418118467,4664,100,0,225,9018,
1072,1403715940.18,2,994,314,314,680,1.78761343468,1.26089093688,1.6296132803,314,14.8152866242,4664,100,0,225,9018,
1073,1403715940.23,2,978,312,312,666,1.80959666671,1.25549968824,1.6034963131,312,14.7115384615,4742,98,1,225,9018,
1074,1403715940.28,2,993,362,362,631,1.77655753555,1.13847865009,1.58077788353,362,14.8563535912,4783,103,0,226,9057,
1075,1403715940.33,2,1005,344,344,661,1.81273145865,1.25129238317,1.60413408279,344,14.9418604651,4783,102,0,226,9057,
1076,1403715940.38,2,1003,332,332,671,1.75598818793,1.15468233,1.51207470894,332,15.9427710843,4783,102,0,226,9057,
1077,1403715940.43,2,1003,333,333,670,1.92664480711,1.22995667123,1.64111673832,333,15.4864864865,4783,102,0,226,9057,
1078,1403715940.48,2,1002,348,348,654,1.86593688913,1.39493621328,1.47246050835,348,14.7844827586,4782,102,0,226,9056,
1079,1403715940.53,2,1004,317,317,687,1.88894521739,1.17402933568,1.69455218315,317,14.4858044164,5138,106,1,226,9056,
1080,1403715940.58,2,1002,320,320,682,1.91828036808,1.32599405506,1.60323393345,320,13.728125,5223,107,0,227,9073,
1081,1403715940.63,2,1004,305,305,699,1.97098456912,1.40227984593,1.58737671375,305,13.5704918033,4892,103,0,227,9073,
1082,1403715940.68,2,1003,299,299,704,1.95492317261,1.33335528782,1.66327083111,299,13.3846153846,5129,104,0,227,9073,
1083,1403715940.73,2,1007,274,274,733,1.99087008736,1.51759528762,1.59820973873,274,12.9781021898,5128,102,0,227,9073,
1084,1403715940.78,2,1005,277,277,728,1.92337622098,1.33059850045,1.56308948994,277,12.7942238267,5108,98,0,226,9056,
1085,1403715940.83,2,1008,282,282,726,1.95479229045,1.28594503861,1.73424577713,282,12.0212765957,5145,100,1,226,9056,
1086,1403715940.88,2,1007,343,343,664,1.90241737785,1.43053289481,1.56461846828,343,11.1253644315,5031,98,0,227,9083,
1087,1403715940.93,2,1002,309,309,693,2.13553518334,1.41780299626,1.83597970009,309,11.9158576052,5261,104,0,227,9083,
1088,1403715940.98,2,1001,243,243,758,2.44253366842,1.44980400062,2.22592449188,243,12.5843621399,4805,97,0,227,9083,
1089,1403715941.03,2,1003,217,217,786,2.61710025549,1.33858566449,2.36684179306,217,13.3410138249,4845,96,0,227,9082,
1090,1403715941.08,2,986,197,197,789,2.59145565671,1.51651474217,2.27204346657,197,15.461928934,4714,98,1,227,9082,
1091,1403715941.13,2,954,201,201,753,2.68033283793,1.57351859733,2.42684197426,201,16.0497512438,4707,101,0,228,9084,
1092,1403715941.18,2,925,167,167,758,2.35909396365,1.46124859809,2.03343439102,167,16.0778443114,4662,101,0,228,9084,
1093,1403715941.23,2,928,182,182,746,2.35685605269,1.38325964843,2.19437718391,182,17.4285714286,4687,97,0,228,9084,
1094,1403715941.28,2,945,171,171,774,2.11588756906,1.29183978274,1.84704995155,171,16.8128654971,4652,98,0,228,9080,
1095,1403715941.33,2,956,159,159,797,2.07705157803,1.22668400339,1.85012900829,159,17.1761006289,4695,94,1,227,9075,
1096,1403715941.38,2,905,194,194,711,1.82852036698,1.10875104768,1.70019066334,194,13.6443298969,4712,91,0,228,9100,
1097,1403715941.43,2,916,176,176,740,1.81806899895,1.27666477799,1.61417257786,176,13.6363636364,4579,81,0,228,9100,
1098,1403715941.48,2,884,155,155,729,1.82920593273,1.15450343387,1.58980095387,155,13.7677419355,4587,81,0,228,9100,
1099,1403715941.53,2,914,156,156,758,1.9999479447,1.34662327143,1.73838329315,156,13.4166666667,4587,81,0,228,9100,
1100,1403715941.58,2,856,133,133,723,1.89613271936,1.17777149953,1.59537875652,133,13.037593985,4587,81,0,228,9100,
1101,1403715941.63,2,855,121,121,734,1.87047654858,1.08002024616,1.77665007114,121,12.6280991736,4237,74,1,228,9100,
1102,1403715941.68,2,870,163,163,707,2.00892596294,1.34241169164,1.65942263603,163,9.57668711656,4547,81,0,229,9132,
1103,1403715941.73,2,829,142,142,687,1.91938563253,1.36603501931,1.59367918968,142,8.22535211268,4637,82,0,229,9132,
1104,1403715941.78,2,847,152,152,695,1.76063116199,1.1735588826,1.63263571262,152,8.11184210526,4635,82,0,229,9130,
1105,1403715941.83,2,844,150,150,694,1.91164284686,1.35072867544,1.53096616268,150,7.82666666667,4519,81,0,229,9130,
1106,1403715941.88,2,896,148,148,748,1.86717450261,1.42881487593,1.52960252762,148,8.20945945946,4306,77,0,229,9130,
1107,1403715941.93,2,863,147,147,716,1.91986547704,1.31322821331,1.62928199768,147,8.07482993197,4519,81,1,229,9130,
1108,1403715941.98,2,800,176,176,624,1.83326319084,1.1510524247,1.57202219963,176,8.28409090909,4341,78,0,230,9165,
1109,1403715942.03,2,779,171,171,608,1.79519018383,1.00651551236,1.62278723717,171,10.1169590643,4509,81,0,230,9165,
1110,1403715942.08,2,796,164,164,632,2.33474412506,1.48277006405,1.96430432796,164,11.0670731707,4560,81,1,230,9162,
1111,1403715942.13,2,860,236,236,624,1.98753558406,1.16827938797,1.75495791435,236,9.10169491525,4446,79,0,231,9269,
1112,1403715942.18,2,906,216,216,690,2.13338232213,1.21621049328,1.97581779957,216,9.91666666667,4523,82,0,231,9269,
1113,1403715942.23,2,936,192,192,744,2.34403129869,1.36907765406,2.00593900681,192,15.90625,4435,81,0,231,9269,
1114,1403715942.28,2,934,204,204,730,2.32521920096,1.19788479818,2.15161275864,204,16.1470588235,4750,95,0,231,9267,
1115,1403715942.33,2,906,230,230,676,2.11517096635,1.30316443365,1.94209253788,230,15.7347826087,4861,97,1,231,9267,
1116,1403715942.38,2,989,302,302,687,2.09455044158,1.27139317214,1.91563951969,302,16.9668874172,4922,98,0,232,9288,
1117,1403715942.43,2,978,292,292,686,2.06126730358,1.18145599649,1.84763896465,292,17.3869863014,5057,109,0,232,9288,
1118,1403715942.48,2,996,312,312,684,2.11885181853,1.22800464476,1.91437005997,312,15.7596153846,5591,117,0,232,9288,
1119,1403715942.53,2,1002,309,309,693,1.99850418349,1.26596532135,1.73262584209,309,15.8187702265,5592,118,0,232,9288,
1120,1403715942.58,2,1001,306,306,695,1.92782800659,1.32345178346,1.61864984035,306,14.9901960784,5674,118,0,232,9287,
1121,1403715942.63,2,1005,316,316,689,1.98005309861,1.25332240078,1.70856773853,316,13.667721519,5667,115,1,232,9287,
1122,1403715942.68,2,1006,382,382,624,1.69851541734,1.1561094886,1.42550230026,382,12.5104712042,5404,106,0,233,9267,
1123,1403715942.73,2,1004,361,361,643,1.68750133131,1.196621558,1.36466300488,361,12.9030470914,5373,106,0,233,9267,
1124,1403715942.78,2,1005,328,328,677,1.69311382953,1.13036280873,1.45833086967,328,12.7865853659,5510,107,0,233,9267,
1125,1403715942.83,2,1006,335,335,671,1.63051699965,1.11985919256,1.39621865749,335,12.5373134328,5510,107,0,233,9267,
1126,1403715942.88,2,1003,334,334,669,1.75728969976,1.250734542,1.49166476727,334,12.2125748503,5803,120,0,232,9266,
1127,1403715942.93,2,1008,316,316,692,1.84488811778,1.29691710169,1.56988179684,316,12.3607594937,5844,121,1,232,9266,
1128,1403715942.98,2,1005,371,371,634,1.64873258374,1.23792851417,1.35905122757,371,12.0458221024,5846,122,0,233,9268,
1129,1403715943.03,2,1004,354,354,650,1.71794619685,1.29770095955,1.38998782635,354,12.3276836158,5846,122,0,233,9268,
1130,1403715943.08,2,1005,366,366,639,1.63101782478,1.24091858116,1.37199747562,366,12.606557377,5846,122,0,233,9268,
1131,1403715943.13,2,1005,378,378,627,1.71704328334,1.31986660906,1.33189249039,378,12.4074074074,5843,122,0,233,9265,
1132,1403715943.18,2,1003,365,365,638,1.80005552952,1.2140350775,1.60533642769,365,12.7479452055,5443,105,0,233,9265,
1133,1403715943.23,2,1004,343,343,661,1.98293811761,1.20576208286,1.74234139919,343,13.1166180758,5360,102,1,233,9265,
1134,1403715943.28,2,1003,346,346,657,2.10181085115,1.36965324748,1.7932382822,346,13.1849710983,5551,109,0,234,9322,
1135,1403715943.33,2,1001,301,301,700,2.19358121814,1.24816066926,2.05091738701,301,14.8704318937,5532,104,0,234,9322,
1136,1403715943.38,2,1002,335,335,667,2.08675363006,1.17044458023,1.94307124615,335,15.7671641791,5545,111,0,234,9322,
1137,1403715943.43,2,1005,340,340,665,1.94757737217,1.16789318349,1.70409977436,340,16.7705882353,5571,113,0,234,9320,
1138,1403715943.48,2,1002,335,335,667,1.71415039132,1.21595869467,1.39955973625,335,17.1492537313,5534,106,1,232,9303,
1139,1403715943.53,2,1002,359,359,643,1.82573983671,1.30729476365,1.54973888397,359,16.7632311978,5557,109,0,233,9309,
1140,1403715943.58,2,981,348,348,633,1.87867971625,1.34493086127,1.61571145058,348,17.2413793103,5557,107,0,233,9309,
1141,1403715943.63,2,983,348,348,635,1.76608961013,1.25704053277,1.49539995193,348,16.7413793103,5048,105,0,233,9309,
1142,1403715943.68,2,983,351,351,632,1.6829285475,1.12814321366,1.39353001118,351,16.3789173789,4965,103,0,233,9309,
1143,1403715943.73,2,1002,345,345,657,1.70838945331,1.29751259138,1.35729193687,345,16.0492753623,4965,103,0,233,9309,
1144,1403715943.78,2,1000,334,334,666,1.59194140979,1.0574787406,1.36185503006,334,15.9610778443,4952,102,0,232,9296,
1145,1403715943.83,2,1000,322,322,678,1.72644634602,1.22725724226,1.50397264957,322,15.0683229814,4866,101,0,232,9296,
1146,1403715943.88,2,998,286,286,712,1.5931929079,1.17187979084,1.30426263809,286,15.8321678322,4850,100,1,232,9296,
1147,1403715943.93,2,996,374,374,622,1.72842344436,1.26077059556,1.39403784275,374,14.2272727273,4876,102,0,233,9306,
1148,1403715943.98,2,1000,371,371,629,1.68183953849,1.23402194763,1.42303538322,371,13.7762803235,4840,99,0,233,9306,
1149,1403715944.03,2,995,349,349,646,1.73543530873,1.23216647701,1.45790803432,349,14.553008596,4849,100,0,233,9306,
1150,1403715944.08,2,969,349,349,620,1.89812956505,1.23632619104,1.67209506035,349,16.11747851,4917,103,0,233,9306,
1151,1403715944.13,2,972,309,309,663,1.98984212472,1.23412821772,1.77674257755,309,16.6699029126,4962,102,0,233,9306,
1152,1403715944.18,2,997,298,298,699,2.16486710235,1.23015490155,2.00553584099,298,17.2953020134,5320,106,0,233,9306,
1153,1403715944.23,2,996,266,266,730,2.28283373619,1.35695602975,2.00325632095,266,16.3082706767,5266,104,1,233,9306,
1154,1403715944.28,2,1004,358,358,646,2.01121427564,1.11732226986,1.80664217472,358,15.0195530726,5004,102,0,234,9380,
1155,1403715944.33,2,1002,374,374,628,1.74523549997,1.13946332911,1.55573666096,374,13.7032085561,5598,109,0,234,9380,
1156,1403715944.38,2,1004,363,363,641,1.78334148302,1.19723719912,1.57236170769,363,13.3168044077,5617,113,0,234,9380,
1157,1403715944.43,2,1004,351,351,653,1.76990527447,1.26497473591,1.48750627041,351,13.6438746439,5552,109,0,234,9380,
1158,1403715944.48,2,1004,364,364,640,1.67960048715,1.25300075581,1.37213373184,364,12.956043956,5574,112,0,234,9380,
1159,1403715944.53,2,1005,356,356,649,1.75833020399,1.23659999701,1.47999453545,356,12.7415730337,5745,121,1,234,9380,
1160,1403715944.58,2,1004,384,384,620,1.64206851398,1.29361773991,1.34289205074,384,12.8072916667,5732,122,0,235,9367,
1161,1403715944.63,2,1006,401,401,605,1.65762989128,1.2420876483,1.34967398643,401,12.8204488778,5722,118,0,235,9367,
1162,1403715944.68,2,1004,363,363,641,1.58074414219,1.21475842191,1.31302201748,363,12.7438016529,5769,122,0,235,9367,
1163,1403715944.73,2,1004,370,370,634,1.6049411502,1.15547163907,1.31727230549,370,12.4027027027,5751,120,0,235,9367,
1164,1403715944.78,2,1001,356,356,645,1.6988223788,1.09636709122,1.48361515999,356,12.7050561798,5634,114,1,234,9352,
1165,1403715944.83,2,1006,382,382,624,1.72541322887,1.25641942867,1.38727223873,382,12.9136125654,5715,118,0,235,9348,
1166,1403715944.88,2,1008,325,325,683,1.87019476574,1.1865388971,1.5957878828,325,14.0246153846,5816,117,0,235,9348,
1167,1403715944.93,2,1001,301,301,700,2.12251611816,1.19018816084,1.98015892506,301,14.4186046512,5788,120,0,235,9348,
1168,1403715944.98,2,1004,265,265,739,2.27154401231,1.32765099206,2.11228609085,265,15.4226415094,5526,113,0,235,9348,
1169,1403715945.03,2,1001,269,269,732,2.28692944478,1.30091607636,2.14248371124,269,17.4981412639,5447,113,0,235,9347,
1170,1403715945.08,2,993,251,251,742,2.29215877091,1.4345722355,1.96044445038,251,18.7729083665,5606,115,1,234,9339,
1171,1403715945.13,2,990,336,336,654,2.0317850885,1.2232243721,1.79788565636,336,17.8630952381,5633,116,0,235,9366,
1172,1403715945.18,2,971,315,315,656,1.94854436628,1.19181790503,1.76878798008,315,18.6920634921,5436,111,0,235,9366,
1173,1403715945.23,2,938,308,308,630,1.90256718222,1.27581108896,1.63694751263,308,18.5681818182,5436,111,0,235,9366,
1174,1403715945.28,2,943,296,296,647,1.7562850906,1.03261762197,1.57052791119,296,19.4966216216,5370,109,0,235,9366,
1175,1403715945.33,2,951,292,292,659,1.75765670533,1.12230160891,1.57731211185,292,18.8219178082,5416,110,0,235,9366,
1176,1403715945.38,2,954,269,269,685,1.76453997373,1.17885639162,1.56390535831,269,18.936802974,5336,109,0,235,9366,
1177,1403715945.43,2,935,256,256,679,1.82990946405,1.07063358196,1.61549854279,256,18.66015625,5355,110,0,235,9365,
1178,1403715945.48,2,948,220,220,728,1.73878097981,1.3157117238,1.43168842793,220,18.5909090909,5084,107,1,235,9365,
1179,1403715945.53,2,946,266,266,680,1.80171230049,1.29308113025,1.54277956486,266,17.7368421053,5044,107,0,236,9352,
1180,1403715945.58,2,911,255,255,656,1.90431159174,1.31814087246,1.5905277729,255,17.8823529412,5044,107,0,236,9352,
1181,1403715945.63,2,907,264,264,643,2.12700145766,1.37712451471,1.84546971321,264,18.4015151515,5088,108,0,236,9352,
1182,1403715945.68,2,925,276,276,649,2.02591912818,1.16085857171,1.83683717251,276,18.9094202899,5088,108,0,236,9352,
1183,1403715945.73,2,913,274,274,639,1.91354012973,1.14690569252,1.70048391819,274,19.6897810219,5601,115,0,236,9352,
1184,1403715945.78,2,945,314,314,631,1.79999432328,1.10263850789,1.64550125599,314,18.7420382166,5579,114,0,236,9350,
1185,1403715945.83,2,968,313,313,655,1.90980325613,0.999664478742,1.74550354481,313,18.4345047923,5390,110,1,235,9341,
1186,1403715945.88,2,995,368,368,627,1.83827310416,1.16412369737,1.61120676994,368,18.3614130435,5575,115,0,236,9363,
1187,1403715945.93,2,1000,362,362,638,1.88054794713,1.17085684742,1.73428213596,362,17.5414364641,5545,113,0,236,9363,
1188,1403715945.98,2,1002,327,327,675,1.82130461403,1.14153434256,1.64440393448,327,17.7828746177,5568,114,0,236,9363,
1189,1403715946.03,2,1003,338,338,665,1.71805508813,1.15723947196,1.52820110321,338,16.8639053254,5527,116,0,236,9363,
1190,1403715946.08,2,1002,353,353,649,1.6884690199,1.126204437,1.4502556324,353,15.4532577904,5575,116,0,236,9363,
1191,1403715946.13,2,1008,344,344,664,1.69362110915,1.07695780196,1.55916392803,344,15.5813953488,5647,116,0,236,9362,
1192,1403715946.18,2,1005,340,340,665,1.73458822398,1.22708236049,1.43208765984,340,15.0441176471,5924,126,1,236,9362,
1193,1403715946.23,2,1008,383,383,625,1.69029586861,1.12988003563,1.40242695808,383,14.9895561358,5993,131,0,237,9356,
1194,1403715946.28,2,1004,360,360,644,1.69467454923,1.21661561425,1.41914987564,360,14.6722222222,5943,128,0,237,9356,
1195,1403715946.33,2,1002,363,363,639,1.68213391846,1.12158075384,1.36215388775,363,14.9752066116,5943,128,0,237,9356,
1196,1403715946.38,2,1003,345,345,658,1.68600939586,0.993643939546,1.48871970177,345,15.0608695652,5799,124,0,237,9356,
1197,1403715946.43,2,1004,318,318,686,1.92931664604,1.13637590844,1.83414769173,318,15.3993710692,5653,120,0,237,9356,
1198,1403715946.48,2,1003,284,284,719,2.06075788762,1.37375543413,1.7626427412,284,16.6232394366,5183,115,0,237,9355,
1199,1403715946.53,2,1004,266,266,738,2.10643304121,1.36379862839,1.83427000046,266,17.6804511278,5150,113,1,236,9348,
1200,1403715946.58,2,940,260,260,680,2.22900176639,1.27616134975,2.0291762352,260,18.1269230769,5184,114,0,237,9382,
1201,1403715946.63,2,918,245,245,673,2.07178187399,1.31731550874,1.81974208355,245,18.2857142857,5226,117,0,237,9382,
1202,1403715946.68,2,910,267,267,643,1.81540346941,1.11245436025,1.66323578358,267,18.9400749064,5209,115,0,237,9382,
1203,1403715946.73,2,965,275,275,690,1.77697164771,1.16974223553,1.49219238758,275,19.4872727273,5328,118,0,237,9382,
1204,1403715946.78,2,953,253,253,700,1.72184071975,1.10917944236,1.53917181492,253,19.7984189723,5412,120,0,237,9382,
1205,1403715946.83,2,953,259,259,694,1.78004664384,1.16998311823,1.49972307682,259,18.528957529,5412,120,0,237,9382,
1206,1403715946.88,2,961,224,224,737,1.84912672925,1.18763994434,1.59843492508,224,18.2276785714,5197,117,0,237,9379,
1207,1403715946.93,2,974,189,189,785,1.91894130984,1.32733180739,1.54256391525,189,17.0899470899,5197,117,1,237,9379,
1208,1403715946.98,2,951,234,234,717,1.9619462009,1.40230096944,1.69125783443,234,13.6709401709,5212,114,0,238,9402,
1209,1403715947.03,2,980,182,182,798,2.0374078347,1.35744411196,1.71066355705,182,11.8791208791,5212,114,0,238,9402,
1210,1403715947.08,2,983,148,148,835,2.14753501973,1.44946847101,1.8728120327,148,10,5173,112,0,238,9402,
1211,1403715947.13,2,977,129,129,848,2.23398051209,1.50524572022,1.93098199368,129,9.93798449612,5019,105,0,238,9402,
1212,1403715947.18,2,979,138,138,841,2.2997085735,1.38486865257,1.98000490665,138,10.3985507246,5048,111,0,238,9401,
1213,1403715947.23,2,988,137,137,851,2.34945913475,1.50415303442,1.86561906338,137,8.51824817518,5034,109,1,237,9387,
1214,1403715947.28,2,987,235,235,752,1.90328301609,1.23990112273,1.67626345158,235,6.97021276596,5068,106,0,238,9429,
1215,1403715947.33,2,991,222,222,769,1.97344780505,1.2867495924,1.66463041306,222,7.17567567568,5036,104,0,238,9429,
1216,1403715947.38,2,980,222,222,758,2.00053079755,1.38926838438,1.7032572031,222,7.77027027027,5076,111,0,238,9429,
1217,1403715947.43,2,961,223,223,738,2.00964851858,1.31995627635,1.8584883213,223,8.12556053812,5187,111,0,237,9416,
1218,1403715947.48,2,976,226,226,750,2.02984881424,1.31137004528,1.77908825874,226,9.46902654867,5187,111,0,237,9416,
1219,1403715947.53,2,979,235,235,744,1.93870948065,1.25805491374,1.69861102104,235,11.1063829787,5202,112,0,237,9416,
1220,1403715947.58,2,958,238,238,720,2.13337367159,1.25182823534,2.02474045753,238,11.9915966387,5234,117,0,237,9416,
1221,1403715947.63,2,876,208,208,668,2.2096665598,1.29177840144,1.96527159214,208,14.3221153846,5234,117,0,237,9416,
1222,1403715947.68,2,791,214,214,577,2.1185781707,1.29251291252,1.94365012646,214,16.4485981308,5234,117,1,237,9416,
1223,1403715947.73,2,829,294,294,535,1.89338029454,1.09373411023,1.68421578407,294,15.9557823129,5370,119,0,238,9424,
1224,1403715947.78,2,820,279,279,541,1.80560762545,1.07957642177,1.63955640793,279,15.8673835125,5370,119,0,238,9424,
1225,1403715947.83,2,851,285,285,566,1.80287274069,1.08524857512,1.67033088207,285,16.4771929825,5370,119,0,238,9424,
1226,1403715947.88,2,883,297,297,586,1.73722701557,1.13773711503,1.51717710495,297,15.5117845118,5370,119,0,238,9424,
1227,1403715947.93,2,1002,293,293,709,1.80763491993,1.19417808219,1.53531002998,293,15.7542662116,5268,118,0,238,9424,
1228,1403715947.98,2,1006,300,300,706,1.78241303434,1.12830669766,1.56971406937,300,14.8633333333,5496,121,0,238,9423,
1229,1403715948.03,2,1004,304,304,700,1.62759676715,1.03933814533,1.4682945013,304,14.3355263158,5351,118,0,237,9420,
1230,1403715948.08,2,1004,313,313,691,1.68856365415,1.2101879703,1.3981757164,313,14.3706070288,5724,121,1,237,9420,
1231,1403715948.13,2,1005,343,343,662,1.52962405565,1.09895203645,1.23118638992,343,12.5801749271,5794,122,0,238,9393,
1232,1403715948.18,2,1005,317,317,688,1.63808630294,1.26189376059,1.30970275402,317,13.5615141956,5335,115,0,238,9393,
1233,1403715948.23,2,1009,319,319,690,1.65079191478,1.19188613314,1.33343088627,319,13.2695924765,5486,116,0,238,9393,
1234,1403715948.28,2,1004,337,337,667,1.66509130481,1.25093507923,1.36676549911,337,12.7833827893,5295,114,0,238,9393,
1235,1403715948.33,2,1004,312,312,692,1.8029611999,1.17452419678,1.5865585804,312,12.9807692308,5262,112,0,238,9393,
1236,1403715948.38,2,1005,289,289,716,1.88806889374,1.21287815806,1.6667778492,289,13.7024221453,5339,118,0,238,9393,
1237,1403715948.43,2,1004,280,280,724,1.97715732051,1.33993544023,1.68699777126,280,14.5678571429,5654,121,1,238,9393,
1238,1403715948.48,2,1002,302,302,700,1.97148440813,1.3368838717,1.64892876148,302,14.798013245,5484,122,0,239,9411,
1239,1403715948.53,2,1003,304,304,699,1.93705925189,1.3622883602,1.65239989758,304,15.5230263158,5274,119,0,239,9411,
1240,1403715948.58,2,1006,330,330,676,1.91968989038,1.20313132575,1.70141339302,330,16.4727272727,5313,121,0,239,9411,
1241,1403715948.63,2,987,307,307,680,1.95878303527,1.27694623275,1.66799879074,307,17.7459283388,5544,122,0,239,9411,
1242,1403715948.68,2,956,307,307,649,1.81354235439,1.20496525209,1.53143942356,307,18.8957654723,5672,123,0,239,9411,
1243,1403715948.73,2,945,307,307,638,1.69052125436,1.07034448094,1.51972985268,307,18.0456026059,5341,121,0,239,9408,
1244,1403715948.78,2,949,317,317,632,1.74926424327,1.14525810399,1.55987918377,317,17.3659305994,5213,120,0,239,9408,
1245,1403715948.83,2,944,296,296,648,1.65934098867,1.12641821854,1.40415537357,296,17.6418918919,5541,122,1,239,9408,
1246,1403715948.88,2,937,353,353,584,1.69164620847,1.21867366144,1.37398993969,353,17.0934844193,5326,122,0,240,9424,
1247,1403715948.93,2,934,347,347,587,1.65450902245,1.08872790363,1.45758736134,347,16.9423631124,5326,122,0,240,9424,
1248,1403715948.98,2,928,314,314,614,1.69847762672,1.02443346782,1.51858639717,314,15.8248407643,5326,122,0,240,9424,
1249,1403715949.03,2,925,305,305,620,1.72288204031,1.09583309253,1.61620867252,305,16.5868852459,5326,122,0,240,9424,
1250,1403715949.08,2,930,290,290,640,1.62120080114,1.07152251774,1.36805784702,290,17.0103448276,5287,121,0,240,9424,
1251,1403715949.13,2,923,273,273,650,1.65102048273,0.986660373136,1.48864507675,273,15.9743589744,5242,119,1,240,9424,
1252,1403715949.18,2,879,282,282,597,1.90909620289,1.16976857311,1.78046309948,282,13.6808510638,5375,121,0,241,9474,
1253,1403715949.23,2,768,249,249,519,1.94497638404,1.06266290122,1.71728909016,249,15.718875502,5292,121,0,241,9474,
1254,1403715949.28,2,688,204,204,484,1.85990932642,1.06478501677,1.73275363445,204,18.0147058824,5313,115,0,241,9474,
1255,1403715949.33,2,627,189,189,438,2.06040944372,1.12494385235,1.91583704948,189,19.380952381,5019,106,0,241,9474,
1256,1403715949.38,2,617,191,191,426,1.96407920575,1.0822786038,1.8725399971,191,18.6753926702,4510,88,0,241,9474,
1257,1403715949.43,2,756,208,208,548,1.90357550294,1.08535909701,1.71974241734,208,18.5096153846,4957,99,1,239,9446,
1258,1403715949.48,2,873,292,292,581,1.51414565525,0.914588345268,1.29735672474,292,17.4726027397,4949,92,0,240,9443,
1259,1403715949.53,2,905,301,301,604,1.64001786295,1.09115841263,1.44478273392,301,17.5315614618,5230,99,0,240,9443,
1260,1403715949.58,2,1002,251,251,751,1.88309109273,1.28317500857,1.58708679676,251,14.8167330677,4423,87,0,240,9443,
1261,1403715949.63,2,1004,256,256,748,1.76681294615,1.2114861614,1.47605633736,256,14.54296875,4913,99,0,240,9443,
1262,1403715949.68,2,1005,246,246,759,1.88682610057,1.15248117637,1.66622471809,246,14.2032520325,5272,103,0,239,9428,
1263,1403715949.73,2,1003,240,240,763,1.75836112911,1.24475864535,1.40998351574,240,14.7666666667,5346,105,1,239,9428,
1264,1403715949.78,2,1002,272,272,730,1.81600638457,1.34669243374,1.48201274872,272,13.4963235294,5173,100,0,240,9421,
1265,1403715949.83,2,1003,294,294,709,1.78198030766,1.22426071957,1.49971365929,294,13.2653061224,5147,98,0,240,9421,
1266,1403715949.88,2,1007,272,272,735,1.911174668,1.18547499667,1.64576637745,272,12.75,5387,107,0,240,9421,
1267,1403715949.93,2,1003,281,281,722,1.67535049777,1.17816528058,1.40479433537,281,12.9074733096,5177,100,0,240,9420,
1268,1403715949.98,2,1004,287,287,717,1.82037679199,1.26245139774,1.56789553165,287,13.4146341463,5246,103,0,240,9420,
1269,1403715950.03,2,1004,280,280,724,1.79164562827,1.29961590764,1.44589555264,280,14.0857142857,5144,99,1,240,9420,
1270,1403715950.08,2,1007,321,321,686,1.82521251524,1.2504785875,1.61344504356,321,13.4080996885,5078,96,0,241,9480,
1271,1403715950.13,2,1005,313,313,692,1.91066913615,1.28551857386,1.55327022076,313,14.7476038339,5221,101,0,241,9480,
1272,1403715950.18,2,1005,303,303,702,2.01829402178,1.38776135995,1.68710386753,303,15.7128712871,5019,98,0,241,9480,
1273,1403715950.23,2,986,292,292,694,1.87756718481,1.17877369228,1.62884223461,292,16.5068493151,4352,87,0,241,9477,
1274,1403715950.28,2,980,282,282,698,1.84619082447,1.13641951181,1.66565823555,282,17.195035461,4149,82,1,241,9477,
1275,1403715950.33,2,966,318,318,648,1.79351589393,1.03588593472,1.66243171692,318,17.4182389937,4716,93,0,242,9469,
1276,1403715950.38,2,970,310,310,660,1.75869341193,1.13426619366,1.58450746536,310,18.4548387097,4663,92,0,242,9469,
1277,1403715950.43,2,921,266,266,655,1.7547606846,1.12318534986,1.55327808857,266,17.5338345865,4321,84,0,242,9469,
1278,1403715950.48,2,797,239,239,558,1.66170344135,1.07956388416,1.4603998661,239,17.9079497908,4325,83,0,242,9469,
1279,1403715950.53,2,754,177,177,577,1.74237751534,1.03633406556,1.60502660275,177,17.3728813559,4593,90,1,242,9469,
1280,1403715950.58,2,741,202,202,539,1.8719252092,1.14443660268,1.71652066708,202,14.0346534653,4844,99,0,243,9461,
1281,1403715950.63,2,547,156,156,391,1.94365286899,1.31011058347,1.66054189205,156,14.3397435897,4590,92,0,243,9461,
1282,1403715950.68,2,526,118,118,408,1.8368374377,1.07590023737,1.6424601078,118,14,4533,91,0,243,9461,
1283,1403715950.73,2,488,107,107,381,2.10069456404,1.30252810022,1.95005393028,107,12.691588785,4513,89,0,243,9461,
1284,1403715950.78,2,487,110,110,377,2.36092436232,1.45688988091,2.10215783119,110,13.1454545455,4509,88,1,243,9461,
1285,1403715950.83,2,519,130,130,389,2.17720398467,1.28079479847,1.98802399635,130,12.3769230769,4486,89,0,244,9463,
1286,1403715950.88,2,527,133,133,394,2.18817213895,1.35462562977,2.02272987366,133,12.2781954887,4483,88,0,244,9463,
1287,1403715950.93,2,558,128,128,430,2.30755520839,1.34407378522,2.05253052711,128,12.3046875,4479,87,0,244,9462,
1288,1403715950.98,2,551,113,113,438,2.38483349175,1.3255012257,2.06603837013,113,13.2654867257,4479,87,1,244,9462,
1289,1403715951.03,2,535,155,155,380,2.07775309848,1.28800244375,1.88130438328,155,14.1161290323,4252,82,0,245,9461,
1290,1403715951.08,2,585,152,152,433,1.99765921678,1.12665183774,1.835085392,152,17.2960526316,4271,84,0,245,9461,
1291,1403715951.13,2,616,180,180,436,1.94495804732,1.04706159429,1.80291450024,180,18.3777777778,4342,86,0,245,9459,
1292,1403715951.18,2,645,195,195,450,1.87149710021,1.15580489536,1.69007694721,195,19.7025641026,4494,91,1,245,9459,
1293,1403715951.23,2,618,208,208,410,1.73470364076,0.898969970748,1.68672347069,208,21.8317307692,4481,92,0,246,9446,
1294,1403715951.28,2,631,191,191,440,1.84322804135,1.03976900298,1.66342079639,191,20.7539267016,4846,98,0,246,9446,
1295,1403715951.33,2,855,294,294,561,1.78538231557,1.10680843613,1.61205255985,294,19.6088435374,4888,98,0,246,9446,
1296,1403715951.38,2,986,306,306,680,1.77031057041,1.12941892082,1.63244056702,306,17.637254902,5263,101,0,246,9446,
1297,1403715951.43,2,1002,298,298,704,1.80241043254,1.13117665432,1.68169856071,298,17.5973154362,5547,112,0,246,9446,
1298,1403715951.48,2,1006,295,295,711,1.87210380986,1.33802189264,1.61328721046,295,16.4440677966,5555,111,0,244,9430,
1299,1403715951.53,2,1003,275,275,728,1.97395189096,1.41660374916,1.68023920059,275,15.2945454545,5250,111,1,244,9430,
1300,1403715951.58,2,1004,294,294,710,1.75743766522,1.3463905894,1.45849311352,294,14.8979591837,5239,110,0,245,9464,
1301,1403715951.63,2,1001,280,280,721,1.81238224895,1.30303670517,1.4559596777,280,14.075,5480,106,0,245,9464,
1302,1403715951.68,2,1004,263,263,741,1.89833876225,1.33564246855,1.57395100594,263,15.3155893536,5202,104,0,245,9464,
1303,1403715951.73,2,1003,272,272,731,1.81786509187,1.3252593959,1.54530370235,272,13.9044117647,5295,111,0,245,9464,
1304,1403715951.78,2,1006,277,277,729,1.8555723922,1.42428006008,1.5033134222,277,14.3285198556,4993,103,0,245,9464,
1305,1403715951.83,2,1003,279,279,724,1.64230497737,1.1080074355,1.33448052406,279,13.835125448,4810,99,1,245,9464,
1306,1403715951.88,2,1007,305,305,702,2.04381302576,1.28744898824,1.76975548267,305,14.3213114754,5004,94,0,246,9507,
1307,1403715951.93,2,987,238,238,749,2.25689119545,1.3368921633,2.02572083473,238,14.5462184874,4995,105,0,246,9507,
1308,1403715951.98,2,966,198,198,768,2.6161574108,1.46897782908,2.21517682076,198,15.196969697,4967,107,0,246,9507,
1309,1403715952.03,2,917,173,173,744,2.39064875676,1.31966746472,2.1239964962,173,15.8959537572,5493,114,0,246,9507,
1310,1403715952.08,2,849,158,158,691,2.31897777923,1.46965770014,2.07216620445,158,14.7974683544,5726,122,0,246,9506,
1311,1403715952.13,2,726,137,137,589,2.15670626116,1.22785270725,1.92593550682,137,16.0875912409,5723,126,1,244,9478,
1312,1403715952.18,2,715,136,136,579,1.97253916971,1.1151210454,1.8756518364,136,14.2794117647,5469,116,0,245,9479,
1313,1403715952.23,2,682,104,104,578,2.30332632735,1.28939824254,2.12181997299,104,14.3461538462,5267,110,0,245,9479,
1314,1403715952.28,2,662,99,99,563,2.24520466334,1.39210074344,1.85321497917,99,17.2222222222,5553,120,0,245,9479,
1315,1403715952.33,2,672,104,104,568,2.32382073712,1.25409489776,2.23451113701,104,18.2307692308,5555,121,0,245,9479,
1316,1403715952.38,2,691,103,103,588,2.16912460038,1.16012176693,2.02408146858,103,15.9029126214,5567,122,0,245,9479,
1317,1403715952.43,2,837,122,122,715,2.14320222945,1.38749819964,1.83041381836,122,16.9180327869,5658,117,0,244,9470,
1318,1403715952.48,2,887,126,126,761,2.10693044706,1.46829959832,1.83126568794,126,16.8174603175,5815,123,1,244,9470,
1319,1403715952.53,2,851,171,171,680,2.02601660361,1.40480613265,1.70141124725,171,13.7485380117,5854,124,0,245,9509,
1320,1403715952.58,2,984,184,184,800,2.15120948726,1.387887563,1.99740767479,184,15.5597826087,5854,123,0,245,9509,
1321,1403715952.63,2,975,197,197,778,2.36259547216,1.50645764416,2.09181976318,197,14.6954314721,5854,123,0,245,9509,
1322,1403715952.68,2,955,173,173,782,2.25086796439,1.42151440784,1.93195569515,173,15.2138728324,5793,120,0,245,9509,
1323,1403715952.73,2,959,153,153,806,2.26784396503,1.45419802264,1.99512588978,153,14.862745098,5756,121,0,245,9509,
1324,1403715952.78,2,964,140,140,824,2.23117009848,1.4015958677,2.00964736938,140,12.9714285714,5690,116,0,245,9507,
1325,1403715952.83,2,966,123,123,843,2.28140808678,1.36119864528,2.04880833626,123,12.3008130081,5575,113,1,245,9507,
1326,1403715952.88,2,946,180,180,766,2.12521452374,1.35427233423,1.97710204124,180,9.62222222222,5660,117,0,246,9557,
1327,1403715952.93,2,973,186,186,787,2.2626531612,1.42161323145,1.98735058308,186,10.876344086,5143,112,0,246,9557,
1328,1403715952.98,2,961,222,222,739,2.32755052265,1.41244707065,1.94595575333,222,12.2162162162,5667,119,0,246,9554,
1329,1403715953.03,2,952,212,212,740,2.45673106203,1.52028790669,2.13210391998,212,13.9433962264,5742,120,0,246,9554,
1330,1403715953.08,2,932,191,191,741,2.32244306342,1.44697761914,2.06446528435,191,15.1570680628,5896,123,1,246,9554,
1331,1403715953.13,2,881,194,194,687,2.01926538675,1.27594885877,1.78309679031,194,15.6701030928,5859,121,0,247,9575,
1332,1403715953.18,2,823,166,166,657,1.91770993478,1.2766626808,1.74133765697,166,17.7530120482,5951,126,0,247,9575,
1333,1403715953.23,2,815,189,189,626,1.84558620024,1.15633264282,1.59182012081,189,16.9365079365,6024,126,0,247,9575,
1334,1403715953.28,2,791,190,190,601,1.90932354551,1.20430232195,1.63695561886,190,17.3894736842,6307,135,0,247,9575,
1335,1403715953.33,2,811,214,214,597,1.7974867413,1.11948416846,1.66086053848,214,17.5841121495,6417,145,0,247,9572,
1336,1403715953.38,2,783,232,232,551,1.84315115374,1.27137714723,1.56465375423,232,16.6206896552,6304,139,1,246,9560,
1337,1403715953.43,2,793,271,271,522,1.80164412027,1.32103098108,1.49473762512,271,17.0664206642,6425,151,0,247,9517,
1338,1403715953.48,2,851,253,253,598,1.86628709404,1.15794702149,1.66668844223,253,16.7391304348,6445,146,0,247,9517,
1339,1403715953.53,2,870,268,268,602,1.75934348032,1.24096084843,1.49882638454,268,16.7873134328,6410,142,0,247,9517,
1340,1403715953.58,2,791,251,251,540,1.70683842654,1.18141946534,1.36844563484,251,17.3227091633,6352,140,0,247,9517,
1341,1403715953.63,2,804,245,245,559,1.67253012893,1.16173750318,1.398640275,245,16.2,6306,140,0,247,9517,
1342,1403715953.68,2,803,226,226,577,1.58901370355,1.12204012491,1.32144296169,226,15.1592920354,6335,139,0,247,9517,
1343,1403715953.73,2,800,231,231,569,1.61608950213,1.10885712778,1.32075345516,231,13.5844155844,6383,143,0,246,9510,
1344,1403715953.78,2,1002,163,163,839,1.6659341439,1.18276010573,1.45781064034,163,10.8650306748,5329,98,1,245,9502,
1345,1403715953.83,2,1007,217,217,790,1.80618423062,1.30882027402,1.48902618885,217,9.61290322581,6094,112,0,246,9500,
1346,1403715953.88,2,1001,203,203,798,1.87981777113,1.25957286475,1.58489656448,203,10.2561576355,6278,130,0,246,9500,
1347,1403715953.93,2,1002,185,185,817,2.41209252449,1.54451819451,2.00127744675,185,10.0864864865,6196,131,0,246,9500,
1348,1403715953.98,2,984,143,143,841,2.26926939356,1.45066246603,1.9306910038,143,10.7412587413,6088,124,0,245,9492,
1349,1403715954.03,2,974,149,149,825,2.30292249186,1.42509282413,1.92690241337,149,11.1006711409,5940,127,1,245,9492,
1350,1403715954.08,2,935,193,193,742,1.95341146359,1.12573753551,1.80370950699,193,11.9844559585,5914,126,0,246,9525,
1351,1403715954.13,2,935,185,185,750,2.08441129073,1.24884959957,1.86763858795,185,12.6,5964,124,0,246,9525,
1352,1403715954.18,2,949,187,187,762,2.22025668071,1.52256748546,1.89003765583,187,11.7112299465,6015,127,0,246,9525,
1353,1403715954.23,2,905,158,158,747,2.31508735473,1.29333946631,2.19363093376,158,13.8164556962,5398,113,0,246,9525,
1354,1403715954.28,2,923,157,157,766,2.34375797554,1.49386116583,2.02487850189,157,12.923566879,5687,122,0,246,9524,
1355,1403715954.33,2,942,173,173,769,2.22031724651,1.26445085476,2.0250685215,173,13.0289017341,5756,127,1,246,9524,
1356,1403715954.38,2,950,271,271,679,2.20849520644,1.36021881033,1.90222716331,271,10.6273062731,5691,121,0,247,9634,
1357,1403715954.43,2,934,243,243,691,2.01463249271,1.24322903547,1.81305623055,243,11.0987654321,5615,119,0,247,9634,
1358,1403715954.48,2,939,248,248,691,2.19633660339,1.34036236864,1.94172525406,248,11.2943548387,5615,119,0,247,9634,
1359,1403715954.53,2,916,217,217,699,2.16728012614,1.32731878644,1.93322050571,217,13,5786,121,0,247,9634,
1360,1403715954.58,2,922,240,240,682,2.14526921144,1.25647978524,1.88797020912,240,12.45,5540,119,0,247,9634,
1361,1403715954.63,2,897,227,227,670,2.15941995395,1.45183391895,1.82044970989,227,12.1850220264,5773,121,1,247,9634,
1362,1403715954.68,2,895,265,265,630,2.03528564778,1.44427223128,1.76448023319,265,11.6264150943,5834,122,0,248,9682,
1363,1403715954.73,2,919,271,271,648,2.13010437028,1.45817669659,1.7446898222,271,11.2730627306,5832,121,0,248,9682,
1364,1403715954.78,2,883,292,292,591,2.11724279045,1.46014750005,1.78623950481,292,10.9554794521,5835,121,0,248,9682,
1365,1403715954.83,2,876,286,286,590,2.16382829637,1.40892677182,1.88821482658,286,11.9195804196,5809,115,0,248,9682,
1366,1403715954.88,2,926,275,275,651,2.02189490981,1.23234056586,1.83007574081,275,12.3127272727,5808,115,1,248,9682,
1367,1403715954.93,2,930,326,326,604,2.07668685376,1.24662232146,1.95369458199,326,12.0153374233,5527,116,0,249,9688,
1368,1403715954.98,2,920,311,311,609,2.00615067507,1.43686506783,1.65781211853,311,12.1382636656,5578,119,0,249,9688,
1369,1403715955.03,2,931,323,323,608,2.15430313448,1.35294296408,1.93332731724,323,12.7089783282,5596,118,0,249,9688,
1370,1403715955.08,2,863,293,293,570,2.15619153557,1.25141791083,1.97730541229,293,13.1365187713,5639,122,0,249,9688,
1371,1403715955.13,2,819,261,261,558,2.13043364043,1.38689360033,1.86063349247,261,13.6551724138,5637,122,0,249,9686,
1372,1403715955.18,2,802,238,238,564,2.03638226739,1.24285639266,1.9060806036,238,14.6386554622,5852,116,1,249,9686,
1373,1403715955.23,2,854,283,283,571,1.93101227921,1.32534805572,1.69488811493,283,15.2650176678,5649,126,0,250,9662,
1374,1403715955.28,2,853,247,247,606,2.13015651944,1.37719148607,1.84429585934,247,16.012145749,5649,127,0,250,9662,
1375,1403715955.33,2,844,257,257,587,2.02207337682,1.29102334318,1.84138929844,257,16.2373540856,5996,137,0,250,9662,
1376,1403715955.38,2,848,239,239,609,1.89381157679,1.11327512748,1.83716285229,239,17.2510460251,6047,140,0,250,9662,
1377,1403715955.43,2,1003,200,200,803,2.07333838627,1.31019640924,1.89349329472,200,14.32,6009,134,0,250,9662,
1378,1403715955.48,2,998,180,180,818,2.09121503588,1.39413026619,1.72905039787,180,14.4055555556,6022,131,0,248,9636,
1379,1403715955.53,2,987,166,166,821,1.94838737526,1.22897288977,1.80140817165,166,15.1686746988,6022,131,1,248,9636,
1380,1403715955.58,2,1000,202,202,798,2.03704683641,1.32827641696,1.78705585003,202,13.6534653465,6073,136,0,249,9623,
1381,1403715955.63,2,998,172,172,826,2.06458157702,1.41648761992,1.84017348289,172,13.9534883721,6025,134,0,249,9623,
1382,1403715955.68,2,999,148,148,851,2.02469656375,1.35979558333,1.78722858429,148,14,5796,128,0,249,9623,
1383,1403715955.73,2,992,161,161,831,2.10196155652,1.49706460198,1.67060792446,161,14,5976,133,0,249,9623,
1384,1403715955.78,2,991,166,166,825,2.20846287549,1.50162011239,1.98222374916,166,11.1265060241,5918,129,0,249,9623,
1385,1403715955.83,2,992,167,167,825,2.35154443136,1.3975087689,2.08078479767,167,12.1676646707,5604,118,0,249,9623,
1386,1403715955.88,2,976,198,198,778,2.37721101654,1.39510985765,2.12002372742,198,13.6212121212,5892,126,0,249,9623,
1387,1403715955.93,2,995,203,203,792,2.41077141185,1.57203885397,2.05743789673,203,13.4187192118,5219,114,0,249,9622,
1388,1403715955.98,2,997,219,219,778,2.3587286687,1.25396458288,2.13486027718,219,14.4246575342,5121,112,0,248,9618,
1389,1403715956.03,2,966,230,230,736,2.15861251568,1.18859235499,2.03359127045,230,13.4043478261,5121,112,1,248,9618,
1390,1403715956.08,2,994,269,269,725,2.17116056305,1.216067588,2.0503911972,269,13.8884758364,4854,110,0,249,9615,
1391,1403715956.13,2,1001,258,258,743,2.30421114118,1.38493827571,2.10251450539,258,14.1124031008,4776,107,0,249,9615,
1392,1403715956.18,2,995,242,242,753,2.19222560716,1.38284119687,1.88644182682,242,16.0289256198,4776,107,0,249,9615,
1393,1403715956.23,2,1002,240,240,762,2.19764808727,1.45082211684,1.88742554188,240,15.5666666667,4776,107,0,249,9615,
1394,1403715956.28,2,1000,214,214,786,2.1280208434,1.4942225399,1.70931863785,214,16.3598130841,4776,107,0,249,9615,
1395,1403715956.33,2,1000,207,207,793,2.13104335479,1.50650281438,1.84756565094,207,17.6763285024,4776,107,0,249,9615,
1396,1403715956.38,2,1001,213,213,788,2.21763728664,1.39930433184,2.00155973434,213,16.4225352113,4774,107,0,249,9613,
1397,1403715956.43,2,997,202,202,795,2.1895641329,1.34029380142,1.95018851757,202,17.2920792079,4774,107,1,249,9613,
1398,1403715956.48,2,981,252,252,729,2.13217309176,1.3119845089,1.90031719208,252,14.8928571429,4612,105,0,250,9653,
1399,1403715956.53,2,995,244,244,751,2.09762565535,1.28660712334,1.88712382317,244,13.6475409836,4598,101,0,250,9653,
1400,1403715956.58,2,1000,211,211,789,2.20610011344,1.31207794238,2.02497887611,211,13.6777251185,4342,97,0,250,9653,
1401,1403715956.63,2,1000,195,195,805,2.19425487457,1.30050802966,1.97786295414,195,13.6666666667,4299,101,0,250,9653,
1402,1403715956.68,2,999,189,189,810,2.11847528721,1.31462534068,1.80678629875,189,13.3650793651,4334,100,0,250,9653,
1403,1403715956.73,2,1002,216,216,786,2.03043412943,1.30105662083,1.94272351265,216,14.5231481481,4355,101,0,250,9651,
1404,1403715956.78,2,1001,244,244,757,1.94733140386,1.22146715729,1.72067344189,244,15.2254098361,4366,101,1,249,9642,
1405,1403715956.83,2,1004,307,307,697,2.1039829674,1.39477724295,1.72190225124,307,13.7198697068,4410,99,0,250,9660,
1406,1403715956.88,2,1002,289,289,713,1.89549234582,1.27358949743,1.63919782639,289,13.8581314879,4368,98,0,250,9660,
1407,1403715956.93,2,1001,302,302,699,2.00788358643,1.24708265474,1.72716414928,302,14.4867549669,4384,102,0,250,9660,
1408,1403715956.98,2,995,318,318,677,2.09298760228,1.25940540821,1.77735090256,318,14.2169811321,4384,102,0,250,9660,
1409,1403715957.03,2,1001,301,301,700,2.01530503291,1.29824234864,1.76757609844,301,13.8903654485,4383,102,0,250,9659,
1410,1403715957.08,2,989,296,296,693,1.83324750727,1.1562207649,1.61277580261,296,15.2702702703,4423,103,0,250,9659,
1411,1403715957.13,2,980,315,315,665,1.87921966362,1.10831971022,1.73890674114,315,15.0793650794,4695,106,0,250,9659,
1412,1403715957.18,2,980,312,312,668,1.87171871772,1.09930729653,1.64421570301,312,15.0448717949,4695,106,0,250,9659,
1413,1403715957.23,2,984,307,307,677,1.84303549033,1.15861980047,1.63434207439,307,15.6026058632,4695,106,0,250,9659,
1414,1403715957.28,2,976,257,257,719,1.80738018418,1.07237722817,1.69824111462,257,15.9299610895,4695,106,1,250,9659,
1415,1403715957.33,2,937,313,313,624,1.94658718694,1.24230004156,1.70337677002,313,15.5239616613,4741,108,0,251,9662,
1416,1403715957.38,2,939,275,275,664,1.76825471377,1.16518573672,1.62908053398,275,16.1345454545,4698,107,0,251,9662,
1417,1403715957.43,2,889,228,228,661,1.8049309121,1.16269922771,1.60453033447,228,16.1885964912,4741,108,0,251,9662,
1418,1403715957.48,2,859,208,208,651,1.63901808743,0.932638346325,1.49448871613,208,15.9807692308,4698,107,0,251,9662,
1419,1403715957.53,2,980,139,139,841,2.07142498103,1.48374618822,1.68542587757,139,14.5107913669,4626,102,0,251,9662,
1420,1403715957.58,2,970,116,116,854,1.74813117434,1.27893245728,1.51550722122,116,13.2327586207,4610,101,0,251,9662,
1421,1403715957.63,2,968,104,104,864,1.686785476,1.26664848185,1.31543314457,104,14.5673076923,4636,102,1,251,9662,
1422,1403715957.68,2,970,121,121,849,1.76524403605,1.32257846722,1.43861508369,121,11.826446281,4378,94,0,252,9631,
1423,1403715957.73,2,968,126,126,842,1.74598110692,1.1869998689,1.47125208378,126,10.9920634921,4030,88,0,252,9631,
1424,1403715957.78,2,975,135,135,840,2.02305279209,1.48241189501,1.67761111259,135,12.7259259259,4538,94,0,252,9631,
1425,1403715957.83,2,981,139,139,842,2.28664948454,1.44341230052,1.89229476452,139,12.0863309353,4639,100,0,252,9631,
1426,1403715957.88,2,989,176,176,813,2.16613812313,1.31440826414,1.97290325165,176,13.1136363636,4603,101,0,252,9631,
1427,1403715957.93,2,1004,197,197,807,2.16547215753,1.42877804968,1.92814397812,197,12.6751269036,4604,103,1,252,9631,
1428,1403715957.98,2,1004,270,270,734,2.16717675163,1.32223036919,1.90193068981,270,13.1444444444,4345,97,0,253,9633,
1429,1403715958.03,2,1005,271,271,734,2.18840904322,1.30250075772,1.95553922653,271,13.557195572,4194,95,0,253,9633,
1430,1403715958.08,2,1002,264,264,738,2.05884663828,1.16999580027,1.91162598133,264,14.25,4438,99,0,253,9633,
1431,1403715958.13,2,1000,273,273,727,2.08385504389,1.24675421639,1.88507044315,273,14.5970695971,3986,86,0,253,9633,
1432,1403715958.18,2,1004,267,267,737,1.98006531747,1.21895579124,1.7759373188,267,15.1685393258,3961,84,0,253,9633,
1433,1403715958.23,2,1001,268,268,733,1.77804335752,1.22274642135,1.52763438225,268,14.921641791,4146,93,1,252,9615,
1434,1403715958.28,2,1001,330,330,671,1.74883115259,1.28313924841,1.43127715588,330,14.2303030303,4287,100,0,253,9651,
1435,1403715958.33,2,1003,322,322,681,1.86777061433,1.37056060833,1.50934302807,322,14,4182,95,0,253,9651,
1436,1403715958.38,2,1005,308,308,697,1.83636440475,1.18880582765,1.62663447857,308,14.1818181818,4170,95,0,253,9651,
1437,1403715958.43,2,1001,276,276,725,1.85468989842,1.28880419426,1.52059006691,276,13.8043478261,4137,93,0,253,9650,
1438,1403715958.48,2,1000,252,252,748,1.77345143767,1.23313981746,1.4809281826,252,13.8373015873,3966,84,1,252,9640,
1439,1403715958.53,2,1001,307,307,694,1.74625754119,1.33024543412,1.34074246883,307,11.7622149837,4033,82,0,253,9697,
1440,1403715958.58,2,1001,331,331,670,1.69904932816,1.37674441129,1.30695867538,331,11.3534743202,3972,82,0,253,9697,
1441,1403715958.63,2,1000,299,299,701,1.73365202307,1.35768295627,1.43897426128,299,11.5953177258,3863,81,0,253,9696,
1442,1403715958.68,2,1002,306,306,696,1.73188201437,1.18064410277,1.48644781113,306,11.5196078431,3884,81,0,252,9694,
1443,1403715958.73,2,1000,284,284,716,1.8117064821,1.12464344755,1.5264903307,284,12.4049295775,3789,81,1,252,9694,
1444,1403715958.78,2,999,323,323,676,1.88273227519,1.21795023757,1.5728392601,323,11.4520123839,3788,81,0,253,9770,
1445,1403715958.83,2,995,325,325,670,1.9903852333,1.29603932233,1.72746729851,325,11.7476923077,3714,72,0,253,9770,
1446,1403715958.88,2,973,318,318,655,2.00061644939,1.25386439676,1.79229438305,318,11.7798742138,3903,79,0,253,9770,
1447,1403715958.93,2,971,300,300,671,1.84122170188,1.17157470607,1.67305850983,300,12.76,3855,81,1,253,9768,
1448,1403715958.98,2,938,281,281,657,1.9865221317,1.26680639177,1.74051141739,281,13.1601423488,3696,81,0,254,9762,
1449,1403715959.03,2,890,242,242,648,1.88934290204,1.13837075854,1.64623820782,242,14.0702479339,3525,72,0,254,9762,
1450,1403715959.08,2,940,277,277,663,1.80945586225,1.08808169399,1.63293993473,277,14.1805054152,3962,82,0,254,9760,
1451,1403715959.13,2,938,258,258,680,1.77460249692,1.14495371469,1.51550710201,258,14.496124031,3950,81,1,253,9748,
1452,1403715959.18,2,980,286,286,694,1.7313339405,1.20858278256,1.47279441357,286,14.4125874126,3785,77,0,254,9780,
1453,1403715959.23,2,948,267,267,681,1.81657771086,1.299366579,1.48887753487,267,15.3820224719,3981,80,0,254,9780,
1454,1403715959.28,2,904,232,232,672,1.8995274103,1.34244671505,1.58722507954,232,14.1551724138,4134,81,0,254,9780,
1455,1403715959.33,2,928,200,200,728,1.78014543228,1.02048451324,1.54462766647,200,13.39,3617,73,1,253,9764,
1456,1403715959.38,2,882,221,221,661,1.85501558199,1.13971326249,1.73865067959,221,11.6968325792,3637,74,0,254,9796,
1457,1403715959.43,2,838,167,167,671,1.73317660672,1.07893941749,1.58545684814,167,11.3532934132,3714,74,0,254,9796,
1458,1403715959.48,2,1005,85,85,920,1.54996926977,1.07662363874,1.25863957405,85,11.7411764706,3443,56,0,254,9796,
1459,1403715959.53,2,1002,62,62,940,1.82301852011,1.23351877654,1.51448965073,62,10.1612903226,3175,55,1,254,9796,
1460,1403715959.58,2,1001,112,112,889,1.80246531611,1.19971809196,1.44348669052,112,6.47321428571,3498,68,0,255,9841,
1461,1403715959.63,2,990,106,106,884,1.55186594032,1.10533017157,1.33274662495,106,7.2641509434,3497,68,0,255,9840,
1462,1403715959.68,2,989,123,123,866,1.67785954112,1.14683337529,1.47729849815,123,7.05691056911,3241,62,0,255,9840,
1463,1403715959.73,2,987,119,119,868,1.93424177608,1.16699193697,1.89512753487,119,7.1512605042,2710,47,0,255,9840,
1464,1403715959.78,2,996,133,133,863,2.2277245656,1.46892386083,1.98709249496,133,7.1954887218,2553,43,1,255,9840,
1465,1403715959.83,2,1001,197,197,804,2.3498839143,1.46120645825,2.01761841774,197,7.82233502538,2757,48,0,256,9887,
1466,1403715959.88,2,1003,201,201,802,2.00499989745,1.36168660862,1.62971997261,201,8.53233830846,2525,43,0,256,9884,
1467,1403715959.93,2,1001,214,214,787,1.9966746442,1.25796461404,1.77422046661,214,9.60747663551,2281,37,1,256,9884,
1468,1403715959.98,2,1005,311,311,694,1.99577825445,1.29498992203,1.71180057526,311,9.89067524116,2467,43,0,257,9954,
1469,1403715960.03,2,1003,277,277,726,2.06195028228,1.3576520216,1.86353158951,277,9.89530685921,2513,44,0,257,9954,
1470,1403715960.08,2,1000,299,299,701,2.02468113904,1.45602625235,1.74067497253,299,10.4782608696,2824,49,0,257,9954,
1471,1403715960.13,2,1000,287,287,713,2.04165285027,1.44478874521,1.64807748795,287,11.149825784,2824,49,0,257,9954,
1472,1403715960.18,2,1000,271,271,729,1.87951333505,1.36798565668,1.62454319,271,11.8118081181,2666,45,0,257,9954,
1473,1403715960.23,2,1003,267,267,736,1.86696882264,1.29750817289,1.652099967,267,11.9176029963,2713,46,1,257,9954,
1474,1403715960.28,2,1003,343,343,660,1.75948353885,1.20179979207,1.50983190536,343,11.2186588921,2674,46,0,258,9962,
1475,1403715960.33,2,1003,336,336,667,1.67660394251,1.25832806768,1.38633191586,336,10.6845238095,2674,46,0,258,9962,
1476,1403715960.38,2,991,310,310,681,1.8551331883,1.33588770246,1.52282631397,310,10.9774193548,2674,46,0,258,9962,
1477,1403715960.43,2,996,306,306,690,1.74226910161,1.2916852936,1.42772173882,306,10.8202614379,2674,46,1,258,9962,
1478,1403715960.48,2,991,337,337,654,1.8389431985,1.34517126765,1.42007911205,337,10.7181008902,2684,47,0,259,9972,
1479,1403715960.53,2,986,331,331,655,1.88121415936,1.35097580615,1.59521520138,331,10.8036253776,2684,47,0,259,9972,
1480,1403715960.58,2,970,306,306,664,1.91645212364,1.22316214915,1.68556725979,306,10.8137254902,2683,47,1,259,9971,
1481,1403715960.63,2,932,327,327,605,1.9769884107,1.2450292172,1.6678841114,327,10.6941896024,2889,53,0,260,10010,
1482,1403715960.68,2,973,328,328,645,2.13797418914,1.43529314802,1.86468744278,328,11.5091463415,2722,48,0,260,10010,
1483,1403715960.73,2,990,339,339,651,1.90868257149,1.34356317406,1.62488102913,339,11.1681415929,2889,53,1,260,10010,
1484,1403715960.78,2,942,346,346,596,1.99527503287,1.33481172386,1.73751020432,346,11.1676300578,2975,54,0,261,10096,
1485,1403715960.83,2,964,320,320,644,2.17278517345,1.3460484032,1.97887349129,320,11.196875,2975,54,0,261,10096,
1486,1403715960.88,2,965,327,327,638,2.04080785049,1.31383847825,1.81565833092,327,10.6146788991,2974,54,0,261,10095,
1487,1403715960.93,2,946,334,334,612,1.84498240634,1.31993996672,1.555108428,334,11.3263473054,2974,54,1,261,10095,
1488,1403715960.98,2,989,343,343,646,1.83110909225,1.3210015027,1.50640249252,343,12.0728862974,3001,55,0,262,10122,
1489,1403715961.03,2,947,304,304,643,1.85416052321,1.28352009882,1.5254650116,304,11.8322368421,3001,55,0,262,10122,
1490,1403715961.08,2,923,269,269,654,1.63340775932,1.13100406149,1.31139922142,269,11.3828996283,3001,55,0,262,10122,
1491,1403715961.13,2,974,233,233,741,1.6524120866,1.11849896487,1.44672298431,233,11.0858369099,3001,55,1,262,10122,
1492,1403715961.18,2,981,257,257,724,1.67628776581,1.08677308252,1.44770073891,257,9.49805447471,3530,70,0,263,10167,
1493,1403715961.23,2,975,225,225,750,1.76417301185,1.04164215668,1.51977968216,225,9.39111111111,3530,70,0,263,10167,
1494,1403715961.28,2,1003,182,182,821,1.62968483,1.0337336399,1.4522536993,182,8.24175824176,3529,70,0,263,10166,
1495,1403715961.33,2,1005,188,188,817,1.66662163612,1.14773687534,1.42203056812,188,8.97872340426,3529,70,1,263,10166,
1496,1403715961.38,2,1004,269,269,735,1.97809567262,1.25992814062,1.76585948467,269,7.78810408922,3441,65,0,264,10231,
1497,1403715961.43,2,999,299,299,700,1.90644953968,1.1864073596,1.62843263149,299,8.64548494983,2659,46,0,264,10231,
1498,1403715961.48,2,1002,291,291,711,2.01958644569,1.26103699727,1.82895624638,291,10.2027491409,3098,56,1,264,10228,
1499,1403715961.53,2,1001,312,312,689,1.98341118743,1.26323532595,1.75662267208,312,10.4038461538,3165,58,0,265,10286,
1500,1403715961.58,2,1001,316,316,685,2.18082413584,1.42818974097,1.89101040363,316,11.7911392405,3165,58,0,265,10286,
1501,1403715961.63,2,1001,313,313,688,2.05017607451,1.35031398813,1.72156143188,313,11.8242811502,2994,53,0,265,10282,
1502,1403715961.68,2,1003,277,277,726,2.17744665753,1.39402304109,1.87016761303,277,11.6895306859,2795,51,1,265,10282,
1503,1403715961.73,2,1000,298,298,702,2.05763435309,1.3711081756,1.81426262856,298,11.8859060403,2787,52,0,266,10274,
1504,1403715961.78,2,1001,288,288,713,2.11717698863,1.35357816878,1.93296396732,288,12.4444444444,2728,49,0,266,10274,
1505,1403715961.83,2,1002,292,292,710,2.03723954379,1.3662125564,1.72272372246,292,12.1369863014,2727,49,0,266,10273,
1506,1403715961.88,2,998,274,274,724,2.01136382488,1.36790429171,1.72421884537,274,12.0364963504,2695,48,1,266,10273,
1507,1403715961.93,2,955,315,315,640,2.09234548327,1.40491829538,1.78198611736,315,11.0698412698,2681,48,0,267,10285,
1508,1403715961.98,2,930,257,257,673,2.10635185095,1.34810779416,1.90513467789,257,11.0544747082,2658,47,0,267,10285,
1509,1403715962.03,2,873,221,221,652,1.95534449153,1.37130519935,1.72035193443,221,10.479638009,2521,44,0,266,10279,
1510,1403715962.08,2,828,201,201,627,1.73629436219,1.06971067146,1.54759645462,201,9.65174129353,2520,43,1,266,10279,
1511,1403715962.13,2,927,227,227,700,1.72566103328,1.19565844454,1.4228502512,227,8.37444933921,2717,47,0,267,10314,
1512,1403715962.18,2,878,189,189,689,1.57053207448,1.0143739723,1.35633575916,189,7.89417989418,2550,43,0,267,10314,
1513,1403715962.23,2,870,184,184,686,1.5409847917,0.923450744332,1.40750932693,184,8.17391304348,2689,45,1,267,10313,
1514,1403715962.28,2,884,190,190,694,1.65512116857,1.14982608438,1.500177145,190,7.16315789474,2678,46,0,268,10302,
1515,1403715962.33,2,838,195,195,643,1.64512190872,1.06034993162,1.40395534039,195,6.67179487179,2657,45,0,268,10302,
1516,1403715962.38,2,852,216,216,636,1.61111180874,1.20658980925,1.36103284359,216,6.69444444444,2509,42,1,268,10300,
1517,1403715962.43,2,812,226,226,586,1.79484921298,1.22754193982,1.53962731361,226,7.69911504425,2439,40,0,269,10308,
1518,1403715962.48,2,857,205,205,652,1.96621942898,1.3281841876,1.72391831875,205,7.6243902439,2436,40,1,269,10305,
1519,1403715962.53,2,801,225,225,576,2.07699626393,1.34528421626,1.84196102619,225,7.58666666667,2513,41,0,270,10382,
1520,1403715962.58,2,785,219,219,566,1.88609100184,1.16695873316,1.67818033695,219,7.94063926941,2513,41,0,270,10382,
1521,1403715962.63,2,839,241,241,598,1.92536894275,1.41047007978,1.71677076817,241,7.82987551867,2513,41,1,270,10382,
1522,1403715962.68,2,889,300,300,589,1.78239338011,1.22479536194,1.53002166748,300,7.46,2630,43,0,271,10473,
1523,1403715962.73,2,785,301,301,484,1.67974509665,1.17577689942,1.40875291824,301,7.51162790698,2604,42,0,271,10473,
1524,1403715962.78,2,914,316,316,598,1.65830202332,1.13798117173,1.39113283157,316,7.39556962025,2579,41,0,271,10473,
1525,1403715962.83,2,968,316,316,652,1.58651606515,1.12980517198,1.32171034813,316,7.56329113924,2604,42,0,271,10473,
1526,1403715962.88,2,974,318,318,656,1.69828804124,1.11517959658,1.44944882393,318,7.68553459119,2604,42,0,271,10473,
1527,1403715962.93,2,971,270,270,701,1.79987872919,1.25581719927,1.55399990082,270,7.81481481481,2604,42,1,271,10473,
1528,1403715962.98,2,955,276,276,679,1.73165857112,1.21147514184,1.51102495193,276,7.85507246377,2593,43,0,272,10462,
1529,1403715963.03,2,955,227,227,728,1.78403596216,1.2805358978,1.45682549477,227,7.4845814978,2592,43,0,272,10461,
1530,1403715963.08,2,1002,196,196,806,1.67031424177,1.12559721206,1.4497563839,196,7.17346938776,2592,43,1,272,10461,
1531,1403715963.13,2,1000,217,217,783,1.61980868086,1.03644945043,1.37022697926,217,6.78341013825,2394,37,0,273,10533,
1532,1403715963.18,2,1005,167,167,838,1.65897771814,1.08423537536,1.5096796751,167,6.19161676647,2496,38,1,273,10532,
1533,1403715963.23,2,1008,216,216,792,1.73259625139,1.03274278639,1.6484875679,216,5.06018518519,1807,26,0,274,10643,
1534,1403715963.28,2,1005,166,166,839,1.68965662547,1.24747658888,1.34374547005,166,4.80722891566,1675,22,1,272,10620,
1535,1403715963.33,2,1004,159,159,845,1.76227474869,1.09557883745,1.60015869141,159,4.60377358491,1571,18,0,273,10673,
1536,1403715963.38,2,1010,151,151,859,1.97287852608,1.14398984355,1.82307493687,151,4.75496688742,1538,17,1,273,10673,
1537,1403715963.43,2,1004,211,211,793,1.81523252381,1.11831150274,1.62409853935,211,4.63033175355,1553,18,0,274,10689,
1538,1403715963.48,2,1003,210,210,793,2.2384116198,1.45350536559,2.02057433128,210,4.90476190476,1745,25,1,274,10689,
1539,1403715963.53,2,1007,261,261,746,1.92065503879,1.21460426751,1.73234665394,261,4.95402298851,1820,24,0,275,10765,
1540,1403715963.58,2,1004,281,281,723,1.93499990897,1.16649233118,1.68017148972,281,4.93950177936,1920,27,0,275,10761,
1541,1403715963.63,2,1005,262,262,743,1.97076405249,1.33112294944,1.67127144337,262,5.07251908397,1920,27,0,275,10761,
1542,1403715963.68,2,1004,241,241,763,2.11144507525,1.3294983471,1.82625699043,241,5.4356846473,1920,27,1,275,10761,
1543,1403715963.73,2,1004,288,288,716,1.97259826278,1.21741034537,1.72077000141,288,5.51736111111,1867,27,0,276,10811,
1544,1403715963.78,2,1003,293,293,710,1.87620374301,1.28140219513,1.57739841938,293,5.47098976109,1968,28,0,276,10809,
1545,1403715963.83,2,1002,310,310,692,1.83512884104,1.20244361693,1.55507624149,310,5.45483870968,1865,27,0,276,10809,
1546,1403715963.88,2,1003,284,284,719,1.83428089242,1.25788198159,1.5886015892,284,5.49647887324,1865,27,0,276,10809,
1547,1403715963.93,2,1002,300,300,702,1.84312036532,1.24096732937,1.59600269794,300,5.56333333333,1968,28,0,276,10809,
1548,1403715963.98,2,1002,286,286,716,1.93163940975,1.30465282976,1.69505429268,286,5.30769230769,1865,27,0,276,10809,
1549,1403715964.03,2,1000,286,286,714,1.99229007042,1.28611030607,1.81835770607,286,5.51748251748,1968,28,0,276,10809,
1550,1403715964.08,2,1002,279,279,723,1.96693404761,1.25348227432,1.74824464321,279,5.44802867384,1865,27,1,276,10809,
1551,1403715964.13,2,1000,333,333,667,1.97694302581,1.34427417522,1.6396292448,333,5.4984984985,1901,28,0,277,10845,
1552,1403715964.18,2,1003,340,340,663,1.77684350351,1.22166470607,1.4827272892,340,5.22647058824,1825,27,0,277,10845,
1553,1403715964.23,2,1004,318,318,686,1.67113291107,1.09331497588,1.45797097683,318,5.45283018868,1825,27,1,277,10845,
1554,1403715964.28,2,1006,319,319,687,1.76972458843,1.16893643703,1.52694582939,319,5.96865203762,1790,24,0,278,10885,
1555,1403715964.33,2,1006,337,337,669,1.688979862,1.17049082659,1.396225214,337,5.85163204748,1865,28,1,278,10885,
1556,1403715964.38,2,1001,363,363,638,1.61988557756,1.19389808063,1.29243552685,363,6.36639118457,1959,30,0,279,10903,
1557,1403715964.43,2,1003,413,413,590,1.45613941683,1.07712059701,1.17358624935,413,6.37530266344,1959,30,0,279,10903,
1558,1403715964.48,2,1005,401,401,604,1.45160594546,1.12336431492,1.08919870853,401,6.41645885287,2062,31,0,279,10903,
1559,1403715964.53,2,1003,393,393,610,1.39065582874,1.05503837547,1.13383865356,393,6.41984732824,1959,30,0,279,10903,
1560,1403715964.58,2,1004,388,388,616,1.49391984556,1.00481017109,1.27019822598,388,6.49226804124,1959,30,0,279,10903,
1561,1403715964.63,2,1004,370,370,634,1.55297351361,1.16433813854,1.19267034531,370,6.44594594595,2062,31,0,279,10903,
1562,1403715964.68,2,1006,377,377,629,1.49340730506,1.15253035527,1.17382502556,377,6.5198938992,1959,30,0,279,10903,
1563,1403715964.73,2,1006,356,356,650,1.54272764539,1.17776522678,1.21285307407,356,6.44382022472,1959,30,1,279,10903,
1564,1403715964.78,2,1000,436,436,564,1.56741029662,1.08717425855,1.36335349083,436,6.79128440367,2028,31,0,280,10972,
1565,1403715964.83,2,1003,399,399,604,1.57742916817,1.13352935455,1.36719357967,399,6.7619047619,2028,31,1,280,10972,
1566,1403715964.88,2,1004,402,402,602,1.56366842292,1.09581472873,1.28732299805,402,7.69154228856,2080,32,0,281,11024,
1567,1403715964.93,2,1001,397,397,604,1.47270869384,1.07019431768,1.24526929855,397,7.53652392947,2080,32,1,281,11024,
1568,1403715964.98,2,1000,403,403,597,1.43957259526,1.08941903985,1.2094925642,403,8.158808933,2112,33,0,282,11056,
1569,1403715965.03,2,1004,381,381,623,1.55244564122,1.08034196833,1.26464688778,381,7.87664041995,2112,33,0,282,11056,
1570,1403715965.08,2,1003,350,350,653,1.61246229033,1.14051088987,1.34059166908,350,7.90571428571,2112,33,1,282,11056,
1571,1403715965.13,2,1003,379,379,624,1.63267995447,1.21385005576,1.31695866585,379,7.9709762533,2145,34,0,283,11089,
1572,1403715965.18,2,1004,380,380,624,1.59544765042,1.24585259301,1.30095672607,380,7.93157894737,2145,34,0,283,11089,
1573,1403715965.23,2,983,375,375,608,1.56180745653,1.15918903805,1.30363452435,375,8,2145,34,0,283,11089,
1574,1403715965.28,2,977,370,370,607,1.69542260625,1.16922693016,1.41900503635,370,8.14594594595,2145,34,1,283,11089,
1575,1403715965.33,2,997,413,413,584,1.79459398086,1.21107953892,1.56832385063,413,8.76513317191,2180,35,0,284,11124,
1576,1403715965.38,2,992,404,404,588,1.69943416123,1.17427075456,1.48679375648,404,8.7004950495,2180,35,0,284,11124,
1577,1403715965.43,2,1001,431,431,570,1.56356485691,1.05300326879,1.39038336277,431,9.0464037123,2180,35,1,284,11124,
1578,1403715965.48,2,1004,443,443,561,1.63596137986,1.10480033565,1.40123212337,443,9.39729119639,2079,34,0,285,11161,
1579,1403715965.53,2,1002,439,439,563,1.62173164917,1.05419040634,1.38396346569,439,9.00227790433,2078,34,1,285,11160,
1580,1403715965.58,2,1004,424,424,580,1.68072954715,1.05557814753,1.51717913151,424,10.0117924528,2136,36,0,286,11156,
1581,1403715965.63,2,1005,455,455,550,1.588341066,1.08494733504,1.34291875362,455,9.81538461538,2134,36,0,286,11154,
1582,1403715965.68,2,1003,412,412,591,1.69046591848,1.15924118375,1.42640578747,412,10.1116504854,2065,34,1,286,11154,
1583,1403715965.73,2,1002,371,371,631,2.08897435099,1.22351423087,1.88089680672,371,11.0700808625,2096,33,0,287,11191,
1584,1403715965.78,2,1004,330,330,674,2.06471124957,1.18963796509,1.9048832655,330,10.9393939394,2096,33,1,287,11191,
1585,1403715965.83,2,1002,348,348,654,2.04105986927,1.26705669554,1.83417892456,348,10.4597701149,2286,39,0,288,11230,
1586,1403715965.88,2,1006,337,339,669,1.86528541555,1.34802807517,1.57197678089,337,9.72106824926,2286,39,0,287,11214,
1587,1403715965.93,2,1001,316,316,685,1.89520741292,1.33533879469,1.5707719326,316,9.82911392405,2270,38,1,287,11214,
1588,1403715965.98,2,1003,342,342,661,1.76975417296,1.26243784196,1.45954287052,342,9.73099415205,2351,39,0,288,11295,
1589,1403715966.03,2,1001,333,333,668,1.7651696336,1.40838952533,1.34133219719,333,9.25225225225,2350,39,0,288,11294,
1590,1403715966.08,2,1001,304,304,697,1.78018592531,1.31306429638,1.46993422508,304,8.93092105263,2350,39,1,288,11294,
1591,1403715966.13,2,1003,378,378,625,1.80387960774,1.32319684233,1.40617692471,378,8.73544973545,2401,40,0,289,11345,
1592,1403715966.18,2,1002,319,319,683,1.94731265426,1.36871698725,1.60153067112,319,9.15987460815,2401,40,0,289,11345,
1593,1403715966.23,2,1003,310,310,693,1.72488949929,1.11692817881,1.49568355083,310,8.40322580645,2400,40,1,289,11344,
1594,1403715966.28,2,1001,371,371,630,1.78310003844,1.28175936883,1.52080500126,371,8.70080862534,2437,41,0,290,11381,
1595,1403715966.33,2,1001,369,369,632,1.68433189687,1.26838901352,1.3532961607,369,8.45257452575,2437,41,0,290,11381,
1596,1403715966.38,2,1002,390,390,612,1.7263444335,1.26229361705,1.3946993351,390,8.42051282051,2437,41,0,290,11381,
1597,1403715966.43,2,992,362,362,630,1.8189071831,1.22947824743,1.53254640102,362,8.90055248619,2437,41,0,290,11381,
1598,1403715966.48,2,962,339,339,623,1.99063295962,1.23173268914,1.82332885265,339,9.78466076696,2437,41,1,290,11381,
1599,1403715966.53,2,964,376,376,588,1.85665381308,1.23393800947,1.55144131184,376,10.664893617,2442,42,0,291,11386,
1600,1403715966.58,2,932,363,363,569,1.78692333572,1.18548774476,1.56172418594,363,11.8484848485,2442,42,0,291,11386,
1601,1403715966.63,2,956,376,376,580,1.79385050763,1.27068280456,1.54137647152,376,11.4441489362,2426,41,1,290,11370,
1602,1403715966.68,2,1004,406,406,598,1.712489076,1.11033278035,1.50362670422,406,11.9975369458,2447,42,0,291,11391,
1603,1403715966.73,2,1003,402,402,601,1.73761430942,1.15821086154,1.49995076656,402,11.8407960199,2447,42,0,291,11391,
1604,1403715966.78,2,1003,417,417,586,1.71497835356,1.14095721256,1.4382455349,417,11.3693045564,2447,42,1,291,11391,
1605,1403715966.83,2,1006,377,377,629,1.76233649572,1.07934273757,1.52111423016,377,11.9840848806,2436,43,0,292,11380,
1606,1403715966.88,2,1006,396,396,610,1.62346666163,1.06332785642,1.44740533829,396,11.6742424242,2436,43,0,292,11380,
1607,1403715966.93,2,1002,412,412,590,1.60726937778,1.05194928355,1.40031242371,412,11.8373786408,2360,42,1,292,11380,
1608,1403715966.98,2,1001,389,389,612,1.67332709182,1.08722590976,1.44380187988,389,13.028277635,2364,43,0,293,11384,
1609,1403715967.03,2,1001,335,335,666,2.0703704568,1.23137216,1.84263575077,335,12.7910447761,2440,44,0,293,11384,
1610,1403715967.08,2,1004,288,288,716,2.06223542541,1.33187730862,1.87457942963,288,12.25,2421,43,1,292,11365,
1611,1403715967.13,2,1005,307,307,698,2.05887194509,1.37300644921,1.87458002567,307,11.9022801303,2477,44,0,293,11421,
1612,1403715967.18,2,1004,306,306,698,2.11882249841,1.31736029302,1.91379845142,306,11.4640522876,2477,44,0,293,11421,
1613,1403715967.23,2,1001,285,285,716,2.00291848619,1.28212361367,1.75164222717,285,11.0912280702,2477,44,1,293,11421,
1614,1403715967.28,2,1000,317,317,683,1.9451390113,1.31477122376,1.68917155266,317,10.4479495268,2539,45,0,294,11483,
1615,1403715967.33,2,1002,299,299,703,2.00486187669,1.35316508653,1.73922204971,299,10.3612040134,2539,45,0,294,11483,
1616,1403715967.38,2,1002,283,283,719,1.96651933874,1.50231693082,1.6186978817,283,9.74204946996,2530,44,1,293,11474,
1617,1403715967.43,2,994,292,292,702,1.92588488263,1.35024826023,1.57311022282,292,9.29452054795,2563,45,0,294,11507,
1618,1403715967.48,2,992,295,295,697,1.82031595965,1.32814750674,1.52481162548,295,9.36271186441,2563,45,0,294,11507,
1619,1403715967.53,2,990,306,306,684,1.92410618598,1.47789792322,1.63528740406,306,9.1568627451,2547,44,1,293,11491,
1620,1403715967.58,2,978,328,328,650,1.75735569211,1.21977219699,1.46109580994,328,9.59451219512,2584,45,0,294,11528,
1621,1403715967.63,2,970,326,326,644,1.82369694749,1.294948937,1.52910161018,326,10.0306748466,2584,45,0,294,11528,
1622,1403715967.68,2,890,292,292,598,1.88198285912,1.22280595257,1.62076842785,292,9.90068493151,2666,45,1,293,11510,
1623,1403715967.73,2,969,336,336,633,1.89412215042,1.10552628723,1.73272705078,336,10.2648809524,2574,45,0,294,11521,
1624,1403715967.78,2,951,325,325,626,1.94272730391,1.28216991215,1.7209290266,325,10.2861538462,2574,45,0,294,11521,
1625,1403715967.83,2,946,298,298,648,1.74015282089,1.1669549786,1.49783313274,298,10.3120805369,2572,45,1,294,11519,
1626,1403715967.88,2,981,343,343,638,1.77972184647,1.21909322148,1.58526909351,343,10.527696793,2598,46,0,295,11545,
1627,1403715967.93,2,982,305,305,677,1.83707428538,1.38048405291,1.48203027248,305,11.537704918,2598,46,0,295,11545,
1628,1403715967.98,2,971,288,288,683,1.76263771579,1.1683573127,1.54309201241,288,11.8194444444,2597,46,1,295,11544,
1629,1403715968.03,2,1001,325,325,676,1.73361258844,1.17225322833,1.51827013493,325,12.2276923077,2628,47,0,296,11575,
1630,1403715968.08,2,1001,335,335,666,1.65668969044,1.0840179748,1.44016039371,335,12.0985074627,2628,47,0,296,11575,
1631,1403715968.13,2,1000,318,318,682,1.63013296054,0.99222252086,1.44769871235,318,12.2327044025,2624,47,1,296,11571,
1632,1403715968.18,2,1002,345,345,657,1.68418061399,1.13767311104,1.48619759083,345,12.3333333333,2629,48,0,297,11576,
1633,1403715968.23,2,1007,347,347,660,1.70960081734,1.21970295405,1.51791465282,347,12.2708933718,2629,48,0,297,11576,
1634,1403715968.28,2,1002,368,368,634,1.54396618697,1.01272772453,1.34936320782,368,11.839673913,2617,47,0,296,11564,
1635,1403715968.33,2,1001,336,336,665,1.51971928079,0.96018078065,1.35384202003,336,11.9047619048,2617,47,1,296,11564,
1636,1403715968.38,2,1005,384,384,621,1.56550030781,1.16693381469,1.33300757408,384,11.8020833333,2624,48,0,297,11571,
1637,1403715968.43,2,1006,367,367,639,1.58478736855,1.13143323509,1.36365485191,367,11.9945504087,2624,48,0,297,11571,
1638,1403715968.48,2,1001,386,386,615,1.65780675712,1.29100624279,1.2854064703,386,11.8238341969,2727,49,0,297,11571,
1639,1403715968.53,2,1001,358,358,643,1.57036826891,1.13650915733,1.26234960556,358,11.5223463687,2624,48,1,297,11571,
1640,1403715968.58,2,1004,402,402,602,1.67263074531,1.25456964298,1.38884961605,402,11.1094527363,2679,49,0,298,11626,
1641,1403715968.63,2,985,381,381,604,1.61750579962,1.12927720036,1.42298924923,381,11.1496062992,2679,49,0,298,11626,
1642,1403715968.68,2,995,383,383,612,1.51440398078,1.10680041683,1.36049818993,383,10.4255874674,2665,48,1,297,11612,
1643,1403715968.73,2,987,412,412,575,1.65233524417,1.21059623602,1.37042164803,412,11.0461165049,2709,49,0,298,11656,
1644,1403715968.78,2,974,354,354,620,1.66464587324,1.31251962809,1.33649122715,354,10.8502824859,2709,49,0,298,11656,
1645,1403715968.83,2,979,352,352,627,1.58708625012,1.13853219172,1.32619512081,352,10.4204545455,2709,49,1,298,11656,
1646,1403715968.88,2,975,395,395,580,1.56087877334,1.14168256232,1.30399596691,395,10.4050632911,2692,49,0,299,11715,
1647,1403715968.93,2,990,400,400,590,1.55620113976,1.13392701792,1.28980529308,400,10.47,2630,48,0,299,11715,
1648,1403715968.98,2,987,362,362,625,1.55333121909,1.07511252206,1.32970440388,362,10.2790055249,2630,48,1,299,11715,
1649,1403715969.03,2,957,363,363,594,1.73920720348,1.12853435386,1.53937196732,363,11.6887052342,2713,50,0,300,11736,
1650,1403715969.08,2,963,301,301,662,2.02988462153,1.326670626,1.83203315735,301,12.2624584718,2789,51,0,300,11736,
1651,1403715969.13,2,945,223,223,722,2.5096520682,1.40155678033,2.22078609467,223,12.5156950673,2776,50,1,299,11723,
1652,1403715969.18,2,909,232,232,677,2.20075749291,1.23460824718,1.96820104122,232,11.6767241379,2732,50,0,300,11755,
1653,1403715969.23,2,978,256,256,722,2.10603161569,1.19534242236,1.98403048515,256,12.515625,2670,49,0,300,11755,
1654,1403715969.28,2,993,278,278,715,2.08072092514,1.10100744508,1.95976161957,278,11.6510791367,2806,51,1,300,11753,
1655,1403715969.33,2,1004,335,335,669,1.68437399641,1.13190027968,1.54003119469,335,11.8835820896,2923,53,0,301,11767,
1656,1403715969.38,2,1002,256,256,746,1.78491175885,1.0215807634,1.61544370651,256,11.83984375,2675,49,0,301,11767,
1657,1403715969.43,2,1002,242,242,760,1.61257405576,1.06084664528,1.41911315918,242,11.5289256198,2658,48,1,300,11750,
1658,1403715969.48,2,1005,259,259,746,1.53658166233,0.968829144725,1.34235990047,259,10.8571428571,2746,49,0,301,11770,
1659,1403715969.53,2,1005,237,237,768,1.40404540835,0.878334780166,1.22488021851,237,10.3459915612,2746,49,0,301,11770,
1660,1403715969.58,2,1002,219,219,783,1.52034047789,1.06526457945,1.2986972332,219,10.9315068493,2562,43,1,300,11763,
1661,1403715969.63,2,1003,298,298,705,1.45062267293,0.960924638084,1.26451909542,298,9.90604026846,2806,48,0,301,11830,
1662,1403715969.68,2,1006,315,315,691,1.49160952378,1.02716199587,1.27047908306,315,9.5619047619,2812,50,0,301,11830,
1663,1403715969.73,2,1004,341,341,663,1.46462299995,1.03197193553,1.29026532173,341,10.1935483871,2812,50,0,301,11830,
1664,1403715969.78,2,1006,345,345,661,1.68011270079,1.03690241558,1.49122202396,345,10.3942028986,2812,50,0,301,11830,
1665,1403715969.83,2,1004,345,345,659,1.78290750762,0.943649068281,1.67589235306,345,11.0260869565,2812,50,0,301,11830,
1666,1403715969.88,2,1005,326,326,679,1.83142606126,1.094940326,1.67475628853,326,11.2852760736,2880,52,0,301,11830,
1667,1403715969.93,2,1002,305,305,697,1.84424143111,1.15918860627,1.61229288578,305,11.8098360656,2880,52,0,301,11830,
1668,1403715969.98,2,1005,334,334,671,1.94051542561,1.13678941744,1.78244173527,334,12.3592814371,2819,51,1,301,11830,
1669,1403715970.03,2,1000,379,379,621,1.80927883897,1.1288176175,1.63590061665,379,12.5408970976,2829,52,0,302,11840,
1670,1403715970.08,2,1003,344,344,659,1.76582610196,1.14416565691,1.5498071909,344,12.8168604651,2755,51,0,302,11840,
1671,1403715970.13,2,997,335,335,662,1.69262160697,1.13185928799,1.45827579498,335,11.9373134328,2728,49,1,300,11813,
1672,1403715970.18,2,996,347,347,649,1.74883806894,1.26762722016,1.45904457569,347,11.4005763689,2811,51,0,301,11822,
1673,1403715970.23,2,996,331,331,665,1.77730975188,1.23473871101,1.4372266531,331,11.8882175227,2737,50,0,301,11822,
1674,1403715970.28,2,990,316,316,674,1.69357185783,1.27618319728,1.32095170021,316,11.003164557,2735,50,1,301,11820,
1675,1403715970.33,2,1001,363,363,638,1.70660089714,1.27325362243,1.38982284069,363,10.391184573,2753,51,0,302,11838,
1676,1403715970.38,2,1003,336,336,667,1.82398045696,1.39047781601,1.50877523422,336,10.9642857143,2753,51,0,302,11838,
1677,1403715970.43,2,996,321,321,675,1.73630808763,1.28439111944,1.52957260609,321,10.6230529595,2753,51,1,302,11838,
1678,1403715970.48,2,1001,360,360,641,1.79768501982,1.41858629879,1.44383692741,360,10.2083333333,2857,53,0,303,11880,
1679,1403715970.53,2,987,313,313,674,1.89684980225,1.41038006323,1.53185915947,313,9.90734824281,2857,53,0,303,11880,
1680,1403715970.58,2,987,303,303,684,1.93049345831,1.35870461723,1.67910170555,303,10.1518151815,2774,51,1,302,11859,
1681,1403715970.63,2,982,282,282,700,2.03398484315,1.28630898828,1.83917343616,282,10.0957446809,2784,49,0,303,11895,
1682,1403715970.68,2,995,314,314,681,1.89686679695,1.22411750918,1.703794837,314,10.0859872611,2810,52,0,303,11895,
1683,1403715970.73,2,977,264,264,713,2.04076932331,1.33993483308,1.75789952278,264,10.9507575758,2802,50,1,303,11893,
1684,1403715970.78,2,969,241,241,728,2.08613359387,1.27848732103,1.91635024548,241,11.1369294606,2823,53,0,304,11908,
1685,1403715970.83,2,966,243,243,723,1.98364479082,1.29762417527,1.70667088032,243,10.9465020576,2817,51,0,304,11908,
1686,1403715970.88,2,1001,208,208,793,1.90674757957,1.12058441871,1.69378554821,208,10.9182692308,2509,42,1,304,11908,
1687,1403715970.93,2,1003,283,283,720,1.71265390342,1.02757895267,1.53346657753,283,9.6183745583,2800,51,0,305,11945,
1688,1403715970.98,2,1002,269,269,733,1.5868736227,1.15729369978,1.27779233456,269,9.45353159851,2791,49,0,305,11944,
1689,1403715971.03,2,1005,227,227,778,1.76075909716,1.22862022242,1.53899228573,227,8.73127753304,2568,44,1,305,11944,
1690,1403715971.08,2,1005,281,281,724,1.67637850361,1.2716106638,1.43367695808,281,8.06761565836,2652,45,0,306,12028,
1691,1403715971.13,2,1005,267,267,738,1.67197477059,1.07439602508,1.49442434311,267,8.2808988764,2651,45,0,306,12027,
1692,1403715971.18,2,1004,270,270,734,1.71017782031,1.06097965014,1.46700179577,270,8.2,2651,45,0,306,12027,
1693,1403715971.23,2,1005,295,295,710,1.80608576859,1.12180651814,1.57618975639,295,8.22711864407,2602,43,0,306,12027,
1694,1403715971.28,2,1006,266,266,740,1.80886555547,1.1442906236,1.5925617218,266,8.63909774436,2681,44,1,306,12027,
1695,1403715971.33,2,1006,330,330,676,2.0012777906,1.30023291971,1.70650994778,330,8.60606060606,2970,51,0,307,12123,
1696,1403715971.38,2,1010,311,311,699,2.07043934901,1.27654515441,1.78402590752,311,9.66237942122,2777,45,0,307,12123,
1697,1403715971.43,2,1004,304,304,700,2.05214100549,1.39411677981,1.70664727688,304,9.67105263158,2577,42,1,306,12107,
1698,1403715971.48,2,1001,314,314,687,1.94237765226,1.38070100773,1.64374411106,314,9.90445859873,2816,45,0,307,12162,
1699,1403715971.53,2,1002,258,258,744,2.11290642391,1.48043849731,1.79716360569,258,10.492248062,2816,45,0,307,12162,
1700,1403715971.58,2,998,262,262,736,1.97039005615,1.43297607164,1.61092400551,262,9.70610687023,3021,51,1,307,12160,
1701,1403715971.63,2,971,275,275,696,1.9102032682,1.31756778579,1.67487132549,275,10.6254545455,2801,46,0,308,12147,
1702,1403715971.68,2,970,271,271,699,1.99363396299,1.33465817767,1.73312950134,271,9.47970479705,2617,44,0,308,12147,
1703,1403715971.73,2,955,264,264,691,2.02597955888,1.55062444874,1.63595438004,264,8.87878787879,2616,44,1,308,12146,
1704,1403715971.78,2,980,245,245,735,1.69748176044,1.23052102282,1.40299522877,245,8.9306122449,2614,42,0,309,12178,
1705,1403715971.83,2,971,237,237,734,1.8466540211,1.17575111828,1.55889511108,237,9.27848101266,2648,45,0,309,12178,
1706,1403715971.88,2,968,235,235,733,1.47046280326,0.825816811885,1.30319321156,235,8.47659574468,2637,44,1,308,12167,
1707,1403715971.93,2,969,272,272,697,1.49926020132,1.04198655024,1.25823032856,272,7.98529411765,2464,41,0,309,12231,
1708,1403715971.98,2,963,275,275,688,1.51521400102,0.974580302419,1.31286728382,275,7.69090909091,2460,41,0,309,12230,
1709,1403715972.03,2,954,269,269,685,1.49359773595,1.15812563323,1.21531963348,269,7.9219330855,2361,40,1,309,12230,
1710,1403715972.08,2,991,297,297,694,1.45535495837,1.10646711853,1.12358617783,297,8.10101010101,2404,41,0,310,12273,
1711,1403715972.13,2,994,290,290,704,1.43517700154,1.05303779744,1.22553479671,290,8.15862068966,2404,41,0,310,12273,
1712,1403715972.18,2,972,279,279,693,1.40169884044,1.08086762274,1.14855372906,279,8.18279569892,2404,42,1,310,12269,
1713,1403715972.23,2,990,323,323,667,1.42569891216,1.07470292634,1.19409930706,323,8.13312693498,2481,42,0,311,12350,
1714,1403715972.28,2,987,325,325,662,1.35424393388,1.05526963363,1.09467029572,325,8.02153846154,2480,42,0,311,12349,
1715,1403715972.33,2,995,306,306,689,1.33344989869,0.998589728129,1.03327524662,306,8.06535947712,2484,43,1,311,12349,
1716,1403715972.38,2,1001,348,348,653,1.48704882598,1.17882916349,1.1417132616,348,8.21264367816,2540,43,0,312,12409,
1717,1403715972.43,2,1001,345,346,656,1.55506599232,1.23793710829,1.22019636631,345,8.06956521739,2540,43,0,312,12407,
1718,1403715972.48,2,999,417,419,582,1.70436847939,1.26196515549,1.33270704746,417,10.0815347722,6509,121,0,312,12330,
1719,1403715972.53,2,994,385,385,609,1.84997405001,1.29183357907,1.55337834358,385,12.4337662338,6262,120,0,312,12181,
1720,1403715972.58,2,985,376,376,609,1.85026010137,1.3037492793,1.55282974243,376,12.5957446809,6091,117,0,312,12181,
1721,1403715972.63,2,979,382,382,597,1.82360128666,1.21343865592,1.55518686771,382,11.9031413613,6345,124,0,312,12181,
1722,1403715972.68,2,995,333,333,662,1.93891683348,1.28936736859,1.63784515858,333,12.7597597598,6364,123,0,312,12181,
1723,1403715972.73,2,983,273,273,710,2.74698307881,1.38864107546,2.62982559204,273,14.2197802198,6713,127,1,312,12181,
1724,1403715972.78,2,942,331,331,611,2.22635707378,1.29718536103,2.01128029823,331,17.0483383686,7092,148,0,313,12154,
1725,1403715972.83,2,995,294,294,701,1.98790691788,1.2788805868,1.78663158417,294,19.1020408163,7182,152,0,313,12154,
1726,1403715972.88,2,994,287,287,707,2.19368441782,1.46345532015,1.83540523052,287,18.6306620209,7245,154,0,313,12154,
1727,1403715972.93,2,1004,293,293,711,2.08195338197,1.4002242028,1.78454315662,293,19.3242320819,7245,154,0,313,12154,
1728,1403715972.98,2,998,293,293,705,2.06481050781,1.44476284569,1.76310026646,293,18.9897610922,7217,153,0,313,12154,
1729,1403715973.03,2,1001,297,297,704,2.13140717126,1.41012658346,1.78505313396,297,18.6599326599,7128,149,0,313,12154,
1730,1403715973.08,2,999,293,293,706,2.23611438702,1.3563351229,1.95444762707,293,17.8225255973,7209,152,0,313,12154,
1731,1403715973.13,2,997,310,310,687,2.15227524177,1.42441429953,1.84348404408,310,17.564516129,7211,153,0,313,12154,
1732,1403715973.18,2,1006,317,317,689,2.18661070963,1.54106005937,1.82566618919,317,17.8107255521,7211,153,0,313,12154,
1733,1403715973.23,2,1004,377,377,627,1.7832103894,1.28095666145,1.41179430485,377,15.4403183024,7105,149,0,313,12147,
1734,1403715973.28,2,1003,403,403,600,1.73084378226,1.1968279967,1.48259961605,403,14.7320099256,7136,149,0,311,12119,
1735,1403715973.33,2,1004,419,419,585,1.77215346103,1.2456148234,1.51028287411,419,14.5680190931,7260,155,0,311,12119,
1736,1403715973.38,2,1003,447,447,556,1.79118683358,1.27340913826,1.51656746864,447,14.1789709172,7260,154,0,311,12119,
1737,1403715973.43,2,1005,404,404,601,1.77063591365,1.23713617476,1.49320828915,404,14.5742574257,7260,155,0,311,12119,
1738,1403715973.48,2,1004,410,410,594,1.77739224547,1.22008110146,1.48992264271,410,14.3926829268,7260,155,0,311,12119,
1739,1403715973.53,2,1006,391,391,615,1.78316318382,1.11197218888,1.62502753735,391,14.1662404092,7260,155,0,311,12119,
1740,1403715973.58,2,1006,388,388,618,1.7780495059,1.21208954563,1.46364057064,388,13.9020618557,7260,154,0,311,12119,
1741,1403715973.63,2,1006,386,386,620,1.84386038975,1.2195294995,1.64909040928,386,14.3575129534,7260,153,0,311,12119,
1742,1403715973.68,2,1005,378,378,627,1.7462763262,1.09388641844,1.5712095499,378,14.3756613757,7359,155,0,311,12119,
1743,1403715973.73,2,1005,376,376,629,1.82622854622,1.1665386012,1.57381665707,376,14.625,7359,156,0,311,12119,
1744,1403715973.78,2,1005,373,373,632,1.77890094715,1.31754195432,1.49462223053,373,13.9008042895,7260,155,0,311,12119,
1745,1403715973.83,2,1005,353,353,652,1.80443547202,1.20469310729,1.5350124836,353,14.5637393768,7260,154,0,311,12119,
1746,1403715973.88,2,1005,357,357,648,1.74790854568,1.12291180835,1.60252857208,357,13.8459383754,7238,153,0,311,12119,
1747,1403715973.93,2,1004,354,354,650,1.83931387441,1.15495143507,1.64429187775,354,13.7514124294,7337,154,0,311,12119,
1748,1403715973.98,2,1008,364,364,644,1.8267300192,1.22285903026,1.61764657497,364,13.7802197802,7337,154,0,311,12119,
1749,1403715974.03,2,1005,358,358,647,1.82561924104,1.25484143499,1.58364486694,358,14.0837988827,7359,155,0,311,12119,
1750,1403715974.08,2,1006,354,354,652,1.84245504216,1.24001973815,1.60085964203,354,14.4209039548,7359,154,0,311,12119,
1751,1403715974.13,2,1007,358,358,649,1.78668482781,1.12634569521,1.50243520737,358,14.2765363128,7260,153,0,311,12119,
1752,1403715974.18,2,1008,376,376,632,1.74878922634,1.20617594488,1.53114151955,376,14.4042553191,7359,156,0,311,12119,
1753,1403715974.23,2,1005,396,396,609,1.82699029725,1.25119410478,1.53449189663,396,14.3611111111,7359,156,0,311,12119,
1754,1403715974.28,2,1001,371,371,630,1.82877265357,1.23740021815,1.50759196281,371,14.2452830189,7337,155,0,311,12119,
1755,1403715974.33,2,1008,381,381,627,1.79603001014,1.19745200917,1.5387750864,381,14.9265091864,7337,155,0,311,12119,
1756,1403715974.38,2,1003,371,371,632,1.8038288224,1.2581147566,1.51074838638,371,14.9380053908,7359,156,1,311,12119,
1757,1403715974.43,2,1006,368,368,638,1.76321853845,1.27253650881,1.48953747749,368,16.5815217391,7300,158,0,312,11997,
1758,1403715974.48,2,1002,379,379,623,1.87302704109,1.21334394453,1.5643851757,379,16.2770448549,7237,156,0,312,11997,
1759,1403715974.53,2,1004,401,401,603,1.84915538246,1.19154124035,1.59593653679,401,16.0224438903,7300,157,0,312,11997,
1760,1403715974.58,2,1006,389,389,617,1.87228675495,1.26584661233,1.52011525631,389,15.9331619537,7237,158,0,312,11997,
1761,1403715974.63,2,1004,369,369,635,1.91542033974,1.38150364543,1.49744558334,369,16.4254742547,7138,156,0,312,11997,
1762,1403715974.68,2,1006,372,372,634,1.90114004383,1.35781298652,1.51519489288,372,16.2177419355,7237,157,0,312,11997,
1763,1403715974.73,2,1007,373,373,634,1.96028231629,1.27934350525,1.70300519466,373,16.3485254692,7237,157,0,312,11997,
1764,1403715974.78,2,1006,361,361,645,1.86235902255,1.2822052101,1.51681256294,361,16.2936288089,7300,158,0,312,11997,
1765,1403715974.83,2,1002,354,354,648,1.92649028463,1.2704186622,1.65778183937,354,16.7796610169,7300,158,0,312,11997,
1766,1403715974.88,2,1005,348,348,657,1.97948496001,1.29386334659,1.74920773506,348,16.3965517241,7215,156,0,312,11997,
1767,1403715974.93,2,1003,396,396,607,1.74467529223,1.21004497919,1.50652992725,396,16.0429292929,7047,152,0,312,11996,
1768,1403715974.98,2,1003,393,393,610,1.83591776412,1.30884014484,1.51534950733,393,16.0941475827,7343,157,0,310,11972,
1769,1403715975.03,2,1004,425,425,579,1.93967688683,1.3494124422,1.69195044041,425,16.0682352941,7385,158,1,310,11972,
1770,1403715975.08,2,1002,411,415,591,1.8610269082,1.34076819397,1.54409432411,411,17.0243309002,7305,156,0,311,11939,
1771,1403715975.13,2,1003,407,407,596,1.90962856122,1.37391137558,1.56844842434,407,17.0761670762,7215,154,0,311,11929,
1772,1403715975.18,2,1004,409,409,595,1.99627452399,1.36746417602,1.67793405056,409,16.9437652812,7145,152,0,311,11929,
1773,1403715975.23,2,1008,406,406,602,1.89306949148,1.31276048344,1.65833437443,406,16.7487684729,7179,153,0,311,11929,
1774,1403715975.28,2,1005,397,397,608,2.06572812176,1.43185231191,1.73703312874,397,16.8765743073,7187,155,0,311,11929,
1775,1403715975.33,2,1007,388,388,619,1.91288635713,1.40971849781,1.60855770111,388,17.1005154639,7106,153,0,311,11929,
1776,1403715975.38,2,1007,399,399,608,1.94820405881,1.35086864874,1.66126346588,399,17.5112781955,7106,153,0,311,11929,
1777,1403715975.43,2,1007,379,379,628,1.89842631807,1.31940967414,1.66480541229,379,17.6042216359,7217,156,0,311,11929,
1778,1403715975.48,2,1006,361,361,645,1.98019515082,1.42190152819,1.72261202335,361,17.9529085873,7187,155,0,311,11929,
1779,1403715975.53,2,1008,392,392,616,2.05848529948,1.51452104869,1.6938419342,392,17.1454081633,7147,154,0,311,11929,
1780,1403715975.58,2,1005,383,383,622,1.96340173433,1.35742862796,1.63626003265,383,17.3211488251,7147,154,0,311,11929,
1781,1403715975.63,2,1005,431,431,574,1.99984623419,1.51560072207,1.66133952141,431,16.7517401392,7145,154,0,311,11929,
1782,1403715975.68,2,1006,415,415,591,1.93122963171,1.38321755567,1.67448449135,415,16.7036144578,7145,154,0,311,11929,
1783,1403715975.73,2,1006,414,414,592,1.84407117029,1.34682226995,1.52022635937,414,16.7946859903,7145,154,1,311,11929,
1784,1403715975.78,2,1005,449,449,556,1.8283400797,1.39161889152,1.40726256371,449,17.9777282851,7102,154,0,312,11877,
1785,1403715975.83,2,1008,448,448,560,1.81408683518,1.33599846812,1.43410038948,448,17.8816964286,7093,154,0,312,11877,
1786,1403715975.88,2,1003,423,423,580,1.80311471929,1.37001124684,1.45786976814,423,18.0236406619,7093,154,0,312,11877,
1787,1403715975.93,2,1000,428,428,572,1.83403356882,1.39837705781,1.41339075565,428,17.4018691589,7091,153,0,312,11877,
1788,1403715975.98,2,1001,438,438,563,1.75750022626,1.3628343929,1.42640376091,438,17.6826484018,7070,149,0,312,11877,
1789,1403715976.03,2,1005,431,431,574,1.76247007453,1.34135403682,1.42293071747,431,18.2737819026,7070,149,0,312,11877,
1790,1403715976.08,2,1006,427,427,579,1.81184192005,1.31281709351,1.51830399036,427,17.7330210773,6992,148,0,312,11877,
1791,1403715976.13,2,1006,428,428,578,1.79799222294,1.34534613124,1.49281167984,428,17.5,7012,150,0,312,11877,
1792,1403715976.18,2,1001,396,396,605,1.86239347505,1.34490318025,1.59728264809,396,18.2449494949,7013,151,0,312,11877,
1793,1403715976.23,2,1011,428,428,583,1.89393864656,1.38499002601,1.52512085438,428,17.2476635514,6902,148,0,312,11877,
1794,1403715976.28,2,1006,435,435,571,1.72009820552,1.31900652311,1.3757724762,435,16.9816091954,6900,147,0,312,11876,
1795,1403715976.33,2,1004,439,439,565,1.60953862334,1.23628720495,1.29466044903,439,17.298405467,6780,145,0,312,11876,
1796,1403715976.38,2,1003,455,455,548,1.65067121311,1.2780775743,1.33115577698,455,17.1824175824,7128,148,0,311,11867,
1797,1403715976.43,2,1005,456,456,549,1.7058275201,1.34293606491,1.38243460655,456,16.9824561404,7028,147,0,311,11867,
1798,1403715976.48,2,1002,456,456,546,1.64874639272,1.30063323917,1.2817517519,456,16.9035087719,6891,147,0,311,11867,
1799,1403715976.53,2,1002,437,437,565,1.66245300161,1.27780233693,1.35644900799,437,17.5308924485,6890,146,1,311,11867,
1800,1403715976.58,2,1005,444,446,561,1.62632224051,1.27752887623,1.29361116886,444,18.6283783784,6829,146,0,312,11828,
1801,1403715976.63,2,1003,440,440,563,1.66593168941,1.19685124882,1.37663340569,440,17.9704545455,6721,145,0,312,11828,
1802,1403715976.68,2,1005,456,456,549,1.7526548694,1.37299046529,1.40816140175,456,18.0811403509,6820,146,0,312,11828,
1803,1403715976.73,2,1005,411,411,594,1.69916993807,1.31697507571,1.31851792336,411,18.3649635036,6962,150,0,312,11828,
1804,1403715976.78,2,1004,442,442,562,1.73150151636,1.30121646714,1.34198594093,442,18.4230769231,6864,151,0,312,11828,
1805,1403715976.83,2,1006,430,430,576,1.77456216006,1.35091464142,1.39012670517,430,18.7906976744,6965,153,0,312,11828,
1806,1403715976.88,2,1002,433,433,569,1.62336126736,1.22721311311,1.2805160284,433,17.974595843,6866,152,0,312,11828,
1807,1403715976.93,2,1006,450,450,556,1.68658454617,1.30605196807,1.38365399837,450,17.8822222222,6944,153,0,312,11828,
1808,1403715976.98,2,1003,414,414,589,1.74759648864,1.42849273972,1.32616174221,414,18.1376811594,7043,155,0,312,11828,
1809,1403715977.03,2,1003,428,428,575,1.71652978975,1.34100560505,1.36210858822,428,17.5630841121,7043,155,0,312,11828,
1810,1403715977.08,2,1003,404,404,599,1.66578130009,1.3875147995,1.25052964687,404,18.2945544554,6944,154,0,312,11828,
1811,1403715977.13,2,1006,395,395,611,1.67033968802,1.39206201507,1.22052598,395,18.1164556962,6944,154,0,312,11828,
1812,1403715977.18,2,1003,407,407,596,1.74571364903,1.3661293867,1.28012061119,407,18.6683046683,6978,155,0,312,11828,
1813,1403715977.23,2,1004,399,399,605,1.63226226885,1.36137264453,1.30340135098,399,17.6541353383,7004,155,0,312,11825,
1814,1403715977.28,2,1005,399,399,606,1.7473824371,1.34441338841,1.38032221794,399,17.3909774436,7008,156,1,311,11815,
1815,1403715977.33,2,1003,418,418,585,1.66239162,1.27934023248,1.33097589016,418,18.3755980861,6948,155,0,312,11802,
1816,1403715977.38,2,1003,391,391,612,1.6420610466,1.21730242539,1.40914511681,391,18.8337595908,6966,155,0,312,11802,
1817,1403715977.43,2,1002,401,401,601,1.68007651929,1.26769565581,1.3729197979,401,18.3541147132,6920,152,0,312,11802,
1818,1403715977.48,2,1002,380,380,622,1.7713414152,1.36395482872,1.41908597946,380,18.6473684211,6991,155,0,312,11802,
1819,1403715977.53,2,1003,383,383,620,1.80454793559,1.39593643364,1.4483743906,383,18.4778067885,6997,156,0,312,11802,
1820,1403715977.58,2,1004,401,401,603,1.79195120157,1.25662658384,1.52174389362,401,18.6184538653,6995,155,0,312,11802,
1821,1403715977.63,2,1002,397,397,605,1.84360653729,1.25763689629,1.53532850742,397,18.4256926952,6981,154,0,312,11802,
1822,1403715977.68,2,1004,371,371,633,1.8272421304,1.24928258419,1.55799746513,371,18.9137466307,6983,152,0,312,11802,
1823,1403715977.73,2,1000,371,371,629,1.81504504228,1.23717532434,1.55096185207,371,18.3935309973,7029,154,0,312,11802,
1824,1403715977.78,2,1003,384,384,619,1.79369394179,1.1865467953,1.53396725655,384,17.5885416667,6936,148,0,310,11783,
1825,1403715977.83,2,1000,379,379,621,1.87311246226,1.21732023095,1.60976970196,379,17.6094986807,6765,144,1,309,11763,
1826,1403715977.88,2,1001,378,378,623,1.86227090154,1.33402057136,1.53908932209,378,19.2275132275,7063,150,0,310,11776,
1827,1403715977.93,2,1000,350,350,650,1.97193307401,1.3148314062,1.66355645657,350,19.1685714286,7136,142,0,310,11776,
1828,1403715977.98,2,1006,319,319,687,1.85976688132,1.19481165343,1.60115432739,319,19.2884012539,7014,143,0,310,11776,
1829,1403715978.03,2,1003,318,318,685,1.78738585646,1.29336581028,1.47858607769,318,19.3710691824,7009,142,0,310,11776,
1830,1403715978.08,2,984,290,290,694,1.9039218749,1.16341716905,1.75369775295,290,18.7482758621,7190,152,0,310,11776,
1831,1403715978.13,2,989,292,292,697,1.83112378579,1.24720616701,1.56826233864,292,19.0273972603,7145,149,0,310,11776,
1832,1403715978.18,2,985,301,301,684,1.8992180175,1.30642986032,1.60386860371,301,18.4418604651,7142,147,0,310,11776,
1833,1403715978.23,2,977,271,271,706,1.99759630925,1.24939439621,1.72974789143,271,19.0073800738,7168,151,0,310,11776,
1834,1403715978.28,2,949,259,259,690,1.91531726528,1.11233002091,1.76706588268,259,18.7374517375,6988,140,0,310,11776,
1835,1403715978.33,2,943,247,247,696,1.91529367661,1.24486200723,1.78559601307,247,18.2469635628,6597,126,0,310,11776,
1836,1403715978.38,2,919,230,230,689,1.8742229588,1.14866226311,1.66646528244,230,19.0130434783,6443,123,1,310,11776,
1837,1403715978.43,2,906,276,276,630,1.85433008743,1.08565627016,1.7318239212,276,18.5326086957,6299,123,0,311,11782,
1838,1403715978.48,2,910,274,274,636,1.84331764199,1.09537238537,1.74096477032,274,18.8540145985,6148,121,0,311,11782,
1839,1403715978.53,2,967,291,291,676,1.87861775919,1.1287618282,1.65587162971,291,18.6563573883,6038,122,0,311,11782,
1840,1403715978.58,2,964,296,296,668,1.94787071818,1.19051649803,1.68856048584,296,19.0777027027,6565,130,0,311,11782,
1841,1403715978.63,2,958,280,280,678,1.95010372052,1.23301684955,1.72120654583,280,19.5428571429,5618,116,0,311,11782,
1842,1403715978.68,2,958,291,291,667,1.89221914282,1.21469647368,1.74927759171,291,18.560137457,5617,116,0,311,11782,
1843,1403715978.73,2,948,243,243,705,1.82800498143,1.30814212264,1.51171994209,243,18.1646090535,5754,121,0,311,11782,
1844,1403715978.78,2,972,266,266,706,1.7277353902,1.12992149331,1.48016762733,266,17.9398496241,5387,118,1,311,11782,
1845,1403715978.83,2,929,309,309,620,1.73749179019,1.21487971993,1.45488536358,309,16.9741100324,5579,119,0,312,11804,
1846,1403715978.88,2,912,297,297,615,1.56806069374,1.00921866164,1.3650393486,297,16.67003367,5525,112,0,312,11804,
1847,1403715978.93,2,877,267,267,610,1.53867897107,1.15994677043,1.26096427441,267,18.1647940075,5354,111,0,312,11804,
1848,1403715978.98,2,830,278,278,552,1.46138808169,1.08035903041,1.20755887032,278,17.6726618705,5493,116,0,312,11804,
1849,1403715979.03,2,837,274,274,563,1.510410778,1.14461368718,1.27934801579,274,17.3211678832,4163,82,0,312,11804,
1850,1403715979.08,2,855,302,302,553,1.51692230365,1.03606220804,1.3339048624,302,17.3940397351,4247,85,0,312,11803,
1851,1403715979.13,2,787,266,266,521,1.62573727191,1.12417628868,1.39748430252,266,17.9323308271,4079,82,1,311,11796,
1852,1403715979.18,2,704,275,275,429,1.64109942973,1.11026078352,1.43478643894,275,18.6145454545,4655,92,0,312,11773,
1853,1403715979.23,2,596,194,194,402,1.71063481797,1.22449041069,1.4989746809,194,19.8608247423,4772,98,0,312,11773,
1854,1403715979.28,2,535,168,168,367,1.70404131613,1.07457197841,1.483902812,168,20.8154761905,4772,98,0,312,11773,
1855,1403715979.33,2,670,229,229,441,1.45357872656,0.818067551584,1.31373548508,229,17.4323144105,4658,95,0,312,11773,
1856,1403715979.38,2,695,224,224,471,1.53304503466,0.935866484801,1.4314776659,224,16.9375,4685,97,0,312,11770,
1857,1403715979.43,2,526,195,195,331,1.52975093191,1.06949798914,1.35509622097,195,17.241025641,4624,95,1,311,11763,
1858,1403715979.48,2,609,194,194,415,1.61212518531,1.04796467767,1.38498044014,194,18.0721649485,5132,99,0,312,11744,
1859,1403715979.53,2,615,172,172,443,1.67166065381,1.25531489418,1.47548305988,172,17.1220930233,5184,99,0,312,11744,
1860,1403715979.58,2,487,144,144,343,1.65043404424,1.14213127411,1.42132437229,144,18.4027777778,5437,107,0,312,11744,
1861,1403715979.63,2,550,138,138,412,1.83832703336,1.10493020687,1.68954765797,138,17.9565217391,5442,107,0,312,11744,
1862,1403715979.68,2,617,152,152,465,1.85261815585,1.30169933697,1.60505771637,152,18.5394736842,5707,118,0,312,11740,
1863,1403715979.73,2,618,156,156,462,2.13368210263,1.5115239878,1.9080439806,156,17.8076923077,5679,123,1,312,11740,
1864,1403715979.78,2,660,187,187,473,1.95533183982,1.29400654317,1.73286724091,187,16.9786096257,5701,124,0,313,11762,
1865,1403715979.83,2,667,190,190,477,2.16488821099,1.58133397952,1.80520343781,190,17.3105263158,5797,129,0,313,11762,
1866,1403715979.88,2,831,174,174,657,2.01470184193,1.32838319227,1.75542795658,174,19.2586206897,5857,130,0,313,11762,
1867,1403715979.93,2,848,194,194,654,2.05414635918,1.26460218642,1.75175559521,194,18.5257731959,6166,137,0,313,11760,
1868,1403715979.98,2,817,180,180,637,2.08339675003,1.36727491368,1.8397384882,180,17.4222222222,5714,126,1,313,11760,
1869,1403715980.03,2,788,201,201,587,2.07537437953,1.31750561525,1.84255921841,201,17.7512437811,5670,125,0,314,11786,
1870,1403715980.08,2,812,201,201,611,2.11648007086,1.29099736074,1.92435193062,201,17.184079602,5670,126,0,314,11786,
1871,1403715980.13,2,889,226,226,663,2.08854325178,1.25510160971,1.8220988512,226,15.9292035398,5852,132,0,314,11786,
1872,1403715980.18,2,854,206,206,648,2.11545189933,1.26994606347,1.95835769176,206,15.9902912621,5828,131,0,314,11786,
1873,1403715980.23,2,866,221,221,645,2.20357467915,1.34590832472,1.94596755505,221,15.5113122172,5705,128,0,314,11786,
1874,1403715980.28,2,796,210,210,586,2.19123422731,1.46478614092,1.83724284172,210,15.3952380952,5632,127,0,314,11785,
1875,1403715980.33,2,683,189,189,494,2.27465075763,1.47407244948,2.06194233894,189,16.8941798942,5866,130,1,313,11778,
1876,1403715980.38,2,819,228,228,591,2.08767609393,1.26899752984,1.86986219883,228,15.6535087719,5680,131,0,314,11774,
1877,1403715980.43,2,786,213,213,573,2.23800504585,1.22722509417,2.06610703468,213,16.3661971831,4939,103,0,314,11774,
1878,1403715980.48,2,855,211,211,644,2.2899883792,1.4413329117,1.96349799633,211,16.4123222749,5237,118,0,314,11774,
1879,1403715980.53,2,879,210,210,669,2.32140801053,1.60852519547,1.91982698441,210,16.8714285714,5237,118,0,314,11774,
1880,1403715980.58,2,960,225,225,735,2.30089503003,1.47016515488,1.91817629337,225,16.7244444444,5386,122,0,314,11774,
1881,1403715980.63,2,983,231,231,752,2.07671270707,1.339728257,1.73077893257,231,16.4891774892,5436,123,0,314,11774,
1882,1403715980.68,2,947,249,249,698,2.41135166909,1.57504306424,2.01410365105,249,16.3493975904,5436,123,1,314,11774,
1883,1403715980.73,2,965,300,300,665,2.23415088198,1.37111360365,1.94599449635,300,14.8333333333,5417,124,0,315,11797,
1884,1403715980.78,2,975,299,299,676,2.117066157,1.21143492452,1.9558069706,299,15.0367892977,5417,124,0,315,11797,
1885,1403715980.83,2,974,283,283,691,2.22788273219,1.3699094932,2.01985383034,283,15.6784452297,5285,123,0,315,11797,
1886,1403715980.88,2,967,261,261,706,2.06356843044,1.29189653858,1.90743947029,261,16.3409961686,5073,119,0,315,11797,
1887,1403715980.93,2,990,265,265,725,2.27329394151,1.35229462375,2.07187986374,265,16.2528301887,5039,117,0,315,11797,
1888,1403715980.98,2,981,249,249,732,2.12537092623,1.33719858964,1.97885358334,249,16.453815261,5022,116,0,315,11797,
1889,1403715981.03,2,1004,289,289,715,2.11931418372,1.38945682544,1.84208369255,289,15.9930795848,5009,108,0,315,11797,
1890,1403715981.08,2,987,271,271,716,2.07625549149,1.16729412174,1.94060432911,271,16.4686346863,5135,110,0,315,11796,
1891,1403715981.13,2,991,247,247,744,2.11059274172,1.33537379948,1.93554997444,247,17.3319838057,5081,106,1,315,11796,
1892,1403715981.18,2,1000,314,314,686,2.03535276865,1.35888477544,1.77017331123,314,15.4936305732,4805,99,0,316,11813,
1893,1403715981.23,2,856,243,243,613,2.08870509793,1.34993463305,1.91364610195,243,13.9958847737,4724,96,0,316,11813,
1894,1403715981.28,2,897,231,231,666,2.2312950848,1.40663701734,1.84907138348,231,16.1904761905,4663,94,0,316,11813,
1895,1403715981.33,2,872,225,225,647,2.19583855119,1.47931560871,1.88325560093,225,14.6133333333,4536,86,0,316,11813,
1896,1403715981.38,2,996,252,252,744,2.23343464123,1.52731978604,1.96668827534,252,15.1031746032,4562,89,0,316,11813,
1897,1403715981.43,2,974,248,248,726,2.12270094556,1.23586079532,1.96031141281,248,14.75,4512,87,0,316,11813,
1898,1403715981.48,2,935,231,231,704,2.1818756962,1.37711751565,1.93878090382,231,14.380952381,4128,70,0,316,11812,
1899,1403715981.53,2,868,210,210,658,1.92679774045,1.24016312116,1.72577118874,210,14.7333333333,4264,73,1,316,11812,
1900,1403715981.58,2,860,267,267,593,2.0851423049,1.41224497323,1.82374215126,267,13.8913857678,3946,68,0,317,11835,
1901,1403715981.63,2,902,267,267,635,1.97338246662,1.28046858179,1.66983890533,267,13.4007490637,4148,71,0,317,11835,
1902,1403715981.68,2,871,256,256,615,2.10691773484,1.29288238651,1.90306460857,256,12.97265625,4288,72,0,317,11835,
1903,1403715981.73,2,876,278,278,598,2.08399494354,1.32718613798,1.74178266525,278,12.0179856115,4221,70,0,317,11833,
1904,1403715981.78,2,830,245,245,585,2.09964332678,1.27438492198,1.84188294411,245,12.5224489796,4166,71,1,317,11833,
1905,1403715981.83,2,902,290,290,612,2.0169451043,1.29275883419,1.78231942654,290,11.4517241379,4560,81,0,318,11870,
1906,1403715981.88,2,884,275,275,609,2.00763919532,1.37249898013,1.7090562582,275,10.2909090909,4416,81,0,318,11870,
1907,1403715981.93,2,904,281,281,623,1.98045896466,1.25876567683,1.71245479584,281,10.8398576512,4530,81,0,318,11870,
1908,1403715981.98,2,933,332,332,601,1.98078858783,1.46944443961,1.63169109821,332,10.4909638554,5857,96,0,318,11868,
1909,1403715982.03,2,922,327,327,595,2.04614045254,1.37452719628,1.79611670971,327,11.1834862385,5985,107,0,318,11868,
1910,1403715982.08,2,938,351,351,587,2.06863265315,1.39499992086,1.74970138073,351,11.3304843305,6197,112,0,318,11868,
1911,1403715982.13,2,940,339,339,601,2.02240854453,1.36172401705,1.73425638676,339,11.4837758112,6133,113,0,318,11868,
1912,1403715982.18,2,958,330,330,628,2.03857925731,1.30553363483,1.80599403381,330,12.3636363636,6016,112,0,318,11868,
1913,1403715982.23,2,941,320,320,621,2.00774740246,1.41293311765,1.60310316086,320,12.496875,6014,111,0,318,11868,
1914,1403715982.28,2,987,348,348,639,2.04540422325,1.39755642687,1.76633739471,348,13.0172413793,5473,105,0,318,11868,
1915,1403715982.33,2,998,341,341,657,2.05052883792,1.38672400089,1.84773814678,341,12.6099706745,5473,105,0,318,11868,
1916,1403715982.38,2,1001,333,333,668,2.04743793079,1.35316146513,1.7710930109,333,12.8108108108,5473,105,0,318,11868,
1917,1403715982.43,2,1002,307,307,695,2.07568051178,1.33793868918,1.87800872326,307,12.7361563518,5530,107,0,318,11868,
1918,1403715982.48,2,998,311,311,687,2.06595050623,1.40660029909,1.75324702263,311,14.0996784566,5573,107,1,318,11868,
1919,1403715982.53,2,1001,326,326,675,2.04875273592,1.29922461682,1.8322378397,326,14.6472392638,5527,108,0,319,11821,
1920,1403715982.58,2,1001,304,304,697,2.08864035325,1.31393161898,1.87758779526,304,14.8684210526,5526,111,0,319,11821,
1921,1403715982.63,2,996,277,277,719,2.03599842899,1.39186673028,1.83617198467,277,15.725631769,5526,111,0,319,11821,
1922,1403715982.68,2,984,285,285,699,2.08954997988,1.35522660373,1.8188444376,285,15.8421052632,5493,110,0,319,11821,
1923,1403715982.73,2,979,290,290,689,2.23086857904,1.4307297406,1.92018270493,290,15.575862069,5641,112,0,319,11821,
1924,1403715982.78,2,966,271,271,695,2.10048739112,1.25133585792,1.90587806702,271,16.2324723247,5902,118,0,319,11821,
1925,1403715982.83,2,999,287,287,712,2.14168616434,1.27487258756,1.83858299255,287,16.6027874564,5826,116,0,319,11820,
1926,1403715982.88,2,992,295,295,697,2.19301632102,1.27355750524,2.06111645699,295,16.2915254237,5769,116,0,319,11820,
1927,1403715982.93,2,996,293,293,703,2.20020058456,1.31093948134,1.92442035675,293,17.2764505119,5922,119,1,319,11820,
1928,1403715982.98,2,978,294,294,684,2.04546120616,1.28697776992,1.83307862282,294,17.537414966,5789,116,0,320,11784,
1929,1403715983.03,2,987,307,307,680,2.18119077239,1.47735903771,1.94755899906,307,17.8338762215,6084,125,0,320,11784,
1930,1403715983.08,2,971,288,288,683,2.05979611158,1.34861462238,1.75984835625,288,16.8819444444,6313,132,0,320,11784,
1931,1403715983.13,2,953,264,264,689,2.19764792528,1.39756548927,1.9589548111,264,17.0416666667,6344,134,0,320,11784,
1932,1403715983.18,2,982,249,249,733,2.28767168917,1.40827332153,2.07380604744,249,17.3694779116,6339,133,0,320,11784,
1933,1403715983.23,2,940,248,248,692,2.11223964474,1.19258074826,1.96251761913,248,17.7338709677,6288,133,0,320,11784,
1934,1403715983.28,2,897,231,231,666,2.09713473377,1.1504651143,1.97827446461,231,16.7705627706,6351,134,0,320,11784,
1935,1403715983.33,2,934,239,239,695,2.14229260454,1.2722132419,1.95947396755,239,17.1046025105,6406,136,0,320,11784,
1936,1403715983.38,2,920,242,242,678,2.20188060046,1.25397007442,2.02061462402,242,17.826446281,6482,141,0,320,11784,
1937,1403715983.43,2,910,241,241,669,2.14637728181,1.11073111239,2.03847455978,241,17.8174273859,6716,146,0,320,11784,
1938,1403715983.48,2,969,269,269,700,2.31752147141,1.26052760964,2.14579796791,269,17.3717472119,6716,144,0,320,11784,
1939,1403715983.53,2,978,242,242,736,2.20914405024,1.24239458557,2.0739531517,242,18.2107438017,6791,146,1,318,11763,
1940,1403715983.58,2,971,249,249,722,2.353316277,1.35235162886,2.17199039459,249,16.843373494,6710,143,0,319,11761,
1941,1403715983.63,2,977,221,221,756,2.23488324685,1.21731844419,2.01543259621,221,18.8959276018,6480,130,0,319,11761,
1942,1403715983.68,2,944,183,183,761,2.1133799636,1.13908692601,1.95977163315,183,17.3825136612,6368,124,0,319,11761,
1943,1403715983.73,2,956,191,191,765,2.0588095373,1.18375502046,1.9135402441,191,18.2094240838,6362,122,0,319,11761,
1944,1403715983.78,2,853,181,181,672,2.13562658758,1.24894518825,1.98803889751,181,17.9723756906,6468,127,0,319,11761,
1945,1403715983.83,2,875,133,133,742,2.03875243042,1.31858113826,1.69850921631,133,18.7218045113,6070,119,0,319,11761,
1946,1403715983.88,2,896,144,144,752,2.14627978423,1.41136889005,1.89729058743,144,17.8194444444,5941,111,0,319,11761,
1947,1403715983.93,2,775,106,106,669,2.17276421414,1.22221051168,2.0978679657,106,17.6320754717,5812,106,0,319,11761,
1948,1403715983.98,2,758,98,98,660,2.57013451262,1.56888569946,2.36202764511,98,18.5102040816,5599,101,0,319,11761,
1949,1403715984.03,2,754,83,83,671,2.25792485871,1.43264678007,2.08681559563,83,19.9518072289,5564,100,1,319,11761,
1950,1403715984.08,2,643,89,89,554,2.51713089176,1.62712404665,1.99660694599,89,18.1460674157,5578,101,0,320,11781,
1951,1403715984.13,2,630,82,82,548,2.81432437097,1.87701385354,2.24264860153,82,16.256097561,4772,88,0,320,11781,
1952,1403715984.18,2,594,77,77,517,2.5685911628,1.54082136667,2.23738598824,77,16.2337662338,4995,94,0,320,11781,
1953,1403715984.23,2,575,63,63,512,2.33065485765,1.37424401124,2.03816843033,63,14.0634920635,4728,89,0,320,11781,
1954,1403715984.28,2,563,66,66,497,2.6202512327,1.45456176825,2.48958826065,66,16.6060606061,4764,90,0,319,11773,
1955,1403715984.33,2,505,67,67,438,2.25359367457,1.18099759444,1.99650275707,67,14.6119402985,4803,90,1,319,11773,
1956,1403715984.38,2,517,117,117,400,1.91131084272,1.29291745781,1.65147650242,117,9.79487179487,4861,91,0,320,11831,
1957,1403715984.43,2,528,107,107,421,2.09093270444,1.22423753604,1.88607609272,107,8.78504672897,4800,90,0,320,11831,
1958,1403715984.48,2,555,102,102,453,2.00135333047,1.3340645662,1.70945012569,102,9.02941176471,4723,88,0,320,11830,
1959,1403715984.53,2,527,75,75,452,2.14759258986,1.3313262238,2.01010727882,75,8.16,4787,89,1,320,11830,
1960,1403715984.58,2,485,100,100,385,1.96989026815,1.10499244324,1.80885899067,100,5.95,4938,89,0,321,11874,
1961,1403715984.63,2,407,102,102,305,1.91192190437,1.20167422964,1.69654989243,102,6.05882352941,3371,55,0,321,11873,
1962,1403715984.68,2,395,64,64,331,2.28127116384,1.07038761439,2.20621871948,64,5.984375,3261,53,1,321,11873,
1963,1403715984.73,2,456,81,81,375,2.00263275041,1.28495287114,1.57024860382,81,6.34567901235,3504,58,0,322,11916,
1964,1403715984.78,2,489,61,61,428,2.0567195137,1.22245456557,1.97391676903,61,6.72131147541,3144,50,1,322,11916,
1965,1403715984.83,2,424,62,62,362,2.29862929544,1.51065042169,1.82774960995,62,5.66129032258,3386,55,0,323,11949,
1966,1403715984.88,2,417,63,63,354,2.49326209464,1.61993443989,2.00123357773,63,7.93650793651,3494,57,0,323,11948,
1967,1403715984.93,2,403,58,58,345,2.69555902224,1.3053548168,2.55651187897,58,10.0689655172,3334,60,1,323,11948,
1968,1403715984.98,2,382,63,63,319,2.03723313423,1.2605119496,1.86705327034,63,9.15873015873,3779,73,0,324,11983,
1969,1403715985.03,2,410,68,68,342,2.13806060767,1.29161533263,1.83033931255,68,11.0588235294,3645,60,0,324,11978,
1970,1403715985.08,2,389,69,69,320,1.97977302936,1.1924041051,1.76290869713,69,12.9855072464,3936,81,1,324,11978,
1971,1403715985.13,2,407,95,95,312,2.08544296834,1.30054370847,1.95899367332,95,15.1473684211,3971,83,0,325,11959,
1972,1403715985.18,2,440,97,97,343,2.15697990511,1.35806384394,1.75789415836,97,16.5051546392,4236,91,0,325,11959,
1973,1403715985.23,2,567,113,113,454,1.96314880476,1.27357589285,1.5769572258,113,16.6460176991,4233,91,1,325,11956,
1974,1403715985.28,2,559,155,155,404,2.09516423364,1.15354385365,1.8655217886,155,15.2064516129,4298,93,0,326,12001,
1975,1403715985.33,2,631,156,156,475,1.80963470734,1.15304866813,1.62373876572,156,16.4294871795,4656,97,0,326,12001,
1976,1403715985.38,2,660,165,165,495,1.95870583197,1.34125440454,1.73302185535,165,15.8484848485,4688,98,0,326,12001,
1977,1403715985.43,2,599,157,157,442,1.94476118031,1.15944351802,1.80493569374,157,16.898089172,4747,99,1,326,11998,
1978,1403715985.48,2,696,220,220,476,1.90063426136,1.11426357572,1.75557565689,220,15.3090909091,4726,100,0,327,11977,
1979,1403715985.53,2,642,193,193,449,1.98472640976,1.31920065654,1.76583552361,193,16.8186528497,4664,99,0,327,11977,
1980,1403715985.58,2,643,160,160,483,1.88191321078,1.19605805048,1.75540161133,160,19.2625,4664,99,0,327,11977,
1981,1403715985.63,2,679,206,206,473,1.68198395072,1.26319093037,1.38876974583,206,18.8398058252,4664,99,0,327,11977,
1982,1403715985.68,2,618,184,184,434,1.60176131141,1.1185475779,1.4166482687,184,19.1630434783,4376,96,0,327,11976,
1983,1403715985.73,2,638,186,186,452,1.58415168896,1.06672807291,1.43060028553,186,20.3010752688,4471,98,1,325,11954,
1984,1403715985.78,2,719,228,228,491,1.66931985371,1.09239209193,1.42966294289,228,18.8464912281,4771,102,0,326,11950,
1985,1403715985.83,2,643,203,203,440,1.60199607894,1.20824219822,1.33232390881,203,19.3349753695,4771,102,0,326,11950,
1986,1403715985.88,2,697,209,209,488,1.44780578999,1.01397797653,1.18419504166,209,21.8564593301,4710,101,0,326,11950,
1987,1403715985.93,2,688,197,197,491,1.58631052667,1.17898088431,1.31711602211,197,21.1065989848,4710,101,0,326,11950,
1988,1403715985.98,2,676,207,207,469,1.49240611807,1.12373545085,1.25014698505,207,21.0821256039,4710,101,0,326,11950,
1989,1403715986.03,2,697,199,199,498,1.53883111559,1.0532199759,1.35509598255,199,20.9949748744,4764,101,0,325,11943,
1990,1403715986.08,2,643,200,200,443,1.61096043151,1.25814651941,1.22776317596,200,20.325,5185,109,1,325,11943,
1991,1403715986.13,2,701,224,224,477,1.62710790822,1.15955640773,1.34896671772,224,18.5758928571,4860,107,0,326,11938,
1992,1403715986.18,2,642,228,228,414,1.54089025222,1.15109441872,1.23781752586,228,18.8245614035,5146,110,0,326,11938,
1993,1403715986.23,2,771,231,231,540,1.57520155776,1.03707204429,1.3482247591,231,18.7835497835,5140,108,0,326,11938,
1994,1403715986.28,2,727,222,222,505,1.44523601495,1.14002327328,1.21833121777,222,18.7297297297,5065,106,0,326,11938,
1995,1403715986.33,2,737,219,219,518,1.63733246477,1.22029358189,1.28055739403,219,19.8721461187,4768,104,0,326,11935,
1996,1403715986.38,2,685,214,214,471,1.67681124841,1.152176198,1.40084314346,214,19.4719626168,4768,104,1,326,11935,
1997,1403715986.43,2,725,256,256,469,1.57979988528,1.12571015059,1.24279928207,256,19.19140625,4791,104,0,327,11950,
1998,1403715986.48,2,655,234,234,421,1.61405877301,1.10089117218,1.35392391682,234,20.4145299145,4791,104,0,327,11950,
1999,1403715986.53,2,649,232,232,417,1.56049686426,1.14697636343,1.3174353838,232,20.7586206897,4924,107,0,327,11950,
2000,1403715986.58,2,593,222,222,371,1.46695058605,1.05960027646,1.15392553806,222,19.8513513514,4546,103,0,327,11950,
2001,1403715986.63,2,640,228,228,412,1.4108991352,1.00790662241,1.14601993561,228,19.1885964912,4495,102,0,326,11942,
2002,1403715986.68,2,780,263,263,517,1.42425750926,0.942572690935,1.19455468655,263,18.8136882129,4780,103,0,326,11942,
2003,1403715986.73,2,828,294,294,534,1.3558503494,0.941115795467,1.15322434902,294,18.3707482993,5103,111,0,326,11942,
2004,1403715986.78,2,864,334,334,530,1.32725090993,1.05272313021,1.04791748524,334,17.6586826347,5213,114,1,326,11942,
2005,1403715986.83,2,857,359,359,498,1.30295259916,0.919540620485,1.08088719845,359,18.2256267409,5297,116,0,327,11955,
2006,1403715986.88,2,843,371,371,472,1.31910670214,0.948537873114,1.10977554321,371,18.1428571429,5300,117,0,327,11955,
2007,1403715986.93,2,834,374,374,460,1.39396006342,1.06431059535,1.13171994686,374,17.6898395722,5351,114,0,327,11955,
2008,1403715986.98,2,857,345,345,512,1.40357869345,1.11003313964,1.09049379826,345,18.1623188406,5339,117,0,327,11955,
2009,1403715987.03,2,843,318,318,525,1.44687081752,1.03727835704,1.26976537704,318,19.2610062893,5228,115,0,327,11955,
2010,1403715987.08,2,851,332,332,519,1.42620307782,1.02708610112,1.22143900394,332,18.5662650602,5168,113,0,327,11953,
2011,1403715987.13,2,823,340,340,483,1.39946277182,1.08172410602,1.11698520184,340,18.2558823529,5056,110,1,327,11953,
2012,1403715987.18,2,835,369,369,466,1.41654152008,1.06352239497,1.13348567486,369,19.054200542,5150,113,0,328,11944,
2013,1403715987.23,2,813,322,322,491,1.45065880686,1.03334001737,1.23985469341,322,18.8167701863,4991,110,0,328,11944,
2014,1403715987.28,2,694,269,269,425,1.55466226065,1.09035677693,1.26845359802,269,18.907063197,4857,107,0,328,11944,
2015,1403715987.33,2,772,284,284,488,1.5511620239,1.09544945399,1.29127216339,284,19.6654929577,4857,107,0,328,11944,
2016,1403715987.38,2,745,311,311,434,1.38869771563,1.08586529997,1.15930783749,311,18.4758842444,4844,107,0,328,11941,
2017,1403715987.43,2,784,309,309,475,1.44589885712,1.07144646251,1.18490099907,309,18.3300970874,4841,106,1,327,11938,
2018,1403715987.48,2,794,342,342,452,1.36366363936,1.04811937535,1.07456278801,342,17.7660818713,4863,107,0,328,11952,
2019,1403715987.53,2,821,363,363,458,1.3962464672,1.01150073211,1.14641392231,363,17.3553719008,4863,107,0,328,11952,
2020,1403715987.58,2,862,374,374,488,1.41475049041,1.05891353775,1.19812822342,374,17.5935828877,4954,109,0,328,11952,
2021,1403715987.63,2,863,343,343,520,1.39184153113,1.03037311926,1.10711789131,343,17.7900874636,5275,113,0,328,11952,
2022,1403715987.68,2,875,347,347,528,1.3712847544,1.05986869702,1.0883500576,347,17.9193083573,5080,111,0,328,11952,
2023,1403715987.73,2,892,381,381,511,1.28946499494,0.835979738568,1.1501339674,381,16.8792650919,5375,115,0,327,11944,
2024,1403715987.78,2,866,357,357,509,1.32813264521,1.0342430112,1.03822433949,357,18.0952380952,5073,108,1,327,11944,
2025,1403715987.83,2,870,350,350,520,1.28531795419,0.985330619274,1.01109051704,350,18.2742857143,5411,117,0,328,11935,
2026,1403715987.88,2,879,368,368,511,1.39425691094,1.11633728803,1.10040438175,368,18.1413043478,5090,111,0,328,11935,
2027,1403715987.93,2,891,332,332,559,1.31621229691,1.07163839502,1.04750323296,332,18.5331325301,5296,113,0,328,11935,
2028,1403715987.98,2,896,356,356,540,1.28705318357,1.05031171463,0.979392111301,356,19.1123595506,5066,110,0,328,11935,
2029,1403715988.03,2,901,356,356,545,1.36839905774,1.09465359084,1.07127451897,356,18.3735955056,5028,110,0,328,11935,
2030,1403715988.08,2,872,360,360,512,1.3279659914,1.04354460822,1.04811191559,360,18.0472222222,5240,115,0,327,11926,
2031,1403715988.13,2,1004,280,280,724,1.40580712839,1.09991451609,1.12984836102,280,15.4357142857,5049,106,1,327,11926,
2032,1403715988.18,2,999,332,332,667,1.631931249,1.36272390515,1.16707885265,332,15.2680722892,5145,109,0,328,11948,
2033,1403715988.23,2,993,299,299,694,1.52384728781,1.2334067592,1.17766356468,299,16.1170568562,5145,109,0,328,11948,
2034,1403715988.28,2,951,339,339,612,1.44923954793,1.20403197611,1.13438415527,339,16.7433628319,5090,107,0,328,11948,
2035,1403715988.33,2,959,351,351,608,1.55931607701,1.31956925807,1.23169744015,351,16.0512820513,5109,105,0,328,11948,
2036,1403715988.38,2,958,347,347,611,1.39653580669,1.16015124426,1.04983282089,347,15.8991354467,5385,117,0,328,11948,
2037,1403715988.43,2,921,355,355,566,1.44288668626,1.19436337543,1.06904220581,355,16.7549295775,5391,116,1,327,11941,
2038,1403715988.48,2,926,395,395,531,1.31251407867,1.03802568097,1.04318106174,395,16.4886075949,5507,120,0,328,11957,
2039,1403715988.53,2,919,393,393,526,1.35919007508,1.21791453534,0.948543131351,393,16.0432569975,5122,111,0,328,11957,
2040,1403715988.58,2,884,378,378,506,1.30200692825,1.00551801789,1.03592050076,378,17.4417989418,5171,111,0,328,11957,
2041,1403715988.63,2,882,368,368,514,1.32861049804,1.11019262597,0.982903242111,368,17.7961956522,5169,111,0,328,11957,
2042,1403715988.68,2,888,365,365,523,1.29753378941,1.12326827107,0.938517689705,365,17.8082191781,5234,111,0,328,11956,
2043,1403715988.73,2,887,367,367,520,1.28764548804,1.15777677928,0.956041991711,367,17.5967302452,5234,111,1,328,11956,
2044,1403715988.78,2,901,382,382,519,1.33443731391,1.19720230887,0.975832819939,382,17.887434555,4963,107,0,329,11962,
2045,1403715988.83,2,898,378,378,520,1.38653798809,1.20248897151,1.01029336452,378,18.1031746032,5169,110,0,329,11962,
2046,1403715988.88,2,981,334,334,647,1.43616175358,1.18315720929,1.075543046,334,17.2784431138,5285,111,0,329,11962,
2047,1403715988.93,2,991,330,330,661,1.45859094014,1.20148804753,1.09690344334,330,16.2303030303,5301,113,0,329,11962,
2048,1403715988.98,2,976,332,332,644,1.3649666009,1.08951016591,1.05980956554,332,16.2048192771,5287,110,0,328,11946,
2049,1403715989.03,2,999,275,275,724,1.65875421427,1.32728114306,1.2933242321,275,15.6036363636,5312,112,1,327,11939,
2050,1403715989.08,2,999,310,310,689,1.55761304714,1.21602368315,1.22017109394,310,16.7,5462,117,0,328,11959,
2051,1403715989.13,2,998,299,299,699,1.6273152743,1.26641601832,1.35946238041,299,16.254180602,5415,116,0,328,11959,
2052,1403715989.18,2,995,289,289,706,1.67127030504,1.30620962956,1.2864484787,289,15.7197231834,5334,114,0,328,11959,
2053,1403715989.23,2,1002,269,269,733,1.60462213546,1.34766357286,1.27948343754,269,16.1895910781,5169,109,0,328,11959,
2054,1403715989.28,2,995,261,261,734,1.59868383853,1.27204013612,1.17914617062,261,16.601532567,5251,113,0,328,11959,
2055,1403715989.33,2,1001,246,246,755,1.59446691531,1.29293702218,1.33003795147,246,16.1869918699,4906,105,1,328,11959,
2056,1403715989.38,2,1000,292,292,708,1.81215343489,1.39923007082,1.49819016457,292,14.9897260274,4946,106,0,329,11986,
2057,1403715989.43,2,999,272,272,727,1.71064941495,1.56430223412,1.20858097076,272,15.4264705882,5293,110,0,329,11986,
2058,1403715989.48,2,1000,263,263,737,1.72177171667,1.36063581227,1.39221441746,263,16.1711026616,5293,110,0,329,11986,
2059,1403715989.53,2,1000,264,264,736,1.74231156481,1.39008917894,1.28692674637,264,16.4204545455,5292,110,0,329,11985,
2060,1403715989.58,2,1000,263,263,737,1.70977325813,1.38209628555,1.27913331985,263,16.2927756654,5280,109,1,328,11973,
2061,1403715989.63,2,1006,301,301,705,1.76978730533,1.49944470185,1.29827725887,301,15.950166113,5367,113,0,329,11993,
2062,1403715989.68,2,998,285,285,713,1.76077664591,1.44940246067,1.32105445862,285,16.1929824561,5200,109,0,329,11993,
2063,1403715989.73,2,992,282,282,710,1.70502154503,1.33557964567,1.31428158283,282,17.0602836879,5322,111,0,329,11993,
2064,1403715989.78,2,968,315,315,653,1.57574357665,1.13310206617,1.35298359394,315,17.3523809524,5322,111,0,329,11993,
2065,1403715989.83,2,970,309,309,661,1.66380510683,1.34525352524,1.27820205688,309,17.5339805825,4844,105,0,329,11992,
2066,1403715989.88,2,966,301,301,665,1.75786807933,1.43963679073,1.335932374,301,17.3820598007,4795,103,1,328,11985,
2067,1403715989.93,2,985,309,309,676,1.73436681398,1.44385418456,1.33940374851,309,17.2750809061,4798,105,0,329,11975,
2068,1403715989.98,2,974,289,289,685,1.75862300174,1.38937596721,1.39950144291,289,17.8650519031,4798,105,0,329,11975,
2069,1403715990.03,2,984,281,281,703,1.64054098124,1.33027616183,1.24735748768,281,18.1708185053,4887,107,0,329,11975,
2070,1403715990.08,2,1001,262,262,739,1.6550686395,1.28667864895,1.27155804634,262,17.5419847328,4916,107,0,329,11975,
2071,1403715990.13,2,988,259,259,729,1.66456064683,1.28659066,1.31870436668,259,17.4362934363,4871,105,0,328,11971,
2072,1403715990.18,2,986,243,243,743,1.65688686067,1.33265710405,1.23117554188,243,18.1851851852,4889,105,1,328,11971,
2073,1403715990.23,2,983,231,231,752,1.69210068036,1.23926249269,1.3801497221,231,17.9177489177,4720,101,0,329,11974,
2074,1403715990.28,2,990,228,228,762,1.96095449399,1.49790376197,1.51652240753,228,16.9824561404,4618,100,0,329,11974,
2075,1403715990.33,2,988,197,197,791,1.93713443847,1.49479138871,1.46446204185,197,16.8375634518,4731,103,0,329,11974,
2076,1403715990.38,2,981,172,172,809,1.82483992435,1.46817490136,1.4736790657,172,17.1337209302,4898,108,0,329,11974,
2077,1403715990.43,2,981,152,152,829,1.86317283278,1.35725869753,1.52552366257,152,16.2565789474,4614,100,0,328,11962,
2078,1403715990.48,2,971,137,137,834,1.95790280978,1.67508064397,1.47315299511,137,14.0145985401,4625,99,1,328,11962,
2079,1403715990.53,2,978,126,126,852,1.82192337344,1.43723687548,1.45840990543,126,14.4841269841,4712,101,0,329,11966,
2080,1403715990.58,2,961,111,111,850,2.02792441214,1.59471697941,1.5480492115,111,16.7207207207,4571,99,0,329,11966,
2081,1403715990.63,2,951,89,89,862,2.01195608364,1.64311991609,1.5792427063,89,17.5617977528,3968,87,0,329,11966,
2082,1403715990.68,2,960,81,81,879,2.07178847501,1.88383082776,1.54089319706,81,18.2469135802,3974,87,0,329,11965,
2083,1403715990.73,2,964,82,82,882,2.0742051834,1.47326994484,1.66464042664,82,15.743902439,3981,86,1,329,11965,
2084,1403715990.78,2,948,61,61,887,2.09248338566,1.60075838081,1.55447936058,61,16.8852459016,3862,81,0,330,11958,
2085,1403715990.83,2,963,53,53,910,2.02799864648,1.28607587264,1.79516756535,53,16.6603773585,3899,82,0,330,11958,
2086,1403715990.88,2,960,42,42,918,2.20097054399,1.37794621159,1.84184396267,42,16.2619047619,3924,85,0,330,11957,
2087,1403715990.93,2,994,31,31,963,2.07641291955,1.63717507778,1.67545425892,31,17.5806451613,3751,82,1,330,11957,
2088,1403715990.98,2,938,40,40,898,1.95927863419,1.19055508915,1.73758208752,40,12.025,3911,86,0,331,11941,
2089,1403715991.03,2,952,41,41,911,2.34847386436,1.24050710667,2.15426898003,41,15.5609756098,3775,81,0,331,11940,
2090,1403715991.08,2,956,40,40,916,2.34859387577,1.57284482561,2.18429136276,40,15.45,3870,84,1,331,11940,
2091,1403715991.13,2,950,45,45,905,2.47475380235,1.72575665757,2.03105688095,45,14.5555555556,4016,91,0,332,11960,
2092,1403715991.18,2,953,39,39,914,2.3859254779,1.75611499337,1.82507932186,39,15.6666666667,4003,89,0,332,11958,
2093,1403715991.23,2,956,42,42,914,2.34318058654,1.6537661203,1.92694950104,42,14.4761904762,3968,88,1,332,11958,
2094,1403715991.28,2,955,42,42,913,2.27125727439,1.54455013927,2.02314543724,42,14.7857142857,3777,86,0,333,11939,
2095,1403715991.33,2,956,47,47,909,2.51923581831,1.66315586076,2.07844567299,47,14.5319148936,3868,87,0,333,11939,
2096,1403715991.38,2,958,46,46,912,2.61606496054,1.70492348924,2.33449006081,46,14.3913043478,3984,91,1,333,11939,
2097,1403715991.43,2,954,40,40,914,2.28471904397,1.46624736864,2.12546825409,40,16.125,4017,93,0,334,11934,
2098,1403715991.48,2,953,40,40,913,2.18014982566,1.17868474846,2.02391695976,40,15.525,4816,108,0,334,11933,
2099,1403715991.53,2,954,47,47,907,2.29442998577,1.29276465921,2.23780179024,47,11.8085106383,4028,91,1,334,11933,
2100,1403715991.58,2,954,50,50,904,2.13234963447,1.62635389895,1.5463603735,50,12.9,3974,91,0,335,11935,
2101,1403715991.63,2,951,58,58,893,2.56976275095,1.41673842612,2.01499795914,58,12.0862068966,3983,92,0,335,11935,
2102,1403715991.68,2,957,56,56,901,2.51786429967,1.42760558545,2.16031360626,56,13.875,4769,108,1,335,11935,
2103,1403715991.73,2,951,50,50,901,2.07889919162,1.23362473426,1.82851970196,50,14.8,4071,96,0,336,11934,
2104,1403715991.78,2,950,55,55,895,2.01450508372,1.45397149768,1.44723188877,55,13.4909090909,4027,93,0,336,11934,
2105,1403715991.83,2,955,60,60,895,2.01879285574,1.3155545282,1.79830026627,60,13,4036,94,0,336,11934,
2106,1403715991.88,2,951,50,50,901,1.98808609486,1.29857973472,1.56591117382,50,13.62,3982,92,1,336,11934,
2107,1403715991.93,2,954,59,59,895,2.29811541862,1.59195004959,1.73541605473,59,13.9661016949,3946,93,0,337,11936,
2108,1403715991.98,2,954,65,65,889,1.89531874405,1.20229668946,1.57574725151,65,13.6153846154,3979,93,0,336,11933,
2109,1403715992.03,2,949,63,63,886,1.92530091438,1.20732748259,1.77188146114,63,12.2857142857,3946,91,0,336,11933,
2110,1403715992.08,2,953,59,59,894,1.89158161692,1.17214517332,1.66943919659,59,13.6779661017,4000,90,0,336,11933,
2111,1403715992.13,2,954,58,58,896,1.75353235995,1.30397631326,1.29504787922,58,14.1724137931,4776,110,0,336,11933,
2112,1403715992.18,2,951,56,56,895,1.55710139472,1.12658306885,1.21480512619,56,15.0535714286,4785,111,0,336,11933,
2113,1403715992.23,2,953,58,58,895,2.0076950213,1.28273316437,1.62864768505,58,14.1379310345,4731,109,0,336,11933,
2114,1403715992.28,2,957,68,68,889,2.274279246,1.64261948881,1.62960386276,68,12.7941176471,3889,91,0,336,11933,
2115,1403715992.33,2,953,65,65,888,1.86224681827,1.38236931861,1.55806541443,65,14.1692307692,3914,92,0,336,11933,
2116,1403715992.38,2,950,60,60,890,1.72180261587,1.17703947918,1.3605042696,60,13.8333333333,4713,107,0,336,11933,
2117,1403715992.43,2,958,56,56,902,1.84236959687,1.23048438878,1.35843837261,56,13.1964285714,4810,110,1,336,11933,
2118,1403715992.48,2,955,60,60,895,1.93272238076,1.23017024805,1.46176981926,60,14.7666666667,3968,93,0,337,11929,
2119,1403715992.53,2,954,71,71,883,1.97988297738,1.24314140502,1.74842774868,71,12.985915493,4021,93,0,336,11928,
2120,1403715992.58,2,952,58,58,894,1.89363759936,1.44035266792,1.51136898994,58,14.4655172414,4021,93,0,336,11928,
2121,1403715992.63,2,955,58,58,897,1.77196060172,1.19323380527,1.31565976143,58,13.0862068966,4030,94,0,336,11928,
2122,1403715992.68,2,952,65,65,887,1.79055264042,1.22490387452,1.43854522705,65,13.5692307692,3976,92,0,336,11928,
2123,1403715992.73,2,958,62,62,896,1.67308493145,1.08255668032,1.49385142326,62,12.1612903226,4045,95,0,336,11928,
2124,1403715992.78,2,954,62,62,892,1.94501197578,1.11472297737,1.81835794449,62,12.9193548387,3951,92,0,336,11928,
2125,1403715992.83,2,955,64,64,891,1.81663599721,1.17841392637,1.4422069788,64,13.703125,3712,88,0,336,11928,
2126,1403715992.88,2,949,59,59,890,1.97959009457,1.40138099641,1.56964504719,59,13.2542372881,3976,92,0,336,11928,
2127,1403715992.93,2,950,63,63,887,1.86021984357,1.17077311169,1.61266207695,63,12.7619047619,4021,93,0,336,11928,
2128,1403715992.98,2,954,66,66,888,1.89474439102,1.31832158187,1.58671450615,66,13.3636363636,4030,94,0,336,11928,
2129,1403715993.03,2,955,69,69,886,1.94215716357,1.28427033007,1.85460305214,69,12.7391304348,4030,94,0,336,11928,
2130,1403715993.08,2,954,59,59,895,2.06276955089,1.2997562988,1.94090807438,59,13.9322033898,4030,94,0,336,11928,
2131,1403715993.13,2,953,52,52,901,1.91952711974,1.27682324382,1.50405299664,52,11.8846153846,4015,91,1,336,11928,
2132,1403715993.18,2,954,63,63,891,1.7147533485,1.10872764088,1.26045155525,63,12.0952380952,3942,90,0,337,11933,
2133,1403715993.23,2,957,66,66,891,1.84299493841,1.28431634531,1.70357978344,66,12.3787878788,3819,87,0,337,11933,
2134,1403715993.28,2,949,61,61,888,2.045846943,1.25340233868,1.91307604313,61,10.4590163934,3613,85,1,337,11933,
2135,1403715993.33,2,951,70,70,881,1.79292549885,1.26107147944,1.33637869358,70,13.8,3527,84,0,338,11940,
2136,1403715993.38,2,952,65,65,887,1.68384703925,1.2387660995,1.2761361599,65,13.0923076923,3698,88,0,337,11939,
2137,1403715993.43,2,956,70,70,886,1.60358589951,1.12056243938,1.28564488888,70,13.5285714286,3698,88,0,337,11939,
2138,1403715993.48,2,950,70,70,880,1.88063282967,1.30829065898,1.5703445673,70,14.0285714286,3726,87,0,337,11939,
2139,1403715993.53,2,953,71,71,882,1.68693330894,1.51133967242,1.1624161005,71,13.6478873239,4026,92,0,337,11939,
2140,1403715993.58,2,951,74,74,877,1.61967093638,1.12151720587,1.2078756094,74,12.7297297297,4035,93,0,337,11939,
2141,1403715993.63,2,950,70,70,880,1.75797428936,1.24379936087,1.62268066406,70,12.8285714286,3904,90,0,337,11939,
2142,1403715993.68,2,954,71,71,883,1.69824743607,1.14271214399,1.37101411819,71,12.5774647887,4654,108,0,337,11939,
2143,1403715993.73,2,952,60,60,892,1.78383513416,1.30999461588,1.62347745895,60,14.45,4764,109,1,337,11939,
2144,1403715993.78,2,954,60,60,894,1.54967637509,0.919308481281,1.40258646011,60,14.75,4656,107,0,338,11936,
2145,1403715993.83,2,954,66,66,888,1.7868486171,1.24181137143,1.56613314152,66,13.5454545455,4691,108,0,338,11936,
2146,1403715993.88,2,956,68,68,888,1.71267162373,1.02759812162,1.70957696438,68,13.9264705882,4656,107,0,338,11936,
2147,1403715993.93,2,953,68,68,885,1.58926947218,1.21110915315,1.34044039249,68,14.3676470588,4656,107,0,338,11936,
2148,1403715993.98,2,954,66,66,888,1.80507337302,1.30030666312,1.45693898201,66,15.3636363636,3901,91,0,338,11936,
