1403715893.984058141708 -0.014725927263 -0.009719223715 -0.012858904898 0.029849799350 -0.010523358360 0.012041272596 0.999426484108
1403715894.034058094025 -0.015593242832 -0.010469296016 -0.014910650440 0.023204373196 -0.011287964880 0.011588321067 0.999599874020
1403715894.084058284760 -0.017007935792 -0.010695521720 -0.015394827351 0.015906240791 -0.011094904505 0.010958903469 0.999751865864
1403715894.134057998657 -0.018040129915 -0.009795892052 -0.017388893291 0.014792912640 -0.010078081861 0.009025278501 0.999799072742
1403715894.184058189392 -0.020162077621 -0.010699443519 -0.020546235144 0.019247626886 -0.007301357109 0.004121506121 0.999779641628
1403715894.234058141708 -0.021438583732 -0.011562207714 -0.020917909220 0.026759475470 -0.005417636130 -0.000677311211 0.999627053738
1403715894.284058094025 -0.019302450120 -0.010197388008 -0.020770184696 0.036007214338 -0.004178390838 -0.006253234111 0.999323248863
1403715894.334058046341 -0.020260902122 -0.010569614358 -0.022012205794 0.042231716216 -0.002736946568 -0.011393823661 0.999039173126
1403715894.384058237076 -0.021433312446 -0.011149721220 -0.023680707440 0.048091016710 -0.002179516945 -0.014180809259 0.998739898205
1403715894.434058189392 -0.024802105501 -0.013393784873 -0.020445374772 0.050142906606 -0.000917508558 -0.017728747800 0.998584270477
1403715894.484058141708 -0.026570750400 -0.013823518530 -0.020085051656 0.049951538444 -0.002411853056 -0.016469174996 0.998612940311
1403715894.534058094025 -0.030715715140 -0.014818171039 -0.019880203530 0.047992441803 -0.004345092922 -0.014737281948 0.998729526997
1403715894.584058284760 -0.036997716874 -0.017026374117 -0.019471773878 0.045200873166 -0.004723896738 -0.013775068335 0.998871803284
1403715894.634057998657 -0.040435537696 -0.018646189943 -0.021408719942 0.043374329805 -0.007440644316 -0.010137307458 0.998979747295
1403715894.684058189392 -0.045647647232 -0.020958196372 -0.023921355605 0.041224446148 -0.010815916583 -0.005541780032 0.999076008797
1403715894.734058141708 -0.053000420332 -0.024340281263 -0.028053885326 0.042198326439 -0.013776191510 -0.001188097871 0.999013602734
1403715894.784058094025 -0.060425229371 -0.027385618538 -0.033492825925 0.045532967895 -0.016907099634 0.003351392457 0.998814105988
1403715894.834058046341 -0.060340043157 -0.026694547385 -0.036042779684 0.051444631070 -0.022535402328 0.006469205953 0.998400628567
1403715894.884058237076 -0.058024752885 -0.025103172287 -0.037457458675 0.058333955705 -0.028504109010 0.009211126715 0.997847616673
1403715894.934058189392 -0.060546692461 -0.026295334101 -0.040137954056 0.064042672515 -0.032295376062 0.011267716065 0.997360825539
1403715894.984058141708 -0.057916622609 -0.026250457391 -0.041548714042 0.069350130856 -0.037163328379 0.013574988581 0.996807515621
1403715895.034058094025 -0.064934313297 -0.028047934175 -0.032154418528 0.071903049946 -0.039194170386 0.011701039970 0.996572554111
1403715895.084058284760 -0.068675786257 -0.027153143659 -0.032873142511 0.075903825462 -0.041995313019 0.012054590508 0.996157467365
1403715895.134057998657 -0.096692137420 -0.036575824022 -0.036078132689 0.075974948704 -0.039232444018 0.012370743789 0.996260821819
1403715895.184058189392 -0.137700915337 -0.052970897406 -0.044972248375 0.074158161879 -0.033506922424 0.012174727395 0.996609091759
1403715895.234058141708 -0.146561980247 -0.055233586580 -0.044469006360 0.075524739921 -0.035769075155 0.013966475613 0.996404290199
1403715895.284058094025 -0.171986505389 -0.064359657466 -0.045123413205 0.075488105416 -0.033402170986 0.013217564672 0.996499478817
1403715895.334058046341 -0.189629212022 -0.068727031350 -0.046021714807 0.076554700732 -0.032914478332 0.014198397286 0.996420800686
1403715895.384058237076 -0.198677971959 -0.073488548398 -0.048877455294 0.077704355121 -0.034762769938 0.013554744422 0.996278047562
1403715895.434058189392 -0.205088332295 -0.072860591114 -0.051724381745 0.080524079502 -0.036891229451 0.014501264319 0.995964169502
1403715895.484058141708 -0.223717704415 -0.083353221416 -0.057844433933 0.079070910811 -0.036928433925 0.014723840170 0.996075987816
1403715895.534058094025 -0.239359289408 -0.088192693889 -0.062404837459 0.079542078078 -0.037081178278 0.014493435621 0.996036112309
1403715895.584058284760 -0.258442908525 -0.096013166010 -0.067144542933 0.078522719443 -0.036699987948 0.015172317624 0.996121048927
1403715895.634057998657 -0.270488023758 -0.096184596419 -0.067832522094 0.081658490002 -0.037156954408 0.015354159288 0.995849132538
1403715895.684058189392 -0.278908431530 -0.097757436335 -0.070771254599 0.082844130695 -0.038932576776 0.015612531453 0.995679378510
1403715895.734058141708 -0.289734452963 -0.102917462587 -0.074382938445 0.082743845880 -0.040420230478 0.015473517589 0.995630562305
1403715895.784058094025 -0.312353998423 -0.113218836486 -0.081100039184 0.081538036466 -0.039121095091 0.015314381570 0.995784401894
1403715895.834058046341 -0.322263270617 -0.117108814418 -0.084295675159 0.082516260445 -0.040488965809 0.015405378304 0.995647728443
1403715895.884058237076 -0.331247568130 -0.118203833699 -0.087489560246 0.083893232048 -0.041890390217 0.014829576015 0.995483398438
1403715895.934058189392 -0.347130596638 -0.122062325478 -0.089722700417 0.085115246475 -0.042416092008 0.014899221249 0.995356380939
1403715895.984058141708 -0.355331778526 -0.124136306345 -0.094508320093 0.085948079824 -0.044838767499 0.016852173954 0.995147466660
1403715896.034058094025 -0.368579983711 -0.129148483276 -0.097222618759 0.085890971124 -0.046117227525 0.018443491310 0.995065748692
1403715896.084058284760 -0.378318905830 -0.133069783449 -0.100940607488 0.085853844881 -0.049283795059 0.021172074601 0.994862794876
1403715896.134057998657 -0.393247932196 -0.140313431621 -0.106802113354 0.084710024297 -0.051760736853 0.025174321607 0.994741857052
1403715896.184058189392 -0.408295035362 -0.145463481545 -0.111970677972 0.085514880717 -0.054050151259 0.030223933980 0.994410574436
1403715896.234058141708 -0.438145905733 -0.159789860249 -0.117700546980 0.083292432129 -0.053748264909 0.036901470274 0.994390189648
1403715896.284058094025 -0.446276903152 -0.166769698262 -0.124884694815 0.085144355893 -0.059307221323 0.045284241438 0.993570566177
1403715896.334058046341 -0.473210930824 -0.181407660246 -0.131338775158 0.084854267538 -0.060348387808 0.054260797799 0.993082880974
1403715896.384058237076 -0.518182337284 -0.219932779670 -0.144557088614 0.077253259718 -0.056918799877 0.062633126974 0.993412971497
1403715896.434058189392 -0.526895523071 -0.220296666026 -0.149994760752 0.080825172365 -0.059876788408 0.068877413869 0.992541193962
1403715896.484058141708 -0.621914148331 -0.319295108318 -0.171361789107 0.059129871428 -0.041742514819 0.076516605914 0.994437754154
1403715896.534058094025 -0.626624107361 -0.325938045979 -0.173789709806 0.061481095850 -0.043881356716 0.080454386771 0.993892133236
1403715896.584058284760 -0.646553397179 -0.345842033625 -0.177846550941 0.061353627592 -0.041526742280 0.085912123322 0.993544340134
1403715896.634057998657 -0.645797133446 -0.348687827587 -0.183737859130 0.065335720778 -0.043223012239 0.088075980544 0.993028521538
1403715896.684058189392 -0.654379963875 -0.364512413740 -0.187101200223 0.065421640873 -0.041174668819 0.090554982424 0.992886960506
1403715896.734058141708 -0.662120819092 -0.378056019545 -0.190812930465 0.064118936658 -0.038437061012 0.093524716794 0.992806375027
1403715896.784058094025 -0.652464389801 -0.388906270266 -0.197315573692 0.059803094715 -0.040448598564 0.094977520406 0.992857873440
1403715896.834058046341 -0.645378708839 -0.387434273958 -0.201475769281 0.057700436562 -0.041838269681 0.097341291606 0.992695748806
1403715896.884058237076 -0.634197771549 -0.391500771046 -0.206927508116 0.054328255355 -0.043287552893 0.100916236639 0.992466926575
1403715896.934058189392 -0.622685253620 -0.391999661922 -0.211896464229 0.052187558264 -0.045218463987 0.106243111193 0.991939604282
1403715896.984058141708 -0.607416093349 -0.392550051212 -0.219372913241 0.049887340516 -0.048043623567 0.112953558564 0.991183459759
1403715897.034058094025 -0.589640378952 -0.392868191004 -0.225338041782 0.048280838877 -0.050622180104 0.120271265507 0.990273296833
1403715897.084058284760 -0.567067801952 -0.398737370968 -0.229875743389 0.045727405697 -0.052322730422 0.125435262918 0.989665269852
1403715897.134057998657 -0.542497098446 -0.418342381716 -0.237222135067 0.040943183005 -0.051132395864 0.127565994859 0.989664673805
1403715897.184058189392 -0.508053064346 -0.419326990843 -0.242619886994 0.041680593044 -0.050652951002 0.127442657948 0.989674389362
1403715897.234058141708 -0.474018216133 -0.420626431704 -0.249399811029 0.040428351611 -0.047792196274 0.120887137949 0.990690529346
1403715897.284058094025 -0.435515075922 -0.423049211502 -0.254795402288 0.039994467050 -0.042135726660 0.108896970749 0.992354035378
1403715897.334058046341 -0.395023643970 -0.425118058920 -0.262483924627 0.038744498044 -0.034775625914 0.093466818333 0.994260311127
1403715897.384058237076 -0.354224473238 -0.434368968010 -0.266494423151 0.035747334361 -0.025697385892 0.074700549245 0.996233701706
1403715897.434058189392 -0.311060696840 -0.452959239483 -0.270604729652 0.029706511647 -0.018441718072 0.062028843910 0.997461736202
1403715897.484058141708 -0.264091670513 -0.458572119474 -0.278371721506 0.028825324029 -0.013787275180 0.051083743572 0.998183131218
1403715897.534058094025 -0.218551486731 -0.469873726368 -0.283983081579 0.025921003893 -0.010231512599 0.043553434312 0.998662412167
1403715897.584058284760 -0.173037648201 -0.476879239082 -0.290519893169 0.024748031050 -0.008450453170 0.042685072869 0.998746275902
1403715897.634057998657 -0.120065823197 -0.512244343758 -0.295026689768 0.016324263066 -0.010092681274 0.046393275261 0.998738884926
1403715897.684058189392 -0.073301076889 -0.522191703320 -0.299424380064 0.014928918332 -0.010587946512 0.049349412322 0.998613893986
1403715897.734058141708 -0.028119724244 -0.527832210064 -0.300409406424 0.014843433164 -0.011859999970 0.056946743280 0.998196423054
1403715897.784058094025 0.027194792405 -0.538990855217 -0.306162267923 0.014120722190 -0.014643757604 0.062763616443 0.997821092606
1403715897.834058046341 0.082370944321 -0.527305722237 -0.308724939823 0.019843665883 -0.016454681754 0.066871933639 0.997428476810
1403715897.884058237076 0.133594572544 -0.542729854584 -0.308977574110 0.020282946527 -0.016192240641 0.068058349192 0.997343719006
1403715897.934058189392 0.197184845805 -0.522748351097 -0.313950896263 0.028852052987 -0.016598332673 0.065823771060 0.997275948524
1403715897.984058141708 0.252912729979 -0.531046748161 -0.315144270658 0.030205387622 -0.015579300001 0.062508322299 0.997465610504
1403715898.034058094025 0.316643923521 -0.524127244949 -0.314620077610 0.037132799625 -0.014994774014 0.058139722794 0.997504949570
1403715898.084058284760 0.372967690229 -0.503267467022 -0.318200081587 0.050045501441 -0.011757397093 0.054971773177 0.997163653374
1403715898.134057998657 0.414344549179 -0.521496772766 -0.319315403700 0.053146399558 -0.003205804387 0.048813004047 0.997387886047
1403715898.184058189392 0.465421319008 -0.520434439182 -0.326202780008 0.059493042529 0.003417220432 0.047270223498 0.997103035450
1403715898.234058141708 0.534206271172 -0.533264935017 -0.329917967319 0.061535410583 0.009292361327 0.044935539365 0.997049570084
1403715898.284058094025 0.595408439636 -0.527829527855 -0.332671940327 0.062677025795 0.016939207911 0.044308427721 0.996905922890
1403715898.334058046341 0.649401962757 -0.529134452343 -0.340571731329 0.060544934124 0.026703972369 0.044125974178 0.996832072735
1403715898.384058237076 0.730882108212 -0.555559337139 -0.354718089104 0.053944088519 0.035596154630 0.043739050627 0.996950268745
1403715898.434058189392 0.791659712791 -0.541203618050 -0.359883695841 0.049274127930 0.045568645000 0.045507688075 0.996706902981
1403715898.484058141708 0.855504035950 -0.562253534794 -0.367515355349 0.039727728814 0.056043595076 0.047913346440 0.996486425400
1403715898.534058094025 0.904098153114 -0.560289800167 -0.375271558762 0.031065296382 0.068619169295 0.051176819950 0.995845019817
1403715898.584058284760 0.989248931408 -0.566977858543 -0.379428327084 0.023368055001 0.074500933290 0.053347002715 0.995518803596
1403715898.634057998657 1.046448826790 -0.564141154289 -0.387405008078 0.017279502004 0.085802815855 0.056297998875 0.994570195675
1403715898.684058189392 1.116730570793 -0.568702459335 -0.394245147705 0.016082139686 0.097235538065 0.059106167406 0.993374645710
1403715898.734058141708 1.188091993332 -0.554558038712 -0.396214038134 0.018107960001 0.105462633073 0.062894374132 0.992267131805
1403715898.784058094025 1.221871733665 -0.560977578163 -0.389989823103 0.012242939323 0.120131425560 0.064838223159 0.990562796593
1403715898.834058046341 1.302654623985 -0.537740170956 -0.410903453827 0.012589341030 0.125111803412 0.067889146507 0.989737153053
1403715898.884058237076 1.360938668251 -0.520717620850 -0.412682563066 0.011223947629 0.132677480578 0.070098511875 0.988613665104
1403715898.934058189392 1.421468853951 -0.487501740456 -0.415916264057 0.012042574584 0.137636214495 0.073108792305 0.987707614899
1403715898.984058141708 1.473577499390 -0.473219931126 -0.415091514587 0.009123983793 0.144133329391 0.074195168912 0.986730694771
1403715899.034058094025 1.528907775879 -0.465895324945 -0.405430942774 0.007148638833 0.148214370012 0.075467519462 0.986045718193
1403715899.084058284760 1.582821369171 -0.446573317051 -0.405640423298 0.003331373679 0.151343464851 0.076566450298 0.985505819321
1403715899.134057998657 1.636040449142 -0.413788795471 -0.404096156359 0.000132760309 0.153395742178 0.078107886016 0.985073089600
1403715899.184058189392 1.686533927917 -0.393848776817 -0.403580725193 -0.006721673999 0.155424714088 0.078429110348 0.984706461430
1403715899.234058141708 1.737504363060 -0.367458194494 -0.393486261368 -0.013642780483 0.158891499043 0.075328290462 0.984323680401
1403715899.284058094025 1.791900992393 -0.347320348024 -0.395383626223 -0.020016703755 0.159537911415 0.072913371027 0.984291970730
1403715899.334058046341 1.837271451950 -0.336142301559 -0.390946894884 -0.030645113438 0.161281675100 0.070757858455 0.983891487122
1403715899.384058237076 1.887010216713 -0.318199157715 -0.387044757605 -0.036665037274 0.161979481578 0.067468032241 0.983802020550
1403715899.434058189392 1.940640568733 -0.304664134979 -0.379819184542 -0.041220173240 0.162595748901 0.061989374459 0.983880519867
1403715899.484058141708 1.986622214317 -0.293383181095 -0.374430447817 -0.041172195226 0.162065401673 0.061502236873 0.984000563622
1403715899.534058094025 2.033628940582 -0.283722341061 -0.368554174900 -0.039841484278 0.160654649138 0.061316486448 0.984298288822
1403715899.584058284760 2.076337814331 -0.283982872963 -0.354044228792 -0.040172278881 0.160591572523 0.061489600688 0.984284341335
1403715899.634057998657 2.125579357147 -0.283403903246 -0.346569716930 -0.040465764701 0.157423928380 0.063339374959 0.984666645527
1403715899.684058189392 2.165375232697 -0.279032230377 -0.329438209534 -0.038859169930 0.157942876220 0.062744550407 0.984686315060
1403715899.734058141708 2.213387966156 -0.278923302889 -0.315341830254 -0.038252659142 0.156367048621 0.060044068843 0.985129833221
1403715899.784058094025 2.254914283752 -0.275655180216 -0.296823710203 -0.034450549632 0.157303214073 0.055889796466 0.985365569592
1403715899.834058046341 2.297107458115 -0.268116354942 -0.282345592976 -0.027330107987 0.157678961754 0.049966841936 0.985846698284
1403715899.884058237076 2.330893516541 -0.277430415154 -0.261113464832 -0.023858737200 0.161054611206 0.042301874608 0.985749840736
1403715899.934058189392 2.369582414627 -0.279144495726 -0.239349141717 -0.019896440208 0.162866786122 0.034161098301 0.985855758190
1403715899.984058141708 2.408854246140 -0.284709095955 -0.216669425368 -0.018442196772 0.164553880692 0.025773188099 0.985858857632
1403715900.034058094025 2.454406738281 -0.290417134762 -0.197497129440 -0.016141071916 0.163509607315 0.020176708698 0.986203312874
1403715900.084058284760 2.487447023392 -0.294276177883 -0.172715216875 -0.014772289433 0.164105236530 0.015475159511 0.986210823059
1403715900.134057998657 2.516062498093 -0.299203455448 -0.147675901651 -0.013702327386 0.165209606290 0.012434754521 0.986084878445
1403715900.184058189392 2.543905735016 -0.307981491089 -0.120805419981 -0.014282597229 0.166306167841 0.008214967325 0.985936522484
1403715900.234058141708 2.576036691666 -0.315156280994 -0.093324556947 -0.013393132016 0.165562584996 0.005536449142 0.986092805862
1403715900.284058094025 2.594930171967 -0.326220959425 -0.064863070846 -0.014146732166 0.166866496205 0.003521881998 0.985871732235
1403715900.334058046341 2.616790771484 -0.332400470972 -0.033278912306 -0.014200044796 0.166616514325 0.002725036349 0.985915780067
1403715900.384058237076 2.631739616394 -0.339092612267 -0.003237813711 -0.013918553479 0.167081132531 0.000733402325 0.985844612122
1403715900.434058189392 2.655810832977 -0.351626187563 0.028492867947 -0.014933462255 0.163866221905 0.003417865839 0.986363649368
1403715900.484058141708 2.670384645462 -0.361403137445 0.060572672635 -0.012662749738 0.158839836717 0.013915050775 0.987125098705
1403715900.534058094025 2.677696943283 -0.377923995256 0.094112768769 -0.007225252222 0.155584231019 0.025370597839 0.987470328808
1403715900.584058284760 2.687203407288 -0.392629802227 0.129467263818 -0.000116534371 0.152143761516 0.033551126719 0.987788736820
1403715900.634057998657 2.699508428574 -0.403248667717 0.161059170961 0.010287294164 0.146612375975 0.042918175459 0.988209009171
1403715900.684058189392 2.701298475266 -0.418304085732 0.195796251297 0.021001832560 0.143439322710 0.053681682795 0.987978994846
1403715900.734058141708 2.700828075409 -0.437517493963 0.231729626656 0.033047452569 0.142160415649 0.062457986176 0.987318217754
1403715900.784058094025 2.708039999008 -0.450230717659 0.263758838177 0.046236488968 0.140402883291 0.065194830298 0.986863136292
1403715900.834058046341 2.712953805923 -0.457887947559 0.296265572309 0.060091935098 0.140826150775 0.062417197973 0.986235797405
1403715900.884058237076 2.717309713364 -0.472858428955 0.327729016542 0.068878546357 0.141413658857 0.059038370848 0.985785186291
1403715900.934058189392 2.713983058929 -0.485215187073 0.356388121843 0.075445577502 0.144268065691 0.056205164641 0.985056161880
1403715900.984058141708 2.713968515396 -0.492258787155 0.381639242172 0.083953961730 0.145263776183 0.052443407476 0.984428703785
1403715901.034058094025 2.718439340591 -0.505053222179 0.402832329273 0.092066660523 0.144152894616 0.052259527147 0.983876347542
1403715901.084058284760 2.720498561859 -0.513353526592 0.421461462975 0.099847026169 0.143916115165 0.049523554742 0.983293533325
1403715901.134057998657 2.716207027435 -0.525803923607 0.439404666424 0.106722839177 0.144381985068 0.050166081637 0.982470095158
1403715901.184058189392 2.710046529770 -0.544041156769 0.457226365805 0.110705874860 0.146124646068 0.049688734114 0.981795728207
1403715901.234058141708 2.702077865601 -0.553844571114 0.468342125416 0.115650162101 0.146402791142 0.050826910883 0.981125831604
1403715901.284058094025 2.703055620193 -0.556588590145 0.474104732275 0.119995646179 0.143788650632 0.051684129983 0.980945825577
1403715901.334058046341 2.690194606781 -0.566026985645 0.478869915009 0.118989333510 0.144519016147 0.054052926600 0.980833351612
1403715901.384058237076 2.678032636642 -0.577695369720 0.478684902191 0.112219221890 0.144304573536 0.058239087462 0.981423079967
1403715901.434058189392 2.667822360992 -0.583158731461 0.475862354040 0.102873638272 0.142109334469 0.062815345824 0.982484698296
1403715901.484058141708 2.664817810059 -0.581756591797 0.468736588955 0.092902459204 0.138648465276 0.064464397728 0.983864903450
1403715901.534058094025 2.643784046173 -0.589044392109 0.461350470781 0.081878677011 0.141042023897 0.067281924188 0.984315097332
1403715901.584058284760 2.642498493195 -0.580666065216 0.452152669430 0.079408571124 0.138083219528 0.065646871924 0.985047101974
1403715901.634057998657 2.628527402878 -0.589045584202 0.440674871206 0.074322655797 0.139679789543 0.064196892083 0.985314428806
1403715901.684058189392 2.613772392273 -0.589012861252 0.424787372351 0.073080405593 0.139212608337 0.064576826990 0.985448598862
1403715901.734058141708 2.609037637711 -0.581254065037 0.409139066935 0.070496276021 0.136089876294 0.062795110047 0.986187934875
1403715901.784058094025 2.582511186600 -0.589066624641 0.393038183451 0.062580160797 0.139021113515 0.065399974585 0.986143887043
1403715901.834058046341 2.590873479843 -0.581128537655 0.372589945793 0.057681765407 0.131276428699 0.064026296139 0.987592995167
1403715901.884058237076 2.583027362823 -0.576459527016 0.352022945881 0.052977494895 0.128524780273 0.062976837158 0.988285779953
1403715901.934058189392 2.542244911194 -0.572973430157 0.332774609327 0.050109568983 0.134375184774 0.065273053944 0.987507879734
1403715901.984058141708 2.531274318695 -0.570240974426 0.311077773571 0.047505553812 0.132131323218 0.064835287631 0.987968087196
1403715902.034058094025 2.523207902908 -0.566869974136 0.295426160097 0.048111230135 0.128155589104 0.064641781151 0.988475024700
1403715902.084058284760 2.494529247284 -0.559452116489 0.271547168493 0.051256973296 0.131408274174 0.065025128424 0.987864553928
1403715902.134057998657 2.437148809433 -0.582593381405 0.257992267609 0.044451583177 0.142959699035 0.063151270151 0.986710965633
1403715902.184058189392 2.433905363083 -0.568814039230 0.229119002819 0.046492639929 0.138721928000 0.058679465204 0.987497568130
1403715902.234058141708 2.396754980087 -0.587665200233 0.209724098444 0.037845931947 0.145200759172 0.055998805910 0.987091004848
1403715902.284058094025 2.377155542374 -0.586585283279 0.189070075750 0.032174155116 0.145236253738 0.053640812635 0.987417817116
1403715902.334058046341 2.331604957581 -0.582907676697 0.169695913792 0.026904758066 0.151713460684 0.051464281976 0.986717104912
1403715902.384058237076 2.307076931000 -0.576978266239 0.148283720016 0.022270396352 0.152449041605 0.049460716546 0.986821651459
1403715902.434058189392 2.282084226608 -0.567493915558 0.121352694929 0.019861690700 0.151852235198 0.048467226326 0.987014353275
1403715902.484058141708 2.251510620117 -0.562686324120 0.095242828131 0.016433358192 0.150092482567 0.053139094263 0.987106084824
1403715902.534058094025 2.229128122330 -0.559133648872 0.069747887552 0.012399704196 0.146433606744 0.059759579599 0.987335920334
1403715902.584058284760 2.205080747604 -0.552706241608 0.044397875667 0.008815209381 0.142055362463 0.065585307777 0.987644255161
1403715902.634057998657 2.162948846817 -0.553230524063 0.028970383108 0.004731718451 0.141363516450 0.069631285965 0.987494528294
1403715902.684058189392 2.144486904144 -0.541755497456 0.002328183502 0.002685339889 0.133736595511 0.072389341891 0.988365888596
1403715902.734058141708 2.099716186523 -0.547868609428 -0.012932762504 -0.004617724568 0.130555629730 0.074602186680 0.988619446754
1403715902.784058094025 2.070488929749 -0.543056666851 -0.032181896269 -0.010073266923 0.123046904802 0.073934540153 0.989591658115
1403715902.834058046341 2.045891761780 -0.521687924862 -0.056774936616 -0.012405297719 0.112609326839 0.071581676602 0.990980029106
1403715902.884058237076 2.018744707108 -0.519044518471 -0.072220779955 -0.018747564405 0.103876441717 0.069287814200 0.991996705532
1403715902.934058189392 1.985369801521 -0.498617589474 -0.084349602461 -0.020177086815 0.095901913941 0.063956752419 0.993129014969
1403715902.984058141708 1.959235668182 -0.486873805523 -0.094669342041 -0.021663432941 0.088047437370 0.056056436151 0.994301795959
1403715903.034058094025 1.933068990707 -0.472490519285 -0.106431357563 -0.019823290408 0.077932588756 0.049816560000 0.995515882969
1403715903.084058284760 1.905222415924 -0.470569700003 -0.117053151131 -0.021133350208 0.069036707282 0.041110828519 0.996542632580
1403715903.134057998657 1.880781054497 -0.457465827465 -0.126572921872 -0.018581843004 0.059230312705 0.032274596393 0.997549414635
1403715903.184058189392 1.851866483688 -0.449623405933 -0.134314015508 -0.017576562241 0.051434457302 0.022869957611 0.998259782791
1403715903.234058141708 1.828895449638 -0.437950760126 -0.143883123994 -0.016449626535 0.042579252273 0.018931539729 0.998778283596
1403715903.284058094025 1.800929784775 -0.434757530689 -0.149671077728 -0.020516490564 0.034744676203 0.017116595060 0.999039053917
1403715903.334058046341 1.774058580399 -0.423953235149 -0.153941452503 -0.022913549095 0.027656227350 0.016236156225 0.999222993851
1403715903.384058237076 1.747688412666 -0.425270974636 -0.158139809966 -0.029724333435 0.019755227491 0.016408151016 0.999228179455
1403715903.434058189392 1.717443823814 -0.421501487494 -0.160609215498 -0.033135008067 0.012008570135 0.016516277567 0.999242246151
1403715903.484058141708 1.693601965904 -0.423637151718 -0.163321152329 -0.035769581795 0.002614185680 0.015191201121 0.999241173267
1403715903.534058094025 1.667772054672 -0.425999999046 -0.164779052138 -0.036482807249 -0.007600808982 0.013236790895 0.999217748642
1403715903.584058284760 1.639606833458 -0.430927872658 -0.165841728449 -0.034773636609 -0.017789272591 0.009441956878 0.999192297459
1403715903.634057998657 1.615081429482 -0.444411545992 -0.164075911045 -0.035519104451 -0.029847603291 0.005798948929 0.998906373978
1403715903.684058189392 1.593030095100 -0.461731582880 -0.161488011479 -0.033612471074 -0.042895521969 0.001490834518 0.998512864113
1403715903.734058141708 1.566567659378 -0.480156332254 -0.156994879246 -0.029008874670 -0.055511184037 -0.004211967345 0.998027682304
1403715903.784058094025 1.537624359131 -0.491020232439 -0.152983263135 -0.020358577371 -0.070080138743 -0.004913969431 0.997321486473
1403715903.834058046341 1.509679794312 -0.519470632076 -0.148478031158 -0.014809420332 -0.086007542908 -0.007878005505 0.996153295040
1403715903.884058237076 1.482073545456 -0.542110145092 -0.146320402622 -0.006426588167 -0.102725528181 -0.010039321147 0.994638323784
1403715903.934058189392 1.458594441414 -0.566318094730 -0.141289368272 0.001359637710 -0.120745249093 -0.014741929248 0.992573142052
1403715903.984058141708 1.432417988777 -0.591465055943 -0.135339096189 0.009058509953 -0.138572484255 -0.020810460672 0.990092217922
1403715904.034058094025 1.404570460320 -0.616553962231 -0.129918709397 0.014892493375 -0.157141625881 -0.024621808901 0.987156808376
1403715904.084058284760 1.392955899239 -0.645701527596 -0.116570502520 0.018669011071 -0.179940626025 -0.030147416517 0.983038127422
1403715904.134057998657 1.369225621223 -0.675295770168 -0.109717339277 0.020908396691 -0.199410170317 -0.035759214312 0.979040205479
1403715904.184058189392 1.352066516876 -0.701086401939 -0.100886479020 0.023345710710 -0.219286099076 -0.044921968132 0.974346280098
1403715904.234058141708 1.333042860031 -0.722394585609 -0.093243747950 0.026119841263 -0.238346859813 -0.054349072278 0.969306349754
1403715904.284058094025 1.307899355888 -0.745282351971 -0.089230813086 0.029685933143 -0.254168629646 -0.068569459021 0.964269280434
1403715904.334058046341 1.287503838539 -0.767536401749 -0.084668785334 0.035545550287 -0.270524650812 -0.080839298666 0.958654224873
1403715904.384058237076 1.267104744911 -0.782476246357 -0.074787698686 0.042546864599 -0.286498248577 -0.093246519566 0.952582597733
1403715904.434058189392 1.252592682838 -0.794102847576 -0.063913576305 0.048850331455 -0.303431391716 -0.100886389613 0.946237266064
1403715904.484058141708 1.240348100662 -0.814427852631 -0.046757645905 0.051986955106 -0.319803565741 -0.108994312584 0.939757049084
1403715904.534058094025 1.219317078590 -0.827523231506 -0.041382297873 0.057629361749 -0.331742793322 -0.120331481099 0.933887541294
1403715904.584058284760 1.193537473679 -0.853101074696 -0.034799687564 0.061030227691 -0.343363881111 -0.130814746022 0.928043127060
1403715904.634057998657 1.175116658211 -0.861510872841 -0.029416948557 0.067426756024 -0.355981260538 -0.140489041805 0.921408653259
1403715904.684058189392 1.159375309944 -0.861755609512 -0.020813122392 0.074511647224 -0.370701134205 -0.147559806705 0.913922786713
1403715904.734058141708 1.140040159225 -0.866531908512 -0.010374456644 0.075971730053 -0.388047188520 -0.149646416306 0.906230449677
1403715904.784058094025 1.122793912888 -0.865211427212 -0.006586730480 0.075547546148 -0.407001078129 -0.149810329080 0.897886216640
1403715904.834058046341 1.103843808174 -0.865978419781 0.004204183817 0.072003342211 -0.427158653736 -0.150611832738 0.888632118702
1403715904.884058237076 1.080739259720 -0.869124650955 0.007733732462 0.069558203220 -0.446313679218 -0.152386933565 0.879058599472
1403715904.934058189392 1.062478661537 -0.868726432323 0.008453160524 0.069279208779 -0.465394437313 -0.154728904366 0.868715941906
1403715904.984058141708 1.048224568367 -0.870700001717 0.024093627930 0.068487875164 -0.487609595060 -0.156402871013 0.856203496456
1403715905.034058094025 1.030174136162 -0.869822621346 0.025509208441 0.070982299745 -0.506312251091 -0.161215260625 0.844167649746
1403715905.084058284760 1.009017348289 -0.871354877949 0.028178393841 0.073382034898 -0.524076044559 -0.165539905429 0.832199513912
1403715905.134057998657 0.994852066040 -0.866234898567 0.035269439220 0.077674835920 -0.542519569397 -0.168530955911 0.819290220737
1403715905.184058189392 0.987390756607 -0.868299007416 0.038140177727 0.080627322197 -0.558364331722 -0.172698035836 0.807405650616
1403715905.234058141708 0.979799151421 -0.869488477707 0.039479464293 0.081787019968 -0.574066638947 -0.178255125880 0.794973969460
1403715905.284058094025 0.977431178093 -0.865498363972 0.044061899185 0.078911863267 -0.586674749851 -0.188105806708 0.783710300922
1403715905.334058046341 0.968747854233 -0.866153180599 0.043607652187 0.072090230882 -0.597167313099 -0.200244620442 0.773366868496
1403715905.384058237076 0.963317215443 -0.863357782364 0.047179996967 0.065870329738 -0.607565939426 -0.211761668324 0.762680709362
1403715905.434058189392 0.966228783131 -0.863007426262 0.048122704029 0.059732865542 -0.619078040123 -0.221821784973 0.750979006290
1403715905.484058141708 0.961674809456 -0.857260286808 0.049920797348 0.053269594908 -0.629057228565 -0.231967687607 0.740027248859
1403715905.534058094025 0.962673544884 -0.857197165489 0.050127625465 0.045936737210 -0.639777064323 -0.240618839860 0.728476285934
1403715905.584058284760 0.956795752048 -0.856830358505 0.051140904427 0.037371333688 -0.651381492615 -0.247838065028 0.716157674789
1403715905.634057998657 0.964330673218 -0.857831954956 0.053129792213 0.026337463409 -0.665819048882 -0.250754892826 0.702220320702
1403715905.684058189392 0.967825829983 -0.857110261917 0.054267883301 0.015513000078 -0.679367423058 -0.253681778908 0.688378393650
1403715905.734058141708 0.975812673569 -0.858271718025 0.054505884647 0.005770068616 -0.693049907684 -0.257421016693 0.673337280750
1403715905.784058094025 0.969652950764 -0.860341191292 0.059774041176 -0.003266083542 -0.709142923355 -0.261852771044 0.654628753662
1403715905.834058046341 0.964241683483 -0.860192537308 0.058475494385 -0.013323194347 -0.722750008106 -0.267290681601 0.637189626694
1403715905.884058237076 0.967518448830 -0.861221194267 0.058535099030 -0.020609071478 -0.735767006874 -0.277482211590 0.617434859276
1403715905.934058189392 0.968627750874 -0.860888957977 0.059884071350 -0.030996730551 -0.748660981655 -0.287487208843 0.596571028233
1403715905.984058141708 0.969042599201 -0.859951555729 0.059314370155 -0.034216139466 -0.759331405163 -0.303237617016 0.574710369110
1403715906.034058094025 0.967696845531 -0.861310303211 0.060175180435 -0.041412614286 -0.771476924419 -0.312892735004 0.552454948425
1403715908.984058141708 1.297069191933 -0.426768451929 -0.323983073235 0.007638379466 0.633793056011 0.227143049240 0.739360570908
1403715909.034058094025 1.290044665337 -0.436942815781 -0.312774777412 0.002069073496 0.617329835892 0.220611065626 0.755136013031
1403715909.084058284760 1.283435225487 -0.446091920137 -0.306567370892 -0.002777731745 0.599859535694 0.217846259475 0.769872605801
1403715909.134057998657 1.275718212128 -0.455258041620 -0.290493488312 -0.007806099020 0.584517657757 0.209190472960 0.783911705017
1403715909.184058189392 1.258059024811 -0.455358475447 -0.273597478867 -0.008809933439 0.569580018520 0.205023959279 0.795905888081
1403715909.234058141708 1.249177455902 -0.462518185377 -0.260143816471 -0.010990708135 0.554041326046 0.199046552181 0.808268427849
1403715909.284058094025 1.240915298462 -0.465675145388 -0.242263019085 -0.010499636643 0.538254261017 0.196187362075 0.819562435150
1403715909.334058046341 1.225891113281 -0.470141828060 -0.226311475039 -0.010119638406 0.524446845055 0.189499139786 0.830026030540
1403715909.384058237076 1.223200559616 -0.471466392279 -0.220334559679 -0.010288561694 0.507841706276 0.184542417526 0.841388702393
1403715909.434058189392 1.210992932320 -0.475392341614 -0.197659343481 -0.010562351905 0.494396835566 0.177090033889 0.850940287113
1403715909.484058141708 1.196118354797 -0.483322978020 -0.184719890356 -0.012027947232 0.481301277876 0.166611418128 0.860491156578
1403715909.534058094025 1.182207584381 -0.478757202625 -0.162070333958 -0.011858371086 0.468021512032 0.156475350261 0.869672834873
1403715909.584058284760 1.183554172516 -0.485023409128 -0.147974818945 -0.014152665623 0.450916558504 0.148559108377 0.880002379417
1403715909.634057998657 1.163740634918 -0.488406062126 -0.125737518072 -0.013782323338 0.434900403023 0.138438060880 0.889666557312
1403715909.684058189392 1.145740628242 -0.502678275108 -0.101798966527 -0.012965938076 0.417506575584 0.131628513336 0.898996174335
1403715909.734058141708 1.132141947746 -0.498200923204 -0.082936197519 -0.010030682199 0.396508961916 0.124606922269 0.909479618073
1403715909.784058094025 1.114764571190 -0.498965382576 -0.065745681524 -0.005615269765 0.373190045357 0.119424134493 0.920019328594
1403715909.834058046341 1.091736316681 -0.504898548126 -0.041151612997 -0.002089176793 0.350764721632 0.113229714334 0.929590642452
1403715909.884058237076 1.075777530670 -0.502953231335 -0.017139971256 0.006045938004 0.323401421309 0.106571383774 0.940222024918
1403715909.934058189392 1.052481174469 -0.502352476120 0.011305242777 0.016583200544 0.297850519419 0.101398780942 0.949067115784
1403715909.984058141708 1.027245998383 -0.511338651180 0.030238069594 0.025499325246 0.269580453634 0.095396772027 0.957901656628
1403715910.034058094025 1.004756927490 -0.510615468025 0.058935724199 0.034150574356 0.240431085229 0.086775161326 0.966176331043
1403715910.084058284760 0.985125899315 -0.510198771954 0.076021224260 0.039978709072 0.209460675716 0.077289476991 0.973937511444
1403715910.134057998657 0.959790766239 -0.516996383667 0.097886472940 0.039970528334 0.180147171021 0.067571356893 0.980501651764
1403715910.184058189392 0.933314561844 -0.514289379120 0.116905644536 0.041160341352 0.150558620691 0.058334127069 0.986019849777
1403715910.234058141708 0.907822012901 -0.511868357658 0.135753229260 0.040001798421 0.122926510870 0.047153055668 0.990487515926
1403715910.284058094025 0.880020856857 -0.513499975204 0.151040822268 0.039301257581 0.096753455698 0.038570445031 0.993783950806
1403715910.334058046341 0.845670521259 -0.503670454025 0.165000498295 0.043292630464 0.073948606849 0.029451988637 0.995886504650
1403715910.384058237076 0.844020009041 -0.509823083878 0.186356946826 0.044607486576 0.043645728379 0.020007947460 0.997850120068
1403715910.434058189392 0.833907306194 -0.507182240486 0.199493557215 0.050780534744 0.016800310463 0.010947580449 0.998508512974
1403715910.484058141708 0.818704009056 -0.511271119118 0.211339786649 0.055539362133 -0.007470862940 0.002440126147 0.998425602913
1403715910.534058094025 0.783117055893 -0.502406001091 0.215886458755 0.063160628080 -0.024887306616 -0.005043892190 0.997680306435
1403715910.584058284760 0.745041549206 -0.499815076590 0.224122256041 0.067138820887 -0.041103556752 -0.011821874417 0.996826529503
1403715910.634057998657 0.729333460331 -0.494234085083 0.231432631612 0.069802008569 -0.063694097102 -0.017861720175 0.995365142822
1403715910.684058189392 0.705777943134 -0.491511195898 0.234484806657 0.070535913110 -0.083346575499 -0.023462455720 0.993744194508
1403715910.734058141708 0.658380985260 -0.490392744541 0.243451163173 0.068531803787 -0.096635356545 -0.028488947079 0.992548942566
1403715910.784058094025 0.634035706520 -0.478927552700 0.243060380220 0.070926211774 -0.115213952959 -0.033746819943 0.990230500698
1403715910.834058046341 0.611591577530 -0.482024461031 0.241175517440 0.070160426199 -0.134785577655 -0.039365202188 0.987603545189
1403715910.884058237076 0.571026921272 -0.469655185938 0.237211197615 0.072566546500 -0.148530796170 -0.044551387429 0.985234916210
1403715910.934058189392 0.544652223587 -0.469553679228 0.231651216745 0.070629477501 -0.166924282908 -0.049735434353 0.982178270817
1403715910.984058141708 0.526571393013 -0.469872772694 0.227209553123 0.067107945681 -0.187485218048 -0.053863741457 0.978490948677
1403715911.034058094025 0.492797315121 -0.478684306145 0.215430289507 0.063649944961 -0.203875198960 -0.058098848909 0.975196421146
1403715911.084058284760 0.472672551870 -0.455077260733 0.209671020508 0.071786828339 -0.223139509559 -0.061528604478 0.970190584660
1403715911.134057998657 0.450343847275 -0.452995538712 0.199463233352 0.074715025723 -0.241681203246 -0.064064659178 0.965351581573
1403715911.184058189392 0.439203858376 -0.446314573288 0.190076142550 0.077405720949 -0.263687908649 -0.068652965128 0.959043204784
1403715911.234058141708 0.407528340816 -0.433060884476 0.174596965313 0.081426769495 -0.279204130173 -0.072893790901 0.953992247581
1403715911.284058094025 0.402068674564 -0.431693583727 0.163561254740 0.079502537847 -0.302032917738 -0.078807950020 0.946702063084
1403715911.334058046341 0.362446069717 -0.415697544813 0.136824354529 0.079554282129 -0.314505457878 -0.084816701710 0.942105948925
1403715911.384058237076 0.345004439354 -0.415345877409 0.116341426969 0.074047863483 -0.332692086697 -0.089856468141 0.935819804668
1403715911.434058189392 0.331717789173 -0.399789661169 0.099013060331 0.072561256588 -0.351292669773 -0.096089117229 0.928490877151
1403715911.484058141708 0.335676938295 -0.412279635668 0.089435972273 0.060937844217 -0.372741281986 -0.099707983434 0.920548141003
1403715911.534058094025 0.323060631752 -0.410019367933 0.064817816019 0.051533695310 -0.389462560415 -0.105885066092 0.913483202457
1403715911.584058284760 0.317929953337 -0.409141272306 0.040468923748 0.040514510125 -0.405228763819 -0.113836035132 0.906195163727
1403715911.634057998657 0.295657247305 -0.356930524111 0.023733694106 0.046179324389 -0.416579902172 -0.121028423309 0.899822652340
1403715911.684058189392 0.285161912441 -0.344753503799 -0.003188852221 0.041749920696 -0.428569048643 -0.131341278553 0.892936170101
1403715911.734058141708 0.279822438955 -0.343998670578 -0.015724644065 0.038204818964 -0.443174123764 -0.143072351813 0.884119570255
1403715911.784058094025 0.262985765934 -0.333582192659 -0.045378334820 0.038160029799 -0.452603131533 -0.153848722577 0.877510547638
1403715911.834058046341 0.255962967873 -0.327283650637 -0.067819580436 0.038067627698 -0.465743601322 -0.161512777209 0.869222283363
1403715911.884058237076 0.246755808592 -0.323701828718 -0.090103529394 0.039141386747 -0.477639734745 -0.167900636792 0.861474096775
1403715911.934058189392 0.240356460214 -0.329571098089 -0.113014332950 0.037561498582 -0.490387737751 -0.173665389419 0.853199481964
1403715911.984058141708 0.231909871101 -0.316360592842 -0.147448599339 0.040873620659 -0.500205516815 -0.175520345569 0.846945285797
1403715912.034058094025 0.228759229183 -0.319256365299 -0.166359096766 0.040241301060 -0.512690007687 -0.178725481033 0.838800847530
1403715912.084058284760 0.207776561379 -0.309288710356 -0.216655522585 0.041509248316 -0.518587708473 -0.182022303343 0.834392964840
1403715912.134057998657 0.198413014412 -0.313654273748 -0.245961844921 0.039175517857 -0.528266668320 -0.182159185410 0.828382611275
1403715912.184058189392 0.195213541389 -0.312556058168 -0.273273915052 0.038998223841 -0.538222789764 -0.183032110333 0.821763157845
1403715912.234058141708 0.195761620998 -0.311195224524 -0.300694286823 0.039248626679 -0.549055099487 -0.183078810573 0.814542949200
1403715912.284058094025 0.191408962011 -0.315801262856 -0.326964139938 0.038293570280 -0.558754265308 -0.184282034636 0.807692706585
1403715912.334058046341 0.174986556172 -0.306393384933 -0.368513733149 0.040381763130 -0.564039349556 -0.186354443431 0.803430736065
1403715912.384058237076 0.171518757939 -0.315668344498 -0.396324515343 0.037851311266 -0.573156714439 -0.189493343234 0.796335935593
1403715912.434058189392 0.167660027742 -0.316050410271 -0.427217543125 0.036655157804 -0.581179916859 -0.192837223411 0.789746940136
1403715912.484058141708 0.161887973547 -0.311691701412 -0.456735223532 0.037486750633 -0.589483499527 -0.195484846830 0.782872736454
1403715912.534058094025 0.157328680158 -0.306396931410 -0.484752774239 0.037230145186 -0.598845183849 -0.197459995747 0.775247037411
1403715912.584058284760 0.158337235451 -0.306066840887 -0.500740706921 0.036418799311 -0.611653149128 -0.200579062104 0.764409661293
1403715912.634057998657 0.168988272548 -0.297576725483 -0.516749858856 0.038538549095 -0.625122845173 -0.202840998769 0.752722859383
1403715912.684058189392 0.168206036091 -0.296770304441 -0.538171947002 0.039138544351 -0.637662708759 -0.207632422447 0.740772128105
1403715912.734058141708 0.167262718081 -0.287528395653 -0.564153492451 0.040991097689 -0.650065839291 -0.210230275989 0.729066073895
1403715912.784058094025 0.173838466406 -0.285730600357 -0.577981948853 0.042003244162 -0.666377782822 -0.213663354516 0.713108897209
1403715912.834058046341 0.176423788071 -0.286326885223 -0.605604231358 0.042853116989 -0.679877698421 -0.220745146275 0.697998225689
1403715912.884058237076 0.180954247713 -0.284320652485 -0.628568053246 0.043180063367 -0.694860339165 -0.225827112794 0.681400597095
1403715912.934058189392 0.183827251196 -0.272715657949 -0.649934887886 0.043910246342 -0.710043907166 -0.230160355568 0.664030015469
1403715912.984058141708 0.189398407936 -0.265803873539 -0.672421157360 0.044989325106 -0.724682807922 -0.235412046313 0.646058797836
1403715913.034058094025 0.188349306583 -0.256738990545 -0.703404903412 0.044115029275 -0.737369120121 -0.240181639791 0.629804253578
1403715913.084058284760 0.183008491993 -0.247144311666 -0.731934130192 0.044512048364 -0.749708354473 -0.246395602822 0.612572669983
1403715913.134057998657 0.185034751892 -0.241496175528 -0.753798782825 0.044158093631 -0.762223899364 -0.252849906683 0.594249010086
1403715913.184058189392 0.184167802334 -0.233330458403 -0.776822745800 0.044537071139 -0.774395644665 -0.256939679384 0.576463222504
1403715913.234058141708 0.182094097137 -0.219996914268 -0.795254170895 0.047876231372 -0.787085056305 -0.258699208498 0.557924389839
1403715913.284058094025 0.184708774090 -0.208710521460 -0.815160274506 0.053553864360 -0.797949850559 -0.261716753244 0.540289163589
1403715913.334058046341 0.177553713322 -0.199686899781 -0.839633047581 0.060442950577 -0.806303322315 -0.264602422714 0.525554180145
1403715913.384058237076 0.180748522282 -0.190017282963 -0.861021518707 0.068971700966 -0.812886238098 -0.269140750170 0.511880934238
1403715913.434058189392 0.173621594906 -0.177489832044 -0.881681561470 0.076370865107 -0.819014549255 -0.271338522434 0.499758005142
1403715913.484058141708 0.165767669678 -0.165811061859 -0.904436290264 0.083892896771 -0.822884082794 -0.272549122572 0.491467952728
1403715913.534058094025 0.169427454472 -0.155235737562 -0.918486356735 0.093395605683 -0.826903879642 -0.273123234510 0.482608467340
1403715913.584058284760 0.173244833946 -0.143000125885 -0.939276635647 0.107230156660 -0.827314019203 -0.277187466621 0.476676285267
1403715913.634057998657 0.177362680435 -0.135758668184 -0.952936768532 0.117958232760 -0.828486800194 -0.279428809881 0.470760166645
1403715913.684058189392 0.182723999023 -0.130393296480 -0.970796346664 0.125091135502 -0.829297482967 -0.281450122595 0.466265887022
1403715913.734058141708 0.199798703194 -0.119538605213 -0.994449615479 0.127924174070 -0.828539133072 -0.284144580364 0.465209811926
1403715913.784058094025 0.215309381485 -0.106517761946 -1.019680023193 0.125334367156 -0.828109264374 -0.286575019360 0.465189307928
1403715913.834058046341 0.241241693497 -0.095512509346 -1.042276501656 0.119038395584 -0.827218770981 -0.291509926319 0.465361118317
1403715913.884058237076 0.259563565254 -0.087690711021 -1.061267375946 0.110828250647 -0.827073037624 -0.296292632818 0.464626789093
1403715913.934058189392 0.287607192993 -0.073623150587 -1.090923786163 0.102780960500 -0.825615346432 -0.299141258001 0.467236429453
1403715913.984058141708 0.312316536903 -0.063917040825 -1.112723946571 0.096793070436 -0.825480699539 -0.301279485226 0.467379301786
1403715914.034058094025 0.348664402962 -0.046855181456 -1.141592741013 0.094164110720 -0.823903679848 -0.302369177341 0.469987988472
1403715914.084058284760 0.373473644257 -0.042917877436 -1.164634227753 0.092324428260 -0.823227405548 -0.304636895657 0.470073610544
1403715914.134057998657 0.411749720573 -0.021139472723 -1.207482695580 0.093039929867 -0.819839775562 -0.305022895336 0.475570678711
1403715914.184058189392 0.445315837860 -0.013612955809 -1.232971549034 0.088678196073 -0.819639563560 -0.303964108229 0.477423280478
1403715914.234058141708 0.479527831078 0.002508640289 -1.276573777199 0.077008098364 -0.816522181034 -0.303709775209 0.484893441200
1403715914.284058094025 0.510108709335 0.009853482246 -1.301519632339 0.063398487866 -0.814700365067 -0.304876238108 0.489177316427
1403715914.334058046341 0.553141355515 0.024662107229 -1.343297123909 0.051211416721 -0.809029400349 -0.307645469904 0.498199880123
1403715914.384058237076 0.587296009064 0.035075768828 -1.373150587082 0.038960829377 -0.803709268570 -0.311973452568 0.505179345608
1403715914.434058189392 0.613237500191 0.044072717428 -1.403514623642 0.028772136196 -0.797565340996 -0.316732376814 0.512583851814
1403715914.484058141708 0.648660659790 0.054177895188 -1.435934424400 0.022074088454 -0.790917992592 -0.320451080799 0.520838379860
1403715914.534058094025 0.692563176155 0.067029178143 -1.473870396614 0.015754502267 -0.784185647964 -0.323537081480 0.529271602631
1403715914.584058284760 0.726424098015 0.074815176427 -1.510559082031 0.009834685363 -0.777944207191 -0.324508309364 0.537959516048
1403715914.634057998657 0.755198836327 0.092378713191 -1.553398132324 0.001712987316 -0.770566880703 -0.323161810637 0.549354314804
1403715914.684058189392 0.783988595009 0.100087031722 -1.592628955841 -0.010636548512 -0.764193475246 -0.320785671473 0.559456646442
1403715914.734058141708 0.811327576637 0.116910919547 -1.631316661835 -0.023437432945 -0.757733643055 -0.315748989582 0.570607602596
1403715914.784058094025 0.833137631416 0.120843887329 -1.666691303253 -0.042393472046 -0.752392351627 -0.310044139624 0.579638779163
1403715914.834058046341 0.860904693604 0.143572360277 -1.709847450256 -0.058170907199 -0.746501982212 -0.302291631699 0.589890539646
1403715914.884058237076 0.878184199333 0.153963923454 -1.743288159370 -0.073190912604 -0.742177009583 -0.296046525240 0.596802175045
1403715914.934058189392 0.893174409866 0.166365385056 -1.777735829353 -0.083348497748 -0.737796604633 -0.290609419346 0.603535771370
1403715914.984058141708 0.903302907944 0.175688952208 -1.810858488083 -0.090099409223 -0.734665215015 -0.286212027073 0.608466744423
1403715915.034058094025 0.908304452896 0.190955311060 -1.844845175743 -0.095410801470 -0.732012629509 -0.280710577965 0.613397002220
1403715915.084058284760 0.911427497864 0.200581610203 -1.873890280724 -0.099313810468 -0.730438292027 -0.276410222054 0.616598784924
1403715915.134057998657 0.909425020218 0.206996202469 -1.897472977638 -0.100224263966 -0.729406595230 -0.273976892233 0.618755042553
1403715915.184058189392 0.900822877884 0.213306665421 -1.920328855515 -0.098863758147 -0.729185581207 -0.270129173994 0.620922327042
1403715915.234058141708 0.890377402306 0.218548804522 -1.941967129707 -0.087335877120 -0.730148851871 -0.267128407955 0.622814178467
1403715915.284058094025 0.875282168388 0.220478802919 -1.962014436722 -0.071124799550 -0.731423318386 -0.265471547842 0.624088168144
1403715915.334058046341 0.858340382576 0.223797082901 -1.979127645493 -0.051371775568 -0.732592821121 -0.266546308994 0.624196887016
1403715915.384058237076 0.837300419807 0.225873082876 -1.993788361549 -0.032470639795 -0.733488976955 -0.268188029528 0.623710572720
1403715915.434058189392 0.817097067833 0.233795300126 -2.006963968277 -0.016013864428 -0.733489334583 -0.271025210619 0.623123109341
1403715915.484058141708 0.793714880943 0.239888399839 -2.015736341476 -0.003933505621 -0.734301388264 -0.271754205227 0.622041523457
1403715915.534058094025 0.769507765770 0.250022202730 -2.023464441299 0.005196619779 -0.735470771790 -0.271881788969 0.620593309402
1403715915.584058284760 0.745039463043 0.266874760389 -2.038908958435 0.013277220540 -0.735221087933 -0.271816819906 0.620797395706
1403715915.634057998657 0.718391180038 0.276591002941 -2.043310880661 0.021595062688 -0.735530316830 -0.274788886309 0.618885993958
1403715915.684058189392 0.695538282394 0.293570488691 -2.053820371628 0.028824845329 -0.735305666924 -0.276592910290 0.618054270744
1403715915.734058141708 0.669033646584 0.307897657156 -2.063944101334 0.029560066760 -0.735100209713 -0.279696673155 0.616865992546
1403715915.784058094025 0.644895792007 0.321099817753 -2.076583147049 0.025997057557 -0.734932243824 -0.282467305660 0.615963459015
1403715915.834058046341 0.617167472839 0.335679143667 -2.085408449173 0.020773475990 -0.734967112541 -0.285537809134 0.614703178406
1403715915.884058237076 0.588385105133 0.349597364664 -2.091291904449 0.015624735504 -0.734779655933 -0.288769334555 0.613569080830
1403715915.934058189392 0.559480190277 0.366400867701 -2.100476741791 0.011250968091 -0.734983563423 -0.290823221207 0.612449526787
1403715915.984058141708 0.530688762665 0.382588118315 -2.113300561905 0.010879709385 -0.735981464386 -0.289759427309 0.611761748791
1403715916.034058094025 0.504137754440 0.398109406233 -2.125728368759 0.012382219546 -0.737375855446 -0.286550372839 0.611565649509
1403715916.084058284760 0.468269348145 0.409361749887 -2.129285097122 0.014128663577 -0.739667654037 -0.282469481230 0.610657989979
1403715916.134057998657 0.437747240067 0.424225419760 -2.143778324127 0.016506778076 -0.737890660763 -0.280317604542 0.613731980324
1403715916.184058189392 0.404612302780 0.438063681126 -2.151625871658 0.019841326401 -0.736235976219 -0.274994879961 0.618013560772
1403715916.234058141708 0.370430231094 0.449047207832 -2.161895275116 0.021571492776 -0.732566714287 -0.270498931408 0.624268412590
1403715916.284058094025 0.335048437119 0.461734473705 -2.169868707657 0.023057680577 -0.727911472321 -0.266135036945 0.631494641304
1403715916.334058046341 0.298714876175 0.469539374113 -2.183968305588 0.024935454130 -0.720242500305 -0.262957453728 0.641468942165
1403715916.384058237076 0.262548685074 0.479645222425 -2.189399719238 0.024828273803 -0.713687241077 -0.257422566414 0.650974452496
1403715916.434058189392 0.229542732239 0.499982804060 -2.198992729187 0.025326967239 -0.705710649490 -0.248609736562 0.662966191769
1403715916.484058141708 0.192688465118 0.512981891632 -2.207363367081 0.022987749428 -0.696913063526 -0.242334455252 0.674579679966
1403715916.534058094025 0.157172441483 0.521138072014 -2.213572978973 0.018649853766 -0.687183499336 -0.237674504519 0.686252117157
1403715916.584058284760 0.125728130341 0.532293021679 -2.224294900894 0.016799792647 -0.675946652889 -0.233236163855 0.698866784573
1403715916.634057998657 0.093176841736 0.544907569885 -2.231641769409 0.013388612308 -0.665416002274 -0.225368797779 0.711513280869
1403715916.684058189392 0.060682773590 0.549779891968 -2.237173795700 0.007821284235 -0.655485093594 -0.218714058399 0.722801685333
1403715916.734058141708 0.021326303482 0.560748219490 -2.244836807251 0.002719124313 -0.646458208561 -0.210483521223 0.733335673809
1403715916.784058094025 -0.009731054306 0.575098991394 -2.248529672623 -0.001459749765 -0.639157831669 -0.200117498636 0.742582082748
1403715916.834058046341 -0.049019336700 0.573718845844 -2.256453514099 -0.007897949778 -0.631037592888 -0.195553928614 0.750658273697
1403715916.884058237076 -0.086103916168 0.583106517792 -2.264904260635 -0.013585687615 -0.625033020973 -0.184680774808 0.758315265179
1403715916.934058189392 -0.120027184486 0.592456102371 -2.269005775452 -0.014840073884 -0.619974672794 -0.174769818783 0.764765799046
1403715916.984058141708 -0.153148651123 0.593177735806 -2.266644477844 -0.017768051475 -0.616581261158 -0.166614726186 0.769253849983
1403715917.034058094025 -0.185922503471 0.598891854286 -2.260025024414 -0.017231293023 -0.613391041756 -0.157736629248 0.773675441742
1403715917.084058284760 -0.221292257309 0.595791220665 -2.260673522949 -0.011395390145 -0.608488380909 -0.154428035021 0.778308451176
1403715917.134057998657 -0.248804807663 0.603488564491 -2.244709968567 0.005561856553 -0.606610536575 -0.145286217332 0.781591057777
1403715917.184058189392 -0.283733606339 0.595450103283 -2.242055654526 0.025339346379 -0.597397923470 -0.147586613894 0.787840008736
1403715917.234058141708 -0.314302921295 0.596059858799 -2.232520103455 0.047559641302 -0.587960779667 -0.148756638169 0.793669760227
1403715917.284058094025 -0.340237855911 0.595706701279 -2.222611904144 0.062495790422 -0.577902138233 -0.150310337543 0.799706339836
1403715917.334058046341 -0.360399127007 0.603211760521 -2.206311941147 0.076420620084 -0.570720732212 -0.146892294288 0.804276347160
1403715917.384058237076 -0.386734724045 0.591152787209 -2.197744846344 0.080970793962 -0.562895059586 -0.149401396513 0.808870971203
1403715917.434058189392 -0.410299181938 0.588311910629 -2.191803932190 0.082605056465 -0.556478261948 -0.149219974875 0.813167810440
1403715917.484058141708 -0.424209475517 0.588409841061 -2.181822299957 0.076678596437 -0.554340958595 -0.146998971701 0.815608859062
1403715917.534058094025 -0.439627289772 0.587511479855 -2.170571804047 0.067305922508 -0.551847577095 -0.146881759167 0.818144261837
1403715917.584058284760 -0.450626373291 0.588290214539 -2.159630298615 0.055402018130 -0.552276074886 -0.143805399537 0.819293439388
1403715917.634057998657 -0.464531302452 0.589430451393 -2.153646230698 0.047093961388 -0.551993846893 -0.141521170735 0.820400416851
1403715917.684058189392 -0.476953625679 0.590550124645 -2.148561716080 0.042724832892 -0.552975773811 -0.136758521199 0.820785880089
1403715917.734058141708 -0.490699529648 0.595322668552 -2.142669677734 0.043522693217 -0.554457008839 -0.128962025046 0.821006774902
1403715917.784058094025 -0.503126025200 0.597037255764 -2.133870363235 0.047472689301 -0.555992245674 -0.124095797539 0.820499360561
1403715917.834058046341 -0.513124227524 0.599278807640 -2.128796577454 0.053391922265 -0.556304156780 -0.120258800685 0.820495486259
1403715917.884058237076 -0.516688466072 0.601601839066 -2.117403030396 0.059598315507 -0.558268308640 -0.116926163435 0.819214761257
1403715917.934058189392 -0.519633889198 0.600876629353 -2.109361648560 0.065342992544 -0.558264970779 -0.118094265461 0.818611204624
1403715917.984058141708 -0.520893931389 0.598955512047 -2.100530385971 0.069864347577 -0.558411419392 -0.120953232050 0.817720055580
1403715918.034058094025 -0.517346262932 0.602449357510 -2.088624477386 0.076364211738 -0.557586908340 -0.125153198838 0.817069172859
1403715918.084058284760 -0.516066551208 0.604837656021 -2.081471681595 0.081073150039 -0.552833199501 -0.131264030933 0.818884849548
1403715918.134057998657 -0.509923934937 0.605449318886 -2.070797920227 0.083393082023 -0.546819984913 -0.138817802072 0.821439743042
1403715918.184058189392 -0.505908846855 0.605666995049 -2.068844795227 0.085783272982 -0.538241207600 -0.143339395523 0.826069891453
1403715918.234058141708 -0.493581891060 0.595857024193 -2.055583000183 0.084560565650 -0.534138441086 -0.144240766764 0.828697919846
1403715918.284058094025 -0.483386516571 0.594041645527 -2.050441026688 0.081589914858 -0.528718769550 -0.139959320426 0.833193242550
1403715918.334058046341 -0.470057964325 0.594894826412 -2.043397903442 0.072411313653 -0.524278283119 -0.134146332741 0.837790966034
1403715918.384058237076 -0.453835368156 0.599363565445 -2.033281326294 0.059887938201 -0.519266843796 -0.128042399883 0.842840731144
1403715918.434058189392 -0.438845276833 0.599505662918 -2.029530286789 0.044459380209 -0.512522995472 -0.125191584229 0.848334014416
1403715918.484058141708 -0.421010494232 0.612789332867 -2.021429300308 0.031106991693 -0.505854427814 -0.119795203209 0.853693604469
1403715918.534058094025 -0.404146790504 0.629645347595 -2.008584737778 0.022682365030 -0.499166816473 -0.115337237716 0.858495950699
1403715918.584058284760 -0.386079430580 0.635844886303 -1.994032859802 0.013410455547 -0.492032974958 -0.113045752048 0.863101601601
1403715918.634057998657 -0.368721902370 0.651480257511 -1.979419469833 0.009805386886 -0.485335320234 -0.111774131656 0.867098689079
1403715918.684058189392 -0.347155094147 0.660427689552 -1.971228480339 0.007005454972 -0.476985901594 -0.113288395107 0.871551036835
1403715918.734058141708 -0.326170265675 0.667070865631 -1.953861117363 0.007512833457 -0.469902455807 -0.121413037181 0.874296367168
1403715918.784058094025 -0.302689850330 0.675376713276 -1.937264084816 0.010256689042 -0.463688343763 -0.130091130733 0.876335680485
1403715918.834058046341 -0.280811786652 0.682633519173 -1.924361705780 0.010299739428 -0.456019729376 -0.141058608890 0.878659427166
1403715918.884058237076 -0.261627733707 0.685661017895 -1.919233918190 0.007537518628 -0.447520136833 -0.153719499707 0.880930960178
1403715918.934058189392 -0.238217890263 0.690585672855 -1.906391859055 0.003834545147 -0.442615836859 -0.164945229888 0.881402075291
1403715918.984058141708 -0.217908322811 0.687214672565 -1.900562882423 -0.003967205528 -0.437580674887 -0.172017842531 0.882562875748
1403715919.034058094025 -0.202717840672 0.683323979378 -1.895259857178 -0.010453231633 -0.432581037283 -0.180374786258 0.883305907249
1403715919.084058284760 -0.173299491405 0.677793025970 -1.873546123505 -0.013988675550 -0.432679295540 -0.186442166567 0.881947994232
1403715919.134057998657 -0.156372904778 0.668230772018 -1.860561490059 -0.012378683314 -0.430833786726 -0.194531410933 0.881128013134
1403715919.184058189392 -0.142495155334 0.661057770252 -1.849053978920 -0.005745482631 -0.428714573383 -0.202733725309 0.880380570889
1403715919.234058141708 -0.128173112869 0.650513470173 -1.832077145576 0.003190665040 -0.428345143795 -0.210724517703 0.878695309162
1403715919.284058094025 -0.120210945606 0.641223311424 -1.821616530418 0.015758119524 -0.427547067404 -0.216661617160 0.877503871918
1403715919.334058046341 -0.112588763237 0.630045831203 -1.808361768723 0.027794338763 -0.428133159876 -0.222326055169 0.875500202179
1403715919.384058237076 -0.114994287491 0.626654684544 -1.812499403954 0.034333970398 -0.426285028458 -0.219540536404 0.876871883869
1403715919.434058189392 -0.112513840199 0.621642827988 -1.809369087219 0.034996621311 -0.429109573364 -0.211562678218 0.877428889275
1403715919.484058141708 -0.112144708633 0.620280504227 -1.798689842224 0.034973394126 -0.433974504471 -0.202133700252 0.877259969711
1403715919.534058094025 -0.113863289356 0.616061449051 -1.793017268181 0.033294722438 -0.437252223492 -0.195222228765 0.877262890339
1403715919.584058284760 -0.116620242596 0.623453736305 -1.784814715385 0.034320361912 -0.440132439137 -0.187276944518 0.877515196800
1403715919.634057998657 -0.116395235062 0.631233990192 -1.772227168083 0.033976290375 -0.443295001984 -0.180401653051 0.877376973629
1403715919.684058189392 -0.121925175190 0.636152625084 -1.765283584595 0.033337891102 -0.443706989288 -0.178805828094 0.877519905567
1403715919.734058141708 -0.126998543739 0.646267890930 -1.757297277451 0.033975206316 -0.443303793669 -0.178796917200 0.877701044083
1403715919.784058094025 -0.131313204765 0.658367276192 -1.746645808220 0.036280378699 -0.442327588797 -0.180072933435 0.877840399742
1403715919.834058046341 -0.138267695904 0.669514179230 -1.739804744720 0.037348665297 -0.441638022661 -0.181720837951 0.877803206444
1403715919.884058237076 -0.145478427410 0.683106899261 -1.730411529541 0.038613282144 -0.441361606121 -0.183605179191 0.877495348454
1403715919.934058189392 -0.153117954731 0.699078321457 -1.722778677940 0.036666568369 -0.441405892372 -0.184874594212 0.877290010452
1403715919.984058141708 -0.161581456661 0.709645688534 -1.718057870865 0.030216732994 -0.441811174154 -0.186685875058 0.876948237419
1403715920.034058094025 -0.172588825226 0.718817710876 -1.716369032860 0.025034880266 -0.441624313593 -0.188188403845 0.876884460449
1403715920.084058284760 -0.182723522186 0.727494716644 -1.712496161461 0.020347312093 -0.443037360907 -0.188839823008 0.876152634621
1403715920.134057998657 -0.194827020168 0.737589120865 -1.712470889091 0.016373617575 -0.444184213877 -0.188462838531 0.875736296177
1403715920.184058189392 -0.207213103771 0.741199731827 -1.712707519531 0.013304820284 -0.445660024881 -0.187518149614 0.875241219997
1403715920.234058141708 -0.221312761307 0.741053044796 -1.713489770889 0.009484827518 -0.448632955551 -0.184541329741 0.874404370785
1403715920.284058094025 -0.240216851234 0.740917801857 -1.719428539276 0.010547338054 -0.451711475849 -0.180182561278 0.873716115952
1403715920.334058046341 -0.257255494595 0.733964562416 -1.719250917435 0.012056093663 -0.457721740007 -0.174654662609 0.871688723564
1403715920.384058237076 -0.273322880268 0.728458344936 -1.721657991409 0.013873899356 -0.463389039040 -0.170210301876 0.869543910027
1403715920.434058189392 -0.291234612465 0.720169186592 -1.727475881577 0.016491126269 -0.468179434538 -0.164160281420 0.868094205856
1403715920.484058141708 -0.312783718109 0.714270591736 -1.734819412231 0.020423544571 -0.471487224102 -0.159385189414 0.867109656334
1403715920.534058094025 -0.331283509731 0.707939028740 -1.738481521606 0.025165650994 -0.475941270590 -0.153749480844 0.865567862988
1403715920.584058284760 -0.351382374763 0.699534595013 -1.743084430695 0.029568053782 -0.478992611170 -0.148889794946 0.864594519138
1403715920.634057998657 -0.368399262428 0.693886399269 -1.746192693710 0.034169614315 -0.482919782400 -0.143373772502 0.863171398640
1403715920.684058189392 -0.385589957237 0.685579061508 -1.750924587250 0.038047380745 -0.486517459154 -0.139177098870 0.861674487591
1403715920.734058141708 -0.401458382607 0.677691400051 -1.754797697067 0.043968357146 -0.490380316973 -0.136119216681 0.859689176083
1403715920.784058094025 -0.415022313595 0.666715323925 -1.760042428970 0.047392528504 -0.495652556419 -0.133632972836 0.856869161129
1403715920.834058046341 -0.428666532040 0.654987394810 -1.769631981850 0.049840204418 -0.499321997166 -0.134303569794 0.854491710663
1403715920.884058237076 -0.440027952194 0.642426609993 -1.776017427444 0.049882497638 -0.504965364933 -0.136600658298 0.850800812244
1403715920.934058189392 -0.447840094566 0.627808928490 -1.784313201904 0.045901630074 -0.511321485043 -0.138065263629 0.846983671188
1403715920.984058141708 -0.456156015396 0.611181378365 -1.794906377792 0.037569075823 -0.517459094524 -0.142175972462 0.842977225780
1403715921.034058094025 -0.460907697678 0.589082598686 -1.805362582207 0.028680488467 -0.524115085602 -0.147071123123 0.838362038136
1403715921.084058284760 -0.467464327812 0.572323620319 -1.816045761108 0.022991558537 -0.529686748981 -0.153165742755 0.833932638168
1403715921.134057998657 -0.470986962318 0.554891586304 -1.826554417610 0.019430361688 -0.535070419312 -0.158851534128 0.829510867596
1403715921.184058189392 -0.474634170532 0.537299335003 -1.834808111191 0.018933866173 -0.540126383305 -0.163226738572 0.825385928154
1403715921.234058141708 -0.474374294281 0.521931946278 -1.838795900345 0.019551873207 -0.545045793056 -0.166154459119 0.821544587612
1403715921.284058094025 -0.481595277786 0.498508661985 -1.848796963692 0.020049529150 -0.546790957451 -0.172478646040 0.819065809250
1403715921.334058046341 -0.486650466919 0.479213982821 -1.855859160423 0.021298857406 -0.547737598419 -0.178729936481 0.817059040070
1403715921.384058237076 -0.484746456146 0.462417930365 -1.856783747673 0.022823547944 -0.550359249115 -0.183278888464 0.814243614674
1403715921.434058189392 -0.488108992577 0.443488180637 -1.863120317459 0.024678638205 -0.550177395344 -0.189180925488 0.812961399555
1403715921.484058141708 -0.491855025291 0.422043502331 -1.867167353630 0.024995157495 -0.550940990448 -0.192716300488 0.811603188515
1403715921.534058094025 -0.495977044106 0.401514977217 -1.873936533928 0.026336133480 -0.551191449165 -0.194230005145 0.811029672623
1403715921.584058284760 -0.503586769104 0.380134284496 -1.880863428116 0.026758108288 -0.551067948341 -0.196195602417 0.810626566410
1403715921.634057998657 -0.514300227165 0.351423203945 -1.891230106354 0.027444753796 -0.549609959126 -0.197432458401 0.811292886734
1403715921.684058189392 -0.524044871330 0.332148879766 -1.900500416756 0.027205189690 -0.548804104328 -0.196803987026 0.811998784542
1403715921.734058141708 -0.531732797623 0.303049445152 -1.909277319908 0.026055924594 -0.549050569534 -0.195749476552 0.812124729156
1403715921.784058094025 -0.538843512535 0.277890801430 -1.917402982712 0.024223586544 -0.550680220127 -0.190437287092 0.812341153622
1403715921.834058046341 -0.548139452934 0.247985169291 -1.926697969437 0.022156013176 -0.551311075687 -0.188221350312 0.812488734722
1403715921.884058237076 -0.557792901993 0.221160396934 -1.937402486801 0.020206503570 -0.551495194435 -0.185825318098 0.812965989113
1403715921.934058189392 -0.564740419388 0.201250538230 -1.946196794510 0.021247399971 -0.551516354084 -0.181105569005 0.813989579678
1403715921.984058141708 -0.578473925591 0.182343453169 -1.953335523605 0.020953584462 -0.550327003002 -0.179165348411 0.815230607986
1403715922.034058094025 -0.584567666054 0.155034318566 -1.956539392471 0.020485267043 -0.550607740879 -0.179343268275 0.815013766289
1403715922.084058284760 -0.594971776009 0.133510753512 -1.964811563492 0.023498712108 -0.548875689507 -0.180212259293 0.815908610821
1403715922.134057998657 -0.603662848473 0.113617949188 -1.969503521919 0.026617763564 -0.549471795559 -0.174234062433 0.816709637642
1403715922.184058189392 -0.613963842392 0.087120831013 -1.975830197334 0.029621295631 -0.549550235271 -0.172090411186 0.817007958889
1403715922.234058141708 -0.623669624329 0.062895156443 -1.985351085663 0.033914934844 -0.549077033997 -0.168019771576 0.818005859852
1403715922.284058094025 -0.633055090904 0.033456709236 -1.992349267006 0.037369024009 -0.549360394478 -0.166386112571 0.817999005318
1403715922.334058046341 -0.639053106308 0.012663103640 -1.995617032051 0.043184150010 -0.550300598145 -0.160998970270 0.818158745766
1403715922.384058237076 -0.638511180878 0.000378116965 -1.996742486954 0.051856599748 -0.551115572453 -0.157177552581 0.817849516869
1403715922.434058189392 -0.644977450371 -0.035483859479 -2.006232738495 0.053211238235 -0.549538195133 -0.163363307714 0.817611634731
1403715922.484058141708 -0.644232630730 -0.060450121760 -2.012551069260 0.054766084999 -0.550434947014 -0.161447733641 0.817286193371
1403715922.534058094025 -0.651303648949 -0.095588400960 -2.023215532303 0.052889656276 -0.550480067730 -0.164243012667 0.816822290421
1403715922.584058284760 -0.651132822037 -0.123039737344 -2.029322624207 0.052660807967 -0.552695453167 -0.160538002849 0.816077351570
1403715922.634057998657 -0.653208851814 -0.151103496552 -2.037857055664 0.052353471518 -0.554051995277 -0.158093988895 0.815654277802
1403715922.684058189392 -0.650270938873 -0.179694458842 -2.040785312653 0.050464943051 -0.556510090828 -0.155361056328 0.814624309540
1403715922.734058141708 -0.652571201324 -0.198043048382 -2.049276351929 0.051708519459 -0.555681824684 -0.155351445079 0.815113484859
1403715922.784058094025 -0.653653144836 -0.213800251484 -2.057093381882 0.054373722523 -0.554340422153 -0.158065021038 0.815331697464
1403715922.834058046341 -0.651299953461 -0.235370948911 -2.059106349945 0.053993031383 -0.554347693920 -0.162160471082 0.814547359943
1403715922.884058237076 -0.650096416473 -0.249168232083 -2.061483860016 0.054734949023 -0.553939938545 -0.165639534593 0.814075052738
1403715922.934058189392 -0.647594213486 -0.259507060051 -2.064260959625 0.056020282209 -0.553192436695 -0.168759062886 0.813855171204
1403715922.984058141708 -0.646906852722 -0.269939005375 -2.068268299103 0.056364554912 -0.552586495876 -0.170343548059 0.813912928104
1403715923.034058094025 -0.646922111511 -0.285804033279 -2.074813127518 0.055560443550 -0.551587879658 -0.174827709794 0.813694715500
1403715923.084058284760 -0.642555475235 -0.293105483055 -2.076694250107 0.055820647627 -0.551810264587 -0.176083922386 0.813255131245
1403715923.134057998657 -0.640064835548 -0.300962030888 -2.084195375443 0.054727938026 -0.550700426102 -0.177979886532 0.813668906689
1403715923.184058189392 -0.633129000664 -0.309496581554 -2.088312625885 0.052497215569 -0.550884306431 -0.179320126772 0.813397169113
1403715923.234058141708 -0.632199764252 -0.321633368731 -2.098846435547 0.049075368792 -0.548550605774 -0.183287695050 0.814303040504
1403715923.284058094025 -0.625324249268 -0.333831846714 -2.107434988022 0.044714819640 -0.549224793911 -0.184328764677 0.813864588737
1403715923.334058046341 -0.621048688889 -0.352254390717 -2.116971254349 0.038697835058 -0.550486147404 -0.183105066419 0.813596963882
1403715923.384058237076 -0.614965319633 -0.364855200052 -2.126192569733 0.033647552133 -0.552897870541 -0.179058089852 0.813086688519
1403715923.434058189392 -0.611523866653 -0.378975063562 -2.138144016266 0.029067343101 -0.554703772068 -0.174408361316 0.813044071198
1403715923.484058141708 -0.606472373009 -0.392432838678 -2.146742105484 0.023281484842 -0.557685196400 -0.169115662575 0.812308490276
1403715923.534058094025 -0.604107022285 -0.402540922165 -2.159532546997 0.018709423020 -0.558613538742 -0.163310453296 0.812976360321
1403715923.584058284760 -0.601455807686 -0.405389428139 -2.170774221420 0.016884559765 -0.560261726379 -0.156903728843 0.813143849373
1403715923.634057998657 -0.597350716591 -0.409966856241 -2.176764488220 0.014079688117 -0.562186002731 -0.151770889759 0.812843322754
1403715923.684058189392 -0.595971345901 -0.416979581118 -2.178758144379 0.010878869332 -0.563719093800 -0.148500055075 0.812434792519
1403715923.734058141708 -0.593592524529 -0.415494203568 -2.180796623230 0.009800591506 -0.564486384392 -0.145853608847 0.812395095825
1403715923.784058094025 -0.588249564171 -0.409562408924 -2.174237012863 0.010510380380 -0.566842913628 -0.142330422997 0.811369657516
1403715923.834058046341 -0.584412693977 -0.399998575449 -2.168089151382 0.014196023345 -0.567767202854 -0.140243977308 0.811030507088
1403715923.884058237076 -0.579385161400 -0.387305617332 -2.159522056580 0.020831136033 -0.568903207779 -0.137337774038 0.810588479042
1403715923.934058189392 -0.575513839722 -0.376478195190 -2.151468515396 0.026994744316 -0.569494485855 -0.134578421712 0.810454249382
1403715923.984058141708 -0.572166919708 -0.362518548965 -2.142316818237 0.033653803170 -0.568880617619 -0.133792445064 0.810766279697
1403715924.034058094025 -0.565818786621 -0.342301905155 -2.131631374359 0.040520481765 -0.568286001682 -0.133919522166 0.810848176479
1403715924.084058284760 -0.557184934616 -0.324714720249 -2.115438222885 0.046537239105 -0.567754864693 -0.136012554169 0.810548782349
1403715924.134057998657 -0.547869205475 -0.307460576296 -2.101549863815 0.050436407328 -0.566376924515 -0.139449164271 0.810695588589
1403715924.184058189392 -0.538563370705 -0.288480401039 -2.088231086731 0.052910700440 -0.564458072186 -0.141977012157 0.811437129974
1403715924.234058141708 -0.527684450150 -0.270171523094 -2.077493190765 0.052712175995 -0.561322510242 -0.147266700864 0.812681436539
1403715924.284058094025 -0.514837861061 -0.251258134842 -2.061335086823 0.051921870559 -0.560487210751 -0.150244370103 0.812763690948
1403715924.334058046341 -0.499007582664 -0.230861112475 -2.043914318085 0.051862277091 -0.559533596039 -0.153306469321 0.812852740288
1403715924.384058237076 -0.485174059868 -0.212417423725 -2.030507564545 0.050152633339 -0.556997239590 -0.158744737506 0.813657701015
1403715924.434058189392 -0.470698595047 -0.195276051760 -2.019155263901 0.044278707355 -0.554814338684 -0.161010637879 0.815043568611
1403715924.484058141708 -0.452638745308 -0.177772000432 -2.005994558334 0.038930065930 -0.552547156811 -0.165816590190 0.815892755985
1403715924.534058094025 -0.437037706375 -0.159270480275 -1.984836578369 0.032824255526 -0.552299082279 -0.169263526797 0.815621316433
1403715924.584058284760 -0.422107934952 -0.145163431764 -1.970001697540 0.028135100380 -0.550949931145 -0.173158153892 0.815891504288
1403715924.634057998657 -0.405683279037 -0.125966995955 -1.959863662720 0.022734066471 -0.549189209938 -0.170229494572 0.817860782146
1403715924.684058189392 -0.387928009033 -0.106149762869 -1.940304160118 0.017659040168 -0.548731267452 -0.164336070418 0.819497346878
1403715924.734058141708 -0.376243710518 -0.095580741763 -1.928194403648 0.013018341735 -0.545046091080 -0.159867510200 0.822920262814
1403715924.784058094025 -0.357988834381 -0.087617024779 -1.907075643539 0.009284081869 -0.542085587978 -0.154975414276 0.825856924057
1403715924.834058046341 -0.345345377922 -0.068669937551 -1.890565514565 0.010684379376 -0.535313606262 -0.148589327931 0.831412315369
1403715924.884058237076 -0.327912211418 -0.051447156817 -1.867833852768 0.011047635227 -0.527950167656 -0.141195371747 0.837383091450
1403715924.934058189392 -0.310661792755 -0.036916267127 -1.851235866547 0.013441914693 -0.517958939075 -0.134252384305 0.844697654247
1403715924.984058141708 -0.299136579037 -0.039228502661 -1.816197633743 0.015469245613 -0.509091973305 -0.131484851241 0.850469172001
1403715925.034058094025 -0.274621546268 -0.017944984138 -1.788392663002 0.025281377137 -0.498131066561 -0.122387915850 0.858048677444
1403715925.084058284760 -0.260900497437 -0.012621434405 -1.773219823837 0.034793838859 -0.482510983944 -0.117981158197 0.867209911346
1403715925.134057998657 -0.235589802265 -0.004162380937 -1.747207045555 0.044511970133 -0.470097303391 -0.112148322165 0.874328315258
1403715925.184058189392 -0.217734754086 -0.004487556871 -1.733018994331 0.049789477140 -0.454082578421 -0.108819112182 0.882886409760
1403715925.234058141708 -0.191190183163 0.001815264812 -1.706179618835 0.052184958011 -0.442667961121 -0.100461550057 0.889510750771
1403715925.284058094025 -0.167574048042 0.000957247801 -1.695518016815 0.050459176302 -0.427119106054 -0.095973633230 0.897670447826
1403715925.334058046341 -0.126097202301 0.012668142095 -1.675511479378 0.049212105572 -0.416334420443 -0.087353102863 0.903666615486
1403715925.384058237076 -0.103384763002 0.005134649575 -1.659101605415 0.041476000100 -0.401605218649 -0.082222886384 0.911170899868
1403715925.434058189392 -0.070788532495 0.007731504738 -1.637331843376 0.034974429756 -0.389408648014 -0.074266567826 0.917399704456
1403715925.484058141708 -0.039210706949 0.001709558070 -1.620145797729 0.025473373011 -0.375475674868 -0.069133654237 0.923899173737
1403715925.534058094025 -0.017972767353 -0.011005662382 -1.608099222183 0.016777127981 -0.359787881374 -0.066097140312 0.930538773537
1403715925.584058284760 0.009660989046 -0.017723556608 -1.593744754791 0.011373544112 -0.343575507402 -0.062109459192 0.936999976635
1403715925.634057998657 0.049131780863 -0.013316947967 -1.571805000305 0.009501359425 -0.329225093126 -0.054951742291 0.942603230476
1403715925.684058189392 0.076508305967 -0.025627827272 -1.558507561684 0.008486338891 -0.312371581793 -0.051807459444 0.948508262634
1403715925.734058141708 0.116858690977 -0.030943350866 -1.537247657776 0.008109082468 -0.298117756844 -0.044950228184 0.953435659409
1403715925.784058094025 0.138916730881 -0.036753933877 -1.521005392075 0.007655633148 -0.280193954706 -0.039482198656 0.959100604057
1403715925.834058046341 0.184448108077 -0.040157411247 -1.500129222870 0.009406130761 -0.265503764153 -0.033850174397 0.963469505310
1403715925.884058237076 0.218736976385 -0.045634832233 -1.480091810226 0.011012399569 -0.248363882303 -0.028408175334 0.968187570572
1403715925.934058189392 0.253929972649 -0.049437321723 -1.458578824997 0.013965381309 -0.231017708778 -0.025803640485 0.972507059574
1403715925.984058141708 0.273694097996 -0.056403666735 -1.443530917168 0.016418268904 -0.210824593902 -0.020575072616 0.977169454098
1403715926.034058094025 0.300325065851 -0.035572677851 -1.422791361809 0.024586953223 -0.191724106669 -0.012500276789 0.981061220169
1403715926.084058284760 0.359070897102 -0.039837427437 -1.391584515572 0.029516533017 -0.177525594831 -0.003403777024 0.983667612076
1403715926.134057998657 0.390018880367 -0.048069290817 -1.372399568558 0.034320726991 -0.158188998699 0.006401351653 0.986791431904
1403715926.184058189392 0.426397264004 -0.033479921520 -1.349437832832 0.042122785002 -0.139355689287 0.015741296113 0.989220857620
1403715926.234058141708 0.442545950413 -0.036303881556 -1.331716775894 0.045042913407 -0.116469427943 0.024978576228 0.991857945919
1403715926.284058094025 0.485605120659 -0.027869947255 -1.317393064499 0.049076180905 -0.096711590886 0.033407777548 0.993540287018
1403715926.334058046341 0.530089616776 -0.021009735763 -1.283923029900 0.053124871105 -0.076516993344 0.040022686124 0.994847297668
1403715926.384058237076 0.574356675148 -0.009935164824 -1.274282455444 0.056339725852 -0.055894147605 0.045193180442 0.995820879936
1403715926.434058189392 0.617032647133 0.000768828671 -1.246771216393 0.062863558531 -0.033412873745 0.047432549298 0.996334254742
1403715926.484058141708 0.669515192509 0.007979039103 -1.230041027069 0.068442255259 -0.012962247245 0.049815651029 0.996326267719
1403715926.534058094025 0.711371064186 0.021511865780 -1.213253021240 0.071152262390 0.009297419339 0.052730262280 0.996027350426
1403715926.584058284760 0.769597947598 0.049828812480 -1.198437333107 0.072594329715 0.027272760868 0.054468013346 0.995499610901
1403715926.634057998657 0.820429205894 0.063776239753 -1.185461878777 0.066778138280 0.046501919627 0.058031257242 0.994992792606
1403715926.684058189392 0.860152423382 0.073230221868 -1.168000459671 0.058477468789 0.066640347242 0.063576675951 0.994030892849
1403715926.734058141708 0.914326131344 0.102927744389 -1.156568527222 0.051629319787 0.084096543491 0.066147685051 0.992918312550
1403715926.784058094025 0.962070643902 0.117978610098 -1.162977457047 0.042565334588 0.101529136300 0.067728213966 0.991611301899
1403715926.834058046341 1.009934186935 0.129785284400 -1.152078509331 0.032335389405 0.119768738747 0.067329831421 0.989988148212
1403715926.884058237076 1.057205915451 0.146997913718 -1.148195862770 0.024418648332 0.135909914970 0.068158283830 0.988072216511
1403715926.934058189392 1.103825092316 0.159680128098 -1.147321224213 0.018554843962 0.150534272194 0.069123134017 0.986010730267
1403715926.984058141708 1.158032059669 0.174649924040 -1.144158124924 0.013424029574 0.163155570626 0.071973331273 0.983880043030
1403715927.034058094025 1.202829957008 0.179038897157 -1.144380331039 0.010867425241 0.175764739513 0.074590668082 0.981542110443
1403715927.084058284760 1.243800520897 0.189059332013 -1.141515254974 0.013423179276 0.188924804330 0.077048726380 0.978872179985
1403715927.134057998657 1.292607784271 0.197195380926 -1.143916487694 0.016105040908 0.200952857733 0.077932670712 0.976363241673
1403715927.184058189392 1.333764314651 0.204194575548 -1.144337177277 0.019332902506 0.216222792864 0.072376951575 0.973465740681
1403715927.234058141708 1.382321953773 0.215729564428 -1.147005796432 0.023195499554 0.229739665985 0.067141763866 0.970656275749
1403715927.284058094025 1.421087503433 0.218756079674 -1.148950219154 0.024701964110 0.244560956955 0.060918413103 0.967403113842
1403715927.334058046341 1.450723409653 0.223093777895 -1.143034458160 0.027350479737 0.260372728109 0.054262869060 0.963594079018
1403715927.384058237076 1.497404336929 0.231994494796 -1.149005055428 0.035012409091 0.271057605743 0.050624229014 0.960593104362
1403715927.434058189392 1.535432577133 0.243302837014 -1.153472304344 0.043432854116 0.282330244780 0.049615535885 0.957048356533
1403715927.484058141708 1.560791254044 0.242842391133 -1.152210116386 0.053126212209 0.292806178331 0.055265657604 0.953093886375
1403715927.534058094025 1.591422796249 0.249413400888 -1.163394689560 0.064287111163 0.299874007702 0.065977700055 0.949520766735
1403715927.584058284760 1.614246249199 0.253335773945 -1.168935537338 0.073997989297 0.309078186750 0.075721226633 0.945124983788
1403715927.634057998657 1.639869332314 0.259902626276 -1.177203774452 0.083798587322 0.317824661732 0.088158175349 0.940315604210
1403715927.684058189392 1.653580069542 0.265264868736 -1.182404756546 0.088987678289 0.330831944942 0.097243845463 0.934438407421
1403715927.734058141708 1.666947841644 0.275007784367 -1.193728923798 0.090736314654 0.344616711140 0.104813180864 0.928450584412
1403715927.784058094025 1.677332997322 0.286271691322 -1.199517846107 0.088382311165 0.362392991781 0.109131447971 0.921384990215
1403715927.834058046341 1.688482642174 0.295018941164 -1.218425750732 0.083041295409 0.380029857159 0.112278893590 0.914371311665
1403715927.884058237076 1.694182395935 0.305775702000 -1.232087731361 0.077276870608 0.399503171444 0.116391897202 0.906023442745
1403715927.934058189392 1.703421354294 0.319413840771 -1.252536296844 0.069489434361 0.418340981007 0.118699535728 0.897815406322
1403715927.984058141708 1.701221227646 0.331476688385 -1.267463564873 0.060824301094 0.438949763775 0.123256877065 0.887936532497
1403715928.034058094025 1.707104444504 0.345475375652 -1.290581464767 0.053148727864 0.457501202822 0.129740029573 0.878086209297
1403715928.084058284760 1.699368000031 0.360198676586 -1.311546683311 0.047275569290 0.475902110338 0.139751881361 0.867036104202
1403715928.134057998657 1.692175626755 0.379574894905 -1.323398232460 0.041996534914 0.494452238083 0.153514206409 0.854509651661
1403715928.184058189392 1.685761928558 0.401324570179 -1.349708437920 0.035859018564 0.511236727238 0.166394919157 0.842415511608
1403715928.234058141708 1.679397583008 0.427237510681 -1.368498563766 0.035907816142 0.528519392014 0.179162248969 0.829022765160
1403715928.284058094025 1.667069196701 0.453520536423 -1.387952089310 0.037731841207 0.547347009182 0.187863498926 0.814674735069
1403715928.334058046341 1.648271560669 0.473358690739 -1.398947715759 0.041610430926 0.568450629711 0.194582432508 0.798291921616
1403715928.384058237076 1.634238004684 0.500530779362 -1.418562889099 0.046120978892 0.587014675140 0.199271127582 0.783311963081
1403715928.434058189392 1.618913412094 0.534176528454 -1.433947086334 0.051295906305 0.604229271412 0.204238891602 0.768480539322
1403715928.484058141708 1.593156814575 0.556234598160 -1.447986364365 0.051681715995 0.619816899300 0.213437229395 0.753392696381
1403715928.534058094025 1.567170500755 0.579211473465 -1.470207333565 0.046131793410 0.631609439850 0.224679529667 0.740581274033
1403715928.584058284760 1.539874911308 0.605816364288 -1.484390377998 0.041461478919 0.641807138920 0.236237421632 0.728393077850
1403715928.634057998657 1.515299439430 0.630610048771 -1.499640941620 0.036591757089 0.650538027287 0.244787499309 0.718011498451
1403715928.684058189392 1.485450148582 0.653330922127 -1.522347569466 0.028455559164 0.656325280666 0.251883715391 0.710620880127
1403715928.734058141708 1.454883694649 0.673364996910 -1.538567423820 0.015541653149 0.660016477108 0.260357230902 0.704521775246
1403715928.784058094025 1.419325709343 0.696598649025 -1.565145492554 0.000806590077 0.658847749233 0.272787481546 0.701074898243
1403715928.834058046341 1.385688304901 0.712402820587 -1.586745619774 -0.015607696027 0.655301451683 0.284049093723 0.699751734734
1403715928.884058237076 1.347919225693 0.725505471230 -1.616281032562 -0.030670527369 0.648007035255 0.295523464680 0.701293170452
1403715928.934058189392 1.319286584854 0.733832716942 -1.644920349121 -0.042783536017 0.638800919056 0.303422063589 0.705718100071
1403715928.984058141708 1.289735913277 0.732592701912 -1.673236846924 -0.055504560471 0.627809524536 0.310878157616 0.711427688599
1403715929.034058094025 1.266740918159 0.727473437786 -1.703361749649 -0.065419957042 0.616774916649 0.316541910172 0.717711746693
1403715929.084058284760 1.242973923683 0.719313502312 -1.734420299530 -0.073378853500 0.606486678123 0.321187078953 0.723621666431
1403715929.134057998657 1.226456761360 0.708080172539 -1.764015674591 -0.082126460969 0.597865641117 0.322579205036 0.729215085506
1403715929.184058189392 1.215014338493 0.698974251747 -1.794273376465 -0.089845590293 0.589343309402 0.323118329048 0.734980821609
1403715929.234058141708 1.208886027336 0.689358115196 -1.826283693314 -0.097293294966 0.582230567932 0.320313990116 0.740905225277
1403715929.284058094025 1.202964425087 0.684108853340 -1.861763954163 -0.103542886674 0.578666329384 0.309671163559 0.747347295284
1403715929.334058046341 1.206269621849 0.677314043045 -1.891000270844 -0.106975175440 0.580033004284 0.289280653000 0.753946125507
1403715929.384058237076 1.211608529091 0.673287749290 -1.915177345276 -0.109164133668 0.584770262241 0.262262523174 0.759832501411
1403715929.434058189392 1.221005678177 0.664950489998 -1.939697861671 -0.110830865800 0.590657353401 0.232757106423 0.764633595943
1403715929.484058141708 1.235894322395 0.660675287247 -1.958703637123 -0.110731206834 0.597080171108 0.203210800886 0.768075108528
1403715929.534058094025 1.244384884834 0.652133882046 -1.972280979156 -0.112567752600 0.604071080685 0.175218626857 0.769236624241
1403715929.584058284760 1.255328178406 0.644539356232 -1.981504917145 -0.112299516797 0.610672712326 0.150905251503 0.769217312336
1403715929.634057998657 1.268498063087 0.633618652821 -1.986754417419 -0.114032708108 0.615459620953 0.134038642049 0.768270611763
1403715929.684058189392 1.279755473137 0.621142387390 -1.989735960960 -0.109223544598 0.616623520851 0.134173527360 0.768012464046
1403715929.734058141708 1.288602948189 0.603515326977 -1.981573581696 -0.101144872606 0.615966796875 0.148164033890 0.767073690891
1403715929.784058094025 1.299883961678 0.583825409412 -1.973699331284 -0.087794885039 0.613464474678 0.166599944234 0.766940653324
1403715929.834058046341 1.308150768280 0.565453529358 -1.956702828407 -0.071437858045 0.611908733845 0.182549968362 0.766250491142
1403715929.884058237076 1.316460967064 0.542795896530 -1.937038183212 -0.049965649843 0.609929084778 0.199851140380 0.765211999416
1403715929.934058189392 1.323450446129 0.526447236538 -1.917698264122 -0.027686731890 0.606788456440 0.217120423913 0.764133453369
1403715929.984058141708 1.330119490623 0.506038129330 -1.884066700935 -0.007738829125 0.605457663536 0.231045722961 0.761563599110
1403715930.034058094025 1.337695956230 0.494124829769 -1.859974384308 0.009487613104 0.602995574474 0.242822259665 0.759831428528
1403715930.084058284760 1.342955470085 0.485798656940 -1.837420225143 0.026945794001 0.600135147572 0.255346029997 0.757568597794
1403715930.134057998657 1.348318815231 0.476040989161 -1.813891649246 0.040513779968 0.598054349422 0.265017509460 0.755285024643
1403715930.184058189392 1.349603533745 0.462099224329 -1.789120197296 0.052630741149 0.596691846848 0.274692535400 0.752152144909
1403715930.234058141708 1.355157613754 0.454925775528 -1.771533012390 0.062225021422 0.594465136528 0.283145964146 0.750045120716
1403715930.284058094025 1.355925679207 0.444235920906 -1.754865288734 0.068213313818 0.594344198704 0.288946002722 0.747403681278
1403715930.334058046341 1.358949542046 0.440208137035 -1.744622707367 0.068684689701 0.594227313995 0.291632175446 0.746409416199
1403715930.384058237076 1.362314105034 0.437843501568 -1.731051683426 0.062719166279 0.594911932945 0.293268591166 0.745747804642
1403715930.434058189392 1.362914681435 0.435031622648 -1.723040342331 0.051128976047 0.596085786819 0.293733209372 0.745512187481
1403715930.484058141708 1.360790014267 0.436593294144 -1.712209224701 0.038542356342 0.597669422626 0.294411778450 0.744733154774
1403715930.534058094025 1.361482620239 0.438414335251 -1.707430720329 0.026623256505 0.598293423653 0.295470565557 0.744334161282
1403715930.584058284760 1.360747337341 0.444097012281 -1.702756404877 0.014786673710 0.598006784916 0.298455029726 0.743702769279
1403715930.634057998657 1.361479401588 0.452002972364 -1.699218273163 0.004886866082 0.597818076611 0.301262766123 0.742852866650
1403715930.684058189392 1.365980982780 0.457351863384 -1.701197624207 -0.002298346255 0.596359550953 0.306264489889 0.741991937160
1403715930.734058141708 1.370824575424 0.462156534195 -1.704039812088 -0.005638064817 0.595812201500 0.309322863817 0.741144657135
1403715930.784058094025 1.377883195877 0.464695364237 -1.710661649704 -0.008690805174 0.595725476742 0.311584413052 0.740236997604
1403715930.834058046341 1.386457204819 0.465977847576 -1.716776847839 -0.014674824663 0.597503066063 0.309156209230 0.739727795124
1403715930.884058237076 1.398005723953 0.466336041689 -1.729853868484 -0.024006478488 0.599694907665 0.303407937288 0.740090072155
1403715930.934058189392 1.410173416138 0.462964415550 -1.739341139793 -0.032583497465 0.603234529495 0.295924872160 0.739915549755
1403715930.984058141708 1.425561308861 0.459152638912 -1.751700162888 -0.041340261698 0.605156481266 0.290824592113 0.739930868149
1403715931.034058094025 1.442525506020 0.456228733063 -1.764390707016 -0.050280898809 0.605410873890 0.289798736572 0.739571630955
1403715931.084058284760 1.460067033768 0.455183029175 -1.773627758026 -0.058408554643 0.605339825153 0.290674716234 0.738688349724
1403715931.134057998657 1.480573773384 0.457817852497 -1.785992383957 -0.064374350011 0.603699564934 0.293458253145 0.738434195518
1403715931.184058189392 1.503869056702 0.458189189434 -1.794656753540 -0.068935237825 0.602656781673 0.295305758715 0.738137662411
1403715931.234058141708 1.528491854668 0.455805271864 -1.802803874016 -0.070678927004 0.602961242199 0.295799791813 0.737526178360
1403715931.284058094025 1.557350158691 0.453335583210 -1.811011552811 -0.070984832942 0.603249311447 0.295929342508 0.737209081650
1403715931.334058046341 1.590026378632 0.447026640177 -1.822409868240 -0.067134775221 0.603128671646 0.296627819538 0.737387716770
1403715931.384058237076 1.628009438515 0.438829600811 -1.832152485847 -0.063193492591 0.603678941727 0.296161472797 0.737473189831
1403715931.434058189392 1.666177868843 0.427137792110 -1.843146920204 -0.059700649232 0.604585587978 0.293534606695 0.738071501255
1403715931.484058141708 1.705804586411 0.417308092117 -1.853285551071 -0.056180078536 0.604727804661 0.292280733585 0.738728702068
1403715931.534058094025 1.749099373817 0.406187713146 -1.859898686409 -0.054118353873 0.605372369289 0.289827555418 0.739320993423
1403715931.584058284760 1.789779305458 0.398963570595 -1.866222023964 -0.052144374698 0.606572031975 0.284928202629 0.740383267403
1403715931.634057998657 1.836471080780 0.396228164434 -1.875243067741 -0.050728488714 0.606021344662 0.281914860010 0.742084085941
1403715931.684058189392 1.879727363586 0.389367640018 -1.874751091003 -0.051158457994 0.607574582100 0.276370644569 0.742869675159
1403715931.734058141708 1.926649451256 0.389460086823 -1.877509474754 -0.051059935242 0.607694447041 0.272186309099 0.744321823120
1403715931.784058094025 1.976678967476 0.390256881714 -1.877619147301 -0.050450880080 0.607761800289 0.268275976181 0.745726704597
1403715931.834058046341 2.023756027222 0.393844187260 -1.880333781242 -0.045745864511 0.607399642467 0.264674097300 0.747610032558
1403715931.884058237076 2.072944164276 0.391494572163 -1.878122329712 -0.039644423872 0.609041869640 0.258716583252 0.748706936836
1403715931.934058189392 2.123736143112 0.391934096813 -1.879550814629 -0.032410159707 0.609984517097 0.252541065216 0.750394284725
1403715931.984058141708 2.174606323242 0.391849339008 -1.878186106682 -0.024525579065 0.611751854420 0.245023950934 0.751745581627
1403715932.034058094025 2.228269100189 0.389155924320 -1.878825426102 -0.015187584795 0.612200379372 0.239913612604 0.753273844719
1403715932.084058284760 2.280096054077 0.387474119663 -1.880860924721 -0.004600427579 0.613832354546 0.230981037021 0.754875123501
1403715932.134057998657 2.329505681992 0.383906036615 -1.877153873444 0.008253067732 0.617606937885 0.219873532653 0.755082249641
1403715932.184058189392 2.376496315002 0.380005955696 -1.875214338303 0.020814323798 0.621450364590 0.207380831242 0.755221426487
1403715932.234058141708 2.424229621887 0.377130866051 -1.875340700150 0.035283856094 0.625668525696 0.192182138562 0.755221903324
1403715932.284058094025 2.463455677032 0.372257202864 -1.866185426712 0.051721334457 0.630866587162 0.178540676832 0.753296434879
1403715932.334058046341 2.502410888672 0.367708027363 -1.866125106812 0.067310214043 0.633842527866 0.166338145733 0.752359449863
1403715932.384058237076 2.539009332657 0.354450613260 -1.867964267731 0.078779987991 0.635916888714 0.156781062484 0.751547157764
1403715932.434058189392 2.567970275879 0.349249124527 -1.864364504814 0.089426793158 0.638305246830 0.148017749190 0.750106632710
1403715932.484058141708 2.591134309769 0.339924305677 -1.861025929451 0.098796240985 0.639602601528 0.142497420311 0.748894095421
1403715932.534058094025 2.610546112061 0.326985657215 -1.857627630234 0.107258908451 0.641305863857 0.136120483279 0.747458040714
1403715932.584058284760 2.622250556946 0.322085499763 -1.858433842659 0.118556581438 0.642258226871 0.128466650844 0.746287524700
1403715932.634057998657 2.627300739288 0.312929749489 -1.856443405151 0.129584997892 0.643307805061 0.122036099434 0.744627416134
1403715932.684058189392 2.624541521072 0.302322804928 -1.857929587364 0.138144090772 0.644106209278 0.117283090949 0.743160963058
1403715932.734058141708 2.614649057388 0.289003103971 -1.857683539391 0.144680559635 0.645633220673 0.111695483327 0.741450905800
1403715932.784058094025 2.597649574280 0.278156280518 -1.864096522331 0.147879496217 0.646108865738 0.108851790428 0.740828156471
1403715932.834058046341 2.572553634644 0.260378360748 -1.868543982506 0.143958821893 0.646697163582 0.111499637365 0.740693271160
1403715932.884058237076 2.539504766464 0.250062227249 -1.874143362045 0.132032528520 0.646848082542 0.119256354868 0.741574704647
1403715932.934058189392 2.497355461121 0.234818577766 -1.875432491302 0.112481445074 0.646088540554 0.135208249092 0.742722213268
1403715932.984058141708 2.450029373169 0.224611431360 -1.878533244133 0.089026220143 0.643440425396 0.155513107777 0.744227409363
1403715933.034058094025 2.398419618607 0.216328203678 -1.888707637787 0.065377585590 0.638870060444 0.175552427769 0.746158361435
1403715933.084058284760 2.342797756195 0.193694949150 -1.891855239868 0.041044615209 0.635434865952 0.196320801973 0.745651423931
1403715933.134057998657 2.282409906387 0.185934454203 -1.902840256691 0.019086912274 0.629735887051 0.214506655931 0.746361374855
1403715933.184058189392 2.222315073013 0.172930181026 -1.911383867264 -0.003847489133 0.623525679111 0.233905047178 0.745982170105
1403715933.234058141708 2.161955833435 0.162642776966 -1.918536782265 -0.024265898392 0.617506146431 0.250888675451 0.745085358620
1403715933.284058094025 2.102442264557 0.148835271597 -1.910732984543 -0.044918805361 0.612560331821 0.268707454205 0.741989612579
1403715933.334058046341 2.042335033417 0.139809012413 -1.917446970940 -0.062815077603 0.604705810547 0.286339253187 0.740537047386
1403715933.384058237076 1.982671141624 0.138429909945 -1.924464702606 -0.077339284122 0.595667421818 0.305243402719 0.738935351372
1403715933.434058189392 1.936223745346 0.114892631769 -1.926071166992 -0.094461038709 0.586386501789 0.329258888960 0.734041273594
1403715933.484058141708 1.887643814087 0.101173639297 -1.931920528412 -0.108917057514 0.576421320438 0.350789964199 0.729946613312
1403715933.534058094025 1.849043130875 0.087607473135 -1.933234691620 -0.122639834881 0.568202614784 0.368762195110 0.725341081619
1403715933.584058284760 1.815583348274 0.078432887793 -1.936593890190 -0.135319203138 0.561344981194 0.381268262863 0.721952259541
1403715933.634057998657 1.789942979813 0.065331578255 -1.941535949707 -0.146499648690 0.555460214615 0.392932057381 0.718057334423
1403715933.684058189392 1.777180433273 0.051263540983 -1.945491909981 -0.158084213734 0.552323102951 0.397873014212 0.715294182301
1403715933.734058141708 1.769484877586 0.038935303688 -1.948171377182 -0.167309135199 0.551358699799 0.398750841618 0.713448703289
1403715933.784058094025 1.775334119797 0.027009874582 -1.956057548523 -0.172293528914 0.551363825798 0.397837162018 0.712768137455
1403715933.834058046341 1.789354681969 0.010546922684 -1.961538434029 -0.173680648208 0.554035604000 0.393331319094 0.712860465050
1403715933.884058237076 1.818435788155 -0.011441200972 -1.964156270027 -0.169012904167 0.560499608517 0.384349077940 0.713828146458
1403715933.934058189392 1.856835126877 -0.034056782722 -1.971077442169 -0.153955832124 0.570316433907 0.370908141136 0.716564059258
1403715933.984058141708 1.900631785393 -0.055866658688 -1.973894119263 -0.128232136369 0.585670948029 0.349160045385 0.720162034035
1403715934.034058094025 1.953022718430 -0.080088436604 -1.980503916740 -0.096514210105 0.601161420345 0.325066447258 0.723617255688
1403715934.084058284760 2.012352466583 -0.112351417542 -1.994478106499 -0.065865740180 0.614983320236 0.298188745975 0.727008044720
1403715934.134057998657 2.061608314514 -0.122345685959 -1.994691610336 -0.029568335041 0.629534721375 0.268031269312 0.728677570820
1403715934.184058189392 2.124269485474 -0.158168435097 -2.002764225006 0.002155637601 0.641795277596 0.239812791348 0.728411972523
1403715934.234058141708 2.179970741272 -0.171013414860 -1.997994542122 0.030970374122 0.652367591858 0.214512586594 0.726251840591
1403715934.284058094025 2.234355926514 -0.185817301273 -2.000624656677 0.053347609937 0.659549534321 0.191357105970 0.724935114384
1403715934.334058046341 2.280509948730 -0.191224634647 -1.993612527847 0.074880592525 0.665696442127 0.173235714436 0.721962988377
1403715934.384058237076 2.320859670639 -0.187583625317 -1.992150425911 0.095527172089 0.669275701046 0.155322387815 0.720291376114
1403715934.434058189392 2.358756542206 -0.189678132534 -1.988486528397 0.112136662006 0.672572910786 0.139188781381 0.718120813370
1403715934.484058141708 2.393851518631 -0.203056395054 -1.988742709160 0.125416189432 0.674564540386 0.127582535148 0.716209650040
1403715934.534058094025 2.417498588562 -0.202612638474 -1.984119296074 0.139162838459 0.675784647465 0.115321859717 0.714597582817
1403715934.584058284760 2.433921575546 -0.208701610565 -1.980104565620 0.151236206293 0.676793336868 0.105441279709 0.712713479996
1403715934.634057998657 2.442505598068 -0.210473418236 -1.980515122414 0.161753401160 0.676176249981 0.097210429609 0.712159872055
1403715934.684058189392 2.439658403397 -0.216810762882 -1.972205162048 0.169194400311 0.676199555397 0.092585630715 0.711024105549
1403715934.734058141708 2.426722049713 -0.221202790737 -1.974745869637 0.175451248884 0.673777103424 0.091206684709 0.711984992027
1403715934.784058094025 2.403597831726 -0.228171646595 -1.974614977837 0.179881334305 0.671331822872 0.092467814684 0.713025987148
1403715934.834058046341 2.369620800018 -0.240583002567 -1.975710034370 0.173970937729 0.668648421764 0.101335890591 0.715803444386
1403715934.884058237076 2.327516317368 -0.247800171375 -1.983107209206 0.156562805176 0.664971172810 0.117301955819 0.720792412758
1403715934.934058189392 2.275913953781 -0.257728278637 -1.987206101418 0.132052481174 0.660575568676 0.139402076602 0.725788652897
1403715934.984058141708 2.217321872711 -0.266507804394 -1.993320226669 0.106374584138 0.654603958130 0.163853228092 0.730294585228
1403715935.034058094025 2.155723333359 -0.276655435562 -1.991664171219 0.079278618097 0.649430155754 0.188858017325 0.732316970825
1403715935.084058284760 2.082591295242 -0.271688103676 -2.002058982849 0.052222043276 0.641344904900 0.212691351771 0.735331237316
1403715935.134057998657 2.010118961334 -0.269076049328 -2.007419347763 0.026291480288 0.634677767754 0.233999013901 0.736028134823
1403715935.184058189392 1.937419295311 -0.268352150917 -2.012713432312 0.001566138933 0.627493560314 0.255097717047 0.735645651817
1403715935.234058141708 1.866402029991 -0.265898227692 -2.020260810852 -0.020574109629 0.620560824871 0.272658050060 0.734941184521
1403715935.284058094025 1.796008229256 -0.264735817909 -2.027472734451 -0.040801186115 0.613779008389 0.288201004267 0.733860194683
1403715935.334058046341 1.723117351532 -0.252625286579 -2.028509855270 -0.057910587639 0.608528554440 0.299305438995 0.732636153698
1403715935.384058237076 1.658361792564 -0.240023851395 -2.029196023941 -0.072465091944 0.603567481041 0.309220492840 0.731326043606
1403715935.434058189392 1.592661976814 -0.230153650045 -2.028258800507 -0.086024656892 0.599376738071 0.317822426558 0.729613721371
1403715935.484058141708 1.535503983498 -0.220534771681 -2.028956651688 -0.097506888211 0.595223009586 0.325271695852 0.728285849094
1403715935.534058094025 1.480414986610 -0.205392539501 -2.028188467026 -0.106626585126 0.592051684856 0.330402076244 0.727282643318
1403715935.584058284760 1.432850360870 -0.194162130356 -2.027137279510 -0.115180291235 0.589294195175 0.334826499224 0.726193547249
1403715935.634057998657 1.388364911079 -0.175480544567 -2.026081562042 -0.121475212276 0.586118996143 0.339599490166 0.725520908833
1403715935.684058189392 1.350582122803 -0.158446222544 -2.023810386658 -0.128018304706 0.582963883877 0.344519913197 0.724617481232
1403715935.734058141708 1.319585084915 -0.142537206411 -2.019624948502 -0.135284721851 0.579923629761 0.349656045437 0.723275363445
1403715935.784058094025 1.293675661087 -0.128989145160 -2.014066219330 -0.142200604081 0.577173292637 0.354315608740 0.721879899502
1403715935.834058046341 1.277146339417 -0.119912996888 -2.009204864502 -0.149439051747 0.574885427952 0.358227431774 0.720310926437
1403715935.884058237076 1.268544197083 -0.109172657132 -2.004496812820 -0.154337301850 0.573128938675 0.361128658056 0.719228267670
1403715935.934058189392 1.266706943512 -0.098093062639 -1.999490022659 -0.154564529657 0.573637664318 0.361107975245 0.718784153461
1403715935.984058141708 1.276161670685 -0.092963337898 -1.994948625565 -0.149076968431 0.577333211899 0.355914354324 0.719574451447
1403715936.034058094025 1.289160847664 -0.084255009890 -1.987511634827 -0.133658513427 0.585784375668 0.343469709158 0.721817672253
1403715936.084058284760 1.309077143669 -0.080199331045 -1.984651207924 -0.112258873880 0.596350431442 0.327178686857 0.724374353886
1403715936.134057998657 1.337924003601 -0.080498009920 -1.976605892181 -0.089238137007 0.608630597591 0.305893152952 0.726660013199
1403715936.184058189392 1.366590738297 -0.077709466219 -1.970180749893 -0.064236298203 0.620349824429 0.284150719643 0.728215754032
1403715936.234058141708 1.401557207108 -0.079097449780 -1.962615132332 -0.040242917836 0.631353735924 0.262623041868 0.728561758995
1403715936.284058094025 1.434250712395 -0.077666491270 -1.950775504112 -0.015167071484 0.641739487648 0.240934982896 0.727935969830
1403715936.334058046341 1.466439962387 -0.077093452215 -1.943441033363 0.007013688795 0.649437844753 0.224307700992 0.726544797421
1403715936.384058237076 1.496814012527 -0.078613013029 -1.932850480080 0.027163261548 0.655120372772 0.213384658098 0.724255859852
1403715936.434058189392 1.525957345963 -0.078041136265 -1.920523166656 0.041011121124 0.659653604031 0.204270407557 0.722114145756
1403715936.484058141708 1.550117850304 -0.075718104839 -1.910665988922 0.050970867276 0.662287473679 0.198642328382 0.720637559891
1403715936.534058094025 1.572681784630 -0.073616981506 -1.899197816849 0.060649298131 0.664381325245 0.195375308394 0.718851566315
1403715936.584058284760 1.588084220886 -0.067973256111 -1.890218734741 0.070218719542 0.665312945843 0.193296298385 0.717679977417
1403715936.634057998657 1.602027893066 -0.068994283676 -1.879148602486 0.077956490219 0.666086316109 0.193021133542 0.716236472130
1403715936.684058189392 1.612826824188 -0.067564129829 -1.871451735497 0.084823183715 0.666059255600 0.193577900529 0.715330481529
1403715936.734058141708 1.615888834000 -0.063880443573 -1.864848852158 0.084649883211 0.666145622730 0.194810733199 0.714935779572
1403715936.784058094025 1.616266727448 -0.061844348907 -1.858366250992 0.077797934413 0.665053129196 0.199604183435 0.715408980846
1403715936.834058046341 1.613209128380 -0.058466374874 -1.850420117378 0.067155815661 0.664548039436 0.204387485981 0.715605854988
1403715936.884058237076 1.606167078018 -0.055041611195 -1.846424579620 0.057754766196 0.663379013538 0.209073081613 0.716157197952
1403715936.934058189392 1.595750212669 -0.052002489567 -1.841630458832 0.049591701478 0.661796450615 0.214833408594 0.716528236866
1403715936.984058141708 1.582348942757 -0.047183334827 -1.834031343460 0.044041372836 0.659637808800 0.219417124987 0.717491805553
1403715937.034058094025 1.566690325737 -0.044248223305 -1.830628991127 0.037844341248 0.655762612820 0.223582670093 0.720106959343
1403715937.084058284760 1.549217700958 -0.038871049881 -1.823545932770 0.030937993899 0.650488734245 0.228413358331 0.723695099354
1403715937.134057998657 1.529365301132 -0.035042762756 -1.819093465805 0.022783191875 0.642908036709 0.234897300601 0.728679239750
1403715937.184058189392 1.510227322578 -0.029775857925 -1.810237646103 0.017036752775 0.635300934315 0.238556772470 0.734297692776
1403715937.234058141708 1.488081336021 -0.024283885956 -1.802022933960 0.011185105890 0.627361893654 0.240046963096 0.740722239017
1403715937.284058094025 1.465765714645 -0.017913907766 -1.798927068710 0.007837892510 0.617158830166 0.242129832506 0.748616516590
1403715937.334058046341 1.441555142403 -0.010298073292 -1.787759542465 0.004640183877 0.608480930328 0.239464968443 0.756561934948
1403715937.384058237076 1.420306682587 -0.005173265934 -1.781894683838 0.002683599945 0.598585188389 0.236952960491 0.765207111835
1403715937.434058189392 1.396814942360 0.004642069340 -1.775596380234 0.001777205267 0.588331818581 0.234228968620 0.773950457573
1403715937.484058141708 1.372400522232 0.016515046358 -1.765106081963 -0.002064912114 0.578395307064 0.233296483755 0.781682372093
1403715937.534058094025 1.346413373947 0.032036095858 -1.755687952042 -0.009520874359 0.567268848419 0.237632587552 0.788445413113
1403715937.584058284760 1.326813101768 0.045803874731 -1.746405959129 -0.022217070684 0.555904626846 0.243405103683 0.794500172138
1403715937.634057998657 1.302814602852 0.062307640910 -1.737133741379 -0.034225877374 0.544190347195 0.248065322638 0.800717830658
1403715937.684058189392 1.282971739769 0.077838763595 -1.725911140442 -0.044295299798 0.532676875591 0.252075970173 0.806691408157
1403715937.734058141708 1.264248490334 0.097966484725 -1.718286275864 -0.051382709295 0.522288024426 0.253937721252 0.812459647655
1403715937.784058094025 1.245020389557 0.115130275488 -1.705182313919 -0.056241374463 0.512712776661 0.254902034998 0.817916572094
1403715937.834058046341 1.229143977165 0.134457662702 -1.691526174545 -0.060505695641 0.503919243813 0.253335922956 0.823544323444
1403715937.884058237076 1.218341827393 0.147709563375 -1.680451154709 -0.062962427735 0.494264215231 0.253299862146 0.829203128815
1403715937.934058189392 1.208348155022 0.160400167108 -1.665673613548 -0.066060170531 0.485784083605 0.250877290964 0.834691822529
1403715937.984058141708 1.204096078873 0.175747528672 -1.651489496231 -0.069171838462 0.476310849190 0.247788429260 0.840799748898
1403715938.034058094025 1.198930621147 0.186025083065 -1.633770465851 -0.071429923177 0.467040240765 0.244972229004 0.846616744995
1403715938.084058284760 1.200334191322 0.197755903006 -1.618438482285 -0.074080601335 0.456719130278 0.242593109608 0.852683007717
1403715938.134057998657 1.203271627426 0.202635854483 -1.600959897041 -0.076977789402 0.446686476469 0.239134579897 0.858696818352
1403715938.184058189392 1.208509445190 0.209552466869 -1.585013866425 -0.079188905656 0.435786008835 0.235156893730 0.865171015263
1403715938.234058141708 1.220337867737 0.212386846542 -1.567732691765 -0.078032255173 0.425477862358 0.229007571936 0.872029304504
1403715938.284058094025 1.232055783272 0.211658984423 -1.550860762596 -0.073658153415 0.417021960020 0.217412367463 0.879431128502
1403715938.334058046341 1.248829364777 0.205516725779 -1.529154300690 -0.065419316292 0.410676181316 0.200382858515 0.887080669403
1403715938.384058237076 1.265578508377 0.201667174697 -1.509314298630 -0.056000825018 0.403697609901 0.182899385691 0.894673168659
1403715938.434058189392 1.287199974060 0.188865900040 -1.488738417625 -0.046557322145 0.394697278738 0.171699702740 0.901424229145
1403715938.484058141708 1.310112357140 0.176635012031 -1.466503620148 -0.035152181983 0.384999394417 0.160536497831 0.908167302608
1403715938.534058094025 1.334548711777 0.164841473103 -1.444428563118 -0.025743091479 0.373966902494 0.153801545501 0.914238035679
1403715938.584058284760 1.354364395142 0.153268143535 -1.419757485390 -0.017927525565 0.364336282015 0.148517683148 0.919173657894
1403715938.634057998657 1.373234748840 0.141131818295 -1.394617557526 -0.013659507036 0.356256037951 0.145065024495 0.922957837582
1403715938.684058189392 1.394279003143 0.130174249411 -1.368883371353 -0.012833024375 0.348327964544 0.144131183624 0.926136732101
1403715938.734058141708 1.414665460587 0.118511915207 -1.345220923424 -0.018335299566 0.341333150864 0.145770296454 0.928389251232
1403715938.784058094025 1.434671640396 0.107846677303 -1.317469120026 -0.027675801888 0.335554867983 0.147632256150 0.929968655109
1403715938.834058046341 1.458481073380 0.098384171724 -1.291315078735 -0.039760034531 0.329335421324 0.151878714561 0.931069374084
1403715938.884058237076 1.478032827377 0.088620826602 -1.260563850403 -0.051319479942 0.324572265148 0.155653238297 0.931553125381
1403715938.934058189392 1.501392483711 0.080655887723 -1.230742931366 -0.061136081815 0.320021867752 0.159024372697 0.931965470314
1403715938.984058141708 1.524097681046 0.070616319776 -1.198917627335 -0.070373989642 0.316112428904 0.162553071976 0.932039141655
1403715939.034058094025 1.547946929932 0.060613729060 -1.164639353752 -0.077830791473 0.312650740147 0.165538534522 0.932088494301
1403715939.084058284760 1.576775789261 0.053590878844 -1.127289295197 -0.082923255861 0.310133337975 0.166102260351 0.932390034199
1403715939.134057998657 1.608095526695 0.034275669605 -1.090109586716 -0.083597980440 0.308595687151 0.165127709508 0.933012843132
1403715939.184058189392 1.643097877502 0.023725233972 -1.051358103752 -0.071697980165 0.308947175741 0.160308524966 0.934725761414
1403715939.234058141708 1.678979992867 0.008568268269 -1.011957406998 -0.051390737295 0.311323583126 0.153073370457 0.936485528946
1403715939.284058094025 1.716894149780 -0.007733033039 -0.969722628593 -0.029180480167 0.313418567181 0.144816845655 0.938054084778
1403715939.334058046341 1.757512807846 -0.030504278839 -0.930853605270 -0.007473227568 0.315418690443 0.137679427862 0.938882112503
1403715939.384058237076 1.787116646767 -0.035902760923 -0.881132066250 0.018426993862 0.319459050894 0.128680765629 0.938641428947
1403715939.434058189392 1.815852522850 -0.054741449654 -0.833026170731 0.038848266006 0.324031710625 0.121992550790 0.937343120575
1403715939.484058141708 1.851423263550 -0.069534465671 -0.791989028454 0.057630352676 0.326091766357 0.115225069225 0.936518132687
1403715939.534058094025 1.884077191353 -0.085987344384 -0.751814484596 0.074113078415 0.329042583704 0.109059572220 0.935063779354
1403715939.584058284760 1.917142391205 -0.098391816020 -0.716142773628 0.090179935098 0.331123083830 0.103159166873 0.933586299419
1403715939.634057998657 1.948632597923 -0.116685599089 -0.686572968960 0.110133513808 0.333601236343 0.096038512886 0.931320309639
1403715939.684058189392 1.965087771416 -0.126556590199 -0.650466263294 0.131980881095 0.338240563869 0.088876828551 0.927510321140
1403715939.734058141708 1.982531428337 -0.152734011412 -0.624244093895 0.147863730788 0.341848999262 0.083850048482 0.924253642559
1403715939.784058094025 1.989117860794 -0.161333173513 -0.600491285324 0.162899211049 0.345486074686 0.079144522548 0.920781910419
1403715939.834058046341 2.007820606232 -0.176706403494 -0.590385138988 0.173170417547 0.346681147814 0.075540021062 0.918758869171
1403715939.884058237076 2.007634162903 -0.185981154442 -0.577352643013 0.181402146816 0.349815070629 0.072193339467 0.916248261929
1403715939.934058189392 2.008280754089 -0.194425642490 -0.573711037636 0.183535173535 0.351202100515 0.070532910526 0.915421843529
1403715939.984058141708 2.003806352615 -0.211535215378 -0.583768367767 0.177817299962 0.351088434458 0.072902634740 0.916407704353
1403715940.034058094025 1.982749700546 -0.226685613394 -0.585793495178 0.158235803246 0.353340357542 0.078385666013 0.918677151203
1403715940.084058284760 1.964092135429 -0.241549104452 -0.602956235409 0.131945937872 0.351757228374 0.088042855263 0.922553896904
1403715940.134057998657 1.942119002342 -0.244253784418 -0.619086146355 0.103903137147 0.349556952715 0.096791848540 0.926091492176
1403715940.184058189392 1.914064526558 -0.261766970158 -0.639449596405 0.074864685535 0.347524732351 0.108000479639 0.928416788578
1403715940.234058141708 1.887763142586 -0.267944812775 -0.662328898907 0.047715213150 0.344043046236 0.117540262640 0.930345058441
1403715940.284058094025 1.858632087708 -0.276492238045 -0.683247685432 0.020688591525 0.340265661478 0.127046942711 0.931477487087
1403715940.334058046341 1.828442573547 -0.286632835865 -0.709469199181 -0.006530291867 0.335077375174 0.137831225991 0.932031691074
1403715940.384058237076 1.799040317535 -0.296800643206 -0.731301367283 -0.031393758953 0.330545842648 0.148308277130 0.931535601616
1403715940.434058189392 1.769062519073 -0.309738129377 -0.754912018776 -0.058620512486 0.325380831957 0.157767161727 0.930483996868
1403715940.484058141708 1.733998775482 -0.317168623209 -0.767315685749 -0.082470297813 0.322279036045 0.167396813631 0.928069591522
1403715940.534058094025 1.710222244263 -0.331118166447 -0.787140488625 -0.107417538762 0.315441966057 0.179282262921 0.925643384457
1403715940.584058284760 1.689656734467 -0.346215695143 -0.804876506329 -0.132244914770 0.308306932449 0.192816138268 0.922106385231
1403715940.634057998657 1.668737173080 -0.355787545443 -0.813275098801 -0.155402079225 0.302008360624 0.205586254597 0.917810142040
1403715940.684058189392 1.649502038956 -0.369068861008 -0.815905511379 -0.176873803139 0.296317845583 0.218754559755 0.912720024586
1403715940.734058141708 1.643821716309 -0.387828946114 -0.816531896591 -0.195383056998 0.291091889143 0.227268427610 0.908537387848
1403715940.784058094025 1.638282895088 -0.398849338293 -0.805172801018 -0.207798048854 0.289396166801 0.228873997927 0.905917525291
1403715940.834058046341 1.640278339386 -0.412669539452 -0.799141049385 -0.213424250484 0.288471817970 0.227166622877 0.905333876610
1403715940.884058237076 1.651115059853 -0.444068491459 -0.777578473091 -0.213011458516 0.291628509760 0.221985191107 0.905704975128
1403715940.934058189392 1.667193293571 -0.466231018305 -0.756152510643 -0.198284298182 0.296915680170 0.213381558657 0.909391403198
1403715940.984058141708 1.683629393578 -0.474135011435 -0.736474394798 -0.164808467031 0.305308997631 0.201581716537 0.915963649750
1403715941.034058094025 1.716225504875 -0.528641045094 -0.694004774094 -0.135218992829 0.315034478903 0.187703058124 0.920454621315
1403715941.084058284760 1.764947056770 -0.573312640190 -0.670777320862 -0.091283932328 0.322707056999 0.173131108284 0.926041603088
1403715941.134057998657 1.802053213120 -0.599277794361 -0.632711172104 -0.040994938463 0.331953585148 0.156388789415 0.929337799549
1403715941.184058189392 1.852227926254 -0.648497879505 -0.594638228416 0.005730074830 0.339471459389 0.142106711864 0.929802119732
1403715941.234058141708 1.885552644730 -0.678553104401 -0.553994834423 0.045790076256 0.346605539322 0.127070486546 0.928235411644
1403715941.284058094025 1.915627717972 -0.706634223461 -0.513421177864 0.081257402897 0.351135730743 0.115641549230 0.925595998764
1403715941.334058046341 1.955569982529 -0.744077324867 -0.487629294395 0.107830546796 0.351108044386 0.111237846315 0.923429429531
1403715941.384058237076 1.976407051086 -0.779241919518 -0.448585718870 0.130532518029 0.354579329491 0.105541646481 0.919834613800
1403715941.434058189392 1.998999357224 -0.800223708153 -0.421170771122 0.151342049241 0.354841649532 0.101335972548 0.917013704777
1403715941.484058141708 2.043498516083 -0.825381457806 -0.409736216068 0.163479879498 0.348978281021 0.101392798126 0.917173981667
1403715941.534058094025 2.060239315033 -0.846282720566 -0.386474281549 0.173948839307 0.348269194365 0.100720867515 0.915590345860
1403715941.584058284760 2.039145231247 -0.876219987869 -0.338109374046 0.181763127446 0.356289058924 0.100986488163 0.910945713520
1403715941.634057998657 2.077120304108 -0.868387043476 -0.337673634291 0.196264982224 0.348410785198 0.099998734891 0.911092936993
1403715941.684058189392 2.083373308182 -0.875284433365 -0.317288547754 0.209565892816 0.348222374916 0.100111044943 0.908185660839
1403715941.734058141708 2.089221477509 -0.876521110535 -0.318489253521 0.224080801010 0.344396471977 0.099704265594 0.906221807003
1403715941.784058094025 2.085656166077 -0.876585602760 -0.310746371746 0.237029328942 0.344239413738 0.097327589989 0.903240621090
1403715941.834058046341 2.083957195282 -0.868398427963 -0.316177785397 0.248067989945 0.342276781797 0.095015667379 0.901266276836
1403715941.884058237076 2.070128440857 -0.865638613701 -0.326915681362 0.252502620220 0.341975808144 0.094809852540 0.900170028210
1403715941.934058189392 2.054526090622 -0.844377994537 -0.341390728951 0.249618649483 0.342719912529 0.091346263885 0.901049077511
1403715941.984058141708 2.043551445007 -0.820525646210 -0.366958022118 0.235065862536 0.340920507908 0.092195391655 0.905548095703
1403715942.034058094025 2.011116027832 -0.807609081268 -0.396603792906 0.206451088190 0.341895610094 0.096057496965 0.911733746529
1403715942.084058284760 2.003226041794 -0.779206395149 -0.442214429379 0.174696341157 0.335911303759 0.103679589927 0.919725656509
1403715942.134057998657 1.986878633499 -0.748791694641 -0.490409255028 0.137954115868 0.329569518566 0.111885085702 0.927272498608
1403715942.184058189392 1.968953609467 -0.717790126801 -0.541964769363 0.100340373814 0.322220921516 0.121109083295 0.933508515358
1403715942.234058141708 1.865122556686 -0.689663648605 -0.531326532364 0.065915584564 0.332863926888 0.132893681526 0.931233584881
1403715942.284058094025 1.791653990746 -0.656195580959 -0.550949335098 0.027670880780 0.333510428667 0.146030142903 0.930956661701
1403715942.334058046341 1.729984164238 -0.610418677330 -0.576169133186 -0.004156966694 0.332010030746 0.157604411244 0.930006921291
1403715942.384058237076 1.685097217560 -0.556721329689 -0.618229269981 -0.030870230868 0.325818002224 0.168118491769 0.929852604866
1403715942.434058189392 1.623369574547 -0.498449563980 -0.635802984238 -0.050494018942 0.325577050447 0.175432920456 0.927724838257
1403715942.484058141708 1.595994472504 -0.454676479101 -0.672163665295 -0.072484463453 0.318065762520 0.187207594514 0.926570832729
1403715942.534058094025 1.560221910477 -0.399764537811 -0.702745854855 -0.089577354491 0.312914609909 0.194973871112 0.925227284431
1403715942.584058284760 1.524863362312 -0.362393796444 -0.725937366486 -0.110158383846 0.309163719416 0.201062828302 0.922960877419
1403715942.634057998657 1.486665964127 -0.308186084032 -0.744115114212 -0.126515895128 0.306580573320 0.203308150172 0.921231746674
1403715942.684058189392 1.462646603584 -0.268728077412 -0.764330148697 -0.142498716712 0.302999049425 0.205141514540 0.919675290585
1403715942.734058141708 1.442363023758 -0.224802434444 -0.775299608707 -0.151971951127 0.300767093897 0.206077218056 0.918681561947
1403715942.784058094025 1.427777647972 -0.181273251772 -0.790206134319 -0.157005771995 0.298074245453 0.205479785800 0.918846547604
1403715942.834058046341 1.412942409515 -0.148069933057 -0.791845262051 -0.160712763667 0.298112004995 0.203543022275 0.918624460697
1403715942.884058237076 1.405744075775 -0.113575190306 -0.792087912560 -0.160544812679 0.297820478678 0.201029285789 0.919301688671
1403715942.934058189392 1.406123876572 -0.086818560958 -0.790747702122 -0.160371154547 0.296657174826 0.199016362429 0.920145750046
1403715942.984058141708 1.406501531601 -0.053559076041 -0.780188739300 -0.156184569001 0.297613710165 0.194505751133 0.921520471573
1403715943.034058094025 1.415228724480 -0.029198240489 -0.767465174198 -0.152369618416 0.298430174589 0.188726887107 0.923095405102
1403715943.084058284760 1.427783727646 -0.006587103009 -0.750485181808 -0.147895678878 0.300012588501 0.179453745484 0.925157129765
1403715943.134057998657 1.442984819412 0.007763437927 -0.726047277451 -0.139977738261 0.302691608667 0.171516790986 0.927019953728
1403715943.184058189392 1.463690400124 0.018854755908 -0.700082242489 -0.122894294560 0.305332541466 0.163789480925 0.929968833923
1403715943.234058141708 1.486291885376 0.021676681936 -0.667619705200 -0.097477413714 0.309529840946 0.157665699720 0.932647347450
1403715943.284058094025 1.513373613358 0.024728877470 -0.639434099197 -0.063150472939 0.312282741070 0.149424880743 0.936036169529
1403715943.334058046341 1.543388605118 0.016216468066 -0.606570303440 -0.028656208888 0.314484745264 0.141708493233 0.938188135624
1403715943.384058237076 1.565549015999 0.016596782953 -0.575919210911 0.008296047337 0.316014647484 0.129360720515 0.939857304096
1403715943.434058189392 1.595912456512 0.010104842484 -0.542483031750 0.042457129806 0.315804153681 0.118201568723 0.940475225449
1403715943.484058141708 1.616852045059 -0.000001475215 -0.507781624794 0.068637795746 0.315273433924 0.109646402299 0.940143167973
1403715943.534058094025 1.641291022301 -0.011066347361 -0.483702898026 0.086277894676 0.312955200672 0.104114241898 0.940093278885
1403715943.584058284760 1.664301037788 -0.013835206628 -0.458895564079 0.100813075900 0.311936974525 0.099103331566 0.939526796341
1403715943.634057998657 1.679288983345 -0.019925415516 -0.432976961136 0.112716093659 0.312548846006 0.095563933253 0.938336730003
1403715943.684058189392 1.688567638397 -0.019948080182 -0.403648436069 0.124997608364 0.314940929413 0.092963643372 0.936240136623
1403715943.734058141708 1.706756830215 -0.021456599236 -0.393656790257 0.136621147394 0.314075410366 0.092770665884 0.934925079346
1403715943.784058094025 1.715190887451 -0.027495831251 -0.383661061525 0.148397713900 0.316322922707 0.091393083334 0.932504832745
1403715943.834058046341 1.717103362083 -0.033984526992 -0.375131607056 0.158986598253 0.320248156786 0.090260751545 0.929525375366
1403715943.884058237076 1.726316928864 -0.030520960689 -0.382408827543 0.168072968721 0.320801824331 0.088591426611 0.927895069122
1403715943.934058189392 1.722399950027 -0.031869754195 -0.383605211973 0.174239709973 0.324908405542 0.086189955473 0.925551891327
1403715943.984058141708 1.716410398483 -0.036530911922 -0.400858461857 0.171803385019 0.325428873301 0.088810451329 0.925576746464
1403715944.034058094025 1.701864957809 -0.046670302749 -0.419900655746 0.155921787024 0.323904663324 0.098368220031 0.927953600883
1403715944.084058284760 1.685210466385 -0.040591716766 -0.447269320488 0.129094675183 0.317968904972 0.110938690603 0.932696640491
1403715944.134057998657 1.657908320427 -0.036394476891 -0.464483112097 0.097600653768 0.313090562820 0.123298101127 0.936614155769
1403715944.184058189392 1.636819481850 -0.046217799187 -0.508833289146 0.061908412725 0.301853358746 0.137031570077 0.941421449184
1403715944.234058141708 1.613755583763 -0.046981692314 -0.536804914474 0.022963687778 0.290234744549 0.150609597564 0.944750368595
1403715944.284058094025 1.588109612465 -0.047694474459 -0.570908308029 -0.013427746482 0.277927130461 0.159522652626 0.947168767452
1403715944.334058046341 1.568840742111 -0.053263217211 -0.602678179741 -0.044999469072 0.265178173780 0.164525330067 0.948992669582
1403715944.384058237076 1.547123312950 -0.047959469259 -0.631970286369 -0.069371685386 0.252844333649 0.165050774813 0.950797319412
1403715944.434058189392 1.527796864510 -0.042423218489 -0.663500726223 -0.090599916875 0.238892555237 0.164389207959 0.952731966972
1403715944.484058141708 1.511467099190 -0.036195218563 -0.689381241798 -0.109214179218 0.224658295512 0.162710100412 0.954529404640
1403715944.534058094025 1.497813463211 -0.032698877156 -0.710661411285 -0.124112427235 0.210561677814 0.159140557051 0.956521928310
1403715944.584058284760 1.487130999565 -0.033883064985 -0.727870821953 -0.135213509202 0.195760458708 0.156852349639 0.958536624908
1403715944.634057998657 1.477701425552 -0.034219153225 -0.740623652935 -0.142522379756 0.181838318706 0.152633741498 0.960898101330
1403715944.684058189392 1.475494027138 -0.037677653134 -0.747808814049 -0.147673681378 0.167083546519 0.149018570781 0.963363409042
1403715944.734058141708 1.477546453476 -0.048638042063 -0.750222265720 -0.152670860291 0.152343839407 0.144365787506 0.965733647346
1403715944.784058094025 1.482567787170 -0.058441292495 -0.750748097897 -0.154473885894 0.138509273529 0.135217458010 0.968849420547
1403715944.834058046341 1.489907026291 -0.069806374609 -0.742858648300 -0.149640426040 0.126493871212 0.123857691884 0.972762227058
1403715944.884058237076 1.502807021141 -0.083248443902 -0.727964818478 -0.133689180017 0.116898030043 0.106395132840 0.978336393833
1403715944.934058189392 1.517296910286 -0.099396526814 -0.712406516075 -0.107408113778 0.108315348625 0.085013896227 0.984633922577
1403715944.984058141708 1.533338785172 -0.121897399426 -0.691899359226 -0.075540162623 0.100975096226 0.065608330071 0.989845097065
1403715945.034058094025 1.545525431633 -0.129392430186 -0.670107901096 -0.032760210335 0.095696978271 0.045262157917 0.993841171265
1403715945.084058284760 1.552102327347 -0.165810644627 -0.640740752220 0.004022071138 0.092511832714 0.029176542535 0.995275914669
1403715945.134057998657 1.581318140030 -0.193985328078 -0.618029832840 0.035875529051 0.086367450655 0.017796259373 0.995458126068
1403715945.184058189392 1.593863606453 -0.222079500556 -0.592162549496 0.061178341508 0.084232889116 0.007915502414 0.994534790516
1403715945.234058141708 1.606974363327 -0.236873090267 -0.568762660027 0.084847651422 0.082206383348 0.000666206528 0.992996752262
1403715945.284058094025 1.614524602890 -0.253129512072 -0.546056628227 0.104802854359 0.081971503794 -0.003910914529 0.991101264954
1403715945.334058046341 1.625459194183 -0.275632262230 -0.529074490070 0.123152837157 0.081752248108 -0.006825285498 0.988991141319
1403715945.384058237076 1.626019239426 -0.301072716713 -0.517758071423 0.140293508768 0.083511710167 -0.009970241226 0.986531376839
1403715945.434058189392 1.626128077507 -0.313788175583 -0.506272733212 0.158921122551 0.085244581103 -0.010930231772 0.983543574810
1403715945.484058141708 1.638481616974 -0.321685642004 -0.505845665932 0.177802667022 0.083451285958 -0.008754674345 0.980482280254
1403715945.534058094025 1.636547446251 -0.337412953377 -0.509616971016 0.188850834966 0.084211215377 -0.006624924019 0.978365957737
1403715945.584058284760 1.631565093994 -0.345489084721 -0.516635000706 0.181348934770 0.082641631365 0.001047632657 0.979939758778
1403715945.634057998657 1.626640796661 -0.351253837347 -0.530534565449 0.155725091696 0.080300532281 0.010713911615 0.984472870827
1403715945.684058189392 1.618813633919 -0.354597091675 -0.550162672997 0.125523641706 0.077086135745 0.020441561937 0.988880038261
1403715945.734058141708 1.606262683868 -0.344874411821 -0.572422325611 0.097860597074 0.076066546142 0.027777869254 0.991899967194
1403715945.784058094025 1.596328735352 -0.359181880951 -0.600053310394 0.064112946391 0.075002729893 0.033826529980 0.994545102119
1403715945.834058046341 1.586852788925 -0.354632049799 -0.627077877522 0.032818168402 0.074206106365 0.036529224366 0.996033132076
1403715945.884058237076 1.574375510216 -0.357505172491 -0.653192281723 0.000182501302 0.073646806180 0.041067793965 0.996438443661
1403715945.934058189392 1.559662818909 -0.368555158377 -0.681149899960 -0.032894365489 0.073192365468 0.043410625309 0.995829463005
1403715945.984058141708 1.547205924988 -0.353119760752 -0.707701027393 -0.055357024074 0.070605382323 0.047881532460 0.994815528393
1403715946.034058094025 1.537065505981 -0.358611375093 -0.723960340023 -0.078892782331 0.066667072475 0.049349382520 0.993426442146
1403715946.084058284760 1.525495409966 -0.367631703615 -0.742556989193 -0.097947083414 0.061986260116 0.049203515053 0.992039859295
1403715946.134057998657 1.510550022125 -0.362995445728 -0.758468151093 -0.113105103374 0.056189838797 0.049348875880 0.990764677525
1403715946.184058189392 1.501655936241 -0.375502407551 -0.767447531223 -0.129894420505 0.048807602376 0.047955717891 0.989164054394
1403715946.234058141708 1.490683436394 -0.384300798178 -0.773020505905 -0.142767861485 0.040914643556 0.045784782618 0.987849771976
1403715946.284058094025 1.478666901588 -0.394428312778 -0.772405087948 -0.150711342692 0.033718898892 0.043427463621 0.987047731876
1403715946.334058046341 1.470219135284 -0.408601433039 -0.766804337502 -0.150960206985 0.025695027784 0.037725552917 0.987485468388
1403715946.384058237076 1.460573315620 -0.426463574171 -0.753596901894 -0.140462100506 0.018927805126 0.029023474082 0.989479541779
1403715946.434058189392 1.453027009964 -0.445336222649 -0.736626267433 -0.118749774992 0.012274310924 0.018968369812 0.992667138577
1403715946.484058141708 1.448629260063 -0.466576695442 -0.716977000237 -0.089383952320 0.006465782877 0.010500660166 0.995920956135
1403715946.534058094025 1.442075133324 -0.498483121395 -0.693850100040 -0.060734603554 0.000802269904 0.006966903806 0.998129308224
1403715946.584058284760 1.439553260803 -0.516112208366 -0.665295422077 -0.024911522865 -0.005911644083 0.005323211197 0.999658048153
1403715946.634057998657 1.430388689041 -0.552478015423 -0.633674323559 0.006422042381 -0.009859437123 0.003885491518 0.999923229218
1403715946.684058189392 1.404919266701 -0.567203164101 -0.606489837170 0.039296105504 -0.011826936156 0.004121955018 0.999149143696
1403715946.734058141708 1.397334575653 -0.600127220154 -0.580414414406 0.061824593693 -0.014748030342 0.003705979791 0.997971177101
1403715946.784058094025 1.387328743935 -0.630560159683 -0.553523957729 0.080505684018 -0.018309881911 0.004630982410 0.996575176716
1403715946.834058046341 1.384801268578 -0.667034983635 -0.527973294258 0.090321458876 -0.022462794557 0.004952987656 0.995647013187
1403715946.884058237076 1.369874715805 -0.683041870594 -0.506783485413 0.102982319891 -0.023383362219 0.005458240863 0.994393348694
1403715946.934058189392 1.366312146187 -0.694545507431 -0.488900780678 0.116004064679 -0.025856815279 0.005242533050 0.992898285389
1403715946.984058141708 1.348912477493 -0.715704262257 -0.474632412195 0.124826416373 -0.024112768471 0.003814663971 0.991878211498
1403715947.034058094025 1.337623715401 -0.738485217094 -0.462854802608 0.134739294648 -0.023734120652 0.004611834418 0.990586042404
1403715947.084058284760 1.327170372009 -0.743186712265 -0.452714204788 0.148958668113 -0.023868782446 0.007641672622 0.988525807858
1403715947.134057998657 1.316818237305 -0.740615308285 -0.441307306290 0.174026280642 -0.023143263534 0.010967957787 0.984407901764
1403715947.184058189392 1.313119411469 -0.759734451771 -0.448675513268 0.193979278207 -0.021371567622 0.012214569375 0.980696797371
1403715947.234058141708 1.297291278839 -0.766293704510 -0.453109145164 0.209166392684 -0.018798658624 0.015676544979 0.977573692799
1403715947.284058094025 1.287658691406 -0.763236999512 -0.463571310043 0.217264696956 -0.017121581361 0.019067190588 0.975776314735
1403715947.334058046341 1.282859086990 -0.757314443588 -0.480099618435 0.211931705475 -0.016689090058 0.021350126714 0.976908683777
1403715947.384058237076 1.271567225456 -0.749537944794 -0.500068306923 0.194703727961 -0.014282387681 0.022968396544 0.980489134789
1403715947.434058189392 1.261814832687 -0.735508382320 -0.525934219360 0.166415154934 -0.012663595378 0.022696629167 0.985713183880
1403715947.484058141708 1.249708056450 -0.722214639187 -0.559701383114 0.134047538042 -0.012257733382 0.024359505624 0.990599632263
1403715947.534058094025 1.241881608963 -0.698098421097 -0.588358521461 0.104223795235 -0.013763779774 0.027616646141 0.994075119495
1403715947.584058284760 1.230106115341 -0.680125951767 -0.618423283100 0.074802428484 -0.015771334991 0.032581161708 0.996541202068
1403715947.634057998657 1.232120275497 -0.666081428528 -0.659295082092 0.038646154106 -0.019751371816 0.035894948989 0.998412728310
1403715947.684058189392 1.228602409363 -0.638915657997 -0.691192686558 0.006905172486 -0.023142233491 0.041346032172 0.998852968216
1403715947.734058141708 1.221916198730 -0.604973733425 -0.725945353508 -0.020289760083 -0.025466550142 0.044506162405 0.998478353024
1403715947.784058094025 1.212311029434 -0.572665154934 -0.757982850075 -0.042857695371 -0.024755727500 0.042236071080 0.997880995274
1403715947.834058046341 1.212493658066 -0.539582312107 -0.784608483315 -0.061162188649 -0.025275221094 0.037135366350 0.997116506100
1403715947.884058237076 1.207121849060 -0.510529637337 -0.808239459991 -0.079925656319 -0.024177052081 0.031472664326 0.996010482311
1403715947.934058189392 1.206569552422 -0.474226474762 -0.832715511322 -0.096021071076 -0.025002693757 0.026422500610 0.994714379311
1403715947.984058141708 1.201982617378 -0.447176635265 -0.848356842995 -0.113231159747 -0.025372724980 0.021147893742 0.993019461632
1403715948.034058094025 1.194195032120 -0.417441278696 -0.860409796238 -0.128982007504 -0.025659535080 0.016847888008 0.991171717644
1403715948.084058284760 1.189376235008 -0.389343500137 -0.867532014847 -0.143361628056 -0.026966962963 0.013520202599 0.989210546017
1403715948.134057998657 1.187726736069 -0.365648925304 -0.869197964668 -0.153604939580 -0.028337439522 0.009931211360 0.987676024437
1403715948.184058189392 1.181794881821 -0.350015640259 -0.864515304565 -0.162158787251 -0.028827205300 0.006716587115 0.986320674419
1403715948.234058141708 1.179684996605 -0.335583448410 -0.850446760654 -0.161828875542 -0.030059382319 0.006346372422 0.986340522766
1403715948.284058094025 1.176029562950 -0.329724252224 -0.835238397121 -0.153275161982 -0.030871778727 0.006392591633 0.987680554390
1403715948.334058046341 1.174165844917 -0.323059588671 -0.809629321098 -0.134876832366 -0.032019961625 0.007943870500 0.990313053131
1403715948.384058237076 1.171878814697 -0.320960938931 -0.782018601894 -0.108651757240 -0.032786726952 0.009837904014 0.993490338326
1403715948.434058189392 1.170449495316 -0.328121989965 -0.747352778912 -0.081064835191 -0.033148471266 0.011916630901 0.996086180210
1403715948.484058141708 1.171643972397 -0.336286932230 -0.711664140224 -0.051807567477 -0.032412704080 0.012242689729 0.998055875301
1403715948.534058094025 1.160516500473 -0.338954865932 -0.670259177685 -0.023755138740 -0.028985118493 0.011060819961 0.999236345291
1403715948.584058284760 1.159229636192 -0.347670555115 -0.633325099945 0.004215468653 -0.026324117556 0.010678318329 0.999587535858
1403715948.634057998657 1.158996582031 -0.343676626682 -0.594110548496 0.029159527272 -0.024104544893 0.010648606345 0.999227344990
1403715948.684058189392 1.151845216751 -0.357722312212 -0.553641736507 0.049151435494 -0.019978147000 0.009912557900 0.998542308807
1403715948.734058141708 1.149256825447 -0.354224026203 -0.514901220798 0.072501249611 -0.016972279176 0.010307536460 0.997170627117
1403715948.784058094025 1.143998980522 -0.357282191515 -0.480375498533 0.088803268969 -0.013384226710 0.009967812337 0.995909392834
1403715948.834058046341 1.139403820038 -0.363476723433 -0.450296610594 0.100690357387 -0.010952163488 0.010227230377 0.994804978371
1403715948.884058237076 1.142223358154 -0.362966656685 -0.420560300350 0.112588949502 -0.011605819687 0.010875332169 0.993514358997
1403715948.934058189392 1.130796670914 -0.357106059790 -0.390603661537 0.123979456723 -0.012273266912 0.012846685946 0.992125749588
1403715948.984058141708 1.130324721336 -0.355332165956 -0.369946628809 0.134518101811 -0.015996640548 0.013086188585 0.990695595741
1403715949.034058094025 1.128346323967 -0.356907218695 -0.356250792742 0.143384248018 -0.020857566968 0.013160396367 0.989359796047
1403715949.084058284760 1.123439908028 -0.343258649111 -0.341212779284 0.151145458221 -0.026752619073 0.012503305450 0.988070368767
1403715949.134057998657 1.127252101898 -0.338822931051 -0.331318914890 0.150873541832 -0.036061134189 0.012629316188 0.987814426422
1403715949.184058189392 1.129642844200 -0.337319821119 -0.328232258558 0.140456885099 -0.045760117471 0.010670586489 0.988971233368
1403715949.234058141708 1.120881080627 -0.325943619013 -0.331368446350 0.119885459542 -0.053597349674 0.007030922454 0.991314947605
1403715949.284058094025 1.119346618652 -0.321448802948 -0.337643176317 0.094032451510 -0.064085036516 0.001836160780 0.993502736092
1403715949.334058046341 1.120740413666 -0.298311769962 -0.341206550598 0.068108335137 -0.074939563870 -0.002147334861 0.994857132435
1403715949.384058237076 1.102844834328 -0.275233834982 -0.360199749470 0.039241861552 -0.079707585275 -0.008379344828 0.996010303497
1403715949.434058189392 1.102600336075 -0.266883671284 -0.371852546930 0.007178679109 -0.088232249022 -0.013773795217 0.995978832245
1403715949.484058141708 1.103756070137 -0.263704061508 -0.383106648922 -0.021047722548 -0.096098288894 -0.020788896829 0.994932115078
1403715949.534058094025 1.102032899857 -0.255446612835 -0.389737486839 -0.043800380081 -0.104267299175 -0.026397446170 0.993233680725
1403715949.584058284760 1.104063153267 -0.244208604097 -0.399738162756 -0.059518676251 -0.112485922873 -0.033387452364 0.991307079792
1403715949.634057998657 1.103401780128 -0.246265962720 -0.401931643486 -0.075794979930 -0.122110955417 -0.037937298417 0.988890707493
1403715949.684058189392 1.102310776711 -0.232273772359 -0.404870808125 -0.086674794555 -0.132096782327 -0.044598389417 0.986432433128
1403715949.734058141708 1.092785477638 -0.227323427796 -0.399908602238 -0.098229445517 -0.140622034669 -0.050379183143 0.983889400959
1403715949.784058094025 1.091318368912 -0.225912064314 -0.393452435732 -0.107518464327 -0.150442078710 -0.058813124895 0.980993390083
1403715949.834058046341 1.088655948639 -0.226734697819 -0.385398328304 -0.110915578902 -0.159568056464 -0.067628644407 0.978602111340
1403715949.884058237076 1.077728271484 -0.231763646007 -0.371963381767 -0.111792393029 -0.167303994298 -0.077936716378 0.976441323757
1403715949.934058189392 1.067631006241 -0.241850420833 -0.351017415524 -0.108679711819 -0.176065564156 -0.089775867760 0.974233031273
1403715949.984058141708 1.051586985588 -0.252515405416 -0.329374402761 -0.101365469396 -0.182223871350 -0.103544875979 0.972521483898
1403715950.034058094025 1.034569621086 -0.262842148542 -0.305488884449 -0.091954685748 -0.188850834966 -0.115493498743 0.970845520496
1403715950.084058284760 1.020209431648 -0.279568403959 -0.273543357849 -0.075784064829 -0.198611781001 -0.126099437475 0.968973219395
1403715950.134057998657 0.999826252460 -0.294194132090 -0.245926827192 -0.049456134439 -0.207631275058 -0.131272196770 0.968096613884
1403715950.184058189392 0.978687107563 -0.312715858221 -0.213079929352 -0.022060167044 -0.217428103089 -0.128416895866 0.967340409756
1403715950.234058141708 0.948094546795 -0.331790685654 -0.179102033377 0.010160713457 -0.226001441479 -0.122601605952 0.966327548027
1403715950.284058094025 0.925213396549 -0.355454444885 -0.145540207624 0.038342714310 -0.236320719123 -0.109474413097 0.964726805687
1403715950.334058046341 0.894750595093 -0.365802645683 -0.114334747195 0.065616093576 -0.243224039674 -0.098535425961 0.962718725204
1403715950.384058237076 0.865949153900 -0.385587692261 -0.089277110994 0.087876766920 -0.248795792460 -0.088009387255 0.960537672043
1403715950.434058189392 0.841547846794 -0.394955545664 -0.060763679445 0.110906615853 -0.253115832806 -0.078279428184 0.957864522934
1403715950.484058141708 0.812634348869 -0.418017417192 -0.041858520359 0.129220336676 -0.254931390285 -0.071253463626 0.955633342266
1403715950.534058094025 0.792700290680 -0.441457122564 -0.015336237848 0.145078226924 -0.257443279028 -0.064547955990 0.953157305717
1403715950.584058284760 0.766159951687 -0.447479277849 0.001432579011 0.158547997475 -0.256205767393 -0.059957560152 0.951644003391
1403715950.634057998657 0.754190802574 -0.450221836567 0.025855163112 0.169537648559 -0.259013295174 -0.056233122945 0.949213862419
1403715950.684058189392 0.736317873001 -0.466560482979 0.031343258917 0.176718115807 -0.259672075510 -0.052420850843 0.947941601276
1403715950.734058141708 0.714885234833 -0.470750778913 0.040142800659 0.187603950500 -0.258888721466 -0.048629842699 0.946264564991
1403715950.784058094025 0.695429801941 -0.458756774664 0.032093580812 0.200512975454 -0.256179898977 -0.047120019794 0.944428980350
1403715950.834058046341 0.688984811306 -0.460490018129 0.035646084696 0.209353864193 -0.259077668190 -0.044166494161 0.941859364510
1403715950.884058237076 0.692099690437 -0.466292291880 0.030751628801 0.213053435087 -0.262357681990 -0.044063597918 0.940125048161
1403715950.934058189392 0.694710910320 -0.457808673382 0.020654907450 0.210563629866 -0.265505284071 -0.043933380395 0.939808368683
1403715950.984058141708 0.709737360477 -0.451284945011 0.022197680548 0.195842310786 -0.273993849754 -0.045356053859 0.940487146378
1403715951.034058094025 0.701307773590 -0.448533296585 -0.032867733389 0.165238156915 -0.270343929529 -0.048614818603 0.947231292725
1403715951.084058284760 0.685724735260 -0.457000553608 -0.098293907940 0.128825455904 -0.265253216028 -0.053531032056 0.954033076763
1403715951.134057998657 0.704607725143 -0.451408207417 -0.125102207065 0.098065450788 -0.269984096289 -0.061913989484 0.955854833126
1403715951.184058189392 0.703495085239 -0.411506623030 -0.164963722229 0.073476731777 -0.267275631428 -0.073272235692 0.958016753197
1403715951.234058141708 0.715075492859 -0.412099868059 -0.211564958096 0.036862663925 -0.269220292568 -0.084884241223 0.958622097969
1403715951.284058094025 0.740999698639 -0.412617236376 -0.242687642574 0.004504706711 -0.276137113571 -0.094606541097 0.956440091133
1403715951.334058046341 0.745440363884 -0.405298024416 -0.283645778894 -0.022300519049 -0.278384119272 -0.105113014579 0.954440295696
1403715951.384058237076 0.752348005772 -0.382616668940 -0.322081923485 -0.040933821350 -0.281663984060 -0.112801693380 0.951979875565
1403715951.434058189392 0.753196418285 -0.384766697884 -0.356357306242 -0.063213519752 -0.285573750734 -0.122402757406 0.948403537273
1403715951.484058141708 0.763080835342 -0.372710138559 -0.384708583355 -0.080395631492 -0.291525244713 -0.130602091551 0.944188892841
1403715951.534058094025 0.760967373848 -0.379469752312 -0.415975272655 -0.099337205291 -0.296549737453 -0.137670502067 0.939807057381
1403715951.584058284760 0.760123550892 -0.373027473688 -0.440842419863 -0.111518174410 -0.301901429892 -0.145831257105 0.935495853424
1403715951.634057998657 0.752041578293 -0.375266969204 -0.459524929523 -0.123508326709 -0.307872384787 -0.151961162686 0.931057512760
1403715951.684058189392 0.750213444233 -0.378000438213 -0.475326180458 -0.131012275815 -0.315138518810 -0.158780053258 0.926451504230
1403715951.734058141708 0.736632883549 -0.380456298590 -0.486027687788 -0.137008801103 -0.321990132332 -0.163858130574 0.922334790230
1403715951.784058094025 0.719062626362 -0.389318913221 -0.494521081448 -0.141148388386 -0.328210622072 -0.169266179204 0.918533563614
1403715951.834058046341 0.703343868256 -0.391011685133 -0.494447201490 -0.138374879956 -0.337657451630 -0.171169027686 0.915172696114
1403715951.884058237076 0.674357771873 -0.405262380838 -0.494192361832 -0.127732485533 -0.346425026655 -0.170853614807 0.913500487804
1403715951.934058189392 0.652009844780 -0.430923700333 -0.488656222820 -0.105911605060 -0.360596239567 -0.163861468434 0.912086904049
1403715951.984058141708 0.632496476173 -0.455808222294 -0.474662244320 -0.076763600111 -0.377008825541 -0.153747916222 0.910128176212
1403715952.034058094025 0.606367111206 -0.461861312389 -0.461170196533 -0.041545175016 -0.392022371292 -0.141372948885 0.908078253269
1403715952.084058284760 0.564193546772 -0.489973396063 -0.442115187645 -0.008792823181 -0.406818330288 -0.130311772227 0.904124140739
1403715952.134057998657 0.542950212955 -0.529326081276 -0.411038935184 0.019178509712 -0.423922926188 -0.119723558426 0.897545456886
1403715952.184058189392 0.488714545965 -0.560197532177 -0.409056752920 0.042095370591 -0.432703971863 -0.112778805196 0.893463015556
1403715952.234058141708 0.428509473801 -0.586052358150 -0.428766071796 0.062106434256 -0.437152743340 -0.107735268772 0.890748798847
1403715952.284058094025 0.411370605230 -0.619209825993 -0.392653018236 0.078138224781 -0.452005892992 -0.104511566460 0.882418513298
1403715952.334058046341 0.368148416281 -0.612064182758 -0.399474620819 0.096132591367 -0.456292688847 -0.097710214555 0.879208862782
1403715952.384058237076 0.332767188549 -0.643207490444 -0.418007820845 0.104727648199 -0.457389384508 -0.095751784742 0.877871692181
1403715952.434058189392 0.341030865908 -0.670975089073 -0.344735562801 0.115494176745 -0.475899010897 -0.090769067407 0.867146015167
1403715952.484058141708 0.319983243942 -0.696649014950 -0.328551977873 0.121249862015 -0.483014017344 -0.088566079736 0.862642467022
1403715952.534058094025 0.305041432381 -0.701832473278 -0.327929198742 0.130810081959 -0.487226903439 -0.087018854916 0.859026432037
1403715952.584058284760 0.318692117929 -0.711827397346 -0.297362297773 0.139979809523 -0.499492794275 -0.084239654243 0.850773990154
1403715952.634057998657 0.310664772987 -0.724761009216 -0.299933850765 0.148272275925 -0.504569888115 -0.080518752337 0.846723914146
1403715952.684058189392 0.305185973644 -0.732201576233 -0.310842275620 0.160194009542 -0.507507681847 -0.076158151031 0.843192577362
1403715952.734058141708 0.309840738773 -0.773319005966 -0.306038409472 0.168126299977 -0.513623952866 -0.072977356613 0.838211357594
1403715952.784058094025 0.325264811516 -0.766295611858 -0.307033836842 0.183653607965 -0.517701625824 -0.064302511513 0.833139657974
1403715952.834058046341 0.346878767014 -0.772923052311 -0.317009866238 0.193449288607 -0.519468128681 -0.059251602739 0.830192506313
1403715952.884058237076 0.376438230276 -0.782013058662 -0.313877284527 0.188930347562 -0.522632420063 -0.063784308732 0.828910350800
1403715952.934058189392 0.411587119102 -0.771179139614 -0.315176159143 0.171290367842 -0.523766756058 -0.075833335519 0.831009805202
1403715952.984058141708 0.449666410685 -0.768194496632 -0.315775096416 0.142209738493 -0.524265646935 -0.095528915524 0.834143996239
1403715953.034058094025 0.488860458136 -0.773808896542 -0.338471949100 0.109122231603 -0.521852850914 -0.116852074862 0.837918579578
1403715953.084058284760 0.544395923615 -0.755904972553 -0.342937439680 0.075961753726 -0.520899832249 -0.138877749443 0.838812351227
1403715953.134057998657 0.592089235783 -0.734705328941 -0.358698517084 0.044329345226 -0.516296446323 -0.159705176950 0.840218484402
1403715953.184058189392 0.637913346291 -0.724425435066 -0.380979120731 0.011634447612 -0.510077655315 -0.179918304086 0.841020107269
1403715953.234058141708 0.671565175056 -0.703589200974 -0.401759117842 -0.013993565924 -0.503202259541 -0.195273607969 0.841700673103
1403715953.284058094025 0.714772880077 -0.695734798908 -0.420310139656 -0.035657402128 -0.497905403376 -0.209487408400 0.840793550014
1403715953.334058046341 0.762056112289 -0.678571283817 -0.420086890459 -0.052125833929 -0.496292799711 -0.219197735190 0.838408470154
1403715953.384058237076 0.794964969158 -0.669588804245 -0.430488407612 -0.069241866469 -0.493644088507 -0.230966269970 0.835569083691
1403715953.434058189392 0.835287332535 -0.649902224541 -0.431461930275 -0.083032801747 -0.494013428688 -0.239582523704 0.831658899784
1403715953.484058141708 0.861446559429 -0.634226024151 -0.439443945885 -0.095575213432 -0.494002580643 -0.249120563269 0.827505767345
1403715953.534058094025 0.888097405434 -0.624192833900 -0.436031818390 -0.106336958706 -0.496917515993 -0.258731782436 0.821476280689
1403715953.584058284760 0.906646251678 -0.612189173698 -0.437287569046 -0.114850610495 -0.500359356403 -0.268368244171 0.815124750137
1403715953.634057998657 0.923123478889 -0.607984781265 -0.433803260326 -0.121826544404 -0.505689740181 -0.277896195650 0.807595193386
1403715953.684058189392 0.930839776993 -0.599498987198 -0.424486935139 -0.126495555043 -0.511603832245 -0.286465167999 0.800123810768
1403715953.734058141708 0.933551490307 -0.603253066540 -0.414459407330 -0.131281077862 -0.517695307732 -0.294542521238 0.792465507984
1403715953.784058094025 0.924526095390 -0.602278709412 -0.406452536583 -0.131382673979 -0.521315455437 -0.302240729332 0.787159025669
1403715953.834058046341 0.908469796181 -0.602961122990 -0.393077373505 -0.125156909227 -0.526336550713 -0.309445530176 0.782015979290
1403715953.884058237076 0.888235569000 -0.606344878674 -0.383416652679 -0.109831675887 -0.530815422535 -0.316492617130 0.778462886810
1403715953.934058189392 0.859722435474 -0.610290169716 -0.368919372559 -0.086118981242 -0.536373674870 -0.323396474123 0.774791300297
1403715953.984058141708 0.823632657528 -0.627970814705 -0.359371840954 -0.052532054484 -0.541860580444 -0.329690992832 0.771317958832
1403715954.034058094025 0.791409492493 -0.622085034847 -0.329435408115 -0.013193668798 -0.549849867821 -0.329168230295 0.767554044724
1403715954.084058284760 0.745627820492 -0.623729228973 -0.320882320404 0.020625133067 -0.556282281876 -0.322309404612 0.765663921833
1403715954.134057998657 0.708625853062 -0.635273694992 -0.281896322966 0.051074851304 -0.568395435810 -0.308975934982 0.760823249817
1403715954.184058189392 0.654492318630 -0.619488954544 -0.291068732738 0.081032440066 -0.572935521603 -0.289808809757 0.762357831001
1403715954.234058141708 0.607718825340 -0.613449752331 -0.270707309246 0.104237467051 -0.582372069359 -0.267345011234 0.760594487190
1403715954.284058094025 0.554119408131 -0.639110088348 -0.272868186235 0.118105582893 -0.589575171471 -0.251405119896 0.758450806141
1403715954.334058046341 0.496823519468 -0.652119755745 -0.285337865353 0.126963555813 -0.595631480217 -0.231608614326 0.758591353893
1403715954.384058237076 0.454051792622 -0.647400617599 -0.289908528328 0.133120328188 -0.604040384293 -0.205660104752 0.758365452290
1403715954.434058189392 0.413488924503 -0.650382816792 -0.289684623480 0.138044059277 -0.613458335400 -0.180920705199 0.756227791309
1403715954.484058141708 0.376972824335 -0.639605462551 -0.297724664211 0.146550148726 -0.619815528393 -0.156640768051 0.754861295223
1403715954.534058094025 0.346878767014 -0.644371449947 -0.296153604984 0.155549719930 -0.626532554626 -0.138176843524 0.751111388206
1403715954.584058284760 0.317038387060 -0.635963678360 -0.303886562586 0.167653352022 -0.630575418472 -0.121306821704 0.748031854630
1403715954.634057998657 0.298550665379 -0.625033199787 -0.315989315510 0.177076056600 -0.633296668530 -0.107438422740 0.745678544044
1403715954.684058189392 0.289790600538 -0.628667175770 -0.320872902870 0.182922199368 -0.637756168842 -0.097985513508 0.741758286953
1403715954.734058141708 0.283629626036 -0.616397738457 -0.334459841251 0.185103446245 -0.638423562050 -0.095003411174 0.741030633450
1403715954.784058094025 0.285908222198 -0.607518196106 -0.338074862957 0.181769922376 -0.640211284161 -0.097936183214 0.739930987358
1403715954.834058046341 0.296011120081 -0.598289549351 -0.342293560505 0.172409579158 -0.641197025776 -0.106642797589 0.740113914013
1403715954.884058237076 0.306839495897 -0.588722527027 -0.364742517471 0.160304263234 -0.637968659401 -0.118686527014 0.743782281876
1403715954.934058189392 0.331392943859 -0.580697178841 -0.377760112286 0.141576662660 -0.635744929314 -0.134488210082 0.746791362762
1403715954.984058141708 0.358574151993 -0.571830034256 -0.390126258135 0.121363833547 -0.631758749485 -0.154695585370 0.749813973904
1403715955.034058094025 0.389930725098 -0.559713423252 -0.405245631933 0.101086303592 -0.627814829350 -0.171246111393 0.752532303333
1403715955.084058284760 0.425237655640 -0.538506567478 -0.422716319561 0.081332825124 -0.622722983360 -0.186089694500 0.755626678467
1403715955.134057998657 0.461127161980 -0.530243396759 -0.448086768389 0.056720651686 -0.617087423801 -0.201559469104 0.758524596691
1403715955.184058189392 0.477621674538 -0.510484933853 -0.496932893991 0.031317230314 -0.606848835945 -0.215528771281 0.764395952225
1403715955.234058141708 0.505274415016 -0.501017510891 -0.527302026749 0.004520522896 -0.599124312401 -0.229902431369 0.766925275326
1403715955.284058094025 0.545166909695 -0.476150065660 -0.541142821312 -0.015192556195 -0.594506978989 -0.239368379116 0.767485141754
1403715955.334058046341 0.569047927856 -0.454843163490 -0.567443728447 -0.030697539449 -0.586948692799 -0.250597476959 0.769252777100
1403715955.384058237076 0.603028535843 -0.443154871464 -0.577447593212 -0.045932535082 -0.583380520344 -0.258761763573 0.768504858017
1403715955.434058189392 0.639516353607 -0.427897512913 -0.583504617214 -0.057684462517 -0.581104278564 -0.265832811594 0.767022311687
1403715955.484058141708 0.656501531601 -0.426672101021 -0.608942270279 -0.074815332890 -0.576305210590 -0.273594617844 0.766434013844
1403715955.534058094025 0.683064341545 -0.407582908869 -0.618445277214 -0.089054152369 -0.575814008713 -0.276287704706 0.764311850071
1403715955.584058284760 0.694575726986 -0.410910069942 -0.635209202766 -0.105933658779 -0.574845850468 -0.281886219978 0.760835409164
1403715955.634057998657 0.702332019806 -0.410219728947 -0.649242460728 -0.118281126022 -0.575345039368 -0.287548691034 0.756507396698
1403715955.684058189392 0.702812850475 -0.413300663233 -0.659479260445 -0.125846028328 -0.577486872673 -0.293592512608 0.751315593719
1403715955.734058141708 0.691981792450 -0.406353324652 -0.674703538418 -0.120252713561 -0.581828355789 -0.298474460840 0.746945917606
1403715955.784058094025 0.686888575554 -0.405682593584 -0.672233462334 -0.101940505207 -0.594362497330 -0.296427071095 0.740589201450
1403715955.834058046341 0.677945137024 -0.410387277603 -0.660537064075 -0.074327804148 -0.613259077072 -0.284007340670 0.733299732208
1403715955.884058237076 0.648537337780 -0.424343407154 -0.680465698242 -0.047985706478 -0.627373099327 -0.270193248987 0.728763401508
1403715955.934058189392 0.620769143105 -0.432178407907 -0.688268840313 -0.020626880229 -0.644477605820 -0.254780083895 0.720631837845
1403715955.984058141708 0.579896390438 -0.454347729683 -0.696780502796 0.005654710811 -0.660650253296 -0.242209061980 0.710523784161
1403715956.034058094025 0.545678257942 -0.468727290630 -0.705340206623 0.035201128572 -0.675891041756 -0.231459677219 0.698826670647
1403715956.084058284760 0.524443328381 -0.464472234249 -0.705509603024 0.064623527229 -0.690631866455 -0.219382449985 0.686092376709
1403715956.134057998657 0.491923302412 -0.470962703228 -0.703071713448 0.084781855345 -0.704876542091 -0.212459474802 0.671432852745
1403715956.184058189392 0.465255022049 -0.490485638380 -0.722840189934 0.101805172861 -0.714762926102 -0.211705669761 0.658733904362
1403715956.234058141708 0.441747426987 -0.491959571838 -0.726148605347 0.115962520242 -0.726839661598 -0.208691596985 0.643975675106
1403715956.284058094025 0.425851881504 -0.492310762405 -0.731444418430 0.124691896141 -0.737853884697 -0.207773059607 0.629963397980
1403715956.334058046341 0.418232738972 -0.501566350460 -0.748178005219 0.131509885192 -0.748702824116 -0.205563530326 0.616354584694
1403715956.384058237076 0.395998597145 -0.522267222404 -0.754344999790 0.137301951647 -0.762479126453 -0.202575013041 0.598946690559
1403715956.434058189392 0.391139179468 -0.520885586739 -0.749650239944 0.146652489901 -0.778061151505 -0.188580662012 0.580991625786
1403715956.484058141708 0.385262012482 -0.525046408176 -0.763178646564 0.156424164772 -0.791273534298 -0.175361990929 0.564504981041
1403715956.534058094025 0.390310823917 -0.534825444221 -0.766461193562 0.162961363792 -0.803587257862 -0.165164694190 0.548098325729
1403715956.584058284760 0.399196028709 -0.550096035004 -0.781982302666 0.166253298521 -0.812877655029 -0.159239485860 0.535007059574
1403715956.634057998657 0.417203009129 -0.556209623814 -0.789358437061 0.166793391109 -0.820992767811 -0.153333485126 0.524060785770
1403715956.684058189392 0.439763605595 -0.564089417458 -0.791091620922 0.162634089589 -0.825672984123 -0.156356975436 0.517075240612
1403715956.734058141708 0.470251560211 -0.577822208405 -0.800045907497 0.151214390993 -0.828435778618 -0.165500015020 0.513262271881
1403715956.784058094025 0.504168450832 -0.581968069077 -0.795545935631 0.138809785247 -0.830245971680 -0.176519170403 0.510161340237
1403715956.834058046341 0.542927503586 -0.590155363083 -0.792553901672 0.123897746205 -0.830485641956 -0.190077126026 0.508737266064
1403715956.884058237076 0.583930015564 -0.597049176693 -0.785588681698 0.107707053423 -0.828931272030 -0.206694260240 0.508477747440
1403715956.934058189392 0.629383325577 -0.610960423946 -0.787306785583 0.090188279748 -0.824800848961 -0.226523175836 0.510153830051
1403715956.984058141708 0.678137302399 -0.617658495903 -0.779466092587 0.073000296950 -0.819327890873 -0.248126775026 0.511669635773
1403715957.034058094025 0.731926143169 -0.619226574898 -0.768888175488 0.057747852057 -0.812276124954 -0.269479364157 0.514056146145
1403715957.084058284760 0.781904935837 -0.618978500366 -0.759478271008 0.044997144490 -0.805148303509 -0.288854479790 0.516017973423
1403715957.134057998657 0.831666111946 -0.623980820179 -0.752743959427 0.029595876113 -0.797510564327 -0.307536482811 0.518191516399
1403715957.184058189392 0.882039189339 -0.635572791100 -0.750289320946 0.013500714675 -0.789267301559 -0.326561301947 0.519838988781
1403715957.234058141708 0.926534593105 -0.628079771996 -0.739848792553 -0.000787137542 -0.781527876854 -0.343136847019 0.521028518677
1403715957.284058094025 0.969567775726 -0.625957250595 -0.731272399426 -0.018165012822 -0.773512482643 -0.359257608652 0.521806895733
1403715957.334058046341 1.010949730873 -0.623466372490 -0.723793268204 -0.035226907581 -0.764223098755 -0.376942962408 0.522145807743
1403715957.384058237076 1.057307839394 -0.602756321430 -0.716052532196 -0.047360140830 -0.755189895630 -0.391704738140 0.523462057114
1403715957.434058189392 1.086877346039 -0.596255898476 -0.707715034485 -0.059760548174 -0.746777832508 -0.406420469284 0.523042976856
1403715957.484058141708 1.118893623352 -0.582195162773 -0.704085707664 -0.070093989372 -0.738260805607 -0.419663608074 0.523393034935
1403715957.534058094025 1.144183635712 -0.555429518223 -0.690839290619 -0.076147295535 -0.732985973358 -0.428257435560 0.522999763489
1403715957.584058284760 1.148954033852 -0.550439357758 -0.688886284828 -0.083425983787 -0.726421654224 -0.440152645111 0.521169304848
1403715957.634057998657 1.176539301872 -0.532688617706 -0.716338038445 -0.088057897985 -0.718743920326 -0.448319166899 0.524083077908
1403715957.684058189392 1.175079464912 -0.506097555161 -0.717383623123 -0.086463741958 -0.717516064644 -0.451875030994 0.522975921631
1403715957.734058141708 1.165685653687 -0.488148003817 -0.726092219353 -0.080104939640 -0.720007300377 -0.449523329735 0.522591054440
1403715957.784058094025 1.143626928329 -0.482986658812 -0.743531584740 -0.071123242378 -0.726729929447 -0.440670967102 0.522124707699
1403715957.834058046341 1.121818900108 -0.466990351677 -0.754647254944 -0.052778974175 -0.740329861641 -0.419677615166 0.522490978241
1403715957.884058237076 1.086287260056 -0.452184468508 -0.775647580624 -0.035046465695 -0.756191790104 -0.393750429153 0.521446228027
1403715957.934058189392 1.054596066475 -0.434385985136 -0.793686866760 -0.014132370241 -0.772818386555 -0.366613984108 0.517828464508
1403715957.984058141708 1.022007822990 -0.413311570883 -0.820612907410 0.007522848900 -0.788251876831 -0.339250624180 0.513333618641
1403715958.034058094025 0.968560099602 -0.410101652145 -0.838314414024 0.024077478796 -0.804198086262 -0.313731133938 0.504240393639
1403715958.084058284760 0.942554175854 -0.376787900925 -0.865046620369 0.047568529844 -0.818252027035 -0.286155611277 0.496302187443
1403715958.134057998657 0.895412862301 -0.377131938934 -0.892664492130 0.060070104897 -0.830703258514 -0.265688627958 0.485523670912
1403715958.184058189392 0.883387148380 -0.346913844347 -0.928951084614 0.076329037547 -0.840961933136 -0.241654112935 0.478079795837
1403715958.234058141708 0.864900350571 -0.315090239048 -0.957067608833 0.090819649398 -0.850280404091 -0.221547245979 0.468713015318
1403715958.284058094025 0.841809213161 -0.297511816025 -0.981188178062 0.101346679032 -0.858400046825 -0.207703202963 0.457971155643
1403715958.334058046341 0.819266319275 -0.287091791630 -1.005868315697 0.108595564961 -0.865855634212 -0.196110248566 0.447260439396
1403715958.384058237076 0.804308176041 -0.265945285559 -1.027935862541 0.117265619338 -0.872499525547 -0.184206441045 0.437105596066
1403715958.434058189392 0.783234953880 -0.257083356380 -1.040192604065 0.121514432132 -0.881258964539 -0.169601514935 0.424089998007
1403715958.484058141708 0.777409315109 -0.243365734816 -1.051486968994 0.127428784966 -0.888650357723 -0.156031966209 0.411966621876
1403715958.534058094025 0.777944564819 -0.226921975613 -1.057109594345 0.129095062613 -0.895351290703 -0.146208241582 0.400379598141
1403715958.584058284760 0.775852560997 -0.219654709101 -1.057281374931 0.125135332346 -0.901234745979 -0.144948109984 0.388724982738
1403715958.634057998657 0.801687240601 -0.200779765844 -1.066257953644 0.119112506509 -0.904971837997 -0.146881058812 0.381135374308
1403715958.684058189392 0.811185359955 -0.195459485054 -1.054036378860 0.107280313969 -0.910124301910 -0.153417766094 0.369631856680
1403715958.734058141708 0.833528876305 -0.198506742716 -1.042766332626 0.093425378203 -0.913569748402 -0.166345611215 0.359153389931
1403715958.784058094025 0.858037829399 -0.210405349731 -1.033978462219 0.075885161757 -0.915336906910 -0.186064556241 0.348969608545
1403715958.834058046341 0.868515372276 -0.209186986089 -1.008142232895 0.053716138005 -0.917795658112 -0.205105662346 0.335704445839
1403715958.884058237076 0.901639819145 -0.210173845291 -0.991050243378 0.030879909173 -0.917039573193 -0.227705061436 0.325937539339
1403715958.934058189392 0.941625118256 -0.194129019976 -0.972560107708 0.011292516254 -0.915599465370 -0.246495217085 0.317474722862
1403715958.984058141708 0.969440102577 -0.191640287638 -0.942589163780 -0.006822040305 -0.913718283176 -0.267305821180 0.305973857641
1403715959.034058094025 0.986968159676 -0.211408391595 -0.912453591824 -0.022330569103 -0.908717811108 -0.295934200287 0.293523877859
1403715959.084058284760 1.025065779686 -0.203357294202 -0.887785196304 -0.027655467391 -0.903661429882 -0.319115132093 0.284247606993
1403715959.134057998657 1.050236821175 -0.200102642179 -0.846698582172 -0.027274109423 -0.899785220623 -0.339558064938 0.272659182549
1403715959.184058189392 1.074834108353 -0.193394660950 -0.812392294407 -0.019596323371 -0.895619392395 -0.359405845404 0.261360585690
1403715959.234058141708 1.092859268188 -0.195402398705 -0.778709769249 -0.012489069253 -0.891293346882 -0.378401011229 0.249505326152
1403715959.284058094025 1.119646310806 -0.183357268572 -0.749293744564 -0.005841675680 -0.886269748211 -0.396348237991 0.239582926035
1403715959.334058046341 1.137909054756 -0.191008433700 -0.723424792290 -0.002466722159 -0.878071606159 -0.420420110226 0.228541284800
1403715959.384058237076 1.150073766708 -0.188908278942 -0.692134737968 -0.003503673011 -0.869579613209 -0.442705094814 0.218703582883
1403715959.434058189392 1.158494472504 -0.195845097303 -0.667328774929 -0.003906136379 -0.860952258110 -0.463245749474 0.210117474198
1403715959.484058141708 1.190129518509 -0.177154526114 -0.653204023838 -0.002355355769 -0.853440225124 -0.478181660175 0.207307800651
1403715959.534058094025 1.199622035027 -0.178500846028 -0.647997438908 -0.003005524166 -0.846065342426 -0.493305385113 0.202025204897
1403715959.584058284760 1.202893495560 -0.175553143024 -0.643479347229 -0.000040087969 -0.841922700405 -0.503245234489 0.194705978036
1403715959.634057998657 1.213539719582 -0.158537134528 -0.638010919094 0.002255185507 -0.842724442482 -0.503894150257 0.189475923777
1403715959.684058189392 1.214174866676 -0.153052166104 -0.650207042694 0.007384325843 -0.847029089928 -0.499116510153 0.182674318552
1403715959.734058141708 1.214376449585 -0.153301924467 -0.671365261078 0.013489065692 -0.857106685638 -0.484321892262 0.174981355667
1403715959.784058094025 1.204118490219 -0.150111153722 -0.694078326225 0.017039231956 -0.873634457588 -0.456932067871 0.166390091181
1403715959.834058046341 1.196622014046 -0.149620920420 -0.726571679115 0.021307729185 -0.890085220337 -0.426940023899 0.158166050911
1403715959.884058237076 1.179879546165 -0.152482450008 -0.763479590416 0.024582022801 -0.906404435635 -0.394445329905 0.149129867554
1403715959.934058189392 1.166545391083 -0.151279032230 -0.800288259983 0.028998214751 -0.922259092331 -0.358483046293 0.141729086637
1403715959.984058141708 1.168398380280 -0.148319363594 -0.854388356209 0.035901311785 -0.934858560562 -0.325538188219 0.137023508549
1403715960.034058094025 1.158525705338 -0.145889937878 -0.881359994411 0.041417233646 -0.946213722229 -0.293101400137 0.130597993731
1403715960.084058284760 1.155895352364 -0.133971571922 -0.923300147057 0.045443732291 -0.954791426659 -0.265030503273 0.126755833626
1403715960.134057998657 1.154827237129 -0.135112404823 -0.956512331963 0.050219725817 -0.960434913635 -0.244369640946 0.123799279332
1403715960.184058189392 1.157290816307 -0.119838744402 -0.991194784641 0.056024797261 -0.965287327766 -0.223941713572 0.122195735574
1403715960.234058141708 1.148394584656 -0.123355984688 -1.009236812592 0.059355005622 -0.969215273857 -0.207427769899 0.118627242744
1403715960.284058094025 1.147655010223 -0.117533206940 -1.027536273003 0.062816515565 -0.972057104111 -0.193433195353 0.117229431868
1403715960.334058046341 1.146616339684 -0.128082394600 -1.037686944008 0.066216766834 -0.974269092083 -0.181707829237 0.115746937692
1403715960.384058237076 1.154195666313 -0.125880420208 -1.048929214478 0.069295577705 -0.976393342018 -0.168705001473 0.115727104247
1403715960.434058189392 1.160244584084 -0.133656382561 -1.047776699066 0.070476830006 -0.978060662746 -0.158640295267 0.115167960525
1403715960.484058141708 1.163111448288 -0.141773194075 -1.039812088013 0.071160629392 -0.978436589241 -0.156363189220 0.114667035639
1403715960.534058094025 1.163968801498 -0.155747383833 -1.020125865936 0.070351310074 -0.977310419083 -0.163828819990 0.114346779883
1403715960.584058284760 1.177682161331 -0.157631248236 -1.000557184219 0.071291238070 -0.973444759846 -0.183383971453 0.117017745972
1403715960.634057998657 1.186769247055 -0.163914948702 -0.976636290550 0.067991673946 -0.967610895634 -0.211388662457 0.120088331401
1403715960.684058189392 1.200734972954 -0.184132575989 -0.949431598186 0.063389562070 -0.960329115391 -0.242165908217 0.122904464602
1403715960.734058141708 1.227798461914 -0.197009265423 -0.922763705254 0.063117675483 -0.951849818230 -0.271706432104 0.127176284790
1403715960.784058094025 1.254245042801 -0.211666107178 -0.893748164177 0.059880759567 -0.941848158836 -0.303043812513 0.132290616632
1403715960.834058046341 1.271756529808 -0.220393836498 -0.855881273746 0.056168965995 -0.928855419159 -0.340036541224 0.135822653770
1403715960.884058237076 1.284361720085 -0.242955476046 -0.808449745178 0.053509395570 -0.915473580360 -0.374455958605 0.137213662267
1403715960.934058189392 1.313397407532 -0.257672160864 -0.779449164867 0.049233864993 -0.900893628597 -0.407219022512 0.141913190484
1403715960.984058141708 1.333782911301 -0.276271760464 -0.744949102402 0.047054443508 -0.889083147049 -0.431800872087 0.144447505474
1403715961.034058094025 1.354953765869 -0.288734644651 -0.722178459167 0.044986564666 -0.877326190472 -0.454420477152 0.147570714355
1403715961.084058284760 1.372522592545 -0.302053391933 -0.690132141113 0.041944973171 -0.867091238499 -0.473461538553 0.149089410901
1403715961.134057998657 1.391086697578 -0.319671928883 -0.675300955772 0.038769561797 -0.855703830719 -0.493310660124 0.151368752122
1403715961.184058189392 1.410485506058 -0.339526891708 -0.659921765327 0.033359400928 -0.845696210861 -0.510030210018 0.153473883867
1403715961.234058141708 1.426924347878 -0.338687330484 -0.654328763485 0.025371300057 -0.840146839619 -0.518622934818 0.156652063131
1403715961.284058094025 1.446461796761 -0.361714422703 -0.659491837025 0.016705848277 -0.837373793125 -0.522705435753 0.159075826406
1403715961.334058046341 1.462494373322 -0.365591555834 -0.669987559319 0.009392049164 -0.842565536499 -0.514055967331 0.160441800952
1403715961.384058237076 1.469424128532 -0.372406244278 -0.688753008842 0.001468995237 -0.852396786213 -0.498243659735 0.158653140068
1403715961.434058189392 1.474693536758 -0.378509104252 -0.718669295311 -0.003266161075 -0.864288628101 -0.478476107121 0.155097156763
1403715961.484058141708 1.479965567589 -0.385034620762 -0.745219230652 -0.004099663347 -0.877842843533 -0.455664366484 0.147462442517
1403715961.534058094025 1.486108779907 -0.391053140163 -0.785131275654 -0.003205338493 -0.891079783440 -0.431911706924 0.139351725578
1403715961.584058284760 1.482107162476 -0.385809957981 -0.816563606262 0.000319784798 -0.905257821083 -0.405265539885 0.127546072006
1403715961.634057998657 1.492069125175 -0.397679030895 -0.867205440998 0.006187908351 -0.916902005672 -0.381801009178 0.116105198860
1403715961.684058189392 1.493444442749 -0.393144100904 -0.908945143223 0.012013074011 -0.929176092148 -0.354883342981 0.102690443397
1403715961.734058141708 1.498056054115 -0.402602612972 -0.958002328873 0.022086668760 -0.938966095448 -0.331501096487 0.089229553938
1403715961.784058094025 1.495094895363 -0.399722456932 -0.989113092422 0.031047662720 -0.948953866959 -0.304630398750 0.075650155544
1403715961.834058046341 1.496347546577 -0.398665010929 -1.032372951508 0.038106068969 -0.956602513790 -0.281877338886 0.063282988966
1403715961.884058237076 1.501135230064 -0.403841912746 -1.078988790512 0.045900415629 -0.962054729462 -0.263798654079 0.052479650825
1403715961.934058189392 1.492377042770 -0.400616943836 -1.103079557419 0.050879310817 -0.967122554779 -0.245712503791 0.041359804571
1403715961.984058141708 1.487640857697 -0.399470508099 -1.128335475922 0.053315207362 -0.972875833511 -0.223027497530 0.030477955937
1403715962.034058094025 1.502137780190 -0.402249813080 -1.157945871353 0.053609613329 -0.978148818016 -0.199694290757 0.021751822904
1403715962.084058284760 1.501299619675 -0.393953025341 -1.169376611710 0.050537560135 -0.983404219151 -0.173940896988 0.010328763165
1403715962.134057998657 1.495964527130 -0.383142799139 -1.171353101730 -0.047083776444 0.986969351768 0.153859481215 0.001349782106
1403715962.184058189392 1.498987674713 -0.373970270157 -1.173842906952 -0.044100262225 0.988987267017 0.140747189522 0.012228075415
1403715962.234058141708 1.506539583206 -0.389140218496 -1.178227543831 -0.039838828146 0.989060521126 0.140224635601 0.022564936429
1403715962.284058094025 1.511180639267 -0.386645406485 -1.164647579193 -0.034108940512 0.988567352295 0.143064141273 0.033224791288
1403715962.334058046341 1.519417643547 -0.394395470619 -1.147103548050 -0.025732159615 0.986869812012 0.153538599610 0.043031498790
1403715962.384058237076 1.516177535057 -0.396418184042 -1.119884371758 -0.015716124326 0.984685420990 0.165432170033 0.052724994719
1403715962.434058189392 1.517858982086 -0.401446998119 -1.084476828575 -0.004976495635 0.981408119202 0.181736916304 0.061522547156
1403715962.484058141708 1.528410315514 -0.393743008375 -1.031432271004 0.007093178574 0.977635979652 0.198432549834 0.069297723472
1403715962.534058094025 1.531360983849 -0.390970766544 -0.980810165405 0.020332036540 0.972048640251 0.220852687955 0.077020391822
1403715962.584058284760 1.510130643845 -0.405295401812 -0.934188008308 0.034477002919 0.962695240974 0.253097653389 0.089279800653
1403715962.634057998657 1.506987690926 -0.416715383530 -0.886067032814 0.045736577362 0.953429043293 0.281930863857 0.096934147179
1403715962.684058189392 1.502800107002 -0.425139307976 -0.831204414368 0.055026214570 0.944571316242 0.306389600039 0.104319915175
1403715962.734058141708 1.486936330795 -0.427522838116 -0.770983695984 0.062728077173 0.936092555523 0.327360153198 0.112388730049
1403715962.784058094025 1.477991223335 -0.422929167747 -0.711225926876 0.065617322922 0.927514851093 0.348086059093 0.119359493256
1403715962.834058046341 1.462393641472 -0.417480826378 -0.652279913425 0.061948571354 0.919411063194 0.367014199495 0.127067834139
1403715962.884058237076 1.440332531929 -0.424959838390 -0.597760558128 0.055761594325 0.910995602608 0.385733395815 0.134860828519
1403715962.934058189392 1.417243957520 -0.421008378267 -0.540262520313 0.040265768766 0.902182817459 0.404596388340 0.144036814570
1403715962.984058141708 1.392234802246 -0.410732924938 -0.484231591225 0.015854304656 0.893257498741 0.422105848789 0.153838545084
1403715963.034058094025 1.362585902214 -0.394453465939 -0.425997674465 -0.005834992975 0.883031487465 0.439833194017 0.163609609008
1403715963.084058284760 1.334490776062 -0.380641102791 -0.372342407703 -0.024640636519 0.871615231037 0.457808911800 0.173466667533
1403715963.134057998657 1.305541992188 -0.359989464283 -0.316954672337 -0.039075233042 0.860172748566 0.474364817142 0.183177530766
1403715963.184058189392 1.281505823135 -0.341804087162 -0.268618941307 -0.050090633333 0.848017156124 0.491281688213 0.192354291677
1403715963.234058141708 1.256352186203 -0.318185627460 -0.227435827255 -0.059496551752 0.836808919907 0.505036056042 0.202853590250
1403715963.284058094025 1.230667591095 -0.281924843788 -0.187251746655 -0.065783135593 0.826926052570 0.515948355198 0.213689342141
1403715963.334058046341 1.217544317245 -0.255414068699 -0.161336779594 -0.071898259223 0.819376587868 0.522684514523 0.224173069000
1403715963.384058237076 1.198155641556 -0.218283057213 -0.135645210743 -0.069802939892 0.821281135082 0.513967871666 0.237616986036
1403715963.434058189392 1.187928318977 -0.184191882610 -0.122901201248 -0.067329175770 0.831911742687 0.489262253046 0.253006130457
1403715963.484058141708 1.183809757233 -0.147766947746 -0.111901640892 -0.061394695193 0.845881998539 0.457225739956 0.267691910267
1403715963.534058094025 1.178504347801 -0.109910726547 -0.107348382473 -0.053602013737 0.861043334007 0.418397367001 0.284033238888
1403715963.584058284760 1.179229259491 -0.079489171505 -0.107848882675 -0.044664204121 0.872077763081 0.385665595531 0.297905176878
1403715963.634057998657 1.177055001259 -0.047015845776 -0.106919765472 -0.037697602063 0.880619287491 0.354766398668 0.311816215515
1403715963.684058189392 1.176552891731 -0.015133380890 -0.108019471169 -0.032021142542 0.886111617088 0.330130100250 0.323720663786
1403715963.734058141708 1.176150798798 0.015206634998 -0.105903863907 -0.027749905363 0.889329850674 0.311038523912 0.334032088518
1403715963.784058094025 1.176186800003 0.043057173491 -0.105652213097 -0.024122405797 0.889757871628 0.300180286169 0.342988282442
1403715963.834058046341 1.177102446556 0.066766858101 -0.104858994484 -0.020071281120 0.889267742634 0.293129414320 0.350535750389
1403715963.884058237076 1.174582719803 0.086598038673 -0.102748274803 -0.017432743683 0.887724220753 0.290610522032 0.356633454561
1403715963.934058189392 1.171926259995 0.104714810848 -0.100342631340 -0.016946906224 0.884672105312 0.293468236923 0.361862540245
1403715963.984058141708 1.168936133385 0.118205308914 -0.099036216736 -0.014739236794 0.880480825901 0.300972551107 0.365994274616
1403715964.034058094025 1.165025234222 0.129659086466 -0.094730973244 -0.020046081394 0.876222848892 0.308478176594 0.369692981243
1403715964.084058284760 1.163309812546 0.140228599310 -0.088739037514 -0.032128892839 0.869132936001 0.324102222919 0.372200816870
1403715964.134057998657 1.159534215927 0.149363756180 -0.080655694008 -0.051525082439 0.862484931946 0.336712867022 0.374285131693
1403715964.184058189392 1.156369209290 0.149609923363 -0.079302072525 -0.062168274075 0.854999303818 0.351041167974 0.376671493053
1403715964.234058141708 1.159360289574 0.145742416382 -0.077875018120 -0.068744838238 0.851650297642 0.357056736946 0.377460449934
1403715964.284058094025 1.162149310112 0.139103472233 -0.081724166870 -0.060774561018 0.851831257343 0.356980800629 0.378490030766
1403715964.334058046341 1.168170690536 0.127817153931 -0.085671186447 -0.054042208940 0.853243649006 0.354015320539 0.379114627838
1403715964.384058237076 1.174197435379 0.115670502186 -0.090286016464 -0.045406498015 0.855476617813 0.348925322294 0.379933029413
1403715964.434058189392 1.181751966476 0.106131076813 -0.094421505928 -0.040021792054 0.856675386429 0.346386909485 0.380160033703
1403715964.484058141708 1.190002799034 0.094195008278 -0.100495457649 -0.037807270885 0.857136607170 0.344974488020 0.380631089211
1403715964.534058094025 1.199315786362 0.087807238102 -0.104741692543 -0.038294613361 0.858478069305 0.340847581625 0.381276607513
1403715964.584058284760 1.209476709366 0.079277038574 -0.109835624695 -0.038626715541 0.858287751675 0.341293454170 0.381272733212
1403715964.634057998657 1.219893574715 0.069384694099 -0.116237998009 -0.033709689975 0.858496427536 0.340916156769 0.381606787443
1403715964.684058189392 1.232677698135 0.059510588646 -0.122267484665 -0.025784082711 0.858954727650 0.340543955564 0.381525605917
1403715964.734058141708 1.247157454491 0.045392274857 -0.128848552704 -0.017719404772 0.859763383865 0.339696764946 0.380918651819
1403715964.784058094025 1.259924530983 0.030451059341 -0.137662768364 -0.005624343175 0.860610306263 0.337750971317 0.381107032299
1403715964.834058046341 1.272526383400 0.010348677635 -0.147888183594 0.006287384778 0.861121714115 0.335601747036 0.381839424372
1403715964.884058237076 1.284528255463 -0.006044983864 -0.160339117050 0.016063811257 0.862671613693 0.329783350229 0.383122146130
1403715964.934058189392 1.291521549225 -0.021401762962 -0.168840050697 0.020951012149 0.864808261395 0.321646124125 0.384982436895
1403715964.984058141708 1.300257086754 -0.036772966385 -0.179784417152 0.025904117152 0.866716384888 0.313631743193 0.386997163296
1403715965.034058094025 1.309881329536 -0.047348678112 -0.185708522797 0.027644718066 0.869842886925 0.302267789841 0.388900190592
1403715965.084058284760 1.315624356270 -0.058006405830 -0.193259000778 0.030034478754 0.872877299786 0.290105670691 0.391180038452
1403715965.134057998657 1.317414760590 -0.066119194031 -0.200514554977 0.032756350935 0.875563681126 0.278738230467 0.393217802048
1403715965.184058189392 1.317497014999 -0.072036802769 -0.207550525665 0.025296958163 0.874137938023 0.280734241009 0.395513892174
1403715965.234058141708 1.314681649208 -0.075901508331 -0.208284497261 0.010783470236 0.869079589844 0.294326066971 0.397437483072
1403715965.284058094025 1.311318993568 -0.078577458858 -0.208314538002 -0.008094506338 0.861766159534 0.314101397991 0.398288726807
1403715965.334058046341 1.306815743446 -0.076544284821 -0.205797433853 -0.027067229152 0.851907908916 0.339537978172 0.397786736488
1403715965.384058237076 1.301913499832 -0.082282960415 -0.208930611610 -0.043825171888 0.839498281479 0.368782162666 0.396638125181
1403715965.434058189392 1.298659920692 -0.085632145405 -0.209671139717 -0.057910423726 0.828658282757 0.393454968929 0.393910050392
1403715965.484058141708 1.298607826233 -0.088385701180 -0.211956858635 -0.070409037173 0.819584667683 0.413415193558 0.390399038792
1403715965.534058094025 1.299371361732 -0.090580761433 -0.217698693275 -0.080078966916 0.812721967697 0.427634984255 0.387554734945
1403715965.584058284760 1.304713368416 -0.093030869961 -0.227723836899 -0.085881926119 0.808836936951 0.435858696699 0.385271757841
1403715965.634057998657 1.313767433167 -0.096142530441 -0.243915200233 -0.086367502809 0.809951782227 0.434290766716 0.384591102600
1403715965.684058189392 1.327832221985 -0.104270935059 -0.261091828346 -0.081232421100 0.818340659142 0.418921560049 0.384999513626
1403715965.734058141708 1.347908258438 -0.107618272305 -0.280872821808 -0.070988990366 0.831373453140 0.392995804548 0.386436313391
1403715965.784058094025 1.372044682503 -0.115691483021 -0.301588296890 -0.058349277824 0.845151185989 0.363218396902 0.387797921896
1403715965.834058046341 1.390407562256 -0.120000720024 -0.327510476112 -0.039739899337 0.858271360397 0.331623852253 0.389636695385
1403715965.884058237076 1.413973212242 -0.123262465000 -0.349651932716 -0.024901181459 0.869354069233 0.301725745201 0.390595763922
1403715965.934058189392 1.435460090637 -0.128856301308 -0.371776223183 -0.010627892800 0.877844870090 0.276138663292 0.391181409359
1403715965.984058141708 1.452912807465 -0.131109118462 -0.391076922417 -0.001382688177 0.884483337402 0.253110915422 0.391946643591
1403715966.034058094025 1.472619891167 -0.141500890255 -0.409766554832 0.006345247850 0.888502776623 0.237871572375 0.392351448536
1403715966.084058284760 1.487736105919 -0.145967423916 -0.425675272942 0.015494347550 0.892993748188 0.217852458358 0.393525600433
1403715966.134057998657 1.500039577484 -0.153773993254 -0.434558629990 0.026608414948 0.897290408611 0.197298541665 0.393999099731
1403715966.184058189392 1.507115960121 -0.162904381752 -0.441535711288 0.032735604793 0.899344205856 0.184507519007 0.395051032305
1403715966.234058141708 1.508135914803 -0.174244493246 -0.445040583611 0.032077204436 0.898875057697 0.183881536126 0.396462202072
1403715966.284058094025 1.508916139603 -0.185110509396 -0.444168686867 0.025550371036 0.896262943745 0.196337491274 0.396877169609
1403715966.334058046341 1.504780054092 -0.196600794792 -0.435232758522 0.014464272186 0.890690386295 0.221493467689 0.396739274263
1403715966.384058237076 1.496545553207 -0.209150493145 -0.424964070320 0.001982078422 0.884148716927 0.248225465417 0.395804613829
1403715966.434058189392 1.487452507019 -0.221556603909 -0.413985967636 -0.012216893025 0.876565515995 0.276113688946 0.394011288881
1403715966.484058141708 1.472647070885 -0.243859350681 -0.401195645332 -0.028321383521 0.865975022316 0.310012966394 0.391378641129
1403715966.534058094025 1.465620517731 -0.259121537209 -0.386477947235 -0.045169841498 0.853679895401 0.345855236053 0.386748552322
1403715966.584058284760 1.455125689507 -0.274830281734 -0.372676372528 -0.058944556862 0.842462062836 0.375285804272 0.382025957108
1403715966.634057998657 1.447240710258 -0.293914079666 -0.363067269325 -0.070296272635 0.831930935383 0.401149749756 0.376866370440
1403715966.684058189392 1.438855767250 -0.306370079517 -0.350984215736 -0.077770195901 0.824305355549 0.419449895620 0.372201949358
1403715966.734058141708 1.437692880630 -0.321451663971 -0.343067169189 -0.083445556462 0.818475425243 0.433671236038 0.367510706186
1403715966.784058094025 1.439000129700 -0.332530140877 -0.338389277458 -0.088821090758 0.812861442566 0.446325600147 0.363538950682
1403715966.834058046341 1.442564487457 -0.346433758736 -0.338815450668 -0.092545196414 0.809634625912 0.453313022852 0.361157178879
1403715966.884058237076 1.452507376671 -0.355048298836 -0.342451930046 -0.093170754611 0.812254965305 0.449572741985 0.359785228968
1403715966.934058189392 1.465888261795 -0.366884887218 -0.347321629524 -0.087345458567 0.821589767933 0.433183670044 0.360156774521
1403715966.984058141708 1.482435941696 -0.379333078861 -0.356324791908 -0.077646367252 0.833585619926 0.411030650139 0.360776722431
1403715967.034058094025 1.503128647804 -0.383794844151 -0.364233851433 -0.068846859038 0.847512185574 0.382165104151 0.361846715212
1403715967.084058284760 1.521712660789 -0.394740104675 -0.386007666588 -0.053525406867 0.860346496105 0.352804958820 0.363961011171
1403715967.134057998657 1.547190904617 -0.406729698181 -0.399221658707 -0.041216894984 0.872662603855 0.322266727686 0.364561825991
1403715967.184058189392 1.570206999779 -0.411038756371 -0.412980198860 -0.027922218665 0.883317589760 0.292943328619 0.364903509617
1403715967.234058141708 1.591416239738 -0.422462522984 -0.422388792038 -0.016097946092 0.893494963646 0.262548953295 0.363972097635
1403715967.284058094025 1.613723039627 -0.435383260250 -0.432654380798 -0.003054790664 0.901806116104 0.233765438199 0.363442033529
1403715967.334058046341 1.629433989525 -0.439935624599 -0.437097191811 0.010035072453 0.909211933613 0.204849883914 0.362311363220
1403715967.384058237076 1.644138574600 -0.452496558428 -0.436282753944 0.019629755989 0.912979066372 0.188246637583 0.361451417208
1403715967.434058189392 1.655861139297 -0.470335155725 -0.435951828957 0.023010000587 0.914701819420 0.181516841054 0.360337048769
1403715967.484058141708 1.659403681755 -0.483317226171 -0.427935838699 0.026573412120 0.913913786411 0.183946177363 0.360859185457
1403715967.534058094025 1.662581920624 -0.501502394676 -0.413208484650 0.029341978952 0.910887062550 0.193704813719 0.363183557987
1403715967.584058284760 1.658360719681 -0.518175244331 -0.395562171936 0.031865879893 0.905237197876 0.209958702326 0.368032008410
1403715967.634057998657 1.652688026428 -0.534682929516 -0.377015471458 0.031752374023 0.897005736828 0.232009097934 0.374892294407
1403715967.684058189392 1.649314165115 -0.557100832462 -0.352478504181 0.029742635787 0.886730015278 0.257845342159 0.382545679808
1403715967.734058141708 1.639910101891 -0.577284514904 -0.323741078377 0.031256947666 0.875258088112 0.283413171768 0.390670299530
1403715967.784058094025 1.623090982437 -0.596284568310 -0.295660257339 0.030370574445 0.861627995968 0.310717731714 0.400161564350
1403715967.834058046341 1.607407689095 -0.622686803341 -0.276882648468 0.028059704229 0.845533609390 0.340944379568 0.409929841757
1403715967.884058237076 1.594980239868 -0.641172170639 -0.247272491455 0.025856684893 0.832297265530 0.362971961498 0.418167620897
1403715967.934058189392 1.570940375328 -0.652433693409 -0.220409154892 0.022214841098 0.819780945778 0.380918741226 0.427044063807
1403715967.984058141708 1.557880282402 -0.673144042492 -0.197884678841 0.009925517254 0.808828353882 0.397063821554 0.433634072542
1403715968.034058094025 1.538495421410 -0.683071017265 -0.176224231720 -0.008168010041 0.798599779606 0.410044401884 0.440494358540
1403715968.084058284760 1.522251725197 -0.690195143223 -0.159234166145 -0.028275502846 0.789704322815 0.420335233212 0.445966273546
1403715968.134057998657 1.503943800926 -0.695656538010 -0.141491532326 -0.046073310077 0.782092094421 0.427868336439 0.450708240271
1403715968.184058189392 1.491191864014 -0.696732759476 -0.129675507545 -0.058770343661 0.777483105659 0.430562168360 0.454623281956
1403715968.234058141708 1.480618238449 -0.701078653336 -0.120845794678 -0.063315398991 0.778204023838 0.425087988377 0.457919061184
1403715968.284058094025 1.473892569542 -0.698803186417 -0.112771153450 -0.060719259083 0.784921824932 0.408930331469 0.461504995823
1403715968.334058046341 1.467997789383 -0.694730222225 -0.110291838646 -0.052409470081 0.793311297894 0.390143424273 0.464433550835
1403715968.384058237076 1.466051340103 -0.693342089653 -0.111204624176 -0.044105362147 0.801808774471 0.370593100786 0.466709941626
1403715968.434058189392 1.463031053543 -0.688125014305 -0.107874631882 -0.031745281070 0.810871183872 0.349918872118 0.468013823032
1403715968.484058141708 1.461731791496 -0.674986481667 -0.107155799866 -0.019613515586 0.819445073605 0.328852474689 0.469021469355
1403715968.534058094025 1.460693478584 -0.660056591034 -0.101241707802 -0.007721348200 0.827564537525 0.308465003967 0.468963503838
1403715968.584058284760 1.459584951401 -0.649544894695 -0.101736664772 0.001837055199 0.834311723709 0.289519011974 0.469147473574
1403715968.634057998657 1.455130696297 -0.635492324829 -0.097664117813 0.011158730835 0.840624213219 0.270680665970 0.468997210264
1403715968.684058189392 1.448782563210 -0.623100280762 -0.093966007233 0.019557854161 0.846005201340 0.253528565168 0.468631982803
1403715968.734058141708 1.440841197968 -0.607902646065 -0.085300445557 0.026292478666 0.850989222527 0.237279325724 0.467786997557
1403715968.784058094025 1.428812265396 -0.595187306404 -0.077516794205 0.032707568258 0.854400277138 0.223847895861 0.467784643173
1403715968.834058046341 1.411057233810 -0.579762697220 -0.068998813629 0.037553191185 0.857300758362 0.211299970746 0.467950344086
1403715968.884058237076 1.393702864647 -0.571123063564 -0.054573535919 0.041315943003 0.859136164188 0.204152390361 0.467439681292
1403715968.934058189392 1.371306061745 -0.564005613327 -0.040446996689 0.042421258986 0.859433233738 0.202080771327 0.467694699764
1403715968.984058141708 1.341171741486 -0.547403693199 -0.020956993103 0.040648318827 0.857687652111 0.207382440567 0.468734622002
1403715969.034058094025 1.308278203011 -0.541138052940 0.002368211746 0.030819760635 0.852969765663 0.224880740047 0.470022827387
1403715969.084058284760 1.273272633553 -0.532142400742 0.024261355400 0.016901835799 0.845443248749 0.250788629055 0.471216619015
1403715969.134057998657 1.219224929810 -0.511034011841 0.053344368935 -0.000490008504 0.834619581699 0.282931953669 0.472609192133
1403715969.184058189392 1.183261275291 -0.496754407883 0.086536407471 -0.025118958205 0.821179687977 0.319991856813 0.471845626831
1403715969.234058141708 1.148178577423 -0.505574464798 0.112726449966 -0.047635495663 0.806399285793 0.357874363661 0.468377023935
1403715969.284058094025 1.107677578926 -0.494588136673 0.129298448563 -0.065444283187 0.792162358761 0.388235718012 0.466335624456
1403715969.334058046341 1.078978419304 -0.492560148239 0.148219406605 -0.080454453826 0.780536115170 0.412248313427 0.462970644236
1403715969.384058237076 1.048127412796 -0.481379687786 0.168170988560 -0.095039315522 0.770788788795 0.430569857359 0.459849715233
1403715969.434058189392 1.022779226303 -0.473574876785 0.184779286385 -0.106961883605 0.762054800987 0.446730911732 0.456358581781
1403715969.484058141708 0.998374283314 -0.464917600155 0.195729851723 -0.118907898664 0.755838632584 0.456095725298 0.454472959042
1403715969.534058094025 0.984096884727 -0.456727862358 0.202786207199 -0.133052423596 0.752359390259 0.458935469389 0.453465163708
1403715969.584058284760 0.977509975433 -0.444900453091 0.205024778843 -0.147707685828 0.753762900829 0.450594961643 0.454959452152
1403715969.634057998657 0.978358447552 -0.436135351658 0.207526087761 -0.160006150603 0.758523166180 0.435738444328 0.457353949547
1403715969.684058189392 0.985251843929 -0.423344016075 0.204869389534 -0.168263643980 0.764854967594 0.417667031288 0.460693538189
1403715969.734058141708 1.000777840614 -0.414170682430 0.200708925724 -0.173467516899 0.773088395596 0.396404951811 0.463795721531
1403715969.784058094025 1.027107238770 -0.407052576542 0.198642551899 -0.172521218657 0.782763719559 0.373601973057 0.466839343309
1403715969.834058046341 1.054624676704 -0.398445546627 0.193696677685 -0.161057129502 0.793882548809 0.349884003401 0.470523387194
1403715969.884058237076 1.094356656075 -0.392645716667 0.189138472080 -0.141536667943 0.804088175297 0.331646442413 0.472673594952
1403715969.934058189392 1.130044221878 -0.387000799179 0.183992981911 -0.111750558019 0.813776910305 0.314972370863 0.475469589233
1403715969.984058141708 1.167390227318 -0.389724552631 0.181707620621 -0.079844988883 0.822852253914 0.297965109348 0.477237612009
1403715970.034058094025 1.207498073578 -0.386470943689 0.182133913040 -0.054750945419 0.829670131207 0.281469881535 0.478982895613
1403715970.084058284760 1.249545097351 -0.384082823992 0.184746026993 -0.032275043428 0.835480511189 0.265507340431 0.480037987232
1403715970.134057998657 1.287936091423 -0.380069077015 0.185634255409 -0.014174042270 0.840078294277 0.249265566468 0.481595516205
1403715970.184058189392 1.322765946388 -0.376041024923 0.188938736916 0.003363244468 0.844321966171 0.232793793082 0.482613921165
1403715970.234058141708 1.355517029762 -0.380182474852 0.193928360939 0.022181047127 0.848119378090 0.215639024973 0.483426660299
1403715970.284058094025 1.388156890869 -0.381919384003 0.207476735115 0.038348603994 0.851702392101 0.199379041791 0.483094602823
1403715970.334058046341 1.410531997681 -0.383455276489 0.215172410011 0.053637083620 0.853464126587 0.186522766948 0.483664542437
1403715970.384058237076 1.430471777916 -0.391726702452 0.228497147560 0.062587052584 0.855013847351 0.177000299096 0.483430504799
1403715970.434058189392 1.445394754410 -0.398795664310 0.249641299248 0.071609802544 0.854985535145 0.173276484013 0.483577340841
1403715970.484058141708 1.456408739090 -0.407172799110 0.271682620049 0.076656587422 0.853008210659 0.178058207035 0.484557569027
1403715970.534058094025 1.453023433685 -0.415348827839 0.290723443031 0.079403989017 0.847577452660 0.193165734410 0.487846821547
1403715970.584058284760 1.451921463013 -0.421990931034 0.319542050362 0.078831516206 0.840617120266 0.217092916369 0.489917486906
1403715970.634057998657 1.444366216660 -0.430667757988 0.350855708122 0.071013741195 0.832885146141 0.245133742690 0.491089403629
1403715970.684058189392 1.426076173782 -0.440842151642 0.369897365570 0.059748265892 0.822650790215 0.276524245739 0.493163466454
1403715970.734058141708 1.409119725227 -0.456043124199 0.397397994995 0.045934226364 0.811413764954 0.311905562878 0.492151021957
1403715970.784058094025 1.389524579048 -0.468805879354 0.420985698700 0.030754314736 0.798081159592 0.349052786827 0.490186482668
1403715970.834058046341 1.370439052582 -0.485902070999 0.439425826073 0.015599999577 0.782944500446 0.387424409389 0.486473947763
1403715970.884058237076 1.345151662827 -0.490849435329 0.457087039948 0.001962019596 0.769290566444 0.418563038111 0.482693672180
1403715970.934058189392 1.324958086014 -0.500092387199 0.471103250980 -0.010785679333 0.756642997265 0.445315837860 0.478611350060
1403715970.984058141708 1.311008691788 -0.510729670525 0.479774534702 -0.024409145117 0.745134592056 0.467624664307 0.474874526262
1403715971.034058094025 1.298568248749 -0.521704435349 0.483493089676 -0.041368227452 0.736233890057 0.481856256723 0.473352819681
1403715971.084058284760 1.287313938141 -0.527844607830 0.482515275478 -0.059826008976 0.729588508606 0.488978356123 0.474364459515
1403715971.134057998657 1.283386588097 -0.535604059696 0.473826348782 -0.077988170087 0.726471126080 0.487239897251 0.478283226490
1403715971.184058189392 1.286849021912 -0.541608572006 0.455717325211 -0.093369163573 0.726631045341 0.477781921625 0.484782397747
1403715971.234058141708 1.296657443047 -0.546692490578 0.432930588722 -0.106754504144 0.730721354485 0.457910716534 0.494941979647
1403715971.284058094025 1.313312768936 -0.551989197731 0.406614363194 -0.114271320403 0.737811088562 0.430876374245 0.506875157356
1403715971.334058046341 1.330069541931 -0.551698148251 0.379297137260 -0.116061225533 0.746209025383 0.398382902145 0.520569860935
1403715971.384058237076 1.354512810707 -0.559576094151 0.350016593933 -0.115973494947 0.753630578518 0.363827168941 0.534996032715
1403715971.434058189392 1.389469623566 -0.564520418644 0.316669225693 -0.111818455160 0.759052276611 0.330303966999 0.549759566784
1403715971.484058141708 1.422329187393 -0.572640776634 0.287517905235 -0.104889228940 0.763175129890 0.298001289368 0.563699662685
1403715971.534058094025 1.460230350494 -0.578774988651 0.260330796242 -0.096307493746 0.764998316765 0.267486423254 0.577887058258
1403715971.584058284760 1.498803019524 -0.586967527866 0.232694387436 -0.086291395128 0.763805985451 0.240537613630 0.592702209949
1403715971.634057998657 1.532031774521 -0.591734945774 0.208505630493 -0.073735162616 0.760703563690 0.217956095934 0.606950044632
1403715971.684058189392 1.571573972702 -0.600979804993 0.190502405167 -0.061452589929 0.756019532681 0.201837539673 0.619612514973
1403715971.734058141708 1.610875844955 -0.610327363014 0.185238480568 -0.045885641128 0.750558018684 0.189488649368 0.631388366222
1403715971.784058094025 1.646152257919 -0.629409253597 0.177896738052 -0.029939843342 0.743424117565 0.182791322470 0.642659842968
1403715971.834058046341 1.678127527237 -0.646535754204 0.174175739288 -0.013048747554 0.734185814857 0.181385383010 0.654140949249
1403715971.884058237076 1.708519935608 -0.662430763245 0.170806288719 0.001842643600 0.723699867725 0.183723270893 0.665207386017
1403715971.934058189392 1.731647491455 -0.667108654976 0.170593261719 0.014293498360 0.713543713093 0.184541001916 0.675718665123
1403715971.984058141708 1.756214022636 -0.678730964661 0.172149181366 0.022138062865 0.703155159950 0.187315925956 0.685562252998
1403715972.034058094025 1.773778557777 -0.686042070389 0.168693542480 0.027906682342 0.692877292633 0.188556686044 0.695405423641
1403715972.084058284760 1.786984920502 -0.687461555004 0.170466780663 0.036642909050 0.684626281261 0.185850739479 0.703849256039
1403715972.134057998657 1.800438523293 -0.697243452072 0.169211030006 0.044972520322 0.678519666195 0.179818525910 0.710812091827
1403715972.184058189392 1.813460946083 -0.727730989456 0.176988482475 0.053046312183 0.676189243793 0.173421040177 0.714058399200
1403715972.234058141708 1.814824581146 -0.727059066296 0.176327109337 0.067826420069 0.673624038696 0.160887897015 0.718154132366
1403715972.284058094025 1.821766495705 -0.756363987923 0.180762052536 0.075719594955 0.672962605953 0.153486788273 0.719603836536
1403715972.334058046341 1.817667007446 -0.769328594208 0.178037524223 0.084191456437 0.671374440193 0.145256131887 0.721850991249
1403715972.384058237076 1.806804895401 -0.781431436539 0.182215094566 0.090293973684 0.670398771763 0.141176849604 0.722828865051
1403715972.434058189392 1.792214393616 -0.787227034569 0.183610320091 0.093170568347 0.668900251389 0.139773905277 0.724123656750
1403715972.484058141708 1.787827730179 -0.775581181049 -0.024675965309 0.091788537800 0.649588048458 0.151507437229 0.739361703396
1403715972.534058094025 1.763339161873 -0.781565427780 -0.021944046021 0.083038620651 0.647388756275 0.159223377705 0.740702569485
1403715972.584058284760 1.726709246635 -0.791557133198 -0.015496730804 0.068355426192 0.643292248249 0.175650835037 0.742057561874
1403715972.634057998657 1.694041013718 -0.802194714546 -0.014210700989 0.052407495677 0.638146519661 0.194662049413 0.743053972721
1403715972.684058189392 1.658804535866 -0.811184823513 -0.018963813782 0.035189278424 0.630955100060 0.216039627790 0.744301199913
1403715972.734058141708 1.587851405144 -0.783013641834 0.127866268158 0.026419045404 0.649542212486 0.227489605546 0.725014090538
1403715972.784058094025 1.542944550514 -0.810043632984 0.156389594078 0.009554051794 0.645125806332 0.252216905355 0.721185266972
1403715972.834058046341 1.505251288414 -0.843333363533 0.162994980812 -0.006225951482 0.640104889870 0.273166775703 0.718057751656
1403715972.884058237076 1.470880985260 -0.852910161018 0.165759086609 -0.013984194957 0.637557446957 0.283318549395 0.716278910637
1403715972.934058189392 1.435501217842 -0.853588223457 0.165182828903 -0.010695844889 0.638014137745 0.285251349211 0.715161025524
1403715972.984058141708 1.396607160568 -0.845196127892 0.159978389740 -0.003551804693 0.639419376850 0.283670067787 0.714605867863
1403715973.034058094025 1.352998733521 -0.856963336468 0.166346669197 0.006856518332 0.642419874668 0.285293847322 0.711236357689
1403715973.084058284760 1.314402341843 -0.870362937450 0.180211782455 0.014470506459 0.646818459034 0.285876363516 0.706888377666
1403715973.134057998657 1.284044027328 -0.871928870678 0.183729410172 0.018593415618 0.649850726128 0.284393042326 0.704605579376
1403715973.184058189392 1.247504830360 -0.872797548771 0.172903537750 0.018514363095 0.650943756104 0.281917810440 0.704593360424
1403715973.234058141708 1.221440315247 -0.865210771561 0.093180894852 0.015221440233 0.645676851273 0.281772136688 0.709559142590
1403715973.284058094025 1.188113451004 -0.839042305946 0.062190413475 0.017065100372 0.643154561520 0.280106276274 0.712461650372
1403715973.334058046341 1.151088714600 -0.832576751709 0.062106132507 0.015169321559 0.643306136131 0.283057630062 0.711200058460
1403715973.384058237076 1.120535492897 -0.831405162811 0.046820163727 0.009310415946 0.640943706036 0.288705229759 0.711163699627
1403715973.434058189392 1.082743883133 -0.833265423775 0.044454097748 0.000037886231 0.640138745308 0.293862551451 0.709836006165
1403715973.484058141708 1.052925348282 -0.838211417198 0.027537226677 -0.009057270363 0.637215018272 0.301050573587 0.709396600723
1403715973.534058094025 1.021456480026 -0.843443393707 0.027308940887 -0.017818590626 0.636209070683 0.308185905218 0.707065820694
1403715973.584058284760 0.987968742847 -0.839299321175 0.012596905231 -0.022879751399 0.632726848125 0.315529257059 0.706805884838
1403715973.634057998657 0.957373142242 -0.831378698349 0.001806974411 -0.025975832716 0.629400372505 0.322634398937 0.706461250782
1403715973.684058189392 0.932735562325 -0.830026090145 -0.007020294666 -0.028810989112 0.626038074493 0.331437170506 0.705262839794
1403715973.734058141708 0.905467391014 -0.823463320732 -0.027471542358 -0.029835643247 0.621505975723 0.339904010296 0.705198943615
1403715973.784058094025 0.885948359966 -0.820113658905 -0.043573021889 -0.031696971506 0.618213176727 0.346262812614 0.704918324947
1403715973.834058046341 0.862786352634 -0.814568400383 -0.057730317116 -0.032923363149 0.616774022579 0.349530100822 0.704510152340
1403715973.884058237076 0.842580139637 -0.802875757217 -0.073731958866 -0.035216875374 0.615367054939 0.350595146418 0.705100178719
1403715973.934058189392 0.831478059292 -0.798447847366 -0.097955524921 -0.037194594741 0.613457977772 0.352768391371 0.705578088760
1403715973.984058141708 0.817270874977 -0.790436446667 -0.116047978401 -0.039810493588 0.615338742733 0.347123324871 0.706596612930
1403715974.034058094025 0.807839512825 -0.781790614128 -0.131116986275 -0.040583599359 0.619698762894 0.337248712778 0.707523763180
1403715974.084058284760 0.804084062576 -0.769504904747 -0.164808392525 -0.039462238550 0.621826946735 0.327704757452 0.710199654102
1403715974.134057998657 0.799425840378 -0.765080571175 -0.180811882019 -0.037670914084 0.626751542091 0.316523820162 0.711038768291
1403715974.184058189392 0.798844993114 -0.763164579868 -0.211444735527 -0.034684542567 0.629188537598 0.308980077505 0.712355315685
1403715974.234058141708 0.797540247440 -0.741714596748 -0.232226669788 -0.030206205323 0.632105052471 0.300459474325 0.713620960712
1403715974.284058094025 0.796642243862 -0.737034559250 -0.251619279385 -0.030476262793 0.634317278862 0.294999182224 0.713924586773
1403715974.334058046341 0.802538812160 -0.737293839455 -0.284864306450 -0.033083770424 0.633334755898 0.294283509254 0.714975357056
1403715974.384058237076 0.804107606411 -0.722430944443 -0.309180289507 -0.034196909517 0.632972836494 0.293288141489 0.715652167797
1403715974.434058189392 0.809618234634 -0.703659474850 -0.338534176350 -0.034831311554 0.631738901138 0.293031930923 0.716815888882
1403715974.484058141708 0.814498960972 -0.692466378212 -0.363077074289 -0.035727392882 0.631473600864 0.292241513729 0.717328071594
1403715974.534058094025 0.821971356869 -0.677379667759 -0.381830722094 -0.034349206835 0.632795810699 0.289121776819 0.717494428158
1403715974.584058284760 0.831061720848 -0.659988820553 -0.410366833210 -0.031494516879 0.633241653442 0.286123782396 0.718433201313
1403715974.634057998657 0.842141270638 -0.642325282097 -0.442505270243 -0.028872447088 0.633461415768 0.282386362553 0.719826996326
1403715974.684058189392 0.849193930626 -0.630349516869 -0.458274811506 -0.025915192440 0.635222911835 0.280222535133 0.719232678413
1403715974.734058141708 0.859816491604 -0.616306841373 -0.476043432951 -0.024433482438 0.636913359165 0.277202844620 0.718959629536
1403715974.784058094025 0.870583176613 -0.603825330734 -0.505195736885 -0.023794576526 0.636621773243 0.275895714760 0.719741761684
1403715974.834058046341 0.884436011314 -0.587568998337 -0.530418992043 -0.023402301595 0.635817468166 0.276155471802 0.720365643501
1403715974.884058237076 0.889687538147 -0.573458790779 -0.546450376511 -0.022734621540 0.636855363846 0.274698674679 0.720027089119
1403715974.934058189392 0.897525787354 -0.560572564602 -0.543744325638 -0.021314505488 0.637994170189 0.274423271418 0.719166934490
1403715974.984058141708 0.908496737480 -0.547904014587 -0.566595435143 -0.020765492693 0.637462198734 0.273925483227 0.719844102859
1403715975.034058094025 0.920661807060 -0.532562732697 -0.583044052124 -0.021623626351 0.638216733932 0.271401554346 0.720106244087
1403715975.084058284760 0.931770980358 -0.515227794647 -0.603443861008 -0.021577768028 0.637852728367 0.269323080778 0.721209704876
1403715975.134057998657 0.944848418236 -0.497683703899 -0.628505349159 -0.023114124313 0.637227356434 0.266929119825 0.722603559494
1403715975.184058189392 0.957736074924 -0.477942317724 -0.651458263397 -0.023634808138 0.636855602264 0.264261811972 0.723893642426
1403715975.234058141708 0.969729304314 -0.453101605177 -0.672772645950 -0.024797646329 0.636536538601 0.260824292898 0.725380599499
1403715975.284058094025 0.984533846378 -0.451960027218 -0.696619212627 -0.027175344527 0.635751783848 0.260395705700 0.726137220860
1403715975.334058046341 0.999491095543 -0.442963123322 -0.721859931946 -0.026721494272 0.635075807571 0.257298737764 0.727847516537
1403715975.384058237076 1.010215759277 -0.428975671530 -0.739749014378 -0.025027778000 0.635777831078 0.253321439028 0.728689491749
1403715975.434058189392 1.021473407745 -0.422394096851 -0.750741541386 -0.023510947824 0.637813746929 0.248601227999 0.728586494923
1403715975.484058141708 1.032719850540 -0.400566607714 -0.760255098343 -0.020828923211 0.640157699585 0.241674929857 0.728942751884
1403715975.534058094025 1.041723012924 -0.387196093798 -0.770085155964 -0.018878925592 0.640852987766 0.239753782749 0.729019284248
1403715975.584058284760 1.047205448151 -0.386717021465 -0.778266072273 -0.020371152088 0.640838444233 0.241206213832 0.728512644768
1403715975.634057998657 1.068265676498 -0.369370669127 -0.798666119576 -0.019909344614 0.639055132866 0.241019114852 0.730152010918
1403715975.684058189392 1.081993103027 -0.365616887808 -0.820283591747 -0.020437706262 0.637162506580 0.243711054325 0.730897486210
1403715975.734058141708 1.098434567451 -0.358289986849 -0.814941585064 -0.018984636292 0.639907836914 0.245768532157 0.727843046188
1403715975.784058094025 1.109975814819 -0.351379722357 -0.831086754799 -0.018504709005 0.639092743397 0.247157171369 0.728101193905
1403715975.834058046341 1.123282670975 -0.346136450768 -0.846419572830 -0.018486639485 0.638922870159 0.247507691383 0.728131771088
1403715975.884058237076 1.137389183044 -0.348589569330 -0.865291535854 -0.020757989958 0.638024091721 0.249691799283 0.728112876415
1403715975.934058189392 1.146538257599 -0.345640778542 -0.883706748486 -0.021573435515 0.637375652790 0.250456780195 0.728394269943
1403715975.984058141708 1.160020589828 -0.346098333597 -0.898140549660 -0.023180248216 0.637000679970 0.251648575068 0.728262186050
1403715976.034058094025 1.172490596771 -0.347117751837 -0.910032629967 -0.025857603177 0.637296080589 0.252368599176 0.727664172649
1403715976.084058284760 1.186433315277 -0.343540787697 -0.921305000782 -0.025967219844 0.637410104275 0.252960592508 0.727354824543
1403715976.134057998657 1.198512673378 -0.339771240950 -0.932498812675 -0.025146387517 0.638234019279 0.252369314432 0.726866364479
1403715976.184058189392 1.212187767029 -0.339298516512 -0.937986195087 -0.025009917095 0.640333116055 0.250540882349 0.725656449795
1403715976.234058141708 1.225104808807 -0.340033948421 -0.951014697552 -0.025010850281 0.641484975815 0.248918101192 0.725197374821
1403715976.284058094025 1.240288734436 -0.345246702433 -0.965229451656 -0.025155154988 0.642013251781 0.249137565494 0.724649369717
1403715976.334058046341 1.254492759705 -0.348030000925 -0.970863699913 -0.026789482683 0.644202530384 0.246771991253 0.723456323147
1403715976.384058237076 1.268530130386 -0.345282137394 -0.976920068264 -0.026742728427 0.645842075348 0.243457645178 0.723119199276
1403715976.434058189392 1.282029032707 -0.347552001476 -0.983081221581 -0.029378090054 0.645866692066 0.240768775344 0.723894715309
1403715976.484058141708 1.295801997185 -0.347287058830 -0.984718859196 -0.031385373324 0.645044803619 0.237284854054 0.725691437721
1403715976.534058094025 1.309378027916 -0.349592149258 -0.988633394241 -0.032424226403 0.642869472504 0.234241917729 0.728559017181
1403715976.584058284760 1.321515321732 -0.349324405193 -0.987483322620 -0.033526461571 0.639701187611 0.230058416724 0.732619583607
1403715976.634057998657 1.333250999451 -0.350210487843 -0.987644314766 -0.033434018493 0.634343683720 0.228494510055 0.737753689289
1403715976.684058189392 1.348514556885 -0.355817526579 -0.987983465195 -0.031497564167 0.627602458000 0.228473499417 0.743587851524
1403715976.734058141708 1.359617233276 -0.353849053383 -0.981753826141 -0.028847875074 0.621204257011 0.229284927249 0.748800039291
1403715976.784058094025 1.373250484467 -0.356824368238 -0.976694464684 -0.026861842722 0.615776896477 0.229707628489 0.753214180470
1403715976.834058046341 1.383385300636 -0.358264207840 -0.968171536922 -0.025677593425 0.611352324486 0.229176029563 0.757012128830
1403715976.884058237076 1.400732278824 -0.362679094076 -0.966445744038 -0.024609463289 0.606664180756 0.228961139917 0.760874330997
1403715976.934058189392 1.410570025444 -0.362264782190 -0.957934379578 -0.024036007002 0.603434443474 0.227778226137 0.763810336590
1403715976.984058141708 1.422850370407 -0.366724729538 -0.946186661720 -0.023238217458 0.600086748600 0.227244764566 0.766626179218
1403715977.034058094025 1.435121655464 -0.366677850485 -0.935567498207 -0.022554323077 0.595966875553 0.225086048245 0.770487546921
1403715977.084058284760 1.447321414948 -0.369765818119 -0.927515566349 -0.021934846416 0.590672492981 0.223160177469 0.775128722191
1403715977.134057998657 1.459746837616 -0.372847497463 -0.914962947369 -0.021980140358 0.584774911404 0.220691904426 0.780288577080
1403715977.184058189392 1.469740390778 -0.377022117376 -0.899573624134 -0.021992480382 0.578142464161 0.217210158706 0.786185324192
1403715977.234058141708 1.483661055565 -0.384007751942 -0.890900671482 -0.021930305287 0.568835496902 0.214500680566 0.793684244156
1403715977.284058094025 1.496738076210 -0.386097759008 -0.875490844250 -0.021671881899 0.558937191963 0.210764423013 0.801684439182
1403715977.334058046341 1.505603909492 -0.393296927214 -0.857966303825 -0.021370271221 0.548482894897 0.205535784364 0.810225188732
1403715977.384058237076 1.515753507614 -0.399073213339 -0.841380000114 -0.020617926493 0.536234200001 0.200631737709 0.819618642330
1403715977.434058189392 1.525195240974 -0.401571810246 -0.826134204865 -0.018481895328 0.522180676460 0.196544587612 0.829672217369
1403715977.484058141708 1.534638404846 -0.411156654358 -0.807519197464 -0.018720349297 0.508381545544 0.190604746342 0.839563965797
1403715977.534058094025 1.544180631638 -0.420569121838 -0.789401888847 -0.018722675741 0.493028402328 0.185452103615 0.849811732769
1403715977.584058284760 1.547937154770 -0.427113533020 -0.763765454292 -0.016868410632 0.478361725807 0.178533688188 0.859657645226
1403715977.634057998657 1.554352521896 -0.431357860565 -0.743394553661 -0.014186186716 0.461438149214 0.172236174345 0.870177209377
1403715977.684058189392 1.561070680618 -0.433850646019 -0.719866514206 -0.011321531609 0.444412201643 0.166654720902 0.880111277103
1403715977.734058141708 1.568246126175 -0.442407846451 -0.699851274490 -0.010762463324 0.425778269768 0.161305248737 0.890268325806
1403715977.784058094025 1.576013088226 -0.449937283993 -0.677222251892 -0.009710924700 0.407519608736 0.153852462769 0.900090456009
1403715977.834058046341 1.574449896812 -0.453716576099 -0.652566373348 -0.006853282452 0.389902174473 0.145372673869 0.909283339977
1403715977.884058237076 1.585329055786 -0.460228234529 -0.628579974174 -0.004778758157 0.371351510286 0.135261818767 0.918574690819
1403715977.934058189392 1.587757706642 -0.470804870129 -0.608805418015 -0.002955562435 0.353163361549 0.123228348792 0.927405893803
1403715977.984058141708 1.590208292007 -0.481316864491 -0.580794215202 -0.001362863113 0.336090087891 0.109882168472 0.935396969318
1403715978.034058094025 1.588990688324 -0.490448921919 -0.554093897343 0.000420057710 0.317953854799 0.096387453377 0.943193852901
1403715978.084058284760 1.592494249344 -0.493125021458 -0.534563243389 0.005221136380 0.297152489424 0.082289770246 0.951263129711
1403715978.134057998657 1.583095312119 -0.503362715244 -0.507465600967 0.007135696709 0.279404282570 0.067103363574 0.957799255848
1403715978.184058189392 1.582514286041 -0.504468619823 -0.486752659082 0.010154920630 0.259420573711 0.051854826510 0.964317858219
1403715978.234058141708 1.572563767433 -0.516324579716 -0.454791575670 0.010468506254 0.241794899106 0.038109615445 0.969522237778
1403715978.284058094025 1.562248229980 -0.524025738239 -0.429226815701 0.013227086514 0.222885787487 0.025237202644 0.974428057671
1403715978.334058046341 1.550335764885 -0.535710155964 -0.400459676981 0.015798550099 0.202826932073 0.017562549561 0.978929638863
1403715978.384058237076 1.538002610207 -0.537681519985 -0.375308424234 0.022672468796 0.181065306067 0.012539252639 0.983129739761
1403715978.434058189392 1.523032665253 -0.552001595497 -0.350358724594 0.023722691461 0.159780293703 0.010239778087 0.986814379692
1403715978.484058141708 1.493605971336 -0.564034223557 -0.324998646975 0.025918470696 0.139497652650 0.011446987279 0.989816963673
1403715978.534058094025 1.476200580597 -0.568583250046 -0.294448047876 0.030646543950 0.114405147731 0.013821848668 0.992865145206
1403715978.584058284760 1.448364496231 -0.582121074200 -0.274073213339 0.034198760986 0.091523155570 0.016040723771 0.995086252689
1403715978.634057998657 1.425567507744 -0.581370532513 -0.247506961226 0.040143884718 0.066513389349 0.015484370291 0.996857404709
1403715978.684058189392 1.400901556015 -0.591079831123 -0.223982095718 0.041270285845 0.042323529720 0.013336877339 0.998162090778
1403715978.734058141708 1.369073987007 -0.596252679825 -0.201436802745 0.042262077332 0.021029815078 0.009025279433 0.998844444752
1403715978.784058094025 1.349658012390 -0.595637679100 -0.178143382072 0.044400293380 -0.002452607034 0.000997847761 0.999010324478
1403715978.834058046341 1.322407364845 -0.604226052761 -0.158468604088 0.041643336415 -0.023926232010 -0.007804622408 0.998815536499
1403715978.884058237076 1.291594028473 -0.612831532955 -0.142011836171 0.038356494159 -0.044564988464 -0.017540052533 0.998115777969
1403715978.934058189392 1.262446403503 -0.612646102905 -0.127448976040 0.038096483797 -0.066000744700 -0.027426773682 0.996714770794
1403715978.984058141708 1.226132512093 -0.604165613651 -0.122047305107 0.039354722947 -0.085362948477 -0.038350597024 0.994833469391
1403715979.034058094025 1.209236264229 -0.621867060661 -0.094133757055 0.037355788052 -0.111268930137 -0.049444448203 0.991856336594
1403715979.084058284760 1.167045950890 -0.631241917610 -0.085191652179 0.039878483862 -0.131567060947 -0.058665573597 0.988766014576
1403715979.134057998657 1.134781122208 -0.632690846920 -0.075661748648 0.046052113175 -0.155743852258 -0.064245752990 0.984629631042
1403715979.184058189392 1.100909352303 -0.639582633972 -0.061165839434 0.054349727929 -0.180172592402 -0.071196064353 0.979548394680
1403715979.234058141708 1.077265262604 -0.653240799904 -0.047767393291 0.064134061337 -0.208362787962 -0.074478074908 0.973100602627
1403715979.284058094025 1.031534910202 -0.680401325226 -0.047245122492 0.071654610336 -0.230349123478 -0.080715209246 0.967103898525
1403715979.334058046341 1.003798127174 -0.691610813141 -0.037196531892 0.080768309534 -0.253967463970 -0.092875979841 0.959349334240
1403715979.384058237076 0.971615791321 -0.688162922859 -0.034325640649 0.090214267373 -0.274565309286 -0.103807747364 0.951682329178
1403715979.434058189392 0.936107516289 -0.690162897110 -0.038683727384 0.093868695199 -0.292387485504 -0.119412973523 0.944160342216
1403715979.484058141708 0.908916413784 -0.694857180119 -0.036833032966 0.095959909260 -0.312150925398 -0.131669342518 0.935957610607
1403715979.534058094025 0.882099926472 -0.694220423698 -0.040789525956 0.098120339215 -0.330996513367 -0.142794430256 0.927590131760
1403715979.584058284760 0.851723968983 -0.702343106270 -0.046476878226 0.096305020154 -0.349713981152 -0.152307376266 0.919362783432
1403715979.634057998657 0.822907328606 -0.697783231735 -0.058237403631 0.096330568194 -0.367139667273 -0.159827992320 0.911254048347
1403715979.684058189392 0.789580464363 -0.702780842781 -0.068111911416 0.094372563064 -0.386629521847 -0.166656151414 0.902129232883
1403715979.734058141708 0.768519759178 -0.707403123379 -0.077399276197 0.095715314150 -0.407736778259 -0.173866942525 0.891268551350
1403715979.784058094025 0.737863779068 -0.722314178944 -0.085278123617 0.095109760761 -0.429349303246 -0.180263862014 0.879839897156
1403715979.834058046341 0.709077119827 -0.714409351349 -0.098031654954 0.099984243512 -0.450189739466 -0.184857636690 0.867847979069
1403715979.884058237076 0.687761425972 -0.696772038937 -0.123506277800 0.105409964919 -0.469424128532 -0.186530739069 0.856583893299
1403715979.934058189392 0.654315471649 -0.706707835197 -0.157583549619 0.106391482055 -0.489106744528 -0.191577881575 0.844247281551
1403715979.984058141708 0.626904964447 -0.715049743652 -0.179584383965 0.108697332442 -0.510786712170 -0.196142196655 0.829945802689
1403715980.034058094025 0.611503124237 -0.711108744144 -0.191524550319 0.113754838705 -0.534352421761 -0.198485746980 0.813714087009
1403715980.084058284760 0.581366002560 -0.695240557194 -0.229209095240 0.118590019643 -0.551899254322 -0.201027452946 0.800582110882
1403715980.134057998657 0.563523173332 -0.689390599728 -0.259033739567 0.120884709060 -0.571235775948 -0.205803811550 0.785316109657
1403715980.184058189392 0.552022814751 -0.676136136055 -0.284653186798 0.122166343033 -0.592179179192 -0.208741351962 0.768652319908
1403715980.234058141708 0.531534910202 -0.675077438354 -0.321946352720 0.118357315660 -0.611613869667 -0.212956532836 0.752708137035
1403715980.284058094025 0.525440096855 -0.656818091869 -0.356450527906 0.115238279104 -0.630944669247 -0.214982882142 0.736485779285
1403715980.334058046341 0.508554697037 -0.640094757080 -0.406001061201 0.112381756306 -0.647707045078 -0.220120996237 0.720689058304
1403715980.384058237076 0.504365324974 -0.624296009541 -0.431547582150 0.109878145158 -0.667617678642 -0.221879258752 0.702127516270
1403715980.434058189392 0.498435437679 -0.604566812515 -0.473140895367 0.107492841780 -0.686081111431 -0.222456544638 0.684288740158
1403715980.484058141708 0.487868994474 -0.589359819889 -0.519667327404 0.106380060315 -0.704192161560 -0.223404571414 0.665497720242
1403715980.534058094025 0.487267196178 -0.575375080109 -0.571863651276 0.102344661951 -0.722120702267 -0.222858250141 0.646839559078
1403715980.584058284760 0.486668944359 -0.557423770428 -0.621701359749 0.098592050374 -0.739284873009 -0.223441153765 0.627544045448
1403715980.634057998657 0.485594272614 -0.551661372185 -0.666887640953 0.092568039894 -0.756032586098 -0.227759450674 0.606606543064
1403715980.684058189392 0.493880361319 -0.523615717888 -0.706742048264 0.092055097222 -0.772132158279 -0.229469567537 0.585390031338
1403715980.734058141708 0.499276101589 -0.512750089169 -0.756054341793 0.086727239192 -0.786907136440 -0.233426764607 0.564594984055
1403715980.784058094025 0.506665706635 -0.503651857376 -0.789219021797 0.080763690174 -0.802616775036 -0.238489016891 0.540746331215
1403715980.834058046341 0.510278344154 -0.501538038254 -0.825228273869 0.073979742825 -0.816665709019 -0.246933415532 0.516341090202
1403715980.884058237076 0.524637818336 -0.478659689426 -0.868402898312 0.068798169494 -0.829787969589 -0.249659284949 0.494357258081
1403715980.934058189392 0.547143280506 -0.461480855942 -0.903341710567 0.066280432045 -0.842595517635 -0.253423929214 0.470548629761
1403715980.984058141708 0.557080864906 -0.450753062963 -0.951166033745 0.061220698059 -0.855057358742 -0.257112413645 0.446119099855
1403715981.034058094025 0.579485416412 -0.435989141464 -0.988906085491 0.058590039611 -0.867235302925 -0.258837342262 0.421276003122
1403715981.084058284760 0.603260874748 -0.419534444809 -1.025825977325 0.055694531649 -0.879042267799 -0.259462177753 0.396058350801
1403715981.134057998657 0.631291389465 -0.410100042820 -1.062638163567 0.052644081414 -0.889756143093 -0.262108147144 0.369948565960
1403715981.184058189392 0.654751300812 -0.401400089264 -1.088502645493 0.052876766771 -0.899817526340 -0.264336824417 0.343013852835
1403715981.234058141708 0.674457192421 -0.389317721128 -1.111940860748 0.050966829062 -0.909913122654 -0.266432225704 0.313806414604
1403715981.284058094025 0.692292451859 -0.386019557714 -1.125339388847 0.046584893018 -0.919896423817 -0.268336802721 0.282162755728
1403715981.334058046341 0.734840631485 -0.372212648392 -1.164418578148 0.046044200659 -0.926910221577 -0.270868748426 0.255631655455
1403715981.384058237076 0.758550405502 -0.360347509384 -1.177992463112 0.042619712651 -0.934949755669 -0.271666467190 0.224164947867
1403715981.434058189392 0.808798789978 -0.346514582634 -1.199539899826 0.040004216135 -0.941373229027 -0.271523892879 0.196191042662
1403715981.484058141708 0.830138087273 -0.353723824024 -1.210430026054 0.034780651331 -0.947557389736 -0.272164583206 0.163865283132
1403715981.534058094025 0.878721475601 -0.323529720306 -1.226162910461 0.034006275237 -0.953936100006 -0.265500515699 0.135495647788
1403715981.584058284760 0.891913056374 -0.337726473808 -1.226994633675 0.030673002824 -0.958846330643 -0.263339936733 0.101611740887
1403715981.634057998657 0.929864406586 -0.338090360165 -1.226971626282 0.030834548175 -0.962409913540 -0.260561972857 0.070170395076
1403715981.684058189392 0.957203388214 -0.334460735321 -1.226739525795 0.030640557408 -0.964720845222 -0.258570015430 0.038940858096
1403715981.734058141708 0.982234060764 -0.346891999245 -1.228085756302 0.031682774425 -0.964207768440 -0.263137251139 0.007646759506
1403715981.784058094025 1.011300802231 -0.337617695332 -1.213348150253 -0.032476805151 0.962658584118 0.267861247063 0.022000851110
1403715981.834058046341 1.039336085320 -0.351543724537 -1.210333108902 -0.033620044589 0.957116484642 0.283125460148 0.051358647645
1403715981.884058237076 1.063891172409 -0.363374829292 -1.194260478020 -0.034261163324 0.951274633408 0.295494884253 0.081151187420
1403715981.934058189392 1.086665153503 -0.372362732887 -1.180820345879 -0.033651318401 0.945238292217 0.305573493242 0.109622150660
1403715981.984058141708 1.123691678047 -0.374064683914 -1.153588175774 -0.035747244954 0.940894365311 0.308656185865 0.134800851345
1403715982.034058094025 1.142842292786 -0.382031381130 -1.142995953560 -0.034564815462 0.935358822346 0.312904357910 0.161245197058
1403715982.084058284760 1.176692962646 -0.394155561924 -1.115108609200 -0.034565839916 0.930909395218 0.313380956650 0.184405148029
1403715982.134057998657 1.203640341759 -0.407944500446 -1.092364907265 -0.034129146487 0.925607442856 0.314323306084 0.208055123687
1403715982.184058189392 1.227321982384 -0.415360689163 -1.064427495003 -0.034622628242 0.920646429062 0.312210559845 0.231810182333
1403715982.234058141708 1.248091578484 -0.426761567593 -1.039519906044 -0.032953340560 0.914905071259 0.310839146376 0.255424797535
1403715982.284058094025 1.268872499466 -0.435998976231 -1.014003872871 -0.030561236665 0.908426165581 0.310543537140 0.278191745281
1403715982.334058046341 1.298734307289 -0.449550807476 -0.978724241257 -0.030438793823 0.902247548103 0.308699190617 0.299545884132
1403715982.384058237076 1.327709078789 -0.457908511162 -0.945894360542 -0.028475163504 0.895917356014 0.306966513395 0.319832652807
1403715982.434058189392 1.349996685982 -0.470973908901 -0.916618585587 -0.027208430693 0.888510286808 0.304893195629 0.341832339764
1403715982.484058141708 1.369872689247 -0.485841810703 -0.883574008942 -0.025981623679 0.880086898804 0.303158223629 0.364509403706
1403715982.534058094025 1.389535665512 -0.497830390930 -0.847995519638 -0.026398345828 0.872357070446 0.298319667578 0.386395692825
1403715982.584058284760 1.420212984085 -0.509661316872 -0.812152862549 -0.024745263159 0.863847255707 0.294955104589 0.407623678446
1403715982.634057998657 1.431930184364 -0.524416923523 -0.778248310089 -0.022490797564 0.853612005711 0.290398240089 0.431867539883
1403715982.684058189392 1.447957754135 -0.541122198105 -0.743467569351 -0.020023029298 0.842200875282 0.287803024054 0.455484598875
1403715982.734058141708 1.466659069061 -0.556053698063 -0.705439448357 -0.018328409642 0.830789744854 0.284461826086 0.478052407503
1403715982.784058094025 1.475367307663 -0.574979364872 -0.670876741409 -0.016524823382 0.817704677582 0.280728608370 0.502272248268
1403715982.834058046341 1.490769147873 -0.583165109158 -0.627005338669 -0.013113520108 0.804691612720 0.276330113411 0.525300979614
1403715982.884058237076 1.500079154968 -0.603250324726 -0.587213754654 -0.012474527583 0.790639221668 0.272418498993 0.548199057579
1403715982.934058189392 1.514412164688 -0.623628020287 -0.542055487633 -0.013607331552 0.777201533318 0.268196851015 0.569072067738
1403715982.984058141708 1.525086641312 -0.642293274403 -0.501023173332 -0.010781022720 0.763194799423 0.264227658510 0.589577257633
1403715983.034058094025 1.530750036240 -0.653556585312 -0.462507843971 -0.007166715339 0.748046100140 0.259082585573 0.610943436623
1403715983.084058284760 1.533678293228 -0.673708379269 -0.417256593704 -0.005046569277 0.733243763447 0.254866629839 0.630373775959
1403715983.134057998657 1.542650341988 -0.681631863117 -0.382600307465 -0.001084013376 0.716827690601 0.250080317259 0.650858461857
1403715983.184058189392 1.550715684891 -0.704106867313 -0.327027201653 0.001469182665 0.701885282993 0.244892641902 0.668866574764
1403715983.234058141708 1.550914287567 -0.718883454800 -0.288263201714 0.005114238709 0.683869659901 0.238725662231 0.689424574375
1403715983.284058094025 1.561824560165 -0.743582129478 -0.240020275116 0.006819140632 0.665672898293 0.234942644835 0.708261966705
1403715983.334058046341 1.553520560265 -0.765904188156 -0.191032409668 0.008928690106 0.648902058601 0.226739048958 0.726247847080
1403715983.384058237076 1.558341741562 -0.784428358078 -0.143977999687 0.010429048911 0.629794001579 0.220739021897 0.744664371014
1403715983.434058189392 1.555086255074 -0.794219374657 -0.100595235825 0.015972062945 0.609329938889 0.213249996305 0.763535380363
1403715983.484058141708 1.552542209625 -0.823900699615 -0.058291673660 0.021725000814 0.588741362095 0.206011131406 0.781326472759
1403715983.534058094025 1.557713031769 -0.838024973869 -0.038354635239 0.031429152936 0.563603639603 0.197504565120 0.801470577717
1403715983.584058284760 1.543498039246 -0.855829834938 -0.010967969894 0.041594583541 0.541286528111 0.188605666161 0.818356096745
1403715983.634057998657 1.524849653244 -0.871465921402 0.028267383575 0.053150020540 0.520178198814 0.180014535785 0.833177328110
1403715983.684058189392 1.520150184631 -0.878221750259 0.067686021328 0.064295053482 0.495873719454 0.172148466110 0.848728656769
1403715983.734058141708 1.515058398247 -0.891645908356 0.075619757175 0.073432467878 0.470036178827 0.165414720774 0.863893330097
1403715983.784058094025 1.495417714119 -0.913384795189 0.117629170418 0.078596390784 0.450315535069 0.159440800548 0.874995529652
1403715983.834058046341 1.477553844452 -0.914078712463 0.152430236340 0.085888735950 0.428518950939 0.151750043035 0.886547565460
1403715983.884058237076 1.470907807350 -0.929324746132 0.139547288418 0.089134603739 0.399189472198 0.147090613842 0.900592684746
1403715983.934058189392 1.448083877563 -0.959800302982 0.178555786610 0.089261628687 0.380099564791 0.142328038812 0.909560024738
1403715983.984058141708 1.429239630699 -0.942862331867 0.189469754696 0.096549481153 0.354308992624 0.135818153620 0.920161247253
1403715984.034058094025 1.378908276558 -0.978251159191 0.274758577347 0.093010805547 0.346229135990 0.131767660379 0.924181640148
1403715984.084058284760 1.342776775360 -1.000365018845 0.323712319136 0.092121563852 0.331248521805 0.130915656686 0.929865181446
1403715984.134057998657 1.323367118835 -1.000933170319 0.304038524628 0.088305197656 0.303386390209 0.126312449574 0.940321266651
1403715984.184058189392 1.303428649902 -0.999228239059 0.289129972458 0.085639901459 0.277980774641 0.122222386301 0.948922634125
1403715984.234058141708 1.282621860504 -1.001850366592 0.259217441082 0.079299814999 0.250831246376 0.114725664258 0.957931756973
1403715984.284058094025 1.238510608673 -1.008200526237 0.295361548662 0.080836437643 0.236782625318 0.112887062132 0.961590409279
1403715984.334058046341 1.211941599846 -1.035644888878 0.284721940756 0.074049524963 0.216336637735 0.106883630157 0.967621326447
1403715984.384058237076 1.181585907936 -1.041288495064 0.261114239693 0.072476923466 0.193702951074 0.100957870483 0.973156630993
1403715984.434058189392 1.148406505585 -1.042430281639 0.254952251911 0.073780827224 0.175421819091 0.093022540212 0.977307736874
1403715984.484058141708 1.107946753502 -1.046168923378 0.260885387659 0.073887705803 0.160132184625 0.086561575532 0.980512857437
1403715984.534058094025 1.084601640701 -1.044605970383 0.262710839510 0.072672173381 0.140563920140 0.079954169691 0.984158456326
1403715984.584058284760 1.056057929993 -1.045977354050 0.248203217983 0.063690222800 0.120841272175 0.071431212127 0.988047838211
1403715984.634057998657 1.014782309532 -1.042320132256 0.248948395252 0.056451186538 0.104809366167 0.062174264342 0.990940272808
1403715984.684058189392 0.986539006233 -1.048874258995 0.221879377961 0.043372917920 0.082247845829 0.051949735731 0.994311511517
1403715984.734058141708 0.946949839592 -1.044105291367 0.217365950346 0.039619185030 0.062114678323 0.045613542199 0.996238708496
1403715984.784058094025 0.912948966026 -1.037277340889 0.195693448186 0.038202486932 0.037883169949 0.040727157146 0.997720777988
1403715984.834058046341 0.878276646137 -1.042855143547 0.166830465198 0.034266840667 0.012528107502 0.040066227317 0.998530685902
1403715984.884058237076 0.843747735023 -1.036195874214 0.164934471250 0.039025563747 -0.010442106053 0.035754866898 0.998543739319
1403715984.934058189392 0.850154697895 -1.022094130516 0.157111257315 0.046379651874 -0.043864369392 0.030435547233 0.997496128082
1403715984.984058141708 0.847510337830 -1.012934088707 0.149143889546 0.051004413515 -0.072383254766 0.020487701520 0.995861232281
1403715985.034058094025 0.771676182747 -0.975375652313 0.125389114022 0.062178608030 -0.078281864524 0.012253711931 0.994914889336
1403715985.084058284760 0.699904799461 -0.973894178867 0.103094376624 0.063308261335 -0.081105209887 0.004906893242 0.994680821896
1403715985.134057998657 0.660575091839 -0.983217179775 0.075633347034 0.058400355279 -0.088418111205 -0.000761158473 0.994369685650
1403715985.184058189392 0.630643546581 -0.972633719444 0.054011825472 0.060567189008 -0.095917843282 -0.007696232293 0.993515074253
1403715985.234058141708 0.597830176353 -0.986606121063 0.023107327521 0.056659474969 -0.099657379091 -0.015834055841 0.993281185627
1403715985.284058094025 0.591759741306 -0.977542042732 -0.003564740065 0.058369435370 -0.104971058667 -0.026868855581 0.992397189140
1403715985.334058046341 0.571722865105 -0.970552206039 -0.023688010871 0.059159841388 -0.106005661190 -0.038253374398 0.991866707802
1403715985.384058237076 0.549573838711 -0.955912292004 -0.056296247989 0.061550535262 -0.103525988758 -0.043085444719 0.991785049438
1403715985.434058189392 0.519800066948 -0.946778237820 -0.085858345032 0.061385039240 -0.100467734039 -0.040591008961 0.992214977741
1403715985.484058141708 0.492386132479 -0.944855630398 -0.117021232843 0.055311035365 -0.096136301756 -0.034850791097 0.993219017982
1403715985.534058094025 0.472118288279 -0.935115039349 -0.149585336447 0.048036690801 -0.091915443540 -0.028628574684 0.994195401669
1403715985.584058284760 0.455119341612 -0.929557979107 -0.180063664913 0.036526679993 -0.086832068861 -0.022362899035 0.995301961899
1403715985.634057998657 0.429194629192 -0.909981608391 -0.212784975767 0.023666393012 -0.078739166260 -0.015503968112 0.996493697166
1403715985.684058189392 0.408431202173 -0.889314532280 -0.243523880839 0.011122830212 -0.072226382792 -0.009580327198 0.997280240059
1403715985.734058141708 0.375975728035 -0.883441865444 -0.270732432604 -0.006431861781 -0.064400017262 -0.003459246829 0.997897446156
1403715985.784058094025 0.361404001713 -0.854580104351 -0.300844907761 -0.016474284232 -0.062473427504 0.007646250073 0.997881412506
1403715985.834058046341 0.323001533747 -0.843052148819 -0.328585892916 -0.025879571214 -0.055626016110 0.017543759197 0.997962057590
1403715985.884058237076 0.311640620232 -0.823076188564 -0.353976964951 -0.028861306608 -0.054265636951 0.026193385944 0.997765600681
1403715985.934058189392 0.279771238565 -0.804484665394 -0.375399261713 -0.027334490791 -0.048697642982 0.032481398433 0.997910976410
1403715985.984058141708 0.265559464693 -0.797958195210 -0.390755802393 -0.025747228414 -0.047156307846 0.038284149021 0.997821450233
1403715986.034058094025 0.234901726246 -0.778341770172 -0.407284766436 -0.021152755246 -0.042121056467 0.043512433767 0.997940421104
1403715986.084058284760 0.216461300850 -0.760028719902 -0.419728159904 -0.015147142112 -0.040006540716 0.046818528324 0.997987031937
1403715986.134057998657 0.193644300103 -0.739211618900 -0.435077399015 -0.010307431221 -0.037821765989 0.051295705140 0.997913837433
1403715986.184058189392 0.168493613601 -0.712533175945 -0.445609241724 -0.004733863752 -0.035439144820 0.054495621473 0.997873723507
1403715986.234058141708 0.155200764537 -0.699430048466 -0.454533249140 -0.002962445375 -0.035238750279 0.055407039821 0.997837483883
1403715986.284058094025 0.139483928680 -0.664708673954 -0.462216109037 0.002617408289 -0.033718138933 0.053243096918 0.998008728027
1403715986.334058046341 0.126216977835 -0.634378314018 -0.470646649599 0.010878439061 -0.030756495893 0.046284422278 0.998395442963
1403715986.384058237076 0.114404678345 -0.632733821869 -0.480659723282 0.015851385891 -0.027648953721 0.039019502699 0.998730063438
1403715986.434058189392 0.095800831914 -0.609775900841 -0.484356999397 0.023043777794 -0.024010920897 0.033047229052 0.998899579048
1403715986.484058141708 0.079644158483 -0.588774204254 -0.491463929415 0.023644141853 -0.022225830704 0.028223356232 0.999074816704
1403715986.534058094025 0.079405933619 -0.569675862789 -0.492701888084 0.016231834888 -0.024049744010 0.024913024157 0.999268472195
1403715986.584058284760 0.061670880765 -0.551416695118 -0.500661194324 0.004527375568 -0.022616548464 0.021054146811 0.999512255192
1403715986.634057998657 0.046205908060 -0.528937160969 -0.502366602421 -0.009750416502 -0.022258508950 0.017414856702 0.999553024769
1403715986.684058189392 0.042345322669 -0.516815066338 -0.507447481155 -0.024948814884 -0.024693762884 0.015966307372 0.999256193638
1403715986.734058141708 0.032377555966 -0.501018166542 -0.505479753017 -0.035418540239 -0.025863919407 0.014454796910 0.998933255672
1403715986.784058094025 0.020464144647 -0.487008452415 -0.506494641304 -0.040713049471 -0.026181809604 0.012533674948 0.998749136925
1403715986.834058046341 0.014544030651 -0.469868510962 -0.504974842072 -0.039843138307 -0.027254631743 0.012586669996 0.998754918575
1403715986.884058237076 0.002331990981 -0.449331104755 -0.502670049667 -0.034322287887 -0.027197359130 0.011422333308 0.998975396156
1403715986.934058189392 -0.005770194810 -0.434730857611 -0.498459100723 -0.027162874117 -0.027055490762 0.013406636193 0.999174892902
1403715986.984058141708 -0.020385526121 -0.424771457911 -0.488449245691 -0.017194407061 -0.023891847581 0.015215003863 0.999450862408
1403715987.034058094025 -0.031395118684 -0.410351574421 -0.480291813612 -0.003325967584 -0.021482938901 0.022642297670 0.999507248402
1403715987.084058284760 -0.038487657905 -0.399293571711 -0.471096307039 0.009003427811 -0.017831636593 0.028984753415 0.999380230904
1403715987.134057998657 -0.042668357491 -0.388550996780 -0.460991084576 0.018249807879 -0.015509525314 0.041409198195 0.998855173588
1403715987.184058189392 -0.052339270711 -0.376868009567 -0.452631443739 0.027437310666 -0.010508252308 0.051708411425 0.998229920864
1403715987.234058141708 -0.051611043513 -0.371106684208 -0.445682734251 0.033340919763 -0.006383735687 0.061348143965 0.997538983822
1403715987.284058094025 -0.057125169784 -0.359544187784 -0.436855971813 0.039781257510 0.000330064970 0.069382436574 0.996796607971
1403715987.334058046341 -0.063691839576 -0.348620057106 -0.431268423796 0.041652340442 0.007303935010 0.071629419923 0.996534526348
1403715987.384058237076 -0.062712147832 -0.331793159246 -0.424137532711 0.042683538049 0.014128443785 0.068813264370 0.996615886688
1403715987.434058189392 -0.065925695002 -0.325950145721 -0.422037124634 0.039801258594 0.021346926689 0.064042791724 0.996924638748
1403715987.484058141708 -0.065100595355 -0.309407651424 -0.416041046381 0.037478733808 0.027463778853 0.056843955070 0.997301340103
1403715987.534058094025 -0.060885980725 -0.296646922827 -0.415244758129 0.032547932118 0.030526125804 0.052026253194 0.997648239136
1403715987.584058284760 -0.062793038785 -0.276429057121 -0.413918495178 0.029604382813 0.033837381750 0.047536913306 0.997857153416
1403715987.634057998657 -0.059228990227 -0.268041163683 -0.410878002644 0.024602809921 0.035106468946 0.045005988330 0.998066484928
1403715987.684058189392 -0.059085451066 -0.250764071941 -0.412477910519 0.024301428348 0.036262061447 0.041666865349 0.998177528381
1403715987.734058141708 -0.059695441276 -0.238367527723 -0.410386800766 0.021941019222 0.036884699017 0.038592547178 0.998332977295
1403715987.784058094025 -0.060700692236 -0.229210510850 -0.410195201635 0.016903420910 0.037850130349 0.036066487432 0.998489320278
1403715987.834058046341 -0.055825449526 -0.213721871376 -0.412590473890 0.009447451681 0.036019347608 0.034167829901 0.998722136021
1403715987.884058237076 -0.053458224982 -0.203165188432 -0.413481295109 0.000599927967 0.035054039210 0.032317113131 0.998862564564
1403715987.934058189392 -0.059445239604 -0.191492155194 -0.409966170788 -0.006727121305 0.035041246563 0.031197495759 0.998876154423
1403715987.984058141708 -0.053103148937 -0.180279359221 -0.411496758461 -0.012742199004 0.032675381750 0.030124325305 0.998930692673
1403715988.034058094025 -0.052594527602 -0.169738829136 -0.408941566944 -0.014202637598 0.031314373016 0.029100481421 0.998984932899
1403715988.084058284760 -0.047140631825 -0.166138738394 -0.407393425703 -0.012410573661 0.028784224764 0.028689080849 0.999096810818
1403715988.134057998657 -0.051277156919 -0.152829200029 -0.401716172695 -0.004664130043 0.028792200610 0.028249768540 0.999175310135
1403715988.184058189392 -0.053501818329 -0.145055264235 -0.398993730545 0.002754999558 0.028764620423 0.027043310925 0.999216556549
1403715988.234058141708 -0.052305743098 -0.140784487128 -0.393845617771 0.008939591236 0.027722455561 0.025290109217 0.999255716801
1403715988.284058094025 -0.047225493938 -0.139234930277 -0.388322919607 0.015275204554 0.026457799599 0.023802630603 0.999249815941
1403715988.334058046341 -0.047836098820 -0.136374056339 -0.384743124247 0.020473565906 0.026581155136 0.021698586643 0.999201416969
1403715988.384058237076 -0.049647312611 -0.129315137863 -0.381679564714 0.026901802048 0.025666048750 0.023026570678 0.999043226242
1403715988.434058189392 -0.051410108805 -0.126488924026 -0.378045737743 0.029640749097 0.024565171450 0.025351271033 0.998937070370
1403715988.484058141708 -0.049636606127 -0.123060062528 -0.374939560890 0.032307632267 0.022268395871 0.029313452542 0.998799800873
1403715988.534058094025 -0.051622927189 -0.115065306425 -0.373180389404 0.034227710217 0.020145103335 0.035744674504 0.998571455479
1403715988.584058284760 -0.054051753134 -0.110943593085 -0.370969861746 0.034456308931 0.018929965794 0.040852140635 0.998391509056
1403715988.634057998657 -0.051284477115 -0.109284855425 -0.370502740145 0.032903291285 0.015960048884 0.047263752669 0.998212814331
1403715988.684058189392 -0.054440926760 -0.103917054832 -0.369523078203 0.031197613105 0.014275969006 0.054199002683 0.997940599918
1403715988.734058141708 -0.050699394196 -0.101445451379 -0.369795858860 0.027650134638 0.012650604360 0.058119684458 0.997846484184
1403715988.784058094025 -0.052769824862 -0.096900671721 -0.370811998844 0.022814966738 0.013184152544 0.059800386429 0.997862517834
1403715988.834058046341 -0.046706344932 -0.096563883126 -0.373903691769 0.016581995413 0.013558786362 0.057454466820 0.998118340969
1403715988.884058237076 -0.047904085368 -0.085187047720 -0.371923834085 0.013658130541 0.016550591215 0.054139003158 0.998302817345
1403715988.934058189392 -0.044519055635 -0.080325603485 -0.373662948608 0.010728151537 0.018843781203 0.050281941891 0.998499691486
1403715988.984058141708 -0.043830204755 -0.081809543073 -0.375464320183 0.008245801553 0.021741550416 0.046285908669 0.998657584190
1403715989.034058094025 -0.026165161282 -0.081156022847 -0.378769487143 0.007028665859 0.021244762465 0.043315190822 0.998810827732
1403715989.084058284760 -0.018821824342 -0.082641303539 -0.380663007498 0.004817463458 0.022454906255 0.041178461164 0.998887836933
1403715989.134057998657 -0.016020229086 -0.078491188586 -0.381017059088 0.006143909413 0.024885835126 0.039369281381 0.998895943165
1403715989.184058189392 -0.006006673910 -0.076724357903 -0.380424529314 0.005671173800 0.024930050597 0.039369579405 0.998897612095
1403715989.234058141708 -0.002144091530 -0.075523026288 -0.380874991417 0.005211387761 0.026326945052 0.038226500154 0.998908638954
1403715989.284058094025 0.004555237945 -0.075795769691 -0.378949463367 0.005500537343 0.026827314869 0.038480237126 0.998884022236
1403715989.334058046341 0.009405792691 -0.075485318899 -0.380271464586 0.006115832366 0.028160788119 0.038194514811 0.998854756355
1403715989.384058237076 0.014268425293 -0.074860945344 -0.378884315491 0.007484374568 0.029106540605 0.037906493992 0.998829305172
1403715989.434058189392 0.022251814604 -0.074582487345 -0.376876831055 0.006535293534 0.029553133994 0.037767063826 0.998828113079
1403715989.484058141708 0.025712201372 -0.073531806469 -0.375504463911 0.006775396876 0.030314967036 0.037889156491 0.998799085617
1403715989.534058094025 0.034594677389 -0.075585111976 -0.373562276363 0.005514002405 0.030240437016 0.038262497634 0.998794853687
1403715989.584058284760 0.042584359646 -0.077389858663 -0.371821254492 0.007138476241 0.030486337841 0.037386924028 0.998810231686
1403715989.634057998657 0.047942582518 -0.078039869666 -0.368863731623 0.011589639820 0.031922757626 0.036351744086 0.998761832714
1403715989.684058189392 0.054985377938 -0.077243074775 -0.366700023413 0.017310796306 0.032285977155 0.034406103194 0.998736321926
1403715989.734058141708 0.062834613025 -0.077314168215 -0.363296926022 0.021811155602 0.032419934869 0.033895377070 0.998661279678
1403715989.784058094025 0.069110609591 -0.076473481953 -0.357914507389 0.025424104184 0.033076688647 0.032221637666 0.998609721661
1403715989.834058046341 0.077908903360 -0.074258983135 -0.357130676508 0.027704028413 0.032749358565 0.030726684257 0.998606920242
1403715989.884058237076 0.085489206016 -0.073053427041 -0.352416783571 0.029199782759 0.032642502338 0.029048385099 0.998618066311
1403715989.934058189392 0.089003808796 -0.070464797318 -0.349320203066 0.030249951407 0.034260645509 0.025368999690 0.998632848263
1403715989.984058141708 0.095743887126 -0.067784972489 -0.347454726696 0.029895730317 0.033422142267 0.023963183165 0.998706638813
1403715990.034058094025 0.100046075881 -0.065593756735 -0.345708608627 0.029178813100 0.033371251076 0.022760560736 0.998757719994
1403715990.084058284760 0.105174042284 -0.062307745218 -0.342842459679 0.028730271384 0.032757032663 0.022375520319 0.998799741268
1403715990.134057998657 0.106817275286 -0.059008006006 -0.341437369585 0.027372151613 0.032906506211 0.020978674293 0.998863279819
1403715990.184058189392 0.111455559731 -0.055234972388 -0.338807940483 0.026324892417 0.031615342945 0.021166654304 0.998929202557
1403715990.234058141708 0.114300452173 -0.050248406827 -0.335484445095 0.024729594588 0.031530790031 0.019713303074 0.999002337456
1403715990.284058094025 0.114955410361 -0.045237243176 -0.337646365166 0.024295562878 0.031270157546 0.019301796332 0.999029219151
1403715990.334058046341 0.117483749986 -0.039481289685 -0.333962231874 0.023911815137 0.030963765457 0.017558552325 0.999080181122
1403715990.384058237076 0.119136117399 -0.033450949937 -0.329166024923 0.022964563221 0.030747998506 0.016637053341 0.999124825001
1403715990.434058189392 0.120941333473 -0.027040945366 -0.328847676516 0.021301239729 0.030430652201 0.016217803583 0.999178290367
1403715990.484058141708 0.119817726314 -0.018657583743 -0.327428579330 0.019677199423 0.030654050410 0.014441074803 0.999231994152
1403715990.534058094025 0.118375718594 -0.009295101278 -0.324413508177 0.019533105195 0.030543208122 0.015293717384 0.999225556850
1403715990.584058284760 0.115129709244 0.001052803593 -0.324812918901 0.016963154078 0.029806237668 0.014329830185 0.999309003353
1403715990.634057998657 0.112315930426 0.011449179612 -0.322383254766 0.013754351065 0.030032705516 0.012940103188 0.999370515347
1403715990.684058189392 0.110121317208 0.019703233615 -0.314626008272 0.009886486456 0.030137589201 0.013225729577 0.999409377575
1403715990.734058141708 0.107725277543 0.031257048249 -0.311253547668 0.006267723627 0.028827190399 0.013167723082 0.999478042126
1403715990.784058094025 0.102794535458 0.041316919029 -0.305078148842 0.004703755490 0.029025321826 0.012033562176 0.999495208263
1403715990.834058046341 0.097353868186 0.053290054202 -0.300464332104 0.002839543158 0.027732156217 0.013481731527 0.999520421028
1403715990.884058237076 0.088695339859 0.064188905060 -0.293392926455 -0.000004833330 0.029900381342 0.009604846127 0.999506771564
1403715990.934058189392 0.081609003246 0.073952637613 -0.287543356419 -0.001231856178 0.030007243156 0.009260564111 0.999506056309
1403715990.984058141708 0.073340974748 0.081273108721 -0.281748712063 -0.000860107422 0.030155032873 0.007996371016 0.999512910843
1403715991.034058094025 0.066369734704 0.084780946374 -0.272076100111 0.001358790323 0.027816407382 0.011176722124 0.999549686909
1403715991.084058284760 0.056368373334 0.088216044009 -0.270151883364 0.004156379029 0.028277719393 0.008677352220 0.999553799629
1403715991.134057998657 0.048578642309 0.087746173143 -0.267304182053 0.012920069508 0.026480711997 0.015516673215 0.999445378780
1403715991.184058189392 0.041280824691 0.088691160083 -0.259072333574 0.014717371203 0.028206011280 0.010972336866 0.999433577061
1403715991.234058141708 0.043164115399 0.085908412933 -0.268202424049 0.011595635675 0.029332630336 0.004199515097 0.999493658543
1403715991.284058094025 0.040068659931 0.088083714247 -0.272030144930 0.014090061188 0.031352311373 0.000732302608 0.999408841133
1403715991.334058046341 0.039535965770 0.088173069060 -0.261337161064 0.017630331218 0.029763774946 0.007206627168 0.999375462532
1403715991.384058237076 0.041846036911 0.089489966631 -0.261884182692 0.016285534948 0.025459954515 0.018499299884 0.999372005463
1403715991.434058189392 0.041636578739 0.089653886855 -0.261747956276 0.016602953896 0.026513237506 0.016268054023 0.999378204346
1403715991.484058141708 0.038423623890 0.090889506042 -0.257948458195 0.017637787387 0.026778571308 0.016733296216 0.999345719814
1403715991.534058094025 0.039686895907 0.091022588313 -0.260948956013 0.016682755202 0.026658352464 0.016177766025 0.999374449253
1403715991.584058284760 0.039218515158 0.090741947293 -0.260457426310 0.017883569002 0.026871578768 0.016990648583 0.999334514141
1403715991.634057998657 0.040023710579 0.090579614043 -0.261584103107 0.017040783539 0.025984037668 0.016065368429 0.999388039112
1403715991.684058189392 0.040212977678 0.091913014650 -0.261160880327 0.017473978922 0.025764504448 0.016546405852 0.999378383160
1403715991.734058141708 0.040459755808 0.091083072126 -0.263509064913 0.017943948507 0.025937553495 0.017532035708 0.999348759651
1403715991.784058094025 0.038893066347 0.091804049909 -0.260434627533 0.017484024167 0.026407036930 0.016968276352 0.999354362488
1403715991.834058046341 0.038928121328 0.092132180929 -0.260338932276 0.018445849419 0.025776600465 0.017981344834 0.999335825443
1403715991.884058237076 0.038938108832 0.091843791306 -0.259921342134 0.017967250198 0.026486044750 0.016929043457 0.999344348907
1403715991.934058189392 0.039002235979 0.092180378735 -0.260328203440 0.018129827455 0.026294782758 0.016497869045 0.999353647232
1403715991.984058141708 0.038996160030 0.092047594488 -0.259222477674 0.018390124664 0.026440111920 0.017160972580 0.999333918095
1403715992.034058094025 0.039061836898 0.091842666268 -0.259480088949 0.017400553450 0.025862278417 0.017537144944 0.999360203743
1403715992.084058284760 0.039283882827 0.091470263898 -0.261873722076 0.016981927678 0.026264920831 0.016787901521 0.999369740486
1403715992.134057998657 0.039078366011 0.091549158096 -0.260184407234 0.017516866326 0.026266317815 0.016593353823 0.999363780022
1403715992.184058189392 0.039014149457 0.091645292938 -0.260385930538 0.017576059327 0.026298632845 0.017441807315 0.999347448349
1403715992.234058141708 0.039059732109 0.092125259340 -0.259392350912 0.018201526254 0.026141064242 0.016564752907 0.999355256557
1403715992.284058094025 0.038173392415 0.091624572873 -0.255490452051 0.018414871767 0.027118120342 0.016421550885 0.999327719212
1403715992.334058046341 0.038931846619 0.092005580664 -0.259431958199 0.018267251551 0.026728400961 0.017589136958 0.999321043491
1403715992.384058237076 0.039412107319 0.091695792973 -0.261584132910 0.017605461180 0.026089647785 0.017540780827 0.999350667000
1403715992.434058189392 0.038744203746 0.091893218458 -0.259620517492 0.018320938572 0.026534346864 0.017494667321 0.999326884747
1403715992.484058141708 0.038866501302 0.092017911375 -0.259593486786 0.018008384854 0.026577193290 0.017366848886 0.999333679676
1403715992.534058094025 0.038263212889 0.090920343995 -0.260722637177 0.017013061792 0.027084587142 0.015305769630 0.999371170998
1403715992.584058284760 0.037815760821 0.091643989086 -0.258313119411 0.018056305125 0.026792354882 0.017202781513 0.999329864979
1403715992.634057998657 0.037909392267 0.091465055943 -0.258673310280 0.017837233841 0.026798311621 0.016751898453 0.999341309071
1403715992.684058189392 0.037803545594 0.091513261199 -0.258061736822 0.017948044464 0.026774896309 0.016989966854 0.999335944653
1403715992.734058141708 0.038101505488 0.091382093728 -0.259413450956 0.017588255927 0.026872498915 0.016473511234 0.999348402023
1403715992.784058094025 0.037738222629 0.091608889401 -0.257963061333 0.018710410222 0.026789549738 0.017126182094 0.999319255352
1403715992.834058046341 0.038145449013 0.091494716704 -0.259268909693 0.017789097503 0.026575921103 0.017175436020 0.999340951443
1403715992.884058237076 0.037957269698 0.091724932194 -0.258098572493 0.018502317369 0.026706915349 0.017768068239 0.999314129353
1403715992.934058189392 0.038108572364 0.091564908624 -0.258594632149 0.018118290231 0.026024878025 0.017445562407 0.999344825745
1403715992.984058141708 0.037645936012 0.091684684157 -0.258347779512 0.017902828753 0.027264369652 0.016750518233 0.999327540398
1403715993.034058094025 0.037764042616 0.091644361615 -0.258397579193 0.017802191898 0.026803551242 0.017057290301 0.999336659908
1403715993.084058284760 0.037818785757 0.091729961336 -0.258188217878 0.018181407824 0.026834128425 0.017021004111 0.999329626560
1403715993.134057998657 0.037910185754 0.091788120568 -0.258170902729 0.018263014033 0.026395482942 0.017844270915 0.999325454235
1403715993.184058189392 0.037683837116 0.091727338731 -0.258143782616 0.018121179193 0.026779206470 0.017547000200 0.999323070049
1403715993.234058141708 0.036881856620 0.094717703760 -0.257245093584 0.019866101444 0.026470934972 0.017933608964 0.999291300774
1403715993.284058094025 0.036817837507 0.094596371055 -0.257472544909 0.019455445930 0.026891648769 0.016500808299 0.999312818050
1403715993.334058046341 0.036963816732 0.094577021897 -0.257752001286 0.019713910297 0.026586055756 0.017507035285 0.999298810959
1403715993.384058237076 0.037304922938 0.093623138964 -0.258042156696 0.019174458459 0.026504149660 0.017195641994 0.999316871166
1403715993.434058189392 0.037391763180 0.093700081110 -0.257768183947 0.019015302882 0.026369247586 0.018001167104 0.999309301376
1403715993.484058141708 0.037355653942 0.093783244491 -0.257590293884 0.019269447774 0.026462305337 0.017467474565 0.999311447144
1403715993.534058094025 0.037609543651 0.093338027596 -0.258962541819 0.018706770614 0.026253482327 0.017490036786 0.999327242374
1403715993.584058284760 0.037326753139 0.093803465366 -0.257762402296 0.019203010947 0.026717312634 0.017610123381 0.999303400517
1403715993.634057998657 0.037327572703 0.093777813017 -0.257985353470 0.019427359104 0.026645330712 0.017726935446 0.999298989773
1403715993.684058189392 0.037465684116 0.093508638442 -0.258265852928 0.018640084192 0.026534764096 0.017168115824 0.999326646328
1403715993.734058141708 0.037631087005 0.093560539186 -0.258693218231 0.019369788468 0.026370655745 0.017733011395 0.999307274818
1403715993.784058094025 0.037477113307 0.093499854207 -0.258740812540 0.018646534532 0.026193212718 0.017229940742 0.999334454536
1403715993.834058046341 0.038170628250 0.093981266022 -0.258318275213 0.019779393449 0.026628460735 0.017236789688 0.999301075935
1403715993.884058237076 0.038007784635 0.093903779984 -0.258487910032 0.019596209750 0.026655718684 0.017401913181 0.999301075935
1403715993.934058189392 0.038126990199 0.093640044332 -0.259103894234 0.018186612055 0.026619393378 0.017664568499 0.999324083328
1403715993.984058141708 0.038119230419 0.093933261931 -0.258494436741 0.020070713013 0.026519769803 0.017178408802 0.999299168587
